:020000040802F0
:100000000000032015140208795602087D560208E4
:10001000995602089D560208A156020800000000E9
:10002000000000000000000000000000A5560208CB
:10003000A956020800000000AD5602085914020833
:1000400059140208591402085914020859140208D4
:1000500059140208591402085914020859140208C4
:100060005546020859140208591402085914020886
:1000700059140208591402089D5B02085914020819
:10008000595D02085914020859140208591402084B
:100090005914020859140208591402085914020884
:1000A0005914020859140208591402085914020874
:1000B0001947020859140208591402085914020871
:1000C0005914020859140208591402085914020854
:1000D0005914020859140208591402085914020844
:1000E0005914020859140208591402085914020834
:1000F0005914020859140208591402085914020824
:10010000591402089D57030859140208591402088B
:100110005914020859140208591402085914020803
:10012000E5630208591402085914020851580308DB
:1001300059140208591402085914020859140208E3
:1001400059140208591402085914020859140208D3
:1001500059140208591402085914020859140208C3
:1001600059140208591402085914020859140208B3
:1001700059140208591402085914020859140208A3
:100180005914020859140208591402085914020893
:100190005914020859140208591402085914020883
:1001A00059140208591402085914020800000000EA
:1001B000000000000000000000000000000000003F
:1001C0005072040800000020F00F0020F00F002003
:1001D000C84302204FEA4102B2F1E04324BFB3F525
:1001E000001CDCF1FE5C0DD901F0004C4FEAC002AE
:1001F0004CEA5070B2F1004F40EB830008BF20F092
:100200000100704711F0804F21D113F13872BCBF4B
:1002100001F00040704741F480114FEA5252C2F1A0
:100220001802C2F1200C10FA0CF320FA02F018BFE9
:1002300040F001004FEAC1234FEAD32303FA0CFC3C
:1002400040EA0C0023FA02F34FEA4303CCE77FEACB
:10025000625307D150EA01331EBF4FF0FE4040F415
:100260004000704701F0004040F0FE4040F40000C4
:10027000704700BF844641EA000313F003036DD1C9
:10028000403A41D351F8043B40F8043B51F8043B59
:1002900040F8043B51F8043B40F8043B51F8043B60
:1002A00040F8043B51F8043B40F8043B51F8043B50
:1002B00040F8043B51F8043B40F8043B51F8043B40
:1002C00040F8043B51F8043B40F8043B51F8043B30
:1002D00040F8043B51F8043B40F8043B51F8043B20
:1002E00040F8043B51F8043B40F8043B51F8043B10
:1002F00040F8043B51F8043B40F8043B51F8043B00
:1003000040F8043B403ABDD2303211D351F8043B9F
:1003100040F8043B51F8043B40F8043B51F8043BDF
:1003200040F8043B51F8043B40F8043B103AEDD24E
:100330000C3205D351F8043B40F8043B043AF9D29F
:10034000043208D0D2071CBF11F8013B00F8013B72
:1003500001D30B8803806046704700BF082A13D37F
:100360008B078DD010F003038AD0C3F10403D21A97
:10037000DB071CBF11F8013B00F8013B80D331F8CB
:10038000023B20F8023B7BE7043AD9D3013A11F84B
:10039000013B00F8013BF9D20B7803704B784370B6
:1003A0008B788370604670470000000000000000FA
:1003B00001F0FF01102A2BDB10F0070F08D010F816
:1003C000013B013A8B422DD010F0070F42B3F6D11A
:1003D000F0B441EA012141EA014122F007047FF033
:1003E00000070023F0E80256083C85EA010586EA8A
:1003F000010685FA47F5A3FA87F586FA47F6A5FAC6
:1004000087F68EB9EED1F0BC01F0FF0102F00702D1
:1004100032B110F8013B013A83EA010313B1F8D17C
:100420000020704701387047002D06BF354603385D
:10043000073815F0010F07D1013015F4807F02BF96
:10044000013015F4C03F0130F0BC0138704700BFE7
:10045000000000000000000000000000000000009C
:10046000A2EB0300704700BF02780B78012A28BF77
:100470009A42F5D16DE9044540EA0104CDE90267ED
:100480006FF0000C4FEA447212B380EA010414F0DA
:10049000070F6AD100F0070420F0070004F00305FD
:1004A00021F007014FEAC505F0E8042314F0040F1A
:1004B000F1E804670CFA05F462EA040266EA04064D
:1004C0000AD063EA0403624667EA0407664603E06B
:1004D000F0E80423F1E8046782FA4CF582EA0604A6
:1004E000A4FA8CF46CBB83FA4CF583EA0705A5FAF1
:1004F0008CF595B950E9022351E9026782FA4CF56F
:1005000082EA0604A4FA8CF483FA4CF583EA070520
:10051000A5FA8CF52543DBD09CB92DBAB5FA85F444
:1005200024F0070427FA04F1DDE9026723FA04F353
:1005300003F0FF0001F0FF01FDE80445A0EB01001E
:10054000704724BAB4FA84F424F0070426FA04F1BC
:10055000DDE9026722FA04F202F0FF0001F0FF0178
:10056000FDE80445A0EB0100704714F0030F3CD1F7
:1005700010F0030428D150F8082B51F8083B82FAF8
:100580004CF582EA0305A5FA8CF55DB950F8042C08
:1005900051F8043C82FA4CF582EA0305A5FA8CF581
:1005A000002DE8D02DBAB5FA85F424F0070423FA1B
:1005B00004F122FA04F202F0FF0001F0FF01FDE86D
:1005C0000445A0EB010070474FEAC40420F003008B
:1005D00050F8082B21F0030151F8083B0CFA04F401
:1005E00062EA040263EA0403C9E710F003041AD0C4
:1005F000A1EB040120F00300E40750F8042B06D01F
:100600000FD28B785FFAA2F4E41A06D12BB1CB7823
:100610005FFAB2F4E41A00D11BB920465DF8104B22
:10062000704701F1040150F8042BCC0721F00301BD
:1006300051F8043B48D824D222F07F4482FA4CF58A
:1006400094EA1325A5FA8CF50AD165B951F8043B53
:1006500084EA0204B4EB036F0ED150F8042BEBE7ED
:100660004FEA132355E035F07F454DD10878FDE87A
:100670000445C0F1000070474FEA126203F0FF0327
:1006800047E002EA1C4482FA4CF594EA1345A5FAC5
:100690008CF50AD165B951F8043B84EA0204B4EB45
:1006A000034F0CD150F8042BEBE74FEA134330E033
:1006B00015EA1C4528D10B884FEA124229E04FEA7F
:1006C000124203EA1C4324E002F0FF0482FA4CF5D4
:1006D00094EA1365A5FA8CF50AD165B951F8043B83
:1006E00084EA0204B4EB032F09D150F8042BEBE7A2
:1006F0004FEA13630DE015F0FF0F05D10B684FEAC9
:10070000122223F07F4304E04FF00000FDE804458F
:10071000704712BA1BBA82FA4CF482EA0304A4FAB4
:100720008CF5B5FA85F402FA04F203FA04F34FEA01
:100730001260FDE80445A0EB1360704781F00041B2
:1007400002E000BF83F0004330B54FEA41044FEAB6
:10075000430594EA050F08BF90EA020F1FBF54EA51
:10076000000C55EA020C7FEA645C7FEA655C00F0ED
:10077000E2804FEA5454D4EB5555B8BF6D420CDDBE
:100780002C4480EA020281EA030382EA000083EA41
:10079000010180EA020281EA0303362D88BF30BDE1
:1007A00011F0004F4FEA01314FF4801C4CEA113137
:1007B00002D0404261EB410113F0004F4FEA033396
:1007C0004CEA133302D0524263EB430394EA050F21
:1007D00000F0A780A4F10104D5F1200E0DDB02FA90
:1007E0000EFC22FA05F2801841F1000103FA0EF224
:1007F000801843FA05F359410EE0A5F120050EF1EA
:10080000200E012A03FA0EFC28BF4CF0020C43FA1A
:1008100005F3C01851EBE37101F0004507D54FF027
:10082000000EDCF1000C7EEB00006EEB0101B1F577
:10083000801F1BD3B1F5001F0CD349085FEA3000BD
:100840004FEA3C0C04F101044FEA445212F5800FC8
:1008500080F09A80BCF1004F08BF5FEA500C50F165
:10086000000041EB045141EA050130BD5FEA4C0C48
:10087000404141EB010111F4801FA4F10104E9D1D1
:1008800091F0000F04BF01460020B1FA81F308BFC8
:100890002033A3F10B03B3F120020CDA0C3208DD94
:1008A00002F1140CC2F10C0201FA0CF021FA02F16F
:1008B0000CE002F11402D8BFC2F1200C01FA02F1DF
:1008C00020FA0CFCDCBF41EA0C019040E41AA2BF04
:1008D00001EB0451294330BD6FEA04041F3C1CDACC
:1008E0000C340EDC04F11404C4F1200220FA04F0EC
:1008F00001FA02F340EA030021FA04F345EA030196
:1009000030BDC4F10C04C4F1200220FA02F001FA57
:1009100004F340EA0300294630BD21FA04F02946D9
:1009200030BD94F0000F83F4801306BF81F4801172
:100930000134013D4EE77FEA645C18BF7FEA655CE5
:1009400029D094EA050F08BF90EA020F05D054EAB7
:10095000000C04BF1946104630BD91EA030F1EBFBC
:100960000021002030BD5FEA545C05D140004941C0
:1009700028BF41F0004130BD14F580043CBF01F5B3
:10098000801130BD01F0004545F0FE4141F4700199
:100990004FF0000030BD7FEA645C1ABF1946104674
:1009A0007FEA655C1CBF0B46024650EA013406BF75
:1009B00052EA033591EA030F41F4002130BD00BF34
:1009C00090F0000F04BF0021704730B54FF48064F1
:1009D00004F132044FF000054FF0000150E700BF72
:1009E00090F0000F04BF0021704730B54FF48064D1
:1009F00004F1320410F0004548BF40424FF00001BE
:100A00003EE700BF42004FEAE2014FEA31014FEA00
:100A100002701FBF12F07F4393F07F4F81F060514F
:100A2000704732F07F4208BF704793F07F4F04BF9A
:100A300041F40021704730B54FF4607401F0004577
:100A400021F000411CE700BF50EA010208BF7047D7
:100A500030B54FF000050AE050EA010208BF7047C8
:100A600030B511F0004502D5404261EB41014FF431
:100A7000806404F132045FEA915C3FF4D8AE4FF039
:100A800003025FEADC0C18BF03325FEADC0C18BF1C
:100A9000033202EBDC02C2F1200300FA03FC20FA6D
:100AA00002F001FA03FE40EA0E0021FA02F11444BA
:100AB000BDE600BF70B54FF0FF0C4CF4E06C1CEAD3
:100AC00011541DBF1CEA135594EA0C0F95EA0C0F44
:100AD00000F0DEF82C4481EA030621EA4C5123EAB7
:100AE0004C5350EA013518BF52EA033541F48011E6
:100AF00043F4801338D0A0FB02CE4FF00005E1FB99
:100B000002E506F00042E0FB03E54FF00006E1FBE2
:100B100003569CF0000F18BF4EF0010EA4F1FF0425
:100B2000B6F5007F64F5407404D25FEA4E0E6D4165
:100B300046EB060642EAC62141EA55514FEAC52076
:100B400040EA5E504FEACE2EB4F1FD0C88BFBCF5F2
:100B5000E06F1ED8BEF1004F08BF5FEA500E50F1A3
:100B6000000041EB045170BD06F0004646EA010169
:100B700040EA020081EA0301B4EB5C04C2BFD4EB9B
:100B80000C0541EA045170BD41F480114FF0000E94
:100B9000013C00F3AB8014F1360FDEBF002001F002
:100BA000004170BDC4F10004203C35DA0C341BDC7C
:100BB00004F11404C4F1200500FA05F320FA04F04E
:100BC00001FA05F240EA020001F0004221F0004182
:100BD00010EBD37021FA04F642EB06015EEA430EF5
:100BE00008BF20EAD37070BDC4F10C04C4F1200525
:100BF00000FA04F320FA05F001FA04F240EA0200D8
:100C000001F0004110EBD37041F100015EEA430EA8
:100C100008BF20EAD37070BDC4F1200500FA05F2C8
:100C20004EEA020E20FA04F301FA05F243EA020347
:100C300021FA04F001F0004121FA04F220EA020056
:100C400000EBD3705EEA430E08BF20EAD37070BD9C
:100C500094F0000F0FD101F00046400041EB01017C
:100C600011F4801F08BF013CF7D041EA060195F05E
:100C7000000F18BF704703F00046520043EB030318
:100C800013F4801F08BF013DF7D043EA0603704705
:100C900094EA0C0F0CEA135518BF95EA0C0F0CD010
:100CA00050EA410618BF52EA4306D1D181EA030156
:100CB00001F000414FF0000070BD50EA410606BF50
:100CC0001046194652EA430619D094EA0C0F02D195
:100CD00050EA013613D195EA0C0F05D152EA0336DA
:100CE0001CBF104619460AD181EA030101F00041F8
:100CF00041F0FE4141F470014FF0000070BD41F041
:100D0000FE4141F4780170BD70B54FF0FF0C4CF41A
:100D1000E06C1CEA11541DBF1CEA135594EA0C0F39
:100D200095EA0C0F00F0A7F8A4EB050481EA030E86
:100D300052EA03354FEA013100F088804FEA03336D
:100D40004FF0805545EA131343EA12634FEA02223B
:100D500045EA111545EA10654FEA00260EF00041FC
:100D60009D4208BF964244F1FD0404F5407402D24E
:100D70005B084FEA3202B61A65EB03055B084FEADF
:100D800032024FF480104FF4002CB6EB020E75EBDC
:100D9000030E22BFB61A754640EA0C005B084FEA04
:100DA0003202B6EB020E75EB030E22BFB61A754681
:100DB00040EA5C005B084FEA3202B6EB020E75EBCC
:100DC000030E22BFB61A754640EA9C005B084FEA44
:100DD0003202B6EB020E75EB030E22BFB61A754651
:100DE00040EADC0055EA060E18D04FEA051545EA40
:100DF00016754FEA06164FEAC30343EA52734FEAE9
:100E0000C2025FEA1C1CC0D111F4801F0BD141EA61
:100E100000014FF000004FF0004CB6E711F4801FC6
:100E200004BF01430020B4F1FD0C88BFBCF5E06FA6
:100E30003FF6AFAEB5EB030C04BFB6EB020C5FEAB6
:100E4000500C50F1000041EB045170BD0EF0004E0B
:100E50004EEA113114EB5C04C2BFD4EB0C0541EA3D
:100E6000045170BD41F480114FF0000E013C90E63A
:100E700045EA060E8DE60CEA135594EA0C0F08BFFE
:100E800095EA0C0F3FF43BAF94EA0C0F0AD150EAFD
:100E900001347FF434AF95EA0C0F7FF425AF104690
:100EA00019462CE795EA0C0F06D152EA03353FF4B8
:100EB000FDAE1046194622E750EA410618BF52EA35
:100EC00043067FF4C5AE50EA41047FF40DAF52EA09
:100ED00043057FF4EBAE12E74FF0FF3C06E000BFA6
:100EE0004FF0010C02E000BF4FF0010C4DF804CDB3
:100EF0004FEA410C7FEA6C5C4FEA430C18BF7FEA73
:100F00006C5C1BD001B050EA410C0CBF52EA430CA0
:100F100091EA030F02BF90EA020F0020704710F120
:100F2000000F91EA030F58BF994208BF90422CBFAF
:100F3000D8176FEAE37040F0010070474FEA410CA8
:100F40007FEA6C5C02D150EA013C07D14FEA430CC6
:100F50007FEA6C5CD6D152EA033CD3D05DF8040B37
:100F6000704700BF8446104662468C461946634669
:100F700000E000BF01B5FFF7B7FF002848BF10F140
:100F8000000F01BD4DF808EDFFF7F4FF0CBF012085
:100F900000205DF808FB00BF4DF808EDFFF7EAFF01
:100FA00034BF012000205DF808FB00BF4DF808EDBC
:100FB000FFF7E0FF94BF012000205DF808FB00BFB1
:100FC0004DF808EDFFF7CEFF94BF012000205DF83B
:100FD00008FB00BF4DF808EDFFF7C4FF34BF012048
:100FE00000205DF808FB00BF4FEA410C7FEA6C5C13
:100FF00002D150EA013C0AD14FEA430C7FEA6C5C13
:1010000002D152EA033C02D14FF0000070474FF08A
:10101000010070474FEA410212F5001215D211D5B6
:101020006FF47873B3EB625212D94FEAC12343F0E5
:10103000004343EA505311F0004F23FA02F018BF67
:10104000404270474FF00000704750EA013005D130
:1010500011F0004008BF6FF0004070474FF00000F3
:10106000704700BF4A0011D212F5001211D20DD5FF
:101070006FF47873B3EB62520ED44FEAC12343F09E
:10108000004343EA505323FA02F070474FF0000048
:10109000704750EA013002D14FF0FF3070474FF0F7
:1010A0000000704753B94AB9002908BF00281CBF87
:1010B0004FF0FF314FF0FF3000F0AAB9ADF1080C4E
:1010C0006DE904CE00F03CF8DDF804E0DDE9022330
:1010D00004B0704738B50022002304460D46FFF7E0
:1010E0005BFF28B920462946BDE8384000F00AB821
:1010F000204605F1004100F005F8404261EB410156
:1011000038BD00BFD0B500220B4B06460F46FFF797
:10111000D1FCFFF7A7FF0446FFF752FC0022074B64
:10112000FFF7C8FC02460B4630463946FFF70AFB7C
:10113000FFF798FF2146D0BD0000F03D0000F041D0
:101140002DE9F047089E04468846002B40F0858034
:101150008A42154648D9B2FA82F24AB1C2F1200752
:1011600001FA02F320FA07F7954047EA0308944092
:101170004FEA154E230CB8FBFEF71FFA85FC0EFB59
:10118000178843EA084307FB0CF1994209D9EB1889
:1011900007F1FF3080F0E380994240F2E080023FA7
:1011A0002B445B1AA4B2B3FBFEF00EFB103344EAEF
:1011B000034400FB0CFCA44509D92C1900F1FF33B2
:1011C00080F0CB80A44540F2C88002382C4440EA2D
:1011D0000740A4EB0C0400271EB1D4400023C6E94D
:1011E00000433946BDE8F087002A53D0B2FA82F2B4
:1011F000002A40F0B680491B4FEA154E1FFA85F8C9
:101200000127B1FBFEFC230C0EFB1C1143EA01433A
:1012100008FB0CF1994207D9EB180CF1FF3002D210
:10122000994200F2EC808446591AA3B2B1FBFEF059
:101230000EFB101443EA044408FB00F8A04507D94C
:101240002C1900F1FF3302D2A04500F2DC801846D1
:10125000A4EB080440EA0C40BEE78B4208D9002EFC
:1012600078D00027C6E9000138463946BDE8F08746
:10127000B3FA83F77FB98B4202D3824200F2BD807A
:10128000841A61EB030301209846002EA9D0C6E919
:101290000048A6E7FFDEC7F12005BB4022FA05FCA7
:1012A0004CEA030C01FA07F420FA05F821FA05F3D9
:1012B0004FEA1C4E48EA0404B3FBFEF9210C0EFB76
:1012C00019331FFA8CF841EA034309FB08FA9A45DF
:1012D00002FA07F200FA07F10BD91CEB030309F13C
:1012E000FF3080F088809A4540F28580A9F102099C
:1012F0006344A3EB0A03A4B2B3FBFEF00EFB10336E
:1013000044EA034400FB08F8A04508D91CEB040498
:1013100000F1FF336BD2A04569D90238644440EA3A
:101320000940A4EB0804A0FB02894C45C6464B4685
:1013300054D351D0002E69D0B1EB0E0264EB0304FC
:1013400004FA05F522FA07F3FC401D43C6E90054F0
:10135000002746E73746304643E7184637E7074653
:101360001FE7C2F1200320FA03F7954001FA02F0CB
:1013700021FA03F34FEA154E3843010CB3FBFEF795
:101380001FFA85F80EFB173341EA034107FB08F308
:101390008B4204FA02F407D9691807F1FF3C28D2FE
:1013A0008B4226D9023F2944CB1A81B2B3FBFEF00F
:1013B0000EFB103341EA034100FB08F38B4207D9CF
:1013C000691800F1FF3C10D28B420ED90238294433
:1013D000C91A40EA074714E74145ABD2B8EB020E01
:1013E00069EB0C0201381346A4E76046F0E71846A3
:1013F00095E76746D8E781467BE7384645E7ACF195
:10140000020C2B4410E702382C4421E73746E8E66B
:10141000704700BF002103E00A4B5B584350043182
:1014200009480A4B42189A42F6D3094A02E00023BF
:1014300042F8043B074B9A42F9D300F00FF801F051
:1014400093FB70475072040800000020F00F00204A
:10145000F00F0020C8430220FEE700003F49404B48
:10146000D1F888203F4842F47002C1F888201A68F9
:10147000002142F001021A6099601A6822F0847C0F
:101480002CF480321A605860186882B020F48022F0
:101490001A60D96000910191196841F48030186098
:1014A00003E00099B1F5A04F09D01A6802F40031A9
:1014B0000191009801300090019A002AF1D0284B48
:1014C000186810F4003218BF012201920199012915
:1014D00014D023482449836823F400028260C0F8B2
:1014E0008410016841F08063036002681201FCD53A
:1014F0001A484FF00061816002B07047184B1B49D9
:101500001A6C1B4842F080521A640A6842F4404246
:101510000A60996899609A6842F4004199609A68F3
:1015200042F4A05199605860186840F080721A60C7
:1015300019688901FCD50F4A094940F2056010601D
:101540009A6822F0030098609A6842F0020098605E
:101550008B6803F00C02082AFAD1BAE700ED00E02C
:1015600000380240103000248040003000700040FD
:10157000195A4008003C0240164A936803F00C00D8
:1015800004280DD008280DD0134B124913488A683F
:101590001349C2F3031C10F80C00C3400B607047E2
:1015A000104BF2E75368516852685B0201F03F004C
:1015B0004CBF0C4B084BB3FBF0F1C2F38810054A4B
:1015C000536801FB00F1C3F3014001304200B1FB5D
:1015D000F2F3DAE7003802400024F40000000020B3
:1015E0001000002040787D012DE9F04F99B0CDE941
:1015F00000120C229B4606A90DEB0203054610F0D3
:10160000FDFE064618B98F4B069A9A4203D0304623
:1016100019B0BDE8F08FA3F57000089CA0F2FB7133
:101620008C42F4D1DFF850A2B04637460C24B146C4
:101630002146284611F0D8FA002840F0A98003ABD3
:10164000082204A9284610F0D9FE002840F0A08006
:10165000049B53452AD07C4A934217D07B4883424F
:1016600067D0059908310C44E30700D50134EA68D6
:10167000A242CCD9B9F1000FDAD027B1B8F1000FEE
:10168000C5D1B946D4E74FF00109D1E7059F239AA8
:1016900024991760083704F10800259B08603C4432
:1016A000E2071C6043D501340127E0E721462846C4
:1016B00011F09AFA00286BD103AB16220CA9284628
:1016C00010F09CFE002863D1BDF9380000990F9BF3
:1016D000BDF93A200B601128CBF800205DD00BDC5F
:1016E000022861D0032866D001287AD04FF0FF3657
:1016F000304619B0BDE8F08FB0F5817F62D040F27E
:101700000313984265D040F201139842EED1019A3A
:101710004F4908201060229A11600D99EA6808313B
:101720000C449442A9D3304619B0BDE8F08F01278C
:101730009DE72146284611F057FA48BB03AB0C221F
:1017400009A9284610F05AFE10BB04F10C0818F045
:10175000010F18BF04F10D080B9C002C62DD002462
:101760000CE0284610F04AFE42F6E061139805F0BE
:1017700087FA01340B9B24B29C4253DA4146284637
:1017800011F032FA182203AB12A990440028E8D0D5
:101790000646304619B0BDE8F08F019B229A2D49CC
:1017A000042018601160B8E7019A22992A4B04209E
:1017B00010600B60B1E7019A2299284B202010603D
:1017C0000B60AAE7019B229A254908201860116046
:1017D000A3E7019A234904201060229A96461160DB
:1017E0009BE704F11601284611F0FEF90028CFD13D
:1017F00003AB02220DF10A01284610F0FFFD00287C
:10180000C6D1BDF90A00019B082818600ED0102827
:1018100010D0182812D020287FF47FAF229A1249C6
:1018200011607AE744464FF0010820E7229B0F48F9
:10183000186072E7229A0E4911606EE7229B0D48EC
:1018400018606AE7524946466461746163756520B1
:101850003830756D64616D696461736D32336C66C7
:1018600038306C6164616269323369733830737522
:101870003631697334326973666D74202DE9F04F27
:1018800005469BB00F46002111F0AEF905AB0C22C6
:10189000284608A910F0B2FDA04B089A9A420446C7
:1018A00006D1A3F570000A9EA0F2FB718E4203D010
:1018B00020461BB0BDE8F08FEE682846314611F097
:1018C00093F904460028F3D1A6F1080301462846FF
:1018D000099311F089F904460028E9D104AB0C22E0
:1018E00008A9284610F0D0FE04460028E0D107F0F1
:1018F0000104DFF83C92DFF83CB200948246804657
:101900000C263146284611F06FF904460028CFD145
:1019100006A905AB0822284610F070FD04460028F1
:10192000C6D1069A4A4511D05A4541D00798083089
:101930000644F30748BF0136B8F1000FE1D0BAF111
:10194000000F40F0E9804FF00108DAE7079974488A
:10195000744ACDF83890CDE90F104BF68031202431
:1019600011914FF0080831462846ADF80E4012920A
:10197000ADF84C8011F038F90446002898D104AB3A
:1019800016220EA9284610F07FFE044600288FD1AB
:1019900006F11601284611F027F904AB02220DF1D9
:1019A0000E01284610F070FE079B08331E44C6E760
:1019B00031462846079711F017F9044600287FF4AE
:1019C00077AF06A904AB0822284610F05DFE044656
:1019D00000287FF46DAF544B009A06F108013E4495
:1019E000196006F1080A42B95646B8F1000F36D11F
:1019F0004FF000084FF0010A83E7514628468DF862
:101A00000D4011F0F1F804AB01220DF10D01284653
:101A100010F03AFEEC6801942146284611F0E4F8F3
:101A200009360446B24600287FF442AF01982146A9
:101A3000A0F108032846099311F0D6F804460028BF
:101A40007FF436AF04AB0C2208A9284610F01CFE28
:101A5000044600287FF42CAFB8F1000FC8D0DFF89F
:101A6000D890D9F80060002E4ADD06EB4607FA0050
:101A700004322E4C0B94514628460D960C9211F0D0
:101A8000B3F8044600287FF413AF04AB0C220BA973
:101A9000284610F0F9FD044600287FF409AF049EA3
:101AA000D9F8000056440028B24629DDDFF88C80C2
:101AB000DFF880B0274615E058F804CF1497CDE939
:101AC00016B41894CDF854C0CDF864C010F0DCFD05
:101AD0000137824690B90499D9F800300E449F42EC
:101AE000B2460DDA3146284611F07EF8044604ABC2
:101AF000182214A92846A246002CDDD05446D7E669
:101B00005146284611F070F80446284611F0BEFBF5
:101B1000284610F0E5FDCBE6B246A0E7524946461E
:101B20000300020000DC05006410002063756520DE
:101B3000666D7420646174618C2002205C21022037
:101B400030B58DB01C4B1D4D1D4C0393102222232C
:101B50000021CDE9055407920493054611F044F89D
:101B600008B10DB030BD049A6B46083203A928466F
:101B700010F08AFD0028F4D10C21284611F034F829
:101B80000028EED1079A6B46083206A9284610F0C5
:101B90007BFD0028E5D107990A4C029014312846B4
:101BA000019411F021F80028DBD16B462846082269
:101BB00001A910F069FDD4E7524946465741564500
:101BC000666D742064617461024B00BF013BFCD1FF
:101BD000704700BF40420F0010B40C7874B1431E30
:101BE0005C7011F8014F9A1C121A0133002CF7D1C6
:101BF0000244002111705DF8044B70470246002139
:101C000011705DF8044B7047037833B1014611F849
:101C1000012F002AFBD1081A70471846704700BFF1
:101C200070B40478DCB1421C0024157813460134EA
:101C30000132002DF9D10A786AB104F1FF3CC1F1FB
:101C4000010684440CF8012F731811F8012F002AA3
:101C5000F8D1234403440021197070BC7047034637
:101C6000E9E700BFF0B40A2982B000F10105B5EE42
:101C7000C00A39DCF1EE10FA00F1108104460029A7
:101C800080F23E81F7EE007AB4EEE70AF1EE10FA48
:101C900000F14281F2EE040AB4EEE00AF1EE10FA2D
:101CA00000F136819FEDA61AB4EEC10AF1EE10FAEA
:101CB00000F13681DFEDA31AB4EEE10AF1EE10FA7D
:101CC00000F132819FEDA02AB4EEC20AF1EE10FAC3
:101CD00000F12E81DFED9D2AB4EEE20AF1EE10FA5A
:101CE00000F12A81002109E0F1EE10FA00F1DF8015
:101CF00004469FED973A0A2130EE030AFDEEC03A02
:101D000013EE902A002A40F0DB8030232370002954
:101D100000F0BF80B8EEE34AB2EE047A30EE440A37
:101D20002E2460EE074A0129BCEEE45A2C708DED9A
:101D3000015A9DF8047005EE907AB8EEE56A07F155
:101D4000300774EEC66A6F7000F0A18066EE870AF5
:101D50000229FCEEE07ACDED017A9DF8042001EE37
:101D6000102AF8EEC11A02F1300230EEE12AAA7010
:101D700000F08D8062EE072A0329BCEEE23A8DED79
:101D8000013A9DF8046003EE906AB8EEE34A06F16A
:101D9000300632EEC40AEE7079D060EE074A0429AC
:101DA000BCEEE45A8DED015A9DF8043005EE903AF0
:101DB000B8EEE56A03F1300374EEC66A2B7166D0A3
:101DC00066EE870A0529FCEEE07ACDED017A9DF8F2
:101DD000044001EE104AF8EEC11A04F1300430EE6E
:101DE000E12A6C7153D062EE072A0629BCEEE23A72
:101DF0008DED013A9DF8047003EE907AB8EEE34A57
:101E000007F1300732EEC40AAF7140D060EE074AE6
:101E10000729BCEEE45A8DED015A9DF8042005EE29
:101E2000902AB8EEE56A02F1300274EEC66AEA71F1
:101E30002DD066EE870A0829FCEEE07ACDED017A16
:101E40009DF8046001EE106AF8EEC11A06F1300642
:101E500030EEE12A2E721AD062EE072A0929BCEE72
:101E6000E23A8DED013A9DF8043003EE903AB8EE77
:101E7000E34A03F1300332EEC40A6B7207D060EE1E
:101E8000074ABCEEE45A15EE104A3034AC72013108
:101E90000D440021297002B0F0BC704703462D228A
:101EA00003F8022B2C46B1EE400A1D46E7E6014638
:101EB0002D2301F8023B2C46B1EE400A0D4618E7EF
:101EC000244F13EE903A254687FB032CDE17C6EB12
:101ED000AC0202EB820CA3EB4C03303305F8013B60
:101EE0001346002AF0D1A5427FF611AF2F4617F80E
:101EF000012D26783E7004F8012BA742F7D806E79B
:101F00003FF4FCAE144E06EB810797ED003AF3E682
:101F10009FED123A0521EFE69FED113A0621EBE61F
:101F20009FED103A0421E7E69FED0F3A0321E3E627
:101F30009FED0E3A0221DFE69FED0D3A0121DBE62F
:101F40000000C84200007A4400401C460050C347CD
:101F5000FFE65B2E6766666610EB0308ACC5A73626
:101F6000BD37063517B751386F12033A0AD7A33B6E
:101F7000CDCC4C3DF0B48AB000236C46364E0360A5
:101F800002934360039383600493C36005930361EA
:101F900006934361079383610893C36109932546C0
:101FA0002E2205F8012B16F8012F0133002AF8D153
:101FB0000AAF3B44294E03F8282C431E6D225A7069
:101FC00016F8012F9D1C2F1A0133002AF7D1C25594
:101FD000CEB20929D4BF303657360578F3B28DF822
:101FE0000830002D34D0411C00250F780A460135F9
:101FF0000131002FF9D163B1471939460DF1080CB1
:1020000001F8013B1CF8013FCA1B002BF8D12A4400
:102010000244002616700578E5B13546471C39782C
:102020003B46013501370029F9D19DF8002052B116
:102030004619374607F8012B14F8012FBB1B002A5D
:10204000F8D12B440344002018700AB0F0BC70474C
:102050000246D0E70346E8E708E3030810E3030875
:10206000F0B48AB000236C46364E0360029343609E
:10207000039383600493C3600593036106934361F4
:10208000079383610893C361099325462E2205F8BF
:10209000012B16F8012F0133002AF8D10AAF3B4477
:1020A000294E03F8282C431E73225A7016F8012F6C
:1020B0009D1C2F1A0133002AF7D1C255CEB209292F
:1020C000D4BF303657360578F3B28DF80830002D7E
:1020D00034D0411C00250F780A4601350131002F0C
:1020E000F9D163B1471939460DF1080C01F8013BEC
:1020F0001CF8013FCA1B002BF8D12A4402440026D9
:1021000016700578E5B13546471C39783B460135F0
:1021100001370029F9D19DF8002052B14619374600
:1021200007F8012B14F8012FBB1B002AF8D12B4410
:102130000344002018700AB0F0BC70470246D0E794
:102140000346E8E714E303081CE3030870B5144EE4
:102150003368012B90B01EDD01252C4621466846D0
:10216000FFF708FF0021684610F0DEFF50B9A542D6
:10217000294608A805D0FFF7FDFE08A9684611F01A
:1021800063FB013530680134A042E7DC0549013DBD
:102190000D6010B070BD034900250D6010B070BD1A
:1021A0008C120020A0120020F0B54E4E3368012B97
:1021B00093B040F38680012500244B4F02940A948B
:1021C00003940B9404940C9405940D9406940E942B
:1021D00007940F94089410940994119468466946E2
:1021E0002E23002201F8013B17F8013F0132002B9A
:1021F000F8D10DF1480C62443C4F02F8483C0DF117
:10220000080E6D220EF8012B17F8012F0133002A5A
:10221000F8D112A90B44092D03F8402C54DC05F128
:10222000300C9DF808105FFA8CF38DF8283059B106
:102230000DF10907002297F800E039460132013715
:10224000BEF1000FF7D183B1571E0DF1080C6744A2
:102250000DF1280E002107F8013F1EF8013F013162
:10226000002BF8D10A4402AFB9180C709DF8082071
:10227000002A34D00DF1090100220F780B460132FB
:102280000131002FF9D19DF8001079B102F1FF3C26
:102290000DF1080EF44400230CF8011F10F8011F83
:1022A00001330029F8D1134402A80344002102A8F5
:1022B0001C7010F039FF20B932680135AA423FF78F
:1022C0007CAF284613B0F0BD05F157039DF80870A8
:1022D000DBB28DF82830002FAAD102A9B3E702ABF8
:1022E000D1E700BF8C12002008E3030810E30308C5
:1022F00070B598B00146174E6846FFF73BFE68463A
:1023000011F06CF83368012B1EDD012425462946A7
:1023100008A8FFF72FFE002108A810F005FF50B90C
:10232000AC42214610A805D0FFF724FE10A908A84A
:1023300011F08AFA0134306801358542E7DB06493D
:10234000013C0C6018B070BD034900240C6018B04B
:1023500070BD00BF8C120020A012002030B5324B9F
:10236000324D334A334C8DB099420394CDE9055236
:10237000044625D019D803F1734505F54032FE32E5
:1023800091421DD002F14F6000F54F2C0CF6046E07
:10239000714515D00E252222002120460795049272
:1023A00010F022FCB0B10DB030BD2348814207D0FF
:1023B00000F1027C0CF5FE3E0EF583739942E9D1E3
:1023C00010212223079120460021049310F00CFCD9
:1023D0000028E8D1049A6B46083203A9204610F081
:1023E00053F90028DFD10C21204610F0FDFB002816
:1023F000D9D1079A6B46083206A9204610F044F955
:102400000028D0D107990D4B02901431204601933A
:1024100010F0EAFB0028C6D16B462046082201A92D
:1024200010F032F9BFE700BF3432697357415645A7
:10243000666D742052494646323369736461746133
:102440002DE9F04F05469BB00E460021904610F056
:10245000CBFB05AB0C22284608A90FF0CFFFC84BD9
:10246000089A9A42044606D1A3F570000A9FA0F28A
:10247000FB718F4203D020461BB0BDE8F08FEF68A0
:102480002846394610F0B0FB04460028F3D1A7F1E6
:10249000080301462846099310F0A6FB04460028CD
:1024A000E9D104AB0C2208A9284610F0EDF8044647
:1024B0000028E0D108F00104DFF8E4B20090824681
:1024C00001940C27DFF8DC923946284610F08CFB8B
:1024D0000346002840F06C8105AB06A90822284677
:1024E0000FF08CFF0346002840F06281069A5A459F
:1024F00012D04A4500F08C80079808300744FB074B
:1025000048BF0137BAF1000FDCD0009B002B40F030
:1025100084814FF0010AD5E79A4A0446079896420B
:10252000CDE90EB000F04E8151D9974B9E4200F09C
:102530004E8138D803F17A4303F53F2101F6046058
:10254000864200F0528100F1BE6C0CF58023FE3310
:102550009E4205D110210124ADF80E10ADF8404087
:102560004BF68031894811914FF002094FF0080A6B
:10257000129039462846ADF84290ADF84CA010F0C4
:1025800033FB002840F03B8104AB16220EA92846FD
:1025900010F07AF8002840F03281012C5ED0079CC0
:1025A00008342744B1E77A48864200F0178100F1E9
:1025B000027C0CF5FE3E0EF583794E45D0D14FF0EE
:1025C000080A0124ADF80EA0ADF84040C8E702F1BA
:1025D000794EAEF5E529A9F2326A564500F0EA8057
:1025E0000BD96C4A964200F0058102F530239E42D9
:1025F000B6D11121ADF84010B2E70AF17B4EAEF230
:10260000FA208642ACD14FF48172ADF84020A7E7A2
:1026100039462846CDF81C8010F0E6FA034600281B
:1026200040F0C68004AB06A90822284610F02CF81A
:102630000346002840F0BC805749019A07F108047E
:1026400047440C6007F10804AAB92746BAF1000F05
:1026500041D1012100914FF0000A35E707F1160141
:10266000284610F0C1FA04AB4A460DF10E01284687
:1026700010F00AF893E7214628468DF80D3010F047
:10268000B3FA04AB01220DF10D0128460FF0FCFF57
:10269000EB6800931946284610F0A6FA093703465E
:1026A0003C46002840F0848000981946A0F10802BA
:1026B0002846099210F098FA0346002878D104AB16
:1026C0000C2208A928460FF0DFFF034600286FD12F
:1026D000BAF1000FBDD02146DFF8CCB0DBF80070B6
:1026E000002F40F38F8007EB4706F20004322B4C9B
:1026F0000B9428460D9788460C9210F075FA044604
:1027000000287FF4B8AE04AB0C220BA928460FF0CA
:10271000BBFF044600287FF4AEAE0499DBF800004E
:1027200046460E440028B14631466BDDDFF87C801A
:10273000DFF870A0274614E058F804CF1497CDE9CD
:1027400016A41894CDF854C0CDF864C00FF09CFFC7
:102750000137064688B9DBF80030049A9F4291445D
:102760004FDA4946284610F03FFA044604AB1822D7
:1027700014A928462646002CDED034467BE600BF4E
:10278000524946466461736D3432697300DC05005A
:102790003233697364616269641000206375652077
:1027A000666D7420646174618C2002205C210220BB
:1027B0001C4660E620240320ADF80E40ADF8400032
:1027C0000124CDE64FF0020AADF840A0C8E618217A
:1027D0000124ADF80E10ADF84040C1E620220124DE
:1027E000ADF80E20ADF84040BAE640F20112ADF867
:1027F0004020B5E640F2031CADF840C0B0E6044608
:1028000039E64946284610F0EFF90446284610F00C
:102810003DFD28460FF064FF2DE639465CE700BF1A
:102820002DE9F04F0D4681B0002116461F460446A3
:10283000DDE90A89DDE90CAB10F0D6F910B101B081
:10284000BDE8F08F3B46324629462046CDE90CAB29
:10285000CDE90A8901B0BDE8F04FFEF7C5BE00BF63
:10286000724B186830B409280FD8DFE800F029341B
:10287000404B56606D0576826D496E4C6E4B6F4DC8
:102880000C604FF07E511C6029606D4D296809294C
:1028900014D8DFE811F071007C00880093009E00DE
:1028A000A800B500BE00C1000A00664C00236648BF
:1028B000664D23604FF07E5403602C6030BC70473F
:1028C0005B4D5E495C4B5B4C0C6000224FF07C50D2
:1028D00028601A60D9E7564C5849574B5C4D5D4803
:1028E00025604FF0000C0860C3F800C0CDE75049E8
:1028F000524D514B584A00244FF07E502C600860D6
:102900001A60C2E74A4C4C484C4B544D25604FF07E
:10291000000C0560C3F800C0B7E7454C4749464B7B
:102920004F4D50484A4A256008601A60ADE7404D57
:102930004249414C4C484FF0000C4FF07E53C5F8D3
:1029400000C008602360A0E739483C4D3A4A404B3C
:10295000444C04602B60136097E7354D3748364A86
:102960004FF07E5CC5F800C0C0F800C0C2F800C0DF
:102970008BE72F49002481E7324D3449324B2D4CEF
:102980000C6000224FF07C5028601A6096E72D4CB6
:102990002E492D4B2E4D2F4825604FF0000C08601E
:1029A000C3F800C08AE72749284D274B2A4A00244C
:1029B0004FF07E502C6008601A607FE7214C22485F
:1029C000224B264D25604FF0000C0560C3F800C077
:1029D00074E71C4C1D491C4B214D22481C4A2560A4
:1029E00008601A606AE7174D184C17491E484FF0E7
:1029F000000C4FF07E53C5F800C020600B605DE70F
:102A000010481249104A124B164D05600B601360B6
:102A100054E70C4C074B4AE70A480C4D0A4A4FF062
:102A20007E5101602960116048E700BF3810002026
:102A3000301302209A99993E181000205C10002053
:102A40003C100020341302201C10002060100020D5
:102A50006666663FCDCC4C3F3333333FA4707D3F39
:102A6000CDCCCC3ECDCCCC3D3333B33E00B50121F3
:102A700085B0084609F09AFA01A80AF0AFFC0023D5
:102A800041F2931201A94FF080400292ADF80C3050
:102A90008DF80E3001930AF051FC01214FF0804077
:102AA0000AF0F0FC012211464FF080400BF0FCF8D8
:102AB00005B05DF804FB00BF00B583B0034B019384
:102AC00001A803F057FD03B05DF804FB1C030101EE
:102AD00030B5012187B0102009F044FA01214020CF
:102AE00009F040FA154D01214FF4804009F06AFACF
:102AF000042402A91248CDE9024508F0DBFD4FF499
:102B0000806302A90F48CDE9023508F0D3FD2046C5
:102B100002210AF007FB4FF48052012104A8ADF80E
:102B200014208DF8161004940AF076FA06480190E5
:102B30000DEB040003F01EFD07B030BD00030002E2
:102B400000100240001802400800000108B50122F0
:102B5000034900200FF022FB024B00221A6008BD3F
:102B600074E90308901200202DE9F04F9D489E491A
:102B70009E4B9F4E9F4DA04ADFF83483DFF834C34D
:102B8000DFF834E3DFF83493DFF834A3DFF834B34D
:102B90009A4F00242DED028B04600C601C60984855
:102BA0009849994B04600C601C6098489849994B6F
:102BB00004600C601C6098489849994B04600C6054
:102BC0001C6098489849994B34600126ADF6D41D95
:102BD00004600C602C601E60954D96489649974B9A
:102BE0001460C8F80040CCF80040CEF80040C9F8A6
:102BF0000040CAF80040CBF8004006600E60DFF8E5
:102C0000C8823C601894CDE919441E602C608C4D3C
:102C10008C488D498D4B04602122C8F800202A6819
:102C200004928B4A0C601460049A8A4D8A488B493E
:102C3000DFF898E22C6013440B600460DFF890C268
:102C4000DFF890B2DFF89092854B86488649DFF82E
:102C50008CA2864D864ACEF80040CCF80040CBF8D6
:102C60000040C9F8004004600C60CAF800401C60D5
:102C70002C60136B7F48069043F0400111634020A5
:102C8000314609F06FF94FF4D04240F201330DF2B2
:102C90009C717948CDF89C27CDF8A03708F00AFD43
:102CA000764A774B14604FF080414FF07F5994463D
:102CB000D1625363734894620023C2F83090DFF806
:102CC00020B20022CCE90223CCE90423CCE906237C
:102CD000CCE908236C4A4FF050434FF400310360B5
:102CE000CBF800304FF00060624B136003F072FCD1
:102CF00003F00EFA03F09CF82146304608F02EFB54
:102D00002021012008F082FB0028F9D103F010FDFA
:102D10005E485F4C03F070FA4BF6803002F006FE1E
:102D200000BF013CFCD15A4E00BF013EFCD15848C7
:102D300000BF0138FCD1564C00BF013CFCD12868D3
:102D4000544E554D02F04AFD02F046FE20225349F2
:102D5000534802F0D7FE02F063FF524B31681A6805
:102D600042F0010018605C60296073684E4CB1F558
:102D7000C87FA3F6A66684BF96202860B6F5AD7F0F
:102D800028BF4FF47A664948236028BF266002694D
:102D9000560740F1B9804FF40061DFF848B1216077
:102DA000296000260169DBF80C302A6811F0040F55
:102DB000216808BF0126934238BF2B608B4288BF31
:102DC0002360334B00BF013BFCD1022E00F08C800E
:102DD000012E01D01E46E5E7036913F0040F18BF6A
:102DE0000226DFE7981200208C13022044100020F6
:102DF0004810002084130220BC13022074200220FB
:102E000050100020701000201410002034100020FA
:102E10003010002058100020541000209012002084
:102E2000EC120020E8120020381302202C100020A1
:102E300000130020281000208813022040100020DA
:102E4000881C0220B01302202010002000882A11C4
:102E50003C1302204C1000209C1302202C13022053
:102E600018140220CC13022028130220681000201E
:102E7000003802400813002000180240A812002069
:102E800093A9AA3F6C20022010210220F00F0020FD
:102E900040420F0000C0000894120020441302209A
:102EA000D0130220001000E0881200200010024021
:102EB0009C12002020130220C4130220E4120020E0
:102EC000C8130220741000208C12002094130220DA
:102ED00040130220A4130220B8130220AC130220D6
:102EE0001C210220681C02200BF048F831461820F3
:102EF0000BF056F929689A480BF03CFA216899487A
:102F00000BF038FA0BF04AF826682D689648974A75
:102F1000974C01682160731B07EE903AB8EE670A80
:102F2000F7EE006A86EE807A924E934D934C82EDD6
:102F3000007AFFF79BFD0DF29C70CDF89C6703F0C3
:102F400019FB8F4A8F488421002304262B602160BF
:102F500001601660FFF784FC2C258B4A00BF013A04
:102F6000FCD1013DF9D18049884E89480B6836680B
:102F70009FED888A2560049503600DF1E40BEEB99E
:102F8000049A002A00F0D180834C256915F00206CE
:102F900040F0CB803D68814A0121EB04116000F1D3
:102FA000B980A80440F1588104F08EFA77493B6853
:102FB0000E6823F400553D60002EE1D0012E3D68DF
:102FC000E9D1002D40F02B81754B674A1C681268CF
:102FD00004F53B3E0EF500709042C0F05B837149F2
:102FE0000B68022B00F041816C4C2660E90700F170
:102FF000B384AA0600F17285012615F4006400F07E
:103000003C84664C0025012E256000F05686D8F8D9
:103010000050012D40F3698601263446214629A837
:10302000FEF7A8FF002129A810F07EF850B9A642AB
:10303000314631A805D0FEF79DFF31A929A810F02F
:1030400003FC0136D8F8001001348C42E6DB701E18
:10305000554B186004F038FA3D684C4A4F491668E1
:1030600025F40060012438600C6088E7D8F800601F
:10307000864240F3ED804C4D4C4901302860086099
:103080004A4CD3A80FF090FB216821A8FEF772FFED
:1030900004F0BAF821A91322D3A80FF0E1F86323B2
:1030A0000021D3A816930FF09FFD70B919AA18A993
:1030B0001AAD17AE029201910395009616AB15AAB0
:1030C00014A9D3A8FEF790FAC0B2179C384B9C42C3
:1030D00003D1169D022D00F017850022D3A8189267
:1030E000FEF72EFDC1B2002900F0BA83D3A80FF07D
:1030F0005BFB3049254E012200200FF04FF8189855
:10310000002188423160C0F2B683C01045F6C0513C
:1031100003F0B6FD04F0D8F938681C4920F4805259
:1031200042F084040E683C6029E7012221490DF237
:103130009C700FF033F8002800F0A68013490E6849
:103140003CE71D4A1D49136801200860002B00F070
:10315000D382D8F80050012DC8BF012435DC3FE0F0
:1031600000C0000804C00008881C022010140220BF
:103170006C1000201C030101381000207C1000207E
:103180003C1000201414022040420F009012002036
:10319000241000200001003800080240881302209B
:1031A0009013022038130220A012002040100020AB
:1031B00032336C6674E903088C2002202813022045
:1031C000D8F800600134B4420ADA214631A8FEF78B
:1031D000D1FE002131A80FF0A7FF0028F0D00794FE
:1031E000079CB94A214621A81460FEF7C3FE0023BC
:1031F00021A91322D3A818930FF032F8D3A8FEF711
:103200009FFCC1B2002900F032863868AF49B04A4D
:10321000012640F4006500243D600E601460AD4B53
:103220001E68022E21D0AC4C0120EA04206040F13F
:103230001281AA4DAA4B2A69A3491868096802F0AD
:10324000020454EA060303D1B1F57A7F3FF40EAFCE
:103250008842FFF65FAF13E7EA0740F11E839B4BFE
:103260001E6825F00100386089E69A4A9A4B0120D1
:10327000E9041060186040F1EE809848924A984E38
:10328000036911683068E3E70146032004F05EF843
:103290009448016811B94FF0FF330360D8F800601B
:1032A000012E40F32E8401252E46314629A8FEF733
:1032B00061FE002129A80FF037FF50B9B542294619
:1032C00031A805D0FEF756FE31A929A810F0BCFAA6
:1032D0000135D8F8002001369642E6DB6C1E8048A6
:1032E0008149046013220DF274500EF0B9FF0028DA
:1032F0007FF424AF7D4E7E4D7E4C81460DF274529C
:103300004021584611F0CAF809F10109002800F0DF
:10331000DB819DF87B35002B41F03781B9F1010F3E
:103320009BF800A05FD09BF801C09BF802E09BF8DF
:1033300003000CEB0A210EEB01226F4900EB022087
:10334000884200F0BB8019D801F17A4C0CF5302E80
:103350000EF59D72904200F0968126D96749884209
:1033600000F0568100F21981654A9042C6D19BF85F
:1033700005C06449ACF130034B62BFE7B04200F0D6
:10338000888020D8604A904200F0918002F2F65C7A
:10339000604577D00CF17F4A5045AFD19BF805309E
:1033A0005849A3F13000C860A8E7584A904277D046
:1033B00002F530218842A1D19BF805A0514AAAF11B
:1033C000300050619AE7A84200F0E080A04200F08F
:1033D000DD804F4B984291D19BF805E04949AEF111
:1033E0003000C8618AE71A46DC4605E040280246FC
:1033F0000EEB4A0300F065811CF8011B202903EB4A
:10340000830AA1F1300E02F10100EFD1402800F053
:1034100058811BF80000202800F0538102325A44E2
:103420000BF1400C4FF0000E03E012F8010B2028C6
:1034300007D00EEB8E01A0F1300A94450AEB410E45
:10344000F3D105EE10EABAEEC85A1F4A1360314BA9
:1034500083ED005A52E7AC047FF5C8AD2E480168F1
:10346000D3A80FF0C1FB002800F06E82D3A8174C40
:103470000FF09AF900260122284900200EF08EFE56
:10348000266091E59BF805E01E4AAEF1300191609F
:1034900034E79BF805A01B4BAAF1300018612DE71B
:1034A0009BF805E0174BAEF13000986126E79BF8DA
:1034B00005A01448AAF1300303621FE70DF1E80AE2
:1034C0000DF16C0C31E000BF401000209012002084
:1034D000281302203813022088130220000802401B
:1034E000A0120020E012002024E30308646F6D7234
:1034F00070657473706F73763372636D3172636D60
:10350000706F6E69A81200206E696D70706F6B63CA
:10351000706F7372602002206410002074E9030849
:103520000133142B0CF8012B08D01AF8012F202A94
:10353000F6D10DF16C0E00200EF803001BA814F05C
:1035400001FA51EC100BFCF745FE01EE900AB5496B
:10355000F5EEC01AF1EE10FA486340F3C981DFEDD1
:10356000B20AF4EEE01AF1EE10FA07D4F3EE000A14
:10357000F4EEE01AF1EE10FA04DDAA49C1ED0D0AED
:10358000F0EE601AA94AC2ED021AB7E69BF805C030
:10359000A44AACF130011160B0E60DF1E80C0DF178
:1035A0006C0E04E00133142B0EF8010B08D01CF84C
:1035B000010F2028F6D10DF16C0A00220AF8032031
:1035C0001BA814F0BFF951EC100BFCF703FE04EE3E
:1035D000900A9449F5EEC04AF1EE10FA086340F300
:1035E0007181DFED913AF4EEE34AF1EE10FA07D47F
:1035F000F3EE003AF4EEE34AF1EE10FA04DD894905
:10360000C1ED0C3AF0EE634A8848C0ED014A75E618
:103610000DF1E80C0DF16C0E04E00133142B0EF8E3
:10362000012B08D01CF8012F202AF6D10DF16C0ACD
:1036300000200AF803001BA814F084F951EC100BC9
:10364000FCF7C8FD03EE100A7649B5EEC03AF1EE7C
:1036500010FAC86240F362819FED732AB4EEC23A59
:10366000F1EE10FA07D4B3EE002AB4EEC23AF1EE4E
:1036700010FA04DD6B4981ED0B2AB0EE423A6B4A39
:1036800082ED003A3AE69BF805A06648AAF13003BD
:10369000836233E6664B2946D3A81A600FF0A4FA7A
:1036A000002840F0B180D699D3A80FF09DFA0028E9
:1036B00040F0AA805F4D2E683D68012E3FF4AFAD0B
:1036C00069E49FED5D5AC0E681460DF274500FF03B
:1036D0006BF83A68594842F0800349463B600FF066
:1036E00023FD04283FF42DAD5548016821B1554E06
:1036F0003568012D3FF42DAD534C266816B94FF0B7
:10370000FF352560514A524B116821A800241C60E6
:10371000FEF730FC03F078FD21A91322D3A80EF0A8
:103720009FFD63262146D3A816960FF05DFA70B967
:103730001AA819A918AD17AC03900291019500942D
:1037400016AB15AA14A9D3A8FDF74EFFC0B2179B5C
:10375000404A934203D1169E022E00F03C81002580
:10376000D3A81895FEF7ECF9C6B2002E00F09F80A2
:10377000D8F80000012835DD01252C46214629A86E
:10378000FEF7F8FB002129A80FF0CEFC50B9A542A6
:10379000294631A805D0FEF7EDFB31A929A810F084
:1037A00053F80135D8F8003001349C42E6DB013D86
:1037B000294A1560C6B9189E002E23DBF0101D4E55
:1037C00045F6C051012403F05BFA346003F07CFE3F
:1037D00038683668049440F004053D60012E7FF49B
:1037E000DAAB1CE51C490D60D3A80EF0DDFF1B49C8
:1037F000012200200EF0D2FC189E0E4900208642C5
:103800000860DBDA0736D9E7D3A80EF0CDFF3246E1
:10381000284612490EF0C2FC064A2E4615603D6845
:10382000FFF7B9BBA81200200000803D2421022030
:1038300090130220901200200000000078E9030895
:103840008C20022028130220E012002040100020CB
:10385000EC12002032336C66A012002074E90308D9
:10386000D3A8FEF70BF810F0FF0F7FF43FAC1898C9
:103870000028BFF64AAC073047E46B0740F12381CC
:10388000012E00F0358203F01FFE3868B94E20F09B
:10389000040336683B60FFF772BBAB067FF5ADAB48
:1038A000B44825F0200406683C60FFF768BB314649
:1038B000D3A8FDF7E3FFD8F80040012CC6B23FF7CC
:1038C0005BAF75E7DFEDAC3AF4EEE34AF1EE10FAE8
:1038D0003FF795AEBBEE004AF4EEC44AF1EE10FAA3
:1038E0007FF592AEA54BF0EE444A83ED0C4A8BE691
:1038F000DFEDA10AF4EEE01AF1EE10FA3FF73DAE6B
:10390000BBEE001AF4EEC11AF1EE10FA7FF53AAEF2
:103910009A4BF0EE411A83ED0D1A33E69FED962A8D
:10392000B4EEC23AF1EE10FA3FF7A4AEFBEE002A75
:10393000B4EEE23AF1EE10FA7FF5A1AE8F4BB0EEA5
:10394000623AC3ED0B2A9AE6D3A80FF09FFCD3A8E6
:103950000EF0C6FEFFF728BB89498A4E0968336816
:10396000894D1944D3A80FF03FF92A68B2F5804F6A
:10397000C0F2BF80854C2168A2F58046B20001F5F7
:10398000803112ABD3A80EF07FFE7D4C7D4D2368B5
:103990002A68129913441944D3A80FF025F9216815
:1039A0002E68129BD6980E441E44864280F04081B9
:1039B0001944D3A8FDF762FF8146D3A80EF090FE0C
:1039C00019F0FF0F40F03A81714D6A4A01212960D8
:1039D00016683D6845E400287FF4C1AEDDE9184370
:1039E0006C4A684D6C4916682B60002CB8BF0734D0
:1039F000E0100860002E7FF4E2AE03F005FC67489B
:103A0000016821A8FEF72CFB032221A949A80EF08A
:103A100027FC00287FF4CFAE0BF1400A49AA4021D1
:103A2000584610F03BFD002800F0E6839DF82B314E
:103A3000002B40F0E183DC4602E0402D2B46EDD028
:103A40001CF8014B202C03F10105F6D1402D03F1A8
:103A5000020300F01B841BF80520202A00F01684C6
:103A60000BEB03060020CBF1010103E016F8012B5C
:103A7000202A09D000EB8003A2F1300EB2450EEBF4
:103A8000430001EB0603F1D13F2BC7DC1BF80350C9
:103A9000202DC3D00A2DC1D001335B44002105E0A5
:103AA00013F8015B202D09D00A2D07D001EB81040A
:103AB000A5F130099A4509EB4401F1D10029ADD0B7
:103AC00003F0DEF8A8E715F0080A00F0CB802948DB
:103AD00025F008043C600668FFF751BA2D4E304DC2
:103AE000336855F82320D3A8D100FDF7C7FE3D6801
:103AF000D6E626489200016812ABD3A80EF0C4FDAA
:103B000043E70024FFF7EBBB00287FF4E6AADDE9DA
:103B10001843204A1B4D204E11682B60002CB8BF63
:103B20000734E010306000297FF4F0AA03F06CFB4A
:103B30001A48016821A8FEF793FA032221A949A88F
:103B40000EF08EFB00283ED049A80EF02DFE1898EE
:103B50000028BFF6DAAA8EE600203F2B35DC1BF8E2
:103B60000350202D31D00A2D2FD001335B4400218A
:103B70001EE000BF90120020000080BDA8120020AF
:103B80001C130220641000201813022010210220B0
:103B9000541000208C200220181402204010002015
:103BA0005C21022013F8015B202D09D00A2D07D0DB
:103BB00001EB8104A5F130099A4509EB4401F1D1EB
:103BC00019B103F05DF80BF1400A49AA40215846AB
:103BD00010F064FC0028B7D09DF82B31002BB3D136
:103BE000DC4602E0402D2B46EFD01CF8014B202C88
:103BF00003F10105F6D1402D03F10203ACD01BF80F
:103C00000520202AA8D00BEB03010020CBF10106F0
:103C100003E011F8012B202A9FD000EB8003A2F1D2
:103C2000300E8A450EEB430006EB0103F1D194E719
:103C3000D3A80FF02BFB2168129BB9E6D3A80EF096
:103C4000B3FD0122AB49AC4D00200EF0A7FA3E684F
:103C5000AA4A002426F0010301213B602C60116078
:103C6000FFF78EB915F4804400F0F580A44BA54908
:103C700018680E68A449099051F8264051F82000B0
:103C80000D96031B0894A14AA14C0A90013E002BFB
:103C9000C2F800A0206051F8269080F2E181964E93
:103CA0009A4A3668012E08BF45F4006525F4804520
:103CB00000213D601160FFF762B99649D3A80968F9
:103CC0000EF092FF0446D3A8002C00F045810EF0C0
:103CD0006BFD3246884E874928460EF05FFA356004
:103CE000D8F80050012D3FF797A90020FFF7B0B991
:103CF000894B884E894D18683268844B2E68D69956
:103D00001C60012E4FEAC003854E864D33601A4475
:103D100016BF4FF4007620264FF080658A42059644
:103D2000BFF4B1AD7A4A8049804EDFED818A1060E0
:103D300008608048D0F800A0BAF1000F6ED1754A33
:103D4000116803EB010929F00301D3A80EF04CFF21
:103D500013AB794A3146D3A80EF050FB002840F04F
:103D60005582DDF84CE0BEF1030F84BFAEF1040EC6
:103D7000CDF84CE019F0030F7ED14FEA9E036F4956
:103D80003A6806980860624922F004023A60D1F865
:103D900000C08BB36A486B4902680968013B0CF1AB
:103DA000004A4FEA53090AF1FF3A4FEA4A0A09EB7F
:103DB0000C005E4B02EB40005144524493ED000A6C
:103DC000D3ED016A60EE280A26EEA81AFDEEE01A8D
:103DD000BDEEC12A11EE90AA22F802AF12EE10AA8F
:103DE000824203F1080321F802AFE7D10CF1010C84
:103DF000474ACC44C2F800C049484B490368C1F85F
:103E000000C07344AB42036002DABEF5003F19D034
:103E10004848434ED0F800A000253560BAF1010FA4
:103E200002D1444A00241460344D2E680EB901209A
:103E300028603749444A354D002301240B60136044
:103E40002C6020E5059A0134A2427FF472AF394C10
:103E5000D4F800A0E2E7680645D5002E40F0E781DF
:103E6000254E25F040023A603668FFF788B8D3A89F
:103E7000FDF704FDFFF7C9B9BEF1000F00F0408265
:103E80000EF1FF30022840F236820699274A069644
:103E90004FEA9E0301EB830CD2F8020042F8040BB8
:103EA0009445F9D12EF00309CE45CA4600F0CE81E3
:103EB0002649069811F8092000F809200AF101099D
:103EC000F145BFF45CAF224911F80A2000F809203F
:103ED0000AF10209F145BFF452AF1E4911F80A2058
:103EE00000F809204BE7290600F17D81024E366873
:103EF000FFF745B874E90308901200205410002021
:103F00008C200220BC1C02205C210220881302208D
:103F1000E812002064100020101302203813022041
:103F2000F012002000E02E001413022008130020DD
:103F300000FEFF46CC13022004000200F412002011
:103F4000FC20022000210220EC1200200A13002095
:103F50000B1300200C1300200FF098F9D3A826466D
:103F600025460EF0BDFBBE4ABE4B1068BE491A681E
:103F7000BE4B059008681968BD4B04F1004E0EF168
:103F8000FF3C53F82090059B4FEA4C0003446FF030
:103F9000030A9C46AAEB010E10440B1D04F5804A4F
:103FA00018E03CF9022F02EE902A30F9022F03EEBE
:103FB000102AB8EEC34AF8EEE23A24EE085A63EE4D
:103FC000884A013415EE102AA24543ED014A43F810
:103FD000082B42D0A1450EEB0302E2D812ABD3A8C6
:103FE0000EF052FBA049A24A0B68396852F8233000
:103FF000129A11F4804F18BF4FF480659C4216440A
:104000001BD20135E8B9B5F5007FACDB3EF4FFAF5C
:10401000984C2168D3A831440EF0E6FD2368D69A67
:1040200033449342C0F063813146D3A8FDF726FCA8
:10403000D3A80EF055FBFEF7EABF0028E8D040F207
:104040000125D3A80EF0B0FB8B49012200200EF011
:10405000A5F88A4900200860D5E74FF40032BDE793
:1040600000F06C81089D7E497E4A086811684FEA1D
:104070004906023505966D002C1FAE46059D059E2E
:10408000CDF830E005F1040C8644051901EB0C0273
:104090008E19764538BF9542CDE90F620E950C9A80
:1040A000059D2CBF4FF0010E4FF0000E9542B8BF9A
:1040B0006445ACBF012200220C440EEA0206A6466B
:1040C0000C9C0B960D1911950B9D059C5E1E062EE2
:1040D00094BF002505F001052E46119D0419844466
:1040E000AC4238BFE6452CBF012500252E401642C4
:1040F0000B9400F0E480DDE90F62664538BF94421E
:10410000C0F0DD802546DDF838C05C085246A400CA
:10411000B2465CF80260AE505EF802604AF8026097
:1041200004329442F5D123F0010E9E450AD0089A3C
:104130007244CE4430F9125020F81E5031F912006A
:1041400021F81E004B440A9999422CDD444A454807
:10415000156804689E1C72005800A9182E18224485
:104160002044964238BF8842C0F0D5800A994A1E42
:10417000D21A0B2A40F2CF80A1EB030C4FEA5C0A63
:1041800006EB8A014FF0000E40F804EB46F804EB12
:10419000B142F9D12CF001006045034403D024F86A
:1041A00013E025F813E0099E0D98089D8642A5EBC3
:1041B00009010CDD2E4A099C02EB800A02EB840304
:1041C000DAF804506E1A4AF8046B5345F8D109998D
:1041D0002748254B00224C1E40F821201C6002F08D
:1041E000DBFD3D685BE5012E5ED0244B25F08005AC
:1041F0001E683D60FEF7C3BE49A80EF0D5FA189EB2
:10420000002EBFF6DBAA0736FFF7D8BAD3A8CDF841
:104210004CA00EF0C9FA1849504601220DF0BEFF1D
:10422000164B1749C3F800A0D1F800A0F6E5D699BF
:10423000D3A80EF0D9FC60BB10490C68012C7FD0CC
:1042400002F0E2FF3C6844F0200509E63A680D49B7
:1042500022F004000C4A0E603860D2F800C099E5E4
:10426000FC200220002102208C20022010210220AC
:104270005C2102206410002074E9030890120020E1
:10428000CC130220F4120020E81200200020FFF7D7
:10429000FBBBD3A80EF088FA0122C24920460DF0DC
:1042A0007DFFC1480460CBE70B22C0490DF274507A
:1042B0000DF0D6FF0546002857D03D6895E70C9CC9
:1042C000059E0B9DA4F1060CA6F1020A4B448A44FC
:1042D00000EB4302614484443CF9020F25F8020BD1
:1042E00031F9024F2AF8024FAA42F5D12BE7D3A8A1
:1042F0000EF0CCFF98E64FF000094FEA9E03D7E599
:104300003B68AB48069A026023F00401A94B396070
:10431000D3F800C070E503F100435E1E7000A21EDA
:10432000054420440A9C4FF0000C02EB440320F8A3
:1043300002CF834225F802CFF9D134E74B4602E79A
:10434000D3A80EF031FA9C489C4E81460068FDF7D8
:10435000CFFFD9F800203D68336845F480519A4278
:10436000A8BFC9F8004039606AE701460DF27450F1
:104370000EF03AFC002840F0FD8091488E4B90ED05
:10438000007A1A688F49F0EE475AFEEEC85AB2F525
:104390007A7FCDED055A06BF012215EE903A059BB6
:1043A0000DF2745010F02EFA87490DF2745010F08F
:1043B00029FA864A12686E2A00F0D68084490DF2E6
:1043C000745010F01FFA834C7F49834E0DF27450E5
:1043D00010F018FA81490DF2745010F013FA2268A7
:1043E0007F490DF2745010F00DFA626A7D490DF2AA
:1043F000745010F007FA226A7B490DF2745010F0E5
:1044000001FAE26879490DF2745010F0FBF9A26AE2
:1044100077490DF2745010F0F5F9E26975490DF223
:10442000745010F0EFF9A26873490DF2745010F057
:10443000E9F9A26971490DF2745010F0E3F962696B
:104440006F490DF2745010F0DDF996ED006A052108
:10445000B0EE460A1BA884ED0B6AFDF703FC1BAA0D
:1044600068490DF2745010F0CDF9D6ED018A05219E
:10447000B0EE680A1BA8C4ED0C8AFDF7F3FB1BAA7B
:1044800061490DF2745010F0BDF9D6ED027A0521A4
:10449000B0EE670A1BA8C4ED0D7AFDF7E3FB1BAA7B
:1044A0005A490DF2745010F0ADF947490DF27450AD
:1044B00010F0A8F956490DF2745010F0A3F94249D2
:1044C0000DF2745010F09EF952490DF2745010F034
:1044D00099F951490DF2745010F094F94F490DF2C9
:1044E000745010F08FF94E490DF2745010F08AF9A3
:1044F0004C490DF2745010F085F94B490DF274508F
:1045000010F080F949490DF2745010F07BF94849D8
:104510000DF2745010F076F946490DF2745010F017
:1045200071F945490DF2745010F06CF943490DF2E0
:10453000745010F067F942490DF2745010F062F9AE
:1045400040490DF2745010F05DF93F490DF274507E
:1045500010F058F93D490DF2745010F053F90DF276
:1045600074500EF021F9A8E639490DF2745010F09C
:1045700049F928E7D3A80EF017F90A493246284628
:104580000DF00CFE08490D60F7E60DF274500EF0C8
:104590000BF93D68044E45F0800536683D60FFF735
:1045A0001DB900BF74E903089012002024E303083A
:1045B000F4120020E812002040100020A012002079
:1045C0006020022030E303083CE3030814140220B7
:1045D0005CE30308A81200202421022074E30308EE
:1045E0008CE30308F8E3030838E40308C4E4030891
:1045F00014E503084CE50308F4E5030834E6030872
:10460000A0E60308D4E603081CE7030864E70308F0
:10461000ACE70308D0E70308F4E7030808E8030859
:1046200020E8030838E8030850E8030868E80308AE
:1046300080E8030894E80308ACE80308C4E803082A
:10464000DCE80308F4E803080CE9030820E90308A0
:1046500040E3030870B5042008F03AFDD8B1214AC0
:10466000214B1268196821488A420068204913D0FA
:10467000204E346844B9204D204E2C69366804F42D
:10468000805C5CEA06040CD008601A600420BDE877
:10469000704008F027BD70BD0C68051B602DF5DD6E
:1046A000E6E7174C266976070FD52D69EC0402D48E
:1046B000144C01262660144E144C154D36682660A5
:1046C000144C01262E60002525600D4C266916F03D
:1046D0000404D9D10B4D0E4E2C600E4D34600124D4
:1046E0002C60D1E78C130220481000208413022094
:1046F0004410002038130220001802409C120020B1
:1047000000100240B0130220881C0220BC130220BB
:10471000A8130220C01302202DE9F04F012183B01D
:104720004FF0804009F0D6FA002800F0BA80B54B6F
:10473000B54AD3F800E0B5491068B54DC2F800E0BD
:104740000C692A68AEEB0006A7074FEAE6034CBFE8
:1047500003EB020CA2EB030CBCF1040F00F3A480EA
:10476000BCF1000F80F29C850027BC462F60B94643
:10477000A848A94C05692268EE044CBFD218D21A89
:104780000A2A40F336810A2222604FF0010AA34F21
:10479000A34938690C6845074CBF1B19E31A0A2B5B
:1047A00040F38F810A2309F101090B609D4C9E4D56
:1047B000DFF8CC822668DFF8CCB29C4F2968D8F8A5
:1047C00000009FED9B7ADBED007A0436013926600C
:1047D0003E68009101380AEB0901F4EEC77A0191B5
:1047E000C8F80000711E00982860F1EE10FA3960D8
:1047F00005D5B7EE000A77EE807ACBED007A854ECC
:104800003069410500F14A818A4E012030608A49B1
:104810000868082806DD894E4FF001090A20C6F80D
:1048200000900860DFF860A2854EDAF810903668D4
:1048300019F0200F02D0012E00F0B382DFF8FCA1A6
:104840000020CAF800000EB96FF01F0008607D4E0E
:10485000D6F80090B9F1010F07D178484FF00A0A55
:10486000C0F80090C1F800A05046DFF82092D9F8B7
:104870000010132942D8DFE811F06D04D504BF04FD
:10488000E00321040A041604EC034D042B040A047B
:1048900062041D009B04A6040A04E304F604C90391
:1048A0000A0403B0BDE8F08F042129608C464FF064
:1048B00001095DE7644B196801F50C3A0AF52070AF
:1048C000864504DD614B1868400440F14C8601F5D3
:1048D0003B5120318E4504DD5D4B1868002800F007
:1048E00058860198002800F02E853AB9BCF1000FD7
:1048F00004D057490D230A60C9F80030554A9FED8E
:10490000561AD2ED001AF4EEC11AF1EE10FA40F385
:10491000DE80DFF87CA1DFED512ADAF80010C2ED6D
:10492000002A1029B0EE623A00F0DE80DFF86481E0
:10493000D8F80000002840F09282494803683548C2
:1049400023FA01F2D3074FF4006100F1278206F049
:104950002DFF4FF480412F4806F02AFF0121C8F8AF
:10496000001021683F484BF6803A5145036800F03B
:10497000318201F4805C3C2B05D13B4A1368002452
:10498000013313600460394ADFF80C81136838483A
:104990002D680824642BC8F800400460C4BF0924B3
:1049A000C8F80040BCF1000F03D13268002A40F083
:1049B00006823F68002FC0F2F7810C0500F1F481F8
:1049C000002DC0F201822B4A1768012F04D12A4E14
:1049D000336859000131016028480468002C00F058
:1049E0003B8201214FF0804003B0BDE8F04F09F059
:1049F0007FB9002A80F26484002632462660B246DF
:104A0000C5E600BF881C02206C1000200008024090
:104A100098130220001802402413022000100240C4
:104A2000A013022084130220B81302203C1302209A
:104A30000000484314100020F8120020E412002067
:104A40005410002038130220BC13022074200220CE
:104A50004013022078100020C2F5683F00000000DB
:104A6000701000208C1302209812002040100020AB
:104A70003C10002058100020681000207C100020FE
:104A8000AC13022010100020000002402010002073
:104A9000741000203410002038100020D048016825
:104AA00001297FF4B4AEDFEDCF0AF4EEE07AF1EE47
:104AB00010FAFFF6ACAECC4ECBF8006000210160DE
:104AC000A5E6002B80F2F58300230B606EE6DFF88D
:104AD0007CA39FEDC62ADAF8001031EE823A102945
:104AE00082ED003A7FF422AFC14803687F2B40F388
:104AF0001D827F2202603F23BE49D1ED006AF7EE9E
:104B0000003AF4EE636AF1EE10FA00F0BF81BFEEF6
:104B1000006AF4EE466AF1EE10FA00F01A82B64826
:104B2000B64AF0EE005A9B00F4EE656A18441A4447
:104B3000F1EE10FAD0ED001AD2ED003A00F0A881A3
:104B4000B6EE004AF4EE446AF1EE10FA00F0A081ED
:104B5000F5EE004AF4EE646AF1EE10FA00F0988186
:104B6000B1EE005AF4EE456AF1EE10FA00F09081D1
:104B7000B4EE007AF4EE476AF1EE10FA00F08881A4
:104B80009FED9F0AF4EE406AF1EE10FA00F080818A
:104B9000F8EE007AF4EE676AF1EE10FA00F0DB81CD
:104BA000FEEE000AF4EE606AF1EE10FA00F0D38136
:104BB000BDEE001AF4EE416AF1EE10FA00F0CB817E
:104BC0009049F5EE406A0B44F1EE10FA93ED002A9D
:104BD00007D0F5EEC06AF1EE10FA00F35B8100F148
:104BE000BC818949086820F4406222F00C0E4EF422
:104BF000007C4CF002038548854A90ED001AD2ED06
:104C0000001A8448844A90ED002AD2ED002A834895
:104C1000834AD0ED006AD2ED003A8248B4EEC31A5E
:104C200023F44453F1EE10FA0B60F4EEC31A44BFC0
:104C300043F400530B60F1EE10FA48BF43F4807365
:104C4000B4EEC32A48BF0B60F1EE10FA48BF43F43C
:104C50008053F4EEC32A23F07003F1EE10FA0B60D8
:104C6000F4EEC36A44BF43F010030B60F1EE10FA98
:104C700048BF43F04003F4EEC33A48BF0B60F1EE87
:104C800010FA48BF43F02003026823F480430B600E
:104C90004AB19FED656AB4EEC63AF1EE10FAC4BFB0
:104CA00043F480430B606148026812B143F48043CF
:104CB0000B60206810F4006C06D0D9F80020103A80
:104CC000012A98BF43F48043594A126823F0010334
:104CD000012A0B6008D1574A126800F4805E5EEA30
:104CE000020218BF43F00103D8F8002040F2E63E6C
:104CF00002F1FF3823F08003F0450B6040F20F8192
:104D0000B2F57A7F02DDC20400F10981BCF1000F27
:104D10000BD0D9F80000A0F11002012A40F2038163
:104D200045480268012A00F0FE80DFF82491D9F896
:104D3000002043F40040022A08600CDD23F4004008
:104D4000DFF810C1531E40F0800001220860C9F84E
:104D50000030CCF80020394B1A68002A13DD203AC5
:104D60001A60D30506D520F4405020F0300848F4EE
:104D7000A0700860920506D520F4055E2EF010099B
:104D800049F481530B604FF400512D4806F00EFD9D
:104D90002C4900220A60CAF80020E2E506F008FD6E
:104DA000D7E50130086052E59BED003AB5EEC03A18
:104DB000F1EE10FA66DB03F00703C8F80030002DAF
:104DC00002DB0B057FF5FFAD1F490C6804F00705FA
:104DD0000560F8E5002101338C4603602160CAE5D7
:104DE0001410002000004843000048C3EC51B83DB7
:104DF000DC200220E8200220140200201400002001
:104E00000000803D140100207010002030130220AB
:104E10005C100020181000203413022060100020C5
:104E20001C10002020130220CDCC4C3F0821022072
:104E300090120020881302205810002050100020EB
:104E40000018024034100020BC1C02207410002006
:104E5000E81D02204C100020FDF702FDC1E54FF4D3
:104E60000051C24806F0A4FC4FF48041BF4806F050
:104E70009DFCDAF8003000220133CAF80030C8F88F
:104E800000206EE53668012E99D194E7F0EE631AA2
:104E90009FEDB72AB749B8480B68D0ED004AF4EE49
:104EA000C31A23F00E02F1EE10FAB4EEC32A48BF83
:104EB00042F00202F1EE10FA0A60F4EEC33A44BF87
:104EC00042F004020A60F1EE10FA48BF42F0080214
:104ED000B7EE005A22F4406CF4EE454A4CF40073ED
:104EE000F1EE10FA0B6007D0B6EE007AF4EE474A06
:104EF000F1EE10FA40F0C3814CF4C0630B60F6EEA3
:104F0000000A9E4AF4EEE04AF1EE10FA106813D55A
:104F100001287FF470AE9A4A9069A8B111E043F07D
:104F200080030B60F2E643F08003FEE63F2BCCBF2C
:104F3000403BC3F13F03DFE501287FF45CAE904ABC
:104F4000906902287FF457AE23F4007E4EF400638C
:104F500051E6F0EE631A9FED862A8649864B086873
:104F6000D3ED002AF4EEC31A20F46062F1EE10FAD9
:104F7000B4EEC32A48BF42F40072F1EE10FA0A60A0
:104F8000F4EEC33A44BF42F480620A60F1EE10FAD4
:104F900048BF42F40062F7EE006A22F00C00F4EE23
:104FA000662A40F00203F1EE10FA0B6014D0F6EE20
:104FB000003AF4EE632AF1EE10FA0DD09FED716A1B
:104FC000F4EE462AF1EE10FA06D0F5EE005AF4EEB1
:104FD000652AF1EE10FA02D140F006030B60B6EE3E
:104FE000004A664AF4EEC42AF1EE10FA106840F165
:104FF000AD8101287FF4FFAD614A9069002840F03F
:10500000AA8123F0020E4EF00803F4E55E48016821
:105010000198014340F061815C4A316013685C494A
:10502000B3F57A7F08BF01234FF0000008BF13607B
:10503000C1F800E0C9F8000060E4002A00F0BD817A
:105040005449086800287FF459AC0522C9F80020AB
:1050500054E4002AF9D0BCF1000F3FF44FAC4E48A5
:10506000026802F53B5320339E457FF747AC4B4B1C
:105070004B4A1868012108440328C8BF002011606A
:10508000186000F0ABFB0622C9F8002036E4019955
:1050900000297FF433AC3E4A4248C9F80010C2F8F8
:1050A00000E001602AE4BCF1000F7FF427AC3A482D
:1050B0000723C0F800E0C9F800301FE4002A00F020
:1050C00081813448002205230260C9F8003015E4CC
:1050D000354A106800F50C3A0AF520718E4500F348
:1050E000988100F53B522032964504DD2F48016837
:1050F000002900F060820198002840F0C6812B4909
:10510000284A234BC9F8000008601060C3F800E08B
:10511000FFF7F4BB002B00F044811D48002A00F08B
:10512000D880006800F5BB5310339E457FF7E6AB8F
:10513000022110223160C9F80020FFF7DFBB002BED
:1051400000F0528118490920C1F800E0C9F80000B8
:10515000FFF7D4BB0E490868903086457FF7CEAB89
:105160000123C9F80030FFF7C9BB00BF0018024097
:105170000000000070100020481F0220B01C022018
:10518000A81200209FAAAA3E9012002040100020E2
:105190002410002020130220C813022068100020D1
:1051A000581000209C130220BC130220A4130220DC
:1051B000002A00F0C480BC4A0C21C2F800E0C9F803
:1051C0000010FFF79BBBBCF1000F07D0B74909687F
:1051D000002940F0C480002840F3C180B449B54B99
:1051E000B54A01200860002119600F23C2F800E0D1
:1051F000C9F80030FFF782BB002A00F00281002BC3
:1052000000F0B880AD490868B0F5967F00F3B28031
:10521000AB48AC490123032203600B60C9F80020AE
:10522000FFF76CBBA84900200860002A79D0A74A84
:1052300011684A0475D40222C9F80020FFF75EBB4A
:10524000A348026812B9A34901230B609A48026877
:1052500002F5BB4140318E457FF750AB1123C9F8B1
:105260000030FFF74BBB019A002A7FF447AB92490D
:105270001223C1F800E0C9F80030FFF73FBB9FEDF3
:10528000960AF4EE404AF1EE10FA3FF435AEF5EE30
:10529000007AF4EE674AF1EE10FA7FF430AE2BE6B6
:1052A000C5F800C0CCBF4FF001094FF00009FFF76F
:1052B0005FBACCBF012000200B608144FFF776BAB3
:1052C0002260CCBF4FF0010A4FF0000AFFF75FBA2F
:1052D0007948C0F800E0FFF711BB002AF8D0BCF114
:1052E000000F00F01181DFF8D0A1DAF8002002F5FC
:1052F000BB3C0CF58070864540F34781774B1968BD
:10530000012900F07381714A7548136843F0400128
:105310001160102341F288320260C9F80030FFF7B3
:10532000EDBA002B00F09F8066486E4A01210160B3
:10533000082300201060C9F80030FFF7DFBA019899
:1053400000287FF4DBAA5B49674ADAE601287FF48C
:1053500052AC664A906902287FF44DAC51E6002BAE
:1053600000F0F580624B196801F6B83086457FF78A
:10537000C5AAE7E65E48BCF1000FAAD0026802F5B4
:105380003B5320339E457FF7B9AA5A4A4E491368CA
:1053900001200344032BC8BF002308601360184694
:1053A0006FE64848C9F8003003604E4A424B01217D
:1053B0001160C3F800E0FFF7A1BA0423C9F8003078
:1053C000FFF79CBA3E4B196800293FF43EAE3948BE
:1053D0000268BCF1000F00F00081002A7FF48EAA61
:1053E00001210160FFF78ABA019800287FF486AA9C
:1053F000304A314BC9F800001060C3F800E0FFF7F5
:105400007DBA2F48012104230160C9F80030FFF75D
:1054100075BA2A49384B0868DFF8E4A053F8202011
:10542000CAF8002040F6B8312960396001F0ECFE7E
:10543000DAF8000042F6E06101F022FC234A294933
:105440001368DFF8C0C01F4843F020031360002337
:105450000B602A49CCF800300A2203600B60C9F8BF
:105460000020FFF74BBABCF1000F3FF447AA114BE5
:105470001F480D4AC0F800E0012119600E23C2F850
:1054800000E0C9F80030FFF739BA002B7FF436AAE4
:10549000BCF1000F3FF432AA18480B220360C9F890
:1054A0000020FFF72BBA00BFBC130220E41200203B
:1054B000E01200209C130220241000208C200220E7
:1054C00020130220A813022058100020742002206C
:1054D00088130220CC1302209FAAAA3EA01200200B
:1054E00050100020C013022040130220A8120020F8
:1054F000C8130220681000205C210220A41302209F
:1055000018140220B4130220002B3FF4E1AEDFF8A0
:1055100040A1DAF8001001F5BB50103086457FF746
:10552000EDA9404A40491368DFF80CE13F4843F4D5
:105530008053136000230B603D49CEF800301322E6
:10554000336003600B60C9F80020FFF7D7B9002A69
:105550003FF4D4A93748026802F6B83AD6453FF777
:105560002AAEFFF7CBB940F6B8312960396001F0B7
:105570004BFE2C48026842F4005C4CF020030A21E8
:105580000360C9F80010FFF7B9B9002B3FF4B6A9C2
:10559000BFE7009001F054FD2748009B224A2349B1
:1055A0000360264813600B6001224FF47A73026097
:1055B0002B60FFF7A3B9009101F0C2FC1E4A0098CE
:1055C00019491A4B10601E4A0860186001214FF4F7
:1055D0007A7011602860FFF791B9012A7FF48EA9D3
:1055E000184BC0F800C01A60FFF788B910480021B6
:1055F0000160316001F008FE0A49134B0A681B681C
:10560000CAF80030114842F4005A4AF0200241F230
:10561000883C13230A60C0F800C0C9F80030FFF7C7
:105620006DB900BF74200220C0130220A81302200D
:10563000E4120020C8130220B413022040130220F9
:10564000A4130220E0120020881C02205010002029
:1056500024100020D0E9002388B0D0E90265009230
:10566000046941690193D0E9060202960395049406
:10567000059106900792FEE7FEE700BF1EF0040FBB
:105680000CBFEFF30880EFF309808169004A1047EF
:1056900055560208704700BFFEE700BFFEE700BF97
:1056A000FEE700BFFEE700BFFEE700BFFEE700BF6A
:1056B000002070472DE9F041394C3A4D4FF49613D4
:1056C00007460E46236004E02068411E2160002842
:1056D00063D04FF40031284606F066FA0028F3D173
:1056E0003048DFF8CC802F4D012106F055F94FF4FA
:1056F0008050206004E023685A1E2260002B4CD0AA
:105700004146284606F03CFA0028F4D03421002215
:105710002448DFF8A080234D06F056F94FF480515D
:10572000216004E02068411E2160002835D04146F8
:10573000284606F025FA0028F4D0C6F3002242EAF3
:1057400047051848184FE9B2054606F0BDF94FF471
:105750008053236003E023685A1E2260EBB1394670
:10576000284606F00DFA0028F5D00E48F1B24FF4A5
:10577000961780460D4E06F0A7F9276003E02068D3
:10578000411E216048B13146404606F00DFA00281E
:10579000F5D00121034806F00BF90020BDE8F081A7
:1057A000140300200058004080000700040000108F
:1057B000010003008200070038B500210F20FFF729
:1057C00079FF054D0024E0B235F8021B0134FFF7E4
:1057D00071FF0A2CF7D138BD3CEB030810B58400EB
:1057E0001334A4B221460020FFF764FF21460120B4
:1057F000BDE81040FFF75EBF30B50F4C0F4D85B0D0
:1058000001214FF4800006F0D1FB204605F0F2FFA5
:105810000B4A0C4B01924FF4804C20460121ADF80D
:105820000CC00093029506F095F82046694606F0F4
:1058300017F805B030BD00BF005800403300000429
:105840000000FFBFA086010030B5104C85B00546B2
:1058500001214FF4804006F0A9FB204606F05CFDD4
:105860004FF0000C4FF400724FF000732046694671
:10587000ADF80CC0CDE90023029506F0D5FD6946D0
:10588000034806F09BFE05B030BD00BF0038004065
:105890000034004030B5012183B0214C214D062059
:1058A00006F060FB204B204669464FF44062CDE98C
:1058B000002305F0FFFE204604220A2105F086FFA2
:1058C000204604220B2105F081FF40F2022C4FF408
:1058D000704269462046CDE9002C05F0EBFE4023DE
:1058E00069462846009305F0E5FE204605220C2176
:1058F00005F06CFF204605220D2105F067FF2046CC
:1059000005220F2105F062FF204605220E2105F039
:105910005DFF28460522062105F058FF03B030BD83
:1059200000040240000802400202010070B584B089
:105930000646FFF7AFFF01214FF4800006F036FB6B
:105940001E481F4D05F056FF1E491F4A1F4B01916F
:105950004FF480440121194802920093ADF80C40A5
:1059600005F0F8FF6946154805F07AFF2046012149
:1059700006F01CFB164806F0CFFC4FF40070002424
:105980006946029600904FF000761148ADF80C4041
:10599000019606F049FD69460E4806F00FFE2146C5
:1059A0000F20FFF787FEE0B235F8021B0134FFF746
:1059B00081FE0A2CF7D1002004B070BD00580040D1
:1059C0003CEB03080000FFBF33000004A086010089
:1059D00000380040003400402DE9F84F424D434C60
:1059E00001214FF4001006F0BDFA2846002106F010
:1059F0003DFF284606F066FE0FF2DC09D9E9008972
:105A0000DFF8F8C000224023CCE902234FF4806283
:105A10004FF40063CCE90089CCE906234FF000087D
:105A20004FF480734FF000094FF6FE7600274FF4D5
:105A3000403A4FF0000B4FF40052CCE90467CCE938
:105A400008236146CCE90AABCCE90C89284600253D
:105A5000CCF8385006F0CCFE01220221244806F092
:105A6000EDFD2946204606F001FF204606F02AFEFD
:105A7000DFF88CC01AA3D3E90023CCE904674FF404
:105A800080664FF40067CCE906674FF400564FF488
:105A90008077CCE9002361462046CCE90289CCE935
:105AA0000867CCE90AABCCE90C89CCF8385006F091
:105AB0009FFE20460122182106F05AFF0D4B0E488A
:105AC0004FF48041012219601146BDE8F84F06F0FD
:105AD000B5BD00BFAFF30080000000000C380040EF
:105AE000000000060C340040706002405860024024
:105AF0000038004000E100E00034004020140220A3
:105B000060140220F8B5DFF88CC01B4BDFF888E08A
:105B10001A4FCEF80000CCF8001006460D46184883
:105B20001A6119469E6014463A6006F061FE154AF5
:105B3000154895601146146106F05AFE012110487F
:105B400006F094FE0121104806F090FE0F48818B6C
:105B50004A0504D50E48838B5B0507D5F8BD0121A6
:105B600006F0E4FC0A48838B5B05F7D40121BDE80D
:105B7000F84006F0DBBC00BF20140220A014022075
:105B800070600240601402205860024000380040FB
:105B9000003400409C140220A414022008B54FF0E9
:105BA000C0511B4806F0AEFE30B94FF0A051184866
:105BB00006F0A8FED0B908BD164B17491A68174859
:105BC0000968006842F34F02530019441844002347
:105BD00001F0A2FC4FF0C0510D4806F0B1FE4FF0AD
:105BE000A0510B4806F08EFE0028E4D0094A0A496D
:105BF00012680A4809680068012342F34F0201F065
:105C00008BFC4FF0A0510248BDE8084006F098BE5A
:105C100058600240A0140220A41402209C14022008
:105C20002DE9F043444D93B00023AA1E05F13E0137
:105C300022F8023F80338A429BB2F9D13F4C404860
:105C400016260121266006F08DF901214FF0005043
:105C5000002406F0ABF910270322694639488DF875
:105C6000042000978DF8074005F024FD38460121F7
:105C700006F09CF902A807F0B1FB40F2537802A9A4
:105C80003148ADF81040CDE9024807F057FB20211C
:105C90002D4808F0D9F801212B4807F0F3FB2B4BD6
:105CA00004260027C3E90067194620460FF2800941
:105CB000D9E90089DC6006F055FA254806F002FDB6
:105CC0004FF480604FF4006C402302A90495CDE9A5
:105CD0000289012508904FF400574FF480794FF462
:105CE00000361B480794CDE909C7CDE905330D946B
:105CF000CDE90F44CDE90B960E9506F079FD2A46C5
:105D00001821134806F034FE124B11484FF480322C
:105D10001A60294606F0AAFD2946204606F03EFAFA
:105D20002946204606F0B6FA13B0BDE8F08300BF5E
:105D30000000000E08740040B8140220381502203C
:105D4000010020000000024000100040A8140220C2
:105D50008860024000E100E008B51C491C4806F0DC
:105D6000D1FDA8B11B4B1C4A9FED1C7A03F18001A9
:105D7000F3EC017A27EE870A8B42FCEEC00A10EEA4
:105D8000900A22F8020FF3D11049114806F0D8FD0D
:105D900013490F4806F0B6FDB8B1124B124A9FEDF9
:105DA0000F1A03F1800CF3EC011A21EE812A9C45B5
:105DB000FCEEC22A12EE901A22F8021FF3D1084913
:105DC0000348BDE8084006F0BBBD08BD0008002040
:105DD00088600240401D0220F614022000F07F453A
:105DE00000040020C01C0220B614022010B50121BE
:105DF00084B00E4C102006F0D9F801A807F0EEFA96
:105E0000002340F2537201A920460292ADF80C30F3
:105E1000019307F093FA2046202108F015F8204658
:105E2000012107F02FFB04B010BD00BF001000409F
:105E3000F0B57F4D7F4F804C83B001217E2006F06E
:105E400091F860232846694640F20232CDE90032DB
:105E500005F030FC28460C22052105F0B7FC284649
:105E60000C22062105F0B2FC012669463846009650
:105E700005F020FC38460C22002105F0A7FC4CF26E
:105E8000037769462046009705F014FC20460C2253
:105E9000002105F09BFC314620460C2205F096FCC3
:105EA00020460C22082105F091FC20460C220921F5
:105EB00005F08CFC20460C220A2105F087FC2046C8
:105EC0000C220E2105F5406505F080FC20460C22D1
:105ED0000F2105F07BFC4FF683736946284600933B
:105EE00005F0E8FB28460C22002105F06FFC314646
:105EF00028460C2205F06AFC28460C22072105F0F2
:105F000065FC28460C22082105F060FC28460C227E
:105F1000092105F05BFC28460C220A2105F056FCFD
:105F200028460C220B2105F051FC0C222846114674
:105F300005F04CFC28460C220D2105F047FC2846B4
:105F40000C220E2104F5006405F040FC28460C22CA
:105F50000F2105F03BFC694620464FF63F020092B8
:105F600005F0A8FB20460C22002105F02FFC31464D
:105F700020460C2205F02AFC20460C22022105F0C6
:105F800025FC20460C22032105F020FC20460C2293
:105F9000042105F01BFC20460C22052105F016FC0F
:105FA00020460C220B2105F011FC0C222046114644
:105FB00005F00CFC20460C220D2105F007FC2046C4
:105FC0000C220E2105F5006705F000FC20460C228E
:105FD0000F2105F0FBFB48F237156946384600955E
:105FE00005F068FB38460C22002105F0EFFB314636
:105FF00038460C2205F0EAFB38460C22022105F057
:10600000E5FB38460C22042105F0E0FB38460C2263
:10601000052105F0DBFB38460C22082105F0D6FBF4
:1060200038460C220F2105F0D1FB03B0F0BD00BFB4
:106030000004024000080240000C024010B501209C
:1060400086B0082101220023CDE90201CDE9042315
:106050002021012005F0DAF904460028F8D102A831
:1060600005F04CF9294B01940193019828B101994D
:106070004A1E0192019C002CF9D102200821012224
:106080000023CDE90201CDE904232021012005F000
:10609000BDF90028F9D102A805F030F90320082144
:1060A00004220023CDE90201CDE9042320210120AF
:1060B00005F0ACF90028F9D102A805F01FF920215C
:1060C000012005F0A3F90028F9D102A805F016F97E
:1060D00004200821012240F23123CDE90201CDE95B
:1060E00004232021012005F091F90028F9D102A80C
:1060F00005F004F940F2AA2005F020F92021012042
:1061000005F084F90028F9D106B010BD80841E0086
:1061100030B595B0FFF78CFE0121084605F03AFF37
:1061200004220623CDE9022302220323CDE904231E
:106130000224062501220123CDE90045CDE90823EB
:106140000824102540224FF4C0730321CDE90A45ED
:10615000CDE90C2308A84FF480524FF400530024DB
:106160004FF400650691CDE91023CDE90E45CDF839
:1061700048D005F049F8FFF761FF15B030BD00BF0A
:1061800030B583B00B46054600210120019314462B
:1061900005F0E4F82021012005F038F90028F9D1B4
:1061A0005CB1019A019855F8041B02F1504C04307F
:1061B000013CCCF800100190F3D103B030BD00BF1A
:1061C00030B583B00546019114462021012005F029
:1061D0001DF90028F9D15CB1019B03F15040013C4D
:1061E0000268019945F8042B01F104010191F3D1F2
:1061F00003B030BD000000002DE9F043684BDFF82C
:10620000DCE1DFF8DCC1674F674E6849684A8046C9
:106210009DB003F5807000240025E3E80245834229
:10622000EEE90245ECE90245E7E90245E6E9024507
:10623000E1E90245E2E90245EFD15E4B5E495F4A82
:106240005F4F60480026C3E90045C3E90245C3E942
:1062500004450E80012116809E613E8005F082FE7D
:1062600001214FF4806005F0ADFE4BA2D2E900128F
:106270004FF48067CDE90C124FF400604FF40051E9
:106280004FF006094FF480724FF4003312971390C9
:10629000012714914C4815920CA916930F9611964C
:1062A0001796CDE91966CDF83880CDF8409018974B
:1062B00006F09EFA3946444806F0D8FA4FF4803387
:1062C000002202A8CDE90223CDE9044506F0F2FB45
:1062D00040F2011206A93D48ADF81C20CDE9084561
:1062E000069603240A968DF82C900F2506F0B0FB35
:1062F000694637488DF8076000958DF8044005F031
:10630000D9F969464FF4A07332488DF807600093BD
:106310008DF8044005F0CEF931463A4605232B4866
:106320002D4E06F019FC394605230222274806F0B7
:1063300013FC224605230221244806F00DFC2146C9
:1063400005230422214806F007FC05231A460421F0
:106350001E4806F001FC05234A4649461B4806F044
:10636000FBFB3A461021184806F002FB4FF0807202
:1063700072603946154806F079FC3946134806F034
:106380006BFC3946114806F0AFFB104806F02AFCBA
:106390001DB0BDE8F08300BF000000044C220140A6
:1063A000401B02203818022038170220381A022019
:1063B00038190220481C0220441C0220421C0220E2
:1063C000401C0220250040001064024000220140D1
:1063D000000002400014024000E100E038160220F4
:1063E000381502202DE9F84F4F49504806F08AFA37
:1063F000002800F092804E4E4E4BB6F800E0B6F802
:1064000002A0B3F900204C484C4B4D494D4C4E4F27
:10641000B4F9005050F822B0B7F90040DFF83091DD
:1064200051F82270B6F80480DFF828C11FFA8EFEFA
:106430001FFA8AFA40F822E041F822A01868596849
:10644000A0EB0B0BC81B59F8257099681FFA88F848
:10645000C91BF3445CF82570DFF8FCE049F825809F
:10646000504401EB080AD96858600011CEF80400C6
:10647000C91B3648F78850F82400C3F800B01FFA4B
:1064800087F81F694CF82580381A3789DFF8CCC0A7
:10649000C3F808A04FEA2B1BCEF800B041441FFA06
:1064A00087FB5844D960294F186189114FEAAA190E
:1064B000CEF80C10811047F824B0CEF80890CEF832
:1064C00010105CF825005F697689391AB6B2681C2D
:1064D0000134314407B2013224B216484CF8256029
:1064E000184D596112B24FEAA11A032C02802F8075
:1064F000CEF814A013DC144B1C800F2A02DD0D4AC9
:10650000002414803F2F02DD0E4800270780064933
:106510000648BDE8F84F06F013BABDE8F88F0A49FF
:1065200000260E80E9E700BF200000101064024042
:10653000F00F0020401C022040150220481C0220C1
:1065400040160220441C0220421C02204019022056
:106550004017022040180220681C0220401A022026
:1065600040F0BF60024B40F40031D960704700BF7B
:1065700000ED00E0F0B40178C378012401F01F02BF
:1065800094404E09E3B1114D4378ED6890F802C094
:106590000F4FEA43C2F30220C0F10405EAB20F250F
:1065A00045FA00F09340DAB20CEA000313431D01F0
:1065B0003944E8B281F8000347F82640F0BC704740
:1065C0002036034840F82640F0BC704700ED00E05C
:1065D00000E100E021F0604121F07F02014B024325
:1065E0009A60704700ED00E0044A136911B103435B
:1065F0001361704723EA00001061704700ED00E06E
:10660000044A136804280CBF43F0040323F0040376
:106610001360704710E000E0F0B53C4C2368B3F520
:10662000967F6CDC00286ADD394A1168884266DC96
:10663000002B2FD064DB374D2E68B0425FD02F4641
:1066400005EB830257F8041F884258D0BA42F9D1AB
:1066500055F82320904203F1010C55DC03F1804EE4
:106660000EF1FF3605EB8601E64604E051F80429F9
:10667000904207DC3B46012B45F82E2003F1FF3703
:106680009E46F3D1244A45F823002448C4F800C0AC
:10669000906007E01F4E204F204D33600121706055
:1066A000BD6021601E4A1F4B9568DFF880C0D2E9AB
:1066B00000E6D2E903400EF1640106F16407C3E984
:1066C0000017D2E9067105F1640604F1640500F1D2
:1066D00064045069DCF80020DD60134D9E6000F119
:1066E000640E1C616437643142F020064FF4F0748C
:1066F000C3F814E09F61D961CCF800602C60F0BD54
:1067000001339C46034DBDE76346BBE78C20022066
:10671000A41C02205C210220EC1D0220CDCC8C3F69
:10672000681C0220A420022028410220742002209C
:106730002DE9F04FC74CC84FC84EC948C94DCA4A89
:10674000DFF8C4C3DFF8C4E300212160C74C39601F
:106750003180C74FC74E21600160C74CC7483960C0
:106760003160C74FC74E296021600160C64DC748E0
:10677000C74C39603160C74FC74E29604FF03E5853
:10678000C4F80080C54D0160C54CC6483960316011
:106790004FF09F47002629602660C34D0760C34C19
:1067A000C34F2E603E60C34D2660C34ECCF8001030
:1067B0004FF07E590420C2F38003CEF80000C5F8E4
:1067C0000090C6F80090002B00F0418211604FF05D
:1067D000010AC3F57A7102EB830B4B080BEBC30C78
:1067E00000240025EBE80245E345FBD121F0010040
:1067F0008244814218BF0020DFF8149318BF42F88A
:106800002A004FF00008AD49DFF808B3DFF808C3ED
:10681000DFF808A3AA4EAB48C9F800800023AA4FAE
:10682000AA4DAB4CDFF8F892CAF80030CCF8003033
:106830003360CBF800300860DFF8E8C2DFF8E8A288
:10684000A44E48608860C860DFF8E0B2A248C7F88C
:106850000080C5F80080C4F8008000250024C9F835
:1068600000B09E4FDFF8C892DFF8C8B2C9F800B098
:10687000CAE90045CCE90045CCE90245C6E9004536
:10688000C6E90245C0E90045C0E90245DFF8A8A213
:10689000934A01240125C7E90045C7E902454FF4A1
:1068A0009679904DCAF800908F4CDFF890A2C5F809
:1068B00008A0DFF88C92DFF88CA2C2F8008040F6C6
:1068C000D86BF0EE007AB7EE080AC4F800B0C2F850
:1068D0000480C2F80880C2F80C80844CDFF868B2EB
:1068E000C5ED007A85ED010A814DCAF80080C9F82E
:1068F0000030DFF858A2DFF8588223604FF050498B
:10690000C5F80090CBF800907A4C7B4B7B4DCAF8D1
:1069100000904FF0514BC8F800B0DFF838A2DFF814
:1069200038B2C3F800A04FF40008C4F80080C5F8DE
:1069300000B0DFF82882C9F800B0714CDFF820A25F
:10694000DFF820922B680AFB03932B6044F8043B8A
:10695000B4F1514FF6D14FF05045002445F8044BA7
:10696000B5F1514FFAD1674B002403F5807B43F812
:10697000044B9B45FBD1DEF80050002D00F0168142
:106980004FF0010ADFF8E091DFF8E0E1DFF8E0B175
:10699000146000235545C1F800B0C9F80030CCF8A8
:1069A000003033600360CEF80030C7F800A000F07C
:1069B000FD80022DC1F804B0CCF804305460C7F853
:1069C00004A073604360C9F80430CEF8043000F0CE
:1069D000ED80032DC1F808B0CCF808309460C7F8FA
:1069E00008A0B3608360C9F80830CEF8083000F022
:1069F000DD80042DC1F80CB0CCF80C30D460C7F8A1
:106A00000CA0F360C360C9F80C30CEF80C3000F075
:106A1000CD80052DC1F810B0CCF810301461C7F846
:106A200010A033610361C9F81030CEF8103000F0C7
:106A3000BD80062DC1F814B0CCF814305461C7F8ED
:106A400014A073614361C9F81430CEF8143000F01B
:106A5000AD808FE02441022020410220AC1C0220A6
:106A6000C01D0220382002205C21022008210220C3
:106A7000B01C0220B41C02203C200220B81C0220C2
:106A8000EC200220881C0220A81C0220981C022056
:106A9000982002204C2102209C1C02201821022058
:106AA00048210220201E02201C1E022064200220F9
:106AB00054210220181E0220E8200220641E022019
:106AC00040210220CDCC4CBED8200220D020022074
:106AD000C8200220F81F0220D81F0220B81F022061
:106AE0004C1F02202421022078200220F4200220C2
:106AF000FC200220A41C0220A01C0220F82002205E
:106B0000040000D0C01C02201C410220882002206A
:106B1000D42002208C200220BC1C02205C200220F9
:106B200060200220701F0220901C02203333333F6C
:106B3000A0200220ECCB953980200220AAAAAA3FEF
:106B400020210220382102201C2102206C2002205A
:106B500000210220FFFF7F0071E73EC6EC1D0220EE
:106B60003584B30B6B631936E81E0220182002200F
:106B70006F1283BA072DC1F818B0CCF818309461A1
:106B8000C7F818A0B3618361C9F81830CEF818307F
:106B90000CD0C1F81CB0CCF81C30D461C7F81CA0D4
:106BA000F361C361C9F81C30CEF81C3029499FED50
:106BB0002A7A01F18802D1ED000A20EE871AA1ECB1
:106BC000011A8A42F7D1254F254AD7E900066430D9
:106BD0006436D7E90245D7E90413C2E90006D7E9CC
:106BE0000676643464356431643364371D489460D8
:106BF000D56011615361976100231B4F1B4C1C4DE5
:106C00001C4903604FF0000C64361B482360C7E941
:106C10000033C7E90233C7E90433BB61C5F800C0DC
:106C2000C8F800C0C8F804C0C8F80CC0C8F810C044
:106C3000C8F814C0C8F818C0C1F800C00F4CD6611D
:106C40004FF4F0720260C8F80840BDE8F08F9A4631
:106C5000BFE500BF68040020B29D6F3F681C0220A2
:106C6000A4200220042102204020022070200220C3
:106C70003C210220CC20022028410220CDCC8C3F98
:106C8000F0B53C4C2368B3F5967F6CDC00286ADDD8
:106C9000394A1168814266DB002B2FD064DB374D07
:106CA0002E68B0425FD02F4605EB830257F8041FD1
:106CB000814258D0BA42F9D155F82320904203F1CD
:106CC000010C55DC03F1804E0EF1FF3605EB860119
:106CD000E64604E051F80429824207DB3B46012BDB
:106CE00045F82E2003F1FF379E46F3D1244A45F89C
:106CF00023002448C4F800C0906007E01F4E204FD6
:106D0000204D336001217060BD6021601E4A1F4B21
:106D10009568DFF880C0D2E900E6D2E903400EF1C1
:106D2000640106F16407C3E90017D2E9067105F1B1
:106D3000640604F1640500F164045069DCF8002085
:106D4000DD60134D9E6000F1640E1C616437643198
:106D500042F020064FF4F074C3F814E09F61D9614B
:106D6000CCF800602C60F0BD01339C46034DBDE7BC
:106D70006346BBE78C200220A41C02205C21022079
:106D8000EC1D0220CDCC8C3F681C0220A4200220E8
:106D900028410220742002205B4A5C4B5C481B683F
:106DA0001168F0B404685B4D9942C8BF1360A342F8
:106DB000B8BF0360286800287FDD5749574A0E682E
:106DC000574D584CB342B8BF1E4606F1FF37B8BF07
:106DD0000B6052F8266052F827702F600128266059
:106DE0006BD04E68B342B8BF1E4606F1FF3CB8BF39
:106DF0004B6052F8266052F82C706F600228666073
:106E00005BD08E68B342B8BF1E4606F1FF3CB8BFE8
:106E10008B6052F8266052F82C70AF600328A66091
:106E20004BD0CE68B342B8BF1E4606F1FF3CB8BF98
:106E3000CB6052F8266052F82C70EF600428E660B0
:106E40003BD00E69B342B8BF1E4606F1FF3CB8BF47
:106E50000B6152F8266052F82C702F6105282661CC
:106E60002BD04E69B342B8BF1E4606F1FF3CB8BFF7
:106E70004B6152F8266052F82C706F6106286661EB
:106E80001BD08E69B342B8BF1E4606F1FF3CB8BFA7
:106E90008B6152F8266052F82C70AF610728A6610A
:106EA0000BD0C8698342BCBF1846CB61411E52F863
:106EB000203052F82120EA61E3611B4D2C68012C3F
:106EC00020D11A4E174F3268154857F8223050F823
:106ED00022501749174E91ED007A174F174C581B47
:106EE00007EE900AB8EEE70A07EB820C70EE470A4D
:106EF00084ED000ABDEEE01A8CED000A11EE103AA6
:106F000046F82230F0BC7047BC1C02208C200220C6
:106F1000E41D022088200220B81F02205C210220EC
:106F2000F81F0220D81F0220141E0220B81C0220C5
:106F30000C1E0220701F02204C1F0220901F0220F6
:106F40002DE9F041364D286800285ED0354B1E688B
:106F5000B0425AD0002E58D0741C3349A04251F888
:106F6000242041F82620B8BF00F1FF3C24DBB71CE9
:106F7000BA00131F0B448F181F437F0700F1FF3C1B
:106F800045D1ACEB06070A2F41D9801BA2F10808B6
:106F90004608884403EBC602F8E90267E3E80267A3
:106FA0009342F9D120F00107B8423C4404D0631C5D
:106FB00051F8230041F82400C5F800C0FFF7ECFEAB
:106FC0001A4B1B4A1968106941F0200C5169C3F82B
:106FD00000C0D2E90065D2E9024701F16408D2E9B4
:106FE0000612144B64366431643564341E60C3E9A0
:106FF0000581114E643764306432C3E901544FF4A3
:10700000F075DF601861DA613560BDE8F0810B4929
:1070100001EB80065A6843F8042BB342FAD1CBE760
:107020008C200220BC1C02205C2102207420022043
:10703000681C0220A4200220284102206021022096
:10704000DFF8B0C1DCF800204AB32DE9F0475E4F0D
:10705000012A3E6824D046F4804038605B495C4B8E
:10706000D1E90097D1E90265D1E90440D1E90612DE
:10707000643709F1640A64366435C3E900A7554FE3
:107080006434643064316432C3E902654FF4F076ED
:107090001C61C3E90501DA613E60BDE8F087704715
:1070A0004D49C1F38003002B00F08C8000240C605C
:1070B000C3F57A7E4FEA5E0501EB830808EBC5094C
:1070C00000240025E8E80245C145FBD12EF001006F
:1070D00002448645414B424C1CBF002041F822002F
:1070E0001A68404900239A428C60CCF8003063DD76
:1070F0000125DFF80491DFF80481DFF804C13A4C80
:107100003A483B49DFF8FCA0C9F800A04FF0000E58
:10711000AA42C8F80030CCF800E0256003600B609C
:107120004AD0022AC9F804A0C8F80430CCF804E018
:10713000656043604B603FD0032AC9F808A0C8F8D7
:107140000830CCF808E0A56083608B6034D0042A56
:10715000C9F80CA0C8F80C30CCF80CE0E560C360AE
:10716000CB6029D0052AC9F810A0C8F81030CCF897
:1071700010E0256103610B611ED0062AC9F814A036
:10718000C8F81430CCF814E0656143614B6113D04A
:10719000072AC9F818A0C8F81830CCF818E0A5617B
:1071A00083618B6108D0C9F81CA0C8F81C30CCF8EA
:1071B0001CE0E561C361CB6146F4005646F0200255
:1071C0003A604BE71A4673E774200220681C0220DD
:1071D000A4200220284102205C21022088200220D5
:1071E000CDCC8C3FEC1D0220B81F0220F81F0220DE
:1071F000D81F02208C200220641E0220701F022053
:107200004C1F0220CDCC4CBE434AC2F380032DE973
:10721000F041002B7DD0002010600121C3F57A766B
:10722000740802EB830707EBC40300250024E7E89A
:107230000245BB42FBD126F00105AE4229441CBFEA
:10724000002542F82150354A354E126835493648F6
:10725000886000239A42336059DD0125DFF8DCE0C5
:10726000DFF8DCC0314E324C32483349DFF8D4808D
:10727000CEF800800027AA42CCF8003037602560A5
:1072800003600B6043D0022ACEF80480CCF80430AF
:107290007760656043604B6039D0032ACEF8088080
:1072A000CCF80830B760A56083608B602FD0042ACB
:1072B000CEF80C80CCF80C30F760E560C360CB6092
:1072C00025D0052ACEF81080CCF810303761256122
:1072D00003610B611BD0062ACEF81480CCF8143061
:1072E0007761656143614B6111D0072ACEF8188040
:1072F000CCF81830B761A56183618B6107D0CEF8F7
:107300001C80CCF81C30F761E561C361CB61BDE83E
:10731000F081194682E700BF5C210220882002200C
:107320008C200220EC1D0220CDCC8C3F4C1F022073
:10733000B81F0220F81F0220D81F0220641E02205E
:10734000701F0220CDCC4CBE704700BFF8B5254958
:10735000254B0C681A68254F254E264DA2424FF04A
:107360000003C8BF0A6001283B6033602B6028D04F
:1073700021490A68012A2ED0032802D01F4D01237B
:107380002B601F491F4BD1E900C7D1E90265D1E944
:107390000440D1E9061264370CF1640C643664359C
:1073A000C3E900C7184F6434643064316432C3E900
:1073B00002654FF4F0761C61C3E90501DA613E60B5
:1073C000F8BD04461046FFF727F90B480F4F066833
:1073D0003C60012ED2D10E490A6842F408640C6068
:1073E000CFE700BF141302200C210220201302203B
:1073F000082102209C1C0220901200202813022049
:10740000681C0220A42002202841022054100020E1
:1074100074200220D0ED007AB6EE007AF4EEC77A3E
:10742000F1EE10FA2DDDB7EE001A71EE670ADFED0E
:107430001C6A9FED1C4A9FED1C5ADFED1C5A9FED04
:107440001C6A60EEA61AF7EE004A21EEA12A77EE3A
:10745000802AA2EE045AB0EE640AE5EE025AF4EE77
:10746000E42AA5EE826AF1EE10FAA6EE020A20EEF8
:10747000210AC4BFF0EE001A72EEE12AC0ED002A24
:107480007047FEEE000AF4EEE07AF1EE10FA46BF25
:10749000FFEE000A70EEE70AF0EE670AC7E700BFEA
:1074A000DB0F49401DEF3836010D50B98988083C83
:1074B000ABAA2ABE024A034B02FB0030704700BF52
:1074C0003584B30B6B631936104A114BF0B4D2E913
:1074D00000C7D2E90265D2E90440D2E90612643756
:1074E0000CF1640C64366435C3E900C7094F643499
:1074F000C3E9026564304FF4F076643164321C6194
:107500003E60C3E90501DA61F0BC7047681C0220E7
:10751000A4200220284102202DE9F04F454C464D81
:10752000464E00232DED108B6360454C33602F6871
:107530002368444ED9B001379046012B32682F6042
:10754000189201F09780404D404E2C68DFF830C112
:1075500056F82430DCF8002082463D488946C16850
:107560003C48C768C160D31ACA1B3B4F46F8242069
:10757000601C3E6800F01F0013442860304DCCF8BA
:1075800000300124B3422C6048DD002B46DD3B6017
:10759000324B1A681AB9324F4FF07E563E60DFF810
:1075A000E4E0304CDEF800302268002B6CD12E492C
:1075B0000888002868D12D480569680564D52C4DD8
:1075C0002C4E2C684D96D200B2F5166FA2EB04003B
:1075D000326000F140003CBF4FF416623260012778
:1075E000802898BF4D9A0F801E4996BF14602A606C
:1075F00022460F604E97002A61D01F4D9FED1F7AE3
:10760000174E164F520905EB8204D4ED007A27EE8F
:10761000870A012086ED000A386050E059428E4208
:10762000B6DA002B0D4BB8BF39601A68002AB6D104
:10763000B1E700BF001000E094130220141E0220E6
:107640005C200220E41200201C4102209C40022009
:10765000681C0220A420022020410220B01C02202D
:1076600044210220A81C0220AC1C02200018024069
:1076700068200220B41C022050EF03080080BB45A4
:107680002441022038130220C44FC54D3E6916F430
:10769000806408BFC34802F1010245F6BF5108BF2C
:1076A00004802A608A42C04A4D9240F2E887BF4F68
:1076B000BF4C29600026166026603E604E96BD498C
:1076C000DFEDBD6A0D68DFEDBD0A01EE105AF8EE80
:1076D000C11A21EEA62AB4EEE02AF1EE10FA41F327
:1076E000B780B7EE004A8DED314AB54EB14C3268E5
:1076F000A068B44F90423968C1F29980861A04EEAE
:10770000906AB14CF8EEE48A884201F30C80D4ED23
:10771000009A9FEDAEBAAE4FAE4AB9681468AE4F4C
:1077200068EEA9AAF7EE00BAF4EECBAAF1EE10FAD1
:10773000B8BFF0EE4BAAF4EEEBAAF1EE10FA88BF58
:10774000F0EE6BAA461A48BF0E1A3A68002C40F0B9
:10775000AF87002A40F3AC87964C9D4967688860E4
:10776000A346E668DBF81810DBF81400246901F181
:10777000640B974964356437C1E900578D4D0F4656
:1077800064366434CE606430E9693C61934E78615C
:107790003C46C7F818B0924F4F9664314FF4F075DD
:1077A0001297E1613560C7ED02AA002B40F08E8789
:1077B0009FED8CFA874807EE102A7AEECFFAF8EEA2
:1077C000C77A27EEAF0AFDEEC06A16EE903A013393
:1077D0000360012A844E03F03A813396DEF80030CC
:1077E0003068002A41F06680804C7A4D0C944FF04E
:1077F000000BB0F57A7F2A60C4F800B001F0718008
:10780000012B01F059816B48C6684069784CD4ED72
:10781000001A94ED012AD4ED022A94ED033A71EE98
:10782000823A33EEA24A34EE038AB5EEC08AF1EE14
:1078300010FA0BDDF1EE044AB4EEE48AF1EE10FA30
:1078400004D56C496C4A0F6852F827206B4D6C497F
:107850002C680A60B4420FDC361B6A4F05EE106AD2
:1078600097ED006AF8EEC55A25EE869AB5EEC09AF5
:10787000F1EE10FA43F133829FED549AC72840F39A
:10788000D187614D2C68129F9FED56BAD7ED039AB0
:1078900079EEC9AAF5EEC0AAF1EE10FA48BF79EE6A
:1078A00069AAF4EECBAAF1EE10FA80F287874F9E18
:1078B0003568691EB1F5F07F03F38F814F9E002775
:1078C000012C376001F0D180384C276040494F4C83
:1078D0004F6954F8226002F1FF3BC51B48BF3D1AB7
:1078E00054F82B204A4F202DA6EB020103DC3D6803
:1078F0008D4203F0128107EE901ADFED466A464C86
:10790000334E3960B8EEE70A40F2314BB4EEE60A86
:10791000F1EE10FA1494706184ED000AABEBA0074D
:10792000B0EE401A08DDF6EE000A21EE201AB4EEA1
:10793000E61AF1EE10FAF8DC38491D4A149C156875
:1079400001EB8700D0ED001A21EEA12A012D62EE95
:10795000212A22EE817A84ED007A03F00781012B3F
:1079600003D12F494FF07E540C60124EDFED2D0AEB
:10797000776832699FED101A2B482C492C4DDFEDAA
:107980002D1A00970FEE907AFAEECAFA02EE102A3C
:107990002FEEA03AF8EEC22A4EE000BF00180240D7
:1079A000A81C0220AC1C0220B41C0220382002209B
:1079B000B01C0220681C0220FE268A396440863FE3
:1079C0008020022078200220A02002200000000059
:1079D000A4200220BC1C02208C200220284102206E
:1079E000EC1D02206F12833A40100020FC30022070
:1079F000641E0220B81C0220B81F0220941200202E
:107A0000E41D022010140220141E02205C2102201A
:107A1000C420022000A00C49901F0220104D040831
:107A2000E8200220C3F50742E003002058030020AD
:107A3000F0040020740C483DFDEEC33A62EE817AFA
:107A400013EE906A152EA8BF1526B40020442144D9
:107A500090ED005A55F82670D1ED004AC748C84D40
:107A60000192F4EEE17AF1EE10FA329780ED005ACD
:107A7000C5ED004A00F1FD869FEDC26AF4EEC67ABC
:107A8000F1EE10FAB8BF77EEE17A01DBDFEDBE7AF6
:107A9000BE4A129E1268002A40F04E86C6ED047A55
:107AA000F0EE678ABA4F3868002843F34D80451ED0
:107AB0003D60002D43F03281129EC6ED047AB54937
:107AC0000C68012C00F06286B348B24E00250560B8
:107AD0003560B249B24F91ED049A91ED05BAB14CBF
:107AE00079EE0BBAB7EE00CA7BEE886AB1EE088A6F
:107AF00076EECCCA94ED00DA6CEE88DABDEEEDEAF3
:107B00001EEE100A03302128A8BF212020EAE075CC
:107B100007EB850B012B9BED001A00F0EF86B2EE10
:107B200000FAB4EECF7AF1EE10FA40F1D387B5EE59
:107B3000C07AF1EE10FAC2F2F6871499B4EE4FDA79
:107B4000F1EE10FA81ED00FA42F09F87964F4197CF
:107B5000F1EE001AC7ED001A944EDFED953A96ED5E
:107B6000006A9449429176EE068AF4EEE31AF1EE49
:107B700010FAC1ED008A00F3F686B7EE004AB4EEC3
:107B8000445AF1EE10FA05D1419F42988A4E8B4932
:107B90003E6001608A4E3468012C02F0D5860134C3
:107BA00002F03187874E3468012C02F0DD86DCF864
:107BB00000200CEE902A002ACCBFDFED831ADFED07
:107BC000831AB8EEECDAB7EE00EA6DEE21DAF4EEE5
:107BD000CEDAF1EE10FA42F350868DED30EA7C48B1
:107BE000DFED7C0AD0ED005A75EEE74AF4EEE04A8C
:107BF000F1EE10FA02F3E8859FED775ADFED771A80
:107C0000F4EEC54AF1EE10FAB7EE007A58BFB0EEC6
:107C1000617A8DED367AF0EE002AF4EEE26AF1EE4A
:107C200010FACDF8BC80CDE934A9464601F34E8464
:107C3000002E40F313859FED643A694D694B6A4C01
:107C40006A4A6B4F6B496C486C4E269523936C4D7A
:107C50006C4B20946C4C1E9221EE031A6B4A1097C9
:107C60002B916B4F6B4928902C966B486B4E3C9533
:107C700015936B4D6B4B39946B4C11923A9737912E
:107C800024901F96069540933D94684A684F694931
:107C900069486A4E6A4D6B4B9FED6BEA8DED4C3A2D
:107CA0000024389221972D9113903E963B953F9357
:107CB0008DED4B1A2594F7EE00BAB0EE673A349882
:107CC000DFED628A30F91420399D159BD5ED009ABD
:107CD00093ED009A129E3C9F2099D6ED007A97ED85
:107CE000007AD1ED00AA9DED31FA9DED4C1ADFED41
:107CF000583ADDED360ADFED572A5749640006EEA3
:107D0000902A44940234B8EEE66A005F119A4594D2
:107D100026EE28BA0CEE100AB7EE088AB0EECBDADF
:107D20002BEE082AF8EECCCAB4EEE9DAF1EE10FA3E
:107D30006CEEA8DAB4EEEB2AB8BFB0EE69DAF1EE79
:107D400010FAFFEE00EA88BFB0EE6B2A6DEE881ADB
:107D50003FEEC95AB4EEEE2AF1EE10FA33EE654A60
:107D6000F4EEEB1AA5EE019A13683C4A9DED303A09
:107D70003FEE670A7AEEC74A72E000BF481F022052
:107D80009C2002206440863FEFFF7F3F8C20022032
:107D900040210220141E02204C210220641E0220D9
:107DA00068040020942002200C1E0220841E022061
:107DB00000007A43081E022000007A436F12833BC2
:107DC000E0120020201302200AD7233C0AD723BC4C
:107DD000542102200AD7A33C0AD7A3BC17B7D13835
:107DE00038200220B81C0220E8200220EC200220CB
:107DF000A812002008210220A8130220142102202A
:107E0000E020022084200220D4200220F82002203A
:107E10002421022054100020181E0220201E0220BF
:107E20004C1F0220882002205821022064200220BA
:107E300090200220C0130220C8200220C01D022072
:107E4000C01C0220881C0220000000000001003835
:107E5000ACFF7F3F6F12833A3584B30B6B631936E7
:107E6000B8BFB0EE6E2AF1EE10FA88BFF0EE6B1AD2
:107E7000E4EE205A01FB03231199CA4A0B60E0EE9D
:107E8000227AA4EE837A6DEE236AF4EEEE1AF5EE12
:107E9000008AF1EE10FAC5ED006AB4EEE89A159D7D
:107EA000C2ED005AB8BFF0EE6E1AF1EE10FAC6ED50
:107EB000007A87ED007A85ED009A41F29180BA4E02
:107EC000DFEDBA9A77690097DDED007AB84CF8EEED
:107ED000E7AAD4ED003AF4EEE9AAF1EE10FA01F1C6
:107EE0007F8006EE103AB8EE46BAFEEE007AEBEE70
:107EF000237A9FEDB08A67EE88CA2CEE89DA2DEEE0
:107F0000099A1098036A53B1DFEDABEAF4EEEE6A1A
:107F1000F1EE10FA44BFF0EE08EAADEEAE7AA749F2
:107F2000FDEEC7DA0A68B8EEED4A012A37EE44FAE8
:107F300001F0CC800125B0EE4ECA19953A9ECDEDE8
:107F400050DAD6ED000AD6ED012A96ED023A8DED13
:107F500054FA67EE208A67EE226A67EE039AFDEE16
:107F6000E8AAFDEEE63ABDEEE9BAB8EEEA6AF8EE46
:107F7000E37AB8EECB1A38EEC68A76EEE7CA39EE67
:107F8000C1DAB5EEC0FAF1EE10FACDED51AA8DEDE1
:107F9000558ACDED523ACDED56CA8DED53BA8DEDE1
:107FA00057DA08D51DEE909A7FEE2BEA09F1FF37DC
:107FB000CDED54EA5097B5EEC08AF1EE10FA08D52F
:107FC0001AEE90AA78EE2BDA0AF1FF34CDED55DAED
:107FD0005194F5EEC0CAF1EE10FA08D513EE90CA2E
:107FE0003CEEAB4A0CF1FF308DED564A5290B5EEA7
:107FF000C0DAF1EE10FA08D51BEE10BA3DEE2BFAFE
:108000000BF1FF338DED57FA53936D496D4E0D68AB
:1080100096ED000A012D01F08F806B4814990368DA
:1080200091ED005A012B01F03581379D2E68012E0C
:1080300001F07081239B069A1F681F9CDFED638A05
:1080400002EB870A9AED003A20EE055A23EE000A69
:10805000B4EEC50AF1EE10FAD8BFB0EE405AB4EE55
:10806000EB5AD4BF84ED000A84ED005AF1EE10FA09
:10807000D4BFB0EE6B6AB0EE456A76EE439AF4EE8A
:10808000E89AF1EE10FA0ADDF6EE006A69EEA69AB9
:10809000F4EEE89AF1EE10FAF8DC33EE296A1F9D4F
:1080A0004B48189985ED006A0668002940F0AA87B8
:1080B0001E9A1068012800F01885002E00F0238514
:1080C000109E4448F2680068012A01F0E781249D6F
:1080D0004099D5ED00AA269A0E680B96F4EEC6AA32
:1080E000F1EE10FA136808DB189C012C02F0F08303
:1080F000109DA968022902F0EB83329F9F4202DCA7
:10810000269D00232B600C9E334C3D9954F8205043
:1081100006EB8009D9ED003A65EEA35A421EBDEE8A
:10812000E5BA54F82270F8EECB7A37EE899ABDEEB4
:10813000C91A11EE103A3B44AB420B60A4BF05F1E3
:10814000FF330B600B9A1E99189C0C60002A42F3B7
:108150008E8315984299D0ED004A204891ED00BADF
:10816000134F1F4900681F4D47911F4E1F49204C58
:1081700097ED005A46911F4F9FED1F3A0A901549FF
:1081800017482A689FED1DDA36682468DFF874E026
:108190001B4D09684897B4EEC37A3F68049627944C
:1081A000066831E054210220681C02200000FA44D5
:1081B0009820022000401C466F12833A141E0220B1
:1081C000B01C0220481F0220A81C022000803B4651
:1081D0008C200220BC1C02205C210220FC200220FA
:1081E000E81D02204C210220A01C02207020022049
:1081F000901200204C100020000000009A99193FB6
:1082000014130220002102203D4C3E482D680791A6
:10821000F1EE10FADEF800100D97F4EECD4A149F3F
:10822000179513440568089174EECD6A21689FED97
:10823000368A9FED366A169554BFB0EE4EDAB0EE30
:108240006BDAF1EE10FA09EE903A1A9197ED004AC6
:108250008DED2A5ACCBF01230023DFED2D0A29968C
:10826000419E11981C93B6EE007A079BD0F80090BF
:10827000284D294F294C2A48D6ED008A039525EE32
:10828000080A65EE073A6BEE065A6BEE207A5A1E24
:108290002449254E254D1B92B1EE4B1A66EE80AA5D
:1082A000B8EEE98A8DED492ACDED4A1ADFF890B093
:1082B000DFF890C0DFF890E002910F960E959FEDE9
:1082C0001C9ADFED1CEADFED1CCADFED1CDACDEDF8
:1082D000225A74EEC79A8DED1D6ACDED2E7AF0EE1E
:1082E000432AB0EE4E0A8DED431A0022B0EE4A2A20
:1082F000F0EE631ACDE90074CDF8249082468DE14A
:10830000141E022070200220E7FB1F4100007A4467
:108310000000FA43E41E0220281F0220081F02204A
:10832000701F0220941F0220D81F0220F81F022075
:108330008003D9C73333F33F51C2B43D77CC2BB25E
:10834000641E0220C81E0220182002200023019C67
:10835000CD4ECCF800301A9BCC4D84ED00EA910054
:1083600007981B9C0BED01EA0E440327012B86EDB9
:1083700000EACEF8007055F8206055F8245004D17A
:10838000701B04EE100AB8EEC44AB0EE48FAADEE27
:1083900004FA0E9C0F9844F82250F4EE6CFAF1EEB9
:1083A00010FABDEECF5A029C40F822600CBF0127A4
:1083B000002774EE687A276015EE103A009F069841
:1083C000DFF8E89287ED005ABDEEE7AA4418079F50
:1083D0008AED00AAAB4249F8227084ED004A0FDA18
:1083E0000C98009C00EB8708D8ED004AB8EEC51A3F
:1083F00031EE247AFDEEC70A10EE903AC4ED000A81
:108400009E4212DA0C9F0798009C05EE903A07EB0B
:108410008009D9ED006AF8EEE57A37EEE6FABDEEAE
:10842000CF5A15EE103A84ED005A0998984C994F9E
:1084300004FB00780AEE108AF8EE4A4A954864EE8A
:10844000A13A04FB080701EE107AF4EEE39AF1EE8C
:1084500010FA0997F8EE410AC0F2578404FB0704AA
:10846000DDED2A6A099405EE904A26EEA07AF8EE30
:10847000650A6AEEA07A88481C9CBDEEE7FA0144C2
:108480001FEE107A039881ED007A04FB07F7049938
:10849000476000240327194005970D94F0EE4E7AAB
:1084A0000598002800F0DE83069F9AED00AA4FEAA7
:1084B000820907EB090898ED006A74EE684AB4EE89
:1084C000C46AB8EECA6AF1EE10FAB4EEE46AC8BF44
:1084D00088ED004AF1EE10FAC8BFBDEEE4AAF5EE51
:1084E000C07AC8BF8AED00AAF1EE10FADCF800806D
:1084F00000F118841AEE104A444580F21A8437EECF
:10850000CB5A9DED432A01249DED1D1AB4EEC14ABC
:10851000F1EE10FA40F1B9830D9F002F40F0D083A7
:1085200004272997A1F13F00A8420ADC4F1B05EE62
:10853000907ADFED5A7AB8EEE5FA2FEE27AA25EE0B
:108540000A5A01F13F00B0420ADB711A04EE901A98
:108550009FED521AF8EEE43A63EE810A25EE205AB6
:10856000494F1998CEF80040B94499ED007A0BEDC7
:10857000015A7CEE076A4044F4EEEB6AF1EE10FA21
:10858000CCF80000C0F2C58336EEEBFA013089ED7D
:1085900000FACCF80000039F019C57F8041F0397D2
:1085A000B4EEC50A0DF5B078F1EE10FA08EB8100D3
:1085B00048BFB0EE450A50ED047A94ED005A50F8E9
:1085C000207C009948BF169235EE27AA3B44B4EEB2
:1085D000EBAAF1EE10FA0B60C0F24B837AEE6B4A15
:1085E0000133C4ED004A9E4203DB9D42CCBF3546B9
:1085F0001D46009E019B02980B9F46F8045B0132CA
:1086000004330430BA42009601930CF1040C0EF1CD
:10861000040E02900AF1040A00F0C083FBEC017A18
:10862000F4EE497AF1EE10FA3FF490AE0F99009F04
:108630000E9C3B6851F82260049954F82250F4EEE5
:10864000EE7AF1EE10FA01EA030140F371820020A4
:108650000BED01EACEF8000005901FE71048114A23
:1086600047685368104E0360BB424FF00004C8BF18
:108670004360346059B0BDEC108BBDE8F08F002032
:1086800012684E90FEF7B7BFA81E02205C210220A0
:108690003584B30B6B631936881E02200000803CC2
:1086A000901C0220001000E05C200220B81F022075
:1086B000082E40F3E280B74FB74C1297A060C7ED89
:1086C00002AA002B02F0BA81B44D4F95012B7FF422
:1086D00080A8B3499FEDB3CA0C68B34E3396601CB3
:1086E0000CEE900A7AEECCDAB8EEECDA37682DEEC2
:1086F0002DEAFDEECEEA1EEE900A01300128B8BF49
:108700000120874200F0C380A84D30602968814273
:10871000DCBF08463160844282F21C83339D4FF4F3
:108720007A702860B3E0B7EE009AC9EE289A3860F4
:10873000C4ED009AFEF7EDBFD6ED048A9FED9C4A8A
:1087400077EEE85AF5EEC05AF1EE10FA48BF78EE2F
:10875000E75AF4EEC45AF1EE10FA7FF7A3A9189C79
:108760001299012CC1ED047A08D0924FB868022802
:1087700004D0914D00262E60FFF7ABB98E499524A9
:108780000C608E490C68012C7FF49EA9DFED8C9A59
:10879000B4EEE97AF1EE10FA42F30683F6EE00AA9F
:1087A00027EE2A7AB4EEE97AF1EE10FAF8DC149F9B
:1087B000DFED84FA87ED007AFFF786B9129E4F9DB0
:1087C00086ED039A4FF47077012C2F6002F00D8232
:1087D0007D4C784F002121603C68012C42F25B8186
:1087E000DFED7ABA7A4E29EE2BCA40F22715FDEE5C
:1087F000CCCAB7EE00DA1CEE90BAABF1100121EA58
:10880000E177AF42A8BF2F4679EE0DDA06EB870479
:10881000704D714926682E60FEEECDDAC1ED00DAAA
:10882000FFF754B8654901240C60FFF72CB80A1A09
:1088300005EE102AF8EEC55AB7EE006A86EE258AD4
:10884000664C3060DFED668A84ED008AFEF75CBF1F
:10885000DFED642A9FED623A72EE623AF4EEC33ABB
:10886000F1EE10FAB8BFF0EE433ACDED313AFEF733
:108870003CBFDFED5B7AFFF70BB9012B42F0F080D4
:10888000494946484F90434E0868339112965649DD
:10889000564E51F82240B442A8BF34460027C1F8D2
:1088A000B844C1F8B47452494FF497750D60002A6A
:1088B0003EF49AAF4E4A1268571E4B4E4D4D56F835
:1088C000277056F822400C95E11B00EE901AB8EE86
:1088D000E01A05EB820BB0F57A7F8BED001A7EF47F
:1088E0008FAF002B7EF48CAF434F44483968C66885
:1088F000406941F480553D60FEF788BFDFED40EAF6
:10890000B4EEEE7AF1EE10FA7FF709A9B0EE6E7AC6
:108910001498DFED3C1AC0ED00EAB4EE4D7AF1EEAA
:1089200010FA0ED0B7EE002AC2EE072A364EB5EE88
:10893000C07AF1EE10FA84ED007AC6ED002A42F218
:10894000FF809FED323A324D4195F4EEC31AF1EEBD
:1089500010FAC5ED001A7FF7FFA82E4F2E48429758
:1089600085ED003A3860F7EE005AF4EEE54AF1EE94
:1089700010FA3FF509A90F4CA56A002D3FF404A990
:10898000B7EE004AB4EE445AF1EE10FA7FF402A9B1
:10899000FFF7FAB8EC1D0220A42002202841022093
:1089A000A01200206F12833A401000208C12002089
:1089B0006F12033CA812002040210220141E022046
:1089C00000409C4551C2B43D382002200000A44321
:1089D000105E0408E8200220DC200220A0200220F3
:1089E00000000000740C483D5C21022000DC050002
:1089F000BC1C0220FC30022074200220681C0220D3
:108A00000080BB4800803B48841E02200080BB469B
:108A10000C1E0220081E02203EC32E380000C84350
:108A20001FED02BACB4E69EE0BBA40F28F1BBDEEC2
:108A3000EBCABEEEEC9A1CEE101A5945A8BF594677
:108A400086ED009A002F42F08C8121F00103C24F85
:108A500020970020C72B386042F38781BF48A3F1DD
:108A6000C80B00EB8B031D683D60BD4F3C68012CBB
:108A700002F03980BB4EBC4856F82210D0ED00DA27
:108A800090ED01EAB94DD0ED02EA90ED03FADEF87F
:108A900000301495013A7DEE8EFA56F82270CC1B08
:108AA00000EE104A7FEEAE6AB8EEC07A36EE8F8ADC
:108AB00085ED007AFEF753BFAD4DAE4C002040F679
:108AC000AF4640F27D17EE606F60C5E9040060615B
:108AD000FEF79CBEB4EE4D7AB6EE000AF1EE10FA47
:108AE00067EE001A7FF41EAF2BE7109B9C68012CE9
:108AF0007FF4E3AAA04DA14955F8272041F827208B
:108B0000002E7FF4DDAA2698329D0668249C1E9FC5
:108B100084ED006A0022B5423A6001DC269B1A60AF
:108B200040983D9906680B9600230B60FFF70ABB3F
:108B3000F5EEC07ADEF800000590F1EE10FA7FF74E
:108B4000AFACDFF82082079F179C58F82790A1450B
:108B500003DD279800287FF4A3AC049F089C481EDF
:108B600001F1020800EA070908EA0708274634F974
:108B7000194037F9187005EE107A0A9F0AEE104A6C
:108B80003C4637F9197034F9184006EE104A089C33
:108B90000FEE107A019F34F9110097ED001A049F2F
:108BA00000EE900A481C00EA0709F8EECA5A34F9A8
:108BB00019800A9C059834F9117034F91940DFF8CE
:108BC000CC91F8EEC54AB8EEE07A34EEA5AA05EEEF
:108BD000108AF8EECF3AB8EEC55A7AEE474AB8EEA8
:108BE000C6FA06EE907A35EE85AA3FEE236A74EE59
:108BF000C54AF8EEE66A75EE655A05EE104AF6EEDD
:108C0000000A21EE20FAAAEE207A09EB8208B8EEDB
:108C1000C5AA36EE666AE4EE8F5A36EE4A6A7AEEF6
:108C2000634A73EE8A3AE6EE0F4AE3EEA06AA5EED7
:108C3000817AE4EE816A98ED001A27EE277A7BEEBE
:108C4000C10A66EEA76A20EE876A61EE075AA1EEB6
:108C5000266AE0EEA65A33EE063A72EEA52A0028FE
:108C60007FF422AC00999FED465A0B684BED01DA78
:108C700091E4B5EEC0AAF1EE10FA44BF3AEE2BAA89
:108C800003F1FF3384ED00AAADE41AEE100A08F2F6
:108C9000ED27874214DB0D9F97B9022C10D1DFED31
:108CA000390AF4EE608AF1EE10FA09D1F4EE6CFAAA
:108CB000F1EE10FA04D0029F386800283FF430AC7F
:108CC0009DED227AB4EEC57AF1EE10FA7FF72AAC68
:108CD000DDED2E6AF4EEC56AF1EE10FA7FF522ACF6
:108CE0000D9800287FF41EAC012C7FF41BACF4EE31
:108CF0006CFAF1EE10FA3FF415AC02980768299867
:108D0000002F08BF042029900CE4B0EE4E7AFFF744
:108D1000B0BBF5EEC06AF1EE10FA00F16581C9ED65
:108D2000006A38E4DFED183A002432EE635AFFF7A8
:108D3000EBBBF4EEEB7AF1EE10FA03DB05980328B7
:108D400000F0FF823BEE275AB0EE4B2A0324FFF7D8
:108D5000DBBB00BFDC200220E8200220B062040858
:108D6000EC2002205C210220641E0220901F0220C1
:108D7000681C0220A4200220C81E0220701F0220AE
:108D800077CC2BB200007A4377CC2B32881E02209E
:108D9000A4707D3F0001003877BE7F3F149A0D9983
:108DA00082ED004A489A299D1160479A119C1560EE
:108DB000469ADDF824B0169BDDED4A1AC4F800B0DF
:108DC000B0EE42AA9DED492A136038981FED10BA03
:108DD00090ED00CADDED4B7A339FECEE0B7A3968EB
:108DE000B1F57A7FC0ED007A80F207811FED179A06
:108DF00067EE89EA62EEAE2A23EE2E3A209D219C90
:108E000095ED00DAD4ED00CA5FED1DDA129A109EDE
:108E100092ED001A2C9BB349706A1B680C68219F65
:108E2000B5EE40DAF1EE10FA6CEEADAA1CBF9FED84
:108E3000AEDA7AEE8DAABFEE000A22EEAA8A63EEBF
:108E40002A9AB4EEEB8AF1EE10FAF4EEEB9A88BFB0
:108E5000B0EE6B8AF1EE10FA88BFF0EE6B9AB4EECA
:108E6000C08AF1EE10FAF4EEC09AB8BFB0EE408AB4
:108E7000F1EE10FAB8BFF0EE409A38EE424A79EEC1
:108E8000E13AF0EE426AB0EE617AA1EE237A002870
:108E9000E4EE016A08BFF0EE471A08BFB0EE662A9A
:108EA000A342C7ED00AAB0EE47FA23D18F4D904EF2
:108EB0009048914AD5ED000AD6ED005ADFED8F4A71
:108EC00090ED005A92ED006A9FED8DCAD0EEA45A43
:108ED00095EE246A22EE0CBA61EE8C7A35EE8B2A7E
:108EE00076EE271A86ED00BA85ED002AC0ED001A4D
:108EF000C2ED007A2B9F3968012900F06D81289816
:108F00000468012C00F0B8812D9E3368012B04D138
:108F10007C4F3868002841F09784109F139B796933
:108F2000D3ED00DAB5EEC0FAF0EEE6CAF1EE10FAD3
:108F30004CBF3CEECF6A3FEE2C6A002940F0968091
:108F4000B4EEED6AF1EE10FA40F3F181DFED6E4A16
:108F5000DFED6E5A2DEEA45A1946A6EE255AB4EE50
:108F6000EB5AF1EE10FA81ED005A40F3A380139D05
:108F7000B7EE005AC5ED00BA3E9C9FED656A2768C2
:108F80003F9D3B9B2A68259866EE866A2FEE06FA7F
:108F90007E1CBDEEE6CABDEECFBA06F03F012160F1
:108FA00003EB870C449C359F459E8CED005A1CEECC
:108FB00010AA1BEE101A023227F804A00230B9538F
:108FC0002A602F9D00B2854225907FF747AB129A09
:108FD000504B92ED043AD3ED005A0446FEF76FBEB3
:108FE000B0EE4E9AFEF78DBF76EEAB5A411EC9ED3C
:108FF000005ACCF80010FFF7CEBAB0EE4E3AF0EEC1
:109000004E2AFBE6002E3FF47EAD189D109B424C8D
:10901000DA682068012D7FF457A81E9E3168002968
:109020007FF452A8012A00F03E823C4E409A3C490F
:10903000146856F8273041F827300137A742239E9D
:109040000B94269C374937602368249D364A85ED6A
:1090500000EA08BF002701EB870803F1010308BFFE
:109060003760C8F800202360FFF747B8239A2F4DD8
:109070002F482A4C166890ED00DAD5ED00AA54F876
:1090800026709FED2C8A9FED200A139909EE907AA5
:109090002AEE8D4AF8EEE93A24EE081A2DEE805AAF
:1090A000A3EE815AB4EEEB5AF1EE10FA81ED005ABC
:1090B0003FF75DAFB5EEC05AF1EE10FA7FF55CAF49
:1090C000139BB0EE4E5A83ED00EA55E7B5EEC07A39
:1090D000F1EE10FA40F3EA81B0EE4FCACDED19DAA5
:1090E000FEF72CBFE41D02206F12833A34410220A8
:1090F0002C4102203841022030410220643B7F3F56
:109100003333333FB41302206666663FCDCCCC3D8B
:1091100000FEFF4654210220BC1C0220C81E022073
:10912000701F0220641E02208003D9C7841E022003
:109130009C2002208FC2753DF6EE004A109FB4EECF
:10914000E40AF1EE10FABC6940F16D81012C3EF4A5
:1091500064AF149991ED005A002A7EF466AFB44BC7
:10916000B44DB548D96895ED006AD0ED007AB1F5F7
:10917000FA6FB4BF36EE676A36EE276AAF49BDEEC6
:10918000C61A0B68B8EEC18A11EE106A76EE48CAAC
:109190003344002EC5ED00CA0B60C1F26E84A84FA7
:1091A0000C9D3A68379C0DEE903A05EB8209D9ED9B
:1091B00000EA2768B8EEED4AB4EEEE4AF1EE10FA96
:1091C00001F33584002B80F29E803EEEEBFAFDEE3B
:1091D000CF4AC1ED004A96E09A4C9B4D2068296821
:1091E0009A4A00268842166015DADFED998A994F6F
:1091F000994A3E68126822EE283A61EEA82ABDEE2E
:10920000C39AFDEEE2EA19EE10AA1EEE907A26F855
:1092100010A022F81070914A914E17683268013000
:109220002060002A40F0E080BB4240F3F28081429F
:1092300040F38E808B4F3D68002D7FF460AE2B9AFB
:10924000106801287FF45BAE4E9C24B9864E3368CB
:10925000002B7FF454AE2C99804F08683D684D9ADE
:10926000A842D4BF002001201168FEF76FF82898AB
:109270000468012C7FF448AE7C4E7D4F3168734BFF
:10928000289A2D9E57F821501D600220002410605E
:10929000346042E6259D002D7EF4C7AE674E644FD4
:1092A000D6ED000AFC6866480C990368F8EEE02ADF
:1092B000B4F5FA6FB4BF72EEC52A72EE852A01EBDF
:1092C0008308BDEEE23AD8ED006A86ED003AF8EE8A
:1092D000C38AF4EEE68AF1EE10FA01F3A183F5EE0B
:1092E000C08AF1EE10FA05D576EEEB9AFDEEE9AA0A
:1092F000C6ED00AA379E012A376801F083821F9CC1
:10930000249B20681860012F7EF494AE249ED6ED35
:10931000000A05E0249F012AD7ED000A01F07882B7
:1093200070EEAB2A2499C1ED002AFEF783BE9FEDB3
:10933000517ADFED510A2DEE875A1946A6EE205AD2
:109340000DE6B0EE4E2AB7EE005A0224FFF7DCB865
:109350004A494B4F0B680093424B3A601A602B9B73
:109360001A60009A9042C8BF0860FDF755F930684E
:1093700037992F4B0126B04208BF42480E600ABF02
:109380000668414846F4086606609B46D3E9002714
:109390001E692968DBF818500195009706F1640CE6
:1093A000019E009D06F16408384E643205F164099F
:1093B000D3E90207C6E900291D4A5B69D269C6F8EC
:1093C00010C0643064376433B060F7602C98234F6A
:1093D00073616432C6F81880F2614F9E03683F687B
:1093E00020684FF4F0753560BB4212DD8842FFF60D
:1093F00021AF4D99264C274E09689F42A8BF0020F7
:109400004FF4FA63B8BF012023603360FDF79EFF7D
:1094100010E7214D55F823208242E7DC581E55F80D
:1094200020002060E2E7022C7EF4F7AD91E600BF59
:10943000681C022048210220442102204C210220E5
:10944000E41D02200C210220A41C0220B4130220DF
:1094500000FEFF46FC200220002102208C2002207A
:109460009012002020130220B01C02207020022045
:10947000281F022077BE7F3F6F12833A1413022009
:109480009C1C02207420022028130220A420022009
:10949000B81302203C1302205C210220094B1C68F7
:1094A00084423EF414AE074B1860BEE5B1EE470AA5
:1094B000FDEEC04AB8EEE45ACDED194A30EE45CA89
:1094C000FEF73CBDE41D02200AD7233C002E7FF7A7
:1094D000C5A85FED03BACA48CA4FCB4CCB4ECC49A6
:1094E000CC4DCD4ACD4B26902397CD48CD4F2C94D3
:1094F000CD4C20961E91CD4ECD4910952B92CD4D41
:10950000CD4A28933C90CD4BCD4815971F94CD4F15
:10951000CD4C399621EE2BEA11913A95379224934E
:1095200006904097C94ECA49CA4DCB4ACB4B3E9490
:10953000CB48CC4F9FEDCC5A3D96002438912195D5
:109540002D9213933B903F978DED45EACDED46BAB2
:109550001C94F7EE006AF0EE4AEAB0EE670A34981F
:10956000DFEDC28A30F91460399D159A95ED002A15
:1095700092ED009A3C9F209997ED007AD1ED007A08
:109580009DED46EADFEDBA1A119B9DED36CA9FEDBF
:10959000B9BADDED30BA1B68B749B84A64000AEEC3
:1095A000106A29940234F8EECACA005F129E2A9407
:1095B0006CEEA8DA0DEE100AF7EE08AAF0EEED9ABE
:1095C0006DEEAA3AB8EECD8AF4EEC29AF1EE10FA38
:1095D00028EE284AF4EEE63AB8BFF0EE429AF1EEF1
:1095E00010FAFFEE004AD6ED002A88BFF0EE663A88
:1095F00024EE2A3A30EE651A7FEEC90A9DED310A53
:10960000F4EEE43AF1EE10FAA0EE8E9A01FB032399
:1096100011999B4A0B60B4EEE63A30EE626A37EE7F
:10962000C7FAB8BFF0EE643AF1EE10FA88BFB0EEB8
:10963000663AE1EE0C5AE6EE0B2AAFEE2B7A29EEF3
:10964000A1AAB4EEE43AF5EE008AF1EE10FA85ED47
:1096500000AAB4EEE89A159DC2ED005AB8BFB0EE6C
:10966000643AF1EE10FAC6ED002A87ED007A85ED36
:10967000009A40F21C86834EDFED835A776900978B
:109680009DED002A814CF8EEC27AD4ED002AF4EE6A
:10969000E57AF1EE10FA00F10A8601EE903AF8EE62
:1096A00061CAFEEE007AECEEA27A9FED79DA67EEFF
:1096B0008DAA2AEE898A28EE099A1098036A53B176
:1096C000DFED6C9AB4EEE9AAF1EE10FA44BFF0EEC9
:1096D000089AA4EE297A6F49FDEEC74A0A68B8EEE7
:1096E000E44A012A37EE44FA00F0DC860125B0EEA8
:1096F00045BA0F953A9ECDED504AD6ED000A96ED4B
:1097000001CAD6ED02BA8DED54FA27EE20EA27EE13
:109710000CAA67EE2B8AFDEECE2AFDEECA1ABDEE2C
:10972000E82AF8EEE25AF8EEE1CAF8EEC27A7EEEE6
:1097300065DA3AEE6CDA78EEE7AAB5EEC0FAF1EE49
:1097400010FACDED512ACDED55DACDED521A8DED51
:1097500056DA8DED532ACDED57AA08D514EE909A1E
:109760003FEE268A09F1FF378DED548A5097F5EECA
:10977000C0DAF1EE10FA08D512EE90CA7DEEA69A84
:109780000CF1FF34CDED559A5194B5EEC0DAF1EEFF
:1097900010FA08D511EE908A7DEE264A08F1FF30C6
:1097A000CDED564A5290F5EEC0AAF1EE10FA08D56A
:1097B00012EE10AA3AEEA64A0AF1FF338DED574A8F
:1097C000539335490D68012D00F0108633481499E4
:1097D000036891ED00FA012B00F0CE86304E96ED35
:1097E00000AA379F3868012800F00A87239D069F4A
:1097F0002E681F999FED2BCA07EB860C54E000BF23
:1098000038200220B81C022014210220E820022067
:10981000EC200220A812002008210220A813022018
:10982000E020022084200220201E0220D4200220DA
:10983000F82002202421022054100020181E0220AB
:109840004C1F022088200220C01D02205821022027
:109850006420022090200220C0130220C820022091
:10986000C01C0220881C02200000000000010038FB
:10987000ACFF7F3F6F12833A3584B30B6B631936AD
:1098800054210220681C02200000FA449820022083
:1098900000401C46141E0220B01C0220A81C0220FE
:1098A000481F022000803B469CED000A6AEE0F0A2A
:1098B00020EE0A6AB4EEE06AF1EE10FAD8BFF0EEDC
:1098C000460AF4EEE60AD4BF81ED006AC1ED000A53
:1098D000F1EE10FAD4BFF0EE665AF0EE605A35EEB3
:1098E000C0EAB4EECCEAF1EE10FA0ADDF6EE00BA08
:1098F0002EEE2BEAB4EECCEAF1EE10FAF8DC70EEC4
:109900000E5A1F98794B189AC0ED005A1C68002A0D
:1099100040F009851E980268012A00F0A982002CF7
:1099200000F0B482109C724DE2682F68012A00F0AA
:1099300037872498409C90ED00AA269D22680892C3
:10994000B4EEE5AAF1EE10FA2B6808DB18990129AC
:1099500000F0A98710988468022C00F0A487329E3A
:109960009E4202DC269B00251D600C9A6148624CD9
:10997000D0ED002A3D9D02EB8709D9ED008A68EE03
:10998000A21A791EBDEEE12A54F8216054F827701E
:10999000F8EEC2CA3CEE899AFDEEC97A17EE903A0B
:1099A0003344BB422B60A4BF07F1FF332B60089EFA
:1099B0001E99189C0C60002E40F3548742994F4822
:1099C000D1ED00AA159A4E4F4E4900684E4D439175
:1099D000DFED4E4A4E494F4E4F4C92ED00FA97ED57
:1099E00000EADFED4E5A4E4F2E911A9040494548FD
:1099F0002A6836682468DFF870E14A4D09684497A0
:109A0000B4EEE47A3F680596F1EE10FA06681D940C
:109A10003F48454C2D680491B4EEE5FA1344DEF856
:109A2000001009972296149F419EDFED409A0E95F3
:109A300054BFB0EE45CAB0EE66CAF1EE10FA056842
:109A40001B9107EE103A21689FED391A0D95CCBF96
:109A500001230023169197ED006A96ED000A1198F4
:109A60001993049B334D9FED349A344FD0F80090F6
:109A7000334C02956EEE290A3FEE65AA6AEE811A12
:109A8000F6EE002A5A1E2F492F4E304DCDED251AE5
:109A9000B1EE6A2A2AEE20AA7FEE628A1792DFF8D8
:109AA000CCB02B48DFF8C8C0DFF8C8E001910B96B6
:109AB0000A959FED288A9FED28DADFED28BADFEDC1
:109AC00028CADFED28DA8DED272AF8EEC70A6EEEF8
:109AD000229A2AEE89FAB0EE644AF0EE451A002284
:109AE000CDF81C90BA460094A4E100BF8C2002205F
:109AF000BC1C0220542102205C210220FC200220F8
:109B000098200220E81D02204C21022000000000C5
:109B100070200220A01C0220901200209A99193F68
:109B20004C10002014130220141E0220E7FB1F41DA
:109B30000000FA43E41E022000007A44701F022055
:109B4000081F0220941F0220D81F0220F81F0220A5
:109B5000281F02208003D9C73333F33F51C2B43DDD
:109B600077CC2BB20000803C00210220641E022032
:109B7000C81E02201820022000230099CD4ECCF8E8
:109B80000030169BCC4D81ED005A4FEA8209049FAC
:109B900017990BED015A4E440324012B86ED005A10
:109BA000CEF8004055F8276055F8215004D1771BB6
:109BB00006EE107AB8EEC66AB0EE602AA6EE0C2A5F
:109BC0000A990B9F41F82250F4EE6BFAF1EE10FA6D
:109BD000BDEEC21A0199DFF8F88247F822600CBF87
:109BE0000124002476EE407A0C6011EE103A069CB7
:109BF000049980ED001AFDEEE72A04EB0907AB4259
:109C0000CAED002A48F8221087ED006A0EDA0C9C93
:109C100004EB810898ED007AB8EEC12A32EE071AFB
:109C2000FDEEC12A12EE903AC0ED002A9E4211DAF2
:109C30000C9F049907EE903A07EB810494ED007AAB
:109C4000B8EEE72A32EE471AFDEEC12A12EE903A3C
:109C5000C0ED002A0799994C994F04FB017807EE53
:109C6000108AF8EE477A964927EEA92A04FB0817CE
:109C700001EE107AF4EEC28AF1EE10FA0797F8EED0
:109C8000412AC0F2D58104FB071407EE904A2EEE5C
:109C9000227AF8EE672A07942AEE222A8949199C2B
:109CA000BDEEC21A894411EE107A029989ED007A4C
:109CB00004FB07F74F600599032700241940039719
:109CC0000994F0EE457A039F002F00F05F81069C17
:109CD0009AED007A4FEA820904EB0908D8ED005AA0
:109CE000B8EEC72AF4EEC65A76EE405AF1EE10FAF4
:109CF000B4EEE52AC8BF88ED006AF1EE10FAC8BFDD
:109D0000BDEEE57AF5EEC07AC8BF8AED007AF1EED5
:109D100010FADCF8008000F18E8117EE107A4745CA
:109D200080F29981012777EEEA2ADDED27EA039791
:109D3000B4EEC96AF1EE10FA40F13A81099F002FA2
:109D400040F0528104272297A1F13F04AC4208DC85
:109D50004F1B02EE107AB8EEC21A61EE2D7A62EE57
:109D6000A72A01F13F04B44208DB711A07EE101A6A
:109D7000B8EEC72A22EE2D1A62EE812A4D4F0F99B6
:109D8000039CCEF80040B944D9ED007A4BED012A8E
:109D90003BEE277A4144B4EEE67AF1EE10FACCF8C5
:109DA0000010C0F24F8137EE661A013189ED001ABA
:109DB000CCF80010029C009F54F8041F0294F4EEAB
:109DC000E21A0DF5B078F1EE10FA08EB810448BF05
:109DD000F0EE621A54ED047AD7ED002A54F8201CF4
:109DE00048BF0D9232EEA77A0B44B4EEE67AF1EE5C
:109DF00010FA0360C0F2D08037EE662A013387ED97
:109E0000002A9E4203DB9D42CCBF35461D46009E84
:109E1000019B089C40F8045B013204360433A242E3
:109E200000960CF1040C0EF1040E01930AF1040AE1
:109E300000F02181FBEC017AF4EE487AF1EE10FAA1
:109E40003FF49AAE0B9903680A9C51F82260059979
:109E500054F82250F4EECD7AF1EE10FA01EA030143
:109E600038DD00270BED015ACEF80070039728E784
:109E7000109DAF68012F7FF452AD1349134B51F879
:109E8000260043F82600002C7FF44CAD269A329F22
:109E90001068249C1E99C4ED005A002687420E606B
:109EA00001DC269B1E60409A3D9D106808900023AF
:109EB0002B607CE5A81E02205C2102203584B30BB8
:109EC0006B631936881E0220C81E0220701F0220F4
:109ED000B81F0220F5EEC07ADEF800700397F1EEAD
:109EE00010FA7FF7F0AEDFF82C84049C0E9F58F830
:109EF0002490B94503DD1D9C002C7FF4E4AE059C45
:109F0000DFF814944F1C07EA04081B9C34F9117005
:109F100034F9184005EE904A1A9C02EE907A34F912
:109F2000188034F91140009FB8EEE27A02EE108AF0
:109F3000F8EEE55A02EE904A97ED001A039F75EE8F
:109F4000C75AF8EEE22AB8EEC22AA5EE817A09EBEA
:109F5000820832EE622A77EEA75AE2EE012A98EDE5
:109F6000002A25EE877A36EEC21A65EEA25A61EE15
:109F7000072A22EE077AE2EE252AA1EE257A74EE70
:109F8000A24A34EE074A002F7FF4A1AE0368DFED4A
:109F9000CE2A4BED01CA0DE7B5EEC07AF1EE10FA0C
:109FA00044BF37EE267A03F1FF3387ED007A28E7C6
:109FB00017EE104A08F2ED27A74215DB099F9FB95B
:109FC000039C022C10D1DFEDC17AB4EE670AF1EEEA
:109FD00010FA09D1F4EE6BFAF1EE10FA04D0019FF9
:109FE0003C68002C3FF4AEAEB4EEE2FAF1EE10FAAB
:109FF0007FF7AAAE9DED257AB4EEE27AF1EE10FA83
:10A000007FF5A2AE099C002C7FF49EAE039F012F2A
:10A010007FF49AAEF4EE6BFAF1EE10FA3FF494AEE0
:10A02000019C2768229C002F08BF042422948BE601
:10A03000B0EE457A30E69FEDA61A002403947EEE3A
:10A04000C12A75E6B5EEC07AF1EE10FA00F133815F
:10A0500089ED007AAEE6F4EEE67AF1EE10FA03DB73
:10A06000039C032C00F01E8303277AEEA72AF0EE50
:10A070006AEA03975CE6449A09991160439A229D23
:10A0800015601498119F2E9ADDF81CB00D9B80ED81
:10A09000006AC7F800B01360389C9FED8EEA94ED1B
:10A0A00000BADDED457A3398EBEE0E7A0168B1F532
:10A0B0007A7FC4ED007A80F231819FED879A27EE96
:10A0C000890A24EE004A64EE804A209D219FD5ED46
:10A0D00000BA97ED008A9FED81DA129A109ED2EDB8
:10A0E000009A2C9B7E49746A1B680F682198F5EED4
:10A0F00040BAF1EE10FA68EE0DCA1CBFDFED79BA76
:10A100007CEEABCABFEE00AA64EE2CDA24EEACCA39
:10A11000F4EEE6DAF1EE10FAB4EEE6CA88BFF0EE3D
:10A1200066DAF1EE10FA88BFB0EE66CAF4EECADA6B
:10A13000F1EE10FAB4EECACAB8BFF0EE4ADAF1EEA8
:10A1400010FAB8BFB0EE4ACA7DEEE30A7CEE438A4D
:10A15000B0EE63FAB0EE437AA9EEA87A002CA0EE36
:10A16000A9FA08BFB0EE473A08BFF0EE4F3ABB423B
:10A17000C0ED00CAB0EE47BA23D15B4D5B4E5C4CDC
:10A180005C4AD5ED001A96ED006A9FED5B1AD4ED9E
:10A19000002AD2ED005A9FED592A91EE816AD2EE43
:10A1A000815A23EE82EA63EE027A76EE0E3A35EEBB
:10A1B000A73A86ED00EAC5ED003A84ED003AC2ED1B
:10A1C000007A2B980168012900F0788128980468AA
:10A1D000012C00F0C3812D9E3368012B04D1484F20
:10A1E0003868002840F02383109F139B796993ED12
:10A1F00000DAB5EEC0BAB0EECF8AF1EE10FA4CBF7D
:10A2000078EE4B5A7BEE085A002940F0BF80F4EEFE
:10A21000CD5AF1EE10FA40F300829FED3A6A9FEDBD
:10A220003A1A6DEE062A1946E5EE812AF4EEE62A80
:10A23000F1EE10FAC1ED002A40F3CC80139DF7EE49
:10A24000002AC5ED006A3E9CDFED305A27683F9D2D
:10A250003B9B2A681C982FEE25FA2BEE25BA7E1C14
:10A26000BDEECF2ABDEECBEA06F03F01216003EB45
:10A27000870C299C359F2A9ECCED002A12EE10AA4D
:10A280001EEE101A023227F804A00230B9532A60D9
:10A290002F9D00B285421C907EF7E0A912991C4DBB
:10A2A00091ED040AD5ED005A0446FFF758B9B0EE17
:10A2B000459AFFF702BA37EE262A4F1E89ED002A8B
:10A2C000CCF8007076E500BF77CC2BB200007A4363
:10A2D00077CC2B32A4707D3F0001003877BE7F3FE2
:10A2E000E41D02206F12833A344102202C410220E7
:10A2F0003841022030410220643B7F3F3333333FFB
:10A30000B41302206666663FCDCCCC3D00FEFF460E
:10A31000542102205C210220881E0220F0EE454AD2
:10A32000B0EE454AD1E6002C3FF4B0AD1899109D2F
:10A33000BF4FEA683F6801297FF4F8AA1E9B1C689A
:10A34000002C7FF4F3AA012A00F02F82B94A409D25
:10A35000B94952F82640286841F82640013686421D
:10A36000249B239A08902698B449166083ED005ADE
:10A3700008BF00260368B24C08BF166001EB860BCD
:10A380000133CBF800400360FFF7E9BA239AAD4DE3
:10A39000AD48A84C1668D0ED00BAD5ED00CA54F807
:10A3A0002670DFEDAADA9FEDAAAA13990CEE107AB7
:10A3B0006CEEAB0AF8EECC8A60EEAD9A6DEE0A2A2E
:10A3C000E8EEA92AF4EEE62AF1EE10FAC1ED002A31
:10A3D0003FF734AFF5EEC02AF1EE10FA7FF533AF58
:10A3E000139BF0EE452A83ED005A2CE7994E109FFF
:10A3F00096ED00AABC69B6EE00FAB4EECFAAF1EE73
:10A4000010FA40F1B881012C3FF4E0A9002A40F095
:10A41000B881914E914D9249F76895ED002AD1EDA2
:10A42000005A9049B7F5FA6FB4BF32EE652A32EEA2
:10A43000252A0B68FDEEC2CAF8EEEC7A1CEE900AF3
:10A4400072EE67DA03440028C5ED00DA0B60C0F253
:10A450000D83854C0C9E2268379D08EE103A06EB62
:10A460008209D9ED00AA2868F8EEC89AF4EEEA9AB3
:10A47000F1EE10FA00F3DF82002B80F2B6807AEE64
:10A48000E64A0128BDEEE44A81ED004A714991EDAA
:10A4900000AA40F0B080249B149CD3ED008A94ED78
:10A4A00000FAB3E0B5EEC07AF1EE10FA40F3808125
:10A4B000B0EE4FBACDED0F4AFFF71CB96B4C6C4DA7
:10A4C000206829686B4F002688423E6015DADFED70
:10A4D0006AAA6A4F6A4A3E68126863EEAA4A23EE85
:10A4E0002A4ABDEEE49ABDEEC40A19EE10AA10EE97
:10A4F000107A26F810A022F81070624A624E17688F
:10A50000326801302060002A40F02081BB4240F3D5
:10A510003D81814240F3CE805C4F3D68002D7FF449
:10A5200055AE2B9A106801287FF450AE4E9C24B98A
:10A53000574E3368002B7FF449AE2C99514F086871
:10A540003D684D9AA842D4BF002001201168FCF755
:10A55000FDFE28980468012C7FF43DAE4D4E4E4F11
:10A560003168444B289A2D9E57F821501D600220D7
:10A5700000241060346037E61C9D002D7FF42EA966
:10A58000384F354C97ED001AE068374B0C9D196831
:10A59000B8EEC10AB0F5FA6FB4BF30EE4F0A30EE34
:10A5A0000F0A05EB810BBDEEC06A9BED00CA87ED7B
:10A5B000006AF8EEC60AF4EECC0AF1EE10FA00F3E7
:10A5C0003382F5EEC00AF1EE10FA05D57CEE66BADC
:10A5D000BDEEEBEA87ED00EA379F012A386800F00C
:10A5E000F9801F9B249D196829601A49012891ED63
:10A5F00000AA3FF450AF149890ED00FAFFF7F6B8B8
:10A60000249C012AD4ED008A00F0ED8038EEA61AD1
:10A61000249A82ED001AFFF7E9B89FED207ADFED6A
:10A62000201A6DEE072A1946E5EEA12AFEE500BFC5
:10A63000BC1C0220C81E0220701F0220641E0220C3
:10A640008003D9C7841E02209C2002208FC2753D42
:10A650006666663F481F0220681C022048210220CF
:10A66000442102204C210220E41D02200C21022062
:10A67000A41C0220B413022000FEFF46FC2002208E
:10A68000002102208C2002209012002020130220A2
:10A69000B01C022070200220281F022077BE7F3FBE
:10A6A0006F12833A0224F0EE45EAF7EE002A039493
:10A6B000FFF73EBB9149924F0B680093914B3A6074
:10A6C0001A602B9B1A60009A9042C8BF0860FBF783
:10A6D000A3FF306837998C4B0126B04208BF8B48E6
:10A6E0000E600ABF06688A4846F4086606609B4604
:10A6F000D3E900271E692968DBF8185001950097F7
:10A7000006F1640C019E009D06F16408814E6432DE
:10A7100005F16409D3E90207C6E900297A4A5B69B1
:10A72000D269C6F810C0643064376433B060F76033
:10A730002C98794F73616432C6F81880F2614F9E8D
:10A7400003683F6820684FF4F0753560BB421DDD3B
:10A750008842FFF6E1AE4D99704C714E09689F42F8
:10A76000A8BF00204FF4FA63B8BF01202360336014
:10A77000FCF7ECFDD0E6022C7FF428A8002A3FF479
:10A7800048AE149E96ED00FAFFF72BB8654D55F8CC
:10A7900023208242DCDC581E55F820002060D7E7D9
:10A7A00061490B68BB423FF4C4A85F4B1F60CDE515
:10A7B000B1EE471ABDEEC10AB8EEC06A8DED0F0AC0
:10A7C00031EE46BAFEF796BFB7EE002A8DED362A77
:10A7D000FDF721BA554A012892ED00AA7FF406A898
:10A7E000249CD4ED008AB5EEC07AF1EE10FA00F1A7
:10A7F000B6817FF70BAF77EE282A249AC2ED002AA4
:10A80000FEF7F4BF012F7DF415AC249AD2ED000AB7
:10A81000B5EEC07AF1EE10FA00F19A817EF780ADC4
:10A8200077EE203A249AC2ED003AFDF703BC404986
:10A830004FF47A750D60FBF7EFFE2D9A289C0020EF
:10A84000106020603860CFE439494FF47A750D60AC
:10A85000FBF7E2FE2D9A289C0020106020603860F3
:10A86000FEF75BBBDFED334AB0EE644A14E49FEDC4
:10A87000313AF0EE432AFEF7A8BA2F4F3968002983
:10A880007DF4ABA9DFED2DEAF4EEEEDAF1EE10FA8D
:10A89000B8BFF0EE6EDA2DEEADFA2FEE2D0A8DED8B
:10A8A000300AFDF79CB9089D2399254C249A254828
:10A8B00082ED005A0136AE4208BF002604EB86083E
:10A8C0000E60269EC8F8000001333360FFF747B8DA
:10A8D0000B9A239C1A49249E1A4D86ED00EA0137F3
:10A8E000974208BF002701EB870C2760269FCCF812
:10A8F000005001333B60FDF700BC00BF1413022081
:10A900009C1C022020130220681C022074200220BC
:10A9100028130220A42002208C200220B813022039
:10A920003C1302205C210220E41D0220481F02206B
:10A93000AC13022000000000A81200209010233D5C
:10A94000641E02208003D9C7002B7DF42BA9BC4FC5
:10A9500033603868BB4E01308242B8BF204634684D
:10A960003860012C7DF423A94E9D25B9B6490B68AA
:10A97000002B7DF41CA9B54F2B97386800287DF477
:10A9800016A9B34DB3482C68C169B348289044F068
:10A99000080301262B603E600568002900F0C28193
:10A9A000002D00F0C281AD49AD4C0D68AD48AE4EF2
:10A9B00054F825302C9003603768002A40F0E68177
:10A9C000AA4DAB4C2D682C9925600122BD420A602E
:10A9D0000CDBA84FA84BA9492B9C9A4A00264FF4A0
:10A9E000FA60386018600E6026601660A44FA549B2
:10A9F000A548289CA54E06600023ED003D600B6035
:10AA00002360FDF7D4B8002B7DF4CCA88C4D3360C7
:10AA100029684B1E002BD8BF13462B60FDF7C2B828
:10AA200000253560FEF766BC00263E60D4E50020B8
:10AA30000860FEF768BC00270F60D6E5944B4F9383
:10AA4000002A3CF7B5AE012A924E7CF4C6AE7C4992
:10AA500033960A603068DEF800300027FDF72DBF1E
:10AA60008B4B8D4D4F931295FCF7B3BE3DEEA6DA9E
:10AA7000013B85ED00DA0B60EBE43CEEABDA013B29
:10AA800085ED00DA0B60FEF78ABBB0EE4F7AF1EE8F
:10AA9000001AFDF747BF9FED81EA814F69EE0EEA8C
:10AAA00040F28F16BDEEEEFABEEEEC9A1FEE105A93
:10AAB000B542A8BF354687ED009A002C40F02B81A7
:10AAC00025F00101774F20970024C7293C6040F30F
:10AAD0001181754CA1F1C80504EB850BDBF8006012
:10AAE0003E60FCF7F3BE5D4B70481D68704E7149C7
:10AAF00056F8252051F82570D0ED007A90ED017AB6
:10AB00006D4DD0ED02EA149590ED03FADEF80030B9
:10AB100077EE87FAD41BFDF7C3BF6748149090ED1A
:10AB2000007AFCF71CBFB4EE4D7AF6EE000AF1EEA7
:10AB300010FA67EE201A3DF404AF604E84ED007AFF
:10AB400000243460FDF7FDBEF0EE687AFCF7C1BF6B
:10AB500030EEC7BA249C84ED00BAFDF76BBA78EEEC
:10AB6000C71A249BC3ED001AFEF740BEB2EE003AAE
:10AB7000B4EEC37AF1EE10FA7CF7F1AEDFED503AA5
:10AB800020EE236AB4EEC67AF1EE10FA58BFB0EEAA
:10AB9000406A40F19D80B0EE634AF6EE085AF4EE4A
:10ABA000653AF1EE10FA66EE044A26EE255A0AD10D
:10ABB000B4EEE47AF1EE10FA40F18A80B0EE646A05
:10ABC000F0EE443AEBE7B4EEC57AF1EE10FA7FD539
:10ABD000B0EE456AF6EE083AE1E74F9D296012991A
:10ABE000012C81ED039A7DF4F3AD1A49354B0F68C2
:10ABF0000025012F1D607DF613AF9FED338A334C86
:10AC000069EE088A40F22710FDEEE89AF7EE00AAF6
:10AC100019EE906AA6F1100121EAE17B8345A8BFF5
:10AC2000834639EE2A9A04EB8B031E481C4C1F689E
:10AC30000760BEEECD9A84ED009AFDF716BF00BF07
:10AC4000BC1C022020130220B01C0220082102207C
:10AC500074200220A8120020A8130220B81C022091
:10AC6000B81F022014210220A41C02205C21022013
:10AC70000C210220B81302203C1302209C1C02204D
:10AC80001C130220181302207C20022095BFD6330B
:10AC90002841022040100020EC1D02200000C84383
:10ACA000DC200220E8200220B0620408641E02209A
:10ACB000D81F0220F81F0220901F0220841E0220AD
:10ACC0009FAA2A3F4C2102200000A443105E0408E2
:10ACD000149EB0EE467A86ED006AFCF740BEF7EEB1
:10ACE000008AB4EEE89AF1EE10FA88BFB0EE689AE6
:10ACF000FCF7C4BDC4293CF7E9AD484D209FC1F124
:10AD0000C40605EB8601D1ED00FAB1EE6F7A87ED4E
:10AD1000007AFCF7DBBD25F00301D3E6F0EE687A9C
:10AD2000FCF7CDBE002D3FF43EAE3D4F3D4E3E48BC
:10AD30003E4B57F8225037682C9001321D6002605C
:10AD4000BD42BFF646AE2C9C2268B2F5967F3FF717
:10AD500040AE4BE6364C266846F480572760FDF738
:10AD600096BD21F00303FDF772BEC42B3DF77DAE07
:10AD70002A4D2099C3F1C40405EB8406D6ED00CA20
:10AD8000B1EE6CDA81ED00DAFDF76FBE294A10688A
:10AD900018B129490C68012C0AD0451E204B234EBE
:10ADA00053F825503560CBE7DFED24FAFCF78CBE75
:10ADB000F7EE009AB4EE695AF1EE10FAEDD10C9A62
:10ADC0001F49204C51F82530154E256856F82010A3
:10ADD000164C02EB800BDBED001A61EEA7AABDEE6C
:10ADE000EA9A19EE102A1A442A408A42226009DDA2
:10ADF0000BEE102AF8EECBBA3BEEE1CABDEECC8AE0
:10AE000084ED008A0138256856F82030EE1AB6F530
:10AE1000FA6F95DA23601D4692E700BFB06204081E
:10AE20005C210220A41C0220142102200C210220FB
:10AE300074200220E41D0220141E022051C2B43DE1
:10AE4000281F0220A01C02204FF0204360B943F2CB
:10AE5000DB011960800000F1204C6FF07043CCF8EA
:10AE60000430CCF80431704743F2D20243F820207A
:10AE7000F0E700BFD0E90131F0B4D0E90365D0E9D3
:10AE800005420B4333432B43C769D0E9086523438D
:10AE900013433B43D0E90A2433432B430768D0E9EB
:10AEA0000C5613432343BC002B4304F1204433438B
:10AEB0000829236003D1236843F040012160816B9E
:10AEC000B6F5801F0D691AD08F690B684E683B4339
:10AED0008F6843EA061CCE6849694CEA072343EAB7
:10AEE000064747EA055545EA0166B2F5804F6660B8
:10AEF0001CD06FF07040C4F80401F0BC7047002F04
:10AF0000E2D04FF020436E1E5F68D3F800C04CF4CF
:10AF1000801CC3F800C0D3F800C027F4700747EACC
:10AF200006564CF480771F605E60CDE7C26B976970
:10AF30001368D2E901C5D2E904103B4343EA0C1679
:10AF400046EA052242EA015343EA0067C4F8047165
:10AF5000F0BC704730B40223D0E90E4143604FF497
:10AF6000805210234FF40055C360026245620023F3
:10AF70000F22FF25036083600361C362C0E90533CC
:10AF8000C3618362C0E90C33A361C4E90022C4E950
:10AF900003226261A560C1E90022C1E90252C1E950
:10AFA00004228B6130BC7047800000F1204C31B12D
:10AFB000DCF8001041F00100CCF800007047DCF82C
:10AFC0000020024B1340CCF800307047FEFF0F000A
:10AFD00010280CBF054B064B4FF0FC3218204021C7
:10AFE000186059609A60DA60704700BF600000A086
:10AFF000800000A0D0E90132F0B4D0E9075486699E
:10B00000C768A968134343EA46333B4307696E6840
:10B01000A2683B4309044769006841EA0621666863
:10B0200043EA472C1204EF682B682568E46842EA7B
:10B03000062210280CBF074807482A4319434CF042
:10B04000080641EA076142EA046206608160F0BCDA
:10B05000C2607047600000A0800000A030B4D0E95A
:10B060000741FC23102500220560C0E90125C0E945
:10B070000322C0E90522C4E90033C4E90233C1E96F
:10B080000033C1E9023330BC704700BF41B1102822
:10B090000CBF084A084A106840F004031360704768
:10B0A00010280CBF034A044A044B11680B4013607C
:10B0B000704700BF600000A0800000A0FBFF0F00F1
:10B0C00041B110280CBF084A084A106840F04003FC
:10B0D0001360704710280CBF034A044A044B1168E0
:10B0E0000B401360704700BF600000A0800000A00C
:10B0F000BFFF0F0010280CBF014B024B586970476F
:10B10000600000A0800000A0054B4FF0FC3218202A
:10B110000021186059609A60DA601A61704700BFB8
:10B12000A00000A070B4D0E901530468164AC168B9
:10B130005E0346EA4525254345F010031360D1E937
:10B1400001650C68C9682B0443EA0626264346EAD3
:10B15000016504699560D4E901C341692668E56821
:10B16000180440EA0C24344344EA0563D360D1E96F
:10B1700001650868C9682C0444EA0623034343EACE
:10B180000166166170BC7047A00000A030B4D0E921
:10B1900003414269FC2300250560C0E90155C4E96B
:10B1A0000033C4E90233C1E90033C1E9023330BCE2
:10B1B000C2E90033C2E90233704700BF054A20B13B
:10B1C000106840F00403136070471168024B0B4095
:10B1D00013607047A00000A0FBFF0F0030B4800098
:10B1E000084B00F1204C00224FF434756FF070448E
:10B1F000CCF84051CCF848411A6130BC5A619A6190
:10B20000704700BF400100A02DE9F043D0F828C0EE
:10B210004368DCF80820D0F81CE0DCF80410D0F813
:10B220002080D0F8009083B0D0E903760192826844
:10B23000D0E9055413433B4333432B43019A476AF8
:10B24000DCF80060DCF814002343DCE90345013A34
:10B25000013943EA0E03120242EA0112013D013CA8
:10B2600043EA0803013E013829043B432503164302
:10B270000405B9F1000F0ED1114A1360DCF8183043
:10B280000D43254303F1FF3845EA08600643966005
:10B2900003B0BDE8F0834FEA890C0CF12049084A5D
:10B2A0004EEA080E4EEA0707254331431760C9F8F6
:10B2B00040319560C9F8481103B0BDE8F08300BF84
:10B2C000400100A030B4826A4023036100211023B2
:10B2D00080254FF40074C0E90554C0E90011816075
:10B2E000C0E907114162C36030BCC2E90033C2E962
:10B2F0000233C2E904339361704700BF30B4D0E930
:10B300000035D0E902242B4343EA44200349531E6D
:10B3100040EA43150D6130BC704700BF400100A0FA
:10B32000054B18B99A6902F00600704798698108C0
:10B3300001F00600704700BF400100A0024A5369B7
:10B3400043EA400050617047400100A0024A13697F
:10B3500043EA401010617047400100A0800000F1F6
:10B36000204C31B1DCF8401141F40070CCF84001C0
:10B370007047DCF8403147F6FF521340CCF84031BB
:10B38000704700BF62B1102819D0B0F5807F2AD075
:10B39000B0F5805F1DD0194A536919435161704758
:10B3A00010286FEA010119D0B0F5807F20D0B0F5E8
:10B3B000805F09D0114A5369194051617047104AA2
:10B3C00050680143516070470E4842681140416027
:10B3D00070470C484268114341607047084A506802
:10B3E0000140516070470848436819434160704705
:10B3F0000548436819404160704700BF400100A004
:10B40000600000A0A00000A0800000A0102812D0C2
:10B41000B0F5807F0CD0B0F5805F0BBF074B084BB9
:10B420005B689B6931EA03030CBF01200020704771
:10B43000044B5B68F6E7044A5368F3E7A00000A0FA
:10B44000400100A0800000A0600000A010286FEA6A
:10B4500001010FD0B0F5807F07D0B0F5805F0ED02E
:10B46000094A5369194051617047084843681940B7
:10B4700041607047064A5068014051607047054876
:10B480004268114041607047400100A0800000A068
:10B49000600000A0A00000A0102825D0B0F5807F9B
:10B4A00016D0B0F5805F24D0134A10B45369946964
:10B4B000012894BF04F0010003EAD10003EA010C63
:10B4C00018B11CF1000018BF01205DF8044B704753
:10B4D0000A4A536801EA030C03EAD10018B11CF1CF
:10B4E000000018BF012070470548436803EA010CBB
:10B4F000F2E704484368EDE7400100A0800000A0A7
:10B50000600000A0A00000A0102811D0B0F5807F3E
:10B5100008D0B0F5805F11D00B4A536943F00100A9
:10B52000506170470948426822EAD103436070477E
:10B530000748426822EAD10141607047054A5368D2
:10B5400023EAD10151607047400100A0800000A0B3
:10B55000600000A0A00000A008B54B4B984228D086
:10B560004A4988422FD04A4A904236D0494B9842A5
:10B5700015D0494988423AD0484A904241D0484B78
:10B58000984248D0474988425BD0474A90424CD0C5
:10B59000464B98425FD04649884268D008BD012199
:10B5A000082000F01BFD00210820BDE8084000F045
:10B5B00015BD0121084600F011FD00210120BDE864
:10B5C000084000F00BBD0121022000F007FD002122
:10B5D0000220BDE8084000F001BD0121042000F078
:10B5E000FDFC00210420BDE8084000F0F7BC01216B
:10B5F000102000F0F3FC00211020BDE8084000F00E
:10B60000EDBC0121202000F0E9FC00212020BDE854
:10B61000084000F0E3BC0121402000F0DFFC0021E5
:10B620004020BDE8084000F0D9BC01214FF48070F3
:10B6300000F0D4FC00214FF48070BDE8084000F019
:10B64000CDBC0121802000F0C9FC00218020BDE894
:10B65000084000F0C3BC01214FF4007000F0BEFCB4
:10B6600000214FF40070BDE8084000F0B7BC012194
:10B670004FF4806000F0B2FC00214FF48060BDE820
:10B68000084000F0ABBC00BF0000024000040240D4
:10B6900000080240000C024000100240001402406A
:10B6A00000180240001C024000200240002402401A
:10B6B000002802402DE9F047D1F800C000230127FF
:10B6C0004FF0030E02E00133102B40D007FA03F2D3
:10B6D00032EA0C04F7D15C00D0F800800E790EFA43
:10B6E00004F5ED4308EA0509C0F80090D0F800A081
:10B6F00006FA04F9013E49EA0A0A012E0EFA04F894
:10B70000C0F800A017D8D0F808904E7905EA0905CE
:10B710008560D0F808A091F80690A64046EA0A068F
:10B720008660456825EA02024260466809FA03F528
:10B73000AAB232434260C668CA7926EA0805C560E3
:10B74000C668A24001333243102BC260BED1BDE8AF
:10B75000F08700BF4FF6FF720023C0E90023704757
:10B7600082B04FF480330193019A0A430192019B06
:10B77000C361C1610199C161C2690192C06901904F
:10B7800002B070470369194214BF012000207047BE
:10B79000006980B2704700BF4369194214BF01209D
:10B7A00000207047406980B2704700BF0183704736
:10B7B000418370470AB1018370474183704700BFDE
:10B7C000416170474369594041617047CB0800EBC4
:10B7D000830001F0070110B4036A89000F248C4034
:10B7E00023EA04040462036A5DF8044B8A401A43A6
:10B7F0000262704708B5174B984206D01649884236
:10B800000FD0164A904218D008BD01214FF4001005
:10B8100000F008FC00214FF40010BDE8084000F0E3
:10B8200001BC01214FF4800000F0FCFB00214FF42B
:10B830008000BDE8084000F0F5BB01214FF4000096
:10B8400000F0F0FB00214FF40000BDE8084000F0DC
:10B85000E9BB00BF0054004000580040005C0040BD
:10B86000F0B5054685B06846AC880E4600F0C2FAD1
:10B8700002982D493368DFF8BCC024F03F07A1FBD4
:10B880000021890C3A04140C8FB23C43AC802A8806
:10B8900022F001042204140C63452C801CD85B00A8
:10B8A000B0FBF3F082B20137042A38BF04222F84A0
:10B8B000AA832F88B18874891C4BB289368947F0D6
:10B8C000010CA5F800C02F8821433B400B433243B5
:10B8D0002B802A8105B0F0BDF7884BF6FF7E7745B7
:10B8E0001AD003EB830303EB8302B0FBF2F084B2C4
:10B8F00044F4804ECEF30B020AB94EF0010E4FF421
:10B9000096730B4803FB01F1A0FB01218C09013464
:10B910004EF400422C84CBE703EB4307B0FBF7FC6B
:10B920001FFA8CFEE6E700BF83DE1B43F5FBFFFF3B
:10B93000D34D6210A0860100054941F288330022F0
:10B940004FF4804C0360C0E90112A0F80CC07047AE
:10B950000000FFBF038819B143F001010180704767
:10B9600023F001010A04130C03807047838C29B172
:10B9700023F010021304190C8184704743F0100166
:10B9800081847047838C9AB201F00F0122F00F037B
:10B990000B438384704700BF038819B143F480715F
:10B9A0000180704723F480710A04130C03807047F0
:10B9B000038819B143F400710180704723F40071CA
:10B9C0000A04130C0380704722B141F001018AB2CE
:10B9D0000282704701F0FE018AB20282704700BF06
:10B9E000038819B143F480610180704723F48061BA
:10B9F0000A04130C0380704783899AB201F0FE0198
:10BA000022F0FE030B438381704700BF838919B185
:10BA100043F001018181704723F001010A04130CF6
:10BA200083817047038819B143F04001018070475A
:10BA300023F040010A04130C03807047038819B1F6
:10BA400043F4004202807047C3F30E010180704747
:10BA5000038819B943F080010180704723F0800109
:10BA60000A04130C03807047838BB1F5804F1DBF10
:10BA700023F480431B041B0C43F4804383837047EF
:10BA80000388B1F5006F1BBF23F400631B0443F46C
:10BA900000631B0C038070470388B1F5005F1BBF78
:10BAA00023F400531B0443F400531B0C0380704722
:10BAB000038819B143F010010180704723F0100191
:10BAC0000A04130C0380704701827047008AC0B2D9
:10BAD000704700BF038819B143F48051018070475B
:10BAE00023F480510A04130C038070470388B1F5D6
:10BAF000006F1BBF23F400631B0443F400631B0CA3
:10BB000003807047038819B143F02001018070471A
:10BB100023F020010A04130C03807047008B000AF5
:10BB2000704700BF838819B143F40061818070477A
:10BB300023F400610A04130C83807047838819B1D1
:10BB400043F480518180704723F480510A04130C20
:10BB50008380704782B000230193019001980144D3
:10BB600001910199088802B0704700BF838812B123
:10BB700019438180704723EA01018180704700BF2B
:10BB8000838A008B43EA00420A4022F07F43591A1D
:10BB9000B1FA81F040097047838A008B43EA004183
:10BBA00021F07F40704700BF82B000230A0F00934E
:10BBB000019301900092009B21F07F4153B1019BC2
:10BBC00014330193019A13680B4214BF0120002023
:10BBD00002B07047019A1832090C0192F2E700BFD7
:10BBE000C9438AB2828270478388808A08409AB2A9
:10BBF00006D002EA114111F4E06F14BF01200020C9
:10BC0000704700BFC9438AB2828270470F4B104809
:10BC10001A68002142F0010230B41A6099601A6873
:10BC20000C4D0D4C22F0A85C2CF410221A605D60C3
:10BC3000C3F88440C3F888001D6825F480241C6084
:10BC4000D96030BCC3F88C10704700BF0038024088
:10BC5000003000241030002400300020024B00226D
:10BC60001A701870704700BF0238024082B000237B
:10BC7000094A0193106801990131019110F4003FC4
:10BC8000019B05D0044A1068C0F3404002B07047E1
:10BC9000B3F5A04FEED1F5E700380240034A136830
:10BCA00023F0F80141EAC0001060704700380240FC
:10BCB000014B1860704700BF00004742064B00224E
:10BCC00001281A701A7005D0042802D105201870B6
:10BCD000704770471870704770380240014B186009
:10BCE000704700BF800E474230B4029C064D40EAC8
:10BCF000046008435B08591E40EA821242EA01448C
:10BD00006C6030BC704700BF00380240014B1860C7
:10BD1000704700BF60004742120742EA0161034BCF
:10BD200041EA8010C3F88400704700BF0038024029
:10BD3000014B1860704700BF68004742120742EA93
:10BD40000161034B41EA8010C3F88800704700BFCF
:10BD500000380240014B1860704700BF7000474236
:10BD6000014B1860704700BF4C004742034A93687C
:10BD700023F0EC631943014391607047003802409F
:10BD8000034A936823F07843194301439160704755
:10BD900000380240034A936823F00301084390608F
:10BDA000704700BF00380240024B986800F00C005A
:10BDB000704700BF00380240034A936823F0F00147
:10BDC00008439060704700BF00380240034A936800
:10BDD00023F4E05108439060704700BF00380240F0
:10BDE000034A936823F4604141EAC00090607047C1
:10BDF00000380240204A936803F00C01042910B473
:10BE00001DD008291ED01D4B03601B4A1C49946895
:10BE1000C4F3031C11F80C40E34043609468C4F37E
:10BE2000822C11F80C4023FA04F484609268C2F367
:10BE30004234095D5DF8044BCB40C3607047114B41
:10BE40000360E2E754685368526803F03F0CC2F3A2
:10BE50008813094A61024CBF0A490849B1FBFCF446
:10BE6000516804FB03F4C1F3014301335A00B4FBEE
:10BE7000F2F30360C9E700BF003802400024F40079
:10BE80007805002040787D0100F44073B3F5407FD1
:10BE900009D108498A6820F0704C22F4F8122CF479
:10BEA000407313438B6003490A6FC0F30B001043C8
:10BEB0000867704700380240014B1860704700BFA8
:10BEC0003C0E4742014B1860704700BF400E47428E
:10BED000014B1860704700BF5C014742044AD2F82A
:10BEE0008C30013823F01F010843C2F88C007047E2
:10BEF00000380240054AD2F88C30013823F4F8515A
:10BF000041EA0023C2F88C30704700BF003802407D
:10BF1000044AD2F88C3023F440110843C2F88C0054
:10BF2000704700BF00380240044AD2F88C3023F436
:10BF300040010843C2F88C00704700BF003802403F
:10BF4000044AD2F88C3023F440310843C2F88C0004
:10BF5000704700BF00380240014B1860704700BFB7
:10BF6000E0114742044A136B11B103431363704756
:10BF700023EA00001063704700380240044A536B04
:10BF800011B103435363704723EA000050637047C5
:10BF900000380240044A936B11B103439363704726
:10BFA00023EA00009063704700380240044A136C93
:10BFB00011B103431364704723EA00001064704713
:10BFC00000380240044A536C11B103435364704774
:10BFD00023EA00005064704700380240044A1369A5
:10BFE00011B103431361704723EA000010617047E9
:10BFF00000380240044A536911B10343536170474A
:10C0000023EA00005061704700380240044A9369F7
:10C0100011B103439361704723EA000090617047B8
:10C0200000380240044A136A11B103431362704797
:10C0300023EA00001062704700380240044A536A45
:10C0400011B103435362704723EA00005062704706
:10C0500000380240044A136D11B103431365704761
:10C0600023EA00001065704700380240044A536D0F
:10C0700011B103435365704723EA000050657047D0
:10C0800000380240044A936D11B103439365704731
:10C0900023EA00009065704700380240044A136E9E
:10C0A00011B103431366704723EA0000106670471E
:10C0B00000380240044A536E11B10343536670477F
:10C0C00023EA00005066704700380240044A1378A3
:10C0D00011B103431370704723EA000010707047DA
:10C0E0000D3802404309012B0BD00A49022B0CBF2B
:10C0F000096F496F00F01F0021FA00F303F00100FF
:10C100007047044A116800F01F0021FA00F303F0A1
:10C110000100704700380240024A536F43F08070BC
:10C120005067704700380240034BD968084214BF7B
:10C1300001200020704700BF00380240014B1870FA
:10C14000704700BF0E38024008B501214FF0005083
:10C15000FFF768FF00214FF00050BDE80840FFF7EF
:10C1600061BF00BF70B4D1E90036D1E90225074CA8
:10C1700033431343266840F6FE712B4381408340CE
:10C1800026EA01000343236070BC7047007400403E
:10C190000023C0E90033C0E902337047064A012397
:10C1A00003FA00F0136811B103431360704723EAE8
:10C1B00000011160704700BF00740040064A00098A
:10C1C00001238340506811B103435360704720EA54
:10C1D00003015160704700BF00740040054A536876
:10C1E00018B143F003015160704723F00300506021
:10C1F000704700BF00740040814022B1054A1368B7
:10C200000B4313607047034A136823EA0100106070
:10C21000704700BF0074004082B00022054B0192BD
:10C220000193019A0832104401900198016002B014
:10C23000704700BF0074004082B00022054B01929D
:10C240000193019A1432104401900198016002B0E8
:10C25000704700BF007400400828044B0CBF42EA3E
:10C26000012242EA0142C250704700BF20740040E0
:10C2700082B00022064B0192019301992C3101EB0F
:10C2800090000190019A136898B202B0704700BF05
:10C2900000740040064A4FF4805303FA00F013681C
:10C2A00011B103431360704723EA00011160704726
:10C2B00000740040054B8140186812B101431960B9
:10C2C000704720EA01011960704700BF0074004008
:10C2D000034B5A6B8140114214BF0120002070476C
:10C2E00000740040014B8140596370470074004066
:10C2F000054B1A685B6B814011EA030003D00A42C8
:10C3000014BF01200020704700740040014B8140A1
:10C31000596370470074004008B52D4B98421BD0FC
:10C320002C49884224D02C4A90422DD02B4B984245
:10C3300006D02B49884233D02A4A90423CD008BDCF
:10C3400001214FF40050FFF779FE00214FF4005017
:10C35000BDE80840FFF772BE01214FF48050FFF79F
:10C360006DFE00214FF48050BDE80840FFF766BE27
:10C3700001214FF48040FFF755FE00214FF480402B
:10C38000BDE80840FFF74EBE01214FF40040FFF723
:10C3900049FE00214FF40040BDE80840FFF742BECF
:10C3A00001214FF48010FFF749FE00214FF4801067
:10C3B000BDE80840FFF742BE01214FF40010FFF72F
:10C3C0003DFE00214FF40010BDE80840FFF736BEE7
:10C3D0000030014000380040003C00400034014083
:10C3E00000500140005401400B888A88B0F800C01A
:10C3F00030B44C88CD88234313430C894A892B439E
:10C4000023438D89CC89098A13432B4323430CF49E
:10C41000415213430380838B23F400652C04220CC8
:10C42000828330BC01827047828B2E4B2DE9F04114
:10C430001340022483838E680484878B8C88CD8884
:10C44000022EBAB237D0284B9F68002C14BF4FF091
:10C45000400E4FF0200E3F023CD4DFF88C80DFF816
:10C4600090C0D8F88430D8F88470D8F80480B5F536
:10C47000007FC3F3881308F03F08C7F30277BCFBC3
:10C48000F8FC03FB0CF3B3FBF7F70CBF3F0AB7FB59
:10C49000FEF707EB87035F00144BB7FBF6F6053694
:10C4A0001FFA86F8A3FB0867FB085E08B71EFD2F7E
:10C4B00003F0010C13D902230E884F888989344375
:10C4C00022433A430A432B4342F4006403848483A7
:10C4D000BDE8F0819F6827F400079F60BDE746EA4A
:10C4E0000C23E9E740F0FFFF00380240CDCCCCCC74
:10C4F00040787D010023072202820360436083604D
:10C50000C3607047002302228260C0E90033838148
:10C51000704700BF038819B143F0400101807047A4
:10C5200023F040010A04130C03807047838B19B178
:10C5300043F480618183704723F480610A04130C03
:10C5400083837047038823F4006213041A0C02806B
:10C5500003881943018070470388B1F5804F1BBFE2
:10C5600023F480431B0443F480431B0C0380704777
:10C570004FF6FF639942018805BF21F480710904D9
:10C5800041F48071090C0180704700BF838819B1A4
:10C5900043F004018180704723F004010A04130C66
:10C5A00083807047838819B143F010018180704700
:10C5B00023F010010A04130C8380704770B40D88B7
:10C5C000868B0E4C8B884A88898925F40075344007
:10C5D000002D4FF0020642EA0302848308BF4FF4A5
:10C5E0008073068418BF0023848B13430B432343BB
:10C5F00043F40062828370BC704700BF40F0FFFFCD
:10C600008089704781817047038819B143F40051D4
:10C610000180704723F400510A04130C0380704713
:10C62000038843F480510180704700BF012914BF83
:10C63000008B808A80B27047008A7047838812B16D
:10C6400019438180704723EA01018180704700BF50
:10C650000909012303FA01FC1FFA8CF1838812B146
:10C6600019438180704723EA01028280704700BF2E
:10C670000389194214BF012000207047C9438AB2C0
:10C6800002817047828810B40123048901F00F00F1
:10C6900003FA00FC1CEA040006D0090992B28B40A0
:10C6A0001A4214BF012000205DF8044B704700BF00
:10C6B00001F00F01012303FA01F2D1438BB2038190
:10C6C000704700BF0268364910B4002322F001020F
:10C6D000212488420260036043608360C360036179
:10C6E000446138D02F4B98422ED02F4CA0423CD0E2
:10C6F0002E49884240D02E4B984232D02D4CA04239
:10C7000041D02D49884246D02C4B984217D02C4915
:10C7100088423CD02B4B984216D02B4CA04224D0C0
:10C720002A49884228D02A4B98421AD0294CA04244
:10C7300029D0294988422ED0284B984208D14FF061
:10C740003D5243F8AC2C03E04FF4746443F8204CA2
:10C750005DF8044B704722495DF8044B3D2088602A
:10C760007047204843F8640CF2E74FF4741244F821
:10C77000382C5DF8044B70474FF0746341F8503C1F
:10C780005DF8044B7047184944F87C1CE0E73D20F5
:10C7900041F8080CDCE7154C41F8944CD8E700BF91
:10C7A0001060024028600240406002405860024031
:10C7B0007060024088600240A0600240B8600240A1
:10C7C0001064024028640240406402405864024001
:10C7D0007064024088640240A0640240B864024071
:10C7E000006002403D000020400F002000003D207E
:10C7F0000B6870B4D1E90524CD682B43D1E90765F6
:10C8000013432343D1E9094233432B43D1E90D6557
:10C810002343134304680B4A334322402B431343FF
:10C82000036046690D69D1E90B3426F00702D1E9AE
:10C83000011623431343436145608160C66070BCA9
:10C84000704700BF3F801CF00023C0E90033C0E9FF
:10C850000233C0E90433C0E90633C0E90833C0E954
:10C860000A33C0E90C338363704700BF036819B112
:10C8700043F001020260704723F00101016070473C
:10C88000036819B143F400420260704723F4004189
:10C8900001607047036819B143F0200202607047DD
:10C8A00023F020010160704741607047406880B20A
:10C8B000704700BF036822B143F4002303600161A5
:10C8C000704723F40022026001617047036819B1C8
:10C8D00043F480220260704723F480210160704796
:10C8E0000AB101617047C160704700BF0068C0F3C2
:10C8F000C0407047006800F001007047406900F0D8
:10C900003800704710B40B4B0B4C0C4AA04294BF3C
:10C91000184610468B004CBF40680068084020F065
:10C92000F02121F08214201C18BF01205DF8044B77
:10C93000704700BF006002400F6402400064024084
:10C9400030B4084B084D094C21F0F022A84294BFA6
:10C950001846204622F082128B004CBFC2608260D3
:10C9600030BC7047006002400F6402400064024027
:10C970000B060CD54369AAB143F0800380294361BB
:10C980000FD0026801F01E01114301607047802939
:10C9900007D0002AF5D1036801F01E0123EA010245
:10C9A0000260704723F0800280294261F3D1704712
:10C9B00030B4114B114D124A21F0F02424F0C3146D
:10C9C000A84298BF1A469CB1036803EAD12404F038
:10C9D0001E0588004CBF50681068084020F0F02108
:10C9E00021F0821010B1281C18BF012030BC704704
:10C9F000406900F08005ECE7006002400F640240EF
:10CA00000064024030B4084B084D094C21F0F0227C
:10CA1000A84294BF1846204622F082128B004CBFD9
:10CA2000C260826030BC7047006002400F64024008
:10CA30000064024008B501214FF48070FFF7FEFA50
:10CA400000214FF48070BDE80840FFF7F7BA00BF3F
:10CA500042680B6970B40E790D6822F0407424F4BA
:10CA6000807C4CEA06222A434260CE688C68856846
:10CA70000A4A33432A404E792343134343EA460389
:10CA80008360097DC56A01F1FF3C25F470045FFAFB
:10CA90008CF244EA0256C66270BC7047FDF7FFC0D4
:10CAA00000230122027503608380C0E90233036121
:10CAB000704700BF30B40749074A4C68D0E90035D9
:10CAC0002B43D0E90250224013432B4303434B60D6
:10CAD00030BC704700230140E030FCFF0023C0E978
:10CAE0000033C0E902337047836819B143F0010293
:10CAF0008260704723F0010181607047436823F42E
:10CB0000400222F40073194341607047416282621F
:10CB1000704700BF436823F01F0211434160704714
:10CB2000054A536818B143F400015160704723F47B
:10CB300000005060704700BF00230140054A536861
:10CB400018B143F480015160704723F480005060B5
:10CB5000704700BF00230140092970B42AD9A1F110
:10CB60000A0C0CEB4C04C5680726A640A34025EA36
:10CB700006042343C360062A0CD8541E04EB840227
:10CB8000456B1F26964025EA0603914019434163F1
:10CB900070BC70470C2A18D8A2F1070C056B0CEB7F
:10CBA0008C021F26964025EA060391401943016333
:10CBB00070BC704701EB410604690725B540B340DE
:10CBC00024EA050633430361D5E70D3A02EB8206FA
:10CBD000C36A1F25B540B14023EA05042143C16261
:10CBE00070BC7047836843F080418160704700BF2C
:10CBF0008068C0F380707047836819B143F4806225
:10CC00008260704723F4806181607047836819B146
:10CC100043F002028260704723F002018160704796
:10CC20004368013923F4604242EA41314160704770
:10CC3000436819B143F400624260704723F4006115
:10CC400041607047C06C80B2704700BF014B1868EC
:10CC5000704700BF08230140836819B143F4807214
:10CC60008260704723F4807181607047836819B1D6
:10CC700043F400728260704723F400718160704752
:10CC8000054A536818B143F400515160704723F4CA
:10CC900000505060704700BF00230140092970B464
:10CCA0001DD9A1F10A0C0CEB4C04C5680726A6405F
:10CCB000A34025EA06042343C360836B0232C3F317
:10CCC0000156921B5FFA82FC0CEB8C051F24AC40D2
:10CCD000A94023EA04031943816370BC704701EB48
:10CCE000410604690725B540B34024EA05063343ED
:10CCF0000361E2E7836B013923F4401242EA0151F8
:10CD00008163704782B00023019301900198014430
:10CD1000019101990A6002B0704700BF836823F453
:10CD20007022114381607047836823F440121143DD
:10CD300081607047836843F480018160704700BF61
:10CD40008068C0F380507047436819B143F4806233
:10CD50004260704723F4806141607047436819B1B5
:10CD600043F480524260704723F480514160704721
:10CD700082B0002301930190019828300144019171
:10CD800001990A6890B202B0704700BFC9B201238E
:10CD90008B40416812B10B434360704721EA0302A4
:10CDA000426070470368194214BF01200020704799
:10CDB000C9430160704700BF4268006810EA112053
:10CDC00008D00123C9B203FA01FC1CEA020F14BF08
:10CDD00018460020704700BF6FEA112101607047BC
:10CDE00008B501214FF40060FFF728F900214FF446
:10CDF0000060BDE80840FFF721B900BF0A4970B4E0
:10CE00004A68C668D0E9014322F4FD4525F07F0257
:10CE1000234305680469007D134333432B432343B5
:10CE200003434B6070BC7047002C01400023037526
:10CE3000C0E90033C0E9023303617047014B186059
:10CE4000704700BFA0802542014B1860704700BFAB
:10CE5000002C0140024B186800F00300704700BF2F
:10CE6000002C01400949036830B48B60D0E90135DA
:10CE7000CA68D0E9034022F4FF6C2B432CF0070270
:10CE8000134323430343CB6030BC7047002C014065
:10CE90000023C0E90033C0E902330361704700BFDB
:10CEA000014B1869C0B27047002C0140044B82B09E
:10CEB00003440022019201930198006802B0704778
:10CEC000142C0140094A036830B4536241689162EE
:10CED000D0E90235D16AD0E904402B4321F0F701B3
:10CEE0000B4323430343D36230BC7047002C014003
:10CEF00000234FF0FF32C0E90023C0E90233C0E94C
:10CF000004337047014B186B704700BF002C014081
:10CF1000014BD3F880007047002C0140014BC3F84F
:10CF200080007047002C0140014B986C704700BF97
:10CF3000002C0140014B1860704700BFA0852542BE
:10CF4000014B1860704700BFA4852542014B186053
:10CF5000704700BFA8852542014B1860704700BF8D
:10CF6000AC852542014B1860704700BFAC8125425B
:10CF7000014B1860704700BFB0812542C043024B8F
:10CF800000F0010119607047B4812542014B18601F
:10CF9000704700BFB8812542014B1860704700BF41
:10CFA0008C852542044AD36B11B10343D363704788
:10CFB00023EA0000D0637047002C0140034B596BFB
:10CFC000014214BF01200020704700BF002C014027
:10CFD000014B9863704700BF002C0140034B596B15
:10CFE000084214BF01200020704700BF002C014000
:10CFF000014B9863704700BF002C0140044B05496A
:10D0000000221A605A609A60DA605961704700BF66
:10D01000003C0140FFFF7F000379827970B405680E
:10D0200003F1804101F59E3CEC4302B3174A41797C
:10D0300016682640166053681C405460DCF80040B7
:10D040002543CCF8005005689068EE43304090606E
:10D05000D368102906EA0306D6600FD001F1804C90
:10D060000CF59E310A6815430D6070BC7047DCF802
:10D0700000000440CCF8004070BC704794682C431A
:10D080009460D0680543D56070BC7047003C014097
:10D0900000234FF44062828003608371704700BFB9
:10D0A000024A136918431061704700BF003C0140F9
:10D0B000034B5969014214BF01200020704700BF93
:10D0C000003C0140014B5861704700BF003C0140EB
:10D0D000034B5969084214BF01200020704700BF6C
:10D0E000003C0140014B5861704700BF003C0140CB
:10D0F00008B501214FF48040FEF7A0FF00214FF456
:10D100008040BDE80840FEF799BF00BF014B1860A2
:10D11000704700BF00380140014B1860704700BFE6
:10D120002000274201F0FC0303F1804202F59C3C01
:10D1300001F0030110B4DCF808208B000F249C40A0
:10D1400022EA0401CCF80810DCF80840984020439B
:10D15000CCF808005DF8044B704700BF014B186025
:10D16000704700BFDC002742014B1860704700BFCA
:10D1700000042742024B186AC0F30020704700BF2A
:10D180000038014008B5604B984233D0B0F1804F71
:10D190003AD05E49884241D05D4A904220D05D4BF2
:10D1A000984245D05C4988424CD05C4A904253D06A
:10D1B0005B4B984266D05B49884257D05A4A9042AE
:10D1C0006AD05A4B984273D0594988427CD0594A08
:10D1D000904200F08380584B984200F0898008BD4F
:10D1E00001210420FEF71EFF00210420BDE80840B5
:10D1F000FEF718BF01210846FEF720FF002101209D
:10D20000BDE80840FEF71ABF01210846FEF70AFFF5
:10D2100000210120BDE80840FEF704BF01210220E3
:10D22000FEF700FF00210220BDE80840FEF7FABE2D
:10D2300001210820FEF7F6FE00210820BDE8084085
:10D24000FEF7F0BE01211020FEF7ECFE00211020B9
:10D25000BDE80840FEF7E6BE01212020FEF7E2FE11
:10D2600000212020BDE80840FEF7DCBE01214FF47C
:10D270008030FEF7E3FE00214FF48030BDE8084027
:10D28000FEF7DCBE01210220FEF7D8FE00210220BD
:10D29000BDE80840FEF7D2BE01214FF40030FEF792
:10D2A000CDFE00214FF40030BDE80840FEF7C6BEB9
:10D2B00001214FF48020FEF7C1FE00214FF48020B1
:10D2C000BDE80840FEF7BABE01214020FEF7AAFEE5
:10D2D00000214020BDE80840FEF7A4BE01218020C7
:10D2E000FEF7A0FE00218020BDE80840FEF79ABEB0
:10D2F00001214FF48070FEF795FE00214FF48070FD
:10D30000BDE80840FEF78EBE00000140000400406A
:10D3100000080040000C00400010004000140040D5
:10D320000004014000400140004401400048014029
:10D3300000180040001C004000200040244A0388E0
:10D34000904270B49BB212D002F58064A0420ED01D
:10D35000B0F1804F0BD0A4F58035A84207D005F579
:10D360008066B04203D006F5806C604503D14A88E0
:10D3700023F070031343174D4C68B1F800C0A84266
:10D3800018D005F58062904214D00E8923F44073C2
:10D3900002F56C459AB23243A8420280C462A0F8FA
:10D3A00028C011D1897A01864FF0010CA0F814C071
:10D3B00070BC70470380C462A0F828C04FF0010C15
:10D3C000A0F814C070BC7047034CA042EAD0F5E747
:10D3D00000000140001000400004014000234FF015
:10D3E000FF3242600381036083727047018582824D
:10D3F000704700BF038823F0700213041A0C114316
:10D400000180704741627047C1627047406A70474F
:10D41000008D7047038819B143F002010180704705
:10D4200023F002010A04130C03807047038819B12A
:10D4300043F004010180704723F004010A04130C37
:10D4400003807047038819B143F080010180704761
:10D4500023F080010A04130C03807047038823F033
:10D46000080213041A0C02800388194301807047D4
:10D47000038823F4407213041A0C028003881943B2
:10D4800001807047038819B143F0010101807047A2
:10D4900023F001010A04130C03807047F0B4048CDC
:10D4A0008D89B1F802C00F88194E24F001021304CF
:10D4B0001C0C0484028C8488038B22F0020223F06B
:10D4C000730312041B04120C45EA0C051B0CB0423A
:10D4D00042EA0502A4B243EA070309D00D4FB8425D
:10D4E00006D0896884800383F0BC4163028470475E
:10D4F000CE890D8A4F8A22F0080232438E8824F4A6
:10D50000407422F004023D4332432C43E9E700BF5C
:10D510000000014000040140F0B4048CB1F802C0E6
:10D520008E890F881F4D24F0100213041C0C0484F4
:10D53000038C8488028B23F0200322F4E6421B0430
:10D5400012041B0C120C46EA0C0643EA061C42EAC3
:10D550000727A8421FFA8CF3A4B2BAB20AD005F585
:10D560008065A84206D0896884800283F0BC81630C
:10D5700003847047B1F80EC04F8A0E8A23F08003EF
:10D5800043EA0C134FF6BF75B1F804C024F44064AD
:10D590001D403E4344EA860645EA0C17BBB2B4B2CE
:10D5A000E1E700BF00000140F0B5048C8D89B1F8BF
:10D5B00002E00F881E4E24F4807213041C0C0484B5
:10D5C000038CB0F804C0828B23F40074230422F08F
:10D5D000730245EA0E051B0C140443EA0523220CD2
:10D5E000B0429BB21FFA8CF542EA070208D0114FF5
:10D5F000B84205D0896885808283C1630384F0BD09
:10D60000B1F80EC04F8A0E8A23F4006444EA0C235A
:10D610004FF6FF34B1F804C025F440551C403E439A
:10D6200045EA061644EA0C27BBB2B5B2E2E700BFF2
:10D630000000014000040140F0B4048CB1F802C0C5
:10D640008E890F88184D24F4805213041C0C048416
:10D65000038C8488828B23F4005322F4E6421B045B
:10D6600012041B0C46EA0C06120C43EA063C42EA82
:10D670000727A8421FFA8CF3BEB21FFA84FC0BD016
:10D6800005F58065A84207D08968A0F804C08683A4
:10D690000164F0BC038470470A8A2CF4804444EA95
:10D6A00082171FFA87FCEFE70000014000230360A8
:10D6B0008380C0E902330361704700BF038C10B45C
:10D6C00001248C4023EA040C21F00803A0F820C0B8
:10D6D00018309BB10439C1F34E0C48F6FF745CF866
:10D6E000003023404CF8003012025CF8001094B275
:10D6F0000C434CF800405DF8044B704749084FF666
:10D700008F740B5823400B500C5822430A505DF87D
:10D71000044B70474163704781637047C163704732
:10D7200001647047038B23F0700213041A0C114339
:10D7300001837047038B23F4E04213041A0C42EA7E
:10D7400001218BB203837047838B23F07002130493
:10D750001A0C114381837047838B23F4E042130436
:10D760001A0C42EA01218BB283837047038B23F0AA
:10D77000080213041A0C114301837047038B23F42E
:10D78000006213041A0C42EA01218BB20383704732
:10D79000838B23F0080213041A0C11438183704712
:10D7A000838B23F4006213041A0C42EA01218BB22A
:10D7B00083837047038B23F0040213041A0C114374
:10D7C00001837047038B23F4806213041A0C42EA2E
:10D7D00001218BB203837047838B23F0040213046F
:10D7E0001A0C114381837047838B23F480621304E6
:10D7F0001A0C42EA01218BB283837047038B23F01A
:10D80000800213041A0C114301837047038BC3F386
:10D810000E0242EA01218BB203837047838B23F00F
:10D82000800213041A0C114381837047838BC3F366
:10D830000E0242EA01218BB283837047038C23F0EE
:10D84000020213041A0C114301847047038C23F065
:10D85000080213041A0C114301847047038C23F04F
:10D86000200213041A0C42EA01118BB203847047A0
:10D87000038C23F0800213041A0C42EA01118BB2CC
:10D8800003847047038C23F4007213041A0C42EAD9
:10D8900001218BB203847047038C23F400621304CC
:10D8A0001A0C42EA01218BB203847047038C23F4E3
:10D8B000005213041A0C42EA01318BB20384704700
:10D8C000038C10B401248C4023EA04040484038CE8
:10D8D0005DF8044B02FA01F119438AB202847047E1
:10D8E000038C10B404248C4023EA04040484038CC5
:10D8F0005DF8044B02FA01F119438AB202847047C1
:10D900000B88F0B44D888F880E89C98823BB028CA0
:10D9100022F001031C04220C0284B0F818C0048C0D
:10D920001FFA8CF3A2B223F0F3033B4322F00A0761
:10D9300043EA06162F4347F00104B5B20583048479
:10D94000B0F818C02CF00C031A04170C0783068BD0
:10D9500031430183F0BC7047042B29D0082B028C83
:10D960004FD022F4805423041A0C0284828B048C3E
:10D9700040F6FF43134045F6FF722240360342EA69
:10D98000053546EA07271F43ACB2BEB244F48057C0
:10D9900086830784B0F81CC02CF440631A04150C6D
:10D9A0008583848B44EA01218EB28683F0BC704764
:10D9B000028C22F010031C04220C0284048B038CC2
:10D9C0001FFA83FC2CF0A0023F0240F6FF4347EA17
:10D9D000063642EA051523403343ACB29FB244F009
:10D9E000100C0783A0F820C0028B22F44066330499
:10D9F0001D0C0583048B44EA01218FB20783F0BC20
:10DA0000704722F480731A04140C0484B0F81CC00C
:10DA1000028C1FFA8CF394B224F4206C23F0F303ED
:10DA20003B434CEA052743EA0615BEB2ACB246F4C6
:10DA3000807284830284838B23F00C073D042E0CB8
:10DA40008683848B21438183F0BC704700230122AD
:10DA500042600360038170472DE9F041B1F802E0B4
:10DA6000B1F804800B89CE880A88BEF1000F4FEA16
:10DA700003110CBF022500251B03B8F1010F4FEA6B
:10DA800006240BBF4FF4007C4FF4807C0227012753
:10DA900089B29BB2A4B2002A43D1078C27F00102BD
:10DAA00017043A0C0284078B028CBFB292B222F0A8
:10DAB0000A0227F0F30748EA07074EEA020839434B
:10DAC00048F0010201830284078B27F00C010A044D
:10DAD000170C0783018B0E430683068C26F0100279
:10DAE0001704390C0184068BB0F8208040F6FF47FC
:10DAF0001FFA88F2374022F0A00141EA05153B43A6
:10DB000043EA0C0345F0100603830684078B27F4D1
:10DB1000406211040D0C0583038B1C430483BDE894
:10DB2000F081028C22F010021204120C0284B0F870
:10DB300018C0028C92B243EA082822F0A00240F6F4
:10DB4000FF4303EA0C0C42EA0E124CEA08081FFAE3
:10DB500082FC1FFA88F34CF0100203830284B0F8B1
:10DB6000188028F440631A04130C0383028B1443B7
:10DB70000483048C24F001031A04140C0484B0F808
:10DB800018C0B0F820801FFA8CF31FFA88F223F037
:10DB9000F30422F00A0321432B43394343F00105E8
:10DBA00001830584078B27F00C010A04140C0483FD
:10DBB000038B1E430683BDE8F08100BF406B7047B6
:10DBC000806B7047C06B7047006C7047038B23F00D
:10DBD0000C0213041A0C0283038B19430183704750
:10DBE000038B23F4406213041A0C0283B0F818C0AC
:10DBF0004CEA01218BB20383704700BF838B23F073
:10DC00000C0213041A0C8283838B1943818370479F
:10DC1000838B23F4406213041A0C8283B0F81CC077
:10DC20004CEA01218BB28383704700BF70B40B882C
:10DC30004C888A88CE880D89234313434C8989896F
:10DC400033432B4323430B43A0F8443070BC70474D
:10DC5000002303604360836083817047B0F84430E1
:10DC600021B143F40042A0F844207047C3F30E01F1
:10DC7000A0F84410704700BF838819B143F0040135
:10DC80008180704723F004010A04130C83807047DD
:10DC9000838819B143F001018180704723F00101AD
:10DCA0000A04130C83807047838912B11943818160
:10DCB000704723EA01018181704700BF818270476C
:10DCC000038A194214BF012000207047C9438AB259
:10DCD00002827047038A828911EA03001FFA82FCDC
:10DCE00004D01CEA010F14BF01200020704700BFC0
:10DCF000C9438AB2028270470A43A0F8482070479D
:10DD0000838912B119438181704723EA010181811E
:10DD1000704700BF838819B143F0080181807047C4
:10DD200023F008010A04130C83807047038923F051
:10DD300007010A04130C0381704700BF038923F015
:10DD4000700213041A0C11430181018941F0070C80
:10DD5000A0F808C0704700BF602970B426D0058CB9
:10DD600025F001042604350C0584B0F818C0068C93
:10DD70001FFA8CF424F0F30CB5B225F00A064CEA35
:10DD800003139CB2324344F0010542F001020583C3
:10DD90000284038923F0700215042C0C21430181B5
:10DDA000018941F00706068170BC7047068C26F099
:10DDB000100425042E0C0684068BB0F820C040F613
:10DDC000FF441FFA8CF5344025F0A00644EA0333E3
:10DDD00046EA02121FFA83FC95B24CF4807445F0B7
:10DDE000100604830684D4E710B4048942EA0323AE
:10DDF0001943E2B20A4391B20181B0F808C02CF095
:10DE000077031C04220C42F0770101815DF8044B7A
:10DE1000704700BF10B4048942EA03231943E2B2F9
:10DE20000A4391B20181B0F808C05DF8044B4CF48C
:10DE300080430381704700BF038923F070021304FD
:10DE40001A0C114301817047838823F07002130478
:10DE50001A0C82808388194381807047038923F0DC
:10DE6000070213041A0C02810389194301817047C8
:10DE7000038923F0800213041A0C028103891943D9
:10DE80000181704710B404890A4342EA0323E1B2D6
:10DE900019438AB202815DF8044B704770B442EABC
:10DEA00003120589038B048C0B4E24F0220425F009
:10DEB000070524041E402D04240C14432D0C46F4A5
:10DEC00080722943A6B242F0010C0181A0F818C06B
:10DED000068470BC704700BFFCFCFFFF838819B14B
:10DEE00043F080018180704723F080010A04130C05
:10DEF00083807047A0F85010704700BF014BC0B23C
:10DF000018707047003C0240054A136818B143F48A
:10DF100080711160704723F480701060704700BFFB
:10DF2000003C0240054A136818B143F400711160C7
:10DF3000704723F400701060704700BF003C02403F
:10DF4000054A136818B143F480611160704723F4E7
:10DF500080601060704700BF003C0240024A1368B6
:10DF600043F4006010607047003C0240024A1368AE
:10DF700043F4805010607047003C0240044B1A6923
:10DF8000002A03DA0349044859605860704700BF0B
:10DF9000003C024023016745AB89EFCD024A13697B
:10DFA00043F0004010617047003C0240044B5A6946
:10DFB000D20703D50349044899609860704700BFB1
:10DFC000003C02403B2A19087F6E5D4C024A5369AF
:10DFD00043F0010050617047003C0240034A13784F
:10DFE00003F07F0108431070704700BF173C0240E8
:10DFF000044B1A7802F0EF0119701A781043187068
:10E00000704700BF143C0240044B1A7802F0F30141
:10E0100019701A7810431870704700BF143C024002
:10E02000024B5869C0F34710704700BF003C0240E4
:10E03000014B1888704700BF163C0240014B1888FE
:10E04000704700BF1A3C0240014B1888704700BF60
:10E05000163C0240014B1888704700BF1A3C024032
:10E06000024B1878AA3818BF01207047153C0240AF
:10E07000024B187800F00C00704700BF143C0240BF
:10E08000044A136911B103431361704723EA000086
:10E0900010617047003C0240034BD968014214BF35
:10E0A00001200020704700BF003C0240014BD860B7
:10E0B000704700BF003C02400E4BDA68D20310D418
:10E0C000D968C9060FD4DA68D20510D4D96811F01E
:10E0D000EF0F0AD1DB6813F0020F14BF08200920EC
:10E0E00070470120704706207047072070470220C4
:10E0F000704700BF003C024082B00922274B8DF8D8
:10E100000720D868C00319D4D968C90640D4DA6892
:10E11000D20541D4D86810F0EF0F3BD1DB6813F083
:10E12000020F14BF082309238DF807309DF807104C
:10E1300001290AD09DF8070002B0704701238DF82D
:10E1400007309DF807100129F4D1144B15E0D86869
:10E15000C10617D4D968CA0516D4DA6812F0EF0FD1
:10E1600014D1D86810F0020F14BF082009208DF8D0
:10E1700007009DF807100129DCD1DA68D003E6D545
:10E180000120F4E70620F2E70220F0E70720EEE79F
:10E190000623D4E70723D2E70223D0E7003C02405E
:10E1A00070B5064661B101292FD002290CBF4FF48A
:10E1B00000744FF44074FFF79FFF092805D070BD2D
:10E1C0000C46FFF799FF0928F9D1114D2B6923F46B
:10E1D000407028612969214329612A6922F0F804E5
:10E1E0002C612B69334343F002062E61286940F409
:10E1F00080312961FFF780FF2A6922F002042C6137
:10E200002B6923F0F8062E6170BD4FF48074D8E7B7
:10E21000003C024038B50446FFF76EFF3CB1012CCC
:10E2200023D0022C0CBF4FF400744FF44074092823
:10E2300000D038BD0F4D2B6923F440702861296947
:10E240000C432C612A6942F4004444F004032B611E
:10E25000286940F480312961FFF74EFF2A6922F4D2
:10E26000004424F004032B6138BD09284FF4807466
:10E27000DFD1DFE7003C024038B50446FFF73CFF42
:10E280003CB1012C1FD0022C0CBF4FF400744FF492
:10E290004074092800D038BD0D4D2B6923F440701F
:10E2A000286129690C432C612A6942F004042C611D
:10E2B0002B6943F480302861FFF71EFF296921F0A4
:10E2C00004022A6138BD09284FF48074E3D1E3E7E2
:10E2D000003C024038B50446FFF70EFF3CB1012C6C
:10E2E0001FD0022C0CBF4FF400744FF44074092867
:10E2F00000D038BD0D4D2B6923F440702861296989
:10E300000C432C612A6942F400442C612B6943F4CC
:10E3100080302861FFF7F0FE296921F400422A616C
:10E3200038BD09284FF48074E3D1E3E7003C024094
:10E33000F8B5054616461F46FFF7DEFE092800D051
:10E34000F8BD0B4C236923F440702061216941F42E
:10E3500040722261236943F001002061C5E9006732
:10E36000FFF7CAFE266926F001072761F8BD00BF46
:10E37000003C024070B505460E46FFF7BDFE092879
:10E3800000D070BD0A4C236923F4407020612169DC
:10E3900041F400722261236943F0010020612E6084
:10E3A000FFF7AAFE256925F00106266170BD00BFB2
:10E3B000003C024070B505460E46FFF79DFE092859
:10E3C00000D070BD0A4C236923F44070206121699C
:10E3D00041F480722261236943F0010020612E80A4
:10E3E000FFF78AFE256925F00106266170BD00BF92
:10E3F000003C024070B505460E46FFF77DFE092839
:10E4000000D070BD094C236923F44070206121695C
:10E410002161226942F0010323612E70FFF76CFE37
:10E42000256925F00106266170BD00BF003C024051
:10E4300038B504460D46FFF75FFE092800D038BD09
:10E44000A0B22DB105490C8824EA00050D8038BD25
:10E45000024B1A881043188038BD00BF163C02409A
:10E4600038B504460D46FFF747FE092800D038BDF1
:10E47000A0B22DB105490C8824EA00050D8038BDF5
:10E48000024B1A881043188038BD00BF1A3C024066
:10E4900038B504460D46FFF72FFE092800D038BDD9
:10E4A000A0B225B1054C25882843208038BD034AF9
:10E4B000138823EA0001118038BD00BF163C0240DA
:10E4C00038B504460D46FFF717FE092800D038BDC1
:10E4D000A0B225B1054C25882843208038BD034AC9
:10E4E000138823EA0001118038BD00BF1A3C0240A6
:10E4F00010B50446FFF700FE092804BF014B1C704D
:10E5000010BD00BF153C024070B506460C461546CE
:10E51000FFF7F2FD092800D070BD044A137803F01C
:10E520001F00064335432C43147070BD143C024059
:10E53000034A137843F002001070FFF7DDBD00BFFF
:10E54000143C024010B582B00C466A4601A904F0A2
:10E5500011FEF0B9DDE900128B698978023B01FBFD
:10E5600003F302FB01F207EE903A07EE102AB8EE31
:10E57000670AF8EE470AF6EE006A20EE261A60EE09
:10E58000A61ABCEEC12AFCEEE12A84ED002AC4EDF5
:10E59000012A02B010BD00BF70B582B005460C461E
:10E5A0006A4601A9094804F0E5FD68B9DDE90013F0
:10E5B0008E698A78023E02FB06F252082A608D7844
:10E5C00003FB05F35908216002B070BDD067040851
:10E5D00070B582B005460C466A4601A9094804F0A8
:10E5E000C9FD68B9DDE900138E698A78023E02FB35
:10E5F00006F252082A608D7803FB05F35908216062
:10E6000002B070BDD46704082DE9F0470F46C2B0D0
:10E61000002939D0C468064694B38C4239D3B4EB90
:10E62000010A41D0D0464FF0000919E0304603F00E
:10E63000E5FE4946044618BB304604F0D5FA01AB66
:10E6400004462A4602A9D8B9304604F01DF804460B
:10E65000B0B9DDE90023B8EB05081744994423D08D
:10E660003946304604F0C0FAB8F5807F454628BFE9
:10E670004FF4807504466B4602A92A460028D5D07F
:10E68000204642B0BDE8F0870C46204642B0BDE8C7
:10E69000F087002104F0A8FA04460028F0D13046A3
:10E6A00004F0F4FD0446EBE75146304604F09CFAD2
:10E6B00004460028E4D1304604F0E8FD2146304607
:10E6C00004F092FA0446DBE7034B186980F400512A
:10E6D000C1F34030704700BF001C0240012070476A
:10E6E0002DE9F04F054695B08946344B08934FF419
:10E6F00080740AA829461646099404F0DBFB20B171
:10E700000446204615B0BDE8F08F2846F3F77CFAA2
:10E71000804600F1010B02A90AA804F02FFC05EBCA
:10E720000807044648BB9DF8110030B32E28F2D0EC
:10E73000DDF820A09AF800100DF11102002908BFA1
:10E7400092465046F3F760FA0BEB000CCC4552466C
:10E750001B49384630D209F04DFC9DF8103013F0BB
:10E76000100332464FF0000128460DD033680133C4
:10E770003360FFF7B3FFA0B938700AA804F0E6FBD6
:10E78000204615B0BDE8F08F77680193013701216D
:10E790007760FFF7A3FF019905F808100028BAD1A8
:10E7A000EBE7324649462846FFF79AFF0446002821
:10E7B000E3D105F80800AEE71124DEE73C41022072
:10E7C000D8670408F8B51D46002307461646C5E974
:10E7D0000033A1B10C463846F3F716FAB04201D324
:10E7E0001120F8BD0020394620702046F3F7F4F9D7
:10E7F0002A4631462046BDE8F840FFF771BF104673
:10E8000009F0A4F804460028E5D1E9E72DE9F04F26
:10E8100085B09DF83C409DF838C0009411B905B012
:10E82000BDE8F08F00F13F4505F57E06DFF80CE30B
:10E83000B40ADEF8307001261FFA84F806FA08F5EB
:10E8400002F1FF393D43B145CEF8305040F27881B6
:10E85000CE0713D5C368B84E23F0030545EA0C0371
:10E860005FFA84FAC360076836F81A9027F003034A
:10E8700049F00108134326F81A8003608D0714D568
:10E88000C568AD4E25F00C0747EA8C035FFA84FBA0
:10E89000C360076836F81BA027F00C094AF002088D
:10E8A00049EA820526F81B8005604B0714D5C3682A
:10E8B000A14E23F0300747EA0C155FFA84FBC560D0
:10E8C000036836F81B7023F0300A47F004094AEA5F
:10E8D000021526F81B9005600F0714D5C368964EE5
:10E8E00023F0C00747EA8C155FFA84F8C560036817
:10E8F00036F8187023F0C00B47F0080A4BEA82156F
:10E9000026F818A00560CE0614D5C3688A4E23F4F5
:10E91000407747EA0C255FFA84F9C560036836F84A
:10E92000197023F4407847F0100B48EA022526F8C6
:10E9300019B005608D0614D5C3687F4E23F4406777
:10E9400047EA8C255FFA84FAC560036836F81A70C6
:10E9500023F4406947F0200849EA822526F81A8006
:10E9600005604B0614D5C368734E23F4405747EA3D
:10E970000C355FFA84FBC560036836F81B7023F41E
:10E98000405A47F040094AEA023526F81B900560D4
:10E990000F0614D5C368684E23F4404747EA8C3508
:10E9A0005FFA84F8C560036836F8187023F4404BAA
:10E9B00047F0800A4BEA823526F818A00560CE059C
:10E9C00014D5C3685C4E23F4403747EA0C455FFA20
:10E9D00084F9C560036836F8197023F4403847F4A9
:10E9E000807B48EA024526F819B005608D0514D5EC
:10E9F000C368514E23F4402747EA8C455FFA84FAF6
:10EA0000C560036836F81A7023F4402947F400788B
:10EA100049EA824526F81A8005604B0514D5C3687B
:10EA2000454E23F4401747EA0C555FFA84FBC56056
:10EA3000036836F81B7023F4401A47F480694AEAE9
:10EA4000025526F81B9005600F0514D5C3683A4E91
:10EA500023F4400747EA8C555FFA84F8C5600368E1
:10EA600036F8187023F4400B47F4006A4BEA8255DD
:10EA700026F818A00560CE0414D5C3682E4E23F0E6
:10EA8000407747EA0C655FFA84F9C560036836F899
:10EA9000197023F0407847F4805B48EA026526F855
:10EAA00019B005608D0414D5C368234E23F0406768
:10EAB00047EA8C655FFA84FAC560036836F81A7015
:10EAC00023F0406947F4005849EA826526F81A8025
:10EAD00005604B0414D5C368174E23F0405747EA2E
:10EAE0000C755FFA84FBC560036836F81B7023F071
:10EAF000405A47F480494AEA027526F81B9005609F
:10EB0000CB0B3FF48CAEC1680B4E21F04048E4B211
:10EB100048EA8C73C36036F8147005686FEA474C96
:10EB200025F0404B6FEA5C4A4BEA827226F814A04B
:10EB3000026005B0BDE8F08F3C4202200038024080
:10EB4000CDE90212DFF878A001965FFA84F900257A
:10EB5000039C019E690004FA01F8029C03222C41E7
:10EB600003FA05F78A4014F0010F06FA05F66FEA7A
:10EB700002020CFA01FBBFB205F101051BD0C4680B
:10EB80003AF819E0144044EA0B04C46004681440E5
:10EB900044EA08040460446824EA06042743476002
:10EBA0008468009F224007FA01F146EA0E0B0A43EF
:10EBB0002AF819B08260102DCAD105B0BDE8F08FD7
:10EBC0003C4202202DE9F04F85B001929DF838209B
:10EBD00003929DF83C20002900F0CC8000F13F4ECC
:10EBE0000EF57E04654D4FEA94282E6B1FFA88F7C8
:10EBF0000124BC403443CE072C6304D5056A25F0BC
:10EC00000F07174307628D0705D5046A24F0F00645
:10EC100046EA021505624C0705D5076A27F47069B4
:10EC200049EA022404620F0705D5066A26F47045F6
:10EC300045EA02370762CE0605D5046A24F4702639
:10EC400046EA024505628D0605D5076A27F4700A73
:10EC50004AEA025404624C0605D5066A26F070653D
:10EC600045EA026707620F0605D5046A24F070467C
:10EC700046EA02750562CE0504D5476A27F00F04FF
:10EC8000144344628D0505D5466A26F0F00545EA31
:10EC9000021747624C0505D5446A24F4706646EABB
:10ECA000022545620F0505D5476A27F4704B4BEAEC
:10ECB00002344462CE0405D5466A26F4702545EA3E
:10ECC000024747628D0405D5446A24F4700646EA7B
:10ECD000025545624C0405D5476A27F0706C4CEA32
:10ECE00002644462CC0B05D0466A26F0704545EAC2
:10ECF00002724262DFF888A002935FFA88FE002465
:10ED00006500032303FA05F7029E019B41FA04FC08
:10ED10004FF0010B06FA05F94FF0020803FA04F66A
:10ED20001CF0010F6FEA070208FA05F80BFA04F766
:10ED3000B3B25C441CD0C6683AF81EB0164046EA2E
:10ED40000906C6600668164046EA08060660466878
:10ED500026EA070949EA030343608668039B3240B9
:10ED600003FA05F547EA0B082A432AF81E80826059
:10ED7000102CC5D105B0BDE8F08F00BF00380240AF
:10ED80003C42022000F13F4370B403F57E02CD0700
:10ED90004FEA92230BD5DEB2764D026835F8164065
:10EDA00024F0010C25F816C042F0030606608C071B
:10EDB0000CD5704D02685FFA83FC35F81C4024F0D6
:10EDC000020625F81C6042F00C0505604A070CD5C8
:10EDD000684E02685FFA83FC36F81C4024F0040594
:10EDE00026F81C5042F0300606600E070CD5614D27
:10EDF00002685FFA83FC35F81C4024F0080625F809
:10EE00001C6042F0C0050560CD060CD5594E026865
:10EE10005FFA83FC36F81C4024F0100526F81C50DD
:10EE200042F4407606608C060CD5524D02685FFABB
:10EE300083FC35F81C4024F0200625F81C6042F4C1
:10EE4000406505604A060CD54A4E02685FFA83FCAD
:10EE500036F81C4024F0400526F81C5042F4405679
:10EE600006600E060CD5434D02685FFA83FC35F848
:10EE70001C4024F0800625F81C6042F440450560E3
:10EE8000CD050CD53B4E02685FFA83FC36F81C407A
:10EE900024F4807526F81C5042F4403606608C0538
:10EEA0000CD5344D02685FFA83FC35F81C4024F41D
:10EEB000007625F81C6042F4402505604A050CD513
:10EEC0002C4E02685FFA83FC36F81C4024F48065FF
:10EED00026F81C5042F4401606600E050CD5254D50
:10EEE00002685FFA83FC35F81C4024F4006625F8BC
:10EEF0001C6042F440050560CD040CD51D4E02682F
:10EF00005FFA83FC36F81C4024F4805526F81C5028
:10EF100042F0407606608C040CD5164D02685FFA0C
:10EF200083FC35F81C4024F4005625F81C6042F0A0
:10EF3000406505604A040CD50E4E02685FFA83FCFA
:10EF400036F81C4024F4804526F81C5042F0405608
:10EF50000660CA0B0BD0DBB2064C026834F8131003
:10EF6000C1F30E0542F0404624F81350066070BC11
:10EF7000704700BF3C420220CB0703D5036823F053
:10EF8000030202608A0703D5036823F00C020260C3
:10EF90004B0703D5036823F0300202600A0703D54C
:10EFA000036823F0C0020260CB0603D5036823F494
:10EFB000407202608A0603D5036823F4406202604F
:10EFC0004B0603D5036823F4405202600A0603D5BA
:10EFD000036823F440420260CB0503D5036823F4A1
:10EFE000403202608A0503D5036823F440220260A0
:10EFF0004B0503D5036823F4401202600A0503D5CC
:10F00000036823F440020260CB0403D5036823F0B5
:10F01000407202608A0403D5036823F040620260F4
:10F020004B0403D5036823F040520260CB0B03D09E
:10F03000016821F040430360704700BFCB0705D54E
:10F04000036823F0030242F0010303608A0705D539
:10F05000026822F00C0C4CF0040303604B0705D54A
:10F06000026822F0300C4CF0100303600A0705D54B
:10F07000026822F0C00C4CF040030360CB0605D5BB
:10F08000026822F4407C4CF4807303608A0605D544
:10F09000026822F4406C4CF4806303604B0605D593
:10F0A000026822F4405C4CF4805303600A0605D5E4
:10F0B000026822F4404C4CF480430360CB0505D534
:10F0C000026822F4403C4CF4803303608A0505D585
:10F0D000026822F4402C4CF4802303604B0505D5D4
:10F0E000026822F4401C4CF4801303600A0505D525
:10F0F000026822F4400C4CF480030360CB0405D575
:10F10000026822F0407C4CF0807303608A0405D5CD
:10F11000026822F0406C4CF0806303604B0405D51C
:10F12000026822F0405C4CF080530360CB0B05D0AA
:10F13000016821F0404242F080430360704700BF05
:10F14000CB0703D5036843F0030202608A0703D5A7
:10F15000036843F00C0202604B0703D5036843F0D9
:10F16000300202600A0703D5036843F0C002026060
:10F17000CB0603D5036843F4407202608A0603D5C8
:10F18000036843F4406202604B0603D5036843F40E
:10F19000405202600A0603D5036843F4404202600D
:10F1A000CB0503D5036843F4403202608A0503D5DA
:10F1B000036843F4402202604B0503D5036843F41F
:10F1C000401202600A0503D5036843F4400202605E
:10F1D000CB0403D5036843F0407202608A0403D570
:10F1E000036843F0406202604B0403D5036843F0B8
:10F1F00040520260CB0B03D0016841F040430360F2
:10F20000704700BFCB0705D5036823F0030242F027
:10F21000020303608A0705D5026822F00C0C4CF04B
:10F22000080303604B0705D5026822F0300C4CF050
:10F23000200303600A0705D5026822F0C00C4CF0D9
:10F2400080030360CB0605D5026822F4407C4CF4B1
:10F25000007303608A0605D5026822F4406C4CF402
:10F26000006303604B0605D5026822F4405C4CF451
:10F27000005303600A0605D5026822F4404C4CF4A2
:10F2800000430360CB0505D5026822F4403C4CF4F2
:10F29000003303608A0505D5026822F4402C4CF443
:10F2A000002303604B0505D5026822F4401C4CF492
:10F2B000001303600A0505D5026822F4400C4CF4E3
:10F2C00000030360CB0405D5026822F0407C4CF0BB
:10F2D000007303608A0405D5026822F0406C4CF08C
:10F2E000006303604B0405D5026822F0405C4CF0DB
:10F2F00000530360CB0B05D0016821F0404242F07F
:10F3000000430360704700BFCB0704D5C36823F0F8
:10F3100003031343C3608B0705D5C36823F00C0CAC
:10F320004CEA8203C3604B0705D5C36823F0300C59
:10F330004CEA0213C3600B0705D5C36823F0C00C69
:10F340004CEA8213C360CB0605D5C36823F4407C26
:10F350004CEA0223C3608B0605D5C36823F4406CD6
:10F360004CEA8223C3604B0605D5C36823F4405C96
:10F370004CEA0233C3600B0605D5C36823F4404C46
:10F380004CEA8233C360CB0505D5C36823F4403C07
:10F390004CEA0243C3608B0505D5C36823F4402CB7
:10F3A0004CEA8243C3604B0505D5C36823F4401C77
:10F3B0004CEA0253C3600B0505D5C36823F4400C27
:10F3C0004CEA8253C360CB0405D5C36823F0407C6C
:10F3D0004CEA0263C3608B0405D5C36823F0406C1C
:10F3E0004CEA8263C3604B0405D5C36823F0405CDC
:10F3F0004CEA0273C360CB0B05D0C16821F0404CCE
:10F400004CEA8272C260704741F48033C361C161CB
:10F41000C361C369C369704701284FF0000304D971
:10F420004008013301289BB2FAD11846704700BF4B
:10F4300000F13F4000F57E01C1F38F20704700BF0F
:10F4400000F13F40054A00F57E01C1F38F23012002
:10F45000116B984008431063704700BF00380240AA
:10F4600000F13F40064900F57E020B6B0120C2F31C
:10F470008F2C00FA0CF223EA02000863704700BFE9
:10F48000003802402DE9F04F85B000F13F44551E91
:10F4900004F57E069DF83C700193012D4FEA9623FA
:10F4A0009DF838E0039740F27581CE0713D5C46804
:10F4B000B74E24F0030545EA0E045FFA83FAC460F0
:10F4C000076836F81AB027F003044BF0010C144318
:10F4D00026F81AC004608D0714D5C568AC4E25F017
:10F4E0000C0747EA8E045FFA83F9C460076836F8B0
:10F4F000198027F00C0A48F0020B4AEA820526F828
:10F5000019B005604C0714D5C468A14E24F030072B
:10F5100047EA0E155FFA83FCC560046836F81C7074
:10F5200024F0300947F0040849EA021526F81C8047
:10F5300005600F0714D5C468954E24F0C00747EA4C
:10F540008E155FFA83FAC560046836F81A7024F0E5
:10F55000C00B47F0080C4BEA821526F81AC005606C
:10F56000CE0614D5C4688A4E24F4407747EA0E25A7
:10F570005FFA83F9C560046836F8197024F440789E
:10F5800047F0100A48EA022526F819A005608D0602
:10F5900014D5C4687E4E24F4406747EA8E255FFA8E
:10F5A00083FBC560046836F81B7024F4406C47F098
:10F5B00020094CEA822526F81B9005604C0614D5DC
:10F5C000C468734E24F4405747EA0E355FFA83F857
:10F5D000C560046836F8187024F4405A47F0400BB0
:10F5E0004AEA023526F818B005600F0614D5C4683B
:10F5F000674E24F4404747EA8E355FFA83FCC560C6
:10F60000046836F81C7024F4404947F0800849EA41
:10F61000823526F81C800560CE0514D5C4685C4E82
:10F6200024F4403747EA0E455FFA83FAC560046860
:10F6300036F81A7024F4403B47F4807C4BEA0245CC
:10F6400026F81AC005608D0514D5C468504E24F400
:10F65000402747EA8E455FFA83F9C560046836F8AB
:10F66000197024F4402847F4007A48EA824526F8C5
:10F6700019A005604C0514D5C468454E24F4401704
:10F6800047EA0E555FFA83FBC560046836F81B70C5
:10F6900024F4401C47F480694CEA025526F81B907C
:10F6A00005600F0514D5C468394E24F4400747EAB5
:10F6B0008E555FFA83F8C560046836F8187024F434
:10F6C000400A47F4006B4AEA825526F818B00560F4
:10F6D000CE0414D5C4682E4E24F0407747EA0E6558
:10F6E0005FFA83FCC560046836F81C7024F040792A
:10F6F00047F4805849EA026526F81C8005608D04AD
:10F7000014D5C468224E24F0406747EA8E655FFA3C
:10F7100083FAC560046836F81A7024F0406B47F429
:10F72000005C4BEA826526F81AC005604C0414D5CB
:10F73000C468174E24F0405747EA0E755FFA83F904
:10F74000C560046836F8197024F0405847F4804AC0
:10F7500048EA027526F819A00560C90B15D0C168E2
:10F760000B4E21F04044DBB244EA8E77C76036F896
:10F77000135001686FEA454B21F040476FEA5B4C3C
:10F7800047EA827226F813C0026005B0BDE8F08F28
:10F790003C420220DFF87CA002915FFA83FB002448
:10F7A000019D05FA04F7029D6100254103268E4064
:10F7B0004FF0010915F0010F6FEA06030EFA01F888
:10F7C00009FA04F602FA01FCBFB204F101041BD0ED
:10F7D000C5683AF81B901D4045EA0805C5600568F4
:10F7E0001D4045EA0C050560456825EA06052F43DE
:10F7F00047608568039F2B4007FA01F146EA090834
:10F800000B432AF81B808360102CC9D105B0BDE8DA
:10F81000F08F00BF3C42022000F13F4000F57E0126
:10F82000C1F38F22014B33F8120070473C42022093
:10F8300000F13F4000F57E01C1F38F22024B33F807
:10F840001200C14388B270473C4202200120704739
:10F850000120704701207047012070470120704748
:10F860000120704701207047012070470120704738
:10F870000120704701207047012070470120704728
:10F880000120704701207047012070470120704718
:10F89000012070470120704701207047CB1F012BCA
:10F8A00011D8F0B4084AD0E90076D0E9025401EB4F
:10F8B00081010069890053185750C3E90165C3E904
:10F8C0000340F0BC704770478805002000EB8000C3
:10F8D000034B53F8201001B108470420704700BFC4
:10F8E00088050020044B00EB800003EB80014A6890
:10F8F00002B11047042070478805002083B170B41E
:10F90000084D00EB800405EB840005692DB1084625
:10F9100011461A462B4670BC1847042070BC70472D
:10F92000042070478805002083B170B4084D00EBB7
:10F93000800405EB8400C5682DB1084611461A46BF
:10F940002B4670BC1847042070BC704704207047D9
:10F9500088050020064B00EB800003EB800C084676
:10F96000DCF808300BB1114618470420704700BF7F
:10F9700088050020004870470000FC4201207047C5
:10F980000120704701207047012070470120704717
:10F990002DE9F0473B4C8D1881469846A94211D07D
:10F9A00011F801CB1FFA8CF2A2F161001928A444CE
:10F9B000F4D97F2A88BF1CF8802C002AEED10020C1
:10F9C000BDE8F08799F8007077B32E4E09F1010A6F
:10F9D0003F2F51463CD02A2F3AD03B462C4618E0C8
:10F9E000A2F120039AB214F8010B83B2A3F1610CC7
:10F9F000BCF1190F1ED8A3F1200083B2934220D18D
:10FA0000ABB10A4612F8013B3F2B25D02A2B23D05D
:10FA100011469AB2A2F161001928E1D97F2A84BF68
:10FA20009B1913F8802CDEE7B8F1000FCDD0012030
:10FA3000BDE8F0877F2B84BF801910F8803C93428B
:10FA4000DED00135B8F1000FB9D0002BC0D1B6E738
:10FA50002C46494609F101020023097896461A46C8
:10FA60003F2970461EF8011B0CBF013201233F29BC
:10FA7000F6D02A29F4D02146FFF78AFF0028D6D1F4
:10FA80002378DEE7DC670408F0B50768AFB33E789B
:10FA90001F2E0ED93A2E844607F1010E14D03C4693
:10FAA00002E03A2A08D00C4662781F2A04F10101CC
:10FAB000F7D8184B1878F0BDA6F13000092801D806
:10FAC000714521D004F1020E1348002650F8044F6E
:10FAD000394601E093420DD111F8013B14F8012B96
:10FAE000A3F16105192D9CBF203BDBB2002AF1D1A7
:10FAF000714505D00136092EE8D14FF0FF30F0BD39
:10FB00003046CCF80010F0BD0928F6D00234CCF80D
:10FB10000040F0BD52420220D868040803692DE974
:10FB2000F04101F10902002B3ED046694FF02E0E44
:10FB3000731E06F10A0C18E002339B1BA4F1410569
:10FB4000092BEDB23AD0192D0AD8092B96F80C8062
:10FB500034BF0823102313EA080F1CBF2034E4B27B
:10FB600002F8014B67453B460ED05C78202C03F130
:10FB70000107F7D0052CDFD1DD1FB5424FF0E504BA
:10FB8000EED102F801EBEBE7F77A0F72F5690D6041
:10FB900096F819C0347E44EA0C28A1F80480F77D59
:10FBA000B67D46EA0723CB80002515708E691EB10D
:10FBB00002695AB900203070BDE8F081192D02F8B1
:10FBC00001EBCDD896F80C801023C4E7CC69002C4B
:10FBD000F0D0078C4FF6FF7C6745EBD0C76937F84C
:10FBE000020B0028E6D00C4606F1FF380AE0E16976
:10FBF00001F1FF3EAE45DDD908F8010F37F8020BE1
:10FC0000013528B1002105F02FFA0028EFD1D1E706
:10FC10002E44CFE770B5274D11E011F801CB1FFA44
:10FC20008CF3A3F16104A0F12006192CB0B220D806
:10FC3000A3F12006B3B2834222D11046BBB30246E1
:10FC400012F8013B3F2B1DD02A2B1BD098B2A0F1FC
:10FC50006104192CE1D97F2888BF5B1911F801CB09
:10FC600088BF13F8800C1FFA8CF3A3F16104192CE0
:10FC7000DED97F2B84BFAC441CF8803C8342DCD0AF
:10FC8000002070BD0023057896461A463F2D704629
:10FC90001EF8015B0CBF013201233F2DF6D02A2D47
:10FCA000F4D0FFF775FE003018BF012070BD0120B1
:10FCB00070BD00BFDC6704082DE9F04103790446FC
:10FCC0000D46407804F1340673B92A4631460123C3
:10FCD000FFF714FE002818BF4FF0FF3525630CBF57
:10FCE00000200120BDE8F081276B01233A46314610
:10FCF000FFF71AFED8B9626AE3692071B91A99420E
:10FD00006078E2D294F80380B8F1010F02D8DCE702
:10FD1000E36960781F4408F1FF383A460123314611
:10FD2000FFF702FEB8F1010FF2D16078CDE70120B4
:10FD3000BDE8F081F8B50378022B07460D4605D0E3
:10FD4000032B3FD0012B16D00120F8BD416A026B76
:10FD500001EB1521914203D0FFF7AEFF00284FD1F0
:10FD6000680000F4FF743C4494F8356094F83470F3
:10FD700047EA0620F8BD446A026B01EB510604EB2A
:10FD80005621914205D0FFF797FF002838D17C6AB1
:10FD90003A6BC6F3080C013604EB5621BC44914281
:10FDA0009CF8344003D03846FFF786FF40BBC6F3CB
:10FDB00008003844EB0790F8347044EA072122D554
:10FDC0000809F8BD416A036B01EBD511994202D0D5
:10FDD000FFF772FFA0B9AD0005F4FE7C0CF134040E
:10FDE0003C44BC44A078E6789CF834206778010451
:10FDF00041EA0663134343EA072525F07040F8BD46
:10FE00004FF0FF30F8BDC1F30B00F8BD70B50C46E4
:10FE10008168C48001291AD003689A698A4205461C
:10FE200015D9D1B91878032813D01889A0420ED952
:10FE30009E6AE9605EB104F00F01343306EB1414DE
:10FE400003EB4113C5E90443002070BDE9600220C3
:10FE500070BD9E6A002EE8D0314698780601B44203
:10FE600016D30129F3D98A42F1D901E0A6420FD86D
:10FE70001846FFF75FFF431C0146A4EB060411D0B0
:10FE80000128E4D92B689A698242EFD80220DFE783
:10FE9000961EA1F1020CB445D8D29878DA6A0CFB10
:10FEA0000026C6E7012070BD70B5C5880135ABB22C
:10FEB000002B37D00269002A34D015F00F06044613
:10FEC000036825D1C1680132026141B3987800F11D
:10FED000FF3C1CEA15121BD1012925D99A699142D0
:10FEE00022D21846FFF726FF01281DD9431C1DD03A
:10FEF00023689969884215D28A1EA0F1020E9645A0
:10FF0000E0603BBF9A78D86A00220EFB02022261B1
:10FF1000343303EB46166661E580002070BD188916
:10FF20008542F5D3042070BD022070BD012070BD54
:10FF30002DE9F0410378022B04460D46164606D003
:10FF4000032B51D0012B1BD00220BDE8F081416A68
:10FF5000026B01EB1521914203D0FFF7ADFE0028A3
:10FF6000F3D1680000F4FF772744C6F30725012387
:10FF700087F8346087F8355023710020BDE8F081A0
:10FF8000436A026B01EB510703EB5721914205D005
:10FF9000FFF792FE0028D8D1636A226B07F10108AF
:10FFA00003EB5821C7F3080CEB07A44445D59CF894
:10FFB000343003F00F00012540EA06178A428CF81E
:10FFC0003470257104D02046FFF776FE0028BCD19E
:10FFD000C8F30801C6F307172144012281F83470E1
:10FFE00022710020BDE8F081416A026B01EBD5115E
:10FFF000914203D0FFF760FE0028A6D1A80000F4CC
:020000040803EF
:10000000FE7808F1340CA444A0449CF803703D062B
:1000100005F0704343EA0601080CC1F307260A0EF7
:10002000012788F834108CF802008CF801608CF8F5
:10003000032027710020BDE8F08101258A428CF859
:100040003460257105D02046FFF736FE00287FF486
:100050007CAFC8F308012144C6F3032691F83400AD
:1000600020F00F073743B8E7F8B5037904465BB9CA
:100070002178032929D0002260781146FFF76AFC15
:10008000003018BF0120F8BD056B407804F134073B
:100090002A4639460123FFF747FC002838D1626A17
:1000A000E1692071A81A8842E2D2E678012E01D8CF
:1000B000DEE7E16960780D44013E2A4601233946B6
:1000C000FFF732FC012EF4D1D2E76379012BD2D1B4
:1000D00004F134018C4604F50D7700254CF8045BDF
:1000E0006745FBD1226A27690A4EE3680A486063C4
:1000F00001324AF6552EC4F820322263A4F832E2C7
:10010000C4E9866701236078FFF70EFC6571B2E7EA
:100110000120F8BD72724161525261412DE9F04FE8
:10012000044600682169036B4FF6FF774FF0FF0824
:100130008B4283B02784464603D0FFF7BDFD0028DD
:100140002FD165692B785BB3E52B07D0EA7A1007CE
:1001500002F03F0128D50F2900F094802784FF2664
:10016000E5880135ABB2DBB12169C9B115F00F09E2
:10017000206808D1E26801312161002A57D1B0F826
:1001800008C065450CD200F1340A0AEB49136361DB
:10019000036BE5808B42D0D165692B78002BD3D1DE
:1001A000042003B0BDE8F08F0F296BD0002E7CD067
:1001B000A26992F80B905FEAC971CFD492F800A0BF
:1001C0009A45CBD195F801B053789B45C6D195F8A7
:1001D00002C091788C45C1D1D678E8788642BDD1ED
:1001E00095F8049092F804A0D145B7D195F805B0E0
:1001F00053799B45B2D195F806C091798C45ADD124
:10020000EE79D0798642A9D195F8089092F808A0A5
:10021000D145A3D195F809B0537A9B459ED1AD7ACB
:10022000927A95429AD1002003B0BDE8F08F90F801
:1002300002A00AF1FF3B1BEA1513A4D1012A1DD924
:1002400081698A421AD21146FFF774FD01280346DC
:1002500014D9421C00F0B9802068826993429FD271
:10026000991EA2F1020E7145E3603BBF90F802E0D7
:10027000C36A002101FB0E31216184E7022003B033
:10028000BDE8F08FD4F81C90B9F1000F3FF468AFCF
:100290005A0658D5E18895F80D80218403F0BF06F1
:1002A000687B404553D0FF265AE7DE0195F8019060
:1002B000A87895F803B046EA530ACA44CAF346023E
:1002C00042EACA1150FA81F6C6F3460242EAC61063
:1002D0005BFA80F6C6F3460C2A7995F805B04CEA2D
:1002E000C61952FA89FACAF3460141EACA105BFA02
:1002F00080F6C6F3460CA97995F807A04CEAC61219
:1003000051FA82F6C6F3460949EAC6105AFA80FB4A
:10031000CBF3460C2A7A95F809A04CEACB1152FA95
:1003200081F6C6F3460949EAC6105AFA80FBCBF3B8
:10033000460CA97A4CEACB1251FA82F6F0B240454B
:100340007FF436AF6FE7B342AAD0FF2608E72B78D9
:10035000DFF880A023F0400C0CF1FF3B0BEB4B02CD
:100360000BEB820B012004E0B9429CD118495145A6
:100370001FD01AF8011B05EB010C6B5C9CF80120E7
:1003800043EA02210028EFD0084604F091FE0BF169
:100390000103BBF1FE0F0090019384D839F81B00D4
:1003A00004F086FE009A82427FF47DAFDDF804B04F
:1003B000DCE72D786D0605D520B139F81B00002843
:1003C0007FF471AF013EF6B2CAE60120E9E600BF54
:1003D000696804085C6804082DE9F04F0B782F2B3E
:1003E00083B00D46064610D05C2B0ED000684169E4
:1003F000B1602A781F2A0ED800213046FFF706FD8B
:100400000025756103B0BDE8F08F01350021B160B2
:100410002A781F2AF0D9DFF838932C462F4614F893
:10042000013B2F2B01D05C2B01D12546F5E798B27B
:100430001F28D6F81C802AD92F2828D05C2826D03F
:10044000A8F1020BDA46012410E02AF8020F15F891
:10045000010F1F2804F1010340F220812F281AD038
:100460005C2818D0B3F5807F11D01C46012104F020
:10047000FBFD60B17F28E8D8222808D0B3492A22A2
:1004800003E011F8012F002ADFD09042F9D10620B5
:1004900003B0BDE8F08FFD1820224FF0000A012CB8
:1004A00000F0EE80022C04D1B8F802002E2800F0F3
:1004B000118108EB440C3CF8022D202A01D02E2A91
:1004C00002D1013CF7D1E2E7B06920234FF020319F
:1004D000002728F8147008EB440E01604160037295
:1004E0004372837200E001373BF8020F2028FAD0F4
:1004F0002E28F8D0002F7ED13EF8022D2E2A01D0D2
:10050000013CF9D10137002800F08D804FF0000B3D
:100510005A460823202820D02E281CD093425DD98B
:10052000BC426BD07F2800F2BE802B2800F0CB802D
:10053000DFF820C22C21814200F0C5801CF8011F89
:100540000029F8D1A0F14101192900F2E5804BF012
:10055000020BC0B2BAE0BC4250D04AF0030A38F8ED
:10056000170001370028D5D1B2691178E52960D08C
:10057000082B4ED00BF00C000C2803D00BF003041A
:10058000032C5CD14AF0020A82F80BA0002130460D
:10059000FFF73CFC00285ED13046FFF7BFFDB26993
:1005A00092F80BC0002859D15FEA4C7164D4746989
:1005B000E17ACA0640F1C880376894F81B80387821
:1005C000A37E032843EA082206D194F815A0247DCF
:1005D00044EA0A2142EA0142B2601EE70B2B00F016
:1005E000A580BC420DD04AF0030A0AD2B269117844
:1005F000E529BDD11DE04AF0030A7DE70B2B00F091
:1006000095804FEA8B005FFA80FB27460B23082278
:10061000A5E74FEA8B0707F00C000C28B2D01AF0C0
:10062000020F13D0B0E7B2691378E52BF7D18346F8
:10063000082305201070082BB2699BD1E9E71AF056
:10064000020FA1D1012C08BF4AF0100A042808BFEC
:100650004AF0080A98E7B76997F80BC004287FF4B6
:1006600017AF5FEA8C640CF004016AD50020B0601B
:10067000706100293FF4D1AE002003B0BDE8F08FD7
:10068000B8F800702E2F7FF414AFB1690023A8F8DA
:1006900002300F70B0692024447027E0FD18242236
:1006A0004FF0040AFBE60021CDE9002304F0DCFC56
:1006B0004AF0020ADDE9002328B1484410F8800C12
:1006C00000287FF432AF4AF0030A5F20B1698854F2
:1006D000013244E7B8F800702E2F7FF4EAAEB1691A
:1006E0000024A8F804400F70B3695F70B769202335
:1006F000BB70B169CB70B0690371B4696371B769DC
:10070000BB71B169CB71B0690372B4696372B769C7
:10071000BB72B369DA7239E7A0F16101192997BF99
:100720002038C0B2C0B24BF0010BCFE7B2691478E9
:10073000E52C4AF0030A7FF41DAF05271770B26954
:1007400018E700297FF4A4AE0520A1E6C9680408D3
:10075000DC670408D56804082DE9F84F0E460169E6
:10076000044600293CD0FF270068BA464FF0000934
:100770004FF6FF78036B8B4202D0FFF79DFA80BBE8
:100780006269117861B3D07AE52900F03F0508D09D
:1007900025F02003A3F10803B3FA83F04309B34221
:1007A0002AD04FF0FF0AE5880135ABB2C3B1216909
:1007B000B1B115F00F0C206817D1E2680131216149
:1007C000002A40F09F80B0F808B05D4508D200F1E3
:1007D0003403E58063610029CCD10020BDE8F88FA7
:1007E000042000262661BDE8F88F00F1340B0BEBE6
:1007F0004C12E5806261BDE70F2D40F052814D063D
:100800007CD5E588577B258401F0BF0A517BB9422E
:10081000C7D192F800B092F802C050780BF03F03B5
:10082000591E01EB410501EB8503FE2B40EA0C202C
:10083000D4F81CC0B5D82CF81300D17892F804B0C5
:1008400041EA0B25591C002840F088804545A8D175
:100850009379507940EA032EC645A2D1137AD5790F
:1008600045EA032545459CD1907A537A43EA002E08
:10087000C64596D1D07B92F80EB04BEA002545458F
:100880008FD1537C107C40EA032EC64589D192F863
:1008900013B0957C45EA0B25454582D1537D107DEB
:1008A00040EA032EC6457FF47CAF92F817B0957DE1
:1008B00045EA0B2545457FF474AF537E107E40EA30
:1008C000032BC3457FF46DAF557F137F43EA052E9D
:1008D000C6457FF466AFD07F937F43EA002BC345C4
:1008E0007FF45FAF1278500603D5FF2934D02CF87F
:1008F00011900AF1FF305FFA80FA54E751457FF416
:1009000050AF83E7837803F1FF3C1CEA15137FF4B3
:100910005EAF012A1ED981698A421BD21146FFF7B8
:1009200009FA0128034615D9421C00F0C18020684D
:1009300082699342BFF454AF991EA2F1020E714531
:10094000E3603BBF90F802E0C36A002101FB0E3177
:1009500021613CE7022044E78A4624E7FF29FBD0D7
:100960002CF8115092F806B092F805E048004EEAD3
:100970000B2E991C002D3FF46FAFFF29ECD0604483
:10098000D91CA0F802E092F808B0D57945EA0B2509
:10099000BEF1000F3FF466AFFF29DDD08580917A6C
:1009A00092F809E04EEA012E191D002D3FF460AFC8
:1009B000FF293FF4F6AEA0F806E0D17B92F80EB026
:1009C0004BEA0125591DBEF1000F3FF458AFFF2936
:1009D000C2D00581517C92F810E04EEA012E991D9B
:1009E000002D3FF452AFFF29B6D0A0F80AE0D17C29
:1009F00092F812B04BEA0125D91DBEF1000F3FF469
:100A00004BAFFF29A8D08581517D92F814E04EEAC2
:100A1000012E03F10801002D3FF444AFFF299BD0C4
:100A2000A0F80EE0D17D92F816B04BEA012503F153
:100A30000901BEF1000F3FF43DAFFF293FF4B1AE15
:100A40000582517E92F818B04BEA012B03F10A019E
:100A5000002D3FF436AFFF293FF47EAFA0F812B06F
:100A6000517F157F45EA012E03F10B01BBF1000F09
:100A70003FF42EAFFF293FF46FAFA0F814E0D17F11
:100A8000957F45EA012B03F10C01BEF1000F3FF405
:100A900026AFFF293FF460AF03F10D01A0F816B0B7
:100AA00020E7BAF1000F05D04FF6FF77278494E6D0
:100AB000012096E6CE0192F801A0957846EA510B06
:100AC000D344CBF3460141EACB1055FA80F6C6F386
:100AD000460CD17892F804A092F805B04CEAC619F9
:100AE00051FA89F5C5F3460848EAC5135AFA83F660
:100AF000C6F3460141EAC6105BFA80F5C5F3460C21
:100B00009679D17992F808B04CEAC51956FA89F865
:100B1000C8F3460A4AEAC81351FA83F5C5F34606F4
:100B200046EAC5105BFA80FC92F80990957ACCF3FE
:100B3000460141EACC1259FA82F6C6F3460848EA61
:100B4000C61A55FA8AF3D8B2B842ADD145E600BF0D
:100B50002DE9F84F018CC7884FF6FF73994208BF03
:100B600039460546FFF752F9804600283FD12868EC
:100B70002969026B8A4244464FF0E50A4FF00109A9
:100B800002D0FFF799F870BB686944600460846024
:100B9000C460046144618461C461696981F800A032
:100BA000286880F80490EE88B74220D90136B3B2A5
:100BB000DBB12969C9B116F00F0B07D1EA68013121
:100BC0002961BAB9B0F808E076450ED200F13403D5
:100BD00003EB4B126A61026BEE808A42D4D0FFF7BE
:100BE0006BF80028D0D004282DD14FF002084046E1
:100BF000BDE8F88F90F802C00CF1FF3E1EEA161314
:100C0000E4D1012AF1D981698A42EED21146FFF777
:100C100091F801280346E8D9421C11D0286882695E
:100C20009342E2D2991EA2F1020C6145EB603BBFF8
:100C300090F802C0C36A002101FB0C312961C5E7AD
:100C40004FF00108D3E78046D1E700BF70B54FF001
:100C5000FF360023B1420446037106630CD00D46F3
:100C60000A46012300F134014078FEF747FE10B137
:100C70002663032070BD256394F8331294F8320282
:100C80004AF6552240EA012C94450ED1D4F86A3038
:100C9000084E23F07F45B54209D0D4F8864024F0B1
:100CA0007F41881B18BF012070BD022070BD00204D
:100CB00070BD00BF464154002DE9F04107460023B6
:100CC00008463B601646FEF7DFFE051EC0F2D880E0
:100CD000A44850F82540002C00F0D5803C602178D5
:100CE00071B16078FEF7FEFDC30709D4002E00F055
:100CF000D98010F0040000F0BE800A20BDE8F08129
:100D0000E8B2002260702270FEF7E0FDC70700F134
:100D1000B4800EB14507F0D400212046FFF796FFBE
:100D2000012800F08680032800F0B68005460028E0
:100D300040F0A08094F8400094F83F1041EA00226F
:100D4000B2F5007F40F0968094F8442094F84B6010
:100D500094F84A70E27057EA062302F1FF3008BFA8
:100D6000A36DE361012800F2858094F84110A17021
:100D700000297FD04E1E0E427CD194F8450094F895
:100D8000467040EA07263007268173D194F848C0A0
:100D900094F8477094F843E094F8428057EA0C20A6
:100DA00008BF606D58EA0E2C64D003FB02F20CEB16
:100DB00016171744B8425DD3C01B8842B0FBF1FE42
:100DC00058D340F6F578C6452F440CEB05010EF1DB
:100DD000020079D94FF6F57CE645A061C4E90851D7
:100DE000E76240F2B780002E44D1820002F2FF1683
:100DF000276EA762B3EB562F3CD394F8658094F826
:100E0000641041EA08234FF0FF308022012BC4E92F
:100E10000300627175D00327534927700888013099
:100E20001FFA80F80020A1F80080A4F80680606115
:100E300021E094F8F6610EB1D4F8FA6194F8065204
:100E40000DB1D4F80A5294F816720FB1D4F81A7290
:100E500094F8263213B3D4F82A822EBB35B1294632
:100E60002046FFF7F3FE00283FF464AF27BBB8F13C
:100E7000000F0AD10D20BDE8F0810320BDE8F0810C
:100E80000B20BDE8F0810C20F5E741462046FFF736
:100E9000DDFEA0B30328EDD10120ECE79846002E3B
:100EA000DCD001E03046E6E731462046FFF7CEFED3
:100EB0000028D3D135463DE739462046FFF7C6FE28
:100EC0000028D4D13D4635E7A061C4E90851E76266
:100ED000002ECFD0114400EB400500F00102A162CA
:100EE00002EB5506012706F2FF11B3EB512FC1D3D8
:100EF0004FF0FF308023C4E9030063718CE745465F
:100F000018E7266B691CB14204D02046FEF7D4FED8
:100F1000002880D194F8335294F832724AF655235F
:100F200047EA05200021984261717FF474AF0F4EAB
:100F3000626BB2427FF46FAF06F1FF5CD4F81872B7
:100F40000CF500552035AF4204BFD4E98775C4E9DC
:100F5000035760E7002E8DD01144A162460002279E
:100F6000C1E700BF54420220784202205252614140
:100F70002DE9F84305460F4681B9C6688269FEB976
:100F800001263446013494425AD3012E40F2A78000
:100F9000022A19D801242046BDE8F8830129F9D98D
:100FA00083699942F6D2FEF7C5FE01280446F1D9BD
:100FB000601C00F08F80AA69A242ECD83E46E0E7B0
:100FC000964228BF0126DCE7287802284FF0020469
:100FD0003BD003284ED00128DCD16B6A2A6B04EB8E
:100FE000540803EB5821914206D02846FEF764FED0
:100FF00000286FD16B6A2A6BC8F3080C08F101094D
:10100000AC4403EB592191429CF8348004D028462B
:10101000FEF752FE00285DD1C9F30800284490F87D
:10102000341048EA0123E1075DD51B09002B43D0AA
:10103000012BAFD0A64252D0AA6901349442A4D267
:10104000012CA7D928780228C3D1696A2A6B01EB41
:101050001421914203D02846FEF72EFED0BB630038
:1010600003F4FF78A84498F8350098F8341041EA62
:101070000023DBE76A6A2B6B02EBD411994203D0A1
:101080002846FEF719FE28BBA00000F4FE7202F10C
:101090003409A944A91899F8023099F803C091F8C5
:1010A000340099F801801A0442EA0C61014341EAD4
:1010B000082929F07043B9E7A869A0427FF66AAF12
:1010C0006FF0704221462846FEF732FF70B10128CA
:1010D0007FF460AF4FF0FF342046BDE8F883002472
:1010E0002046BDE8F883C3F30B039FE76FB1012FE0
:1010F0007FF650AFA9698F42BFF44CAF3946224604
:101100002846FEF715FF0028E1D12B69EC605A1C38
:101110003FF441AF6E795F1E46F001022F616A71A4
:1011200039E700BF2DE9F04F9146826812EB090FB5
:1011300085B004460DD3E56894F806B095424BF0AF
:1011400020034FF0000038BFE260A37105B0BDE896
:10115000F08FB9F1000FEED09B4600F1280300F5A7
:101160000A700E4601930390C2F30800002858D17C
:1011700020688178530A4F1E1F4017F0FF0710D1D7
:10118000002A40F0AA802369002B00F00581012B82
:1011900000F08F805A1C2BD025696361206805B947
:1011A000236194F806805FEA486300F187806169F3
:1011B00082698D1E931E9D427BD28278C16A029104
:1011C00002FB05FA1AEB010873D0B9F5007FB844A9
:1011D00013D34FEA59257B199A4238BFD51B407863
:1011E0002B4642463146FEF79FFB002800F09080D8
:1011F0000120E07105B0BDE8F08FA769A368B8458C
:101200000BD0E5689D4208D94078019901234246F8
:10121000FEF774FB0028EBD1A368C4F81880C3F371
:101220000800C0F5007500F128022C304D4522441D
:10123000204406F1040128BF4D468A4238BF864249
:1012400005F1FF3C6CD3BCF1070F69D925F0030A07
:1012500092449046374657F8043B48F8043BD04543
:10126000F9D125F003018D42ACEB010006EB01033F
:1012700002EB01070BD016F801C002F801C028B13B
:101280005A787A7001281CBF9B78BB707319A679B5
:1012900046F04001A171A268DBF800702A442F4497
:1012A000B9EB0509A2601E46CBF800707FF45CAF75
:1012B00041E70220E07105B0BDE8F08F4078A269F7
:1012C00001990123FEF730FB002891D194F806A084
:1012D00020682AF04003A37169E7656A002D53D0A6
:1012E000B3FBF1F36968281D00293FF424AF8B425A
:1012F00007D35B1A50F8081F00293FF41CAF99422E
:10130000F7D942681344002B7FF441AFA26812E77B
:10131000A069A0EB08018D420CD86D027319BAE7E1
:1013200002F1FF3A731916F8018B0AF8018FB342E4
:10133000F9D1ACE7029AC71BBB1AA3EB0A0047021C
:101340003A1D06EB412E019932449142374412D2A4
:1013500004F12C039F420ED204F1270C0EF500700D
:101360001EF8017B0CF8017F7045F9D1A17921F0BD
:101370004000A071D1E7019A039B57F804AB42F8F3
:1013800004AB9A42F9D1F1E76169FFF7F1FD034639
:10139000002B7FF4FCAEB9E73946FFF7E9FD0346C1
:1013A000002B7FF4F4AEB1E770B50A2982B00E4687
:1013B000054631D06C68002C08DB2B1901343C2C1D
:1013C0001E7305DCAE686C600136AE6002B070BDA5
:1013D0002E68002301933EB332680AB3117809B333
:1013E000D088B6F804C0604511D15078FEF77AFA7B
:1013F000C2070BD4F3794BB9B279930706D53046BF
:1014000001AB224605F10C01FFF78CFE019BE41AAB
:1014100018BF4FF0FF34D5E70D21FFF7C5FFC9E72F
:101420001346F4E70B46F2E73346F0E72DE9F047C1
:1014300004460D464FF001080027A3699D4280F045
:10144000AD80012D16D929462046FEF773FC0646CD
:10145000002800F0A38001280CD0411C00F0A580DA
:10146000A069854206D22178022906D0032925D019
:10147000012944D00220BDE8F087626A236B02EBA9
:101480001521994267D02046FEF716FC0146002838
:10149000F1D1680000F4FF7AA2448AF834108AF887
:1014A000351084F8048023695A1C05D06279013311
:1014B00042F00105236165713546BEE7626A236B20
:1014C00002EBD511994204D02046FEF7F5FB002827
:1014D000D1D1AD0005F4FE7C0CF1340EA644A44439
:1014E0009EF803108CF8347001F0F0008EF80300C1
:1014F0008EF801708EF8027084F80480D3E7636A76
:10150000226B05EB550903EB5921914206D0204689
:10151000FEF7D2FB0028AED1636A226B09F1010A03
:10152000C9F3080C15F0010503EB5A21A4441DD0A2
:101530009CF83400914200F00F0E8CF834E084F8EF
:1015400004802DD02046FEF7B7FB002893D1CAF3C4
:101550000809A1441DE06D0005F4FF79A14489F854
:10156000347089F8357084F804809CE791428CF8D7
:10157000345084F8048005D02046FEF79DFB0028F7
:101580007FF479AFCAF30809A14499F8341001F047
:10159000F00089F8340084F8048084E700206AE7CA
:1015A000CAF30809A1440020F3E7012063E700BF64
:1015B0002DE9F04F884687B000218146FEF726FCD2
:1015C000834660B1BBF1040F03D0584607B0BDE8B5
:1015D000F08F4FF0070B584607B0BDE8F08FD9F8F1
:1015E0000050D9F810102B6B01908B42824603D02B
:1015F0002846FEF761FB78BBD9F814000178E5298D
:101600002CD059B34FF0000AB9F806400134A2B209
:10161000002ADED0D9F810100029DAD014F00F0615
:10162000D9F8005008D1D9F80C700131C9F8101060
:10163000DFB92A899442CCD22B6BA9F8064005F178
:10164000340C0CEB46168B42C9F81460D4D02846F3
:10165000FEF732FB0028CFD08346B3E70AF1010A38
:10166000C245D1D1DDF804B0AFE795F802B00BF177
:10167000FF3C1CEA14130093DED1012F74D9A86932
:10168000874271D239462846FEF754FB0128029062
:101690006AD9421C6BD0D9F80050AA69904286469C
:1016A00068D32846D9F80C10FFF762FC0346029075
:1016B00000288ED0012857D0013358D0D9F80070B7
:1016C000387907F1340B00286FD10BF5007700252E
:1016D0004BF8045B5F45FAD1D9F800500298A9692C
:1016E000AA78871E8B1E9F42394638BFE96A039746
:1016F00034BF07FB021B4FF0000BC5F830B0002AC7
:1017000050D0CDE904A65E46DDF800B068784FF011
:10171000010305F1340A2B71514601233246FEF7CD
:1017200003F920BB6A6AE9692871B01A88420ED2AF
:10173000EF78012F01D80AE0E96968780E44013F8B
:10174000324601235146FEF7EFF8012FF4D1D9F8C4
:1017500000502A6B95F802C00BF1010E561CE645AD
:101760002E6319D2F346D1E74FF0020B2DE74FF06D
:10177000010B2AE7871E931E0397039F0298C9F85F
:101780000C00BB42394685BFEB6AA978002107FBF4
:101790000131C9F810104FE7A969DDE904A6A2EBF1
:1017A0000B0B8B1EC5F830B0E7E73D6B78782A4607
:1017B00001235946FEF7B8F80028D8D17A6AFB69A8
:1017C0003871A91A994215D2F878012812D9CDF8A2
:1017D0000CA0824600E0FB6978781D440AF1FF3ACC
:1017E0002A4601235946FEF79FF8BAF1010FF2D1BC
:1017F000DDF80CA0D9F8003003F1340B65E700BF29
:101800002DE9F04FD0E90658AB6869682A6891B0B5
:101810001C0E0F9314F020030994CDE90D2140F024
:10182000ED83E207064640F1D981EB729DF838104E
:10183000C3619DF839209DF837009DF83A40039028
:101840000491059207949DF83B309DF83C009DF86B
:101850003D109DF83E209DF834709DF835A09DF810
:101860003690DA4C02930690089101924FF0010BEA
:1018700000200499059A034661F3070367F3070004
:10188000079962F30F236AF30F20039A61F317435A
:1018900069F31740029962F31F60069A2A7261F396
:1018A0001F63019A08996972BBF1050FAA7228603B
:1018B0006B6040F23B83B8F80020002A00F03683CA
:1018C000C4465B4602F0010E0EEB4300510810F4D3
:1018D000803F01F0010318BF604003EB4000910816
:1018E00010F4803F18BF604001F0010E0EEB400382
:1018F00013F4803F4FEAD20000F0010118BF6340AB
:1019000001EB4303100913F4803F18BF634000F05C
:10191000010E0EEB430111F4803F4FEA521303F026
:10192000010018BF614000EB4101930911F4803FB1
:1019300003F0010E18BF61400EEB4101D00911F414
:10194000803F00F0010318BF614003EB4101100A22
:1019500011F4803F00F0010E18BF61400EEB410111
:10196000530A11F4803F03F0010018BF614000EBFF
:101970004101930A11F4803F03F0010E18BF61404A
:101980000EEB4101D00A11F4803F00F0010318BFB3
:10199000614003EB4101100B11F4803F00F0010E98
:1019A00018BF61400EEB4101530B11F4803F03F06F
:1019B000010018BF614000EB4101930B11F4803F1F
:1019C00018BF614003F0010E0EEB4101C8034FEA5E
:1019D000D23248BF614002EB4103DA033CF8022FE8
:1019E00048BF6340002A7FF46DAF03F00F0C0CF189
:1019F0003000392888BF0CF137000F2B8DF83300E9
:101A00004FEA131140F2C08201F00F0E0EF13002C6
:101A1000392A88BF0EF137020F298DF832204FEA9C
:101A2000132040F2C28200F00F0C0CF13002392A70
:101A300088BF0CF137020F288DF831204FEA13319F
:101A400040F2BC8201F00F0E0EF13000392888BF41
:101A50000EF137000F298DF830004FEA134040F2A5
:101A6000BB8200F00F0C0CF13001392988BF0CF15A
:101A700037010F288DF82F104FEA135140F2B4822E
:101A800001F00F0E0EF13000392888BF0EF137003B
:101A90000F298DF82E004FEA136240F2AA8202F05D
:101AA0000F0C0CF13000392888BF0CF137000F2AD9
:101AB0008DF82D004FEA137340F28982DBB203F1F7
:101AC0003000392888BF03F13700202F8DF82C0013
:101AD00018BF4FF0FF3300F09582691E19442A4663
:101AE000C5F1010E04E012F801CFBCF1200F03D0C4
:101AF0008A420EEB0200F6D1072B40F21C82421CF8
:101B00002021072A29544ED82020511C0829A854E6
:101B100049D0072B00F20C8210A81844013310F8AA
:101B200014CC05F801C0901C08283CD0072B00F20B
:101B3000198210A91944013311F814EC05F800E0DA
:101B4000D11C08292FD0072B00F20F8210A81844AF
:101B5000013310F814CC05F801C0101D082822D05C
:101B6000072B00F2058210A91944013311F814EC77
:101B700005F800E0511D082915D0072B00F2FB8164
:101B800010A81844013310F814CC05F801C0901DBA
:101B9000082808D0072B40F0F1819DF83310295414
:101BA0000AB92022EA7100213046FEF72FF978B9F0
:101BB0003046FEF7B3FA58B90BF1010BBBF1640FD5
:101BC0007FF456AE072011B0BDE8F08F2110010060
:101BD0000428F8D1099CEC72C6F81C80099DAB075B
:101BE00040F16781B8F80070002F00F06281002496
:101BF00000E00C4638F8020F611C0028F9D1D84AE1
:101C000004F11A03A2FB0334A50829463046FFF766
:101C1000CFFC0028D7D1F7886C1E391B3046FEF761
:101C2000F5F80028CFD1B36919785D7893F8029060
:101C300093F804B0CA0142EA51077919C1F3460882
:101C400048EAC11559FA85F7C7F3460AD97893F8D7
:101C500005904AEAC71E51FA8EF7C7F3460C4CEAC4
:101C6000C7125BFA82F8C8F3460141EAC81559FA6F
:101C700085F7C7F3460A997993F807B093F8089067
:101C80004AEAC71E51FA8EF7C7F3460C4CEAC71250
:101C90005BFA82F7C7F3460848EAC71559FA85FA8E
:101CA0005A7A9F7ACAF3460141EACA1352FA83F577
:101CB000C5F3460141EAC51257FA82F75FFA87F881
:101CC00005464FF00F094FF6FD7733E0FF21D9703D
:101CD0001971FF225A719A71FF20D8711872FF2171
:101CE00059729972FF229A73DA73FF20187458742C
:101CF000FF219974D974FF221A755A75FF209875BF
:101D0000D875FF2119765976FF221A775A77FF2066
:101D10009877D8774CF0400C83F800C033680121E5
:101D200019713046FEF7C0F800287FF44CAF013C33
:101D300000F0C68030683169036B994204D0FDF72A
:101D4000BBFF00287FF43FAF5FFA84FC0CF1FF3E3D
:101D50007369F06983F80D800EEB4E010EEB810183
:101D600083F80B901D739D76DD7630F811205A7044
:101D700002F1FF3B1FFA8BFE120ABE459A704FEA32
:101D8000410AA3D801314A0030F81110D9704FEA46
:101D9000112B83F804B000299BD04FF6FF7E7145CC
:101DA00097D00244518859714FEA112B83F806B03D
:101DB000002991D071458FD09188D9714FEA112BAC
:101DC00083F808B000298AD0714588D0D18859722B
:101DD0004FEA112B83F80AB0002983D0714581D0D6
:101DE000118999734FEA112E83F80FE000293FF40F
:101DF0007CAF4FF6FF7E71453FF477AF5189197480
:101E00004FEA112B83F811B000293FF471AF7145EF
:101E10003FF46EAF918999744FEA112B83F813B098
:101E200000293FF468AF71453FF465AFD18919755A
:101E30004FEA112B83F815B000293FF45FAF7145CD
:101E40003FF45CAF118A99754FEA112B83F817B0F4
:101E500000293FF456AF71453FF453AF518A1976CC
:101E60004FEA112E83F819E000293FF44DAF4FF6E9
:101E7000FF7E71453FF448AF918A19774FEA112BE5
:101E800083F81DB000293FF442AF71453FF43FAFE6
:101E9000D28A9A7702F1FF3E1FFA8EF1120AB942F6
:101EA000DA773FF637AF5044408B00287FF434AFE9
:101EB00030E701213046FFF77BFB00287FF483AE3B
:101EC00030683169046BA14204D0FDF7F5FE0028AB
:101ED0007FF479AE756900272F606F60AF60EF60A7
:101EE0002F616F61AF61EF61D6E90502131D984262
:101EF00003D2011D8A42C0F08A80136803605168D2
:101F00004160147A0472557A4572927A8272D6E9E7
:101F1000058999F80B0000F0180788F80C703668EE
:101F200001230020337111B0BDE8F08F5B465CE502
:101F30004FF0200CF5E510AAD118421C11F8141C22
:101F40002954072A03F101033FF62DAE082B3FF475
:101F5000DBAD0DF1400E9E4401331EF8140CD4E5A8
:101F60004FECC44E4FF0200EE8E54FF0200CF2E5A8
:101F70004FF0200EFCE54FF0200C06E620232B54FA
:101F8000002A3FF40EAE0EE67E23202F8DF832306D
:101F90004FF006037FF4A1AD0DF1400E9E440122E7
:101FA0001EF8141C29700133D0E77E21202F8DF8F4
:101FB00031104FF005037FF490ADEDE77E23202F25
:101FC0008DF830304FF004037FF487ADE4E77E22D4
:101FD0008DF82C200023DFE77E228DF82F200323AD
:101FE000202F7FF47AADD7E77E238DF82E300223A1
:101FF000F6E77E218DF82D100123F1E7062011B0C0
:10200000BDE8F08F2F704FF0FF3301227CE514788C
:1020100004705578457097788770D378C3701179BC
:1020200001715479447195798571D779C77168E7E1
:10203000836902399A1E8A4283BF8278C06A01FB93
:1020400002000020704700BF012902D982698A423C
:1020500001D801207047FDF76DBE00BF012911D9DD
:1020600083698B422DE9F041054608D90C46017879
:102070000229164661D0032938D0012904D0022054
:10208000BDE8F08102207047436A026B04EB5407FD
:1020900003EB5721914205D0FDF70EFE0028EFD14A
:1020A0006B6A2A6B07F1010803EB5821C7F3080C90
:1020B000E307AC4459D401208A428CF8346028717B
:1020C00004D02846FDF7F8FD0028D9D1C8F308044C
:1020D0002C44C6F3032194F8346026F00F073943EB
:1020E000012284F8341000202A71C9E7416A026B8A
:1020F00001EBD411914203D0FDF7DEFD0028BFD1E2
:10210000A70007F4FE7C0CF13408A844AC4498F80E
:102110000300040604F070433343C3F307261F0C87
:102120001A0E01218CF83430002088F8016088F8FC
:10213000027088F803202971A2E7426A076B02EB5C
:102140001421B94203D0FDF7B7FD002898D16000F3
:1021500000F4FF78A844C6F30724012388F834600C
:1021600088F8354000202B718AE79CF8343003F062
:102170000F04012044EA06178A428CF83470287153
:1021800005D02846FDF798FD00287FF479AFC8F305
:102190000804C6F307112C44A2E700BFF0B583B0D2
:1021A000CDE9001000294AD00B781F2B0DD93A2B0E
:1021B00001F1010C29D0084602E03A2C1ED0284635
:1021C00044781F2C00F10105F7D8224B1B78224FD1
:1021D00057F8231009B100250D70019C94B300201D
:1021E000012A47F82340207001D003B0F0BD024619
:1021F000694601A8FEF760FD03B0F0BD303B092B36
:1022000001D8654523D000F1020C144F002357F884
:10221000045F0C4601E086420ED114F8010B15F85C
:10222000016BA0F1610EBEF1190F9CBF2038C0B246
:10223000002EF0D16445CAD00133092BE7D10B2021
:1022400003B0F0BD204647F8234003B0F0BD092B92
:10225000BDD1F4E75242022054420220D86804085B
:102260002DE9F043ADF5117D0191002840D0002308
:1022700003600446154606A802F01E0201A9FEF7F7
:102280001BFD064620B130460DF5117DBDE8F083FB
:10229000019903AA10AF06A8CDE90C27FEF79CF818
:1022A00005F01F0805F01C0170B90B9F002F00F00E
:1022B000A08097F80B9081B119F0110F16D16B0720
:1022C00040F18F800826DEE709B1042818D00646C1
:1022D00030460DF5117DBDE8F0835FEAC9630DD48A
:1022E000A80740F182805FEAC9717ED50726CAE758
:1022F000092630460DF5117DBDE8F0830426C2E7BE
:1023000006A8FFF77DFA48F008080B9F0028DED1E9
:10231000FDF730FB0022C0F3072C050C010E069BD5
:1023200087F80FC03D74B8737974FA72FA6118783F
:1023300097F81B9097F81AC003284CEA092506D194
:1023400097F815E0397D41EA0E2245EA0245002062
:102350000121B876F876387578751971CDB18D424E
:1023600049D09A69954246D229461846D3F830900A
:10237000FFF75CF80028AAD1069B186B013D814548
:10238000DD6006D049461846FDF796FC00289ED130
:10239000069B48F02008196BE1610022276284F84F
:1023A0000680E2711D7897F81B80B87E032D40EA05
:1023B000082107D197F815C097F814E04EEA0C29C8
:1023C00041EA09412161D888FF69A0800022304696
:1023D000E7602360A260A26162620DF5117DBDE835
:1023E000F0832D0794D4069BD5E72A07069BD2D508
:1023F000CFE7062647E7022645E700BF2DE9F04F65
:102400009946002385B0C9F8003050B104460068F1
:1024100038B10F46017821B11546C688A288964288
:1024200003D0092005B0BDE8F08F4078FDF75AFAD7
:10243000C60700F11781E0790028F3D194F80680EF
:102440005FEAC87040F1EE80D4E902135E1AAE4232
:1024500028BF2E46002E00F08E8004F1280004F1E3
:102460002C0501900395C1F30800002840D1206895
:1024700090F802A04A0A0AF1FF3303EA020515F0B8
:10248000FF087AD063698269A3F1020B931E9B4512
:1024900080F0838090F802C0C16A02910CFB0BFBB4
:1024A0001BEB010A79D0B6F5007FC2447AD2A2694B
:1024B000924518D0A57940786B060CD50123019977
:1024C000FDF732FA002840F0AF80A079226820F0B2
:1024D0004003A3715078019901235246FDF70EFA8B
:1024E000002840F0A180A168C4F818A0C1F308003A
:1024F000C0F5007500F128022C30B542224420447A
:1025000007F1040328BF35469A4238BF874205F1D8
:10251000FF3EC0F08C80BEF1070F40F2888025F0AE
:102520000308B844BC4693465BF8041B4CF8041BF4
:10253000C445F9D125F00303AB42AEEB030102EB36
:10254000030A07EB03000AD0D25CFA5439B19AF8B7
:1025500001304370012902D09AF802108170A168FD
:10256000D9F8002029442A44761BA1602F44C9F8D9
:1025700000207FF478AF002054E7002946D123697A
:10258000012B0AD9591C4FD0206863618269A3F1DD
:10259000020B931E9B45FFF47DAF0220E07105B056
:1025A000BDE8F08F750A08EB0502944538BFACEB27
:1025B000080540782B4652463946FDF79FF998BBEF
:1025C000A1794A0620D5A069A0EB0A0E75451BD952
:1025D000029AA0EB0803991AA1EB0B004302181D05
:1025E000384404F1280C84454FEA4E2B3B4402D278
:1025F000039A93423BD3E04603F5007E58F8040B60
:1026000043F8040B9E45F9D16D02A8E7616AC1B990
:1026100061690129C1D982699142BED2FDF78AFB65
:102620000346ADE70720FDE60120E071FAE607F179
:10263000FF38501912F8013B08F8013F9042F9D1D8
:102640008DE74868B2FBFAF304310028A5D0834235
:1026500002D209E0984207D81B1A51F8080F002847
:10266000F8D19AE70320DDE64D682B4488E70BF1AB
:10267000FF3ABA4404F50A711CF8013B0AF8013F1D
:102680006145F9D1C0E700BF2DE9F04100241C608D
:1026900040B1056835B12E7826B1EF88B0F80480D6
:1026A000474502D00920BDE8F0810446687890468D
:1026B0000F461E46FDF716F9C2070FD4E079002831
:1026C000F1D1A3799B0707D53346424639462046C8
:1026D000BDE8F041FEF726BD0720E4E70320E2E76E
:1026E00040B1036833B11A7822B1D988B0F804C078
:1026F000614501D00920704770B504465878FDF750
:10270000F1F8C2074ED4A57915F020003AD06B0637
:10271000206838D4E169026B914202D0FDF7CCFA0F
:1027200080BB256AE87A40F02001E972E6682E77DE
:10273000A3891A0A6A77E089A877E17BE977266995
:10274000AE76320CC6F30723100AEB762A7568754D
:10275000FDF710F90023C0F30726010C020EA8753F
:102760002976EE756A76AB74EB74A579266825F048
:1027700020000121A07131713046BDE87040FDF7A5
:1027800073BC012070BD4078A269012304F12801C7
:10279000FDF7CAF80028F4D1A679206826F0400396
:1027A000A371B7E7032070BD40B1036833B11A7855
:1027B00022B1D988B0F804C0614501D00920704722
:1027C00070B504465878FDF78DF8C1075DD4A5793A
:1027D0002068AA0639D56B0649D4E169026B91429B
:1027E00002D0FDF769FA70BB256AE87A40F0200153
:1027F000E972E6682E77A3891A0A6A77E089A877D2
:10280000E17BE9772669AE76320CC6F30723100A1E
:10281000EB762A756875FDF7ADF80023C0F307263F
:10282000010C020EA8752976EE756A76AB74EB740E
:10283000A579266825F020000121A071304631716C
:10284000FDF712FC00B170BD206830B1027822B1F2
:10285000C588B4F804E0754501D0092070BD407802
:10286000FDF740F810F001000FD1206070BD4078F6
:10287000A269012304F12801FDF756F838B9A679B9
:10288000206826F04003A371A7E7032070BD012054
:1028900070BD00BF002848D003781F2B3BD93A2BCE
:1028A000F0B400F1010716D0024602E03A290BD03D
:1028B000224651781F2902F10104F7D81C480578F7
:1028C0000570F0BC00207047A3F13006092E01D836
:1028D000BC4225D0971C174E002356F8044F0146E2
:1028E00001E095420ED111F8012B14F8015BA2F121
:1028F000610CBCF1190F9CBF203AD2B2002DF0D16F
:10290000B94205D00133092BE7D10B20F0BC704749
:10291000DDB20748D4E7064A1378137000207047E9
:10292000092EF2D00248F5B2CAE70B20704700BF6B
:1029300052420220D868040830B5ADF5117D01A9D6
:102940000190002206A8FEF7B7F910B10DF5117D30
:1029500030BD03AA10AB019906A8CDE90C23FDF701
:102960003BFD78B90B9BDBB1D97ACA061CD5069919
:10297000DD7E0C7893F81AC0032C4CEA052207D0B0
:102980004A61E3E7042808BF05200DF5117D30BD3D
:102990005D7D93F814E04EEA052342EA0342EFE737
:1029A0000699089C4C61D1E70520CFE72DE9F0435B
:1029B000ADF5197D002301900F4603701A4601A959
:1029C0000EA8FEF779F90646002874D10E98D0F8C3
:1029D0001480CDF8408003AA18A9CDE91421B8F1DC
:1029E000000F00F0F0803D4601210EA8FDF70EFA21
:1029F000002840F0E58001460EA8FDF7ADFE002856
:102A000040F0DE800E99139A0C7892F81B90907E1D
:102A1000032C40EA092307D192F815C092F814E07C
:102A20004EEA0C2243EA024300210EA81093FDF760
:102A3000EDF9002840F0C48000210EA8FDF78CFEBF
:102A400078BB0E9B1399187891F81B908C7E032805
:102A500044EA092206D14C7D91F814C04CEA042EB8
:102A600042EA0E4290454FD0BDF83E400134A1B23B
:102A7000E9B11298D8B114F00F0906D111990130BB
:102A80001290E9B919898C4211D2343303EB491001
:102A9000139000210EA8ADF83E40FDF75DFE002822
:102AA000CFD00428019C00F09B80064601E0019CE9
:102AB00002260025257030460DF5197DBDE8F0830E
:102AC00093F802C00CF1FF3E1EEA1412DDD1012979
:102AD00068D99A69914265D21846FDF72BF9012809
:102AE00060D9431C7AD00E9B9A699042DFD2023A99
:102AF000A0F1020C944511903BBF9978DA6A00224C
:102B00000CFB01221292C0E7019C0C9406A90EA8AE
:102B10000D95FDF703F8019C2378002B46D0A146C4
:102B2000CE46002300E003461EF8011F581C002972
:102B3000F9D11A1DAA4241D82C4419F8031004F8FF
:102B4000011C8BB103F1FF3CA5EB0904CC44A4EBC1
:102B5000000E00E0C446019AE046624418F80119EC
:102B600002F80E10CC45F5D1019C2D1A013D2F2005
:102B70006055DDF84080B8F1000F7FF435AF194B98
:102B8000019C19783A223031AF422170627021D015
:102B90000234019E705D04F8010B0135AF42F8D894
:102BA000002686E70220019C064682E79DF8212048
:102BB00012B10DF12109B3E7022DD7D8112678E71C
:102BC000019C064675E7074D019C2F783A23303764
:102BD000277063702F27A77003346AE70120E2E7AC
:102BE000022666E752420220002800F0E4800368D3
:102BF0002DE9F047044633B11A7822B10D4680889A
:102C0000D988814202D00920BDE8F0875878FCF7C6
:102C100069FEC00700F1D180E0790028F4D1626A32
:102C2000002A56D0691C00F0A180E068854228BFC8
:102C30000546A560002D00F096802768536897F838
:102C400002E0691E4E0A0432B6FBFEF153B199420E
:102C500003D2DAE08B4200F2D880C91A52F8083F5A
:102C6000002BF7D16FF00100B9696361A1F102098E
:102C7000814540F29C80FB6A00FB0E30002800F08A
:102C80009680C5F30805002D6DD00EF1FF35354057
:102C9000A2690544AA4266D0A17978784F0604F16A
:102CA000280A0CD501235146FCF73EFE002840F0CF
:102CB000B080A679226826F04007A7715078514667
:102CC00001232A46FCF71AFE002840F0A280A561E5
:102CD0009AE7E668AE4204D2A77917F0020F08BF60
:102CE00035460022A368A260002D3CD02068817880
:102CF0004F02002B77D12669002E00F0CC80666150
:102D0000002E40F08980A368C3F30805002D00F071
:102D1000C080A269B24200F0BC80A04694F806C010
:102D200058F8283B58785FEA4C630BD5012341469D
:102D3000FCF7FAFD00286CD1A079226820F040074A
:102D4000A7715078414601233246FCF7D7FD002891
:102D50005FD1D4E90231A661994204D2A679E36039
:102D600046F02005A5710020BDE8F08715462669CC
:102D700055F8048B022786B3012E18D92068836981
:102D80009E4214D2B1464FF0010A4946FCF7D2FFE9
:102D900009F1010C0128E14609D9421C39D08445CA
:102DA0000DD12068836999450AF1010AEDD302200B
:102DB000E071BDE8F08709207047032024E702375F
:102DC000B84504D3AE464EF808AB6E607546216830
:102DD0008A6982420646CFD8626A1760474512D890
:102DE0000020286010E75E1E05F1FF38B6FBF7F300
:102DF000B8FBF7F99945FFF47EAF78420640A6602C
:102E0000AD1B66697CE71120FEE653680B44981EF3
:102E10002AE70120E071F7E6BD4248D9206816E0B4
:102E2000012EC4D98169B142C1D93146FCF782FF74
:102E30000646721CEDD0012EB9D920688369B342D1
:102E4000B5D9A36866613B44AF42A3600CD2A279B6
:102E50009107A5EB0705E3D53146FEF789F806464D
:102E60000028E6D1A3683D462B44C5F30807A360BC
:102E7000DFB121688A69A6F1020A901E824596D2C6
:102E80008F78CE6A0AFB0761002990D001EB5526A6
:102E90003AE7E16860E73146FEF76AF8012806463E
:102EA00085D0701CB5D0266129E73E462CE7A36883
:102EB000DAE700BF30B5ADF5077D0191002836D0C7
:102EC0000446002202A801A9FDF7F6FE20B1002564
:102ED00025600DF5077D30BDDDE9011306A803AAC5
:102EE000C4E9062023602046FDF776FAD8B9636965
:102EF0004BB3D97ACA0618D50299DD7E087893F8C3
:102F00001AC003284CEA052215D0A260C988A18006
:102F100020460021FCF77AFF042806D00028D6D1ED
:102F20000DF5077D30BD0428D1D10520CFE709205C
:102F30000DF5077D30BD5D7D93F814E04EEA052365
:102F400042EA0342E1E70299E0E700BF40B10368CB
:102F500033B11A7822B1D988B0F804C0614501D0E4
:102F60000920704710B504465878FCF7BBFC10F0F8
:102F7000010001D1206010BD032010BD78B30368AB
:102F80006BB31A785AB370B5DC888588AC42ADF55E
:102F9000047D03D009200DF5047D70BD04465878EA
:102FA0000D46FCF79FFC10F0010623D1CDB101A81E
:102FB00004A9C4E9060131462046FDF7CDFB0428EB
:102FC00016D00028E7D129462046FCF7A7FD204669
:102FD000FCF76AFF0428DED100202061DBE709202E
:102FE000704729462046FCF711FF0DF5047D70BDA2
:102FF0002661E8E70320CEE72DE9F041304E074691
:103000000C4621463846FFF7B9FF0546002854D143
:10301000002C52D0637A002B4FD0A169D7F82480BE
:1030200021B14046FCF7F6FD002846D104F1090124
:1030300013E0A2F120039AB211F8018B1FFA88F372
:10304000A3F1610EBEF1190F1AD8A3F1200C1FFADB
:103050008CF39342D5D180467BB3404610F8013BB8
:103060003F2B13D02A2B11D09AB2A2F1610CBCF1E4
:10307000190FDED97F2A84BF9B1913F8802CDBE758
:103080007F2B84BFB04418F8803CE2E7002398F817
:1030900000E084461A46BEF13F0F60461CF801EB83
:1030A0000CBF01320123BEF13F0FF4D0BEF12A0F55
:1030B000F1D0FCF76DFC0028A3D02846BDE8F081D4
:1030C000DC6704082DE9F0410D46436211460646CF
:1030D000FFF7F0FE044610B12046BDE8F081E5B1EF
:1030E00005F1090811E06B7A002BF5D0AA69776A1F
:1030F000114638461AB1FCF78DFD0028ECD1384650
:103100004146FCF787FD0028E6D129463046FFF707
:1031100035FF04460028E6D0DEE701463046FFF7DB
:103120002DFF0446D8E700BF30B5ADF5117D0D4643
:10313000019001A906A80022FDF7BEFD044618B1C2
:1031400020460DF5117D30BD03AA10AB019906A8EC
:10315000CDE90C23FDF740F904460028F0D10B9887
:1031600030B1002DECD0294606A8FCF7D7FCE7E7E4
:103170000624E5E72DE9F04383B0144601900F469D
:10318000104601A90022FDF797FD064630B92568D3
:10319000AC692B69A21E934204D83B60304603B051
:1031A000BDE8F083287801282ED002286B6A40D031
:1031B00031463246B04603F101096AB92A6B93429F
:1031C0001946284603D0FCF777FD002857D14B4617
:1031D00005F134014FF40072086830F0704001D1FD
:1031E00008F10108013C01F10401A2F10402E2D15D
:1031F0006979C5F8108041F0010068713046C7F860
:10320000008003B0BDE8F083022C35D90324B0461A
:1032100000E00134611E2846FCF78CFD431C30D0D1
:10322000012830D008B908F10108AB699C42F0D3FD
:10323000DEE732463146B04603F1010961B92A6B37
:1032400093421946284602D0FCF736FDB8B94B46E2
:1032500005F134024FF4007192F801C092F800E0D9
:103260005EEA0C2008BF08F10108013C02F10202ED
:10327000A1F10201E0D1BBE7B0460226B8E706465D
:10328000B6E70126B4E70226B2E700BF002800F047
:103290009680F8B503682BB11A781AB1D98884885A
:1032A000A14201D00920F8BD04465878FCF71AFB6A
:1032B000C00700F18680E0790028F4D1A079810769
:1032C00073D5D4E90265B54244D940F02007A7710F
:1032D000E6602568002E3FD12669012E6AD9A869CB
:1032E000864267D231462846FCF724FD0022074675
:1032F0003146C8B1012F28465CD07B1C63D0AB6936
:10330000B34257D9FCF714FE00285DD12E69711C19
:1033100006F1010605D095F805C02E614CF00102BA
:103320006A71A9698F4256D30020206194F806E0A3
:103330005FEA4E630ED52146012351F8285BA2694E
:103340006878FCF7F1FA002842D1A37923F0400213
:10335000A271F8BD0020F8BD6169012927D9AB69C8
:10336000994224D22846FCF7E5FC421C06462FD0A1
:1033700001281CD0206882699642D7D26169012950
:1033800015D9914213D26FF07042FCF7D1FD50B9BC
:10339000012E0CD9206881698E4208D23146FEF791
:1033A00045F80028C2D0E071F8BD0720F8BD022022
:1033B000E071F9E7002102202161E071F4E70920C2
:1033C00070470320F8BD012000272761E071EBE77B
:1033D0000120E071E8E73E4684E700BF30B5ADF577
:1033E0001B7D01A90190012206A8FDF765FC10B123
:1033F0000DF51B7D30BD03AA1AAB019906A8CDE9D6
:103400000C23FCF7E9FF0028F2D10C98C17A88065A
:1034100008D40B9B33B193F80BC05FEACC7103D592
:103420000720E5E70620E3E7069ADD7E10789C7E1C
:10343000032844EA05253CD0002D42D05FEACC6346
:1034400023D55269AA42EBD0DDE906040A99099B0B
:10345000109014910C980E9911940B9A13930D9C43
:1034600016900F9B189110A802211295159217948F
:103470001993FCF7CBFC0028BAD1014610A8FDF740
:103480006BF90028CCD00428B2D106A8FDF760FB68
:103490000028ADD1012D1AD006988269954216D226
:1034A0002946FDF7C3FF0028A2D10698FCF7DCFDF2
:1034B0009EE7597D93F814E04EEA012345EA03455F
:1034C000BAE706A8FDF744FB0028EED090E70220FB
:1034D0008EE700BF2DE9F04FADF51B7D0B90FCF79B
:1034E00049FA0BA90446012210A8FDF7E5FB0546A1
:1034F00020B128460DF51B7DBDE8F08F0DAA1AAB53
:103500000B9910A8CDE91623FCF766FF05460028A5
:1035100000F0EA800428ECD11698C77A17F020074B
:1035200040F0EA8039461098FDF722FD019000280E
:1035300000F0E080012800F01F81431C00F0298189
:10354000109E327906F13409002A40F02481B369D3
:10355000019ACDF80890991E901E88423BBFB5781D
:10356000F16A002500FB051509F50078CA4600231D
:103570004AF8043BC245FBD1019ADDF804C0100CA7
:10358000C1B2030AE2B2C4F307204FF0203B089116
:103590000993039220230490CCF30722C4F307403D
:1035A000C9F800B0C9F804B089F8083089F80930C2
:1035B00089F80A30240E102105900792089B09987B
:1035C0000A9406F1540B09F104025FFA8CFE4FF0E5
:1035D0002E0A86F8483086F8490086F83F10049B8A
:1035E0000399059886F84D409345079CCDF818E05F
:1035F00086F834A086F84A1086F84B3086F84C00DE
:1036000086F84EE086F84F4004D206F15802914504
:10361000C0F0B480D9F800007065D9F80440B465F2
:10362000D9F80820F265D9F80C103166D9F81030B5
:103630007366D9F81400B066D9F81840F466D9F862
:103640001C2032672E21109C86F855102078129B82
:10365000032800F089801F0C5FFA87F9380AC3F34A
:10366000072ADFB286F86E7086F86FA086F8689039
:1036700086F86900A678002E4AD0711ECBB20133BD
:103680002B4400934FF0010B4FF0000904F1340775
:10369000256384F804B0394601232A466078FCF794
:1036A00043F905F1010A48BB626AE3692071A81A6F
:1036B00098420ED2E678012E01D80AE0E3696078DC
:1036C0001D44013E2A4601233946FCF72DF9012EFF
:1036D000F4D1029D45F8049B4545FBD1009CA245D1
:1036E00016D05546109CD1E7082528460DF51B7DC0
:1036F000BDE8F08F0725FCE60625FAE601251098BF
:1037000001998769B942BFF4F4AEFDF78FFEF0E688
:1037100010A8FEF775F805460028F0D10899059F16
:10372000099A0A98039E069C2B4667F3070361F3E8
:10373000070562F30F2560F30F23049A0798159F7E
:10374000109966F3174564F3174362F31F6560F33E
:103750001F63102601247D61BB61FE7208460C7157
:10376000FCF782FC0546C4E6A26A9A427FF473AF76
:1037700000208146824675E70225BAE606F1530B22
:1037800009F1200119F8013B0BF8013F8945F9D1F6
:1037900058E70125ADE6356B70782A460123494686
:1037A000FCF7C2F80028A9D1706AF2693771291AAA
:1037B000914212D296F80380B8F1010F01D80CE0C3
:1037C000F2697078154408F1FF382A46012349460A
:1037D000FCF7AAF8B8F1010FF2D1109E06F13409F6
:1037E000B5E600BF30B5ADF5117D0D46144601902C
:1037F00001A906A80122FDF75FFA10B10DF5117DB0
:1038000030BD03AA10AB01990C9206A80D93FCF7EA
:10381000E3FD0028F2D10C98C17A8B060FD40B9AE5
:103820006AB1D37A06995D402C4004F027055D40CB
:103830000124D57208460C71FCF716FCDEE7062061
:103840000DF5117D30BD00BF10B5ADF5207DCDE982
:10385000001001220CA801A9FDF72EFA10B10DF5F8
:10386000207D10BD0C9B0199169303AA20AC0CA8D7
:1038700012921394FCF7B0FD0028F0D1129CE07A6C
:10388000810630D4119B002B6CD0D3F80B10D3F8E9
:103890000F20D3F8130006910792D3F81B10D3F82A
:1038A0001720089009920D980F9A0A910E99179077
:1038B0001891139814991992159A93F81FC01B9395
:1038C0001C940C9B109C1D9068468DF82CC01A947B
:1038D000CDE91E121693FCF7D7F8002805DA0B2065
:1038E0000DF5207D10BD0620B9E7009916A8FCF75C
:1038F00073FD002838D00428B1D116A8FDF780FF49
:103900000028ACD19DF818401B9BDDF822200C98B4
:10391000DDF81AE0C3F8152044F02001D972DDF873
:1039200026409DF82A10C3F8194059779DF82B209E
:10393000DDF81EC09DF82C40C3F80DE001219A77F8
:10394000C3F811C0DC77017193F80BE05FEACE6237
:103950000CD40CA8FDF7FCF8002880D10C98FCF7DB
:1039600083FB7CE704207AE7082078E70E9C189A0E
:103970009442EED0017893F81BC09C7E032944EA60
:103980000C2E05D15C7D1B7D43EA04214EEA014EDD
:103990008269AEF10204931E9C4223D290F802C0C9
:1039A000C16A04FB0C11E9B1026B914205D0FCF72E
:1039B00083F900287FF453AF0C9890F855402E2CD3
:1039C000C7D1189B0C9980F86E301A0CC3F3072EE0
:1039D000140A012380F8682080F8694080F86FE0BD
:1039E0000B71B6E702203AE710B5ADF5107D0C4635
:1039F000019001A906A80122FDF75EF910B10DF5AD
:103A0000107D10BD03AA10AB019906A8CDE90C23C7
:103A1000FCF7E2FC0028F2D10C98C17A8B0612D494
:103A20000B9B83B1E2889A75E0880699020ADA75E1
:103A3000A0881876A2880124100A587608460C71CE
:103A4000FCF712FBDBE706200DF5107D10BD00BF73
:103A500070B58CB00D460190164602A8002201A94F
:103A6000FDF72AF9044640B9002D4ED0014602A8C0
:103A70000494FCF7CBF918B1044620460CB070BD95
:103A800002A80121FCF768FE002865D1079B2A1DCA
:103A9000934202D2181D854264D318682860596881
:103AA00069601A7A2A72587A68729B7AAB72AA7A1B
:103AB0000021202AE97228D16A7AA972202A24D109
:103AC0002A7A6972202A20D1EA792972202A1CD107
:103AD000AA79E971202A18D16A79A971202A14D10A
:103AE0002A796971202A10D1EA782971202A0CD10B
:103AF000AA78E970202A08D16A78A970202A04D10E
:103B00002A786970202A08BF2970002EB5D0029843
:103B1000016A056BA94204D0FCF7CEF80028ABD1AE
:103B200002980378032B0CBF77225B2202440CBF60
:103B300043212721937892F803C092F801E00844CA
:103B40001A0490F8340042EA0C61014341EA0E2560
:103B5000204635600CB070BD04288DD12C70002E2D
:103B6000D5D18AE7197829705A786A709878A87040
:103B7000D978E9701A792A71587968719979A97197
:103B8000DA79EA718DE700BFF0B591B001220190BA
:103B900001A906A8FDF790F8054650BB01998DF8DC
:103BA0000C000878D8B18E4607462A4601E01F4629
:103BB00022461EF8013F541C002BF8D1202F1CD1A7
:103BC0006AB1541E0E19095D202905D014E016F8BB
:103BD000017D202F11D11446621E002CF7D1002642
:103BE000314606A80896FCF711F9002800F08880F5
:103BF0000546284611B0F0BD144600252E46012189
:103C000001F032FA01F054FA002101F02DFA0136E8
:103C100000286ED022286CD06E492A23834268D0B7
:103C200011F8013F002BF9D1FF2866D9092D60D882
:103C30000DF1400CAC44020A0CF8342C01350DF1A6
:103C4000400EAE44A64205F101070EF8340C03D233
:103C500001983D46805DD2E70B2F45D010A8074460
:103C6000A91C20230B2907F8343C3DD010AC21447B
:103C7000EE1C0B2E01F8343C36D010AA16442F1D32
:103C80000B2F06F8343C2FD00DF1400C6744681D13
:103C90000B2807F8343C27D00DF1400E8644AC1DAC
:103CA0000B2C0EF8343C1FD010A92144EE1D0B2E16
:103CB00001F8343C18D010AF374405F108020B2A44
:103CC00007F8343C10D00DF1400C944405F1090084
:103CD0000B280CF8343C07D010AB1844202400F813
:103CE000344C0DB98DF816409DF80C50E52D7FF43D
:103CF00076AF0625284611B0F0BD0A2D9FD9F8E70A
:103D0000012106A8FCF728FD58B90B9F002D45D1CD
:103D1000E5263E70069801220271FCF7A5F90546DA
:103D200067E704287FF464AF002D3FF462AF06A874
:103D30000121FDF73DFC054600287FF45AAF0B99A1
:103D4000039F086048608860C860086148610B9AFA
:103D5000049C9DF815609DF816309DF814008D6147
:103D6000CD61176054605672937210720B9D0821DA
:103D7000E972FBF7FFFD0B9F069EB8750B9AC0F327
:103D80000724D4750B9B050C0121000E1D76587677
:103D900030463171FCF768F905462AE7DDE903434F
:103DA0009DF814509DF815009DF816207B603C602E
:103DB0003D727872BA72FBF7DDFD0B9988750B9F27
:103DC000C0F30726FE750B9C030C050E2376657663
:103DD000A0E700BFB96804082DE9F04F8BB00129B6
:103DE000079000F2D38107A888461746FBF74CFEE0
:103DF0000028C0F2D381D14B53F82040002C00F0B2
:103E0000CF810021C5B228462170FBF75FFDC307B3
:103E100000F1C88110F0040640F0BC8109AA01211C
:103E20002846FBF797FD002840F0AC8109987F28D1
:103E300040F2A881B8F1000F40F0B6813F223F3830
:103E400002927B1E3B42099040F0B081002F00F0AF
:103E5000AD81B7F5007F00D37F0A802F40F6F5795A
:103E600028BF8027B0FBF7F24A45BB4600F2CB8162
:103E700002EB42014B1C5B0801220333009203F268
:103E8000FF177F0A2021012307F1200904910193E4
:103E9000029A134403EB090AABEB020CD4448445A9
:103EA000039300F2C58108AA03212846FBF752FDBF
:103EB000002840F0BF81089901F1FF3EBEF5004F98
:103EC00005D20EEB0A004B421840A0EB0A00009905
:103ED00008900329099A00F0DE810499019B0B44A4
:103EE0000744D01AC31B0098B3FBFBF102280691CC
:103EF00000F0C781B2F5803F34BF0122062204F1F1
:103F0000340AB8F1000F40F0AC81D44604F50D79C5
:103F10004CF8048BE145FBD1099B0298884984F851
:103F2000F6211844A1FB001EA0EB0E010EEB510080
:103F30004FEAD03C4CF03F01C3F307224FEA503C1C
:103F400084F8F581180C84F8FB8184F8FC8184F8EE
:103F5000FD8184F8FE314FEA136884F8F8110123DB
:103F60003F2184F8FF214FF0FE0E4AF6552284F8D7
:103F7000000284F8FA11A4F8322284F8F9C184F816
:103F8000018284F8F33184F8F43184F8F7E10022F7
:103F900051462846CDF820C0FBF7C6FC002840F06B
:103FA000F180F8230593D046D44600214CF8041B39
:103FB000E145FBD1634B63633520009B84F83C00F3
:103FC0000198614AA263032B4FF02E01099B84F8EC
:103FD0003D1018BF0226C0F307214FF0300E00221B
:103FE00084F8466084F8431002260121B3F5803F2F
:103FF00084F83EE084F8420084F841B05FFA83FE22
:10400000C3F3072084F83F2084F8452084F84060FB
:1040100084F8441080F02A8184F847E084F848004E
:1040200000224A4E05980299E66484F8490084F813
:10403000501084F8512084F8522084F85320FBF764
:1040400099FC009B0890032BFEB2C7F3072C00F0ED
:1040500054813F4B84F84BC004F1630CC0F3072E2E
:10406000020C84F85B0084F84A60000E8026292147
:104070009C4584F85CE084F85D2084F85E0084F858
:10408000586084F85A1005D904F15F0E1A1D964540
:10409000C0F097812F4A304B3048C4F85F30A2F50A
:1040A000131C2021ACF56456C4F86320C4F86700E3
:1040B000C4F86B6084F86F1084F8701084F8711085
:1040C000AA234FF0550E84F8333284F832E20123EC
:1040D000029A51462846FBF727FC002852D1534646
:1040E000002243F8042B4B45FBD1009E032E00F029
:1040F000E4801B48059A012E18BF6FF0FF001043A3
:10410000FF21060E089084F8340084F8376084F8A4
:10411000351084F83610039E012332465146284656
:10412000FBF702FC06F1010C60BB48F8040BC84524
:10413000FBD101239F42089319D87DE0544202200D
:104140005B561505EBFE904D53444F533F00FF0067
:1041500098680408414D45204E4F204E20202046AF
:1041600000FFFF0008980130B842089065D2012393
:104170006246514628460CEB0309FBF7D5FBCC46BB
:104180000028EFD001200BB0BDE8F08F13200BB05A
:10419000BDE8F08F0A200BB0BDE8F08F0B20F6E7EA
:1041A0000C20F4E70320F2E702964AE6B0F5FA1F86
:1041B00080F00081B0F57A2F80F0FF80B0F5FA2F03
:1041C00080F0FD80B0F57A3F80F00681B0F5FA3FCF
:1041D00080F00481B0F57A4F80F00281B0F5FA4F9B
:1041E00080F00081B0F57A5F80F0FE80B0F5FA5F74
:1041F00080F0FC80B0F57A6F34BF0A2309239F4F0B
:1042000037F8137028E64FF6F577BA4204D8911CB8
:1042100002224B00009232E69200002302F20727AE
:104220007F0A032104932023B946009101932FE6CE
:104230000E20ACE700204AE6E146049F009A032ADC
:1042400018BFBB46CB4402E0D94500F0DC80012317
:104250004A46514628469944FBF766FB0028F3D0AE
:1042600090E7F020059004F50D799CE61A0C1B0EE2
:1042700084F854E084F8550084F8562084F85730C8
:10428000CEE640F6F5794945D2D9B2F5803F34BF44
:104290000422062233E60199A2EB09020144531AD3
:1042A000019103994FF6F57A0144B3FBFBF05045B9
:1042B00003910690BCD90C2221E605994FF0FF0C22
:1042C00061F0FF000F23089084F8340084F835C0B3
:1042D00084F836C084F837C084F838C084F839C010
:1042E00084F83AC084F83BC084F83CC084F83DC0F0
:1042F00084F83EC084F83F300DE7390C604B84F8F9
:104300007700020C84F8586084F85A10C0F307262E
:1043100004F17F01000E84F859C084F8786084F8B5
:10432000792084F87A003A0E0220564E84F85B20F9
:104330004FF0800C4FF0290E99422066666684F893
:1043400074C084F876E004D904F17B02181D82421F
:104350004ED34D494D4B4E48C4F87F1001F18F525A
:1043600002F560264FF0200C06F5E061C4F87B30C2
:10437000C4F88300C4F8871084F88BC084F88CC01C
:1043800084F88DC055204FF0AA0E84F8320284F8CC
:1043900033E20123029A51462846FBF7C5FA00286A
:1043A0007FF4F0AE029A0123063251462846FBF70D
:1043B000BBFA94E64FF400474EE501231FE70223C2
:1043C0001DE703F1130004F15E0613F8011B06F864
:1043D000011F8342F9D173E6032310E704230EE79C
:1043E00005230CE706230AE7072308E7082306E767
:1043F00003F1130604F17A0C13F801EB0CF801EF4A
:10440000B342F9D1BEE70099032908D0002228461B
:104410001146FBF79FFA003018BF0120B7E6069E51
:104420001C48C4F81802731EC3F3072B1F0C1A0E86
:104430004FF0AA0E184E84F81C324FF00208552196
:1044400084F81DB284F81E7284F81F226663C4F8D3
:10445000208284F8321284F833E2029C012322463F
:104460001A4451462846FBF75FFA22460732514666
:1044700001232846FBF758FAC8E700BF6C68040818
:104480008468040801000600414D45204E4F204E2F
:104490002020204672724161525261412DE9F0475D
:1044A0000746144601F1FF38064602F128090025A7
:1044B0003FE060699369A0F1020E981E864570D2B4
:1044C00092F802C0D16A0EFB0C10002869D0A369D3
:1044D00082449A451BD094F806E050785FEA4E6219
:1044E0000DD51A4649460123FBF71EFA002840F075
:1044F0009480A179226821F04000A07150780123B6
:1045000052464946FBF7FAF9002840F08680A16838
:10451000C4F818A0C1F308032344013193F82820FC
:10452000A1600D2A48D00A2A06F8012B05F10105E1
:104530006ED0A84537DD002C35D02368002B32D053
:104540001A78002A2FD0A188D88881422BD1587898
:10455000FBF7C8F9C30726D4E37923BBA279D007B8
:1045600021D5D4E9021088421DD0C1F30803002BE5
:10457000D2D1226892F802C04B0A0CF1FF301840E9
:1045800010F0FF0A95D119BB2069012809D9411CF7
:1045900043D0226860619369A0F1020E981E86459F
:1045A0008ED30222E271002D4FF0000508BF2F4686
:1045B00035703846BDE8F0872368002BF3D01878B3
:1045C0000028F0D0B3F806A0A1888A45EBD1BEE759
:1045D000616A49B961690129E3D993699942E0D2D5
:1045E0001046FBF7A7FBD0E7B3FBFCF04B680A1DB6
:1045F000002BD6D0984202D207E0834205D8C01AD9
:1046000052F8083F002BF8D1CBE751680844BCE7CB
:10461000002434703846BDE8F0870123E371C2E717
:1046200070B594B000240A280646CDE9011403941D
:1046300033D08DF8100001250398029501300390C6
:10464000019E0023009346B1346834B1217821B132
:10465000E088B6F804C0604503D04FF0FF3014B0D6
:1046600070BD6078FBF73EF9C207F6D4F279002AF4
:10467000F3D196F806E05FEA8E73EED52A4630460F
:104680006B4604A9FCF74EFD0028E6D1029D009E72
:10469000B542E2D1039814B070BD0D2101A8FCF71A
:1046A00083FE029D002DD8DB14AB2B4401353C2D3D
:1046B00003F8406CC0DD019E009446B3336843B3F9
:1046C0001A7812B3D988B288914210D15878FBF782
:1046D00009F9C0070AD4F27942B9B479A10705D51E
:1046E00030466B462A4604A9FCF71CFD009C039843
:1046F000A54214BF4FF0FF32002200F10100CDE9C6
:10470000022008BF00259BD0A7E71446EFE73446F8
:10471000EDE71C46EBE700BFF0B595B00478002745
:10472000CDE901170397002C40D0064607E0039C13
:1047300002950134039416F8014F002C33D00A2C53
:104740002AD0029D002DF6DB14AB2B4401353C2D05
:1047500003F8404CEBDD019C009714B3226802B3D0
:104760001178A1B1D188A08881421AD15078FBF785
:10477000B9F8C0070AD4E37943B9A279910705D5FE
:1047800020466B462A4604A9FCF7CCFC00996D1A1A
:1047900018BF4FF0FF35CAE70D2101A8FCF704FE52
:1047A000CFE70021F3E7029C002C0CDB019F0026E1
:1047B000009647B1386830B1037823B1B0F806C02D
:1047C000BA88944503D04FF0FF3015B0F0BD407863
:1047D000FBF788F8C207F6D4F9790029F3D1BD793F
:1047E000AB07F0D5224638466B4604A9FCF79AFC85
:1047F0000028E8D1029C009FBC42E4D1039815B088
:10480000F0BD00BF0EB42DE9F04F9EB027AA0023E3
:10481000CDE90C3352F8046B0B900592019331787B
:1048200041B125291DD001360BA8FCF7BDFD31781B
:104830000029F6D10C9E002E0CDB0B9F0024069461
:1048400047B1386830B1027822B1C388BD88AB4225
:1048500000F03B834FF0FF301EB0BDE8F04F03B0D7
:1048600070477178302900F0B8822D2900F00A8352
:1048700000200236054607460422A1F13003092B29
:104880004FF000040BD804EB840401EB440916F844
:10489000011BA1F13003092BA9F13004F3D901F078
:1048A000DF034C2B03BF16F8011B17464FF004081B
:1048B0004FF000080029BDD0A1F16103192B9ABF68
:1048C000A1F12002D2B20A46A2F1420ABAF1160FB1
:1048D00000F23B82DFE81AF02902A2011700390238
:1048E00039023902390239023902390239023902F0
:1048F00039020D02390239023902BA0139021700B0
:1049000039023902AA01DDF81490CC460A235CF87A
:1049100004ABB8F1000F00F0F681442ACDF814C0C2
:10492000D44640F01A82BAF1000FC0F2F5814FF080
:10493000000A7829BCFBF3F203FB12C85FFA88F780
:104940000CBF27210721B8F1090F84BF7F18FFB2E0
:1049500030379C458DF81C70C0F04283B2FBF3F9F0
:1049600003FB192E5FFA8EF7BEF1090F84BF7F1883
:10497000FFB230379A428DF81D70C0F01D83B9FB2D
:10498000F3FC03FB1C97FAB2092F84BF5218D2B272
:1049900030324B458DF81E2000F21383BCFBF3F937
:1049A00003FB19C7FAB2092F84BF5218D2B23032B2
:1049B00063458DF81F2000F20983B9FBF3FC03FB6C
:1049C0001C97FAB2092F84BF5218D2B230329945DF
:1049D0008DF82020C0F0FF82BCFBF3FE03FB1EC756
:1049E000FAB2092F84BF5218D2B230329C458DF8EA
:1049F0002120C0F0FA82BEFBF3F903FB19E7FAB2FB
:104A0000092F84BF5218D2B230329E458DF8222031
:104A1000C0F0F082B9FBF3FC03FB1C97FAB2092F3C
:104A200084BF5218D2B2303299458DF82320C0F09D
:104A3000E682BCFBF3F903FB19C7FAB2092F84BF66
:104A40005218D2B230329C458DF82420C0F0DC825E
:104A5000B9FBF3FE03FB1E97FAB2092F84BF52186D
:104A6000D2B2303299458DF82520C0F0D282BEFBFB
:104A7000F3FC03FB1CE7FAB2092F84BF5218D2B231
:104A800030329E458DF82620C0F0C882BCFBF3F979
:104A900003FB19C7FAB2092F84BF5218D2B23032C1
:104AA0009C458DF82720C0F0BE82B9FBF3FC03FBC8
:104AB0001C97FAB2092F84BF5218D2B230329945EE
:104AC0008DF82820C0F0B482BCFBF3FE03FB1EC7A8
:104AD000FAB2092F84BF5218D2B230329C458DF8F9
:104AE0002920C0F0AD82BEFBF3F903FB19E7FAB24F
:104AF000092F84BF5218D2B230329E458DF82A2039
:104B0000C0F0A382B9FBF3F703FB1793DAB2092BCA
:104B100084BF5218D2B230328DF82B204FF01009DA
:104B20004FF00F08BAF1000F07D00DF1780ACA4410
:104B30002D2108F102090AF85C1C0028CA46A0468B
:104B40002C460CBF4FF0200B4FF0300B0AF1010741
:104B5000B4B9C24580F092810C9D002D0BDB1EA8DC
:104B6000421901353C2D02F840BC00F30B810D9930
:104B70000C9501310D91BA460AF10107002CE8D0DD
:104B8000404609F1FF3907ACA144039009E00D9BB1
:104B9000CDF8308001330D9307A8814500F02B81BB
:104BA000A9464D4615F801490A2C00F01D810C9BC1
:104BB000002BF1DB1EAAD11803F10108B8F13C0F5C
:104BC00001F8404CE3DD0B9C01980690002C00F0AE
:104BD00010812368002B00F00C811978C1B1D988AD
:104BE000B4F804C00294614540F003815878FAF7A4
:104BF00079FE10F0010F029809D1C2793AB984798F
:104C0000A40704D506AB42460EA9FCF78BFA069919
:104C1000B8EB010818BF4FF0FF38B8E7059C0BA8A8
:104C2000251D21780595FCF7BFFBF8E5DDF814900C
:104C3000CC465CF8047BB8F1000F00F03E81CDF863
:104C400014C01023BC464FF0000A72E605990F68A5
:104C500097F800E0043105917146BEF1000F00F0B5
:104C6000EC813B46C7F1010909EB030813F8012F5A
:104C7000002AF9D1002D00F04A810BA8FCF794FB23
:104C800017F8011F0029F8D1A04508F10107BFF46A
:104C9000C6AD4FF0200809E00D9A0C9501320D9237
:104CA000BC4207F101033FF4BAAD1F460C9D002D35
:104CB000F6DB1EAB5A1901353C2D02F8408CEBDDBA
:104CC000DDF82CA001980690BAF1000F0BD0DAF8AD
:104CD000002042B1117839B1B2F806E0BAF80410F8
:104CE0008E4500F0D68000216D1A18BF4FF0FF35B9
:104CF000D2E7DDF81490CC4608235CF804ABB8F199
:104D0000000F7FF40AAE442A18D1BAF1000FCDF893
:104D100014C0D446BFF60BAECAF1000C07F0020572
:104D200007F001004FF0080A03E6DDF81490CC46C6
:104D30005CF8042BB8F1000F0BD10223CDF814C09E
:104D40004FF0000AD9F800C0F3E50BA8FCF72CFBE4
:104D500065E5CDF814C0022394467829BCFBF3F234
:104D600003FB12C707F130070CBF2721072163455A
:104D70008DF81C7088BF4FF001093FF6DEAE4FF092
:104D8000000AEBE5DDF82CA00694BAF1000F22D062
:104D9000DAF80030FBB11978E9B1D888BAF804E044
:104DA000704518D15878FAF79DFDC2070DD49AF8CE
:104DB000072052B99AF806C05FEA8C7305D55046B1
:104DC00006AB2A460EA9FCF7ADF9069BED1A18BFF3
:104DD0004FF0FF35CBE62346F8E70120B1780746D0
:104DE00000250336052248E50D210BA8FCF7DCFA67
:104DF000DDE600210CE7039CA2450AD30FE50D99DF
:104E00000C9501310D91BC4207F101033FF407AD50
:104E10001F460C9D002DF6DB1EAA511901353C2DB5
:104E200001F840BCEBDDDDF82C80019B0693B8F166
:104E3000000F21D0D8F80000F0B10278BAB1C288D2
:104E4000B8F804108A4217D14078FAF74BFDC00732
:104E50000CD498F807304BB998F80600810705D5AF
:104E6000404606AB2A460EA9FCF75CF9069AAD1A35
:104E700018BF4FF0FF35C2E70022F8E7BA464046B8
:104E800001377EE60225B1782F4600200336062240
:104E9000F3E45078FAF726FDC0070CD49AF80730EF
:104EA0004BB99AF80600810705D5504606AB2A464D
:104EB0000EA9FCF737F9069916E7CDF814C01023B0
:104EC000D9F800C04FF0000A33E54078FAF70AFD40
:104ED000C2073FF5BFACF97900297FF4BBACBC79C0
:104EE000A3077FF5B7AC3246384606AB0EA9FCF7F0
:104EF00019F900287FF4AEAC0C9E069FBE427FF4E9
:104F0000A9AC0D981EB0BDE8F04F03B07047444502
:104F100008F1010940F29E8004F101084FF0200AD7
:104F200008E00D990C9501310D914C4509F1010CEA
:104F300035D0E1460C9D002DF7DB1EA84119013547
:104F40003C2D01F840ACECDDDDF82CB0019B069364
:104F5000BBF1000F21D0DBF80020F2B11078B8B11E
:104F6000D088BBF80410884217D15078FAF7BAFC01
:104F7000C2070CD49BF807304BB99BF80620930767
:104F800005D5584606AB2A460EA9FCF7CBF806987D
:104F90002D1A18BF4FF0FF35C3E70020F8E7397826
:104FA00000293FF471AE0BA8FCF7FEF917F8011FBA
:104FB00000297FF462AE67E64FF002094FF0010866
:104FC000B0E54FF003094FF00208ABE54FF00409DC
:104FD0004FF00308A6E54FF005094FF00408A1E5DE
:104FE0004FF001094FF000089CE54FF006094FF023
:104FF000050897E54FF007094FF0060892E54FF0D6
:1050000008094FF007088DE54FF009094FF008082F
:1050100088E54FF00A094FF0090883E54FF00B09C6
:105020004FF00A087EE54FF00C094FF00B0879E5C8
:105030004FF00D094FF00C0874E575B1F04623E60A
:105040004FF00E094FF00D086CE54FF00F094FF0CF
:105050000E0867E57146C8460FE64FF00109002CBF
:105060007FF45AAFFFF7DBBB7F2812D991B910B498
:105070000E4B01E0802917D033F8022B82428CB20C
:1050800001F10101F6D104F1800080B25DF8044B1A
:1050900070477047FF2805D8A0F18001034B33F813
:1050A00011007047002070470020EFE744690408B2
:1050B000612811D062280AD008490222632398424D
:1050C00006D031F8023F0132002BF8D1704701229F
:1050D000034B33F8120070474120F7E7486A040891
:1050E000246C040830B5534A534B116883B00A044A
:1050F00004460D204FF480611A6058600022184663
:10510000402500929D601961DA600192F7F7AAFECE
:105110004A48436B0193019D15F0450FF9D0019961
:10512000490711D4019A12F0010504D0434B012024
:10513000986303B030BDF7F7B3FE019001980D28D6
:1051400008D0102003B030BD3C4804248463032001
:1051500003B030BD394B40F2FF5128469963F7F751
:10516000A5FE0090009D3648009AC5F343231040E9
:1051700023700028DDD0009C002C3DDB00994A0004
:1051800038D4009DAB0039D4009AD50030D4009BB0
:105190001C0135D4009C610134D40099CA0133D478
:1051A000009D2B0232D4009A5502CAD4009B9C0267
:1051B00030D4009CE1022BD400990A032ED4009D28
:1051C0006B0329D4009A950330D4009BDC032BD4C5
:1051D000009C210426D400994A0421D4009DAB04EC
:1051E00026D4009A12F0080F0CBF00201A20A0E766
:1051F0000B209EE709209CE71C209AE70A2098E7ED
:105200000C2096E70D2094E70E2092E70F2090E700
:1052100012208EE711208CE714208AE7132088E7FC
:10522000182086E7172084E7162082E7152080E7FC
:1052300019207EE7A442022000430220002C0140F6
:1052400008E0FFFD08B52D4B40F2FF529A630020A5
:10525000F7F72CFE2A49014049B300282BDB420016
:1052600027D4830029D4C10029D4020129D44301C1
:1052700029D4C1012BD402022BD443022BD48102A6
:105280002BD4C20221D4030329D4410329D482039D
:1052900029D4C30329D4010429D4420429D4830482
:1052A00029D410F0080F0CBF00201A2008BD0846B2
:1052B00008BD092008BD1C2008BD0A2008BD0B2020
:1052C00008BD0C2008BD0D2008BD122008BD0E2011
:1052D00008BD0F2008BD102008BD112008BD1320F7
:1052E00008BD142008BD152008BD162008BD1720D4
:1052F00008BD182008BD192008BD00BF002C0140C2
:1053000008E0FFFD0000000070B5234C90B005469A
:105310004FF0FA512046F7F713FB20460021F7F72C
:10532000A5FA2046F7F7CEF919A3D3E900234021C7
:10533000CDE90023039100234FF480624FF4403104
:105340002046029505930125CDE908330D93069279
:105350004FF4001304220A914FF4805669460E93CD
:105360000B9204950C950796F7F742FA2A462046C9
:105370001021F7F7FDFA20462021F7F78BFA29468E
:105380002046F7F773FA10B070BD00BFAFF300808E
:1053900000000008802C014058640240000000001A
:1053A000F0B5254C91B0054621A7D7E90067204606
:1053B0004FF0FA51F7F7C4FA20460021F7F756FAF2
:1053C0002046F7F77FF90023CDE900674FF48062AC
:1053D0004FF480574FF480414FF4000C2046029563
:1053E00003930125059309930692042307970891D7
:1053F0004FF4001269464FF440360327CDE90DC241
:105400000B9304950A960C97F7F7F2F92A46204673
:105410001021F7F7ADFA20462021F7F73BFA29468D
:105420002046F7F723FA11B0F0BD00BFAFF30080BC
:1054300000000008802C0140586402402DE9F04330
:10544000684C694F4022002306461020C4E902231D
:1054500083B008216060002200234FF4806520465D
:1054600021602561CDE90023F7F7FCFC796B11F091
:10547000450FFBD04F0711D4CD0706D55A4901255A
:105480008D63284603B0BDE8F083F7F709FD1028C7
:105490000CD01025284603B0BDE8F0835248042202
:1054A00003258263284603B0BDE8F083FFF7CAFEF8
:1054B000024605460028E4D14C4B4A481D68E2608C
:1054C00040214FF480622F044FF037082760C4E971
:1054D00001812261F7F7C6FC4348436B13F0450F87
:1054E000FBD05807DAD4D907C8D4F7F7D9FC372846
:1054F000CFD1FFF7A7FE074605460028C1D13C4D96
:105500004FF0FF384FF00809C5E900894FF0300827
:105510004FF00209C5E902894FF001094FF0000878
:105520002846C5E90489F7F7CDFC4FF0330940213F
:105530004FF480622B482760E760C4E90191226143
:10554000F7F790FC284C606B10F0450FFBD042073A
:10555000A4D4C30792D4F7F7A3FC332899D1FFF75B
:1055600071FE054600288CD1E8461F4C40F22A699E
:1055700002E0F7F723FD00BB636B13EA090F4FF45A
:105580000010F6D00820F7F719FDD8B90220F7F778
:1055900015FDD8B92020F7F711FDD0B94FF40070F0
:1055A000F7F70CFDC8B940F2FF57A763DDE9001417
:1055B0000ABA20BAC6E9000263E7F7F7A9FC48F87F
:1055C000040BD9E70827A76304255AE70225A5633A
:1055D00057E72023A363062553E74FF40076A6631D
:1055E00007254EE700430220002C0140A442022080
:1055F0001843022070B5002282B000230446002028
:10560000CDE90023F7F752FC820128D46846FFF762
:1056100015FF10BB012C019B27D0DC0322D5444988
:10562000444E0A68F060140440234FF48061304611
:105630003725C6E90045B3603161F7F713FC3E48F2
:10564000426B12F0450FFBD050072ED4D10727D460
:10565000F7F726FC372853D0102002B070BD0E207B
:1056600002B070BD252002B070BD5B03FAD5304A90
:10567000304C1568E0602B0440214FF480622046D6
:105680003726C4E90036A1602261F7F7EBFB2A4810
:10569000456B15F0450FFBD06E0706D4ED0709D515
:1056A000254D0120A86302B070BD23480423836305
:1056B0000320D2E7F7F7F4FB3728CDD1FFF7C2FD7F
:1056C0000028CAD1E0604FF0020E40214FF4806202
:1056D00006261848A160C4E900E62261F7F7C2FB7C
:1056E000154C616B11F0450FFBD04A07DDD4CB0799
:1056F000D6D4F7F7D5FB0628AED1FFF7A3FDACE76C
:10570000FFF7A0FD04460028A7D14FF0060C4FF488
:105710008063402507483460F460C6E901C5336101
:10572000F7F7A0FB044E716B11F0450FFBD0DCE7DF
:10573000A442022000430220002C014001207047B7
:1057400000B583B001238DF80730F8F7BDFF08B925
:105750008DF807009DF8070001280BD107490A784A
:1057600002F0FB030B7091F800C05FFA8CF003B0FD
:105770005DF804FB012003B05DF804FB3C0600204B
:10578000022805D0032801D120200860002070479E
:105790004FF400730B800020704700BF10B54FF42A
:1057A0008070F7F71BFC90B1264C00214FF48070FD
:1057B0002170F7F71DFC2448012202602349CB6BBE
:1057C00023F4434020F03A02CA63237810BD02203C
:1057D000F7F704FC30B102201A4CF7F709FC02235A
:1057E0002370EBE70820F7F7F9FB50B92020F7F713
:1057F000F5FB68B12020134CF7F7FAFB0621217066
:10580000DCE708200F4CF7F7F3FB04222270D5E702
:105810001020F7F7E3FB30B94FF40070F7F7DEFB29
:1058200040B9084CCAE71020064CF7F7E1FB052009
:105830002070C3E74FF40070024CF7F7D9FB072341
:105840002370BBE7604302205C430220002C014030
:10585000064B186810F0C05F00D17047044B054834
:1058600001224FF0C2511A60F7F76AB80064024093
:10587000A04202205864024038B50020F7F7DEFA53
:105880000020F7F7E1FAF7F7ABFA0E4A0E4D536C2A
:105890000E4C23F4006050644FF4F8512846F9F799
:1058A00071FA284602224FF4F851F9F72DFD2046EF
:1058B0000421F9F767FA204602220421BDE83840A6
:1058C000F9F722BD0038024000080240000C0240F7
:1058D00070B582B001238DF80730F8F7F5FE08B9EE
:1058E0008DF807009DF80700012802D0022002B0C1
:1058F00070BD1B4A1B4B116808044FF4806218608E
:105900000D26402500241846C3E90165C3E903427A
:10591000F7F7A8FA14494B6B13F0450FFBD05A0761
:1059200018D4DB0705D5104801258563022002B095
:1059300070BDF7F7B5FA0D28D8D1FFF783FC002822
:10594000D4D1F7F7B3FAC0F34326301F18BF0120B4
:1059500002B070BD044C0422A2630220C7E700BF5E
:10596000A442022000430220002C014070B582B006
:1059700001238DF80730F8F7A7FE08B98DF8070066
:105980009DF80700012802D0FF2002B070BD194A1F
:10599000194B116808044FF4806218600D264025E9
:1059A00000241846C3E90165C3E90342F7F75AFA30
:1059B00012494B6B13F0450FFBD05A0715D4DB0788
:1059C00005D50E4E0120B063FF2002B070BDF7F781
:1059D00067FA0D28D8D1FFF735FC0028D4D1F7F7A6
:1059E00065FAC0F3432002B070BD044D0424AC63DB
:1059F000CAE700BFA442022000430220002C01405D
:105A000000B583B001238DF80730F8F75DFE08B9C3
:105A10008DF807009DF8070003B05DF804FB00BF98
:105A20002DE9F043AB4BAC4C83B0002576221846F1
:105A30001D60C3E90155C3E903551A758DF8075078
:105A4000F7F7DCF90320F7F7FFF90120F7F7F6F98C
:105A50004FF480612046C4E90055C4E90255216134
:105A60004FF48035F7F7FEF902E0013D00F01181B7
:105A70008020F7F7A3FA0028F7D0984840F2FF56A5
:105A8000866300278DF807709DF8073003F0FF024A
:105A90002BB19DF80760F0B203B0BDE8F083402160
:105AA0008D48E2604FF4D57808264FF48067C4E94A
:105AB0000086A1602761F7F7D5F98848456B15F096
:105AC000450F0ED14FF4803302E0002B00F0DC8054
:105AD000456B15F0450F03F1FF33F6D0002B00F0B6
:105AE000D38015F0040940F0CF8015F0400340F05A
:105AF0008E808DF807309DF80700002840F09280D6
:105B0000774DDFF8E08101212960002737234FF42A
:105B10008062714827604026E760C4E9013622614F
:105B2000F7F7A0F96D48416B11F0450FFBD04D0719
:105B300000F1B180C80763D5684D0120A8638DF8D6
:105B400007009DF8076006F0FF05002EA1D1624F07
:105B5000DFF888912E464FF0370E4FF0400C4FF48F
:105B6000806238462660E660C4E901EC2261F7F7FE
:105B700079F9D9F8340010F0450FFAD0410777D4FD
:105B8000C2076ED50120C9F838008DF807009DF8CE
:105B9000073003F0FF02002B7FF47BAF4FF0290E9C
:105BA0004FF0400C4FF480613846C4F80080E2604A
:105BB000C4E901EC2161F7F755F9D9F8340010F088
:105BC000450FFAD010F0040357D140F2FF52C9F844
:105BD00038208DF807309DF8073003F0FF00002BC8
:105BE0007FF457AFF7F762F9002805F1010540F29D
:105BF000FF7257DB9542AED11B278DF8077048E73F
:105C0000F7F74EF937284BD1FFF71CFB97E7334ED8
:105C100040214B46B1638DF807309DF807000028FE
:105C20003FF46EAF00264FF0370C4FF480614025F3
:105C300029482660E660C4E901C52161F7F712F939
:105C4000264F7B6B13F0450FFBD05F073CD4DE077C
:105C500031D5224A01209063DFF88C808DF807004F
:105C600053E7F7F71DF937280CD1FFF7EBFA8CE76C
:105C70000421C9F83810032087E70421C9F8381037
:105C80000323A6E7102080E7144F0422BA630323FE
:105C90002FE70327F6E6114F0423BB6303204EE7EB
:105CA00010204CE79542A7D043007FF5F2AE0C4C94
:105CB00002252560EDE6F7F7F3F8372801D010202C
:105CC000CAE7FFF7BFFAC7E7044804268663032044
:105CD000C2E700BF3043022000430220002C0140F5
:105CE0009C420220000010C00000108008B5002077
:105CF000F7F7AAF8002008BD70B5F7F7ABF8002851
:105D00005AD05B4E3368042B02D10026304670BD5A
:105D1000584D00230224C0214FF4806228466C6055
:105D2000A9602A612B60EB60F7F79CF8524C606B1E
:105D300010F0450FFBD0420738D410F0010030D1ED
:105D40004D494E4C40F2FF528A63F7F7AFF820609E
:105D50000420F7F7ABF860600820F7F7A7F8A06019
:105D60000C20F7F7A3F83368E060022B01D9062B6B
:105D70003DD100204FF0030C4FF480622860E860B2
:105D800040243C482A61C5E901C4F7F76BF83A4B57
:105D9000596B11F0450FFBD04B0707D411F00104EC
:105DA0000DD0354901268E63304670BD324804223D
:105DB00003268263304670BD2526304670BDF7F756
:105DC0006FF803284AD12C4B40F2FF5220469A63C9
:105DD000F7F76CF810F4604F42D0840444D44104C7
:105DE0003CD4020442D4012133680E4601E0012173
:105DF0000E46042B89D0224C1E48216033044FF0FC
:105E0000C00E00214FF4806209262B60C5E9016EA7
:105E1000C5E90312F7F726F8174D686B10F0450F28
:105E2000FBD04307C2D410F00104BAD1124B154D78
:105E300040F2FF569E632046F7F738F828600420AA
:105E4000F7F734F868600820F7F730F8A8600C20FE
:105E5000F7F72CF82646E860304670BD102655E767
:105E6000010C33688EB2C4E713264FE70F264DE7C7
:105E70009C42022000430220002C01407C42022070
:105E8000A44202208C4202202DE9F041A54DA64BF0
:105E9000D5E90021140E1E680346E0B287091F7081
:105EA000C4F3830400F003000F0E5C703F01987090
:105EB000C2F30744C2F30720D2B2DC7018715A71E2
:105EC000DF80B3F80680994F83F85660080AC1F363
:105ED000074C0CF00F0248EA1C1EC4B2A3F806E0FF
:105EE0001A72E2095A72C0F380129A72C0F3401219
:105EF000DA72C0F300121A733F68A3F854700022DC
:105F0000012E5A73AA6840F2C980022E00F0A880C0
:105F1000600000F07E07C4F380145C76ED689F7625
:105F200093F81AC08249280ED2B24CEAD2178400E4
:105F300002F07F029F7604F00C04DA76C709C0F302
:105F40004112C0F382001F775A779877DC77DF7FA2
:105F50000E682C0C5FFA84F82A0A47EA981EC4F3EC
:105F6000401083F81FE008F0010783F82000C5F314
:105F70004608D4B2C6F30745002083F821004FEA53
:105F8000052C83F82270C2F38015E70983F823708B
:105F900083F82450C2F34017C2F3001583F825702C
:105FA00004F0030483F82650370E0125C2F3810262
:105FB00083F8272083F8284083F8298083F82A5023
:105FC00083F82C70A3F82EC0DA8D4C68C6F307272F
:105FD00017433606DF851E631A6B270E42EA074613
:105FE0001E631F6B260A06F47F463E431E63D1E9FB
:105FF00002211E6BC4F307273743160C1F635FFA99
:1060000084F8170E340683F8348083F835709C6367
:106010009E6B140204F47F0737439F639E6B12024A
:1060200094B234439C639F6B47EA11629A6393F87E
:106030003C400F0CC7F303163A02344302F4706776
:1060400083F83C40DF87DC8FC1F307262643C1F38A
:10605000460CDE8783F840C083F84150BDE8F081EC
:10606000090401F47C161E611C69100E44EA002725
:106070001F611E69C2F30741314319611C69002089
:10608000671C4041C6044FF4007446EA5738F904CF
:106090001C65C3E91218C2F3072439E7870207F425
:1060A000406018611C698E0006F47F7121431961FC
:1060B0001F69110C100E5FFA80FC4E0047EA9C1716
:1060C0000CF00704C1F3421EC0F3C20006F006063E
:1060D000C1F382011F6118755C7583F816E0D975EC
:1060E0001E761F7EC2F3072447EAD4101876D3F831
:1060F00010801E7E93F808E00121023601FA0EFCA2
:1061000001FA06F0C61708F10108A0FB0C010CFB10
:10611000061EA0FB086708FB0E77C3F850C0C3E952
:106120001267F5E68C4202209C420220A442022023
:106130007C42022070B582B000238DF80730F6F75C
:106140004FFEFFF76DFC8DF807009DF8070020B1AA
:106150009DF80740E0B202B070BDFFF7CDFD8DF8AD
:1061600007009DF8072002F0FF01002AF0D1364C0D
:10617000364D21752046C4E90011C4E902112161A0
:10618000F6F73CFE2846FFF77FFE8DF807009DF8E6
:10619000076006F0FF0016B39DF8075005F0FF0CEE
:1061A00035B19DF807309DF80740E0B202B070BDF0
:1061B000274E3068032845D0022831D80120FFF748
:1061C00019FA054668BB4FF400621F482575C4E9FB
:1061D0000055A560C4E90325F6F710FE21E01D4B2C
:1061E000B5F85420D86011044FF0070C4FF0400E62
:1061F0004FF4806518461960C3E901CE1D61F6F7BA
:1062000031FE154E706B10F0450FFBD0420712D4D3
:10621000C30709D5104A012090638DF80700BBE73A
:1062200065468DF80750BCE7F6F73AFE072807D118
:10623000FFF708F8F1E7084B042199630320ECE726
:106240001020EAE72725ECE730430220A84202208D
:106250009C42022000430220002C01402DE9F04125
:1062600084B000240126224623464FF400510194B5
:1062700000963248324DF8F7C9FA4FF4C060F0F793
:106280006FF9304B039303A8F0F774F940F23B1118
:1062900003A8ADF80C10F0F76DF92046F6F7CEFD27
:1062A0002046F6F7D1FDF6F79BFD6A6C264822F4EE
:1062B00000676F644FF4F851F8F764FD02224FF461
:1062C000F8512148F9F720F804212048F8F75AFD41
:1062D000022217464FF00C0804211C48F9F714F865
:1062E000334622464FF4F8511748CDE90078F8F7C5
:1062F00069FC3346224604211448CDE90078F8F7BA
:1063000061FC686C40F400646C642E6B46F480039E
:106310002B63FFF70FFF0E4D297850B901F0FE07F0
:106320002F70287800F0FB042C70287804B0BDE8AA
:10633000F08141F001022A70F3E700BF001C024027
:10634000003802403101000100080240000C024008
:106350003C06002038B51A4B196803291BD00229C6
:1063600016D8B0F5805F16D0B0F5006F054615D091
:106370000020FFF73FF9044658B9124A1046147539
:10638000C2E90044C2E902441461F6F737FD00E0B7
:106390000024204638BD2724204638BD0120FFF7C1
:1063A00029F904460028F4D1064B18461C75C3E9A8
:1063B0000044C3E902451C61F6F720FDE9E700BF90
:1063C0009C4202203043022038B5154B0021186052
:1063D0004FF48062184607254024C3E90154C3E9FD
:1063E0000312F6F73FFD0F48436B13F0450FFBD048
:1063F0005A070BD4DB0703D50A4D0120A86338BD2B
:10640000F6F74EFD072806D0102038BD054C0421B4
:10641000A163032038BDBDE83840FEF713BF00BFBD
:1064200000430220002C0140F8B53E4C3E4F3F4E49
:106430003F4D0021397031602960BDF81850E1628C
:10644000E76B47F44A7646F00201E1630746012014
:106450001C461646F6F7A0FD3846FEF7A1FF354B61
:106460001868022804D1720A42EAC4564FF4007533
:10647000314C40214FF0000C4FF4806E2046102725
:10648000C4E90057A160C4E903CEF6F7EBFC254848
:10649000436B13F0450FFBD058070BD4D90703D536
:1064A000204F0120B863F8BDF6F7FAFC102806D09B
:1064B0001020F8BD1B48042282630320F8BDFEF7BC
:1064C000C1FE07460028EED11C4B4FF0FF315D6046
:1064D0009022186119601846012102259A60DD603A
:1064E00059611125F6F7EEFC4FF0400C4FF4806334
:1064F00011482660E760C4E9015C2361F6F7B2FC4D
:10650000084E746B14F0450FFBD06207D2D4E3073A
:10651000C6D4F6F7C5FC1128CAD1BDE8F840FEF78D
:1065200091BE00BF002C0140604302205C4302206A
:10653000584302209C4202200043022018430220BC
:106540002DE9F041414D424C424F434EBDF8188079
:1065500000212970012539603560079EE162E76BF3
:1065600047F44A7C4CF00201E16317461C46FEF7F3
:1065700017FF2846F6F710FD384B1868022804BFAD
:106580007F0A47EAC457364C14BF45464FF400759E
:10659000402100224FF4806C20464FF01008C4E9DF
:1065A0000058A160C4E9032CF6F75CFC2848436B53
:1065B00013F0450FFBD058070DD4D90704D5244953
:1065C00001208863BDE8F081F6F76AFC102808D046
:1065D0001020BDE8F0811E48042282630320BDE83C
:1065E000F081FEF72FFE80460028EBD11D4B05FB06
:1065F00006F55D6018610221012218464FF0FF3652
:1066000090251E609D60D9605A611226F6F75AFCEB
:1066100040254FF4806312482760C4F80C80C4E919
:1066200001652361F6F71EFC094F7C6B14F0450FE2
:10663000FBD06207CFD4E307C1D4F6F731FC1228B0
:10664000C6D1BDE8F041FEF7FDBD00BF60430220AA
:10665000002C01405C430220584302209C4202204F
:1066600000430220184302202DE9F047474F484DD0
:10667000484C494E00210123397029602360474C62
:10668000BDF82050F1622168022916461CBFAAB24B
:10669000A6FB0267424F08BF4FF4007580461020EA
:1066A0000022C7E9005040244FF480693846BC609E
:1066B000C7E90329F6F7D6FB37494B6B13F0450FB3
:1066C000FBD0580711D4D90706D5334901258D636E
:1066D000A9464846BDE8F087F6F7E2FB10280CD043
:1066E0004FF010094846BDE8F0872B4E04274FF0C5
:1066F0000309B7634846BDE8F087FEF7A3FD82466D
:1067000081460028E5D10998264C05FB00F54FF09D
:10671000FF31656002230122204690252160A5609B
:10672000E3606261C4F810A04FF48065F6F7CAFB1D
:10673000122440211A483E60C7F80CA0C7E9014165
:106740003D61F6F78FFB144E776B17F0450FFBD0CA
:106750007A07CAD4FB07B8D4F6F7A2FB1228BFD138
:10676000FEF770FD81460028B3D10B48C36B43F49C
:106770004A7242F00204C4630120F6F70DFC404661
:10678000FEF70EFE4846BDE8F08700BF60430220DA
:106790005C43022058430220002C01409C4202200E
:1067A000004302201843022070B582B04FF0FF333F
:1067B0003A490193086800286ED1394A394C156866
:1067C0004DB10BE0019B4BB10198451E01950E6840
:1067D00026B9136813B92678002EF3D000204FF0A5
:1067E000FF35314A08600195516B890409D505E0F0
:1067F000019B581E0190556BAB0402D5019E002EE3
:10680000F6D12A4E3268012A0ED0019951B90420DE
:10681000254D40F2FF56AE6322780AB12478E0B2EB
:1068200002B070BD0020F3E7214B0C20586000221D
:106830004FF48061184640259D6019611A60DA6046
:10684000F6F710FB184B586B10F0450FFBD010F00B
:10685000040110D110F0010505D0134A0120906306
:106860003160019BD4E7F6F71BFB0C280BD0356099
:10687000019B1020CCE70C48002304218163336086
:10688000019B0320C4E7FEF7DDFC3560019E002E6E
:10689000BED10028BBD0BBE7024C9FE7A04202203C
:1068A0005C43022060430220002C01405843022038
:1068B00000430220224B93F800C05FEACC732AD435
:1068C00070B510F00303ADF5027D0C46054616D0F9
:1068D0008AB18E180122214602A81444FFF7EAFF6C
:1068E0004FF4007202A998B92846E9F7C3FCB442F4
:1068F00005F50075EED100200DF5027D70BD4FF459
:106900000071019200916202FFF71AFE28B1012086
:106910000DF5027D70BD03207047FFF745FF05466A
:10692000FFF724F8042805D0FF28F0D0FFF71EF861
:106930000428F9D1281C18BF01200DF5027D70BD77
:106940003C060020F8B53F4C3F4F404E404D0021E3
:10695000397031602960BDF81860E162E76B47F477
:106960004A7545F00201E16317461C46FEF7CCFC70
:106970000120F6F711FB374B1868022804D17A0A78
:1069800042EAC4574FF40076334C40214FF0000CDC
:106990004FF4806E20461025C4E90065A160C4E96B
:1069A00003CEF6F75FFA2748436B13F0450FFBD091
:1069B00058070DD4D90704D5224E0125B5632846C2
:1069C000F8BDF6F76DFA102808D010252846F8BD56
:1069D0001C480421032581632846F8BDFEF732FCDC
:1069E00005460028EBD12760E060402218254FF4CF
:1069F000806719482761C4E90152F6F733FA114C50
:106A0000616B11F0450FFBD04A07E1D4CB07D3D41B
:106A1000F6F746FA1828D8D1FEF714FC05460028E8
:106A2000CDD10E4B012218464FF0FF3790245E6007
:106A3000C3E903551F609C605A61F6F743FA284684
:106A4000F8BD00BF002C0140604302205C430220DF
:106A5000584302209C420220004302201843022097
:106A6000F8B5614D614C624F624E002129700125DD
:106A700039603560BDF81860E162E76B47F4467C29
:106A80004CF00201E16317461C46FEF73DFC284628
:106A9000F6F782FA584B1868022804D17A0A42EABB
:106AA000C4574FF40076554C40214FF0000E4FF480
:106AB000806C20461025C4E90065A160C4E903ECA0
:106AC000F6F7D0F94948436B13F0450FFBD0580750
:106AD0000DD4D90704D5454E0125B5632846F8BD28
:106AE000F6F7DEF9102808D010252846F8BD3F48F3
:106AF0000425856303252846F8BDFEF7A3FB05465C
:106B00000028EBD13E4AE06015683C482B04372151
:106B100040224FF4806523606160A2602561F6F732
:106B2000A1F93248436B13F0450FFBD05A07DED46E
:106B3000DD07D0D4F6F7B4F93728D5D1FEF782FBBC
:106B400005460028CAD117214022079DE0604FF476
:106B500080632A4825606160A2602361F6F782F9AC
:106B60002248416B11F0450FFBD04807BFD4C9073D
:106B7000B1D4F6F795F91728B6D1FEF763FB0546B1
:106B80000028ABD12760E0604FF0400E19254FF48C
:106B900080671A482761C4E9015EF6F763F9134C70
:106BA000636B13F0450FFBD05A07A0D4DB0792D4D8
:106BB000F6F776F9192897D1FEF744FB0546002829
:106BC0008CD1104F079A4FF0FF3406FB02F690214C
:106BD000012338467E60C7E903553C60B9607B619C
:106BE000F6F770F97AE700BF60430220002C0140FD
:106BF0005C430220584302209C42022000430220B2
:106C0000A4420220184302202DE9F843634F644E4A
:106C1000644C654DBDF8208000210123397031603E
:106C20002360624CE9622568614C022D16460CBF58
:106C30004FF400781FFA88F281464FF0100018BF19
:106C4000A6FB0267C4E9008000224FF48061402760
:106C50002046A760C4E90321F6F704F9524D6B6B97
:106C600013F0450FFBD05A070FD4DB0705D54E486C
:106C7000012585632846BDE8F883F6F711F9102849
:106C80000AD010252846BDE8F883474D0426AE6398
:106C900003252846BDE8F883FEF7D4FA0546002808
:106CA000E8D1444FE0603A684148150437214FF479
:106CB0008063402725606160A7602361F6F7D2F802
:106CC0003948426B12F0450FFBD05707DDD4D5078A
:106CD000CDD4F6F7E5F83728D3D1FEF7B3FA054659
:106CE0000028C7D14021099FE0604FF480633048FD
:106CF000276017256560A1602361F6F7B3F82A487D
:106D0000426B12F0450FFBD05007BED4D107AED472
:106D1000F6F7C6F81728B4D1FEF794FA054600280E
:106D2000A8D12660E0604FF48061192540262048F4
:106D30002161C4E90156F6F795F81B4C676B17F013
:106D4000450FFBD07A07A0D4FB0790D4F6F7A8F83C
:106D5000192896D1FEF776FA054600288AD1099BB4
:106D6000154A114F08FB03F0902150600124104692
:106D70004FF0FF369160C2E9035516605461F6F793
:106D8000A1F8FA6B42F44A7C4CF002032046FB6304
:106D9000F6F702F94846FEF7B7FA6BE760430220C0
:106DA0005C43022058430220002C01409C420220F8
:106DB00000430220A4420220184302203C49F8B5B7
:106DC0000B68002B72D13B483B4D02686AB92C78A6
:106DD0005CB94FF0FF3305E0076837B92A7822B96C
:106DE000013B02D00E68002EF6D00020334E086022
:106DF000716B11F4805025D04FF0FF3401E0002C6E
:106E000044D0776B17F4805004F1FF34F7D12C4F46
:106E10003A68012A1CD09CB1284F40F2FF52BA6355
:106E20002E780EB12D78E8B2F8BDF6F739F80C28B7
:106E300039D1FEF707FA3E60002CEDD10028EBD1E6
:106E40000420E9E71E4F3C68012CE5D14FF0FF34E8
:106E50001C4E0C20002340224FF4806170603046AD
:106E6000B26031613360F360F5F7FCFF1348466BA5
:106E700016F0450FFBD016F004020DD116F00106F6
:106E8000D3D00E4C0120A0633A60C5E70C4F3B689D
:106E9000012BDDD00420BFE70848042100238163D3
:106EA00003203B60B8E73E601020B5E7024D9CE749
:106EB000A04202205C43022060430220002C0140DB
:106EC000584302200043022070B5ADF5047D012334
:106ED00006460C4615468DF80F30F7F7F5FB08B956
:106EE0008DF80F009DF80F00012826D116F003033E
:106EF00016D08DB1254431464FF4007204A8E9F74D
:106F0000B9F92146012204A8FFF7DEFF06F5007655
:106F1000013478B9A542EED100200DF5047D70BD95
:106F20004FF400710195620230460091FFF798FD21
:106F300038B101200DF5047D70BD03200DF5047DF1
:106F400070BDFFF73BFF0646FEF710FD042802D098
:106F5000FF28F9D1EDE7301C18BF01200DF5047DA5
:106F600070BD00BF034B596B11F4405F14BF01208B
:106F700000207047002C014038B5154B00224FF41B
:106F8000806118460C254024C3E9015419611A6038
:106F9000DA60F5F767FF0F48436B13F0450FFBD03E
:106FA0005A070BD4DB0703D50A4D0120A86338BD6F
:106FB000F5F776FF0C2806D0102038BD054C0421CB
:106FC000A163032038BDBDE83840FEF73BB900BFE0
:106FD00000430220002C01402DE9F041734CD4F80D
:106FE00004C082B000241CF0007F01948DF803409F
:106FF00039D015466E4A8846516806462046CCB2BE
:107000001F4602346B4BB3FBF4F20192F5F74EFFCF
:10701000830100F19A8068480368022B28D02DD99B
:10702000664C664800234FF4806126274026236083
:10703000E360C4E901762161F5F714FF5C48456B14
:1070400015F0450F03D1456B15F0450FFBD06A07CE
:1070500073D4EB0733D5564C0123A3631946084676
:1070600002B0BDE8F0812521084602B0BDE8F081FC
:10707000760A6D0A46EAC85645EAC7554F4C4FF0A6
:10708000400E00214FF48062204620272660676072
:10709000C4E902E12261F5F7E5FE4548436B13F0D0
:1070A000450FFBD05F0748D4DE07D4D4F5F7F8FED0
:1070B00020284FD01021084602B0BDE8F081F5F736
:1070C000EFFE2628F6D1FEF7BDF801460028C6D10E
:1070D000019A22B10746019B0137BB42FBD80DF153
:1070E0000300FDF7FFFF00285DD19DF80380A8F1A4
:1070F0000606012E1FD80DF10300FDF7F3FF014630
:107100000028ACD19DF803E0AEF10600012898BF3D
:107110006FF002040FD80DF10300FDF7E3FF014605
:10712000002C9CD0013C002899D19DF803C0ACF103
:107130000605012DEFD9002191E71D4F03210422FF
:107140000846BA6302B0BDE8F0810E21084602B0DD
:10715000BDE8F081FEF776F80746014600287FF487
:107160007EAF4FF0210C4FF480614026134825601C
:10717000E760C4E901C62161F5F774FE0C4D6A6B46
:1071800012F0450FFBD05007D7D4D1073FF563AFBE
:10719000F5F786FE21288DD1FEF754F80146002828
:1071A0003FF43FAF5BE7014659E700BF8C42022046
:1071B000002C0140C0D401009C4202200043022068
:1071C00038B5002831D01D4A1D4B116805460D20E9
:1071D0000A044FF0000C4FF48061586040241846B8
:1071E0001A60C3E9024C1961F5F73CFE1548436B80
:1071F00013F0450FFBD05A071AD4DB0704D5114D05
:107200000124AC63204638BDF5F74AFE0D2802D0B4
:107210001024204638BDFEF715F804460028F1D1A9
:10722000F5F744FE2860204638BD2624204638BDA8
:107230000449042203248A63204638BDA442022064
:1072400000430220002C01402DE9F84306460020AF
:10725000F5F72CFE10F0007323D16D4C10214FF484
:10726000806220464025E360616022612560A56060
:10727000F5F7F8FD6748476B17F0450FFBD07A0725
:1072800013D4FF0705D56348012585632846BDE86B
:10729000F883F5F705FE10280ED010252846BDE826
:1072A000F8830E252846BDE8F8835A4904220325B1
:1072B0008A632846BDE8F883FDF7C4FF014605460A
:1072C0000028E3D1544B52481A68E160150440216C
:1072D0004FF4806337272560C4E901712361F5F716
:1072E000C1FD4C48426B12F0450FFBD05507DCD472
:1072F000D007C8D4F5F7D4FD3728CED1FDF7A2FFCB
:10730000074605460028C1D1444D4FF0FF384FF0E5
:107310004009C5E900894FF060084FF00209C5E94E
:1073200002894FF000084FF001092846C5E9048999
:10733000F5F7C8FD4FF00D0840214FF48063344845
:107340002760E760C4E901812361F5F78BFD314CCB
:10735000606B10F0450FFBD04107A6D4C20792D452
:10736000F5F79EFD0D2898D1FDF76CFF0546002826
:107370008CD1284F1C3640F22A68A6F11C0902E085
:10738000F5F71CFE50BB7A6B12EA080F4FF4004071
:10739000F6D00820F5F712FE50BB0220F5F70EFEDE
:1073A00050BB2020F5F70AFE48BB4FF40070F5F7FC
:1073B00005FE40BB064606E0731C0AD0F5F7A8FDA3
:1073C00049F8040B01364FF40010F5F7F7FD0028DB
:1073D000F2D1104F40F2FF51B96357E7A6F12009EF
:1073E000F5F796FD49F8040F4E45F9D12036C4E76C
:1073F0000824BC63042549E70225BD6346E7202332
:10740000BB63062542E74FF40075BD6307253DE7E2
:1074100000430220002C0140A44202201843022015
:1074200038B51E4D04462846FFF70EFF002833D11D
:107430002B78990921702A78C2F340136370A978D8
:107440000A0262806188EB780B4363802A79110617
:107450006160636895F805C043EA0C426260616848
:10746000AB7941EA032262606168EB790B436360A8
:107470002A7A2272697A6172AB7A1A09A272E97A5F
:107480000B02A381A289297B1143A1816D7BAA08EC
:1074900005F00303A273E37338BD00BF4843022025
:1074A00010B54FF48070F5F799FD90B1264C00218E
:1074B0004FF480702170F5F79BFD24480122026093
:1074C0002349CB6B23F4434020F03A02CA6320786F
:1074D00010BD0220F5F782FD30B102201A4CF5F7FD
:1074E00087FD02232370EBE70820F5F777FD50B9FD
:1074F0002020F5F773FD68B12020134CF5F778FDD7
:1075000006212170DCE708200F4CF5F771FD0422FD
:107510002270D5E71020F5F761FD30B94FF4007007
:10752000F5F75CFD40B9084CCAE71020064CF5F7AA
:107530005FFD05202070C3E74FF40070024CF5F7A3
:1075400057FD07232370BBE7604302205C43022002
:10755000002C0140064B186810F0C05F00D1704746
:10756000044B054801224FF0C2511A60F5F7E8B903
:1075700000640240A04202205864024001284FF0FB
:10758000000304D0400801330128DBB2FAD11846C9
:10759000704700BF2DE9F043402693B032460024E7
:1075A0000025002102A8CDE9004500F097FC684DB8
:1075B00068486949694A002303700B606846136094
:1075C000EB62FDF73BFF044618B9019F17F0407FBF
:1075D00003D1204613B0BDE8F083614F10214FF472
:1075E000806238463E60BE60FC6079603A61F5F7C3
:1075F00039FC6E6B16F0450FFBD0750707D4F0070A
:107600000AD4F5F74DFC10280DD01024E1E7504DB9
:107610000421A9630324DCE701244D4A2046946336
:1076200013B0BDE8F083FDF70DFE0646002840F0DC
:107630008B804C4D4FF0FF384FF04009C5E9008971
:107640004FF060084FF00209C5E902894FF00008C9
:107650004FF001092846C5E90489434DF5F732FC8E
:107660004FF006083E48FE6040214FF48063C7E9B2
:107670000058B9603B61F5F7F5FB3548476B17F0EB
:10768000450FFBD07907C2D4FA07C5D4F5F708FC3B
:107690000628BAD1FDF7D6FD002857D12C4E0DF1A2
:1076A000240840F22A67A8F11C0902E0F5F786FCDD
:1076B00078BB726B3A424FF40040F7D00820F5F7E0
:1076C0007DFC88BB0220F5F779FC88BB2020F5F70C
:1076D00075FC80BB4FF40070F5F770FC78BB064674
:1076E00006E0731C0AD0F5F713FC49F8040B0136C9
:1076F0004FF40010F5F762FC0028F2D1144D40F26F
:10770000FF51A9639DF815C01CF0020F08BF272484
:107710005FE7A8F12009F5F7FBFB49F8040FC14525
:10772000F9D108F12008BEE70820B063042450E72F
:107730000224B4634DE72023B363062449E74FF4E2
:107740000074B463072444E7044642E7044640E774
:10775000002C0140604302205C4302205843022079
:10776000004302201843022001FFFF8038B50020AB
:10777000F5F764FB0020F5F767FBF5F731FB0E4AE0
:107780000E4D536C0E4C23F4006050644FF4F851CE
:107790002846F7F7F7FA284602224FF4F851F7F790
:1077A000B3FD20460421F7F7EDFA2046022204211A
:1077B000BDE83840F7F7A8BD003802400008024095
:1077C000000C024030B5022483B00C25CDE9004501
:1077D000012300224FF4F8510A48F7F7F3F9CDE9F5
:1077E00000450123002204210748F7F7EBF9074B76
:1077F0005A6C42F400605864196B41F480041C63B5
:1078000003B030BD00080240000C024000380240C6
:1078100070B5234C90B005464FF0FA512046F5F76D
:107820008FF820460021F5F721F82046F4F74AFFAB
:1078300019A3D3E900234021CDE9002303910023BC
:107840004FF480624FF440312046029505930125A4
:10785000CDE908330D9306924FF4001304220A91E8
:107860004FF4805669460E930B9204950C9507963B
:10787000F4F7BEFF2A4620461021F5F779F8204696
:107880002021F5F707F829462046F4F7EFFF10B05E
:1078900070BD00BFAFF3008000000008802C0140E5
:1078A0005864024000000000F0B5254C91B0054638
:1078B00021A7D7E9006720464FF0FA51F5F740F8C5
:1078C00020460021F4F7D2FF2046F4F7FBFE002308
:1078D000CDE900674FF480624FF480574FF4804148
:1078E0004FF4000C2046029503930125059309935C
:1078F00006920423079708914FF4001269464FF44B
:1079000040360327CDE90DC20B9304950A960C97D8
:10791000F4F76EFF2A4620461021F5F729F8204695
:107920002021F4F7B7FF29462046F4F79FFF11B056
:10793000F0BD00BFAFF3008000000008802C0140C4
:1079400058640240002101F055BB00BF024B0146C4
:10795000186800F00BB800BF500A0020024B014627
:10796000186804F037B900BF500A00202DE9F04F25
:1079700001F10B05162D83B0064623D8102900F21D
:10798000B98000F0FBFA102518230220BA4F3B44BF
:10799000A3F108025C68944200F0B980636823F0A8
:1079A00003032344D4E902515A68E96042F001021A
:1079B00030468D605A6000F0E7FA0834204603B084
:1079C000BDE8F08F35F0070500F19480A94200F280
:1079D000918000F0D3FAB5F5FC7FC0F0A2816B0A6C
:1079E00000F08F80042B00F27881AB0903F139009D
:1079F00003F1380CC300A04F3B44A3F108015C68BD
:107A0000A14206D10CE0002A80F22781E468A1425D
:107A100006D0636823F003035A1B0F2AF3DD604688
:107A20003C69DFF868C264457CD0636823F00303D7
:107A30005A1B0F2A00F38381002AC7E904CC80F285
:107A40007481B3F5007F80F02581DB08591C7A68CA
:107A500057F83180C4F808804FF0010E9B100EFAE1
:107A600003F307EBC10E1343AEF10802E2607B6043
:107A700047F83140C8F80C408210012494409C42E1
:107A800056D81C4206D120F0030064001C4200F1CD
:107A90000400FAD007EBC009CE468046DEF80C3071
:107AA0009E4507D125E1002A80F22C81DB689E45A6
:107AB00000F01F81596821F003014A1B0F2AF2DDF3
:107AC000D3E9028E5C1945F001055D6042F00105C5
:107AD000C8F80CE03046CEF80880C7E90444C4E991
:107AE00002CC65605A50009300F04EFA009B03F1FF
:107AF000080402E00C2333600024204603B0BDE8F4
:107B0000F08F4FF4007340204FF03F0C73E7DC68B8
:107B1000A34208BF02307FF441AF3C69DFF86CC17B
:107B2000644582D17B688210012494409C42A8D98C
:107B3000BC68636823F00308A84503D3A8EB0503DA
:107B40000F2B7ADCDFF848914C4BD9F800201B68EA
:107B500001322B4404EB080A00F03C8103F580530A
:107B60000F3323F47F6B2BF00F0B5946304600F098
:107B700011FA411C024600F0FC80824500F2F780B9
:107B80003F4B186858441860014600F05781D9F8F7
:107B90000000019301301BBFA2EB0A0A5144C9F84F
:107BA0000020196012F0070A00F02081CAF10801D4
:107BB0000A44CAF5805193440831A1EB0B01C1F38B
:107BC0000B0949463046009200F0E4F9421CDDE919
:107BD000002300F05881801A00EB090B1868BA6086
:107BE0004BF001014844BC425160186000F0328102
:107BF000B8F10F0F40F230816168A8F10C0C2CF045
:107C0000070C01F0010104EB0C0E41EA0C014FF0EE
:107C10000508BCF10F0F6160CEE9018800F23B81DD
:107C200051681446174B1A68824238BF1860164BC9
:107C30001A68824238BF18609DE0621943F0010360
:107C400045F0010565603046BA60536000F09CF96C
:107C50000834204603B0BDE8F08F2344E1685A6839
:107C6000A56842F00102E96030468D605A6000F07C
:107C70008BF9083441E700BF4006002094430220FE
:107C8000644302208C4302209043022048060020D7
:107C9000480A00205A0A042A63D9142A00F2B7803D
:107CA00002F15C01C9005B3207EB010E7958AEF1BD
:107CB000080E8E4500F091804A6822F003029A4235
:107CC00002D989688E45F7D1D1F80CE07B68C4E908
:107CD000021ECEF80840CC60CEE6142B59D9542BA6
:107CE00000F29D802B0B03F16F0003F16E0CC300BB
:107CF00081E608F1010818F0030F0EF1080E7FF479
:107D0000CDAE51E019441C464A68DB6854F8085F60
:107D100042F001024A603046EB609D6000F034F9A9
:107D2000EBE6E80805F1080330E6234430465A68DC
:107D300042F001025A60083400F026F9DDE66119CC
:107D400045F0010E42F00105C4F804E03046C7E9F1
:107D50000411C1E902CC4D60E25000F015F908347D
:107D6000CBE69A0902F13901C90038329CE7BC42DE
:107D70005FD0BC68616821F0030BAB45ABEB05033A
:107D800002D30F2B3FF759AF304600F0FDF8002427
:107D9000B3E603F15C0003F15B0CC3002BE659F87A
:107DA00008394B4540F0968010F0030F00F1FF308A
:107DB000F5D17B6823EA04037B6064009C423FF6B4
:107DC000B7AE1CB9B4E6640008F104081C42FAD04E
:107DD00040465FE603F1100BC7E67B6892104FF058
:107DE000010808FA02F213437B6070E702EB0B0014
:107DF0004042C0F30B0949463046009200F0CAF8F1
:107E0000431CDDE900237FF4E6AED146E6E6542AC2
:107E100025D81A0B02F16F01C9006E3244E7B3F5A1
:107E2000AA7F25D8EB0B03F1780003F1770CC30090
:107E3000E1E5294B196859441960A8E6CAF30B0C0F
:107E4000BCF1000F7FF4A3AEC344BC684BF001014A
:107E50006160E7E61446E5E60123536094E7B2F576
:107E6000AA7F23D8DA0B02F17801C90077321BE729
:107E700040F25452934223D8AB0C03F17D0003F13E
:107E80007C0CC300B7E5AAF1080AD344ABEB020BA4
:107E90004FF00009A2E604F108013046009303F018
:107EA00099FEBC68009B61681868BBE640F25451BB
:107EB0008A420BD89A0C02F17D01C9007C32F3E6AC
:107EC0004FF47E737F204FF07E0C94E54FF47E716B
:107ED0007E22E9E67B6870E764430220F0B48607FF
:107EE00046D0541E002A3CD0CAB2034602E014F128
:107EF000FF3436D303F8012B9D07F8D1032C29D981
:107F0000CDB245EA05250F2C45EA054533D9A4F144
:107F10001006360903F1200707EB061703F11002DC
:107F200042E9045542E902551032BA42F8D1721CB6
:107F300014F00C0F03EB021204F00F0613D0331FE2
:107F400023F003030433134442F8045B9342FBD150
:107F500006F003042CB1C9B21C4403F8011B9C4277
:107F6000FBD1F0BC704734461346002CF3D1F8E740
:107F700014460346C2E71A462646E0E7014804F0E5
:107F800035BB00BFB0430220014804F037BB00BF3F
:107F9000B043022038B5074C00230546084623604D
:107FA00006F0A4F9431C00D038BD2368002BFBD099
:107FB0002B6038BDC44302200CB470B59CB020AC1B
:107FC0000B4E54F8042B0291234606916FF00045A6
:107FD00002A901940795CDE9045601F0D1F8029B5E
:107FE00000221A701CB0BDE8704002B0704700BF9C
:107FF0000802FFFF0EB430B59CB01FAB0C4C0D4D0A
:1080000053F8042B0193014602910691206802A9BE
:108010006FF000440794CDE9044501F0B1F8029BEC
:1080200000221A701CB0BDE8304003B0704700BF9A
:10803000500A00200802FFFF70B504460D4645ECCB
:10804000104B164604F0F2FD51EC100B7EB1C5F357
:108050000A53C3F16B03002B09DD1B0503F17F55A8
:10806000002405F5401522462B46E8F723FD70BD98
:108070002DE9F04F734CA3B02468079488468146DD
:10808000002120461D4600240023CDE90434069239
:108090001E91E9F7B9FDCDF87480834643469A46B0
:1080A00013F8014B2D2C00F2B280DFE804F01EB073
:1080B000B0B0B0B0B0B0B0AEAEAEAEAEB0B0B0B0CA
:1080C000B0B0B0B0B0B0B0B0B0B0B0B0B0B0AEB0B2
:1080D000B0B0B0B0B0B0B0B0B0ABB02C002D40F08C
:1080E000B6800B9B034340F0B180069B13B1069B07
:1080F000C3F800804FF0000A4FF0000B4BEC10ABC0
:1081000023B0BDE8F08F01230A930AF101031D9308
:108110009AF80140002CE8D0302C9A467BD00023FE
:108120000B93A4F13003DAB2092A00F2A1840026ED
:1081300037463546504601301D90082D047807EB30
:108140008702CABF06EB860603EB420703EB46062F
:10815000A4F13003DAB2092A05F10105EBD9079938
:108160005A4604F07FFF002800F02C810020652C87
:1081700008908446AB466AD0452CAFD000230C93C0
:10818000002D00F0B0803846E8F71AFC0C9B089AE6
:10819000BBF1000F08BFAB46102DA3EB02032C462A
:1081A000A8BF1024092DCDE904010B9313DD264B44
:1081B00003EBC40353E91223E8F77CFCCDE9040187
:1081C0003046E8F7FDFB02460B46DDE90401E8F71F
:1081D000BBFACDE904010F2D00F307810B9B002BA7
:1081E00000F08E840B9B40F38A83162B40F38C8522
:1081F0000B9AC5F12503934280F29F850B9B2C1BA4
:108200001C44F8E000230A937FE71D9347E700230F
:10821000302C0A9383D19AF80130582B00F07384E4
:10822000782B18BF534600F06E8401331D931C78E1
:10823000302CFAD09A46002C00F0B08001230B932A
:108240006FE700BFE06F0408287004080025DDF820
:10825000748008F101031D9398F801402B2C00F065
:10826000E2822D2C00F074824FF0000EA4F1300356
:10827000092B00F27582302C05D11D9B01331D9313
:108280001C78302CFAD0A4F13103082B3FF676AFDE
:108290001D9907914A1C1D92A4F130034C78A4F15A
:1082A0003001092900F2868401321D9203EB830319
:1082B00004EB43031478A4F130010929A3F130033E
:1082C000F2D90799521A082A40F3748444F61F63BE
:1082D0000C93BEF1000F3FF453AF0C9B5B420C9329
:1082E000002D7FF450AF0B9B034357D1BCF1000F1F
:1082F0007FF4FBAE493C252C3FF6F7AE01A353F8C3
:1083000024F000BF47890308EB800308EB800308D3
:10831000EB800308EB80030823890308EB80030844
:10832000EB800308EB800308EB800308EB80030875
:10833000EB800308EB800308EB800308EB80030865
:10834000EB800308EB800308EB800308EB80030855
:10835000EB800308EB800308EB800308EB80030845
:10836000EB800308EB800308EB800308EB80030835
:10837000EB800308EB800308EB800308EB80030825
:10838000EB80030847890308EB800308EB800308B0
:10839000EB800308EB800308238903084FF0000AF1
:1083A0004FF0000B069A0AB11D9B13600A9B002B2D
:1083B0003FF4A4AE0BF100439B464BEC10AB23B053
:1083C000BDE8F08F1D9B089003EB0B021D9213F884
:1083D0000B40AB46A4F13002092A40F2BC83652C65
:1083E0004FF0010C7FF4C8AE31E70B9B2C1B1C44F3
:1083F000002C40F3E98214F00F030AD0BA4901EBD4
:10840000C301D1E90001DDE90423E8F753FBCDE91D
:10841000040134F00F0440F05B82002307930097BF
:108420002B465A465146484604F080F913900028DE
:1084300000F014840C9A089B9B1A0B9A0021002AC6
:10844000A8BF0B460E9322EAE2730F4612938B46A7
:10845000139C4846616804F0F3F88046002800F059
:10846000588122699DED047B0232920004F10C01D7
:108470000C308DED087BE7F7FDFE9DED080B20AA83
:108480001FA9484604F056FC1E90002800F01A81EF
:108490000121484604F0E6F90746002800F039813A
:1084A0001F9B002BC0F212810E9A129D9E180799F5
:1084B000209C8E4A5B1A2344013B9342C4F136044C
:1084C00080F2C580D21A1F2AA4EB020400F338817F
:1084D000012393400C93002310932544079B3444BD
:1084E000A6421D443346A8BF2346AB42A8BF2B4635
:1084F000002B02DDE41AED1AF61A0E9B002B00F396
:10850000BF80002C00F3D5800B9B002B00F3F8807C
:10851000002D00F30B81002E08DD39463246484617
:1085200004F092FA0746002800F0F38042461E99B4
:10853000484604F0FFFA8346002800F0EA80002352
:10854000C268C36039460F9204F0D8FA0028C0F21E
:108550007084059E00F008843946584604F04AFCB1
:1085600055EC104B00224FF0804310EE100A2946C4
:10857000E8F71CFD00286FD00F9B002B00F0FA805D
:108580009FED557B5A4C0023CDE90C348DED107BCB
:10859000584D594B06EA05049C4200F01081079B98
:1085A00053B3B4F1D46F27D8DDE910564CA3D3E907
:1085B000002328463146E8F7F9FCC0B12846314689
:1085C000E8F750FD002800F00283E8F7F9F9CDE95B
:1085D00010010F9B002B40F0F582DDE9101202F133
:1085E000004316911793DDE91623CDE90C230D9B6B
:1085F00003F1D6631B1B0D939DED080BDDE90C56B3
:1086000004F014FB284653EC102B3146E8F752FADD
:10861000DDE90823E8F798F8CDE904010D46079B4A
:1086200023B9344B2B409C4200F000811E994846F0
:1086300004F02CF84146484604F028F839464846EC
:1086400004F024F85946484604F020F800E70023D7
:10865000109301230C9340E7284B20462946002223
:10866000E8F728FA0F9BCDE91001002B7DD101F12D
:10867000004314901593DDE91434CDE90C3487E7F9
:1086800039461A46484604F08FF90746002840D07C
:1086900001461E9A484604F0EFF8002839D00F90A2
:1086A0001E99484603F0F2FF0F9B1E93002C7FF7A4
:1086B0002BAF22461E99484604F0C6F91E900028AA
:1086C0007FF422AFCDF82CB0044625E0129A0E9E1E
:1086D000D51AECE6AFF30080000000000000F03F88
:1086E0000000C0FFFFFFDF412870040802FCFFFF0D
:1086F0000000F03F0000F07F0000E07F0000E03F5E
:108700004146129A484604F04FF9804600287FF40B
:10871000FFAECDF82CB01E9C9F4B05930022222368
:108720000492DDE904ABC9F80030A9E041462A46CD
:10873000484604F089F9804600287FF4ECAEE8E76B
:10874000964AD31A012202FA03F310930C92C4E65C
:108750004FF0010E08F102031D9398F8024085E5E1
:108760000023CDF874800C930AE59DED107B8DED10
:10877000147B80E7049B002B40F09780C6F3130323
:10878000002B40F098800022854B20462946E8F7D0
:1087900003FC002840F0C8820022824B2046294674
:1087A000E8F788F90A460146CDE9101202F10043C4
:1087B0001A901B93DDE91A34CDE90C34E8E6A6F1F2
:1087C000547305939DED047BDDE90C01B0EE470A7F
:1087D000F0EE670ACDE90C0104F028FADDE90C019E
:1087E00053EC102BE8F766F9DDE90423E7F7ACFF5B
:1087F00005EA010C0B46CDE90401DDE908016A4AEE
:1088000005460E469445CDE918565DD9674B994209
:1088100003D1B0F1FF3F3FF47CAF64494FF0FF3329
:10882000CDE9043102E74FF0000E93E7DDE91001D6
:10883000E8F750FCE8F710F902460B46DDE91001B5
:10884000E7F780FF0F9B049AC5F3130513432B43EF
:10885000CDE908014AD048A3D3E90023E8F79CFBFF
:1088600048B9DDE9080146A3D3E90023E8F7B2FBE4
:1088700000283FF4DBAECDF82CB0DDE904AB1E9C44
:108880002146484603F002FF4146484603F0FEFEFB
:108890003946484603F0FAFE1399484603F0F6FEBF
:1088A0000B99484603F0F2FE7CE5049B012B02D1B4
:1088B000002E00F04F839FED347B3D4C0023CDE92B
:1088C0000C348DED107B63E603F154750595A6E637
:1088D000B4F59A7F40F380812F4B05930022222329
:1088E0000492DDE904ABC9F800305BE528A3D3E9C5
:1088F0000023E8F751FB00283FF498AEBBE716339E
:10890000FFF673AD0C99089A2A4B521A03EBC20377
:10891000DDE90401D3E90023E8F7F6F982468B4646
:1089200040E51DA8244903F037FD00283FF4DDABE6
:108930001D9B1B78282B00F0A882204804F084FBA4
:108940005BEC10AB2EE51DA81D4903F025FD0028AA
:108950003FF4CBAB1D9B1B49013B1DA81D9303F0AE
:108960001BFD10B91D9B01331D930B4B0593DDE9D6
:1089700004AB17E5AFF300809535A094FFFFDF3F10
:1089800035E5AF350000E03F000000000000F03F9B
:108990009535A094FFFFCF3F0000F07FE2FBFFFF83
:1089A0000000F03F0000E03FFFFF9F7CFFFFEF7FF4
:1089B0000000F0BF28700408106E040874E9030872
:1089C000046E0408086E04083FF427AD644214F0F6
:1089D0000F020AD0B84B03EBC203DDE90401D3E96F
:1089E0000023E8F791F9CDE9040124113FF415AD16
:1089F0001F2C35DC14F01003DDE9040118BF6A23D5
:108A0000AE4E07930023E20704D5D6E90023E8F72A
:108A100051F80123641006F10806F4D10BB1CDE939
:108A20000401079B9BB1DDE90412C2F30A53C3F1B1
:108A30006B03002B11460ADD1F2B40F378820022C6
:108A4000342B049240F37E824FF05C730593002236
:108A50000023DDE90401E8F795FA00283FF4DFACD4
:108A60002223C9F800304FF0000A4FF0000B99E4C0
:108A700007995A46504604F0F5FA0890002840F04D
:108A800080821D9A02EB0B031D9312F80B40302CD1
:108A900008BFC3F1010240F0EC80981801331D9328
:108AA0001C78302CF9D0A4F13103082B18D8DDF84C
:108AB00074A0A4F130030027079300F1010E54467F
:108AC0003E460125079BDDF820B0CDF820E007EBFE
:108AD000870703EB47070020631C1D93647879E444
:108AE000652C30D0452C2ED04FF0010CFFF7FBBB8E
:108AF000734B0593240742BF059B43F00043059346
:108B0000DDE904AB4EE40A9A02951EABCDE90032D2
:108B10001DA91FAB6B4A484603F0A2F910F00705E8
:108B200004463FF43BAC062D40F0A580069A0AF1BE
:108B30000103002A3FF4DEAA13604FF0000A4FF051
:108B4000000BFFF7DBBA4FF0000B5E465F464FF0BD
:108B5000010CFFF7C6BA013007921D9C002ABBD05A
:108B6000089B012803449E4605F1010100F006829E
:108B7000284400F1FF3C03E04F0063451D460BD045
:108B8000082D05F1010307EB8701F5DD102BDCBF94
:108B900006EB86067600F0E70546082B40F3C18019
:108BA000102DDCBF06EB860602EB4606CDF820E072
:108BB000002091E744F61F629342A8BF13460C932E
:108BC000FFF787BB9DED107B8DED167B0BE59FEDD1
:108BD000387B8DED107BFCE42411012C3A4B40F3E3
:108BE0006881DDE904011E4607930023984614F0CE
:108BF000010F08F101084FEA640404D0D6E900230C
:108C0000E7F758FF0123012C06F10806EFD10BB15D
:108C1000CDE90401059B2A4C2C4EA3F15473059316
:108C2000079B03EBC808D8E90001DDE90423E7F757
:108C300041FF01EA0403B3420A46CDE9040100F210
:108C4000D68023498B4240F2CB80224B05930023F0
:108C500007934FF0FF330493FFF7E1BB184B0593E5
:108C6000139B04932223DDE904ABC9F80030FFF71E
:108C700099BB089817E71E9A3AB1352120A804F04D
:108C800009F948461E9903F001FD013D042D3FF608
:108C900031AF01A353F825F0D98C0308FF8C0308EA
:108CA000F18A0308F18C0308D98C0308AFF3008024
:108CB000000000000000F03F28700408406E040827
:108CC0000000F07F146E0408007004080000A07C0F
:108CD0000000907CFFFFEF7FDDE920131F9A0491D5
:108CE00002F2334223F4801343EA0253059301E76F
:108CF0004FF0FF336FF00045CDE90435FAE6209BD5
:108D00000493219B0593F5E6AB4901EBC301D1E93F
:108D10000001DDE90423E7F7CDFE82468B46FFF72D
:108D200041BBCDF820B0CDE69FED9F7B8DED1A7B4A
:108D30009FED9F7B8DED107B3CE59F4CC5F10F05B2
:108D400004EBC501DDE90423D1E90001E7F7B2FE38
:108D50000B9B5D1B04EBC504D4E90023E7F7AAFED7
:108D600082468B46FFF71EBB0F99CDF82CB0934A75
:108D7000DDE908ABC6F31303002942D0934200F0AB
:108D8000B680109B002B7BD0334210D00F9B079AEC
:108D9000DDE90401002B00F09080FFF74DF9024659
:108DA0000B4650465946E7F7CFFC82468B46079B59
:108DB0001E9C002B3FF464AD814A0023CDE918329C
:108DC0005046DDE918235946E7F774FE03460B4386
:108DD00008BF222382468B4608BFC9F800304FE502
:108DE00002F15473059300230793FFF718BB002388
:108DF000049305942223DDE904ABC9F80030FFF7A2
:108E0000D1BA049A1343BCD1079B002B40F0A58034
:108E10006C4B32461A401346A3F580136FEA135386
:108E20006FEA035305934FF0FF330493DDE904AB7E
:108E3000BDE7DDE904450F9BCDF82CB023435A462E
:108E4000DDE908ABB3D1C5F313032E46002BAED139
:108E500025F000431B0D1B05B3F1D66FA7D953694D
:108E600013B91369012BA2DD0B990122484603F0C7
:108E7000EBFD39460B9003F041FE002897DDC3E778
:108E80000C9B049A134292D080E71DA820AA4E4959
:108E900003F09AFA05287FF450AD219B43F0FF437D
:108EA00043F4E0030593209B0493DDE904ABFFF753
:108EB00079BA07934FF00008ACE6FFF7BDF8024619
:108EC0000B4650465946E7F73DFC002200238246F8
:108ED0008B46E8F757F800283FF469AF2223C9F81A
:108EE00000301E9C4FF0000A4FF0000BC8E4079BB7
:108EF000049923B3334B3340B3F1D46F1FD81B0D08
:108F0000C3F16B034FF0FF3202FA03F399427FF48F
:108F100038AF2E4B9E422DD02A4B32461A4002F5D6
:108F20008013059300230493DDE904AB3FE74FF082
:108F3000FF3202FA03F3049A1A40049287E54FF0D5
:108F4000FF33E3E7203B4FF0FF3202FA03F30B401D
:108F500005937CE5CDF82CB0C0E71A4B32461A4099
:108F6000B2F1D66F13463FF757AFB2F15C7FB5DD74
:108F70001E9C21E70131CFD1FFF7CDBB2B460D461B
:108F80000BE64FF0000B652C5E465F465846CDF869
:108F900020B003D05D46DC46FFF7EEB8DC46FFF7B5
:108FA000A0B800BFAFF30080000000000000E0BFE9
:108FB000000000000000E03F28700408FFFF0F00E1
:108FC000000050390000F07F286E0408FFFFEF7F9B
:108FD000014BFFF74DB800BF840E002010B4044CC5
:108FE00013460A46014620685DF8044BFFF740B877
:108FF000500A002010B4044C044B0A460146206875
:109000005DF8044BFFF734B8500A0020840E0020AE
:109010002DE9F041DFF8A88013462DED028B0A46BA
:109020000146D8F80000FFF723F855EC104B10EE7E
:10903000102A2B4610EE100A2946E7F7D5FF50BB41
:1090400020462946E7F7C6F808EE100ADFED197A40
:10905000B0EEC87AB4EE677AF1EE10FA15DD25F0BD
:109060000047204639464FF0FF32134BE7F7BCFF6D
:1090700038B9204639464FF0FF320F4BE7F796FFDD
:1090800018B1D8F8003022221A60B0EE480ABDECC0
:10909000028BBDE8F081002D084804DA03F0DCFF04
:1090A000B1EE408AF1E7BDEC028BBDE8F04103F080
:1090B000D3BF00BFFFFF7F7FFFFFEF7F74E903088F
:1090C000500A00202DE9F041DFF8AC80264B0A461B
:1090D0002DED028B0146D8F80000FEF7C9FF55ECD4
:1090E000104B10EE102A2B4610EE100A2946E7F717
:1090F0007BFF50BB20462946E7F76CF808EE100AC4
:10910000DFED1A7AB0EEC87AB4EE677AF1EE10FAB3
:1091100015DD25F00047204639464FF0FF32144B4D
:10912000E7F762FF38B9204639464FF0FF32104B5F
:10913000E7F73CFF18B1D8F8003022221A60B0EEF1
:10914000480ABDEC028BBDE8F081002D094804DA25
:1091500003F082FFB1EE408AF1E7BDEC028BBDE87F
:10916000F04103F079BF00BF840E0020FFFF7F7F36
:10917000FFFFEF7F74E90308500A002000000000A1
:109180002DE9F04FD5B00C46079193460993069010
:1091900003F01AFA036815931846E8F735FDA3891A
:1091A00013901D0603D52369002B01F018800023BE
:1091B0005E469FED917B1293CDE92933149316936C
:1091C000CDE91833179304932BAB28939946337842
:1091D0008DED107B002B00F07781252B00F0C486ED
:1091E000354603E0252B00F0968025466B786C1CF5
:1091F000002BF7D1A71B00F06781DDE9293201338D
:109200003A44072BC9F80060C9F80470CDE9293247
:1092100000F3848009F10809049A6B783A440492B7
:10922000002B00F05181002394F8018005938DF804
:109230008330029304F1010B4FF0FF3A2B272021DA
:109240000BF1010BA8F120035A2B00F26C83DFE82D
:1092500013F04B036A036A0344036A036A036A0355
:1092600021036A036A03150210026A03CB00F601A8
:109270006A03EF01A800A800A800A800A800A800A1
:10928000A800A800A8006A036A036A036A036A03C5
:109290006A036A03DF026A0323029601DF02DF0228
:1092A000DF026A036A036A036A038F016A036A03BF
:1092B0007E016A036A036A0352016A03CA016A03F0
:1092C0006A03B7006A036A036A036A036A036A03EC
:1092D0006A036A03DF026A032302D901DF02DF02A5
:1092E000DF02BF01D9015B006A0347016A031E0167
:1092F0000C01DB005B006A0352015F0055036A0347
:109300006A0389006A035F00029B43F02003029313
:109310009BF8008094E7A71B85D06EE728AADDE9BB
:10932000060103F02BFF80B90DF1AC0974E728AA00
:10933000DDE9060103F022FF002800F02182089BEE
:109340001BB10899069802F045FC079B9B8913F016
:10935000400F049B18BF4FF0FF330493049855B09F
:10936000BDE8F08F264B1493029B99062DD5099CDE
:10937000073424F00703F3E802450993029AD6075D
:109380000AD554EA050307D0302342F002028DF8D3
:10939000858002928DF88430029B23F4806702233B
:1093A00044E0A8F1300300221BF8018B02EB82029B
:1093B00003EB4202A8F13003092BF5D9059241E7EE
:1093C000104B1493029B9906D1D4099B53F8044B7C
:1093D0000993029BDA0600F1EF85029B5B0640F1E0
:1093E000E785A4B20025C9E79BF80080029B43F003
:1093F0000403029324E700BF000000000000000007
:10940000786E04088C6E0408099C47F6300254F804
:10941000043BADF88420029A09941C469D4B14939A
:1094200042F00207002502234FF0780800228DF851
:109430008320BAF1FF3F00F09B8227F08002029266
:1094400054EA050240F09382BAF1000F40F0908494
:10945000002B40F0B88017F0010700F0A7853023FB
:109460008DF84F310DF24F1674E2029FBE0674D490
:10947000029B099ADD0652F8044B01F19983029F81
:10948000780641F170800992A4B200256CE002993F
:10949000099A8C0602F1040300F19185029AD00624
:1094A00000F1EE87029A510601F1A680029A920518
:1094B00040F1E687099A09931268049B13705E468F
:1094C0003378002B7FF489AE2A9B002B3FF43DAF0D
:1094D000079C069828AA214603F050FEA38936E788
:1094E0009BF80080029BB8F16C0F00F0638643F09C
:1094F00010030293A4E6099C54F8046B00258DF830
:109500008350002E00F07A86BAF1FF3F00F0F98711
:10951000524629463046E6F74BFF0890002801F0F6
:109520005081089BAA469F1BCDE90EAA27EAE77344
:109530009DF8832009940393CDF820A0CDF830A0A6
:10954000002A00F0BB80039B01330393B6E0029B2B
:1095500043F010079B0640F11786099C073424F05E
:109560000703F3E80245099327F4806700235DE7CA
:10957000029B9BF8008043F00803029360E6029B85
:109580009C0643F0100740F1F185099C073424F054
:1095900007031946F1E80223099114461D46002AE3
:1095A00073F10003C0F2D784BAF1FF3F00F0C78126
:1095B00027F08003029354EA050340F0BF81BAF11B
:1095C000000F41F03F804FF0000A574654AEC1E112
:1095D0009BF80080029BB8F1680F00F0E28543F031
:1095E000400302932CE6029B9A0643F0100740F1D9
:1095F000F184099C073424F00703F3E8024509933A
:10960000012313E7029FB806BFD4099B1A1D029BD2
:10961000D90601F1D082029F3B465B0640F1968756
:10962000099B0992B3F90040E51722462B46B6E79D
:10963000029B9BF8008043F08003029300E65A46A9
:1096400012F8018BB8F12A0F01F08E82A8F13003D5
:10965000092B93464FF0000A3FF6F4AD1BF8018B3F
:109660000AEB8A0A03EB4A0AA8F13003092BF5D961
:10967000E8E58DF883709BF80080E1E5099B9BF895
:10968000008053F8042B0592002AC0F285850993C7
:10969000D6E500BF786E0408099C002354F8042B1B
:1096A0008DF8EC2001271A4603970994CDE90E2284
:1096B0008DF88330089292460C923BAE029B13F0D9
:1096C00002030A9302D0039B02330393029B2A9C5A
:1096D00013F084030B9304D1059B03995D1A002DAD
:1096E0005ADC72B1299A013201340DF18300012153
:1096F000072ACDE92924C9E9000100F3E98209F12B
:1097000008090A9B6BB1299B0133023421A902226B
:10971000072BCDE92934C9E9001200F3E58209F1EC
:1097200008090B9B802B00F0F881AAEB0705002DA0
:1097300000F33682029BDA0500F18581299BC9F886
:10974000006001333C44072B2A94C9F80470299324
:1097500000F3B28209F10809029B590705D5059B60
:10976000039A9D1A002D00F3CB82DDE904320399A0
:109770008A42ACBF9B185B180493002C7FF4D7ADD2
:1097800000232993089B1BB10899069802F022FA3E
:109790000DF1AC095E4693E6102D299A29DD20468D
:1097A00049461023B1461E97069C079E04E0103DD3
:1097B000102D01F1080118DD0132C44F1030072AC5
:1097C000CDE92920C1E90073F1DD28AA3146204600
:1097D00003F0D4FC00287FF4B2AD103D102DDDE97C
:1097E00029202BA94FF01003E6DC1E9F4E460446AD
:1097F00089460132B54B2C44072ACDE92924C9E911
:10980000003500F3C98509F108099DF8832068E750
:10981000099C073424F00703B3EC027B55EC174B8B
:10982000099325F000431B938DED1A7ADDE91A01A7
:109830004FF0FF32A64B8DED107BE7F7D5FB0028EC
:1098400040F0D1834FF0FF32A14BDDE91A01E7F779
:10985000ADFB002840F0C7830022002320462946A4
:10986000E7F79AFB002840F0A0869DF88320994EE8
:10987000994B02980021032720F08000039708915C
:109880000290B8F1470FC8BF1E468A460C91CDE939
:109890000E1155E6069D284602F096FE4368179382
:1098A0001846E8F7B1F919900446284602F08CFEF4
:1098B000836818932021002C3FF42AAD189B9BF855
:1098C0000080002B3FF4BCAC1B78002B3FF4B8ACFD
:1098D000029B43F480630293B2E4029B9BF80080F6
:1098E00043F001030293ABE49DF883309BF80080C2
:1098F000002B7FF4A5AC8DF88310A1E4029F3B46BA
:109900009B063FF576AE029B099ADE0652F8044BA1
:1099100001F14B81029F7D0640F12F860992A4B28E
:109920000025012382E5B8F1000F3FF4CDAD0023FF
:1099300001271A4603978DF8EC80B7E6029F002DA9
:1099400008BF0A2C39D2303402978DF84F410127D5
:109950000DF24F160023574508930C93CDE90E33B3
:109960003B46B8BF53469DF883200393E8E5029F2A
:10997000012BE4D0022B00F0028254A900E0314612
:10998000E20842EA4572E80804F007030546144677
:10999000303354EA050201F8013C01F1FF36EED103
:1099A000F8074CD5302B4AD03023023906F8013C59
:1099B00054AB02970E465F1ACCE707F4806300228F
:1099C000CDF808B0CDF80C80CDF8209054AEB94653
:1099D0009346DDF860801F4607E0E7F763FB002D44
:1099E00008BF0A2C20D304460D460A220023204635
:1099F0002946E7F757FB02F1300C06F801CC204668
:109A000029460A2200230BF1010B013E002FE4D06E
:109A100098F800C0E345E0D1BBF1FF0FDDD09D42D7
:109A200008BF944280F06986CDF848B0CDF86080D8
:109A30004F46DDF808B0DDF80C80DDF82090029785
:109A400054AB9F1B86E7B8F1650F40F3E38000221B
:109A50000023DDE91001E7F795FA002800F0A8815E
:109A6000299B1E4AC9F80020013301340122072B2B
:109A7000CDE92934C9F8042000F3D18409F108099B
:109A8000229B129A2A9C934280F28A82299B159AE1
:109A9000C9F80020139AC9F8042001331444072B95
:109AA000CDE9293400F38F8309F10809129B5D1E6B
:109AB000002D7FF751AE102D299A094B40F3BC843D
:109AC0001026DDE906789A4612E000BFAC6E040865
:109AD000FFFFEF7F686E04086C6E0408A86E040830
:109AE000BC6E040809F10809103D102D40F3A38451
:109AF00001321034072ACDE92924C9E900A6F1DD95
:109B000028AA4146384603F039FB00287FF417ACF9
:109B1000DDE929240DF1AC09E6E7059B039A9D1ABE
:109B2000002D7FF702AE102D299A9F4B28DD20468D
:109B30000A974946069CB1461F46079E04E0103D21
:109B4000102D01F1080116DD013210301023072A13
:109B5000CDE929200F604B60F1DD28AA314620466F
:109B600003F00CFB00287FF4EAAB103D102DDDE97B
:109B700029202BA9E8DC3B460A9F4E46044689462D
:109B800001322C44072ACDE92924C9E9003500F324
:109B90006A84AAEB0705002D09F108097FF7CAAD11
:109BA000102D299A804B29DD20460A9749464FF00F
:109BB000100AB146069C079E1F4604E0103D102D7A
:109BC00001F1080115DD01321030072ACDE9292005
:109BD000C1E9007AF2DD28AA3146204603F0CEFA28
:109BE00000287FF4ACAB103D102DDDE929202BA916
:109BF000E9DC3B460A9F4E460446894601322C4426
:109C0000072ACDE92924C9E9003500F3978109F134
:109C100008098FE5129A299B012A04F1010403F136
:109C2000010509F1080740F348810123072DC9F810
:109C30000060CDE92954C9F8043000F39881139BE2
:109C4000159A691C1C4407290B91CDE92914C7E911
:109C5000002300F3988108370B9A129D02F1010A44
:109C600000230022DDE91001CDF828A007F1080942
:109C700005F1FF38E7F786F9002840F031810A9BAB
:109C8000C7F8048001364444072B3E602A94299388
:109C900000F367830B9A07F1100302324F460A92D2
:109CA0009946169A7A6014440A9A2A9424AB072A91
:109CB00029923B607FF750AD28AADDE9060103F049
:109CC0005DFA00287FF43BAB2A9C0DF1AC0943E51B
:109CD00028AADDE9060103F051FA00287FF42FAB32
:109CE0002A9C0DF1AC090CE528AADDE9060103F078
:109CF00045FA00287FF423AB2A9C0DF1AC0910E54E
:109D0000102D299B20DD1026DDE9067804E0103DAA
:109D1000102D09F1080917DD0133244A1034072BEF
:109D2000CDE92934C9E90026F1DD28AA41463846A3
:109D300003F024FA00287FF402AB103D102DDDE97A
:109D400029340DF1AC09E7DC0133184A2C44072B08
:109D5000CDE92934C9E900257FF707AD28AADDE957
:109D6000060103F00BFA00287FF4E9AA2A9CFCE420
:109D7000012B00F06784022B029F7FF4FEAD149844
:109D800054AE230904F00F0143EA05732A091C4667
:109D90001546435C06F8013D54EA0503F1D154AB86
:109DA00002979F1BD6E500BFBC6E0408AC6E04088A
:109DB000229B002B40F3FF820E9B129A9342A8BF76
:109DC0001346002B1D460DDD299BC9F800600133A9
:109DD0002C44072B2A94C9F80450299300F380845B
:109DE00009F108090E9B002DA8BF5B1B002B1D4627
:109DF00000F313820E9B33449A46029B5F0500F1E9
:109E00003382229B129A934203DB029AD50740F1D8
:109E1000DE83299A1599C9F800101399C9F804101E
:109E200001320C44072A2A94299200F37C8409F118
:109E30000809129AB518A5EB0A05D31A9D42A8BFC6
:109E40001D46002D0DDD299AC9F800A001322C44D1
:109E5000072A2A94C9F80450299200F3798509F158
:109E60000809002DACBF5D1B1D46002D7FF774ACAB
:109E7000102D299AC24B40F3DF821026DDE90678C7
:109E80009A4605E009F10809103D102D40F3D382F0
:109E900001321034072ACDE92924C9E900A6F1DDF1
:109EA00028AA4146384603F069F900287FF447AAFA
:109EB000DDE929240DF1AC09E6E7029AD0073FF568
:109EC000B4AE0122072DC9F80060CDE92954C9F8C4
:109ED000042000F3468202330A9309F11009E0E6F8
:109EE000B8F1000F7FF7DDAEB8F1100FA44B40F3CF
:109EF00039861A46554623461026DDF81890DDF8B7
:109F00001CA0144607E00837A8F11008B8F1100F9C
:109F100040F3048301351033072DCDE92953C7E9F8
:109F20000046F0DD28AA5146484603F027F90028EC
:109F30007FF405AADDE929532BAFE5E728AADDE97F
:109F4000060103F01BF900287FF4F9A92A9C0DF102
:109F5000AC09FFF7EFBB2D2364428DF8833065EB2E
:109F600045050123FFF765BA3446FFF75CB928AA17
:109F7000DDE9060103F002F900287FF4E0A9DDE93C
:109F800029542BAF5BE628AADDE9060103F0F6F8B9
:109F900000287FF4D4A9DDE929342BAF0B935BE6CD
:109FA000029BDB073FF572ADFFF7D6BB54AED1E4A1
:109FB000029B9F0500F11C830025FFF7DFB9049980
:109FC00012680993CD1708462946C2E900015E468A
:109FD000FFF776BA099B1A1D099B09921C68002598
:109FE0000123FFF723BADDE9100102460B46E6F72D
:109FF000FBFF002840F02885B8F1610F00F00D85C7
:10A00000B8F1410F00F0E98328F02003BAF1FF3FD7
:10A01000039300F00783472B04D1BAF1000F08BF68
:10A020004FF0010ADDE910450299002D41F48072DC
:10A03000C0F27684CDE91C4500231E930A91089353
:10A040000292039B462B00F07C83452B00F0D484C6
:10A0500026AA23ABCDE90032022122AB52469DED68
:10A060001C0B069800F03CFE039B472B064640F075
:10A070008E850A9BDB0700F17B84269FBB1B129316
:10A08000229B0E93039B472B00F0EE82039B462BF3
:10A0900000F0808303990E9B412903F1FF325FFAA0
:10A0A00088F303BF0F33DBB201210021002A8DF8B2
:10A0B0009030B8BF0E9B2292B6BFC3F101022B2392
:10A0C0002D23092A8DF8913040F3AE840DF19F04C1
:10A0D00020462C4D01E008461A4685FB0231D31775
:10A0E000C3EBA10303EB8301A2EB41013031632AEF
:10A0F00000F8011C00F1FF31EDDC3033821EDBB2D1
:10A10000944201F8013C40F245850DF1920201E0D4
:10A1100011F8013B02F8013B8C42F9D10DF1A1038A
:10A120000DF192021B1A134424AA9B1A1693129B38
:10A13000169A012B03EB020740F3EE84139B1F4496
:10A140000A9B002223F4806343F48073CDE90E223E
:10A15000029327EAE7730C9203931E9B002B40F0B7
:10A16000AA829A469DF88320FFF7EAB9099B1A1D37
:10A17000099B09921C68E51722462B46FFF70FBA88
:10A18000BC6E040867666666099B1A1D099B0992E6
:10A190001C680025FFF7E8B9524205920993FFF7C2
:10A1A00025B943F400739BF8018002930BF1010B76
:10A1B000FFF746B843F020039BF8018002930BF1B0
:10A1C000010BFFF73DB828AADDE9060102F0D6FF32
:10A1D00000287FF4B4A82A9C0DF1AC0966E4402164
:10A1E0000698FDF7C3FB079B18601861002800F074
:10A1F000C684079A40235361FEF7D9BF5746062FFE
:10A2000028BF0627B2460C96CDE90E660896324660
:10A2100003970994BE4EFFF793B9102D299ABD4BB1
:10A2200040F3B881194610272346DDE9068A0C461B
:10A2300005E009F10809103D102D40F3A881013215
:10A240001033072ACDE92923C9E90047F1DD28AAFF
:10A250005146404602F092FF00287FF470A8DDE9E5
:10A2600029230DF1AC09E6E7129BCDF82CB0F318C9
:10A270000A930F9B0E964A465646A64FDDF860801D
:10A28000DDF864A02146DDE906B9002B33D00C9B34
:10A29000002B34D10F9B013B08F1FF380F93299B12
:10A2A0001798106001335144072B2A91C2F804A07B
:10A2B000299366DC08320A9898F80030851B9D4285
:10A2C000A8BF1D46002D0CDD299B166001332944D3
:10A2D000072B2A915560299300F3B88098F8003035
:10A2E0000832002DACBF5D1B1D46002D0BDC1E444B
:10A2F0000F9B002BCBD10C9B002B00F0A6810C9B5D
:10A30000013B0C93CBE7102D29981CDD102404E0B1
:10A31000103D102D02F1080215DD01301031072823
:10A32000CDE92901C2E90074F2DD28AA4946584660
:10A3300002F024FF00287FF402A8103D102DDDE973
:10A3400029012BAAE9DC013029440728CDE929019C
:10A35000C2E9007500F3B68198F8003008321E4457
:10A36000C6E728AADDE9060102F008FF00287EF40E
:10A37000E6AFDDE9293401330A930DF1B4092BAFBF
:10A380008FE428AA4946584602F0F8FE00287EF4D9
:10A39000D6AF2A992BAA8EE728AADDE9060102F09A
:10A3A000EDFE00287EF4CBAF9DF883202A9C0DF1B2
:10A3B000AC09FFF796B9299A5749C9F8001001323C
:10A3C00001340121072ACDE92924C9F8041000F33A
:10A3D000F18009F10809002B5AD1029B129A03F06F
:10A3E000010313433FF4B8A9299A159BC9F800301B
:10A3F000139BC9F8043001321C44072A2A9429927D
:10A4000000F3028109F10809129B01321C44072A5A
:10A41000CDE92924C9E900637FF79CA94CE428AA67
:10A42000DDE9060102F0AAFE00287EF488AF0DF1F6
:10A43000AC09FFF725BB534601322C44072ACDE96E
:10A440002924C9E900357FF785A935E428AA4946BA
:10A45000584602F093FE00287EF471AF98F8003061
:10A460002A992BAA3DE728AADDE9060102F086FE1B
:10A4700000287EF464AF2A9C0DF1AC09FFF755B9B2
:10A48000099A12680993049B13605E46FFF718B897
:10A49000299A1599C9F800101399C9F804100132C6
:10A4A0000C44072A2A94299200F3AE8009F1080986
:10A4B000002BA9DA5D421033164B80F287821946D1
:10A4C00010272346DDE9068A0C4605E009F1080954
:10A4D000103D102D40F3778201321033072ACDE969
:10A4E0002923C9E90047F1DD28AA5146404602F078
:10A4F00045FE00287EF423AFDDE929230DF1AC09E8
:10A50000E6E73046E7F780FBAA460746FFF70CB8B8
:10A51000A06E0408BC6E0408A86E040822461C46FF
:10A5200013462A4601320A9207F10802C7E90038A9
:10A530000A9B29934444072B2A943FF712AF013317
:10A540000A9302F108091746FFF7ABBB029F099B6C
:10A5500017F4007F44D093F900400992E517224692
:10A560002B46FFF71CB8029FB90547BF0992E4B21A
:10A57000029F09920025FEF7F7BF029F0992B805D6
:10A580004CBFE4B2029F00250123FEF74FBF2146D6
:10A590001C460B4601322C44072ACDE92924C9E97F
:10A5A000003542DC09F1080924E42D228DF88320CE
:10A5B000FFF75DB928AADDE9060102F0DFFD0028FA
:10A5C0007EF4BDAE229B2A9C0DF1AC0903E7129AE2
:10A5D000B518A5EB0A05D31A9D42A8BF1D4640E455
:10A5E0001C680992E517029F22462B46FEF7D7BF4B
:10A5F000E4B20025FEF7C2BE099A09931268049BD3
:10A6000013805E46FEF75CBF28AADDE9060102F072
:10A61000B5FD00287EF493AE229BDDE929240DF1DF
:10A62000AC0945E74FF0060AFCE428AADDE906017B
:10A6300002F0A4FD00287EF482AE2A9C0DF1AC0944
:10A64000FFF7D8BB029FFFF77EB9B246129B0E9E62
:10A65000DDF82CB0CDF86080F3189A450C46914691
:10A6600028BF9A46FFF7CDBB0E9BDA1C01DB9A454B
:10A6700005DAA8F1020828F0200303930AE5129BEB
:10A6800019460E9B994200F359810A9AD70740F167
:10A69000C981139A9F180A9B5D0503D50E9B002B59
:10A6A00000F3F68127EAE77303934FF0670800236E
:10A6B0000C930F9351E52D228DF883204FF0000A63
:10A6C000FEF741BF28AA4946584602F057FD002828
:10A6D0007EF435AE98F800302A992BAA1E4407E67E
:10A6E00028AADDE9060102F049FD00287EF427AE24
:10A6F0002A9C0DF1AC09FFF775BB199B1799F61A47
:10A700001A46304602F000FD98F801300BB108F10E
:10A7100001080A220023204629464FF0000BE6F7E5
:10A72000C1FCFFF760B928AADDE9060102F026FDA9
:10A7300000287EF404AE229B2A9C0DF1AC09FFF7A1
:10A7400078BB26AA23ABCDE90032032122AB5246C7
:10A750009DED1C0B069800F0C3FA0378302B0646DB
:10A7600000F0CD81229B5344F41800220023DDE940
:10A770001C01E6F707FC08B127467FE4269FA742A5
:10A78000BFF47CAC30227B1C26933A70269FBC42DF
:10A79000F9D873E40A9B0E9A03F00103002A43EAF6
:10A7A0000A0340F3BF81002B40F09A810E9F4FF0C7
:10A7B00066080A9B5A0500F16D8127EAE773039347
:10A7C00075E75746CDF80CA0099482460C90CDE968
:10A7D0000E009DF88320FEF7B3BE30238DF8843041
:10A7E00058238DF88530029BBAF1630F43F00203C2
:10A7F0000A9300F3DD80002308933BAE029A119B7D
:10A8000042F481720292002B28F020020392C0F2DF
:10A810008C809DED107B8DED1C7B00231E93B8F189
:10A82000610F00F01D81B8F1410F7FF40AAC22A83E
:10A830009DED1C0B02F0D0FB00224FF07F5351EC3A
:10A84000100BE6F737F900220023CDE90C01E6F7FB
:10A8500099FB08B101232293B64B0B93CDE90EB8B7
:10A860000AF1FF35CDF848A0CDF87C90DDF82CB08A
:10A87000DDE90C89B2460C9603E0E6F783FB20BBCA
:10A88000BA460022AC4B40464946E6F713F98946E2
:10A890008046E6F7BFFB0646E6F7A2F802460B46FF
:10A8A00040464946E5F74EFF57461BF8064007F875
:10A8B000014BB5F1FF3F2C46804689464FF0000220
:10A8C0004FF0000305F1FF35D7D14046494600223D
:10A8D0009A4BDDF838B0DDF83C80CDF838A035462D
:10A8E000DDF87C900C9EDDF848A0CDE90C01E6F780
:10A8F00071FB00283FD1DDE90C0100228F4BE6F708
:10A9000041FB08B1E90736D4002CFFF6B7AB631C56
:10A910003B44302207F8012BBB42FBD1FFF7AEBB13
:10A92000029B0A93002308930292DDE9101202F1C0
:10A9300000431D932D231C911E9370E7DDE9123215
:10A940009F180E9B002B40F3D1804FF0670830E733
:10A9500028AADDE9060102F011FC00287EF4EFAC24
:10A96000229B129A2A9CD31A0DF1AC09FFF779BAEF
:10A9700006EB0A04F9E60E9B26930B9B17F8012CB5
:10A98000D97B91423B4609D1302003F8010C269B2C
:10A990005A1E269213F8012C9142F6D0392A0BBF89
:10A9A0000B9A0132927AD2B203F8012CFFF766BB00
:10A9B0000AF101010698FCF7D9FF0646002800F0CD
:10A9C000ED8008901AE721461C460B4601322C44C4
:10A9D000072ACDE92924C9E900357FF713AD28AA54
:10A9E000DDE9060102F0CAFB00287EF4A8ACDDE92F
:10A9F00029240DF1AC0907E50AF1010426A923ABCE
:10AA0000CDE90031224622AB02219DED1C0B0698B8
:10AA100000F066F906463444A7E630238DF884300A
:10AA20007823DEE60E9F36E6002940F0988030233A
:10AA30008DF892300DF19303303203F8012B24AAE4
:10AA40009B1A1693FFF773BB119B3D4E002BB6BFAD
:10AA50002D229DF883208DF883203A4BFEF709BF05
:10AA600022A89DED1C0B02F0B7FA00224FF07F5395
:10AA700051EC100BE6F71EF800220023CDE90C0183
:10AA8000E6F780FA08B1012322932F4B0B93E5E6FA
:10AA90004FF06708189800220C920F9203780E9AD4
:10AAA000FF2B0CD093420ADA4178D21AA1B10F9B46
:10AAB00001330F930B46FF2B00F10100F2D10E92F0
:10AAC0000F9B0C9A18901344199A02FB037727EAFC
:10AAD000E7730393FFF741BB0C9901310C91DFE75A
:10AAE000139BD71857444FF0660862E6C3F1010381
:10AAF0001F4427EAE77303934FF06708D7E5002266
:10AB00000023DDE91C01E6F73DFA00287FF42AAEB8
:10AB1000CAF10103229326E60A9BDB077FF510ABFF
:10AB2000FFF70CBB93B9012303931F464FF0660850
:10AB3000BDE500BF8C6E0408000030400000E03F1F
:10AB4000706E0408746E0408786E0408139B5F1C12
:10AB5000574427EAE77303934FF06608A7E50DF122
:10AB6000920369E74A46E1E4099B9BF8018053F8A8
:10AB7000040B0993934640EAE07AFEF761BB069A1C
:10AB80000C2313604FF0FF330493FEF7E7BB5446EA
:10AB90003444EAE502231693FFF7C9BA079A93896A
:10ABA00043F040039381FEF7D2BB1F46FFF714BA70
:10ABB0001F46FFF7EBBA1F46FFF7DABA2DE9F04F51
:10ABC00003690F69BB4283B0C0F28680013F01F187
:10ABD000140600F1140A56F827305AF82720BC0052
:10ABE0000133009406EB04099A425444B2FBF3F893
:10ABF00001943AD300252A46B646D4465EF8044B63
:10AC0000DCF800301FFA84FB08FB0B554FEA154BAC
:10AC1000240C08FB04B4ADB2551BA2B2C2EB134224
:10AC200015FA83F302EB23429BB243EA0243F14558
:10AC30004FEA14454CF8043B4FEA2242DED2009B17
:10AC40005AF803308BB9019A131F9A450CD252F867
:10AC5000043C4BB9A2F1080302E01A68043B1AB99C
:10AC60009A4507F1FF37F8D30761044601F046FF24
:10AC700000282DDB08F101085046002356F8041B7C
:10AC800005688AB29A1A0B0C12FA85F2C3EB1543C7
:10AC900003EB224392B242EA0342B14540F8042B4F
:10ACA0004FEA2343EAD25AF827200AEB87037AB9FE
:10ACB0001A1F92450BD253F8042C42B9083B02E00C
:10ACC0001A68043B1AB99A4507F1FF37F8D3276190
:10ACD000404603B0BDE8F08F002003B0BDE8F08F20
:10ACE0002DE9F04F57EC106B97B0056C209C02914A
:10ACF00082460A920793CDE9006755B1426C6A60BB
:10AD000001239340AB60294601F0C0FC0023CAF840
:10AD100040303E1EB4BF012300232360764BBCBFEE
:10AD200026F000460196B34300F0AE809DED007B17
:10AD30000022002351EC170B8DED047BE6F722F97E
:10AD4000054678B1079A01231360219B002B00F080
:10AD500013836A4B219A1360013B0393039817B046
:10AD6000BDE8F08FDDE9047814AA15A948EC107B42
:10AD7000504601F0DFFF340D834640F09B80DDE953
:10AD800014542C4404F23243202B40F3BB83C3F110
:10AD900040039E40009B04F2124023FA00F030432F
:10ADA000E5F70EFEA1F1F87301210246013C0E9178
:10ADB000104619460022524BE5F7C4FC48A3D3E9DC
:10ADC0000023E5F777FE48A3D3E90023E5F7BCFCB1
:10ADD000064620460F46E5F703FE45A3D3E90023C8
:10ADE000E5F768FE02460B4630463946E5F7ACFC0F
:10ADF00006460F46E6F70EF900228146002330464C
:10AE00003946E6F7C9F8002840F0A9822C1BB9F1B1
:10AE1000160F04F1FF3800F296823A4B03EBC90398
:10AE2000D3E90023DDE90401E6F7B6F800286FD086
:10AE30000023B8F1000F09F1FF390D93C0F28982A8
:10AE400000230893B9F1000F68DA089BCDF8189039
:10AE5000A3EB09030893C9F100030C93029B092B90
:10AE60004FF0000962D8052B40F34A83043B02935C
:10AE70000024029B023B032B00F24186DFE813F023
:10AE8000660463043B045604079A42F20F7313608E
:10AE9000009BC6F31306334318D1219B002B00F00F
:10AEA0002586194B03930833219A0398136017B032
:10AEB000BDE8F08FC8F3130141F07F530E953A4679
:10AEC000A4F2FF3443F44013149D71E7219B002B3F
:10AED00040F000840D4B039340E700BFAFF30080C8
:10AEE00061436F63A787D23FB3C8608B288AC63F90
:10AEF000FB799F501344D33F0000F07FA96E0408F4
:10AF00000000F83F28700408D06E0408CC6E0408D6
:10AF1000B8F1000FC0F2B6840D90089000230C9396
:10AF2000029BCDF81890092BC8449CD9002301241A
:10AF3000CDE90A344FF0FF35029309950021CAF894
:10AF400044100F95504601F07BFB0E2D0390CAF87C
:10AF5000400000F20A81002C00F0078106990029C8
:10AF600040F36684B14B01F00F0203EBC20393ED93
:10AF7000007B0C11E3068DED107B40F10684AC4B99
:10AF8000DDE90401D3E90823E5F7BEFECDE90001C0
:10AF900004F00F0403267CB1DDE91001A44DE7079E
:10AFA00004D5D5E90023E5F785FD0136641005F1E8
:10AFB0000805F4D1CDE91001DDE90001DDE9102338
:10AFC000E5F7A2FECDE900010D9B53B1DDE9004597
:10AFD0000022984B20462946E5F7DEFF002840F086
:10AFE00021853046E5F7FCFCDDE90023E5F762FD4D
:10AFF000914B0022E5F7A8FB099B0446A1F150758F
:10B00000002B00F0F983069B1293099B1093DDE956
:10B01000006739463046E5F7FDFF0090E5F7E0FCB4
:10B0200002460B4630463946E5F78CFB7F4B009ACB
:10B030000F461099064603EBC1030B980399303273
:10B04000CDE90045D5B24C1C53E90223002800F09D
:10B050008D8400207949E5F757FEDDE90023E5F707
:10B0600071FB039B32461D703B46CDE90001E5F7BD
:10B07000B1FF002840F0CA8432463B4600206D49AB
:10B08000E5F760FB02460B46DDE90001E5F7A2FFAC
:10B09000002840F02685109B012B62D0039ACDF842
:10B0A00040901344CDF84C80DDE90089CDF800B024
:10B0B000D3469A460CE000205E49E5F743FB424642
:10B0C0004B46E5F769FF002840F0EB84A24541D0EC
:10B0D0004046494600225A4BE5F7ECFC0022584B0B
:10B0E0008046894630463946E5F7E4FC0F46064679
:10B0F000E5F790FF0546E5F773FC02460B46304640
:10B100003946E5F71FFB3035EDB242464B4604F8B1
:10B11000015B06460F46E5F73FFF32463B460028F7
:10B12000C9D0129BDA460133DDF800B006935946C8
:10B13000504601F0ABFA00232370079B1A46069B8A
:10B140001360219B002B3FF409AE03981C6017B0DD
:10B15000BDE8F08FDA46DDF84090DDF84C80DDF890
:10B1600000B0DDE90434CDE90034159B002BC0F2BA
:10B17000C980069A0E2A00F3C5802C4B03EBC2034C
:10B18000D3E900890A9B002B17DA099F002F14DCF2
:10B1900040F04B8300222B4B40464946E5F78AFCA2
:10B1A000DDE90023E5F70CFF002800F0BE83099FCE
:10B1B0003D460A9B039CDB4360E2DDE900454246D5
:10B1C0004B4620462946E5F79FFDE5F723FF009013
:10B1D000E5F706FC42464B46E5F76CFC02460B469B
:10B1E00020462946E5F7AEFA009B039C069A3033C9
:10B1F00004F8013B099B0132012B06460F460692DB
:10B2000054D000220E4BE5F755FC002200230646E1
:10B210000F46E5F7B7FE002889D1CDF800B001252B
:10B22000DDF824B0CDF808A019E000BF28700408AC
:10B23000007004080000F03F00001C400000E03FE8
:10B240000000244000001440E5F734FC00220023F5
:10B2500006460F46E5F796FE002840F05C8342461E
:10B260004B4630463946E5F74FFDE5F7D3FE8246BB
:10B27000E5F7B6FB42464B46E5F71CFC02460B469B
:10B2800030463946E5F75EFA01350AF1300CAB4538
:10B2900006460F464FF00002A74B04F801CBD3D16E
:10B2A000DDF800B0CDF800A0DDF808A032463B463E
:10B2B00030463946E5F748FA42464B4606460F46C1
:10B2C000E5F788FE60B942464B4630463946E5F719
:10B2D00059FE00283FF42BAF009BDB077FF527AF1B
:10B2E00014F8015C039A631E04E09A4200F0C083E4
:10B2F00013F8015D392D03F10104F6D06A1CD2B2B6
:10B300001A7014E70B9A002A3CD0029A012A40F3E3
:10B310005882099B5E1E0C9BB34280F234820C9BC8
:10B320000C96F31A99440026099B002BC0F2F88270
:10B33000089A14461A44984408920121504601F094
:10B3400091FA054621E00123B8F1000F0D93BFF6F5
:10B3500077ADC4F1010308934FF0000872E5484649
:10B36000E5F73EFB32463B46E5F70CFE00287FF44E
:10B370004DAD09F1FF3949E5704B0393039817B0C0
:10B38000BDE8F08F0C9E089C0B9D002C0CDDB8F1E5
:10B39000000F09DD4445089A2346A8BF4346D21A48
:10B3A0000892E41AA8EB03080C9BD3B10B9B002B6B
:10B3B00000F08981002E10DD29463246504601F00A
:10B3C000F3FA5A4601460546504601F055FA5946E9
:10B3D0000746504601F05AF9BB460C9B9A1B40F0B9
:10B3E00073810121504601F03DFAB9F1000F074683
:10B3F00000F38E80029B012B40F371810026012017
:10B40000B9F1000F40F08F80404410F01F0075D05C
:10B41000C0F12003042B40F36D83C0F11C00089B96
:10B420000344089304448044089B002B05DD5946DF
:10B430001A46504601F008FB8346B8F1000F05DDBF
:10B4400039464246504601F0FFFA07460D9B002B55
:10B4500040F01E81099B002B40F3F580069B0133D1
:10B4600006930B9B002B77D1039CDDF824800126EB
:10B4700003E001F015F90136834639465846FFF7D7
:10B480009DFB464500F1300904F8019B4FF0000395
:10B490004FF00A0259465046EBDB00230093594611
:10B4A0000122504601F0D0FA3946834601F026FBCE
:10B4B000002814F8012C40F36F81631E039904E007
:10B4C000994200F0778113F8012D392A03F1010424
:10B4D000F6D001321A703946504601F0D7F8002DE7
:10B4E0003FF425AE009921B1A94202D0504601F0A7
:10B4F000CDF82946504601F0C9F818E61C208EE721
:10B500000124B6E4C3F12006009B03FA06F047E4E9
:10B5100001464A46504601F047FA029B012B074676
:10B5200040F3B28100263B6907EB8303186901F001
:10B5300049F9C0F1200067E700002440A86E040824
:10B54000294600230A22504601F0AAF80F9B002B3F
:10B55000054640F3C1820993002C00F30D81002EB3
:10B5600040F0C581A846009B0299039E03F00102AA
:10B570000B920A430A92099A731E1A4409923C4696
:10B5800021465846FFF71AFB29460090584601F01D
:10B59000B5FA424607462146504601F0CBFA009BD9
:10B5A00003F13002C3688146002B3ED10146584664
:10B5B000089201F0A3FA49460490504601F066F85B
:10B5C000049B089A1BB90A99002900F07182002F88
:10B5D00006F10109C0F26E8102990F430B993943BC
:10B5E00000F06881002B00F3A281099B3270B34206
:10B5F00000F0A981594600230A22504601F050F874
:10B600004545834629464FF000034FF00A02504655
:10B6100013D001F045F84146054600230A22504662
:10B6200001F03EF84E468046AAE701465046049295
:10B6300001F02CF80123049AC9E701F031F84E46D5
:10B64000054680469CE7029B022B40F38280099BC3
:10B65000002B7FF4AEAD39460522504601F020F8AC
:10B6600001460746584601F049FA00287FF7A1AD88
:10B67000039C069B312204F8012B01330133394628
:10B680005046069301F002F8002D7FF432AF4EE5EC
:10B690003946584601F032FA0028BFF6DBAE59466B
:10B6A00000230A22504600F0FBFF069B03F1FF38FF
:10B6B0000B9B8346002B7FF443AF0F9B002B40F383
:10B6C00002820993D0E60C9A5946504601F06CF973
:10B6D000834686E69F4B03930333FFF7E5BBDDE923
:10B6E000001200297FF48AAEC2F31303002B00F08E
:10B6F000D580009E83E601230B930A98002846DD3F
:10B700000F90099000211728CAF84410099D7FF76F
:10B7100019AC012204235B0003F11406B042114668
:10B7200002F10102F7D2CAF844100BE401230B9393
:10B730000A9B069A13440F930133012B1846099371
:10B74000B8BF0120DEE700230B93F1E700230B9342
:10B75000D3E7069B013306930B9B002B7FF4FCAED3
:10B7600039465846FFF72AFA039C00F130090023B6
:10B7700004F8019B009392E629462246504601F0C8
:10B7800063F90546EBE69E1BCEE5022603E40125A0
:10B79000CDE90955FFF7D2BB03D119F0010F7FF4B2
:10B7A0008CAE631E01E013F8012D302A03F1010471
:10B7B000F9D090E6069A01320692039A312313706B
:10B7C00089E60E9A002A00F0268103F23343089A94
:10B7D0000C9E14461A4498440892AEE53046E5F7AC
:10B7E000FFF8DDE90023E5F765F900225A4BE4F79D
:10B7F000ABFF0446A1F150750022584BDDE9000172
:10B80000E4F7A0FF22462B4606460F46E5F7E2FB8B
:10B81000002840F08980224605F100433046394631
:10B82000E5F7BAFB00283FF49CAC00273D46C0E496
:10B8300000F0F580069B5C42494B04F00F0203EBDD
:10B84000C203D3E90023DDE90401E5F733F924114C
:10B85000CDE9000100F0E380424D00230226E2071B
:10B8600005D5D5E90023E5F725F901360123641054
:10B8700005F10805F3D1002B3FF4A6ABCDE900019B
:10B88000FFF7A2BB0D9064E5DDE9001200297FF40B
:10B8900049AEC2F31303002B7FF444AE324E164080
:10B8A000002E3FF4ACAD089B0133089308F101086A
:10B8B0000126A4E5002B27464C46914612DD594649
:10B8C0000122504601F0C0F83946834601F016F9CE
:10B8D000002840F3DF80B9F1390F00F0D080009BE1
:10B8E00003F13109009586F800904546F3E5696853
:10B8F000504600F0A5FE2B6902339A00044605F17C
:10B900000C010C30E4F7B6FC21460122504601F050
:10B910009BF8804627E6DDF800B0DDF808A006E4D5
:10B92000DDE908329C1A08E500273D46A0E6392AE1
:10B9300027464C4600F0A38002F10109009586F8E5
:10B9400000904546C7E5274600954C46454691463A
:10B95000A5E500BFCC6E040800001C4000001440A8
:10B9600028700408007004080000F07FDDE9000181
:10B97000E5F7A0F8039B1D70109B012BCDE900019A
:10B9800023D0109B039ACDF840901344C1469846AB
:10B990000022644B30463946E5F78CF80F460646E0
:10B9A000E5F738FB0546E5F71BF8303502460B4650
:10B9B00030463946E4F7C6FE04F8015BA04506466A
:10B9C0000F46E5D1C846DDF84090574B0022DDE92F
:10B9D0000001E4F7B9FE32463B46E5F7DDFA002800
:10B9E00052D1DDE9002300204F49E4F7ABFE324697
:10B9F0003B46E5F7EFFA00283FF4B3AB00E014460E
:10BA000014F8013C302B04F1FF32F8D0129B0133C3
:10BA10000693FFF78CBB149BC3F13603D7E60226CF
:10BA2000FFF7D2BA099B002B3FF4D8AE0F9F002F2F
:10BA30007FF797AB00223B4B20462946E5F73AF8C3
:10BA400004460D46701CCDE90045E4F7C9FF2246C7
:10BA50002B46E5F72FF8354B0022E4F775FE069BE1
:10BA60001097013B0446A1F150751293FFF7CFBA2E
:10BA7000069A0132069231221A70FFF758BB39221A
:10BA800000953270454618E5129B0133069314F871
:10BA9000015C27E47FF426AF19F0010F7FF41BAFA0
:10BAA00020E7129B0133DA460693DDF800B019E473
:10BAB000392A3B469146274606F10104DFD0002B88
:10BAC0003FF70DAF0EE7029B022B7FF749AE0F9BAE
:10BAD0000993CDF81880BAE5029B022BF7DC0F9B87
:10BAE00039E5129B01330693FFF7FCBB104B039320
:10BAF000FFF734B93FF498ACC0F13C008FE4002468
:10BB0000CAF844402146504600F09AFD4FF0FF33FA
:10BB1000CDE909340F9301230390CAF840000B9339
:10BB2000FFF723BB000024400000E03F00001C4062
:10BB3000D06E0408F8B5244F0C460646FCF71EFAF2
:10BB4000BB685D68C4F57E610F3125F003052944AB
:10BB500021F47F6121F00F01A1F58054B4F5805FDD
:10BB600007DB00213046FCF715FABB682B449842EE
:10BB700004D03046FCF708FA0020F8BD6142304698
:10BB8000FCF708FA01300DD0104BBA6819682D1B6C
:10BB900045F001053046091B55601960FCF7F4F9C2
:10BBA0000120F8BD00213046FCF7F4F9BA68831A89
:10BBB0000F2BDEDD064C0549246843F00103001B12
:10BBC00053600860D5E700BF4006002064430220B0
:10BBD000480A002000295DD0F8B50F460646FCF75C
:10BBE000CDF957F804CC734C2CF00103A7F10800F1
:10BBF000C218A1685568914225F003057FD01CF05A
:10BC0000010F556002EB050133D157F808EC496884
:10BC1000A0EB0E0004F1080C87686745734401F03F
:10BC2000010160D0D0F80CE0C7F80CE0CEF8087045
:10BC3000002900F0898043F0010141601360B3F5F1
:10BC4000007F30D2DB08591C65689A1001239340AD
:10BC50002B4304EBC10254F831506360083AC0E949
:10BC6000025244F83100E8603046BDE8F840FCF785
:10BC70008BB94968C9070ED42B4404F1080C9168AC
:10BC8000614543F0010567D0D268CA6091604560A4
:10BC9000C350D4E7704743F00101B3F5007F47F884
:10BCA000041C1360CED35A0A042A42D89A0902F11E
:10BCB0003907FF0002F13801E519E259083D9542C4
:10BCC00051D0516821F00301994202D992689542FE
:10BCD000F7D1D568C0E90225A860D0603046BDE83C
:10BCE000F840FCF751B900295ED1D2E902122B4489
:10BCF00043F00104CA6091604460C350B4E71CF093
:10BD0000010F2B4407D157F8082C801A1344D0E9AF
:10BD10000212CA609160284A126843F001019A42F7
:10BD20004160A060A0D8254B30461968FFF702FF9C
:10BD30009AE7142A0AD9542A1DD81A0B02F16F0760
:10BD4000FF0002F16E01B7E72B4498E702F15C07B0
:10BD5000FF0002F15B01AFE7C4E90400C0E902CCD7
:10BD60004560C35080E763688910012707FA01F135
:10BD700019436160AEE7B2F5AA7F06D8DA0B02F18B
:10BD80007807FF0002F1770196E740F254518A42AA
:10BD900006D89A0C02F17D07FF0002F17C018BE7C7
:10BDA0004FF47E777E2187E743F001014160136005
:10BDB0005AE700BF400600204C0A002094430220AE
:10BDC0002DE9F04106694D11AE422EDD00F1140758
:10BDD00011F01F0107EB860C07EB85032BD057F8FA
:10BDE000252004339C4522FA01F4C1F1200818D91A
:10BDF000BE461A6802FA08F222434EF8042B53F8A2
:10BE0000044B9C4524FA01F4F3D8731B9B00053BBB
:10BE10009B08013307EB830547F82340CCB1043579
:10BE200017E044613D46002CF9D100230361002353
:10BE30004361BDE8F0819C4588BF00F11002F4D950
:10BE400053F8041B42F8041F9C45F9D8751B07EBF7
:10BE50008505EB1B9B10BD420361E8D0BDE8F08176
:10BE60002DE9F04FBA4C8DB02468089089462046E1
:10BE700004920A930694E5F7C7FED9F800300390C0
:10BE800021189A7811F8011C0191302A40F0E081C4
:10BE90006FF00101C91A033301EB030A1C4613F8C2
:10BEA000012B302AF8D0AB4FBB5C002B00F0F580A3
:10BEB00023784FF00008FB5C4546264623B116F870
:10BEC000013FFB5C002BFAD1039A0699304601F042
:10BED000C9F80290002800F095803378002D40F0DA
:10BEE00093810295502B00F09780702B00F0948086
:10BEF0003546C9F80060B8F1000F40F0BC802B1B3C
:10BF0000013B072B414604DD5B10072B01F10101CA
:10BF1000FADC089800F094FB03461433AC42059019
:10BF2000099380F0C4819B46039B0026C3F1010363
:10BF3000B14607930FE0202E00F0A680324604366B
:10BF400015F8013CFB5C554603F00F039340A542F6
:10BF500049EA030918D915F8013C019A934205F101
:10BF6000FF3A0BF10408E6D1079B5344A342E2D306
:10BF70001846039A06990B9301F074F80B9B00285E
:10BF8000D9D11D46A542E6D8099B059ACBF8009069
:10BF9000A8EB03084FEAA803136148464FEA431889
:10BFA00000F010FC049B1C68A8EB0000A04200F30A
:10BFB000AE80C0F22D810026049B029A9B689342BA
:10BFC000C0F26A810498029A4368934240F38280E7
:10BFD0009D1AAC4200F3C080C268022A00F07E8144
:10BFE000032A00F09981012A00F0878108980599B9
:10BFF00000F04CFB5025169A0023284613600DB024
:10C00000BDE8F08F002D00F01281AD1BAB00029354
:10C010003378502B7FF469AF73782B2B00F0F280CC
:10C020002D2B70D0711C0025FB5C5A1E182A3FF680
:10C030005FAF4A78BA5C501E1828A3F1100301F1D3
:10C0400001010BD811F8010F03EB830302EB43034B
:10C050003A5C501E1828A3F11003F3D905B15B42D6
:10C06000029A35461A440E460292C9F80060B8F1A9
:10C07000000F3FF444AFBAF1000F14BF00250625AE
:10C0800028460DB0BDE8F08F5B46002243F8089BC0
:10C09000C34691469846042652E7039D06992A46D0
:10C0A000204600F0DFFF002874D1625DBB5C66199A
:10C0B000002B71D0302A344604D114F8013F302BC4
:10C0C000FBD0FB5CB3FA83F835464FEA58184FF0C3
:10C0D000010AF2E6012556B1049BDB68022B62D00F
:10C0E000032B64D0012B00F0848045F01005169BD3
:10C0F0001A46059B13600A9B1A46029B136028464A
:10C100000DB0BDE8F08F0125B378B11C8CE7059F19
:10C11000051B2946384600F0E1FE064678B16A1E46
:10C12000099E511102F01F0356F82110012606FA4C
:10C1300003F30B4203D0B24200F3C7800226029BF6
:10C1400005982B4429460293FFF73AFE34E700BFD7
:10C15000E06F0408DC6E04086F1E002E40F0A5801E
:10C16000002F40F0AC807B11099A059852F82320EB
:10C1700007F01F07012303FA07F71742294618BFE4
:10C1800046F00206FFF71CFE049B5B680293641BEB
:10C190000225A0E722782646502A5DD0702A5BD07F
:10C1A000C9F8006067E7179BC3F101031793179B5A
:10C1B000002B9AD0059BDDF824C01E69B7000CEB5C
:10C1C000070E6346002003E09E4543F8040C48D95F
:10C1D000194653F8042BB2F1FF3FF5D00132022D7E
:10C1E0000A6000F09E8014F01F0440F0BD802125FD
:10C1F0007DE7B2077FF579AF099B1B681E43F30704
:10C20000D8D472E700257FE7AD1BAA00029269E649
:10C21000251A059908982A4600F016FC029B0590FD
:10C220005B1B02930346143309930026C4E603996B
:10C23000735CFA5C71180E46002A3FF453AE16F890
:10C24000013FFA5C002AFAD1891B8A00029249E672
:10C250009C1C4FF0000A26E6002302934FF00108D1
:10C26000DAE6059B9B689E4262DA3346059800EB4E
:10C27000830201210133022D0361516151D09E429D
:10C28000B1DA01210598FFF79BFD049B029A9B6898
:10C29000013293420292AADA0599089800F0F6F961
:10C2A000169A00231360A325EAE601265BE7059BA7
:10C2B000DDF824B003F118084FF0000964E63946B0
:10C2C000059800F00BFE06464DE7A91E384600F023
:10C2D00005FE00283FF432AF032630E7179A002A04
:10C2E0007FF484AE0A990B60059B099901221A61BB
:10C2F0000A60169A62251360C2E6AC427FF476AEFD
:10C30000012CEFD0611E059800F0E8FD00283FF4F5
:10C310006DAE049B5B68E5E7179A002A3FF466AEB2
:10C32000E0E7049B1B68013BA34228D02225DEE600
:10C33000059BDDF8209059684846013100F080F9EE
:10C3400005990B69023380469A000C310C30E3F7F3
:10C3500091FF0599484600F099F9CDF8148008F14D
:10C36000140CD8F8103081E76744C4F1200457F862
:10C37000040C00F027FAA042BFF639AF81E7631141
:10C3800004F01F045CF823200123A34013420CBFD8
:10C3900022252125ABE600BF30B40468013408E053
:10C3A00014F8013BA3F14105192D98BF20339342A6
:10C3B00007D111F8012B002AF2D10460012030BC12
:10C3C0007047002030BC70472DE9F04F096885B0F8
:10C3D0004B1111F01F01019002EB8303039140F018
:10C3E00086801D1F00930098DFF87491029500234A
:10C3F00040F8043C19469A461E469846019BD3F8DD
:10C4000000E09EF80140AC462B4693460EF1010039
:10C41000B4B119F80450002D4BD1202C00F28E80BD
:10C42000564506DD634501D2072974DD5B4555D8C5
:10C43000082186469EF801400EF10100002CE8D14B
:10C44000029D5A46002E7DD0634513D2072911DC88
:10C45000C1F1080189001E68C1F1200E1846476825
:10C4600007FA0EF4344327FA01F6046040F8046F2B
:10C470008445F4D893423ED9114653F8040B41F851
:10C48000040B9D42F9D2002341F8043BA942FBD999
:10C49000009B53F8041C21B158E055F8043D002BD3
:10C4A00054D1AA42F9D1012305202B6005B0BDE883
:10C4B000F08F0131082906F1010607DC1A68120124
:10C4C00005F00F0515431D608646B3E75B45B0D9FF
:10C4D00043F8048C0022043B0121F1E7A3F1040C92
:10C4E00043F8048CB246634600218646A2E7191D34
:10C4F00000911D4677E7009C039B54F8041C002B19
:10C50000C9D0C3F120034FF0FF3020FA03F31940E4
:10C5100044F8041CBFE7C1F1080189001F68C1F19C
:10C52000200E1C46656805FA0EF23A4325FA01F71B
:10C53000226044F8047FA445F4D877E7292C029DB3
:10C540005A4607D0042005B0BDE8F08F052005B09D
:10C55000BDE8F08F019C0EF10200206072E700BF81
:10C56000DC6E04080020704742B110B50B4910463C
:10C570001446E3F779FF18B9094810BD0848704719
:10C5800007492046E3F770FF0028F5D0204605490B
:10C59000E3F76AFF0028EFD0002010BDF46F040815
:10C5A000F06F040874E90308014B93F82801704701
:10C5B000840E0020024B0A4601461868FFF7D4BFDC
:10C5C000500A0020F030704700487047740F002078
:10C5D00000487047740F0020704700BF704700BFCD
:10C5E000704700BF704700BF704700BF704700BF73
:10C5F0000120704701207047704700BF704700BF9F
:10C6000010B4034CD4F8E440A4465DF8044B6047F2
:10C61000840E002082B049B15AB16BB113780B601F
:10C620001278101C18BF012002B0704701A9002A1F
:10C63000F3D1104602B070476FF00100F4E700BF7D
:10C64000C36C70B505460C464BB153F8240080B15D
:10C65000026843F824200023C0E9033370BD21227F
:10C66000042101F0F5FB0346E8640028EDD1002029
:10C6700070BD012101FA04F6721D2846920001F0F6
:10C68000E7FB0028F3D0C0E90146E4E731B1C36C11
:10C690004A6853F82200086043F82210704700BF30
:10C6A000F0B50C6983B00D46064601F1140C002765
:10C6B000DCF8000081B202FB0133190C000C02FB14
:10C6C00000109BB2013703EB0043BC424CF8043B23
:10C6D0004FEA1043ECDC3BB1AA68A24207DD05EB50
:10C6E0008402013453612C61284603B0F0BD6968AF
:10C6F000019301313046FFF7A3FF2A69023205F1A9
:10C700000C01074692000C30E3F7B4FDF26C696847
:10C71000019B52F82100286042F821503D4605EB6C
:10C720008402013453612C61DEE700BF2DE9F84338
:10C73000234C089E1D46083384FB034C092D4FEA09
:10C74000E373904607460C46C3EB6C0235DD0123CC
:10C7500000215B009A4201F10101FADC3846FFF743
:10C760006FFF0123B8F1090FC0E9043621DD04F1A0
:10C7700009094E46444416F8013B0146303B0A2263
:10C780003846FFF78DFFB442F5D1A8F108044C44B8
:10C7900045450CDDA5EB0805254414F8013B014691
:10C7A000303B0A223846FFF77BFFA542F5D1BDE8B2
:10C7B000F8830A344FF00908EAE70021CEE700BF0A
:10C7C000398EE338020C12040346CAB90304102060
:10C7D00013F07F4F04BF1B02083013F0704F04BFEB
:10C7E0001B01043013F0404F04BF9B000230002BAC
:10C7F00005DB13F0804F00F1010008BF20207047D7
:10C800000020E5E7036813F00702014607D0DA07C6
:10C8100020D4980722D55B080B600120704798B29E
:10C82000B0B91B0C102013F0FF0F04BF1B0A083017
:10C830001A0704BF1B0904309A0704BF9B08023083
:10C84000DA0703D45B0800F1010005D00B607047E4
:10C850001046E8E700207047202070479B080B60D7
:10C860000220704710B50C460121FFF7E9FE0122B6
:10C87000C0E9042410BD00BF2DE9F04F0E6917690F
:10C88000BE4283B00C46154605DB3A462B4637467A
:10C890000D4616461C46D5E9011307EB060843452D
:10C8A000B8BF0131FFF7CCFE00F1140A0AEB88098A
:10C8B000CA45009005D25346002143F8041B994510
:10C8C000FBD804F1140E0EEB860B05F11403DE45C4
:10C8D00003EB870753D2CDF80480984605E0090C96
:10C8E00028D1F3450AF1040A47D95EF8041B8EB239
:10C8F000002EF4D045465446002355F8041B20680A
:10C900008AB21FFA80FC06FB02C2090C000C134419
:10C9100006FB010202EB13429BB243EA0243AF4221
:10C9200044F8043B4FEA1243E7D823605EF8041C46
:10C93000090CD6D0DAF8003040461A4654464FF07B
:10C94000000C0588120C01FB052294449BB243EABB
:10C950000C4344F8043B50F8043B22681B0C95B28E
:10C9600001FB035303EB1C4387424FEA134CE8D807
:10C97000F34523600AF1040AB7D8DDF80480B8F162
:10C98000000F0BDD59F8043CA9F104091BB105E0C7
:10C9900059F8043D13B9B8F10108F9D10098C0F86D
:10C9A000108003B0BDE8F08F12F003032DE9F041D1
:10C9B000144607462ED10D46A4101CD0BE6C96B36B
:10C9C000E3074FF0000806D4641014D03068A8B113
:10C9D0000646E307F8D5324629463846FFF74CFFAE
:10C9E000B5B16A68FB6C641053F82210296043F8F3
:10C9F00022500546EAD12846BDE8F081324631464C
:10CA00003846FFF739FF3060C0F800800646E0E79F
:10CA10000546D9E7013B0B4A52F823200023FFF7D4
:10CA20003FFE0546C8E701213846FFF709FE40F200
:10CA3000712343610122002302610646B86403604A
:10CA4000BEE700BF187104082DE9F8430E690D46D2
:10CA50004FEA6219D1E901134E44741C9C4290467E
:10CA6000074604DD5B009C4201F10101FADC384617
:10CA7000FFF7E6FDB9F1000F00F1140C0EDD09F12E
:10CA800005094FEA890900EB09016346002243F8D2
:10CA9000042B8B42FBD1A9F11409CC44296905F17F
:10CAA000140318F01F0803EB810E1DD0C8F12009F4
:10CAB0000022196801FA08F111434CF8041B53F8DD
:10CAC000042B734522FA09F2F3D3CCF80020002A94
:10CAD00018BF2646FB6C6A68066153F8221029606D
:10CAE00043F82250BDE8F883ACF1040C53F8042B52
:10CAF0004CF8042F9E45F9D8ECE700BF30B40B6921
:10CB000005460069C01A10D19B0014351431194430
:10CB10002B4401E09D4208D253F8044D51F8042DF6
:10CB20009442F7D003D24FF0FF3030BC7047012061
:10CB300030BC70472DE9F8430F460D6911696D1A35
:10CB4000002D9046844607F1140402F1140614D116
:10CB500089006318314401E0A3425DD953F8040D04
:10CB600051F8042D9042F7D009D222463B46344674
:10CB7000474616469846012501E0F6DB002560464B
:10CB80007968FFF75DFD3F69D8F81030C56006EBA6
:10CB9000830E04EB870C00F11405002200E00D4623
:10CBA00056F8041B54F8048B1FFA81F912FA88F323
:10CBB0000A0CA3EB0903C2EB184202EB23422946FD
:10CBC0009BB243EA0243B6454FEA224241F8043B96
:10CBD000A046E4D8A44516D90E4658F8045B12FACC
:10CBE00085F31A1402EB15429BB243EA0243C44593
:10CBF00046F8043B4FEA2242EFD80CF1FF352D1BDB
:10CC000025F003050D4423B955F8043D013F002BE1
:10CC1000FAD00761BDE8F88360460021FFF710FDF8
:10CC200001220023C0E90423BDE8F883124B10EE73
:10CC3000902A1A40A2F15073002B04DD00201946FF
:10CC400041EC100B70475B421B15132B07DC4FF4B4
:10CC50000022002042FA03F141EC100B7047143B14
:10CC60001E2BDABF4FF0004222FA03F3012300210A
:10CC7000184641EC100B70470000F07FF8B50469CE
:10CC800000F1140606EB840454F8045C2846FFF710
:10CC900099FDC0F120030A280B60A4F1040131DDE5
:10CCA0008E42A0F10B001AD254F8081C10B3C0F148
:10CCB0002007854021FA07F31D4345F07F53A4F177
:10CCC0000805AE4201FA00F043F4401303D254F8D1
:10CCD0000C1CF9400843024643EC102BF8BD40B150
:10CCE00005FA00F040F07F53002043F44013024661
:10CCF000F2E7014645F07F5343F440130A4643EC04
:10CD0000102BF8BD8E42C0F10B0738BF54F8081C39
:10CD100025FA07FC00F115004CF07F5334BFF940B1
:10CD2000002105FA00F043F4401340EA010243EC0D
:10CD3000102BF8BD2DE9F0430F4683B0012155ECCF
:10CD4000104B1646FFF77CFCC5F30A588146C5F325
:10CD50001303B8F1000F01D043F48013002C0193AA
:10CD60002BD068460094FFF74DFDD0B9DDE90023D4
:10CD7000C9F81420002B14BF02210121C9F8183072
:10CD8000C9F81010B8F1000F24D0A8F2334808EB0E
:10CD90000003C0F135003B603060484603B0BDE899
:10CDA000F083DDE90013C0F1200203FA02F20A4326
:10CDB000C3400193C9F81420DCE701A8FFF722FD66
:10CDC000019BC9F8143001212030C9F81010B8F1C6
:10CDD000000FDAD109EB8103A0F232403860186904
:10CDE000FFF7F0FCC0EB41103060484603B0BDE8EF
:10CDF000F08300BF2DE9F04383B088466946814641
:10CE0000FFF73CFF404601A955EC104BFFF736FFFA
:10CE1000DDE90013D9F81020D8F81000CB1A121A47
:10CE200003EB4213002B57EC106B0DDD05EB0359A0
:10CE30004D4632463B4620462946E3F765FF41EC26
:10CE4000100B03B0BDE8F083C3EB033307EB0351D2
:10CE50000F46EEE71728D0B504460CDD0A490B4F04
:10CE60000020002632463B46E3F724FE013CF9D180
:10CE700041EC100BD0BD064B03EBC004D4E900011C
:10CE800041EC100BD0BD00BF0000F03F000024407B
:10CE90002870040870B414694E1E02F11403761150
:10CEA00003EB840101368B4200EB86060CD2041F93
:10CEB00053F8045B44F8045F9942F9D88B1A153B88
:10CEC00023F0030304331844864204D9002340F8B6
:10CED000043B8642FBD870BC704700BF03694A110F
:10CEE000934210B400F1140410DA04EB83039C4263
:10CEF0001ED253F8040C043B18B115E053F8042D6E
:10CF000092B99C42FAD35DF8044B704704EB82035C
:10CF1000EDDD11F01F01EAD054F8220020FA01F2F1
:10CF200002FA01F18842E2D001205DF8044B70471B
:10CF30000020E8E738B50C460968054609B1FFF757
:10CF4000F9FF21462846BDE83840FEF743BE00BF42
:10CF5000204B1B6883423BD0C36C70B505468BB138
:10CF60000026995939B10C682846FEF733FE214650
:10CF7000002CF8D1EB6C0436802EF2D119462846ED
:10CF8000FEF728FE296C11B12846FEF723FED5F8DE
:10CF9000481151B105F5A676B14206D00C68284675
:10CFA000FEF718FEA6422146F8D1696D11B1284658
:10CFB000FEF710FEAB6B53B1EB6B28469847D5F8E4
:10CFC000E01221B12846BDE87040FFF7B3BF70BD45
:10CFD000704700BF500A002053EC102B70B5164E5E
:10CFE00023F000410025B1420446056021DC10EE2B
:10CFF000106A0E431DD0114E1E40184666B91946E0
:10D00000002210EE100A0E4BE3F754FD6FF03505C9
:10D010000246084621F0004120F0FF40091520F4A7
:10D02000E000A1F2FE3140F07F53294443F40013A5
:10D03000216043EC102B70BDFFFFEF7F0000F07FFD
:10D0400000005043000000009FED010B704700BF3F
:10D05000000000000000F87F9FED010A704700BF4C
:10D060000000C07F002A46D040EA010313F003030A
:10D07000F0B425D1032A23D904680D68AC423CD111
:10D08000043A35D0A4F1013525EA040414F0803FB8
:10D090002ED1071D0D1D0DE057F8043B0E68A3F1BE
:10D0A0000134B34224EA030427D1043A20D014F017
:10D0B000803F1DD1032A2946384605F10405EBD8E7
:10D0C00003780D789D4202F1FF360ED186B17BB117
:10D0D000044602E082180BD053B114F8013F11F856
:10D0E000015FAB42A6EB0402F4D0581BF0BC7047C2
:10D0F0000020F0BC70471046704703780D789D42C1
:10D1000002F1FF36E3D0F0E770B440EA0104A30770
:10D1100027D1032A25D90B460646194653F8045B46
:10D12000A5F1013424EA050414F0803F06D1043A45
:10D13000032A46F8045B1946EFD882B133460C78CF
:10D1400003F8014B551E74B132442E4405E011F82A
:10D15000014FF51A03F8014B2CB19A42F7D170BC7C
:10D1600070470646E9E7002DF9D01D44002203F878
:10D17000012BAB42FBD170BC704700BF2DE9F04FD3
:10D18000936883B09046002B6DD017688D688246F7
:10D190000C460868083743E0A38913F4906F2ED03B
:10D1A000D4E9041505EB4505A0EB010B05EBD5759E
:10D1B0000BEB06006D100130A8422A4684BF0546DD
:10D1C0002A465B0536D511465046FAF7CFFB0028B4
:10D1D0003AD05A4621690190E3F74CF8A289019BA5
:10D1E00022F4906242F08002A281A5EB0B0203EBD5
:10D1F0000B00656123612060A2603546B3465A4644
:10D20000494600F055FED8F80830A2682068551B42
:10D2100058449E1BA5602060C8F808601EB30837FC
:10D2200057E90296AB46002EF9D0AE42B4D235464D
:10D23000B346E4E7504600F0A3FE03460028D4D1ED
:10D2400021695046FEF7C6FC0C23CAF80030A389BA
:10D25000002243F040034FF0FF30A381C8E90122D0
:10D2600003B0BDE8F08F0020C8F8040003B0BDE8AB
:10D27000F08F00BF2DE9F04F91468A89BDB01406AA
:10D2800005910493069003D50B69002B00F02B85C4
:10D2900000230993CDE911330A93CDE90B330193B0
:10D2A00013AB10939A4699F80030002B00F0AA8037
:10D2B000252B00F001854D4603E0252B00F09580DD
:10D2C00025466B786C1C002BF7D1B4EB090600F0F7
:10D2D0009980DDE9113201333244072BCAF80090FE
:10D2E000CAF80460CDE9113200F383800AF1080A1C
:10D2F000019A6B7832440192002B00F08380002366
:10D3000003934FF000029B4663788DF83B2004F1B5
:10D3100001094FF0FF382B2509F10109A3F1200283
:10D320005A2A00F2D182DFE812F0A402CF02CF0223
:10D330009F02CF02CF02CF02AF02CF02CF02330152
:10D340006101CF025C014301CF023E019F009F00BB
:10D350009F009F009F009F009F009F009F00CF02A3
:10D36000CF02CF02CF02CF02CF02CF02CF02CF0235
:10D37000AE007301CF02CF02CF02CF02CF02CF02A5
:10D38000CF02CF02CF02CF026601CF02CF02CF027F
:10D39000BC01CF022501CF02CF028100CF02CF0214
:10D3A000CF02CF02CF02CF02CF02CF02CF02CF02F5
:10D3B000AE008802CF02CF02CF027B0288025B0060
:10D3C000CF026E02CF025502410207025B00CF027C
:10D3D000BC015D00D801CF02CF02ED01CF025D009C
:10D3E0004BF0200B99F8003096E7B4EB090686D095
:10D3F0006FE710AADDE90510FFF7C0FE48B90DF18F
:10D400004C0A75E7129B23B10698059910AAFFF7FD
:10D41000B5FE059B9B8913F0400F019B18BF4FF091
:10D42000FF33019301983DB0BDE8F08FC04A0992E7
:10D430001BF0200F00F06C81049C073424F00702DD
:10D44000F2E8024504921BF0010F09D054EA0502EC
:10D4500006D030228DF83D304BF0020B8DF83C2089
:10D460002BF48067022376E1A3F13002002119F842
:10D47000013B01EB810102EB4101A3F13002092ADA
:10D48000F5D903914AE7049C012554F8043B8DF833
:10D490008C304FF000028DF83B200494029523AEAF
:10D4A0004FF000081BF00203079318BF02351BF072
:10D4B0008403DDE91112089304D1039B5C1B002C4B
:10D4C00000F32F839DF83B4001F1010C0AF10800A5
:10D4D00094B101320DF13B070124BCF1070FCDE9F6
:10D4E00011C2CAE9007400F354838F1C0AF11004BE
:10D4F00061468246BC462046079B7BB102320FA99B
:10D500000223BCF1070FCDE911C2CAE9001300F3F1
:10D510005083614682460CF1010C0830089B802B39
:10D5200000F01D82029BA8EB0304002C00F35F8235
:10D53000029BCDF844C01A44BCF1070F1292CAE90D
:10D54000006300F399821BF0040F04D0039B5C1B63
:10D55000002C00F33E83019B0399A942ACBF5B18EA
:10D560005B190193002A40F0D182002311930DF141
:10D570004C0A98E61BF0200F4BF0100740F0BE81DC
:10D58000049B1A1D049B04921C6800250123E2E001
:10D59000049A99F8003052F8041B03910029C0F254
:10D5A000BE830492B8E64BF0800B99F80030B3E6E6
:10D5B000494611F8013B2A2B00F01684A3F13002F2
:10D5C000092A89464FF000083FF6A8AE19F8013B3A
:10D5D00008EB880802EB4808A3F13002092AF5D9C4
:10D5E0009CE699F800304BF0040B95E68DF83B5023
:10D5F00099F8003090E61BF0200F4BF0100740F038
:10D600007181049B1A1D049B04921C68002570E123
:10D610001BF0200F4BF0100740F07A81049B1A1D7D
:10D62000049B04921C68E51722462B46002A73F1DE
:10D63000000380F27C8164424FF02D0365EB4505C9
:10D64000B8F1FF3F8DF83B304FF0010340F08B8085
:10D65000012B00F07681022B00F0F8823CA900E05B
:10D660003146E20842EA4572E80804F0070305463D
:10D670001446303354EA050201F8013C01F1FF364B
:10D68000EED1FA0740F13D82302B00F03A82302390
:10D69000023906F8013C3CAB5B1ABB4602930E46CE
:10D6A00078E0049C54F8046B4FF000038DF83B3095
:10D6B000002E00F05083B8F1FF3F00F00C8342468B
:10D6C00000213046E2F774FE002800F08583831BBA
:10D6D000029304944FF000085CE01BF0200F40F030
:10D6E0000C81049A1BF0100F52F8044B40F0898310
:10D6F0001BF0400F04925F4600F04383A4B2002564
:10D70000012328E00B4A09921BF0200F7FF494AE0E
:10D71000049A1BF0100F52F8044B049240F0B982A7
:10D720001BF0400F00F0B182A4B200258BE600BFD1
:10D730008C6E0408786E0408049C54F8043B04942E
:10D7400047F630021C46CA4B0993ADF83C204BF01B
:10D750000207002502234FF00002B8F1FF3F8DF8C9
:10D760003B203FF475AF54EA050227F0800B40F0F0
:10D77000D681B8F1000F40F06282002B40F07F822A
:10D7800017F00103029300F09A8230238DF8EF30F6
:10D790000DF1EF06029A9DF83B304245B8BF424674
:10D7A0001546002B3FF47EAE01357BE61BF0200FC3
:10D7B00040F09780049A1BF0100F52F8044B5F461C
:10D7C0007FF421AF1BF0400F049200F0D482A4B28A
:10D7D00000258EE0049A1BF0200F02F1040340F0B4
:10D7E00070821BF0100F40F0AF821BF0400F40F032
:10D7F000EA821BF4007F00F0A782049A0493126867
:10D80000019B13704FE599F800306C2B03BF99F81A
:10D8100001304BF0200B09F101094BF0100B7BE5B7
:10D8200099F80030682B03BF99F801304BF4007B66
:10D8300009F101094BF0400B6EE51BF0200F66D19A
:10D84000049B1BF0100F03F1040240F0D8821BF080
:10D85000400F049B00F08882B3F900400492E51762
:10D860005F4622462B465DE04BF0010B99F80030F5
:10D8700052E59DF83B2099F80030002A7FF44CAD2A
:10D8800020228DF83B2047E5069E3046FEF79CFEA1
:10D8900043680B931846E4F7B7F90C9004463046FA
:10D8A000FEF792FE83680A93002C3FF49BAD0A9A20
:10D8B00099F80030002A3FF42FAD1278002A3FF487
:10D8C0002BAD4BF4806B27E5002B3FF49BAD01257E
:10D8D0008DF88C304FF000038DF83B30029523AE6D
:10D8E000DEE55F46049C073424F00703F3E80245B5
:10D8F000049327F4806700232DE75F46049C0734D8
:10D9000024F00703F3E802450493012323E75F466D
:10D91000049C073424F007031946F1E8022304911C
:10D9200014461D46002A73F10003FFF684AEB8F1D9
:10D93000FF3F06D054EA050327F0800B00F09B81DF
:10D940005F46002D08BF0A2C80F0A18030340123EF
:10D950008DF8EF40BB4602930DF1EF061AE7039BEB
:10D960005C1B002C7FF7DEAD102C424F40F3398258
:10D97000079650461023CA46059EA946069D04E018
:10D98000103C102C00F1080017DD0131103207297E
:10D99000CDE91112C0E90073F2DD10AA3146284624
:10D9A000FFF7ECFB00287FF434AD103C102CDDE9D0
:10D9B000111213A84FF01003E7DC079E4D4601310A
:10D9C000D14600F108038246224407291292CAE98F
:10D9D0000074119100F3A78103F108009A46029B9D
:10D9E000A8EB0304002C01F1010C7FF7A1AD102C72
:10D9F000204F40F3CD81079650464FF01008CA469D
:10DA0000059EA946069D04E0103C102C00F108007C
:10DA100015DD013110320729CDE91112C0E9007876
:10DA2000F2DD10AA31462846FFF7A8FB00287FF454
:10DA3000F0AC103C102CDDE9111213A8E9DC079EB4
:10DA40004D4601F1010CD14600F108038246224403
:10DA5000BCF1070F1292CAE90074CDF844C000F37C
:10DA60001B810CF1010C03F108009A4660E500BF30
:10DA7000786E04083471040810AADDE90510FFF778
:10DA80007DFB00287FF4C5AC129A13A85BE507F470
:10DA900080630297CDF81C904FF0000BC1463CAE5E
:10DAA0001F46DDF8288007E0E3F7FCFA002D08BFE9
:10DAB0000A2C20D304460D460A220023204629467C
:10DAC000E3F7F0FA02F1300C06F801CC20462946C3
:10DAD0000A2200230BF1010B013E002FE4D098F83D
:10DAE00000C0DC45E0D1BBF1FF0FDDD09D4208BF97
:10DAF000944280F04F81CDF82880029FC846DDF81F
:10DB00001C903CAB9B1BBB46029343E610AADDE98D
:10DB10000510FFF733FB00283FF427AD79E45F469B
:10DB200096E5102CBC4F28DD0D9650461023CA46B2
:10DB3000059EA946069D04E0103C102C00F108004B
:10DB400017DD013110320729CDE91112C0E9007348
:10DB5000F2DD10AA31462846FFF710FB00287FF4BB
:10DB600058AC103C102CDDE9111213A84FF0100333
:10DB7000E7DC0D9E4D46D1468246013122440729FD
:10DB8000CDE91112CAE9007400F3BB800AF1080A5A
:10DB900098E410AADDE90510FFF7F0FA00287FF4F9
:10DBA00038ACDDE9111215A801F1010C0DF14C0A98
:10DBB000A2E410AADDE90510FFF7E0FA00287FF4DF
:10DBC00028ACDDE9111215A801F1010C0DF14C0A88
:10DBD000A4E4102C119B904F1EDD1026DDE905A852
:10DBE00004E0103C102C00F1080015DD0133103268
:10DBF000072BCDE91132C0E90076F2DD10AA5146BB
:10DC00004046FFF7BBFA00287FF403AC103C102C11
:10DC1000DDE9113213A8E9DC01332244072BCDE9F9
:10DC20001132C0E900747FF796AC10AADDE9051047
:10DC3000FFF7A4FA00287FF4ECAB129A8BE4012BD7
:10DC400000F0C880022B5F467FF408AD09983CAE17
:10DC5000230904F00F0143EA05732A091C461546FF
:10DC6000435C06F8013D54EA0503F1D13CAB9B1B34
:10DC7000BB4602938EE5B8F1000F40F0AB804FF049
:10DC80000008CDF808803CAE84E51BF4007F40F02E
:10DC900096800025FFF7D7BB10AADDE90510FFF736
:10DCA0006DFA00287FF4B5ABDDE9113215A803F158
:10DCB000010C0DF14C0A3BE44C46FFF720BB3CAE97
:10DCC00068E5019912680493CD1708462946C2E910
:10DCD0000001FFF7E8BA30460494E3F795FF4FF0F0
:10DCE0000008029056E54021F9F740FE059B1860B8
:10DCF0001861002800F08880059A40235361FFF7DF
:10DD0000C7BA10AADDE90510FFF738FA00287FF43A
:10DD100080ABDDE911120DF14C0AFFF7D3BB49428C
:10DD2000CDE903125FE410AADDE90510FFF726FA3A
:10DD300000287FF46EABDDE9111215A801F1010C8A
:10DD40000DF14C0AFFF7EEBB049A12680493019B95
:10DD50001360FFF7A8BA4546062D28BF0625029591
:10DD600004942E4EFFF79CBB1BF4007F14BF93F965
:10DD700000401C6872E51BF4007F18BFE4B2002568
:10DD8000B7E51BF4007F18BFE4B200250123E2E4ED
:10DD900003465CE60C9B0B99F61A1A463046FFF7D1
:10DDA000B3F998F801300BB108F101080A220023F9
:10DDB000204629464FF0000BE3F774F97AE6E4B207
:10DDC0000025FFF740BB049A04931268019B13805F
:10DDD000FFF769BA5F46B9E5CDF80880049480463C
:10DDE000D8E403466146EFE5049A99F8013052F809
:10DDF000040B0492894640EAE078FFF78DBA5F464B
:10DE00000EE45F46FFF7BEBB069A0C2313604FF08B
:10DE1000FF330193FFF706BB24710408A06E0408CA
:10DE200010B4034CD4F8E040A4465DF8044B6047BE
:10DE3000840E002049B1FF2A02D80A7001207047E1
:10DE40008A2303604FF0FF3070470846704700BFD9
:10DE500010B502FB01F1F9F789FD044668B150F8ED
:10DE6000042C22F00302043A242A18D8132A06D8D4
:10DE700002460023C2E900339360204610BD002310
:10DE80001B2AC0E900330FD9242AC0E9023312BF8C
:10DE900000F11002C0E9043300F11802E9E70021A3
:10DEA000FAF71CF8204610BD00F10802E1E700BFB8
:10DEB0008842F0B40DD98B1883420AD9841832B144
:10DEC000224613F8014D02F8014D9942F9D1F0BCF8
:10DED00070470F2A0ED80346541E002AF7D001348B
:10DEE0000C44013B11F8012B03F8012FA142F9D199
:10DEF000F0BC704740EA01039B073BD1A2F1100739
:10DF00003F0901F1200606EB071601F1100300F1AD
:10DF1000100453F8105C44F8105C53F80C5C44F89F
:10DF20000C5C53F8085C44F8085C53F8045C44F853
:10DF3000045C1033B34204F11004EAD17B1C1B01D2
:10DF400012F00C0F194402F00F05034415D0043DE4
:10DF5000AD0803EB850C1C1F0E4656F8047B44F8F5
:10DF6000047F6445F9D10135AD002B44294402F00A
:10DF70000302B1E7541E0346B1E72A46ACE700BFEF
:10DF80002DE9F84F1746002900F0BB8007F10B047C
:10DF900081460D46F9F7F2FF162C5ED81024224672
:10DFA000A7425FD855F804EC2EF00306A5F1080847
:10DFB000964208EB060A80F28180CB4BDAF8040027
:10DFC0009968514500F0B58020F0010353445B6827
:10DFD000DB0700F18A8020F003003318934280F2BF
:10DFE00012811EF0010F0FD155F8083CA8EB030B6E
:10DFF000DBF8041021F0030108448319934280F2F6
:10E0000016817318934234DA39464846F9F7AEFC64
:10E010000746E0B155F8043C23F001034344A0F166
:10E020000802934200F0F780321F242A00F2FB809E
:10E03000132A296800F2C98003462A4619605168EC
:10E04000596092689A6029464846FDF7C3FD4846E4
:10E05000F9F79AFF3846BDE8F88F24F00704002C42
:10E0600022469DDA0C23C9F8003000273846BDE867
:10E07000F88F5F46DBF80C1057F8080F321F242A80
:10E08000C1600BEB030A886000F2D980132A29686B
:10E0900040F2D380CBF808106968CBF80C101B2A2B
:10E0A000A96800F2E0800BF1100208351160696880
:10E0B0005160A96891601E46D8463D46D8F80430A4
:10E0C000321B0F2A03F0010320D83343C8F8043071
:10E0D000DAF8043043F00103CAF8043048462F460A
:10E0E000F9F752FF3846BDE8F88F1EF0010F8BD1CB
:10E0F00055F8083CA8EB030BDBF8041021F00301F2
:10E100007FE71146BDE8F84FF9F730BC08EB040192
:10E11000234342F00102C8F804304A60DAF80430C0
:10E1200043F001030831CAF804304846FDF752FDB8
:10E13000D4E720F00300311804F1100C61454FDAE8
:10E140001EF0010F7FF460AF55F8081CA8EB010B1F
:10E15000DBF8041021F00301084400EB060AD44563
:10E160003FF74FAF5F46DBF80C1057F8080F321F30
:10E17000242AC160886000F29980132A296840F23D
:10E180009380CBF808106968CBF80C101B2AA9689B
:10E1900000F292800BF1100208351160696851603D
:10E1A000A96891600BEB0401AAEB040242F00102A2
:10E1B00099604A60DBF8043003F001031C434846D1
:10E1C000CBF80440F9F7E0FE50E701606B6843606C
:10E1D0001B2A3CD805F1080200F10803A9682DE7C5
:10E1E00008EB04000A1B42F001029860426055F8F7
:10E1F000043C03F001031C43484645F8044CF9F77E
:10E20000C3FE2F4632E7DAE902121E46CA6008EB67
:10E21000030A916052E750F8043C23F003031E44C4
:10E2200008EB060A4AE72946FFF742FE0BE7DAE960
:10E2300002125F46CA6091601CE73A4636E72946FB
:10E2400038461E46D846FFF733FE3D4636E7AB68F4
:10E250008360EB68C360242A11D005F1100200F13D
:10E2600010032969EAE6CBF81010E968CBF814101E
:10E27000242A0ED029690BF11802103516E72B69F4
:10E2800003616B694361A96905F1180200F1180384
:10E29000D4E62A69CBF818206A69CBF81C20A96952
:10E2A0000BF12002183501E73A4676E72946384651
:10E2B000FFF7FEFD0C4B75E7CBF81010E968CBF8C3
:10E2C0001410242A04D029690BF11802103564E7D0
:10E2D0002A69CBF818206A69CBF81C20A9690BF1D0
:10E2E0002002183559E700BF40060020044A0549BE
:10E2F0001368002B08BF0B4618441060184670477F
:10E300009C430220C84302202E7761760000000063
:10E310006D6700002E7478740000000073706C69E3
:10E32000636500006F7074696F6E732E747874008B
:10E33000256420256420300A000000002F2F0A00E9
:10E340002F2F206669726D77617265207665727312
:10E35000696F6E20313535620A0000002F2F20666C
:10E3600069726D776172652076657273696F6E2070
:10E37000256F0A002F2F2030206F7074696F6E2078
:10E3800069732064656661756C740A0076736F70DA
:10E39000202564202F2F2F56617269737065656484
:10E3A000206F7074696F6E3A203020626964697200
:10E3B000656374696F6E616C20636C61737369630C
:10E3C0002C2031206269646972656374696F6E61C3
:10E3D0006C203120762F6F63742C203220706F7385
:10E3E0006974697665206F6E6C79202D20312076F6
:10E3F0002F6F63742E0A0000696E6F7020256420F1
:10E400002F2F496E707574206F7074696F6E3A208B
:10E4100030207265636F726420534F53206D6978AA
:10E420002C2031207265636F726420696E70757480
:10E43000206F6E6C790A0000706D696E2025642073
:10E440002F2F50686173652F706F736974696F6ED9
:10E45000206D6F64756C6174696F6E3A2030206E48
:10E460006F207068617365206D6F64756C6174698D
:10E470006F6E2C203120706861736520706C61793B
:10E480006261636B206D6F64756C6174696F6E207F
:10E490006F6E207269676874207369676E616C20A3
:10E4A000696E707574207768656E206E6F20736971
:10E4B000676E616C206F6E206C65667420696E708B
:10E4C00075740A006F6D6F64202564202F2F4F72C2
:10E4D00067616E697A65206F7074696F6E3A20307B
:10E4E000206F7267616E697A6520617420656E6461
:10E4F000206F662067656E652C2031206F72676122
:10E500006E697A6520696D6D6564696174656C79A1
:10E510000A000000676E736D202564202F2F476569
:10E520006E6520736D6F6F74683A203020636C6184
:10E53000737369632C203120736D6F6F746820676B
:10E54000656E652077696E646F770A0072736F700D
:10E55000202564202F2F5265636F7264206F7074C2
:10E56000696F6E3A2030207265636F7264202B20D1
:10E5700073706C696365203D207265636F726420FF
:10E580006E65772073706C6963652C207265636FAC
:10E590007264203D207265636F72642063757272CD
:10E5A000656E742073706C6963653B203120726501
:10E5B000636F7264202B2073706C696365203D204B
:10E5C0007265636F72642063757272656E74207316
:10E5D000706C6963652C207265636F7264203D20E6
:10E5E0007265636F7264206E65772073706C696307
:10E5F000650A0000706D6F64202564202F2F506C19
:10E600006179206F7074696F6E3A203020636C619D
:10E61000737369632C2031206D6F6D656E74617248
:10E62000792C20322074726967676572206C6F6F75
:10E63000700A0000636B6F70202564202F2F436CDD
:10E640006F636B20636F6E74726F6C206F70746990
:10E650006F6E3A2030206879627269642067656E57
:10E66000652073686966742074696D6520737472BF
:10E67000657463682C20312067656E652073686956
:10E680006674206F6E6C792C20322074696D652061
:10E6900073747265746368206F6E6C790A00000091
:10E6A00063766F70202564202F2F4356206F75747A
:10E6B0003A203020656E76656C6F706520666F6CF1
:10E6C0006C6F772C20312072616D702067656E65EC
:10E6D0000A0000006D637231202573202F2F4D6FCB
:10E6E0007270682043686F726420526174696F3A77
:10E6F00020302E303632353020746F2031362E30B7
:10E70000303030302C206E65676174697665206921
:10E710007320726576657273650A00006D637232EC
:10E72000202573202F2F4D6F7270682043686F7201
:10E730006420526174696F3A20302E3036323530A1
:10E7400020746F2031362E30303030302C206E6502
:10E750006761746976652069732072657665727386
:10E76000650A00006D637233202573202F2F4D6FD3
:10E770007270682043686F726420526174696F3AE6
:10E7800020302E303632353020746F2031362E3026
:10E79000303030302C206E65676174697665206991
:10E7A0007320726576657273650A00002F2F4465C9
:10E7B0006661756C742043686F72643A20322E3043
:10E7C0002C20312E352C20312E33333333330A00B5
:10E7D0002F2F526174696F205461626C65202D2067
:10E7E000457175616C2054656D706572616D656E03
:10E7F000740A00002F2F312E30303030303A20553F
:10E800006E69736F6E0A00002F2F312E3035393448
:10E81000363A206D696E6F7220326E640A00000015
:10E820002F2F312E31323234363A204D616A6F72D9
:10E8300020326E640A0000002F2F312E3138393219
:10E84000303A206D696E6F72203372640A000000E6
:10E850002F2F312E32353939323A204D616A6F729D
:10E86000203372640A0000002F2F312E33333438E6
:10E87000343A2050657266656374203474680A0007
:10E880002F2F312E34313432313A20547269746F63
:10E890006E650A002F2F312E34393833303A20502C
:10E8A000657266656374203574680A002F2F312EF7
:10E8B00035383734303A206D696E6F72203674689F
:10E8C0000A0000002F2F312E36383137393A204DCB
:10E8D000616A6F72203674680A0000002F2F312E93
:10E8E00037383137393A206D696E6F722037746866
:10E8F0000A0000002F2F312E38383737343A204D98
:10E90000616A6F72203774680A0000002F2F322E60
:10E9100030303030303A204F63746176650A000041
:10E920002F2F4D756C7469706C79207468657365F0
:10E93000206E756D6265727320627920322C2034EE
:10E94000206F72203820666F722068696768657270
:10E95000206F6374617665732C20646976696465E1
:10E9600020666F72206C6F776572206F63746176BA
:10E9700065732E0A000000006D67312E7761760006
:10E98000DCA1713E52B6783E0000803E3CC0833E22
:10E99000849C873EC4958B3EE6AC8F3E93E2933ECB
:10E9A000F837983EBCAD9C3E0F45A13EDAFEA53E31
:10E9B0000ADCAA3EA9DDAF3EE604B53ECE52BA3E21
:10E9C0008EC8BF3E3467C53EEC2FCB3E2924D13ED6
:10E9D000F644D73EC493DD3EE411E43EC6C0EA3EB1
:10E9E000BAA1F13E52B6F83E0000003F2BC0033FF3
:10E9F000849C073FC4950B3FD6AC0F3F93E2133F77
:10EA0000F837183FCDAD1C3F2045213FDAFE253FAA
:10EA10000ADC2A3FBADD2F3FF704353FDF523A3F89
:10EA20008EC83F3F2367453FFD2F4B3F2924513F71
:10EA3000F644573FD5935D3FF511643FC6C06A3F2A
:10EA4000BAA1713F52B6783F0000803F2BC0833F90
:10EA50007C9C873FC4958B3FD6AC8F3F9BE2933F16
:10EA6000EF37983FCDAD9C3F1745A13FDAFEA53F5C
:10EA70000ADCAA3FBADDAF3FF704B53FD652BA3F32
:10EA800086C8BF3F2C67C53FF52FCB3F2024D13F21
:10EA9000FE44D73FCD93DD3FED11E43FC6C0EA3FD2
:10EAA000C2A1F13F52B6F83F000000402BC0034026
:10EAB0007C9C0740C0950B40D6AC0F4097E21340BA
:10EAC000EF371840C9AD1C4017452140D6FE254000
:10EAD0000ADC2A40B5DD2F40F3043540D6523A40D7
:10EAE00086C83F402C674540F52F4B4025245140B8
:10EAF000FE445740CD935D40F1116440C6C06A406A
:10EB0000BEA1714052B67840000080402DC08340C5
:10EB10000000003FCDCC4C3D0AD7A33B6F12033A17
:10EB200017B75138ACC5A736BD37063595BF563334
:10EB300077CCAB315F700930FFE65B2E1700170012
:10EB4000790079001200000062000200000001005C
:10EB50000000803F8480803F0402813F9084813F99
:10EB60002008823FBD8C823F6F12833F2D99833FE7
:10EB70000821843FF8A9843F0534853F38BF853F8D
:10EB8000884B863F06D9863FA967873F83F7873F33
:10EB90008B88883FCA1A893F3EAE893FFA428A3F36
:10EBA000F5D88A3F37708B3FC0088C3F98A28C3FC6
:10EBB000C93D8D3F51DA8D3F31788E3F7A178F3FB7
:10EBC00024B88F3F365A903FB9FD903FB6A2913F8F
:10EBD0002349923F13F1923F849A933F8045943F9B
:10EBE00006F2943F27A0953FDB4F963F3201973FB7
:10EBF00024B4973FCB68983F1D1F993F23D7993F77
:10EC0000E6909A3F6E4C9B3FC4099C3FDEC89C3FF8
:10EC1000D7899D3FAD4C9E3F62119F3F06D89F3FD5
:10EC2000A1A0A03F336BA13FC537A23F6006A33F21
:10EC30000AD7A33FCEA9A43FB37EA53FC155A63FA7
:10EC4000012FA73F850AA83F42E8A83F4BC8A93F2C
:10EC5000A8AAAA3F698FAB3F8E76AC3F2860AD3F34
:10EC6000404CAE3FDE3AAF3F0A2CB03FD61FB13F1B
:10EC70004016B23F620FB33F3D0BB43FEA09B53FC8
:10EC80005F0BB63FBF0FB73F0117B83F4721B93FF2
:10EC9000882EBA3FE63EBB3F6152BC3F1269BD3F82
:10ECA000F982BE3F30A0BF3FBEC0C03FBDE4C13F00
:10ECB000350CC33F2E37C43FCB65C53F0B98C63FCD
:10ECC00010CEC73FD907C93F8945CA3F2787CB3FE9
:10ECD000CDCCCC3F8B16CE3F7364CF3F9EB6D03F9A
:10ECE000240DD23F0E68D33F7EC7D43F842BD63F3E
:10ECF0003A94D73FB001D93F1074DA3F64EBDB3F61
:10ED0000CB67DD3F60E9DE3F3B70E03F76FCE13FF3
:10ED10003B8EE33F9A25E53FB5C2E63FAE65E83F4F
:10ED20009D0EEA3FB6BDEB3F0073ED3FB62EEF3FC1
:10ED3000F1F0F03FD4B9F23F8F89F43F3D60F63FE8
:10ED4000103EF83F2923FA3FC30FFC3FF703FE3F75
:10ED50000000004004020140200802406F120340FE
:10ED600008210440093405408C4B0640A967074040
:10ED70008788084043AE0940F5D80A40C0080C40D7
:10ED8000CD3D0D4036780E4024B80F40BDFD1040FB
:10ED900023491240849A13400AF21440DB4F164074
:10EDA00024B41740191F1940E6901A40C0091C40AE
:10EDB000D7891D4066111F40A1A02040C1372240C5
:10EDC0000AD72340B77E2540062F27403EE828403B
:10EDD000ACAA2A4092762C40404C2E400A2C30405F
:10EDE00044163240410B34405F0B36400117384027
:10EDF0008C2E3A4065523C40F9823E40C2C04040B1
:10EE0000310C4340C76545400CCE474089454A40D8
:10EE1000CDCC4C4073644F40200D52407AC75440D3
:10EE2000369457400C745A40C7675D403770604055
:10EE30003B8E6340B5C26640A20E6A4004736D40CB
:10EE4000F1F070408F897440103E7840C30F7C40D1
:10EE50000000804020088240082184408A4B864080
:10EE600089888840F3D88A40CB3D8D4024B88F40B4
:10EE70002549924008F2944026B49740E9909A4080
:10EE8000D9899D40A1A0A0400AD7A340062FA74042
:10EE9000AAAAAA40424CAE404216B240610BB6400C
:10EEA0008C2EBA40F982BE40310CC3400CCEC74014
:10EEB000CDCCCC40220DD2403694D740C967DD403E
:10EEC000398EE340A20EEA40F1F0F040103EF840E7
:10EED000000000410921044188880841CB3D0D41D3
:10EEE0002449124125B41741D9891D410AD723412C
:10EEF000ABAA2A41431632418C2E3A41310C434190
:10EF0000CDCC4C4136945741398E6341F1F070417C
:10EF1000000080418988884124499241D9899D41D6
:10EF2000AAAAAA418B2EBA41CDCCCC41398EE3415D
:10EF30000000004225491242ABAA2A42CDCC4C42E5
:10EF400000008042ABAAAA420000004300008043B8
:10EF50000000003D0000803CABAA2A3C0000003CC1
:10EF6000CDCCCC3BABAAAA3B2549923B0000803BD1
:10EF7000398E633BCDCC4C3B8C2E3A3BABAA2A3B23
:10EF8000D9891D3B2549123B8988083B0000003B7D
:10EF9000F1F0F03A398EE33A3694D73ACDCCCC3A08
:10EFA000310CC33A8C2EBA3A4316B23AABAAAA3AFB
:10EFB0000AD7A33AD9899D3A26B4973A2549923A75
:10EFC000CB3D8D3A8988883A0821843A0000803AFE
:10EFD000103E783AF1F0703AA10E6A3A398E633AEF
:10EFE000C9675D3A3694573A210D523ACDCC4C3A26
:10EFF0000CCE473A310C433AFA823E3A8C2E3A3ADA
:10F00000610B363A4316323A414C2E3AABAA2A3AB1
:10F01000052F273A0AD7233AA1A0203AD9891D3AC9
:10F02000E8901A3A26B4173A09F2143A2549123AE6
:10F0300024B80F3ACB3D0D3AF3D80A3A8988083AFA
:10F040008A4B063A0821043A2108023A0000003AA5
:10F05000C10FFC39103EF8398D89F439F1F0F039DF
:10F060000473ED39A10EEA39B4C2E639398EE339B9
:10F070003870E039C967DD390E74DA393694D7391A
:10F080007BC7D439210DD2397564CF39CDCCCC3979
:10F090008845CA390CCEC739C865C539310CC33962
:10F0A000C1C0C039FA82BE396452BC398C2EBA391B
:10F0B0000317B839610BB639410BB4394316B2396D
:10F0C0000B2CB039414CAE399276AC39ABAAAA3987
:10F0D0003FE8A839052FA739B57EA5390AD7A33946
:10F0E000C337A239A1A0A03966119F39D9899D39AA
:10F0F000C1099C39E8909A391A1F993926B4973971
:10F10000DA4F963909F29439869A9339254992391A
:10F11000BCFD903924B88F3935788E39CB3D8D3987
:10F12000C1088C39F3D88A3941AE89398988883940
:10F13000AB6787398A4B8639083485390821843989
:10F140006F12833921088239040281390000803925
:10F15000F8037E39C10F7C392D237A39103E783976
:10F160003E6076398D897439D6B97239F1F07039CB
:10F17000B72E6F3904736D39B3BD6B39A10E6A397F
:10F18000AC656839B4C2663998256539398E6339FA
:10F1900078FC6139387060395CE95E39C9675D397E
:10F1A00062EB5B390E745A39B201593936945739CA
:10F1B000812B56397BC754390D685339210D52398B
:10F1C000A0B6503975644F398A164E39CDCC4C39BA
:10F1D00028874B3988454A39DA0749390CCE4739EF
:10F1E0000C984639C865453930374439310C4339B4
:10F1F000BCE44139C1C0403930A03F39FA823E39C0
:10F2000010693D3964523C39E73E3B398C2E3A391E
:10F210004421393903173839BB0F3739610B363977
:10F22000E7093539410B3439630F33394316323925
:10F23000D41F31390B2C3039DE3A2F39414C2E395D
:10F240002B602D3992762C396A8F2B39ABAA2A394B
:10F250004AC829393FE82839810A2839052F273932
:10F26000C4552639B57E2539CFA924390AD7233983
:10F270005E062339C3372239316B2139A1A02039E9
:10F280000AD81F3966111F39AD4C1E39D9891D396D
:10F29000E1C81C39C1091C39704C1B39E8901A3976
:10F2A00023D719391A1F1939C868183926B41739DC
:10F2B0002E011739DA4F163925A0153909F21439FC
:10F2C00081451439869A133914F1123925491239B6
:10F2D000B4A21139BCFD1039385A103924B80F398D
:10F2E0007A170F3935780E3952DA0D39CB3D0D3991
:10F2F0009CA20C39C1080C3934700B39F3D80A3987
:10F30000F8420A3941AE0939C71A093989880839DA
:10F3100081F70739AB67073905D906398A4B0639B2
:10F3200037BF053908340539FAA9043908210439E9
:10F33000309903396F120339C08C02392108023920
:10F340008E840139040201398180003900000039BE
:10F35000FF00FF38F803FE38E508FD38C10FFC3820
:10F360008518FB382D23FA38B22FF938103EF838BB
:10F37000404EF7383E60F6380474F5388D89F4381D
:10F38000D5A0F338D6B9F2388CD4F138F1F0F03892
:10F39000010FF038B72EEF380F50EE380473ED3808
:10F3A0009197EC38B3BDEB3864E5EA38A10EEA3842
:10F3B0006539E938AC65E8387393E738B4C2E638A4
:10F3C0006DF3E5389825E5383359E438398EE3385C
:10F3D000A7C4E23878FCE138AA35E1383870E03863
:10F3E0001FACDF385CE9DE38EB27DE38C967DD3873
:10F3F000F1A8DC3862EBDB38172FDB380E74DA3813
:10F4000042BAD938B201D9385A4AD8383694D7389E
:10F4100044DFD638812BD638E978D5387BC7D43845
:10F420003317D4380D68D33808BAD238210DD23802
:10F430005461D138A0B6D038010DD0387564CF38BA
:10F44000F9BCCE388A16CE382771CD38CDCCCC3821
:10F450007829CC382887CB38D8E5CA388845CA38C7
:10F4600034A6C938DA07C938796AC8380CCEC73823
:10F470009432C7380C98C63874FEC538C865C5388C
:10F4800008CEC4383037C4383EA1C338310CC33835
:10F490000678C238BCE4C1385052C138C1C0C03847
:10F4A0000C30C03830A0BF382B11BF38FA82BE38BC
:10F4B0009DF5BD381069BD3853DDBC386452BC3889
:10F4C00041C8BB38E73EBB3856B6BA388C2EBA387E
:10F4D00086A7B9384421B938C39BB8380317B83860
:10F4E0000193B738BB0FB738318DB638610BB638DA
:10F4F000488AB538E709B5383A8AB438410BB43888
:10F50000FA8CB338630FB3387C92B2384316B238F2
:10F51000B69AB138D41FB1389BA5B0380B2CB0388F
:10F5200022B3AF38DE3AAF383EC3AE38414CAE38C6
:10F53000E6D5AD382B60AD3810EBAC389276AC38F0
:10F54000B002AC386A8FAB38BE1CAB38ABAAAA3855
:10F550002F39AA384AC8A938FB57A9383FE8A83834
:10F560001779A838810AA8387B9CA738052FA738B7
:10F570001EC2A638C455A638F7E9A538B57EA53809
:10F58000FD13A538CFA9A4382940A4380AD7A33839
:10F59000726EA3385E06A338CF9EA238C337A23856
:10F5A0003AD1A138316BA138A905A138A1A0A03862
:10F5B000173CA0380AD89F387A749F3866119F3854
:10F5C000CDAE9E38AD4C9E3807EB9D38D9899D381D
:10F5D00022299D38E1C89C3817699C38C1099C389C
:10F5E000DFAA9B38704C9B3873EE9A38E8909A38B3
:10F5F000CD339A3823D79938E77A99381A1F993832
:10F60000BBC39838C8689838410E983826B49738E4
:10F61000755A97382E01973850A89638DA4F963891
:10F62000CCF7953825A09538E548953809F29438F7
:10F63000939B943881459438D2EF9338869A9338C7
:10F640009C45933814F19238EC9C923825499238B5
:10F65000BDF59138B4A2913809509138BCFD90386D
:10F66000CCAB9038385A90380109903824B88F388C
:10F67000A2678F387A178F38ABC78E3835788E38B7
:10F6800018298E3852DA8D38E38B8D38CB3D8D3882
:10F6900009F08C389CA28C3884558C38C1088C3881
:10F6A00051BC8B3834708B386B248B38F3D88A3844
:10F6B000CD8D8A38F8428A3874F8893841AE893855
:10F6C0005C648938C71A893881D188388988883834
:10F6D000DE3F883881F7873870AF8738AB67873867
:10F6E0003320873805D98638239286388A4B863866
:10F6F0003C05863837BF85387C79853808348538AD
:10F70000DDEE8438FAA984385E65843808218438AF
:10F71000F9DC833830998338AD5583386F128338DC
:10F7200075CF8238C08C82384E4A823821088238A0
:10F7300036C681388E848138284381380402813866
:10F7400022C1803881808038204080380000803895
:10F7500040807F38FF007F383D827E38F8037E3856
:10F7600031867D38E5087D38168C7C38C10F7C38B1
:10F77000E6937B3885187B389D9D7A382D237A381F
:10F7800034A97938B22F7938A6B67838103E78384F
:10F79000EEC57738404E773805D776383E607638F4
:10F7A000E8E975380474753891FE74388D897438B9
:10F7B000FA147438D5A073381F2D7338D6B972383F
:10F7C000FB4672388CD4713889627138F1F0703828
:10F7D000C47F7038010F7038A89E6F38B72E6F380D
:10F7E0002FBF6E380F506E3856E16D3804736D3888
:10F7F00018056D3891976C38702A6C38B3BD6B382A
:10F800005A516B3864E56A38D1796A38A10E6A3882
:10F81000D2A369386539693859CF6838AC6568381A
:10F8200060FC673873936738E42A6738B4C2663877
:10F83000E25A66386DF36538548C6538982565381A
:10F8400038BF64383359643889F36338398E633884
:10F8500043296338A7C462386360623878FC613832
:10F86000E5986138AA356138C6D26038387060389A
:10F87000010E60381FAC5F38934A5F385CE95E3830
:10F880007A885E38EB275E38B0C75D38C9675D3867
:10F8900034085D38F1A85C38014A5C3862EB5B38AB
:10F8A000148D5B38172F5B386AD15A380E745A386A
:10F8B00000175A3842BA5938D35D5938B20159380D
:10F8C000DFA558385A4A583821EF573836945738F8
:10F8D0009739573844DF56383D855638812B56388E
:10F8E00010D25538E97855380D2055387BC7543833
:10F8F000326F5438331754387CBF53380D6853383F
:10F90000E710533808BA523871635238210D523813
:10F9100017B7513854615138D70B5138A0B6503809
:10F92000AE615038010D503899B84F3875644F3872
:10F9300095104F38F9BC4E38A0694E388A164E38AB
:10F94000B8C34D3827714D38D91E4D38CDCC4C3801
:10F95000027B4C3878294C3830D84B3828874B38C4
:10F9600060364B38D8E54A3890954A3888454A3849
:10F97000BFF5493834A64938E8564938DA074938D6
:10F980000BB94838796A4838241C48380CCE4738B7
:10F99000328047389432473832E546380C9846383A
:10F9A000224B463874FE453801B24538C8654538A3
:10F9B000CB19453808CE44387F8244383037443834
:10F9C0001AEC43383EA143389B564338310C433838
:10F9D000FFC1423806784238452E4238BCE44138EF
:10F9E0006A9B4138505241386D094138C1C0403896
:10F9F0004B7840380C30403803E83F3830A03F386F
:10FA000093583F382B113F38F8C93E38FA823E38B8
:10FA1000313C3E389DF53D383CAF3D3810693D38AE
:10FA200018233D3853DD3C38C2973C3864523C388B
:10FA3000390D3C3841C83B387B833B38E73E3B3887
:10FA400086FA3A3856B63A3858723A388C2E3A38DE
:10FA5000F0EA393886A739384D64393844213938C5
:10FA60006CDE3838C39B38384B5938380317383870
:10FA7000EAD437380193373847513738BB0F373816
:10FA80005FCE3638318D3638324C3638610B3638E9
:10FA9000BECA3538488A3538014A3538E70935381D
:10FAA000FAC934383A8A3438A74A3438410B3438E2
:10FAB00007CC3338FA8C3338194E3338630F333868
:10FAC000DAD032387C9232384A54323843163238DF
:10FAD00067D83138B69A31382F5D3138D41F313874
:10FAE000A2E230389BA53038BE6830380B2C303855
:10FAF00082EF2F3822B32F38EB762F38DE3A2F38AB
:10FB0000FAFE2E383EC32E38AB872E38414C2E38A5
:10FB100000112E38E6D52D38F59A2D382B602D386A
:10FB20008A252D3810EB2C38BDB02C3892762C3825
:10FB30008D3C2C38B0022C38FAC82B386A8F2B3801
:10FB400001562B38BE1C2B38A1E32A38ABAA2A3821
:10FB5000DA712A382F392A38AA002A384AC82938AF
:10FB600010902938FB5729380B2029383FE82838CE
:10FB700099B0283817792838BA412838810A2838A6
:10FB80006CD327387B9C2738AE652738052F27385C
:10FB900080F826381EC22638DF8B2638C455263812
:10FBA000CC1F2638F7E9253845B42538B57E2538E9
:10FBB00048492538FD132538D5DE2438CFA9243807
:10FBC000EB74243829402438890B24380AD7233889
:10FBD000ADA22338726E2338573A23385E06233895
:10FBE00086D22238CF9E2238396B2238C33722384A
:10FBF0006E0422383AD12138259E2138316B2138C4
:10FC00005D382138A905213815D32038A1A0203826
:10FC10004C6E2038173C2038010A20380AD81F388B
:10FC200033A61F387A741F38E1421F3866111F3817
:10FC30000AE01E38CDAE1E38AE7D1E38AD4C1E38E3
:10FC4000CB1B1E3807EB1D3861BA1D38D9891D380A
:10FC50006E591D3822291D38F3F81C38E1C81C38AC
:10FC6000ED981C3817691C385D391C38C1091C38DF
:10FC700041DA1B38DFAA1B38997B1B38704C1B38C4
:10FC8000631D1B3873EE1A389FBF1A38E8901A3874
:10FC90004D621A38CD331A386A051A3823D7193805
:10FCA000F7A81938E77A1938F34C19381A1F193898
:10FCB0005DF11838BBC3183834961838C86818383E
:10FCC000773B1838410E183826E1173826B4173814
:10FCD00040871738755A1738C42D17382E01173832
:10FCE000B2D4163850A81638087C1638DA4F1638B1
:10FCF000C7231638CCF71538ECCB153825A01538A6
:10FD000078741538E54815386A1D153809F2143825
:10FD1000C2C61438939B14387D701438814514384A
:10FD20009D1A1438D2EF13381FC51338869A13382A
:10FD3000057013389C4513384C1B133814F11238D6
:10FD4000F4C61238EC9C1238FC721238254912386D
:10FD5000651F1238BDF511382CCC1138B4A21138FA
:10FD60005379113809501138D7261138BCFD103895
:10FD7000B8D41038CCAB1038F7821038385A103855
:10FD8000913110380109103887E00F3824B80F3846
:10FD9000D88F0F38A2670F38833F0F387A170F3884
:10FDA00087EF0E38ABC70E38E59F0E3835780E3822
:10FDB0009C500E3818290E38AA010E3852DA0D3828
:10FDC00010B30D38E38B0D38CC640D38CB3D0D38B6
:10FDD000DF160D3809F00C3848C90C389CA20C38D5
:10FDE000057C0C3884550C38182F0C38C1080C3899
:10FDF0007EE20B3851BC0B3838960B3834700B3818
:10FE0000454A0B386B240B38A5FE0A38F3D80A385C
:10FE100056B30A38CD8D0A3859680A38F8420A387C
:10FE2000AC1D0A3874F8093850D3093841AE093886
:10FE3000448909385C640938883F0938C71A093889
:10FE40001AF6083881D10838FBAC08388988083898
:10FE50002A640838DE3F0838A61B083881F70738BF
:10FE60006FD3073870AF0738848B0738AB67073814
:10FE7000E64307383320073893FC063805D906389F
:10FE80008BB5063823920638CD6E06388A4B063875
:10FE90005A2806383C05063831E2053837BF0538A0
:10FEA000509C05387C790538B95605380834053832
:10FEB0006A110538DDEE043863CC0438FAA9043839
:10FEC000A38704385E6504382A43043808210438BF
:10FED000F8FE0338F9DC03380CBB033830990338DB
:10FEE00066770338AD550338053403386F1203388D
:10FEF000E9F0023875CF023812AE0238C08C0238F1
:10FF00007F6B02384E4A02382F2902382108023806
:10FF100023E7013836C6013859A501388E840138E7
:10FF2000D3630138284301388E2201380402013896
:10FF30008BE1003822C10038C9A000388180003828
:10FF400048600038204000380820003800000038A1
:10FF500010C0FF374080FF379040FF37FF00FF376A
:10FF60008EC1FE373D82FE370B43FE37F803FE3766
:10FF700005C5FD373186FD377B47FD37E508FD3781
:10FF80006ECAFC37168CFC37DC4DFC37C10FFC37D2
:10FF9000C4D1FB37E693FB372756FB378518FB3771
:10FFA00002DBFA379D9DFA375660FA372D23FA3770
:10FFB00022E6F93734A9F937646CF937B22FF937EB
:10FFC0001DF3F837A6B6F8374C7AF837103EF837F5
:10FFD000F001F837EEC5F737088AF737404EF737A4
:10FFE0009412F73705D7F637939BF6373E60F6370E
:10FFF0000525F637E8E9F537E8AEF5370474F53747
:020000040804EE
:100000003C39F53791FEF43701C4F4378D89F43764
:10001000364FF437FA14F437DADAF337D5A0F3377A
:10002000EC66F3371F2DF3376DF3F237D6B9F2379D
:100030005B80F237FB46F237B60DF2378CD4F137DE
:100040007D9BF1378962F137AF29F137F1F0F03755
:100050004DB8F037C47FF0375547F037010FF03710
:10006000C7D6EF37A89EEF37A266EF37B72EEF3728
:10007000E6F6EE372FBFEE379287EE370F50EE37AA
:10008000A618EE3756E1ED3720AAED370473ED37A9
:10009000013CED371805ED3748CEEC379197EC373A
:1000A000F460EC37702AEC3705F4EB37B3BDEB376F
:1000B0007A87EB375A51EB37521BEB3764E5EA3757
:1000C0008EAFEA37D179EA372D44EA37A10EEA3705
:1000D0002DD9E937D2A3E937906EE9376539E93789
:1000E0005304E93759CFE837779AE837AC65E837F2
:1000F000FA30E83760FCE737DEC7E7377393E73756
:10010000205FE737E42AE737C1F6E637B4C2E637BF
:10011000BF8EE637E25AE6371C27E6376DF3E53740
:10012000D5BFE537548CE537EB58E5379825E537EB
:100130005DF2E43738BFE4372A8CE4373359E437CB
:100140005226E43789F3E337D6C0E337398EE337F5
:10015000B35BE3374329E337EAF6E237A7C4E23774
:100160007A92E2376360E237632EE23778FCE13758
:10017000A4CAE137E598E1373D67E137AA35E137B1
:100180002D04E137C6D2E03774A1E0373870E0378C
:10019000123FE037010EE03705DDDF371FACDF37F8
:1001A0004F7BDF37934ADF37ED19DF375CE9DE3706
:1001B000E0B8DE377A88DE372858DE37EB27DE37BF
:1001C000C3F7DD37B0C7DD37B297DD37C967DD3735
:1001D000F437DD373408DD3788D8DC37F1A8DC3771
:1001E0006F79DC37014ADC37A71ADC3762EBDB3783
:1001F00031BCDB37148DDB370C5EDB37172FDB3779
:100200003700DB376AD1DA37B2A2DA370E74DA3761
:100210007D45DA370017DA3798E8D93742BAD93747
:10022000018CD937D35DD937B92FD937B201D93736
:10023000BFD3D837DFA5D8371378D8375A4AD8373D
:10024000B41CD83721EFD737A2C1D7373694D73768
:10025000DD66D7379739D737640CD73744DFD637C1
:1002600037B2D6373D85D6375558D637812BD63756
:10027000BFFED53710D2D53773A5D537E978D53736
:10028000724CD5370D20D537BBF3D4377BC7D43765
:100290004D9BD437326FD4372943D4373317D437F3
:1002A0004EEBD3377CBFD337BB93D3370D68D337EF
:1002B000713CD337E710D3376FE5D23708BAD2375E
:1002C000B48ED2377163D2374038D237210DD2374E
:1002D00013E2D13717B7D1372D8CD1375461D137CD
:1002E0008D36D137D70BD13733E1D037A0B6D037E1
:1002F0001E8CD037AE61D0374F37D037010DD03795
:10030000C4E2CF3799B8CF377E8ECF377564CF37F9
:100310007C3ACF379510CF37BEE6CE37F9BCCE3713
:100320004493CE37A069CE370D40CE378A16CE37EC
:1003300019EDCD37B8C3CD37679ACD372771CD3793
:10034000F847CD37D91ECD37CBF5CC37CDCCCC3710
:10035000DFA3CC37027BCC373552CC377829CC376A
:10036000CC00CC3730D8CB37A4AFCB372887CB37AE
:10037000BC5ECB376036CB37140ECB37D8E5CA37E7
:10038000ACBDCA379095CA37846DCA378845CA371D
:100390009B1DCA37BFF5C937F1CDC93734A6C93758
:1003A000867EC937E856C937592FC937DA07C937A2
:1003B0006BE0C8370BB9C837BA91C837796AC83704
:1003C0004743C837241CC83711F5C7370CCEC73789
:1003D00018A7C7373280C7375B59C7379432C7373A
:1003E000DB0BC73732E5C63798BEC6370C98C63721
:1003F0009071C637224BC637C424C63774FEC53742
:1004000033D8C53701B2C537DD8BC537C865C537A9
:10041000C23FC537CB19C537E2F3C43708CEC4375E
:100420003CA8C4377F82C437D05CC4373037C43768
:100430009E11C4371AECC337A5C6C3373EA1C337D4
:10044000E57BC3379B56C3375F31C337310CC337A6
:1004500011E7C237FFC1C237FC9CC2370678C237EA
:100460001F53C237452EC2377909C237BCE4C137A2
:100470000CC0C1376A9BC137D676C1375052C137DD
:10048000D82DC1376D09C13710E5C037C1C0C0379D
:100490007F9CC0374B78C0372554C0370C30C037ED
:1004A000010CC03703E8BF3713C4BF3730A0BF37D4
:1004B0005B7CBF379358BF37D834BF372B11BF375A
:1004C0008BEDBE37F8C9BE3772A6BE37FA82BE378B
:1004D0008F5FBE37313CBE37E018BE379DF5BD3764
:1004E00066D2BD373CAFBD37208CBD371069BD37F4
:1004F0000E46BD371823BD372F00BD3753DDBC373F
:1005000084BABC37C297BC370D75BC376452BC3750
:10051000C82FBC37390DBC37B6EABB3741C8BB372B
:10052000D7A5BB377B83BB372B61BB37E73EBB37D8
:10053000B01CBB3786FABA3768D8BA3756B6BA375E
:100540005194BA375872BA376C50BA378C2EBA37C2
:10055000B80CBA37F0EAB93735C9B93786A7B93711
:10056000E385B9374D64B937C242B9374421B93749
:10057000D2FFB8376CDEB83711BDB837C39BB83778
:10058000817AB8374B59B8372138B8370317B8379D
:10059000F1F5B737EAD4B737EFB3B7370193B737C9
:1005A0001E72B7374751B7377B30B737BB0FB737F6
:1005B00007EFB6375FCEB637C2ADB637318DB63737
:1005C000AC6CB637324CB637C42BB637610BB63786
:1005D00009EBB537BECAB5377DAAB537488AB537F6
:1005E0001F6AB537014AB537EE29B537E709B53780
:1005F000EAE9B437FAC9B43714AAB4373A8AB43737
:100600006B6AB437A74AB437EE2AB437410BB43714
:100610009EEBB33707CCB3377BACB337FA8CB33729
:10062000846DB337194EB337B82EB337630FB33772
:1006300019F0B237DAD0B237A6B1B2377C92B237FE
:100640005E73B2374A54B2374135B2374316B237C8
:100650004FF7B13767D8B13789B9B137B69AB137E3
:10066000ED7BB1372F5DB1377C3EB137D41FB13749
:100670003601B137A2E2B0371AC4B0379BA5B03704
:100680002787B037BE68B0375F4AB0370B2CB0371A
:10069000C10DB03782EFAF374CD1AF3722B3AF3790
:1006A0000195AF37EB76AF37DF58AF37DE3AAF376C
:1006B000E71CAF37FAFEAE3717E1AE373EC3AE37B1
:1006C00070A5AE37AB87AE37F169AE37414CAE3768
:1006D0009B2EAE370011AE376EF3AD37E6D5AD3792
:1006E00069B8AD37F59AAD378B7DAD372B60AD3737
:1006F000D642AD378A25AD374808AD3710EBAC3759
:10070000E1CDAC37BDB0AC37A293AC379276AC3705
:100710008B59AC378D3CAC379A1FAC37B002AC3735
:10072000D0E5AB37FAC8AB372DACAB376A8FAB37F8
:10073000B072AB370156AB375A39AB37BE1CAB374B
:100740002B00AB37A1E3AA3721C7AA37ABAAAA3738
:100750003E8EAA37DA71AA378055AA372F39AA37C1
:10076000E81CAA37AA00AA3775E4A9374AC8A937EE
:1007700028ACA9371090A9370174A937FB57A937BE
:10078000FE3BA9370B20A9372004A9373FE8A8373B
:1007900068CCA83799B0A837D394A8371779A83769
:1007A000645DA837BA41A8371926A837810AA83747
:1007B000F2EEA7376CD3A737EFB7A7377B9CA737E5
:1007C0001081A737AE65A737554AA737052FA7373A
:1007D000BE13A73780F8A6374ADDA6371EC2A63754
:1007E000FAA6A637DF8BA637CD70A637C455A63735
:1007F000C43AA637CC1FA637DD04A637F7E9A537DC
:1008000019CFA53745B4A5377899A537B57EA53753
:10081000FA63A5374849A5379E2EA537FD13A5379E
:1008200065F9A437D5DEA4374EC4A437CFA9A437C1
:10083000598FA437EB74A437865AA4372940A437BC
:10084000D525A437890BA43745F1A3370AD7A33799
:10085000D8BCA337ADA2A3378B88A337726EA3375A
:100860006054A337573AA3375720A3375E06A33700
:100870006EECA23786D2A237A7B8A237CF9EA23796
:100880000085A237396BA2377A51A237C337A23716
:10089000151EA2376E04A237D0EAA1373AD1A1378C
:1008A000ABB7A137259EA137A784A137316BA137FC
:1008B000C351A1375D38A137FF1EA137A905A13764
:1008C0005BECA03715D3A037D7B9A037A1A0A037CC
:1008D0007287A0374C6EA0372D55A037173CA03734
:1008E0000823A037010AA03701F19F370AD89F37A4
:1008F0001ABF9F3733A69F37528D9F377A749F3721
:10090000A95B9F37E1429F371F2A9F3766119F37A8
:10091000B4F89E370AE09E3767C79E37CDAE9E3744
:1009200039969E37AE7D9E372A659E37AD4C9E37F1
:1009300038349E37CB1B9E3765039E3707EB9D37B8
:10094000B0D29D3761BA9D3719A29D37D9899D379D
:10095000A0719D376E599D3744419D3722299D379F
:1009600007119D37F3F89C37E6E09C37E1C89C37C8
:10097000E4B09C37ED989C37FE809C3717699C3714
:1009800036519C375D399C378B219C37C1099C3788
:10099000FDF19B3741DA9B378CC29B37DFAA9B372F
:1009A00038939B37997B9B3701649B37704C9B37FF
:1009B000E6349B37631D9B37E7059B3773EE9A3709
:1009C00006D79A379FBF9A3740A89A37E8909A3748
:1009D00097799A374D629A37094B9A37CD339A37C0
:1009E000981C9A376A059A3743EE993723D7993777
:1009F0000AC09937F7A89937EC919937E77A993770
:100A0000EA639937F34C9937033699371A1F9937A8
:100A1000380899375DF1983788DA9837BBC398372B
:100A2000F4AC9837349698377B7F9837C8689837F6
:100A30001C529837773B9837D9249837410E98370E
:100A4000B0F7973726E19737A3CA973726B4973779
:100A5000B09D973740879737D7709737755A973734
:100A600019449737C42D9737761797372E01973744
:100A7000EDEA9637B2D496377EBE963750A89637B1
:100A800029929637087C9637EE659637DA4F963777
:100A9000CD399637C7239637C60D9637CCF795379D
:100AA000D9E19537ECCB953706B6953725A0953724
:100AB0004C8A953778749537AB5E9537E54895370E
:100AC000243395376A1D9537B707953709F2943760
:100AD00062DC9437C2C6943727B19437939B94371E
:100AE000058694377D709437FC5A94378145943746
:100AF0000C3094379D1A943734059437D2EF9337DE
:100B000076DA93371FC59337D0AF9337869A9337EA
:100B10004285933705709337CD5A93379C45933769
:100B2000713093374C1B93372D06933714F192375E
:100B300001DC9237F4C69237EDB19237EC9C9237D4
:100B4000F1879237FC7292370D5E923725499237C2
:100B500042349237651F92378E0A9237BDF591372E
:100B6000F2E091372CCC91376DB79137B4A2913721
:100B7000008E913753799137AB6491370950913793
:100B80006D3B9137D726913747129137BCFD90378F
:100B900037E99037B8D490373FC09037CCAB903717
:100BA0005E979037F7829037956E9037385A903726
:100BB000E245903791319037461D903701099037C3
:100BC000C1F48F3787E08F3753CC8F3724B88F37F6
:100BD000FBA38F37D88F8F37BA7B8F37A2678F37BA
:100BE0008F538F37833F8F377B2B8F377A178F3712
:100BF0007E038F3787EF8E3797DB8E37ABC78E3705
:100C0000C5B38E37E59F8E370B8C8E3735788E3790
:100C100066648E379C508E37D73C8E3718298E37B6
:100C20005E158E37AA018E37FBED8D3752DA8D3780
:100C3000AEC68D3710B38D37779F8D37E38B8D37E9
:100C400055788D37CC648D3749518D37CB3D8D37F5
:100C5000522A8D37DF168D3771038D3709F08C37A7
:100C6000A6DC8C3748C98C37EFB58C379CA28C3703
:100C70004E8F8C37057C8C37C2688C3784558C3707
:100C80004B428C37182F8C37EA1B8C37C1088C37B6
:100C90009DF58B377EE28B3765CF8B3751BC8B3719
:100CA00042A98B3738968B3734838B3734708B3728
:100CB0003A5D8B37454A8B3755378B376B248B37EB
:100CC00085118B37A5FE8A37C9EB8A37F3D88A3767
:100CD00022C68A3756B38A378FA08A37CD8D8A3796
:100CE000107B8A3759688A37A6558A37F8428A377F
:100CF00050308A37AC1D8A370E0B8A3774F8893723
:100D0000E0E5893750D38937C6C0893741AE893786
:100D1000C09B893744898937CE7689375C648937A7
:100D2000F0518937883F8937252D8937C71A893788
:100D30006E0889371AF68837CBE3883781D1883730
:100D40003BBF8837FBAC8837BF9A8837898888379C
:100D5000577688372A64883701528837DE3F8837CC
:100D6000BF2D8837A61B88379109883781F78737C9
:100D700075E587376FD387376DC1873770AF873792
:100D8000789D8737848B873795798737AB67873727
:100D9000C6558737E64387370A3287373320873788
:100DA000600E873793FC8637CAEA863705D98637BF
:100DB00046C786378BB58637D4A3863723928637C6
:100DC00076808637CD6E86372A5D86378A4B8637A2
:100DD000F03986375A288637C91686373C05863754
:100DE000B4F3853731E28537B2D0853737BF8537E1
:100DF000C2AD8537509C8537E48A85377C79853745
:100E000018688537B95685375E4585370834853784
:100E1000B72285376A11853721008537DDEE8437A3
:100E20009EDD843763CC84372CBB8437FAA98437A2
:100E3000CC988437A38784377E7684375E65843781
:100E4000425484372A438437173284370821843741
:100E5000FE0F8437F8FE8337F6ED8337F9DC8337EE
:100E600001CC83370CBB83371CAA83373099833777
:100E7000498883376677833787668337AD558337ED
:100E8000D744833705348337382383376F1283374A
:100E9000AA018337E9F082372DE0823775CF823798
:100EA000C1BE823712AE8237679D8237C08C8237CF
:100EB0001D7C82377F6B8237E45A82374E4A8237F5
:100EC000BD3982372F298237A61882372108823709
:100ED000A0F7813723E78137AAD6813736C6813715
:100EE000C5B5813759A58137F19481378E84813713
:100EF0002E748137D36381377B5381372843813701
:100F0000D93281378E2281374712813704028137E7
:100F1000C5F180378BE1803754D1803722C18037CB
:100F2000F3B08037C9A08037A390803781808037A5
:100F30006270803748608037325080372040803779
:100F40001230803708208037021080370000803749
:100F500004E07F3710C07F3724A07F3740807F3781
:100F600064607F3790407F37C3207F37FF007F3733
:100F700043E17E378EC17E37E1A17E373D827E37E9
:100F8000A0627E370B437E377D237E37F8037E37A2
:100F90007AE47D3705C57D3797A57D3731867D3766
:100FA000D2667D377B477D372D287D37E5087D3735
:100FB000A6E97C376ECA7C373EAB7C37168C7C3713
:100FC000F56C7C37DC4D7C37CB2E7C37C10F7C3702
:100FD000BFF07B37C4D17B37D2B27B37E6937B3708
:100FE00003757B3727567B3752377B3785187B371E
:100FF000C0F97A3702DB7A374CBC7A379D9D7A3755
:10100000F67E7A3756607A37BE417A372D237A37A3
:10101000A4047A3722E67937A7C7793734A9793714
:10102000C98A7937646C7937084E7937B22F7937A6
:10103000641179371DF37837DED47837A6B6783760
:10104000769878374C7A78372A5C7837103E78373C
:10105000FC1F7837F0017837EBE37737EEC5773749
:10106000F7A77737088A7737206C7737404E77377E
:101070006630773794127737C9F4763705D77637E5
:1010800049B97637939B7637E57D76373E6076377C
:101090009E4276370525763773077637E8E9753748
:1010A00064CC7537E8AE753772917537047475374F
:1010B0009C5675373C397537E31B753791FE74378D
:1010C00045E1743701C47437C4A674378D89743709
:1010D0005E6C7437364F743714327437FA147437C1
:1010E000E6F77337DADA7337D4BD7337D5A07337C1
:1010F000DD837337EC667337024A73371F2D7337FE
:10110000421073376DF372379ED67237D6B9723785
:10111000159D72375B807237A7637237FB46723753
:10112000552A7237B60D72371DF171378CD471376D
:1011300001B871377D9B7137FF7E713789627137D6
:1011400019467137AF2971374D0D7137F1F070378E
:101150009CD470374DB87037059C7037C47F70379A
:101160008963703755477037282B7037010F7037F8
:10117000E1F26F37C7D66F37B4BA6F37A89E6F37B3
:10118000A2826F37A2666F37A94A6F37B72E6F37C3
:10119000CB126F37E6F66E3707DB6E372FBF6E3731
:1011A0005DA36E3792876E37CD6B6E370F506E37FB
:1011B00057346E37A6186E37FBFC6D3756E16D3726
:1011C000B8C56D3720AA6D378F8E6D3704736D37B4
:1011D0007F576D37013C6D3789206D3718056D37A6
:1011E000ACE96C3748CE6C37E9B26C3791976C3705
:1011F0003F7C6C37F4606C37AF456C37702A6C37C6
:10120000370F6C3705F46B37D9D86B37B3BD6B37F5
:1012100093A26B377A876B37676C6B375A516B3792
:1012200053366B37521B6B3758006B3764E56A37A0
:1012300076CA6A378EAF6A37AD946A37D1796A3722
:10124000FC5E6A372D446A3764296A37A10E6A3713
:10125000E4F369372DD969377DBE6937D2A3693781
:101260002E896937906E6937F75369376539693761
:10127000D91E693753046937D3E9683759CF6837BE
:10128000E5B46837779A68370F806837AC65683798
:10129000504B6837FA306837AA16683760FC6737F2
:1012A0001CE26737DEC76737A5AD673773936737CB
:1012B00046796737205F6737FF446737E42A673727
:1012C000D0106737C1F66637B8DC6637B4C2663708
:1012D000B7A86637BF8E6637CE746637E25A663770
:1012E000FC4066371C276637410D66376DF365375E
:1012F0009ED96537D5BF653712A66537548C6537DB
:101300009D726537EB5865373F3F653798256537E0
:10131000F70B65375DF26437C7D8643738BF643779
:10132000AEA564372A8C6437AC726437335964379E
:10133000C03F643752266437EB0C643789F3633758
:101340002CDA6337D6C0633784A76337398E6337A7
:10135000F3746337B35B633778426337432963378A
:1013600014106337EAF66237C5DD6237A7C4623707
:101370008DAB62377A9262376C796237636062371D
:1013800060476237632E62376B15623778FC6137CE
:101390008BE36137A4CA6137C2B16137E598613721
:1013A0000E8061373D676137704E6137AA3561370E
:1013B000E91C61372D04613777EB6037C6D260379F
:1013C0001ABA603774A16037D388603738706037D5
:1013D000A2576037123F603787266037010E6037AB
:1013E00080F55F3705DD5F3790C45F371FAC5F372F
:1013F000B4935F374F7B5F37EE625F37934A5F3757
:101400003E325F37ED195F37A2015F375CE95E3727
:101410001CD15E37E0B85E37AAA05E377A885E37A7
:101420004E705E3728585E3707405E37EB275E37D1
:10143000D50F5E37C3F75D37B7DF5D37B0C75D37B0
:10144000AFAF5D37B2975D37BB7F5D37C9675D373B
:10145000DC4F5D37F4375D3711205D3734085D3779
:101460005BF05C3788D85C37BAC05C37F1A85C3772
:101470002E915C376F795C37B5615C37014A5C3718
:1014800052325C37A71A5C3702035C3762EB5B377A
:10149000C7D35B3731BC5B37A0A45B37148D5B3798
:1014A0008D755B370C5E5B378F465B37172F5B376D
:1014B000A4175B3737005B37CEE85A376AD15A3703
:1014C0000CBA5A37B2A25A375D8B5A370E745A3754
:1014D000C35C5A377D455A373C2E5A3700175A3766
:1014E000C9FF593798E859376AD1593742BA59373D
:1014F0001FA35937018C5937E7745937D35D5937D2
:10150000C3465937B92F5937B3185937B20159372C
:10151000B6EA5837BFD35837CCBC5837DFA5583751
:10152000F68E583713785837346158375A4A583737
:1015300084335837B41C5837E805583721EF5737EC
:101540005FD85737A2C15737EAAA5737369457376B
:10155000877D5737DD6657373850573797395737B4
:10156000FB225737640C5737D2F5563744DF5637CE
:10157000BBC8563737B25637B79B56373D855637B7
:10158000C76E563755585637E9415637812B56376F
:101590001E155637BFFE553765E8553710D25537FB
:1015A000BFBB553773A555372C8F5537E97855375D
:1015B000AC625537724C55373D3655370D2055378F
:1015C000E2095537BBF3543799DD54377BC754379D
:1015D00062B154374D9B54373E855437326F543780
:1015E0002B595437294354372C2D5437331754373C
:1015F0003E0154374EEB533763D553377CBF5337D7
:1016000099A95337BB935337E27D53370D6853374E
:101610003D525337713C5337AA265337E71053379F
:1016200028FB52376FE55237B9CF523708BA5237D5
:101630005CA45237B48E52371079523771635237E7
:10164000D64D523740385237AE225237210D5237DD
:1016500098F7513713E2513793CC513717B75137B9
:10166000A0A151372D8C5137BE7651375461513777
:10167000EE4B51378D36513730215137D70B51371B
:1016800083F6503733E15037E7CB5037A0B65037A9
:101690005DA150371E8C5037E4765037AE6150371D
:1016A0007C4C50374F37503726225037010D50377A
:1016B000E0F74F37C4E24F37ACCD4F3799B84F37CB
:1016C00089A34F377E8E4F3777794F3775644F3701
:1016D000764F4F377C3A4F3786254F3795104F3727
:1016E000A7FB4E37BEE64E37D9D14E37F9BC4E3741
:1016F0001CA84E3744934E37707E4E37A0694E3744
:10170000D4544E370D404E374A2B4E378A164E373B
:10171000D0014E3719ED4D3766D84D37B8C34D3728
:101720000DAF4D37679A4D37C5854D3727714D370A
:101730008E5C4D37F8474D3767334D37D91E4D37DF
:10174000500A4D37CBF54C374AE14C37CDCC4C37AE
:1017500054B84C37DFA34C376F8F4C37027B4C3774
:101760009A664C3735524C37D53D4C3778294C3733
:1017700020154C37CC004C377CEC4B3730D84B37EE
:10178000E8C34B37A4AF4B37649B4B3728874B37A5
:10179000F0724B37BC5E4B378C4A4B3760364B3759
:1017A00038224B37140E4B37F4F94A37D8E54A370D
:1017B000C0D14A37ACBD4A379CA94A3790954A37C1
:1017C00088814A37846D4A3784594A3788454A3771
:1017D00090314A379B1D4A37AB094A37BFF5493725
:1017E000D6E14937F1CD493711BA493734A64937DF
:1017F0005B924937867E4937B56A4937E85649379B
:101800001F434937592F4937981B4937DA0749375A
:1018100021F448376BE04837B9CC48370BB9483723
:1018200060A54837BA914837177E4837796A4837F4
:10183000DE56483747434837B32F4837241C4837CC
:101840009808483711F547378DE147370CCE4737B1
:1018500090BA473718A74737A3934737328047379F
:10186000C56C47375B594737F6454737943247379A
:10187000361F4737DB0B473785F8463732E54637A3
:10188000E3D1463798BE463750AB46370C984637BB
:10189000CC84463790714637575E4637224B4637E1
:1018A000F1374637C42446379A11463774FE453718
:1018B00052EB453733D8453718C5453701B2453760
:1018C000ED9E4537DD8B4537D1784537C8654537BF
:1018D000C4524537C23F4537C52C4537CB1945372C
:1018E000D5064537E2F34437F3E0443708CE4437B2
:1018F00020BB44373CA844375B9544377F8244374C
:10190000A56F4437D05C4437FE49443730374437FD
:10191000652444379E114437DAFE43371AEC4337C7
:101920005ED94337A5C64337F0B343373EA14337AB
:10193000908E4337E57B43373E6943379B564337A9
:10194000FB4343375F314337C61E4337310C4337C0
:101950009FF9423711E7423786D44237FFC14237F9
:101960007CAF4237FC9C42377F8A42370678423749
:10197000916542371F534237B0404237452E4237B8
:10198000DE1B42377909423719F74137BCE441374A
:1019900062D241370CC04137B9AD41376A9B4137FC
:1019A0001F894137D67641379164413750524137CC
:1019B00012404137D82D4137A11B41376D094137BE
:1019C0003DF7403710E54037E7D24037C1C04037D8
:1019D0009EAE40377F9C4037638A40374B78403714
:1019E0003666403725544037174240370C30403771
:1019F000051E4037010C403700FA3F3703E83F37F8
:101A000009D63F3713C43F3720B23F3730A03F37A6
:101A1000448E3F375B7C3F37756A3F3793583F377B
:101A2000B4463F37D8343F3700233F372B113F3779
:101A300059FF3E378BED3E37C0DB3E37F8C93E37A6
:101A400033B83E3772A63E37B5943E37FA823E37FA
:101A500043713E378F5F3E37DE4D3E37313C3E3778
:101A6000872A3E37E0183E373D073E379DF53D3724
:101A700000E43D3766D23D37D0C03D373CAF3D37FF
:101A8000AC9D3D37208C3D37967A3D3710693D3708
:101A90008D573D370E463D3791343D3718233D373E
:101AA000A2113D372F003D37C0EE3C3753DD3C37A8
:101AB000EACB3C3784BA3C3722A93C37C2973C3743
:101AC00066863C370D753C37B7633C3764523C370C
:101AD00014413C37C82F3C377F1E3C37390D3C370B
:101AE000F6FB3B37B6EA3B377AD93B3741C83B3741
:101AF0000AB73B37D7A53B37A7943B377B833B37A8
:101B000051723B372B613B3707503B37E73E3B3742
:101B1000CA2D3B37B01C3B37990B3B3786FA3A3717
:101B200075E93A3768D83A375DC73A3756B63A3723
:101B300052A53A3751943A3753833A3758723A3765
:101B400060613A376C503A377A3F3A378C2E3A37E1
:101B5000A01D3A37B80C3A37D3FB3937F0EA39379A
:101B600011DA393735C939375CB8393786A739378B
:101B7000B3963937E3853937177539374D643937B7
:101B800086533937C242393702323937442139371F
:101B900089103937D2FF38371DEF38376CDE3837C8
:101BA000BDCD383712BD383769AC3837C39B3837AD
:101BB000218B3837817A3837E56938374B593837D0
:101BC000B548383721383837912738370317383731
:101BD00078063837F1F537376CE53737EAD43737D9
:101BE0006BC43737EFB3373777A3373701933737BE
:101BF0008E8237371E723737B161373747513737E3
:101C0000DF4037377B3037371A203737BB0F37374E
:101C100060FF363707EF3637B2DE36375FCE3637FE
:101C20000FBE3637C2AD3637789D3637318D3637F1
:101C3000ED7C3637AC6C36376D5C3637324C363728
:101C4000F93B3637C42B3637911B3637610B3637A5
:101C500034FB353709EB3537E2DA3537BECA35376D
:101C60009CBA35377DAA3537619A3537488A35377A
:101C7000327A35371F6A35370E5A3537014A3537CC
:101C8000F6393537EE293537E9193537E70935376C
:101C9000E7F93437EAE93437F1D93437FAC9343758
:101CA00005BA343714AA3437269A34373A8A343787
:101CB000517A34376B6A3437875A3437A74A343706
:101CC000C93A3437EE2A3437161B3437410B3437D0
:101CD0006EFB33379EEB3337D1DB333707CC3337EB
:101CE00040BC33377BAC3337B99C3337FA8C33374E
:101CF0003D7D3337846D3337CD5D3337194E333700
:101D0000673E3337B82E33370D1F3337630F333702
:101D1000BDFF323719F0323778E03237DAD0323758
:101D20003EC13237A6B1323710A232377C923237F9
:101D3000EC8232375E733237D26332374A543237ED
:101D4000C444323741353237C02532374316323733
:101D5000C80632374FF73137DAE7313767D83137CE
:101D6000F7C8313789B931371EAA3137B69A3137BA
:101D7000508B3137ED7B31378D6C31372F5D3137FB
:101D8000D54D31377C3E3137272F3137D41F31378E
:101D90008310313736013137EBF13037A2E230377B
:101DA0005DD330371AC43037D9B430379BA53037BC
:101DB0006096303727873037F2773037BE68303754
:101DC0008D5930375F4A3037343B30370B2C303742
:101DD000E51C3037C10D3037A0FE2F3782EF2F378B
:101DE00066E02F374CD12F3736C22F3722B32F372B
:101DF00010A42F3701952F37F5852F37EB762F3726
:101E0000E4672F37DF582F37DD492F37DE3A2F377A
:101E1000E12B2F37E71C2F37EF0D2F37FAFE2E3728
:101E200007F02E3717E12E3729D22E373EC32E3733
:101E300056B42E3770A52E378C962E37AB872E379B
:101E4000CD782E37F1692E37185B2E37414C2E375F
:101E50006D3D2E379B2E2E37CC1F2E3700112E377F
:101E600036022E376EF32D37A9E42D37E6D52D3700
:101E700026C72D3769B82D37ADA92D37F59A2D37DF
:101E80003F8C2D378B7D2D37DA6E2D372B602D371C
:101E90007F512D37D6422D372E342D378A252D37B9
:101EA000E7162D3748082D37AAF92C3710EB2C37B9
:101EB00077DC2C37E1CD2C374EBF2C37BDB02C371B
:101EC0002EA22C37A2932C3719852C3792762C37DB
:101ED0000D682C378B592C370B4B2C378D3C2C37FE
:101EE000122E2C379A1F2C3724112C37B0022C3786
:101EF0003FF42B37D0E52B3764D72B37FAC82B3775
:101F000092BA2B372DAC2B37CA9D2B376A8F2B37C4
:101F10000C812B37B0722B3757642B3701562B3778
:101F2000AC472B375A392B370B2B2B37BE1C2B3793
:101F3000730E2B372B002B37E5F12A37A1E32A3715
:101F400060D52A3721C72A37E5B82A37ABAA2A37FE
:101F5000739C2A373E8E2A370B802A37DA712A374C
:101F6000AC632A3780552A3756472A372F392A3704
:101F70000A2B2A37E81C2A37C80E2A37AA002A3724
:101F80008FF2293775E429375FD629374AC82937B0
:101F900038BA293728AC29371B9E293710902937A2
:101FA0000782293701742937FD652937FB572937FF
:101FB000FB492937FE3B2937032E29370B202937C8
:101FC00014122937200429372FF628373FE82837FD
:101FD00052DA283768CC28377FBE283799B028379F
:101FE000B5A22837D3942837F486283717792837AD
:101FF0003C6B2837645D28378E4F2837BA41283725
:10200000E8332837192628374C182837810A28370B
:10201000B8FC2737F2EE27372EE127376CD3273766
:10202000ACC52737EFB7273734AA27377B9C27372C
:10203000C58E2737108127375E732737AE65273760
:1020400001582737554A2737AC3C2737052F273704
:1020500061212737BE1327371E06273780F826371A
:10206000E4EA26374ADD2637B3CF26371EC22637A5
:102070008BB42637FAA626376C992637DF8B26379E
:10208000557E2637CD70263748632637C455263708
:1020900043482637C43A2637472D2637CC1F2637E4
:1020A00054122637DD04263769F72537F7E9253737
:1020B00087DC253719CF2537AEC1253745B42537FD
:1020C000DDA6253778992537168C2537B57E253737
:1020D00057712537FA632537A056253748492537E4
:1020E000F23B25379E2E25374D212537FD13253709
:1020F000B006253765F924371CEC2437D5DE2437A4
:1021000090D124374EC424370DB72437CFA92437B4
:10211000939C2437598F243721822437EB7424373A
:10212000B7672437865A2437564D24372940243739
:10213000FE322437D5252437AE182437890B2437AF
:1021400066FE233745F1233727E423370AD72337A1
:10215000F0C92337D8BC2337C1AF2337ADA223370B
:102160009B9523378B8823377D7B2337726E2337EC
:1021700068612337605423375B472337573A233747
:10218000562D233757202337591323375E0623371D
:1021900065F922376EEC223779DF223786D2223773
:1021A00095C52237A7B82237BAAB2237CF9E223740
:1021B000E6912237008522371B782237396B223788
:1021C000585E22377A5122379E442237C33722374E
:1021D000EB2A2237151E2237401122376E04223790
:1021E0009EF72137D0EA213704DE21373AD1213753
:1021F00071C42137ABB72137E7AA2137259E213794
:1022000065912137A7842137EB772137316B21374F
:10221000795E2137C35121370F4521375D3821378A
:10222000AD2B2137FF1E213753122137A905213746
:1022300001F920375BEC2037B7DF203715D3203783
:1022400075C62037D7B920373BAD2037A1A020373E
:102250000894203772872037DE7A20374C6E20377B
:10226000BC6120372D552037A1482037173C203737
:102270008E2F20370823203783162037010A203776
:1022800080FD1F3701F11F3785E41F370AD81F373C
:1022900091CB1F371ABF1F37A5B21F3733A61F3781
:1022A000C2991F37528D1F37E5801F377A741F3749
:1022B00011681F37A95B1F37444F1F37E1421F3793
:1022C0007F361F371F2A1F37C21D1F3766111F3762
:1022D0000C051F37B4F81E375EEC1E370AE01E37B8
:1022E000B8D31E3767C71E3719BB1E37CDAE1E3792
:1022F00082A21E3739961E37F3891E37AE7D1E37F0
:102300006B711E372A651E37EA581E37AD4C1E37D3
:1023100072401E3738341E3701281E37CB1B1E373C
:10232000970F1E3765031E3735F71D3707EB1D372F
:10233000DADE1D37B0D21D3787C61D3761BA1D37AB
:102340003CAE1D3719A21D37F8951D37D9891D37A9
:10235000BB7D1D37A0711D3786651D376E591D3732
:10236000584D1D3744411D3732351D3722291D3741
:10237000131D1D3707111D37FC041D37F3F81C37DB
:10238000ECEC1C37E6E01C37E3D41C37E1C81C3703
:10239000E2BC1C37E4B01C37E8A41C37ED981C37AE
:1023A000F58C1C37FE801C370A751C3717691C37E3
:1023B000255D1C3736511C3749451C375D391C37A4
:1023C000732D1C378B211C37A5151C37C1091C37F1
:1023D000DEFD1B37FDF11B371EE61B3741DA1B37CD
:1023E00066CE1B378CC21B37B4B61B37DFAA1B3730
:1023F0000A9F1B3738931B3768871B37997B1B371E
:10240000CC6F1B3701641B3737581B37704C1B3799
:10241000AA401B37E6341B3724291B37631D1B37A3
:10242000A4111B37E7051B372CFA1A3773EE1A373E
:10243000BBE21A3706D71A3752CB1A379FBF1A3763
:10244000EFB31A3740A81A37939C1A37E8901A3717
:102450003E851A3797791A37F16D1A374D621A3758
:10246000AA561A37094B1A376B3F1A37CD331A372A
:1024700032281A37981C1A3700111A376A051A378A
:10248000D6F9193743EE1937B2E2193723D719377E
:1024900095CB19370AC0193780B41937F7A81937FF
:1024A000719D1937EC91193769861937E77A193711
:1024B000686F1937EA6319376E581937F34C1937B3
:1024C0007A411937033619378E2A19371A1F1937E7
:1024D000A813193738081937CAFC18375DF11837AF
:1024E000F2E5183788DA183721CF1837BBC3183709
:1024F00057B81837F4AC183793A1183734961837F3
:10250000D68A18377B7F183720741837C868183771
:10251000715D18371C521837C9461837773B183782
:1025200027301837D92418378C191837410E183727
:10253000F8021837B0F717376BEC173726E1173763
:10254000E4D51737A3CA173764BF173726B4173730
:10255000EAA81737B09D1737779217374087173794
:102560000B7C1737D7701737A5651737755A17378C
:10257000464F173719441737EE381737C42D17371A
:102580009C22173776171737510C17372E0117373C
:102590000DF61637EDEA1637CEDF1637B2D41637FA
:1025A00097C916377EBE163766B3163750A816374A
:1025B0003C9D16372992163718871637087C163730
:1025C000FA701637EE651637E35A1637DA4F1637B4
:1025D000D3441637CD391637C92E1637C7231637C9
:1025E000C6181637C60D1637C9021637CCF7153779
:1025F000D2EC1537D9E11537E2D61537ECCB1537C4
:10260000F8C0153706B6153715AB153725A01537A1
:10261000389515374C8A1537617F1537787415371B
:1026200091691537AB5E1537C7531537E548153730
:10263000043E153724331537472815376A1D1537DB
:1026400090121537B7071537DFFC143709F2143726
:1026500035E7143762DC143791D11437C2C614370A
:10266000F4BB143727B114375CA61437939B143787
:10267000CB90143705861437407B14377D701437A0
:10268000BC651437FC5A14373D5014378145143754
:10269000C53A14370C301437532514379D1A1437A4
:1026A000E80F14373405143782FA1337D2EF133793
:1026B00023E5133776DA1337CACF13371FC513371D
:1026C00077BA1337D0AF13372AA51337869A133743
:1026D000E38F133742851337A37A13370570133707
:1026E00068651337CD5A1337345013379C45133769
:1026F000063B133771301337DD2513374C1B133767
:10270000BB1013372D0613379FFB123714F1123706
:1027100089E6123701DC123779D11237F4C6123745
:102720006FBC1237EDB112376CA71237EC9C123721
:102730006E921237F1871237767D1237FC7212379C
:10274000846812370D5E12379853123725491237B5
:10275000B23E123742341237D2291237651F123770
:10276000F91412378E0A123724001237BDF51137CB
:1027700056EB1137F2E011378ED611372CCC1137CA
:10278000CCC111376DB7113710AD1137B4A2113765
:1027900059981137008E1137A983113753791137A2
:1027A000FE6E1137AB641137595A11370950113782
:1027B000BA4511376D3B113721311137D726113703
:1027C0008E1C11374712113701081137BCFD103725
:1027D00079F3103737E91037F7DE1037B8D41037F0
:1027E0007BCA10373FC0103705B61037CCAB103757
:1027F00095A110375E9710372A8D1037F782103762
:10280000C5781037956E103766641037385A103710
:102810000C501037E2451037B93B10379131103763
:102820006B271037461D1037231310370109103757
:10283000E0FE0F37C1F40F37A3EA0F3787E00F37F9
:102840006CD60F3753CC0F373BC20F3724B80F3736
:102850000FAE0F37FBA30F37E9990F37D88F0F371C
:10286000C8850F37BA7B0F37AD710F37A2670F37A7
:10287000985D0F378F530F3788490F37833F0F37D6
:102880007E350F377B2B0F377A210F377A170F37AB
:102890007B0D0F377E030F3782F90E3787EF0E3728
:1028A0008EE50E3797DB0E37A0D10E37ABC70E374C
:1028B000B8BD0E37C5B30E37D5A90E37E59F0E3715
:1028C000F7950E370B8C0E371F820E3735780E3783
:1028D0004D6E0E3766640E37805A0E379C500E3799
:1028E000B9460E37D73C0E37F7320E3718290E3758
:1028F0003A1F0E375E150E37830B0E37AA010E37BF
:10290000D2F70D37FBED0D3726E40D3752DA0D37D0
:102910007FD00D37AEC60D37DEBC0D3710B30D3787
:1029200043A90D37779F0D37AC950D37E38B0D37E6
:102930001C820D3755780D37906E0D37CC640D37EE
:102940000A5B0D3749510D3789470D37CB3D0D37A0
:102950000E340D37522A0D3798200D37DF160D37FC
:10296000280D0D3771030D37BCF90C3709F00C3702
:1029700057E60C37A6DC0C37F6D20C3748C90C37B3
:102980009BBF0C37EFB50C3745AC0C379CA20C370E
:10299000F4980C374E8F0C37A9850C37057C0C3713
:1029A00063720C37C2680C37225F0C3784550C37C2
:1029B000E74B0C374B420C37B1380C37182F0C371C
:1029C00080250C37EA1B0C3754120C37C1080C3722
:1029D0002EFF0B379DF50B370DEC0B377EE20B37D7
:1029E000F1D80B3765CF0B37DAC50B3751BC0B3736
:1029F000C9B20B3742A90B37BC9F0B3738960B3740
:102A0000B58C0B3734830B37B3790B3734700B37F6
:102A1000B7660B373A5D0B37BF530B37454A0B3759
:102A2000CD400B3755370B37DF2D0B376B240B376A
:102A3000F71A0B3785110B3714080B37A5FE0A3729
:102A400036F50A37C9EB0A375DE20A37F3D80A3799
:102A50008ACF0A3722C60A37BBBC0A3756B30A37B1
:102A6000F2A90A378FA00A372D970A37CD8D0A377A
:102A70006E840A37107B0A37B4710A3759680A37EF
:102A8000FF5E0A37A6550A374F4C0A37F8420A3715
:102A9000A4390A3750300A37FD260A37AC1D0A37E9
:102AA0005C140A370E0B0A37C1010A3774F809376C
:102AB0002AEF0937E0E5093798DC093750D30937A1
:102AC0000BCA0937C6C0093783B7093741AE093782
:102AD00000A50937C09B0937829209374489093715
:102AE00009800937CE760937946D09375C64093758
:102AF000255B0937F0510937BB480937883F09374B
:102B000056360937252D0937F6230937C71A0937ED
:102B10009A1109376E08093744FF08371AF6083743
:102B2000F2EC0837CBE30837A5DA083781D108374C
:102B30005EC808373BBF08371BB60837FBAC083701
:102B4000DDA30837BF9A0837A3910837898808376B
:102B50006F7F0837577608373F6D08372A64083784
:102B6000155B083701520837EF480837DE3F083752
:102B7000CE360837BF2D0837B2240837A61B0837D2
:102B80009B120837910908378800083781F7073703
:102B90007AEE073775E5073771DC07376FD30737EC
:102BA0006DCA07376DC107376EB8073770AF073783
:102BB00073A60737789D07377D940737848B0737CF
:102BC0008C82073795790737A0700737AB670737CF
:102BD000B85E0737C6550737D54C0737E643073782
:102BE000F73A07370A3207371E29073733200737E6
:102BF00049170737600E07377905073793FC063703
:102C0000ADF30637CAEA0637E7E1063705D90637D6
:102C100025D0063746C7063768BE06378BB5063758
:102C2000AFAC0637D4A30637FB9A06372392063794
:102C30004C89063776800637A1770637CD6E063782
:102C4000FB6506372A5D0637595406378A4B063727
:102C5000BD420637F0390637243106375A28063781
:102C6000911F0637C9160637020E06373C05063790
:102C700078FC0537B4F30537F2EA053731E205375A
:102C800071D90537B2D00537F4C7053737BF0537D7
:102C90007CB60537C2AD053708A50537509C05370A
:102CA00099930537E48A05372F8205377C790537F4
:102CB000C970053718680537685F0537B956053795
:102CC0000B4E05375E450537B33C053708340537ED
:102CD0005F2B0537B7220537101A05376A110537FC
:102CE000C5080537210005377FF70437DDEE0437C7
:102CF0003DE604379EDD043700D5043763CC043746
:102D0000C7C304372CBB043792B20437FAA904377F
:102D100062A10437CC98043737900437A38704376F
:102D2000107F04377E760437ED6D04375E65043717
:102D3000CF5C043742540437B54B04372A43043779
:102D4000A03A0437173204378F2904370821043793
:102D500083180437FE0F04377A070437F8FE033769
:102D600077F60337F6ED033777E50337F9DC0337FA
:102D70007CD4033701CC033786C303370CBB03373E
:102D800094B203371CAA0337A6A10337309903373F
:102D9000BC90033749880337D77F033766770337FB
:102DA000F66E0337876603371A5E0337AD55033770
:102DB000414D0337D74403376D3C033705340337A0
:102DC0009E2B033738230337D31A03376F12033789
:102DD0000C0A0337AA01033749F90237E9F0023731
:102DE0008BE802372DE00237D0D7023775CF023794
:102DF0001BC70237C1BE023769B6023712AE0237AF
:102E0000BCA50237679D023713950237C08C023785
:102E10006E8402371D7C0237CD7302377F6B023719
:102E200031630237E45A0237995202374E4A023769
:102E300005420237BD390237753102372F29023773
:102E4000EA200237A618023763100237210802373A
:102E5000DFFF0137A0F7013761EF013723E70137C3
:102E6000E6DE0137AAD601376FCE013736C6013705
:102E7000FDBD0137C5B501378FAD013759A5013704
:102E8000259D0137F1940137BF8C01378E840137BE
:102E90005D7C01372E740137006C0137D363013735
:102EA000A65B01377B530137514B0137284301376C
:102EB000003B0137D9320137B32A01378E2201375F
:102EC0006A1A013747120137250A01370402013710
:102ED000E4F90037C5F10037A7E900378BE1003787
:102EE0006FD9003754D100373AC9003722C10037B3
:102EF0000AB90037F3B00037DEA80037C9A00037A1
:102F0000B5980037A390003791880037818000374B
:102F100071780037627000375568003748600037B5
:102F20003D580037325000372948003720400037DD
:102F300019380037123000370D28003708200037C5
:102F4000051800370210003700080037000000376E
:102F500001F0FF3604E0FF3609D0FF3610C0FF361F
:102F600019B0FF3624A0FF363190FF364080FF367F
:102F70005170FF366460FF367950FF369040FF365F
:102F8000A830FF36C320FF36E010FF36FF00FF36C3
:102F900020F1FE3643E1FE3667D1FE368EC1FE36A5
:102FA000B7B1FE36E1A1FE360E92FE363D82FE3608
:102FB0006D72FE36A062FE36D452FE360B43FE36EC
:102FC0004333FE367D23FE36BA13FE36F803FE3653
:102FD00038F4FD367AE4FD36BFD4FD3605C5FD363E
:102FE0004DB5FD3697A5FD36E395FD363186FD36A8
:102FF0008076FD36D266FD362657FD367B47FD3698
:10300000D337FD362C28FD368818FD36E508FD3609
:1030100045F9FC36A6E9FC3609DAFC366ECAFC3600
:10302000D5BAFC363EABFC36A99BFC36168CFC367A
:10303000847CFC36F56CFC36685DFC36DC4DFC3679
:10304000523EFC36CB2EFC36451FFC36C10FFC36FB
:103050003F00FC36BFF0FB3641E1FB36C4D1FB3606
:103060004AC2FB36D2B2FB365BA3FB36E693FB3695
:103070007484FB360375FB369465FB362756FB36A6
:10308000BC46FB365237FB36EB27FB368518FB3642
:103090002209FB36C0F9FA3660EAFA3602DBFA3664
:1030A000A6CBFA364CBCFA36F4ACFA369D9DFA360D
:1030B000498EFA36F67EFA36A56FFA365660FA363B
:1030C0000951FA36BE41FA367432FA362D23FA36F1
:1030D000E713FA36A404FA3662F5F93622E6F93631
:1030E000E4D6F936A7C7F9366DB8F93634A9F936FA
:1030F000FD99F936C98AF936967BF936646CF9364A
:10310000355DF936084EF936DC3EF936B22FF93620
:103110008A20F9366411F9364002F9361DF3F83683
:10312000FDE3F836DED4F836C1C5F836A6B6F83673
:103130008DA7F8367598F8366089F8364C7AF836E7
:103140003A6BF8362A5CF8361C4DF836103EF836E5
:10315000052FF836FC1FF836F510F836F001F83672
:10316000EDF2F736EBE3F736EBD4F736EEC5F7368C
:10317000F2B6F736F7A7F736FF98F736088AF7362C
:10318000137BF736206CF7362F5DF736404EF73657
:10319000523FF7366630F7367C21F7369412F73611
:1031A000AE03F736C9F4F636E6E5F63605D7F63659
:1031B00026C8F63649B9F6366DAAF636939BF6362A
:1031C000BB8CF636E57DF636106FF6363E60F63689
:1031D0006D51F6369E42F636D033F6360525F63674
:1031E0003B16F6367307F636ACF8F536E8E9F536F1
:1031F00025DBF53664CCF536A5BDF536E8AEF536FB
:103200002CA0F5367291F536BA82F5360474F5368F
:103210004F65F5369C56F536EB47F5363C39F536B5
:103220008F2AF536E31BF536390DF53691FEF43667
:10323000EAEFF43645E1F436A2D2F43601C4F436AE
:1032400061B5F436C4A6F4362898F4368D89F43680
:10325000F57AF4365E6CF436C95DF436364FF436E2
:10326000A440F4361432F4368623F436FA14F436D5
:103270006F06F436E6F7F3365FE9F336DADAF3365B
:1032800056CCF336D4BDF33654AFF336D5A0F3366F
:103290005892F336DD83F3366475F336EC66F33615
:1032A0007658F336024AF336903BF3361F2DF33649
:1032B000B01EF3364210F336D701F3366DF3F23613
:1032C00005E5F2369ED6F23639C8F236D6B9F23670
:1032D00075ABF236159DF236B78EF2365B80F2365C
:1032E0000072F236A763F2365055F236FB46F236DC
:1032F000A738F236552AF236041CF236B60DF236ED
:1033000069FFF1361DF1F136D4E2F1368CD4F13695
:1033100046C6F13601B8F136BEA9F1367D9BF136CD
:103320003D8DF136FF7EF136C370F1368962F1369C
:103330005054F1361946F136E337F136AF29F136FC
:103340007D1BF1364D0DF1361EFFF036F1F0F036F3
:10335000C5E2F0369CD4F03674C6F0364DB8F0367F
:1033600028AAF036059CF036E48DF036C47FF0369E
:10337000A671F0368963F0366E55F0365547F03653
:103380003E39F036282BF036141DF036010FF0369A
:10339000F000F036E1F2EF36D3E4EF36C7D6EF3681
:1033A000BDC8EF36B4BAEF36ADACEF36A89EEF36F7
:1033B000A490EF36A282EF36A174EF36A266EF3604
:1033C000A558EF36A94AEF36AF3CEF36B72EEF36A9
:1033D000C020EF36CB12EF36D804EF36E6F6EE36E5
:1033E000F6E8EE3607DBEE361ACDEE362FBFEE36B8
:1033F00045B1EE365DA3EE367795EE369287EE3622
:10340000AF79EE36CD6BEE36ED5DEE360F50EE3623
:103410003242EE365734EE367D26EE36A618EE36BC
:10342000CF0AEE36FBFCED3627EFED3656E1ED36F2
:1034300086D3ED36B8C5ED36EBB7ED3620AAED36BE
:10344000579CED368F8EED36C880ED360473ED3621
:103450004165ED367F57ED36BF49ED36013CED361F
:10346000442EED368920ED36D012ED361805ED36B6
:1034700061F7EC36ACE9EC36F9DBEC3648CEEC36ED
:1034800098C0EC36E9B2EC363CA5EC369197EC36B8
:10349000E789EC363F7CEC36996EEC36F460EC361E
:1034A0005053EC36AF45EC360E38EC36702AEC361D
:1034B000D31CEC36370FEC369D01EC3605F4EB36B9
:1034C0006EE6EB36D8D8EB3645CBEB36B3BDEB36F4
:1034D00022B0EB3693A2EB360695EB367A87EB36C5
:1034E000EF79EB36676CEB36DF5EEB365A51EB3635
:1034F000D543EB365336EB36D228EB36521BEB3640
:10350000D40DEB365800EB36DDF2EA3664E5EA36E8
:10351000ECD7EA3676CAEA3601BDEA368EAFEA362D
:103520001DA2EA36AD94EA363E87EA36D179EA360C
:10353000666CEA36FC5EEA369451EA362D44EA3689
:10354000C836EA366429EA36021CEA36A10EEA36A3
:103550004201EA36E4F3E93688E6E9362DD9E93660
:10356000D4CBE9367DBEE93627B1E936D2A3E936B8
:103570007F96E9362E89E936DE7BE936906EE936AC
:103580004361E936F753E936AD46E9366539E93640
:103590001E2CE936D91EE9369511E9365304E93671
:1035A00012F7E836D3E9E83695DCE83659CFE83645
:1035B0001EC2E836E5B4E836ADA7E836779AE836B5
:1035C000428DE8360F80E836DD72E836AC65E836C5
:1035D0007E58E836504BE836253EE836FA30E83675
:1035E000D223E836AA16E8368409E83660FCE736C6
:1035F0003DEFE7361CE2E736FCD4E736DEC7E736B8
:10360000C1BAE736A5ADE7368BA0E7367393E73648
:103610005C86E7364679E736326CE736205FE73678
:103620000F52E736FF44E736F137E736E42AE7364C
:10363000D91DE736D010E736C703E736C1F6E636C0
:10364000BBE9E636B8DCE636B5CFE636B4C2E636D8
:10365000B5B5E636B7A8E636BA9BE636BF8EE6368F
:10366000C681E636CE74E636D767E636E25AE636E7
:10367000EE4DE636FC40E6360B34E6361C27E636E1
:103680002E1AE636410DE6365600E6366DF3E5367F
:1036900085E6E5369ED9E536B9CCE536D5BFE536C3
:1036A000F3B2E53612A6E5363299E536548CE536A6
:1036B000787FE5369D72E536C365E536EB58E5362D
:1036C000144CE5363F3FE5366B32E5369825E53656
:1036D000C718E536F80BE53629FFE4365DF2E43627
:1036E00091E5E436C7D8E436FFCBE43638BFE4369C
:1036F00072B2E436AEA5E436EB98E4362A8CE436B2
:103700006A7FE436AC72E436EF65E4363359E4366A
:10371000794CE436C03FE4360833E4365226E436CA
:103720009E19E436EB0CE4363900E43689F3E336CF
:10373000DAE6E3362CDAE33680CDE336D6C0E3367C
:103740002CB4E33684A7E336DE9AE336398EE336CB
:103750009581E336F374E3365268E336B35BE336C0
:10376000154FE3367842E336DD35E3364329E33659
:10377000AB1CE3361410E3367E03E336EAF6E2369A
:1037800057EAE236C5DDE23635D1E236A7C4E23685
:1037900019B8E2368DABE236039FE2367A92E23612
:1037A000F285E2366C79E236E76CE2366360E23647
:1037B000E153E2366047E236E13AE236632EE23622
:1037C000E621E2366B15E236F108E23678FCE136A6
:1037D00001F0E1368BE3E13617D7E136A4CAE136D2
:1037E00032BEE136C2B1E13653A5E136E598E136A5
:1037F000798CE1360E80E136A573E1363D67E1361E
:10380000D65AE136704EE1360C42E136AA35E13641
:103810004929E136E91CE1368A10E1362D04E1360A
:10382000D1F7E03676EBE0361DDFE036C6D2E03683
:103830006FC6E0361ABAE036C6ADE03674A1E0369F
:103840002395E036D388E036857CE0363870E03664
:10385000ED63E036A257E036594BE036123FE036D2
:10386000CC32E0368726E036431AE036010EE036E9
:10387000C001E03680F5DF3642E9DF3605DDDF36B0
:10388000CAD0DF3690C4DF3657B8DF361FACDF361C
:10389000E99FDF36B493DF368187DF364F7BDF3633
:1038A0001E6FDF36EE62DF36C056DF36934ADF36F4
:1038B000683EDF363E32DF361526DF36ED19DF365D
:1038C000C70DDF36A201DF367FF5DE365CE9DE3676
:1038D0003BDDDE361CD1DE36FDC4DE36E0B8DE363A
:1038E000C5ACDE36AAA0DE369194DE367A88DE36A6
:1038F000637CDE364E70DE363A64DE362858DE36BD
:10390000174CDE360740DE36F833DE36EB27DE3680
:10391000DF1BDE36D50FDE36CB03DE36C3F7DD36F2
:10392000BDEBDD36B7DFDD36B3D3DD36B0C7DD3610
:10393000AFBBDD36AFAFDD36B0A3DD36B297DD36D7
:10394000B68BDD36BB7FDD36C173DD36C967DD364C
:10395000D25BDD36DC4FDD36E743DD36F437DD366E
:10396000022CDD361120DD362214DD363408DD363A
:1039700047FCDC365BF0DC3671E4DC3688D8DC36BC
:10398000A1CCDC36BAC0DC36D5B4DC36F1A8DC36E6
:103990000F9DDC362E91DC364E85DC366F79DC36B9
:1039A000916DDC36B561DC36DA55DC36014ADC3641
:1039B000293EDC365132DC367C26DC36A71ADC3672
:1039C000D40EDC360203DC3631F7DB3662EBDB3655
:1039D00094DFDB36C7D3DB36FBC7DB3631BCDB36E7
:1039E00068B0DB36A0A4DB36D998DB36148DDB3625
:1039F0005081DB368D75DB36CC69DB360C5EDB3611
:103A00004D52DB368F46DB36D23ADB36172FDB36AC
:103A10005D23DB36A417DB36ED0BDB363700DB36F8
:103A200082F4DA36CEE8DA361CDDDA366AD1DA36F6
:103A3000BAC5DA360CBADA365EAEDA36B2A2DA36A1
:103A40000797DA365D8BDA36B57FDA360E74DA36FA
:103A50006868DA36C35CDA361F51DA367D45DA3605
:103A6000DC39DA363C2EDA369E22DA360017DA36C0
:103A7000640BDA36CAFFD93630F4D93698E8D9362D
:103A800000DDD9366AD1D936D6C5D93642BAD9364B
:103A9000B0AED9361FA3D9368F97D936018CD93617
:103AA0007480D936E774D9365D69D936D35DD93695
:103AB0004B52D936C346D9363D3BD936B92FD936C4
:103AC0003524D936B318D936320DD936B201D936A4
:103AD00033F6D836B6EAD8363ADFD836BFD3D8363A
:103AE00045C8D836CCBCD83655B1D836DFA5D8367F
:103AF0006A9AD836F68ED8368483D8361378D83674
:103B0000A36CD8363461D836C655D8365A4AD8361A
:103B1000EE3ED8368433D8361B28D836B41CD83677
:103B20004D11D836E805D83684FAD73621EFD73686
:103B3000C0E3D7365FD8D73600CDD736A2C1D73647
:103B400045B6D736EAAAD7368F9FD7363694D736BA
:103B5000DE88D736877DD7363172D736DD66D736E1
:103B60008A5BD7363850D736E744D7369739D736B9
:103B7000482ED736FB22D736AF17D736640CD73648
:103B80001A01D736D2F5D6368AEAD63644DFD6368B
:103B9000FFD3D636BBC8D63678BDD63637B2D63682
:103BA000F7A6D636B79BD6367A90D6363D85D6362A
:103BB000017AD636C76ED6368D63D6365558D63688
:103BC0001E4DD636E941D636B436D636812BD6369A
:103BD0004F20D6361E15D636EE09D636BFFED53660
:103BE00091F3D53665E8D5363ADDD53610D2D536DF
:103BF000E7C6D536BFBBD53699B0D53673A5D53611
:103C00004F9AD5362C8FD5360A84D536E978D536F5
:103C1000CA6DD536AC62D5368E57D536724CD53690
:103C20005741D5363D36D536252BD5360D20D536E0
:103C3000F714D536E209D536CEFED436BBF3D436EA
:103C4000A9E8D43699DDD43689D2D4367BC7D436A8
:103C50006EBCD43662B1D43657A6D4364D9BD4361A
:103C60004590D4363E85D436377AD436326FD43642
:103C70002E64D4362B59D4362A4ED4362943D43622
:103C80002A38D4362C2DD4362F22D4363317D436B6
:103C9000380CD4363E01D43645F6D3364EEBD33607
:103CA00058E0D33663D5D3366FCAD3367CBFD3360C
:103CB0008AB4D33699A9D336AA9ED336BB93D336CA
:103CC000CE88D336E27DD336F772D3360D68D3363D
:103CD000245DD3363D52D3365647D336713CD33666
:103CE0008D31D336AA26D336C81BD336E710D33648
:103CF0000706D33628FBD2364BF0D2366FE5D236E4
:103D000093DAD236B9CFD236E0C4D23608BAD23638
:103D100031AFD2365CA4D2368799D236B48ED23641
:103D2000E183D2361079D236406ED2367163D23604
:103D3000A358D236D64DD2360B43D2364038D2367F
:103D4000772DD236AE22D236E717D236210DD236B3
:103D50005C02D23698F7D136D5ECD13613E2D136A3
:103D600053D7D13693CCD136D5C1D13617B7D1364A
:103D70005BACD136A0A1D136E696D1362D8CD136AA
:103D80007581D136BE76D136096CD1365461D136C3
:103D9000A156D136EE4BD1363D41D1368D36D13696
:103DA000DE2BD1363021D1368316D136D70BD13622
:103DB0002C01D13683F6D036DAEBD03633E1D0366B
:103DC0008CD6D036E7CBD03643C1D036A0B6D0366D
:103DD000FEABD0365DA1D036BD96D0361E8CD03627
:103DE0008081D036E476D036486CD036AE61D0369D
:103DF0001457D0367C4CD036E541D0364F37D036CC
:103E0000BA2CD0362622D0369317D036010DD036B4
:103E10007002D036E0F7CF3652EDCF36C4E2CF365F
:103E200038D8CF36ACCDCF3622C3CF3699B8CF36BF
:103E300010AECF3689A3CF360399CF367E8ECF36DC
:103E4000FA83CF367779CF36F56ECF367564CF36B5
:103E5000F559CF36764FCF36F944CF367C3ACF3648
:103E60000130CF368625CF360D1BCF369510CF3695
:103E70001E06CF36A7FBCE3632F1CE36BEE6CE36A4
:103E80004BDCCE36D9D1CE3669C7CE36F9BCCE366C
:103E90008AB2CE361CA8CE36B09DCE364493CE36EE
:103EA000D988CE36707ECE360774CE36A069CE362F
:103EB0003A5FCE36D454CE36704ACE360D40CE362A
:103EC000AB35CE364A2BCE36EA20CE368A16CE36E3
:103ED0002C0CCE36D001CE3674F7CD3619EDCD365A
:103EE000BFE2CD3666D8CD360ECECD36B8C3CD3690
:103EF00062B9CD360DAFCD36BAA4CD36679ACD3680
:103F00001690CD36C585CD36767BCD362771CD362C
:103F1000DA66CD368E5CCD364252CD36F847CD3698
:103F2000AF3DCD366633CD361F29CD36D91ECD36C1
:103F30009414CD36500ACD360D00CD36CBF5CC36A7
:103F40008AEBCC364AE1CC360BD7CC36CDCCCC364E
:103F500090C2CC3654B8CC3619AECC36DFA3CC36B2
:103F6000A699CC366F8FCC363885CC36027BCC36D2
:103F7000CD70CC369966CC36675CCC363552CC36B3
:103F80000448CC36D53DCC36A633CC367829CC3651
:103F90004C1FCC362015CC36F60ACC36CC00CC36AD
:103FA000A3F6CB367CECCB3655E2CB3630D8CB36CD
:103FB0000BCECB36E8C3CB36C5B9CB36A4AFCB36A8
:103FC00083A5CB36649BCB364591CB362887CB3641
:103FD0000B7DCB36F072CB36D568CB36BC5ECB369C
:103FE000A354CB368C4ACB367640CB366036CB36B4
:103FF0004C2CCB363822CB362618CB36140ECB368B
:104000000404CB36F4F9CA36E6EFCA36D8E5CA3628
:10401000CCDBCA36C0D1CA36B6C7CA36ACBDCA3682
:10402000A4B3CA369CA9CA36969FCA369095CA369A
:104030008C8BCA368881CA368677CA36846DCA3672
:104040008463CA368459CA36854FCA368845CA360B
:104050008B3BCA369031CA369527CA369B1DCA3665
:10406000A313CA36AB09CA36B4FFC936BFF5C93681
:10407000CAEBC936D6E1C936E3D7C936F1CDC93660
:1040800001C4C93611BAC93622B0C93634A6C936F8
:10409000479CC9365B92C9367088C936867EC93658
:1040A0009D74C936B56AC936CE60C936E856C93678
:1040B000034DC9361F43C9363C39C936592FC93655
:1040C0007825C936981BC936B911C936DA07C936F9
:1040D000FDFDC83621F4C83645EAC8366BE0C8365F
:1040E00091D6C836B9CCC836E1C2C8360BB9C83685
:1040F00035AFC83660A5C8368D9BC836BA91C8366C
:10410000E887C836177EC8364774C836796AC83615
:10411000AB60C836DE56C836124DC8364743C8367F
:104120007D39C836B32FC836EB25C836241CC836AF
:104130005E12C8369808C836D4FEC73611F5C736A1
:104140004EEBC7368DE1C736CCD7C7360CCEC73657
:104150004EC4C73690BAC736D3B0C73618A7C736CD
:104160005D9DC736A393C736EA89C7363280C73606
:104170007B76C736C56CC7361063C7365B59C73602
:10418000A84FC736F645C736443CC7369432C736C3
:10419000E428C736361FC7368815C736DB0BC73647
:1041A0003002C73685F8C636DBEEC63632E5C6368F
:1041B0008ADBC636E3D1C6363DC8C63698BEC6369B
:1041C000F4B4C63650ABC636AEA1C6360C98C63669
:1041D0006C8EC636CC84C6362E7BC6369071C636FB
:1041E000F367C636575EC636BC54C636224BC63653
:1041F0008941C636F137C6365A2EC636C424C6366D
:104200002E1BC6369A11C6360708C63674FEC5364A
:10421000E2F4C53652EBC536C2E1C53633D8C536F1
:10422000A5CEC53618C5C5368CBBC53601B2C53658
:1042300077A8C536ED9EC5366595C536DD8BC53686
:104240005782C536D178C5364C6FC536C865C53678
:10425000465CC536C452C5364349C536C23FC5362D
:104260004336C536C52CC5364723C536CB19C536AA
:104270004F10C536D506C5365BFDC436E2F3C436ED
:104280006AEAC436F3E0C4367DD7C43608CEC436F5
:1042900093C4C43620BBC436AEB1C4363CA8C436C1
:1042A000CB9EC4365B95C436ED8BC4367F82C43654
:1042B0001279C436A56FC4363A66C436D05CC436AB
:1042C0006653C436FE49C4369640C4363037C436C9
:1042D000CA2DC4366524C436011BC4369E11C436AB
:1042E0003B08C436DAFEC3367AF5C3361AECC33659
:1042F000BBE2C3365ED9C33601D0C336A5C6C336CA
:104300004ABDC336F0B3C33696AAC3363EA1C33600
:10431000E697C336908EC3363A85C336E57BC336FF
:104320009172C3363E69C336EC5FC3369B56C336C3
:104330004B4DC336FB43C336AC3AC3365F31C3364D
:104340001228C336C61EC3367B15C336310CC3369E
:10435000E702C3369FF9C23658F0C23611E7C236BB
:10436000CBDDC23686D4C23642CBC236FFC1C2369E
:10437000BDB8C2367CAFC2363BA6C236FC9CC23644
:10438000BD93C2367F8AC2364281C2360678C236B3
:10439000CB6EC2369165C236575CC2361F53C236E9
:1043A000E749C236B040C2367A37C236452EC236E9
:1043B0001125C236DD1BC236AB12C2367909C236B0
:1043C0004900C23619F7C136EAEDC136BCE4C13640
:1043D0008FDBC13662D2C13637C9C1360CC0C13697
:1043E000E2B6C136B9ADC13691A4C1366A9BC136B9
:1043F0004492C1361F89C136FA7FC136D676C1369E
:10440000B36DC1369164C136705BC1365052C1364E
:104410003149C1361240C136F436C136D82DC136C5
:10442000BC24C136A11BC1368612C1366D09C13606
:104430005400C1363DF7C03626EEC03610E5C03612
:10444000FBDBC036E7D2C036D3C9C036C1C0C036E8
:10445000AFB7C0369EAEC0368EA5C0367F9CC03684
:104460007193C036638AC0365781C0364B78C036E8
:10447000406FC0363666C0362D5DC0362554C03616
:104480001D4BC0361742C0361139C0360C30C0360D
:104490000827C036051EC0360215C036010CC036CE
:1044A0000003C03600FABF3601F1BF3603E8BF365D
:1044B00006DFBF3609D6BF360ECDBF3613C4BF36B2
:1044C00019BBBF3620B2BF3627A9BF3630A0BF36D2
:1044D0003997BF36448EBF364F85BF365A7CBF36BC
:1044E0006773BF36756ABF368361BF369258BF3671
:1044F000A34FBF36B446BF36C53DBF36D834BF36EE
:10450000EB2BBF360023BF36151ABF362B11BF3633
:104510004108BF3659FFBE3671F6BE368BEDBE364A
:10452000A5E4BE36C0DBBE36DBD2BE36F8C9BE3629
:1045300015C1BE3633B8BE3652AFBE3672A6BE36D1
:10454000939DBE36B594BE36D78BBE36FA82BE3644
:104550001E7ABE364371BE366968BE368F5FBE3680
:10456000B656BE36DE4DBE360745BE36313CBE368B
:104570005C33BE36872ABE36B321BE36E018BE365F
:104580000E10BE363D07BE366CFEBD369DF5BD36FF
:10459000CEECBD3600E4BD3632DBBD3666D2BD366C
:1045A0009AC9BD36D0C0BD3606B8BD363CAFBD36A3
:1045B00074A6BD36AC9DBD36E694BD36208CBD36A6
:1045C0005B83BD36967ABD36D371BD361069BD3674
:1045D0004E60BD368D57BD36CD4EBD360E46BD360E
:1045E0004F3DBD369134BD36D42BBD361823BD3674
:1045F0005D1ABD36A211BD36E808BD362F00BD36A6
:1046000077F7BC36C0EEBC3609E6BC3653DDBC36A7
:104610009ED4BC36EACBBC3637C3BC3684BABC3673
:10462000D3B1BC3622A9BC3671A0BC36C297BC3609
:10463000148FBC366686BC36B97DBC360D75BC366B
:10464000616CBC36B763BC360D5BBC366452BC369D
:10465000BC49BC361541BC366E38BC36C82FBC369A
:104660002327BC367F1EBC36DC15BC36390DBC3664
:104670009704BC36F6FBBB3656F3BB36B6EABB3600
:1046800018E2BB367AD9BB36DDD0BB3641C8BB3663
:10469000A5BFBB360AB7BB3670AEBB36D7A5BB3697
:1046A0003F9DBB36A794BB36118CBB367B83BB3694
:1046B000E57ABB365172BB36BD69BB362B61BB3662
:1046C0009958BB360750BB367747BB36E73EBB36FB
:1046D0005836BB36CA2DBB363D25BB36B01CBB3663
:1046E0002414BB36990BBB360F03BB3686FABA3699
:1046F000FDF1BA3675E9BA36EEE0BA3668D8BA36A0
:10470000E2CFBA365DC7BA36D9BEBA3656B6BA3671
:10471000D4ADBA3652A5BA36D19CBA365194BA360F
:10472000D28BBA365383BA36D57ABA365872BA367D
:10473000DC69BA366061BA36E658BA366C50BA36B9
:10474000F347BA367A3FBA360237BA368C2EBA36C3
:104750001626BA36A01DBA362C15BA36B80CBA369B
:104760004504BA36D3FBB93661F3B936F0EAB93647
:1047700080E2B93611DAB936A3D1B93635C9B936BE
:10478000C8C0B9365CB8B936F1AFB93686A7B93604
:104790001C9FB936B396B9364B8EB936E385B93618
:1047A0007D7DB9361775B936B16CB9364D64B936F9
:1047B000E95BB9368653B936244BB936C242B936AD
:1047C000623AB9360232B936A229B9364421B9362D
:1047D000E618B9368910B9362D08B936D2FFB83681
:1047E00077F7B8361DEFB836C4E6B8366CDEB836A3
:1047F00014D6B836BDCDB83667C5B83611BDB83693
:10480000BDB4B83669ACB83616A4B836C39BB83652
:104810007293B836218BB836D182B836817AB836E1
:104820003372B836E569B8369861B8364B59B83640
:104830000051B836B548B8366B40B8362138B8366E
:10484000D82FB8369127B836491FB8360317B8366F
:10485000BD0EB8367806B83634FEB736F1F5B73641
:10486000AEEDB7366CE5B7362BDDB736EAD4B736E2
:10487000AACCB7366BC4B7362DBCB736EFB3B73654
:10488000B3ABB73677A3B7363B9BB7360193B73692
:10489000C78AB7368E82B736557AB7361E72B736A4
:1048A000E769B736B161B7367B59B7364751B73686
:1048B0001349B736DF40B736AD38B7367B30B73639
:1048C0004A28B7361A20B736EA17B736BB0FB736BD
:1048D0008D07B73660FFB63633F7B63607EFB63614
:1048E000DCE6B636B2DEB63688D6B6365FCEB6363B
:1048F00037C6B6360FBEB636E8B5B636C2ADB63632
:104900009DA5B636789DB6365495B636318DB636F9
:104910000F85B636ED7CB636CC74B636AC6CB63692
:104920008C64B6366D5CB6364F54B636324CB636FD
:104930001544B636F93BB636DE33B636C42BB6363A
:10494000AA23B636911BB6367813B636610BB63647
:104950004A03B63634FBB5361EF3B53609EBB53629
:10496000F5E2B536E2DAB536CFD2B536BECAB536DF
:10497000ACC2B5369CBAB5368CB2B5367DAAB53662
:104980006FA2B536619AB5365492B536488AB536B7
:104990003D82B536327AB5362872B5361F6AB536DD
:1049A0001662B5360E5AB5360752B536014AB536D7
:1049B000FB41B536F639B536F231B536EE29B536A6
:1049C000EB21B536E919B536E711B536E709B53645
:1049D000E601B536E7F9B436E8F1B436EAE9B436BB
:1049E000EDE1B436F1D9B436F5D1B436FAC9B436FE
:1049F000FFC1B43605BAB4360CB2B43614AAB43614
:104A00001CA2B436269AB4362F92B4363A8AB436FB
:104A10004582B436517AB4365D72B4366B6AB436B8
:104A20007962B436875AB4369752B436A74AB43648
:104A3000B842B436C93AB436DB32B436EE2AB436AC
:104A40000223B436161BB4362B13B436410BB436DE
:104A50005703B4366EFBB33686F3B3369EEBB336EC
:104A6000B7E3B336D1DBB336ECD3B33607CCB336CA
:104A700023C4B33640BCB3365DB4B3367BACB33677
:104A80009AA4B336B99CB336D994B336FA8CB336FC
:104A90001B85B3363D7DB3366075B336846DB33652
:104AA000A865B336CD5DB336F255B336194EB3367D
:104AB0003F46B336673EB3368F36B336B82EB3367D
:104AC000E226B3360D1FB3363817B336630FB3364D
:104AD0009007B336BDFFB236EBF7B23619F0B236F7
:104AE00048E8B23678E0B236A9D8B236DAD0B23673
:104AF0000CC9B2363EC1B23672B9B236A6B1B236C0
:104B0000DAA9B23610A2B236469AB2367C92B236E2
:104B1000B48AB236EC82B236247BB2365E73B236D9
:104B2000986BB236D263B2360E5CB2364A54B236A5
:104B3000874CB236C444B236023DB2364135B23645
:104B4000802DB236C025B236011EB2364316B236BB
:104B5000850EB236C806B2360BFFB1364FF7B13606
:104B600094EFB136DAE7B13620E0B13667D8B13626
:104B7000AED0B136F7C8B1363FC1B13689B9B1361A
:104B8000D3B1B1361EAAB1366AA2B136B69AB136E1
:104B90000393B136508BB1369E83B136ED7BB1367F
:104BA0003D74B1368D6CB136DE64B1362F5DB136F1
:104BB0008255B136D54DB1362846B1367C3EB13638
:104BC000D136B136272FB1367D27B136D41FB13655
:104BD0002B18B1368310B136DC08B1363601B13648
:104BE00090F9B036EBF1B03646EAB036A2E2B03614
:104BF000FFDAB0365DD3B036BBCBB0361AC4B036B0
:104C000079BCB036D9B4B0363AADB0369BA5B03623
:104C1000FD9DB0366096B036C38EB0362787B0366D
:104C20008C7FB036F277B0365870B036BE68B0368A
:104C30002661B0368D59B036F651B0365F4AB0367F
:104C4000C942B036343BB0369F33B0360B2CB03649
:104C50007824B036E51CB0365315B036C10DB036E9
:104C60003006B036A0FEAF3610F7AF3682EFAF3663
:104C7000F3E7AF3666E0AF36D9D8AF364CD1AF36B2
:104C8000C1C9AF3636C2AF36ABBAAF3622B3AF36D4
:104C900099ABAF3610A4AF36889CAF360195AF36CE
:104CA0007B8DAF36F585AF36707EAF36EB76AF369F
:104CB000676FAF36E467AF366160AF36DF58AF3647
:104CC0005E51AF36DD49AF365D42AF36DE3AAF36C4
:104CD0005F33AF36E12BAF366324AF36E71CAF3618
:104CE0006A15AF36EF0DAF367406AF36FAFEAE3644
:104CF00080F7AE3607F0AE368EE8AE3617E1AE3648
:104D0000A0D9AE3629D2AE36B3CAAE363EC3AE3621
:104D10000000003EAD42003E7C85003E6FC8003E74
:104D2000840B013EBC4E013E1792013E95D5013EDB
:104D30003719023EFB5C023EE3A0023EEEE4023E77
:104D40001D29033E6F6D033EE5B1033E7FF6033E32
:104D50003C3B043E1D80043E22C5043E4B0A053EFA
:104D6000984F053E0995053E9EDA053E5720063EC2
:104D70003566063E37AC063E5EF2063EA938073E73
:104D8000197F073EADC5073E660C083E4453083EFA
:104D9000479A083E6FE1083EBC28093E2E70093E46
:104DA000C6B7093E82FF093E64470A3E6C8F0A3E41
:104DB00099D70A3EEB1F0B3E64680B3E02B10B3ED7
:104DC000C5F90B3EAF420C3EBF8B0C3EF5D40C3EFA
:104DD000511E0D3ED3670D3E7BB10D3E4AFB0D3E8D
:104DE0003F450E3E5B8F0E3E9DD90E3E06240F3E84
:104DF000966E0F3E4DB90F3E2A04103E2F4F103EC7
:104E00005A9A103EADE5103E2731113EC87C113E46
:104E100091C8113E8114123E9960123ED9AC123EE7
:104E200040F9123ECF45133E8592133E64DF133E98
:104E30006B2C143E9A79143EF1C6143E7014153E44
:104E40001862153EE8AF153EE1FD153E024C163ED8
:104E50004C9A163EBFE8163E5B37173E2086173E3B
:104E60000DD5173E2424183E6473183ECDC2183E5B
:104E70006012193E1C62193E02B2193E11021A3E1E
:104E80004A521A3EADA21A3E39F31A3EF0431B3E77
:104E9000D1941B3EDBE51B3E10371C3E70881C3E48
:104EA000F9D91C3EAD2B1D3E8C7D1D3E95CF1D3E80
:104EB000C9211E3E28741E3EB2C61E3E67191F3E03
:104EC000476C1F3E52BF1F3E8812203EEA65203EBF
:104ED00077B9203E2F0D213E1361213E23B5213E9F
:104EE0005F09223EC75D223E5AB2223E1A07233E88
:104EF000055C233E1DB1233E6206243ED25B243E68
:104F00006FB1243E3907253E305D253E53B3253E23
:104F1000A309263E2060263ECAB6263EA20D273EA5
:104F2000A664273ED8BB273E3713283EC46A283ED6
:104F30007EC2283E671A293E7C72293EC0CA293E9D
:104F400032232A3ED27B2A3EA0D42A3E9C2D2B3EE1
:104F5000C7862B3E20E02B3EA7392C3E5D932C3E8E
:104F600042ED2C3E56472D3E99A12D3E0AFC2D3E8A
:104F7000AB562E3E7BB12E3E7B0C2F3EA9672F3EBB
:104F800007C32F3E951E303E537A303E40D6303E0A
:104F90005D32313EAA8E313E28EB313ED547323E5E
:104FA000B3A4323EC101333EFF5E333E6EBC333E9E
:104FB0000E1A343EDF77343EE0D5343E1334353EAE
:104FC0007692353E0BF1353ED04F363EC8AE363E7A
:104FD000F00D373E4B6D373ED7CC373E942C383EE4
:104FE000848C383EA6EC383EF94C393E7FAD393ED4
:104FF000370E3A3E226F3A3E3ED03A3E8E313B3E2D
:1050000010933B3EC5F43B3EAD563C3EC8B83C3EDB
:10501000161B3D3E977D3D3E4CE03D3E34433E3EBB
:105020004FA63E3E9E093F3E216D3F3ED8D03F3EBB
:10503000C334403EE198403E34FD403EBB61413EBA
:1050400076C6413E662B423E8B90423EE4F5423EA0
:10505000725B433E35C1433E2D27443E5A8D443E4C
:10506000BCF3443E535A453E20C1453E2328463EAC
:105070005B8F463EC9F6463E6D5E473E47C6473E9D
:10508000562E483E9D96483E19FF483ECC67493E05
:10509000B5D0493ED5394A3E2CA34A3EBA0C4B3EC8
:1050A0007E764B3E7AE04B3EAD4A4C3E17B54C3EC9
:1050B000B91F4D3E928A4D3EA3F54D3EEC604E3EEB
:1050C0006CCC4E3E25384F3E16A44F3E3E10503E0F
:1050D000A07C503E39E9503E0C56513E17C3513E1C
:1050E0005A30523ED79D523E8D0B533E7B79533EF4
:1050F000A4E7533E0556543EA0C4543E7533553E76
:1051000083A2553ECB11563E4D81563E09F1563E87
:105110000061573E31D1573E9C41583E42B2583E05
:105120002223593E3D94593E93055A3E24775A3ED8
:10513000F1E85A3EF85A5B3E3BCD5B3EBA3F5C3EDF
:1051400074B25C3E6A255D3E9C985D3E0A0C5E3EF4
:10515000B47F5E3E9AF35E3EBC675F3E1BDC5F3E03
:10516000B750603E8FC5603EA53A613EF7AF613EE5
:105170008625623E539B623E5D11633EA487633E7B
:1051800029FE633EEC74643EEDEB643E2C63653EA9
:10519000A8DA653E6352663E5DCA663E9542673E4A
:1051A0000BBB673EC033683EB4AC683EE825693E41
:1051B0005A9F693E0B196A3EFC926A3E2D0D6B3E6A
:1051C0009D876B3E4D026C3E3C7D6C3E6CF86C3EA8
:1051D000DC736D3E8CEF6D3E7D6B6E3EAEE76E3EDA
:1051E00020646F3ED3E06F3EC75D703EFCDA703ED8
:1051F0007258713E29D6713E2254723E5CD2723E84
:10520000D850733E97CF733E974E743ED9CD743EBF
:105210005E4D753E25CD753E2E4D763E7ACD763E61
:105220000A4E773EDCCE773EF14F783E49D1783E4C
:10523000E552793EC4D4793EE7567A3E4ED97A3E5D
:10524000F95B7B3EE7DE7B3E1A627C3E91E57C3E6D
:105250004D697D3E4EED7D3E93717E3E1DF67E3E58
:10526000EC7A7F3E0000803EAD42803E7C85803EF1
:105270006FC8803E840B813EBC4E813E1792813EBA
:1052800095D5813E3719823EFB5C823EE3A0823E8B
:10529000EEE4823E1D29833E6F6D833EE5B1833E81
:1052A0007FF6833E3C3B843E1D80843E22C5843E87
:1052B0004B0A853E984F853E0995853E9EDA853E90
:1052C0005720863E3566863E37AC863E5EF2863E89
:1052D000A938873E197F873EADC5873E660C883E5C
:1052E0004453883E479A883E6FE1883EBC28893EF9
:1052F0002E70893EC6B7893E82FF893E64478A3E4A
:105300006C8F8A3E99D78A3EEB1F8B3E64688B3E3A
:1053100002B18B3EC5F98B3EAF428C3EBF8B8C3EBB
:10532000F5D48C3E511E8D3ED3678D3E7BB18D3EB4
:105330004AFB8D3E3F458E3E5B8F8E3E9DD98E3E15
:1053400006248F3E966E8F3E4DB98F3E2A04903EC6
:105350002F4F903E5A9A903EADE5903E2731913EB8
:10536000C87C913E91C8913E8114923E9960923ED4
:10537000D9AC923E40F9923ECF45933E8592933E02
:1053800064DF933E6B2C943E9A79943EF1C6943E32
:105390007014953E1862953EE8AF953EE1FD953E4E
:1053A000024C963E4C9A963EBFE8963E5B37973E3F
:1053B0002086973E0DD5973E2424983E6473983EF0
:1053C000CDC2983E6012993E1C62993E02B2993E4F
:1053D00011029A3E4A529A3EADA29A3E39F39A3E43
:1053E000F0439B3ED1949B3EDBE59B3E10379C3EB9
:1053F00070889C3EF9D99C3EAD2B9D3E8C7D9D3E98
:1054000095CF9D3EC9219E3E28749E3EB2C69E3ECB
:1054100067199F3E476C9F3E52BF9F3E8812A03E39
:10542000EA65A03E77B9A03E2F0DA13E1361A13ED3
:1054300023B5A13E5F09A23EC75DA23E5AB2A23E7D
:105440001A07A33E055CA33E1DB1A33E6206A43E1F
:10545000D25BA43E6FB1A43E3907A53E305DA53EA8
:1054600053B3A53EA309A63E2060A63ECAB6A63EFB
:10547000A20DA73EA664A73ED8BBA73E3713A83E01
:10548000C46AA83E7EC2A83E671AA93E7C72A93EA5
:10549000C0CAA93E3223AA3ED27BAA3EA0D4AA3ECD
:1054A0009C2DAB3EC786AB3E20E0AB3EA739AC3E61
:1054B0005D93AC3E42EDAC3E5647AD3E99A1AD3E4C
:1054C0000AFCAD3EAB56AE3E7BB1AE3E7B0CAF3E72
:1054D000A967AF3E07C3AF3E951EB03E537AB03EBC
:1054E00040D6B03E5D32B13EAA8EB13E28EBB13E11
:1054F000D547B23EB3A4B23EC101B33EFF5EB33E58
:105500006EBCB33E0E1AB43EDF77B43EE0D5B43E77
:105510001334B53E7692B53E0BF1B53ED04FB63E54
:10552000C8AEB63EF00DB73E4B6DB73ED7CCB73EDA
:10553000942CB83E848CB83EA6ECB83EF94CB93EEB
:105540007FADB93E370EBA3E226FBA3E3ED0BA3E6C
:105550008E31BB3E1093BB3EC5F4BB3EAD56BC3E48
:10556000C8B8BC3E161BBD3E977DBD3E4CE0BD3E5F
:105570003443BE3E4FA6BE3E9E09BF3E216DBF3E98
:10558000D8D0BF3EC334C03EE198C03E34FDC03EDB
:10559000BB61C13E76C6C13E662BC23E8B90C23E09
:1055A000E4F5C23E725BC33E35C1C33E2D27C43E07
:1055B0005A8DC43EBCF3C43E535AC53E20C1C53EBD
:1055C0002328C63E5B8FC63EC9F6C63E6D5EC73E0B
:1055D00047C6C73E562EC83E9D96C83E19FFC83ED8
:1055E000CC67C93EB5D0C93ED539CA3E2CA3CA3E08
:1055F000BA0CCB3E7E76CB3E7AE0CB3EAD4ACC3E7B
:1056000017B5CC3EB91FCD3E928ACD3EA3F5CD3E17
:10561000EC60CE3E6CCCCE3E2538CF3E16A4CF3EBD
:105620003E10D03EA07CD03E39E9D03E0C56D13E53
:1056300017C3D13E5A30D23ED79DD23E8D0BD33EBA
:105640007B79D33EA4E7D33E0556D43EA0C4D43ED6
:105650007533D53E83A2D53ECB11D63E4D81D63E85
:1056600009F1D63E0061D73E31D1D73E9C41D83EAC
:1056700042B2D83E2223D93E3D94D93E9305DA3E2C
:105680002477DA3EF1E8DA3EF85ADB3E3BCDDB3EEA
:10569000BA3FDC3E74B2DC3E6A25DD3E9C98DD3EBE
:1056A0000A0CDE3EB47FDE3E9AF3DE3EBC67DF3E90
:1056B0001BDCDF3EB750E03E8FC5E03EA53AE13E41
:1056C000F7AFE13E8625E23E539BE23E5D11E33EAD
:1056D000A487E33E29FEE33EEC74E43EEDEBE43EBA
:1056E0002C63E53EA8DAE53E6352E63E5DCAE63E3F
:1056F0009542E73E0BBBE73EC033E83EB4ACE83E24
:10570000E825E93E5A9FE93E0B19EA3EFC92EA3E43
:105710002D0DEB3E9D87EB3E4D02EC3E3C7DEC3E7D
:105720006CF8EC3EDC73ED3E8CEFED3E7D6BEE3EB7
:10573000AEE7EE3E2064EF3ED3E0EF3EC75DF03EC5
:10574000FCDAF03E7258F13E29D6F13E2254F23E88
:105750005CD2F23ED850F33E97CFF33E974EF43EE4
:10576000D9CDF43E5E4DF53E25CDF53E2E4DF63EAF
:105770007ACDF63E0A4EF73EDCCEF73EF14FF83ECC
:1057800049D1F83EE552F93EC4D4F93EE756FA3E17
:105790004ED9FA3EF95BFB3EE7DEFB3E1A62FC3E69
:1057A00091E5FC3E4D69FD3E4EEDFD3E9371FE3EA2
:1057B0001DF6FE3EEC7AFF3E0000003FAD42003F8A
:1057C0007C85003F6FC8003F840B013FBC4E013F0A
:1057D0001792013F95D5013F3719023FFB5C023F0D
:1057E000E3A0023FEEE4023F1D29033F6F6D033F3C
:1057F000E5B1033F7FF6033F3C3B043F1D80043F80
:1058000022C5043F4B0A053F984F053F0995053FC8
:105810009EDA053F5720063F3566063F37AC063F08
:105820005EF2063FA938073F197F073FADC5073F26
:10583000660C083F4453083F479A083F6FE1083F12
:10584000BC28093F2E70093FC6B7093F82FF093FB8
:1058500064470A3F6C8F0A3F99D70A3FEB1F0B3F03
:1058600064680B3F02B10B3FC5F90B3FAF420C3FE1
:10587000BF8B0C3FF5D40C3F511E0D3FD3670D3F3E
:105880007BB10D3F4AFB0D3F3F450E3F5B8F0E3F07
:105890009DD90E3F06240F3F966E0F3F4DB90F3F27
:1058A0002A04103F2F4F103F5A9A103FADE5103F8A
:1058B0002731113FC87C113F91C8113F8114123F1D
:1058C0009960123FD9AC123F40F9123FCF45133FC8
:1058D0008592133F64DF133F6B2C143F9A79143F7A
:1058E000F1C6143F7014153F1862153FE8AF153F1D
:1058F000E1FD153F024C163F4C9A163FBFE8163F9C
:105900005B37173F2086173F0DD5173F2424183FDC
:105910006473183FCDC2183F6012193F1C62193FD3
:1059200002B2193F11021A3F4A521A3FADA21A3F62
:1059300039F31A3FF0431B3FD1941B3FDBE51B3F7C
:1059400010371C3F70881C3FF9D91C3FAD2B1D3F01
:105950008C7D1D3F95CF1D3FC9211E3F28741E3FE2
:10596000B2C61E3F67191F3F476C1F3F52BF1F3F04
:105970008812203FEA65203F77B9203F2F0D213F55
:105980001361213F23B5213F5F09223FC75D223FBD
:105990005AB2223F1A07233F055C233F1DB1233F24
:1059A0006206243FD25B243F6FB1243F3907253F75
:1059B000305D253F53B3253FA309263F2060263F96
:1059C000CAB6263FA20D273FA664273FD8BB273F74
:1059D0003713283FC46A283F7EC2283F671A293FF1
:1059E0007C72293FC0CA293F32232A3FD27B2A3FFB
:1059F000A0D42A3F9C2D2B3FC7862B3F20E02B3F76
:105A0000A7392C3F5D932C3F42ED2C3F56472D3F4D
:105A100099A12D3F0AFC2D3FAB562E3F7BB12E3F67
:105A20007B0C2F3FA9672F3F07C32F3F951E303FA9
:105A3000537A303F40D6303F5D32313FAA8E313FFE
:105A400028EB313FD547323FB3A4323FC101333F4A
:105A5000FF5E333F6EBC333F0E1A343FDF77343F77
:105A6000E0D5343F1334353F7692353F0BF1353F67
:105A7000D04F363FC8AE363FF00D373F4B6D373F06
:105A8000D7CC373F942C383F848C383FA6EC383F36
:105A9000F94C393F7FAD393F370E3A3F226F3A3FDD
:105AA0003ED03A3F8E313B3F10933B3FC5F43B3FE6
:105AB000AD563C3FC8B83C3F161B3D3F977D3D3F30
:105AC0004CE03D3F34433E3F4FA63E3F9E093F3FA3
:105AD000216D3F3FD8D03F3FC334403FE198403F26
:105AE00034FD403FBB61413F76C6413F662B423F9C
:105AF0008B90423FE4F5423F725B433F35C1433FE9
:105B00002D27443F5A8D443FBCF3443F535A453FF1
:105B100020C1453F2328463F5B8F463FC9F6463F9D
:105B20006D5E473F47C6473F562E483F9D96483FCC
:105B300019FF483FCC67493FB5D0493FD5394A3F67
:105B40002CA34A3FBA0C4B3F7E764B3F7AE04B3F4B
:105B5000AD4A4C3F17B54C3FB91F4D3F928A4D3F60
:105B6000A3F54D3FEC604E3F6CCC4E3F25384F3F88
:105B700016A44F3F3E10503FA07C503F39E9503FA4
:105B80000C56513F17C3513F5A30523FD79D523F99
:105B90008D0B533F7B79533FA4E7533F0556543F4A
:105BA000A0C4543F7533553F83A2553FCB11563F98
:105BB0004D81563F09F1563F0061573F31D1573F64
:105BC0009C41583F42B2583F2223593F3D94593F90
:105BD00093055A3F24775A3FF1E85A3FF85A5B3F02
:105BE0003BCD5B3FBA3F5C3F74B25C3F6A255D3F93
:105BF0009C985D3F0A0C5E3FB47F5E3F9AF35E3F28
:105C0000BC675F3F1BDC5F3FB750603F8FC5603FA5
:105C1000A53A613FF7AF613F8625623F539B623FE4
:105C20005D11633FA487633F29FE633FEC74643FCB
:105C3000EDEB643F2C63653FA8DA653F6352663F36
:105C40005DCA663F9542673F0BBB673FC033683F05
:105C5000B4AC683FE825693F5A9F693F0B196A3F1A
:105C6000FC926A3F2D0D6B3F9D876B3F4D026C3F51
:105C70003C7D6C3F6CF86C3FDC736D3F8CEF6D3F8F
:105C80007D6B6E3FAEE76E3F20646F3FD3E06F3FAA
:105C9000C75D703FFCDA703F7258713F29D6713F83
:105CA0002254723F5CD2723FD850733F97CF733FFC
:105CB000974E743FD9CD743F5E4D753F25CD753FEE
:105CC0002E4D763F7ACD763F0A4E773FDCCE773F3A
:105CD000F14F783F49D1783FE552793FC4D4793FBD
:105CE000E7567A3F4ED97A3FF95B7B3FE7DE7B3F51
:105CF0001A627C3F91E57C3F4D697D3F4EED7D3FD3
:105D000093717E3F1DF67E3FEC7A7F3F0000803F1F
:105D1000000000407978F83F1DC7F13FAAAAEA3F8A
:105D20006666E63F0000E03F5655D53F0000D03F95
:105D3000CDCCCC3F9324C93F0000C03F6DDBB63FC4
:105D40003333B33F0000B03FAAAAAA3F6666A63F1E
:105D50000000A03F4992A43F9A99993F5655953F1C
:105D60000000903FCDCC8C3F8787873FC4C3833FE3
:105D70000000803F7878783F1CC7713FABAA6A3F2C
:105D80006666663F0000603F5555553F0000503F36
:105D9000CDCC4C3F9324493F0000403F6DDB363F64
:105DA0003333333F0000303FABAA2A3F6666263FBD
:105DB0000000203F4892243F9A99193F5555153FBE
:105DC0000000103FCDCC0C3F8887073FC4C3033F82
:105DD0000000003F7878F83E1CC7F13EAAAAEA3ED0
:105DE0006666E63E0000E03E5655D53E0000D03ED9
:105DF000CDCCCC3E9124C93E0000C03E6FDBB63E08
:105E00003333B33E0000B03EAAAAAA3E0000000011
:105E10000000000000000000000000000000000082
:105E20000000803D94DC813DF9BF833DB4AA853DEF
:105E3000419C873DAB95893DE6958B3D779D8D3D9A
:105E4000E6AC8F3DADC3913DD6E2933D5709963DFB
:105E5000B537983DFC6E9A3D9BAD9C3D23F59E3D2C
:105E60000F45A13D5E9DA33D97FEA53DBA68A83DA7
:105E7000C6DBAA3D4358AD3DA9DDAF3D7F6CB23DC9
:105E8000C504B53D01A7B73DAC52BA3DD508BD3DEF
:105E90006DC8BF3D8192C23D1267C53D2046C83DD9
:105EA0002F30CB3DBC24CE3D4A24D13DDC2ED43D09
:105EB000F644D73D9966DA3DC493DD3DFFCCE03D25
:105EC000C311E43D1B63E73D09C1EA3D062BEE3DEE
:105ED00098A1F13D4625F53D0FB6F83D7A54FC3DBD
:105EE0000000003E94DC013E3CC0033EB4AA053EE7
:105EF000849C073E6895093EA3950B3E779D0D3E19
:105F0000E6AC0F3EF0C3113E93E2133E5709163E36
:105F1000F837183EB96E1A3EDEAD1C3E23F51E3E24
:105F20000F45213EA19D233EDAFE253EFD68283E19
:105F30000ADC2A3E43582D3EA9DD2F3E7F6C323EBF
:105F40000805353E01A7373EF0523A3E92083D3EE5
:105F50006DC83F3EC592423E1267453E2046483ED0
:105F6000EC2F4B3E79244E3E0724513EDC2E543E0E
:105F7000F644573E99665A3EC4935D3EFFCC603E60
:105F80000612643E1B63673EC6C06A3E062B6E3E29
:105F9000DCA1713E8925753E52B6783E7A547C3E2E
:105FA0000000803E94DC813E3CC0833EB4AA853E26
:105FB000849C873E6895893EC4958B3E779D8D3E37
:105FC000E6AC8F3ECEC3913E93E2933E3509963EBA
:105FD000F837983EB96E9A3EBCAD9C3E23F59E3E86
:105FE0000F45A13EA19DA33EDAFEA53EFD68A83E59
:105FF0000ADCAA3E4358AD3EA9DDAF3EA06CB23EDE
:10600000E604B53E01A7B73ECE52BA3EB308BD3E48
:106010008EC8BF3EA392C23E3467C53E4146C83ECD
:10602000EC2FCB3E9A24CE3E2924D13EDC2ED43E0A
:10603000F644D73E9966DA3EC493DD3EDECCE03EC0
:10604000E411E43E3D63E73EC6C0EA3EE52AEE3E8B
:10605000BAA1F13E8925F53E52B6F83E7A54FC3E8F
:106060000000003FA5DC013F2BC0033FC5AA053F50
:10607000849C073F7995093FC4950B3F889D0D3F50
:10608000D6AC0F3FCEC3113F93E2133F4609163FF4
:10609000F837183FB96E1A3FCDAD1C3F34F51E3F9F
:1060A0002045213FA19D233FDAFE253FEC68283F94
:1060B0000ADC2A3F43582D3FBADD2F3F8F6C323F19
:1060C000F704353F01A7373FDF523A3FA2083D3F73
:1060D0008EC83F3FA392423F2367453F3046483F2B
:1060E000FD2F4B3F89244E3F2924513FEC2E543F36
:1060F000F644573F99665A3FD5935D3FDECC603FEB
:10610000F511643F2C63673FC6C06A3FE52A6E3FC6
:10611000BAA1713F7825753F52B6783F69547C3FEC
:106120000000803F9CDC813F2BC0833FC5AA853F98
:106130007C9C873F7095893FC4958B3F889D8D3FA0
:10614000D6AC8F3FD7C3913F9BE2933F4609963F22
:10615000EF37983FC16E9A3FCDAD9C3F34F59E3FDF
:106160001745A13F999DA33FDAFEA53FF568A83FDB
:106170000ADCAA3F4358AD3FBADDAF3F8F6CB23F58
:10618000F704B53F01A7B73FD652BA3FA208BD3FBB
:1061900086C8BF3FA392C23F2C67C53F3946C83F60
:1061A000F52FCB3F8924CE3F2024D13FE42ED43F8E
:1061B000FE44D73F9066DA3FCD93DD3FDECCE03F33
:1061C000ED11E43F2C63E73FC6C0EA3FE52AEE3F0E
:1061D000C2A1F13F8125F53F52B6F83F6954FC3F1B
:1061E00000000040A0DC01402BC00340C5AA0540D0
:1061F0007C9C074074950940C0950B40849D0D40E0
:10620000D6AC0F40D2C3114097E21340420916406A
:10621000EF371840BD6E1A40C9AD1C4034F51E4022
:1062200017452140999D2340D6FE2540F16828401E
:106230000ADC2A403F582D40B5DD2F40946C324097
:10624000F304354001A73740D6523A40A2083D40FA
:1062500086C83F40A79242402C6745403946484097
:10626000F52F4B408D244E4025245140E82E5440BC
:10627000FE44574090665A40CD935D40DECC60406E
:10628000F111644030636740C6C06A40E92A6E403D
:10629000BEA171407D25754052B678406D547C405A
:1062A00000008040000080400000804000008040EE
:1062B0000000000094DC013E3CC0033EB4AA053E51
:1062C000849C073E6895093EA3950B3E779D0D3E45
:1062D000E6AC0F3EF0C3113E93E2133E5709163E63
:1062E000F837183EB96E1A3EDEAD1C3E23F51E3E51
:1062F0000F45213EA19D233EDAFE253EFD68283E46
:106300000ADC2A3E43582D3EA9DD2F3E7F6C323EEB
:106310000805353E01A7373EF0523A3E92083D3E11
:106320006DC83F3EC592423E1267453E2046483EFC
:10633000EC2F4B3E79244E3E0724513EDC2E543E3A
:10634000F644573E99665A3EC4935D3EFFCC603E8C
:106350000612643E1B63673EC6C06A3E062B6E3E55
:10636000DCA1713E8925753E52B6783E7A547C3E5A
:106370000000803E94DC813E3CC0833EB4AA853E52
:10638000849C873E6895893EC4958B3E779D8D3E63
:10639000E6AC8F3ECEC3913E93E2933E3509963EE6
:1063A000F837983EB96E9A3EBCAD9C3E23F59E3EB2
:1063B0000F45A13EA19DA33EDAFEA53EFD68A83E85
:1063C0000ADCAA3E4358AD3EA9DDAF3EA06CB23E0A
:1063D000E604B53E01A7B73ECE52BA3EB308BD3E75
:1063E0008EC8BF3EA392C23E3467C53E4146C83EFA
:1063F000EC2FCB3E9A24CE3E2924D13EDC2ED43E37
:10640000F644D73E9966DA3EC493DD3EDECCE03EEC
:10641000E411E43E3D63E73EC6C0EA3EE52AEE3EB7
:10642000BAA1F13E8925F53E52B6F83E7A54FC3EBB
:106430000000003FA5DC013F2BC0033FC5AA053F7C
:10644000849C073F7995093FC4950B3F889D0D3F7C
:10645000D6AC0F3FCEC3113F93E2133F4609163F20
:10646000F837183FB96E1A3FCDAD1C3F34F51E3FCB
:106470002045213FA19D233FDAFE253FEC68283FC0
:106480000ADC2A3F43582D3FBADD2F3F8F6C323F45
:10649000F704353F01A7373FDF523A3FA2083D3F9F
:1064A0008EC83F3FA392423F2367453F3046483F57
:1064B000FD2F4B3F89244E3F2924513FEC2E543F62
:1064C000F644573F99665A3FD5935D3FDECC603F17
:1064D000F511643F2C63673FC6C06A3FE52A6E3FF3
:1064E000BAA1713F7825753F52B6783F69547C3F19
:1064F0000000803F9CDC813F2BC0833FC5AA853FC5
:106500007C9C873F7095893FC4958B3F889D8D3FCC
:10651000D6AC8F3FD7C3913F9BE2933F4609963F4E
:10652000EF37983FC16E9A3FCDAD9C3F34F59E3F0B
:106530001745A13F999DA33FDAFEA53FF568A83F07
:106540000ADCAA3F4358AD3FBADDAF3F8F6CB23F84
:10655000F704B53F01A7B73FD652BA3FA208BD3FE7
:1065600086C8BF3FA392C23F2C67C53F3946C83F8C
:10657000F52FCB3F8924CE3F2024D13FE42ED43FBA
:10658000FE44D73F9066DA3FCD93DD3FDECCE03F5F
:10659000ED11E43F2C63E73FC6C0EA3FE52AEE3F3A
:1065A000C2A1F13F8125F53F52B6F83F6954FC3F47
:1065B00000000040000000400000004000000040DB
:1065C00000000040000000400000004000000040CB
:1065D000000000C052B6F8BFC2A1F1BFC6C0EABFFA
:1065E000ED11E4BFCD93DDBFFE44D7BF2024D1BF62
:1065F000F52FCBBF2C67C5BF86C8BFBFD652BABF69
:10660000F704B5BFBADDAFBF0ADCAABFDAFEA5BF8B
:106610001745A1BFCDAD9CBFEF3798BF9BE293BF9D
:10662000D6AC8FBFC4958BBF7C9C87BF2BC083BF6C
:10663000000080BF52B678BFBAA171BFC6C06ABFA2
:10664000F51164BFD5935DBFF64457BF292451BFF0
:10665000FD2F4BBF236745BF8EC83FBFDF523ABFF8
:10666000F70435BFBADD2FBF0ADC2ABFDAFE25BF2B
:10667000204521BFCDAD1CBFF83718BF93E213BF33
:10668000D6AC0FBFC4950BBF849C07BF2BC003BF04
:10669000000000BFBAA1F1BEE411E4BEF644D7BECB
:1066A000EC2FCBBE8EC8BFBEE604B5BE0ADCAABEC8
:1066B0000F45A1BEF83798BEE6AC8FBE849C87BE5E
:1066C000000080BEDCA171BE061264BE00000000A6
:1066D000000000000612643EDCA1713E0000803E16
:1066E000849C873EE6AC8F3EF837983E0F45A13E2E
:1066F0000ADCAA3EE604B53E8EC8BF3EEC2FCB3E78
:10670000F644D73EE411E43EBAA1F13E0000003F5A
:106710002BC0033F849C073FC4950B3FD6AC0F3F73
:1067200093E2133FF837183FCDAD1C3F2045213F82
:10673000DAFE253F0ADC2A3FBADD2F3FF704353F5A
:10674000DF523A3F8EC83F3F2367453FFD2F4B3F07
:106750002924513FF644573FD5935D3FF511643FDF
:10676000C6C06A3FBAA1713F52B6783F0000803F71
:106770002BC0833F7C9C873FC4958B3FD6AC8F3F1B
:106780009BE2933FEF37983FCDAD9C3F1745A13F2C
:10679000DAFEA53F0ADCAA3FBADDAF3FF704B53FFA
:1067A000D652BA3F86C8BF3F2C67C53FF52FCB3FB7
:1067B0002024D13FFE44D73FCD93DD3FED11E43F90
:1067C000C6C0EA3FC2A1F13F52B6F83F0000004008
:1067D000303A0000313A00002F2573008081828317
:1067E0008485868788898A8B8C8D8E8F90919293F1
:1067F000949596979899AD9B8C9DAE9FA021A2A34E
:10680000A4A5A6A7A8A9AAABACADAEAFB0B1B2B3D0
:10681000B4B5B6B7B8B9BABBBCBDBEBFC0C1C2C3C0
:10682000C4C5C6C7C8C9CACBCCCDCECFD0D1D2D3B0
:10683000D4D5D6D7D8D9DADBDCDDDEDFC0C1C2C320
:10684000C4C5C6C7C8C9CACBCCCDCECFD0D1D2D390
:10685000D4D5D6F7D8D9DADBDCDDDE9F0103050716
:10686000090E10121416181C1E00000000800040B3
:106870000020001000080040002000100008000464
:10688000000200004E4F204E414D45202020204662
:1068900041543332202020004E4F204E414D4520A0
:1068A000202020464154202020202000EBFE904D47
:1068B00053444F53352E3000222A2B2C2E3A3B3C8A
:1068C0003D3E3F5B5D7C7F00222A3A3C3E3F7C7F21
:1068D000000000002B2C3B3D5B5D000000690408BC
:1068E0000469040808690408106904081C6904089C
:1068F000246904082C690408346904083C69040804
:106900005344000055534200534452414D0000008F
:10691000535049464C4153480000000052465531FF
:106920000000000052465532000000005246553328
:1069300000000000555345523100000055534552A8
:1069400032000000AC2000001A2092011E202620F8
:1069500020202120C6023020600139205201000091
:106960007D0100000000182019201C201D2022207D
:1069700013201420DC02222161013A20530100007F
:106980007E017801A000A100A200A300A400A50040
:10699000A600A700A800A900AA00AB00AC00AD00AB
:1069A000AE00AF00B000B100B200B300B400B5005B
:1069B000B600B700B800B900BA00BB00BC00BD000B
:1069C000BE00BF00C000C100C200C300C400C500BB
:1069D000C600C700C800C900CA00CB00CC00CD006B
:1069E000CE00CF00D000D100D200D300D400D5001B
:1069F000D600D700D800D900DA00DB00DC00DD00CB
:106A0000DE00DF00E000E100E200E300E400E5007A
:106A1000E600E700E800E900EA00EB00EC00ED002A
:106A2000EE00EF00F000F100F200F300F400F500DA
:106A3000F600F700F800F900FA00FB00FC00FD008A
:106A4000FE00FF00610062006300640065006600F4
:106A50006700680069006A006B006C006D006E00E2
:106A60006F00700071007200730074007500760092
:106A70007700780079007A00A100A200A300A500A9
:106A8000AC00AF00E000E100E200E300E400E5005C
:106A9000E600E700E800E900EA00EB00EC00ED00AA
:106AA000EE00EF00F000F100F200F300F400F5005A
:106AB000F600F800F900FA00FB00FC00FD00FE0003
:106AC000FF00010103010501070109010B010D018F
:106AD0000F01110113011501170119011B011D01FE
:106AE0001F01210123012501270129012B012D016E
:106AF0002F0131013301350137013A013C013E01DB
:106B0000400142014401460148014B014D014F0142
:106B1000510153015501570159015B015D015F01AD
:106B2000610163016501670169016B016D016F011D
:106B300071017301750177017A017C017E01920177
:106B4000B103B203B303B403B503B603B703B80389
:106B5000B903BA03BB03BC03BD03BE03BF03C00339
:106B6000C103C303C403C503C603C703C803C903E2
:106B7000CA033004310432043304340435043604C7
:106B80003704380439043A043B043C043D043E0411
:106B90003F044004410442044304440445044604C1
:106BA0004704480449044A044B044C044D044E0471
:106BB0004F0451045204530454045504560457041A
:106BC000580459045A045B045C045E045F04702199
:106BD0007121722173217421752176217721782109
:106BE00079217A217B217C217D217E217F2141FF1A
:106BF00042FF43FF44FF45FF46FF47FF48FF49FF71
:106C00004AFF4BFF4CFF4DFF4EFF4FFF50FF51FF20
:106C100052FF53FF54FF55FF56FF57FF58FF59FFD0
:106C20005AFF000041004200430044004500460076
:106C30004700480049004A004B004C004D004E0000
:106C40004F005000510052005300540055005600B0
:106C50005700580059005A002100E0FFE1FFE5FF0E
:106C6000E2FFE3FFC000C100C200C300C400C500D2
:106C7000C600C700C800C900CA00CB00CC00CD00C8
:106C8000CE00CF00D000D100D200D300D400D50078
:106C9000D600D800D900DA00DB00DC00DD00DE0021
:106CA0007801000102010401060108010A010C013A
:106CB0000E01100112011401160118011A011C0124
:106CC0001E01200122012401260128012A012C0194
:106CD0002E01300132013401360139013B013D0101
:106CE0003F0141014301450147014A014C014E0169
:106CF000500152015401560158015A015C015E01D4
:106D0000600162016401660168016A016C016E0143
:106D1000700172017401760179017B017D0191019D
:106D200091039203930394039503960397039803A7
:106D300099039A039B039C039D039E039F03A00357
:106D4000A103A303A403A503A603A703A803A90300
:106D5000AA031004110412041304140415041604E5
:106D60001704180419041A041B041C041D041E042F
:106D70001F042004210422042304240425042604DF
:106D80002704280429042A042B042C042D042E048F
:106D90002F04010402040304040405040604070488
:106DA000080409040A040B040C040E040F046021F7
:106DB00061216221632164216521662167216821A7
:106DC00069216A216B216C216D216E216F2121FFC8
:106DD00022FF23FF24FF25FF26FF27FF28FF29FF8F
:106DE0002AFF2BFF2CFF2DFF2EFF2FFF30FF31FF3F
:106DF00032FF33FF34FF35FF36FF37FF38FF39FFEF
:106E00003AFF00006E660000696E69747900000048
:106E1000616E000035000000CEFBFFFFCB030000D9
:106E2000010000000000000034000000CEFBFFFF66
:106E3000CB03000001000000000000000000000083
:106E4000BC89D897B2D29C3C33A7A8D523F6493940
:106E50003DA7F444FD0FA5329D978CCF08BA5B2562
:106E6000436FAC6428066811494E4600696E66009F
:106E70004E414E006E616E0030313233343536375C
:106E80003839616263646566000000003031323376
:106E90003435363738394142434445460000000016
:106EA000286E756C6C290000300000002020202026
:106EB0002020202020202020202020203030303092
:106EC0003030303030303030303030304E614E0085
:106ED000496E66696E697479000000000000000068
:106EE00000000000000000000000000000000000A2
:106EF0000000000000000000000000000000000092
:106F0000000000000000000000000000101112133B
:106F1000141516171819000000000000001A1B1C99
:106F20001D1E1F0000000000000000000000000007
:106F3000000000000000000000000000001A1B1C00
:106F40001D1E1F00000000000000000000000000E7
:106F50000000000000000000000000000000000031
:106F60000000000000000000000000000000000021
:106F70000000000000000000000000000000000011
:106F80000000000000000000000000000000000001
:106F900000000000000000000000000000000000F1
:106FA00000000000000000000000000000000000E1
:106FB00000000000000000000000000000000000D1
:106FC00000000000000000000000000000000000C1
:106FD000000000000000000000000000580A00202F
:106FE000EC6F040874E90308800E00202E000000F6
:106FF00043000000504F53495800000000000000BB
:107000000080E03779C34143176E05B5B5B89346A4
:10701000F5F93FE9034F384D321D30F94877825A70
:107020003CBF737FDD4F1575000000000000F03F8E
:107030000000000000002440000000000000594053
:107040000000000000408F40000000000088C340A6
:1070500000000000006AF8400000000080842E411B
:1070600000000000D01263410000000084D7974167
:107070000000000065CDCD41000000205FA002426D
:10708000000000E876483742000000A2941A6D42E2
:10709000000040E59C30A2420000901EC4BCD642D5
:1070A00000003426F56B0C430080E03779C3414380
:1070B00000A0D8855734764300C84E676DC1AB43F6
:1070C000003D9160E458E143408CB5781DAF154414
:1070D00050EFE2D6E41A4B4492D54D06CFF08044EF
:1070E000F64AE1C7022DB544B49DD9794378EA4404
:1070F000BC89D897B2D29C3C33A7A8D523F649398E
:107100003DA7F444FD0FA5329D978CCF08BA5B25AF
:10711000436FAC642806C80A05000000190000008F
:107120007D00000020202020202020202020202062
:10713000202020203030303030303030303030308F
:10714000303030300020202020202020202028280F
:107150002828282020202020202020202020202017
:107160002020202020881010101010101010101057
:107170001010101010040404040404040404041087
:107180001010101010104141414141410101010115
:1071900001010101010101010101010101010101DF
:1071A00010101010101042424242424202020202EB
:1071B00002020202020202020202020202020202AF
:1071C000101010102000000000000000000000005F
:1071D00000000000000000000000000000000000AF
:1071E000000000000000000000000000000000009F
:1071F000000000000000000000000000000000008F
:10720000000000000000000000000000000000007E
:10721000000000000000000000000000000000006E
:10722000000000000000000000000000000000005E
:10723000000000000000000000000000000000004E
:10724000000000000000000000000000000000003E
:107250000000000000000000010203040607080906
:107260000095BA0A6666663F6666663F6666663F72
:107270006666663F0000603F9A99593F3333533F3B
:10728000CDCC4C3F6666463F0000403F9A99393F5F
:107290003333333FCDCC2C3F6666263F0000203F82
:1072A0009A99193F3333133FCDCC0C3F6666063FA6
:1072B0000000003F3333F33E6666E63E9A99D93EBE
:1072C000CDCCCC3E0000C03E3333B33E6666A63E16
:1072D0009A99993ECDCC8C3E0000803E6666663E13
:1072E000CDCC4C3E3333333E9A99193E0000003EDC
:1072F000CDCCCC3D9A99993DCDCC4C3DCDCCCC3C20
:10730000000000000000000000000000000000007D
:10731000000000000000000000000000000000006D
:10732000000000000000000000000000000000005D
:10733000000000000000000000000000000000004D
:10734000000000000000000000000000000000003D
:10735000000000000000000000000000000000002D
:10736000000000000000803F0000803F0000803FE0
:10737000000000000000803F0000803F0000803FD0
:107380000000803F0000803F0000803F0000803F01
:107390000000803F0000803F0000803F0000803FF1
:1073A0000000803F0000803F0000803F0000803FE1
:1073B0000000803F0000803F0000803F0000803FD1
:1073C0000000803F0000803F0000803F0000803FC1
:1073D0000000803F0000803F0000803F0000803FB1
:1073E0000000803F0000803F0000803F0000803FA1
:1073F0000000803F0000803F0000803F0000803F91
:107400000000803F0000803F0000803F0000803F80
:107410000000803F0000803F0000803F0000803F70
:107420000000803F0000803F0000803F0000803F60
:107430000000803F0000803F0000803F0000803F50
:107440000000803F0000803F0000803F0000803F40
:107450000000803F0000803F0000803F0000803F30
:107460000000803F7B2D583E0612643EDCA1713E39
:107470000000803E849C873EE6AC8F3EF837983E05
:107480000F45A13E0ADCAA3EE604B53E8EC8BF3ECB
:10749000EC2FCB3EF644D73EE411E43EBAA1F13ED8
:1074A0000000003F0000003F0000003F0000003FE0
:1074B0000000003F0000003F0000003F0000003FD0
:1074C0000000003F0000003F0000003F0000003FC0
:1074D0000000003F0000003F0000003F0000003FB0
:1074E0000000003F0000003F0000003F0000003FA0
:1074F0000000003F0000003F0000003F0000003F90
:107500000000003F0000003F5055053FB0AA0A3F71
:107510000000103F5055153FB0AA1A3F0000203F11
:107520005055253FB0AA2A3F0000303F5055353F07
:10753000B0AA3A3F0000403F5055453FB0AA4A3FED
:107540000000503F5055553FB0AA5A3F0000603FE1
:107550005055653FB0AA6A3F0000703F5055753FD7
:10756000B0AA7A3F00C012000000803F0000003F38
:10757000ABAAAA3E0000803EABAA2A3E0000003E15
:10758000ABAAAA3D0000803DABAA2A3D0000003D09
:10759000ABAAAA3C0000803CABAA2A3C0000003CFD
:1075A000ABAAAA3B0000803B0000803F0000803F68
:1075B0000000803F0000803F0000A03FA8AAAA3F33
:1075C0000000C03F5055D53F0000E03F00000040A4
:1075D000000010404755154000002040A8AA2A404E
:1075E00000003040000040400000504054555540DD
:1075F00000006040A8AA6A4000007040000080407F
:1076000000008840AAAA8A40000090405455954046
:10761000000098400000A0400000A840A4AAAA4092
:107620000000B0404755B5400000B8400000C040E1
:10763000000000400000C03FA8AAAA3F0000803F11
:10764000CDCC4C3F0000403F3BAA2A3F9A99193FBE
:107650003D49123F0000003FA48DE33EA86DDB3E94
:10766000CDCCCC3E0000C03E7F2EBA3E9FAAAA3EA3
:10767000CE899D3E9A99993E1B49923EE0A28B3E4F
:107680007288883E0000803EE9F0703EB54E6C3E48
:107690002A8E633E876D5B3E2194573ECDCC4C3E97
:1076A000240C433E0000403E7F2E3A3E8DB4343ED3
:1076B0004016323EA6AA2A3E05A8413F05A8413FF2
:1076C00005A8413F05A8413F05A8413F4BEA343F8B
:1076D000A184213F6362133F6AA40D3F0000003F75
:1076E00088F4EB3E7862E63E1782DC3EFC00D43E36
:1076F000E02DD03E3411C63E4699BD3EC711BB3E7B
:107700002861B63EA31EB23E1422B03E3BAAAA3E5A
:10771000E9D4A53E7E57A43EF983A13E93E39E3E65
:10772000C2A39D3E9B209A3E67ED963E81EC953E1E
:10773000ACFF933E5E2E923E3C4E913E39D18E3E42
:107740000100000002000000030000000100000032
:107750000500000004000000030000000500000018
:107760000700000002000000090000000700000000
:1077700005000000080000000B00000003000000EE
:107780000D0000000A000000070000000B000000D0
:107790000F00000004000000110000000D000000B8
:1077A000090000000E0000001300000005000000AA
:1077B00015000000100000000B0000001100000088
:1077C0001700000006000000000000000102030492
:1077D00001020304060708095D6203084157030814
:1077E00081570308C96E0308B568030881F80208C9
:1077F00091F8020875F802086DF802085DF80208B1
:1078000085F8020895F8020879F8020871F802086C
:1078100061F8020889F8020899F802087DF8020860
:1078200059F8020865F80208000000000000000096
:107830000000000000000000000000000000000048
:107840000000000000000000000000000000000038
:107850000000000000000000000000000000000028
:107860000000000000000000000000000000000018
:107870000000000000000000000000000000000008
:1078800000000000000000000000000001000000F7
:10789000000000000000000040060020400600201C
:1078A0004806002048060020500600205006002010
:1078B00058060020580600206006002060060020C0
:1078C0006806002068060020700600207006002070
:1078D0007806002078060020800600208006002020
:1078E00088060020880600209006002090060020D0
:1078F0009806002098060020A0060020A006002080
:10790000A8060020A8060020B0060020B00600202F
:10791000B8060020B8060020C0060020C0060020DF
:10792000C8060020C8060020D0060020D00600208F
:10793000D8060020D8060020E0060020E00600203F
:10794000E8060020E8060020F0060020F0060020EF
:10795000F8060020F806002000070020000700209D
:10796000080700200807002010070020100700204B
:1079700018070020180700202007002020070020FB
:1079800028070020280700203007002030070020AB
:10799000380700203807002040070020400700205B
:1079A000480700204807002050070020500700200B
:1079B00058070020580700206007002060070020BB
:1079C000680700206807002070070020700700206B
:1079D000780700207807002080070020800700201B
:1079E00088070020880700209007002090070020CB
:1079F0009807002098070020A0070020A00700207B
:107A0000A8070020A8070020B0070020B00700202A
:107A1000B8070020B8070020C0070020C0070020DA
:107A2000C8070020C8070020D0070020D00700208A
:107A3000D8070020D8070020E0070020E00700203A
:107A4000E8070020E8070020F0070020F0070020EA
:107A5000F8070020F8070020000800200008002098
:107A60000808002008080020100800201008002046
:107A700018080020180800202008002020080020F6
:107A800028080020280800203008002030080020A6
:107A90003808002038080020400800204008002056
:107AA0004808002048080020500800205008002006
:107AB00058080020580800206008002060080020B6
:107AC0006808002068080020700800207008002066
:107AD0007808002078080020800800208008002016
:107AE00088080020880800209008002090080020C6
:107AF0009808002098080020A0080020A008002076
:107B0000A8080020A8080020B0080020B008002025
:107B1000B8080020B8080020C0080020C0080020D5
:107B2000C8080020C8080020D0080020D008002085
:107B3000D8080020D8080020E0080020E008002035
:107B4000E8080020E8080020F0080020F0080020E5
:107B5000F8080020F8080020000900200009002093
:107B60000809002008090020100900201009002041
:107B700018090020180900202009002020090020F1
:107B800028090020280900203009002030090020A1
:107B90003809002038090020400900204009002051
:107BA0004809002048090020500900205009002001
:107BB00058090020580900206009002060090020B1
:107BC0006809002068090020700900207009002061
:107BD0007809002078090020800900208009002011
:107BE00088090020880900209009002090090020C1
:107BF0009809002098090020A0090020A009002071
:107C0000A8090020A8090020B0090020B009002020
:107C1000B8090020B8090020C0090020C0090020D0
:107C2000C8090020C8090020D0090020D009002080
:107C3000D8090020D8090020E0090020E009002030
:107C4000E8090020E8090020F0090020F0090020E0
:107C5000F8090020F8090020000A0020000A00208E
:107C6000080A0020080A0020100A0020100A00203C
:107C7000180A0020180A0020200A0020200A0020EC
:107C8000280A0020280A0020300A0020300A00209C
:107C9000380A0020380A0020FFFFFFFF0000020022
:107CA000580A00200000000000000000440D0020E1
:107CB000AC0D0020140E00200000000000000000A9
:107CC00000000000000000000000000000000000B4
:107CD00000000000000000000000000000000000A4
:107CE0000000000000000000000000000000000094
:107CF0000000000000000000000000000000000084
:107D00000000000000000000000000000000000073
:107D10000000000000000000000000000000000063
:107D20000000000000000000000000000000000053
:107D30000000000000000000000000000000000043
:107D40000000000000000000000000000000000033
:107D500001000000000000000E33CDAB34126DE6D0
:107D6000ECDE05000B000000000000000000000039
:107D70000000000000000000000000000000000003
:107D800000000000000000000000000000000000F3
:107D900000000000000000000000000000000000E3
:107DA00000000000000000000000000000000000D3
:107DB00000000000000000000000000000000000C3
:107DC00000000000000000000000000000000000B3
:107DD00000000000000000000000000000000000A3
:107DE0000000000000000000000000000000000093
:107DF0000000000000000000000000000000000083
:107E00000000000000000000000000000000000072
:107E10000000000000000000000000000000000062
:107E20000000000000000000000000000000000052
:107E30000000000000000000000000000000000042
:107E40000000000000000000000000000000000032
:107E50000000000000000000000000000000000022
:107E60000000000000000000000000000000000012
:107E70000000000000000000000000000000000002
:107E800000000000000000000000000000000000F2
:107E900000000000000000000000000000000000E2
:107EA00000000000000000000000000000000000D2
:107EB00000000000000000000000000000000000C2
:107EC00000000000000000000000000000000000B2
:107ED00000000000000000000000000000000000A2
:107EE0000000000000000000000000000000000092
:107EF0000000000000000000000000000000000082
:107F00000000000000000000000000000000000071
:107F10000000000000000000000000000000000061
:107F20000000000000000000000000000000000051
:107F30000000000000000000000000000000000041
:107F40000000000000000000000000000000000031
:107F50000000000000000000000000000000000021
:107F60000000000000000000000000000000000011
:107F70000000000000000000000000000000000001
:107F800000000000000000000000000000000000F1
:107F900000000000000000000000000000000000E1
:107FA00000000000000000000000000000000000D1
:107FB00000000000000000000000000000000000C1
:107FC00000000000000000000000000000000000B1
:107FD00000000000000000000000000000000000A1
:107FE0000000000000000000000000000000000091
:107FF0000000000000000000000000000000000081
:108000000000000000000000000000000000000070
:108010000000000000000000000000000000000060
:108020000000000000000000000000000000000050
:108030000000000000000000000000000000000040
:108040000000000000000000000000000000000030
:108050000000000000000000000000000000000020
:108060000000000000000000000000000000000010
:108070000000000000000000000000000000000000
:1080800000000000000000000000000000000000F0
:1080900000000000000000000000000000000000E0
:1080A00000000000000000000000000000000000D0
:1080B00000000000000000000000000000000000C0
:1080C00000000000000000000000000000000000B0
:1080D000FF0000004300000000000000000000005E
:1080E0000000000000000000000000000000000090
:1080F000000000004300000000000000000000003D
:10810000000000000000000000000000000000006F
:10811000000000004300000000000000000000001C
:10812000000000000000000000000000000000004F
:1081300000000000430000000000000000000000FC
:10814000000000000000000000000000000000002F
:1081500000000000430000000000000000000000DC
:10816000000000000000000000000000000000000F
:1081700000000000430000000000000000000000BC
:1081800000000000000000000000000000000000EF
:10819000000000004300000000000000000000009C
:1081A00000000000000000000000000000000000CF
:1081B0000000000035DE030815C6030800000000BB
:1081C00044710408EC6F040874E9030874E90308B7
:1081D00074E9030874E9030874E9030874E90308FF
:1081E00074E9030874E9030874E90308FFFFFFFF5B
:1081F000FFFFFFFFFFFFFFFFFFFF000001004153F4
:108200004349490000000000000000000000000099
:1082100000000000000000000000000000004153CA
:108220004349490000000000000000000000000079
:10823000000000000000000000000000000000003E
:10824000000000000000000000000000000000002E
:10825000000000000000000000000000000000001E
:10826000000000000000000000000000000000000E
:1082700000000000000000000000000000000000FE
:1082800000000000000000000000000000000000EE
:1082900000000000000000000000000000000000DE
:1082A00000000000000000000000000000000000CE
:1082B00000000000000000000000000000000000BE
:1082C00000000000000000000000000000000000AE
:1082D000000000000000000000000000000000009E
:1082E000000000000000000000000000000000008E
:1082F000000000000000000000000000000000007E
:10830000000000000000000000000000000000006D
:10831000000000000000000000000000000000005D
:10832000000000000000000000000000000000004D
:10833000000000000000000000000000000000003D
:10834000000000000000000000000000000000002D
:10835000000000000000000000000000000000001D
:10836000000000000000000000000000000000000D
:1083700000000000000000000000000000000000FD
:1083800000000000000000000000000000000000ED
:1083900000000000000000000000000000000000DD
:1083A00000000000000000000000000000000000CD
:1083B00000000000000000000000000000000000BD
:1083C00000000000000000000000000000000000AD
:1083D000000000000000000000000000000000009D
:1083E000000000000000000000000000000000008D
:1083F000000000000000000000000000000000007D
:0400000508021415C4
:00000001FF
