pc,register,name,operation,bit,instruction,owners
0x000808,0x04E,ram_04E,read_write,1,"BSF ram_04E, 1, A",0x000808
0x00080A,0xFE1,FSR1L,read,,"MOVFF FSR1L, ram_008",0x000808
0x00080A,0x008,ram_008,write,,"MOVFF FSR1L, ram_008",0x000808
0x00080E,0xFE2,FSR1H,read,,"MOVFF FSR1H, ram_009",0x000808
0x00080E,0x009,ram_009,write,,"MOVFF FSR1H, ram_009",0x000808
0x000812,0xFD9,FSR2L,read,,"MOVFF FSR2L, ram_00A",0x000808
0x000812,0x00A,ram_00A,write,,"MOVFF FSR2L, ram_00A",0x000808
0x000816,0xFDA,FSR2H,read,,"MOVFF FSR2H, ram_00B",0x000808
0x000816,0x00B,ram_00B,write,,"MOVFF FSR2H, ram_00B",0x000808
0x00081A,0xFF3,PRODL,read,,"MOVFF PRODL, ram_00C",0x000808
0x00081A,0x00C,ram_00C,write,,"MOVFF PRODL, ram_00C",0x000808
0x00081E,0xFF4,PRODH,read,,"MOVFF PRODH, ram_00D",0x000808
0x00081E,0x00D,ram_00D,write,,"MOVFF PRODH, ram_00D",0x000808
0x000822,0xFF6,TBLPTRL,read,,"MOVFF TBLPTRL, ram_00E",0x000808
0x000822,0x00E,ram_00E,write,,"MOVFF TBLPTRL, ram_00E",0x000808
0x000826,0xFF7,TBLPTRH,read,,"MOVFF TBLPTRH, ram_00F",0x000808
0x000826,0x00F,ram_00F,write,,"MOVFF TBLPTRH, ram_00F",0x000808
0x00082A,0xFF8,TBLPTRU,read,,"MOVFF TBLPTRU, ram_010",0x000808
0x00082A,0x010,ram_010,write,,"MOVFF TBLPTRU, ram_010",0x000808
0x00082E,0xFF5,TABLAT,read,,"MOVFF TABLAT, ram_011",0x000808
0x00082E,0x011,ram_011,write,,"MOVFF TABLAT, ram_011",0x000808
0x000832,0xF9E,PIR1,read,1,"BTFSS PIR1, 1, A",0x000808
0x000838,0xF9E,PIR1,read_write,1,"BCF PIR1, 1, A",0x000808
0x00083C,0x43C,ram_43C,read,0,"BTFSS ram_43C, 0, B",0x000808
0x000840,0xF8A,LATB,read_write,5,"BSF LATB, 5, A",0x000808
0x000844,0xF8A,LATB,read_write,5,"BCF LATB, 5, A",0x000808
0x000848,0x43D,ram_43D,read,0,"BTFSS ram_43D, 0, B",0x000808
0x00084C,0xF8A,LATB,read_write,3,"BSF LATB, 3, A",0x000808
0x000850,0xF8A,LATB,read_write,3,"BCF LATB, 3, A",0x000808
0x000854,0x43E,ram_43E,read,0,"BTFSS ram_43E, 0, B",0x000808
0x000858,0xF8A,LATB,read_write,1,"BSF LATB, 1, A",0x000808
0x00085C,0xF8A,LATB,read_write,1,"BCF LATB, 1, A",0x000808
0x000860,0x43F,ram_43F,read,0,"BTFSS ram_43F, 0, B",0x000808
0x000864,0xF8A,LATB,read_write,2,"BSF LATB, 2, A",0x000808
0x000868,0xF8A,LATB,read_write,2,"BCF LATB, 2, A",0x000808
0x00086C,0x440,ram_440,read,0,"BTFSS ram_440, 0, B",0x000808
0x000870,0xF8A,LATB,read_write,4,"BSF LATB, 4, A",0x000808
0x000874,0xF8A,LATB,read_write,4,"BCF LATB, 4, A",0x000808
0x000878,0x441,ram_441,read,0,"BTFSS ram_441, 0, B",0x000808
0x00087C,0xF8A,LATB,read_write,0,"BSF LATB, 0, A",0x000808
0x000880,0xF8A,LATB,read_write,0,"BCF LATB, 0, A",0x000808
0x000884,0xF80,PORTA,read,4,"BTFSC PORTA, 4, A",0x000808
0x00088A,0x485,ram_485,write,,"MOVWF ram_485, B",0x000808
0x00088C,0x485,ram_485,read,,"MOVF ram_485, W, B",0x000808
0x000890,0x486,ram_486,read,,"MOVF ram_486, W, B",0x000808
0x000894,0x446,ram_446,read,,"MOVFF ram_446, ram_586",0x000808
0x000894,0x586,ram_586,write,,"MOVFF ram_446, ram_586",0x000808
0x000898,0x447,ram_447,read,,"MOVFF ram_447, ram_587",0x000808
0x000898,0x587,ram_587,write,,"MOVFF ram_447, ram_587",0x000808
0x00089C,0x448,ram_448,read,,"MOVFF ram_448, ram_588",0x000808
0x00089C,0x588,ram_588,write,,"MOVFF ram_448, ram_588",0x000808
0x0008A0,0x449,ram_449,read,,"MOVFF ram_449, ram_589",0x000808
0x0008A0,0x589,ram_589,write,,"MOVFF ram_449, ram_589",0x000808
0x0008A4,0x049,ram_049,read,,"MOVFF ram_049, ram_442",0x000808
0x0008A4,0x442,ram_442,write,,"MOVFF ram_049, ram_442",0x000808
0x0008A8,0x04A,ram_04A,read,,"MOVFF ram_04A, ram_443",0x000808
0x0008A8,0x443,ram_443,write,,"MOVFF ram_04A, ram_443",0x000808
0x0008AC,0x04B,ram_04B,read,,"MOVFF ram_04B, ram_444",0x000808
0x0008AC,0x444,ram_444,write,,"MOVFF ram_04B, ram_444",0x000808
0x0008B0,0x04C,ram_04C,read,,"MOVFF ram_04C, ram_445",0x000808
0x0008B0,0x445,ram_445,write,,"MOVFF ram_04C, ram_445",0x000808
0x0008B4,0x47E,ram_47E,read,,"MOVFF ram_47E, ram_480",0x000808
0x0008B4,0x480,ram_480,write,,"MOVFF ram_47E, ram_480",0x000808
0x0008B8,0x446,ram_446,write,,"CLRF ram_446, B",0x000808
0x0008BA,0x447,ram_447,write,,"CLRF ram_447, B",0x000808
0x0008BC,0x448,ram_448,write,,"CLRF ram_448, B",0x000808
0x0008BE,0x449,ram_449,write,,"CLRF ram_449, B",0x000808
0x0008C2,0x481,ram_481,write,,"MOVWF ram_481, B",0x000808
0x0008C4,0x485,ram_485,read,,"MOVFF ram_485, ram_486",0x000808
0x0008C4,0x486,ram_486,write,,"MOVFF ram_485, ram_486",0x000808
0x0008CA,0x049,ram_049,read_write,,"DECF ram_049, F, A",0x000808
0x0008CC,0x04A,ram_04A,read_write,,"ADDWFC ram_04A, F, A",0x000808
0x0008CE,0x04B,ram_04B,read_write,,"ADDWFC ram_04B, F, A",0x000808
0x0008D0,0x04C,ram_04C,read_write,,"ADDWFC ram_04C, F, A",0x000808
0x0008D2,0x04C,ram_04C,read,7,"BTFSC ram_04C, 7, A",0x000808
0x0008D6,0x04C,ram_04C,read,,"MOVF ram_04C, W, A",0x000808
0x0008D8,0x04B,ram_04B,read,,"IORWF ram_04B, W, A",0x000808
0x0008DA,0x04A,ram_04A,read,,"IORWF ram_04A, W, A",0x000808
0x0008DE,0x049,ram_049,read,,"DECF ram_049, W, A",0x000808
0x0008E4,0x47E,ram_47E,read_write,,"XORWF ram_47E, F, B",0x000808
0x0008E6,0x47E,ram_47E,read,,"MOVF ram_47E, W, B",0x000808
0x0008E8,0x456,ram_456,read_write,,"ADDWF ram_456, F, B",0x000808
0x0008EC,0x457,ram_457,read_write,,"ADDWFC ram_457, F, B",0x000808
0x0008EE,0x041,ram_041,read,,"MOVFF ram_041, ram_049",0x000808
0x0008EE,0x049,ram_049,write,,"MOVFF ram_041, ram_049",0x000808
0x0008F2,0x042,ram_042,read,,"MOVFF ram_042, ram_04A",0x000808
0x0008F2,0x04A,ram_04A,write,,"MOVFF ram_042, ram_04A",0x000808
0x0008F6,0x043,ram_043,read,,"MOVFF ram_043, ram_04B",0x000808
0x0008F6,0x04B,ram_04B,write,,"MOVFF ram_043, ram_04B",0x000808
0x0008FA,0x044,ram_044,read,,"MOVFF ram_044, ram_04C",0x000808
0x0008FA,0x04C,ram_04C,write,,"MOVFF ram_044, ram_04C",0x000808
0x0008FE,0x045,ram_045,read,,"MOVFF ram_045, ram_041",0x000808
0x0008FE,0x041,ram_041,write,,"MOVFF ram_045, ram_041",0x000808
0x000902,0x046,ram_046,read,,"MOVFF ram_046, ram_042",0x000808
0x000902,0x042,ram_042,write,,"MOVFF ram_046, ram_042",0x000808
0x000906,0x047,ram_047,read,,"MOVFF ram_047, ram_043",0x000808
0x000906,0x043,ram_043,write,,"MOVFF ram_047, ram_043",0x000808
0x00090A,0x048,ram_048,read,,"MOVFF ram_048, ram_044",0x000808
0x00090A,0x044,ram_044,write,,"MOVFF ram_048, ram_044",0x000808
0x000910,0x5F7,ram_5F7,read,,"MOVF ram_5F7, W, B",0x000808
0x000914,0x456,ram_456,read,,"SUBWF ram_456, W, B",0x000808
0x000918,0x5F8,ram_5F8,read,,"MOVF ram_5F8, W, B",0x000808
0x00091C,0x457,ram_457,read,,"SUBWFB ram_457, W, B",0x000808
0x000920,0x456,ram_456,read,,"MOVFF ram_456, ram_001",0x000808
0x000920,0x001,ram_001,write,,"MOVFF ram_456, ram_001",0x000808
0x000924,0x457,ram_457,read,,"MOVFF ram_457, ram_002",0x000808
0x000924,0x002,ram_002,write,,"MOVFF ram_457, ram_002",0x000808
0x000928,0x5F7,ram_5F7,read,,"MOVFF ram_5F7, ram_003",0x000808
0x000928,0x003,ram_003,write,,"MOVFF ram_5F7, ram_003",0x000808
0x00092C,0x5F8,ram_5F8,read,,"MOVFF ram_5F8, ram_004",0x000808
0x00092C,0x004,ram_004,write,,"MOVFF ram_5F8, ram_004",0x000808
0x000934,0x001,ram_001,read,,"MOVFF ram_001, ram_456",0x000808
0x000934,0x456,ram_456,write,,"MOVFF ram_001, ram_456",0x000808
0x000938,0x002,ram_002,read,,"MOVFF ram_002, ram_457",0x000808
0x000938,0x457,ram_457,write,,"MOVFF ram_002, ram_457",0x000808
0x00093C,0xF9E,PIR1,read,5,"BTFSS PIR1, 5, A",0x000808
0x000944,0xFD9,FSR2L,write,,"MOVWF FSR2L, A",0x000808
0x00094A,0xFDA,FSR2H,write,,"MOVWF FSR2H, A",0x000808
0x00094C,0xFAE,RCREG1,read,,"MOVFF RCREG1, INDF2",0x000808
0x00094C,0xFDF,INDF2,write,,"MOVFF RCREG1, INDF2",0x000808
0x000964,0xF80,PORTA,read,0,"BTFSC PORTA, 0, A",0x000808
0x00096E,0xFD8,STATUS,read,2,"BTFSS STATUS, 2, A",0x000808
0x000976,0x4F6,ram_4F6,read,,"MOVFF ram_4F6, ram_4F0",0x000808
0x000976,0x4F0,ram_4F0,write,,"MOVFF ram_4F6, ram_4F0",0x000808
0x00097A,0x450,ram_450,read,,"MOVFF ram_450, FSR2L",0x000808
0x00097A,0xFD9,FSR2L,write,,"MOVFF ram_450, FSR2L",0x000808
0x00097E,0x451,ram_451,read,,"MOVFF ram_451, FSR2H",0x000808
0x00097E,0xFDA,FSR2H,write,,"MOVFF ram_451, FSR2H",0x000808
0x000982,0xFDF,INDF2,read,,"MOVF INDF2, W, A",0x000808
0x0009B2,0x03F,ram_03F,read,,"MOVF ram_03F, W, A",0x000808
0x0009B8,0xFF3,PRODL,read,,"ADDWF PRODL, W, A",0x000808
0x0009BA,0xFE1,FSR1L,write,,"MOVWF FSR1L, A",0x000808
0x0009BE,0xFF4,PRODH,read,,"ADDWFC PRODH, W, A",0x000808
0x0009C0,0xFE2,FSR1H,write,,"MOVWF FSR1H, A",0x000808
0x0009C2,0xFDE,POSTINC2,read,,"MOVFF POSTINC2, POSTINC1",0x000808
0x0009C2,0xFE6,POSTINC1,write,,"MOVFF POSTINC2, POSTINC1",0x000808
0x0009C6,0xFDE,POSTINC2,read,,"MOVFF POSTINC2, POSTINC1",0x000808
0x0009C6,0xFE6,POSTINC1,write,,"MOVFF POSTINC2, POSTINC1",0x000808
0x0009CA,0xFDE,POSTINC2,read,,"MOVFF POSTINC2, POSTINC1",0x000808
0x0009CA,0xFE6,POSTINC1,write,,"MOVFF POSTINC2, POSTINC1",0x000808
0x0009CE,0xFDE,POSTINC2,read,,"MOVFF POSTINC2, POSTINC1",0x000808
0x0009CE,0xFE6,POSTINC1,write,,"MOVFF POSTINC2, POSTINC1",0x000808
0x0009D6,0x03F,ram_03F,read,,"MOVF ram_03F, W, A",0x000808
0x0009DC,0xFF3,PRODL,read,,"ADDWF PRODL, W, A",0x000808
0x0009DE,0xFE1,FSR1L,write,,"MOVWF FSR1L, A",0x000808
0x0009E2,0xFF4,PRODH,read,,"ADDWFC PRODH, W, A",0x000808
0x0009E4,0xFE2,FSR1H,write,,"MOVWF FSR1H, A",0x000808
0x0009E6,0xFDE,POSTINC2,read,,"MOVFF POSTINC2, POSTINC1",0x000808
0x0009E6,0xFE6,POSTINC1,write,,"MOVFF POSTINC2, POSTINC1",0x000808
0x0009EA,0xFDE,POSTINC2,read,,"MOVFF POSTINC2, POSTINC1",0x000808
0x0009EA,0xFE6,POSTINC1,write,,"MOVFF POSTINC2, POSTINC1",0x000808
0x0009EE,0xFDE,POSTINC2,read,,"MOVFF POSTINC2, POSTINC1",0x000808
0x0009EE,0xFE6,POSTINC1,write,,"MOVFF POSTINC2, POSTINC1",0x000808
0x0009F2,0xFDE,POSTINC2,read,,"MOVFF POSTINC2, POSTINC1",0x000808
0x0009F2,0xFE6,POSTINC1,write,,"MOVFF POSTINC2, POSTINC1",0x000808
0x0009F6,0x03F,ram_03F,read,,"MOVF ram_03F, W, A",0x000808
0x0009FC,0xFF3,PRODL,read,,"ADDWF PRODL, W, A",0x000808
0x0009FE,0xFD9,FSR2L,write,,"MOVWF FSR2L, A",0x000808
0x000A02,0xFF4,PRODH,read,,"ADDWFC PRODH, W, A",0x000808
0x000A04,0xFDA,FSR2H,write,,"MOVWF FSR2H, A",0x000808
0x000A06,0x041,ram_041,read,,"MOVFF ram_041, POSTINC2",0x000808
0x000A06,0xFDE,POSTINC2,write,,"MOVFF ram_041, POSTINC2",0x000808
0x000A0A,0x042,ram_042,read,,"MOVFF ram_042, POSTINC2",0x000808
0x000A0A,0xFDE,POSTINC2,write,,"MOVFF ram_042, POSTINC2",0x000808
0x000A0E,0x043,ram_043,read,,"MOVFF ram_043, POSTINC2",0x000808
0x000A0E,0xFDE,POSTINC2,write,,"MOVFF ram_043, POSTINC2",0x000808
0x000A12,0x044,ram_044,read,,"MOVFF ram_044, POSTINC2",0x000808
0x000A12,0xFDE,POSTINC2,write,,"MOVFF ram_044, POSTINC2",0x000808
0x000A18,0x03F,ram_03F,read,,"ADDWF ram_03F, W, A",0x000808
0x000A1A,0xFD9,FSR2L,write,,"MOVWF FSR2L, A",0x000808
0x000A1C,0xFDA,FSR2H,write,,"CLRF FSR2H, A",0x000808
0x000A20,0xFDA,FSR2H,read_write,,"ADDWFC FSR2H, F, A",0x000808
0x000A22,0x47E,ram_47E,read,,"MOVFF ram_47E, INDF2",0x000808
0x000A22,0xFDF,INDF2,write,,"MOVFF ram_47E, INDF2",0x000808
0x000A26,0x03F,ram_03F,read,,"MOVF ram_03F, W, A",0x000808
0x000A2C,0xFF3,PRODL,read,,"ADDWF PRODL, W, A",0x000808
0x000A2E,0xFD9,FSR2L,write,,"MOVWF FSR2L, A",0x000808
0x000A32,0xFF4,PRODH,read,,"ADDWFC PRODH, W, A",0x000808
0x000A34,0xFDA,FSR2H,write,,"MOVWF FSR2H, A",0x000808
0x000A36,0x5F7,ram_5F7,read,,"MOVFF ram_5F7, POSTINC2",0x000808
0x000A36,0xFDE,POSTINC2,write,,"MOVFF ram_5F7, POSTINC2",0x000808
0x000A3A,0x5F8,ram_5F8,read,,"MOVFF ram_5F8, POSTDEC2",0x000808
0x000A3A,0xFDD,POSTDEC2,write,,"MOVFF ram_5F8, POSTDEC2",0x000808
0x000A3E,0x03F,ram_03F,read,,"MOVF ram_03F, W, A",0x000808
0x000A44,0xFF3,PRODL,read,,"ADDWF PRODL, W, A",0x000808
0x000A46,0xFD9,FSR2L,write,,"MOVWF FSR2L, A",0x000808
0x000A4A,0xFF4,PRODH,read,,"ADDWFC PRODH, W, A",0x000808
0x000A4C,0xFDA,FSR2H,write,,"MOVWF FSR2H, A",0x000808
0x000A4E,0x456,ram_456,read,,"MOVFF ram_456, POSTINC2",0x000808
0x000A4E,0xFDE,POSTINC2,write,,"MOVFF ram_456, POSTINC2",0x000808
0x000A52,0x457,ram_457,read,,"MOVFF ram_457, POSTDEC2",0x000808
0x000A52,0xFDD,POSTDEC2,write,,"MOVFF ram_457, POSTDEC2",0x000808
0x000A56,0x03F,ram_03F,read,,"MOVFF ram_03F, ram_483",0x000808
0x000A56,0x483,ram_483,write,,"MOVFF ram_03F, ram_483",0x000808
0x000A5A,0x03F,ram_03F,read_write,,"INCF ram_03F, F, A",0x000808
0x000A5E,0x03F,ram_03F,read,,"XORWF ram_03F, W, A",0x000808
0x000A62,0x03F,ram_03F,write,,"CLRF ram_03F, A",0x000808
0x000A64,0x497,ram_497,read,,"MOVFF ram_497, ram_484",0x000808
0x000A64,0x484,ram_484,write,,"MOVFF ram_497, ram_484",0x000808
0x000A68,0x030,ram_030,read,,"MOVFF ram_030, FSR2L",0x000808
0x000A68,0xFD9,FSR2L,write,,"MOVFF ram_030, FSR2L",0x000808
0x000A6C,0x031,ram_031,read,,"MOVFF ram_031, FSR2H",0x000808
0x000A6C,0xFDA,FSR2H,write,,"MOVFF ram_031, FSR2H",0x000808
0x000A70,0xFDF,INDF2,read,,"MOVF INDF2, W, A",0x000808
0x000A76,0x006,ram_006,write,,"MOVWF ram_006, A",0x000808
0x000A78,0x006,ram_006,read,,"MOVF ram_006, W, A",0x000808
0x000A7A,0x030,ram_030,read,,"XORWF ram_030, W, A",0x000808
0x000A7E,0x031,ram_031,read_write,,"MOVF ram_031, F, A",0x000808
0x000A84,0x55E,ram_55E,read,,"MOVF ram_55E, W, B",0x000808
0x000A88,0x483,ram_483,read,,"MOVFF ram_483, ram_5D6",0x000808
0x000A88,0x5D6,ram_5D6,write,,"MOVFF ram_483, ram_5D6",0x000808
0x000A8E,0x4A0,ram_4A0,write,,"CLRF ram_4A0, B",0x000808
0x000A90,0x4A1,ram_4A1,write,,"CLRF ram_4A1, B",0x000808
0x000A92,0x4A2,ram_4A2,write,,"CLRF ram_4A2, B",0x000808
0x000A94,0x4A3,ram_4A3,write,,"CLRF ram_4A3, B",0x000808
0x000A98,0x520,ram_520,read,,"MOVF ram_520, W, B",0x000808
0x000A9A,0x521,ram_521,read,,"IORWF ram_521, W, B",0x000808
0x000A9C,0x522,ram_522,read,,"IORWF ram_522, W, B",0x000808
0x000A9E,0x523,ram_523,read,,"IORWF ram_523, W, B",0x000808
0x000AA4,0x436,ram_436,write,,"CLRF ram_436, B",0x000808
0x000AAC,0x436,ram_436,write,,"MOVWF ram_436, B",0x000808
0x000AB2,0x5E8,ram_5E8,write,,"MOVWF ram_5E8, B",0x000808
0x000AB4,0x030,ram_030,read,,"MOVFF ram_030, FSR2L",0x000808
0x000AB4,0xFD9,FSR2L,write,,"MOVFF ram_030, FSR2L",0x000808
0x000AB8,0x031,ram_031,read,,"MOVFF ram_031, FSR2H",0x000808
0x000AB8,0xFDA,FSR2H,write,,"MOVFF ram_031, FSR2H",0x000808
0x000ABC,0xFDF,INDF2,read,,"MOVF INDF2, W, A",0x000808
0x000AC0,0x55E,ram_55E,write,,"MOVWF ram_55E, B",0x000808
0x000AC6,0x4A0,ram_4A0,read_write,,"DECF ram_4A0, F, B",0x000808
0x000AC8,0x4A1,ram_4A1,read_write,,"ADDWFC ram_4A1, F, B",0x000808
0x000ACA,0x4A2,ram_4A2,read_write,,"ADDWFC ram_4A2, F, B",0x000808
0x000ACC,0x4A3,ram_4A3,read_write,,"ADDWFC ram_4A3, F, B",0x000808
0x000ACE,0x4A3,ram_4A3,read,7,"BTFSC ram_4A3, 7, B",0x000808
0x000AD2,0x4A3,ram_4A3,read,,"MOVF ram_4A3, W, B",0x000808
0x000AD4,0x4A2,ram_4A2,read,,"IORWF ram_4A2, W, B",0x000808
0x000AD6,0x4A1,ram_4A1,read,,"IORWF ram_4A1, W, B",0x000808
0x000ADA,0x4A0,ram_4A0,read,,"DECF ram_4A0, W, B",0x000808
0x000AE0,0x436,ram_436,read_write,,"XORWF ram_436, F, B",0x000808
0x000AE2,0x498,ram_498,read,,"MOVFF ram_498, ram_4A0",0x000808
0x000AE2,0x4A0,ram_4A0,write,,"MOVFF ram_498, ram_4A0",0x000808
0x000AE6,0x499,ram_499,read,,"MOVFF ram_499, ram_4A1",0x000808
0x000AE6,0x4A1,ram_4A1,write,,"MOVFF ram_499, ram_4A1",0x000808
0x000AEA,0x49A,ram_49A,read,,"MOVFF ram_49A, ram_4A2",0x000808
0x000AEA,0x4A2,ram_4A2,write,,"MOVFF ram_49A, ram_4A2",0x000808
0x000AEE,0x49B,ram_49B,read,,"MOVFF ram_49B, ram_4A3",0x000808
0x000AEE,0x4A3,ram_4A3,write,,"MOVFF ram_49B, ram_4A3",0x000808
0x000AF2,0x49C,ram_49C,read,,"MOVFF ram_49C, ram_498",0x000808
0x000AF2,0x498,ram_498,write,,"MOVFF ram_49C, ram_498",0x000808
0x000AF6,0x49D,ram_49D,read,,"MOVFF ram_49D, ram_499",0x000808
0x000AF6,0x499,ram_499,write,,"MOVFF ram_49D, ram_499",0x000808
0x000AFA,0x49E,ram_49E,read,,"MOVFF ram_49E, ram_49A",0x000808
0x000AFA,0x49A,ram_49A,write,,"MOVFF ram_49E, ram_49A",0x000808
0x000AFE,0x49F,ram_49F,read,,"MOVFF ram_49F, ram_49B",0x000808
0x000AFE,0x49B,ram_49B,write,,"MOVFF ram_49F, ram_49B",0x000808
0x000B02,0x030,ram_030,read,,"MOVFF ram_030, FSR2L",0x000808
0x000B02,0xFD9,FSR2L,write,,"MOVFF ram_030, FSR2L",0x000808
0x000B06,0x031,ram_031,read,,"MOVFF ram_031, FSR2H",0x000808
0x000B06,0xFDA,FSR2H,write,,"MOVFF ram_031, FSR2H",0x000808
0x000B0A,0xFDF,INDF2,read,,"MOVF INDF2, W, A",0x000808
0x000B0C,0x4E0,ram_4E0,read,,"ANDWF ram_4E0, W, B",0x000808
0x000B10,0x5E8,ram_5E8,read,,"ANDWF ram_5E8, W, B",0x000808
0x000B14,0x436,ram_436,read,,"ANDWF ram_436, W, B",0x000808
0x000B16,0x43C,ram_43C,write,,"MOVWF ram_43C, B",0x000808
0x000B18,0x032,ram_032,read,,"MOVFF ram_032, FSR2L",0x000808
0x000B18,0xFD9,FSR2L,write,,"MOVFF ram_032, FSR2L",0x000808
0x000B1C,0x033,ram_033,read,,"MOVFF ram_033, FSR2H",0x000808
0x000B1C,0xFDA,FSR2H,write,,"MOVFF ram_033, FSR2H",0x000808
0x000B20,0xFDF,INDF2,read,,"MOVF INDF2, W, A",0x000808
0x000B26,0x006,ram_006,write,,"MOVWF ram_006, A",0x000808
0x000B28,0x006,ram_006,read,,"MOVF ram_006, W, A",0x000808
0x000B2A,0x032,ram_032,read,,"XORWF ram_032, W, A",0x000808
0x000B2E,0x033,ram_033,read_write,,"MOVF ram_033, F, A",0x000808
0x000B34,0x55F,ram_55F,read,,"MOVF ram_55F, W, B",0x000808
0x000B38,0x483,ram_483,read,,"MOVFF ram_483, ram_5D7",0x000808
0x000B38,0x5D7,ram_5D7,write,,"MOVFF ram_483, ram_5D7",0x000808
0x000B3E,0x4AC,ram_4AC,write,,"CLRF ram_4AC, B",0x000808
0x000B40,0x4AD,ram_4AD,write,,"CLRF ram_4AD, B",0x000808
0x000B42,0x4AE,ram_4AE,write,,"CLRF ram_4AE, B",0x000808
0x000B44,0x4AF,ram_4AF,write,,"CLRF ram_4AF, B",0x000808
0x000B48,0x524,ram_524,read,,"MOVF ram_524, W, B",0x000808
0x000B4A,0x525,ram_525,read,,"IORWF ram_525, W, B",0x000808
0x000B4C,0x526,ram_526,read,,"IORWF ram_526, W, B",0x000808
0x000B4E,0x527,ram_527,read,,"IORWF ram_527, W, B",0x000808
0x000B54,0x437,ram_437,write,,"CLRF ram_437, B",0x000808
0x000B5C,0x437,ram_437,write,,"MOVWF ram_437, B",0x000808
0x000B62,0x5E9,ram_5E9,write,,"MOVWF ram_5E9, B",0x000808
0x000B64,0x032,ram_032,read,,"MOVFF ram_032, FSR2L",0x000808
0x000B64,0xFD9,FSR2L,write,,"MOVFF ram_032, FSR2L",0x000808
0x000B68,0x033,ram_033,read,,"MOVFF ram_033, FSR2H",0x000808
0x000B68,0xFDA,FSR2H,write,,"MOVFF ram_033, FSR2H",0x000808
0x000B6C,0xFDF,INDF2,read,,"MOVF INDF2, W, A",0x000808
0x000B70,0x55F,ram_55F,write,,"MOVWF ram_55F, B",0x000808
0x000B76,0x4AC,ram_4AC,read_write,,"DECF ram_4AC, F, B",0x000808
0x000B78,0x4AD,ram_4AD,read_write,,"ADDWFC ram_4AD, F, B",0x000808
0x000B7A,0x4AE,ram_4AE,read_write,,"ADDWFC ram_4AE, F, B",0x000808
0x000B7C,0x4AF,ram_4AF,read_write,,"ADDWFC ram_4AF, F, B",0x000808
0x000B7E,0x4AF,ram_4AF,read,7,"BTFSC ram_4AF, 7, B",0x000808
0x000B82,0x4AF,ram_4AF,read,,"MOVF ram_4AF, W, B",0x000808
0x000B84,0x4AE,ram_4AE,read,,"IORWF ram_4AE, W, B",0x000808
0x000B86,0x4AD,ram_4AD,read,,"IORWF ram_4AD, W, B",0x000808
0x000B8A,0x4AC,ram_4AC,read,,"DECF ram_4AC, W, B",0x000808
0x000B90,0x437,ram_437,read_write,,"XORWF ram_437, F, B",0x000808
0x000B92,0x4A4,ram_4A4,read,,"MOVFF ram_4A4, ram_4AC",0x000808
0x000B92,0x4AC,ram_4AC,write,,"MOVFF ram_4A4, ram_4AC",0x000808
0x000B96,0x4A5,ram_4A5,read,,"MOVFF ram_4A5, ram_4AD",0x000808
0x000B96,0x4AD,ram_4AD,write,,"MOVFF ram_4A5, ram_4AD",0x000808
0x000B9A,0x4A6,ram_4A6,read,,"MOVFF ram_4A6, ram_4AE",0x000808
0x000B9A,0x4AE,ram_4AE,write,,"MOVFF ram_4A6, ram_4AE",0x000808
0x000B9E,0x4A7,ram_4A7,read,,"MOVFF ram_4A7, ram_4AF",0x000808
0x000B9E,0x4AF,ram_4AF,write,,"MOVFF ram_4A7, ram_4AF",0x000808
0x000BA2,0x4A8,ram_4A8,read,,"MOVFF ram_4A8, ram_4A4",0x000808
0x000BA2,0x4A4,ram_4A4,write,,"MOVFF ram_4A8, ram_4A4",0x000808
0x000BA6,0x4A9,ram_4A9,read,,"MOVFF ram_4A9, ram_4A5",0x000808
0x000BA6,0x4A5,ram_4A5,write,,"MOVFF ram_4A9, ram_4A5",0x000808
0x000BAA,0x4AA,ram_4AA,read,,"MOVFF ram_4AA, ram_4A6",0x000808
0x000BAA,0x4A6,ram_4A6,write,,"MOVFF ram_4AA, ram_4A6",0x000808
0x000BAE,0x4AB,ram_4AB,read,,"MOVFF ram_4AB, ram_4A7",0x000808
0x000BAE,0x4A7,ram_4A7,write,,"MOVFF ram_4AB, ram_4A7",0x000808
0x000BB2,0x032,ram_032,read,,"MOVFF ram_032, FSR2L",0x000808
0x000BB2,0xFD9,FSR2L,write,,"MOVFF ram_032, FSR2L",0x000808
0x000BB6,0x033,ram_033,read,,"MOVFF ram_033, FSR2H",0x000808
0x000BB6,0xFDA,FSR2H,write,,"MOVFF ram_033, FSR2H",0x000808
0x000BBA,0xFDF,INDF2,read,,"MOVF INDF2, W, A",0x000808
0x000BBC,0x006,ram_006,write,,"MOVWF ram_006, A",0x000808
0x000BBE,0x4E1,ram_4E1,read,,"MOVF ram_4E1, W, B",0x000808
0x000BC2,0x5E9,ram_5E9,read,,"ANDWF ram_5E9, W, B",0x000808
0x000BC6,0x437,ram_437,read,,"ANDWF ram_437, W, B",0x000808
0x000BC8,0x006,ram_006,read,,"ANDWF ram_006, W, A",0x000808
0x000BCA,0x43D,ram_43D,write,,"MOVWF ram_43D, B",0x000808
0x000BCC,0x034,ram_034,read,,"MOVFF ram_034, FSR2L",0x000808
0x000BCC,0xFD9,FSR2L,write,,"MOVFF ram_034, FSR2L",0x000808
0x000BD0,0x035,ram_035,read,,"MOVFF ram_035, FSR2H",0x000808
0x000BD0,0xFDA,FSR2H,write,,"MOVFF ram_035, FSR2H",0x000808
0x000BD4,0xFDF,INDF2,read,,"MOVF INDF2, W, A",0x000808
0x000BDA,0x006,ram_006,write,,"MOVWF ram_006, A",0x000808
0x000BDC,0x006,ram_006,read,,"MOVF ram_006, W, A",0x000808
0x000BDE,0x034,ram_034,read,,"XORWF ram_034, W, A",0x000808
0x000BE2,0x035,ram_035,read_write,,"MOVF ram_035, F, A",0x000808
0x000BE8,0x560,ram_560,read,,"MOVF ram_560, W, B",0x000808
0x000BEC,0x483,ram_483,read,,"MOVFF ram_483, ram_5D8",0x000808
0x000BEC,0x5D8,ram_5D8,write,,"MOVFF ram_483, ram_5D8",0x000808
0x000BF2,0x4B8,ram_4B8,write,,"CLRF ram_4B8, B",0x000808
0x000BF4,0x4B9,ram_4B9,write,,"CLRF ram_4B9, B",0x000808
0x000BF6,0x4BA,ram_4BA,write,,"CLRF ram_4BA, B",0x000808
0x000BF8,0x4BB,ram_4BB,write,,"CLRF ram_4BB, B",0x000808
0x000BFC,0x528,ram_528,read,,"MOVF ram_528, W, B",0x000808
0x000BFE,0x529,ram_529,read,,"IORWF ram_529, W, B",0x000808
0x000C00,0x52A,ram_52A,read,,"IORWF ram_52A, W, B",0x000808
0x000C02,0x52B,ram_52B,read,,"IORWF ram_52B, W, B",0x000808
0x000C08,0x438,ram_438,write,,"CLRF ram_438, B",0x000808
0x000C10,0x438,ram_438,write,,"MOVWF ram_438, B",0x000808
0x000C16,0x5EA,ram_5EA,write,,"MOVWF ram_5EA, B",0x000808
0x000C18,0x034,ram_034,read,,"MOVFF ram_034, FSR2L",0x000808
0x000C18,0xFD9,FSR2L,write,,"MOVFF ram_034, FSR2L",0x000808
0x000C1C,0x035,ram_035,read,,"MOVFF ram_035, FSR2H",0x000808
0x000C1C,0xFDA,FSR2H,write,,"MOVFF ram_035, FSR2H",0x000808
0x000C20,0xFDF,INDF2,read,,"MOVF INDF2, W, A",0x000808
0x000C24,0x560,ram_560,write,,"MOVWF ram_560, B",0x000808
0x000C2A,0x4B8,ram_4B8,read_write,,"DECF ram_4B8, F, B",0x000808
0x000C2C,0x4B9,ram_4B9,read_write,,"ADDWFC ram_4B9, F, B",0x000808
0x000C2E,0x4BA,ram_4BA,read_write,,"ADDWFC ram_4BA, F, B",0x000808
0x000C30,0x4BB,ram_4BB,read_write,,"ADDWFC ram_4BB, F, B",0x000808
0x000C32,0x4BB,ram_4BB,read,7,"BTFSC ram_4BB, 7, B",0x000808
0x000C36,0x4BB,ram_4BB,read,,"MOVF ram_4BB, W, B",0x000808
0x000C38,0x4BA,ram_4BA,read,,"IORWF ram_4BA, W, B",0x000808
0x000C3A,0x4B9,ram_4B9,read,,"IORWF ram_4B9, W, B",0x000808
0x000C3E,0x4B8,ram_4B8,read,,"DECF ram_4B8, W, B",0x000808
0x000C44,0x438,ram_438,read_write,,"XORWF ram_438, F, B",0x000808
0x000C46,0x4B0,ram_4B0,read,,"MOVFF ram_4B0, ram_4B8",0x000808
0x000C46,0x4B8,ram_4B8,write,,"MOVFF ram_4B0, ram_4B8",0x000808
0x000C4A,0x4B1,ram_4B1,read,,"MOVFF ram_4B1, ram_4B9",0x000808
0x000C4A,0x4B9,ram_4B9,write,,"MOVFF ram_4B1, ram_4B9",0x000808
0x000C4E,0x4B2,ram_4B2,read,,"MOVFF ram_4B2, ram_4BA",0x000808
0x000C4E,0x4BA,ram_4BA,write,,"MOVFF ram_4B2, ram_4BA",0x000808
0x000C52,0x4B3,ram_4B3,read,,"MOVFF ram_4B3, ram_4BB",0x000808
0x000C52,0x4BB,ram_4BB,write,,"MOVFF ram_4B3, ram_4BB",0x000808
0x000C56,0x4B4,ram_4B4,read,,"MOVFF ram_4B4, ram_4B0",0x000808
0x000C56,0x4B0,ram_4B0,write,,"MOVFF ram_4B4, ram_4B0",0x000808
0x000C5A,0x4B5,ram_4B5,read,,"MOVFF ram_4B5, ram_4B1",0x000808
0x000C5A,0x4B1,ram_4B1,write,,"MOVFF ram_4B5, ram_4B1",0x000808
0x000C5E,0x4B6,ram_4B6,read,,"MOVFF ram_4B6, ram_4B2",0x000808
0x000C5E,0x4B2,ram_4B2,write,,"MOVFF ram_4B6, ram_4B2",0x000808
0x000C62,0x4B7,ram_4B7,read,,"MOVFF ram_4B7, ram_4B3",0x000808
0x000C62,0x4B3,ram_4B3,write,,"MOVFF ram_4B7, ram_4B3",0x000808
0x000C66,0x034,ram_034,read,,"MOVFF ram_034, FSR2L",0x000808
0x000C66,0xFD9,FSR2L,write,,"MOVFF ram_034, FSR2L",0x000808
0x000C6A,0x035,ram_035,read,,"MOVFF ram_035, FSR2H",0x000808
0x000C6A,0xFDA,FSR2H,write,,"MOVFF ram_035, FSR2H",0x000808
0x000C6E,0xFDF,INDF2,read,,"MOVF INDF2, W, A",0x000808
0x000C70,0x006,ram_006,write,,"MOVWF ram_006, A",0x000808
0x000C72,0x4E2,ram_4E2,read,,"MOVF ram_4E2, W, B",0x000808
0x000C76,0x5EA,ram_5EA,read,,"ANDWF ram_5EA, W, B",0x000808
0x000C7A,0x438,ram_438,read,,"ANDWF ram_438, W, B",0x000808
0x000C7C,0x006,ram_006,read,,"ANDWF ram_006, W, A",0x000808
0x000C7E,0x43E,ram_43E,write,,"MOVWF ram_43E, B",0x000808
0x000C80,0x036,ram_036,read,,"MOVFF ram_036, FSR2L",0x000808
0x000C80,0xFD9,FSR2L,write,,"MOVFF ram_036, FSR2L",0x000808
0x000C84,0x037,ram_037,read,,"MOVFF ram_037, FSR2H",0x000808
0x000C84,0xFDA,FSR2H,write,,"MOVFF ram_037, FSR2H",0x000808
0x000C88,0xFDF,INDF2,read,,"MOVF INDF2, W, A",0x000808
0x000C8E,0x006,ram_006,write,,"MOVWF ram_006, A",0x000808
0x000C90,0x006,ram_006,read,,"MOVF ram_006, W, A",0x000808
0x000C92,0x036,ram_036,read,,"XORWF ram_036, W, A",0x000808
0x000C96,0x037,ram_037,read_write,,"MOVF ram_037, F, A",0x000808
0x000C9C,0x561,ram_561,read,,"MOVF ram_561, W, B",0x000808
0x000CA0,0x483,ram_483,read,,"MOVFF ram_483, ram_5D9",0x000808
0x000CA0,0x5D9,ram_5D9,write,,"MOVFF ram_483, ram_5D9",0x000808
0x000CA6,0x4C4,ram_4C4,write,,"CLRF ram_4C4, B",0x000808
0x000CA8,0x4C5,ram_4C5,write,,"CLRF ram_4C5, B",0x000808
0x000CAA,0x4C6,ram_4C6,write,,"CLRF ram_4C6, B",0x000808
0x000CAC,0x4C7,ram_4C7,write,,"CLRF ram_4C7, B",0x000808
0x000CB0,0x52C,ram_52C,read,,"MOVF ram_52C, W, B",0x000808
0x000CB2,0x52D,ram_52D,read,,"IORWF ram_52D, W, B",0x000808
0x000CB4,0x52E,ram_52E,read,,"IORWF ram_52E, W, B",0x000808
0x000CB6,0x52F,ram_52F,read,,"IORWF ram_52F, W, B",0x000808
0x000CBC,0x439,ram_439,write,,"CLRF ram_439, B",0x000808
0x000CC4,0x439,ram_439,write,,"MOVWF ram_439, B",0x000808
0x000CCA,0x5EB,ram_5EB,write,,"MOVWF ram_5EB, B",0x000808
0x000CCC,0x036,ram_036,read,,"MOVFF ram_036, FSR2L",0x000808
0x000CCC,0xFD9,FSR2L,write,,"MOVFF ram_036, FSR2L",0x000808
0x000CD0,0x037,ram_037,read,,"MOVFF ram_037, FSR2H",0x000808
0x000CD0,0xFDA,FSR2H,write,,"MOVFF ram_037, FSR2H",0x000808
0x000CD4,0xFDF,INDF2,read,,"MOVF INDF2, W, A",0x000808
0x000CD8,0x561,ram_561,write,,"MOVWF ram_561, B",0x000808
0x000CDE,0x4C4,ram_4C4,read_write,,"DECF ram_4C4, F, B",0x000808
0x000CE0,0x4C5,ram_4C5,read_write,,"ADDWFC ram_4C5, F, B",0x000808
0x000CE2,0x4C6,ram_4C6,read_write,,"ADDWFC ram_4C6, F, B",0x000808
0x000CE4,0x4C7,ram_4C7,read_write,,"ADDWFC ram_4C7, F, B",0x000808
0x000CE6,0x4C7,ram_4C7,read,7,"BTFSC ram_4C7, 7, B",0x000808
0x000CEA,0x4C7,ram_4C7,read,,"MOVF ram_4C7, W, B",0x000808
0x000CEC,0x4C6,ram_4C6,read,,"IORWF ram_4C6, W, B",0x000808
0x000CEE,0x4C5,ram_4C5,read,,"IORWF ram_4C5, W, B",0x000808
0x000CF2,0x4C4,ram_4C4,read,,"DECF ram_4C4, W, B",0x000808
0x000CF8,0x439,ram_439,read_write,,"XORWF ram_439, F, B",0x000808
0x000CFA,0x4BC,ram_4BC,read,,"MOVFF ram_4BC, ram_4C4",0x000808
0x000CFA,0x4C4,ram_4C4,write,,"MOVFF ram_4BC, ram_4C4",0x000808
0x000CFE,0x4BD,ram_4BD,read,,"MOVFF ram_4BD, ram_4C5",0x000808
0x000CFE,0x4C5,ram_4C5,write,,"MOVFF ram_4BD, ram_4C5",0x000808
0x000D02,0x4BE,ram_4BE,read,,"MOVFF ram_4BE, ram_4C6",0x000808
0x000D02,0x4C6,ram_4C6,write,,"MOVFF ram_4BE, ram_4C6",0x000808
0x000D06,0x4BF,ram_4BF,read,,"MOVFF ram_4BF, ram_4C7",0x000808
0x000D06,0x4C7,ram_4C7,write,,"MOVFF ram_4BF, ram_4C7",0x000808
0x000D0A,0x4C0,ram_4C0,read,,"MOVFF ram_4C0, ram_4BC",0x000808
0x000D0A,0x4BC,ram_4BC,write,,"MOVFF ram_4C0, ram_4BC",0x000808
0x000D0E,0x4C1,ram_4C1,read,,"MOVFF ram_4C1, ram_4BD",0x000808
0x000D0E,0x4BD,ram_4BD,write,,"MOVFF ram_4C1, ram_4BD",0x000808
0x000D12,0x4C2,ram_4C2,read,,"MOVFF ram_4C2, ram_4BE",0x000808
0x000D12,0x4BE,ram_4BE,write,,"MOVFF ram_4C2, ram_4BE",0x000808
0x000D16,0x4C3,ram_4C3,read,,"MOVFF ram_4C3, ram_4BF",0x000808
0x000D16,0x4BF,ram_4BF,write,,"MOVFF ram_4C3, ram_4BF",0x000808
0x000D1A,0x036,ram_036,read,,"MOVFF ram_036, FSR2L",0x000808
0x000D1A,0xFD9,FSR2L,write,,"MOVFF ram_036, FSR2L",0x000808
0x000D1E,0x037,ram_037,read,,"MOVFF ram_037, FSR2H",0x000808
0x000D1E,0xFDA,FSR2H,write,,"MOVFF ram_037, FSR2H",0x000808
0x000D22,0xFDF,INDF2,read,,"MOVF INDF2, W, A",0x000808
0x000D24,0x006,ram_006,write,,"MOVWF ram_006, A",0x000808
0x000D26,0x4E3,ram_4E3,read,,"MOVF ram_4E3, W, B",0x000808
0x000D2A,0x5EB,ram_5EB,read,,"ANDWF ram_5EB, W, B",0x000808
0x000D2E,0x439,ram_439,read,,"ANDWF ram_439, W, B",0x000808
0x000D30,0x006,ram_006,read,,"ANDWF ram_006, W, A",0x000808
0x000D32,0x43F,ram_43F,write,,"MOVWF ram_43F, B",0x000808
0x000D34,0x038,ram_038,read,,"MOVFF ram_038, FSR2L",0x000808
0x000D34,0xFD9,FSR2L,write,,"MOVFF ram_038, FSR2L",0x000808
0x000D38,0x039,ram_039,read,,"MOVFF ram_039, FSR2H",0x000808
0x000D38,0xFDA,FSR2H,write,,"MOVFF ram_039, FSR2H",0x000808
0x000D3C,0xFDF,INDF2,read,,"MOVF INDF2, W, A",0x000808
0x000D42,0x006,ram_006,write,,"MOVWF ram_006, A",0x000808
0x000D44,0x006,ram_006,read,,"MOVF ram_006, W, A",0x000808
0x000D46,0x038,ram_038,read,,"XORWF ram_038, W, A",0x000808
0x000D4A,0x039,ram_039,read_write,,"MOVF ram_039, F, A",0x000808
0x000D50,0x562,ram_562,read,,"MOVF ram_562, W, B",0x000808
0x000D54,0x483,ram_483,read,,"MOVFF ram_483, ram_5DA",0x000808
0x000D54,0x5DA,ram_5DA,write,,"MOVFF ram_483, ram_5DA",0x000808
0x000D5A,0x4D0,ram_4D0,write,,"CLRF ram_4D0, B",0x000808
0x000D5C,0x4D1,ram_4D1,write,,"CLRF ram_4D1, B",0x000808
0x000D5E,0x4D2,ram_4D2,write,,"CLRF ram_4D2, B",0x000808
0x000D60,0x4D3,ram_4D3,write,,"CLRF ram_4D3, B",0x000808
0x000D64,0x530,ram_530,read,,"MOVF ram_530, W, B",0x000808
0x000D66,0x531,ram_531,read,,"IORWF ram_531, W, B",0x000808
0x000D68,0x532,ram_532,read,,"IORWF ram_532, W, B",0x000808
0x000D6A,0x533,ram_533,read,,"IORWF ram_533, W, B",0x000808
0x000D70,0x43A,ram_43A,write,,"CLRF ram_43A, B",0x000808
0x000D78,0x43A,ram_43A,write,,"MOVWF ram_43A, B",0x000808
0x000D7E,0x5EC,ram_5EC,write,,"MOVWF ram_5EC, B",0x000808
0x000D80,0x038,ram_038,read,,"MOVFF ram_038, FSR2L",0x000808
0x000D80,0xFD9,FSR2L,write,,"MOVFF ram_038, FSR2L",0x000808
0x000D84,0x039,ram_039,read,,"MOVFF ram_039, FSR2H",0x000808
0x000D84,0xFDA,FSR2H,write,,"MOVFF ram_039, FSR2H",0x000808
0x000D88,0xFDF,INDF2,read,,"MOVF INDF2, W, A",0x000808
0x000D8C,0x562,ram_562,write,,"MOVWF ram_562, B",0x000808
0x000D92,0x4D0,ram_4D0,read_write,,"DECF ram_4D0, F, B",0x000808
0x000D94,0x4D1,ram_4D1,read_write,,"ADDWFC ram_4D1, F, B",0x000808
0x000D96,0x4D2,ram_4D2,read_write,,"ADDWFC ram_4D2, F, B",0x000808
0x000D98,0x4D3,ram_4D3,read_write,,"ADDWFC ram_4D3, F, B",0x000808
0x000D9A,0x4D3,ram_4D3,read,7,"BTFSC ram_4D3, 7, B",0x000808
0x000D9E,0x4D3,ram_4D3,read,,"MOVF ram_4D3, W, B",0x000808
0x000DA0,0x4D2,ram_4D2,read,,"IORWF ram_4D2, W, B",0x000808
0x000DA2,0x4D1,ram_4D1,read,,"IORWF ram_4D1, W, B",0x000808
0x000DA6,0x4D0,ram_4D0,read,,"DECF ram_4D0, W, B",0x000808
0x000DAC,0x43A,ram_43A,read_write,,"XORWF ram_43A, F, B",0x000808
0x000DAE,0x4C8,ram_4C8,read,,"MOVFF ram_4C8, ram_4D0",0x000808
0x000DAE,0x4D0,ram_4D0,write,,"MOVFF ram_4C8, ram_4D0",0x000808
0x000DB2,0x4C9,ram_4C9,read,,"MOVFF ram_4C9, ram_4D1",0x000808
0x000DB2,0x4D1,ram_4D1,write,,"MOVFF ram_4C9, ram_4D1",0x000808
0x000DB6,0x4CA,ram_4CA,read,,"MOVFF ram_4CA, ram_4D2",0x000808
0x000DB6,0x4D2,ram_4D2,write,,"MOVFF ram_4CA, ram_4D2",0x000808
0x000DBA,0x4CB,ram_4CB,read,,"MOVFF ram_4CB, ram_4D3",0x000808
0x000DBA,0x4D3,ram_4D3,write,,"MOVFF ram_4CB, ram_4D3",0x000808
0x000DBE,0x4CC,ram_4CC,read,,"MOVFF ram_4CC, ram_4C8",0x000808
0x000DBE,0x4C8,ram_4C8,write,,"MOVFF ram_4CC, ram_4C8",0x000808
0x000DC2,0x4CD,ram_4CD,read,,"MOVFF ram_4CD, ram_4C9",0x000808
0x000DC2,0x4C9,ram_4C9,write,,"MOVFF ram_4CD, ram_4C9",0x000808
0x000DC6,0x4CE,ram_4CE,read,,"MOVFF ram_4CE, ram_4CA",0x000808
0x000DC6,0x4CA,ram_4CA,write,,"MOVFF ram_4CE, ram_4CA",0x000808
0x000DCA,0x4CF,ram_4CF,read,,"MOVFF ram_4CF, ram_4CB",0x000808
0x000DCA,0x4CB,ram_4CB,write,,"MOVFF ram_4CF, ram_4CB",0x000808
0x000DCE,0x038,ram_038,read,,"MOVFF ram_038, FSR2L",0x000808
0x000DCE,0xFD9,FSR2L,write,,"MOVFF ram_038, FSR2L",0x000808
0x000DD2,0x039,ram_039,read,,"MOVFF ram_039, FSR2H",0x000808
0x000DD2,0xFDA,FSR2H,write,,"MOVFF ram_039, FSR2H",0x000808
0x000DD6,0xFDF,INDF2,read,,"MOVF INDF2, W, A",0x000808
0x000DD8,0x006,ram_006,write,,"MOVWF ram_006, A",0x000808
0x000DDA,0x4E4,ram_4E4,read,,"MOVF ram_4E4, W, B",0x000808
0x000DDE,0x5EC,ram_5EC,read,,"ANDWF ram_5EC, W, B",0x000808
0x000DE2,0x43A,ram_43A,read,,"ANDWF ram_43A, W, B",0x000808
0x000DE4,0x006,ram_006,read,,"ANDWF ram_006, W, A",0x000808
0x000DE6,0x440,ram_440,write,,"MOVWF ram_440, B",0x000808
0x000DE8,0x03A,ram_03A,read,,"MOVFF ram_03A, FSR2L",0x000808
0x000DE8,0xFD9,FSR2L,write,,"MOVFF ram_03A, FSR2L",0x000808
0x000DEC,0x03B,ram_03B,read,,"MOVFF ram_03B, FSR2H",0x000808
0x000DEC,0xFDA,FSR2H,write,,"MOVFF ram_03B, FSR2H",0x000808
0x000DF0,0xFDF,INDF2,read,,"MOVF INDF2, W, A",0x000808
0x000DF6,0x006,ram_006,write,,"MOVWF ram_006, A",0x000808
0x000DF8,0x006,ram_006,read,,"MOVF ram_006, W, A",0x000808
0x000DFA,0x03A,ram_03A,read,,"XORWF ram_03A, W, A",0x000808
0x000DFE,0x03B,ram_03B,read_write,,"MOVF ram_03B, F, A",0x000808
0x000E04,0x563,ram_563,read,,"MOVF ram_563, W, B",0x000808
0x000E08,0x483,ram_483,read,,"MOVFF ram_483, ram_5DB",0x000808
0x000E08,0x5DB,ram_5DB,write,,"MOVFF ram_483, ram_5DB",0x000808
0x000E0E,0x4DC,ram_4DC,write,,"CLRF ram_4DC, B",0x000808
0x000E10,0x4DD,ram_4DD,write,,"CLRF ram_4DD, B",0x000808
0x000E12,0x4DE,ram_4DE,write,,"CLRF ram_4DE, B",0x000808
0x000E14,0x4DF,ram_4DF,write,,"CLRF ram_4DF, B",0x000808
0x000E18,0x534,ram_534,read,,"MOVF ram_534, W, B",0x000808
0x000E1A,0x535,ram_535,read,,"IORWF ram_535, W, B",0x000808
0x000E1C,0x536,ram_536,read,,"IORWF ram_536, W, B",0x000808
0x000E1E,0x537,ram_537,read,,"IORWF ram_537, W, B",0x000808
0x000E24,0x43B,ram_43B,write,,"CLRF ram_43B, B",0x000808
0x000E2C,0x43B,ram_43B,write,,"MOVWF ram_43B, B",0x000808
0x000E32,0x5ED,ram_5ED,write,,"MOVWF ram_5ED, B",0x000808
0x000E34,0x03A,ram_03A,read,,"MOVFF ram_03A, FSR2L",0x000808
0x000E34,0xFD9,FSR2L,write,,"MOVFF ram_03A, FSR2L",0x000808
0x000E38,0x03B,ram_03B,read,,"MOVFF ram_03B, FSR2H",0x000808
0x000E38,0xFDA,FSR2H,write,,"MOVFF ram_03B, FSR2H",0x000808
0x000E3C,0xFDF,INDF2,read,,"MOVF INDF2, W, A",0x000808
0x000E40,0x563,ram_563,write,,"MOVWF ram_563, B",0x000808
0x000E46,0x4DC,ram_4DC,read_write,,"DECF ram_4DC, F, B",0x000808
0x000E48,0x4DD,ram_4DD,read_write,,"ADDWFC ram_4DD, F, B",0x000808
0x000E4A,0x4DE,ram_4DE,read_write,,"ADDWFC ram_4DE, F, B",0x000808
0x000E4C,0x4DF,ram_4DF,read_write,,"ADDWFC ram_4DF, F, B",0x000808
0x000E4E,0x4DF,ram_4DF,read,7,"BTFSC ram_4DF, 7, B",0x000808
0x000E52,0x4DF,ram_4DF,read,,"MOVF ram_4DF, W, B",0x000808
0x000E54,0x4DE,ram_4DE,read,,"IORWF ram_4DE, W, B",0x000808
0x000E56,0x4DD,ram_4DD,read,,"IORWF ram_4DD, W, B",0x000808
0x000E5A,0x4DC,ram_4DC,read,,"DECF ram_4DC, W, B",0x000808
0x000E60,0x43B,ram_43B,read_write,,"XORWF ram_43B, F, B",0x000808
0x000E62,0x4D4,ram_4D4,read,,"MOVFF ram_4D4, ram_4DC",0x000808
0x000E62,0x4DC,ram_4DC,write,,"MOVFF ram_4D4, ram_4DC",0x000808
0x000E66,0x4D5,ram_4D5,read,,"MOVFF ram_4D5, ram_4DD",0x000808
0x000E66,0x4DD,ram_4DD,write,,"MOVFF ram_4D5, ram_4DD",0x000808
0x000E6A,0x4D6,ram_4D6,read,,"MOVFF ram_4D6, ram_4DE",0x000808
0x000E6A,0x4DE,ram_4DE,write,,"MOVFF ram_4D6, ram_4DE",0x000808
0x000E6E,0x4D7,ram_4D7,read,,"MOVFF ram_4D7, ram_4DF",0x000808
0x000E6E,0x4DF,ram_4DF,write,,"MOVFF ram_4D7, ram_4DF",0x000808
0x000E72,0x4D8,ram_4D8,read,,"MOVFF ram_4D8, ram_4D4",0x000808
0x000E72,0x4D4,ram_4D4,write,,"MOVFF ram_4D8, ram_4D4",0x000808
0x000E76,0x4D9,ram_4D9,read,,"MOVFF ram_4D9, ram_4D5",0x000808
0x000E76,0x4D5,ram_4D5,write,,"MOVFF ram_4D9, ram_4D5",0x000808
0x000E7A,0x4DA,ram_4DA,read,,"MOVFF ram_4DA, ram_4D6",0x000808
0x000E7A,0x4D6,ram_4D6,write,,"MOVFF ram_4DA, ram_4D6",0x000808
0x000E7E,0x4DB,ram_4DB,read,,"MOVFF ram_4DB, ram_4D7",0x000808
0x000E7E,0x4D7,ram_4D7,write,,"MOVFF ram_4DB, ram_4D7",0x000808
0x000E82,0x03A,ram_03A,read,,"MOVFF ram_03A, FSR2L",0x000808
0x000E82,0xFD9,FSR2L,write,,"MOVFF ram_03A, FSR2L",0x000808
0x000E86,0x03B,ram_03B,read,,"MOVFF ram_03B, FSR2H",0x000808
0x000E86,0xFDA,FSR2H,write,,"MOVFF ram_03B, FSR2H",0x000808
0x000E8A,0xFDF,INDF2,read,,"MOVF INDF2, W, A",0x000808
0x000E8C,0x006,ram_006,write,,"MOVWF ram_006, A",0x000808
0x000E8E,0x4E5,ram_4E5,read,,"MOVF ram_4E5, W, B",0x000808
0x000E92,0x5ED,ram_5ED,read,,"ANDWF ram_5ED, W, B",0x000808
0x000E96,0x43B,ram_43B,read,,"ANDWF ram_43B, W, B",0x000808
0x000E98,0x006,ram_006,read,,"ANDWF ram_006, W, A",0x000808
0x000E9A,0x441,ram_441,write,,"MOVWF ram_441, B",0x000808
0x000E9C,0x03C,ram_03C,read,,"MOVFF ram_03C, ram_59D",0x000808
0x000E9C,0x59D,ram_59D,write,,"MOVFF ram_03C, ram_59D",0x000808
0x000EA0,0x03D,ram_03D,read,,"MOVFF ram_03D, ram_59E",0x000808
0x000EA0,0x59E,ram_59E,write,,"MOVFF ram_03D, ram_59E",0x000808
0x000EA4,0xF83,PORTD,read,,"MOVFF PORTD, ram_454",0x000808
0x000EA4,0x454,ram_454,write,,"MOVFF PORTD, ram_454",0x000808
0x000EA8,0x455,ram_455,write,,"CLRF ram_455, B",0x000808
0x000EAA,0x454,ram_454,read,,"MOVF ram_454, W, B",0x000808
0x000EAC,0x455,ram_455,write,,"MOVWF ram_455, B",0x000808
0x000EAE,0x454,ram_454,write,,"CLRF ram_454, B",0x000808
0x000EB0,0xF82,PORTC,read,,"MOVF PORTC, W, A",0x000808
0x000EB2,0x454,ram_454,read_write,,"IORWF ram_454, F, B",0x000808
0x000EB6,0x454,ram_454,read_write,,"XORWF ram_454, F, B",0x000808
0x000EB8,0x455,ram_455,read_write,,"XORWF ram_455, F, B",0x000808
0x000EBC,0x454,ram_454,read_write,,"ANDWF ram_454, F, B",0x000808
0x000EC0,0x455,ram_455,read_write,,"ANDWF ram_455, F, B",0x000808
0x000EC2,0x4E8,ram_4E8,read,,"MOVF ram_4E8, W, B",0x000808
0x000EC4,0x454,ram_454,read,,"ANDWF ram_454, W, B",0x000808
0x000EC6,0x03C,ram_03C,write,,"MOVWF ram_03C, A",0x000808
0x000EC8,0x4E9,ram_4E9,read,,"MOVF ram_4E9, W, B",0x000808
0x000ECA,0x455,ram_455,read,,"ANDWF ram_455, W, B",0x000808
0x000ECC,0x03D,ram_03D,write,,"MOVWF ram_03D, A",0x000808
0x000ECE,0x03C,ram_03C,read,,"MOVF ram_03C, W, A",0x000808
0x000ED0,0x03D,ram_03D,read,,"IORWF ram_03D, W, A",0x000808
0x000ED8,0x59D,ram_59D,read,,"MOVF ram_59D, W, B",0x000808
0x000EDA,0x03C,ram_03C,read,,"XORWF ram_03C, W, A",0x000808
0x000EDE,0x59E,ram_59E,read,,"MOVF ram_59E, W, B",0x000808
0x000EE0,0x03D,ram_03D,read,,"XORWF ram_03D, W, A",0x000808
0x000EEC,0x4F4,ram_4F4,read,,"MOVF ram_4F4, W, B",0x000808
0x000EF2,0xFF3,PRODL,read,,"ADDWF PRODL, W, A",0x000808
0x000EF4,0xFE1,FSR1L,write,,"MOVWF FSR1L, A",0x000808
0x000EF8,0xFF4,PRODH,read,,"ADDWFC PRODH, W, A",0x000808
0x000EFA,0xFE2,FSR1H,write,,"MOVWF FSR1H, A",0x000808
0x000EFC,0xFDE,POSTINC2,read,,"MOVFF POSTINC2, POSTINC1",0x000808
0x000EFC,0xFE6,POSTINC1,write,,"MOVFF POSTINC2, POSTINC1",0x000808
0x000F00,0xFDE,POSTINC2,read,,"MOVFF POSTINC2, POSTINC1",0x000808
0x000F00,0xFE6,POSTINC1,write,,"MOVFF POSTINC2, POSTINC1",0x000808
0x000F04,0xFDE,POSTINC2,read,,"MOVFF POSTINC2, POSTINC1",0x000808
0x000F04,0xFE6,POSTINC1,write,,"MOVFF POSTINC2, POSTINC1",0x000808
0x000F08,0xFDE,POSTINC2,read,,"MOVFF POSTINC2, POSTINC1",0x000808
0x000F08,0xFE6,POSTINC1,write,,"MOVFF POSTINC2, POSTINC1",0x000808
0x000F0E,0x4F4,ram_4F4,read,,"ADDWF ram_4F4, W, B",0x000808
0x000F10,0xFD9,FSR2L,write,,"MOVWF FSR2L, A",0x000808
0x000F12,0xFDA,FSR2H,write,,"CLRF FSR2H, A",0x000808
0x000F16,0xFDA,FSR2H,read_write,,"ADDWFC FSR2H, F, A",0x000808
0x000F18,0x47E,ram_47E,read,,"MOVFF ram_47E, INDF2",0x000808
0x000F18,0xFDF,INDF2,write,,"MOVFF ram_47E, INDF2",0x000808
0x000F1C,0x4F4,ram_4F4,read_write,,"DECF ram_4F4, F, B",0x000808
0x000F20,0xFF6,TBLPTRL,write,,"MOVWF TBLPTRL, A",0x000808
0x000F24,0xFF7,TBLPTRH,write,,"MOVWF TBLPTRH, A",0x000808
0x000F26,0x03C,ram_03C,read,,"MOVF ram_03C, W, A",0x000808
0x000F2A,0xFF5,TABLAT,read,,"ANDWF TABLAT, W, A",0x000808
0x000F2C,0x452,ram_452,write,,"MOVWF ram_452, B",0x000808
0x000F2E,0x03D,ram_03D,read,,"MOVF ram_03D, W, A",0x000808
0x000F32,0xFF5,TABLAT,read,,"ANDWF TABLAT, W, A",0x000808
0x000F34,0x453,ram_453,write,,"MOVWF ram_453, B",0x000808
0x000F36,0x452,ram_452,read,,"MOVF ram_452, W, B",0x000808
0x000F38,0x453,ram_453,read,,"IORWF ram_453, W, B",0x000808
0x000F3C,0x400,ram_400,read,,"MOVFF ram_400, ram_418",0x000808
0x000F3C,0x418,ram_418,write,,"MOVFF ram_400, ram_418",0x000808
0x000F40,0x401,ram_401,read,,"MOVFF ram_401, ram_419",0x000808
0x000F40,0x419,ram_419,write,,"MOVFF ram_401, ram_419",0x000808
0x000F44,0x402,ram_402,read,,"MOVFF ram_402, ram_41A",0x000808
0x000F44,0x41A,ram_41A,write,,"MOVFF ram_402, ram_41A",0x000808
0x000F48,0x403,ram_403,read,,"MOVFF ram_403, ram_41B",0x000808
0x000F48,0x41B,ram_41B,write,,"MOVFF ram_403, ram_41B",0x000808
0x000F4C,0x049,ram_049,read,,"MOVFF ram_049, ram_58A",0x000808
0x000F4C,0x58A,ram_58A,write,,"MOVFF ram_049, ram_58A",0x000808
0x000F50,0x04A,ram_04A,read,,"MOVFF ram_04A, ram_58B",0x000808
0x000F50,0x58B,ram_58B,write,,"MOVFF ram_04A, ram_58B",0x000808
0x000F54,0x04B,ram_04B,read,,"MOVFF ram_04B, ram_58C",0x000808
0x000F54,0x58C,ram_58C,write,,"MOVFF ram_04B, ram_58C",0x000808
0x000F58,0x04C,ram_04C,read,,"MOVFF ram_04C, ram_58D",0x000808
0x000F58,0x58D,ram_58D,write,,"MOVFF ram_04C, ram_58D",0x000808
0x000F5C,0x4F4,ram_4F4,read,,"INCF ram_4F4, W, B",0x000808
0x000F60,0x56A,ram_56A,write,,"MOVWF ram_56A, B",0x000808
0x000F66,0x430,ram_430,write,,"MOVWF ram_430, B",0x000808
0x000F6A,0xFF6,TBLPTRL,write,,"MOVWF TBLPTRL, A",0x000808
0x000F6E,0xFF7,TBLPTRH,write,,"MOVWF TBLPTRH, A",0x000808
0x000F72,0xFF5,TABLAT,read,,"MOVFF TABLAT, ram_006",0x000808
0x000F72,0x006,ram_006,write,,"MOVFF TABLAT, ram_006",0x000808
0x000F78,0xFF5,TABLAT,read,,"MOVFF TABLAT, ram_007",0x000808
0x000F78,0x007,ram_007,write,,"MOVFF TABLAT, ram_007",0x000808
0x000F7C,0x006,ram_006,read,,"MOVF ram_006, W, A",0x000808
0x000F7E,0x4E8,ram_4E8,read_write,,"XORWF ram_4E8, F, B",0x000808
0x000F80,0x007,ram_007,read,,"MOVF ram_007, W, A",0x000808
0x000F82,0x4E9,ram_4E9,read_write,,"XORWF ram_4E9, F, B",0x000808
0x000F86,0xFF6,TBLPTRL,write,,"MOVWF TBLPTRL, A",0x000808
0x000F8A,0xFF7,TBLPTRH,write,,"MOVWF TBLPTRH, A",0x000808
0x000F8C,0x03C,ram_03C,read,,"MOVF ram_03C, W, A",0x000808
0x000F90,0xFF5,TABLAT,read,,"ANDWF TABLAT, W, A",0x000808
0x000F92,0x452,ram_452,write,,"MOVWF ram_452, B",0x000808
0x000F94,0x03D,ram_03D,read,,"MOVF ram_03D, W, A",0x000808
0x000F98,0xFF5,TABLAT,read,,"ANDWF TABLAT, W, A",0x000808
0x000F9A,0x453,ram_453,write,,"MOVWF ram_453, B",0x000808
0x000F9C,0x452,ram_452,read,,"MOVF ram_452, W, B",0x000808
0x000F9E,0x453,ram_453,read,,"IORWF ram_453, W, B",0x000808
0x000FA2,0x404,ram_404,read,,"MOVFF ram_404, ram_41C",0x000808
0x000FA2,0x41C,ram_41C,write,,"MOVFF ram_404, ram_41C",0x000808
0x000FA6,0x405,ram_405,read,,"MOVFF ram_405, ram_41D",0x000808
0x000FA6,0x41D,ram_41D,write,,"MOVFF ram_405, ram_41D",0x000808
0x000FAA,0x406,ram_406,read,,"MOVFF ram_406, ram_41E",0x000808
0x000FAA,0x41E,ram_41E,write,,"MOVFF ram_406, ram_41E",0x000808
0x000FAE,0x407,ram_407,read,,"MOVFF ram_407, ram_41F",0x000808
0x000FAE,0x41F,ram_41F,write,,"MOVFF ram_407, ram_41F",0x000808
0x000FB2,0x4F4,ram_4F4,read,,"INCF ram_4F4, W, B",0x000808
0x000FB6,0x56B,ram_56B,write,,"MOVWF ram_56B, B",0x000808
0x000FBC,0x431,ram_431,write,,"MOVWF ram_431, B",0x000808
0x000FC0,0xFF6,TBLPTRL,write,,"MOVWF TBLPTRL, A",0x000808
0x000FC4,0xFF7,TBLPTRH,write,,"MOVWF TBLPTRH, A",0x000808
0x000FC8,0xFF5,TABLAT,read,,"MOVFF TABLAT, ram_006",0x000808
0x000FC8,0x006,ram_006,write,,"MOVFF TABLAT, ram_006",0x000808
0x000FCE,0xFF5,TABLAT,read,,"MOVFF TABLAT, ram_007",0x000808
0x000FCE,0x007,ram_007,write,,"MOVFF TABLAT, ram_007",0x000808
0x000FD2,0x006,ram_006,read,,"MOVF ram_006, W, A",0x000808
0x000FD4,0x4E8,ram_4E8,read_write,,"XORWF ram_4E8, F, B",0x000808
0x000FD6,0x007,ram_007,read,,"MOVF ram_007, W, A",0x000808
0x000FD8,0x4E9,ram_4E9,read_write,,"XORWF ram_4E9, F, B",0x000808
0x000FDC,0xFF6,TBLPTRL,write,,"MOVWF TBLPTRL, A",0x000808
0x000FE0,0xFF7,TBLPTRH,write,,"MOVWF TBLPTRH, A",0x000808
0x000FE2,0x03C,ram_03C,read,,"MOVF ram_03C, W, A",0x000808
0x000FE6,0xFF5,TABLAT,read,,"ANDWF TABLAT, W, A",0x000808
0x000FE8,0x452,ram_452,write,,"MOVWF ram_452, B",0x000808
0x000FEA,0x03D,ram_03D,read,,"MOVF ram_03D, W, A",0x000808
0x000FEE,0xFF5,TABLAT,read,,"ANDWF TABLAT, W, A",0x000808
0x000FF0,0x453,ram_453,write,,"MOVWF ram_453, B",0x000808
0x000FF2,0x452,ram_452,read,,"MOVF ram_452, W, B",0x000808
0x000FF4,0x453,ram_453,read,,"IORWF ram_453, W, B",0x000808
0x000FF8,0x408,ram_408,read,,"MOVFF ram_408, ram_420",0x000808
0x000FF8,0x420,ram_420,write,,"MOVFF ram_408, ram_420",0x000808
0x000FFC,0x409,ram_409,read,,"MOVFF ram_409, ram_421",0x000808
0x000FFC,0x421,ram_421,write,,"MOVFF ram_409, ram_421",0x000808
0x001000,0x40A,ram_40A,read,,"MOVFF ram_40A, ram_422",0x000808
0x001000,0x422,ram_422,write,,"MOVFF ram_40A, ram_422",0x000808
0x001004,0x40B,ram_40B,read,,"MOVFF ram_40B, ram_423",0x000808
0x001004,0x423,ram_423,write,,"MOVFF ram_40B, ram_423",0x000808
0x001008,0x4F4,ram_4F4,read,,"INCF ram_4F4, W, B",0x000808
0x00100C,0x56C,ram_56C,write,,"MOVWF ram_56C, B",0x000808
0x001012,0x432,ram_432,write,,"MOVWF ram_432, B",0x000808
0x001016,0xFF6,TBLPTRL,write,,"MOVWF TBLPTRL, A",0x000808
0x00101A,0xFF7,TBLPTRH,write,,"MOVWF TBLPTRH, A",0x000808
0x00101E,0xFF5,TABLAT,read,,"MOVFF TABLAT, ram_006",0x000808
0x00101E,0x006,ram_006,write,,"MOVFF TABLAT, ram_006",0x000808
0x001024,0xFF5,TABLAT,read,,"MOVFF TABLAT, ram_007",0x000808
0x001024,0x007,ram_007,write,,"MOVFF TABLAT, ram_007",0x000808
0x001028,0x006,ram_006,read,,"MOVF ram_006, W, A",0x000808
0x00102A,0x4E8,ram_4E8,read_write,,"XORWF ram_4E8, F, B",0x000808
0x00102C,0x007,ram_007,read,,"MOVF ram_007, W, A",0x000808
0x00102E,0x4E9,ram_4E9,read_write,,"XORWF ram_4E9, F, B",0x000808
0x001032,0xFF6,TBLPTRL,write,,"MOVWF TBLPTRL, A",0x000808
0x001036,0xFF7,TBLPTRH,write,,"MOVWF TBLPTRH, A",0x000808
0x001038,0x03C,ram_03C,read,,"MOVF ram_03C, W, A",0x000808
0x00103C,0xFF5,TABLAT,read,,"ANDWF TABLAT, W, A",0x000808
0x00103E,0x452,ram_452,write,,"MOVWF ram_452, B",0x000808
0x001040,0x03D,ram_03D,read,,"MOVF ram_03D, W, A",0x000808
0x001044,0xFF5,TABLAT,read,,"ANDWF TABLAT, W, A",0x000808
0x001046,0x453,ram_453,write,,"MOVWF ram_453, B",0x000808
0x001048,0x452,ram_452,read,,"MOVF ram_452, W, B",0x000808
0x00104A,0x453,ram_453,read,,"IORWF ram_453, W, B",0x000808
0x00104E,0x40C,ram_40C,read,,"MOVFF ram_40C, ram_424",0x000808
0x00104E,0x424,ram_424,write,,"MOVFF ram_40C, ram_424",0x000808
0x001052,0x40D,ram_40D,read,,"MOVFF ram_40D, ram_425",0x000808
0x001052,0x425,ram_425,write,,"MOVFF ram_40D, ram_425",0x000808
0x001056,0x40E,ram_40E,read,,"MOVFF ram_40E, ram_426",0x000808
0x001056,0x426,ram_426,write,,"MOVFF ram_40E, ram_426",0x000808
0x00105A,0x40F,ram_40F,read,,"MOVFF ram_40F, ram_427",0x000808
0x00105A,0x427,ram_427,write,,"MOVFF ram_40F, ram_427",0x000808
0x00105E,0x4F4,ram_4F4,read,,"INCF ram_4F4, W, B",0x000808
0x001062,0x56D,ram_56D,write,,"MOVWF ram_56D, B",0x000808
0x001068,0x433,ram_433,write,,"MOVWF ram_433, B",0x000808
0x00106C,0xFF6,TBLPTRL,write,,"MOVWF TBLPTRL, A",0x000808
0x001070,0xFF7,TBLPTRH,write,,"MOVWF TBLPTRH, A",0x000808
0x001074,0xFF5,TABLAT,read,,"MOVFF TABLAT, ram_006",0x000808
0x001074,0x006,ram_006,write,,"MOVFF TABLAT, ram_006",0x000808
0x00107A,0xFF5,TABLAT,read,,"MOVFF TABLAT, ram_007",0x000808
0x00107A,0x007,ram_007,write,,"MOVFF TABLAT, ram_007",0x000808
0x00107E,0x006,ram_006,read,,"MOVF ram_006, W, A",0x000808
0x001080,0x4E8,ram_4E8,read_write,,"XORWF ram_4E8, F, B",0x000808
0x001082,0x007,ram_007,read,,"MOVF ram_007, W, A",0x000808
0x001084,0x4E9,ram_4E9,read_write,,"XORWF ram_4E9, F, B",0x000808
0x001088,0xFF6,TBLPTRL,write,,"MOVWF TBLPTRL, A",0x000808
0x00108C,0xFF7,TBLPTRH,write,,"MOVWF TBLPTRH, A",0x000808
0x00108E,0x03C,ram_03C,read,,"MOVF ram_03C, W, A",0x000808
0x001092,0xFF5,TABLAT,read,,"ANDWF TABLAT, W, A",0x000808
0x001094,0x452,ram_452,write,,"MOVWF ram_452, B",0x000808
0x001096,0x03D,ram_03D,read,,"MOVF ram_03D, W, A",0x000808
0x00109A,0xFF5,TABLAT,read,,"ANDWF TABLAT, W, A",0x000808
0x00109C,0x453,ram_453,write,,"MOVWF ram_453, B",0x000808
0x00109E,0x452,ram_452,read,,"MOVF ram_452, W, B",0x000808
0x0010A0,0x453,ram_453,read,,"IORWF ram_453, W, B",0x000808
0x0010A4,0x410,ram_410,read,,"MOVFF ram_410, ram_428",0x000808
0x0010A4,0x428,ram_428,write,,"MOVFF ram_410, ram_428",0x000808
0x0010A8,0x411,ram_411,read,,"MOVFF ram_411, ram_429",0x000808
0x0010A8,0x429,ram_429,write,,"MOVFF ram_411, ram_429",0x000808
0x0010AC,0x412,ram_412,read,,"MOVFF ram_412, ram_42A",0x000808
0x0010AC,0x42A,ram_42A,write,,"MOVFF ram_412, ram_42A",0x000808
0x0010B0,0x413,ram_413,read,,"MOVFF ram_413, ram_42B",0x000808
0x0010B0,0x42B,ram_42B,write,,"MOVFF ram_413, ram_42B",0x000808
0x0010B4,0x4F4,ram_4F4,read,,"INCF ram_4F4, W, B",0x000808
0x0010B8,0x56E,ram_56E,write,,"MOVWF ram_56E, B",0x000808
0x0010BE,0x434,ram_434,write,,"MOVWF ram_434, B",0x000808
0x0010C2,0xFF6,TBLPTRL,write,,"MOVWF TBLPTRL, A",0x000808
0x0010C6,0xFF7,TBLPTRH,write,,"MOVWF TBLPTRH, A",0x000808
0x0010CA,0xFF5,TABLAT,read,,"MOVFF TABLAT, ram_006",0x000808
0x0010CA,0x006,ram_006,write,,"MOVFF TABLAT, ram_006",0x000808
0x0010D0,0xFF5,TABLAT,read,,"MOVFF TABLAT, ram_007",0x000808
0x0010D0,0x007,ram_007,write,,"MOVFF TABLAT, ram_007",0x000808
0x0010D4,0x006,ram_006,read,,"MOVF ram_006, W, A",0x000808
0x0010D6,0x4E8,ram_4E8,read_write,,"XORWF ram_4E8, F, B",0x000808
0x0010D8,0x007,ram_007,read,,"MOVF ram_007, W, A",0x000808
0x0010DA,0x4E9,ram_4E9,read_write,,"XORWF ram_4E9, F, B",0x000808
0x0010DE,0xFF6,TBLPTRL,write,,"MOVWF TBLPTRL, A",0x000808
0x0010E2,0xFF7,TBLPTRH,write,,"MOVWF TBLPTRH, A",0x000808
0x0010E4,0x03C,ram_03C,read,,"MOVF ram_03C, W, A",0x000808
0x0010E8,0xFF5,TABLAT,read,,"ANDWF TABLAT, W, A",0x000808
0x0010EA,0x452,ram_452,write,,"MOVWF ram_452, B",0x000808
0x0010EC,0x03D,ram_03D,read,,"MOVF ram_03D, W, A",0x000808
0x0010F0,0xFF5,TABLAT,read,,"ANDWF TABLAT, W, A",0x000808
0x0010F2,0x453,ram_453,write,,"MOVWF ram_453, B",0x000808
0x0010F4,0x452,ram_452,read,,"MOVF ram_452, W, B",0x000808
0x0010F6,0x453,ram_453,read,,"IORWF ram_453, W, B",0x000808
0x0010FA,0x414,ram_414,read,,"MOVFF ram_414, ram_42C",0x000808
0x0010FA,0x42C,ram_42C,write,,"MOVFF ram_414, ram_42C",0x000808
0x0010FE,0x415,ram_415,read,,"MOVFF ram_415, ram_42D",0x000808
0x0010FE,0x42D,ram_42D,write,,"MOVFF ram_415, ram_42D",0x000808
0x001102,0x416,ram_416,read,,"MOVFF ram_416, ram_42E",0x000808
0x001102,0x42E,ram_42E,write,,"MOVFF ram_416, ram_42E",0x000808
0x001106,0x417,ram_417,read,,"MOVFF ram_417, ram_42F",0x000808
0x001106,0x42F,ram_42F,write,,"MOVFF ram_417, ram_42F",0x000808
0x00110A,0x4F4,ram_4F4,read,,"INCF ram_4F4, W, B",0x000808
0x00110E,0x56F,ram_56F,write,,"MOVWF ram_56F, B",0x000808
0x001114,0x435,ram_435,write,,"MOVWF ram_435, B",0x000808
0x001118,0xFF6,TBLPTRL,write,,"MOVWF TBLPTRL, A",0x000808
0x00111C,0xFF7,TBLPTRH,write,,"MOVWF TBLPTRH, A",0x000808
0x001120,0xFF5,TABLAT,read,,"MOVFF TABLAT, ram_006",0x000808
0x001120,0x006,ram_006,write,,"MOVFF TABLAT, ram_006",0x000808
0x001126,0xFF5,TABLAT,read,,"MOVFF TABLAT, ram_007",0x000808
0x001126,0x007,ram_007,write,,"MOVFF TABLAT, ram_007",0x000808
0x00112A,0x006,ram_006,read,,"MOVF ram_006, W, A",0x000808
0x00112C,0x4E8,ram_4E8,read_write,,"XORWF ram_4E8, F, B",0x000808
0x00112E,0x007,ram_007,read,,"MOVF ram_007, W, A",0x000808
0x001130,0x4E9,ram_4E9,read_write,,"XORWF ram_4E9, F, B",0x000808
0x001132,0x4F4,ram_4F4,read,,"MOVF ram_4F4, W, B",0x000808
0x001138,0x4F4,ram_4F4,write,,"MOVWF ram_4F4, B",0x000808
0x00113C,0x481,ram_481,read,,"MOVF ram_481, W, B",0x000808
0x00113E,0x446,ram_446,read_write,,"ADDWF ram_446, F, B",0x000808
0x001142,0x447,ram_447,read_write,,"ADDWFC ram_447, F, B",0x000808
0x001144,0x448,ram_448,read_write,,"ADDWFC ram_448, F, B",0x000808
0x001146,0x449,ram_449,read_write,,"ADDWFC ram_449, F, B",0x000808
0x001148,0x430,ram_430,read,,"MOVF ram_430, W, B",0x000808
0x00114A,0x400,ram_400,read_write,,"ADDWF ram_400, F, B",0x000808
0x00114E,0x401,ram_401,read_write,,"ADDWFC ram_401, F, B",0x000808
0x001150,0x402,ram_402,read_write,,"ADDWFC ram_402, F, B",0x000808
0x001152,0x403,ram_403,read_write,,"ADDWFC ram_403, F, B",0x000808
0x001154,0x431,ram_431,read,,"MOVF ram_431, W, B",0x000808
0x001156,0x404,ram_404,read_write,,"ADDWF ram_404, F, B",0x000808
0x00115A,0x405,ram_405,read_write,,"ADDWFC ram_405, F, B",0x000808
0x00115C,0x406,ram_406,read_write,,"ADDWFC ram_406, F, B",0x000808
0x00115E,0x407,ram_407,read_write,,"ADDWFC ram_407, F, B",0x000808
0x001160,0x432,ram_432,read,,"MOVF ram_432, W, B",0x000808
0x001162,0x408,ram_408,read_write,,"ADDWF ram_408, F, B",0x000808
0x001166,0x409,ram_409,read_write,,"ADDWFC ram_409, F, B",0x000808
0x001168,0x40A,ram_40A,read_write,,"ADDWFC ram_40A, F, B",0x000808
0x00116A,0x40B,ram_40B,read_write,,"ADDWFC ram_40B, F, B",0x000808
0x00116C,0x433,ram_433,read,,"MOVF ram_433, W, B",0x000808
0x00116E,0x40C,ram_40C,read_write,,"ADDWF ram_40C, F, B",0x000808
0x001172,0x40D,ram_40D,read_write,,"ADDWFC ram_40D, F, B",0x000808
0x001174,0x40E,ram_40E,read_write,,"ADDWFC ram_40E, F, B",0x000808
0x001176,0x40F,ram_40F,read_write,,"ADDWFC ram_40F, F, B",0x000808
0x001178,0x434,ram_434,read,,"MOVF ram_434, W, B",0x000808
0x00117A,0x410,ram_410,read_write,,"ADDWF ram_410, F, B",0x000808
0x00117E,0x411,ram_411,read_write,,"ADDWFC ram_411, F, B",0x000808
0x001180,0x412,ram_412,read_write,,"ADDWFC ram_412, F, B",0x000808
0x001182,0x413,ram_413,read_write,,"ADDWFC ram_413, F, B",0x000808
0x001184,0x435,ram_435,read,,"MOVF ram_435, W, B",0x000808
0x001186,0x414,ram_414,read_write,,"ADDWF ram_414, F, B",0x000808
0x00118A,0x415,ram_415,read_write,,"ADDWFC ram_415, F, B",0x000808
0x00118C,0x416,ram_416,read_write,,"ADDWFC ram_416, F, B",0x000808
0x00118E,0x417,ram_417,read_write,,"ADDWFC ram_417, F, B",0x000808
0x001190,0x011,ram_011,read,,"MOVFF ram_011, TABLAT",0x000808
0x001190,0xFF5,TABLAT,write,,"MOVFF ram_011, TABLAT",0x000808
0x001194,0x010,ram_010,read,,"MOVFF ram_010, TBLPTRU",0x000808
0x001194,0xFF8,TBLPTRU,write,,"MOVFF ram_010, TBLPTRU",0x000808
0x001198,0x00F,ram_00F,read,,"MOVFF ram_00F, TBLPTRH",0x000808
0x001198,0xFF7,TBLPTRH,write,,"MOVFF ram_00F, TBLPTRH",0x000808
0x00119C,0x00E,ram_00E,read,,"MOVFF ram_00E, TBLPTRL",0x000808
0x00119C,0xFF6,TBLPTRL,write,,"MOVFF ram_00E, TBLPTRL",0x000808
0x0011A0,0x00D,ram_00D,read,,"MOVFF ram_00D, PRODH",0x000808
0x0011A0,0xFF4,PRODH,write,,"MOVFF ram_00D, PRODH",0x000808
0x0011A4,0x00C,ram_00C,read,,"MOVFF ram_00C, PRODL",0x000808
0x0011A4,0xFF3,PRODL,write,,"MOVFF ram_00C, PRODL",0x000808
0x0011A8,0x00B,ram_00B,read,,"MOVFF ram_00B, FSR2H",0x000808
0x0011A8,0xFDA,FSR2H,write,,"MOVFF ram_00B, FSR2H",0x000808
0x0011AC,0x00A,ram_00A,read,,"MOVFF ram_00A, FSR2L",0x000808
0x0011AC,0xFD9,FSR2L,write,,"MOVFF ram_00A, FSR2L",0x000808
0x0011B0,0x009,ram_009,read,,"MOVFF ram_009, FSR1H",0x000808
0x0011B0,0xFE2,FSR1H,write,,"MOVFF ram_009, FSR1H",0x000808
0x0011B4,0x008,ram_008,read,,"MOVFF ram_008, FSR1L",0x000808
0x0011B4,0xFE1,FSR1L,write,,"MOVFF ram_008, FSR1L",0x000808
0x0011B8,0x04E,ram_04E,read_write,1,"BCF ram_04E, 1, A",0x000808
0x0011E0,0xFDE,POSTINC2,write,,"CLRF POSTINC2, A",0x0011C0
0x0011E2,0xFE8,WREG,read_write,,"DECF WREG, F, A",0x0011C0
0x0011F2,0xF82,PORTC,read,2,"BTFSC PORTC, 2, A",0x0011C0
0x0011FA,0xF82,PORTC,read,5,"BTFSC PORTC, 5, A",0x0011C0
0x001202,0xF83,PORTD,read,7,"BTFSC PORTD, 7, A",0x0011C0
0x00120A,0xF82,PORTC,read,1,"BTFSC PORTC, 1, A",0x0011C0
0x001212,0xF82,PORTC,read,6,"BTFSC PORTC, 6, A",0x0011C0
0x00121A,0xF83,PORTD,read,6,"BTFSC PORTD, 6, A",0x0011C0
0x001222,0xF82,PORTC,read,0,"BTFSC PORTC, 0, A",0x0011C0
0x00122A,0xF84,PORTE,read,2,"BTFSC PORTE, 2, A",0x0011C0
0x001240,0xFF3,PRODL,read,,"ADDWF PRODL, W, A",0x0011C0
0x001242,0xFD9,FSR2L,write,,"MOVWF FSR2L, A",0x0011C0
0x001246,0xFF4,PRODH,read,,"ADDWFC PRODH, W, A",0x0011C0
0x001248,0xFDA,FSR2H,write,,"MOVWF FSR2H, A",0x0011C0
0x00124A,0xFDE,POSTINC2,read,,"MOVF POSTINC2, W, A",0x0011C0
0x00124C,0xFDE,POSTINC2,read,,"IORWF POSTINC2, W, A",0x0011C0
0x001254,0xFD9,FSR2L,write,,"MOVWF FSR2L, A",0x0011C0
0x001256,0xFDA,FSR2H,write,,"CLRF FSR2H, A",0x0011C0
0x00125A,0xFDA,FSR2H,read_write,,"ADDWFC FSR2H, F, A",0x0011C0
0x001260,0xFE1,FSR1L,write,,"MOVWF FSR1L, A",0x0011C0
0x001262,0xFE2,FSR1H,write,,"CLRF FSR1H, A",0x0011C0
0x001264,0xFDF,INDF2,read,,"MOVFF INDF2, INDF1",0x0011C0
0x001264,0xFE7,INDF1,write,,"MOVFF INDF2, INDF1",0x0011C0
0x00126E,0xFF3,PRODL,read,,"ADDWF PRODL, W, A",0x0011C0
0x001270,0xFD9,FSR2L,write,,"MOVWF FSR2L, A",0x0011C0
0x001274,0xFF4,PRODH,read,,"ADDWFC PRODH, W, A",0x0011C0
0x001276,0xFDA,FSR2H,write,,"MOVWF FSR2H, A",0x0011C0
0x001278,0xFDE,POSTINC2,read_write,,"INCF POSTINC2, F, A",0x0011C0
0x00127C,0xFDD,POSTDEC2,read_write,,"ADDWFC POSTDEC2, F, A",0x0011C0
0x00128A,0xFF3,PRODL,read,,"ADDWF PRODL, W, A",0x0011C0
0x00128C,0xFD9,FSR2L,write,,"MOVWF FSR2L, A",0x0011C0
0x001290,0xFF4,PRODH,read,,"ADDWFC PRODH, W, A",0x0011C0
0x001292,0xFDA,FSR2H,write,,"MOVWF FSR2H, A",0x0011C0
0x001296,0xFDE,POSTINC2,read,,"SUBWF POSTINC2, W, A",0x0011C0
0x00129A,0xFDE,POSTINC2,read,,"SUBWFB POSTINC2, W, A",0x0011C0
0x0012A4,0xFF3,PRODL,read,,"ADDWF PRODL, W, A",0x0011C0
0x0012A6,0xFD9,FSR2L,write,,"MOVWF FSR2L, A",0x0011C0
0x0012AA,0xFF4,PRODH,read,,"ADDWFC PRODH, W, A",0x0011C0
0x0012AC,0xFDA,FSR2H,write,,"MOVWF FSR2H, A",0x0011C0
0x0012AE,0xFDE,POSTINC2,write,,"CLRF POSTINC2, A",0x0011C0
0x0012B0,0xFDD,POSTDEC2,write,,"CLRF POSTDEC2, A",0x0011C0
0x0012B6,0xFD9,FSR2L,write,,"MOVWF FSR2L, A",0x0011C0
0x0012B8,0xFDA,FSR2H,write,,"CLRF FSR2H, A",0x0011C0
0x0012BA,0xFDF,INDF2,read,,"MOVF INDF2, W, A",0x0011C0
0x0012C2,0xFD9,FSR2L,write,,"MOVWF FSR2L, A",0x0011C0
0x0012C4,0xFDA,FSR2H,write,,"CLRF FSR2H, A",0x0011C0
0x0012C8,0xFDA,FSR2H,read_write,,"ADDWFC FSR2H, F, A",0x0011C0
0x0012CA,0xFDF,INDF2,read,,"MOVF INDF2, W, A",0x0011C0
0x0012D4,0xFF3,PRODL,read,,"ADDWF PRODL, W, A",0x0011C0
0x0012D6,0xFD9,FSR2L,write,,"MOVWF FSR2L, A",0x0011C0
0x0012DA,0xFF4,PRODH,read,,"ADDWFC PRODH, W, A",0x0011C0
0x0012DC,0xFDA,FSR2H,write,,"MOVWF FSR2H, A",0x0011C0
0x0012E0,0xFDE,POSTINC2,write,,"MOVWF POSTINC2, A",0x0011C0
0x0012E2,0xFDD,POSTDEC2,write,,"CLRF POSTDEC2, A",0x0011C0
0x0012EE,0xFD9,FSR2L,write,,"MOVWF FSR2L, A",0x0011C0
0x0012F0,0xFDA,FSR2H,write,,"CLRF FSR2H, A",0x0011C0
0x0012F2,0xFDF,INDF2,read,,"MOVF INDF2, W, A",0x0011C0
0x0012FC,0x668,ram_668,read,,"MOVF ram_668, W, B",0x0011C0
0x0012FE,0x669,ram_669,read,,"IORWF ram_669, W, B",0x0011C0
0x001302,0x66A,ram_66A,read,,"MOVF ram_66A, W, B",0x0011C0
0x001304,0x66B,ram_66B,read,,"IORWF ram_66B, W, B",0x0011C0
0x00130A,0x08F,ram_08F,read,,"MOVF ram_08F, W, B",0x0011C0
0x001312,0x474,ram_474,write,,"MOVWF ram_474, B",0x0011C0
0x001316,0x090,ram_090,read,,"MOVF ram_090, W, B",0x0011C0
0x00131E,0x473,ram_473,write,,"MOVWF ram_473, B",0x0011C0
0x001322,0x474,ram_474,read,,"MOVF ram_474, W, B",0x0011C0
0x001326,0x473,ram_473,read,,"MOVF ram_473, W, B",0x0011C0
0x00132E,0x0B4,ram_0B4,read,,"ADDWF ram_0B4, W, B",0x0011C0
0x001330,0xFD9,FSR2L,write,,"MOVWF FSR2L, A",0x0011C0
0x001332,0xFDA,FSR2H,write,,"CLRF FSR2H, A",0x0011C0
0x001336,0xFDA,FSR2H,read_write,,"ADDWFC FSR2H, F, A",0x0011C0
0x00133A,0xFDF,INDF2,write,,"MOVWF INDF2, A",0x0011C0
0x001340,0x0B4,ram_0B4,read,,"CPFSGT ram_0B4, B",0x0011C0
0x001344,0x0B4,ram_0B4,read,,"MOVF ram_0B4, W, B",0x0011C0
0x001348,0xFD9,FSR2L,write,,"MOVWF FSR2L, A",0x0011C0
0x00134A,0xFDA,FSR2H,write,,"CLRF FSR2H, A",0x0011C0
0x00134C,0xFDF,INDF2,read,,"MOVF INDF2, W, A",0x0011C0
0x001350,0x084,ram_084,read,,"MOVF ram_084, W, B",0x0011C0
0x001352,0x092,ram_092,read_write,,"IORWF ram_092, F, B",0x0011C0
0x001354,0xFD8,STATUS,read_write,0,"BCF STATUS, 0, A",0x0011C0
0x001356,0x084,ram_084,read_write,,"RLCF ram_084, F, B",0x0011C0
0x001358,0x0B4,ram_0B4,read,,"MOVF ram_0B4, W, B",0x0011C0
0x00135C,0xFD9,FSR2L,write,,"MOVWF FSR2L, A",0x0011C0
0x00135E,0xFDA,FSR2H,write,,"CLRF FSR2H, A",0x0011C0
0x001362,0x0B4,ram_0B4,read,,"ADDWF ram_0B4, W, B",0x0011C0
0x001364,0xFE1,FSR1L,write,,"MOVWF FSR1L, A",0x0011C0
0x001366,0xFE2,FSR1H,write,,"CLRF FSR1H, A",0x0011C0
0x00136A,0xFE2,FSR1H,read_write,,"ADDWFC FSR1H, F, A",0x0011C0
0x00136C,0xFDF,INDF2,read,,"MOVFF INDF2, INDF1",0x0011C0
0x00136C,0xFE7,INDF1,write,,"MOVFF INDF2, INDF1",0x0011C0
0x001370,0xFD8,STATUS,read_write,0,"BCF STATUS, 0, A",0x0011C0
0x001372,0x0AC,ram_0AC,read_write,,"RLCF ram_0AC, F, B",0x0011C0
0x001376,0x0B4,ram_0B4,read,,"CPFSLT ram_0B4, B",0x0011C0
0x00137C,0x0B4,ram_0B4,read,,"ADDWF ram_0B4, W, B",0x0011C0
0x00137E,0xFD9,FSR2L,write,,"MOVWF FSR2L, A",0x0011C0
0x001380,0xFDA,FSR2H,write,,"CLRF FSR2H, A",0x0011C0
0x001384,0xFDA,FSR2H,read_write,,"ADDWFC FSR2H, F, A",0x0011C0
0x001386,0xFDF,INDF2,read,,"MOVF INDF2, W, A",0x0011C0
0x00138A,0x0B4,ram_0B4,read,,"MOVF ram_0B4, W, B",0x0011C0
0x001390,0xFF3,PRODL,read,,"ADDWF PRODL, W, A",0x0011C0
0x001392,0xFD9,FSR2L,write,,"MOVWF FSR2L, A",0x0011C0
0x001396,0xFF4,PRODH,read,,"ADDWFC PRODH, W, A",0x0011C0
0x001398,0xFDA,FSR2H,write,,"MOVWF FSR2H, A",0x0011C0
0x00139A,0xFDE,POSTINC2,read,,"MOVF POSTINC2, W, A",0x0011C0
0x00139C,0xFDE,POSTINC2,read,,"IORWF POSTINC2, W, A",0x0011C0
0x00139E,0xFDE,POSTINC2,read,,"IORWF POSTINC2, W, A",0x0011C0
0x0013A0,0xFDE,POSTINC2,read,,"IORWF POSTINC2, W, A",0x0011C0
0x0013A6,0x0B4,ram_0B4,read,,"ADDWF ram_0B4, W, B",0x0011C0
0x0013A8,0xFD9,FSR2L,write,,"MOVWF FSR2L, A",0x0011C0
0x0013AA,0xFDA,FSR2H,write,,"CLRF FSR2H, A",0x0011C0
0x0013AE,0xFDA,FSR2H,read_write,,"ADDWFC FSR2H, F, A",0x0011C0
0x0013B0,0xFDF,INDF2,read,,"MOVF INDF2, W, A",0x0011C0
0x0013B4,0x0B4,ram_0B4,read,,"MOVF ram_0B4, W, B",0x0011C0
0x0013B8,0xFD9,FSR2L,write,,"MOVWF FSR2L, A",0x0011C0
0x0013BA,0xFDA,FSR2H,write,,"CLRF FSR2H, A",0x0011C0
0x0013BE,0xFDF,INDF2,write,,"MOVWF INDF2, A",0x0011C0
0x0013C0,0x0B4,ram_0B4,read_write,,"INCF ram_0B4, F, B",0x0011C0
0x0013CA,0x666,ram_666,read,,"MOVF ram_666, W, B",0x0011C0
0x0013CC,0x667,ram_667,read,,"IORWF ram_667, W, B",0x0011C0
0x0013D2,0x471,ram_471,write,,"CLRF ram_471, B",0x0011C0
0x0013D6,0x0A7,ram_0A7,read,,"MOVF ram_0A7, W, B",0x0011C0
0x0013DA,0x46E,ram_46E,read,,"ANDWF ram_46E, W, B",0x0011C0
0x0013DE,0x0AD,ram_0AD,write,,"MOVWF ram_0AD, B",0x0011C0
0x0013E0,0x0A7,ram_0A7,read,,"MOVF ram_0A7, W, B",0x0011C0
0x0013E2,0x0AD,ram_0AD,read_write,,"XORWF ram_0AD, F, B",0x0011C0
0x0013E4,0x0A7,ram_0A7,read,,"MOVFF ram_0A7, ram_46E",0x0011C0
0x0013E4,0x46E,ram_46E,write,,"MOVFF ram_0A7, ram_46E",0x0011C0
0x0013EA,0x091,ram_091,write,,"MOVWF ram_091, B",0x0011C0
0x0013EC,0x0AA,ram_0AA,write,,"CLRF ram_0AA, B",0x0011C0
0x0013F0,0x0AA,ram_0AA,read,,"XORWF ram_0AA, W, B",0x0011C0
0x0013F4,0x091,ram_091,read_write,,"DECF ram_091, F, B",0x0011C0
0x0013F6,0x0AA,ram_0AA,read,,"MOVF ram_0AA, W, B",0x0011C0
0x0013FA,0xFD9,FSR2L,write,,"MOVWF FSR2L, A",0x0011C0
0x0013FC,0xFDA,FSR2H,write,,"CLRF FSR2H, A",0x0011C0
0x0013FE,0xFDF,INDF2,read,,"MOVF INDF2, W, A",0x0011C0
0x001402,0x0AA,ram_0AA,read,,"MOVF ram_0AA, W, B",0x0011C0
0x001406,0xFD9,FSR2L,write,,"MOVWF FSR2L, A",0x0011C0
0x001408,0xFDA,FSR2H,write,,"CLRF FSR2H, A",0x0011C0
0x00140A,0xFDF,INDF2,read,,"MOVF INDF2, W, A",0x0011C0
0x001410,0x0AA,ram_0AA,read,,"ADDWF ram_0AA, W, B",0x0011C0
0x001412,0xFD9,FSR2L,write,,"MOVWF FSR2L, A",0x0011C0
0x001414,0xFDA,FSR2H,write,,"CLRF FSR2H, A",0x0011C0
0x001418,0xFDA,FSR2H,read_write,,"ADDWFC FSR2H, F, A",0x0011C0
0x00141A,0xFDF,INDF2,read,,"MOVF INDF2, W, A",0x0011C0
0x001420,0x0AA,ram_0AA,read,,"ADDWF ram_0AA, W, B",0x0011C0
0x001422,0xFD9,FSR2L,write,,"MOVWF FSR2L, A",0x0011C0
0x001424,0xFDA,FSR2H,write,,"CLRF FSR2H, A",0x0011C0
0x001428,0xFDA,FSR2H,read_write,,"ADDWFC FSR2H, F, A",0x0011C0
0x00142C,0xFDF,INDF2,write,,"MOVWF INDF2, A",0x0011C0
0x001432,0x0AA,ram_0AA,read,,"ADDWF ram_0AA, W, B",0x0011C0
0x001434,0xFD9,FSR2L,write,,"MOVWF FSR2L, A",0x0011C0
0x001436,0xFDA,FSR2H,write,,"CLRF FSR2H, A",0x0011C0
0x00143A,0xFDA,FSR2H,read_write,,"ADDWFC FSR2H, F, A",0x0011C0
0x00143C,0xFDF,INDF2,write,,"CLRF INDF2, A",0x0011C0
0x00143E,0x091,ram_091,read,,"MOVF ram_091, W, B",0x0011C0
0x001442,0xFD9,FSR2L,write,,"MOVWF FSR2L, A",0x0011C0
0x001444,0xFDA,FSR2H,write,,"CLRF FSR2H, A",0x0011C0
0x001446,0xFDF,INDF2,read,,"MOVF INDF2, W, A",0x0011C0
0x00144A,0x091,ram_091,read,,"MOVF ram_091, W, B",0x0011C0
0x00144E,0xFD9,FSR2L,write,,"MOVWF FSR2L, A",0x0011C0
0x001450,0xFDA,FSR2H,write,,"CLRF FSR2H, A",0x0011C0
0x001452,0xFDF,INDF2,read,,"MOVF INDF2, W, A",0x0011C0
0x001458,0x091,ram_091,read,,"ADDWF ram_091, W, B",0x0011C0
0x00145A,0xFD9,FSR2L,write,,"MOVWF FSR2L, A",0x0011C0
0x00145C,0xFDA,FSR2H,write,,"CLRF FSR2H, A",0x0011C0
0x001460,0xFDA,FSR2H,read_write,,"ADDWFC FSR2H, F, A",0x0011C0
0x001462,0xFDF,INDF2,read,,"MOVF INDF2, W, A",0x0011C0
0x001468,0x0AA,ram_0AA,read,,"ADDWF ram_0AA, W, B",0x0011C0
0x00146A,0xFD9,FSR2L,write,,"MOVWF FSR2L, A",0x0011C0
0x00146C,0xFDA,FSR2H,write,,"CLRF FSR2H, A",0x0011C0
0x001470,0xFDA,FSR2H,read_write,,"ADDWFC FSR2H, F, A",0x0011C0
0x001474,0xFDF,INDF2,write,,"MOVWF INDF2, A",0x0011C0
0x00147A,0x0AA,ram_0AA,read,,"ADDWF ram_0AA, W, B",0x0011C0
0x00147C,0xFD9,FSR2L,write,,"MOVWF FSR2L, A",0x0011C0
0x00147E,0xFDA,FSR2H,write,,"CLRF FSR2H, A",0x0011C0
0x001482,0xFDA,FSR2H,read_write,,"ADDWFC FSR2H, F, A",0x0011C0
0x001484,0xFDF,INDF2,write,,"CLRF INDF2, A",0x0011C0
0x001486,0x0AA,ram_0AA,read_write,,"INCF ram_0AA, F, B",0x0011C0
0x00148C,0x597,ram_597,read,,"MOVF ram_597, W, B",0x0011C0
0x00148E,0x598,ram_598,read,,"IORWF ram_598, W, B",0x0011C0
0x001492,0x0A7,ram_0A7,read,,"MOVFF ram_0A7, ram_012",0x0011C0
0x001492,0x012,ram_012,write,,"MOVFF ram_0A7, ram_012",0x0011C0
0x001498,0x092,ram_092,read,,"MOVF ram_092, W, B",0x0011C0
0x0014A0,0x087,ram_087,write,,"MOVWF ram_087, B",0x0011C0
0x0014A4,0x479,ram_479,read,,"MOVFF ram_479, ram_087",0x0011C0
0x0014A4,0x087,ram_087,write,,"MOVFF ram_479, ram_087",0x0011C0
0x0014A8,0x597,ram_597,read_write,,"INFSNZ ram_597, F, B",0x0011C0
0x0014AA,0x598,ram_598,read_write,,"INCF ram_598, F, B",0x0011C0
0x0014AE,0x082,ram_082,read,,"MOVF ram_082, W, B",0x0011C0
0x0014B0,0x077,ram_077,write,,"MOVWF ram_077, B",0x0011C0
0x0014B2,0x078,ram_078,write,,"CLRF ram_078, B",0x0011C0
0x0014B6,0x597,ram_597,read,,"MOVF ram_597, W, B",0x0011C0
0x0014BA,0x077,ram_077,read,,"SUBWF ram_077, W, B",0x0011C0
0x0014BE,0x598,ram_598,read,,"MOVF ram_598, W, B",0x0011C0
0x0014C2,0x078,ram_078,read,,"SUBWFB ram_078, W, B",0x0011C0
0x0014C8,0x597,ram_597,write,,"CLRF ram_597, B",0x0011C0
0x0014CA,0x598,ram_598,write,,"CLRF ram_598, B",0x0011C0
0x0014CE,0x490,ram_490,write,,"CLRF ram_490, B",0x0011C0
0x0014D0,0x48C,ram_48C,write,,"CLRF ram_48C, B",0x0011C0
0x0014D2,0x491,ram_491,write,,"CLRF ram_491, B",0x0011C0
0x0014D4,0x492,ram_492,write,,"CLRF ram_492, B",0x0011C0
0x0014D6,0x489,ram_489,write,,"CLRF ram_489, B",0x0011C0
0x0014D8,0x48F,ram_48F,write,,"CLRF ram_48F, B",0x0011C0
0x0014DA,0x48E,ram_48E,write,,"CLRF ram_48E, B",0x0011C0
0x0014DE,0x4F2,ram_4F2,write,,"MOVWF ram_4F2, B",0x0011C0
0x0014E2,0x0AB,ram_0AB,write,,"CLRF ram_0AB, B",0x0011C0
0x0014E4,0x094,ram_094,write,,"CLRF ram_094, B",0x0011C0
0x0014E8,0x094,ram_094,read,,"XORWF ram_094, W, B",0x0011C0
0x0014EE,0x094,ram_094,read,,"MOVF ram_094, W, B",0x0011C0
0x0014F2,0xFD9,FSR2L,write,,"MOVWF FSR2L, A",0x0011C0
0x0014F4,0xFDA,FSR2H,write,,"CLRF FSR2H, A",0x0011C0
0x0014F6,0xFDF,INDF2,read,,"MOVF INDF2, W, A",0x0011C0
0x0014FC,0x094,ram_094,read,,"ADDWF ram_094, W, B",0x0011C0
0x0014FE,0xFD9,FSR2L,write,,"MOVWF FSR2L, A",0x0011C0
0x001500,0xFDA,FSR2H,write,,"CLRF FSR2H, A",0x0011C0
0x001504,0xFDA,FSR2H,read_write,,"ADDWFC FSR2H, F, A",0x0011C0
0x001508,0xFDF,INDF2,write,,"MOVWF INDF2, A",0x0011C0
0x00150A,0x094,ram_094,read_write,,"INCF ram_094, F, B",0x0011C0
0x001512,0x470,ram_470,write,,"MOVWF ram_470, B",0x0011C0
0x00151A,0x492,ram_492,write,,"MOVWF ram_492, B",0x0011C0
0x001520,0x46F,ram_46F,write,,"MOVWF ram_46F, B",0x0011C0
0x001526,0x479,ram_479,read,,"MOVF ram_479, W, B",0x0011C0
0x00152A,0x077,ram_077,write,,"MOVWF ram_077, B",0x0011C0
0x00152C,0x078,ram_078,write,,"CLRF ram_078, B",0x0011C0
0x00152E,0x078,ram_078,read,,"MOVF ram_078, W, B",0x0011C0
0x001532,0x077,ram_077,read,,"MOVF ram_077, W, B",0x0011C0
0x001546,0x476,ram_476,write,,"CLRF ram_476, B",0x0011C0
0x001548,0x477,ram_477,write,,"CLRF ram_477, B",0x0011C0
0x00154A,0x478,ram_478,write,,"CLRF ram_478, B",0x0011C0
0x00154C,0x48B,ram_48B,write,,"CLRF ram_48B, B",0x0011C0
0x00154E,0x475,ram_475,read,,"MOVF ram_475, W, B",0x0011C0
0x001554,0x475,ram_475,write,,"CLRF ram_475, B",0x0011C0
0x00155C,0x490,ram_490,write,,"MOVWF ram_490, B",0x0011C0
0x001560,0x4F2,ram_4F2,write,,"CLRF ram_4F2, B",0x0011C0
0x00156C,0x492,ram_492,write,,"MOVWF ram_492, B",0x0011C0
0x001574,0x489,ram_489,write,,"MOVWF ram_489, B",0x0011C0
0x00157C,0x48F,ram_48F,write,,"MOVWF ram_48F, B",0x0011C0
0x001584,0x48E,ram_48E,write,,"MOVWF ram_48E, B",0x0011C0
0x001588,0x088,ram_088,write,,"CLRF ram_088, B",0x0011C0
0x00158C,0x088,ram_088,read,,"XORWF ram_088, W, B",0x0011C0
0x001594,0x088,ram_088,read,,"ADDWF ram_088, W, B",0x0011C0
0x001596,0xFD9,FSR2L,write,,"MOVWF FSR2L, A",0x0011C0
0x001598,0xFDA,FSR2H,write,,"CLRF FSR2H, A",0x0011C0
0x00159C,0xFDA,FSR2H,read_write,,"ADDWFC FSR2H, F, A",0x0011C0
0x0015A0,0xFDF,INDF2,write,,"MOVWF INDF2, A",0x0011C0
0x0015A2,0x088,ram_088,read_write,,"INCF ram_088, F, B",0x0011C0
0x0015A8,0x5A2,ram_5A2,write,,"CLRF ram_5A2, B",0x0011C0
0x0015AC,0x5A1,ram_5A1,write,,"MOVWF ram_5A1, B",0x0011C0
0x0015B2,0x5A0,ram_5A0,write,,"CLRF ram_5A0, B",0x0011C0
0x0015B6,0x59F,ram_59F,write,,"MOVWF ram_59F, B",0x0011C0
0x0015BC,0x092,ram_092,read,,"XORWF ram_092, W, B",0x0011C0
0x0015C4,0x491,ram_491,write,,"MOVWF ram_491, B",0x0011C0
0x0015CA,0x0AB,ram_0AB,read_write,,"ADDWF ram_0AB, F, B",0x0011C0
0x0015CC,0x0AB,ram_0AB,read_write,,"INCF ram_0AB, F, B",0x0011C0
0x0015CE,0x03E,ram_03E,read,,"MOVF ram_03E, W, A",0x0011C0
0x0015D6,0x0AE,ram_0AE,write,,"CLRF ram_0AE, B",0x0011C0
0x0015DA,0x0AE,ram_0AE,read,,"XORWF ram_0AE, W, B",0x0011C0
0x0015E0,0x0AE,ram_0AE,read,,"MOVF ram_0AE, W, B",0x0011C0
0x0015E4,0xFD9,FSR2L,write,,"MOVWF FSR2L, A",0x0011C0
0x0015E6,0xFDA,FSR2H,write,,"CLRF FSR2H, A",0x0011C0
0x0015E8,0xFDF,INDF2,read,,"MOVF INDF2, W, A",0x0011C0
0x0015EE,0x0AE,ram_0AE,read,,"ADDWF ram_0AE, W, B",0x0011C0
0x0015F0,0xFD9,FSR2L,write,,"MOVWF FSR2L, A",0x0011C0
0x0015F2,0xFDA,FSR2H,write,,"CLRF FSR2H, A",0x0011C0
0x0015F6,0xFDA,FSR2H,read_write,,"ADDWFC FSR2H, F, A",0x0011C0
0x0015F8,0xFDF,INDF2,read,,"MOVF INDF2, W, A",0x0011C0
0x0015FE,0x0AE,ram_0AE,read,,"ADDWF ram_0AE, W, B",0x0011C0
0x001600,0xFD9,FSR2L,write,,"MOVWF FSR2L, A",0x0011C0
0x001602,0xFDA,FSR2H,write,,"CLRF FSR2H, A",0x0011C0
0x001606,0xFDA,FSR2H,read_write,,"ADDWFC FSR2H, F, A",0x0011C0
0x001608,0x0AB,ram_0AB,read,,"MOVF ram_0AB, W, B",0x0011C0
0x00160A,0xFDE,POSTINC2,read,,"SUBWF POSTINC2, W, A",0x0011C0
0x001610,0x0AE,ram_0AE,read,,"ADDWF ram_0AE, W, B",0x0011C0
0x001612,0xFD9,FSR2L,write,,"MOVWF FSR2L, A",0x0011C0
0x001614,0xFDA,FSR2H,write,,"CLRF FSR2H, A",0x0011C0
0x001618,0xFDA,FSR2H,read_write,,"ADDWFC FSR2H, F, A",0x0011C0
0x00161A,0x0AB,ram_0AB,read,,"MOVF ram_0AB, W, B",0x0011C0
0x00161C,0xFDF,INDF2,read_write,,"SUBWF INDF2, F, A",0x0011C0
0x001622,0x0AE,ram_0AE,read,,"ADDWF ram_0AE, W, B",0x0011C0
0x001624,0xFD9,FSR2L,write,,"MOVWF FSR2L, A",0x0011C0
0x001626,0xFDA,FSR2H,write,,"CLRF FSR2H, A",0x0011C0
0x00162A,0xFDA,FSR2H,read_write,,"ADDWFC FSR2H, F, A",0x0011C0
0x00162E,0x0AE,ram_0AE,read,,"ADDWF ram_0AE, W, B",0x0011C0
0x001630,0xFE1,FSR1L,write,,"MOVWF FSR1L, A",0x0011C0
0x001632,0xFE2,FSR1H,write,,"CLRF FSR1H, A",0x0011C0
0x001636,0xFE2,FSR1H,read_write,,"ADDWFC FSR1H, F, A",0x0011C0
0x001638,0xFE7,INDF1,read,,"MOVF INDF1, W, A",0x0011C0
0x00163A,0x077,ram_077,write,,"MOVWF ram_077, B",0x0011C0
0x00163C,0x0AB,ram_0AB,read,,"MOVF ram_0AB, W, B",0x0011C0
0x00163E,0x077,ram_077,read,,"SUBWF ram_077, W, B",0x0011C0
0x001642,0xFDF,INDF2,write,,"MOVWF INDF2, A",0x0011C0
0x001646,0x0AE,ram_0AE,read,,"ADDWF ram_0AE, W, B",0x0011C0
0x001648,0xFD9,FSR2L,write,,"MOVWF FSR2L, A",0x0011C0
0x00164A,0xFDA,FSR2H,write,,"CLRF FSR2H, A",0x0011C0
0x00164E,0xFDA,FSR2H,read_write,,"ADDWFC FSR2H, F, A",0x0011C0
0x001652,0xFDF,INDF2,write,,"MOVWF INDF2, A",0x0011C0
0x001656,0x0AE,ram_0AE,read,,"ADDWF ram_0AE, W, B",0x0011C0
0x001658,0xFD9,FSR2L,write,,"MOVWF FSR2L, A",0x0011C0
0x00165A,0xFDA,FSR2H,write,,"CLRF FSR2H, A",0x0011C0
0x00165E,0xFDA,FSR2H,read_write,,"ADDWFC FSR2H, F, A",0x0011C0
0x001660,0xFDF,INDF2,write,,"CLRF INDF2, A",0x0011C0
0x001662,0x012,ram_012,write,,"CLRF ram_012, A",0x0011C0
0x001670,0x095,ram_095,write,,"CLRF ram_095, B",0x0011C0
0x001672,0x096,ram_096,write,,"CLRF ram_096, B",0x0011C0
0x001676,0x095,ram_095,read,,"XORWF ram_095, W, B",0x0011C0
0x001678,0x096,ram_096,read,,"IORWF ram_096, W, B",0x0011C0
0x00167C,0x095,ram_095,read,,"MOVFF ram_095, ram_012",0x0011C0
0x00167C,0x012,ram_012,write,,"MOVFF ram_095, ram_012",0x0011C0
0x00168E,0x0AE,ram_0AE,read,,"ADDWF ram_0AE, W, B",0x0011C0
0x001690,0xFD9,FSR2L,write,,"MOVWF FSR2L, A",0x0011C0
0x001692,0xFDA,FSR2H,write,,"CLRF FSR2H, A",0x0011C0
0x001696,0xFDA,FSR2H,read_write,,"ADDWFC FSR2H, F, A",0x0011C0
0x00169A,0x095,ram_095,read,,"MULWF ram_095, B",0x0011C0
0x00169C,0xFF3,PRODL,read,,"MOVFF PRODL, ram_077",0x0011C0
0x00169C,0x077,ram_077,write,,"MOVFF PRODL, ram_077",0x0011C0
0x0016A0,0xFF4,PRODH,read,,"MOVFF PRODH, ram_078",0x0011C0
0x0016A0,0x078,ram_078,write,,"MOVFF PRODH, ram_078",0x0011C0
0x0016A4,0x096,ram_096,read,,"MULWF ram_096, B",0x0011C0
0x0016A6,0xFF3,PRODL,read,,"MOVF PRODL, W, A",0x0011C0
0x0016A8,0x078,ram_078,read_write,,"ADDWF ram_078, F, B",0x0011C0
0x0016AC,0x079,ram_079,write,,"MOVWF ram_079, B",0x0011C0
0x0016B0,0x07A,ram_07A,write,,"MOVWF ram_07A, B",0x0011C0
0x0016B2,0x077,ram_077,read,,"MOVF ram_077, W, B",0x0011C0
0x0016B4,0x079,ram_079,read_write,,"ADDWF ram_079, F, B",0x0011C0
0x0016B6,0x078,ram_078,read,,"MOVF ram_078, W, B",0x0011C0
0x0016B8,0x07A,ram_07A,read_write,,"ADDWFC ram_07A, F, B",0x0011C0
0x0016BA,0x0AE,ram_0AE,read,,"MOVF ram_0AE, W, B",0x0011C0
0x0016BC,0x079,ram_079,read,,"ADDWF ram_079, W, B",0x0011C0
0x0016BE,0xFE1,FSR1L,write,,"MOVWF FSR1L, A",0x0011C0
0x0016C2,0x07A,ram_07A,read,,"ADDWFC ram_07A, W, B",0x0011C0
0x0016C4,0xFE2,FSR1H,write,,"MOVWF FSR1H, A",0x0011C0
0x0016C6,0xFDF,INDF2,read,,"MOVFF INDF2, INDF1",0x0011C0
0x0016C6,0xFE7,INDF1,write,,"MOVFF INDF2, INDF1",0x0011C0
0x0016CA,0x095,ram_095,read,,"MOVF ram_095, W, B",0x0011C0
0x0016D2,0x095,ram_095,read_write,,"INFSNZ ram_095, F, B",0x0011C0
0x0016D4,0x096,ram_096,read_write,,"INCF ram_096, F, B",0x0011C0
0x0016DA,0x0AE,ram_0AE,read_write,,"INCF ram_0AE, F, B",0x0011C0
0x0016E0,0x5A2,ram_5A2,write,,"CLRF ram_5A2, B",0x0011C0
0x0016E4,0x5A1,ram_5A1,write,,"MOVWF ram_5A1, B",0x0011C0
0x0016EA,0x0AB,ram_0AB,read_write,,"ADDWF ram_0AB, F, B",0x0011C0
0x0016EC,0x0AB,ram_0AB,read_write,,"INCF ram_0AB, F, B",0x0011C0
0x0016EE,0x03E,ram_03E,read,,"MOVF ram_03E, W, A",0x0011C0
0x0016F6,0x0AF,ram_0AF,write,,"CLRF ram_0AF, B",0x0011C0
0x0016FA,0x0AF,ram_0AF,read,,"XORWF ram_0AF, W, B",0x0011C0
0x001700,0x0AF,ram_0AF,read,,"MOVF ram_0AF, W, B",0x0011C0
0x001704,0xFD9,FSR2L,write,,"MOVWF FSR2L, A",0x0011C0
0x001706,0xFDA,FSR2H,write,,"CLRF FSR2H, A",0x0011C0
0x001708,0xFDF,INDF2,read,,"MOVF INDF2, W, A",0x0011C0
0x001710,0x0AF,ram_0AF,read,,"ADDWF ram_0AF, W, B",0x0011C0
0x001712,0xFD9,FSR2L,write,,"MOVWF FSR2L, A",0x0011C0
0x001714,0xFDA,FSR2H,write,,"CLRF FSR2H, A",0x0011C0
0x001718,0xFDA,FSR2H,read_write,,"ADDWFC FSR2H, F, A",0x0011C0
0x00171A,0xFDF,INDF2,read,,"MOVF INDF2, W, A",0x0011C0
0x001720,0x077,ram_077,write,,"MOVWF ram_077, B",0x0011C0
0x001722,0x078,ram_078,write,,"CLRF ram_078, B",0x0011C0
0x001724,0x0AB,ram_0AB,read,,"MOVF ram_0AB, W, B",0x0011C0
0x001726,0x077,ram_077,read_write,,"SUBWF ram_077, F, B",0x0011C0
0x00172A,0x078,ram_078,read_write,,"SUBWFB ram_078, F, B",0x0011C0
0x00172E,0x0AF,ram_0AF,read,,"ADDWF ram_0AF, W, B",0x0011C0
0x001730,0xFD9,FSR2L,write,,"MOVWF FSR2L, A",0x0011C0
0x001732,0xFDA,FSR2H,write,,"CLRF FSR2H, A",0x0011C0
0x001736,0xFDA,FSR2H,read_write,,"ADDWFC FSR2H, F, A",0x0011C0
0x001738,0xFDF,INDF2,read,,"MOVF INDF2, W, A",0x0011C0
0x00173A,0x079,ram_079,write,,"MOVWF ram_079, B",0x0011C0
0x00173C,0x07A,ram_07A,write,,"CLRF ram_07A, B",0x0011C0
0x00173E,0x077,ram_077,read,,"MOVF ram_077, W, B",0x0011C0
0x001740,0x079,ram_079,read,,"SUBWF ram_079, W, B",0x0011C0
0x001742,0x07A,ram_07A,read,,"MOVF ram_07A, W, B",0x0011C0
0x001746,0x07B,ram_07B,write,,"MOVWF ram_07B, B",0x0011C0
0x001748,0x078,ram_078,read,,"MOVF ram_078, W, B",0x0011C0
0x00174C,0x07B,ram_07B,read,,"SUBWFB ram_07B, W, B",0x0011C0
0x001752,0x0AF,ram_0AF,read,,"ADDWF ram_0AF, W, B",0x0011C0
0x001754,0xFD9,FSR2L,write,,"MOVWF FSR2L, A",0x0011C0
0x001756,0xFDA,FSR2H,write,,"CLRF FSR2H, A",0x0011C0
0x00175A,0xFDA,FSR2H,read_write,,"ADDWFC FSR2H, F, A",0x0011C0
0x00175C,0x0AB,ram_0AB,read,,"MOVF ram_0AB, W, B",0x0011C0
0x00175E,0xFDF,INDF2,read_write,,"ADDWF INDF2, F, A",0x0011C0
0x001764,0x0AF,ram_0AF,read,,"ADDWF ram_0AF, W, B",0x0011C0
0x001766,0xFD9,FSR2L,write,,"MOVWF FSR2L, A",0x0011C0
0x001768,0xFDA,FSR2H,write,,"CLRF FSR2H, A",0x0011C0
0x00176C,0xFDA,FSR2H,read_write,,"ADDWFC FSR2H, F, A",0x0011C0
0x001770,0x0AF,ram_0AF,read,,"ADDWF ram_0AF, W, B",0x0011C0
0x001772,0xFE1,FSR1L,write,,"MOVWF FSR1L, A",0x0011C0
0x001774,0xFE2,FSR1H,write,,"CLRF FSR1H, A",0x0011C0
0x001778,0xFE2,FSR1H,read_write,,"ADDWFC FSR1H, F, A",0x0011C0
0x00177A,0xFE7,INDF1,read,,"MOVF INDF1, W, A",0x0011C0
0x00177C,0x0AB,ram_0AB,read,,"ADDWF ram_0AB, W, B",0x0011C0
0x001780,0xFDF,INDF2,write,,"MOVWF INDF2, A",0x0011C0
0x001784,0x0AF,ram_0AF,read,,"ADDWF ram_0AF, W, B",0x0011C0
0x001786,0xFD9,FSR2L,write,,"MOVWF FSR2L, A",0x0011C0
0x001788,0xFDA,FSR2H,write,,"CLRF FSR2H, A",0x0011C0
0x00178C,0xFDA,FSR2H,read_write,,"ADDWFC FSR2H, F, A",0x0011C0
0x001790,0xFDF,INDF2,write,,"MOVWF INDF2, A",0x0011C0
0x001794,0x0AF,ram_0AF,read,,"ADDWF ram_0AF, W, B",0x0011C0
0x001796,0xFD9,FSR2L,write,,"MOVWF FSR2L, A",0x0011C0
0x001798,0xFDA,FSR2H,write,,"CLRF FSR2H, A",0x0011C0
0x00179C,0xFDA,FSR2H,read_write,,"ADDWFC FSR2H, F, A",0x0011C0
0x00179E,0xFDF,INDF2,write,,"CLRF INDF2, A",0x0011C0
0x0017A0,0x012,ram_012,write,,"CLRF ram_012, A",0x0011C0
0x0017AE,0x097,ram_097,write,,"CLRF ram_097, B",0x0011C0
0x0017B0,0x098,ram_098,write,,"CLRF ram_098, B",0x0011C0
0x0017B4,0x097,ram_097,read,,"XORWF ram_097, W, B",0x0011C0
0x0017B6,0x098,ram_098,read,,"IORWF ram_098, W, B",0x0011C0
0x0017BA,0x097,ram_097,read,,"MOVFF ram_097, ram_012",0x0011C0
0x0017BA,0x012,ram_012,write,,"MOVFF ram_097, ram_012",0x0011C0
0x0017CC,0x0AF,ram_0AF,read,,"ADDWF ram_0AF, W, B",0x0011C0
0x0017CE,0xFD9,FSR2L,write,,"MOVWF FSR2L, A",0x0011C0
0x0017D0,0xFDA,FSR2H,write,,"CLRF FSR2H, A",0x0011C0
0x0017D4,0xFDA,FSR2H,read_write,,"ADDWFC FSR2H, F, A",0x0011C0
0x0017D8,0x097,ram_097,read,,"MULWF ram_097, B",0x0011C0
0x0017DA,0xFF3,PRODL,read,,"MOVFF PRODL, ram_077",0x0011C0
0x0017DA,0x077,ram_077,write,,"MOVFF PRODL, ram_077",0x0011C0
0x0017DE,0xFF4,PRODH,read,,"MOVFF PRODH, ram_078",0x0011C0
0x0017DE,0x078,ram_078,write,,"MOVFF PRODH, ram_078",0x0011C0
0x0017E2,0x098,ram_098,read,,"MULWF ram_098, B",0x0011C0
0x0017E4,0xFF3,PRODL,read,,"MOVF PRODL, W, A",0x0011C0
0x0017E6,0x078,ram_078,read_write,,"ADDWF ram_078, F, B",0x0011C0
0x0017EA,0x079,ram_079,write,,"MOVWF ram_079, B",0x0011C0
0x0017EE,0x07A,ram_07A,write,,"MOVWF ram_07A, B",0x0011C0
0x0017F0,0x077,ram_077,read,,"MOVF ram_077, W, B",0x0011C0
0x0017F2,0x079,ram_079,read_write,,"ADDWF ram_079, F, B",0x0011C0
0x0017F4,0x078,ram_078,read,,"MOVF ram_078, W, B",0x0011C0
0x0017F6,0x07A,ram_07A,read_write,,"ADDWFC ram_07A, F, B",0x0011C0
0x0017F8,0x0AF,ram_0AF,read,,"MOVF ram_0AF, W, B",0x0011C0
0x0017FA,0x079,ram_079,read,,"ADDWF ram_079, W, B",0x0011C0
0x0017FC,0xFE1,FSR1L,write,,"MOVWF FSR1L, A",0x0011C0
0x001800,0x07A,ram_07A,read,,"ADDWFC ram_07A, W, B",0x0011C0
0x001802,0xFE2,FSR1H,write,,"MOVWF FSR1H, A",0x0011C0
0x001804,0xFDF,INDF2,read,,"MOVFF INDF2, INDF1",0x0011C0
0x001804,0xFE7,INDF1,write,,"MOVFF INDF2, INDF1",0x0011C0
0x001808,0x097,ram_097,read,,"MOVF ram_097, W, B",0x0011C0
0x001810,0x097,ram_097,read_write,,"INFSNZ ram_097, F, B",0x0011C0
0x001812,0x098,ram_098,read_write,,"INCF ram_098, F, B",0x0011C0
0x001818,0x0AF,ram_0AF,read_write,,"INCF ram_0AF, F, B",0x0011C0
0x00181E,0x5A0,ram_5A0,write,,"CLRF ram_5A0, B",0x0011C0
0x001822,0x59F,ram_59F,write,,"MOVWF ram_59F, B",0x0011C0
0x001826,0x48E,ram_48E,write,,"MOVWF ram_48E, B",0x0011C0
0x00182A,0x03E,ram_03E,read,,"MOVF ram_03E, W, A",0x0011C0
0x001832,0x0B0,ram_0B0,write,,"CLRF ram_0B0, B",0x0011C0
0x001836,0x0B0,ram_0B0,read,,"XORWF ram_0B0, W, B",0x0011C0
0x00183C,0x0B0,ram_0B0,read,,"MOVF ram_0B0, W, B",0x0011C0
0x001840,0xFD9,FSR2L,write,,"MOVWF FSR2L, A",0x0011C0
0x001842,0xFDA,FSR2H,write,,"CLRF FSR2H, A",0x0011C0
0x001844,0xFDF,INDF2,read,,"MOVF INDF2, W, A",0x0011C0
0x00184C,0x0B0,ram_0B0,read,,"ADDWF ram_0B0, W, B",0x0011C0
0x00184E,0xFD9,FSR2L,write,,"MOVWF FSR2L, A",0x0011C0
0x001850,0xFDA,FSR2H,write,,"CLRF FSR2H, A",0x0011C0
0x001854,0xFDA,FSR2H,read_write,,"ADDWFC FSR2H, F, A",0x0011C0
0x001856,0xFDF,INDF2,read,,"MOVF INDF2, W, A",0x0011C0
0x00185C,0x0B0,ram_0B0,read,,"MOVF ram_0B0, W, B",0x0011C0
0x001862,0xFF3,PRODL,read,,"ADDWF PRODL, W, A",0x0011C0
0x001864,0xFD9,FSR2L,write,,"MOVWF FSR2L, A",0x0011C0
0x001868,0xFF4,PRODH,read,,"ADDWFC PRODH, W, A",0x0011C0
0x00186A,0xFDA,FSR2H,write,,"MOVWF FSR2H, A",0x0011C0
0x00186E,0xFDB,PLUSW2,read,7,"BTFSC PLUSW2, 7, A",0x0011C0
0x001872,0xFDB,PLUSW2,read,,"MOVF PLUSW2, W, A",0x0011C0
0x001878,0xFDE,POSTINC2,read,,"SUBWF POSTINC2, W, A",0x0011C0
0x00187C,0x0B0,ram_0B0,read,,"MOVF ram_0B0, W, B",0x0011C0
0x001882,0xFF3,PRODL,read,,"ADDWF PRODL, W, A",0x0011C0
0x001884,0xFD9,FSR2L,write,,"MOVWF FSR2L, A",0x0011C0
0x001888,0xFF4,PRODH,read,,"ADDWFC PRODH, W, A",0x0011C0
0x00188A,0xFDA,FSR2H,write,,"MOVWF FSR2H, A",0x0011C0
0x00188C,0xFDE,POSTINC2,read_write,,"INCF POSTINC2, F, A",0x0011C0
0x001890,0xFDD,POSTDEC2,read_write,,"ADDWFC POSTDEC2, F, A",0x0011C0
0x001892,0x0B0,ram_0B0,read,,"MOVF ram_0B0, W, B",0x0011C0
0x001898,0xFF3,PRODL,read,,"ADDWF PRODL, W, A",0x0011C0
0x00189A,0xFD9,FSR2L,write,,"MOVWF FSR2L, A",0x0011C0
0x00189E,0xFF4,PRODH,read,,"ADDWFC PRODH, W, A",0x0011C0
0x0018A0,0xFDA,FSR2H,write,,"MOVWF FSR2H, A",0x0011C0
0x0018A2,0xFDE,POSTINC2,write,,"CLRF POSTINC2, A",0x0011C0
0x0018A4,0xFDE,POSTINC2,write,,"CLRF POSTINC2, A",0x0011C0
0x0018A6,0xFDE,POSTINC2,write,,"CLRF POSTINC2, A",0x0011C0
0x0018A8,0xFDD,POSTDEC2,write,,"CLRF POSTDEC2, A",0x0011C0
0x0018AC,0x0B0,ram_0B0,read,,"ADDWF ram_0B0, W, B",0x0011C0
0x0018AE,0xFD9,FSR2L,write,,"MOVWF FSR2L, A",0x0011C0
0x0018B0,0xFDA,FSR2H,write,,"CLRF FSR2H, A",0x0011C0
0x0018B4,0xFDA,FSR2H,read_write,,"ADDWFC FSR2H, F, A",0x0011C0
0x0018B6,0xFDF,INDF2,write,,"CLRF INDF2, A",0x0011C0
0x0018B8,0x0B0,ram_0B0,read,,"MOVF ram_0B0, W, B",0x0011C0
0x0018BE,0xFF3,PRODL,read,,"ADDWF PRODL, W, A",0x0011C0
0x0018C0,0xFD9,FSR2L,write,,"MOVWF FSR2L, A",0x0011C0
0x0018C4,0xFF4,PRODH,read,,"ADDWFC PRODH, W, A",0x0011C0
0x0018C6,0xFDA,FSR2H,write,,"MOVWF FSR2H, A",0x0011C0
0x0018C8,0xFDE,POSTINC2,write,,"CLRF POSTINC2, A",0x0011C0
0x0018CA,0xFDE,POSTINC2,write,,"CLRF POSTINC2, A",0x0011C0
0x0018CC,0xFDE,POSTINC2,write,,"CLRF POSTINC2, A",0x0011C0
0x0018CE,0xFDD,POSTDEC2,write,,"CLRF POSTDEC2, A",0x0011C0
0x0018D2,0x0B0,ram_0B0,read,,"ADDWF ram_0B0, W, B",0x0011C0
0x0018D4,0xFD9,FSR2L,write,,"MOVWF FSR2L, A",0x0011C0
0x0018D6,0xFDA,FSR2H,write,,"CLRF FSR2H, A",0x0011C0
0x0018DA,0xFDA,FSR2H,read_write,,"ADDWFC FSR2H, F, A",0x0011C0
0x0018DC,0xFDF,INDF2,write,,"CLRF INDF2, A",0x0011C0
0x0018E0,0x0B0,ram_0B0,read,,"ADDWF ram_0B0, W, B",0x0011C0
0x0018E2,0xFD9,FSR2L,write,,"MOVWF FSR2L, A",0x0011C0
0x0018E4,0xFDA,FSR2H,write,,"CLRF FSR2H, A",0x0011C0
0x0018E8,0xFDA,FSR2H,read_write,,"ADDWFC FSR2H, F, A",0x0011C0
0x0018EC,0xFDF,INDF2,write,,"MOVWF INDF2, A",0x0011C0
0x0018F0,0x0B0,ram_0B0,read,,"ADDWF ram_0B0, W, B",0x0011C0
0x0018F2,0xFD9,FSR2L,write,,"MOVWF FSR2L, A",0x0011C0
0x0018F4,0xFDA,FSR2H,write,,"CLRF FSR2H, A",0x0011C0
0x0018F8,0xFDA,FSR2H,read_write,,"ADDWFC FSR2H, F, A",0x0011C0
0x0018FA,0xFDF,INDF2,write,,"CLRF INDF2, A",0x0011C0
0x0018FE,0x473,ram_473,write,,"CLRF ram_473, B",0x0011C0
0x001900,0x012,ram_012,write,,"CLRF ram_012, A",0x0011C0
0x00190E,0x099,ram_099,write,,"CLRF ram_099, B",0x0011C0
0x001910,0x09A,ram_09A,write,,"CLRF ram_09A, B",0x0011C0
0x001914,0x099,ram_099,read,,"XORWF ram_099, W, B",0x0011C0
0x001916,0x09A,ram_09A,read,,"IORWF ram_09A, W, B",0x0011C0
0x00191A,0x099,ram_099,read,,"MOVFF ram_099, ram_012",0x0011C0
0x00191A,0x012,ram_012,write,,"MOVFF ram_099, ram_012",0x0011C0
0x00192A,0x0B0,ram_0B0,read,,"MOVF ram_0B0, W, B",0x0011C0
0x001930,0xFF3,PRODL,read,,"ADDWF PRODL, W, A",0x0011C0
0x001932,0xFD9,FSR2L,write,,"MOVWF FSR2L, A",0x0011C0
0x001936,0xFF4,PRODH,read,,"ADDWFC PRODH, W, A",0x0011C0
0x001938,0xFDA,FSR2H,write,,"MOVWF FSR2H, A",0x0011C0
0x00193C,0x099,ram_099,read,,"MULWF ram_099, B",0x0011C0
0x00193E,0xFF3,PRODL,read,,"MOVFF PRODL, ram_077",0x0011C0
0x00193E,0x077,ram_077,write,,"MOVFF PRODL, ram_077",0x0011C0
0x001942,0xFF4,PRODH,read,,"MOVFF PRODH, ram_078",0x0011C0
0x001942,0x078,ram_078,write,,"MOVFF PRODH, ram_078",0x0011C0
0x001946,0x09A,ram_09A,read,,"MULWF ram_09A, B",0x0011C0
0x001948,0xFF3,PRODL,read,,"MOVF PRODL, W, A",0x0011C0
0x00194A,0x078,ram_078,read_write,,"ADDWF ram_078, F, B",0x0011C0
0x00194E,0x079,ram_079,write,,"MOVWF ram_079, B",0x0011C0
0x001952,0x07A,ram_07A,write,,"MOVWF ram_07A, B",0x0011C0
0x001954,0x077,ram_077,read,,"MOVF ram_077, W, B",0x0011C0
0x001956,0x079,ram_079,read_write,,"ADDWF ram_079, F, B",0x0011C0
0x001958,0x078,ram_078,read,,"MOVF ram_078, W, B",0x0011C0
0x00195A,0x07A,ram_07A,read_write,,"ADDWFC ram_07A, F, B",0x0011C0
0x00195C,0x0B0,ram_0B0,read,,"MOVF ram_0B0, W, B",0x0011C0
0x00195E,0x079,ram_079,read,,"ADDWF ram_079, W, B",0x0011C0
0x001960,0xFE1,FSR1L,write,,"MOVWF FSR1L, A",0x0011C0
0x001964,0x07A,ram_07A,read,,"ADDWFC ram_07A, W, B",0x0011C0
0x001966,0xFE2,FSR1H,write,,"MOVWF FSR1H, A",0x0011C0
0x001968,0xFDF,INDF2,read,,"MOVFF INDF2, INDF1",0x0011C0
0x001968,0xFE7,INDF1,write,,"MOVFF INDF2, INDF1",0x0011C0
0x00196C,0x099,ram_099,read,,"MOVF ram_099, W, B",0x0011C0
0x001974,0x099,ram_099,read_write,,"INFSNZ ram_099, F, B",0x0011C0
0x001976,0x09A,ram_09A,read_write,,"INCF ram_09A, F, B",0x0011C0
0x00197C,0x0B0,ram_0B0,read_write,,"INCF ram_0B0, F, B",0x0011C0
0x001982,0x5A0,ram_5A0,write,,"CLRF ram_5A0, B",0x0011C0
0x001986,0x59F,ram_59F,write,,"MOVWF ram_59F, B",0x0011C0
0x00198A,0x03E,ram_03E,read,,"MOVF ram_03E, W, A",0x0011C0
0x001992,0x0B1,ram_0B1,write,,"CLRF ram_0B1, B",0x0011C0
0x001996,0x0B1,ram_0B1,read,,"XORWF ram_0B1, W, B",0x0011C0
0x00199C,0x0B1,ram_0B1,read,,"MOVF ram_0B1, W, B",0x0011C0
0x0019A0,0xFD9,FSR2L,write,,"MOVWF FSR2L, A",0x0011C0
0x0019A2,0xFDA,FSR2H,write,,"CLRF FSR2H, A",0x0011C0
0x0019A4,0xFDF,INDF2,read,,"MOVF INDF2, W, A",0x0011C0
0x0019AC,0x0B1,ram_0B1,read,,"ADDWF ram_0B1, W, B",0x0011C0
0x0019AE,0xFD9,FSR2L,write,,"MOVWF FSR2L, A",0x0011C0
0x0019B0,0xFDA,FSR2H,write,,"CLRF FSR2H, A",0x0011C0
0x0019B4,0xFDA,FSR2H,read_write,,"ADDWFC FSR2H, F, A",0x0011C0
0x0019B6,0xFDF,INDF2,read,,"MOVF INDF2, W, A",0x0011C0
0x0019BC,0x0B1,ram_0B1,read,,"MOVF ram_0B1, W, B",0x0011C0
0x0019C2,0xFF3,PRODL,read,,"ADDWF PRODL, W, A",0x0011C0
0x0019C4,0xFD9,FSR2L,write,,"MOVWF FSR2L, A",0x0011C0
0x0019C8,0xFF4,PRODH,read,,"ADDWFC PRODH, W, A",0x0011C0
0x0019CA,0xFDA,FSR2H,write,,"MOVWF FSR2H, A",0x0011C0
0x0019CE,0xFDB,PLUSW2,read,7,"BTFSS PLUSW2, 7, A",0x0011C0
0x0019D4,0xFDE,POSTINC2,read,,"SUBWF POSTINC2, W, A",0x0011C0
0x0019D8,0xFDE,POSTINC2,read,,"SUBWFB POSTINC2, W, A",0x0011C0
0x0019DC,0x0B1,ram_0B1,read,,"MOVF ram_0B1, W, B",0x0011C0
0x0019E2,0xFF3,PRODL,read,,"ADDWF PRODL, W, A",0x0011C0
0x0019E4,0xFD9,FSR2L,write,,"MOVWF FSR2L, A",0x0011C0
0x0019E8,0xFF4,PRODH,read,,"ADDWFC PRODH, W, A",0x0011C0
0x0019EA,0xFDA,FSR2H,write,,"MOVWF FSR2H, A",0x0011C0
0x0019EC,0xFDE,POSTINC2,read_write,,"DECF POSTINC2, F, A",0x0011C0
0x0019F0,0xFDD,POSTDEC2,read_write,,"SUBWFB POSTDEC2, F, A",0x0011C0
0x0019F2,0x0B1,ram_0B1,read,,"MOVF ram_0B1, W, B",0x0011C0
0x0019F8,0xFF3,PRODL,read,,"ADDWF PRODL, W, A",0x0011C0
0x0019FA,0xFD9,FSR2L,write,,"MOVWF FSR2L, A",0x0011C0
0x0019FE,0xFF4,PRODH,read,,"ADDWFC PRODH, W, A",0x0011C0
0x001A00,0xFDA,FSR2H,write,,"MOVWF FSR2H, A",0x0011C0
0x001A02,0xFDE,POSTINC2,write,,"CLRF POSTINC2, A",0x0011C0
0x001A04,0xFDE,POSTINC2,write,,"CLRF POSTINC2, A",0x0011C0
0x001A06,0xFDE,POSTINC2,write,,"CLRF POSTINC2, A",0x0011C0
0x001A08,0xFDD,POSTDEC2,write,,"CLRF POSTDEC2, A",0x0011C0
0x001A0C,0x0B1,ram_0B1,read,,"ADDWF ram_0B1, W, B",0x0011C0
0x001A0E,0xFD9,FSR2L,write,,"MOVWF FSR2L, A",0x0011C0
0x001A10,0xFDA,FSR2H,write,,"CLRF FSR2H, A",0x0011C0
0x001A14,0xFDA,FSR2H,read_write,,"ADDWFC FSR2H, F, A",0x0011C0
0x001A16,0xFDF,INDF2,write,,"CLRF INDF2, A",0x0011C0
0x001A18,0x0B1,ram_0B1,read,,"MOVF ram_0B1, W, B",0x0011C0
0x001A1E,0xFF3,PRODL,read,,"ADDWF PRODL, W, A",0x0011C0
0x001A20,0xFD9,FSR2L,write,,"MOVWF FSR2L, A",0x0011C0
0x001A24,0xFF4,PRODH,read,,"ADDWFC PRODH, W, A",0x0011C0
0x001A26,0xFDA,FSR2H,write,,"MOVWF FSR2H, A",0x0011C0
0x001A28,0xFDE,POSTINC2,write,,"CLRF POSTINC2, A",0x0011C0
0x001A2A,0xFDE,POSTINC2,write,,"CLRF POSTINC2, A",0x0011C0
0x001A2C,0xFDE,POSTINC2,write,,"CLRF POSTINC2, A",0x0011C0
0x001A2E,0xFDD,POSTDEC2,write,,"CLRF POSTDEC2, A",0x0011C0
0x001A32,0x0B1,ram_0B1,read,,"ADDWF ram_0B1, W, B",0x0011C0
0x001A34,0xFD9,FSR2L,write,,"MOVWF FSR2L, A",0x0011C0
0x001A36,0xFDA,FSR2H,write,,"CLRF FSR2H, A",0x0011C0
0x001A3A,0xFDA,FSR2H,read_write,,"ADDWFC FSR2H, F, A",0x0011C0
0x001A3C,0xFDF,INDF2,write,,"CLRF INDF2, A",0x0011C0
0x001A40,0x0B1,ram_0B1,read,,"ADDWF ram_0B1, W, B",0x0011C0
0x001A42,0xFD9,FSR2L,write,,"MOVWF FSR2L, A",0x0011C0
0x001A44,0xFDA,FSR2H,write,,"CLRF FSR2H, A",0x0011C0
0x001A48,0xFDA,FSR2H,read_write,,"ADDWFC FSR2H, F, A",0x0011C0
0x001A4C,0xFDF,INDF2,write,,"MOVWF INDF2, A",0x0011C0
0x001A50,0x0B1,ram_0B1,read,,"ADDWF ram_0B1, W, B",0x0011C0
0x001A52,0xFD9,FSR2L,write,,"MOVWF FSR2L, A",0x0011C0
0x001A54,0xFDA,FSR2H,write,,"CLRF FSR2H, A",0x0011C0
0x001A58,0xFDA,FSR2H,read_write,,"ADDWFC FSR2H, F, A",0x0011C0
0x001A5A,0xFDF,INDF2,write,,"CLRF INDF2, A",0x0011C0
0x001A5E,0x474,ram_474,write,,"CLRF ram_474, B",0x0011C0
0x001A60,0x012,ram_012,write,,"CLRF ram_012, A",0x0011C0
0x001A6E,0x09B,ram_09B,write,,"CLRF ram_09B, B",0x0011C0
0x001A70,0x09C,ram_09C,write,,"CLRF ram_09C, B",0x0011C0
0x001A74,0x09B,ram_09B,read,,"XORWF ram_09B, W, B",0x0011C0
0x001A76,0x09C,ram_09C,read,,"IORWF ram_09C, W, B",0x0011C0
0x001A7A,0x09B,ram_09B,read,,"MOVFF ram_09B, ram_012",0x0011C0
0x001A7A,0x012,ram_012,write,,"MOVFF ram_09B, ram_012",0x0011C0
0x001A8A,0x0B1,ram_0B1,read,,"MOVF ram_0B1, W, B",0x0011C0
0x001A90,0xFF3,PRODL,read,,"ADDWF PRODL, W, A",0x0011C0
0x001A92,0xFD9,FSR2L,write,,"MOVWF FSR2L, A",0x0011C0
0x001A96,0xFF4,PRODH,read,,"ADDWFC PRODH, W, A",0x0011C0
0x001A98,0xFDA,FSR2H,write,,"MOVWF FSR2H, A",0x0011C0
0x001A9C,0x09B,ram_09B,read,,"MULWF ram_09B, B",0x0011C0
0x001A9E,0xFF3,PRODL,read,,"MOVFF PRODL, ram_077",0x0011C0
0x001A9E,0x077,ram_077,write,,"MOVFF PRODL, ram_077",0x0011C0
0x001AA2,0xFF4,PRODH,read,,"MOVFF PRODH, ram_078",0x0011C0
0x001AA2,0x078,ram_078,write,,"MOVFF PRODH, ram_078",0x0011C0
0x001AA6,0x09C,ram_09C,read,,"MULWF ram_09C, B",0x0011C0
0x001AA8,0xFF3,PRODL,read,,"MOVF PRODL, W, A",0x0011C0
0x001AAA,0x078,ram_078,read_write,,"ADDWF ram_078, F, B",0x0011C0
0x001AAE,0x079,ram_079,write,,"MOVWF ram_079, B",0x0011C0
0x001AB2,0x07A,ram_07A,write,,"MOVWF ram_07A, B",0x0011C0
0x001AB4,0x077,ram_077,read,,"MOVF ram_077, W, B",0x0011C0
0x001AB6,0x079,ram_079,read_write,,"ADDWF ram_079, F, B",0x0011C0
0x001AB8,0x078,ram_078,read,,"MOVF ram_078, W, B",0x0011C0
0x001ABA,0x07A,ram_07A,read_write,,"ADDWFC ram_07A, F, B",0x0011C0
0x001ABC,0x0B1,ram_0B1,read,,"MOVF ram_0B1, W, B",0x0011C0
0x001ABE,0x079,ram_079,read,,"ADDWF ram_079, W, B",0x0011C0
0x001AC0,0xFE1,FSR1L,write,,"MOVWF FSR1L, A",0x0011C0
0x001AC4,0x07A,ram_07A,read,,"ADDWFC ram_07A, W, B",0x0011C0
0x001AC6,0xFE2,FSR1H,write,,"MOVWF FSR1H, A",0x0011C0
0x001AC8,0xFDF,INDF2,read,,"MOVFF INDF2, INDF1",0x0011C0
0x001AC8,0xFE7,INDF1,write,,"MOVFF INDF2, INDF1",0x0011C0
0x001ACC,0x09B,ram_09B,read,,"MOVF ram_09B, W, B",0x0011C0
0x001AD4,0x09B,ram_09B,read_write,,"INFSNZ ram_09B, F, B",0x0011C0
0x001AD6,0x09C,ram_09C,read_write,,"INCF ram_09C, F, B",0x0011C0
0x001ADC,0x0B1,ram_0B1,read_write,,"INCF ram_0B1, F, B",0x0011C0
0x001AE2,0x5A2,ram_5A2,write,,"CLRF ram_5A2, B",0x0011C0
0x001AE6,0x5A1,ram_5A1,write,,"MOVWF ram_5A1, B",0x0011C0
0x001AF2,0x491,ram_491,write,,"MOVWF ram_491, B",0x0011C0
0x001AF6,0x0A8,ram_0A8,write,,"CLRF ram_0A8, B",0x0011C0
0x001AFA,0x0A8,ram_0A8,read,,"XORWF ram_0A8, W, B",0x0011C0
0x001AFE,0x0A8,ram_0A8,read,,"MOVF ram_0A8, W, B",0x0011C0
0x001B04,0xFF3,PRODL,read,,"ADDWF PRODL, W, A",0x0011C0
0x001B06,0xFD9,FSR2L,write,,"MOVWF FSR2L, A",0x0011C0
0x001B0A,0xFF4,PRODH,read,,"ADDWFC PRODH, W, A",0x0011C0
0x001B0C,0xFDA,FSR2H,write,,"MOVWF FSR2H, A",0x0011C0
0x001B0E,0xFDE,POSTINC2,write,,"CLRF POSTINC2, A",0x0011C0
0x001B10,0xFDE,POSTINC2,write,,"CLRF POSTINC2, A",0x0011C0
0x001B12,0xFDE,POSTINC2,write,,"CLRF POSTINC2, A",0x0011C0
0x001B14,0xFDD,POSTDEC2,write,,"CLRF POSTDEC2, A",0x0011C0
0x001B18,0x0A8,ram_0A8,read,,"ADDWF ram_0A8, W, B",0x0011C0
0x001B1A,0xFD9,FSR2L,write,,"MOVWF FSR2L, A",0x0011C0
0x001B1C,0xFDA,FSR2H,write,,"CLRF FSR2H, A",0x0011C0
0x001B20,0xFDA,FSR2H,read_write,,"ADDWFC FSR2H, F, A",0x0011C0
0x001B22,0xFDF,INDF2,write,,"CLRF INDF2, A",0x0011C0
0x001B24,0x0A8,ram_0A8,read,,"MOVF ram_0A8, W, B",0x0011C0
0x001B2A,0xFF3,PRODL,read,,"ADDWF PRODL, W, A",0x0011C0
0x001B2C,0xFD9,FSR2L,write,,"MOVWF FSR2L, A",0x0011C0
0x001B30,0xFF4,PRODH,read,,"ADDWFC PRODH, W, A",0x0011C0
0x001B32,0xFDA,FSR2H,write,,"MOVWF FSR2H, A",0x0011C0
0x001B34,0xFDE,POSTINC2,write,,"CLRF POSTINC2, A",0x0011C0
0x001B36,0xFDE,POSTINC2,write,,"CLRF POSTINC2, A",0x0011C0
0x001B38,0xFDE,POSTINC2,write,,"CLRF POSTINC2, A",0x0011C0
0x001B3A,0xFDD,POSTDEC2,write,,"CLRF POSTDEC2, A",0x0011C0
0x001B3E,0x0A8,ram_0A8,read,,"ADDWF ram_0A8, W, B",0x0011C0
0x001B40,0xFD9,FSR2L,write,,"MOVWF FSR2L, A",0x0011C0
0x001B42,0xFDA,FSR2H,write,,"CLRF FSR2H, A",0x0011C0
0x001B46,0xFDA,FSR2H,read_write,,"ADDWFC FSR2H, F, A",0x0011C0
0x001B48,0xFDF,INDF2,write,,"CLRF INDF2, A",0x0011C0
0x001B4A,0x0A8,ram_0A8,read_write,,"INCF ram_0A8, F, B",0x0011C0
0x001B4E,0x0A7,ram_0A7,read,,"MOVF ram_0A7, W, B",0x0011C0
0x001B54,0x476,ram_476,write,,"CLRF ram_476, B",0x0011C0
0x001B56,0x48B,ram_48B,write,,"CLRF ram_48B, B",0x0011C0
0x001B58,0x478,ram_478,write,,"CLRF ram_478, B",0x0011C0
0x001B5A,0x477,ram_477,write,,"CLRF ram_477, B",0x0011C0
0x001B60,0x48B,ram_48B,read,,"MOVF ram_48B, W, B",0x0011C0
0x001B66,0x03E,ram_03E,read,,"MOVF ram_03E, W, A",0x0011C0
0x001B7A,0x48B,ram_48B,read,,"MOVF ram_48B, W, B",0x0011C0
0x001B80,0x03E,ram_03E,read,,"MOVF ram_03E, W, A",0x0011C0
0x001B8A,0x48B,ram_48B,write,,"MOVWF ram_48B, B",0x0011C0
0x001B90,0x48B,ram_48B,read,,"MOVF ram_48B, W, B",0x0011C0
0x001B9E,0x478,ram_478,read,,"MOVF ram_478, W, B",0x0011C0
0x001BAE,0x478,ram_478,write,,"MOVWF ram_478, B",0x0011C0
0x001BB0,0x477,ram_477,write,,"CLRF ram_477, B",0x0011C0
0x001BB2,0x476,ram_476,write,,"CLRF ram_476, B",0x0011C0
0x001BB8,0x477,ram_477,read,,"MOVF ram_477, W, B",0x0011C0
0x001BC2,0x06A,ram_06A,write,,"CLRF ram_06A, B",0x0011C0
0x001BCC,0x477,ram_477,write,,"MOVWF ram_477, B",0x0011C0
0x001BCE,0x476,ram_476,write,,"CLRF ram_476, B",0x0011C0
0x001BD0,0x478,ram_478,write,,"CLRF ram_478, B",0x0011C0
0x001BD6,0x476,ram_476,read,,"MOVF ram_476, W, B",0x0011C0
0x001BE0,0x06A,ram_06A,write,,"MOVWF ram_06A, B",0x0011C0
0x001BEC,0x476,ram_476,write,,"MOVWF ram_476, B",0x0011C0
0x001BEE,0x477,ram_477,write,,"CLRF ram_477, B",0x0011C0
0x001BF4,0x0A7,ram_0A7,read,,"MOVF ram_0A7, W, B",0x0011C0
0x001BF6,0x077,ram_077,write,,"MOVWF ram_077, B",0x0011C0
0x001BF8,0x078,ram_078,write,,"CLRF ram_078, B",0x0011C0
0x001BFA,0x078,ram_078,read,,"MOVF ram_078, W, B",0x0011C0
0x001C00,0x077,ram_077,read,,"MOVF ram_077, W, B",0x0011C0
0x001C1E,0x473,ram_473,read,,"MOVF ram_473, W, B",0x0011C0
0x001C28,0x092,ram_092,read,,"XORWF ram_092, W, B",0x0011C0
0x001C30,0xFD8,STATUS,read_write,0,"BCF STATUS, 0, A",0x0011C0
0x001C32,0x470,ram_470,read_write,,"RLCF ram_470, F, B",0x0011C0
0x001C36,0x470,ram_470,read,,"CPFSGT ram_470, B",0x0011C0
0x001C3A,0x470,ram_470,write,,"MOVWF ram_470, B",0x0011C0
0x001C3C,0x473,ram_473,write,,"CLRF ram_473, B",0x0011C0
0x001C42,0x474,ram_474,read,,"MOVF ram_474, W, B",0x0011C0
0x001C4C,0x092,ram_092,read,,"XORWF ram_092, W, B",0x0011C0
0x001C54,0xFD8,STATUS,read_write,0,"BCF STATUS, 0, A",0x0011C0
0x001C56,0x470,ram_470,read_write,,"RLCF ram_470, F, B",0x0011C0
0x001C5A,0x470,ram_470,read,,"CPFSGT ram_470, B",0x0011C0
0x001C5E,0x470,ram_470,write,,"MOVWF ram_470, B",0x0011C0
0x001C60,0x474,ram_474,write,,"CLRF ram_474, B",0x0011C0
0x001C68,0x48C,ram_48C,write,,"MOVWF ram_48C, B",0x0011C0
0x001C6C,0x087,ram_087,read,,"MOVF ram_087, W, B",0x0011C0
0x001C6E,0x077,ram_077,write,,"MOVWF ram_077, B",0x0011C0
0x001C70,0x078,ram_078,write,,"CLRF ram_078, B",0x0011C0
0x001C72,0x078,ram_078,read,,"MOVF ram_078, W, B",0x0011C0
0x001C76,0x077,ram_077,read,,"MOVF ram_077, W, B",0x0011C0
0x001D08,0x087,ram_087,read,,"MOVF ram_087, W, B",0x0011C0
0x001D0C,0x479,ram_479,read,,"XORWF ram_479, W, B",0x0011C0
0x001D14,0x598,ram_598,write,,"MOVWF ram_598, B",0x0011C0
0x001D18,0x597,ram_597,write,,"MOVWF ram_597, B",0x0011C0
0x001D1A,0x087,ram_087,read,,"MOVFF ram_087, ram_479",0x0011C0
0x001D1A,0x479,ram_479,write,,"MOVFF ram_087, ram_479",0x0011C0
0x001D20,0x46F,ram_46F,read,,"MOVF ram_46F, W, B",0x0011C0
0x001D28,0x0B3,ram_0B3,write,,"CLRF ram_0B3, B",0x0011C0
0x001D2C,0x0B3,ram_0B3,read,,"XORWF ram_0B3, W, B",0x0011C0
0x001D34,0x0B3,ram_0B3,read,,"ADDWF ram_0B3, W, B",0x0011C0
0x001D36,0xFD9,FSR2L,write,,"MOVWF FSR2L, A",0x0011C0
0x001D38,0xFDA,FSR2H,write,,"CLRF FSR2H, A",0x0011C0
0x001D3C,0xFDA,FSR2H,read_write,,"ADDWFC FSR2H, F, A",0x0011C0
0x001D3E,0xFDF,INDF2,read,,"MOVF INDF2, W, A",0x0011C0
0x001D44,0x03E,ram_03E,read,,"MOVF ram_03E, W, A",0x0011C0
0x001D4E,0x0B3,ram_0B3,read,,"ADDWF ram_0B3, W, B",0x0011C0
0x001D50,0xFD9,FSR2L,write,,"MOVWF FSR2L, A",0x0011C0
0x001D52,0xFDA,FSR2H,write,,"CLRF FSR2H, A",0x0011C0
0x001D56,0xFDA,FSR2H,read_write,,"ADDWFC FSR2H, F, A",0x0011C0
0x001D58,0xFDF,INDF2,read,,"MOVF INDF2, W, A",0x0011C0
0x001D5C,0x470,ram_470,read,,"MULWF ram_470, B",0x0011C0
0x001D5E,0xFF3,PRODL,read,,"MOVFF PRODL, ram_077",0x0011C0
0x001D5E,0x077,ram_077,write,,"MOVFF PRODL, ram_077",0x0011C0
0x001D62,0xFF4,PRODH,read,,"MOVFF PRODH, ram_078",0x0011C0
0x001D62,0x078,ram_078,write,,"MOVFF PRODH, ram_078",0x0011C0
0x001D68,0xFD8,STATUS,read_write,0,"BCF STATUS, 0, A",0x0011C0
0x001D6A,0x077,ram_077,read_write,,"RLCF ram_077, F, B",0x0011C0
0x001D6C,0x078,ram_078,read_write,,"RLCF ram_078, F, B",0x0011C0
0x001D6E,0xFD8,STATUS,read_write,0,"BCF STATUS, 0, A",0x0011C0
0x001D70,0x077,ram_077,read_write,,"RLCF ram_077, F, B",0x0011C0
0x001D72,0x078,ram_078,read_write,,"RLCF ram_078, F, B",0x0011C0
0x001D76,0x077,ram_077,read,,"ADDWF ram_077, W, B",0x0011C0
0x001D78,0x085,ram_085,write,,"MOVWF ram_085, B",0x0011C0
0x001D7C,0x078,ram_078,read,,"ADDWFC ram_078, W, B",0x0011C0
0x001D7E,0x086,ram_086,write,,"MOVWF ram_086, B",0x0011C0
0x001D80,0x086,ram_086,read,7,"BTFSC ram_086, 7, B",0x0011C0
0x001D84,0x086,ram_086,read,,"MOVF ram_086, W, B",0x0011C0
0x001D8A,0x085,ram_085,read,,"SUBWF ram_085, W, B",0x0011C0
0x001D90,0x086,ram_086,write,,"MOVWF ram_086, B",0x0011C0
0x001D94,0x085,ram_085,write,,"MOVWF ram_085, B",0x0011C0
0x001D98,0x492,ram_492,read,,"MOVF ram_492, W, B",0x0011C0
0x001D9E,0x085,ram_085,read_write,,"NEGF ram_085, B",0x0011C0
0x001DA0,0x086,ram_086,read_write,,"COMF ram_086, F, B",0x0011C0
0x001DA2,0xFD8,STATUS,read,0,"BTFSC STATUS, 0, A",0x0011C0
0x001DA4,0x086,ram_086,read_write,,"INCF ram_086, F, B",0x0011C0
0x001DA6,0x085,ram_085,read,,"MOVFF ram_085, ram_077",0x0011C0
0x001DA6,0x077,ram_077,write,,"MOVFF ram_085, ram_077",0x0011C0
0x001DAC,0x078,ram_078,write,,"CLRF ram_078, B",0x0011C0
0x001DAE,0x077,ram_077,read,7,"BTFSC ram_077, 7, B",0x0011C0
0x001DB0,0x078,ram_078,read_write,,"DECF ram_078, F, B",0x0011C0
0x001DB2,0x0B3,ram_0B3,read,,"MOVF ram_0B3, W, B",0x0011C0
0x001DB8,0xFF3,PRODL,read,,"ADDWF PRODL, W, A",0x0011C0
0x001DBA,0xFD9,FSR2L,write,,"MOVWF FSR2L, A",0x0011C0
0x001DBE,0xFF4,PRODH,read,,"ADDWFC PRODH, W, A",0x0011C0
0x001DC0,0xFDA,FSR2H,write,,"MOVWF FSR2H, A",0x0011C0
0x001DC2,0x077,ram_077,read,,"MOVFF ram_077, POSTINC2",0x0011C0
0x001DC2,0xFDE,POSTINC2,write,,"MOVFF ram_077, POSTINC2",0x0011C0
0x001DC6,0x078,ram_078,read,,"MOVFF ram_078, POSTDEC2",0x0011C0
0x001DC6,0xFDD,POSTDEC2,write,,"MOVFF ram_078, POSTDEC2",0x0011C0
0x001DCA,0x012,ram_012,write,,"CLRF ram_012, A",0x0011C0
0x001DD8,0x0A5,ram_0A5,write,,"CLRF ram_0A5, B",0x0011C0
0x001DDA,0x0A6,ram_0A6,write,,"CLRF ram_0A6, B",0x0011C0
0x001DDE,0x0A5,ram_0A5,read,,"XORWF ram_0A5, W, B",0x0011C0
0x001DE0,0x0A6,ram_0A6,read,,"IORWF ram_0A6, W, B",0x0011C0
0x001DE4,0x0A5,ram_0A5,read,,"MOVFF ram_0A5, ram_012",0x0011C0
0x001DE4,0x012,ram_012,write,,"MOVFF ram_0A5, ram_012",0x0011C0
0x001DF4,0x0A5,ram_0A5,read,,"MOVF ram_0A5, W, B",0x0011C0
0x001DFC,0x0B3,ram_0B3,read,,"MOVF ram_0B3, W, B",0x0011C0
0x001E02,0xFF3,PRODL,read,,"ADDWF PRODL, W, A",0x0011C0
0x001E04,0xFD9,FSR2L,write,,"MOVWF FSR2L, A",0x0011C0
0x001E08,0xFF4,PRODH,read,,"ADDWFC PRODH, W, A",0x0011C0
0x001E0A,0xFDA,FSR2H,write,,"MOVWF FSR2H, A",0x0011C0
0x001E0E,0x0A5,ram_0A5,read,,"MULWF ram_0A5, B",0x0011C0
0x001E10,0xFF3,PRODL,read,,"MOVFF PRODL, ram_077",0x0011C0
0x001E10,0x077,ram_077,write,,"MOVFF PRODL, ram_077",0x0011C0
0x001E14,0xFF4,PRODH,read,,"MOVFF PRODH, ram_078",0x0011C0
0x001E14,0x078,ram_078,write,,"MOVFF PRODH, ram_078",0x0011C0
0x001E18,0x0A6,ram_0A6,read,,"MULWF ram_0A6, B",0x0011C0
0x001E1A,0xFF3,PRODL,read,,"MOVF PRODL, W, A",0x0011C0
0x001E1C,0x078,ram_078,read_write,,"ADDWF ram_078, F, B",0x0011C0
0x001E20,0x079,ram_079,write,,"MOVWF ram_079, B",0x0011C0
0x001E24,0x07A,ram_07A,write,,"MOVWF ram_07A, B",0x0011C0
0x001E26,0x077,ram_077,read,,"MOVF ram_077, W, B",0x0011C0
0x001E28,0x079,ram_079,read_write,,"ADDWF ram_079, F, B",0x0011C0
0x001E2A,0x078,ram_078,read,,"MOVF ram_078, W, B",0x0011C0
0x001E2C,0x07A,ram_07A,read_write,,"ADDWFC ram_07A, F, B",0x0011C0
0x001E2E,0x0B3,ram_0B3,read,,"MOVF ram_0B3, W, B",0x0011C0
0x001E30,0x079,ram_079,read,,"ADDWF ram_079, W, B",0x0011C0
0x001E32,0xFE1,FSR1L,write,,"MOVWF FSR1L, A",0x0011C0
0x001E36,0x07A,ram_07A,read,,"ADDWFC ram_07A, W, B",0x0011C0
0x001E38,0xFE2,FSR1H,write,,"MOVWF FSR1H, A",0x0011C0
0x001E3A,0xFDF,INDF2,read,,"MOVFF INDF2, INDF1",0x0011C0
0x001E3A,0xFE7,INDF1,write,,"MOVFF INDF2, INDF1",0x0011C0
0x001E40,0x0A5,ram_0A5,read,,"MULWF ram_0A5, B",0x0011C0
0x001E42,0xFF3,PRODL,read,,"MOVFF PRODL, ram_077",0x0011C0
0x001E42,0x077,ram_077,write,,"MOVFF PRODL, ram_077",0x0011C0
0x001E46,0xFF4,PRODH,read,,"MOVFF PRODH, ram_078",0x0011C0
0x001E46,0x078,ram_078,write,,"MOVFF PRODH, ram_078",0x0011C0
0x001E4A,0x0A6,ram_0A6,read,,"MULWF ram_0A6, B",0x0011C0
0x001E4C,0xFF3,PRODL,read,,"MOVF PRODL, W, A",0x0011C0
0x001E4E,0x078,ram_078,read_write,,"ADDWF ram_078, F, B",0x0011C0
0x001E52,0x079,ram_079,write,,"MOVWF ram_079, B",0x0011C0
0x001E56,0x07A,ram_07A,write,,"MOVWF ram_07A, B",0x0011C0
0x001E58,0x077,ram_077,read,,"MOVF ram_077, W, B",0x0011C0
0x001E5A,0x079,ram_079,read_write,,"ADDWF ram_079, F, B",0x0011C0
0x001E5C,0x078,ram_078,read,,"MOVF ram_078, W, B",0x0011C0
0x001E5E,0x07A,ram_07A,read_write,,"ADDWFC ram_07A, F, B",0x0011C0
0x001E60,0x0B3,ram_0B3,read,,"MOVF ram_0B3, W, B",0x0011C0
0x001E62,0x079,ram_079,read,,"ADDWF ram_079, W, B",0x0011C0
0x001E64,0xFD9,FSR2L,write,,"MOVWF FSR2L, A",0x0011C0
0x001E68,0x07A,ram_07A,read,,"ADDWFC ram_07A, W, B",0x0011C0
0x001E6A,0xFDA,FSR2H,write,,"MOVWF FSR2H, A",0x0011C0
0x001E6C,0xFDF,INDF2,write,,"CLRF INDF2, A",0x0011C0
0x001E70,0x0A5,ram_0A5,read_write,,"INFSNZ ram_0A5, F, B",0x0011C0
0x001E72,0x0A6,ram_0A6,read_write,,"INCF ram_0A6, F, B",0x0011C0
0x001E7A,0x0B3,ram_0B3,read,,"ADDWF ram_0B3, W, B",0x0011C0
0x001E7C,0xFD9,FSR2L,write,,"MOVWF FSR2L, A",0x0011C0
0x001E7E,0xFDA,FSR2H,write,,"CLRF FSR2H, A",0x0011C0
0x001E82,0xFDA,FSR2H,read_write,,"ADDWFC FSR2H, F, A",0x0011C0
0x001E84,0xFDF,INDF2,write,,"CLRF INDF2, A",0x0011C0
0x001E86,0x0B3,ram_0B3,read,,"MOVF ram_0B3, W, B",0x0011C0
0x001E8C,0xFF3,PRODL,read,,"ADDWF PRODL, W, A",0x0011C0
0x001E8E,0xFD9,FSR2L,write,,"MOVWF FSR2L, A",0x0011C0
0x001E92,0xFF4,PRODH,read,,"ADDWFC PRODH, W, A",0x0011C0
0x001E94,0xFDA,FSR2H,write,,"MOVWF FSR2H, A",0x0011C0
0x001E96,0xFDE,POSTINC2,write,,"CLRF POSTINC2, A",0x0011C0
0x001E98,0xFDE,POSTINC2,write,,"CLRF POSTINC2, A",0x0011C0
0x001E9A,0xFDE,POSTINC2,write,,"CLRF POSTINC2, A",0x0011C0
0x001E9C,0xFDD,POSTDEC2,write,,"CLRF POSTDEC2, A",0x0011C0
0x001EA0,0x0B3,ram_0B3,read,,"ADDWF ram_0B3, W, B",0x0011C0
0x001EA2,0xFD9,FSR2L,write,,"MOVWF FSR2L, A",0x0011C0
0x001EA4,0xFDA,FSR2H,write,,"CLRF FSR2H, A",0x0011C0
0x001EA8,0xFDA,FSR2H,read_write,,"ADDWFC FSR2H, F, A",0x0011C0
0x001EAA,0xFDF,INDF2,write,,"CLRF INDF2, A",0x0011C0
0x001EAC,0x0B3,ram_0B3,read,,"MOVF ram_0B3, W, B",0x0011C0
0x001EB2,0xFF3,PRODL,read,,"ADDWF PRODL, W, A",0x0011C0
0x001EB4,0xFD9,FSR2L,write,,"MOVWF FSR2L, A",0x0011C0
0x001EB8,0xFF4,PRODH,read,,"ADDWFC PRODH, W, A",0x0011C0
0x001EBA,0xFDA,FSR2H,write,,"MOVWF FSR2H, A",0x0011C0
0x001EBC,0xFDE,POSTINC2,write,,"CLRF POSTINC2, A",0x0011C0
0x001EBE,0xFDE,POSTINC2,write,,"CLRF POSTINC2, A",0x0011C0
0x001EC0,0xFDE,POSTINC2,write,,"CLRF POSTINC2, A",0x0011C0
0x001EC2,0xFDD,POSTDEC2,write,,"CLRF POSTDEC2, A",0x0011C0
0x001EC6,0x0B3,ram_0B3,read,,"ADDWF ram_0B3, W, B",0x0011C0
0x001EC8,0xFD9,FSR2L,write,,"MOVWF FSR2L, A",0x0011C0
0x001ECA,0xFDA,FSR2H,write,,"CLRF FSR2H, A",0x0011C0
0x001ECE,0xFDA,FSR2H,read_write,,"ADDWFC FSR2H, F, A",0x0011C0
0x001ED0,0xFDF,INDF2,write,,"CLRF INDF2, A",0x0011C0
0x001ED4,0x0B3,ram_0B3,read,,"ADDWF ram_0B3, W, B",0x0011C0
0x001ED6,0xFD9,FSR2L,write,,"MOVWF FSR2L, A",0x0011C0
0x001ED8,0xFDA,FSR2H,write,,"CLRF FSR2H, A",0x0011C0
0x001EDC,0xFDA,FSR2H,read_write,,"ADDWFC FSR2H, F, A",0x0011C0
0x001EE0,0xFDF,INDF2,write,,"MOVWF INDF2, A",0x0011C0
0x001EE4,0x0B3,ram_0B3,read,,"ADDWF ram_0B3, W, B",0x0011C0
0x001EE6,0xFD9,FSR2L,write,,"MOVWF FSR2L, A",0x0011C0
0x001EE8,0xFDA,FSR2H,write,,"CLRF FSR2H, A",0x0011C0
0x001EEC,0xFDA,FSR2H,read_write,,"ADDWFC FSR2H, F, A",0x0011C0
0x001EEE,0xFDF,INDF2,write,,"CLRF INDF2, A",0x0011C0
0x001EF2,0x0B3,ram_0B3,read,,"ADDWF ram_0B3, W, B",0x0011C0
0x001EF4,0xFD9,FSR2L,write,,"MOVWF FSR2L, A",0x0011C0
0x001EF6,0xFDA,FSR2H,write,,"CLRF FSR2H, A",0x0011C0
0x001EFA,0xFDA,FSR2H,read_write,,"ADDWFC FSR2H, F, A",0x0011C0
0x001EFE,0xFDF,INDF2,write,,"MOVWF INDF2, A",0x0011C0
0x001F00,0x0B3,ram_0B3,read_write,,"INCF ram_0B3, F, B",0x0011C0
0x001F08,0x470,ram_470,write,,"MOVWF ram_470, B",0x0011C0
0x001F0A,0x492,ram_492,write,,"CLRF ram_492, B",0x0011C0
0x001F0C,0x46F,ram_46F,write,,"CLRF ram_46F, B",0x0011C0
0x001F14,0x475,ram_475,write,,"MOVWF ram_475, B",0x0011C0
0x001F1A,0x495,ram_495,read_write,,"INCF ram_495, F, B",0x0011C0
0x001F1E,0x495,ram_495,read,,"CPFSGT ram_495, B",0x0011C0
0x001F22,0x495,ram_495,write,,"CLRF ram_495, B",0x0011C0
0x001F2C,0x48A,ram_48A,write,,"MOVWF ram_48A, B",0x0011C0
0x001F32,0x493,ram_493,read_write,,"INCF ram_493, F, B",0x0011C0
0x001F36,0x493,ram_493,read,,"CPFSGT ram_493, B",0x0011C0
0x001F3A,0x493,ram_493,write,,"CLRF ram_493, B",0x0011C0
0x001F46,0x06A,ram_06A,write,,"CLRF ram_06A, B",0x0011C0
0x001F52,0x06A,ram_06A,write,,"MOVWF ram_06A, B",0x0011C0
0x001F5C,0x0AD,ram_0AD,read,,"MOVF ram_0AD, W, B",0x0011C0
0x001F5E,0x077,ram_077,write,,"MOVWF ram_077, B",0x0011C0
0x001F60,0x078,ram_078,write,,"CLRF ram_078, B",0x0011C0
0x001F62,0x078,ram_078,read,,"MOVF ram_078, W, B",0x0011C0
0x001F66,0x077,ram_077,read,,"MOVF ram_077, W, B",0x0011C0
0x001F82,0x0AD,ram_0AD,write,,"CLRF ram_0AD, B",0x0011C0
0x001F88,0x0B2,ram_0B2,write,,"MOVWF ram_0B2, B",0x0011C0
0x001F8E,0x475,ram_475,write,,"MOVWF ram_475, B",0x0011C0
0x001F92,0x0AD,ram_0AD,read,,"MOVFF ram_0AD, ram_4F3",0x0011C0
0x001F92,0x4F3,ram_4F3,write,,"MOVFF ram_0AD, ram_4F3",0x0011C0
0x001F9A,0x0AD,ram_0AD,read,,"MOVF ram_0AD, W, B",0x0011C0
0x001F9C,0x077,ram_077,write,,"MOVWF ram_077, B",0x0011C0
0x001F9E,0x078,ram_078,write,,"CLRF ram_078, B",0x0011C0
0x001FA0,0x078,ram_078,read,,"MOVF ram_078, W, B",0x0011C0
0x001FA4,0x077,ram_077,read,,"MOVF ram_077, W, B",0x0011C0
0x001FB2,0x0AD,ram_0AD,read,5,"BTFSS ram_0AD, 5, B",0x0011C0
0x001FB8,0x471,ram_471,read,,"MOVF ram_471, W, B",0x0011C0
0x001FBE,0x450,ram_450,read,,"XORWF ram_450, W, B",0x0011C0
0x001FC4,0x451,ram_451,read,,"XORWF ram_451, W, B",0x0011C0
0x001FCA,0x450,ram_450,write,,"MOVWF ram_450, B",0x0011C0
0x001FD2,0x450,ram_450,write,,"MOVWF ram_450, B",0x0011C0
0x001FD6,0x451,ram_451,write,,"MOVWF ram_451, B",0x0011C0
0x001FDA,0x471,ram_471,write,,"MOVWF ram_471, B",0x0011C0
0x001FDE,0x0AD,ram_0AD,read,3,"BTFSS ram_0AD, 3, B",0x0011C0
0x001FE2,0x0B2,ram_0B2,read,,"MOVF ram_0B2, W, B",0x0011C0
0x001FE4,0xFD9,FSR2L,write,,"MOVWF FSR2L, A",0x0011C0
0x001FE6,0xFDA,FSR2H,write,,"CLRF FSR2H, A",0x0011C0
0x001FE8,0xFDF,INDF2,read,,"MOVF INDF2, W, A",0x0011C0
0x001FEC,0x093,ram_093,write,,"MOVWF ram_093, B",0x0011C0
0x001FEE,0x0B2,ram_0B2,read,,"MOVF ram_0B2, W, B",0x0011C0
0x001FF0,0xFD9,FSR2L,write,,"MOVWF FSR2L, A",0x0011C0
0x001FF2,0xFDA,FSR2H,write,,"CLRF FSR2H, A",0x0011C0
0x001FF6,0xFDF,INDF2,read_write,,"ANDWF INDF2, F, A",0x0011C0
0x001FF8,0x0B2,ram_0B2,read,,"MOVF ram_0B2, W, B",0x0011C0
0x001FFA,0xFD9,FSR2L,write,,"MOVWF FSR2L, A",0x0011C0
0x001FFC,0xFDA,FSR2H,write,,"CLRF FSR2H, A",0x0011C0
0x001FFE,0xFD8,STATUS,read_write,0,"BCF STATUS, 0, A",0x0011C0
0x002000,0xFDF,INDF2,read_write,,"RLCF INDF2, F, A",0x0011C0
0x002002,0x0B2,ram_0B2,read,,"MOVF ram_0B2, W, B",0x0011C0
0x002004,0xFD9,FSR2L,write,,"MOVWF FSR2L, A",0x0011C0
0x002006,0xFDA,FSR2H,write,,"CLRF FSR2H, A",0x0011C0
0x002008,0xFDF,INDF2,read,,"MOVF INDF2, W, A",0x0011C0
0x00200C,0x0B2,ram_0B2,read,,"MOVF ram_0B2, W, B",0x0011C0
0x00200E,0xFD9,FSR2L,write,,"MOVWF FSR2L, A",0x0011C0
0x002010,0xFDA,FSR2H,write,,"CLRF FSR2H, A",0x0011C0
0x002014,0xFDE,POSTINC2,read,,"XORWF POSTINC2, W, A",0x0011C0
0x002018,0x093,ram_093,read,,"MOVF ram_093, W, B",0x0011C0
0x00201C,0x0B2,ram_0B2,read,,"MOVF ram_0B2, W, B",0x0011C0
0x00201E,0xFD9,FSR2L,write,,"MOVWF FSR2L, A",0x0011C0
0x002020,0xFDA,FSR2H,write,,"CLRF FSR2H, A",0x0011C0
0x002024,0xFDF,INDF2,write,,"MOVWF INDF2, A",0x0011C0
0x002026,0x0B2,ram_0B2,read,,"MOVF ram_0B2, W, B",0x0011C0
0x002028,0xFD9,FSR2L,write,,"MOVWF FSR2L, A",0x0011C0
0x00202A,0xFDA,FSR2H,write,,"CLRF FSR2H, A",0x0011C0
0x00202E,0xFDF,INDF2,read_write,,"ANDWF INDF2, F, A",0x0011C0
0x002030,0x0B2,ram_0B2,read,,"MOVF ram_0B2, W, B",0x0011C0
0x002032,0xFD9,FSR2L,write,,"MOVWF FSR2L, A",0x0011C0
0x002034,0xFDA,FSR2H,write,,"CLRF FSR2H, A",0x0011C0
0x002036,0x093,ram_093,read,,"MOVF ram_093, W, B",0x0011C0
0x002038,0xFDF,INDF2,read_write,,"IORWF INDF2, F, A",0x0011C0
0x00203A,0x0AD,ram_0AD,read,4,"BTFSS ram_0AD, 4, B",0x0011C0
0x00203E,0x0B2,ram_0B2,read,,"MOVF ram_0B2, W, B",0x0011C0
0x002040,0xFD9,FSR2L,write,,"MOVWF FSR2L, A",0x0011C0
0x002042,0xFDA,FSR2H,write,,"CLRF FSR2H, A",0x0011C0
0x002044,0xFDF,INDF2,read,,"MOVF INDF2, W, A",0x0011C0
0x002048,0x093,ram_093,write,,"MOVWF ram_093, B",0x0011C0
0x00204A,0x0B2,ram_0B2,read,,"MOVF ram_0B2, W, B",0x0011C0
0x00204C,0xFD9,FSR2L,write,,"MOVWF FSR2L, A",0x0011C0
0x00204E,0xFDA,FSR2H,write,,"CLRF FSR2H, A",0x0011C0
0x002052,0xFDF,INDF2,read_write,,"ANDWF INDF2, F, A",0x0011C0
0x002054,0x0B2,ram_0B2,read,,"MOVF ram_0B2, W, B",0x0011C0
0x002056,0xFD9,FSR2L,write,,"MOVWF FSR2L, A",0x0011C0
0x002058,0xFDA,FSR2H,write,,"CLRF FSR2H, A",0x0011C0
0x00205A,0xFDF,INDF2,read,,"MOVF INDF2, W, A",0x0011C0
0x00205E,0x0B2,ram_0B2,read,,"MOVF ram_0B2, W, B",0x0011C0
0x002060,0xFD9,FSR2L,write,,"MOVWF FSR2L, A",0x0011C0
0x002062,0xFDA,FSR2H,write,,"CLRF FSR2H, A",0x0011C0
0x002066,0xFDE,POSTINC2,read,,"XORWF POSTINC2, W, A",0x0011C0
0x00206A,0x093,ram_093,read,,"MOVF ram_093, W, B",0x0011C0
0x00206E,0x0B2,ram_0B2,read,,"MOVF ram_0B2, W, B",0x0011C0
0x002070,0xFD9,FSR2L,write,,"MOVWF FSR2L, A",0x0011C0
0x002072,0xFDA,FSR2H,write,,"CLRF FSR2H, A",0x0011C0
0x002076,0xFDB,PLUSW2,read_write,2,"BSF PLUSW2, 2, A",0x0011C0
0x002078,0x0B2,ram_0B2,read,,"MOVF ram_0B2, W, B",0x0011C0
0x00207A,0xFD9,FSR2L,write,,"MOVWF FSR2L, A",0x0011C0
0x00207C,0xFDA,FSR2H,write,,"CLRF FSR2H, A",0x0011C0
0x00207E,0xFD8,STATUS,read_write,0,"BCF STATUS, 0, A",0x0011C0
0x002080,0xFDF,INDF2,read_write,,"RLCF INDF2, F, A",0x0011C0
0x002082,0x0B2,ram_0B2,read,,"MOVF ram_0B2, W, B",0x0011C0
0x002084,0xFD9,FSR2L,write,,"MOVWF FSR2L, A",0x0011C0
0x002086,0xFDA,FSR2H,write,,"CLRF FSR2H, A",0x0011C0
0x00208A,0xFDF,INDF2,read_write,,"ANDWF INDF2, F, A",0x0011C0
0x00208C,0x0B2,ram_0B2,read,,"MOVF ram_0B2, W, B",0x0011C0
0x00208E,0xFD9,FSR2L,write,,"MOVWF FSR2L, A",0x0011C0
0x002090,0xFDA,FSR2H,write,,"CLRF FSR2H, A",0x0011C0
0x002092,0x093,ram_093,read,,"MOVF ram_093, W, B",0x0011C0
0x002094,0xFDF,INDF2,read_write,,"IORWF INDF2, F, A",0x0011C0
0x002096,0x040,ram_040,read,,"MOVFF ram_040, ram_077",0x0011C0
0x002096,0x077,ram_077,write,,"MOVFF ram_040, ram_077",0x0011C0
0x00209C,0x077,ram_077,read_write,,"ANDWF ram_077, F, B",0x0011C0
0x0020A0,0x040,ram_040,read,,"MOVFF ram_040, ram_077",0x0011C0
0x0020A0,0x077,ram_077,write,,"MOVFF ram_040, ram_077",0x0011C0
0x0020A6,0x077,ram_077,read_write,,"ANDWF ram_077, F, B",0x0011C0
0x0020AA,0x040,ram_040,read_write,7,"BSF ram_040, 7, A",0x0011C0
0x0020B0,0x040,ram_040,read_write,,"ANDWF ram_040, F, A",0x0011C0
0x0020B8,0x475,ram_475,write,,"MOVWF ram_475, B",0x0011C0
0x0020BC,0x0AD,ram_0AD,read,,"MOVF ram_0AD, W, B",0x0011C0
0x0020C0,0x0AD,ram_0AD,read,,"MOVF ram_0AD, W, B",0x0011C0
0x0020C4,0x4F1,ram_4F1,read_write,,"XORWF ram_4F1, F, B",0x0011C0
0x0020C8,0x4F1,ram_4F1,read,0,"BTFSC ram_4F1, 0, B",0x0011C0
0x0020CA,0x472,ram_472,read,0,"BTFSS ram_472, 0, B",0x0011C0
0x0020CE,0x472,ram_472,read_write,,"INCF ram_472, F, B",0x0011C0
0x0020D2,0x472,ram_472,read,,"CPFSGT ram_472, B",0x0011C0
0x0020D8,0x4F1,ram_4F1,read_write,,"XORWF ram_4F1, F, B",0x0011C0
0x0020DA,0x472,ram_472,write,,"CLRF ram_472, B",0x0011C0
0x0020DC,0x4F1,ram_4F1,read,0,"BTFSS ram_4F1, 0, B",0x0011C0
0x0020DE,0x472,ram_472,read,0,"BTFSC ram_472, 0, B",0x0011C0
0x0020E2,0x472,ram_472,read_write,,"INCF ram_472, F, B",0x0011C0
0x0020E6,0x48C,ram_48C,read,,"MOVF ram_48C, W, B",0x0011C0
0x0020EA,0x077,ram_077,write,,"MOVWF ram_077, B",0x0011C0
0x0020EC,0x078,ram_078,write,,"CLRF ram_078, B",0x0011C0
0x0020EE,0x078,ram_078,read,,"MOVF ram_078, W, B",0x0011C0
0x0020F2,0x077,ram_077,read,,"MOVF ram_077, W, B",0x0011C0
0x002108,0x4F2,ram_4F2,read,,"MOVF ram_4F2, W, B",0x0011C0
0x00210C,0x48E,ram_48E,read,,"MOVF ram_48E, W, B",0x0011C0
0x00210E,0xFD8,STATUS,read,2,"BTFSC STATUS, 2, A",0x0011C0
0x002114,0x0AD,ram_0AD,read,,"MOVF ram_0AD, W, B",0x0011C0
0x002116,0xFD8,STATUS,read,2,"BTFSC STATUS, 2, A",0x0011C0
0x00211C,0x0AB,ram_0AB,write,,"MOVWF ram_0AB, B",0x0011C0
0x00211E,0x0AC,ram_0AC,write,,"MOVWF ram_0AC, B",0x0011C0
0x002122,0x091,ram_091,write,,"MOVWF ram_091, B",0x0011C0
0x002124,0x0A9,ram_0A9,write,,"CLRF ram_0A9, B",0x0011C0
0x002128,0x0A9,ram_0A9,read,,"XORWF ram_0A9, W, B",0x0011C0
0x00212E,0x0AC,ram_0AC,read,,"MOVF ram_0AC, W, B",0x0011C0
0x002130,0x0AD,ram_0AD,read,,"ANDWF ram_0AD, W, B",0x0011C0
0x002138,0x489,ram_489,read,,"MOVF ram_489, W, B",0x0011C0
0x002140,0x0A9,ram_0A9,read,,"ADDWF ram_0A9, W, B",0x0011C0
0x002142,0xFD9,FSR2L,write,,"MOVWF FSR2L, A",0x0011C0
0x002144,0xFDA,FSR2H,write,,"CLRF FSR2H, A",0x0011C0
0x002148,0xFDA,FSR2H,read_write,,"ADDWFC FSR2H, F, A",0x0011C0
0x00214C,0xFDF,INDF2,read_write,,"XORWF INDF2, F, A",0x0011C0
0x002150,0x0A9,ram_0A9,read,,"ADDWF ram_0A9, W, B",0x0011C0
0x002152,0xFD9,FSR2L,write,,"MOVWF FSR2L, A",0x0011C0
0x002154,0xFDA,FSR2H,write,,"CLRF FSR2H, A",0x0011C0
0x002158,0xFDA,FSR2H,read_write,,"ADDWFC FSR2H, F, A",0x0011C0
0x00215A,0xFDF,INDF2,read,,"MOVF INDF2, W, A",0x0011C0
0x00215E,0x03E,ram_03E,read,,"MOVF ram_03E, W, A",0x0011C0
0x002166,0x03E,ram_03E,read,,"ADDWF ram_03E, W, A",0x0011C0
0x002168,0xFD9,FSR2L,write,,"MOVWF FSR2L, A",0x0011C0
0x00216A,0xFDA,FSR2H,write,,"CLRF FSR2H, A",0x0011C0
0x00216E,0xFDA,FSR2H,read_write,,"ADDWFC FSR2H, F, A",0x0011C0
0x002172,0x0AC,ram_0AC,read,,"MOVF ram_0AC, W, B",0x0011C0
0x002174,0xFDF,INDF2,read_write,,"IORWF INDF2, F, A",0x0011C0
0x002176,0x012,ram_012,write,,"CLRF ram_012, A",0x0011C0
0x002184,0x09D,ram_09D,write,,"CLRF ram_09D, B",0x0011C0
0x002186,0x09E,ram_09E,write,,"CLRF ram_09E, B",0x0011C0
0x00218A,0x09D,ram_09D,read,,"XORWF ram_09D, W, B",0x0011C0
0x00218C,0x09E,ram_09E,read,,"IORWF ram_09E, W, B",0x0011C0
0x002190,0x09D,ram_09D,read,,"MOVFF ram_09D, ram_012",0x0011C0
0x002190,0x012,ram_012,write,,"MOVFF ram_09D, ram_012",0x0011C0
0x0021A2,0x09D,ram_09D,read,,"ADDWF ram_09D, W, B",0x0011C0
0x0021A4,0xFD9,FSR2L,write,,"MOVWF FSR2L, A",0x0011C0
0x0021A8,0x09E,ram_09E,read,,"ADDWFC ram_09E, W, B",0x0011C0
0x0021AA,0xFDA,FSR2H,write,,"MOVWF FSR2H, A",0x0011C0
0x0021AC,0x0AC,ram_0AC,read,,"MOVF ram_0AC, W, B",0x0011C0
0x0021AE,0xFDF,INDF2,read_write,,"IORWF INDF2, F, A",0x0011C0
0x0021B0,0x09D,ram_09D,read,,"MOVF ram_09D, W, B",0x0011C0
0x0021B8,0x09D,ram_09D,read_write,,"INFSNZ ram_09D, F, B",0x0011C0
0x0021BA,0x09E,ram_09E,read_write,,"INCF ram_09E, F, B",0x0011C0
0x0021BE,0x03E,ram_03E,read,,"MOVF ram_03E, W, A",0x0011C0
0x0021C6,0x0AC,ram_0AC,read,,"COMF ram_0AC, W, B",0x0011C0
0x0021C8,0x077,ram_077,write,,"MOVWF ram_077, B",0x0011C0
0x0021CC,0x03E,ram_03E,read,,"ADDWF ram_03E, W, A",0x0011C0
0x0021CE,0xFD9,FSR2L,write,,"MOVWF FSR2L, A",0x0011C0
0x0021D0,0xFDA,FSR2H,write,,"CLRF FSR2H, A",0x0011C0
0x0021D4,0xFDA,FSR2H,read_write,,"ADDWFC FSR2H, F, A",0x0011C0
0x0021D6,0x077,ram_077,read,,"MOVF ram_077, W, B",0x0011C0
0x0021D8,0xFDF,INDF2,read_write,,"ANDWF INDF2, F, A",0x0011C0
0x0021DA,0x012,ram_012,write,,"CLRF ram_012, A",0x0011C0
0x0021E8,0x09F,ram_09F,write,,"CLRF ram_09F, B",0x0011C0
0x0021EA,0x0A0,ram_0A0,write,,"CLRF ram_0A0, B",0x0011C0
0x0021EE,0x09F,ram_09F,read,,"XORWF ram_09F, W, B",0x0011C0
0x0021F0,0x0A0,ram_0A0,read,,"IORWF ram_0A0, W, B",0x0011C0
0x0021F4,0x09F,ram_09F,read,,"MOVFF ram_09F, ram_012",0x0011C0
0x0021F4,0x012,ram_012,write,,"MOVFF ram_09F, ram_012",0x0011C0
0x002204,0x0AC,ram_0AC,read,,"COMF ram_0AC, W, B",0x0011C0
0x002206,0x077,ram_077,write,,"MOVWF ram_077, B",0x0011C0
0x00220A,0x09F,ram_09F,read,,"ADDWF ram_09F, W, B",0x0011C0
0x00220C,0xFD9,FSR2L,write,,"MOVWF FSR2L, A",0x0011C0
0x002210,0x0A0,ram_0A0,read,,"ADDWFC ram_0A0, W, B",0x0011C0
0x002212,0xFDA,FSR2H,write,,"MOVWF FSR2H, A",0x0011C0
0x002214,0x077,ram_077,read,,"MOVF ram_077, W, B",0x0011C0
0x002216,0xFDF,INDF2,read_write,,"ANDWF INDF2, F, A",0x0011C0
0x002218,0x09F,ram_09F,read,,"MOVF ram_09F, W, B",0x0011C0
0x002220,0x09F,ram_09F,read_write,,"INFSNZ ram_09F, F, B",0x0011C0
0x002222,0x0A0,ram_0A0,read_write,,"INCF ram_0A0, F, B",0x0011C0
0x002228,0x0AB,ram_0AB,read,,"MOVF ram_0AB, W, B",0x0011C0
0x002230,0x490,ram_490,read,,"MOVF ram_490, W, B",0x0011C0
0x002238,0x0A9,ram_0A9,read,,"ADDWF ram_0A9, W, B",0x0011C0
0x00223A,0xFD9,FSR2L,write,,"MOVWF FSR2L, A",0x0011C0
0x00223C,0xFDA,FSR2H,write,,"CLRF FSR2H, A",0x0011C0
0x002240,0xFDA,FSR2H,read_write,,"ADDWFC FSR2H, F, A",0x0011C0
0x002244,0xFDF,INDF2,read_write,,"XORWF INDF2, F, A",0x0011C0
0x002248,0x0A9,ram_0A9,read,,"ADDWF ram_0A9, W, B",0x0011C0
0x00224A,0xFD9,FSR2L,write,,"MOVWF FSR2L, A",0x0011C0
0x00224C,0xFDA,FSR2H,write,,"CLRF FSR2H, A",0x0011C0
0x002250,0xFDA,FSR2H,read_write,,"ADDWFC FSR2H, F, A",0x0011C0
0x002252,0xFDF,INDF2,read,,"MOVF INDF2, W, A",0x0011C0
0x002256,0x03E,ram_03E,read,,"MOVF ram_03E, W, A",0x0011C0
0x00225E,0x03E,ram_03E,read,,"ADDWF ram_03E, W, A",0x0011C0
0x002260,0xFD9,FSR2L,write,,"MOVWF FSR2L, A",0x0011C0
0x002262,0xFDA,FSR2H,write,,"CLRF FSR2H, A",0x0011C0
0x002266,0xFDA,FSR2H,read_write,,"ADDWFC FSR2H, F, A",0x0011C0
0x00226A,0x0AC,ram_0AC,read,,"MOVF ram_0AC, W, B",0x0011C0
0x00226C,0xFDF,INDF2,read_write,,"IORWF INDF2, F, A",0x0011C0
0x00226E,0x012,ram_012,write,,"CLRF ram_012, A",0x0011C0
0x00227C,0x0A1,ram_0A1,write,,"CLRF ram_0A1, B",0x0011C0
0x00227E,0x0A2,ram_0A2,write,,"CLRF ram_0A2, B",0x0011C0
0x002282,0x0A1,ram_0A1,read,,"XORWF ram_0A1, W, B",0x0011C0
0x002284,0x0A2,ram_0A2,read,,"IORWF ram_0A2, W, B",0x0011C0
0x002288,0x0A1,ram_0A1,read,,"MOVFF ram_0A1, ram_012",0x0011C0
0x002288,0x012,ram_012,write,,"MOVFF ram_0A1, ram_012",0x0011C0
0x00229A,0x0A1,ram_0A1,read,,"ADDWF ram_0A1, W, B",0x0011C0
0x00229C,0xFD9,FSR2L,write,,"MOVWF FSR2L, A",0x0011C0
0x0022A0,0x0A2,ram_0A2,read,,"ADDWFC ram_0A2, W, B",0x0011C0
0x0022A2,0xFDA,FSR2H,write,,"MOVWF FSR2H, A",0x0011C0
0x0022A4,0x0AC,ram_0AC,read,,"MOVF ram_0AC, W, B",0x0011C0
0x0022A6,0xFDF,INDF2,read_write,,"IORWF INDF2, F, A",0x0011C0
0x0022A8,0x0A1,ram_0A1,read,,"MOVF ram_0A1, W, B",0x0011C0
0x0022B0,0x0A1,ram_0A1,read_write,,"INFSNZ ram_0A1, F, B",0x0011C0
0x0022B2,0x0A2,ram_0A2,read_write,,"INCF ram_0A2, F, B",0x0011C0
0x0022B6,0x03E,ram_03E,read,,"MOVF ram_03E, W, A",0x0011C0
0x0022BE,0x0AC,ram_0AC,read,,"COMF ram_0AC, W, B",0x0011C0
0x0022C0,0x077,ram_077,write,,"MOVWF ram_077, B",0x0011C0
0x0022C4,0x03E,ram_03E,read,,"ADDWF ram_03E, W, A",0x0011C0
0x0022C6,0xFD9,FSR2L,write,,"MOVWF FSR2L, A",0x0011C0
0x0022C8,0xFDA,FSR2H,write,,"CLRF FSR2H, A",0x0011C0
0x0022CC,0xFDA,FSR2H,read_write,,"ADDWFC FSR2H, F, A",0x0011C0
0x0022CE,0x077,ram_077,read,,"MOVF ram_077, W, B",0x0011C0
0x0022D0,0xFDF,INDF2,read_write,,"ANDWF INDF2, F, A",0x0011C0
0x0022D2,0x012,ram_012,write,,"CLRF ram_012, A",0x0011C0
0x0022E0,0x0A3,ram_0A3,write,,"CLRF ram_0A3, B",0x0011C0
0x0022E2,0x0A4,ram_0A4,write,,"CLRF ram_0A4, B",0x0011C0
0x0022E6,0x0A3,ram_0A3,read,,"XORWF ram_0A3, W, B",0x0011C0
0x0022E8,0x0A4,ram_0A4,read,,"IORWF ram_0A4, W, B",0x0011C0
0x0022EC,0x0A3,ram_0A3,read,,"MOVFF ram_0A3, ram_012",0x0011C0
0x0022EC,0x012,ram_012,write,,"MOVFF ram_0A3, ram_012",0x0011C0
0x0022FC,0x0AC,ram_0AC,read,,"COMF ram_0AC, W, B",0x0011C0
0x0022FE,0x077,ram_077,write,,"MOVWF ram_077, B",0x0011C0
0x002302,0x0A3,ram_0A3,read,,"ADDWF ram_0A3, W, B",0x0011C0
0x002304,0xFD9,FSR2L,write,,"MOVWF FSR2L, A",0x0011C0
0x002308,0x0A4,ram_0A4,read,,"ADDWFC ram_0A4, W, B",0x0011C0
0x00230A,0xFDA,FSR2H,write,,"MOVWF FSR2H, A",0x0011C0
0x00230C,0x077,ram_077,read,,"MOVF ram_077, W, B",0x0011C0
0x00230E,0xFDF,INDF2,read_write,,"ANDWF INDF2, F, A",0x0011C0
0x002310,0x0A3,ram_0A3,read,,"MOVF ram_0A3, W, B",0x0011C0
0x002318,0x0A3,ram_0A3,read_write,,"INFSNZ ram_0A3, F, B",0x0011C0
0x00231A,0x0A4,ram_0A4,read_write,,"INCF ram_0A4, F, B",0x0011C0
0x002320,0x0AB,ram_0AB,read,,"MOVF ram_0AB, W, B",0x0011C0
0x002328,0x48F,ram_48F,read,,"MOVF ram_48F, W, B",0x0011C0
0x00232C,0x492,ram_492,read,,"MOVF ram_492, W, B",0x0011C0
0x002334,0x0A9,ram_0A9,read,,"ADDWF ram_0A9, W, B",0x0011C0
0x002336,0xFD9,FSR2L,write,,"MOVWF FSR2L, A",0x0011C0
0x002338,0xFDA,FSR2H,write,,"CLRF FSR2H, A",0x0011C0
0x00233C,0xFDA,FSR2H,read_write,,"ADDWFC FSR2H, F, A",0x0011C0
0x00233E,0xFDF,INDF2,read_write,,"INCF INDF2, F, A",0x0011C0
0x002342,0xFD8,STATUS,read_write,0,"BCF STATUS, 0, A",0x0011C0
0x002344,0x0AC,ram_0AC,read_write,,"RLCF ram_0AC, F, B",0x0011C0
0x002346,0x0A9,ram_0A9,read_write,,"INCF ram_0A9, F, B",0x0011C0
0x00234C,0x0B8,ram_0B8,write,,"CLRF ram_0B8, B",0x00234A
0x002350,0x0B8,ram_0B8,read,,"ADDWF ram_0B8, W, B",0x00234A
0x002352,0xFD9,FSR2L,write,,"MOVWF FSR2L, A",0x00234A
0x002354,0xFDA,FSR2H,write,,"CLRF FSR2H, A",0x00234A
0x002358,0xFDA,FSR2H,read_write,,"ADDWFC FSR2H, F, A",0x00234A
0x00235A,0xFDF,INDF2,read,,"MOVF INDF2, W, A",0x00234A
0x00235E,0x0B8,ram_0B8,read,,"MOVF ram_0B8, W, B",0x00234A
0x002362,0xFF3,PRODL,read,,"MOVF PRODL, W, A",0x00234A
0x002366,0xFD9,FSR2L,write,,"MOVWF FSR2L, A",0x00234A
0x002368,0xFDA,FSR2H,write,,"CLRF FSR2H, A",0x00234A
0x00236A,0xFDE,POSTINC2,read,,"MOVFF POSTINC2, ram_085",0x00234A
0x00236A,0x085,ram_085,write,,"MOVFF POSTINC2, ram_085",0x00234A
0x00236E,0xFDD,POSTDEC2,read,,"MOVFF POSTDEC2, ram_086",0x00234A
0x00236E,0x086,ram_086,write,,"MOVFF POSTDEC2, ram_086",0x00234A
0x002372,0x085,ram_085,read,,"MOVFF ram_085, FSR2L",0x00234A
0x002372,0xFD9,FSR2L,write,,"MOVFF ram_085, FSR2L",0x00234A
0x002376,0x086,ram_086,read,,"MOVFF ram_086, FSR2H",0x00234A
0x002376,0xFDA,FSR2H,write,,"MOVFF ram_086, FSR2H",0x00234A
0x00237A,0xFDF,INDF2,read,,"MOVF INDF2, W, A",0x00234A
0x002380,0x0B8,ram_0B8,read,,"ADDWF ram_0B8, W, B",0x00234A
0x002382,0xFD9,FSR2L,write,,"MOVWF FSR2L, A",0x00234A
0x002384,0xFDA,FSR2H,write,,"CLRF FSR2H, A",0x00234A
0x002388,0xFDA,FSR2H,read_write,,"ADDWFC FSR2H, F, A",0x00234A
0x00238C,0xFDF,INDF2,write,,"MOVWF INDF2, A",0x00234A
0x002390,0x0B8,ram_0B8,read,,"ADDWF ram_0B8, W, B",0x00234A
0x002392,0xFD9,FSR2L,write,,"MOVWF FSR2L, A",0x00234A
0x002394,0xFDA,FSR2H,write,,"CLRF FSR2H, A",0x00234A
0x002398,0xFDA,FSR2H,read_write,,"ADDWFC FSR2H, F, A",0x00234A
0x00239C,0x0B8,ram_0B8,read,,"ADDWF ram_0B8, W, B",0x00234A
0x00239E,0xFE1,FSR1L,write,,"MOVWF FSR1L, A",0x00234A
0x0023A0,0xFE2,FSR1H,write,,"CLRF FSR1H, A",0x00234A
0x0023A4,0xFE2,FSR1H,read_write,,"ADDWFC FSR1H, F, A",0x00234A
0x0023A6,0xFDE,POSTINC2,read,,"MOVF POSTINC2, W, A",0x00234A
0x0023A8,0xFE6,POSTINC1,read,,"XORWF POSTINC1, W, A",0x00234A
0x0023AE,0x0B8,ram_0B8,read,,"ADDWF ram_0B8, W, B",0x00234A
0x0023B0,0xFD9,FSR2L,write,,"MOVWF FSR2L, A",0x00234A
0x0023B2,0xFDA,FSR2H,write,,"CLRF FSR2H, A",0x00234A
0x0023B6,0xFDA,FSR2H,read_write,,"ADDWFC FSR2H, F, A",0x00234A
0x0023B8,0xFDF,INDF2,write,,"CLRF INDF2, A",0x00234A
0x0023BC,0x0B8,ram_0B8,read,,"ADDWF ram_0B8, W, B",0x00234A
0x0023BE,0xFD9,FSR2L,write,,"MOVWF FSR2L, A",0x00234A
0x0023C0,0xFDA,FSR2H,write,,"CLRF FSR2H, A",0x00234A
0x0023C4,0xFDA,FSR2H,read_write,,"ADDWFC FSR2H, F, A",0x00234A
0x0023C8,0x0B8,ram_0B8,read,,"ADDWF ram_0B8, W, B",0x00234A
0x0023CA,0xFE1,FSR1L,write,,"MOVWF FSR1L, A",0x00234A
0x0023CC,0xFE2,FSR1H,write,,"CLRF FSR1H, A",0x00234A
0x0023D0,0xFE2,FSR1H,read_write,,"ADDWFC FSR1H, F, A",0x00234A
0x0023D2,0xFDF,INDF2,read,,"MOVFF INDF2, INDF1",0x00234A
0x0023D2,0xFE7,INDF1,write,,"MOVFF INDF2, INDF1",0x00234A
0x0023D8,0x0B8,ram_0B8,read,,"ADDWF ram_0B8, W, B",0x00234A
0x0023DA,0xFD9,FSR2L,write,,"MOVWF FSR2L, A",0x00234A
0x0023DC,0xFDA,FSR2H,write,,"CLRF FSR2H, A",0x00234A
0x0023E0,0xFDA,FSR2H,read_write,,"ADDWFC FSR2H, F, A",0x00234A
0x0023E2,0xFDF,INDF2,read,,"MOVF INDF2, W, A",0x00234A
0x0023E4,0x0A9,ram_0A9,write,,"MOVWF ram_0A9, B",0x00234A
0x0023E8,0x0B8,ram_0B8,read,,"ADDWF ram_0B8, W, B",0x00234A
0x0023EA,0xFD9,FSR2L,write,,"MOVWF FSR2L, A",0x00234A
0x0023EC,0xFDA,FSR2H,write,,"CLRF FSR2H, A",0x00234A
0x0023F0,0xFDA,FSR2H,read_write,,"ADDWFC FSR2H, F, A",0x00234A
0x0023F2,0xFDF,INDF2,write,,"SETF INDF2, A",0x00234A
0x0023F4,0x040,ram_040,read,,"MOVFF ram_040, ram_085",0x00234A
0x0023F4,0x085,ram_085,write,,"MOVFF ram_040, ram_085",0x00234A
0x0023FA,0x085,ram_085,read_write,,"ANDWF ram_085, F, B",0x00234A
0x0023FE,0x0A9,ram_0A9,read,,"INCF ram_0A9, W, B",0x00234A
0x002402,0x0A9,ram_0A9,read,,"MOVF ram_0A9, W, B",0x00234A
0x00240E,0xFF3,PRODL,read,,"ADDWF PRODL, W, A",0x00234A
0x002410,0xFD9,FSR2L,write,,"MOVWF FSR2L, A",0x00234A
0x002414,0xFF4,PRODH,read,,"ADDWFC PRODH, W, A",0x00234A
0x002416,0xFDA,FSR2H,write,,"MOVWF FSR2H, A",0x00234A
0x002418,0x068,ram_068,read,,"MOVFF ram_068, POSTINC2",0x00234A
0x002418,0xFDE,POSTINC2,write,,"MOVFF ram_068, POSTINC2",0x00234A
0x00241C,0x069,ram_069,read,,"MOVFF ram_069, POSTINC2",0x00234A
0x00241C,0xFDE,POSTINC2,write,,"MOVFF ram_069, POSTINC2",0x00234A
0x002420,0x06A,ram_06A,read,,"MOVFF ram_06A, POSTINC2",0x00234A
0x002420,0xFDE,POSTINC2,write,,"MOVFF ram_06A, POSTINC2",0x00234A
0x002424,0x06B,ram_06B,read,,"MOVFF ram_06B, POSTINC2",0x00234A
0x002424,0xFDE,POSTINC2,write,,"MOVFF ram_06B, POSTINC2",0x00234A
0x00242C,0xFD9,FSR2L,write,,"MOVWF FSR2L, A",0x00234A
0x00242E,0xFDA,FSR2H,write,,"CLRF FSR2H, A",0x00234A
0x002432,0xFDA,FSR2H,read_write,,"ADDWFC FSR2H, F, A",0x00234A
0x002434,0xFDF,INDF2,write,,"CLRF INDF2, A",0x00234A
0x00243A,0xFD9,FSR2L,write,,"MOVWF FSR2L, A",0x00234A
0x00243C,0xFDA,FSR2H,write,,"CLRF FSR2H, A",0x00234A
0x002440,0xFDA,FSR2H,read_write,,"ADDWFC FSR2H, F, A",0x00234A
0x002442,0xFDF,INDF2,write,,"CLRF INDF2, A",0x00234A
0x00244A,0xFD9,FSR2L,write,,"MOVWF FSR2L, A",0x00234A
0x00244C,0xFDA,FSR2H,write,,"CLRF FSR2H, A",0x00234A
0x002450,0xFDA,FSR2H,read_write,,"ADDWFC FSR2H, F, A",0x00234A
0x002454,0xFDE,POSTINC2,read,,"XORWF POSTINC2, W, A",0x00234A
0x00245E,0xFF3,PRODL,read,,"ADDWF PRODL, W, A",0x00234A
0x002460,0xFD9,FSR2L,write,,"MOVWF FSR2L, A",0x00234A
0x002464,0xFF4,PRODH,read,,"ADDWFC PRODH, W, A",0x00234A
0x002466,0xFDA,FSR2H,write,,"MOVWF FSR2H, A",0x00234A
0x00246E,0xFF3,PRODL,read,,"ADDWF PRODL, W, A",0x00234A
0x002470,0xFE1,FSR1L,write,,"MOVWF FSR1L, A",0x00234A
0x002474,0xFF4,PRODH,read,,"ADDWFC PRODH, W, A",0x00234A
0x002476,0xFE2,FSR1H,write,,"MOVWF FSR1H, A",0x00234A
0x002478,0xFDE,POSTINC2,read,,"MOVFF POSTINC2, POSTINC1",0x00234A
0x002478,0xFE6,POSTINC1,write,,"MOVFF POSTINC2, POSTINC1",0x00234A
0x00247C,0xFDE,POSTINC2,read,,"MOVFF POSTINC2, POSTINC1",0x00234A
0x00247C,0xFE6,POSTINC1,write,,"MOVFF POSTINC2, POSTINC1",0x00234A
0x002480,0xFDE,POSTINC2,read,,"MOVFF POSTINC2, POSTINC1",0x00234A
0x002480,0xFE6,POSTINC1,write,,"MOVFF POSTINC2, POSTINC1",0x00234A
0x002484,0xFDE,POSTINC2,read,,"MOVFF POSTINC2, POSTINC1",0x00234A
0x002484,0xFE6,POSTINC1,write,,"MOVFF POSTINC2, POSTINC1",0x00234A
0x00248C,0xFD9,FSR2L,write,,"MOVWF FSR2L, A",0x00234A
0x00248E,0xFDA,FSR2H,write,,"CLRF FSR2H, A",0x00234A
0x002492,0xFDA,FSR2H,read_write,,"ADDWFC FSR2H, F, A",0x00234A
0x002494,0xFDF,INDF2,write,,"SETF INDF2, A",0x00234A
0x0024A2,0xFD9,FSR2L,write,,"MOVWF FSR2L, A",0x00234A
0x0024A4,0xFDA,FSR2H,write,,"CLRF FSR2H, A",0x00234A
0x0024A8,0xFDA,FSR2H,read_write,,"ADDWFC FSR2H, F, A",0x00234A
0x0024AA,0xFDF,INDF2,read,,"MOVF INDF2, W, A",0x00234A
0x0024B2,0xFD9,FSR2L,write,,"MOVWF FSR2L, A",0x00234A
0x0024B4,0xFDA,FSR2H,write,,"CLRF FSR2H, A",0x00234A
0x0024B8,0xFDA,FSR2H,read_write,,"ADDWFC FSR2H, F, A",0x00234A
0x0024BA,0xFDF,INDF2,read,,"MOVF INDF2, W, A",0x00234A
0x0024BE,0x03E,ram_03E,read,,"MOVF ram_03E, W, A",0x00234A
0x0024C2,0x4EA,ram_4EA,read,,"XORWF ram_4EA, W, B",0x00234A
0x0024CA,0x0B8,ram_0B8,read,,"ADDWF ram_0B8, W, B",0x00234A
0x0024CC,0xFD9,FSR2L,write,,"MOVWF FSR2L, A",0x00234A
0x0024CE,0xFDA,FSR2H,write,,"CLRF FSR2H, A",0x00234A
0x0024D2,0xFDA,FSR2H,read_write,,"ADDWFC FSR2H, F, A",0x00234A
0x0024D4,0xFDF,INDF2,write,,"CLRF INDF2, A",0x00234A
0x0024D6,0x0B8,ram_0B8,read,,"MOVF ram_0B8, W, B",0x00234A
0x0024DC,0xFF3,PRODL,read,,"ADDWF PRODL, W, A",0x00234A
0x0024DE,0xFD9,FSR2L,write,,"MOVWF FSR2L, A",0x00234A
0x0024E2,0xFF4,PRODH,read,,"ADDWFC PRODH, W, A",0x00234A
0x0024E4,0xFDA,FSR2H,write,,"MOVWF FSR2H, A",0x00234A
0x0024E6,0xFDE,POSTINC2,write,,"CLRF POSTINC2, A",0x00234A
0x0024E8,0xFDE,POSTINC2,write,,"CLRF POSTINC2, A",0x00234A
0x0024EA,0xFDE,POSTINC2,write,,"CLRF POSTINC2, A",0x00234A
0x0024EC,0xFDD,POSTDEC2,write,,"CLRF POSTDEC2, A",0x00234A
0x0024F0,0x0B8,ram_0B8,read,,"ADDWF ram_0B8, W, B",0x00234A
0x0024F2,0xFD9,FSR2L,write,,"MOVWF FSR2L, A",0x00234A
0x0024F4,0xFDA,FSR2H,write,,"CLRF FSR2H, A",0x00234A
0x0024F8,0xFDA,FSR2H,read_write,,"ADDWFC FSR2H, F, A",0x00234A
0x0024FC,0xFDF,INDF2,write,,"MOVWF INDF2, A",0x00234A
0x002500,0x482,ram_482,read,,"MOVF ram_482, W, B",0x00234A
0x002508,0x0B8,ram_0B8,read,,"ADDWF ram_0B8, W, B",0x00234A
0x00250A,0xFD9,FSR2L,write,,"MOVWF FSR2L, A",0x00234A
0x00250C,0xFDA,FSR2H,write,,"CLRF FSR2H, A",0x00234A
0x002510,0xFDA,FSR2H,read_write,,"ADDWFC FSR2H, F, A",0x00234A
0x002512,0xFDF,INDF2,read,,"MOVF INDF2, W, A",0x00234A
0x002518,0x0B8,ram_0B8,read,,"ADDWF ram_0B8, W, B",0x00234A
0x00251A,0xFD9,FSR2L,write,,"MOVWF FSR2L, A",0x00234A
0x00251C,0xFDA,FSR2H,write,,"CLRF FSR2H, A",0x00234A
0x002520,0xFDA,FSR2H,read_write,,"ADDWFC FSR2H, F, A",0x00234A
0x002522,0xFDF,INDF2,read,,"MOVF INDF2, W, A",0x00234A
0x00252E,0x0B8,ram_0B8,read,,"ADDWF ram_0B8, W, B",0x00234A
0x002530,0xFD9,FSR2L,write,,"MOVWF FSR2L, A",0x00234A
0x002532,0xFDA,FSR2H,write,,"CLRF FSR2H, A",0x00234A
0x002536,0xFDA,FSR2H,read_write,,"ADDWFC FSR2H, F, A",0x00234A
0x002538,0xFDF,INDF2,read,,"MOVF INDF2, W, A",0x00234A
0x002540,0x04C,ram_04C,read,7,"BTFSC ram_04C, 7, A",0x00234A
0x002546,0x04C,ram_04C,read,,"MOVF ram_04C, W, A",0x00234A
0x002548,0x04B,ram_04B,read,,"IORWF ram_04B, W, A",0x00234A
0x00254A,0x04A,ram_04A,read,,"IORWF ram_04A, W, A",0x00234A
0x002550,0x049,ram_049,read,,"SUBWF ram_049, W, A",0x00234A
0x002558,0x0B8,ram_0B8,read,,"MOVF ram_0B8, W, B",0x00234A
0x00255C,0xFF3,PRODL,read,,"MOVFF PRODL, ram_085",0x00234A
0x00255C,0x085,ram_085,write,,"MOVFF PRODL, ram_085",0x00234A
0x002560,0xFF4,PRODH,read,,"MOVFF PRODH, ram_086",0x00234A
0x002560,0x086,ram_086,write,,"MOVFF PRODH, ram_086",0x00234A
0x002564,0xFD8,STATUS,read_write,0,"BCF STATUS, 0, A",0x00234A
0x002566,0x085,ram_085,read_write,,"RLCF ram_085, F, B",0x00234A
0x002568,0x086,ram_086,read_write,,"RLCF ram_086, F, B",0x00234A
0x00256A,0xFD8,STATUS,read_write,0,"BCF STATUS, 0, A",0x00234A
0x00256C,0x085,ram_085,read_write,,"RLCF ram_085, F, B",0x00234A
0x00256E,0x086,ram_086,read_write,,"RLCF ram_086, F, B",0x00234A
0x002572,0x085,ram_085,read,,"ADDWF ram_085, W, B",0x00234A
0x002574,0xFD9,FSR2L,write,,"MOVWF FSR2L, A",0x00234A
0x002578,0x086,ram_086,read,,"ADDWFC ram_086, W, B",0x00234A
0x00257A,0xFDA,FSR2H,write,,"MOVWF FSR2H, A",0x00234A
0x00257E,0xFDB,PLUSW2,read,7,"BTFSC PLUSW2, 7, A",0x00234A
0x002584,0xFDB,PLUSW2,read,,"MOVF PLUSW2, W, A",0x00234A
0x00258A,0xFDB,PLUSW2,read,,"MOVF PLUSW2, W, A",0x00234A
0x002590,0xFDB,PLUSW2,read,,"MOVF PLUSW2, W, A",0x00234A
0x002596,0xFDE,POSTINC2,read,,"SUBWF POSTINC2, W, A",0x00234A
0x00259E,0x0B8,ram_0B8,read,,"MOVF ram_0B8, W, B",0x00234A
0x0025A2,0xFF3,PRODL,read,,"MOVFF PRODL, ram_085",0x00234A
0x0025A2,0x085,ram_085,write,,"MOVFF PRODL, ram_085",0x00234A
0x0025A6,0xFF4,PRODH,read,,"MOVFF PRODH, ram_086",0x00234A
0x0025A6,0x086,ram_086,write,,"MOVFF PRODH, ram_086",0x00234A
0x0025AA,0xFD8,STATUS,read_write,0,"BCF STATUS, 0, A",0x00234A
0x0025AC,0x085,ram_085,read_write,,"RLCF ram_085, F, B",0x00234A
0x0025AE,0x086,ram_086,read_write,,"RLCF ram_086, F, B",0x00234A
0x0025B0,0xFD8,STATUS,read_write,0,"BCF STATUS, 0, A",0x00234A
0x0025B2,0x085,ram_085,read_write,,"RLCF ram_085, F, B",0x00234A
0x0025B4,0x086,ram_086,read_write,,"RLCF ram_086, F, B",0x00234A
0x0025B8,0x085,ram_085,read,,"ADDWF ram_085, W, B",0x00234A
0x0025BA,0xFD9,FSR2L,write,,"MOVWF FSR2L, A",0x00234A
0x0025BE,0x086,ram_086,read,,"ADDWFC ram_086, W, B",0x00234A
0x0025C0,0xFDA,FSR2H,write,,"MOVWF FSR2H, A",0x00234A
0x0025C4,0xFDE,POSTINC2,read,,"ADDWF POSTINC2, W, A",0x00234A
0x0025C6,0x087,ram_087,write,,"MOVWF ram_087, B",0x00234A
0x0025CA,0xFDE,POSTINC2,read,,"ADDWFC POSTINC2, W, A",0x00234A
0x0025CC,0x088,ram_088,write,,"MOVWF ram_088, B",0x00234A
0x0025D0,0xFDE,POSTINC2,read,,"ADDWFC POSTINC2, W, A",0x00234A
0x0025D2,0x089,ram_089,write,,"MOVWF ram_089, B",0x00234A
0x0025D6,0xFDE,POSTINC2,read,,"ADDWFC POSTINC2, W, A",0x00234A
0x0025D8,0x08A,ram_08A,write,,"MOVWF ram_08A, B",0x00234A
0x0025DA,0x0B8,ram_0B8,read,,"MOVF ram_0B8, W, B",0x00234A
0x0025DE,0xFF3,PRODL,read,,"MOVFF PRODL, ram_08B",0x00234A
0x0025DE,0x08B,ram_08B,write,,"MOVFF PRODL, ram_08B",0x00234A
0x0025E2,0xFF4,PRODH,read,,"MOVFF PRODH, ram_08C",0x00234A
0x0025E2,0x08C,ram_08C,write,,"MOVFF PRODH, ram_08C",0x00234A
0x0025E6,0xFD8,STATUS,read_write,0,"BCF STATUS, 0, A",0x00234A
0x0025E8,0x08B,ram_08B,read_write,,"RLCF ram_08B, F, B",0x00234A
0x0025EA,0x08C,ram_08C,read_write,,"RLCF ram_08C, F, B",0x00234A
0x0025EC,0xFD8,STATUS,read_write,0,"BCF STATUS, 0, A",0x00234A
0x0025EE,0x08B,ram_08B,read_write,,"RLCF ram_08B, F, B",0x00234A
0x0025F0,0x08C,ram_08C,read_write,,"RLCF ram_08C, F, B",0x00234A
0x0025F4,0x08B,ram_08B,read,,"ADDWF ram_08B, W, B",0x00234A
0x0025F6,0xFD9,FSR2L,write,,"MOVWF FSR2L, A",0x00234A
0x0025FA,0x08C,ram_08C,read,,"ADDWFC ram_08C, W, B",0x00234A
0x0025FC,0xFDA,FSR2H,write,,"MOVWF FSR2H, A",0x00234A
0x0025FE,0x087,ram_087,read,,"MOVF ram_087, W, B",0x00234A
0x002600,0xFDE,POSTINC2,read,,"SUBWF POSTINC2, W, A",0x00234A
0x002602,0x088,ram_088,read,,"MOVF ram_088, W, B",0x00234A
0x002604,0xFDE,POSTINC2,read,,"SUBWFB POSTINC2, W, A",0x00234A
0x002606,0x089,ram_089,read,,"MOVF ram_089, W, B",0x00234A
0x002608,0xFDE,POSTINC2,read,,"SUBWFB POSTINC2, W, A",0x00234A
0x00260A,0xFDE,POSTINC2,read,,"MOVF POSTINC2, W, A",0x00234A
0x00260E,0x091,ram_091,write,,"MOVWF ram_091, B",0x00234A
0x002610,0x08A,ram_08A,read,,"MOVF ram_08A, W, B",0x00234A
0x002614,0x091,ram_091,read,,"SUBWFB ram_091, W, B",0x00234A
0x002618,0x0B8,ram_0B8,read,,"MOVF ram_0B8, W, B",0x00234A
0x00261C,0xFF3,PRODL,read,,"MOVFF PRODL, ram_085",0x00234A
0x00261C,0x085,ram_085,write,,"MOVFF PRODL, ram_085",0x00234A
0x002620,0xFF4,PRODH,read,,"MOVFF PRODH, ram_086",0x00234A
0x002620,0x086,ram_086,write,,"MOVFF PRODH, ram_086",0x00234A
0x002624,0xFD8,STATUS,read_write,0,"BCF STATUS, 0, A",0x00234A
0x002626,0x085,ram_085,read_write,,"RLCF ram_085, F, B",0x00234A
0x002628,0x086,ram_086,read_write,,"RLCF ram_086, F, B",0x00234A
0x00262A,0xFD8,STATUS,read_write,0,"BCF STATUS, 0, A",0x00234A
0x00262C,0x085,ram_085,read_write,,"RLCF ram_085, F, B",0x00234A
0x00262E,0x086,ram_086,read_write,,"RLCF ram_086, F, B",0x00234A
0x002632,0x085,ram_085,read,,"ADDWF ram_085, W, B",0x00234A
0x002634,0xFD9,FSR2L,write,,"MOVWF FSR2L, A",0x00234A
0x002638,0x086,ram_086,read,,"ADDWFC ram_086, W, B",0x00234A
0x00263A,0xFDA,FSR2H,write,,"MOVWF FSR2H, A",0x00234A
0x00263C,0x0B8,ram_0B8,read,,"MOVF ram_0B8, W, B",0x00234A
0x002640,0xFF3,PRODL,read,,"MOVFF PRODL, ram_08B",0x00234A
0x002640,0x08B,ram_08B,write,,"MOVFF PRODL, ram_08B",0x00234A
0x002644,0xFF4,PRODH,read,,"MOVFF PRODH, ram_08C",0x00234A
0x002644,0x08C,ram_08C,write,,"MOVFF PRODH, ram_08C",0x00234A
0x002648,0xFD8,STATUS,read_write,0,"BCF STATUS, 0, A",0x00234A
0x00264A,0x08B,ram_08B,read_write,,"RLCF ram_08B, F, B",0x00234A
0x00264C,0x08C,ram_08C,read_write,,"RLCF ram_08C, F, B",0x00234A
0x00264E,0xFD8,STATUS,read_write,0,"BCF STATUS, 0, A",0x00234A
0x002650,0x08B,ram_08B,read_write,,"RLCF ram_08B, F, B",0x00234A
0x002652,0x08C,ram_08C,read_write,,"RLCF ram_08C, F, B",0x00234A
0x002656,0x08B,ram_08B,read,,"ADDWF ram_08B, W, B",0x00234A
0x002658,0xFE1,FSR1L,write,,"MOVWF FSR1L, A",0x00234A
0x00265C,0x08C,ram_08C,read,,"ADDWFC ram_08C, W, B",0x00234A
0x00265E,0xFE2,FSR1H,write,,"MOVWF FSR1H, A",0x00234A
0x002660,0xFE6,POSTINC1,read,,"MOVFF POSTINC1, ram_08D",0x00234A
0x002660,0x08D,ram_08D,write,,"MOVFF POSTINC1, ram_08D",0x00234A
0x002664,0xFE6,POSTINC1,read,,"MOVFF POSTINC1, ram_08E",0x00234A
0x002664,0x08E,ram_08E,write,,"MOVFF POSTINC1, ram_08E",0x00234A
0x002668,0xFE6,POSTINC1,read,,"MOVFF POSTINC1, ram_08F",0x00234A
0x002668,0x08F,ram_08F,write,,"MOVFF POSTINC1, ram_08F",0x00234A
0x00266C,0xFE6,POSTINC1,read,,"MOVFF POSTINC1, ram_090",0x00234A
0x00266C,0x090,ram_090,write,,"MOVFF POSTINC1, ram_090",0x00234A
0x002672,0x08D,ram_08D,read,,"ADDWF ram_08D, W, B",0x00234A
0x002674,0x091,ram_091,write,,"MOVWF ram_091, B",0x00234A
0x002678,0x08E,ram_08E,read,,"ADDWFC ram_08E, W, B",0x00234A
0x00267A,0x092,ram_092,write,,"MOVWF ram_092, B",0x00234A
0x00267E,0x08F,ram_08F,read,,"ADDWFC ram_08F, W, B",0x00234A
0x002680,0x093,ram_093,write,,"MOVWF ram_093, B",0x00234A
0x002684,0x090,ram_090,read,,"ADDWFC ram_090, W, B",0x00234A
0x002686,0x094,ram_094,write,,"MOVWF ram_094, B",0x00234A
0x002688,0xFDE,POSTINC2,read,,"MOVF POSTINC2, W, A",0x00234A
0x00268A,0x091,ram_091,read,,"SUBWF ram_091, W, B",0x00234A
0x00268C,0xFDE,POSTINC2,read,,"MOVF POSTINC2, W, A",0x00234A
0x00268E,0x092,ram_092,read,,"SUBWFB ram_092, W, B",0x00234A
0x002690,0xFDE,POSTINC2,read,,"MOVF POSTINC2, W, A",0x00234A
0x002692,0x093,ram_093,read,,"SUBWFB ram_093, W, B",0x00234A
0x002694,0x094,ram_094,read,,"MOVF ram_094, W, B",0x00234A
0x002698,0x095,ram_095,write,,"MOVWF ram_095, B",0x00234A
0x00269A,0xFDE,POSTINC2,read,,"MOVF POSTINC2, W, A",0x00234A
0x00269E,0x095,ram_095,read,,"SUBWFB ram_095, W, B",0x00234A
0x0026A6,0x0B8,ram_0B8,read,,"MOVF ram_0B8, W, B",0x00234A
0x0026AA,0xFF3,PRODL,read,,"MOVFF PRODL, ram_085",0x00234A
0x0026AA,0x085,ram_085,write,,"MOVFF PRODL, ram_085",0x00234A
0x0026AE,0xFF4,PRODH,read,,"MOVFF PRODH, ram_086",0x00234A
0x0026AE,0x086,ram_086,write,,"MOVFF PRODH, ram_086",0x00234A
0x0026B2,0xFD8,STATUS,read_write,0,"BCF STATUS, 0, A",0x00234A
0x0026B4,0x085,ram_085,read_write,,"RLCF ram_085, F, B",0x00234A
0x0026B6,0x086,ram_086,read_write,,"RLCF ram_086, F, B",0x00234A
0x0026B8,0xFD8,STATUS,read_write,0,"BCF STATUS, 0, A",0x00234A
0x0026BA,0x085,ram_085,read_write,,"RLCF ram_085, F, B",0x00234A
0x0026BC,0x086,ram_086,read_write,,"RLCF ram_086, F, B",0x00234A
0x0026C0,0x085,ram_085,read,,"ADDWF ram_085, W, B",0x00234A
0x0026C2,0xFD9,FSR2L,write,,"MOVWF FSR2L, A",0x00234A
0x0026C6,0x086,ram_086,read,,"ADDWFC ram_086, W, B",0x00234A
0x0026C8,0xFDA,FSR2H,write,,"MOVWF FSR2H, A",0x00234A
0x0026CA,0x0B8,ram_0B8,read,,"MOVF ram_0B8, W, B",0x00234A
0x0026D0,0xFF3,PRODL,read,,"ADDWF PRODL, W, A",0x00234A
0x0026D2,0xFE1,FSR1L,write,,"MOVWF FSR1L, A",0x00234A
0x0026D6,0xFF4,PRODH,read,,"ADDWFC PRODH, W, A",0x00234A
0x0026D8,0xFE2,FSR1H,write,,"MOVWF FSR1H, A",0x00234A
0x0026DA,0xFDE,POSTINC2,read,,"MOVF POSTINC2, W, A",0x00234A
0x0026DC,0xFE6,POSTINC1,read,,"XORWF POSTINC1, W, A",0x00234A
0x0026E0,0xFDE,POSTINC2,read,,"MOVF POSTINC2, W, A",0x00234A
0x0026E2,0xFE6,POSTINC1,read,,"XORWF POSTINC1, W, A",0x00234A
0x0026E6,0xFDE,POSTINC2,read,,"MOVF POSTINC2, W, A",0x00234A
0x0026E8,0xFE6,POSTINC1,read,,"XORWF POSTINC1, W, A",0x00234A
0x0026EC,0xFDE,POSTINC2,read,,"MOVF POSTINC2, W, A",0x00234A
0x0026EE,0xFE6,POSTINC1,read,,"XORWF POSTINC1, W, A",0x00234A
0x0026F2,0x0B8,ram_0B8,read,,"MOVF ram_0B8, W, B",0x00234A
0x0026F6,0xFF3,PRODL,read,,"MOVFF PRODL, ram_085",0x00234A
0x0026F6,0x085,ram_085,write,,"MOVFF PRODL, ram_085",0x00234A
0x0026FA,0xFF4,PRODH,read,,"MOVFF PRODH, ram_086",0x00234A
0x0026FA,0x086,ram_086,write,,"MOVFF PRODH, ram_086",0x00234A
0x0026FE,0xFD8,STATUS,read_write,0,"BCF STATUS, 0, A",0x00234A
0x002700,0x085,ram_085,read_write,,"RLCF ram_085, F, B",0x00234A
0x002702,0x086,ram_086,read_write,,"RLCF ram_086, F, B",0x00234A
0x002704,0xFD8,STATUS,read_write,0,"BCF STATUS, 0, A",0x00234A
0x002706,0x085,ram_085,read_write,,"RLCF ram_085, F, B",0x00234A
0x002708,0x086,ram_086,read_write,,"RLCF ram_086, F, B",0x00234A
0x00270C,0x085,ram_085,read,,"ADDWF ram_085, W, B",0x00234A
0x00270E,0xFD9,FSR2L,write,,"MOVWF FSR2L, A",0x00234A
0x002712,0x086,ram_086,read,,"ADDWFC ram_086, W, B",0x00234A
0x002714,0xFDA,FSR2H,write,,"MOVWF FSR2H, A",0x00234A
0x002716,0x0B8,ram_0B8,read,,"MOVF ram_0B8, W, B",0x00234A
0x00271C,0xFF3,PRODL,read,,"ADDWF PRODL, W, A",0x00234A
0x00271E,0xFE1,FSR1L,write,,"MOVWF FSR1L, A",0x00234A
0x002722,0xFF4,PRODH,read,,"ADDWFC PRODH, W, A",0x00234A
0x002724,0xFE2,FSR1H,write,,"MOVWF FSR1H, A",0x00234A
0x002726,0xFDE,POSTINC2,read,,"MOVFF POSTINC2, POSTINC1",0x00234A
0x002726,0xFE6,POSTINC1,write,,"MOVFF POSTINC2, POSTINC1",0x00234A
0x00272A,0xFDE,POSTINC2,read,,"MOVFF POSTINC2, POSTINC1",0x00234A
0x00272A,0xFE6,POSTINC1,write,,"MOVFF POSTINC2, POSTINC1",0x00234A
0x00272E,0xFDE,POSTINC2,read,,"MOVFF POSTINC2, POSTINC1",0x00234A
0x00272E,0xFE6,POSTINC1,write,,"MOVFF POSTINC2, POSTINC1",0x00234A
0x002732,0xFDE,POSTINC2,read,,"MOVFF POSTINC2, POSTINC1",0x00234A
0x002732,0xFE6,POSTINC1,write,,"MOVFF POSTINC2, POSTINC1",0x00234A
0x002736,0x0B8,ram_0B8,read,,"MOVF ram_0B8, W, B",0x00234A
0x00273C,0xFF3,PRODL,read,,"ADDWF PRODL, W, A",0x00234A
0x00273E,0xFD9,FSR2L,write,,"MOVWF FSR2L, A",0x00234A
0x002742,0xFF4,PRODH,read,,"ADDWFC PRODH, W, A",0x00234A
0x002744,0xFDA,FSR2H,write,,"MOVWF FSR2H, A",0x00234A
0x002746,0x0B8,ram_0B8,read,,"MOVF ram_0B8, W, B",0x00234A
0x00274A,0xFF3,PRODL,read,,"MOVFF PRODL, ram_085",0x00234A
0x00274A,0x085,ram_085,write,,"MOVFF PRODL, ram_085",0x00234A
0x00274E,0xFF4,PRODH,read,,"MOVFF PRODH, ram_086",0x00234A
0x00274E,0x086,ram_086,write,,"MOVFF PRODH, ram_086",0x00234A
0x002752,0xFD8,STATUS,read_write,0,"BCF STATUS, 0, A",0x00234A
0x002754,0x085,ram_085,read_write,,"RLCF ram_085, F, B",0x00234A
0x002756,0x086,ram_086,read_write,,"RLCF ram_086, F, B",0x00234A
0x002758,0xFD8,STATUS,read_write,0,"BCF STATUS, 0, A",0x00234A
0x00275A,0x085,ram_085,read_write,,"RLCF ram_085, F, B",0x00234A
0x00275C,0x086,ram_086,read_write,,"RLCF ram_086, F, B",0x00234A
0x002760,0x085,ram_085,read,,"ADDWF ram_085, W, B",0x00234A
0x002762,0xFE1,FSR1L,write,,"MOVWF FSR1L, A",0x00234A
0x002766,0x086,ram_086,read,,"ADDWFC ram_086, W, B",0x00234A
0x002768,0xFE2,FSR1H,write,,"MOVWF FSR1H, A",0x00234A
0x00276A,0xFDE,POSTINC2,read,,"MOVFF POSTINC2, POSTINC1",0x00234A
0x00276A,0xFE6,POSTINC1,write,,"MOVFF POSTINC2, POSTINC1",0x00234A
0x00276E,0xFDE,POSTINC2,read,,"MOVFF POSTINC2, POSTINC1",0x00234A
0x00276E,0xFE6,POSTINC1,write,,"MOVFF POSTINC2, POSTINC1",0x00234A
0x002772,0xFDE,POSTINC2,read,,"MOVFF POSTINC2, POSTINC1",0x00234A
0x002772,0xFE6,POSTINC1,write,,"MOVFF POSTINC2, POSTINC1",0x00234A
0x002776,0xFDD,POSTDEC2,read,,"MOVFF POSTDEC2, POSTDEC1",0x00234A
0x002776,0xFE5,POSTDEC1,write,,"MOVFF POSTDEC2, POSTDEC1",0x00234A
0x00277A,0xFE5,POSTDEC1,read_write,,"MOVF POSTDEC1, F, A",0x00234A
0x00277C,0xFE5,POSTDEC1,read_write,,"MOVF POSTDEC1, F, A",0x00234A
0x00277E,0x0B8,ram_0B8,read,,"MOVF ram_0B8, W, B",0x00234A
0x002782,0xFF3,PRODL,read,,"MOVFF PRODL, ram_087",0x00234A
0x002782,0x087,ram_087,write,,"MOVFF PRODL, ram_087",0x00234A
0x002786,0xFF4,PRODH,read,,"MOVFF PRODH, ram_088",0x00234A
0x002786,0x088,ram_088,write,,"MOVFF PRODH, ram_088",0x00234A
0x00278A,0xFD8,STATUS,read_write,0,"BCF STATUS, 0, A",0x00234A
0x00278C,0x087,ram_087,read_write,,"RLCF ram_087, F, B",0x00234A
0x00278E,0x088,ram_088,read_write,,"RLCF ram_088, F, B",0x00234A
0x002790,0xFD8,STATUS,read_write,0,"BCF STATUS, 0, A",0x00234A
0x002792,0x087,ram_087,read_write,,"RLCF ram_087, F, B",0x00234A
0x002794,0x088,ram_088,read_write,,"RLCF ram_088, F, B",0x00234A
0x002798,0x087,ram_087,read,,"ADDWF ram_087, W, B",0x00234A
0x00279A,0xFD9,FSR2L,write,,"MOVWF FSR2L, A",0x00234A
0x00279E,0x088,ram_088,read,,"ADDWFC ram_088, W, B",0x00234A
0x0027A0,0xFDA,FSR2H,write,,"MOVWF FSR2H, A",0x00234A
0x0027A2,0xFE6,POSTINC1,read,,"MOVFF POSTINC1, POSTINC2",0x00234A
0x0027A2,0xFDE,POSTINC2,write,,"MOVFF POSTINC1, POSTINC2",0x00234A
0x0027A6,0xFE6,POSTINC1,read,,"MOVFF POSTINC1, POSTINC2",0x00234A
0x0027A6,0xFDE,POSTINC2,write,,"MOVFF POSTINC1, POSTINC2",0x00234A
0x0027AA,0xFE6,POSTINC1,read,,"MOVFF POSTINC1, POSTINC2",0x00234A
0x0027AA,0xFDE,POSTINC2,write,,"MOVFF POSTINC1, POSTINC2",0x00234A
0x0027AE,0xFE6,POSTINC1,read,,"MOVFF POSTINC1, POSTINC2",0x00234A
0x0027AE,0xFDE,POSTINC2,write,,"MOVFF POSTINC1, POSTINC2",0x00234A
0x0027B2,0x0AB,ram_0AB,write,,"CLRF ram_0AB, B",0x00234A
0x0027B4,0x0AC,ram_0AC,write,,"CLRF ram_0AC, B",0x00234A
0x0027B6,0x0AD,ram_0AD,write,,"CLRF ram_0AD, B",0x00234A
0x0027B8,0x0AE,ram_0AE,write,,"CLRF ram_0AE, B",0x00234A
0x0027BA,0x0B8,ram_0B8,read,,"MOVF ram_0B8, W, B",0x00234A
0x0027C0,0xFF3,PRODL,read,,"ADDWF PRODL, W, A",0x00234A
0x0027C2,0xFD9,FSR2L,write,,"MOVWF FSR2L, A",0x00234A
0x0027C6,0xFF4,PRODH,read,,"ADDWFC PRODH, W, A",0x00234A
0x0027C8,0xFDA,FSR2H,write,,"MOVWF FSR2H, A",0x00234A
0x0027CA,0xFDE,POSTINC2,read,,"MOVF POSTINC2, W, A",0x00234A
0x0027CC,0xFDE,POSTINC2,read,,"IORWF POSTINC2, W, A",0x00234A
0x0027CE,0xFDE,POSTINC2,read,,"IORWF POSTINC2, W, A",0x00234A
0x0027D0,0xFDE,POSTINC2,read,,"IORWF POSTINC2, W, A",0x00234A
0x0027D4,0x0B8,ram_0B8,read,,"MOVF ram_0B8, W, B",0x00234A
0x0027DA,0xFF3,PRODL,read,,"ADDWF PRODL, W, A",0x00234A
0x0027DC,0xFD9,FSR2L,write,,"MOVWF FSR2L, A",0x00234A
0x0027E0,0xFF4,PRODH,read,,"ADDWFC PRODH, W, A",0x00234A
0x0027E2,0xFDA,FSR2H,write,,"MOVWF FSR2H, A",0x00234A
0x0027E4,0xFDE,POSTINC2,read,,"MOVFF POSTINC2, ram_012",0x00234A
0x0027E4,0x012,ram_012,write,,"MOVFF POSTINC2, ram_012",0x00234A
0x0027E8,0xFDE,POSTINC2,read,,"MOVFF POSTINC2, ram_013",0x00234A
0x0027E8,0x013,ram_013,write,,"MOVFF POSTINC2, ram_013",0x00234A
0x0027EC,0xFDE,POSTINC2,read,,"MOVFF POSTINC2, ram_014",0x00234A
0x0027EC,0x014,ram_014,write,,"MOVFF POSTINC2, ram_014",0x00234A
0x0027F0,0xFDE,POSTINC2,read,,"MOVFF POSTINC2, ram_015",0x00234A
0x0027F0,0x015,ram_015,write,,"MOVFF POSTINC2, ram_015",0x00234A
0x0027F4,0x0B8,ram_0B8,read,,"MOVF ram_0B8, W, B",0x00234A
0x0027FA,0xFF3,PRODL,read,,"ADDWF PRODL, W, A",0x00234A
0x0027FC,0xFD9,FSR2L,write,,"MOVWF FSR2L, A",0x00234A
0x002800,0xFF4,PRODH,read,,"ADDWFC PRODH, W, A",0x00234A
0x002802,0xFDA,FSR2H,write,,"MOVWF FSR2H, A",0x00234A
0x002804,0xFDE,POSTINC2,read,,"MOVFF POSTINC2, ram_085",0x00234A
0x002804,0x085,ram_085,write,,"MOVFF POSTINC2, ram_085",0x00234A
0x002808,0xFDD,POSTDEC2,read,,"MOVFF POSTDEC2, ram_086",0x00234A
0x002808,0x086,ram_086,write,,"MOVFF POSTDEC2, ram_086",0x00234A
0x00280E,0xFD8,STATUS,read_write,0,"BCF STATUS, 0, A",0x00234A
0x002810,0x085,ram_085,read_write,,"RLCF ram_085, F, B",0x00234A
0x002812,0x086,ram_086,read_write,,"RLCF ram_086, F, B",0x00234A
0x002814,0xFE8,WREG,read_write,,"DECFSZ WREG, F, A",0x00234A
0x002818,0x085,ram_085,read,,"MOVFF ram_085, ram_016",0x00234A
0x002818,0x016,ram_016,write,,"MOVFF ram_085, ram_016",0x00234A
0x00281C,0x086,ram_086,read,,"MOVFF ram_086, ram_017",0x00234A
0x00281C,0x017,ram_017,write,,"MOVFF ram_086, ram_017",0x00234A
0x002822,0x017,ram_017,read,7,"BTFSC ram_017, 7, A",0x00234A
0x002826,0x018,ram_018,write,,"MOVWF ram_018, A",0x00234A
0x002828,0x019,ram_019,write,,"MOVWF ram_019, A",0x00234A
0x00282E,0x012,ram_012,read,,"MOVFF ram_012, ram_0AB",0x00234A
0x00282E,0x0AB,ram_0AB,write,,"MOVFF ram_012, ram_0AB",0x00234A
0x002832,0x013,ram_013,read,,"MOVFF ram_013, ram_0AC",0x00234A
0x002832,0x0AC,ram_0AC,write,,"MOVFF ram_013, ram_0AC",0x00234A
0x002836,0x014,ram_014,read,,"MOVFF ram_014, ram_0AD",0x00234A
0x002836,0x0AD,ram_0AD,write,,"MOVFF ram_014, ram_0AD",0x00234A
0x00283A,0x015,ram_015,read,,"MOVFF ram_015, ram_0AE",0x00234A
0x00283A,0x0AE,ram_0AE,write,,"MOVFF ram_015, ram_0AE",0x00234A
0x00283E,0x0AB,ram_0AB,read,,"MOVFF ram_0AB, ram_020",0x00234A
0x00283E,0x020,ram_020,write,,"MOVFF ram_0AB, ram_020",0x00234A
0x002842,0x0AC,ram_0AC,read,,"MOVFF ram_0AC, ram_021",0x00234A
0x002842,0x021,ram_021,write,,"MOVFF ram_0AC, ram_021",0x00234A
0x002846,0x0AD,ram_0AD,read,,"MOVFF ram_0AD, ram_022",0x00234A
0x002846,0x022,ram_022,write,,"MOVFF ram_0AD, ram_022",0x00234A
0x00284A,0x0AE,ram_0AE,read,,"MOVFF ram_0AE, ram_023",0x00234A
0x00284A,0x023,ram_023,write,,"MOVFF ram_0AE, ram_023",0x00234A
0x002850,0x016,ram_016,write,,"MOVWF ram_016, A",0x00234A
0x002852,0x017,ram_017,write,,"CLRF ram_017, A",0x00234A
0x002854,0x018,ram_018,write,,"CLRF ram_018, A",0x00234A
0x002856,0x019,ram_019,write,,"CLRF ram_019, A",0x00234A
0x002858,0x045,ram_045,read,,"MOVFF ram_045, ram_012",0x00234A
0x002858,0x012,ram_012,write,,"MOVFF ram_045, ram_012",0x00234A
0x00285C,0x046,ram_046,read,,"MOVFF ram_046, ram_013",0x00234A
0x00285C,0x013,ram_013,write,,"MOVFF ram_046, ram_013",0x00234A
0x002860,0x047,ram_047,read,,"MOVFF ram_047, ram_014",0x00234A
0x002860,0x014,ram_014,write,,"MOVFF ram_047, ram_014",0x00234A
0x002864,0x048,ram_048,read,,"MOVFF ram_048, ram_015",0x00234A
0x002864,0x015,ram_015,write,,"MOVFF ram_048, ram_015",0x00234A
0x00286C,0x012,ram_012,read,,"MOVFF ram_012, ram_024",0x00234A
0x00286C,0x024,ram_024,write,,"MOVFF ram_012, ram_024",0x00234A
0x002870,0x013,ram_013,read,,"MOVFF ram_013, ram_025",0x00234A
0x002870,0x025,ram_025,write,,"MOVFF ram_013, ram_025",0x00234A
0x002874,0x014,ram_014,read,,"MOVFF ram_014, ram_026",0x00234A
0x002874,0x026,ram_026,write,,"MOVFF ram_014, ram_026",0x00234A
0x002878,0x015,ram_015,read,,"MOVFF ram_015, ram_027",0x00234A
0x002878,0x027,ram_027,write,,"MOVFF ram_015, ram_027",0x00234A
0x002880,0x020,ram_020,read,,"MOVFF ram_020, ram_0AB",0x00234A
0x002880,0x0AB,ram_0AB,write,,"MOVFF ram_020, ram_0AB",0x00234A
0x002884,0x021,ram_021,read,,"MOVFF ram_021, ram_0AC",0x00234A
0x002884,0x0AC,ram_0AC,write,,"MOVFF ram_021, ram_0AC",0x00234A
0x002888,0x022,ram_022,read,,"MOVFF ram_022, ram_0AD",0x00234A
0x002888,0x0AD,ram_0AD,write,,"MOVFF ram_022, ram_0AD",0x00234A
0x00288C,0x023,ram_023,read,,"MOVFF ram_023, ram_0AE",0x00234A
0x00288C,0x0AE,ram_0AE,write,,"MOVFF ram_023, ram_0AE",0x00234A
0x002890,0x456,ram_456,read,,"MOVFF ram_456, ram_012",0x00234A
0x002890,0x012,ram_012,write,,"MOVFF ram_456, ram_012",0x00234A
0x002894,0x457,ram_457,read,,"MOVFF ram_457, ram_013",0x00234A
0x002894,0x013,ram_013,write,,"MOVFF ram_457, ram_013",0x00234A
0x00289A,0x0B8,ram_0B8,read,,"MOVF ram_0B8, W, B",0x00234A
0x0028A0,0xFF3,PRODL,read,,"ADDWF PRODL, W, A",0x00234A
0x0028A2,0xFD9,FSR2L,write,,"MOVWF FSR2L, A",0x00234A
0x0028A6,0xFF4,PRODH,read,,"ADDWFC PRODH, W, A",0x00234A
0x0028A8,0xFDA,FSR2H,write,,"MOVWF FSR2H, A",0x00234A
0x0028AA,0xFDE,POSTINC2,read,,"MOVFF POSTINC2, ram_014",0x00234A
0x0028AA,0x014,ram_014,write,,"MOVFF POSTINC2, ram_014",0x00234A
0x0028AE,0xFDD,POSTDEC2,read,,"MOVFF POSTDEC2, ram_015",0x00234A
0x0028AE,0x015,ram_015,write,,"MOVFF POSTDEC2, ram_015",0x00234A
0x0028B6,0x012,ram_012,read,,"MOVFF ram_012, ram_0A2",0x00234A
0x0028B6,0x0A2,ram_0A2,write,,"MOVFF ram_012, ram_0A2",0x00234A
0x0028BA,0x013,ram_013,read,,"MOVFF ram_013, ram_0A3",0x00234A
0x0028BA,0x0A3,ram_0A3,write,,"MOVFF ram_013, ram_0A3",0x00234A
0x0028C0,0x0B8,ram_0B8,read,,"MOVF ram_0B8, W, B",0x00234A
0x0028C6,0xFF3,PRODL,read,,"ADDWF PRODL, W, A",0x00234A
0x0028C8,0xFD9,FSR2L,write,,"MOVWF FSR2L, A",0x00234A
0x0028CC,0xFF4,PRODH,read,,"ADDWFC PRODH, W, A",0x00234A
0x0028CE,0xFDA,FSR2H,write,,"MOVWF FSR2H, A",0x00234A
0x0028D0,0xFDE,POSTINC2,read,,"MOVFF POSTINC2, ram_085",0x00234A
0x0028D0,0x085,ram_085,write,,"MOVFF POSTINC2, ram_085",0x00234A
0x0028D4,0xFDD,POSTDEC2,read,,"MOVFF POSTDEC2, ram_086",0x00234A
0x0028D4,0x086,ram_086,write,,"MOVFF POSTDEC2, ram_086",0x00234A
0x0028D8,0x0A2,ram_0A2,read,,"MOVF ram_0A2, W, B",0x00234A
0x0028DA,0x085,ram_085,read_write,,"SUBWF ram_085, F, B",0x00234A
0x0028DC,0x0A3,ram_0A3,read,,"MOVF ram_0A3, W, B",0x00234A
0x0028DE,0x086,ram_086,read_write,,"SUBWFB ram_086, F, B",0x00234A
0x0028E2,0x085,ram_085,read,,"ADDWF ram_085, W, B",0x00234A
0x0028E4,0x0A2,ram_0A2,write,,"MOVWF ram_0A2, B",0x00234A
0x0028E8,0x086,ram_086,read,,"ADDWFC ram_086, W, B",0x00234A
0x0028EA,0x0A3,ram_0A3,write,,"MOVWF ram_0A3, B",0x00234A
0x0028EC,0xFD8,STATUS,read_write,0,"BCF STATUS, 0, A",0x00234A
0x0028EE,0x045,ram_045,read,,"RLCF ram_045, W, A",0x00234A
0x0028F0,0x085,ram_085,write,,"MOVWF ram_085, B",0x00234A
0x0028F2,0x046,ram_046,read,,"RLCF ram_046, W, A",0x00234A
0x0028F4,0x086,ram_086,write,,"MOVWF ram_086, B",0x00234A
0x0028F6,0x047,ram_047,read,,"RLCF ram_047, W, A",0x00234A
0x0028F8,0x087,ram_087,write,,"MOVWF ram_087, B",0x00234A
0x0028FA,0x048,ram_048,read,,"RLCF ram_048, W, A",0x00234A
0x0028FC,0x088,ram_088,write,,"MOVWF ram_088, B",0x00234A
0x0028FE,0x0A2,ram_0A2,read,,"MOVF ram_0A2, W, B",0x00234A
0x002900,0x089,ram_089,write,,"MOVWF ram_089, B",0x00234A
0x002902,0x0A3,ram_0A3,read,,"MOVF ram_0A3, W, B",0x00234A
0x002904,0x08A,ram_08A,write,,"MOVWF ram_08A, B",0x00234A
0x002906,0x08B,ram_08B,write,,"CLRF ram_08B, B",0x00234A
0x002908,0x08C,ram_08C,write,,"CLRF ram_08C, B",0x00234A
0x00290A,0x089,ram_089,read,,"MOVF ram_089, W, B",0x00234A
0x00290C,0x085,ram_085,read,,"MULWF ram_085, B",0x00234A
0x00290E,0xFF3,PRODL,read,,"MOVFF PRODL, ram_08D",0x00234A
0x00290E,0x08D,ram_08D,write,,"MOVFF PRODL, ram_08D",0x00234A
0x002912,0xFF4,PRODH,read,,"MOVFF PRODH, ram_08E",0x00234A
0x002912,0x08E,ram_08E,write,,"MOVFF PRODH, ram_08E",0x00234A
0x002916,0x08F,ram_08F,write,,"CLRF ram_08F, B",0x00234A
0x002918,0x090,ram_090,write,,"CLRF ram_090, B",0x00234A
0x00291A,0x086,ram_086,read,,"MULWF ram_086, B",0x00234A
0x00291C,0xFF3,PRODL,read,,"MOVF PRODL, W, A",0x00234A
0x00291E,0x08E,ram_08E,read_write,,"ADDWF ram_08E, F, B",0x00234A
0x002920,0xFF4,PRODH,read,,"MOVF PRODH, W, A",0x00234A
0x002922,0x08F,ram_08F,read_write,,"ADDWFC ram_08F, F, B",0x00234A
0x002926,0x090,ram_090,read_write,,"ADDWFC ram_090, F, B",0x00234A
0x002928,0x08A,ram_08A,read,,"MOVF ram_08A, W, B",0x00234A
0x00292A,0x085,ram_085,read,,"MULWF ram_085, B",0x00234A
0x00292C,0xFF3,PRODL,read,,"MOVF PRODL, W, A",0x00234A
0x00292E,0x08E,ram_08E,read_write,,"ADDWF ram_08E, F, B",0x00234A
0x002930,0xFF4,PRODH,read,,"MOVF PRODH, W, A",0x00234A
0x002932,0x08F,ram_08F,read_write,,"ADDWFC ram_08F, F, B",0x00234A
0x002936,0x090,ram_090,read_write,,"ADDWFC ram_090, F, B",0x00234A
0x002938,0x089,ram_089,read,,"MOVF ram_089, W, B",0x00234A
0x00293A,0x087,ram_087,read,,"MULWF ram_087, B",0x00234A
0x00293C,0xFF3,PRODL,read,,"MOVF PRODL, W, A",0x00234A
0x00293E,0x08F,ram_08F,read_write,,"ADDWF ram_08F, F, B",0x00234A
0x002940,0xFF4,PRODH,read,,"MOVF PRODH, W, A",0x00234A
0x002942,0x090,ram_090,read_write,,"ADDWFC ram_090, F, B",0x00234A
0x002944,0x08A,ram_08A,read,,"MOVF ram_08A, W, B",0x00234A
0x002946,0x086,ram_086,read,,"MULWF ram_086, B",0x00234A
0x002948,0xFF3,PRODL,read,,"MOVF PRODL, W, A",0x00234A
0x00294A,0x08F,ram_08F,read_write,,"ADDWF ram_08F, F, B",0x00234A
0x00294C,0xFF4,PRODH,read,,"MOVF PRODH, W, A",0x00234A
0x00294E,0x090,ram_090,read_write,,"ADDWFC ram_090, F, B",0x00234A
0x002950,0x08B,ram_08B,read,,"MOVF ram_08B, W, B",0x00234A
0x002952,0x085,ram_085,read,,"MULWF ram_085, B",0x00234A
0x002954,0xFF3,PRODL,read,,"MOVF PRODL, W, A",0x00234A
0x002956,0x08F,ram_08F,read_write,,"ADDWF ram_08F, F, B",0x00234A
0x002958,0xFF4,PRODH,read,,"MOVF PRODH, W, A",0x00234A
0x00295A,0x090,ram_090,read_write,,"ADDWFC ram_090, F, B",0x00234A
0x00295C,0x088,ram_088,read,,"MOVF ram_088, W, B",0x00234A
0x00295E,0x089,ram_089,read,,"MULWF ram_089, B",0x00234A
0x002960,0xFF3,PRODL,read,,"MOVF PRODL, W, A",0x00234A
0x002962,0x090,ram_090,read_write,,"ADDWF ram_090, F, B",0x00234A
0x002964,0x08A,ram_08A,read,,"MOVF ram_08A, W, B",0x00234A
0x002966,0x087,ram_087,read,,"MULWF ram_087, B",0x00234A
0x002968,0xFF3,PRODL,read,,"MOVF PRODL, W, A",0x00234A
0x00296A,0x090,ram_090,read_write,,"ADDWF ram_090, F, B",0x00234A
0x00296C,0x08B,ram_08B,read,,"MOVF ram_08B, W, B",0x00234A
0x00296E,0x086,ram_086,read,,"MULWF ram_086, B",0x00234A
0x002970,0xFF3,PRODL,read,,"MOVF PRODL, W, A",0x00234A
0x002972,0x090,ram_090,read_write,,"ADDWF ram_090, F, B",0x00234A
0x002974,0x08C,ram_08C,read,,"MOVF ram_08C, W, B",0x00234A
0x002976,0x085,ram_085,read,,"MULWF ram_085, B",0x00234A
0x002978,0xFF3,PRODL,read,,"MOVF PRODL, W, A",0x00234A
0x00297A,0x090,ram_090,read_write,,"ADDWF ram_090, F, B",0x00234A
0x00297C,0x08D,ram_08D,read,,"MOVFF ram_08D, ram_0AF",0x00234A
0x00297C,0x0AF,ram_0AF,write,,"MOVFF ram_08D, ram_0AF",0x00234A
0x002980,0x08E,ram_08E,read,,"MOVFF ram_08E, ram_0B0",0x00234A
0x002980,0x0B0,ram_0B0,write,,"MOVFF ram_08E, ram_0B0",0x00234A
0x002984,0x08F,ram_08F,read,,"MOVFF ram_08F, ram_0B1",0x00234A
0x002984,0x0B1,ram_0B1,write,,"MOVFF ram_08F, ram_0B1",0x00234A
0x002988,0x090,ram_090,read,,"MOVFF ram_090, ram_0B2",0x00234A
0x002988,0x0B2,ram_0B2,write,,"MOVFF ram_090, ram_0B2",0x00234A
0x00298C,0x47E,ram_47E,read,,"MOVFF ram_47E, ram_085",0x00234A
0x00298C,0x085,ram_085,write,,"MOVFF ram_47E, ram_085",0x00234A
0x002990,0x086,ram_086,write,,"CLRF ram_086, B",0x00234A
0x002992,0x087,ram_087,write,,"CLRF ram_087, B",0x00234A
0x002994,0x088,ram_088,write,,"CLRF ram_088, B",0x00234A
0x002996,0x085,ram_085,read,,"MOVF ram_085, W, B",0x00234A
0x002998,0x045,ram_045,read,,"MULWF ram_045, A",0x00234A
0x00299A,0xFF3,PRODL,read,,"MOVFF PRODL, ram_089",0x00234A
0x00299A,0x089,ram_089,write,,"MOVFF PRODL, ram_089",0x00234A
0x00299E,0xFF4,PRODH,read,,"MOVFF PRODH, ram_08A",0x00234A
0x00299E,0x08A,ram_08A,write,,"MOVFF PRODH, ram_08A",0x00234A
0x0029A2,0x08B,ram_08B,write,,"CLRF ram_08B, B",0x00234A
0x0029A4,0x08C,ram_08C,write,,"CLRF ram_08C, B",0x00234A
0x0029A6,0x046,ram_046,read,,"MULWF ram_046, A",0x00234A
0x0029A8,0xFF3,PRODL,read,,"MOVF PRODL, W, A",0x00234A
0x0029AA,0x08A,ram_08A,read_write,,"ADDWF ram_08A, F, B",0x00234A
0x0029AC,0xFF4,PRODH,read,,"MOVF PRODH, W, A",0x00234A
0x0029AE,0x08B,ram_08B,read_write,,"ADDWFC ram_08B, F, B",0x00234A
0x0029B2,0x08C,ram_08C,read_write,,"ADDWFC ram_08C, F, B",0x00234A
0x0029B4,0x086,ram_086,read,,"MOVF ram_086, W, B",0x00234A
0x0029B6,0x045,ram_045,read,,"MULWF ram_045, A",0x00234A
0x0029B8,0xFF3,PRODL,read,,"MOVF PRODL, W, A",0x00234A
0x0029BA,0x08A,ram_08A,read_write,,"ADDWF ram_08A, F, B",0x00234A
0x0029BC,0xFF4,PRODH,read,,"MOVF PRODH, W, A",0x00234A
0x0029BE,0x08B,ram_08B,read_write,,"ADDWFC ram_08B, F, B",0x00234A
0x0029C2,0x08C,ram_08C,read_write,,"ADDWFC ram_08C, F, B",0x00234A
0x0029C4,0x085,ram_085,read,,"MOVF ram_085, W, B",0x00234A
0x0029C6,0x047,ram_047,read,,"MULWF ram_047, A",0x00234A
0x0029C8,0xFF3,PRODL,read,,"MOVF PRODL, W, A",0x00234A
0x0029CA,0x08B,ram_08B,read_write,,"ADDWF ram_08B, F, B",0x00234A
0x0029CC,0xFF4,PRODH,read,,"MOVF PRODH, W, A",0x00234A
0x0029CE,0x08C,ram_08C,read_write,,"ADDWFC ram_08C, F, B",0x00234A
0x0029D0,0x086,ram_086,read,,"MOVF ram_086, W, B",0x00234A
0x0029D2,0x046,ram_046,read,,"MULWF ram_046, A",0x00234A
0x0029D4,0xFF3,PRODL,read,,"MOVF PRODL, W, A",0x00234A
0x0029D6,0x08B,ram_08B,read_write,,"ADDWF ram_08B, F, B",0x00234A
0x0029D8,0xFF4,PRODH,read,,"MOVF PRODH, W, A",0x00234A
0x0029DA,0x08C,ram_08C,read_write,,"ADDWFC ram_08C, F, B",0x00234A
0x0029DC,0x087,ram_087,read,,"MOVF ram_087, W, B",0x00234A
0x0029DE,0x045,ram_045,read,,"MULWF ram_045, A",0x00234A
0x0029E0,0xFF3,PRODL,read,,"MOVF PRODL, W, A",0x00234A
0x0029E2,0x08B,ram_08B,read_write,,"ADDWF ram_08B, F, B",0x00234A
0x0029E4,0xFF4,PRODH,read,,"MOVF PRODH, W, A",0x00234A
0x0029E6,0x08C,ram_08C,read_write,,"ADDWFC ram_08C, F, B",0x00234A
0x0029E8,0x048,ram_048,read,,"MOVF ram_048, W, A",0x00234A
0x0029EA,0x085,ram_085,read,,"MULWF ram_085, B",0x00234A
0x0029EC,0xFF3,PRODL,read,,"MOVF PRODL, W, A",0x00234A
0x0029EE,0x08C,ram_08C,read_write,,"ADDWF ram_08C, F, B",0x00234A
0x0029F0,0x086,ram_086,read,,"MOVF ram_086, W, B",0x00234A
0x0029F2,0x047,ram_047,read,,"MULWF ram_047, A",0x00234A
0x0029F4,0xFF3,PRODL,read,,"MOVF PRODL, W, A",0x00234A
0x0029F6,0x08C,ram_08C,read_write,,"ADDWF ram_08C, F, B",0x00234A
0x0029F8,0x087,ram_087,read,,"MOVF ram_087, W, B",0x00234A
0x0029FA,0x046,ram_046,read,,"MULWF ram_046, A",0x00234A
0x0029FC,0xFF3,PRODL,read,,"MOVF PRODL, W, A",0x00234A
0x0029FE,0x08C,ram_08C,read_write,,"ADDWF ram_08C, F, B",0x00234A
0x002A00,0x088,ram_088,read,,"MOVF ram_088, W, B",0x00234A
0x002A02,0x045,ram_045,read,,"MULWF ram_045, A",0x00234A
0x002A04,0xFF3,PRODL,read,,"MOVF PRODL, W, A",0x00234A
0x002A06,0x08C,ram_08C,read_write,,"ADDWF ram_08C, F, B",0x00234A
0x002A08,0x089,ram_089,read,,"MOVF ram_089, W, B",0x00234A
0x002A0A,0x0AF,ram_0AF,read_write,,"ADDWF ram_0AF, F, B",0x00234A
0x002A0C,0x08A,ram_08A,read,,"MOVF ram_08A, W, B",0x00234A
0x002A0E,0x0B0,ram_0B0,read_write,,"ADDWFC ram_0B0, F, B",0x00234A
0x002A10,0x08B,ram_08B,read,,"MOVF ram_08B, W, B",0x00234A
0x002A12,0x0B1,ram_0B1,read_write,,"ADDWFC ram_0B1, F, B",0x00234A
0x002A14,0x08C,ram_08C,read,,"MOVF ram_08C, W, B",0x00234A
0x002A16,0x0B2,ram_0B2,read_write,,"ADDWFC ram_0B2, F, B",0x00234A
0x002A18,0x045,ram_045,read,,"MOVF ram_045, W, A",0x00234A
0x002A1A,0x0AF,ram_0AF,read,,"SUBWF ram_0AF, W, B",0x00234A
0x002A1C,0x046,ram_046,read,,"MOVF ram_046, W, A",0x00234A
0x002A1E,0x0B0,ram_0B0,read,,"SUBWFB ram_0B0, W, B",0x00234A
0x002A20,0x047,ram_047,read,,"MOVF ram_047, W, A",0x00234A
0x002A22,0x0B1,ram_0B1,read,,"SUBWFB ram_0B1, W, B",0x00234A
0x002A24,0x0B2,ram_0B2,read,,"MOVF ram_0B2, W, B",0x00234A
0x002A28,0x085,ram_085,write,,"MOVWF ram_085, B",0x00234A
0x002A2A,0x048,ram_048,read,,"MOVF ram_048, W, A",0x00234A
0x002A2E,0x085,ram_085,read,,"SUBWFB ram_085, W, B",0x00234A
0x002A32,0x041,ram_041,read,,"MOVF ram_041, W, A",0x00234A
0x002A34,0x0AF,ram_0AF,read_write,,"ADDWF ram_0AF, F, B",0x00234A
0x002A36,0x042,ram_042,read,,"MOVF ram_042, W, A",0x00234A
0x002A38,0x0B0,ram_0B0,read_write,,"ADDWFC ram_0B0, F, B",0x00234A
0x002A3A,0x043,ram_043,read,,"MOVF ram_043, W, A",0x00234A
0x002A3C,0x0B1,ram_0B1,read_write,,"ADDWFC ram_0B1, F, B",0x00234A
0x002A3E,0x044,ram_044,read,,"MOVF ram_044, W, A",0x00234A
0x002A40,0x0B2,ram_0B2,read_write,,"ADDWFC ram_0B2, F, B",0x00234A
0x002A42,0x045,ram_045,read,,"MOVF ram_045, W, A",0x00234A
0x002A44,0x0AF,ram_0AF,read_write,,"SUBWF ram_0AF, F, B",0x00234A
0x002A46,0x046,ram_046,read,,"MOVF ram_046, W, A",0x00234A
0x002A48,0x0B0,ram_0B0,read_write,,"SUBWFB ram_0B0, F, B",0x00234A
0x002A4A,0x047,ram_047,read,,"MOVF ram_047, W, A",0x00234A
0x002A4C,0x0B1,ram_0B1,read_write,,"SUBWFB ram_0B1, F, B",0x00234A
0x002A4E,0x048,ram_048,read,,"MOVF ram_048, W, A",0x00234A
0x002A50,0x0B2,ram_0B2,read_write,,"SUBWFB ram_0B2, F, B",0x00234A
0x002A52,0x0B8,ram_0B8,read,,"MOVF ram_0B8, W, B",0x00234A
0x002A58,0xFF3,PRODL,read,,"ADDWF PRODL, W, A",0x00234A
0x002A5A,0xFD9,FSR2L,write,,"MOVWF FSR2L, A",0x00234A
0x002A5E,0xFF4,PRODH,read,,"ADDWFC PRODH, W, A",0x00234A
0x002A60,0xFDA,FSR2H,write,,"MOVWF FSR2H, A",0x00234A
0x002A62,0xFDE,POSTINC2,read,,"MOVFF POSTINC2, ram_085",0x00234A
0x002A62,0x085,ram_085,write,,"MOVFF POSTINC2, ram_085",0x00234A
0x002A66,0xFDE,POSTINC2,read,,"MOVFF POSTINC2, ram_086",0x00234A
0x002A66,0x086,ram_086,write,,"MOVFF POSTINC2, ram_086",0x00234A
0x002A6A,0xFDE,POSTINC2,read,,"MOVFF POSTINC2, ram_087",0x00234A
0x002A6A,0x087,ram_087,write,,"MOVFF POSTINC2, ram_087",0x00234A
0x002A6E,0xFDE,POSTINC2,read,,"MOVFF POSTINC2, ram_088",0x00234A
0x002A6E,0x088,ram_088,write,,"MOVFF POSTINC2, ram_088",0x00234A
0x002A72,0x0AB,ram_0AB,read,,"MOVF ram_0AB, W, B",0x00234A
0x002A74,0x085,ram_085,read,,"ADDWF ram_085, W, B",0x00234A
0x002A76,0x089,ram_089,write,,"MOVWF ram_089, B",0x00234A
0x002A78,0x0AC,ram_0AC,read,,"MOVF ram_0AC, W, B",0x00234A
0x002A7A,0x086,ram_086,read,,"ADDWFC ram_086, W, B",0x00234A
0x002A7C,0x08A,ram_08A,write,,"MOVWF ram_08A, B",0x00234A
0x002A7E,0x0AD,ram_0AD,read,,"MOVF ram_0AD, W, B",0x00234A
0x002A80,0x087,ram_087,read,,"ADDWFC ram_087, W, B",0x00234A
0x002A82,0x08B,ram_08B,write,,"MOVWF ram_08B, B",0x00234A
0x002A84,0x0AE,ram_0AE,read,,"MOVF ram_0AE, W, B",0x00234A
0x002A86,0x088,ram_088,read,,"ADDWFC ram_088, W, B",0x00234A
0x002A88,0x08C,ram_08C,write,,"MOVWF ram_08C, B",0x00234A
0x002A8A,0x089,ram_089,read,,"MOVF ram_089, W, B",0x00234A
0x002A8C,0x0AF,ram_0AF,read_write,,"ADDWF ram_0AF, F, B",0x00234A
0x002A8E,0x08A,ram_08A,read,,"MOVF ram_08A, W, B",0x00234A
0x002A90,0x0B0,ram_0B0,read_write,,"ADDWFC ram_0B0, F, B",0x00234A
0x002A92,0x08B,ram_08B,read,,"MOVF ram_08B, W, B",0x00234A
0x002A94,0x0B1,ram_0B1,read_write,,"ADDWFC ram_0B1, F, B",0x00234A
0x002A96,0x08C,ram_08C,read,,"MOVF ram_08C, W, B",0x00234A
0x002A98,0x0B2,ram_0B2,read_write,,"ADDWFC ram_0B2, F, B",0x00234A
0x002A9A,0x049,ram_049,read,,"MOVF ram_049, W, A",0x00234A
0x002A9C,0x0AF,ram_0AF,read_write,,"ADDWF ram_0AF, F, B",0x00234A
0x002A9E,0x04A,ram_04A,read,,"MOVF ram_04A, W, A",0x00234A
0x002AA0,0x0B0,ram_0B0,read_write,,"ADDWFC ram_0B0, F, B",0x00234A
0x002AA2,0x04B,ram_04B,read,,"MOVF ram_04B, W, A",0x00234A
0x002AA4,0x0B1,ram_0B1,read_write,,"ADDWFC ram_0B1, F, B",0x00234A
0x002AA6,0x04C,ram_04C,read,,"MOVF ram_04C, W, A",0x00234A
0x002AA8,0x0B2,ram_0B2,read_write,,"ADDWFC ram_0B2, F, B",0x00234A
0x002AAA,0x0AF,ram_0AF,read,,"MOVFF ram_0AF, ram_012",0x00234A
0x002AAA,0x012,ram_012,write,,"MOVFF ram_0AF, ram_012",0x00234A
0x002AAE,0x0B0,ram_0B0,read,,"MOVFF ram_0B0, ram_013",0x00234A
0x002AAE,0x013,ram_013,write,,"MOVFF ram_0B0, ram_013",0x00234A
0x002AB2,0x0B1,ram_0B1,read,,"MOVFF ram_0B1, ram_014",0x00234A
0x002AB2,0x014,ram_014,write,,"MOVFF ram_0B1, ram_014",0x00234A
0x002AB6,0x0B2,ram_0B2,read,,"MOVFF ram_0B2, ram_015",0x00234A
0x002AB6,0x015,ram_015,write,,"MOVFF ram_0B2, ram_015",0x00234A
0x002ABA,0x0B8,ram_0B8,read,,"MOVF ram_0B8, W, B",0x00234A
0x002ABE,0xFF3,PRODL,read,,"MOVFF PRODL, ram_085",0x00234A
0x002ABE,0x085,ram_085,write,,"MOVFF PRODL, ram_085",0x00234A
0x002AC2,0xFF4,PRODH,read,,"MOVFF PRODH, ram_086",0x00234A
0x002AC2,0x086,ram_086,write,,"MOVFF PRODH, ram_086",0x00234A
0x002AC6,0xFD8,STATUS,read_write,0,"BCF STATUS, 0, A",0x00234A
0x002AC8,0x085,ram_085,read_write,,"RLCF ram_085, F, B",0x00234A
0x002ACA,0x086,ram_086,read_write,,"RLCF ram_086, F, B",0x00234A
0x002ACC,0xFD8,STATUS,read_write,0,"BCF STATUS, 0, A",0x00234A
0x002ACE,0x085,ram_085,read_write,,"RLCF ram_085, F, B",0x00234A
0x002AD0,0x086,ram_086,read_write,,"RLCF ram_086, F, B",0x00234A
0x002AD4,0x085,ram_085,read,,"ADDWF ram_085, W, B",0x00234A
0x002AD6,0xFD9,FSR2L,write,,"MOVWF FSR2L, A",0x00234A
0x002ADA,0x086,ram_086,read,,"ADDWFC ram_086, W, B",0x00234A
0x002ADC,0xFDA,FSR2H,write,,"MOVWF FSR2H, A",0x00234A
0x002ADE,0xFDE,POSTINC2,read,,"MOVFF POSTINC2, ram_016",0x00234A
0x002ADE,0x016,ram_016,write,,"MOVFF POSTINC2, ram_016",0x00234A
0x002AE2,0xFDE,POSTINC2,read,,"MOVFF POSTINC2, ram_017",0x00234A
0x002AE2,0x017,ram_017,write,,"MOVFF POSTINC2, ram_017",0x00234A
0x002AE6,0xFDE,POSTINC2,read,,"MOVFF POSTINC2, ram_018",0x00234A
0x002AE6,0x018,ram_018,write,,"MOVFF POSTINC2, ram_018",0x00234A
0x002AEA,0xFDE,POSTINC2,read,,"MOVFF POSTINC2, ram_019",0x00234A
0x002AEA,0x019,ram_019,write,,"MOVFF POSTINC2, ram_019",0x00234A
0x002AF2,0x012,ram_012,read,,"MOVF ram_012, W, A",0x00234A
0x002AF8,0x0A4,ram_0A4,write,,"MOVWF ram_0A4, B",0x00234A
0x002AFA,0x0AF,ram_0AF,read,,"MOVFF ram_0AF, ram_012",0x00234A
0x002AFA,0x012,ram_012,write,,"MOVFF ram_0AF, ram_012",0x00234A
0x002AFE,0x0B0,ram_0B0,read,,"MOVFF ram_0B0, ram_013",0x00234A
0x002AFE,0x013,ram_013,write,,"MOVFF ram_0B0, ram_013",0x00234A
0x002B02,0x0B1,ram_0B1,read,,"MOVFF ram_0B1, ram_014",0x00234A
0x002B02,0x014,ram_014,write,,"MOVFF ram_0B1, ram_014",0x00234A
0x002B06,0x0B2,ram_0B2,read,,"MOVFF ram_0B2, ram_015",0x00234A
0x002B06,0x015,ram_015,write,,"MOVFF ram_0B2, ram_015",0x00234A
0x002B0A,0x0B8,ram_0B8,read,,"MOVF ram_0B8, W, B",0x00234A
0x002B0E,0xFF3,PRODL,read,,"MOVFF PRODL, ram_085",0x00234A
0x002B0E,0x085,ram_085,write,,"MOVFF PRODL, ram_085",0x00234A
0x002B12,0xFF4,PRODH,read,,"MOVFF PRODH, ram_086",0x00234A
0x002B12,0x086,ram_086,write,,"MOVFF PRODH, ram_086",0x00234A
0x002B16,0xFD8,STATUS,read_write,0,"BCF STATUS, 0, A",0x00234A
0x002B18,0x085,ram_085,read_write,,"RLCF ram_085, F, B",0x00234A
0x002B1A,0x086,ram_086,read_write,,"RLCF ram_086, F, B",0x00234A
0x002B1C,0xFD8,STATUS,read_write,0,"BCF STATUS, 0, A",0x00234A
0x002B1E,0x085,ram_085,read_write,,"RLCF ram_085, F, B",0x00234A
0x002B20,0x086,ram_086,read_write,,"RLCF ram_086, F, B",0x00234A
0x002B24,0x085,ram_085,read,,"ADDWF ram_085, W, B",0x00234A
0x002B26,0xFD9,FSR2L,write,,"MOVWF FSR2L, A",0x00234A
0x002B2A,0x086,ram_086,read,,"ADDWFC ram_086, W, B",0x00234A
0x002B2C,0xFDA,FSR2H,write,,"MOVWF FSR2H, A",0x00234A
0x002B2E,0xFDE,POSTINC2,read,,"MOVFF POSTINC2, ram_016",0x00234A
0x002B2E,0x016,ram_016,write,,"MOVFF POSTINC2, ram_016",0x00234A
0x002B32,0xFDE,POSTINC2,read,,"MOVFF POSTINC2, ram_017",0x00234A
0x002B32,0x017,ram_017,write,,"MOVFF POSTINC2, ram_017",0x00234A
0x002B36,0xFDE,POSTINC2,read,,"MOVFF POSTINC2, ram_018",0x00234A
0x002B36,0x018,ram_018,write,,"MOVFF POSTINC2, ram_018",0x00234A
0x002B3A,0xFDE,POSTINC2,read,,"MOVFF POSTINC2, ram_019",0x00234A
0x002B3A,0x019,ram_019,write,,"MOVFF POSTINC2, ram_019",0x00234A
0x002B42,0x012,ram_012,read,,"MOVFF ram_012, ram_0B4",0x00234A
0x002B42,0x0B4,ram_0B4,write,,"MOVFF ram_012, ram_0B4",0x00234A
0x002B46,0x013,ram_013,read,,"MOVFF ram_013, ram_0B5",0x00234A
0x002B46,0x0B5,ram_0B5,write,,"MOVFF ram_013, ram_0B5",0x00234A
0x002B4A,0x014,ram_014,read,,"MOVFF ram_014, ram_0B6",0x00234A
0x002B4A,0x0B6,ram_0B6,write,,"MOVFF ram_014, ram_0B6",0x00234A
0x002B4E,0x015,ram_015,read,,"MOVFF ram_015, ram_0B7",0x00234A
0x002B4E,0x0B7,ram_0B7,write,,"MOVFF ram_015, ram_0B7",0x00234A
0x002B54,0x0B4,ram_0B4,read,,"MOVF ram_0B4, W, B",0x00234A
0x002B56,0x0B5,ram_0B5,read,,"IORWF ram_0B5, W, B",0x00234A
0x002B58,0x0B6,ram_0B6,read,,"IORWF ram_0B6, W, B",0x00234A
0x002B5A,0x0B7,ram_0B7,read,,"IORWF ram_0B7, W, B",0x00234A
0x002B60,0x0A4,ram_0A4,read_write,,"XORWF ram_0A4, F, B",0x00234A
0x002B64,0x482,ram_482,read,,"MOVF ram_482, W, B",0x00234A
0x002B6C,0x0B8,ram_0B8,read,,"ADDWF ram_0B8, W, B",0x00234A
0x002B6E,0xFD9,FSR2L,write,,"MOVWF FSR2L, A",0x00234A
0x002B70,0xFDA,FSR2H,write,,"CLRF FSR2H, A",0x00234A
0x002B74,0xFDA,FSR2H,read_write,,"ADDWFC FSR2H, F, A",0x00234A
0x002B76,0xFDF,INDF2,read,,"MOVF INDF2, W, A",0x00234A
0x002B7E,0x0B8,ram_0B8,read,,"ADDWF ram_0B8, W, B",0x00234A
0x002B80,0xFD9,FSR2L,write,,"MOVWF FSR2L, A",0x00234A
0x002B82,0xFDA,FSR2H,write,,"CLRF FSR2H, A",0x00234A
0x002B86,0xFDA,FSR2H,read_write,,"ADDWFC FSR2H, F, A",0x00234A
0x002B88,0xFDF,INDF2,read,,"MOVF INDF2, W, A",0x00234A
0x002B8C,0x0B8,ram_0B8,read,,"MOVF ram_0B8, W, B",0x00234A
0x002B90,0xFF3,PRODL,read,,"MOVF PRODL, W, A",0x00234A
0x002B94,0xFD9,FSR2L,write,,"MOVWF FSR2L, A",0x00234A
0x002B96,0xFDA,FSR2H,write,,"CLRF FSR2H, A",0x00234A
0x002B98,0xFDE,POSTINC2,read,,"MOVFF POSTINC2, ram_085",0x00234A
0x002B98,0x085,ram_085,write,,"MOVFF POSTINC2, ram_085",0x00234A
0x002B9C,0xFDD,POSTDEC2,read,,"MOVFF POSTDEC2, ram_086",0x00234A
0x002B9C,0x086,ram_086,write,,"MOVFF POSTDEC2, ram_086",0x00234A
0x002BA0,0x085,ram_085,read,,"MOVFF ram_085, FSR2L",0x00234A
0x002BA0,0xFD9,FSR2L,write,,"MOVFF ram_085, FSR2L",0x00234A
0x002BA4,0x086,ram_086,read,,"MOVFF ram_086, FSR2H",0x00234A
0x002BA4,0xFDA,FSR2H,write,,"MOVFF ram_086, FSR2H",0x00234A
0x002BA8,0xFDF,INDF2,read,,"MOVF INDF2, W, A",0x00234A
0x002BAE,0x0B8,ram_0B8,read,,"ADDWF ram_0B8, W, B",0x00234A
0x002BB0,0xFD9,FSR2L,write,,"MOVWF FSR2L, A",0x00234A
0x002BB2,0xFDA,FSR2H,write,,"CLRF FSR2H, A",0x00234A
0x002BB6,0xFDA,FSR2H,read_write,,"ADDWFC FSR2H, F, A",0x00234A
0x002BB8,0x0A4,ram_0A4,read,,"MOVFF ram_0A4, INDF2",0x00234A
0x002BB8,0xFDF,INDF2,write,,"MOVFF ram_0A4, INDF2",0x00234A
0x002BBE,0x0B8,ram_0B8,read,,"ADDWF ram_0B8, W, B",0x00234A
0x002BC0,0xFD9,FSR2L,write,,"MOVWF FSR2L, A",0x00234A
0x002BC2,0xFDA,FSR2H,write,,"CLRF FSR2H, A",0x00234A
0x002BC6,0xFDA,FSR2H,read_write,,"ADDWFC FSR2H, F, A",0x00234A
0x002BC8,0xFDF,INDF2,write,,"CLRF INDF2, A",0x00234A
0x002BCA,0x0AA,ram_0AA,write,,"CLRF ram_0AA, B",0x00234A
0x002BCE,0x0B8,ram_0B8,read,,"ADDWF ram_0B8, W, B",0x00234A
0x002BD0,0xFD9,FSR2L,write,,"MOVWF FSR2L, A",0x00234A
0x002BD2,0xFDA,FSR2H,write,,"CLRF FSR2H, A",0x00234A
0x002BD6,0xFDA,FSR2H,read_write,,"ADDWFC FSR2H, F, A",0x00234A
0x002BD8,0x0A4,ram_0A4,read,,"MOVF ram_0A4, W, B",0x00234A
0x002BDA,0xFDE,POSTINC2,read,,"XORWF POSTINC2, W, A",0x00234A
0x002BE0,0x0AA,ram_0AA,write,,"MOVWF ram_0AA, B",0x00234A
0x002BE2,0x0B8,ram_0B8,read,,"MOVF ram_0B8, W, B",0x00234A
0x002BE6,0xFF3,PRODL,read,,"MOVFF PRODL, ram_085",0x00234A
0x002BE6,0x085,ram_085,write,,"MOVFF PRODL, ram_085",0x00234A
0x002BEA,0xFF4,PRODH,read,,"MOVFF PRODH, ram_086",0x00234A
0x002BEA,0x086,ram_086,write,,"MOVFF PRODH, ram_086",0x00234A
0x002BEE,0xFD8,STATUS,read_write,0,"BCF STATUS, 0, A",0x00234A
0x002BF0,0x085,ram_085,read_write,,"RLCF ram_085, F, B",0x00234A
0x002BF2,0x086,ram_086,read_write,,"RLCF ram_086, F, B",0x00234A
0x002BF4,0xFD8,STATUS,read_write,0,"BCF STATUS, 0, A",0x00234A
0x002BF6,0x085,ram_085,read_write,,"RLCF ram_085, F, B",0x00234A
0x002BF8,0x086,ram_086,read_write,,"RLCF ram_086, F, B",0x00234A
0x002BFC,0x085,ram_085,read,,"ADDWF ram_085, W, B",0x00234A
0x002BFE,0xFD9,FSR2L,write,,"MOVWF FSR2L, A",0x00234A
0x002C02,0x086,ram_086,read,,"ADDWFC ram_086, W, B",0x00234A
0x002C04,0xFDA,FSR2H,write,,"MOVWF FSR2H, A",0x00234A
0x002C06,0xFDE,POSTINC2,read,,"MOVFF POSTINC2, ram_087",0x00234A
0x002C06,0x087,ram_087,write,,"MOVFF POSTINC2, ram_087",0x00234A
0x002C0A,0xFDE,POSTINC2,read,,"MOVFF POSTINC2, ram_088",0x00234A
0x002C0A,0x088,ram_088,write,,"MOVFF POSTINC2, ram_088",0x00234A
0x002C0E,0xFDE,POSTINC2,read,,"MOVFF POSTINC2, ram_089",0x00234A
0x002C0E,0x089,ram_089,write,,"MOVFF POSTINC2, ram_089",0x00234A
0x002C12,0xFDE,POSTINC2,read,,"MOVFF POSTINC2, ram_08A",0x00234A
0x002C12,0x08A,ram_08A,write,,"MOVFF POSTINC2, ram_08A",0x00234A
0x002C16,0x0B8,ram_0B8,read,,"MOVF ram_0B8, W, B",0x00234A
0x002C1A,0xFF3,PRODL,read,,"MOVFF PRODL, ram_08B",0x00234A
0x002C1A,0x08B,ram_08B,write,,"MOVFF PRODL, ram_08B",0x00234A
0x002C1E,0xFF4,PRODH,read,,"MOVFF PRODH, ram_08C",0x00234A
0x002C1E,0x08C,ram_08C,write,,"MOVFF PRODH, ram_08C",0x00234A
0x002C22,0xFD8,STATUS,read_write,0,"BCF STATUS, 0, A",0x00234A
0x002C24,0x08B,ram_08B,read_write,,"RLCF ram_08B, F, B",0x00234A
0x002C26,0x08C,ram_08C,read_write,,"RLCF ram_08C, F, B",0x00234A
0x002C28,0xFD8,STATUS,read_write,0,"BCF STATUS, 0, A",0x00234A
0x002C2A,0x08B,ram_08B,read_write,,"RLCF ram_08B, F, B",0x00234A
0x002C2C,0x08C,ram_08C,read_write,,"RLCF ram_08C, F, B",0x00234A
0x002C30,0x08B,ram_08B,read,,"ADDWF ram_08B, W, B",0x00234A
0x002C32,0xFD9,FSR2L,write,,"MOVWF FSR2L, A",0x00234A
0x002C36,0x08C,ram_08C,read,,"ADDWFC ram_08C, W, B",0x00234A
0x002C38,0xFDA,FSR2H,write,,"MOVWF FSR2H, A",0x00234A
0x002C3A,0xFDE,POSTINC2,read,,"MOVFF POSTINC2, ram_08D",0x00234A
0x002C3A,0x08D,ram_08D,write,,"MOVFF POSTINC2, ram_08D",0x00234A
0x002C3E,0xFDE,POSTINC2,read,,"MOVFF POSTINC2, ram_08E",0x00234A
0x002C3E,0x08E,ram_08E,write,,"MOVFF POSTINC2, ram_08E",0x00234A
0x002C42,0xFDE,POSTINC2,read,,"MOVFF POSTINC2, ram_08F",0x00234A
0x002C42,0x08F,ram_08F,write,,"MOVFF POSTINC2, ram_08F",0x00234A
0x002C46,0xFDE,POSTINC2,read,,"MOVFF POSTINC2, ram_090",0x00234A
0x002C46,0x090,ram_090,write,,"MOVFF POSTINC2, ram_090",0x00234A
0x002C4A,0x087,ram_087,read,,"MOVF ram_087, W, B",0x00234A
0x002C4C,0x08D,ram_08D,read,,"SUBWF ram_08D, W, B",0x00234A
0x002C4E,0x0A5,ram_0A5,write,,"MOVWF ram_0A5, B",0x00234A
0x002C50,0x088,ram_088,read,,"MOVF ram_088, W, B",0x00234A
0x002C52,0x08E,ram_08E,read,,"SUBWFB ram_08E, W, B",0x00234A
0x002C54,0x0A6,ram_0A6,write,,"MOVWF ram_0A6, B",0x00234A
0x002C56,0x089,ram_089,read,,"MOVF ram_089, W, B",0x00234A
0x002C58,0x08F,ram_08F,read,,"SUBWFB ram_08F, W, B",0x00234A
0x002C5A,0x0A7,ram_0A7,write,,"MOVWF ram_0A7, B",0x00234A
0x002C5C,0x08A,ram_08A,read,,"MOVF ram_08A, W, B",0x00234A
0x002C5E,0x090,ram_090,read,,"SUBWFB ram_090, W, B",0x00234A
0x002C60,0x0A8,ram_0A8,write,,"MOVWF ram_0A8, B",0x00234A
0x002C62,0x0B8,ram_0B8,read,,"MOVF ram_0B8, W, B",0x00234A
0x002C66,0xFF3,PRODL,read,,"MOVFF PRODL, ram_085",0x00234A
0x002C66,0x085,ram_085,write,,"MOVFF PRODL, ram_085",0x00234A
0x002C6A,0xFF4,PRODH,read,,"MOVFF PRODH, ram_086",0x00234A
0x002C6A,0x086,ram_086,write,,"MOVFF PRODH, ram_086",0x00234A
0x002C6E,0xFD8,STATUS,read_write,0,"BCF STATUS, 0, A",0x00234A
0x002C70,0x085,ram_085,read_write,,"RLCF ram_085, F, B",0x00234A
0x002C72,0x086,ram_086,read_write,,"RLCF ram_086, F, B",0x00234A
0x002C74,0xFD8,STATUS,read_write,0,"BCF STATUS, 0, A",0x00234A
0x002C76,0x085,ram_085,read_write,,"RLCF ram_085, F, B",0x00234A
0x002C78,0x086,ram_086,read_write,,"RLCF ram_086, F, B",0x00234A
0x002C7C,0x085,ram_085,read,,"ADDWF ram_085, W, B",0x00234A
0x002C7E,0xFD9,FSR2L,write,,"MOVWF FSR2L, A",0x00234A
0x002C82,0x086,ram_086,read,,"ADDWFC ram_086, W, B",0x00234A
0x002C84,0xFDA,FSR2H,write,,"MOVWF FSR2H, A",0x00234A
0x002C86,0xFDE,POSTINC2,read,,"MOVFF POSTINC2, ram_087",0x00234A
0x002C86,0x087,ram_087,write,,"MOVFF POSTINC2, ram_087",0x00234A
0x002C8A,0xFDE,POSTINC2,read,,"MOVFF POSTINC2, ram_088",0x00234A
0x002C8A,0x088,ram_088,write,,"MOVFF POSTINC2, ram_088",0x00234A
0x002C8E,0xFDE,POSTINC2,read,,"MOVFF POSTINC2, ram_089",0x00234A
0x002C8E,0x089,ram_089,write,,"MOVFF POSTINC2, ram_089",0x00234A
0x002C92,0xFDE,POSTINC2,read,,"MOVFF POSTINC2, ram_08A",0x00234A
0x002C92,0x08A,ram_08A,write,,"MOVFF POSTINC2, ram_08A",0x00234A
0x002C96,0x0B4,ram_0B4,read,,"MOVF ram_0B4, W, B",0x00234A
0x002C98,0x087,ram_087,read,,"SUBWF ram_087, W, B",0x00234A
0x002C9A,0x09A,ram_09A,write,,"MOVWF ram_09A, B",0x00234A
0x002C9C,0x0B5,ram_0B5,read,,"MOVF ram_0B5, W, B",0x00234A
0x002C9E,0x088,ram_088,read,,"SUBWFB ram_088, W, B",0x00234A
0x002CA0,0x09B,ram_09B,write,,"MOVWF ram_09B, B",0x00234A
0x002CA2,0x0B6,ram_0B6,read,,"MOVF ram_0B6, W, B",0x00234A
0x002CA4,0x089,ram_089,read,,"SUBWFB ram_089, W, B",0x00234A
0x002CA6,0x09C,ram_09C,write,,"MOVWF ram_09C, B",0x00234A
0x002CA8,0x0B7,ram_0B7,read,,"MOVF ram_0B7, W, B",0x00234A
0x002CAA,0x08A,ram_08A,read,,"SUBWFB ram_08A, W, B",0x00234A
0x002CAC,0x09D,ram_09D,write,,"MOVWF ram_09D, B",0x00234A
0x002CAE,0x0AA,ram_0AA,read,,"MOVF ram_0AA, W, B",0x00234A
0x002CB4,0x0B8,ram_0B8,read,,"MOVF ram_0B8, W, B",0x00234A
0x002CB8,0xFF3,PRODL,read,,"MOVFF PRODL, ram_085",0x00234A
0x002CB8,0x085,ram_085,write,,"MOVFF PRODL, ram_085",0x00234A
0x002CBC,0xFF4,PRODH,read,,"MOVFF PRODH, ram_086",0x00234A
0x002CBC,0x086,ram_086,write,,"MOVFF PRODH, ram_086",0x00234A
0x002CC0,0xFD8,STATUS,read_write,0,"BCF STATUS, 0, A",0x00234A
0x002CC2,0x085,ram_085,read_write,,"RLCF ram_085, F, B",0x00234A
0x002CC4,0x086,ram_086,read_write,,"RLCF ram_086, F, B",0x00234A
0x002CC6,0xFD8,STATUS,read_write,0,"BCF STATUS, 0, A",0x00234A
0x002CC8,0x085,ram_085,read_write,,"RLCF ram_085, F, B",0x00234A
0x002CCA,0x086,ram_086,read_write,,"RLCF ram_086, F, B",0x00234A
0x002CCE,0x085,ram_085,read,,"ADDWF ram_085, W, B",0x00234A
0x002CD0,0xFD9,FSR2L,write,,"MOVWF FSR2L, A",0x00234A
0x002CD4,0x086,ram_086,read,,"ADDWFC ram_086, W, B",0x00234A
0x002CD6,0xFDA,FSR2H,write,,"MOVWF FSR2H, A",0x00234A
0x002CD8,0xFDE,POSTINC2,read,,"MOVF POSTINC2, W, A",0x00234A
0x002CDA,0x0B4,ram_0B4,read,,"SUBWF ram_0B4, W, B",0x00234A
0x002CDC,0xFDE,POSTINC2,read,,"MOVF POSTINC2, W, A",0x00234A
0x002CDE,0x0B5,ram_0B5,read,,"SUBWFB ram_0B5, W, B",0x00234A
0x002CE0,0xFDE,POSTINC2,read,,"MOVF POSTINC2, W, A",0x00234A
0x002CE2,0x0B6,ram_0B6,read,,"SUBWFB ram_0B6, W, B",0x00234A
0x002CE4,0x0B7,ram_0B7,read,,"MOVF ram_0B7, W, B",0x00234A
0x002CE8,0x08B,ram_08B,write,,"MOVWF ram_08B, B",0x00234A
0x002CEA,0xFDE,POSTINC2,read,,"MOVF POSTINC2, W, A",0x00234A
0x002CEE,0x08B,ram_08B,read,,"SUBWFB ram_08B, W, B",0x00234A
0x002CF4,0x0B8,ram_0B8,read,,"MOVF ram_0B8, W, B",0x00234A
0x002CF8,0xFF3,PRODL,read,,"MOVFF PRODL, ram_085",0x00234A
0x002CF8,0x085,ram_085,write,,"MOVFF PRODL, ram_085",0x00234A
0x002CFC,0xFF4,PRODH,read,,"MOVFF PRODH, ram_086",0x00234A
0x002CFC,0x086,ram_086,write,,"MOVFF PRODH, ram_086",0x00234A
0x002D00,0xFD8,STATUS,read_write,0,"BCF STATUS, 0, A",0x00234A
0x002D02,0x085,ram_085,read_write,,"RLCF ram_085, F, B",0x00234A
0x002D04,0x086,ram_086,read_write,,"RLCF ram_086, F, B",0x00234A
0x002D06,0xFD8,STATUS,read_write,0,"BCF STATUS, 0, A",0x00234A
0x002D08,0x085,ram_085,read_write,,"RLCF ram_085, F, B",0x00234A
0x002D0A,0x086,ram_086,read_write,,"RLCF ram_086, F, B",0x00234A
0x002D0E,0x085,ram_085,read,,"ADDWF ram_085, W, B",0x00234A
0x002D10,0xFD9,FSR2L,write,,"MOVWF FSR2L, A",0x00234A
0x002D14,0x086,ram_086,read,,"ADDWFC ram_086, W, B",0x00234A
0x002D16,0xFDA,FSR2H,write,,"MOVWF FSR2H, A",0x00234A
0x002D18,0xFDE,POSTINC2,read,,"MOVFF POSTINC2, ram_087",0x00234A
0x002D18,0x087,ram_087,write,,"MOVFF POSTINC2, ram_087",0x00234A
0x002D1C,0xFDE,POSTINC2,read,,"MOVFF POSTINC2, ram_088",0x00234A
0x002D1C,0x088,ram_088,write,,"MOVFF POSTINC2, ram_088",0x00234A
0x002D20,0xFDE,POSTINC2,read,,"MOVFF POSTINC2, ram_089",0x00234A
0x002D20,0x089,ram_089,write,,"MOVFF POSTINC2, ram_089",0x00234A
0x002D24,0xFDE,POSTINC2,read,,"MOVFF POSTINC2, ram_08A",0x00234A
0x002D24,0x08A,ram_08A,write,,"MOVFF POSTINC2, ram_08A",0x00234A
0x002D28,0x0A5,ram_0A5,read,,"MOVF ram_0A5, W, B",0x00234A
0x002D2A,0x087,ram_087,read,,"ADDWF ram_087, W, B",0x00234A
0x002D2C,0x08B,ram_08B,write,,"MOVWF ram_08B, B",0x00234A
0x002D2E,0x0A6,ram_0A6,read,,"MOVF ram_0A6, W, B",0x00234A
0x002D30,0x088,ram_088,read,,"ADDWFC ram_088, W, B",0x00234A
0x002D32,0x08C,ram_08C,write,,"MOVWF ram_08C, B",0x00234A
0x002D34,0x0A7,ram_0A7,read,,"MOVF ram_0A7, W, B",0x00234A
0x002D36,0x089,ram_089,read,,"ADDWFC ram_089, W, B",0x00234A
0x002D38,0x08D,ram_08D,write,,"MOVWF ram_08D, B",0x00234A
0x002D3A,0x0A8,ram_0A8,read,,"MOVF ram_0A8, W, B",0x00234A
0x002D3C,0x08A,ram_08A,read,,"ADDWFC ram_08A, W, B",0x00234A
0x002D3E,0x08E,ram_08E,write,,"MOVWF ram_08E, B",0x00234A
0x002D40,0x0B8,ram_0B8,read,,"MOVF ram_0B8, W, B",0x00234A
0x002D44,0xFF3,PRODL,read,,"MOVFF PRODL, ram_08F",0x00234A
0x002D44,0x08F,ram_08F,write,,"MOVFF PRODL, ram_08F",0x00234A
0x002D48,0xFF4,PRODH,read,,"MOVFF PRODH, ram_090",0x00234A
0x002D48,0x090,ram_090,write,,"MOVFF PRODH, ram_090",0x00234A
0x002D4C,0xFD8,STATUS,read_write,0,"BCF STATUS, 0, A",0x00234A
0x002D4E,0x08F,ram_08F,read_write,,"RLCF ram_08F, F, B",0x00234A
0x002D50,0x090,ram_090,read_write,,"RLCF ram_090, F, B",0x00234A
0x002D52,0xFD8,STATUS,read_write,0,"BCF STATUS, 0, A",0x00234A
0x002D54,0x08F,ram_08F,read_write,,"RLCF ram_08F, F, B",0x00234A
0x002D56,0x090,ram_090,read_write,,"RLCF ram_090, F, B",0x00234A
0x002D5A,0x08F,ram_08F,read,,"ADDWF ram_08F, W, B",0x00234A
0x002D5C,0xFD9,FSR2L,write,,"MOVWF FSR2L, A",0x00234A
0x002D60,0x090,ram_090,read,,"ADDWFC ram_090, W, B",0x00234A
0x002D62,0xFDA,FSR2H,write,,"MOVWF FSR2H, A",0x00234A
0x002D64,0xFDE,POSTINC2,read,,"MOVFF POSTINC2, ram_091",0x00234A
0x002D64,0x091,ram_091,write,,"MOVFF POSTINC2, ram_091",0x00234A
0x002D68,0xFDE,POSTINC2,read,,"MOVFF POSTINC2, ram_092",0x00234A
0x002D68,0x092,ram_092,write,,"MOVFF POSTINC2, ram_092",0x00234A
0x002D6C,0xFDE,POSTINC2,read,,"MOVFF POSTINC2, ram_093",0x00234A
0x002D6C,0x093,ram_093,write,,"MOVFF POSTINC2, ram_093",0x00234A
0x002D70,0xFDE,POSTINC2,read,,"MOVFF POSTINC2, ram_094",0x00234A
0x002D70,0x094,ram_094,write,,"MOVFF POSTINC2, ram_094",0x00234A
0x002D74,0xFD8,STATUS,read_write,0,"BCF STATUS, 0, A",0x00234A
0x002D76,0x091,ram_091,read,,"RLCF ram_091, W, B",0x00234A
0x002D78,0x095,ram_095,write,,"MOVWF ram_095, B",0x00234A
0x002D7A,0x092,ram_092,read,,"RLCF ram_092, W, B",0x00234A
0x002D7C,0x096,ram_096,write,,"MOVWF ram_096, B",0x00234A
0x002D7E,0x093,ram_093,read,,"RLCF ram_093, W, B",0x00234A
0x002D80,0x097,ram_097,write,,"MOVWF ram_097, B",0x00234A
0x002D82,0x094,ram_094,read,,"RLCF ram_094, W, B",0x00234A
0x002D84,0x098,ram_098,write,,"MOVWF ram_098, B",0x00234A
0x002D86,0x08B,ram_08B,read,,"MOVF ram_08B, W, B",0x00234A
0x002D88,0x095,ram_095,read,,"SUBWF ram_095, W, B",0x00234A
0x002D8A,0x08C,ram_08C,read,,"MOVF ram_08C, W, B",0x00234A
0x002D8C,0x096,ram_096,read,,"SUBWFB ram_096, W, B",0x00234A
0x002D8E,0x08D,ram_08D,read,,"MOVF ram_08D, W, B",0x00234A
0x002D90,0x097,ram_097,read,,"SUBWFB ram_097, W, B",0x00234A
0x002D92,0x098,ram_098,read,,"MOVF ram_098, W, B",0x00234A
0x002D96,0x099,ram_099,write,,"MOVWF ram_099, B",0x00234A
0x002D98,0x08E,ram_08E,read,,"MOVF ram_08E, W, B",0x00234A
0x002D9C,0x099,ram_099,read,,"SUBWFB ram_099, W, B",0x00234A
0x002DA0,0x0B8,ram_0B8,read,,"MOVF ram_0B8, W, B",0x00234A
0x002DA4,0xFF3,PRODL,read,,"MOVFF PRODL, ram_085",0x00234A
0x002DA4,0x085,ram_085,write,,"MOVFF PRODL, ram_085",0x00234A
0x002DA8,0xFF4,PRODH,read,,"MOVFF PRODH, ram_086",0x00234A
0x002DA8,0x086,ram_086,write,,"MOVFF PRODH, ram_086",0x00234A
0x002DAC,0xFD8,STATUS,read_write,0,"BCF STATUS, 0, A",0x00234A
0x002DAE,0x085,ram_085,read_write,,"RLCF ram_085, F, B",0x00234A
0x002DB0,0x086,ram_086,read_write,,"RLCF ram_086, F, B",0x00234A
0x002DB2,0xFD8,STATUS,read_write,0,"BCF STATUS, 0, A",0x00234A
0x002DB4,0x085,ram_085,read_write,,"RLCF ram_085, F, B",0x00234A
0x002DB6,0x086,ram_086,read_write,,"RLCF ram_086, F, B",0x00234A
0x002DBA,0x085,ram_085,read,,"ADDWF ram_085, W, B",0x00234A
0x002DBC,0xFD9,FSR2L,write,,"MOVWF FSR2L, A",0x00234A
0x002DC0,0x086,ram_086,read,,"ADDWFC ram_086, W, B",0x00234A
0x002DC2,0xFDA,FSR2H,write,,"MOVWF FSR2H, A",0x00234A
0x002DC4,0x0A5,ram_0A5,read,,"MOVF ram_0A5, W, B",0x00234A
0x002DC6,0xFDE,POSTINC2,read,,"SUBWF POSTINC2, W, A",0x00234A
0x002DC8,0x0A6,ram_0A6,read,,"MOVF ram_0A6, W, B",0x00234A
0x002DCA,0xFDE,POSTINC2,read,,"SUBWFB POSTINC2, W, A",0x00234A
0x002DCC,0x0A7,ram_0A7,read,,"MOVF ram_0A7, W, B",0x00234A
0x002DCE,0xFDE,POSTINC2,read,,"SUBWFB POSTINC2, W, A",0x00234A
0x002DD0,0xFDE,POSTINC2,read,,"MOVF POSTINC2, W, A",0x00234A
0x002DD4,0x08B,ram_08B,write,,"MOVWF ram_08B, B",0x00234A
0x002DD6,0x0A8,ram_0A8,read,,"MOVF ram_0A8, W, B",0x00234A
0x002DDA,0x08B,ram_08B,read,,"SUBWFB ram_08B, W, B",0x00234A
0x002DDE,0x0A5,ram_0A5,read,,"MOVF ram_0A5, W, B",0x00234A
0x002DE0,0x09A,ram_09A,read,,"SUBWF ram_09A, W, B",0x00234A
0x002DE2,0x0A6,ram_0A6,read,,"MOVF ram_0A6, W, B",0x00234A
0x002DE4,0x09B,ram_09B,read,,"SUBWFB ram_09B, W, B",0x00234A
0x002DE6,0x0A7,ram_0A7,read,,"MOVF ram_0A7, W, B",0x00234A
0x002DE8,0x09C,ram_09C,read,,"SUBWFB ram_09C, W, B",0x00234A
0x002DEA,0x09D,ram_09D,read,,"MOVF ram_09D, W, B",0x00234A
0x002DEE,0x085,ram_085,write,,"MOVWF ram_085, B",0x00234A
0x002DF0,0x0A8,ram_0A8,read,,"MOVF ram_0A8, W, B",0x00234A
0x002DF4,0x085,ram_085,read,,"SUBWFB ram_085, W, B",0x00234A
0x002DF8,0x0B8,ram_0B8,read,,"MOVF ram_0B8, W, B",0x00234A
0x002DFC,0xFF3,PRODL,read,,"MOVFF PRODL, ram_085",0x00234A
0x002DFC,0x085,ram_085,write,,"MOVFF PRODL, ram_085",0x00234A
0x002E00,0xFF4,PRODH,read,,"MOVFF PRODH, ram_086",0x00234A
0x002E00,0x086,ram_086,write,,"MOVFF PRODH, ram_086",0x00234A
0x002E04,0xFD8,STATUS,read_write,0,"BCF STATUS, 0, A",0x00234A
0x002E06,0x085,ram_085,read_write,,"RLCF ram_085, F, B",0x00234A
0x002E08,0x086,ram_086,read_write,,"RLCF ram_086, F, B",0x00234A
0x002E0A,0xFD8,STATUS,read_write,0,"BCF STATUS, 0, A",0x00234A
0x002E0C,0x085,ram_085,read_write,,"RLCF ram_085, F, B",0x00234A
0x002E0E,0x086,ram_086,read_write,,"RLCF ram_086, F, B",0x00234A
0x002E12,0x085,ram_085,read,,"ADDWF ram_085, W, B",0x00234A
0x002E14,0xFD9,FSR2L,write,,"MOVWF FSR2L, A",0x00234A
0x002E18,0x086,ram_086,read,,"ADDWFC ram_086, W, B",0x00234A
0x002E1A,0xFDA,FSR2H,write,,"MOVWF FSR2H, A",0x00234A
0x002E1C,0x0B4,ram_0B4,read,,"MOVFF ram_0B4, POSTINC2",0x00234A
0x002E1C,0xFDE,POSTINC2,write,,"MOVFF ram_0B4, POSTINC2",0x00234A
0x002E20,0x0B5,ram_0B5,read,,"MOVFF ram_0B5, POSTINC2",0x00234A
0x002E20,0xFDE,POSTINC2,write,,"MOVFF ram_0B5, POSTINC2",0x00234A
0x002E24,0x0B6,ram_0B6,read,,"MOVFF ram_0B6, POSTINC2",0x00234A
0x002E24,0xFDE,POSTINC2,write,,"MOVFF ram_0B6, POSTINC2",0x00234A
0x002E28,0x0B7,ram_0B7,read,,"MOVFF ram_0B7, POSTINC2",0x00234A
0x002E28,0xFDE,POSTINC2,write,,"MOVFF ram_0B7, POSTINC2",0x00234A
0x002E2C,0x0B8,ram_0B8,read,,"MOVF ram_0B8, W, B",0x00234A
0x002E30,0xFF3,PRODL,read,,"MOVFF PRODL, ram_085",0x00234A
0x002E30,0x085,ram_085,write,,"MOVFF PRODL, ram_085",0x00234A
0x002E34,0xFF4,PRODH,read,,"MOVFF PRODH, ram_086",0x00234A
0x002E34,0x086,ram_086,write,,"MOVFF PRODH, ram_086",0x00234A
0x002E38,0xFD8,STATUS,read_write,0,"BCF STATUS, 0, A",0x00234A
0x002E3A,0x085,ram_085,read_write,,"RLCF ram_085, F, B",0x00234A
0x002E3C,0x086,ram_086,read_write,,"RLCF ram_086, F, B",0x00234A
0x002E3E,0xFD8,STATUS,read_write,0,"BCF STATUS, 0, A",0x00234A
0x002E40,0x085,ram_085,read_write,,"RLCF ram_085, F, B",0x00234A
0x002E42,0x086,ram_086,read_write,,"RLCF ram_086, F, B",0x00234A
0x002E46,0x085,ram_085,read,,"ADDWF ram_085, W, B",0x00234A
0x002E48,0xFD9,FSR2L,write,,"MOVWF FSR2L, A",0x00234A
0x002E4C,0x086,ram_086,read,,"ADDWFC ram_086, W, B",0x00234A
0x002E4E,0xFDA,FSR2H,write,,"MOVWF FSR2H, A",0x00234A
0x002E52,0xFDE,POSTINC2,write,,"MOVWF POSTINC2, A",0x00234A
0x002E54,0xFDE,POSTINC2,write,,"CLRF POSTINC2, A",0x00234A
0x002E56,0xFDE,POSTINC2,write,,"CLRF POSTINC2, A",0x00234A
0x002E58,0xFDD,POSTDEC2,write,,"CLRF POSTDEC2, A",0x00234A
0x002E5A,0x0B8,ram_0B8,read,,"MOVF ram_0B8, W, B",0x00234A
0x002E5E,0xFF3,PRODL,read,,"MOVFF PRODL, ram_085",0x00234A
0x002E5E,0x085,ram_085,write,,"MOVFF PRODL, ram_085",0x00234A
0x002E62,0xFF4,PRODH,read,,"MOVFF PRODH, ram_086",0x00234A
0x002E62,0x086,ram_086,write,,"MOVFF PRODH, ram_086",0x00234A
0x002E66,0xFD8,STATUS,read_write,0,"BCF STATUS, 0, A",0x00234A
0x002E68,0x085,ram_085,read_write,,"RLCF ram_085, F, B",0x00234A
0x002E6A,0x086,ram_086,read_write,,"RLCF ram_086, F, B",0x00234A
0x002E6C,0xFD8,STATUS,read_write,0,"BCF STATUS, 0, A",0x00234A
0x002E6E,0x085,ram_085,read_write,,"RLCF ram_085, F, B",0x00234A
0x002E70,0x086,ram_086,read_write,,"RLCF ram_086, F, B",0x00234A
0x002E74,0x085,ram_085,read,,"ADDWF ram_085, W, B",0x00234A
0x002E76,0xFD9,FSR2L,write,,"MOVWF FSR2L, A",0x00234A
0x002E7A,0x086,ram_086,read,,"ADDWFC ram_086, W, B",0x00234A
0x002E7C,0xFDA,FSR2H,write,,"MOVWF FSR2H, A",0x00234A
0x002E7E,0x0B8,ram_0B8,read,,"MOVF ram_0B8, W, B",0x00234A
0x002E84,0xFF3,PRODL,read,,"ADDWF PRODL, W, A",0x00234A
0x002E86,0xFE1,FSR1L,write,,"MOVWF FSR1L, A",0x00234A
0x002E8A,0xFF4,PRODH,read,,"ADDWFC PRODH, W, A",0x00234A
0x002E8E,0x0B8,ram_0B8,read,,"MOVF ram_0B8, W, B",0x00234A
0x002E94,0xFF3,PRODL,read,,"ADDWF PRODL, W, A",0x00234A
0x002E96,0xFD9,FSR2L,write,,"MOVWF FSR2L, A",0x00234A
0x002E9A,0xFF4,PRODH,read,,"ADDWFC PRODH, W, A",0x00234A
0x002E9C,0xFDA,FSR2H,write,,"MOVWF FSR2H, A",0x00234A
0x002E9E,0xFDE,POSTINC2,read,,"MOVFF POSTINC2, ram_085",0x00234A
0x002E9E,0x085,ram_085,write,,"MOVFF POSTINC2, ram_085",0x00234A
0x002EA2,0xFDE,POSTINC2,read,,"MOVFF POSTINC2, ram_086",0x00234A
0x002EA2,0x086,ram_086,write,,"MOVFF POSTINC2, ram_086",0x00234A
0x002EA6,0xFDE,POSTINC2,read,,"MOVFF POSTINC2, ram_087",0x00234A
0x002EA6,0x087,ram_087,write,,"MOVFF POSTINC2, ram_087",0x00234A
0x002EAA,0xFDE,POSTINC2,read,,"MOVFF POSTINC2, ram_088",0x00234A
0x002EAA,0x088,ram_088,write,,"MOVFF POSTINC2, ram_088",0x00234A
0x002EAE,0xFD8,STATUS,read_write,0,"BCF STATUS, 0, A",0x00234A
0x002EB0,0x085,ram_085,read,,"RLCF ram_085, W, B",0x00234A
0x002EB2,0x089,ram_089,write,,"MOVWF ram_089, B",0x00234A
0x002EB4,0x086,ram_086,read,,"RLCF ram_086, W, B",0x00234A
0x002EB6,0x08A,ram_08A,write,,"MOVWF ram_08A, B",0x00234A
0x002EB8,0x087,ram_087,read,,"RLCF ram_087, W, B",0x00234A
0x002EBA,0x08B,ram_08B,write,,"MOVWF ram_08B, B",0x00234A
0x002EBC,0x088,ram_088,read,,"RLCF ram_088, W, B",0x00234A
0x002EBE,0x08C,ram_08C,write,,"MOVWF ram_08C, B",0x00234A
0x002EC0,0x0B8,ram_0B8,read,,"MOVF ram_0B8, W, B",0x00234A
0x002EC4,0xFF3,PRODL,read,,"MOVFF PRODL, ram_08D",0x00234A
0x002EC4,0x08D,ram_08D,write,,"MOVFF PRODL, ram_08D",0x00234A
0x002EC8,0xFF4,PRODH,read,,"MOVFF PRODH, ram_08E",0x00234A
0x002EC8,0x08E,ram_08E,write,,"MOVFF PRODH, ram_08E",0x00234A
0x002ECC,0xFD8,STATUS,read_write,0,"BCF STATUS, 0, A",0x00234A
0x002ECE,0x08D,ram_08D,read_write,,"RLCF ram_08D, F, B",0x00234A
0x002ED0,0x08E,ram_08E,read_write,,"RLCF ram_08E, F, B",0x00234A
0x002ED2,0xFD8,STATUS,read_write,0,"BCF STATUS, 0, A",0x00234A
0x002ED4,0x08D,ram_08D,read_write,,"RLCF ram_08D, F, B",0x00234A
0x002ED6,0x08E,ram_08E,read_write,,"RLCF ram_08E, F, B",0x00234A
0x002EDA,0x08D,ram_08D,read,,"ADDWF ram_08D, W, B",0x00234A
0x002EDC,0xFD9,FSR2L,write,,"MOVWF FSR2L, A",0x00234A
0x002EE0,0x08E,ram_08E,read,,"ADDWFC ram_08E, W, B",0x00234A
0x002EE2,0xFDA,FSR2H,write,,"MOVWF FSR2H, A",0x00234A
0x002EE4,0xFDE,POSTINC2,read,,"MOVFF POSTINC2, ram_08F",0x00234A
0x002EE4,0x08F,ram_08F,write,,"MOVFF POSTINC2, ram_08F",0x00234A
0x002EE8,0xFDE,POSTINC2,read,,"MOVFF POSTINC2, ram_090",0x00234A
0x002EE8,0x090,ram_090,write,,"MOVFF POSTINC2, ram_090",0x00234A
0x002EEC,0xFDE,POSTINC2,read,,"MOVFF POSTINC2, ram_091",0x00234A
0x002EEC,0x091,ram_091,write,,"MOVFF POSTINC2, ram_091",0x00234A
0x002EF0,0xFDE,POSTINC2,read,,"MOVFF POSTINC2, ram_092",0x00234A
0x002EF0,0x092,ram_092,write,,"MOVFF POSTINC2, ram_092",0x00234A
0x002EF6,0x08F,ram_08F,read,,"ADDWF ram_08F, W, B",0x00234A
0x002EF8,0x093,ram_093,write,,"MOVWF ram_093, B",0x00234A
0x002EFC,0x090,ram_090,read,,"ADDWFC ram_090, W, B",0x00234A
0x002EFE,0x094,ram_094,write,,"MOVWF ram_094, B",0x00234A
0x002F02,0x091,ram_091,read,,"ADDWFC ram_091, W, B",0x00234A
0x002F04,0x095,ram_095,write,,"MOVWF ram_095, B",0x00234A
0x002F08,0x092,ram_092,read,,"ADDWFC ram_092, W, B",0x00234A
0x002F0A,0x096,ram_096,write,,"MOVWF ram_096, B",0x00234A
0x002F0C,0x089,ram_089,read,,"MOVF ram_089, W, B",0x00234A
0x002F0E,0x093,ram_093,read,,"SUBWF ram_093, W, B",0x00234A
0x002F10,0x08A,ram_08A,read,,"MOVF ram_08A, W, B",0x00234A
0x002F12,0x094,ram_094,read,,"SUBWFB ram_094, W, B",0x00234A
0x002F14,0x08B,ram_08B,read,,"MOVF ram_08B, W, B",0x00234A
0x002F16,0x095,ram_095,read,,"SUBWFB ram_095, W, B",0x00234A
0x002F18,0x096,ram_096,read,,"MOVF ram_096, W, B",0x00234A
0x002F1C,0x097,ram_097,write,,"MOVWF ram_097, B",0x00234A
0x002F1E,0x08C,ram_08C,read,,"MOVF ram_08C, W, B",0x00234A
0x002F22,0x097,ram_097,read,,"SUBWFB ram_097, W, B",0x00234A
0x002F26,0x0B8,ram_0B8,read,,"MOVF ram_0B8, W, B",0x00234A
0x002F2C,0xFF3,PRODL,read,,"ADDWF PRODL, W, A",0x00234A
0x002F2E,0xFD9,FSR2L,write,,"MOVWF FSR2L, A",0x00234A
0x002F32,0xFF4,PRODH,read,,"ADDWFC PRODH, W, A",0x00234A
0x002F34,0xFDA,FSR2H,write,,"MOVWF FSR2H, A",0x00234A
0x002F36,0x0B8,ram_0B8,read,,"MOVF ram_0B8, W, B",0x00234A
0x002F3A,0xFF3,PRODL,read,,"MOVFF PRODL, ram_085",0x00234A
0x002F3A,0x085,ram_085,write,,"MOVFF PRODL, ram_085",0x00234A
0x002F3E,0xFF4,PRODH,read,,"MOVFF PRODH, ram_086",0x00234A
0x002F3E,0x086,ram_086,write,,"MOVFF PRODH, ram_086",0x00234A
0x002F42,0xFD8,STATUS,read_write,0,"BCF STATUS, 0, A",0x00234A
0x002F44,0x085,ram_085,read_write,,"RLCF ram_085, F, B",0x00234A
0x002F46,0x086,ram_086,read_write,,"RLCF ram_086, F, B",0x00234A
0x002F48,0xFD8,STATUS,read_write,0,"BCF STATUS, 0, A",0x00234A
0x002F4A,0x085,ram_085,read_write,,"RLCF ram_085, F, B",0x00234A
0x002F4C,0x086,ram_086,read_write,,"RLCF ram_086, F, B",0x00234A
0x002F50,0x085,ram_085,read,,"ADDWF ram_085, W, B",0x00234A
0x002F52,0xFE1,FSR1L,write,,"MOVWF FSR1L, A",0x00234A
0x002F56,0x086,ram_086,read,,"ADDWFC ram_086, W, B",0x00234A
0x002F58,0xFE2,FSR1H,write,,"MOVWF FSR1H, A",0x00234A
0x002F5A,0xFDE,POSTINC2,read,,"MOVFF POSTINC2, POSTINC1",0x00234A
0x002F5A,0xFE6,POSTINC1,write,,"MOVFF POSTINC2, POSTINC1",0x00234A
0x002F5E,0xFDE,POSTINC2,read,,"MOVFF POSTINC2, POSTINC1",0x00234A
0x002F5E,0xFE6,POSTINC1,write,,"MOVFF POSTINC2, POSTINC1",0x00234A
0x002F62,0xFDE,POSTINC2,read,,"MOVFF POSTINC2, POSTINC1",0x00234A
0x002F62,0xFE6,POSTINC1,write,,"MOVFF POSTINC2, POSTINC1",0x00234A
0x002F66,0xFDE,POSTINC2,read,,"MOVFF POSTINC2, POSTINC1",0x00234A
0x002F66,0xFE6,POSTINC1,write,,"MOVFF POSTINC2, POSTINC1",0x00234A
0x002F6C,0x0B8,ram_0B8,read,,"MOVF ram_0B8, W, B",0x00234A
0x002F70,0xFF3,PRODL,read,,"MOVFF PRODL, ram_085",0x00234A
0x002F70,0x085,ram_085,write,,"MOVFF PRODL, ram_085",0x00234A
0x002F74,0xFF4,PRODH,read,,"MOVFF PRODH, ram_086",0x00234A
0x002F74,0x086,ram_086,write,,"MOVFF PRODH, ram_086",0x00234A
0x002F78,0xFD8,STATUS,read_write,0,"BCF STATUS, 0, A",0x00234A
0x002F7A,0x085,ram_085,read_write,,"RLCF ram_085, F, B",0x00234A
0x002F7C,0x086,ram_086,read_write,,"RLCF ram_086, F, B",0x00234A
0x002F7E,0xFD8,STATUS,read_write,0,"BCF STATUS, 0, A",0x00234A
0x002F80,0x085,ram_085,read_write,,"RLCF ram_085, F, B",0x00234A
0x002F82,0x086,ram_086,read_write,,"RLCF ram_086, F, B",0x00234A
0x002F86,0x085,ram_085,read,,"ADDWF ram_085, W, B",0x00234A
0x002F88,0xFD9,FSR2L,write,,"MOVWF FSR2L, A",0x00234A
0x002F8C,0x086,ram_086,read,,"ADDWFC ram_086, W, B",0x00234A
0x002F8E,0xFDA,FSR2H,write,,"MOVWF FSR2H, A",0x00234A
0x002F90,0xFDE,POSTINC2,read,,"MOVFF POSTINC2, ram_087",0x00234A
0x002F90,0x087,ram_087,write,,"MOVFF POSTINC2, ram_087",0x00234A
0x002F94,0xFDE,POSTINC2,read,,"MOVFF POSTINC2, ram_088",0x00234A
0x002F94,0x088,ram_088,write,,"MOVFF POSTINC2, ram_088",0x00234A
0x002F98,0xFDE,POSTINC2,read,,"MOVFF POSTINC2, ram_089",0x00234A
0x002F98,0x089,ram_089,write,,"MOVFF POSTINC2, ram_089",0x00234A
0x002F9C,0xFDE,POSTINC2,read,,"MOVFF POSTINC2, ram_08A",0x00234A
0x002F9C,0x08A,ram_08A,write,,"MOVFF POSTINC2, ram_08A",0x00234A
0x002FA0,0xFD8,STATUS,read_write,0,"BCF STATUS, 0, A",0x00234A
0x002FA2,0x087,ram_087,read,,"RLCF ram_087, W, B",0x00234A
0x002FA4,0x08B,ram_08B,write,,"MOVWF ram_08B, B",0x00234A
0x002FA6,0x088,ram_088,read,,"RLCF ram_088, W, B",0x00234A
0x002FA8,0x08C,ram_08C,write,,"MOVWF ram_08C, B",0x00234A
0x002FAA,0x089,ram_089,read,,"RLCF ram_089, W, B",0x00234A
0x002FAC,0x08D,ram_08D,write,,"MOVWF ram_08D, B",0x00234A
0x002FAE,0x08A,ram_08A,read,,"RLCF ram_08A, W, B",0x00234A
0x002FB0,0x08E,ram_08E,write,,"MOVWF ram_08E, B",0x00234A
0x002FB2,0x0B4,ram_0B4,read,,"MOVF ram_0B4, W, B",0x00234A
0x002FB4,0x08B,ram_08B,read,,"ADDWF ram_08B, W, B",0x00234A
0x002FB6,0x012,ram_012,write,,"MOVWF ram_012, A",0x00234A
0x002FB8,0x0B5,ram_0B5,read,,"MOVF ram_0B5, W, B",0x00234A
0x002FBA,0x08C,ram_08C,read,,"ADDWFC ram_08C, W, B",0x00234A
0x002FBC,0x013,ram_013,write,,"MOVWF ram_013, A",0x00234A
0x002FBE,0x0B6,ram_0B6,read,,"MOVF ram_0B6, W, B",0x00234A
0x002FC0,0x08D,ram_08D,read,,"ADDWFC ram_08D, W, B",0x00234A
0x002FC2,0x014,ram_014,write,,"MOVWF ram_014, A",0x00234A
0x002FC4,0x0B7,ram_0B7,read,,"MOVF ram_0B7, W, B",0x00234A
0x002FC6,0x08E,ram_08E,read,,"ADDWFC ram_08E, W, B",0x00234A
0x002FC8,0x015,ram_015,write,,"MOVWF ram_015, A",0x00234A
0x002FCC,0x016,ram_016,write,,"MOVWF ram_016, A",0x00234A
0x002FCE,0x017,ram_017,write,,"CLRF ram_017, A",0x00234A
0x002FD0,0x018,ram_018,write,,"CLRF ram_018, A",0x00234A
0x002FD2,0x019,ram_019,write,,"CLRF ram_019, A",0x00234A
0x002FDA,0x0B8,ram_0B8,read,,"MOVF ram_0B8, W, B",0x00234A
0x002FDE,0xFF3,PRODL,read,,"MOVFF PRODL, ram_08F",0x00234A
0x002FDE,0x08F,ram_08F,write,,"MOVFF PRODL, ram_08F",0x00234A
0x002FE2,0xFF4,PRODH,read,,"MOVFF PRODH, ram_090",0x00234A
0x002FE2,0x090,ram_090,write,,"MOVFF PRODH, ram_090",0x00234A
0x002FE6,0xFD8,STATUS,read_write,0,"BCF STATUS, 0, A",0x00234A
0x002FE8,0x08F,ram_08F,read_write,,"RLCF ram_08F, F, B",0x00234A
0x002FEA,0x090,ram_090,read_write,,"RLCF ram_090, F, B",0x00234A
0x002FEC,0xFD8,STATUS,read_write,0,"BCF STATUS, 0, A",0x00234A
0x002FEE,0x08F,ram_08F,read_write,,"RLCF ram_08F, F, B",0x00234A
0x002FF0,0x090,ram_090,read_write,,"RLCF ram_090, F, B",0x00234A
0x002FF4,0x08F,ram_08F,read,,"ADDWF ram_08F, W, B",0x00234A
0x002FF6,0xFD9,FSR2L,write,,"MOVWF FSR2L, A",0x00234A
0x002FFA,0x090,ram_090,read,,"ADDWFC ram_090, W, B",0x00234A
0x002FFC,0xFDA,FSR2H,write,,"MOVWF FSR2H, A",0x00234A
0x002FFE,0x012,ram_012,read,,"MOVFF ram_012, POSTINC2",0x00234A
0x002FFE,0xFDE,POSTINC2,write,,"MOVFF ram_012, POSTINC2",0x00234A
0x003002,0x013,ram_013,read,,"MOVFF ram_013, POSTINC2",0x00234A
0x003002,0xFDE,POSTINC2,write,,"MOVFF ram_013, POSTINC2",0x00234A
0x003006,0x014,ram_014,read,,"MOVFF ram_014, POSTINC2",0x00234A
0x003006,0xFDE,POSTINC2,write,,"MOVFF ram_014, POSTINC2",0x00234A
0x00300A,0x015,ram_015,read,,"MOVFF ram_015, POSTINC2",0x00234A
0x00300A,0xFDE,POSTINC2,write,,"MOVFF ram_015, POSTINC2",0x00234A
0x00300E,0x0B8,ram_0B8,read,,"MOVF ram_0B8, W, B",0x00234A
0x003012,0xFF3,PRODL,read,,"MOVFF PRODL, ram_085",0x00234A
0x003012,0x085,ram_085,write,,"MOVFF PRODL, ram_085",0x00234A
0x003016,0xFF4,PRODH,read,,"MOVFF PRODH, ram_086",0x00234A
0x003016,0x086,ram_086,write,,"MOVFF PRODH, ram_086",0x00234A
0x00301A,0xFD8,STATUS,read_write,0,"BCF STATUS, 0, A",0x00234A
0x00301C,0x085,ram_085,read_write,,"RLCF ram_085, F, B",0x00234A
0x00301E,0x086,ram_086,read_write,,"RLCF ram_086, F, B",0x00234A
0x003020,0xFD8,STATUS,read_write,0,"BCF STATUS, 0, A",0x00234A
0x003022,0x085,ram_085,read_write,,"RLCF ram_085, F, B",0x00234A
0x003024,0x086,ram_086,read_write,,"RLCF ram_086, F, B",0x00234A
0x003028,0x085,ram_085,read,,"ADDWF ram_085, W, B",0x00234A
0x00302A,0xFD9,FSR2L,write,,"MOVWF FSR2L, A",0x00234A
0x00302E,0x086,ram_086,read,,"ADDWFC ram_086, W, B",0x00234A
0x003030,0xFDA,FSR2H,write,,"MOVWF FSR2H, A",0x00234A
0x003032,0xFDE,POSTINC2,read,,"MOVFF POSTINC2, ram_087",0x00234A
0x003032,0x087,ram_087,write,,"MOVFF POSTINC2, ram_087",0x00234A
0x003036,0xFDE,POSTINC2,read,,"MOVFF POSTINC2, ram_088",0x00234A
0x003036,0x088,ram_088,write,,"MOVFF POSTINC2, ram_088",0x00234A
0x00303A,0xFDE,POSTINC2,read,,"MOVFF POSTINC2, ram_089",0x00234A
0x00303A,0x089,ram_089,write,,"MOVFF POSTINC2, ram_089",0x00234A
0x00303E,0xFDE,POSTINC2,read,,"MOVFF POSTINC2, ram_08A",0x00234A
0x00303E,0x08A,ram_08A,write,,"MOVFF POSTINC2, ram_08A",0x00234A
0x003044,0x087,ram_087,read,,"MULWF ram_087, B",0x00234A
0x003046,0xFF3,PRODL,read,,"MOVFF PRODL, ram_08B",0x00234A
0x003046,0x08B,ram_08B,write,,"MOVFF PRODL, ram_08B",0x00234A
0x00304A,0xFF4,PRODH,read,,"MOVFF PRODH, ram_08C",0x00234A
0x00304A,0x08C,ram_08C,write,,"MOVFF PRODH, ram_08C",0x00234A
0x00304E,0x08D,ram_08D,write,,"CLRF ram_08D, B",0x00234A
0x003050,0x08E,ram_08E,write,,"CLRF ram_08E, B",0x00234A
0x003052,0x088,ram_088,read,,"MULWF ram_088, B",0x00234A
0x003054,0xFF3,PRODL,read,,"MOVF PRODL, W, A",0x00234A
0x003056,0x08C,ram_08C,read_write,,"ADDWF ram_08C, F, B",0x00234A
0x003058,0xFF4,PRODH,read,,"MOVF PRODH, W, A",0x00234A
0x00305A,0x08D,ram_08D,read_write,,"ADDWFC ram_08D, F, B",0x00234A
0x00305E,0x08E,ram_08E,read_write,,"ADDWFC ram_08E, F, B",0x00234A
0x003060,0x087,ram_087,read,,"MULWF ram_087, B",0x00234A
0x003062,0xFF3,PRODL,read,,"MOVF PRODL, W, A",0x00234A
0x003064,0x08C,ram_08C,read_write,,"ADDWF ram_08C, F, B",0x00234A
0x003066,0xFF4,PRODH,read,,"MOVF PRODH, W, A",0x00234A
0x003068,0x08D,ram_08D,read_write,,"ADDWFC ram_08D, F, B",0x00234A
0x00306C,0x08E,ram_08E,read_write,,"ADDWFC ram_08E, F, B",0x00234A
0x003070,0x089,ram_089,read,,"MULWF ram_089, B",0x00234A
0x003072,0xFF3,PRODL,read,,"MOVF PRODL, W, A",0x00234A
0x003074,0x08D,ram_08D,read_write,,"ADDWF ram_08D, F, B",0x00234A
0x003076,0xFF4,PRODH,read,,"MOVF PRODH, W, A",0x00234A
0x003078,0x08E,ram_08E,read_write,,"ADDWFC ram_08E, F, B",0x00234A
0x00307C,0x088,ram_088,read,,"MULWF ram_088, B",0x00234A
0x00307E,0xFF3,PRODL,read,,"MOVF PRODL, W, A",0x00234A
0x003080,0x08D,ram_08D,read_write,,"ADDWF ram_08D, F, B",0x00234A
0x003082,0xFF4,PRODH,read,,"MOVF PRODH, W, A",0x00234A
0x003084,0x08E,ram_08E,read_write,,"ADDWFC ram_08E, F, B",0x00234A
0x003088,0x087,ram_087,read,,"MULWF ram_087, B",0x00234A
0x00308A,0xFF3,PRODL,read,,"MOVF PRODL, W, A",0x00234A
0x00308C,0x08D,ram_08D,read_write,,"ADDWF ram_08D, F, B",0x00234A
0x00308E,0xFF4,PRODH,read,,"MOVF PRODH, W, A",0x00234A
0x003090,0x08E,ram_08E,read_write,,"ADDWFC ram_08E, F, B",0x00234A
0x003094,0x08A,ram_08A,read,,"MULWF ram_08A, B",0x00234A
0x003096,0xFF3,PRODL,read,,"MOVF PRODL, W, A",0x00234A
0x003098,0x08E,ram_08E,read_write,,"ADDWF ram_08E, F, B",0x00234A
0x00309C,0x089,ram_089,read,,"MULWF ram_089, B",0x00234A
0x00309E,0xFF3,PRODL,read,,"MOVF PRODL, W, A",0x00234A
0x0030A0,0x08E,ram_08E,read_write,,"ADDWF ram_08E, F, B",0x00234A
0x0030A4,0x088,ram_088,read,,"MULWF ram_088, B",0x00234A
0x0030A6,0xFF3,PRODL,read,,"MOVF PRODL, W, A",0x00234A
0x0030A8,0x08E,ram_08E,read_write,,"ADDWF ram_08E, F, B",0x00234A
0x0030AC,0x087,ram_087,read,,"MULWF ram_087, B",0x00234A
0x0030AE,0xFF3,PRODL,read,,"MOVF PRODL, W, A",0x00234A
0x0030B0,0x08E,ram_08E,read_write,,"ADDWF ram_08E, F, B",0x00234A
0x0030B4,0x0AA,ram_0AA,read,,"MOVF ram_0AA, W, B",0x00234A
0x0030B8,0x0B8,ram_0B8,read,,"MOVF ram_0B8, W, B",0x00234A
0x0030BC,0xFF3,PRODL,read,,"MOVFF PRODL, ram_085",0x00234A
0x0030BC,0x085,ram_085,write,,"MOVFF PRODL, ram_085",0x00234A
0x0030C0,0xFF4,PRODH,read,,"MOVFF PRODH, ram_086",0x00234A
0x0030C0,0x086,ram_086,write,,"MOVFF PRODH, ram_086",0x00234A
0x0030C4,0xFD8,STATUS,read_write,0,"BCF STATUS, 0, A",0x00234A
0x0030C6,0x085,ram_085,read_write,,"RLCF ram_085, F, B",0x00234A
0x0030C8,0x086,ram_086,read_write,,"RLCF ram_086, F, B",0x00234A
0x0030CA,0xFD8,STATUS,read_write,0,"BCF STATUS, 0, A",0x00234A
0x0030CC,0x085,ram_085,read_write,,"RLCF ram_085, F, B",0x00234A
0x0030CE,0x086,ram_086,read_write,,"RLCF ram_086, F, B",0x00234A
0x0030D2,0x085,ram_085,read,,"ADDWF ram_085, W, B",0x00234A
0x0030D4,0xFD9,FSR2L,write,,"MOVWF FSR2L, A",0x00234A
0x0030D8,0x086,ram_086,read,,"ADDWFC ram_086, W, B",0x00234A
0x0030DA,0xFDA,FSR2H,write,,"MOVWF FSR2H, A",0x00234A
0x0030DC,0xFDE,POSTINC2,read,,"MOVF POSTINC2, W, A",0x00234A
0x0030DE,0x0B4,ram_0B4,read,,"SUBWF ram_0B4, W, B",0x00234A
0x0030E0,0xFDE,POSTINC2,read,,"MOVF POSTINC2, W, A",0x00234A
0x0030E2,0x0B5,ram_0B5,read,,"SUBWFB ram_0B5, W, B",0x00234A
0x0030E4,0xFDE,POSTINC2,read,,"MOVF POSTINC2, W, A",0x00234A
0x0030E6,0x0B6,ram_0B6,read,,"SUBWFB ram_0B6, W, B",0x00234A
0x0030E8,0x0B7,ram_0B7,read,,"MOVF ram_0B7, W, B",0x00234A
0x0030EC,0x08B,ram_08B,write,,"MOVWF ram_08B, B",0x00234A
0x0030EE,0xFDE,POSTINC2,read,,"MOVF POSTINC2, W, A",0x00234A
0x0030F2,0x08B,ram_08B,read,,"SUBWFB ram_08B, W, B",0x00234A
0x0030F6,0x0B8,ram_0B8,read,,"MOVF ram_0B8, W, B",0x00234A
0x0030FA,0xFF3,PRODL,read,,"MOVFF PRODL, ram_085",0x00234A
0x0030FA,0x085,ram_085,write,,"MOVFF PRODL, ram_085",0x00234A
0x0030FE,0xFF4,PRODH,read,,"MOVFF PRODH, ram_086",0x00234A
0x0030FE,0x086,ram_086,write,,"MOVFF PRODH, ram_086",0x00234A
0x003102,0xFD8,STATUS,read_write,0,"BCF STATUS, 0, A",0x00234A
0x003104,0x085,ram_085,read_write,,"RLCF ram_085, F, B",0x00234A
0x003106,0x086,ram_086,read_write,,"RLCF ram_086, F, B",0x00234A
0x003108,0xFD8,STATUS,read_write,0,"BCF STATUS, 0, A",0x00234A
0x00310A,0x085,ram_085,read_write,,"RLCF ram_085, F, B",0x00234A
0x00310C,0x086,ram_086,read_write,,"RLCF ram_086, F, B",0x00234A
0x003110,0x085,ram_085,read,,"ADDWF ram_085, W, B",0x00234A
0x003112,0xFD9,FSR2L,write,,"MOVWF FSR2L, A",0x00234A
0x003116,0x086,ram_086,read,,"ADDWFC ram_086, W, B",0x00234A
0x003118,0xFDA,FSR2H,write,,"MOVWF FSR2H, A",0x00234A
0x00311A,0xFDE,POSTINC2,read,,"MOVFF POSTINC2, ram_087",0x00234A
0x00311A,0x087,ram_087,write,,"MOVFF POSTINC2, ram_087",0x00234A
0x00311E,0xFDE,POSTINC2,read,,"MOVFF POSTINC2, ram_088",0x00234A
0x00311E,0x088,ram_088,write,,"MOVFF POSTINC2, ram_088",0x00234A
0x003122,0xFDE,POSTINC2,read,,"MOVFF POSTINC2, ram_089",0x00234A
0x003122,0x089,ram_089,write,,"MOVFF POSTINC2, ram_089",0x00234A
0x003126,0xFDE,POSTINC2,read,,"MOVFF POSTINC2, ram_08A",0x00234A
0x003126,0x08A,ram_08A,write,,"MOVFF POSTINC2, ram_08A",0x00234A
0x00312A,0x0B4,ram_0B4,read,,"MOVF ram_0B4, W, B",0x00234A
0x00312C,0x087,ram_087,read,,"ADDWF ram_087, W, B",0x00234A
0x00312E,0x08B,ram_08B,write,,"MOVWF ram_08B, B",0x00234A
0x003130,0x0B5,ram_0B5,read,,"MOVF ram_0B5, W, B",0x00234A
0x003132,0x088,ram_088,read,,"ADDWFC ram_088, W, B",0x00234A
0x003134,0x08C,ram_08C,write,,"MOVWF ram_08C, B",0x00234A
0x003136,0x0B6,ram_0B6,read,,"MOVF ram_0B6, W, B",0x00234A
0x003138,0x089,ram_089,read,,"ADDWFC ram_089, W, B",0x00234A
0x00313A,0x08D,ram_08D,write,,"MOVWF ram_08D, B",0x00234A
0x00313C,0x0B7,ram_0B7,read,,"MOVF ram_0B7, W, B",0x00234A
0x00313E,0x08A,ram_08A,read,,"ADDWFC ram_08A, W, B",0x00234A
0x003140,0x08E,ram_08E,write,,"MOVWF ram_08E, B",0x00234A
0x003142,0x0B8,ram_0B8,read,,"MOVF ram_0B8, W, B",0x00234A
0x003146,0xFF3,PRODL,read,,"MOVFF PRODL, ram_08F",0x00234A
0x003146,0x08F,ram_08F,write,,"MOVFF PRODL, ram_08F",0x00234A
0x00314A,0xFF4,PRODH,read,,"MOVFF PRODH, ram_090",0x00234A
0x00314A,0x090,ram_090,write,,"MOVFF PRODH, ram_090",0x00234A
0x00314E,0xFD8,STATUS,read_write,0,"BCF STATUS, 0, A",0x00234A
0x003150,0x08F,ram_08F,read_write,,"RLCF ram_08F, F, B",0x00234A
0x003152,0x090,ram_090,read_write,,"RLCF ram_090, F, B",0x00234A
0x003154,0xFD8,STATUS,read_write,0,"BCF STATUS, 0, A",0x00234A
0x003156,0x08F,ram_08F,read_write,,"RLCF ram_08F, F, B",0x00234A
0x003158,0x090,ram_090,read_write,,"RLCF ram_090, F, B",0x00234A
0x00315C,0x08F,ram_08F,read,,"ADDWF ram_08F, W, B",0x00234A
0x00315E,0xFD9,FSR2L,write,,"MOVWF FSR2L, A",0x00234A
0x003162,0x090,ram_090,read,,"ADDWFC ram_090, W, B",0x00234A
0x003164,0xFDA,FSR2H,write,,"MOVWF FSR2H, A",0x00234A
0x003166,0x08B,ram_08B,read,,"MOVFF ram_08B, POSTINC2",0x00234A
0x003166,0xFDE,POSTINC2,write,,"MOVFF ram_08B, POSTINC2",0x00234A
0x00316A,0x08C,ram_08C,read,,"MOVFF ram_08C, POSTINC2",0x00234A
0x00316A,0xFDE,POSTINC2,write,,"MOVFF ram_08C, POSTINC2",0x00234A
0x00316E,0x08D,ram_08D,read,,"MOVFF ram_08D, POSTINC2",0x00234A
0x00316E,0xFDE,POSTINC2,write,,"MOVFF ram_08D, POSTINC2",0x00234A
0x003172,0x08E,ram_08E,read,,"MOVFF ram_08E, POSTINC2",0x00234A
0x003172,0xFDE,POSTINC2,write,,"MOVFF ram_08E, POSTINC2",0x00234A
0x003178,0x0AA,ram_0AA,read,,"MOVF ram_0AA, W, B",0x00234A
0x00317C,0x0B8,ram_0B8,read,,"MOVF ram_0B8, W, B",0x00234A
0x003180,0xFF3,PRODL,read,,"MOVFF PRODL, ram_085",0x00234A
0x003180,0x085,ram_085,write,,"MOVFF PRODL, ram_085",0x00234A
0x003184,0xFF4,PRODH,read,,"MOVFF PRODH, ram_086",0x00234A
0x003184,0x086,ram_086,write,,"MOVFF PRODH, ram_086",0x00234A
0x003188,0xFD8,STATUS,read_write,0,"BCF STATUS, 0, A",0x00234A
0x00318A,0x085,ram_085,read_write,,"RLCF ram_085, F, B",0x00234A
0x00318C,0x086,ram_086,read_write,,"RLCF ram_086, F, B",0x00234A
0x00318E,0xFD8,STATUS,read_write,0,"BCF STATUS, 0, A",0x00234A
0x003190,0x085,ram_085,read_write,,"RLCF ram_085, F, B",0x00234A
0x003192,0x086,ram_086,read_write,,"RLCF ram_086, F, B",0x00234A
0x003196,0x085,ram_085,read,,"ADDWF ram_085, W, B",0x00234A
0x003198,0xFD9,FSR2L,write,,"MOVWF FSR2L, A",0x00234A
0x00319C,0x086,ram_086,read,,"ADDWFC ram_086, W, B",0x00234A
0x00319E,0xFDA,FSR2H,write,,"MOVWF FSR2H, A",0x00234A
0x0031A0,0x0B4,ram_0B4,read,,"MOVFF ram_0B4, POSTINC2",0x00234A
0x0031A0,0xFDE,POSTINC2,write,,"MOVFF ram_0B4, POSTINC2",0x00234A
0x0031A4,0x0B5,ram_0B5,read,,"MOVFF ram_0B5, POSTINC2",0x00234A
0x0031A4,0xFDE,POSTINC2,write,,"MOVFF ram_0B5, POSTINC2",0x00234A
0x0031A8,0x0B6,ram_0B6,read,,"MOVFF ram_0B6, POSTINC2",0x00234A
0x0031A8,0xFDE,POSTINC2,write,,"MOVFF ram_0B6, POSTINC2",0x00234A
0x0031AC,0x0B7,ram_0B7,read,,"MOVFF ram_0B7, POSTINC2",0x00234A
0x0031AC,0xFDE,POSTINC2,write,,"MOVFF ram_0B7, POSTINC2",0x00234A
0x0031B0,0x0B8,ram_0B8,read,,"MOVF ram_0B8, W, B",0x00234A
0x0031B4,0xFF3,PRODL,read,,"MOVFF PRODL, ram_085",0x00234A
0x0031B4,0x085,ram_085,write,,"MOVFF PRODL, ram_085",0x00234A
0x0031B8,0xFF4,PRODH,read,,"MOVFF PRODH, ram_086",0x00234A
0x0031B8,0x086,ram_086,write,,"MOVFF PRODH, ram_086",0x00234A
0x0031BC,0xFD8,STATUS,read_write,0,"BCF STATUS, 0, A",0x00234A
0x0031BE,0x085,ram_085,read_write,,"RLCF ram_085, F, B",0x00234A
0x0031C0,0x086,ram_086,read_write,,"RLCF ram_086, F, B",0x00234A
0x0031C2,0xFD8,STATUS,read_write,0,"BCF STATUS, 0, A",0x00234A
0x0031C4,0x085,ram_085,read_write,,"RLCF ram_085, F, B",0x00234A
0x0031C6,0x086,ram_086,read_write,,"RLCF ram_086, F, B",0x00234A
0x0031CA,0x085,ram_085,read,,"ADDWF ram_085, W, B",0x00234A
0x0031CC,0xFD9,FSR2L,write,,"MOVWF FSR2L, A",0x00234A
0x0031D0,0x086,ram_086,read,,"ADDWFC ram_086, W, B",0x00234A
0x0031D2,0xFDA,FSR2H,write,,"MOVWF FSR2H, A",0x00234A
0x0031D4,0x0B8,ram_0B8,read,,"MOVF ram_0B8, W, B",0x00234A
0x0031DA,0xFF3,PRODL,read,,"ADDWF PRODL, W, A",0x00234A
0x0031DC,0xFE1,FSR1L,write,,"MOVWF FSR1L, A",0x00234A
0x0031E0,0xFF4,PRODH,read,,"ADDWFC PRODH, W, A",0x00234A
0x0031E2,0xFE2,FSR1H,write,,"MOVWF FSR1H, A",0x00234A
0x0031E4,0xFDE,POSTINC2,read,,"MOVFF POSTINC2, POSTINC1",0x00234A
0x0031E4,0xFE6,POSTINC1,write,,"MOVFF POSTINC2, POSTINC1",0x00234A
0x0031E8,0xFDE,POSTINC2,read,,"MOVFF POSTINC2, POSTINC1",0x00234A
0x0031E8,0xFE6,POSTINC1,write,,"MOVFF POSTINC2, POSTINC1",0x00234A
0x0031EC,0xFDE,POSTINC2,read,,"MOVFF POSTINC2, POSTINC1",0x00234A
0x0031EC,0xFE6,POSTINC1,write,,"MOVFF POSTINC2, POSTINC1",0x00234A
0x0031F0,0xFDE,POSTINC2,read,,"MOVFF POSTINC2, POSTINC1",0x00234A
0x0031F0,0xFE6,POSTINC1,write,,"MOVFF POSTINC2, POSTINC1",0x00234A
0x0031F4,0x0B8,ram_0B8,read,,"MOVF ram_0B8, W, B",0x00234A
0x0031FA,0xFF3,PRODL,read,,"ADDWF PRODL, W, A",0x00234A
0x0031FC,0xFD9,FSR2L,write,,"MOVWF FSR2L, A",0x00234A
0x003200,0xFF4,PRODH,read,,"ADDWFC PRODH, W, A",0x00234A
0x003202,0xFDA,FSR2H,write,,"MOVWF FSR2H, A",0x00234A
0x003204,0xFDE,POSTINC2,read,,"MOVF POSTINC2, W, A",0x00234A
0x003206,0xFDE,POSTINC2,read,,"IORWF POSTINC2, W, A",0x00234A
0x00320A,0x0B8,ram_0B8,read,,"MOVF ram_0B8, W, B",0x00234A
0x003210,0xFF3,PRODL,read,,"ADDWF PRODL, W, A",0x00234A
0x003212,0xFD9,FSR2L,write,,"MOVWF FSR2L, A",0x00234A
0x003216,0xFF4,PRODH,read,,"ADDWFC PRODH, W, A",0x00234A
0x003218,0xFDA,FSR2H,write,,"MOVWF FSR2H, A",0x00234A
0x00321A,0xFDE,POSTINC2,read,,"MOVF POSTINC2, W, A",0x00234A
0x00321C,0xFDE,POSTINC2,read,,"IORWF POSTINC2, W, A",0x00234A
0x00321E,0xFDE,POSTINC2,read,,"IORWF POSTINC2, W, A",0x00234A
0x003220,0xFDE,POSTINC2,read,,"IORWF POSTINC2, W, A",0x00234A
0x003224,0x0AB,ram_0AB,read,,"MOVF ram_0AB, W, B",0x00234A
0x003226,0x0AC,ram_0AC,read,,"IORWF ram_0AC, W, B",0x00234A
0x003228,0x0AD,ram_0AD,read,,"IORWF ram_0AD, W, B",0x00234A
0x00322A,0x0AE,ram_0AE,read,,"IORWF ram_0AE, W, B",0x00234A
0x00322E,0x0B8,ram_0B8,read,,"MOVF ram_0B8, W, B",0x00234A
0x003232,0xFF3,PRODL,read,,"MOVFF PRODL, ram_085",0x00234A
0x003232,0x085,ram_085,write,,"MOVFF PRODL, ram_085",0x00234A
0x003236,0xFF4,PRODH,read,,"MOVFF PRODH, ram_086",0x00234A
0x003236,0x086,ram_086,write,,"MOVFF PRODH, ram_086",0x00234A
0x00323A,0xFD8,STATUS,read_write,0,"BCF STATUS, 0, A",0x00234A
0x00323C,0x085,ram_085,read_write,,"RLCF ram_085, F, B",0x00234A
0x00323E,0x086,ram_086,read_write,,"RLCF ram_086, F, B",0x00234A
0x003240,0xFD8,STATUS,read_write,0,"BCF STATUS, 0, A",0x00234A
0x003242,0x085,ram_085,read_write,,"RLCF ram_085, F, B",0x00234A
0x003244,0x086,ram_086,read_write,,"RLCF ram_086, F, B",0x00234A
0x003248,0x085,ram_085,read,,"ADDWF ram_085, W, B",0x00234A
0x00324A,0xFD9,FSR2L,write,,"MOVWF FSR2L, A",0x00234A
0x00324E,0x086,ram_086,read,,"ADDWFC ram_086, W, B",0x00234A
0x003250,0xFDA,FSR2H,write,,"MOVWF FSR2H, A",0x00234A
0x003252,0x041,ram_041,read,,"MOVFF ram_041, POSTINC2",0x00234A
0x003252,0xFDE,POSTINC2,write,,"MOVFF ram_041, POSTINC2",0x00234A
0x003256,0x042,ram_042,read,,"MOVFF ram_042, POSTINC2",0x00234A
0x003256,0xFDE,POSTINC2,write,,"MOVFF ram_042, POSTINC2",0x00234A
0x00325A,0x043,ram_043,read,,"MOVFF ram_043, POSTINC2",0x00234A
0x00325A,0xFDE,POSTINC2,write,,"MOVFF ram_043, POSTINC2",0x00234A
0x00325E,0x044,ram_044,read,,"MOVFF ram_044, POSTINC2",0x00234A
0x00325E,0xFDE,POSTINC2,write,,"MOVFF ram_044, POSTINC2",0x00234A
0x003266,0x0B8,ram_0B8,read,,"MOVF ram_0B8, W, B",0x00234A
0x00326A,0xFF3,PRODL,read,,"MOVFF PRODL, ram_085",0x00234A
0x00326A,0x085,ram_085,write,,"MOVFF PRODL, ram_085",0x00234A
0x00326E,0xFF4,PRODH,read,,"MOVFF PRODH, ram_086",0x00234A
0x00326E,0x086,ram_086,write,,"MOVFF PRODH, ram_086",0x00234A
0x003272,0xFD8,STATUS,read_write,0,"BCF STATUS, 0, A",0x00234A
0x003274,0x085,ram_085,read_write,,"RLCF ram_085, F, B",0x00234A
0x003276,0x086,ram_086,read_write,,"RLCF ram_086, F, B",0x00234A
0x003278,0xFD8,STATUS,read_write,0,"BCF STATUS, 0, A",0x00234A
0x00327A,0x085,ram_085,read_write,,"RLCF ram_085, F, B",0x00234A
0x00327C,0x086,ram_086,read_write,,"RLCF ram_086, F, B",0x00234A
0x003280,0x085,ram_085,read,,"ADDWF ram_085, W, B",0x00234A
0x003282,0xFE1,FSR1L,write,,"MOVWF FSR1L, A",0x00234A
0x003286,0x086,ram_086,read,,"ADDWFC ram_086, W, B",0x00234A
0x003288,0xFE2,FSR1H,write,,"MOVWF FSR1H, A",0x00234A
0x00328A,0xFDE,POSTINC2,read,,"MOVFF POSTINC2, POSTINC1",0x00234A
0x00328A,0xFE6,POSTINC1,write,,"MOVFF POSTINC2, POSTINC1",0x00234A
0x00328E,0xFDE,POSTINC2,read,,"MOVFF POSTINC2, POSTINC1",0x00234A
0x00328E,0xFE6,POSTINC1,write,,"MOVFF POSTINC2, POSTINC1",0x00234A
0x003292,0xFDE,POSTINC2,read,,"MOVFF POSTINC2, POSTINC1",0x00234A
0x003292,0xFE6,POSTINC1,write,,"MOVFF POSTINC2, POSTINC1",0x00234A
0x003296,0xFDE,POSTINC2,read,,"MOVFF POSTINC2, POSTINC1",0x00234A
0x003296,0xFE6,POSTINC1,write,,"MOVFF POSTINC2, POSTINC1",0x00234A
0x00329A,0x0B8,ram_0B8,read,,"MOVF ram_0B8, W, B",0x00234A
0x00329E,0xFF3,PRODL,read,,"MOVF PRODL, W, A",0x00234A
0x0032A2,0xFD9,FSR2L,write,,"MOVWF FSR2L, A",0x00234A
0x0032A4,0xFDA,FSR2H,write,,"CLRF FSR2H, A",0x00234A
0x0032A6,0xFDE,POSTINC2,read,,"MOVFF POSTINC2, ram_085",0x00234A
0x0032A6,0x085,ram_085,write,,"MOVFF POSTINC2, ram_085",0x00234A
0x0032AA,0xFDD,POSTDEC2,read,,"MOVFF POSTDEC2, ram_086",0x00234A
0x0032AA,0x086,ram_086,write,,"MOVFF POSTDEC2, ram_086",0x00234A
0x0032AE,0x085,ram_085,read,,"MOVFF ram_085, FSR2L",0x00234A
0x0032AE,0xFD9,FSR2L,write,,"MOVFF ram_085, FSR2L",0x00234A
0x0032B2,0x086,ram_086,read,,"MOVFF ram_086, FSR2H",0x00234A
0x0032B2,0xFDA,FSR2H,write,,"MOVFF ram_086, FSR2H",0x00234A
0x0032B6,0xFDF,INDF2,read,,"MOVF INDF2, W, A",0x00234A
0x0032BC,0x0B8,ram_0B8,read,,"ADDWF ram_0B8, W, B",0x00234A
0x0032BE,0xFD9,FSR2L,write,,"MOVWF FSR2L, A",0x00234A
0x0032C0,0xFDA,FSR2H,write,,"CLRF FSR2H, A",0x00234A
0x0032C4,0xFDA,FSR2H,read_write,,"ADDWFC FSR2H, F, A",0x00234A
0x0032C6,0x47E,ram_47E,read,,"MOVFF ram_47E, INDF2",0x00234A
0x0032C6,0xFDF,INDF2,write,,"MOVFF ram_47E, INDF2",0x00234A
0x0032CC,0x0B8,ram_0B8,read,,"ADDWF ram_0B8, W, B",0x00234A
0x0032CE,0xFD9,FSR2L,write,,"MOVWF FSR2L, A",0x00234A
0x0032D0,0xFDA,FSR2H,write,,"CLRF FSR2H, A",0x00234A
0x0032D4,0xFDA,FSR2H,read_write,,"ADDWFC FSR2H, F, A",0x00234A
0x0032D6,0xFDF,INDF2,write,,"CLRF INDF2, A",0x00234A
0x0032DA,0x0B8,ram_0B8,read,,"ADDWF ram_0B8, W, B",0x00234A
0x0032DC,0xFD9,FSR2L,write,,"MOVWF FSR2L, A",0x00234A
0x0032DE,0xFDA,FSR2H,write,,"CLRF FSR2H, A",0x00234A
0x0032E2,0xFDA,FSR2H,read_write,,"ADDWFC FSR2H, F, A",0x00234A
0x0032E6,0xFDF,INDF2,write,,"MOVWF INDF2, A",0x00234A
0x0032E8,0x09E,ram_09E,write,,"CLRF ram_09E, B",0x00234A
0x0032EA,0x09F,ram_09F,write,,"CLRF ram_09F, B",0x00234A
0x0032EC,0x0A0,ram_0A0,write,,"CLRF ram_0A0, B",0x00234A
0x0032EE,0x0A1,ram_0A1,write,,"CLRF ram_0A1, B",0x00234A
0x0032F0,0x0B8,ram_0B8,read,,"MOVFF ram_0B8, ram_085",0x00234A
0x0032F0,0x085,ram_085,write,,"MOVFF ram_0B8, ram_085",0x00234A
0x0032F6,0x086,ram_086,write,,"MOVWF ram_086, B",0x00234A
0x0032F8,0x085,ram_085,read_write,,"INCF ram_085, F, B",0x00234A
0x0032FC,0xFD8,STATUS,read_write,0,"BCF STATUS, 0, A",0x00234A
0x0032FE,0x086,ram_086,read_write,,"RLCF ram_086, F, B",0x00234A
0x003300,0x085,ram_085,read_write,,"DECFSZ ram_085, F, B",0x00234A
0x003306,0x086,ram_086,read,,"MOVF ram_086, W, B",0x00234A
0x00330A,0x4F1,ram_4F1,read,,"ANDWF ram_4F1, W, B",0x00234A
0x003310,0x0B8,ram_0B8,read,,"MOVF ram_0B8, W, B",0x00234A
0x003314,0xFF3,PRODL,read,,"MOVFF PRODL, ram_085",0x00234A
0x003314,0x085,ram_085,write,,"MOVFF PRODL, ram_085",0x00234A
0x003318,0xFF4,PRODH,read,,"MOVFF PRODH, ram_086",0x00234A
0x003318,0x086,ram_086,write,,"MOVFF PRODH, ram_086",0x00234A
0x00331C,0xFD8,STATUS,read_write,0,"BCF STATUS, 0, A",0x00234A
0x00331E,0x085,ram_085,read_write,,"RLCF ram_085, F, B",0x00234A
0x003320,0x086,ram_086,read_write,,"RLCF ram_086, F, B",0x00234A
0x003322,0xFD8,STATUS,read_write,0,"BCF STATUS, 0, A",0x00234A
0x003324,0x085,ram_085,read_write,,"RLCF ram_085, F, B",0x00234A
0x003326,0x086,ram_086,read_write,,"RLCF ram_086, F, B",0x00234A
0x00332A,0x085,ram_085,read,,"ADDWF ram_085, W, B",0x00234A
0x00332C,0xFD9,FSR2L,write,,"MOVWF FSR2L, A",0x00234A
0x003330,0x086,ram_086,read,,"ADDWFC ram_086, W, B",0x00234A
0x003332,0xFDA,FSR2H,write,,"MOVWF FSR2H, A",0x00234A
0x003336,0xFDB,PLUSW2,read,7,"BTFSC PLUSW2, 7, A",0x00234A
0x00333A,0xFDB,PLUSW2,read,,"MOVF PLUSW2, W, A",0x00234A
0x003340,0xFDB,PLUSW2,read,,"MOVF PLUSW2, W, A",0x00234A
0x003346,0xFDB,PLUSW2,read,,"MOVF PLUSW2, W, A",0x00234A
0x00334C,0xFDE,POSTINC2,read,,"SUBWF POSTINC2, W, A",0x00234A
0x003350,0x0B8,ram_0B8,read,,"MOVF ram_0B8, W, B",0x00234A
0x003354,0xFF3,PRODL,read,,"MOVFF PRODL, ram_085",0x00234A
0x003354,0x085,ram_085,write,,"MOVFF PRODL, ram_085",0x00234A
0x003358,0xFF4,PRODH,read,,"MOVFF PRODH, ram_086",0x00234A
0x003358,0x086,ram_086,write,,"MOVFF PRODH, ram_086",0x00234A
0x00335C,0xFD8,STATUS,read_write,0,"BCF STATUS, 0, A",0x00234A
0x00335E,0x085,ram_085,read_write,,"RLCF ram_085, F, B",0x00234A
0x003360,0x086,ram_086,read_write,,"RLCF ram_086, F, B",0x00234A
0x003362,0xFD8,STATUS,read_write,0,"BCF STATUS, 0, A",0x00234A
0x003364,0x085,ram_085,read_write,,"RLCF ram_085, F, B",0x00234A
0x003366,0x086,ram_086,read_write,,"RLCF ram_086, F, B",0x00234A
0x00336A,0x085,ram_085,read,,"ADDWF ram_085, W, B",0x00234A
0x00336C,0xFD9,FSR2L,write,,"MOVWF FSR2L, A",0x00234A
0x003370,0x086,ram_086,read,,"ADDWFC ram_086, W, B",0x00234A
0x003372,0xFDA,FSR2H,write,,"MOVWF FSR2H, A",0x00234A
0x003376,0xFDE,POSTINC2,read,,"ADDWF POSTINC2, W, A",0x00234A
0x003378,0x09E,ram_09E,write,,"MOVWF ram_09E, B",0x00234A
0x00337C,0xFDE,POSTINC2,read,,"ADDWFC POSTINC2, W, A",0x00234A
0x00337E,0x09F,ram_09F,write,,"MOVWF ram_09F, B",0x00234A
0x003382,0xFDE,POSTINC2,read,,"ADDWFC POSTINC2, W, A",0x00234A
0x003384,0x0A0,ram_0A0,write,,"MOVWF ram_0A0, B",0x00234A
0x003388,0xFDE,POSTINC2,read,,"ADDWFC POSTINC2, W, A",0x00234A
0x00338A,0x0A1,ram_0A1,write,,"MOVWF ram_0A1, B",0x00234A
0x003390,0x0B8,ram_0B8,read,,"ADDWF ram_0B8, W, B",0x00234A
0x003392,0xFD9,FSR2L,write,,"MOVWF FSR2L, A",0x00234A
0x003394,0xFDA,FSR2H,write,,"CLRF FSR2H, A",0x00234A
0x003398,0xFDA,FSR2H,read_write,,"ADDWFC FSR2H, F, A",0x00234A
0x00339A,0xFDF,INDF2,read,,"MOVF INDF2, W, A",0x00234A
0x00339E,0x0B8,ram_0B8,read,,"MOVF ram_0B8, W, B",0x00234A
0x0033A2,0xFF3,PRODL,read,,"MOVFF PRODL, ram_085",0x00234A
0x0033A2,0x085,ram_085,write,,"MOVFF PRODL, ram_085",0x00234A
0x0033A6,0xFF4,PRODH,read,,"MOVFF PRODH, ram_086",0x00234A
0x0033A6,0x086,ram_086,write,,"MOVFF PRODH, ram_086",0x00234A
0x0033AA,0xFD8,STATUS,read_write,0,"BCF STATUS, 0, A",0x00234A
0x0033AC,0x085,ram_085,read_write,,"RLCF ram_085, F, B",0x00234A
0x0033AE,0x086,ram_086,read_write,,"RLCF ram_086, F, B",0x00234A
0x0033B0,0xFD8,STATUS,read_write,0,"BCF STATUS, 0, A",0x00234A
0x0033B2,0x085,ram_085,read_write,,"RLCF ram_085, F, B",0x00234A
0x0033B4,0x086,ram_086,read_write,,"RLCF ram_086, F, B",0x00234A
0x0033B8,0x085,ram_085,read,,"ADDWF ram_085, W, B",0x00234A
0x0033BA,0xFD9,FSR2L,write,,"MOVWF FSR2L, A",0x00234A
0x0033BE,0x086,ram_086,read,,"ADDWFC ram_086, W, B",0x00234A
0x0033C0,0xFDA,FSR2H,write,,"MOVWF FSR2H, A",0x00234A
0x0033C2,0x09E,ram_09E,read,,"MOVF ram_09E, W, B",0x00234A
0x0033C4,0xFDE,POSTINC2,read,,"SUBWF POSTINC2, W, A",0x00234A
0x0033C6,0x09F,ram_09F,read,,"MOVF ram_09F, W, B",0x00234A
0x0033C8,0xFDE,POSTINC2,read,,"SUBWFB POSTINC2, W, A",0x00234A
0x0033CA,0x0A0,ram_0A0,read,,"MOVF ram_0A0, W, B",0x00234A
0x0033CC,0xFDE,POSTINC2,read,,"SUBWFB POSTINC2, W, A",0x00234A
0x0033CE,0x0A1,ram_0A1,read,,"MOVF ram_0A1, W, B",0x00234A
0x0033D0,0xFDE,POSTINC2,read,,"SUBWFB POSTINC2, W, A",0x00234A
0x0033D6,0x0B8,ram_0B8,read,,"ADDWF ram_0B8, W, B",0x00234A
0x0033D8,0xFD9,FSR2L,write,,"MOVWF FSR2L, A",0x00234A
0x0033DA,0xFDA,FSR2H,write,,"CLRF FSR2H, A",0x00234A
0x0033DE,0xFDA,FSR2H,read_write,,"ADDWFC FSR2H, F, A",0x00234A
0x0033E0,0xFDF,INDF2,write,,"CLRF INDF2, A",0x00234A
0x0033E6,0x0B8,ram_0B8,read,,"ADDWF ram_0B8, W, B",0x00234A
0x0033E8,0xFD9,FSR2L,write,,"MOVWF FSR2L, A",0x00234A
0x0033EA,0xFDA,FSR2H,write,,"CLRF FSR2H, A",0x00234A
0x0033EE,0xFDA,FSR2H,read_write,,"ADDWFC FSR2H, F, A",0x00234A
0x0033F2,0xFDF,INDF2,write,,"MOVWF INDF2, A",0x00234A
0x0033F4,0x0B8,ram_0B8,read_write,,"INCF ram_0B8, F, B",0x00234A
0x0033F8,0x0B8,ram_0B8,read,,"XORWF ram_0B8, W, B",0x00234A
0x003400,0x03E,ram_03E,read,,"MOVFF ram_03E, ram_4EA",0x00234A
0x003400,0x4EA,ram_4EA,write,,"MOVFF ram_03E, ram_4EA",0x00234A
0x003406,0x482,ram_482,write,,"CLRF ram_482, B",0x00234A
0x00340C,0x0FC,ram_0FC,write,,"CLRF ram_0FC, B",0x00340A
0x00340E,0x0EA,ram_0EA,write,,"CLRF ram_0EA, B",0x00340A
0x003410,0x0EF,ram_0EF,write,,"CLRF ram_0EF, B",0x00340A
0x003412,0x0FC,ram_0FC,write,,"CLRF ram_0FC, B",0x00340A
0x003416,0x4F2,ram_4F2,read,,"MOVF ram_4F2, W, B",0x00340A
0x003420,0x0FC,ram_0FC,read,,"MOVF ram_0FC, W, B",0x00340A
0x003424,0xFF3,PRODL,read,,"MOVFF PRODL, ram_0EA",0x00340A
0x003424,0x0EA,ram_0EA,write,,"MOVFF PRODL, ram_0EA",0x00340A
0x003428,0x0FC,ram_0FC,read,,"MOVF ram_0FC, W, B",0x00340A
0x00342E,0xFF3,PRODL,read,,"ADDWF PRODL, W, A",0x00340A
0x003430,0xFD9,FSR2L,write,,"MOVWF FSR2L, A",0x00340A
0x003434,0xFF4,PRODH,read,,"ADDWFC PRODH, W, A",0x00340A
0x003436,0xFDA,FSR2H,write,,"MOVWF FSR2H, A",0x00340A
0x00343A,0xFDB,PLUSW2,read,7,"BTFSC PLUSW2, 7, A",0x00340A
0x00343E,0xFDB,PLUSW2,read,,"MOVF PLUSW2, W, A",0x00340A
0x003442,0xFDE,POSTINC2,read,,"INCF POSTINC2, W, A",0x00340A
0x003446,0xFDE,POSTINC2,read,,"SUBWFB POSTINC2, W, A",0x00340A
0x00344A,0xFDE,POSTINC2,read,,"SUBWFB POSTINC2, W, A",0x00340A
0x00344C,0xFD8,STATUS,read,0,"BTFSC STATUS, 0, A",0x00340A
0x003452,0x0FC,ram_0FC,read,,"ADDWF ram_0FC, W, B",0x00340A
0x003454,0xFD9,FSR2L,write,,"MOVWF FSR2L, A",0x00340A
0x003456,0xFDA,FSR2H,write,,"CLRF FSR2H, A",0x00340A
0x00345A,0xFDA,FSR2H,read_write,,"ADDWFC FSR2H, F, A",0x00340A
0x00345C,0xFDE,POSTINC2,read,,"DECF POSTINC2, W, A",0x00340A
0x003462,0x0FC,ram_0FC,read,,"MOVF ram_0FC, W, B",0x00340A
0x003468,0xFF3,PRODL,read,,"ADDWF PRODL, W, A",0x00340A
0x00346A,0xFD9,FSR2L,write,,"MOVWF FSR2L, A",0x00340A
0x00346E,0xFF4,PRODH,read,,"ADDWFC PRODH, W, A",0x00340A
0x003470,0xFDA,FSR2H,write,,"MOVWF FSR2H, A",0x00340A
0x003472,0x0EA,ram_0EA,read,,"MOVF ram_0EA, W, B",0x00340A
0x003474,0x0DF,ram_0DF,write,,"MOVWF ram_0DF, B",0x00340A
0x003476,0x0E0,ram_0E0,write,,"CLRF ram_0E0, B",0x00340A
0x003478,0xFD8,STATUS,read_write,0,"BCF STATUS, 0, A",0x00340A
0x00347A,0x0DF,ram_0DF,read_write,,"RLCF ram_0DF, F, B",0x00340A
0x00347C,0x0E0,ram_0E0,read_write,,"RLCF ram_0E0, F, B",0x00340A
0x00347E,0xFD8,STATUS,read_write,0,"BCF STATUS, 0, A",0x00340A
0x003480,0x0DF,ram_0DF,read_write,,"RLCF ram_0DF, F, B",0x00340A
0x003482,0x0E0,ram_0E0,read_write,,"RLCF ram_0E0, F, B",0x00340A
0x003486,0x0DF,ram_0DF,read,,"ADDWF ram_0DF, W, B",0x00340A
0x003488,0xFE1,FSR1L,write,,"MOVWF FSR1L, A",0x00340A
0x00348C,0x0E0,ram_0E0,read,,"ADDWFC ram_0E0, W, B",0x00340A
0x00348E,0xFE2,FSR1H,write,,"MOVWF FSR1H, A",0x00340A
0x003490,0xFE6,POSTINC1,read,,"MOVFF POSTINC1, ram_0E1",0x00340A
0x003490,0x0E1,ram_0E1,write,,"MOVFF POSTINC1, ram_0E1",0x00340A
0x003494,0xFE6,POSTINC1,read,,"MOVFF POSTINC1, ram_0E2",0x00340A
0x003494,0x0E2,ram_0E2,write,,"MOVFF POSTINC1, ram_0E2",0x00340A
0x003498,0xFE6,POSTINC1,read,,"MOVFF POSTINC1, ram_0E3",0x00340A
0x003498,0x0E3,ram_0E3,write,,"MOVFF POSTINC1, ram_0E3",0x00340A
0x00349C,0xFE6,POSTINC1,read,,"MOVFF POSTINC1, ram_0E4",0x00340A
0x00349C,0x0E4,ram_0E4,write,,"MOVFF POSTINC1, ram_0E4",0x00340A
0x0034A2,0x0E1,ram_0E1,read,,"MULWF ram_0E1, B",0x00340A
0x0034A4,0xFF3,PRODL,read,,"MOVFF PRODL, ram_0E5",0x00340A
0x0034A4,0x0E5,ram_0E5,write,,"MOVFF PRODL, ram_0E5",0x00340A
0x0034A8,0xFF4,PRODH,read,,"MOVFF PRODH, ram_0E6",0x00340A
0x0034A8,0x0E6,ram_0E6,write,,"MOVFF PRODH, ram_0E6",0x00340A
0x0034AC,0x0E7,ram_0E7,write,,"CLRF ram_0E7, B",0x00340A
0x0034AE,0x0E8,ram_0E8,write,,"CLRF ram_0E8, B",0x00340A
0x0034B0,0x0E2,ram_0E2,read,,"MULWF ram_0E2, B",0x00340A
0x0034B2,0xFF3,PRODL,read,,"MOVF PRODL, W, A",0x00340A
0x0034B4,0x0E6,ram_0E6,read_write,,"ADDWF ram_0E6, F, B",0x00340A
0x0034B6,0xFF4,PRODH,read,,"MOVF PRODH, W, A",0x00340A
0x0034B8,0x0E7,ram_0E7,read_write,,"ADDWFC ram_0E7, F, B",0x00340A
0x0034BC,0x0E8,ram_0E8,read_write,,"ADDWFC ram_0E8, F, B",0x00340A
0x0034BE,0x0E1,ram_0E1,read,,"MULWF ram_0E1, B",0x00340A
0x0034C0,0xFF3,PRODL,read,,"MOVF PRODL, W, A",0x00340A
0x0034C2,0x0E6,ram_0E6,read_write,,"ADDWF ram_0E6, F, B",0x00340A
0x0034C4,0xFF4,PRODH,read,,"MOVF PRODH, W, A",0x00340A
0x0034C6,0x0E7,ram_0E7,read_write,,"ADDWFC ram_0E7, F, B",0x00340A
0x0034CA,0x0E8,ram_0E8,read_write,,"ADDWFC ram_0E8, F, B",0x00340A
0x0034CE,0x0E3,ram_0E3,read,,"MULWF ram_0E3, B",0x00340A
0x0034D0,0xFF3,PRODL,read,,"MOVF PRODL, W, A",0x00340A
0x0034D2,0x0E7,ram_0E7,read_write,,"ADDWF ram_0E7, F, B",0x00340A
0x0034D4,0xFF4,PRODH,read,,"MOVF PRODH, W, A",0x00340A
0x0034D6,0x0E8,ram_0E8,read_write,,"ADDWFC ram_0E8, F, B",0x00340A
0x0034DA,0x0E2,ram_0E2,read,,"MULWF ram_0E2, B",0x00340A
0x0034DC,0xFF3,PRODL,read,,"MOVF PRODL, W, A",0x00340A
0x0034DE,0x0E7,ram_0E7,read_write,,"ADDWF ram_0E7, F, B",0x00340A
0x0034E0,0xFF4,PRODH,read,,"MOVF PRODH, W, A",0x00340A
0x0034E2,0x0E8,ram_0E8,read_write,,"ADDWFC ram_0E8, F, B",0x00340A
0x0034E6,0x0E1,ram_0E1,read,,"MULWF ram_0E1, B",0x00340A
0x0034E8,0xFF3,PRODL,read,,"MOVF PRODL, W, A",0x00340A
0x0034EA,0x0E7,ram_0E7,read_write,,"ADDWF ram_0E7, F, B",0x00340A
0x0034EC,0xFF4,PRODH,read,,"MOVF PRODH, W, A",0x00340A
0x0034EE,0x0E8,ram_0E8,read_write,,"ADDWFC ram_0E8, F, B",0x00340A
0x0034F2,0x0E4,ram_0E4,read,,"MULWF ram_0E4, B",0x00340A
0x0034F4,0xFF3,PRODL,read,,"MOVF PRODL, W, A",0x00340A
0x0034F6,0x0E8,ram_0E8,read_write,,"ADDWF ram_0E8, F, B",0x00340A
0x0034FA,0x0E3,ram_0E3,read,,"MULWF ram_0E3, B",0x00340A
0x0034FC,0xFF3,PRODL,read,,"MOVF PRODL, W, A",0x00340A
0x0034FE,0x0E8,ram_0E8,read_write,,"ADDWF ram_0E8, F, B",0x00340A
0x003502,0x0E2,ram_0E2,read,,"MULWF ram_0E2, B",0x00340A
0x003504,0xFF3,PRODL,read,,"MOVF PRODL, W, A",0x00340A
0x003506,0x0E8,ram_0E8,read_write,,"ADDWF ram_0E8, F, B",0x00340A
0x00350A,0x0E1,ram_0E1,read,,"MULWF ram_0E1, B",0x00340A
0x00350C,0xFF3,PRODL,read,,"MOVF PRODL, W, A",0x00340A
0x00350E,0x0E8,ram_0E8,read_write,,"ADDWF ram_0E8, F, B",0x00340A
0x003510,0xFDE,POSTINC2,read,,"MOVF POSTINC2, W, A",0x00340A
0x003512,0x0E5,ram_0E5,read,,"SUBWF ram_0E5, W, B",0x00340A
0x003514,0xFDE,POSTINC2,read,,"MOVF POSTINC2, W, A",0x00340A
0x003516,0x0E6,ram_0E6,read,,"SUBWFB ram_0E6, W, B",0x00340A
0x003518,0xFDE,POSTINC2,read,,"MOVF POSTINC2, W, A",0x00340A
0x00351A,0x0E7,ram_0E7,read,,"SUBWFB ram_0E7, W, B",0x00340A
0x00351C,0x0E8,ram_0E8,read,,"MOVF ram_0E8, W, B",0x00340A
0x003520,0x0E9,ram_0E9,write,,"MOVWF ram_0E9, B",0x00340A
0x003522,0xFDE,POSTINC2,read,,"MOVF POSTINC2, W, A",0x00340A
0x003526,0x0E9,ram_0E9,read,,"SUBWFB ram_0E9, W, B",0x00340A
0x00352A,0x0FC,ram_0FC,read,,"MOVF ram_0FC, W, B",0x00340A
0x003530,0xFF3,PRODL,read,,"ADDWF PRODL, W, A",0x00340A
0x003532,0xFD9,FSR2L,write,,"MOVWF FSR2L, A",0x00340A
0x003536,0xFF4,PRODH,read,,"ADDWFC PRODH, W, A",0x00340A
0x003538,0xFDA,FSR2H,write,,"MOVWF FSR2H, A",0x00340A
0x00353C,0xFDB,PLUSW2,read,7,"BTFSC PLUSW2, 7, A",0x00340A
0x003540,0xFDB,PLUSW2,read,,"MOVF PLUSW2, W, A",0x00340A
0x003546,0xFDB,PLUSW2,read,,"MOVF PLUSW2, W, A",0x00340A
0x00354C,0xFDE,POSTINC2,read,,"SUBWF POSTINC2, W, A",0x00340A
0x003550,0xFDE,POSTINC2,read,,"SUBWFB POSTINC2, W, A",0x00340A
0x003556,0x0FC,ram_0FC,read,,"ADDWF ram_0FC, W, B",0x00340A
0x003558,0xFD9,FSR2L,write,,"MOVWF FSR2L, A",0x00340A
0x00355A,0xFDA,FSR2H,write,,"CLRF FSR2H, A",0x00340A
0x00355E,0xFDA,FSR2H,read_write,,"ADDWFC FSR2H, F, A",0x00340A
0x003560,0xFDF,INDF2,write,,"CLRF INDF2, A",0x00340A
0x003562,0x0FC,ram_0FC,read,,"MOVF ram_0FC, W, B",0x00340A
0x003568,0xFF3,PRODL,read,,"ADDWF PRODL, W, A",0x00340A
0x00356A,0xFD9,FSR2L,write,,"MOVWF FSR2L, A",0x00340A
0x00356E,0xFF4,PRODH,read,,"ADDWFC PRODH, W, A",0x00340A
0x003570,0xFDA,FSR2H,write,,"MOVWF FSR2H, A",0x00340A
0x003572,0xFDE,POSTINC2,write,,"CLRF POSTINC2, A",0x00340A
0x003574,0xFDE,POSTINC2,write,,"CLRF POSTINC2, A",0x00340A
0x003576,0xFDE,POSTINC2,write,,"CLRF POSTINC2, A",0x00340A
0x003578,0xFDD,POSTDEC2,write,,"CLRF POSTDEC2, A",0x00340A
0x00357C,0x0FC,ram_0FC,read,,"ADDWF ram_0FC, W, B",0x00340A
0x00357E,0xFD9,FSR2L,write,,"MOVWF FSR2L, A",0x00340A
0x003580,0xFDA,FSR2H,write,,"CLRF FSR2H, A",0x00340A
0x003584,0xFDA,FSR2H,read_write,,"ADDWFC FSR2H, F, A",0x00340A
0x003588,0xFDF,INDF2,write,,"MOVWF INDF2, A",0x00340A
0x00358C,0x48C,ram_48C,read,,"MOVF ram_48C, W, B",0x00340A
0x003590,0x48E,ram_48E,read,,"MOVF ram_48E, W, B",0x00340A
0x003596,0x0FC,ram_0FC,read,,"MOVF ram_0FC, W, B",0x00340A
0x00359C,0xFF3,PRODL,read,,"ADDWF PRODL, W, A",0x00340A
0x00359E,0xFD9,FSR2L,write,,"MOVWF FSR2L, A",0x00340A
0x0035A2,0xFF4,PRODH,read,,"ADDWFC PRODH, W, A",0x00340A
0x0035A4,0xFDA,FSR2H,write,,"MOVWF FSR2H, A",0x00340A
0x0035A6,0xFDE,POSTINC2,write,,"CLRF POSTINC2, A",0x00340A
0x0035A8,0xFDE,POSTINC2,write,,"CLRF POSTINC2, A",0x00340A
0x0035AA,0xFDE,POSTINC2,write,,"CLRF POSTINC2, A",0x00340A
0x0035AC,0xFDD,POSTDEC2,write,,"CLRF POSTDEC2, A",0x00340A
0x0035B0,0x0FC,ram_0FC,read,,"ADDWF ram_0FC, W, B",0x00340A
0x0035B2,0xFD9,FSR2L,write,,"MOVWF FSR2L, A",0x00340A
0x0035B4,0xFDA,FSR2H,write,,"CLRF FSR2H, A",0x00340A
0x0035B8,0xFDA,FSR2H,read_write,,"ADDWFC FSR2H, F, A",0x00340A
0x0035BA,0xFDF,INDF2,write,,"CLRF INDF2, A",0x00340A
0x0035BC,0x0FC,ram_0FC,read,,"MOVF ram_0FC, W, B",0x00340A
0x0035C2,0xFF3,PRODL,read,,"ADDWF PRODL, W, A",0x00340A
0x0035C4,0xFD9,FSR2L,write,,"MOVWF FSR2L, A",0x00340A
0x0035C8,0xFF4,PRODH,read,,"ADDWFC PRODH, W, A",0x00340A
0x0035CA,0xFDA,FSR2H,write,,"MOVWF FSR2H, A",0x00340A
0x0035CC,0xFDE,POSTINC2,write,,"CLRF POSTINC2, A",0x00340A
0x0035CE,0xFDE,POSTINC2,write,,"CLRF POSTINC2, A",0x00340A
0x0035D0,0xFDE,POSTINC2,write,,"CLRF POSTINC2, A",0x00340A
0x0035D2,0xFDD,POSTDEC2,write,,"CLRF POSTDEC2, A",0x00340A
0x0035D6,0x0FC,ram_0FC,read,,"ADDWF ram_0FC, W, B",0x00340A
0x0035D8,0xFD9,FSR2L,write,,"MOVWF FSR2L, A",0x00340A
0x0035DA,0xFDA,FSR2H,write,,"CLRF FSR2H, A",0x00340A
0x0035DE,0xFDA,FSR2H,read_write,,"ADDWFC FSR2H, F, A",0x00340A
0x0035E0,0xFDF,INDF2,write,,"CLRF INDF2, A",0x00340A
0x0035E4,0x0FC,ram_0FC,read,,"MOVF ram_0FC, W, B",0x00340A
0x0035EA,0xFF3,PRODL,read,,"ADDWF PRODL, W, A",0x00340A
0x0035EC,0xFD9,FSR2L,write,,"MOVWF FSR2L, A",0x00340A
0x0035F0,0xFF4,PRODH,read,,"ADDWFC PRODH, W, A",0x00340A
0x0035F2,0xFDA,FSR2H,write,,"MOVWF FSR2H, A",0x00340A
0x0035F6,0xFDB,PLUSW2,read,7,"BTFSC PLUSW2, 7, A",0x00340A
0x0035FA,0xFDB,PLUSW2,read,,"MOVF PLUSW2, W, A",0x00340A
0x003600,0xFDB,PLUSW2,read,,"MOVF PLUSW2, W, A",0x00340A
0x003606,0xFDE,POSTINC2,read,,"SUBWF POSTINC2, W, A",0x00340A
0x00360A,0xFDE,POSTINC2,read,,"SUBWFB POSTINC2, W, A",0x00340A
0x00360E,0x0FC,ram_0FC,read,,"MOVF ram_0FC, W, B",0x00340A
0x003614,0xFF3,PRODL,read,,"ADDWF PRODL, W, A",0x00340A
0x003616,0xFD9,FSR2L,write,,"MOVWF FSR2L, A",0x00340A
0x00361A,0xFF4,PRODH,read,,"ADDWFC PRODH, W, A",0x00340A
0x00361C,0xFDA,FSR2H,write,,"MOVWF FSR2H, A",0x00340A
0x00361E,0xFDE,POSTINC2,write,,"CLRF POSTINC2, A",0x00340A
0x003620,0xFDE,POSTINC2,write,,"CLRF POSTINC2, A",0x00340A
0x003622,0xFDE,POSTINC2,write,,"CLRF POSTINC2, A",0x00340A
0x003624,0xFDD,POSTDEC2,write,,"CLRF POSTDEC2, A",0x00340A
0x003626,0x0FC,ram_0FC,read,,"MOVF ram_0FC, W, B",0x00340A
0x00362C,0xFF3,PRODL,read,,"ADDWF PRODL, W, A",0x00340A
0x00362E,0xFD9,FSR2L,write,,"MOVWF FSR2L, A",0x00340A
0x003632,0xFF4,PRODH,read,,"ADDWFC PRODH, W, A",0x00340A
0x003634,0xFDA,FSR2H,write,,"MOVWF FSR2H, A",0x00340A
0x003636,0xFDE,POSTINC2,read,,"MOVF POSTINC2, W, A",0x00340A
0x003638,0xFDE,POSTINC2,read,,"IORWF POSTINC2, W, A",0x00340A
0x00363A,0xFDE,POSTINC2,read,,"IORWF POSTINC2, W, A",0x00340A
0x00363C,0xFDE,POSTINC2,read,,"IORWF POSTINC2, W, A",0x00340A
0x003642,0x0FC,ram_0FC,read,,"MOVF ram_0FC, W, B",0x00340A
0x003648,0xFF3,PRODL,read,,"ADDWF PRODL, W, A",0x00340A
0x00364A,0xFD9,FSR2L,write,,"MOVWF FSR2L, A",0x00340A
0x00364E,0xFF4,PRODH,read,,"ADDWFC PRODH, W, A",0x00340A
0x003650,0xFDA,FSR2H,write,,"MOVWF FSR2H, A",0x00340A
0x003652,0x0FC,ram_0FC,read,,"MOVF ram_0FC, W, B",0x00340A
0x003658,0xFF3,PRODL,read,,"ADDWF PRODL, W, A",0x00340A
0x00365A,0xFE1,FSR1L,write,,"MOVWF FSR1L, A",0x00340A
0x00365E,0xFF4,PRODH,read,,"ADDWFC PRODH, W, A",0x00340A
0x003660,0xFE2,FSR1H,write,,"MOVWF FSR1H, A",0x00340A
0x003662,0xFDE,POSTINC2,read,,"MOVF POSTINC2, W, A",0x00340A
0x003664,0xFE6,POSTINC1,read,,"SUBWF POSTINC1, W, A",0x00340A
0x003666,0xFDE,POSTINC2,read,,"MOVF POSTINC2, W, A",0x00340A
0x003668,0xFE6,POSTINC1,read,,"SUBWFB POSTINC1, W, A",0x00340A
0x00366A,0xFDE,POSTINC2,read,,"MOVF POSTINC2, W, A",0x00340A
0x00366C,0xFE6,POSTINC1,read,,"SUBWFB POSTINC1, W, A",0x00340A
0x00366E,0xFE6,POSTINC1,read,,"MOVF POSTINC1, W, A",0x00340A
0x003672,0x0E3,ram_0E3,write,,"MOVWF ram_0E3, B",0x00340A
0x003674,0xFDE,POSTINC2,read,,"MOVF POSTINC2, W, A",0x00340A
0x003678,0x0E3,ram_0E3,read,,"SUBWFB ram_0E3, W, B",0x00340A
0x00367C,0x0FC,ram_0FC,read,,"MOVF ram_0FC, W, B",0x00340A
0x003682,0xFF3,PRODL,read,,"ADDWF PRODL, W, A",0x00340A
0x003684,0xFD9,FSR2L,write,,"MOVWF FSR2L, A",0x00340A
0x003688,0xFF4,PRODH,read,,"ADDWFC PRODH, W, A",0x00340A
0x00368A,0xFDA,FSR2H,write,,"MOVWF FSR2H, A",0x00340A
0x00368C,0xFDE,POSTINC2,read,,"MOVFF POSTINC2, ram_0DB",0x00340A
0x00368C,0x0DB,ram_0DB,write,,"MOVFF POSTINC2, ram_0DB",0x00340A
0x003690,0xFDE,POSTINC2,read,,"MOVFF POSTINC2, ram_0DC",0x00340A
0x003690,0x0DC,ram_0DC,write,,"MOVFF POSTINC2, ram_0DC",0x00340A
0x003694,0xFDE,POSTINC2,read,,"MOVFF POSTINC2, ram_0DD",0x00340A
0x003694,0x0DD,ram_0DD,write,,"MOVFF POSTINC2, ram_0DD",0x00340A
0x003698,0xFDE,POSTINC2,read,,"MOVFF POSTINC2, ram_0DE",0x00340A
0x003698,0x0DE,ram_0DE,write,,"MOVFF POSTINC2, ram_0DE",0x00340A
0x00369C,0x0FC,ram_0FC,read,,"MOVF ram_0FC, W, B",0x00340A
0x0036A2,0xFF3,PRODL,read,,"ADDWF PRODL, W, A",0x00340A
0x0036A4,0xFD9,FSR2L,write,,"MOVWF FSR2L, A",0x00340A
0x0036A8,0xFF4,PRODH,read,,"ADDWFC PRODH, W, A",0x00340A
0x0036AA,0xFDA,FSR2H,write,,"MOVWF FSR2H, A",0x00340A
0x0036AC,0x0DB,ram_0DB,read,,"MOVF ram_0DB, W, B",0x00340A
0x0036AE,0xFDE,POSTINC2,read_write,,"SUBWF POSTINC2, F, A",0x00340A
0x0036B0,0x0DC,ram_0DC,read,,"MOVF ram_0DC, W, B",0x00340A
0x0036B2,0xFDE,POSTINC2,read_write,,"SUBWFB POSTINC2, F, A",0x00340A
0x0036B4,0x0DD,ram_0DD,read,,"MOVF ram_0DD, W, B",0x00340A
0x0036B6,0xFDE,POSTINC2,read_write,,"SUBWFB POSTINC2, F, A",0x00340A
0x0036B8,0x0DE,ram_0DE,read,,"MOVF ram_0DE, W, B",0x00340A
0x0036BA,0xFDE,POSTINC2,read_write,,"SUBWFB POSTINC2, F, A",0x00340A
0x0036BC,0x0FC,ram_0FC,read,,"MOVF ram_0FC, W, B",0x00340A
0x0036C2,0x4F1,ram_4F1,read,6,"BTFSS ram_4F1, 6, B",0x00340A
0x0036C8,0x0FC,ram_0FC,read,,"MOVF ram_0FC, W, B",0x00340A
0x0036CE,0xFF3,PRODL,read,,"ADDWF PRODL, W, A",0x00340A
0x0036D0,0xFD9,FSR2L,write,,"MOVWF FSR2L, A",0x00340A
0x0036D4,0xFF4,PRODH,read,,"ADDWFC PRODH, W, A",0x00340A
0x0036D6,0xFDA,FSR2H,write,,"MOVWF FSR2H, A",0x00340A
0x0036D8,0xFDE,POSTINC2,read,,"MOVFF POSTINC2, ram_586",0x00340A
0x0036D8,0x586,ram_586,write,,"MOVFF POSTINC2, ram_586",0x00340A
0x0036DC,0xFDE,POSTINC2,read,,"MOVFF POSTINC2, ram_587",0x00340A
0x0036DC,0x587,ram_587,write,,"MOVFF POSTINC2, ram_587",0x00340A
0x0036E0,0xFDE,POSTINC2,read,,"MOVFF POSTINC2, ram_588",0x00340A
0x0036E0,0x588,ram_588,write,,"MOVFF POSTINC2, ram_588",0x00340A
0x0036E4,0xFDE,POSTINC2,read,,"MOVFF POSTINC2, ram_589",0x00340A
0x0036E4,0x589,ram_589,write,,"MOVFF POSTINC2, ram_589",0x00340A
0x0036E8,0x58A,ram_58A,read,,"MOVFF ram_58A, ram_442",0x00340A
0x0036E8,0x442,ram_442,write,,"MOVFF ram_58A, ram_442",0x00340A
0x0036EC,0x58B,ram_58B,read,,"MOVFF ram_58B, ram_443",0x00340A
0x0036EC,0x443,ram_443,write,,"MOVFF ram_58B, ram_443",0x00340A
0x0036F0,0x58C,ram_58C,read,,"MOVFF ram_58C, ram_444",0x00340A
0x0036F0,0x444,ram_444,write,,"MOVFF ram_58C, ram_444",0x00340A
0x0036F4,0x58D,ram_58D,read,,"MOVFF ram_58D, ram_445",0x00340A
0x0036F4,0x445,ram_445,write,,"MOVFF ram_58D, ram_445",0x00340A
0x003700,0x0EF,ram_0EF,write,,"MOVWF ram_0EF, B",0x00340A
0x003706,0x0FC,ram_0FC,read,,"ADDWF ram_0FC, W, B",0x00340A
0x003708,0xFD9,FSR2L,write,,"MOVWF FSR2L, A",0x00340A
0x00370A,0xFDA,FSR2H,write,,"CLRF FSR2H, A",0x00340A
0x00370E,0xFDA,FSR2H,read_write,,"ADDWFC FSR2H, F, A",0x00340A
0x003712,0xFDF,INDF2,write,,"MOVWF INDF2, A",0x00340A
0x003714,0x0FC,ram_0FC,read,,"MOVF ram_0FC, W, B",0x00340A
0x00371A,0xFF3,PRODL,read,,"ADDWF PRODL, W, A",0x00340A
0x00371C,0xFD9,FSR2L,write,,"MOVWF FSR2L, A",0x00340A
0x003720,0xFF4,PRODH,read,,"ADDWFC PRODH, W, A",0x00340A
0x003722,0xFDA,FSR2H,write,,"MOVWF FSR2H, A",0x00340A
0x003724,0xFDE,POSTINC2,read,,"MOVFF POSTINC2, ram_012",0x00340A
0x003724,0x012,ram_012,write,,"MOVFF POSTINC2, ram_012",0x00340A
0x003728,0xFDE,POSTINC2,read,,"MOVFF POSTINC2, ram_013",0x00340A
0x003728,0x013,ram_013,write,,"MOVFF POSTINC2, ram_013",0x00340A
0x00372C,0xFDE,POSTINC2,read,,"MOVFF POSTINC2, ram_014",0x00340A
0x00372C,0x014,ram_014,write,,"MOVFF POSTINC2, ram_014",0x00340A
0x003730,0xFDE,POSTINC2,read,,"MOVFF POSTINC2, ram_015",0x00340A
0x003730,0x015,ram_015,write,,"MOVFF POSTINC2, ram_015",0x00340A
0x003736,0x016,ram_016,write,,"MOVWF ram_016, A",0x00340A
0x003738,0x017,ram_017,write,,"CLRF ram_017, A",0x00340A
0x00373A,0x018,ram_018,write,,"CLRF ram_018, A",0x00340A
0x00373C,0x019,ram_019,write,,"CLRF ram_019, A",0x00340A
0x003742,0x012,ram_012,read,,"MOVFF ram_012, ram_0F6",0x00340A
0x003742,0x0F6,ram_0F6,write,,"MOVFF ram_012, ram_0F6",0x00340A
0x003746,0x013,ram_013,read,,"MOVFF ram_013, ram_0F7",0x00340A
0x003746,0x0F7,ram_0F7,write,,"MOVFF ram_013, ram_0F7",0x00340A
0x00374A,0x014,ram_014,read,,"MOVFF ram_014, ram_0F8",0x00340A
0x00374A,0x0F8,ram_0F8,write,,"MOVFF ram_014, ram_0F8",0x00340A
0x00374E,0x015,ram_015,read,,"MOVFF ram_015, ram_0F9",0x00340A
0x00374E,0x0F9,ram_0F9,write,,"MOVFF ram_015, ram_0F9",0x00340A
0x003754,0x0FC,ram_0FC,read,,"MOVF ram_0FC, W, B",0x00340A
0x00375A,0xFF3,PRODL,read,,"ADDWF PRODL, W, A",0x00340A
0x00375C,0xFD9,FSR2L,write,,"MOVWF FSR2L, A",0x00340A
0x003760,0xFF4,PRODH,read,,"ADDWFC PRODH, W, A",0x00340A
0x003762,0xFDA,FSR2H,write,,"MOVWF FSR2H, A",0x00340A
0x003764,0xFDE,POSTINC2,write,,"CLRF POSTINC2, A",0x00340A
0x003766,0xFDE,POSTINC2,write,,"CLRF POSTINC2, A",0x00340A
0x003768,0xFDE,POSTINC2,write,,"CLRF POSTINC2, A",0x00340A
0x00376A,0xFDD,POSTDEC2,write,,"CLRF POSTDEC2, A",0x00340A
0x00376C,0x0F6,ram_0F6,read,,"MOVF ram_0F6, W, B",0x00340A
0x00376E,0x045,ram_045,read,,"SUBWF ram_045, W, A",0x00340A
0x003770,0x0F7,ram_0F7,read,,"MOVF ram_0F7, W, B",0x00340A
0x003772,0x046,ram_046,read,,"SUBWFB ram_046, W, A",0x00340A
0x003774,0x0F8,ram_0F8,read,,"MOVF ram_0F8, W, B",0x00340A
0x003776,0x047,ram_047,read,,"SUBWFB ram_047, W, A",0x00340A
0x003778,0x048,ram_048,read,,"MOVF ram_048, W, A",0x00340A
0x00377C,0x0DB,ram_0DB,write,,"MOVWF ram_0DB, B",0x00340A
0x00377E,0x0F9,ram_0F9,read,,"MOVF ram_0F9, W, B",0x00340A
0x003782,0x0DB,ram_0DB,read,,"SUBWFB ram_0DB, W, B",0x00340A
0x003786,0x0F6,ram_0F6,read,,"MOVFF ram_0F6, ram_020",0x00340A
0x003786,0x020,ram_020,write,,"MOVFF ram_0F6, ram_020",0x00340A
0x00378A,0x0F7,ram_0F7,read,,"MOVFF ram_0F7, ram_021",0x00340A
0x00378A,0x021,ram_021,write,,"MOVFF ram_0F7, ram_021",0x00340A
0x00378E,0x0F8,ram_0F8,read,,"MOVFF ram_0F8, ram_022",0x00340A
0x00378E,0x022,ram_022,write,,"MOVFF ram_0F8, ram_022",0x00340A
0x003792,0x0F9,ram_0F9,read,,"MOVFF ram_0F9, ram_023",0x00340A
0x003792,0x023,ram_023,write,,"MOVFF ram_0F9, ram_023",0x00340A
0x003796,0x024,ram_024,write,,"CLRF ram_024, A",0x00340A
0x00379E,0x0F6,ram_0F6,read,,"MOVFF ram_0F6, ram_020",0x00340A
0x00379E,0x020,ram_020,write,,"MOVFF ram_0F6, ram_020",0x00340A
0x0037A2,0x0F7,ram_0F7,read,,"MOVFF ram_0F7, ram_021",0x00340A
0x0037A2,0x021,ram_021,write,,"MOVFF ram_0F7, ram_021",0x00340A
0x0037A6,0x0F8,ram_0F8,read,,"MOVFF ram_0F8, ram_022",0x00340A
0x0037A6,0x022,ram_022,write,,"MOVFF ram_0F8, ram_022",0x00340A
0x0037AA,0x0F9,ram_0F9,read,,"MOVFF ram_0F9, ram_023",0x00340A
0x0037AA,0x023,ram_023,write,,"MOVFF ram_0F9, ram_023",0x00340A
0x0037B0,0x024,ram_024,write,,"MOVWF ram_024, A",0x00340A
0x0037B8,0x0FC,ram_0FC,read,,"MOVF ram_0FC, W, B",0x00340A
0x0037BE,0xFF3,PRODL,read,,"ADDWF PRODL, W, A",0x00340A
0x0037C0,0xFD9,FSR2L,write,,"MOVWF FSR2L, A",0x00340A
0x0037C4,0xFF4,PRODH,read,,"ADDWFC PRODH, W, A",0x00340A
0x0037C6,0xFDA,FSR2H,write,,"MOVWF FSR2H, A",0x00340A
0x0037C8,0x020,ram_020,read,,"MOVFF ram_020, POSTINC2",0x00340A
0x0037C8,0xFDE,POSTINC2,write,,"MOVFF ram_020, POSTINC2",0x00340A
0x0037CC,0x021,ram_021,read,,"MOVFF ram_021, POSTDEC2",0x00340A
0x0037CC,0xFDD,POSTDEC2,write,,"MOVFF ram_021, POSTDEC2",0x00340A
0x0037D2,0x0FC,ram_0FC,read,,"ADDWF ram_0FC, W, B",0x00340A
0x0037D4,0xFD9,FSR2L,write,,"MOVWF FSR2L, A",0x00340A
0x0037D6,0xFDA,FSR2H,write,,"CLRF FSR2H, A",0x00340A
0x0037DA,0xFDA,FSR2H,read_write,,"ADDWFC FSR2H, F, A",0x00340A
0x0037DE,0xFDF,INDF2,write,,"MOVWF INDF2, A",0x00340A
0x0037E2,0x0FC,ram_0FC,read,,"ADDWF ram_0FC, W, B",0x00340A
0x0037E4,0xFD9,FSR2L,write,,"MOVWF FSR2L, A",0x00340A
0x0037E6,0xFDA,FSR2H,write,,"CLRF FSR2H, A",0x00340A
0x0037EA,0xFDA,FSR2H,read_write,,"ADDWFC FSR2H, F, A",0x00340A
0x0037EE,0xFDF,INDF2,write,,"MOVWF INDF2, A",0x00340A
0x0037F2,0x0FC,ram_0FC,read,,"ADDWF ram_0FC, W, B",0x00340A
0x0037F4,0xFD9,FSR2L,write,,"MOVWF FSR2L, A",0x00340A
0x0037F6,0xFDA,FSR2H,write,,"CLRF FSR2H, A",0x00340A
0x0037FA,0xFDA,FSR2H,read_write,,"ADDWFC FSR2H, F, A",0x00340A
0x0037FC,0xFDF,INDF2,read,,"MOVF INDF2, W, A",0x00340A
0x003802,0x0FC,ram_0FC,read,,"ADDWF ram_0FC, W, B",0x00340A
0x003804,0xFD9,FSR2L,write,,"MOVWF FSR2L, A",0x00340A
0x003806,0xFDA,FSR2H,write,,"CLRF FSR2H, A",0x00340A
0x00380A,0xFDA,FSR2H,read_write,,"ADDWFC FSR2H, F, A",0x00340A
0x00380C,0xFDF,INDF2,read,,"MOVF INDF2, W, A",0x00340A
0x00380E,0x0F0,ram_0F0,write,,"MOVWF ram_0F0, B",0x00340A
0x003812,0x0FC,ram_0FC,read,,"ADDWF ram_0FC, W, B",0x00340A
0x003814,0xFD9,FSR2L,write,,"MOVWF FSR2L, A",0x00340A
0x003816,0xFDA,FSR2H,write,,"CLRF FSR2H, A",0x00340A
0x00381A,0xFDA,FSR2H,read_write,,"ADDWFC FSR2H, F, A",0x00340A
0x00381C,0xFDF,INDF2,write,,"CLRF INDF2, A",0x00340A
0x00381E,0x0F0,ram_0F0,read,,"MOVF ram_0F0, W, B",0x00340A
0x003824,0xFF3,PRODL,read,,"ADDWF PRODL, W, A",0x00340A
0x003826,0xFD9,FSR2L,write,,"MOVWF FSR2L, A",0x00340A
0x00382A,0xFF4,PRODH,read,,"ADDWFC PRODH, W, A",0x00340A
0x00382C,0xFDA,FSR2H,write,,"MOVWF FSR2H, A",0x00340A
0x00382E,0x0FC,ram_0FC,read,,"MOVF ram_0FC, W, B",0x00340A
0x003834,0xFF3,PRODL,read,,"ADDWF PRODL, W, A",0x00340A
0x003836,0xFE1,FSR1L,write,,"MOVWF FSR1L, A",0x00340A
0x00383A,0xFF4,PRODH,read,,"ADDWFC PRODH, W, A",0x00340A
0x00383C,0xFE2,FSR1H,write,,"MOVWF FSR1H, A",0x00340A
0x00383E,0xFDE,POSTINC2,read,,"MOVFF POSTINC2, POSTINC1",0x00340A
0x00383E,0xFE6,POSTINC1,write,,"MOVFF POSTINC2, POSTINC1",0x00340A
0x003842,0xFDE,POSTINC2,read,,"MOVFF POSTINC2, POSTINC1",0x00340A
0x003842,0xFE6,POSTINC1,write,,"MOVFF POSTINC2, POSTINC1",0x00340A
0x003846,0xFDE,POSTINC2,read,,"MOVFF POSTINC2, POSTINC1",0x00340A
0x003846,0xFE6,POSTINC1,write,,"MOVFF POSTINC2, POSTINC1",0x00340A
0x00384A,0xFDE,POSTINC2,read,,"MOVFF POSTINC2, POSTINC1",0x00340A
0x00384A,0xFE6,POSTINC1,write,,"MOVFF POSTINC2, POSTINC1",0x00340A
0x003850,0x0F0,ram_0F0,read,,"ADDWF ram_0F0, W, B",0x00340A
0x003852,0xFD9,FSR2L,write,,"MOVWF FSR2L, A",0x00340A
0x003854,0xFDA,FSR2H,write,,"CLRF FSR2H, A",0x00340A
0x003858,0xFDA,FSR2H,read_write,,"ADDWFC FSR2H, F, A",0x00340A
0x00385C,0x0FC,ram_0FC,read,,"ADDWF ram_0FC, W, B",0x00340A
0x00385E,0xFE1,FSR1L,write,,"MOVWF FSR1L, A",0x00340A
0x003860,0xFE2,FSR1H,write,,"CLRF FSR1H, A",0x00340A
0x003864,0xFE2,FSR1H,read_write,,"ADDWFC FSR1H, F, A",0x00340A
0x003866,0xFDF,INDF2,read,,"MOVFF INDF2, INDF1",0x00340A
0x003866,0xFE7,INDF1,write,,"MOVFF INDF2, INDF1",0x00340A
0x00386C,0x0FC,ram_0FC,read,,"XORWF ram_0FC, W, B",0x00340A
0x003870,0xFD8,STATUS,read_write,0,"BCF STATUS, 0, A",0x00340A
0x003874,0x44C,ram_44C,read,,"RLCF ram_44C, W, B",0x00340A
0x003876,0xFD9,FSR2L,write,,"MOVWF FSR2L, A",0x00340A
0x003878,0x44D,ram_44D,read,,"RLCF ram_44D, W, B",0x00340A
0x00387A,0xFDA,FSR2H,write,,"MOVWF FSR2H, A",0x00340A
0x00387E,0xFD9,FSR2L,read_write,,"ADDWF FSR2L, F, A",0x00340A
0x003882,0xFDA,FSR2H,read_write,,"ADDWFC FSR2H, F, A",0x00340A
0x003884,0x0F6,ram_0F6,read,,"MOVFF ram_0F6, POSTINC2",0x00340A
0x003884,0xFDE,POSTINC2,write,,"MOVFF ram_0F6, POSTINC2",0x00340A
0x003888,0x0F7,ram_0F7,read,,"MOVFF ram_0F7, POSTDEC2",0x00340A
0x003888,0xFDD,POSTDEC2,write,,"MOVFF ram_0F7, POSTDEC2",0x00340A
0x00388E,0x0FC,ram_0FC,read,,"MOVF ram_0FC, W, B",0x00340A
0x003894,0xFF3,PRODL,read,,"ADDWF PRODL, W, A",0x00340A
0x003896,0xFD9,FSR2L,write,,"MOVWF FSR2L, A",0x00340A
0x00389A,0xFF4,PRODH,read,,"ADDWFC PRODH, W, A",0x00340A
0x00389C,0xFDA,FSR2H,write,,"MOVWF FSR2H, A",0x00340A
0x00389E,0xFD8,STATUS,read_write,0,"BCF STATUS, 0, A",0x00340A
0x0038A2,0x44C,ram_44C,read,,"RLCF ram_44C, W, B",0x00340A
0x0038A4,0xFE1,FSR1L,write,,"MOVWF FSR1L, A",0x00340A
0x0038A6,0x44D,ram_44D,read,,"RLCF ram_44D, W, B",0x00340A
0x0038A8,0xFE2,FSR1H,write,,"MOVWF FSR1H, A",0x00340A
0x0038AC,0xFE1,FSR1L,read_write,,"ADDWF FSR1L, F, A",0x00340A
0x0038B0,0xFE2,FSR1H,read_write,,"ADDWFC FSR1H, F, A",0x00340A
0x0038B2,0xFDE,POSTINC2,read,,"MOVFF POSTINC2, POSTINC1",0x00340A
0x0038B2,0xFE6,POSTINC1,write,,"MOVFF POSTINC2, POSTINC1",0x00340A
0x0038B6,0xFDD,POSTDEC2,read,,"MOVFF POSTDEC2, POSTDEC1",0x00340A
0x0038B6,0xFE5,POSTDEC1,write,,"MOVFF POSTDEC2, POSTDEC1",0x00340A
0x0038BC,0x0EF,ram_0EF,read,,"MOVF ram_0EF, W, B",0x00340A
0x0038C0,0x0EF,ram_0EF,write,,"CLRF ram_0EF, B",0x00340A
0x0038C4,0x0FC,ram_0FC,read,,"ADDWF ram_0FC, W, B",0x00340A
0x0038C6,0xFD9,FSR2L,write,,"MOVWF FSR2L, A",0x00340A
0x0038C8,0xFDA,FSR2H,write,,"CLRF FSR2H, A",0x00340A
0x0038CC,0xFDA,FSR2H,read_write,,"ADDWFC FSR2H, F, A",0x00340A
0x0038CE,0xFDF,INDF2,write,,"CLRF INDF2, A",0x00340A
0x0038D0,0x0FC,ram_0FC,read,,"MOVF ram_0FC, W, B",0x00340A
0x0038D4,0xFF3,PRODL,read,,"MOVFF PRODL, ram_0DB",0x00340A
0x0038D4,0x0DB,ram_0DB,write,,"MOVFF PRODL, ram_0DB",0x00340A
0x0038D8,0xFF4,PRODH,read,,"MOVFF PRODH, ram_0DC",0x00340A
0x0038D8,0x0DC,ram_0DC,write,,"MOVFF PRODH, ram_0DC",0x00340A
0x0038DC,0xFD8,STATUS,read_write,0,"BCF STATUS, 0, A",0x00340A
0x0038DE,0x0DB,ram_0DB,read_write,,"RLCF ram_0DB, F, B",0x00340A
0x0038E0,0x0DC,ram_0DC,read_write,,"RLCF ram_0DC, F, B",0x00340A
0x0038E2,0xFD8,STATUS,read_write,0,"BCF STATUS, 0, A",0x00340A
0x0038E4,0x0DB,ram_0DB,read_write,,"RLCF ram_0DB, F, B",0x00340A
0x0038E6,0x0DC,ram_0DC,read_write,,"RLCF ram_0DC, F, B",0x00340A
0x0038EA,0x0DB,ram_0DB,read,,"ADDWF ram_0DB, W, B",0x00340A
0x0038EC,0xFD9,FSR2L,write,,"MOVWF FSR2L, A",0x00340A
0x0038F0,0x0DC,ram_0DC,read,,"ADDWFC ram_0DC, W, B",0x00340A
0x0038F2,0xFDA,FSR2H,write,,"MOVWF FSR2H, A",0x00340A
0x0038F4,0x041,ram_041,read,,"MOVFF ram_041, POSTINC2",0x00340A
0x0038F4,0xFDE,POSTINC2,write,,"MOVFF ram_041, POSTINC2",0x00340A
0x0038F8,0x042,ram_042,read,,"MOVFF ram_042, POSTINC2",0x00340A
0x0038F8,0xFDE,POSTINC2,write,,"MOVFF ram_042, POSTINC2",0x00340A
0x0038FC,0x043,ram_043,read,,"MOVFF ram_043, POSTINC2",0x00340A
0x0038FC,0xFDE,POSTINC2,write,,"MOVFF ram_043, POSTINC2",0x00340A
0x003900,0x044,ram_044,read,,"MOVFF ram_044, POSTINC2",0x00340A
0x003900,0xFDE,POSTINC2,write,,"MOVFF ram_044, POSTINC2",0x00340A
0x003908,0x0FC,ram_0FC,read,,"MOVF ram_0FC, W, B",0x00340A
0x00390C,0xFF3,PRODL,read,,"MOVFF PRODL, ram_0DB",0x00340A
0x00390C,0x0DB,ram_0DB,write,,"MOVFF PRODL, ram_0DB",0x00340A
0x003910,0xFF4,PRODH,read,,"MOVFF PRODH, ram_0DC",0x00340A
0x003910,0x0DC,ram_0DC,write,,"MOVFF PRODH, ram_0DC",0x00340A
0x003914,0xFD8,STATUS,read_write,0,"BCF STATUS, 0, A",0x00340A
0x003916,0x0DB,ram_0DB,read_write,,"RLCF ram_0DB, F, B",0x00340A
0x003918,0x0DC,ram_0DC,read_write,,"RLCF ram_0DC, F, B",0x00340A
0x00391A,0xFD8,STATUS,read_write,0,"BCF STATUS, 0, A",0x00340A
0x00391C,0x0DB,ram_0DB,read_write,,"RLCF ram_0DB, F, B",0x00340A
0x00391E,0x0DC,ram_0DC,read_write,,"RLCF ram_0DC, F, B",0x00340A
0x003922,0x0DB,ram_0DB,read,,"ADDWF ram_0DB, W, B",0x00340A
0x003924,0xFE1,FSR1L,write,,"MOVWF FSR1L, A",0x00340A
0x003928,0x0DC,ram_0DC,read,,"ADDWFC ram_0DC, W, B",0x00340A
0x00392A,0xFE2,FSR1H,write,,"MOVWF FSR1H, A",0x00340A
0x00392C,0xFDE,POSTINC2,read,,"MOVFF POSTINC2, POSTINC1",0x00340A
0x00392C,0xFE6,POSTINC1,write,,"MOVFF POSTINC2, POSTINC1",0x00340A
0x003930,0xFDE,POSTINC2,read,,"MOVFF POSTINC2, POSTINC1",0x00340A
0x003930,0xFE6,POSTINC1,write,,"MOVFF POSTINC2, POSTINC1",0x00340A
0x003934,0xFDE,POSTINC2,read,,"MOVFF POSTINC2, POSTINC1",0x00340A
0x003934,0xFE6,POSTINC1,write,,"MOVFF POSTINC2, POSTINC1",0x00340A
0x003938,0xFDE,POSTINC2,read,,"MOVFF POSTINC2, POSTINC1",0x00340A
0x003938,0xFE6,POSTINC1,write,,"MOVFF POSTINC2, POSTINC1",0x00340A
0x003940,0x0FC,ram_0FC,read,,"MOVF ram_0FC, W, B",0x00340A
0x003944,0xFF3,PRODL,read,,"MOVFF PRODL, ram_0DB",0x00340A
0x003944,0x0DB,ram_0DB,write,,"MOVFF PRODL, ram_0DB",0x00340A
0x003948,0xFF4,PRODH,read,,"MOVFF PRODH, ram_0DC",0x00340A
0x003948,0x0DC,ram_0DC,write,,"MOVFF PRODH, ram_0DC",0x00340A
0x00394C,0xFD8,STATUS,read_write,0,"BCF STATUS, 0, A",0x00340A
0x00394E,0x0DB,ram_0DB,read_write,,"RLCF ram_0DB, F, B",0x00340A
0x003950,0x0DC,ram_0DC,read_write,,"RLCF ram_0DC, F, B",0x00340A
0x003952,0xFD8,STATUS,read_write,0,"BCF STATUS, 0, A",0x00340A
0x003954,0x0DB,ram_0DB,read_write,,"RLCF ram_0DB, F, B",0x00340A
0x003956,0x0DC,ram_0DC,read_write,,"RLCF ram_0DC, F, B",0x00340A
0x00395A,0x0DB,ram_0DB,read,,"ADDWF ram_0DB, W, B",0x00340A
0x00395C,0xFE1,FSR1L,write,,"MOVWF FSR1L, A",0x00340A
0x003960,0x0DC,ram_0DC,read,,"ADDWFC ram_0DC, W, B",0x00340A
0x003962,0xFE2,FSR1H,write,,"MOVWF FSR1H, A",0x00340A
0x003964,0xFDE,POSTINC2,read,,"MOVFF POSTINC2, POSTINC1",0x00340A
0x003964,0xFE6,POSTINC1,write,,"MOVFF POSTINC2, POSTINC1",0x00340A
0x003968,0xFDE,POSTINC2,read,,"MOVFF POSTINC2, POSTINC1",0x00340A
0x003968,0xFE6,POSTINC1,write,,"MOVFF POSTINC2, POSTINC1",0x00340A
0x00396C,0xFDE,POSTINC2,read,,"MOVFF POSTINC2, POSTINC1",0x00340A
0x00396C,0xFE6,POSTINC1,write,,"MOVFF POSTINC2, POSTINC1",0x00340A
0x003970,0xFDE,POSTINC2,read,,"MOVFF POSTINC2, POSTINC1",0x00340A
0x003970,0xFE6,POSTINC1,write,,"MOVFF POSTINC2, POSTINC1",0x00340A
0x003974,0x0FC,ram_0FC,read,,"MOVF ram_0FC, W, B",0x00340A
0x00397A,0xFF3,PRODL,read,,"ADDWF PRODL, W, A",0x00340A
0x00397C,0xFD9,FSR2L,write,,"MOVWF FSR2L, A",0x00340A
0x003980,0xFF4,PRODH,read,,"ADDWFC PRODH, W, A",0x00340A
0x003982,0xFDA,FSR2H,write,,"MOVWF FSR2H, A",0x00340A
0x003984,0xFDE,POSTINC2,write,,"CLRF POSTINC2, A",0x00340A
0x003986,0xFDE,POSTINC2,write,,"CLRF POSTINC2, A",0x00340A
0x003988,0xFDE,POSTINC2,write,,"CLRF POSTINC2, A",0x00340A
0x00398A,0xFDD,POSTDEC2,write,,"CLRF POSTDEC2, A",0x00340A
0x00398E,0x0FC,ram_0FC,read,,"ADDWF ram_0FC, W, B",0x00340A
0x003990,0xFD9,FSR2L,write,,"MOVWF FSR2L, A",0x00340A
0x003992,0xFDA,FSR2H,write,,"CLRF FSR2H, A",0x00340A
0x003996,0xFDA,FSR2H,read_write,,"ADDWFC FSR2H, F, A",0x00340A
0x003998,0xFDF,INDF2,write,,"CLRF INDF2, A",0x00340A
0x00399A,0x0FC,ram_0FC,read,,"MOVF ram_0FC, W, B",0x00340A
0x0039A0,0xFF3,PRODL,read,,"ADDWF PRODL, W, A",0x00340A
0x0039A2,0xFD9,FSR2L,write,,"MOVWF FSR2L, A",0x00340A
0x0039A6,0xFF4,PRODH,read,,"ADDWFC PRODH, W, A",0x00340A
0x0039A8,0xFDA,FSR2H,write,,"MOVWF FSR2H, A",0x00340A
0x0039AA,0xFDE,POSTINC2,write,,"CLRF POSTINC2, A",0x00340A
0x0039AC,0xFDD,POSTDEC2,write,,"CLRF POSTDEC2, A",0x00340A
0x0039B8,0x0FC,ram_0FC,read,,"ADDWF ram_0FC, W, B",0x00340A
0x0039BA,0xFD9,FSR2L,write,,"MOVWF FSR2L, A",0x00340A
0x0039BC,0xFDA,FSR2H,write,,"CLRF FSR2H, A",0x00340A
0x0039C0,0xFDA,FSR2H,read_write,,"ADDWFC FSR2H, F, A",0x00340A
0x0039C2,0xFDF,INDF2,read,,"MOVF INDF2, W, A",0x00340A
0x0039CA,0x0FC,ram_0FC,read,,"ADDWF ram_0FC, W, B",0x00340A
0x0039CC,0xFD9,FSR2L,write,,"MOVWF FSR2L, A",0x00340A
0x0039CE,0xFDA,FSR2H,write,,"CLRF FSR2H, A",0x00340A
0x0039D2,0xFDA,FSR2H,read_write,,"ADDWFC FSR2H, F, A",0x00340A
0x0039D4,0xFDF,INDF2,write,,"CLRF INDF2, A",0x00340A
0x0039D6,0x0FC,ram_0FC,read,,"MOVF ram_0FC, W, B",0x00340A
0x0039DC,0xFF3,PRODL,read,,"ADDWF PRODL, W, A",0x00340A
0x0039DE,0xFD9,FSR2L,write,,"MOVWF FSR2L, A",0x00340A
0x0039E2,0xFF4,PRODH,read,,"ADDWFC PRODH, W, A",0x00340A
0x0039E4,0xFDA,FSR2H,write,,"MOVWF FSR2H, A",0x00340A
0x0039E6,0xFDE,POSTINC2,read,,"MOVFF POSTINC2, ram_01A",0x00340A
0x0039E6,0x01A,ram_01A,write,,"MOVFF POSTINC2, ram_01A",0x00340A
0x0039EA,0xFDD,POSTDEC2,read,,"MOVFF POSTDEC2, ram_01B",0x00340A
0x0039EA,0x01B,ram_01B,write,,"MOVFF POSTDEC2, ram_01B",0x00340A
0x0039F4,0x0FC,ram_0FC,read,,"MOVF ram_0FC, W, B",0x00340A
0x0039FA,0xFF3,PRODL,read,,"ADDWF PRODL, W, A",0x00340A
0x0039FC,0xFD9,FSR2L,write,,"MOVWF FSR2L, A",0x00340A
0x003A00,0xFF4,PRODH,read,,"ADDWFC PRODH, W, A",0x00340A
0x003A02,0xFDA,FSR2H,write,,"MOVWF FSR2H, A",0x00340A
0x003A04,0x01A,ram_01A,read,,"MOVFF ram_01A, POSTINC2",0x00340A
0x003A04,0xFDE,POSTINC2,write,,"MOVFF ram_01A, POSTINC2",0x00340A
0x003A08,0x01B,ram_01B,read,,"MOVFF ram_01B, POSTDEC2",0x00340A
0x003A08,0xFDD,POSTDEC2,write,,"MOVFF ram_01B, POSTDEC2",0x00340A
0x003A10,0x070,ram_070,read,,"MOVFF ram_070, ram_5F7",0x00340A
0x003A10,0x5F7,ram_5F7,write,,"MOVFF ram_070, ram_5F7",0x00340A
0x003A14,0x071,ram_071,read,,"MOVFF ram_071, ram_5F8",0x00340A
0x003A14,0x5F8,ram_5F8,write,,"MOVFF ram_071, ram_5F8",0x00340A
0x003A1E,0xFF3,PRODL,read,,"ADDWF PRODL, W, A",0x00340A
0x003A20,0xFD9,FSR2L,write,,"MOVWF FSR2L, A",0x00340A
0x003A24,0xFF4,PRODH,read,,"ADDWFC PRODH, W, A",0x00340A
0x003A26,0xFDA,FSR2H,write,,"MOVWF FSR2H, A",0x00340A
0x003A28,0xFDE,POSTINC2,read,,"MOVFF POSTINC2, ram_060",0x00340A
0x003A28,0x060,ram_060,write,,"MOVFF POSTINC2, ram_060",0x00340A
0x003A2C,0xFDD,POSTDEC2,read,,"MOVFF POSTDEC2, ram_061",0x00340A
0x003A2C,0x061,ram_061,write,,"MOVFF POSTDEC2, ram_061",0x00340A
0x003A30,0x045,ram_045,read,,"MOVFF ram_045, ram_062",0x00340A
0x003A30,0x062,ram_062,write,,"MOVFF ram_045, ram_062",0x00340A
0x003A34,0x046,ram_046,read,,"MOVFF ram_046, ram_063",0x00340A
0x003A34,0x063,ram_063,write,,"MOVFF ram_046, ram_063",0x00340A
0x003A38,0x047,ram_047,read,,"MOVFF ram_047, ram_064",0x00340A
0x003A38,0x064,ram_064,write,,"MOVFF ram_047, ram_064",0x00340A
0x003A3C,0x048,ram_048,read,,"MOVFF ram_048, ram_065",0x00340A
0x003A3C,0x065,ram_065,write,,"MOVFF ram_048, ram_065",0x00340A
0x003A4A,0xFF3,PRODL,read,,"ADDWF PRODL, W, A",0x00340A
0x003A4C,0xFD9,FSR2L,write,,"MOVWF FSR2L, A",0x00340A
0x003A50,0xFF4,PRODH,read,,"ADDWFC PRODH, W, A",0x00340A
0x003A52,0xFDA,FSR2H,write,,"MOVWF FSR2H, A",0x00340A
0x003A54,0x060,ram_060,read,,"MOVFF ram_060, POSTINC2",0x00340A
0x003A54,0xFDE,POSTINC2,write,,"MOVFF ram_060, POSTINC2",0x00340A
0x003A58,0x061,ram_061,read,,"MOVFF ram_061, POSTINC2",0x00340A
0x003A58,0xFDE,POSTINC2,write,,"MOVFF ram_061, POSTINC2",0x00340A
0x003A5C,0x062,ram_062,read,,"MOVFF ram_062, POSTINC2",0x00340A
0x003A5C,0xFDE,POSTINC2,write,,"MOVFF ram_062, POSTINC2",0x00340A
0x003A60,0x063,ram_063,read,,"MOVFF ram_063, POSTINC2",0x00340A
0x003A60,0xFDE,POSTINC2,write,,"MOVFF ram_063, POSTINC2",0x00340A
0x003A70,0xFF3,PRODL,read,,"ADDWF PRODL, W, A",0x00340A
0x003A72,0xFD9,FSR2L,write,,"MOVWF FSR2L, A",0x00340A
0x003A76,0xFF4,PRODH,read,,"ADDWFC PRODH, W, A",0x00340A
0x003A78,0xFDA,FSR2H,write,,"MOVWF FSR2H, A",0x00340A
0x003A7A,0xFD8,STATUS,read_write,0,"BCF STATUS, 0, A",0x00340A
0x003A7E,0x44C,ram_44C,read,,"RLCF ram_44C, W, B",0x00340A
0x003A80,0xFE1,FSR1L,write,,"MOVWF FSR1L, A",0x00340A
0x003A82,0x44D,ram_44D,read,,"RLCF ram_44D, W, B",0x00340A
0x003A84,0xFE2,FSR1H,write,,"MOVWF FSR1H, A",0x00340A
0x003A88,0xFE1,FSR1L,read_write,,"ADDWF FSR1L, F, A",0x00340A
0x003A8C,0xFE2,FSR1H,read_write,,"ADDWFC FSR1H, F, A",0x00340A
0x003A8E,0xFDE,POSTINC2,read,,"MOVFF POSTINC2, POSTINC1",0x00340A
0x003A8E,0xFE6,POSTINC1,write,,"MOVFF POSTINC2, POSTINC1",0x00340A
0x003A92,0xFDD,POSTDEC2,read,,"MOVFF POSTDEC2, POSTDEC1",0x00340A
0x003A92,0xFE5,POSTDEC1,write,,"MOVFF POSTDEC2, POSTDEC1",0x00340A
0x003A98,0x0FC,ram_0FC,read,,"MOVF ram_0FC, W, B",0x00340A
0x003A9E,0xFF3,PRODL,read,,"ADDWF PRODL, W, A",0x00340A
0x003AA0,0xFD9,FSR2L,write,,"MOVWF FSR2L, A",0x00340A
0x003AA4,0xFF4,PRODH,read,,"ADDWFC PRODH, W, A",0x00340A
0x003AA6,0xFDA,FSR2H,write,,"MOVWF FSR2H, A",0x00340A
0x003AA8,0x0FC,ram_0FC,read,,"MOVF ram_0FC, W, B",0x00340A
0x003AAC,0xFF3,PRODL,read,,"MOVFF PRODL, ram_0DB",0x00340A
0x003AAC,0x0DB,ram_0DB,write,,"MOVFF PRODL, ram_0DB",0x00340A
0x003AB0,0xFF4,PRODH,read,,"MOVFF PRODH, ram_0DC",0x00340A
0x003AB0,0x0DC,ram_0DC,write,,"MOVFF PRODH, ram_0DC",0x00340A
0x003AB4,0xFD8,STATUS,read_write,0,"BCF STATUS, 0, A",0x00340A
0x003AB6,0x0DB,ram_0DB,read_write,,"RLCF ram_0DB, F, B",0x00340A
0x003AB8,0x0DC,ram_0DC,read_write,,"RLCF ram_0DC, F, B",0x00340A
0x003ABA,0xFD8,STATUS,read_write,0,"BCF STATUS, 0, A",0x00340A
0x003ABC,0x0DB,ram_0DB,read_write,,"RLCF ram_0DB, F, B",0x00340A
0x003ABE,0x0DC,ram_0DC,read_write,,"RLCF ram_0DC, F, B",0x00340A
0x003AC2,0x0DB,ram_0DB,read,,"ADDWF ram_0DB, W, B",0x00340A
0x003AC4,0xFE1,FSR1L,write,,"MOVWF FSR1L, A",0x00340A
0x003AC8,0x0DC,ram_0DC,read,,"ADDWFC ram_0DC, W, B",0x00340A
0x003ACA,0xFE2,FSR1H,write,,"MOVWF FSR1H, A",0x00340A
0x003ACC,0xFDE,POSTINC2,read,,"MOVFF POSTINC2, POSTINC1",0x00340A
0x003ACC,0xFE6,POSTINC1,write,,"MOVFF POSTINC2, POSTINC1",0x00340A
0x003AD0,0xFDE,POSTINC2,read,,"MOVFF POSTINC2, POSTINC1",0x00340A
0x003AD0,0xFE6,POSTINC1,write,,"MOVFF POSTINC2, POSTINC1",0x00340A
0x003AD4,0xFDE,POSTINC2,read,,"MOVFF POSTINC2, POSTINC1",0x00340A
0x003AD4,0xFE6,POSTINC1,write,,"MOVFF POSTINC2, POSTINC1",0x00340A
0x003AD8,0xFDD,POSTDEC2,read,,"MOVFF POSTDEC2, POSTDEC1",0x00340A
0x003AD8,0xFE5,POSTDEC1,write,,"MOVFF POSTDEC2, POSTDEC1",0x00340A
0x003ADC,0xFE5,POSTDEC1,read_write,,"MOVF POSTDEC1, F, A",0x00340A
0x003ADE,0xFE5,POSTDEC1,read_write,,"MOVF POSTDEC1, F, A",0x00340A
0x003AE0,0x0FC,ram_0FC,read,,"MOVF ram_0FC, W, B",0x00340A
0x003AE4,0xFF3,PRODL,read,,"MOVFF PRODL, ram_0DD",0x00340A
0x003AE4,0x0DD,ram_0DD,write,,"MOVFF PRODL, ram_0DD",0x00340A
0x003AE8,0xFF4,PRODH,read,,"MOVFF PRODH, ram_0DE",0x00340A
0x003AE8,0x0DE,ram_0DE,write,,"MOVFF PRODH, ram_0DE",0x00340A
0x003AEC,0xFD8,STATUS,read_write,0,"BCF STATUS, 0, A",0x00340A
0x003AEE,0x0DD,ram_0DD,read_write,,"RLCF ram_0DD, F, B",0x00340A
0x003AF0,0x0DE,ram_0DE,read_write,,"RLCF ram_0DE, F, B",0x00340A
0x003AF2,0xFD8,STATUS,read_write,0,"BCF STATUS, 0, A",0x00340A
0x003AF4,0x0DD,ram_0DD,read_write,,"RLCF ram_0DD, F, B",0x00340A
0x003AF6,0x0DE,ram_0DE,read_write,,"RLCF ram_0DE, F, B",0x00340A
0x003AFA,0x0DD,ram_0DD,read,,"ADDWF ram_0DD, W, B",0x00340A
0x003AFC,0xFD9,FSR2L,write,,"MOVWF FSR2L, A",0x00340A
0x003B00,0x0DE,ram_0DE,read,,"ADDWFC ram_0DE, W, B",0x00340A
0x003B02,0xFDA,FSR2H,write,,"MOVWF FSR2H, A",0x00340A
0x003B04,0xFE6,POSTINC1,read,,"MOVFF POSTINC1, POSTINC2",0x00340A
0x003B04,0xFDE,POSTINC2,write,,"MOVFF POSTINC1, POSTINC2",0x00340A
0x003B08,0xFE6,POSTINC1,read,,"MOVFF POSTINC1, POSTINC2",0x00340A
0x003B08,0xFDE,POSTINC2,write,,"MOVFF POSTINC1, POSTINC2",0x00340A
0x003B0C,0xFE6,POSTINC1,read,,"MOVFF POSTINC1, POSTINC2",0x00340A
0x003B0C,0xFDE,POSTINC2,write,,"MOVFF POSTINC1, POSTINC2",0x00340A
0x003B10,0xFE5,POSTDEC1,read,,"MOVFF POSTDEC1, POSTDEC2",0x00340A
0x003B10,0xFDD,POSTDEC2,write,,"MOVFF POSTDEC1, POSTDEC2",0x00340A
0x003B14,0xFDD,POSTDEC2,read_write,,"MOVF POSTDEC2, F, A",0x00340A
0x003B16,0xFDD,POSTDEC2,read_write,,"MOVF POSTDEC2, F, A",0x00340A
0x003B18,0x0FC,ram_0FC,read,,"MOVF ram_0FC, W, B",0x00340A
0x003B1C,0xFF3,PRODL,read,,"MOVFF PRODL, ram_0DF",0x00340A
0x003B1C,0x0DF,ram_0DF,write,,"MOVFF PRODL, ram_0DF",0x00340A
0x003B20,0xFF4,PRODH,read,,"MOVFF PRODH, ram_0E0",0x00340A
0x003B20,0x0E0,ram_0E0,write,,"MOVFF PRODH, ram_0E0",0x00340A
0x003B24,0xFD8,STATUS,read_write,0,"BCF STATUS, 0, A",0x00340A
0x003B26,0x0DF,ram_0DF,read_write,,"RLCF ram_0DF, F, B",0x00340A
0x003B28,0x0E0,ram_0E0,read_write,,"RLCF ram_0E0, F, B",0x00340A
0x003B2A,0xFD8,STATUS,read_write,0,"BCF STATUS, 0, A",0x00340A
0x003B2C,0x0DF,ram_0DF,read_write,,"RLCF ram_0DF, F, B",0x00340A
0x003B2E,0x0E0,ram_0E0,read_write,,"RLCF ram_0E0, F, B",0x00340A
0x003B32,0x0DF,ram_0DF,read,,"ADDWF ram_0DF, W, B",0x00340A
0x003B34,0xFE1,FSR1L,write,,"MOVWF FSR1L, A",0x00340A
0x003B38,0x0E0,ram_0E0,read,,"ADDWFC ram_0E0, W, B",0x00340A
0x003B3A,0xFE2,FSR1H,write,,"MOVWF FSR1H, A",0x00340A
0x003B3C,0xFDE,POSTINC2,read,,"MOVFF POSTINC2, POSTINC1",0x00340A
0x003B3C,0xFE6,POSTINC1,write,,"MOVFF POSTINC2, POSTINC1",0x00340A
0x003B40,0xFDE,POSTINC2,read,,"MOVFF POSTINC2, POSTINC1",0x00340A
0x003B40,0xFE6,POSTINC1,write,,"MOVFF POSTINC2, POSTINC1",0x00340A
0x003B44,0xFDE,POSTINC2,read,,"MOVFF POSTINC2, POSTINC1",0x00340A
0x003B44,0xFE6,POSTINC1,write,,"MOVFF POSTINC2, POSTINC1",0x00340A
0x003B48,0xFDE,POSTINC2,read,,"MOVFF POSTINC2, POSTINC1",0x00340A
0x003B48,0xFE6,POSTINC1,write,,"MOVFF POSTINC2, POSTINC1",0x00340A
0x003B4E,0x0FC,ram_0FC,read,,"ADDWF ram_0FC, W, B",0x00340A
0x003B50,0xFD9,FSR2L,write,,"MOVWF FSR2L, A",0x00340A
0x003B52,0xFDA,FSR2H,write,,"CLRF FSR2H, A",0x00340A
0x003B56,0xFDA,FSR2H,read_write,,"ADDWFC FSR2H, F, A",0x00340A
0x003B58,0xFDF,INDF2,write,,"CLRF INDF2, A",0x00340A
0x003B5C,0x0FC,ram_0FC,read,,"ADDWF ram_0FC, W, B",0x00340A
0x003B5E,0xFD9,FSR2L,write,,"MOVWF FSR2L, A",0x00340A
0x003B60,0xFDA,FSR2H,write,,"CLRF FSR2H, A",0x00340A
0x003B64,0xFDA,FSR2H,read_write,,"ADDWFC FSR2H, F, A",0x00340A
0x003B68,0xFDF,INDF2,write,,"MOVWF INDF2, A",0x00340A
0x003B6A,0x0FC,ram_0FC,read,,"MOVF ram_0FC, W, B",0x00340A
0x003B70,0xFF3,PRODL,read,,"ADDWF PRODL, W, A",0x00340A
0x003B72,0xFD9,FSR2L,write,,"MOVWF FSR2L, A",0x00340A
0x003B76,0xFF4,PRODH,read,,"ADDWFC PRODH, W, A",0x00340A
0x003B78,0xFDA,FSR2H,write,,"MOVWF FSR2H, A",0x00340A
0x003B7A,0x045,ram_045,read,,"MOVF ram_045, W, A",0x00340A
0x003B7C,0xFDE,POSTINC2,read,,"SUBWF POSTINC2, W, A",0x00340A
0x003B7E,0x046,ram_046,read,,"MOVF ram_046, W, A",0x00340A
0x003B80,0xFDE,POSTINC2,read,,"SUBWFB POSTINC2, W, A",0x00340A
0x003B82,0x047,ram_047,read,,"MOVF ram_047, W, A",0x00340A
0x003B84,0xFDE,POSTINC2,read,,"SUBWFB POSTINC2, W, A",0x00340A
0x003B86,0xFDE,POSTINC2,read,,"MOVF POSTINC2, W, A",0x00340A
0x003B8A,0x0DF,ram_0DF,write,,"MOVWF ram_0DF, B",0x00340A
0x003B8C,0x048,ram_048,read,,"MOVF ram_048, W, A",0x00340A
0x003B90,0x0DF,ram_0DF,read,,"SUBWFB ram_0DF, W, B",0x00340A
0x003B94,0x0FC,ram_0FC,read,,"MOVF ram_0FC, W, B",0x00340A
0x003B9A,0xFF3,PRODL,read,,"ADDWF PRODL, W, A",0x00340A
0x003B9C,0xFD9,FSR2L,write,,"MOVWF FSR2L, A",0x00340A
0x003BA0,0xFF4,PRODH,read,,"ADDWFC PRODH, W, A",0x00340A
0x003BA2,0xFDA,FSR2H,write,,"MOVWF FSR2H, A",0x00340A
0x003BA4,0xFDE,POSTINC2,read,,"MOVFF POSTINC2, ram_0DB",0x00340A
0x003BA4,0x0DB,ram_0DB,write,,"MOVFF POSTINC2, ram_0DB",0x00340A
0x003BA8,0xFDE,POSTINC2,read,,"MOVFF POSTINC2, ram_0DC",0x00340A
0x003BA8,0x0DC,ram_0DC,write,,"MOVFF POSTINC2, ram_0DC",0x00340A
0x003BAC,0xFDE,POSTINC2,read,,"MOVFF POSTINC2, ram_0DD",0x00340A
0x003BAC,0x0DD,ram_0DD,write,,"MOVFF POSTINC2, ram_0DD",0x00340A
0x003BB0,0xFDE,POSTINC2,read,,"MOVFF POSTINC2, ram_0DE",0x00340A
0x003BB0,0x0DE,ram_0DE,write,,"MOVFF POSTINC2, ram_0DE",0x00340A
0x003BB4,0xFD8,STATUS,read_write,0,"BCF STATUS, 0, A",0x00340A
0x003BB6,0x0DB,ram_0DB,read,,"RLCF ram_0DB, W, B",0x00340A
0x003BB8,0x0F6,ram_0F6,write,,"MOVWF ram_0F6, B",0x00340A
0x003BBA,0x0DC,ram_0DC,read,,"RLCF ram_0DC, W, B",0x00340A
0x003BBC,0x0F7,ram_0F7,write,,"MOVWF ram_0F7, B",0x00340A
0x003BBE,0x0DD,ram_0DD,read,,"RLCF ram_0DD, W, B",0x00340A
0x003BC0,0x0F8,ram_0F8,write,,"MOVWF ram_0F8, B",0x00340A
0x003BC2,0x0DE,ram_0DE,read,,"RLCF ram_0DE, W, B",0x00340A
0x003BC6,0xFD8,STATUS,read_write,0,"BCF STATUS, 0, A",0x00340A
0x003BC8,0x045,ram_045,read,,"RLCF ram_045, W, A",0x00340A
0x003BCA,0x0F6,ram_0F6,write,,"MOVWF ram_0F6, B",0x00340A
0x003BCC,0x046,ram_046,read,,"RLCF ram_046, W, A",0x00340A
0x003BCE,0x0F7,ram_0F7,write,,"MOVWF ram_0F7, B",0x00340A
0x003BD0,0x047,ram_047,read,,"RLCF ram_047, W, A",0x00340A
0x003BD2,0x0F8,ram_0F8,write,,"MOVWF ram_0F8, B",0x00340A
0x003BD4,0x048,ram_048,read,,"RLCF ram_048, W, A",0x00340A
0x003BD6,0x0F9,ram_0F9,write,,"MOVWF ram_0F9, B",0x00340A
0x003BD8,0x456,ram_456,read,,"MOVFF ram_456, ram_012",0x00340A
0x003BD8,0x012,ram_012,write,,"MOVFF ram_456, ram_012",0x00340A
0x003BDC,0x457,ram_457,read,,"MOVFF ram_457, ram_013",0x00340A
0x003BDC,0x013,ram_013,write,,"MOVFF ram_457, ram_013",0x00340A
0x003BE0,0x0FC,ram_0FC,read,,"MOVF ram_0FC, W, B",0x00340A
0x003BE6,0xFF3,PRODL,read,,"ADDWF PRODL, W, A",0x00340A
0x003BE8,0xFD9,FSR2L,write,,"MOVWF FSR2L, A",0x00340A
0x003BEC,0xFF4,PRODH,read,,"ADDWFC PRODH, W, A",0x00340A
0x003BEE,0xFDA,FSR2H,write,,"MOVWF FSR2H, A",0x00340A
0x003BF0,0xFDE,POSTINC2,read,,"MOVFF POSTINC2, ram_014",0x00340A
0x003BF0,0x014,ram_014,write,,"MOVFF POSTINC2, ram_014",0x00340A
0x003BF4,0xFDD,POSTDEC2,read,,"MOVFF POSTDEC2, ram_015",0x00340A
0x003BF4,0x015,ram_015,write,,"MOVFF POSTDEC2, ram_015",0x00340A
0x003BFC,0x012,ram_012,read,,"MOVFF ram_012, ram_0F2",0x00340A
0x003BFC,0x0F2,ram_0F2,write,,"MOVFF ram_012, ram_0F2",0x00340A
0x003C00,0x013,ram_013,read,,"MOVFF ram_013, ram_0F3",0x00340A
0x003C00,0x0F3,ram_0F3,write,,"MOVFF ram_013, ram_0F3",0x00340A
0x003C06,0x0F4,ram_0F4,write,,"CLRF ram_0F4, B",0x00340A
0x003C08,0x0F5,ram_0F5,write,,"CLRF ram_0F5, B",0x00340A
0x003C0A,0x0F2,ram_0F2,read,,"MOVFF ram_0F2, ram_020",0x00340A
0x003C0A,0x020,ram_020,write,,"MOVFF ram_0F2, ram_020",0x00340A
0x003C0E,0x0F3,ram_0F3,read,,"MOVFF ram_0F3, ram_021",0x00340A
0x003C0E,0x021,ram_021,write,,"MOVFF ram_0F3, ram_021",0x00340A
0x003C12,0x0F4,ram_0F4,read,,"MOVFF ram_0F4, ram_022",0x00340A
0x003C12,0x022,ram_022,write,,"MOVFF ram_0F4, ram_022",0x00340A
0x003C16,0x0F5,ram_0F5,read,,"MOVFF ram_0F5, ram_023",0x00340A
0x003C16,0x023,ram_023,write,,"MOVFF ram_0F5, ram_023",0x00340A
0x003C1A,0xFD8,STATUS,read_write,0,"BCF STATUS, 0, A",0x00340A
0x003C1C,0x045,ram_045,read,,"RLCF ram_045, W, A",0x00340A
0x003C1E,0x024,ram_024,write,,"MOVWF ram_024, A",0x00340A
0x003C20,0x046,ram_046,read,,"RLCF ram_046, W, A",0x00340A
0x003C22,0x025,ram_025,write,,"MOVWF ram_025, A",0x00340A
0x003C24,0x047,ram_047,read,,"RLCF ram_047, W, A",0x00340A
0x003C26,0x026,ram_026,write,,"MOVWF ram_026, A",0x00340A
0x003C28,0x048,ram_048,read,,"RLCF ram_048, W, A",0x00340A
0x003C2A,0x027,ram_027,write,,"MOVWF ram_027, A",0x00340A
0x003C30,0x020,ram_020,read,,"MOVFF ram_020, ram_0F2",0x00340A
0x003C30,0x0F2,ram_0F2,write,,"MOVFF ram_020, ram_0F2",0x00340A
0x003C34,0x021,ram_021,read,,"MOVFF ram_021, ram_0F3",0x00340A
0x003C34,0x0F3,ram_0F3,write,,"MOVFF ram_021, ram_0F3",0x00340A
0x003C38,0x022,ram_022,read,,"MOVFF ram_022, ram_0F4",0x00340A
0x003C38,0x0F4,ram_0F4,write,,"MOVFF ram_022, ram_0F4",0x00340A
0x003C3C,0x023,ram_023,read,,"MOVFF ram_023, ram_0F5",0x00340A
0x003C3C,0x0F5,ram_0F5,write,,"MOVFF ram_023, ram_0F5",0x00340A
0x003C42,0x0FC,ram_0FC,read,,"MOVF ram_0FC, W, B",0x00340A
0x003C48,0xFF3,PRODL,read,,"ADDWF PRODL, W, A",0x00340A
0x003C4A,0xFD9,FSR2L,write,,"MOVWF FSR2L, A",0x00340A
0x003C4E,0xFF4,PRODH,read,,"ADDWFC PRODH, W, A",0x00340A
0x003C50,0xFDA,FSR2H,write,,"MOVWF FSR2H, A",0x00340A
0x003C52,0xFDE,POSTINC2,read,,"MOVFF POSTINC2, ram_0DB",0x00340A
0x003C52,0x0DB,ram_0DB,write,,"MOVFF POSTINC2, ram_0DB",0x00340A
0x003C56,0xFDE,POSTINC2,read,,"MOVFF POSTINC2, ram_0DC",0x00340A
0x003C56,0x0DC,ram_0DC,write,,"MOVFF POSTINC2, ram_0DC",0x00340A
0x003C5A,0xFDE,POSTINC2,read,,"MOVFF POSTINC2, ram_0DD",0x00340A
0x003C5A,0x0DD,ram_0DD,write,,"MOVFF POSTINC2, ram_0DD",0x00340A
0x003C5E,0xFDE,POSTINC2,read,,"MOVFF POSTINC2, ram_0DE",0x00340A
0x003C5E,0x0DE,ram_0DE,write,,"MOVFF POSTINC2, ram_0DE",0x00340A
0x003C62,0x0DB,ram_0DB,read,,"MOVF ram_0DB, W, B",0x00340A
0x003C64,0x045,ram_045,read,,"SUBWF ram_045, W, A",0x00340A
0x003C66,0x0DF,ram_0DF,write,,"MOVWF ram_0DF, B",0x00340A
0x003C68,0x0DC,ram_0DC,read,,"MOVF ram_0DC, W, B",0x00340A
0x003C6A,0x046,ram_046,read,,"SUBWFB ram_046, W, A",0x00340A
0x003C6C,0x0E0,ram_0E0,write,,"MOVWF ram_0E0, B",0x00340A
0x003C6E,0x0DD,ram_0DD,read,,"MOVF ram_0DD, W, B",0x00340A
0x003C70,0x047,ram_047,read,,"SUBWFB ram_047, W, A",0x00340A
0x003C72,0x0E1,ram_0E1,write,,"MOVWF ram_0E1, B",0x00340A
0x003C74,0x0DE,ram_0DE,read,,"MOVF ram_0DE, W, B",0x00340A
0x003C76,0x048,ram_048,read,,"SUBWFB ram_048, W, A",0x00340A
0x003C78,0x0E2,ram_0E2,write,,"MOVWF ram_0E2, B",0x00340A
0x003C7A,0x0DF,ram_0DF,read,,"MOVF ram_0DF, W, B",0x00340A
0x003C7C,0x0F2,ram_0F2,read_write,,"ADDWF ram_0F2, F, B",0x00340A
0x003C7E,0x0E0,ram_0E0,read,,"MOVF ram_0E0, W, B",0x00340A
0x003C80,0x0F3,ram_0F3,read_write,,"ADDWFC ram_0F3, F, B",0x00340A
0x003C82,0x0E1,ram_0E1,read,,"MOVF ram_0E1, W, B",0x00340A
0x003C84,0x0F4,ram_0F4,read_write,,"ADDWFC ram_0F4, F, B",0x00340A
0x003C86,0x0E2,ram_0E2,read,,"MOVF ram_0E2, W, B",0x00340A
0x003C88,0x0F5,ram_0F5,read_write,,"ADDWFC ram_0F5, F, B",0x00340A
0x003C8C,0x0FC,ram_0FC,read,,"ADDWF ram_0FC, W, B",0x00340A
0x003C8E,0xFD9,FSR2L,write,,"MOVWF FSR2L, A",0x00340A
0x003C90,0xFDA,FSR2H,write,,"CLRF FSR2H, A",0x00340A
0x003C94,0xFDA,FSR2H,read_write,,"ADDWFC FSR2H, F, A",0x00340A
0x003C96,0xFDF,INDF2,read,,"MOVF INDF2, W, A",0x00340A
0x003C9A,0x045,ram_045,read,,"MOVF ram_045, W, A",0x00340A
0x003C9C,0x0F2,ram_0F2,read_write,,"ADDWF ram_0F2, F, B",0x00340A
0x003C9E,0x046,ram_046,read,,"MOVF ram_046, W, A",0x00340A
0x003CA0,0x0F3,ram_0F3,read_write,,"ADDWFC ram_0F3, F, B",0x00340A
0x003CA2,0x047,ram_047,read,,"MOVF ram_047, W, A",0x00340A
0x003CA4,0x0F4,ram_0F4,read_write,,"ADDWFC ram_0F4, F, B",0x00340A
0x003CA6,0x048,ram_048,read,,"MOVF ram_048, W, A",0x00340A
0x003CA8,0x0F5,ram_0F5,read_write,,"ADDWFC ram_0F5, F, B",0x00340A
0x003CAA,0x0FC,ram_0FC,read,,"MOVF ram_0FC, W, B",0x00340A
0x003CAE,0xFF3,PRODL,read,,"MOVFF PRODL, ram_0DB",0x00340A
0x003CAE,0x0DB,ram_0DB,write,,"MOVFF PRODL, ram_0DB",0x00340A
0x003CB2,0xFF4,PRODH,read,,"MOVFF PRODH, ram_0DC",0x00340A
0x003CB2,0x0DC,ram_0DC,write,,"MOVFF PRODH, ram_0DC",0x00340A
0x003CB6,0xFD8,STATUS,read_write,0,"BCF STATUS, 0, A",0x00340A
0x003CB8,0x0DB,ram_0DB,read_write,,"RLCF ram_0DB, F, B",0x00340A
0x003CBA,0x0DC,ram_0DC,read_write,,"RLCF ram_0DC, F, B",0x00340A
0x003CBC,0xFD8,STATUS,read_write,0,"BCF STATUS, 0, A",0x00340A
0x003CBE,0x0DB,ram_0DB,read_write,,"RLCF ram_0DB, F, B",0x00340A
0x003CC0,0x0DC,ram_0DC,read_write,,"RLCF ram_0DC, F, B",0x00340A
0x003CC4,0x0DB,ram_0DB,read,,"ADDWF ram_0DB, W, B",0x00340A
0x003CC6,0xFD9,FSR2L,write,,"MOVWF FSR2L, A",0x00340A
0x003CCA,0x0DC,ram_0DC,read,,"ADDWFC ram_0DC, W, B",0x00340A
0x003CCC,0xFDA,FSR2H,write,,"MOVWF FSR2H, A",0x00340A
0x003CCE,0x045,ram_045,read,,"MOVF ram_045, W, A",0x00340A
0x003CD0,0xFDE,POSTINC2,read,,"SUBWF POSTINC2, W, A",0x00340A
0x003CD2,0x046,ram_046,read,,"MOVF ram_046, W, A",0x00340A
0x003CD4,0xFDE,POSTINC2,read,,"SUBWFB POSTINC2, W, A",0x00340A
0x003CD6,0x047,ram_047,read,,"MOVF ram_047, W, A",0x00340A
0x003CD8,0xFDE,POSTINC2,read,,"SUBWFB POSTINC2, W, A",0x00340A
0x003CDA,0xFDE,POSTINC2,read,,"MOVF POSTINC2, W, A",0x00340A
0x003CDE,0x0E1,ram_0E1,write,,"MOVWF ram_0E1, B",0x00340A
0x003CE0,0x048,ram_048,read,,"MOVF ram_048, W, A",0x00340A
0x003CE4,0x0E1,ram_0E1,read,,"SUBWFB ram_0E1, W, B",0x00340A
0x003CE8,0x0FC,ram_0FC,read,,"MOVF ram_0FC, W, B",0x00340A
0x003CEC,0xFF3,PRODL,read,,"MOVFF PRODL, ram_0DB",0x00340A
0x003CEC,0x0DB,ram_0DB,write,,"MOVFF PRODL, ram_0DB",0x00340A
0x003CF0,0xFF4,PRODH,read,,"MOVFF PRODH, ram_0DC",0x00340A
0x003CF0,0x0DC,ram_0DC,write,,"MOVFF PRODH, ram_0DC",0x00340A
0x003CF4,0xFD8,STATUS,read_write,0,"BCF STATUS, 0, A",0x00340A
0x003CF6,0x0DB,ram_0DB,read_write,,"RLCF ram_0DB, F, B",0x00340A
0x003CF8,0x0DC,ram_0DC,read_write,,"RLCF ram_0DC, F, B",0x00340A
0x003CFA,0xFD8,STATUS,read_write,0,"BCF STATUS, 0, A",0x00340A
0x003CFC,0x0DB,ram_0DB,read_write,,"RLCF ram_0DB, F, B",0x00340A
0x003CFE,0x0DC,ram_0DC,read_write,,"RLCF ram_0DC, F, B",0x00340A
0x003D02,0x0DB,ram_0DB,read,,"ADDWF ram_0DB, W, B",0x00340A
0x003D04,0xFD9,FSR2L,write,,"MOVWF FSR2L, A",0x00340A
0x003D08,0x0DC,ram_0DC,read,,"ADDWFC ram_0DC, W, B",0x00340A
0x003D0A,0xFDA,FSR2H,write,,"MOVWF FSR2H, A",0x00340A
0x003D0C,0xFDE,POSTINC2,read,,"MOVFF POSTINC2, ram_0EB",0x00340A
0x003D0C,0x0EB,ram_0EB,write,,"MOVFF POSTINC2, ram_0EB",0x00340A
0x003D10,0xFDE,POSTINC2,read,,"MOVFF POSTINC2, ram_0EC",0x00340A
0x003D10,0x0EC,ram_0EC,write,,"MOVFF POSTINC2, ram_0EC",0x00340A
0x003D14,0xFDE,POSTINC2,read,,"MOVFF POSTINC2, ram_0ED",0x00340A
0x003D14,0x0ED,ram_0ED,write,,"MOVFF POSTINC2, ram_0ED",0x00340A
0x003D18,0xFDE,POSTINC2,read,,"MOVFF POSTINC2, ram_0EE",0x00340A
0x003D18,0x0EE,ram_0EE,write,,"MOVFF POSTINC2, ram_0EE",0x00340A
0x003D1E,0x045,ram_045,read,,"MOVFF ram_045, ram_0EB",0x00340A
0x003D1E,0x0EB,ram_0EB,write,,"MOVFF ram_045, ram_0EB",0x00340A
0x003D22,0x046,ram_046,read,,"MOVFF ram_046, ram_0EC",0x00340A
0x003D22,0x0EC,ram_0EC,write,,"MOVFF ram_046, ram_0EC",0x00340A
0x003D26,0x047,ram_047,read,,"MOVFF ram_047, ram_0ED",0x00340A
0x003D26,0x0ED,ram_0ED,write,,"MOVFF ram_047, ram_0ED",0x00340A
0x003D2A,0x048,ram_048,read,,"MOVFF ram_048, ram_0EE",0x00340A
0x003D2A,0x0EE,ram_0EE,write,,"MOVFF ram_048, ram_0EE",0x00340A
0x003D2E,0xFD8,STATUS,read_write,0,"BCF STATUS, 0, A",0x00340A
0x003D30,0x0EB,ram_0EB,read_write,,"RLCF ram_0EB, F, B",0x00340A
0x003D32,0x0EC,ram_0EC,read_write,,"RLCF ram_0EC, F, B",0x00340A
0x003D34,0x0ED,ram_0ED,read_write,,"RLCF ram_0ED, F, B",0x00340A
0x003D36,0x0EE,ram_0EE,read_write,,"RLCF ram_0EE, F, B",0x00340A
0x003D38,0x0F2,ram_0F2,read,,"MOVFF ram_0F2, ram_012",0x00340A
0x003D38,0x012,ram_012,write,,"MOVFF ram_0F2, ram_012",0x00340A
0x003D3C,0x0F3,ram_0F3,read,,"MOVFF ram_0F3, ram_013",0x00340A
0x003D3C,0x013,ram_013,write,,"MOVFF ram_0F3, ram_013",0x00340A
0x003D40,0x0F4,ram_0F4,read,,"MOVFF ram_0F4, ram_014",0x00340A
0x003D40,0x014,ram_014,write,,"MOVFF ram_0F4, ram_014",0x00340A
0x003D44,0x0F5,ram_0F5,read,,"MOVFF ram_0F5, ram_015",0x00340A
0x003D44,0x015,ram_015,write,,"MOVFF ram_0F5, ram_015",0x00340A
0x003D48,0x0F6,ram_0F6,read,,"MOVFF ram_0F6, ram_016",0x00340A
0x003D48,0x016,ram_016,write,,"MOVFF ram_0F6, ram_016",0x00340A
0x003D4C,0x0F7,ram_0F7,read,,"MOVFF ram_0F7, ram_017",0x00340A
0x003D4C,0x017,ram_017,write,,"MOVFF ram_0F7, ram_017",0x00340A
0x003D50,0x0F8,ram_0F8,read,,"MOVFF ram_0F8, ram_018",0x00340A
0x003D50,0x018,ram_018,write,,"MOVFF ram_0F8, ram_018",0x00340A
0x003D54,0x0F9,ram_0F9,read,,"MOVFF ram_0F9, ram_019",0x00340A
0x003D54,0x019,ram_019,write,,"MOVFF ram_0F9, ram_019",0x00340A
0x003D5E,0x0FC,ram_0FC,read,,"MOVF ram_0FC, W, B",0x00340A
0x003D64,0xFF3,PRODL,read,,"ADDWF PRODL, W, A",0x00340A
0x003D66,0xFD9,FSR2L,write,,"MOVWF FSR2L, A",0x00340A
0x003D6A,0xFF4,PRODH,read,,"ADDWFC PRODH, W, A",0x00340A
0x003D6C,0xFDA,FSR2H,write,,"MOVWF FSR2H, A",0x00340A
0x003D6E,0x012,ram_012,read,,"MOVFF ram_012, POSTINC2",0x00340A
0x003D6E,0xFDE,POSTINC2,write,,"MOVFF ram_012, POSTINC2",0x00340A
0x003D72,0x013,ram_013,read,,"MOVFF ram_013, POSTINC2",0x00340A
0x003D72,0xFDE,POSTINC2,write,,"MOVFF ram_013, POSTINC2",0x00340A
0x003D76,0x014,ram_014,read,,"MOVFF ram_014, POSTINC2",0x00340A
0x003D76,0xFDE,POSTINC2,write,,"MOVFF ram_014, POSTINC2",0x00340A
0x003D7A,0x015,ram_015,read,,"MOVFF ram_015, POSTINC2",0x00340A
0x003D7A,0xFDE,POSTINC2,write,,"MOVFF ram_015, POSTINC2",0x00340A
0x003D80,0x0FC,ram_0FC,read,,"ADDWF ram_0FC, W, B",0x00340A
0x003D82,0xFD9,FSR2L,write,,"MOVWF FSR2L, A",0x00340A
0x003D84,0xFDA,FSR2H,write,,"CLRF FSR2H, A",0x00340A
0x003D88,0xFDA,FSR2H,read_write,,"ADDWFC FSR2H, F, A",0x00340A
0x003D8A,0x0EB,ram_0EB,read,,"MOVFF ram_0EB, ram_020",0x00340A
0x003D8A,0x020,ram_020,write,,"MOVFF ram_0EB, ram_020",0x00340A
0x003D8E,0x0EC,ram_0EC,read,,"MOVFF ram_0EC, ram_021",0x00340A
0x003D8E,0x021,ram_021,write,,"MOVFF ram_0EC, ram_021",0x00340A
0x003D92,0x0ED,ram_0ED,read,,"MOVFF ram_0ED, ram_022",0x00340A
0x003D92,0x022,ram_022,write,,"MOVFF ram_0ED, ram_022",0x00340A
0x003D96,0x0EE,ram_0EE,read,,"MOVFF ram_0EE, ram_023",0x00340A
0x003D96,0x023,ram_023,write,,"MOVFF ram_0EE, ram_023",0x00340A
0x003D9A,0x0FC,ram_0FC,read,,"MOVF ram_0FC, W, B",0x00340A
0x003DA0,0xFF3,PRODL,read,,"ADDWF PRODL, W, A",0x00340A
0x003DA2,0xFE1,FSR1L,write,,"MOVWF FSR1L, A",0x00340A
0x003DA6,0xFF4,PRODH,read,,"ADDWFC PRODH, W, A",0x00340A
0x003DA8,0xFE2,FSR1H,write,,"MOVWF FSR1H, A",0x00340A
0x003DAA,0xFE6,POSTINC1,read,,"MOVFF POSTINC1, ram_024",0x00340A
0x003DAA,0x024,ram_024,write,,"MOVFF POSTINC1, ram_024",0x00340A
0x003DAE,0xFE6,POSTINC1,read,,"MOVFF POSTINC1, ram_025",0x00340A
0x003DAE,0x025,ram_025,write,,"MOVFF POSTINC1, ram_025",0x00340A
0x003DB2,0xFE6,POSTINC1,read,,"MOVFF POSTINC1, ram_026",0x00340A
0x003DB2,0x026,ram_026,write,,"MOVFF POSTINC1, ram_026",0x00340A
0x003DB6,0xFE6,POSTINC1,read,,"MOVFF POSTINC1, ram_027",0x00340A
0x003DB6,0x027,ram_027,write,,"MOVFF POSTINC1, ram_027",0x00340A
0x003DBA,0x029,ram_029,write,,"CLRF ram_029, A",0x00340A
0x003DBE,0x028,ram_028,write,,"MOVWF ram_028, A",0x00340A
0x003DC4,0x020,ram_020,read,,"MOVF ram_020, W, A",0x00340A
0x003DC6,0xFDF,INDF2,write,,"MOVWF INDF2, A",0x00340A
0x003DD2,0xFD9,FSR2L,write,,"MOVWF FSR2L, A",0x00340A
0x003DD4,0xFDA,FSR2H,write,,"CLRF FSR2H, A",0x00340A
0x003DD8,0xFDA,FSR2H,read_write,,"ADDWFC FSR2H, F, A",0x00340A
0x003DDA,0xFDF,INDF2,read,,"MOVF INDF2, W, A",0x00340A
0x003DE0,0xFD8,STATUS,read_write,0,"BCF STATUS, 0, A",0x00340A
0x003DE4,0x44C,ram_44C,read,,"RLCF ram_44C, W, B",0x00340A
0x003DE6,0xFD9,FSR2L,write,,"MOVWF FSR2L, A",0x00340A
0x003DE8,0x44D,ram_44D,read,,"RLCF ram_44D, W, B",0x00340A
0x003DEA,0xFDA,FSR2H,write,,"MOVWF FSR2H, A",0x00340A
0x003DEE,0xFD9,FSR2L,read_write,,"ADDWF FSR2L, F, A",0x00340A
0x003DF2,0xFDA,FSR2H,read_write,,"ADDWFC FSR2H, F, A",0x00340A
0x003DF4,0x0DB,ram_0DB,read,,"MOVFF ram_0DB, POSTINC2",0x00340A
0x003DF4,0xFDE,POSTINC2,write,,"MOVFF ram_0DB, POSTINC2",0x00340A
0x003DF8,0x0DC,ram_0DC,read,,"MOVFF ram_0DC, POSTDEC2",0x00340A
0x003DF8,0xFDD,POSTDEC2,write,,"MOVFF ram_0DC, POSTDEC2",0x00340A
0x003DFC,0x44C,ram_44C,read_write,,"INFSNZ ram_44C, F, B",0x00340A
0x003DFE,0x44D,ram_44D,read_write,,"INCF ram_44D, F, B",0x00340A
0x003E02,0x44D,ram_44D,read,,"MOVF ram_44D, W, B",0x00340A
0x003E08,0x44C,ram_44C,read,,"SUBWF ram_44C, W, B",0x00340A
0x003E0C,0x44C,ram_44C,write,,"CLRF ram_44C, B",0x00340A
0x003E0E,0x44D,ram_44D,write,,"CLRF ram_44D, B",0x00340A
0x003E16,0x03E,ram_03E,read,,"MOVF ram_03E, W, A",0x00340A
0x003E1C,0x012,ram_012,write,,"CLRF ram_012, A",0x00340A
0x003E2A,0x0FA,ram_0FA,write,,"CLRF ram_0FA, B",0x00340A
0x003E2C,0x0FB,ram_0FB,write,,"CLRF ram_0FB, B",0x00340A
0x003E30,0x0FA,ram_0FA,read,,"XORWF ram_0FA, W, B",0x00340A
0x003E32,0x0FB,ram_0FB,read,,"IORWF ram_0FB, W, B",0x00340A
0x003E36,0x0FA,ram_0FA,read,,"MOVFF ram_0FA, ram_012",0x00340A
0x003E36,0x012,ram_012,write,,"MOVFF ram_0FA, ram_012",0x00340A
0x003E46,0x0FC,ram_0FC,read,,"MOVF ram_0FC, W, B",0x00340A
0x003E4C,0xFF3,PRODL,read,,"ADDWF PRODL, W, A",0x00340A
0x003E4E,0xFD9,FSR2L,write,,"MOVWF FSR2L, A",0x00340A
0x003E52,0xFF4,PRODH,read,,"ADDWFC PRODH, W, A",0x00340A
0x003E54,0xFDA,FSR2H,write,,"MOVWF FSR2H, A",0x00340A
0x003E58,0x0FA,ram_0FA,read,,"MULWF ram_0FA, B",0x00340A
0x003E5A,0xFF3,PRODL,read,,"MOVFF PRODL, ram_0DB",0x00340A
0x003E5A,0x0DB,ram_0DB,write,,"MOVFF PRODL, ram_0DB",0x00340A
0x003E5E,0xFF4,PRODH,read,,"MOVFF PRODH, ram_0DC",0x00340A
0x003E5E,0x0DC,ram_0DC,write,,"MOVFF PRODH, ram_0DC",0x00340A
0x003E62,0x0FB,ram_0FB,read,,"MULWF ram_0FB, B",0x00340A
0x003E64,0xFF3,PRODL,read,,"MOVF PRODL, W, A",0x00340A
0x003E66,0x0DC,ram_0DC,read_write,,"ADDWF ram_0DC, F, B",0x00340A
0x003E6A,0x0DD,ram_0DD,write,,"MOVWF ram_0DD, B",0x00340A
0x003E6E,0x0DE,ram_0DE,write,,"MOVWF ram_0DE, B",0x00340A
0x003E70,0x0DB,ram_0DB,read,,"MOVF ram_0DB, W, B",0x00340A
0x003E72,0x0DD,ram_0DD,read_write,,"ADDWF ram_0DD, F, B",0x00340A
0x003E74,0x0DC,ram_0DC,read,,"MOVF ram_0DC, W, B",0x00340A
0x003E76,0x0DE,ram_0DE,read_write,,"ADDWFC ram_0DE, F, B",0x00340A
0x003E78,0x0FC,ram_0FC,read,,"MOVF ram_0FC, W, B",0x00340A
0x003E7A,0x0DD,ram_0DD,read,,"ADDWF ram_0DD, W, B",0x00340A
0x003E7C,0xFE1,FSR1L,write,,"MOVWF FSR1L, A",0x00340A
0x003E80,0x0DE,ram_0DE,read,,"ADDWFC ram_0DE, W, B",0x00340A
0x003E82,0xFE2,FSR1H,write,,"MOVWF FSR1H, A",0x00340A
0x003E84,0xFDF,INDF2,read,,"MOVFF INDF2, INDF1",0x00340A
0x003E84,0xFE7,INDF1,write,,"MOVFF INDF2, INDF1",0x00340A
0x003E8A,0x0FC,ram_0FC,read,,"ADDWF ram_0FC, W, B",0x00340A
0x003E8C,0xFD9,FSR2L,write,,"MOVWF FSR2L, A",0x00340A
0x003E8E,0xFDA,FSR2H,write,,"CLRF FSR2H, A",0x00340A
0x003E92,0xFDA,FSR2H,read_write,,"ADDWFC FSR2H, F, A",0x00340A
0x003E96,0x0FA,ram_0FA,read,,"MULWF ram_0FA, B",0x00340A
0x003E98,0xFF3,PRODL,read,,"MOVFF PRODL, ram_0DB",0x00340A
0x003E98,0x0DB,ram_0DB,write,,"MOVFF PRODL, ram_0DB",0x00340A
0x003E9C,0xFF4,PRODH,read,,"MOVFF PRODH, ram_0DC",0x00340A
0x003E9C,0x0DC,ram_0DC,write,,"MOVFF PRODH, ram_0DC",0x00340A
0x003EA0,0x0FB,ram_0FB,read,,"MULWF ram_0FB, B",0x00340A
0x003EA2,0xFF3,PRODL,read,,"MOVF PRODL, W, A",0x00340A
0x003EA4,0x0DC,ram_0DC,read_write,,"ADDWF ram_0DC, F, B",0x00340A
0x003EA8,0x0DD,ram_0DD,write,,"MOVWF ram_0DD, B",0x00340A
0x003EAC,0x0DE,ram_0DE,write,,"MOVWF ram_0DE, B",0x00340A
0x003EAE,0x0DB,ram_0DB,read,,"MOVF ram_0DB, W, B",0x00340A
0x003EB0,0x0DD,ram_0DD,read_write,,"ADDWF ram_0DD, F, B",0x00340A
0x003EB2,0x0DC,ram_0DC,read,,"MOVF ram_0DC, W, B",0x00340A
0x003EB4,0x0DE,ram_0DE,read_write,,"ADDWFC ram_0DE, F, B",0x00340A
0x003EB6,0x0FC,ram_0FC,read,,"MOVF ram_0FC, W, B",0x00340A
0x003EB8,0x0DD,ram_0DD,read,,"ADDWF ram_0DD, W, B",0x00340A
0x003EBA,0xFE1,FSR1L,write,,"MOVWF FSR1L, A",0x00340A
0x003EBE,0x0DE,ram_0DE,read,,"ADDWFC ram_0DE, W, B",0x00340A
0x003EC0,0xFE2,FSR1H,write,,"MOVWF FSR1H, A",0x00340A
0x003EC2,0xFDF,INDF2,read,,"MOVFF INDF2, INDF1",0x00340A
0x003EC2,0xFE7,INDF1,write,,"MOVFF INDF2, INDF1",0x00340A
0x003EC6,0x0FA,ram_0FA,read,,"MOVF ram_0FA, W, B",0x00340A
0x003ECE,0x0FA,ram_0FA,read_write,,"INFSNZ ram_0FA, F, B",0x00340A
0x003ED0,0x0FB,ram_0FB,read_write,,"INCF ram_0FB, F, B",0x00340A
0x003ED6,0x0FC,ram_0FC,read,,"MOVF ram_0FC, W, B",0x00340A
0x003EDC,0xFF3,PRODL,read,,"ADDWF PRODL, W, A",0x00340A
0x003EDE,0xFD9,FSR2L,write,,"MOVWF FSR2L, A",0x00340A
0x003EE2,0xFF4,PRODH,read,,"ADDWFC PRODH, W, A",0x00340A
0x003EE4,0xFDA,FSR2H,write,,"MOVWF FSR2H, A",0x00340A
0x003EE6,0xFDE,POSTINC2,write,,"CLRF POSTINC2, A",0x00340A
0x003EE8,0xFDE,POSTINC2,write,,"CLRF POSTINC2, A",0x00340A
0x003EEA,0xFDE,POSTINC2,write,,"CLRF POSTINC2, A",0x00340A
0x003EEC,0xFDD,POSTDEC2,write,,"CLRF POSTDEC2, A",0x00340A
0x003EF0,0x0FC,ram_0FC,read,,"ADDWF ram_0FC, W, B",0x00340A
0x003EF2,0xFD9,FSR2L,write,,"MOVWF FSR2L, A",0x00340A
0x003EF4,0xFDA,FSR2H,write,,"CLRF FSR2H, A",0x00340A
0x003EF8,0xFDA,FSR2H,read_write,,"ADDWFC FSR2H, F, A",0x00340A
0x003EFA,0xFDF,INDF2,write,,"CLRF INDF2, A",0x00340A
0x003EFC,0x0FC,ram_0FC,read,,"MOVF ram_0FC, W, B",0x00340A
0x003F02,0xFF3,PRODL,read,,"ADDWF PRODL, W, A",0x00340A
0x003F04,0xFD9,FSR2L,write,,"MOVWF FSR2L, A",0x00340A
0x003F08,0xFF4,PRODH,read,,"ADDWFC PRODH, W, A",0x00340A
0x003F0A,0xFDA,FSR2H,write,,"MOVWF FSR2H, A",0x00340A
0x003F0C,0xFDE,POSTINC2,write,,"CLRF POSTINC2, A",0x00340A
0x003F0E,0xFDE,POSTINC2,write,,"CLRF POSTINC2, A",0x00340A
0x003F10,0xFDE,POSTINC2,write,,"CLRF POSTINC2, A",0x00340A
0x003F12,0xFDD,POSTDEC2,write,,"CLRF POSTDEC2, A",0x00340A
0x003F16,0x0FC,ram_0FC,read,,"ADDWF ram_0FC, W, B",0x00340A
0x003F18,0xFD9,FSR2L,write,,"MOVWF FSR2L, A",0x00340A
0x003F1A,0xFDA,FSR2H,write,,"CLRF FSR2H, A",0x00340A
0x003F1E,0xFDA,FSR2H,read_write,,"ADDWFC FSR2H, F, A",0x00340A
0x003F20,0xFDF,INDF2,write,,"CLRF INDF2, A",0x00340A
0x003F24,0x0FC,ram_0FC,read_write,,"INCF ram_0FC, F, B",0x00340A
0x003F28,0x0FC,ram_0FC,read,,"XORWF ram_0FC, W, B",0x00340A
0x003F38,0xF80,PORTA,read,5,"BTFSC PORTA, 5, A",0x003F32
0x003F3E,0x487,ram_487,read,,"MOVFF ram_487, ram_06C",0x003F32
0x003F3E,0x06C,ram_06C,write,,"MOVFF ram_487, ram_06C",0x003F32
0x003F56,0x5A8,ram_5A8,read,,"MOVF ram_5A8, W, B",0x003F32
0x003F5C,0x040,ram_040,read,,"CPFSLT ram_040, A",0x003F32
0x003F64,0x45B,ram_45B,write,,"MOVWF ram_45B, B",0x003F32
0x003F68,0x040,ram_040,read,,"CPFSGT ram_040, A",0x003F32
0x003F70,0x068,ram_068,write,,"MOVWF ram_068, B",0x003F32
0x003F72,0x06C,ram_06C,read,,"MOVFF ram_06C, ram_5A8",0x003F32
0x003F72,0x5A8,ram_5A8,write,,"MOVFF ram_06C, ram_5A8",0x003F32
0x003F78,0x460,ram_460,read,,"MOVF ram_460, W, B",0x003F32
0x003F7C,0x03E,ram_03E,read,,"MOVF ram_03E, W, A",0x003F32
0x003F80,0x5AC,ram_5AC,read,,"XORWF ram_5AC, W, B",0x003F32
0x003F86,0x45A,ram_45A,read,,"MOVF ram_45A, W, B",0x003F32
0x003F8C,0x45A,ram_45A,write,,"MOVWF ram_45A, B",0x003F32
0x003F8E,0x460,ram_460,write,,"CLRF ram_460, B",0x003F32
0x003F92,0x4F1,ram_4F1,read,6,"BTFSC ram_4F1, 6, B",0x003F32
0x003F98,0x5AD,ram_5AD,read,,"MOVF ram_5AD, W, B",0x003F32
0x003F9E,0x45A,ram_45A,read,,"MOVF ram_45A, W, B",0x003F32
0x003FA4,0xFD8,STATUS,read_write,0,"BCF STATUS, 0, A",0x003F32
0x003FA6,0x071,ram_071,read,,"RRCF ram_071, W, B",0x003F32
0x003FAA,0x45A,ram_45A,write,,"MOVWF ram_45A, B",0x003F32
0x003FAE,0x5AD,ram_5AD,write,,"CLRF ram_5AD, B",0x003F32
0x003FB2,0x069,ram_069,read,,"MOVF ram_069, W, B",0x003F32
0x003FB8,0x5A9,ram_5A9,read,,"MOVF ram_5A9, W, B",0x003F32
0x003FBE,0x45A,ram_45A,write,,"CLRF ram_45A, B",0x003F32
0x003FC0,0x069,ram_069,read,,"MOVFF ram_069, ram_5A9",0x003F32
0x003FC0,0x5A9,ram_5A9,write,,"MOVFF ram_069, ram_5A9",0x003F32
0x003FC4,0x03E,ram_03E,read,,"MOVFF ram_03E, ram_5AC",0x003F32
0x003FC4,0x5AC,ram_5AC,write,,"MOVFF ram_03E, ram_5AC",0x003F32
0x003FCA,0x45A,ram_45A,read,,"MOVF ram_45A, W, B",0x003F32
0x003FCE,0x45A,ram_45A,read_write,,"INCF ram_45A, F, B",0x003F32
0x003FD2,0x071,ram_071,read,,"MOVF ram_071, W, B",0x003F32
0x003FD6,0x45A,ram_45A,read,,"SUBWF ram_45A, W, B",0x003F32
0x003FDA,0x45A,ram_45A,write,,"CLRF ram_45A, B",0x003F32
0x003FDC,0x458,ram_458,read_write,,"INCF ram_458, F, B",0x003F32
0x003FE0,0x458,ram_458,read,,"CPFSGT ram_458, B",0x003F32
0x003FE4,0x458,ram_458,write,,"CLRF ram_458, B",0x003F32
0x003FF0,0xFDB,PLUSW2,read,,"MOVFF PLUSW2, PLUSW1",0x003F32
0x003FF0,0xFE3,PLUSW1,write,,"MOVFF PLUSW2, PLUSW1",0x003F32
0x003FF4,0xFE8,WREG,read_write,,"DECF WREG, F, A",0x003F32
0x003FFA,0x072,ram_072,write,,"CLRF ram_072, B",0x003F32
0x004000,0x072,ram_072,read,,"MOVF ram_072, W, B",0x003F32
0x004004,0xFD9,FSR2L,write,,"MOVWF FSR2L, A",0x003F32
0x004006,0xFDA,FSR2H,write,,"CLRF FSR2H, A",0x003F32
0x004008,0xFDF,INDF2,write,,"CLRF INDF2, A",0x003F32
0x00400A,0x072,ram_072,read_write,,"INCF ram_072, F, B",0x003F32
0x00400C,0x072,ram_072,read,,"MOVF ram_072, W, B",0x003F32
0x004010,0x458,ram_458,read,,"SUBWF ram_458, W, B",0x003F32
0x004016,0x5F9,ram_5F9,read,,"MOVF ram_5F9, W, B",0x003F32
0x00401E,0x459,ram_459,read_write,,"XORWF ram_459, F, B",0x003F32
0x004024,0x5F9,ram_5F9,write,,"MOVWF ram_5F9, B",0x003F32
0x004026,0x5F9,ram_5F9,read_write,,"DECF ram_5F9, F, B",0x003F32
0x00402C,0x45C,ram_45C,read_write,,"XORWF ram_45C, F, B",0x003F32
0x00402E,0x491,ram_491,read,,"MOVF ram_491, W, B",0x003F32
0x004034,0x48C,ram_48C,read,,"MOVF ram_48C, W, B",0x003F32
0x00403C,0x48C,ram_48C,write,,"MOVWF ram_48C, B",0x003F32
0x004042,0x072,ram_072,write,,"CLRF ram_072, B",0x003F32
0x004046,0x072,ram_072,read,,"XORWF ram_072, W, B",0x003F32
0x00404E,0x072,ram_072,read,,"ADDWF ram_072, W, B",0x003F32
0x004050,0xFD9,FSR2L,write,,"MOVWF FSR2L, A",0x003F32
0x004052,0xFDA,FSR2H,write,,"CLRF FSR2H, A",0x003F32
0x004056,0xFDA,FSR2H,read_write,,"ADDWFC FSR2H, F, A",0x003F32
0x004058,0xFDF,INDF2,read,,"MOVF INDF2, W, A",0x003F32
0x00405A,0x020,ram_020,write,,"MOVWF ram_020, A",0x003F32
0x00405C,0x072,ram_072,read,,"MOVF ram_072, W, B",0x003F32
0x004060,0xFF3,PRODL,read,,"MOVF PRODL, W, A",0x003F32
0x004064,0xFD9,FSR2L,write,,"MOVWF FSR2L, A",0x003F32
0x004066,0xFDA,FSR2H,write,,"CLRF FSR2H, A",0x003F32
0x004068,0xFDE,POSTINC2,read,,"MOVFF POSTINC2, ram_021",0x003F32
0x004068,0x021,ram_021,write,,"MOVFF POSTINC2, ram_021",0x003F32
0x00406C,0xFDD,POSTDEC2,read,,"MOVFF POSTDEC2, ram_022",0x003F32
0x00406C,0x022,ram_022,write,,"MOVFF POSTDEC2, ram_022",0x003F32
0x004070,0x021,ram_021,read,,"MOVFF ram_021, FSR2L",0x003F32
0x004070,0xFD9,FSR2L,write,,"MOVFF ram_021, FSR2L",0x003F32
0x004074,0x022,ram_022,read,,"MOVFF ram_022, FSR2H",0x003F32
0x004074,0xFDA,FSR2H,write,,"MOVFF ram_022, FSR2H",0x003F32
0x004078,0xFDF,INDF2,read,,"MOVF INDF2, W, A",0x003F32
0x00407A,0x020,ram_020,read,,"ANDWF ram_020, W, A",0x003F32
0x004080,0x489,ram_489,read,,"MOVF ram_489, W, B",0x003F32
0x004084,0x490,ram_490,read,,"MOVF ram_490, W, B",0x003F32
0x00408C,0x072,ram_072,read,,"MOVF ram_072, W, B",0x003F32
0x004090,0xFF3,PRODL,read,,"MOVFF PRODL, ram_020",0x003F32
0x004090,0x020,ram_020,write,,"MOVFF PRODL, ram_020",0x003F32
0x004094,0xFF4,PRODH,read,,"MOVFF PRODH, ram_021",0x003F32
0x004094,0x021,ram_021,write,,"MOVFF PRODH, ram_021",0x003F32
0x004098,0xFD8,STATUS,read_write,0,"BCF STATUS, 0, A",0x003F32
0x00409A,0x020,ram_020,read_write,,"RLCF ram_020, F, A",0x003F32
0x00409C,0x021,ram_021,read_write,,"RLCF ram_021, F, A",0x003F32
0x00409E,0xFD8,STATUS,read_write,0,"BCF STATUS, 0, A",0x003F32
0x0040A0,0x020,ram_020,read_write,,"RLCF ram_020, F, A",0x003F32
0x0040A2,0x021,ram_021,read_write,,"RLCF ram_021, F, A",0x003F32
0x0040A6,0x020,ram_020,read,,"ADDWF ram_020, W, A",0x003F32
0x0040A8,0xFD9,FSR2L,write,,"MOVWF FSR2L, A",0x003F32
0x0040AC,0x021,ram_021,read,,"ADDWFC ram_021, W, A",0x003F32
0x0040AE,0xFDA,FSR2H,write,,"MOVWF FSR2H, A",0x003F32
0x0040B0,0x072,ram_072,read,,"MOVF ram_072, W, B",0x003F32
0x0040B4,0xFF3,PRODL,read,,"MOVFF PRODL, ram_026",0x003F32
0x0040B4,0x026,ram_026,write,,"MOVFF PRODL, ram_026",0x003F32
0x0040B8,0xFF4,PRODH,read,,"MOVFF PRODH, ram_027",0x003F32
0x0040B8,0x027,ram_027,write,,"MOVFF PRODH, ram_027",0x003F32
0x0040BC,0xFD8,STATUS,read_write,0,"BCF STATUS, 0, A",0x003F32
0x0040BE,0x026,ram_026,read_write,,"RLCF ram_026, F, A",0x003F32
0x0040C0,0x027,ram_027,read_write,,"RLCF ram_027, F, A",0x003F32
0x0040C2,0xFD8,STATUS,read_write,0,"BCF STATUS, 0, A",0x003F32
0x0040C4,0x026,ram_026,read_write,,"RLCF ram_026, F, A",0x003F32
0x0040C6,0x027,ram_027,read_write,,"RLCF ram_027, F, A",0x003F32
0x0040CA,0x026,ram_026,read,,"ADDWF ram_026, W, A",0x003F32
0x0040CC,0xFE1,FSR1L,write,,"MOVWF FSR1L, A",0x003F32
0x0040D0,0x027,ram_027,read,,"ADDWFC ram_027, W, A",0x003F32
0x0040D2,0xFE2,FSR1H,write,,"MOVWF FSR1H, A",0x003F32
0x0040D4,0xFE6,POSTINC1,read,,"MOVFF POSTINC1, ram_012",0x003F32
0x0040D4,0x012,ram_012,write,,"MOVFF POSTINC1, ram_012",0x003F32
0x0040D8,0xFE6,POSTINC1,read,,"MOVFF POSTINC1, ram_013",0x003F32
0x0040D8,0x013,ram_013,write,,"MOVFF POSTINC1, ram_013",0x003F32
0x0040DC,0xFE6,POSTINC1,read,,"MOVFF POSTINC1, ram_014",0x003F32
0x0040DC,0x014,ram_014,write,,"MOVFF POSTINC1, ram_014",0x003F32
0x0040E0,0xFE6,POSTINC1,read,,"MOVFF POSTINC1, ram_015",0x003F32
0x0040E0,0x015,ram_015,write,,"MOVFF POSTINC1, ram_015",0x003F32
0x0040E6,0x016,ram_016,write,,"MOVWF ram_016, A",0x003F32
0x0040E8,0x017,ram_017,write,,"CLRF ram_017, A",0x003F32
0x0040EA,0x018,ram_018,write,,"CLRF ram_018, A",0x003F32
0x0040EC,0x019,ram_019,write,,"CLRF ram_019, A",0x003F32
0x0040F2,0xFDE,POSTINC2,read,,"MOVF POSTINC2, W, A",0x003F32
0x0040F4,0x012,ram_012,read,,"SUBWF ram_012, W, A",0x003F32
0x0040F6,0xFDE,POSTINC2,read,,"MOVF POSTINC2, W, A",0x003F32
0x0040F8,0x013,ram_013,read,,"SUBWFB ram_013, W, A",0x003F32
0x0040FA,0xFDE,POSTINC2,read,,"MOVF POSTINC2, W, A",0x003F32
0x0040FC,0x014,ram_014,read,,"SUBWFB ram_014, W, A",0x003F32
0x0040FE,0x015,ram_015,read,,"MOVF ram_015, W, A",0x003F32
0x004102,0x028,ram_028,write,,"MOVWF ram_028, A",0x003F32
0x004104,0xFDE,POSTINC2,read,,"MOVF POSTINC2, W, A",0x003F32
0x004108,0x028,ram_028,read,,"SUBWFB ram_028, W, A",0x003F32
0x004110,0x072,ram_072,read,,"ADDWF ram_072, W, B",0x003F32
0x004112,0xFD9,FSR2L,write,,"MOVWF FSR2L, A",0x003F32
0x004114,0xFDA,FSR2H,write,,"CLRF FSR2H, A",0x003F32
0x004118,0xFDA,FSR2H,read_write,,"ADDWFC FSR2H, F, A",0x003F32
0x00411A,0xFDF,INDF2,read,,"MOVF INDF2, W, A",0x003F32
0x004120,0x072,ram_072,read,,"ADDWF ram_072, W, B",0x003F32
0x004122,0xFD9,FSR2L,write,,"MOVWF FSR2L, A",0x003F32
0x004124,0xFDA,FSR2H,write,,"CLRF FSR2H, A",0x003F32
0x004128,0xFDA,FSR2H,read_write,,"ADDWFC FSR2H, F, A",0x003F32
0x00412A,0xFDF,INDF2,read,,"MOVF INDF2, W, A",0x003F32
0x00412E,0x45C,ram_45C,read,,"MOVFF ram_45C, ram_020",0x003F32
0x00412E,0x020,ram_020,write,,"MOVFF ram_45C, ram_020",0x003F32
0x004134,0x020,ram_020,read_write,,"ADDWF ram_020, F, A",0x003F32
0x004136,0x020,ram_020,read,,"MOVF ram_020, W, A",0x003F32
0x00413A,0xFD9,FSR2L,write,,"MOVWF FSR2L, A",0x003F32
0x00413C,0xFDA,FSR2H,write,,"CLRF FSR2H, A",0x003F32
0x00413E,0xFDF,INDF2,read,,"MOVF INDF2, W, A",0x003F32
0x004144,0x021,ram_021,write,,"MOVWF ram_021, A",0x003F32
0x004148,0x022,ram_022,write,,"MOVWF ram_022, A",0x003F32
0x00414A,0xFF3,PRODL,read,,"MOVF PRODL, W, A",0x003F32
0x00414C,0x021,ram_021,read_write,,"ADDWF ram_021, F, A",0x003F32
0x00414E,0xFF4,PRODH,read,,"MOVF PRODH, W, A",0x003F32
0x004150,0x022,ram_022,read_write,,"ADDWFC ram_022, F, A",0x003F32
0x004152,0x072,ram_072,read,,"MOVF ram_072, W, B",0x003F32
0x004156,0xFF3,PRODL,read,,"MOVF PRODL, W, A",0x003F32
0x004158,0x021,ram_021,read_write,,"ADDWF ram_021, F, A",0x003F32
0x00415A,0xFF4,PRODH,read,,"MOVF PRODH, W, A",0x003F32
0x00415C,0x022,ram_022,read_write,,"ADDWFC ram_022, F, A",0x003F32
0x00415E,0x021,ram_021,read,,"MOVFF ram_021, TBLPTRL",0x003F32
0x00415E,0xFF6,TBLPTRL,write,,"MOVFF ram_021, TBLPTRL",0x003F32
0x004162,0x022,ram_022,read,,"MOVFF ram_022, TBLPTRH",0x003F32
0x004162,0xFF7,TBLPTRH,write,,"MOVFF ram_022, TBLPTRH",0x003F32
0x004168,0xFF5,TABLAT,read,,"MOVFF TABLAT, ram_023",0x003F32
0x004168,0x023,ram_023,write,,"MOVFF TABLAT, ram_023",0x003F32
0x00416E,0xFF5,TABLAT,read,,"MOVFF TABLAT, ram_024",0x003F32
0x00416E,0x024,ram_024,write,,"MOVFF TABLAT, ram_024",0x003F32
0x004172,0x023,ram_023,read,,"MOVF ram_023, W, A",0x003F32
0x004174,0x06F,ram_06F,read_write,,"IORWF ram_06F, F, B",0x003F32
0x004176,0x024,ram_024,read,,"MOVF ram_024, W, A",0x003F32
0x00417A,0x061,ram_061,read,,"MOVF ram_061, W, B",0x003F32
0x004180,0x072,ram_072,read,,"ADDWF ram_072, W, B",0x003F32
0x004182,0xFD9,FSR2L,write,,"MOVWF FSR2L, A",0x003F32
0x004184,0xFDA,FSR2H,write,,"CLRF FSR2H, A",0x003F32
0x004188,0xFDA,FSR2H,read_write,,"ADDWFC FSR2H, F, A",0x003F32
0x00418A,0xFDF,INDF2,read,,"MOVF INDF2, W, A",0x003F32
0x004190,0x020,ram_020,write,,"MOVWF ram_020, A",0x003F32
0x004194,0x021,ram_021,write,,"MOVWF ram_021, A",0x003F32
0x004196,0xFF3,PRODL,read,,"MOVF PRODL, W, A",0x003F32
0x004198,0x020,ram_020,read_write,,"ADDWF ram_020, F, A",0x003F32
0x00419A,0xFF4,PRODH,read,,"MOVF PRODH, W, A",0x003F32
0x00419C,0x021,ram_021,read_write,,"ADDWFC ram_021, F, A",0x003F32
0x00419E,0x072,ram_072,read,,"MOVF ram_072, W, B",0x003F32
0x0041A2,0xFF3,PRODL,read,,"MOVF PRODL, W, A",0x003F32
0x0041A4,0x020,ram_020,read_write,,"ADDWF ram_020, F, A",0x003F32
0x0041A6,0xFF4,PRODH,read,,"MOVF PRODH, W, A",0x003F32
0x0041A8,0x021,ram_021,read_write,,"ADDWFC ram_021, F, A",0x003F32
0x0041AA,0x020,ram_020,read,,"MOVFF ram_020, TBLPTRL",0x003F32
0x0041AA,0xFF6,TBLPTRL,write,,"MOVFF ram_020, TBLPTRL",0x003F32
0x0041AE,0x021,ram_021,read,,"MOVFF ram_021, TBLPTRH",0x003F32
0x0041AE,0xFF7,TBLPTRH,write,,"MOVFF ram_021, TBLPTRH",0x003F32
0x0041B4,0xFF5,TABLAT,read,,"MOVFF TABLAT, ram_022",0x003F32
0x0041B4,0x022,ram_022,write,,"MOVFF TABLAT, ram_022",0x003F32
0x0041BA,0xFF5,TABLAT,read,,"MOVFF TABLAT, ram_023",0x003F32
0x0041BA,0x023,ram_023,write,,"MOVFF TABLAT, ram_023",0x003F32
0x0041BE,0x022,ram_022,read,,"MOVF ram_022, W, A",0x003F32
0x0041C0,0x06F,ram_06F,read_write,,"IORWF ram_06F, F, B",0x003F32
0x0041C2,0x023,ram_023,read,,"MOVF ram_023, W, A",0x003F32
0x0041C4,0x070,ram_070,read_write,,"IORWF ram_070, F, B",0x003F32
0x0041C8,0x072,ram_072,read_write,,"INCF ram_072, F, B",0x003F32
0x0041CE,0x593,ram_593,write,,"CLRF ram_593, B",0x003F32
0x0041D0,0x594,ram_594,write,,"CLRF ram_594, B",0x003F32
0x0041D4,0x48D,ram_48D,write,,"CLRF ram_48D, B",0x003F32
0x0041D8,0x48D,ram_48D,read,,"MOVF ram_48D, W, B",0x003F32
0x0041DC,0x459,ram_459,read,,"MOVF ram_459, W, B",0x003F32
0x0041E2,0xFF6,TBLPTRL,write,,"MOVWF TBLPTRL, A",0x003F32
0x0041E6,0xFF7,TBLPTRH,write,,"MOVWF TBLPTRH, A",0x003F32
0x0041EA,0xFF5,TABLAT,read,,"MOVFF TABLAT, ram_020",0x003F32
0x0041EA,0x020,ram_020,write,,"MOVFF TABLAT, ram_020",0x003F32
0x0041F0,0xFF5,TABLAT,read,,"MOVFF TABLAT, ram_021",0x003F32
0x0041F0,0x021,ram_021,write,,"MOVFF TABLAT, ram_021",0x003F32
0x0041F4,0x45C,ram_45C,read,,"MOVF ram_45C, W, B",0x003F32
0x0041FA,0xFF3,PRODL,read_write,,"ADDWF PRODL, F, A",0x003F32
0x0041FE,0xFF4,PRODH,read_write,,"ADDWFC PRODH, F, A",0x003F32
0x004202,0xFF3,PRODL,read,,"ADDWF PRODL, W, A",0x003F32
0x004204,0xFF6,TBLPTRL,write,,"MOVWF TBLPTRL, A",0x003F32
0x004208,0xFF4,PRODH,read,,"ADDWFC PRODH, W, A",0x003F32
0x00420A,0xFF7,TBLPTRH,write,,"MOVWF TBLPTRH, A",0x003F32
0x00420E,0xFF5,TABLAT,read,,"MOVFF TABLAT, ram_022",0x003F32
0x00420E,0x022,ram_022,write,,"MOVFF TABLAT, ram_022",0x003F32
0x004214,0xFF5,TABLAT,read,,"MOVFF TABLAT, ram_023",0x003F32
0x004214,0x023,ram_023,write,,"MOVFF TABLAT, ram_023",0x003F32
0x00421A,0xFF6,TBLPTRL,write,,"MOVWF TBLPTRL, A",0x003F32
0x00421E,0xFF7,TBLPTRH,write,,"MOVWF TBLPTRH, A",0x003F32
0x004222,0xFF5,TABLAT,read,,"MOVFF TABLAT, ram_024",0x003F32
0x004222,0x024,ram_024,write,,"MOVFF TABLAT, ram_024",0x003F32
0x004228,0xFF5,TABLAT,read,,"MOVFF TABLAT, ram_025",0x003F32
0x004228,0x025,ram_025,write,,"MOVFF TABLAT, ram_025",0x003F32
0x00422C,0x022,ram_022,read,,"MOVF ram_022, W, A",0x003F32
0x00422E,0x024,ram_024,read_write,,"IORWF ram_024, F, A",0x003F32
0x004230,0x023,ram_023,read,,"MOVF ram_023, W, A",0x003F32
0x004232,0x025,ram_025,read_write,,"IORWF ram_025, F, A",0x003F32
0x004234,0x020,ram_020,read,,"MOVF ram_020, W, A",0x003F32
0x004236,0x024,ram_024,read_write,,"IORWF ram_024, F, A",0x003F32
0x004238,0x021,ram_021,read,,"MOVF ram_021, W, A",0x003F32
0x00423A,0x025,ram_025,read_write,,"IORWF ram_025, F, A",0x003F32
0x00423C,0x024,ram_024,read,,"MOVF ram_024, W, A",0x003F32
0x004240,0x06F,ram_06F,read_write,,"IORWF ram_06F, F, B",0x003F32
0x004242,0x025,ram_025,read,,"MOVF ram_025, W, A",0x003F32
0x004244,0x070,ram_070,read_write,,"IORWF ram_070, F, B",0x003F32
0x004248,0x459,ram_459,read,,"MOVF ram_459, W, B",0x003F32
0x00424E,0xFF6,TBLPTRL,write,,"MOVWF TBLPTRL, A",0x003F32
0x004252,0xFF7,TBLPTRH,write,,"MOVWF TBLPTRH, A",0x003F32
0x004256,0xFF5,TABLAT,read,,"MOVFF TABLAT, ram_020",0x003F32
0x004256,0x020,ram_020,write,,"MOVFF TABLAT, ram_020",0x003F32
0x00425C,0xFF5,TABLAT,read,,"MOVFF TABLAT, ram_021",0x003F32
0x00425C,0x021,ram_021,write,,"MOVFF TABLAT, ram_021",0x003F32
0x004260,0x020,ram_020,read,,"MOVF ram_020, W, A",0x003F32
0x004264,0x06F,ram_06F,read_write,,"IORWF ram_06F, F, B",0x003F32
0x004266,0x021,ram_021,read,,"MOVF ram_021, W, A",0x003F32
0x004268,0x070,ram_070,read_write,,"IORWF ram_070, F, B",0x003F32
0x00426C,0x48D,ram_48D,read,,"MOVF ram_48D, W, B",0x003F32
0x004274,0x593,ram_593,read_write,,"INFSNZ ram_593, F, B",0x003F32
0x004276,0x594,ram_594,read_write,,"INCF ram_594, F, B",0x003F32
0x00427A,0x593,ram_593,read,,"SUBWF ram_593, W, B",0x003F32
0x00427E,0x594,ram_594,read,,"SUBWFB ram_594, W, B",0x003F32
0x004284,0xFD8,STATUS,read_write,0,"BCF STATUS, 0, A",0x003F32
0x004286,0x4F3,ram_4F3,read,,"RRCF ram_4F3, W, B",0x003F32
0x004288,0x020,ram_020,write,,"MOVWF ram_020, A",0x003F32
0x00428A,0x021,ram_021,write,,"CLRF ram_021, A",0x003F32
0x00428C,0xFD8,STATUS,read_write,0,"BCF STATUS, 0, A",0x003F32
0x00428E,0x020,ram_020,read_write,,"RLCF ram_020, F, A",0x003F32
0x004290,0x021,ram_021,read_write,,"RLCF ram_021, F, A",0x003F32
0x004294,0x020,ram_020,read_write,,"ADDWF ram_020, F, A",0x003F32
0x004298,0x021,ram_021,read_write,,"ADDWFC ram_021, F, A",0x003F32
0x00429C,0x020,ram_020,read,,"ADDWF ram_020, W, A",0x003F32
0x00429E,0xFF6,TBLPTRL,write,,"MOVWF TBLPTRL, A",0x003F32
0x0042A2,0x021,ram_021,read,,"ADDWFC ram_021, W, A",0x003F32
0x0042A4,0xFF7,TBLPTRH,write,,"MOVWF TBLPTRH, A",0x003F32
0x0042A8,0xFF5,TABLAT,read,,"MOVFF TABLAT, ram_022",0x003F32
0x0042A8,0x022,ram_022,write,,"MOVFF TABLAT, ram_022",0x003F32
0x0042AE,0xFF5,TABLAT,read,,"MOVFF TABLAT, ram_023",0x003F32
0x0042AE,0x023,ram_023,write,,"MOVFF TABLAT, ram_023",0x003F32
0x0042B2,0x022,ram_022,read,,"MOVF ram_022, W, A",0x003F32
0x0042B6,0x06F,ram_06F,read_write,,"IORWF ram_06F, F, B",0x003F32
0x0042B8,0x023,ram_023,read,,"MOVF ram_023, W, A",0x003F32
0x0042BA,0x070,ram_070,read_write,,"IORWF ram_070, F, B",0x003F32
0x0042BC,0x072,ram_072,write,,"CLRF ram_072, B",0x003F32
0x0042C0,0x072,ram_072,read,,"XORWF ram_072, W, B",0x003F32
0x0042C4,0x072,ram_072,read,,"MOVFF ram_072, ram_020",0x003F32
0x0042C4,0x020,ram_020,write,,"MOVFF ram_072, ram_020",0x003F32
0x0042CA,0x021,ram_021,write,,"MOVWF ram_021, A",0x003F32
0x0042CC,0x020,ram_020,read_write,,"INCF ram_020, F, A",0x003F32
0x0042D0,0xFD8,STATUS,read_write,0,"BCF STATUS, 0, A",0x003F32
0x0042D2,0x021,ram_021,read_write,,"RLCF ram_021, F, A",0x003F32
0x0042D4,0x020,ram_020,read_write,,"DECFSZ ram_020, F, A",0x003F32
0x0042D8,0x021,ram_021,read,,"MOVF ram_021, W, A",0x003F32
0x0042DA,0x040,ram_040,read,,"ANDWF ram_040, W, A",0x003F32
0x0042E0,0x012,ram_012,write,,"MOVWF ram_012, A",0x003F32
0x0042E4,0x072,ram_072,read,,"MOVF ram_072, W, B",0x003F32
0x0042EC,0x06A,ram_06A,write,,"MOVWF ram_06A, B",0x003F32
0x0042F0,0x012,ram_012,write,,"MOVWF ram_012, A",0x003F32
0x0042F2,0x072,ram_072,read,,"MOVF ram_072, W, B",0x003F32
0x0042FC,0x06B,ram_06B,write,,"MOVWF ram_06B, B",0x003F32
0x004300,0x06A,ram_06A,read,,"CPFSLT ram_06A, B",0x003F32
0x004304,0x06A,ram_06A,read,,"MOVF ram_06A, W, B",0x003F32
0x00430A,0x020,ram_020,write,,"MOVWF ram_020, A",0x003F32
0x00430E,0x021,ram_021,write,,"MOVWF ram_021, A",0x003F32
0x004310,0xFF3,PRODL,read,,"MOVF PRODL, W, A",0x003F32
0x004312,0x020,ram_020,read_write,,"ADDWF ram_020, F, A",0x003F32
0x004314,0xFF4,PRODH,read,,"MOVF PRODH, W, A",0x003F32
0x004316,0x021,ram_021,read_write,,"ADDWFC ram_021, F, A",0x003F32
0x00431C,0x45C,ram_45C,read,,"MOVF ram_45C, W, B",0x003F32
0x004322,0x020,ram_020,write,,"MOVWF ram_020, A",0x003F32
0x004326,0x021,ram_021,write,,"MOVWF ram_021, A",0x003F32
0x004328,0xFF3,PRODL,read,,"MOVF PRODL, W, A",0x003F32
0x00432A,0x020,ram_020,read_write,,"ADDWF ram_020, F, A",0x003F32
0x00432C,0xFF4,PRODH,read,,"MOVF PRODH, W, A",0x003F32
0x00432E,0x021,ram_021,read_write,,"ADDWFC ram_021, F, A",0x003F32
0x004332,0x06B,ram_06B,read,,"MOVF ram_06B, W, B",0x003F32
0x004336,0xFF3,PRODL,read,,"MOVF PRODL, W, A",0x003F32
0x004338,0x020,ram_020,read_write,,"ADDWF ram_020, F, A",0x003F32
0x00433A,0xFF4,PRODH,read,,"MOVF PRODH, W, A",0x003F32
0x00433C,0x021,ram_021,read_write,,"ADDWFC ram_021, F, A",0x003F32
0x00433E,0x020,ram_020,read,,"MOVFF ram_020, TBLPTRL",0x003F32
0x00433E,0xFF6,TBLPTRL,write,,"MOVFF ram_020, TBLPTRL",0x003F32
0x004342,0x021,ram_021,read,,"MOVFF ram_021, TBLPTRH",0x003F32
0x004342,0xFF7,TBLPTRH,write,,"MOVFF ram_021, TBLPTRH",0x003F32
0x004348,0xFF5,TABLAT,read,,"MOVFF TABLAT, ram_022",0x003F32
0x004348,0x022,ram_022,write,,"MOVFF TABLAT, ram_022",0x003F32
0x00434E,0xFF5,TABLAT,read,,"MOVFF TABLAT, ram_023",0x003F32
0x00434E,0x023,ram_023,write,,"MOVFF TABLAT, ram_023",0x003F32
0x004352,0x022,ram_022,read,,"MOVF ram_022, W, A",0x003F32
0x004354,0x06F,ram_06F,read_write,,"IORWF ram_06F, F, B",0x003F32
0x004356,0x023,ram_023,read,,"MOVF ram_023, W, A",0x003F32
0x004358,0x070,ram_070,read_write,,"IORWF ram_070, F, B",0x003F32
0x00435C,0x072,ram_072,read_write,,"INCF ram_072, F, B",0x003F32
0x004364,0x450,ram_450,read,,"XORWF ram_450, W, B",0x003F32
0x00436A,0x451,ram_451,read,,"XORWF ram_451, W, B",0x003F32
0x004370,0xFF6,TBLPTRL,write,,"MOVWF TBLPTRL, A",0x003F32
0x004374,0xFF7,TBLPTRH,write,,"MOVWF TBLPTRH, A",0x003F32
0x00437C,0x072,ram_072,write,,"MOVWF ram_072, B",0x003F32
0x004380,0x072,ram_072,read,,"XORWF ram_072, W, B",0x003F32
0x004384,0x072,ram_072,read,,"MOVFF ram_072, ram_020",0x003F32
0x004384,0x020,ram_020,write,,"MOVFF ram_072, ram_020",0x003F32
0x00438A,0x021,ram_021,write,,"MOVWF ram_021, A",0x003F32
0x00438C,0x020,ram_020,read_write,,"INCF ram_020, F, A",0x003F32
0x004390,0xFD8,STATUS,read_write,0,"BCF STATUS, 0, A",0x003F32
0x004392,0x021,ram_021,read_write,,"RLCF ram_021, F, A",0x003F32
0x004394,0x020,ram_020,read_write,,"DECFSZ ram_020, F, A",0x003F32
0x004398,0x021,ram_021,read,,"MOVF ram_021, W, A",0x003F32
0x00439C,0x4F1,ram_4F1,read,,"ANDWF ram_4F1, W, B",0x003F32
0x0043A2,0x072,ram_072,read,,"MOVF ram_072, W, B",0x003F32
0x0043A8,0xFF3,PRODL,read_write,,"ADDWF PRODL, F, A",0x003F32
0x0043AC,0xFF4,PRODH,read_write,,"ADDWFC PRODH, F, A",0x003F32
0x0043B0,0xFF3,PRODL,read,,"ADDWF PRODL, W, A",0x003F32
0x0043B2,0xFF6,TBLPTRL,write,,"MOVWF TBLPTRL, A",0x003F32
0x0043B6,0xFF4,PRODH,read,,"ADDWFC PRODH, W, A",0x003F32
0x0043B8,0xFF7,TBLPTRH,write,,"MOVWF TBLPTRH, A",0x003F32
0x0043BC,0xFF5,TABLAT,read,,"MOVFF TABLAT, ram_020",0x003F32
0x0043BC,0x020,ram_020,write,,"MOVFF TABLAT, ram_020",0x003F32
0x0043C2,0xFF5,TABLAT,read,,"MOVFF TABLAT, ram_021",0x003F32
0x0043C2,0x021,ram_021,write,,"MOVFF TABLAT, ram_021",0x003F32
0x0043C6,0x020,ram_020,read,,"MOVF ram_020, W, A",0x003F32
0x0043C8,0x06F,ram_06F,read_write,,"IORWF ram_06F, F, B",0x003F32
0x0043CA,0x021,ram_021,read,,"MOVF ram_021, W, A",0x003F32
0x0043CC,0x070,ram_070,read_write,,"IORWF ram_070, F, B",0x003F32
0x0043D0,0x072,ram_072,read_write,,"INCF ram_072, F, B",0x003F32
0x0043D6,0x4F1,ram_4F1,read,,"MOVF ram_4F1, W, B",0x003F32
0x0043DE,0x45C,ram_45C,read,,"MOVF ram_45C, W, B",0x003F32
0x0043E4,0xFF3,PRODL,read,,"ADDWF PRODL, W, A",0x003F32
0x0043E6,0xFF6,TBLPTRL,write,,"MOVWF TBLPTRL, A",0x003F32
0x0043EA,0xFF4,PRODH,read,,"ADDWFC PRODH, W, A",0x003F32
0x0043EC,0xFF7,TBLPTRH,write,,"MOVWF TBLPTRH, A",0x003F32
0x0043F0,0x4F1,ram_4F1,read,6,"BTFSS ram_4F1, 6, B",0x003F32
0x0043F6,0xFF6,TBLPTRL,write,,"MOVWF TBLPTRL, A",0x003F32
0x0043FA,0xFF7,TBLPTRH,write,,"MOVWF TBLPTRH, A",0x003F32
0x004400,0xFF5,TABLAT,read,,"MOVFF TABLAT, ram_020",0x003F32
0x004400,0x020,ram_020,write,,"MOVFF TABLAT, ram_020",0x003F32
0x004406,0xFF5,TABLAT,read,,"MOVFF TABLAT, ram_021",0x003F32
0x004406,0x021,ram_021,write,,"MOVFF TABLAT, ram_021",0x003F32
0x00440A,0x020,ram_020,read,,"MOVF ram_020, W, A",0x003F32
0x00440E,0x06F,ram_06F,read_write,,"IORWF ram_06F, F, B",0x003F32
0x004410,0x021,ram_021,read,,"MOVF ram_021, W, A",0x003F32
0x004412,0x070,ram_070,read_write,,"IORWF ram_070, F, B",0x003F32
0x004416,0x4F1,ram_4F1,read,0,"BTFSS ram_4F1, 0, B",0x003F32
0x00441C,0xFF6,TBLPTRL,write,,"MOVWF TBLPTRL, A",0x003F32
0x004424,0x48C,ram_48C,read,,"MOVF ram_48C, W, B",0x003F32
0x004426,0x020,ram_020,write,,"MOVWF ram_020, A",0x003F32
0x004428,0x021,ram_021,write,,"CLRF ram_021, A",0x003F32
0x00442A,0x021,ram_021,read,,"MOVF ram_021, W, A",0x003F32
0x004430,0x020,ram_020,read,,"MOVF ram_020, W, A",0x003F32
0x00444A,0x491,ram_491,read,,"MOVF ram_491, W, B",0x003F32
0x00444E,0x48C,ram_48C,read,,"DECF ram_48C, W, B",0x003F32
0x004452,0x48C,ram_48C,write,,"CLRF ram_48C, B",0x003F32
0x004454,0x47E,ram_47E,read,,"MOVF ram_47E, W, B",0x003F32
0x004458,0x493,ram_493,read,,"MOVF ram_493, W, B",0x003F32
0x00445E,0xFF6,TBLPTRL,write,,"MOVWF TBLPTRL, A",0x003F32
0x004462,0xFF7,TBLPTRH,write,,"MOVWF TBLPTRH, A",0x003F32
0x004468,0xFF6,TBLPTRL,write,,"MOVWF TBLPTRL, A",0x003F32
0x00446C,0xFF7,TBLPTRH,write,,"MOVWF TBLPTRH, A",0x003F32
0x004470,0xFF5,TABLAT,read,,"MOVFF TABLAT, ram_020",0x003F32
0x004470,0x020,ram_020,write,,"MOVFF TABLAT, ram_020",0x003F32
0x004476,0xFF5,TABLAT,read,,"MOVFF TABLAT, ram_021",0x003F32
0x004476,0x021,ram_021,write,,"MOVFF TABLAT, ram_021",0x003F32
0x00447A,0x020,ram_020,read,,"MOVF ram_020, W, A",0x003F32
0x00447E,0x06F,ram_06F,read_write,,"IORWF ram_06F, F, B",0x003F32
0x004480,0x021,ram_021,read,,"MOVF ram_021, W, A",0x003F32
0x004482,0x070,ram_070,read_write,,"IORWF ram_070, F, B",0x003F32
0x004486,0x489,ram_489,read,,"MOVF ram_489, W, B",0x003F32
0x00448A,0x48E,ram_48E,read,,"MOVF ram_48E, W, B",0x003F32
0x004490,0x48C,ram_48C,read,,"CPFSGT ram_48C, B",0x003F32
0x004494,0x459,ram_459,read,,"MOVF ram_459, W, B",0x003F32
0x00449A,0xFF6,TBLPTRL,write,,"MOVWF TBLPTRL, A",0x003F32
0x00449E,0xFF7,TBLPTRH,write,,"MOVWF TBLPTRH, A",0x003F32
0x0044A2,0xFF5,TABLAT,read,,"MOVFF TABLAT, ram_020",0x003F32
0x0044A2,0x020,ram_020,write,,"MOVFF TABLAT, ram_020",0x003F32
0x0044A8,0xFF5,TABLAT,read,,"MOVFF TABLAT, ram_021",0x003F32
0x0044A8,0x021,ram_021,write,,"MOVFF TABLAT, ram_021",0x003F32
0x0044AC,0x020,ram_020,read,,"MOVF ram_020, W, A",0x003F32
0x0044B0,0x06F,ram_06F,read_write,,"IORWF ram_06F, F, B",0x003F32
0x0044B2,0x021,ram_021,read,,"MOVF ram_021, W, A",0x003F32
0x0044B4,0x070,ram_070,read_write,,"IORWF ram_070, F, B",0x003F32
0x0044B8,0x490,ram_490,read,,"MOVF ram_490, W, B",0x003F32
0x0044BC,0x48E,ram_48E,read,,"MOVF ram_48E, W, B",0x003F32
0x0044C0,0x48C,ram_48C,read,,"MOVF ram_48C, W, B",0x003F32
0x0044C6,0x48C,ram_48C,read,,"XORWF ram_48C, W, B",0x003F32
0x0044CA,0x459,ram_459,read,,"MOVF ram_459, W, B",0x003F32
0x0044D0,0xFF6,TBLPTRL,write,,"MOVWF TBLPTRL, A",0x003F32
0x0044D4,0xFF7,TBLPTRH,write,,"MOVWF TBLPTRH, A",0x003F32
0x0044D8,0xFF5,TABLAT,read,,"MOVFF TABLAT, ram_020",0x003F32
0x0044D8,0x020,ram_020,write,,"MOVFF TABLAT, ram_020",0x003F32
0x0044DE,0xFF5,TABLAT,read,,"MOVFF TABLAT, ram_021",0x003F32
0x0044DE,0x021,ram_021,write,,"MOVFF TABLAT, ram_021",0x003F32
0x0044E2,0x020,ram_020,read,,"MOVF ram_020, W, A",0x003F32
0x0044E6,0x06F,ram_06F,read_write,,"IORWF ram_06F, F, B",0x003F32
0x0044E8,0x021,ram_021,read,,"MOVF ram_021, W, A",0x003F32
0x0044EA,0x070,ram_070,read_write,,"IORWF ram_070, F, B",0x003F32
0x0044EE,0x45A,ram_45A,read,,"MOVF ram_45A, W, B",0x003F32
0x0044F4,0xF8C,LATD,read_write,1,"BSF LATD, 1, A",0x003F32
0x0044F6,0xF8B,LATC,read_write,3,"BCF LATC, 3, A",0x003F32
0x0044FC,0x061,ram_061,read,0,"BTFSS ram_061, 0, B",0x003F32
0x004500,0xF8C,LATD,read_write,1,"BSF LATD, 1, A",0x003F32
0x004504,0xF8C,LATD,read_write,1,"BCF LATD, 1, A",0x003F32
0x004506,0xF8B,LATC,read_write,3,"BSF LATC, 3, A",0x003F32
0x00450A,0x060,ram_060,read,0,"BTFSS ram_060, 0, B",0x003F32
0x004510,0x45C,ram_45C,read,0,"BTFSC ram_45C, 0, B",0x003F32
0x004514,0xF8C,LATD,read_write,1,"BCF LATD, 1, A",0x003F32
0x004518,0xF8C,LATD,read_write,1,"BSF LATD, 1, A",0x003F32
0x00451A,0xF8B,LATC,read_write,3,"BSF LATC, 3, A",0x003F32
0x00451C,0x45C,ram_45C,read,0,"BTFSC ram_45C, 0, B",0x003F32
0x004520,0xF8C,LATD,read_write,0,"BCF LATD, 0, A",0x003F32
0x004524,0x495,ram_495,read,,"MOVF ram_495, W, B",0x003F32
0x004526,0x020,ram_020,write,,"MOVWF ram_020, A",0x003F32
0x004528,0x021,ram_021,write,,"CLRF ram_021, A",0x003F32
0x00452A,0x021,ram_021,read,,"MOVF ram_021, W, A",0x003F32
0x00452E,0x020,ram_020,read,,"MOVF ram_020, W, A",0x003F32
0x004540,0xF8C,LATD,read_write,1,"BSF LATD, 1, A",0x003F32
0x004542,0xF8B,LATC,read_write,3,"BSF LATC, 3, A",0x003F32
0x004544,0xF8C,LATD,read_write,0,"BSF LATD, 0, A",0x003F32
0x004548,0x488,ram_488,read,,"MOVF ram_488, W, B",0x003F32
0x00454C,0x5AB,ram_5AB,read,,"XORWF ram_5AB, W, B",0x003F32
0x004552,0x494,ram_494,read,,"MOVF ram_494, W, B",0x003F32
0x004556,0x5AA,ram_5AA,read,,"XORWF ram_5AA, W, B",0x003F32
0x00455C,0x48B,ram_48B,read,,"MOVF ram_48B, W, B",0x003F32
0x004562,0x5A7,ram_5A7,read,,"MOVF ram_5A7, W, B",0x003F32
0x004566,0x48B,ram_48B,read,,"XORWF ram_48B, W, B",0x003F32
0x00456A,0x48A,ram_48A,read,,"MOVF ram_48A, W, B",0x003F32
0x004570,0x592,ram_592,write,,"CLRF ram_592, B",0x003F32
0x004574,0x591,ram_591,write,,"MOVWF ram_591, B",0x003F32
0x004576,0x488,ram_488,read,,"MOVFF ram_488, ram_5AB",0x003F32
0x004576,0x5AB,ram_5AB,write,,"MOVFF ram_488, ram_5AB",0x003F32
0x00457A,0x494,ram_494,read,,"MOVFF ram_494, ram_5AA",0x003F32
0x00457A,0x5AA,ram_5AA,write,,"MOVFF ram_494, ram_5AA",0x003F32
0x00457E,0x48B,ram_48B,read,,"MOVFF ram_48B, ram_5A7",0x003F32
0x00457E,0x5A7,ram_5A7,write,,"MOVFF ram_48B, ram_5A7",0x003F32
0x004584,0x48A,ram_48A,write,,"CLRF ram_48A, B",0x003F32
0x004588,0x591,ram_591,read,,"MOVF ram_591, W, B",0x003F32
0x00458A,0x592,ram_592,read,,"IORWF ram_592, W, B",0x003F32
0x00458E,0xF8C,LATD,read_write,1,"BCF LATD, 1, A",0x003F32
0x004590,0xF8B,LATC,read_write,3,"BSF LATC, 3, A",0x003F32
0x004592,0xF8C,LATD,read_write,0,"BSF LATD, 0, A",0x003F32
0x004594,0x591,ram_591,read_write,,"INFSNZ ram_591, F, B",0x003F32
0x004596,0x592,ram_592,read_write,,"INCF ram_592, F, B",0x003F32
0x00459A,0x06E,ram_06E,read,,"MOVF ram_06E, W, B",0x003F32
0x00459C,0x020,ram_020,write,,"MOVWF ram_020, A",0x003F32
0x00459E,0x021,ram_021,write,,"CLRF ram_021, A",0x003F32
0x0045A0,0x020,ram_020,read,,"MOVF ram_020, W, A",0x003F32
0x0045A4,0x591,ram_591,read,,"SUBWF ram_591, W, B",0x003F32
0x0045A6,0x021,ram_021,read,,"MOVF ram_021, W, A",0x003F32
0x0045A8,0x592,ram_592,read,,"SUBWFB ram_592, W, B",0x003F32
0x0045AC,0x591,ram_591,write,,"CLRF ram_591, B",0x003F32
0x0045AE,0x592,ram_592,write,,"CLRF ram_592, B",0x003F32
0x0045B2,0x492,ram_492,read,,"MOVF ram_492, W, B",0x003F32
0x0045B8,0x5A1,ram_5A1,read,,"MOVF ram_5A1, W, B",0x003F32
0x0045BA,0x5A2,ram_5A2,read,,"IORWF ram_5A2, W, B",0x003F32
0x0045BE,0xF8C,LATD,read_write,1,"BCF LATD, 1, A",0x003F32
0x0045C0,0xF8B,LATC,read_write,3,"BSF LATC, 3, A",0x003F32
0x0045C4,0x065,ram_065,read,0,"BTFSS ram_065, 0, B",0x003F32
0x0045C8,0xF8C,LATD,read_write,0,"BSF LATD, 0, A",0x003F32
0x0045CC,0xF8C,LATD,read_write,0,"BCF LATD, 0, A",0x003F32
0x0045D0,0x48F,ram_48F,read,,"MOVF ram_48F, W, B",0x003F32
0x0045D6,0x59F,ram_59F,read,,"MOVF ram_59F, W, B",0x003F32
0x0045D8,0x5A0,ram_5A0,read,,"IORWF ram_5A0, W, B",0x003F32
0x0045DC,0xF8C,LATD,read_write,1,"BSF LATD, 1, A",0x003F32
0x0045E0,0x067,ram_067,read,0,"BTFSS ram_067, 0, B",0x003F32
0x0045E4,0xF8B,LATC,read_write,3,"BSF LATC, 3, A",0x003F32
0x0045E8,0xF8B,LATC,read_write,3,"BCF LATC, 3, A",0x003F32
0x0045EA,0xF8C,LATD,read_write,0,"BCF LATD, 0, A",0x003F32
0x0045EE,0x5A1,ram_5A1,read,,"MOVF ram_5A1, W, B",0x003F32
0x0045F0,0x5A2,ram_5A2,read,,"IORWF ram_5A2, W, B",0x003F32
0x0045F4,0x5A1,ram_5A1,read_write,,"INFSNZ ram_5A1, F, B",0x003F32
0x0045F6,0x5A2,ram_5A2,read_write,,"INCF ram_5A2, F, B",0x003F32
0x0045F8,0x5A2,ram_5A2,read,,"MOVF ram_5A2, W, B",0x003F32
0x0045FE,0x5A1,ram_5A1,read,,"SUBWF ram_5A1, W, B",0x003F32
0x004602,0x5A1,ram_5A1,write,,"CLRF ram_5A1, B",0x003F32
0x004604,0x5A2,ram_5A2,write,,"CLRF ram_5A2, B",0x003F32
0x004606,0x59F,ram_59F,read,,"MOVF ram_59F, W, B",0x003F32
0x004608,0x5A0,ram_5A0,read,,"IORWF ram_5A0, W, B",0x003F32
0x00460C,0x59F,ram_59F,read_write,,"INFSNZ ram_59F, F, B",0x003F32
0x00460E,0x5A0,ram_5A0,read_write,,"INCF ram_5A0, F, B",0x003F32
0x004610,0x5A0,ram_5A0,read,,"MOVF ram_5A0, W, B",0x003F32
0x004616,0x59F,ram_59F,read,,"SUBWF ram_59F, W, B",0x003F32
0x00461A,0x59F,ram_59F,write,,"CLRF ram_59F, B",0x003F32
0x00461C,0x5A0,ram_5A0,write,,"CLRF ram_5A0, B",0x003F32
0x004622,0x06F,ram_06F,read_write,,"XORWF ram_06F, F, B",0x003F32
0x004624,0x06F,ram_06F,read,,"MOVFF ram_06F, ram_012",0x003F32
0x004624,0x012,ram_012,write,,"MOVFF ram_06F, ram_012",0x003F32
0x004628,0x070,ram_070,read,,"MOVFF ram_070, ram_013",0x003F32
0x004628,0x013,ram_013,write,,"MOVFF ram_070, ram_013",0x003F32
0x004632,0x45B,ram_45B,read,,"MOVF ram_45B, W, B",0x003F32
0x004636,0x45B,ram_45B,read_write,,"INCF ram_45B, F, B",0x003F32
0x004638,0x45B,ram_45B,read,,"MOVF ram_45B, W, B",0x003F32
0x00463E,0x068,ram_068,read,,"MOVF ram_068, W, B",0x003F32
0x004644,0x45C,ram_45C,read,,"MOVF ram_45C, W, B",0x003F32
0x004648,0xF8B,LATC,read_write,4,"BCF LATC, 4, A",0x003F32
0x00464A,0xF8C,LATD,read_write,3,"BSF LATD, 3, A",0x003F32
0x00464E,0xF8B,LATC,read_write,4,"BSF LATC, 4, A",0x003F32
0x004650,0xF8C,LATD,read_write,3,"BCF LATD, 3, A",0x003F32
0x004654,0xF8B,LATC,read_write,4,"BSF LATC, 4, A",0x003F32
0x004656,0xF8C,LATD,read_write,3,"BSF LATD, 3, A",0x003F32
0x00465A,0x45B,ram_45B,read,,"MOVF ram_45B, W, B",0x003F32
0x00465E,0x06D,ram_06D,read,,"SUBWF ram_06D, W, B",0x003F32
0x004660,0xFD8,STATUS,read,0,"BTFSC STATUS, 0, A",0x003F32
0x004666,0x45B,ram_45B,write,,"CLRF ram_45B, B",0x003F32
0x00466C,0x4FA,ram_4FA,write,,"CLRF ram_4FA, B",0x00466A
0x004670,0x4F9,ram_4F9,write,,"MOVWF ram_4F9, B",0x00466A
0x004674,0xFF6,TBLPTRL,write,,"MOVWF TBLPTRL, A",0x00466A
0x004678,0xFF7,TBLPTRH,write,,"MOVWF TBLPTRH, A",0x00466A
0x00467C,0xFF5,TABLAT,read,,"MOVFF TABLAT, ram_01A",0x00466A
0x00467C,0x01A,ram_01A,write,,"MOVFF TABLAT, ram_01A",0x00466A
0x004682,0xFF5,TABLAT,read,,"MOVFF TABLAT, ram_01B",0x00466A
0x004682,0x01B,ram_01B,write,,"MOVFF TABLAT, ram_01B",0x00466A
0x004686,0x01A,ram_01A,read,,"MOVF ram_01A, W, A",0x00466A
0x004688,0x4F9,ram_4F9,read_write,,"IORWF ram_4F9, F, B",0x00466A
0x00468A,0x01B,ram_01B,read,,"MOVF ram_01B, W, A",0x00466A
0x00468C,0x4FA,ram_4FA,read_write,,"IORWF ram_4FA, F, B",0x00466A
0x00468E,0x4F9,ram_4F9,read,,"MOVFF ram_4F9, ram_012",0x00466A
0x00468E,0x012,ram_012,write,,"MOVFF ram_4F9, ram_012",0x00466A
0x004692,0x4FA,ram_4FA,read,,"MOVFF ram_4FA, ram_013",0x00466A
0x004692,0x013,ram_013,write,,"MOVFF ram_4FA, ram_013",0x00466A
0x00469A,0xF82,PORTC,read,2,"BTFSC PORTC, 2, A",0x00466A
0x00469C,0xF82,PORTC,read,5,"BTFSS PORTC, 5, A",0x00466A
0x0046A0,0xF83,PORTD,read,7,"BTFSC PORTD, 7, A",0x00466A
0x0046A2,0xF82,PORTC,read,1,"BTFSC PORTC, 1, A",0x00466A
0x0046A6,0xF82,PORTC,read,6,"BTFSC PORTC, 6, A",0x00466A
0x0046A8,0xF83,PORTD,read,6,"BTFSS PORTD, 6, A",0x00466A
0x0046AC,0xF82,PORTC,read,0,"BTFSS PORTC, 0, A",0x00466A
0x0046B0,0xF84,PORTE,read,2,"BTFSC PORTE, 2, A",0x00466A
0x0046B4,0xF8C,LATD,read_write,1,"BSF LATD, 1, A",0x00466A
0x0046B6,0xF8C,LATD,read_write,0,"BCF LATD, 0, A",0x00466A
0x0046B8,0x02C,ram_02C,write,,"SETF ram_02C, A",0x00466A
0x0046BC,0x4FC,ram_4FC,write,,"CLRF ram_4FC, B",0x00466A
0x0046BE,0x02B,ram_02B,write,,"CLRF ram_02B, A",0x00466A
0x0046C0,0x02D,ram_02D,write,,"CLRF ram_02D, A",0x00466A
0x0046C2,0x027,ram_027,write,,"CLRF ram_027, A",0x00466A
0x0046C4,0x02E,ram_02E,write,,"CLRF ram_02E, A",0x00466A
0x0046C8,0x4F7,ram_4F7,write,,"MOVWF ram_4F7, B",0x00466A
0x0046D0,0xFDE,POSTINC2,write,,"CLRF POSTINC2, A",0x00466A
0x0046D2,0xFE8,WREG,read_write,,"DECF WREG, F, A",0x00466A
0x0046D6,0x4F8,ram_4F8,write,,"CLRF ram_4F8, B",0x00466A
0x0046D8,0x4FB,ram_4FB,write,,"CLRF ram_4FB, B",0x00466A
0x0046DA,0x5F5,ram_5F5,read,,"MOVFF ram_5F5, ram_028",0x00466A
0x0046DA,0x028,ram_028,write,,"MOVFF ram_5F5, ram_028",0x00466A
0x0046DE,0x5F6,ram_5F6,read,,"MOVFF ram_5F6, ram_029",0x00466A
0x0046DE,0x029,ram_029,write,,"MOVFF ram_5F6, ram_029",0x00466A
0x0046E8,0xFDE,POSTINC2,write,,"CLRF POSTINC2, A",0x00466A
0x0046EA,0xFE8,WREG,read_write,,"DECF WREG, F, A",0x00466A
0x0046F4,0xFDE,POSTINC2,write,,"CLRF POSTINC2, A",0x00466A
0x0046F6,0xFE8,WREG,read_write,,"DECF WREG, F, A",0x00466A
0x004700,0xFDE,POSTINC2,write,,"CLRF POSTINC2, A",0x00466A
0x004702,0xFE8,WREG,read_write,,"DECF WREG, F, A",0x00466A
0x00470C,0xFDE,POSTINC2,write,,"CLRF POSTINC2, A",0x00466A
0x00470E,0xFE8,WREG,read_write,,"DECF WREG, F, A",0x00466A
0x004712,0x4FE,ram_4FE,write,,"CLRF ram_4FE, B",0x00466A
0x004714,0x4FF,ram_4FF,write,,"CLRF ram_4FF, B",0x00466A
0x004716,0x02F,ram_02F,write,,"CLRF ram_02F, A",0x00466A
0x00471A,0x02F,ram_02F,read,,"XORWF ram_02F, W, A",0x00466A
0x00471E,0x02F,ram_02F,read,,"MOVF ram_02F, W, A",0x00466A
0x004722,0xFD9,FSR2L,write,,"MOVWF FSR2L, A",0x00466A
0x004724,0xFDA,FSR2H,write,,"CLRF FSR2H, A",0x00466A
0x004726,0xFDF,INDF2,write,,"CLRF INDF2, A",0x00466A
0x004728,0x02F,ram_02F,read_write,,"INCF ram_02F, F, A",0x00466A
0x00472E,0xF53,TMR4,write,,"CLRF TMR4, B",0x00466A
0x004730,0xF51,T4CON,read_write,2,"BSF T4CON, 2, B",0x00466A
0x004734,0xF80,PORTA,read,4,"BTFSC PORTA, 4, A",0x00466A
0x004738,0x02A,ram_02A,write,,"MOVWF ram_02A, A",0x00466A
0x00473C,0xF53,TMR4,read,,"MOVFF TMR4, ram_4FB",0x00466A
0x00473C,0x4FB,ram_4FB,write,,"MOVFF TMR4, ram_4FB",0x00466A
0x004742,0xF80,PORTA,read,4,"BTFSS PORTA, 4, A",0x00466A
0x004746,0x02A,ram_02A,read,,"XORWF ram_02A, W, A",0x00466A
0x00474A,0xF82,PORTC,read,2,"BTFSC PORTC, 2, A",0x00466A
0x00474C,0xF82,PORTC,read,5,"BTFSS PORTC, 5, A",0x00466A
0x004750,0xF83,PORTD,read,7,"BTFSC PORTD, 7, A",0x00466A
0x004752,0xF82,PORTC,read,1,"BTFSC PORTC, 1, A",0x00466A
0x004756,0xF82,PORTC,read,6,"BTFSC PORTC, 6, A",0x00466A
0x004758,0xF83,PORTD,read,6,"BTFSS PORTD, 6, A",0x00466A
0x00475C,0xF82,PORTC,read,0,"BTFSC PORTC, 0, A",0x00466A
0x00475E,0xF84,PORTE,read,2,"BTFSS PORTE, 2, A",0x00466A
0x004764,0xF53,TMR4,write,,"CLRF TMR4, B",0x00466A
0x004766,0x02A,ram_02A,read,,"MOVFF ram_02A, ram_02D",0x00466A
0x004766,0x02D,ram_02D,write,,"MOVFF ram_02A, ram_02D",0x00466A
0x00476C,0xF80,PORTA,read,4,"BTFSC PORTA, 4, A",0x00466A
0x004770,0x02A,ram_02A,write,,"MOVWF ram_02A, A",0x00466A
0x004772,0xF7E,PIR5,read,0,"BTFSS PIR5, 0, A",0x00466A
0x004776,0xF7E,PIR5,read_write,0,"BCF PIR5, 0, A",0x00466A
0x00477A,0x4FB,ram_4FB,write,,"SETF ram_4FB, B",0x00466A
0x00477C,0xF82,PORTC,read,2,"BTFSC PORTC, 2, A",0x00466A
0x00477E,0xF82,PORTC,read,5,"BTFSS PORTC, 5, A",0x00466A
0x004782,0xF83,PORTD,read,7,"BTFSC PORTD, 7, A",0x00466A
0x004784,0xF82,PORTC,read,1,"BTFSC PORTC, 1, A",0x00466A
0x004788,0xF82,PORTC,read,6,"BTFSC PORTC, 6, A",0x00466A
0x00478A,0xF83,PORTD,read,6,"BTFSS PORTD, 6, A",0x00466A
0x00478E,0xF82,PORTC,read,0,"BTFSC PORTC, 0, A",0x00466A
0x004790,0xF84,PORTE,read,2,"BTFSS PORTE, 2, A",0x00466A
0x004796,0x02C,ram_02C,read,,"MOVF ram_02C, W, A",0x00466A
0x00479A,0x4FB,ram_4FB,read,,"XORWF ram_4FB, W, B",0x00466A
0x00479E,0x4FC,ram_4FC,read_write,,"INCF ram_4FC, F, B",0x00466A
0x0047A2,0x4FC,ram_4FC,write,,"CLRF ram_4FC, B",0x00466A
0x0047A6,0x4FC,ram_4FC,read,,"CPFSGT ram_4FC, B",0x00466A
0x0047AA,0x4FC,ram_4FC,write,,"CLRF ram_4FC, B",0x00466A
0x0047AC,0x027,ram_027,read_write,,"INCF ram_027, F, A",0x00466A
0x0047B0,0x02C,ram_02C,read,,"MOVF ram_02C, W, A",0x00466A
0x0047B4,0x4FB,ram_4FB,read,,"SUBWF ram_4FB, W, B",0x00466A
0x0047B8,0x02E,ram_02E,read,,"MOVF ram_02E, W, A",0x00466A
0x0047BE,0x02D,ram_02D,read,,"MOVF ram_02D, W, A",0x00466A
0x0047C2,0xFD9,FSR2L,write,,"MOVWF FSR2L, A",0x00466A
0x0047C4,0xFDA,FSR2H,write,,"CLRF FSR2H, A",0x00466A
0x0047C6,0xFDE,POSTINC2,read,,"MOVF POSTINC2, W, A",0x00466A
0x0047C8,0x4FB,ram_4FB,read,,"SUBWF ram_4FB, W, B",0x00466A
0x0047CC,0x02D,ram_02D,read,,"MOVF ram_02D, W, A",0x00466A
0x0047D0,0xFD9,FSR2L,write,,"MOVWF FSR2L, A",0x00466A
0x0047D2,0xFDA,FSR2H,write,,"CLRF FSR2H, A",0x00466A
0x0047D4,0x4FB,ram_4FB,read,,"MOVF ram_4FB, W, B",0x00466A
0x0047D8,0xFDF,INDF2,write,,"MOVWF INDF2, A",0x00466A
0x0047DA,0x4FC,ram_4FC,read_write,,"INCF ram_4FC, F, B",0x00466A
0x0047DE,0x4FC,ram_4FC,read,,"XORWF ram_4FC, W, B",0x00466A
0x0047E4,0x027,ram_027,read_write,,"INCF ram_027, F, A",0x00466A
0x0047E6,0x02E,ram_02E,write,,"CLRF ram_02E, A",0x00466A
0x0047E8,0x4FC,ram_4FC,write,,"CLRF ram_4FC, B",0x00466A
0x0047EA,0x4FE,ram_4FE,write,,"CLRF ram_4FE, B",0x00466A
0x0047EC,0x4FF,ram_4FF,write,,"CLRF ram_4FF, B",0x00466A
0x0047F0,0x4F7,ram_4F7,write,,"MOVWF ram_4F7, B",0x00466A
0x0047F2,0x4F8,ram_4F8,write,,"CLRF ram_4F8, B",0x00466A
0x0047F8,0x02E,ram_02E,write,,"MOVWF ram_02E, A",0x00466A
0x0047FC,0x02C,ram_02C,read,,"MOVF ram_02C, W, A",0x00466A
0x004800,0x4FB,ram_4FB,read,,"SUBWF ram_4FB, W, B",0x00466A
0x004806,0x02E,ram_02E,read,,"MOVF ram_02E, W, A",0x00466A
0x00480C,0x02D,ram_02D,read,,"MOVF ram_02D, W, A",0x00466A
0x004810,0xFD9,FSR2L,write,,"MOVWF FSR2L, A",0x00466A
0x004812,0xFDA,FSR2H,write,,"CLRF FSR2H, A",0x00466A
0x004814,0xFDE,POSTINC2,read,,"MOVF POSTINC2, W, A",0x00466A
0x004816,0x4FB,ram_4FB,read,,"SUBWF ram_4FB, W, B",0x00466A
0x00481A,0x4F8,ram_4F8,read,,"MOVF ram_4F8, W, B",0x00466A
0x00481E,0xFD9,FSR2L,write,,"MOVWF FSR2L, A",0x00466A
0x004820,0xFDA,FSR2H,write,,"CLRF FSR2H, A",0x00466A
0x004822,0x4F7,ram_4F7,read,,"MOVF ram_4F7, W, B",0x00466A
0x004824,0xFDF,INDF2,read_write,,"IORWF INDF2, F, A",0x00466A
0x004826,0xFD8,STATUS,read_write,0,"BCF STATUS, 0, A",0x00466A
0x004828,0x4F7,ram_4F7,read_write,,"RRCF ram_4F7, F, B",0x00466A
0x00482A,0x4F7,ram_4F7,read,,"MOVF ram_4F7, W, B",0x00466A
0x004832,0x4F7,ram_4F7,write,,"MOVWF ram_4F7, B",0x00466A
0x004836,0x4F8,ram_4F8,read,,"CPFSLT ram_4F8, B",0x00466A
0x00483A,0x4F8,ram_4F8,read,,"MOVF ram_4F8, W, B",0x00466A
0x00483E,0xFD9,FSR2L,write,,"MOVWF FSR2L, A",0x00466A
0x004840,0xFDA,FSR2H,write,,"CLRF FSR2H, A",0x00466A
0x004842,0xFDF,INDF2,read,,"MOVF INDF2, W, A",0x00466A
0x004844,0x4FC,ram_4FC,read_write,,"ADDWF ram_4FC, F, B",0x00466A
0x004846,0x4F8,ram_4F8,read_write,,"INCF ram_4F8, F, B",0x00466A
0x00484A,0x4FC,ram_4FC,read_write,,"COMF ram_4FC, F, B",0x00466A
0x00484C,0x4FC,ram_4FC,read_write,,"INCF ram_4FC, F, B",0x00466A
0x00484E,0x4F8,ram_4F8,read,,"MOVF ram_4F8, W, B",0x00466A
0x004852,0xFD9,FSR2L,write,,"MOVWF FSR2L, A",0x00466A
0x004854,0xFDA,FSR2H,write,,"CLRF FSR2H, A",0x00466A
0x004856,0x4FC,ram_4FC,read,,"MOVF ram_4FC, W, B",0x00466A
0x004858,0xFDE,POSTINC2,read,,"XORWF POSTINC2, W, A",0x00466A
0x00485E,0x4F8,ram_4F8,write,,"CLRF ram_4F8, B",0x00466A
0x004860,0x4FD,ram_4FD,write,,"CLRF ram_4FD, B",0x00466A
0x004864,0x4FD,ram_4FD,read,,"XORWF ram_4FD, W, B",0x00466A
0x00486A,0x4FD,ram_4FD,read,,"CPFSLT ram_4FD, B",0x00466A
0x004870,0x4FD,ram_4FD,read,,"MOVF ram_4FD, W, B",0x00466A
0x004874,0xFD9,FSR2L,write,,"MOVWF FSR2L, A",0x00466A
0x004876,0xFDA,FSR2H,write,,"CLRF FSR2H, A",0x00466A
0x00487A,0x4FE,ram_4FE,read,,"ADDWF ram_4FE, W, B",0x00466A
0x00487C,0xFE1,FSR1L,write,,"MOVWF FSR1L, A",0x00466A
0x004880,0x4FF,ram_4FF,read,,"ADDWFC ram_4FF, W, B",0x00466A
0x004884,0x4FD,ram_4FD,read,,"MOVF ram_4FD, W, B",0x00466A
0x004888,0xFD9,FSR2L,write,,"MOVWF FSR2L, A",0x00466A
0x00488A,0xFDA,FSR2H,write,,"CLRF FSR2H, A",0x00466A
0x00488C,0x01A,ram_01A,write,,"CLRF ram_01A, A",0x00466A
0x00488E,0x01B,ram_01B,write,,"SETF ram_01B, A",0x00466A
0x004890,0x4FE,ram_4FE,read,,"MOVFF ram_4FE, ram_01C",0x00466A
0x004890,0x01C,ram_01C,write,,"MOVFF ram_4FE, ram_01C",0x00466A
0x004894,0x4FF,ram_4FF,read,,"MOVFF ram_4FF, ram_01D",0x00466A
0x004894,0x01D,ram_01D,write,,"MOVFF ram_4FF, ram_01D",0x00466A
0x004898,0x01A,ram_01A,read,,"MOVF ram_01A, W, A",0x00466A
0x00489A,0x01C,ram_01C,read_write,,"ADDWF ram_01C, F, A",0x00466A
0x00489C,0x01B,ram_01B,read,,"MOVF ram_01B, W, A",0x00466A
0x00489E,0x01D,ram_01D,read_write,,"ADDWFC ram_01D, F, A",0x00466A
0x0048A2,0x01C,ram_01C,read,,"ADDWF ram_01C, W, A",0x00466A
0x0048A4,0xFE1,FSR1L,write,,"MOVWF FSR1L, A",0x00466A
0x0048AA,0xFE2,FSR1H,write,,"MOVWF FSR1H, A",0x00466A
0x0048AC,0xFDF,INDF2,read,,"MOVFF INDF2, INDF1",0x00466A
0x0048AC,0xFE7,INDF1,write,,"MOVFF INDF2, INDF1",0x00466A
0x0048B2,0x4FD,ram_4FD,read,,"MOVF ram_4FD, W, B",0x00466A
0x0048B6,0xFD9,FSR2L,write,,"MOVWF FSR2L, A",0x00466A
0x0048B8,0xFDA,FSR2H,write,,"CLRF FSR2H, A",0x00466A
0x0048BA,0x01A,ram_01A,write,,"CLRF ram_01A, A",0x00466A
0x0048BE,0x01B,ram_01B,write,,"MOVWF ram_01B, A",0x00466A
0x0048C0,0x4FE,ram_4FE,read,,"MOVFF ram_4FE, ram_01C",0x00466A
0x0048C0,0x01C,ram_01C,write,,"MOVFF ram_4FE, ram_01C",0x00466A
0x0048C4,0x4FF,ram_4FF,read,,"MOVFF ram_4FF, ram_01D",0x00466A
0x0048C4,0x01D,ram_01D,write,,"MOVFF ram_4FF, ram_01D",0x00466A
0x0048C8,0x01A,ram_01A,read,,"MOVF ram_01A, W, A",0x00466A
0x0048CA,0x01C,ram_01C,read_write,,"ADDWF ram_01C, F, A",0x00466A
0x0048CC,0x01B,ram_01B,read,,"MOVF ram_01B, W, A",0x00466A
0x0048CE,0x01D,ram_01D,read_write,,"ADDWFC ram_01D, F, A",0x00466A
0x0048D2,0x01C,ram_01C,read,,"ADDWF ram_01C, W, A",0x00466A
0x0048D4,0xFE1,FSR1L,write,,"MOVWF FSR1L, A",0x00466A
0x0048D8,0x01D,ram_01D,read,,"ADDWFC ram_01D, W, A",0x00466A
0x0048DC,0x4FD,ram_4FD,read,,"MOVF ram_4FD, W, B",0x00466A
0x0048E0,0xFD9,FSR2L,write,,"MOVWF FSR2L, A",0x00466A
0x0048E2,0xFDA,FSR2H,write,,"CLRF FSR2H, A",0x00466A
0x0048E4,0x4FE,ram_4FE,read,,"MOVF ram_4FE, W, B",0x00466A
0x0048E8,0xFE1,FSR1L,write,,"MOVWF FSR1L, A",0x00466A
0x0048EA,0xFE2,FSR1H,write,,"CLRF FSR1H, A",0x00466A
0x0048EE,0x4FF,ram_4FF,read,,"MOVF ram_4FF, W, B",0x00466A
0x0048F0,0x01A,ram_01A,write,,"MOVWF ram_01A, A",0x00466A
0x0048F2,0x01B,ram_01B,write,,"CLRF ram_01B, A",0x00466A
0x0048F4,0x01B,ram_01B,read,,"MOVF ram_01B, W, A",0x00466A
0x0048F8,0x01A,ram_01A,read,,"MOVF ram_01A, W, A",0x00466A
0x004908,0x4FE,ram_4FE,read,,"MOVF ram_4FE, W, B",0x00466A
0x00490A,0x01A,ram_01A,write,,"MOVWF ram_01A, A",0x00466A
0x00490C,0x4FF,ram_4FF,read,,"MOVF ram_4FF, W, B",0x00466A
0x00490E,0x01B,ram_01B,write,,"MOVWF ram_01B, A",0x00466A
0x004910,0x4FE,ram_4FE,read_write,,"INFSNZ ram_4FE, F, B",0x00466A
0x004912,0x4FF,ram_4FF,read_write,,"INCF ram_4FF, F, B",0x00466A
0x004916,0x01A,ram_01A,read_write,,"ANDWF ram_01A, F, A",0x00466A
0x00491C,0x02B,ram_02B,read_write,,"XORWF ram_02B, F, A",0x00466A
0x004920,0x4FA,ram_4FA,write,,"MOVWF ram_4FA, B",0x00466A
0x004924,0x4F9,ram_4F9,write,,"MOVWF ram_4F9, B",0x00466A
0x004926,0x02B,ram_02B,read,,"MOVF ram_02B, W, A",0x00466A
0x00492C,0xFF6,TBLPTRL,write,,"MOVWF TBLPTRL, A",0x00466A
0x004930,0xFF7,TBLPTRH,write,,"MOVWF TBLPTRH, A",0x00466A
0x004934,0xFF5,TABLAT,read,,"MOVFF TABLAT, ram_01A",0x00466A
0x004934,0x01A,ram_01A,write,,"MOVFF TABLAT, ram_01A",0x00466A
0x00493A,0xFF5,TABLAT,read,,"MOVFF TABLAT, ram_01B",0x00466A
0x00493A,0x01B,ram_01B,write,,"MOVFF TABLAT, ram_01B",0x00466A
0x00493E,0x01A,ram_01A,read,,"MOVF ram_01A, W, A",0x00466A
0x004940,0x4F9,ram_4F9,read_write,,"IORWF ram_4F9, F, B",0x00466A
0x004942,0x01B,ram_01B,read,,"MOVF ram_01B, W, A",0x00466A
0x004944,0x4FA,ram_4FA,read_write,,"IORWF ram_4FA, F, B",0x00466A
0x004946,0x4F9,ram_4F9,read,,"MOVFF ram_4F9, ram_012",0x00466A
0x004946,0x012,ram_012,write,,"MOVFF ram_4F9, ram_012",0x00466A
0x00494A,0x4FA,ram_4FA,read,,"MOVFF ram_4FA, ram_013",0x00466A
0x00494A,0x013,ram_013,write,,"MOVFF ram_4FA, ram_013",0x00466A
0x004954,0x4FD,ram_4FD,read,,"MOVF ram_4FD, W, B",0x00466A
0x004958,0xFD9,FSR2L,write,,"MOVWF FSR2L, A",0x00466A
0x00495A,0xFDA,FSR2H,write,,"CLRF FSR2H, A",0x00466A
0x00495C,0xFDF,INDF2,write,,"CLRF INDF2, A",0x00466A
0x00495E,0x4FD,ram_4FD,read_write,,"INCF ram_4FD, F, B",0x00466A
0x004962,0x02E,ram_02E,write,,"CLRF ram_02E, A",0x00466A
0x004964,0x4FC,ram_4FC,write,,"CLRF ram_4FC, B",0x00466A
0x00496A,0x4F7,ram_4F7,read,,"XORWF ram_4F7, W, B",0x00466A
0x004972,0x027,ram_027,read,,"MOVF ram_027, W, A",0x00466A
0x004974,0x01A,ram_01A,write,,"MOVWF ram_01A, A",0x00466A
0x004976,0x01B,ram_01B,write,,"CLRF ram_01B, A",0x00466A
0x004978,0x01B,ram_01B,read,,"MOVF ram_01B, W, A",0x00466A
0x00497C,0x01A,ram_01A,read,,"MOVF ram_01A, W, A",0x00466A
0x004990,0x4FB,ram_4FB,write,,"CLRF ram_4FB, B",0x00466A
0x004994,0x4FE,ram_4FE,read,,"SUBWF ram_4FE, W, B",0x00466A
0x004998,0x4FF,ram_4FF,read,,"SUBWFB ram_4FF, W, B",0x00466A
0x00499E,0x4FE,ram_4FE,write,,"CLRF ram_4FE, B",0x00466A
0x0049A0,0x4FF,ram_4FF,write,,"CLRF ram_4FF, B",0x00466A
0x0049A4,0x5FC,ram_5FC,write,,"CLRF ram_5FC, B",0x00466A
0x0049A6,0x5FD,ram_5FD,write,,"CLRF ram_5FD, B",0x00466A
0x0049AA,0x5FC,ram_5FC,read,,"XORWF ram_5FC, W, B",0x00466A
0x0049B0,0x5FD,ram_5FD,read,,"XORWF ram_5FD, W, B",0x00466A
0x0049BC,0x5FC,ram_5FC,read,,"ADDWF ram_5FC, W, B",0x00466A
0x0049BE,0xFD9,FSR2L,write,,"MOVWF FSR2L, A",0x00466A
0x0049C2,0x5FD,ram_5FD,read,,"ADDWFC ram_5FD, W, B",0x00466A
0x0049C6,0x01A,ram_01A,write,,"CLRF ram_01A, A",0x00466A
0x0049C8,0x01B,ram_01B,write,,"SETF ram_01B, A",0x00466A
0x0049CA,0x5FC,ram_5FC,read,,"MOVFF ram_5FC, ram_01C",0x00466A
0x0049CA,0x01C,ram_01C,write,,"MOVFF ram_5FC, ram_01C",0x00466A
0x0049CE,0x5FD,ram_5FD,read,,"MOVFF ram_5FD, ram_01D",0x00466A
0x0049CE,0x01D,ram_01D,write,,"MOVFF ram_5FD, ram_01D",0x00466A
0x0049D2,0x01A,ram_01A,read,,"MOVF ram_01A, W, A",0x00466A
0x0049D4,0x01C,ram_01C,read_write,,"ADDWF ram_01C, F, A",0x00466A
0x0049D6,0x01B,ram_01B,read,,"MOVF ram_01B, W, A",0x00466A
0x0049D8,0x01D,ram_01D,read_write,,"ADDWFC ram_01D, F, A",0x00466A
0x0049DC,0x01C,ram_01C,read,,"ADDWF ram_01C, W, A",0x00466A
0x0049DE,0xFD9,FSR2L,write,,"MOVWF FSR2L, A",0x00466A
0x0049E4,0xFDA,FSR2H,write,,"MOVWF FSR2H, A",0x00466A
0x0049E6,0xFDF,INDF2,read,,"MOVF INDF2, W, A",0x00466A
0x0049EA,0x4FC,ram_4FC,write,,"MOVWF ram_4FC, B",0x00466A
0x0049EE,0x01A,ram_01A,write,,"CLRF ram_01A, A",0x00466A
0x0049F2,0x01B,ram_01B,write,,"MOVWF ram_01B, A",0x00466A
0x0049F4,0x5FC,ram_5FC,read,,"MOVFF ram_5FC, ram_01C",0x00466A
0x0049F4,0x01C,ram_01C,write,,"MOVFF ram_5FC, ram_01C",0x00466A
0x0049F8,0x5FD,ram_5FD,read,,"MOVFF ram_5FD, ram_01D",0x00466A
0x0049F8,0x01D,ram_01D,write,,"MOVFF ram_5FD, ram_01D",0x00466A
0x0049FC,0x01A,ram_01A,read,,"MOVF ram_01A, W, A",0x00466A
0x0049FE,0x01C,ram_01C,read_write,,"ADDWF ram_01C, F, A",0x00466A
0x004A00,0x01B,ram_01B,read,,"MOVF ram_01B, W, A",0x00466A
0x004A02,0x01D,ram_01D,read_write,,"ADDWFC ram_01D, F, A",0x00466A
0x004A06,0x01C,ram_01C,read,,"ADDWF ram_01C, W, A",0x00466A
0x004A08,0xFD9,FSR2L,write,,"MOVWF FSR2L, A",0x00466A
0x004A0C,0x01D,ram_01D,read,,"ADDWFC ram_01D, W, A",0x00466A
0x004A12,0x5FC,ram_5FC,read,,"MOVF ram_5FC, W, B",0x00466A
0x004A16,0xFD9,FSR2L,write,,"MOVWF FSR2L, A",0x00466A
0x004A18,0xFDA,FSR2H,write,,"CLRF FSR2H, A",0x00466A
0x004A1C,0x5FC,ram_5FC,read,,"MOVFF ram_5FC, ram_012",0x00466A
0x004A1C,0x012,ram_012,write,,"MOVFF ram_5FC, ram_012",0x00466A
0x004A20,0x5FD,ram_5FD,read,,"MOVFF ram_5FD, ram_013",0x00466A
0x004A20,0x013,ram_013,write,,"MOVFF ram_5FD, ram_013",0x00466A
0x004A26,0x015,ram_015,write,,"MOVWF ram_015, A",0x00466A
0x004A28,0x014,ram_014,write,,"CLRF ram_014, A",0x00466A
0x004A2E,0x013,ram_013,read,,"MOVF ram_013, W, A",0x00466A
0x004A32,0x012,ram_012,read,,"MOVF ram_012, W, A",0x00466A
0x004A46,0x5FC,ram_5FC,read,,"XORWF ram_5FC, W, B",0x00466A
0x004A4C,0x5FD,ram_5FD,read,,"XORWF ram_5FD, W, B",0x00466A
0x004A52,0x4FF,ram_4FF,write,,"CLRF ram_4FF, B",0x00466A
0x004A56,0x4FE,ram_4FE,write,,"MOVWF ram_4FE, B",0x00466A
0x004A5A,0x4FE,ram_4FE,read,,"MOVF ram_4FE, W, B",0x00466A
0x004A5E,0x5FC,ram_5FC,read,,"ADDWF ram_5FC, W, B",0x00466A
0x004A60,0x012,ram_012,write,,"MOVWF ram_012, A",0x00466A
0x004A64,0x4FF,ram_4FF,read,,"MOVF ram_4FF, W, B",0x00466A
0x004A68,0x5FD,ram_5FD,read,,"ADDWFC ram_5FD, W, B",0x00466A
0x004A6A,0x013,ram_013,write,,"MOVWF ram_013, A",0x00466A
0x004A6C,0x4FC,ram_4FC,read,,"MOVFF ram_4FC, ram_014",0x00466A
0x004A6C,0x014,ram_014,write,,"MOVFF ram_4FC, ram_014",0x00466A
0x004A74,0x5FC,ram_5FC,read,,"MOVFF ram_5FC, ram_01A",0x00466A
0x004A74,0x01A,ram_01A,write,,"MOVFF ram_5FC, ram_01A",0x00466A
0x004A7A,0x01A,ram_01A,read_write,,"ANDWF ram_01A, F, A",0x00466A
0x004A80,0x02B,ram_02B,read_write,,"XORWF ram_02B, F, A",0x00466A
0x004A86,0x4FA,ram_4FA,write,,"MOVWF ram_4FA, B",0x00466A
0x004A8A,0x4F9,ram_4F9,write,,"MOVWF ram_4F9, B",0x00466A
0x004A8C,0x02B,ram_02B,read,,"MOVF ram_02B, W, A",0x00466A
0x004A92,0xFF6,TBLPTRL,write,,"MOVWF TBLPTRL, A",0x00466A
0x004A96,0xFF7,TBLPTRH,write,,"MOVWF TBLPTRH, A",0x00466A
0x004A9A,0xFF5,TABLAT,read,,"MOVFF TABLAT, ram_01A",0x00466A
0x004A9A,0x01A,ram_01A,write,,"MOVFF TABLAT, ram_01A",0x00466A
0x004AA0,0xFF5,TABLAT,read,,"MOVFF TABLAT, ram_01B",0x00466A
0x004AA0,0x01B,ram_01B,write,,"MOVFF TABLAT, ram_01B",0x00466A
0x004AA4,0x01A,ram_01A,read,,"MOVF ram_01A, W, A",0x00466A
0x004AA6,0x4F9,ram_4F9,read_write,,"IORWF ram_4F9, F, B",0x00466A
0x004AA8,0x01B,ram_01B,read,,"MOVF ram_01B, W, A",0x00466A
0x004AAA,0x4FA,ram_4FA,read_write,,"IORWF ram_4FA, F, B",0x00466A
0x004AAC,0x4F9,ram_4F9,read,,"MOVFF ram_4F9, ram_012",0x00466A
0x004AAC,0x012,ram_012,write,,"MOVFF ram_4F9, ram_012",0x00466A
0x004AB0,0x4FA,ram_4FA,read,,"MOVFF ram_4FA, ram_013",0x00466A
0x004AB0,0x013,ram_013,write,,"MOVFF ram_4FA, ram_013",0x00466A
0x004ABA,0x5FC,ram_5FC,read_write,,"INFSNZ ram_5FC, F, B",0x00466A
0x004ABC,0x5FD,ram_5FD,read_write,,"INCF ram_5FD, F, B",0x00466A
0x004AC2,0xF51,T4CON,read_write,2,"BCF T4CON, 2, B",0x00466A
0x004AC4,0xF53,TMR4,write,,"CLRF TMR4, B",0x00466A
0x004AC8,0xF8C,LATD,read_write,3,"BSF LATD, 3, A",0x00466A
0x004ACA,0xF8B,LATC,read_write,3,"BSF LATC, 3, A",0x00466A
0x004ACC,0xF8C,LATD,read_write,0,"BSF LATD, 0, A",0x00466A
0x004ACE,0xF8B,LATC,read_write,4,"BCF LATC, 4, A",0x00466A
0x004AD0,0xF8C,LATD,read_write,1,"BCF LATD, 1, A",0x00466A
0x004AD4,0xFF6,TBLPTRL,write,,"MOVWF TBLPTRL, A",0x00466A
0x004AD8,0xFF7,TBLPTRH,write,,"MOVWF TBLPTRH, A",0x00466A
0x004ADC,0xFF5,TABLAT,read,,"MOVFF TABLAT, ram_01A",0x00466A
0x004ADC,0x01A,ram_01A,write,,"MOVFF TABLAT, ram_01A",0x00466A
0x004AE2,0xFF5,TABLAT,read,,"MOVFF TABLAT, ram_01B",0x00466A
0x004AE2,0x01B,ram_01B,write,,"MOVFF TABLAT, ram_01B",0x00466A
0x004AE8,0x01A,ram_01A,read,,"IORWF ram_01A, W, A",0x00466A
0x004AEA,0x4F9,ram_4F9,write,,"MOVWF ram_4F9, B",0x00466A
0x004AEC,0x01B,ram_01B,read,,"MOVF ram_01B, W, A",0x00466A
0x004AEE,0x4FA,ram_4FA,write,,"MOVWF ram_4FA, B",0x00466A
0x004AF0,0x4F9,ram_4F9,read,,"MOVFF ram_4F9, ram_012",0x00466A
0x004AF0,0x012,ram_012,write,,"MOVFF ram_4F9, ram_012",0x00466A
0x004AF4,0x4FA,ram_4FA,read,,"MOVFF ram_4FA, ram_013",0x00466A
0x004AF4,0x013,ram_013,write,,"MOVFF ram_4FA, ram_013",0x00466A
0x004AFC,0xF82,PORTC,read,2,"BTFSC PORTC, 2, A",0x00466A
0x004AFE,0xF82,PORTC,read,5,"BTFSS PORTC, 5, A",0x00466A
0x004B02,0xF83,PORTD,read,7,"BTFSC PORTD, 7, A",0x00466A
0x004B04,0xF82,PORTC,read,1,"BTFSC PORTC, 1, A",0x00466A
0x004B08,0xF82,PORTC,read,6,"BTFSC PORTC, 6, A",0x00466A
0x004B0A,0xF83,PORTD,read,6,"BTFSS PORTD, 6, A",0x00466A
0x004B0E,0xF82,PORTC,read,0,"BTFSC PORTC, 0, A",0x00466A
0x004B10,0xF84,PORTE,read,2,"BTFSS PORTE, 2, A",0x00466A
0x004B18,0x0CD,ram_0CD,write,,"CLRF ram_0CD, B",0x004B16
0x004B1A,0x0CE,ram_0CE,write,,"CLRF ram_0CE, B",0x004B16
0x004B1C,0x0CF,ram_0CF,write,,"CLRF ram_0CF, B",0x004B16
0x004B1E,0x0D0,ram_0D0,write,,"CLRF ram_0D0, B",0x004B16
0x004B20,0x0D1,ram_0D1,write,,"CLRF ram_0D1, B",0x004B16
0x004B22,0x0D2,ram_0D2,write,,"CLRF ram_0D2, B",0x004B16
0x004B24,0x0D7,ram_0D7,write,,"CLRF ram_0D7, B",0x004B16
0x004B26,0x0D8,ram_0D8,write,,"CLRF ram_0D8, B",0x004B16
0x004B28,0x0D9,ram_0D9,write,,"CLRF ram_0D9, B",0x004B16
0x004B2A,0x0DA,ram_0DA,write,,"CLRF ram_0DA, B",0x004B16
0x004B2E,0x5A6,ram_5A6,read,,"MOVF ram_5A6, W, B",0x004B16
0x004B32,0x493,ram_493,read,,"XORWF ram_493, W, B",0x004B16
0x004B36,0x481,ram_481,write,,"CLRF ram_481, B",0x004B16
0x004B38,0x446,ram_446,write,,"CLRF ram_446, B",0x004B16
0x004B3A,0x447,ram_447,write,,"CLRF ram_447, B",0x004B16
0x004B3C,0x448,ram_448,write,,"CLRF ram_448, B",0x004B16
0x004B3E,0x449,ram_449,write,,"CLRF ram_449, B",0x004B16
0x004B40,0x493,ram_493,read,,"MOVFF ram_493, ram_5A6",0x004B16
0x004B40,0x5A6,ram_5A6,write,,"MOVFF ram_493, ram_5A6",0x004B16
0x004B44,0x4F1,ram_4F1,read,6,"BTFSC ram_4F1, 6, B",0x004B16
0x004B4C,0x021,ram_021,read,,"MOVFF ram_021, ram_0D7",0x004B16
0x004B4C,0x0D7,ram_0D7,write,,"MOVFF ram_021, ram_0D7",0x004B16
0x004B50,0x022,ram_022,read,,"MOVFF ram_022, ram_0D8",0x004B16
0x004B50,0x0D8,ram_0D8,write,,"MOVFF ram_022, ram_0D8",0x004B16
0x004B54,0x023,ram_023,read,,"MOVFF ram_023, ram_0D9",0x004B16
0x004B54,0x0D9,ram_0D9,write,,"MOVFF ram_023, ram_0D9",0x004B16
0x004B58,0x024,ram_024,read,,"MOVFF ram_024, ram_0DA",0x004B16
0x004B58,0x0DA,ram_0DA,write,,"MOVFF ram_024, ram_0DA",0x004B16
0x004B5E,0x0D7,ram_0D7,read,0,"BTFSS ram_0D7, 0, B",0x004B16
0x004B64,0x0D7,ram_0D7,read_write,,"DECF ram_0D7, F, B",0x004B16
0x004B66,0x0D8,ram_0D8,read_write,,"ADDWFC ram_0D8, F, B",0x004B16
0x004B68,0x0D9,ram_0D9,read_write,,"ADDWFC ram_0D9, F, B",0x004B16
0x004B6A,0x0DA,ram_0DA,read_write,,"ADDWFC ram_0DA, F, B",0x004B16
0x004B6E,0x4F1,ram_4F1,read,6,"BTFSC ram_4F1, 6, B",0x004B16
0x004B72,0x481,ram_481,read,,"MOVF ram_481, W, B",0x004B16
0x004B78,0x582,ram_582,read,,"MOVF ram_582, W, B",0x004B16
0x004B7C,0x0D7,ram_0D7,read,,"XORWF ram_0D7, W, B",0x004B16
0x004B82,0x583,ram_583,read,,"MOVF ram_583, W, B",0x004B16
0x004B86,0x0D8,ram_0D8,read,,"XORWF ram_0D8, W, B",0x004B16
0x004B8C,0x584,ram_584,read,,"MOVF ram_584, W, B",0x004B16
0x004B90,0x0D9,ram_0D9,read,,"XORWF ram_0D9, W, B",0x004B16
0x004B96,0x585,ram_585,read,,"MOVF ram_585, W, B",0x004B16
0x004B9A,0x0DA,ram_0DA,read,,"XORWF ram_0DA, W, B",0x004B16
0x004BA0,0x5A4,ram_5A4,read,,"MOVF ram_5A4, W, B",0x004B16
0x004BA6,0x0CE,ram_0CE,write,,"CLRF ram_0CE, B",0x004B16
0x004BAA,0x0CD,ram_0CD,write,,"MOVWF ram_0CD, B",0x004B16
0x004BAC,0x0D7,ram_0D7,read,,"MOVFF ram_0D7, ram_582",0x004B16
0x004BAC,0x582,ram_582,write,,"MOVFF ram_0D7, ram_582",0x004B16
0x004BB0,0x0D8,ram_0D8,read,,"MOVFF ram_0D8, ram_583",0x004B16
0x004BB0,0x583,ram_583,write,,"MOVFF ram_0D8, ram_583",0x004B16
0x004BB4,0x0D9,ram_0D9,read,,"MOVFF ram_0D9, ram_584",0x004B16
0x004BB4,0x584,ram_584,write,,"MOVFF ram_0D9, ram_584",0x004B16
0x004BB8,0x0DA,ram_0DA,read,,"MOVFF ram_0DA, ram_585",0x004B16
0x004BB8,0x585,ram_585,write,,"MOVFF ram_0DA, ram_585",0x004B16
0x004BBE,0x5A5,ram_5A5,write,,"CLRF ram_5A5, B",0x004B16
0x004BC0,0x0D7,ram_0D7,read,,"MOVFF ram_0D7, ram_582",0x004B16
0x004BC0,0x582,ram_582,write,,"MOVFF ram_0D7, ram_582",0x004B16
0x004BC4,0x0D8,ram_0D8,read,,"MOVFF ram_0D8, ram_583",0x004B16
0x004BC4,0x583,ram_583,write,,"MOVFF ram_0D8, ram_583",0x004B16
0x004BC8,0x0D9,ram_0D9,read,,"MOVFF ram_0D9, ram_584",0x004B16
0x004BC8,0x584,ram_584,write,,"MOVFF ram_0D9, ram_584",0x004B16
0x004BCC,0x0DA,ram_0DA,read,,"MOVFF ram_0DA, ram_585",0x004B16
0x004BCC,0x585,ram_585,write,,"MOVFF ram_0DA, ram_585",0x004B16
0x004BD2,0x4F1,ram_4F1,read,,"MOVF ram_4F1, W, B",0x004B16
0x004BD8,0x5A4,ram_5A4,write,,"MOVWF ram_5A4, B",0x004B16
0x004BDA,0x048,ram_048,read,7,"BTFSC ram_048, 7, A",0x004B16
0x004BDE,0x048,ram_048,read,,"MOVF ram_048, W, A",0x004B16
0x004BE0,0x047,ram_047,read,,"IORWF ram_047, W, A",0x004B16
0x004BE2,0x046,ram_046,read,,"IORWF ram_046, W, A",0x004B16
0x004BE8,0x045,ram_045,read,,"SUBWF ram_045, W, A",0x004B16
0x004BEE,0x045,ram_045,write,,"MOVWF ram_045, A",0x004B16
0x004BF2,0x046,ram_046,write,,"MOVWF ram_046, A",0x004B16
0x004BF4,0x047,ram_047,write,,"MOVWF ram_047, A",0x004B16
0x004BF6,0x048,ram_048,write,,"MOVWF ram_048, A",0x004B16
0x004BF8,0x048,ram_048,read,7,"BTFSC ram_048, 7, A",0x004B16
0x004BFE,0x045,ram_045,read,,"SUBWF ram_045, W, A",0x004B16
0x004C02,0x046,ram_046,read,,"SUBWFB ram_046, W, A",0x004B16
0x004C06,0x047,ram_047,read,,"SUBWFB ram_047, W, A",0x004B16
0x004C0A,0x048,ram_048,read,,"SUBWFB ram_048, W, A",0x004B16
0x004C0E,0x045,ram_045,write,,"SETF ram_045, A",0x004B16
0x004C10,0x046,ram_046,write,,"SETF ram_046, A",0x004B16
0x004C12,0x047,ram_047,write,,"SETF ram_047, A",0x004B16
0x004C16,0x048,ram_048,write,,"MOVWF ram_048, A",0x004B16
0x004C1A,0x449,ram_449,read,7,"BTFSC ram_449, 7, B",0x004B16
0x004C1E,0x449,ram_449,read,,"MOVF ram_449, W, B",0x004B16
0x004C22,0x446,ram_446,read,,"INCF ram_446, W, B",0x004B16
0x004C26,0x447,ram_447,read,,"SUBWFB ram_447, W, B",0x004B16
0x004C2A,0x448,ram_448,read,,"SUBWFB ram_448, W, B",0x004B16
0x004C30,0x5A5,ram_5A5,read,,"MOVF ram_5A5, W, B",0x004B16
0x004C34,0x045,ram_045,read,,"MOVFF ram_045, ram_025",0x004B16
0x004C34,0x025,ram_025,write,,"MOVFF ram_045, ram_025",0x004B16
0x004C38,0x046,ram_046,read,,"MOVFF ram_046, ram_026",0x004B16
0x004C38,0x026,ram_026,write,,"MOVFF ram_046, ram_026",0x004B16
0x004C3C,0x047,ram_047,read,,"MOVFF ram_047, ram_027",0x004B16
0x004C3C,0x027,ram_027,write,,"MOVFF ram_047, ram_027",0x004B16
0x004C40,0x048,ram_048,read,,"MOVFF ram_048, ram_028",0x004B16
0x004C40,0x028,ram_028,write,,"MOVFF ram_048, ram_028",0x004B16
0x004C46,0x025,ram_025,read,,"MULWF ram_025, A",0x004B16
0x004C48,0xFF3,PRODL,read,,"MOVFF PRODL, ram_029",0x004B16
0x004C48,0x029,ram_029,write,,"MOVFF PRODL, ram_029",0x004B16
0x004C4C,0xFF4,PRODH,read,,"MOVFF PRODH, ram_02A",0x004B16
0x004C4C,0x02A,ram_02A,write,,"MOVFF PRODH, ram_02A",0x004B16
0x004C50,0x02B,ram_02B,write,,"CLRF ram_02B, A",0x004B16
0x004C52,0x02C,ram_02C,write,,"CLRF ram_02C, A",0x004B16
0x004C54,0x026,ram_026,read,,"MULWF ram_026, A",0x004B16
0x004C56,0xFF3,PRODL,read,,"MOVF PRODL, W, A",0x004B16
0x004C58,0x02A,ram_02A,read_write,,"ADDWF ram_02A, F, A",0x004B16
0x004C5A,0xFF4,PRODH,read,,"MOVF PRODH, W, A",0x004B16
0x004C5C,0x02B,ram_02B,read_write,,"ADDWFC ram_02B, F, A",0x004B16
0x004C60,0x02C,ram_02C,read_write,,"ADDWFC ram_02C, F, A",0x004B16
0x004C62,0x025,ram_025,read,,"MULWF ram_025, A",0x004B16
0x004C64,0xFF3,PRODL,read,,"MOVF PRODL, W, A",0x004B16
0x004C66,0x02A,ram_02A,read_write,,"ADDWF ram_02A, F, A",0x004B16
0x004C68,0xFF4,PRODH,read,,"MOVF PRODH, W, A",0x004B16
0x004C6A,0x02B,ram_02B,read_write,,"ADDWFC ram_02B, F, A",0x004B16
0x004C6E,0x02C,ram_02C,read_write,,"ADDWFC ram_02C, F, A",0x004B16
0x004C72,0x027,ram_027,read,,"MULWF ram_027, A",0x004B16
0x004C74,0xFF3,PRODL,read,,"MOVF PRODL, W, A",0x004B16
0x004C76,0x02B,ram_02B,read_write,,"ADDWF ram_02B, F, A",0x004B16
0x004C78,0xFF4,PRODH,read,,"MOVF PRODH, W, A",0x004B16
0x004C7A,0x02C,ram_02C,read_write,,"ADDWFC ram_02C, F, A",0x004B16
0x004C7E,0x026,ram_026,read,,"MULWF ram_026, A",0x004B16
0x004C80,0xFF3,PRODL,read,,"MOVF PRODL, W, A",0x004B16
0x004C82,0x02B,ram_02B,read_write,,"ADDWF ram_02B, F, A",0x004B16
0x004C84,0xFF4,PRODH,read,,"MOVF PRODH, W, A",0x004B16
0x004C86,0x02C,ram_02C,read_write,,"ADDWFC ram_02C, F, A",0x004B16
0x004C8A,0x025,ram_025,read,,"MULWF ram_025, A",0x004B16
0x004C8C,0xFF3,PRODL,read,,"MOVF PRODL, W, A",0x004B16
0x004C8E,0x02B,ram_02B,read_write,,"ADDWF ram_02B, F, A",0x004B16
0x004C90,0xFF4,PRODH,read,,"MOVF PRODH, W, A",0x004B16
0x004C92,0x02C,ram_02C,read_write,,"ADDWFC ram_02C, F, A",0x004B16
0x004C96,0x028,ram_028,read,,"MULWF ram_028, A",0x004B16
0x004C98,0xFF3,PRODL,read,,"MOVF PRODL, W, A",0x004B16
0x004C9A,0x02C,ram_02C,read_write,,"ADDWF ram_02C, F, A",0x004B16
0x004C9E,0x027,ram_027,read,,"MULWF ram_027, A",0x004B16
0x004CA0,0xFF3,PRODL,read,,"MOVF PRODL, W, A",0x004B16
0x004CA2,0x02C,ram_02C,read_write,,"ADDWF ram_02C, F, A",0x004B16
0x004CA6,0x026,ram_026,read,,"MULWF ram_026, A",0x004B16
0x004CA8,0xFF3,PRODL,read,,"MOVF PRODL, W, A",0x004B16
0x004CAA,0x02C,ram_02C,read_write,,"ADDWF ram_02C, F, A",0x004B16
0x004CAE,0x025,ram_025,read,,"MULWF ram_025, A",0x004B16
0x004CB0,0xFF3,PRODL,read,,"MOVF PRODL, W, A",0x004B16
0x004CB2,0x02C,ram_02C,read_write,,"ADDWF ram_02C, F, A",0x004B16
0x004CB6,0x446,ram_446,read,,"MOVF ram_446, W, B",0x004B16
0x004CB8,0x029,ram_029,read,,"SUBWF ram_029, W, A",0x004B16
0x004CBA,0x447,ram_447,read,,"MOVF ram_447, W, B",0x004B16
0x004CBC,0x02A,ram_02A,read,,"SUBWFB ram_02A, W, A",0x004B16
0x004CBE,0x448,ram_448,read,,"MOVF ram_448, W, B",0x004B16
0x004CC0,0x02B,ram_02B,read,,"SUBWFB ram_02B, W, A",0x004B16
0x004CC2,0x02C,ram_02C,read,,"MOVF ram_02C, W, A",0x004B16
0x004CC6,0x02D,ram_02D,write,,"MOVWF ram_02D, A",0x004B16
0x004CC8,0x449,ram_449,read,,"MOVF ram_449, W, B",0x004B16
0x004CCC,0x02D,ram_02D,read,,"SUBWFB ram_02D, W, A",0x004B16
0x004CD0,0x481,ram_481,write,,"CLRF ram_481, B",0x004B16
0x004CD2,0x446,ram_446,write,,"CLRF ram_446, B",0x004B16
0x004CD4,0x447,ram_447,write,,"CLRF ram_447, B",0x004B16
0x004CD6,0x448,ram_448,write,,"CLRF ram_448, B",0x004B16
0x004CD8,0x449,ram_449,write,,"CLRF ram_449, B",0x004B16
0x004CDC,0x5A5,ram_5A5,write,,"CLRF ram_5A5, B",0x004B16
0x004CE0,0x586,ram_586,read,,"MOVF ram_586, W, B",0x004B16
0x004CE2,0x587,ram_587,read,,"IORWF ram_587, W, B",0x004B16
0x004CE4,0x588,ram_588,read,,"IORWF ram_588, W, B",0x004B16
0x004CE6,0x589,ram_589,read,,"IORWF ram_589, W, B",0x004B16
0x004CEA,0x586,ram_586,read,,"MOVFF ram_586, ram_0D7",0x004B16
0x004CEA,0x0D7,ram_0D7,write,,"MOVFF ram_586, ram_0D7",0x004B16
0x004CEE,0x587,ram_587,read,,"MOVFF ram_587, ram_0D8",0x004B16
0x004CEE,0x0D8,ram_0D8,write,,"MOVFF ram_587, ram_0D8",0x004B16
0x004CF2,0x588,ram_588,read,,"MOVFF ram_588, ram_0D9",0x004B16
0x004CF2,0x0D9,ram_0D9,write,,"MOVFF ram_588, ram_0D9",0x004B16
0x004CF6,0x589,ram_589,read,,"MOVFF ram_589, ram_0DA",0x004B16
0x004CF6,0x0DA,ram_0DA,write,,"MOVFF ram_589, ram_0DA",0x004B16
0x004CFA,0x586,ram_586,write,,"CLRF ram_586, B",0x004B16
0x004CFC,0x587,ram_587,write,,"CLRF ram_587, B",0x004B16
0x004CFE,0x588,ram_588,write,,"CLRF ram_588, B",0x004B16
0x004D00,0x589,ram_589,write,,"CLRF ram_589, B",0x004B16
0x004D04,0x0DA,ram_0DA,read,7,"BTFSC ram_0DA, 7, B",0x004B16
0x004D08,0x0DA,ram_0DA,read,,"MOVF ram_0DA, W, B",0x004B16
0x004D0A,0x0D9,ram_0D9,read,,"IORWF ram_0D9, W, B",0x004B16
0x004D10,0x0D7,ram_0D7,read,,"SUBWF ram_0D7, W, B",0x004B16
0x004D14,0x0D8,ram_0D8,read,,"SUBWFB ram_0D8, W, B",0x004B16
0x004D1A,0x481,ram_481,write,,"CLRF ram_481, B",0x004B16
0x004D1C,0x446,ram_446,write,,"CLRF ram_446, B",0x004B16
0x004D1E,0x447,ram_447,write,,"CLRF ram_447, B",0x004B16
0x004D20,0x448,ram_448,write,,"CLRF ram_448, B",0x004B16
0x004D22,0x449,ram_449,write,,"CLRF ram_449, B",0x004B16
0x004D26,0x0D7,ram_0D7,write,,"CLRF ram_0D7, B",0x004B16
0x004D28,0x0D8,ram_0D8,write,,"CLRF ram_0D8, B",0x004B16
0x004D2A,0x0D9,ram_0D9,write,,"CLRF ram_0D9, B",0x004B16
0x004D2C,0x0DA,ram_0DA,write,,"CLRF ram_0DA, B",0x004B16
0x004D2E,0x0CD,ram_0CD,write,,"CLRF ram_0CD, B",0x004B16
0x004D30,0x0CE,ram_0CE,write,,"CLRF ram_0CE, B",0x004B16
0x004D34,0x0CE,ram_0CE,write,,"CLRF ram_0CE, B",0x004B16
0x004D38,0x0CD,ram_0CD,write,,"MOVWF ram_0CD, B",0x004B16
0x004D3C,0x5A5,ram_5A5,write,,"MOVWF ram_5A5, B",0x004B16
0x004D40,0x0CD,ram_0CD,read,,"DECF ram_0CD, W, B",0x004B16
0x004D42,0x0CE,ram_0CE,read,,"IORWF ram_0CE, W, B",0x004B16
0x004D44,0xFD8,STATUS,read,2,"BTFSS STATUS, 2, A",0x004B16
0x004D48,0x0D7,ram_0D7,read,,"MOVFF ram_0D7, ram_012",0x004B16
0x004D48,0x012,ram_012,write,,"MOVFF ram_0D7, ram_012",0x004B16
0x004D4C,0x0D8,ram_0D8,read,,"MOVFF ram_0D8, ram_013",0x004B16
0x004D4C,0x013,ram_013,write,,"MOVFF ram_0D8, ram_013",0x004B16
0x004D50,0x0D9,ram_0D9,read,,"MOVFF ram_0D9, ram_014",0x004B16
0x004D50,0x014,ram_014,write,,"MOVFF ram_0D9, ram_014",0x004B16
0x004D54,0x0DA,ram_0DA,read,,"MOVFF ram_0DA, ram_015",0x004B16
0x004D54,0x015,ram_015,write,,"MOVFF ram_0DA, ram_015",0x004B16
0x004D5A,0x016,ram_016,write,,"MOVWF ram_016, A",0x004B16
0x004D5C,0x017,ram_017,write,,"CLRF ram_017, A",0x004B16
0x004D5E,0x018,ram_018,write,,"CLRF ram_018, A",0x004B16
0x004D60,0x019,ram_019,write,,"CLRF ram_019, A",0x004B16
0x004D66,0x012,ram_012,read,,"MOVFF ram_012, ram_0CF",0x004B16
0x004D66,0x0CF,ram_0CF,write,,"MOVFF ram_012, ram_0CF",0x004B16
0x004D6A,0x013,ram_013,read,,"MOVFF ram_013, ram_0D0",0x004B16
0x004D6A,0x0D0,ram_0D0,write,,"MOVFF ram_013, ram_0D0",0x004B16
0x004D6E,0x014,ram_014,read,,"MOVFF ram_014, ram_0D1",0x004B16
0x004D6E,0x0D1,ram_0D1,write,,"MOVFF ram_014, ram_0D1",0x004B16
0x004D72,0x015,ram_015,read,,"MOVFF ram_015, ram_0D2",0x004B16
0x004D72,0x0D2,ram_0D2,write,,"MOVFF ram_015, ram_0D2",0x004B16
0x004D78,0x0D2,ram_0D2,read,7,"BTFSC ram_0D2, 7, B",0x004B16
0x004D7C,0x0D2,ram_0D2,read,,"DECF ram_0D2, W, B",0x004B16
0x004D80,0x0CF,ram_0CF,write,,"SETF ram_0CF, B",0x004B16
0x004D82,0x0D0,ram_0D0,write,,"SETF ram_0D0, B",0x004B16
0x004D84,0x0D1,ram_0D1,write,,"SETF ram_0D1, B",0x004B16
0x004D86,0x0D2,ram_0D2,write,,"CLRF ram_0D2, B",0x004B16
0x004D88,0x0D2,ram_0D2,read,7,"BTFSC ram_0D2, 7, B",0x004B16
0x004D8C,0x0D2,ram_0D2,read,,"MOVF ram_0D2, W, B",0x004B16
0x004D8E,0x0D1,ram_0D1,read,,"IORWF ram_0D1, W, B",0x004B16
0x004D90,0x0D0,ram_0D0,read,,"IORWF ram_0D0, W, B",0x004B16
0x004D96,0x0CF,ram_0CF,read,,"SUBWF ram_0CF, W, B",0x004B16
0x004D9C,0x0CF,ram_0CF,write,,"MOVWF ram_0CF, B",0x004B16
0x004D9E,0x0D0,ram_0D0,write,,"CLRF ram_0D0, B",0x004B16
0x004DA0,0x0D1,ram_0D1,write,,"CLRF ram_0D1, B",0x004B16
0x004DA2,0x0D2,ram_0D2,write,,"CLRF ram_0D2, B",0x004B16
0x004DA4,0x0CF,ram_0CF,read,,"MOVF ram_0CF, W, B",0x004B16
0x004DA6,0x045,ram_045,read,,"SUBWF ram_045, W, A",0x004B16
0x004DA8,0x0D3,ram_0D3,write,,"MOVWF ram_0D3, B",0x004B16
0x004DAA,0x0D0,ram_0D0,read,,"MOVF ram_0D0, W, B",0x004B16
0x004DAC,0x046,ram_046,read,,"SUBWFB ram_046, W, A",0x004B16
0x004DAE,0x0D4,ram_0D4,write,,"MOVWF ram_0D4, B",0x004B16
0x004DB0,0x0D1,ram_0D1,read,,"MOVF ram_0D1, W, B",0x004B16
0x004DB2,0x047,ram_047,read,,"SUBWFB ram_047, W, A",0x004B16
0x004DB4,0x0D5,ram_0D5,write,,"MOVWF ram_0D5, B",0x004B16
0x004DB6,0x0D2,ram_0D2,read,,"MOVF ram_0D2, W, B",0x004B16
0x004DB8,0x048,ram_048,read,,"SUBWFB ram_048, W, A",0x004B16
0x004DBA,0x0D6,ram_0D6,write,,"MOVWF ram_0D6, B",0x004B16
0x004DBC,0x0D3,ram_0D3,read,,"MOVF ram_0D3, W, B",0x004B16
0x004DBE,0x0D4,ram_0D4,read,,"IORWF ram_0D4, W, B",0x004B16
0x004DC0,0x0D5,ram_0D5,read,,"IORWF ram_0D5, W, B",0x004B16
0x004DC2,0x0D6,ram_0D6,read,,"IORWF ram_0D6, W, B",0x004B16
0x004DC8,0x0CF,ram_0CF,read,,"MOVFF ram_0CF, ram_045",0x004B16
0x004DC8,0x045,ram_045,write,,"MOVFF ram_0CF, ram_045",0x004B16
0x004DCC,0x0D0,ram_0D0,read,,"MOVFF ram_0D0, ram_046",0x004B16
0x004DCC,0x046,ram_046,write,,"MOVFF ram_0D0, ram_046",0x004B16
0x004DD0,0x0D1,ram_0D1,read,,"MOVFF ram_0D1, ram_047",0x004B16
0x004DD0,0x047,ram_047,write,,"MOVFF ram_0D1, ram_047",0x004B16
0x004DD4,0x0D2,ram_0D2,read,,"MOVFF ram_0D2, ram_048",0x004B16
0x004DD4,0x048,ram_048,write,,"MOVFF ram_0D2, ram_048",0x004B16
0x004DD8,0x045,ram_045,read,,"MOVFF ram_045, ram_041",0x004B16
0x004DD8,0x041,ram_041,write,,"MOVFF ram_045, ram_041",0x004B16
0x004DDC,0x046,ram_046,read,,"MOVFF ram_046, ram_042",0x004B16
0x004DDC,0x042,ram_042,write,,"MOVFF ram_046, ram_042",0x004B16
0x004DE0,0x047,ram_047,read,,"MOVFF ram_047, ram_043",0x004B16
0x004DE0,0x043,ram_043,write,,"MOVFF ram_047, ram_043",0x004B16
0x004DE4,0x048,ram_048,read,,"MOVFF ram_048, ram_044",0x004B16
0x004DE4,0x044,ram_044,write,,"MOVFF ram_048, ram_044",0x004B16
0x004DE8,0x049,ram_049,read,,"MOVF ram_049, W, A",0x004B16
0x004DEA,0x045,ram_045,read,,"SUBWF ram_045, W, A",0x004B16
0x004DEC,0x04A,ram_04A,read,,"MOVF ram_04A, W, A",0x004B16
0x004DEE,0x046,ram_046,read,,"SUBWFB ram_046, W, A",0x004B16
0x004DF0,0x04B,ram_04B,read,,"MOVF ram_04B, W, A",0x004B16
0x004DF2,0x047,ram_047,read,,"SUBWFB ram_047, W, A",0x004B16
0x004DF4,0x048,ram_048,read,,"MOVF ram_048, W, A",0x004B16
0x004DF8,0x025,ram_025,write,,"MOVWF ram_025, A",0x004B16
0x004DFA,0x04C,ram_04C,read,,"MOVF ram_04C, W, A",0x004B16
0x004DFE,0x025,ram_025,read,,"SUBWFB ram_025, W, A",0x004B16
0x004E02,0x045,ram_045,read,,"MOVFF ram_045, ram_049",0x004B16
0x004E02,0x049,ram_049,write,,"MOVFF ram_045, ram_049",0x004B16
0x004E06,0x046,ram_046,read,,"MOVFF ram_046, ram_04A",0x004B16
0x004E06,0x04A,ram_04A,write,,"MOVFF ram_046, ram_04A",0x004B16
0x004E0A,0x047,ram_047,read,,"MOVFF ram_047, ram_04B",0x004B16
0x004E0A,0x04B,ram_04B,write,,"MOVFF ram_047, ram_04B",0x004B16
0x004E0E,0x048,ram_048,read,,"MOVFF ram_048, ram_04C",0x004B16
0x004E0E,0x04C,ram_04C,write,,"MOVFF ram_048, ram_04C",0x004B16
0x004E16,0x47F,ram_47F,write,,"MOVWF ram_47F, B",0x004B16
0x004E1A,0x0D3,ram_0D3,read,,"MOVF ram_0D3, W, B",0x004B16
0x004E1C,0x0D4,ram_0D4,read,,"IORWF ram_0D4, W, B",0x004B16
0x004E1E,0x0D5,ram_0D5,read,,"IORWF ram_0D5, W, B",0x004B16
0x004E20,0x0D6,ram_0D6,read,,"IORWF ram_0D6, W, B",0x004B16
0x004E26,0x442,ram_442,read,,"MOVF ram_442, W, B",0x004B16
0x004E28,0x443,ram_443,read,,"IORWF ram_443, W, B",0x004B16
0x004E2A,0x444,ram_444,read,,"IORWF ram_444, W, B",0x004B16
0x004E2C,0x445,ram_445,read,,"IORWF ram_445, W, B",0x004B16
0x004E34,0x442,ram_442,read,,"MOVF ram_442, W, B",0x004B16
0x004E36,0x045,ram_045,read,,"SUBWF ram_045, W, A",0x004B16
0x004E3A,0x0D3,ram_0D3,write,,"MOVWF ram_0D3, B",0x004B16
0x004E3E,0x443,ram_443,read,,"MOVF ram_443, W, B",0x004B16
0x004E40,0x046,ram_046,read,,"SUBWFB ram_046, W, A",0x004B16
0x004E44,0x0D4,ram_0D4,write,,"MOVWF ram_0D4, B",0x004B16
0x004E48,0x444,ram_444,read,,"MOVF ram_444, W, B",0x004B16
0x004E4A,0x047,ram_047,read,,"SUBWFB ram_047, W, A",0x004B16
0x004E4E,0x0D5,ram_0D5,write,,"MOVWF ram_0D5, B",0x004B16
0x004E52,0x445,ram_445,read,,"MOVF ram_445, W, B",0x004B16
0x004E54,0x048,ram_048,read,,"SUBWFB ram_048, W, A",0x004B16
0x004E58,0x0D6,ram_0D6,write,,"MOVWF ram_0D6, B",0x004B16
0x004E5C,0x0D3,ram_0D3,read,,"MOVFF ram_0D3, ram_012",0x004B16
0x004E5C,0x012,ram_012,write,,"MOVFF ram_0D3, ram_012",0x004B16
0x004E60,0x0D4,ram_0D4,read,,"MOVFF ram_0D4, ram_013",0x004B16
0x004E60,0x013,ram_013,write,,"MOVFF ram_0D4, ram_013",0x004B16
0x004E64,0x0D5,ram_0D5,read,,"MOVFF ram_0D5, ram_014",0x004B16
0x004E64,0x014,ram_014,write,,"MOVFF ram_0D5, ram_014",0x004B16
0x004E68,0x0D6,ram_0D6,read,,"MOVFF ram_0D6, ram_015",0x004B16
0x004E68,0x015,ram_015,write,,"MOVFF ram_0D6, ram_015",0x004B16
0x004E6E,0x016,ram_016,write,,"MOVWF ram_016, A",0x004B16
0x004E70,0x017,ram_017,write,,"CLRF ram_017, A",0x004B16
0x004E72,0x018,ram_018,write,,"CLRF ram_018, A",0x004B16
0x004E74,0x019,ram_019,write,,"CLRF ram_019, A",0x004B16
0x004E7A,0x012,ram_012,read,,"MOVFF ram_012, ram_0D3",0x004B16
0x004E7A,0x0D3,ram_0D3,write,,"MOVFF ram_012, ram_0D3",0x004B16
0x004E7E,0x013,ram_013,read,,"MOVFF ram_013, ram_0D4",0x004B16
0x004E7E,0x0D4,ram_0D4,write,,"MOVFF ram_013, ram_0D4",0x004B16
0x004E82,0x014,ram_014,read,,"MOVFF ram_014, ram_0D5",0x004B16
0x004E82,0x0D5,ram_0D5,write,,"MOVFF ram_014, ram_0D5",0x004B16
0x004E86,0x015,ram_015,read,,"MOVFF ram_015, ram_0D6",0x004B16
0x004E86,0x0D6,ram_0D6,write,,"MOVFF ram_015, ram_0D6",0x004B16
0x004E8A,0x045,ram_045,read,,"MOVFF ram_045, ram_012",0x004B16
0x004E8A,0x012,ram_012,write,,"MOVFF ram_045, ram_012",0x004B16
0x004E8E,0x046,ram_046,read,,"MOVFF ram_046, ram_013",0x004B16
0x004E8E,0x013,ram_013,write,,"MOVFF ram_046, ram_013",0x004B16
0x004E92,0x047,ram_047,read,,"MOVFF ram_047, ram_014",0x004B16
0x004E92,0x014,ram_014,write,,"MOVFF ram_047, ram_014",0x004B16
0x004E96,0x048,ram_048,read,,"MOVFF ram_048, ram_015",0x004B16
0x004E96,0x015,ram_015,write,,"MOVFF ram_048, ram_015",0x004B16
0x004E9C,0x016,ram_016,write,,"MOVWF ram_016, A",0x004B16
0x004E9E,0x017,ram_017,write,,"CLRF ram_017, A",0x004B16
0x004EA0,0x018,ram_018,write,,"CLRF ram_018, A",0x004B16
0x004EA2,0x019,ram_019,write,,"CLRF ram_019, A",0x004B16
0x004EAA,0x0D3,ram_0D3,read,,"MOVF ram_0D3, W, B",0x004B16
0x004EAC,0x012,ram_012,read,,"SUBWF ram_012, W, A",0x004B16
0x004EAE,0x0D4,ram_0D4,read,,"MOVF ram_0D4, W, B",0x004B16
0x004EB0,0x013,ram_013,read,,"SUBWFB ram_013, W, A",0x004B16
0x004EB2,0x0D5,ram_0D5,read,,"MOVF ram_0D5, W, B",0x004B16
0x004EB4,0x014,ram_014,read,,"SUBWFB ram_014, W, A",0x004B16
0x004EB6,0x015,ram_015,read,,"MOVF ram_015, W, A",0x004B16
0x004EBA,0x025,ram_025,write,,"MOVWF ram_025, A",0x004B16
0x004EBC,0x0D6,ram_0D6,read,,"MOVF ram_0D6, W, B",0x004B16
0x004EC0,0x025,ram_025,read,,"SUBWFB ram_025, W, A",0x004B16
0x004EC6,0x442,ram_442,read,,"MOVFF ram_442, ram_012",0x004B16
0x004EC6,0x012,ram_012,write,,"MOVFF ram_442, ram_012",0x004B16
0x004ECA,0x443,ram_443,read,,"MOVFF ram_443, ram_013",0x004B16
0x004ECA,0x013,ram_013,write,,"MOVFF ram_443, ram_013",0x004B16
0x004ECE,0x444,ram_444,read,,"MOVFF ram_444, ram_014",0x004B16
0x004ECE,0x014,ram_014,write,,"MOVFF ram_444, ram_014",0x004B16
0x004ED2,0x445,ram_445,read,,"MOVFF ram_445, ram_015",0x004B16
0x004ED2,0x015,ram_015,write,,"MOVFF ram_445, ram_015",0x004B16
0x004ED8,0x016,ram_016,write,,"MOVWF ram_016, A",0x004B16
0x004EDA,0x017,ram_017,write,,"CLRF ram_017, A",0x004B16
0x004EDC,0x018,ram_018,write,,"CLRF ram_018, A",0x004B16
0x004EDE,0x019,ram_019,write,,"CLRF ram_019, A",0x004B16
0x004EE4,0x012,ram_012,read,,"MOVFF ram_012, ram_442",0x004B16
0x004EE4,0x442,ram_442,write,,"MOVFF ram_012, ram_442",0x004B16
0x004EE8,0x013,ram_013,read,,"MOVFF ram_013, ram_443",0x004B16
0x004EE8,0x443,ram_443,write,,"MOVFF ram_013, ram_443",0x004B16
0x004EEC,0x014,ram_014,read,,"MOVFF ram_014, ram_444",0x004B16
0x004EEC,0x444,ram_444,write,,"MOVFF ram_014, ram_444",0x004B16
0x004EF0,0x015,ram_015,read,,"MOVFF ram_015, ram_445",0x004B16
0x004EF0,0x445,ram_445,write,,"MOVFF ram_015, ram_445",0x004B16
0x004EF4,0x045,ram_045,read,,"MOVFF ram_045, ram_012",0x004B16
0x004EF4,0x012,ram_012,write,,"MOVFF ram_045, ram_012",0x004B16
0x004EF8,0x046,ram_046,read,,"MOVFF ram_046, ram_013",0x004B16
0x004EF8,0x013,ram_013,write,,"MOVFF ram_046, ram_013",0x004B16
0x004EFC,0x047,ram_047,read,,"MOVFF ram_047, ram_014",0x004B16
0x004EFC,0x014,ram_014,write,,"MOVFF ram_047, ram_014",0x004B16
0x004F00,0x048,ram_048,read,,"MOVFF ram_048, ram_015",0x004B16
0x004F00,0x015,ram_015,write,,"MOVFF ram_048, ram_015",0x004B16
0x004F06,0x016,ram_016,write,,"MOVWF ram_016, A",0x004B16
0x004F08,0x017,ram_017,write,,"CLRF ram_017, A",0x004B16
0x004F0A,0x018,ram_018,write,,"CLRF ram_018, A",0x004B16
0x004F0C,0x019,ram_019,write,,"CLRF ram_019, A",0x004B16
0x004F14,0x442,ram_442,read,,"MOVF ram_442, W, B",0x004B16
0x004F16,0x012,ram_012,read,,"SUBWF ram_012, W, A",0x004B16
0x004F18,0x443,ram_443,read,,"MOVF ram_443, W, B",0x004B16
0x004F1A,0x013,ram_013,read,,"SUBWFB ram_013, W, A",0x004B16
0x004F1C,0x444,ram_444,read,,"MOVF ram_444, W, B",0x004B16
0x004F1E,0x014,ram_014,read,,"SUBWFB ram_014, W, A",0x004B16
0x004F20,0x015,ram_015,read,,"MOVF ram_015, W, A",0x004B16
0x004F24,0x025,ram_025,write,,"MOVWF ram_025, A",0x004B16
0x004F26,0x445,ram_445,read,,"MOVF ram_445, W, B",0x004B16
0x004F2A,0x025,ram_025,read,,"SUBWFB ram_025, W, A",0x004B16
0x004F2E,0x480,ram_480,read,,"MOVF ram_480, W, B",0x004B16
0x004F34,0x0D3,ram_0D3,read,,"MOVF ram_0D3, W, B",0x004B16
0x004F36,0x041,ram_041,read_write,,"ADDWF ram_041, F, A",0x004B16
0x004F38,0x0D4,ram_0D4,read,,"MOVF ram_0D4, W, B",0x004B16
0x004F3A,0x042,ram_042,read_write,,"ADDWFC ram_042, F, A",0x004B16
0x004F3C,0x0D5,ram_0D5,read,,"MOVF ram_0D5, W, B",0x004B16
0x004F3E,0x043,ram_043,read_write,,"ADDWFC ram_043, F, A",0x004B16
0x004F40,0x0D6,ram_0D6,read,,"MOVF ram_0D6, W, B",0x004B16
0x004F42,0x044,ram_044,read_write,,"ADDWFC ram_044, F, A",0x004B16
0x004F46,0x480,ram_480,read,,"MOVF ram_480, W, B",0x004B16
0x004F4A,0x442,ram_442,read,,"MOVF ram_442, W, B",0x004B16
0x004F4C,0x041,ram_041,read_write,,"SUBWF ram_041, F, A",0x004B16
0x004F4E,0x443,ram_443,read,,"MOVF ram_443, W, B",0x004B16
0x004F50,0x042,ram_042,read_write,,"SUBWFB ram_042, F, A",0x004B16
0x004F52,0x444,ram_444,read,,"MOVF ram_444, W, B",0x004B16
0x004F54,0x043,ram_043,read_write,,"SUBWFB ram_043, F, A",0x004B16
0x004F56,0x445,ram_445,read,,"MOVF ram_445, W, B",0x004B16
0x004F58,0x044,ram_044,read_write,,"SUBWFB ram_044, F, A",0x004B16
0x004F5C,0x442,ram_442,write,,"CLRF ram_442, B",0x004B16
0x004F5E,0x443,ram_443,write,,"CLRF ram_443, B",0x004B16
0x004F60,0x444,ram_444,write,,"CLRF ram_444, B",0x004B16
0x004F62,0x445,ram_445,write,,"CLRF ram_445, B",0x004B16
0x004F76,0x0BA,ram_0BA,write,,"CLRF ram_0BA, B",0x004F66
0x004F78,0x0BB,ram_0BB,write,,"CLRF ram_0BB, B",0x004F66
0x004F7A,0xFD8,STATUS,read_write,0,"BCF STATUS, 0, A",0x004F66
0x004F7C,0x0BA,ram_0BA,read,,"RLCF ram_0BA, W, B",0x004F66
0x004F7E,0xFD9,FSR2L,write,,"MOVWF FSR2L, A",0x004F66
0x004F80,0x0BB,ram_0BB,read,,"RLCF ram_0BB, W, B",0x004F66
0x004F82,0xFDA,FSR2H,write,,"MOVWF FSR2H, A",0x004F66
0x004F86,0xFD9,FSR2L,read_write,,"ADDWF FSR2L, F, A",0x004F66
0x004F8A,0xFDA,FSR2H,read_write,,"ADDWFC FSR2H, F, A",0x004F66
0x004F8C,0x0BA,ram_0BA,read,,"MOVF ram_0BA, W, B",0x004F66
0x004F90,0xFE1,FSR1L,write,,"MOVWF FSR1L, A",0x004F66
0x004F92,0xFE2,FSR1H,write,,"CLRF FSR1H, A",0x004F66
0x004F94,0xFDF,INDF2,read,,"MOVFF INDF2, INDF1",0x004F66
0x004F94,0xFE7,INDF1,write,,"MOVFF INDF2, INDF1",0x004F66
0x004F9A,0x0BA,ram_0BA,read,,"ADDWF ram_0BA, W, B",0x004F66
0x004F9C,0xFD9,FSR2L,write,,"MOVWF FSR2L, A",0x004F66
0x004FA0,0x0BB,ram_0BB,read,,"ADDWFC ram_0BB, W, B",0x004F66
0x004FA2,0xFDA,FSR2H,write,,"MOVWF FSR2H, A",0x004F66
0x004FA4,0x0BA,ram_0BA,read,,"MOVF ram_0BA, W, B",0x004F66
0x004FA8,0xFE1,FSR1L,write,,"MOVWF FSR1L, A",0x004F66
0x004FAA,0xFE2,FSR1H,write,,"CLRF FSR1H, A",0x004F66
0x004FAC,0xFDF,INDF2,read,,"MOVFF INDF2, INDF1",0x004F66
0x004FAC,0xFE7,INDF1,write,,"MOVFF INDF2, INDF1",0x004F66
0x004FB2,0x06A,ram_06A,write,,"MOVWF ram_06A, B",0x004F66
0x004FB6,0x06B,ram_06B,write,,"MOVWF ram_06B, B",0x004F66
0x004FB8,0xFD8,STATUS,read_write,0,"BCF STATUS, 0, A",0x004F66
0x004FBA,0x0BA,ram_0BA,read,,"RLCF ram_0BA, W, B",0x004F66
0x004FBC,0xFD9,FSR2L,write,,"MOVWF FSR2L, A",0x004F66
0x004FBE,0x0BB,ram_0BB,read,,"RLCF ram_0BB, W, B",0x004F66
0x004FC0,0xFDA,FSR2H,write,,"MOVWF FSR2H, A",0x004F66
0x004FC2,0xFD8,STATUS,read_write,0,"BCF STATUS, 0, A",0x004F66
0x004FC4,0xFD9,FSR2L,read_write,,"RLCF FSR2L, F, A",0x004F66
0x004FC6,0xFDA,FSR2H,read_write,,"RLCF FSR2H, F, A",0x004F66
0x004FC8,0x06A,ram_06A,read,,"MOVF ram_06A, W, B",0x004F66
0x004FCA,0xFD9,FSR2L,read_write,,"ADDWF FSR2L, F, A",0x004F66
0x004FCC,0x06B,ram_06B,read,,"MOVF ram_06B, W, B",0x004F66
0x004FCE,0xFDA,FSR2H,read_write,,"ADDWFC FSR2H, F, A",0x004F66
0x004FD0,0x0BA,ram_0BA,read,,"MOVF ram_0BA, W, B",0x004F66
0x004FD4,0xFF3,PRODL,read,,"MOVF PRODL, W, A",0x004F66
0x004FD8,0xFE1,FSR1L,write,,"MOVWF FSR1L, A",0x004F66
0x004FDA,0xFE2,FSR1H,write,,"CLRF FSR1H, A",0x004F66
0x004FDC,0xFDE,POSTINC2,read,,"MOVFF POSTINC2, POSTINC1",0x004F66
0x004FDC,0xFE6,POSTINC1,write,,"MOVFF POSTINC2, POSTINC1",0x004F66
0x004FE0,0xFDE,POSTINC2,read,,"MOVFF POSTINC2, POSTINC1",0x004F66
0x004FE0,0xFE6,POSTINC1,write,,"MOVFF POSTINC2, POSTINC1",0x004F66
0x004FE4,0xFDE,POSTINC2,read,,"MOVFF POSTINC2, POSTINC1",0x004F66
0x004FE4,0xFE6,POSTINC1,write,,"MOVFF POSTINC2, POSTINC1",0x004F66
0x004FE8,0xFDE,POSTINC2,read,,"MOVFF POSTINC2, POSTINC1",0x004F66
0x004FE8,0xFE6,POSTINC1,write,,"MOVFF POSTINC2, POSTINC1",0x004F66
0x004FEC,0x0BA,ram_0BA,read_write,,"INFSNZ ram_0BA, F, B",0x004F66
0x004FEE,0x0BB,ram_0BB,read_write,,"INCF ram_0BB, F, B",0x004F66
0x004FF2,0x0BA,ram_0BA,read,,"XORWF ram_0BA, W, B",0x004F66
0x004FF4,0x0BB,ram_0BB,read,,"IORWF ram_0BB, W, B",0x004F66
0x004FFA,0xF80,PORTA,read,0,"BTFSC PORTA, 0, A",0x004F66
0x004FFE,0x0AE,ram_0AE,write,,"MOVWF ram_0AE, B",0x004F66
0x005000,0x0AE,ram_0AE,read,,"MOVFF ram_0AE, ram_487",0x004F66
0x005000,0x487,ram_487,write,,"MOVFF ram_0AE, ram_487",0x004F66
0x005004,0x040,ram_040,read,7,"BTFSS ram_040, 7, A",0x004F66
0x00500A,0xF80,PORTA,read,5,"BTFSC PORTA, 5, A",0x004F66
0x00500E,0x0AE,ram_0AE,write,,"MOVWF ram_0AE, B",0x004F66
0x005010,0x040,ram_040,read,,"MOVFF ram_040, ram_06A",0x004F66
0x005010,0x06A,ram_06A,write,,"MOVFF ram_040, ram_06A",0x004F66
0x005016,0x06A,ram_06A,read_write,,"ANDWF ram_06A, F, B",0x004F66
0x00501A,0x06A,ram_06A,read,,"CPFSGT ram_06A, B",0x004F66
0x005022,0x040,ram_040,read,,"MOVFF ram_040, ram_06A",0x004F66
0x005022,0x06A,ram_06A,write,,"MOVFF ram_040, ram_06A",0x004F66
0x005028,0x06A,ram_06A,read_write,,"ANDWF ram_06A, F, B",0x004F66
0x00502C,0x06A,ram_06A,read,,"CPFSGT ram_06A, B",0x004F66
0x005032,0x040,ram_040,read_write,,"ANDWF ram_040, F, A",0x004F66
0x005034,0x040,ram_040,read,,"MOVF ram_040, W, A",0x004F66
0x005038,0x0BE,ram_0BE,write,,"MOVWF ram_0BE, B",0x004F66
0x00503A,0x0BE,ram_0BE,read,,"MOVF ram_0BE, W, B",0x004F66
0x005042,0x466,ram_466,read,,"MOVF ram_466, W, B",0x004F66
0x00504A,0x0AE,ram_0AE,read,,"MOVF ram_0AE, W, B",0x004F66
0x005052,0x465,ram_465,read,,"MOVF ram_465, W, B",0x004F66
0x005058,0x4F2,ram_4F2,read,,"MOVF ram_4F2, W, B",0x004F66
0x00505C,0x489,ram_489,read,,"MOVF ram_489, W, B",0x004F66
0x005060,0x490,ram_490,read,,"MOVF ram_490, W, B",0x004F66
0x005068,0xFD8,STATUS,read_write,0,"BCF STATUS, 0, A",0x004F66
0x00506A,0x0BE,ram_0BE,read_write,,"RRCF ram_0BE, F, B",0x004F66
0x005076,0xFDB,PLUSW2,read,,"MOVFF PLUSW2, PLUSW1",0x004F66
0x005076,0xFE3,PLUSW1,write,,"MOVFF PLUSW2, PLUSW1",0x004F66
0x00507A,0xFE8,WREG,read_write,,"DECF WREG, F, A",0x004F66
0x005080,0x0AB,ram_0AB,write,,"MOVWF ram_0AB, B",0x004F66
0x005082,0x0B3,ram_0B3,write,,"CLRF ram_0B3, B",0x004F66
0x00508E,0xFDB,PLUSW2,read,,"MOVFF PLUSW2, PLUSW1",0x004F66
0x00508E,0xFE3,PLUSW1,write,,"MOVFF PLUSW2, PLUSW1",0x004F66
0x005092,0xFE8,WREG,read_write,,"DECF WREG, F, A",0x004F66
0x005096,0x0A9,ram_0A9,write,,"CLRF ram_0A9, B",0x004F66
0x005098,0x0B6,ram_0B6,write,,"CLRF ram_0B6, B",0x004F66
0x00509A,0x0B7,ram_0B7,write,,"CLRF ram_0B7, B",0x004F66
0x00509E,0x0B6,ram_0B6,read,,"ADDWF ram_0B6, W, B",0x004F66
0x0050A0,0xFD9,FSR2L,write,,"MOVWF FSR2L, A",0x004F66
0x0050A4,0x0B7,ram_0B7,read,,"ADDWFC ram_0B7, W, B",0x004F66
0x0050A6,0xFDA,FSR2H,write,,"MOVWF FSR2H, A",0x004F66
0x0050A8,0xFDF,INDF2,read,,"MOVF INDF2, W, A",0x004F66
0x0050AC,0x0B6,ram_0B6,read,,"MOVF ram_0B6, W, B",0x004F66
0x0050B0,0xFD9,FSR2L,write,,"MOVWF FSR2L, A",0x004F66
0x0050B2,0xFDA,FSR2H,write,,"CLRF FSR2H, A",0x004F66
0x0050B4,0x0B6,ram_0B6,read,,"MOVFF ram_0B6, INDF2",0x004F66
0x0050B4,0xFDF,INDF2,write,,"MOVFF ram_0B6, INDF2",0x004F66
0x0050B8,0x0B6,ram_0B6,read,,"MOVFF ram_0B6, ram_06A",0x004F66
0x0050B8,0x06A,ram_06A,write,,"MOVFF ram_0B6, ram_06A",0x004F66
0x0050BE,0x06B,ram_06B,write,,"MOVWF ram_06B, B",0x004F66
0x0050C0,0x06A,ram_06A,read_write,,"INCF ram_06A, F, B",0x004F66
0x0050C4,0xFD8,STATUS,read_write,0,"BCF STATUS, 0, A",0x004F66
0x0050C6,0x06B,ram_06B,read_write,,"RLCF ram_06B, F, B",0x004F66
0x0050C8,0x06A,ram_06A,read_write,,"DECFSZ ram_06A, F, B",0x004F66
0x0050CE,0x06B,ram_06B,read,,"COMF ram_06B, W, B",0x004F66
0x0050D0,0x0AB,ram_0AB,read_write,,"ANDWF ram_0AB, F, B",0x004F66
0x0050D4,0x0A9,ram_0A9,read,,"MOVF ram_0A9, W, B",0x004F66
0x0050DA,0x0A9,ram_0A9,write,,"MOVWF ram_0A9, B",0x004F66
0x0050DC,0x0B6,ram_0B6,read,,"MOVFF ram_0B6, ram_0B3",0x004F66
0x0050DC,0x0B3,ram_0B3,write,,"MOVFF ram_0B6, ram_0B3",0x004F66
0x0050E0,0x0B6,ram_0B6,read_write,,"INFSNZ ram_0B6, F, B",0x004F66
0x0050E2,0x0B7,ram_0B7,read_write,,"INCF ram_0B7, F, B",0x004F66
0x0050E6,0x0B6,ram_0B6,read,,"XORWF ram_0B6, W, B",0x004F66
0x0050E8,0x0B7,ram_0B7,read,,"IORWF ram_0B7, W, B",0x004F66
0x0050EE,0x0BE,ram_0BE,read,,"XORWF ram_0BE, W, B",0x004F66
0x0050F4,0x0AA,ram_0AA,write,,"MOVWF ram_0AA, B",0x004F66
0x0050F6,0x0AF,ram_0AF,write,,"CLRF ram_0AF, B",0x004F66
0x0050F8,0x0B0,ram_0B0,write,,"CLRF ram_0B0, B",0x004F66
0x005100,0x02A,ram_02A,read,,"MOVFF ram_02A, ram_02C",0x004F66
0x005100,0x02C,ram_02C,write,,"MOVFF ram_02A, ram_02C",0x004F66
0x005104,0x02B,ram_02B,read,,"MOVFF ram_02B, ram_02D",0x004F66
0x005104,0x02D,ram_02D,write,,"MOVFF ram_02B, ram_02D",0x004F66
0x005108,0x02F,ram_02F,write,,"CLRF ram_02F, A",0x004F66
0x00510C,0x02E,ram_02E,write,,"MOVWF ram_02E, A",0x004F66
0x005112,0x02C,ram_02C,read,,"MOVF ram_02C, W, A",0x004F66
0x005116,0x0AC,ram_0AC,read,,"MOVFF ram_0AC, ram_06A",0x004F66
0x005116,0x06A,ram_06A,write,,"MOVFF ram_0AC, ram_06A",0x004F66
0x005122,0xFD8,STATUS,read_write,0,"BCF STATUS, 0, A",0x004F66
0x00512C,0x06B,ram_06B,read,,"MOVF ram_06B, W, B",0x004F66
0x00512E,0x0AA,ram_0AA,read,,"ANDWF ram_0AA, W, B",0x004F66
0x005132,0x0BE,ram_0BE,read,,"MOVF ram_0BE, W, B",0x004F66
0x005136,0xFF3,PRODL,read,,"MOVF PRODL, W, A",0x004F66
0x00513A,0x0AF,ram_0AF,read,,"ADDWF ram_0AF, W, B",0x004F66
0x00513C,0xFD9,FSR2L,write,,"MOVWF FSR2L, A",0x004F66
0x00513E,0xFDA,FSR2H,write,,"CLRF FSR2H, A",0x004F66
0x005140,0x0AC,ram_0AC,read,,"MOVFF ram_0AC, INDF2",0x004F66
0x005140,0xFDF,INDF2,write,,"MOVFF ram_0AC, INDF2",0x004F66
0x005144,0x0AC,ram_0AC,read,,"MOVFF ram_0AC, ram_06A",0x004F66
0x005144,0x06A,ram_06A,write,,"MOVFF ram_0AC, ram_06A",0x004F66
0x00514A,0x06B,ram_06B,write,,"MOVWF ram_06B, B",0x004F66
0x00514C,0x06A,ram_06A,read_write,,"INCF ram_06A, F, B",0x004F66
0x005150,0xFD8,STATUS,read_write,0,"BCF STATUS, 0, A",0x004F66
0x005152,0x06B,ram_06B,read_write,,"RLCF ram_06B, F, B",0x004F66
0x005154,0x06A,ram_06A,read_write,,"DECFSZ ram_06A, F, B",0x004F66
0x00515A,0x06B,ram_06B,read,,"COMF ram_06B, W, B",0x004F66
0x00515C,0x0AA,ram_0AA,read_write,,"ANDWF ram_0AA, F, B",0x004F66
0x00515E,0x0BE,ram_0BE,read,,"MOVF ram_0BE, W, B",0x004F66
0x005162,0xFF3,PRODL,read,,"MOVF PRODL, W, A",0x004F66
0x005166,0x0AF,ram_0AF,read,,"ADDWF ram_0AF, W, B",0x004F66
0x005168,0xFD9,FSR2L,write,,"MOVWF FSR2L, A",0x004F66
0x00516A,0xFDA,FSR2H,write,,"CLRF FSR2H, A",0x004F66
0x00516E,0xFDE,POSTINC2,read,,"XORWF POSTINC2, W, A",0x004F66
0x005172,0x0AF,ram_0AF,read_write,,"INFSNZ ram_0AF, F, B",0x004F66
0x005174,0x0B0,ram_0B0,read_write,,"INCF ram_0B0, F, B",0x004F66
0x005178,0x0AF,ram_0AF,read,,"XORWF ram_0AF, W, B",0x004F66
0x00517A,0x0B0,ram_0B0,read,,"IORWF ram_0B0, W, B",0x004F66
0x00517E,0x0B4,ram_0B4,write,,"CLRF ram_0B4, B",0x004F66
0x005180,0x0B5,ram_0B5,write,,"CLRF ram_0B5, B",0x004F66
0x00518E,0xFD9,FSR2L,write,,"MOVWF FSR2L, A",0x004F66
0x005190,0xFDA,FSR2H,write,,"CLRF FSR2H, A",0x004F66
0x005194,0xFDE,POSTINC2,read,,"XORWF POSTINC2, W, A",0x004F66
0x0051A8,0xFF3,PRODL,read,,"MOVF PRODL, W, A",0x004F66
0x0051AE,0xFD9,FSR2L,write,,"MOVWF FSR2L, A",0x004F66
0x0051B0,0xFDA,FSR2H,write,,"CLRF FSR2H, A",0x004F66
0x0051B2,0xFDF,INDF2,read,,"MOVF INDF2, W, A",0x004F66
0x0051BE,0x0B3,ram_0B3,read,,"MOVFF ram_0B3, ram_02C",0x004F66
0x0051BE,0x02C,ram_02C,write,,"MOVFF ram_0B3, ram_02C",0x004F66
0x0051C2,0x02D,ram_02D,write,,"CLRF ram_02D, A",0x004F66
0x0051C4,0x02F,ram_02F,write,,"CLRF ram_02F, A",0x004F66
0x0051C8,0x02E,ram_02E,write,,"MOVWF ram_02E, A",0x004F66
0x0051CE,0x02C,ram_02C,read,,"MOVF ram_02C, W, A",0x004F66
0x0051DE,0xFF3,PRODL,read,,"MOVF PRODL, W, A",0x004F66
0x0051E4,0xFD9,FSR2L,write,,"MOVWF FSR2L, A",0x004F66
0x0051E6,0xFDA,FSR2H,write,,"CLRF FSR2H, A",0x004F66
0x0051E8,0xFDF,INDF2,read,,"MOVF INDF2, W, A",0x004F66
0x0051EC,0x0AD,ram_0AD,read,,"MOVFF ram_0AD, ram_06A",0x004F66
0x0051EC,0x06A,ram_06A,write,,"MOVFF ram_0AD, ram_06A",0x004F66
0x0051F8,0xFD8,STATUS,read_write,0,"BCF STATUS, 0, A",0x004F66
0x005202,0x06B,ram_06B,read,,"MOVF ram_06B, W, B",0x004F66
0x005204,0x0AB,ram_0AB,read,,"ANDWF ram_0AB, W, B",0x004F66
0x005208,0x0B4,ram_0B4,read,,"MOVF ram_0B4, W, B",0x004F66
0x00520C,0xFD9,FSR2L,write,,"MOVWF FSR2L, A",0x004F66
0x00520E,0xFDA,FSR2H,write,,"CLRF FSR2H, A",0x004F66
0x005210,0x0AD,ram_0AD,read,,"MOVFF ram_0AD, INDF2",0x004F66
0x005210,0xFDF,INDF2,write,,"MOVFF ram_0AD, INDF2",0x004F66
0x005214,0x0AD,ram_0AD,read,,"MOVFF ram_0AD, ram_06A",0x004F66
0x005214,0x06A,ram_06A,write,,"MOVFF ram_0AD, ram_06A",0x004F66
0x00521A,0x06B,ram_06B,write,,"MOVWF ram_06B, B",0x004F66
0x00521C,0x06A,ram_06A,read_write,,"INCF ram_06A, F, B",0x004F66
0x005220,0xFD8,STATUS,read_write,0,"BCF STATUS, 0, A",0x004F66
0x005222,0x06B,ram_06B,read_write,,"RLCF ram_06B, F, B",0x004F66
0x005224,0x06A,ram_06A,read_write,,"DECFSZ ram_06A, F, B",0x004F66
0x00522A,0x06B,ram_06B,read,,"COMF ram_06B, W, B",0x004F66
0x00522C,0x0AB,ram_0AB,read_write,,"ANDWF ram_0AB, F, B",0x004F66
0x00522E,0x0B3,ram_0B3,read_write,,"INCF ram_0B3, F, B",0x004F66
0x005236,0xFD9,FSR2L,write,,"MOVWF FSR2L, A",0x004F66
0x005238,0xFDA,FSR2H,write,,"CLRF FSR2H, A",0x004F66
0x00523C,0xFDE,POSTINC2,read,,"XORWF POSTINC2, W, A",0x004F66
0x005256,0xFD9,FSR2L,write,,"MOVWF FSR2L, A",0x004F66
0x005258,0xFDA,FSR2H,write,,"CLRF FSR2H, A",0x004F66
0x00525A,0xFDF,INDF2,read,,"MOVF INDF2, W, A",0x004F66
0x005262,0xFD9,FSR2L,write,,"MOVWF FSR2L, A",0x004F66
0x005264,0xFDA,FSR2H,write,,"CLRF FSR2H, A",0x004F66
0x005266,0xFDF,INDF2,read,,"MOVF INDF2, W, A",0x004F66
0x005270,0xFD8,STATUS,read_write,0,"BCF STATUS, 0, A",0x004F66
0x005274,0xFD9,FSR2L,write,,"MOVWF FSR2L, A",0x004F66
0x005278,0xFDA,FSR2H,write,,"MOVWF FSR2H, A",0x004F66
0x00527C,0xFD9,FSR2L,read_write,,"ADDWF FSR2L, F, A",0x004F66
0x005280,0xFDA,FSR2H,read_write,,"ADDWFC FSR2H, F, A",0x004F66
0x005282,0x06B,ram_06B,read,,"MOVFF ram_06B, POSTINC2",0x004F66
0x005282,0xFDE,POSTINC2,write,,"MOVFF ram_06B, POSTINC2",0x004F66
0x005286,0x06C,ram_06C,read,,"MOVFF ram_06C, POSTDEC2",0x004F66
0x005286,0xFDD,POSTDEC2,write,,"MOVFF ram_06C, POSTDEC2",0x004F66
0x00528E,0xFD9,FSR2L,write,,"MOVWF FSR2L, A",0x004F66
0x005290,0xFDA,FSR2H,write,,"CLRF FSR2H, A",0x004F66
0x005292,0xFDF,INDF2,read,,"MOVF INDF2, W, A",0x004F66
0x00529A,0xFD9,FSR2L,write,,"MOVWF FSR2L, A",0x004F66
0x00529C,0xFDA,FSR2H,write,,"CLRF FSR2H, A",0x004F66
0x0052A2,0xFE1,FSR1L,write,,"MOVWF FSR1L, A",0x004F66
0x0052A8,0xFE2,FSR1H,write,,"MOVWF FSR1H, A",0x004F66
0x0052AA,0xFDF,INDF2,read,,"MOVFF INDF2, INDF1",0x004F66
0x0052AA,0xFE7,INDF1,write,,"MOVFF INDF2, INDF1",0x004F66
0x0052B2,0xFD9,FSR2L,write,,"MOVWF FSR2L, A",0x004F66
0x0052B4,0xFDA,FSR2H,write,,"CLRF FSR2H, A",0x004F66
0x0052B6,0xFDF,INDF2,read,,"MOVF INDF2, W, A",0x004F66
0x0052BA,0xFF3,PRODL,read,,"MOVF PRODL, W, A",0x004F66
0x0052BE,0xFD9,FSR2L,write,,"MOVWF FSR2L, A",0x004F66
0x0052C0,0xFDA,FSR2H,write,,"CLRF FSR2H, A",0x004F66
0x0052CA,0xFD8,STATUS,read_write,0,"BCF STATUS, 0, A",0x004F66
0x0052CE,0xFE1,FSR1L,write,,"MOVWF FSR1L, A",0x004F66
0x0052D2,0xFE2,FSR1H,write,,"MOVWF FSR1H, A",0x004F66
0x0052D4,0xFD8,STATUS,read_write,0,"BCF STATUS, 0, A",0x004F66
0x0052D6,0xFE1,FSR1L,read_write,,"RLCF FSR1L, F, A",0x004F66
0x0052D8,0xFE2,FSR1H,read_write,,"RLCF FSR1H, F, A",0x004F66
0x0052DC,0xFE1,FSR1L,read_write,,"ADDWF FSR1L, F, A",0x004F66
0x0052E0,0xFE2,FSR1H,read_write,,"ADDWFC FSR1H, F, A",0x004F66
0x0052E2,0xFDE,POSTINC2,read,,"MOVFF POSTINC2, POSTINC1",0x004F66
0x0052E2,0xFE6,POSTINC1,write,,"MOVFF POSTINC2, POSTINC1",0x004F66
0x0052E6,0xFDE,POSTINC2,read,,"MOVFF POSTINC2, POSTINC1",0x004F66
0x0052E6,0xFE6,POSTINC1,write,,"MOVFF POSTINC2, POSTINC1",0x004F66
0x0052EA,0xFDE,POSTINC2,read,,"MOVFF POSTINC2, POSTINC1",0x004F66
0x0052EA,0xFE6,POSTINC1,write,,"MOVFF POSTINC2, POSTINC1",0x004F66
0x0052EE,0xFDE,POSTINC2,read,,"MOVFF POSTINC2, POSTINC1",0x004F66
0x0052EE,0xFE6,POSTINC1,write,,"MOVFF POSTINC2, POSTINC1",0x004F66
0x0052FC,0x47F,ram_47F,write,,"MOVWF ram_47F, B",0x004F66
0x0052FE,0x0AE,ram_0AE,read,,"MOVFF ram_0AE, ram_465",0x004F66
0x0052FE,0x465,ram_465,write,,"MOVFF ram_0AE, ram_465",0x004F66
0x005302,0x040,ram_040,read,,"MOVF ram_040, W, A",0x004F66
0x005308,0x0BE,ram_0BE,write,,"MOVWF ram_0BE, B",0x004F66
0x00530A,0xFD8,STATUS,read_write,0,"BCF STATUS, 0, A",0x004F66
0x00530C,0x0BE,ram_0BE,read_write,,"RRCF ram_0BE, F, B",0x004F66
0x00530E,0xFD8,STATUS,read_write,0,"BCF STATUS, 0, A",0x004F66
0x005310,0x0BE,ram_0BE,read_write,,"RRCF ram_0BE, F, B",0x004F66
0x005312,0xFD8,STATUS,read_write,0,"BCF STATUS, 0, A",0x004F66
0x005314,0x0BE,ram_0BE,read_write,,"RRCF ram_0BE, F, B",0x004F66
0x005316,0x0B8,ram_0B8,write,,"CLRF ram_0B8, B",0x004F66
0x005318,0x0B9,ram_0B9,write,,"CLRF ram_0B9, B",0x004F66
0x00531C,0x0B8,ram_0B8,read,,"XORWF ram_0B8, W, B",0x004F66
0x00531E,0x0B9,ram_0B9,read,,"IORWF ram_0B9, W, B",0x004F66
0x005324,0x0BE,ram_0BE,read,,"MOVF ram_0BE, W, B",0x004F66
0x00532A,0x0B8,ram_0B8,read,,"ADDWF ram_0B8, W, B",0x004F66
0x00532C,0xFD9,FSR2L,write,,"MOVWF FSR2L, A",0x004F66
0x005330,0x0B9,ram_0B9,read,,"ADDWFC ram_0B9, W, B",0x004F66
0x005332,0xFDA,FSR2H,write,,"MOVWF FSR2H, A",0x004F66
0x005334,0xFDF,INDF2,read,,"MOVF INDF2, W, A",0x004F66
0x00533A,0x0BE,ram_0BE,read,,"XORWF ram_0BE, W, B",0x004F66
0x00533E,0x0B8,ram_0B8,read,,"MOVF ram_0B8, W, B",0x004F66
0x005342,0xFF3,PRODL,read,,"MOVF PRODL, W, A",0x004F66
0x005346,0xFD9,FSR2L,write,,"MOVWF FSR2L, A",0x004F66
0x005348,0xFDA,FSR2H,write,,"CLRF FSR2H, A",0x004F66
0x00534C,0xFDE,POSTINC2,write,,"MOVWF POSTINC2, A",0x004F66
0x005354,0x0BE,ram_0BE,read,,"XORWF ram_0BE, W, B",0x004F66
0x005358,0x0B8,ram_0B8,read,,"MOVF ram_0B8, W, B",0x004F66
0x00535C,0xFF3,PRODL,read,,"MOVF PRODL, W, A",0x004F66
0x005360,0xFD9,FSR2L,write,,"MOVWF FSR2L, A",0x004F66
0x005362,0xFDA,FSR2H,write,,"CLRF FSR2H, A",0x004F66
0x005366,0xFDE,POSTINC2,write,,"MOVWF POSTINC2, A",0x004F66
0x00536C,0x0B8,ram_0B8,read,,"MOVF ram_0B8, W, B",0x004F66
0x005370,0xFF3,PRODL,read,,"MOVF PRODL, W, A",0x004F66
0x005374,0xFD9,FSR2L,write,,"MOVWF FSR2L, A",0x004F66
0x005376,0xFDA,FSR2H,write,,"CLRF FSR2H, A",0x004F66
0x00537A,0xFDE,POSTINC2,write,,"MOVWF POSTINC2, A",0x004F66
0x00537E,0xFDD,POSTDEC2,write,,"MOVWF POSTDEC2, A",0x004F66
0x005380,0x0B8,ram_0B8,read_write,,"INFSNZ ram_0B8, F, B",0x004F66
0x005382,0x0B9,ram_0B9,read_write,,"INCF ram_0B9, F, B",0x004F66
0x005386,0x015,ram_015,write,,"MOVWF ram_015, A",0x005386
0x005388,0x019,ram_019,write,,"CLRF ram_019, A",0x005386
0x00538C,0x018,ram_018,write,,"MOVWF ram_018, A",0x005386
0x005390,0x47D,ram_47D,read,,"MOVFF ram_47D, ram_01B",0x005386
0x005390,0x01B,ram_01B,write,,"MOVFF ram_47D, ram_01B",0x005386
0x005394,0x012,ram_012,read,,"MOVF ram_012, W, A",0x005386
0x0053A8,0x01B,ram_01B,write,,"CLRF ram_01B, A",0x005386
0x0053AC,0x012,ram_012,read,,"MOVF ram_012, W, A",0x005386
0x0053B8,0x012,ram_012,read,,"MOVF ram_012, W, A",0x005386
0x0053C2,0x01B,ram_01B,write,,"MOVWF ram_01B, A",0x005386
0x0053C6,0x58E,ram_58E,write,,"CLRF ram_58E, B",0x005386
0x0053C8,0x558,ram_558,write,,"CLRF ram_558, B",0x005386
0x0053CA,0x559,ram_559,write,,"CLRF ram_559, B",0x005386
0x0053D0,0x01B,ram_01B,write,,"MOVWF ram_01B, A",0x005386
0x0053D4,0x47C,ram_47C,write,,"MOVWF ram_47C, B",0x005386
0x0053D8,0x58F,ram_58F,write,,"CLRF ram_58F, B",0x005386
0x0053DA,0x55A,ram_55A,write,,"CLRF ram_55A, B",0x005386
0x0053DC,0x55B,ram_55B,write,,"CLRF ram_55B, B",0x005386
0x0053E2,0x01B,ram_01B,write,,"MOVWF ram_01B, A",0x005386
0x0053E6,0x47C,ram_47C,write,,"MOVWF ram_47C, B",0x005386
0x0053EA,0x590,ram_590,write,,"CLRF ram_590, B",0x005386
0x0053EC,0x55C,ram_55C,write,,"CLRF ram_55C, B",0x005386
0x0053EE,0x55D,ram_55D,write,,"CLRF ram_55D, B",0x005386
0x0053F2,0x01B,ram_01B,write,,"CLRF ram_01B, A",0x005386
0x0053F4,0x012,ram_012,read,,"MOVF ram_012, W, A",0x005386
0x0053FA,0x012,ram_012,read,,"MOVF ram_012, W, A",0x005386
0x005408,0x01B,ram_01B,write,,"MOVWF ram_01B, A",0x005386
0x00540E,0x47D,ram_47D,read,,"MOVF ram_47D, W, B",0x005386
0x005410,0x013,ram_013,write,,"MOVWF ram_013, A",0x005386
0x005412,0x014,ram_014,write,,"CLRF ram_014, A",0x005386
0x005414,0x014,ram_014,read,,"MOVF ram_014, W, A",0x005386
0x005418,0x013,ram_013,read,,"MOVF ram_013, W, A",0x005386
0x005486,0x47B,ram_47B,write,,"MOVWF ram_47B, B",0x005386
0x005488,0x47A,ram_47A,write,,"MOVWF ram_47A, B",0x005386
0x00548C,0x47B,ram_47B,read,,"MOVF ram_47B, W, B",0x005386
0x005490,0x01B,ram_01B,write,,"CLRF ram_01B, A",0x005386
0x005494,0x47D,ram_47D,read,,"MOVFF ram_47D, ram_01B",0x005386
0x005494,0x01B,ram_01B,write,,"MOVFF ram_47D, ram_01B",0x005386
0x00549C,0x47B,ram_47B,read,,"MOVF ram_47B, W, B",0x005386
0x0054A0,0x47A,ram_47A,read,,"MOVF ram_47A, W, B",0x005386
0x0054A8,0x01B,ram_01B,write,,"CLRF ram_01B, A",0x005386
0x0054AA,0x47C,ram_47C,write,,"CLRF ram_47C, B",0x005386
0x0054AE,0x47B,ram_47B,read,,"MOVF ram_47B, W, B",0x005386
0x0054B2,0x01B,ram_01B,write,,"CLRF ram_01B, A",0x005386
0x0054B4,0x47B,ram_47B,write,,"CLRF ram_47B, B",0x005386
0x0054C2,0x01B,ram_01B,write,,"MOVWF ram_01B, A",0x005386
0x0054C4,0x47C,ram_47C,write,,"CLRF ram_47C, B",0x005386
0x0054C8,0x599,ram_599,write,,"CLRF ram_599, B",0x005386
0x0054CA,0x59A,ram_59A,write,,"CLRF ram_59A, B",0x005386
0x0054CE,0x47B,ram_47B,read,,"MOVF ram_47B, W, B",0x005386
0x0054DC,0x58E,ram_58E,read,,"MOVF ram_58E, W, B",0x005386
0x0054E4,0x47C,ram_47C,read,,"MOVF ram_47C, W, B",0x005386
0x0054EC,0x012,ram_012,read,,"MOVF ram_012, W, A",0x005386
0x0054F8,0x47B,ram_47B,write,,"CLRF ram_47B, B",0x005386
0x005500,0x47B,ram_47B,write,,"CLRF ram_47B, B",0x005386
0x00550A,0x01B,ram_01B,write,,"MOVWF ram_01B, A",0x005386
0x00550C,0x012,ram_012,read,,"MOVF ram_012, W, A",0x005386
0x005518,0x47D,ram_47D,read,,"MOVF ram_47D, W, B",0x005386
0x00551A,0x013,ram_013,write,,"MOVWF ram_013, A",0x005386
0x00551C,0x014,ram_014,write,,"CLRF ram_014, A",0x005386
0x00551E,0x014,ram_014,read,,"MOVF ram_014, W, A",0x005386
0x005522,0x013,ram_013,read,,"MOVF ram_013, W, A",0x005386
0x005574,0x47B,ram_47B,read,,"MOVF ram_47B, W, B",0x005386
0x005578,0x47A,ram_47A,read,,"MOVF ram_47A, W, B",0x005386
0x00557E,0x01B,ram_01B,write,,"MOVWF ram_01B, A",0x005386
0x00558A,0x47B,ram_47B,read,,"MOVF ram_47B, W, B",0x005386
0x005592,0x47C,ram_47C,read,,"MOVF ram_47C, W, B",0x005386
0x005596,0x012,ram_012,read,,"MOVF ram_012, W, A",0x005386
0x0055AC,0x58F,ram_58F,read,,"MOVF ram_58F, W, B",0x005386
0x0055B4,0x01B,ram_01B,write,,"MOVWF ram_01B, A",0x005386
0x0055B8,0x47B,ram_47B,read,,"MOVF ram_47B, W, B",0x005386
0x0055C8,0x47D,ram_47D,read,,"MOVF ram_47D, W, B",0x005386
0x0055CA,0x013,ram_013,write,,"MOVWF ram_013, A",0x005386
0x0055CC,0x014,ram_014,write,,"CLRF ram_014, A",0x005386
0x0055CE,0x014,ram_014,read,,"MOVF ram_014, W, A",0x005386
0x0055D4,0x013,ram_013,read,,"MOVF ram_013, W, A",0x005386
0x005630,0x47B,ram_47B,read,,"MOVF ram_47B, W, B",0x005386
0x005638,0x01B,ram_01B,write,,"CLRF ram_01B, A",0x005386
0x005644,0x47B,ram_47B,read,,"MOVF ram_47B, W, B",0x005386
0x00564C,0x590,ram_590,read,,"MOVF ram_590, W, B",0x005386
0x005652,0x01B,ram_01B,write,,"MOVWF ram_01B, A",0x005386
0x005656,0x01B,ram_01B,write,,"CLRF ram_01B, A",0x005386
0x00565A,0x47B,ram_47B,write,,"CLRF ram_47B, B",0x005386
0x00565C,0x47A,ram_47A,write,,"CLRF ram_47A, B",0x005386
0x005662,0x590,ram_590,read,,"MOVF ram_590, W, B",0x005386
0x005668,0x47A,ram_47A,read,,"MOVF ram_47A, W, B",0x005386
0x00566E,0x599,ram_599,write,,"CLRF ram_599, B",0x005386
0x005670,0x59A,ram_59A,write,,"CLRF ram_59A, B",0x005386
0x005674,0x47C,ram_47C,write,,"CLRF ram_47C, B",0x005386
0x005678,0x47C,ram_47C,read,,"MOVF ram_47C, W, B",0x005386
0x00567E,0x012,ram_012,read,,"MOVF ram_012, W, A",0x005386
0x005686,0x01B,ram_01B,write,,"MOVWF ram_01B, A",0x005386
0x00568A,0x47B,ram_47B,read,,"MOVF ram_47B, W, B",0x005386
0x005694,0x47D,ram_47D,read,,"MOVF ram_47D, W, B",0x005386
0x005696,0x013,ram_013,write,,"MOVWF ram_013, A",0x005386
0x005698,0x014,ram_014,write,,"CLRF ram_014, A",0x005386
0x00569A,0x014,ram_014,read,,"MOVF ram_014, W, A",0x005386
0x0056A0,0x013,ram_013,read,,"MOVF ram_013, W, A",0x005386
0x0056DE,0x015,ram_015,read,,"MOVF ram_015, W, A",0x005386
0x0056E0,0x013,ram_013,write,,"MOVWF ram_013, A",0x005386
0x0056E2,0x014,ram_014,write,,"CLRF ram_014, A",0x005386
0x0056E4,0x014,ram_014,read,,"MOVF ram_014, W, A",0x005386
0x0056EA,0x013,ram_013,read,,"MOVF ram_013, W, A",0x005386
0x005704,0x47C,ram_47C,read,,"MOVF ram_47C, W, B",0x005386
0x00570A,0x599,ram_599,read_write,,"INFSNZ ram_599, F, B",0x005386
0x00570C,0x59A,ram_59A,read_write,,"INCF ram_59A, F, B",0x005386
0x005712,0x599,ram_599,write,,"CLRF ram_599, B",0x005386
0x005714,0x59A,ram_59A,write,,"CLRF ram_59A, B",0x005386
0x005718,0x599,ram_599,read,,"SUBWF ram_599, W, B",0x005386
0x00571C,0x59A,ram_59A,read,,"SUBWFB ram_59A, W, B",0x005386
0x005724,0x47C,ram_47C,write,,"MOVWF ram_47C, B",0x005386
0x005726,0x01A,ram_01A,write,,"CLRF ram_01A, A",0x005386
0x00572A,0x01A,ram_01A,read,,"XORWF ram_01A, W, A",0x005386
0x005730,0x01A,ram_01A,read,,"ADDWF ram_01A, W, A",0x005386
0x005732,0xFD9,FSR2L,write,,"MOVWF FSR2L, A",0x005386
0x005734,0xFDA,FSR2H,write,,"CLRF FSR2H, A",0x005386
0x005738,0xFDA,FSR2H,read_write,,"ADDWFC FSR2H, F, A",0x005386
0x00573A,0xFDF,INDF2,read,,"MOVF INDF2, W, A",0x005386
0x00573E,0x01A,ram_01A,read,,"MOVF ram_01A, W, A",0x005386
0x005744,0xFF3,PRODL,read,,"ADDWF PRODL, W, A",0x005386
0x005746,0xFD9,FSR2L,write,,"MOVWF FSR2L, A",0x005386
0x00574A,0xFF4,PRODH,read,,"ADDWFC PRODH, W, A",0x005386
0x00574C,0xFDA,FSR2H,write,,"MOVWF FSR2H, A",0x005386
0x00574E,0xFDE,POSTINC2,read_write,,"INCF POSTINC2, F, A",0x005386
0x005752,0xFDD,POSTDEC2,read_write,,"ADDWFC POSTDEC2, F, A",0x005386
0x005756,0x01A,ram_01A,read,,"MOVF ram_01A, W, A",0x005386
0x00575C,0xFF3,PRODL,read,,"ADDWF PRODL, W, A",0x005386
0x00575E,0xFD9,FSR2L,write,,"MOVWF FSR2L, A",0x005386
0x005762,0xFF4,PRODH,read,,"ADDWFC PRODH, W, A",0x005386
0x005764,0xFDA,FSR2H,write,,"MOVWF FSR2H, A",0x005386
0x005766,0xFDE,POSTINC2,write,,"CLRF POSTINC2, A",0x005386
0x005768,0xFDD,POSTDEC2,write,,"CLRF POSTDEC2, A",0x005386
0x00576A,0x01A,ram_01A,read,,"MOVF ram_01A, W, A",0x005386
0x005770,0xFF3,PRODL,read,,"ADDWF PRODL, W, A",0x005386
0x005772,0xFD9,FSR2L,write,,"MOVWF FSR2L, A",0x005386
0x005776,0xFF4,PRODH,read,,"ADDWFC PRODH, W, A",0x005386
0x005778,0xFDA,FSR2H,write,,"MOVWF FSR2H, A",0x005386
0x00577A,0x018,ram_018,read,,"MOVF ram_018, W, A",0x005386
0x00577C,0xFDE,POSTINC2,read,,"SUBWF POSTINC2, W, A",0x005386
0x00577E,0x019,ram_019,read,,"MOVF ram_019, W, A",0x005386
0x005780,0xFDE,POSTINC2,read,,"SUBWFB POSTINC2, W, A",0x005386
0x005786,0x01A,ram_01A,read,,"ADDWF ram_01A, W, A",0x005386
0x005788,0xFD9,FSR2L,write,,"MOVWF FSR2L, A",0x005386
0x00578A,0xFDA,FSR2H,write,,"CLRF FSR2H, A",0x005386
0x00578E,0xFDA,FSR2H,read_write,,"ADDWFC FSR2H, F, A",0x005386
0x005792,0xFDF,INDF2,write,,"MOVWF INDF2, A",0x005386
0x005794,0x01A,ram_01A,read_write,,"INCF ram_01A, F, A",0x005386
0x005798,0x01B,ram_01B,read,,"MOVFF ram_01B, ram_47D",0x005386
0x005798,0x47D,ram_47D,write,,"MOVFF ram_01B, ram_47D",0x005386
0x00579C,0x01B,ram_01B,read,,"MOVF ram_01B, W, A",0x005386
0x0057A4,0x080,ram_080,write,,"CLRF ram_080, B",0x0057A0
0x0057A6,0x081,ram_081,write,,"CLRF ram_081, B",0x0057A0
0x0057A8,0x082,ram_082,write,,"CLRF ram_082, B",0x0057A0
0x0057AA,0x083,ram_083,write,,"CLRF ram_083, B",0x0057A0
0x0057AC,0x084,ram_084,read,,"MOVF ram_084, W, B",0x0057A0
0x0057B2,0xFF3,PRODL,read,,"ADDWF PRODL, W, A",0x0057A0
0x0057B4,0xFD9,FSR2L,write,,"MOVWF FSR2L, A",0x0057A0
0x0057B8,0xFF4,PRODH,read,,"ADDWFC PRODH, W, A",0x0057A0
0x0057BA,0xFDA,FSR2H,write,,"MOVWF FSR2H, A",0x0057A0
0x0057BC,0xFDE,POSTINC2,read,,"MOVFF POSTINC2, ram_06C",0x0057A0
0x0057BC,0x06C,ram_06C,write,,"MOVFF POSTINC2, ram_06C",0x0057A0
0x0057C0,0xFDE,POSTINC2,read,,"MOVFF POSTINC2, ram_06D",0x0057A0
0x0057C0,0x06D,ram_06D,write,,"MOVFF POSTINC2, ram_06D",0x0057A0
0x0057C4,0xFDE,POSTINC2,read,,"MOVFF POSTINC2, ram_06E",0x0057A0
0x0057C4,0x06E,ram_06E,write,,"MOVFF POSTINC2, ram_06E",0x0057A0
0x0057C8,0xFDE,POSTINC2,read,,"MOVFF POSTINC2, ram_06F",0x0057A0
0x0057C8,0x06F,ram_06F,write,,"MOVFF POSTINC2, ram_06F",0x0057A0
0x0057CC,0x084,ram_084,read,,"MOVF ram_084, W, B",0x0057A0
0x0057D2,0xFF3,PRODL,read,,"ADDWF PRODL, W, A",0x0057A0
0x0057D4,0xFD9,FSR2L,write,,"MOVWF FSR2L, A",0x0057A0
0x0057D8,0xFF4,PRODH,read,,"ADDWFC PRODH, W, A",0x0057A0
0x0057DA,0xFDA,FSR2H,write,,"MOVWF FSR2H, A",0x0057A0
0x0057DC,0xFDE,POSTINC2,read,,"MOVFF POSTINC2, ram_070",0x0057A0
0x0057DC,0x070,ram_070,write,,"MOVFF POSTINC2, ram_070",0x0057A0
0x0057E0,0xFDD,POSTDEC2,read,,"MOVFF POSTDEC2, ram_071",0x0057A0
0x0057E0,0x071,ram_071,write,,"MOVFF POSTDEC2, ram_071",0x0057A0
0x0057E6,0x070,ram_070,read,,"ADDWF ram_070, W, B",0x0057A0
0x0057E8,0x072,ram_072,write,,"MOVWF ram_072, B",0x0057A0
0x0057EC,0x071,ram_071,read,,"ADDWFC ram_071, W, B",0x0057A0
0x0057EE,0x073,ram_073,write,,"MOVWF ram_073, B",0x0057A0
0x0057F0,0x074,ram_074,write,,"CLRF ram_074, B",0x0057A0
0x0057F2,0x075,ram_075,write,,"CLRF ram_075, B",0x0057A0
0x0057F4,0x072,ram_072,read,,"MOVF ram_072, W, B",0x0057A0
0x0057F6,0x06C,ram_06C,read,,"MULWF ram_06C, B",0x0057A0
0x0057F8,0xFF3,PRODL,read,,"MOVFF PRODL, ram_076",0x0057A0
0x0057F8,0x076,ram_076,write,,"MOVFF PRODL, ram_076",0x0057A0
0x0057FC,0xFF4,PRODH,read,,"MOVFF PRODH, ram_077",0x0057A0
0x0057FC,0x077,ram_077,write,,"MOVFF PRODH, ram_077",0x0057A0
0x005800,0x078,ram_078,write,,"CLRF ram_078, B",0x0057A0
0x005802,0x079,ram_079,write,,"CLRF ram_079, B",0x0057A0
0x005804,0x06D,ram_06D,read,,"MULWF ram_06D, B",0x0057A0
0x005806,0xFF3,PRODL,read,,"MOVF PRODL, W, A",0x0057A0
0x005808,0x077,ram_077,read_write,,"ADDWF ram_077, F, B",0x0057A0
0x00580A,0xFF4,PRODH,read,,"MOVF PRODH, W, A",0x0057A0
0x00580C,0x078,ram_078,read_write,,"ADDWFC ram_078, F, B",0x0057A0
0x005810,0x079,ram_079,read_write,,"ADDWFC ram_079, F, B",0x0057A0
0x005812,0x073,ram_073,read,,"MOVF ram_073, W, B",0x0057A0
0x005814,0x06C,ram_06C,read,,"MULWF ram_06C, B",0x0057A0
0x005816,0xFF3,PRODL,read,,"MOVF PRODL, W, A",0x0057A0
0x005818,0x077,ram_077,read_write,,"ADDWF ram_077, F, B",0x0057A0
0x00581A,0xFF4,PRODH,read,,"MOVF PRODH, W, A",0x0057A0
0x00581C,0x078,ram_078,read_write,,"ADDWFC ram_078, F, B",0x0057A0
0x005820,0x079,ram_079,read_write,,"ADDWFC ram_079, F, B",0x0057A0
0x005822,0x072,ram_072,read,,"MOVF ram_072, W, B",0x0057A0
0x005824,0x06E,ram_06E,read,,"MULWF ram_06E, B",0x0057A0
0x005826,0xFF3,PRODL,read,,"MOVF PRODL, W, A",0x0057A0
0x005828,0x078,ram_078,read_write,,"ADDWF ram_078, F, B",0x0057A0
0x00582A,0xFF4,PRODH,read,,"MOVF PRODH, W, A",0x0057A0
0x00582C,0x079,ram_079,read_write,,"ADDWFC ram_079, F, B",0x0057A0
0x00582E,0x073,ram_073,read,,"MOVF ram_073, W, B",0x0057A0
0x005830,0x06D,ram_06D,read,,"MULWF ram_06D, B",0x0057A0
0x005832,0xFF3,PRODL,read,,"MOVF PRODL, W, A",0x0057A0
0x005834,0x078,ram_078,read_write,,"ADDWF ram_078, F, B",0x0057A0
0x005836,0xFF4,PRODH,read,,"MOVF PRODH, W, A",0x0057A0
0x005838,0x079,ram_079,read_write,,"ADDWFC ram_079, F, B",0x0057A0
0x00583A,0x074,ram_074,read,,"MOVF ram_074, W, B",0x0057A0
0x00583C,0x06C,ram_06C,read,,"MULWF ram_06C, B",0x0057A0
0x00583E,0xFF3,PRODL,read,,"MOVF PRODL, W, A",0x0057A0
0x005840,0x078,ram_078,read_write,,"ADDWF ram_078, F, B",0x0057A0
0x005842,0xFF4,PRODH,read,,"MOVF PRODH, W, A",0x0057A0
0x005844,0x079,ram_079,read_write,,"ADDWFC ram_079, F, B",0x0057A0
0x005846,0x06F,ram_06F,read,,"MOVF ram_06F, W, B",0x0057A0
0x005848,0x072,ram_072,read,,"MULWF ram_072, B",0x0057A0
0x00584A,0xFF3,PRODL,read,,"MOVF PRODL, W, A",0x0057A0
0x00584C,0x079,ram_079,read_write,,"ADDWF ram_079, F, B",0x0057A0
0x00584E,0x073,ram_073,read,,"MOVF ram_073, W, B",0x0057A0
0x005850,0x06E,ram_06E,read,,"MULWF ram_06E, B",0x0057A0
0x005852,0xFF3,PRODL,read,,"MOVF PRODL, W, A",0x0057A0
0x005854,0x079,ram_079,read_write,,"ADDWF ram_079, F, B",0x0057A0
0x005856,0x074,ram_074,read,,"MOVF ram_074, W, B",0x0057A0
0x005858,0x06D,ram_06D,read,,"MULWF ram_06D, B",0x0057A0
0x00585A,0xFF3,PRODL,read,,"MOVF PRODL, W, A",0x0057A0
0x00585C,0x079,ram_079,read_write,,"ADDWF ram_079, F, B",0x0057A0
0x00585E,0x075,ram_075,read,,"MOVF ram_075, W, B",0x0057A0
0x005860,0x06C,ram_06C,read,,"MULWF ram_06C, B",0x0057A0
0x005862,0xFF3,PRODL,read,,"MOVF PRODL, W, A",0x0057A0
0x005864,0x079,ram_079,read_write,,"ADDWF ram_079, F, B",0x0057A0
0x005866,0xFD8,STATUS,read_write,0,"BCF STATUS, 0, A",0x0057A0
0x005868,0x076,ram_076,read,,"RLCF ram_076, W, B",0x0057A0
0x00586A,0x07C,ram_07C,write,,"MOVWF ram_07C, B",0x0057A0
0x00586C,0x077,ram_077,read,,"RLCF ram_077, W, B",0x0057A0
0x00586E,0x07D,ram_07D,write,,"MOVWF ram_07D, B",0x0057A0
0x005870,0x078,ram_078,read,,"RLCF ram_078, W, B",0x0057A0
0x005872,0x07E,ram_07E,write,,"MOVWF ram_07E, B",0x0057A0
0x005874,0x079,ram_079,read,,"RLCF ram_079, W, B",0x0057A0
0x005876,0x07F,ram_07F,write,,"MOVWF ram_07F, B",0x0057A0
0x005878,0x084,ram_084,read,,"MOVF ram_084, W, B",0x0057A0
0x00587E,0xFF3,PRODL,read,,"ADDWF PRODL, W, A",0x0057A0
0x005880,0xFD9,FSR2L,write,,"MOVWF FSR2L, A",0x0057A0
0x005884,0xFF4,PRODH,read,,"ADDWFC PRODH, W, A",0x0057A0
0x005886,0xFDA,FSR2H,write,,"MOVWF FSR2H, A",0x0057A0
0x005888,0xFDE,POSTINC2,read,,"MOVFF POSTINC2, ram_06C",0x0057A0
0x005888,0x06C,ram_06C,write,,"MOVFF POSTINC2, ram_06C",0x0057A0
0x00588C,0xFDE,POSTINC2,read,,"MOVFF POSTINC2, ram_06D",0x0057A0
0x00588C,0x06D,ram_06D,write,,"MOVFF POSTINC2, ram_06D",0x0057A0
0x005890,0xFDE,POSTINC2,read,,"MOVFF POSTINC2, ram_06E",0x0057A0
0x005890,0x06E,ram_06E,write,,"MOVFF POSTINC2, ram_06E",0x0057A0
0x005894,0xFDE,POSTINC2,read,,"MOVFF POSTINC2, ram_06F",0x0057A0
0x005894,0x06F,ram_06F,write,,"MOVFF POSTINC2, ram_06F",0x0057A0
0x005898,0x084,ram_084,read,,"MOVF ram_084, W, B",0x0057A0
0x00589E,0xFF3,PRODL,read,,"ADDWF PRODL, W, A",0x0057A0
0x0058A0,0xFD9,FSR2L,write,,"MOVWF FSR2L, A",0x0057A0
0x0058A4,0xFF4,PRODH,read,,"ADDWFC PRODH, W, A",0x0057A0
0x0058A6,0xFDA,FSR2H,write,,"MOVWF FSR2H, A",0x0057A0
0x0058A8,0xFDE,POSTINC2,read,,"MOVFF POSTINC2, ram_070",0x0057A0
0x0058A8,0x070,ram_070,write,,"MOVFF POSTINC2, ram_070",0x0057A0
0x0058AC,0xFDE,POSTINC2,read,,"MOVFF POSTINC2, ram_071",0x0057A0
0x0058AC,0x071,ram_071,write,,"MOVFF POSTINC2, ram_071",0x0057A0
0x0058B0,0xFDE,POSTINC2,read,,"MOVFF POSTINC2, ram_072",0x0057A0
0x0058B0,0x072,ram_072,write,,"MOVFF POSTINC2, ram_072",0x0057A0
0x0058B4,0xFDE,POSTINC2,read,,"MOVFF POSTINC2, ram_073",0x0057A0
0x0058B4,0x073,ram_073,write,,"MOVFF POSTINC2, ram_073",0x0057A0
0x0058B8,0x06C,ram_06C,read,,"MOVF ram_06C, W, B",0x0057A0
0x0058BA,0x070,ram_070,read,,"ADDWF ram_070, W, B",0x0057A0
0x0058BC,0x074,ram_074,write,,"MOVWF ram_074, B",0x0057A0
0x0058BE,0x06D,ram_06D,read,,"MOVF ram_06D, W, B",0x0057A0
0x0058C0,0x071,ram_071,read,,"ADDWFC ram_071, W, B",0x0057A0
0x0058C2,0x075,ram_075,write,,"MOVWF ram_075, B",0x0057A0
0x0058C4,0x06E,ram_06E,read,,"MOVF ram_06E, W, B",0x0057A0
0x0058C6,0x072,ram_072,read,,"ADDWFC ram_072, W, B",0x0057A0
0x0058C8,0x076,ram_076,write,,"MOVWF ram_076, B",0x0057A0
0x0058CA,0x06F,ram_06F,read,,"MOVF ram_06F, W, B",0x0057A0
0x0058CC,0x073,ram_073,read,,"ADDWFC ram_073, W, B",0x0057A0
0x0058CE,0x077,ram_077,write,,"MOVWF ram_077, B",0x0057A0
0x0058D0,0x074,ram_074,read,,"MOVF ram_074, W, B",0x0057A0
0x0058D2,0x07C,ram_07C,read_write,,"ADDWF ram_07C, F, B",0x0057A0
0x0058D4,0x075,ram_075,read,,"MOVF ram_075, W, B",0x0057A0
0x0058D6,0x07D,ram_07D,read_write,,"ADDWFC ram_07D, F, B",0x0057A0
0x0058D8,0x076,ram_076,read,,"MOVF ram_076, W, B",0x0057A0
0x0058DA,0x07E,ram_07E,read_write,,"ADDWFC ram_07E, F, B",0x0057A0
0x0058DC,0x077,ram_077,read,,"MOVF ram_077, W, B",0x0057A0
0x0058DE,0x07F,ram_07F,read_write,,"ADDWFC ram_07F, F, B",0x0057A0
0x0058E0,0x084,ram_084,read,,"MOVF ram_084, W, B",0x0057A0
0x0058E6,0xFF3,PRODL,read,,"ADDWF PRODL, W, A",0x0057A0
0x0058E8,0xFD9,FSR2L,write,,"MOVWF FSR2L, A",0x0057A0
0x0058EC,0xFF4,PRODH,read,,"ADDWFC PRODH, W, A",0x0057A0
0x0058EE,0xFDA,FSR2H,write,,"MOVWF FSR2H, A",0x0057A0
0x0058F0,0xFDE,POSTINC2,read,,"MOVFF POSTINC2, ram_06C",0x0057A0
0x0058F0,0x06C,ram_06C,write,,"MOVFF POSTINC2, ram_06C",0x0057A0
0x0058F4,0xFDE,POSTINC2,read,,"MOVFF POSTINC2, ram_06D",0x0057A0
0x0058F4,0x06D,ram_06D,write,,"MOVFF POSTINC2, ram_06D",0x0057A0
0x0058F8,0xFDE,POSTINC2,read,,"MOVFF POSTINC2, ram_06E",0x0057A0
0x0058F8,0x06E,ram_06E,write,,"MOVFF POSTINC2, ram_06E",0x0057A0
0x0058FC,0xFDE,POSTINC2,read,,"MOVFF POSTINC2, ram_06F",0x0057A0
0x0058FC,0x06F,ram_06F,write,,"MOVFF POSTINC2, ram_06F",0x0057A0
0x005900,0x084,ram_084,read,,"MOVF ram_084, W, B",0x0057A0
0x005906,0xFF3,PRODL,read,,"ADDWF PRODL, W, A",0x0057A0
0x005908,0xFD9,FSR2L,write,,"MOVWF FSR2L, A",0x0057A0
0x00590C,0xFF4,PRODH,read,,"ADDWFC PRODH, W, A",0x0057A0
0x00590E,0xFDA,FSR2H,write,,"MOVWF FSR2H, A",0x0057A0
0x005910,0xFDE,POSTINC2,read,,"MOVFF POSTINC2, ram_070",0x0057A0
0x005910,0x070,ram_070,write,,"MOVFF POSTINC2, ram_070",0x0057A0
0x005914,0xFDD,POSTDEC2,read,,"MOVFF POSTDEC2, ram_071",0x0057A0
0x005914,0x071,ram_071,write,,"MOVFF POSTDEC2, ram_071",0x0057A0
0x005918,0x084,ram_084,read,,"MOVF ram_084, W, B",0x0057A0
0x00591E,0xFF3,PRODL,read,,"ADDWF PRODL, W, A",0x0057A0
0x005920,0xFD9,FSR2L,write,,"MOVWF FSR2L, A",0x0057A0
0x005924,0xFF4,PRODH,read,,"ADDWFC PRODH, W, A",0x0057A0
0x005926,0xFDA,FSR2H,write,,"MOVWF FSR2H, A",0x0057A0
0x005928,0xFDE,POSTINC2,read,,"MOVFF POSTINC2, ram_072",0x0057A0
0x005928,0x072,ram_072,write,,"MOVFF POSTINC2, ram_072",0x0057A0
0x00592C,0xFDD,POSTDEC2,read,,"MOVFF POSTDEC2, ram_073",0x0057A0
0x00592C,0x073,ram_073,write,,"MOVFF POSTDEC2, ram_073",0x0057A0
0x005930,0x070,ram_070,read,,"MOVF ram_070, W, B",0x0057A0
0x005932,0x072,ram_072,read_write,,"SUBWF ram_072, F, B",0x0057A0
0x005934,0x071,ram_071,read,,"MOVF ram_071, W, B",0x0057A0
0x005936,0x073,ram_073,read_write,,"SUBWFB ram_073, F, B",0x0057A0
0x00593A,0x072,ram_072,read,,"ADDWF ram_072, W, B",0x0057A0
0x00593C,0x074,ram_074,write,,"MOVWF ram_074, B",0x0057A0
0x005940,0x073,ram_073,read,,"ADDWFC ram_073, W, B",0x0057A0
0x005942,0x075,ram_075,write,,"MOVWF ram_075, B",0x0057A0
0x005944,0x076,ram_076,write,,"CLRF ram_076, B",0x0057A0
0x005946,0x077,ram_077,write,,"CLRF ram_077, B",0x0057A0
0x005948,0x074,ram_074,read,,"MOVF ram_074, W, B",0x0057A0
0x00594A,0x06C,ram_06C,read,,"MULWF ram_06C, B",0x0057A0
0x00594C,0xFF3,PRODL,read,,"MOVFF PRODL, ram_078",0x0057A0
0x00594C,0x078,ram_078,write,,"MOVFF PRODL, ram_078",0x0057A0
0x005950,0xFF4,PRODH,read,,"MOVFF PRODH, ram_079",0x0057A0
0x005950,0x079,ram_079,write,,"MOVFF PRODH, ram_079",0x0057A0
0x005954,0x07A,ram_07A,write,,"CLRF ram_07A, B",0x0057A0
0x005956,0x07B,ram_07B,write,,"CLRF ram_07B, B",0x0057A0
0x005958,0x06D,ram_06D,read,,"MULWF ram_06D, B",0x0057A0
0x00595A,0xFF3,PRODL,read,,"MOVF PRODL, W, A",0x0057A0
0x00595C,0x079,ram_079,read_write,,"ADDWF ram_079, F, B",0x0057A0
0x00595E,0xFF4,PRODH,read,,"MOVF PRODH, W, A",0x0057A0
0x005960,0x07A,ram_07A,read_write,,"ADDWFC ram_07A, F, B",0x0057A0
0x005964,0x07B,ram_07B,read_write,,"ADDWFC ram_07B, F, B",0x0057A0
0x005966,0x075,ram_075,read,,"MOVF ram_075, W, B",0x0057A0
0x005968,0x06C,ram_06C,read,,"MULWF ram_06C, B",0x0057A0
0x00596A,0xFF3,PRODL,read,,"MOVF PRODL, W, A",0x0057A0
0x00596C,0x079,ram_079,read_write,,"ADDWF ram_079, F, B",0x0057A0
0x00596E,0xFF4,PRODH,read,,"MOVF PRODH, W, A",0x0057A0
0x005970,0x07A,ram_07A,read_write,,"ADDWFC ram_07A, F, B",0x0057A0
0x005974,0x07B,ram_07B,read_write,,"ADDWFC ram_07B, F, B",0x0057A0
0x005976,0x074,ram_074,read,,"MOVF ram_074, W, B",0x0057A0
0x005978,0x06E,ram_06E,read,,"MULWF ram_06E, B",0x0057A0
0x00597A,0xFF3,PRODL,read,,"MOVF PRODL, W, A",0x0057A0
0x00597C,0x07A,ram_07A,read_write,,"ADDWF ram_07A, F, B",0x0057A0
0x00597E,0xFF4,PRODH,read,,"MOVF PRODH, W, A",0x0057A0
0x005980,0x07B,ram_07B,read_write,,"ADDWFC ram_07B, F, B",0x0057A0
0x005982,0x075,ram_075,read,,"MOVF ram_075, W, B",0x0057A0
0x005984,0x06D,ram_06D,read,,"MULWF ram_06D, B",0x0057A0
0x005986,0xFF3,PRODL,read,,"MOVF PRODL, W, A",0x0057A0
0x005988,0x07A,ram_07A,read_write,,"ADDWF ram_07A, F, B",0x0057A0
0x00598A,0xFF4,PRODH,read,,"MOVF PRODH, W, A",0x0057A0
0x00598C,0x07B,ram_07B,read_write,,"ADDWFC ram_07B, F, B",0x0057A0
0x00598E,0x076,ram_076,read,,"MOVF ram_076, W, B",0x0057A0
0x005990,0x06C,ram_06C,read,,"MULWF ram_06C, B",0x0057A0
0x005992,0xFF3,PRODL,read,,"MOVF PRODL, W, A",0x0057A0
0x005994,0x07A,ram_07A,read_write,,"ADDWF ram_07A, F, B",0x0057A0
0x005996,0xFF4,PRODH,read,,"MOVF PRODH, W, A",0x0057A0
0x005998,0x07B,ram_07B,read_write,,"ADDWFC ram_07B, F, B",0x0057A0
0x00599A,0x06F,ram_06F,read,,"MOVF ram_06F, W, B",0x0057A0
0x00599C,0x074,ram_074,read,,"MULWF ram_074, B",0x0057A0
0x00599E,0xFF3,PRODL,read,,"MOVF PRODL, W, A",0x0057A0
0x0059A0,0x07B,ram_07B,read_write,,"ADDWF ram_07B, F, B",0x0057A0
0x0059A2,0x075,ram_075,read,,"MOVF ram_075, W, B",0x0057A0
0x0059A4,0x06E,ram_06E,read,,"MULWF ram_06E, B",0x0057A0
0x0059A6,0xFF3,PRODL,read,,"MOVF PRODL, W, A",0x0057A0
0x0059A8,0x07B,ram_07B,read_write,,"ADDWF ram_07B, F, B",0x0057A0
0x0059AA,0x076,ram_076,read,,"MOVF ram_076, W, B",0x0057A0
0x0059AC,0x06D,ram_06D,read,,"MULWF ram_06D, B",0x0057A0
0x0059AE,0xFF3,PRODL,read,,"MOVF PRODL, W, A",0x0057A0
0x0059B0,0x07B,ram_07B,read_write,,"ADDWF ram_07B, F, B",0x0057A0
0x0059B2,0x077,ram_077,read,,"MOVF ram_077, W, B",0x0057A0
0x0059B4,0x06C,ram_06C,read,,"MULWF ram_06C, B",0x0057A0
0x0059B6,0xFF3,PRODL,read,,"MOVF PRODL, W, A",0x0057A0
0x0059B8,0x07B,ram_07B,read_write,,"ADDWF ram_07B, F, B",0x0057A0
0x0059BA,0xFD8,STATUS,read_write,0,"BCF STATUS, 0, A",0x0057A0
0x0059BC,0x078,ram_078,read,,"RLCF ram_078, W, B",0x0057A0
0x0059BE,0x080,ram_080,write,,"MOVWF ram_080, B",0x0057A0
0x0059C0,0x079,ram_079,read,,"RLCF ram_079, W, B",0x0057A0
0x0059C2,0x081,ram_081,write,,"MOVWF ram_081, B",0x0057A0
0x0059C4,0x07A,ram_07A,read,,"RLCF ram_07A, W, B",0x0057A0
0x0059C6,0x082,ram_082,write,,"MOVWF ram_082, B",0x0057A0
0x0059C8,0x07B,ram_07B,read,,"RLCF ram_07B, W, B",0x0057A0
0x0059CA,0x083,ram_083,write,,"MOVWF ram_083, B",0x0057A0
0x0059CC,0x084,ram_084,read,,"MOVF ram_084, W, B",0x0057A0
0x0059D2,0xFF3,PRODL,read,,"ADDWF PRODL, W, A",0x0057A0
0x0059D4,0xFD9,FSR2L,write,,"MOVWF FSR2L, A",0x0057A0
0x0059D8,0xFF4,PRODH,read,,"ADDWFC PRODH, W, A",0x0057A0
0x0059DA,0xFDA,FSR2H,write,,"MOVWF FSR2H, A",0x0057A0
0x0059DC,0xFDE,POSTINC2,read,,"MOVFF POSTINC2, ram_06C",0x0057A0
0x0059DC,0x06C,ram_06C,write,,"MOVFF POSTINC2, ram_06C",0x0057A0
0x0059E0,0xFDE,POSTINC2,read,,"MOVFF POSTINC2, ram_06D",0x0057A0
0x0059E0,0x06D,ram_06D,write,,"MOVFF POSTINC2, ram_06D",0x0057A0
0x0059E4,0xFDE,POSTINC2,read,,"MOVFF POSTINC2, ram_06E",0x0057A0
0x0059E4,0x06E,ram_06E,write,,"MOVFF POSTINC2, ram_06E",0x0057A0
0x0059E8,0xFDE,POSTINC2,read,,"MOVFF POSTINC2, ram_06F",0x0057A0
0x0059E8,0x06F,ram_06F,write,,"MOVFF POSTINC2, ram_06F",0x0057A0
0x0059EE,0x084,ram_084,read,,"ADDWF ram_084, W, B",0x0057A0
0x0059F0,0xFD9,FSR2L,write,,"MOVWF FSR2L, A",0x0057A0
0x0059F2,0xFDA,FSR2H,write,,"CLRF FSR2H, A",0x0057A0
0x0059F6,0xFDA,FSR2H,read_write,,"ADDWFC FSR2H, F, A",0x0057A0
0x0059F8,0xFDF,INDF2,read,,"MOVF INDF2, W, A",0x0057A0
0x0059FA,0x070,ram_070,write,,"MOVWF ram_070, B",0x0057A0
0x0059FC,0x070,ram_070,read,,"MOVFF ram_070, ram_071",0x0057A0
0x0059FC,0x071,ram_071,write,,"MOVFF ram_070, ram_071",0x0057A0
0x005A00,0x072,ram_072,write,,"CLRF ram_072, B",0x0057A0
0x005A02,0x073,ram_073,write,,"CLRF ram_073, B",0x0057A0
0x005A04,0x074,ram_074,write,,"CLRF ram_074, B",0x0057A0
0x005A06,0x071,ram_071,read,,"MOVF ram_071, W, B",0x0057A0
0x005A08,0x06C,ram_06C,read,,"MULWF ram_06C, B",0x0057A0
0x005A0A,0xFF3,PRODL,read,,"MOVFF PRODL, ram_075",0x0057A0
0x005A0A,0x075,ram_075,write,,"MOVFF PRODL, ram_075",0x0057A0
0x005A0E,0xFF4,PRODH,read,,"MOVFF PRODH, ram_076",0x0057A0
0x005A0E,0x076,ram_076,write,,"MOVFF PRODH, ram_076",0x0057A0
0x005A12,0x077,ram_077,write,,"CLRF ram_077, B",0x0057A0
0x005A14,0x078,ram_078,write,,"CLRF ram_078, B",0x0057A0
0x005A16,0x06D,ram_06D,read,,"MULWF ram_06D, B",0x0057A0
0x005A18,0xFF3,PRODL,read,,"MOVF PRODL, W, A",0x0057A0
0x005A1A,0x076,ram_076,read_write,,"ADDWF ram_076, F, B",0x0057A0
0x005A1C,0xFF4,PRODH,read,,"MOVF PRODH, W, A",0x0057A0
0x005A1E,0x077,ram_077,read_write,,"ADDWFC ram_077, F, B",0x0057A0
0x005A22,0x078,ram_078,read_write,,"ADDWFC ram_078, F, B",0x0057A0
0x005A24,0x072,ram_072,read,,"MOVF ram_072, W, B",0x0057A0
0x005A26,0x06C,ram_06C,read,,"MULWF ram_06C, B",0x0057A0
0x005A28,0xFF3,PRODL,read,,"MOVF PRODL, W, A",0x0057A0
0x005A2A,0x076,ram_076,read_write,,"ADDWF ram_076, F, B",0x0057A0
0x005A2C,0xFF4,PRODH,read,,"MOVF PRODH, W, A",0x0057A0
0x005A2E,0x077,ram_077,read_write,,"ADDWFC ram_077, F, B",0x0057A0
0x005A32,0x078,ram_078,read_write,,"ADDWFC ram_078, F, B",0x0057A0
0x005A34,0x071,ram_071,read,,"MOVF ram_071, W, B",0x0057A0
0x005A36,0x06E,ram_06E,read,,"MULWF ram_06E, B",0x0057A0
0x005A38,0xFF3,PRODL,read,,"MOVF PRODL, W, A",0x0057A0
0x005A3A,0x077,ram_077,read_write,,"ADDWF ram_077, F, B",0x0057A0
0x005A3C,0xFF4,PRODH,read,,"MOVF PRODH, W, A",0x0057A0
0x005A3E,0x078,ram_078,read_write,,"ADDWFC ram_078, F, B",0x0057A0
0x005A40,0x072,ram_072,read,,"MOVF ram_072, W, B",0x0057A0
0x005A42,0x06D,ram_06D,read,,"MULWF ram_06D, B",0x0057A0
0x005A44,0xFF3,PRODL,read,,"MOVF PRODL, W, A",0x0057A0
0x005A46,0x077,ram_077,read_write,,"ADDWF ram_077, F, B",0x0057A0
0x005A48,0xFF4,PRODH,read,,"MOVF PRODH, W, A",0x0057A0
0x005A4A,0x078,ram_078,read_write,,"ADDWFC ram_078, F, B",0x0057A0
0x005A4C,0x073,ram_073,read,,"MOVF ram_073, W, B",0x0057A0
0x005A4E,0x06C,ram_06C,read,,"MULWF ram_06C, B",0x0057A0
0x005A50,0xFF3,PRODL,read,,"MOVF PRODL, W, A",0x0057A0
0x005A52,0x077,ram_077,read_write,,"ADDWF ram_077, F, B",0x0057A0
0x005A54,0xFF4,PRODH,read,,"MOVF PRODH, W, A",0x0057A0
0x005A56,0x078,ram_078,read_write,,"ADDWFC ram_078, F, B",0x0057A0
0x005A58,0x06F,ram_06F,read,,"MOVF ram_06F, W, B",0x0057A0
0x005A5A,0x071,ram_071,read,,"MULWF ram_071, B",0x0057A0
0x005A5C,0xFF3,PRODL,read,,"MOVF PRODL, W, A",0x0057A0
0x005A5E,0x078,ram_078,read_write,,"ADDWF ram_078, F, B",0x0057A0
0x005A60,0x072,ram_072,read,,"MOVF ram_072, W, B",0x0057A0
0x005A62,0x06E,ram_06E,read,,"MULWF ram_06E, B",0x0057A0
0x005A64,0xFF3,PRODL,read,,"MOVF PRODL, W, A",0x0057A0
0x005A66,0x078,ram_078,read_write,,"ADDWF ram_078, F, B",0x0057A0
0x005A68,0x073,ram_073,read,,"MOVF ram_073, W, B",0x0057A0
0x005A6A,0x06D,ram_06D,read,,"MULWF ram_06D, B",0x0057A0
0x005A6C,0xFF3,PRODL,read,,"MOVF PRODL, W, A",0x0057A0
0x005A6E,0x078,ram_078,read_write,,"ADDWF ram_078, F, B",0x0057A0
0x005A70,0x074,ram_074,read,,"MOVF ram_074, W, B",0x0057A0
0x005A72,0x06C,ram_06C,read,,"MULWF ram_06C, B",0x0057A0
0x005A74,0xFF3,PRODL,read,,"MOVF PRODL, W, A",0x0057A0
0x005A76,0x078,ram_078,read_write,,"ADDWF ram_078, F, B",0x0057A0
0x005A78,0x075,ram_075,read,,"MOVF ram_075, W, B",0x0057A0
0x005A7A,0x080,ram_080,read_write,,"ADDWF ram_080, F, B",0x0057A0
0x005A7C,0x076,ram_076,read,,"MOVF ram_076, W, B",0x0057A0
0x005A7E,0x081,ram_081,read_write,,"ADDWFC ram_081, F, B",0x0057A0
0x005A80,0x077,ram_077,read,,"MOVF ram_077, W, B",0x0057A0
0x005A82,0x082,ram_082,read_write,,"ADDWFC ram_082, F, B",0x0057A0
0x005A84,0x078,ram_078,read,,"MOVF ram_078, W, B",0x0057A0
0x005A86,0x083,ram_083,read_write,,"ADDWFC ram_083, F, B",0x0057A0
0x005A88,0x084,ram_084,read,,"MOVF ram_084, W, B",0x0057A0
0x005A8E,0xFF3,PRODL,read,,"ADDWF PRODL, W, A",0x0057A0
0x005A90,0xFD9,FSR2L,write,,"MOVWF FSR2L, A",0x0057A0
0x005A94,0xFF4,PRODH,read,,"ADDWFC PRODH, W, A",0x0057A0
0x005A96,0xFDA,FSR2H,write,,"MOVWF FSR2H, A",0x0057A0
0x005A98,0xFDE,POSTINC2,read,,"MOVF POSTINC2, W, A",0x0057A0
0x005A9A,0x080,ram_080,read,,"SUBWF ram_080, W, B",0x0057A0
0x005A9C,0xFDE,POSTINC2,read,,"MOVF POSTINC2, W, A",0x0057A0
0x005A9E,0x081,ram_081,read,,"SUBWFB ram_081, W, B",0x0057A0
0x005AA0,0xFDE,POSTINC2,read,,"MOVF POSTINC2, W, A",0x0057A0
0x005AA2,0x082,ram_082,read,,"SUBWFB ram_082, W, B",0x0057A0
0x005AA4,0x083,ram_083,read,,"MOVF ram_083, W, B",0x0057A0
0x005AA8,0x070,ram_070,write,,"MOVWF ram_070, B",0x0057A0
0x005AAA,0xFDE,POSTINC2,read,,"MOVF POSTINC2, W, A",0x0057A0
0x005AAE,0x070,ram_070,read,,"SUBWFB ram_070, W, B",0x0057A0
0x005AB2,0x084,ram_084,read,,"MOVF ram_084, W, B",0x0057A0
0x005AB8,0xFF3,PRODL,read,,"ADDWF PRODL, W, A",0x0057A0
0x005ABA,0xFD9,FSR2L,write,,"MOVWF FSR2L, A",0x0057A0
0x005ABE,0xFF4,PRODH,read,,"ADDWFC PRODH, W, A",0x0057A0
0x005AC0,0xFDA,FSR2H,write,,"MOVWF FSR2H, A",0x0057A0
0x005AC2,0xFDE,POSTINC2,read,,"MOVF POSTINC2, W, A",0x0057A0
0x005AC4,0x080,ram_080,read_write,,"SUBWF ram_080, F, B",0x0057A0
0x005AC6,0xFDE,POSTINC2,read,,"MOVF POSTINC2, W, A",0x0057A0
0x005AC8,0x081,ram_081,read_write,,"SUBWFB ram_081, F, B",0x0057A0
0x005ACA,0xFDE,POSTINC2,read,,"MOVF POSTINC2, W, A",0x0057A0
0x005ACC,0x082,ram_082,read_write,,"SUBWFB ram_082, F, B",0x0057A0
0x005ACE,0xFDD,POSTDEC2,read,,"MOVF POSTDEC2, W, A",0x0057A0
0x005AD0,0x083,ram_083,read_write,,"SUBWFB ram_083, F, B",0x0057A0
0x005AD2,0x084,ram_084,read,,"MOVF ram_084, W, B",0x0057A0
0x005AD8,0xFF3,PRODL,read,,"ADDWF PRODL, W, A",0x0057A0
0x005ADA,0xFD9,FSR2L,write,,"MOVWF FSR2L, A",0x0057A0
0x005ADE,0xFF4,PRODH,read,,"ADDWFC PRODH, W, A",0x0057A0
0x005AE0,0xFDA,FSR2H,write,,"MOVWF FSR2H, A",0x0057A0
0x005AE2,0xFDE,POSTINC2,read,,"MOVF POSTINC2, W, A",0x0057A0
0x005AE4,0x080,ram_080,read_write,,"ADDWF ram_080, F, B",0x0057A0
0x005AE6,0xFDE,POSTINC2,read,,"MOVF POSTINC2, W, A",0x0057A0
0x005AE8,0x081,ram_081,read_write,,"ADDWFC ram_081, F, B",0x0057A0
0x005AEA,0xFDE,POSTINC2,read,,"MOVF POSTINC2, W, A",0x0057A0
0x005AEC,0x082,ram_082,read_write,,"ADDWFC ram_082, F, B",0x0057A0
0x005AEE,0xFDD,POSTDEC2,read,,"MOVF POSTDEC2, W, A",0x0057A0
0x005AF0,0x083,ram_083,read_write,,"ADDWFC ram_083, F, B",0x0057A0
0x005AF2,0x084,ram_084,read,,"MOVF ram_084, W, B",0x0057A0
0x005AF8,0xFF3,PRODL,read,,"ADDWF PRODL, W, A",0x0057A0
0x005AFA,0xFD9,FSR2L,write,,"MOVWF FSR2L, A",0x0057A0
0x005AFE,0xFF4,PRODH,read,,"ADDWFC PRODH, W, A",0x0057A0
0x005B00,0xFDA,FSR2H,write,,"MOVWF FSR2H, A",0x0057A0
0x005B02,0xFDE,POSTINC2,read,,"MOVF POSTINC2, W, A",0x0057A0
0x005B04,0x080,ram_080,read_write,,"ADDWF ram_080, F, B",0x0057A0
0x005B06,0xFDE,POSTINC2,read,,"MOVF POSTINC2, W, A",0x0057A0
0x005B08,0x081,ram_081,read_write,,"ADDWFC ram_081, F, B",0x0057A0
0x005B0A,0xFDE,POSTINC2,read,,"MOVF POSTINC2, W, A",0x0057A0
0x005B0C,0x082,ram_082,read_write,,"ADDWFC ram_082, F, B",0x0057A0
0x005B0E,0xFDD,POSTDEC2,read,,"MOVF POSTDEC2, W, A",0x0057A0
0x005B10,0x083,ram_083,read_write,,"ADDWFC ram_083, F, B",0x0057A0
0x005B12,0x084,ram_084,read,,"MOVF ram_084, W, B",0x0057A0
0x005B18,0xFF3,PRODL,read,,"ADDWF PRODL, W, A",0x0057A0
0x005B1A,0xFD9,FSR2L,write,,"MOVWF FSR2L, A",0x0057A0
0x005B1E,0xFF4,PRODH,read,,"ADDWFC PRODH, W, A",0x0057A0
0x005B20,0xFDA,FSR2H,write,,"MOVWF FSR2H, A",0x0057A0
0x005B22,0xFDE,POSTINC2,read,,"MOVFF POSTINC2, ram_020",0x0057A0
0x005B22,0x020,ram_020,write,,"MOVFF POSTINC2, ram_020",0x0057A0
0x005B26,0xFDE,POSTINC2,read,,"MOVFF POSTINC2, ram_021",0x0057A0
0x005B26,0x021,ram_021,write,,"MOVFF POSTINC2, ram_021",0x0057A0
0x005B2A,0xFDE,POSTINC2,read,,"MOVFF POSTINC2, ram_022",0x0057A0
0x005B2A,0x022,ram_022,write,,"MOVFF POSTINC2, ram_022",0x0057A0
0x005B2E,0xFDE,POSTINC2,read,,"MOVFF POSTINC2, ram_023",0x0057A0
0x005B2E,0x023,ram_023,write,,"MOVFF POSTINC2, ram_023",0x0057A0
0x005B32,0x080,ram_080,read,,"MOVF ram_080, W, B",0x0057A0
0x005B34,0x07C,ram_07C,read,,"SUBWF ram_07C, W, B",0x0057A0
0x005B36,0x024,ram_024,write,,"MOVWF ram_024, A",0x0057A0
0x005B38,0x081,ram_081,read,,"MOVF ram_081, W, B",0x0057A0
0x005B3A,0x07D,ram_07D,read,,"SUBWFB ram_07D, W, B",0x0057A0
0x005B3C,0x025,ram_025,write,,"MOVWF ram_025, A",0x0057A0
0x005B3E,0x082,ram_082,read,,"MOVF ram_082, W, B",0x0057A0
0x005B40,0x07E,ram_07E,read,,"SUBWFB ram_07E, W, B",0x0057A0
0x005B42,0x026,ram_026,write,,"MOVWF ram_026, A",0x0057A0
0x005B44,0x083,ram_083,read,,"MOVF ram_083, W, B",0x0057A0
0x005B46,0x07F,ram_07F,read,,"SUBWFB ram_07F, W, B",0x0057A0
0x005B48,0x027,ram_027,write,,"MOVWF ram_027, A",0x0057A0
0x005B4A,0x029,ram_029,write,,"CLRF ram_029, A",0x0057A0
0x005B4E,0x028,ram_028,write,,"MOVWF ram_028, A",0x0057A0
0x005B54,0x020,ram_020,read,,"MOVFF ram_020, ram_068",0x0057A0
0x005B54,0x068,ram_068,write,,"MOVFF ram_020, ram_068",0x0057A0
0x005B58,0x021,ram_021,read,,"MOVFF ram_021, ram_069",0x0057A0
0x005B58,0x069,ram_069,write,,"MOVFF ram_021, ram_069",0x0057A0
0x005B5C,0x022,ram_022,read,,"MOVFF ram_022, ram_06A",0x0057A0
0x005B5C,0x06A,ram_06A,write,,"MOVFF ram_022, ram_06A",0x0057A0
0x005B60,0x023,ram_023,read,,"MOVFF ram_023, ram_06B",0x0057A0
0x005B60,0x06B,ram_06B,write,,"MOVFF ram_023, ram_06B",0x0057A0
0x005B6A,0x06D,ram_06D,write,,"MOVWF ram_06D, B",0x005B66
0x005B6E,0x06C,ram_06C,write,,"MOVWF ram_06C, B",0x005B66
0x005B70,0x065,ram_065,write,,"CLRF ram_065, B",0x005B66
0x005B74,0x064,ram_064,write,,"MOVWF ram_064, B",0x005B66
0x005B78,0x013,ram_013,write,,"MOVWF ram_013, A",0x005B66
0x005B7C,0x012,ram_012,write,,"MOVWF ram_012, A",0x005B66
0x005B8A,0x06C,ram_06C,read_write,,"SUBWF ram_06C, F, B",0x005B66
0x005B8E,0x06D,ram_06D,read_write,,"SUBWFB ram_06D, F, B",0x005B66
0x005B90,0x065,ram_065,write,,"CLRF ram_065, B",0x005B66
0x005B94,0x064,ram_064,write,,"MOVWF ram_064, B",0x005B66
0x005B98,0x067,ram_067,write,,"CLRF ram_067, B",0x005B66
0x005B9C,0x06C,ram_06C,read,,"INCF ram_06C, W, B",0x005B66
0x005B9E,0x012,ram_012,write,,"MOVWF ram_012, A",0x005B66
0x005BA2,0x06D,ram_06D,read,,"ADDWFC ram_06D, W, B",0x005B66
0x005BA4,0x013,ram_013,write,,"MOVWF ram_013, A",0x005B66
0x005BAA,0x019,ram_019,write,,"MOVWF ram_019, A",0x005B66
0x005BAC,0x01A,ram_01A,write,,"CLRF ram_01A, A",0x005B66
0x005BB0,0x067,ram_067,read,,"MOVF ram_067, W, B",0x005B66
0x005BB6,0xFF3,PRODL,read,,"ADDWF PRODL, W, A",0x005B66
0x005BB8,0xFD9,FSR2L,write,,"MOVWF FSR2L, A",0x005B66
0x005BBC,0xFF4,PRODH,read,,"ADDWFC PRODH, W, A",0x005B66
0x005BBE,0xFDA,FSR2H,write,,"MOVWF FSR2H, A",0x005B66
0x005BC0,0x019,ram_019,read,,"MOVFF ram_019, POSTINC2",0x005B66
0x005BC0,0xFDE,POSTINC2,write,,"MOVFF ram_019, POSTINC2",0x005B66
0x005BC4,0x01A,ram_01A,read,,"MOVFF ram_01A, POSTDEC2",0x005B66
0x005BC4,0xFDD,POSTDEC2,write,,"MOVFF ram_01A, POSTDEC2",0x005B66
0x005BC8,0x067,ram_067,read,,"MOVF ram_067, W, B",0x005B66
0x005BCE,0xFF3,PRODL,read,,"ADDWF PRODL, W, A",0x005B66
0x005BD0,0xFD9,FSR2L,write,,"MOVWF FSR2L, A",0x005B66
0x005BD4,0xFF4,PRODH,read,,"ADDWFC PRODH, W, A",0x005B66
0x005BD6,0xFDA,FSR2H,write,,"MOVWF FSR2H, A",0x005B66
0x005BD8,0xFDE,POSTINC2,read,,"MOVF POSTINC2, W, A",0x005B66
0x005BDA,0xFDD,POSTDEC2,write,,"MOVWF POSTDEC2, A",0x005B66
0x005BDC,0xFDF,INDF2,write,,"CLRF INDF2, A",0x005B66
0x005BDE,0x067,ram_067,read,,"MOVF ram_067, W, B",0x005B66
0x005BE4,0xFF3,PRODL,read,,"ADDWF PRODL, W, A",0x005B66
0x005BE6,0xFD9,FSR2L,write,,"MOVWF FSR2L, A",0x005B66
0x005BEA,0xFF4,PRODH,read,,"ADDWFC PRODH, W, A",0x005B66
0x005BEC,0xFDA,FSR2H,write,,"MOVWF FSR2H, A",0x005B66
0x005BEE,0x06C,ram_06C,read,,"MOVFF ram_06C, ram_012",0x005B66
0x005BEE,0x012,ram_012,write,,"MOVFF ram_06C, ram_012",0x005B66
0x005BF2,0x06D,ram_06D,read,,"MOVFF ram_06D, ram_013",0x005B66
0x005BF2,0x013,ram_013,write,,"MOVFF ram_06D, ram_013",0x005B66
0x005BFA,0xFDE,POSTINC2,read_write,,"IORWF POSTINC2, F, A",0x005B66
0x005BFE,0xFDD,POSTDEC2,read_write,,"IORWF POSTDEC2, F, A",0x005B66
0x005C04,0x06C,ram_06C,read_write,,"ADDWF ram_06C, F, B",0x005B66
0x005C08,0x06D,ram_06D,read_write,,"ADDWFC ram_06D, F, B",0x005B66
0x005C0A,0x067,ram_067,read_write,,"INCF ram_067, F, B",0x005B66
0x005C0C,0x067,ram_067,read,,"MOVF ram_067, W, B",0x005B66
0x005C0E,0x064,ram_064,read,,"XORWF ram_064, W, B",0x005B66
0x005C10,0x065,ram_065,read,,"IORWF ram_065, W, B",0x005B66
0x005C14,0x06C,ram_06C,read,,"INCF ram_06C, W, B",0x005B66
0x005C16,0x012,ram_012,write,,"MOVWF ram_012, A",0x005B66
0x005C1A,0x06D,ram_06D,read,,"ADDWFC ram_06D, W, B",0x005B66
0x005C1C,0x013,ram_013,write,,"MOVWF ram_013, A",0x005B66
0x005C24,0x506,ram_506,write,,"MOVWF ram_506, B",0x005B66
0x005C26,0x507,ram_507,write,,"CLRF ram_507, B",0x005B66
0x005C28,0x506,ram_506,read,,"MOVF ram_506, W, B",0x005B66
0x005C2A,0x507,ram_507,write,,"MOVWF ram_507, B",0x005B66
0x005C2C,0x506,ram_506,write,,"CLRF ram_506, B",0x005B66
0x005C2E,0x06C,ram_06C,read,,"MOVFF ram_06C, ram_012",0x005B66
0x005C2E,0x012,ram_012,write,,"MOVFF ram_06C, ram_012",0x005B66
0x005C32,0x06D,ram_06D,read,,"MOVFF ram_06D, ram_013",0x005B66
0x005C32,0x013,ram_013,write,,"MOVFF ram_06D, ram_013",0x005B66
0x005C3C,0x506,ram_506,read_write,,"IORWF ram_506, F, B",0x005B66
0x005C42,0x06C,ram_06C,read_write,,"ADDWF ram_06C, F, B",0x005B66
0x005C46,0x06D,ram_06D,read_write,,"ADDWFC ram_06D, F, B",0x005B66
0x005C48,0x069,ram_069,write,,"CLRF ram_069, B",0x005B66
0x005C4C,0x068,ram_068,write,,"MOVWF ram_068, B",0x005B66
0x005C4E,0x063,ram_063,write,,"CLRF ram_063, B",0x005B66
0x005C50,0x06C,ram_06C,read,,"INCF ram_06C, W, B",0x005B66
0x005C52,0x012,ram_012,write,,"MOVWF ram_012, A",0x005B66
0x005C56,0x06D,ram_06D,read,,"ADDWFC ram_06D, W, B",0x005B66
0x005C58,0x013,ram_013,write,,"MOVWF ram_013, A",0x005B66
0x005C5E,0x019,ram_019,write,,"MOVWF ram_019, A",0x005B66
0x005C60,0x01A,ram_01A,write,,"CLRF ram_01A, A",0x005B66
0x005C62,0xFD8,STATUS,read_write,0,"BCF STATUS, 0, A",0x005B66
0x005C66,0x068,ram_068,read,,"RLCF ram_068, W, B",0x005B66
0x005C68,0xFD9,FSR2L,write,,"MOVWF FSR2L, A",0x005B66
0x005C6A,0x069,ram_069,read,,"RLCF ram_069, W, B",0x005B66
0x005C6C,0xFDA,FSR2H,write,,"MOVWF FSR2H, A",0x005B66
0x005C70,0xFD9,FSR2L,read_write,,"ADDWF FSR2L, F, A",0x005B66
0x005C74,0xFDA,FSR2H,read_write,,"ADDWFC FSR2H, F, A",0x005B66
0x005C76,0x019,ram_019,read,,"MOVFF ram_019, POSTINC2",0x005B66
0x005C76,0xFDE,POSTINC2,write,,"MOVFF ram_019, POSTINC2",0x005B66
0x005C7A,0x01A,ram_01A,read,,"MOVFF ram_01A, POSTDEC2",0x005B66
0x005C7A,0xFDD,POSTDEC2,write,,"MOVFF ram_01A, POSTDEC2",0x005B66
0x005C7E,0xFD8,STATUS,read_write,0,"BCF STATUS, 0, A",0x005B66
0x005C80,0x068,ram_068,read,,"RLCF ram_068, W, B",0x005B66
0x005C82,0xFD9,FSR2L,write,,"MOVWF FSR2L, A",0x005B66
0x005C84,0x069,ram_069,read,,"RLCF ram_069, W, B",0x005B66
0x005C86,0xFDA,FSR2H,write,,"MOVWF FSR2H, A",0x005B66
0x005C8A,0xFD9,FSR2L,read_write,,"ADDWF FSR2L, F, A",0x005B66
0x005C8E,0xFDA,FSR2H,read_write,,"ADDWFC FSR2H, F, A",0x005B66
0x005C90,0xFDE,POSTINC2,read,,"MOVF POSTINC2, W, A",0x005B66
0x005C92,0xFDD,POSTDEC2,write,,"MOVWF POSTDEC2, A",0x005B66
0x005C94,0xFDF,INDF2,write,,"CLRF INDF2, A",0x005B66
0x005C96,0xFD8,STATUS,read_write,0,"BCF STATUS, 0, A",0x005B66
0x005C98,0x068,ram_068,read,,"RLCF ram_068, W, B",0x005B66
0x005C9A,0xFD9,FSR2L,write,,"MOVWF FSR2L, A",0x005B66
0x005C9C,0x069,ram_069,read,,"RLCF ram_069, W, B",0x005B66
0x005C9E,0xFDA,FSR2H,write,,"MOVWF FSR2H, A",0x005B66
0x005CA2,0xFD9,FSR2L,read_write,,"ADDWF FSR2L, F, A",0x005B66
0x005CA6,0xFDA,FSR2H,read_write,,"ADDWFC FSR2H, F, A",0x005B66
0x005CA8,0x06C,ram_06C,read,,"MOVFF ram_06C, ram_012",0x005B66
0x005CA8,0x012,ram_012,write,,"MOVFF ram_06C, ram_012",0x005B66
0x005CAC,0x06D,ram_06D,read,,"MOVFF ram_06D, ram_013",0x005B66
0x005CAC,0x013,ram_013,write,,"MOVFF ram_06D, ram_013",0x005B66
0x005CB4,0xFDE,POSTINC2,read_write,,"IORWF POSTINC2, F, A",0x005B66
0x005CB8,0xFDD,POSTDEC2,read_write,,"IORWF POSTDEC2, F, A",0x005B66
0x005CBE,0x06C,ram_06C,read_write,,"ADDWF ram_06C, F, B",0x005B66
0x005CC2,0x06D,ram_06D,read_write,,"ADDWFC ram_06D, F, B",0x005B66
0x005CC6,0x068,ram_068,read_write,,"ADDWF ram_068, F, B",0x005B66
0x005CCA,0x069,ram_069,read_write,,"ADDWFC ram_069, F, B",0x005B66
0x005CCC,0x063,ram_063,read_write,,"INCF ram_063, F, B",0x005B66
0x005CD0,0x063,ram_063,read,,"XORWF ram_063, W, B",0x005B66
0x005CD6,0x013,ram_013,write,,"MOVWF ram_013, A",0x005B66
0x005CDA,0x012,ram_012,write,,"MOVWF ram_012, A",0x005B66
0x005CE6,0x069,ram_069,write,,"CLRF ram_069, B",0x005B66
0x005CEA,0x068,ram_068,write,,"MOVWF ram_068, B",0x005B66
0x005CEC,0x062,ram_062,write,,"CLRF ram_062, B",0x005B66
0x005CF0,0x061,ram_061,write,,"MOVWF ram_061, B",0x005B66
0x005CF2,0x065,ram_065,write,,"CLRF ram_065, B",0x005B66
0x005CFA,0x069,ram_069,write,,"CLRF ram_069, B",0x005B66
0x005CFE,0x068,ram_068,write,,"MOVWF ram_068, B",0x005B66
0x005D00,0x061,ram_061,write,,"CLRF ram_061, B",0x005B66
0x005D02,0x062,ram_062,write,,"CLRF ram_062, B",0x005B66
0x005D04,0x065,ram_065,write,,"CLRF ram_065, B",0x005B66
0x005D08,0x064,ram_064,write,,"MOVWF ram_064, B",0x005B66
0x005D0A,0x060,ram_060,write,,"CLRF ram_060, B",0x005B66
0x005D0E,0x06C,ram_06C,read,,"INCF ram_06C, W, B",0x005B66
0x005D10,0x012,ram_012,write,,"MOVWF ram_012, A",0x005B66
0x005D14,0x06D,ram_06D,read,,"ADDWFC ram_06D, W, B",0x005B66
0x005D16,0x013,ram_013,write,,"MOVWF ram_013, A",0x005B66
0x005D1C,0x019,ram_019,write,,"MOVWF ram_019, A",0x005B66
0x005D1E,0x01A,ram_01A,write,,"CLRF ram_01A, A",0x005B66
0x005D20,0xFD8,STATUS,read_write,0,"BCF STATUS, 0, A",0x005B66
0x005D24,0x068,ram_068,read,,"RLCF ram_068, W, B",0x005B66
0x005D26,0xFD9,FSR2L,write,,"MOVWF FSR2L, A",0x005B66
0x005D28,0x069,ram_069,read,,"RLCF ram_069, W, B",0x005B66
0x005D2A,0xFDA,FSR2H,write,,"MOVWF FSR2H, A",0x005B66
0x005D2E,0xFD9,FSR2L,read_write,,"ADDWF FSR2L, F, A",0x005B66
0x005D32,0xFDA,FSR2H,read_write,,"ADDWFC FSR2H, F, A",0x005B66
0x005D34,0x019,ram_019,read,,"MOVFF ram_019, POSTINC2",0x005B66
0x005D34,0xFDE,POSTINC2,write,,"MOVFF ram_019, POSTINC2",0x005B66
0x005D38,0x01A,ram_01A,read,,"MOVFF ram_01A, POSTDEC2",0x005B66
0x005D38,0xFDD,POSTDEC2,write,,"MOVFF ram_01A, POSTDEC2",0x005B66
0x005D3C,0xFD8,STATUS,read_write,0,"BCF STATUS, 0, A",0x005B66
0x005D3E,0x068,ram_068,read,,"RLCF ram_068, W, B",0x005B66
0x005D40,0xFD9,FSR2L,write,,"MOVWF FSR2L, A",0x005B66
0x005D42,0x069,ram_069,read,,"RLCF ram_069, W, B",0x005B66
0x005D44,0xFDA,FSR2H,write,,"MOVWF FSR2H, A",0x005B66
0x005D48,0xFD9,FSR2L,read_write,,"ADDWF FSR2L, F, A",0x005B66
0x005D4C,0xFDA,FSR2H,read_write,,"ADDWFC FSR2H, F, A",0x005B66
0x005D4E,0xFDE,POSTINC2,read,,"MOVF POSTINC2, W, A",0x005B66
0x005D50,0xFDD,POSTDEC2,write,,"MOVWF POSTDEC2, A",0x005B66
0x005D52,0xFDF,INDF2,write,,"CLRF INDF2, A",0x005B66
0x005D54,0xFD8,STATUS,read_write,0,"BCF STATUS, 0, A",0x005B66
0x005D56,0x068,ram_068,read,,"RLCF ram_068, W, B",0x005B66
0x005D58,0xFD9,FSR2L,write,,"MOVWF FSR2L, A",0x005B66
0x005D5A,0x069,ram_069,read,,"RLCF ram_069, W, B",0x005B66
0x005D5C,0xFDA,FSR2H,write,,"MOVWF FSR2H, A",0x005B66
0x005D60,0xFD9,FSR2L,read_write,,"ADDWF FSR2L, F, A",0x005B66
0x005D64,0xFDA,FSR2H,read_write,,"ADDWFC FSR2H, F, A",0x005B66
0x005D66,0x06C,ram_06C,read,,"MOVFF ram_06C, ram_012",0x005B66
0x005D66,0x012,ram_012,write,,"MOVFF ram_06C, ram_012",0x005B66
0x005D6A,0x06D,ram_06D,read,,"MOVFF ram_06D, ram_013",0x005B66
0x005D6A,0x013,ram_013,write,,"MOVFF ram_06D, ram_013",0x005B66
0x005D72,0xFDE,POSTINC2,read_write,,"IORWF POSTINC2, F, A",0x005B66
0x005D76,0xFDD,POSTDEC2,read_write,,"IORWF POSTDEC2, F, A",0x005B66
0x005D7C,0x06C,ram_06C,read_write,,"ADDWF ram_06C, F, B",0x005B66
0x005D80,0x06D,ram_06D,read_write,,"ADDWFC ram_06D, F, B",0x005B66
0x005D82,0x061,ram_061,read,,"MOVF ram_061, W, B",0x005B66
0x005D84,0x068,ram_068,read_write,,"ADDWF ram_068, F, B",0x005B66
0x005D86,0x062,ram_062,read,,"MOVF ram_062, W, B",0x005B66
0x005D88,0x069,ram_069,read_write,,"ADDWFC ram_069, F, B",0x005B66
0x005D8A,0x060,ram_060,read_write,,"INCF ram_060, F, B",0x005B66
0x005D8C,0x060,ram_060,read,,"MOVF ram_060, W, B",0x005B66
0x005D8E,0x064,ram_064,read,,"XORWF ram_064, W, B",0x005B66
0x005D90,0x065,ram_065,read,,"IORWF ram_065, W, B",0x005B66
0x005D94,0x06E,ram_06E,write,,"CLRF ram_06E, B",0x005B66
0x005D96,0x06F,ram_06F,write,,"CLRF ram_06F, B",0x005B66
0x005D98,0x06A,ram_06A,write,,"CLRF ram_06A, B",0x005B66
0x005D9A,0x06B,ram_06B,write,,"CLRF ram_06B, B",0x005B66
0x005D9E,0xFD8,STATUS,read_write,0,"BCF STATUS, 0, A",0x005B66
0x005DA0,0x06E,ram_06E,read,,"RLCF ram_06E, W, B",0x005B66
0x005DA2,0xFD9,FSR2L,write,,"MOVWF FSR2L, A",0x005B66
0x005DA4,0x06F,ram_06F,read,,"RLCF ram_06F, W, B",0x005B66
0x005DA6,0xFDA,FSR2H,write,,"MOVWF FSR2H, A",0x005B66
0x005DAA,0xFD9,FSR2L,read_write,,"ADDWF FSR2L, F, A",0x005B66
0x005DAE,0xFDA,FSR2H,read_write,,"ADDWFC FSR2H, F, A",0x005B66
0x005DB0,0xFDE,POSTINC2,read,,"MOVF POSTINC2, W, A",0x005B66
0x005DB2,0xFDE,POSTINC2,read,,"IORWF POSTINC2, W, A",0x005B66
0x005DB6,0xFD8,STATUS,read_write,0,"BCF STATUS, 0, A",0x005B66
0x005DB8,0x06E,ram_06E,read,,"RLCF ram_06E, W, B",0x005B66
0x005DBA,0xFD9,FSR2L,write,,"MOVWF FSR2L, A",0x005B66
0x005DBC,0x06F,ram_06F,read,,"RLCF ram_06F, W, B",0x005B66
0x005DBE,0xFDA,FSR2H,write,,"MOVWF FSR2H, A",0x005B66
0x005DC2,0xFD9,FSR2L,read_write,,"ADDWF FSR2L, F, A",0x005B66
0x005DC6,0xFDA,FSR2H,read_write,,"ADDWFC FSR2H, F, A",0x005B66
0x005DC8,0xFDE,POSTINC2,read,,"MOVF POSTINC2, W, A",0x005B66
0x005DCA,0xFDE,POSTINC2,read,,"IORWF POSTINC2, W, A",0x005B66
0x005DCE,0xFD8,STATUS,read_write,0,"BCF STATUS, 0, A",0x005B66
0x005DD0,0x06E,ram_06E,read,,"RLCF ram_06E, W, B",0x005B66
0x005DD2,0xFD9,FSR2L,write,,"MOVWF FSR2L, A",0x005B66
0x005DD4,0x06F,ram_06F,read,,"RLCF ram_06F, W, B",0x005B66
0x005DD6,0xFDA,FSR2H,write,,"MOVWF FSR2H, A",0x005B66
0x005DDA,0xFD9,FSR2L,read_write,,"ADDWF FSR2L, F, A",0x005B66
0x005DDE,0xFDA,FSR2H,read_write,,"ADDWFC FSR2H, F, A",0x005B66
0x005DE0,0xFDE,POSTINC2,read,,"MOVF POSTINC2, W, A",0x005B66
0x005DE2,0xFDE,POSTINC2,read,,"IORWF POSTINC2, W, A",0x005B66
0x005DE6,0x06E,ram_06E,read_write,,"INFSNZ ram_06E, F, B",0x005B66
0x005DE8,0x06F,ram_06F,read_write,,"INCF ram_06F, F, B",0x005B66
0x005DEA,0x06A,ram_06A,read,,"MOVF ram_06A, W, B",0x005B66
0x005DEC,0x06E,ram_06E,read,,"SUBWF ram_06E, W, B",0x005B66
0x005DEE,0x06B,ram_06B,read,,"MOVF ram_06B, W, B",0x005B66
0x005DF0,0x06F,ram_06F,read,,"SUBWFB ram_06F, W, B",0x005B66
0x005DF4,0x06E,ram_06E,read,,"INCF ram_06E, W, B",0x005B66
0x005DF6,0x06A,ram_06A,write,,"MOVWF ram_06A, B",0x005B66
0x005DFA,0x06F,ram_06F,read,,"ADDWFC ram_06F, W, B",0x005B66
0x005DFC,0x06B,ram_06B,write,,"MOVWF ram_06B, B",0x005B66
0x005DFE,0xFD8,STATUS,read_write,0,"BCF STATUS, 0, A",0x005B66
0x005E00,0x06A,ram_06A,read,,"RLCF ram_06A, W, B",0x005B66
0x005E02,0xFD9,FSR2L,write,,"MOVWF FSR2L, A",0x005B66
0x005E04,0x06B,ram_06B,read,,"RLCF ram_06B, W, B",0x005B66
0x005E06,0xFDA,FSR2H,write,,"MOVWF FSR2H, A",0x005B66
0x005E0A,0xFD9,FSR2L,read_write,,"ADDWF FSR2L, F, A",0x005B66
0x005E0E,0xFDA,FSR2H,read_write,,"ADDWFC FSR2H, F, A",0x005B66
0x005E10,0xFDE,POSTINC2,read,,"MOVF POSTINC2, W, A",0x005B66
0x005E12,0xFDE,POSTINC2,read,,"IORWF POSTINC2, W, A",0x005B66
0x005E16,0x06A,ram_06A,read_write,,"INFSNZ ram_06A, F, B",0x005B66
0x005E18,0x06B,ram_06B,read_write,,"INCF ram_06B, F, B",0x005B66
0x005E1A,0x06E,ram_06E,read,,"MOVF ram_06E, W, B",0x005B66
0x005E1C,0x06A,ram_06A,read,,"SUBWF ram_06A, W, B",0x005B66
0x005E1E,0x019,ram_019,write,,"MOVWF ram_019, A",0x005B66
0x005E20,0x06F,ram_06F,read,,"MOVF ram_06F, W, B",0x005B66
0x005E22,0x06B,ram_06B,read,,"SUBWFB ram_06B, W, B",0x005B66
0x005E24,0x01A,ram_01A,write,,"MOVWF ram_01A, A",0x005B66
0x005E26,0x01A,ram_01A,read,,"MOVF ram_01A, W, A",0x005B66
0x005E2C,0x019,ram_019,read,,"SUBWF ram_019, W, A",0x005B66
0x005E30,0xFD8,STATUS,read_write,0,"BCF STATUS, 0, A",0x005B66
0x005E32,0x06E,ram_06E,read,,"RLCF ram_06E, W, B",0x005B66
0x005E34,0xFD9,FSR2L,write,,"MOVWF FSR2L, A",0x005B66
0x005E36,0x06F,ram_06F,read,,"RLCF ram_06F, W, B",0x005B66
0x005E38,0xFDA,FSR2H,write,,"MOVWF FSR2H, A",0x005B66
0x005E3C,0xFD9,FSR2L,read_write,,"ADDWF FSR2L, F, A",0x005B66
0x005E40,0xFDA,FSR2H,read_write,,"ADDWFC FSR2H, F, A",0x005B66
0x005E42,0xFDE,POSTINC2,read,,"MOVF POSTINC2, W, A",0x005B66
0x005E44,0xFDE,POSTINC2,read,,"IORWF POSTINC2, W, A",0x005B66
0x005E48,0xFD8,STATUS,read_write,0,"BCF STATUS, 0, A",0x005B66
0x005E4A,0x06A,ram_06A,read,,"RLCF ram_06A, W, B",0x005B66
0x005E4C,0xFD9,FSR2L,write,,"MOVWF FSR2L, A",0x005B66
0x005E4E,0x06B,ram_06B,read,,"RLCF ram_06B, W, B",0x005B66
0x005E50,0xFDA,FSR2H,write,,"MOVWF FSR2H, A",0x005B66
0x005E54,0xFD9,FSR2L,read_write,,"ADDWF FSR2L, F, A",0x005B66
0x005E58,0xFDA,FSR2H,read_write,,"ADDWFC FSR2H, F, A",0x005B66
0x005E5A,0xFDE,POSTINC2,read,,"MOVF POSTINC2, W, A",0x005B66
0x005E5C,0xFDE,POSTINC2,read,,"IORWF POSTINC2, W, A",0x005B66
0x005E60,0x06E,ram_06E,read,,"INCF ram_06E, W, B",0x005B66
0x005E62,0x066,ram_066,write,,"MOVWF ram_066, B",0x005B66
0x005E66,0x066,ram_066,read,,"MOVF ram_066, W, B",0x005B66
0x005E68,0x019,ram_019,write,,"MOVWF ram_019, A",0x005B66
0x005E6A,0x01A,ram_01A,write,,"CLRF ram_01A, A",0x005B66
0x005E6C,0xFD8,STATUS,read_write,0,"BCF STATUS, 0, A",0x005B66
0x005E6E,0x019,ram_019,read_write,,"RLCF ram_019, F, A",0x005B66
0x005E70,0x01A,ram_01A,read_write,,"RLCF ram_01A, F, A",0x005B66
0x005E74,0x019,ram_019,read,,"ADDWF ram_019, W, A",0x005B66
0x005E76,0xFD9,FSR2L,write,,"MOVWF FSR2L, A",0x005B66
0x005E7A,0x01A,ram_01A,read,,"ADDWFC ram_01A, W, A",0x005B66
0x005E7C,0xFDA,FSR2H,write,,"MOVWF FSR2H, A",0x005B66
0x005E7E,0xFDE,POSTINC2,read,,"MOVFF POSTINC2, ram_01B",0x005B66
0x005E7E,0x01B,ram_01B,write,,"MOVFF POSTINC2, ram_01B",0x005B66
0x005E82,0xFDD,POSTDEC2,read,,"MOVFF POSTDEC2, ram_01C",0x005B66
0x005E82,0x01C,ram_01C,write,,"MOVFF POSTDEC2, ram_01C",0x005B66
0x005E86,0xFD8,STATUS,read_write,0,"BCF STATUS, 0, A",0x005B66
0x005E88,0x06E,ram_06E,read,,"RLCF ram_06E, W, B",0x005B66
0x005E8A,0xFD9,FSR2L,write,,"MOVWF FSR2L, A",0x005B66
0x005E8C,0x06F,ram_06F,read,,"RLCF ram_06F, W, B",0x005B66
0x005E8E,0xFDA,FSR2H,write,,"MOVWF FSR2H, A",0x005B66
0x005E92,0xFD9,FSR2L,read_write,,"ADDWF FSR2L, F, A",0x005B66
0x005E96,0xFDA,FSR2H,read_write,,"ADDWFC FSR2H, F, A",0x005B66
0x005E98,0xFDE,POSTINC2,read,,"MOVFF POSTINC2, ram_01D",0x005B66
0x005E98,0x01D,ram_01D,write,,"MOVFF POSTINC2, ram_01D",0x005B66
0x005E9C,0xFDD,POSTDEC2,read,,"MOVFF POSTDEC2, ram_01E",0x005B66
0x005E9C,0x01E,ram_01E,write,,"MOVFF POSTDEC2, ram_01E",0x005B66
0x005EA0,0xFD8,STATUS,read_write,0,"BCF STATUS, 0, A",0x005B66
0x005EA2,0x06A,ram_06A,read,,"RLCF ram_06A, W, B",0x005B66
0x005EA4,0xFD9,FSR2L,write,,"MOVWF FSR2L, A",0x005B66
0x005EA6,0x06B,ram_06B,read,,"RLCF ram_06B, W, B",0x005B66
0x005EA8,0xFDA,FSR2H,write,,"MOVWF FSR2H, A",0x005B66
0x005EAC,0xFD9,FSR2L,read_write,,"ADDWF FSR2L, F, A",0x005B66
0x005EB0,0xFDA,FSR2H,read_write,,"ADDWFC FSR2H, F, A",0x005B66
0x005EB2,0xFDE,POSTINC2,read,,"MOVFF POSTINC2, ram_01F",0x005B66
0x005EB2,0x01F,ram_01F,write,,"MOVFF POSTINC2, ram_01F",0x005B66
0x005EB6,0xFDD,POSTDEC2,read,,"MOVFF POSTDEC2, ram_020",0x005B66
0x005EB6,0x020,ram_020,write,,"MOVFF POSTDEC2, ram_020",0x005B66
0x005EBA,0x01D,ram_01D,read,,"MOVF ram_01D, W, A",0x005B66
0x005EBC,0x01F,ram_01F,read,,"SUBWF ram_01F, W, A",0x005B66
0x005EBE,0x012,ram_012,write,,"MOVWF ram_012, A",0x005B66
0x005EC0,0x01E,ram_01E,read,,"MOVF ram_01E, W, A",0x005B66
0x005EC2,0x020,ram_020,read,,"SUBWFB ram_020, W, A",0x005B66
0x005EC4,0x013,ram_013,write,,"MOVWF ram_013, A",0x005B66
0x005EC6,0x06E,ram_06E,read,,"MOVF ram_06E, W, B",0x005B66
0x005EC8,0x06A,ram_06A,read,,"SUBWF ram_06A, W, B",0x005B66
0x005ECA,0x014,ram_014,write,,"MOVWF ram_014, A",0x005B66
0x005ECC,0x06F,ram_06F,read,,"MOVF ram_06F, W, B",0x005B66
0x005ECE,0x06B,ram_06B,read,,"SUBWFB ram_06B, W, B",0x005B66
0x005ED0,0x015,ram_015,write,,"MOVWF ram_015, A",0x005B66
0x005ED6,0x01B,ram_01B,read,,"MOVF ram_01B, W, A",0x005B66
0x005ED8,0x012,ram_012,read_write,,"ADDWF ram_012, F, A",0x005B66
0x005EDA,0x01C,ram_01C,read,,"MOVF ram_01C, W, A",0x005B66
0x005EDC,0x013,ram_013,read_write,,"ADDWFC ram_013, F, A",0x005B66
0x005EE0,0x066,ram_066,read,,"MOVF ram_066, W, B",0x005B66
0x005EE6,0xFF3,PRODL,read,,"ADDWF PRODL, W, A",0x005B66
0x005EE8,0xFD9,FSR2L,write,,"MOVWF FSR2L, A",0x005B66
0x005EEC,0xFF4,PRODH,read,,"ADDWFC PRODH, W, A",0x005B66
0x005EEE,0xFDA,FSR2H,write,,"MOVWF FSR2H, A",0x005B66
0x005EF0,0x012,ram_012,read,,"MOVFF ram_012, POSTINC2",0x005B66
0x005EF0,0xFDE,POSTINC2,write,,"MOVFF ram_012, POSTINC2",0x005B66
0x005EF4,0x013,ram_013,read,,"MOVFF ram_013, POSTDEC2",0x005B66
0x005EF4,0xFDD,POSTDEC2,write,,"MOVFF ram_013, POSTDEC2",0x005B66
0x005EF8,0x066,ram_066,read_write,,"INCF ram_066, F, B",0x005B66
0x005EFA,0x066,ram_066,read,,"MOVF ram_066, W, B",0x005B66
0x005EFC,0x06A,ram_06A,read,,"XORWF ram_06A, W, B",0x005B66
0x005EFE,0x06B,ram_06B,read,,"IORWF ram_06B, W, B",0x005B66
0x005F02,0x06F,ram_06F,read,,"MOVF ram_06F, W, B",0x005B66
0x005F08,0x06E,ram_06E,read,,"SUBWF ram_06E, W, B",0x005B66
0x005F0A,0xFD8,STATUS,read,0,"BTFSC STATUS, 0, A",0x005B66
0x005F12,0x4F3,ram_4F3,read,,"MOVFF ram_4F3, ram_069",0x005F12
0x005F12,0x069,ram_069,write,,"MOVFF ram_4F3, ram_069",0x005F12
0x005F18,0x024,ram_024,read,,"MOVF ram_024, W, A",0x005F12
0x005F1E,0x069,ram_069,read,,"MOVFF ram_069, ram_025",0x005F12
0x005F1E,0x025,ram_025,write,,"MOVFF ram_069, ram_025",0x005F12
0x005F22,0x06A,ram_06A,read,,"MOVFF ram_06A, ram_026",0x005F12
0x005F22,0x026,ram_026,write,,"MOVFF ram_06A, ram_026",0x005F12
0x005F28,0x026,ram_026,read,7,"BTFSC ram_026, 7, A",0x005F12
0x005F2C,0x027,ram_027,write,,"MOVWF ram_027, A",0x005F12
0x005F2E,0x028,ram_028,write,,"MOVWF ram_028, A",0x005F12
0x005F30,0x025,ram_025,read,,"MOVF ram_025, W, A",0x005F12
0x005F32,0x045,ram_045,read,,"MULWF ram_045, A",0x005F12
0x005F34,0xFF3,PRODL,read,,"MOVFF PRODL, ram_029",0x005F12
0x005F34,0x029,ram_029,write,,"MOVFF PRODL, ram_029",0x005F12
0x005F38,0xFF4,PRODH,read,,"MOVFF PRODH, ram_02A",0x005F12
0x005F38,0x02A,ram_02A,write,,"MOVFF PRODH, ram_02A",0x005F12
0x005F3C,0x02B,ram_02B,write,,"CLRF ram_02B, A",0x005F12
0x005F3E,0x02C,ram_02C,write,,"CLRF ram_02C, A",0x005F12
0x005F40,0x046,ram_046,read,,"MULWF ram_046, A",0x005F12
0x005F42,0xFF3,PRODL,read,,"MOVF PRODL, W, A",0x005F12
0x005F44,0x02A,ram_02A,read_write,,"ADDWF ram_02A, F, A",0x005F12
0x005F46,0xFF4,PRODH,read,,"MOVF PRODH, W, A",0x005F12
0x005F48,0x02B,ram_02B,read_write,,"ADDWFC ram_02B, F, A",0x005F12
0x005F4C,0x02C,ram_02C,read_write,,"ADDWFC ram_02C, F, A",0x005F12
0x005F4E,0x026,ram_026,read,,"MOVF ram_026, W, A",0x005F12
0x005F50,0x045,ram_045,read,,"MULWF ram_045, A",0x005F12
0x005F52,0xFF3,PRODL,read,,"MOVF PRODL, W, A",0x005F12
0x005F54,0x02A,ram_02A,read_write,,"ADDWF ram_02A, F, A",0x005F12
0x005F56,0xFF4,PRODH,read,,"MOVF PRODH, W, A",0x005F12
0x005F58,0x02B,ram_02B,read_write,,"ADDWFC ram_02B, F, A",0x005F12
0x005F5C,0x02C,ram_02C,read_write,,"ADDWFC ram_02C, F, A",0x005F12
0x005F5E,0x025,ram_025,read,,"MOVF ram_025, W, A",0x005F12
0x005F60,0x047,ram_047,read,,"MULWF ram_047, A",0x005F12
0x005F62,0xFF3,PRODL,read,,"MOVF PRODL, W, A",0x005F12
0x005F64,0x02B,ram_02B,read_write,,"ADDWF ram_02B, F, A",0x005F12
0x005F66,0xFF4,PRODH,read,,"MOVF PRODH, W, A",0x005F12
0x005F68,0x02C,ram_02C,read_write,,"ADDWFC ram_02C, F, A",0x005F12
0x005F6A,0x026,ram_026,read,,"MOVF ram_026, W, A",0x005F12
0x005F6C,0x046,ram_046,read,,"MULWF ram_046, A",0x005F12
0x005F6E,0xFF3,PRODL,read,,"MOVF PRODL, W, A",0x005F12
0x005F70,0x02B,ram_02B,read_write,,"ADDWF ram_02B, F, A",0x005F12
0x005F72,0xFF4,PRODH,read,,"MOVF PRODH, W, A",0x005F12
0x005F74,0x02C,ram_02C,read_write,,"ADDWFC ram_02C, F, A",0x005F12
0x005F76,0x027,ram_027,read,,"MOVF ram_027, W, A",0x005F12
0x005F78,0x045,ram_045,read,,"MULWF ram_045, A",0x005F12
0x005F7A,0xFF3,PRODL,read,,"MOVF PRODL, W, A",0x005F12
0x005F7C,0x02B,ram_02B,read_write,,"ADDWF ram_02B, F, A",0x005F12
0x005F7E,0xFF4,PRODH,read,,"MOVF PRODH, W, A",0x005F12
0x005F80,0x02C,ram_02C,read_write,,"ADDWFC ram_02C, F, A",0x005F12
0x005F82,0x048,ram_048,read,,"MOVF ram_048, W, A",0x005F12
0x005F84,0x025,ram_025,read,,"MULWF ram_025, A",0x005F12
0x005F86,0xFF3,PRODL,read,,"MOVF PRODL, W, A",0x005F12
0x005F88,0x02C,ram_02C,read_write,,"ADDWF ram_02C, F, A",0x005F12
0x005F8A,0x026,ram_026,read,,"MOVF ram_026, W, A",0x005F12
0x005F8C,0x047,ram_047,read,,"MULWF ram_047, A",0x005F12
0x005F8E,0xFF3,PRODL,read,,"MOVF PRODL, W, A",0x005F12
0x005F90,0x02C,ram_02C,read_write,,"ADDWF ram_02C, F, A",0x005F12
0x005F92,0x027,ram_027,read,,"MOVF ram_027, W, A",0x005F12
0x005F94,0x046,ram_046,read,,"MULWF ram_046, A",0x005F12
0x005F96,0xFF3,PRODL,read,,"MOVF PRODL, W, A",0x005F12
0x005F98,0x02C,ram_02C,read_write,,"ADDWF ram_02C, F, A",0x005F12
0x005F9A,0x028,ram_028,read,,"MOVF ram_028, W, A",0x005F12
0x005F9C,0x045,ram_045,read,,"MULWF ram_045, A",0x005F12
0x005F9E,0xFF3,PRODL,read,,"MOVF PRODL, W, A",0x005F12
0x005FA0,0x02C,ram_02C,read_write,,"ADDWF ram_02C, F, A",0x005F12
0x005FA2,0x029,ram_029,read,,"MOVFF ram_029, ram_06B",0x005F12
0x005FA2,0x06B,ram_06B,write,,"MOVFF ram_029, ram_06B",0x005F12
0x005FA6,0x02A,ram_02A,read,,"MOVFF ram_02A, ram_06C",0x005F12
0x005FA6,0x06C,ram_06C,write,,"MOVFF ram_02A, ram_06C",0x005F12
0x005FAA,0x02B,ram_02B,read,,"MOVFF ram_02B, ram_06D",0x005F12
0x005FAA,0x06D,ram_06D,write,,"MOVFF ram_02B, ram_06D",0x005F12
0x005FAE,0x02C,ram_02C,read,,"MOVFF ram_02C, ram_06E",0x005F12
0x005FAE,0x06E,ram_06E,write,,"MOVFF ram_02C, ram_06E",0x005F12
0x005FB2,0x06B,ram_06B,read,,"MOVFF ram_06B, ram_012",0x005F12
0x005FB2,0x012,ram_012,write,,"MOVFF ram_06B, ram_012",0x005F12
0x005FB6,0x06C,ram_06C,read,,"MOVFF ram_06C, ram_013",0x005F12
0x005FB6,0x013,ram_013,write,,"MOVFF ram_06C, ram_013",0x005F12
0x005FBA,0x06D,ram_06D,read,,"MOVFF ram_06D, ram_014",0x005F12
0x005FBA,0x014,ram_014,write,,"MOVFF ram_06D, ram_014",0x005F12
0x005FBE,0x06E,ram_06E,read,,"MOVFF ram_06E, ram_015",0x005F12
0x005FBE,0x015,ram_015,write,,"MOVFF ram_06E, ram_015",0x005F12
0x005FC2,0x020,ram_020,read,,"MOVFF ram_020, ram_016",0x005F12
0x005FC2,0x016,ram_016,write,,"MOVFF ram_020, ram_016",0x005F12
0x005FC6,0x021,ram_021,read,,"MOVFF ram_021, ram_017",0x005F12
0x005FC6,0x017,ram_017,write,,"MOVFF ram_021, ram_017",0x005F12
0x005FCA,0x022,ram_022,read,,"MOVFF ram_022, ram_018",0x005F12
0x005FCA,0x018,ram_018,write,,"MOVFF ram_022, ram_018",0x005F12
0x005FCE,0x023,ram_023,read,,"MOVFF ram_023, ram_019",0x005F12
0x005FCE,0x019,ram_019,write,,"MOVFF ram_023, ram_019",0x005F12
0x005FD6,0x012,ram_012,read,,"MOVFF ram_012, ram_060",0x005F12
0x005FD6,0x060,ram_060,write,,"MOVFF ram_012, ram_060",0x005F12
0x005FDA,0x013,ram_013,read,,"MOVFF ram_013, ram_061",0x005F12
0x005FDA,0x061,ram_061,write,,"MOVFF ram_013, ram_061",0x005F12
0x005FDE,0x014,ram_014,read,,"MOVFF ram_014, ram_062",0x005F12
0x005FDE,0x062,ram_062,write,,"MOVFF ram_014, ram_062",0x005F12
0x005FE2,0x015,ram_015,read,,"MOVFF ram_015, ram_063",0x005F12
0x005FE2,0x063,ram_063,write,,"MOVFF ram_015, ram_063",0x005F12
0x005FE6,0x020,ram_020,read,,"MOVFF ram_020, ram_012",0x005F12
0x005FE6,0x012,ram_012,write,,"MOVFF ram_020, ram_012",0x005F12
0x005FEA,0x021,ram_021,read,,"MOVFF ram_021, ram_013",0x005F12
0x005FEA,0x013,ram_013,write,,"MOVFF ram_021, ram_013",0x005F12
0x005FEE,0x022,ram_022,read,,"MOVFF ram_022, ram_014",0x005F12
0x005FEE,0x014,ram_014,write,,"MOVFF ram_022, ram_014",0x005F12
0x005FF2,0x023,ram_023,read,,"MOVFF ram_023, ram_015",0x005F12
0x005FF2,0x015,ram_015,write,,"MOVFF ram_023, ram_015",0x005F12
0x005FF8,0x016,ram_016,write,,"MOVWF ram_016, A",0x005F12
0x005FFA,0x017,ram_017,write,,"CLRF ram_017, A",0x005F12
0x005FFC,0x018,ram_018,write,,"CLRF ram_018, A",0x005F12
0x005FFE,0x019,ram_019,write,,"CLRF ram_019, A",0x005F12
0x006004,0x012,ram_012,read,,"MOVFF ram_012, ram_064",0x005F12
0x006004,0x064,ram_064,write,,"MOVFF ram_012, ram_064",0x005F12
0x006008,0x013,ram_013,read,,"MOVFF ram_013, ram_065",0x005F12
0x006008,0x065,ram_065,write,,"MOVFF ram_013, ram_065",0x005F12
0x00600C,0x014,ram_014,read,,"MOVFF ram_014, ram_066",0x005F12
0x00600C,0x066,ram_066,write,,"MOVFF ram_014, ram_066",0x005F12
0x006010,0x015,ram_015,read,,"MOVFF ram_015, ram_067",0x005F12
0x006010,0x067,ram_067,write,,"MOVFF ram_015, ram_067",0x005F12
0x006016,0x060,ram_060,read,,"MOVF ram_060, W, B",0x005F12
0x006018,0x064,ram_064,read,,"SUBWF ram_064, W, B",0x005F12
0x00601A,0x061,ram_061,read,,"MOVF ram_061, W, B",0x005F12
0x00601C,0x065,ram_065,read,,"SUBWFB ram_065, W, B",0x005F12
0x00601E,0x062,ram_062,read,,"MOVF ram_062, W, B",0x005F12
0x006020,0x066,ram_066,read,,"SUBWFB ram_066, W, B",0x005F12
0x006022,0x067,ram_067,read,,"MOVF ram_067, W, B",0x005F12
0x006026,0x025,ram_025,write,,"MOVWF ram_025, A",0x005F12
0x006028,0x063,ram_063,read,,"MOVF ram_063, W, B",0x005F12
0x00602C,0x025,ram_025,read,,"SUBWFB ram_025, W, A",0x005F12
0x006032,0x068,ram_068,write,,"MOVWF ram_068, B",0x005F12
0x006036,0x068,ram_068,write,,"CLRF ram_068, B",0x005F12
0x006038,0x06B,ram_06B,read,,"MOVFF ram_06B, ram_012",0x005F12
0x006038,0x012,ram_012,write,,"MOVFF ram_06B, ram_012",0x005F12
0x00603C,0x06C,ram_06C,read,,"MOVFF ram_06C, ram_013",0x005F12
0x00603C,0x013,ram_013,write,,"MOVFF ram_06C, ram_013",0x005F12
0x006040,0x06D,ram_06D,read,,"MOVFF ram_06D, ram_014",0x005F12
0x006040,0x014,ram_014,write,,"MOVFF ram_06D, ram_014",0x005F12
0x006044,0x06E,ram_06E,read,,"MOVFF ram_06E, ram_015",0x005F12
0x006044,0x015,ram_015,write,,"MOVFF ram_06E, ram_015",0x005F12
0x006048,0x020,ram_020,read,,"MOVFF ram_020, ram_016",0x005F12
0x006048,0x016,ram_016,write,,"MOVFF ram_020, ram_016",0x005F12
0x00604C,0x021,ram_021,read,,"MOVFF ram_021, ram_017",0x005F12
0x00604C,0x017,ram_017,write,,"MOVFF ram_021, ram_017",0x005F12
0x006050,0x022,ram_022,read,,"MOVFF ram_022, ram_018",0x005F12
0x006050,0x018,ram_018,write,,"MOVFF ram_022, ram_018",0x005F12
0x006054,0x023,ram_023,read,,"MOVFF ram_023, ram_019",0x005F12
0x006054,0x019,ram_019,write,,"MOVFF ram_023, ram_019",0x005F12
0x00605C,0x012,ram_012,read,,"MOVFF ram_012, ram_06B",0x005F12
0x00605C,0x06B,ram_06B,write,,"MOVFF ram_012, ram_06B",0x005F12
0x006060,0x013,ram_013,read,,"MOVFF ram_013, ram_06C",0x005F12
0x006060,0x06C,ram_06C,write,,"MOVFF ram_013, ram_06C",0x005F12
0x006064,0x014,ram_014,read,,"MOVFF ram_014, ram_06D",0x005F12
0x006064,0x06D,ram_06D,write,,"MOVFF ram_014, ram_06D",0x005F12
0x006068,0x015,ram_015,read,,"MOVFF ram_015, ram_06E",0x005F12
0x006068,0x06E,ram_06E,write,,"MOVFF ram_015, ram_06E",0x005F12
0x00606E,0x068,ram_068,read,,"MOVF ram_068, W, B",0x005F12
0x006070,0x06B,ram_06B,read_write,,"ADDWF ram_06B, F, B",0x005F12
0x006074,0x06C,ram_06C,read_write,,"ADDWFC ram_06C, F, B",0x005F12
0x006076,0x06D,ram_06D,read_write,,"ADDWFC ram_06D, F, B",0x005F12
0x006078,0x06E,ram_06E,read_write,,"ADDWFC ram_06E, F, B",0x005F12
0x00607A,0x069,ram_069,read,,"MOVFF ram_069, ram_025",0x005F12
0x00607A,0x025,ram_025,write,,"MOVFF ram_069, ram_025",0x005F12
0x00607E,0x06A,ram_06A,read,,"MOVFF ram_06A, ram_026",0x005F12
0x00607E,0x026,ram_026,write,,"MOVFF ram_06A, ram_026",0x005F12
0x006082,0x026,ram_026,read,7,"BTFSC ram_026, 7, A",0x005F12
0x006086,0x027,ram_027,write,,"MOVWF ram_027, A",0x005F12
0x006088,0x028,ram_028,write,,"MOVWF ram_028, A",0x005F12
0x00608A,0x025,ram_025,read,,"MOVF ram_025, W, A",0x005F12
0x00608C,0x06B,ram_06B,read_write,,"SUBWF ram_06B, F, B",0x005F12
0x00608E,0x026,ram_026,read,,"MOVF ram_026, W, A",0x005F12
0x006090,0x06C,ram_06C,read_write,,"SUBWFB ram_06C, F, B",0x005F12
0x006092,0x027,ram_027,read,,"MOVF ram_027, W, A",0x005F12
0x006094,0x06D,ram_06D,read_write,,"SUBWFB ram_06D, F, B",0x005F12
0x006096,0x028,ram_028,read,,"MOVF ram_028, W, A",0x005F12
0x006098,0x06E,ram_06E,read_write,,"SUBWFB ram_06E, F, B",0x005F12
0x00609C,0x069,ram_069,read,,"MOVFF ram_069, ram_025",0x005F12
0x00609C,0x025,ram_025,write,,"MOVFF ram_069, ram_025",0x005F12
0x0060A0,0x06A,ram_06A,read,,"MOVFF ram_06A, ram_026",0x005F12
0x0060A0,0x026,ram_026,write,,"MOVFF ram_06A, ram_026",0x005F12
0x0060A6,0x026,ram_026,read,7,"BTFSC ram_026, 7, A",0x005F12
0x0060AA,0x027,ram_027,write,,"MOVWF ram_027, A",0x005F12
0x0060AC,0x028,ram_028,write,,"MOVWF ram_028, A",0x005F12
0x0060AE,0x025,ram_025,read,,"MOVF ram_025, W, A",0x005F12
0x0060B0,0x020,ram_020,read,,"MULWF ram_020, A",0x005F12
0x0060B2,0xFF3,PRODL,read,,"MOVFF PRODL, ram_029",0x005F12
0x0060B2,0x029,ram_029,write,,"MOVFF PRODL, ram_029",0x005F12
0x0060B6,0xFF4,PRODH,read,,"MOVFF PRODH, ram_02A",0x005F12
0x0060B6,0x02A,ram_02A,write,,"MOVFF PRODH, ram_02A",0x005F12
0x0060BA,0x02B,ram_02B,write,,"CLRF ram_02B, A",0x005F12
0x0060BC,0x02C,ram_02C,write,,"CLRF ram_02C, A",0x005F12
0x0060BE,0x021,ram_021,read,,"MULWF ram_021, A",0x005F12
0x0060C0,0xFF3,PRODL,read,,"MOVF PRODL, W, A",0x005F12
0x0060C2,0x02A,ram_02A,read_write,,"ADDWF ram_02A, F, A",0x005F12
0x0060C4,0xFF4,PRODH,read,,"MOVF PRODH, W, A",0x005F12
0x0060C6,0x02B,ram_02B,read_write,,"ADDWFC ram_02B, F, A",0x005F12
0x0060CA,0x02C,ram_02C,read_write,,"ADDWFC ram_02C, F, A",0x005F12
0x0060CC,0x026,ram_026,read,,"MOVF ram_026, W, A",0x005F12
0x0060CE,0x020,ram_020,read,,"MULWF ram_020, A",0x005F12
0x0060D0,0xFF3,PRODL,read,,"MOVF PRODL, W, A",0x005F12
0x0060D2,0x02A,ram_02A,read_write,,"ADDWF ram_02A, F, A",0x005F12
0x0060D4,0xFF4,PRODH,read,,"MOVF PRODH, W, A",0x005F12
0x0060D6,0x02B,ram_02B,read_write,,"ADDWFC ram_02B, F, A",0x005F12
0x0060DA,0x02C,ram_02C,read_write,,"ADDWFC ram_02C, F, A",0x005F12
0x0060DC,0x025,ram_025,read,,"MOVF ram_025, W, A",0x005F12
0x0060DE,0x022,ram_022,read,,"MULWF ram_022, A",0x005F12
0x0060E0,0xFF3,PRODL,read,,"MOVF PRODL, W, A",0x005F12
0x0060E2,0x02B,ram_02B,read_write,,"ADDWF ram_02B, F, A",0x005F12
0x0060E4,0xFF4,PRODH,read,,"MOVF PRODH, W, A",0x005F12
0x0060E6,0x02C,ram_02C,read_write,,"ADDWFC ram_02C, F, A",0x005F12
0x0060E8,0x026,ram_026,read,,"MOVF ram_026, W, A",0x005F12
0x0060EA,0x021,ram_021,read,,"MULWF ram_021, A",0x005F12
0x0060EC,0xFF3,PRODL,read,,"MOVF PRODL, W, A",0x005F12
0x0060EE,0x02B,ram_02B,read_write,,"ADDWF ram_02B, F, A",0x005F12
0x0060F0,0xFF4,PRODH,read,,"MOVF PRODH, W, A",0x005F12
0x0060F2,0x02C,ram_02C,read_write,,"ADDWFC ram_02C, F, A",0x005F12
0x0060F4,0x027,ram_027,read,,"MOVF ram_027, W, A",0x005F12
0x0060F6,0x020,ram_020,read,,"MULWF ram_020, A",0x005F12
0x0060F8,0xFF3,PRODL,read,,"MOVF PRODL, W, A",0x005F12
0x0060FA,0x02B,ram_02B,read_write,,"ADDWF ram_02B, F, A",0x005F12
0x0060FC,0xFF4,PRODH,read,,"MOVF PRODH, W, A",0x005F12
0x0060FE,0x02C,ram_02C,read_write,,"ADDWFC ram_02C, F, A",0x005F12
0x006100,0x023,ram_023,read,,"MOVF ram_023, W, A",0x005F12
0x006102,0x025,ram_025,read,,"MULWF ram_025, A",0x005F12
0x006104,0xFF3,PRODL,read,,"MOVF PRODL, W, A",0x005F12
0x006106,0x02C,ram_02C,read_write,,"ADDWF ram_02C, F, A",0x005F12
0x006108,0x026,ram_026,read,,"MOVF ram_026, W, A",0x005F12
0x00610A,0x022,ram_022,read,,"MULWF ram_022, A",0x005F12
0x00610C,0xFF3,PRODL,read,,"MOVF PRODL, W, A",0x005F12
0x00610E,0x02C,ram_02C,read_write,,"ADDWF ram_02C, F, A",0x005F12
0x006110,0x027,ram_027,read,,"MOVF ram_027, W, A",0x005F12
0x006112,0x021,ram_021,read,,"MULWF ram_021, A",0x005F12
0x006114,0xFF3,PRODL,read,,"MOVF PRODL, W, A",0x005F12
0x006116,0x02C,ram_02C,read_write,,"ADDWF ram_02C, F, A",0x005F12
0x006118,0x028,ram_028,read,,"MOVF ram_028, W, A",0x005F12
0x00611A,0x020,ram_020,read,,"MULWF ram_020, A",0x005F12
0x00611C,0xFF3,PRODL,read,,"MOVF PRODL, W, A",0x005F12
0x00611E,0x02C,ram_02C,read_write,,"ADDWF ram_02C, F, A",0x005F12
0x006120,0x029,ram_029,read,,"MOVFF ram_029, ram_06B",0x005F12
0x006120,0x06B,ram_06B,write,,"MOVFF ram_029, ram_06B",0x005F12
0x006124,0x02A,ram_02A,read,,"MOVFF ram_02A, ram_06C",0x005F12
0x006124,0x06C,ram_06C,write,,"MOVFF ram_02A, ram_06C",0x005F12
0x006128,0x02B,ram_02B,read,,"MOVFF ram_02B, ram_06D",0x005F12
0x006128,0x06D,ram_06D,write,,"MOVFF ram_02B, ram_06D",0x005F12
0x00612C,0x02C,ram_02C,read,,"MOVFF ram_02C, ram_06E",0x005F12
0x00612C,0x06E,ram_06E,write,,"MOVFF ram_02C, ram_06E",0x005F12
0x006130,0x06B,ram_06B,read,,"MOVFF ram_06B, ram_012",0x005F12
0x006130,0x012,ram_012,write,,"MOVFF ram_06B, ram_012",0x005F12
0x006134,0x06C,ram_06C,read,,"MOVFF ram_06C, ram_013",0x005F12
0x006134,0x013,ram_013,write,,"MOVFF ram_06C, ram_013",0x005F12
0x006138,0x06D,ram_06D,read,,"MOVFF ram_06D, ram_014",0x005F12
0x006138,0x014,ram_014,write,,"MOVFF ram_06D, ram_014",0x005F12
0x00613C,0x06E,ram_06E,read,,"MOVFF ram_06E, ram_015",0x005F12
0x00613C,0x015,ram_015,write,,"MOVFF ram_06E, ram_015",0x005F12
0x006140,0x045,ram_045,read,,"MOVFF ram_045, ram_016",0x005F12
0x006140,0x016,ram_016,write,,"MOVFF ram_045, ram_016",0x005F12
0x006144,0x046,ram_046,read,,"MOVFF ram_046, ram_017",0x005F12
0x006144,0x017,ram_017,write,,"MOVFF ram_046, ram_017",0x005F12
0x006148,0x047,ram_047,read,,"MOVFF ram_047, ram_018",0x005F12
0x006148,0x018,ram_018,write,,"MOVFF ram_047, ram_018",0x005F12
0x00614C,0x048,ram_048,read,,"MOVFF ram_048, ram_019",0x005F12
0x00614C,0x019,ram_019,write,,"MOVFF ram_048, ram_019",0x005F12
0x006154,0x012,ram_012,read,,"MOVFF ram_012, ram_060",0x005F12
0x006154,0x060,ram_060,write,,"MOVFF ram_012, ram_060",0x005F12
0x006158,0x013,ram_013,read,,"MOVFF ram_013, ram_061",0x005F12
0x006158,0x061,ram_061,write,,"MOVFF ram_013, ram_061",0x005F12
0x00615C,0x014,ram_014,read,,"MOVFF ram_014, ram_062",0x005F12
0x00615C,0x062,ram_062,write,,"MOVFF ram_014, ram_062",0x005F12
0x006160,0x015,ram_015,read,,"MOVFF ram_015, ram_063",0x005F12
0x006160,0x063,ram_063,write,,"MOVFF ram_015, ram_063",0x005F12
0x006164,0x045,ram_045,read,,"MOVFF ram_045, ram_012",0x005F12
0x006164,0x012,ram_012,write,,"MOVFF ram_045, ram_012",0x005F12
0x006168,0x046,ram_046,read,,"MOVFF ram_046, ram_013",0x005F12
0x006168,0x013,ram_013,write,,"MOVFF ram_046, ram_013",0x005F12
0x00616C,0x047,ram_047,read,,"MOVFF ram_047, ram_014",0x005F12
0x00616C,0x014,ram_014,write,,"MOVFF ram_047, ram_014",0x005F12
0x006170,0x048,ram_048,read,,"MOVFF ram_048, ram_015",0x005F12
0x006170,0x015,ram_015,write,,"MOVFF ram_048, ram_015",0x005F12
0x006176,0x016,ram_016,write,,"MOVWF ram_016, A",0x005F12
0x006178,0x017,ram_017,write,,"CLRF ram_017, A",0x005F12
0x00617A,0x018,ram_018,write,,"CLRF ram_018, A",0x005F12
0x00617C,0x019,ram_019,write,,"CLRF ram_019, A",0x005F12
0x006182,0x012,ram_012,read,,"MOVFF ram_012, ram_064",0x005F12
0x006182,0x064,ram_064,write,,"MOVFF ram_012, ram_064",0x005F12
0x006186,0x013,ram_013,read,,"MOVFF ram_013, ram_065",0x005F12
0x006186,0x065,ram_065,write,,"MOVFF ram_013, ram_065",0x005F12
0x00618A,0x014,ram_014,read,,"MOVFF ram_014, ram_066",0x005F12
0x00618A,0x066,ram_066,write,,"MOVFF ram_014, ram_066",0x005F12
0x00618E,0x015,ram_015,read,,"MOVFF ram_015, ram_067",0x005F12
0x00618E,0x067,ram_067,write,,"MOVFF ram_015, ram_067",0x005F12
0x006194,0x060,ram_060,read,,"MOVF ram_060, W, B",0x005F12
0x006196,0x064,ram_064,read,,"SUBWF ram_064, W, B",0x005F12
0x006198,0x061,ram_061,read,,"MOVF ram_061, W, B",0x005F12
0x00619A,0x065,ram_065,read,,"SUBWFB ram_065, W, B",0x005F12
0x00619C,0x062,ram_062,read,,"MOVF ram_062, W, B",0x005F12
0x00619E,0x066,ram_066,read,,"SUBWFB ram_066, W, B",0x005F12
0x0061A0,0x067,ram_067,read,,"MOVF ram_067, W, B",0x005F12
0x0061A4,0x025,ram_025,write,,"MOVWF ram_025, A",0x005F12
0x0061A6,0x063,ram_063,read,,"MOVF ram_063, W, B",0x005F12
0x0061AA,0x025,ram_025,read,,"SUBWFB ram_025, W, A",0x005F12
0x0061B0,0x068,ram_068,write,,"MOVWF ram_068, B",0x005F12
0x0061B4,0x068,ram_068,write,,"CLRF ram_068, B",0x005F12
0x0061B6,0x06B,ram_06B,read,,"MOVFF ram_06B, ram_012",0x005F12
0x0061B6,0x012,ram_012,write,,"MOVFF ram_06B, ram_012",0x005F12
0x0061BA,0x06C,ram_06C,read,,"MOVFF ram_06C, ram_013",0x005F12
0x0061BA,0x013,ram_013,write,,"MOVFF ram_06C, ram_013",0x005F12
0x0061BE,0x06D,ram_06D,read,,"MOVFF ram_06D, ram_014",0x005F12
0x0061BE,0x014,ram_014,write,,"MOVFF ram_06D, ram_014",0x005F12
0x0061C2,0x06E,ram_06E,read,,"MOVFF ram_06E, ram_015",0x005F12
0x0061C2,0x015,ram_015,write,,"MOVFF ram_06E, ram_015",0x005F12
0x0061C6,0x045,ram_045,read,,"MOVFF ram_045, ram_016",0x005F12
0x0061C6,0x016,ram_016,write,,"MOVFF ram_045, ram_016",0x005F12
0x0061CA,0x046,ram_046,read,,"MOVFF ram_046, ram_017",0x005F12
0x0061CA,0x017,ram_017,write,,"MOVFF ram_046, ram_017",0x005F12
0x0061CE,0x047,ram_047,read,,"MOVFF ram_047, ram_018",0x005F12
0x0061CE,0x018,ram_018,write,,"MOVFF ram_047, ram_018",0x005F12
0x0061D2,0x048,ram_048,read,,"MOVFF ram_048, ram_019",0x005F12
0x0061D2,0x019,ram_019,write,,"MOVFF ram_048, ram_019",0x005F12
0x0061DE,0x069,ram_069,read,,"MULWF ram_069, B",0x005F12
0x0061E0,0xFF3,PRODL,read,,"MOVFF PRODL, ram_025",0x005F12
0x0061E0,0x025,ram_025,write,,"MOVFF PRODL, ram_025",0x005F12
0x0061E4,0xFF4,PRODH,read,,"MOVFF PRODH, ram_026",0x005F12
0x0061E4,0x026,ram_026,write,,"MOVFF PRODH, ram_026",0x005F12
0x0061E8,0x06A,ram_06A,read,,"MULWF ram_06A, B",0x005F12
0x0061EA,0xFF3,PRODL,read,,"MOVF PRODL, W, A",0x005F12
0x0061EC,0x026,ram_026,read_write,,"ADDWF ram_026, F, A",0x005F12
0x0061F0,0x026,ram_026,read,7,"BTFSC ram_026, 7, A",0x005F12
0x0061F4,0x028,ram_028,write,,"MOVWF ram_028, A",0x005F12
0x0061F8,0x027,ram_027,write,,"MOVWF ram_027, A",0x005F12
0x0061FA,0x06B,ram_06B,read,,"MOVF ram_06B, W, B",0x005F12
0x0061FC,0x025,ram_025,read,,"SUBWF ram_025, W, A",0x005F12
0x0061FE,0x06C,ram_06C,read,,"MOVF ram_06C, W, B",0x005F12
0x006200,0x026,ram_026,read,,"SUBWFB ram_026, W, A",0x005F12
0x006202,0x06D,ram_06D,read,,"MOVF ram_06D, W, B",0x005F12
0x006204,0x028,ram_028,read,,"SUBWFB ram_028, W, A",0x005F12
0x006206,0x06E,ram_06E,read,,"MOVF ram_06E, W, B",0x005F12
0x00620A,0x027,ram_027,read,,"SUBWFB ram_027, W, A",0x005F12
0x006210,0x069,ram_069,read,,"MULWF ram_069, B",0x005F12
0x006212,0xFF3,PRODL,read,,"MOVFF PRODL, ram_025",0x005F12
0x006212,0x025,ram_025,write,,"MOVFF PRODL, ram_025",0x005F12
0x006216,0xFF4,PRODH,read,,"MOVFF PRODH, ram_026",0x005F12
0x006216,0x026,ram_026,write,,"MOVFF PRODH, ram_026",0x005F12
0x00621A,0x06A,ram_06A,read,,"MULWF ram_06A, B",0x005F12
0x00621C,0xFF3,PRODL,read,,"MOVF PRODL, W, A",0x005F12
0x00621E,0x026,ram_026,read_write,,"ADDWF ram_026, F, A",0x005F12
0x006220,0x025,ram_025,read,,"MOVFF ram_025, ram_06B",0x005F12
0x006220,0x06B,ram_06B,write,,"MOVFF ram_025, ram_06B",0x005F12
0x006224,0x026,ram_026,read,,"MOVFF ram_026, ram_06C",0x005F12
0x006224,0x06C,ram_06C,write,,"MOVFF ram_026, ram_06C",0x005F12
0x00622A,0x06C,ram_06C,read,7,"BTFSC ram_06C, 7, B",0x005F12
0x00622E,0x06D,ram_06D,write,,"MOVWF ram_06D, B",0x005F12
0x006230,0x06E,ram_06E,write,,"MOVWF ram_06E, B",0x005F12
0x006232,0x06E,ram_06E,read,7,"BTFSS ram_06E, 7, B",0x005F12
0x006236,0x06B,ram_06B,write,,"CLRF ram_06B, B",0x005F12
0x006238,0x06C,ram_06C,write,,"CLRF ram_06C, B",0x005F12
0x00623A,0x06D,ram_06D,write,,"CLRF ram_06D, B",0x005F12
0x00623C,0x06E,ram_06E,write,,"CLRF ram_06E, B",0x005F12
0x00623E,0x024,ram_024,read,,"MOVF ram_024, W, A",0x005F12
0x006242,0x06E,ram_06E,read_write,,"COMF ram_06E, F, B",0x005F12
0x006244,0x06D,ram_06D,read_write,,"COMF ram_06D, F, B",0x005F12
0x006246,0x06C,ram_06C,read_write,,"COMF ram_06C, F, B",0x005F12
0x006248,0x06B,ram_06B,read_write,,"NEGF ram_06B, B",0x005F12
0x00624C,0x06C,ram_06C,read_write,,"ADDWFC ram_06C, F, B",0x005F12
0x00624E,0x06D,ram_06D,read_write,,"ADDWFC ram_06D, F, B",0x005F12
0x006250,0x06E,ram_06E,read_write,,"ADDWFC ram_06E, F, B",0x005F12
0x006252,0x4F3,ram_4F3,read,,"MOVFF ram_4F3, ram_025",0x005F12
0x006252,0x025,ram_025,write,,"MOVFF ram_4F3, ram_025",0x005F12
0x006256,0xFD8,STATUS,read_write,0,"BCF STATUS, 0, A",0x005F12
0x006258,0x025,ram_025,read_write,,"RRCF ram_025, F, A",0x005F12
0x00625A,0x025,ram_025,read,,"MOVF ram_025, W, A",0x005F12
0x00625E,0x026,ram_026,write,,"MOVWF ram_026, A",0x005F12
0x006260,0x026,ram_026,read,,"INCF ram_026, W, A",0x005F12
0x006264,0xFD8,STATUS,read_write,0,"BCF STATUS, 0, A",0x005F12
0x006266,0x06B,ram_06B,read_write,,"RLCF ram_06B, F, B",0x005F12
0x006268,0x06C,ram_06C,read_write,,"RLCF ram_06C, F, B",0x005F12
0x00626A,0x06D,ram_06D,read_write,,"RLCF ram_06D, F, B",0x005F12
0x00626C,0x06E,ram_06E,read_write,,"RLCF ram_06E, F, B",0x005F12
0x00626E,0xFE8,WREG,read_write,,"DECFSZ WREG, F, A",0x005F12
0x006272,0x06B,ram_06B,read,,"MOVFF ram_06B, ram_020",0x005F12
0x006272,0x020,ram_020,write,,"MOVFF ram_06B, ram_020",0x005F12
0x006276,0x06C,ram_06C,read,,"MOVFF ram_06C, ram_021",0x005F12
0x006276,0x021,ram_021,write,,"MOVFF ram_06C, ram_021",0x005F12
0x00627E,0x500,ram_500,read,,"MOVF ram_500, W, B",0x00627C
0x006280,0x501,ram_501,read,,"IORWF ram_501, W, B",0x00627C
0x006284,0x51E,ram_51E,read,,"MOVF ram_51E, W, B",0x00627C
0x006286,0x51F,ram_51F,read,,"IORWF ram_51F, W, B",0x00627C
0x006292,0x012,ram_012,read,,"MOVFF ram_012, ram_0CB",0x00627C
0x006292,0x0CB,ram_0CB,write,,"MOVFF ram_012, ram_0CB",0x00627C
0x006296,0x013,ram_013,read,,"MOVFF ram_013, ram_0CC",0x00627C
0x006296,0x0CC,ram_0CC,write,,"MOVFF ram_013, ram_0CC",0x00627C
0x00629A,0x44A,ram_44A,read,,"MOVFF ram_44A, ram_012",0x00627C
0x00629A,0x012,ram_012,write,,"MOVFF ram_44A, ram_012",0x00627C
0x00629E,0x44B,ram_44B,read,,"MOVFF ram_44B, ram_013",0x00627C
0x00629E,0x013,ram_013,write,,"MOVFF ram_44B, ram_013",0x00627C
0x0062A2,0x015,ram_015,write,,"CLRF ram_015, A",0x00627C
0x0062A6,0x014,ram_014,write,,"MOVWF ram_014, A",0x00627C
0x0062AC,0x012,ram_012,read,,"MOVF ram_012, W, A",0x00627C
0x0062B2,0x0C6,ram_0C6,write,,"MOVWF ram_0C6, B",0x00627C
0x0062B6,0x0C6,ram_0C6,read,,"CPFSGT ram_0C6, B",0x00627C
0x0062BA,0x0C6,ram_0C6,write,,"MOVWF ram_0C6, B",0x00627C
0x0062BC,0x0C0,ram_0C0,write,,"CLRF ram_0C0, B",0x00627C
0x0062BE,0x0C1,ram_0C1,write,,"CLRF ram_0C1, B",0x00627C
0x0062C0,0x0C6,ram_0C6,read,,"MOVF ram_0C6, W, B",0x00627C
0x0062C2,0x070,ram_070,write,,"MOVWF ram_070, B",0x00627C
0x0062C4,0x071,ram_071,write,,"CLRF ram_071, B",0x00627C
0x0062C8,0x44A,ram_44A,read,,"MOVF ram_44A, W, B",0x00627C
0x0062CC,0x070,ram_070,read,,"SUBWF ram_070, W, B",0x00627C
0x0062D0,0x44B,ram_44B,read,,"MOVF ram_44B, W, B",0x00627C
0x0062D4,0x071,ram_071,read,,"SUBWFB ram_071, W, B",0x00627C
0x0062D8,0x0C6,ram_0C6,read,,"MOVF ram_0C6, W, B",0x00627C
0x0062DC,0x44A,ram_44A,read,,"SUBWF ram_44A, W, B",0x00627C
0x0062E0,0x0C0,ram_0C0,write,,"MOVWF ram_0C0, B",0x00627C
0x0062E4,0x44B,ram_44B,read,,"MOVF ram_44B, W, B",0x00627C
0x0062E6,0xFD8,STATUS,read,0,"BTFSS STATUS, 0, A",0x00627C
0x0062E8,0x44B,ram_44B,read,,"DECF ram_44B, W, B",0x00627C
0x0062EC,0x0C1,ram_0C1,write,,"MOVWF ram_0C1, B",0x00627C
0x0062EE,0x0CB,ram_0CB,read,,"INCF ram_0CB, W, B",0x00627C
0x0062F2,0x0CC,ram_0CC,read,,"INCF ram_0CC, W, B",0x00627C
0x0062F6,0x0C0,ram_0C0,read,,"MOVF ram_0C0, W, B",0x00627C
0x0062F8,0x0CB,ram_0CB,read,,"SUBWF ram_0CB, W, B",0x00627C
0x0062FA,0x0C1,ram_0C1,read,,"MOVF ram_0C1, W, B",0x00627C
0x0062FC,0x0CC,ram_0CC,read,,"SUBWFB ram_0CC, W, B",0x00627C
0x006300,0x0C6,ram_0C6,read,,"MOVF ram_0C6, W, B",0x00627C
0x006304,0x44A,ram_44A,read,,"ADDWF ram_44A, W, B",0x00627C
0x006308,0x070,ram_070,write,,"MOVWF ram_070, B",0x00627C
0x00630E,0x44B,ram_44B,read,,"ADDWFC ram_44B, W, B",0x00627C
0x006312,0x071,ram_071,write,,"MOVWF ram_071, B",0x00627C
0x006314,0x0CB,ram_0CB,read,,"MOVF ram_0CB, W, B",0x00627C
0x006316,0x070,ram_070,read,,"SUBWF ram_070, W, B",0x00627C
0x006318,0x0CC,ram_0CC,read,,"MOVF ram_0CC, W, B",0x00627C
0x00631A,0x071,ram_071,read,,"SUBWFB ram_071, W, B",0x00627C
0x00631E,0xFD8,STATUS,read_write,0,"BCF STATUS, 0, A",0x00627C
0x006320,0x045,ram_045,read,,"RLCF ram_045, W, A",0x00627C
0x006322,0x021,ram_021,write,,"MOVWF ram_021, A",0x00627C
0x006324,0x046,ram_046,read,,"RLCF ram_046, W, A",0x00627C
0x006326,0x022,ram_022,write,,"MOVWF ram_022, A",0x00627C
0x006328,0x047,ram_047,read,,"RLCF ram_047, W, A",0x00627C
0x00632A,0x023,ram_023,write,,"MOVWF ram_023, A",0x00627C
0x00632C,0x048,ram_048,read,,"RLCF ram_048, W, A",0x00627C
0x00632E,0x024,ram_024,write,,"MOVWF ram_024, A",0x00627C
0x006332,0x0CB,ram_0CB,read,,"MOVFF ram_0CB, ram_44A",0x00627C
0x006332,0x44A,ram_44A,write,,"MOVFF ram_0CB, ram_44A",0x00627C
0x006336,0x0CC,ram_0CC,read,,"MOVFF ram_0CC, ram_44B",0x00627C
0x006336,0x44B,ram_44B,write,,"MOVFF ram_0CC, ram_44B",0x00627C
0x00633E,0x5AD,ram_5AD,write,,"MOVWF ram_5AD, B",0x00627C
0x00634A,0xFDB,PLUSW2,read,,"MOVFF PLUSW2, PLUSW1",0x00627C
0x00634A,0xFE3,PLUSW1,write,,"MOVFF PLUSW2, PLUSW1",0x00627C
0x00634E,0xFE8,WREG,read_write,,"DECF WREG, F, A",0x00627C
0x006354,0x0C6,ram_0C6,read,,"MOVF ram_0C6, W, B",0x00627C
0x006358,0x500,ram_500,read,,"ADDWF ram_500, W, B",0x00627C
0x00635C,0x070,ram_070,write,,"MOVWF ram_070, B",0x00627C
0x006362,0x501,ram_501,read,,"ADDWFC ram_501, W, B",0x00627C
0x006366,0x071,ram_071,write,,"MOVWF ram_071, B",0x00627C
0x006368,0x0CB,ram_0CB,read,,"MOVF ram_0CB, W, B",0x00627C
0x00636A,0x070,ram_070,read,,"SUBWF ram_070, W, B",0x00627C
0x00636C,0x0CC,ram_0CC,read,,"MOVF ram_0CC, W, B",0x00627C
0x00636E,0x071,ram_071,read,,"SUBWFB ram_071, W, B",0x00627C
0x006372,0xFD8,STATUS,read_write,0,"BCF STATUS, 0, A",0x00627C
0x006374,0x07C,ram_07C,read,,"RLCF ram_07C, W, B",0x00627C
0x006376,0x021,ram_021,write,,"MOVWF ram_021, A",0x00627C
0x006378,0x07D,ram_07D,read,,"RLCF ram_07D, W, B",0x00627C
0x00637A,0x022,ram_022,write,,"MOVWF ram_022, A",0x00627C
0x00637C,0x07E,ram_07E,read,,"RLCF ram_07E, W, B",0x00627C
0x00637E,0x023,ram_023,write,,"MOVWF ram_023, A",0x00627C
0x006380,0x07F,ram_07F,read,,"RLCF ram_07F, W, B",0x00627C
0x006382,0x024,ram_024,write,,"MOVWF ram_024, A",0x00627C
0x006386,0x0CB,ram_0CB,read,,"MOVF ram_0CB, W, B",0x00627C
0x00638A,0x51E,ram_51E,read,,"SUBWF ram_51E, W, B",0x00627C
0x00638E,0x0CC,ram_0CC,read,,"MOVF ram_0CC, W, B",0x00627C
0x006392,0x51F,ram_51F,read,,"SUBWFB ram_51F, W, B",0x00627C
0x006396,0x0B8,ram_0B8,read,,"MOVFF ram_0B8, ram_021",0x00627C
0x006396,0x021,ram_021,write,,"MOVFF ram_0B8, ram_021",0x00627C
0x00639A,0x0B9,ram_0B9,read,,"MOVFF ram_0B9, ram_022",0x00627C
0x00639A,0x022,ram_022,write,,"MOVFF ram_0B9, ram_022",0x00627C
0x00639E,0x0BA,ram_0BA,read,,"MOVFF ram_0BA, ram_023",0x00627C
0x00639E,0x023,ram_023,write,,"MOVFF ram_0BA, ram_023",0x00627C
0x0063A2,0x0BB,ram_0BB,read,,"MOVFF ram_0BB, ram_024",0x00627C
0x0063A2,0x024,ram_024,write,,"MOVFF ram_0BB, ram_024",0x00627C
0x0063AA,0x0C2,ram_0C2,write,,"CLRF ram_0C2, B",0x00627C
0x0063AC,0x0C3,ram_0C3,write,,"CLRF ram_0C3, B",0x00627C
0x0063AE,0x0C7,ram_0C7,write,,"CLRF ram_0C7, B",0x00627C
0x0063B0,0x0C8,ram_0C8,write,,"CLRF ram_0C8, B",0x00627C
0x0063B2,0x0C9,ram_0C9,write,,"CLRF ram_0C9, B",0x00627C
0x0063B4,0x0CA,ram_0CA,write,,"CLRF ram_0CA, B",0x00627C
0x0063B6,0xFD8,STATUS,read_write,0,"BCF STATUS, 0, A",0x00627C
0x0063B8,0x0C9,ram_0C9,read,,"RLCF ram_0C9, W, B",0x00627C
0x0063BA,0xFD9,FSR2L,write,,"MOVWF FSR2L, A",0x00627C
0x0063BC,0x0CA,ram_0CA,read,,"RLCF ram_0CA, W, B",0x00627C
0x0063BE,0xFDA,FSR2H,write,,"MOVWF FSR2H, A",0x00627C
0x0063C2,0xFD9,FSR2L,read_write,,"ADDWF FSR2L, F, A",0x00627C
0x0063C6,0xFDA,FSR2H,read_write,,"ADDWFC FSR2H, F, A",0x00627C
0x0063C8,0x0CB,ram_0CB,read,,"MOVF ram_0CB, W, B",0x00627C
0x0063CA,0xFDE,POSTINC2,read,,"XORWF POSTINC2, W, A",0x00627C
0x0063CE,0x0CC,ram_0CC,read,,"MOVF ram_0CC, W, B",0x00627C
0x0063D0,0xFDE,POSTINC2,read,,"XORWF POSTINC2, W, A",0x00627C
0x0063D4,0x0C9,ram_0C9,read,,"MOVF ram_0C9, W, B",0x00627C
0x0063D8,0xFF3,PRODL,read,,"MOVF PRODL, W, A",0x00627C
0x0063DC,0xFD9,FSR2L,write,,"MOVWF FSR2L, A",0x00627C
0x0063DE,0xFDA,FSR2H,write,,"CLRF FSR2H, A",0x00627C
0x0063E0,0xFDE,POSTINC2,read,,"MOVFF POSTINC2, ram_021",0x00627C
0x0063E0,0x021,ram_021,write,,"MOVFF POSTINC2, ram_021",0x00627C
0x0063E4,0xFDE,POSTINC2,read,,"MOVFF POSTINC2, ram_022",0x00627C
0x0063E4,0x022,ram_022,write,,"MOVFF POSTINC2, ram_022",0x00627C
0x0063E8,0xFDE,POSTINC2,read,,"MOVFF POSTINC2, ram_023",0x00627C
0x0063E8,0x023,ram_023,write,,"MOVFF POSTINC2, ram_023",0x00627C
0x0063EC,0xFDE,POSTINC2,read,,"MOVFF POSTINC2, ram_024",0x00627C
0x0063EC,0x024,ram_024,write,,"MOVFF POSTINC2, ram_024",0x00627C
0x0063F2,0xFD8,STATUS,read_write,0,"BCF STATUS, 0, A",0x00627C
0x0063F4,0x0C9,ram_0C9,read,,"RLCF ram_0C9, W, B",0x00627C
0x0063F6,0xFD9,FSR2L,write,,"MOVWF FSR2L, A",0x00627C
0x0063F8,0x0CA,ram_0CA,read,,"RLCF ram_0CA, W, B",0x00627C
0x0063FA,0xFDA,FSR2H,write,,"MOVWF FSR2H, A",0x00627C
0x0063FE,0xFD9,FSR2L,read_write,,"ADDWF FSR2L, F, A",0x00627C
0x006402,0xFDA,FSR2H,read_write,,"ADDWFC FSR2H, F, A",0x00627C
0x006404,0x0CB,ram_0CB,read,,"MOVF ram_0CB, W, B",0x00627C
0x006406,0xFDE,POSTINC2,read,,"SUBWF POSTINC2, W, A",0x00627C
0x006408,0x0CC,ram_0CC,read,,"MOVF ram_0CC, W, B",0x00627C
0x00640A,0xFDE,POSTINC2,read,,"SUBWFB POSTINC2, W, A",0x00627C
0x00640E,0x0C7,ram_0C7,read,,"MOVF ram_0C7, W, B",0x00627C
0x006410,0x0C8,ram_0C8,read,,"IORWF ram_0C8, W, B",0x00627C
0x006414,0x0C9,ram_0C9,read,,"MOVFF ram_0C9, ram_0C2",0x00627C
0x006414,0x0C2,ram_0C2,write,,"MOVFF ram_0C9, ram_0C2",0x00627C
0x006418,0x0CA,ram_0CA,read,,"MOVFF ram_0CA, ram_0C3",0x00627C
0x006418,0x0C3,ram_0C3,write,,"MOVFF ram_0CA, ram_0C3",0x00627C
0x00641C,0xFD8,STATUS,read_write,0,"BCF STATUS, 0, A",0x00627C
0x00641E,0x0C9,ram_0C9,read,,"RLCF ram_0C9, W, B",0x00627C
0x006420,0xFD9,FSR2L,write,,"MOVWF FSR2L, A",0x00627C
0x006422,0x0CA,ram_0CA,read,,"RLCF ram_0CA, W, B",0x00627C
0x006424,0xFDA,FSR2H,write,,"MOVWF FSR2H, A",0x00627C
0x006428,0xFD9,FSR2L,read_write,,"ADDWF FSR2L, F, A",0x00627C
0x00642C,0xFDA,FSR2H,read_write,,"ADDWFC FSR2H, F, A",0x00627C
0x00642E,0xFDE,POSTINC2,read,,"MOVF POSTINC2, W, A",0x00627C
0x006430,0x0CB,ram_0CB,read,,"SUBWF ram_0CB, W, B",0x00627C
0x006432,0xFDE,POSTINC2,read,,"MOVF POSTINC2, W, A",0x00627C
0x006434,0x0CC,ram_0CC,read,,"SUBWFB ram_0CC, W, B",0x00627C
0x006438,0x0C7,ram_0C7,read,,"MOVF ram_0C7, W, B",0x00627C
0x00643A,0x0C8,ram_0C8,read,,"IORWF ram_0C8, W, B",0x00627C
0x00643E,0x0C9,ram_0C9,read,,"MOVFF ram_0C9, ram_0C7",0x00627C
0x00643E,0x0C7,ram_0C7,write,,"MOVFF ram_0C9, ram_0C7",0x00627C
0x006442,0x0CA,ram_0CA,read,,"MOVFF ram_0CA, ram_0C8",0x00627C
0x006442,0x0C8,ram_0C8,write,,"MOVFF ram_0CA, ram_0C8",0x00627C
0x006446,0x0C9,ram_0C9,read_write,,"INFSNZ ram_0C9, F, B",0x00627C
0x006448,0x0CA,ram_0CA,read_write,,"INCF ram_0CA, F, B",0x00627C
0x00644C,0x0C9,ram_0C9,read,,"XORWF ram_0C9, W, B",0x00627C
0x00644E,0x0CA,ram_0CA,read,,"IORWF ram_0CA, W, B",0x00627C
0x006452,0xFD8,STATUS,read_write,0,"BCF STATUS, 0, A",0x00627C
0x006454,0x0C2,ram_0C2,read,,"RLCF ram_0C2, W, B",0x00627C
0x006456,0xFD9,FSR2L,write,,"MOVWF FSR2L, A",0x00627C
0x006458,0x0C3,ram_0C3,read,,"RLCF ram_0C3, W, B",0x00627C
0x00645A,0xFDA,FSR2H,write,,"MOVWF FSR2H, A",0x00627C
0x00645E,0xFD9,FSR2L,read_write,,"ADDWF FSR2L, F, A",0x00627C
0x006462,0xFDA,FSR2H,read_write,,"ADDWFC FSR2H, F, A",0x00627C
0x006464,0xFDE,POSTINC2,read,,"MOVFF POSTINC2, ram_070",0x00627C
0x006464,0x070,ram_070,write,,"MOVFF POSTINC2, ram_070",0x00627C
0x006468,0xFDD,POSTDEC2,read,,"MOVFF POSTDEC2, ram_071",0x00627C
0x006468,0x071,ram_071,write,,"MOVFF POSTDEC2, ram_071",0x00627C
0x00646C,0xFD8,STATUS,read_write,0,"BCF STATUS, 0, A",0x00627C
0x00646E,0x0C7,ram_0C7,read,,"RLCF ram_0C7, W, B",0x00627C
0x006470,0xFD9,FSR2L,write,,"MOVWF FSR2L, A",0x00627C
0x006472,0x0C8,ram_0C8,read,,"RLCF ram_0C8, W, B",0x00627C
0x006474,0xFDA,FSR2H,write,,"MOVWF FSR2H, A",0x00627C
0x006478,0xFD9,FSR2L,read_write,,"ADDWF FSR2L, F, A",0x00627C
0x00647C,0xFDA,FSR2H,read_write,,"ADDWFC FSR2H, F, A",0x00627C
0x00647E,0xFDE,POSTINC2,read,,"MOVFF POSTINC2, ram_072",0x00627C
0x00647E,0x072,ram_072,write,,"MOVFF POSTINC2, ram_072",0x00627C
0x006482,0xFDD,POSTDEC2,read,,"MOVFF POSTDEC2, ram_073",0x00627C
0x006482,0x073,ram_073,write,,"MOVFF POSTDEC2, ram_073",0x00627C
0x006486,0x070,ram_070,read,,"MOVF ram_070, W, B",0x00627C
0x006488,0x072,ram_072,read,,"SUBWF ram_072, W, B",0x00627C
0x00648A,0x0C4,ram_0C4,write,,"MOVWF ram_0C4, B",0x00627C
0x00648C,0x071,ram_071,read,,"MOVF ram_071, W, B",0x00627C
0x00648E,0x073,ram_073,read,,"SUBWFB ram_073, W, B",0x00627C
0x006490,0x0C5,ram_0C5,write,,"MOVWF ram_0C5, B",0x00627C
0x006492,0x0C7,ram_0C7,read,,"MOVF ram_0C7, W, B",0x00627C
0x006496,0xFF3,PRODL,read,,"MOVF PRODL, W, A",0x00627C
0x00649A,0xFD9,FSR2L,write,,"MOVWF FSR2L, A",0x00627C
0x00649C,0xFDA,FSR2H,write,,"CLRF FSR2H, A",0x00627C
0x00649E,0xFDE,POSTINC2,read,,"MOVFF POSTINC2, ram_070",0x00627C
0x00649E,0x070,ram_070,write,,"MOVFF POSTINC2, ram_070",0x00627C
0x0064A2,0xFDE,POSTINC2,read,,"MOVFF POSTINC2, ram_071",0x00627C
0x0064A2,0x071,ram_071,write,,"MOVFF POSTINC2, ram_071",0x00627C
0x0064A6,0xFDE,POSTINC2,read,,"MOVFF POSTINC2, ram_072",0x00627C
0x0064A6,0x072,ram_072,write,,"MOVFF POSTINC2, ram_072",0x00627C
0x0064AA,0xFDE,POSTINC2,read,,"MOVFF POSTINC2, ram_073",0x00627C
0x0064AA,0x073,ram_073,write,,"MOVFF POSTINC2, ram_073",0x00627C
0x0064AE,0x0C2,ram_0C2,read,,"MOVF ram_0C2, W, B",0x00627C
0x0064B2,0xFF3,PRODL,read,,"MOVF PRODL, W, A",0x00627C
0x0064B6,0xFD9,FSR2L,write,,"MOVWF FSR2L, A",0x00627C
0x0064B8,0xFDA,FSR2H,write,,"CLRF FSR2H, A",0x00627C
0x0064BA,0xFDE,POSTINC2,read,,"MOVFF POSTINC2, ram_074",0x00627C
0x0064BA,0x074,ram_074,write,,"MOVFF POSTINC2, ram_074",0x00627C
0x0064BE,0xFDE,POSTINC2,read,,"MOVFF POSTINC2, ram_075",0x00627C
0x0064BE,0x075,ram_075,write,,"MOVFF POSTINC2, ram_075",0x00627C
0x0064C2,0xFDE,POSTINC2,read,,"MOVFF POSTINC2, ram_076",0x00627C
0x0064C2,0x076,ram_076,write,,"MOVFF POSTINC2, ram_076",0x00627C
0x0064C6,0xFDE,POSTINC2,read,,"MOVFF POSTINC2, ram_077",0x00627C
0x0064C6,0x077,ram_077,write,,"MOVFF POSTINC2, ram_077",0x00627C
0x0064CA,0x070,ram_070,read,,"MOVF ram_070, W, B",0x00627C
0x0064CC,0x074,ram_074,read,,"SUBWF ram_074, W, B",0x00627C
0x0064CE,0x012,ram_012,write,,"MOVWF ram_012, A",0x00627C
0x0064D0,0x071,ram_071,read,,"MOVF ram_071, W, B",0x00627C
0x0064D2,0x075,ram_075,read,,"SUBWFB ram_075, W, B",0x00627C
0x0064D4,0x013,ram_013,write,,"MOVWF ram_013, A",0x00627C
0x0064D6,0x072,ram_072,read,,"MOVF ram_072, W, B",0x00627C
0x0064D8,0x076,ram_076,read,,"SUBWFB ram_076, W, B",0x00627C
0x0064DA,0x014,ram_014,write,,"MOVWF ram_014, A",0x00627C
0x0064DC,0x073,ram_073,read,,"MOVF ram_073, W, B",0x00627C
0x0064DE,0x077,ram_077,read,,"SUBWFB ram_077, W, B",0x00627C
0x0064E0,0x015,ram_015,write,,"MOVWF ram_015, A",0x00627C
0x0064E2,0x0C4,ram_0C4,read,,"MOVFF ram_0C4, ram_016",0x00627C
0x0064E2,0x016,ram_016,write,,"MOVFF ram_0C4, ram_016",0x00627C
0x0064E6,0x0C5,ram_0C5,read,,"MOVFF ram_0C5, ram_017",0x00627C
0x0064E6,0x017,ram_017,write,,"MOVFF ram_0C5, ram_017",0x00627C
0x0064EA,0x018,ram_018,write,,"CLRF ram_018, A",0x00627C
0x0064EC,0x019,ram_019,write,,"CLRF ram_019, A",0x00627C
0x0064F2,0x012,ram_012,read,,"MOVFF ram_012, ram_0BC",0x00627C
0x0064F2,0x0BC,ram_0BC,write,,"MOVFF ram_012, ram_0BC",0x00627C
0x0064F6,0x013,ram_013,read,,"MOVFF ram_013, ram_0BD",0x00627C
0x0064F6,0x0BD,ram_0BD,write,,"MOVFF ram_013, ram_0BD",0x00627C
0x0064FA,0x014,ram_014,read,,"MOVFF ram_014, ram_0BE",0x00627C
0x0064FA,0x0BE,ram_0BE,write,,"MOVFF ram_014, ram_0BE",0x00627C
0x0064FE,0x015,ram_015,read,,"MOVFF ram_015, ram_0BF",0x00627C
0x0064FE,0x0BF,ram_0BF,write,,"MOVFF ram_015, ram_0BF",0x00627C
0x006502,0xFD8,STATUS,read_write,0,"BCF STATUS, 0, A",0x00627C
0x006506,0x0C7,ram_0C7,read,,"RLCF ram_0C7, W, B",0x00627C
0x006508,0xFD9,FSR2L,write,,"MOVWF FSR2L, A",0x00627C
0x00650A,0x0C8,ram_0C8,read,,"RLCF ram_0C8, W, B",0x00627C
0x00650C,0xFDA,FSR2H,write,,"MOVWF FSR2H, A",0x00627C
0x006510,0xFD9,FSR2L,read_write,,"ADDWF FSR2L, F, A",0x00627C
0x006514,0xFDA,FSR2H,read_write,,"ADDWFC FSR2H, F, A",0x00627C
0x006516,0xFDE,POSTINC2,read,,"MOVFF POSTINC2, ram_070",0x00627C
0x006516,0x070,ram_070,write,,"MOVFF POSTINC2, ram_070",0x00627C
0x00651A,0xFDD,POSTDEC2,read,,"MOVFF POSTDEC2, ram_071",0x00627C
0x00651A,0x071,ram_071,write,,"MOVFF POSTDEC2, ram_071",0x00627C
0x00651E,0x0CB,ram_0CB,read,,"MOVF ram_0CB, W, B",0x00627C
0x006520,0x070,ram_070,read,,"SUBWF ram_070, W, B",0x00627C
0x006522,0x0C4,ram_0C4,write,,"MOVWF ram_0C4, B",0x00627C
0x006524,0x0CC,ram_0CC,read,,"MOVF ram_0CC, W, B",0x00627C
0x006526,0x071,ram_071,read,,"SUBWFB ram_071, W, B",0x00627C
0x006528,0x0C5,ram_0C5,write,,"MOVWF ram_0C5, B",0x00627C
0x00652A,0x0C7,ram_0C7,read,,"MOVF ram_0C7, W, B",0x00627C
0x00652E,0xFF3,PRODL,read,,"MOVF PRODL, W, A",0x00627C
0x006532,0xFD9,FSR2L,write,,"MOVWF FSR2L, A",0x00627C
0x006534,0xFDA,FSR2H,write,,"CLRF FSR2H, A",0x00627C
0x006536,0xFDE,POSTINC2,read,,"MOVFF POSTINC2, ram_070",0x00627C
0x006536,0x070,ram_070,write,,"MOVFF POSTINC2, ram_070",0x00627C
0x00653A,0xFDE,POSTINC2,read,,"MOVFF POSTINC2, ram_071",0x00627C
0x00653A,0x071,ram_071,write,,"MOVFF POSTINC2, ram_071",0x00627C
0x00653E,0xFDE,POSTINC2,read,,"MOVFF POSTINC2, ram_072",0x00627C
0x00653E,0x072,ram_072,write,,"MOVFF POSTINC2, ram_072",0x00627C
0x006542,0xFDE,POSTINC2,read,,"MOVFF POSTINC2, ram_073",0x00627C
0x006542,0x073,ram_073,write,,"MOVFF POSTINC2, ram_073",0x00627C
0x006546,0x0C4,ram_0C4,read,,"MOVF ram_0C4, W, B",0x00627C
0x006548,0x074,ram_074,write,,"MOVWF ram_074, B",0x00627C
0x00654A,0x0C5,ram_0C5,read,,"MOVF ram_0C5, W, B",0x00627C
0x00654C,0x075,ram_075,write,,"MOVWF ram_075, B",0x00627C
0x00654E,0x076,ram_076,write,,"CLRF ram_076, B",0x00627C
0x006550,0x077,ram_077,write,,"CLRF ram_077, B",0x00627C
0x006552,0x074,ram_074,read,,"MOVF ram_074, W, B",0x00627C
0x006554,0x0BC,ram_0BC,read,,"MULWF ram_0BC, B",0x00627C
0x006556,0xFF3,PRODL,read,,"MOVFF PRODL, ram_078",0x00627C
0x006556,0x078,ram_078,write,,"MOVFF PRODL, ram_078",0x00627C
0x00655A,0xFF4,PRODH,read,,"MOVFF PRODH, ram_079",0x00627C
0x00655A,0x079,ram_079,write,,"MOVFF PRODH, ram_079",0x00627C
0x00655E,0x07A,ram_07A,write,,"CLRF ram_07A, B",0x00627C
0x006560,0x07B,ram_07B,write,,"CLRF ram_07B, B",0x00627C
0x006562,0x0BD,ram_0BD,read,,"MULWF ram_0BD, B",0x00627C
0x006564,0xFF3,PRODL,read,,"MOVF PRODL, W, A",0x00627C
0x006566,0x079,ram_079,read_write,,"ADDWF ram_079, F, B",0x00627C
0x006568,0xFF4,PRODH,read,,"MOVF PRODH, W, A",0x00627C
0x00656A,0x07A,ram_07A,read_write,,"ADDWFC ram_07A, F, B",0x00627C
0x00656E,0x07B,ram_07B,read_write,,"ADDWFC ram_07B, F, B",0x00627C
0x006570,0x075,ram_075,read,,"MOVF ram_075, W, B",0x00627C
0x006572,0x0BC,ram_0BC,read,,"MULWF ram_0BC, B",0x00627C
0x006574,0xFF3,PRODL,read,,"MOVF PRODL, W, A",0x00627C
0x006576,0x079,ram_079,read_write,,"ADDWF ram_079, F, B",0x00627C
0x006578,0xFF4,PRODH,read,,"MOVF PRODH, W, A",0x00627C
0x00657A,0x07A,ram_07A,read_write,,"ADDWFC ram_07A, F, B",0x00627C
0x00657E,0x07B,ram_07B,read_write,,"ADDWFC ram_07B, F, B",0x00627C
0x006580,0x074,ram_074,read,,"MOVF ram_074, W, B",0x00627C
0x006582,0x0BE,ram_0BE,read,,"MULWF ram_0BE, B",0x00627C
0x006584,0xFF3,PRODL,read,,"MOVF PRODL, W, A",0x00627C
0x006586,0x07A,ram_07A,read_write,,"ADDWF ram_07A, F, B",0x00627C
0x006588,0xFF4,PRODH,read,,"MOVF PRODH, W, A",0x00627C
0x00658A,0x07B,ram_07B,read_write,,"ADDWFC ram_07B, F, B",0x00627C
0x00658C,0x075,ram_075,read,,"MOVF ram_075, W, B",0x00627C
0x00658E,0x0BD,ram_0BD,read,,"MULWF ram_0BD, B",0x00627C
0x006590,0xFF3,PRODL,read,,"MOVF PRODL, W, A",0x00627C
0x006592,0x07A,ram_07A,read_write,,"ADDWF ram_07A, F, B",0x00627C
0x006594,0xFF4,PRODH,read,,"MOVF PRODH, W, A",0x00627C
0x006596,0x07B,ram_07B,read_write,,"ADDWFC ram_07B, F, B",0x00627C
0x006598,0x076,ram_076,read,,"MOVF ram_076, W, B",0x00627C
0x00659A,0x0BC,ram_0BC,read,,"MULWF ram_0BC, B",0x00627C
0x00659C,0xFF3,PRODL,read,,"MOVF PRODL, W, A",0x00627C
0x00659E,0x07A,ram_07A,read_write,,"ADDWF ram_07A, F, B",0x00627C
0x0065A0,0xFF4,PRODH,read,,"MOVF PRODH, W, A",0x00627C
0x0065A2,0x07B,ram_07B,read_write,,"ADDWFC ram_07B, F, B",0x00627C
0x0065A4,0x0BF,ram_0BF,read,,"MOVF ram_0BF, W, B",0x00627C
0x0065A6,0x074,ram_074,read,,"MULWF ram_074, B",0x00627C
0x0065A8,0xFF3,PRODL,read,,"MOVF PRODL, W, A",0x00627C
0x0065AA,0x07B,ram_07B,read_write,,"ADDWF ram_07B, F, B",0x00627C
0x0065AC,0x075,ram_075,read,,"MOVF ram_075, W, B",0x00627C
0x0065AE,0x0BE,ram_0BE,read,,"MULWF ram_0BE, B",0x00627C
0x0065B0,0xFF3,PRODL,read,,"MOVF PRODL, W, A",0x00627C
0x0065B2,0x07B,ram_07B,read_write,,"ADDWF ram_07B, F, B",0x00627C
0x0065B4,0x076,ram_076,read,,"MOVF ram_076, W, B",0x00627C
0x0065B6,0x0BD,ram_0BD,read,,"MULWF ram_0BD, B",0x00627C
0x0065B8,0xFF3,PRODL,read,,"MOVF PRODL, W, A",0x00627C
0x0065BA,0x07B,ram_07B,read_write,,"ADDWF ram_07B, F, B",0x00627C
0x0065BC,0x077,ram_077,read,,"MOVF ram_077, W, B",0x00627C
0x0065BE,0x0BC,ram_0BC,read,,"MULWF ram_0BC, B",0x00627C
0x0065C0,0xFF3,PRODL,read,,"MOVF PRODL, W, A",0x00627C
0x0065C2,0x07B,ram_07B,read_write,,"ADDWF ram_07B, F, B",0x00627C
0x0065C4,0x070,ram_070,read,,"MOVF ram_070, W, B",0x00627C
0x0065C6,0x078,ram_078,read,,"ADDWF ram_078, W, B",0x00627C
0x0065C8,0x021,ram_021,write,,"MOVWF ram_021, A",0x00627C
0x0065CA,0x071,ram_071,read,,"MOVF ram_071, W, B",0x00627C
0x0065CC,0x079,ram_079,read,,"ADDWFC ram_079, W, B",0x00627C
0x0065CE,0x022,ram_022,write,,"MOVWF ram_022, A",0x00627C
0x0065D0,0x072,ram_072,read,,"MOVF ram_072, W, B",0x00627C
0x0065D2,0x07A,ram_07A,read,,"ADDWFC ram_07A, W, B",0x00627C
0x0065D4,0x023,ram_023,write,,"MOVWF ram_023, A",0x00627C
0x0065D6,0x073,ram_073,read,,"MOVF ram_073, W, B",0x00627C
0x0065D8,0x07B,ram_07B,read,,"ADDWFC ram_07B, W, B",0x00627C
0x0065DA,0x024,ram_024,write,,"MOVWF ram_024, A",0x00627C
0x0065DE,0x02E,ram_02E,write,,"CLRF ram_02E, A",0x0065DE
0x0065E0,0x02E,ram_02E,write,,"CLRF ram_02E, A",0x0065DE
0x0065E4,0x02E,ram_02E,read,,"ADDWF ram_02E, W, A",0x0065DE
0x0065E6,0xFD9,FSR2L,write,,"MOVWF FSR2L, A",0x0065DE
0x0065E8,0xFDA,FSR2H,write,,"CLRF FSR2H, A",0x0065DE
0x0065EC,0xFDA,FSR2H,read_write,,"ADDWFC FSR2H, F, A",0x0065DE
0x0065EE,0xFDF,INDF2,read,,"MOVF INDF2, W, A",0x0065DE
0x0065F4,0x47F,ram_47F,read,,"MOVF ram_47F, W, B",0x0065DE
0x0065FA,0x02E,ram_02E,read,,"MOVF ram_02E, W, A",0x0065DE
0x006600,0xFF3,PRODL,read,,"ADDWF PRODL, W, A",0x0065DE
0x006602,0xFD9,FSR2L,write,,"MOVWF FSR2L, A",0x0065DE
0x006606,0xFF4,PRODH,read,,"ADDWFC PRODH, W, A",0x0065DE
0x006608,0xFDA,FSR2H,write,,"MOVWF FSR2H, A",0x0065DE
0x00660A,0xFDE,POSTINC2,read,,"MOVFF POSTINC2, ram_060",0x0065DE
0x00660A,0x060,ram_060,write,,"MOVFF POSTINC2, ram_060",0x0065DE
0x00660E,0xFDD,POSTDEC2,read,,"MOVFF POSTDEC2, ram_061",0x0065DE
0x00660E,0x061,ram_061,write,,"MOVFF POSTDEC2, ram_061",0x0065DE
0x006612,0x045,ram_045,read,,"MOVFF ram_045, ram_062",0x0065DE
0x006612,0x062,ram_062,write,,"MOVFF ram_045, ram_062",0x0065DE
0x006616,0x046,ram_046,read,,"MOVFF ram_046, ram_063",0x0065DE
0x006616,0x063,ram_063,write,,"MOVFF ram_046, ram_063",0x0065DE
0x00661A,0x047,ram_047,read,,"MOVFF ram_047, ram_064",0x0065DE
0x00661A,0x064,ram_064,write,,"MOVFF ram_047, ram_064",0x0065DE
0x00661E,0x048,ram_048,read,,"MOVFF ram_048, ram_065",0x0065DE
0x00661E,0x065,ram_065,write,,"MOVFF ram_048, ram_065",0x0065DE
0x006626,0x02E,ram_02E,read,,"MOVF ram_02E, W, A",0x0065DE
0x00662C,0xFF3,PRODL,read,,"ADDWF PRODL, W, A",0x0065DE
0x00662E,0xFD9,FSR2L,write,,"MOVWF FSR2L, A",0x0065DE
0x006632,0xFF4,PRODH,read,,"ADDWFC PRODH, W, A",0x0065DE
0x006634,0xFDA,FSR2H,write,,"MOVWF FSR2H, A",0x0065DE
0x006636,0x060,ram_060,read,,"MOVFF ram_060, POSTINC2",0x0065DE
0x006636,0xFDE,POSTINC2,write,,"MOVFF ram_060, POSTINC2",0x0065DE
0x00663A,0x061,ram_061,read,,"MOVFF ram_061, POSTINC2",0x0065DE
0x00663A,0xFDE,POSTINC2,write,,"MOVFF ram_061, POSTINC2",0x0065DE
0x00663E,0x062,ram_062,read,,"MOVFF ram_062, POSTINC2",0x0065DE
0x00663E,0xFDE,POSTINC2,write,,"MOVFF ram_062, POSTINC2",0x0065DE
0x006642,0x063,ram_063,read,,"MOVFF ram_063, POSTINC2",0x0065DE
0x006642,0xFDE,POSTINC2,write,,"MOVFF ram_063, POSTINC2",0x0065DE
0x006646,0x02E,ram_02E,read,,"MOVF ram_02E, W, A",0x0065DE
0x00664C,0xFF3,PRODL,read,,"ADDWF PRODL, W, A",0x0065DE
0x00664E,0xFD9,FSR2L,write,,"MOVWF FSR2L, A",0x0065DE
0x006652,0xFF4,PRODH,read,,"ADDWFC PRODH, W, A",0x0065DE
0x006654,0xFDA,FSR2H,write,,"MOVWF FSR2H, A",0x0065DE
0x006658,0xFDB,PLUSW2,read,7,"BTFSC PLUSW2, 7, A",0x0065DE
0x00665C,0xFDB,PLUSW2,read,,"MOVF PLUSW2, W, A",0x0065DE
0x006662,0xFDB,PLUSW2,read,,"MOVF PLUSW2, W, A",0x0065DE
0x006668,0xFDB,PLUSW2,read,,"MOVF PLUSW2, W, A",0x0065DE
0x00666E,0xFDE,POSTINC2,read,,"SUBWF POSTINC2, W, A",0x0065DE
0x006672,0x02E,ram_02E,read,,"MOVF ram_02E, W, A",0x0065DE
0x006678,0xFF3,PRODL,read,,"ADDWF PRODL, W, A",0x0065DE
0x00667A,0xFD9,FSR2L,write,,"MOVWF FSR2L, A",0x0065DE
0x00667E,0xFF4,PRODH,read,,"ADDWFC PRODH, W, A",0x0065DE
0x006680,0xFDA,FSR2H,write,,"MOVWF FSR2H, A",0x0065DE
0x006684,0xFDE,POSTINC2,write,,"MOVWF POSTINC2, A",0x0065DE
0x006686,0xFDE,POSTINC2,write,,"CLRF POSTINC2, A",0x0065DE
0x006688,0xFDE,POSTINC2,write,,"CLRF POSTINC2, A",0x0065DE
0x00668A,0xFDD,POSTDEC2,write,,"CLRF POSTDEC2, A",0x0065DE
0x00668C,0x02E,ram_02E,read,,"MOVF ram_02E, W, A",0x0065DE
0x006692,0xFF3,PRODL,read,,"ADDWF PRODL, W, A",0x0065DE
0x006694,0xFD9,FSR2L,write,,"MOVWF FSR2L, A",0x0065DE
0x006698,0xFF4,PRODH,read,,"ADDWFC PRODH, W, A",0x0065DE
0x00669A,0xFDA,FSR2H,write,,"MOVWF FSR2H, A",0x0065DE
0x00669C,0xFDE,POSTINC2,read,,"MOVFF POSTINC2, ram_01A",0x0065DE
0x00669C,0x01A,ram_01A,write,,"MOVFF POSTINC2, ram_01A",0x0065DE
0x0066A0,0xFDD,POSTDEC2,read,,"MOVFF POSTDEC2, ram_01B",0x0065DE
0x0066A0,0x01B,ram_01B,write,,"MOVFF POSTDEC2, ram_01B",0x0065DE
0x0066A8,0x02E,ram_02E,read,,"MOVF ram_02E, W, A",0x0065DE
0x0066AE,0xFF3,PRODL,read,,"ADDWF PRODL, W, A",0x0065DE
0x0066B0,0xFD9,FSR2L,write,,"MOVWF FSR2L, A",0x0065DE
0x0066B4,0xFF4,PRODH,read,,"ADDWFC PRODH, W, A",0x0065DE
0x0066B6,0xFDA,FSR2H,write,,"MOVWF FSR2H, A",0x0065DE
0x0066B8,0x01A,ram_01A,read,,"MOVFF ram_01A, POSTINC2",0x0065DE
0x0066B8,0xFDE,POSTINC2,write,,"MOVFF ram_01A, POSTINC2",0x0065DE
0x0066BC,0x01B,ram_01B,read,,"MOVFF ram_01B, POSTDEC2",0x0065DE
0x0066BC,0xFDD,POSTDEC2,write,,"MOVFF ram_01B, POSTDEC2",0x0065DE
0x0066C2,0x02E,ram_02E,read,,"ADDWF ram_02E, W, A",0x0065DE
0x0066C4,0xFD9,FSR2L,write,,"MOVWF FSR2L, A",0x0065DE
0x0066C6,0xFDA,FSR2H,write,,"CLRF FSR2H, A",0x0065DE
0x0066CA,0xFDA,FSR2H,read_write,,"ADDWFC FSR2H, F, A",0x0065DE
0x0066CC,0xFDF,INDF2,read,,"MOVF INDF2, W, A",0x0065DE
0x0066D4,0x070,ram_070,read,,"MOVFF ram_070, ram_5F7",0x0065DE
0x0066D4,0x5F7,ram_5F7,write,,"MOVFF ram_070, ram_5F7",0x0065DE
0x0066D8,0x071,ram_071,read,,"MOVFF ram_071, ram_5F8",0x0065DE
0x0066D8,0x5F8,ram_5F8,write,,"MOVFF ram_071, ram_5F8",0x0065DE
0x0066DE,0x02E,ram_02E,read,,"ADDWF ram_02E, W, A",0x0065DE
0x0066E0,0xFD9,FSR2L,write,,"MOVWF FSR2L, A",0x0065DE
0x0066E2,0xFDA,FSR2H,write,,"CLRF FSR2H, A",0x0065DE
0x0066E6,0xFDA,FSR2H,read_write,,"ADDWFC FSR2H, F, A",0x0065DE
0x0066EA,0xFDF,INDF2,write,,"MOVWF INDF2, A",0x0065DE
0x0066EC,0x02E,ram_02E,read,,"MOVF ram_02E, W, A",0x0065DE
0x0066F2,0xFF3,PRODL,read,,"ADDWF PRODL, W, A",0x0065DE
0x0066F4,0xFD9,FSR2L,write,,"MOVWF FSR2L, A",0x0065DE
0x0066F8,0xFF4,PRODH,read,,"ADDWFC PRODH, W, A",0x0065DE
0x0066FA,0xFDA,FSR2H,write,,"MOVWF FSR2H, A",0x0065DE
0x0066FE,0xFDB,PLUSW2,read,7,"BTFSS PLUSW2, 7, A",0x0065DE
0x006704,0x02E,ram_02E,read,,"ADDWF ram_02E, W, A",0x0065DE
0x006706,0xFD9,FSR2L,write,,"MOVWF FSR2L, A",0x0065DE
0x006708,0xFDA,FSR2H,write,,"CLRF FSR2H, A",0x0065DE
0x00670C,0xFDA,FSR2H,read_write,,"ADDWFC FSR2H, F, A",0x0065DE
0x00670E,0xFDF,INDF2,read,,"MOVF INDF2, W, A",0x0065DE
0x006712,0x072,ram_072,write,,"MOVWF ram_072, B",0x0065DE
0x006714,0x072,ram_072,read,,"MOVFF ram_072, ram_073",0x0065DE
0x006714,0x073,ram_073,write,,"MOVFF ram_072, ram_073",0x0065DE
0x006718,0x074,ram_074,write,,"CLRF ram_074, B",0x0065DE
0x00671A,0x075,ram_075,write,,"CLRF ram_075, B",0x0065DE
0x00671C,0x076,ram_076,write,,"CLRF ram_076, B",0x0065DE
0x00671E,0x073,ram_073,read,,"MOVF ram_073, W, B",0x0065DE
0x006720,0x045,ram_045,read,,"MULWF ram_045, A",0x0065DE
0x006722,0xFF3,PRODL,read,,"MOVFF PRODL, ram_077",0x0065DE
0x006722,0x077,ram_077,write,,"MOVFF PRODL, ram_077",0x0065DE
0x006726,0xFF4,PRODH,read,,"MOVFF PRODH, ram_078",0x0065DE
0x006726,0x078,ram_078,write,,"MOVFF PRODH, ram_078",0x0065DE
0x00672A,0x079,ram_079,write,,"CLRF ram_079, B",0x0065DE
0x00672C,0x07A,ram_07A,write,,"CLRF ram_07A, B",0x0065DE
0x00672E,0x046,ram_046,read,,"MULWF ram_046, A",0x0065DE
0x006730,0xFF3,PRODL,read,,"MOVF PRODL, W, A",0x0065DE
0x006732,0x078,ram_078,read_write,,"ADDWF ram_078, F, B",0x0065DE
0x006734,0xFF4,PRODH,read,,"MOVF PRODH, W, A",0x0065DE
0x006736,0x079,ram_079,read_write,,"ADDWFC ram_079, F, B",0x0065DE
0x00673A,0x07A,ram_07A,read_write,,"ADDWFC ram_07A, F, B",0x0065DE
0x00673C,0x074,ram_074,read,,"MOVF ram_074, W, B",0x0065DE
0x00673E,0x045,ram_045,read,,"MULWF ram_045, A",0x0065DE
0x006740,0xFF3,PRODL,read,,"MOVF PRODL, W, A",0x0065DE
0x006742,0x078,ram_078,read_write,,"ADDWF ram_078, F, B",0x0065DE
0x006744,0xFF4,PRODH,read,,"MOVF PRODH, W, A",0x0065DE
0x006746,0x079,ram_079,read_write,,"ADDWFC ram_079, F, B",0x0065DE
0x00674A,0x07A,ram_07A,read_write,,"ADDWFC ram_07A, F, B",0x0065DE
0x00674C,0x073,ram_073,read,,"MOVF ram_073, W, B",0x0065DE
0x00674E,0x047,ram_047,read,,"MULWF ram_047, A",0x0065DE
0x006750,0xFF3,PRODL,read,,"MOVF PRODL, W, A",0x0065DE
0x006752,0x079,ram_079,read_write,,"ADDWF ram_079, F, B",0x0065DE
0x006754,0xFF4,PRODH,read,,"MOVF PRODH, W, A",0x0065DE
0x006756,0x07A,ram_07A,read_write,,"ADDWFC ram_07A, F, B",0x0065DE
0x006758,0x074,ram_074,read,,"MOVF ram_074, W, B",0x0065DE
0x00675A,0x046,ram_046,read,,"MULWF ram_046, A",0x0065DE
0x00675C,0xFF3,PRODL,read,,"MOVF PRODL, W, A",0x0065DE
0x00675E,0x079,ram_079,read_write,,"ADDWF ram_079, F, B",0x0065DE
0x006760,0xFF4,PRODH,read,,"MOVF PRODH, W, A",0x0065DE
0x006762,0x07A,ram_07A,read_write,,"ADDWFC ram_07A, F, B",0x0065DE
0x006764,0x075,ram_075,read,,"MOVF ram_075, W, B",0x0065DE
0x006766,0x045,ram_045,read,,"MULWF ram_045, A",0x0065DE
0x006768,0xFF3,PRODL,read,,"MOVF PRODL, W, A",0x0065DE
0x00676A,0x079,ram_079,read_write,,"ADDWF ram_079, F, B",0x0065DE
0x00676C,0xFF4,PRODH,read,,"MOVF PRODH, W, A",0x0065DE
0x00676E,0x07A,ram_07A,read_write,,"ADDWFC ram_07A, F, B",0x0065DE
0x006770,0x048,ram_048,read,,"MOVF ram_048, W, A",0x0065DE
0x006772,0x073,ram_073,read,,"MULWF ram_073, B",0x0065DE
0x006774,0xFF3,PRODL,read,,"MOVF PRODL, W, A",0x0065DE
0x006776,0x07A,ram_07A,read_write,,"ADDWF ram_07A, F, B",0x0065DE
0x006778,0x074,ram_074,read,,"MOVF ram_074, W, B",0x0065DE
0x00677A,0x047,ram_047,read,,"MULWF ram_047, A",0x0065DE
0x00677C,0xFF3,PRODL,read,,"MOVF PRODL, W, A",0x0065DE
0x00677E,0x07A,ram_07A,read_write,,"ADDWF ram_07A, F, B",0x0065DE
0x006780,0x075,ram_075,read,,"MOVF ram_075, W, B",0x0065DE
0x006782,0x046,ram_046,read,,"MULWF ram_046, A",0x0065DE
0x006784,0xFF3,PRODL,read,,"MOVF PRODL, W, A",0x0065DE
0x006786,0x07A,ram_07A,read_write,,"ADDWF ram_07A, F, B",0x0065DE
0x006788,0x076,ram_076,read,,"MOVF ram_076, W, B",0x0065DE
0x00678A,0x045,ram_045,read,,"MULWF ram_045, A",0x0065DE
0x00678C,0xFF3,PRODL,read,,"MOVF PRODL, W, A",0x0065DE
0x00678E,0x07A,ram_07A,read_write,,"ADDWF ram_07A, F, B",0x0065DE
0x006790,0xFD8,STATUS,read_write,0,"BCF STATUS, 0, A",0x0065DE
0x006792,0x077,ram_077,read,,"RLCF ram_077, W, B",0x0065DE
0x006794,0x07B,ram_07B,write,,"MOVWF ram_07B, B",0x0065DE
0x006796,0x078,ram_078,read,,"RLCF ram_078, W, B",0x0065DE
0x006798,0x07C,ram_07C,write,,"MOVWF ram_07C, B",0x0065DE
0x00679A,0x079,ram_079,read,,"RLCF ram_079, W, B",0x0065DE
0x00679C,0x07D,ram_07D,write,,"MOVWF ram_07D, B",0x0065DE
0x00679E,0x07A,ram_07A,read,,"RLCF ram_07A, W, B",0x0065DE
0x0067A0,0x07E,ram_07E,write,,"MOVWF ram_07E, B",0x0065DE
0x0067A2,0x02E,ram_02E,read,,"MOVF ram_02E, W, A",0x0065DE
0x0067A8,0xFF3,PRODL,read,,"ADDWF PRODL, W, A",0x0065DE
0x0067AA,0xFD9,FSR2L,write,,"MOVWF FSR2L, A",0x0065DE
0x0067AE,0xFF4,PRODH,read,,"ADDWFC PRODH, W, A",0x0065DE
0x0067B0,0xFDA,FSR2H,write,,"MOVWF FSR2H, A",0x0065DE
0x0067B2,0x07B,ram_07B,read,,"MOVFF ram_07B, POSTINC2",0x0065DE
0x0067B2,0xFDE,POSTINC2,write,,"MOVFF ram_07B, POSTINC2",0x0065DE
0x0067B6,0x07C,ram_07C,read,,"MOVFF ram_07C, POSTINC2",0x0065DE
0x0067B6,0xFDE,POSTINC2,write,,"MOVFF ram_07C, POSTINC2",0x0065DE
0x0067BA,0x07D,ram_07D,read,,"MOVFF ram_07D, POSTINC2",0x0065DE
0x0067BA,0xFDE,POSTINC2,write,,"MOVFF ram_07D, POSTINC2",0x0065DE
0x0067BE,0x07E,ram_07E,read,,"MOVFF ram_07E, POSTINC2",0x0065DE
0x0067BE,0xFDE,POSTINC2,write,,"MOVFF ram_07E, POSTINC2",0x0065DE
0x0067C4,0x02E,ram_02E,read,,"MOVF ram_02E, W, A",0x0065DE
0x0067CA,0xFF3,PRODL,read,,"ADDWF PRODL, W, A",0x0065DE
0x0067CC,0xFD9,FSR2L,write,,"MOVWF FSR2L, A",0x0065DE
0x0067D0,0xFF4,PRODH,read,,"ADDWFC PRODH, W, A",0x0065DE
0x0067D2,0xFDA,FSR2H,write,,"MOVWF FSR2H, A",0x0065DE
0x0067D4,0xFDE,POSTINC2,read,,"MOVFF POSTINC2, ram_072",0x0065DE
0x0067D4,0x072,ram_072,write,,"MOVFF POSTINC2, ram_072",0x0065DE
0x0067D8,0xFDE,POSTINC2,read,,"MOVFF POSTINC2, ram_073",0x0065DE
0x0067D8,0x073,ram_073,write,,"MOVFF POSTINC2, ram_073",0x0065DE
0x0067DC,0xFDE,POSTINC2,read,,"MOVFF POSTINC2, ram_074",0x0065DE
0x0067DC,0x074,ram_074,write,,"MOVFF POSTINC2, ram_074",0x0065DE
0x0067E0,0xFDE,POSTINC2,read,,"MOVFF POSTINC2, ram_075",0x0065DE
0x0067E0,0x075,ram_075,write,,"MOVFF POSTINC2, ram_075",0x0065DE
0x0067E6,0x02E,ram_02E,read,,"ADDWF ram_02E, W, A",0x0065DE
0x0067E8,0xFD9,FSR2L,write,,"MOVWF FSR2L, A",0x0065DE
0x0067EA,0xFDA,FSR2H,write,,"CLRF FSR2H, A",0x0065DE
0x0067EE,0xFDA,FSR2H,read_write,,"ADDWFC FSR2H, F, A",0x0065DE
0x0067F0,0xFDF,INDF2,read,,"MOVF INDF2, W, A",0x0065DE
0x0067F4,0x076,ram_076,write,,"MOVWF ram_076, B",0x0065DE
0x0067F6,0x076,ram_076,read,,"MOVFF ram_076, ram_077",0x0065DE
0x0067F6,0x077,ram_077,write,,"MOVFF ram_076, ram_077",0x0065DE
0x0067FA,0x078,ram_078,write,,"CLRF ram_078, B",0x0065DE
0x0067FC,0x079,ram_079,write,,"CLRF ram_079, B",0x0065DE
0x0067FE,0x07A,ram_07A,write,,"CLRF ram_07A, B",0x0065DE
0x006800,0x077,ram_077,read,,"MOVF ram_077, W, B",0x0065DE
0x006802,0x072,ram_072,read,,"MULWF ram_072, B",0x0065DE
0x006804,0xFF3,PRODL,read,,"MOVFF PRODL, ram_07B",0x0065DE
0x006804,0x07B,ram_07B,write,,"MOVFF PRODL, ram_07B",0x0065DE
0x006808,0xFF4,PRODH,read,,"MOVFF PRODH, ram_07C",0x0065DE
0x006808,0x07C,ram_07C,write,,"MOVFF PRODH, ram_07C",0x0065DE
0x00680C,0x07D,ram_07D,write,,"CLRF ram_07D, B",0x0065DE
0x00680E,0x07E,ram_07E,write,,"CLRF ram_07E, B",0x0065DE
0x006810,0x073,ram_073,read,,"MULWF ram_073, B",0x0065DE
0x006812,0xFF3,PRODL,read,,"MOVF PRODL, W, A",0x0065DE
0x006814,0x07C,ram_07C,read_write,,"ADDWF ram_07C, F, B",0x0065DE
0x006816,0xFF4,PRODH,read,,"MOVF PRODH, W, A",0x0065DE
0x006818,0x07D,ram_07D,read_write,,"ADDWFC ram_07D, F, B",0x0065DE
0x00681C,0x07E,ram_07E,read_write,,"ADDWFC ram_07E, F, B",0x0065DE
0x00681E,0x078,ram_078,read,,"MOVF ram_078, W, B",0x0065DE
0x006820,0x072,ram_072,read,,"MULWF ram_072, B",0x0065DE
0x006822,0xFF3,PRODL,read,,"MOVF PRODL, W, A",0x0065DE
0x006824,0x07C,ram_07C,read_write,,"ADDWF ram_07C, F, B",0x0065DE
0x006826,0xFF4,PRODH,read,,"MOVF PRODH, W, A",0x0065DE
0x006828,0x07D,ram_07D,read_write,,"ADDWFC ram_07D, F, B",0x0065DE
0x00682C,0x07E,ram_07E,read_write,,"ADDWFC ram_07E, F, B",0x0065DE
0x00682E,0x077,ram_077,read,,"MOVF ram_077, W, B",0x0065DE
0x006830,0x074,ram_074,read,,"MULWF ram_074, B",0x0065DE
0x006832,0xFF3,PRODL,read,,"MOVF PRODL, W, A",0x0065DE
0x006834,0x07D,ram_07D,read_write,,"ADDWF ram_07D, F, B",0x0065DE
0x006836,0xFF4,PRODH,read,,"MOVF PRODH, W, A",0x0065DE
0x006838,0x07E,ram_07E,read_write,,"ADDWFC ram_07E, F, B",0x0065DE
0x00683A,0x078,ram_078,read,,"MOVF ram_078, W, B",0x0065DE
0x00683C,0x073,ram_073,read,,"MULWF ram_073, B",0x0065DE
0x00683E,0xFF3,PRODL,read,,"MOVF PRODL, W, A",0x0065DE
0x006840,0x07D,ram_07D,read_write,,"ADDWF ram_07D, F, B",0x0065DE
0x006842,0xFF4,PRODH,read,,"MOVF PRODH, W, A",0x0065DE
0x006844,0x07E,ram_07E,read_write,,"ADDWFC ram_07E, F, B",0x0065DE
0x006846,0x079,ram_079,read,,"MOVF ram_079, W, B",0x0065DE
0x006848,0x072,ram_072,read,,"MULWF ram_072, B",0x0065DE
0x00684A,0xFF3,PRODL,read,,"MOVF PRODL, W, A",0x0065DE
0x00684C,0x07D,ram_07D,read_write,,"ADDWF ram_07D, F, B",0x0065DE
0x00684E,0xFF4,PRODH,read,,"MOVF PRODH, W, A",0x0065DE
0x006850,0x07E,ram_07E,read_write,,"ADDWFC ram_07E, F, B",0x0065DE
0x006852,0x075,ram_075,read,,"MOVF ram_075, W, B",0x0065DE
0x006854,0x077,ram_077,read,,"MULWF ram_077, B",0x0065DE
0x006856,0xFF3,PRODL,read,,"MOVF PRODL, W, A",0x0065DE
0x006858,0x07E,ram_07E,read_write,,"ADDWF ram_07E, F, B",0x0065DE
0x00685A,0x078,ram_078,read,,"MOVF ram_078, W, B",0x0065DE
0x00685C,0x074,ram_074,read,,"MULWF ram_074, B",0x0065DE
0x00685E,0xFF3,PRODL,read,,"MOVF PRODL, W, A",0x0065DE
0x006860,0x07E,ram_07E,read_write,,"ADDWF ram_07E, F, B",0x0065DE
0x006862,0x079,ram_079,read,,"MOVF ram_079, W, B",0x0065DE
0x006864,0x073,ram_073,read,,"MULWF ram_073, B",0x0065DE
0x006866,0xFF3,PRODL,read,,"MOVF PRODL, W, A",0x0065DE
0x006868,0x07E,ram_07E,read_write,,"ADDWF ram_07E, F, B",0x0065DE
0x00686A,0x07A,ram_07A,read,,"MOVF ram_07A, W, B",0x0065DE
0x00686C,0x072,ram_072,read,,"MULWF ram_072, B",0x0065DE
0x00686E,0xFF3,PRODL,read,,"MOVF PRODL, W, A",0x0065DE
0x006870,0x07E,ram_07E,read_write,,"ADDWF ram_07E, F, B",0x0065DE
0x006872,0xFD8,STATUS,read_write,0,"BCF STATUS, 0, A",0x0065DE
0x006874,0x07B,ram_07B,read,,"RLCF ram_07B, W, B",0x0065DE
0x006876,0x07F,ram_07F,write,,"MOVWF ram_07F, B",0x0065DE
0x006878,0x07C,ram_07C,read,,"RLCF ram_07C, W, B",0x0065DE
0x00687A,0x080,ram_080,write,,"MOVWF ram_080, B",0x0065DE
0x00687C,0x07D,ram_07D,read,,"RLCF ram_07D, W, B",0x0065DE
0x00687E,0x081,ram_081,write,,"MOVWF ram_081, B",0x0065DE
0x006880,0x07E,ram_07E,read,,"RLCF ram_07E, W, B",0x0065DE
0x006882,0x082,ram_082,write,,"MOVWF ram_082, B",0x0065DE
0x006884,0x02E,ram_02E,read,,"MOVF ram_02E, W, A",0x0065DE
0x00688A,0xFF3,PRODL,read,,"ADDWF PRODL, W, A",0x0065DE
0x00688C,0xFD9,FSR2L,write,,"MOVWF FSR2L, A",0x0065DE
0x006890,0xFF4,PRODH,read,,"ADDWFC PRODH, W, A",0x0065DE
0x006892,0xFDA,FSR2H,write,,"MOVWF FSR2H, A",0x0065DE
0x006894,0x07F,ram_07F,read,,"MOVFF ram_07F, POSTINC2",0x0065DE
0x006894,0xFDE,POSTINC2,write,,"MOVFF ram_07F, POSTINC2",0x0065DE
0x006898,0x080,ram_080,read,,"MOVFF ram_080, POSTINC2",0x0065DE
0x006898,0xFDE,POSTINC2,write,,"MOVFF ram_080, POSTINC2",0x0065DE
0x00689C,0x081,ram_081,read,,"MOVFF ram_081, POSTINC2",0x0065DE
0x00689C,0xFDE,POSTINC2,write,,"MOVFF ram_081, POSTINC2",0x0065DE
0x0068A0,0x082,ram_082,read,,"MOVFF ram_082, POSTINC2",0x0065DE
0x0068A0,0xFDE,POSTINC2,write,,"MOVFF ram_082, POSTINC2",0x0065DE
0x0068A4,0x02E,ram_02E,read,,"MOVF ram_02E, W, A",0x0065DE
0x0068AA,0xFF3,PRODL,read,,"ADDWF PRODL, W, A",0x0065DE
0x0068AC,0xFD9,FSR2L,write,,"MOVWF FSR2L, A",0x0065DE
0x0068B0,0xFF4,PRODH,read,,"ADDWFC PRODH, W, A",0x0065DE
0x0068B2,0xFDA,FSR2H,write,,"MOVWF FSR2H, A",0x0065DE
0x0068B4,0xFDE,POSTINC2,read,,"MOVFF POSTINC2, ram_012",0x0065DE
0x0068B4,0x012,ram_012,write,,"MOVFF POSTINC2, ram_012",0x0065DE
0x0068B8,0xFDE,POSTINC2,read,,"MOVFF POSTINC2, ram_013",0x0065DE
0x0068B8,0x013,ram_013,write,,"MOVFF POSTINC2, ram_013",0x0065DE
0x0068BC,0xFDE,POSTINC2,read,,"MOVFF POSTINC2, ram_014",0x0065DE
0x0068BC,0x014,ram_014,write,,"MOVFF POSTINC2, ram_014",0x0065DE
0x0068C0,0xFDE,POSTINC2,read,,"MOVFF POSTINC2, ram_015",0x0065DE
0x0068C0,0x015,ram_015,write,,"MOVFF POSTINC2, ram_015",0x0065DE
0x0068C6,0x016,ram_016,write,,"MOVWF ram_016, A",0x0065DE
0x0068C8,0x017,ram_017,write,,"CLRF ram_017, A",0x0065DE
0x0068CA,0x018,ram_018,write,,"CLRF ram_018, A",0x0065DE
0x0068CC,0x019,ram_019,write,,"CLRF ram_019, A",0x0065DE
0x0068D2,0x02E,ram_02E,read,,"MOVF ram_02E, W, A",0x0065DE
0x0068D8,0xFF3,PRODL,read,,"ADDWF PRODL, W, A",0x0065DE
0x0068DA,0xFD9,FSR2L,write,,"MOVWF FSR2L, A",0x0065DE
0x0068DE,0xFF4,PRODH,read,,"ADDWFC PRODH, W, A",0x0065DE
0x0068E0,0xFDA,FSR2H,write,,"MOVWF FSR2H, A",0x0065DE
0x0068E2,0x012,ram_012,read,,"MOVFF ram_012, POSTINC2",0x0065DE
0x0068E2,0xFDE,POSTINC2,write,,"MOVFF ram_012, POSTINC2",0x0065DE
0x0068E6,0x013,ram_013,read,,"MOVFF ram_013, POSTINC2",0x0065DE
0x0068E6,0xFDE,POSTINC2,write,,"MOVFF ram_013, POSTINC2",0x0065DE
0x0068EA,0x014,ram_014,read,,"MOVFF ram_014, POSTINC2",0x0065DE
0x0068EA,0xFDE,POSTINC2,write,,"MOVFF ram_014, POSTINC2",0x0065DE
0x0068EE,0x015,ram_015,read,,"MOVFF ram_015, POSTINC2",0x0065DE
0x0068EE,0xFDE,POSTINC2,write,,"MOVFF ram_015, POSTINC2",0x0065DE
0x0068F4,0x47F,ram_47F,read,,"MOVF ram_47F, W, B",0x0065DE
0x0068FA,0x02E,ram_02E,read,,"ADDWF ram_02E, W, A",0x0065DE
0x0068FC,0xFD9,FSR2L,write,,"MOVWF FSR2L, A",0x0065DE
0x0068FE,0xFDA,FSR2H,write,,"CLRF FSR2H, A",0x0065DE
0x006902,0xFDA,FSR2H,read_write,,"ADDWFC FSR2H, F, A",0x0065DE
0x006904,0xFDF,INDF2,read,,"MOVF INDF2, W, A",0x0065DE
0x00690C,0x02E,ram_02E,read,,"ADDWF ram_02E, W, A",0x0065DE
0x00690E,0xFD9,FSR2L,write,,"MOVWF FSR2L, A",0x0065DE
0x006910,0xFDA,FSR2H,write,,"CLRF FSR2H, A",0x0065DE
0x006914,0xFDA,FSR2H,read_write,,"ADDWFC FSR2H, F, A",0x0065DE
0x006916,0xFDF,INDF2,write,,"CLRF INDF2, A",0x0065DE
0x006918,0x02E,ram_02E,read_write,,"INCF ram_02E, F, A",0x0065DE
0x00691C,0x02E,ram_02E,read,,"XORWF ram_02E, W, A",0x0065DE
0x006924,0x47F,ram_47F,read,,"MOVF ram_47F, W, B",0x0065DE
0x00692C,0x070,ram_070,read,,"MOVFF ram_070, ram_5F7",0x0065DE
0x00692C,0x5F7,ram_5F7,write,,"MOVFF ram_070, ram_5F7",0x0065DE
0x006930,0x071,ram_071,read,,"MOVFF ram_071, ram_5F8",0x0065DE
0x006930,0x5F8,ram_5F8,write,,"MOVFF ram_071, ram_5F8",0x0065DE
0x006936,0x47F,ram_47F,write,,"CLRF ram_47F, B",0x0065DE
0x00693C,0x013,ram_013,write,,"MOVWF ram_013, A",0x00693A
0x006940,0x012,ram_012,write,,"MOVWF ram_012, A",0x00693A
0x006942,0x014,ram_014,write,,"CLRF ram_014, A",0x00693A
0x00694A,0x06C,ram_06C,write,,"CLRF ram_06C, B",0x00693A
0x00694E,0x06B,ram_06B,write,,"MOVWF ram_06B, B",0x00693A
0x006950,0x075,ram_075,write,,"CLRF ram_075, B",0x00693A
0x006952,0x076,ram_076,write,,"CLRF ram_076, B",0x00693A
0x006954,0x068,ram_068,write,,"CLRF ram_068, B",0x00693A
0x006956,0x069,ram_069,write,,"CLRF ram_069, B",0x00693A
0x006958,0x013,ram_013,write,,"CLRF ram_013, A",0x00693A
0x00695C,0x012,ram_012,write,,"MOVWF ram_012, A",0x00693A
0x006964,0x077,ram_077,write,,"CLRF ram_077, B",0x00693A
0x006968,0x072,ram_072,write,,"MOVWF ram_072, B",0x00693A
0x00696C,0x071,ram_071,write,,"MOVWF ram_071, B",0x00693A
0x00696E,0xF82,PORTC,read,0,"BTFSC PORTC, 0, A",0x00693A
0x006972,0x076,ram_076,write,,"CLRF ram_076, B",0x00693A
0x006976,0x075,ram_075,write,,"MOVWF ram_075, B",0x00693A
0x00697A,0x060,ram_060,write,,"CLRF ram_060, B",0x00693A
0x00697C,0x061,ram_061,write,,"CLRF ram_061, B",0x00693A
0x00697E,0x062,ram_062,write,,"CLRF ram_062, B",0x00693A
0x006980,0x063,ram_063,write,,"CLRF ram_063, B",0x00693A
0x006982,0x064,ram_064,write,,"CLRF ram_064, B",0x00693A
0x006984,0x065,ram_065,write,,"CLRF ram_065, B",0x00693A
0x006986,0x066,ram_066,write,,"CLRF ram_066, B",0x00693A
0x006988,0x067,ram_067,write,,"CLRF ram_067, B",0x00693A
0x00698C,0xF82,PORTC,read,0,"BTFSC PORTC, 0, A",0x00693A
0x006990,0x060,ram_060,write,,"MOVWF ram_060, B",0x00693A
0x006994,0xF84,PORTE,read,2,"BTFSC PORTE, 2, A",0x00693A
0x006998,0x061,ram_061,write,,"MOVWF ram_061, B",0x00693A
0x00699C,0xF82,PORTC,read,2,"BTFSC PORTC, 2, A",0x00693A
0x0069A0,0x062,ram_062,write,,"MOVWF ram_062, B",0x00693A
0x0069A4,0xF82,PORTC,read,5,"BTFSC PORTC, 5, A",0x00693A
0x0069A8,0x063,ram_063,write,,"MOVWF ram_063, B",0x00693A
0x0069AC,0xF83,PORTD,read,7,"BTFSC PORTD, 7, A",0x00693A
0x0069B0,0x064,ram_064,write,,"MOVWF ram_064, B",0x00693A
0x0069B4,0xF82,PORTC,read,1,"BTFSC PORTC, 1, A",0x00693A
0x0069B8,0x065,ram_065,write,,"MOVWF ram_065, B",0x00693A
0x0069BC,0xF82,PORTC,read,6,"BTFSC PORTC, 6, A",0x00693A
0x0069C0,0x066,ram_066,write,,"MOVWF ram_066, B",0x00693A
0x0069C4,0xF83,PORTD,read,6,"BTFSC PORTD, 6, A",0x00693A
0x0069C8,0x067,ram_067,write,,"MOVWF ram_067, B",0x00693A
0x0069CA,0x06F,ram_06F,write,,"CLRF ram_06F, B",0x00693A
0x0069CC,0x070,ram_070,write,,"CLRF ram_070, B",0x00693A
0x0069CE,0x078,ram_078,write,,"CLRF ram_078, B",0x00693A
0x0069D2,0x078,ram_078,read,,"CPFSGT ram_078, B",0x00693A
0x0069D6,0x077,ram_077,read,,"MOVF ram_077, W, B",0x00693A
0x0069D8,0x078,ram_078,read,,"SUBWF ram_078, W, B",0x00693A
0x0069DC,0x078,ram_078,read,,"MOVF ram_078, W, B",0x00693A
0x0069DE,0x01A,ram_01A,write,,"MOVWF ram_01A, A",0x00693A
0x0069E0,0x01B,ram_01B,write,,"CLRF ram_01B, A",0x00693A
0x0069E2,0xFD8,STATUS,read_write,0,"BCF STATUS, 0, A",0x00693A
0x0069E4,0x01A,ram_01A,read_write,,"RLCF ram_01A, F, A",0x00693A
0x0069E6,0x01B,ram_01B,read_write,,"RLCF ram_01B, F, A",0x00693A
0x0069EA,0x01A,ram_01A,read_write,,"ADDWF ram_01A, F, A",0x00693A
0x0069EE,0x01B,ram_01B,read_write,,"ADDWFC ram_01B, F, A",0x00693A
0x0069F2,0x01A,ram_01A,read,,"ADDWF ram_01A, W, A",0x00693A
0x0069F4,0xFF6,TBLPTRL,write,,"MOVWF TBLPTRL, A",0x00693A
0x0069F8,0x01B,ram_01B,read,,"ADDWFC ram_01B, W, A",0x00693A
0x0069FA,0xFF7,TBLPTRH,write,,"MOVWF TBLPTRH, A",0x00693A
0x0069FE,0xFF5,TABLAT,read,,"MOVFF TABLAT, ram_01C",0x00693A
0x0069FE,0x01C,ram_01C,write,,"MOVFF TABLAT, ram_01C",0x00693A
0x006A04,0xFF5,TABLAT,read,,"MOVFF TABLAT, ram_01D",0x00693A
0x006A04,0x01D,ram_01D,write,,"MOVFF TABLAT, ram_01D",0x00693A
0x006A08,0x01C,ram_01C,read,,"MOVF ram_01C, W, A",0x00693A
0x006A0A,0x06F,ram_06F,read_write,,"IORWF ram_06F, F, B",0x00693A
0x006A0C,0x01D,ram_01D,read,,"MOVF ram_01D, W, A",0x00693A
0x006A12,0x078,ram_078,read,,"CPFSGT ram_078, B",0x00693A
0x006A18,0x01A,ram_01A,write,,"MOVWF ram_01A, A",0x00693A
0x006A1A,0x01B,ram_01B,write,,"SETF ram_01B, A",0x00693A
0x006A1C,0x078,ram_078,read,,"MOVF ram_078, W, B",0x00693A
0x006A1E,0x01C,ram_01C,write,,"MOVWF ram_01C, A",0x00693A
0x006A20,0x01D,ram_01D,write,,"CLRF ram_01D, A",0x00693A
0x006A22,0xFD8,STATUS,read_write,0,"BCF STATUS, 0, A",0x00693A
0x006A24,0x01C,ram_01C,read_write,,"RLCF ram_01C, F, A",0x00693A
0x006A26,0x01D,ram_01D,read_write,,"RLCF ram_01D, F, A",0x00693A
0x006A28,0x01A,ram_01A,read,,"MOVF ram_01A, W, A",0x00693A
0x006A2A,0x01C,ram_01C,read_write,,"ADDWF ram_01C, F, A",0x00693A
0x006A2C,0x01B,ram_01B,read,,"MOVF ram_01B, W, A",0x00693A
0x006A2E,0x01D,ram_01D,read_write,,"ADDWFC ram_01D, F, A",0x00693A
0x006A32,0x01C,ram_01C,read,,"ADDWF ram_01C, W, A",0x00693A
0x006A34,0xFF6,TBLPTRL,write,,"MOVWF TBLPTRL, A",0x00693A
0x006A38,0x01D,ram_01D,read,,"ADDWFC ram_01D, W, A",0x00693A
0x006A3A,0xFF7,TBLPTRH,write,,"MOVWF TBLPTRH, A",0x00693A
0x006A3E,0xFF5,TABLAT,read,,"MOVFF TABLAT, ram_01E",0x00693A
0x006A3E,0x01E,ram_01E,write,,"MOVFF TABLAT, ram_01E",0x00693A
0x006A44,0xFF5,TABLAT,read,,"MOVFF TABLAT, ram_01F",0x00693A
0x006A44,0x01F,ram_01F,write,,"MOVFF TABLAT, ram_01F",0x00693A
0x006A48,0x01E,ram_01E,read,,"MOVF ram_01E, W, A",0x00693A
0x006A4A,0x06F,ram_06F,read_write,,"IORWF ram_06F, F, B",0x00693A
0x006A4C,0x01F,ram_01F,read,,"MOVF ram_01F, W, A",0x00693A
0x006A50,0x077,ram_077,read,,"MOVF ram_077, W, B",0x00693A
0x006A52,0x078,ram_078,read,,"SUBWF ram_078, W, B",0x00693A
0x006A56,0x078,ram_078,read,,"MOVF ram_078, W, B",0x00693A
0x006A5C,0xFF3,PRODL,read,,"ADDWF PRODL, W, A",0x00693A
0x006A5E,0xFF6,TBLPTRL,write,,"MOVWF TBLPTRL, A",0x00693A
0x006A62,0xFF4,PRODH,read,,"ADDWFC PRODH, W, A",0x00693A
0x006A64,0xFF7,TBLPTRH,write,,"MOVWF TBLPTRH, A",0x00693A
0x006A68,0xFF5,TABLAT,read,,"MOVFF TABLAT, ram_01A",0x00693A
0x006A68,0x01A,ram_01A,write,,"MOVFF TABLAT, ram_01A",0x00693A
0x006A6E,0xFF5,TABLAT,read,,"MOVFF TABLAT, ram_01B",0x00693A
0x006A6E,0x01B,ram_01B,write,,"MOVFF TABLAT, ram_01B",0x00693A
0x006A72,0x01A,ram_01A,read,,"MOVF ram_01A, W, A",0x00693A
0x006A74,0x06F,ram_06F,read_write,,"IORWF ram_06F, F, B",0x00693A
0x006A76,0x01B,ram_01B,read,,"MOVF ram_01B, W, A",0x00693A
0x006A78,0x070,ram_070,read_write,,"IORWF ram_070, F, B",0x00693A
0x006A7A,0x078,ram_078,read_write,,"INCF ram_078, F, B",0x00693A
0x006A7E,0x078,ram_078,read,,"XORWF ram_078, W, B",0x00693A
0x006A82,0xF8B,LATC,read_write,4,"BSF LATC, 4, A",0x00693A
0x006A84,0xF8C,LATD,read_write,1,"BSF LATD, 1, A",0x00693A
0x006A88,0x012,ram_012,write,,"MOVWF ram_012, A",0x00693A
0x006A8A,0x077,ram_077,read,,"MOVF ram_077, W, B",0x00693A
0x006A94,0xF8B,LATC,read_write,4,"BCF LATC, 4, A",0x00693A
0x006A96,0xF8C,LATD,read_write,1,"BCF LATD, 1, A",0x00693A
0x006A98,0xF8C,LATD,read_write,0,"BSF LATD, 0, A",0x00693A
0x006A9C,0x012,ram_012,write,,"MOVWF ram_012, A",0x00693A
0x006AA0,0x077,ram_077,read,,"MOVF ram_077, W, B",0x00693A
0x006AA6,0xFE8,WREG,read_write,,"DECF WREG, F, A",0x00693A
0x006AAA,0xF8C,LATD,read_write,0,"BCF LATD, 0, A",0x00693A
0x006AAE,0xFF6,TBLPTRL,write,,"MOVWF TBLPTRL, A",0x00693A
0x006AB2,0xFF7,TBLPTRH,write,,"MOVWF TBLPTRH, A",0x00693A
0x006AB6,0xFF5,TABLAT,read,,"MOVFF TABLAT, ram_01A",0x00693A
0x006AB6,0x01A,ram_01A,write,,"MOVFF TABLAT, ram_01A",0x00693A
0x006ABC,0xFF5,TABLAT,read,,"MOVFF TABLAT, ram_01B",0x00693A
0x006ABC,0x01B,ram_01B,write,,"MOVFF TABLAT, ram_01B",0x00693A
0x006AC0,0x01A,ram_01A,read,,"MOVF ram_01A, W, A",0x00693A
0x006AC4,0x06F,ram_06F,read_write,,"IORWF ram_06F, F, B",0x00693A
0x006AC6,0x01B,ram_01B,read,,"MOVF ram_01B, W, A",0x00693A
0x006AC8,0x070,ram_070,read_write,,"IORWF ram_070, F, B",0x00693A
0x006ACA,0xF8C,LATD,read_write,3,"BSF LATD, 3, A",0x00693A
0x006ACC,0xF8B,LATC,read_write,3,"BSF LATC, 3, A",0x00693A
0x006AD0,0x012,ram_012,write,,"MOVWF ram_012, A",0x00693A
0x006AD4,0x077,ram_077,read,,"MOVF ram_077, W, B",0x00693A
0x006ADE,0xF8C,LATD,read_write,3,"BCF LATD, 3, A",0x00693A
0x006AE0,0xF8B,LATC,read_write,3,"BCF LATC, 3, A",0x00693A
0x006AE4,0xFF6,TBLPTRL,write,,"MOVWF TBLPTRL, A",0x00693A
0x006AE8,0xFF7,TBLPTRH,write,,"MOVWF TBLPTRH, A",0x00693A
0x006AEC,0xFF5,TABLAT,read,,"MOVFF TABLAT, ram_01A",0x00693A
0x006AEC,0x01A,ram_01A,write,,"MOVFF TABLAT, ram_01A",0x00693A
0x006AF2,0xFF5,TABLAT,read,,"MOVFF TABLAT, ram_01B",0x00693A
0x006AF2,0x01B,ram_01B,write,,"MOVFF TABLAT, ram_01B",0x00693A
0x006AF6,0x01A,ram_01A,read,,"MOVF ram_01A, W, A",0x00693A
0x006AFA,0x06F,ram_06F,read_write,,"IORWF ram_06F, F, B",0x00693A
0x006AFC,0x01B,ram_01B,read,,"MOVF ram_01B, W, A",0x00693A
0x006AFE,0x070,ram_070,read_write,,"IORWF ram_070, F, B",0x00693A
0x006B02,0x06B,ram_06B,read,,"MOVF ram_06B, W, B",0x00693A
0x006B04,0x06F,ram_06F,read_write,,"XORWF ram_06F, F, B",0x00693A
0x006B06,0x06C,ram_06C,read,,"MOVF ram_06C, W, B",0x00693A
0x006B08,0x070,ram_070,read_write,,"XORWF ram_070, F, B",0x00693A
0x006B0A,0x06F,ram_06F,read,,"MOVFF ram_06F, ram_012",0x00693A
0x006B0A,0x012,ram_012,write,,"MOVFF ram_06F, ram_012",0x00693A
0x006B0E,0x070,ram_070,read,,"MOVFF ram_070, ram_013",0x00693A
0x006B0E,0x013,ram_013,write,,"MOVFF ram_070, ram_013",0x00693A
0x006B18,0x077,ram_077,read,,"MOVF ram_077, W, B",0x00693A
0x006B1C,0xFD9,FSR2L,write,,"MOVWF FSR2L, A",0x00693A
0x006B1E,0xFDA,FSR2H,write,,"CLRF FSR2H, A",0x00693A
0x006B20,0xFDF,INDF2,read,,"MOVF INDF2, W, A",0x00693A
0x006B24,0x075,ram_075,read,,"MOVF ram_075, W, B",0x00693A
0x006B26,0x076,ram_076,read,,"IORWF ram_076, W, B",0x00693A
0x006B2A,0x069,ram_069,write,,"CLRF ram_069, B",0x00693A
0x006B2E,0x068,ram_068,write,,"MOVWF ram_068, B",0x00693A
0x006B30,0x076,ram_076,write,,"CLRF ram_076, B",0x00693A
0x006B32,0x075,ram_075,write,,"MOVWF ram_075, B",0x00693A
0x006B34,0x075,ram_075,read,,"MOVF ram_075, W, B",0x00693A
0x006B36,0x076,ram_076,read,,"IORWF ram_076, W, B",0x00693A
0x006B3A,0x077,ram_077,read,,"MOVF ram_077, W, B",0x00693A
0x006B3E,0xFD9,FSR2L,write,,"MOVWF FSR2L, A",0x00693A
0x006B40,0xFDA,FSR2H,write,,"CLRF FSR2H, A",0x00693A
0x006B42,0xFDF,INDF2,read,,"MOVF INDF2, W, A",0x00693A
0x006B46,0x076,ram_076,write,,"CLRF ram_076, B",0x00693A
0x006B4A,0x075,ram_075,write,,"MOVWF ram_075, B",0x00693A
0x006B4C,0x075,ram_075,read_write,,"INFSNZ ram_075, F, B",0x00693A
0x006B4E,0x076,ram_076,read_write,,"INCF ram_076, F, B",0x00693A
0x006B52,0x075,ram_075,read,,"SUBWF ram_075, W, B",0x00693A
0x006B56,0x076,ram_076,read,,"SUBWFB ram_076, W, B",0x00693A
0x006B5A,0x075,ram_075,write,,"CLRF ram_075, B",0x00693A
0x006B5C,0x076,ram_076,write,,"CLRF ram_076, B",0x00693A
0x006B5E,0x068,ram_068,read,,"MOVF ram_068, W, B",0x00693A
0x006B60,0x069,ram_069,read,,"IORWF ram_069, W, B",0x00693A
0x006B64,0x068,ram_068,write,,"CLRF ram_068, B",0x00693A
0x006B66,0x069,ram_069,write,,"CLRF ram_069, B",0x00693A
0x006B68,0x06A,ram_06A,write,,"CLRF ram_06A, B",0x00693A
0x006B6A,0x073,ram_073,write,,"CLRF ram_073, B",0x00693A
0x006B6C,0x074,ram_074,write,,"CLRF ram_074, B",0x00693A
0x006B80,0x012,ram_012,read,,"MOVFF ram_012, ram_06D",0x00693A
0x006B80,0x06D,ram_06D,write,,"MOVFF ram_012, ram_06D",0x00693A
0x006B84,0x013,ram_013,read,,"MOVFF ram_013, ram_06E",0x00693A
0x006B84,0x06E,ram_06E,write,,"MOVFF ram_013, ram_06E",0x00693A
0x006B8A,0x073,ram_073,read,,"MOVF ram_073, W, B",0x00693A
0x006B8C,0x06D,ram_06D,read,,"XORWF ram_06D, W, B",0x00693A
0x006B90,0x074,ram_074,read,,"MOVF ram_074, W, B",0x00693A
0x006B92,0x06E,ram_06E,read,,"XORWF ram_06E, W, B",0x00693A
0x006B96,0x06A,ram_06A,read_write,,"INCF ram_06A, F, B",0x00693A
0x006B9A,0x06A,ram_06A,write,,"CLRF ram_06A, B",0x00693A
0x006B9C,0x06D,ram_06D,read,,"MOVFF ram_06D, ram_073",0x00693A
0x006B9C,0x073,ram_073,write,,"MOVFF ram_06D, ram_073",0x00693A
0x006BA0,0x06E,ram_06E,read,,"MOVFF ram_06E, ram_074",0x00693A
0x006BA0,0x074,ram_074,write,,"MOVFF ram_06E, ram_074",0x00693A
0x006BA6,0x06A,ram_06A,read,,"CPFSGT ram_06A, B",0x00693A
0x006BAC,0x071,ram_071,read,,"SUBWF ram_071, W, B",0x00693A
0x006BB0,0x072,ram_072,read,,"SUBWFB ram_072, W, B",0x00693A
0x006BB4,0x071,ram_071,read,,"MOVFF ram_071, ram_012",0x00693A
0x006BB4,0x012,ram_012,write,,"MOVFF ram_071, ram_012",0x00693A
0x006BB8,0x072,ram_072,read,,"MOVFF ram_072, ram_013",0x00693A
0x006BB8,0x013,ram_013,write,,"MOVFF ram_072, ram_013",0x00693A
0x006BBC,0x073,ram_073,read,,"MOVFF ram_073, ram_014",0x00693A
0x006BBC,0x014,ram_014,write,,"MOVFF ram_073, ram_014",0x00693A
0x006BC8,0x071,ram_071,read,,"ADDWF ram_071, W, B",0x00693A
0x006BCA,0x012,ram_012,write,,"MOVWF ram_012, A",0x00693A
0x006BCE,0x072,ram_072,read,,"ADDWFC ram_072, W, B",0x00693A
0x006BD0,0x013,ram_013,write,,"MOVWF ram_013, A",0x00693A
0x006BD2,0x074,ram_074,read,,"MOVFF ram_074, ram_014",0x00693A
0x006BD2,0x014,ram_014,write,,"MOVFF ram_074, ram_014",0x00693A
0x006BDE,0x071,ram_071,read_write,,"ADDWF ram_071, F, B",0x00693A
0x006BE2,0x072,ram_072,read_write,,"ADDWFC ram_072, F, B",0x00693A
0x006BE4,0x077,ram_077,read_write,,"INCF ram_077, F, B",0x00693A
0x006BE8,0x077,ram_077,read,,"CPFSGT ram_077, B",0x00693A
0x006BEE,0x013,ram_013,write,,"MOVWF ram_013, A",0x00693A
0x006BF2,0x012,ram_012,write,,"MOVWF ram_012, A",0x00693A
0x006BF4,0x014,ram_014,write,,"CLRF ram_014, A",0x00693A
0x006BFE,0x074,ram_074,write,,"CLRF ram_074, B",0x006BFA
0x006C00,0x075,ram_075,write,,"CLRF ram_075, B",0x006BFA
0x006C02,0x070,ram_070,write,,"CLRF ram_070, B",0x006BFA
0x006C04,0x071,ram_071,write,,"CLRF ram_071, B",0x006BFA
0x006C06,0x072,ram_072,write,,"CLRF ram_072, B",0x006BFA
0x006C08,0x073,ram_073,write,,"CLRF ram_073, B",0x006BFA
0x006C0A,0x06A,ram_06A,read,,"MOVF ram_06A, W, B",0x006BFA
0x006C12,0x02A,ram_02A,read,,"MOVFF ram_02A, ram_02C",0x006BFA
0x006C12,0x02C,ram_02C,write,,"MOVFF ram_02A, ram_02C",0x006BFA
0x006C16,0x02B,ram_02B,read,,"MOVFF ram_02B, ram_02D",0x006BFA
0x006C16,0x02D,ram_02D,write,,"MOVFF ram_02B, ram_02D",0x006BFA
0x006C1A,0x02F,ram_02F,write,,"CLRF ram_02F, A",0x006BFA
0x006C1E,0x02E,ram_02E,write,,"MOVWF ram_02E, A",0x006BFA
0x006C26,0x02C,ram_02C,read,,"ADDWF ram_02C, W, A",0x006BFA
0x006C2C,0x02D,ram_02D,read,,"ADDWFC ram_02D, W, A",0x006BFA
0x006C34,0x02A,ram_02A,read,,"MOVFF ram_02A, ram_02C",0x006BFA
0x006C34,0x02C,ram_02C,write,,"MOVFF ram_02A, ram_02C",0x006BFA
0x006C38,0x02B,ram_02B,read,,"MOVFF ram_02B, ram_02D",0x006BFA
0x006C38,0x02D,ram_02D,write,,"MOVFF ram_02B, ram_02D",0x006BFA
0x006C3C,0x02F,ram_02F,write,,"CLRF ram_02F, A",0x006BFA
0x006C40,0x02E,ram_02E,write,,"MOVWF ram_02E, A",0x006BFA
0x006C48,0x02C,ram_02C,read,,"ADDWF ram_02C, W, A",0x006BFA
0x006C4E,0x02D,ram_02D,read,,"ADDWFC ram_02D, W, A",0x006BFA
0x006C58,0x488,ram_488,read,,"MOVF ram_488, W, B",0x006BFA
0x006C5A,0xFD8,STATUS,read,2,"BTFSC STATUS, 2, A",0x006BFA
0x006C5E,0x488,ram_488,read_write,,"INCF ram_488, F, B",0x006BFA
0x006C62,0x076,ram_076,write,,"CLRF ram_076, B",0x006BFA
0x006C66,0x076,ram_076,read,,"ADDWF ram_076, W, B",0x006BFA
0x006C68,0xFD9,FSR2L,write,,"MOVWF FSR2L, A",0x006BFA
0x006C6A,0xFDA,FSR2H,write,,"CLRF FSR2H, A",0x006BFA
0x006C6E,0xFDA,FSR2H,read_write,,"ADDWFC FSR2H, F, A",0x006BFA
0x006C70,0xFDF,INDF2,read,,"MOVF INDF2, W, A",0x006BFA
0x006C72,0x06B,ram_06B,write,,"MOVWF ram_06B, B",0x006BFA
0x006C74,0x06C,ram_06C,write,,"CLRF ram_06C, B",0x006BFA
0x006C76,0x06B,ram_06B,read,7,"BTFSC ram_06B, 7, B",0x006BFA
0x006C78,0x06C,ram_06C,read_write,,"DECF ram_06C, F, B",0x006BFA
0x006C7A,0x070,ram_070,read,,"MOVF ram_070, W, B",0x006BFA
0x006C7C,0x06B,ram_06B,read_write,,"ADDWF ram_06B, F, B",0x006BFA
0x006C7E,0x071,ram_071,read,,"MOVF ram_071, W, B",0x006BFA
0x006C80,0x06C,ram_06C,read_write,,"ADDWFC ram_06C, F, B",0x006BFA
0x006C82,0x076,ram_076,read,,"MOVF ram_076, W, B",0x006BFA
0x006C88,0xFF3,PRODL,read,,"ADDWF PRODL, W, A",0x006BFA
0x006C8A,0xFD9,FSR2L,write,,"MOVWF FSR2L, A",0x006BFA
0x006C8E,0xFF4,PRODH,read,,"ADDWFC PRODH, W, A",0x006BFA
0x006C90,0xFDA,FSR2H,write,,"MOVWF FSR2H, A",0x006BFA
0x006C92,0x06B,ram_06B,read,,"MOVFF ram_06B, POSTINC2",0x006BFA
0x006C92,0xFDE,POSTINC2,write,,"MOVFF ram_06B, POSTINC2",0x006BFA
0x006C96,0x06C,ram_06C,read,,"MOVFF ram_06C, POSTDEC2",0x006BFA
0x006C96,0xFDD,POSTDEC2,write,,"MOVFF ram_06C, POSTDEC2",0x006BFA
0x006C9C,0x076,ram_076,read,,"ADDWF ram_076, W, B",0x006BFA
0x006C9E,0xFD9,FSR2L,write,,"MOVWF FSR2L, A",0x006BFA
0x006CA0,0xFDA,FSR2H,write,,"CLRF FSR2H, A",0x006BFA
0x006CA4,0xFDA,FSR2H,read_write,,"ADDWFC FSR2H, F, A",0x006BFA
0x006CA8,0x076,ram_076,read,,"ADDWF ram_076, W, B",0x006BFA
0x006CAA,0xFE1,FSR1L,write,,"MOVWF FSR1L, A",0x006BFA
0x006CAC,0xFE2,FSR1H,write,,"CLRF FSR1H, A",0x006BFA
0x006CB0,0xFE2,FSR1H,read_write,,"ADDWFC FSR1H, F, A",0x006BFA
0x006CB2,0xFE7,INDF1,read,,"MOVF INDF1, W, A",0x006BFA
0x006CB4,0x072,ram_072,read,,"ADDWF ram_072, W, B",0x006BFA
0x006CB6,0xFDF,INDF2,write,,"MOVWF INDF2, A",0x006BFA
0x006CBC,0x47F,ram_47F,write,,"MOVWF ram_47F, B",0x006BFA
0x006CBE,0x462,ram_462,read,,"MOVFF ram_462, ram_464",0x006BFA
0x006CBE,0x464,ram_464,write,,"MOVFF ram_462, ram_464",0x006BFA
0x006CC2,0x461,ram_461,read,,"MOVFF ram_461, ram_463",0x006BFA
0x006CC2,0x463,ram_463,write,,"MOVFF ram_461, ram_463",0x006BFA
0x006CC8,0x076,ram_076,read_write,,"INCF ram_076, F, B",0x006BFA
0x006CCC,0x076,ram_076,read,,"XORWF ram_076, W, B",0x006BFA
0x006CD0,0x06A,ram_06A,read,,"MOVF ram_06A, W, B",0x006BFA
0x006CD6,0x03E,ram_03E,read,,"MOVF ram_03E, W, A",0x006BFA
0x006CDE,0x494,ram_494,read,,"MOVF ram_494, W, B",0x006BFA
0x006CE0,0xFD8,STATUS,read,2,"BTFSC STATUS, 2, A",0x006BFA
0x006CE4,0x494,ram_494,read_write,,"INCF ram_494, F, B",0x006BFA
0x006CE6,0x495,ram_495,read,,"MOVF ram_495, W, B",0x006BFA
0x006CEA,0xFF3,PRODL,read,,"MOVFF PRODL, ram_074",0x006BFA
0x006CEA,0x074,ram_074,write,,"MOVFF PRODL, ram_074",0x006BFA
0x006CF0,0x076,ram_076,write,,"CLRF ram_076, B",0x006BFA
0x006CF2,0x075,ram_075,write,,"CLRF ram_075, B",0x006BFA
0x006CFC,0x02A,ram_02A,read,,"MOVFF ram_02A, ram_02C",0x006BFA
0x006CFC,0x02C,ram_02C,write,,"MOVFF ram_02A, ram_02C",0x006BFA
0x006D00,0x02B,ram_02B,read,,"MOVFF ram_02B, ram_02D",0x006BFA
0x006D00,0x02D,ram_02D,write,,"MOVFF ram_02B, ram_02D",0x006BFA
0x006D04,0x02F,ram_02F,write,,"CLRF ram_02F, A",0x006BFA
0x006D08,0x02E,ram_02E,write,,"MOVWF ram_02E, A",0x006BFA
0x006D10,0x02C,ram_02C,read,,"ADDWF ram_02C, W, A",0x006BFA
0x006D16,0x02D,ram_02D,read,,"ADDWFC ram_02D, W, A",0x006BFA
0x006D1E,0x02A,ram_02A,read,,"MOVFF ram_02A, ram_02C",0x006BFA
0x006D1E,0x02C,ram_02C,write,,"MOVFF ram_02A, ram_02C",0x006BFA
0x006D22,0x02B,ram_02B,read,,"MOVFF ram_02B, ram_02D",0x006BFA
0x006D22,0x02D,ram_02D,write,,"MOVFF ram_02B, ram_02D",0x006BFA
0x006D26,0x02F,ram_02F,write,,"CLRF ram_02F, A",0x006BFA
0x006D2A,0x02E,ram_02E,write,,"MOVWF ram_02E, A",0x006BFA
0x006D32,0x02C,ram_02C,read,,"ADDWF ram_02C, W, A",0x006BFA
0x006D38,0x02D,ram_02D,read,,"ADDWFC ram_02D, W, A",0x006BFA
0x006D48,0xFF3,PRODL,read,,"MOVF PRODL, W, A",0x006BFA
0x006D4C,0xFF4,PRODH,read,,"MOVF PRODH, W, A",0x006BFA
0x006D54,0xFF3,PRODL,read,,"MOVF PRODL, W, A",0x006BFA
0x006D58,0xFF4,PRODH,read,,"MOVF PRODH, W, A",0x006BFA
0x006D60,0xFD9,FSR2L,write,,"MOVWF FSR2L, A",0x006BFA
0x006D66,0xFDA,FSR2H,write,,"MOVWF FSR2H, A",0x006BFA
0x006D74,0xFF3,PRODL,read,,"MOVF PRODL, W, A",0x006BFA
0x006D78,0xFF4,PRODH,read,,"MOVF PRODH, W, A",0x006BFA
0x006D80,0xFE1,FSR1L,write,,"MOVWF FSR1L, A",0x006BFA
0x006D86,0xFE2,FSR1H,write,,"MOVWF FSR1H, A",0x006BFA
0x006D88,0xFE7,INDF1,read,,"MOVF INDF1, W, A",0x006BFA
0x006D8C,0xFDF,INDF2,write,,"MOVWF INDF2, A",0x006BFA
0x006D9A,0xFF3,PRODL,read,,"MOVF PRODL, W, A",0x006BFA
0x006D9E,0xFF4,PRODH,read,,"MOVF PRODH, W, A",0x006BFA
0x006DA6,0xFF3,PRODL,read,,"MOVF PRODL, W, A",0x006BFA
0x006DAA,0xFF4,PRODH,read,,"MOVF PRODH, W, A",0x006BFA
0x006DB2,0xFD9,FSR2L,write,,"MOVWF FSR2L, A",0x006BFA
0x006DB8,0xFDA,FSR2H,write,,"MOVWF FSR2H, A",0x006BFA
0x006DC6,0xFF3,PRODL,read,,"MOVF PRODL, W, A",0x006BFA
0x006DCA,0xFF4,PRODH,read,,"MOVF PRODH, W, A",0x006BFA
0x006DD2,0xFE1,FSR1L,write,,"MOVWF FSR1L, A",0x006BFA
0x006DD8,0xFE2,FSR1H,write,,"MOVWF FSR1H, A",0x006BFA
0x006DDA,0xFE7,INDF1,read,,"MOVF INDF1, W, A",0x006BFA
0x006DDE,0xFDF,INDF2,write,,"MOVWF INDF2, A",0x006BFA
0x006DEC,0xFD9,FSR2L,write,,"MOVWF FSR2L, A",0x006BFA
0x006DEE,0xFDA,FSR2H,write,,"CLRF FSR2H, A",0x006BFA
0x006DF2,0xFDA,FSR2H,read_write,,"ADDWFC FSR2H, F, A",0x006BFA
0x006E08,0xFE1,FSR1L,write,,"MOVWF FSR1L, A",0x006BFA
0x006E0E,0xFE2,FSR1H,write,,"MOVWF FSR1H, A",0x006BFA
0x006E10,0xFDF,INDF2,read,,"MOVFF INDF2, INDF1",0x006BFA
0x006E10,0xFE7,INDF1,write,,"MOVFF INDF2, INDF1",0x006BFA
0x006E18,0xFD9,FSR2L,write,,"MOVWF FSR2L, A",0x006BFA
0x006E1A,0xFDA,FSR2H,write,,"CLRF FSR2H, A",0x006BFA
0x006E1E,0xFDA,FSR2H,read_write,,"ADDWFC FSR2H, F, A",0x006BFA
0x006E34,0xFE1,FSR1L,write,,"MOVWF FSR1L, A",0x006BFA
0x006E3A,0xFE2,FSR1H,write,,"MOVWF FSR1H, A",0x006BFA
0x006E3C,0xFDF,INDF2,read,,"MOVFF INDF2, INDF1",0x006BFA
0x006E3C,0xFE7,INDF1,write,,"MOVFF INDF2, INDF1",0x006BFA
0x006E4A,0x076,ram_076,read_write,,"INCF ram_076, F, B",0x006BFA
0x006E4E,0x076,ram_076,read,,"XORWF ram_076, W, B",0x006BFA
0x006E56,0x022,ram_022,write,,"MOVWF ram_022, A",0x006E56
0x006E58,0xF8C,LATD,read_write,3,"BSF LATD, 3, A",0x006E56
0x006E5A,0xF8B,LATC,read_write,4,"BSF LATC, 4, A",0x006E56
0x006E5C,0xF8B,LATC,read_write,3,"BSF LATC, 3, A",0x006E56
0x006E5E,0xF8C,LATD,read_write,0,"BSF LATD, 0, A",0x006E56
0x006E60,0xF8C,LATD,read_write,1,"BSF LATD, 1, A",0x006E56
0x006E62,0x013,ram_013,write,,"CLRF ram_013, A",0x006E56
0x006E66,0x012,ram_012,write,,"MOVWF ram_012, A",0x006E56
0x006E6C,0xFF2,INTCON,read_write,7,"BCF INTCON, 7, A",0x006E56
0x006E6E,0x024,ram_024,write,,"CLRF ram_024, A",0x006E56
0x006E70,0x023,ram_023,write,,"CLRF ram_023, A",0x006E56
0x006E72,0x016,ram_016,write,,"CLRF ram_016, A",0x006E56
0x006E74,0x024,ram_024,read,,"MOVFF ram_024, ram_017",0x006E56
0x006E74,0x017,ram_017,write,,"MOVFF ram_024, ram_017",0x006E56
0x006E78,0x018,ram_018,write,,"CLRF ram_018, A",0x006E56
0x006E7A,0x023,ram_023,read,,"MOVF ram_023, W, A",0x006E56
0x006E80,0x016,ram_016,write,,"CLRF ram_016, A",0x006E56
0x006E82,0x024,ram_024,read,,"MOVFF ram_024, ram_017",0x006E56
0x006E82,0x017,ram_017,write,,"MOVFF ram_024, ram_017",0x006E56
0x006E86,0x018,ram_018,write,,"CLRF ram_018, A",0x006E56
0x006E88,0x023,ram_023,read,,"MOVF ram_023, W, A",0x006E56
0x006E8E,0x023,ram_023,read_write,,"INCF ram_023, F, A",0x006E56
0x006E92,0x023,ram_023,read,,"XORWF ram_023, W, A",0x006E56
0x006E96,0x024,ram_024,read,,"MOVFF ram_024, ram_016",0x006E56
0x006E96,0x016,ram_016,write,,"MOVFF ram_024, ram_016",0x006E56
0x006E9A,0x017,ram_017,write,,"CLRF ram_017, A",0x006E56
0x006EA2,0x024,ram_024,read,,"MOVFF ram_024, ram_016",0x006E56
0x006EA2,0x016,ram_016,write,,"MOVFF ram_024, ram_016",0x006E56
0x006EA6,0x017,ram_017,write,,"CLRF ram_017, A",0x006E56
0x006EAA,0x019,ram_019,write,,"MOVWF ram_019, A",0x006E56
0x006EAE,0x018,ram_018,write,,"MOVWF ram_018, A",0x006E56
0x006EB6,0x024,ram_024,read_write,,"INCF ram_024, F, A",0x006E56
0x006EBA,0x024,ram_024,read,,"XORWF ram_024, W, A",0x006E56
0x006EBE,0x024,ram_024,write,,"CLRF ram_024, A",0x006E56
0x006EC0,0x023,ram_023,write,,"CLRF ram_023, A",0x006E56
0x006EC2,0x024,ram_024,read,,"MOVF ram_024, W, A",0x006E56
0x006EC8,0x020,ram_020,write,,"MOVWF ram_020, A",0x006E56
0x006ECC,0x021,ram_021,write,,"MOVWF ram_021, A",0x006E56
0x006ECE,0xFF3,PRODL,read,,"MOVF PRODL, W, A",0x006E56
0x006ED0,0x020,ram_020,read_write,,"ADDWF ram_020, F, A",0x006E56
0x006ED2,0xFF4,PRODH,read,,"MOVF PRODH, W, A",0x006E56
0x006ED4,0x021,ram_021,read_write,,"ADDWFC ram_021, F, A",0x006E56
0x006ED6,0x023,ram_023,read,,"MOVF ram_023, W, A",0x006E56
0x006ED8,0x020,ram_020,read_write,,"ADDWF ram_020, F, A",0x006E56
0x006EDC,0x021,ram_021,read_write,,"ADDWFC ram_021, F, A",0x006E56
0x006EDE,0x020,ram_020,read,,"MOVFF ram_020, TBLPTRL",0x006E56
0x006EDE,0xFF6,TBLPTRL,write,,"MOVFF ram_020, TBLPTRL",0x006E56
0x006EE2,0x021,ram_021,read,,"MOVFF ram_021, TBLPTRH",0x006E56
0x006EE2,0xFF7,TBLPTRH,write,,"MOVFF ram_021, TBLPTRH",0x006E56
0x006EE8,0xFF5,TABLAT,read,,"MOVFF TABLAT, ram_016",0x006E56
0x006EE8,0x016,ram_016,write,,"MOVFF TABLAT, ram_016",0x006E56
0x006EEC,0x024,ram_024,read,,"MOVFF ram_024, ram_017",0x006E56
0x006EEC,0x017,ram_017,write,,"MOVFF ram_024, ram_017",0x006E56
0x006EF0,0x018,ram_018,write,,"CLRF ram_018, A",0x006E56
0x006EF2,0x023,ram_023,read,,"MOVF ram_023, W, A",0x006E56
0x006EF8,0x024,ram_024,read,,"MOVF ram_024, W, A",0x006E56
0x006EFE,0x020,ram_020,write,,"MOVWF ram_020, A",0x006E56
0x006F02,0x021,ram_021,write,,"MOVWF ram_021, A",0x006E56
0x006F04,0xFF3,PRODL,read,,"MOVF PRODL, W, A",0x006E56
0x006F06,0x020,ram_020,read_write,,"ADDWF ram_020, F, A",0x006E56
0x006F08,0xFF4,PRODH,read,,"MOVF PRODH, W, A",0x006E56
0x006F0A,0x021,ram_021,read_write,,"ADDWFC ram_021, F, A",0x006E56
0x006F0C,0x023,ram_023,read,,"MOVF ram_023, W, A",0x006E56
0x006F0E,0x020,ram_020,read_write,,"ADDWF ram_020, F, A",0x006E56
0x006F12,0x021,ram_021,read_write,,"ADDWFC ram_021, F, A",0x006E56
0x006F14,0x020,ram_020,read,,"MOVFF ram_020, TBLPTRL",0x006E56
0x006F14,0xFF6,TBLPTRL,write,,"MOVFF ram_020, TBLPTRL",0x006E56
0x006F18,0x021,ram_021,read,,"MOVFF ram_021, TBLPTRH",0x006E56
0x006F18,0xFF7,TBLPTRH,write,,"MOVFF ram_021, TBLPTRH",0x006E56
0x006F1E,0xFF5,TABLAT,read,,"MOVFF TABLAT, ram_016",0x006E56
0x006F1E,0x016,ram_016,write,,"MOVFF TABLAT, ram_016",0x006E56
0x006F22,0x024,ram_024,read,,"MOVFF ram_024, ram_017",0x006E56
0x006F22,0x017,ram_017,write,,"MOVFF ram_024, ram_017",0x006E56
0x006F26,0x018,ram_018,write,,"CLRF ram_018, A",0x006E56
0x006F28,0x023,ram_023,read,,"MOVF ram_023, W, A",0x006E56
0x006F2E,0x023,ram_023,read_write,,"INCF ram_023, F, A",0x006E56
0x006F32,0x023,ram_023,read,,"XORWF ram_023, W, A",0x006E56
0x006F36,0x024,ram_024,read_write,,"INCF ram_024, F, A",0x006E56
0x006F3A,0x024,ram_024,read,,"XORWF ram_024, W, A",0x006E56
0x006F40,0x013,ram_013,write,,"MOVWF ram_013, A",0x006E56
0x006F44,0x012,ram_012,write,,"MOVWF ram_012, A",0x006E56
0x006F46,0x014,ram_014,write,,"CLRF ram_014, A",0x006E56
0x006F4E,0x013,ram_013,write,,"MOVWF ram_013, A",0x006E56
0x006F52,0x012,ram_012,write,,"MOVWF ram_012, A",0x006E56
0x006F54,0x014,ram_014,write,,"CLRF ram_014, A",0x006E56
0x006F5A,0x017,ram_017,write,,"CLRF ram_017, A",0x006E56
0x006F5C,0x016,ram_016,write,,"CLRF ram_016, A",0x006E56
0x006F60,0x019,ram_019,write,,"MOVWF ram_019, A",0x006E56
0x006F64,0x018,ram_018,write,,"MOVWF ram_018, A",0x006E56
0x006F6C,0x017,ram_017,write,,"CLRF ram_017, A",0x006E56
0x006F6E,0x016,ram_016,write,,"CLRF ram_016, A",0x006E56
0x006F72,0x019,ram_019,write,,"MOVWF ram_019, A",0x006E56
0x006F76,0x018,ram_018,write,,"MOVWF ram_018, A",0x006E56
0x006F7E,0x017,ram_017,write,,"CLRF ram_017, A",0x006E56
0x006F80,0x016,ram_016,write,,"CLRF ram_016, A",0x006E56
0x006F84,0x019,ram_019,write,,"MOVWF ram_019, A",0x006E56
0x006F88,0x018,ram_018,write,,"MOVWF ram_018, A",0x006E56
0x006F90,0x017,ram_017,write,,"CLRF ram_017, A",0x006E56
0x006F92,0x016,ram_016,write,,"CLRF ram_016, A",0x006E56
0x006F96,0x019,ram_019,write,,"MOVWF ram_019, A",0x006E56
0x006F9A,0x018,ram_018,write,,"MOVWF ram_018, A",0x006E56
0x006FA2,0x017,ram_017,write,,"CLRF ram_017, A",0x006E56
0x006FA4,0x016,ram_016,write,,"CLRF ram_016, A",0x006E56
0x006FA8,0x019,ram_019,write,,"MOVWF ram_019, A",0x006E56
0x006FAC,0x018,ram_018,write,,"MOVWF ram_018, A",0x006E56
0x006FB4,0x017,ram_017,write,,"CLRF ram_017, A",0x006E56
0x006FB6,0x016,ram_016,write,,"CLRF ram_016, A",0x006E56
0x006FBA,0x019,ram_019,write,,"MOVWF ram_019, A",0x006E56
0x006FBE,0x018,ram_018,write,,"MOVWF ram_018, A",0x006E56
0x006FC6,0x017,ram_017,write,,"CLRF ram_017, A",0x006E56
0x006FC8,0x016,ram_016,write,,"CLRF ram_016, A",0x006E56
0x006FCC,0x019,ram_019,write,,"MOVWF ram_019, A",0x006E56
0x006FD0,0x018,ram_018,write,,"MOVWF ram_018, A",0x006E56
0x006FD8,0x017,ram_017,write,,"CLRF ram_017, A",0x006E56
0x006FDC,0x016,ram_016,write,,"MOVWF ram_016, A",0x006E56
0x006FE0,0x019,ram_019,write,,"MOVWF ram_019, A",0x006E56
0x006FE4,0x018,ram_018,write,,"MOVWF ram_018, A",0x006E56
0x006FEE,0x016,ram_016,write,,"MOVWF ram_016, A",0x006E56
0x006FF2,0x017,ram_017,write,,"MOVWF ram_017, A",0x006E56
0x006FF4,0x018,ram_018,write,,"CLRF ram_018, A",0x006E56
0x006FF6,0x019,ram_019,write,,"CLRF ram_019, A",0x006E56
0x006FFC,0x022,ram_022,read,,"MOVF ram_022, W, A",0x006E56
0x006FFE,0xFD8,STATUS,read,2,"BTFSS STATUS, 2, A",0x006E56
0x007006,0x016,ram_016,write,,"MOVWF ram_016, A",0x007006
0x007008,0x016,ram_016,read,,"MOVF ram_016, W, A",0x007006
0x00700E,0x488,ram_488,read_write,,"INCF ram_488, F, B",0x007006
0x007012,0x488,ram_488,read,,"CPFSGT ram_488, B",0x007006
0x007018,0x488,ram_488,write,,"MOVWF ram_488, B",0x007006
0x00701A,0x019,ram_019,write,,"CLRF ram_019, A",0x007006
0x00701C,0x019,ram_019,read,,"MOVF ram_019, W, A",0x007006
0x007022,0xFF3,PRODL,read,,"ADDWF PRODL, W, A",0x007006
0x007024,0xFD9,FSR2L,write,,"MOVWF FSR2L, A",0x007006
0x007028,0xFF4,PRODH,read,,"ADDWFC PRODH, W, A",0x007006
0x00702A,0xFDA,FSR2H,write,,"MOVWF FSR2H, A",0x007006
0x00702E,0x019,ram_019,read,,"ADDWF ram_019, W, A",0x007006
0x007030,0xFE1,FSR1L,write,,"MOVWF FSR1L, A",0x007006
0x007032,0xFE2,FSR1H,write,,"CLRF FSR1H, A",0x007006
0x007036,0xFE2,FSR1H,read_write,,"ADDWFC FSR1H, F, A",0x007006
0x007038,0xFDF,INDF2,read,,"MOVFF INDF2, INDF1",0x007006
0x007038,0xFE7,INDF1,write,,"MOVFF INDF2, INDF1",0x007006
0x00703E,0x019,ram_019,read,,"ADDWF ram_019, W, A",0x007006
0x007040,0xFD9,FSR2L,write,,"MOVWF FSR2L, A",0x007006
0x007042,0xFDA,FSR2H,write,,"CLRF FSR2H, A",0x007006
0x007046,0xFDA,FSR2H,read_write,,"ADDWFC FSR2H, F, A",0x007006
0x00704A,0x019,ram_019,read,,"ADDWF ram_019, W, A",0x007006
0x00704C,0xFE1,FSR1L,write,,"MOVWF FSR1L, A",0x007006
0x00704E,0xFE2,FSR1H,write,,"CLRF FSR1H, A",0x007006
0x007052,0xFE2,FSR1H,read_write,,"ADDWFC FSR1H, F, A",0x007006
0x007054,0xFDF,INDF2,read,,"MOVFF INDF2, INDF1",0x007006
0x007054,0xFE7,INDF1,write,,"MOVFF INDF2, INDF1",0x007006
0x007058,0x019,ram_019,read_write,,"INCF ram_019, F, A",0x007006
0x00705C,0x019,ram_019,read,,"XORWF ram_019, W, A",0x007006
0x007062,0x03E,ram_03E,read,,"ADDWF ram_03E, W, A",0x007006
0x007064,0xFD9,FSR2L,write,,"MOVWF FSR2L, A",0x007006
0x007066,0xFDA,FSR2H,write,,"CLRF FSR2H, A",0x007006
0x00706A,0xFDA,FSR2H,read_write,,"ADDWFC FSR2H, F, A",0x007006
0x00706C,0xFDF,INDF2,read,,"MOVF INDF2, W, A",0x007006
0x007070,0x462,ram_462,write,,"MOVWF ram_462, B",0x007006
0x007074,0x03E,ram_03E,read,,"ADDWF ram_03E, W, A",0x007006
0x007076,0xFD9,FSR2L,write,,"MOVWF FSR2L, A",0x007006
0x007078,0xFDA,FSR2H,write,,"CLRF FSR2H, A",0x007006
0x00707C,0xFDA,FSR2H,read_write,,"ADDWFC FSR2H, F, A",0x007006
0x00707E,0xFDF,INDF2,read,,"MOVF INDF2, W, A",0x007006
0x007080,0x461,ram_461,write,,"MOVWF ram_461, B",0x007006
0x007086,0x494,ram_494,read_write,,"INCF ram_494, F, B",0x007006
0x00708A,0x494,ram_494,read,,"CPFSGT ram_494, B",0x007006
0x007090,0x494,ram_494,write,,"MOVWF ram_494, B",0x007006
0x007092,0x495,ram_495,read,,"MOVF ram_495, W, B",0x007006
0x007096,0xFF3,PRODL,read,,"MOVFF PRODL, ram_017",0x007006
0x007096,0x017,ram_017,write,,"MOVFF PRODL, ram_017",0x007006
0x00709A,0x019,ram_019,write,,"CLRF ram_019, A",0x007006
0x00709C,0x018,ram_018,write,,"CLRF ram_018, A",0x007006
0x00709E,0x017,ram_017,read,,"MOVF ram_017, W, A",0x007006
0x0070A4,0x012,ram_012,write,,"MOVWF ram_012, A",0x007006
0x0070A8,0x013,ram_013,write,,"MOVWF ram_013, A",0x007006
0x0070AA,0xFF3,PRODL,read,,"MOVF PRODL, W, A",0x007006
0x0070AC,0x012,ram_012,read_write,,"ADDWF ram_012, F, A",0x007006
0x0070AE,0xFF4,PRODH,read,,"MOVF PRODH, W, A",0x007006
0x0070B0,0x013,ram_013,read_write,,"ADDWFC ram_013, F, A",0x007006
0x0070B2,0x019,ram_019,read,,"MOVF ram_019, W, A",0x007006
0x0070B6,0xFF3,PRODL,read,,"MOVF PRODL, W, A",0x007006
0x0070B8,0x012,ram_012,read_write,,"ADDWF ram_012, F, A",0x007006
0x0070BA,0xFF4,PRODH,read,,"MOVF PRODH, W, A",0x007006
0x0070BC,0x013,ram_013,read_write,,"ADDWFC ram_013, F, A",0x007006
0x0070BE,0x018,ram_018,read,,"MOVF ram_018, W, A",0x007006
0x0070C0,0x012,ram_012,read,,"ADDWF ram_012, W, A",0x007006
0x0070C2,0xFD9,FSR2L,write,,"MOVWF FSR2L, A",0x007006
0x0070C6,0x013,ram_013,read,,"ADDWFC ram_013, W, A",0x007006
0x0070C8,0xFDA,FSR2H,write,,"MOVWF FSR2H, A",0x007006
0x0070CA,0x019,ram_019,read,,"MOVF ram_019, W, A",0x007006
0x0070D0,0x014,ram_014,write,,"MOVWF ram_014, A",0x007006
0x0070D4,0x015,ram_015,write,,"MOVWF ram_015, A",0x007006
0x0070D6,0xFF3,PRODL,read,,"MOVF PRODL, W, A",0x007006
0x0070D8,0x014,ram_014,read_write,,"ADDWF ram_014, F, A",0x007006
0x0070DA,0xFF4,PRODH,read,,"MOVF PRODH, W, A",0x007006
0x0070DC,0x015,ram_015,read_write,,"ADDWFC ram_015, F, A",0x007006
0x0070DE,0x018,ram_018,read,,"MOVF ram_018, W, A",0x007006
0x0070E0,0x014,ram_014,read,,"ADDWF ram_014, W, A",0x007006
0x0070E2,0xFE1,FSR1L,write,,"MOVWF FSR1L, A",0x007006
0x0070E6,0x015,ram_015,read,,"ADDWFC ram_015, W, A",0x007006
0x0070E8,0xFE2,FSR1H,write,,"MOVWF FSR1H, A",0x007006
0x0070EA,0xFDF,INDF2,read,,"MOVFF INDF2, INDF1",0x007006
0x0070EA,0xFE7,INDF1,write,,"MOVFF INDF2, INDF1",0x007006
0x0070EE,0x017,ram_017,read,,"MOVF ram_017, W, A",0x007006
0x0070F4,0x012,ram_012,write,,"MOVWF ram_012, A",0x007006
0x0070F8,0x013,ram_013,write,,"MOVWF ram_013, A",0x007006
0x0070FA,0xFF3,PRODL,read,,"MOVF PRODL, W, A",0x007006
0x0070FC,0x012,ram_012,read_write,,"ADDWF ram_012, F, A",0x007006
0x0070FE,0xFF4,PRODH,read,,"MOVF PRODH, W, A",0x007006
0x007100,0x013,ram_013,read_write,,"ADDWFC ram_013, F, A",0x007006
0x007102,0x019,ram_019,read,,"MOVF ram_019, W, A",0x007006
0x007106,0xFF3,PRODL,read,,"MOVF PRODL, W, A",0x007006
0x007108,0x012,ram_012,read_write,,"ADDWF ram_012, F, A",0x007006
0x00710A,0xFF4,PRODH,read,,"MOVF PRODH, W, A",0x007006
0x00710C,0x013,ram_013,read_write,,"ADDWFC ram_013, F, A",0x007006
0x00710E,0x018,ram_018,read,,"MOVF ram_018, W, A",0x007006
0x007110,0x012,ram_012,read,,"ADDWF ram_012, W, A",0x007006
0x007112,0xFD9,FSR2L,write,,"MOVWF FSR2L, A",0x007006
0x007116,0x013,ram_013,read,,"ADDWFC ram_013, W, A",0x007006
0x007118,0xFDA,FSR2H,write,,"MOVWF FSR2H, A",0x007006
0x00711A,0x019,ram_019,read,,"MOVF ram_019, W, A",0x007006
0x007120,0x014,ram_014,write,,"MOVWF ram_014, A",0x007006
0x007124,0x015,ram_015,write,,"MOVWF ram_015, A",0x007006
0x007126,0xFF3,PRODL,read,,"MOVF PRODL, W, A",0x007006
0x007128,0x014,ram_014,read_write,,"ADDWF ram_014, F, A",0x007006
0x00712A,0xFF4,PRODH,read,,"MOVF PRODH, W, A",0x007006
0x00712C,0x015,ram_015,read_write,,"ADDWFC ram_015, F, A",0x007006
0x00712E,0x018,ram_018,read,,"MOVF ram_018, W, A",0x007006
0x007130,0x014,ram_014,read,,"ADDWF ram_014, W, A",0x007006
0x007132,0xFE1,FSR1L,write,,"MOVWF FSR1L, A",0x007006
0x007136,0x015,ram_015,read,,"ADDWFC ram_015, W, A",0x007006
0x007138,0xFE2,FSR1H,write,,"MOVWF FSR1H, A",0x007006
0x00713A,0xFDF,INDF2,read,,"MOVFF INDF2, INDF1",0x007006
0x00713A,0xFE7,INDF1,write,,"MOVFF INDF2, INDF1",0x007006
0x00713E,0x018,ram_018,read_write,,"INCF ram_018, F, A",0x007006
0x007142,0x018,ram_018,read,,"XORWF ram_018, W, A",0x007006
0x007148,0x012,ram_012,write,,"MOVWF ram_012, A",0x007006
0x00714C,0x013,ram_013,write,,"MOVWF ram_013, A",0x007006
0x00714E,0x017,ram_017,read,,"MOVF ram_017, W, A",0x007006
0x007150,0x012,ram_012,read_write,,"ADDWF ram_012, F, A",0x007006
0x007154,0x013,ram_013,read_write,,"ADDWFC ram_013, F, A",0x007006
0x007156,0x019,ram_019,read,,"MOVF ram_019, W, A",0x007006
0x007158,0x012,ram_012,read,,"ADDWF ram_012, W, A",0x007006
0x00715A,0xFD9,FSR2L,write,,"MOVWF FSR2L, A",0x007006
0x00715E,0x013,ram_013,read,,"ADDWFC ram_013, W, A",0x007006
0x007160,0xFDA,FSR2H,write,,"MOVWF FSR2H, A",0x007006
0x007164,0x019,ram_019,read,,"ADDWF ram_019, W, A",0x007006
0x007166,0xFE1,FSR1L,write,,"MOVWF FSR1L, A",0x007006
0x007168,0xFE2,FSR1H,write,,"CLRF FSR1H, A",0x007006
0x00716C,0xFE2,FSR1H,read_write,,"ADDWFC FSR1H, F, A",0x007006
0x00716E,0xFDF,INDF2,read,,"MOVFF INDF2, INDF1",0x007006
0x00716E,0xFE7,INDF1,write,,"MOVFF INDF2, INDF1",0x007006
0x007174,0x012,ram_012,write,,"MOVWF ram_012, A",0x007006
0x007178,0x013,ram_013,write,,"MOVWF ram_013, A",0x007006
0x00717A,0x017,ram_017,read,,"MOVF ram_017, W, A",0x007006
0x00717C,0x012,ram_012,read_write,,"ADDWF ram_012, F, A",0x007006
0x007180,0x013,ram_013,read_write,,"ADDWFC ram_013, F, A",0x007006
0x007182,0x019,ram_019,read,,"MOVF ram_019, W, A",0x007006
0x007184,0x012,ram_012,read,,"ADDWF ram_012, W, A",0x007006
0x007186,0xFD9,FSR2L,write,,"MOVWF FSR2L, A",0x007006
0x00718A,0x013,ram_013,read,,"ADDWFC ram_013, W, A",0x007006
0x00718C,0xFDA,FSR2H,write,,"MOVWF FSR2H, A",0x007006
0x007190,0x019,ram_019,read,,"ADDWF ram_019, W, A",0x007006
0x007192,0xFE1,FSR1L,write,,"MOVWF FSR1L, A",0x007006
0x007194,0xFE2,FSR1H,write,,"CLRF FSR1H, A",0x007006
0x007198,0xFE2,FSR1H,read_write,,"ADDWFC FSR1H, F, A",0x007006
0x00719A,0xFDF,INDF2,read,,"MOVFF INDF2, INDF1",0x007006
0x00719A,0xFE7,INDF1,write,,"MOVFF INDF2, INDF1",0x007006
0x00719E,0x019,ram_019,read_write,,"INCF ram_019, F, A",0x007006
0x0071A2,0x019,ram_019,read,,"XORWF ram_019, W, A",0x007006
0x0071AC,0x060,ram_060,write,,"SETF ram_060, B",0x0071AA
0x0071B0,0x44E,ram_44E,read,,"MOVF ram_44E, W, B",0x0071AA
0x0071B4,0x595,ram_595,read,,"XORWF ram_595, W, B",0x0071AA
0x0071BA,0x44F,ram_44F,read,,"MOVF ram_44F, W, B",0x0071AA
0x0071BE,0x596,ram_596,read,,"XORWF ram_596, W, B",0x0071AA
0x0071C4,0x595,ram_595,read,,"ADDWF ram_595, W, B",0x0071AA
0x0071C6,0xFD9,FSR2L,write,,"MOVWF FSR2L, A",0x0071AA
0x0071CA,0x596,ram_596,read,,"ADDWFC ram_596, W, B",0x0071AA
0x0071CC,0xFDA,FSR2H,write,,"MOVWF FSR2H, A",0x0071AA
0x0071CE,0xFDF,INDF2,read,,"MOVF INDF2, W, A",0x0071AA
0x0071D2,0x060,ram_060,write,,"MOVWF ram_060, B",0x0071AA
0x0071D6,0x595,ram_595,read_write,,"INFSNZ ram_595, F, B",0x0071AA
0x0071D8,0x596,ram_596,read_write,,"INCF ram_596, F, B",0x0071AA
0x0071DC,0x595,ram_595,read,,"XORWF ram_595, W, B",0x0071AA
0x0071E0,0x596,ram_596,read,,"DECF ram_596, W, B",0x0071AA
0x0071E4,0x595,ram_595,write,,"CLRF ram_595, B",0x0071AA
0x0071E6,0x596,ram_596,write,,"CLRF ram_596, B",0x0071AA
0x0071EC,0x060,ram_060,read,,"CPFSGT ram_060, B",0x0071AA
0x0071F2,0x060,ram_060,read,,"MOVFF ram_060, ram_45E",0x0071AA
0x0071F2,0x45E,ram_45E,write,,"MOVFF ram_060, ram_45E",0x0071AA
0x0071FC,0x45E,ram_45E,write,,"CLRF ram_45E, B",0x0071AA
0x0071FE,0x45D,ram_45D,write,,"CLRF ram_45D, B",0x0071AA
0x007202,0x060,ram_060,read,,"MOVF ram_060, W, B",0x0071AA
0x007204,0x02E,ram_02E,write,,"MOVWF ram_02E, A",0x0071AA
0x007206,0x02F,ram_02F,write,,"CLRF ram_02F, A",0x0071AA
0x007208,0x02F,ram_02F,read,,"MOVF ram_02F, W, A",0x0071AA
0x00720E,0x02E,ram_02E,read,,"MOVF ram_02E, W, A",0x0071AA
0x007224,0x45E,ram_45E,read,,"MOVF ram_45E, W, B",0x0071AA
0x00722C,0x45E,ram_45E,write,,"CLRF ram_45E, B",0x0071AA
0x007230,0x45E,ram_45E,write,,"CLRF ram_45E, B",0x0071AA
0x007232,0x060,ram_060,read,,"MOVFF ram_060, ram_5FA",0x0071AA
0x007232,0x5FA,ram_5FA,write,,"MOVFF ram_060, ram_5FA",0x0071AA
0x00723A,0x060,ram_060,read,,"INCF ram_060, W, B",0x0071AA
0x007240,0x060,ram_060,read,,"CPFSLT ram_060, B",0x0071AA
0x007246,0x029,ram_029,write,,"MOVWF ram_029, A",0x0071AA
0x007248,0x060,ram_060,read,,"MOVF ram_060, W, B",0x0071AA
0x007252,0x060,ram_060,read,,"CPFSLT ram_060, B",0x0071AA
0x007258,0x029,ram_029,write,,"MOVWF ram_029, A",0x0071AA
0x007260,0x012,ram_012,write,,"CLRF ram_012, A",0x0071AA
0x00726A,0x493,ram_493,read,,"MOVF ram_493, W, B",0x0071AA
0x007270,0x5A2,ram_5A2,write,,"CLRF ram_5A2, B",0x0071AA
0x007274,0x5A1,ram_5A1,write,,"MOVWF ram_5A1, B",0x0071AA
0x00727A,0x45D,ram_45D,read,,"CPFSLT ram_45D, B",0x0071AA
0x007280,0x45D,ram_45D,read,,"ADDWF ram_45D, W, B",0x0071AA
0x007282,0xFD9,FSR2L,write,,"MOVWF FSR2L, A",0x0071AA
0x007284,0xFDA,FSR2H,write,,"CLRF FSR2H, A",0x0071AA
0x007288,0xFDA,FSR2H,read_write,,"ADDWFC FSR2H, F, A",0x0071AA
0x00728C,0x060,ram_060,read,,"MOVF ram_060, W, B",0x0071AA
0x00728E,0xFDE,POSTINC2,read,,"XORWF POSTINC2, W, A",0x0071AA
0x007294,0x45D,ram_45D,read_write,,"INCF ram_45D, F, B",0x0071AA
0x00729A,0x45E,ram_45E,write,,"CLRF ram_45E, B",0x0071AA
0x00729C,0x45D,ram_45D,write,,"CLRF ram_45D, B",0x0071AA
0x0072A2,0x45D,ram_45D,read,,"ADDWF ram_45D, W, B",0x0071AA
0x0072A4,0xFD9,FSR2L,write,,"MOVWF FSR2L, A",0x0071AA
0x0072A6,0xFDA,FSR2H,write,,"CLRF FSR2H, A",0x0071AA
0x0072AA,0xFDA,FSR2H,read_write,,"ADDWFC FSR2H, F, A",0x0071AA
0x0072AC,0x060,ram_060,read,,"MOVFF ram_060, INDF2",0x0071AA
0x0072AC,0xFDF,INDF2,write,,"MOVFF ram_060, INDF2",0x0071AA
0x0072B0,0x45D,ram_45D,read_write,,"INCF ram_45D, F, B",0x0071AA
0x0072B6,0x5F1,ram_5F1,read,,"CPFSLT ram_5F1, B",0x0071AA
0x0072BE,0x45D,ram_45D,read,,"XORWF ram_45D, W, B",0x0071AA
0x0072C2,0x060,ram_060,read,,"MOVFF ram_060, ram_012",0x0071AA
0x0072C2,0x012,ram_012,write,,"MOVFF ram_060, ram_012",0x0071AA
0x0072C8,0x5F1,ram_5F1,read,,"MOVF ram_5F1, W, B",0x0071AA
0x0072D2,0x45D,ram_45D,read_write,,"SUBWF ram_45D, F, B",0x0071AA
0x0072D8,0x5F1,ram_5F1,read,,"XORWF ram_5F1, W, B",0x0071AA
0x0072E6,0x5F1,ram_5F1,read,,"XORWF ram_5F1, W, B",0x0071AA
0x0072F4,0x5F1,ram_5F1,read,,"CPFSGT ram_5F1, B",0x0071AA
0x0072FA,0x45D,ram_45D,write,,"MOVWF ram_45D, B",0x0071AA
0x0072FE,0x493,ram_493,read,,"MOVF ram_493, W, B",0x0071AA
0x007304,0x5A2,ram_5A2,write,,"CLRF ram_5A2, B",0x0071AA
0x007308,0x5A1,ram_5A1,write,,"MOVWF ram_5A1, B",0x0071AA
0x00730C,0x45E,ram_45E,read,,"MOVF ram_45E, W, B",0x0071AA
0x00730E,0x02E,ram_02E,write,,"MOVWF ram_02E, A",0x0071AA
0x007310,0x02F,ram_02F,write,,"CLRF ram_02F, A",0x0071AA
0x007312,0x02F,ram_02F,read,,"MOVF ram_02F, W, A",0x0071AA
0x007316,0x02E,ram_02E,read,,"MOVF ram_02E, W, A",0x0071AA
0x007326,0xFAB,RCSTA1,read,1,"BTFSS RCSTA1, 1, A",0x0071AA
0x00732A,0xFAB,RCSTA1,read_write,4,"BCF RCSTA1, 4, A",0x0071AA
0x00732C,0xFAB,RCSTA1,read_write,1,"BCF RCSTA1, 1, A",0x0071AA
0x00732E,0xFAB,RCSTA1,read_write,4,"BSF RCSTA1, 4, A",0x0071AA
0x007332,0x5FA,ram_5FA,read,,"MOVF ram_5FA, W, B",0x0071AA
0x007336,0x017,ram_017,write,,"CLRF ram_017, A",0x007336
0x00733A,0x016,ram_016,write,,"MOVWF ram_016, A",0x007336
0x00733C,0x454,ram_454,read,,"MOVFF ram_454, ram_014",0x007336
0x00733C,0x014,ram_014,write,,"MOVFF ram_454, ram_014",0x007336
0x007340,0x455,ram_455,read,,"MOVFF ram_455, ram_015",0x007336
0x007340,0x015,ram_015,write,,"MOVFF ram_455, ram_015",0x007336
0x007344,0x018,ram_018,write,,"CLRF ram_018, A",0x007336
0x007346,0x019,ram_019,write,,"CLRF ram_019, A",0x007336
0x007348,0xFD8,STATUS,read_write,0,"BCF STATUS, 0, A",0x007336
0x00734A,0x018,ram_018,read,,"RLCF ram_018, W, A",0x007336
0x00734C,0xFF6,TBLPTRL,write,,"MOVWF TBLPTRL, A",0x007336
0x00734E,0x019,ram_019,read,,"RLCF ram_019, W, A",0x007336
0x007350,0xFF7,TBLPTRH,write,,"MOVWF TBLPTRH, A",0x007336
0x007354,0xFF6,TBLPTRL,read_write,,"ADDWF TBLPTRL, F, A",0x007336
0x007358,0xFF7,TBLPTRH,read_write,,"ADDWFC TBLPTRH, F, A",0x007336
0x00735C,0xFF5,TABLAT,read,,"MOVFF TABLAT, ram_012",0x007336
0x00735C,0x012,ram_012,write,,"MOVFF TABLAT, ram_012",0x007336
0x007362,0xFF5,TABLAT,read,,"MOVFF TABLAT, ram_013",0x007336
0x007362,0x013,ram_013,write,,"MOVFF TABLAT, ram_013",0x007336
0x007366,0x014,ram_014,read,,"MOVF ram_014, W, A",0x007336
0x007368,0x012,ram_012,read_write,,"ANDWF ram_012, F, A",0x007336
0x00736A,0x015,ram_015,read,,"MOVF ram_015, W, A",0x007336
0x00736C,0x013,ram_013,read_write,,"ANDWF ram_013, F, A",0x007336
0x00736E,0x012,ram_012,read,,"MOVF ram_012, W, A",0x007336
0x007370,0x013,ram_013,read,,"IORWF ram_013, W, A",0x007336
0x007374,0xFD8,STATUS,read_write,0,"BCF STATUS, 0, A",0x007336
0x007376,0x018,ram_018,read,,"RLCF ram_018, W, A",0x007336
0x007378,0xFD9,FSR2L,write,,"MOVWF FSR2L, A",0x007336
0x00737A,0x019,ram_019,read,,"RLCF ram_019, W, A",0x007336
0x00737C,0xFDA,FSR2H,write,,"MOVWF FSR2H, A",0x007336
0x007380,0xFD9,FSR2L,read_write,,"ADDWF FSR2L, F, A",0x007336
0x007384,0xFDA,FSR2H,read_write,,"ADDWFC FSR2H, F, A",0x007336
0x007386,0xFDE,POSTINC2,read,,"MOVF POSTINC2, W, A",0x007336
0x007388,0xFDE,POSTINC2,read,,"IORWF POSTINC2, W, A",0x007336
0x00738C,0xFD8,STATUS,read_write,0,"BCF STATUS, 0, A",0x007336
0x00738E,0x018,ram_018,read,,"RLCF ram_018, W, A",0x007336
0x007390,0xFF6,TBLPTRL,write,,"MOVWF TBLPTRL, A",0x007336
0x007392,0x019,ram_019,read,,"RLCF ram_019, W, A",0x007336
0x007394,0xFF7,TBLPTRH,write,,"MOVWF TBLPTRH, A",0x007336
0x007398,0xFF6,TBLPTRL,read_write,,"ADDWF TBLPTRL, F, A",0x007336
0x00739C,0xFF7,TBLPTRH,read_write,,"ADDWFC TBLPTRH, F, A",0x007336
0x0073A0,0xFF5,TABLAT,read,,"MOVFF TABLAT, ram_012",0x007336
0x0073A0,0x012,ram_012,write,,"MOVFF TABLAT, ram_012",0x007336
0x0073A6,0xFF5,TABLAT,read,,"MOVFF TABLAT, ram_013",0x007336
0x0073A6,0x013,ram_013,write,,"MOVFF TABLAT, ram_013",0x007336
0x0073AC,0x4E8,ram_4E8,read,,"MOVF ram_4E8, W, B",0x007336
0x0073AE,0x012,ram_012,read_write,,"ANDWF ram_012, F, A",0x007336
0x0073B0,0x4E9,ram_4E9,read,,"MOVF ram_4E9, W, B",0x007336
0x0073B2,0x013,ram_013,read_write,,"ANDWF ram_013, F, A",0x007336
0x0073B4,0x012,ram_012,read,,"MOVF ram_012, W, A",0x007336
0x0073B6,0x013,ram_013,read,,"IORWF ram_013, W, A",0x007336
0x0073BA,0xFD8,STATUS,read_write,0,"BCF STATUS, 0, A",0x007336
0x0073BC,0x018,ram_018,read,,"RLCF ram_018, W, A",0x007336
0x0073BE,0xFD9,FSR2L,write,,"MOVWF FSR2L, A",0x007336
0x0073C0,0x019,ram_019,read,,"RLCF ram_019, W, A",0x007336
0x0073C2,0xFDA,FSR2H,write,,"MOVWF FSR2H, A",0x007336
0x0073C6,0xFD9,FSR2L,read_write,,"ADDWF FSR2L, F, A",0x007336
0x0073CA,0xFDA,FSR2H,read_write,,"ADDWFC FSR2H, F, A",0x007336
0x0073CE,0xFDE,POSTINC2,write,,"MOVWF POSTINC2, A",0x007336
0x0073D0,0xFDD,POSTDEC2,write,,"CLRF POSTDEC2, A",0x007336
0x0073D2,0xFD8,STATUS,read_write,0,"BCF STATUS, 0, A",0x007336
0x0073D4,0x018,ram_018,read,,"RLCF ram_018, W, A",0x007336
0x0073D6,0xFD9,FSR2L,write,,"MOVWF FSR2L, A",0x007336
0x0073D8,0x019,ram_019,read,,"RLCF ram_019, W, A",0x007336
0x0073DA,0xFDA,FSR2H,write,,"MOVWF FSR2H, A",0x007336
0x0073DE,0xFD9,FSR2L,read_write,,"ADDWF FSR2L, F, A",0x007336
0x0073E2,0xFDA,FSR2H,read_write,,"ADDWFC FSR2H, F, A",0x007336
0x0073E4,0xFDE,POSTINC2,read,,"MOVF POSTINC2, W, A",0x007336
0x0073E6,0xFDE,POSTINC2,read,,"IORWF POSTINC2, W, A",0x007336
0x0073EA,0xFD8,STATUS,read_write,0,"BCF STATUS, 0, A",0x007336
0x0073EC,0x018,ram_018,read,,"RLCF ram_018, W, A",0x007336
0x0073EE,0xFD9,FSR2L,write,,"MOVWF FSR2L, A",0x007336
0x0073F0,0x019,ram_019,read,,"RLCF ram_019, W, A",0x007336
0x0073F2,0xFDA,FSR2H,write,,"MOVWF FSR2H, A",0x007336
0x0073F6,0xFD9,FSR2L,read_write,,"ADDWF FSR2L, F, A",0x007336
0x0073FA,0xFDA,FSR2H,read_write,,"ADDWFC FSR2H, F, A",0x007336
0x0073FC,0xFDE,POSTINC2,read_write,,"INCF POSTINC2, F, A",0x007336
0x007400,0xFDD,POSTDEC2,read_write,,"ADDWFC POSTDEC2, F, A",0x007336
0x007402,0xFD8,STATUS,read_write,0,"BCF STATUS, 0, A",0x007336
0x007404,0x018,ram_018,read,,"RLCF ram_018, W, A",0x007336
0x007406,0xFD9,FSR2L,write,,"MOVWF FSR2L, A",0x007336
0x007408,0x019,ram_019,read,,"RLCF ram_019, W, A",0x007336
0x00740A,0xFDA,FSR2H,write,,"MOVWF FSR2H, A",0x007336
0x00740E,0xFD9,FSR2L,read_write,,"ADDWF FSR2L, F, A",0x007336
0x007412,0xFDA,FSR2H,read_write,,"ADDWFC FSR2H, F, A",0x007336
0x007414,0x016,ram_016,read,,"MOVF ram_016, W, A",0x007336
0x007416,0xFDE,POSTINC2,read,,"SUBWF POSTINC2, W, A",0x007336
0x007418,0x017,ram_017,read,,"MOVF ram_017, W, A",0x007336
0x00741A,0xFDE,POSTINC2,read,,"SUBWFB POSTINC2, W, A",0x007336
0x00741E,0xFD8,STATUS,read_write,0,"BCF STATUS, 0, A",0x007336
0x007420,0x018,ram_018,read,,"RLCF ram_018, W, A",0x007336
0x007422,0xFD9,FSR2L,write,,"MOVWF FSR2L, A",0x007336
0x007424,0x019,ram_019,read,,"RLCF ram_019, W, A",0x007336
0x007426,0xFDA,FSR2H,write,,"MOVWF FSR2H, A",0x007336
0x00742A,0xFD9,FSR2L,read_write,,"ADDWF FSR2L, F, A",0x007336
0x00742E,0xFDA,FSR2H,read_write,,"ADDWFC FSR2H, F, A",0x007336
0x007430,0x016,ram_016,read,,"MOVFF ram_016, POSTINC2",0x007336
0x007430,0xFDE,POSTINC2,write,,"MOVFF ram_016, POSTINC2",0x007336
0x007434,0x017,ram_017,read,,"MOVFF ram_017, POSTDEC2",0x007336
0x007434,0xFDD,POSTDEC2,write,,"MOVFF ram_017, POSTDEC2",0x007336
0x007438,0xFD8,STATUS,read_write,0,"BCF STATUS, 0, A",0x007336
0x00743A,0x018,ram_018,read,,"RLCF ram_018, W, A",0x007336
0x00743C,0xFF6,TBLPTRL,write,,"MOVWF TBLPTRL, A",0x007336
0x00743E,0x019,ram_019,read,,"RLCF ram_019, W, A",0x007336
0x007440,0xFF7,TBLPTRH,write,,"MOVWF TBLPTRH, A",0x007336
0x007444,0xFF6,TBLPTRL,read_write,,"ADDWF TBLPTRL, F, A",0x007336
0x007448,0xFF7,TBLPTRH,read_write,,"ADDWFC TBLPTRH, F, A",0x007336
0x00744C,0xFF5,TABLAT,read,,"MOVFF TABLAT, ram_012",0x007336
0x00744C,0x012,ram_012,write,,"MOVFF TABLAT, ram_012",0x007336
0x007452,0xFF5,TABLAT,read,,"MOVFF TABLAT, ram_013",0x007336
0x007452,0x013,ram_013,write,,"MOVFF TABLAT, ram_013",0x007336
0x007456,0x014,ram_014,read,,"MOVF ram_014, W, A",0x007336
0x007458,0x012,ram_012,read_write,,"ANDWF ram_012, F, A",0x007336
0x00745A,0x015,ram_015,read,,"MOVF ram_015, W, A",0x007336
0x00745C,0x013,ram_013,read_write,,"ANDWF ram_013, F, A",0x007336
0x00745E,0x012,ram_012,read,,"MOVF ram_012, W, A",0x007336
0x007460,0x013,ram_013,read,,"IORWF ram_013, W, A",0x007336
0x007464,0xFD8,STATUS,read_write,0,"BCF STATUS, 0, A",0x007336
0x007466,0x018,ram_018,read,,"RLCF ram_018, W, A",0x007336
0x007468,0xFD9,FSR2L,write,,"MOVWF FSR2L, A",0x007336
0x00746A,0x019,ram_019,read,,"RLCF ram_019, W, A",0x007336
0x00746C,0xFDA,FSR2H,write,,"MOVWF FSR2H, A",0x007336
0x007470,0xFD9,FSR2L,read_write,,"ADDWF FSR2L, F, A",0x007336
0x007474,0xFDA,FSR2H,read_write,,"ADDWFC FSR2H, F, A",0x007336
0x007476,0xFDE,POSTINC2,write,,"CLRF POSTINC2, A",0x007336
0x007478,0xFDD,POSTDEC2,write,,"CLRF POSTDEC2, A",0x007336
0x00747A,0xFD8,STATUS,read_write,0,"BCF STATUS, 0, A",0x007336
0x00747C,0x018,ram_018,read,,"RLCF ram_018, W, A",0x007336
0x00747E,0xFF6,TBLPTRL,write,,"MOVWF TBLPTRL, A",0x007336
0x007480,0x019,ram_019,read,,"RLCF ram_019, W, A",0x007336
0x007482,0xFF7,TBLPTRH,write,,"MOVWF TBLPTRH, A",0x007336
0x007486,0xFF6,TBLPTRL,read_write,,"ADDWF TBLPTRL, F, A",0x007336
0x00748A,0xFF7,TBLPTRH,read_write,,"ADDWFC TBLPTRH, F, A",0x007336
0x00748E,0xFF5,TABLAT,read,,"MOVFF TABLAT, ram_012",0x007336
0x00748E,0x012,ram_012,write,,"MOVFF TABLAT, ram_012",0x007336
0x007494,0xFF5,TABLAT,read,,"MOVFF TABLAT, ram_013",0x007336
0x007494,0x013,ram_013,write,,"MOVFF TABLAT, ram_013",0x007336
0x007498,0x012,ram_012,read,,"MOVF ram_012, W, A",0x007336
0x00749C,0x4E8,ram_4E8,read_write,,"IORWF ram_4E8, F, B",0x007336
0x00749E,0x013,ram_013,read,,"MOVF ram_013, W, A",0x007336
0x0074A0,0x4E9,ram_4E9,read_write,,"IORWF ram_4E9, F, B",0x007336
0x0074A2,0x018,ram_018,read_write,,"INFSNZ ram_018, F, A",0x007336
0x0074A4,0x019,ram_019,read_write,,"INCF ram_019, F, A",0x007336
0x0074A8,0x018,ram_018,read,,"XORWF ram_018, W, A",0x007336
0x0074AA,0x019,ram_019,read,,"IORWF ram_019, W, A",0x007336
0x0074B4,0x7EE,ram_7EE,write,,"CLRF ram_7EE, B",0x0074B2
0x0074B6,0x7EF,ram_7EF,write,,"CLRF ram_7EF, B",0x0074B2
0x0074B8,0x7F1,ram_7F1,write,,"CLRF ram_7F1, B",0x0074B2
0x0074BC,0x7F0,ram_7F0,write,,"MOVWF ram_7F0, B",0x0074B2
0x0074BE,0x7F3,ram_7F3,write,,"CLRF ram_7F3, B",0x0074B2
0x0074C0,0x7F4,ram_7F4,write,,"CLRF ram_7F4, B",0x0074B2
0x0074C2,0x7F5,ram_7F5,write,,"CLRF ram_7F5, B",0x0074B2
0x0074C4,0x7F6,ram_7F6,write,,"CLRF ram_7F6, B",0x0074B2
0x0074C8,0x7ED,ram_7ED,write,,"MOVWF ram_7ED, B",0x0074B2
0x0074CC,0x7EC,ram_7EC,write,,"MOVWF ram_7EC, B",0x0074B2
0x0074D2,0xF51,T4CON,read_write,,"IORWF T4CON, F, B",0x0074B2
0x0074D6,0xF51,T4CON,read_write,,"IORWF T4CON, F, B",0x0074B2
0x0074D8,0xF53,TMR4,write,,"CLRF TMR4, B",0x0074B2
0x0074E0,0x7F2,ram_7F2,write,,"MOVWF ram_7F2, B",0x0074B2
0x0074E2,0xF8C,LATD,read_write,3,"BCF LATD, 3, A",0x0074B2
0x0074E4,0xF8B,LATC,read_write,4,"BCF LATC, 4, A",0x0074B2
0x0074E6,0xF8B,LATC,read_write,3,"BCF LATC, 3, A",0x0074B2
0x0074E8,0xF8C,LATD,read_write,0,"BCF LATD, 0, A",0x0074B2
0x0074EA,0xF8C,LATD,read_write,1,"BCF LATD, 1, A",0x0074B2
0x0074EE,0x7F3,ram_7F3,read_write,,"XORWF ram_7F3, F, B",0x0074B2
0x0074F0,0x7F3,ram_7F3,read,,"MOVFF ram_7F3, ram_012",0x0074B2
0x0074F0,0x012,ram_012,write,,"MOVFF ram_7F3, ram_012",0x0074B2
0x0074F4,0x7F4,ram_7F4,read,,"MOVFF ram_7F4, ram_013",0x0074B2
0x0074F4,0x013,ram_013,write,,"MOVFF ram_7F4, ram_013",0x0074B2
0x007502,0x7F2,ram_7F2,read,,"ANDWF ram_7F2, W, B",0x0074B2
0x007506,0xF8C,LATD,read_write,3,"BSF LATD, 3, A",0x0074B2
0x007508,0xF8B,LATC,read_write,4,"BSF LATC, 4, A",0x0074B2
0x00750A,0xF8B,LATC,read_write,3,"BSF LATC, 3, A",0x0074B2
0x00750C,0xF8C,LATD,read_write,0,"BSF LATD, 0, A",0x0074B2
0x00750E,0xF8C,LATD,read_write,1,"BSF LATD, 1, A",0x0074B2
0x007512,0xFF6,TBLPTRL,write,,"MOVWF TBLPTRL, A",0x0074B2
0x007516,0xFF7,TBLPTRH,write,,"MOVWF TBLPTRH, A",0x0074B2
0x00751A,0xFF5,TABLAT,read,,"MOVFF TABLAT, ram_7F3",0x0074B2
0x00751A,0x7F3,ram_7F3,write,,"MOVFF TABLAT, ram_7F3",0x0074B2
0x007520,0xFF5,TABLAT,read,,"MOVFF TABLAT, ram_7F4",0x0074B2
0x007520,0x7F4,ram_7F4,write,,"MOVFF TABLAT, ram_7F4",0x0074B2
0x007526,0x7F5,ram_7F5,read_write,,"INFSNZ ram_7F5, F, B",0x0074B2
0x007528,0x7F6,ram_7F6,read_write,,"INCF ram_7F6, F, B",0x0074B2
0x00752A,0x7F5,ram_7F5,read,,"MOVF ram_7F5, W, B",0x0074B2
0x00752C,0x7EC,ram_7EC,read,,"SUBWF ram_7EC, W, B",0x0074B2
0x00752E,0x7F6,ram_7F6,read,,"MOVF ram_7F6, W, B",0x0074B2
0x007530,0x7ED,ram_7ED,read,,"SUBWFB ram_7ED, W, B",0x0074B2
0x007536,0x7EF,ram_7EF,read_write,,"XORWF ram_7EF, F, B",0x0074B2
0x007538,0x7F5,ram_7F5,write,,"CLRF ram_7F5, B",0x0074B2
0x00753A,0x7F6,ram_7F6,write,,"CLRF ram_7F6, B",0x0074B2
0x00753C,0x7EF,ram_7EF,read,,"MOVF ram_7EF, W, B",0x0074B2
0x007542,0xFF6,TBLPTRL,write,,"MOVWF TBLPTRL, A",0x0074B2
0x007546,0xFF7,TBLPTRH,write,,"MOVWF TBLPTRH, A",0x0074B2
0x00754A,0xFF5,TABLAT,read,,"MOVFF TABLAT, ram_5FE",0x0074B2
0x00754A,0x5FE,ram_5FE,write,,"MOVFF TABLAT, ram_5FE",0x0074B2
0x007550,0xFF5,TABLAT,read,,"MOVFF TABLAT, ram_5FF",0x0074B2
0x007550,0x5FF,ram_5FF,write,,"MOVFF TABLAT, ram_5FF",0x0074B2
0x007556,0x5FE,ram_5FE,read,,"MOVF ram_5FE, W, B",0x0074B2
0x00755A,0x7F3,ram_7F3,read_write,,"IORWF ram_7F3, F, B",0x0074B2
0x00755E,0x5FF,ram_5FF,read,,"MOVF ram_5FF, W, B",0x0074B2
0x007562,0x7F4,ram_7F4,read_write,,"IORWF ram_7F4, F, B",0x0074B2
0x007564,0x7EE,ram_7EE,read,,"MOVF ram_7EE, W, B",0x0074B2
0x00756A,0xFF3,PRODL,read_write,,"ADDWF PRODL, F, A",0x0074B2
0x00756E,0xFF4,PRODH,read_write,,"ADDWFC PRODH, F, A",0x0074B2
0x007572,0xFF3,PRODL,read,,"ADDWF PRODL, W, A",0x0074B2
0x007574,0xFF6,TBLPTRL,write,,"MOVWF TBLPTRL, A",0x0074B2
0x007578,0xFF4,PRODH,read,,"ADDWFC PRODH, W, A",0x0074B2
0x00757A,0xFF7,TBLPTRH,write,,"MOVWF TBLPTRH, A",0x0074B2
0x00757E,0xFF5,TABLAT,read,,"MOVFF TABLAT, ram_5FE",0x0074B2
0x00757E,0x5FE,ram_5FE,write,,"MOVFF TABLAT, ram_5FE",0x0074B2
0x007584,0xFF5,TABLAT,read,,"MOVFF TABLAT, ram_5FF",0x0074B2
0x007584,0x5FF,ram_5FF,write,,"MOVFF TABLAT, ram_5FF",0x0074B2
0x00758A,0x5FE,ram_5FE,read,,"MOVF ram_5FE, W, B",0x0074B2
0x00758E,0x7F3,ram_7F3,read_write,,"IORWF ram_7F3, F, B",0x0074B2
0x007592,0x5FF,ram_5FF,read,,"MOVF ram_5FF, W, B",0x0074B2
0x007596,0x7F4,ram_7F4,read_write,,"IORWF ram_7F4, F, B",0x0074B2
0x00759A,0x7EE,ram_7EE,read_write,,"XORWF ram_7EE, F, B",0x0074B2
0x00759C,0x7F0,ram_7F0,read,,"MOVF ram_7F0, W, B",0x0074B2
0x00759E,0x7F3,ram_7F3,read_write,,"XORWF ram_7F3, F, B",0x0074B2
0x0075A0,0x7F1,ram_7F1,read,,"MOVF ram_7F1, W, B",0x0074B2
0x0075A2,0x7F4,ram_7F4,read_write,,"XORWF ram_7F4, F, B",0x0074B2
0x0075A4,0x7F3,ram_7F3,read,,"MOVFF ram_7F3, ram_012",0x0074B2
0x0075A4,0x012,ram_012,write,,"MOVFF ram_7F3, ram_012",0x0074B2
0x0075A8,0x7F4,ram_7F4,read,,"MOVFF ram_7F4, ram_013",0x0074B2
0x0075A8,0x013,ram_013,write,,"MOVFF ram_7F4, ram_013",0x0074B2
0x0075B6,0x7F2,ram_7F2,write,,"MOVWF ram_7F2, B",0x0074B2
0x0075BA,0xF8A,LATB,read_write,5,"BCF LATB, 5, A",0x0074B2
0x0075C0,0xF82,PORTC,read,2,"BTFSS PORTC, 2, A",0x0074B2
0x0075C2,0xF82,PORTC,read,5,"BTFSS PORTC, 5, A",0x0074B2
0x0075C6,0xF83,PORTD,read,7,"BTFSC PORTD, 7, A",0x0074B2
0x0075C8,0xF82,PORTC,read,1,"BTFSS PORTC, 1, A",0x0074B2
0x0075CC,0xF82,PORTC,read,6,"BTFSC PORTC, 6, A",0x0074B2
0x0075CE,0xF83,PORTD,read,6,"BTFSS PORTD, 6, A",0x0074B2
0x0075D2,0xF82,PORTC,read,0,"BTFSC PORTC, 0, A",0x0074B2
0x0075D4,0xF84,PORTE,read,2,"BTFSS PORTE, 2, A",0x0074B2
0x0075EA,0xF82,PORTC,read,2,"BTFSC PORTC, 2, A",0x0074B2
0x0075EC,0xF82,PORTC,read,5,"BTFSS PORTC, 5, A",0x0074B2
0x0075F0,0xF83,PORTD,read,7,"BTFSC PORTD, 7, A",0x0074B2
0x0075F2,0xF82,PORTC,read,1,"BTFSC PORTC, 1, A",0x0074B2
0x0075F6,0xF82,PORTC,read,6,"BTFSC PORTC, 6, A",0x0074B2
0x0075F8,0xF83,PORTD,read,6,"BTFSS PORTD, 6, A",0x0074B2
0x0075FC,0xF82,PORTC,read,0,"BTFSC PORTC, 0, A",0x0074B2
0x0075FE,0xF84,PORTE,read,2,"BTFSS PORTE, 2, A",0x0074B2
0x007604,0x7F2,ram_7F2,read,,"MOVF ram_7F2, W, B",0x0074B2
0x007608,0x5FE,ram_5FE,write,,"MOVWF ram_5FE, B",0x0074B2
0x00760A,0x5FF,ram_5FF,write,,"CLRF ram_5FF, B",0x0074B2
0x00760C,0x5FF,ram_5FF,read,,"MOVF ram_5FF, W, B",0x0074B2
0x00760E,0xFD8,STATUS,read,2,"BTFSS STATUS, 2, A",0x0074B2
0x007612,0x5FE,ram_5FE,read,,"MOVF ram_5FE, W, B",0x0074B2
0x007626,0x02A,ram_02A,write,,"CLRF ram_02A, A",0x007626
0x007628,0x02B,ram_02B,write,,"CLRF ram_02B, A",0x007626
0x00762A,0x028,ram_028,read,,"MOVFF ram_028, ram_060",0x007626
0x00762A,0x060,ram_060,write,,"MOVFF ram_028, ram_060",0x007626
0x00762E,0x029,ram_029,read,,"MOVFF ram_029, ram_061",0x007626
0x00762E,0x061,ram_061,write,,"MOVFF ram_029, ram_061",0x007626
0x00763E,0x024,ram_024,read,,"MULWF ram_024, A",0x007626
0x007640,0xFF3,PRODL,read,,"MOVFF PRODL, ram_064",0x007626
0x007640,0x064,ram_064,write,,"MOVFF PRODL, ram_064",0x007626
0x007644,0xFF4,PRODH,read,,"MOVFF PRODH, ram_065",0x007626
0x007644,0x065,ram_065,write,,"MOVFF PRODH, ram_065",0x007626
0x00764C,0x025,ram_025,read,,"MULWF ram_025, A",0x007626
0x00764E,0xFF3,PRODL,read,,"MOVF PRODL, W, A",0x007626
0x007652,0xFF4,PRODH,read,,"MOVF PRODH, W, A",0x007626
0x00765C,0x024,ram_024,read,,"MULWF ram_024, A",0x007626
0x00765E,0xFF3,PRODL,read,,"MOVF PRODL, W, A",0x007626
0x007662,0xFF4,PRODH,read,,"MOVF PRODH, W, A",0x007626
0x00766C,0x026,ram_026,read,,"MULWF ram_026, A",0x007626
0x00766E,0xFF3,PRODL,read,,"MOVF PRODL, W, A",0x007626
0x007672,0xFF4,PRODH,read,,"MOVF PRODH, W, A",0x007626
0x007678,0x025,ram_025,read,,"MULWF ram_025, A",0x007626
0x00767A,0xFF3,PRODL,read,,"MOVF PRODL, W, A",0x007626
0x00767E,0xFF4,PRODH,read,,"MOVF PRODH, W, A",0x007626
0x007684,0x024,ram_024,read,,"MULWF ram_024, A",0x007626
0x007686,0xFF3,PRODL,read,,"MOVF PRODL, W, A",0x007626
0x00768A,0xFF4,PRODH,read,,"MOVF PRODH, W, A",0x007626
0x00768E,0x027,ram_027,read,,"MOVF ram_027, W, A",0x007626
0x007692,0xFF3,PRODL,read,,"MOVF PRODL, W, A",0x007626
0x007698,0x026,ram_026,read,,"MULWF ram_026, A",0x007626
0x00769A,0xFF3,PRODL,read,,"MOVF PRODL, W, A",0x007626
0x0076A0,0x025,ram_025,read,,"MULWF ram_025, A",0x007626
0x0076A2,0xFF3,PRODL,read,,"MOVF PRODL, W, A",0x007626
0x0076A8,0x024,ram_024,read,,"MULWF ram_024, A",0x007626
0x0076AA,0xFF3,PRODL,read,,"MOVF PRODL, W, A",0x007626
0x0076AE,0x064,ram_064,read,,"MOVFF ram_064, ram_02C",0x007626
0x0076AE,0x02C,ram_02C,write,,"MOVFF ram_064, ram_02C",0x007626
0x0076B2,0x065,ram_065,read,,"MOVFF ram_065, ram_02D",0x007626
0x0076B2,0x02D,ram_02D,write,,"MOVFF ram_065, ram_02D",0x007626
0x0076B6,0x066,ram_066,read,,"MOVFF ram_066, ram_02E",0x007626
0x0076B6,0x02E,ram_02E,write,,"MOVFF ram_066, ram_02E",0x007626
0x0076BA,0x067,ram_067,read,,"MOVFF ram_067, ram_02F",0x007626
0x0076BA,0x02F,ram_02F,write,,"MOVFF ram_067, ram_02F",0x007626
0x0076BE,0x020,ram_020,read,,"MOVFF ram_020, ram_012",0x007626
0x0076BE,0x012,ram_012,write,,"MOVFF ram_020, ram_012",0x007626
0x0076C2,0x021,ram_021,read,,"MOVFF ram_021, ram_013",0x007626
0x0076C2,0x013,ram_013,write,,"MOVFF ram_021, ram_013",0x007626
0x0076C6,0x022,ram_022,read,,"MOVFF ram_022, ram_014",0x007626
0x0076C6,0x014,ram_014,write,,"MOVFF ram_022, ram_014",0x007626
0x0076CA,0x023,ram_023,read,,"MOVFF ram_023, ram_015",0x007626
0x0076CA,0x015,ram_015,write,,"MOVFF ram_023, ram_015",0x007626
0x0076D0,0x016,ram_016,write,,"MOVWF ram_016, A",0x007626
0x0076D2,0x017,ram_017,write,,"CLRF ram_017, A",0x007626
0x0076D4,0x018,ram_018,write,,"CLRF ram_018, A",0x007626
0x0076D6,0x019,ram_019,write,,"CLRF ram_019, A",0x007626
0x0076DC,0x012,ram_012,read,,"MOVFF ram_012, ram_060",0x007626
0x0076DC,0x060,ram_060,write,,"MOVFF ram_012, ram_060",0x007626
0x0076E0,0x013,ram_013,read,,"MOVFF ram_013, ram_061",0x007626
0x0076E0,0x061,ram_061,write,,"MOVFF ram_013, ram_061",0x007626
0x0076E4,0x014,ram_014,read,,"MOVFF ram_014, ram_062",0x007626
0x0076E4,0x062,ram_062,write,,"MOVFF ram_014, ram_062",0x007626
0x0076E8,0x015,ram_015,read,,"MOVFF ram_015, ram_063",0x007626
0x0076E8,0x063,ram_063,write,,"MOVFF ram_015, ram_063",0x007626
0x0076EC,0x02C,ram_02C,read,,"MOVFF ram_02C, ram_012",0x007626
0x0076EC,0x012,ram_012,write,,"MOVFF ram_02C, ram_012",0x007626
0x0076F0,0x02D,ram_02D,read,,"MOVFF ram_02D, ram_013",0x007626
0x0076F0,0x013,ram_013,write,,"MOVFF ram_02D, ram_013",0x007626
0x0076F4,0x02E,ram_02E,read,,"MOVFF ram_02E, ram_014",0x007626
0x0076F4,0x014,ram_014,write,,"MOVFF ram_02E, ram_014",0x007626
0x0076F8,0x02F,ram_02F,read,,"MOVFF ram_02F, ram_015",0x007626
0x0076F8,0x015,ram_015,write,,"MOVFF ram_02F, ram_015",0x007626
0x0076FC,0x020,ram_020,read,,"MOVFF ram_020, ram_016",0x007626
0x0076FC,0x016,ram_016,write,,"MOVFF ram_020, ram_016",0x007626
0x007700,0x021,ram_021,read,,"MOVFF ram_021, ram_017",0x007626
0x007700,0x017,ram_017,write,,"MOVFF ram_021, ram_017",0x007626
0x007704,0x022,ram_022,read,,"MOVFF ram_022, ram_018",0x007626
0x007704,0x018,ram_018,write,,"MOVFF ram_022, ram_018",0x007626
0x007708,0x023,ram_023,read,,"MOVFF ram_023, ram_019",0x007626
0x007708,0x019,ram_019,write,,"MOVFF ram_023, ram_019",0x007626
0x007710,0x012,ram_012,read,,"MOVF ram_012, W, A",0x007626
0x007714,0x060,ram_060,read,,"SUBWF ram_060, W, B",0x007626
0x007716,0x013,ram_013,read,,"MOVF ram_013, W, A",0x007626
0x007718,0x061,ram_061,read,,"SUBWFB ram_061, W, B",0x007626
0x00771A,0x014,ram_014,read,,"MOVF ram_014, W, A",0x007626
0x00771C,0x062,ram_062,read,,"SUBWFB ram_062, W, B",0x007626
0x00771E,0x063,ram_063,read,,"MOVF ram_063, W, B",0x007626
0x007722,0x064,ram_064,write,,"MOVWF ram_064, B",0x007626
0x007724,0x015,ram_015,read,,"MOVF ram_015, W, A",0x007626
0x007728,0x064,ram_064,read,,"SUBWFB ram_064, W, B",0x007626
0x00772C,0x02B,ram_02B,write,,"CLRF ram_02B, A",0x007626
0x007730,0x02A,ram_02A,write,,"MOVWF ram_02A, A",0x007626
0x007734,0x02A,ram_02A,write,,"CLRF ram_02A, A",0x007626
0x007736,0x02B,ram_02B,write,,"CLRF ram_02B, A",0x007626
0x007738,0x02C,ram_02C,read,,"MOVFF ram_02C, ram_012",0x007626
0x007738,0x012,ram_012,write,,"MOVFF ram_02C, ram_012",0x007626
0x00773C,0x02D,ram_02D,read,,"MOVFF ram_02D, ram_013",0x007626
0x00773C,0x013,ram_013,write,,"MOVFF ram_02D, ram_013",0x007626
0x007740,0x02E,ram_02E,read,,"MOVFF ram_02E, ram_014",0x007626
0x007740,0x014,ram_014,write,,"MOVFF ram_02E, ram_014",0x007626
0x007744,0x02F,ram_02F,read,,"MOVFF ram_02F, ram_015",0x007626
0x007744,0x015,ram_015,write,,"MOVFF ram_02F, ram_015",0x007626
0x007748,0x020,ram_020,read,,"MOVFF ram_020, ram_016",0x007626
0x007748,0x016,ram_016,write,,"MOVFF ram_020, ram_016",0x007626
0x00774C,0x021,ram_021,read,,"MOVFF ram_021, ram_017",0x007626
0x00774C,0x017,ram_017,write,,"MOVFF ram_021, ram_017",0x007626
0x007750,0x022,ram_022,read,,"MOVFF ram_022, ram_018",0x007626
0x007750,0x018,ram_018,write,,"MOVFF ram_022, ram_018",0x007626
0x007754,0x023,ram_023,read,,"MOVFF ram_023, ram_019",0x007626
0x007754,0x019,ram_019,write,,"MOVFF ram_023, ram_019",0x007626
0x00775C,0x012,ram_012,read,,"MOVFF ram_012, ram_02C",0x007626
0x00775C,0x02C,ram_02C,write,,"MOVFF ram_012, ram_02C",0x007626
0x007760,0x013,ram_013,read,,"MOVFF ram_013, ram_02D",0x007626
0x007760,0x02D,ram_02D,write,,"MOVFF ram_013, ram_02D",0x007626
0x007764,0x014,ram_014,read,,"MOVFF ram_014, ram_02E",0x007626
0x007764,0x02E,ram_02E,write,,"MOVFF ram_014, ram_02E",0x007626
0x007768,0x015,ram_015,read,,"MOVFF ram_015, ram_02F",0x007626
0x007768,0x02F,ram_02F,write,,"MOVFF ram_015, ram_02F",0x007626
0x00776C,0x02A,ram_02A,read,,"MOVFF ram_02A, ram_060",0x007626
0x00776C,0x060,ram_060,write,,"MOVFF ram_02A, ram_060",0x007626
0x007770,0x02B,ram_02B,read,,"MOVFF ram_02B, ram_061",0x007626
0x007770,0x061,ram_061,write,,"MOVFF ram_02B, ram_061",0x007626
0x007778,0x061,ram_061,read,7,"BTFSC ram_061, 7, B",0x007626
0x00777C,0x062,ram_062,write,,"MOVWF ram_062, B",0x007626
0x00777E,0x063,ram_063,write,,"MOVWF ram_063, B",0x007626
0x007780,0x02C,ram_02C,read,,"MOVF ram_02C, W, A",0x007626
0x007782,0x060,ram_060,read,,"ADDWF ram_060, W, B",0x007626
0x007784,0x020,ram_020,write,,"MOVWF ram_020, A",0x007626
0x007786,0x02D,ram_02D,read,,"MOVF ram_02D, W, A",0x007626
0x007788,0x061,ram_061,read,,"ADDWFC ram_061, W, B",0x007626
0x00778A,0x021,ram_021,write,,"MOVWF ram_021, A",0x007626
0x00778C,0x02E,ram_02E,read,,"MOVF ram_02E, W, A",0x007626
0x00778E,0x062,ram_062,read,,"ADDWFC ram_062, W, B",0x007626
0x007790,0x022,ram_022,write,,"MOVWF ram_022, A",0x007626
0x007792,0x02F,ram_02F,read,,"MOVF ram_02F, W, A",0x007626
0x007794,0x063,ram_063,read,,"ADDWFC ram_063, W, B",0x007626
0x007796,0x023,ram_023,write,,"MOVWF ram_023, A",0x007626
0x00779C,0xFF6,TBLPTRL,write,,"MOVWF TBLPTRL, A",0x00779A
0x0077A0,0xFF7,TBLPTRH,write,,"MOVWF TBLPTRH, A",0x00779A
0x0077A4,0xFF8,TBLPTRU,write,,"MOVWF TBLPTRU, A",0x00779A
0x0077B0,0xFF5,TABLAT,read,,"MOVFF TABLAT, POSTINC0",0x00779A
0x0077B0,0xFEE,POSTINC0,write,,"MOVFF TABLAT, POSTINC0",0x00779A
0x0077B4,0xFE5,POSTDEC1,read,,"MOVF POSTDEC1, W, A",0x00779A
0x0077B6,0xFE1,FSR1L,read,,"MOVF FSR1L, W, A",0x00779A
0x0077BC,0xFF6,TBLPTRL,write,,"MOVWF TBLPTRL, A",0x00779A
0x0077C0,0xFF7,TBLPTRH,write,,"MOVWF TBLPTRH, A",0x00779A
0x0077C4,0xFF8,TBLPTRU,write,,"MOVWF TBLPTRU, A",0x00779A
0x0077D0,0xFF5,TABLAT,read,,"MOVFF TABLAT, POSTINC0",0x00779A
0x0077D0,0xFEE,POSTINC0,write,,"MOVFF TABLAT, POSTINC0",0x00779A
0x0077D4,0xFE5,POSTDEC1,read,,"MOVF POSTDEC1, W, A",0x00779A
0x0077D6,0xFE1,FSR1L,read,,"MOVF FSR1L, W, A",0x00779A
0x0077DC,0xFF6,TBLPTRL,write,,"MOVWF TBLPTRL, A",0x00779A
0x0077E0,0xFF7,TBLPTRH,write,,"MOVWF TBLPTRH, A",0x00779A
0x0077E4,0xFF8,TBLPTRU,write,,"MOVWF TBLPTRU, A",0x00779A
0x0077F0,0xFF5,TABLAT,read,,"MOVFF TABLAT, POSTINC0",0x00779A
0x0077F0,0xFEE,POSTINC0,write,,"MOVFF TABLAT, POSTINC0",0x00779A
0x0077F4,0xFE5,POSTDEC1,read,,"MOVF POSTDEC1, W, A",0x00779A
0x0077F6,0xFE1,FSR1L,read,,"MOVF FSR1L, W, A",0x00779A
0x0077FC,0xFF6,TBLPTRL,write,,"MOVWF TBLPTRL, A",0x00779A
0x007800,0xFF7,TBLPTRH,write,,"MOVWF TBLPTRH, A",0x00779A
0x007804,0xFF8,TBLPTRU,write,,"MOVWF TBLPTRU, A",0x00779A
0x007810,0xFF5,TABLAT,read,,"MOVFF TABLAT, POSTINC0",0x00779A
0x007810,0xFEE,POSTINC0,write,,"MOVFF TABLAT, POSTINC0",0x00779A
0x007814,0xFE5,POSTDEC1,read,,"MOVF POSTDEC1, W, A",0x00779A
0x007816,0xFE1,FSR1L,read,,"MOVF FSR1L, W, A",0x00779A
0x00781C,0xFF6,TBLPTRL,write,,"MOVWF TBLPTRL, A",0x00779A
0x007820,0xFF7,TBLPTRH,write,,"MOVWF TBLPTRH, A",0x00779A
0x007824,0xFF8,TBLPTRU,write,,"MOVWF TBLPTRU, A",0x00779A
0x007830,0xFF5,TABLAT,read,,"MOVFF TABLAT, POSTINC0",0x00779A
0x007830,0xFEE,POSTINC0,write,,"MOVFF TABLAT, POSTINC0",0x00779A
0x007834,0xFE5,POSTDEC1,read,,"MOVF POSTDEC1, W, A",0x00779A
0x007836,0xFE1,FSR1L,read,,"MOVF FSR1L, W, A",0x00779A
0x00783C,0xFF6,TBLPTRL,write,,"MOVWF TBLPTRL, A",0x00779A
0x007840,0xFF7,TBLPTRH,write,,"MOVWF TBLPTRH, A",0x00779A
0x007844,0xFF8,TBLPTRU,write,,"MOVWF TBLPTRU, A",0x00779A
0x007850,0xFF5,TABLAT,read,,"MOVFF TABLAT, POSTINC0",0x00779A
0x007850,0xFEE,POSTINC0,write,,"MOVFF TABLAT, POSTINC0",0x00779A
0x007854,0xFE5,POSTDEC1,read,,"MOVF POSTDEC1, W, A",0x00779A
0x007856,0xFE1,FSR1L,read,,"MOVF FSR1L, W, A",0x00779A
0x00785C,0xFF6,TBLPTRL,write,,"MOVWF TBLPTRL, A",0x00779A
0x007860,0xFF7,TBLPTRH,write,,"MOVWF TBLPTRH, A",0x00779A
0x007864,0xFF8,TBLPTRU,write,,"MOVWF TBLPTRU, A",0x00779A
0x007870,0xFF5,TABLAT,read,,"MOVFF TABLAT, POSTINC0",0x00779A
0x007870,0xFEE,POSTINC0,write,,"MOVFF TABLAT, POSTINC0",0x00779A
0x007874,0xFE5,POSTDEC1,read,,"MOVF POSTDEC1, W, A",0x00779A
0x007876,0xFE1,FSR1L,read,,"MOVF FSR1L, W, A",0x00779A
0x007882,0xFEE,POSTINC0,write,,"CLRF POSTINC0, A",0x00779A
0x007884,0xFE5,POSTDEC1,read,,"MOVF POSTDEC1, W, A",0x00779A
0x007886,0xFE1,FSR1L,read,,"MOVF FSR1L, W, A",0x00779A
0x00788A,0xFE2,FSR1H,read,,"MOVF FSR1H, W, A",0x00779A
0x007894,0xFEE,POSTINC0,write,,"CLRF POSTINC0, A",0x00779A
0x007896,0xFE8,WREG,read_write,,"DECF WREG, F, A",0x00779A
0x0078A0,0xFEE,POSTINC0,write,,"CLRF POSTINC0, A",0x00779A
0x0078A2,0xFE8,WREG,read_write,,"DECF WREG, F, A",0x00779A
0x0078AC,0xFEE,POSTINC0,write,,"CLRF POSTINC0, A",0x00779A
0x0078AE,0xFE8,WREG,read_write,,"DECF WREG, F, A",0x00779A
0x0078B8,0xFEE,POSTINC0,write,,"CLRF POSTINC0, A",0x00779A
0x0078BA,0xFE8,WREG,read_write,,"DECF WREG, F, A",0x00779A
0x0078C4,0xFEE,POSTINC0,write,,"CLRF POSTINC0, A",0x00779A
0x0078C6,0xFE8,WREG,read_write,,"DECF WREG, F, A",0x00779A
0x0078D0,0xFEE,POSTINC0,write,,"CLRF POSTINC0, A",0x00779A
0x0078D2,0xFE8,WREG,read_write,,"DECF WREG, F, A",0x00779A
0x0078DC,0xFEE,POSTINC0,write,,"CLRF POSTINC0, A",0x00779A
0x0078DE,0xFE8,WREG,read_write,,"DECF WREG, F, A",0x00779A
0x0078E8,0xFEE,POSTINC0,write,,"CLRF POSTINC0, A",0x00779A
0x0078EA,0xFE8,WREG,read_write,,"DECF WREG, F, A",0x00779A
0x0078EE,0x04E,ram_04E,read_write,0,"BCF ram_04E, 0, A",0x00779A
0x0078F0,0x04E,ram_04E,read_write,1,"BCF ram_04E, 1, A",0x00779A
0x0078F4,0xFF8,TBLPTRU,write,,"MOVWF TBLPTRU, A",0x00779A
0x0078FE,0x500,ram_500,read,,"MOVF ram_500, W, B",0x0078FC
0x007900,0x501,ram_501,read,,"IORWF ram_501, W, B",0x0078FC
0x007904,0x51E,ram_51E,read,,"MOVF ram_51E, W, B",0x0078FC
0x007906,0x51F,ram_51F,read,,"IORWF ram_51F, W, B",0x0078FC
0x007912,0x012,ram_012,read,,"MOVFF ram_012, ram_029",0x0078FC
0x007912,0x029,ram_029,write,,"MOVFF ram_012, ram_029",0x0078FC
0x007916,0x013,ram_013,read,,"MOVFF ram_013, ram_02A",0x0078FC
0x007916,0x02A,ram_02A,write,,"MOVFF ram_013, ram_02A",0x0078FC
0x00791A,0x029,ram_029,read,,"INCF ram_029, W, A",0x0078FC
0x00791E,0x02A,ram_02A,read,,"INCF ram_02A, W, A",0x0078FC
0x007924,0x4E6,ram_4E6,read,,"MOVF ram_4E6, W, B",0x0078FC
0x007928,0x02C,ram_02C,write,,"SETF ram_02C, A",0x0078FC
0x00792C,0x02B,ram_02B,write,,"MOVWF ram_02B, A",0x0078FC
0x00792E,0x02B,ram_02B,read,,"MOVF ram_02B, W, A",0x0078FC
0x007934,0xFF3,PRODL,read,,"ADDWF PRODL, W, A",0x0078FC
0x007936,0xFD9,FSR2L,write,,"MOVWF FSR2L, A",0x0078FC
0x00793A,0xFF4,PRODH,read,,"ADDWFC PRODH, W, A",0x0078FC
0x00793C,0xFDA,FSR2H,write,,"MOVWF FSR2H, A",0x0078FC
0x00793E,0xFDE,POSTINC2,read,,"MOVF POSTINC2, W, A",0x0078FC
0x007940,0x029,ram_029,read,,"SUBWF ram_029, W, A",0x0078FC
0x007942,0xFDE,POSTINC2,read,,"MOVF POSTINC2, W, A",0x0078FC
0x007944,0x02A,ram_02A,read,,"SUBWFB ram_02A, W, A",0x0078FC
0x007948,0x02B,ram_02B,read,,"MOVFF ram_02B, ram_02C",0x0078FC
0x007948,0x02C,ram_02C,write,,"MOVFF ram_02B, ram_02C",0x0078FC
0x00794C,0x02B,ram_02B,read_write,,"DECF ram_02B, F, A",0x0078FC
0x00794E,0x02B,ram_02B,read,7,"BTFSS ram_02B, 7, A",0x0078FC
0x007954,0x02C,ram_02C,read,,"CPFSGT ram_02C, A",0x0078FC
0x00795A,0x4E7,ram_4E7,write,,"CLRF ram_4E7, B",0x0078FC
0x00795C,0x4E6,ram_4E6,write,,"MOVWF ram_4E6, B",0x0078FC
0x007960,0x02C,ram_02C,read,,"MOVF ram_02C, W, A",0x0078FC
0x007966,0x4E6,ram_4E6,write,,"CLRF ram_4E6, B",0x0078FC
0x007968,0x4E7,ram_4E7,write,,"CLRF ram_4E7, B",0x0078FC
0x00796C,0x02C,ram_02C,read,,"MOVF ram_02C, W, A",0x0078FC
0x00796E,0x021,ram_021,write,,"MOVWF ram_021, A",0x0078FC
0x007970,0x022,ram_022,write,,"CLRF ram_022, A",0x0078FC
0x007972,0xFD8,STATUS,read_write,0,"BCF STATUS, 0, A",0x0078FC
0x007974,0x021,ram_021,read_write,,"RLCF ram_021, F, A",0x0078FC
0x007976,0x022,ram_022,read_write,,"RLCF ram_022, F, A",0x0078FC
0x00797A,0x021,ram_021,read,,"ADDWF ram_021, W, A",0x0078FC
0x00797C,0xFD9,FSR2L,write,,"MOVWF FSR2L, A",0x0078FC
0x007980,0x022,ram_022,read,,"ADDWFC ram_022, W, A",0x0078FC
0x007982,0xFDA,FSR2H,write,,"MOVWF FSR2H, A",0x0078FC
0x007984,0xFDE,POSTINC2,read,,"MOVFF POSTINC2, ram_023",0x0078FC
0x007984,0x023,ram_023,write,,"MOVFF POSTINC2, ram_023",0x0078FC
0x007988,0xFDD,POSTDEC2,read,,"MOVFF POSTDEC2, ram_024",0x0078FC
0x007988,0x024,ram_024,write,,"MOVFF POSTDEC2, ram_024",0x0078FC
0x00798C,0x02C,ram_02C,read,,"MOVF ram_02C, W, A",0x0078FC
0x007992,0xFF3,PRODL,read,,"ADDWF PRODL, W, A",0x0078FC
0x007994,0xFD9,FSR2L,write,,"MOVWF FSR2L, A",0x0078FC
0x007998,0xFF4,PRODH,read,,"ADDWFC PRODH, W, A",0x0078FC
0x00799A,0xFDA,FSR2H,write,,"MOVWF FSR2H, A",0x0078FC
0x00799C,0xFDE,POSTINC2,read,,"MOVFF POSTINC2, ram_025",0x0078FC
0x00799C,0x025,ram_025,write,,"MOVFF POSTINC2, ram_025",0x0078FC
0x0079A0,0xFDD,POSTDEC2,read,,"MOVFF POSTDEC2, ram_026",0x0078FC
0x0079A0,0x026,ram_026,write,,"MOVFF POSTDEC2, ram_026",0x0078FC
0x0079A4,0x023,ram_023,read,,"MOVF ram_023, W, A",0x0078FC
0x0079A6,0x025,ram_025,read,,"SUBWF ram_025, W, A",0x0078FC
0x0079A8,0x012,ram_012,write,,"MOVWF ram_012, A",0x0078FC
0x0079AA,0x024,ram_024,read,,"MOVF ram_024, W, A",0x0078FC
0x0079AC,0x026,ram_026,read,,"SUBWFB ram_026, W, A",0x0078FC
0x0079AE,0x013,ram_013,write,,"MOVWF ram_013, A",0x0078FC
0x0079B0,0x015,ram_015,write,,"CLRF ram_015, A",0x0078FC
0x0079B4,0x014,ram_014,write,,"MOVWF ram_014, A",0x0078FC
0x0079BA,0x012,ram_012,read,,"MOVFF ram_012, ram_027",0x0078FC
0x0079BA,0x027,ram_027,write,,"MOVFF ram_012, ram_027",0x0078FC
0x0079BE,0x013,ram_013,read,,"MOVFF ram_013, ram_028",0x0078FC
0x0079BE,0x028,ram_028,write,,"MOVFF ram_013, ram_028",0x0078FC
0x0079C2,0x02C,ram_02C,read,,"MOVF ram_02C, W, A",0x0078FC
0x0079C6,0x4E6,ram_4E6,read,,"XORWF ram_4E6, W, B",0x0078FC
0x0079C8,0x4E7,ram_4E7,read,,"IORWF ram_4E7, W, B",0x0078FC
0x0079CC,0x02C,ram_02C,read,,"MOVF ram_02C, W, A",0x0078FC
0x0079CE,0x021,ram_021,write,,"MOVWF ram_021, A",0x0078FC
0x0079D0,0x022,ram_022,write,,"CLRF ram_022, A",0x0078FC
0x0079D2,0xFD8,STATUS,read_write,0,"BCF STATUS, 0, A",0x0078FC
0x0079D4,0x021,ram_021,read_write,,"RLCF ram_021, F, A",0x0078FC
0x0079D6,0x022,ram_022,read_write,,"RLCF ram_022, F, A",0x0078FC
0x0079DA,0x021,ram_021,read,,"ADDWF ram_021, W, A",0x0078FC
0x0079DC,0xFD9,FSR2L,write,,"MOVWF FSR2L, A",0x0078FC
0x0079E0,0x022,ram_022,read,,"ADDWFC ram_022, W, A",0x0078FC
0x0079E2,0xFDA,FSR2H,write,,"MOVWF FSR2H, A",0x0078FC
0x0079E4,0xFDE,POSTINC2,read,,"MOVFF POSTINC2, ram_023",0x0078FC
0x0079E4,0x023,ram_023,write,,"MOVFF POSTINC2, ram_023",0x0078FC
0x0079E8,0xFDD,POSTDEC2,read,,"MOVFF POSTDEC2, ram_024",0x0078FC
0x0079E8,0x024,ram_024,write,,"MOVFF POSTDEC2, ram_024",0x0078FC
0x0079EC,0x027,ram_027,read,,"MOVF ram_027, W, A",0x0078FC
0x0079EE,0x023,ram_023,read_write,,"ADDWF ram_023, F, A",0x0078FC
0x0079F0,0x028,ram_028,read,,"MOVF ram_028, W, A",0x0078FC
0x0079F2,0x024,ram_024,read_write,,"ADDWFC ram_024, F, A",0x0078FC
0x0079F4,0x029,ram_029,read,,"MOVF ram_029, W, A",0x0078FC
0x0079F6,0x023,ram_023,read,,"SUBWF ram_023, W, A",0x0078FC
0x0079F8,0x02A,ram_02A,read,,"MOVF ram_02A, W, A",0x0078FC
0x0079FA,0x024,ram_024,read,,"SUBWFB ram_024, W, A",0x0078FC
0x0079FE,0x021,ram_021,write,,"SETF ram_021, A",0x0078FC
0x007A00,0x022,ram_022,write,,"SETF ram_022, A",0x0078FC
0x007A02,0x02C,ram_02C,read,,"MOVF ram_02C, W, A",0x0078FC
0x007A04,0x023,ram_023,write,,"MOVWF ram_023, A",0x0078FC
0x007A06,0x024,ram_024,write,,"CLRF ram_024, A",0x0078FC
0x007A08,0x021,ram_021,read,,"MOVF ram_021, W, A",0x0078FC
0x007A0A,0x023,ram_023,read_write,,"ADDWF ram_023, F, A",0x0078FC
0x007A0C,0x022,ram_022,read,,"MOVF ram_022, W, A",0x0078FC
0x007A0E,0x024,ram_024,read_write,,"ADDWFC ram_024, F, A",0x0078FC
0x007A10,0x4E6,ram_4E6,read,,"MOVF ram_4E6, W, B",0x0078FC
0x007A12,0x023,ram_023,read,,"XORWF ram_023, W, A",0x0078FC
0x007A16,0x4E7,ram_4E7,read,,"MOVF ram_4E7, W, B",0x0078FC
0x007A18,0x024,ram_024,read,,"XORWF ram_024, W, A",0x0078FC
0x007A1C,0x02C,ram_02C,read,,"MOVF ram_02C, W, A",0x0078FC
0x007A22,0xFF3,PRODL,read,,"ADDWF PRODL, W, A",0x0078FC
0x007A24,0xFD9,FSR2L,write,,"MOVWF FSR2L, A",0x0078FC
0x007A28,0xFF4,PRODH,read,,"ADDWFC PRODH, W, A",0x0078FC
0x007A2A,0xFDA,FSR2H,write,,"MOVWF FSR2H, A",0x0078FC
0x007A2C,0xFDE,POSTINC2,read,,"MOVFF POSTINC2, ram_021",0x0078FC
0x007A2C,0x021,ram_021,write,,"MOVFF POSTINC2, ram_021",0x0078FC
0x007A30,0xFDD,POSTDEC2,read,,"MOVFF POSTDEC2, ram_022",0x0078FC
0x007A30,0x022,ram_022,write,,"MOVFF POSTDEC2, ram_022",0x0078FC
0x007A34,0x027,ram_027,read,,"MOVF ram_027, W, A",0x0078FC
0x007A36,0x021,ram_021,read_write,,"SUBWF ram_021, F, A",0x0078FC
0x007A38,0x028,ram_028,read,,"MOVF ram_028, W, A",0x0078FC
0x007A3A,0x022,ram_022,read_write,,"SUBWFB ram_022, F, A",0x0078FC
0x007A3C,0x029,ram_029,read,,"MOVF ram_029, W, A",0x0078FC
0x007A3E,0x021,ram_021,read,,"SUBWF ram_021, W, A",0x0078FC
0x007A40,0x02A,ram_02A,read,,"MOVF ram_02A, W, A",0x0078FC
0x007A42,0x022,ram_022,read,,"SUBWFB ram_022, W, A",0x0078FC
0x007A48,0x02C,ram_02C,read,,"ADDWF ram_02C, W, A",0x0078FC
0x007A4A,0x4E6,ram_4E6,write,,"MOVWF ram_4E6, B",0x0078FC
0x007A4C,0x4E7,ram_4E7,write,,"CLRF ram_4E7, B",0x0078FC
0x007A50,0x4E7,ram_4E7,read_write,,"ADDWFC ram_4E7, F, B",0x0078FC
0x007A54,0x02C,ram_02C,read,,"MOVFF ram_02C, ram_4E6",0x0078FC
0x007A54,0x4E6,ram_4E6,write,,"MOVFF ram_02C, ram_4E6",0x0078FC
0x007A58,0x4E7,ram_4E7,write,,"CLRF ram_4E7, B",0x0078FC
0x007A62,0x078,ram_078,write,,"MOVWF ram_078, B",0x007A5C
0x007A66,0x078,ram_078,read,,"CPFSGT ram_078, B",0x007A5C
0x007A6A,0x03E,ram_03E,read,,"SWAPF ram_03E, W, A",0x007A5C
0x007A6E,0x078,ram_078,read,,"SWAPF ram_078, W, B",0x007A5C
0x007A72,0x070,ram_070,write,,"MOVWF ram_070, B",0x007A5C
0x007A74,0x071,ram_071,write,,"CLRF ram_071, B",0x007A5C
0x007A76,0x070,ram_070,read,,"MOVFF ram_070, ram_073",0x007A5C
0x007A76,0x073,ram_073,write,,"MOVFF ram_070, ram_073",0x007A5C
0x007A7A,0x072,ram_072,write,,"CLRF ram_072, B",0x007A5C
0x007A7C,0x076,ram_076,write,,"CLRF ram_076, B",0x007A5C
0x007A80,0x076,ram_076,read,,"ADDWF ram_076, W, B",0x007A5C
0x007A82,0xFD9,FSR2L,write,,"MOVWF FSR2L, A",0x007A5C
0x007A84,0xFDA,FSR2H,write,,"CLRF FSR2H, A",0x007A5C
0x007A88,0xFDA,FSR2H,read_write,,"ADDWFC FSR2H, F, A",0x007A5C
0x007A8A,0xFDF,INDF2,read,,"MOVF INDF2, W, A",0x007A5C
0x007A90,0x072,ram_072,write,,"MOVWF ram_072, B",0x007A5C
0x007A92,0x076,ram_076,read_write,,"INCF ram_076, F, B",0x007A5C
0x007A96,0x076,ram_076,read,,"XORWF ram_076, W, B",0x007A5C
0x007A9C,0x493,ram_493,read,,"MOVF ram_493, W, B",0x007A5C
0x007AA4,0x078,ram_078,read,,"CPFSLT ram_078, B",0x007A5C
0x007AAA,0x46D,ram_46D,read,,"MOVF ram_46D, W, B",0x007A5C
0x007AAC,0x493,ram_493,read,,"XORWF ram_493, W, B",0x007A5C
0x007AB0,0x4EF,ram_4EF,read,,"MOVF ram_4EF, W, B",0x007A5C
0x007AB4,0x078,ram_078,read,,"XORWF ram_078, W, B",0x007A5C
0x007ABA,0x078,ram_078,read,,"MOVF ram_078, W, B",0x007A5C
0x007AC0,0x46C,ram_46C,write,,"MOVWF ram_46C, B",0x007A5C
0x007AC4,0x073,ram_073,read,,"MOVF ram_073, W, B",0x007A5C
0x007AC8,0xFF3,PRODL,read,,"MOVFF PRODL, ram_469",0x007A5C
0x007AC8,0x469,ram_469,write,,"MOVFF PRODL, ram_469",0x007A5C
0x007ACC,0x073,ram_073,read,,"MOVFF ram_073, ram_4EB",0x007A5C
0x007ACC,0x4EB,ram_4EB,write,,"MOVFF ram_073, ram_4EB",0x007A5C
0x007AD0,0x4EB,ram_4EB,read,,"MOVFF ram_4EB, ram_495",0x007A5C
0x007AD0,0x495,ram_495,write,,"MOVFF ram_4EB, ram_495",0x007A5C
0x007AD6,0x46B,ram_46B,write,,"CLRF ram_46B, B",0x007A5C
0x007AD8,0x468,ram_468,write,,"CLRF ram_468, B",0x007A5C
0x007ADA,0x078,ram_078,read,,"MOVFF ram_078, ram_4EF",0x007A5C
0x007ADA,0x4EF,ram_4EF,write,,"MOVFF ram_078, ram_4EF",0x007A5C
0x007ADE,0x493,ram_493,read,,"MOVFF ram_493, ram_46D",0x007A5C
0x007ADE,0x46D,ram_46D,write,,"MOVFF ram_493, ram_46D",0x007A5C
0x007AE4,0x4EB,ram_4EB,read,,"MOVF ram_4EB, W, B",0x007A5C
0x007AE6,0x495,ram_495,read,,"XORWF ram_495, W, B",0x007A5C
0x007AEA,0x495,ram_495,read,,"MOVF ram_495, W, B",0x007A5C
0x007AEE,0xFF3,PRODL,read,,"MOVFF PRODL, ram_469",0x007A5C
0x007AEE,0x469,ram_469,write,,"MOVFF PRODL, ram_469",0x007A5C
0x007AF2,0x46B,ram_46B,write,,"CLRF ram_46B, B",0x007A5C
0x007AF4,0x468,ram_468,write,,"CLRF ram_468, B",0x007A5C
0x007AF6,0x495,ram_495,read,,"MOVFF ram_495, ram_4EB",0x007A5C
0x007AF6,0x4EB,ram_4EB,write,,"MOVFF ram_495, ram_4EB",0x007A5C
0x007AFA,0x4F1,ram_4F1,read,6,"BTFSS ram_4F1, 6, B",0x007A5C
0x007B04,0x077,ram_077,write,,"MOVWF ram_077, B",0x007A5C
0x007B08,0x4EE,ram_4EE,read,,"MOVFF ram_4EE, ram_077",0x007A5C
0x007B08,0x077,ram_077,write,,"MOVFF ram_4EE, ram_077",0x007A5C
0x007B0E,0x4EE,ram_4EE,read,,"MOVF ram_4EE, W, B",0x007A5C
0x007B12,0x077,ram_077,read,,"XORWF ram_077, W, B",0x007A5C
0x007B16,0x077,ram_077,read,,"INCF ram_077, W, B",0x007A5C
0x007B1C,0x493,ram_493,read,,"MOVF ram_493, W, B",0x007A5C
0x007B20,0x467,ram_467,read,,"MOVF ram_467, W, B",0x007A5C
0x007B24,0x44E,ram_44E,read,,"MOVF ram_44E, W, B",0x007A5C
0x007B26,0x44F,ram_44F,read,,"IORWF ram_44F, W, B",0x007A5C
0x007B2C,0x468,ram_468,write,,"MOVWF ram_468, B",0x007A5C
0x007B30,0x467,ram_467,write,,"MOVWF ram_467, B",0x007A5C
0x007B32,0x46B,ram_46B,write,,"CLRF ram_46B, B",0x007A5C
0x007B34,0x077,ram_077,read,,"MOVFF ram_077, ram_4EC",0x007A5C
0x007B34,0x4EC,ram_4EC,write,,"MOVFF ram_077, ram_4EC",0x007A5C
0x007B38,0x4EC,ram_4EC,read,,"MOVFF ram_4EC, ram_4EE",0x007A5C
0x007B38,0x4EE,ram_4EE,write,,"MOVFF ram_4EC, ram_4EE",0x007A5C
0x007B3E,0x4F2,ram_4F2,read,,"MOVF ram_4F2, W, B",0x007A5C
0x007B42,0x48C,ram_48C,read,,"DECF ram_48C, W, B",0x007A5C
0x007B44,0xFD8,STATUS,read,2,"BTFSS STATUS, 2, A",0x007A5C
0x007B48,0x48E,ram_48E,read,,"MOVF ram_48E, W, B",0x007A5C
0x007B4A,0xFD8,STATUS,read,2,"BTFSS STATUS, 2, A",0x007A5C
0x007B50,0x072,ram_072,read,,"MOVF ram_072, W, B",0x007A5C
0x007B52,0xFD8,STATUS,read,2,"BTFSS STATUS, 2, A",0x007A5C
0x007B56,0x040,ram_040,read,7,"BTFSC ram_040, 7, A",0x007A5C
0x007B5C,0xF80,PORTA,read,5,"BTFSC PORTA, 5, A",0x007A5C
0x007B60,0x074,ram_074,write,,"MOVWF ram_074, B",0x007A5C
0x007B64,0x46A,ram_46A,read,,"MOVFF ram_46A, ram_074",0x007A5C
0x007B64,0x074,ram_074,write,,"MOVFF ram_46A, ram_074",0x007A5C
0x007B68,0x074,ram_074,read,,"MOVF ram_074, W, B",0x007A5C
0x007B6E,0x46A,ram_46A,read,,"MOVF ram_46A, W, B",0x007A5C
0x007B72,0x46B,ram_46B,read_write,,"INCF ram_46B, F, B",0x007A5C
0x007B76,0x46B,ram_46B,read,,"CPFSGT ram_46B, B",0x007A5C
0x007B7A,0x46B,ram_46B,write,,"CLRF ram_46B, B",0x007A5C
0x007B7C,0x074,ram_074,read,,"MOVFF ram_074, ram_46A",0x007A5C
0x007B7C,0x46A,ram_46A,write,,"MOVFF ram_074, ram_46A",0x007A5C
0x007B80,0x46B,ram_46B,read,,"MOVFF ram_46B, ram_075",0x007A5C
0x007B80,0x075,ram_075,write,,"MOVFF ram_46B, ram_075",0x007A5C
0x007B86,0x468,ram_468,read,,"MOVF ram_468, W, B",0x007A5C
0x007B8A,0x4EC,ram_4EC,read,,"MOVFF ram_4EC, ram_46C",0x007A5C
0x007B8A,0x46C,ram_46C,write,,"MOVFF ram_4EC, ram_46C",0x007A5C
0x007B8E,0x46C,ram_46C,read,,"MOVF ram_46C, W, B",0x007A5C
0x007B92,0x075,ram_075,read_write,,"ADDWF ram_075, F, B",0x007A5C
0x007B96,0x075,ram_075,read_write,,"ANDWF ram_075, F, B",0x007A5C
0x007B9A,0x469,ram_469,read,,"MOVF ram_469, W, B",0x007A5C
0x007B9E,0x075,ram_075,read_write,,"ADDWF ram_075, F, B",0x007A5C
0x007BA0,0x03E,ram_03E,read,,"MOVF ram_03E, W, A",0x007A5C
0x007BA2,0x075,ram_075,read,,"XORWF ram_075, W, B",0x007A5C
0x007BA8,0x4ED,ram_4ED,read,,"MOVF ram_4ED, W, B",0x007A5C
0x007BAA,0xFD8,STATUS,read,2,"BTFSC STATUS, 2, A",0x007A5C
0x007BB0,0x4ED,ram_4ED,write,,"CLRF ram_4ED, B",0x007A5C
0x007BB2,0x075,ram_075,read,,"MOVFF ram_075, ram_03E",0x007A5C
0x007BB2,0x03E,ram_03E,write,,"MOVFF ram_075, ram_03E",0x007A5C
0x007BBA,0x041,ram_041,write,,"CLRF ram_041, A",0x007BBA
0x007BBC,0x042,ram_042,write,,"CLRF ram_042, A",0x007BBA
0x007BBE,0x043,ram_043,write,,"CLRF ram_043, A",0x007BBA
0x007BC0,0x044,ram_044,write,,"CLRF ram_044, A",0x007BBA
0x007BC2,0x01D,ram_01D,write,,"CLRF ram_01D, A",0x007BBA
0x007BC4,0x043,ram_043,read,,"MOVFF ram_043, ram_044",0x007BBA
0x007BC4,0x044,ram_044,write,,"MOVFF ram_043, ram_044",0x007BBA
0x007BC8,0x042,ram_042,read,,"MOVFF ram_042, ram_043",0x007BBA
0x007BC8,0x043,ram_043,write,,"MOVFF ram_042, ram_043",0x007BBA
0x007BCC,0x041,ram_041,read,,"MOVFF ram_041, ram_042",0x007BBA
0x007BCC,0x042,ram_042,write,,"MOVFF ram_041, ram_042",0x007BBA
0x007BD0,0x041,ram_041,write,,"CLRF ram_041, A",0x007BBA
0x007BD2,0x01D,ram_01D,read,,"MOVF ram_01D, W, A",0x007BBA
0x007BD6,0x012,ram_012,write,,"MOVWF ram_012, A",0x007BBA
0x007BDA,0xFD8,STATUS,read,0,"BTFSS STATUS, 0, A",0x007BBA
0x007BDC,0xFE8,WREG,read_write,,"INCF WREG, F, A",0x007BBA
0x007BE0,0x013,ram_013,write,,"MOVWF ram_013, A",0x007BBA
0x007BE6,0x041,ram_041,read_write,,"IORWF ram_041, F, A",0x007BBA
0x007BE8,0x01D,ram_01D,read_write,,"INCF ram_01D, F, A",0x007BBA
0x007BEC,0x01D,ram_01D,read,,"XORWF ram_01D, W, A",0x007BBA
0x007BF0,0x044,ram_044,read,7,"BTFSC ram_044, 7, A",0x007BBA
0x007BF4,0x044,ram_044,read,,"MOVF ram_044, W, A",0x007BBA
0x007BF6,0x043,ram_043,read,,"IORWF ram_043, W, A",0x007BBA
0x007BF8,0x042,ram_042,read,,"IORWF ram_042, W, A",0x007BBA
0x007BFE,0x041,ram_041,read,,"SUBWF ram_041, W, A",0x007BBA
0x007C02,0x041,ram_041,write,,"SETF ram_041, A",0x007BBA
0x007C04,0x042,ram_042,write,,"SETF ram_042, A",0x007BBA
0x007C06,0x043,ram_043,write,,"SETF ram_043, A",0x007BBA
0x007C08,0x044,ram_044,write,,"CLRF ram_044, A",0x007BBA
0x007C0A,0x044,ram_044,read,7,"BTFSC ram_044, 7, A",0x007BBA
0x007C10,0x041,ram_041,read,,"SUBWF ram_041, W, A",0x007BBA
0x007C14,0x042,ram_042,read,,"SUBWFB ram_042, W, A",0x007BBA
0x007C18,0x043,ram_043,read,,"SUBWFB ram_043, W, A",0x007BBA
0x007C1C,0x044,ram_044,read,,"SUBWFB ram_044, W, A",0x007BBA
0x007C20,0x041,ram_041,write,,"SETF ram_041, A",0x007BBA
0x007C22,0x042,ram_042,write,,"SETF ram_042, A",0x007BBA
0x007C24,0x043,ram_043,write,,"SETF ram_043, A",0x007BBA
0x007C26,0x044,ram_044,write,,"CLRF ram_044, A",0x007BBA
0x007C28,0x041,ram_041,read,,"MOVFF ram_041, ram_049",0x007BBA
0x007C28,0x049,ram_049,write,,"MOVFF ram_041, ram_049",0x007BBA
0x007C2C,0x042,ram_042,read,,"MOVFF ram_042, ram_04A",0x007BBA
0x007C2C,0x04A,ram_04A,write,,"MOVFF ram_042, ram_04A",0x007BBA
0x007C30,0x043,ram_043,read,,"MOVFF ram_043, ram_04B",0x007BBA
0x007C30,0x04B,ram_04B,write,,"MOVFF ram_043, ram_04B",0x007BBA
0x007C34,0x044,ram_044,read,,"MOVFF ram_044, ram_04C",0x007BBA
0x007C34,0x04C,ram_04C,write,,"MOVFF ram_044, ram_04C",0x007BBA
0x007C38,0x049,ram_049,read,,"MOVFF ram_049, ram_045",0x007BBA
0x007C38,0x045,ram_045,write,,"MOVFF ram_049, ram_045",0x007BBA
0x007C3C,0x04A,ram_04A,read,,"MOVFF ram_04A, ram_046",0x007BBA
0x007C3C,0x046,ram_046,write,,"MOVFF ram_04A, ram_046",0x007BBA
0x007C40,0x04B,ram_04B,read,,"MOVFF ram_04B, ram_047",0x007BBA
0x007C40,0x047,ram_047,write,,"MOVFF ram_04B, ram_047",0x007BBA
0x007C44,0x04C,ram_04C,read,,"MOVFF ram_04C, ram_048",0x007BBA
0x007C44,0x048,ram_048,write,,"MOVFF ram_04C, ram_048",0x007BBA
0x007C4A,0x013,ram_013,write,,"MOVWF ram_013, A",0x007BBA
0x007C4E,0x012,ram_012,write,,"MOVWF ram_012, A",0x007BBA
0x007C56,0x493,ram_493,write,,"MOVWF ram_493, B",0x007BBA
0x007C58,0x493,ram_493,read,,"MOVF ram_493, W, B",0x007BBA
0x007C5E,0x493,ram_493,write,,"MOVWF ram_493, B",0x007BBA
0x007C62,0x013,ram_013,write,,"MOVWF ram_013, A",0x007BBA
0x007C66,0x012,ram_012,write,,"MOVWF ram_012, A",0x007BBA
0x007C6E,0x495,ram_495,write,,"MOVWF ram_495, B",0x007BBA
0x007C72,0x495,ram_495,read,,"CPFSGT ram_495, B",0x007BBA
0x007C76,0x495,ram_495,write,,"MOVWF ram_495, B",0x007BBA
0x007C7A,0x013,ram_013,write,,"MOVWF ram_013, A",0x007BBA
0x007C7E,0x012,ram_012,write,,"MOVWF ram_012, A",0x007BBA
0x007C8C,0x450,ram_450,write,,"MOVWF ram_450, B",0x007BBA
0x007C96,0x450,ram_450,write,,"MOVWF ram_450, B",0x007BBA
0x007C9A,0x451,ram_451,write,,"MOVWF ram_451, B",0x007BBA
0x007C9E,0x013,ram_013,write,,"MOVWF ram_013, A",0x007BBA
0x007CA2,0x012,ram_012,write,,"MOVWF ram_012, A",0x007BBA
0x007CA8,0x040,ram_040,write,,"MOVWF ram_040, A",0x007BBA
0x007CAA,0x040,ram_040,read,,"MOVF ram_040, W, A",0x007BBA
0x007CB0,0x040,ram_040,write,,"MOVWF ram_040, A",0x007BBA
0x007CB4,0x013,ram_013,write,,"MOVWF ram_013, A",0x007BBA
0x007CB8,0x012,ram_012,write,,"MOVWF ram_012, A",0x007BBA
0x007CC0,0x4F3,ram_4F3,write,,"MOVWF ram_4F3, B",0x007BBA
0x007CC2,0x4F3,ram_4F3,read,,"MOVF ram_4F3, W, B",0x007BBA
0x007CC6,0x4F3,ram_4F3,read,,"DECF ram_4F3, W, B",0x007BBA
0x007CCA,0x4F3,ram_4F3,read,0,"BTFSC ram_4F3, 0, B",0x007BBA
0x007CD0,0x4F3,ram_4F3,read,,"CPFSGT ram_4F3, B",0x007BBA
0x007CD6,0x4F3,ram_4F3,write,,"MOVWF ram_4F3, B",0x007BBA
0x007CDA,0x013,ram_013,write,,"MOVWF ram_013, A",0x007BBA
0x007CDE,0x012,ram_012,write,,"MOVWF ram_012, A",0x007BBA
0x007CE6,0x4F1,ram_4F1,write,,"MOVWF ram_4F1, B",0x007BBA
0x007CEA,0x013,ram_013,write,,"MOVWF ram_013, A",0x007BBA
0x007CEE,0x012,ram_012,write,,"MOVWF ram_012, A",0x007BBA
0x007CF4,0x03E,ram_03E,write,,"MOVWF ram_03E, A",0x007BBA
0x007CF8,0x03E,ram_03E,read,,"CPFSGT ram_03E, A",0x007BBA
0x007CFC,0x03E,ram_03E,write,,"MOVWF ram_03E, A",0x007BBA
0x007D02,0xF8B,LATC,read_write,4,"BSF LATC, 4, A",0x007BBA
0x007D04,0xF8C,LATD,read_write,3,"BSF LATD, 3, A",0x007BBA
0x007D08,0x01B,ram_01B,write,,"MOVWF ram_01B, A",0x007D08
0x007D0C,0x012,ram_012,read,,"CPFSGT ram_012, A",0x007D08
0x007D14,0x01B,ram_01B,read,,"CPFSGT ram_01B, A",0x007D08
0x007D1C,0x01C,ram_01C,write,,"MOVWF ram_01C, A",0x007D08
0x007D1E,0x01D,ram_01D,write,,"CLRF ram_01D, A",0x007D08
0x007D20,0x01E,ram_01E,write,,"CLRF ram_01E, A",0x007D08
0x007D22,0x01F,ram_01F,write,,"CLRF ram_01F, A",0x007D08
0x007D24,0x020,ram_020,write,,"CLRF ram_020, A",0x007D08
0x007D26,0x021,ram_021,write,,"CLRF ram_021, A",0x007D08
0x007D28,0x022,ram_022,write,,"CLRF ram_022, A",0x007D08
0x007D2A,0x023,ram_023,write,,"CLRF ram_023, A",0x007D08
0x007D2C,0x012,ram_012,read,,"INCF ram_012, W, A",0x007D08
0x007D30,0xFD8,STATUS,read_write,0,"BCF STATUS, 0, A",0x007D08
0x007D32,0x01C,ram_01C,read_write,,"RLCF ram_01C, F, A",0x007D08
0x007D34,0x01D,ram_01D,read_write,,"RLCF ram_01D, F, A",0x007D08
0x007D36,0x01E,ram_01E,read_write,,"RLCF ram_01E, F, A",0x007D08
0x007D38,0x01F,ram_01F,read_write,,"RLCF ram_01F, F, A",0x007D08
0x007D3A,0x020,ram_020,read_write,,"RLCF ram_020, F, A",0x007D08
0x007D3C,0x021,ram_021,read_write,,"RLCF ram_021, F, A",0x007D08
0x007D3E,0x022,ram_022,read_write,,"RLCF ram_022, F, A",0x007D08
0x007D40,0x023,ram_023,read_write,,"RLCF ram_023, F, A",0x007D08
0x007D42,0xFE8,WREG,read_write,,"DECFSZ WREG, F, A",0x007D08
0x007D48,0x01C,ram_01C,read,,"COMF ram_01C, W, A",0x007D08
0x007D4A,0x013,ram_013,write,,"MOVWF ram_013, A",0x007D08
0x007D4C,0x01D,ram_01D,read,,"COMF ram_01D, W, A",0x007D08
0x007D4E,0x014,ram_014,write,,"MOVWF ram_014, A",0x007D08
0x007D50,0x01E,ram_01E,read,,"COMF ram_01E, W, A",0x007D08
0x007D52,0x015,ram_015,write,,"MOVWF ram_015, A",0x007D08
0x007D54,0x01F,ram_01F,read,,"COMF ram_01F, W, A",0x007D08
0x007D56,0x016,ram_016,write,,"MOVWF ram_016, A",0x007D08
0x007D58,0x020,ram_020,read,,"COMF ram_020, W, A",0x007D08
0x007D5A,0x017,ram_017,write,,"MOVWF ram_017, A",0x007D08
0x007D5C,0x021,ram_021,read,,"COMF ram_021, W, A",0x007D08
0x007D5E,0x018,ram_018,write,,"MOVWF ram_018, A",0x007D08
0x007D60,0x022,ram_022,read,,"COMF ram_022, W, A",0x007D08
0x007D62,0x019,ram_019,write,,"MOVWF ram_019, A",0x007D08
0x007D64,0x023,ram_023,read,,"COMF ram_023, W, A",0x007D08
0x007D66,0x01A,ram_01A,write,,"MOVWF ram_01A, A",0x007D08
0x007D68,0x013,ram_013,read,,"MOVF ram_013, W, A",0x007D08
0x007D6C,0x544,ram_544,read_write,,"ANDWF ram_544, F, B",0x007D08
0x007D6E,0x014,ram_014,read,,"MOVF ram_014, W, A",0x007D08
0x007D70,0x545,ram_545,read_write,,"ANDWF ram_545, F, B",0x007D08
0x007D72,0x015,ram_015,read,,"MOVF ram_015, W, A",0x007D08
0x007D74,0x546,ram_546,read_write,,"ANDWF ram_546, F, B",0x007D08
0x007D76,0x016,ram_016,read,,"MOVF ram_016, W, A",0x007D08
0x007D78,0x547,ram_547,read_write,,"ANDWF ram_547, F, B",0x007D08
0x007D7A,0x017,ram_017,read,,"MOVF ram_017, W, A",0x007D08
0x007D7C,0x548,ram_548,read_write,,"ANDWF ram_548, F, B",0x007D08
0x007D7E,0x018,ram_018,read,,"MOVF ram_018, W, A",0x007D08
0x007D80,0x549,ram_549,read_write,,"ANDWF ram_549, F, B",0x007D08
0x007D82,0x019,ram_019,read,,"MOVF ram_019, W, A",0x007D08
0x007D84,0x54A,ram_54A,read_write,,"ANDWF ram_54A, F, B",0x007D08
0x007D86,0x01A,ram_01A,read,,"MOVF ram_01A, W, A",0x007D08
0x007D88,0x54B,ram_54B,read_write,,"ANDWF ram_54B, F, B",0x007D08
0x007D8C,0x01C,ram_01C,read,,"MOVF ram_01C, W, A",0x007D08
0x007D90,0x544,ram_544,read_write,,"IORWF ram_544, F, B",0x007D08
0x007D92,0x01D,ram_01D,read,,"MOVF ram_01D, W, A",0x007D08
0x007D94,0x545,ram_545,read_write,,"IORWF ram_545, F, B",0x007D08
0x007D96,0x01E,ram_01E,read,,"MOVF ram_01E, W, A",0x007D08
0x007D98,0x546,ram_546,read_write,,"IORWF ram_546, F, B",0x007D08
0x007D9A,0x01F,ram_01F,read,,"MOVF ram_01F, W, A",0x007D08
0x007D9C,0x547,ram_547,read_write,,"IORWF ram_547, F, B",0x007D08
0x007D9E,0x020,ram_020,read,,"MOVF ram_020, W, A",0x007D08
0x007DA0,0x548,ram_548,read_write,,"IORWF ram_548, F, B",0x007D08
0x007DA2,0x021,ram_021,read,,"MOVF ram_021, W, A",0x007D08
0x007DA4,0x549,ram_549,read_write,,"IORWF ram_549, F, B",0x007D08
0x007DA6,0x022,ram_022,read,,"MOVF ram_022, W, A",0x007D08
0x007DA8,0x54A,ram_54A,read_write,,"IORWF ram_54A, F, B",0x007D08
0x007DAA,0x023,ram_023,read,,"MOVF ram_023, W, A",0x007D08
0x007DAC,0x54B,ram_54B,read_write,,"IORWF ram_54B, F, B",0x007D08
0x007DB2,0x493,ram_493,read,,"MOVF ram_493, W, B",0x007D08
0x007DB4,0xFD8,STATUS,read,2,"BTFSC STATUS, 2, A",0x007D08
0x007DB8,0x01C,ram_01C,read,,"MOVF ram_01C, W, A",0x007D08
0x007DBC,0x544,ram_544,read,,"ANDWF ram_544, W, B",0x007D08
0x007DBE,0x013,ram_013,write,,"MOVWF ram_013, A",0x007D08
0x007DC0,0x01D,ram_01D,read,,"MOVF ram_01D, W, A",0x007D08
0x007DC2,0x545,ram_545,read,,"ANDWF ram_545, W, B",0x007D08
0x007DC4,0x014,ram_014,write,,"MOVWF ram_014, A",0x007D08
0x007DC6,0x01E,ram_01E,read,,"MOVF ram_01E, W, A",0x007D08
0x007DC8,0x546,ram_546,read,,"ANDWF ram_546, W, B",0x007D08
0x007DCA,0x015,ram_015,write,,"MOVWF ram_015, A",0x007D08
0x007DCC,0x01F,ram_01F,read,,"MOVF ram_01F, W, A",0x007D08
0x007DCE,0x547,ram_547,read,,"ANDWF ram_547, W, B",0x007D08
0x007DD0,0x016,ram_016,write,,"MOVWF ram_016, A",0x007D08
0x007DD2,0x020,ram_020,read,,"MOVF ram_020, W, A",0x007D08
0x007DD4,0x548,ram_548,read,,"ANDWF ram_548, W, B",0x007D08
0x007DD6,0x017,ram_017,write,,"MOVWF ram_017, A",0x007D08
0x007DD8,0x021,ram_021,read,,"MOVF ram_021, W, A",0x007D08
0x007DDA,0x549,ram_549,read,,"ANDWF ram_549, W, B",0x007D08
0x007DDC,0x018,ram_018,write,,"MOVWF ram_018, A",0x007D08
0x007DDE,0x022,ram_022,read,,"MOVF ram_022, W, A",0x007D08
0x007DE0,0x54A,ram_54A,read,,"ANDWF ram_54A, W, B",0x007D08
0x007DE2,0x019,ram_019,write,,"MOVWF ram_019, A",0x007D08
0x007DE4,0x023,ram_023,read,,"MOVF ram_023, W, A",0x007D08
0x007DE6,0x54B,ram_54B,read,,"ANDWF ram_54B, W, B",0x007D08
0x007DE8,0x01A,ram_01A,write,,"MOVWF ram_01A, A",0x007D08
0x007DEA,0x013,ram_013,read,,"MOVF ram_013, W, A",0x007D08
0x007DEC,0x014,ram_014,read,,"IORWF ram_014, W, A",0x007D08
0x007DEE,0x015,ram_015,read,,"IORWF ram_015, W, A",0x007D08
0x007DF0,0x016,ram_016,read,,"IORWF ram_016, W, A",0x007D08
0x007DF2,0x017,ram_017,read,,"IORWF ram_017, W, A",0x007D08
0x007DF4,0x018,ram_018,read,,"IORWF ram_018, W, A",0x007D08
0x007DF6,0x019,ram_019,read,,"IORWF ram_019, W, A",0x007D08
0x007DF8,0x01A,ram_01A,read,,"IORWF ram_01A, W, A",0x007D08
0x007DFA,0xFD8,STATUS,read,2,"BTFSC STATUS, 2, A",0x007D08
0x007E02,0x544,ram_544,write,,"CLRF ram_544, B",0x007D08
0x007E04,0x545,ram_545,write,,"CLRF ram_545, B",0x007D08
0x007E06,0x546,ram_546,write,,"CLRF ram_546, B",0x007D08
0x007E08,0x547,ram_547,write,,"CLRF ram_547, B",0x007D08
0x007E0A,0x548,ram_548,write,,"CLRF ram_548, B",0x007D08
0x007E0C,0x549,ram_549,write,,"CLRF ram_549, B",0x007D08
0x007E0E,0x54A,ram_54A,write,,"CLRF ram_54A, B",0x007D08
0x007E10,0x54B,ram_54B,write,,"CLRF ram_54B, B",0x007D08
0x007E16,0x493,ram_493,read,,"MOVF ram_493, W, B",0x007D08
0x007E18,0xFD8,STATUS,read,2,"BTFSC STATUS, 2, A",0x007D08
0x007E1E,0x544,ram_544,read,,"MOVF ram_544, W, B",0x007D08
0x007E20,0x545,ram_545,read,,"IORWF ram_545, W, B",0x007D08
0x007E22,0x546,ram_546,read,,"IORWF ram_546, W, B",0x007D08
0x007E24,0x547,ram_547,read,,"IORWF ram_547, W, B",0x007D08
0x007E26,0x548,ram_548,read,,"IORWF ram_548, W, B",0x007D08
0x007E28,0x549,ram_549,read,,"IORWF ram_549, W, B",0x007D08
0x007E2A,0x54A,ram_54A,read,,"IORWF ram_54A, W, B",0x007D08
0x007E2C,0x54B,ram_54B,read,,"IORWF ram_54B, W, B",0x007D08
0x007E30,0x01B,ram_01B,read,,"MOVF ram_01B, W, A",0x007D08
0x007E32,0x013,ram_013,write,,"MOVWF ram_013, A",0x007D08
0x007E34,0x014,ram_014,write,,"CLRF ram_014, A",0x007D08
0x007E36,0x014,ram_014,read,,"MOVF ram_014, W, A",0x007D08
0x007E38,0xFD8,STATUS,read,2,"BTFSS STATUS, 2, A",0x007D08
0x007E3C,0x013,ram_013,read,,"MOVF ram_013, W, A",0x007D08
0x007E4E,0xFD8,STATUS,read,2,"BTFSS STATUS, 2, A",0x007D08
0x007E56,0x061,ram_061,read,7,"BTFSC ram_061, 7, B",0x007E54
0x007E5A,0x061,ram_061,read,,"MOVF ram_061, W, B",0x007E54
0x007E5E,0x060,ram_060,read,,"DECF ram_060, W, B",0x007E54
0x007E62,0x062,ram_062,read,,"MOVFF ram_062, ram_020",0x007E54
0x007E62,0x020,ram_020,write,,"MOVFF ram_062, ram_020",0x007E54
0x007E66,0x063,ram_063,read,,"MOVFF ram_063, ram_021",0x007E54
0x007E66,0x021,ram_021,write,,"MOVFF ram_063, ram_021",0x007E54
0x007E6A,0x064,ram_064,read,,"MOVFF ram_064, ram_022",0x007E54
0x007E6A,0x022,ram_022,write,,"MOVFF ram_064, ram_022",0x007E54
0x007E6E,0x065,ram_065,read,,"MOVFF ram_065, ram_023",0x007E54
0x007E6E,0x023,ram_023,write,,"MOVFF ram_065, ram_023",0x007E54
0x007E74,0x024,ram_024,write,,"MOVWF ram_024, A",0x007E54
0x007E76,0x025,ram_025,write,,"CLRF ram_025, A",0x007E54
0x007E78,0x026,ram_026,write,,"CLRF ram_026, A",0x007E54
0x007E7A,0x027,ram_027,write,,"CLRF ram_027, A",0x007E54
0x007E80,0x020,ram_020,read,,"MOVFF ram_020, ram_062",0x007E54
0x007E80,0x062,ram_062,write,,"MOVFF ram_020, ram_062",0x007E54
0x007E84,0x021,ram_021,read,,"MOVFF ram_021, ram_063",0x007E54
0x007E84,0x063,ram_063,write,,"MOVFF ram_021, ram_063",0x007E54
0x007E88,0x022,ram_022,read,,"MOVFF ram_022, ram_064",0x007E54
0x007E88,0x064,ram_064,write,,"MOVFF ram_022, ram_064",0x007E54
0x007E8C,0x023,ram_023,read,,"MOVFF ram_023, ram_065",0x007E54
0x007E8C,0x065,ram_065,write,,"MOVFF ram_023, ram_065",0x007E54
0x007E90,0x062,ram_062,read,,"MOVFF ram_062, ram_012",0x007E54
0x007E90,0x012,ram_012,write,,"MOVFF ram_062, ram_012",0x007E54
0x007E94,0x063,ram_063,read,,"MOVFF ram_063, ram_013",0x007E54
0x007E94,0x013,ram_013,write,,"MOVFF ram_063, ram_013",0x007E54
0x007E98,0x064,ram_064,read,,"MOVFF ram_064, ram_014",0x007E54
0x007E98,0x014,ram_014,write,,"MOVFF ram_064, ram_014",0x007E54
0x007E9C,0x065,ram_065,read,,"MOVFF ram_065, ram_015",0x007E54
0x007E9C,0x015,ram_015,write,,"MOVFF ram_065, ram_015",0x007E54
0x007EA4,0x060,ram_060,read,,"ADDWF ram_060, W, B",0x007E54
0x007EA6,0x02C,ram_02C,write,,"MOVWF ram_02C, A",0x007E54
0x007EAA,0x061,ram_061,read,,"ADDWFC ram_061, W, B",0x007E54
0x007EAC,0x02D,ram_02D,write,,"MOVWF ram_02D, A",0x007E54
0x007EAE,0x02C,ram_02C,read,,"MOVFF ram_02C, ram_016",0x007E54
0x007EAE,0x016,ram_016,write,,"MOVFF ram_02C, ram_016",0x007E54
0x007EB2,0x02D,ram_02D,read,,"MOVFF ram_02D, ram_017",0x007E54
0x007EB2,0x017,ram_017,write,,"MOVFF ram_02D, ram_017",0x007E54
0x007EB8,0x017,ram_017,read,7,"BTFSC ram_017, 7, A",0x007E54
0x007EBC,0x018,ram_018,write,,"MOVWF ram_018, A",0x007E54
0x007EBE,0x019,ram_019,write,,"MOVWF ram_019, A",0x007E54
0x007EC4,0x012,ram_012,read,,"MOVFF ram_012, ram_062",0x007E54
0x007EC4,0x062,ram_062,write,,"MOVFF ram_012, ram_062",0x007E54
0x007EC8,0x013,ram_013,read,,"MOVFF ram_013, ram_063",0x007E54
0x007EC8,0x063,ram_063,write,,"MOVFF ram_013, ram_063",0x007E54
0x007ECC,0x014,ram_014,read,,"MOVFF ram_014, ram_064",0x007E54
0x007ECC,0x064,ram_064,write,,"MOVFF ram_014, ram_064",0x007E54
0x007ED0,0x015,ram_015,read,,"MOVFF ram_015, ram_065",0x007E54
0x007ED0,0x065,ram_065,write,,"MOVFF ram_015, ram_065",0x007E54
0x007ED6,0x061,ram_061,read,7,"BTFSS ram_061, 7, B",0x007E54
0x007EDA,0x062,ram_062,read,,"MOVFF ram_062, ram_020",0x007E54
0x007EDA,0x020,ram_020,write,,"MOVFF ram_062, ram_020",0x007E54
0x007EDE,0x063,ram_063,read,,"MOVFF ram_063, ram_021",0x007E54
0x007EDE,0x021,ram_021,write,,"MOVFF ram_063, ram_021",0x007E54
0x007EE2,0x064,ram_064,read,,"MOVFF ram_064, ram_022",0x007E54
0x007EE2,0x022,ram_022,write,,"MOVFF ram_064, ram_022",0x007E54
0x007EE6,0x065,ram_065,read,,"MOVFF ram_065, ram_023",0x007E54
0x007EE6,0x023,ram_023,write,,"MOVFF ram_065, ram_023",0x007E54
0x007EEC,0x02C,ram_02C,write,,"MOVWF ram_02C, A",0x007E54
0x007EEE,0x02D,ram_02D,write,,"CLRF ram_02D, A",0x007E54
0x007EF0,0x060,ram_060,read,,"MOVF ram_060, W, B",0x007E54
0x007EF2,0x02C,ram_02C,read_write,,"SUBWF ram_02C, F, A",0x007E54
0x007EF4,0x061,ram_061,read,,"MOVF ram_061, W, B",0x007E54
0x007EF6,0x02D,ram_02D,read_write,,"SUBWFB ram_02D, F, A",0x007E54
0x007EF8,0x02C,ram_02C,read,,"MOVFF ram_02C, ram_024",0x007E54
0x007EF8,0x024,ram_024,write,,"MOVFF ram_02C, ram_024",0x007E54
0x007EFC,0x02D,ram_02D,read,,"MOVFF ram_02D, ram_025",0x007E54
0x007EFC,0x025,ram_025,write,,"MOVFF ram_02D, ram_025",0x007E54
0x007F02,0x025,ram_025,read,7,"BTFSC ram_025, 7, A",0x007E54
0x007F06,0x026,ram_026,write,,"MOVWF ram_026, A",0x007E54
0x007F08,0x027,ram_027,write,,"MOVWF ram_027, A",0x007E54
0x007F0E,0x020,ram_020,read,,"MOVFF ram_020, ram_062",0x007E54
0x007F0E,0x062,ram_062,write,,"MOVFF ram_020, ram_062",0x007E54
0x007F12,0x021,ram_021,read,,"MOVFF ram_021, ram_063",0x007E54
0x007F12,0x063,ram_063,write,,"MOVFF ram_021, ram_063",0x007E54
0x007F16,0x022,ram_022,read,,"MOVFF ram_022, ram_064",0x007E54
0x007F16,0x064,ram_064,write,,"MOVFF ram_022, ram_064",0x007E54
0x007F1A,0x023,ram_023,read,,"MOVFF ram_023, ram_065",0x007E54
0x007F1A,0x065,ram_065,write,,"MOVFF ram_023, ram_065",0x007E54
0x007F1E,0x062,ram_062,read,,"MOVFF ram_062, ram_012",0x007E54
0x007F1E,0x012,ram_012,write,,"MOVFF ram_062, ram_012",0x007E54
0x007F22,0x063,ram_063,read,,"MOVFF ram_063, ram_013",0x007E54
0x007F22,0x013,ram_013,write,,"MOVFF ram_063, ram_013",0x007E54
0x007F26,0x064,ram_064,read,,"MOVFF ram_064, ram_014",0x007E54
0x007F26,0x014,ram_014,write,,"MOVFF ram_064, ram_014",0x007E54
0x007F2A,0x065,ram_065,read,,"MOVFF ram_065, ram_015",0x007E54
0x007F2A,0x015,ram_015,write,,"MOVFF ram_065, ram_015",0x007E54
0x007F30,0x016,ram_016,write,,"MOVWF ram_016, A",0x007E54
0x007F32,0x017,ram_017,write,,"CLRF ram_017, A",0x007E54
0x007F34,0x018,ram_018,write,,"CLRF ram_018, A",0x007E54
0x007F36,0x019,ram_019,write,,"CLRF ram_019, A",0x007E54
0x007F3C,0x012,ram_012,read,,"MOVFF ram_012, ram_062",0x007E54
0x007F3C,0x062,ram_062,write,,"MOVFF ram_012, ram_062",0x007E54
0x007F40,0x013,ram_013,read,,"MOVFF ram_013, ram_063",0x007E54
0x007F40,0x063,ram_063,write,,"MOVFF ram_013, ram_063",0x007E54
0x007F44,0x014,ram_014,read,,"MOVFF ram_014, ram_064",0x007E54
0x007F44,0x064,ram_064,write,,"MOVFF ram_014, ram_064",0x007E54
0x007F48,0x015,ram_015,read,,"MOVFF ram_015, ram_065",0x007E54
0x007F48,0x065,ram_065,write,,"MOVFF ram_015, ram_065",0x007E54
0x007F4E,0x065,ram_065,read,7,"BTFSC ram_065, 7, B",0x007E54
0x007F52,0x065,ram_065,read,,"DECF ram_065, W, B",0x007E54
0x007F56,0x062,ram_062,write,,"SETF ram_062, B",0x007E54
0x007F58,0x063,ram_063,write,,"SETF ram_063, B",0x007E54
0x007F5A,0x064,ram_064,write,,"SETF ram_064, B",0x007E54
0x007F5C,0x065,ram_065,write,,"CLRF ram_065, B",0x007E54
0x007F5E,0x065,ram_065,read,7,"BTFSC ram_065, 7, B",0x007E54
0x007F62,0x065,ram_065,read,,"MOVF ram_065, W, B",0x007E54
0x007F64,0x064,ram_064,read,,"IORWF ram_064, W, B",0x007E54
0x007F66,0x063,ram_063,read,,"IORWF ram_063, W, B",0x007E54
0x007F6C,0x062,ram_062,read,,"SUBWF ram_062, W, B",0x007E54
0x007F72,0x062,ram_062,write,,"MOVWF ram_062, B",0x007E54
0x007F76,0x063,ram_063,write,,"CLRF ram_063, B",0x007E54
0x007F78,0x064,ram_064,write,,"CLRF ram_064, B",0x007E54
0x007F7A,0x065,ram_065,write,,"CLRF ram_065, B",0x007E54
0x007F7C,0x062,ram_062,read,,"MOVFF ram_062, ram_060",0x007E54
0x007F7C,0x060,ram_060,write,,"MOVFF ram_062, ram_060",0x007E54
0x007F80,0x063,ram_063,read,,"MOVFF ram_063, ram_061",0x007E54
0x007F80,0x061,ram_061,write,,"MOVFF ram_063, ram_061",0x007E54
0x007F84,0x064,ram_064,read,,"MOVFF ram_064, ram_062",0x007E54
0x007F84,0x062,ram_062,write,,"MOVFF ram_064, ram_062",0x007E54
0x007F88,0x065,ram_065,read,,"MOVFF ram_065, ram_063",0x007E54
0x007F88,0x063,ram_063,write,,"MOVFF ram_065, ram_063",0x007E54
0x007F8E,0x01F,ram_01F,read,,"MOVFF ram_01F, ram_068",0x007F8E
0x007F8E,0x068,ram_068,write,,"MOVFF ram_01F, ram_068",0x007F8E
0x007F92,0x020,ram_020,read,,"MOVFF ram_020, ram_069",0x007F8E
0x007F92,0x069,ram_069,write,,"MOVFF ram_020, ram_069",0x007F8E
0x007F98,0x06A,ram_06A,write,,"CLRF ram_06A, B",0x007F8E
0x007F9A,0x06B,ram_06B,write,,"CLRF ram_06B, B",0x007F8E
0x007F9C,0x021,ram_021,read,,"MOVFF ram_021, ram_06C",0x007F8E
0x007F9C,0x06C,ram_06C,write,,"MOVFF ram_021, ram_06C",0x007F8E
0x007FA0,0x022,ram_022,read,,"MOVFF ram_022, ram_06D",0x007F8E
0x007FA0,0x06D,ram_06D,write,,"MOVFF ram_022, ram_06D",0x007F8E
0x007FA4,0x06E,ram_06E,write,,"CLRF ram_06E, B",0x007F8E
0x007FA6,0x06F,ram_06F,write,,"CLRF ram_06F, B",0x007F8E
0x007FA8,0x01F,ram_01F,read,,"MOVF ram_01F, W, A",0x007F8E
0x007FAA,0x023,ram_023,write,,"MOVWF ram_023, A",0x007F8E
0x007FAC,0x020,ram_020,read,,"MOVF ram_020, W, A",0x007F8E
0x007FAE,0x024,ram_024,write,,"MOVWF ram_024, A",0x007F8E
0x007FB0,0x025,ram_025,write,,"CLRF ram_025, A",0x007F8E
0x007FB2,0x026,ram_026,write,,"CLRF ram_026, A",0x007F8E
0x007FB4,0x023,ram_023,read,,"MOVF ram_023, W, A",0x007F8E
0x007FB6,0x06C,ram_06C,read,,"MULWF ram_06C, B",0x007F8E
0x007FB8,0xFF3,PRODL,read,,"MOVFF PRODL, ram_027",0x007F8E
0x007FB8,0x027,ram_027,write,,"MOVFF PRODL, ram_027",0x007F8E
0x007FBC,0xFF4,PRODH,read,,"MOVFF PRODH, ram_028",0x007F8E
0x007FBC,0x028,ram_028,write,,"MOVFF PRODH, ram_028",0x007F8E
0x007FC0,0x029,ram_029,write,,"CLRF ram_029, A",0x007F8E
0x007FC2,0x02A,ram_02A,write,,"CLRF ram_02A, A",0x007F8E
0x007FC4,0x06D,ram_06D,read,,"MULWF ram_06D, B",0x007F8E
0x007FC6,0xFF3,PRODL,read,,"MOVF PRODL, W, A",0x007F8E
0x007FC8,0x028,ram_028,read_write,,"ADDWF ram_028, F, A",0x007F8E
0x007FCA,0xFF4,PRODH,read,,"MOVF PRODH, W, A",0x007F8E
0x007FCC,0x029,ram_029,read_write,,"ADDWFC ram_029, F, A",0x007F8E
0x007FD0,0x02A,ram_02A,read_write,,"ADDWFC ram_02A, F, A",0x007F8E
0x007FD2,0x024,ram_024,read,,"MOVF ram_024, W, A",0x007F8E
0x007FD4,0x06C,ram_06C,read,,"MULWF ram_06C, B",0x007F8E
0x007FD6,0xFF3,PRODL,read,,"MOVF PRODL, W, A",0x007F8E
0x007FD8,0x028,ram_028,read_write,,"ADDWF ram_028, F, A",0x007F8E
0x007FDA,0xFF4,PRODH,read,,"MOVF PRODH, W, A",0x007F8E
0x007FDC,0x029,ram_029,read_write,,"ADDWFC ram_029, F, A",0x007F8E
0x007FE0,0x02A,ram_02A,read_write,,"ADDWFC ram_02A, F, A",0x007F8E
0x007FE2,0x023,ram_023,read,,"MOVF ram_023, W, A",0x007F8E
0x007FE4,0x06E,ram_06E,read,,"MULWF ram_06E, B",0x007F8E
0x007FE6,0xFF3,PRODL,read,,"MOVF PRODL, W, A",0x007F8E
0x007FE8,0x029,ram_029,read_write,,"ADDWF ram_029, F, A",0x007F8E
0x007FEA,0xFF4,PRODH,read,,"MOVF PRODH, W, A",0x007F8E
0x007FEC,0x02A,ram_02A,read_write,,"ADDWFC ram_02A, F, A",0x007F8E
0x007FEE,0x024,ram_024,read,,"MOVF ram_024, W, A",0x007F8E
0x007FF0,0x06D,ram_06D,read,,"MULWF ram_06D, B",0x007F8E
0x007FF2,0xFF3,PRODL,read,,"MOVF PRODL, W, A",0x007F8E
0x007FF4,0x029,ram_029,read_write,,"ADDWF ram_029, F, A",0x007F8E
0x007FF6,0xFF4,PRODH,read,,"MOVF PRODH, W, A",0x007F8E
0x007FF8,0x02A,ram_02A,read_write,,"ADDWFC ram_02A, F, A",0x007F8E
0x007FFA,0x025,ram_025,read,,"MOVF ram_025, W, A",0x007F8E
0x007FFC,0x06C,ram_06C,read,,"MULWF ram_06C, B",0x007F8E
0x007FFE,0xFF3,PRODL,read,,"MOVF PRODL, W, A",0x007F8E
0x008000,0x029,ram_029,read_write,,"ADDWF ram_029, F, A",0x007F8E
0x008002,0xFF4,PRODH,read,,"MOVF PRODH, W, A",0x007F8E
0x008004,0x02A,ram_02A,read_write,,"ADDWFC ram_02A, F, A",0x007F8E
0x008006,0x06F,ram_06F,read,,"MOVF ram_06F, W, B",0x007F8E
0x008008,0x023,ram_023,read,,"MULWF ram_023, A",0x007F8E
0x00800A,0xFF3,PRODL,read,,"MOVF PRODL, W, A",0x007F8E
0x00800C,0x02A,ram_02A,read_write,,"ADDWF ram_02A, F, A",0x007F8E
0x00800E,0x024,ram_024,read,,"MOVF ram_024, W, A",0x007F8E
0x008010,0x06E,ram_06E,read,,"MULWF ram_06E, B",0x007F8E
0x008012,0xFF3,PRODL,read,,"MOVF PRODL, W, A",0x007F8E
0x008014,0x02A,ram_02A,read_write,,"ADDWF ram_02A, F, A",0x007F8E
0x008016,0x025,ram_025,read,,"MOVF ram_025, W, A",0x007F8E
0x008018,0x06D,ram_06D,read,,"MULWF ram_06D, B",0x007F8E
0x00801A,0xFF3,PRODL,read,,"MOVF PRODL, W, A",0x007F8E
0x00801C,0x02A,ram_02A,read_write,,"ADDWF ram_02A, F, A",0x007F8E
0x00801E,0x026,ram_026,read,,"MOVF ram_026, W, A",0x007F8E
0x008020,0x06C,ram_06C,read,,"MULWF ram_06C, B",0x007F8E
0x008022,0xFF3,PRODL,read,,"MOVF PRODL, W, A",0x007F8E
0x008024,0x02A,ram_02A,read_write,,"ADDWF ram_02A, F, A",0x007F8E
0x008026,0x027,ram_027,read,,"MOVFF ram_027, ram_060",0x007F8E
0x008026,0x060,ram_060,write,,"MOVFF ram_027, ram_060",0x007F8E
0x00802A,0x028,ram_028,read,,"MOVFF ram_028, ram_061",0x007F8E
0x00802A,0x061,ram_061,write,,"MOVFF ram_028, ram_061",0x007F8E
0x00802E,0x029,ram_029,read,,"MOVFF ram_029, ram_062",0x007F8E
0x00802E,0x062,ram_062,write,,"MOVFF ram_029, ram_062",0x007F8E
0x008032,0x02A,ram_02A,read,,"MOVFF ram_02A, ram_063",0x007F8E
0x008032,0x063,ram_063,write,,"MOVFF ram_02A, ram_063",0x007F8E
0x008038,0x06C,ram_06C,read,,"MOVFF ram_06C, ram_064",0x007F8E
0x008038,0x064,ram_064,write,,"MOVFF ram_06C, ram_064",0x007F8E
0x00803C,0x06D,ram_06D,read,,"MOVFF ram_06D, ram_065",0x007F8E
0x00803C,0x065,ram_065,write,,"MOVFF ram_06D, ram_065",0x007F8E
0x008040,0x06E,ram_06E,read,,"MOVFF ram_06E, ram_066",0x007F8E
0x008040,0x066,ram_066,write,,"MOVFF ram_06E, ram_066",0x007F8E
0x008044,0x06F,ram_06F,read,,"MOVFF ram_06F, ram_067",0x007F8E
0x008044,0x067,ram_067,write,,"MOVFF ram_06F, ram_067",0x007F8E
0x008048,0x068,ram_068,read,,"MOVFF ram_068, ram_012",0x007F8E
0x008048,0x012,ram_012,write,,"MOVFF ram_068, ram_012",0x007F8E
0x00804C,0x069,ram_069,read,,"MOVFF ram_069, ram_013",0x007F8E
0x00804C,0x013,ram_013,write,,"MOVFF ram_069, ram_013",0x007F8E
0x008050,0x06A,ram_06A,read,,"MOVFF ram_06A, ram_014",0x007F8E
0x008050,0x014,ram_014,write,,"MOVFF ram_06A, ram_014",0x007F8E
0x008054,0x06B,ram_06B,read,,"MOVFF ram_06B, ram_015",0x007F8E
0x008054,0x015,ram_015,write,,"MOVFF ram_06B, ram_015",0x007F8E
0x008058,0x06C,ram_06C,read,,"MOVFF ram_06C, ram_016",0x007F8E
0x008058,0x016,ram_016,write,,"MOVFF ram_06C, ram_016",0x007F8E
0x00805C,0x06D,ram_06D,read,,"MOVFF ram_06D, ram_017",0x007F8E
0x00805C,0x017,ram_017,write,,"MOVFF ram_06D, ram_017",0x007F8E
0x008060,0x06E,ram_06E,read,,"MOVFF ram_06E, ram_018",0x007F8E
0x008060,0x018,ram_018,write,,"MOVFF ram_06E, ram_018",0x007F8E
0x008064,0x06F,ram_06F,read,,"MOVFF ram_06F, ram_019",0x007F8E
0x008064,0x019,ram_019,write,,"MOVFF ram_06F, ram_019",0x007F8E
0x00806C,0x012,ram_012,read,,"MOVFF ram_012, ram_06C",0x007F8E
0x00806C,0x06C,ram_06C,write,,"MOVFF ram_012, ram_06C",0x007F8E
0x008070,0x013,ram_013,read,,"MOVFF ram_013, ram_06D",0x007F8E
0x008070,0x06D,ram_06D,write,,"MOVFF ram_013, ram_06D",0x007F8E
0x008074,0x014,ram_014,read,,"MOVFF ram_014, ram_06E",0x007F8E
0x008074,0x06E,ram_06E,write,,"MOVFF ram_014, ram_06E",0x007F8E
0x008078,0x015,ram_015,read,,"MOVFF ram_015, ram_06F",0x007F8E
0x008078,0x06F,ram_06F,write,,"MOVFF ram_015, ram_06F",0x007F8E
0x00807C,0x064,ram_064,read,,"MOVFF ram_064, ram_068",0x007F8E
0x00807C,0x068,ram_068,write,,"MOVFF ram_064, ram_068",0x007F8E
0x008080,0x065,ram_065,read,,"MOVFF ram_065, ram_069",0x007F8E
0x008080,0x069,ram_069,write,,"MOVFF ram_065, ram_069",0x007F8E
0x008084,0x066,ram_066,read,,"MOVFF ram_066, ram_06A",0x007F8E
0x008084,0x06A,ram_06A,write,,"MOVFF ram_066, ram_06A",0x007F8E
0x008088,0x067,ram_067,read,,"MOVFF ram_067, ram_06B",0x007F8E
0x008088,0x06B,ram_06B,write,,"MOVFF ram_067, ram_06B",0x007F8E
0x00808E,0x06C,ram_06C,read,,"MOVF ram_06C, W, B",0x007F8E
0x008090,0x06D,ram_06D,read,,"IORWF ram_06D, W, B",0x007F8E
0x008092,0x06E,ram_06E,read,,"IORWF ram_06E, W, B",0x007F8E
0x008094,0x06F,ram_06F,read,,"IORWF ram_06F, W, B",0x007F8E
0x008098,0x060,ram_060,read,,"MOVFF ram_060, ram_012",0x007F8E
0x008098,0x012,ram_012,write,,"MOVFF ram_060, ram_012",0x007F8E
0x00809C,0x061,ram_061,read,,"MOVFF ram_061, ram_013",0x007F8E
0x00809C,0x013,ram_013,write,,"MOVFF ram_061, ram_013",0x007F8E
0x0080A0,0x062,ram_062,read,,"MOVFF ram_062, ram_014",0x007F8E
0x0080A0,0x014,ram_014,write,,"MOVFF ram_062, ram_014",0x007F8E
0x0080A4,0x063,ram_063,read,,"MOVFF ram_063, ram_015",0x007F8E
0x0080A4,0x015,ram_015,write,,"MOVFF ram_063, ram_015",0x007F8E
0x0080A8,0x068,ram_068,read,,"MOVFF ram_068, ram_016",0x007F8E
0x0080A8,0x016,ram_016,write,,"MOVFF ram_068, ram_016",0x007F8E
0x0080AC,0x069,ram_069,read,,"MOVFF ram_069, ram_017",0x007F8E
0x0080AC,0x017,ram_017,write,,"MOVFF ram_069, ram_017",0x007F8E
0x0080B0,0x06A,ram_06A,read,,"MOVFF ram_06A, ram_018",0x007F8E
0x0080B0,0x018,ram_018,write,,"MOVFF ram_06A, ram_018",0x007F8E
0x0080B4,0x06B,ram_06B,read,,"MOVFF ram_06B, ram_019",0x007F8E
0x0080B4,0x019,ram_019,write,,"MOVFF ram_06B, ram_019",0x007F8E
0x0080BC,0x012,ram_012,read,,"MOVFF ram_012, ram_01F",0x007F8E
0x0080BC,0x01F,ram_01F,write,,"MOVFF ram_012, ram_01F",0x007F8E
0x0080C0,0x013,ram_013,read,,"MOVFF ram_013, ram_020",0x007F8E
0x0080C0,0x020,ram_020,write,,"MOVFF ram_013, ram_020",0x007F8E
0x0080C6,0xF8C,LATD,read_write,1,"BSF LATD, 1, A",0x0080C6
0x0080C8,0xF8B,LATC,read_write,3,"BSF LATC, 3, A",0x0080C6
0x0080CA,0xF8C,LATD,read_write,0,"BCF LATD, 0, A",0x0080C6
0x0080CC,0xF82,PORTC,read,2,"BTFSS PORTC, 2, A",0x0080C6
0x0080CE,0xF82,PORTC,read,5,"BTFSS PORTC, 5, A",0x0080C6
0x0080D2,0xF83,PORTD,read,7,"BTFSC PORTD, 7, A",0x0080C6
0x0080D4,0xF82,PORTC,read,1,"BTFSS PORTC, 1, A",0x0080C6
0x0080D8,0xF82,PORTC,read,6,"BTFSC PORTC, 6, A",0x0080C6
0x0080DA,0xF83,PORTD,read,6,"BTFSS PORTD, 6, A",0x0080C6
0x0080DE,0xF82,PORTC,read,0,"BTFSS PORTC, 0, A",0x0080C6
0x0080E2,0xF84,PORTE,read,2,"BTFSC PORTE, 2, A",0x0080C6
0x0080E8,0xFF6,TBLPTRL,write,,"MOVWF TBLPTRL, A",0x0080C6
0x0080EC,0xFF7,TBLPTRH,write,,"MOVWF TBLPTRH, A",0x0080C6
0x0080F0,0xFF5,TABLAT,read,,"MOVFF TABLAT, ram_01E",0x0080C6
0x0080F0,0x01E,ram_01E,write,,"MOVFF TABLAT, ram_01E",0x0080C6
0x0080F6,0xFF5,TABLAT,read,,"MOVFF TABLAT, ram_01F",0x0080C6
0x0080F6,0x01F,ram_01F,write,,"MOVFF TABLAT, ram_01F",0x0080C6
0x0080FC,0x01E,ram_01E,read,,"IORWF ram_01E, W, A",0x0080C6
0x0080FE,0x020,ram_020,write,,"MOVWF ram_020, A",0x0080C6
0x008100,0x01F,ram_01F,read,,"MOVF ram_01F, W, A",0x0080C6
0x008102,0x021,ram_021,write,,"MOVWF ram_021, A",0x0080C6
0x008104,0x020,ram_020,read,,"MOVFF ram_020, ram_012",0x0080C6
0x008104,0x012,ram_012,write,,"MOVFF ram_020, ram_012",0x0080C6
0x008108,0x021,ram_021,read,,"MOVFF ram_021, ram_013",0x0080C6
0x008108,0x013,ram_013,write,,"MOVFF ram_021, ram_013",0x0080C6
0x008110,0x029,ram_029,write,,"CLRF ram_029, A",0x0080C6
0x008114,0xF53,TMR4,write,,"CLRF TMR4, B",0x0080C6
0x008116,0xF51,T4CON,read_write,2,"BSF T4CON, 2, B",0x0080C6
0x008118,0x024,ram_024,write,,"CLRF ram_024, A",0x0080C6
0x00811A,0x025,ram_025,write,,"CLRF ram_025, A",0x0080C6
0x00811E,0x012,ram_012,write,,"MOVWF ram_012, A",0x0080C6
0x008126,0x024,ram_024,read_write,,"INFSNZ ram_024, F, A",0x0080C6
0x008128,0x025,ram_025,read_write,,"INCF ram_025, F, A",0x0080C6
0x00812C,0x024,ram_024,read,,"XORWF ram_024, W, A",0x0080C6
0x00812E,0x025,ram_025,read,,"IORWF ram_025, W, A",0x0080C6
0x008134,0x012,ram_012,write,,"MOVWF ram_012, A",0x0080C6
0x00813C,0x012,ram_012,write,,"MOVWF ram_012, A",0x0080C6
0x008144,0x012,ram_012,write,,"MOVWF ram_012, A",0x0080C6
0x00814C,0x012,ram_012,write,,"MOVWF ram_012, A",0x0080C6
0x008154,0x02A,ram_02A,write,,"CLRF ram_02A, A",0x0080C6
0x008156,0x02B,ram_02B,write,,"CLRF ram_02B, A",0x0080C6
0x008158,0x023,ram_023,write,,"CLRF ram_023, A",0x0080C6
0x00815C,0x022,ram_022,write,,"MOVWF ram_022, A",0x0080C6
0x008160,0xF82,PORTC,read,2,"BTFSS PORTC, 2, A",0x0080C6
0x008162,0xF82,PORTC,read,5,"BTFSS PORTC, 5, A",0x0080C6
0x008166,0xF83,PORTD,read,7,"BTFSC PORTD, 7, A",0x0080C6
0x008168,0xF82,PORTC,read,1,"BTFSS PORTC, 1, A",0x0080C6
0x00816C,0xF82,PORTC,read,6,"BTFSC PORTC, 6, A",0x0080C6
0x00816E,0xF83,PORTD,read,6,"BTFSS PORTD, 6, A",0x0080C6
0x008172,0xF82,PORTC,read,0,"BTFSC PORTC, 0, A",0x0080C6
0x008174,0xF84,PORTE,read,2,"BTFSS PORTE, 2, A",0x0080C6
0x00817A,0x02A,ram_02A,read,,"MOVFF ram_02A, ram_012",0x0080C6
0x00817A,0x012,ram_012,write,,"MOVFF ram_02A, ram_012",0x0080C6
0x00817E,0x02B,ram_02B,read,,"MOVFF ram_02B, ram_013",0x0080C6
0x00817E,0x013,ram_013,write,,"MOVFF ram_02B, ram_013",0x0080C6
0x008186,0x028,ram_028,write,,"MOVWF ram_028, A",0x0080C6
0x00818A,0x012,ram_012,write,,"MOVWF ram_012, A",0x0080C6
0x00818C,0x028,ram_028,read,,"MOVF ram_028, W, A",0x0080C6
0x008192,0x028,ram_028,read,,"MOVF ram_028, W, A",0x0080C6
0x008194,0x029,ram_029,read_write,,"ADDWF ram_029, F, A",0x0080C6
0x008196,0x022,ram_022,read,,"MOVF ram_022, W, A",0x0080C6
0x008198,0x01E,ram_01E,write,,"MOVWF ram_01E, A",0x0080C6
0x00819A,0x023,ram_023,read,,"MOVF ram_023, W, A",0x0080C6
0x00819C,0x01F,ram_01F,write,,"MOVWF ram_01F, A",0x0080C6
0x00819E,0x022,ram_022,read_write,,"INFSNZ ram_022, F, A",0x0080C6
0x0081A0,0x023,ram_023,read_write,,"INCF ram_023, F, A",0x0080C6
0x0081A4,0x01E,ram_01E,read_write,,"ANDWF ram_01E, F, A",0x0080C6
0x0081A8,0x029,ram_029,read_write,,"COMF ram_029, F, A",0x0080C6
0x0081AA,0x029,ram_029,read_write,,"INCF ram_029, F, A",0x0080C6
0x0081AE,0x012,ram_012,write,,"MOVWF ram_012, A",0x0080C6
0x0081B0,0x029,ram_029,read,,"MOVF ram_029, W, A",0x0080C6
0x0081B6,0x029,ram_029,write,,"CLRF ram_029, A",0x0080C6
0x0081B8,0x026,ram_026,write,,"CLRF ram_026, A",0x0080C6
0x0081BA,0x027,ram_027,write,,"CLRF ram_027, A",0x0080C6
0x0081BE,0x012,ram_012,write,,"MOVWF ram_012, A",0x0080C6
0x0081C6,0x026,ram_026,read_write,,"INFSNZ ram_026, F, A",0x0080C6
0x0081C8,0x027,ram_027,read_write,,"INCF ram_027, F, A",0x0080C6
0x0081CC,0x026,ram_026,read,,"XORWF ram_026, W, A",0x0080C6
0x0081CE,0x027,ram_027,read,,"IORWF ram_027, W, A",0x0080C6
0x0081D2,0x02A,ram_02A,read_write,,"INFSNZ ram_02A, F, A",0x0080C6
0x0081D4,0x02B,ram_02B,read_write,,"INCF ram_02B, F, A",0x0080C6
0x0081D8,0x02A,ram_02A,read,,"XORWF ram_02A, W, A",0x0080C6
0x0081DE,0x02B,ram_02B,read,,"XORWF ram_02B, W, A",0x0080C6
0x0081E4,0x02B,ram_02B,write,,"MOVWF ram_02B, A",0x0080C6
0x0081E8,0x02A,ram_02A,write,,"MOVWF ram_02A, A",0x0080C6
0x0081EC,0x02B,ram_02B,read,,"SUBWF ram_02B, W, A",0x0080C6
0x0081F2,0xF51,T4CON,read_write,2,"BCF T4CON, 2, B",0x0080C6
0x0081F4,0xF53,TMR4,write,,"CLRF TMR4, B",0x0080C6
0x0081F8,0xFF2,INTCON,read_write,7,"BCF INTCON, 7, A",0x0081F8
0x0081FA,0xFD2,OSCCON2,read_write,6,"BCF OSCCON2, 6, A",0x0081F8
0x0081FC,0xFD2,OSCCON2,read_write,3,"BCF OSCCON2, 3, A",0x0081F8
0x0081FE,0xFD2,OSCCON2,read_write,2,"BSF OSCCON2, 2, A",0x0081F8
0x008202,0xFD3,OSCCON,read_write,,"ANDWF OSCCON, F, A",0x0081F8
0x008206,0xFD3,OSCCON,read_write,,"IORWF OSCCON, F, A",0x0081F8
0x008208,0xFD3,OSCCON,read,3,"BTFSS OSCCON, 3, A",0x0081F8
0x00820C,0xF9B,OSCTUNE,read_write,6,"BSF OSCTUNE, 6, A",0x0081F8
0x00820E,0xFD2,OSCCON2,read,7,"BTFSS OSCCON2, 7, A",0x0081F8
0x008212,0xF92,TRISA,write,,"SETF TRISA, A",0x0081F8
0x008218,0xF38,ANSELA,write,,"MOVWF ANSELA, B",0x0081F8
0x00821C,0xF93,TRISB,write,,"MOVWF TRISB, A",0x0081F8
0x008220,0xF94,TRISC,write,,"MOVWF TRISC, A",0x0081F8
0x008224,0xF95,TRISD,write,,"MOVWF TRISD, A",0x0081F8
0x008228,0xF96,TRISE,write,,"MOVWF TRISE, A",0x0081F8
0x00822A,0xF3A,ANSELC,write,,"CLRF ANSELC, B",0x0081F8
0x00822C,0xF3B,ANSELD,write,,"CLRF ANSELD, B",0x0081F8
0x00822E,0xF3C,ANSELE,write,,"CLRF ANSELE, B",0x0081F8
0x008230,0xFD0,RCON,read_write,7,"BSF RCON, 7, A",0x0081F8
0x008234,0xFF2,INTCON,write,,"MOVWF INTCON, A",0x0081F8
0x008236,0xF9E,PIR1,read_write,6,"BCF PIR1, 6, A",0x0081F8
0x008238,0xFA0,PIE2,write,,"CLRF PIE2, A",0x0081F8
0x00823A,0xFA3,PIE3,write,,"CLRF PIE3, A",0x0081F8
0x00823C,0xF7A,PIE4,write,,"CLRF PIE4, A",0x0081F8
0x00823E,0xF7D,PIE5,write,,"CLRF PIE5, A",0x0081F8
0x008242,0xFC2,ADCON0,write,,"MOVWF ADCON0, A",0x0081F8
0x008244,0xFC1,ADCON1,write,,"CLRF ADCON1, A",0x0081F8
0x008248,0xFC0,ADCON2,write,,"MOVWF ADCON2, A",0x0081F8
0x00824A,0xFC4,ADRESH,write,,"CLRF ADRESH, A",0x0081F8
0x00824C,0xFC3,ADRESL,write,,"CLRF ADRESL, A",0x0081F8
0x00824E,0xFC2,ADCON0,read_write,0,"BSF ADCON0, 0, A",0x0081F8
0x008250,0xF9D,PIE1,read_write,6,"BCF PIE1, 6, A",0x0081F8
0x008254,0xFAF,SPBRG1,write,,"MOVWF SPBRG1, A",0x0081F8
0x008256,0xFAC,TXSTA1,read_write,4,"BCF TXSTA1, 4, A",0x0081F8
0x008258,0xFAC,TXSTA1,read_write,2,"BCF TXSTA1, 2, A",0x0081F8
0x00825A,0xFB8,BAUDCON1,read_write,3,"BCF BAUDCON1, 3, A",0x0081F8
0x00825C,0xFAB,RCSTA1,read_write,6,"BCF RCSTA1, 6, A",0x0081F8
0x00825E,0xFAB,RCSTA1,read_write,3,"BCF RCSTA1, 3, A",0x0081F8
0x008260,0xFAB,RCSTA1,read_write,4,"BSF RCSTA1, 4, A",0x0081F8
0x008262,0xFAB,RCSTA1,read_write,7,"BSF RCSTA1, 7, A",0x0081F8
0x008264,0xFB8,BAUDCON1,read_write,0,"BCF BAUDCON1, 0, A",0x0081F8
0x008266,0xFB8,BAUDCON1,read_write,5,"BCF BAUDCON1, 5, A",0x0081F8
0x008268,0xFB8,BAUDCON1,read_write,4,"BCF BAUDCON1, 4, A",0x0081F8
0x00826A,0xFAC,TXSTA1,read_write,5,"BCF TXSTA1, 5, A",0x0081F8
0x00826C,0xFBA,T2CON,read,,"MOVF T2CON, W, A",0x0081F8
0x008272,0xFBA,T2CON,write,,"MOVWF T2CON, A",0x0081F8
0x008276,0xFBA,T2CON,read_write,,"ANDWF T2CON, F, A",0x0081F8
0x008278,0xF9D,PIE1,read_write,1,"BSF PIE1, 1, A",0x0081F8
0x00827A,0xF9E,PIR1,read_write,1,"BCF PIR1, 1, A",0x0081F8
0x00827C,0xF9F,IPR1,read_write,1,"BSF IPR1, 1, A",0x0081F8
0x00827E,0xFBA,T2CON,read_write,2,"BSF T2CON, 2, A",0x0081F8
0x008280,0xFA6,EECON1,read_write,2,"BSF EECON1, 2, A",0x0081F8
0x008284,0x013,ram_013,write,,"MOVWF ram_013, A",0x0081F8
0x008288,0x012,ram_012,write,,"MOVWF ram_012, A",0x0081F8
0x008290,0x6FD,ram_6FD,write,,"MOVWF ram_6FD, B",0x0081F8
0x008292,0x6FE,ram_6FE,write,,"CLRF ram_6FE, B",0x0081F8
0x008294,0x6FF,ram_6FF,write,,"CLRF ram_6FF, B",0x0081F8
0x008298,0x6FF,ram_6FF,read,,"ADDWF ram_6FF, W, B",0x0081F8
0x00829A,0x012,ram_012,write,,"MOVWF ram_012, A",0x0081F8
0x00829C,0x013,ram_013,write,,"CLRF ram_013, A",0x0081F8
0x0082A0,0x013,ram_013,read_write,,"ADDWFC ram_013, F, A",0x0081F8
0x0082AC,0x6FE,ram_6FE,write,,"SETF ram_6FE, B",0x0081F8
0x0082B0,0x6FF,ram_6FF,read_write,,"INCF ram_6FF, F, B",0x0081F8
0x0082B4,0x6FF,ram_6FF,read,,"XORWF ram_6FF, W, B",0x0081F8
0x0082B8,0xFF2,INTCON,read_write,7,"BCF INTCON, 7, A",0x0081F8
0x0082BA,0x6FD,ram_6FD,read,,"INCF ram_6FD, W, B",0x0081F8
0x0082BE,0x6FE,ram_6FE,read,,"INCF ram_6FE, W, B",0x0081F8
0x0082CA,0xF84,PORTE,read,2,"BTFSS PORTE, 2, A",0x0081F8
0x0082CC,0xF82,PORTC,read,1,"BTFSS PORTC, 1, A",0x0081F8
0x0082D0,0xF83,PORTD,read,6,"BTFSC PORTD, 6, A",0x0081F8
0x0082D2,0xF82,PORTC,read,2,"BTFSS PORTC, 2, A",0x0081F8
0x0082D6,0xF82,PORTC,read,5,"BTFSC PORTC, 5, A",0x0081F8
0x0082D8,0xF83,PORTD,read,7,"BTFSS PORTD, 7, A",0x0081F8
0x0082DC,0xF82,PORTC,read,6,"BTFSS PORTC, 6, A",0x0081F8
0x0082DE,0xF82,PORTC,read,0,"BTFSC PORTC, 0, A",0x0081F8
0x0082E8,0xF82,PORTC,read,0,"BTFSS PORTC, 0, A",0x0081F8
0x0082EA,0xF83,PORTD,read,6,"BTFSC PORTD, 6, A",0x0081F8
0x0082EE,0xF82,PORTC,read,1,"BTFSC PORTC, 1, A",0x0081F8
0x0082F0,0xF83,PORTD,read,7,"BTFSS PORTD, 7, A",0x0081F8
0x0082F4,0xF82,PORTC,read,2,"BTFSC PORTC, 2, A",0x0081F8
0x0082F6,0xF82,PORTC,read,5,"BTFSS PORTC, 5, A",0x0081F8
0x0082FC,0xF82,PORTC,read,6,"BTFSS PORTC, 6, A",0x0081F8
0x008300,0xF84,PORTE,read,2,"BTFSS PORTE, 2, A",0x0081F8
0x008304,0xFE8,WREG,read,0,"BTFSS WREG, 0, A",0x0081F8
0x008308,0x6FC,ram_6FC,write,,"CLRF ram_6FC, B",0x0081F8
0x00830A,0x6FC,ram_6FC,read_write,,"INCF ram_6FC, F, B",0x0081F8
0x008310,0x6FC,ram_6FC,write,,"CLRF ram_6FC, B",0x0081F8
0x008312,0x6FC,ram_6FC,read,,"MOVF ram_6FC, W, B",0x0081F8
0x008322,0xFF2,INTCON,read_write,7,"BSF INTCON, 7, A",0x0081F8
0x008326,0x014,ram_014,write,,"MOVWF ram_014, A",0x008326
0x008328,0x014,ram_014,read,,"MOVF ram_014, W, A",0x008326
0x00832E,0x03E,ram_03E,read,,"ADDWF ram_03E, W, A",0x008326
0x008330,0xFD9,FSR2L,write,,"MOVWF FSR2L, A",0x008326
0x008332,0xFDA,FSR2H,write,,"CLRF FSR2H, A",0x008326
0x008336,0xFDA,FSR2H,read_write,,"ADDWFC FSR2H, F, A",0x008326
0x008338,0x464,ram_464,read,,"MOVFF ram_464, INDF2",0x008326
0x008338,0xFDF,INDF2,write,,"MOVFF ram_464, INDF2",0x008326
0x00833E,0x03E,ram_03E,read,,"ADDWF ram_03E, W, A",0x008326
0x008340,0xFD9,FSR2L,write,,"MOVWF FSR2L, A",0x008326
0x008342,0xFDA,FSR2H,write,,"CLRF FSR2H, A",0x008326
0x008346,0xFDA,FSR2H,read_write,,"ADDWFC FSR2H, F, A",0x008326
0x008348,0x463,ram_463,read,,"MOVFF ram_463, INDF2",0x008326
0x008348,0xFDF,INDF2,write,,"MOVFF ram_463, INDF2",0x008326
0x00834E,0x015,ram_015,write,,"MOVWF ram_015, A",0x008326
0x008350,0x016,ram_016,write,,"CLRF ram_016, A",0x008326
0x008354,0x03E,ram_03E,read,,"ADDWF ram_03E, W, A",0x008326
0x008356,0xFD9,FSR2L,write,,"MOVWF FSR2L, A",0x008326
0x008358,0xFDA,FSR2H,write,,"CLRF FSR2H, A",0x008326
0x00835C,0xFDA,FSR2H,read_write,,"ADDWFC FSR2H, F, A",0x008326
0x00835E,0xFDF,INDF2,read,,"MOVF INDF2, W, A",0x008326
0x008360,0x015,ram_015,read,,"ANDWF ram_015, W, A",0x008326
0x008366,0x016,ram_016,read,,"ADDWF ram_016, W, A",0x008326
0x008368,0xFD9,FSR2L,write,,"MOVWF FSR2L, A",0x008326
0x00836A,0xFDA,FSR2H,write,,"CLRF FSR2H, A",0x008326
0x00836E,0xFDA,FSR2H,read_write,,"ADDWFC FSR2H, F, A",0x008326
0x008372,0xFDF,INDF2,write,,"MOVWF INDF2, A",0x008326
0x008378,0x016,ram_016,read,,"ADDWF ram_016, W, A",0x008326
0x00837A,0xFD9,FSR2L,write,,"MOVWF FSR2L, A",0x008326
0x00837C,0xFDA,FSR2H,write,,"CLRF FSR2H, A",0x008326
0x008380,0xFDA,FSR2H,read_write,,"ADDWFC FSR2H, F, A",0x008326
0x008382,0xFDF,INDF2,write,,"CLRF INDF2, A",0x008326
0x008386,0x016,ram_016,read,,"ADDWF ram_016, W, A",0x008326
0x008388,0xFD9,FSR2L,write,,"MOVWF FSR2L, A",0x008326
0x00838A,0xFDA,FSR2H,write,,"CLRF FSR2H, A",0x008326
0x00838E,0xFDA,FSR2H,read_write,,"ADDWFC FSR2H, F, A",0x008326
0x008390,0xFDF,INDF2,write,,"CLRF INDF2, A",0x008326
0x008394,0x03E,ram_03E,read,,"ADDWF ram_03E, W, A",0x008326
0x008396,0xFD9,FSR2L,write,,"MOVWF FSR2L, A",0x008326
0x008398,0xFDA,FSR2H,write,,"CLRF FSR2H, A",0x008326
0x00839C,0xFDA,FSR2H,read_write,,"ADDWFC FSR2H, F, A",0x008326
0x00839E,0xFDF,INDF2,read,,"MOVF INDF2, W, A",0x008326
0x0083A0,0x015,ram_015,read,,"ANDWF ram_015, W, A",0x008326
0x0083A6,0x016,ram_016,read,,"ADDWF ram_016, W, A",0x008326
0x0083A8,0xFD9,FSR2L,write,,"MOVWF FSR2L, A",0x008326
0x0083AA,0xFDA,FSR2H,write,,"CLRF FSR2H, A",0x008326
0x0083AE,0xFDA,FSR2H,read_write,,"ADDWFC FSR2H, F, A",0x008326
0x0083B2,0xFDF,INDF2,write,,"MOVWF INDF2, A",0x008326
0x0083B8,0x016,ram_016,read,,"ADDWF ram_016, W, A",0x008326
0x0083BA,0xFD9,FSR2L,write,,"MOVWF FSR2L, A",0x008326
0x0083BC,0xFDA,FSR2H,write,,"CLRF FSR2H, A",0x008326
0x0083C0,0xFDA,FSR2H,read_write,,"ADDWFC FSR2H, F, A",0x008326
0x0083C2,0xFDF,INDF2,write,,"CLRF INDF2, A",0x008326
0x0083C4,0xFD8,STATUS,read_write,0,"BCF STATUS, 0, A",0x008326
0x0083C6,0x015,ram_015,read_write,,"RLCF ram_015, F, A",0x008326
0x0083C8,0x016,ram_016,read_write,,"INCF ram_016, F, A",0x008326
0x0083CC,0x016,ram_016,read,,"XORWF ram_016, W, A",0x008326
0x0083D0,0x016,ram_016,write,,"CLRF ram_016, A",0x008326
0x0083D2,0x016,ram_016,read,,"MOVF ram_016, W, A",0x008326
0x0083D8,0xFF3,PRODL,read,,"ADDWF PRODL, W, A",0x008326
0x0083DA,0xFD9,FSR2L,write,,"MOVWF FSR2L, A",0x008326
0x0083DE,0xFF4,PRODH,read,,"ADDWFC PRODH, W, A",0x008326
0x0083E0,0xFDA,FSR2H,write,,"MOVWF FSR2H, A",0x008326
0x0083E2,0x03E,ram_03E,read,,"MOVF ram_03E, W, A",0x008326
0x0083E8,0x012,ram_012,write,,"MOVWF ram_012, A",0x008326
0x0083EC,0x013,ram_013,write,,"MOVWF ram_013, A",0x008326
0x0083EE,0xFF3,PRODL,read,,"MOVF PRODL, W, A",0x008326
0x0083F0,0x012,ram_012,read_write,,"ADDWF ram_012, F, A",0x008326
0x0083F2,0xFF4,PRODH,read,,"MOVF PRODH, W, A",0x008326
0x0083F4,0x013,ram_013,read_write,,"ADDWFC ram_013, F, A",0x008326
0x0083F6,0x016,ram_016,read,,"MOVF ram_016, W, A",0x008326
0x0083F8,0x012,ram_012,read,,"ADDWF ram_012, W, A",0x008326
0x0083FA,0xFE1,FSR1L,write,,"MOVWF FSR1L, A",0x008326
0x0083FE,0x013,ram_013,read,,"ADDWFC ram_013, W, A",0x008326
0x008400,0xFE2,FSR1H,write,,"MOVWF FSR1H, A",0x008326
0x008402,0xFDF,INDF2,read,,"MOVFF INDF2, INDF1",0x008326
0x008402,0xFE7,INDF1,write,,"MOVFF INDF2, INDF1",0x008326
0x008408,0x016,ram_016,read,,"ADDWF ram_016, W, A",0x008326
0x00840A,0xFD9,FSR2L,write,,"MOVWF FSR2L, A",0x008326
0x00840C,0xFDA,FSR2H,write,,"CLRF FSR2H, A",0x008326
0x008410,0xFDA,FSR2H,read_write,,"ADDWFC FSR2H, F, A",0x008326
0x008412,0x03E,ram_03E,read,,"MOVF ram_03E, W, A",0x008326
0x008418,0x012,ram_012,write,,"MOVWF ram_012, A",0x008326
0x00841C,0x013,ram_013,write,,"MOVWF ram_013, A",0x008326
0x00841E,0xFF3,PRODL,read,,"MOVF PRODL, W, A",0x008326
0x008420,0x012,ram_012,read_write,,"ADDWF ram_012, F, A",0x008326
0x008422,0xFF4,PRODH,read,,"MOVF PRODH, W, A",0x008326
0x008424,0x013,ram_013,read_write,,"ADDWFC ram_013, F, A",0x008326
0x008426,0x016,ram_016,read,,"MOVF ram_016, W, A",0x008326
0x008428,0x012,ram_012,read,,"ADDWF ram_012, W, A",0x008326
0x00842A,0xFE1,FSR1L,write,,"MOVWF FSR1L, A",0x008326
0x00842E,0x013,ram_013,read,,"ADDWFC ram_013, W, A",0x008326
0x008430,0xFE2,FSR1H,write,,"MOVWF FSR1H, A",0x008326
0x008432,0xFDF,INDF2,read,,"MOVFF INDF2, INDF1",0x008326
0x008432,0xFE7,INDF1,write,,"MOVFF INDF2, INDF1",0x008326
0x008436,0x016,ram_016,read_write,,"INCF ram_016, F, A",0x008326
0x00843A,0x016,ram_016,read,,"XORWF ram_016, W, A",0x008326
0x008442,0x48D,ram_48D,write,,"MOVWF ram_48D, B",0x008326
0x008446,0x5B6,ram_5B6,read,,"MOVFF ram_5B6, ram_012",0x008446
0x008446,0x012,ram_012,write,,"MOVFF ram_5B6, ram_012",0x008446
0x00844A,0x5B7,ram_5B7,read,,"MOVFF ram_5B7, ram_013",0x008446
0x00844A,0x013,ram_013,write,,"MOVFF ram_5B7, ram_013",0x008446
0x00844E,0x5B8,ram_5B8,read,,"MOVFF ram_5B8, ram_014",0x008446
0x00844E,0x014,ram_014,write,,"MOVFF ram_5B8, ram_014",0x008446
0x008452,0x5B9,ram_5B9,read,,"MOVFF ram_5B9, ram_015",0x008446
0x008452,0x015,ram_015,write,,"MOVFF ram_5B9, ram_015",0x008446
0x008456,0x5BA,ram_5BA,read,,"MOVFF ram_5BA, ram_016",0x008446
0x008456,0x016,ram_016,write,,"MOVFF ram_5BA, ram_016",0x008446
0x00845A,0x5BB,ram_5BB,read,,"MOVFF ram_5BB, ram_017",0x008446
0x00845A,0x017,ram_017,write,,"MOVFF ram_5BB, ram_017",0x008446
0x00845E,0x5BC,ram_5BC,read,,"MOVFF ram_5BC, ram_018",0x008446
0x00845E,0x018,ram_018,write,,"MOVFF ram_5BC, ram_018",0x008446
0x008462,0x5BD,ram_5BD,read,,"MOVFF ram_5BD, ram_019",0x008446
0x008462,0x019,ram_019,write,,"MOVFF ram_5BD, ram_019",0x008446
0x008468,0x01A,ram_01A,write,,"MOVWF ram_01A, A",0x008446
0x00846C,0x01B,ram_01B,write,,"MOVWF ram_01B, A",0x008446
0x008470,0x01C,ram_01C,write,,"MOVWF ram_01C, A",0x008446
0x008474,0x01D,ram_01D,write,,"MOVWF ram_01D, A",0x008446
0x008478,0x01E,ram_01E,write,,"MOVWF ram_01E, A",0x008446
0x00847C,0x01F,ram_01F,write,,"MOVWF ram_01F, A",0x008446
0x008480,0x020,ram_020,write,,"MOVWF ram_020, A",0x008446
0x008484,0x021,ram_021,write,,"MOVWF ram_021, A",0x008446
0x00848A,0x012,ram_012,read,,"MOVFF ram_012, ram_060",0x008446
0x00848A,0x060,ram_060,write,,"MOVFF ram_012, ram_060",0x008446
0x00848E,0x013,ram_013,read,,"MOVFF ram_013, ram_061",0x008446
0x00848E,0x061,ram_061,write,,"MOVFF ram_013, ram_061",0x008446
0x008492,0x014,ram_014,read,,"MOVFF ram_014, ram_062",0x008446
0x008492,0x062,ram_062,write,,"MOVFF ram_014, ram_062",0x008446
0x008496,0x015,ram_015,read,,"MOVFF ram_015, ram_063",0x008446
0x008496,0x063,ram_063,write,,"MOVFF ram_015, ram_063",0x008446
0x00849A,0x016,ram_016,read,,"MOVFF ram_016, ram_064",0x008446
0x00849A,0x064,ram_064,write,,"MOVFF ram_016, ram_064",0x008446
0x00849E,0x017,ram_017,read,,"MOVFF ram_017, ram_065",0x008446
0x00849E,0x065,ram_065,write,,"MOVFF ram_017, ram_065",0x008446
0x0084A2,0x018,ram_018,read,,"MOVFF ram_018, ram_066",0x008446
0x0084A2,0x066,ram_066,write,,"MOVFF ram_018, ram_066",0x008446
0x0084A6,0x019,ram_019,read,,"MOVFF ram_019, ram_067",0x008446
0x0084A6,0x067,ram_067,write,,"MOVFF ram_019, ram_067",0x008446
0x0084AE,0x060,ram_060,read,,"ADDWF ram_060, W, B",0x008446
0x0084B2,0x5B6,ram_5B6,write,,"MOVWF ram_5B6, B",0x008446
0x0084B8,0x061,ram_061,read,,"ADDWFC ram_061, W, B",0x008446
0x0084BC,0x5B7,ram_5B7,write,,"MOVWF ram_5B7, B",0x008446
0x0084C2,0x062,ram_062,read,,"ADDWFC ram_062, W, B",0x008446
0x0084C6,0x5B8,ram_5B8,write,,"MOVWF ram_5B8, B",0x008446
0x0084CC,0x063,ram_063,read,,"ADDWFC ram_063, W, B",0x008446
0x0084D0,0x5B9,ram_5B9,write,,"MOVWF ram_5B9, B",0x008446
0x0084D6,0x064,ram_064,read,,"ADDWFC ram_064, W, B",0x008446
0x0084DA,0x5BA,ram_5BA,write,,"MOVWF ram_5BA, B",0x008446
0x0084E0,0x065,ram_065,read,,"ADDWFC ram_065, W, B",0x008446
0x0084E4,0x5BB,ram_5BB,write,,"MOVWF ram_5BB, B",0x008446
0x0084EA,0x066,ram_066,read,,"ADDWFC ram_066, W, B",0x008446
0x0084EE,0x5BC,ram_5BC,write,,"MOVWF ram_5BC, B",0x008446
0x0084F4,0x067,ram_067,read,,"ADDWFC ram_067, W, B",0x008446
0x0084F8,0x5BD,ram_5BD,write,,"MOVWF ram_5BD, B",0x008446
0x0084FA,0x5B6,ram_5B6,read,,"MOVFF ram_5B6, ram_060",0x008446
0x0084FA,0x060,ram_060,write,,"MOVFF ram_5B6, ram_060",0x008446
0x0084FE,0x5B7,ram_5B7,read,,"MOVFF ram_5B7, ram_061",0x008446
0x0084FE,0x061,ram_061,write,,"MOVFF ram_5B7, ram_061",0x008446
0x008502,0x5B8,ram_5B8,read,,"MOVFF ram_5B8, ram_062",0x008446
0x008502,0x062,ram_062,write,,"MOVFF ram_5B8, ram_062",0x008446
0x008506,0x5B9,ram_5B9,read,,"MOVFF ram_5B9, ram_063",0x008446
0x008506,0x063,ram_063,write,,"MOVFF ram_5B9, ram_063",0x008446
0x00850A,0x5BA,ram_5BA,read,,"MOVFF ram_5BA, ram_064",0x008446
0x00850A,0x064,ram_064,write,,"MOVFF ram_5BA, ram_064",0x008446
0x00850E,0x5BB,ram_5BB,read,,"MOVFF ram_5BB, ram_065",0x008446
0x00850E,0x065,ram_065,write,,"MOVFF ram_5BB, ram_065",0x008446
0x008512,0x5BC,ram_5BC,read,,"MOVFF ram_5BC, ram_066",0x008446
0x008512,0x066,ram_066,write,,"MOVFF ram_5BC, ram_066",0x008446
0x008516,0x5BD,ram_5BD,read,,"MOVFF ram_5BD, ram_067",0x008446
0x008516,0x067,ram_067,write,,"MOVFF ram_5BD, ram_067",0x008446
0x008520,0xFD8,STATUS,read_write,0,"BCF STATUS, 0, A",0x008446
0x008522,0x067,ram_067,read_write,,"RRCF ram_067, F, B",0x008446
0x008524,0x066,ram_066,read_write,,"RRCF ram_066, F, B",0x008446
0x008526,0x065,ram_065,read_write,,"RRCF ram_065, F, B",0x008446
0x008528,0x064,ram_064,read_write,,"RRCF ram_064, F, B",0x008446
0x00852A,0x063,ram_063,read_write,,"RRCF ram_063, F, B",0x008446
0x00852C,0x062,ram_062,read_write,,"RRCF ram_062, F, B",0x008446
0x00852E,0x061,ram_061,read_write,,"RRCF ram_061, F, B",0x008446
0x008530,0x060,ram_060,read_write,,"RRCF ram_060, F, B",0x008446
0x008532,0xFE8,WREG,read_write,,"DECFSZ WREG, F, A",0x008446
0x008536,0x060,ram_060,read,,"MOVFF ram_060, ram_02A",0x008446
0x008536,0x02A,ram_02A,write,,"MOVFF ram_060, ram_02A",0x008446
0x00853A,0x062,ram_062,read,,"MOVFF ram_062, ram_02B",0x008446
0x00853A,0x02B,ram_02B,write,,"MOVFF ram_062, ram_02B",0x008446
0x008540,0x017,ram_017,write,,"CLRF ram_017, A",0x008540
0x008542,0x03E,ram_03E,read,,"MOVF ram_03E, W, A",0x008540
0x008548,0x012,ram_012,write,,"MOVWF ram_012, A",0x008540
0x00854C,0x013,ram_013,write,,"MOVWF ram_013, A",0x008540
0x00854E,0xFF3,PRODL,read,,"MOVF PRODL, W, A",0x008540
0x008550,0x012,ram_012,read_write,,"ADDWF ram_012, F, A",0x008540
0x008552,0xFF4,PRODH,read,,"MOVF PRODH, W, A",0x008540
0x008554,0x013,ram_013,read_write,,"ADDWFC ram_013, F, A",0x008540
0x008556,0x017,ram_017,read,,"MOVF ram_017, W, A",0x008540
0x008558,0x012,ram_012,read,,"ADDWF ram_012, W, A",0x008540
0x00855A,0xFD9,FSR2L,write,,"MOVWF FSR2L, A",0x008540
0x00855E,0x013,ram_013,read,,"ADDWFC ram_013, W, A",0x008540
0x008560,0xFDA,FSR2H,write,,"MOVWF FSR2H, A",0x008540
0x008562,0xFDF,INDF2,read,,"MOVF INDF2, W, A",0x008540
0x008564,0x014,ram_014,write,,"MOVWF ram_014, A",0x008540
0x008566,0x015,ram_015,write,,"CLRF ram_015, A",0x008540
0x008568,0x014,ram_014,read,7,"BTFSC ram_014, 7, A",0x008540
0x00856A,0x015,ram_015,read_write,,"DECF ram_015, F, A",0x008540
0x00856C,0x017,ram_017,read,,"MOVF ram_017, W, A",0x008540
0x008572,0xFF3,PRODL,read,,"ADDWF PRODL, W, A",0x008540
0x008574,0xFD9,FSR2L,write,,"MOVWF FSR2L, A",0x008540
0x008578,0xFF4,PRODH,read,,"ADDWFC PRODH, W, A",0x008540
0x00857A,0xFDA,FSR2H,write,,"MOVWF FSR2H, A",0x008540
0x00857C,0x014,ram_014,read,,"MOVFF ram_014, POSTINC2",0x008540
0x00857C,0xFDE,POSTINC2,write,,"MOVFF ram_014, POSTINC2",0x008540
0x008580,0x015,ram_015,read,,"MOVFF ram_015, POSTDEC2",0x008540
0x008580,0xFDD,POSTDEC2,write,,"MOVFF ram_015, POSTDEC2",0x008540
0x008584,0x03E,ram_03E,read,,"MOVF ram_03E, W, A",0x008540
0x00858A,0x012,ram_012,write,,"MOVWF ram_012, A",0x008540
0x00858E,0x013,ram_013,write,,"MOVWF ram_013, A",0x008540
0x008590,0xFF3,PRODL,read,,"MOVF PRODL, W, A",0x008540
0x008592,0x012,ram_012,read_write,,"ADDWF ram_012, F, A",0x008540
0x008594,0xFF4,PRODH,read,,"MOVF PRODH, W, A",0x008540
0x008596,0x013,ram_013,read_write,,"ADDWFC ram_013, F, A",0x008540
0x008598,0x017,ram_017,read,,"MOVF ram_017, W, A",0x008540
0x00859A,0x012,ram_012,read,,"ADDWF ram_012, W, A",0x008540
0x00859C,0xFD9,FSR2L,write,,"MOVWF FSR2L, A",0x008540
0x0085A0,0x013,ram_013,read,,"ADDWFC ram_013, W, A",0x008540
0x0085A2,0xFDA,FSR2H,write,,"MOVWF FSR2H, A",0x008540
0x0085A6,0x017,ram_017,read,,"ADDWF ram_017, W, A",0x008540
0x0085A8,0xFE1,FSR1L,write,,"MOVWF FSR1L, A",0x008540
0x0085AA,0xFE2,FSR1H,write,,"CLRF FSR1H, A",0x008540
0x0085AE,0xFE2,FSR1H,read_write,,"ADDWFC FSR1H, F, A",0x008540
0x0085B0,0xFDF,INDF2,read,,"MOVFF INDF2, INDF1",0x008540
0x0085B0,0xFE7,INDF1,write,,"MOVFF INDF2, INDF1",0x008540
0x0085B4,0x017,ram_017,read_write,,"INCF ram_017, F, A",0x008540
0x0085B8,0x017,ram_017,read,,"XORWF ram_017, W, A",0x008540
0x0085BE,0x016,ram_016,write,,"MOVWF ram_016, A",0x008540
0x0085C0,0x017,ram_017,write,,"CLRF ram_017, A",0x008540
0x0085C4,0x03E,ram_03E,read,,"ADDWF ram_03E, W, A",0x008540
0x0085C6,0xFD9,FSR2L,write,,"MOVWF FSR2L, A",0x008540
0x0085C8,0xFDA,FSR2H,write,,"CLRF FSR2H, A",0x008540
0x0085CC,0xFDA,FSR2H,read_write,,"ADDWFC FSR2H, F, A",0x008540
0x0085CE,0xFDF,INDF2,read,,"MOVF INDF2, W, A",0x008540
0x0085D0,0x016,ram_016,read,,"ANDWF ram_016, W, A",0x008540
0x0085D6,0x017,ram_017,read,,"ADDWF ram_017, W, A",0x008540
0x0085D8,0xFD9,FSR2L,write,,"MOVWF FSR2L, A",0x008540
0x0085DA,0xFDA,FSR2H,write,,"CLRF FSR2H, A",0x008540
0x0085DE,0xFDA,FSR2H,read_write,,"ADDWFC FSR2H, F, A",0x008540
0x0085E2,0xFDF,INDF2,write,,"MOVWF INDF2, A",0x008540
0x0085E8,0x017,ram_017,read,,"ADDWF ram_017, W, A",0x008540
0x0085EA,0xFD9,FSR2L,write,,"MOVWF FSR2L, A",0x008540
0x0085EC,0xFDA,FSR2H,write,,"CLRF FSR2H, A",0x008540
0x0085F0,0xFDA,FSR2H,read_write,,"ADDWFC FSR2H, F, A",0x008540
0x0085F2,0xFDF,INDF2,write,,"CLRF INDF2, A",0x008540
0x0085F6,0x03E,ram_03E,read,,"ADDWF ram_03E, W, A",0x008540
0x0085F8,0xFD9,FSR2L,write,,"MOVWF FSR2L, A",0x008540
0x0085FA,0xFDA,FSR2H,write,,"CLRF FSR2H, A",0x008540
0x0085FE,0xFDA,FSR2H,read_write,,"ADDWFC FSR2H, F, A",0x008540
0x008600,0xFDF,INDF2,read,,"MOVF INDF2, W, A",0x008540
0x008602,0x016,ram_016,read,,"ANDWF ram_016, W, A",0x008540
0x008608,0x017,ram_017,read,,"ADDWF ram_017, W, A",0x008540
0x00860A,0xFD9,FSR2L,write,,"MOVWF FSR2L, A",0x008540
0x00860C,0xFDA,FSR2H,write,,"CLRF FSR2H, A",0x008540
0x008610,0xFDA,FSR2H,read_write,,"ADDWFC FSR2H, F, A",0x008540
0x008614,0xFDF,INDF2,write,,"MOVWF INDF2, A",0x008540
0x00861A,0x017,ram_017,read,,"ADDWF ram_017, W, A",0x008540
0x00861C,0xFD9,FSR2L,write,,"MOVWF FSR2L, A",0x008540
0x00861E,0xFDA,FSR2H,write,,"CLRF FSR2H, A",0x008540
0x008622,0xFDA,FSR2H,read_write,,"ADDWFC FSR2H, F, A",0x008540
0x008624,0xFDF,INDF2,write,,"CLRF INDF2, A",0x008540
0x008626,0xFD8,STATUS,read_write,0,"BCF STATUS, 0, A",0x008540
0x008628,0x016,ram_016,read_write,,"RLCF ram_016, F, A",0x008540
0x00862A,0x017,ram_017,read_write,,"INCF ram_017, F, A",0x008540
0x00862E,0x017,ram_017,read,,"XORWF ram_017, W, A",0x008540
0x008636,0x47F,ram_47F,write,,"MOVWF ram_47F, B",0x008540
0x00863A,0x024,ram_024,write,,"CLRF ram_024, A",0x00863A
0x00863C,0x025,ram_025,write,,"CLRF ram_025, A",0x00863A
0x00863E,0x026,ram_026,write,,"CLRF ram_026, A",0x00863A
0x008640,0x027,ram_027,write,,"CLRF ram_027, A",0x00863A
0x008642,0x021,ram_021,write,,"CLRF ram_021, A",0x00863A
0x008644,0x022,ram_022,write,,"CLRF ram_022, A",0x00863A
0x008648,0x01F,ram_01F,write,,"MOVWF ram_01F, A",0x00863A
0x00864A,0x020,ram_020,write,,"MOVWF ram_020, A",0x00863A
0x00864C,0xF8C,LATD,read_write,3,"BSF LATD, 3, A",0x00863A
0x00864E,0xF8B,LATC,read_write,4,"BSF LATC, 4, A",0x00863A
0x008650,0xF8B,LATC,read_write,3,"BSF LATC, 3, A",0x00863A
0x008652,0xF8C,LATD,read_write,0,"BSF LATD, 0, A",0x00863A
0x008654,0xF8C,LATD,read_write,1,"BSF LATD, 1, A",0x00863A
0x008656,0x013,ram_013,write,,"CLRF ram_013, A",0x00863A
0x008658,0x012,ram_012,write,,"CLRF ram_012, A",0x00863A
0x00865E,0x024,ram_024,write,,"CLRF ram_024, A",0x00863A
0x008660,0x025,ram_025,write,,"CLRF ram_025, A",0x00863A
0x008662,0x026,ram_026,write,,"CLRF ram_026, A",0x00863A
0x008664,0x027,ram_027,write,,"CLRF ram_027, A",0x00863A
0x008668,0x024,ram_024,read,,"XORWF ram_024, W, A",0x00863A
0x00866E,0x025,ram_025,read,,"XORWF ram_025, W, A",0x00863A
0x008670,0x026,ram_026,read,,"IORWF ram_026, W, A",0x00863A
0x008672,0x027,ram_027,read,,"IORWF ram_027, W, A",0x00863A
0x008678,0x024,ram_024,read,,"MOVFF ram_024, ram_012",0x00863A
0x008678,0x012,ram_012,write,,"MOVFF ram_024, ram_012",0x00863A
0x00867C,0x025,ram_025,read,,"MOVFF ram_025, ram_013",0x00863A
0x00867C,0x013,ram_013,write,,"MOVFF ram_025, ram_013",0x00863A
0x008680,0x026,ram_026,read,,"MOVFF ram_026, ram_014",0x00863A
0x008680,0x014,ram_014,write,,"MOVFF ram_026, ram_014",0x00863A
0x008684,0x027,ram_027,read,,"MOVFF ram_027, ram_015",0x00863A
0x008684,0x015,ram_015,write,,"MOVFF ram_027, ram_015",0x00863A
0x00868A,0x016,ram_016,write,,"MOVWF ram_016, A",0x00863A
0x00868E,0x017,ram_017,write,,"MOVWF ram_017, A",0x00863A
0x008690,0x018,ram_018,write,,"CLRF ram_018, A",0x00863A
0x008692,0x019,ram_019,write,,"CLRF ram_019, A",0x00863A
0x008698,0x012,ram_012,read,,"MOVF ram_012, W, A",0x00863A
0x00869A,0x013,ram_013,read,,"IORWF ram_013, W, A",0x00863A
0x00869C,0x014,ram_014,read,,"IORWF ram_014, W, A",0x00863A
0x00869E,0x015,ram_015,read,,"IORWF ram_015, W, A",0x00863A
0x0086A4,0x01F,ram_01F,read_write,,"XORWF ram_01F, F, A",0x00863A
0x0086A6,0x021,ram_021,write,,"CLRF ram_021, A",0x00863A
0x0086A8,0x022,ram_022,write,,"CLRF ram_022, A",0x00863A
0x0086AA,0x023,ram_023,write,,"CLRF ram_023, A",0x00863A
0x0086AC,0x020,ram_020,read,,"MOVFF ram_020, ram_01B",0x00863A
0x0086AC,0x01B,ram_01B,write,,"MOVFF ram_020, ram_01B",0x00863A
0x0086B2,0x01B,ram_01B,read_write,,"ANDWF ram_01B, F, A",0x00863A
0x0086B6,0x01F,ram_01F,read,,"MOVF ram_01F, W, A",0x00863A
0x0086BC,0x01B,ram_01B,write,,"MOVWF ram_01B, A",0x00863A
0x0086C0,0x01C,ram_01C,write,,"MOVWF ram_01C, A",0x00863A
0x0086C2,0xFF3,PRODL,read,,"MOVF PRODL, W, A",0x00863A
0x0086C4,0x01B,ram_01B,read_write,,"ADDWF ram_01B, F, A",0x00863A
0x0086C6,0xFF4,PRODH,read,,"MOVF PRODH, W, A",0x00863A
0x0086C8,0x01C,ram_01C,read_write,,"ADDWFC ram_01C, F, A",0x00863A
0x0086CA,0x023,ram_023,read,,"MOVF ram_023, W, A",0x00863A
0x0086CE,0xFF3,PRODL,read,,"MOVF PRODL, W, A",0x00863A
0x0086D0,0x01B,ram_01B,read_write,,"ADDWF ram_01B, F, A",0x00863A
0x0086D2,0xFF4,PRODH,read,,"MOVF PRODH, W, A",0x00863A
0x0086D4,0x01C,ram_01C,read_write,,"ADDWFC ram_01C, F, A",0x00863A
0x0086D6,0x01B,ram_01B,read,,"MOVFF ram_01B, TBLPTRL",0x00863A
0x0086D6,0xFF6,TBLPTRL,write,,"MOVFF ram_01B, TBLPTRL",0x00863A
0x0086DA,0x01C,ram_01C,read,,"MOVFF ram_01C, TBLPTRH",0x00863A
0x0086DA,0xFF7,TBLPTRH,write,,"MOVFF ram_01C, TBLPTRH",0x00863A
0x0086E0,0xFF5,TABLAT,read,,"MOVFF TABLAT, ram_01D",0x00863A
0x0086E0,0x01D,ram_01D,write,,"MOVFF TABLAT, ram_01D",0x00863A
0x0086E6,0xFF5,TABLAT,read,,"MOVFF TABLAT, ram_01E",0x00863A
0x0086E6,0x01E,ram_01E,write,,"MOVFF TABLAT, ram_01E",0x00863A
0x0086EA,0x01D,ram_01D,read,,"MOVF ram_01D, W, A",0x00863A
0x0086EC,0x021,ram_021,read_write,,"IORWF ram_021, F, A",0x00863A
0x0086EE,0x01E,ram_01E,read,,"MOVF ram_01E, W, A",0x00863A
0x0086F0,0x022,ram_022,read_write,,"IORWF ram_022, F, A",0x00863A
0x0086F2,0xFD8,STATUS,read_write,0,"BCF STATUS, 0, A",0x00863A
0x0086F4,0x020,ram_020,read_write,,"RLCF ram_020, F, A",0x00863A
0x0086F6,0x023,ram_023,read_write,,"INCF ram_023, F, A",0x00863A
0x0086FA,0x023,ram_023,read,,"XORWF ram_023, W, A",0x00863A
0x008700,0x020,ram_020,write,,"MOVWF ram_020, A",0x00863A
0x008702,0x021,ram_021,read,,"MOVFF ram_021, ram_012",0x00863A
0x008702,0x012,ram_012,write,,"MOVFF ram_021, ram_012",0x00863A
0x008706,0x022,ram_022,read,,"MOVFF ram_022, ram_013",0x00863A
0x008706,0x013,ram_013,write,,"MOVFF ram_022, ram_013",0x00863A
0x00870E,0x024,ram_024,read_write,,"INCF ram_024, F, A",0x00863A
0x008712,0x025,ram_025,read_write,,"ADDWFC ram_025, F, A",0x00863A
0x008714,0x026,ram_026,read_write,,"ADDWFC ram_026, F, A",0x00863A
0x008716,0x027,ram_027,read_write,,"ADDWFC ram_027, F, A",0x00863A
0x00871A,0x026,ram_026,write,,"CLRF ram_026, A",0x00871A
0x00871C,0x027,ram_027,write,,"CLRF ram_027, A",0x00871A
0x00871E,0x045,ram_045,read,,"MOVFF ram_045, ram_016",0x00871A
0x00871E,0x016,ram_016,write,,"MOVFF ram_045, ram_016",0x00871A
0x008722,0x046,ram_046,read,,"MOVFF ram_046, ram_017",0x00871A
0x008722,0x017,ram_017,write,,"MOVFF ram_046, ram_017",0x00871A
0x008726,0x047,ram_047,read,,"MOVFF ram_047, ram_018",0x00871A
0x008726,0x018,ram_018,write,,"MOVFF ram_047, ram_018",0x00871A
0x00872A,0x048,ram_048,read,,"MOVFF ram_048, ram_019",0x00871A
0x00872A,0x019,ram_019,write,,"MOVFF ram_048, ram_019",0x00871A
0x008736,0x028,ram_028,write,,"CLRF ram_028, A",0x00871A
0x008738,0x028,ram_028,read,,"MOVF ram_028, W, A",0x00871A
0x008742,0x026,ram_026,write,,"CLRF ram_026, A",0x00871A
0x008744,0x027,ram_027,write,,"CLRF ram_027, A",0x00871A
0x008746,0x028,ram_028,read,,"MOVF ram_028, W, A",0x00871A
0x00874C,0x024,ram_024,write,,"MOVWF ram_024, A",0x00871A
0x008750,0x025,ram_025,write,,"MOVWF ram_025, A",0x00871A
0x008752,0xFF3,PRODL,read,,"MOVF PRODL, W, A",0x00871A
0x008754,0x024,ram_024,read_write,,"ADDWF ram_024, F, A",0x00871A
0x008756,0xFF4,PRODH,read,,"MOVF PRODH, W, A",0x00871A
0x008758,0x025,ram_025,read_write,,"ADDWFC ram_025, F, A",0x00871A
0x00875A,0x026,ram_026,read,,"MOVF ram_026, W, A",0x00871A
0x00875C,0x024,ram_024,read,,"ADDWF ram_024, W, A",0x00871A
0x00875E,0xFD9,FSR2L,write,,"MOVWF FSR2L, A",0x00871A
0x008760,0x027,ram_027,read,,"MOVF ram_027, W, A",0x00871A
0x008762,0x025,ram_025,read,,"ADDWFC ram_025, W, A",0x00871A
0x008764,0xFDA,FSR2H,write,,"MOVWF FSR2H, A",0x00871A
0x008766,0xFDF,INDF2,read,,"MOVF INDF2, W, A",0x00871A
0x008768,0x016,ram_016,write,,"MOVWF ram_016, A",0x00871A
0x00876A,0x028,ram_028,read,,"MOVFF ram_028, ram_017",0x00871A
0x00876A,0x017,ram_017,write,,"MOVFF ram_028, ram_017",0x00871A
0x00876E,0x018,ram_018,write,,"CLRF ram_018, A",0x00871A
0x008770,0x026,ram_026,read,,"MOVF ram_026, W, A",0x00871A
0x008776,0x028,ram_028,read,,"MOVF ram_028, W, A",0x00871A
0x00877C,0x024,ram_024,write,,"MOVWF ram_024, A",0x00871A
0x008780,0x025,ram_025,write,,"MOVWF ram_025, A",0x00871A
0x008782,0xFF3,PRODL,read,,"MOVF PRODL, W, A",0x00871A
0x008784,0x024,ram_024,read_write,,"ADDWF ram_024, F, A",0x00871A
0x008786,0xFF4,PRODH,read,,"MOVF PRODH, W, A",0x00871A
0x008788,0x025,ram_025,read_write,,"ADDWFC ram_025, F, A",0x00871A
0x00878A,0x026,ram_026,read,,"MOVF ram_026, W, A",0x00871A
0x00878C,0x024,ram_024,read,,"ADDWF ram_024, W, A",0x00871A
0x00878E,0xFD9,FSR2L,write,,"MOVWF FSR2L, A",0x00871A
0x008790,0x027,ram_027,read,,"MOVF ram_027, W, A",0x00871A
0x008792,0x025,ram_025,read,,"ADDWFC ram_025, W, A",0x00871A
0x008794,0xFDA,FSR2H,write,,"MOVWF FSR2H, A",0x00871A
0x008796,0xFDF,INDF2,read,,"MOVF INDF2, W, A",0x00871A
0x008798,0x016,ram_016,write,,"MOVWF ram_016, A",0x00871A
0x00879A,0x028,ram_028,read,,"MOVFF ram_028, ram_017",0x00871A
0x00879A,0x017,ram_017,write,,"MOVFF ram_028, ram_017",0x00871A
0x00879E,0x018,ram_018,write,,"CLRF ram_018, A",0x00871A
0x0087A0,0x026,ram_026,read,,"MOVF ram_026, W, A",0x00871A
0x0087A6,0x026,ram_026,read_write,,"INFSNZ ram_026, F, A",0x00871A
0x0087A8,0x027,ram_027,read_write,,"INCF ram_027, F, A",0x00871A
0x0087AC,0x026,ram_026,read,,"XORWF ram_026, W, A",0x00871A
0x0087AE,0x027,ram_027,read,,"IORWF ram_027, W, A",0x00871A
0x0087B2,0x028,ram_028,read,,"MOVFF ram_028, ram_016",0x00871A
0x0087B2,0x016,ram_016,write,,"MOVFF ram_028, ram_016",0x00871A
0x0087B6,0x017,ram_017,write,,"CLRF ram_017, A",0x00871A
0x0087BA,0x028,ram_028,read,,"ADDWF ram_028, W, A",0x00871A
0x0087BC,0xFD9,FSR2L,write,,"MOVWF FSR2L, A",0x00871A
0x0087BE,0xFDA,FSR2H,write,,"CLRF FSR2H, A",0x00871A
0x0087C2,0xFDA,FSR2H,read_write,,"ADDWFC FSR2H, F, A",0x00871A
0x0087C4,0xFDF,INDF2,read,,"MOVF INDF2, W, A",0x00871A
0x0087CA,0x028,ram_028,read,,"MOVFF ram_028, ram_016",0x00871A
0x0087CA,0x016,ram_016,write,,"MOVFF ram_028, ram_016",0x00871A
0x0087CE,0x017,ram_017,write,,"CLRF ram_017, A",0x00871A
0x0087D2,0x019,ram_019,write,,"MOVWF ram_019, A",0x00871A
0x0087D6,0x018,ram_018,write,,"MOVWF ram_018, A",0x00871A
0x0087DA,0x028,ram_028,read,,"ADDWF ram_028, W, A",0x00871A
0x0087DC,0xFD9,FSR2L,write,,"MOVWF FSR2L, A",0x00871A
0x0087DE,0xFDA,FSR2H,write,,"CLRF FSR2H, A",0x00871A
0x0087E2,0xFDA,FSR2H,read_write,,"ADDWFC FSR2H, F, A",0x00871A
0x0087E4,0xFDF,INDF2,read,,"MOVF INDF2, W, A",0x00871A
0x0087EA,0x028,ram_028,read_write,,"INCF ram_028, F, A",0x00871A
0x0087EE,0x028,ram_028,read,,"XORWF ram_028, W, A",0x00871A
0x0087FA,0x01B,ram_01B,write,,"MOVWF ram_01B, A",0x0087FA
0x0087FE,0x01B,ram_01B,read,,"CPFSGT ram_01B, A",0x0087FA
0x008802,0x01B,ram_01B,write,,"MOVWF ram_01B, A",0x0087FA
0x008804,0x01A,ram_01A,write,,"CLRF ram_01A, A",0x0087FA
0x008806,0x01A,ram_01A,read,,"MOVF ram_01A, W, A",0x0087FA
0x00880A,0xFF3,PRODL,read,,"MOVFF PRODL, ram_016",0x0087FA
0x00880A,0x016,ram_016,write,,"MOVFF PRODL, ram_016",0x0087FA
0x00880E,0xFF4,PRODH,read,,"MOVFF PRODH, ram_017",0x0087FA
0x00880E,0x017,ram_017,write,,"MOVFF PRODH, ram_017",0x0087FA
0x008812,0x01B,ram_01B,read,,"MOVF ram_01B, W, A",0x0087FA
0x008818,0x014,ram_014,write,,"MOVWF ram_014, A",0x0087FA
0x00881C,0x015,ram_015,write,,"MOVWF ram_015, A",0x0087FA
0x00881E,0xFF3,PRODL,read,,"MOVF PRODL, W, A",0x0087FA
0x008820,0x014,ram_014,read_write,,"ADDWF ram_014, F, A",0x0087FA
0x008822,0xFF4,PRODH,read,,"MOVF PRODH, W, A",0x0087FA
0x008824,0x015,ram_015,read_write,,"ADDWFC ram_015, F, A",0x0087FA
0x008826,0x01A,ram_01A,read,,"MOVF ram_01A, W, A",0x0087FA
0x008828,0x014,ram_014,read,,"ADDWF ram_014, W, A",0x0087FA
0x00882A,0xFD9,FSR2L,write,,"MOVWF FSR2L, A",0x0087FA
0x00882E,0x015,ram_015,read,,"ADDWFC ram_015, W, A",0x0087FA
0x008830,0xFDA,FSR2H,write,,"MOVWF FSR2H, A",0x0087FA
0x008832,0x01B,ram_01B,read,,"MOVF ram_01B, W, A",0x0087FA
0x008834,0x016,ram_016,read,,"ADDWF ram_016, W, A",0x0087FA
0x008836,0x012,ram_012,write,,"MOVWF ram_012, A",0x0087FA
0x00883A,0x017,ram_017,read,,"ADDWFC ram_017, W, A",0x0087FA
0x00883C,0x013,ram_013,write,,"MOVWF ram_013, A",0x0087FA
0x008842,0xFDF,INDF2,write,,"MOVWF INDF2, A",0x0087FA
0x008844,0x01A,ram_01A,read,,"MOVF ram_01A, W, A",0x0087FA
0x008848,0xFF3,PRODL,read,,"MOVFF PRODL, ram_014",0x0087FA
0x008848,0x014,ram_014,write,,"MOVFF PRODL, ram_014",0x0087FA
0x00884C,0xFF4,PRODH,read,,"MOVFF PRODH, ram_015",0x0087FA
0x00884C,0x015,ram_015,write,,"MOVFF PRODH, ram_015",0x0087FA
0x008852,0x014,ram_014,read,,"ADDWF ram_014, W, A",0x0087FA
0x008854,0x018,ram_018,write,,"MOVWF ram_018, A",0x0087FA
0x008858,0x015,ram_015,read,,"ADDWFC ram_015, W, A",0x0087FA
0x00885A,0x019,ram_019,write,,"MOVWF ram_019, A",0x0087FA
0x00885C,0x01B,ram_01B,read,,"MOVF ram_01B, W, A",0x0087FA
0x008862,0x014,ram_014,write,,"MOVWF ram_014, A",0x0087FA
0x008866,0x015,ram_015,write,,"MOVWF ram_015, A",0x0087FA
0x008868,0xFF3,PRODL,read,,"MOVF PRODL, W, A",0x0087FA
0x00886A,0x014,ram_014,read_write,,"ADDWF ram_014, F, A",0x0087FA
0x00886C,0xFF4,PRODH,read,,"MOVF PRODH, W, A",0x0087FA
0x00886E,0x015,ram_015,read_write,,"ADDWFC ram_015, F, A",0x0087FA
0x008870,0x01A,ram_01A,read,,"MOVF ram_01A, W, A",0x0087FA
0x008872,0x014,ram_014,read,,"ADDWF ram_014, W, A",0x0087FA
0x008874,0xFD9,FSR2L,write,,"MOVWF FSR2L, A",0x0087FA
0x008878,0x015,ram_015,read,,"ADDWFC ram_015, W, A",0x0087FA
0x00887A,0xFDA,FSR2H,write,,"MOVWF FSR2H, A",0x0087FA
0x00887C,0x01B,ram_01B,read,,"MOVF ram_01B, W, A",0x0087FA
0x00887E,0x018,ram_018,read,,"ADDWF ram_018, W, A",0x0087FA
0x008880,0x012,ram_012,write,,"MOVWF ram_012, A",0x0087FA
0x008884,0x019,ram_019,read,,"ADDWFC ram_019, W, A",0x0087FA
0x008886,0x013,ram_013,write,,"MOVWF ram_013, A",0x0087FA
0x00888C,0xFDF,INDF2,write,,"MOVWF INDF2, A",0x0087FA
0x00888E,0x01A,ram_01A,read_write,,"INCF ram_01A, F, A",0x0087FA
0x008892,0x01A,ram_01A,read,,"XORWF ram_01A, W, A",0x0087FA
0x008898,0x01B,ram_01B,read,,"ADDWF ram_01B, W, A",0x0087FA
0x00889A,0xFD9,FSR2L,write,,"MOVWF FSR2L, A",0x0087FA
0x00889C,0xFDA,FSR2H,write,,"CLRF FSR2H, A",0x0087FA
0x0088A0,0xFDA,FSR2H,read_write,,"ADDWFC FSR2H, F, A",0x0087FA
0x0088A4,0x01B,ram_01B,read,,"ADDWF ram_01B, W, A",0x0087FA
0x0088A6,0x012,ram_012,write,,"MOVWF ram_012, A",0x0087FA
0x0088A8,0x013,ram_013,write,,"CLRF ram_013, A",0x0087FA
0x0088AC,0x013,ram_013,read_write,,"ADDWFC ram_013, F, A",0x0087FA
0x0088B2,0xFDF,INDF2,write,,"MOVWF INDF2, A",0x0087FA
0x0088B6,0x01B,ram_01B,read,,"ADDWF ram_01B, W, A",0x0087FA
0x0088B8,0xFD9,FSR2L,write,,"MOVWF FSR2L, A",0x0087FA
0x0088BA,0xFDA,FSR2H,write,,"CLRF FSR2H, A",0x0087FA
0x0088BE,0xFDA,FSR2H,read_write,,"ADDWFC FSR2H, F, A",0x0087FA
0x0088C2,0x01B,ram_01B,read,,"ADDWF ram_01B, W, A",0x0087FA
0x0088C4,0x012,ram_012,write,,"MOVWF ram_012, A",0x0087FA
0x0088C6,0x013,ram_013,write,,"CLRF ram_013, A",0x0087FA
0x0088CA,0x013,ram_013,read_write,,"ADDWFC ram_013, F, A",0x0087FA
0x0088D0,0xFDF,INDF2,write,,"MOVWF INDF2, A",0x0087FA
0x0088D4,0x02C,ram_02C,write,,"MOVWF ram_02C, A",0x0088D4
0x0088D6,0x029,ram_029,read,,"MOVF ram_029, W, A",0x0088D4
0x0088DA,0x02D,ram_02D,write,,"CLRF ram_02D, A",0x0088D4
0x0088DC,0x02D,ram_02D,read,,"MOVF ram_02D, W, A",0x0088D4
0x0088E2,0xFF3,PRODL,read,,"ADDWF PRODL, W, A",0x0088D4
0x0088E4,0xFD9,FSR2L,write,,"MOVWF FSR2L, A",0x0088D4
0x0088E8,0xFF4,PRODH,read,,"ADDWFC PRODH, W, A",0x0088D4
0x0088EA,0xFDA,FSR2H,write,,"MOVWF FSR2H, A",0x0088D4
0x0088EC,0x02C,ram_02C,read,,"MOVF ram_02C, W, A",0x0088D4
0x0088F2,0x02A,ram_02A,write,,"MOVWF ram_02A, A",0x0088D4
0x0088F6,0x02B,ram_02B,write,,"MOVWF ram_02B, A",0x0088D4
0x0088F8,0xFF3,PRODL,read,,"MOVF PRODL, W, A",0x0088D4
0x0088FA,0x02A,ram_02A,read_write,,"ADDWF ram_02A, F, A",0x0088D4
0x0088FC,0xFF4,PRODH,read,,"MOVF PRODH, W, A",0x0088D4
0x0088FE,0x02B,ram_02B,read_write,,"ADDWFC ram_02B, F, A",0x0088D4
0x008900,0x02D,ram_02D,read,,"MOVF ram_02D, W, A",0x0088D4
0x008902,0x02A,ram_02A,read,,"ADDWF ram_02A, W, A",0x0088D4
0x008904,0xFE1,FSR1L,write,,"MOVWF FSR1L, A",0x0088D4
0x008908,0x02B,ram_02B,read,,"ADDWFC ram_02B, W, A",0x0088D4
0x00890A,0xFE2,FSR1H,write,,"MOVWF FSR1H, A",0x0088D4
0x00890C,0xFDF,INDF2,read,,"MOVFF INDF2, INDF1",0x0088D4
0x00890C,0xFE7,INDF1,write,,"MOVFF INDF2, INDF1",0x0088D4
0x008912,0x02D,ram_02D,read,,"ADDWF ram_02D, W, A",0x0088D4
0x008914,0xFD9,FSR2L,write,,"MOVWF FSR2L, A",0x0088D4
0x008916,0xFDA,FSR2H,write,,"CLRF FSR2H, A",0x0088D4
0x00891A,0xFDA,FSR2H,read_write,,"ADDWFC FSR2H, F, A",0x0088D4
0x00891C,0x02C,ram_02C,read,,"MOVF ram_02C, W, A",0x0088D4
0x008922,0x02A,ram_02A,write,,"MOVWF ram_02A, A",0x0088D4
0x008926,0x02B,ram_02B,write,,"MOVWF ram_02B, A",0x0088D4
0x008928,0xFF3,PRODL,read,,"MOVF PRODL, W, A",0x0088D4
0x00892A,0x02A,ram_02A,read_write,,"ADDWF ram_02A, F, A",0x0088D4
0x00892C,0xFF4,PRODH,read,,"MOVF PRODH, W, A",0x0088D4
0x00892E,0x02B,ram_02B,read_write,,"ADDWFC ram_02B, F, A",0x0088D4
0x008930,0x02D,ram_02D,read,,"MOVF ram_02D, W, A",0x0088D4
0x008932,0x02A,ram_02A,read,,"ADDWF ram_02A, W, A",0x0088D4
0x008934,0xFE1,FSR1L,write,,"MOVWF FSR1L, A",0x0088D4
0x008938,0x02B,ram_02B,read,,"ADDWFC ram_02B, W, A",0x0088D4
0x00893A,0xFE2,FSR1H,write,,"MOVWF FSR1H, A",0x0088D4
0x00893C,0xFDF,INDF2,read,,"MOVFF INDF2, INDF1",0x0088D4
0x00893C,0xFE7,INDF1,write,,"MOVFF INDF2, INDF1",0x0088D4
0x008940,0x02D,ram_02D,read_write,,"INCF ram_02D, F, A",0x0088D4
0x008944,0x02D,ram_02D,read,,"XORWF ram_02D, W, A",0x0088D4
0x00894A,0x03E,ram_03E,read,,"ADDWF ram_03E, W, A",0x0088D4
0x00894C,0xFD9,FSR2L,write,,"MOVWF FSR2L, A",0x0088D4
0x00894E,0xFDA,FSR2H,write,,"CLRF FSR2H, A",0x0088D4
0x008952,0xFDA,FSR2H,read_write,,"ADDWFC FSR2H, F, A",0x0088D4
0x008956,0x02C,ram_02C,read,,"ADDWF ram_02C, W, A",0x0088D4
0x008958,0xFE1,FSR1L,write,,"MOVWF FSR1L, A",0x0088D4
0x00895A,0xFE2,FSR1H,write,,"CLRF FSR1H, A",0x0088D4
0x00895E,0xFE2,FSR1H,read_write,,"ADDWFC FSR1H, F, A",0x0088D4
0x008960,0xFDF,INDF2,read,,"MOVFF INDF2, INDF1",0x0088D4
0x008960,0xFE7,INDF1,write,,"MOVFF INDF2, INDF1",0x0088D4
0x008966,0x03E,ram_03E,read,,"ADDWF ram_03E, W, A",0x0088D4
0x008968,0xFD9,FSR2L,write,,"MOVWF FSR2L, A",0x0088D4
0x00896A,0xFDA,FSR2H,write,,"CLRF FSR2H, A",0x0088D4
0x00896E,0xFDA,FSR2H,read_write,,"ADDWFC FSR2H, F, A",0x0088D4
0x008972,0x02C,ram_02C,read,,"ADDWF ram_02C, W, A",0x0088D4
0x008974,0xFE1,FSR1L,write,,"MOVWF FSR1L, A",0x0088D4
0x008976,0xFE2,FSR1H,write,,"CLRF FSR1H, A",0x0088D4
0x00897A,0xFE2,FSR1H,read_write,,"ADDWFC FSR1H, F, A",0x0088D4
0x00897C,0xFDF,INDF2,read,,"MOVFF INDF2, INDF1",0x0088D4
0x00897C,0xFE7,INDF1,write,,"MOVFF INDF2, INDF1",0x0088D4
0x008980,0x02C,ram_02C,read,,"MOVF ram_02C, W, A",0x0088D4
0x00898E,0x460,ram_460,write,,"MOVWF ram_460, B",0x0088D4
0x008994,0x460,ram_460,write,,"MOVWF ram_460, B",0x0088D4
0x00899E,0x43E,ram_43E,write,,"CLRF ram_43E, B",0x008998
0x0089A0,0x43D,ram_43D,write,,"CLRF ram_43D, B",0x008998
0x0089A2,0x43C,ram_43C,write,,"CLRF ram_43C, B",0x008998
0x0089A4,0x441,ram_441,write,,"CLRF ram_441, B",0x008998
0x0089A6,0x440,ram_440,write,,"CLRF ram_440, B",0x008998
0x0089A8,0x43F,ram_43F,write,,"CLRF ram_43F, B",0x008998
0x0089AA,0x47E,ram_47E,write,,"CLRF ram_47E, B",0x008998
0x0089AE,0x47F,ram_47F,write,,"MOVWF ram_47F, B",0x008998
0x0089B2,0x586,ram_586,write,,"CLRF ram_586, B",0x008998
0x0089B4,0x587,ram_587,write,,"CLRF ram_587, B",0x008998
0x0089B6,0x588,ram_588,write,,"CLRF ram_588, B",0x008998
0x0089B8,0x589,ram_589,write,,"CLRF ram_589, B",0x008998
0x0089BC,0x481,ram_481,write,,"CLRF ram_481, B",0x008998
0x0089BE,0x446,ram_446,write,,"CLRF ram_446, B",0x008998
0x0089C0,0x447,ram_447,write,,"CLRF ram_447, B",0x008998
0x0089C2,0x448,ram_448,write,,"CLRF ram_448, B",0x008998
0x0089C4,0x449,ram_449,write,,"CLRF ram_449, B",0x008998
0x0089C8,0x7F7,ram_7F7,write,,"CLRF ram_7F7, B",0x008998
0x0089CA,0x7F7,ram_7F7,read,,"MOVF ram_7F7, W, B",0x008998
0x0089D0,0xFF3,PRODL,read,,"ADDWF PRODL, W, A",0x008998
0x0089D2,0xFD9,FSR2L,write,,"MOVWF FSR2L, A",0x008998
0x0089D6,0xFF4,PRODH,read,,"ADDWFC PRODH, W, A",0x008998
0x0089D8,0xFDA,FSR2H,write,,"MOVWF FSR2H, A",0x008998
0x0089DA,0xFDE,POSTINC2,write,,"CLRF POSTINC2, A",0x008998
0x0089DC,0xFDE,POSTINC2,write,,"CLRF POSTINC2, A",0x008998
0x0089DE,0xFDE,POSTINC2,write,,"CLRF POSTINC2, A",0x008998
0x0089E0,0xFDD,POSTDEC2,write,,"CLRF POSTDEC2, A",0x008998
0x0089E4,0x7F7,ram_7F7,read,,"ADDWF ram_7F7, W, B",0x008998
0x0089E6,0xFD9,FSR2L,write,,"MOVWF FSR2L, A",0x008998
0x0089E8,0xFDA,FSR2H,write,,"CLRF FSR2H, A",0x008998
0x0089EC,0xFDA,FSR2H,read_write,,"ADDWFC FSR2H, F, A",0x008998
0x0089EE,0xFDF,INDF2,write,,"CLRF INDF2, A",0x008998
0x0089F0,0x7F7,ram_7F7,read,,"MOVF ram_7F7, W, B",0x008998
0x0089F6,0xFF3,PRODL,read,,"ADDWF PRODL, W, A",0x008998
0x0089F8,0xFD9,FSR2L,write,,"MOVWF FSR2L, A",0x008998
0x0089FC,0xFF4,PRODH,read,,"ADDWFC PRODH, W, A",0x008998
0x0089FE,0xFDA,FSR2H,write,,"MOVWF FSR2H, A",0x008998
0x008A00,0xFDE,POSTINC2,write,,"CLRF POSTINC2, A",0x008998
0x008A02,0xFDE,POSTINC2,write,,"CLRF POSTINC2, A",0x008998
0x008A04,0xFDE,POSTINC2,write,,"CLRF POSTINC2, A",0x008998
0x008A06,0xFDD,POSTDEC2,write,,"CLRF POSTDEC2, A",0x008998
0x008A0A,0x7F7,ram_7F7,read,,"ADDWF ram_7F7, W, B",0x008998
0x008A0C,0xFD9,FSR2L,write,,"MOVWF FSR2L, A",0x008998
0x008A0E,0xFDA,FSR2H,write,,"CLRF FSR2H, A",0x008998
0x008A12,0xFDA,FSR2H,read_write,,"ADDWFC FSR2H, F, A",0x008998
0x008A14,0xFDF,INDF2,write,,"CLRF INDF2, A",0x008998
0x008A16,0x7F7,ram_7F7,read,,"MOVF ram_7F7, W, B",0x008998
0x008A1A,0xFF3,PRODL,read,,"MOVF PRODL, W, A",0x008998
0x008A1E,0xFD9,FSR2L,write,,"MOVWF FSR2L, A",0x008998
0x008A20,0xFDA,FSR2H,write,,"CLRF FSR2H, A",0x008998
0x008A24,0xFDE,POSTINC2,write,,"MOVWF POSTINC2, A",0x008998
0x008A28,0xFDD,POSTDEC2,write,,"MOVWF POSTDEC2, A",0x008998
0x008A2A,0x7F7,ram_7F7,read_write,,"INCF ram_7F7, F, B",0x008998
0x008A2E,0x7F7,ram_7F7,read,,"XORWF ram_7F7, W, B",0x008998
0x008A32,0xFF2,INTCON,read_write,7,"BSF INTCON, 7, A",0x008998
0x008A5A,0x01B,ram_01B,write,,"CLRF ram_01B, A",0x008A5A
0x008A5C,0x019,ram_019,read,7,"BTFSS ram_019, 7, A",0x008A5A
0x008A60,0x019,ram_019,read_write,,"COMF ram_019, F, A",0x008A5A
0x008A62,0x018,ram_018,read_write,,"COMF ram_018, F, A",0x008A5A
0x008A64,0x017,ram_017,read_write,,"COMF ram_017, F, A",0x008A5A
0x008A66,0x016,ram_016,read_write,,"NEGF ram_016, A",0x008A5A
0x008A6A,0x017,ram_017,read_write,,"ADDWFC ram_017, F, A",0x008A5A
0x008A6C,0x018,ram_018,read_write,,"ADDWFC ram_018, F, A",0x008A5A
0x008A6E,0x019,ram_019,read_write,,"ADDWFC ram_019, F, A",0x008A5A
0x008A72,0x01B,ram_01B,write,,"MOVWF ram_01B, A",0x008A5A
0x008A74,0x015,ram_015,read,7,"BTFSS ram_015, 7, A",0x008A5A
0x008A78,0x015,ram_015,read_write,,"COMF ram_015, F, A",0x008A5A
0x008A7A,0x014,ram_014,read_write,,"COMF ram_014, F, A",0x008A5A
0x008A7C,0x013,ram_013,read_write,,"COMF ram_013, F, A",0x008A5A
0x008A7E,0x012,ram_012,read_write,,"NEGF ram_012, A",0x008A5A
0x008A82,0x013,ram_013,read_write,,"ADDWFC ram_013, F, A",0x008A5A
0x008A84,0x014,ram_014,read_write,,"ADDWFC ram_014, F, A",0x008A5A
0x008A86,0x015,ram_015,read_write,,"ADDWFC ram_015, F, A",0x008A5A
0x008A8A,0x01B,ram_01B,read_write,,"XORWF ram_01B, F, A",0x008A5A
0x008A8C,0x01C,ram_01C,write,,"CLRF ram_01C, A",0x008A5A
0x008A8E,0x01D,ram_01D,write,,"CLRF ram_01D, A",0x008A5A
0x008A90,0x01E,ram_01E,write,,"CLRF ram_01E, A",0x008A5A
0x008A92,0x01F,ram_01F,write,,"CLRF ram_01F, A",0x008A5A
0x008A94,0x016,ram_016,read,,"MOVF ram_016, W, A",0x008A5A
0x008A96,0x017,ram_017,read,,"IORWF ram_017, W, A",0x008A5A
0x008A98,0x018,ram_018,read,,"IORWF ram_018, W, A",0x008A5A
0x008A9A,0x019,ram_019,read,,"IORWF ram_019, W, A",0x008A5A
0x008AA0,0x01A,ram_01A,write,,"MOVWF ram_01A, A",0x008A5A
0x008AA4,0xFD8,STATUS,read_write,0,"BCF STATUS, 0, A",0x008A5A
0x008AA6,0x016,ram_016,read_write,,"RLCF ram_016, F, A",0x008A5A
0x008AA8,0x017,ram_017,read_write,,"RLCF ram_017, F, A",0x008A5A
0x008AAA,0x018,ram_018,read_write,,"RLCF ram_018, F, A",0x008A5A
0x008AAC,0x019,ram_019,read_write,,"RLCF ram_019, F, A",0x008A5A
0x008AAE,0x01A,ram_01A,read_write,,"INCF ram_01A, F, A",0x008A5A
0x008AB0,0x019,ram_019,read,7,"BTFSS ram_019, 7, A",0x008A5A
0x008AB4,0xFD8,STATUS,read_write,0,"BCF STATUS, 0, A",0x008A5A
0x008AB6,0x01C,ram_01C,read_write,,"RLCF ram_01C, F, A",0x008A5A
0x008AB8,0x01D,ram_01D,read_write,,"RLCF ram_01D, F, A",0x008A5A
0x008ABA,0x01E,ram_01E,read_write,,"RLCF ram_01E, F, A",0x008A5A
0x008ABC,0x01F,ram_01F,read_write,,"RLCF ram_01F, F, A",0x008A5A
0x008ABE,0x016,ram_016,read,,"MOVF ram_016, W, A",0x008A5A
0x008AC0,0x012,ram_012,read,,"SUBWF ram_012, W, A",0x008A5A
0x008AC2,0x017,ram_017,read,,"MOVF ram_017, W, A",0x008A5A
0x008AC4,0x013,ram_013,read,,"SUBWFB ram_013, W, A",0x008A5A
0x008AC6,0x018,ram_018,read,,"MOVF ram_018, W, A",0x008A5A
0x008AC8,0x014,ram_014,read,,"SUBWFB ram_014, W, A",0x008A5A
0x008ACA,0x019,ram_019,read,,"MOVF ram_019, W, A",0x008A5A
0x008ACC,0x015,ram_015,read,,"SUBWFB ram_015, W, A",0x008A5A
0x008AD0,0x016,ram_016,read,,"MOVF ram_016, W, A",0x008A5A
0x008AD2,0x012,ram_012,read_write,,"SUBWF ram_012, F, A",0x008A5A
0x008AD4,0x017,ram_017,read,,"MOVF ram_017, W, A",0x008A5A
0x008AD6,0x013,ram_013,read_write,,"SUBWFB ram_013, F, A",0x008A5A
0x008AD8,0x018,ram_018,read,,"MOVF ram_018, W, A",0x008A5A
0x008ADA,0x014,ram_014,read_write,,"SUBWFB ram_014, F, A",0x008A5A
0x008ADC,0x019,ram_019,read,,"MOVF ram_019, W, A",0x008A5A
0x008ADE,0x015,ram_015,read_write,,"SUBWFB ram_015, F, A",0x008A5A
0x008AE0,0x01C,ram_01C,read_write,0,"BSF ram_01C, 0, A",0x008A5A
0x008AE2,0xFD8,STATUS,read_write,0,"BCF STATUS, 0, A",0x008A5A
0x008AE4,0x019,ram_019,read_write,,"RRCF ram_019, F, A",0x008A5A
0x008AE6,0x018,ram_018,read_write,,"RRCF ram_018, F, A",0x008A5A
0x008AE8,0x017,ram_017,read_write,,"RRCF ram_017, F, A",0x008A5A
0x008AEA,0x016,ram_016,read_write,,"RRCF ram_016, F, A",0x008A5A
0x008AEC,0x01A,ram_01A,read_write,,"DECFSZ ram_01A, F, A",0x008A5A
0x008AF0,0x01B,ram_01B,read,,"MOVF ram_01B, W, A",0x008A5A
0x008AF4,0x01F,ram_01F,read_write,,"COMF ram_01F, F, A",0x008A5A
0x008AF6,0x01E,ram_01E,read_write,,"COMF ram_01E, F, A",0x008A5A
0x008AF8,0x01D,ram_01D,read_write,,"COMF ram_01D, F, A",0x008A5A
0x008AFA,0x01C,ram_01C,read_write,,"NEGF ram_01C, A",0x008A5A
0x008AFE,0x01D,ram_01D,read_write,,"ADDWFC ram_01D, F, A",0x008A5A
0x008B00,0x01E,ram_01E,read_write,,"ADDWFC ram_01E, F, A",0x008A5A
0x008B02,0x01F,ram_01F,read_write,,"ADDWFC ram_01F, F, A",0x008A5A
0x008B04,0x01C,ram_01C,read,,"MOVFF ram_01C, ram_012",0x008A5A
0x008B04,0x012,ram_012,write,,"MOVFF ram_01C, ram_012",0x008A5A
0x008B08,0x01D,ram_01D,read,,"MOVFF ram_01D, ram_013",0x008A5A
0x008B08,0x013,ram_013,write,,"MOVFF ram_01D, ram_013",0x008A5A
0x008B0C,0x01E,ram_01E,read,,"MOVFF ram_01E, ram_014",0x008A5A
0x008B0C,0x014,ram_014,write,,"MOVFF ram_01E, ram_014",0x008A5A
0x008B10,0x01F,ram_01F,read,,"MOVFF ram_01F, ram_015",0x008A5A
0x008B10,0x015,ram_015,write,,"MOVFF ram_01F, ram_015",0x008A5A
0x008B16,0x01B,ram_01B,write,,"MOVWF ram_01B, A",0x008B16
0x008B1A,0x01C,ram_01C,write,,"MOVWF ram_01C, A",0x008B16
0x008B1C,0x01D,ram_01D,write,,"CLRF ram_01D, A",0x008B16
0x008B1E,0x01E,ram_01E,write,,"CLRF ram_01E, A",0x008B16
0x008B20,0x01F,ram_01F,write,,"CLRF ram_01F, A",0x008B16
0x008B22,0x020,ram_020,write,,"CLRF ram_020, A",0x008B16
0x008B24,0x021,ram_021,write,,"CLRF ram_021, A",0x008B16
0x008B26,0x022,ram_022,write,,"CLRF ram_022, A",0x008B16
0x008B28,0x023,ram_023,write,,"CLRF ram_023, A",0x008B16
0x008B2C,0x01B,ram_01B,read,,"CPFSGT ram_01B, A",0x008B16
0x008B32,0x6A0,ram_6A0,write,,"CLRF ram_6A0, B",0x008B16
0x008B34,0x6A1,ram_6A1,write,,"CLRF ram_6A1, B",0x008B16
0x008B36,0x6A2,ram_6A2,write,,"CLRF ram_6A2, B",0x008B16
0x008B38,0x6A3,ram_6A3,write,,"CLRF ram_6A3, B",0x008B16
0x008B3A,0x6A4,ram_6A4,write,,"CLRF ram_6A4, B",0x008B16
0x008B3C,0x6A5,ram_6A5,write,,"CLRF ram_6A5, B",0x008B16
0x008B3E,0x6A6,ram_6A6,write,,"CLRF ram_6A6, B",0x008B16
0x008B40,0x6A7,ram_6A7,write,,"CLRF ram_6A7, B",0x008B16
0x008B44,0x01B,ram_01B,read,,"INCF ram_01B, W, A",0x008B16
0x008B48,0xFD8,STATUS,read_write,0,"BCF STATUS, 0, A",0x008B16
0x008B4A,0x01C,ram_01C,read_write,,"RLCF ram_01C, F, A",0x008B16
0x008B4C,0x01D,ram_01D,read_write,,"RLCF ram_01D, F, A",0x008B16
0x008B4E,0x01E,ram_01E,read_write,,"RLCF ram_01E, F, A",0x008B16
0x008B50,0x01F,ram_01F,read_write,,"RLCF ram_01F, F, A",0x008B16
0x008B52,0x020,ram_020,read_write,,"RLCF ram_020, F, A",0x008B16
0x008B54,0x021,ram_021,read_write,,"RLCF ram_021, F, A",0x008B16
0x008B56,0x022,ram_022,read_write,,"RLCF ram_022, F, A",0x008B16
0x008B58,0x023,ram_023,read_write,,"RLCF ram_023, F, A",0x008B16
0x008B5A,0xFE8,WREG,read_write,,"DECFSZ WREG, F, A",0x008B16
0x008B5E,0x01A,ram_01A,write,,"CLRF ram_01A, A",0x008B16
0x008B60,0x01C,ram_01C,read,,"MOVF ram_01C, W, A",0x008B16
0x008B64,0x6A0,ram_6A0,read,,"ANDWF ram_6A0, W, B",0x008B16
0x008B66,0x012,ram_012,write,,"MOVWF ram_012, A",0x008B16
0x008B68,0x01D,ram_01D,read,,"MOVF ram_01D, W, A",0x008B16
0x008B6A,0x6A1,ram_6A1,read,,"ANDWF ram_6A1, W, B",0x008B16
0x008B6C,0x013,ram_013,write,,"MOVWF ram_013, A",0x008B16
0x008B6E,0x01E,ram_01E,read,,"MOVF ram_01E, W, A",0x008B16
0x008B70,0x6A2,ram_6A2,read,,"ANDWF ram_6A2, W, B",0x008B16
0x008B72,0x014,ram_014,write,,"MOVWF ram_014, A",0x008B16
0x008B74,0x01F,ram_01F,read,,"MOVF ram_01F, W, A",0x008B16
0x008B76,0x6A3,ram_6A3,read,,"ANDWF ram_6A3, W, B",0x008B16
0x008B78,0x015,ram_015,write,,"MOVWF ram_015, A",0x008B16
0x008B7A,0x020,ram_020,read,,"MOVF ram_020, W, A",0x008B16
0x008B7C,0x6A4,ram_6A4,read,,"ANDWF ram_6A4, W, B",0x008B16
0x008B7E,0x016,ram_016,write,,"MOVWF ram_016, A",0x008B16
0x008B80,0x021,ram_021,read,,"MOVF ram_021, W, A",0x008B16
0x008B82,0x6A5,ram_6A5,read,,"ANDWF ram_6A5, W, B",0x008B16
0x008B84,0x017,ram_017,write,,"MOVWF ram_017, A",0x008B16
0x008B86,0x022,ram_022,read,,"MOVF ram_022, W, A",0x008B16
0x008B88,0x6A6,ram_6A6,read,,"ANDWF ram_6A6, W, B",0x008B16
0x008B8A,0x018,ram_018,write,,"MOVWF ram_018, A",0x008B16
0x008B8C,0x023,ram_023,read,,"MOVF ram_023, W, A",0x008B16
0x008B8E,0x6A7,ram_6A7,read,,"ANDWF ram_6A7, W, B",0x008B16
0x008B90,0x019,ram_019,write,,"MOVWF ram_019, A",0x008B16
0x008B92,0x012,ram_012,read,,"MOVF ram_012, W, A",0x008B16
0x008B94,0x013,ram_013,read,,"IORWF ram_013, W, A",0x008B16
0x008B96,0x014,ram_014,read,,"IORWF ram_014, W, A",0x008B16
0x008B98,0x015,ram_015,read,,"IORWF ram_015, W, A",0x008B16
0x008B9A,0x016,ram_016,read,,"IORWF ram_016, W, A",0x008B16
0x008B9C,0x017,ram_017,read,,"IORWF ram_017, W, A",0x008B16
0x008B9E,0x018,ram_018,read,,"IORWF ram_018, W, A",0x008B16
0x008BA0,0x019,ram_019,read,,"IORWF ram_019, W, A",0x008B16
0x008BA6,0x01A,ram_01A,write,,"MOVWF ram_01A, A",0x008B16
0x008BA8,0x01C,ram_01C,read,,"MOVF ram_01C, W, A",0x008B16
0x008BAA,0x6A0,ram_6A0,read_write,,"IORWF ram_6A0, F, B",0x008B16
0x008BAC,0x01D,ram_01D,read,,"MOVF ram_01D, W, A",0x008B16
0x008BAE,0x6A1,ram_6A1,read_write,,"IORWF ram_6A1, F, B",0x008B16
0x008BB0,0x01E,ram_01E,read,,"MOVF ram_01E, W, A",0x008B16
0x008BB2,0x6A2,ram_6A2,read_write,,"IORWF ram_6A2, F, B",0x008B16
0x008BB4,0x01F,ram_01F,read,,"MOVF ram_01F, W, A",0x008B16
0x008BB6,0x6A3,ram_6A3,read_write,,"IORWF ram_6A3, F, B",0x008B16
0x008BB8,0x020,ram_020,read,,"MOVF ram_020, W, A",0x008B16
0x008BBA,0x6A4,ram_6A4,read_write,,"IORWF ram_6A4, F, B",0x008B16
0x008BBC,0x021,ram_021,read,,"MOVF ram_021, W, A",0x008B16
0x008BBE,0x6A5,ram_6A5,read_write,,"IORWF ram_6A5, F, B",0x008B16
0x008BC0,0x022,ram_022,read,,"MOVF ram_022, W, A",0x008B16
0x008BC2,0x6A6,ram_6A6,read_write,,"IORWF ram_6A6, F, B",0x008B16
0x008BC4,0x023,ram_023,read,,"MOVF ram_023, W, A",0x008B16
0x008BC6,0x6A7,ram_6A7,read_write,,"IORWF ram_6A7, F, B",0x008B16
0x008BC8,0x01A,ram_01A,read,,"MOVF ram_01A, W, A",0x008B16
0x008BCE,0x022,ram_022,write,,"MOVWF ram_022, A",0x008BCC
0x008BD0,0x01B,ram_01B,read,7,"BTFSS ram_01B, 7, A",0x008BCC
0x008BD4,0x01A,ram_01A,read,,"MOVF ram_01A, W, A",0x008BCC
0x008BD8,0x01A,ram_01A,write,,"MOVWF ram_01A, A",0x008BCC
0x008BDA,0x01B,ram_01B,read,,"MOVF ram_01B, W, A",0x008BCC
0x008BDC,0xFD8,STATUS,read,0,"BTFSS STATUS, 0, A",0x008BCC
0x008BDE,0xFE8,WREG,read_write,,"INCF WREG, F, A",0x008BCC
0x008BE2,0x01B,ram_01B,write,,"MOVWF ram_01B, A",0x008BCC
0x008BE4,0x01E,ram_01E,write,,"CLRF ram_01E, A",0x008BCC
0x008BE6,0x01F,ram_01F,write,,"CLRF ram_01F, A",0x008BCC
0x008BE8,0x01A,ram_01A,read,0,"BTFSC ram_01A, 0, A",0x008BCC
0x008BEC,0x01A,ram_01A,read,,"MOVFF ram_01A, ram_012",0x008BCC
0x008BEC,0x012,ram_012,write,,"MOVFF ram_01A, ram_012",0x008BCC
0x008BF0,0x01B,ram_01B,read,,"MOVFF ram_01B, ram_013",0x008BCC
0x008BF0,0x013,ram_013,write,,"MOVFF ram_01B, ram_013",0x008BCC
0x008BF4,0x015,ram_015,write,,"CLRF ram_015, A",0x008BCC
0x008BF8,0x014,ram_014,write,,"MOVWF ram_014, A",0x008BCC
0x008BFE,0x012,ram_012,read,,"MOVFF ram_012, ram_01A",0x008BCC
0x008BFE,0x01A,ram_01A,write,,"MOVFF ram_012, ram_01A",0x008BCC
0x008C02,0x013,ram_013,read,,"MOVFF ram_013, ram_01B",0x008BCC
0x008C02,0x01B,ram_01B,write,,"MOVFF ram_013, ram_01B",0x008BCC
0x008C06,0x01E,ram_01E,read_write,,"INFSNZ ram_01E, F, A",0x008BCC
0x008C08,0x01F,ram_01F,read_write,,"INCF ram_01F, F, A",0x008BCC
0x008C0C,0x01E,ram_01E,read,,"XORWF ram_01E, W, A",0x008BCC
0x008C0E,0x01F,ram_01F,read,,"IORWF ram_01F, W, A",0x008BCC
0x008C14,0x021,ram_021,write,,"CLRF ram_021, A",0x008BCC
0x008C18,0x020,ram_020,write,,"MOVWF ram_020, A",0x008BCC
0x008C1C,0x01A,ram_01A,read_write,,"ADDWF ram_01A, F, A",0x008BCC
0x008C20,0x01B,ram_01B,read_write,,"ADDWFC ram_01B, F, A",0x008BCC
0x008C24,0xFD8,STATUS,read_write,0,"BCF STATUS, 0, A",0x008BCC
0x008C26,0x020,ram_020,read_write,,"RLCF ram_020, F, A",0x008BCC
0x008C28,0x021,ram_021,read_write,,"RLCF ram_021, F, A",0x008BCC
0x008C2A,0x01A,ram_01A,read,,"MOVFF ram_01A, ram_012",0x008BCC
0x008C2A,0x012,ram_012,write,,"MOVFF ram_01A, ram_012",0x008BCC
0x008C2E,0x01B,ram_01B,read,,"MOVFF ram_01B, ram_013",0x008BCC
0x008C2E,0x013,ram_013,write,,"MOVFF ram_01B, ram_013",0x008BCC
0x008C32,0xFD8,STATUS,read_write,0,"BCF STATUS, 0, A",0x008BCC
0x008C34,0x020,ram_020,read,,"RLCF ram_020, W, A",0x008BCC
0x008C36,0x014,ram_014,write,,"MOVWF ram_014, A",0x008BCC
0x008C38,0x021,ram_021,read,,"RLCF ram_021, W, A",0x008BCC
0x008C3A,0x015,ram_015,write,,"MOVWF ram_015, A",0x008BCC
0x008C40,0x012,ram_012,read,,"MOVF ram_012, W, A",0x008BCC
0x008C42,0x013,ram_013,read,,"IORWF ram_013, W, A",0x008BCC
0x008C46,0x01A,ram_01A,read,,"MOVF ram_01A, W, A",0x008BCC
0x008C48,0x01B,ram_01B,read,,"IORWF ram_01B, W, A",0x008BCC
0x008C4C,0x022,ram_022,read,,"MOVF ram_022, W, A",0x008BCC
0x008C4E,0x01C,ram_01C,write,,"MOVWF ram_01C, A",0x008BCC
0x008C50,0x01D,ram_01D,write,,"CLRF ram_01D, A",0x008BCC
0x008C52,0x01C,ram_01C,read,,"MOVF ram_01C, W, A",0x008BCC
0x008C54,0x020,ram_020,read,,"SUBWF ram_020, W, A",0x008BCC
0x008C56,0x01D,ram_01D,read,,"MOVF ram_01D, W, A",0x008BCC
0x008C58,0x021,ram_021,read,,"SUBWFB ram_021, W, A",0x008BCC
0x008C5C,0x022,ram_022,read,,"MOVFF ram_022, ram_012",0x008BCC
0x008C5C,0x012,ram_012,write,,"MOVFF ram_022, ram_012",0x008BCC
0x008C60,0x013,ram_013,write,,"CLRF ram_013, A",0x008BCC
0x008C62,0x020,ram_020,read,,"MOVFF ram_020, ram_014",0x008BCC
0x008C62,0x014,ram_014,write,,"MOVFF ram_020, ram_014",0x008BCC
0x008C66,0x021,ram_021,read,,"MOVFF ram_021, ram_015",0x008BCC
0x008C66,0x015,ram_015,write,,"MOVFF ram_021, ram_015",0x008BCC
0x008C6E,0x012,ram_012,read,,"MOVFF ram_012, ram_01A",0x008BCC
0x008C6E,0x01A,ram_01A,write,,"MOVFF ram_012, ram_01A",0x008BCC
0x008C72,0x013,ram_013,read,,"MOVFF ram_013, ram_01B",0x008BCC
0x008C72,0x01B,ram_01B,write,,"MOVFF ram_013, ram_01B",0x008BCC
0x008C76,0x01A,ram_01A,read,,"MOVFF ram_01A, ram_01A",0x008BCC
0x008C76,0x01A,ram_01A,write,,"MOVFF ram_01A, ram_01A",0x008BCC
0x008C7A,0x01B,ram_01B,read,,"MOVFF ram_01B, ram_01B",0x008BCC
0x008C7A,0x01B,ram_01B,write,,"MOVFF ram_01B, ram_01B",0x008BCC
0x008C80,0x01B,ram_01B,write,,"CLRF ram_01B, A",0x008C80
0x008C82,0x015,ram_015,read,7,"BTFSS ram_015, 7, A",0x008C80
0x008C86,0x015,ram_015,read_write,,"COMF ram_015, F, A",0x008C80
0x008C88,0x014,ram_014,read_write,,"COMF ram_014, F, A",0x008C80
0x008C8A,0x013,ram_013,read_write,,"COMF ram_013, F, A",0x008C80
0x008C8C,0x012,ram_012,read_write,,"NEGF ram_012, A",0x008C80
0x008C90,0x013,ram_013,read_write,,"ADDWFC ram_013, F, A",0x008C80
0x008C92,0x014,ram_014,read_write,,"ADDWFC ram_014, F, A",0x008C80
0x008C94,0x015,ram_015,read_write,,"ADDWFC ram_015, F, A",0x008C80
0x008C98,0x01B,ram_01B,write,,"MOVWF ram_01B, A",0x008C80
0x008C9A,0x019,ram_019,read,7,"BTFSS ram_019, 7, A",0x008C80
0x008C9E,0x019,ram_019,read_write,,"COMF ram_019, F, A",0x008C80
0x008CA0,0x018,ram_018,read_write,,"COMF ram_018, F, A",0x008C80
0x008CA2,0x017,ram_017,read_write,,"COMF ram_017, F, A",0x008C80
0x008CA4,0x016,ram_016,read_write,,"NEGF ram_016, A",0x008C80
0x008CA8,0x017,ram_017,read_write,,"ADDWFC ram_017, F, A",0x008C80
0x008CAA,0x018,ram_018,read_write,,"ADDWFC ram_018, F, A",0x008C80
0x008CAC,0x019,ram_019,read_write,,"ADDWFC ram_019, F, A",0x008C80
0x008CAE,0x016,ram_016,read,,"MOVF ram_016, W, A",0x008C80
0x008CB0,0x017,ram_017,read,,"IORWF ram_017, W, A",0x008C80
0x008CB2,0x018,ram_018,read,,"IORWF ram_018, W, A",0x008C80
0x008CB4,0x019,ram_019,read,,"IORWF ram_019, W, A",0x008C80
0x008CBA,0x01A,ram_01A,write,,"MOVWF ram_01A, A",0x008C80
0x008CBE,0xFD8,STATUS,read_write,0,"BCF STATUS, 0, A",0x008C80
0x008CC0,0x016,ram_016,read_write,,"RLCF ram_016, F, A",0x008C80
0x008CC2,0x017,ram_017,read_write,,"RLCF ram_017, F, A",0x008C80
0x008CC4,0x018,ram_018,read_write,,"RLCF ram_018, F, A",0x008C80
0x008CC6,0x019,ram_019,read_write,,"RLCF ram_019, F, A",0x008C80
0x008CC8,0x01A,ram_01A,read_write,,"INCF ram_01A, F, A",0x008C80
0x008CCA,0x019,ram_019,read,7,"BTFSS ram_019, 7, A",0x008C80
0x008CCE,0x016,ram_016,read,,"MOVF ram_016, W, A",0x008C80
0x008CD0,0x012,ram_012,read,,"SUBWF ram_012, W, A",0x008C80
0x008CD2,0x017,ram_017,read,,"MOVF ram_017, W, A",0x008C80
0x008CD4,0x013,ram_013,read,,"SUBWFB ram_013, W, A",0x008C80
0x008CD6,0x018,ram_018,read,,"MOVF ram_018, W, A",0x008C80
0x008CD8,0x014,ram_014,read,,"SUBWFB ram_014, W, A",0x008C80
0x008CDA,0x019,ram_019,read,,"MOVF ram_019, W, A",0x008C80
0x008CDC,0x015,ram_015,read,,"SUBWFB ram_015, W, A",0x008C80
0x008CE0,0x016,ram_016,read,,"MOVF ram_016, W, A",0x008C80
0x008CE2,0x012,ram_012,read_write,,"SUBWF ram_012, F, A",0x008C80
0x008CE4,0x017,ram_017,read,,"MOVF ram_017, W, A",0x008C80
0x008CE6,0x013,ram_013,read_write,,"SUBWFB ram_013, F, A",0x008C80
0x008CE8,0x018,ram_018,read,,"MOVF ram_018, W, A",0x008C80
0x008CEA,0x014,ram_014,read_write,,"SUBWFB ram_014, F, A",0x008C80
0x008CEC,0x019,ram_019,read,,"MOVF ram_019, W, A",0x008C80
0x008CEE,0x015,ram_015,read_write,,"SUBWFB ram_015, F, A",0x008C80
0x008CF0,0xFD8,STATUS,read_write,0,"BCF STATUS, 0, A",0x008C80
0x008CF2,0x019,ram_019,read_write,,"RRCF ram_019, F, A",0x008C80
0x008CF4,0x018,ram_018,read_write,,"RRCF ram_018, F, A",0x008C80
0x008CF6,0x017,ram_017,read_write,,"RRCF ram_017, F, A",0x008C80
0x008CF8,0x016,ram_016,read_write,,"RRCF ram_016, F, A",0x008C80
0x008CFA,0x01A,ram_01A,read_write,,"DECFSZ ram_01A, F, A",0x008C80
0x008CFE,0x01B,ram_01B,read,,"MOVF ram_01B, W, A",0x008C80
0x008D02,0x015,ram_015,read_write,,"COMF ram_015, F, A",0x008C80
0x008D04,0x014,ram_014,read_write,,"COMF ram_014, F, A",0x008C80
0x008D06,0x013,ram_013,read_write,,"COMF ram_013, F, A",0x008C80
0x008D08,0x012,ram_012,read_write,,"NEGF ram_012, A",0x008C80
0x008D0C,0x013,ram_013,read_write,,"ADDWFC ram_013, F, A",0x008C80
0x008D0E,0x014,ram_014,read_write,,"ADDWFC ram_014, F, A",0x008C80
0x008D10,0x015,ram_015,read_write,,"ADDWFC ram_015, F, A",0x008C80
0x008D12,0x012,ram_012,read,,"MOVFF ram_012, ram_012",0x008C80
0x008D12,0x012,ram_012,write,,"MOVFF ram_012, ram_012",0x008C80
0x008D16,0x013,ram_013,read,,"MOVFF ram_013, ram_013",0x008C80
0x008D16,0x013,ram_013,write,,"MOVFF ram_013, ram_013",0x008C80
0x008D1A,0x014,ram_014,read,,"MOVFF ram_014, ram_014",0x008C80
0x008D1A,0x014,ram_014,write,,"MOVFF ram_014, ram_014",0x008C80
0x008D1E,0x015,ram_015,read,,"MOVFF ram_015, ram_015",0x008C80
0x008D1E,0x015,ram_015,write,,"MOVFF ram_015, ram_015",0x008C80
0x008D24,0x015,ram_015,write,,"MOVWF ram_015, A",0x008D24
0x008D28,0xFF6,TBLPTRL,write,,"MOVWF TBLPTRL, A",0x008D24
0x008D2C,0xFF7,TBLPTRH,write,,"MOVWF TBLPTRH, A",0x008D24
0x008D30,0xFF5,TABLAT,read,,"MOVFF TABLAT, ram_016",0x008D24
0x008D30,0x016,ram_016,write,,"MOVFF TABLAT, ram_016",0x008D24
0x008D36,0xFF5,TABLAT,read,,"MOVFF TABLAT, ram_017",0x008D24
0x008D36,0x017,ram_017,write,,"MOVFF TABLAT, ram_017",0x008D24
0x008D3C,0xFF5,TABLAT,read,,"MOVFF TABLAT, ram_018",0x008D24
0x008D3C,0x018,ram_018,write,,"MOVFF TABLAT, ram_018",0x008D24
0x008D42,0xFF5,TABLAT,read,,"MOVFF TABLAT, ram_019",0x008D24
0x008D42,0x019,ram_019,write,,"MOVFF TABLAT, ram_019",0x008D24
0x008D46,0x012,ram_012,read,,"MOVF ram_012, W, A",0x008D24
0x008D4A,0x01D,ram_01D,write,,"CLRF ram_01D, A",0x008D24
0x008D4E,0xF7E,PIR5,read,0,"BTFSS PIR5, 0, A",0x008D24
0x008D52,0x01D,ram_01D,read_write,,"INCF ram_01D, F, A",0x008D24
0x008D54,0xF7E,PIR5,read_write,0,"BCF PIR5, 0, A",0x008D24
0x008D56,0x01D,ram_01D,read,,"MOVF ram_01D, W, A",0x008D24
0x008D5A,0x01D,ram_01D,read,0,"BTFSC ram_01D, 0, A",0x008D24
0x008D62,0x45F,ram_45F,read_write,,"XORWF ram_45F, F, B",0x008D24
0x008D64,0x45F,ram_45F,read,0,"BTFSS ram_45F, 0, B",0x008D24
0x008D68,0xF8A,LATB,read_write,5,"BSF LATB, 5, A",0x008D24
0x008D6C,0xF8A,LATB,read_write,5,"BCF LATB, 5, A",0x008D24
0x008D70,0x01D,ram_01D,read,,"CPFSGT ram_01D, A",0x008D24
0x008D78,0x01C,ram_01C,write,,"MOVWF ram_01C, A",0x008D24
0x008D7C,0x01C,ram_01C,read,,"MOVF ram_01C, W, A",0x008D24
0x008D7E,0x015,ram_015,read,,"ANDWF ram_015, W, A",0x008D24
0x008D82,0x018,ram_018,read,,"MOVFF ram_018, ram_01A",0x008D24
0x008D82,0x01A,ram_01A,write,,"MOVFF ram_018, ram_01A",0x008D24
0x008D86,0x019,ram_019,read,,"MOVFF ram_019, ram_01B",0x008D24
0x008D86,0x01B,ram_01B,write,,"MOVFF ram_019, ram_01B",0x008D24
0x008D8C,0x016,ram_016,read,,"MOVFF ram_016, ram_01A",0x008D24
0x008D8C,0x01A,ram_01A,write,,"MOVFF ram_016, ram_01A",0x008D24
0x008D90,0x017,ram_017,read,,"MOVFF ram_017, ram_01B",0x008D24
0x008D90,0x01B,ram_01B,write,,"MOVFF ram_017, ram_01B",0x008D24
0x008D96,0xF53,TMR4,read,,"MOVF TMR4, W, B",0x008D24
0x008D98,0x013,ram_013,write,,"MOVWF ram_013, A",0x008D24
0x008D9A,0x014,ram_014,write,,"CLRF ram_014, A",0x008D24
0x008D9C,0x01A,ram_01A,read,,"MOVF ram_01A, W, A",0x008D24
0x008D9E,0x013,ram_013,read,,"SUBWF ram_013, W, A",0x008D24
0x008DA0,0x01B,ram_01B,read,,"MOVF ram_01B, W, A",0x008D24
0x008DA2,0x014,ram_014,read,,"SUBWFB ram_014, W, A",0x008D24
0x008DA6,0xF53,TMR4,write,,"CLRF TMR4, B",0x008D24
0x008DAC,0x45F,ram_45F,read_write,,"XORWF ram_45F, F, B",0x008D24
0x008DAE,0x45F,ram_45F,read,0,"BTFSS ram_45F, 0, B",0x008D24
0x008DB2,0xF8A,LATB,read_write,5,"BSF LATB, 5, A",0x008D24
0x008DB6,0xF8A,LATB,read_write,5,"BCF LATB, 5, A",0x008D24
0x008DB8,0xFD8,STATUS,read_write,0,"BCF STATUS, 0, A",0x008D24
0x008DBA,0x01C,ram_01C,read_write,,"RRCF ram_01C, F, A",0x008D24
0x008DBC,0x01C,ram_01C,read,,"MOVF ram_01C, W, A",0x008D24
0x008DC2,0x017,ram_017,write,,"CLRF ram_017, A",0x008DC2
0x008DC4,0x016,ram_016,write,,"CLRF ram_016, A",0x008DC2
0x008DC8,0x019,ram_019,write,,"MOVWF ram_019, A",0x008DC2
0x008DCC,0x018,ram_018,write,,"MOVWF ram_018, A",0x008DC2
0x008DD0,0x495,ram_495,read,,"MOVF ram_495, W, B",0x008DC2
0x008DD6,0x017,ram_017,write,,"CLRF ram_017, A",0x008DC2
0x008DD8,0x016,ram_016,write,,"CLRF ram_016, A",0x008DC2
0x008DDC,0x019,ram_019,write,,"MOVWF ram_019, A",0x008DC2
0x008DE0,0x018,ram_018,write,,"MOVWF ram_018, A",0x008DC2
0x008DE6,0x450,ram_450,read,,"XORWF ram_450, W, B",0x008DC2
0x008DEC,0x451,ram_451,read,,"XORWF ram_451, W, B",0x008DC2
0x008DFA,0x017,ram_017,write,,"CLRF ram_017, A",0x008DC2
0x008DFC,0x016,ram_016,write,,"CLRF ram_016, A",0x008DC2
0x008E00,0x019,ram_019,write,,"MOVWF ram_019, A",0x008DC2
0x008E04,0x018,ram_018,write,,"MOVWF ram_018, A",0x008DC2
0x008E06,0x040,ram_040,read,,"MOVF ram_040, W, A",0x008DC2
0x008E0C,0x017,ram_017,write,,"CLRF ram_017, A",0x008DC2
0x008E0E,0x016,ram_016,write,,"CLRF ram_016, A",0x008DC2
0x008E12,0x019,ram_019,write,,"MOVWF ram_019, A",0x008DC2
0x008E16,0x018,ram_018,write,,"MOVWF ram_018, A",0x008DC2
0x008E1A,0x4F3,ram_4F3,read,,"MOVF ram_4F3, W, B",0x008DC2
0x008E20,0x017,ram_017,write,,"CLRF ram_017, A",0x008DC2
0x008E22,0x016,ram_016,write,,"CLRF ram_016, A",0x008DC2
0x008E26,0x019,ram_019,write,,"MOVWF ram_019, A",0x008DC2
0x008E2A,0x018,ram_018,write,,"MOVWF ram_018, A",0x008DC2
0x008E2E,0x493,ram_493,read,,"MOVF ram_493, W, B",0x008DC2
0x008E34,0x017,ram_017,write,,"CLRF ram_017, A",0x008DC2
0x008E36,0x016,ram_016,write,,"CLRF ram_016, A",0x008DC2
0x008E3A,0x019,ram_019,write,,"MOVWF ram_019, A",0x008DC2
0x008E3E,0x018,ram_018,write,,"MOVWF ram_018, A",0x008DC2
0x008E42,0x4F1,ram_4F1,read,,"MOVF ram_4F1, W, B",0x008DC2
0x008E48,0x017,ram_017,write,,"CLRF ram_017, A",0x008DC2
0x008E4A,0x016,ram_016,write,,"CLRF ram_016, A",0x008DC2
0x008E4E,0x019,ram_019,write,,"MOVWF ram_019, A",0x008DC2
0x008E52,0x018,ram_018,write,,"MOVWF ram_018, A",0x008DC2
0x008E54,0x03E,ram_03E,read,,"MOVF ram_03E, W, A",0x008DC2
0x008E5A,0x022,ram_022,write,,"CLRF ram_022, A",0x008E5A
0x008E5C,0x023,ram_023,write,,"CLRF ram_023, A",0x008E5A
0x008E5E,0x024,ram_024,write,,"CLRF ram_024, A",0x008E5A
0x008E60,0x025,ram_025,write,,"CLRF ram_025, A",0x008E5A
0x008E62,0x026,ram_026,write,,"CLRF ram_026, A",0x008E5A
0x008E64,0x027,ram_027,write,,"CLRF ram_027, A",0x008E5A
0x008E66,0x028,ram_028,write,,"CLRF ram_028, A",0x008E5A
0x008E68,0x029,ram_029,write,,"CLRF ram_029, A",0x008E5A
0x008E6A,0x012,ram_012,read,0,"BTFSS ram_012, 0, A",0x008E5A
0x008E6E,0x01A,ram_01A,read,,"MOVF ram_01A, W, A",0x008E5A
0x008E70,0x022,ram_022,read_write,,"ADDWF ram_022, F, A",0x008E5A
0x008E72,0x01B,ram_01B,read,,"MOVF ram_01B, W, A",0x008E5A
0x008E74,0x023,ram_023,read_write,,"ADDWFC ram_023, F, A",0x008E5A
0x008E76,0x01C,ram_01C,read,,"MOVF ram_01C, W, A",0x008E5A
0x008E78,0x024,ram_024,read_write,,"ADDWFC ram_024, F, A",0x008E5A
0x008E7A,0x01D,ram_01D,read,,"MOVF ram_01D, W, A",0x008E5A
0x008E7C,0x025,ram_025,read_write,,"ADDWFC ram_025, F, A",0x008E5A
0x008E7E,0x01E,ram_01E,read,,"MOVF ram_01E, W, A",0x008E5A
0x008E80,0x026,ram_026,read_write,,"ADDWFC ram_026, F, A",0x008E5A
0x008E82,0x01F,ram_01F,read,,"MOVF ram_01F, W, A",0x008E5A
0x008E84,0x027,ram_027,read_write,,"ADDWFC ram_027, F, A",0x008E5A
0x008E86,0x020,ram_020,read,,"MOVF ram_020, W, A",0x008E5A
0x008E88,0x028,ram_028,read_write,,"ADDWFC ram_028, F, A",0x008E5A
0x008E8A,0x021,ram_021,read,,"MOVF ram_021, W, A",0x008E5A
0x008E8C,0x029,ram_029,read_write,,"ADDWFC ram_029, F, A",0x008E5A
0x008E8E,0xFD8,STATUS,read_write,0,"BCF STATUS, 0, A",0x008E5A
0x008E90,0x01A,ram_01A,read_write,,"RLCF ram_01A, F, A",0x008E5A
0x008E92,0x01B,ram_01B,read_write,,"RLCF ram_01B, F, A",0x008E5A
0x008E94,0x01C,ram_01C,read_write,,"RLCF ram_01C, F, A",0x008E5A
0x008E96,0x01D,ram_01D,read_write,,"RLCF ram_01D, F, A",0x008E5A
0x008E98,0x01E,ram_01E,read_write,,"RLCF ram_01E, F, A",0x008E5A
0x008E9A,0x01F,ram_01F,read_write,,"RLCF ram_01F, F, A",0x008E5A
0x008E9C,0x020,ram_020,read_write,,"RLCF ram_020, F, A",0x008E5A
0x008E9E,0x021,ram_021,read_write,,"RLCF ram_021, F, A",0x008E5A
0x008EA0,0xFD8,STATUS,read_write,0,"BCF STATUS, 0, A",0x008E5A
0x008EA2,0x019,ram_019,read_write,,"RRCF ram_019, F, A",0x008E5A
0x008EA4,0x018,ram_018,read_write,,"RRCF ram_018, F, A",0x008E5A
0x008EA6,0x017,ram_017,read_write,,"RRCF ram_017, F, A",0x008E5A
0x008EA8,0x016,ram_016,read_write,,"RRCF ram_016, F, A",0x008E5A
0x008EAA,0x015,ram_015,read_write,,"RRCF ram_015, F, A",0x008E5A
0x008EAC,0x014,ram_014,read_write,,"RRCF ram_014, F, A",0x008E5A
0x008EAE,0x013,ram_013,read_write,,"RRCF ram_013, F, A",0x008E5A
0x008EB0,0x012,ram_012,read_write,,"RRCF ram_012, F, A",0x008E5A
0x008EB2,0x012,ram_012,read,,"MOVF ram_012, W, A",0x008E5A
0x008EB4,0x013,ram_013,read,,"IORWF ram_013, W, A",0x008E5A
0x008EB6,0x014,ram_014,read,,"IORWF ram_014, W, A",0x008E5A
0x008EB8,0x015,ram_015,read,,"IORWF ram_015, W, A",0x008E5A
0x008EBA,0x016,ram_016,read,,"IORWF ram_016, W, A",0x008E5A
0x008EBC,0x017,ram_017,read,,"IORWF ram_017, W, A",0x008E5A
0x008EBE,0x018,ram_018,read,,"IORWF ram_018, W, A",0x008E5A
0x008EC0,0x019,ram_019,read,,"IORWF ram_019, W, A",0x008E5A
0x008EC4,0x022,ram_022,read,,"MOVFF ram_022, ram_012",0x008E5A
0x008EC4,0x012,ram_012,write,,"MOVFF ram_022, ram_012",0x008E5A
0x008EC8,0x023,ram_023,read,,"MOVFF ram_023, ram_013",0x008E5A
0x008EC8,0x013,ram_013,write,,"MOVFF ram_023, ram_013",0x008E5A
0x008ECC,0x024,ram_024,read,,"MOVFF ram_024, ram_014",0x008E5A
0x008ECC,0x014,ram_014,write,,"MOVFF ram_024, ram_014",0x008E5A
0x008ED0,0x025,ram_025,read,,"MOVFF ram_025, ram_015",0x008E5A
0x008ED0,0x015,ram_015,write,,"MOVFF ram_025, ram_015",0x008E5A
0x008ED4,0x026,ram_026,read,,"MOVFF ram_026, ram_016",0x008E5A
0x008ED4,0x016,ram_016,write,,"MOVFF ram_026, ram_016",0x008E5A
0x008ED8,0x027,ram_027,read,,"MOVFF ram_027, ram_017",0x008E5A
0x008ED8,0x017,ram_017,write,,"MOVFF ram_027, ram_017",0x008E5A
0x008EDC,0x028,ram_028,read,,"MOVFF ram_028, ram_018",0x008E5A
0x008EDC,0x018,ram_018,write,,"MOVFF ram_028, ram_018",0x008E5A
0x008EE0,0x029,ram_029,read,,"MOVFF ram_029, ram_019",0x008E5A
0x008EE0,0x019,ram_019,write,,"MOVFF ram_029, ram_019",0x008E5A
0x008EE6,0x026,ram_026,write,,"CLRF ram_026, A",0x008EE6
0x008EE8,0x027,ram_027,write,,"CLRF ram_027, A",0x008EE6
0x008EEA,0x03E,ram_03E,read,,"MOVF ram_03E, W, A",0x008EE6
0x008EF0,0x024,ram_024,write,,"MOVWF ram_024, A",0x008EE6
0x008EF4,0x025,ram_025,write,,"MOVWF ram_025, A",0x008EE6
0x008EF6,0xFF3,PRODL,read,,"MOVF PRODL, W, A",0x008EE6
0x008EF8,0x024,ram_024,read_write,,"ADDWF ram_024, F, A",0x008EE6
0x008EFA,0xFF4,PRODH,read,,"MOVF PRODH, W, A",0x008EE6
0x008EFC,0x025,ram_025,read_write,,"ADDWFC ram_025, F, A",0x008EE6
0x008EFE,0x026,ram_026,read,,"MOVF ram_026, W, A",0x008EE6
0x008F00,0x024,ram_024,read,,"ADDWF ram_024, W, A",0x008EE6
0x008F02,0xFD9,FSR2L,write,,"MOVWF FSR2L, A",0x008EE6
0x008F04,0x027,ram_027,read,,"MOVF ram_027, W, A",0x008EE6
0x008F06,0x025,ram_025,read,,"ADDWFC ram_025, W, A",0x008EE6
0x008F08,0xFDA,FSR2H,write,,"MOVWF FSR2H, A",0x008EE6
0x008F0A,0xFDF,INDF2,write,,"CLRF INDF2, A",0x008EE6
0x008F0C,0x03E,ram_03E,read,,"MOVF ram_03E, W, A",0x008EE6
0x008F12,0x024,ram_024,write,,"MOVWF ram_024, A",0x008EE6
0x008F16,0x025,ram_025,write,,"MOVWF ram_025, A",0x008EE6
0x008F18,0xFF3,PRODL,read,,"MOVF PRODL, W, A",0x008EE6
0x008F1A,0x024,ram_024,read_write,,"ADDWF ram_024, F, A",0x008EE6
0x008F1C,0xFF4,PRODH,read,,"MOVF PRODH, W, A",0x008EE6
0x008F1E,0x025,ram_025,read_write,,"ADDWFC ram_025, F, A",0x008EE6
0x008F20,0x026,ram_026,read,,"MOVF ram_026, W, A",0x008EE6
0x008F22,0x024,ram_024,read,,"ADDWF ram_024, W, A",0x008EE6
0x008F24,0xFD9,FSR2L,write,,"MOVWF FSR2L, A",0x008EE6
0x008F26,0x027,ram_027,read,,"MOVF ram_027, W, A",0x008EE6
0x008F28,0x025,ram_025,read,,"ADDWFC ram_025, W, A",0x008EE6
0x008F2A,0xFDA,FSR2H,write,,"MOVWF FSR2H, A",0x008EE6
0x008F2C,0xFDF,INDF2,write,,"CLRF INDF2, A",0x008EE6
0x008F30,0x026,ram_026,read,,"ADDWF ram_026, W, A",0x008EE6
0x008F32,0xFD9,FSR2L,write,,"MOVWF FSR2L, A",0x008EE6
0x008F36,0x027,ram_027,read,,"ADDWFC ram_027, W, A",0x008EE6
0x008F38,0xFDA,FSR2H,write,,"MOVWF FSR2H, A",0x008EE6
0x008F3C,0xFDF,INDF2,write,,"MOVWF INDF2, A",0x008EE6
0x008F3E,0x026,ram_026,read_write,,"INFSNZ ram_026, F, A",0x008EE6
0x008F40,0x027,ram_027,read_write,,"INCF ram_027, F, A",0x008EE6
0x008F44,0x026,ram_026,read,,"XORWF ram_026, W, A",0x008EE6
0x008F46,0x027,ram_027,read,,"IORWF ram_027, W, A",0x008EE6
0x008F4C,0x03E,ram_03E,read,,"ADDWF ram_03E, W, A",0x008EE6
0x008F4E,0xFD9,FSR2L,write,,"MOVWF FSR2L, A",0x008EE6
0x008F50,0xFDA,FSR2H,write,,"CLRF FSR2H, A",0x008EE6
0x008F54,0xFDA,FSR2H,read_write,,"ADDWFC FSR2H, F, A",0x008EE6
0x008F56,0xFDF,INDF2,write,,"SETF INDF2, A",0x008EE6
0x008F5A,0x03E,ram_03E,read,,"ADDWF ram_03E, W, A",0x008EE6
0x008F5C,0xFD9,FSR2L,write,,"MOVWF FSR2L, A",0x008EE6
0x008F5E,0xFDA,FSR2H,write,,"CLRF FSR2H, A",0x008EE6
0x008F62,0xFDA,FSR2H,read_write,,"ADDWFC FSR2H, F, A",0x008EE6
0x008F64,0xFDF,INDF2,write,,"CLRF INDF2, A",0x008EE6
0x008F66,0x03E,ram_03E,read,,"MOVF ram_03E, W, A",0x008EE6
0x008F70,0x01E,ram_01E,write,,"MOVWF ram_01E, A",0x008F70
0x008F74,0x01E,ram_01E,read,,"CPFSGT ram_01E, A",0x008F70
0x008F7A,0x01F,ram_01F,write,,"CLRF ram_01F, A",0x008F70
0x008F7C,0x01F,ram_01F,read,,"MOVF ram_01F, W, A",0x008F70
0x008F82,0xFF3,PRODL,read,,"ADDWF PRODL, W, A",0x008F70
0x008F84,0xFD9,FSR2L,write,,"MOVWF FSR2L, A",0x008F70
0x008F88,0xFF4,PRODH,read,,"ADDWFC PRODH, W, A",0x008F70
0x008F8A,0xFDA,FSR2H,write,,"MOVWF FSR2H, A",0x008F70
0x008F8C,0xFDF,INDF2,read,,"MOVF INDF2, W, A",0x008F70
0x008F8E,0x016,ram_016,write,,"MOVWF ram_016, A",0x008F70
0x008F90,0x01E,ram_01E,read,,"MOVFF ram_01E, ram_017",0x008F70
0x008F90,0x017,ram_017,write,,"MOVFF ram_01E, ram_017",0x008F70
0x008F94,0x018,ram_018,write,,"CLRF ram_018, A",0x008F70
0x008F96,0x01F,ram_01F,read,,"MOVF ram_01F, W, A",0x008F70
0x008F9E,0x01F,ram_01F,read,,"ADDWF ram_01F, W, A",0x008F70
0x008FA0,0xFD9,FSR2L,write,,"MOVWF FSR2L, A",0x008F70
0x008FA2,0xFDA,FSR2H,write,,"CLRF FSR2H, A",0x008F70
0x008FA6,0xFDA,FSR2H,read_write,,"ADDWFC FSR2H, F, A",0x008F70
0x008FA8,0xFDF,INDF2,read,,"MOVF INDF2, W, A",0x008F70
0x008FAA,0x016,ram_016,write,,"MOVWF ram_016, A",0x008F70
0x008FAC,0x01E,ram_01E,read,,"MOVFF ram_01E, ram_017",0x008F70
0x008FAC,0x017,ram_017,write,,"MOVFF ram_01E, ram_017",0x008F70
0x008FB0,0x018,ram_018,write,,"CLRF ram_018, A",0x008F70
0x008FB2,0x01F,ram_01F,read,,"MOVF ram_01F, W, A",0x008F70
0x008FB8,0x01F,ram_01F,read_write,,"INCF ram_01F, F, A",0x008F70
0x008FBC,0x01F,ram_01F,read,,"XORWF ram_01F, W, A",0x008F70
0x008FC0,0x01E,ram_01E,read,,"MOVFF ram_01E, ram_016",0x008F70
0x008FC0,0x016,ram_016,write,,"MOVFF ram_01E, ram_016",0x008F70
0x008FC4,0x017,ram_017,write,,"CLRF ram_017, A",0x008F70
0x008FC8,0x03E,ram_03E,read,,"ADDWF ram_03E, W, A",0x008F70
0x008FCA,0xFD9,FSR2L,write,,"MOVWF FSR2L, A",0x008F70
0x008FCC,0xFDA,FSR2H,write,,"CLRF FSR2H, A",0x008F70
0x008FD0,0xFDA,FSR2H,read_write,,"ADDWFC FSR2H, F, A",0x008F70
0x008FD2,0xFDF,INDF2,read,,"MOVF INDF2, W, A",0x008F70
0x008FD8,0x01E,ram_01E,read,,"MOVFF ram_01E, ram_016",0x008F70
0x008FD8,0x016,ram_016,write,,"MOVFF ram_01E, ram_016",0x008F70
0x008FDC,0x017,ram_017,write,,"CLRF ram_017, A",0x008F70
0x008FE0,0x019,ram_019,write,,"MOVWF ram_019, A",0x008F70
0x008FE4,0x018,ram_018,write,,"MOVWF ram_018, A",0x008F70
0x008FE8,0x03E,ram_03E,read,,"ADDWF ram_03E, W, A",0x008F70
0x008FEA,0xFD9,FSR2L,write,,"MOVWF FSR2L, A",0x008F70
0x008FEC,0xFDA,FSR2H,write,,"CLRF FSR2H, A",0x008F70
0x008FF0,0xFDA,FSR2H,read_write,,"ADDWFC FSR2H, F, A",0x008F70
0x008FF2,0xFDF,INDF2,read,,"MOVF INDF2, W, A",0x008F70
0x008FF8,0x020,ram_020,read,,"MOVF ram_020, W, A",0x008FF8
0x008FFA,0x024,ram_024,read,,"MULWF ram_024, A",0x008FF8
0x008FFC,0xFF3,PRODL,read,,"MOVFF PRODL, ram_028",0x008FF8
0x008FFC,0x028,ram_028,write,,"MOVFF PRODL, ram_028",0x008FF8
0x009000,0xFF4,PRODH,read,,"MOVFF PRODH, ram_029",0x008FF8
0x009000,0x029,ram_029,write,,"MOVFF PRODH, ram_029",0x008FF8
0x009004,0x02A,ram_02A,write,,"CLRF ram_02A, A",0x008FF8
0x009006,0x02B,ram_02B,write,,"CLRF ram_02B, A",0x008FF8
0x009008,0x020,ram_020,read,,"MOVF ram_020, W, A",0x008FF8
0x00900A,0x025,ram_025,read,,"MULWF ram_025, A",0x008FF8
0x00900C,0xFF3,PRODL,read,,"MOVF PRODL, W, A",0x008FF8
0x00900E,0x029,ram_029,read_write,,"ADDWF ram_029, F, A",0x008FF8
0x009010,0xFF4,PRODH,read,,"MOVF PRODH, W, A",0x008FF8
0x009012,0x02A,ram_02A,read_write,,"ADDWFC ram_02A, F, A",0x008FF8
0x009016,0x02B,ram_02B,read_write,,"ADDWFC ram_02B, F, A",0x008FF8
0x009018,0x021,ram_021,read,,"MOVF ram_021, W, A",0x008FF8
0x00901A,0x024,ram_024,read,,"MULWF ram_024, A",0x008FF8
0x00901C,0xFF3,PRODL,read,,"MOVF PRODL, W, A",0x008FF8
0x00901E,0x029,ram_029,read_write,,"ADDWF ram_029, F, A",0x008FF8
0x009020,0xFF4,PRODH,read,,"MOVF PRODH, W, A",0x008FF8
0x009022,0x02A,ram_02A,read_write,,"ADDWFC ram_02A, F, A",0x008FF8
0x009026,0x02B,ram_02B,read_write,,"ADDWFC ram_02B, F, A",0x008FF8
0x009028,0x020,ram_020,read,,"MOVF ram_020, W, A",0x008FF8
0x00902A,0x026,ram_026,read,,"MULWF ram_026, A",0x008FF8
0x00902C,0xFF3,PRODL,read,,"MOVF PRODL, W, A",0x008FF8
0x00902E,0x02A,ram_02A,read_write,,"ADDWF ram_02A, F, A",0x008FF8
0x009030,0xFF4,PRODH,read,,"MOVF PRODH, W, A",0x008FF8
0x009032,0x02B,ram_02B,read_write,,"ADDWFC ram_02B, F, A",0x008FF8
0x009034,0x021,ram_021,read,,"MOVF ram_021, W, A",0x008FF8
0x009036,0x025,ram_025,read,,"MULWF ram_025, A",0x008FF8
0x009038,0xFF3,PRODL,read,,"MOVF PRODL, W, A",0x008FF8
0x00903A,0x02A,ram_02A,read_write,,"ADDWF ram_02A, F, A",0x008FF8
0x00903C,0xFF4,PRODH,read,,"MOVF PRODH, W, A",0x008FF8
0x00903E,0x02B,ram_02B,read_write,,"ADDWFC ram_02B, F, A",0x008FF8
0x009040,0x022,ram_022,read,,"MOVF ram_022, W, A",0x008FF8
0x009042,0x024,ram_024,read,,"MULWF ram_024, A",0x008FF8
0x009044,0xFF3,PRODL,read,,"MOVF PRODL, W, A",0x008FF8
0x009046,0x02A,ram_02A,read_write,,"ADDWF ram_02A, F, A",0x008FF8
0x009048,0xFF4,PRODH,read,,"MOVF PRODH, W, A",0x008FF8
0x00904A,0x02B,ram_02B,read_write,,"ADDWFC ram_02B, F, A",0x008FF8
0x00904C,0x027,ram_027,read,,"MOVF ram_027, W, A",0x008FF8
0x00904E,0x020,ram_020,read,,"MULWF ram_020, A",0x008FF8
0x009050,0xFF3,PRODL,read,,"MOVF PRODL, W, A",0x008FF8
0x009052,0x02B,ram_02B,read_write,,"ADDWF ram_02B, F, A",0x008FF8
0x009054,0x021,ram_021,read,,"MOVF ram_021, W, A",0x008FF8
0x009056,0x026,ram_026,read,,"MULWF ram_026, A",0x008FF8
0x009058,0xFF3,PRODL,read,,"MOVF PRODL, W, A",0x008FF8
0x00905A,0x02B,ram_02B,read_write,,"ADDWF ram_02B, F, A",0x008FF8
0x00905C,0x022,ram_022,read,,"MOVF ram_022, W, A",0x008FF8
0x00905E,0x025,ram_025,read,,"MULWF ram_025, A",0x008FF8
0x009060,0xFF3,PRODL,read,,"MOVF PRODL, W, A",0x008FF8
0x009062,0x02B,ram_02B,read_write,,"ADDWF ram_02B, F, A",0x008FF8
0x009064,0x023,ram_023,read,,"MOVF ram_023, W, A",0x008FF8
0x009066,0x024,ram_024,read,,"MULWF ram_024, A",0x008FF8
0x009068,0xFF3,PRODL,read,,"MOVF PRODL, W, A",0x008FF8
0x00906A,0x02B,ram_02B,read_write,,"ADDWF ram_02B, F, A",0x008FF8
0x00906C,0x028,ram_028,read,,"MOVFF ram_028, ram_020",0x008FF8
0x00906C,0x020,ram_020,write,,"MOVFF ram_028, ram_020",0x008FF8
0x009070,0x029,ram_029,read,,"MOVFF ram_029, ram_021",0x008FF8
0x009070,0x021,ram_021,write,,"MOVFF ram_029, ram_021",0x008FF8
0x009074,0x02A,ram_02A,read,,"MOVFF ram_02A, ram_022",0x008FF8
0x009074,0x022,ram_022,write,,"MOVFF ram_02A, ram_022",0x008FF8
0x009078,0x02B,ram_02B,read,,"MOVFF ram_02B, ram_023",0x008FF8
0x009078,0x023,ram_023,write,,"MOVFF ram_02B, ram_023",0x008FF8
0x00907E,0x014,ram_014,write,,"MOVWF ram_014, A",0x00907E
0x009082,0x014,ram_014,read,,"CPFSLT ram_014, A",0x00907E
0x009086,0x015,ram_015,write,,"CLRF ram_015, A",0x00907E
0x009088,0x016,ram_016,write,,"CLRF ram_016, A",0x00907E
0x00908A,0xFD8,STATUS,read_write,0,"BCF STATUS, 0, A",0x00907E
0x00908C,0x015,ram_015,read,,"RLCF ram_015, W, A",0x00907E
0x00908E,0xFD9,FSR2L,write,,"MOVWF FSR2L, A",0x00907E
0x009090,0x016,ram_016,read,,"RLCF ram_016, W, A",0x00907E
0x009092,0xFDA,FSR2H,write,,"MOVWF FSR2H, A",0x00907E
0x009096,0xFD9,FSR2L,read_write,,"ADDWF FSR2L, F, A",0x00907E
0x00909A,0xFDA,FSR2H,read_write,,"ADDWFC FSR2H, F, A",0x00907E
0x00909C,0x03E,ram_03E,read,,"MOVF ram_03E, W, A",0x00907E
0x0090A2,0x012,ram_012,write,,"MOVWF ram_012, A",0x00907E
0x0090A6,0x013,ram_013,write,,"MOVWF ram_013, A",0x00907E
0x0090A8,0xFF3,PRODL,read,,"MOVF PRODL, W, A",0x00907E
0x0090AA,0x012,ram_012,read_write,,"ADDWF ram_012, F, A",0x00907E
0x0090AC,0xFF4,PRODH,read,,"MOVF PRODH, W, A",0x00907E
0x0090AE,0x013,ram_013,read_write,,"ADDWFC ram_013, F, A",0x00907E
0x0090B0,0x015,ram_015,read,,"MOVF ram_015, W, A",0x00907E
0x0090B2,0x012,ram_012,read,,"ADDWF ram_012, W, A",0x00907E
0x0090B4,0xFE1,FSR1L,write,,"MOVWF FSR1L, A",0x00907E
0x0090B6,0x016,ram_016,read,,"MOVF ram_016, W, A",0x00907E
0x0090B8,0x013,ram_013,read,,"ADDWFC ram_013, W, A",0x00907E
0x0090BA,0xFE2,FSR1H,write,,"MOVWF FSR1H, A",0x00907E
0x0090BC,0xFDF,INDF2,read,,"MOVFF INDF2, INDF1",0x00907E
0x0090BC,0xFE7,INDF1,write,,"MOVFF INDF2, INDF1",0x00907E
0x0090C2,0x015,ram_015,read,,"ADDWF ram_015, W, A",0x00907E
0x0090C4,0xFD9,FSR2L,write,,"MOVWF FSR2L, A",0x00907E
0x0090C8,0x016,ram_016,read,,"ADDWFC ram_016, W, A",0x00907E
0x0090CA,0xFDA,FSR2H,write,,"MOVWF FSR2H, A",0x00907E
0x0090CC,0x03E,ram_03E,read,,"MOVF ram_03E, W, A",0x00907E
0x0090D2,0x012,ram_012,write,,"MOVWF ram_012, A",0x00907E
0x0090D6,0x013,ram_013,write,,"MOVWF ram_013, A",0x00907E
0x0090D8,0xFF3,PRODL,read,,"MOVF PRODL, W, A",0x00907E
0x0090DA,0x012,ram_012,read_write,,"ADDWF ram_012, F, A",0x00907E
0x0090DC,0xFF4,PRODH,read,,"MOVF PRODH, W, A",0x00907E
0x0090DE,0x013,ram_013,read_write,,"ADDWFC ram_013, F, A",0x00907E
0x0090E0,0x015,ram_015,read,,"MOVF ram_015, W, A",0x00907E
0x0090E2,0x012,ram_012,read,,"ADDWF ram_012, W, A",0x00907E
0x0090E4,0xFE1,FSR1L,write,,"MOVWF FSR1L, A",0x00907E
0x0090E6,0x016,ram_016,read,,"MOVF ram_016, W, A",0x00907E
0x0090E8,0x013,ram_013,read,,"ADDWFC ram_013, W, A",0x00907E
0x0090EA,0xFE2,FSR1H,write,,"MOVWF FSR1H, A",0x00907E
0x0090EC,0xFDF,INDF2,read,,"MOVFF INDF2, INDF1",0x00907E
0x0090EC,0xFE7,INDF1,write,,"MOVFF INDF2, INDF1",0x00907E
0x0090F0,0x015,ram_015,read_write,,"INFSNZ ram_015, F, A",0x00907E
0x0090F2,0x016,ram_016,read_write,,"INCF ram_016, F, A",0x00907E
0x0090F6,0x015,ram_015,read,,"XORWF ram_015, W, A",0x00907E
0x0090F8,0x016,ram_016,read,,"IORWF ram_016, W, A",0x00907E
0x0090FE,0x017,ram_017,write,,"CLRF ram_017, A",0x0090FE
0x009100,0x015,ram_015,read,7,"BTFSS ram_015, 7, A",0x0090FE
0x009104,0x014,ram_014,read_write,,"NEGF ram_014, A",0x0090FE
0x009106,0x015,ram_015,read_write,,"COMF ram_015, F, A",0x0090FE
0x009108,0xFD8,STATUS,read,0,"BTFSC STATUS, 0, A",0x0090FE
0x00910A,0x015,ram_015,read_write,,"INCF ram_015, F, A",0x0090FE
0x00910E,0x017,ram_017,write,,"MOVWF ram_017, A",0x0090FE
0x009110,0x013,ram_013,read,7,"BTFSS ram_013, 7, A",0x0090FE
0x009114,0x012,ram_012,read_write,,"NEGF ram_012, A",0x0090FE
0x009116,0x013,ram_013,read_write,,"COMF ram_013, F, A",0x0090FE
0x009118,0xFD8,STATUS,read,0,"BTFSC STATUS, 0, A",0x0090FE
0x00911A,0x013,ram_013,read_write,,"INCF ram_013, F, A",0x0090FE
0x00911E,0x017,ram_017,read_write,,"XORWF ram_017, F, A",0x0090FE
0x009120,0x018,ram_018,write,,"CLRF ram_018, A",0x0090FE
0x009122,0x019,ram_019,write,,"CLRF ram_019, A",0x0090FE
0x009124,0x014,ram_014,read,,"MOVF ram_014, W, A",0x0090FE
0x009126,0x015,ram_015,read,,"IORWF ram_015, W, A",0x0090FE
0x00912C,0x016,ram_016,write,,"MOVWF ram_016, A",0x0090FE
0x009130,0xFD8,STATUS,read_write,0,"BCF STATUS, 0, A",0x0090FE
0x009132,0x014,ram_014,read_write,,"RLCF ram_014, F, A",0x0090FE
0x009134,0x015,ram_015,read_write,,"RLCF ram_015, F, A",0x0090FE
0x009136,0x016,ram_016,read_write,,"INCF ram_016, F, A",0x0090FE
0x009138,0x015,ram_015,read,7,"BTFSS ram_015, 7, A",0x0090FE
0x00913C,0xFD8,STATUS,read_write,0,"BCF STATUS, 0, A",0x0090FE
0x00913E,0x018,ram_018,read_write,,"RLCF ram_018, F, A",0x0090FE
0x009140,0x019,ram_019,read_write,,"RLCF ram_019, F, A",0x0090FE
0x009142,0x014,ram_014,read,,"MOVF ram_014, W, A",0x0090FE
0x009144,0x012,ram_012,read,,"SUBWF ram_012, W, A",0x0090FE
0x009146,0x015,ram_015,read,,"MOVF ram_015, W, A",0x0090FE
0x009148,0x013,ram_013,read,,"SUBWFB ram_013, W, A",0x0090FE
0x00914C,0x014,ram_014,read,,"MOVF ram_014, W, A",0x0090FE
0x00914E,0x012,ram_012,read_write,,"SUBWF ram_012, F, A",0x0090FE
0x009150,0x015,ram_015,read,,"MOVF ram_015, W, A",0x0090FE
0x009152,0x013,ram_013,read_write,,"SUBWFB ram_013, F, A",0x0090FE
0x009154,0x018,ram_018,read_write,0,"BSF ram_018, 0, A",0x0090FE
0x009156,0xFD8,STATUS,read_write,0,"BCF STATUS, 0, A",0x0090FE
0x009158,0x015,ram_015,read_write,,"RRCF ram_015, F, A",0x0090FE
0x00915A,0x014,ram_014,read_write,,"RRCF ram_014, F, A",0x0090FE
0x00915C,0x016,ram_016,read_write,,"DECFSZ ram_016, F, A",0x0090FE
0x009160,0x017,ram_017,read,,"MOVF ram_017, W, A",0x0090FE
0x009164,0x018,ram_018,read_write,,"NEGF ram_018, A",0x0090FE
0x009166,0x019,ram_019,read_write,,"COMF ram_019, F, A",0x0090FE
0x009168,0xFD8,STATUS,read,0,"BTFSC STATUS, 0, A",0x0090FE
0x00916A,0x019,ram_019,read_write,,"INCF ram_019, F, A",0x0090FE
0x00916C,0x018,ram_018,read,,"MOVFF ram_018, ram_012",0x0090FE
0x00916C,0x012,ram_012,write,,"MOVFF ram_018, ram_012",0x0090FE
0x009170,0x019,ram_019,read,,"MOVFF ram_019, ram_013",0x0090FE
0x009170,0x013,ram_013,write,,"MOVFF ram_019, ram_013",0x0090FE
0x009176,0x01B,ram_01B,write,,"CLRF ram_01B, A",0x009176
0x009178,0x01C,ram_01C,write,,"CLRF ram_01C, A",0x009176
0x00917A,0x01D,ram_01D,write,,"CLRF ram_01D, A",0x009176
0x00917C,0x01E,ram_01E,write,,"CLRF ram_01E, A",0x009176
0x00917E,0x016,ram_016,read,,"MOVF ram_016, W, A",0x009176
0x009180,0x017,ram_017,read,,"IORWF ram_017, W, A",0x009176
0x009182,0x018,ram_018,read,,"IORWF ram_018, W, A",0x009176
0x009184,0x019,ram_019,read,,"IORWF ram_019, W, A",0x009176
0x00918A,0x01A,ram_01A,write,,"MOVWF ram_01A, A",0x009176
0x00918E,0xFD8,STATUS,read_write,0,"BCF STATUS, 0, A",0x009176
0x009190,0x016,ram_016,read_write,,"RLCF ram_016, F, A",0x009176
0x009192,0x017,ram_017,read_write,,"RLCF ram_017, F, A",0x009176
0x009194,0x018,ram_018,read_write,,"RLCF ram_018, F, A",0x009176
0x009196,0x019,ram_019,read_write,,"RLCF ram_019, F, A",0x009176
0x009198,0x01A,ram_01A,read_write,,"INCF ram_01A, F, A",0x009176
0x00919A,0x019,ram_019,read,7,"BTFSS ram_019, 7, A",0x009176
0x00919E,0xFD8,STATUS,read_write,0,"BCF STATUS, 0, A",0x009176
0x0091A0,0x01B,ram_01B,read_write,,"RLCF ram_01B, F, A",0x009176
0x0091A2,0x01C,ram_01C,read_write,,"RLCF ram_01C, F, A",0x009176
0x0091A4,0x01D,ram_01D,read_write,,"RLCF ram_01D, F, A",0x009176
0x0091A6,0x01E,ram_01E,read_write,,"RLCF ram_01E, F, A",0x009176
0x0091A8,0x016,ram_016,read,,"MOVF ram_016, W, A",0x009176
0x0091AA,0x012,ram_012,read,,"SUBWF ram_012, W, A",0x009176
0x0091AC,0x017,ram_017,read,,"MOVF ram_017, W, A",0x009176
0x0091AE,0x013,ram_013,read,,"SUBWFB ram_013, W, A",0x009176
0x0091B0,0x018,ram_018,read,,"MOVF ram_018, W, A",0x009176
0x0091B2,0x014,ram_014,read,,"SUBWFB ram_014, W, A",0x009176
0x0091B4,0x019,ram_019,read,,"MOVF ram_019, W, A",0x009176
0x0091B6,0x015,ram_015,read,,"SUBWFB ram_015, W, A",0x009176
0x0091BA,0x016,ram_016,read,,"MOVF ram_016, W, A",0x009176
0x0091BC,0x012,ram_012,read_write,,"SUBWF ram_012, F, A",0x009176
0x0091BE,0x017,ram_017,read,,"MOVF ram_017, W, A",0x009176
0x0091C0,0x013,ram_013,read_write,,"SUBWFB ram_013, F, A",0x009176
0x0091C2,0x018,ram_018,read,,"MOVF ram_018, W, A",0x009176
0x0091C4,0x014,ram_014,read_write,,"SUBWFB ram_014, F, A",0x009176
0x0091C6,0x019,ram_019,read,,"MOVF ram_019, W, A",0x009176
0x0091C8,0x015,ram_015,read_write,,"SUBWFB ram_015, F, A",0x009176
0x0091CA,0x01B,ram_01B,read_write,0,"BSF ram_01B, 0, A",0x009176
0x0091CC,0xFD8,STATUS,read_write,0,"BCF STATUS, 0, A",0x009176
0x0091CE,0x019,ram_019,read_write,,"RRCF ram_019, F, A",0x009176
0x0091D0,0x018,ram_018,read_write,,"RRCF ram_018, F, A",0x009176
0x0091D2,0x017,ram_017,read_write,,"RRCF ram_017, F, A",0x009176
0x0091D4,0x016,ram_016,read_write,,"RRCF ram_016, F, A",0x009176
0x0091D6,0x01A,ram_01A,read_write,,"DECFSZ ram_01A, F, A",0x009176
0x0091DA,0x01B,ram_01B,read,,"MOVFF ram_01B, ram_012",0x009176
0x0091DA,0x012,ram_012,write,,"MOVFF ram_01B, ram_012",0x009176
0x0091DE,0x01C,ram_01C,read,,"MOVFF ram_01C, ram_013",0x009176
0x0091DE,0x013,ram_013,write,,"MOVFF ram_01C, ram_013",0x009176
0x0091E2,0x01D,ram_01D,read,,"MOVFF ram_01D, ram_014",0x009176
0x0091E2,0x014,ram_014,write,,"MOVFF ram_01D, ram_014",0x009176
0x0091E6,0x01E,ram_01E,read,,"MOVFF ram_01E, ram_015",0x009176
0x0091E6,0x015,ram_015,write,,"MOVFF ram_01E, ram_015",0x009176
0x0091EE,0x069,ram_069,write,,"CLRF ram_069, B",0x0091EC
0x0091F0,0x02D,ram_02D,read,7,"BTFSS ram_02D, 7, A",0x0091EC
0x0091F4,0x02C,ram_02C,read_write,,"NEGF ram_02C, A",0x0091EC
0x0091F6,0x02D,ram_02D,read_write,,"COMF ram_02D, F, A",0x0091EC
0x0091F8,0xFD8,STATUS,read,0,"BTFSC STATUS, 0, A",0x0091EC
0x0091FA,0x02D,ram_02D,read_write,,"INCF ram_02D, F, A",0x0091EC
0x0091FE,0x069,ram_069,write,,"MOVWF ram_069, B",0x0091EC
0x009200,0x02F,ram_02F,read,7,"BTFSS ram_02F, 7, A",0x0091EC
0x009204,0x02E,ram_02E,read_write,,"NEGF ram_02E, A",0x0091EC
0x009206,0x02F,ram_02F,read_write,,"COMF ram_02F, F, A",0x0091EC
0x009208,0xFD8,STATUS,read,0,"BTFSC STATUS, 0, A",0x0091EC
0x00920A,0x02F,ram_02F,read_write,,"INCF ram_02F, F, A",0x0091EC
0x00920C,0x02E,ram_02E,read,,"MOVF ram_02E, W, A",0x0091EC
0x00920E,0x02F,ram_02F,read,,"IORWF ram_02F, W, A",0x0091EC
0x009214,0x068,ram_068,write,,"MOVWF ram_068, B",0x0091EC
0x009218,0xFD8,STATUS,read_write,0,"BCF STATUS, 0, A",0x0091EC
0x00921A,0x02E,ram_02E,read_write,,"RLCF ram_02E, F, A",0x0091EC
0x00921C,0x02F,ram_02F,read_write,,"RLCF ram_02F, F, A",0x0091EC
0x00921E,0x068,ram_068,read_write,,"INCF ram_068, F, B",0x0091EC
0x009220,0x02F,ram_02F,read,7,"BTFSS ram_02F, 7, A",0x0091EC
0x009224,0x02E,ram_02E,read,,"MOVF ram_02E, W, A",0x0091EC
0x009226,0x02C,ram_02C,read,,"SUBWF ram_02C, W, A",0x0091EC
0x009228,0x02F,ram_02F,read,,"MOVF ram_02F, W, A",0x0091EC
0x00922A,0x02D,ram_02D,read,,"SUBWFB ram_02D, W, A",0x0091EC
0x00922E,0x02E,ram_02E,read,,"MOVF ram_02E, W, A",0x0091EC
0x009230,0x02C,ram_02C,read_write,,"SUBWF ram_02C, F, A",0x0091EC
0x009232,0x02F,ram_02F,read,,"MOVF ram_02F, W, A",0x0091EC
0x009234,0x02D,ram_02D,read_write,,"SUBWFB ram_02D, F, A",0x0091EC
0x009236,0xFD8,STATUS,read_write,0,"BCF STATUS, 0, A",0x0091EC
0x009238,0x02F,ram_02F,read_write,,"RRCF ram_02F, F, A",0x0091EC
0x00923A,0x02E,ram_02E,read_write,,"RRCF ram_02E, F, A",0x0091EC
0x00923C,0x068,ram_068,read_write,,"DECFSZ ram_068, F, B",0x0091EC
0x009240,0x069,ram_069,read,,"MOVF ram_069, W, B",0x0091EC
0x009244,0x02C,ram_02C,read_write,,"NEGF ram_02C, A",0x0091EC
0x009246,0x02D,ram_02D,read_write,,"COMF ram_02D, F, A",0x0091EC
0x009248,0xFD8,STATUS,read,0,"BTFSC STATUS, 0, A",0x0091EC
0x00924A,0x02D,ram_02D,read_write,,"INCF ram_02D, F, A",0x0091EC
0x00924C,0x02C,ram_02C,read,,"MOVFF ram_02C, ram_02C",0x0091EC
0x00924C,0x02C,ram_02C,write,,"MOVFF ram_02C, ram_02C",0x0091EC
0x009250,0x02D,ram_02D,read,,"MOVFF ram_02D, ram_02D",0x0091EC
0x009250,0x02D,ram_02D,write,,"MOVFF ram_02D, ram_02D",0x0091EC
0x009256,0x016,ram_016,read,,"MOVF ram_016, W, A",0x009256
0x009258,0x017,ram_017,read,,"IORWF ram_017, W, A",0x009256
0x00925A,0x018,ram_018,read,,"IORWF ram_018, W, A",0x009256
0x00925C,0x019,ram_019,read,,"IORWF ram_019, W, A",0x009256
0x009262,0x01A,ram_01A,write,,"MOVWF ram_01A, A",0x009256
0x009266,0xFD8,STATUS,read_write,0,"BCF STATUS, 0, A",0x009256
0x009268,0x016,ram_016,read_write,,"RLCF ram_016, F, A",0x009256
0x00926A,0x017,ram_017,read_write,,"RLCF ram_017, F, A",0x009256
0x00926C,0x018,ram_018,read_write,,"RLCF ram_018, F, A",0x009256
0x00926E,0x019,ram_019,read_write,,"RLCF ram_019, F, A",0x009256
0x009270,0x01A,ram_01A,read_write,,"INCF ram_01A, F, A",0x009256
0x009272,0x019,ram_019,read,7,"BTFSS ram_019, 7, A",0x009256
0x009276,0x016,ram_016,read,,"MOVF ram_016, W, A",0x009256
0x009278,0x012,ram_012,read,,"SUBWF ram_012, W, A",0x009256
0x00927A,0x017,ram_017,read,,"MOVF ram_017, W, A",0x009256
0x00927C,0x013,ram_013,read,,"SUBWFB ram_013, W, A",0x009256
0x00927E,0x018,ram_018,read,,"MOVF ram_018, W, A",0x009256
0x009280,0x014,ram_014,read,,"SUBWFB ram_014, W, A",0x009256
0x009282,0x019,ram_019,read,,"MOVF ram_019, W, A",0x009256
0x009284,0x015,ram_015,read,,"SUBWFB ram_015, W, A",0x009256
0x009288,0x016,ram_016,read,,"MOVF ram_016, W, A",0x009256
0x00928A,0x012,ram_012,read_write,,"SUBWF ram_012, F, A",0x009256
0x00928C,0x017,ram_017,read,,"MOVF ram_017, W, A",0x009256
0x00928E,0x013,ram_013,read_write,,"SUBWFB ram_013, F, A",0x009256
0x009290,0x018,ram_018,read,,"MOVF ram_018, W, A",0x009256
0x009292,0x014,ram_014,read_write,,"SUBWFB ram_014, F, A",0x009256
0x009294,0x019,ram_019,read,,"MOVF ram_019, W, A",0x009256
0x009296,0x015,ram_015,read_write,,"SUBWFB ram_015, F, A",0x009256
0x009298,0xFD8,STATUS,read_write,0,"BCF STATUS, 0, A",0x009256
0x00929A,0x019,ram_019,read_write,,"RRCF ram_019, F, A",0x009256
0x00929C,0x018,ram_018,read_write,,"RRCF ram_018, F, A",0x009256
0x00929E,0x017,ram_017,read_write,,"RRCF ram_017, F, A",0x009256
0x0092A0,0x016,ram_016,read_write,,"RRCF ram_016, F, A",0x009256
0x0092A2,0x01A,ram_01A,read_write,,"DECFSZ ram_01A, F, A",0x009256
0x0092A6,0x012,ram_012,read,,"MOVFF ram_012, ram_012",0x009256
0x0092A6,0x012,ram_012,write,,"MOVFF ram_012, ram_012",0x009256
0x0092AA,0x013,ram_013,read,,"MOVFF ram_013, ram_013",0x009256
0x0092AA,0x013,ram_013,write,,"MOVFF ram_013, ram_013",0x009256
0x0092AE,0x014,ram_014,read,,"MOVFF ram_014, ram_014",0x009256
0x0092AE,0x014,ram_014,write,,"MOVFF ram_014, ram_014",0x009256
0x0092B2,0x015,ram_015,read,,"MOVFF ram_015, ram_015",0x009256
0x0092B2,0x015,ram_015,write,,"MOVFF ram_015, ram_015",0x009256
0x009318,0x5F3,ram_5F3,read,,"MOVFF ram_5F3, ram_016",0x009318
0x009318,0x016,ram_016,write,,"MOVFF ram_5F3, ram_016",0x009318
0x00931C,0x5F4,ram_5F4,read,,"MOVFF ram_5F4, ram_017",0x009318
0x00931C,0x017,ram_017,write,,"MOVFF ram_5F4, ram_017",0x009318
0x009322,0xFC2,ADCON0,read_write,1,"BSF ADCON0, 1, A",0x009318
0x009324,0x5A3,ram_5A3,read_write,,"INCF ram_5A3, F, B",0x009318
0x009328,0xFC2,ADCON0,read,1,"BTFSC ADCON0, 1, A",0x009318
0x00932E,0xFC4,ADRESH,read,,"MOVF ADRESH, W, A",0x009318
0x009330,0x014,ram_014,write,,"MOVWF ram_014, A",0x009318
0x009332,0xFC3,ADRESL,read,,"MOVF ADRESL, W, A",0x009318
0x009334,0x016,ram_016,write,,"MOVWF ram_016, A",0x009318
0x009336,0x014,ram_014,read,,"MOVFF ram_014, ram_017",0x009318
0x009336,0x017,ram_017,write,,"MOVFF ram_014, ram_017",0x009318
0x00933A,0x5A3,ram_5A3,write,,"CLRF ram_5A3, B",0x009318
0x009340,0x5A3,ram_5A3,read,,"MOVF ram_5A3, W, B",0x009318
0x009342,0x014,ram_014,write,,"MOVWF ram_014, A",0x009318
0x009344,0x015,ram_015,write,,"CLRF ram_015, A",0x009318
0x009346,0x015,ram_015,read,,"MOVF ram_015, W, A",0x009318
0x00934A,0x014,ram_014,read,,"MOVF ram_014, W, A",0x009318
0x009356,0x016,ram_016,read,,"MOVFF ram_016, ram_5F3",0x009318
0x009356,0x5F3,ram_5F3,write,,"MOVFF ram_016, ram_5F3",0x009318
0x00935A,0x017,ram_017,read,,"MOVFF ram_017, ram_5F4",0x009318
0x00935A,0x5F4,ram_5F4,write,,"MOVFF ram_017, ram_5F4",0x009318
0x00935E,0x016,ram_016,read,,"MOVFF ram_016, ram_012",0x009318
0x00935E,0x012,ram_012,write,,"MOVFF ram_016, ram_012",0x009318
0x009362,0x017,ram_017,read,,"MOVFF ram_017, ram_013",0x009318
0x009362,0x013,ram_013,write,,"MOVFF ram_017, ram_013",0x009318
0x009368,0x017,ram_017,write,,"CLRF ram_017, A",0x009368
0x00936A,0x018,ram_018,write,,"CLRF ram_018, A",0x009368
0x00936C,0x014,ram_014,read,,"MOVF ram_014, W, A",0x009368
0x00936E,0x015,ram_015,read,,"IORWF ram_015, W, A",0x009368
0x009374,0x016,ram_016,write,,"MOVWF ram_016, A",0x009368
0x009378,0xFD8,STATUS,read_write,0,"BCF STATUS, 0, A",0x009368
0x00937A,0x014,ram_014,read_write,,"RLCF ram_014, F, A",0x009368
0x00937C,0x015,ram_015,read_write,,"RLCF ram_015, F, A",0x009368
0x00937E,0x016,ram_016,read_write,,"INCF ram_016, F, A",0x009368
0x009380,0x015,ram_015,read,7,"BTFSS ram_015, 7, A",0x009368
0x009384,0xFD8,STATUS,read_write,0,"BCF STATUS, 0, A",0x009368
0x009386,0x017,ram_017,read_write,,"RLCF ram_017, F, A",0x009368
0x009388,0x018,ram_018,read_write,,"RLCF ram_018, F, A",0x009368
0x00938A,0x014,ram_014,read,,"MOVF ram_014, W, A",0x009368
0x00938C,0x012,ram_012,read,,"SUBWF ram_012, W, A",0x009368
0x00938E,0x015,ram_015,read,,"MOVF ram_015, W, A",0x009368
0x009390,0x013,ram_013,read,,"SUBWFB ram_013, W, A",0x009368
0x009394,0x014,ram_014,read,,"MOVF ram_014, W, A",0x009368
0x009396,0x012,ram_012,read_write,,"SUBWF ram_012, F, A",0x009368
0x009398,0x015,ram_015,read,,"MOVF ram_015, W, A",0x009368
0x00939A,0x013,ram_013,read_write,,"SUBWFB ram_013, F, A",0x009368
0x00939C,0x017,ram_017,read_write,0,"BSF ram_017, 0, A",0x009368
0x00939E,0xFD8,STATUS,read_write,0,"BCF STATUS, 0, A",0x009368
0x0093A0,0x015,ram_015,read_write,,"RRCF ram_015, F, A",0x009368
0x0093A2,0x014,ram_014,read_write,,"RRCF ram_014, F, A",0x009368
0x0093A4,0x016,ram_016,read_write,,"DECFSZ ram_016, F, A",0x009368
0x0093A8,0x017,ram_017,read,,"MOVFF ram_017, ram_012",0x009368
0x0093A8,0x012,ram_012,write,,"MOVFF ram_017, ram_012",0x009368
0x0093AC,0x018,ram_018,read,,"MOVFF ram_018, ram_013",0x009368
0x0093AC,0x013,ram_013,write,,"MOVFF ram_018, ram_013",0x009368
0x0093B2,0x01D,ram_01D,write,,"MOVWF ram_01D, A",0x0093B2
0x0093B6,0x01D,ram_01D,read,,"CPFSLT ram_01D, A",0x0093B2
0x0093BA,0x018,ram_018,read,,"MOVF ram_018, W, A",0x0093B2
0x0093C0,0x017,ram_017,read,,"SUBWF ram_017, W, A",0x0093B2
0x0093C2,0xFD8,STATUS,read,0,"BTFSC STATUS, 0, A",0x0093B2
0x0093C8,0x019,ram_019,write,,"MOVWF ram_019, A",0x0093B2
0x0093CC,0x01A,ram_01A,write,,"MOVWF ram_01A, A",0x0093B2
0x0093CE,0x01D,ram_01D,read,,"MOVF ram_01D, W, A",0x0093B2
0x0093D2,0xFF3,PRODL,read,,"MOVFF PRODL, ram_01B",0x0093B2
0x0093D2,0x01B,ram_01B,write,,"MOVFF PRODL, ram_01B",0x0093B2
0x0093D6,0xFF4,PRODH,read,,"MOVFF PRODH, ram_01C",0x0093B2
0x0093D6,0x01C,ram_01C,write,,"MOVFF PRODH, ram_01C",0x0093B2
0x0093DA,0x019,ram_019,read,,"MOVF ram_019, W, A",0x0093B2
0x0093DC,0x01B,ram_01B,read_write,,"ADDWF ram_01B, F, A",0x0093B2
0x0093DE,0x01A,ram_01A,read,,"MOVF ram_01A, W, A",0x0093B2
0x0093E0,0x01C,ram_01C,read_write,,"ADDWFC ram_01C, F, A",0x0093B2
0x0093E2,0x01B,ram_01B,read,,"MOVF ram_01B, W, A",0x0093B2
0x0093E4,0x017,ram_017,read_write,,"ADDWF ram_017, F, A",0x0093B2
0x0093E6,0x01C,ram_01C,read,,"MOVF ram_01C, W, A",0x0093B2
0x0093E8,0x018,ram_018,read_write,,"ADDWFC ram_018, F, A",0x0093B2
0x0093EA,0x017,ram_017,read,,"MOVFF ram_017, ram_012",0x0093B2
0x0093EA,0x012,ram_012,write,,"MOVFF ram_017, ram_012",0x0093B2
0x0093EE,0x018,ram_018,read,,"MOVFF ram_018, ram_013",0x0093B2
0x0093EE,0x013,ram_013,write,,"MOVFF ram_018, ram_013",0x0093B2
0x0093F2,0x016,ram_016,read,,"MOVFF ram_016, ram_014",0x0093B2
0x0093F2,0x014,ram_014,write,,"MOVFF ram_016, ram_014",0x0093B2
0x0093FC,0x02C,ram_02C,write,,"CLRF ram_02C, A",0x0093FC
0x009400,0x02B,ram_02B,write,,"MOVWF ram_02B, A",0x0093FC
0x009402,0x02D,ram_02D,write,,"CLRF ram_02D, A",0x0093FC
0x009404,0x02B,ram_02B,read,,"MOVFF ram_02B, ram_01F",0x0093FC
0x009404,0x01F,ram_01F,write,,"MOVFF ram_02B, ram_01F",0x0093FC
0x009408,0x02C,ram_02C,read,,"MOVFF ram_02C, ram_020",0x0093FC
0x009408,0x020,ram_020,write,,"MOVFF ram_02C, ram_020",0x0093FC
0x00940C,0x02D,ram_02D,read,,"MOVF ram_02D, W, A",0x0093FC
0x009412,0xFF3,PRODL,read,,"ADDWF PRODL, W, A",0x0093FC
0x009414,0xFD9,FSR2L,write,,"MOVWF FSR2L, A",0x0093FC
0x009418,0xFF4,PRODH,read,,"ADDWFC PRODH, W, A",0x0093FC
0x00941A,0xFDA,FSR2H,write,,"MOVWF FSR2H, A",0x0093FC
0x00941C,0xFDE,POSTINC2,read,,"MOVFF POSTINC2, ram_021",0x0093FC
0x00941C,0x021,ram_021,write,,"MOVFF POSTINC2, ram_021",0x0093FC
0x009420,0xFDD,POSTDEC2,read,,"MOVFF POSTDEC2, ram_022",0x0093FC
0x009420,0x022,ram_022,write,,"MOVFF POSTDEC2, ram_022",0x0093FC
0x009428,0x01F,ram_01F,read,,"MOVFF ram_01F, ram_02B",0x0093FC
0x009428,0x02B,ram_02B,write,,"MOVFF ram_01F, ram_02B",0x0093FC
0x00942C,0x020,ram_020,read,,"MOVFF ram_020, ram_02C",0x0093FC
0x00942C,0x02C,ram_02C,write,,"MOVFF ram_020, ram_02C",0x0093FC
0x009430,0x02D,ram_02D,read_write,,"INCF ram_02D, F, A",0x0093FC
0x009434,0x02D,ram_02D,read,,"XORWF ram_02D, W, A",0x0093FC
0x009438,0x02B,ram_02B,read,,"MOVFF ram_02B, ram_070",0x0093FC
0x009438,0x070,ram_070,write,,"MOVFF ram_02B, ram_070",0x0093FC
0x00943C,0x02C,ram_02C,read,,"MOVFF ram_02C, ram_071",0x0093FC
0x00943C,0x071,ram_071,write,,"MOVFF ram_02C, ram_071",0x0093FC
0x0094C0,0x014,ram_014,read,,"MOVF ram_014, W, A",0x0094C0
0x0094C2,0x015,ram_015,read,,"IORWF ram_015, W, A",0x0094C0
0x0094C8,0x016,ram_016,write,,"MOVWF ram_016, A",0x0094C0
0x0094CC,0xFD8,STATUS,read_write,0,"BCF STATUS, 0, A",0x0094C0
0x0094CE,0x014,ram_014,read_write,,"RLCF ram_014, F, A",0x0094C0
0x0094D0,0x015,ram_015,read_write,,"RLCF ram_015, F, A",0x0094C0
0x0094D2,0x016,ram_016,read_write,,"INCF ram_016, F, A",0x0094C0
0x0094D4,0x015,ram_015,read,7,"BTFSS ram_015, 7, A",0x0094C0
0x0094D8,0x014,ram_014,read,,"MOVF ram_014, W, A",0x0094C0
0x0094DA,0x012,ram_012,read,,"SUBWF ram_012, W, A",0x0094C0
0x0094DC,0x015,ram_015,read,,"MOVF ram_015, W, A",0x0094C0
0x0094DE,0x013,ram_013,read,,"SUBWFB ram_013, W, A",0x0094C0
0x0094E2,0x014,ram_014,read,,"MOVF ram_014, W, A",0x0094C0
0x0094E4,0x012,ram_012,read_write,,"SUBWF ram_012, F, A",0x0094C0
0x0094E6,0x015,ram_015,read,,"MOVF ram_015, W, A",0x0094C0
0x0094E8,0x013,ram_013,read_write,,"SUBWFB ram_013, F, A",0x0094C0
0x0094EA,0xFD8,STATUS,read_write,0,"BCF STATUS, 0, A",0x0094C0
0x0094EC,0x015,ram_015,read_write,,"RRCF ram_015, F, A",0x0094C0
0x0094EE,0x014,ram_014,read_write,,"RRCF ram_014, F, A",0x0094C0
0x0094F0,0x016,ram_016,read_write,,"DECFSZ ram_016, F, A",0x0094C0
0x0094F4,0x012,ram_012,read,,"MOVFF ram_012, ram_012",0x0094C0
0x0094F4,0x012,ram_012,write,,"MOVFF ram_012, ram_012",0x0094C0
0x0094F8,0x013,ram_013,read,,"MOVFF ram_013, ram_013",0x0094C0
0x0094F8,0x013,ram_013,write,,"MOVFF ram_013, ram_013",0x0094C0
0x0094FE,0x003,ram_003,read,,"MOVF ram_003, W, A",0x0094FE
0x009500,0x004,ram_004,read,,"IORWF ram_004, W, A",0x0094FE
0x009506,0x005,ram_005,write,,"MOVWF ram_005, A",0x0094FE
0x00950A,0xFD8,STATUS,read_write,0,"BCF STATUS, 0, A",0x0094FE
0x00950C,0x003,ram_003,read_write,,"RLCF ram_003, F, A",0x0094FE
0x00950E,0x004,ram_004,read_write,,"RLCF ram_004, F, A",0x0094FE
0x009510,0x005,ram_005,read_write,,"INCF ram_005, F, A",0x0094FE
0x009512,0x004,ram_004,read,7,"BTFSS ram_004, 7, A",0x0094FE
0x009516,0x003,ram_003,read,,"MOVF ram_003, W, A",0x0094FE
0x009518,0x001,ram_001,read,,"SUBWF ram_001, W, A",0x0094FE
0x00951A,0x004,ram_004,read,,"MOVF ram_004, W, A",0x0094FE
0x00951C,0x002,ram_002,read,,"SUBWFB ram_002, W, A",0x0094FE
0x009520,0x003,ram_003,read,,"MOVF ram_003, W, A",0x0094FE
0x009522,0x001,ram_001,read_write,,"SUBWF ram_001, F, A",0x0094FE
0x009524,0x004,ram_004,read,,"MOVF ram_004, W, A",0x0094FE
0x009526,0x002,ram_002,read_write,,"SUBWFB ram_002, F, A",0x0094FE
0x009528,0xFD8,STATUS,read_write,0,"BCF STATUS, 0, A",0x0094FE
0x00952A,0x004,ram_004,read_write,,"RRCF ram_004, F, A",0x0094FE
0x00952C,0x003,ram_003,read_write,,"RRCF ram_003, F, A",0x0094FE
0x00952E,0x005,ram_005,read_write,,"DECFSZ ram_005, F, A",0x0094FE
0x009532,0x001,ram_001,read,,"MOVFF ram_001, ram_001",0x0094FE
0x009532,0x001,ram_001,write,,"MOVFF ram_001, ram_001",0x0094FE
0x009536,0x002,ram_002,read,,"MOVFF ram_002, ram_002",0x0094FE
0x009536,0x002,ram_002,write,,"MOVFF ram_002, ram_002",0x0094FE
0x00953C,0x017,ram_017,write,,"CLRF ram_017, A",0x00953C
0x009540,0x016,ram_016,write,,"MOVWF ram_016, A",0x00953C
0x009542,0x018,ram_018,write,,"CLRF ram_018, A",0x00953C
0x009544,0x019,ram_019,write,,"CLRF ram_019, A",0x00953C
0x009546,0x016,ram_016,read,,"MOVF ram_016, W, A",0x00953C
0x009548,0x012,ram_012,read,,"ANDWF ram_012, W, A",0x00953C
0x00954A,0x014,ram_014,write,,"MOVWF ram_014, A",0x00953C
0x00954C,0x017,ram_017,read,,"MOVF ram_017, W, A",0x00953C
0x00954E,0x013,ram_013,read,,"ANDWF ram_013, W, A",0x00953C
0x009550,0x015,ram_015,write,,"MOVWF ram_015, A",0x00953C
0x009552,0x014,ram_014,read,,"IORWF ram_014, W, A",0x00953C
0x009560,0xFD8,STATUS,read_write,0,"BCF STATUS, 0, A",0x00953C
0x009562,0x016,ram_016,read_write,,"RLCF ram_016, F, A",0x00953C
0x009564,0x017,ram_017,read_write,,"RLCF ram_017, F, A",0x00953C
0x009566,0x018,ram_018,read_write,,"INFSNZ ram_018, F, A",0x00953C
0x009568,0x019,ram_019,read_write,,"INCF ram_019, F, A",0x00953C
0x00956C,0x018,ram_018,read,,"XORWF ram_018, W, A",0x00953C
0x00956E,0x019,ram_019,read,,"IORWF ram_019, W, A",0x00953C
0x009578,0xFF2,INTCON,read,7,"BTFSC INTCON, 7, A",0x009576
0x00957C,0x015,ram_015,write,,"MOVWF ram_015, A",0x009576
0x00957E,0x013,ram_013,read,,"MOVF ram_013, W, A",0x009576
0x009582,0xFAA,EEADRH,write,,"MOVWF EEADRH, A",0x009576
0x009584,0x012,ram_012,read,,"MOVFF ram_012, EEADR",0x009576
0x009584,0xFA9,EEADR,write,,"MOVFF ram_012, EEADR",0x009576
0x009588,0x014,ram_014,read,,"MOVFF ram_014, EEDATA",0x009576
0x009588,0xFA8,EEDATA,write,,"MOVFF ram_014, EEDATA",0x009576
0x00958C,0xFA6,EECON1,read_write,7,"BCF EECON1, 7, A",0x009576
0x00958E,0xFA6,EECON1,read_write,6,"BCF EECON1, 6, A",0x009576
0x009590,0xFA6,EECON1,read_write,2,"BSF EECON1, 2, A",0x009576
0x009592,0xFF2,INTCON,read_write,7,"BCF INTCON, 7, A",0x009576
0x009596,0xFA7,EECON2,write,,"MOVWF EECON2, A",0x009576
0x00959A,0xFA7,EECON2,write,,"MOVWF EECON2, A",0x009576
0x00959C,0xFA6,EECON1,read_write,1,"BSF EECON1, 1, A",0x009576
0x00959E,0xFA6,EECON1,read,1,"BTFSC EECON1, 1, A",0x009576
0x0095A2,0xFA6,EECON1,read_write,2,"BCF EECON1, 2, A",0x009576
0x0095A4,0x015,ram_015,read,0,"BTFSC ram_015, 0, A",0x009576
0x0095A8,0xFF2,INTCON,read_write,7,"BCF INTCON, 7, A",0x009576
0x0095AC,0xFF2,INTCON,read_write,7,"BSF INTCON, 7, A",0x009576
0x0095B0,0x013,ram_013,write,,"CLRF ram_013, A",0x0095B0
0x0095B2,0x012,ram_012,write,,"SETF ram_012, A",0x0095B0
0x0095B6,0x013,ram_013,read,,"MOVFF ram_013, ram_012",0x0095B0
0x0095B6,0x012,ram_012,write,,"MOVFF ram_013, ram_012",0x0095B0
0x0095BA,0xF82,PORTC,read,0,"BTFSS PORTC, 0, A",0x0095B0
0x0095BC,0x013,ram_013,read_write,0,"BSF ram_013, 0, A",0x0095B0
0x0095BE,0xF84,PORTE,read,2,"BTFSS PORTE, 2, A",0x0095B0
0x0095C0,0x013,ram_013,read_write,1,"BSF ram_013, 1, A",0x0095B0
0x0095C2,0xF82,PORTC,read,2,"BTFSS PORTC, 2, A",0x0095B0
0x0095C4,0x013,ram_013,read_write,2,"BSF ram_013, 2, A",0x0095B0
0x0095C6,0xF82,PORTC,read,5,"BTFSS PORTC, 5, A",0x0095B0
0x0095C8,0x013,ram_013,read_write,3,"BSF ram_013, 3, A",0x0095B0
0x0095CA,0xF83,PORTD,read,7,"BTFSS PORTD, 7, A",0x0095B0
0x0095CC,0x013,ram_013,read_write,4,"BSF ram_013, 4, A",0x0095B0
0x0095CE,0xF82,PORTC,read,1,"BTFSS PORTC, 1, A",0x0095B0
0x0095D0,0x013,ram_013,read_write,5,"BSF ram_013, 5, A",0x0095B0
0x0095D2,0xF82,PORTC,read,6,"BTFSS PORTC, 6, A",0x0095B0
0x0095D4,0x013,ram_013,read_write,6,"BSF ram_013, 6, A",0x0095B0
0x0095D6,0xF83,PORTD,read,6,"BTFSS PORTD, 6, A",0x0095B0
0x0095D8,0x013,ram_013,read_write,7,"BSF ram_013, 7, A",0x0095B0
0x0095DA,0x012,ram_012,read,,"MOVF ram_012, W, A",0x0095B0
0x0095DC,0x013,ram_013,read,,"XORWF ram_013, W, A",0x0095B0
0x0095E0,0x013,ram_013,read,,"MOVF ram_013, W, A",0x0095B0
0x0095E4,0x013,ram_013,write,,"MOVWF ram_013, A",0x0095E4
0x0095E6,0x015,ram_015,write,,"CLRF ram_015, A",0x0095E4
0x0095E8,0x012,ram_012,read,,"MOVF ram_012, W, A",0x0095E4
0x0095EE,0x014,ram_014,write,,"MOVWF ram_014, A",0x0095E4
0x0095F2,0xFD8,STATUS,read_write,0,"BCF STATUS, 0, A",0x0095E4
0x0095F4,0x012,ram_012,read_write,,"RLCF ram_012, F, A",0x0095E4
0x0095F6,0x014,ram_014,read_write,,"INCF ram_014, F, A",0x0095E4
0x0095F8,0x012,ram_012,read,7,"BTFSS ram_012, 7, A",0x0095E4
0x0095FC,0xFD8,STATUS,read_write,0,"BCF STATUS, 0, A",0x0095E4
0x0095FE,0x015,ram_015,read_write,,"RLCF ram_015, F, A",0x0095E4
0x009600,0x012,ram_012,read,,"MOVF ram_012, W, A",0x0095E4
0x009602,0x013,ram_013,read,,"SUBWF ram_013, W, A",0x0095E4
0x009606,0x012,ram_012,read,,"MOVF ram_012, W, A",0x0095E4
0x009608,0x013,ram_013,read_write,,"SUBWF ram_013, F, A",0x0095E4
0x00960A,0x015,ram_015,read_write,0,"BSF ram_015, 0, A",0x0095E4
0x00960C,0xFD8,STATUS,read_write,0,"BCF STATUS, 0, A",0x0095E4
0x00960E,0x012,ram_012,read_write,,"RRCF ram_012, F, A",0x0095E4
0x009610,0x014,ram_014,read_write,,"DECFSZ ram_014, F, A",0x0095E4
0x009614,0x015,ram_015,read,,"MOVF ram_015, W, A",0x0095E4
0x009618,0x019,ram_019,write,,"MOVWF ram_019, A",0x009618
0x00961C,0x019,ram_019,read,,"CPFSLT ram_019, A",0x009618
0x009620,0x018,ram_018,read,,"MOVF ram_018, W, A",0x009618
0x009626,0x017,ram_017,read,,"SUBWF ram_017, W, A",0x009618
0x009628,0xFD8,STATUS,read,0,"BTFSC STATUS, 0, A",0x009618
0x00962C,0x019,ram_019,read,,"MOVF ram_019, W, A",0x009618
0x009630,0xFF3,PRODL,read,,"MOVF PRODL, W, A",0x009618
0x009632,0x017,ram_017,read_write,,"ADDWF ram_017, F, A",0x009618
0x009634,0xFF4,PRODH,read,,"MOVF PRODH, W, A",0x009618
0x009636,0x018,ram_018,read_write,,"ADDWFC ram_018, F, A",0x009618
0x009638,0x017,ram_017,read,,"MOVFF ram_017, ram_012",0x009618
0x009638,0x012,ram_012,write,,"MOVFF ram_017, ram_012",0x009618
0x00963C,0x018,ram_018,read,,"MOVFF ram_018, ram_013",0x009618
0x00963C,0x013,ram_013,write,,"MOVFF ram_018, ram_013",0x009618
0x009640,0x016,ram_016,read,,"MOVFF ram_016, ram_014",0x009618
0x009640,0x014,ram_014,write,,"MOVFF ram_016, ram_014",0x009618
0x00964A,0x024,ram_024,write,,"CLRF ram_024, A",0x00964A
0x00964C,0x025,ram_025,write,,"CLRF ram_025, A",0x00964A
0x00964E,0x024,ram_024,read,,"MOVF ram_024, W, A",0x00964A
0x009658,0x024,ram_024,read,,"MOVF ram_024, W, A",0x00964A
0x00965E,0x024,ram_024,read_write,,"INFSNZ ram_024, F, A",0x00964A
0x009660,0x025,ram_025,read_write,,"INCF ram_025, F, A",0x00964A
0x009664,0x024,ram_024,read,,"XORWF ram_024, W, A",0x00964A
0x009666,0x025,ram_025,read,,"IORWF ram_025, W, A",0x00964A
0x009678,0x01A,ram_01A,write,,"CLRF ram_01A, A",0x009678
0x00967C,0x01A,ram_01A,read,,"ADDWF ram_01A, W, A",0x009678
0x00967E,0x012,ram_012,write,,"MOVWF ram_012, A",0x009678
0x009680,0x013,ram_013,write,,"CLRF ram_013, A",0x009678
0x009684,0x013,ram_013,read_write,,"ADDWFC ram_013, F, A",0x009678
0x009686,0x016,ram_016,read,,"MOVFF ram_016, ram_014",0x009678
0x009686,0x014,ram_014,write,,"MOVFF ram_016, ram_014",0x009678
0x00968E,0x017,ram_017,read,,"MOVF ram_017, W, A",0x009678
0x009690,0x016,ram_016,write,,"MOVWF ram_016, A",0x009678
0x009692,0x018,ram_018,read,,"MOVF ram_018, W, A",0x009678
0x009694,0x017,ram_017,write,,"MOVWF ram_017, A",0x009678
0x009696,0x019,ram_019,read,,"MOVF ram_019, W, A",0x009678
0x009698,0x018,ram_018,write,,"MOVWF ram_018, A",0x009678
0x00969A,0x019,ram_019,write,,"CLRF ram_019, A",0x009678
0x00969C,0x01A,ram_01A,read_write,,"INCF ram_01A, F, A",0x009678
0x0096A0,0x01A,ram_01A,read,,"XORWF ram_01A, W, A",0x009678
0x0096A6,0x018,ram_018,write,,"MOVWF ram_018, A",0x0096A6
0x0096A8,0x017,ram_017,read,,"MOVF ram_017, W, A",0x0096A6
0x0096AE,0x016,ram_016,read,,"SUBWF ram_016, W, A",0x0096A6
0x0096B0,0xFD8,STATUS,read,0,"BTFSC STATUS, 0, A",0x0096A6
0x0096B6,0x018,ram_018,read_write,,"ANDWF ram_018, F, A",0x0096A6
0x0096BA,0x017,ram_017,read_write,,"ADDWF ram_017, F, A",0x0096A6
0x0096BC,0x016,ram_016,read,,"MOVFF ram_016, ram_012",0x0096A6
0x0096BC,0x012,ram_012,write,,"MOVFF ram_016, ram_012",0x0096A6
0x0096C0,0x017,ram_017,read,,"MOVFF ram_017, ram_013",0x0096A6
0x0096C0,0x013,ram_013,write,,"MOVFF ram_017, ram_013",0x0096A6
0x0096C4,0x018,ram_018,read,,"MOVFF ram_018, ram_014",0x0096A6
0x0096C4,0x014,ram_014,write,,"MOVFF ram_018, ram_014",0x0096A6
0x0096CE,0x013,ram_013,write,,"MOVWF ram_013, A",0x0096CE
0x0096D2,0x014,ram_014,write,,"MOVWF ram_014, A",0x0096CE
0x0096D4,0x015,ram_015,write,,"CLRF ram_015, A",0x0096CE
0x0096D6,0xFD8,STATUS,read_write,0,"BCF STATUS, 0, A",0x0096CE
0x0096D8,0x013,ram_013,read,,"RLCF ram_013, W, A",0x0096CE
0x0096DA,0x015,ram_015,read,,"RLCF ram_015, W, A",0x0096CE
0x0096DC,0x015,ram_015,write,,"MOVWF ram_015, A",0x0096CE
0x0096DE,0xFD8,STATUS,read_write,0,"BCF STATUS, 0, A",0x0096CE
0x0096E0,0x013,ram_013,read_write,,"RLCF ram_013, F, A",0x0096CE
0x0096E2,0x012,ram_012,read,,"MOVF ram_012, W, A",0x0096CE
0x0096E4,0x015,ram_015,read,,"SUBWF ram_015, W, A",0x0096CE
0x0096E8,0x012,ram_012,read,,"MOVF ram_012, W, A",0x0096CE
0x0096EA,0x015,ram_015,read_write,,"SUBWF ram_015, F, A",0x0096CE
0x0096EC,0x014,ram_014,read_write,,"DECFSZ ram_014, F, A",0x0096CE
0x0096F0,0x015,ram_015,read,,"MOVF ram_015, W, A",0x0096CE
0x0096F8,0xFF3,PRODL,read,,"MOVFF PRODL, ram_01C",0x0096F4
0x0096F8,0x01C,ram_01C,write,,"MOVFF PRODL, ram_01C",0x0096F4
0x0096FC,0x01D,ram_01D,write,,"CLRF ram_01D, A",0x0096F4
0x0096FE,0x01C,ram_01C,read,,"MOVF ram_01C, W, A",0x0096F4
0x009700,0x01D,ram_01D,read,,"ADDWF ram_01D, W, A",0x0096F4
0x009706,0x01D,ram_01D,read_write,,"INCF ram_01D, F, A",0x0096F4
0x00970A,0x01D,ram_01D,read,,"XORWF ram_01D, W, A",0x0096F4
0x009710,0x01A,ram_01A,write,,"MOVWF ram_01A, A",0x009710
0x009712,0x018,ram_018,read,,"MOVF ram_018, W, A",0x009710
0x009714,0x016,ram_016,read_write,,"ADDWF ram_016, F, A",0x009710
0x009716,0x019,ram_019,read,,"MOVF ram_019, W, A",0x009710
0x009718,0x017,ram_017,read_write,,"ADDWFC ram_017, F, A",0x009710
0x00971A,0x016,ram_016,read,,"MOVFF ram_016, ram_012",0x009710
0x00971A,0x012,ram_012,write,,"MOVFF ram_016, ram_012",0x009710
0x00971E,0x017,ram_017,read,,"MOVFF ram_017, ram_013",0x009710
0x00971E,0x013,ram_013,write,,"MOVFF ram_017, ram_013",0x009710
0x009722,0x01A,ram_01A,read,,"MOVFF ram_01A, ram_014",0x009710
0x009722,0x014,ram_014,write,,"MOVFF ram_01A, ram_014",0x009710
0x00972A,0x013,ram_013,read,,"MOVF ram_013, W, A",0x00972A
0x00972E,0xFAA,EEADRH,write,,"MOVWF EEADRH, A",0x00972A
0x009730,0x012,ram_012,read,,"MOVFF ram_012, EEADR",0x00972A
0x009730,0xFA9,EEADR,write,,"MOVFF ram_012, EEADR",0x00972A
0x009734,0xFA6,EECON1,read_write,6,"BCF EECON1, 6, A",0x00972A
0x009736,0xFA6,EECON1,read_write,7,"BCF EECON1, 7, A",0x00972A
0x009738,0xFA6,EECON1,read_write,0,"BSF EECON1, 0, A",0x00972A
0x00973E,0xFA8,EEDATA,read,,"MOVF EEDATA, W, A",0x00972A
0x009742,0xF8C,LATD,read_write,5,"BSF LATD, 5, A",0x009742
0x009748,0xF8C,LATD,read_write,2,"BSF LATD, 2, A",0x009742
0x00974E,0xF8C,LATD,read_write,2,"BCF LATD, 2, A",0x009742
0x009756,0xF8C,LATD,read_write,5,"BCF LATD, 5, A",0x009756
0x00975C,0xF8C,LATD,read_write,2,"BSF LATD, 2, A",0x009756
0x009762,0xF8C,LATD,read_write,2,"BCF LATD, 2, A",0x009756
0x00976A,0x01C,ram_01C,write,,"CLRF ram_01C, A",0x00976A
0x00976C,0x01C,ram_01C,read,,"MOVF ram_01C, W, A",0x00976A
0x009772,0x01C,ram_01C,read_write,,"INCF ram_01C, F, A",0x00976A
0x009776,0x01C,ram_01C,read,,"CPFSGT ram_01C, A",0x00976A
0x009790,0xFC4,ADRESH,read,,"MOVF ADRESH, W, A",0x009790
0x009792,0x014,ram_014,write,,"MOVWF ram_014, A",0x009790
0x009794,0xFC3,ADRESL,read,,"MOVF ADRESL, W, A",0x009790
0x009796,0x012,ram_012,write,,"MOVWF ram_012, A",0x009790
0x009798,0x014,ram_014,read,,"MOVFF ram_014, ram_013",0x009790
0x009798,0x013,ram_013,write,,"MOVFF ram_014, ram_013",0x009790
0x00979E,0xF8C,LATD,read_write,4,"BSF LATD, 4, A",0x00953C
0x0097A4,0xF8C,LATD,read_write,4,"BCF LATD, 4, A",0x00953C
0x0097CE,0xFC2,ADCON0,read,1,"BTFSC ADCON0, 1, A",0x0097CE
0x0097D4,0xFC2,ADCON0,read_write,1,"BSF ADCON0, 1, A",0x0097D4
