pc,register,name,operation,bit,instruction,owners
0x00080A,0xFE1,FSR1L,read,,"MOVFF FSR1L, ram_008",0x000808
0x00080E,0xFE2,FSR1H,read,,"MOVFF FSR1H, ram_009",0x000808
0x000812,0xFD9,FSR2L,read,,"MOVFF FSR2L, ram_00A",0x000808
0x000816,0xFDA,FSR2H,read,,"MOVFF FSR2H, ram_00B",0x000808
0x00081A,0xFF3,PRODL,read,,"MOVFF PRODL, ram_00C",0x000808
0x00081E,0xFF4,PRODH,read,,"MOVFF PRODH, ram_00D",0x000808
0x000822,0xFF6,TBLPTRL,read,,"MOVFF TBLPTRL, ram_00E",0x000808
0x000826,0xFF7,TBLPTRH,read,,"MOVFF TBLPTRH, ram_00F",0x000808
0x00082A,0xFF8,TBLPTRU,read,,"MOVFF TBLPTRU, ram_010",0x000808
0x00082E,0xFF5,TABLAT,read,,"MOVFF TABLAT, ram_011",0x000808
0x000832,0xF9E,PIR1,read,1,"BTFSS PIR1, 1, A",0x000808
0x000838,0xF9E,PIR1,read_write,1,"BCF PIR1, 1, A",0x000808
0x000840,0xF8A,LATB,read_write,5,"BSF LATB, 5, A",0x000808
0x000844,0xF8A,LATB,read_write,5,"BCF LATB, 5, A",0x000808
0x00084C,0xF8A,LATB,read_write,3,"BSF LATB, 3, A",0x000808
0x000850,0xF8A,LATB,read_write,3,"BCF LATB, 3, A",0x000808
0x000858,0xF8A,LATB,read_write,1,"BSF LATB, 1, A",0x000808
0x00085C,0xF8A,LATB,read_write,1,"BCF LATB, 1, A",0x000808
0x000864,0xF8A,LATB,read_write,2,"BSF LATB, 2, A",0x000808
0x000868,0xF8A,LATB,read_write,2,"BCF LATB, 2, A",0x000808
0x000870,0xF8A,LATB,read_write,4,"BSF LATB, 4, A",0x000808
0x000874,0xF8A,LATB,read_write,4,"BCF LATB, 4, A",0x000808
0x00087C,0xF8A,LATB,read_write,0,"BSF LATB, 0, A",0x000808
0x000880,0xF8A,LATB,read_write,0,"BCF LATB, 0, A",0x000808
0x000884,0xF80,PORTA,read,4,"BTFSC PORTA, 4, A",0x000808
0x00093C,0xF9E,PIR1,read,5,"BTFSS PIR1, 5, A",0x000808
0x000944,0xFD9,FSR2L,write,,"MOVWF FSR2L, A",0x000808
0x00094A,0xFDA,FSR2H,write,,"MOVWF FSR2H, A",0x000808
0x00094C,0xFAE,RCREG1,read,,"MOVFF RCREG1, INDF2",0x000808
0x00094C,0xFDF,INDF2,write,,"MOVFF RCREG1, INDF2",0x000808
0x000964,0xF80,PORTA,read,0,"BTFSC PORTA, 0, A",0x000808
0x00096E,0xFD8,STATUS,read,2,"BTFSS STATUS, 2, A",0x000808
0x00097A,0xFD9,FSR2L,write,,"MOVFF ram_450, FSR2L",0x000808
0x00097E,0xFDA,FSR2H,write,,"MOVFF ram_451, FSR2H",0x000808
0x000982,0xFDF,INDF2,read,,"MOVF INDF2, W, A",0x000808
0x0009B8,0xFF3,PRODL,read,,"ADDWF PRODL, W, A",0x000808
0x0009BA,0xFE1,FSR1L,write,,"MOVWF FSR1L, A",0x000808
0x0009BE,0xFF4,PRODH,read,,"ADDWFC PRODH, W, A",0x000808
0x0009C0,0xFE2,FSR1H,write,,"MOVWF FSR1H, A",0x000808
0x0009C2,0xFDE,POSTINC2,read,,"MOVFF POSTINC2, POSTINC1",0x000808
0x0009C2,0xFE6,POSTINC1,write,,"MOVFF POSTINC2, POSTINC1",0x000808
0x0009C6,0xFDE,POSTINC2,read,,"MOVFF POSTINC2, POSTINC1",0x000808
0x0009C6,0xFE6,POSTINC1,write,,"MOVFF POSTINC2, POSTINC1",0x000808
0x0009CA,0xFDE,POSTINC2,read,,"MOVFF POSTINC2, POSTINC1",0x000808
0x0009CA,0xFE6,POSTINC1,write,,"MOVFF POSTINC2, POSTINC1",0x000808
0x0009CE,0xFDE,POSTINC2,read,,"MOVFF POSTINC2, POSTINC1",0x000808
0x0009CE,0xFE6,POSTINC1,write,,"MOVFF POSTINC2, POSTINC1",0x000808
0x0009DC,0xFF3,PRODL,read,,"ADDWF PRODL, W, A",0x000808
0x0009DE,0xFE1,FSR1L,write,,"MOVWF FSR1L, A",0x000808
0x0009E2,0xFF4,PRODH,read,,"ADDWFC PRODH, W, A",0x000808
0x0009E4,0xFE2,FSR1H,write,,"MOVWF FSR1H, A",0x000808
0x0009E6,0xFDE,POSTINC2,read,,"MOVFF POSTINC2, POSTINC1",0x000808
0x0009E6,0xFE6,POSTINC1,write,,"MOVFF POSTINC2, POSTINC1",0x000808
0x0009EA,0xFDE,POSTINC2,read,,"MOVFF POSTINC2, POSTINC1",0x000808
0x0009EA,0xFE6,POSTINC1,write,,"MOVFF POSTINC2, POSTINC1",0x000808
0x0009EE,0xFDE,POSTINC2,read,,"MOVFF POSTINC2, POSTINC1",0x000808
0x0009EE,0xFE6,POSTINC1,write,,"MOVFF POSTINC2, POSTINC1",0x000808
0x0009F2,0xFDE,POSTINC2,read,,"MOVFF POSTINC2, POSTINC1",0x000808
0x0009F2,0xFE6,POSTINC1,write,,"MOVFF POSTINC2, POSTINC1",0x000808
0x0009FC,0xFF3,PRODL,read,,"ADDWF PRODL, W, A",0x000808
0x0009FE,0xFD9,FSR2L,write,,"MOVWF FSR2L, A",0x000808
0x000A02,0xFF4,PRODH,read,,"ADDWFC PRODH, W, A",0x000808
0x000A04,0xFDA,FSR2H,write,,"MOVWF FSR2H, A",0x000808
0x000A06,0xFDE,POSTINC2,write,,"MOVFF ram_041, POSTINC2",0x000808
0x000A0A,0xFDE,POSTINC2,write,,"MOVFF ram_042, POSTINC2",0x000808
0x000A0E,0xFDE,POSTINC2,write,,"MOVFF ram_043, POSTINC2",0x000808
0x000A12,0xFDE,POSTINC2,write,,"MOVFF ram_044, POSTINC2",0x000808
0x000A1A,0xFD9,FSR2L,write,,"MOVWF FSR2L, A",0x000808
0x000A1C,0xFDA,FSR2H,write,,"CLRF FSR2H, A",0x000808
0x000A20,0xFDA,FSR2H,read_write,,"ADDWFC FSR2H, F, A",0x000808
0x000A22,0xFDF,INDF2,write,,"MOVFF ram_47E, INDF2",0x000808
0x000A2C,0xFF3,PRODL,read,,"ADDWF PRODL, W, A",0x000808
0x000A2E,0xFD9,FSR2L,write,,"MOVWF FSR2L, A",0x000808
0x000A32,0xFF4,PRODH,read,,"ADDWFC PRODH, W, A",0x000808
0x000A34,0xFDA,FSR2H,write,,"MOVWF FSR2H, A",0x000808
0x000A36,0xFDE,POSTINC2,write,,"MOVFF ram_5F7, POSTINC2",0x000808
0x000A3A,0xFDD,POSTDEC2,write,,"MOVFF ram_5F8, POSTDEC2",0x000808
0x000A44,0xFF3,PRODL,read,,"ADDWF PRODL, W, A",0x000808
0x000A46,0xFD9,FSR2L,write,,"MOVWF FSR2L, A",0x000808
0x000A4A,0xFF4,PRODH,read,,"ADDWFC PRODH, W, A",0x000808
0x000A4C,0xFDA,FSR2H,write,,"MOVWF FSR2H, A",0x000808
0x000A4E,0xFDE,POSTINC2,write,,"MOVFF ram_456, POSTINC2",0x000808
0x000A52,0xFDD,POSTDEC2,write,,"MOVFF ram_457, POSTDEC2",0x000808
0x000A68,0xFD9,FSR2L,write,,"MOVFF ram_030, FSR2L",0x000808
0x000A6C,0xFDA,FSR2H,write,,"MOVFF ram_031, FSR2H",0x000808
0x000A70,0xFDF,INDF2,read,,"MOVF INDF2, W, A",0x000808
0x000AB4,0xFD9,FSR2L,write,,"MOVFF ram_030, FSR2L",0x000808
0x000AB8,0xFDA,FSR2H,write,,"MOVFF ram_031, FSR2H",0x000808
0x000ABC,0xFDF,INDF2,read,,"MOVF INDF2, W, A",0x000808
0x000B02,0xFD9,FSR2L,write,,"MOVFF ram_030, FSR2L",0x000808
0x000B06,0xFDA,FSR2H,write,,"MOVFF ram_031, FSR2H",0x000808
0x000B0A,0xFDF,INDF2,read,,"MOVF INDF2, W, A",0x000808
0x000B18,0xFD9,FSR2L,write,,"MOVFF ram_032, FSR2L",0x000808
0x000B1C,0xFDA,FSR2H,write,,"MOVFF ram_033, FSR2H",0x000808
0x000B20,0xFDF,INDF2,read,,"MOVF INDF2, W, A",0x000808
0x000B64,0xFD9,FSR2L,write,,"MOVFF ram_032, FSR2L",0x000808
0x000B68,0xFDA,FSR2H,write,,"MOVFF ram_033, FSR2H",0x000808
0x000B6C,0xFDF,INDF2,read,,"MOVF INDF2, W, A",0x000808
0x000BB2,0xFD9,FSR2L,write,,"MOVFF ram_032, FSR2L",0x000808
0x000BB6,0xFDA,FSR2H,write,,"MOVFF ram_033, FSR2H",0x000808
0x000BBA,0xFDF,INDF2,read,,"MOVF INDF2, W, A",0x000808
0x000BCC,0xFD9,FSR2L,write,,"MOVFF ram_034, FSR2L",0x000808
0x000BD0,0xFDA,FSR2H,write,,"MOVFF ram_035, FSR2H",0x000808
0x000BD4,0xFDF,INDF2,read,,"MOVF INDF2, W, A",0x000808
0x000C18,0xFD9,FSR2L,write,,"MOVFF ram_034, FSR2L",0x000808
0x000C1C,0xFDA,FSR2H,write,,"MOVFF ram_035, FSR2H",0x000808
0x000C20,0xFDF,INDF2,read,,"MOVF INDF2, W, A",0x000808
0x000C66,0xFD9,FSR2L,write,,"MOVFF ram_034, FSR2L",0x000808
0x000C6A,0xFDA,FSR2H,write,,"MOVFF ram_035, FSR2H",0x000808
0x000C6E,0xFDF,INDF2,read,,"MOVF INDF2, W, A",0x000808
0x000C80,0xFD9,FSR2L,write,,"MOVFF ram_036, FSR2L",0x000808
0x000C84,0xFDA,FSR2H,write,,"MOVFF ram_037, FSR2H",0x000808
0x000C88,0xFDF,INDF2,read,,"MOVF INDF2, W, A",0x000808
0x000CCC,0xFD9,FSR2L,write,,"MOVFF ram_036, FSR2L",0x000808
0x000CD0,0xFDA,FSR2H,write,,"MOVFF ram_037, FSR2H",0x000808
0x000CD4,0xFDF,INDF2,read,,"MOVF INDF2, W, A",0x000808
0x000D1A,0xFD9,FSR2L,write,,"MOVFF ram_036, FSR2L",0x000808
0x000D1E,0xFDA,FSR2H,write,,"MOVFF ram_037, FSR2H",0x000808
0x000D22,0xFDF,INDF2,read,,"MOVF INDF2, W, A",0x000808
0x000D34,0xFD9,FSR2L,write,,"MOVFF ram_038, FSR2L",0x000808
0x000D38,0xFDA,FSR2H,write,,"MOVFF ram_039, FSR2H",0x000808
0x000D3C,0xFDF,INDF2,read,,"MOVF INDF2, W, A",0x000808
0x000D80,0xFD9,FSR2L,write,,"MOVFF ram_038, FSR2L",0x000808
0x000D84,0xFDA,FSR2H,write,,"MOVFF ram_039, FSR2H",0x000808
0x000D88,0xFDF,INDF2,read,,"MOVF INDF2, W, A",0x000808
0x000DCE,0xFD9,FSR2L,write,,"MOVFF ram_038, FSR2L",0x000808
0x000DD2,0xFDA,FSR2H,write,,"MOVFF ram_039, FSR2H",0x000808
0x000DD6,0xFDF,INDF2,read,,"MOVF INDF2, W, A",0x000808
0x000DE8,0xFD9,FSR2L,write,,"MOVFF ram_03A, FSR2L",0x000808
0x000DEC,0xFDA,FSR2H,write,,"MOVFF ram_03B, FSR2H",0x000808
0x000DF0,0xFDF,INDF2,read,,"MOVF INDF2, W, A",0x000808
0x000E34,0xFD9,FSR2L,write,,"MOVFF ram_03A, FSR2L",0x000808
0x000E38,0xFDA,FSR2H,write,,"MOVFF ram_03B, FSR2H",0x000808
0x000E3C,0xFDF,INDF2,read,,"MOVF INDF2, W, A",0x000808
0x000E82,0xFD9,FSR2L,write,,"MOVFF ram_03A, FSR2L",0x000808
0x000E86,0xFDA,FSR2H,write,,"MOVFF ram_03B, FSR2H",0x000808
0x000E8A,0xFDF,INDF2,read,,"MOVF INDF2, W, A",0x000808
0x000EA4,0xF83,PORTD,read,,"MOVFF PORTD, ram_454",0x000808
0x000EB0,0xF82,PORTC,read,,"MOVF PORTC, W, A",0x000808
0x000EF2,0xFF3,PRODL,read,,"ADDWF PRODL, W, A",0x000808
0x000EF4,0xFE1,FSR1L,write,,"MOVWF FSR1L, A",0x000808
0x000EF8,0xFF4,PRODH,read,,"ADDWFC PRODH, W, A",0x000808
0x000EFA,0xFE2,FSR1H,write,,"MOVWF FSR1H, A",0x000808
0x000EFC,0xFDE,POSTINC2,read,,"MOVFF POSTINC2, POSTINC1",0x000808
0x000EFC,0xFE6,POSTINC1,write,,"MOVFF POSTINC2, POSTINC1",0x000808
0x000F00,0xFDE,POSTINC2,read,,"MOVFF POSTINC2, POSTINC1",0x000808
0x000F00,0xFE6,POSTINC1,write,,"MOVFF POSTINC2, POSTINC1",0x000808
0x000F04,0xFDE,POSTINC2,read,,"MOVFF POSTINC2, POSTINC1",0x000808
0x000F04,0xFE6,POSTINC1,write,,"MOVFF POSTINC2, POSTINC1",0x000808
0x000F08,0xFDE,POSTINC2,read,,"MOVFF POSTINC2, POSTINC1",0x000808
0x000F08,0xFE6,POSTINC1,write,,"MOVFF POSTINC2, POSTINC1",0x000808
0x000F10,0xFD9,FSR2L,write,,"MOVWF FSR2L, A",0x000808
0x000F12,0xFDA,FSR2H,write,,"CLRF FSR2H, A",0x000808
0x000F16,0xFDA,FSR2H,read_write,,"ADDWFC FSR2H, F, A",0x000808
0x000F18,0xFDF,INDF2,write,,"MOVFF ram_47E, INDF2",0x000808
0x000F20,0xFF6,TBLPTRL,write,,"MOVWF TBLPTRL, A",0x000808
0x000F24,0xFF7,TBLPTRH,write,,"MOVWF TBLPTRH, A",0x000808
0x000F2A,0xFF5,TABLAT,read,,"ANDWF TABLAT, W, A",0x000808
0x000F32,0xFF5,TABLAT,read,,"ANDWF TABLAT, W, A",0x000808
0x000F6A,0xFF6,TBLPTRL,write,,"MOVWF TBLPTRL, A",0x000808
0x000F6E,0xFF7,TBLPTRH,write,,"MOVWF TBLPTRH, A",0x000808
0x000F72,0xFF5,TABLAT,read,,"MOVFF TABLAT, ram_006",0x000808
0x000F78,0xFF5,TABLAT,read,,"MOVFF TABLAT, ram_007",0x000808
0x000F86,0xFF6,TBLPTRL,write,,"MOVWF TBLPTRL, A",0x000808
0x000F8A,0xFF7,TBLPTRH,write,,"MOVWF TBLPTRH, A",0x000808
0x000F90,0xFF5,TABLAT,read,,"ANDWF TABLAT, W, A",0x000808
0x000F98,0xFF5,TABLAT,read,,"ANDWF TABLAT, W, A",0x000808
0x000FC0,0xFF6,TBLPTRL,write,,"MOVWF TBLPTRL, A",0x000808
0x000FC4,0xFF7,TBLPTRH,write,,"MOVWF TBLPTRH, A",0x000808
0x000FC8,0xFF5,TABLAT,read,,"MOVFF TABLAT, ram_006",0x000808
0x000FCE,0xFF5,TABLAT,read,,"MOVFF TABLAT, ram_007",0x000808
0x000FDC,0xFF6,TBLPTRL,write,,"MOVWF TBLPTRL, A",0x000808
0x000FE0,0xFF7,TBLPTRH,write,,"MOVWF TBLPTRH, A",0x000808
0x000FE6,0xFF5,TABLAT,read,,"ANDWF TABLAT, W, A",0x000808
0x000FEE,0xFF5,TABLAT,read,,"ANDWF TABLAT, W, A",0x000808
0x001016,0xFF6,TBLPTRL,write,,"MOVWF TBLPTRL, A",0x000808
0x00101A,0xFF7,TBLPTRH,write,,"MOVWF TBLPTRH, A",0x000808
0x00101E,0xFF5,TABLAT,read,,"MOVFF TABLAT, ram_006",0x000808
0x001024,0xFF5,TABLAT,read,,"MOVFF TABLAT, ram_007",0x000808
0x001032,0xFF6,TBLPTRL,write,,"MOVWF TBLPTRL, A",0x000808
0x001036,0xFF7,TBLPTRH,write,,"MOVWF TBLPTRH, A",0x000808
0x00103C,0xFF5,TABLAT,read,,"ANDWF TABLAT, W, A",0x000808
0x001044,0xFF5,TABLAT,read,,"ANDWF TABLAT, W, A",0x000808
0x00106C,0xFF6,TBLPTRL,write,,"MOVWF TBLPTRL, A",0x000808
0x001070,0xFF7,TBLPTRH,write,,"MOVWF TBLPTRH, A",0x000808
0x001074,0xFF5,TABLAT,read,,"MOVFF TABLAT, ram_006",0x000808
0x00107A,0xFF5,TABLAT,read,,"MOVFF TABLAT, ram_007",0x000808
0x001088,0xFF6,TBLPTRL,write,,"MOVWF TBLPTRL, A",0x000808
0x00108C,0xFF7,TBLPTRH,write,,"MOVWF TBLPTRH, A",0x000808
0x001092,0xFF5,TABLAT,read,,"ANDWF TABLAT, W, A",0x000808
0x00109A,0xFF5,TABLAT,read,,"ANDWF TABLAT, W, A",0x000808
0x0010C2,0xFF6,TBLPTRL,write,,"MOVWF TBLPTRL, A",0x000808
0x0010C6,0xFF7,TBLPTRH,write,,"MOVWF TBLPTRH, A",0x000808
0x0010CA,0xFF5,TABLAT,read,,"MOVFF TABLAT, ram_006",0x000808
0x0010D0,0xFF5,TABLAT,read,,"MOVFF TABLAT, ram_007",0x000808
0x0010DE,0xFF6,TBLPTRL,write,,"MOVWF TBLPTRL, A",0x000808
0x0010E2,0xFF7,TBLPTRH,write,,"MOVWF TBLPTRH, A",0x000808
0x0010E8,0xFF5,TABLAT,read,,"ANDWF TABLAT, W, A",0x000808
0x0010F0,0xFF5,TABLAT,read,,"ANDWF TABLAT, W, A",0x000808
0x001118,0xFF6,TBLPTRL,write,,"MOVWF TBLPTRL, A",0x000808
0x00111C,0xFF7,TBLPTRH,write,,"MOVWF TBLPTRH, A",0x000808
0x001120,0xFF5,TABLAT,read,,"MOVFF TABLAT, ram_006",0x000808
0x001126,0xFF5,TABLAT,read,,"MOVFF TABLAT, ram_007",0x000808
0x001190,0xFF5,TABLAT,write,,"MOVFF ram_011, TABLAT",0x000808
0x001194,0xFF8,TBLPTRU,write,,"MOVFF ram_010, TBLPTRU",0x000808
0x001198,0xFF7,TBLPTRH,write,,"MOVFF ram_00F, TBLPTRH",0x000808
0x00119C,0xFF6,TBLPTRL,write,,"MOVFF ram_00E, TBLPTRL",0x000808
0x0011A0,0xFF4,PRODH,write,,"MOVFF ram_00D, PRODH",0x000808
0x0011A4,0xFF3,PRODL,write,,"MOVFF ram_00C, PRODL",0x000808
0x0011A8,0xFDA,FSR2H,write,,"MOVFF ram_00B, FSR2H",0x000808
0x0011AC,0xFD9,FSR2L,write,,"MOVFF ram_00A, FSR2L",0x000808
0x0011B0,0xFE2,FSR1H,write,,"MOVFF ram_009, FSR1H",0x000808
0x0011B4,0xFE1,FSR1L,write,,"MOVFF ram_008, FSR1L",0x000808
0x0011E0,0xFDE,POSTINC2,write,,"CLRF POSTINC2, A",0x0011C0
0x0011E2,0xFE8,WREG,read_write,,"DECF WREG, F, A",0x0011C0
0x0011F2,0xF82,PORTC,read,2,"BTFSC PORTC, 2, A",0x0011C0
0x0011FA,0xF82,PORTC,read,5,"BTFSC PORTC, 5, A",0x0011C0
0x001202,0xF83,PORTD,read,7,"BTFSC PORTD, 7, A",0x0011C0
0x00120A,0xF82,PORTC,read,1,"BTFSC PORTC, 1, A",0x0011C0
0x001212,0xF82,PORTC,read,6,"BTFSC PORTC, 6, A",0x0011C0
0x00121A,0xF83,PORTD,read,6,"BTFSC PORTD, 6, A",0x0011C0
0x001222,0xF82,PORTC,read,0,"BTFSC PORTC, 0, A",0x0011C0
0x00122A,0xF84,PORTE,read,2,"BTFSC PORTE, 2, A",0x0011C0
0x001240,0xFF3,PRODL,read,,"ADDWF PRODL, W, A",0x0011C0
0x001242,0xFD9,FSR2L,write,,"MOVWF FSR2L, A",0x0011C0
0x001246,0xFF4,PRODH,read,,"ADDWFC PRODH, W, A",0x0011C0
0x001248,0xFDA,FSR2H,write,,"MOVWF FSR2H, A",0x0011C0
0x00124A,0xFDE,POSTINC2,read,,"MOVF POSTINC2, W, A",0x0011C0
0x00124C,0xFDE,POSTINC2,read,,"IORWF POSTINC2, W, A",0x0011C0
0x001254,0xFD9,FSR2L,write,,"MOVWF FSR2L, A",0x0011C0
0x001256,0xFDA,FSR2H,write,,"CLRF FSR2H, A",0x0011C0
0x00125A,0xFDA,FSR2H,read_write,,"ADDWFC FSR2H, F, A",0x0011C0
0x001260,0xFE1,FSR1L,write,,"MOVWF FSR1L, A",0x0011C0
0x001262,0xFE2,FSR1H,write,,"CLRF FSR1H, A",0x0011C0
0x001264,0xFDF,INDF2,read,,"MOVFF INDF2, INDF1",0x0011C0
0x001264,0xFE7,INDF1,write,,"MOVFF INDF2, INDF1",0x0011C0
0x00126E,0xFF3,PRODL,read,,"ADDWF PRODL, W, A",0x0011C0
0x001270,0xFD9,FSR2L,write,,"MOVWF FSR2L, A",0x0011C0
0x001274,0xFF4,PRODH,read,,"ADDWFC PRODH, W, A",0x0011C0
0x001276,0xFDA,FSR2H,write,,"MOVWF FSR2H, A",0x0011C0
0x001278,0xFDE,POSTINC2,read_write,,"INCF POSTINC2, F, A",0x0011C0
0x00127C,0xFDD,POSTDEC2,read_write,,"ADDWFC POSTDEC2, F, A",0x0011C0
0x00128A,0xFF3,PRODL,read,,"ADDWF PRODL, W, A",0x0011C0
0x00128C,0xFD9,FSR2L,write,,"MOVWF FSR2L, A",0x0011C0
0x001290,0xFF4,PRODH,read,,"ADDWFC PRODH, W, A",0x0011C0
0x001292,0xFDA,FSR2H,write,,"MOVWF FSR2H, A",0x0011C0
0x001296,0xFDE,POSTINC2,read,,"SUBWF POSTINC2, W, A",0x0011C0
0x00129A,0xFDE,POSTINC2,read,,"SUBWFB POSTINC2, W, A",0x0011C0
0x0012A4,0xFF3,PRODL,read,,"ADDWF PRODL, W, A",0x0011C0
0x0012A6,0xFD9,FSR2L,write,,"MOVWF FSR2L, A",0x0011C0
0x0012AA,0xFF4,PRODH,read,,"ADDWFC PRODH, W, A",0x0011C0
0x0012AC,0xFDA,FSR2H,write,,"MOVWF FSR2H, A",0x0011C0
0x0012AE,0xFDE,POSTINC2,write,,"CLRF POSTINC2, A",0x0011C0
0x0012B0,0xFDD,POSTDEC2,write,,"CLRF POSTDEC2, A",0x0011C0
0x0012B6,0xFD9,FSR2L,write,,"MOVWF FSR2L, A",0x0011C0
0x0012B8,0xFDA,FSR2H,write,,"CLRF FSR2H, A",0x0011C0
0x0012BA,0xFDF,INDF2,read,,"MOVF INDF2, W, A",0x0011C0
0x0012C2,0xFD9,FSR2L,write,,"MOVWF FSR2L, A",0x0011C0
0x0012C4,0xFDA,FSR2H,write,,"CLRF FSR2H, A",0x0011C0
0x0012C8,0xFDA,FSR2H,read_write,,"ADDWFC FSR2H, F, A",0x0011C0
0x0012CA,0xFDF,INDF2,read,,"MOVF INDF2, W, A",0x0011C0
0x0012D4,0xFF3,PRODL,read,,"ADDWF PRODL, W, A",0x0011C0
0x0012D6,0xFD9,FSR2L,write,,"MOVWF FSR2L, A",0x0011C0
0x0012DA,0xFF4,PRODH,read,,"ADDWFC PRODH, W, A",0x0011C0
0x0012DC,0xFDA,FSR2H,write,,"MOVWF FSR2H, A",0x0011C0
0x0012E0,0xFDE,POSTINC2,write,,"MOVWF POSTINC2, A",0x0011C0
0x0012E2,0xFDD,POSTDEC2,write,,"CLRF POSTDEC2, A",0x0011C0
0x0012EE,0xFD9,FSR2L,write,,"MOVWF FSR2L, A",0x0011C0
0x0012F0,0xFDA,FSR2H,write,,"CLRF FSR2H, A",0x0011C0
0x0012F2,0xFDF,INDF2,read,,"MOVF INDF2, W, A",0x0011C0
0x001330,0xFD9,FSR2L,write,,"MOVWF FSR2L, A",0x0011C0
0x001332,0xFDA,FSR2H,write,,"CLRF FSR2H, A",0x0011C0
0x001336,0xFDA,FSR2H,read_write,,"ADDWFC FSR2H, F, A",0x0011C0
0x00133A,0xFDF,INDF2,write,,"MOVWF INDF2, A",0x0011C0
0x001348,0xFD9,FSR2L,write,,"MOVWF FSR2L, A",0x0011C0
0x00134A,0xFDA,FSR2H,write,,"CLRF FSR2H, A",0x0011C0
0x00134C,0xFDF,INDF2,read,,"MOVF INDF2, W, A",0x0011C0
0x001354,0xFD8,STATUS,read_write,0,"BCF STATUS, 0, A",0x0011C0
0x00135C,0xFD9,FSR2L,write,,"MOVWF FSR2L, A",0x0011C0
0x00135E,0xFDA,FSR2H,write,,"CLRF FSR2H, A",0x0011C0
0x001364,0xFE1,FSR1L,write,,"MOVWF FSR1L, A",0x0011C0
0x001366,0xFE2,FSR1H,write,,"CLRF FSR1H, A",0x0011C0
0x00136A,0xFE2,FSR1H,read_write,,"ADDWFC FSR1H, F, A",0x0011C0
0x00136C,0xFDF,INDF2,read,,"MOVFF INDF2, INDF1",0x0011C0
0x00136C,0xFE7,INDF1,write,,"MOVFF INDF2, INDF1",0x0011C0
0x001370,0xFD8,STATUS,read_write,0,"BCF STATUS, 0, A",0x0011C0
0x00137E,0xFD9,FSR2L,write,,"MOVWF FSR2L, A",0x0011C0
0x001380,0xFDA,FSR2H,write,,"CLRF FSR2H, A",0x0011C0
0x001384,0xFDA,FSR2H,read_write,,"ADDWFC FSR2H, F, A",0x0011C0
0x001386,0xFDF,INDF2,read,,"MOVF INDF2, W, A",0x0011C0
0x001390,0xFF3,PRODL,read,,"ADDWF PRODL, W, A",0x0011C0
0x001392,0xFD9,FSR2L,write,,"MOVWF FSR2L, A",0x0011C0
0x001396,0xFF4,PRODH,read,,"ADDWFC PRODH, W, A",0x0011C0
0x001398,0xFDA,FSR2H,write,,"MOVWF FSR2H, A",0x0011C0
0x00139A,0xFDE,POSTINC2,read,,"MOVF POSTINC2, W, A",0x0011C0
0x00139C,0xFDE,POSTINC2,read,,"IORWF POSTINC2, W, A",0x0011C0
0x00139E,0xFDE,POSTINC2,read,,"IORWF POSTINC2, W, A",0x0011C0
0x0013A0,0xFDE,POSTINC2,read,,"IORWF POSTINC2, W, A",0x0011C0
0x0013A8,0xFD9,FSR2L,write,,"MOVWF FSR2L, A",0x0011C0
0x0013AA,0xFDA,FSR2H,write,,"CLRF FSR2H, A",0x0011C0
0x0013AE,0xFDA,FSR2H,read_write,,"ADDWFC FSR2H, F, A",0x0011C0
0x0013B0,0xFDF,INDF2,read,,"MOVF INDF2, W, A",0x0011C0
0x0013B8,0xFD9,FSR2L,write,,"MOVWF FSR2L, A",0x0011C0
0x0013BA,0xFDA,FSR2H,write,,"CLRF FSR2H, A",0x0011C0
0x0013BE,0xFDF,INDF2,write,,"MOVWF INDF2, A",0x0011C0
0x0013FA,0xFD9,FSR2L,write,,"MOVWF FSR2L, A",0x0011C0
0x0013FC,0xFDA,FSR2H,write,,"CLRF FSR2H, A",0x0011C0
0x0013FE,0xFDF,INDF2,read,,"MOVF INDF2, W, A",0x0011C0
0x001406,0xFD9,FSR2L,write,,"MOVWF FSR2L, A",0x0011C0
0x001408,0xFDA,FSR2H,write,,"CLRF FSR2H, A",0x0011C0
0x00140A,0xFDF,INDF2,read,,"MOVF INDF2, W, A",0x0011C0
0x001412,0xFD9,FSR2L,write,,"MOVWF FSR2L, A",0x0011C0
0x001414,0xFDA,FSR2H,write,,"CLRF FSR2H, A",0x0011C0
0x001418,0xFDA,FSR2H,read_write,,"ADDWFC FSR2H, F, A",0x0011C0
0x00141A,0xFDF,INDF2,read,,"MOVF INDF2, W, A",0x0011C0
0x001422,0xFD9,FSR2L,write,,"MOVWF FSR2L, A",0x0011C0
0x001424,0xFDA,FSR2H,write,,"CLRF FSR2H, A",0x0011C0
0x001428,0xFDA,FSR2H,read_write,,"ADDWFC FSR2H, F, A",0x0011C0
0x00142C,0xFDF,INDF2,write,,"MOVWF INDF2, A",0x0011C0
0x001434,0xFD9,FSR2L,write,,"MOVWF FSR2L, A",0x0011C0
0x001436,0xFDA,FSR2H,write,,"CLRF FSR2H, A",0x0011C0
0x00143A,0xFDA,FSR2H,read_write,,"ADDWFC FSR2H, F, A",0x0011C0
0x00143C,0xFDF,INDF2,write,,"CLRF INDF2, A",0x0011C0
0x001442,0xFD9,FSR2L,write,,"MOVWF FSR2L, A",0x0011C0
0x001444,0xFDA,FSR2H,write,,"CLRF FSR2H, A",0x0011C0
0x001446,0xFDF,INDF2,read,,"MOVF INDF2, W, A",0x0011C0
0x00144E,0xFD9,FSR2L,write,,"MOVWF FSR2L, A",0x0011C0
0x001450,0xFDA,FSR2H,write,,"CLRF FSR2H, A",0x0011C0
0x001452,0xFDF,INDF2,read,,"MOVF INDF2, W, A",0x0011C0
0x00145A,0xFD9,FSR2L,write,,"MOVWF FSR2L, A",0x0011C0
0x00145C,0xFDA,FSR2H,write,,"CLRF FSR2H, A",0x0011C0
0x001460,0xFDA,FSR2H,read_write,,"ADDWFC FSR2H, F, A",0x0011C0
0x001462,0xFDF,INDF2,read,,"MOVF INDF2, W, A",0x0011C0
0x00146A,0xFD9,FSR2L,write,,"MOVWF FSR2L, A",0x0011C0
0x00146C,0xFDA,FSR2H,write,,"CLRF FSR2H, A",0x0011C0
0x001470,0xFDA,FSR2H,read_write,,"ADDWFC FSR2H, F, A",0x0011C0
0x001474,0xFDF,INDF2,write,,"MOVWF INDF2, A",0x0011C0
0x00147C,0xFD9,FSR2L,write,,"MOVWF FSR2L, A",0x0011C0
0x00147E,0xFDA,FSR2H,write,,"CLRF FSR2H, A",0x0011C0
0x001482,0xFDA,FSR2H,read_write,,"ADDWFC FSR2H, F, A",0x0011C0
0x001484,0xFDF,INDF2,write,,"CLRF INDF2, A",0x0011C0
0x0014F2,0xFD9,FSR2L,write,,"MOVWF FSR2L, A",0x0011C0
0x0014F4,0xFDA,FSR2H,write,,"CLRF FSR2H, A",0x0011C0
0x0014F6,0xFDF,INDF2,read,,"MOVF INDF2, W, A",0x0011C0
0x0014FE,0xFD9,FSR2L,write,,"MOVWF FSR2L, A",0x0011C0
0x001500,0xFDA,FSR2H,write,,"CLRF FSR2H, A",0x0011C0
0x001504,0xFDA,FSR2H,read_write,,"ADDWFC FSR2H, F, A",0x0011C0
0x001508,0xFDF,INDF2,write,,"MOVWF INDF2, A",0x0011C0
0x001596,0xFD9,FSR2L,write,,"MOVWF FSR2L, A",0x0011C0
0x001598,0xFDA,FSR2H,write,,"CLRF FSR2H, A",0x0011C0
0x00159C,0xFDA,FSR2H,read_write,,"ADDWFC FSR2H, F, A",0x0011C0
0x0015A0,0xFDF,INDF2,write,,"MOVWF INDF2, A",0x0011C0
0x0015E4,0xFD9,FSR2L,write,,"MOVWF FSR2L, A",0x0011C0
0x0015E6,0xFDA,FSR2H,write,,"CLRF FSR2H, A",0x0011C0
0x0015E8,0xFDF,INDF2,read,,"MOVF INDF2, W, A",0x0011C0
0x0015F0,0xFD9,FSR2L,write,,"MOVWF FSR2L, A",0x0011C0
0x0015F2,0xFDA,FSR2H,write,,"CLRF FSR2H, A",0x0011C0
0x0015F6,0xFDA,FSR2H,read_write,,"ADDWFC FSR2H, F, A",0x0011C0
0x0015F8,0xFDF,INDF2,read,,"MOVF INDF2, W, A",0x0011C0
0x001600,0xFD9,FSR2L,write,,"MOVWF FSR2L, A",0x0011C0
0x001602,0xFDA,FSR2H,write,,"CLRF FSR2H, A",0x0011C0
0x001606,0xFDA,FSR2H,read_write,,"ADDWFC FSR2H, F, A",0x0011C0
0x00160A,0xFDE,POSTINC2,read,,"SUBWF POSTINC2, W, A",0x0011C0
0x001612,0xFD9,FSR2L,write,,"MOVWF FSR2L, A",0x0011C0
0x001614,0xFDA,FSR2H,write,,"CLRF FSR2H, A",0x0011C0
0x001618,0xFDA,FSR2H,read_write,,"ADDWFC FSR2H, F, A",0x0011C0
0x00161C,0xFDF,INDF2,read_write,,"SUBWF INDF2, F, A",0x0011C0
0x001624,0xFD9,FSR2L,write,,"MOVWF FSR2L, A",0x0011C0
0x001626,0xFDA,FSR2H,write,,"CLRF FSR2H, A",0x0011C0
0x00162A,0xFDA,FSR2H,read_write,,"ADDWFC FSR2H, F, A",0x0011C0
0x001630,0xFE1,FSR1L,write,,"MOVWF FSR1L, A",0x0011C0
0x001632,0xFE2,FSR1H,write,,"CLRF FSR1H, A",0x0011C0
0x001636,0xFE2,FSR1H,read_write,,"ADDWFC FSR1H, F, A",0x0011C0
0x001638,0xFE7,INDF1,read,,"MOVF INDF1, W, A",0x0011C0
0x001642,0xFDF,INDF2,write,,"MOVWF INDF2, A",0x0011C0
0x001648,0xFD9,FSR2L,write,,"MOVWF FSR2L, A",0x0011C0
0x00164A,0xFDA,FSR2H,write,,"CLRF FSR2H, A",0x0011C0
0x00164E,0xFDA,FSR2H,read_write,,"ADDWFC FSR2H, F, A",0x0011C0
0x001652,0xFDF,INDF2,write,,"MOVWF INDF2, A",0x0011C0
0x001658,0xFD9,FSR2L,write,,"MOVWF FSR2L, A",0x0011C0
0x00165A,0xFDA,FSR2H,write,,"CLRF FSR2H, A",0x0011C0
0x00165E,0xFDA,FSR2H,read_write,,"ADDWFC FSR2H, F, A",0x0011C0
0x001660,0xFDF,INDF2,write,,"CLRF INDF2, A",0x0011C0
0x001690,0xFD9,FSR2L,write,,"MOVWF FSR2L, A",0x0011C0
0x001692,0xFDA,FSR2H,write,,"CLRF FSR2H, A",0x0011C0
0x001696,0xFDA,FSR2H,read_write,,"ADDWFC FSR2H, F, A",0x0011C0
0x00169C,0xFF3,PRODL,read,,"MOVFF PRODL, ram_077",0x0011C0
0x0016A0,0xFF4,PRODH,read,,"MOVFF PRODH, ram_078",0x0011C0
0x0016A6,0xFF3,PRODL,read,,"MOVF PRODL, W, A",0x0011C0
0x0016BE,0xFE1,FSR1L,write,,"MOVWF FSR1L, A",0x0011C0
0x0016C4,0xFE2,FSR1H,write,,"MOVWF FSR1H, A",0x0011C0
0x0016C6,0xFDF,INDF2,read,,"MOVFF INDF2, INDF1",0x0011C0
0x0016C6,0xFE7,INDF1,write,,"MOVFF INDF2, INDF1",0x0011C0
0x001704,0xFD9,FSR2L,write,,"MOVWF FSR2L, A",0x0011C0
0x001706,0xFDA,FSR2H,write,,"CLRF FSR2H, A",0x0011C0
0x001708,0xFDF,INDF2,read,,"MOVF INDF2, W, A",0x0011C0
0x001712,0xFD9,FSR2L,write,,"MOVWF FSR2L, A",0x0011C0
0x001714,0xFDA,FSR2H,write,,"CLRF FSR2H, A",0x0011C0
0x001718,0xFDA,FSR2H,read_write,,"ADDWFC FSR2H, F, A",0x0011C0
0x00171A,0xFDF,INDF2,read,,"MOVF INDF2, W, A",0x0011C0
0x001730,0xFD9,FSR2L,write,,"MOVWF FSR2L, A",0x0011C0
0x001732,0xFDA,FSR2H,write,,"CLRF FSR2H, A",0x0011C0
0x001736,0xFDA,FSR2H,read_write,,"ADDWFC FSR2H, F, A",0x0011C0
0x001738,0xFDF,INDF2,read,,"MOVF INDF2, W, A",0x0011C0
0x001754,0xFD9,FSR2L,write,,"MOVWF FSR2L, A",0x0011C0
0x001756,0xFDA,FSR2H,write,,"CLRF FSR2H, A",0x0011C0
0x00175A,0xFDA,FSR2H,read_write,,"ADDWFC FSR2H, F, A",0x0011C0
0x00175E,0xFDF,INDF2,read_write,,"ADDWF INDF2, F, A",0x0011C0
0x001766,0xFD9,FSR2L,write,,"MOVWF FSR2L, A",0x0011C0
0x001768,0xFDA,FSR2H,write,,"CLRF FSR2H, A",0x0011C0
0x00176C,0xFDA,FSR2H,read_write,,"ADDWFC FSR2H, F, A",0x0011C0
0x001772,0xFE1,FSR1L,write,,"MOVWF FSR1L, A",0x0011C0
0x001774,0xFE2,FSR1H,write,,"CLRF FSR1H, A",0x0011C0
0x001778,0xFE2,FSR1H,read_write,,"ADDWFC FSR1H, F, A",0x0011C0
0x00177A,0xFE7,INDF1,read,,"MOVF INDF1, W, A",0x0011C0
0x001780,0xFDF,INDF2,write,,"MOVWF INDF2, A",0x0011C0
0x001786,0xFD9,FSR2L,write,,"MOVWF FSR2L, A",0x0011C0
0x001788,0xFDA,FSR2H,write,,"CLRF FSR2H, A",0x0011C0
0x00178C,0xFDA,FSR2H,read_write,,"ADDWFC FSR2H, F, A",0x0011C0
0x001790,0xFDF,INDF2,write,,"MOVWF INDF2, A",0x0011C0
0x001796,0xFD9,FSR2L,write,,"MOVWF FSR2L, A",0x0011C0
0x001798,0xFDA,FSR2H,write,,"CLRF FSR2H, A",0x0011C0
0x00179C,0xFDA,FSR2H,read_write,,"ADDWFC FSR2H, F, A",0x0011C0
0x00179E,0xFDF,INDF2,write,,"CLRF INDF2, A",0x0011C0
0x0017CE,0xFD9,FSR2L,write,,"MOVWF FSR2L, A",0x0011C0
0x0017D0,0xFDA,FSR2H,write,,"CLRF FSR2H, A",0x0011C0
0x0017D4,0xFDA,FSR2H,read_write,,"ADDWFC FSR2H, F, A",0x0011C0
0x0017DA,0xFF3,PRODL,read,,"MOVFF PRODL, ram_077",0x0011C0
0x0017DE,0xFF4,PRODH,read,,"MOVFF PRODH, ram_078",0x0011C0
0x0017E4,0xFF3,PRODL,read,,"MOVF PRODL, W, A",0x0011C0
0x0017FC,0xFE1,FSR1L,write,,"MOVWF FSR1L, A",0x0011C0
0x001802,0xFE2,FSR1H,write,,"MOVWF FSR1H, A",0x0011C0
0x001804,0xFDF,INDF2,read,,"MOVFF INDF2, INDF1",0x0011C0
0x001804,0xFE7,INDF1,write,,"MOVFF INDF2, INDF1",0x0011C0
0x001840,0xFD9,FSR2L,write,,"MOVWF FSR2L, A",0x0011C0
0x001842,0xFDA,FSR2H,write,,"CLRF FSR2H, A",0x0011C0
0x001844,0xFDF,INDF2,read,,"MOVF INDF2, W, A",0x0011C0
0x00184E,0xFD9,FSR2L,write,,"MOVWF FSR2L, A",0x0011C0
0x001850,0xFDA,FSR2H,write,,"CLRF FSR2H, A",0x0011C0
0x001854,0xFDA,FSR2H,read_write,,"ADDWFC FSR2H, F, A",0x0011C0
0x001856,0xFDF,INDF2,read,,"MOVF INDF2, W, A",0x0011C0
0x001862,0xFF3,PRODL,read,,"ADDWF PRODL, W, A",0x0011C0
0x001864,0xFD9,FSR2L,write,,"MOVWF FSR2L, A",0x0011C0
0x001868,0xFF4,PRODH,read,,"ADDWFC PRODH, W, A",0x0011C0
0x00186A,0xFDA,FSR2H,write,,"MOVWF FSR2H, A",0x0011C0
0x00186E,0xFDB,PLUSW2,read,7,"BTFSC PLUSW2, 7, A",0x0011C0
0x001872,0xFDB,PLUSW2,read,,"MOVF PLUSW2, W, A",0x0011C0
0x001878,0xFDE,POSTINC2,read,,"SUBWF POSTINC2, W, A",0x0011C0
0x001882,0xFF3,PRODL,read,,"ADDWF PRODL, W, A",0x0011C0
0x001884,0xFD9,FSR2L,write,,"MOVWF FSR2L, A",0x0011C0
0x001888,0xFF4,PRODH,read,,"ADDWFC PRODH, W, A",0x0011C0
0x00188A,0xFDA,FSR2H,write,,"MOVWF FSR2H, A",0x0011C0
0x00188C,0xFDE,POSTINC2,read_write,,"INCF POSTINC2, F, A",0x0011C0
0x001890,0xFDD,POSTDEC2,read_write,,"ADDWFC POSTDEC2, F, A",0x0011C0
0x001898,0xFF3,PRODL,read,,"ADDWF PRODL, W, A",0x0011C0
0x00189A,0xFD9,FSR2L,write,,"MOVWF FSR2L, A",0x0011C0
0x00189E,0xFF4,PRODH,read,,"ADDWFC PRODH, W, A",0x0011C0
0x0018A0,0xFDA,FSR2H,write,,"MOVWF FSR2H, A",0x0011C0
0x0018A2,0xFDE,POSTINC2,write,,"CLRF POSTINC2, A",0x0011C0
0x0018A4,0xFDE,POSTINC2,write,,"CLRF POSTINC2, A",0x0011C0
0x0018A6,0xFDE,POSTINC2,write,,"CLRF POSTINC2, A",0x0011C0
0x0018A8,0xFDD,POSTDEC2,write,,"CLRF POSTDEC2, A",0x0011C0
0x0018AE,0xFD9,FSR2L,write,,"MOVWF FSR2L, A",0x0011C0
0x0018B0,0xFDA,FSR2H,write,,"CLRF FSR2H, A",0x0011C0
0x0018B4,0xFDA,FSR2H,read_write,,"ADDWFC FSR2H, F, A",0x0011C0
0x0018B6,0xFDF,INDF2,write,,"CLRF INDF2, A",0x0011C0
0x0018BE,0xFF3,PRODL,read,,"ADDWF PRODL, W, A",0x0011C0
0x0018C0,0xFD9,FSR2L,write,,"MOVWF FSR2L, A",0x0011C0
0x0018C4,0xFF4,PRODH,read,,"ADDWFC PRODH, W, A",0x0011C0
0x0018C6,0xFDA,FSR2H,write,,"MOVWF FSR2H, A",0x0011C0
0x0018C8,0xFDE,POSTINC2,write,,"CLRF POSTINC2, A",0x0011C0
0x0018CA,0xFDE,POSTINC2,write,,"CLRF POSTINC2, A",0x0011C0
0x0018CC,0xFDE,POSTINC2,write,,"CLRF POSTINC2, A",0x0011C0
0x0018CE,0xFDD,POSTDEC2,write,,"CLRF POSTDEC2, A",0x0011C0
0x0018D4,0xFD9,FSR2L,write,,"MOVWF FSR2L, A",0x0011C0
0x0018D6,0xFDA,FSR2H,write,,"CLRF FSR2H, A",0x0011C0
0x0018DA,0xFDA,FSR2H,read_write,,"ADDWFC FSR2H, F, A",0x0011C0
0x0018DC,0xFDF,INDF2,write,,"CLRF INDF2, A",0x0011C0
0x0018E2,0xFD9,FSR2L,write,,"MOVWF FSR2L, A",0x0011C0
0x0018E4,0xFDA,FSR2H,write,,"CLRF FSR2H, A",0x0011C0
0x0018E8,0xFDA,FSR2H,read_write,,"ADDWFC FSR2H, F, A",0x0011C0
0x0018EC,0xFDF,INDF2,write,,"MOVWF INDF2, A",0x0011C0
0x0018F2,0xFD9,FSR2L,write,,"MOVWF FSR2L, A",0x0011C0
0x0018F4,0xFDA,FSR2H,write,,"CLRF FSR2H, A",0x0011C0
0x0018F8,0xFDA,FSR2H,read_write,,"ADDWFC FSR2H, F, A",0x0011C0
0x0018FA,0xFDF,INDF2,write,,"CLRF INDF2, A",0x0011C0
0x001930,0xFF3,PRODL,read,,"ADDWF PRODL, W, A",0x0011C0
0x001932,0xFD9,FSR2L,write,,"MOVWF FSR2L, A",0x0011C0
0x001936,0xFF4,PRODH,read,,"ADDWFC PRODH, W, A",0x0011C0
0x001938,0xFDA,FSR2H,write,,"MOVWF FSR2H, A",0x0011C0
0x00193E,0xFF3,PRODL,read,,"MOVFF PRODL, ram_077",0x0011C0
0x001942,0xFF4,PRODH,read,,"MOVFF PRODH, ram_078",0x0011C0
0x001948,0xFF3,PRODL,read,,"MOVF PRODL, W, A",0x0011C0
0x001960,0xFE1,FSR1L,write,,"MOVWF FSR1L, A",0x0011C0
0x001966,0xFE2,FSR1H,write,,"MOVWF FSR1H, A",0x0011C0
0x001968,0xFDF,INDF2,read,,"MOVFF INDF2, INDF1",0x0011C0
0x001968,0xFE7,INDF1,write,,"MOVFF INDF2, INDF1",0x0011C0
0x0019A0,0xFD9,FSR2L,write,,"MOVWF FSR2L, A",0x0011C0
0x0019A2,0xFDA,FSR2H,write,,"CLRF FSR2H, A",0x0011C0
0x0019A4,0xFDF,INDF2,read,,"MOVF INDF2, W, A",0x0011C0
0x0019AE,0xFD9,FSR2L,write,,"MOVWF FSR2L, A",0x0011C0
0x0019B0,0xFDA,FSR2H,write,,"CLRF FSR2H, A",0x0011C0
0x0019B4,0xFDA,FSR2H,read_write,,"ADDWFC FSR2H, F, A",0x0011C0
0x0019B6,0xFDF,INDF2,read,,"MOVF INDF2, W, A",0x0011C0
0x0019C2,0xFF3,PRODL,read,,"ADDWF PRODL, W, A",0x0011C0
0x0019C4,0xFD9,FSR2L,write,,"MOVWF FSR2L, A",0x0011C0
0x0019C8,0xFF4,PRODH,read,,"ADDWFC PRODH, W, A",0x0011C0
0x0019CA,0xFDA,FSR2H,write,,"MOVWF FSR2H, A",0x0011C0
0x0019CE,0xFDB,PLUSW2,read,7,"BTFSS PLUSW2, 7, A",0x0011C0
0x0019D4,0xFDE,POSTINC2,read,,"SUBWF POSTINC2, W, A",0x0011C0
0x0019D8,0xFDE,POSTINC2,read,,"SUBWFB POSTINC2, W, A",0x0011C0
0x0019E2,0xFF3,PRODL,read,,"ADDWF PRODL, W, A",0x0011C0
0x0019E4,0xFD9,FSR2L,write,,"MOVWF FSR2L, A",0x0011C0
0x0019E8,0xFF4,PRODH,read,,"ADDWFC PRODH, W, A",0x0011C0
0x0019EA,0xFDA,FSR2H,write,,"MOVWF FSR2H, A",0x0011C0
0x0019EC,0xFDE,POSTINC2,read_write,,"DECF POSTINC2, F, A",0x0011C0
0x0019F0,0xFDD,POSTDEC2,read_write,,"SUBWFB POSTDEC2, F, A",0x0011C0
0x0019F8,0xFF3,PRODL,read,,"ADDWF PRODL, W, A",0x0011C0
0x0019FA,0xFD9,FSR2L,write,,"MOVWF FSR2L, A",0x0011C0
0x0019FE,0xFF4,PRODH,read,,"ADDWFC PRODH, W, A",0x0011C0
0x001A00,0xFDA,FSR2H,write,,"MOVWF FSR2H, A",0x0011C0
0x001A02,0xFDE,POSTINC2,write,,"CLRF POSTINC2, A",0x0011C0
0x001A04,0xFDE,POSTINC2,write,,"CLRF POSTINC2, A",0x0011C0
0x001A06,0xFDE,POSTINC2,write,,"CLRF POSTINC2, A",0x0011C0
0x001A08,0xFDD,POSTDEC2,write,,"CLRF POSTDEC2, A",0x0011C0
0x001A0E,0xFD9,FSR2L,write,,"MOVWF FSR2L, A",0x0011C0
0x001A10,0xFDA,FSR2H,write,,"CLRF FSR2H, A",0x0011C0
0x001A14,0xFDA,FSR2H,read_write,,"ADDWFC FSR2H, F, A",0x0011C0
0x001A16,0xFDF,INDF2,write,,"CLRF INDF2, A",0x0011C0
0x001A1E,0xFF3,PRODL,read,,"ADDWF PRODL, W, A",0x0011C0
0x001A20,0xFD9,FSR2L,write,,"MOVWF FSR2L, A",0x0011C0
0x001A24,0xFF4,PRODH,read,,"ADDWFC PRODH, W, A",0x0011C0
0x001A26,0xFDA,FSR2H,write,,"MOVWF FSR2H, A",0x0011C0
0x001A28,0xFDE,POSTINC2,write,,"CLRF POSTINC2, A",0x0011C0
0x001A2A,0xFDE,POSTINC2,write,,"CLRF POSTINC2, A",0x0011C0
0x001A2C,0xFDE,POSTINC2,write,,"CLRF POSTINC2, A",0x0011C0
0x001A2E,0xFDD,POSTDEC2,write,,"CLRF POSTDEC2, A",0x0011C0
0x001A34,0xFD9,FSR2L,write,,"MOVWF FSR2L, A",0x0011C0
0x001A36,0xFDA,FSR2H,write,,"CLRF FSR2H, A",0x0011C0
0x001A3A,0xFDA,FSR2H,read_write,,"ADDWFC FSR2H, F, A",0x0011C0
0x001A3C,0xFDF,INDF2,write,,"CLRF INDF2, A",0x0011C0
0x001A42,0xFD9,FSR2L,write,,"MOVWF FSR2L, A",0x0011C0
0x001A44,0xFDA,FSR2H,write,,"CLRF FSR2H, A",0x0011C0
0x001A48,0xFDA,FSR2H,read_write,,"ADDWFC FSR2H, F, A",0x0011C0
0x001A4C,0xFDF,INDF2,write,,"MOVWF INDF2, A",0x0011C0
0x001A52,0xFD9,FSR2L,write,,"MOVWF FSR2L, A",0x0011C0
0x001A54,0xFDA,FSR2H,write,,"CLRF FSR2H, A",0x0011C0
0x001A58,0xFDA,FSR2H,read_write,,"ADDWFC FSR2H, F, A",0x0011C0
0x001A5A,0xFDF,INDF2,write,,"CLRF INDF2, A",0x0011C0
0x001A90,0xFF3,PRODL,read,,"ADDWF PRODL, W, A",0x0011C0
0x001A92,0xFD9,FSR2L,write,,"MOVWF FSR2L, A",0x0011C0
0x001A96,0xFF4,PRODH,read,,"ADDWFC PRODH, W, A",0x0011C0
0x001A98,0xFDA,FSR2H,write,,"MOVWF FSR2H, A",0x0011C0
0x001A9E,0xFF3,PRODL,read,,"MOVFF PRODL, ram_077",0x0011C0
0x001AA2,0xFF4,PRODH,read,,"MOVFF PRODH, ram_078",0x0011C0
0x001AA8,0xFF3,PRODL,read,,"MOVF PRODL, W, A",0x0011C0
0x001AC0,0xFE1,FSR1L,write,,"MOVWF FSR1L, A",0x0011C0
0x001AC6,0xFE2,FSR1H,write,,"MOVWF FSR1H, A",0x0011C0
0x001AC8,0xFDF,INDF2,read,,"MOVFF INDF2, INDF1",0x0011C0
0x001AC8,0xFE7,INDF1,write,,"MOVFF INDF2, INDF1",0x0011C0
0x001B04,0xFF3,PRODL,read,,"ADDWF PRODL, W, A",0x0011C0
0x001B06,0xFD9,FSR2L,write,,"MOVWF FSR2L, A",0x0011C0
0x001B0A,0xFF4,PRODH,read,,"ADDWFC PRODH, W, A",0x0011C0
0x001B0C,0xFDA,FSR2H,write,,"MOVWF FSR2H, A",0x0011C0
0x001B0E,0xFDE,POSTINC2,write,,"CLRF POSTINC2, A",0x0011C0
0x001B10,0xFDE,POSTINC2,write,,"CLRF POSTINC2, A",0x0011C0
0x001B12,0xFDE,POSTINC2,write,,"CLRF POSTINC2, A",0x0011C0
0x001B14,0xFDD,POSTDEC2,write,,"CLRF POSTDEC2, A",0x0011C0
0x001B1A,0xFD9,FSR2L,write,,"MOVWF FSR2L, A",0x0011C0
0x001B1C,0xFDA,FSR2H,write,,"CLRF FSR2H, A",0x0011C0
0x001B20,0xFDA,FSR2H,read_write,,"ADDWFC FSR2H, F, A",0x0011C0
0x001B22,0xFDF,INDF2,write,,"CLRF INDF2, A",0x0011C0
0x001B2A,0xFF3,PRODL,read,,"ADDWF PRODL, W, A",0x0011C0
0x001B2C,0xFD9,FSR2L,write,,"MOVWF FSR2L, A",0x0011C0
0x001B30,0xFF4,PRODH,read,,"ADDWFC PRODH, W, A",0x0011C0
0x001B32,0xFDA,FSR2H,write,,"MOVWF FSR2H, A",0x0011C0
0x001B34,0xFDE,POSTINC2,write,,"CLRF POSTINC2, A",0x0011C0
0x001B36,0xFDE,POSTINC2,write,,"CLRF POSTINC2, A",0x0011C0
0x001B38,0xFDE,POSTINC2,write,,"CLRF POSTINC2, A",0x0011C0
0x001B3A,0xFDD,POSTDEC2,write,,"CLRF POSTDEC2, A",0x0011C0
0x001B40,0xFD9,FSR2L,write,,"MOVWF FSR2L, A",0x0011C0
0x001B42,0xFDA,FSR2H,write,,"CLRF FSR2H, A",0x0011C0
0x001B46,0xFDA,FSR2H,read_write,,"ADDWFC FSR2H, F, A",0x0011C0
0x001B48,0xFDF,INDF2,write,,"CLRF INDF2, A",0x0011C0
0x001C30,0xFD8,STATUS,read_write,0,"BCF STATUS, 0, A",0x0011C0
0x001C54,0xFD8,STATUS,read_write,0,"BCF STATUS, 0, A",0x0011C0
0x001D36,0xFD9,FSR2L,write,,"MOVWF FSR2L, A",0x0011C0
0x001D38,0xFDA,FSR2H,write,,"CLRF FSR2H, A",0x0011C0
0x001D3C,0xFDA,FSR2H,read_write,,"ADDWFC FSR2H, F, A",0x0011C0
0x001D3E,0xFDF,INDF2,read,,"MOVF INDF2, W, A",0x0011C0
0x001D50,0xFD9,FSR2L,write,,"MOVWF FSR2L, A",0x0011C0
0x001D52,0xFDA,FSR2H,write,,"CLRF FSR2H, A",0x0011C0
0x001D56,0xFDA,FSR2H,read_write,,"ADDWFC FSR2H, F, A",0x0011C0
0x001D58,0xFDF,INDF2,read,,"MOVF INDF2, W, A",0x0011C0
0x001D5E,0xFF3,PRODL,read,,"MOVFF PRODL, ram_077",0x0011C0
0x001D62,0xFF4,PRODH,read,,"MOVFF PRODH, ram_078",0x0011C0
0x001D68,0xFD8,STATUS,read_write,0,"BCF STATUS, 0, A",0x0011C0
0x001D6E,0xFD8,STATUS,read_write,0,"BCF STATUS, 0, A",0x0011C0
0x001DA2,0xFD8,STATUS,read,0,"BTFSC STATUS, 0, A",0x0011C0
0x001DB8,0xFF3,PRODL,read,,"ADDWF PRODL, W, A",0x0011C0
0x001DBA,0xFD9,FSR2L,write,,"MOVWF FSR2L, A",0x0011C0
0x001DBE,0xFF4,PRODH,read,,"ADDWFC PRODH, W, A",0x0011C0
0x001DC0,0xFDA,FSR2H,write,,"MOVWF FSR2H, A",0x0011C0
0x001DC2,0xFDE,POSTINC2,write,,"MOVFF ram_077, POSTINC2",0x0011C0
0x001DC6,0xFDD,POSTDEC2,write,,"MOVFF ram_078, POSTDEC2",0x0011C0
0x001E02,0xFF3,PRODL,read,,"ADDWF PRODL, W, A",0x0011C0
0x001E04,0xFD9,FSR2L,write,,"MOVWF FSR2L, A",0x0011C0
0x001E08,0xFF4,PRODH,read,,"ADDWFC PRODH, W, A",0x0011C0
0x001E0A,0xFDA,FSR2H,write,,"MOVWF FSR2H, A",0x0011C0
0x001E10,0xFF3,PRODL,read,,"MOVFF PRODL, ram_077",0x0011C0
0x001E14,0xFF4,PRODH,read,,"MOVFF PRODH, ram_078",0x0011C0
0x001E1A,0xFF3,PRODL,read,,"MOVF PRODL, W, A",0x0011C0
0x001E32,0xFE1,FSR1L,write,,"MOVWF FSR1L, A",0x0011C0
0x001E38,0xFE2,FSR1H,write,,"MOVWF FSR1H, A",0x0011C0
0x001E3A,0xFDF,INDF2,read,,"MOVFF INDF2, INDF1",0x0011C0
0x001E3A,0xFE7,INDF1,write,,"MOVFF INDF2, INDF1",0x0011C0
0x001E42,0xFF3,PRODL,read,,"MOVFF PRODL, ram_077",0x0011C0
0x001E46,0xFF4,PRODH,read,,"MOVFF PRODH, ram_078",0x0011C0
0x001E4C,0xFF3,PRODL,read,,"MOVF PRODL, W, A",0x0011C0
0x001E64,0xFD9,FSR2L,write,,"MOVWF FSR2L, A",0x0011C0
0x001E6A,0xFDA,FSR2H,write,,"MOVWF FSR2H, A",0x0011C0
0x001E6C,0xFDF,INDF2,write,,"CLRF INDF2, A",0x0011C0
0x001E7C,0xFD9,FSR2L,write,,"MOVWF FSR2L, A",0x0011C0
0x001E7E,0xFDA,FSR2H,write,,"CLRF FSR2H, A",0x0011C0
0x001E82,0xFDA,FSR2H,read_write,,"ADDWFC FSR2H, F, A",0x0011C0
0x001E84,0xFDF,INDF2,write,,"CLRF INDF2, A",0x0011C0
0x001E8C,0xFF3,PRODL,read,,"ADDWF PRODL, W, A",0x0011C0
0x001E8E,0xFD9,FSR2L,write,,"MOVWF FSR2L, A",0x0011C0
0x001E92,0xFF4,PRODH,read,,"ADDWFC PRODH, W, A",0x0011C0
0x001E94,0xFDA,FSR2H,write,,"MOVWF FSR2H, A",0x0011C0
0x001E96,0xFDE,POSTINC2,write,,"CLRF POSTINC2, A",0x0011C0
0x001E98,0xFDE,POSTINC2,write,,"CLRF POSTINC2, A",0x0011C0
0x001E9A,0xFDE,POSTINC2,write,,"CLRF POSTINC2, A",0x0011C0
0x001E9C,0xFDD,POSTDEC2,write,,"CLRF POSTDEC2, A",0x0011C0
0x001EA2,0xFD9,FSR2L,write,,"MOVWF FSR2L, A",0x0011C0
0x001EA4,0xFDA,FSR2H,write,,"CLRF FSR2H, A",0x0011C0
0x001EA8,0xFDA,FSR2H,read_write,,"ADDWFC FSR2H, F, A",0x0011C0
0x001EAA,0xFDF,INDF2,write,,"CLRF INDF2, A",0x0011C0
0x001EB2,0xFF3,PRODL,read,,"ADDWF PRODL, W, A",0x0011C0
0x001EB4,0xFD9,FSR2L,write,,"MOVWF FSR2L, A",0x0011C0
0x001EB8,0xFF4,PRODH,read,,"ADDWFC PRODH, W, A",0x0011C0
0x001EBA,0xFDA,FSR2H,write,,"MOVWF FSR2H, A",0x0011C0
0x001EBC,0xFDE,POSTINC2,write,,"CLRF POSTINC2, A",0x0011C0
0x001EBE,0xFDE,POSTINC2,write,,"CLRF POSTINC2, A",0x0011C0
0x001EC0,0xFDE,POSTINC2,write,,"CLRF POSTINC2, A",0x0011C0
0x001EC2,0xFDD,POSTDEC2,write,,"CLRF POSTDEC2, A",0x0011C0
0x001EC8,0xFD9,FSR2L,write,,"MOVWF FSR2L, A",0x0011C0
0x001ECA,0xFDA,FSR2H,write,,"CLRF FSR2H, A",0x0011C0
0x001ECE,0xFDA,FSR2H,read_write,,"ADDWFC FSR2H, F, A",0x0011C0
0x001ED0,0xFDF,INDF2,write,,"CLRF INDF2, A",0x0011C0
0x001ED6,0xFD9,FSR2L,write,,"MOVWF FSR2L, A",0x0011C0
0x001ED8,0xFDA,FSR2H,write,,"CLRF FSR2H, A",0x0011C0
0x001EDC,0xFDA,FSR2H,read_write,,"ADDWFC FSR2H, F, A",0x0011C0
0x001EE0,0xFDF,INDF2,write,,"MOVWF INDF2, A",0x0011C0
0x001EE6,0xFD9,FSR2L,write,,"MOVWF FSR2L, A",0x0011C0
0x001EE8,0xFDA,FSR2H,write,,"CLRF FSR2H, A",0x0011C0
0x001EEC,0xFDA,FSR2H,read_write,,"ADDWFC FSR2H, F, A",0x0011C0
0x001EEE,0xFDF,INDF2,write,,"CLRF INDF2, A",0x0011C0
0x001EF4,0xFD9,FSR2L,write,,"MOVWF FSR2L, A",0x0011C0
0x001EF6,0xFDA,FSR2H,write,,"CLRF FSR2H, A",0x0011C0
0x001EFA,0xFDA,FSR2H,read_write,,"ADDWFC FSR2H, F, A",0x0011C0
0x001EFE,0xFDF,INDF2,write,,"MOVWF INDF2, A",0x0011C0
0x001FE4,0xFD9,FSR2L,write,,"MOVWF FSR2L, A",0x0011C0
0x001FE6,0xFDA,FSR2H,write,,"CLRF FSR2H, A",0x0011C0
0x001FE8,0xFDF,INDF2,read,,"MOVF INDF2, W, A",0x0011C0
0x001FF0,0xFD9,FSR2L,write,,"MOVWF FSR2L, A",0x0011C0
0x001FF2,0xFDA,FSR2H,write,,"CLRF FSR2H, A",0x0011C0
0x001FF6,0xFDF,INDF2,read_write,,"ANDWF INDF2, F, A",0x0011C0
0x001FFA,0xFD9,FSR2L,write,,"MOVWF FSR2L, A",0x0011C0
0x001FFC,0xFDA,FSR2H,write,,"CLRF FSR2H, A",0x0011C0
0x001FFE,0xFD8,STATUS,read_write,0,"BCF STATUS, 0, A",0x0011C0
0x002000,0xFDF,INDF2,read_write,,"RLCF INDF2, F, A",0x0011C0
0x002004,0xFD9,FSR2L,write,,"MOVWF FSR2L, A",0x0011C0
0x002006,0xFDA,FSR2H,write,,"CLRF FSR2H, A",0x0011C0
0x002008,0xFDF,INDF2,read,,"MOVF INDF2, W, A",0x0011C0
0x00200E,0xFD9,FSR2L,write,,"MOVWF FSR2L, A",0x0011C0
0x002010,0xFDA,FSR2H,write,,"CLRF FSR2H, A",0x0011C0
0x002014,0xFDE,POSTINC2,read,,"XORWF POSTINC2, W, A",0x0011C0
0x00201E,0xFD9,FSR2L,write,,"MOVWF FSR2L, A",0x0011C0
0x002020,0xFDA,FSR2H,write,,"CLRF FSR2H, A",0x0011C0
0x002024,0xFDF,INDF2,write,,"MOVWF INDF2, A",0x0011C0
0x002028,0xFD9,FSR2L,write,,"MOVWF FSR2L, A",0x0011C0
0x00202A,0xFDA,FSR2H,write,,"CLRF FSR2H, A",0x0011C0
0x00202E,0xFDF,INDF2,read_write,,"ANDWF INDF2, F, A",0x0011C0
0x002032,0xFD9,FSR2L,write,,"MOVWF FSR2L, A",0x0011C0
0x002034,0xFDA,FSR2H,write,,"CLRF FSR2H, A",0x0011C0
0x002038,0xFDF,INDF2,read_write,,"IORWF INDF2, F, A",0x0011C0
0x002040,0xFD9,FSR2L,write,,"MOVWF FSR2L, A",0x0011C0
0x002042,0xFDA,FSR2H,write,,"CLRF FSR2H, A",0x0011C0
0x002044,0xFDF,INDF2,read,,"MOVF INDF2, W, A",0x0011C0
0x00204C,0xFD9,FSR2L,write,,"MOVWF FSR2L, A",0x0011C0
0x00204E,0xFDA,FSR2H,write,,"CLRF FSR2H, A",0x0011C0
0x002052,0xFDF,INDF2,read_write,,"ANDWF INDF2, F, A",0x0011C0
0x002056,0xFD9,FSR2L,write,,"MOVWF FSR2L, A",0x0011C0
0x002058,0xFDA,FSR2H,write,,"CLRF FSR2H, A",0x0011C0
0x00205A,0xFDF,INDF2,read,,"MOVF INDF2, W, A",0x0011C0
0x002060,0xFD9,FSR2L,write,,"MOVWF FSR2L, A",0x0011C0
0x002062,0xFDA,FSR2H,write,,"CLRF FSR2H, A",0x0011C0
0x002066,0xFDE,POSTINC2,read,,"XORWF POSTINC2, W, A",0x0011C0
0x002070,0xFD9,FSR2L,write,,"MOVWF FSR2L, A",0x0011C0
0x002072,0xFDA,FSR2H,write,,"CLRF FSR2H, A",0x0011C0
0x002076,0xFDB,PLUSW2,read_write,2,"BSF PLUSW2, 2, A",0x0011C0
0x00207A,0xFD9,FSR2L,write,,"MOVWF FSR2L, A",0x0011C0
0x00207C,0xFDA,FSR2H,write,,"CLRF FSR2H, A",0x0011C0
0x00207E,0xFD8,STATUS,read_write,0,"BCF STATUS, 0, A",0x0011C0
0x002080,0xFDF,INDF2,read_write,,"RLCF INDF2, F, A",0x0011C0
0x002084,0xFD9,FSR2L,write,,"MOVWF FSR2L, A",0x0011C0
0x002086,0xFDA,FSR2H,write,,"CLRF FSR2H, A",0x0011C0
0x00208A,0xFDF,INDF2,read_write,,"ANDWF INDF2, F, A",0x0011C0
0x00208E,0xFD9,FSR2L,write,,"MOVWF FSR2L, A",0x0011C0
0x002090,0xFDA,FSR2H,write,,"CLRF FSR2H, A",0x0011C0
0x002094,0xFDF,INDF2,read_write,,"IORWF INDF2, F, A",0x0011C0
0x00210E,0xFD8,STATUS,read,2,"BTFSC STATUS, 2, A",0x0011C0
0x002116,0xFD8,STATUS,read,2,"BTFSC STATUS, 2, A",0x0011C0
0x002142,0xFD9,FSR2L,write,,"MOVWF FSR2L, A",0x0011C0
0x002144,0xFDA,FSR2H,write,,"CLRF FSR2H, A",0x0011C0
0x002148,0xFDA,FSR2H,read_write,,"ADDWFC FSR2H, F, A",0x0011C0
0x00214C,0xFDF,INDF2,read_write,,"XORWF INDF2, F, A",0x0011C0
0x002152,0xFD9,FSR2L,write,,"MOVWF FSR2L, A",0x0011C0
0x002154,0xFDA,FSR2H,write,,"CLRF FSR2H, A",0x0011C0
0x002158,0xFDA,FSR2H,read_write,,"ADDWFC FSR2H, F, A",0x0011C0
0x00215A,0xFDF,INDF2,read,,"MOVF INDF2, W, A",0x0011C0
0x002168,0xFD9,FSR2L,write,,"MOVWF FSR2L, A",0x0011C0
0x00216A,0xFDA,FSR2H,write,,"CLRF FSR2H, A",0x0011C0
0x00216E,0xFDA,FSR2H,read_write,,"ADDWFC FSR2H, F, A",0x0011C0
0x002174,0xFDF,INDF2,read_write,,"IORWF INDF2, F, A",0x0011C0
0x0021A4,0xFD9,FSR2L,write,,"MOVWF FSR2L, A",0x0011C0
0x0021AA,0xFDA,FSR2H,write,,"MOVWF FSR2H, A",0x0011C0
0x0021AE,0xFDF,INDF2,read_write,,"IORWF INDF2, F, A",0x0011C0
0x0021CE,0xFD9,FSR2L,write,,"MOVWF FSR2L, A",0x0011C0
0x0021D0,0xFDA,FSR2H,write,,"CLRF FSR2H, A",0x0011C0
0x0021D4,0xFDA,FSR2H,read_write,,"ADDWFC FSR2H, F, A",0x0011C0
0x0021D8,0xFDF,INDF2,read_write,,"ANDWF INDF2, F, A",0x0011C0
0x00220C,0xFD9,FSR2L,write,,"MOVWF FSR2L, A",0x0011C0
0x002212,0xFDA,FSR2H,write,,"MOVWF FSR2H, A",0x0011C0
0x002216,0xFDF,INDF2,read_write,,"ANDWF INDF2, F, A",0x0011C0
0x00223A,0xFD9,FSR2L,write,,"MOVWF FSR2L, A",0x0011C0
0x00223C,0xFDA,FSR2H,write,,"CLRF FSR2H, A",0x0011C0
0x002240,0xFDA,FSR2H,read_write,,"ADDWFC FSR2H, F, A",0x0011C0
0x002244,0xFDF,INDF2,read_write,,"XORWF INDF2, F, A",0x0011C0
0x00224A,0xFD9,FSR2L,write,,"MOVWF FSR2L, A",0x0011C0
0x00224C,0xFDA,FSR2H,write,,"CLRF FSR2H, A",0x0011C0
0x002250,0xFDA,FSR2H,read_write,,"ADDWFC FSR2H, F, A",0x0011C0
0x002252,0xFDF,INDF2,read,,"MOVF INDF2, W, A",0x0011C0
0x002260,0xFD9,FSR2L,write,,"MOVWF FSR2L, A",0x0011C0
0x002262,0xFDA,FSR2H,write,,"CLRF FSR2H, A",0x0011C0
0x002266,0xFDA,FSR2H,read_write,,"ADDWFC FSR2H, F, A",0x0011C0
0x00226C,0xFDF,INDF2,read_write,,"IORWF INDF2, F, A",0x0011C0
0x00229C,0xFD9,FSR2L,write,,"MOVWF FSR2L, A",0x0011C0
0x0022A2,0xFDA,FSR2H,write,,"MOVWF FSR2H, A",0x0011C0
0x0022A6,0xFDF,INDF2,read_write,,"IORWF INDF2, F, A",0x0011C0
0x0022C6,0xFD9,FSR2L,write,,"MOVWF FSR2L, A",0x0011C0
0x0022C8,0xFDA,FSR2H,write,,"CLRF FSR2H, A",0x0011C0
0x0022CC,0xFDA,FSR2H,read_write,,"ADDWFC FSR2H, F, A",0x0011C0
0x0022D0,0xFDF,INDF2,read_write,,"ANDWF INDF2, F, A",0x0011C0
0x002304,0xFD9,FSR2L,write,,"MOVWF FSR2L, A",0x0011C0
0x00230A,0xFDA,FSR2H,write,,"MOVWF FSR2H, A",0x0011C0
0x00230E,0xFDF,INDF2,read_write,,"ANDWF INDF2, F, A",0x0011C0
0x002336,0xFD9,FSR2L,write,,"MOVWF FSR2L, A",0x0011C0
0x002338,0xFDA,FSR2H,write,,"CLRF FSR2H, A",0x0011C0
0x00233C,0xFDA,FSR2H,read_write,,"ADDWFC FSR2H, F, A",0x0011C0
0x00233E,0xFDF,INDF2,read_write,,"INCF INDF2, F, A",0x0011C0
0x002342,0xFD8,STATUS,read_write,0,"BCF STATUS, 0, A",0x0011C0
0x002352,0xFD9,FSR2L,write,,"MOVWF FSR2L, A",0x00234A
0x002354,0xFDA,FSR2H,write,,"CLRF FSR2H, A",0x00234A
0x002358,0xFDA,FSR2H,read_write,,"ADDWFC FSR2H, F, A",0x00234A
0x00235A,0xFDF,INDF2,read,,"MOVF INDF2, W, A",0x00234A
0x002362,0xFF3,PRODL,read,,"MOVF PRODL, W, A",0x00234A
0x002366,0xFD9,FSR2L,write,,"MOVWF FSR2L, A",0x00234A
0x002368,0xFDA,FSR2H,write,,"CLRF FSR2H, A",0x00234A
0x00236A,0xFDE,POSTINC2,read,,"MOVFF POSTINC2, ram_085",0x00234A
0x00236E,0xFDD,POSTDEC2,read,,"MOVFF POSTDEC2, ram_086",0x00234A
0x002372,0xFD9,FSR2L,write,,"MOVFF ram_085, FSR2L",0x00234A
0x002376,0xFDA,FSR2H,write,,"MOVFF ram_086, FSR2H",0x00234A
0x00237A,0xFDF,INDF2,read,,"MOVF INDF2, W, A",0x00234A
0x002382,0xFD9,FSR2L,write,,"MOVWF FSR2L, A",0x00234A
0x002384,0xFDA,FSR2H,write,,"CLRF FSR2H, A",0x00234A
0x002388,0xFDA,FSR2H,read_write,,"ADDWFC FSR2H, F, A",0x00234A
0x00238C,0xFDF,INDF2,write,,"MOVWF INDF2, A",0x00234A
0x002392,0xFD9,FSR2L,write,,"MOVWF FSR2L, A",0x00234A
0x002394,0xFDA,FSR2H,write,,"CLRF FSR2H, A",0x00234A
0x002398,0xFDA,FSR2H,read_write,,"ADDWFC FSR2H, F, A",0x00234A
0x00239E,0xFE1,FSR1L,write,,"MOVWF FSR1L, A",0x00234A
0x0023A0,0xFE2,FSR1H,write,,"CLRF FSR1H, A",0x00234A
0x0023A4,0xFE2,FSR1H,read_write,,"ADDWFC FSR1H, F, A",0x00234A
0x0023A6,0xFDE,POSTINC2,read,,"MOVF POSTINC2, W, A",0x00234A
0x0023A8,0xFE6,POSTINC1,read,,"XORWF POSTINC1, W, A",0x00234A
0x0023B0,0xFD9,FSR2L,write,,"MOVWF FSR2L, A",0x00234A
0x0023B2,0xFDA,FSR2H,write,,"CLRF FSR2H, A",0x00234A
0x0023B6,0xFDA,FSR2H,read_write,,"ADDWFC FSR2H, F, A",0x00234A
0x0023B8,0xFDF,INDF2,write,,"CLRF INDF2, A",0x00234A
0x0023BE,0xFD9,FSR2L,write,,"MOVWF FSR2L, A",0x00234A
0x0023C0,0xFDA,FSR2H,write,,"CLRF FSR2H, A",0x00234A
0x0023C4,0xFDA,FSR2H,read_write,,"ADDWFC FSR2H, F, A",0x00234A
0x0023CA,0xFE1,FSR1L,write,,"MOVWF FSR1L, A",0x00234A
0x0023CC,0xFE2,FSR1H,write,,"CLRF FSR1H, A",0x00234A
0x0023D0,0xFE2,FSR1H,read_write,,"ADDWFC FSR1H, F, A",0x00234A
0x0023D2,0xFDF,INDF2,read,,"MOVFF INDF2, INDF1",0x00234A
0x0023D2,0xFE7,INDF1,write,,"MOVFF INDF2, INDF1",0x00234A
0x0023DA,0xFD9,FSR2L,write,,"MOVWF FSR2L, A",0x00234A
0x0023DC,0xFDA,FSR2H,write,,"CLRF FSR2H, A",0x00234A
0x0023E0,0xFDA,FSR2H,read_write,,"ADDWFC FSR2H, F, A",0x00234A
0x0023E2,0xFDF,INDF2,read,,"MOVF INDF2, W, A",0x00234A
0x0023EA,0xFD9,FSR2L,write,,"MOVWF FSR2L, A",0x00234A
0x0023EC,0xFDA,FSR2H,write,,"CLRF FSR2H, A",0x00234A
0x0023F0,0xFDA,FSR2H,read_write,,"ADDWFC FSR2H, F, A",0x00234A
0x0023F2,0xFDF,INDF2,write,,"SETF INDF2, A",0x00234A
0x00240E,0xFF3,PRODL,read,,"ADDWF PRODL, W, A",0x00234A
0x002410,0xFD9,FSR2L,write,,"MOVWF FSR2L, A",0x00234A
0x002414,0xFF4,PRODH,read,,"ADDWFC PRODH, W, A",0x00234A
0x002416,0xFDA,FSR2H,write,,"MOVWF FSR2H, A",0x00234A
0x002418,0xFDE,POSTINC2,write,,"MOVFF ram_068, POSTINC2",0x00234A
0x00241C,0xFDE,POSTINC2,write,,"MOVFF ram_069, POSTINC2",0x00234A
0x002420,0xFDE,POSTINC2,write,,"MOVFF ram_06A, POSTINC2",0x00234A
0x002424,0xFDE,POSTINC2,write,,"MOVFF ram_06B, POSTINC2",0x00234A
0x00242C,0xFD9,FSR2L,write,,"MOVWF FSR2L, A",0x00234A
0x00242E,0xFDA,FSR2H,write,,"CLRF FSR2H, A",0x00234A
0x002432,0xFDA,FSR2H,read_write,,"ADDWFC FSR2H, F, A",0x00234A
0x002434,0xFDF,INDF2,write,,"CLRF INDF2, A",0x00234A
0x00243A,0xFD9,FSR2L,write,,"MOVWF FSR2L, A",0x00234A
0x00243C,0xFDA,FSR2H,write,,"CLRF FSR2H, A",0x00234A
0x002440,0xFDA,FSR2H,read_write,,"ADDWFC FSR2H, F, A",0x00234A
0x002442,0xFDF,INDF2,write,,"CLRF INDF2, A",0x00234A
0x00244A,0xFD9,FSR2L,write,,"MOVWF FSR2L, A",0x00234A
0x00244C,0xFDA,FSR2H,write,,"CLRF FSR2H, A",0x00234A
0x002450,0xFDA,FSR2H,read_write,,"ADDWFC FSR2H, F, A",0x00234A
0x002454,0xFDE,POSTINC2,read,,"XORWF POSTINC2, W, A",0x00234A
0x00245E,0xFF3,PRODL,read,,"ADDWF PRODL, W, A",0x00234A
0x002460,0xFD9,FSR2L,write,,"MOVWF FSR2L, A",0x00234A
0x002464,0xFF4,PRODH,read,,"ADDWFC PRODH, W, A",0x00234A
0x002466,0xFDA,FSR2H,write,,"MOVWF FSR2H, A",0x00234A
0x00246E,0xFF3,PRODL,read,,"ADDWF PRODL, W, A",0x00234A
0x002470,0xFE1,FSR1L,write,,"MOVWF FSR1L, A",0x00234A
0x002474,0xFF4,PRODH,read,,"ADDWFC PRODH, W, A",0x00234A
0x002476,0xFE2,FSR1H,write,,"MOVWF FSR1H, A",0x00234A
0x002478,0xFDE,POSTINC2,read,,"MOVFF POSTINC2, POSTINC1",0x00234A
0x002478,0xFE6,POSTINC1,write,,"MOVFF POSTINC2, POSTINC1",0x00234A
0x00247C,0xFDE,POSTINC2,read,,"MOVFF POSTINC2, POSTINC1",0x00234A
0x00247C,0xFE6,POSTINC1,write,,"MOVFF POSTINC2, POSTINC1",0x00234A
0x002480,0xFDE,POSTINC2,read,,"MOVFF POSTINC2, POSTINC1",0x00234A
0x002480,0xFE6,POSTINC1,write,,"MOVFF POSTINC2, POSTINC1",0x00234A
0x002484,0xFDE,POSTINC2,read,,"MOVFF POSTINC2, POSTINC1",0x00234A
0x002484,0xFE6,POSTINC1,write,,"MOVFF POSTINC2, POSTINC1",0x00234A
0x00248C,0xFD9,FSR2L,write,,"MOVWF FSR2L, A",0x00234A
0x00248E,0xFDA,FSR2H,write,,"CLRF FSR2H, A",0x00234A
0x002492,0xFDA,FSR2H,read_write,,"ADDWFC FSR2H, F, A",0x00234A
0x002494,0xFDF,INDF2,write,,"SETF INDF2, A",0x00234A
0x0024A2,0xFD9,FSR2L,write,,"MOVWF FSR2L, A",0x00234A
0x0024A4,0xFDA,FSR2H,write,,"CLRF FSR2H, A",0x00234A
0x0024A8,0xFDA,FSR2H,read_write,,"ADDWFC FSR2H, F, A",0x00234A
0x0024AA,0xFDF,INDF2,read,,"MOVF INDF2, W, A",0x00234A
0x0024B2,0xFD9,FSR2L,write,,"MOVWF FSR2L, A",0x00234A
0x0024B4,0xFDA,FSR2H,write,,"CLRF FSR2H, A",0x00234A
0x0024B8,0xFDA,FSR2H,read_write,,"ADDWFC FSR2H, F, A",0x00234A
0x0024BA,0xFDF,INDF2,read,,"MOVF INDF2, W, A",0x00234A
0x0024CC,0xFD9,FSR2L,write,,"MOVWF FSR2L, A",0x00234A
0x0024CE,0xFDA,FSR2H,write,,"CLRF FSR2H, A",0x00234A
0x0024D2,0xFDA,FSR2H,read_write,,"ADDWFC FSR2H, F, A",0x00234A
0x0024D4,0xFDF,INDF2,write,,"CLRF INDF2, A",0x00234A
0x0024DC,0xFF3,PRODL,read,,"ADDWF PRODL, W, A",0x00234A
0x0024DE,0xFD9,FSR2L,write,,"MOVWF FSR2L, A",0x00234A
0x0024E2,0xFF4,PRODH,read,,"ADDWFC PRODH, W, A",0x00234A
0x0024E4,0xFDA,FSR2H,write,,"MOVWF FSR2H, A",0x00234A
0x0024E6,0xFDE,POSTINC2,write,,"CLRF POSTINC2, A",0x00234A
0x0024E8,0xFDE,POSTINC2,write,,"CLRF POSTINC2, A",0x00234A
0x0024EA,0xFDE,POSTINC2,write,,"CLRF POSTINC2, A",0x00234A
0x0024EC,0xFDD,POSTDEC2,write,,"CLRF POSTDEC2, A",0x00234A
0x0024F2,0xFD9,FSR2L,write,,"MOVWF FSR2L, A",0x00234A
0x0024F4,0xFDA,FSR2H,write,,"CLRF FSR2H, A",0x00234A
0x0024F8,0xFDA,FSR2H,read_write,,"ADDWFC FSR2H, F, A",0x00234A
0x0024FC,0xFDF,INDF2,write,,"MOVWF INDF2, A",0x00234A
0x00250A,0xFD9,FSR2L,write,,"MOVWF FSR2L, A",0x00234A
0x00250C,0xFDA,FSR2H,write,,"CLRF FSR2H, A",0x00234A
0x002510,0xFDA,FSR2H,read_write,,"ADDWFC FSR2H, F, A",0x00234A
0x002512,0xFDF,INDF2,read,,"MOVF INDF2, W, A",0x00234A
0x00251A,0xFD9,FSR2L,write,,"MOVWF FSR2L, A",0x00234A
0x00251C,0xFDA,FSR2H,write,,"CLRF FSR2H, A",0x00234A
0x002520,0xFDA,FSR2H,read_write,,"ADDWFC FSR2H, F, A",0x00234A
0x002522,0xFDF,INDF2,read,,"MOVF INDF2, W, A",0x00234A
0x002530,0xFD9,FSR2L,write,,"MOVWF FSR2L, A",0x00234A
0x002532,0xFDA,FSR2H,write,,"CLRF FSR2H, A",0x00234A
0x002536,0xFDA,FSR2H,read_write,,"ADDWFC FSR2H, F, A",0x00234A
0x002538,0xFDF,INDF2,read,,"MOVF INDF2, W, A",0x00234A
0x00255C,0xFF3,PRODL,read,,"MOVFF PRODL, ram_085",0x00234A
0x002560,0xFF4,PRODH,read,,"MOVFF PRODH, ram_086",0x00234A
0x002564,0xFD8,STATUS,read_write,0,"BCF STATUS, 0, A",0x00234A
0x00256A,0xFD8,STATUS,read_write,0,"BCF STATUS, 0, A",0x00234A
0x002574,0xFD9,FSR2L,write,,"MOVWF FSR2L, A",0x00234A
0x00257A,0xFDA,FSR2H,write,,"MOVWF FSR2H, A",0x00234A
0x00257E,0xFDB,PLUSW2,read,7,"BTFSC PLUSW2, 7, A",0x00234A
0x002584,0xFDB,PLUSW2,read,,"MOVF PLUSW2, W, A",0x00234A
0x00258A,0xFDB,PLUSW2,read,,"MOVF PLUSW2, W, A",0x00234A
0x002590,0xFDB,PLUSW2,read,,"MOVF PLUSW2, W, A",0x00234A
0x002596,0xFDE,POSTINC2,read,,"SUBWF POSTINC2, W, A",0x00234A
0x0025A2,0xFF3,PRODL,read,,"MOVFF PRODL, ram_085",0x00234A
0x0025A6,0xFF4,PRODH,read,,"MOVFF PRODH, ram_086",0x00234A
0x0025AA,0xFD8,STATUS,read_write,0,"BCF STATUS, 0, A",0x00234A
0x0025B0,0xFD8,STATUS,read_write,0,"BCF STATUS, 0, A",0x00234A
0x0025BA,0xFD9,FSR2L,write,,"MOVWF FSR2L, A",0x00234A
0x0025C0,0xFDA,FSR2H,write,,"MOVWF FSR2H, A",0x00234A
0x0025C4,0xFDE,POSTINC2,read,,"ADDWF POSTINC2, W, A",0x00234A
0x0025CA,0xFDE,POSTINC2,read,,"ADDWFC POSTINC2, W, A",0x00234A
0x0025D0,0xFDE,POSTINC2,read,,"ADDWFC POSTINC2, W, A",0x00234A
0x0025D6,0xFDE,POSTINC2,read,,"ADDWFC POSTINC2, W, A",0x00234A
0x0025DE,0xFF3,PRODL,read,,"MOVFF PRODL, ram_08B",0x00234A
0x0025E2,0xFF4,PRODH,read,,"MOVFF PRODH, ram_08C",0x00234A
0x0025E6,0xFD8,STATUS,read_write,0,"BCF STATUS, 0, A",0x00234A
0x0025EC,0xFD8,STATUS,read_write,0,"BCF STATUS, 0, A",0x00234A
0x0025F6,0xFD9,FSR2L,write,,"MOVWF FSR2L, A",0x00234A
0x0025FC,0xFDA,FSR2H,write,,"MOVWF FSR2H, A",0x00234A
0x002600,0xFDE,POSTINC2,read,,"SUBWF POSTINC2, W, A",0x00234A
0x002604,0xFDE,POSTINC2,read,,"SUBWFB POSTINC2, W, A",0x00234A
0x002608,0xFDE,POSTINC2,read,,"SUBWFB POSTINC2, W, A",0x00234A
0x00260A,0xFDE,POSTINC2,read,,"MOVF POSTINC2, W, A",0x00234A
0x00261C,0xFF3,PRODL,read,,"MOVFF PRODL, ram_085",0x00234A
0x002620,0xFF4,PRODH,read,,"MOVFF PRODH, ram_086",0x00234A
0x002624,0xFD8,STATUS,read_write,0,"BCF STATUS, 0, A",0x00234A
0x00262A,0xFD8,STATUS,read_write,0,"BCF STATUS, 0, A",0x00234A
0x002634,0xFD9,FSR2L,write,,"MOVWF FSR2L, A",0x00234A
0x00263A,0xFDA,FSR2H,write,,"MOVWF FSR2H, A",0x00234A
0x002640,0xFF3,PRODL,read,,"MOVFF PRODL, ram_08B",0x00234A
0x002644,0xFF4,PRODH,read,,"MOVFF PRODH, ram_08C",0x00234A
0x002648,0xFD8,STATUS,read_write,0,"BCF STATUS, 0, A",0x00234A
0x00264E,0xFD8,STATUS,read_write,0,"BCF STATUS, 0, A",0x00234A
0x002658,0xFE1,FSR1L,write,,"MOVWF FSR1L, A",0x00234A
0x00265E,0xFE2,FSR1H,write,,"MOVWF FSR1H, A",0x00234A
0x002660,0xFE6,POSTINC1,read,,"MOVFF POSTINC1, ram_08D",0x00234A
0x002664,0xFE6,POSTINC1,read,,"MOVFF POSTINC1, ram_08E",0x00234A
0x002668,0xFE6,POSTINC1,read,,"MOVFF POSTINC1, ram_08F",0x00234A
0x00266C,0xFE6,POSTINC1,read,,"MOVFF POSTINC1, ram_090",0x00234A
0x002688,0xFDE,POSTINC2,read,,"MOVF POSTINC2, W, A",0x00234A
0x00268C,0xFDE,POSTINC2,read,,"MOVF POSTINC2, W, A",0x00234A
0x002690,0xFDE,POSTINC2,read,,"MOVF POSTINC2, W, A",0x00234A
0x00269A,0xFDE,POSTINC2,read,,"MOVF POSTINC2, W, A",0x00234A
0x0026AA,0xFF3,PRODL,read,,"MOVFF PRODL, ram_085",0x00234A
0x0026AE,0xFF4,PRODH,read,,"MOVFF PRODH, ram_086",0x00234A
0x0026B2,0xFD8,STATUS,read_write,0,"BCF STATUS, 0, A",0x00234A
0x0026B8,0xFD8,STATUS,read_write,0,"BCF STATUS, 0, A",0x00234A
0x0026C2,0xFD9,FSR2L,write,,"MOVWF FSR2L, A",0x00234A
0x0026C8,0xFDA,FSR2H,write,,"MOVWF FSR2H, A",0x00234A
0x0026D0,0xFF3,PRODL,read,,"ADDWF PRODL, W, A",0x00234A
0x0026D2,0xFE1,FSR1L,write,,"MOVWF FSR1L, A",0x00234A
0x0026D6,0xFF4,PRODH,read,,"ADDWFC PRODH, W, A",0x00234A
0x0026D8,0xFE2,FSR1H,write,,"MOVWF FSR1H, A",0x00234A
0x0026DA,0xFDE,POSTINC2,read,,"MOVF POSTINC2, W, A",0x00234A
0x0026DC,0xFE6,POSTINC1,read,,"XORWF POSTINC1, W, A",0x00234A
0x0026E0,0xFDE,POSTINC2,read,,"MOVF POSTINC2, W, A",0x00234A
0x0026E2,0xFE6,POSTINC1,read,,"XORWF POSTINC1, W, A",0x00234A
0x0026E6,0xFDE,POSTINC2,read,,"MOVF POSTINC2, W, A",0x00234A
0x0026E8,0xFE6,POSTINC1,read,,"XORWF POSTINC1, W, A",0x00234A
0x0026EC,0xFDE,POSTINC2,read,,"MOVF POSTINC2, W, A",0x00234A
0x0026EE,0xFE6,POSTINC1,read,,"XORWF POSTINC1, W, A",0x00234A
0x0026F6,0xFF3,PRODL,read,,"MOVFF PRODL, ram_085",0x00234A
0x0026FA,0xFF4,PRODH,read,,"MOVFF PRODH, ram_086",0x00234A
0x0026FE,0xFD8,STATUS,read_write,0,"BCF STATUS, 0, A",0x00234A
0x002704,0xFD8,STATUS,read_write,0,"BCF STATUS, 0, A",0x00234A
0x00270E,0xFD9,FSR2L,write,,"MOVWF FSR2L, A",0x00234A
0x002714,0xFDA,FSR2H,write,,"MOVWF FSR2H, A",0x00234A
0x00271C,0xFF3,PRODL,read,,"ADDWF PRODL, W, A",0x00234A
0x00271E,0xFE1,FSR1L,write,,"MOVWF FSR1L, A",0x00234A
0x002722,0xFF4,PRODH,read,,"ADDWFC PRODH, W, A",0x00234A
0x002724,0xFE2,FSR1H,write,,"MOVWF FSR1H, A",0x00234A
0x002726,0xFDE,POSTINC2,read,,"MOVFF POSTINC2, POSTINC1",0x00234A
0x002726,0xFE6,POSTINC1,write,,"MOVFF POSTINC2, POSTINC1",0x00234A
0x00272A,0xFDE,POSTINC2,read,,"MOVFF POSTINC2, POSTINC1",0x00234A
0x00272A,0xFE6,POSTINC1,write,,"MOVFF POSTINC2, POSTINC1",0x00234A
0x00272E,0xFDE,POSTINC2,read,,"MOVFF POSTINC2, POSTINC1",0x00234A
0x00272E,0xFE6,POSTINC1,write,,"MOVFF POSTINC2, POSTINC1",0x00234A
0x002732,0xFDE,POSTINC2,read,,"MOVFF POSTINC2, POSTINC1",0x00234A
0x002732,0xFE6,POSTINC1,write,,"MOVFF POSTINC2, POSTINC1",0x00234A
0x00273C,0xFF3,PRODL,read,,"ADDWF PRODL, W, A",0x00234A
0x00273E,0xFD9,FSR2L,write,,"MOVWF FSR2L, A",0x00234A
0x002742,0xFF4,PRODH,read,,"ADDWFC PRODH, W, A",0x00234A
0x002744,0xFDA,FSR2H,write,,"MOVWF FSR2H, A",0x00234A
0x00274A,0xFF3,PRODL,read,,"MOVFF PRODL, ram_085",0x00234A
0x00274E,0xFF4,PRODH,read,,"MOVFF PRODH, ram_086",0x00234A
0x002752,0xFD8,STATUS,read_write,0,"BCF STATUS, 0, A",0x00234A
0x002758,0xFD8,STATUS,read_write,0,"BCF STATUS, 0, A",0x00234A
0x002762,0xFE1,FSR1L,write,,"MOVWF FSR1L, A",0x00234A
0x002768,0xFE2,FSR1H,write,,"MOVWF FSR1H, A",0x00234A
0x00276A,0xFDE,POSTINC2,read,,"MOVFF POSTINC2, POSTINC1",0x00234A
0x00276A,0xFE6,POSTINC1,write,,"MOVFF POSTINC2, POSTINC1",0x00234A
0x00276E,0xFDE,POSTINC2,read,,"MOVFF POSTINC2, POSTINC1",0x00234A
0x00276E,0xFE6,POSTINC1,write,,"MOVFF POSTINC2, POSTINC1",0x00234A
0x002772,0xFDE,POSTINC2,read,,"MOVFF POSTINC2, POSTINC1",0x00234A
0x002772,0xFE6,POSTINC1,write,,"MOVFF POSTINC2, POSTINC1",0x00234A
0x002776,0xFDD,POSTDEC2,read,,"MOVFF POSTDEC2, POSTDEC1",0x00234A
0x002776,0xFE5,POSTDEC1,write,,"MOVFF POSTDEC2, POSTDEC1",0x00234A
0x00277A,0xFE5,POSTDEC1,read_write,,"MOVF POSTDEC1, F, A",0x00234A
0x00277C,0xFE5,POSTDEC1,read_write,,"MOVF POSTDEC1, F, A",0x00234A
0x002782,0xFF3,PRODL,read,,"MOVFF PRODL, ram_087",0x00234A
0x002786,0xFF4,PRODH,read,,"MOVFF PRODH, ram_088",0x00234A
0x00278A,0xFD8,STATUS,read_write,0,"BCF STATUS, 0, A",0x00234A
0x002790,0xFD8,STATUS,read_write,0,"BCF STATUS, 0, A",0x00234A
0x00279A,0xFD9,FSR2L,write,,"MOVWF FSR2L, A",0x00234A
0x0027A0,0xFDA,FSR2H,write,,"MOVWF FSR2H, A",0x00234A
0x0027A2,0xFE6,POSTINC1,read,,"MOVFF POSTINC1, POSTINC2",0x00234A
0x0027A2,0xFDE,POSTINC2,write,,"MOVFF POSTINC1, POSTINC2",0x00234A
0x0027A6,0xFE6,POSTINC1,read,,"MOVFF POSTINC1, POSTINC2",0x00234A
0x0027A6,0xFDE,POSTINC2,write,,"MOVFF POSTINC1, POSTINC2",0x00234A
0x0027AA,0xFE6,POSTINC1,read,,"MOVFF POSTINC1, POSTINC2",0x00234A
0x0027AA,0xFDE,POSTINC2,write,,"MOVFF POSTINC1, POSTINC2",0x00234A
0x0027AE,0xFE6,POSTINC1,read,,"MOVFF POSTINC1, POSTINC2",0x00234A
0x0027AE,0xFDE,POSTINC2,write,,"MOVFF POSTINC1, POSTINC2",0x00234A
0x0027C0,0xFF3,PRODL,read,,"ADDWF PRODL, W, A",0x00234A
0x0027C2,0xFD9,FSR2L,write,,"MOVWF FSR2L, A",0x00234A
0x0027C6,0xFF4,PRODH,read,,"ADDWFC PRODH, W, A",0x00234A
0x0027C8,0xFDA,FSR2H,write,,"MOVWF FSR2H, A",0x00234A
0x0027CA,0xFDE,POSTINC2,read,,"MOVF POSTINC2, W, A",0x00234A
0x0027CC,0xFDE,POSTINC2,read,,"IORWF POSTINC2, W, A",0x00234A
0x0027CE,0xFDE,POSTINC2,read,,"IORWF POSTINC2, W, A",0x00234A
0x0027D0,0xFDE,POSTINC2,read,,"IORWF POSTINC2, W, A",0x00234A
0x0027DA,0xFF3,PRODL,read,,"ADDWF PRODL, W, A",0x00234A
0x0027DC,0xFD9,FSR2L,write,,"MOVWF FSR2L, A",0x00234A
0x0027E0,0xFF4,PRODH,read,,"ADDWFC PRODH, W, A",0x00234A
0x0027E2,0xFDA,FSR2H,write,,"MOVWF FSR2H, A",0x00234A
0x0027E4,0xFDE,POSTINC2,read,,"MOVFF POSTINC2, ram_012",0x00234A
0x0027E8,0xFDE,POSTINC2,read,,"MOVFF POSTINC2, ram_013",0x00234A
0x0027EC,0xFDE,POSTINC2,read,,"MOVFF POSTINC2, ram_014",0x00234A
0x0027F0,0xFDE,POSTINC2,read,,"MOVFF POSTINC2, ram_015",0x00234A
0x0027FA,0xFF3,PRODL,read,,"ADDWF PRODL, W, A",0x00234A
0x0027FC,0xFD9,FSR2L,write,,"MOVWF FSR2L, A",0x00234A
0x002800,0xFF4,PRODH,read,,"ADDWFC PRODH, W, A",0x00234A
0x002802,0xFDA,FSR2H,write,,"MOVWF FSR2H, A",0x00234A
0x002804,0xFDE,POSTINC2,read,,"MOVFF POSTINC2, ram_085",0x00234A
0x002808,0xFDD,POSTDEC2,read,,"MOVFF POSTDEC2, ram_086",0x00234A
0x00280E,0xFD8,STATUS,read_write,0,"BCF STATUS, 0, A",0x00234A
0x002814,0xFE8,WREG,read_write,,"DECFSZ WREG, F, A",0x00234A
0x0028A0,0xFF3,PRODL,read,,"ADDWF PRODL, W, A",0x00234A
0x0028A2,0xFD9,FSR2L,write,,"MOVWF FSR2L, A",0x00234A
0x0028A6,0xFF4,PRODH,read,,"ADDWFC PRODH, W, A",0x00234A
0x0028A8,0xFDA,FSR2H,write,,"MOVWF FSR2H, A",0x00234A
0x0028AA,0xFDE,POSTINC2,read,,"MOVFF POSTINC2, ram_014",0x00234A
0x0028AE,0xFDD,POSTDEC2,read,,"MOVFF POSTDEC2, ram_015",0x00234A
0x0028C6,0xFF3,PRODL,read,,"ADDWF PRODL, W, A",0x00234A
0x0028C8,0xFD9,FSR2L,write,,"MOVWF FSR2L, A",0x00234A
0x0028CC,0xFF4,PRODH,read,,"ADDWFC PRODH, W, A",0x00234A
0x0028CE,0xFDA,FSR2H,write,,"MOVWF FSR2H, A",0x00234A
0x0028D0,0xFDE,POSTINC2,read,,"MOVFF POSTINC2, ram_085",0x00234A
0x0028D4,0xFDD,POSTDEC2,read,,"MOVFF POSTDEC2, ram_086",0x00234A
0x0028EC,0xFD8,STATUS,read_write,0,"BCF STATUS, 0, A",0x00234A
0x00290E,0xFF3,PRODL,read,,"MOVFF PRODL, ram_08D",0x00234A
0x002912,0xFF4,PRODH,read,,"MOVFF PRODH, ram_08E",0x00234A
0x00291C,0xFF3,PRODL,read,,"MOVF PRODL, W, A",0x00234A
0x002920,0xFF4,PRODH,read,,"MOVF PRODH, W, A",0x00234A
0x00292C,0xFF3,PRODL,read,,"MOVF PRODL, W, A",0x00234A
0x002930,0xFF4,PRODH,read,,"MOVF PRODH, W, A",0x00234A
0x00293C,0xFF3,PRODL,read,,"MOVF PRODL, W, A",0x00234A
0x002940,0xFF4,PRODH,read,,"MOVF PRODH, W, A",0x00234A
0x002948,0xFF3,PRODL,read,,"MOVF PRODL, W, A",0x00234A
0x00294C,0xFF4,PRODH,read,,"MOVF PRODH, W, A",0x00234A
0x002954,0xFF3,PRODL,read,,"MOVF PRODL, W, A",0x00234A
0x002958,0xFF4,PRODH,read,,"MOVF PRODH, W, A",0x00234A
0x002960,0xFF3,PRODL,read,,"MOVF PRODL, W, A",0x00234A
0x002968,0xFF3,PRODL,read,,"MOVF PRODL, W, A",0x00234A
0x002970,0xFF3,PRODL,read,,"MOVF PRODL, W, A",0x00234A
0x002978,0xFF3,PRODL,read,,"MOVF PRODL, W, A",0x00234A
0x00299A,0xFF3,PRODL,read,,"MOVFF PRODL, ram_089",0x00234A
0x00299E,0xFF4,PRODH,read,,"MOVFF PRODH, ram_08A",0x00234A
0x0029A8,0xFF3,PRODL,read,,"MOVF PRODL, W, A",0x00234A
0x0029AC,0xFF4,PRODH,read,,"MOVF PRODH, W, A",0x00234A
0x0029B8,0xFF3,PRODL,read,,"MOVF PRODL, W, A",0x00234A
0x0029BC,0xFF4,PRODH,read,,"MOVF PRODH, W, A",0x00234A
0x0029C8,0xFF3,PRODL,read,,"MOVF PRODL, W, A",0x00234A
0x0029CC,0xFF4,PRODH,read,,"MOVF PRODH, W, A",0x00234A
0x0029D4,0xFF3,PRODL,read,,"MOVF PRODL, W, A",0x00234A
0x0029D8,0xFF4,PRODH,read,,"MOVF PRODH, W, A",0x00234A
0x0029E0,0xFF3,PRODL,read,,"MOVF PRODL, W, A",0x00234A
0x0029E4,0xFF4,PRODH,read,,"MOVF PRODH, W, A",0x00234A
0x0029EC,0xFF3,PRODL,read,,"MOVF PRODL, W, A",0x00234A
0x0029F4,0xFF3,PRODL,read,,"MOVF PRODL, W, A",0x00234A
0x0029FC,0xFF3,PRODL,read,,"MOVF PRODL, W, A",0x00234A
0x002A04,0xFF3,PRODL,read,,"MOVF PRODL, W, A",0x00234A
0x002A58,0xFF3,PRODL,read,,"ADDWF PRODL, W, A",0x00234A
0x002A5A,0xFD9,FSR2L,write,,"MOVWF FSR2L, A",0x00234A
0x002A5E,0xFF4,PRODH,read,,"ADDWFC PRODH, W, A",0x00234A
0x002A60,0xFDA,FSR2H,write,,"MOVWF FSR2H, A",0x00234A
0x002A62,0xFDE,POSTINC2,read,,"MOVFF POSTINC2, ram_085",0x00234A
0x002A66,0xFDE,POSTINC2,read,,"MOVFF POSTINC2, ram_086",0x00234A
0x002A6A,0xFDE,POSTINC2,read,,"MOVFF POSTINC2, ram_087",0x00234A
0x002A6E,0xFDE,POSTINC2,read,,"MOVFF POSTINC2, ram_088",0x00234A
0x002ABE,0xFF3,PRODL,read,,"MOVFF PRODL, ram_085",0x00234A
0x002AC2,0xFF4,PRODH,read,,"MOVFF PRODH, ram_086",0x00234A
0x002AC6,0xFD8,STATUS,read_write,0,"BCF STATUS, 0, A",0x00234A
0x002ACC,0xFD8,STATUS,read_write,0,"BCF STATUS, 0, A",0x00234A
0x002AD6,0xFD9,FSR2L,write,,"MOVWF FSR2L, A",0x00234A
0x002ADC,0xFDA,FSR2H,write,,"MOVWF FSR2H, A",0x00234A
0x002ADE,0xFDE,POSTINC2,read,,"MOVFF POSTINC2, ram_016",0x00234A
0x002AE2,0xFDE,POSTINC2,read,,"MOVFF POSTINC2, ram_017",0x00234A
0x002AE6,0xFDE,POSTINC2,read,,"MOVFF POSTINC2, ram_018",0x00234A
0x002AEA,0xFDE,POSTINC2,read,,"MOVFF POSTINC2, ram_019",0x00234A
0x002B0E,0xFF3,PRODL,read,,"MOVFF PRODL, ram_085",0x00234A
0x002B12,0xFF4,PRODH,read,,"MOVFF PRODH, ram_086",0x00234A
0x002B16,0xFD8,STATUS,read_write,0,"BCF STATUS, 0, A",0x00234A
0x002B1C,0xFD8,STATUS,read_write,0,"BCF STATUS, 0, A",0x00234A
0x002B26,0xFD9,FSR2L,write,,"MOVWF FSR2L, A",0x00234A
0x002B2C,0xFDA,FSR2H,write,,"MOVWF FSR2H, A",0x00234A
0x002B2E,0xFDE,POSTINC2,read,,"MOVFF POSTINC2, ram_016",0x00234A
0x002B32,0xFDE,POSTINC2,read,,"MOVFF POSTINC2, ram_017",0x00234A
0x002B36,0xFDE,POSTINC2,read,,"MOVFF POSTINC2, ram_018",0x00234A
0x002B3A,0xFDE,POSTINC2,read,,"MOVFF POSTINC2, ram_019",0x00234A
0x002B6E,0xFD9,FSR2L,write,,"MOVWF FSR2L, A",0x00234A
0x002B70,0xFDA,FSR2H,write,,"CLRF FSR2H, A",0x00234A
0x002B74,0xFDA,FSR2H,read_write,,"ADDWFC FSR2H, F, A",0x00234A
0x002B76,0xFDF,INDF2,read,,"MOVF INDF2, W, A",0x00234A
0x002B80,0xFD9,FSR2L,write,,"MOVWF FSR2L, A",0x00234A
0x002B82,0xFDA,FSR2H,write,,"CLRF FSR2H, A",0x00234A
0x002B86,0xFDA,FSR2H,read_write,,"ADDWFC FSR2H, F, A",0x00234A
0x002B88,0xFDF,INDF2,read,,"MOVF INDF2, W, A",0x00234A
0x002B90,0xFF3,PRODL,read,,"MOVF PRODL, W, A",0x00234A
0x002B94,0xFD9,FSR2L,write,,"MOVWF FSR2L, A",0x00234A
0x002B96,0xFDA,FSR2H,write,,"CLRF FSR2H, A",0x00234A
0x002B98,0xFDE,POSTINC2,read,,"MOVFF POSTINC2, ram_085",0x00234A
0x002B9C,0xFDD,POSTDEC2,read,,"MOVFF POSTDEC2, ram_086",0x00234A
0x002BA0,0xFD9,FSR2L,write,,"MOVFF ram_085, FSR2L",0x00234A
0x002BA4,0xFDA,FSR2H,write,,"MOVFF ram_086, FSR2H",0x00234A
0x002BA8,0xFDF,INDF2,read,,"MOVF INDF2, W, A",0x00234A
0x002BB0,0xFD9,FSR2L,write,,"MOVWF FSR2L, A",0x00234A
0x002BB2,0xFDA,FSR2H,write,,"CLRF FSR2H, A",0x00234A
0x002BB6,0xFDA,FSR2H,read_write,,"ADDWFC FSR2H, F, A",0x00234A
0x002BB8,0xFDF,INDF2,write,,"MOVFF ram_0A4, INDF2",0x00234A
0x002BC0,0xFD9,FSR2L,write,,"MOVWF FSR2L, A",0x00234A
0x002BC2,0xFDA,FSR2H,write,,"CLRF FSR2H, A",0x00234A
0x002BC6,0xFDA,FSR2H,read_write,,"ADDWFC FSR2H, F, A",0x00234A
0x002BC8,0xFDF,INDF2,write,,"CLRF INDF2, A",0x00234A
0x002BD0,0xFD9,FSR2L,write,,"MOVWF FSR2L, A",0x00234A
0x002BD2,0xFDA,FSR2H,write,,"CLRF FSR2H, A",0x00234A
0x002BD6,0xFDA,FSR2H,read_write,,"ADDWFC FSR2H, F, A",0x00234A
0x002BDA,0xFDE,POSTINC2,read,,"XORWF POSTINC2, W, A",0x00234A
0x002BE6,0xFF3,PRODL,read,,"MOVFF PRODL, ram_085",0x00234A
0x002BEA,0xFF4,PRODH,read,,"MOVFF PRODH, ram_086",0x00234A
0x002BEE,0xFD8,STATUS,read_write,0,"BCF STATUS, 0, A",0x00234A
0x002BF4,0xFD8,STATUS,read_write,0,"BCF STATUS, 0, A",0x00234A
0x002BFE,0xFD9,FSR2L,write,,"MOVWF FSR2L, A",0x00234A
0x002C04,0xFDA,FSR2H,write,,"MOVWF FSR2H, A",0x00234A
0x002C06,0xFDE,POSTINC2,read,,"MOVFF POSTINC2, ram_087",0x00234A
0x002C0A,0xFDE,POSTINC2,read,,"MOVFF POSTINC2, ram_088",0x00234A
0x002C0E,0xFDE,POSTINC2,read,,"MOVFF POSTINC2, ram_089",0x00234A
0x002C12,0xFDE,POSTINC2,read,,"MOVFF POSTINC2, ram_08A",0x00234A
0x002C1A,0xFF3,PRODL,read,,"MOVFF PRODL, ram_08B",0x00234A
0x002C1E,0xFF4,PRODH,read,,"MOVFF PRODH, ram_08C",0x00234A
0x002C22,0xFD8,STATUS,read_write,0,"BCF STATUS, 0, A",0x00234A
0x002C28,0xFD8,STATUS,read_write,0,"BCF STATUS, 0, A",0x00234A
0x002C32,0xFD9,FSR2L,write,,"MOVWF FSR2L, A",0x00234A
0x002C38,0xFDA,FSR2H,write,,"MOVWF FSR2H, A",0x00234A
0x002C3A,0xFDE,POSTINC2,read,,"MOVFF POSTINC2, ram_08D",0x00234A
0x002C3E,0xFDE,POSTINC2,read,,"MOVFF POSTINC2, ram_08E",0x00234A
0x002C42,0xFDE,POSTINC2,read,,"MOVFF POSTINC2, ram_08F",0x00234A
0x002C46,0xFDE,POSTINC2,read,,"MOVFF POSTINC2, ram_090",0x00234A
0x002C66,0xFF3,PRODL,read,,"MOVFF PRODL, ram_085",0x00234A
0x002C6A,0xFF4,PRODH,read,,"MOVFF PRODH, ram_086",0x00234A
0x002C6E,0xFD8,STATUS,read_write,0,"BCF STATUS, 0, A",0x00234A
0x002C74,0xFD8,STATUS,read_write,0,"BCF STATUS, 0, A",0x00234A
0x002C7E,0xFD9,FSR2L,write,,"MOVWF FSR2L, A",0x00234A
0x002C84,0xFDA,FSR2H,write,,"MOVWF FSR2H, A",0x00234A
0x002C86,0xFDE,POSTINC2,read,,"MOVFF POSTINC2, ram_087",0x00234A
0x002C8A,0xFDE,POSTINC2,read,,"MOVFF POSTINC2, ram_088",0x00234A
0x002C8E,0xFDE,POSTINC2,read,,"MOVFF POSTINC2, ram_089",0x00234A
0x002C92,0xFDE,POSTINC2,read,,"MOVFF POSTINC2, ram_08A",0x00234A
0x002CB8,0xFF3,PRODL,read,,"MOVFF PRODL, ram_085",0x00234A
0x002CBC,0xFF4,PRODH,read,,"MOVFF PRODH, ram_086",0x00234A
0x002CC0,0xFD8,STATUS,read_write,0,"BCF STATUS, 0, A",0x00234A
0x002CC6,0xFD8,STATUS,read_write,0,"BCF STATUS, 0, A",0x00234A
0x002CD0,0xFD9,FSR2L,write,,"MOVWF FSR2L, A",0x00234A
0x002CD6,0xFDA,FSR2H,write,,"MOVWF FSR2H, A",0x00234A
0x002CD8,0xFDE,POSTINC2,read,,"MOVF POSTINC2, W, A",0x00234A
0x002CDC,0xFDE,POSTINC2,read,,"MOVF POSTINC2, W, A",0x00234A
0x002CE0,0xFDE,POSTINC2,read,,"MOVF POSTINC2, W, A",0x00234A
0x002CEA,0xFDE,POSTINC2,read,,"MOVF POSTINC2, W, A",0x00234A
0x002CF8,0xFF3,PRODL,read,,"MOVFF PRODL, ram_085",0x00234A
0x002CFC,0xFF4,PRODH,read,,"MOVFF PRODH, ram_086",0x00234A
0x002D00,0xFD8,STATUS,read_write,0,"BCF STATUS, 0, A",0x00234A
0x002D06,0xFD8,STATUS,read_write,0,"BCF STATUS, 0, A",0x00234A
0x002D10,0xFD9,FSR2L,write,,"MOVWF FSR2L, A",0x00234A
0x002D16,0xFDA,FSR2H,write,,"MOVWF FSR2H, A",0x00234A
0x002D18,0xFDE,POSTINC2,read,,"MOVFF POSTINC2, ram_087",0x00234A
0x002D1C,0xFDE,POSTINC2,read,,"MOVFF POSTINC2, ram_088",0x00234A
0x002D20,0xFDE,POSTINC2,read,,"MOVFF POSTINC2, ram_089",0x00234A
0x002D24,0xFDE,POSTINC2,read,,"MOVFF POSTINC2, ram_08A",0x00234A
0x002D44,0xFF3,PRODL,read,,"MOVFF PRODL, ram_08F",0x00234A
0x002D48,0xFF4,PRODH,read,,"MOVFF PRODH, ram_090",0x00234A
0x002D4C,0xFD8,STATUS,read_write,0,"BCF STATUS, 0, A",0x00234A
0x002D52,0xFD8,STATUS,read_write,0,"BCF STATUS, 0, A",0x00234A
0x002D5C,0xFD9,FSR2L,write,,"MOVWF FSR2L, A",0x00234A
0x002D62,0xFDA,FSR2H,write,,"MOVWF FSR2H, A",0x00234A
0x002D64,0xFDE,POSTINC2,read,,"MOVFF POSTINC2, ram_091",0x00234A
0x002D68,0xFDE,POSTINC2,read,,"MOVFF POSTINC2, ram_092",0x00234A
0x002D6C,0xFDE,POSTINC2,read,,"MOVFF POSTINC2, ram_093",0x00234A
0x002D70,0xFDE,POSTINC2,read,,"MOVFF POSTINC2, ram_094",0x00234A
0x002D74,0xFD8,STATUS,read_write,0,"BCF STATUS, 0, A",0x00234A
0x002DA4,0xFF3,PRODL,read,,"MOVFF PRODL, ram_085",0x00234A
0x002DA8,0xFF4,PRODH,read,,"MOVFF PRODH, ram_086",0x00234A
0x002DAC,0xFD8,STATUS,read_write,0,"BCF STATUS, 0, A",0x00234A
0x002DB2,0xFD8,STATUS,read_write,0,"BCF STATUS, 0, A",0x00234A
0x002DBC,0xFD9,FSR2L,write,,"MOVWF FSR2L, A",0x00234A
0x002DC2,0xFDA,FSR2H,write,,"MOVWF FSR2H, A",0x00234A
0x002DC6,0xFDE,POSTINC2,read,,"SUBWF POSTINC2, W, A",0x00234A
0x002DCA,0xFDE,POSTINC2,read,,"SUBWFB POSTINC2, W, A",0x00234A
0x002DCE,0xFDE,POSTINC2,read,,"SUBWFB POSTINC2, W, A",0x00234A
0x002DD0,0xFDE,POSTINC2,read,,"MOVF POSTINC2, W, A",0x00234A
0x002DFC,0xFF3,PRODL,read,,"MOVFF PRODL, ram_085",0x00234A
0x002E00,0xFF4,PRODH,read,,"MOVFF PRODH, ram_086",0x00234A
0x002E04,0xFD8,STATUS,read_write,0,"BCF STATUS, 0, A",0x00234A
0x002E0A,0xFD8,STATUS,read_write,0,"BCF STATUS, 0, A",0x00234A
0x002E14,0xFD9,FSR2L,write,,"MOVWF FSR2L, A",0x00234A
0x002E1A,0xFDA,FSR2H,write,,"MOVWF FSR2H, A",0x00234A
0x002E1C,0xFDE,POSTINC2,write,,"MOVFF ram_0B4, POSTINC2",0x00234A
0x002E20,0xFDE,POSTINC2,write,,"MOVFF ram_0B5, POSTINC2",0x00234A
0x002E24,0xFDE,POSTINC2,write,,"MOVFF ram_0B6, POSTINC2",0x00234A
0x002E28,0xFDE,POSTINC2,write,,"MOVFF ram_0B7, POSTINC2",0x00234A
0x002E30,0xFF3,PRODL,read,,"MOVFF PRODL, ram_085",0x00234A
0x002E34,0xFF4,PRODH,read,,"MOVFF PRODH, ram_086",0x00234A
0x002E38,0xFD8,STATUS,read_write,0,"BCF STATUS, 0, A",0x00234A
0x002E3E,0xFD8,STATUS,read_write,0,"BCF STATUS, 0, A",0x00234A
0x002E48,0xFD9,FSR2L,write,,"MOVWF FSR2L, A",0x00234A
0x002E4E,0xFDA,FSR2H,write,,"MOVWF FSR2H, A",0x00234A
0x002E52,0xFDE,POSTINC2,write,,"MOVWF POSTINC2, A",0x00234A
0x002E54,0xFDE,POSTINC2,write,,"CLRF POSTINC2, A",0x00234A
0x002E56,0xFDE,POSTINC2,write,,"CLRF POSTINC2, A",0x00234A
0x002E58,0xFDD,POSTDEC2,write,,"CLRF POSTDEC2, A",0x00234A
0x002E5E,0xFF3,PRODL,read,,"MOVFF PRODL, ram_085",0x00234A
0x002E62,0xFF4,PRODH,read,,"MOVFF PRODH, ram_086",0x00234A
0x002E66,0xFD8,STATUS,read_write,0,"BCF STATUS, 0, A",0x00234A
0x002E6C,0xFD8,STATUS,read_write,0,"BCF STATUS, 0, A",0x00234A
0x002E76,0xFD9,FSR2L,write,,"MOVWF FSR2L, A",0x00234A
0x002E7C,0xFDA,FSR2H,write,,"MOVWF FSR2H, A",0x00234A
0x002E84,0xFF3,PRODL,read,,"ADDWF PRODL, W, A",0x00234A
0x002E86,0xFE1,FSR1L,write,,"MOVWF FSR1L, A",0x00234A
0x002E8A,0xFF4,PRODH,read,,"ADDWFC PRODH, W, A",0x00234A
0x002E94,0xFF3,PRODL,read,,"ADDWF PRODL, W, A",0x00234A
0x002E96,0xFD9,FSR2L,write,,"MOVWF FSR2L, A",0x00234A
0x002E9A,0xFF4,PRODH,read,,"ADDWFC PRODH, W, A",0x00234A
0x002E9C,0xFDA,FSR2H,write,,"MOVWF FSR2H, A",0x00234A
0x002E9E,0xFDE,POSTINC2,read,,"MOVFF POSTINC2, ram_085",0x00234A
0x002EA2,0xFDE,POSTINC2,read,,"MOVFF POSTINC2, ram_086",0x00234A
0x002EA6,0xFDE,POSTINC2,read,,"MOVFF POSTINC2, ram_087",0x00234A
0x002EAA,0xFDE,POSTINC2,read,,"MOVFF POSTINC2, ram_088",0x00234A
0x002EAE,0xFD8,STATUS,read_write,0,"BCF STATUS, 0, A",0x00234A
0x002EC4,0xFF3,PRODL,read,,"MOVFF PRODL, ram_08D",0x00234A
0x002EC8,0xFF4,PRODH,read,,"MOVFF PRODH, ram_08E",0x00234A
0x002ECC,0xFD8,STATUS,read_write,0,"BCF STATUS, 0, A",0x00234A
0x002ED2,0xFD8,STATUS,read_write,0,"BCF STATUS, 0, A",0x00234A
0x002EDC,0xFD9,FSR2L,write,,"MOVWF FSR2L, A",0x00234A
0x002EE2,0xFDA,FSR2H,write,,"MOVWF FSR2H, A",0x00234A
0x002EE4,0xFDE,POSTINC2,read,,"MOVFF POSTINC2, ram_08F",0x00234A
0x002EE8,0xFDE,POSTINC2,read,,"MOVFF POSTINC2, ram_090",0x00234A
0x002EEC,0xFDE,POSTINC2,read,,"MOVFF POSTINC2, ram_091",0x00234A
0x002EF0,0xFDE,POSTINC2,read,,"MOVFF POSTINC2, ram_092",0x00234A
0x002F2C,0xFF3,PRODL,read,,"ADDWF PRODL, W, A",0x00234A
0x002F2E,0xFD9,FSR2L,write,,"MOVWF FSR2L, A",0x00234A
0x002F32,0xFF4,PRODH,read,,"ADDWFC PRODH, W, A",0x00234A
0x002F34,0xFDA,FSR2H,write,,"MOVWF FSR2H, A",0x00234A
0x002F3A,0xFF3,PRODL,read,,"MOVFF PRODL, ram_085",0x00234A
0x002F3E,0xFF4,PRODH,read,,"MOVFF PRODH, ram_086",0x00234A
0x002F42,0xFD8,STATUS,read_write,0,"BCF STATUS, 0, A",0x00234A
0x002F48,0xFD8,STATUS,read_write,0,"BCF STATUS, 0, A",0x00234A
0x002F52,0xFE1,FSR1L,write,,"MOVWF FSR1L, A",0x00234A
0x002F58,0xFE2,FSR1H,write,,"MOVWF FSR1H, A",0x00234A
0x002F5A,0xFDE,POSTINC2,read,,"MOVFF POSTINC2, POSTINC1",0x00234A
0x002F5A,0xFE6,POSTINC1,write,,"MOVFF POSTINC2, POSTINC1",0x00234A
0x002F5E,0xFDE,POSTINC2,read,,"MOVFF POSTINC2, POSTINC1",0x00234A
0x002F5E,0xFE6,POSTINC1,write,,"MOVFF POSTINC2, POSTINC1",0x00234A
0x002F62,0xFDE,POSTINC2,read,,"MOVFF POSTINC2, POSTINC1",0x00234A
0x002F62,0xFE6,POSTINC1,write,,"MOVFF POSTINC2, POSTINC1",0x00234A
0x002F66,0xFDE,POSTINC2,read,,"MOVFF POSTINC2, POSTINC1",0x00234A
0x002F66,0xFE6,POSTINC1,write,,"MOVFF POSTINC2, POSTINC1",0x00234A
0x002F70,0xFF3,PRODL,read,,"MOVFF PRODL, ram_085",0x00234A
0x002F74,0xFF4,PRODH,read,,"MOVFF PRODH, ram_086",0x00234A
0x002F78,0xFD8,STATUS,read_write,0,"BCF STATUS, 0, A",0x00234A
0x002F7E,0xFD8,STATUS,read_write,0,"BCF STATUS, 0, A",0x00234A
0x002F88,0xFD9,FSR2L,write,,"MOVWF FSR2L, A",0x00234A
0x002F8E,0xFDA,FSR2H,write,,"MOVWF FSR2H, A",0x00234A
0x002F90,0xFDE,POSTINC2,read,,"MOVFF POSTINC2, ram_087",0x00234A
0x002F94,0xFDE,POSTINC2,read,,"MOVFF POSTINC2, ram_088",0x00234A
0x002F98,0xFDE,POSTINC2,read,,"MOVFF POSTINC2, ram_089",0x00234A
0x002F9C,0xFDE,POSTINC2,read,,"MOVFF POSTINC2, ram_08A",0x00234A
0x002FA0,0xFD8,STATUS,read_write,0,"BCF STATUS, 0, A",0x00234A
0x002FDE,0xFF3,PRODL,read,,"MOVFF PRODL, ram_08F",0x00234A
0x002FE2,0xFF4,PRODH,read,,"MOVFF PRODH, ram_090",0x00234A
0x002FE6,0xFD8,STATUS,read_write,0,"BCF STATUS, 0, A",0x00234A
0x002FEC,0xFD8,STATUS,read_write,0,"BCF STATUS, 0, A",0x00234A
0x002FF6,0xFD9,FSR2L,write,,"MOVWF FSR2L, A",0x00234A
0x002FFC,0xFDA,FSR2H,write,,"MOVWF FSR2H, A",0x00234A
0x002FFE,0xFDE,POSTINC2,write,,"MOVFF ram_012, POSTINC2",0x00234A
0x003002,0xFDE,POSTINC2,write,,"MOVFF ram_013, POSTINC2",0x00234A
0x003006,0xFDE,POSTINC2,write,,"MOVFF ram_014, POSTINC2",0x00234A
0x00300A,0xFDE,POSTINC2,write,,"MOVFF ram_015, POSTINC2",0x00234A
0x003012,0xFF3,PRODL,read,,"MOVFF PRODL, ram_085",0x00234A
0x003016,0xFF4,PRODH,read,,"MOVFF PRODH, ram_086",0x00234A
0x00301A,0xFD8,STATUS,read_write,0,"BCF STATUS, 0, A",0x00234A
0x003020,0xFD8,STATUS,read_write,0,"BCF STATUS, 0, A",0x00234A
0x00302A,0xFD9,FSR2L,write,,"MOVWF FSR2L, A",0x00234A
0x003030,0xFDA,FSR2H,write,,"MOVWF FSR2H, A",0x00234A
0x003032,0xFDE,POSTINC2,read,,"MOVFF POSTINC2, ram_087",0x00234A
0x003036,0xFDE,POSTINC2,read,,"MOVFF POSTINC2, ram_088",0x00234A
0x00303A,0xFDE,POSTINC2,read,,"MOVFF POSTINC2, ram_089",0x00234A
0x00303E,0xFDE,POSTINC2,read,,"MOVFF POSTINC2, ram_08A",0x00234A
0x003046,0xFF3,PRODL,read,,"MOVFF PRODL, ram_08B",0x00234A
0x00304A,0xFF4,PRODH,read,,"MOVFF PRODH, ram_08C",0x00234A
0x003054,0xFF3,PRODL,read,,"MOVF PRODL, W, A",0x00234A
0x003058,0xFF4,PRODH,read,,"MOVF PRODH, W, A",0x00234A
0x003062,0xFF3,PRODL,read,,"MOVF PRODL, W, A",0x00234A
0x003066,0xFF4,PRODH,read,,"MOVF PRODH, W, A",0x00234A
0x003072,0xFF3,PRODL,read,,"MOVF PRODL, W, A",0x00234A
0x003076,0xFF4,PRODH,read,,"MOVF PRODH, W, A",0x00234A
0x00307E,0xFF3,PRODL,read,,"MOVF PRODL, W, A",0x00234A
0x003082,0xFF4,PRODH,read,,"MOVF PRODH, W, A",0x00234A
0x00308A,0xFF3,PRODL,read,,"MOVF PRODL, W, A",0x00234A
0x00308E,0xFF4,PRODH,read,,"MOVF PRODH, W, A",0x00234A
0x003096,0xFF3,PRODL,read,,"MOVF PRODL, W, A",0x00234A
0x00309E,0xFF3,PRODL,read,,"MOVF PRODL, W, A",0x00234A
0x0030A6,0xFF3,PRODL,read,,"MOVF PRODL, W, A",0x00234A
0x0030AE,0xFF3,PRODL,read,,"MOVF PRODL, W, A",0x00234A
0x0030BC,0xFF3,PRODL,read,,"MOVFF PRODL, ram_085",0x00234A
0x0030C0,0xFF4,PRODH,read,,"MOVFF PRODH, ram_086",0x00234A
0x0030C4,0xFD8,STATUS,read_write,0,"BCF STATUS, 0, A",0x00234A
0x0030CA,0xFD8,STATUS,read_write,0,"BCF STATUS, 0, A",0x00234A
0x0030D4,0xFD9,FSR2L,write,,"MOVWF FSR2L, A",0x00234A
0x0030DA,0xFDA,FSR2H,write,,"MOVWF FSR2H, A",0x00234A
0x0030DC,0xFDE,POSTINC2,read,,"MOVF POSTINC2, W, A",0x00234A
0x0030E0,0xFDE,POSTINC2,read,,"MOVF POSTINC2, W, A",0x00234A
0x0030E4,0xFDE,POSTINC2,read,,"MOVF POSTINC2, W, A",0x00234A
0x0030EE,0xFDE,POSTINC2,read,,"MOVF POSTINC2, W, A",0x00234A
0x0030FA,0xFF3,PRODL,read,,"MOVFF PRODL, ram_085",0x00234A
0x0030FE,0xFF4,PRODH,read,,"MOVFF PRODH, ram_086",0x00234A
0x003102,0xFD8,STATUS,read_write,0,"BCF STATUS, 0, A",0x00234A
0x003108,0xFD8,STATUS,read_write,0,"BCF STATUS, 0, A",0x00234A
0x003112,0xFD9,FSR2L,write,,"MOVWF FSR2L, A",0x00234A
0x003118,0xFDA,FSR2H,write,,"MOVWF FSR2H, A",0x00234A
0x00311A,0xFDE,POSTINC2,read,,"MOVFF POSTINC2, ram_087",0x00234A
0x00311E,0xFDE,POSTINC2,read,,"MOVFF POSTINC2, ram_088",0x00234A
0x003122,0xFDE,POSTINC2,read,,"MOVFF POSTINC2, ram_089",0x00234A
0x003126,0xFDE,POSTINC2,read,,"MOVFF POSTINC2, ram_08A",0x00234A
0x003146,0xFF3,PRODL,read,,"MOVFF PRODL, ram_08F",0x00234A
0x00314A,0xFF4,PRODH,read,,"MOVFF PRODH, ram_090",0x00234A
0x00314E,0xFD8,STATUS,read_write,0,"BCF STATUS, 0, A",0x00234A
0x003154,0xFD8,STATUS,read_write,0,"BCF STATUS, 0, A",0x00234A
0x00315E,0xFD9,FSR2L,write,,"MOVWF FSR2L, A",0x00234A
0x003164,0xFDA,FSR2H,write,,"MOVWF FSR2H, A",0x00234A
0x003166,0xFDE,POSTINC2,write,,"MOVFF ram_08B, POSTINC2",0x00234A
0x00316A,0xFDE,POSTINC2,write,,"MOVFF ram_08C, POSTINC2",0x00234A
0x00316E,0xFDE,POSTINC2,write,,"MOVFF ram_08D, POSTINC2",0x00234A
0x003172,0xFDE,POSTINC2,write,,"MOVFF ram_08E, POSTINC2",0x00234A
0x003180,0xFF3,PRODL,read,,"MOVFF PRODL, ram_085",0x00234A
0x003184,0xFF4,PRODH,read,,"MOVFF PRODH, ram_086",0x00234A
0x003188,0xFD8,STATUS,read_write,0,"BCF STATUS, 0, A",0x00234A
0x00318E,0xFD8,STATUS,read_write,0,"BCF STATUS, 0, A",0x00234A
0x003198,0xFD9,FSR2L,write,,"MOVWF FSR2L, A",0x00234A
0x00319E,0xFDA,FSR2H,write,,"MOVWF FSR2H, A",0x00234A
0x0031A0,0xFDE,POSTINC2,write,,"MOVFF ram_0B4, POSTINC2",0x00234A
0x0031A4,0xFDE,POSTINC2,write,,"MOVFF ram_0B5, POSTINC2",0x00234A
0x0031A8,0xFDE,POSTINC2,write,,"MOVFF ram_0B6, POSTINC2",0x00234A
0x0031AC,0xFDE,POSTINC2,write,,"MOVFF ram_0B7, POSTINC2",0x00234A
0x0031B4,0xFF3,PRODL,read,,"MOVFF PRODL, ram_085",0x00234A
0x0031B8,0xFF4,PRODH,read,,"MOVFF PRODH, ram_086",0x00234A
0x0031BC,0xFD8,STATUS,read_write,0,"BCF STATUS, 0, A",0x00234A
0x0031C2,0xFD8,STATUS,read_write,0,"BCF STATUS, 0, A",0x00234A
0x0031CC,0xFD9,FSR2L,write,,"MOVWF FSR2L, A",0x00234A
0x0031D2,0xFDA,FSR2H,write,,"MOVWF FSR2H, A",0x00234A
0x0031DA,0xFF3,PRODL,read,,"ADDWF PRODL, W, A",0x00234A
0x0031DC,0xFE1,FSR1L,write,,"MOVWF FSR1L, A",0x00234A
0x0031E0,0xFF4,PRODH,read,,"ADDWFC PRODH, W, A",0x00234A
0x0031E2,0xFE2,FSR1H,write,,"MOVWF FSR1H, A",0x00234A
0x0031E4,0xFDE,POSTINC2,read,,"MOVFF POSTINC2, POSTINC1",0x00234A
0x0031E4,0xFE6,POSTINC1,write,,"MOVFF POSTINC2, POSTINC1",0x00234A
0x0031E8,0xFDE,POSTINC2,read,,"MOVFF POSTINC2, POSTINC1",0x00234A
0x0031E8,0xFE6,POSTINC1,write,,"MOVFF POSTINC2, POSTINC1",0x00234A
0x0031EC,0xFDE,POSTINC2,read,,"MOVFF POSTINC2, POSTINC1",0x00234A
0x0031EC,0xFE6,POSTINC1,write,,"MOVFF POSTINC2, POSTINC1",0x00234A
0x0031F0,0xFDE,POSTINC2,read,,"MOVFF POSTINC2, POSTINC1",0x00234A
0x0031F0,0xFE6,POSTINC1,write,,"MOVFF POSTINC2, POSTINC1",0x00234A
0x0031FA,0xFF3,PRODL,read,,"ADDWF PRODL, W, A",0x00234A
0x0031FC,0xFD9,FSR2L,write,,"MOVWF FSR2L, A",0x00234A
0x003200,0xFF4,PRODH,read,,"ADDWFC PRODH, W, A",0x00234A
0x003202,0xFDA,FSR2H,write,,"MOVWF FSR2H, A",0x00234A
0x003204,0xFDE,POSTINC2,read,,"MOVF POSTINC2, W, A",0x00234A
0x003206,0xFDE,POSTINC2,read,,"IORWF POSTINC2, W, A",0x00234A
0x003210,0xFF3,PRODL,read,,"ADDWF PRODL, W, A",0x00234A
0x003212,0xFD9,FSR2L,write,,"MOVWF FSR2L, A",0x00234A
0x003216,0xFF4,PRODH,read,,"ADDWFC PRODH, W, A",0x00234A
0x003218,0xFDA,FSR2H,write,,"MOVWF FSR2H, A",0x00234A
0x00321A,0xFDE,POSTINC2,read,,"MOVF POSTINC2, W, A",0x00234A
0x00321C,0xFDE,POSTINC2,read,,"IORWF POSTINC2, W, A",0x00234A
0x00321E,0xFDE,POSTINC2,read,,"IORWF POSTINC2, W, A",0x00234A
0x003220,0xFDE,POSTINC2,read,,"IORWF POSTINC2, W, A",0x00234A
0x003232,0xFF3,PRODL,read,,"MOVFF PRODL, ram_085",0x00234A
0x003236,0xFF4,PRODH,read,,"MOVFF PRODH, ram_086",0x00234A
0x00323A,0xFD8,STATUS,read_write,0,"BCF STATUS, 0, A",0x00234A
0x003240,0xFD8,STATUS,read_write,0,"BCF STATUS, 0, A",0x00234A
0x00324A,0xFD9,FSR2L,write,,"MOVWF FSR2L, A",0x00234A
0x003250,0xFDA,FSR2H,write,,"MOVWF FSR2H, A",0x00234A
0x003252,0xFDE,POSTINC2,write,,"MOVFF ram_041, POSTINC2",0x00234A
0x003256,0xFDE,POSTINC2,write,,"MOVFF ram_042, POSTINC2",0x00234A
0x00325A,0xFDE,POSTINC2,write,,"MOVFF ram_043, POSTINC2",0x00234A
0x00325E,0xFDE,POSTINC2,write,,"MOVFF ram_044, POSTINC2",0x00234A
0x00326A,0xFF3,PRODL,read,,"MOVFF PRODL, ram_085",0x00234A
0x00326E,0xFF4,PRODH,read,,"MOVFF PRODH, ram_086",0x00234A
0x003272,0xFD8,STATUS,read_write,0,"BCF STATUS, 0, A",0x00234A
0x003278,0xFD8,STATUS,read_write,0,"BCF STATUS, 0, A",0x00234A
0x003282,0xFE1,FSR1L,write,,"MOVWF FSR1L, A",0x00234A
0x003288,0xFE2,FSR1H,write,,"MOVWF FSR1H, A",0x00234A
0x00328A,0xFDE,POSTINC2,read,,"MOVFF POSTINC2, POSTINC1",0x00234A
0x00328A,0xFE6,POSTINC1,write,,"MOVFF POSTINC2, POSTINC1",0x00234A
0x00328E,0xFDE,POSTINC2,read,,"MOVFF POSTINC2, POSTINC1",0x00234A
0x00328E,0xFE6,POSTINC1,write,,"MOVFF POSTINC2, POSTINC1",0x00234A
0x003292,0xFDE,POSTINC2,read,,"MOVFF POSTINC2, POSTINC1",0x00234A
0x003292,0xFE6,POSTINC1,write,,"MOVFF POSTINC2, POSTINC1",0x00234A
0x003296,0xFDE,POSTINC2,read,,"MOVFF POSTINC2, POSTINC1",0x00234A
0x003296,0xFE6,POSTINC1,write,,"MOVFF POSTINC2, POSTINC1",0x00234A
0x00329E,0xFF3,PRODL,read,,"MOVF PRODL, W, A",0x00234A
0x0032A2,0xFD9,FSR2L,write,,"MOVWF FSR2L, A",0x00234A
0x0032A4,0xFDA,FSR2H,write,,"CLRF FSR2H, A",0x00234A
0x0032A6,0xFDE,POSTINC2,read,,"MOVFF POSTINC2, ram_085",0x00234A
0x0032AA,0xFDD,POSTDEC2,read,,"MOVFF POSTDEC2, ram_086",0x00234A
0x0032AE,0xFD9,FSR2L,write,,"MOVFF ram_085, FSR2L",0x00234A
0x0032B2,0xFDA,FSR2H,write,,"MOVFF ram_086, FSR2H",0x00234A
0x0032B6,0xFDF,INDF2,read,,"MOVF INDF2, W, A",0x00234A
0x0032BE,0xFD9,FSR2L,write,,"MOVWF FSR2L, A",0x00234A
0x0032C0,0xFDA,FSR2H,write,,"CLRF FSR2H, A",0x00234A
0x0032C4,0xFDA,FSR2H,read_write,,"ADDWFC FSR2H, F, A",0x00234A
0x0032C6,0xFDF,INDF2,write,,"MOVFF ram_47E, INDF2",0x00234A
0x0032CE,0xFD9,FSR2L,write,,"MOVWF FSR2L, A",0x00234A
0x0032D0,0xFDA,FSR2H,write,,"CLRF FSR2H, A",0x00234A
0x0032D4,0xFDA,FSR2H,read_write,,"ADDWFC FSR2H, F, A",0x00234A
0x0032D6,0xFDF,INDF2,write,,"CLRF INDF2, A",0x00234A
0x0032DC,0xFD9,FSR2L,write,,"MOVWF FSR2L, A",0x00234A
0x0032DE,0xFDA,FSR2H,write,,"CLRF FSR2H, A",0x00234A
0x0032E2,0xFDA,FSR2H,read_write,,"ADDWFC FSR2H, F, A",0x00234A
0x0032E6,0xFDF,INDF2,write,,"MOVWF INDF2, A",0x00234A
0x0032FC,0xFD8,STATUS,read_write,0,"BCF STATUS, 0, A",0x00234A
0x003314,0xFF3,PRODL,read,,"MOVFF PRODL, ram_085",0x00234A
0x003318,0xFF4,PRODH,read,,"MOVFF PRODH, ram_086",0x00234A
0x00331C,0xFD8,STATUS,read_write,0,"BCF STATUS, 0, A",0x00234A
0x003322,0xFD8,STATUS,read_write,0,"BCF STATUS, 0, A",0x00234A
0x00332C,0xFD9,FSR2L,write,,"MOVWF FSR2L, A",0x00234A
0x003332,0xFDA,FSR2H,write,,"MOVWF FSR2H, A",0x00234A
0x003336,0xFDB,PLUSW2,read,7,"BTFSC PLUSW2, 7, A",0x00234A
0x00333A,0xFDB,PLUSW2,read,,"MOVF PLUSW2, W, A",0x00234A
0x003340,0xFDB,PLUSW2,read,,"MOVF PLUSW2, W, A",0x00234A
0x003346,0xFDB,PLUSW2,read,,"MOVF PLUSW2, W, A",0x00234A
0x00334C,0xFDE,POSTINC2,read,,"SUBWF POSTINC2, W, A",0x00234A
0x003354,0xFF3,PRODL,read,,"MOVFF PRODL, ram_085",0x00234A
0x003358,0xFF4,PRODH,read,,"MOVFF PRODH, ram_086",0x00234A
0x00335C,0xFD8,STATUS,read_write,0,"BCF STATUS, 0, A",0x00234A
0x003362,0xFD8,STATUS,read_write,0,"BCF STATUS, 0, A",0x00234A
0x00336C,0xFD9,FSR2L,write,,"MOVWF FSR2L, A",0x00234A
0x003372,0xFDA,FSR2H,write,,"MOVWF FSR2H, A",0x00234A
0x003376,0xFDE,POSTINC2,read,,"ADDWF POSTINC2, W, A",0x00234A
0x00337C,0xFDE,POSTINC2,read,,"ADDWFC POSTINC2, W, A",0x00234A
0x003382,0xFDE,POSTINC2,read,,"ADDWFC POSTINC2, W, A",0x00234A
0x003388,0xFDE,POSTINC2,read,,"ADDWFC POSTINC2, W, A",0x00234A
0x003392,0xFD9,FSR2L,write,,"MOVWF FSR2L, A",0x00234A
0x003394,0xFDA,FSR2H,write,,"CLRF FSR2H, A",0x00234A
0x003398,0xFDA,FSR2H,read_write,,"ADDWFC FSR2H, F, A",0x00234A
0x00339A,0xFDF,INDF2,read,,"MOVF INDF2, W, A",0x00234A
0x0033A2,0xFF3,PRODL,read,,"MOVFF PRODL, ram_085",0x00234A
0x0033A6,0xFF4,PRODH,read,,"MOVFF PRODH, ram_086",0x00234A
0x0033AA,0xFD8,STATUS,read_write,0,"BCF STATUS, 0, A",0x00234A
0x0033B0,0xFD8,STATUS,read_write,0,"BCF STATUS, 0, A",0x00234A
0x0033BA,0xFD9,FSR2L,write,,"MOVWF FSR2L, A",0x00234A
0x0033C0,0xFDA,FSR2H,write,,"MOVWF FSR2H, A",0x00234A
0x0033C4,0xFDE,POSTINC2,read,,"SUBWF POSTINC2, W, A",0x00234A
0x0033C8,0xFDE,POSTINC2,read,,"SUBWFB POSTINC2, W, A",0x00234A
0x0033CC,0xFDE,POSTINC2,read,,"SUBWFB POSTINC2, W, A",0x00234A
0x0033D0,0xFDE,POSTINC2,read,,"SUBWFB POSTINC2, W, A",0x00234A
0x0033D8,0xFD9,FSR2L,write,,"MOVWF FSR2L, A",0x00234A
0x0033DA,0xFDA,FSR2H,write,,"CLRF FSR2H, A",0x00234A
0x0033DE,0xFDA,FSR2H,read_write,,"ADDWFC FSR2H, F, A",0x00234A
0x0033E0,0xFDF,INDF2,write,,"CLRF INDF2, A",0x00234A
0x0033E8,0xFD9,FSR2L,write,,"MOVWF FSR2L, A",0x00234A
0x0033EA,0xFDA,FSR2H,write,,"CLRF FSR2H, A",0x00234A
0x0033EE,0xFDA,FSR2H,read_write,,"ADDWFC FSR2H, F, A",0x00234A
0x0033F2,0xFDF,INDF2,write,,"MOVWF INDF2, A",0x00234A
0x003424,0xFF3,PRODL,read,,"MOVFF PRODL, ram_0EA",0x00340A
0x00342E,0xFF3,PRODL,read,,"ADDWF PRODL, W, A",0x00340A
0x003430,0xFD9,FSR2L,write,,"MOVWF FSR2L, A",0x00340A
0x003434,0xFF4,PRODH,read,,"ADDWFC PRODH, W, A",0x00340A
0x003436,0xFDA,FSR2H,write,,"MOVWF FSR2H, A",0x00340A
0x00343A,0xFDB,PLUSW2,read,7,"BTFSC PLUSW2, 7, A",0x00340A
0x00343E,0xFDB,PLUSW2,read,,"MOVF PLUSW2, W, A",0x00340A
0x003442,0xFDE,POSTINC2,read,,"INCF POSTINC2, W, A",0x00340A
0x003446,0xFDE,POSTINC2,read,,"SUBWFB POSTINC2, W, A",0x00340A
0x00344A,0xFDE,POSTINC2,read,,"SUBWFB POSTINC2, W, A",0x00340A
0x00344C,0xFD8,STATUS,read,0,"BTFSC STATUS, 0, A",0x00340A
0x003454,0xFD9,FSR2L,write,,"MOVWF FSR2L, A",0x00340A
0x003456,0xFDA,FSR2H,write,,"CLRF FSR2H, A",0x00340A
0x00345A,0xFDA,FSR2H,read_write,,"ADDWFC FSR2H, F, A",0x00340A
0x00345C,0xFDE,POSTINC2,read,,"DECF POSTINC2, W, A",0x00340A
0x003468,0xFF3,PRODL,read,,"ADDWF PRODL, W, A",0x00340A
0x00346A,0xFD9,FSR2L,write,,"MOVWF FSR2L, A",0x00340A
0x00346E,0xFF4,PRODH,read,,"ADDWFC PRODH, W, A",0x00340A
0x003470,0xFDA,FSR2H,write,,"MOVWF FSR2H, A",0x00340A
0x003478,0xFD8,STATUS,read_write,0,"BCF STATUS, 0, A",0x00340A
0x00347E,0xFD8,STATUS,read_write,0,"BCF STATUS, 0, A",0x00340A
0x003488,0xFE1,FSR1L,write,,"MOVWF FSR1L, A",0x00340A
0x00348E,0xFE2,FSR1H,write,,"MOVWF FSR1H, A",0x00340A
0x003490,0xFE6,POSTINC1,read,,"MOVFF POSTINC1, ram_0E1",0x00340A
0x003494,0xFE6,POSTINC1,read,,"MOVFF POSTINC1, ram_0E2",0x00340A
0x003498,0xFE6,POSTINC1,read,,"MOVFF POSTINC1, ram_0E3",0x00340A
0x00349C,0xFE6,POSTINC1,read,,"MOVFF POSTINC1, ram_0E4",0x00340A
0x0034A4,0xFF3,PRODL,read,,"MOVFF PRODL, ram_0E5",0x00340A
0x0034A8,0xFF4,PRODH,read,,"MOVFF PRODH, ram_0E6",0x00340A
0x0034B2,0xFF3,PRODL,read,,"MOVF PRODL, W, A",0x00340A
0x0034B6,0xFF4,PRODH,read,,"MOVF PRODH, W, A",0x00340A
0x0034C0,0xFF3,PRODL,read,,"MOVF PRODL, W, A",0x00340A
0x0034C4,0xFF4,PRODH,read,,"MOVF PRODH, W, A",0x00340A
0x0034D0,0xFF3,PRODL,read,,"MOVF PRODL, W, A",0x00340A
0x0034D4,0xFF4,PRODH,read,,"MOVF PRODH, W, A",0x00340A
0x0034DC,0xFF3,PRODL,read,,"MOVF PRODL, W, A",0x00340A
0x0034E0,0xFF4,PRODH,read,,"MOVF PRODH, W, A",0x00340A
0x0034E8,0xFF3,PRODL,read,,"MOVF PRODL, W, A",0x00340A
0x0034EC,0xFF4,PRODH,read,,"MOVF PRODH, W, A",0x00340A
0x0034F4,0xFF3,PRODL,read,,"MOVF PRODL, W, A",0x00340A
0x0034FC,0xFF3,PRODL,read,,"MOVF PRODL, W, A",0x00340A
0x003504,0xFF3,PRODL,read,,"MOVF PRODL, W, A",0x00340A
0x00350C,0xFF3,PRODL,read,,"MOVF PRODL, W, A",0x00340A
0x003510,0xFDE,POSTINC2,read,,"MOVF POSTINC2, W, A",0x00340A
0x003514,0xFDE,POSTINC2,read,,"MOVF POSTINC2, W, A",0x00340A
0x003518,0xFDE,POSTINC2,read,,"MOVF POSTINC2, W, A",0x00340A
0x003522,0xFDE,POSTINC2,read,,"MOVF POSTINC2, W, A",0x00340A
0x003530,0xFF3,PRODL,read,,"ADDWF PRODL, W, A",0x00340A
0x003532,0xFD9,FSR2L,write,,"MOVWF FSR2L, A",0x00340A
0x003536,0xFF4,PRODH,read,,"ADDWFC PRODH, W, A",0x00340A
0x003538,0xFDA,FSR2H,write,,"MOVWF FSR2H, A",0x00340A
0x00353C,0xFDB,PLUSW2,read,7,"BTFSC PLUSW2, 7, A",0x00340A
0x003540,0xFDB,PLUSW2,read,,"MOVF PLUSW2, W, A",0x00340A
0x003546,0xFDB,PLUSW2,read,,"MOVF PLUSW2, W, A",0x00340A
0x00354C,0xFDE,POSTINC2,read,,"SUBWF POSTINC2, W, A",0x00340A
0x003550,0xFDE,POSTINC2,read,,"SUBWFB POSTINC2, W, A",0x00340A
0x003558,0xFD9,FSR2L,write,,"MOVWF FSR2L, A",0x00340A
0x00355A,0xFDA,FSR2H,write,,"CLRF FSR2H, A",0x00340A
0x00355E,0xFDA,FSR2H,read_write,,"ADDWFC FSR2H, F, A",0x00340A
0x003560,0xFDF,INDF2,write,,"CLRF INDF2, A",0x00340A
0x003568,0xFF3,PRODL,read,,"ADDWF PRODL, W, A",0x00340A
0x00356A,0xFD9,FSR2L,write,,"MOVWF FSR2L, A",0x00340A
0x00356E,0xFF4,PRODH,read,,"ADDWFC PRODH, W, A",0x00340A
0x003570,0xFDA,FSR2H,write,,"MOVWF FSR2H, A",0x00340A
0x003572,0xFDE,POSTINC2,write,,"CLRF POSTINC2, A",0x00340A
0x003574,0xFDE,POSTINC2,write,,"CLRF POSTINC2, A",0x00340A
0x003576,0xFDE,POSTINC2,write,,"CLRF POSTINC2, A",0x00340A
0x003578,0xFDD,POSTDEC2,write,,"CLRF POSTDEC2, A",0x00340A
0x00357E,0xFD9,FSR2L,write,,"MOVWF FSR2L, A",0x00340A
0x003580,0xFDA,FSR2H,write,,"CLRF FSR2H, A",0x00340A
0x003584,0xFDA,FSR2H,read_write,,"ADDWFC FSR2H, F, A",0x00340A
0x003588,0xFDF,INDF2,write,,"MOVWF INDF2, A",0x00340A
0x00359C,0xFF3,PRODL,read,,"ADDWF PRODL, W, A",0x00340A
0x00359E,0xFD9,FSR2L,write,,"MOVWF FSR2L, A",0x00340A
0x0035A2,0xFF4,PRODH,read,,"ADDWFC PRODH, W, A",0x00340A
0x0035A4,0xFDA,FSR2H,write,,"MOVWF FSR2H, A",0x00340A
0x0035A6,0xFDE,POSTINC2,write,,"CLRF POSTINC2, A",0x00340A
0x0035A8,0xFDE,POSTINC2,write,,"CLRF POSTINC2, A",0x00340A
0x0035AA,0xFDE,POSTINC2,write,,"CLRF POSTINC2, A",0x00340A
0x0035AC,0xFDD,POSTDEC2,write,,"CLRF POSTDEC2, A",0x00340A
0x0035B2,0xFD9,FSR2L,write,,"MOVWF FSR2L, A",0x00340A
0x0035B4,0xFDA,FSR2H,write,,"CLRF FSR2H, A",0x00340A
0x0035B8,0xFDA,FSR2H,read_write,,"ADDWFC FSR2H, F, A",0x00340A
0x0035BA,0xFDF,INDF2,write,,"CLRF INDF2, A",0x00340A
0x0035C2,0xFF3,PRODL,read,,"ADDWF PRODL, W, A",0x00340A
0x0035C4,0xFD9,FSR2L,write,,"MOVWF FSR2L, A",0x00340A
0x0035C8,0xFF4,PRODH,read,,"ADDWFC PRODH, W, A",0x00340A
0x0035CA,0xFDA,FSR2H,write,,"MOVWF FSR2H, A",0x00340A
0x0035CC,0xFDE,POSTINC2,write,,"CLRF POSTINC2, A",0x00340A
0x0035CE,0xFDE,POSTINC2,write,,"CLRF POSTINC2, A",0x00340A
0x0035D0,0xFDE,POSTINC2,write,,"CLRF POSTINC2, A",0x00340A
0x0035D2,0xFDD,POSTDEC2,write,,"CLRF POSTDEC2, A",0x00340A
0x0035D8,0xFD9,FSR2L,write,,"MOVWF FSR2L, A",0x00340A
0x0035DA,0xFDA,FSR2H,write,,"CLRF FSR2H, A",0x00340A
0x0035DE,0xFDA,FSR2H,read_write,,"ADDWFC FSR2H, F, A",0x00340A
0x0035E0,0xFDF,INDF2,write,,"CLRF INDF2, A",0x00340A
0x0035EA,0xFF3,PRODL,read,,"ADDWF PRODL, W, A",0x00340A
0x0035EC,0xFD9,FSR2L,write,,"MOVWF FSR2L, A",0x00340A
0x0035F0,0xFF4,PRODH,read,,"ADDWFC PRODH, W, A",0x00340A
0x0035F2,0xFDA,FSR2H,write,,"MOVWF FSR2H, A",0x00340A
0x0035F6,0xFDB,PLUSW2,read,7,"BTFSC PLUSW2, 7, A",0x00340A
0x0035FA,0xFDB,PLUSW2,read,,"MOVF PLUSW2, W, A",0x00340A
0x003600,0xFDB,PLUSW2,read,,"MOVF PLUSW2, W, A",0x00340A
0x003606,0xFDE,POSTINC2,read,,"SUBWF POSTINC2, W, A",0x00340A
0x00360A,0xFDE,POSTINC2,read,,"SUBWFB POSTINC2, W, A",0x00340A
0x003614,0xFF3,PRODL,read,,"ADDWF PRODL, W, A",0x00340A
0x003616,0xFD9,FSR2L,write,,"MOVWF FSR2L, A",0x00340A
0x00361A,0xFF4,PRODH,read,,"ADDWFC PRODH, W, A",0x00340A
0x00361C,0xFDA,FSR2H,write,,"MOVWF FSR2H, A",0x00340A
0x00361E,0xFDE,POSTINC2,write,,"CLRF POSTINC2, A",0x00340A
0x003620,0xFDE,POSTINC2,write,,"CLRF POSTINC2, A",0x00340A
0x003622,0xFDE,POSTINC2,write,,"CLRF POSTINC2, A",0x00340A
0x003624,0xFDD,POSTDEC2,write,,"CLRF POSTDEC2, A",0x00340A
0x00362C,0xFF3,PRODL,read,,"ADDWF PRODL, W, A",0x00340A
0x00362E,0xFD9,FSR2L,write,,"MOVWF FSR2L, A",0x00340A
0x003632,0xFF4,PRODH,read,,"ADDWFC PRODH, W, A",0x00340A
0x003634,0xFDA,FSR2H,write,,"MOVWF FSR2H, A",0x00340A
0x003636,0xFDE,POSTINC2,read,,"MOVF POSTINC2, W, A",0x00340A
0x003638,0xFDE,POSTINC2,read,,"IORWF POSTINC2, W, A",0x00340A
0x00363A,0xFDE,POSTINC2,read,,"IORWF POSTINC2, W, A",0x00340A
0x00363C,0xFDE,POSTINC2,read,,"IORWF POSTINC2, W, A",0x00340A
0x003648,0xFF3,PRODL,read,,"ADDWF PRODL, W, A",0x00340A
0x00364A,0xFD9,FSR2L,write,,"MOVWF FSR2L, A",0x00340A
0x00364E,0xFF4,PRODH,read,,"ADDWFC PRODH, W, A",0x00340A
0x003650,0xFDA,FSR2H,write,,"MOVWF FSR2H, A",0x00340A
0x003658,0xFF3,PRODL,read,,"ADDWF PRODL, W, A",0x00340A
0x00365A,0xFE1,FSR1L,write,,"MOVWF FSR1L, A",0x00340A
0x00365E,0xFF4,PRODH,read,,"ADDWFC PRODH, W, A",0x00340A
0x003660,0xFE2,FSR1H,write,,"MOVWF FSR1H, A",0x00340A
0x003662,0xFDE,POSTINC2,read,,"MOVF POSTINC2, W, A",0x00340A
0x003664,0xFE6,POSTINC1,read,,"SUBWF POSTINC1, W, A",0x00340A
0x003666,0xFDE,POSTINC2,read,,"MOVF POSTINC2, W, A",0x00340A
0x003668,0xFE6,POSTINC1,read,,"SUBWFB POSTINC1, W, A",0x00340A
0x00366A,0xFDE,POSTINC2,read,,"MOVF POSTINC2, W, A",0x00340A
0x00366C,0xFE6,POSTINC1,read,,"SUBWFB POSTINC1, W, A",0x00340A
0x00366E,0xFE6,POSTINC1,read,,"MOVF POSTINC1, W, A",0x00340A
0x003674,0xFDE,POSTINC2,read,,"MOVF POSTINC2, W, A",0x00340A
0x003682,0xFF3,PRODL,read,,"ADDWF PRODL, W, A",0x00340A
0x003684,0xFD9,FSR2L,write,,"MOVWF FSR2L, A",0x00340A
0x003688,0xFF4,PRODH,read,,"ADDWFC PRODH, W, A",0x00340A
0x00368A,0xFDA,FSR2H,write,,"MOVWF FSR2H, A",0x00340A
0x00368C,0xFDE,POSTINC2,read,,"MOVFF POSTINC2, ram_0DB",0x00340A
0x003690,0xFDE,POSTINC2,read,,"MOVFF POSTINC2, ram_0DC",0x00340A
0x003694,0xFDE,POSTINC2,read,,"MOVFF POSTINC2, ram_0DD",0x00340A
0x003698,0xFDE,POSTINC2,read,,"MOVFF POSTINC2, ram_0DE",0x00340A
0x0036A2,0xFF3,PRODL,read,,"ADDWF PRODL, W, A",0x00340A
0x0036A4,0xFD9,FSR2L,write,,"MOVWF FSR2L, A",0x00340A
0x0036A8,0xFF4,PRODH,read,,"ADDWFC PRODH, W, A",0x00340A
0x0036AA,0xFDA,FSR2H,write,,"MOVWF FSR2H, A",0x00340A
0x0036AE,0xFDE,POSTINC2,read_write,,"SUBWF POSTINC2, F, A",0x00340A
0x0036B2,0xFDE,POSTINC2,read_write,,"SUBWFB POSTINC2, F, A",0x00340A
0x0036B6,0xFDE,POSTINC2,read_write,,"SUBWFB POSTINC2, F, A",0x00340A
0x0036BA,0xFDE,POSTINC2,read_write,,"SUBWFB POSTINC2, F, A",0x00340A
0x0036CE,0xFF3,PRODL,read,,"ADDWF PRODL, W, A",0x00340A
0x0036D0,0xFD9,FSR2L,write,,"MOVWF FSR2L, A",0x00340A
0x0036D4,0xFF4,PRODH,read,,"ADDWFC PRODH, W, A",0x00340A
0x0036D6,0xFDA,FSR2H,write,,"MOVWF FSR2H, A",0x00340A
0x0036D8,0xFDE,POSTINC2,read,,"MOVFF POSTINC2, ram_586",0x00340A
0x0036DC,0xFDE,POSTINC2,read,,"MOVFF POSTINC2, ram_587",0x00340A
0x0036E0,0xFDE,POSTINC2,read,,"MOVFF POSTINC2, ram_588",0x00340A
0x0036E4,0xFDE,POSTINC2,read,,"MOVFF POSTINC2, ram_589",0x00340A
0x003708,0xFD9,FSR2L,write,,"MOVWF FSR2L, A",0x00340A
0x00370A,0xFDA,FSR2H,write,,"CLRF FSR2H, A",0x00340A
0x00370E,0xFDA,FSR2H,read_write,,"ADDWFC FSR2H, F, A",0x00340A
0x003712,0xFDF,INDF2,write,,"MOVWF INDF2, A",0x00340A
0x00371A,0xFF3,PRODL,read,,"ADDWF PRODL, W, A",0x00340A
0x00371C,0xFD9,FSR2L,write,,"MOVWF FSR2L, A",0x00340A
0x003720,0xFF4,PRODH,read,,"ADDWFC PRODH, W, A",0x00340A
0x003722,0xFDA,FSR2H,write,,"MOVWF FSR2H, A",0x00340A
0x003724,0xFDE,POSTINC2,read,,"MOVFF POSTINC2, ram_012",0x00340A
0x003728,0xFDE,POSTINC2,read,,"MOVFF POSTINC2, ram_013",0x00340A
0x00372C,0xFDE,POSTINC2,read,,"MOVFF POSTINC2, ram_014",0x00340A
0x003730,0xFDE,POSTINC2,read,,"MOVFF POSTINC2, ram_015",0x00340A
0x00375A,0xFF3,PRODL,read,,"ADDWF PRODL, W, A",0x00340A
0x00375C,0xFD9,FSR2L,write,,"MOVWF FSR2L, A",0x00340A
0x003760,0xFF4,PRODH,read,,"ADDWFC PRODH, W, A",0x00340A
0x003762,0xFDA,FSR2H,write,,"MOVWF FSR2H, A",0x00340A
0x003764,0xFDE,POSTINC2,write,,"CLRF POSTINC2, A",0x00340A
0x003766,0xFDE,POSTINC2,write,,"CLRF POSTINC2, A",0x00340A
0x003768,0xFDE,POSTINC2,write,,"CLRF POSTINC2, A",0x00340A
0x00376A,0xFDD,POSTDEC2,write,,"CLRF POSTDEC2, A",0x00340A
0x0037BE,0xFF3,PRODL,read,,"ADDWF PRODL, W, A",0x00340A
0x0037C0,0xFD9,FSR2L,write,,"MOVWF FSR2L, A",0x00340A
0x0037C4,0xFF4,PRODH,read,,"ADDWFC PRODH, W, A",0x00340A
0x0037C6,0xFDA,FSR2H,write,,"MOVWF FSR2H, A",0x00340A
0x0037C8,0xFDE,POSTINC2,write,,"MOVFF ram_020, POSTINC2",0x00340A
0x0037CC,0xFDD,POSTDEC2,write,,"MOVFF ram_021, POSTDEC2",0x00340A
0x0037D4,0xFD9,FSR2L,write,,"MOVWF FSR2L, A",0x00340A
0x0037D6,0xFDA,FSR2H,write,,"CLRF FSR2H, A",0x00340A
0x0037DA,0xFDA,FSR2H,read_write,,"ADDWFC FSR2H, F, A",0x00340A
0x0037DE,0xFDF,INDF2,write,,"MOVWF INDF2, A",0x00340A
0x0037E4,0xFD9,FSR2L,write,,"MOVWF FSR2L, A",0x00340A
0x0037E6,0xFDA,FSR2H,write,,"CLRF FSR2H, A",0x00340A
0x0037EA,0xFDA,FSR2H,read_write,,"ADDWFC FSR2H, F, A",0x00340A
0x0037EE,0xFDF,INDF2,write,,"MOVWF INDF2, A",0x00340A
0x0037F4,0xFD9,FSR2L,write,,"MOVWF FSR2L, A",0x00340A
0x0037F6,0xFDA,FSR2H,write,,"CLRF FSR2H, A",0x00340A
0x0037FA,0xFDA,FSR2H,read_write,,"ADDWFC FSR2H, F, A",0x00340A
0x0037FC,0xFDF,INDF2,read,,"MOVF INDF2, W, A",0x00340A
0x003804,0xFD9,FSR2L,write,,"MOVWF FSR2L, A",0x00340A
0x003806,0xFDA,FSR2H,write,,"CLRF FSR2H, A",0x00340A
0x00380A,0xFDA,FSR2H,read_write,,"ADDWFC FSR2H, F, A",0x00340A
0x00380C,0xFDF,INDF2,read,,"MOVF INDF2, W, A",0x00340A
0x003814,0xFD9,FSR2L,write,,"MOVWF FSR2L, A",0x00340A
0x003816,0xFDA,FSR2H,write,,"CLRF FSR2H, A",0x00340A
0x00381A,0xFDA,FSR2H,read_write,,"ADDWFC FSR2H, F, A",0x00340A
0x00381C,0xFDF,INDF2,write,,"CLRF INDF2, A",0x00340A
0x003824,0xFF3,PRODL,read,,"ADDWF PRODL, W, A",0x00340A
0x003826,0xFD9,FSR2L,write,,"MOVWF FSR2L, A",0x00340A
0x00382A,0xFF4,PRODH,read,,"ADDWFC PRODH, W, A",0x00340A
0x00382C,0xFDA,FSR2H,write,,"MOVWF FSR2H, A",0x00340A
0x003834,0xFF3,PRODL,read,,"ADDWF PRODL, W, A",0x00340A
0x003836,0xFE1,FSR1L,write,,"MOVWF FSR1L, A",0x00340A
0x00383A,0xFF4,PRODH,read,,"ADDWFC PRODH, W, A",0x00340A
0x00383C,0xFE2,FSR1H,write,,"MOVWF FSR1H, A",0x00340A
0x00383E,0xFDE,POSTINC2,read,,"MOVFF POSTINC2, POSTINC1",0x00340A
0x00383E,0xFE6,POSTINC1,write,,"MOVFF POSTINC2, POSTINC1",0x00340A
0x003842,0xFDE,POSTINC2,read,,"MOVFF POSTINC2, POSTINC1",0x00340A
0x003842,0xFE6,POSTINC1,write,,"MOVFF POSTINC2, POSTINC1",0x00340A
0x003846,0xFDE,POSTINC2,read,,"MOVFF POSTINC2, POSTINC1",0x00340A
0x003846,0xFE6,POSTINC1,write,,"MOVFF POSTINC2, POSTINC1",0x00340A
0x00384A,0xFDE,POSTINC2,read,,"MOVFF POSTINC2, POSTINC1",0x00340A
0x00384A,0xFE6,POSTINC1,write,,"MOVFF POSTINC2, POSTINC1",0x00340A
0x003852,0xFD9,FSR2L,write,,"MOVWF FSR2L, A",0x00340A
0x003854,0xFDA,FSR2H,write,,"CLRF FSR2H, A",0x00340A
0x003858,0xFDA,FSR2H,read_write,,"ADDWFC FSR2H, F, A",0x00340A
0x00385E,0xFE1,FSR1L,write,,"MOVWF FSR1L, A",0x00340A
0x003860,0xFE2,FSR1H,write,,"CLRF FSR1H, A",0x00340A
0x003864,0xFE2,FSR1H,read_write,,"ADDWFC FSR1H, F, A",0x00340A
0x003866,0xFDF,INDF2,read,,"MOVFF INDF2, INDF1",0x00340A
0x003866,0xFE7,INDF1,write,,"MOVFF INDF2, INDF1",0x00340A
0x003870,0xFD8,STATUS,read_write,0,"BCF STATUS, 0, A",0x00340A
0x003876,0xFD9,FSR2L,write,,"MOVWF FSR2L, A",0x00340A
0x00387A,0xFDA,FSR2H,write,,"MOVWF FSR2H, A",0x00340A
0x00387E,0xFD9,FSR2L,read_write,,"ADDWF FSR2L, F, A",0x00340A
0x003882,0xFDA,FSR2H,read_write,,"ADDWFC FSR2H, F, A",0x00340A
0x003884,0xFDE,POSTINC2,write,,"MOVFF ram_0F6, POSTINC2",0x00340A
0x003888,0xFDD,POSTDEC2,write,,"MOVFF ram_0F7, POSTDEC2",0x00340A
0x003894,0xFF3,PRODL,read,,"ADDWF PRODL, W, A",0x00340A
0x003896,0xFD9,FSR2L,write,,"MOVWF FSR2L, A",0x00340A
0x00389A,0xFF4,PRODH,read,,"ADDWFC PRODH, W, A",0x00340A
0x00389C,0xFDA,FSR2H,write,,"MOVWF FSR2H, A",0x00340A
0x00389E,0xFD8,STATUS,read_write,0,"BCF STATUS, 0, A",0x00340A
0x0038A4,0xFE1,FSR1L,write,,"MOVWF FSR1L, A",0x00340A
0x0038A8,0xFE2,FSR1H,write,,"MOVWF FSR1H, A",0x00340A
0x0038AC,0xFE1,FSR1L,read_write,,"ADDWF FSR1L, F, A",0x00340A
0x0038B0,0xFE2,FSR1H,read_write,,"ADDWFC FSR1H, F, A",0x00340A
0x0038B2,0xFDE,POSTINC2,read,,"MOVFF POSTINC2, POSTINC1",0x00340A
0x0038B2,0xFE6,POSTINC1,write,,"MOVFF POSTINC2, POSTINC1",0x00340A
0x0038B6,0xFDD,POSTDEC2,read,,"MOVFF POSTDEC2, POSTDEC1",0x00340A
0x0038B6,0xFE5,POSTDEC1,write,,"MOVFF POSTDEC2, POSTDEC1",0x00340A
0x0038C6,0xFD9,FSR2L,write,,"MOVWF FSR2L, A",0x00340A
0x0038C8,0xFDA,FSR2H,write,,"CLRF FSR2H, A",0x00340A
0x0038CC,0xFDA,FSR2H,read_write,,"ADDWFC FSR2H, F, A",0x00340A
0x0038CE,0xFDF,INDF2,write,,"CLRF INDF2, A",0x00340A
0x0038D4,0xFF3,PRODL,read,,"MOVFF PRODL, ram_0DB",0x00340A
0x0038D8,0xFF4,PRODH,read,,"MOVFF PRODH, ram_0DC",0x00340A
0x0038DC,0xFD8,STATUS,read_write,0,"BCF STATUS, 0, A",0x00340A
0x0038E2,0xFD8,STATUS,read_write,0,"BCF STATUS, 0, A",0x00340A
0x0038EC,0xFD9,FSR2L,write,,"MOVWF FSR2L, A",0x00340A
0x0038F2,0xFDA,FSR2H,write,,"MOVWF FSR2H, A",0x00340A
0x0038F4,0xFDE,POSTINC2,write,,"MOVFF ram_041, POSTINC2",0x00340A
0x0038F8,0xFDE,POSTINC2,write,,"MOVFF ram_042, POSTINC2",0x00340A
0x0038FC,0xFDE,POSTINC2,write,,"MOVFF ram_043, POSTINC2",0x00340A
0x003900,0xFDE,POSTINC2,write,,"MOVFF ram_044, POSTINC2",0x00340A
0x00390C,0xFF3,PRODL,read,,"MOVFF PRODL, ram_0DB",0x00340A
0x003910,0xFF4,PRODH,read,,"MOVFF PRODH, ram_0DC",0x00340A
0x003914,0xFD8,STATUS,read_write,0,"BCF STATUS, 0, A",0x00340A
0x00391A,0xFD8,STATUS,read_write,0,"BCF STATUS, 0, A",0x00340A
0x003924,0xFE1,FSR1L,write,,"MOVWF FSR1L, A",0x00340A
0x00392A,0xFE2,FSR1H,write,,"MOVWF FSR1H, A",0x00340A
0x00392C,0xFDE,POSTINC2,read,,"MOVFF POSTINC2, POSTINC1",0x00340A
0x00392C,0xFE6,POSTINC1,write,,"MOVFF POSTINC2, POSTINC1",0x00340A
0x003930,0xFDE,POSTINC2,read,,"MOVFF POSTINC2, POSTINC1",0x00340A
0x003930,0xFE6,POSTINC1,write,,"MOVFF POSTINC2, POSTINC1",0x00340A
0x003934,0xFDE,POSTINC2,read,,"MOVFF POSTINC2, POSTINC1",0x00340A
0x003934,0xFE6,POSTINC1,write,,"MOVFF POSTINC2, POSTINC1",0x00340A
0x003938,0xFDE,POSTINC2,read,,"MOVFF POSTINC2, POSTINC1",0x00340A
0x003938,0xFE6,POSTINC1,write,,"MOVFF POSTINC2, POSTINC1",0x00340A
0x003944,0xFF3,PRODL,read,,"MOVFF PRODL, ram_0DB",0x00340A
0x003948,0xFF4,PRODH,read,,"MOVFF PRODH, ram_0DC",0x00340A
0x00394C,0xFD8,STATUS,read_write,0,"BCF STATUS, 0, A",0x00340A
0x003952,0xFD8,STATUS,read_write,0,"BCF STATUS, 0, A",0x00340A
0x00395C,0xFE1,FSR1L,write,,"MOVWF FSR1L, A",0x00340A
0x003962,0xFE2,FSR1H,write,,"MOVWF FSR1H, A",0x00340A
0x003964,0xFDE,POSTINC2,read,,"MOVFF POSTINC2, POSTINC1",0x00340A
0x003964,0xFE6,POSTINC1,write,,"MOVFF POSTINC2, POSTINC1",0x00340A
0x003968,0xFDE,POSTINC2,read,,"MOVFF POSTINC2, POSTINC1",0x00340A
0x003968,0xFE6,POSTINC1,write,,"MOVFF POSTINC2, POSTINC1",0x00340A
0x00396C,0xFDE,POSTINC2,read,,"MOVFF POSTINC2, POSTINC1",0x00340A
0x00396C,0xFE6,POSTINC1,write,,"MOVFF POSTINC2, POSTINC1",0x00340A
0x003970,0xFDE,POSTINC2,read,,"MOVFF POSTINC2, POSTINC1",0x00340A
0x003970,0xFE6,POSTINC1,write,,"MOVFF POSTINC2, POSTINC1",0x00340A
0x00397A,0xFF3,PRODL,read,,"ADDWF PRODL, W, A",0x00340A
0x00397C,0xFD9,FSR2L,write,,"MOVWF FSR2L, A",0x00340A
0x003980,0xFF4,PRODH,read,,"ADDWFC PRODH, W, A",0x00340A
0x003982,0xFDA,FSR2H,write,,"MOVWF FSR2H, A",0x00340A
0x003984,0xFDE,POSTINC2,write,,"CLRF POSTINC2, A",0x00340A
0x003986,0xFDE,POSTINC2,write,,"CLRF POSTINC2, A",0x00340A
0x003988,0xFDE,POSTINC2,write,,"CLRF POSTINC2, A",0x00340A
0x00398A,0xFDD,POSTDEC2,write,,"CLRF POSTDEC2, A",0x00340A
0x003990,0xFD9,FSR2L,write,,"MOVWF FSR2L, A",0x00340A
0x003992,0xFDA,FSR2H,write,,"CLRF FSR2H, A",0x00340A
0x003996,0xFDA,FSR2H,read_write,,"ADDWFC FSR2H, F, A",0x00340A
0x003998,0xFDF,INDF2,write,,"CLRF INDF2, A",0x00340A
0x0039A0,0xFF3,PRODL,read,,"ADDWF PRODL, W, A",0x00340A
0x0039A2,0xFD9,FSR2L,write,,"MOVWF FSR2L, A",0x00340A
0x0039A6,0xFF4,PRODH,read,,"ADDWFC PRODH, W, A",0x00340A
0x0039A8,0xFDA,FSR2H,write,,"MOVWF FSR2H, A",0x00340A
0x0039AA,0xFDE,POSTINC2,write,,"CLRF POSTINC2, A",0x00340A
0x0039AC,0xFDD,POSTDEC2,write,,"CLRF POSTDEC2, A",0x00340A
0x0039BA,0xFD9,FSR2L,write,,"MOVWF FSR2L, A",0x00340A
0x0039BC,0xFDA,FSR2H,write,,"CLRF FSR2H, A",0x00340A
0x0039C0,0xFDA,FSR2H,read_write,,"ADDWFC FSR2H, F, A",0x00340A
0x0039C2,0xFDF,INDF2,read,,"MOVF INDF2, W, A",0x00340A
0x0039CC,0xFD9,FSR2L,write,,"MOVWF FSR2L, A",0x00340A
0x0039CE,0xFDA,FSR2H,write,,"CLRF FSR2H, A",0x00340A
0x0039D2,0xFDA,FSR2H,read_write,,"ADDWFC FSR2H, F, A",0x00340A
0x0039D4,0xFDF,INDF2,write,,"CLRF INDF2, A",0x00340A
0x0039DC,0xFF3,PRODL,read,,"ADDWF PRODL, W, A",0x00340A
0x0039DE,0xFD9,FSR2L,write,,"MOVWF FSR2L, A",0x00340A
0x0039E2,0xFF4,PRODH,read,,"ADDWFC PRODH, W, A",0x00340A
0x0039E4,0xFDA,FSR2H,write,,"MOVWF FSR2H, A",0x00340A
0x0039E6,0xFDE,POSTINC2,read,,"MOVFF POSTINC2, ram_01A",0x00340A
0x0039EA,0xFDD,POSTDEC2,read,,"MOVFF POSTDEC2, ram_01B",0x00340A
0x0039FA,0xFF3,PRODL,read,,"ADDWF PRODL, W, A",0x00340A
0x0039FC,0xFD9,FSR2L,write,,"MOVWF FSR2L, A",0x00340A
0x003A00,0xFF4,PRODH,read,,"ADDWFC PRODH, W, A",0x00340A
0x003A02,0xFDA,FSR2H,write,,"MOVWF FSR2H, A",0x00340A
0x003A04,0xFDE,POSTINC2,write,,"MOVFF ram_01A, POSTINC2",0x00340A
0x003A08,0xFDD,POSTDEC2,write,,"MOVFF ram_01B, POSTDEC2",0x00340A
0x003A1E,0xFF3,PRODL,read,,"ADDWF PRODL, W, A",0x00340A
0x003A20,0xFD9,FSR2L,write,,"MOVWF FSR2L, A",0x00340A
0x003A24,0xFF4,PRODH,read,,"ADDWFC PRODH, W, A",0x00340A
0x003A26,0xFDA,FSR2H,write,,"MOVWF FSR2H, A",0x00340A
0x003A28,0xFDE,POSTINC2,read,,"MOVFF POSTINC2, ram_060",0x00340A
0x003A2C,0xFDD,POSTDEC2,read,,"MOVFF POSTDEC2, ram_061",0x00340A
0x003A4A,0xFF3,PRODL,read,,"ADDWF PRODL, W, A",0x00340A
0x003A4C,0xFD9,FSR2L,write,,"MOVWF FSR2L, A",0x00340A
0x003A50,0xFF4,PRODH,read,,"ADDWFC PRODH, W, A",0x00340A
0x003A52,0xFDA,FSR2H,write,,"MOVWF FSR2H, A",0x00340A
0x003A54,0xFDE,POSTINC2,write,,"MOVFF ram_060, POSTINC2",0x00340A
0x003A58,0xFDE,POSTINC2,write,,"MOVFF ram_061, POSTINC2",0x00340A
0x003A5C,0xFDE,POSTINC2,write,,"MOVFF ram_062, POSTINC2",0x00340A
0x003A60,0xFDE,POSTINC2,write,,"MOVFF ram_063, POSTINC2",0x00340A
0x003A70,0xFF3,PRODL,read,,"ADDWF PRODL, W, A",0x00340A
0x003A72,0xFD9,FSR2L,write,,"MOVWF FSR2L, A",0x00340A
0x003A76,0xFF4,PRODH,read,,"ADDWFC PRODH, W, A",0x00340A
0x003A78,0xFDA,FSR2H,write,,"MOVWF FSR2H, A",0x00340A
0x003A7A,0xFD8,STATUS,read_write,0,"BCF STATUS, 0, A",0x00340A
0x003A80,0xFE1,FSR1L,write,,"MOVWF FSR1L, A",0x00340A
0x003A84,0xFE2,FSR1H,write,,"MOVWF FSR1H, A",0x00340A
0x003A88,0xFE1,FSR1L,read_write,,"ADDWF FSR1L, F, A",0x00340A
0x003A8C,0xFE2,FSR1H,read_write,,"ADDWFC FSR1H, F, A",0x00340A
0x003A8E,0xFDE,POSTINC2,read,,"MOVFF POSTINC2, POSTINC1",0x00340A
0x003A8E,0xFE6,POSTINC1,write,,"MOVFF POSTINC2, POSTINC1",0x00340A
0x003A92,0xFDD,POSTDEC2,read,,"MOVFF POSTDEC2, POSTDEC1",0x00340A
0x003A92,0xFE5,POSTDEC1,write,,"MOVFF POSTDEC2, POSTDEC1",0x00340A
0x003A9E,0xFF3,PRODL,read,,"ADDWF PRODL, W, A",0x00340A
0x003AA0,0xFD9,FSR2L,write,,"MOVWF FSR2L, A",0x00340A
0x003AA4,0xFF4,PRODH,read,,"ADDWFC PRODH, W, A",0x00340A
0x003AA6,0xFDA,FSR2H,write,,"MOVWF FSR2H, A",0x00340A
0x003AAC,0xFF3,PRODL,read,,"MOVFF PRODL, ram_0DB",0x00340A
0x003AB0,0xFF4,PRODH,read,,"MOVFF PRODH, ram_0DC",0x00340A
0x003AB4,0xFD8,STATUS,read_write,0,"BCF STATUS, 0, A",0x00340A
0x003ABA,0xFD8,STATUS,read_write,0,"BCF STATUS, 0, A",0x00340A
0x003AC4,0xFE1,FSR1L,write,,"MOVWF FSR1L, A",0x00340A
0x003ACA,0xFE2,FSR1H,write,,"MOVWF FSR1H, A",0x00340A
0x003ACC,0xFDE,POSTINC2,read,,"MOVFF POSTINC2, POSTINC1",0x00340A
0x003ACC,0xFE6,POSTINC1,write,,"MOVFF POSTINC2, POSTINC1",0x00340A
0x003AD0,0xFDE,POSTINC2,read,,"MOVFF POSTINC2, POSTINC1",0x00340A
0x003AD0,0xFE6,POSTINC1,write,,"MOVFF POSTINC2, POSTINC1",0x00340A
0x003AD4,0xFDE,POSTINC2,read,,"MOVFF POSTINC2, POSTINC1",0x00340A
0x003AD4,0xFE6,POSTINC1,write,,"MOVFF POSTINC2, POSTINC1",0x00340A
0x003AD8,0xFDD,POSTDEC2,read,,"MOVFF POSTDEC2, POSTDEC1",0x00340A
0x003AD8,0xFE5,POSTDEC1,write,,"MOVFF POSTDEC2, POSTDEC1",0x00340A
0x003ADC,0xFE5,POSTDEC1,read_write,,"MOVF POSTDEC1, F, A",0x00340A
0x003ADE,0xFE5,POSTDEC1,read_write,,"MOVF POSTDEC1, F, A",0x00340A
0x003AE4,0xFF3,PRODL,read,,"MOVFF PRODL, ram_0DD",0x00340A
0x003AE8,0xFF4,PRODH,read,,"MOVFF PRODH, ram_0DE",0x00340A
0x003AEC,0xFD8,STATUS,read_write,0,"BCF STATUS, 0, A",0x00340A
0x003AF2,0xFD8,STATUS,read_write,0,"BCF STATUS, 0, A",0x00340A
0x003AFC,0xFD9,FSR2L,write,,"MOVWF FSR2L, A",0x00340A
0x003B02,0xFDA,FSR2H,write,,"MOVWF FSR2H, A",0x00340A
0x003B04,0xFE6,POSTINC1,read,,"MOVFF POSTINC1, POSTINC2",0x00340A
0x003B04,0xFDE,POSTINC2,write,,"MOVFF POSTINC1, POSTINC2",0x00340A
0x003B08,0xFE6,POSTINC1,read,,"MOVFF POSTINC1, POSTINC2",0x00340A
0x003B08,0xFDE,POSTINC2,write,,"MOVFF POSTINC1, POSTINC2",0x00340A
0x003B0C,0xFE6,POSTINC1,read,,"MOVFF POSTINC1, POSTINC2",0x00340A
0x003B0C,0xFDE,POSTINC2,write,,"MOVFF POSTINC1, POSTINC2",0x00340A
0x003B10,0xFE5,POSTDEC1,read,,"MOVFF POSTDEC1, POSTDEC2",0x00340A
0x003B10,0xFDD,POSTDEC2,write,,"MOVFF POSTDEC1, POSTDEC2",0x00340A
0x003B14,0xFDD,POSTDEC2,read_write,,"MOVF POSTDEC2, F, A",0x00340A
0x003B16,0xFDD,POSTDEC2,read_write,,"MOVF POSTDEC2, F, A",0x00340A
0x003B1C,0xFF3,PRODL,read,,"MOVFF PRODL, ram_0DF",0x00340A
0x003B20,0xFF4,PRODH,read,,"MOVFF PRODH, ram_0E0",0x00340A
0x003B24,0xFD8,STATUS,read_write,0,"BCF STATUS, 0, A",0x00340A
0x003B2A,0xFD8,STATUS,read_write,0,"BCF STATUS, 0, A",0x00340A
0x003B34,0xFE1,FSR1L,write,,"MOVWF FSR1L, A",0x00340A
0x003B3A,0xFE2,FSR1H,write,,"MOVWF FSR1H, A",0x00340A
0x003B3C,0xFDE,POSTINC2,read,,"MOVFF POSTINC2, POSTINC1",0x00340A
0x003B3C,0xFE6,POSTINC1,write,,"MOVFF POSTINC2, POSTINC1",0x00340A
0x003B40,0xFDE,POSTINC2,read,,"MOVFF POSTINC2, POSTINC1",0x00340A
0x003B40,0xFE6,POSTINC1,write,,"MOVFF POSTINC2, POSTINC1",0x00340A
0x003B44,0xFDE,POSTINC2,read,,"MOVFF POSTINC2, POSTINC1",0x00340A
0x003B44,0xFE6,POSTINC1,write,,"MOVFF POSTINC2, POSTINC1",0x00340A
0x003B48,0xFDE,POSTINC2,read,,"MOVFF POSTINC2, POSTINC1",0x00340A
0x003B48,0xFE6,POSTINC1,write,,"MOVFF POSTINC2, POSTINC1",0x00340A
0x003B50,0xFD9,FSR2L,write,,"MOVWF FSR2L, A",0x00340A
0x003B52,0xFDA,FSR2H,write,,"CLRF FSR2H, A",0x00340A
0x003B56,0xFDA,FSR2H,read_write,,"ADDWFC FSR2H, F, A",0x00340A
0x003B58,0xFDF,INDF2,write,,"CLRF INDF2, A",0x00340A
0x003B5E,0xFD9,FSR2L,write,,"MOVWF FSR2L, A",0x00340A
0x003B60,0xFDA,FSR2H,write,,"CLRF FSR2H, A",0x00340A
0x003B64,0xFDA,FSR2H,read_write,,"ADDWFC FSR2H, F, A",0x00340A
0x003B68,0xFDF,INDF2,write,,"MOVWF INDF2, A",0x00340A
0x003B70,0xFF3,PRODL,read,,"ADDWF PRODL, W, A",0x00340A
0x003B72,0xFD9,FSR2L,write,,"MOVWF FSR2L, A",0x00340A
0x003B76,0xFF4,PRODH,read,,"ADDWFC PRODH, W, A",0x00340A
0x003B78,0xFDA,FSR2H,write,,"MOVWF FSR2H, A",0x00340A
0x003B7C,0xFDE,POSTINC2,read,,"SUBWF POSTINC2, W, A",0x00340A
0x003B80,0xFDE,POSTINC2,read,,"SUBWFB POSTINC2, W, A",0x00340A
0x003B84,0xFDE,POSTINC2,read,,"SUBWFB POSTINC2, W, A",0x00340A
0x003B86,0xFDE,POSTINC2,read,,"MOVF POSTINC2, W, A",0x00340A
0x003B9A,0xFF3,PRODL,read,,"ADDWF PRODL, W, A",0x00340A
0x003B9C,0xFD9,FSR2L,write,,"MOVWF FSR2L, A",0x00340A
0x003BA0,0xFF4,PRODH,read,,"ADDWFC PRODH, W, A",0x00340A
0x003BA2,0xFDA,FSR2H,write,,"MOVWF FSR2H, A",0x00340A
0x003BA4,0xFDE,POSTINC2,read,,"MOVFF POSTINC2, ram_0DB",0x00340A
0x003BA8,0xFDE,POSTINC2,read,,"MOVFF POSTINC2, ram_0DC",0x00340A
0x003BAC,0xFDE,POSTINC2,read,,"MOVFF POSTINC2, ram_0DD",0x00340A
0x003BB0,0xFDE,POSTINC2,read,,"MOVFF POSTINC2, ram_0DE",0x00340A
0x003BB4,0xFD8,STATUS,read_write,0,"BCF STATUS, 0, A",0x00340A
0x003BC6,0xFD8,STATUS,read_write,0,"BCF STATUS, 0, A",0x00340A
0x003BE6,0xFF3,PRODL,read,,"ADDWF PRODL, W, A",0x00340A
0x003BE8,0xFD9,FSR2L,write,,"MOVWF FSR2L, A",0x00340A
0x003BEC,0xFF4,PRODH,read,,"ADDWFC PRODH, W, A",0x00340A
0x003BEE,0xFDA,FSR2H,write,,"MOVWF FSR2H, A",0x00340A
0x003BF0,0xFDE,POSTINC2,read,,"MOVFF POSTINC2, ram_014",0x00340A
0x003BF4,0xFDD,POSTDEC2,read,,"MOVFF POSTDEC2, ram_015",0x00340A
0x003C1A,0xFD8,STATUS,read_write,0,"BCF STATUS, 0, A",0x00340A
0x003C48,0xFF3,PRODL,read,,"ADDWF PRODL, W, A",0x00340A
0x003C4A,0xFD9,FSR2L,write,,"MOVWF FSR2L, A",0x00340A
0x003C4E,0xFF4,PRODH,read,,"ADDWFC PRODH, W, A",0x00340A
0x003C50,0xFDA,FSR2H,write,,"MOVWF FSR2H, A",0x00340A
0x003C52,0xFDE,POSTINC2,read,,"MOVFF POSTINC2, ram_0DB",0x00340A
0x003C56,0xFDE,POSTINC2,read,,"MOVFF POSTINC2, ram_0DC",0x00340A
0x003C5A,0xFDE,POSTINC2,read,,"MOVFF POSTINC2, ram_0DD",0x00340A
0x003C5E,0xFDE,POSTINC2,read,,"MOVFF POSTINC2, ram_0DE",0x00340A
0x003C8E,0xFD9,FSR2L,write,,"MOVWF FSR2L, A",0x00340A
0x003C90,0xFDA,FSR2H,write,,"CLRF FSR2H, A",0x00340A
0x003C94,0xFDA,FSR2H,read_write,,"ADDWFC FSR2H, F, A",0x00340A
0x003C96,0xFDF,INDF2,read,,"MOVF INDF2, W, A",0x00340A
0x003CAE,0xFF3,PRODL,read,,"MOVFF PRODL, ram_0DB",0x00340A
0x003CB2,0xFF4,PRODH,read,,"MOVFF PRODH, ram_0DC",0x00340A
0x003CB6,0xFD8,STATUS,read_write,0,"BCF STATUS, 0, A",0x00340A
0x003CBC,0xFD8,STATUS,read_write,0,"BCF STATUS, 0, A",0x00340A
0x003CC6,0xFD9,FSR2L,write,,"MOVWF FSR2L, A",0x00340A
0x003CCC,0xFDA,FSR2H,write,,"MOVWF FSR2H, A",0x00340A
0x003CD0,0xFDE,POSTINC2,read,,"SUBWF POSTINC2, W, A",0x00340A
0x003CD4,0xFDE,POSTINC2,read,,"SUBWFB POSTINC2, W, A",0x00340A
0x003CD8,0xFDE,POSTINC2,read,,"SUBWFB POSTINC2, W, A",0x00340A
0x003CDA,0xFDE,POSTINC2,read,,"MOVF POSTINC2, W, A",0x00340A
0x003CEC,0xFF3,PRODL,read,,"MOVFF PRODL, ram_0DB",0x00340A
0x003CF0,0xFF4,PRODH,read,,"MOVFF PRODH, ram_0DC",0x00340A
0x003CF4,0xFD8,STATUS,read_write,0,"BCF STATUS, 0, A",0x00340A
0x003CFA,0xFD8,STATUS,read_write,0,"BCF STATUS, 0, A",0x00340A
0x003D04,0xFD9,FSR2L,write,,"MOVWF FSR2L, A",0x00340A
0x003D0A,0xFDA,FSR2H,write,,"MOVWF FSR2H, A",0x00340A
0x003D0C,0xFDE,POSTINC2,read,,"MOVFF POSTINC2, ram_0EB",0x00340A
0x003D10,0xFDE,POSTINC2,read,,"MOVFF POSTINC2, ram_0EC",0x00340A
0x003D14,0xFDE,POSTINC2,read,,"MOVFF POSTINC2, ram_0ED",0x00340A
0x003D18,0xFDE,POSTINC2,read,,"MOVFF POSTINC2, ram_0EE",0x00340A
0x003D2E,0xFD8,STATUS,read_write,0,"BCF STATUS, 0, A",0x00340A
0x003D64,0xFF3,PRODL,read,,"ADDWF PRODL, W, A",0x00340A
0x003D66,0xFD9,FSR2L,write,,"MOVWF FSR2L, A",0x00340A
0x003D6A,0xFF4,PRODH,read,,"ADDWFC PRODH, W, A",0x00340A
0x003D6C,0xFDA,FSR2H,write,,"MOVWF FSR2H, A",0x00340A
0x003D6E,0xFDE,POSTINC2,write,,"MOVFF ram_012, POSTINC2",0x00340A
0x003D72,0xFDE,POSTINC2,write,,"MOVFF ram_013, POSTINC2",0x00340A
0x003D76,0xFDE,POSTINC2,write,,"MOVFF ram_014, POSTINC2",0x00340A
0x003D7A,0xFDE,POSTINC2,write,,"MOVFF ram_015, POSTINC2",0x00340A
0x003D82,0xFD9,FSR2L,write,,"MOVWF FSR2L, A",0x00340A
0x003D84,0xFDA,FSR2H,write,,"CLRF FSR2H, A",0x00340A
0x003D88,0xFDA,FSR2H,read_write,,"ADDWFC FSR2H, F, A",0x00340A
0x003DA0,0xFF3,PRODL,read,,"ADDWF PRODL, W, A",0x00340A
0x003DA2,0xFE1,FSR1L,write,,"MOVWF FSR1L, A",0x00340A
0x003DA6,0xFF4,PRODH,read,,"ADDWFC PRODH, W, A",0x00340A
0x003DA8,0xFE2,FSR1H,write,,"MOVWF FSR1H, A",0x00340A
0x003DAA,0xFE6,POSTINC1,read,,"MOVFF POSTINC1, ram_024",0x00340A
0x003DAE,0xFE6,POSTINC1,read,,"MOVFF POSTINC1, ram_025",0x00340A
0x003DB2,0xFE6,POSTINC1,read,,"MOVFF POSTINC1, ram_026",0x00340A
0x003DB6,0xFE6,POSTINC1,read,,"MOVFF POSTINC1, ram_027",0x00340A
0x003DC6,0xFDF,INDF2,write,,"MOVWF INDF2, A",0x00340A
0x003DD2,0xFD9,FSR2L,write,,"MOVWF FSR2L, A",0x00340A
0x003DD4,0xFDA,FSR2H,write,,"CLRF FSR2H, A",0x00340A
0x003DD8,0xFDA,FSR2H,read_write,,"ADDWFC FSR2H, F, A",0x00340A
0x003DDA,0xFDF,INDF2,read,,"MOVF INDF2, W, A",0x00340A
0x003DE0,0xFD8,STATUS,read_write,0,"BCF STATUS, 0, A",0x00340A
0x003DE6,0xFD9,FSR2L,write,,"MOVWF FSR2L, A",0x00340A
0x003DEA,0xFDA,FSR2H,write,,"MOVWF FSR2H, A",0x00340A
0x003DEE,0xFD9,FSR2L,read_write,,"ADDWF FSR2L, F, A",0x00340A
0x003DF2,0xFDA,FSR2H,read_write,,"ADDWFC FSR2H, F, A",0x00340A
0x003DF4,0xFDE,POSTINC2,write,,"MOVFF ram_0DB, POSTINC2",0x00340A
0x003DF8,0xFDD,POSTDEC2,write,,"MOVFF ram_0DC, POSTDEC2",0x00340A
0x003E4C,0xFF3,PRODL,read,,"ADDWF PRODL, W, A",0x00340A
0x003E4E,0xFD9,FSR2L,write,,"MOVWF FSR2L, A",0x00340A
0x003E52,0xFF4,PRODH,read,,"ADDWFC PRODH, W, A",0x00340A
0x003E54,0xFDA,FSR2H,write,,"MOVWF FSR2H, A",0x00340A
0x003E5A,0xFF3,PRODL,read,,"MOVFF PRODL, ram_0DB",0x00340A
0x003E5E,0xFF4,PRODH,read,,"MOVFF PRODH, ram_0DC",0x00340A
0x003E64,0xFF3,PRODL,read,,"MOVF PRODL, W, A",0x00340A
0x003E7C,0xFE1,FSR1L,write,,"MOVWF FSR1L, A",0x00340A
0x003E82,0xFE2,FSR1H,write,,"MOVWF FSR1H, A",0x00340A
0x003E84,0xFDF,INDF2,read,,"MOVFF INDF2, INDF1",0x00340A
0x003E84,0xFE7,INDF1,write,,"MOVFF INDF2, INDF1",0x00340A
0x003E8C,0xFD9,FSR2L,write,,"MOVWF FSR2L, A",0x00340A
0x003E8E,0xFDA,FSR2H,write,,"CLRF FSR2H, A",0x00340A
0x003E92,0xFDA,FSR2H,read_write,,"ADDWFC FSR2H, F, A",0x00340A
0x003E98,0xFF3,PRODL,read,,"MOVFF PRODL, ram_0DB",0x00340A
0x003E9C,0xFF4,PRODH,read,,"MOVFF PRODH, ram_0DC",0x00340A
0x003EA2,0xFF3,PRODL,read,,"MOVF PRODL, W, A",0x00340A
0x003EBA,0xFE1,FSR1L,write,,"MOVWF FSR1L, A",0x00340A
0x003EC0,0xFE2,FSR1H,write,,"MOVWF FSR1H, A",0x00340A
0x003EC2,0xFDF,INDF2,read,,"MOVFF INDF2, INDF1",0x00340A
0x003EC2,0xFE7,INDF1,write,,"MOVFF INDF2, INDF1",0x00340A
0x003EDC,0xFF3,PRODL,read,,"ADDWF PRODL, W, A",0x00340A
0x003EDE,0xFD9,FSR2L,write,,"MOVWF FSR2L, A",0x00340A
0x003EE2,0xFF4,PRODH,read,,"ADDWFC PRODH, W, A",0x00340A
0x003EE4,0xFDA,FSR2H,write,,"MOVWF FSR2H, A",0x00340A
0x003EE6,0xFDE,POSTINC2,write,,"CLRF POSTINC2, A",0x00340A
0x003EE8,0xFDE,POSTINC2,write,,"CLRF POSTINC2, A",0x00340A
0x003EEA,0xFDE,POSTINC2,write,,"CLRF POSTINC2, A",0x00340A
0x003EEC,0xFDD,POSTDEC2,write,,"CLRF POSTDEC2, A",0x00340A
0x003EF2,0xFD9,FSR2L,write,,"MOVWF FSR2L, A",0x00340A
0x003EF4,0xFDA,FSR2H,write,,"CLRF FSR2H, A",0x00340A
0x003EF8,0xFDA,FSR2H,read_write,,"ADDWFC FSR2H, F, A",0x00340A
0x003EFA,0xFDF,INDF2,write,,"CLRF INDF2, A",0x00340A
0x003F02,0xFF3,PRODL,read,,"ADDWF PRODL, W, A",0x00340A
0x003F04,0xFD9,FSR2L,write,,"MOVWF FSR2L, A",0x00340A
0x003F08,0xFF4,PRODH,read,,"ADDWFC PRODH, W, A",0x00340A
0x003F0A,0xFDA,FSR2H,write,,"MOVWF FSR2H, A",0x00340A
0x003F0C,0xFDE,POSTINC2,write,,"CLRF POSTINC2, A",0x00340A
0x003F0E,0xFDE,POSTINC2,write,,"CLRF POSTINC2, A",0x00340A
0x003F10,0xFDE,POSTINC2,write,,"CLRF POSTINC2, A",0x00340A
0x003F12,0xFDD,POSTDEC2,write,,"CLRF POSTDEC2, A",0x00340A
0x003F18,0xFD9,FSR2L,write,,"MOVWF FSR2L, A",0x00340A
0x003F1A,0xFDA,FSR2H,write,,"CLRF FSR2H, A",0x00340A
0x003F1E,0xFDA,FSR2H,read_write,,"ADDWFC FSR2H, F, A",0x00340A
0x003F20,0xFDF,INDF2,write,,"CLRF INDF2, A",0x00340A
0x003F38,0xF80,PORTA,read,5,"BTFSC PORTA, 5, A",0x003F32
0x003FA4,0xFD8,STATUS,read_write,0,"BCF STATUS, 0, A",0x003F32
0x003FF0,0xFDB,PLUSW2,read,,"MOVFF PLUSW2, PLUSW1",0x003F32
0x003FF0,0xFE3,PLUSW1,write,,"MOVFF PLUSW2, PLUSW1",0x003F32
0x003FF4,0xFE8,WREG,read_write,,"DECF WREG, F, A",0x003F32
0x004004,0xFD9,FSR2L,write,,"MOVWF FSR2L, A",0x003F32
0x004006,0xFDA,FSR2H,write,,"CLRF FSR2H, A",0x003F32
0x004008,0xFDF,INDF2,write,,"CLRF INDF2, A",0x003F32
0x004050,0xFD9,FSR2L,write,,"MOVWF FSR2L, A",0x003F32
0x004052,0xFDA,FSR2H,write,,"CLRF FSR2H, A",0x003F32
0x004056,0xFDA,FSR2H,read_write,,"ADDWFC FSR2H, F, A",0x003F32
0x004058,0xFDF,INDF2,read,,"MOVF INDF2, W, A",0x003F32
0x004060,0xFF3,PRODL,read,,"MOVF PRODL, W, A",0x003F32
0x004064,0xFD9,FSR2L,write,,"MOVWF FSR2L, A",0x003F32
0x004066,0xFDA,FSR2H,write,,"CLRF FSR2H, A",0x003F32
0x004068,0xFDE,POSTINC2,read,,"MOVFF POSTINC2, ram_021",0x003F32
0x00406C,0xFDD,POSTDEC2,read,,"MOVFF POSTDEC2, ram_022",0x003F32
0x004070,0xFD9,FSR2L,write,,"MOVFF ram_021, FSR2L",0x003F32
0x004074,0xFDA,FSR2H,write,,"MOVFF ram_022, FSR2H",0x003F32
0x004078,0xFDF,INDF2,read,,"MOVF INDF2, W, A",0x003F32
0x004090,0xFF3,PRODL,read,,"MOVFF PRODL, ram_020",0x003F32
0x004094,0xFF4,PRODH,read,,"MOVFF PRODH, ram_021",0x003F32
0x004098,0xFD8,STATUS,read_write,0,"BCF STATUS, 0, A",0x003F32
0x00409E,0xFD8,STATUS,read_write,0,"BCF STATUS, 0, A",0x003F32
0x0040A8,0xFD9,FSR2L,write,,"MOVWF FSR2L, A",0x003F32
0x0040AE,0xFDA,FSR2H,write,,"MOVWF FSR2H, A",0x003F32
0x0040B4,0xFF3,PRODL,read,,"MOVFF PRODL, ram_026",0x003F32
0x0040B8,0xFF4,PRODH,read,,"MOVFF PRODH, ram_027",0x003F32
0x0040BC,0xFD8,STATUS,read_write,0,"BCF STATUS, 0, A",0x003F32
0x0040C2,0xFD8,STATUS,read_write,0,"BCF STATUS, 0, A",0x003F32
0x0040CC,0xFE1,FSR1L,write,,"MOVWF FSR1L, A",0x003F32
0x0040D2,0xFE2,FSR1H,write,,"MOVWF FSR1H, A",0x003F32
0x0040D4,0xFE6,POSTINC1,read,,"MOVFF POSTINC1, ram_012",0x003F32
0x0040D8,0xFE6,POSTINC1,read,,"MOVFF POSTINC1, ram_013",0x003F32
0x0040DC,0xFE6,POSTINC1,read,,"MOVFF POSTINC1, ram_014",0x003F32
0x0040E0,0xFE6,POSTINC1,read,,"MOVFF POSTINC1, ram_015",0x003F32
0x0040F2,0xFDE,POSTINC2,read,,"MOVF POSTINC2, W, A",0x003F32
0x0040F6,0xFDE,POSTINC2,read,,"MOVF POSTINC2, W, A",0x003F32
0x0040FA,0xFDE,POSTINC2,read,,"MOVF POSTINC2, W, A",0x003F32
0x004104,0xFDE,POSTINC2,read,,"MOVF POSTINC2, W, A",0x003F32
0x004112,0xFD9,FSR2L,write,,"MOVWF FSR2L, A",0x003F32
0x004114,0xFDA,FSR2H,write,,"CLRF FSR2H, A",0x003F32
0x004118,0xFDA,FSR2H,read_write,,"ADDWFC FSR2H, F, A",0x003F32
0x00411A,0xFDF,INDF2,read,,"MOVF INDF2, W, A",0x003F32
0x004122,0xFD9,FSR2L,write,,"MOVWF FSR2L, A",0x003F32
0x004124,0xFDA,FSR2H,write,,"CLRF FSR2H, A",0x003F32
0x004128,0xFDA,FSR2H,read_write,,"ADDWFC FSR2H, F, A",0x003F32
0x00412A,0xFDF,INDF2,read,,"MOVF INDF2, W, A",0x003F32
0x00413A,0xFD9,FSR2L,write,,"MOVWF FSR2L, A",0x003F32
0x00413C,0xFDA,FSR2H,write,,"CLRF FSR2H, A",0x003F32
0x00413E,0xFDF,INDF2,read,,"MOVF INDF2, W, A",0x003F32
0x00414A,0xFF3,PRODL,read,,"MOVF PRODL, W, A",0x003F32
0x00414E,0xFF4,PRODH,read,,"MOVF PRODH, W, A",0x003F32
0x004156,0xFF3,PRODL,read,,"MOVF PRODL, W, A",0x003F32
0x00415A,0xFF4,PRODH,read,,"MOVF PRODH, W, A",0x003F32
0x00415E,0xFF6,TBLPTRL,write,,"MOVFF ram_021, TBLPTRL",0x003F32
0x004162,0xFF7,TBLPTRH,write,,"MOVFF ram_022, TBLPTRH",0x003F32
0x004168,0xFF5,TABLAT,read,,"MOVFF TABLAT, ram_023",0x003F32
0x00416E,0xFF5,TABLAT,read,,"MOVFF TABLAT, ram_024",0x003F32
0x004182,0xFD9,FSR2L,write,,"MOVWF FSR2L, A",0x003F32
0x004184,0xFDA,FSR2H,write,,"CLRF FSR2H, A",0x003F32
0x004188,0xFDA,FSR2H,read_write,,"ADDWFC FSR2H, F, A",0x003F32
0x00418A,0xFDF,INDF2,read,,"MOVF INDF2, W, A",0x003F32
0x004196,0xFF3,PRODL,read,,"MOVF PRODL, W, A",0x003F32
0x00419A,0xFF4,PRODH,read,,"MOVF PRODH, W, A",0x003F32
0x0041A2,0xFF3,PRODL,read,,"MOVF PRODL, W, A",0x003F32
0x0041A6,0xFF4,PRODH,read,,"MOVF PRODH, W, A",0x003F32
0x0041AA,0xFF6,TBLPTRL,write,,"MOVFF ram_020, TBLPTRL",0x003F32
0x0041AE,0xFF7,TBLPTRH,write,,"MOVFF ram_021, TBLPTRH",0x003F32
0x0041B4,0xFF5,TABLAT,read,,"MOVFF TABLAT, ram_022",0x003F32
0x0041BA,0xFF5,TABLAT,read,,"MOVFF TABLAT, ram_023",0x003F32
0x0041E2,0xFF6,TBLPTRL,write,,"MOVWF TBLPTRL, A",0x003F32
0x0041E6,0xFF7,TBLPTRH,write,,"MOVWF TBLPTRH, A",0x003F32
0x0041EA,0xFF5,TABLAT,read,,"MOVFF TABLAT, ram_020",0x003F32
0x0041F0,0xFF5,TABLAT,read,,"MOVFF TABLAT, ram_021",0x003F32
0x0041FA,0xFF3,PRODL,read_write,,"ADDWF PRODL, F, A",0x003F32
0x0041FE,0xFF4,PRODH,read_write,,"ADDWFC PRODH, F, A",0x003F32
0x004202,0xFF3,PRODL,read,,"ADDWF PRODL, W, A",0x003F32
0x004204,0xFF6,TBLPTRL,write,,"MOVWF TBLPTRL, A",0x003F32
0x004208,0xFF4,PRODH,read,,"ADDWFC PRODH, W, A",0x003F32
0x00420A,0xFF7,TBLPTRH,write,,"MOVWF TBLPTRH, A",0x003F32
0x00420E,0xFF5,TABLAT,read,,"MOVFF TABLAT, ram_022",0x003F32
0x004214,0xFF5,TABLAT,read,,"MOVFF TABLAT, ram_023",0x003F32
0x00421A,0xFF6,TBLPTRL,write,,"MOVWF TBLPTRL, A",0x003F32
0x00421E,0xFF7,TBLPTRH,write,,"MOVWF TBLPTRH, A",0x003F32
0x004222,0xFF5,TABLAT,read,,"MOVFF TABLAT, ram_024",0x003F32
0x004228,0xFF5,TABLAT,read,,"MOVFF TABLAT, ram_025",0x003F32
0x00424E,0xFF6,TBLPTRL,write,,"MOVWF TBLPTRL, A",0x003F32
0x004252,0xFF7,TBLPTRH,write,,"MOVWF TBLPTRH, A",0x003F32
0x004256,0xFF5,TABLAT,read,,"MOVFF TABLAT, ram_020",0x003F32
0x00425C,0xFF5,TABLAT,read,,"MOVFF TABLAT, ram_021",0x003F32
0x004284,0xFD8,STATUS,read_write,0,"BCF STATUS, 0, A",0x003F32
0x00428C,0xFD8,STATUS,read_write,0,"BCF STATUS, 0, A",0x003F32
0x00429E,0xFF6,TBLPTRL,write,,"MOVWF TBLPTRL, A",0x003F32
0x0042A4,0xFF7,TBLPTRH,write,,"MOVWF TBLPTRH, A",0x003F32
0x0042A8,0xFF5,TABLAT,read,,"MOVFF TABLAT, ram_022",0x003F32
0x0042AE,0xFF5,TABLAT,read,,"MOVFF TABLAT, ram_023",0x003F32
0x0042D0,0xFD8,STATUS,read_write,0,"BCF STATUS, 0, A",0x003F32
0x004310,0xFF3,PRODL,read,,"MOVF PRODL, W, A",0x003F32
0x004314,0xFF4,PRODH,read,,"MOVF PRODH, W, A",0x003F32
0x004328,0xFF3,PRODL,read,,"MOVF PRODL, W, A",0x003F32
0x00432C,0xFF4,PRODH,read,,"MOVF PRODH, W, A",0x003F32
0x004336,0xFF3,PRODL,read,,"MOVF PRODL, W, A",0x003F32
0x00433A,0xFF4,PRODH,read,,"MOVF PRODH, W, A",0x003F32
0x00433E,0xFF6,TBLPTRL,write,,"MOVFF ram_020, TBLPTRL",0x003F32
0x004342,0xFF7,TBLPTRH,write,,"MOVFF ram_021, TBLPTRH",0x003F32
0x004348,0xFF5,TABLAT,read,,"MOVFF TABLAT, ram_022",0x003F32
0x00434E,0xFF5,TABLAT,read,,"MOVFF TABLAT, ram_023",0x003F32
0x004370,0xFF6,TBLPTRL,write,,"MOVWF TBLPTRL, A",0x003F32
0x004374,0xFF7,TBLPTRH,write,,"MOVWF TBLPTRH, A",0x003F32
0x004390,0xFD8,STATUS,read_write,0,"BCF STATUS, 0, A",0x003F32
0x0043A8,0xFF3,PRODL,read_write,,"ADDWF PRODL, F, A",0x003F32
0x0043AC,0xFF4,PRODH,read_write,,"ADDWFC PRODH, F, A",0x003F32
0x0043B0,0xFF3,PRODL,read,,"ADDWF PRODL, W, A",0x003F32
0x0043B2,0xFF6,TBLPTRL,write,,"MOVWF TBLPTRL, A",0x003F32
0x0043B6,0xFF4,PRODH,read,,"ADDWFC PRODH, W, A",0x003F32
0x0043B8,0xFF7,TBLPTRH,write,,"MOVWF TBLPTRH, A",0x003F32
0x0043BC,0xFF5,TABLAT,read,,"MOVFF TABLAT, ram_020",0x003F32
0x0043C2,0xFF5,TABLAT,read,,"MOVFF TABLAT, ram_021",0x003F32
0x0043E4,0xFF3,PRODL,read,,"ADDWF PRODL, W, A",0x003F32
0x0043E6,0xFF6,TBLPTRL,write,,"MOVWF TBLPTRL, A",0x003F32
0x0043EA,0xFF4,PRODH,read,,"ADDWFC PRODH, W, A",0x003F32
0x0043EC,0xFF7,TBLPTRH,write,,"MOVWF TBLPTRH, A",0x003F32
0x0043F6,0xFF6,TBLPTRL,write,,"MOVWF TBLPTRL, A",0x003F32
0x0043FA,0xFF7,TBLPTRH,write,,"MOVWF TBLPTRH, A",0x003F32
0x004400,0xFF5,TABLAT,read,,"MOVFF TABLAT, ram_020",0x003F32
0x004406,0xFF5,TABLAT,read,,"MOVFF TABLAT, ram_021",0x003F32
0x00441C,0xFF6,TBLPTRL,write,,"MOVWF TBLPTRL, A",0x003F32
0x00445E,0xFF6,TBLPTRL,write,,"MOVWF TBLPTRL, A",0x003F32
0x004462,0xFF7,TBLPTRH,write,,"MOVWF TBLPTRH, A",0x003F32
0x004468,0xFF6,TBLPTRL,write,,"MOVWF TBLPTRL, A",0x003F32
0x00446C,0xFF7,TBLPTRH,write,,"MOVWF TBLPTRH, A",0x003F32
0x004470,0xFF5,TABLAT,read,,"MOVFF TABLAT, ram_020",0x003F32
0x004476,0xFF5,TABLAT,read,,"MOVFF TABLAT, ram_021",0x003F32
0x00449A,0xFF6,TBLPTRL,write,,"MOVWF TBLPTRL, A",0x003F32
0x00449E,0xFF7,TBLPTRH,write,,"MOVWF TBLPTRH, A",0x003F32
0x0044A2,0xFF5,TABLAT,read,,"MOVFF TABLAT, ram_020",0x003F32
0x0044A8,0xFF5,TABLAT,read,,"MOVFF TABLAT, ram_021",0x003F32
0x0044D0,0xFF6,TBLPTRL,write,,"MOVWF TBLPTRL, A",0x003F32
0x0044D4,0xFF7,TBLPTRH,write,,"MOVWF TBLPTRH, A",0x003F32
0x0044D8,0xFF5,TABLAT,read,,"MOVFF TABLAT, ram_020",0x003F32
0x0044DE,0xFF5,TABLAT,read,,"MOVFF TABLAT, ram_021",0x003F32
0x0044F4,0xF8C,LATD,read_write,1,"BSF LATD, 1, A",0x003F32
0x0044F6,0xF8B,LATC,read_write,3,"BCF LATC, 3, A",0x003F32
0x004500,0xF8C,LATD,read_write,1,"BSF LATD, 1, A",0x003F32
0x004504,0xF8C,LATD,read_write,1,"BCF LATD, 1, A",0x003F32
0x004506,0xF8B,LATC,read_write,3,"BSF LATC, 3, A",0x003F32
0x004514,0xF8C,LATD,read_write,1,"BCF LATD, 1, A",0x003F32
0x004518,0xF8C,LATD,read_write,1,"BSF LATD, 1, A",0x003F32
0x00451A,0xF8B,LATC,read_write,3,"BSF LATC, 3, A",0x003F32
0x004520,0xF8C,LATD,read_write,0,"BCF LATD, 0, A",0x003F32
0x004540,0xF8C,LATD,read_write,1,"BSF LATD, 1, A",0x003F32
0x004542,0xF8B,LATC,read_write,3,"BSF LATC, 3, A",0x003F32
0x004544,0xF8C,LATD,read_write,0,"BSF LATD, 0, A",0x003F32
0x00458E,0xF8C,LATD,read_write,1,"BCF LATD, 1, A",0x003F32
0x004590,0xF8B,LATC,read_write,3,"BSF LATC, 3, A",0x003F32
0x004592,0xF8C,LATD,read_write,0,"BSF LATD, 0, A",0x003F32
0x0045BE,0xF8C,LATD,read_write,1,"BCF LATD, 1, A",0x003F32
0x0045C0,0xF8B,LATC,read_write,3,"BSF LATC, 3, A",0x003F32
0x0045C8,0xF8C,LATD,read_write,0,"BSF LATD, 0, A",0x003F32
0x0045CC,0xF8C,LATD,read_write,0,"BCF LATD, 0, A",0x003F32
0x0045DC,0xF8C,LATD,read_write,1,"BSF LATD, 1, A",0x003F32
0x0045E4,0xF8B,LATC,read_write,3,"BSF LATC, 3, A",0x003F32
0x0045E8,0xF8B,LATC,read_write,3,"BCF LATC, 3, A",0x003F32
0x0045EA,0xF8C,LATD,read_write,0,"BCF LATD, 0, A",0x003F32
0x004648,0xF8B,LATC,read_write,4,"BCF LATC, 4, A",0x003F32
0x00464A,0xF8C,LATD,read_write,3,"BSF LATD, 3, A",0x003F32
0x00464E,0xF8B,LATC,read_write,4,"BSF LATC, 4, A",0x003F32
0x004650,0xF8C,LATD,read_write,3,"BCF LATD, 3, A",0x003F32
0x004654,0xF8B,LATC,read_write,4,"BSF LATC, 4, A",0x003F32
0x004656,0xF8C,LATD,read_write,3,"BSF LATD, 3, A",0x003F32
0x004660,0xFD8,STATUS,read,0,"BTFSC STATUS, 0, A",0x003F32
0x004674,0xFF6,TBLPTRL,write,,"MOVWF TBLPTRL, A",0x00466A
0x004678,0xFF7,TBLPTRH,write,,"MOVWF TBLPTRH, A",0x00466A
0x00467C,0xFF5,TABLAT,read,,"MOVFF TABLAT, ram_01A",0x00466A
0x004682,0xFF5,TABLAT,read,,"MOVFF TABLAT, ram_01B",0x00466A
0x00469A,0xF82,PORTC,read,2,"BTFSC PORTC, 2, A",0x00466A
0x00469C,0xF82,PORTC,read,5,"BTFSS PORTC, 5, A",0x00466A
0x0046A0,0xF83,PORTD,read,7,"BTFSC PORTD, 7, A",0x00466A
0x0046A2,0xF82,PORTC,read,1,"BTFSC PORTC, 1, A",0x00466A
0x0046A6,0xF82,PORTC,read,6,"BTFSC PORTC, 6, A",0x00466A
0x0046A8,0xF83,PORTD,read,6,"BTFSS PORTD, 6, A",0x00466A
0x0046AC,0xF82,PORTC,read,0,"BTFSS PORTC, 0, A",0x00466A
0x0046B0,0xF84,PORTE,read,2,"BTFSC PORTE, 2, A",0x00466A
0x0046B4,0xF8C,LATD,read_write,1,"BSF LATD, 1, A",0x00466A
0x0046B6,0xF8C,LATD,read_write,0,"BCF LATD, 0, A",0x00466A
0x0046D0,0xFDE,POSTINC2,write,,"CLRF POSTINC2, A",0x00466A
0x0046D2,0xFE8,WREG,read_write,,"DECF WREG, F, A",0x00466A
0x0046E8,0xFDE,POSTINC2,write,,"CLRF POSTINC2, A",0x00466A
0x0046EA,0xFE8,WREG,read_write,,"DECF WREG, F, A",0x00466A
0x0046F4,0xFDE,POSTINC2,write,,"CLRF POSTINC2, A",0x00466A
0x0046F6,0xFE8,WREG,read_write,,"DECF WREG, F, A",0x00466A
0x004700,0xFDE,POSTINC2,write,,"CLRF POSTINC2, A",0x00466A
0x004702,0xFE8,WREG,read_write,,"DECF WREG, F, A",0x00466A
0x00470C,0xFDE,POSTINC2,write,,"CLRF POSTINC2, A",0x00466A
0x00470E,0xFE8,WREG,read_write,,"DECF WREG, F, A",0x00466A
0x004722,0xFD9,FSR2L,write,,"MOVWF FSR2L, A",0x00466A
0x004724,0xFDA,FSR2H,write,,"CLRF FSR2H, A",0x00466A
0x004726,0xFDF,INDF2,write,,"CLRF INDF2, A",0x00466A
0x00472E,0xF53,TMR4,write,,"CLRF TMR4, B",0x00466A
0x004730,0xF51,T4CON,read_write,2,"BSF T4CON, 2, B",0x00466A
0x004734,0xF80,PORTA,read,4,"BTFSC PORTA, 4, A",0x00466A
0x00473C,0xF53,TMR4,read,,"MOVFF TMR4, ram_4FB",0x00466A
0x004742,0xF80,PORTA,read,4,"BTFSS PORTA, 4, A",0x00466A
0x00474A,0xF82,PORTC,read,2,"BTFSC PORTC, 2, A",0x00466A
0x00474C,0xF82,PORTC,read,5,"BTFSS PORTC, 5, A",0x00466A
0x004750,0xF83,PORTD,read,7,"BTFSC PORTD, 7, A",0x00466A
0x004752,0xF82,PORTC,read,1,"BTFSC PORTC, 1, A",0x00466A
0x004756,0xF82,PORTC,read,6,"BTFSC PORTC, 6, A",0x00466A
0x004758,0xF83,PORTD,read,6,"BTFSS PORTD, 6, A",0x00466A
0x00475C,0xF82,PORTC,read,0,"BTFSC PORTC, 0, A",0x00466A
0x00475E,0xF84,PORTE,read,2,"BTFSS PORTE, 2, A",0x00466A
0x004764,0xF53,TMR4,write,,"CLRF TMR4, B",0x00466A
0x00476C,0xF80,PORTA,read,4,"BTFSC PORTA, 4, A",0x00466A
0x004772,0xF7E,PIR5,read,0,"BTFSS PIR5, 0, A",0x00466A
0x004776,0xF7E,PIR5,read_write,0,"BCF PIR5, 0, A",0x00466A
0x00477C,0xF82,PORTC,read,2,"BTFSC PORTC, 2, A",0x00466A
0x00477E,0xF82,PORTC,read,5,"BTFSS PORTC, 5, A",0x00466A
0x004782,0xF83,PORTD,read,7,"BTFSC PORTD, 7, A",0x00466A
0x004784,0xF82,PORTC,read,1,"BTFSC PORTC, 1, A",0x00466A
0x004788,0xF82,PORTC,read,6,"BTFSC PORTC, 6, A",0x00466A
0x00478A,0xF83,PORTD,read,6,"BTFSS PORTD, 6, A",0x00466A
0x00478E,0xF82,PORTC,read,0,"BTFSC PORTC, 0, A",0x00466A
0x004790,0xF84,PORTE,read,2,"BTFSS PORTE, 2, A",0x00466A
0x0047C2,0xFD9,FSR2L,write,,"MOVWF FSR2L, A",0x00466A
0x0047C4,0xFDA,FSR2H,write,,"CLRF FSR2H, A",0x00466A
0x0047C6,0xFDE,POSTINC2,read,,"MOVF POSTINC2, W, A",0x00466A
0x0047D0,0xFD9,FSR2L,write,,"MOVWF FSR2L, A",0x00466A
0x0047D2,0xFDA,FSR2H,write,,"CLRF FSR2H, A",0x00466A
0x0047D8,0xFDF,INDF2,write,,"MOVWF INDF2, A",0x00466A
0x004810,0xFD9,FSR2L,write,,"MOVWF FSR2L, A",0x00466A
0x004812,0xFDA,FSR2H,write,,"CLRF FSR2H, A",0x00466A
0x004814,0xFDE,POSTINC2,read,,"MOVF POSTINC2, W, A",0x00466A
0x00481E,0xFD9,FSR2L,write,,"MOVWF FSR2L, A",0x00466A
0x004820,0xFDA,FSR2H,write,,"CLRF FSR2H, A",0x00466A
0x004824,0xFDF,INDF2,read_write,,"IORWF INDF2, F, A",0x00466A
0x004826,0xFD8,STATUS,read_write,0,"BCF STATUS, 0, A",0x00466A
0x00483E,0xFD9,FSR2L,write,,"MOVWF FSR2L, A",0x00466A
0x004840,0xFDA,FSR2H,write,,"CLRF FSR2H, A",0x00466A
0x004842,0xFDF,INDF2,read,,"MOVF INDF2, W, A",0x00466A
0x004852,0xFD9,FSR2L,write,,"MOVWF FSR2L, A",0x00466A
0x004854,0xFDA,FSR2H,write,,"CLRF FSR2H, A",0x00466A
0x004858,0xFDE,POSTINC2,read,,"XORWF POSTINC2, W, A",0x00466A
0x004874,0xFD9,FSR2L,write,,"MOVWF FSR2L, A",0x00466A
0x004876,0xFDA,FSR2H,write,,"CLRF FSR2H, A",0x00466A
0x00487C,0xFE1,FSR1L,write,,"MOVWF FSR1L, A",0x00466A
0x004888,0xFD9,FSR2L,write,,"MOVWF FSR2L, A",0x00466A
0x00488A,0xFDA,FSR2H,write,,"CLRF FSR2H, A",0x00466A
0x0048A4,0xFE1,FSR1L,write,,"MOVWF FSR1L, A",0x00466A
0x0048AA,0xFE2,FSR1H,write,,"MOVWF FSR1H, A",0x00466A
0x0048AC,0xFDF,INDF2,read,,"MOVFF INDF2, INDF1",0x00466A
0x0048AC,0xFE7,INDF1,write,,"MOVFF INDF2, INDF1",0x00466A
0x0048B6,0xFD9,FSR2L,write,,"MOVWF FSR2L, A",0x00466A
0x0048B8,0xFDA,FSR2H,write,,"CLRF FSR2H, A",0x00466A
0x0048D4,0xFE1,FSR1L,write,,"MOVWF FSR1L, A",0x00466A
0x0048E0,0xFD9,FSR2L,write,,"MOVWF FSR2L, A",0x00466A
0x0048E2,0xFDA,FSR2H,write,,"CLRF FSR2H, A",0x00466A
0x0048E8,0xFE1,FSR1L,write,,"MOVWF FSR1L, A",0x00466A
0x0048EA,0xFE2,FSR1H,write,,"CLRF FSR1H, A",0x00466A
0x00492C,0xFF6,TBLPTRL,write,,"MOVWF TBLPTRL, A",0x00466A
0x004930,0xFF7,TBLPTRH,write,,"MOVWF TBLPTRH, A",0x00466A
0x004934,0xFF5,TABLAT,read,,"MOVFF TABLAT, ram_01A",0x00466A
0x00493A,0xFF5,TABLAT,read,,"MOVFF TABLAT, ram_01B",0x00466A
0x004958,0xFD9,FSR2L,write,,"MOVWF FSR2L, A",0x00466A
0x00495A,0xFDA,FSR2H,write,,"CLRF FSR2H, A",0x00466A
0x00495C,0xFDF,INDF2,write,,"CLRF INDF2, A",0x00466A
0x0049BE,0xFD9,FSR2L,write,,"MOVWF FSR2L, A",0x00466A
0x0049DE,0xFD9,FSR2L,write,,"MOVWF FSR2L, A",0x00466A
0x0049E4,0xFDA,FSR2H,write,,"MOVWF FSR2H, A",0x00466A
0x0049E6,0xFDF,INDF2,read,,"MOVF INDF2, W, A",0x00466A
0x004A08,0xFD9,FSR2L,write,,"MOVWF FSR2L, A",0x00466A
0x004A16,0xFD9,FSR2L,write,,"MOVWF FSR2L, A",0x00466A
0x004A18,0xFDA,FSR2H,write,,"CLRF FSR2H, A",0x00466A
0x004A92,0xFF6,TBLPTRL,write,,"MOVWF TBLPTRL, A",0x00466A
0x004A96,0xFF7,TBLPTRH,write,,"MOVWF TBLPTRH, A",0x00466A
0x004A9A,0xFF5,TABLAT,read,,"MOVFF TABLAT, ram_01A",0x00466A
0x004AA0,0xFF5,TABLAT,read,,"MOVFF TABLAT, ram_01B",0x00466A
0x004AC2,0xF51,T4CON,read_write,2,"BCF T4CON, 2, B",0x00466A
0x004AC4,0xF53,TMR4,write,,"CLRF TMR4, B",0x00466A
0x004AC8,0xF8C,LATD,read_write,3,"BSF LATD, 3, A",0x00466A
0x004ACA,0xF8B,LATC,read_write,3,"BSF LATC, 3, A",0x00466A
0x004ACC,0xF8C,LATD,read_write,0,"BSF LATD, 0, A",0x00466A
0x004ACE,0xF8B,LATC,read_write,4,"BCF LATC, 4, A",0x00466A
0x004AD0,0xF8C,LATD,read_write,1,"BCF LATD, 1, A",0x00466A
0x004AD4,0xFF6,TBLPTRL,write,,"MOVWF TBLPTRL, A",0x00466A
0x004AD8,0xFF7,TBLPTRH,write,,"MOVWF TBLPTRH, A",0x00466A
0x004ADC,0xFF5,TABLAT,read,,"MOVFF TABLAT, ram_01A",0x00466A
0x004AE2,0xFF5,TABLAT,read,,"MOVFF TABLAT, ram_01B",0x00466A
0x004AFC,0xF82,PORTC,read,2,"BTFSC PORTC, 2, A",0x00466A
0x004AFE,0xF82,PORTC,read,5,"BTFSS PORTC, 5, A",0x00466A
0x004B02,0xF83,PORTD,read,7,"BTFSC PORTD, 7, A",0x00466A
0x004B04,0xF82,PORTC,read,1,"BTFSC PORTC, 1, A",0x00466A
0x004B08,0xF82,PORTC,read,6,"BTFSC PORTC, 6, A",0x00466A
0x004B0A,0xF83,PORTD,read,6,"BTFSS PORTD, 6, A",0x00466A
0x004B0E,0xF82,PORTC,read,0,"BTFSC PORTC, 0, A",0x00466A
0x004B10,0xF84,PORTE,read,2,"BTFSS PORTE, 2, A",0x00466A
0x004C48,0xFF3,PRODL,read,,"MOVFF PRODL, ram_029",0x004B16
0x004C4C,0xFF4,PRODH,read,,"MOVFF PRODH, ram_02A",0x004B16
0x004C56,0xFF3,PRODL,read,,"MOVF PRODL, W, A",0x004B16
0x004C5A,0xFF4,PRODH,read,,"MOVF PRODH, W, A",0x004B16
0x004C64,0xFF3,PRODL,read,,"MOVF PRODL, W, A",0x004B16
0x004C68,0xFF4,PRODH,read,,"MOVF PRODH, W, A",0x004B16
0x004C74,0xFF3,PRODL,read,,"MOVF PRODL, W, A",0x004B16
0x004C78,0xFF4,PRODH,read,,"MOVF PRODH, W, A",0x004B16
0x004C80,0xFF3,PRODL,read,,"MOVF PRODL, W, A",0x004B16
0x004C84,0xFF4,PRODH,read,,"MOVF PRODH, W, A",0x004B16
0x004C8C,0xFF3,PRODL,read,,"MOVF PRODL, W, A",0x004B16
0x004C90,0xFF4,PRODH,read,,"MOVF PRODH, W, A",0x004B16
0x004C98,0xFF3,PRODL,read,,"MOVF PRODL, W, A",0x004B16
0x004CA0,0xFF3,PRODL,read,,"MOVF PRODL, W, A",0x004B16
0x004CA8,0xFF3,PRODL,read,,"MOVF PRODL, W, A",0x004B16
0x004CB0,0xFF3,PRODL,read,,"MOVF PRODL, W, A",0x004B16
0x004D44,0xFD8,STATUS,read,2,"BTFSS STATUS, 2, A",0x004B16
0x004F7A,0xFD8,STATUS,read_write,0,"BCF STATUS, 0, A",0x004F66
0x004F7E,0xFD9,FSR2L,write,,"MOVWF FSR2L, A",0x004F66
0x004F82,0xFDA,FSR2H,write,,"MOVWF FSR2H, A",0x004F66
0x004F86,0xFD9,FSR2L,read_write,,"ADDWF FSR2L, F, A",0x004F66
0x004F8A,0xFDA,FSR2H,read_write,,"ADDWFC FSR2H, F, A",0x004F66
0x004F90,0xFE1,FSR1L,write,,"MOVWF FSR1L, A",0x004F66
0x004F92,0xFE2,FSR1H,write,,"CLRF FSR1H, A",0x004F66
0x004F94,0xFDF,INDF2,read,,"MOVFF INDF2, INDF1",0x004F66
0x004F94,0xFE7,INDF1,write,,"MOVFF INDF2, INDF1",0x004F66
0x004F9C,0xFD9,FSR2L,write,,"MOVWF FSR2L, A",0x004F66
0x004FA2,0xFDA,FSR2H,write,,"MOVWF FSR2H, A",0x004F66
0x004FA8,0xFE1,FSR1L,write,,"MOVWF FSR1L, A",0x004F66
0x004FAA,0xFE2,FSR1H,write,,"CLRF FSR1H, A",0x004F66
0x004FAC,0xFDF,INDF2,read,,"MOVFF INDF2, INDF1",0x004F66
0x004FAC,0xFE7,INDF1,write,,"MOVFF INDF2, INDF1",0x004F66
0x004FB8,0xFD8,STATUS,read_write,0,"BCF STATUS, 0, A",0x004F66
0x004FBC,0xFD9,FSR2L,write,,"MOVWF FSR2L, A",0x004F66
0x004FC0,0xFDA,FSR2H,write,,"MOVWF FSR2H, A",0x004F66
0x004FC2,0xFD8,STATUS,read_write,0,"BCF STATUS, 0, A",0x004F66
0x004FC4,0xFD9,FSR2L,read_write,,"RLCF FSR2L, F, A",0x004F66
0x004FC6,0xFDA,FSR2H,read_write,,"RLCF FSR2H, F, A",0x004F66
0x004FCA,0xFD9,FSR2L,read_write,,"ADDWF FSR2L, F, A",0x004F66
0x004FCE,0xFDA,FSR2H,read_write,,"ADDWFC FSR2H, F, A",0x004F66
0x004FD4,0xFF3,PRODL,read,,"MOVF PRODL, W, A",0x004F66
0x004FD8,0xFE1,FSR1L,write,,"MOVWF FSR1L, A",0x004F66
0x004FDA,0xFE2,FSR1H,write,,"CLRF FSR1H, A",0x004F66
0x004FDC,0xFDE,POSTINC2,read,,"MOVFF POSTINC2, POSTINC1",0x004F66
0x004FDC,0xFE6,POSTINC1,write,,"MOVFF POSTINC2, POSTINC1",0x004F66
0x004FE0,0xFDE,POSTINC2,read,,"MOVFF POSTINC2, POSTINC1",0x004F66
0x004FE0,0xFE6,POSTINC1,write,,"MOVFF POSTINC2, POSTINC1",0x004F66
0x004FE4,0xFDE,POSTINC2,read,,"MOVFF POSTINC2, POSTINC1",0x004F66
0x004FE4,0xFE6,POSTINC1,write,,"MOVFF POSTINC2, POSTINC1",0x004F66
0x004FE8,0xFDE,POSTINC2,read,,"MOVFF POSTINC2, POSTINC1",0x004F66
0x004FE8,0xFE6,POSTINC1,write,,"MOVFF POSTINC2, POSTINC1",0x004F66
0x004FFA,0xF80,PORTA,read,0,"BTFSC PORTA, 0, A",0x004F66
0x00500A,0xF80,PORTA,read,5,"BTFSC PORTA, 5, A",0x004F66
0x005068,0xFD8,STATUS,read_write,0,"BCF STATUS, 0, A",0x004F66
0x005076,0xFDB,PLUSW2,read,,"MOVFF PLUSW2, PLUSW1",0x004F66
0x005076,0xFE3,PLUSW1,write,,"MOVFF PLUSW2, PLUSW1",0x004F66
0x00507A,0xFE8,WREG,read_write,,"DECF WREG, F, A",0x004F66
0x00508E,0xFDB,PLUSW2,read,,"MOVFF PLUSW2, PLUSW1",0x004F66
0x00508E,0xFE3,PLUSW1,write,,"MOVFF PLUSW2, PLUSW1",0x004F66
0x005092,0xFE8,WREG,read_write,,"DECF WREG, F, A",0x004F66
0x0050A0,0xFD9,FSR2L,write,,"MOVWF FSR2L, A",0x004F66
0x0050A6,0xFDA,FSR2H,write,,"MOVWF FSR2H, A",0x004F66
0x0050A8,0xFDF,INDF2,read,,"MOVF INDF2, W, A",0x004F66
0x0050B0,0xFD9,FSR2L,write,,"MOVWF FSR2L, A",0x004F66
0x0050B2,0xFDA,FSR2H,write,,"CLRF FSR2H, A",0x004F66
0x0050B4,0xFDF,INDF2,write,,"MOVFF ram_0B6, INDF2",0x004F66
0x0050C4,0xFD8,STATUS,read_write,0,"BCF STATUS, 0, A",0x004F66
0x005122,0xFD8,STATUS,read_write,0,"BCF STATUS, 0, A",0x004F66
0x005136,0xFF3,PRODL,read,,"MOVF PRODL, W, A",0x004F66
0x00513C,0xFD9,FSR2L,write,,"MOVWF FSR2L, A",0x004F66
0x00513E,0xFDA,FSR2H,write,,"CLRF FSR2H, A",0x004F66
0x005140,0xFDF,INDF2,write,,"MOVFF ram_0AC, INDF2",0x004F66
0x005150,0xFD8,STATUS,read_write,0,"BCF STATUS, 0, A",0x004F66
0x005162,0xFF3,PRODL,read,,"MOVF PRODL, W, A",0x004F66
0x005168,0xFD9,FSR2L,write,,"MOVWF FSR2L, A",0x004F66
0x00516A,0xFDA,FSR2H,write,,"CLRF FSR2H, A",0x004F66
0x00516E,0xFDE,POSTINC2,read,,"XORWF POSTINC2, W, A",0x004F66
0x00518E,0xFD9,FSR2L,write,,"MOVWF FSR2L, A",0x004F66
0x005190,0xFDA,FSR2H,write,,"CLRF FSR2H, A",0x004F66
0x005194,0xFDE,POSTINC2,read,,"XORWF POSTINC2, W, A",0x004F66
0x0051A8,0xFF3,PRODL,read,,"MOVF PRODL, W, A",0x004F66
0x0051AE,0xFD9,FSR2L,write,,"MOVWF FSR2L, A",0x004F66
0x0051B0,0xFDA,FSR2H,write,,"CLRF FSR2H, A",0x004F66
0x0051B2,0xFDF,INDF2,read,,"MOVF INDF2, W, A",0x004F66
0x0051DE,0xFF3,PRODL,read,,"MOVF PRODL, W, A",0x004F66
0x0051E4,0xFD9,FSR2L,write,,"MOVWF FSR2L, A",0x004F66
0x0051E6,0xFDA,FSR2H,write,,"CLRF FSR2H, A",0x004F66
0x0051E8,0xFDF,INDF2,read,,"MOVF INDF2, W, A",0x004F66
0x0051F8,0xFD8,STATUS,read_write,0,"BCF STATUS, 0, A",0x004F66
0x00520C,0xFD9,FSR2L,write,,"MOVWF FSR2L, A",0x004F66
0x00520E,0xFDA,FSR2H,write,,"CLRF FSR2H, A",0x004F66
0x005210,0xFDF,INDF2,write,,"MOVFF ram_0AD, INDF2",0x004F66
0x005220,0xFD8,STATUS,read_write,0,"BCF STATUS, 0, A",0x004F66
0x005236,0xFD9,FSR2L,write,,"MOVWF FSR2L, A",0x004F66
0x005238,0xFDA,FSR2H,write,,"CLRF FSR2H, A",0x004F66
0x00523C,0xFDE,POSTINC2,read,,"XORWF POSTINC2, W, A",0x004F66
0x005256,0xFD9,FSR2L,write,,"MOVWF FSR2L, A",0x004F66
0x005258,0xFDA,FSR2H,write,,"CLRF FSR2H, A",0x004F66
0x00525A,0xFDF,INDF2,read,,"MOVF INDF2, W, A",0x004F66
0x005262,0xFD9,FSR2L,write,,"MOVWF FSR2L, A",0x004F66
0x005264,0xFDA,FSR2H,write,,"CLRF FSR2H, A",0x004F66
0x005266,0xFDF,INDF2,read,,"MOVF INDF2, W, A",0x004F66
0x005270,0xFD8,STATUS,read_write,0,"BCF STATUS, 0, A",0x004F66
0x005274,0xFD9,FSR2L,write,,"MOVWF FSR2L, A",0x004F66
0x005278,0xFDA,FSR2H,write,,"MOVWF FSR2H, A",0x004F66
0x00527C,0xFD9,FSR2L,read_write,,"ADDWF FSR2L, F, A",0x004F66
0x005280,0xFDA,FSR2H,read_write,,"ADDWFC FSR2H, F, A",0x004F66
0x005282,0xFDE,POSTINC2,write,,"MOVFF ram_06B, POSTINC2",0x004F66
0x005286,0xFDD,POSTDEC2,write,,"MOVFF ram_06C, POSTDEC2",0x004F66
0x00528E,0xFD9,FSR2L,write,,"MOVWF FSR2L, A",0x004F66
0x005290,0xFDA,FSR2H,write,,"CLRF FSR2H, A",0x004F66
0x005292,0xFDF,INDF2,read,,"MOVF INDF2, W, A",0x004F66
0x00529A,0xFD9,FSR2L,write,,"MOVWF FSR2L, A",0x004F66
0x00529C,0xFDA,FSR2H,write,,"CLRF FSR2H, A",0x004F66
0x0052A2,0xFE1,FSR1L,write,,"MOVWF FSR1L, A",0x004F66
0x0052A8,0xFE2,FSR1H,write,,"MOVWF FSR1H, A",0x004F66
0x0052AA,0xFDF,INDF2,read,,"MOVFF INDF2, INDF1",0x004F66
0x0052AA,0xFE7,INDF1,write,,"MOVFF INDF2, INDF1",0x004F66
0x0052B2,0xFD9,FSR2L,write,,"MOVWF FSR2L, A",0x004F66
0x0052B4,0xFDA,FSR2H,write,,"CLRF FSR2H, A",0x004F66
0x0052B6,0xFDF,INDF2,read,,"MOVF INDF2, W, A",0x004F66
0x0052BA,0xFF3,PRODL,read,,"MOVF PRODL, W, A",0x004F66
0x0052BE,0xFD9,FSR2L,write,,"MOVWF FSR2L, A",0x004F66
0x0052C0,0xFDA,FSR2H,write,,"CLRF FSR2H, A",0x004F66
0x0052CA,0xFD8,STATUS,read_write,0,"BCF STATUS, 0, A",0x004F66
0x0052CE,0xFE1,FSR1L,write,,"MOVWF FSR1L, A",0x004F66
0x0052D2,0xFE2,FSR1H,write,,"MOVWF FSR1H, A",0x004F66
0x0052D4,0xFD8,STATUS,read_write,0,"BCF STATUS, 0, A",0x004F66
0x0052D6,0xFE1,FSR1L,read_write,,"RLCF FSR1L, F, A",0x004F66
0x0052D8,0xFE2,FSR1H,read_write,,"RLCF FSR1H, F, A",0x004F66
0x0052DC,0xFE1,FSR1L,read_write,,"ADDWF FSR1L, F, A",0x004F66
0x0052E0,0xFE2,FSR1H,read_write,,"ADDWFC FSR1H, F, A",0x004F66
0x0052E2,0xFDE,POSTINC2,read,,"MOVFF POSTINC2, POSTINC1",0x004F66
0x0052E2,0xFE6,POSTINC1,write,,"MOVFF POSTINC2, POSTINC1",0x004F66
0x0052E6,0xFDE,POSTINC2,read,,"MOVFF POSTINC2, POSTINC1",0x004F66
0x0052E6,0xFE6,POSTINC1,write,,"MOVFF POSTINC2, POSTINC1",0x004F66
0x0052EA,0xFDE,POSTINC2,read,,"MOVFF POSTINC2, POSTINC1",0x004F66
0x0052EA,0xFE6,POSTINC1,write,,"MOVFF POSTINC2, POSTINC1",0x004F66
0x0052EE,0xFDE,POSTINC2,read,,"MOVFF POSTINC2, POSTINC1",0x004F66
0x0052EE,0xFE6,POSTINC1,write,,"MOVFF POSTINC2, POSTINC1",0x004F66
0x00530A,0xFD8,STATUS,read_write,0,"BCF STATUS, 0, A",0x004F66
0x00530E,0xFD8,STATUS,read_write,0,"BCF STATUS, 0, A",0x004F66
0x005312,0xFD8,STATUS,read_write,0,"BCF STATUS, 0, A",0x004F66
0x00532C,0xFD9,FSR2L,write,,"MOVWF FSR2L, A",0x004F66
0x005332,0xFDA,FSR2H,write,,"MOVWF FSR2H, A",0x004F66
0x005334,0xFDF,INDF2,read,,"MOVF INDF2, W, A",0x004F66
0x005342,0xFF3,PRODL,read,,"MOVF PRODL, W, A",0x004F66
0x005346,0xFD9,FSR2L,write,,"MOVWF FSR2L, A",0x004F66
0x005348,0xFDA,FSR2H,write,,"CLRF FSR2H, A",0x004F66
0x00534C,0xFDE,POSTINC2,write,,"MOVWF POSTINC2, A",0x004F66
0x00535C,0xFF3,PRODL,read,,"MOVF PRODL, W, A",0x004F66
0x005360,0xFD9,FSR2L,write,,"MOVWF FSR2L, A",0x004F66
0x005362,0xFDA,FSR2H,write,,"CLRF FSR2H, A",0x004F66
0x005366,0xFDE,POSTINC2,write,,"MOVWF POSTINC2, A",0x004F66
0x005370,0xFF3,PRODL,read,,"MOVF PRODL, W, A",0x004F66
0x005374,0xFD9,FSR2L,write,,"MOVWF FSR2L, A",0x004F66
0x005376,0xFDA,FSR2H,write,,"CLRF FSR2H, A",0x004F66
0x00537A,0xFDE,POSTINC2,write,,"MOVWF POSTINC2, A",0x004F66
0x00537E,0xFDD,POSTDEC2,write,,"MOVWF POSTDEC2, A",0x004F66
0x005732,0xFD9,FSR2L,write,,"MOVWF FSR2L, A",0x005386
0x005734,0xFDA,FSR2H,write,,"CLRF FSR2H, A",0x005386
0x005738,0xFDA,FSR2H,read_write,,"ADDWFC FSR2H, F, A",0x005386
0x00573A,0xFDF,INDF2,read,,"MOVF INDF2, W, A",0x005386
0x005744,0xFF3,PRODL,read,,"ADDWF PRODL, W, A",0x005386
0x005746,0xFD9,FSR2L,write,,"MOVWF FSR2L, A",0x005386
0x00574A,0xFF4,PRODH,read,,"ADDWFC PRODH, W, A",0x005386
0x00574C,0xFDA,FSR2H,write,,"MOVWF FSR2H, A",0x005386
0x00574E,0xFDE,POSTINC2,read_write,,"INCF POSTINC2, F, A",0x005386
0x005752,0xFDD,POSTDEC2,read_write,,"ADDWFC POSTDEC2, F, A",0x005386
0x00575C,0xFF3,PRODL,read,,"ADDWF PRODL, W, A",0x005386
0x00575E,0xFD9,FSR2L,write,,"MOVWF FSR2L, A",0x005386
0x005762,0xFF4,PRODH,read,,"ADDWFC PRODH, W, A",0x005386
0x005764,0xFDA,FSR2H,write,,"MOVWF FSR2H, A",0x005386
0x005766,0xFDE,POSTINC2,write,,"CLRF POSTINC2, A",0x005386
0x005768,0xFDD,POSTDEC2,write,,"CLRF POSTDEC2, A",0x005386
0x005770,0xFF3,PRODL,read,,"ADDWF PRODL, W, A",0x005386
0x005772,0xFD9,FSR2L,write,,"MOVWF FSR2L, A",0x005386
0x005776,0xFF4,PRODH,read,,"ADDWFC PRODH, W, A",0x005386
0x005778,0xFDA,FSR2H,write,,"MOVWF FSR2H, A",0x005386
0x00577C,0xFDE,POSTINC2,read,,"SUBWF POSTINC2, W, A",0x005386
0x005780,0xFDE,POSTINC2,read,,"SUBWFB POSTINC2, W, A",0x005386
0x005788,0xFD9,FSR2L,write,,"MOVWF FSR2L, A",0x005386
0x00578A,0xFDA,FSR2H,write,,"CLRF FSR2H, A",0x005386
0x00578E,0xFDA,FSR2H,read_write,,"ADDWFC FSR2H, F, A",0x005386
0x005792,0xFDF,INDF2,write,,"MOVWF INDF2, A",0x005386
0x0057B2,0xFF3,PRODL,read,,"ADDWF PRODL, W, A",0x0057A0
0x0057B4,0xFD9,FSR2L,write,,"MOVWF FSR2L, A",0x0057A0
0x0057B8,0xFF4,PRODH,read,,"ADDWFC PRODH, W, A",0x0057A0
0x0057BA,0xFDA,FSR2H,write,,"MOVWF FSR2H, A",0x0057A0
0x0057BC,0xFDE,POSTINC2,read,,"MOVFF POSTINC2, ram_06C",0x0057A0
0x0057C0,0xFDE,POSTINC2,read,,"MOVFF POSTINC2, ram_06D",0x0057A0
0x0057C4,0xFDE,POSTINC2,read,,"MOVFF POSTINC2, ram_06E",0x0057A0
0x0057C8,0xFDE,POSTINC2,read,,"MOVFF POSTINC2, ram_06F",0x0057A0
0x0057D2,0xFF3,PRODL,read,,"ADDWF PRODL, W, A",0x0057A0
0x0057D4,0xFD9,FSR2L,write,,"MOVWF FSR2L, A",0x0057A0
0x0057D8,0xFF4,PRODH,read,,"ADDWFC PRODH, W, A",0x0057A0
0x0057DA,0xFDA,FSR2H,write,,"MOVWF FSR2H, A",0x0057A0
0x0057DC,0xFDE,POSTINC2,read,,"MOVFF POSTINC2, ram_070",0x0057A0
0x0057E0,0xFDD,POSTDEC2,read,,"MOVFF POSTDEC2, ram_071",0x0057A0
0x0057F8,0xFF3,PRODL,read,,"MOVFF PRODL, ram_076",0x0057A0
0x0057FC,0xFF4,PRODH,read,,"MOVFF PRODH, ram_077",0x0057A0
0x005806,0xFF3,PRODL,read,,"MOVF PRODL, W, A",0x0057A0
0x00580A,0xFF4,PRODH,read,,"MOVF PRODH, W, A",0x0057A0
0x005816,0xFF3,PRODL,read,,"MOVF PRODL, W, A",0x0057A0
0x00581A,0xFF4,PRODH,read,,"MOVF PRODH, W, A",0x0057A0
0x005826,0xFF3,PRODL,read,,"MOVF PRODL, W, A",0x0057A0
0x00582A,0xFF4,PRODH,read,,"MOVF PRODH, W, A",0x0057A0
0x005832,0xFF3,PRODL,read,,"MOVF PRODL, W, A",0x0057A0
0x005836,0xFF4,PRODH,read,,"MOVF PRODH, W, A",0x0057A0
0x00583E,0xFF3,PRODL,read,,"MOVF PRODL, W, A",0x0057A0
0x005842,0xFF4,PRODH,read,,"MOVF PRODH, W, A",0x0057A0
0x00584A,0xFF3,PRODL,read,,"MOVF PRODL, W, A",0x0057A0
0x005852,0xFF3,PRODL,read,,"MOVF PRODL, W, A",0x0057A0
0x00585A,0xFF3,PRODL,read,,"MOVF PRODL, W, A",0x0057A0
0x005862,0xFF3,PRODL,read,,"MOVF PRODL, W, A",0x0057A0
0x005866,0xFD8,STATUS,read_write,0,"BCF STATUS, 0, A",0x0057A0
0x00587E,0xFF3,PRODL,read,,"ADDWF PRODL, W, A",0x0057A0
0x005880,0xFD9,FSR2L,write,,"MOVWF FSR2L, A",0x0057A0
0x005884,0xFF4,PRODH,read,,"ADDWFC PRODH, W, A",0x0057A0
0x005886,0xFDA,FSR2H,write,,"MOVWF FSR2H, A",0x0057A0
0x005888,0xFDE,POSTINC2,read,,"MOVFF POSTINC2, ram_06C",0x0057A0
0x00588C,0xFDE,POSTINC2,read,,"MOVFF POSTINC2, ram_06D",0x0057A0
0x005890,0xFDE,POSTINC2,read,,"MOVFF POSTINC2, ram_06E",0x0057A0
0x005894,0xFDE,POSTINC2,read,,"MOVFF POSTINC2, ram_06F",0x0057A0
0x00589E,0xFF3,PRODL,read,,"ADDWF PRODL, W, A",0x0057A0
0x0058A0,0xFD9,FSR2L,write,,"MOVWF FSR2L, A",0x0057A0
0x0058A4,0xFF4,PRODH,read,,"ADDWFC PRODH, W, A",0x0057A0
0x0058A6,0xFDA,FSR2H,write,,"MOVWF FSR2H, A",0x0057A0
0x0058A8,0xFDE,POSTINC2,read,,"MOVFF POSTINC2, ram_070",0x0057A0
0x0058AC,0xFDE,POSTINC2,read,,"MOVFF POSTINC2, ram_071",0x0057A0
0x0058B0,0xFDE,POSTINC2,read,,"MOVFF POSTINC2, ram_072",0x0057A0
0x0058B4,0xFDE,POSTINC2,read,,"MOVFF POSTINC2, ram_073",0x0057A0
0x0058E6,0xFF3,PRODL,read,,"ADDWF PRODL, W, A",0x0057A0
0x0058E8,0xFD9,FSR2L,write,,"MOVWF FSR2L, A",0x0057A0
0x0058EC,0xFF4,PRODH,read,,"ADDWFC PRODH, W, A",0x0057A0
0x0058EE,0xFDA,FSR2H,write,,"MOVWF FSR2H, A",0x0057A0
0x0058F0,0xFDE,POSTINC2,read,,"MOVFF POSTINC2, ram_06C",0x0057A0
0x0058F4,0xFDE,POSTINC2,read,,"MOVFF POSTINC2, ram_06D",0x0057A0
0x0058F8,0xFDE,POSTINC2,read,,"MOVFF POSTINC2, ram_06E",0x0057A0
0x0058FC,0xFDE,POSTINC2,read,,"MOVFF POSTINC2, ram_06F",0x0057A0
0x005906,0xFF3,PRODL,read,,"ADDWF PRODL, W, A",0x0057A0
0x005908,0xFD9,FSR2L,write,,"MOVWF FSR2L, A",0x0057A0
0x00590C,0xFF4,PRODH,read,,"ADDWFC PRODH, W, A",0x0057A0
0x00590E,0xFDA,FSR2H,write,,"MOVWF FSR2H, A",0x0057A0
0x005910,0xFDE,POSTINC2,read,,"MOVFF POSTINC2, ram_070",0x0057A0
0x005914,0xFDD,POSTDEC2,read,,"MOVFF POSTDEC2, ram_071",0x0057A0
0x00591E,0xFF3,PRODL,read,,"ADDWF PRODL, W, A",0x0057A0
0x005920,0xFD9,FSR2L,write,,"MOVWF FSR2L, A",0x0057A0
0x005924,0xFF4,PRODH,read,,"ADDWFC PRODH, W, A",0x0057A0
0x005926,0xFDA,FSR2H,write,,"MOVWF FSR2H, A",0x0057A0
0x005928,0xFDE,POSTINC2,read,,"MOVFF POSTINC2, ram_072",0x0057A0
0x00592C,0xFDD,POSTDEC2,read,,"MOVFF POSTDEC2, ram_073",0x0057A0
0x00594C,0xFF3,PRODL,read,,"MOVFF PRODL, ram_078",0x0057A0
0x005950,0xFF4,PRODH,read,,"MOVFF PRODH, ram_079",0x0057A0
0x00595A,0xFF3,PRODL,read,,"MOVF PRODL, W, A",0x0057A0
0x00595E,0xFF4,PRODH,read,,"MOVF PRODH, W, A",0x0057A0
0x00596A,0xFF3,PRODL,read,,"MOVF PRODL, W, A",0x0057A0
0x00596E,0xFF4,PRODH,read,,"MOVF PRODH, W, A",0x0057A0
0x00597A,0xFF3,PRODL,read,,"MOVF PRODL, W, A",0x0057A0
0x00597E,0xFF4,PRODH,read,,"MOVF PRODH, W, A",0x0057A0
0x005986,0xFF3,PRODL,read,,"MOVF PRODL, W, A",0x0057A0
0x00598A,0xFF4,PRODH,read,,"MOVF PRODH, W, A",0x0057A0
0x005992,0xFF3,PRODL,read,,"MOVF PRODL, W, A",0x0057A0
0x005996,0xFF4,PRODH,read,,"MOVF PRODH, W, A",0x0057A0
0x00599E,0xFF3,PRODL,read,,"MOVF PRODL, W, A",0x0057A0
0x0059A6,0xFF3,PRODL,read,,"MOVF PRODL, W, A",0x0057A0
0x0059AE,0xFF3,PRODL,read,,"MOVF PRODL, W, A",0x0057A0
0x0059B6,0xFF3,PRODL,read,,"MOVF PRODL, W, A",0x0057A0
0x0059BA,0xFD8,STATUS,read_write,0,"BCF STATUS, 0, A",0x0057A0
0x0059D2,0xFF3,PRODL,read,,"ADDWF PRODL, W, A",0x0057A0
0x0059D4,0xFD9,FSR2L,write,,"MOVWF FSR2L, A",0x0057A0
0x0059D8,0xFF4,PRODH,read,,"ADDWFC PRODH, W, A",0x0057A0
0x0059DA,0xFDA,FSR2H,write,,"MOVWF FSR2H, A",0x0057A0
0x0059DC,0xFDE,POSTINC2,read,,"MOVFF POSTINC2, ram_06C",0x0057A0
0x0059E0,0xFDE,POSTINC2,read,,"MOVFF POSTINC2, ram_06D",0x0057A0
0x0059E4,0xFDE,POSTINC2,read,,"MOVFF POSTINC2, ram_06E",0x0057A0
0x0059E8,0xFDE,POSTINC2,read,,"MOVFF POSTINC2, ram_06F",0x0057A0
0x0059F0,0xFD9,FSR2L,write,,"MOVWF FSR2L, A",0x0057A0
0x0059F2,0xFDA,FSR2H,write,,"CLRF FSR2H, A",0x0057A0
0x0059F6,0xFDA,FSR2H,read_write,,"ADDWFC FSR2H, F, A",0x0057A0
0x0059F8,0xFDF,INDF2,read,,"MOVF INDF2, W, A",0x0057A0
0x005A0A,0xFF3,PRODL,read,,"MOVFF PRODL, ram_075",0x0057A0
0x005A0E,0xFF4,PRODH,read,,"MOVFF PRODH, ram_076",0x0057A0
0x005A18,0xFF3,PRODL,read,,"MOVF PRODL, W, A",0x0057A0
0x005A1C,0xFF4,PRODH,read,,"MOVF PRODH, W, A",0x0057A0
0x005A28,0xFF3,PRODL,read,,"MOVF PRODL, W, A",0x0057A0
0x005A2C,0xFF4,PRODH,read,,"MOVF PRODH, W, A",0x0057A0
0x005A38,0xFF3,PRODL,read,,"MOVF PRODL, W, A",0x0057A0
0x005A3C,0xFF4,PRODH,read,,"MOVF PRODH, W, A",0x0057A0
0x005A44,0xFF3,PRODL,read,,"MOVF PRODL, W, A",0x0057A0
0x005A48,0xFF4,PRODH,read,,"MOVF PRODH, W, A",0x0057A0
0x005A50,0xFF3,PRODL,read,,"MOVF PRODL, W, A",0x0057A0
0x005A54,0xFF4,PRODH,read,,"MOVF PRODH, W, A",0x0057A0
0x005A5C,0xFF3,PRODL,read,,"MOVF PRODL, W, A",0x0057A0
0x005A64,0xFF3,PRODL,read,,"MOVF PRODL, W, A",0x0057A0
0x005A6C,0xFF3,PRODL,read,,"MOVF PRODL, W, A",0x0057A0
0x005A74,0xFF3,PRODL,read,,"MOVF PRODL, W, A",0x0057A0
0x005A8E,0xFF3,PRODL,read,,"ADDWF PRODL, W, A",0x0057A0
0x005A90,0xFD9,FSR2L,write,,"MOVWF FSR2L, A",0x0057A0
0x005A94,0xFF4,PRODH,read,,"ADDWFC PRODH, W, A",0x0057A0
0x005A96,0xFDA,FSR2H,write,,"MOVWF FSR2H, A",0x0057A0
0x005A98,0xFDE,POSTINC2,read,,"MOVF POSTINC2, W, A",0x0057A0
0x005A9C,0xFDE,POSTINC2,read,,"MOVF POSTINC2, W, A",0x0057A0
0x005AA0,0xFDE,POSTINC2,read,,"MOVF POSTINC2, W, A",0x0057A0
0x005AAA,0xFDE,POSTINC2,read,,"MOVF POSTINC2, W, A",0x0057A0
0x005AB8,0xFF3,PRODL,read,,"ADDWF PRODL, W, A",0x0057A0
0x005ABA,0xFD9,FSR2L,write,,"MOVWF FSR2L, A",0x0057A0
0x005ABE,0xFF4,PRODH,read,,"ADDWFC PRODH, W, A",0x0057A0
0x005AC0,0xFDA,FSR2H,write,,"MOVWF FSR2H, A",0x0057A0
0x005AC2,0xFDE,POSTINC2,read,,"MOVF POSTINC2, W, A",0x0057A0
0x005AC6,0xFDE,POSTINC2,read,,"MOVF POSTINC2, W, A",0x0057A0
0x005ACA,0xFDE,POSTINC2,read,,"MOVF POSTINC2, W, A",0x0057A0
0x005ACE,0xFDD,POSTDEC2,read,,"MOVF POSTDEC2, W, A",0x0057A0
0x005AD8,0xFF3,PRODL,read,,"ADDWF PRODL, W, A",0x0057A0
0x005ADA,0xFD9,FSR2L,write,,"MOVWF FSR2L, A",0x0057A0
0x005ADE,0xFF4,PRODH,read,,"ADDWFC PRODH, W, A",0x0057A0
0x005AE0,0xFDA,FSR2H,write,,"MOVWF FSR2H, A",0x0057A0
0x005AE2,0xFDE,POSTINC2,read,,"MOVF POSTINC2, W, A",0x0057A0
0x005AE6,0xFDE,POSTINC2,read,,"MOVF POSTINC2, W, A",0x0057A0
0x005AEA,0xFDE,POSTINC2,read,,"MOVF POSTINC2, W, A",0x0057A0
0x005AEE,0xFDD,POSTDEC2,read,,"MOVF POSTDEC2, W, A",0x0057A0
0x005AF8,0xFF3,PRODL,read,,"ADDWF PRODL, W, A",0x0057A0
0x005AFA,0xFD9,FSR2L,write,,"MOVWF FSR2L, A",0x0057A0
0x005AFE,0xFF4,PRODH,read,,"ADDWFC PRODH, W, A",0x0057A0
0x005B00,0xFDA,FSR2H,write,,"MOVWF FSR2H, A",0x0057A0
0x005B02,0xFDE,POSTINC2,read,,"MOVF POSTINC2, W, A",0x0057A0
0x005B06,0xFDE,POSTINC2,read,,"MOVF POSTINC2, W, A",0x0057A0
0x005B0A,0xFDE,POSTINC2,read,,"MOVF POSTINC2, W, A",0x0057A0
0x005B0E,0xFDD,POSTDEC2,read,,"MOVF POSTDEC2, W, A",0x0057A0
0x005B18,0xFF3,PRODL,read,,"ADDWF PRODL, W, A",0x0057A0
0x005B1A,0xFD9,FSR2L,write,,"MOVWF FSR2L, A",0x0057A0
0x005B1E,0xFF4,PRODH,read,,"ADDWFC PRODH, W, A",0x0057A0
0x005B20,0xFDA,FSR2H,write,,"MOVWF FSR2H, A",0x0057A0
0x005B22,0xFDE,POSTINC2,read,,"MOVFF POSTINC2, ram_020",0x0057A0
0x005B26,0xFDE,POSTINC2,read,,"MOVFF POSTINC2, ram_021",0x0057A0
0x005B2A,0xFDE,POSTINC2,read,,"MOVFF POSTINC2, ram_022",0x0057A0
0x005B2E,0xFDE,POSTINC2,read,,"MOVFF POSTINC2, ram_023",0x0057A0
0x005BB6,0xFF3,PRODL,read,,"ADDWF PRODL, W, A",0x005B66
0x005BB8,0xFD9,FSR2L,write,,"MOVWF FSR2L, A",0x005B66
0x005BBC,0xFF4,PRODH,read,,"ADDWFC PRODH, W, A",0x005B66
0x005BBE,0xFDA,FSR2H,write,,"MOVWF FSR2H, A",0x005B66
0x005BC0,0xFDE,POSTINC2,write,,"MOVFF ram_019, POSTINC2",0x005B66
0x005BC4,0xFDD,POSTDEC2,write,,"MOVFF ram_01A, POSTDEC2",0x005B66
0x005BCE,0xFF3,PRODL,read,,"ADDWF PRODL, W, A",0x005B66
0x005BD0,0xFD9,FSR2L,write,,"MOVWF FSR2L, A",0x005B66
0x005BD4,0xFF4,PRODH,read,,"ADDWFC PRODH, W, A",0x005B66
0x005BD6,0xFDA,FSR2H,write,,"MOVWF FSR2H, A",0x005B66
0x005BD8,0xFDE,POSTINC2,read,,"MOVF POSTINC2, W, A",0x005B66
0x005BDA,0xFDD,POSTDEC2,write,,"MOVWF POSTDEC2, A",0x005B66
0x005BDC,0xFDF,INDF2,write,,"CLRF INDF2, A",0x005B66
0x005BE4,0xFF3,PRODL,read,,"ADDWF PRODL, W, A",0x005B66
0x005BE6,0xFD9,FSR2L,write,,"MOVWF FSR2L, A",0x005B66
0x005BEA,0xFF4,PRODH,read,,"ADDWFC PRODH, W, A",0x005B66
0x005BEC,0xFDA,FSR2H,write,,"MOVWF FSR2H, A",0x005B66
0x005BFA,0xFDE,POSTINC2,read_write,,"IORWF POSTINC2, F, A",0x005B66
0x005BFE,0xFDD,POSTDEC2,read_write,,"IORWF POSTDEC2, F, A",0x005B66
0x005C62,0xFD8,STATUS,read_write,0,"BCF STATUS, 0, A",0x005B66
0x005C68,0xFD9,FSR2L,write,,"MOVWF FSR2L, A",0x005B66
0x005C6C,0xFDA,FSR2H,write,,"MOVWF FSR2H, A",0x005B66
0x005C70,0xFD9,FSR2L,read_write,,"ADDWF FSR2L, F, A",0x005B66
0x005C74,0xFDA,FSR2H,read_write,,"ADDWFC FSR2H, F, A",0x005B66
0x005C76,0xFDE,POSTINC2,write,,"MOVFF ram_019, POSTINC2",0x005B66
0x005C7A,0xFDD,POSTDEC2,write,,"MOVFF ram_01A, POSTDEC2",0x005B66
0x005C7E,0xFD8,STATUS,read_write,0,"BCF STATUS, 0, A",0x005B66
0x005C82,0xFD9,FSR2L,write,,"MOVWF FSR2L, A",0x005B66
0x005C86,0xFDA,FSR2H,write,,"MOVWF FSR2H, A",0x005B66
0x005C8A,0xFD9,FSR2L,read_write,,"ADDWF FSR2L, F, A",0x005B66
0x005C8E,0xFDA,FSR2H,read_write,,"ADDWFC FSR2H, F, A",0x005B66
0x005C90,0xFDE,POSTINC2,read,,"MOVF POSTINC2, W, A",0x005B66
0x005C92,0xFDD,POSTDEC2,write,,"MOVWF POSTDEC2, A",0x005B66
0x005C94,0xFDF,INDF2,write,,"CLRF INDF2, A",0x005B66
0x005C96,0xFD8,STATUS,read_write,0,"BCF STATUS, 0, A",0x005B66
0x005C9A,0xFD9,FSR2L,write,,"MOVWF FSR2L, A",0x005B66
0x005C9E,0xFDA,FSR2H,write,,"MOVWF FSR2H, A",0x005B66
0x005CA2,0xFD9,FSR2L,read_write,,"ADDWF FSR2L, F, A",0x005B66
0x005CA6,0xFDA,FSR2H,read_write,,"ADDWFC FSR2H, F, A",0x005B66
0x005CB4,0xFDE,POSTINC2,read_write,,"IORWF POSTINC2, F, A",0x005B66
0x005CB8,0xFDD,POSTDEC2,read_write,,"IORWF POSTDEC2, F, A",0x005B66
0x005D20,0xFD8,STATUS,read_write,0,"BCF STATUS, 0, A",0x005B66
0x005D26,0xFD9,FSR2L,write,,"MOVWF FSR2L, A",0x005B66
0x005D2A,0xFDA,FSR2H,write,,"MOVWF FSR2H, A",0x005B66
0x005D2E,0xFD9,FSR2L,read_write,,"ADDWF FSR2L, F, A",0x005B66
0x005D32,0xFDA,FSR2H,read_write,,"ADDWFC FSR2H, F, A",0x005B66
0x005D34,0xFDE,POSTINC2,write,,"MOVFF ram_019, POSTINC2",0x005B66
0x005D38,0xFDD,POSTDEC2,write,,"MOVFF ram_01A, POSTDEC2",0x005B66
0x005D3C,0xFD8,STATUS,read_write,0,"BCF STATUS, 0, A",0x005B66
0x005D40,0xFD9,FSR2L,write,,"MOVWF FSR2L, A",0x005B66
0x005D44,0xFDA,FSR2H,write,,"MOVWF FSR2H, A",0x005B66
0x005D48,0xFD9,FSR2L,read_write,,"ADDWF FSR2L, F, A",0x005B66
0x005D4C,0xFDA,FSR2H,read_write,,"ADDWFC FSR2H, F, A",0x005B66
0x005D4E,0xFDE,POSTINC2,read,,"MOVF POSTINC2, W, A",0x005B66
0x005D50,0xFDD,POSTDEC2,write,,"MOVWF POSTDEC2, A",0x005B66
0x005D52,0xFDF,INDF2,write,,"CLRF INDF2, A",0x005B66
0x005D54,0xFD8,STATUS,read_write,0,"BCF STATUS, 0, A",0x005B66
0x005D58,0xFD9,FSR2L,write,,"MOVWF FSR2L, A",0x005B66
0x005D5C,0xFDA,FSR2H,write,,"MOVWF FSR2H, A",0x005B66
0x005D60,0xFD9,FSR2L,read_write,,"ADDWF FSR2L, F, A",0x005B66
0x005D64,0xFDA,FSR2H,read_write,,"ADDWFC FSR2H, F, A",0x005B66
0x005D72,0xFDE,POSTINC2,read_write,,"IORWF POSTINC2, F, A",0x005B66
0x005D76,0xFDD,POSTDEC2,read_write,,"IORWF POSTDEC2, F, A",0x005B66
0x005D9E,0xFD8,STATUS,read_write,0,"BCF STATUS, 0, A",0x005B66
0x005DA2,0xFD9,FSR2L,write,,"MOVWF FSR2L, A",0x005B66
0x005DA6,0xFDA,FSR2H,write,,"MOVWF FSR2H, A",0x005B66
0x005DAA,0xFD9,FSR2L,read_write,,"ADDWF FSR2L, F, A",0x005B66
0x005DAE,0xFDA,FSR2H,read_write,,"ADDWFC FSR2H, F, A",0x005B66
0x005DB0,0xFDE,POSTINC2,read,,"MOVF POSTINC2, W, A",0x005B66
0x005DB2,0xFDE,POSTINC2,read,,"IORWF POSTINC2, W, A",0x005B66
0x005DB6,0xFD8,STATUS,read_write,0,"BCF STATUS, 0, A",0x005B66
0x005DBA,0xFD9,FSR2L,write,,"MOVWF FSR2L, A",0x005B66
0x005DBE,0xFDA,FSR2H,write,,"MOVWF FSR2H, A",0x005B66
0x005DC2,0xFD9,FSR2L,read_write,,"ADDWF FSR2L, F, A",0x005B66
0x005DC6,0xFDA,FSR2H,read_write,,"ADDWFC FSR2H, F, A",0x005B66
0x005DC8,0xFDE,POSTINC2,read,,"MOVF POSTINC2, W, A",0x005B66
0x005DCA,0xFDE,POSTINC2,read,,"IORWF POSTINC2, W, A",0x005B66
0x005DCE,0xFD8,STATUS,read_write,0,"BCF STATUS, 0, A",0x005B66
0x005DD2,0xFD9,FSR2L,write,,"MOVWF FSR2L, A",0x005B66
0x005DD6,0xFDA,FSR2H,write,,"MOVWF FSR2H, A",0x005B66
0x005DDA,0xFD9,FSR2L,read_write,,"ADDWF FSR2L, F, A",0x005B66
0x005DDE,0xFDA,FSR2H,read_write,,"ADDWFC FSR2H, F, A",0x005B66
0x005DE0,0xFDE,POSTINC2,read,,"MOVF POSTINC2, W, A",0x005B66
0x005DE2,0xFDE,POSTINC2,read,,"IORWF POSTINC2, W, A",0x005B66
0x005DFE,0xFD8,STATUS,read_write,0,"BCF STATUS, 0, A",0x005B66
0x005E02,0xFD9,FSR2L,write,,"MOVWF FSR2L, A",0x005B66
0x005E06,0xFDA,FSR2H,write,,"MOVWF FSR2H, A",0x005B66
0x005E0A,0xFD9,FSR2L,read_write,,"ADDWF FSR2L, F, A",0x005B66
0x005E0E,0xFDA,FSR2H,read_write,,"ADDWFC FSR2H, F, A",0x005B66
0x005E10,0xFDE,POSTINC2,read,,"MOVF POSTINC2, W, A",0x005B66
0x005E12,0xFDE,POSTINC2,read,,"IORWF POSTINC2, W, A",0x005B66
0x005E30,0xFD8,STATUS,read_write,0,"BCF STATUS, 0, A",0x005B66
0x005E34,0xFD9,FSR2L,write,,"MOVWF FSR2L, A",0x005B66
0x005E38,0xFDA,FSR2H,write,,"MOVWF FSR2H, A",0x005B66
0x005E3C,0xFD9,FSR2L,read_write,,"ADDWF FSR2L, F, A",0x005B66
0x005E40,0xFDA,FSR2H,read_write,,"ADDWFC FSR2H, F, A",0x005B66
0x005E42,0xFDE,POSTINC2,read,,"MOVF POSTINC2, W, A",0x005B66
0x005E44,0xFDE,POSTINC2,read,,"IORWF POSTINC2, W, A",0x005B66
0x005E48,0xFD8,STATUS,read_write,0,"BCF STATUS, 0, A",0x005B66
0x005E4C,0xFD9,FSR2L,write,,"MOVWF FSR2L, A",0x005B66
0x005E50,0xFDA,FSR2H,write,,"MOVWF FSR2H, A",0x005B66
0x005E54,0xFD9,FSR2L,read_write,,"ADDWF FSR2L, F, A",0x005B66
0x005E58,0xFDA,FSR2H,read_write,,"ADDWFC FSR2H, F, A",0x005B66
0x005E5A,0xFDE,POSTINC2,read,,"MOVF POSTINC2, W, A",0x005B66
0x005E5C,0xFDE,POSTINC2,read,,"IORWF POSTINC2, W, A",0x005B66
0x005E6C,0xFD8,STATUS,read_write,0,"BCF STATUS, 0, A",0x005B66
0x005E76,0xFD9,FSR2L,write,,"MOVWF FSR2L, A",0x005B66
0x005E7C,0xFDA,FSR2H,write,,"MOVWF FSR2H, A",0x005B66
0x005E7E,0xFDE,POSTINC2,read,,"MOVFF POSTINC2, ram_01B",0x005B66
0x005E82,0xFDD,POSTDEC2,read,,"MOVFF POSTDEC2, ram_01C",0x005B66
0x005E86,0xFD8,STATUS,read_write,0,"BCF STATUS, 0, A",0x005B66
0x005E8A,0xFD9,FSR2L,write,,"MOVWF FSR2L, A",0x005B66
0x005E8E,0xFDA,FSR2H,write,,"MOVWF FSR2H, A",0x005B66
0x005E92,0xFD9,FSR2L,read_write,,"ADDWF FSR2L, F, A",0x005B66
0x005E96,0xFDA,FSR2H,read_write,,"ADDWFC FSR2H, F, A",0x005B66
0x005E98,0xFDE,POSTINC2,read,,"MOVFF POSTINC2, ram_01D",0x005B66
0x005E9C,0xFDD,POSTDEC2,read,,"MOVFF POSTDEC2, ram_01E",0x005B66
0x005EA0,0xFD8,STATUS,read_write,0,"BCF STATUS, 0, A",0x005B66
0x005EA4,0xFD9,FSR2L,write,,"MOVWF FSR2L, A",0x005B66
0x005EA8,0xFDA,FSR2H,write,,"MOVWF FSR2H, A",0x005B66
0x005EAC,0xFD9,FSR2L,read_write,,"ADDWF FSR2L, F, A",0x005B66
0x005EB0,0xFDA,FSR2H,read_write,,"ADDWFC FSR2H, F, A",0x005B66
0x005EB2,0xFDE,POSTINC2,read,,"MOVFF POSTINC2, ram_01F",0x005B66
0x005EB6,0xFDD,POSTDEC2,read,,"MOVFF POSTDEC2, ram_020",0x005B66
0x005EE6,0xFF3,PRODL,read,,"ADDWF PRODL, W, A",0x005B66
0x005EE8,0xFD9,FSR2L,write,,"MOVWF FSR2L, A",0x005B66
0x005EEC,0xFF4,PRODH,read,,"ADDWFC PRODH, W, A",0x005B66
0x005EEE,0xFDA,FSR2H,write,,"MOVWF FSR2H, A",0x005B66
0x005EF0,0xFDE,POSTINC2,write,,"MOVFF ram_012, POSTINC2",0x005B66
0x005EF4,0xFDD,POSTDEC2,write,,"MOVFF ram_013, POSTDEC2",0x005B66
0x005F0A,0xFD8,STATUS,read,0,"BTFSC STATUS, 0, A",0x005B66
0x005F34,0xFF3,PRODL,read,,"MOVFF PRODL, ram_029",0x005F12
0x005F38,0xFF4,PRODH,read,,"MOVFF PRODH, ram_02A",0x005F12
0x005F42,0xFF3,PRODL,read,,"MOVF PRODL, W, A",0x005F12
0x005F46,0xFF4,PRODH,read,,"MOVF PRODH, W, A",0x005F12
0x005F52,0xFF3,PRODL,read,,"MOVF PRODL, W, A",0x005F12
0x005F56,0xFF4,PRODH,read,,"MOVF PRODH, W, A",0x005F12
0x005F62,0xFF3,PRODL,read,,"MOVF PRODL, W, A",0x005F12
0x005F66,0xFF4,PRODH,read,,"MOVF PRODH, W, A",0x005F12
0x005F6E,0xFF3,PRODL,read,,"MOVF PRODL, W, A",0x005F12
0x005F72,0xFF4,PRODH,read,,"MOVF PRODH, W, A",0x005F12
0x005F7A,0xFF3,PRODL,read,,"MOVF PRODL, W, A",0x005F12
0x005F7E,0xFF4,PRODH,read,,"MOVF PRODH, W, A",0x005F12
0x005F86,0xFF3,PRODL,read,,"MOVF PRODL, W, A",0x005F12
0x005F8E,0xFF3,PRODL,read,,"MOVF PRODL, W, A",0x005F12
0x005F96,0xFF3,PRODL,read,,"MOVF PRODL, W, A",0x005F12
0x005F9E,0xFF3,PRODL,read,,"MOVF PRODL, W, A",0x005F12
0x0060B2,0xFF3,PRODL,read,,"MOVFF PRODL, ram_029",0x005F12
0x0060B6,0xFF4,PRODH,read,,"MOVFF PRODH, ram_02A",0x005F12
0x0060C0,0xFF3,PRODL,read,,"MOVF PRODL, W, A",0x005F12
0x0060C4,0xFF4,PRODH,read,,"MOVF PRODH, W, A",0x005F12
0x0060D0,0xFF3,PRODL,read,,"MOVF PRODL, W, A",0x005F12
0x0060D4,0xFF4,PRODH,read,,"MOVF PRODH, W, A",0x005F12
0x0060E0,0xFF3,PRODL,read,,"MOVF PRODL, W, A",0x005F12
0x0060E4,0xFF4,PRODH,read,,"MOVF PRODH, W, A",0x005F12
0x0060EC,0xFF3,PRODL,read,,"MOVF PRODL, W, A",0x005F12
0x0060F0,0xFF4,PRODH,read,,"MOVF PRODH, W, A",0x005F12
0x0060F8,0xFF3,PRODL,read,,"MOVF PRODL, W, A",0x005F12
0x0060FC,0xFF4,PRODH,read,,"MOVF PRODH, W, A",0x005F12
0x006104,0xFF3,PRODL,read,,"MOVF PRODL, W, A",0x005F12
0x00610C,0xFF3,PRODL,read,,"MOVF PRODL, W, A",0x005F12
0x006114,0xFF3,PRODL,read,,"MOVF PRODL, W, A",0x005F12
0x00611C,0xFF3,PRODL,read,,"MOVF PRODL, W, A",0x005F12
0x0061E0,0xFF3,PRODL,read,,"MOVFF PRODL, ram_025",0x005F12
0x0061E4,0xFF4,PRODH,read,,"MOVFF PRODH, ram_026",0x005F12
0x0061EA,0xFF3,PRODL,read,,"MOVF PRODL, W, A",0x005F12
0x006212,0xFF3,PRODL,read,,"MOVFF PRODL, ram_025",0x005F12
0x006216,0xFF4,PRODH,read,,"MOVFF PRODH, ram_026",0x005F12
0x00621C,0xFF3,PRODL,read,,"MOVF PRODL, W, A",0x005F12
0x006256,0xFD8,STATUS,read_write,0,"BCF STATUS, 0, A",0x005F12
0x006264,0xFD8,STATUS,read_write,0,"BCF STATUS, 0, A",0x005F12
0x00626E,0xFE8,WREG,read_write,,"DECFSZ WREG, F, A",0x005F12
0x0062E6,0xFD8,STATUS,read,0,"BTFSS STATUS, 0, A",0x00627C
0x00631E,0xFD8,STATUS,read_write,0,"BCF STATUS, 0, A",0x00627C
0x00634A,0xFDB,PLUSW2,read,,"MOVFF PLUSW2, PLUSW1",0x00627C
0x00634A,0xFE3,PLUSW1,write,,"MOVFF PLUSW2, PLUSW1",0x00627C
0x00634E,0xFE8,WREG,read_write,,"DECF WREG, F, A",0x00627C
0x006372,0xFD8,STATUS,read_write,0,"BCF STATUS, 0, A",0x00627C
0x0063B6,0xFD8,STATUS,read_write,0,"BCF STATUS, 0, A",0x00627C
0x0063BA,0xFD9,FSR2L,write,,"MOVWF FSR2L, A",0x00627C
0x0063BE,0xFDA,FSR2H,write,,"MOVWF FSR2H, A",0x00627C
0x0063C2,0xFD9,FSR2L,read_write,,"ADDWF FSR2L, F, A",0x00627C
0x0063C6,0xFDA,FSR2H,read_write,,"ADDWFC FSR2H, F, A",0x00627C
0x0063CA,0xFDE,POSTINC2,read,,"XORWF POSTINC2, W, A",0x00627C
0x0063D0,0xFDE,POSTINC2,read,,"XORWF POSTINC2, W, A",0x00627C
0x0063D8,0xFF3,PRODL,read,,"MOVF PRODL, W, A",0x00627C
0x0063DC,0xFD9,FSR2L,write,,"MOVWF FSR2L, A",0x00627C
0x0063DE,0xFDA,FSR2H,write,,"CLRF FSR2H, A",0x00627C
0x0063E0,0xFDE,POSTINC2,read,,"MOVFF POSTINC2, ram_021",0x00627C
0x0063E4,0xFDE,POSTINC2,read,,"MOVFF POSTINC2, ram_022",0x00627C
0x0063E8,0xFDE,POSTINC2,read,,"MOVFF POSTINC2, ram_023",0x00627C
0x0063EC,0xFDE,POSTINC2,read,,"MOVFF POSTINC2, ram_024",0x00627C
0x0063F2,0xFD8,STATUS,read_write,0,"BCF STATUS, 0, A",0x00627C
0x0063F6,0xFD9,FSR2L,write,,"MOVWF FSR2L, A",0x00627C
0x0063FA,0xFDA,FSR2H,write,,"MOVWF FSR2H, A",0x00627C
0x0063FE,0xFD9,FSR2L,read_write,,"ADDWF FSR2L, F, A",0x00627C
0x006402,0xFDA,FSR2H,read_write,,"ADDWFC FSR2H, F, A",0x00627C
0x006406,0xFDE,POSTINC2,read,,"SUBWF POSTINC2, W, A",0x00627C
0x00640A,0xFDE,POSTINC2,read,,"SUBWFB POSTINC2, W, A",0x00627C
0x00641C,0xFD8,STATUS,read_write,0,"BCF STATUS, 0, A",0x00627C
0x006420,0xFD9,FSR2L,write,,"MOVWF FSR2L, A",0x00627C
0x006424,0xFDA,FSR2H,write,,"MOVWF FSR2H, A",0x00627C
0x006428,0xFD9,FSR2L,read_write,,"ADDWF FSR2L, F, A",0x00627C
0x00642C,0xFDA,FSR2H,read_write,,"ADDWFC FSR2H, F, A",0x00627C
0x00642E,0xFDE,POSTINC2,read,,"MOVF POSTINC2, W, A",0x00627C
0x006432,0xFDE,POSTINC2,read,,"MOVF POSTINC2, W, A",0x00627C
0x006452,0xFD8,STATUS,read_write,0,"BCF STATUS, 0, A",0x00627C
0x006456,0xFD9,FSR2L,write,,"MOVWF FSR2L, A",0x00627C
0x00645A,0xFDA,FSR2H,write,,"MOVWF FSR2H, A",0x00627C
0x00645E,0xFD9,FSR2L,read_write,,"ADDWF FSR2L, F, A",0x00627C
0x006462,0xFDA,FSR2H,read_write,,"ADDWFC FSR2H, F, A",0x00627C
0x006464,0xFDE,POSTINC2,read,,"MOVFF POSTINC2, ram_070",0x00627C
0x006468,0xFDD,POSTDEC2,read,,"MOVFF POSTDEC2, ram_071",0x00627C
0x00646C,0xFD8,STATUS,read_write,0,"BCF STATUS, 0, A",0x00627C
0x006470,0xFD9,FSR2L,write,,"MOVWF FSR2L, A",0x00627C
0x006474,0xFDA,FSR2H,write,,"MOVWF FSR2H, A",0x00627C
0x006478,0xFD9,FSR2L,read_write,,"ADDWF FSR2L, F, A",0x00627C
0x00647C,0xFDA,FSR2H,read_write,,"ADDWFC FSR2H, F, A",0x00627C
0x00647E,0xFDE,POSTINC2,read,,"MOVFF POSTINC2, ram_072",0x00627C
0x006482,0xFDD,POSTDEC2,read,,"MOVFF POSTDEC2, ram_073",0x00627C
0x006496,0xFF3,PRODL,read,,"MOVF PRODL, W, A",0x00627C
0x00649A,0xFD9,FSR2L,write,,"MOVWF FSR2L, A",0x00627C
0x00649C,0xFDA,FSR2H,write,,"CLRF FSR2H, A",0x00627C
0x00649E,0xFDE,POSTINC2,read,,"MOVFF POSTINC2, ram_070",0x00627C
0x0064A2,0xFDE,POSTINC2,read,,"MOVFF POSTINC2, ram_071",0x00627C
0x0064A6,0xFDE,POSTINC2,read,,"MOVFF POSTINC2, ram_072",0x00627C
0x0064AA,0xFDE,POSTINC2,read,,"MOVFF POSTINC2, ram_073",0x00627C
0x0064B2,0xFF3,PRODL,read,,"MOVF PRODL, W, A",0x00627C
0x0064B6,0xFD9,FSR2L,write,,"MOVWF FSR2L, A",0x00627C
0x0064B8,0xFDA,FSR2H,write,,"CLRF FSR2H, A",0x00627C
0x0064BA,0xFDE,POSTINC2,read,,"MOVFF POSTINC2, ram_074",0x00627C
0x0064BE,0xFDE,POSTINC2,read,,"MOVFF POSTINC2, ram_075",0x00627C
0x0064C2,0xFDE,POSTINC2,read,,"MOVFF POSTINC2, ram_076",0x00627C
0x0064C6,0xFDE,POSTINC2,read,,"MOVFF POSTINC2, ram_077",0x00627C
0x006502,0xFD8,STATUS,read_write,0,"BCF STATUS, 0, A",0x00627C
0x006508,0xFD9,FSR2L,write,,"MOVWF FSR2L, A",0x00627C
0x00650C,0xFDA,FSR2H,write,,"MOVWF FSR2H, A",0x00627C
0x006510,0xFD9,FSR2L,read_write,,"ADDWF FSR2L, F, A",0x00627C
0x006514,0xFDA,FSR2H,read_write,,"ADDWFC FSR2H, F, A",0x00627C
0x006516,0xFDE,POSTINC2,read,,"MOVFF POSTINC2, ram_070",0x00627C
0x00651A,0xFDD,POSTDEC2,read,,"MOVFF POSTDEC2, ram_071",0x00627C
0x00652E,0xFF3,PRODL,read,,"MOVF PRODL, W, A",0x00627C
0x006532,0xFD9,FSR2L,write,,"MOVWF FSR2L, A",0x00627C
0x006534,0xFDA,FSR2H,write,,"CLRF FSR2H, A",0x00627C
0x006536,0xFDE,POSTINC2,read,,"MOVFF POSTINC2, ram_070",0x00627C
0x00653A,0xFDE,POSTINC2,read,,"MOVFF POSTINC2, ram_071",0x00627C
0x00653E,0xFDE,POSTINC2,read,,"MOVFF POSTINC2, ram_072",0x00627C
0x006542,0xFDE,POSTINC2,read,,"MOVFF POSTINC2, ram_073",0x00627C
0x006556,0xFF3,PRODL,read,,"MOVFF PRODL, ram_078",0x00627C
0x00655A,0xFF4,PRODH,read,,"MOVFF PRODH, ram_079",0x00627C
0x006564,0xFF3,PRODL,read,,"MOVF PRODL, W, A",0x00627C
0x006568,0xFF4,PRODH,read,,"MOVF PRODH, W, A",0x00627C
0x006574,0xFF3,PRODL,read,,"MOVF PRODL, W, A",0x00627C
0x006578,0xFF4,PRODH,read,,"MOVF PRODH, W, A",0x00627C
0x006584,0xFF3,PRODL,read,,"MOVF PRODL, W, A",0x00627C
0x006588,0xFF4,PRODH,read,,"MOVF PRODH, W, A",0x00627C
0x006590,0xFF3,PRODL,read,,"MOVF PRODL, W, A",0x00627C
0x006594,0xFF4,PRODH,read,,"MOVF PRODH, W, A",0x00627C
0x00659C,0xFF3,PRODL,read,,"MOVF PRODL, W, A",0x00627C
0x0065A0,0xFF4,PRODH,read,,"MOVF PRODH, W, A",0x00627C
0x0065A8,0xFF3,PRODL,read,,"MOVF PRODL, W, A",0x00627C
0x0065B0,0xFF3,PRODL,read,,"MOVF PRODL, W, A",0x00627C
0x0065B8,0xFF3,PRODL,read,,"MOVF PRODL, W, A",0x00627C
0x0065C0,0xFF3,PRODL,read,,"MOVF PRODL, W, A",0x00627C
0x0065E6,0xFD9,FSR2L,write,,"MOVWF FSR2L, A",0x0065DE
0x0065E8,0xFDA,FSR2H,write,,"CLRF FSR2H, A",0x0065DE
0x0065EC,0xFDA,FSR2H,read_write,,"ADDWFC FSR2H, F, A",0x0065DE
0x0065EE,0xFDF,INDF2,read,,"MOVF INDF2, W, A",0x0065DE
0x006600,0xFF3,PRODL,read,,"ADDWF PRODL, W, A",0x0065DE
0x006602,0xFD9,FSR2L,write,,"MOVWF FSR2L, A",0x0065DE
0x006606,0xFF4,PRODH,read,,"ADDWFC PRODH, W, A",0x0065DE
0x006608,0xFDA,FSR2H,write,,"MOVWF FSR2H, A",0x0065DE
0x00660A,0xFDE,POSTINC2,read,,"MOVFF POSTINC2, ram_060",0x0065DE
0x00660E,0xFDD,POSTDEC2,read,,"MOVFF POSTDEC2, ram_061",0x0065DE
0x00662C,0xFF3,PRODL,read,,"ADDWF PRODL, W, A",0x0065DE
0x00662E,0xFD9,FSR2L,write,,"MOVWF FSR2L, A",0x0065DE
0x006632,0xFF4,PRODH,read,,"ADDWFC PRODH, W, A",0x0065DE
0x006634,0xFDA,FSR2H,write,,"MOVWF FSR2H, A",0x0065DE
0x006636,0xFDE,POSTINC2,write,,"MOVFF ram_060, POSTINC2",0x0065DE
0x00663A,0xFDE,POSTINC2,write,,"MOVFF ram_061, POSTINC2",0x0065DE
0x00663E,0xFDE,POSTINC2,write,,"MOVFF ram_062, POSTINC2",0x0065DE
0x006642,0xFDE,POSTINC2,write,,"MOVFF ram_063, POSTINC2",0x0065DE
0x00664C,0xFF3,PRODL,read,,"ADDWF PRODL, W, A",0x0065DE
0x00664E,0xFD9,FSR2L,write,,"MOVWF FSR2L, A",0x0065DE
0x006652,0xFF4,PRODH,read,,"ADDWFC PRODH, W, A",0x0065DE
0x006654,0xFDA,FSR2H,write,,"MOVWF FSR2H, A",0x0065DE
0x006658,0xFDB,PLUSW2,read,7,"BTFSC PLUSW2, 7, A",0x0065DE
0x00665C,0xFDB,PLUSW2,read,,"MOVF PLUSW2, W, A",0x0065DE
0x006662,0xFDB,PLUSW2,read,,"MOVF PLUSW2, W, A",0x0065DE
0x006668,0xFDB,PLUSW2,read,,"MOVF PLUSW2, W, A",0x0065DE
0x00666E,0xFDE,POSTINC2,read,,"SUBWF POSTINC2, W, A",0x0065DE
0x006678,0xFF3,PRODL,read,,"ADDWF PRODL, W, A",0x0065DE
0x00667A,0xFD9,FSR2L,write,,"MOVWF FSR2L, A",0x0065DE
0x00667E,0xFF4,PRODH,read,,"ADDWFC PRODH, W, A",0x0065DE
0x006680,0xFDA,FSR2H,write,,"MOVWF FSR2H, A",0x0065DE
0x006684,0xFDE,POSTINC2,write,,"MOVWF POSTINC2, A",0x0065DE
0x006686,0xFDE,POSTINC2,write,,"CLRF POSTINC2, A",0x0065DE
0x006688,0xFDE,POSTINC2,write,,"CLRF POSTINC2, A",0x0065DE
0x00668A,0xFDD,POSTDEC2,write,,"CLRF POSTDEC2, A",0x0065DE
0x006692,0xFF3,PRODL,read,,"ADDWF PRODL, W, A",0x0065DE
0x006694,0xFD9,FSR2L,write,,"MOVWF FSR2L, A",0x0065DE
0x006698,0xFF4,PRODH,read,,"ADDWFC PRODH, W, A",0x0065DE
0x00669A,0xFDA,FSR2H,write,,"MOVWF FSR2H, A",0x0065DE
0x00669C,0xFDE,POSTINC2,read,,"MOVFF POSTINC2, ram_01A",0x0065DE
0x0066A0,0xFDD,POSTDEC2,read,,"MOVFF POSTDEC2, ram_01B",0x0065DE
0x0066AE,0xFF3,PRODL,read,,"ADDWF PRODL, W, A",0x0065DE
0x0066B0,0xFD9,FSR2L,write,,"MOVWF FSR2L, A",0x0065DE
0x0066B4,0xFF4,PRODH,read,,"ADDWFC PRODH, W, A",0x0065DE
0x0066B6,0xFDA,FSR2H,write,,"MOVWF FSR2H, A",0x0065DE
0x0066B8,0xFDE,POSTINC2,write,,"MOVFF ram_01A, POSTINC2",0x0065DE
0x0066BC,0xFDD,POSTDEC2,write,,"MOVFF ram_01B, POSTDEC2",0x0065DE
0x0066C4,0xFD9,FSR2L,write,,"MOVWF FSR2L, A",0x0065DE
0x0066C6,0xFDA,FSR2H,write,,"CLRF FSR2H, A",0x0065DE
0x0066CA,0xFDA,FSR2H,read_write,,"ADDWFC FSR2H, F, A",0x0065DE
0x0066CC,0xFDF,INDF2,read,,"MOVF INDF2, W, A",0x0065DE
0x0066E0,0xFD9,FSR2L,write,,"MOVWF FSR2L, A",0x0065DE
0x0066E2,0xFDA,FSR2H,write,,"CLRF FSR2H, A",0x0065DE
0x0066E6,0xFDA,FSR2H,read_write,,"ADDWFC FSR2H, F, A",0x0065DE
0x0066EA,0xFDF,INDF2,write,,"MOVWF INDF2, A",0x0065DE
0x0066F2,0xFF3,PRODL,read,,"ADDWF PRODL, W, A",0x0065DE
0x0066F4,0xFD9,FSR2L,write,,"MOVWF FSR2L, A",0x0065DE
0x0066F8,0xFF4,PRODH,read,,"ADDWFC PRODH, W, A",0x0065DE
0x0066FA,0xFDA,FSR2H,write,,"MOVWF FSR2H, A",0x0065DE
0x0066FE,0xFDB,PLUSW2,read,7,"BTFSS PLUSW2, 7, A",0x0065DE
0x006706,0xFD9,FSR2L,write,,"MOVWF FSR2L, A",0x0065DE
0x006708,0xFDA,FSR2H,write,,"CLRF FSR2H, A",0x0065DE
0x00670C,0xFDA,FSR2H,read_write,,"ADDWFC FSR2H, F, A",0x0065DE
0x00670E,0xFDF,INDF2,read,,"MOVF INDF2, W, A",0x0065DE
0x006722,0xFF3,PRODL,read,,"MOVFF PRODL, ram_077",0x0065DE
0x006726,0xFF4,PRODH,read,,"MOVFF PRODH, ram_078",0x0065DE
0x006730,0xFF3,PRODL,read,,"MOVF PRODL, W, A",0x0065DE
0x006734,0xFF4,PRODH,read,,"MOVF PRODH, W, A",0x0065DE
0x006740,0xFF3,PRODL,read,,"MOVF PRODL, W, A",0x0065DE
0x006744,0xFF4,PRODH,read,,"MOVF PRODH, W, A",0x0065DE
0x006750,0xFF3,PRODL,read,,"MOVF PRODL, W, A",0x0065DE
0x006754,0xFF4,PRODH,read,,"MOVF PRODH, W, A",0x0065DE
0x00675C,0xFF3,PRODL,read,,"MOVF PRODL, W, A",0x0065DE
0x006760,0xFF4,PRODH,read,,"MOVF PRODH, W, A",0x0065DE
0x006768,0xFF3,PRODL,read,,"MOVF PRODL, W, A",0x0065DE
0x00676C,0xFF4,PRODH,read,,"MOVF PRODH, W, A",0x0065DE
0x006774,0xFF3,PRODL,read,,"MOVF PRODL, W, A",0x0065DE
0x00677C,0xFF3,PRODL,read,,"MOVF PRODL, W, A",0x0065DE
0x006784,0xFF3,PRODL,read,,"MOVF PRODL, W, A",0x0065DE
0x00678C,0xFF3,PRODL,read,,"MOVF PRODL, W, A",0x0065DE
0x006790,0xFD8,STATUS,read_write,0,"BCF STATUS, 0, A",0x0065DE
0x0067A8,0xFF3,PRODL,read,,"ADDWF PRODL, W, A",0x0065DE
0x0067AA,0xFD9,FSR2L,write,,"MOVWF FSR2L, A",0x0065DE
0x0067AE,0xFF4,PRODH,read,,"ADDWFC PRODH, W, A",0x0065DE
0x0067B0,0xFDA,FSR2H,write,,"MOVWF FSR2H, A",0x0065DE
0x0067B2,0xFDE,POSTINC2,write,,"MOVFF ram_07B, POSTINC2",0x0065DE
0x0067B6,0xFDE,POSTINC2,write,,"MOVFF ram_07C, POSTINC2",0x0065DE
0x0067BA,0xFDE,POSTINC2,write,,"MOVFF ram_07D, POSTINC2",0x0065DE
0x0067BE,0xFDE,POSTINC2,write,,"MOVFF ram_07E, POSTINC2",0x0065DE
0x0067CA,0xFF3,PRODL,read,,"ADDWF PRODL, W, A",0x0065DE
0x0067CC,0xFD9,FSR2L,write,,"MOVWF FSR2L, A",0x0065DE
0x0067D0,0xFF4,PRODH,read,,"ADDWFC PRODH, W, A",0x0065DE
0x0067D2,0xFDA,FSR2H,write,,"MOVWF FSR2H, A",0x0065DE
0x0067D4,0xFDE,POSTINC2,read,,"MOVFF POSTINC2, ram_072",0x0065DE
0x0067D8,0xFDE,POSTINC2,read,,"MOVFF POSTINC2, ram_073",0x0065DE
0x0067DC,0xFDE,POSTINC2,read,,"MOVFF POSTINC2, ram_074",0x0065DE
0x0067E0,0xFDE,POSTINC2,read,,"MOVFF POSTINC2, ram_075",0x0065DE
0x0067E8,0xFD9,FSR2L,write,,"MOVWF FSR2L, A",0x0065DE
0x0067EA,0xFDA,FSR2H,write,,"CLRF FSR2H, A",0x0065DE
0x0067EE,0xFDA,FSR2H,read_write,,"ADDWFC FSR2H, F, A",0x0065DE
0x0067F0,0xFDF,INDF2,read,,"MOVF INDF2, W, A",0x0065DE
0x006804,0xFF3,PRODL,read,,"MOVFF PRODL, ram_07B",0x0065DE
0x006808,0xFF4,PRODH,read,,"MOVFF PRODH, ram_07C",0x0065DE
0x006812,0xFF3,PRODL,read,,"MOVF PRODL, W, A",0x0065DE
0x006816,0xFF4,PRODH,read,,"MOVF PRODH, W, A",0x0065DE
0x006822,0xFF3,PRODL,read,,"MOVF PRODL, W, A",0x0065DE
0x006826,0xFF4,PRODH,read,,"MOVF PRODH, W, A",0x0065DE
0x006832,0xFF3,PRODL,read,,"MOVF PRODL, W, A",0x0065DE
0x006836,0xFF4,PRODH,read,,"MOVF PRODH, W, A",0x0065DE
0x00683E,0xFF3,PRODL,read,,"MOVF PRODL, W, A",0x0065DE
0x006842,0xFF4,PRODH,read,,"MOVF PRODH, W, A",0x0065DE
0x00684A,0xFF3,PRODL,read,,"MOVF PRODL, W, A",0x0065DE
0x00684E,0xFF4,PRODH,read,,"MOVF PRODH, W, A",0x0065DE
0x006856,0xFF3,PRODL,read,,"MOVF PRODL, W, A",0x0065DE
0x00685E,0xFF3,PRODL,read,,"MOVF PRODL, W, A",0x0065DE
0x006866,0xFF3,PRODL,read,,"MOVF PRODL, W, A",0x0065DE
0x00686E,0xFF3,PRODL,read,,"MOVF PRODL, W, A",0x0065DE
0x006872,0xFD8,STATUS,read_write,0,"BCF STATUS, 0, A",0x0065DE
0x00688A,0xFF3,PRODL,read,,"ADDWF PRODL, W, A",0x0065DE
0x00688C,0xFD9,FSR2L,write,,"MOVWF FSR2L, A",0x0065DE
0x006890,0xFF4,PRODH,read,,"ADDWFC PRODH, W, A",0x0065DE
0x006892,0xFDA,FSR2H,write,,"MOVWF FSR2H, A",0x0065DE
0x006894,0xFDE,POSTINC2,write,,"MOVFF ram_07F, POSTINC2",0x0065DE
0x006898,0xFDE,POSTINC2,write,,"MOVFF ram_080, POSTINC2",0x0065DE
0x00689C,0xFDE,POSTINC2,write,,"MOVFF ram_081, POSTINC2",0x0065DE
0x0068A0,0xFDE,POSTINC2,write,,"MOVFF ram_082, POSTINC2",0x0065DE
0x0068AA,0xFF3,PRODL,read,,"ADDWF PRODL, W, A",0x0065DE
0x0068AC,0xFD9,FSR2L,write,,"MOVWF FSR2L, A",0x0065DE
0x0068B0,0xFF4,PRODH,read,,"ADDWFC PRODH, W, A",0x0065DE
0x0068B2,0xFDA,FSR2H,write,,"MOVWF FSR2H, A",0x0065DE
0x0068B4,0xFDE,POSTINC2,read,,"MOVFF POSTINC2, ram_012",0x0065DE
0x0068B8,0xFDE,POSTINC2,read,,"MOVFF POSTINC2, ram_013",0x0065DE
0x0068BC,0xFDE,POSTINC2,read,,"MOVFF POSTINC2, ram_014",0x0065DE
0x0068C0,0xFDE,POSTINC2,read,,"MOVFF POSTINC2, ram_015",0x0065DE
0x0068D8,0xFF3,PRODL,read,,"ADDWF PRODL, W, A",0x0065DE
0x0068DA,0xFD9,FSR2L,write,,"MOVWF FSR2L, A",0x0065DE
0x0068DE,0xFF4,PRODH,read,,"ADDWFC PRODH, W, A",0x0065DE
0x0068E0,0xFDA,FSR2H,write,,"MOVWF FSR2H, A",0x0065DE
0x0068E2,0xFDE,POSTINC2,write,,"MOVFF ram_012, POSTINC2",0x0065DE
0x0068E6,0xFDE,POSTINC2,write,,"MOVFF ram_013, POSTINC2",0x0065DE
0x0068EA,0xFDE,POSTINC2,write,,"MOVFF ram_014, POSTINC2",0x0065DE
0x0068EE,0xFDE,POSTINC2,write,,"MOVFF ram_015, POSTINC2",0x0065DE
0x0068FC,0xFD9,FSR2L,write,,"MOVWF FSR2L, A",0x0065DE
0x0068FE,0xFDA,FSR2H,write,,"CLRF FSR2H, A",0x0065DE
0x006902,0xFDA,FSR2H,read_write,,"ADDWFC FSR2H, F, A",0x0065DE
0x006904,0xFDF,INDF2,read,,"MOVF INDF2, W, A",0x0065DE
0x00690E,0xFD9,FSR2L,write,,"MOVWF FSR2L, A",0x0065DE
0x006910,0xFDA,FSR2H,write,,"CLRF FSR2H, A",0x0065DE
0x006914,0xFDA,FSR2H,read_write,,"ADDWFC FSR2H, F, A",0x0065DE
0x006916,0xFDF,INDF2,write,,"CLRF INDF2, A",0x0065DE
0x00696E,0xF82,PORTC,read,0,"BTFSC PORTC, 0, A",0x00693A
0x00698C,0xF82,PORTC,read,0,"BTFSC PORTC, 0, A",0x00693A
0x006994,0xF84,PORTE,read,2,"BTFSC PORTE, 2, A",0x00693A
0x00699C,0xF82,PORTC,read,2,"BTFSC PORTC, 2, A",0x00693A
0x0069A4,0xF82,PORTC,read,5,"BTFSC PORTC, 5, A",0x00693A
0x0069AC,0xF83,PORTD,read,7,"BTFSC PORTD, 7, A",0x00693A
0x0069B4,0xF82,PORTC,read,1,"BTFSC PORTC, 1, A",0x00693A
0x0069BC,0xF82,PORTC,read,6,"BTFSC PORTC, 6, A",0x00693A
0x0069C4,0xF83,PORTD,read,6,"BTFSC PORTD, 6, A",0x00693A
0x0069E2,0xFD8,STATUS,read_write,0,"BCF STATUS, 0, A",0x00693A
0x0069F4,0xFF6,TBLPTRL,write,,"MOVWF TBLPTRL, A",0x00693A
0x0069FA,0xFF7,TBLPTRH,write,,"MOVWF TBLPTRH, A",0x00693A
0x0069FE,0xFF5,TABLAT,read,,"MOVFF TABLAT, ram_01C",0x00693A
0x006A04,0xFF5,TABLAT,read,,"MOVFF TABLAT, ram_01D",0x00693A
0x006A22,0xFD8,STATUS,read_write,0,"BCF STATUS, 0, A",0x00693A
0x006A34,0xFF6,TBLPTRL,write,,"MOVWF TBLPTRL, A",0x00693A
0x006A3A,0xFF7,TBLPTRH,write,,"MOVWF TBLPTRH, A",0x00693A
0x006A3E,0xFF5,TABLAT,read,,"MOVFF TABLAT, ram_01E",0x00693A
0x006A44,0xFF5,TABLAT,read,,"MOVFF TABLAT, ram_01F",0x00693A
0x006A5C,0xFF3,PRODL,read,,"ADDWF PRODL, W, A",0x00693A
0x006A5E,0xFF6,TBLPTRL,write,,"MOVWF TBLPTRL, A",0x00693A
0x006A62,0xFF4,PRODH,read,,"ADDWFC PRODH, W, A",0x00693A
0x006A64,0xFF7,TBLPTRH,write,,"MOVWF TBLPTRH, A",0x00693A
0x006A68,0xFF5,TABLAT,read,,"MOVFF TABLAT, ram_01A",0x00693A
0x006A6E,0xFF5,TABLAT,read,,"MOVFF TABLAT, ram_01B",0x00693A
0x006A82,0xF8B,LATC,read_write,4,"BSF LATC, 4, A",0x00693A
0x006A84,0xF8C,LATD,read_write,1,"BSF LATD, 1, A",0x00693A
0x006A94,0xF8B,LATC,read_write,4,"BCF LATC, 4, A",0x00693A
0x006A96,0xF8C,LATD,read_write,1,"BCF LATD, 1, A",0x00693A
0x006A98,0xF8C,LATD,read_write,0,"BSF LATD, 0, A",0x00693A
0x006AA6,0xFE8,WREG,read_write,,"DECF WREG, F, A",0x00693A
0x006AAA,0xF8C,LATD,read_write,0,"BCF LATD, 0, A",0x00693A
0x006AAE,0xFF6,TBLPTRL,write,,"MOVWF TBLPTRL, A",0x00693A
0x006AB2,0xFF7,TBLPTRH,write,,"MOVWF TBLPTRH, A",0x00693A
0x006AB6,0xFF5,TABLAT,read,,"MOVFF TABLAT, ram_01A",0x00693A
0x006ABC,0xFF5,TABLAT,read,,"MOVFF TABLAT, ram_01B",0x00693A
0x006ACA,0xF8C,LATD,read_write,3,"BSF LATD, 3, A",0x00693A
0x006ACC,0xF8B,LATC,read_write,3,"BSF LATC, 3, A",0x00693A
0x006ADE,0xF8C,LATD,read_write,3,"BCF LATD, 3, A",0x00693A
0x006AE0,0xF8B,LATC,read_write,3,"BCF LATC, 3, A",0x00693A
0x006AE4,0xFF6,TBLPTRL,write,,"MOVWF TBLPTRL, A",0x00693A
0x006AE8,0xFF7,TBLPTRH,write,,"MOVWF TBLPTRH, A",0x00693A
0x006AEC,0xFF5,TABLAT,read,,"MOVFF TABLAT, ram_01A",0x00693A
0x006AF2,0xFF5,TABLAT,read,,"MOVFF TABLAT, ram_01B",0x00693A
0x006B1C,0xFD9,FSR2L,write,,"MOVWF FSR2L, A",0x00693A
0x006B1E,0xFDA,FSR2H,write,,"CLRF FSR2H, A",0x00693A
0x006B20,0xFDF,INDF2,read,,"MOVF INDF2, W, A",0x00693A
0x006B3E,0xFD9,FSR2L,write,,"MOVWF FSR2L, A",0x00693A
0x006B40,0xFDA,FSR2H,write,,"CLRF FSR2H, A",0x00693A
0x006B42,0xFDF,INDF2,read,,"MOVF INDF2, W, A",0x00693A
0x006C5A,0xFD8,STATUS,read,2,"BTFSC STATUS, 2, A",0x006BFA
0x006C68,0xFD9,FSR2L,write,,"MOVWF FSR2L, A",0x006BFA
0x006C6A,0xFDA,FSR2H,write,,"CLRF FSR2H, A",0x006BFA
0x006C6E,0xFDA,FSR2H,read_write,,"ADDWFC FSR2H, F, A",0x006BFA
0x006C70,0xFDF,INDF2,read,,"MOVF INDF2, W, A",0x006BFA
0x006C88,0xFF3,PRODL,read,,"ADDWF PRODL, W, A",0x006BFA
0x006C8A,0xFD9,FSR2L,write,,"MOVWF FSR2L, A",0x006BFA
0x006C8E,0xFF4,PRODH,read,,"ADDWFC PRODH, W, A",0x006BFA
0x006C90,0xFDA,FSR2H,write,,"MOVWF FSR2H, A",0x006BFA
0x006C92,0xFDE,POSTINC2,write,,"MOVFF ram_06B, POSTINC2",0x006BFA
0x006C96,0xFDD,POSTDEC2,write,,"MOVFF ram_06C, POSTDEC2",0x006BFA
0x006C9E,0xFD9,FSR2L,write,,"MOVWF FSR2L, A",0x006BFA
0x006CA0,0xFDA,FSR2H,write,,"CLRF FSR2H, A",0x006BFA
0x006CA4,0xFDA,FSR2H,read_write,,"ADDWFC FSR2H, F, A",0x006BFA
0x006CAA,0xFE1,FSR1L,write,,"MOVWF FSR1L, A",0x006BFA
0x006CAC,0xFE2,FSR1H,write,,"CLRF FSR1H, A",0x006BFA
0x006CB0,0xFE2,FSR1H,read_write,,"ADDWFC FSR1H, F, A",0x006BFA
0x006CB2,0xFE7,INDF1,read,,"MOVF INDF1, W, A",0x006BFA
0x006CB6,0xFDF,INDF2,write,,"MOVWF INDF2, A",0x006BFA
0x006CE0,0xFD8,STATUS,read,2,"BTFSC STATUS, 2, A",0x006BFA
0x006CEA,0xFF3,PRODL,read,,"MOVFF PRODL, ram_074",0x006BFA
0x006D48,0xFF3,PRODL,read,,"MOVF PRODL, W, A",0x006BFA
0x006D4C,0xFF4,PRODH,read,,"MOVF PRODH, W, A",0x006BFA
0x006D54,0xFF3,PRODL,read,,"MOVF PRODL, W, A",0x006BFA
0x006D58,0xFF4,PRODH,read,,"MOVF PRODH, W, A",0x006BFA
0x006D60,0xFD9,FSR2L,write,,"MOVWF FSR2L, A",0x006BFA
0x006D66,0xFDA,FSR2H,write,,"MOVWF FSR2H, A",0x006BFA
0x006D74,0xFF3,PRODL,read,,"MOVF PRODL, W, A",0x006BFA
0x006D78,0xFF4,PRODH,read,,"MOVF PRODH, W, A",0x006BFA
0x006D80,0xFE1,FSR1L,write,,"MOVWF FSR1L, A",0x006BFA
0x006D86,0xFE2,FSR1H,write,,"MOVWF FSR1H, A",0x006BFA
0x006D88,0xFE7,INDF1,read,,"MOVF INDF1, W, A",0x006BFA
0x006D8C,0xFDF,INDF2,write,,"MOVWF INDF2, A",0x006BFA
0x006D9A,0xFF3,PRODL,read,,"MOVF PRODL, W, A",0x006BFA
0x006D9E,0xFF4,PRODH,read,,"MOVF PRODH, W, A",0x006BFA
0x006DA6,0xFF3,PRODL,read,,"MOVF PRODL, W, A",0x006BFA
0x006DAA,0xFF4,PRODH,read,,"MOVF PRODH, W, A",0x006BFA
0x006DB2,0xFD9,FSR2L,write,,"MOVWF FSR2L, A",0x006BFA
0x006DB8,0xFDA,FSR2H,write,,"MOVWF FSR2H, A",0x006BFA
0x006DC6,0xFF3,PRODL,read,,"MOVF PRODL, W, A",0x006BFA
0x006DCA,0xFF4,PRODH,read,,"MOVF PRODH, W, A",0x006BFA
0x006DD2,0xFE1,FSR1L,write,,"MOVWF FSR1L, A",0x006BFA
0x006DD8,0xFE2,FSR1H,write,,"MOVWF FSR1H, A",0x006BFA
0x006DDA,0xFE7,INDF1,read,,"MOVF INDF1, W, A",0x006BFA
0x006DDE,0xFDF,INDF2,write,,"MOVWF INDF2, A",0x006BFA
0x006DEC,0xFD9,FSR2L,write,,"MOVWF FSR2L, A",0x006BFA
0x006DEE,0xFDA,FSR2H,write,,"CLRF FSR2H, A",0x006BFA
0x006DF2,0xFDA,FSR2H,read_write,,"ADDWFC FSR2H, F, A",0x006BFA
0x006E08,0xFE1,FSR1L,write,,"MOVWF FSR1L, A",0x006BFA
0x006E0E,0xFE2,FSR1H,write,,"MOVWF FSR1H, A",0x006BFA
0x006E10,0xFDF,INDF2,read,,"MOVFF INDF2, INDF1",0x006BFA
0x006E10,0xFE7,INDF1,write,,"MOVFF INDF2, INDF1",0x006BFA
0x006E18,0xFD9,FSR2L,write,,"MOVWF FSR2L, A",0x006BFA
0x006E1A,0xFDA,FSR2H,write,,"CLRF FSR2H, A",0x006BFA
0x006E1E,0xFDA,FSR2H,read_write,,"ADDWFC FSR2H, F, A",0x006BFA
0x006E34,0xFE1,FSR1L,write,,"MOVWF FSR1L, A",0x006BFA
0x006E3A,0xFE2,FSR1H,write,,"MOVWF FSR1H, A",0x006BFA
0x006E3C,0xFDF,INDF2,read,,"MOVFF INDF2, INDF1",0x006BFA
0x006E3C,0xFE7,INDF1,write,,"MOVFF INDF2, INDF1",0x006BFA
0x006E58,0xF8C,LATD,read_write,3,"BSF LATD, 3, A",0x006E56
0x006E5A,0xF8B,LATC,read_write,4,"BSF LATC, 4, A",0x006E56
0x006E5C,0xF8B,LATC,read_write,3,"BSF LATC, 3, A",0x006E56
0x006E5E,0xF8C,LATD,read_write,0,"BSF LATD, 0, A",0x006E56
0x006E60,0xF8C,LATD,read_write,1,"BSF LATD, 1, A",0x006E56
0x006E6C,0xFF2,INTCON,read_write,7,"BCF INTCON, 7, A",0x006E56
0x006ECE,0xFF3,PRODL,read,,"MOVF PRODL, W, A",0x006E56
0x006ED2,0xFF4,PRODH,read,,"MOVF PRODH, W, A",0x006E56
0x006EDE,0xFF6,TBLPTRL,write,,"MOVFF ram_020, TBLPTRL",0x006E56
0x006EE2,0xFF7,TBLPTRH,write,,"MOVFF ram_021, TBLPTRH",0x006E56
0x006EE8,0xFF5,TABLAT,read,,"MOVFF TABLAT, ram_016",0x006E56
0x006F04,0xFF3,PRODL,read,,"MOVF PRODL, W, A",0x006E56
0x006F08,0xFF4,PRODH,read,,"MOVF PRODH, W, A",0x006E56
0x006F14,0xFF6,TBLPTRL,write,,"MOVFF ram_020, TBLPTRL",0x006E56
0x006F18,0xFF7,TBLPTRH,write,,"MOVFF ram_021, TBLPTRH",0x006E56
0x006F1E,0xFF5,TABLAT,read,,"MOVFF TABLAT, ram_016",0x006E56
0x006FFE,0xFD8,STATUS,read,2,"BTFSS STATUS, 2, A",0x006E56
0x007022,0xFF3,PRODL,read,,"ADDWF PRODL, W, A",0x007006
0x007024,0xFD9,FSR2L,write,,"MOVWF FSR2L, A",0x007006
0x007028,0xFF4,PRODH,read,,"ADDWFC PRODH, W, A",0x007006
0x00702A,0xFDA,FSR2H,write,,"MOVWF FSR2H, A",0x007006
0x007030,0xFE1,FSR1L,write,,"MOVWF FSR1L, A",0x007006
0x007032,0xFE2,FSR1H,write,,"CLRF FSR1H, A",0x007006
0x007036,0xFE2,FSR1H,read_write,,"ADDWFC FSR1H, F, A",0x007006
0x007038,0xFDF,INDF2,read,,"MOVFF INDF2, INDF1",0x007006
0x007038,0xFE7,INDF1,write,,"MOVFF INDF2, INDF1",0x007006
0x007040,0xFD9,FSR2L,write,,"MOVWF FSR2L, A",0x007006
0x007042,0xFDA,FSR2H,write,,"CLRF FSR2H, A",0x007006
0x007046,0xFDA,FSR2H,read_write,,"ADDWFC FSR2H, F, A",0x007006
0x00704C,0xFE1,FSR1L,write,,"MOVWF FSR1L, A",0x007006
0x00704E,0xFE2,FSR1H,write,,"CLRF FSR1H, A",0x007006
0x007052,0xFE2,FSR1H,read_write,,"ADDWFC FSR1H, F, A",0x007006
0x007054,0xFDF,INDF2,read,,"MOVFF INDF2, INDF1",0x007006
0x007054,0xFE7,INDF1,write,,"MOVFF INDF2, INDF1",0x007006
0x007064,0xFD9,FSR2L,write,,"MOVWF FSR2L, A",0x007006
0x007066,0xFDA,FSR2H,write,,"CLRF FSR2H, A",0x007006
0x00706A,0xFDA,FSR2H,read_write,,"ADDWFC FSR2H, F, A",0x007006
0x00706C,0xFDF,INDF2,read,,"MOVF INDF2, W, A",0x007006
0x007076,0xFD9,FSR2L,write,,"MOVWF FSR2L, A",0x007006
0x007078,0xFDA,FSR2H,write,,"CLRF FSR2H, A",0x007006
0x00707C,0xFDA,FSR2H,read_write,,"ADDWFC FSR2H, F, A",0x007006
0x00707E,0xFDF,INDF2,read,,"MOVF INDF2, W, A",0x007006
0x007096,0xFF3,PRODL,read,,"MOVFF PRODL, ram_017",0x007006
0x0070AA,0xFF3,PRODL,read,,"MOVF PRODL, W, A",0x007006
0x0070AE,0xFF4,PRODH,read,,"MOVF PRODH, W, A",0x007006
0x0070B6,0xFF3,PRODL,read,,"MOVF PRODL, W, A",0x007006
0x0070BA,0xFF4,PRODH,read,,"MOVF PRODH, W, A",0x007006
0x0070C2,0xFD9,FSR2L,write,,"MOVWF FSR2L, A",0x007006
0x0070C8,0xFDA,FSR2H,write,,"MOVWF FSR2H, A",0x007006
0x0070D6,0xFF3,PRODL,read,,"MOVF PRODL, W, A",0x007006
0x0070DA,0xFF4,PRODH,read,,"MOVF PRODH, W, A",0x007006
0x0070E2,0xFE1,FSR1L,write,,"MOVWF FSR1L, A",0x007006
0x0070E8,0xFE2,FSR1H,write,,"MOVWF FSR1H, A",0x007006
0x0070EA,0xFDF,INDF2,read,,"MOVFF INDF2, INDF1",0x007006
0x0070EA,0xFE7,INDF1,write,,"MOVFF INDF2, INDF1",0x007006
0x0070FA,0xFF3,PRODL,read,,"MOVF PRODL, W, A",0x007006
0x0070FE,0xFF4,PRODH,read,,"MOVF PRODH, W, A",0x007006
0x007106,0xFF3,PRODL,read,,"MOVF PRODL, W, A",0x007006
0x00710A,0xFF4,PRODH,read,,"MOVF PRODH, W, A",0x007006
0x007112,0xFD9,FSR2L,write,,"MOVWF FSR2L, A",0x007006
0x007118,0xFDA,FSR2H,write,,"MOVWF FSR2H, A",0x007006
0x007126,0xFF3,PRODL,read,,"MOVF PRODL, W, A",0x007006
0x00712A,0xFF4,PRODH,read,,"MOVF PRODH, W, A",0x007006
0x007132,0xFE1,FSR1L,write,,"MOVWF FSR1L, A",0x007006
0x007138,0xFE2,FSR1H,write,,"MOVWF FSR1H, A",0x007006
0x00713A,0xFDF,INDF2,read,,"MOVFF INDF2, INDF1",0x007006
0x00713A,0xFE7,INDF1,write,,"MOVFF INDF2, INDF1",0x007006
0x00715A,0xFD9,FSR2L,write,,"MOVWF FSR2L, A",0x007006
0x007160,0xFDA,FSR2H,write,,"MOVWF FSR2H, A",0x007006
0x007166,0xFE1,FSR1L,write,,"MOVWF FSR1L, A",0x007006
0x007168,0xFE2,FSR1H,write,,"CLRF FSR1H, A",0x007006
0x00716C,0xFE2,FSR1H,read_write,,"ADDWFC FSR1H, F, A",0x007006
0x00716E,0xFDF,INDF2,read,,"MOVFF INDF2, INDF1",0x007006
0x00716E,0xFE7,INDF1,write,,"MOVFF INDF2, INDF1",0x007006
0x007186,0xFD9,FSR2L,write,,"MOVWF FSR2L, A",0x007006
0x00718C,0xFDA,FSR2H,write,,"MOVWF FSR2H, A",0x007006
0x007192,0xFE1,FSR1L,write,,"MOVWF FSR1L, A",0x007006
0x007194,0xFE2,FSR1H,write,,"CLRF FSR1H, A",0x007006
0x007198,0xFE2,FSR1H,read_write,,"ADDWFC FSR1H, F, A",0x007006
0x00719A,0xFDF,INDF2,read,,"MOVFF INDF2, INDF1",0x007006
0x00719A,0xFE7,INDF1,write,,"MOVFF INDF2, INDF1",0x007006
0x0071C6,0xFD9,FSR2L,write,,"MOVWF FSR2L, A",0x0071AA
0x0071CC,0xFDA,FSR2H,write,,"MOVWF FSR2H, A",0x0071AA
0x0071CE,0xFDF,INDF2,read,,"MOVF INDF2, W, A",0x0071AA
0x007282,0xFD9,FSR2L,write,,"MOVWF FSR2L, A",0x0071AA
0x007284,0xFDA,FSR2H,write,,"CLRF FSR2H, A",0x0071AA
0x007288,0xFDA,FSR2H,read_write,,"ADDWFC FSR2H, F, A",0x0071AA
0x00728E,0xFDE,POSTINC2,read,,"XORWF POSTINC2, W, A",0x0071AA
0x0072A4,0xFD9,FSR2L,write,,"MOVWF FSR2L, A",0x0071AA
0x0072A6,0xFDA,FSR2H,write,,"CLRF FSR2H, A",0x0071AA
0x0072AA,0xFDA,FSR2H,read_write,,"ADDWFC FSR2H, F, A",0x0071AA
0x0072AC,0xFDF,INDF2,write,,"MOVFF ram_060, INDF2",0x0071AA
0x007326,0xFAB,RCSTA1,read,1,"BTFSS RCSTA1, 1, A",0x0071AA
0x00732A,0xFAB,RCSTA1,read_write,4,"BCF RCSTA1, 4, A",0x0071AA
0x00732C,0xFAB,RCSTA1,read_write,1,"BCF RCSTA1, 1, A",0x0071AA
0x00732E,0xFAB,RCSTA1,read_write,4,"BSF RCSTA1, 4, A",0x0071AA
0x007348,0xFD8,STATUS,read_write,0,"BCF STATUS, 0, A",0x007336
0x00734C,0xFF6,TBLPTRL,write,,"MOVWF TBLPTRL, A",0x007336
0x007350,0xFF7,TBLPTRH,write,,"MOVWF TBLPTRH, A",0x007336
0x007354,0xFF6,TBLPTRL,read_write,,"ADDWF TBLPTRL, F, A",0x007336
0x007358,0xFF7,TBLPTRH,read_write,,"ADDWFC TBLPTRH, F, A",0x007336
0x00735C,0xFF5,TABLAT,read,,"MOVFF TABLAT, ram_012",0x007336
0x007362,0xFF5,TABLAT,read,,"MOVFF TABLAT, ram_013",0x007336
0x007374,0xFD8,STATUS,read_write,0,"BCF STATUS, 0, A",0x007336
0x007378,0xFD9,FSR2L,write,,"MOVWF FSR2L, A",0x007336
0x00737C,0xFDA,FSR2H,write,,"MOVWF FSR2H, A",0x007336
0x007380,0xFD9,FSR2L,read_write,,"ADDWF FSR2L, F, A",0x007336
0x007384,0xFDA,FSR2H,read_write,,"ADDWFC FSR2H, F, A",0x007336
0x007386,0xFDE,POSTINC2,read,,"MOVF POSTINC2, W, A",0x007336
0x007388,0xFDE,POSTINC2,read,,"IORWF POSTINC2, W, A",0x007336
0x00738C,0xFD8,STATUS,read_write,0,"BCF STATUS, 0, A",0x007336
0x007390,0xFF6,TBLPTRL,write,,"MOVWF TBLPTRL, A",0x007336
0x007394,0xFF7,TBLPTRH,write,,"MOVWF TBLPTRH, A",0x007336
0x007398,0xFF6,TBLPTRL,read_write,,"ADDWF TBLPTRL, F, A",0x007336
0x00739C,0xFF7,TBLPTRH,read_write,,"ADDWFC TBLPTRH, F, A",0x007336
0x0073A0,0xFF5,TABLAT,read,,"MOVFF TABLAT, ram_012",0x007336
0x0073A6,0xFF5,TABLAT,read,,"MOVFF TABLAT, ram_013",0x007336
0x0073BA,0xFD8,STATUS,read_write,0,"BCF STATUS, 0, A",0x007336
0x0073BE,0xFD9,FSR2L,write,,"MOVWF FSR2L, A",0x007336
0x0073C2,0xFDA,FSR2H,write,,"MOVWF FSR2H, A",0x007336
0x0073C6,0xFD9,FSR2L,read_write,,"ADDWF FSR2L, F, A",0x007336
0x0073CA,0xFDA,FSR2H,read_write,,"ADDWFC FSR2H, F, A",0x007336
0x0073CE,0xFDE,POSTINC2,write,,"MOVWF POSTINC2, A",0x007336
0x0073D0,0xFDD,POSTDEC2,write,,"CLRF POSTDEC2, A",0x007336
0x0073D2,0xFD8,STATUS,read_write,0,"BCF STATUS, 0, A",0x007336
0x0073D6,0xFD9,FSR2L,write,,"MOVWF FSR2L, A",0x007336
0x0073DA,0xFDA,FSR2H,write,,"MOVWF FSR2H, A",0x007336
0x0073DE,0xFD9,FSR2L,read_write,,"ADDWF FSR2L, F, A",0x007336
0x0073E2,0xFDA,FSR2H,read_write,,"ADDWFC FSR2H, F, A",0x007336
0x0073E4,0xFDE,POSTINC2,read,,"MOVF POSTINC2, W, A",0x007336
0x0073E6,0xFDE,POSTINC2,read,,"IORWF POSTINC2, W, A",0x007336
0x0073EA,0xFD8,STATUS,read_write,0,"BCF STATUS, 0, A",0x007336
0x0073EE,0xFD9,FSR2L,write,,"MOVWF FSR2L, A",0x007336
0x0073F2,0xFDA,FSR2H,write,,"MOVWF FSR2H, A",0x007336
0x0073F6,0xFD9,FSR2L,read_write,,"ADDWF FSR2L, F, A",0x007336
0x0073FA,0xFDA,FSR2H,read_write,,"ADDWFC FSR2H, F, A",0x007336
0x0073FC,0xFDE,POSTINC2,read_write,,"INCF POSTINC2, F, A",0x007336
0x007400,0xFDD,POSTDEC2,read_write,,"ADDWFC POSTDEC2, F, A",0x007336
0x007402,0xFD8,STATUS,read_write,0,"BCF STATUS, 0, A",0x007336
0x007406,0xFD9,FSR2L,write,,"MOVWF FSR2L, A",0x007336
0x00740A,0xFDA,FSR2H,write,,"MOVWF FSR2H, A",0x007336
0x00740E,0xFD9,FSR2L,read_write,,"ADDWF FSR2L, F, A",0x007336
0x007412,0xFDA,FSR2H,read_write,,"ADDWFC FSR2H, F, A",0x007336
0x007416,0xFDE,POSTINC2,read,,"SUBWF POSTINC2, W, A",0x007336
0x00741A,0xFDE,POSTINC2,read,,"SUBWFB POSTINC2, W, A",0x007336
0x00741E,0xFD8,STATUS,read_write,0,"BCF STATUS, 0, A",0x007336
0x007422,0xFD9,FSR2L,write,,"MOVWF FSR2L, A",0x007336
0x007426,0xFDA,FSR2H,write,,"MOVWF FSR2H, A",0x007336
0x00742A,0xFD9,FSR2L,read_write,,"ADDWF FSR2L, F, A",0x007336
0x00742E,0xFDA,FSR2H,read_write,,"ADDWFC FSR2H, F, A",0x007336
0x007430,0xFDE,POSTINC2,write,,"MOVFF ram_016, POSTINC2",0x007336
0x007434,0xFDD,POSTDEC2,write,,"MOVFF ram_017, POSTDEC2",0x007336
0x007438,0xFD8,STATUS,read_write,0,"BCF STATUS, 0, A",0x007336
0x00743C,0xFF6,TBLPTRL,write,,"MOVWF TBLPTRL, A",0x007336
0x007440,0xFF7,TBLPTRH,write,,"MOVWF TBLPTRH, A",0x007336
0x007444,0xFF6,TBLPTRL,read_write,,"ADDWF TBLPTRL, F, A",0x007336
0x007448,0xFF7,TBLPTRH,read_write,,"ADDWFC TBLPTRH, F, A",0x007336
0x00744C,0xFF5,TABLAT,read,,"MOVFF TABLAT, ram_012",0x007336
0x007452,0xFF5,TABLAT,read,,"MOVFF TABLAT, ram_013",0x007336
0x007464,0xFD8,STATUS,read_write,0,"BCF STATUS, 0, A",0x007336
0x007468,0xFD9,FSR2L,write,,"MOVWF FSR2L, A",0x007336
0x00746C,0xFDA,FSR2H,write,,"MOVWF FSR2H, A",0x007336
0x007470,0xFD9,FSR2L,read_write,,"ADDWF FSR2L, F, A",0x007336
0x007474,0xFDA,FSR2H,read_write,,"ADDWFC FSR2H, F, A",0x007336
0x007476,0xFDE,POSTINC2,write,,"CLRF POSTINC2, A",0x007336
0x007478,0xFDD,POSTDEC2,write,,"CLRF POSTDEC2, A",0x007336
0x00747A,0xFD8,STATUS,read_write,0,"BCF STATUS, 0, A",0x007336
0x00747E,0xFF6,TBLPTRL,write,,"MOVWF TBLPTRL, A",0x007336
0x007482,0xFF7,TBLPTRH,write,,"MOVWF TBLPTRH, A",0x007336
0x007486,0xFF6,TBLPTRL,read_write,,"ADDWF TBLPTRL, F, A",0x007336
0x00748A,0xFF7,TBLPTRH,read_write,,"ADDWFC TBLPTRH, F, A",0x007336
0x00748E,0xFF5,TABLAT,read,,"MOVFF TABLAT, ram_012",0x007336
0x007494,0xFF5,TABLAT,read,,"MOVFF TABLAT, ram_013",0x007336
0x0074D2,0xF51,T4CON,read_write,,"IORWF T4CON, F, B",0x0074B2
0x0074D6,0xF51,T4CON,read_write,,"IORWF T4CON, F, B",0x0074B2
0x0074D8,0xF53,TMR4,write,,"CLRF TMR4, B",0x0074B2
0x0074E2,0xF8C,LATD,read_write,3,"BCF LATD, 3, A",0x0074B2
0x0074E4,0xF8B,LATC,read_write,4,"BCF LATC, 4, A",0x0074B2
0x0074E6,0xF8B,LATC,read_write,3,"BCF LATC, 3, A",0x0074B2
0x0074E8,0xF8C,LATD,read_write,0,"BCF LATD, 0, A",0x0074B2
0x0074EA,0xF8C,LATD,read_write,1,"BCF LATD, 1, A",0x0074B2
0x007506,0xF8C,LATD,read_write,3,"BSF LATD, 3, A",0x0074B2
0x007508,0xF8B,LATC,read_write,4,"BSF LATC, 4, A",0x0074B2
0x00750A,0xF8B,LATC,read_write,3,"BSF LATC, 3, A",0x0074B2
0x00750C,0xF8C,LATD,read_write,0,"BSF LATD, 0, A",0x0074B2
0x00750E,0xF8C,LATD,read_write,1,"BSF LATD, 1, A",0x0074B2
0x007512,0xFF6,TBLPTRL,write,,"MOVWF TBLPTRL, A",0x0074B2
0x007516,0xFF7,TBLPTRH,write,,"MOVWF TBLPTRH, A",0x0074B2
0x00751A,0xFF5,TABLAT,read,,"MOVFF TABLAT, ram_7F3",0x0074B2
0x007520,0xFF5,TABLAT,read,,"MOVFF TABLAT, ram_7F4",0x0074B2
0x007542,0xFF6,TBLPTRL,write,,"MOVWF TBLPTRL, A",0x0074B2
0x007546,0xFF7,TBLPTRH,write,,"MOVWF TBLPTRH, A",0x0074B2
0x00754A,0xFF5,TABLAT,read,,"MOVFF TABLAT, ram_5FE",0x0074B2
0x007550,0xFF5,TABLAT,read,,"MOVFF TABLAT, ram_5FF",0x0074B2
0x00756A,0xFF3,PRODL,read_write,,"ADDWF PRODL, F, A",0x0074B2
0x00756E,0xFF4,PRODH,read_write,,"ADDWFC PRODH, F, A",0x0074B2
0x007572,0xFF3,PRODL,read,,"ADDWF PRODL, W, A",0x0074B2
0x007574,0xFF6,TBLPTRL,write,,"MOVWF TBLPTRL, A",0x0074B2
0x007578,0xFF4,PRODH,read,,"ADDWFC PRODH, W, A",0x0074B2
0x00757A,0xFF7,TBLPTRH,write,,"MOVWF TBLPTRH, A",0x0074B2
0x00757E,0xFF5,TABLAT,read,,"MOVFF TABLAT, ram_5FE",0x0074B2
0x007584,0xFF5,TABLAT,read,,"MOVFF TABLAT, ram_5FF",0x0074B2
0x0075BA,0xF8A,LATB,read_write,5,"BCF LATB, 5, A",0x0074B2
0x0075C0,0xF82,PORTC,read,2,"BTFSS PORTC, 2, A",0x0074B2
0x0075C2,0xF82,PORTC,read,5,"BTFSS PORTC, 5, A",0x0074B2
0x0075C6,0xF83,PORTD,read,7,"BTFSC PORTD, 7, A",0x0074B2
0x0075C8,0xF82,PORTC,read,1,"BTFSS PORTC, 1, A",0x0074B2
0x0075CC,0xF82,PORTC,read,6,"BTFSC PORTC, 6, A",0x0074B2
0x0075CE,0xF83,PORTD,read,6,"BTFSS PORTD, 6, A",0x0074B2
0x0075D2,0xF82,PORTC,read,0,"BTFSC PORTC, 0, A",0x0074B2
0x0075D4,0xF84,PORTE,read,2,"BTFSS PORTE, 2, A",0x0074B2
0x0075EA,0xF82,PORTC,read,2,"BTFSC PORTC, 2, A",0x0074B2
0x0075EC,0xF82,PORTC,read,5,"BTFSS PORTC, 5, A",0x0074B2
0x0075F0,0xF83,PORTD,read,7,"BTFSC PORTD, 7, A",0x0074B2
0x0075F2,0xF82,PORTC,read,1,"BTFSC PORTC, 1, A",0x0074B2
0x0075F6,0xF82,PORTC,read,6,"BTFSC PORTC, 6, A",0x0074B2
0x0075F8,0xF83,PORTD,read,6,"BTFSS PORTD, 6, A",0x0074B2
0x0075FC,0xF82,PORTC,read,0,"BTFSC PORTC, 0, A",0x0074B2
0x0075FE,0xF84,PORTE,read,2,"BTFSS PORTE, 2, A",0x0074B2
0x00760E,0xFD8,STATUS,read,2,"BTFSS STATUS, 2, A",0x0074B2
0x007640,0xFF3,PRODL,read,,"MOVFF PRODL, ram_064",0x007626
0x007644,0xFF4,PRODH,read,,"MOVFF PRODH, ram_065",0x007626
0x00764E,0xFF3,PRODL,read,,"MOVF PRODL, W, A",0x007626
0x007652,0xFF4,PRODH,read,,"MOVF PRODH, W, A",0x007626
0x00765E,0xFF3,PRODL,read,,"MOVF PRODL, W, A",0x007626
0x007662,0xFF4,PRODH,read,,"MOVF PRODH, W, A",0x007626
0x00766E,0xFF3,PRODL,read,,"MOVF PRODL, W, A",0x007626
0x007672,0xFF4,PRODH,read,,"MOVF PRODH, W, A",0x007626
0x00767A,0xFF3,PRODL,read,,"MOVF PRODL, W, A",0x007626
0x00767E,0xFF4,PRODH,read,,"MOVF PRODH, W, A",0x007626
0x007686,0xFF3,PRODL,read,,"MOVF PRODL, W, A",0x007626
0x00768A,0xFF4,PRODH,read,,"MOVF PRODH, W, A",0x007626
0x007692,0xFF3,PRODL,read,,"MOVF PRODL, W, A",0x007626
0x00769A,0xFF3,PRODL,read,,"MOVF PRODL, W, A",0x007626
0x0076A2,0xFF3,PRODL,read,,"MOVF PRODL, W, A",0x007626
0x0076AA,0xFF3,PRODL,read,,"MOVF PRODL, W, A",0x007626
0x00779C,0xFF6,TBLPTRL,write,,"MOVWF TBLPTRL, A",0x00779A
0x0077A0,0xFF7,TBLPTRH,write,,"MOVWF TBLPTRH, A",0x00779A
0x0077A4,0xFF8,TBLPTRU,write,,"MOVWF TBLPTRU, A",0x00779A
0x0077B0,0xFF5,TABLAT,read,,"MOVFF TABLAT, POSTINC0",0x00779A
0x0077B0,0xFEE,POSTINC0,write,,"MOVFF TABLAT, POSTINC0",0x00779A
0x0077B4,0xFE5,POSTDEC1,read,,"MOVF POSTDEC1, W, A",0x00779A
0x0077B6,0xFE1,FSR1L,read,,"MOVF FSR1L, W, A",0x00779A
0x0077BC,0xFF6,TBLPTRL,write,,"MOVWF TBLPTRL, A",0x00779A
0x0077C0,0xFF7,TBLPTRH,write,,"MOVWF TBLPTRH, A",0x00779A
0x0077C4,0xFF8,TBLPTRU,write,,"MOVWF TBLPTRU, A",0x00779A
0x0077D0,0xFF5,TABLAT,read,,"MOVFF TABLAT, POSTINC0",0x00779A
0x0077D0,0xFEE,POSTINC0,write,,"MOVFF TABLAT, POSTINC0",0x00779A
0x0077D4,0xFE5,POSTDEC1,read,,"MOVF POSTDEC1, W, A",0x00779A
0x0077D6,0xFE1,FSR1L,read,,"MOVF FSR1L, W, A",0x00779A
0x0077DC,0xFF6,TBLPTRL,write,,"MOVWF TBLPTRL, A",0x00779A
0x0077E0,0xFF7,TBLPTRH,write,,"MOVWF TBLPTRH, A",0x00779A
0x0077E4,0xFF8,TBLPTRU,write,,"MOVWF TBLPTRU, A",0x00779A
0x0077F0,0xFF5,TABLAT,read,,"MOVFF TABLAT, POSTINC0",0x00779A
0x0077F0,0xFEE,POSTINC0,write,,"MOVFF TABLAT, POSTINC0",0x00779A
0x0077F4,0xFE5,POSTDEC1,read,,"MOVF POSTDEC1, W, A",0x00779A
0x0077F6,0xFE1,FSR1L,read,,"MOVF FSR1L, W, A",0x00779A
0x0077FC,0xFF6,TBLPTRL,write,,"MOVWF TBLPTRL, A",0x00779A
0x007800,0xFF7,TBLPTRH,write,,"MOVWF TBLPTRH, A",0x00779A
0x007804,0xFF8,TBLPTRU,write,,"MOVWF TBLPTRU, A",0x00779A
0x007810,0xFF5,TABLAT,read,,"MOVFF TABLAT, POSTINC0",0x00779A
0x007810,0xFEE,POSTINC0,write,,"MOVFF TABLAT, POSTINC0",0x00779A
0x007814,0xFE5,POSTDEC1,read,,"MOVF POSTDEC1, W, A",0x00779A
0x007816,0xFE1,FSR1L,read,,"MOVF FSR1L, W, A",0x00779A
0x00781C,0xFF6,TBLPTRL,write,,"MOVWF TBLPTRL, A",0x00779A
0x007820,0xFF7,TBLPTRH,write,,"MOVWF TBLPTRH, A",0x00779A
0x007824,0xFF8,TBLPTRU,write,,"MOVWF TBLPTRU, A",0x00779A
0x007830,0xFF5,TABLAT,read,,"MOVFF TABLAT, POSTINC0",0x00779A
0x007830,0xFEE,POSTINC0,write,,"MOVFF TABLAT, POSTINC0",0x00779A
0x007834,0xFE5,POSTDEC1,read,,"MOVF POSTDEC1, W, A",0x00779A
0x007836,0xFE1,FSR1L,read,,"MOVF FSR1L, W, A",0x00779A
0x00783C,0xFF6,TBLPTRL,write,,"MOVWF TBLPTRL, A",0x00779A
0x007840,0xFF7,TBLPTRH,write,,"MOVWF TBLPTRH, A",0x00779A
0x007844,0xFF8,TBLPTRU,write,,"MOVWF TBLPTRU, A",0x00779A
0x007850,0xFF5,TABLAT,read,,"MOVFF TABLAT, POSTINC0",0x00779A
0x007850,0xFEE,POSTINC0,write,,"MOVFF TABLAT, POSTINC0",0x00779A
0x007854,0xFE5,POSTDEC1,read,,"MOVF POSTDEC1, W, A",0x00779A
0x007856,0xFE1,FSR1L,read,,"MOVF FSR1L, W, A",0x00779A
0x00785C,0xFF6,TBLPTRL,write,,"MOVWF TBLPTRL, A",0x00779A
0x007860,0xFF7,TBLPTRH,write,,"MOVWF TBLPTRH, A",0x00779A
0x007864,0xFF8,TBLPTRU,write,,"MOVWF TBLPTRU, A",0x00779A
0x007870,0xFF5,TABLAT,read,,"MOVFF TABLAT, POSTINC0",0x00779A
0x007870,0xFEE,POSTINC0,write,,"MOVFF TABLAT, POSTINC0",0x00779A
0x007874,0xFE5,POSTDEC1,read,,"MOVF POSTDEC1, W, A",0x00779A
0x007876,0xFE1,FSR1L,read,,"MOVF FSR1L, W, A",0x00779A
0x007882,0xFEE,POSTINC0,write,,"CLRF POSTINC0, A",0x00779A
0x007884,0xFE5,POSTDEC1,read,,"MOVF POSTDEC1, W, A",0x00779A
0x007886,0xFE1,FSR1L,read,,"MOVF FSR1L, W, A",0x00779A
0x00788A,0xFE2,FSR1H,read,,"MOVF FSR1H, W, A",0x00779A
0x007894,0xFEE,POSTINC0,write,,"CLRF POSTINC0, A",0x00779A
0x007896,0xFE8,WREG,read_write,,"DECF WREG, F, A",0x00779A
0x0078A0,0xFEE,POSTINC0,write,,"CLRF POSTINC0, A",0x00779A
0x0078A2,0xFE8,WREG,read_write,,"DECF WREG, F, A",0x00779A
0x0078AC,0xFEE,POSTINC0,write,,"CLRF POSTINC0, A",0x00779A
0x0078AE,0xFE8,WREG,read_write,,"DECF WREG, F, A",0x00779A
0x0078B8,0xFEE,POSTINC0,write,,"CLRF POSTINC0, A",0x00779A
0x0078BA,0xFE8,WREG,read_write,,"DECF WREG, F, A",0x00779A
0x0078C4,0xFEE,POSTINC0,write,,"CLRF POSTINC0, A",0x00779A
0x0078C6,0xFE8,WREG,read_write,,"DECF WREG, F, A",0x00779A
0x0078D0,0xFEE,POSTINC0,write,,"CLRF POSTINC0, A",0x00779A
0x0078D2,0xFE8,WREG,read_write,,"DECF WREG, F, A",0x00779A
0x0078DC,0xFEE,POSTINC0,write,,"CLRF POSTINC0, A",0x00779A
0x0078DE,0xFE8,WREG,read_write,,"DECF WREG, F, A",0x00779A
0x0078E8,0xFEE,POSTINC0,write,,"CLRF POSTINC0, A",0x00779A
0x0078EA,0xFE8,WREG,read_write,,"DECF WREG, F, A",0x00779A
0x0078F4,0xFF8,TBLPTRU,write,,"MOVWF TBLPTRU, A",0x00779A
0x007934,0xFF3,PRODL,read,,"ADDWF PRODL, W, A",0x0078FC
0x007936,0xFD9,FSR2L,write,,"MOVWF FSR2L, A",0x0078FC
0x00793A,0xFF4,PRODH,read,,"ADDWFC PRODH, W, A",0x0078FC
0x00793C,0xFDA,FSR2H,write,,"MOVWF FSR2H, A",0x0078FC
0x00793E,0xFDE,POSTINC2,read,,"MOVF POSTINC2, W, A",0x0078FC
0x007942,0xFDE,POSTINC2,read,,"MOVF POSTINC2, W, A",0x0078FC
0x007972,0xFD8,STATUS,read_write,0,"BCF STATUS, 0, A",0x0078FC
0x00797C,0xFD9,FSR2L,write,,"MOVWF FSR2L, A",0x0078FC
0x007982,0xFDA,FSR2H,write,,"MOVWF FSR2H, A",0x0078FC
0x007984,0xFDE,POSTINC2,read,,"MOVFF POSTINC2, ram_023",0x0078FC
0x007988,0xFDD,POSTDEC2,read,,"MOVFF POSTDEC2, ram_024",0x0078FC
0x007992,0xFF3,PRODL,read,,"ADDWF PRODL, W, A",0x0078FC
0x007994,0xFD9,FSR2L,write,,"MOVWF FSR2L, A",0x0078FC
0x007998,0xFF4,PRODH,read,,"ADDWFC PRODH, W, A",0x0078FC
0x00799A,0xFDA,FSR2H,write,,"MOVWF FSR2H, A",0x0078FC
0x00799C,0xFDE,POSTINC2,read,,"MOVFF POSTINC2, ram_025",0x0078FC
0x0079A0,0xFDD,POSTDEC2,read,,"MOVFF POSTDEC2, ram_026",0x0078FC
0x0079D2,0xFD8,STATUS,read_write,0,"BCF STATUS, 0, A",0x0078FC
0x0079DC,0xFD9,FSR2L,write,,"MOVWF FSR2L, A",0x0078FC
0x0079E2,0xFDA,FSR2H,write,,"MOVWF FSR2H, A",0x0078FC
0x0079E4,0xFDE,POSTINC2,read,,"MOVFF POSTINC2, ram_023",0x0078FC
0x0079E8,0xFDD,POSTDEC2,read,,"MOVFF POSTDEC2, ram_024",0x0078FC
0x007A22,0xFF3,PRODL,read,,"ADDWF PRODL, W, A",0x0078FC
0x007A24,0xFD9,FSR2L,write,,"MOVWF FSR2L, A",0x0078FC
0x007A28,0xFF4,PRODH,read,,"ADDWFC PRODH, W, A",0x0078FC
0x007A2A,0xFDA,FSR2H,write,,"MOVWF FSR2H, A",0x0078FC
0x007A2C,0xFDE,POSTINC2,read,,"MOVFF POSTINC2, ram_021",0x0078FC
0x007A30,0xFDD,POSTDEC2,read,,"MOVFF POSTDEC2, ram_022",0x0078FC
0x007A82,0xFD9,FSR2L,write,,"MOVWF FSR2L, A",0x007A5C
0x007A84,0xFDA,FSR2H,write,,"CLRF FSR2H, A",0x007A5C
0x007A88,0xFDA,FSR2H,read_write,,"ADDWFC FSR2H, F, A",0x007A5C
0x007A8A,0xFDF,INDF2,read,,"MOVF INDF2, W, A",0x007A5C
0x007AC8,0xFF3,PRODL,read,,"MOVFF PRODL, ram_469",0x007A5C
0x007AEE,0xFF3,PRODL,read,,"MOVFF PRODL, ram_469",0x007A5C
0x007B44,0xFD8,STATUS,read,2,"BTFSS STATUS, 2, A",0x007A5C
0x007B4A,0xFD8,STATUS,read,2,"BTFSS STATUS, 2, A",0x007A5C
0x007B52,0xFD8,STATUS,read,2,"BTFSS STATUS, 2, A",0x007A5C
0x007B5C,0xF80,PORTA,read,5,"BTFSC PORTA, 5, A",0x007A5C
0x007BAA,0xFD8,STATUS,read,2,"BTFSC STATUS, 2, A",0x007A5C
0x007BDA,0xFD8,STATUS,read,0,"BTFSS STATUS, 0, A",0x007BBA
0x007BDC,0xFE8,WREG,read_write,,"INCF WREG, F, A",0x007BBA
0x007D02,0xF8B,LATC,read_write,4,"BSF LATC, 4, A",0x007BBA
0x007D04,0xF8C,LATD,read_write,3,"BSF LATD, 3, A",0x007BBA
0x007D30,0xFD8,STATUS,read_write,0,"BCF STATUS, 0, A",0x007D08
0x007D42,0xFE8,WREG,read_write,,"DECFSZ WREG, F, A",0x007D08
0x007DB4,0xFD8,STATUS,read,2,"BTFSC STATUS, 2, A",0x007D08
0x007DFA,0xFD8,STATUS,read,2,"BTFSC STATUS, 2, A",0x007D08
0x007E18,0xFD8,STATUS,read,2,"BTFSC STATUS, 2, A",0x007D08
0x007E38,0xFD8,STATUS,read,2,"BTFSS STATUS, 2, A",0x007D08
0x007E4E,0xFD8,STATUS,read,2,"BTFSS STATUS, 2, A",0x007D08
0x007FB8,0xFF3,PRODL,read,,"MOVFF PRODL, ram_027",0x007F8E
0x007FBC,0xFF4,PRODH,read,,"MOVFF PRODH, ram_028",0x007F8E
0x007FC6,0xFF3,PRODL,read,,"MOVF PRODL, W, A",0x007F8E
0x007FCA,0xFF4,PRODH,read,,"MOVF PRODH, W, A",0x007F8E
0x007FD6,0xFF3,PRODL,read,,"MOVF PRODL, W, A",0x007F8E
0x007FDA,0xFF4,PRODH,read,,"MOVF PRODH, W, A",0x007F8E
0x007FE6,0xFF3,PRODL,read,,"MOVF PRODL, W, A",0x007F8E
0x007FEA,0xFF4,PRODH,read,,"MOVF PRODH, W, A",0x007F8E
0x007FF2,0xFF3,PRODL,read,,"MOVF PRODL, W, A",0x007F8E
0x007FF6,0xFF4,PRODH,read,,"MOVF PRODH, W, A",0x007F8E
0x007FFE,0xFF3,PRODL,read,,"MOVF PRODL, W, A",0x007F8E
0x008002,0xFF4,PRODH,read,,"MOVF PRODH, W, A",0x007F8E
0x00800A,0xFF3,PRODL,read,,"MOVF PRODL, W, A",0x007F8E
0x008012,0xFF3,PRODL,read,,"MOVF PRODL, W, A",0x007F8E
0x00801A,0xFF3,PRODL,read,,"MOVF PRODL, W, A",0x007F8E
0x008022,0xFF3,PRODL,read,,"MOVF PRODL, W, A",0x007F8E
0x0080C6,0xF8C,LATD,read_write,1,"BSF LATD, 1, A",0x0080C6
0x0080C8,0xF8B,LATC,read_write,3,"BSF LATC, 3, A",0x0080C6
0x0080CA,0xF8C,LATD,read_write,0,"BCF LATD, 0, A",0x0080C6
0x0080CC,0xF82,PORTC,read,2,"BTFSS PORTC, 2, A",0x0080C6
0x0080CE,0xF82,PORTC,read,5,"BTFSS PORTC, 5, A",0x0080C6
0x0080D2,0xF83,PORTD,read,7,"BTFSC PORTD, 7, A",0x0080C6
0x0080D4,0xF82,PORTC,read,1,"BTFSS PORTC, 1, A",0x0080C6
0x0080D8,0xF82,PORTC,read,6,"BTFSC PORTC, 6, A",0x0080C6
0x0080DA,0xF83,PORTD,read,6,"BTFSS PORTD, 6, A",0x0080C6
0x0080DE,0xF82,PORTC,read,0,"BTFSS PORTC, 0, A",0x0080C6
0x0080E2,0xF84,PORTE,read,2,"BTFSC PORTE, 2, A",0x0080C6
0x0080E8,0xFF6,TBLPTRL,write,,"MOVWF TBLPTRL, A",0x0080C6
0x0080EC,0xFF7,TBLPTRH,write,,"MOVWF TBLPTRH, A",0x0080C6
0x0080F0,0xFF5,TABLAT,read,,"MOVFF TABLAT, ram_01E",0x0080C6
0x0080F6,0xFF5,TABLAT,read,,"MOVFF TABLAT, ram_01F",0x0080C6
0x008114,0xF53,TMR4,write,,"CLRF TMR4, B",0x0080C6
0x008116,0xF51,T4CON,read_write,2,"BSF T4CON, 2, B",0x0080C6
0x008160,0xF82,PORTC,read,2,"BTFSS PORTC, 2, A",0x0080C6
0x008162,0xF82,PORTC,read,5,"BTFSS PORTC, 5, A",0x0080C6
0x008166,0xF83,PORTD,read,7,"BTFSC PORTD, 7, A",0x0080C6
0x008168,0xF82,PORTC,read,1,"BTFSS PORTC, 1, A",0x0080C6
0x00816C,0xF82,PORTC,read,6,"BTFSC PORTC, 6, A",0x0080C6
0x00816E,0xF83,PORTD,read,6,"BTFSS PORTD, 6, A",0x0080C6
0x008172,0xF82,PORTC,read,0,"BTFSC PORTC, 0, A",0x0080C6
0x008174,0xF84,PORTE,read,2,"BTFSS PORTE, 2, A",0x0080C6
0x0081F2,0xF51,T4CON,read_write,2,"BCF T4CON, 2, B",0x0080C6
0x0081F4,0xF53,TMR4,write,,"CLRF TMR4, B",0x0080C6
0x0081F8,0xFF2,INTCON,read_write,7,"BCF INTCON, 7, A",0x0081F8
0x0081FA,0xFD2,OSCCON2,read_write,6,"BCF OSCCON2, 6, A",0x0081F8
0x0081FC,0xFD2,OSCCON2,read_write,3,"BCF OSCCON2, 3, A",0x0081F8
0x0081FE,0xFD2,OSCCON2,read_write,2,"BSF OSCCON2, 2, A",0x0081F8
0x008202,0xFD3,OSCCON,read_write,,"ANDWF OSCCON, F, A",0x0081F8
0x008206,0xFD3,OSCCON,read_write,,"IORWF OSCCON, F, A",0x0081F8
0x008208,0xFD3,OSCCON,read,3,"BTFSS OSCCON, 3, A",0x0081F8
0x00820C,0xF9B,OSCTUNE,read_write,6,"BSF OSCTUNE, 6, A",0x0081F8
0x00820E,0xFD2,OSCCON2,read,7,"BTFSS OSCCON2, 7, A",0x0081F8
0x008212,0xF92,TRISA,write,,"SETF TRISA, A",0x0081F8
0x008218,0xF38,ANSELA,write,,"MOVWF ANSELA, B",0x0081F8
0x00821C,0xF93,TRISB,write,,"MOVWF TRISB, A",0x0081F8
0x008220,0xF94,TRISC,write,,"MOVWF TRISC, A",0x0081F8
0x008224,0xF95,TRISD,write,,"MOVWF TRISD, A",0x0081F8
0x008228,0xF96,TRISE,write,,"MOVWF TRISE, A",0x0081F8
0x00822A,0xF3A,ANSELC,write,,"CLRF ANSELC, B",0x0081F8
0x00822C,0xF3B,ANSELD,write,,"CLRF ANSELD, B",0x0081F8
0x00822E,0xF3C,ANSELE,write,,"CLRF ANSELE, B",0x0081F8
0x008230,0xFD0,RCON,read_write,7,"BSF RCON, 7, A",0x0081F8
0x008234,0xFF2,INTCON,write,,"MOVWF INTCON, A",0x0081F8
0x008236,0xF9E,PIR1,read_write,6,"BCF PIR1, 6, A",0x0081F8
0x008238,0xFA0,PIE2,write,,"CLRF PIE2, A",0x0081F8
0x00823A,0xFA3,PIE3,write,,"CLRF PIE3, A",0x0081F8
0x00823C,0xF7A,PIE4,write,,"CLRF PIE4, A",0x0081F8
0x00823E,0xF7D,PIE5,write,,"CLRF PIE5, A",0x0081F8
0x008242,0xFC2,ADCON0,write,,"MOVWF ADCON0, A",0x0081F8
0x008244,0xFC1,ADCON1,write,,"CLRF ADCON1, A",0x0081F8
0x008248,0xFC0,ADCON2,write,,"MOVWF ADCON2, A",0x0081F8
0x00824A,0xFC4,ADRESH,write,,"CLRF ADRESH, A",0x0081F8
0x00824C,0xFC3,ADRESL,write,,"CLRF ADRESL, A",0x0081F8
0x00824E,0xFC2,ADCON0,read_write,0,"BSF ADCON0, 0, A",0x0081F8
0x008250,0xF9D,PIE1,read_write,6,"BCF PIE1, 6, A",0x0081F8
0x008254,0xFAF,SPBRG1,write,,"MOVWF SPBRG1, A",0x0081F8
0x008256,0xFAC,TXSTA1,read_write,4,"BCF TXSTA1, 4, A",0x0081F8
0x008258,0xFAC,TXSTA1,read_write,2,"BCF TXSTA1, 2, A",0x0081F8
0x00825A,0xFB8,BAUDCON1,read_write,3,"BCF BAUDCON1, 3, A",0x0081F8
0x00825C,0xFAB,RCSTA1,read_write,6,"BCF RCSTA1, 6, A",0x0081F8
0x00825E,0xFAB,RCSTA1,read_write,3,"BCF RCSTA1, 3, A",0x0081F8
0x008260,0xFAB,RCSTA1,read_write,4,"BSF RCSTA1, 4, A",0x0081F8
0x008262,0xFAB,RCSTA1,read_write,7,"BSF RCSTA1, 7, A",0x0081F8
0x008264,0xFB8,BAUDCON1,read_write,0,"BCF BAUDCON1, 0, A",0x0081F8
0x008266,0xFB8,BAUDCON1,read_write,5,"BCF BAUDCON1, 5, A",0x0081F8
0x008268,0xFB8,BAUDCON1,read_write,4,"BCF BAUDCON1, 4, A",0x0081F8
0x00826A,0xFAC,TXSTA1,read_write,5,"BCF TXSTA1, 5, A",0x0081F8
0x00826C,0xFBA,T2CON,read,,"MOVF T2CON, W, A",0x0081F8
0x008272,0xFBA,T2CON,write,,"MOVWF T2CON, A",0x0081F8
0x008276,0xFBA,T2CON,read_write,,"ANDWF T2CON, F, A",0x0081F8
0x008278,0xF9D,PIE1,read_write,1,"BSF PIE1, 1, A",0x0081F8
0x00827A,0xF9E,PIR1,read_write,1,"BCF PIR1, 1, A",0x0081F8
0x00827C,0xF9F,IPR1,read_write,1,"BSF IPR1, 1, A",0x0081F8
0x00827E,0xFBA,T2CON,read_write,2,"BSF T2CON, 2, A",0x0081F8
0x008280,0xFA6,EECON1,read_write,2,"BSF EECON1, 2, A",0x0081F8
0x0082B8,0xFF2,INTCON,read_write,7,"BCF INTCON, 7, A",0x0081F8
0x0082CA,0xF84,PORTE,read,2,"BTFSS PORTE, 2, A",0x0081F8
0x0082CC,0xF82,PORTC,read,1,"BTFSS PORTC, 1, A",0x0081F8
0x0082D0,0xF83,PORTD,read,6,"BTFSC PORTD, 6, A",0x0081F8
0x0082D2,0xF82,PORTC,read,2,"BTFSS PORTC, 2, A",0x0081F8
0x0082D6,0xF82,PORTC,read,5,"BTFSC PORTC, 5, A",0x0081F8
0x0082D8,0xF83,PORTD,read,7,"BTFSS PORTD, 7, A",0x0081F8
0x0082DC,0xF82,PORTC,read,6,"BTFSS PORTC, 6, A",0x0081F8
0x0082DE,0xF82,PORTC,read,0,"BTFSC PORTC, 0, A",0x0081F8
0x0082E8,0xF82,PORTC,read,0,"BTFSS PORTC, 0, A",0x0081F8
0x0082EA,0xF83,PORTD,read,6,"BTFSC PORTD, 6, A",0x0081F8
0x0082EE,0xF82,PORTC,read,1,"BTFSC PORTC, 1, A",0x0081F8
0x0082F0,0xF83,PORTD,read,7,"BTFSS PORTD, 7, A",0x0081F8
0x0082F4,0xF82,PORTC,read,2,"BTFSC PORTC, 2, A",0x0081F8
0x0082F6,0xF82,PORTC,read,5,"BTFSS PORTC, 5, A",0x0081F8
0x0082FC,0xF82,PORTC,read,6,"BTFSS PORTC, 6, A",0x0081F8
0x008300,0xF84,PORTE,read,2,"BTFSS PORTE, 2, A",0x0081F8
0x008304,0xFE8,WREG,read,0,"BTFSS WREG, 0, A",0x0081F8
0x008322,0xFF2,INTCON,read_write,7,"BSF INTCON, 7, A",0x0081F8
0x008330,0xFD9,FSR2L,write,,"MOVWF FSR2L, A",0x008326
0x008332,0xFDA,FSR2H,write,,"CLRF FSR2H, A",0x008326
0x008336,0xFDA,FSR2H,read_write,,"ADDWFC FSR2H, F, A",0x008326
0x008338,0xFDF,INDF2,write,,"MOVFF ram_464, INDF2",0x008326
0x008340,0xFD9,FSR2L,write,,"MOVWF FSR2L, A",0x008326
0x008342,0xFDA,FSR2H,write,,"CLRF FSR2H, A",0x008326
0x008346,0xFDA,FSR2H,read_write,,"ADDWFC FSR2H, F, A",0x008326
0x008348,0xFDF,INDF2,write,,"MOVFF ram_463, INDF2",0x008326
0x008356,0xFD9,FSR2L,write,,"MOVWF FSR2L, A",0x008326
0x008358,0xFDA,FSR2H,write,,"CLRF FSR2H, A",0x008326
0x00835C,0xFDA,FSR2H,read_write,,"ADDWFC FSR2H, F, A",0x008326
0x00835E,0xFDF,INDF2,read,,"MOVF INDF2, W, A",0x008326
0x008368,0xFD9,FSR2L,write,,"MOVWF FSR2L, A",0x008326
0x00836A,0xFDA,FSR2H,write,,"CLRF FSR2H, A",0x008326
0x00836E,0xFDA,FSR2H,read_write,,"ADDWFC FSR2H, F, A",0x008326
0x008372,0xFDF,INDF2,write,,"MOVWF INDF2, A",0x008326
0x00837A,0xFD9,FSR2L,write,,"MOVWF FSR2L, A",0x008326
0x00837C,0xFDA,FSR2H,write,,"CLRF FSR2H, A",0x008326
0x008380,0xFDA,FSR2H,read_write,,"ADDWFC FSR2H, F, A",0x008326
0x008382,0xFDF,INDF2,write,,"CLRF INDF2, A",0x008326
0x008388,0xFD9,FSR2L,write,,"MOVWF FSR2L, A",0x008326
0x00838A,0xFDA,FSR2H,write,,"CLRF FSR2H, A",0x008326
0x00838E,0xFDA,FSR2H,read_write,,"ADDWFC FSR2H, F, A",0x008326
0x008390,0xFDF,INDF2,write,,"CLRF INDF2, A",0x008326
0x008396,0xFD9,FSR2L,write,,"MOVWF FSR2L, A",0x008326
0x008398,0xFDA,FSR2H,write,,"CLRF FSR2H, A",0x008326
0x00839C,0xFDA,FSR2H,read_write,,"ADDWFC FSR2H, F, A",0x008326
0x00839E,0xFDF,INDF2,read,,"MOVF INDF2, W, A",0x008326
0x0083A8,0xFD9,FSR2L,write,,"MOVWF FSR2L, A",0x008326
0x0083AA,0xFDA,FSR2H,write,,"CLRF FSR2H, A",0x008326
0x0083AE,0xFDA,FSR2H,read_write,,"ADDWFC FSR2H, F, A",0x008326
0x0083B2,0xFDF,INDF2,write,,"MOVWF INDF2, A",0x008326
0x0083BA,0xFD9,FSR2L,write,,"MOVWF FSR2L, A",0x008326
0x0083BC,0xFDA,FSR2H,write,,"CLRF FSR2H, A",0x008326
0x0083C0,0xFDA,FSR2H,read_write,,"ADDWFC FSR2H, F, A",0x008326
0x0083C2,0xFDF,INDF2,write,,"CLRF INDF2, A",0x008326
0x0083C4,0xFD8,STATUS,read_write,0,"BCF STATUS, 0, A",0x008326
0x0083D8,0xFF3,PRODL,read,,"ADDWF PRODL, W, A",0x008326
0x0083DA,0xFD9,FSR2L,write,,"MOVWF FSR2L, A",0x008326
0x0083DE,0xFF4,PRODH,read,,"ADDWFC PRODH, W, A",0x008326
0x0083E0,0xFDA,FSR2H,write,,"MOVWF FSR2H, A",0x008326
0x0083EE,0xFF3,PRODL,read,,"MOVF PRODL, W, A",0x008326
0x0083F2,0xFF4,PRODH,read,,"MOVF PRODH, W, A",0x008326
0x0083FA,0xFE1,FSR1L,write,,"MOVWF FSR1L, A",0x008326
0x008400,0xFE2,FSR1H,write,,"MOVWF FSR1H, A",0x008326
0x008402,0xFDF,INDF2,read,,"MOVFF INDF2, INDF1",0x008326
0x008402,0xFE7,INDF1,write,,"MOVFF INDF2, INDF1",0x008326
0x00840A,0xFD9,FSR2L,write,,"MOVWF FSR2L, A",0x008326
0x00840C,0xFDA,FSR2H,write,,"CLRF FSR2H, A",0x008326
0x008410,0xFDA,FSR2H,read_write,,"ADDWFC FSR2H, F, A",0x008326
0x00841E,0xFF3,PRODL,read,,"MOVF PRODL, W, A",0x008326
0x008422,0xFF4,PRODH,read,,"MOVF PRODH, W, A",0x008326
0x00842A,0xFE1,FSR1L,write,,"MOVWF FSR1L, A",0x008326
0x008430,0xFE2,FSR1H,write,,"MOVWF FSR1H, A",0x008326
0x008432,0xFDF,INDF2,read,,"MOVFF INDF2, INDF1",0x008326
0x008432,0xFE7,INDF1,write,,"MOVFF INDF2, INDF1",0x008326
0x008520,0xFD8,STATUS,read_write,0,"BCF STATUS, 0, A",0x008446
0x008532,0xFE8,WREG,read_write,,"DECFSZ WREG, F, A",0x008446
0x00854E,0xFF3,PRODL,read,,"MOVF PRODL, W, A",0x008540
0x008552,0xFF4,PRODH,read,,"MOVF PRODH, W, A",0x008540
0x00855A,0xFD9,FSR2L,write,,"MOVWF FSR2L, A",0x008540
0x008560,0xFDA,FSR2H,write,,"MOVWF FSR2H, A",0x008540
0x008562,0xFDF,INDF2,read,,"MOVF INDF2, W, A",0x008540
0x008572,0xFF3,PRODL,read,,"ADDWF PRODL, W, A",0x008540
0x008574,0xFD9,FSR2L,write,,"MOVWF FSR2L, A",0x008540
0x008578,0xFF4,PRODH,read,,"ADDWFC PRODH, W, A",0x008540
0x00857A,0xFDA,FSR2H,write,,"MOVWF FSR2H, A",0x008540
0x00857C,0xFDE,POSTINC2,write,,"MOVFF ram_014, POSTINC2",0x008540
0x008580,0xFDD,POSTDEC2,write,,"MOVFF ram_015, POSTDEC2",0x008540
0x008590,0xFF3,PRODL,read,,"MOVF PRODL, W, A",0x008540
0x008594,0xFF4,PRODH,read,,"MOVF PRODH, W, A",0x008540
0x00859C,0xFD9,FSR2L,write,,"MOVWF FSR2L, A",0x008540
0x0085A2,0xFDA,FSR2H,write,,"MOVWF FSR2H, A",0x008540
0x0085A8,0xFE1,FSR1L,write,,"MOVWF FSR1L, A",0x008540
0x0085AA,0xFE2,FSR1H,write,,"CLRF FSR1H, A",0x008540
0x0085AE,0xFE2,FSR1H,read_write,,"ADDWFC FSR1H, F, A",0x008540
0x0085B0,0xFDF,INDF2,read,,"MOVFF INDF2, INDF1",0x008540
0x0085B0,0xFE7,INDF1,write,,"MOVFF INDF2, INDF1",0x008540
0x0085C6,0xFD9,FSR2L,write,,"MOVWF FSR2L, A",0x008540
0x0085C8,0xFDA,FSR2H,write,,"CLRF FSR2H, A",0x008540
0x0085CC,0xFDA,FSR2H,read_write,,"ADDWFC FSR2H, F, A",0x008540
0x0085CE,0xFDF,INDF2,read,,"MOVF INDF2, W, A",0x008540
0x0085D8,0xFD9,FSR2L,write,,"MOVWF FSR2L, A",0x008540
0x0085DA,0xFDA,FSR2H,write,,"CLRF FSR2H, A",0x008540
0x0085DE,0xFDA,FSR2H,read_write,,"ADDWFC FSR2H, F, A",0x008540
0x0085E2,0xFDF,INDF2,write,,"MOVWF INDF2, A",0x008540
0x0085EA,0xFD9,FSR2L,write,,"MOVWF FSR2L, A",0x008540
0x0085EC,0xFDA,FSR2H,write,,"CLRF FSR2H, A",0x008540
0x0085F0,0xFDA,FSR2H,read_write,,"ADDWFC FSR2H, F, A",0x008540
0x0085F2,0xFDF,INDF2,write,,"CLRF INDF2, A",0x008540
0x0085F8,0xFD9,FSR2L,write,,"MOVWF FSR2L, A",0x008540
0x0085FA,0xFDA,FSR2H,write,,"CLRF FSR2H, A",0x008540
0x0085FE,0xFDA,FSR2H,read_write,,"ADDWFC FSR2H, F, A",0x008540
0x008600,0xFDF,INDF2,read,,"MOVF INDF2, W, A",0x008540
0x00860A,0xFD9,FSR2L,write,,"MOVWF FSR2L, A",0x008540
0x00860C,0xFDA,FSR2H,write,,"CLRF FSR2H, A",0x008540
0x008610,0xFDA,FSR2H,read_write,,"ADDWFC FSR2H, F, A",0x008540
0x008614,0xFDF,INDF2,write,,"MOVWF INDF2, A",0x008540
0x00861C,0xFD9,FSR2L,write,,"MOVWF FSR2L, A",0x008540
0x00861E,0xFDA,FSR2H,write,,"CLRF FSR2H, A",0x008540
0x008622,0xFDA,FSR2H,read_write,,"ADDWFC FSR2H, F, A",0x008540
0x008624,0xFDF,INDF2,write,,"CLRF INDF2, A",0x008540
0x008626,0xFD8,STATUS,read_write,0,"BCF STATUS, 0, A",0x008540
0x00864C,0xF8C,LATD,read_write,3,"BSF LATD, 3, A",0x00863A
0x00864E,0xF8B,LATC,read_write,4,"BSF LATC, 4, A",0x00863A
0x008650,0xF8B,LATC,read_write,3,"BSF LATC, 3, A",0x00863A
0x008652,0xF8C,LATD,read_write,0,"BSF LATD, 0, A",0x00863A
0x008654,0xF8C,LATD,read_write,1,"BSF LATD, 1, A",0x00863A
0x0086C2,0xFF3,PRODL,read,,"MOVF PRODL, W, A",0x00863A
0x0086C6,0xFF4,PRODH,read,,"MOVF PRODH, W, A",0x00863A
0x0086CE,0xFF3,PRODL,read,,"MOVF PRODL, W, A",0x00863A
0x0086D2,0xFF4,PRODH,read,,"MOVF PRODH, W, A",0x00863A
0x0086D6,0xFF6,TBLPTRL,write,,"MOVFF ram_01B, TBLPTRL",0x00863A
0x0086DA,0xFF7,TBLPTRH,write,,"MOVFF ram_01C, TBLPTRH",0x00863A
0x0086E0,0xFF5,TABLAT,read,,"MOVFF TABLAT, ram_01D",0x00863A
0x0086E6,0xFF5,TABLAT,read,,"MOVFF TABLAT, ram_01E",0x00863A
0x0086F2,0xFD8,STATUS,read_write,0,"BCF STATUS, 0, A",0x00863A
0x008752,0xFF3,PRODL,read,,"MOVF PRODL, W, A",0x00871A
0x008756,0xFF4,PRODH,read,,"MOVF PRODH, W, A",0x00871A
0x00875E,0xFD9,FSR2L,write,,"MOVWF FSR2L, A",0x00871A
0x008764,0xFDA,FSR2H,write,,"MOVWF FSR2H, A",0x00871A
0x008766,0xFDF,INDF2,read,,"MOVF INDF2, W, A",0x00871A
0x008782,0xFF3,PRODL,read,,"MOVF PRODL, W, A",0x00871A
0x008786,0xFF4,PRODH,read,,"MOVF PRODH, W, A",0x00871A
0x00878E,0xFD9,FSR2L,write,,"MOVWF FSR2L, A",0x00871A
0x008794,0xFDA,FSR2H,write,,"MOVWF FSR2H, A",0x00871A
0x008796,0xFDF,INDF2,read,,"MOVF INDF2, W, A",0x00871A
0x0087BC,0xFD9,FSR2L,write,,"MOVWF FSR2L, A",0x00871A
0x0087BE,0xFDA,FSR2H,write,,"CLRF FSR2H, A",0x00871A
0x0087C2,0xFDA,FSR2H,read_write,,"ADDWFC FSR2H, F, A",0x00871A
0x0087C4,0xFDF,INDF2,read,,"MOVF INDF2, W, A",0x00871A
0x0087DC,0xFD9,FSR2L,write,,"MOVWF FSR2L, A",0x00871A
0x0087DE,0xFDA,FSR2H,write,,"CLRF FSR2H, A",0x00871A
0x0087E2,0xFDA,FSR2H,read_write,,"ADDWFC FSR2H, F, A",0x00871A
0x0087E4,0xFDF,INDF2,read,,"MOVF INDF2, W, A",0x00871A
0x00880A,0xFF3,PRODL,read,,"MOVFF PRODL, ram_016",0x0087FA
0x00880E,0xFF4,PRODH,read,,"MOVFF PRODH, ram_017",0x0087FA
0x00881E,0xFF3,PRODL,read,,"MOVF PRODL, W, A",0x0087FA
0x008822,0xFF4,PRODH,read,,"MOVF PRODH, W, A",0x0087FA
0x00882A,0xFD9,FSR2L,write,,"MOVWF FSR2L, A",0x0087FA
0x008830,0xFDA,FSR2H,write,,"MOVWF FSR2H, A",0x0087FA
0x008842,0xFDF,INDF2,write,,"MOVWF INDF2, A",0x0087FA
0x008848,0xFF3,PRODL,read,,"MOVFF PRODL, ram_014",0x0087FA
0x00884C,0xFF4,PRODH,read,,"MOVFF PRODH, ram_015",0x0087FA
0x008868,0xFF3,PRODL,read,,"MOVF PRODL, W, A",0x0087FA
0x00886C,0xFF4,PRODH,read,,"MOVF PRODH, W, A",0x0087FA
0x008874,0xFD9,FSR2L,write,,"MOVWF FSR2L, A",0x0087FA
0x00887A,0xFDA,FSR2H,write,,"MOVWF FSR2H, A",0x0087FA
0x00888C,0xFDF,INDF2,write,,"MOVWF INDF2, A",0x0087FA
0x00889A,0xFD9,FSR2L,write,,"MOVWF FSR2L, A",0x0087FA
0x00889C,0xFDA,FSR2H,write,,"CLRF FSR2H, A",0x0087FA
0x0088A0,0xFDA,FSR2H,read_write,,"ADDWFC FSR2H, F, A",0x0087FA
0x0088B2,0xFDF,INDF2,write,,"MOVWF INDF2, A",0x0087FA
0x0088B8,0xFD9,FSR2L,write,,"MOVWF FSR2L, A",0x0087FA
0x0088BA,0xFDA,FSR2H,write,,"CLRF FSR2H, A",0x0087FA
0x0088BE,0xFDA,FSR2H,read_write,,"ADDWFC FSR2H, F, A",0x0087FA
0x0088D0,0xFDF,INDF2,write,,"MOVWF INDF2, A",0x0087FA
0x0088E2,0xFF3,PRODL,read,,"ADDWF PRODL, W, A",0x0088D4
0x0088E4,0xFD9,FSR2L,write,,"MOVWF FSR2L, A",0x0088D4
0x0088E8,0xFF4,PRODH,read,,"ADDWFC PRODH, W, A",0x0088D4
0x0088EA,0xFDA,FSR2H,write,,"MOVWF FSR2H, A",0x0088D4
0x0088F8,0xFF3,PRODL,read,,"MOVF PRODL, W, A",0x0088D4
0x0088FC,0xFF4,PRODH,read,,"MOVF PRODH, W, A",0x0088D4
0x008904,0xFE1,FSR1L,write,,"MOVWF FSR1L, A",0x0088D4
0x00890A,0xFE2,FSR1H,write,,"MOVWF FSR1H, A",0x0088D4
0x00890C,0xFDF,INDF2,read,,"MOVFF INDF2, INDF1",0x0088D4
0x00890C,0xFE7,INDF1,write,,"MOVFF INDF2, INDF1",0x0088D4
0x008914,0xFD9,FSR2L,write,,"MOVWF FSR2L, A",0x0088D4
0x008916,0xFDA,FSR2H,write,,"CLRF FSR2H, A",0x0088D4
0x00891A,0xFDA,FSR2H,read_write,,"ADDWFC FSR2H, F, A",0x0088D4
0x008928,0xFF3,PRODL,read,,"MOVF PRODL, W, A",0x0088D4
0x00892C,0xFF4,PRODH,read,,"MOVF PRODH, W, A",0x0088D4
0x008934,0xFE1,FSR1L,write,,"MOVWF FSR1L, A",0x0088D4
0x00893A,0xFE2,FSR1H,write,,"MOVWF FSR1H, A",0x0088D4
0x00893C,0xFDF,INDF2,read,,"MOVFF INDF2, INDF1",0x0088D4
0x00893C,0xFE7,INDF1,write,,"MOVFF INDF2, INDF1",0x0088D4
0x00894C,0xFD9,FSR2L,write,,"MOVWF FSR2L, A",0x0088D4
0x00894E,0xFDA,FSR2H,write,,"CLRF FSR2H, A",0x0088D4
0x008952,0xFDA,FSR2H,read_write,,"ADDWFC FSR2H, F, A",0x0088D4
0x008958,0xFE1,FSR1L,write,,"MOVWF FSR1L, A",0x0088D4
0x00895A,0xFE2,FSR1H,write,,"CLRF FSR1H, A",0x0088D4
0x00895E,0xFE2,FSR1H,read_write,,"ADDWFC FSR1H, F, A",0x0088D4
0x008960,0xFDF,INDF2,read,,"MOVFF INDF2, INDF1",0x0088D4
0x008960,0xFE7,INDF1,write,,"MOVFF INDF2, INDF1",0x0088D4
0x008968,0xFD9,FSR2L,write,,"MOVWF FSR2L, A",0x0088D4
0x00896A,0xFDA,FSR2H,write,,"CLRF FSR2H, A",0x0088D4
0x00896E,0xFDA,FSR2H,read_write,,"ADDWFC FSR2H, F, A",0x0088D4
0x008974,0xFE1,FSR1L,write,,"MOVWF FSR1L, A",0x0088D4
0x008976,0xFE2,FSR1H,write,,"CLRF FSR1H, A",0x0088D4
0x00897A,0xFE2,FSR1H,read_write,,"ADDWFC FSR1H, F, A",0x0088D4
0x00897C,0xFDF,INDF2,read,,"MOVFF INDF2, INDF1",0x0088D4
0x00897C,0xFE7,INDF1,write,,"MOVFF INDF2, INDF1",0x0088D4
0x0089D0,0xFF3,PRODL,read,,"ADDWF PRODL, W, A",0x008998
0x0089D2,0xFD9,FSR2L,write,,"MOVWF FSR2L, A",0x008998
0x0089D6,0xFF4,PRODH,read,,"ADDWFC PRODH, W, A",0x008998
0x0089D8,0xFDA,FSR2H,write,,"MOVWF FSR2H, A",0x008998
0x0089DA,0xFDE,POSTINC2,write,,"CLRF POSTINC2, A",0x008998
0x0089DC,0xFDE,POSTINC2,write,,"CLRF POSTINC2, A",0x008998
0x0089DE,0xFDE,POSTINC2,write,,"CLRF POSTINC2, A",0x008998
0x0089E0,0xFDD,POSTDEC2,write,,"CLRF POSTDEC2, A",0x008998
0x0089E6,0xFD9,FSR2L,write,,"MOVWF FSR2L, A",0x008998
0x0089E8,0xFDA,FSR2H,write,,"CLRF FSR2H, A",0x008998
0x0089EC,0xFDA,FSR2H,read_write,,"ADDWFC FSR2H, F, A",0x008998
0x0089EE,0xFDF,INDF2,write,,"CLRF INDF2, A",0x008998
0x0089F6,0xFF3,PRODL,read,,"ADDWF PRODL, W, A",0x008998
0x0089F8,0xFD9,FSR2L,write,,"MOVWF FSR2L, A",0x008998
0x0089FC,0xFF4,PRODH,read,,"ADDWFC PRODH, W, A",0x008998
0x0089FE,0xFDA,FSR2H,write,,"MOVWF FSR2H, A",0x008998
0x008A00,0xFDE,POSTINC2,write,,"CLRF POSTINC2, A",0x008998
0x008A02,0xFDE,POSTINC2,write,,"CLRF POSTINC2, A",0x008998
0x008A04,0xFDE,POSTINC2,write,,"CLRF POSTINC2, A",0x008998
0x008A06,0xFDD,POSTDEC2,write,,"CLRF POSTDEC2, A",0x008998
0x008A0C,0xFD9,FSR2L,write,,"MOVWF FSR2L, A",0x008998
0x008A0E,0xFDA,FSR2H,write,,"CLRF FSR2H, A",0x008998
0x008A12,0xFDA,FSR2H,read_write,,"ADDWFC FSR2H, F, A",0x008998
0x008A14,0xFDF,INDF2,write,,"CLRF INDF2, A",0x008998
0x008A1A,0xFF3,PRODL,read,,"MOVF PRODL, W, A",0x008998
0x008A1E,0xFD9,FSR2L,write,,"MOVWF FSR2L, A",0x008998
0x008A20,0xFDA,FSR2H,write,,"CLRF FSR2H, A",0x008998
0x008A24,0xFDE,POSTINC2,write,,"MOVWF POSTINC2, A",0x008998
0x008A28,0xFDD,POSTDEC2,write,,"MOVWF POSTDEC2, A",0x008998
0x008A32,0xFF2,INTCON,read_write,7,"BSF INTCON, 7, A",0x008998
0x008AA4,0xFD8,STATUS,read_write,0,"BCF STATUS, 0, A",0x008A5A
0x008AB4,0xFD8,STATUS,read_write,0,"BCF STATUS, 0, A",0x008A5A
0x008AE2,0xFD8,STATUS,read_write,0,"BCF STATUS, 0, A",0x008A5A
0x008B48,0xFD8,STATUS,read_write,0,"BCF STATUS, 0, A",0x008B16
0x008B5A,0xFE8,WREG,read_write,,"DECFSZ WREG, F, A",0x008B16
0x008BDC,0xFD8,STATUS,read,0,"BTFSS STATUS, 0, A",0x008BCC
0x008BDE,0xFE8,WREG,read_write,,"INCF WREG, F, A",0x008BCC
0x008C24,0xFD8,STATUS,read_write,0,"BCF STATUS, 0, A",0x008BCC
0x008C32,0xFD8,STATUS,read_write,0,"BCF STATUS, 0, A",0x008BCC
0x008CBE,0xFD8,STATUS,read_write,0,"BCF STATUS, 0, A",0x008C80
0x008CF0,0xFD8,STATUS,read_write,0,"BCF STATUS, 0, A",0x008C80
0x008D28,0xFF6,TBLPTRL,write,,"MOVWF TBLPTRL, A",0x008D24
0x008D2C,0xFF7,TBLPTRH,write,,"MOVWF TBLPTRH, A",0x008D24
0x008D30,0xFF5,TABLAT,read,,"MOVFF TABLAT, ram_016",0x008D24
0x008D36,0xFF5,TABLAT,read,,"MOVFF TABLAT, ram_017",0x008D24
0x008D3C,0xFF5,TABLAT,read,,"MOVFF TABLAT, ram_018",0x008D24
0x008D42,0xFF5,TABLAT,read,,"MOVFF TABLAT, ram_019",0x008D24
0x008D4E,0xF7E,PIR5,read,0,"BTFSS PIR5, 0, A",0x008D24
0x008D54,0xF7E,PIR5,read_write,0,"BCF PIR5, 0, A",0x008D24
0x008D68,0xF8A,LATB,read_write,5,"BSF LATB, 5, A",0x008D24
0x008D6C,0xF8A,LATB,read_write,5,"BCF LATB, 5, A",0x008D24
0x008D96,0xF53,TMR4,read,,"MOVF TMR4, W, B",0x008D24
0x008DA6,0xF53,TMR4,write,,"CLRF TMR4, B",0x008D24
0x008DB2,0xF8A,LATB,read_write,5,"BSF LATB, 5, A",0x008D24
0x008DB6,0xF8A,LATB,read_write,5,"BCF LATB, 5, A",0x008D24
0x008DB8,0xFD8,STATUS,read_write,0,"BCF STATUS, 0, A",0x008D24
0x008E8E,0xFD8,STATUS,read_write,0,"BCF STATUS, 0, A",0x008E5A
0x008EA0,0xFD8,STATUS,read_write,0,"BCF STATUS, 0, A",0x008E5A
0x008EF6,0xFF3,PRODL,read,,"MOVF PRODL, W, A",0x008EE6
0x008EFA,0xFF4,PRODH,read,,"MOVF PRODH, W, A",0x008EE6
0x008F02,0xFD9,FSR2L,write,,"MOVWF FSR2L, A",0x008EE6
0x008F08,0xFDA,FSR2H,write,,"MOVWF FSR2H, A",0x008EE6
0x008F0A,0xFDF,INDF2,write,,"CLRF INDF2, A",0x008EE6
0x008F18,0xFF3,PRODL,read,,"MOVF PRODL, W, A",0x008EE6
0x008F1C,0xFF4,PRODH,read,,"MOVF PRODH, W, A",0x008EE6
0x008F24,0xFD9,FSR2L,write,,"MOVWF FSR2L, A",0x008EE6
0x008F2A,0xFDA,FSR2H,write,,"MOVWF FSR2H, A",0x008EE6
0x008F2C,0xFDF,INDF2,write,,"CLRF INDF2, A",0x008EE6
0x008F32,0xFD9,FSR2L,write,,"MOVWF FSR2L, A",0x008EE6
0x008F38,0xFDA,FSR2H,write,,"MOVWF FSR2H, A",0x008EE6
0x008F3C,0xFDF,INDF2,write,,"MOVWF INDF2, A",0x008EE6
0x008F4E,0xFD9,FSR2L,write,,"MOVWF FSR2L, A",0x008EE6
0x008F50,0xFDA,FSR2H,write,,"CLRF FSR2H, A",0x008EE6
0x008F54,0xFDA,FSR2H,read_write,,"ADDWFC FSR2H, F, A",0x008EE6
0x008F56,0xFDF,INDF2,write,,"SETF INDF2, A",0x008EE6
0x008F5C,0xFD9,FSR2L,write,,"MOVWF FSR2L, A",0x008EE6
0x008F5E,0xFDA,FSR2H,write,,"CLRF FSR2H, A",0x008EE6
0x008F62,0xFDA,FSR2H,read_write,,"ADDWFC FSR2H, F, A",0x008EE6
0x008F64,0xFDF,INDF2,write,,"CLRF INDF2, A",0x008EE6
0x008F82,0xFF3,PRODL,read,,"ADDWF PRODL, W, A",0x008F70
0x008F84,0xFD9,FSR2L,write,,"MOVWF FSR2L, A",0x008F70
0x008F88,0xFF4,PRODH,read,,"ADDWFC PRODH, W, A",0x008F70
0x008F8A,0xFDA,FSR2H,write,,"MOVWF FSR2H, A",0x008F70
0x008F8C,0xFDF,INDF2,read,,"MOVF INDF2, W, A",0x008F70
0x008FA0,0xFD9,FSR2L,write,,"MOVWF FSR2L, A",0x008F70
0x008FA2,0xFDA,FSR2H,write,,"CLRF FSR2H, A",0x008F70
0x008FA6,0xFDA,FSR2H,read_write,,"ADDWFC FSR2H, F, A",0x008F70
0x008FA8,0xFDF,INDF2,read,,"MOVF INDF2, W, A",0x008F70
0x008FCA,0xFD9,FSR2L,write,,"MOVWF FSR2L, A",0x008F70
0x008FCC,0xFDA,FSR2H,write,,"CLRF FSR2H, A",0x008F70
0x008FD0,0xFDA,FSR2H,read_write,,"ADDWFC FSR2H, F, A",0x008F70
0x008FD2,0xFDF,INDF2,read,,"MOVF INDF2, W, A",0x008F70
0x008FEA,0xFD9,FSR2L,write,,"MOVWF FSR2L, A",0x008F70
0x008FEC,0xFDA,FSR2H,write,,"CLRF FSR2H, A",0x008F70
0x008FF0,0xFDA,FSR2H,read_write,,"ADDWFC FSR2H, F, A",0x008F70
0x008FF2,0xFDF,INDF2,read,,"MOVF INDF2, W, A",0x008F70
0x008FFC,0xFF3,PRODL,read,,"MOVFF PRODL, ram_028",0x008FF8
0x009000,0xFF4,PRODH,read,,"MOVFF PRODH, ram_029",0x008FF8
0x00900C,0xFF3,PRODL,read,,"MOVF PRODL, W, A",0x008FF8
0x009010,0xFF4,PRODH,read,,"MOVF PRODH, W, A",0x008FF8
0x00901C,0xFF3,PRODL,read,,"MOVF PRODL, W, A",0x008FF8
0x009020,0xFF4,PRODH,read,,"MOVF PRODH, W, A",0x008FF8
0x00902C,0xFF3,PRODL,read,,"MOVF PRODL, W, A",0x008FF8
0x009030,0xFF4,PRODH,read,,"MOVF PRODH, W, A",0x008FF8
0x009038,0xFF3,PRODL,read,,"MOVF PRODL, W, A",0x008FF8
0x00903C,0xFF4,PRODH,read,,"MOVF PRODH, W, A",0x008FF8
0x009044,0xFF3,PRODL,read,,"MOVF PRODL, W, A",0x008FF8
0x009048,0xFF4,PRODH,read,,"MOVF PRODH, W, A",0x008FF8
0x009050,0xFF3,PRODL,read,,"MOVF PRODL, W, A",0x008FF8
0x009058,0xFF3,PRODL,read,,"MOVF PRODL, W, A",0x008FF8
0x009060,0xFF3,PRODL,read,,"MOVF PRODL, W, A",0x008FF8
0x009068,0xFF3,PRODL,read,,"MOVF PRODL, W, A",0x008FF8
0x00908A,0xFD8,STATUS,read_write,0,"BCF STATUS, 0, A",0x00907E
0x00908E,0xFD9,FSR2L,write,,"MOVWF FSR2L, A",0x00907E
0x009092,0xFDA,FSR2H,write,,"MOVWF FSR2H, A",0x00907E
0x009096,0xFD9,FSR2L,read_write,,"ADDWF FSR2L, F, A",0x00907E
0x00909A,0xFDA,FSR2H,read_write,,"ADDWFC FSR2H, F, A",0x00907E
0x0090A8,0xFF3,PRODL,read,,"MOVF PRODL, W, A",0x00907E
0x0090AC,0xFF4,PRODH,read,,"MOVF PRODH, W, A",0x00907E
0x0090B4,0xFE1,FSR1L,write,,"MOVWF FSR1L, A",0x00907E
0x0090BA,0xFE2,FSR1H,write,,"MOVWF FSR1H, A",0x00907E
0x0090BC,0xFDF,INDF2,read,,"MOVFF INDF2, INDF1",0x00907E
0x0090BC,0xFE7,INDF1,write,,"MOVFF INDF2, INDF1",0x00907E
0x0090C4,0xFD9,FSR2L,write,,"MOVWF FSR2L, A",0x00907E
0x0090CA,0xFDA,FSR2H,write,,"MOVWF FSR2H, A",0x00907E
0x0090D8,0xFF3,PRODL,read,,"MOVF PRODL, W, A",0x00907E
0x0090DC,0xFF4,PRODH,read,,"MOVF PRODH, W, A",0x00907E
0x0090E4,0xFE1,FSR1L,write,,"MOVWF FSR1L, A",0x00907E
0x0090EA,0xFE2,FSR1H,write,,"MOVWF FSR1H, A",0x00907E
0x0090EC,0xFDF,INDF2,read,,"MOVFF INDF2, INDF1",0x00907E
0x0090EC,0xFE7,INDF1,write,,"MOVFF INDF2, INDF1",0x00907E
0x009108,0xFD8,STATUS,read,0,"BTFSC STATUS, 0, A",0x0090FE
0x009118,0xFD8,STATUS,read,0,"BTFSC STATUS, 0, A",0x0090FE
0x009130,0xFD8,STATUS,read_write,0,"BCF STATUS, 0, A",0x0090FE
0x00913C,0xFD8,STATUS,read_write,0,"BCF STATUS, 0, A",0x0090FE
0x009156,0xFD8,STATUS,read_write,0,"BCF STATUS, 0, A",0x0090FE
0x009168,0xFD8,STATUS,read,0,"BTFSC STATUS, 0, A",0x0090FE
0x00918E,0xFD8,STATUS,read_write,0,"BCF STATUS, 0, A",0x009176
0x00919E,0xFD8,STATUS,read_write,0,"BCF STATUS, 0, A",0x009176
0x0091CC,0xFD8,STATUS,read_write,0,"BCF STATUS, 0, A",0x009176
0x0091F8,0xFD8,STATUS,read,0,"BTFSC STATUS, 0, A",0x0091EC
0x009208,0xFD8,STATUS,read,0,"BTFSC STATUS, 0, A",0x0091EC
0x009218,0xFD8,STATUS,read_write,0,"BCF STATUS, 0, A",0x0091EC
0x009236,0xFD8,STATUS,read_write,0,"BCF STATUS, 0, A",0x0091EC
0x009248,0xFD8,STATUS,read,0,"BTFSC STATUS, 0, A",0x0091EC
0x009266,0xFD8,STATUS,read_write,0,"BCF STATUS, 0, A",0x009256
0x009298,0xFD8,STATUS,read_write,0,"BCF STATUS, 0, A",0x009256
0x009322,0xFC2,ADCON0,read_write,1,"BSF ADCON0, 1, A",0x009318
0x009328,0xFC2,ADCON0,read,1,"BTFSC ADCON0, 1, A",0x009318
0x00932E,0xFC4,ADRESH,read,,"MOVF ADRESH, W, A",0x009318
0x009332,0xFC3,ADRESL,read,,"MOVF ADRESL, W, A",0x009318
0x009378,0xFD8,STATUS,read_write,0,"BCF STATUS, 0, A",0x009368
0x009384,0xFD8,STATUS,read_write,0,"BCF STATUS, 0, A",0x009368
0x00939E,0xFD8,STATUS,read_write,0,"BCF STATUS, 0, A",0x009368
0x0093C2,0xFD8,STATUS,read,0,"BTFSC STATUS, 0, A",0x0093B2
0x0093D2,0xFF3,PRODL,read,,"MOVFF PRODL, ram_01B",0x0093B2
0x0093D6,0xFF4,PRODH,read,,"MOVFF PRODH, ram_01C",0x0093B2
0x009412,0xFF3,PRODL,read,,"ADDWF PRODL, W, A",0x0093FC
0x009414,0xFD9,FSR2L,write,,"MOVWF FSR2L, A",0x0093FC
0x009418,0xFF4,PRODH,read,,"ADDWFC PRODH, W, A",0x0093FC
0x00941A,0xFDA,FSR2H,write,,"MOVWF FSR2H, A",0x0093FC
0x00941C,0xFDE,POSTINC2,read,,"MOVFF POSTINC2, ram_021",0x0093FC
0x009420,0xFDD,POSTDEC2,read,,"MOVFF POSTDEC2, ram_022",0x0093FC
0x0094CC,0xFD8,STATUS,read_write,0,"BCF STATUS, 0, A",0x0094C0
0x0094EA,0xFD8,STATUS,read_write,0,"BCF STATUS, 0, A",0x0094C0
0x00950A,0xFD8,STATUS,read_write,0,"BCF STATUS, 0, A",0x0094FE
0x009528,0xFD8,STATUS,read_write,0,"BCF STATUS, 0, A",0x0094FE
0x009560,0xFD8,STATUS,read_write,0,"BCF STATUS, 0, A",0x00953C
0x009578,0xFF2,INTCON,read,7,"BTFSC INTCON, 7, A",0x009576
0x009582,0xFAA,EEADRH,write,,"MOVWF EEADRH, A",0x009576
0x009584,0xFA9,EEADR,write,,"MOVFF ram_012, EEADR",0x009576
0x009588,0xFA8,EEDATA,write,,"MOVFF ram_014, EEDATA",0x009576
0x00958C,0xFA6,EECON1,read_write,7,"BCF EECON1, 7, A",0x009576
0x00958E,0xFA6,EECON1,read_write,6,"BCF EECON1, 6, A",0x009576
0x009590,0xFA6,EECON1,read_write,2,"BSF EECON1, 2, A",0x009576
0x009592,0xFF2,INTCON,read_write,7,"BCF INTCON, 7, A",0x009576
0x009596,0xFA7,EECON2,write,,"MOVWF EECON2, A",0x009576
0x00959A,0xFA7,EECON2,write,,"MOVWF EECON2, A",0x009576
0x00959C,0xFA6,EECON1,read_write,1,"BSF EECON1, 1, A",0x009576
0x00959E,0xFA6,EECON1,read,1,"BTFSC EECON1, 1, A",0x009576
0x0095A2,0xFA6,EECON1,read_write,2,"BCF EECON1, 2, A",0x009576
0x0095A8,0xFF2,INTCON,read_write,7,"BCF INTCON, 7, A",0x009576
0x0095AC,0xFF2,INTCON,read_write,7,"BSF INTCON, 7, A",0x009576
0x0095BA,0xF82,PORTC,read,0,"BTFSS PORTC, 0, A",0x0095B0
0x0095BE,0xF84,PORTE,read,2,"BTFSS PORTE, 2, A",0x0095B0
0x0095C2,0xF82,PORTC,read,2,"BTFSS PORTC, 2, A",0x0095B0
0x0095C6,0xF82,PORTC,read,5,"BTFSS PORTC, 5, A",0x0095B0
0x0095CA,0xF83,PORTD,read,7,"BTFSS PORTD, 7, A",0x0095B0
0x0095CE,0xF82,PORTC,read,1,"BTFSS PORTC, 1, A",0x0095B0
0x0095D2,0xF82,PORTC,read,6,"BTFSS PORTC, 6, A",0x0095B0
0x0095D6,0xF83,PORTD,read,6,"BTFSS PORTD, 6, A",0x0095B0
0x0095F2,0xFD8,STATUS,read_write,0,"BCF STATUS, 0, A",0x0095E4
0x0095FC,0xFD8,STATUS,read_write,0,"BCF STATUS, 0, A",0x0095E4
0x00960C,0xFD8,STATUS,read_write,0,"BCF STATUS, 0, A",0x0095E4
0x009628,0xFD8,STATUS,read,0,"BTFSC STATUS, 0, A",0x009618
0x009630,0xFF3,PRODL,read,,"MOVF PRODL, W, A",0x009618
0x009634,0xFF4,PRODH,read,,"MOVF PRODH, W, A",0x009618
0x0096B0,0xFD8,STATUS,read,0,"BTFSC STATUS, 0, A",0x0096A6
0x0096D6,0xFD8,STATUS,read_write,0,"BCF STATUS, 0, A",0x0096CE
0x0096DE,0xFD8,STATUS,read_write,0,"BCF STATUS, 0, A",0x0096CE
0x0096F8,0xFF3,PRODL,read,,"MOVFF PRODL, ram_01C",0x0096F4
0x00972E,0xFAA,EEADRH,write,,"MOVWF EEADRH, A",0x00972A
0x009730,0xFA9,EEADR,write,,"MOVFF ram_012, EEADR",0x00972A
0x009734,0xFA6,EECON1,read_write,6,"BCF EECON1, 6, A",0x00972A
0x009736,0xFA6,EECON1,read_write,7,"BCF EECON1, 7, A",0x00972A
0x009738,0xFA6,EECON1,read_write,0,"BSF EECON1, 0, A",0x00972A
0x00973E,0xFA8,EEDATA,read,,"MOVF EEDATA, W, A",0x00972A
0x009742,0xF8C,LATD,read_write,5,"BSF LATD, 5, A",0x009742
0x009748,0xF8C,LATD,read_write,2,"BSF LATD, 2, A",0x009742
0x00974E,0xF8C,LATD,read_write,2,"BCF LATD, 2, A",0x009742
0x009756,0xF8C,LATD,read_write,5,"BCF LATD, 5, A",0x009756
0x00975C,0xF8C,LATD,read_write,2,"BSF LATD, 2, A",0x009756
0x009762,0xF8C,LATD,read_write,2,"BCF LATD, 2, A",0x009756
0x009790,0xFC4,ADRESH,read,,"MOVF ADRESH, W, A",0x009790
0x009794,0xFC3,ADRESL,read,,"MOVF ADRESL, W, A",0x009790
0x00979E,0xF8C,LATD,read_write,4,"BSF LATD, 4, A",0x00953C
0x0097A4,0xF8C,LATD,read_write,4,"BCF LATD, 4, A",0x00953C
0x0097CE,0xFC2,ADCON0,read,1,"BTFSC ADCON0, 1, A",0x0097CE
0x0097D4,0xFC2,ADCON0,read_write,1,"BSF ADCON0, 1, A",0x0097D4
