index,address,bits,value
0,0x08045a98,0x3f0c17fc,0.547240973
1,0x08045a9c,0x3e8c180d,0.273620993
2,0x08045aa0,0x3e3ac81d,0.182403997
3,0x08045aa4,0x3e0c17ec,0.136810005
4,0x08045aa8,0x3de01ffb,0.109435998
5,0x08045aac,0x3dbabffd,0.0911865011
6,0x08045ab0,0x3da00ffe,0.0781555027
7,0x08045ab4,0x3d8c1001,0.0683899
8,0x08045ab8,0x3d78fffc,0.0607910007
9,0x08045abc,0x3d601ffb,0.054717999
10,0x08045ac0,0x3d4bc00d,0.0497437008
11,0x08045ac4,0x3d3ac00a,0.045593299
12,0x08045ac8,0x3d2c5ff5,0.0420836993
13,0x08045acc,0x3d200000,0.0390625
14,0x08045ad0,0x3d155ffe,0.0364684984
15,0x08045ad4,0x3d0c0003,0.0341796987
16,0x08045ad8,0x3d03bff9,0.0321655013
17,0x08045adc,0x3cf8fffc,0.0303955004
18,0x08045ae0,0x3cebc00d,0.0287781004
19,0x08045ae4,0x3ce0001b,0.0273438003
20,0x08045ae8,0x3cd54003,0.0260314997
21,0x08045aec,0x3ccbbff2,0.0248718001
22,0x08045af0,0x3cc2c004,0.0237732008
23,0x08045af4,0x3cbabfef,0.0227965992
24,0x08045af8,0x3cb33ffe,0.0218810998
25,0x08045afc,0x3cac3ffa,0.0210266002
26,0x08045b00,0x3ca6000f,0.0202636998
27,0x08045b04,0x3c9fffe5,0.0195311997
28,0x08045b08,0x3c9a8014,0.0188599005
29,0x08045b0c,0x3c954003,0.0182189997
30,0x08045b10,0x3c908015,0.0176391993
31,0x08045b14,0x3c8bffe9,0.0170898009
32,0x08045b18,0x3c87bfe8,0.0165710002
33,0x08045b1c,0x3c83c014,0.0160828009
34,0x08045b20,0x3c800000,0.015625
35,0x08045b24,0x3c790031,0.0151977995
36,0x08045b28,0x3c71fff8,0.0147705004
37,0x08045b2c,0x3c6b8016,0.0143737998
38,0x08045b30,0x3c658022,0.0140076
39,0x08045b34,0x3c60001b,0.0136719001
40,0x08045b38,0x3c5a8014,0.0133362003
41,0x08045b3c,0x3c55000d,0.0130005004
42,0x08045b40,0x3c507fe0,0.0127258003
43,0x08045b44,0x3c4b8031,0.0124206999
44,0x08045b48,0x3c470004,0.0121459998
45,0x08045b4c,0x3c427fd7,0.0118712997
46,0x08045b50,0x3c3e8003,0.0116272001
47,0x08045b54,0x3c3a802f,0.0113831004
48,0x08045b58,0x3c367fef,0.0111389002
49,0x08045b5c,0x3c330008,0.0109253004
50,0x08045b60,0x3c2f8020,0.0107116997
51,0x08045b64,0x3c2bffce,0.0104980003
52,0x08045b68,0x3c28ffd4,0.0103149004
53,0x08045b6c,0x3c25ffd9,0.0101317996
54,0x08045b70,0x3c22ffff,0.00994872954
55,0x08045b74,0x3c1ffffb,0.00976562034
56,0x08045b78,0x3c1d0001,0.00958252046
57,0x08045b7c,0x3c1a7ffe,0.00942992978
58,0x08045b80,0x3c178004,0.0092468299
59,0x08045b84,0x3c150002,0.00909424014
60,0x08045b88,0x3c128000,0.00894165039
61,0x08045b8c,0x3c108000,0.00881958008
62,0x08045b90,0x3c0dfffe,0.00866699032
63,0x08045b94,0x00000000,0
64,0x08045b98,0x3f2b1801,0.668335021
65,0x08045b9c,0x3e9e7408,0.309478998
66,0x08045ba0,0x3e22580c,0.158538997
67,0x08045ba4,0x3d7e8003,0.0621338002
68,0x08045ba8,0x3ca4c009,0.0201111007
69,0x08045bac,0x3c89401b,0.0167542007
70,0x08045bb0,0x3c6b8016,0.0143737998
71,0x08045bb4,0x3c4dffd3,0.0125732003
72,0x08045bb8,0x3c36ffdc,0.0111694001
73,0x08045bbc,0x3c248012,0.0100403
74,0x08045bc0,0x3c158004,0.00912475958
75,0x08045bc4,0x3ca97ff6,0.0206908993
76,0x08045bc8,0x3d15c00b,0.0365600996
77,0x08045bcc,0x3d35000d,0.0441895016
78,0x08045bd0,0x3d36800a,0.0445557013
79,0x08045bd4,0x3d1e6008,0.0386658013
80,0x08045bd8,0x3ce4ffff,0.0279540997
81,0x08045bdc,0x3c61ffcf,0.0137938997
82,0x08045be0,0x3bacfffe,0.00527954008
83,0x08045be4,0x3ba3fffa,0.00500488002
84,0x08045be8,0x3b9d0001,0.00479126023
85,0x08045bec,0x3b950002,0.00454712007
86,0x08045bf0,0x3b8efff8,0.00436400995
87,0x08045bf4,0x3b890004,0.00418091007
88,0x08045bf8,0x3b82fffa,0.00399779994
89,0x08045bfc,0x3c1c7ffe,0.00955200009
90,0x08045c00,0x3c903fe9,0.0176085997
91,0x08045c04,0x3cb4fff2,0.0220947005
92,0x08045c08,0x3cbcc00f,0.0230407994
93,0x08045c0c,0x3ca90009,0.0206298996
94,0x08045c10,0x3c7affe6,0.0153198
95,0x08045c14,0x3bfdfff6,0.00775146019
96,0x08045c18,0x3b45ffff,0.00302124
97,0x08045c1c,0x3b420015,0.00296020997
98,0x08045c20,0x3b3bfff6,0.00286865002
99,0x08045c24,0x3b360002,0.00277710008
100,0x08045c28,0x3b31ffed,0.00271606003
101,0x08045c2c,0x3b2bfff9,0.00262451009
102,0x08045c30,0x3b28000f,0.00256348005
103,0x08045c34,0x3bcb0004,0.00619507022
104,0x08045c38,0x3c3e0016,0.0115967002
105,0x08045c3c,0x3c71001d,0.0147094997
106,0x08045c40,0x3c7e7fcd,0.0155333998
107,0x08045c44,0x3c66000f,0.0140380999
108,0x08045c48,0x3c2d0013,0.0105590997
109,0x08045c4c,0x3bb0fffd,0.00540160993
110,0x08045c50,0x3b0bfffe,0.00213623
111,0x08045c54,0x3b080014,0.00207519997
112,0x08045c58,0x3b06000a,0.00204468006
113,0x08045c5c,0x3b01fff5,0.00198364002
114,0x08045c60,0x3affffd5,0.00195311999
115,0x08045c64,0x3afc0016,0.00192260998
116,0x08045c68,0x3af80001,0.00189208996
117,0x08045c6c,0x3b960007,0.00457763998
118,0x08045c70,0x3c0d7ffb,0.00863646995
119,0x08045c74,0x3c350027,0.0110473996
120,0x08045c78,0x3c400036,0.0117188003
121,0x08045c7c,0x3c2e7fdb,0.0106506003
122,0x08045c80,0x3c03ffff,0.00805663969
123,0x08045c84,0x3b86fff9,0.00411986979
124,0x08045c88,0x3ad80007,0.00164795003
125,0x08045c8c,0x3ad3fff2,0.00161743001
126,0x08045c90,0x3acfffdd,0.00158690999
127,0x08045c94,0x00000000,0
128,0x08045c98,0x3f1d3dfb,0.614226997
129,0x08045c9c,0x3e5fc7e7,0.218536004
130,0x08045ca0,0x3cfc8019,0.0308228005
131,0x08045ca4,0x3cbd3ffc,0.0231017992
132,0x08045ca8,0x3c97801a,0.0184937008
133,0x08045cac,0x3c7c8019,0.0154114002
134,0x08045cb0,0x3d7fc009,0.0624389984
135,0x08045cb4,0x3d9d2fff,0.0767517015
136,0x08045cb8,0x3d46e009,0.0485535003
137,0x08045cbc,0x3c178004,0.0092468299
138,0x08045cc0,0x3c097ffc,0.00839233026
139,0x08045cc4,0x3bfc0001,0.00769043015
140,0x08045cc8,0x3be90009,0.00711059989
141,0x08045ccc,0x3cffc009,0.0312194992
142,0x08045cd0,0x3d27a007,0.0409240983
143,0x08045cd4,0x3cdfbfef,0.0273132008
144,0x08045cd8,0x3bb20002,0.00543212984
145,0x08045cdc,0x3ba7fff9,0.00512694987
146,0x08045ce0,0x3b9efff5,0.0048522898
147,0x08045ce4,0x3b96fff7,0.00460815011
148,0x08045ce8,0x3caa8006,0.0208129995
149,0x08045cec,0x3ce48012,0.0278930999
150,0x08045cf0,0x3c9b7fee,0.0189819001
151,0x08045cf4,0x3b7bffeb,0.00384520995
152,0x08045cf8,0x3b72000d,0.00369262998
153,0x08045cfc,0x3b680004,0.00354003999
154,0x08045d00,0x3b600005,0.00341796991
155,0x08045d04,0x3c7f8013,0.0155945001
156,0x08045d08,0x3cad8000,0.0211791992
157,0x08045d0c,0x3c6e8010,0.0145568997
158,0x08045d10,0x3b420015,0.00296020997
159,0x08045d14,0x3b3bfff6,0.00286865002
160,0x08045d18,0x3b360002,0.00277710008
161,0x08045d1c,0x3b31ffed,0.00271606003
162,0x08045d20,0x3c4c800b,0.0124816997
163,0x08045d24,0x3c8bbff2,0.0170593001
164,0x08045d28,0x3c417ffd,0.0118102999
165,0x08045d2c,0x3b1e0006,0.00241089007
166,0x08045d30,0x3b19fff1,0.00234985002
167,0x08045d34,0x3b160007,0.00228881999
168,0x08045d38,0x3b11fff2,0.00222777994
169,0x08045d3c,0x3c2a8006,0.0104064997
170,0x08045d40,0x3c69ffe3,0.0142821996
171,0x08045d44,0x3c227ffd,0.0099182101
172,0x08045d48,0x3b06000a,0.00204468006
173,0x08045d4c,0x3b01fff5,0.00198364002
174,0x08045d50,0x3affffd5,0.00195311999
175,0x08045d54,0x3afc0016,0.00192260998
176,0x08045d58,0x3c11fffd,0.00891113002
177,0x08045d5c,0x3c490024,0.0122680999
178,0x08045d60,0x3c0bfffe,0.00854492001
179,0x08045d64,0x3ae80004,0.00177002
180,0x08045d68,0x3ae3ffef,0.00173949997
181,0x08045d6c,0x3adfffda,0.00170897995
182,0x08045d70,0x3adc001c,0.00167847006
183,0x08045d74,0x3bfefffb,0.00778198009
184,0x08045d78,0x3c307ffb,0.0107727004
185,0x08045d7c,0x3bf5fff7,0.00750732003
186,0x08045d80,0x3acc001e,0.00155639998
187,0x08045d84,0x3ac80009,0.00152587995
188,0x08045d88,0x3ac3fff5,0.00149536005
189,0x08045d8c,0x3abfffe0,0.00146484002
190,0x08045d90,0x3be2ffff,0.00692748977
191,0x08045d94,0x00000000,0
192,0x08045d98,0x3f1cbdfd,0.612273991
193,0x08045d9c,0x3de92ff5,0.113861002
194,0x08045da0,0x3cfbbfff,0.0307311993
195,0x08045da4,0x3cbcc00f,0.0230407994
196,0x08045da8,0x3db27002,0.0871277004
197,0x08045dac,0x3dc17ffd,0.0944823995
198,0x08045db0,0x3c57801a,0.0131531004
199,0x08045db4,0x3c3c7fe3,0.0115050999
200,0x08045db8,0x3c27800c,0.0102233998
201,0x08045dbc,0x3d68400b,0.0567017011
202,0x08045dc0,0x3d222000,0.0395812988
203,0x08045dc4,0x3bfafffb,0.00765990978
204,0x08045dc8,0x3be80004,0.00708007999
205,0x08045dcc,0x3c854011,0.0162659008
206,0x08045dd0,0x3d271fff,0.0408019982
207,0x08045dd4,0x3c690009,0.0142211998
208,0x08045dd8,0x3bb0fffd,0.00540160993
209,0x08045ddc,0x3ba7000a,0.0050964402
210,0x08045de0,0x3cbbbfff,0.0229186993
211,0x08045de4,0x3ce83ff0,0.0283508003
212,0x08045de8,0x3b8efff8,0.00436400995
213,0x08045dec,0x3b890004,0.00418091007
214,0x08045df0,0x3b82fffa,0.00399779994
215,0x08045df4,0x3cc17ffd,0.0236205999
216,0x08045df8,0x3c8ebfec,0.0174254999
217,0x08045dfc,0x3b680004,0.00354003999
218,0x08045e00,0x3b5dfffb,0.00338745001
219,0x08045e04,0x3c050005,0.00811768044
220,0x08045e08,0x3cacbfe7,0.0210875999
221,0x08045e0c,0x3bf80001,0.00756835984
222,0x08045e10,0x3b420015,0.00296020997
223,0x08045e14,0x3b3bfff6,0.00286865002
224,0x08045e18,0x3c580007,0.0131836003
225,0x08045e1c,0x3c888001,0.0166625995
226,0x08045e20,0x3b2bfff9,0.00262451009
227,0x08045e24,0x3b260004,0.00253295992
228,0x08045e28,0x3b21fff0,0.0024719201
229,0x08045e2c,0x3c740017,0.0148925995
230,0x08045e30,0x3c36ffdc,0.0111694001
231,0x08045e34,0x3b160007,0.00228881999
232,0x08045e38,0x3b11fff2,0.00222777994
233,0x08045e3c,0x3bb0fffd,0.00540160993
234,0x08045e40,0x3c690009,0.0142211998
235,0x08045e44,0x3ba8fffe,0.00515746977
236,0x08045e48,0x3b06000a,0.00204468006
237,0x08045e4c,0x3b01fff5,0.00198364002
238,0x08045e50,0x3c178004,0.0092468299
239,0x08045e54,0x3c417ffd,0.0118102999
240,0x08045e58,0x3af3ffed,0.00186157005
241,0x08045e5c,0x3aefffd8,0.00183105003
242,0x08045e60,0x3aec0019,0.00180054002
243,0x08045e64,0x3c32801a,0.0108947996
244,0x08045e68,0x3c068002,0.00820923038
245,0x08045e6c,0x3adc001c,0.00167847006
246,0x08045e70,0x3ad80007,0.00164795003
247,0x08045e74,0x3b850005,0.00405884022
248,0x08045e78,0x3c2f8020,0.0107116997
249,0x08045e7c,0x3b800000,0.00390625
250,0x08045e80,0x3acc001e,0.00155639998
251,0x08045e84,0x3ac80009,0.00152587995
252,0x08045e88,0x3be9fff9,0.00714111002
253,0x08045e8c,0x3c158004,0.00912475958
254,0x08045e90,0x3abc0021,0.00143433001
255,0x08045e94,0x00000000,0
256,0x08045e98,0x3f2049fd,0.626128972
257,0x08045e9c,0x3d41200b,0.0471496992
258,0x08045ea0,0x3d00bfff,0.0314331017
259,0x08045ea4,0x3de41feb,0.111389004
260,0x08045ea8,0x3db67ffc,0.0891112983
261,0x08045eac,0x3c80c019,0.0157165993
262,0x08045eb0,0x3c5c8034,0.0134583004
263,0x08045eb4,0x3da04004,0.0782471001
264,0x08045eb8,0x3c2b7fe1,0.0104675004
265,0x08045ebc,0x3c1a7ffe,0.00942992978
266,0x08045ec0,0x3d25dff9,0.0404968001
267,0x08045ec4,0x3d180007,0.0371094011
268,0x08045ec8,0x3bed0009,0.00723267021
269,0x08045ecc,0x3bdc0006,0.00671386998
270,0x08045ed0,0x3d2adff8,0.0417174995
271,0x08045ed4,0x3bc0fffa,0.00588988978
272,0x08045ed8,0x3bb4fffc,0.00552367978
273,0x08045edc,0x3ccac018,0.0247498006
274,0x08045ee0,0x3cc00000,0.0234375
275,0x08045ee4,0x3b9a0006,0.00469970983
276,0x08045ee8,0x3b92fff7,0.00448607979
277,0x08045eec,0x3ce90009,0.0284423996
278,0x08045ef0,0x3b86000a,0.00408936013
279,0x08045ef4,0x3b800000,0.00390625
280,0x08045ef8,0x3c920012,0.0178222992
281,0x08045efc,0x3c8c4015,0.0171204004
282,0x08045f00,0x3b63ffef,0.00347899995
283,0x08045f04,0x3b5bfff1,0.0033569301
284,0x08045f08,0x3cb0bff1,0.0215758998
285,0x08045f0c,0x3b4dfffe,0.00314331008
286,0x08045f10,0x3b45ffff,0.00302124
287,0x08045f14,0x3c63ffef,0.0139159998
288,0x08045f18,0x3c5d0021,0.0134888003
289,0x08045f1c,0x3b33fff7,0.00274657994
290,0x08045f20,0x3b30000d,0.0026855499
291,0x08045f24,0x3c8e3fff,0.0173645001
292,0x08045f28,0x3b260004,0.00253295992
293,0x08045f2c,0x3b21fff0,0.0024719201
294,0x08045f30,0x3c3b001c,0.0114136003
295,0x08045f34,0x3c367fef,0.0111389002
296,0x08045f38,0x3b160007,0.00228881999
297,0x08045f3c,0x3b11fff2,0.00222777994
298,0x08045f40,0x3c6e8010,0.0145568997
299,0x08045f44,0x3b0bfffe,0.00213623
300,0x08045f48,0x3b080014,0.00207519997
301,0x08045f4c,0x3c1e7ffe,0.0096740704
302,0x08045f50,0x3c1b0001,0.00946045015
303,0x08045f54,0x3affffd5,0.00195311999
304,0x08045f58,0x3afc0016,0.00192260998
305,0x08045f5c,0x3c4cfff8,0.0125121996
306,0x08045f60,0x3aefffd8,0.00183105003
307,0x08045f64,0x3aec0019,0.00180054002
308,0x08045f68,0x3c097ffc,0.00839233026
309,0x08045f6c,0x3c070004,0.00823974982
310,0x08045f70,0x3adfffda,0.00170897995
311,0x08045f74,0x3adc001c,0.00167847006
312,0x08045f78,0x3c337ff5,0.0109558003
313,0x08045f7c,0x3ad3fff2,0.00161743001
314,0x08045f80,0x3acfffdd,0.00158690999
315,0x08045f84,0x3bf2fffd,0.00741577009
316,0x08045f88,0x3beefffd,0.00729369977
317,0x08045f8c,0x3ac3fff5,0.00149536005
318,0x08045f90,0x3ac3fff5,0.00149536005
319,0x08045f94,0x00000000,0
320,0x08045f98,0x3f47c600,0.78036499
321,0x08045f9c,0x3d709ff6,0.0587463006
322,0x08045fa0,0x3d20600d,0.0391541012
323,0x08045fa4,0x3e2ef805,0.170867994
324,0x08045fa8,0x3cc07fed,0.0234984998
325,0x08045fac,0x3d944001,0.0723877028
326,0x08045fb0,0x3d6e5ffa,0.0581969991
327,0x08045fb4,0x3c708030,0.0146789998
328,0x08045fb8,0x3d9ebff9,0.0775145963
329,0x08045fbc,0x3c408023,0.0117493002
330,0x08045fc0,0x3c2f0033,0.0106811998
331,0x08045fc4,0x3d850ffd,0.0649719015
332,0x08045fc8,0x3c13fffd,0.00903320033
333,0x08045fcc,0x3c097ffc,0.00839233026
334,0x08045fd0,0x3d365ff4,0.0445251018
335,0x08045fd4,0x3bf00003,0.00732422015
336,0x08045fd8,0x3cddc004,0.0270690992
337,0x08045fdc,0x3cacbfe7,0.0210875999
338,0x08045fe0,0x3bc9fffe,0.00616454985
339,0x08045fe4,0x3d11800a,0.0355224982
340,0x08045fe8,0x3bb70007,0.00558472006
341,0x08045fec,0x3baf0008,0.0053405799
342,0x08045ff0,0x3d0a8006,0.0338134989
343,0x08045ff4,0x3b9ffffb,0.00488281017
344,0x08045ff8,0x3b9a0006,0.00469970983
345,0x08045ffc,0x3ccd3fef,0.0250549
346,0x08046000,0x3b8e0008,0.00433349982
347,0x08046004,0x3c8e0008,0.0173339993
348,0x08046008,0x3c46002a,0.0120850001
349,0x0804600c,0x3b800000,0.00390625
350,0x08046010,0x3cbebff9,0.0232848991
351,0x08046014,0x3b700003,0.00366211007
352,0x08046018,0x3b680004,0.00354003999
353,0x0804601c,0x3cbabfef,0.0227965992
354,0x08046020,0x3b5bfff1,0.0033569301
355,0x08046024,0x3b53fff2,0.00323486002
356,0x08046028,0x3c8c800b,0.0171508994
357,0x0804602c,0x3b4a0014,0.00308228005
358,0x08046030,0x3c55ffe7,0.0130615002
359,0x08046034,0x3c030005,0.00799561013
360,0x08046038,0x3b39ffec,0.00283813011
361,0x0804603c,0x3c8f0018,0.0174560994
362,0x08046040,0x3b31ffed,0.00271606003
363,0x08046044,0x3b2e0003,0.00265503
364,0x08046048,0x3c8c4015,0.0171204004
365,0x0804604c,0x3b260004,0.00253295992
366,0x08046050,0x3b580007,0.00329590007
367,0x08046054,0x3c520012,0.0128173996
368,0x08046058,0x3b1bfffb,0.00238036993
369,0x0804605c,0x3c2e7fdb,0.0106506003
370,0x08046060,0x3bba0001,0.00567627
371,0x08046064,0x3b13fffd,0.00225830008
372,0x08046068,0x3c658022,0.0140076
373,0x0804606c,0x3b0e0008,0.00216674991
374,0x08046070,0x3b0bfffe,0.00213623
375,0x08046074,0x3c60001b,0.0136719001
376,0x08046078,0x3b06000a,0.00204468006
377,0x0804607c,0x3b55fffc,0.00326537993
378,0x08046080,0x3c257fec,0.0101012997
379,0x08046084,0x3affffd5,0.00195311999
380,0x08046088,0x3c150002,0.00909424014
381,0x0804608c,0x3b87ffff,0.00415039016
382,0x08046090,0x3af3ffed,0.00186157005
383,0x08046094,0x00000000,0
384,0x08046098,0x3f6c5804,0.923218012
385,0x0804609c,0x3d8e5ffa,0.0695189983
386,0x080460a0,0x3e71101b,0.235413
387,0x080460a4,0x3d0e5ffa,0.0347594991
388,0x080460a8,0x3ce3bff9,0.0278015006
389,0x080460ac,0x3daf6ffa,0.0856627971
390,0x080460b0,0x3ca27ff2,0.0198363997
391,0x080460b4,0x3de3bff9,0.111206003
392,0x080460b8,0x3c7d0006,0.0154419001
393,0x080460bc,0x3dac2ffc,0.0840758979
394,0x080460c0,0x3c4f0018,0.0126342997
395,0x080460c4,0x3d019ff8,0.0316466987
396,0x080460c8,0x3ca7fff9,0.0205077995
397,0x080460cc,0x3c227ffd,0.0099182101
398,0x080460d0,0x3d57e00b,0.0527038984
399,0x080460d4,0x3c0dfffe,0.00866699032
400,0x080460d8,0x3d5bbfff,0.0536498986
401,0x080460dc,0x3bfd0006,0.00772095006
402,0x080460e0,0x3d020005,0.0317382999
403,0x080460e4,0x3be2ffff,0.00692748977
404,0x080460e8,0x3bd80007,0.00659180013
405,0x080460ec,0x3ceabffd,0.0286560003
406,0x080460f0,0x3bc5ffff,0.00604248
407,0x080460f4,0x3d1c7ffe,0.0382080004
408,0x080460f8,0x3bb60002,0.00555420015
409,0x080460fc,0x3cf30008,0.0296631008
410,0x08046100,0x3ba7fff9,0.00512694987
411,0x08046104,0x3c03ffff,0.00805663969
412,0x08046108,0x3c69ffe3,0.0142821996
413,0x0804610c,0x3b96fff7,0.00460815011
414,0x08046110,0x3ce1c00e,0.0275573991
415,0x08046114,0x3b8e0008,0.00433349982
416,0x08046118,0x3cda3fe7,0.0266417991
417,0x0804611c,0x3b86000a,0.00408936013
418,0x08046120,0x3c617fe2,0.0137633998
419,0x08046124,0x3b7bffeb,0.00384520995
420,0x08046128,0x3b75fff7,0.00375366001
421,0x0804612c,0x3c9cffeb,0.0191649999
422,0x08046130,0x3b680004,0.00354003999
423,0x08046134,0x3cbcc00f,0.0230407994
424,0x08046138,0x3b5dfffb,0.00338745001
425,0x0804613c,0x3c85001a,0.0162354
426,0x08046140,0x3b520012,0.00320434989
427,0x08046144,0x3b4dfffe,0.00314331008
428,0x08046148,0x3c46002a,0.0120850001
429,0x0804614c,0x3b45ffff,0.00302124
430,0x08046150,0x3c9c7ffe,0.0191040002
431,0x08046154,0x3b3bfff6,0.00286865002
432,0x08046158,0x3c89c008,0.0168152004
433,0x0804615c,0x3b360002,0.00277710008
434,0x08046160,0x3bdc0006,0.00671386998
435,0x08046164,0x3bc0000b,0.00585938012
436,0x08046168,0x3b29ffee,0.00259398995
437,0x0804616c,0x3c74fff2,0.0149536002
438,0x08046170,0x3b23fffa,0.00250244001
439,0x08046174,0x3c847ff7,0.0161742996
440,0x08046178,0x3b1e0006,0.00241089007
441,0x0804617c,0x3c220005,0.00988769997
442,0x08046180,0x3b19fff1,0.00234985002
443,0x08046184,0x3b160007,0.00228881999
444,0x08046188,0x3c30000d,0.0107421996
445,0x0804618c,0x3b11fff2,0.00222777994
446,0x08046190,0x3c6efffd,0.0145873995
447,0x08046194,0x00000000,0
448,0x08046198,0x3f711a00,0.941802979
449,0x0804619c,0x3d914007,0.0709229037
450,0x080461a0,0x3ea0bbf5,0.313933998
451,0x080461a4,0x3d113ff9,0.0354613997
452,0x080461a8,0x3e40dfdf,0.188354
453,0x080461ac,0x3cc17ffd,0.0236205999
454,0x080461b0,0x3e09bfdf,0.134520993
455,0x080461b4,0x3c913ff9,0.0177306999
456,0x080461b8,0x3dd6501e,0.104644999
457,0x080461bc,0x3c68002f,0.0141602
458,0x080461c0,0x3daf4fff,0.0856017992
459,0x080461c4,0x3c417ffd,0.0118102999
460,0x080461c8,0x3d944ffe,0.072418198
461,0x080461cc,0x3c25ffd9,0.0101317996
462,0x080461d0,0x3d809006,0.0627747029
463,0x080461d4,0x3c110003,0.00885010045
464,0x080461d8,0x3d62dfff,0.0553894006
465,0x080461dc,0x3c010005,0.00787353981
466,0x080461e0,0x3d4afff3,0.0495604984
467,0x080461e4,0x3be80004,0.00708007999
468,0x080461e8,0x3d379ffa,0.0448302999
469,0x080461ec,0x3bd30002,0.00643920992
470,0x080461f0,0x3d27a007,0.0409240983
471,0x080461f4,0x3bc0fffa,0.00588988978
472,0x080461f8,0x3d1a4002,0.0376586989
473,0x080461fc,0x3bb20002,0.00543212984
474,0x08046200,0x3d0ee002,0.0348815992
475,0x08046204,0x3ba60004,0.00506591983
476,0x08046208,0x3d04ffff,0.0324706994
477,0x0804620c,0x3b9a0006,0.00469970983
478,0x08046210,0x3cf8c005,0.0303649995
479,0x08046214,0x3b910003,0.00442505023
480,0x08046218,0x3ce9bfed,0.0285339002
481,0x0804621c,0x3b87ffff,0.00415039016
482,0x08046220,0x3cdc4007,0.0268859994
483,0x08046224,0x3b810005,0.00393676991
484,0x08046228,0x3cd08015,0.0254516993
485,0x0804622c,0x3b73ffed,0.00372314011
486,0x08046230,0x3cc5bffe,0.0241394006
487,0x08046234,0x3b680004,0.00354003999
488,0x08046238,0x3cbbfff6,0.0229492001
489,0x0804623c,0x3b5bfff1,0.0033569301
490,0x08046240,0x3cb33ffe,0.0218810998
491,0x08046244,0x3b520012,0.00320434989
492,0x08046248,0x3cab3fea,0.0209045
493,0x0804624c,0x3b4a0014,0.00308228005
494,0x08046250,0x3ca3ffef,0.0200194996
495,0x08046254,0x3b40000b,0.00292969006
496,0x08046258,0x3c9d4017,0.0191955995
497,0x0804625c,0x3b38000c,0.00280761998
498,0x08046260,0x3c973fed,0.0184630994
499,0x08046264,0x3b31ffed,0.00271606003
500,0x08046268,0x3c917ff0,0.0177612007
501,0x0804626c,0x3b2bfff9,0.00262451009
502,0x08046270,0x3c8c4015,0.0171204004
503,0x08046274,0x3b260004,0.00253295992
504,0x08046278,0x3c873ffb,0.0165100005
505,0x0804627c,0x3b200010,0.00244140998
506,0x08046280,0x3c82c004,0.0159607008
507,0x08046284,0x3b19fff1,0.00234985002
508,0x08046288,0x3c7c8019,0.0154114002
509,0x0804628c,0x3b13fffd,0.00225830008
510,0x08046290,0x3c748005,0.0149231004
511,0x08046294,0x00000000,0
512,0x08046298,0x3f7c2bfa,0.985046029
513,0x0804629c,0x3e7c27e9,0.246245995
514,0x080462a0,0x3de01ffb,0.109435998
515,0x080462a4,0x3d7c200c,0.0615539998
516,0x080462a8,0x3d216002,0.0393982008
517,0x080462ac,0x3ce0001b,0.0273438003
518,0x080462b0,0x3ca48012,0.0200805999
519,0x080462b4,0x3c7c002c,0.0153809004
520,0x080462b8,0x3c470004,0.0121459998
521,0x080462bc,0x3c210000,0.00982666016
522,0x080462c0,0x3c050005,0.00811768044
523,0x080462c4,0x3be00005,0.00683593983
524,0x080462c8,0x3bbe0000,0.00579833984
525,0x080462cc,0x3ba3fffa,0.00500488002
526,0x080462d0,0x3b8efff8,0.00436400995
527,0x080462d4,0x3b7bffeb,0.00384520995
528,0x080462d8,0x3b5dfffb,0.00338745001
529,0x080462dc,0x3b45ffff,0.00302124
530,0x080462e0,0x3b31ffed,0.00271606003
531,0x080462e4,0x3b200010,0.00244140998
532,0x080462e8,0x3b11fff2,0.00222777994
533,0x080462ec,0x3b03ffff,0.00201415992
534,0x080462f0,0x3af3ffed,0.00186157005
535,0x080462f4,0x3adfffda,0.00170897995
536,0x080462f8,0x3acc001e,0.00155639998
537,0x080462fc,0x3abc0021,0.00143433001
538,0x08046300,0x3aafffe2,0.00134276995
539,0x08046304,0x3aa3fffa,0.00125122
540,0x08046308,0x3a980011,0.00115966995
541,0x0804630c,0x3a8c0029,0.00106812001
542,0x08046310,0x3a83ffff,0.00100707996
543,0x08046314,0x3a780057,0.000946049986
544,0x08046318,0x3a680004,0.000885009998
545,0x0804631c,0x3a58005d,0.000823980023
546,0x08046320,0x3a500033,0.00079346
547,0x08046324,0x3a3fffe0,0.000732420012
548,0x08046328,0x3a37ffb6,0.00070189999
549,0x0804632c,0x3a300038,0.000671389978
550,0x08046330,0x3a28000f,0.000640870014
551,0x08046334,0x3a1fffe5,0.000610349991
552,0x08046338,0x3a17ffbc,0.000579830026
553,0x0804633c,0x3a10003e,0.000549320015
554,0x08046340,0x3a080014,0.000518799992
555,0x08046344,0x39ffffd5,0.000488279999
556,0x08046348,0x39efff82,0.000457760005
557,0x0804634c,0x39efff82,0.000457760005
558,0x08046350,0x39e00086,0.000427249994
559,0x08046354,0x39e00086,0.000427249994
560,0x08046358,0x39d00033,0.00039673
561,0x0804635c,0x39bfffe0,0.000366210006
562,0x08046360,0x39bfffe0,0.000366210006
563,0x08046364,0x39afff8d,0.000335690012
564,0x08046368,0x39afff8d,0.000335690012
565,0x0804636c,0x39afff8d,0.000335690012
566,0x08046370,0x39a00091,0.000305180001
567,0x08046374,0x39a00091,0.000305180001
568,0x08046378,0x3990003e,0.000274660008
569,0x0804637c,0x3990003e,0.000274660008
570,0x08046380,0x3990003e,0.000274660008
571,0x08046384,0x397fffd5,0.000244139999
572,0x08046388,0x397fffd5,0.000244139999
573,0x0804638c,0x397fffd5,0.000244139999
574,0x08046390,0x397fffd5,0.000244139999
575,0x08046394,0x00000000,0
576,0x08046398,0x3f751a00,0.957427979
577,0x0804639c,0x3e4b5808,0.198578
578,0x080463a0,0x3d3e6008,0.0464783013
579,0x080463a4,0x3baffff8,0.00537109002
580,0x080463a8,0x39bfffe0,0.000366210006
581,0x080463ac,0x397fffd5,0.000244139999
582,0x080463b0,0x39400137,0.000183109994
583,0x080463b4,0x38ffffd5,0.00012207
584,0x080463b8,0x38bffe88,9.15499986e-05
585,0x080463bc,0x38bffe88,9.15499986e-05
586,0x080463c0,0x3880029a,6.1040002e-05
587,0x080463c4,0x3a17ffbc,0.000579830026
588,0x080463c8,0x3b21fff0,0.0024719201
589,0x080463cc,0x3b83ffff,0.00402831985
590,0x080463d0,0x3b8afff9,0.0042419401
591,0x080463d4,0x3b4a0014,0.00308228005
592,0x080463d8,0x3abc0021,0.00143433001
593,0x080463dc,0x397fffd5,0.000244139999
594,0x080463e0,0x00000000,0
595,0x080463e4,0x00000000,0
596,0x080463e8,0x00000000,0
597,0x080463ec,0x00000000,0
598,0x080463f0,0x00000000,0
599,0x080463f4,0x00000000,0
600,0x080463f8,0x00000000,0
601,0x080463fc,0x38ffffd5,0.00012207
602,0x08046400,0x3a10003e,0.000549320015
603,0x08046404,0x3a83ffff,0.00100707996
604,0x08046408,0x3a93fffd,0.00112915004
605,0x0804640c,0x3a5fffda,0.000854489976
606,0x08046410,0x39e00086,0.000427249994
607,0x08046414,0x3880029a,6.1040002e-05
608,0x08046418,0x00000000,0
609,0x0804641c,0x00000000,0
610,0x08046420,0x00000000,0
611,0x08046424,0x00000000,0
612,0x08046428,0x00000000,0
613,0x0804642c,0x00000000,0
614,0x08046430,0x00000000,0
615,0x08046434,0x3800029a,3.0520001e-05
616,0x08046438,0x397fffd5,0.000244139999
617,0x0804643c,0x39e00086,0.000427249994
618,0x08046440,0x39ffffd5,0.000488279999
619,0x08046444,0x39d00033,0.00039673
620,0x08046448,0x39400137,0.000183109994
621,0x0804644c,0x3800029a,3.0520001e-05
622,0x08046450,0x00000000,0
623,0x08046454,0x00000000,0
624,0x08046458,0x00000000,0
625,0x0804645c,0x00000000,0
626,0x08046460,0x00000000,0
627,0x08046464,0x00000000,0
628,0x08046468,0x00000000,0
629,0x0804646c,0x00000000,0
630,0x08046470,0x38ffffd5,0.00012207
631,0x08046474,0x397fffd5,0.000244139999
632,0x08046478,0x3990003e,0.000274660008
633,0x0804647c,0x395fff2f,0.000213620006
634,0x08046480,0x38bffe88,9.15499986e-05
635,0x08046484,0x00000000,0
636,0x08046488,0x00000000,0
637,0x0804648c,0x00000000,0
638,0x08046490,0x00000000,0
639,0x08046494,0x00000000,0
640,0x08046498,0x3f7e0dfe,0.992401004
641,0x0804649c,0x3dde1006,0.108429
642,0x080464a0,0x3a8fffe8,0.00109863002
643,0x080464a4,0x3a1fffe5,0.000610349991
644,0x080464a8,0x39d00033,0.00039673
645,0x080464ac,0x3990003e,0.000274660008
646,0x080464b0,0x3c110003,0.00885010045
647,0x080464b4,0x3c7dffe0,0.0155028999
648,0x080464b8,0x3baf0008,0.0053405799
649,0x080464bc,0x38bffe88,9.15499986e-05
650,0x080464c0,0x3880029a,6.1040002e-05
651,0x080464c4,0x3880029a,6.1040002e-05
652,0x080464c8,0x3800029a,3.0520001e-05
653,0x080464cc,0x3b100013,0.00219727005
654,0x080464d0,0x3b8ffffd,0.00439452985
655,0x080464d4,0x3adc001c,0.00167847006
656,0x080464d8,0x3800029a,3.0520001e-05
657,0x080464dc,0x3800029a,3.0520001e-05
658,0x080464e0,0x00000000,0
659,0x080464e4,0x00000000,0
660,0x080464e8,0x3a7fffd5,0.000976559997
661,0x080464ec,0x3b06000a,0.00204468006
662,0x080464f0,0x3a500033,0.00079346
663,0x080464f4,0x00000000,0
664,0x080464f8,0x00000000,0
665,0x080464fc,0x00000000,0
666,0x08046500,0x00000000,0
667,0x08046504,0x3a10003e,0.000549320015
668,0x08046508,0x3a980011,0.00115966995
669,0x0804650c,0x39efff82,0.000457760005
670,0x08046510,0x00000000,0
671,0x08046514,0x00000000,0
672,0x08046518,0x00000000,0
673,0x0804651c,0x00000000,0
674,0x08046520,0x39afff8d,0.000335690012
675,0x08046524,0x3a480009,0.000762939977
676,0x08046528,0x39a00091,0.000305180001
677,0x0804652c,0x00000000,0
678,0x08046530,0x00000000,0
679,0x08046534,0x00000000,0
680,0x08046538,0x00000000,0
681,0x0804653c,0x397fffd5,0.000244139999
682,0x08046540,0x3a080014,0.000518799992
683,0x08046544,0x395fff2f,0.000213620006
684,0x08046548,0x00000000,0
685,0x0804654c,0x00000000,0
686,0x08046550,0x00000000,0
687,0x08046554,0x00000000,0
688,0x08046558,0x39200091,0.000152590001
689,0x0804655c,0x39d00033,0.00039673
690,0x08046560,0x39200091,0.000152590001
691,0x08046564,0x00000000,0
692,0x08046568,0x00000000,0
693,0x0804656c,0x00000000,0
694,0x08046570,0x00000000,0
695,0x08046574,0x38ffffd5,0.00012207
696,0x08046578,0x39a00091,0.000305180001
697,0x0804657c,0x38ffffd5,0.00012207
698,0x08046580,0x00000000,0
699,0x08046584,0x00000000,0
700,0x08046588,0x00000000,0
701,0x0804658c,0x00000000,0
702,0x08046590,0x38bffe88,9.15499986e-05
703,0x08046594,0x00000000,0
704,0x08046598,0x3f7635f8,0.961760998
705,0x0804659c,0x3cb1800a,0.0216674991
706,0x080465a0,0x3a8c0029,0.00106812001
707,0x080465a4,0x3a17ffbc,0.000579830026
708,0x080465a8,0x3c89c008,0.0168152004
709,0x080465ac,0x3cb58015,0.0221558008
710,0x080465b0,0x39400137,0.000183109994
711,0x080465b4,0x38ffffd5,0.00012207
712,0x080465b8,0x38bffe88,9.15499986e-05
713,0x080465bc,0x3c028002,0.00796508975
714,0x080465c0,0x3b620010,0.00344849005
715,0x080465c4,0x3880029a,6.1040002e-05
716,0x080465c8,0x3800029a,3.0520001e-05
717,0x080465cc,0x39e00086,0.000427249994
718,0x080465d0,0x3b8bfffe,0.00427246001
719,0x080465d4,0x39afff8d,0.000335690012
720,0x080465d8,0x3800029a,3.0520001e-05
721,0x080465dc,0x00000000,0
722,0x080465e0,0x3a980011,0.00115966995
723,0x080465e4,0x3b01fff5,0.00198364002
724,0x080465e8,0x00000000,0
725,0x080465ec,0x00000000,0
726,0x080465f0,0x00000000,0
727,0x080465f4,0x3ab3fff7,0.00137328997
728,0x080465f8,0x3a300038,0.000671389978
729,0x080465fc,0x00000000,0
730,0x08046600,0x00000000,0
731,0x08046604,0x38bffe88,9.15499986e-05
732,0x08046608,0x3a93fffd,0.00112915004
733,0x0804660c,0x38bffe88,9.15499986e-05
734,0x08046610,0x00000000,0
735,0x08046614,0x00000000,0
736,0x08046618,0x39bfffe0,0.000366210006
737,0x0804661c,0x3a300038,0.000671389978
738,0x08046620,0x00000000,0
739,0x08046624,0x00000000,0
740,0x08046628,0x00000000,0
741,0x0804662c,0x3a10003e,0.000549320015
742,0x08046630,0x3990003e,0.000274660008
743,0x08046634,0x00000000,0
744,0x08046638,0x00000000,0
745,0x0804663c,0x3800029a,3.0520001e-05
746,0x08046640,0x3a080014,0.000518799992
747,0x08046644,0x3800029a,3.0520001e-05
748,0x08046648,0x00000000,0
749,0x0804664c,0x00000000,0
750,0x08046650,0x39400137,0.000183109994
751,0x08046654,0x39afff8d,0.000335690012
752,0x08046658,0x00000000,0
753,0x0804665c,0x00000000,0
754,0x08046660,0x00000000,0
755,0x08046664,0x3990003e,0.000274660008
756,0x08046668,0x38ffffd5,0.00012207
757,0x0804666c,0x00000000,0
758,0x08046670,0x00000000,0
759,0x08046674,0x00000000,0
760,0x08046678,0x3990003e,0.000274660008
761,0x0804667c,0x00000000,0
762,0x08046680,0x00000000,0
763,0x08046684,0x00000000,0
764,0x08046688,0x38bffe88,9.15499986e-05
765,0x0804668c,0x39400137,0.000183109994
766,0x08046690,0x00000000,0
767,0x08046694,0x00000000,0
768,0x08046698,0x3f768406,0.962952018
769,0x0804669c,0x3b1bfffb,0.00238036993
770,0x080466a0,0x3a8c0029,0.00106812001
771,0x080466a4,0x3cd7801a,0.0263062008
772,0x080466a8,0x3c89c008,0.0168152004
773,0x080466ac,0x397fffd5,0.000244139999
774,0x080466b0,0x39400137,0.000183109994
775,0x080466b4,0x3c768024,0.0150451995
776,0x080466b8,0x38bffe88,9.15499986e-05
777,0x080466bc,0x38bffe88,9.15499986e-05
778,0x080466c0,0x3b620010,0.00344849005
779,0x080466c4,0x3b3e0000,0.00289916992
780,0x080466c8,0x3800029a,3.0520001e-05
781,0x080466cc,0x3800029a,3.0520001e-05
782,0x080466d0,0x3b8bfffe,0.00427246001
783,0x080466d4,0x3800029a,3.0520001e-05
784,0x080466d8,0x3800029a,3.0520001e-05
785,0x080466dc,0x3aa8000f,0.00128174003
786,0x080466e0,0x3a980011,0.00115966995
787,0x080466e4,0x00000000,0
788,0x080466e8,0x00000000,0
789,0x080466ec,0x3b01fff5,0.00198364002
790,0x080466f0,0x00000000,0
791,0x080466f4,0x00000000,0
792,0x080466f8,0x3a300038,0.000671389978
793,0x080466fc,0x3a1fffe5,0.000610349991
794,0x08046700,0x00000000,0
795,0x08046704,0x00000000,0
796,0x08046708,0x3a93fffd,0.00112915004
797,0x0804670c,0x00000000,0
798,0x08046710,0x00000000,0
799,0x08046714,0x39d00033,0.00039673
800,0x08046718,0x39bfffe0,0.000366210006
801,0x0804671c,0x00000000,0
802,0x08046720,0x00000000,0
803,0x08046724,0x3a3fffe0,0.000732420012
804,0x08046728,0x00000000,0
805,0x0804672c,0x00000000,0
806,0x08046730,0x3990003e,0.000274660008
807,0x08046734,0x397fffd5,0.000244139999
808,0x08046738,0x00000000,0
809,0x0804673c,0x00000000,0
810,0x08046740,0x3a080014,0.000518799992
811,0x08046744,0x00000000,0
812,0x08046748,0x00000000,0
813,0x0804674c,0x39400137,0.000183109994
814,0x08046750,0x39400137,0.000183109994
815,0x08046754,0x00000000,0
816,0x08046758,0x00000000,0
817,0x0804675c,0x39bfffe0,0.000366210006
818,0x08046760,0x00000000,0
819,0x08046764,0x00000000,0
820,0x08046768,0x38ffffd5,0.00012207
821,0x0804676c,0x38ffffd5,0.00012207
822,0x08046770,0x00000000,0
823,0x08046774,0x00000000,0
824,0x08046778,0x3990003e,0.000274660008
825,0x0804677c,0x00000000,0
826,0x08046780,0x00000000,0
827,0x08046784,0x38bffe88,9.15499986e-05
828,0x08046788,0x38bffe88,9.15499986e-05
829,0x0804678c,0x00000000,0
830,0x08046790,0x00000000,0
831,0x08046794,0x00000000,0
832,0x08046798,0x3f7a9df9,0.978972971
833,0x0804679c,0x3b200010,0.00244140998
834,0x080467a0,0x3a8c0029,0.00106812001
835,0x080467a4,0x3d357ffa,0.0443115011
836,0x080467a8,0x39bfffe0,0.000366210006
837,0x080467ac,0x3bd5fffc,0.00653075986
838,0x080467b0,0x3b86000a,0.00408936013
839,0x080467b4,0x39200091,0.000152590001
840,0x080467b8,0x3c167fff,0.00918579008
841,0x080467bc,0x38bffe88,9.15499986e-05
842,0x080467c0,0x3880029a,6.1040002e-05
843,0x080467c4,0x3bddfffb,0.00677490002
844,0x080467c8,0x3800029a,3.0520001e-05
845,0x080467cc,0x3800029a,3.0520001e-05
846,0x080467d0,0x3b420015,0.00296020997
847,0x080467d4,0x3800029a,3.0520001e-05
848,0x080467d8,0x3a70002e,0.000915530021
849,0x080467dc,0x3a080014,0.000518799992
850,0x080467e0,0x00000000,0
851,0x080467e4,0x3afc0016,0.00192260998
852,0x080467e8,0x00000000,0
853,0x080467ec,0x00000000,0
854,0x080467f0,0x3aefffd8,0.00183105003
855,0x080467f4,0x00000000,0
856,0x080467f8,0x00000000,0
857,0x080467fc,0x3a70002e,0.000915530021
858,0x08046800,0x00000000,0
859,0x08046804,0x39bfffe0,0.000366210006
860,0x08046808,0x39200091,0.000152590001
861,0x0804680c,0x00000000,0
862,0x08046810,0x3a58005d,0.000823980023
863,0x08046814,0x00000000,0
864,0x08046818,0x00000000,0
865,0x0804681c,0x3a58005d,0.000823980023
866,0x08046820,0x00000000,0
867,0x08046824,0x00000000,0
868,0x08046828,0x39e00086,0.000427249994
869,0x0804682c,0x00000000,0
870,0x08046830,0x395fff2f,0.000213620006
871,0x08046834,0x3880029a,6.1040002e-05
872,0x08046838,0x00000000,0
873,0x0804683c,0x39efff82,0.000457760005
874,0x08046840,0x00000000,0
875,0x08046844,0x00000000,0
876,0x08046848,0x39efff82,0.000457760005
877,0x0804684c,0x00000000,0
878,0x08046850,0x00000000,0
879,0x08046854,0x395fff2f,0.000213620006
880,0x08046858,0x00000000,0
881,0x0804685c,0x39200091,0.000152590001
882,0x08046860,0x3800029a,3.0520001e-05
883,0x08046864,0x00000000,0
884,0x08046868,0x39a00091,0.000305180001
885,0x0804686c,0x00000000,0
886,0x08046870,0x00000000,0
887,0x08046874,0x3990003e,0.000274660008
888,0x08046878,0x00000000,0
889,0x0804687c,0x00000000,0
890,0x08046880,0x38ffffd5,0.00012207
891,0x08046884,0x00000000,0
892,0x08046888,0x38bffe88,9.15499986e-05
893,0x0804688c,0x00000000,0
894,0x08046890,0x00000000,0
895,0x08046894,0x00000000,0
896,0x08046898,0x3f7ffdf8,0.999969006
897,0x0804689c,0x3b2bfff9,0.00262451009
898,0x080468a0,0x3d7bdffb,0.0614929013
899,0x080468a4,0x3a28000f,0.000640870014
900,0x080468a8,0x39d00033,0.00039673
901,0x080468ac,0x3be80004,0.00708007999
902,0x080468b0,0x395fff2f,0.000213620006
903,0x080468b4,0x3c77ffec,0.0151367001
904,0x080468b8,0x38ffffd5,0.00012207
905,0x080468bc,0x3c0a8001,0.00845337007
906,0x080468c0,0x3880029a,6.1040002e-05
907,0x080468c4,0x3a58005d,0.000823980023
908,0x080468c8,0x39a00091,0.000305180001
909,0x080468cc,0x3800029a,3.0520001e-05
910,0x080468d0,0x3b53fff2,0.00323486002
911,0x080468d4,0x3800029a,3.0520001e-05
912,0x080468d8,0x3b680004,0.00354003999
913,0x080468dc,0x3800029a,3.0520001e-05
914,0x080468e0,0x3a880014,0.00103759998
915,0x080468e4,0x00000000,0
916,0x080468e8,0x00000000,0
917,0x080468ec,0x3a5fffda,0.000854489976
918,0x080468f0,0x00000000,0
919,0x080468f4,0x3aec0019,0.00180054002
920,0x080468f8,0x00000000,0
921,0x080468fc,0x3a83ffff,0.00100707996
922,0x08046900,0x00000000,0
923,0x08046904,0x3800029a,3.0520001e-05
924,0x08046908,0x39200091,0.000152590001
925,0x0804690c,0x00000000,0
926,0x08046910,0x3a70002e,0.000915530021
927,0x08046914,0x00000000,0
928,0x08046918,0x3a5fffda,0.000854489976
929,0x0804691c,0x00000000,0
930,0x08046920,0x39200091,0.000152590001
931,0x08046924,0x00000000,0
932,0x08046928,0x00000000,0
933,0x0804692c,0x39d00033,0.00039673
934,0x08046930,0x00000000,0
935,0x08046934,0x3a28000f,0.000640870014
936,0x08046938,0x00000000,0
937,0x0804693c,0x3990003e,0.000274660008
938,0x08046940,0x00000000,0
939,0x08046944,0x00000000,0
940,0x08046948,0x38ffffd5,0.00012207
941,0x0804694c,0x00000000,0
942,0x08046950,0x39e00086,0.000427249994
943,0x08046954,0x00000000,0
944,0x08046958,0x39afff8d,0.000335690012
945,0x0804695c,0x00000000,0
946,0x08046960,0x3800029a,3.0520001e-05
947,0x08046964,0x00000000,0
948,0x08046968,0x00000000,0
949,0x0804696c,0x397fffd5,0.000244139999
950,0x08046970,0x00000000,0
951,0x08046974,0x39a00091,0.000305180001
952,0x08046978,0x00000000,0
953,0x0804697c,0x38bffe88,9.15499986e-05
954,0x08046980,0x00000000,0
955,0x08046984,0x00000000,0
956,0x08046988,0x38ffffd5,0.00012207
957,0x0804698c,0x00000000,0
958,0x08046990,0x397fffd5,0.000244139999
959,0x08046994,0x00000000,0
960,0x08046998,0x3f946fdf,1.15966403
961,0x0804699c,0x3b3bdf14,0.00286669005
962,0x080469a0,0x3e03ea78,0.128824115
963,0x080469a4,0x3a398cff,0.00070782
964,0x080469a8,0x3d3de698,0.0463624895
965,0x080469ac,0x39a6ff08,0.000318520004
966,0x080469b0,0x3cc1ab66,0.0236412995
967,0x080469b4,0x39398e57,0.000176960006
968,0x080469b8,0x3c6a4269,0.01429806
969,0x080469bc,0x38dea796,0.000106170002
970,0x080469c0,0x3c1c8f42,0.0095556397
971,0x080469c4,0x38947518,7.07900035e-05
972,0x080469c8,0x3bdfd279,0.00683051022
973,0x080469cc,0x38146fb9,3.53899995e-05
974,0x080469d0,0x3ba82812,0.00513172988
975,0x080469d4,0x38146fb9,3.53899995e-05
976,0x080469d8,0x3b830bce,0.00399920996
977,0x080469dc,0x38146fb9,3.53899995e-05
978,0x080469e0,0x3b50bef5,0.00318521005
979,0x080469e4,0x00000000,0
980,0x080469e8,0x3b2ba2b1,0.00261895009
981,0x080469ec,0x00000000,0
982,0x080469f0,0x3b0d7ba9,0.00215885998
983,0x080469f4,0x00000000,0
984,0x080469f8,0x3af13790,0.00184033997
985,0x080469fc,0x00000000,0
986,0x08046a00,0x3acc1b4c,0.00155720999
987,0x08046a04,0x00000000,0
988,0x08046a08,0x3ab04659,0.00134486996
989,0x08046a0c,0x00000000,0
990,0x08046a10,0x3a9db80c,0.00120329997
991,0x08046a14,0x00000000,0
992,0x08046a18,0x3a8b2a15,0.00106173998
993,0x08046a1c,0x00000000,0
994,0x08046a20,0x3a71383c,0.000920179999
995,0x08046a24,0x00000000,0
996,0x08046a28,0x3a5561f2,0.000813990016
997,0x08046a2c,0x00000000,0
998,0x08046a30,0x3a42d4a6,0.000743219978
999,0x08046a34,0x00000000,0
1000,0x08046a38,0x3a304603,0.000672429975
1001,0x08046a3c,0x00000000,0
1002,0x08046a40,0x3a1db80c,0.000601649983
1003,0x08046a44,0x00000000,0
1004,0x08046a48,0x3a147111,0.000566260016
1005,0x08046a4c,0x00000000,0
1006,0x08046a50,0x3a01e31a,0.000495480024
1007,0x08046a54,0x00000000,0
1008,0x08046a58,0x39f1383c,0.000460089999
1009,0x08046a5c,0x00000000,0
1010,0x08046a60,0x39dea8ed,0.000424689992
1011,0x08046a64,0x00000000,0
1012,0x08046a68,0x39cc1af6,0.000389299996
1013,0x08046a6c,0x00000000,0
1014,0x08046a70,0x39b98e57,0.000353920012
1015,0x08046a74,0x00000000,0
1016,0x08046a78,0x39b98e57,0.000353920012
1017,0x08046a7c,0x00000000,0
1018,0x08046a80,0x39a6ff08,0.000318520004
1019,0x08046a84,0x00000000,0
1020,0x08046a88,0x39947111,0.000283130008
1021,0x08046a8c,0x00000000,0
1022,0x08046a90,0x39947111,0.000283130008
1023,0x08046a94,0x00000000,0
1024,0x08046a98,0x3dfbcfd5,0.122955002
1025,0x08046a9c,0x3db0dffa,0.0863647014
1026,0x08046aa0,0x3d8fe005,0.0702515021
1027,0x08046aa4,0x3d787ff4,0.0606689006
1028,0x08046aa8,0x3d5dc004,0.0541381985
1029,0x08046aac,0x3d4a1ffa,0.0493469015
1030,0x08046ab0,0x3d3ae006,0.0456238016
1031,0x08046ab4,0x3d2e7ff6,0.0426025018
1032,0x08046ab8,0x3d245ffc,0.0401306003
1033,0x08046abc,0x3d1bbfff,0.0380248986
1034,0x08046ac0,0x3d146009,0.0362243988
1035,0x08046ac4,0x3d0e0008,0.0346679986
1036,0x08046ac8,0x3d08400b,0.0332642011
1037,0x08046acc,0x3d03400c,0.0320435017
1038,0x08046ad0,0x3cfd3ffc,0.0309142992
1039,0x08046ad4,0x3cf53fe8,0.0299376994
1040,0x08046ad8,0x3cedbff7,0.0290222
1041,0x08046adc,0x3ce6ffe9,0.0281981993
1042,0x08046ae0,0x3ce08008,0.0274048001
1043,0x08046ae4,0x3cdac00a,0.0267028995
1044,0x08046ae8,0x3cd57ffa,0.0260620005
1045,0x08046aec,0x3cd08015,0.0254516993
1046,0x08046af0,0x3ccbbff2,0.0248718001
1047,0x08046af4,0x3cc77ff1,0.0243529994
1048,0x08046af8,0x3cc33ff1,0.0238342006
1049,0x08046afc,0x3cbf8013,0.0233765002
1050,0x08046b00,0x3cbbbfff,0.0229186993
1051,0x08046b04,0x3cb84018,0.0224914998
1052,0x08046b08,0x3cb4fff2,0.0220947005
1053,0x08046b0c,0x3cb1fff8,0.0217285007
1054,0x08046b10,0x3caefffd,0.0213622991
1055,0x08046b14,0x3cac3ffa,0.0210266002
1056,0x08046b18,0x3ca97ff6,0.0206908993
1057,0x08046b1c,0x3ca6ffe9,0.0203856993
1058,0x08046b20,0x3ca48012,0.0200805999
1059,0x08046b24,0x3ca23ffc,0.0198059008
1060,0x08046b28,0x3c9fffe5,0.0195311997
1061,0x08046b2c,0x3c9dc004,0.0192565992
1062,0x08046b30,0x3c9bc01a,0.0190124996
1063,0x08046b34,0x3c99bffa,0.0187682994
1064,0x08046b38,0x3c97c010,0.0185241997
1065,0x08046b3c,0x3c95ffe7,0.0183105003
1066,0x08046b40,0x3c93fffd,0.0180664007
1067,0x08046b44,0x3c928000,0.0178833008
1068,0x08046b48,0x3c90c00c,0.0176697001
1069,0x08046b4c,0x3c8f0018,0.0174560994
1070,0x08046b50,0x3c8d7fe6,0.0172729008
1071,0x08046b54,0x3c8bffe9,0.0170898009
1072,0x08046b58,0x3c8a7feb,0.0169066992
1073,0x08046b5c,0x3c89401b,0.0167542007
1074,0x08046b60,0x3c87bfe8,0.0165710002
1075,0x08046b64,0x3c868017,0.0164184999
1076,0x08046b68,0x3c85001a,0.0162354
1077,0x08046b6c,0x3c83c014,0.0160828009
1078,0x08046b70,0x3c82c004,0.0159607008
1079,0x08046b74,0x3c817ffd,0.0158080999
1080,0x08046b78,0x3c803ff7,0.0156555008
1081,0x08046b7c,0x3c7e7fcd,0.0155333998
1082,0x08046b80,0x3c7c002c,0.0153809004
1083,0x08046b84,0x3c7a000c,0.0152588002
1084,0x08046b88,0x3c77ffec,0.0151367001
1085,0x08046b8c,0x3c75ffcc,0.0150146
1086,0x08046b90,0x3c740017,0.0148925995
1087,0x08046b94,0x00000000,0
1088,0x08046b98,0x3e8c5005,0.274048001
1089,0x08046b9c,0x3e376ff4,0.179138005
1090,0x08046ba0,0x3de9003f,0.113770001
1091,0x08046ba4,0x3d5ae006,0.0534363016
1092,0x08046ba8,0x3ca74016,0.0204163007
1093,0x08046bac,0x3c983ffd,0.0185851995
1094,0x08046bb0,0x3c8cc002,0.0171814002
1095,0x08046bb4,0x3c837fe7,0.0160521995
1096,0x08046bb8,0x3c77ffec,0.0151367001
1097,0x08046bbc,0x3c6b0029,0.0143432999
1098,0x08046bc0,0x3c5f802e,0.0136414003
1099,0x08046bc4,0x3cfa000c,0.0305176005
1100,0x08046bc8,0x3d5cbff4,0.0538939983
1101,0x08046bcc,0x3d882002,0.0664673001
1102,0x08046bd0,0x3d8d2fff,0.0689392015
1103,0x08046bd4,0x3d7e400c,0.0620727986
1104,0x08046bd8,0x3d408008,0.0469971001
1105,0x08046bdc,0x3ccb7ffb,0.0248412993
1106,0x08046be0,0x3c29802c,0.0103455
1107,0x08046be4,0x3c24ffff,0.0100707998
1108,0x08046be8,0x3c210000,0.00982666016
1109,0x08046bec,0x3c1d0001,0.00958252046
1110,0x08046bf0,0x3c198004,0.00936890021
1111,0x08046bf4,0x3c167fff,0.00918579008
1112,0x08046bf8,0x3c130002,0.00897216983
1113,0x08046bfc,0x3ca87fe6,0.0205687992
1114,0x08046c00,0x3d182002,0.0371399
1115,0x08046c04,0x3d3f4001,0.0466918983
1116,0x08046c08,0x3d49e003,0.0492858998
1117,0x08046c0c,0x3d38a00a,0.0450745001
1118,0x08046c10,0x3d0dbff7,0.0346069001
1119,0x08046c14,0x3c97c010,0.0185241997
1120,0x08046c18,0x3bfefffb,0.00778198009
1121,0x08046c1c,0x3bfc0001,0.00769043015
1122,0x08046c20,0x3bf80001,0.00756835984
1123,0x08046c24,0x3bf40002,0.00744628999
1124,0x08046c28,0x3bf10008,0.00735474005
1125,0x08046c2c,0x3bedfff8,0.00726317987
1126,0x08046c30,0x3beafffe,0.00717162993
1127,0x08046c34,0x3c873ffb,0.0165100005
1128,0x08046c38,0x3cf5c00b,0.0299987998
1129,0x08046c3c,0x3d1b8009,0.0379639007
1130,0x08046c40,0x3d251ffa,0.0403136984
1131,0x08046c44,0x3d17e00b,0.0370788984
1132,0x08046c48,0x3cea8006,0.0286254995
1133,0x08046c4c,0x3c7c002c,0.0153809004
1134,0x08046c50,0x3bd4fff7,0.00650023995
1135,0x08046c54,0x3bd30002,0.00643920992
1136,0x08046c58,0x3bd0fff8,0.0063781701
1137,0x08046c5c,0x3bcf0003,0.00631714007
1138,0x08046c60,0x3bccfff8,0.00625609979
1139,0x08046c64,0x3bcb0004,0.00619507022
1140,0x08046c68,0x3bc8fff9,0.00613402994
1141,0x08046c6c,0x3c68801c,0.0141906999
1142,0x08046c70,0x3cd3c006,0.0258483998
1143,0x08046c74,0x3d064006,0.0327759013
1144,0x08046c78,0x3d0efffd,0.0349120982
1145,0x08046c7c,0x3d03dff4,0.0321960002
1146,0x08046c80,0x3ccc4015,0.0249329004
1147,0x08046c84,0x3c5bffdb,0.0134276999
1148,0x08046c88,0x3bbb0006,0.0057067899
1149,0x08046c8c,0x3bb8fffc,0.00564575009
1150,0x08046c90,0x3bb7fff7,0.00561523018
1151,0x08046c94,0x00000000,0
1152,0x08046c98,0x3e91b003,0.284545988
1153,0x08046c9c,0x3ddcbff4,0.107787997
1154,0x08046ca0,0x3bab0009,0.00521851005
1155,0x08046ca4,0x3b93fffd,0.00451660017
1156,0x08046ca8,0x3b83ffff,0.00402831985
1157,0x08046cac,0x3b700003,0.00366211007
1158,0x08046cb0,0x3d694000,0.0569458008
1159,0x08046cb4,0x3dc9fffe,0.0986327976
1160,0x08046cb8,0x3d4d1ff4,0.050079301
1161,0x08046cbc,0x3b38000c,0.00280761998
1162,0x08046cc0,0x3b30000d,0.0026855499
1163,0x08046cc4,0x3b28000f,0.00256348005
1164,0x08046cc8,0x3b21fff0,0.0024719201
1165,0x08046ccc,0x3d23bff9,0.0399780013
1166,0x08046cd0,0x3d929ffb,0.071594201
1167,0x08046cd4,0x3d18fffc,0.0373535007
1168,0x08046cd8,0x3b0bfffe,0.00213623
1169,0x08046cdc,0x3b080014,0.00207519997
1170,0x08046ce0,0x3b03ffff,0.00201415992
1171,0x08046ce4,0x3b01fff5,0.00198364002
1172,0x08046ce8,0x3d053ff6,0.032531701
1173,0x08046cec,0x3d713ff9,0.0588988997
1174,0x08046cf0,0x3cfe400c,0.0310363993
1175,0x08046cf4,0x3aec0019,0.00180054002
1176,0x08046cf8,0x3ae80004,0.00177002
1177,0x08046cfc,0x3ae3ffef,0.00173949997
1178,0x08046d00,0x3adfffda,0.00170897995
1179,0x08046d04,0x3ce6000f,0.0280761998
1180,0x08046d08,0x3d51a006,0.0511780009
1181,0x08046d0c,0x3cde3ff2,0.0271301009
1182,0x08046d10,0x3acfffdd,0.00158690999
1183,0x08046d14,0x3acc001e,0.00155639998
1184,0x08046d18,0x3ac80009,0.00152587995
1185,0x08046d1c,0x3ac3fff5,0.00149536005
1186,0x08046d20,0x3ccd3fef,0.0250549
1187,0x08046d24,0x3d3bbfff,0.0458373986
1188,0x08046d28,0x3cc77ff1,0.0243529994
1189,0x08046d2c,0x3abc0021,0.00143433001
1190,0x08046d30,0x3ab8000c,0.00140380999
1191,0x08046d34,0x3ab3fff7,0.00137328997
1192,0x08046d38,0x3ab3fff7,0.00137328997
1193,0x08046d3c,0x3cbaffe6,0.0228271
1194,0x08046d40,0x3d2b7ffb,0.0418700986
1195,0x08046d44,0x3cb6bfe5,0.0223082993
1196,0x08046d48,0x3aac0024,0.00131226005
1197,0x08046d4c,0x3aa8000f,0.00128174003
1198,0x08046d50,0x3aa8000f,0.00128174003
1199,0x08046d54,0x3aa3fffa,0.00125122
1200,0x08046d58,0x3cad0013,0.0211181995
1201,0x08046d5c,0x3d1ebff9,0.0387572981
1202,0x08046d60,0x3ca97ff6,0.0206908993
1203,0x08046d64,0x3a9fffe5,0.00122069998
1204,0x08046d68,0x3a9c0026,0.00119018997
1205,0x08046d6c,0x3a9c0026,0.00119018997
1206,0x08046d70,0x3a980011,0.00115966995
1207,0x08046d74,0x3ca18018,0.0197144002
1208,0x08046d78,0x3d148005,0.0362549014
1209,0x08046d7c,0x3c9ec014,0.0193786994
1210,0x08046d80,0x3a93fffd,0.00112915004
1211,0x08046d84,0x3a93fffd,0.00112915004
1212,0x08046d88,0x3a8fffe8,0.00109863002
1213,0x08046d8c,0x3a8fffe8,0.00109863002
1214,0x08046d90,0x3c983ffd,0.0185851995
1215,0x08046d94,0x00000000,0
1216,0x08046d98,0x3e92dc0a,0.286835015
1217,0x08046d9c,0x3c66000f,0.0140380999
1218,0x08046da0,0x3a7fffd5,0.000976559997
1219,0x08046da4,0x3a5fffda,0.000854489976
1220,0x08046da8,0x3d4f1ff9,0.0505676009
1221,0x08046dac,0x3dbfbffc,0.0936278999
1222,0x08046db0,0x3a28000f,0.000640870014
1223,0x08046db4,0x3a17ffbc,0.000579830026
1224,0x08046db8,0x3a10003e,0.000549320015
1225,0x08046dbc,0x3d93d004,0.0721741021
1226,0x08046dc0,0x3d0a8006,0.0338134989
1227,0x08046dc4,0x39ffffd5,0.000488279999
1228,0x08046dc8,0x39efff82,0.000457760005
1229,0x08046dcc,0x3bab0009,0.00521851005
1230,0x08046dd0,0x3d93d004,0.0721741021
1231,0x08046dd4,0x3b9efff5,0.0048522898
1232,0x08046dd8,0x39d00033,0.00039673
1233,0x08046ddc,0x39d00033,0.00039673
1234,0x08046de0,0x3cd1bfe6,0.0256041996
1235,0x08046de4,0x3d4fa001,0.050689701
1236,0x08046de8,0x39bfffe0,0.000366210006
1237,0x08046dec,0x39afff8d,0.000335690012
1238,0x08046df0,0x39afff8d,0.000335690012
1239,0x08046df4,0x3d3d3ffc,0.0462035984
1240,0x08046df8,0x3cb63ff8,0.0222472996
1241,0x08046dfc,0x39a00091,0.000305180001
1242,0x08046e00,0x39a00091,0.000305180001
1243,0x08046e04,0x3b700003,0.00366211007
1244,0x08046e08,0x3d533ffe,0.0515746996
1245,0x08046e0c,0x3b65fffa,0.00350952009
1246,0x08046e10,0x39a00091,0.000305180001
1247,0x08046e14,0x3990003e,0.000274660008
1248,0x08046e18,0x3c9e3ff2,0.0193176009
1249,0x08046e1c,0x3d1e8003,0.0386963002
1250,0x08046e20,0x3990003e,0.000274660008
1251,0x08046e24,0x3990003e,0.000274660008
1252,0x08046e28,0x3990003e,0.000274660008
1253,0x08046e2c,0x3d15c00b,0.0365600996
1254,0x08046e30,0x3c913ff9,0.0177306999
1255,0x08046e34,0x397fffd5,0.000244139999
1256,0x08046e38,0x397fffd5,0.000244139999
1257,0x08046e3c,0x3b420015,0.00296020997
1258,0x08046e40,0x3d2cdffd,0.0422057994
1259,0x08046e44,0x3b3e0000,0.00289916992
1260,0x08046e48,0x397fffd5,0.000244139999
1261,0x08046e4c,0x397fffd5,0.000244139999
1262,0x08046e50,0x3c844001,0.0161438007
1263,0x08046e54,0x3d04e004,0.0324402004
1264,0x08046e58,0x395fff2f,0.000213620006
1265,0x08046e5c,0x395fff2f,0.000213620006
1266,0x08046e60,0x395fff2f,0.000213620006
1267,0x08046e64,0x3cff3fe7,0.0311584007
1268,0x08046e68,0x3c787fd9,0.0151672
1269,0x08046e6c,0x395fff2f,0.000213620006
1270,0x08046e70,0x395fff2f,0.000213620006
1271,0x08046e74,0x3b28000f,0.00256348005
1272,0x08046e78,0x3d15c00b,0.0365600996
1273,0x08046e7c,0x3b23fffa,0.00250244001
1274,0x08046e80,0x395fff2f,0.000213620006
1275,0x08046e84,0x395fff2f,0.000213620006
1276,0x08046e88,0x3c677fd6,0.0141295996
1277,0x08046e8c,0x3ce94000,0.0284729004
1278,0x08046e90,0x39400137,0.000183109994
1279,0x08046e94,0x00000000,0
1280,0x08046e98,0x3ea4c448,0.321810007
1281,0x08046e9c,0x3985e07f,0.000255349994
1282,0x08046ea0,0x39584221,0.000206240002
1283,0x08046ea4,0x3d413679,0.0471710898
1284,0x08046ea8,0x3d2c749b,0.0421033911
1285,0x08046eac,0x391a79e9,0.000147319995
1286,0x08046eb0,0x39102de0,0.000137499999
1287,0x08046eb4,0x3de473c4,0.11154893
1288,0x08046eb8,0x38f7263d,0.000117850002
1289,0x08046ebc,0x38e28e2a,0.000108029999
1290,0x08046ec0,0x3ce6d349,0.0281769205
1291,0x08046ec4,0x3cdcc4b7,0.0269492697
1292,0x08046ec8,0x38cdf618,9.82100028e-05
1293,0x08046ecc,0x38b95e05,8.83899993e-05
1294,0x08046ed0,0x3da5dba7,0.0809853598
1295,0x08046ed4,0x38b95e05,8.83899993e-05
1296,0x08046ed8,0x38b95e05,8.83899993e-05
1297,0x08046edc,0x3cb39350,0.02192083
1298,0x08046ee0,0x3caeaafe,0.0213217698
1299,0x08046ee4,0x38a4c5f3,7.85700031e-05
1300,0x08046ee8,0x38a4c5f3,7.85700031e-05
1301,0x08046eec,0x3d887397,0.0666267201
1302,0x08046ef0,0x38902de0,6.87499996e-05
1303,0x08046ef4,0x38902de0,6.87499996e-05
1304,0x08046ef8,0x3c97e62b,0.0185423698
1305,0x08046efc,0x3c94ec10,0.0181789696
1306,0x08046f00,0x38902de0,6.87499996e-05
1307,0x08046f04,0x38772b9b,5.89299998e-05
1308,0x08046f08,0x3d6d0f80,0.0578761101
1309,0x08046f0c,0x38772b9b,5.89299998e-05
1310,0x08046f10,0x38772b9b,5.89299998e-05
1311,0x08046f14,0x3c85f527,0.0163522493
1312,0x08046f18,0x3c83dda0,0.01609689
1313,0x08046f1c,0x38772b9b,5.89299998e-05
1314,0x08046f20,0x38772b9b,5.89299998e-05
1315,0x08046f24,0x3d54522f,0.0518361889
1316,0x08046f28,0x38772b9b,5.89299998e-05
1317,0x08046f2c,0x384dfb76,4.911e-05
1318,0x08046f30,0x3c722b76,0.0147808697
1319,0x08046f34,0x3c6f1cb9,0.0145942504
1320,0x08046f38,0x384dfb76,4.911e-05
1321,0x08046f3c,0x384dfb76,4.911e-05
1322,0x08046f40,0x3d41efbc,0.0473477691
1323,0x08046f44,0x384dfb76,4.911e-05
1324,0x08046f48,0x384dfb76,4.911e-05
1325,0x08046f4c,0x3c5eb309,0.01359249
1326,0x08046f50,0x3c5c4937,0.0134451902
1327,0x08046f54,0x384dfb76,4.911e-05
1328,0x08046f58,0x384dfb76,4.911e-05
1329,0x08046f5c,0x3d339da7,0.0438515209
1330,0x08046f60,0x384dfb76,4.911e-05
1331,0x08046f64,0x384dfb76,4.911e-05
1332,0x08046f68,0x3c4f174a,0.0126398299
1333,0x08046f6c,0x3c4d28fe,0.0125219803
1334,0x08046f70,0x3824c094,3.92799993e-05
1335,0x08046f74,0x3824c094,3.92799993e-05
1336,0x08046f78,0x3d27fd4f,0.0410130583
1337,0x08046f7c,0x3824c094,3.92799993e-05
1338,0x08046f80,0x3824c094,3.92799993e-05
1339,0x08046f84,0x3c42610e,0.01186396
1340,0x08046f88,0x3c40c537,0.0117657697
1341,0x08046f8c,0x3824c094,3.92799993e-05
1342,0x08046f90,0x3824c094,3.92799993e-05
1343,0x08046f94,0x00000000,0
1344,0x08046f98,0x3ec39693,0.382008165
1345,0x08046f9c,0x38439495,4.66300007e-05
1346,0x08046fa0,0x3812acc0,3.49699985e-05
1347,0x08046fa4,0x3dd3bc13,0.103386067
1348,0x08046fa8,0x37c39f52,2.33200008e-05
1349,0x08046fac,0x3c30af40,0.0107839704
1350,0x08046fb0,0x3bf41c47,0.00744965998
1351,0x08046fb4,0x37c39f52,2.33200008e-05
1352,0x08046fb8,0x3d99b715,0.0750562325
1353,0x08046fbc,0x37439f52,1.16600004e-05
1354,0x08046fc0,0x37439f52,1.16600004e-05
1355,0x08046fc4,0x3ddbd410,0.107338071
1356,0x08046fc8,0x37439f52,1.16600004e-05
1357,0x08046fcc,0x37439f52,1.16600004e-05
1358,0x08046fd0,0x3d42f919,0.0476008393
1359,0x08046fd4,0x37439f52,1.16600004e-05
1360,0x08046fd8,0x3c073c1f,0.00825408008
1361,0x08046fdc,0x3b5a83f0,0.0033342801
1362,0x08046fe0,0x37439f52,1.16600004e-05
1363,0x08046fe4,0x3d5e9f4a,0.0543511286
1364,0x08046fe8,0x37439f52,1.16600004e-05
1365,0x08046fec,0x37439f52,1.16600004e-05
1366,0x08046ff0,0x3d9c3902,0.0762806088
1367,0x08046ff4,0x37439f52,1.16600004e-05
1368,0x08046ff8,0x37439f52,1.16600004e-05
1369,0x08046ffc,0x3d03bfc8,0.0321653187
1370,0x08047000,0x37439f52,1.16600004e-05
1371,0x08047004,0x3c058419,0.00814917032
1372,0x08047008,0x3aefe8b1,0.00183036004
1373,0x0804700c,0x37439f52,1.16600004e-05
1374,0x08047010,0x3d401ba4,0.0469013602
1375,0x08047014,0x37439f52,1.16600004e-05
1376,0x08047018,0x37439f52,1.16600004e-05
1377,0x0804701c,0x3d7bb403,0.0614509694
1378,0x08047020,0x37439f52,1.16600004e-05
1379,0x08047024,0x00000000,0
1380,0x08047028,0x3cc2d491,0.0237830002
1381,0x0804702c,0x00000000,0
1382,0x08047030,0x3c0c9544,0.00858050957
1383,0x08047034,0x3a87ffbe,0.00103758997
1384,0x08047038,0x00000000,0
1385,0x0804703c,0x3d301021,0.0429841317
1386,0x08047040,0x00000000,0
1387,0x08047044,0x00000000,0
1388,0x08047048,0x3d55122b,0.0520192795
1389,0x0804704c,0x00000000,0
1390,0x08047050,0x3812acc0,3.49699985e-05
1391,0x08047054,0x3c955eac,0.0182336196
1392,0x08047058,0x00000000,0
1393,0x0804705c,0x3c177882,0.0092450399
1394,0x08047060,0x3a15c09c,0.000571259996
1395,0x08047064,0x00000000,0
1396,0x08047068,0x3d260939,0.0405361392
1397,0x0804706c,0x00000000,0
1398,0x08047070,0x00000000,0
1399,0x08047074,0x3d38d9c3,0.0451295488
1400,0x08047078,0x00000000,0
1401,0x0804707c,0x38ab2609,8.16100001e-05
1402,0x08047080,0x3c68d74f,0.0142114898
1403,0x08047084,0x00000000,0
1404,0x08047088,0x3c24d786,0.0100611504
1405,0x0804708c,0x399eec14,0.000303120003
1406,0x08047090,0x00000000,0
1407,0x08047094,0x00000000,0
1408,0x08047098,0x3f00427c,0.501014471
1409,0x0804709c,0x00000000,0
1410,0x080470a0,0x3d89b084,0.0672312081
1411,0x080470a4,0x00000000,0
1412,0x080470a8,0x00000000,0
1413,0x080470ac,0x3c0a88db,0.00845548045
1414,0x080470b0,0x00000000,0
1415,0x080470b4,0x3e11909e,0.142153233
1416,0x080470b8,0x00000000,0
1417,0x080470bc,0x3dbf7cc7,0.0934997126
1418,0x080470c0,0x00000000,0
1419,0x080470c4,0x3a964f37,0.00114676997
1420,0x080470c8,0x392053c8,0.0001529
1421,0x080470cc,0x00000000,0
1422,0x080470d0,0x3d5f35a8,0.05449453
1423,0x080470d4,0x00000000,0
1424,0x080470d8,0x3de30f82,0.110869423
1425,0x080470dc,0x00000000,0
1426,0x080470e0,0x3c372048,0.01117713
1427,0x080470e4,0x00000000,0
1428,0x080470e8,0x00000000,0
1429,0x080470ec,0x3c5831db,0.0131954802
1430,0x080470f0,0x00000000,0
1431,0x080470f4,0x3dc3f722,0.0956862122
1432,0x080470f8,0x00000000,0
1433,0x080470fc,0x3d139dac,0.0360390395
1434,0x08047100,0x00000000,0
1435,0x08047104,0x38004306,3.05799986e-05
1436,0x08047108,0x3a9c525c,0.00119264005
1437,0x0804710c,0x00000000,0
1438,0x08047110,0x3d6b8c2b,0.0575067215
1439,0x08047114,0x00000000,0
1440,0x08047118,0x3d84d606,0.0648613423
1441,0x0804711c,0x00000000,0
1442,0x08047120,0x3b1f53c3,0.00243114005
1443,0x08047124,0x00000000,0
1444,0x08047128,0x00000000,0
1445,0x0804712c,0x3cb37e77,0.0219108891
1446,0x08047130,0x00000000,0
1447,0x08047134,0x3d9c0237,0.0761760995
1448,0x08047138,0x00000000,0
1449,0x0804713c,0x3c6dfd3e,0.0145257097
1450,0x08047140,0x00000000,0
1451,0x08047144,0x00000000,0
1452,0x08047148,0x3b87c775,0.00414365018
1453,0x0804714c,0x00000000,0
1454,0x08047150,0x3d7932ea,0.0608395711
1455,0x08047154,0x00000000,0
1456,0x08047158,0x3d1a2124,0.0376292616
1457,0x0804715c,0x00000000,0
1458,0x08047160,0x39a85950,0.0003211
1459,0x08047164,0x39305c29,0.000168190003
1460,0x08047168,0x00000000,0
1461,0x0804716c,0x3d03450f,0.0320482813
1462,0x08047170,0x00000000,0
1463,0x08047174,0x3d6e7d8c,0.0582251996
1464,0x08047178,0x00000000,0
1465,0x0804717c,0x3b9f53d8,0.00486228988
1466,0x08047180,0x00000000,0
1467,0x08047184,0x00000000,0
1468,0x08047188,0x3c205449,0.00978572015
1469,0x0804718c,0x00000000,0
1470,0x08047190,0x3d7490a3,0.0597082488
1471,0x08047194,0x00000000,0
1472,0x08047198,0x3e74e46b,0.239152595
1473,0x0804719c,0x00000000,0
1474,0x080471a0,0x3e0bec6c,0.136644065
1475,0x080471a4,0x00000000,0
1476,0x080471a8,0x3dd7b8f4,0.105333239
1477,0x080471ac,0x00000000,0
1478,0x080471b0,0x3db5bb5a,0.088736251
1479,0x080471b4,0x00000000,0
1480,0x080471b8,0x3d9fe4c5,0.078073062
1481,0x080471bc,0x00000000,0
1482,0x080471c0,0x3d905910,0.0704823732
1483,0x080471c4,0x00000000,0
1484,0x080471c8,0x3d8491b6,0.0647310466
1485,0x080471cc,0x00000000,0
1486,0x080471d0,0x3d7683a5,0.0601841398
1487,0x080471d4,0x00000000,0
1488,0x080471d8,0x3d67448a,0.0564618483
1489,0x080471dc,0x00000000,0
1490,0x080471e0,0x3d5a882f,0.053352531
1491,0x080471e4,0x00000000,0
1492,0x080471e8,0x3d4fae51,0.0507033505
1493,0x080471ec,0x00000000,0
1494,0x080471f0,0x3d464399,0.0484043099
1495,0x080471f4,0x00000000,0
1496,0x080471f8,0x3d3e034e,0.0463898703
1497,0x080471fc,0x00000000,0
1498,0x08047200,0x3d36b7c2,0.0446088389
1499,0x08047204,0x00000000,0
1500,0x08047208,0x3d302bcf,0.0430105291
1501,0x0804720c,0x00000000,0
1502,0x08047210,0x3d2a4823,0.0415727012
1503,0x08047214,0x00000000,0
1504,0x08047218,0x3d24f5eb,0.0402735882
1505,0x0804721c,0x00000000,0
1506,0x08047220,0x3d20168e,0.0390840098
1507,0x08047224,0x00000000,0
1508,0x08047228,0x3d1b9a7d,0.0379891284
1509,0x0804722c,0x00000000,0
1510,0x08047230,0x3d177a78,0.0369820297
1511,0x08047234,0x00000000,0
1512,0x08047238,0x3d13ae73,0.0360550396
1513,0x0804723c,0x00000000,0
1514,0x08047240,0x3d101fa3,0.0351864211
1515,0x08047244,0x00000000,0
1516,0x08047248,0x3d0cd5c4,0.0343835503
1517,0x0804724c,0x00000000,0
1518,0x08047250,0x3d09c195,0.0336318798
1519,0x08047254,0x00000000,0
1520,0x08047258,0x3d06db46,0.0329239592
1521,0x0804725c,0x00000000,0
1522,0x08047260,0x3d0422dd,0.0322598107
1523,0x08047264,0x00000000,0
1524,0x08047268,0x3d019094,0.0316320211
1525,0x0804726c,0x00000000,0
1526,0x08047270,0x3cfe4951,0.0310408194
1527,0x08047274,0x00000000,0
1528,0x08047278,0x3cf9aea8,0.0304787904
1529,0x0804727c,0x00000000,0
1530,0x08047280,0x3cf560c0,0.0299533606
1531,0x08047284,0x00000000,0
1532,0x08047288,0x3cf14075,0.0294496808
1533,0x0804728c,0x00000000,0
1534,0x08047290,0x3ced4e57,0.0289680194
1535,0x08047294,0x00000000,0
1536,0x08047298,0x3d3de000,0.0463562012
1537,0x0804729c,0x3d231ff5,0.0398253985
1538,0x080472a0,0x3d155ffe,0.0364684984
1539,0x080472a4,0x3d0c3ffa,0.0342407003
1540,0x080472a8,0x3d05a002,0.0326232985
1541,0x080472ac,0x3d00600d,0.0313416012
1542,0x080472b0,0x3cf84018,0.0303039998
1543,0x080472b4,0x3cf14014,0.0294495001
1544,0x080472b8,0x3ceafff3,0.0286864992
1545,0x080472bc,0x3ce5c019,0.0280457009
1546,0x080472c0,0x3ce0fff5,0.0274657998
1547,0x080472c4,0x3cdcbff4,0.0269469991
1548,0x080472c8,0x3cd90017,0.0264893007
1549,0x080472cc,0x3cd57ffa,0.0260620005
1550,0x080472d0,0x3cd24009,0.0256653
1551,0x080472d4,0x3ccf400f,0.0252991002
1552,0x080472d8,0x3ccc800b,0.0249633994
1553,0x080472dc,0x3cc9fffe,0.0246581994
1554,0x080472e0,0x3cc7bfe8,0.0243835002
1555,0x080472e4,0x3cc58007,0.0241088998
1556,0x080472e8,0x3cc33ff1,0.0238342006
1557,0x080472ec,0x3cc14007,0.0235901009
1558,0x080472f0,0x3cbf8013,0.0233765002
1559,0x080472f4,0x3cbdbfea,0.0231628008
1560,0x080472f8,0x3cbbfff6,0.0229492001
1561,0x080472fc,0x3cba7ff9,0.0227661002
1562,0x08047300,0x3cb8fffc,0.0225830004
1563,0x08047304,0x3cb77fff,0.0223999005
1564,0x08047308,0x3cb60002,0.0222168006
1565,0x0804730c,0x3cb4bffb,0.0220641997
1566,0x08047310,0x3cb37ff5,0.0219116006
1567,0x08047314,0x3cb23fee,0.0217589997
1568,0x08047318,0x3cb0ffe8,0.0216064006
1569,0x0804731c,0x3cafc017,0.0214539003
1570,0x08047320,0x3caec007,0.0213318001
1571,0x08047324,0x3cadbff7,0.0212097
1572,0x08047328,0x3cac7ff0,0.0210570991
1573,0x0804732c,0x3cab8016,0.0209350996
1574,0x08047330,0x3caabffd,0.0208435003
1575,0x08047334,0x3ca9bfed,0.0207214002
1576,0x08047338,0x3ca8c013,0.0205994006
1577,0x0804733c,0x3ca7fff9,0.0205077995
1578,0x08047340,0x3ca6ffe9,0.0203856993
1579,0x08047344,0x3ca64006,0.0202942006
1580,0x08047348,0x3ca57fec,0.0202025995
1581,0x0804734c,0x3ca48012,0.0200805999
1582,0x08047350,0x3ca3bff9,0.0199890006
1583,0x08047354,0x3ca30015,0.0198975001
1584,0x08047358,0x3ca23ffc,0.0198059008
1585,0x0804735c,0x3ca1c00e,0.0197448991
1586,0x08047360,0x3ca0fff5,0.0196532998
1587,0x08047364,0x3ca04011,0.0195617992
1588,0x08047368,0x3c9f7ff8,0.0194701999
1589,0x0804736c,0x3c9f000b,0.0194092002
1590,0x08047370,0x3c9e3ff2,0.0193176009
1591,0x08047374,0x3c9dc004,0.0192565992
1592,0x08047378,0x3c9cffeb,0.0191649999
1593,0x0804737c,0x3c9c7ffe,0.0191040002
1594,0x08047380,0x3c9c0011,0.0190430004
1595,0x08047384,0x3c9b3ff7,0.0189513993
1596,0x08047388,0x3c9ac00a,0.0188903995
1597,0x0804738c,0x3c9a3fe7,0.0188292991
1598,0x08047390,0x3c99bffa,0.0187682994
1599,0x08047394,0x00000000,0
1600,0x08047398,0x3d8ed005,0.0697327033
1601,0x0804739c,0x3d6e0008,0.0581054986
1602,0x080473a0,0x3d44000a,0.0478515998
1603,0x080473a4,0x3d0dbff7,0.0346069001
1604,0x080473a8,0x3cbbbfff,0.0229186993
1605,0x080473ac,0x3cb48005,0.0220337007
1606,0x080473b0,0x3cae8010,0.0213012993
1607,0x080473b4,0x3ca97ff6,0.0206908993
1608,0x080473b8,0x3ca53ff6,0.0201721005
1609,0x080473bc,0x3ca18018,0.0197144002
1610,0x080473c0,0x3c9dfffb,0.0192871001
1611,0x080473c4,0x3cdf000b,0.0272217002
1612,0x080473c8,0x3d0e3fff,0.0347290002
1613,0x080473cc,0x3d1ba004,0.0379943997
1614,0x080473d0,0x3d1e1ff6,0.0386046991
1615,0x080473d4,0x3d174008,0.0369262993
1616,0x080473d8,0x3d064006,0.0327759013
1617,0x080473dc,0x3ccc4015,0.0249329004
1618,0x080473e0,0x3c8c4015,0.0171204004
1619,0x080473e4,0x3c8ac018,0.0169373006
1620,0x080473e8,0x3c89401b,0.0167542007
1621,0x080473ec,0x3c880014,0.0166015998
1622,0x080473f0,0x3c868017,0.0164184999
1623,0x080473f4,0x3c854011,0.0162659008
1624,0x080473f8,0x3c844001,0.0161438007
1625,0x080473fc,0x3cbc8019,0.0230103005
1626,0x08047400,0x3cf2c011,0.0296326
1627,0x08047404,0x3d05dff9,0.0326843001
1628,0x08047408,0x3d090009,0.0334472992
1629,0x0804740c,0x3d03dff4,0.0321960002
1630,0x08047410,0x3ceb8016,0.0287475996
1631,0x08047414,0x3cb40017,0.0219726991
1632,0x08047418,0x3c790031,0.0151977995
1633,0x0804741c,0x3c770012,0.0150757004
1634,0x08047420,0x3c757fdf,0.0149841001
1635,0x08047424,0x3c740017,0.0148925995
1636,0x08047428,0x3c727fe5,0.0148010002
1637,0x0804742c,0x3c71001d,0.0147094997
1638,0x08047430,0x3c6fffd8,0.0146484002
1639,0x08047434,0x3cab8016,0.0209350996
1640,0x08047438,0x3cdd800e,0.0270386003
1641,0x0804743c,0x3cf4fff2,0.0299072005
1642,0x08047440,0x3cfb4012,0.0306701995
1643,0x08047444,0x3cf2801a,0.0296020992
1644,0x08047448,0x3cd90017,0.0264893007
1645,0x0804744c,0x3ca67ffc,0.0203246996
1646,0x08047450,0x3c667ffc,0.0140685998
1647,0x08047454,0x3c650035,0.0139771001
1648,0x08047458,0x3c63ffef,0.0139159998
1649,0x0804745c,0x3c630015,0.013855
1650,0x08047460,0x3c61ffcf,0.0137938997
1651,0x08047464,0x3c60fff5,0.0137328999
1652,0x08047468,0x3c608008,0.0137024
1653,0x0804746c,0x3ca0bfff,0.0196228009
1654,0x08047470,0x3ccfbffc,0.0253601
1655,0x08047474,0x3ce6000f,0.0280761998
1656,0x08047478,0x3cec3ffa,0.0288391002
1657,0x0804747c,0x3ce43fe6,0.0278625004
1658,0x08047480,0x3ccc800b,0.0249633994
1659,0x08047484,0x3c9cffeb,0.0191649999
1660,0x08047488,0x3c597fce,0.0132750999
1661,0x0804748c,0x3c587ff4,0.0132141002
1662,0x08047490,0x3c580007,0.0131836003
1663,0x08047494,0x00000000,0
1664,0x08047498,0x3dc1effa,0.0946960002
1665,0x0804749c,0x3d800000,0.0625
1666,0x080474a0,0x3c8bffe9,0.0170898009
1667,0x080474a4,0x3c837fe7,0.0160521995
1668,0x080474a8,0x3c7a7ff9,0.0152893001
1669,0x080474ac,0x3c71001d,0.0147094997
1670,0x080474b0,0x3d42c004,0.0475464016
1671,0x080474b4,0x3d765ff4,0.0601501018
1672,0x080474b8,0x3d385ff9,0.0450134017
1673,0x080474bc,0x3c57801a,0.0131531004
1674,0x080474c0,0x3c52ffed,0.0128784003
1675,0x080474c4,0x3c4f0018,0.0126342997
1676,0x080474c8,0x3c4b8031,0.0124206999
1677,0x080474cc,0x3d275ff6,0.0408629999
1678,0x080474d0,0x3d56dffb,0.0524596982
1679,0x080474d4,0x3d22a008,0.0397033989
1680,0x080474d8,0x3c400036,0.0117188003
1681,0x080474dc,0x3c3d8029,0.0115662003
1682,0x080474e0,0x3c3b001c,0.0114136003
1683,0x080474e4,0x3c38fffc,0.0112915002
1684,0x080474e8,0x3d19400d,0.0374145992
1685,0x080474ec,0x3d45a002,0.0482482985
1686,0x080474f0,0x3d163ff8,0.0366820991
1687,0x080474f4,0x3c32002d,0.0108642997
1688,0x080474f8,0x3c307ffb,0.0107727004
1689,0x080474fc,0x3c2f0033,0.0106811998
1690,0x08047500,0x3c2d8000,0.0105895996
1691,0x08047504,0x3d0fdff7,0.0351256989
1692,0x08047508,0x3d3a000c,0.045410201
1693,0x0804750c,0x3d0dbff7,0.0346069001
1694,0x08047510,0x3c27fff9,0.0102538997
1695,0x08047514,0x3c27001f,0.0101929
1696,0x08047518,0x3c25ffd9,0.0101317996
1697,0x0804751c,0x3c24ffff,0.0100707998
1698,0x08047520,0x3d090009,0.0334472992
1699,0x08047524,0x3d31800a,0.0433349982
1700,0x08047528,0x3d075ff6,0.0330504999
1701,0x0804752c,0x3c210000,0.00982666016
1702,0x08047530,0x3c1ffffb,0.00976562034
1703,0x08047534,0x3c1f0000,0.00970458984
1704,0x08047538,0x3c1dfffb,0.00964355003
1705,0x0804753c,0x3d03bff9,0.0321655013
1706,0x08047540,0x3d2abffd,0.0416870005
1707,0x08047544,0x3d025ff7,0.0318298005
1708,0x08047548,0x3c1b0001,0.00946045015
1709,0x0804754c,0x3c1a7ffe,0.00942992978
1710,0x08047550,0x3c198004,0.00936890021
1711,0x08047554,0x3c190001,0.00933837984
1712,0x08047558,0x3cfebff9,0.0310973991
1713,0x0804755c,0x3d251ffa,0.0403136984
1714,0x08047560,0x3cfc8019,0.0308228005
1715,0x08047564,0x3c15fffc,0.00915526971
1716,0x08047568,0x3c158004,0.00912475958
1717,0x0804756c,0x3c150002,0.00909424014
1718,0x08047570,0x3c147fff,0.00906371977
1719,0x08047574,0x3cf77fff,0.0302124005
1720,0x08047578,0x3d208008,0.0391846001
1721,0x0804757c,0x3cf58015,0.0299683008
1722,0x08047580,0x3c11fffd,0.00891113002
1723,0x08047584,0x3c118005,0.00888061989
1724,0x08047588,0x3c110003,0.00885010045
1725,0x0804758c,0x3c108000,0.00881958008
1726,0x08047590,0x3cf0ffe8,0.0294189006
1727,0x08047594,0x00000000,0
1728,0x08047598,0x3deb9021,0.115020998
1729,0x0804759c,0x3d017ffd,0.0316161998
1730,0x080475a0,0x3c27001f,0.0101929
1731,0x080475a4,0x3c1d0001,0.00958252046
1732,0x080475a8,0x3d600000,0.0546875
1733,0x080475ac,0x3d91cfff,0.0711975023
1734,0x080475b0,0x3c0b0004,0.00848389044
1735,0x080475b4,0x3c070004,0.00823974982
1736,0x080475b8,0x3c037ffd,0.00802612025
1737,0x080475bc,0x3d827002,0.0636902004
1738,0x080475c0,0x3d3c9ff9,0.0460509993
1739,0x080475c4,0x3bf6fffc,0.00753783993
1740,0x080475c8,0x3bf2fffd,0.00741577009
1741,0x080475cc,0x3ca94000,0.0206604004
1742,0x080475d0,0x3d827002,0.0636902004
1743,0x080475d4,0x3ca48012,0.0200805999
1744,0x080475d8,0x3be5000a,0.00698853005
1745,0x080475dc,0x3be1fffa,0.00689696986
1746,0x080475e0,0x3d275ff6,0.0408629999
1747,0x080475e4,0x3d603ff7,0.0547485016
1748,0x080475e8,0x3bd9fffc,0.00665283017
1749,0x080475ec,0x3bd80007,0.00659180013
1750,0x080475f0,0x3bd5fffc,0.00653075986
1751,0x080475f4,0x3d577fff,0.052612301
1752,0x080475f8,0x3d1da009,0.0384826995
1753,0x080475fc,0x3bd00008,0.00634765998
1754,0x08047600,0x3bcf0003,0.00631714007
1755,0x08047604,0x3c917ff0,0.0177612007
1756,0x08047608,0x3d620005,0.0551757999
1757,0x0804760c,0x3c8f8005,0.0175170992
1758,0x08047610,0x3bc8fff9,0.00613402994
1759,0x08047614,0x3bc70004,0.00607299991
1760,0x08047618,0x3d146009,0.0362243988
1761,0x0804761c,0x3d47c003,0.048767101
1762,0x08047620,0x3bc30005,0.00595093006
1763,0x08047624,0x3bc20000,0.00592041016
1764,0x08047628,0x3bc0fffa,0.00588988978
1765,0x0804762c,0x3d42fffa,0.0476073995
1766,0x08047630,0x3d0f1ff9,0.0349426009
1767,0x08047634,0x3bbe0000,0.00579833984
1768,0x08047638,0x3bbcfffb,0.00576781994
1769,0x0804763c,0x3c854011,0.0162659008
1770,0x08047640,0x3d4f600a,0.0506286994
1771,0x08047644,0x3c83c014,0.0160828009
1772,0x08047648,0x3bb8fffc,0.00564575009
1773,0x0804764c,0x3bb7fff7,0.00561523018
1774,0x08047650,0x3d095ffb,0.0335387997
1775,0x08047654,0x3d39400d,0.0452270992
1776,0x08047658,0x3bb4fffc,0.00552367978
1777,0x0804765c,0x3bb4fffc,0.00552367978
1778,0x08047660,0x3bb3fff7,0.00549315987
1779,0x08047664,0x3d361ffd,0.0444641002
1780,0x08047668,0x3d05dff9,0.0326843001
1781,0x0804766c,0x3bb20002,0.00543212984
1782,0x08047670,0x3bb0fffd,0.00540160993
1783,0x08047674,0x3c7a000c,0.0152588002
1784,0x08047678,0x3d42fffa,0.0476073995
1785,0x0804767c,0x3c787fd9,0.0151672
1786,0x08047680,0x3bae0003,0.00531005999
1787,0x08047684,0x3bae0003,0.00531005999
1788,0x08047688,0x3d01bff4,0.0316772014
1789,0x0804768c,0x3d2f3ff4,0.0427855998
1790,0x08047690,0x3babfff9,0.00524902018
1791,0x08047694,0x00000000,0
1792,0x08047698,0x3e0667f9,0.131255999
1793,0x0804769c,0x3bccfff8,0.00625609979
1794,0x080476a0,0x3bbb0006,0.0057067899
1795,0x080476a4,0x3d6c3ffa,0.0576782003
1796,0x080476a8,0x3d60fff5,0.0549315996
1797,0x080476ac,0x3ba10000,0.00491333008
1798,0x080476b0,0x3b9bfffb,0.00476073986
1799,0x080476b4,0x3daabffd,0.0833740011
1800,0x080476b8,0x3b92fff7,0.00448607979
1801,0x080476bc,0x3b8ffffd,0.00439452985
1802,0x080476c0,0x3d3d5ff8,0.0462341011
1803,0x080476c4,0x3d39dff6,0.0453796014
1804,0x080476c8,0x3b87ffff,0.00415039016
1805,0x080476cc,0x3b86000a,0.00408936013
1806,0x080476d0,0x3d94e004,0.0726929009
1807,0x080476d4,0x3b82000a,0.00396728981
1808,0x080476d8,0x3b800000,0.00390625
1809,0x080476dc,0x3d2a1ffa,0.0415344015
1810,0x080476e0,0x3d281ff5,0.0410461016
1811,0x080476e4,0x3b780001,0.00378417992
1812,0x080476e8,0x3b73ffed,0.00372314011
1813,0x080476ec,0x3d88effe,0.0668639988
1814,0x080476f0,0x3b700003,0.00366211007
1815,0x080476f4,0x3b6dfff8,0.00363158993
1816,0x080476f8,0x3d1e6008,0.0386658013
1817,0x080476fc,0x3d1d0006,0.0383301005
1818,0x08047700,0x3b680004,0.00354003999
1819,0x08047704,0x3b65fffa,0.00350952009
1820,0x08047708,0x3d80f005,0.0629578009
1821,0x0804770c,0x3b620010,0.00344849005
1822,0x08047710,0x3b600005,0.00341796991
1823,0x08047714,0x3d160002,0.0366211012
1824,0x08047718,0x3d15000d,0.0363770016
1825,0x0804771c,0x3b5bfff1,0.0033569301
1826,0x08047720,0x3b5a0011,0.00332641997
1827,0x08047724,0x3d760002,0.0600586012
1828,0x08047728,0x3b580007,0.00329590007
1829,0x0804772c,0x3b55fffc,0.00326537993
1830,0x08047730,0x3d0fbffc,0.0350951999
1831,0x08047734,0x3d0ee002,0.0348815992
1832,0x08047738,0x3b53fff2,0.00323486002
1833,0x0804773c,0x3b520012,0.00320434989
1834,0x08047740,0x3d6ca007,0.0577698015
1835,0x08047744,0x3b500008,0.00317382999
1836,0x08047748,0x3b4dfffe,0.00314331008
1837,0x0804774c,0x3d0aa002,0.0338440016
1838,0x08047750,0x3d09fffe,0.0336913988
1839,0x08047754,0x3b4bfff3,0.00311278994
1840,0x08047758,0x3b4bfff3,0.00311278994
1841,0x0804775c,0x3d64ffff,0.0559081994
1842,0x08047760,0x3b4a0014,0.00308228005
1843,0x08047764,0x3b480009,0.00305175991
1844,0x08047768,0x3d066001,0.0328064002
1845,0x0804776c,0x3d05dff9,0.0326843001
1846,0x08047770,0x3b45ffff,0.00302124
1847,0x08047774,0x3b45ffff,0.00302124
1848,0x08047778,0x3d5e8003,0.0543213002
1849,0x0804777c,0x3b43fff5,0.0029907201
1850,0x08047780,0x3b420015,0.00296020997
1851,0x08047784,0x3d02c004,0.0319214016
1852,0x08047788,0x3d025ff7,0.0318298005
1853,0x0804778c,0x3b40000b,0.00292969006
1854,0x08047790,0x3b40000b,0.00292969006
1855,0x08047794,0x00000000,0
1856,0x08047798,0x3e17381d,0.147674993
1857,0x0804779c,0x3b520012,0.00320434989
1858,0x080477a0,0x3b40000b,0.00292969006
1859,0x080477a4,0x3dacd000,0.0843811035
1860,0x080477a8,0x3b2bfff9,0.00262451009
1861,0x080477ac,0x3d03400c,0.0320435017
1862,0x080477b0,0x3ce04011,0.0273742992
1863,0x080477b4,0x3b1bfffb,0.00238036993
1864,0x080477b8,0x3d96b003,0.0735779032
1865,0x080477bc,0x3b13fffd,0.00225830008
1866,0x080477c0,0x3b100013,0.00219727005
1867,0x080477c4,0x3dafa001,0.085754402
1868,0x080477c8,0x3b0bfffe,0.00213623
1869,0x080477cc,0x3b09fff4,0.0021057101
1870,0x080477d0,0x3d77e00b,0.0605163984
1871,0x080477d4,0x3b06000a,0.00204468006
1872,0x080477d8,0x3cea4010,0.0285950005
1873,0x080477dc,0x3c9f000b,0.0194092002
1874,0x080477e0,0x3affffd5,0.00195311999
1875,0x080477e4,0x3d833000,0.0640563965
1876,0x080477e8,0x3afc0016,0.00192260998
1877,0x080477ec,0x3af80001,0.00189208996
1878,0x080477f0,0x3d97b005,0.0740661994
1879,0x080477f4,0x3af3ffed,0.00186157005
1880,0x080477f8,0x3aefffd8,0.00183105003
1881,0x080477fc,0x3d51a006,0.0511780009
1882,0x08047800,0x3aec0019,0.00180054002
1883,0x08047804,0x3ce8c013,0.0284119006
1884,0x08047808,0x3c757fdf,0.0149841001
1885,0x0804780c,0x3ae80004,0.00177002
1886,0x08047810,0x3d765ff4,0.0601501018
1887,0x08047814,0x3ae3ffef,0.00173949997
1888,0x08047818,0x3ae3ffef,0.00173949997
1889,0x0804781c,0x3d8a5000,0.0675354004
1890,0x08047820,0x3adfffda,0.00170897995
1891,0x08047824,0x3adfffda,0.00170897995
1892,0x08047828,0x3d383ffd,0.044982899
1893,0x0804782c,0x3adc001c,0.00167847006
1894,0x08047830,0x3cedffee,0.0290527008
1895,0x08047834,0x3c410010,0.0117798001
1896,0x08047838,0x3ad80007,0.00164795003
1897,0x0804783c,0x3d6d6005,0.0579528995
1898,0x08047840,0x3ad80007,0.00164795003
1899,0x08047844,0x3ad3fff2,0.00161743001
1900,0x08047848,0x3d80bfff,0.0628662035
1901,0x0804784c,0x3ad3fff2,0.00161743001
1902,0x08047850,0x3b360002,0.00277710008
1903,0x08047854,0x3d245ffc,0.0401306003
1904,0x08047858,0x3acfffdd,0.00158690999
1905,0x0804785c,0x3cf5c00b,0.0299987998
1906,0x08047860,0x3c167fff,0.00918579008
1907,0x08047864,0x3acc001e,0.00155639998
1908,0x08047868,0x3d67800c,0.0565185994
1909,0x0804786c,0x3acc001e,0.00155639998
1910,0x08047870,0x3acc001e,0.00155639998
1911,0x08047874,0x3d726004,0.0591735989
1912,0x08047878,0x3ac80009,0.00152587995
1913,0x0804787c,0x3b82000a,0.00396728981
1914,0x08047880,0x3d13c006,0.0360717997
1915,0x08047884,0x3ac80009,0.00152587995
1916,0x08047888,0x3cfebff9,0.0310973991
1917,0x0804788c,0x3be5fffa,0.00701904017
1918,0x08047890,0x3ac3fff5,0.00149536005
1919,0x08047894,0x00000000,0
1920,0x08047898,0x3e26e7e6,0.162993997
1921,0x0804789c,0x3ae3ffef,0.00173949997
1922,0x080478a0,0x3d8d3ffc,0.0689696968
1923,0x080478a4,0x3ac3fff5,0.00149536005
1924,0x080478a8,0x3ab8000c,0.00140380999
1925,0x080478ac,0x3ce87fe6,0.0283812992
1926,0x080478b0,0x3aac0024,0.00131226005
1927,0x080478b4,0x3dc29ffb,0.095031701
1928,0x080478b8,0x3aa3fffa,0.00125122
1929,0x080478bc,0x3da29ffb,0.079406701
1930,0x080478c0,0x3a9c0026,0.00119018997
1931,0x080478c4,0x3c46002a,0.0120850001
1932,0x080478c8,0x3babfff9,0.00524902018
1933,0x080478cc,0x3a93fffd,0.00112915004
1934,0x080478d0,0x3d811000,0.0630187988
1935,0x080478d4,0x3a8fffe8,0.00109863002
1936,0x080478d8,0x3daef000,0.0854187012
1937,0x080478dc,0x3a8c0029,0.00106812001
1938,0x080478e0,0x3d02fffa,0.0319823995
1939,0x080478e4,0x3a880014,0.00103759998
1940,0x080478e8,0x3a880014,0.00103759998
1941,0x080478ec,0x3d0ca007,0.0343323015
1942,0x080478f0,0x3a83ffff,0.00100707996
1943,0x080478f4,0x3da44001,0.0802002028
1944,0x080478f8,0x3a83ffff,0.00100707996
1945,0x080478fc,0x3d583ffd,0.052795399
1946,0x08047900,0x3a7fffd5,0.000976559997
1947,0x08047904,0x3b45ffff,0.00302124
1948,0x08047908,0x3c490024,0.0122680999
1949,0x0804790c,0x3a780057,0.000946049986
1950,0x08047910,0x3d840ffa,0.0644835979
1951,0x08047914,0x3a780057,0.000946049986
1952,0x08047918,0x3d8b0ffe,0.0679015964
1953,0x0804791c,0x3a70002e,0.000915530021
1954,0x08047920,0x3c888001,0.0166625995
1955,0x08047924,0x3a70002e,0.000915530021
1956,0x08047928,0x3a70002e,0.000915530021
1957,0x0804792c,0x3d2ec007,0.0426636003
1958,0x08047930,0x3a680004,0.000885009998
1959,0x08047934,0x3d94ffff,0.0727538988
1960,0x08047938,0x3a680004,0.000885009998
1961,0x0804793c,0x3d128000,0.0357666016
1962,0x08047940,0x3a680004,0.000885009998
1963,0x08047944,0x3a680004,0.000885009998
1964,0x08047948,0x3cab8016,0.0209350996
1965,0x0804794c,0x3a5fffda,0.000854489976
1966,0x08047950,0x3d875006,0.0660706013
1967,0x08047954,0x3a5fffda,0.000854489976
1968,0x08047958,0x3d5c4007,0.0537719987
1969,0x0804795c,0x3a5fffda,0.000854489976
1970,0x08047960,0x3be5000a,0.00698853005
1971,0x08047964,0x3bae0003,0.00531005999
1972,0x08047968,0x3a5fffda,0.000854489976
1973,0x0804796c,0x3d4d9ffc,0.0502014011
1974,0x08047970,0x3a58005d,0.000823980023
1975,0x08047974,0x3d84bffb,0.0648192987
1976,0x08047978,0x3a58005d,0.000823980023
1977,0x0804797c,0x3cb77fff,0.0223999005
1978,0x08047980,0x3a58005d,0.000823980023
1979,0x08047984,0x3a58005d,0.000823980023
1980,0x08047988,0x3cf77fff,0.0302124005
1981,0x0804798c,0x3a58005d,0.000823980023
1982,0x08047990,0x3d864006,0.0655518025
1983,0x08047994,0x00000000,0
1984,0x08047998,0x3dd3d6ab,0.10343679
1985,0x0804799c,0x3a191794,0.000584000023
1986,0x080479a0,0x3da6b18a,0.0813933164
1987,0x080479a4,0x3a039348,0.000501920003
1988,0x080479a8,0x3d951bd2,0.0728069693
1989,0x080479ac,0x39effb7b,0.000457729999
1990,0x080479b0,0x3d8a8ed5,0.067655243
1991,0x080479b4,0x39e1165b,0.000429320004
1992,0x080479b8,0x3d832979,0.0640439466
1993,0x080479bc,0x39d72845,0.000410379987
1994,0x080479c0,0x3d7b1677,0.061300721
1995,0x080479c4,0x39cee0f9,0.000394589995
1996,0x080479c8,0x3d7219eb,0.0591067486
1997,0x080479cc,0x39c84325,0.000381969992
1998,0x080479d0,0x3d6aa756,0.0572884902
1999,0x080479d4,0x39c1a3fa,0.000369340007
2000,0x080479d8,0x3d6454b6,0.0557448491
2001,0x080479dc,0x39bcacef,0.000359869999
2002,0x080479e0,0x3d5edc8a,0.0544095412
2003,0x080479e4,0x39b95cae,0.000353550015
2004,0x080479e8,0x3d5a0d25,0.0532351919
2005,0x080479ec,0x39b465a3,0.000344080006
2006,0x080479f0,0x3d55c24a,0.0521872416
2007,0x080479f4,0x39b116b9,0.000337770005
2008,0x080479f8,0x3d51e7cc,0.0512464494
2009,0x080479fc,0x39adc7cf,0.000331460004
2010,0x08047a00,0x3d4e6a29,0.050394211
2011,0x08047a04,0x39ac1fae,0.000328299997
2012,0x08047a08,0x3d4b388e,0.0496144816
2013,0x08047a0c,0x39a8d0c4,0.000321989995
2014,0x08047a10,0x3d48491d,0.0488978513
2015,0x08047a14,0x39a728a3,0.000318829989
2016,0x08047a18,0x3d459210,0.0482349992
2017,0x08047a1c,0x39a3d9b9,0.000312519987
2018,0x08047a20,0x3d430c97,0.0476194285
2019,0x08047a24,0x39a23199,0.00030936001
2020,0x08047a28,0x3d40b212,0.0470448211
2021,0x08047a2c,0x39a08978,0.000306200003
2022,0x08047a30,0x3d3e7f5d,0.0465081818
2023,0x08047a34,0x399ee2af,0.000303050008
2024,0x08047a38,0x3d3c6dd5,0.0460031815
2025,0x08047a3c,0x399d3a8e,0.000299890002
2026,0x08047a40,0x3d3a7d47,0.04552963
2027,0x08047a44,0x399b926d,0.000296729995
2028,0x08047a48,0x3d38a3f1,0.0450782217
2029,0x08047a4c,0x3999eba4,0.00029358
2030,0x08047a50,0x3d36e511,0.0446520485
2031,0x08047a54,0x39984383,0.000290419994
2032,0x08047a58,0x3d353d67,0.044248011
2033,0x08047a5c,0x39969b62,0.000287259987
2034,0x08047a60,0x3d33a996,0.0438629016
2035,0x08047a64,0x39969b62,0.000287259987
2036,0x08047a68,0x3d3229a1,0.0434967317
2037,0x08047a6c,0x3994f499,0.000284109992
2038,0x08047a70,0x3d30ba25,0.0431462713
2039,0x08047a74,0x39934c78,0.000280949986
2040,0x08047a78,0x3d2f5b42,0.0428116396
2041,0x08047a7c,0x3991a458,0.000277790008
2042,0x08047a80,0x3d2e0cf9,0.0424928404
2043,0x08047a84,0x3991a458,0.000277790008
2044,0x08047a88,0x3d2cc88e,0.0421834514
2045,0x08047a8c,0x398ffd8f,0.000274640013
2046,0x08047a90,0x3d2b917c,0.0418867916
2047,0x08047a94,0x00000000,0
2048,0x08047a98,0x3f7c2bfa,0.985046029
2049,0x08047a9c,0x3e7c27e9,0.246245995
2050,0x08047aa0,0x3de01ffb,0.109435998
2051,0x08047aa4,0x3d7c200c,0.0615539998
2052,0x08047aa8,0x3d216002,0.0393982008
2053,0x08047aac,0x3ce0001b,0.0273438003
2054,0x08047ab0,0x3ca48012,0.0200805999
2055,0x08047ab4,0x3c7c002c,0.0153809004
2056,0x08047ab8,0x3c470004,0.0121459998
2057,0x08047abc,0x3c210000,0.00982666016
2058,0x08047ac0,0x3c050005,0.00811768044
2059,0x08047ac4,0x3be00005,0.00683593983
2060,0x08047ac8,0x3bbe0000,0.00579833984
2061,0x08047acc,0x3ba3fffa,0.00500488002
2062,0x08047ad0,0x3b8efff8,0.00436400995
2063,0x08047ad4,0x3b7bffeb,0.00384520995
2064,0x08047ad8,0x3b5dfffb,0.00338745001
2065,0x08047adc,0x3b45ffff,0.00302124
2066,0x08047ae0,0x3b31ffed,0.00271606003
2067,0x08047ae4,0x3b200010,0.00244140998
2068,0x08047ae8,0x3b11fff2,0.00222777994
2069,0x08047aec,0x3b03ffff,0.00201415992
2070,0x08047af0,0x3af3ffed,0.00186157005
2071,0x08047af4,0x3adfffda,0.00170897995
2072,0x08047af8,0x3acc001e,0.00155639998
2073,0x08047afc,0x3abc0021,0.00143433001
2074,0x08047b00,0x3aafffe2,0.00134276995
2075,0x08047b04,0x3aa3fffa,0.00125122
2076,0x08047b08,0x3a980011,0.00115966995
2077,0x08047b0c,0x3a8c0029,0.00106812001
2078,0x08047b10,0x3a83ffff,0.00100707996
2079,0x08047b14,0x3a780057,0.000946049986
2080,0x08047b18,0x3a680004,0.000885009998
2081,0x08047b1c,0x3a58005d,0.000823980023
2082,0x08047b20,0x3a500033,0.00079346
2083,0x08047b24,0x3a3fffe0,0.000732420012
2084,0x08047b28,0x3a37ffb6,0.00070189999
2085,0x08047b2c,0x3a300038,0.000671389978
2086,0x08047b30,0x3a28000f,0.000640870014
2087,0x08047b34,0x3a1fffe5,0.000610349991
2088,0x08047b38,0x3a17ffbc,0.000579830026
2089,0x08047b3c,0x3a10003e,0.000549320015
2090,0x08047b40,0x3a080014,0.000518799992
2091,0x08047b44,0x39ffffd5,0.000488279999
2092,0x08047b48,0x39efff82,0.000457760005
2093,0x08047b4c,0x39efff82,0.000457760005
2094,0x08047b50,0x39e00086,0.000427249994
2095,0x08047b54,0x39e00086,0.000427249994
2096,0x08047b58,0x39d00033,0.00039673
2097,0x08047b5c,0x39bfffe0,0.000366210006
2098,0x08047b60,0x39bfffe0,0.000366210006
2099,0x08047b64,0x39afff8d,0.000335690012
2100,0x08047b68,0x39afff8d,0.000335690012
2101,0x08047b6c,0x39afff8d,0.000335690012
2102,0x08047b70,0x39a00091,0.000305180001
2103,0x08047b74,0x39a00091,0.000305180001
2104,0x08047b78,0x3990003e,0.000274660008
2105,0x08047b7c,0x3990003e,0.000274660008
2106,0x08047b80,0x3990003e,0.000274660008
2107,0x08047b84,0x397fffd5,0.000244139999
2108,0x08047b88,0x397fffd5,0.000244139999
2109,0x08047b8c,0x397fffd5,0.000244139999
2110,0x08047b90,0x397fffd5,0.000244139999
2111,0x08047b94,0x00000000,0
2112,0x08047b98,0x3c9cbff4,0.0191344991
2113,0x08047b9c,0x3f3069f9,0.689117014
2114,0x08047ba0,0x3e9ccff2,0.306273997
2115,0x08047ba4,0x3df5000d,0.119629003
2116,0x08047ba8,0x3d83c006,0.0643310994
2117,0x08047bac,0x3d24c009,0.0402222015
2118,0x08047bb0,0x3ce1c00e,0.0275573991
2119,0x08047bb4,0x3ca43fe6,0.0200500004
2120,0x08047bb8,0x3c7a000c,0.0152588002
2121,0x08047bbc,0x3c447ff7,0.0119933998
2122,0x08047bc0,0x3c1e7ffe,0.0096740704
2123,0x08047bc4,0x3c028002,0.00796508975
2124,0x08047bc8,0x3bdb0001,0.00668335008
2125,0x08047bcc,0x3bba0001,0.00567627
2126,0x08047bd0,0x3b9ffffb,0.00488281017
2127,0x08047bd4,0x3b8afff9,0.0042419401
2128,0x08047bd8,0x3b73ffed,0.00372314011
2129,0x08047bdc,0x3b580007,0.00329590007
2130,0x08047be0,0x3b40000b,0.00292969006
2131,0x08047be4,0x3b2bfff9,0.00262451009
2132,0x08047be8,0x3b1bfffb,0.00238036993
2133,0x08047bec,0x3b0bfffe,0.00213623
2134,0x08047bf0,0x3affffd5,0.00195311999
2135,0x08047bf4,0x3ae80004,0.00177002
2136,0x08047bf8,0x3ad80007,0.00164795003
2137,0x08047bfc,0x3ac3fff5,0.00149536005
2138,0x08047c00,0x3ab3fff7,0.00137328997
2139,0x08047c04,0x3aa8000f,0.00128174003
2140,0x08047c08,0x3a9c0026,0.00119018997
2141,0x08047c0c,0x3a8fffe8,0.00109863002
2142,0x08047c10,0x3a880014,0.00103759998
2143,0x08047c14,0x3a7fffd5,0.000976559997
2144,0x08047c18,0x3a70002e,0.000915530021
2145,0x08047c1c,0x3a5fffda,0.000854489976
2146,0x08047c20,0x3a500033,0.00079346
2147,0x08047c24,0x3a480009,0.000762939977
2148,0x08047c28,0x3a37ffb6,0.00070189999
2149,0x08047c2c,0x3a300038,0.000671389978
2150,0x08047c30,0x3a28000f,0.000640870014
2151,0x08047c34,0x3a1fffe5,0.000610349991
2152,0x08047c38,0x3a17ffbc,0.000579830026
2153,0x08047c3c,0x3a10003e,0.000549320015
2154,0x08047c40,0x3a080014,0.000518799992
2155,0x08047c44,0x39ffffd5,0.000488279999
2156,0x08047c48,0x39efff82,0.000457760005
2157,0x08047c4c,0x39efff82,0.000457760005
2158,0x08047c50,0x39e00086,0.000427249994
2159,0x08047c54,0x39e00086,0.000427249994
2160,0x08047c58,0x39d00033,0.00039673
2161,0x08047c5c,0x39bfffe0,0.000366210006
2162,0x08047c60,0x39bfffe0,0.000366210006
2163,0x08047c64,0x39afff8d,0.000335690012
2164,0x08047c68,0x39afff8d,0.000335690012
2165,0x08047c6c,0x39afff8d,0.000335690012
2166,0x08047c70,0x39a00091,0.000305180001
2167,0x08047c74,0x39a00091,0.000305180001
2168,0x08047c78,0x3990003e,0.000274660008
2169,0x08047c7c,0x3990003e,0.000274660008
2170,0x08047c80,0x3990003e,0.000274660008
2171,0x08047c84,0x397fffd5,0.000244139999
2172,0x08047c88,0x397fffd5,0.000244139999
2173,0x08047c8c,0x397fffd5,0.000244139999
2174,0x08047c90,0x397fffd5,0.000244139999
2175,0x08047c94,0x00000000,0
2176,0x08047c98,0x3f082e02,0.531952024
2177,0x08047c9c,0x3d71fff8,0.0590820014
2178,0x08047ca0,0x3ebd23f6,0.369414985
2179,0x08047ca4,0x3e993405,0.299225003
2180,0x08047ca8,0x3dd72ffd,0.105071999
2181,0x08047cac,0x3d5e400c,0.0542602986
2182,0x08047cb0,0x3d081ff5,0.0332336016
2183,0x08047cb4,0x3cb7ffec,0.0224609002
2184,0x08047cb8,0x3c84bfee,0.0162048005
2185,0x08047cbc,0x3c487fcc,0.0122375004
2186,0x08047cc0,0x3c1d0001,0.00958252046
2187,0x08047cc4,0x3bfc0001,0.00769043015
2188,0x08047cc8,0x3bcf0003,0.00631714007
2189,0x08047ccc,0x3bacfffe,0.00527954008
2190,0x08047cd0,0x3b92fff7,0.00448607979
2191,0x08047cd4,0x3b7bffeb,0.00384520995
2192,0x08047cd8,0x3b5a0011,0.00332641997
2193,0x08047cdc,0x3b40000b,0.00292969006
2194,0x08047ce0,0x3b29ffee,0.00259398995
2195,0x08047ce4,0x3b160007,0.00228881999
2196,0x08047ce8,0x3b06000a,0.00204468006
2197,0x08047cec,0x3af3ffed,0.00186157005
2198,0x08047cf0,0x3adc001c,0.00167847006
2199,0x08047cf4,0x3ac80009,0.00152587995
2200,0x08047cf8,0x3ab8000c,0.00140380999
2201,0x08047cfc,0x3aa8000f,0.00128174003
2202,0x08047d00,0x3a980011,0.00115966995
2203,0x08047d04,0x3a8c0029,0.00106812001
2204,0x08047d08,0x3a83ffff,0.00100707996
2205,0x08047d0c,0x3a70002e,0.000915530021
2206,0x08047d10,0x3a5fffda,0.000854489976
2207,0x08047d14,0x3a500033,0.00079346
2208,0x08047d18,0x3a480009,0.000762939977
2209,0x08047d1c,0x3a37ffb6,0.00070189999
2210,0x08047d20,0x3a300038,0.000671389978
2211,0x08047d24,0x3a1fffe5,0.000610349991
2212,0x08047d28,0x3a17ffbc,0.000579830026
2213,0x08047d2c,0x3a10003e,0.000549320015
2214,0x08047d30,0x3a080014,0.000518799992
2215,0x08047d34,0x39ffffd5,0.000488279999
2216,0x08047d38,0x39efff82,0.000457760005
2217,0x08047d3c,0x39efff82,0.000457760005
2218,0x08047d40,0x39e00086,0.000427249994
2219,0x08047d44,0x39d00033,0.00039673
2220,0x08047d48,0x39d00033,0.00039673
2221,0x08047d4c,0x39bfffe0,0.000366210006
2222,0x08047d50,0x39afff8d,0.000335690012
2223,0x08047d54,0x39afff8d,0.000335690012
2224,0x08047d58,0x39a00091,0.000305180001
2225,0x08047d5c,0x39a00091,0.000305180001
2226,0x08047d60,0x3990003e,0.000274660008
2227,0x08047d64,0x3990003e,0.000274660008
2228,0x08047d68,0x3990003e,0.000274660008
2229,0x08047d6c,0x397fffd5,0.000244139999
2230,0x08047d70,0x397fffd5,0.000244139999
2231,0x08047d74,0x397fffd5,0.000244139999
2232,0x08047d78,0x395fff2f,0.000213620006
2233,0x08047d7c,0x395fff2f,0.000213620006
2234,0x08047d80,0x395fff2f,0.000213620006
2235,0x08047d84,0x395fff2f,0.000213620006
2236,0x08047d88,0x39400137,0.000183109994
2237,0x08047d8c,0x39400137,0.000183109994
2238,0x08047d90,0x39400137,0.000183109994
2239,0x08047d94,0x00000000,0
2240,0x08047d98,0x3de9cfdd,0.114165999
2241,0x08047d9c,0x3ec47ffe,0.383789003
2242,0x08047da0,0x3de9cfdd,0.114165999
2243,0x08047da4,0x3e4fd7e4,0.202971995
2244,0x08047da8,0x3ea263fa,0.317169011
2245,0x08047dac,0x3dd08feb,0.101837002
2246,0x08047db0,0x3d4fbffc,0.0507201999
2247,0x08047db4,0x3cf97fe9,0.0304565001
2248,0x08047db8,0x3ca6bff3,0.0203552004
2249,0x08047dbc,0x3c6e8010,0.0145568997
2250,0x08047dc0,0x3c330008,0.0109253004
2251,0x08047dc4,0x3c0b7ffb,0.00851439964
2252,0x08047dc8,0x3bdf0000,0.00680541992
2253,0x08047dcc,0x3bb70007,0.00558472006
2254,0x08047dd0,0x3b97fffc,0.00463867001
2255,0x08047dd4,0x3b810005,0.00393676991
2256,0x08047dd8,0x3b5bfff1,0.0033569301
2257,0x08047ddc,0x3b40000b,0.00292969006
2258,0x08047de0,0x3b28000f,0.00256348005
2259,0x08047de4,0x3b13fffd,0.00225830008
2260,0x08047de8,0x3b03ffff,0.00201415992
2261,0x08047dec,0x3aec0019,0.00180054002
2262,0x08047df0,0x3ad3fff2,0.00161743001
2263,0x08047df4,0x3abfffe0,0.00146484002
2264,0x08047df8,0x3aac0024,0.00131226005
2265,0x08047dfc,0x3a9fffe5,0.00122069998
2266,0x08047e00,0x3a8fffe8,0.00109863002
2267,0x08047e04,0x3a83ffff,0.00100707996
2268,0x08047e08,0x3a780057,0.000946049986
2269,0x08047e0c,0x3a5fffda,0.000854489976
2270,0x08047e10,0x3a500033,0.00079346
2271,0x08047e14,0x3a3fffe0,0.000732420012
2272,0x08047e18,0x3a37ffb6,0.00070189999
2273,0x08047e1c,0x3a28000f,0.000640870014
2274,0x08047e20,0x3a1fffe5,0.000610349991
2275,0x08047e24,0x3a17ffbc,0.000579830026
2276,0x08047e28,0x3a10003e,0.000549320015
2277,0x08047e2c,0x3a080014,0.000518799992
2278,0x08047e30,0x39ffffd5,0.000488279999
2279,0x08047e34,0x39efff82,0.000457760005
2280,0x08047e38,0x39e00086,0.000427249994
2281,0x08047e3c,0x39d00033,0.00039673
2282,0x08047e40,0x39d00033,0.00039673
2283,0x08047e44,0x39bfffe0,0.000366210006
2284,0x08047e48,0x39afff8d,0.000335690012
2285,0x08047e4c,0x39afff8d,0.000335690012
2286,0x08047e50,0x39a00091,0.000305180001
2287,0x08047e54,0x39a00091,0.000305180001
2288,0x08047e58,0x3990003e,0.000274660008
2289,0x08047e5c,0x3990003e,0.000274660008
2290,0x08047e60,0x3990003e,0.000274660008
2291,0x08047e64,0x397fffd5,0.000244139999
2292,0x08047e68,0x397fffd5,0.000244139999
2293,0x08047e6c,0x395fff2f,0.000213620006
2294,0x08047e70,0x395fff2f,0.000213620006
2295,0x08047e74,0x395fff2f,0.000213620006
2296,0x08047e78,0x395fff2f,0.000213620006
2297,0x08047e7c,0x39400137,0.000183109994
2298,0x08047e80,0x39400137,0.000183109994
2299,0x08047e84,0x39400137,0.000183109994
2300,0x08047e88,0x39400137,0.000183109994
2301,0x08047e8c,0x39200091,0.000152590001
2302,0x08047e90,0x39200091,0.000152590001
2303,0x08047e94,0x00000000,0
2304,0x08047e98,0x3d37bff5,0.0448607989
2305,0x08047e9c,0x3db87004,0.0900574028
2306,0x08047ea0,0x3e8fa00e,0.280517995
2307,0x08047ea4,0x3e37d806,0.179535002
2308,0x08047ea8,0x3dced02d,0.100983001
2309,0x08047eac,0x3eadcbff,0.339446992
2310,0x08047eb0,0x3dced02d,0.100983001
2311,0x08047eb4,0x3d475ff6,0.0486754999
2312,0x08047eb8,0x3ceb3fea,0.028717
2313,0x08047ebc,0x3c9b3ff7,0.0189513993
2314,0x08047ec0,0x3c5c8034,0.0134583004
2315,0x08047ec4,0x3c248012,0.0100403
2316,0x08047ec8,0x3bfefffb,0.00778198009
2317,0x08047ecc,0x3bcb0004,0.00619507022
2318,0x08047ed0,0x3ba60004,0.00506591983
2319,0x08047ed4,0x3b8a0009,0.00421142997
2320,0x08047ed8,0x3b6a000e,0.0035705599
2321,0x08047edc,0x3b480009,0.00305175991
2322,0x08047ee0,0x3b2bfff9,0.00262451009
2323,0x08047ee4,0x3b160007,0.00228881999
2324,0x08047ee8,0x3b03ffff,0.00201415992
2325,0x08047eec,0x3aec0019,0.00180054002
2326,0x08047ef0,0x3ad3fff2,0.00161743001
2327,0x08047ef4,0x3abc0021,0.00143433001
2328,0x08047ef8,0x3aac0024,0.00131226005
2329,0x08047efc,0x3a9c0026,0.00119018997
2330,0x08047f00,0x3a8c0029,0.00106812001
2331,0x08047f04,0x3a7fffd5,0.000976559997
2332,0x08047f08,0x3a70002e,0.000915530021
2333,0x08047f0c,0x3a58005d,0.000823980023
2334,0x08047f10,0x3a480009,0.000762939977
2335,0x08047f14,0x3a37ffb6,0.00070189999
2336,0x08047f18,0x3a300038,0.000671389978
2337,0x08047f1c,0x3a1fffe5,0.000610349991
2338,0x08047f20,0x3a17ffbc,0.000579830026
2339,0x08047f24,0x3a10003e,0.000549320015
2340,0x08047f28,0x3a080014,0.000518799992
2341,0x08047f2c,0x39ffffd5,0.000488279999
2342,0x08047f30,0x39efff82,0.000457760005
2343,0x08047f34,0x39e00086,0.000427249994
2344,0x08047f38,0x39d00033,0.00039673
2345,0x08047f3c,0x39bfffe0,0.000366210006
2346,0x08047f40,0x39bfffe0,0.000366210006
2347,0x08047f44,0x39afff8d,0.000335690012
2348,0x08047f48,0x39afff8d,0.000335690012
2349,0x08047f4c,0x39a00091,0.000305180001
2350,0x08047f50,0x39a00091,0.000305180001
2351,0x08047f54,0x3990003e,0.000274660008
2352,0x08047f58,0x3990003e,0.000274660008
2353,0x08047f5c,0x397fffd5,0.000244139999
2354,0x08047f60,0x397fffd5,0.000244139999
2355,0x08047f64,0x397fffd5,0.000244139999
2356,0x08047f68,0x395fff2f,0.000213620006
2357,0x08047f6c,0x395fff2f,0.000213620006
2358,0x08047f70,0x395fff2f,0.000213620006
2359,0x08047f74,0x39400137,0.000183109994
2360,0x08047f78,0x39400137,0.000183109994
2361,0x08047f7c,0x39400137,0.000183109994
2362,0x08047f80,0x39400137,0.000183109994
2363,0x08047f84,0x39200091,0.000152590001
2364,0x08047f88,0x39200091,0.000152590001
2365,0x08047f8c,0x39200091,0.000152590001
2366,0x08047f90,0x39200091,0.000152590001
2367,0x08047f94,0x00000000,0
2368,0x08047f98,0x3c9f7ff8,0.0194701999
2369,0x08047f9c,0x3d001ffb,0.031280499
2370,0x08047fa0,0x3d705fff,0.058685299
2371,0x08047fa4,0x3e1d701e,0.153748006
2372,0x08047fa8,0x3e9d8c09,0.307709008
2373,0x08047fac,0x3c57801a,0.0131531004
2374,0x08047fb0,0x3ebfd3f6,0.374664009
2375,0x08047fb4,0x3dcc0003,0.0996093974
2376,0x08047fb8,0x3d3ae006,0.0456238016
2377,0x08047fbc,0x3cd5ffe7,0.0261230003
2378,0x08047fc0,0x3c8a7feb,0.0169066992
2379,0x08047fc4,0x3c41ffea,0.0118407998
2380,0x08047fc8,0x3c0f7ffb,0.00875854027
2381,0x08047fcc,0x3bdc0006,0.00671386998
2382,0x08047fd0,0x3baf0008,0.0053405799
2383,0x08047fd4,0x3b8e0008,0.00433349982
2384,0x08047fd8,0x3b6a000e,0.0035705599
2385,0x08047fdc,0x3b45ffff,0.00302124
2386,0x08047fe0,0x3b28000f,0.00256348005
2387,0x08047fe4,0x3b11fff2,0.00222777994
2388,0x08047fe8,0x3afc0016,0.00192260998
2389,0x08047fec,0x3adfffda,0.00170897995
2390,0x08047ff0,0x3ac3fff5,0.00149536005
2391,0x08047ff4,0x3aafffe2,0.00134276995
2392,0x08047ff8,0x3a9c0026,0.00119018997
2393,0x08047ffc,0x3a8fffe8,0.00109863002
2394,0x08048000,0x3a7fffd5,0.000976559997
2395,0x08048004,0x3a680004,0.000885009998
2396,0x08048008,0x3a58005d,0.000823980023
2397,0x0804800c,0x3a480009,0.000762939977
2398,0x08048010,0x3a37ffb6,0.00070189999
2399,0x08048014,0x3a28000f,0.000640870014
2400,0x08048018,0x3a17ffbc,0.000579830026
2401,0x0804801c,0x3a10003e,0.000549320015
2402,0x08048020,0x3a080014,0.000518799992
2403,0x08048024,0x39ffffd5,0.000488279999
2404,0x08048028,0x39efff82,0.000457760005
2405,0x0804802c,0x39e00086,0.000427249994
2406,0x08048030,0x39d00033,0.00039673
2407,0x08048034,0x39bfffe0,0.000366210006
2408,0x08048038,0x39afff8d,0.000335690012
2409,0x0804803c,0x39afff8d,0.000335690012
2410,0x08048040,0x39a00091,0.000305180001
2411,0x08048044,0x39a00091,0.000305180001
2412,0x08048048,0x3990003e,0.000274660008
2413,0x0804804c,0x3990003e,0.000274660008
2414,0x08048050,0x397fffd5,0.000244139999
2415,0x08048054,0x397fffd5,0.000244139999
2416,0x08048058,0x395fff2f,0.000213620006
2417,0x0804805c,0x395fff2f,0.000213620006
2418,0x08048060,0x395fff2f,0.000213620006
2419,0x08048064,0x39400137,0.000183109994
2420,0x08048068,0x39400137,0.000183109994
2421,0x0804806c,0x39400137,0.000183109994
2422,0x08048070,0x39400137,0.000183109994
2423,0x08048074,0x39200091,0.000152590001
2424,0x08048078,0x39200091,0.000152590001
2425,0x0804807c,0x39200091,0.000152590001
2426,0x08048080,0x39200091,0.000152590001
2427,0x08048084,0x39200091,0.000152590001
2428,0x08048088,0x38ffffd5,0.00012207
2429,0x0804808c,0x38ffffd5,0.00012207
2430,0x08048090,0x38ffffd5,0.00012207
2431,0x08048094,0x00000000,0
2432,0x08048098,0x3c2f8020,0.0107116997
2433,0x0804809c,0x3c7dffe0,0.0155028999
2434,0x080480a0,0x3cc73ffb,0.0243225005
2435,0x080480a4,0x3d330008,0.0437012017
2436,0x080480a8,0x3dcf1023,0.101104997
2437,0x080480ac,0x3eb8b806,0.360778987
2438,0x080480b0,0x39a00091,0.000305180001
2439,0x080480b4,0x3ebe3001,0.371459991
2440,0x080480b8,0x3dc00000,0.09375
2441,0x080480bc,0x3d2b7ffb,0.0418700986
2442,0x080480c0,0x3cc17ffd,0.0236205999
2443,0x080480c4,0x3c77ffec,0.0151367001
2444,0x080480c8,0x3c2c8026,0.0105285998
2445,0x080480cc,0x3bfd0006,0.00772095006
2446,0x080480d0,0x3bc20000,0.00592041016
2447,0x080480d4,0x3b990001,0.00466918992
2448,0x080480d8,0x3b780001,0.00378417992
2449,0x080480dc,0x3b4dfffe,0.00314331008
2450,0x080480e0,0x3b2bfff9,0.00262451009
2451,0x080480e4,0x3b11fff2,0.00222777994
2452,0x080480e8,0x3afc0016,0.00192260998
2453,0x080480ec,0x3adc001c,0.00167847006
2454,0x080480f0,0x3abfffe0,0.00146484002
2455,0x080480f4,0x3aac0024,0.00131226005
2456,0x080480f8,0x3a980011,0.00115966995
2457,0x080480fc,0x3a880014,0.00103759998
2458,0x08048100,0x3a780057,0.000946049986
2459,0x08048104,0x3a5fffda,0.000854489976
2460,0x08048108,0x3a480009,0.000762939977
2461,0x0804810c,0x3a37ffb6,0.00070189999
2462,0x08048110,0x3a28000f,0.000640870014
2463,0x08048114,0x3a1fffe5,0.000610349991
2464,0x08048118,0x3a10003e,0.000549320015
2465,0x0804811c,0x3a080014,0.000518799992
2466,0x08048120,0x39efff82,0.000457760005
2467,0x08048124,0x39e00086,0.000427249994
2468,0x08048128,0x39d00033,0.00039673
2469,0x0804812c,0x39d00033,0.00039673
2470,0x08048130,0x39bfffe0,0.000366210006
2471,0x08048134,0x39afff8d,0.000335690012
2472,0x08048138,0x39a00091,0.000305180001
2473,0x0804813c,0x39a00091,0.000305180001
2474,0x08048140,0x3990003e,0.000274660008
2475,0x08048144,0x3990003e,0.000274660008
2476,0x08048148,0x397fffd5,0.000244139999
2477,0x0804814c,0x397fffd5,0.000244139999
2478,0x08048150,0x395fff2f,0.000213620006
2479,0x08048154,0x395fff2f,0.000213620006
2480,0x08048158,0x395fff2f,0.000213620006
2481,0x0804815c,0x39400137,0.000183109994
2482,0x08048160,0x39400137,0.000183109994
2483,0x08048164,0x39400137,0.000183109994
2484,0x08048168,0x39200091,0.000152590001
2485,0x0804816c,0x39200091,0.000152590001
2486,0x08048170,0x39200091,0.000152590001
2487,0x08048174,0x39200091,0.000152590001
2488,0x08048178,0x39200091,0.000152590001
2489,0x0804817c,0x38ffffd5,0.00012207
2490,0x08048180,0x38ffffd5,0.00012207
2491,0x08048184,0x38ffffd5,0.00012207
2492,0x08048188,0x38ffffd5,0.00012207
2493,0x0804818c,0x38ffffd5,0.00012207
2494,0x08048190,0x38bffe88,9.15499986e-05
2495,0x08048194,0x00000000,0
2496,0x08048198,0x3bf1fff8,0.00738525018
2497,0x0804819c,0x3c24ffff,0.0100707998
2498,0x080481a0,0x3c6d7fcb,0.0144958002
2499,0x080481a4,0x3cb97fe9,0.0226440001
2500,0x080481a8,0x3d24ffff,0.0402831994
2501,0x080481ac,0x3db9affd,0.0906677023
2502,0x080481b0,0x3eb9b3f2,0.362700999
2503,0x080481b4,0x00000000,0
2504,0x080481b8,0x3eb9b3f2,0.362700999
2505,0x080481bc,0x3db9affd,0.0906677023
2506,0x080481c0,0x3d24ffff,0.0402831994
2507,0x080481c4,0x3cb97fe9,0.0226440001
2508,0x080481c8,0x3c6d7fcb,0.0144958002
2509,0x080481cc,0x3c24ffff,0.0100707998
2510,0x080481d0,0x3bf1fff8,0.00738525018
2511,0x080481d4,0x3bb8fffc,0.00564575009
2512,0x080481d8,0x3b920008,0.00445557013
2513,0x080481dc,0x3b6bffee,0.00360107003
2514,0x080481e0,0x3b43fff5,0.0029907201
2515,0x080481e4,0x3b23fffa,0.00250244001
2516,0x080481e8,0x3b0bfffe,0.00213623
2517,0x080481ec,0x3aefffd8,0.00183105003
2518,0x080481f0,0x3acfffdd,0.00158690999
2519,0x080481f4,0x3ab8000c,0.00140380999
2520,0x080481f8,0x3aa3fffa,0.00125122
2521,0x080481fc,0x3a8fffe8,0.00109863002
2522,0x08048200,0x3a7fffd5,0.000976559997
2523,0x08048204,0x3a680004,0.000885009998
2524,0x08048208,0x3a500033,0.00079346
2525,0x0804820c,0x3a3fffe0,0.000732420012
2526,0x08048210,0x3a300038,0.000671389978
2527,0x08048214,0x3a1fffe5,0.000610349991
2528,0x08048218,0x3a17ffbc,0.000579830026
2529,0x0804821c,0x3a080014,0.000518799992
2530,0x08048220,0x39ffffd5,0.000488279999
2531,0x08048224,0x39efff82,0.000457760005
2532,0x08048228,0x39e00086,0.000427249994
2533,0x0804822c,0x39d00033,0.00039673
2534,0x08048230,0x39bfffe0,0.000366210006
2535,0x08048234,0x39afff8d,0.000335690012
2536,0x08048238,0x39a00091,0.000305180001
2537,0x0804823c,0x39a00091,0.000305180001
2538,0x08048240,0x3990003e,0.000274660008
2539,0x08048244,0x3990003e,0.000274660008
2540,0x08048248,0x397fffd5,0.000244139999
2541,0x0804824c,0x397fffd5,0.000244139999
2542,0x08048250,0x395fff2f,0.000213620006
2543,0x08048254,0x395fff2f,0.000213620006
2544,0x08048258,0x395fff2f,0.000213620006
2545,0x0804825c,0x39400137,0.000183109994
2546,0x08048260,0x39400137,0.000183109994
2547,0x08048264,0x39400137,0.000183109994
2548,0x08048268,0x39200091,0.000152590001
2549,0x0804826c,0x39200091,0.000152590001
2550,0x08048270,0x39200091,0.000152590001
2551,0x08048274,0x39200091,0.000152590001
2552,0x08048278,0x38ffffd5,0.00012207
2553,0x0804827c,0x38ffffd5,0.00012207
2554,0x08048280,0x38ffffd5,0.00012207
2555,0x08048284,0x38ffffd5,0.00012207
2556,0x08048288,0x38ffffd5,0.00012207
2557,0x0804828c,0x38ffffd5,0.00012207
2558,0x08048290,0x38bffe88,9.15499986e-05
2559,0x08048294,0x00000000,0
2560,0x08048298,0x3f512dfd,0.817107975
2561,0x0804829c,0x3e5127f6,0.204254001
2562,0x080482a0,0x3db9f001,0.0907898024
2563,0x080482a4,0x3d511ffe,0.0510559008
2564,0x080482a8,0x3d05dff9,0.0326843001
2565,0x080482ac,0x3cb9c015,0.0226745997
2566,0x080482b0,0x3c888001,0.0166625995
2567,0x080482b4,0x3c50ffcd,0.0127563002
2568,0x080482b8,0x3bfdfff6,0.00775146019
2569,0x080482bc,0x3a83ffff,0.00100707996
2570,0x080482c0,0x00000000,0
2571,0x080482c4,0x00000000,0
2572,0x080482c8,0x00000000,0
2573,0x080482cc,0x3e0d87f9,0.138214007
2574,0x080482d0,0x3d2a3ff5,0.0415649004
2575,0x080482d4,0x3a480009,0.000762939977
2576,0x080482d8,0x00000000,0
2577,0x080482dc,0x00000000,0
2578,0x080482e0,0x00000000,0
2579,0x080482e4,0x00000000,0
2580,0x080482e8,0x00000000,0
2581,0x080482ec,0x00000000,0
2582,0x080482f0,0x00000000,0
2583,0x080482f4,0x00000000,0
2584,0x080482f8,0x00000000,0
2585,0x080482fc,0x00000000,0
2586,0x08048300,0x00000000,0
2587,0x08048304,0x00000000,0
2588,0x08048308,0x00000000,0
2589,0x0804830c,0x00000000,0
2590,0x08048310,0x00000000,0
2591,0x08048314,0x00000000,0
2592,0x08048318,0x00000000,0
2593,0x0804831c,0x00000000,0
2594,0x08048320,0x00000000,0
2595,0x08048324,0x00000000,0
2596,0x08048328,0x00000000,0
2597,0x0804832c,0x00000000,0
2598,0x08048330,0x00000000,0
2599,0x08048334,0x39ffffd5,0.000488279999
2600,0x08048338,0x39efff82,0.000457760005
2601,0x0804833c,0x39efff82,0.000457760005
2602,0x08048340,0x39e00086,0.000427249994
2603,0x08048344,0x39d00033,0.00039673
2604,0x08048348,0x39d00033,0.00039673
2605,0x0804834c,0x39bfffe0,0.000366210006
2606,0x08048350,0x39bfffe0,0.000366210006
2607,0x08048354,0x39afff8d,0.000335690012
2608,0x08048358,0x39afff8d,0.000335690012
2609,0x0804835c,0x39a00091,0.000305180001
2610,0x08048360,0x39a00091,0.000305180001
2611,0x08048364,0x3990003e,0.000274660008
2612,0x08048368,0x3990003e,0.000274660008
2613,0x0804836c,0x3990003e,0.000274660008
2614,0x08048370,0x397fffd5,0.000244139999
2615,0x08048374,0x397fffd5,0.000244139999
2616,0x08048378,0x397fffd5,0.000244139999
2617,0x0804837c,0x395fff2f,0.000213620006
2618,0x08048380,0x395fff2f,0.000213620006
2619,0x08048384,0x395fff2f,0.000213620006
2620,0x08048388,0x395fff2f,0.000213620006
2621,0x0804838c,0x39400137,0.000183109994
2622,0x08048390,0x39400137,0.000183109994
2623,0x08048394,0x00000000,0
2624,0x08048398,0x3f242203,0.641143978
2625,0x0804839c,0x3e241feb,0.160278007
2626,0x080483a0,0x3d91dffc,0.0712279975
2627,0x080483a4,0x3d242005,0.0400695987
2628,0x080483a8,0x3cd20012,0.0256347992
2629,0x080483ac,0x3c91bfe6,0.0177916996
2630,0x080483b0,0x3c55ffe7,0.0130615002
2631,0x080483b4,0x3c240025,0.0100098001
2632,0x080483b8,0x3bc70004,0.00607299991
2633,0x080483bc,0x3a500033,0.00079346
2634,0x080483c0,0x00000000,0
2635,0x080483c4,0x3e01800a,0.126464993
2636,0x080483c8,0x3e5dc7ef,0.216582999
2637,0x080483cc,0x3dde1006,0.108429
2638,0x080483d0,0x3d058007,0.0325927995
2639,0x080483d4,0x00000000,0
2640,0x080483d8,0x00000000,0
2641,0x080483dc,0x00000000,0
2642,0x080483e0,0x00000000,0
2643,0x080483e4,0x00000000,0
2644,0x080483e8,0x00000000,0
2645,0x080483ec,0x00000000,0
2646,0x080483f0,0x00000000,0
2647,0x080483f4,0x00000000,0
2648,0x080483f8,0x00000000,0
2649,0x080483fc,0x00000000,0
2650,0x08048400,0x00000000,0
2651,0x08048404,0x00000000,0
2652,0x08048408,0x00000000,0
2653,0x0804840c,0x00000000,0
2654,0x08048410,0x00000000,0
2655,0x08048414,0x00000000,0
2656,0x08048418,0x00000000,0
2657,0x0804841c,0x00000000,0
2658,0x08048420,0x00000000,0
2659,0x08048424,0x00000000,0
2660,0x08048428,0x00000000,0
2661,0x0804842c,0x00000000,0
2662,0x08048430,0x00000000,0
2663,0x08048434,0x39bfffe0,0.000366210006
2664,0x08048438,0x39bfffe0,0.000366210006
2665,0x0804843c,0x39afff8d,0.000335690012
2666,0x08048440,0x39afff8d,0.000335690012
2667,0x08048444,0x39a00091,0.000305180001
2668,0x08048448,0x39a00091,0.000305180001
2669,0x0804844c,0x3990003e,0.000274660008
2670,0x08048450,0x3990003e,0.000274660008
2671,0x08048454,0x3990003e,0.000274660008
2672,0x08048458,0x397fffd5,0.000244139999
2673,0x0804845c,0x397fffd5,0.000244139999
2674,0x08048460,0x397fffd5,0.000244139999
2675,0x08048464,0x395fff2f,0.000213620006
2676,0x08048468,0x395fff2f,0.000213620006
2677,0x0804846c,0x395fff2f,0.000213620006
2678,0x08048470,0x39400137,0.000183109994
2679,0x08048474,0x39400137,0.000183109994
2680,0x08048478,0x39400137,0.000183109994
2681,0x0804847c,0x39400137,0.000183109994
2682,0x08048480,0x39400137,0.000183109994
2683,0x08048484,0x39200091,0.000152590001
2684,0x08048488,0x39200091,0.000152590001
2685,0x0804848c,0x39200091,0.000152590001
2686,0x08048490,0x39200091,0.000152590001
2687,0x08048494,0x00000000,0
2688,0x08048498,0x3ed85ff2,0.422607005
2689,0x0804849c,0x3dd86013,0.105651997
2690,0x080484a0,0x3d403ff7,0.0469360016
2691,0x080484a4,0x3cd83ffd,0.0263976995
2692,0x080484a8,0x3c8a3ff5,0.0168762002
2693,0x080484ac,0x3c400036,0.0117188003
2694,0x080484b0,0x3c0d0003,0.00860595983
2695,0x080484b4,0x3bd80007,0.00659180013
2696,0x080484b8,0x3b82fffa,0.00399779994
2697,0x080484bc,0x3d72bff6,0.0592650995
2698,0x080484c0,0x3e9bbc0a,0.304168999
2699,0x080484c4,0x3e65d80e,0.224456996
2700,0x080484c8,0x3e122ff1,0.142761007
2701,0x080484cc,0x3c507fe0,0.0127258003
2702,0x080484d0,0x00000000,0
2703,0x080484d4,0x00000000,0
2704,0x080484d8,0x00000000,0
2705,0x080484dc,0x00000000,0
2706,0x080484e0,0x00000000,0
2707,0x080484e4,0x00000000,0
2708,0x080484e8,0x00000000,0
2709,0x080484ec,0x00000000,0
2710,0x080484f0,0x00000000,0
2711,0x080484f4,0x00000000,0
2712,0x080484f8,0x00000000,0
2713,0x080484fc,0x00000000,0
2714,0x08048500,0x00000000,0
2715,0x08048504,0x00000000,0
2716,0x08048508,0x00000000,0
2717,0x0804850c,0x00000000,0
2718,0x08048510,0x00000000,0
2719,0x08048514,0x00000000,0
2720,0x08048518,0x00000000,0
2721,0x0804851c,0x00000000,0
2722,0x08048520,0x00000000,0
2723,0x08048524,0x00000000,0
2724,0x08048528,0x00000000,0
2725,0x0804852c,0x00000000,0
2726,0x08048530,0x00000000,0
2727,0x08048534,0x397fffd5,0.000244139999
2728,0x08048538,0x397fffd5,0.000244139999
2729,0x0804853c,0x395fff2f,0.000213620006
2730,0x08048540,0x395fff2f,0.000213620006
2731,0x08048544,0x395fff2f,0.000213620006
2732,0x08048548,0x39400137,0.000183109994
2733,0x0804854c,0x39400137,0.000183109994
2734,0x08048550,0x39400137,0.000183109994
2735,0x08048554,0x39400137,0.000183109994
2736,0x08048558,0x39200091,0.000152590001
2737,0x0804855c,0x39200091,0.000152590001
2738,0x08048560,0x39200091,0.000152590001
2739,0x08048564,0x39200091,0.000152590001
2740,0x08048568,0x38ffffd5,0.00012207
2741,0x0804856c,0x38ffffd5,0.00012207
2742,0x08048570,0x38ffffd5,0.00012207
2743,0x08048574,0x38ffffd5,0.00012207
2744,0x08048578,0x38ffffd5,0.00012207
2745,0x0804857c,0x38ffffd5,0.00012207
2746,0x08048580,0x38bffe88,9.15499986e-05
2747,0x08048584,0x38bffe88,9.15499986e-05
2748,0x08048588,0x38bffe88,9.15499986e-05
2749,0x0804858c,0x38bffe88,9.15499986e-05
2750,0x08048590,0x38bffe88,9.15499986e-05
2751,0x08048594,0x00000000,0
2752,0x08048598,0x3e920408,0.285187006
2753,0x0804859c,0x3d920005,0.0712890998
2754,0x080485a0,0x3d01bff4,0.0316772014
2755,0x080485a4,0x3c920012,0.0178222992
2756,0x080485a8,0x3c3a802f,0.0113831004
2757,0x080485ac,0x3c017ffd,0.00790404994
2758,0x080485b0,0x3bbe0000,0.00579833984
2759,0x080485b4,0x3c910003,0.0177002009
2760,0x080485b8,0x3e8e13f5,0.27749601
2761,0x080485bc,0x3e7f8013,0.249512002
2762,0x080485c0,0x3e522ff1,0.205261007
2763,0x080485c4,0x3e1b1fef,0.151489004
2764,0x080485c8,0x00000000,0
2765,0x080485cc,0x00000000,0
2766,0x080485d0,0x00000000,0
2767,0x080485d4,0x00000000,0
2768,0x080485d8,0x00000000,0
2769,0x080485dc,0x00000000,0
2770,0x080485e0,0x00000000,0
2771,0x080485e4,0x00000000,0
2772,0x080485e8,0x00000000,0
2773,0x080485ec,0x00000000,0
2774,0x080485f0,0x00000000,0
2775,0x080485f4,0x00000000,0
2776,0x080485f8,0x00000000,0
2777,0x080485fc,0x00000000,0
2778,0x08048600,0x00000000,0
2779,0x08048604,0x00000000,0
2780,0x08048608,0x00000000,0
2781,0x0804860c,0x00000000,0
2782,0x08048610,0x00000000,0
2783,0x08048614,0x00000000,0
2784,0x08048618,0x00000000,0
2785,0x0804861c,0x00000000,0
2786,0x08048620,0x00000000,0
2787,0x08048624,0x00000000,0
2788,0x08048628,0x00000000,0
2789,0x0804862c,0x00000000,0
2790,0x08048630,0x00000000,0
2791,0x08048634,0x39200091,0.000152590001
2792,0x08048638,0x39200091,0.000152590001
2793,0x0804863c,0x39200091,0.000152590001
2794,0x08048640,0x39200091,0.000152590001
2795,0x08048644,0x38ffffd5,0.00012207
2796,0x08048648,0x38ffffd5,0.00012207
2797,0x0804864c,0x38ffffd5,0.00012207
2798,0x08048650,0x38ffffd5,0.00012207
2799,0x08048654,0x38ffffd5,0.00012207
2800,0x08048658,0x38bffe88,9.15499986e-05
2801,0x0804865c,0x38bffe88,9.15499986e-05
2802,0x08048660,0x38bffe88,9.15499986e-05
2803,0x08048664,0x38bffe88,9.15499986e-05
2804,0x08048668,0x38bffe88,9.15499986e-05
2805,0x0804866c,0x38bffe88,9.15499986e-05
2806,0x08048670,0x38bffe88,9.15499986e-05
2807,0x08048674,0x3880029a,6.1040002e-05
2808,0x08048678,0x3880029a,6.1040002e-05
2809,0x0804867c,0x3880029a,6.1040002e-05
2810,0x08048680,0x3880029a,6.1040002e-05
2811,0x08048684,0x3880029a,6.1040002e-05
2812,0x08048688,0x3880029a,6.1040002e-05
2813,0x0804868c,0x3880029a,6.1040002e-05
2814,0x08048690,0x3880029a,6.1040002e-05
2815,0x08048694,0x00000000,0
2816,0x08048698,0x3e827807,0.254821986
2817,0x0804869c,0x3d827002,0.0636902004
2818,0x080486a0,0x3ce7c003,0.0282898005
2819,0x080486a4,0x3c824016,0.0158996992
2820,0x080486a8,0x3c27001f,0.0101929
2821,0x080486ac,0x3c05ffff,0.00817871001
2822,0x080486b0,0x3e200ffe,0.156311005
2823,0x080486b4,0x3e827807,0.254821986
2824,0x080486b8,0x3e7de00d,0.247924998
2825,0x080486bc,0x3e644806,0.222930998
2826,0x080486c0,0x3cd5000d,0.0260010008
2827,0x080486c4,0x00000000,0
2828,0x080486c8,0x00000000,0
2829,0x080486cc,0x00000000,0
2830,0x080486d0,0x00000000,0
2831,0x080486d4,0x00000000,0
2832,0x080486d8,0x00000000,0
2833,0x080486dc,0x00000000,0
2834,0x080486e0,0x00000000,0
2835,0x080486e4,0x00000000,0
2836,0x080486e8,0x00000000,0
2837,0x080486ec,0x00000000,0
2838,0x080486f0,0x00000000,0
2839,0x080486f4,0x00000000,0
2840,0x080486f8,0x00000000,0
2841,0x080486fc,0x00000000,0
2842,0x08048700,0x00000000,0
2843,0x08048704,0x00000000,0
2844,0x08048708,0x00000000,0
2845,0x0804870c,0x00000000,0
2846,0x08048710,0x00000000,0
2847,0x08048714,0x00000000,0
2848,0x08048718,0x00000000,0
2849,0x0804871c,0x00000000,0
2850,0x08048720,0x00000000,0
2851,0x08048724,0x00000000,0
2852,0x08048728,0x00000000,0
2853,0x0804872c,0x00000000,0
2854,0x08048730,0x00000000,0
2855,0x08048734,0x39200091,0.000152590001
2856,0x08048738,0x38ffffd5,0.00012207
2857,0x0804873c,0x38ffffd5,0.00012207
2858,0x08048740,0x38ffffd5,0.00012207
2859,0x08048744,0x38ffffd5,0.00012207
2860,0x08048748,0x38ffffd5,0.00012207
2861,0x0804874c,0x38bffe88,9.15499986e-05
2862,0x08048750,0x38bffe88,9.15499986e-05
2863,0x08048754,0x38bffe88,9.15499986e-05
2864,0x08048758,0x38bffe88,9.15499986e-05
2865,0x0804875c,0x38bffe88,9.15499986e-05
2866,0x08048760,0x38bffe88,9.15499986e-05
2867,0x08048764,0x38bffe88,9.15499986e-05
2868,0x08048768,0x3880029a,6.1040002e-05
2869,0x0804876c,0x3880029a,6.1040002e-05
2870,0x08048770,0x3880029a,6.1040002e-05
2871,0x08048774,0x3880029a,6.1040002e-05
2872,0x08048778,0x3880029a,6.1040002e-05
2873,0x0804877c,0x3880029a,6.1040002e-05
2874,0x08048780,0x3880029a,6.1040002e-05
2875,0x08048784,0x3880029a,6.1040002e-05
2876,0x08048788,0x3880029a,6.1040002e-05
2877,0x0804878c,0x3880029a,6.1040002e-05
2878,0x08048790,0x3880029a,6.1040002e-05
2879,0x08048794,0x00000000,0
2880,0x08048798,0x3e75781c,0.239715993
2881,0x0804879c,0x3d755ffe,0.0599059984
2882,0x080487a0,0x3cd9fff1,0.0266113002
2883,0x080487a4,0x3c74fff2,0.0149536002
2884,0x080487a8,0x3de7bfe8,0.113159001
2885,0x080487ac,0x3e75781c,0.239715993
2886,0x080487b0,0x3e75781c,0.239715993
2887,0x080487b4,0x3e75781c,0.239715993
2888,0x080487b8,0x3dbcc002,0.0921631008
2889,0x080487bc,0x39a00091,0.000305180001
2890,0x080487c0,0x00000000,0
2891,0x080487c4,0x00000000,0
2892,0x080487c8,0x00000000,0
2893,0x080487cc,0x00000000,0
2894,0x080487d0,0x00000000,0
2895,0x080487d4,0x00000000,0
2896,0x080487d8,0x00000000,0
2897,0x080487dc,0x00000000,0
2898,0x080487e0,0x00000000,0
2899,0x080487e4,0x00000000,0
2900,0x080487e8,0x00000000,0
2901,0x080487ec,0x00000000,0
2902,0x080487f0,0x00000000,0
2903,0x080487f4,0x00000000,0
2904,0x080487f8,0x00000000,0
2905,0x080487fc,0x00000000,0
2906,0x08048800,0x00000000,0
2907,0x08048804,0x00000000,0
2908,0x08048808,0x00000000,0
2909,0x0804880c,0x00000000,0
2910,0x08048810,0x00000000,0
2911,0x08048814,0x00000000,0
2912,0x08048818,0x00000000,0
2913,0x0804881c,0x00000000,0
2914,0x08048820,0x00000000,0
2915,0x08048824,0x00000000,0
2916,0x08048828,0x00000000,0
2917,0x0804882c,0x00000000,0
2918,0x08048830,0x00000000,0
2919,0x08048834,0x38ffffd5,0.00012207
2920,0x08048838,0x38ffffd5,0.00012207
2921,0x0804883c,0x38ffffd5,0.00012207
2922,0x08048840,0x38ffffd5,0.00012207
2923,0x08048844,0x38ffffd5,0.00012207
2924,0x08048848,0x38bffe88,9.15499986e-05
2925,0x0804884c,0x38bffe88,9.15499986e-05
2926,0x08048850,0x38bffe88,9.15499986e-05
2927,0x08048854,0x38bffe88,9.15499986e-05
2928,0x08048858,0x38bffe88,9.15499986e-05
2929,0x0804885c,0x38bffe88,9.15499986e-05
2930,0x08048860,0x38bffe88,9.15499986e-05
2931,0x08048864,0x3880029a,6.1040002e-05
2932,0x08048868,0x3880029a,6.1040002e-05
2933,0x0804886c,0x3880029a,6.1040002e-05
2934,0x08048870,0x3880029a,6.1040002e-05
2935,0x08048874,0x3880029a,6.1040002e-05
2936,0x08048878,0x3880029a,6.1040002e-05
2937,0x0804887c,0x3880029a,6.1040002e-05
2938,0x08048880,0x3880029a,6.1040002e-05
2939,0x08048884,0x3880029a,6.1040002e-05
2940,0x08048888,0x3880029a,6.1040002e-05
2941,0x0804888c,0x3880029a,6.1040002e-05
2942,0x08048890,0x3800029a,3.0520001e-05
2943,0x08048894,0x00000000,0
2944,0x08048898,0x3e6507ea,0.223663002
2945,0x0804889c,0x3d64ffff,0.0559081994
2946,0x080488a0,0x3d8fbffc,0.0701903999
2947,0x080488a4,0x3e6507ea,0.223663002
2948,0x080488a8,0x3e6507ea,0.223663002
2949,0x080488ac,0x3e6507ea,0.223663002
2950,0x080488b0,0x3e60e7ff,0.219634995
2951,0x080488b4,0x3c09fffe,0.0084228497
2952,0x080488b8,0x3b09fff4,0.0021057101
2953,0x080488bc,0x3990003e,0.000274660008
2954,0x080488c0,0x00000000,0
2955,0x080488c4,0x00000000,0
2956,0x080488c8,0x00000000,0
2957,0x080488cc,0x00000000,0
2958,0x080488d0,0x00000000,0
2959,0x080488d4,0x00000000,0
2960,0x080488d8,0x00000000,0
2961,0x080488dc,0x00000000,0
2962,0x080488e0,0x00000000,0
2963,0x080488e4,0x00000000,0
2964,0x080488e8,0x00000000,0
2965,0x080488ec,0x00000000,0
2966,0x080488f0,0x00000000,0
2967,0x080488f4,0x00000000,0
2968,0x080488f8,0x00000000,0
2969,0x080488fc,0x00000000,0
2970,0x08048900,0x00000000,0
2971,0x08048904,0x00000000,0
2972,0x08048908,0x00000000,0
2973,0x0804890c,0x00000000,0
2974,0x08048910,0x00000000,0
2975,0x08048914,0x00000000,0
2976,0x08048918,0x00000000,0
2977,0x0804891c,0x00000000,0
2978,0x08048920,0x00000000,0
2979,0x08048924,0x00000000,0
2980,0x08048928,0x00000000,0
2981,0x0804892c,0x00000000,0
2982,0x08048930,0x00000000,0
2983,0x08048934,0x38ffffd5,0.00012207
2984,0x08048938,0x38ffffd5,0.00012207
2985,0x0804893c,0x38ffffd5,0.00012207
2986,0x08048940,0x38bffe88,9.15499986e-05
2987,0x08048944,0x38bffe88,9.15499986e-05
2988,0x08048948,0x38bffe88,9.15499986e-05
2989,0x0804894c,0x38bffe88,9.15499986e-05
2990,0x08048950,0x38bffe88,9.15499986e-05
2991,0x08048954,0x38bffe88,9.15499986e-05
2992,0x08048958,0x38bffe88,9.15499986e-05
2993,0x0804895c,0x3880029a,6.1040002e-05
2994,0x08048960,0x3880029a,6.1040002e-05
2995,0x08048964,0x3880029a,6.1040002e-05
2996,0x08048968,0x3880029a,6.1040002e-05
2997,0x0804896c,0x3880029a,6.1040002e-05
2998,0x08048970,0x3880029a,6.1040002e-05
2999,0x08048974,0x3880029a,6.1040002e-05
3000,0x08048978,0x3880029a,6.1040002e-05
3001,0x0804897c,0x3880029a,6.1040002e-05
3002,0x08048980,0x3880029a,6.1040002e-05
3003,0x08048984,0x3880029a,6.1040002e-05
3004,0x08048988,0x3800029a,3.0520001e-05
3005,0x0804898c,0x3800029a,3.0520001e-05
3006,0x08048990,0x3800029a,3.0520001e-05
3007,0x08048994,0x00000000,0
3008,0x08048998,0x3e7a4d8a,0.244436413
3009,0x0804899c,0x3e7a4d8a,0.244436413
3010,0x080489a0,0x3e7a4d8a,0.244436413
3011,0x080489a4,0x3e7a4d8a,0.244436413
3012,0x080489a8,0x3e7a4d8a,0.244436413
3013,0x080489ac,0x3d91eae8,0.0712488294
3014,0x080489b0,0x3ba349c7,0.00498316018
3015,0x080489b4,0x3b79d269,0.0038119799
3016,0x080489b8,0x3b180b4f,0.00232000998
3017,0x080489bc,0x399c713a,0.00029838999
3018,0x080489c0,0x00000000,0
3019,0x080489c4,0x00000000,0
3020,0x080489c8,0x00000000,0
3021,0x080489cc,0x00000000,0
3022,0x080489d0,0x00000000,0
3023,0x080489d4,0x00000000,0
3024,0x080489d8,0x00000000,0
3025,0x080489dc,0x00000000,0
3026,0x080489e0,0x00000000,0
3027,0x080489e4,0x00000000,0
3028,0x080489e8,0x00000000,0
3029,0x080489ec,0x00000000,0
3030,0x080489f0,0x00000000,0
3031,0x080489f4,0x00000000,0
3032,0x080489f8,0x00000000,0
3033,0x080489fc,0x00000000,0
3034,0x08048a00,0x00000000,0
3035,0x08048a04,0x00000000,0
3036,0x08048a08,0x00000000,0
3037,0x08048a0c,0x00000000,0
3038,0x08048a10,0x00000000,0
3039,0x08048a14,0x00000000,0
3040,0x08048a18,0x00000000,0
3041,0x08048a1c,0x00000000,0
3042,0x08048a20,0x00000000,0
3043,0x08048a24,0x00000000,0
3044,0x08048a28,0x00000000,0
3045,0x08048a2c,0x00000000,0
3046,0x08048a30,0x00000000,0
3047,0x08048a34,0x3914a00b,0.000141740005
3048,0x08048a38,0x3914a00b,0.000141740005
3049,0x08048a3c,0x390ccd83,0.000134279995
3050,0x08048a40,0x3904fafc,0.000126819999
3051,0x08048a44,0x38fa50e9,0.000119359996
3052,0x08048a48,0x38fa50e9,0.000119359996
3053,0x08048a4c,0x38eaabdb,0.000111900001
3054,0x08048a50,0x38db06cc,0.000104439998
3055,0x08048a54,0x38db06cc,0.000104439998
3056,0x08048a58,0x38cb61be,9.69800021e-05
3057,0x08048a5c,0x38cb61be,9.69800021e-05
3058,0x08048a60,0x38bbbcaf,8.95199992e-05
3059,0x08048a64,0x38bbbcaf,8.95199992e-05
3060,0x08048a68,0x38ac17a1,8.20600035e-05
3061,0x08048a6c,0x38ac17a1,8.20600035e-05
3062,0x08048a70,0x389c7292,7.46000005e-05
3063,0x08048a74,0x389c7292,7.46000005e-05
3064,0x08048a78,0x389c7292,7.46000005e-05
3065,0x08048a7c,0x388ccd83,6.71399976e-05
3066,0x08048a80,0x388ccd83,6.71399976e-05
3067,0x08048a84,0x388ccd83,6.71399976e-05
3068,0x08048a88,0x387a50e9,5.96799982e-05
3069,0x08048a8c,0x387a50e9,5.96799982e-05
3070,0x08048a90,0x387a50e9,5.96799982e-05
3071,0x08048a94,0x00000000,0
3072,0x08048a98,0x3e1b0814,0.151398003
3073,0x08048a9c,0x3ddac040,0.106812
3074,0x08048aa0,0x3dc9affd,0.0984802023
3075,0x08048aa4,0x3dd4a01b,0.103821002
3076,0x08048aa8,0x3de28028,0.110596001
3077,0x08048aac,0x3df9702e,0.121795997
3078,0x08048ab0,0x3de22ff1,0.110443003
3079,0x08048ab4,0x3dce2004,0.100647002
3080,0x08048ab8,0x3dbf3004,0.0933533013
3081,0x08048abc,0x3dae3fff,0.0850830004
3082,0x08048ac0,0x3dad9ffc,0.0847778022
3083,0x08048ac4,0x3d85f004,0.0653991997
3084,0x08048ac8,0x3d27a007,0.0409240983
3085,0x08048acc,0x3cc17ffd,0.0236205999
3086,0x08048ad0,0x3c97c010,0.0185241997
3087,0x08048ad4,0x3d419ff8,0.0472716987
3088,0x08048ad8,0x3d19bffa,0.0375365987
3089,0x08048adc,0x3c748005,0.0149231004
3090,0x08048ae0,0x3c6f7feb,0.0146179004
3091,0x08048ae4,0x3c6a7fd1,0.0143127004
3092,0x08048ae8,0x3d2a600b,0.0415955
3093,0x08048aec,0x3d11800a,0.0355224982
3094,0x08048af0,0x3c5d0021,0.0134888003
3095,0x08048af4,0x3c597fce,0.0132750999
3096,0x08048af8,0x3c557ffa,0.0130310003
3097,0x08048afc,0x3d18c005,0.0372924991
3098,0x08048b00,0x3d0b6000,0.0340270996
3099,0x08048b04,0x3c4c001e,0.0124511998
3100,0x08048b08,0x3c490024,0.0122680999
3101,0x08048b0c,0x3c46002a,0.0120850001
3102,0x08048b10,0x3d0a8006,0.0338134989
3103,0x08048b14,0x3d069ff8,0.0328674018
3104,0x08048b18,0x00000000,0
3105,0x08048b1c,0x00000000,0
3106,0x08048b20,0x00000000,0
3107,0x08048b24,0x00000000,0
3108,0x08048b28,0x00000000,0
3109,0x08048b2c,0x00000000,0
3110,0x08048b30,0x00000000,0
3111,0x08048b34,0x00000000,0
3112,0x08048b38,0x00000000,0
3113,0x08048b3c,0x00000000,0
3114,0x08048b40,0x00000000,0
3115,0x08048b44,0x00000000,0
3116,0x08048b48,0x00000000,0
3117,0x08048b4c,0x00000000,0
3118,0x08048b50,0x00000000,0
3119,0x08048b54,0x00000000,0
3120,0x08048b58,0x00000000,0
3121,0x08048b5c,0x00000000,0
3122,0x08048b60,0x00000000,0
3123,0x08048b64,0x00000000,0
3124,0x08048b68,0x00000000,0
3125,0x08048b6c,0x00000000,0
3126,0x08048b70,0x00000000,0
3127,0x08048b74,0x00000000,0
3128,0x08048b78,0x00000000,0
3129,0x08048b7c,0x00000000,0
3130,0x08048b80,0x00000000,0
3131,0x08048b84,0x00000000,0
3132,0x08048b88,0x00000000,0
3133,0x08048b8c,0x00000000,0
3134,0x08048b90,0x00000000,0
3135,0x08048b94,0x00000000,0
3136,0x08048b98,0x3e127fe5,0.143066004
3137,0x08048b9c,0x3da84ffb,0.0821838006
3138,0x08048ba0,0x3d76c000,0.0602416992
3139,0x08048ba4,0x3d905fff,0.070495598
3140,0x08048ba8,0x3da31005,0.0796203986
3141,0x08048bac,0x3dced02d,0.100983001
3142,0x08048bb0,0x3dcff002,0.101531997
3143,0x08048bb4,0x3dbdfffb,0.0927734002
3144,0x08048bb8,0x3dbbbfff,0.0916747972
3145,0x08048bbc,0x3db39ffd,0.0877074972
3146,0x08048bc0,0x3db18ffb,0.0867004022
3147,0x08048bc4,0x3da86006,0.0822144002
3148,0x08048bc8,0x3d804004,0.0626221001
3149,0x08048bcc,0x3d3a7ff9,0.0455322005
3150,0x08048bd0,0x3cf37ff5,0.0297241006
3151,0x08048bd4,0x3cb8800f,0.0225220006
3152,0x08048bd8,0x3d329ffb,0.0436096005
3153,0x08048bdc,0x3d17200d,0.0368958004
3154,0x08048be0,0x3c7d7ff3,0.0154724
3155,0x08048be4,0x3c77ffec,0.0151367001
3156,0x08048be8,0x3c73802a,0.0148620997
3157,0x08048bec,0x3d0ec007,0.0348511003
3158,0x08048bf0,0x3d1c4007,0.0381469987
3159,0x08048bf4,0x3c854011,0.0162659008
3160,0x08048bf8,0x3c628028,0.0138245001
3161,0x08048bfc,0x3c5e7fe8,0.0135802999
3162,0x08048c00,0x3cbfc009,0.0234069992
3163,0x08048c04,0x3d13a00b,0.0360413007
3164,0x08048c08,0x3ce1c00e,0.0275573991
3165,0x08048c0c,0x3c520012,0.0128173996
3166,0x08048c10,0x3c4f0018,0.0126342997
3167,0x08048c14,0x3c4c800b,0.0124816997
3168,0x08048c18,0x3ccd3fef,0.0250549
3169,0x08048c1c,0x00000000,0
3170,0x08048c20,0x00000000,0
3171,0x08048c24,0x00000000,0
3172,0x08048c28,0x00000000,0
3173,0x08048c2c,0x00000000,0
3174,0x08048c30,0x00000000,0
3175,0x08048c34,0x00000000,0
3176,0x08048c38,0x00000000,0
3177,0x08048c3c,0x00000000,0
3178,0x08048c40,0x00000000,0
3179,0x08048c44,0x00000000,0
3180,0x08048c48,0x00000000,0
3181,0x08048c4c,0x00000000,0
3182,0x08048c50,0x00000000,0
3183,0x08048c54,0x00000000,0
3184,0x08048c58,0x00000000,0
3185,0x08048c5c,0x00000000,0
3186,0x08048c60,0x00000000,0
3187,0x08048c64,0x00000000,0
3188,0x08048c68,0x00000000,0
3189,0x08048c6c,0x00000000,0
3190,0x08048c70,0x00000000,0
3191,0x08048c74,0x00000000,0
3192,0x08048c78,0x00000000,0
3193,0x08048c7c,0x00000000,0
3194,0x08048c80,0x00000000,0
3195,0x08048c84,0x00000000,0
3196,0x08048c88,0x00000000,0
3197,0x08048c8c,0x00000000,0
3198,0x08048c90,0x00000000,0
3199,0x08048c94,0x00000000,0
3200,0x08048c98,0x3e132010,0.143676996
3201,0x08048c9c,0x3dabdffb,0.0839233026
3202,0x08048ca0,0x3d18fffc,0.0373535007
3203,0x08048ca4,0x3d0dbff7,0.0346069001
3204,0x08048ca8,0x3d2b4005,0.0418091007
3205,0x08048cac,0x3d932003,0.0718384013
3206,0x08048cb0,0x3daa6ffb,0.0832213983
3207,0x08048cb4,0x3d9fe005,0.0780640021
3208,0x08048cb8,0x3da2d001,0.0794982985
3209,0x08048cbc,0x3da94ffd,0.0826720968
3210,0x08048cc0,0x3da94000,0.0826416016
3211,0x08048cc4,0x3db1effa,0.0868835002
3212,0x08048cc8,0x3da78ffc,0.0818175972
3213,0x08048ccc,0x3d83e001,0.0643920973
3214,0x08048cd0,0x3d51800a,0.0511474982
3215,0x08048cd4,0x3d163ff8,0.0366820991
3216,0x08048cd8,0x3cbd0006,0.0230713002
3217,0x08048cdc,0x3d2b9ff7,0.0419006012
3218,0x08048ce0,0x3d22c004,0.0397339016
3219,0x08048ce4,0x3c8bbff2,0.0170593001
3220,0x08048ce8,0x3c88ffee,0.0167235993
3221,0x08048cec,0x3c868017,0.0164184999
3222,0x08048cf0,0x3ccb000e,0.0247802995
3223,0x08048cf4,0x3d1c7ffe,0.0382080004
3224,0x08048cf8,0x3d08bff8,0.0333862007
3225,0x08048cfc,0x3c7affe6,0.0153198
3226,0x08048d00,0x3c770012,0.0150757004
3227,0x08048d04,0x3c73802a,0.0148620997
3228,0x08048d08,0x3cdc0011,0.0268555004
3229,0x08048d0c,0x3d105fff,0.035247799
3230,0x08048d10,0x3ce4c009,0.0279236007
3231,0x08048d14,0x3c66000f,0.0140380999
3232,0x08048d18,0x00000000,0
3233,0x08048d1c,0x00000000,0
3234,0x08048d20,0x00000000,0
3235,0x08048d24,0x00000000,0
3236,0x08048d28,0x00000000,0
3237,0x08048d2c,0x00000000,0
3238,0x08048d30,0x00000000,0
3239,0x08048d34,0x00000000,0
3240,0x08048d38,0x00000000,0
3241,0x08048d3c,0x00000000,0
3242,0x08048d40,0x00000000,0
3243,0x08048d44,0x00000000,0
3244,0x08048d48,0x00000000,0
3245,0x08048d4c,0x00000000,0
3246,0x08048d50,0x00000000,0
3247,0x08048d54,0x00000000,0
3248,0x08048d58,0x00000000,0
3249,0x08048d5c,0x00000000,0
3250,0x08048d60,0x00000000,0
3251,0x08048d64,0x00000000,0
3252,0x08048d68,0x00000000,0
3253,0x08048d6c,0x00000000,0
3254,0x08048d70,0x00000000,0
3255,0x08048d74,0x00000000,0
3256,0x08048d78,0x00000000,0
3257,0x08048d7c,0x00000000,0
3258,0x08048d80,0x00000000,0
3259,0x08048d84,0x00000000,0
3260,0x08048d88,0x00000000,0
3261,0x08048d8c,0x00000000,0
3262,0x08048d90,0x00000000,0
3263,0x08048d94,0x00000000,0
3264,0x08048d98,0x3e16601c,0.146851003
3265,0x08048d9c,0x3dbc3ffa,0.0919189006
3266,0x08048da0,0x3d2f600a,0.0428161994
3267,0x08048da4,0x3d1bbfff,0.0380248986
3268,0x08048da8,0x3d0e0008,0.0346679986
3269,0x08048dac,0x3d4d400a,0.0501099005
3270,0x08048db0,0x3d856ffc,0.0651549995
3271,0x08048db4,0x3d76a005,0.0602112003
3272,0x08048db8,0x3d425ff7,0.0474548005
3273,0x08048dbc,0x3d6dbff7,0.0580444001
3274,0x08048dc0,0x3d877fff,0.0661621019
3275,0x08048dc4,0x3d92effc,0.0717467964
3276,0x08048dc8,0x3da64006,0.0811768025
3277,0x08048dcc,0x3da14007,0.0787354037
3278,0x08048dd0,0x3d859005,0.0652161017
3279,0x08048dd4,0x3d5fe005,0.054657001
3280,0x08048dd8,0x3d2d9ffc,0.0423889011
3281,0x08048ddc,0x3cea4010,0.0285950005
3282,0x08048de0,0x3d20dffa,0.0392761007
3283,0x08048de4,0x3d2d6005,0.0423278995
3284,0x08048de8,0x3cfc8019,0.0308228005
3285,0x08048dec,0x3c99fff1,0.0187988002
3286,0x08048df0,0x3c973fed,0.0184630994
3287,0x08048df4,0x3c947fea,0.0181274004
3288,0x08048df8,0x3d022000,0.0317687988
3289,0x08048dfc,0x3d1c9ff9,0.0382384993
3290,0x08048e00,0x3d02dfff,0.0319519006
3291,0x08048e04,0x3c8b7ffb,0.0170287993
3292,0x08048e08,0x3c898011,0.0167846996
3293,0x08048e0c,0x3c877ff1,0.0165404994
3294,0x08048e10,0x3cc8ffee,0.0245360993
3295,0x08048e14,0x3d0dbff7,0.0346069001
3296,0x08048e18,0x3cd13ff9,0.0255431999
3297,0x08048e1c,0x00000000,0
3298,0x08048e20,0x00000000,0
3299,0x08048e24,0x00000000,0
3300,0x08048e28,0x00000000,0
3301,0x08048e2c,0x00000000,0
3302,0x08048e30,0x00000000,0
3303,0x08048e34,0x00000000,0
3304,0x08048e38,0x00000000,0
3305,0x08048e3c,0x00000000,0
3306,0x08048e40,0x00000000,0
3307,0x08048e44,0x00000000,0
3308,0x08048e48,0x00000000,0
3309,0x08048e4c,0x00000000,0
3310,0x08048e50,0x00000000,0
3311,0x08048e54,0x00000000,0
3312,0x08048e58,0x00000000,0
3313,0x08048e5c,0x00000000,0
3314,0x08048e60,0x00000000,0
3315,0x08048e64,0x00000000,0
3316,0x08048e68,0x00000000,0
3317,0x08048e6c,0x00000000,0
3318,0x08048e70,0x00000000,0
3319,0x08048e74,0x00000000,0
3320,0x08048e78,0x00000000,0
3321,0x08048e7c,0x00000000,0
3322,0x08048e80,0x00000000,0
3323,0x08048e84,0x00000000,0
3324,0x08048e88,0x00000000,0
3325,0x08048e8c,0x00000000,0
3326,0x08048e90,0x00000000,0
3327,0x08048e94,0x00000000,0
3328,0x08048e98,0x3e25d80e,0.161956996
3329,0x08048e9c,0x3ddb2032,0.106995001
3330,0x08048ea0,0x3d58e001,0.0529480018
3331,0x08048ea4,0x3d408008,0.0469971001
3332,0x08048ea8,0x3d2fa001,0.042877201
3333,0x08048eac,0x3d22dfff,0.0397644006
3334,0x08048eb0,0x3d89d005,0.067291297
3335,0x08048eb4,0x3d8bdffb,0.0682983026
3336,0x08048eb8,0x3d59dff6,0.0531921014
3337,0x08048ebc,0x3d03dff4,0.0321960002
3338,0x08048ec0,0x3d0dbff7,0.0346069001
3339,0x08048ec4,0x3d311ffe,0.0432434008
3340,0x08048ec8,0x3d62c004,0.0553589016
3341,0x08048ecc,0x3d91b003,0.071136497
3342,0x08048ed0,0x3d95e006,0.073181197
3343,0x08048ed4,0x3d840ffa,0.0644835979
3344,0x08048ed8,0x3d623ffc,0.0552368015
3345,0x08048edc,0x3d3e6008,0.0464783013
3346,0x08048ee0,0x3d10c00c,0.0353394002
3347,0x08048ee4,0x3d143ff3,0.0361937992
3348,0x08048ee8,0x3d3a000c,0.045410201
3349,0x08048eec,0x3d305fff,0.043060299
3350,0x08048ef0,0x3cd0c00c,0.0254822001
3351,0x08048ef4,0x3cb7bff5,0.0224303994
3352,0x08048ef8,0x3cb4bffb,0.0220641997
3353,0x08048efc,0x3cb1c001,0.0216979999
3354,0x08048f00,0x3d0e5ffa,0.0347594991
3355,0x08048f04,0x3d273ffb,0.0408325009
3356,0x08048f08,0x3d16fff7,0.0368652008
3357,0x08048f0c,0x3ca7800c,0.0204467997
3358,0x08048f10,0x3ca53ff6,0.0201721005
3359,0x08048f14,0x3ca3400c,0.0199280009
3360,0x08048f18,0x00000000,0
3361,0x08048f1c,0x00000000,0
3362,0x08048f20,0x00000000,0
3363,0x08048f24,0x00000000,0
3364,0x08048f28,0x00000000,0
3365,0x08048f2c,0x00000000,0
3366,0x08048f30,0x00000000,0
3367,0x08048f34,0x00000000,0
3368,0x08048f38,0x00000000,0
3369,0x08048f3c,0x00000000,0
3370,0x08048f40,0x00000000,0
3371,0x08048f44,0x00000000,0
3372,0x08048f48,0x00000000,0
3373,0x08048f4c,0x00000000,0
3374,0x08048f50,0x00000000,0
3375,0x08048f54,0x00000000,0
3376,0x08048f58,0x00000000,0
3377,0x08048f5c,0x00000000,0
3378,0x08048f60,0x00000000,0
3379,0x08048f64,0x00000000,0
3380,0x08048f68,0x00000000,0
3381,0x08048f6c,0x00000000,0
3382,0x08048f70,0x00000000,0
3383,0x08048f74,0x00000000,0
3384,0x08048f78,0x00000000,0
3385,0x08048f7c,0x00000000,0
3386,0x08048f80,0x00000000,0
3387,0x08048f84,0x00000000,0
3388,0x08048f88,0x00000000,0
3389,0x08048f8c,0x00000000,0
3390,0x08048f90,0x00000000,0
3391,0x08048f94,0x00000000,0
3392,0x08048f98,0x3e3db7f1,0.185271993
3393,0x08048f9c,0x3e032010,0.128051996
3394,0x08048fa0,0x3d8cb004,0.0686950982
3395,0x08048fa4,0x3d79dff6,0.0610046014
3396,0x08048fa8,0x3d63dff4,0.0556335002
3397,0x08048fac,0x3d535ff9,0.0516051985
3398,0x08048fb0,0x3d887004,0.0666199028
3399,0x08048fb4,0x3d9e1006,0.0771789998
3400,0x08048fb8,0x3d960002,0.0732422024
3401,0x08048fbc,0x3d669ff8,0.0563049018
3402,0x08048fc0,0x3d247ff7,0.0401610993
3403,0x08048fc4,0x3d1ebff9,0.0387572981
3404,0x08048fc8,0x3d199fff,0.0375060998
3405,0x08048fcc,0x3d14bffb,0.0363158993
3406,0x08048fd0,0x3d625ff7,0.0552673005
3407,0x08048fd4,0x3d67800c,0.0565185994
3408,0x08048fd8,0x3d438002,0.0477294996
3409,0x08048fdc,0x3c9fbfef,0.0195007008
3410,0x08048fe0,0x3caefffd,0.0213622991
3411,0x08048fe4,0x3cd38010,0.0258179009
3412,0x08048fe8,0x3cf0000d,0.0292968992
3413,0x08048fec,0x3d2d400a,0.0422974005
3414,0x08048ff0,0x3d4cfff8,0.0500487983
3415,0x08048ff4,0x3d473ffb,0.0486450009
3416,0x08048ff8,0x3d1a5ffe,0.0376892015
3417,0x08048ffc,0x3ce6bff3,0.0281677004
3418,0x08049000,0x3ce30015,0.0277100001
3419,0x08049004,0x3cdfbfef,0.0273132008
3420,0x08049008,0x3cdc7ffe,0.0269165002
3421,0x0804900c,0x3d2e3fff,0.0425415002
3422,0x08049010,0x3d37bff5,0.0448607989
3423,0x08049014,0x3d23dff4,0.0400085002
3424,0x08049018,0x00000000,0
3425,0x0804901c,0x00000000,0
3426,0x08049020,0x00000000,0
3427,0x08049024,0x00000000,0
3428,0x08049028,0x00000000,0
3429,0x0804902c,0x00000000,0
3430,0x08049030,0x00000000,0
3431,0x08049034,0x00000000,0
3432,0x08049038,0x00000000,0
3433,0x0804903c,0x00000000,0
3434,0x08049040,0x00000000,0
3435,0x08049044,0x00000000,0
3436,0x08049048,0x00000000,0
3437,0x0804904c,0x00000000,0
3438,0x08049050,0x00000000,0
3439,0x08049054,0x00000000,0
3440,0x08049058,0x00000000,0
3441,0x0804905c,0x00000000,0
3442,0x08049060,0x00000000,0
3443,0x08049064,0x00000000,0
3444,0x08049068,0x00000000,0
3445,0x0804906c,0x00000000,0
3446,0x08049070,0x00000000,0
3447,0x08049074,0x00000000,0
3448,0x08049078,0x00000000,0
3449,0x0804907c,0x00000000,0
3450,0x08049080,0x00000000,0
3451,0x08049084,0x00000000,0
3452,0x08049088,0x00000000,0
3453,0x0804908c,0x00000000,0
3454,0x08049090,0x00000000,0
3455,0x08049094,0x00000000,0
3456,0x08049098,0x3e4857f3,0.195648
3457,0x0804909c,0x3e0ebfec,0.139403999
3458,0x080490a0,0x3db17ffd,0.0866698995
3459,0x080490a4,0x3d93efff,0.0722351
3460,0x080490a8,0x3d86f007,0.0658875033
3461,0x080490ac,0x3d7a4002,0.0610961989
3462,0x080490b0,0x3d6adff8,0.0573424995
3463,0x080490b4,0x3d9bcffd,0.0760802999
3464,0x080490b8,0x3da15004,0.0787658989
3465,0x080490bc,0x3d966001,0.0734253004
3466,0x080490c0,0x3d6efffd,0.0583495982
3467,0x080490c4,0x3d3bfff6,0.0458984002
3468,0x080490c8,0x3d35e006,0.0444030985
3469,0x080490cc,0x3d305fff,0.043060299
3470,0x080490d0,0x3d2b6000,0.0418395996
3471,0x080490d4,0x3d5f5ffd,0.0545349009
3472,0x080490d8,0x3d760002,0.0600586012
3473,0x080490dc,0x3d4abffd,0.0494995005
3474,0x080490e0,0x00000000,0
3475,0x080490e4,0x00000000,0
3476,0x080490e8,0x00000000,0
3477,0x080490ec,0x00000000,0
3478,0x080490f0,0x3cff8013,0.0311890002
3479,0x080490f4,0x3d302009,0.0429993011
3480,0x080490f8,0x3d4ec007,0.0504761003
3481,0x080490fc,0x3d4ffff3,0.0507812016
3482,0x08049100,0x3d3b3ff7,0.0457152985
3483,0x08049104,0x3d047ff7,0.0323485993
3484,0x08049108,0x3d02a008,0.0318908989
3485,0x0804910c,0x3d00bfff,0.0314331017
3486,0x08049110,0x3cfe0016,0.0310059004
3487,0x08049114,0x3d0a600b,0.033783
3488,0x08049118,0x3d133ffe,0.0359496996
3489,0x0804911c,0x00000000,0
3490,0x08049120,0x00000000,0
3491,0x08049124,0x00000000,0
3492,0x08049128,0x00000000,0
3493,0x0804912c,0x00000000,0
3494,0x08049130,0x00000000,0
3495,0x08049134,0x00000000,0
3496,0x08049138,0x00000000,0
3497,0x0804913c,0x00000000,0
3498,0x08049140,0x00000000,0
3499,0x08049144,0x00000000,0
3500,0x08049148,0x00000000,0
3501,0x0804914c,0x00000000,0
3502,0x08049150,0x00000000,0
3503,0x08049154,0x00000000,0
3504,0x08049158,0x00000000,0
3505,0x0804915c,0x00000000,0
3506,0x08049160,0x00000000,0
3507,0x08049164,0x00000000,0
3508,0x08049168,0x00000000,0
3509,0x0804916c,0x00000000,0
3510,0x08049170,0x00000000,0
3511,0x08049174,0x00000000,0
3512,0x08049178,0x00000000,0
3513,0x0804917c,0x00000000,0
3514,0x08049180,0x00000000,0
3515,0x08049184,0x00000000,0
3516,0x08049188,0x00000000,0
3517,0x0804918c,0x00000000,0
3518,0x08049190,0x00000000,0
3519,0x08049194,0x00000000,0
3520,0x08049198,0x3d4ea844,0.0504534394
3521,0x0804919c,0x3d4ea844,0.0504534394
3522,0x080491a0,0x3d4ea844,0.0504534394
3523,0x080491a4,0x3d4ea844,0.0504534394
3524,0x080491a8,0x3d4ea844,0.0504534394
3525,0x080491ac,0x3d4ea844,0.0504534394
3526,0x080491b0,0x3d4ea844,0.0504534394
3527,0x080491b4,0x3d4ea844,0.0504534394
3528,0x080491b8,0x3d4ea844,0.0504534394
3529,0x080491bc,0x3d4ea844,0.0504534394
3530,0x080491c0,0x3d4ea844,0.0504534394
3531,0x080491c4,0x3d4ea844,0.0504534394
3532,0x080491c8,0x3d4ea844,0.0504534394
3533,0x080491cc,0x3d4ea844,0.0504534394
3534,0x080491d0,0x3d4ea844,0.0504534394
3535,0x080491d4,0x3d4ea844,0.0504534394
3536,0x080491d8,0x3d4ea844,0.0504534394
3537,0x080491dc,0x3d4ea844,0.0504534394
3538,0x080491e0,0x3d4ea844,0.0504534394
3539,0x080491e4,0x3d4ea844,0.0504534394
3540,0x080491e8,0x00000000,0
3541,0x080491ec,0x00000000,0
3542,0x080491f0,0x00000000,0
3543,0x080491f4,0x00000000,0
3544,0x080491f8,0x3d4ea844,0.0504534394
3545,0x080491fc,0x3d4ea844,0.0504534394
3546,0x08049200,0x3d4ea844,0.0504534394
3547,0x08049204,0x3d4ea844,0.0504534394
3548,0x08049208,0x3d4ea844,0.0504534394
3549,0x0804920c,0x3d4ea844,0.0504534394
3550,0x08049210,0x3d4ea844,0.0504534394
3551,0x08049214,0x3d4ea844,0.0504534394
3552,0x08049218,0x3d4ea844,0.0504534394
3553,0x0804921c,0x00000000,0
3554,0x08049220,0x00000000,0
3555,0x08049224,0x00000000,0
3556,0x08049228,0x00000000,0
3557,0x0804922c,0x00000000,0
3558,0x08049230,0x00000000,0
3559,0x08049234,0x00000000,0
3560,0x08049238,0x00000000,0
3561,0x0804923c,0x00000000,0
3562,0x08049240,0x00000000,0
3563,0x08049244,0x00000000,0
3564,0x08049248,0x00000000,0
3565,0x0804924c,0x00000000,0
3566,0x08049250,0x00000000,0
3567,0x08049254,0x00000000,0
3568,0x08049258,0x00000000,0
3569,0x0804925c,0x00000000,0
3570,0x08049260,0x00000000,0
3571,0x08049264,0x00000000,0
3572,0x08049268,0x00000000,0
3573,0x0804926c,0x00000000,0
3574,0x08049270,0x00000000,0
3575,0x08049274,0x00000000,0
3576,0x08049278,0x00000000,0
3577,0x0804927c,0x00000000,0
3578,0x08049280,0x00000000,0
3579,0x08049284,0x00000000,0
3580,0x08049288,0x00000000,0
3581,0x0804928c,0x00000000,0
3582,0x08049290,0x00000000,0
3583,0x08049294,0x00000000,0
3584,0x08049298,0x3dda1fd1,0.106505997
3585,0x0804929c,0x3d961ffd,0.0733032003
3586,0x080492a0,0x3d71800a,0.0589599982
3587,0x080492a4,0x3d9eaffc,0.0774841011
3588,0x080492a8,0x3dcc8ffc,0.0998840034
3589,0x080492ac,0x3db4e004,0.0883179009
3590,0x080492b0,0x3d49c008,0.0492554009
3591,0x080492b4,0x3d0e2004,0.0346985012
3592,0x080492b8,0x3d05600c,0.0325623006
3593,0x080492bc,0x3cfbfff6,0.0307617001
3594,0x080492c0,0x3cef3ff4,0.0292052999
3595,0x080492c4,0x3ce48012,0.0278930999
3596,0x080492c8,0x3cdac00a,0.0267028995
3597,0x080492cc,0x3cd24009,0.0256653
3598,0x080492d0,0x3cca7feb,0.0247191992
3599,0x080492d4,0x3cc37fe7,0.0238646995
3600,0x080492d8,0x3cbd3ffc,0.0231017992
3601,0x080492dc,0x3cb77fff,0.0223999005
3602,0x080492e0,0x3cb23fee,0.0217589997
3603,0x080492e4,0x3cb53fe8,0.0221251994
3604,0x080492e8,0x3cd4c016,0.0259705
3605,0x080492ec,0x3d019ff8,0.0316466987
3606,0x080492f0,0x3d19400d,0.0374145992
3607,0x080492f4,0x3d2ca007,0.0421448015
3608,0x080492f8,0x3d38fffc,0.0451660007
3609,0x080492fc,0x3d3ce00b,0.0461121015
3610,0x08049300,0x3d377fff,0.044799801
3611,0x08049304,0x3d297ff6,0.0413817987
3612,0x08049308,0x3d13e001,0.0361022986
3613,0x0804930c,0x3cf2801a,0.0296020992
3614,0x08049310,0x3cbb4012,0.0228576995
3615,0x08049314,0x3c8ffff3,0.0175781008
3616,0x08049318,0x3c844001,0.0161438007
3617,0x0804931c,0x3c824016,0.0158996992
3618,0x08049320,0x3c803ff7,0.0156555008
3619,0x08049324,0x3c7c8019,0.0154114002
3620,0x08049328,0x3c790031,0.0151977995
3621,0x0804932c,0x3c74fff2,0.0149536002
3622,0x08049330,0x3c71fff8,0.0147705004
3623,0x08049334,0x3c6e8010,0.0145568997
3624,0x08049338,0x3c6b8016,0.0143737998
3625,0x0804933c,0x3c68801c,0.0141906999
3626,0x08049340,0x3c658022,0.0140076
3627,0x08049344,0x3c628028,0.0138245001
3628,0x08049348,0x3c60001b,0.0136719001
3629,0x0804934c,0x3c5d0021,0.0134888003
3630,0x08049350,0x3c5a8014,0.0133362003
3631,0x08049354,0x3c580007,0.0131836003
3632,0x08049358,0x3c55ffe7,0.0130615002
3633,0x0804935c,0x3c537fda,0.0129089002
3634,0x08049360,0x3c50ffcd,0.0127563002
3635,0x08049364,0x3c4f0018,0.0126342997
3636,0x08049368,0x3c4cfff8,0.0125121996
3637,0x0804936c,0x3c4affd9,0.0123901004
3638,0x08049370,0x3c490024,0.0122680999
3639,0x08049374,0x3c470004,0.0121459998
3640,0x08049378,0x3c44ffe4,0.0120238997
3641,0x0804937c,0x3c430030,0.0119019002
3642,0x08049380,0x3c417ffd,0.0118102999
3643,0x08049384,0x3c3f7fdd,0.0116881998
3644,0x08049388,0x3c3e0016,0.0115967002
3645,0x0804938c,0x3c3bfff6,0.0114746001
3646,0x08049390,0x3c3a802f,0.0113831004
3647,0x08049394,0x00000000,0
3648,0x08049398,0x3dd84fd3,0.105621003
3649,0x0804939c,0x3d94d006,0.0726623982
3650,0x080493a0,0x3d6f3ff4,0.0584105998
3651,0x080493a4,0x3d4cc002,0.0499878004
3652,0x080493a8,0x3d359ff5,0.044342
3653,0x080493ac,0x3d24a00d,0.0401916988
3654,0x080493b0,0x3d1cbff4,0.0382689983
3655,0x080493b4,0x3da0dffa,0.0785522014
3656,0x080493b8,0x3dcd801b,0.100341998
3657,0x080493bc,0x3d970004,0.0737304986
3658,0x080493c0,0x3cf14014,0.0294495001
3659,0x080493c4,0x3ce27ff2,0.0276488997
3660,0x080493c8,0x3cd90017,0.0264893007
3661,0x080493cc,0x3cd03fe9,0.0254210997
3662,0x080493d0,0x3cc8bff8,0.0245056003
3663,0x080493d4,0x3cc1ffea,0.0236815996
3664,0x080493d8,0x3cc8400b,0.0244446006
3665,0x080493dc,0x3ce90009,0.0284423996
3666,0x080493e0,0x3d0abffd,0.0338745005
3667,0x080493e4,0x3d208008,0.0391846001
3668,0x080493e8,0x3d31c001,0.0433959998
3669,0x080493ec,0x3d3bdffb,0.0458679013
3670,0x080493f0,0x3d3d5ff8,0.0462341011
3671,0x080493f4,0x3d360002,0.0444336012
3672,0x080493f8,0x3d264006,0.0405884013
3673,0x080493fc,0x3d0fa001,0.035064701
3674,0x08049400,0x3ce9bfed,0.0285339002
3675,0x08049404,0x3cb4fff2,0.0220947005
3676,0x08049408,0x3c90c00c,0.0176697001
3677,0x0804940c,0x3c89fffe,0.0168456994
3678,0x08049410,0x3c87bfe8,0.0165710002
3679,0x08049414,0x3c858007,0.0162963998
3680,0x08049418,0x3c833ff1,0.0160217006
3681,0x0804941c,0x3c810010,0.0157471001
3682,0x08049420,0x3c7dffe0,0.0155028999
3683,0x08049424,0x3c7a7ff9,0.0152893001
3684,0x08049428,0x3c768024,0.0150451995
3685,0x0804942c,0x3c72ffd2,0.0148315001
3686,0x08049430,0x3c6f7feb,0.0146179004
3687,0x08049434,0x3c6c7ff0,0.0144347996
3688,0x08049438,0x3c697ff6,0.0142516997
3689,0x0804943c,0x3c667ffc,0.0140685998
3690,0x08049440,0x3c638002,0.0138854999
3691,0x08049444,0x3c608008,0.0137024
3692,0x08049448,0x3c5dfffb,0.0135498
3693,0x0804944c,0x3c5b7fee,0.0133972
3694,0x08049450,0x3c58ffe1,0.0132446
3695,0x08049454,0x3c567fd4,0.013092
3696,0x08049458,0x3c540032,0.0129394997
3697,0x0804945c,0x3c518025,0.0127868997
3698,0x08049460,0x3c4f8005,0.0126647996
3699,0x08049464,0x3c4d7fe6,0.0125427004
3700,0x08049468,0x3c4affd9,0.0123901004
3701,0x0804946c,0x3c490024,0.0122680999
3702,0x08049470,0x3c470004,0.0121459998
3703,0x08049474,0x3c44ffe4,0.0120238997
3704,0x08049478,0x3c43801d,0.0119324001
3705,0x0804947c,0x3c417ffd,0.0118102999
3706,0x08049480,0x3c3f7fdd,0.0116881998
3707,0x08049484,0x3c3e0016,0.0115967002
3708,0x08049488,0x3c3c7fe3,0.0115050999
3709,0x0804948c,0x3c3a802f,0.0113831004
3710,0x08049490,0x3c38fffc,0.0112915002
3711,0x08049494,0x00000000,0
3712,0x08049498,0x3dd71002,0.105011001
3713,0x0804949c,0x3d93fffd,0.0722656026
3714,0x080494a0,0x3d6de00d,0.0580749996
3715,0x080494a4,0x3d4b9ff7,0.0497131012
3716,0x080494a8,0x3d34a000,0.0440979004
3717,0x080494ac,0x3d239ffd,0.0399474986
3718,0x080494b0,0x3d16a005,0.0367737003
3719,0x080494b4,0x3d0c1fff,0.0342102014
3720,0x080494b8,0x3d038002,0.0321044996
3721,0x080494bc,0x3cf8800f,0.0303345006
3722,0x080494c0,0x3d0cfff8,0.0344237983
3723,0x080494c4,0x3db4f002,0.0883484036
3724,0x080494c8,0x3dcc1001,0.0996399
3725,0x080494cc,0x3d5a4002,0.0532836989
3726,0x080494d0,0x3d00600d,0.0313416012
3727,0x080494d4,0x3d152008,0.0364075005
3728,0x080494d8,0x3d28dff3,0.0412291996
3729,0x080494dc,0x3d37bff5,0.0448607989
3730,0x080494e0,0x3d3f7ff8,0.0467528999
3731,0x080494e4,0x3d3ebff9,0.0465697981
3732,0x080494e8,0x3d354003,0.0442504995
3733,0x080494ec,0x3d24000a,0.0400390998
3734,0x080494f0,0x3d0c800b,0.0343017988
3735,0x080494f4,0x3ce38002,0.0277709998
3736,0x080494f8,0x3cb23fee,0.0217589997
3737,0x080494fc,0x3c954003,0.0182189997
3738,0x08049500,0x3c913ff9,0.0177306999
3739,0x08049504,0x3c8e7ff6,0.0173950009
3740,0x08049508,0x3c8bbff2,0.0170593001
3741,0x0804950c,0x3c89401b,0.0167542007
3742,0x08049510,0x3c870004,0.0164794996
3743,0x08049514,0x3c84bfee,0.0162048005
3744,0x08049518,0x3c82800d,0.0159302
3745,0x0804951c,0x3c803ff7,0.0156555008
3746,0x08049520,0x3c7c8019,0.0154114002
3747,0x08049524,0x3c790031,0.0151977995
3748,0x08049528,0x3c757fdf,0.0149841001
3749,0x0804952c,0x3c71fff8,0.0147705004
3750,0x08049530,0x3c6e8010,0.0145568997
3751,0x08049534,0x3c6b0029,0.0143432999
3752,0x08049538,0x3c68002f,0.0141602
3753,0x0804953c,0x3c650035,0.0139771001
3754,0x08049540,0x3c61ffcf,0.0137938997
3755,0x08049544,0x3c5f802e,0.0136414003
3756,0x08049548,0x3c5c8034,0.0134583004
3757,0x0804954c,0x3c5a0027,0.0133057004
3758,0x08049550,0x3c57801a,0.0131531004
3759,0x08049554,0x3c55000d,0.0130005004
3760,0x08049558,0x3c52ffed,0.0128784003
3761,0x0804955c,0x3c507fe0,0.0127258003
3762,0x08049560,0x3c4e802b,0.0126037998
3763,0x08049564,0x3c4c001e,0.0124511998
3764,0x08049568,0x3c49fffe,0.0123290997
3765,0x0804956c,0x3c47ffde,0.0122069996
3766,0x08049570,0x3c46002a,0.0120850001
3767,0x08049574,0x3c44000a,0.0119628999
3768,0x08049578,0x3c41ffea,0.0118407998
3769,0x0804957c,0x3c408023,0.0117493002
3770,0x08049580,0x3c3e8003,0.0116272001
3771,0x08049584,0x3c3cffd0,0.0115355998
3772,0x08049588,0x3c3b001c,0.0114136003
3773,0x0804958c,0x3c397fe9,0.0113220001
3774,0x08049590,0x3c380022,0.0112305004
3775,0x08049594,0x00000000,0
3776,0x08049598,0x3dddd00f,0.108306997
3777,0x0804959c,0x3d989ffd,0.0745239034
3778,0x080495a0,0x3d754003,0.0598754995
3779,0x080495a4,0x3d51fff8,0.0512695014
3780,0x080495a8,0x3d3a4002,0.0454711989
3781,0x080495ac,0x3d28bff8,0.0411987007
3782,0x080495b0,0x3d1b3ff7,0.0379027985
3783,0x080495b4,0x3d107ffb,0.0352783017
3784,0x080495b8,0x3d07a007,0.0331115983
3785,0x080495bc,0x3d00dffa,0.0314636007
3786,0x080495c0,0x3d053ff6,0.032531701
3787,0x080495c4,0x3d13fffd,0.0361328013
3788,0x080495c8,0x3d271fff,0.0408019982
3789,0x080495cc,0x3d38e001,0.0451355018
3790,0x080495d0,0x3d6ea00c,0.0582581013
3791,0x080495d4,0x3dddd00f,0.108306997
3792,0x080495d8,0x3dd6d00b,0.104888998
3793,0x080495dc,0x3d431ff5,0.0476378985
3794,0x080495e0,0x3d286006,0.0411072001
3795,0x080495e4,0x3d0f3ff4,0.0349730998
3796,0x080495e8,0x3ce83ff0,0.0283508003
3797,0x080495ec,0x3cb93ff2,0.0226134993
3798,0x080495f0,0x3ca38002,0.0199584998
3799,0x080495f4,0x3c9fbfef,0.0195007008
3800,0x080495f8,0x3c9c4007,0.0190734994
3801,0x080495fc,0x3c990017,0.0186768007
3802,0x08049600,0x3c95ffe7,0.0183105003
3803,0x08049604,0x3c92ffed,0.0179443005
3804,0x08049608,0x3c903fe9,0.0176085997
3805,0x0804960c,0x3c8d7fe6,0.0172729008
3806,0x08049610,0x3c8b4005,0.0169983003
3807,0x08049614,0x3c88bff8,0.0166931003
3808,0x08049618,0x3c868017,0.0164184999
3809,0x0804961c,0x3c844001,0.0161438007
3810,0x08049620,0x3c824016,0.0158996992
3811,0x08049624,0x3c803ff7,0.0156555008
3812,0x08049628,0x3c7d0006,0.0154419001
3813,0x0804962c,0x3c79801f,0.0152283004
3814,0x08049630,0x3c75ffcc,0.0150146
3815,0x08049634,0x3c727fe5,0.0148010002
3816,0x08049638,0x3c6f7feb,0.0146179004
3817,0x0804963c,0x3c6c0003,0.0144042997
3818,0x08049640,0x3c690009,0.0142211998
3819,0x08049644,0x3c667ffc,0.0140685998
3820,0x08049648,0x3c638002,0.0138854999
3821,0x0804964c,0x3c60fff5,0.0137328999
3822,0x08049650,0x3c5e7fe8,0.0135802999
3823,0x08049654,0x3c5bffdb,0.0134276999
3824,0x08049658,0x3c597fce,0.0132750999
3825,0x0804965c,0x3c57002c,0.0131225996
3826,0x08049660,0x3c54801f,0.0129699996
3827,0x08049664,0x3c528000,0.0128479004
3828,0x08049668,0x3c507fe0,0.0127258003
3829,0x0804966c,0x3c4dffd3,0.0125732003
3830,0x08049670,0x3c4c001e,0.0124511998
3831,0x08049674,0x3c49fffe,0.0123290997
3832,0x08049678,0x3c487fcc,0.0122375004
3833,0x0804967c,0x3c468017,0.0121154999
3834,0x08049680,0x3c447ff7,0.0119933998
3835,0x08049684,0x3c430030,0.0119019002
3836,0x08049688,0x3c410010,0.0117798001
3837,0x0804968c,0x3c3f7fdd,0.0116881998
3838,0x08049690,0x3c3e0016,0.0115967002
3839,0x08049694,0x00000000,0
3840,0x08049698,0x3ddb2340,0.107000828
3841,0x0804969c,0x3d96cba7,0.0736306235
3842,0x080496a0,0x3d7259dd,0.0591677316
3843,0x080496a4,0x3d4f8564,0.0506643206
3844,0x080496a8,0x3d37fe64,0.0449203402
3845,0x080496ac,0x3d26c412,0.040714331
3846,0x080496b0,0x3d1b3228,0.0378896296
3847,0x080496b4,0x3d1c0d67,0.038098719
3848,0x080496b8,0x3d26dc15,0.0407372303
3849,0x080496bc,0x3d35e832,0.0444108918
3850,0x080496c0,0x3d43fa71,0.0478462614
3851,0x080496c4,0x3d4d499d,0.0501190312
3852,0x080496c8,0x3d4f8c3d,0.050670851
3853,0x080496cc,0x3d49b08b,0.0492406301
3854,0x080496d0,0x3d3bcada,0.0458477512
3855,0x080496d4,0x3d26fad3,0.0407665484
3856,0x080496d8,0x3d0d8da7,0.0345589183
3857,0x080496dc,0x3ce6c7f6,0.0281715207
3858,0x080496e0,0x3d556491,0.0520978607
3859,0x080496e4,0x3ddb2340,0.107000828
3860,0x080496e8,0x3d902e69,0.0704010203
3861,0x080496ec,0x3ca5822b,0.0202036705
3862,0x080496f0,0x3ca1937e,0.0197236501
3863,0x080496f4,0x3c9de93f,0.0192762595
3864,0x080496f8,0x3c9a7cb9,0.0188583005
3865,0x080496fc,0x3c974003,0.0184631404
3866,0x08049700,0x3c94334e,0.0180908702
3867,0x08049704,0x3c914fa9,0.0177381802
3868,0x08049708,0x3c8e9c10,0.0174084008
3869,0x0804970c,0x3c8c03d4,0.0170916691
3870,0x08049710,0x3c898db3,0.0167912003
3871,0x08049714,0x3c8739e6,0.0165071003
3872,0x08049718,0x3c85017c,0.0162360594
3873,0x0804971c,0x3c82ddb6,0.0159748606
3874,0x08049720,0x3c80d553,0.0157267209
3875,0x08049724,0x3c7dd030,0.0154915303
3876,0x08049728,0x3c7a117f,0.0152629605
3877,0x0804972c,0x3c767bb2,0.0150441397
3878,0x08049730,0x3c730f2c,0.0148351602
3879,0x08049734,0x3c6fcbf6,0.0146360304
3880,0x08049738,0x3c6c962b,0.0144400997
3881,0x0804973c,0x3c698946,0.0142539199
3882,0x08049740,0x3c669825,0.01407436
3883,0x08049744,0x3c63c1fc,0.0139012299
3884,0x08049748,0x3c6107a2,0.01373473
3885,0x0804974c,0x3c5e5abf,0.0135714402
3886,0x08049750,0x3c5bc93f,0.01341468
3887,0x08049754,0x3c595323,0.0132644502
3888,0x08049758,0x3c56eae9,0.0131175304
3889,0x0804975c,0x3c549e12,0.01297714
3890,0x08049760,0x3c52513b,0.0128367497
3891,0x08049764,0x3c501f52,0.0127027798
3892,0x08049768,0x3c4e0943,0.0125754504
3893,0x0804976c,0x3c4bf328,0.0124481097
3894,0x08049770,0x3c49ea90,0.0123239905
3895,0x08049774,0x3c47fdc6,0.0122065004
3896,0x08049778,0x3c461086,0.0120889004
3897,0x0804977c,0x3c443ea9,0.01197783
3898,0x08049780,0x3c426d43,0.0118668703
3899,0x08049784,0x3c40a948,0.0117591098
3900,0x08049788,0x3c3ef2cf,0.0116545698
3901,0x0804978c,0x3c3d4a38,0.0115533397
3902,0x08049790,0x3c3baf99,0.01145544
3903,0x08049794,0x00000000,0
3904,0x08049798,0x3de22fb7,0.110442571
3905,0x0804979c,0x3d9ba55c,0.0759989917
3906,0x080497a0,0x3d7a3020,0.0610810518
3907,0x080497a4,0x3d5b7143,0.0535748117
3908,0x080497a8,0x3d512bc4,0.0510671288
3909,0x080497ac,0x3d536146,0.0516064391
3910,0x080497b0,0x3d5ae061,0.0534366407
3911,0x080497b4,0x3d61d5ab,0.0551354103
3912,0x080497b8,0x3d6443b2,0.0557286218
3913,0x080497bc,0x3d5fe6d0,0.0546634793
3914,0x080497c0,0x3d53e781,0.0517344512
3915,0x080497c4,0x3d40ba62,0.0470527485
3916,0x080497c8,0x3d280b29,0.0410262682
3917,0x080497cc,0x3d0cf874,0.0344166309
3918,0x080497d0,0x3ce9188d,0.0284540895
3919,0x080497d4,0x3ccbbebb,0.0248712208
3920,0x080497d8,0x3cc45159,0.0239645708
3921,0x080497dc,0x3cbe5a7e,0.0232365094
3922,0x080497e0,0x3cb8e30b,0.0225692
3923,0x080497e4,0x3cb3d570,0.0219523609
3924,0x080497e8,0x3caf2af6,0.0213827901
3925,0x080497ec,0x3caad506,0.0208535306
3926,0x080497f0,0x3cecfd39,0.0289293397
3927,0x080497f4,0x3de22fb7,0.110442571
3928,0x080497f8,0x3d92cf74,0.0716847479
3929,0x080497fc,0x3c9c1d72,0.0190570094
3930,0x08049800,0x3c98f7a3,0.0186727699
3931,0x08049804,0x3c95fc36,0.0183087401
3932,0x08049808,0x3c93325c,0.0179683492
3933,0x0804980c,0x3c9084c3,0.0176414307
3934,0x08049810,0x3c8dfa5f,0.0173313003
3935,0x08049814,0x3c8b9367,0.0170380604
3936,0x08049818,0x3c8948b4,0.0167583004
3937,0x0804981c,0x3c87134f,0.0164886992
3938,0x08049820,0x3c84fa30,0.0162325799
3939,0x08049824,0x3c82fd15,0.0159898195
3940,0x08049828,0x3c810e58,0.0157539099
3941,0x0804982c,0x3c7e6952,0.01552804
3942,0x08049830,0x3c7ae09c,0.0153123401
3943,0x08049834,0x3c778283,0.0151068
3944,0x08049838,0x3c743257,0.0149045801
3945,0x0804983c,0x3c710c47,0.0147123998
3946,0x08049840,0x3c6e02f3,0.0145270703
3947,0x08049844,0x3c6b156d,0.01434837
3948,0x08049848,0x3c6844a2,0.0141765196
3949,0x0804984c,0x3c6581ba,0.01400798
3950,0x08049850,0x3c62db0c,0.0138461702
3951,0x08049854,0x3c6050ad,0.0136911096
3952,0x08049858,0x3c5dd49c,0.0135394596
3953,0x0804985c,0x3c5b74db,0.0133945597
3954,0x08049860,0x3c59150f,0.0132496497
3955,0x08049864,0x3c56d112,0.0131113697
3956,0x08049868,0x3c54a9d0,0.0129799396
3957,0x0804986c,0x3c52828f,0.0128485104
3958,0x08049870,0x3c506939,0.0127203995
3959,0x08049874,0x3c4e6c95,0.0125991302
3960,0x08049878,0x3c4c6f7a,0.01247775
3961,0x0804987c,0x3c4a8e9a,0.0123631004
3962,0x08049880,0x3c48ae3a,0.0122485701
3963,0x08049884,0x3c46dbbc,0.0121373497
3964,0x08049888,0x3c45172c,0.0120294504
3965,0x0804988c,0x3c4360e8,0.0119249597
3966,0x08049890,0x3c41b913,0.0118239103
3967,0x08049894,0x00000000,0
3968,0x08049898,0x3ded4863,0.115860723
3969,0x0804989c,0x3dab646d,0.0836876407
3970,0x080498a0,0x3d948f4c,0.0725389421
3971,0x080498a4,0x3d8bf31e,0.068334803
3972,0x080498a8,0x3d880dba,0.0664324313
3973,0x080498ac,0x3d845c46,0.0646291226
3974,0x080498b0,0x3d7d3502,0.0618181303
3975,0x080498b4,0x3d6baec8,0.0575397313
3976,0x080498b8,0x3d54384e,0.0518115088
3977,0x080498bc,0x3d387fce,0.045043759
3978,0x080498c0,0x3d1be8fa,0.0380639806
3979,0x080498c4,0x3d03cf58,0.0321801603
3980,0x080498c8,0x3cee03a9,0.0290544797
3981,0x080498cc,0x3ce4afd8,0.0279158801
3982,0x080498d0,0x3cdc50f9,0.0268940795
3983,0x080498d4,0x3cd4c8e0,0.0259746909
3984,0x080498d8,0x3ccdf2e8,0.0251402408
3985,0x080498dc,0x3cc7b124,0.0243764594
3986,0x080498e0,0x3cc1f508,0.0236764103
3987,0x080498e4,0x3cbca7f7,0.0230293106
3988,0x080498e8,0x3cb7c2e5,0.0224318001
3989,0x080498ec,0x3cb3367e,0.0218765698
3990,0x080498f0,0x3caef47a,0.0213568099
3991,0x080498f4,0x3caafc8e,0.0208723806
3992,0x080498f8,0x3ca74772,0.02041981
3993,0x080498fc,0x3ca3c618,0.0199919194
3994,0x08049900,0x3d3f989a,0.0467763916
3995,0x08049904,0x3ded4863,0.115860723
3996,0x08049908,0x3cb59dfc,0.0221700594
3997,0x0804990c,0x3c979bc3,0.0185068902
3998,0x08049910,0x3c94f174,0.0181815401
3999,0x08049914,0x3c926c54,0.0178739205
4000,0x08049918,0x3c9004db,0.0175804403
4001,0x0804991c,0x3c8db3bd,0.01729762
4002,0x08049920,0x3c8b8041,0.0170289297
4003,0x08049924,0x3c896a2c,0.0167742595
4004,0x08049928,0x3c876326,0.0165267698
4005,0x0804992c,0x3c857240,0.0162898302
4006,0x08049930,0x3c8397af,0.0160635393
4007,0x08049934,0x3c81d37f,0.0158479195
4008,0x08049938,0x3c801696,0.0156357698
4009,0x0804993c,0x3c7cdf9a,0.0154341701
4010,0x08049940,0x3c79b025,0.01523975
4011,0x08049944,0x3c769dd7,0.0150522804
4012,0x08049948,0x3c73a9b0,0.0148719996
4013,0x0804994c,0x3c70c418,0.0146951899
4014,0x08049950,0x3c6dfc27,0.0145254498
4015,0x08049954,0x3c6b51d3,0.0143627701
4016,0x08049958,0x3c68b698,0.01420369
4017,0x0804995c,0x3c663905,0.0140516805
4018,0x08049960,0x3c63bb66,0.0138996597
4019,0x08049964,0x3c615af9,0.0137545997
4020,0x08049968,0x3c5f18aa,0.0136167202
4021,0x0804996c,0x3c5cd65a,0.0134788398
4022,0x08049970,0x3c5aa2a3,0.0133444397
4023,0x08049974,0x3c588d0a,0.0132172201
4024,0x08049978,0x3c5676fa,0.0130898897
4025,0x0804997c,0x3c547e87,0.0129696196
4026,0x08049980,0x3c528695,0.0128494697
4027,0x08049984,0x3c509d31,0.0127327899
4028,0x08049988,0x3c4ec266,0.0126195904
4029,0x0804998c,0x3c4cf6b3,0.0125099896
4030,0x08049990,0x3c4b3a05,0.0124039697
4031,0x08049994,0x00000000,0
4032,0x08049998,0x3dfb455d,0.122690894
4033,0x0804999c,0x3dc7d8c4,0.0975814164
4034,0x080499a0,0x3dadc817,0.0848542973
4035,0x080499a4,0x3d9d70b1,0.076875098
4036,0x080499a8,0x3d8ed8e1,0.0697496012
4037,0x080499ac,0x3d7f0175,0.0622572489
4038,0x080499b0,0x3d5e4acf,0.0542705618
4039,0x080499b4,0x3d3dcf16,0.0463400707
4040,0x080499b8,0x3d22184b,0.0395739488
4041,0x080499bc,0x3d11452f,0.0354663692
4042,0x080499c0,0x3d09e4cb,0.0336654596
4043,0x080499c4,0x3d039318,0.0321227014
4044,0x080499c8,0x3cfc0baf,0.0307672899
4045,0x080499cc,0x3cf22b1b,0.0295615699
4046,0x080499d0,0x3ce94de7,0.0284795295
4047,0x080499d4,0x3ce15423,0.0275059398
4048,0x080499d8,0x3cda1702,0.0266222991
4049,0x080499dc,0x3cd376d0,0.0258134902
4050,0x080499e0,0x3ccd6427,0.0250721704
4051,0x080499e4,0x3cc7c714,0.02438692
4052,0x080499e8,0x3cc29820,0.0237541795
4053,0x080499ec,0x3cbdc71b,0.0231662299
4054,0x080499f0,0x3cb944d0,0.0226158202
4055,0x080499f4,0x3cb51104,0.0221028402
4056,0x080499f8,0x3cb123f4,0.0216235891
4057,0x080499fc,0x3cad6db7,0.0211704802
4058,0x08049a00,0x3ca9ee86,0.0207436197
4059,0x08049a04,0x3ca69e70,0.0203392208
4060,0x08049a08,0x3ca3856b,0.0199610796
4061,0x08049a0c,0x3ca08bc6,0.0195978992
4062,0x08049a10,0x3dfb455d,0.122690894
4063,0x08049a14,0x3d608bf4,0.0548209697
4064,0x08049a18,0x3c988253,0.0186168309
4065,0x08049a1c,0x3c960e3f,0.0183173399
4066,0x08049a20,0x3c93b98b,0.0180328097
4067,0x08049a24,0x3c9183f6,0.0177631192
4068,0x08049a28,0x3c8f5e5d,0.0175010506
4069,0x08049a2c,0x3c8d502a,0.0172501393
4070,0x08049a30,0x3c8b59a5,0.0170105193
4071,0x08049a34,0x3c897ac8,0.0167821795
4072,0x08049a38,0x3c87a3a8,0.0165575296
4073,0x08049a3c,0x3c85e3f0,0.0163440406
4074,0x08049a40,0x3c84342d,0.0161381606
4075,0x08049a44,0x3c8293d9,0.0159396399
4076,0x08049a48,0x3c810376,0.0157487206
4077,0x08049a4c,0x3c7ef59f,0.0155614903
4078,0x08049a50,0x3c7c03b2,0.0153817404
4079,0x08049a54,0x3c79312f,0.0152094802
4080,0x08049a58,0x3c766e9c,0.0150410198
4081,0x08049a5c,0x3c73cb69,0.0148800397
4082,0x08049a60,0x3c712841,0.0147190699
4083,0x08049a64,0x3c6ea3f8,0.0145654604
4084,0x08049a68,0x3c6c3f8f,0.0144194504
4085,0x08049a6c,0x3c69db26,0.0142734405
4086,0x08049a70,0x3c678637,0.0141311204
4087,0x08049a74,0x3c655128,0.0139963999
4088,0x08049a78,0x3c631b99,0.0138615603
4089,0x08049a7c,0x3c610569,0.0137342
4090,0x08049a80,0x3c5eefba,0.01360696
4091,0x08049a84,0x3c5ce985,0.0134834098
4092,0x08049a88,0x3c5af2c0,0.0133635402
4093,0x08049a8c,0x3c590beb,0.0132474704
4094,0x08049a90,0x3c573506,0.0131352004
4095,0x08049a94,0x00000000,0
