index,address,bits,value
0,0x0803a674,0x00000000,0
1,0x0803a678,0x3a490fd9,0.000766990299
2,0x0803a67c,0x3ac90fd5,0.00153398013
3,0x0803a680,0x3b16cbdb,0.00230096909
4,0x0803a684,0x3b490fc6,0.00306795677
5,0x0803a688,0x3b7b53a9,0.00383494259
6,0x0803a68c,0x3b96cbc1,0.00460192608
7,0x0803a690,0x3bafeda8,0.005368907
8,0x0803a694,0x3bc90f88,0.00613588467
9,0x0803a698,0x3be23160,0.00690285861
10,0x0803a69c,0x3bfb5330,0.00766982883
11,0x0803a6a0,0x3c0a3a7b,0.00843679439
12,0x0803a6a4,0x3c16cb58,0.00920375437
13,0x0803a6a8,0x3c235c30,0.00997070968
14,0x0803a6ac,0x3c2fed02,0.0107376594
15,0x0803a6b0,0x3c3c7dcc,0.0115046017
16,0x0803a6b4,0x3c490e90,0.0122715384
17,0x0803a6b8,0x3c559f4c,0.0130384676
18,0x0803a6bc,0x3c622fff,0.0138053885
19,0x0803a6c0,0x3c6ec0aa,0.0145723019
20,0x0803a6c4,0x3c7b514b,0.015339206
21,0x0803a6c8,0x3c83f0f2,0.0161061026
22,0x0803a6cc,0x3c8a3938,0.0168729872
23,0x0803a6d0,0x3c90817a,0.0176398642
24,0x0803a6d4,0x3c96c9b6,0.0184067301
25,0x0803a6d8,0x3c9d11ec,0.0191735849
26,0x0803a6dc,0x3ca35a1c,0.0199404284
27,0x0803a6e0,0x3ca9a246,0.0207072608
28,0x0803a6e4,0x3cafea69,0.0214740802
29,0x0803a6e8,0x3cb63286,0.0222408883
30,0x0803a6ec,0x3cbc7a9b,0.0230076816
31,0x0803a6f0,0x3cc2c2a9,0.0237744618
32,0x0803a6f4,0x3cc90ab0,0.024541229
33,0x0803a6f8,0x3ccf52af,0.0253079813
34,0x0803a6fc,0x3cd59aa6,0.0260747187
35,0x0803a700,0x3cdbe294,0.0268414393
36,0x0803a704,0x3ce22a7a,0.027608145
37,0x0803a708,0x3ce87258,0.0283748358
38,0x0803a70c,0x3ceeba2c,0.029141508
39,0x0803a710,0x3cf501f8,0.0299081653
40,0x0803a714,0x3cfb49ba,0.030674804
41,0x0803a718,0x3d00c8b9,0.031441424
42,0x0803a71c,0x3d03ec90,0.0322080255
43,0x0803a720,0x3d071062,0.0329746082
44,0x0803a724,0x3d0a342f,0.0337411724
45,0x0803a728,0x3d0d57f6,0.0345077142
46,0x0803a72c,0x3d107bb8,0.0352742374
47,0x0803a730,0x3d139f75,0.036040742
48,0x0803a734,0x3d16c32c,0.0368072242
49,0x0803a738,0x3d19e6dd,0.037573684
50,0x0803a73c,0x3d1d0a88,0.0383401215
51,0x0803a740,0x3d202e2d,0.0391065367
52,0x0803a744,0x3d2351cb,0.0398729257
53,0x0803a748,0x3d267564,0.0406392962
54,0x0803a74c,0x3d2998f6,0.0414056405
55,0x0803a750,0x3d2cbc82,0.0421719626
56,0x0803a754,0x3d2fe007,0.0429382585
57,0x0803a758,0x3d330385,0.0437045284
58,0x0803a75c,0x3d3626fc,0.0444707721
59,0x0803a760,0x3d394a6c,0.0452369899
60,0x0803a764,0x3d3c6dd5,0.0460031815
61,0x0803a768,0x3d3f9137,0.046769347
62,0x0803a76c,0x3d42b491,0.0475354828
63,0x0803a770,0x3d45d7e4,0.0483015925
64,0x0803a774,0x3d48fb30,0.0490676761
65,0x0803a778,0x3d4c1e73,0.0498337261
66,0x0803a77c,0x3d4f41af,0.0505997501
67,0x0803a780,0x3d5264e2,0.0513657406
68,0x0803a784,0x3d55880e,0.052131705
69,0x0803a788,0x3d58ab31,0.0528976358
70,0x0803a78c,0x3d5bce4c,0.0536635369
71,0x0803a790,0x3d5ef15f,0.0544294082
72,0x0803a794,0x3d621469,0.0551952459
73,0x0803a798,0x3d65376a,0.0559610501
74,0x0803a79c,0x3d685a62,0.0567268208
75,0x0803a7a0,0x3d6b7d51,0.0574925579
76,0x0803a7a4,0x3d6ea038,0.0582582653
77,0x0803a7a8,0x3d71c315,0.0590239353
78,0x0803a7ac,0x3d74e5e9,0.0597895719
79,0x0803a7b0,0x3d7808b3,0.0605551712
80,0x0803a7b4,0x3d7b2b74,0.061320737
81,0x0803a7b8,0x3d7e4e2b,0.0620862655
82,0x0803a7bc,0x3d80b86c,0.0628517568
83,0x0803a7c0,0x3d8249be,0.0636172146
84,0x0803a7c4,0x3d83db0a,0.0643826276
85,0x0803a7c8,0x3d856c52,0.0651480108
86,0x0803a7cc,0x3d86fd94,0.0659133494
87,0x0803a7d0,0x3d888ed2,0.0666786581
88,0x0803a7d4,0x3d8a200a,0.0674439222
89,0x0803a7d8,0x3d8bb13c,0.0682091415
90,0x0803a7dc,0x3d8d426a,0.068974331
91,0x0803a7e0,0x3d8ed391,0.0697394684
92,0x0803a7e4,0x3d9064b4,0.070504576
93,0x0803a7e8,0x3d91f5d0,0.0712696314
94,0x0803a7ec,0x3d9386e7,0.0720346496
95,0x0803a7f0,0x3d9517f9,0.0727996305
96,0x0803a7f4,0x3d96a905,0.0735645667
97,0x0803a7f8,0x3d983a0a,0.0743294507
98,0x0803a7fc,0x3d99cb0a,0.0750942975
99,0x0803a800,0x3d9b5c05,0.0758591071
100,0x0803a804,0x3d9cecf9,0.0766238645
101,0x0803a808,0x3d9e7de7,0.0773885772
102,0x0803a80c,0x3da00ecf,0.0781532452
103,0x0803a810,0x3da19fb0,0.078917861
104,0x0803a814,0x3da3308c,0.0796824396
105,0x0803a818,0x3da4c161,0.080446966
106,0x0803a81c,0x3da65230,0.0812114477
107,0x0803a820,0x3da7e2f8,0.0819758773
108,0x0803a824,0x3da973ba,0.0827402622
109,0x0803a828,0x3dab0476,0.0835046023
110,0x0803a82c,0x3dac952b,0.0842688903
111,0x0803a830,0x3dae25d9,0.0850331262
112,0x0803a834,0x3dafb680,0.0857973099
113,0x0803a838,0x3db14721,0.0865614489
114,0x0803a83c,0x3db2d7bb,0.0873255357
115,0x0803a840,0x3db4684e,0.0880895704
116,0x0803a844,0x3db5f8da,0.0888535529
117,0x0803a848,0x3db7895f,0.0896174833
118,0x0803a84c,0x3db919dd,0.0903813615
119,0x0803a850,0x3dbaaa54,0.0911451876
120,0x0803a854,0x3dbc3ac3,0.0919089541
121,0x0803a858,0x3dbdcb2c,0.0926726758
122,0x0803a85c,0x3dbf5b8d,0.093436338
123,0x0803a860,0x3dc0ebe6,0.0941999406
124,0x0803a864,0x3dc27c39,0.0949634984
125,0x0803a868,0x3dc40c83,0.0957269892
126,0x0803a86c,0x3dc59cc6,0.0964904279
127,0x0803a870,0x3dc72d02,0.0972538143
128,0x0803a874,0x3dc8bd36,0.0980171412
129,0x0803a878,0x3dca4d62,0.0987804085
130,0x0803a87c,0x3dcbdd86,0.0995436162
131,0x0803a880,0x3dcd6da3,0.100306772
132,0x0803a884,0x3dcefdb7,0.10106986
133,0x0803a888,0x3dd08dc4,0.101832896
134,0x0803a88c,0x3dd21dc8,0.102595866
135,0x0803a890,0x3dd3adc5,0.103358783
136,0x0803a894,0x3dd53db9,0.104121633
137,0x0803a898,0x3dd6cda5,0.104884423
138,0x0803a89c,0x3dd85d89,0.105647154
139,0x0803a8a0,0x3dd9ed64,0.106409818
140,0x0803a8a4,0x3ddb7d37,0.107172422
141,0x0803a8a8,0x3ddd0d02,0.107934967
142,0x0803a8ac,0x3dde9cc4,0.108697444
143,0x0803a8b0,0x3de02c7d,0.109459855
144,0x0803a8b4,0x3de1bc2e,0.110222206
145,0x0803a8b8,0x3de34bd6,0.110984489
146,0x0803a8bc,0x3de4db76,0.111746714
147,0x0803a8c0,0x3de66b0c,0.112508863
148,0x0803a8c4,0x3de7fa9a,0.113270953
149,0x0803a8c8,0x3de98a1f,0.114032976
150,0x0803a8cc,0x3deb199a,0.114794925
151,0x0803a8d0,0x3deca90d,0.115556814
152,0x0803a8d4,0x3dee3876,0.116318628
153,0x0803a8d8,0x3defc7d7,0.117080383
154,0x0803a8dc,0x3df1572e,0.117842063
155,0x0803a8e0,0x3df2e67c,0.118603677
156,0x0803a8e4,0x3df475c0,0.119365215
157,0x0803a8e8,0x3df604fb,0.120126687
158,0x0803a8ec,0x3df7942c,0.120888084
159,0x0803a8f0,0x3df92354,0.121649414
160,0x0803a8f4,0x3dfab273,0.122410677
161,0x0803a8f8,0x3dfc4187,0.123171858
162,0x0803a8fc,0x3dfdd092,0.123932973
163,0x0803a900,0x3dff5f94,0.12469402
164,0x0803a904,0x3e007745,0.125454977
165,0x0803a908,0x3e013ebc,0.126215875
166,0x0803a90c,0x3e02062e,0.126976699
167,0x0803a910,0x3e02cd9b,0.127737448
168,0x0803a914,0x3e039502,0.128498107
169,0x0803a918,0x3e045c65,0.129258707
170,0x0803a91c,0x3e0523c2,0.130019218
171,0x0803a920,0x3e05eb1b,0.130779669
172,0x0803a924,0x3e06b26e,0.13154003
173,0x0803a928,0x3e0779bc,0.132300317
174,0x0803a92c,0x3e084105,0.13306053
175,0x0803a930,0x3e090848,0.133820653
176,0x0803a934,0x3e09cf86,0.134580702
177,0x0803a938,0x3e0a96bf,0.135340676
178,0x0803a93c,0x3e0b5df3,0.136100575
179,0x0803a940,0x3e0c2521,0.136860386
180,0x0803a944,0x3e0cec4a,0.137620121
181,0x0803a948,0x3e0db36d,0.138379768
182,0x0803a94c,0x3e0e7a8b,0.139139339
183,0x0803a950,0x3e0f41a4,0.139898837
184,0x0803a954,0x3e1008b7,0.140658244
185,0x0803a958,0x3e10cfc4,0.141417563
186,0x0803a95c,0x3e1196cc,0.142176807
187,0x0803a960,0x3e125dce,0.142935961
188,0x0803a964,0x3e1324ca,0.143695027
189,0x0803a968,0x3e13ebc1,0.144454017
190,0x0803a96c,0x3e14b2b2,0.145212919
191,0x0803a970,0x3e15799e,0.145971745
192,0x0803a974,0x3e164083,0.146730468
193,0x0803a978,0x3e170763,0.147489116
194,0x0803a97c,0x3e17ce3d,0.148247674
195,0x0803a980,0x3e189511,0.149006143
196,0x0803a984,0x3e195be0,0.149764538
197,0x0803a988,0x3e1a22a8,0.150522828
198,0x0803a98c,0x3e1ae96b,0.151281044
199,0x0803a990,0x3e1bb027,0.152039155
200,0x0803a994,0x3e1c76de,0.152797192
201,0x0803a998,0x3e1d3d8e,0.153555125
202,0x0803a99c,0x3e1e0438,0.154312968
203,0x0803a9a0,0x3e1ecadd,0.155070737
204,0x0803a9a4,0x3e1f917b,0.155828401
205,0x0803a9a8,0x3e205813,0.156585976
206,0x0803a9ac,0x3e211ea5,0.157343462
207,0x0803a9b0,0x3e21e530,0.158100843
208,0x0803a9b4,0x3e22abb6,0.15885815
209,0x0803a9b8,0x3e237235,0.159615353
210,0x0803a9bc,0x3e2438ad,0.160372451
211,0x0803a9c0,0x3e24ff20,0.161129475
212,0x0803a9c4,0x3e25c58c,0.161886394
213,0x0803a9c8,0x3e268bf2,0.162643224
214,0x0803a9cc,0x3e275251,0.16339995
215,0x0803a9d0,0x3e2818aa,0.164156586
216,0x0803a9d4,0x3e28defc,0.164913118
217,0x0803a9d8,0x3e29a548,0.16566956
218,0x0803a9dc,0x3e2a6b8d,0.166425899
219,0x0803a9e0,0x3e2b31cc,0.167182148
220,0x0803a9e4,0x3e2bf804,0.167938292
221,0x0803a9e8,0x3e2cbe36,0.168694347
222,0x0803a9ec,0x3e2d8461,0.169450298
223,0x0803a9f0,0x3e2e4a85,0.170206144
224,0x0803a9f4,0x3e2f10a2,0.170961887
225,0x0803a9f8,0x3e2fd6b9,0.171717539
226,0x0803a9fc,0x3e309cc9,0.172473088
227,0x0803aa00,0x3e3162d2,0.173228532
228,0x0803aa04,0x3e3228d4,0.173983872
229,0x0803aa08,0x3e32eecf,0.174739107
230,0x0803aa0c,0x3e33b4c4,0.175494254
231,0x0803aa10,0x3e347ab2,0.176249295
232,0x0803aa14,0x3e354098,0.177004218
233,0x0803aa18,0x3e360678,0.177759051
234,0x0803aa1c,0x3e36cc50,0.178513765
235,0x0803aa20,0x3e379222,0.17926839
236,0x0803aa24,0x3e3857ec,0.180022895
237,0x0803aa28,0x3e391db0,0.180777311
238,0x0803aa2c,0x3e39e36c,0.181531608
239,0x0803aa30,0x3e3aa921,0.182285801
240,0x0803aa34,0x3e3b6ecf,0.183039889
241,0x0803aa38,0x3e3c3476,0.183793873
242,0x0803aa3c,0x3e3cfa15,0.184547737
243,0x0803aa40,0x3e3dbfad,0.185301498
244,0x0803aa44,0x3e3e853e,0.186055154
245,0x0803aa48,0x3e3f4ac7,0.18680869
246,0x0803aa4c,0x3e401049,0.187562123
247,0x0803aa50,0x3e40d5c4,0.188315451
248,0x0803aa54,0x3e419b37,0.18906866
249,0x0803aa58,0x3e4260a3,0.189821765
250,0x0803aa5c,0x3e432607,0.19057475
251,0x0803aa60,0x3e43eb64,0.191327631
252,0x0803aa64,0x3e44b0b9,0.192080393
253,0x0803aa68,0x3e457607,0.192833051
254,0x0803aa6c,0x3e463b4d,0.19358559
255,0x0803aa70,0x3e47008b,0.194338009
256,0x0803aa74,0x3e47c5c2,0.195090324
257,0x0803aa78,0x3e488af1,0.195842519
258,0x0803aa7c,0x3e495018,0.196594596
259,0x0803aa80,0x3e4a1538,0.197346568
260,0x0803aa84,0x3e4ada4f,0.198098406
261,0x0803aa88,0x3e4b9f5f,0.19885014
262,0x0803aa8c,0x3e4c6467,0.199601755
263,0x0803aa90,0x3e4d2967,0.20035325
264,0x0803aa94,0x3e4dee60,0.201104641
265,0x0803aa98,0x3e4eb350,0.201855898
266,0x0803aa9c,0x3e4f7838,0.202607036
267,0x0803aaa0,0x3e503d19,0.203358069
268,0x0803aaa4,0x3e5101f1,0.204108968
269,0x0803aaa8,0x3e51c6c1,0.204859748
270,0x0803aaac,0x3e528b89,0.205610409
271,0x0803aab0,0x3e535049,0.206360951
272,0x0803aab4,0x3e541501,0.207111374
273,0x0803aab8,0x3e54d9b1,0.207861677
274,0x0803aabc,0x3e559e58,0.208611846
275,0x0803aac0,0x3e5662f8,0.209361911
276,0x0803aac4,0x3e57278f,0.210111842
277,0x0803aac8,0x3e57ec1d,0.210861638
278,0x0803aacc,0x3e58b0a4,0.211611331
279,0x0803aad0,0x3e597522,0.212360889
280,0x0803aad4,0x3e5a3997,0.213110313
281,0x0803aad8,0x3e5afe05,0.213859633
282,0x0803aadc,0x3e5bc26a,0.214608818
283,0x0803aae0,0x3e5c86c6,0.21535787
284,0x0803aae4,0x3e5d4b1a,0.216106802
285,0x0803aae8,0x3e5e0f65,0.2168556
286,0x0803aaec,0x3e5ed3a8,0.21760428
287,0x0803aaf0,0x3e5f97e2,0.218352824
288,0x0803aaf4,0x3e605c13,0.219101235
289,0x0803aaf8,0x3e61203c,0.219849527
290,0x0803aafc,0x3e61e45c,0.220597684
291,0x0803ab00,0x3e62a874,0.221345723
292,0x0803ab04,0x3e636c83,0.222093627
293,0x0803ab08,0x3e643089,0.222841397
294,0x0803ab0c,0x3e64f486,0.223589033
295,0x0803ab10,0x3e65b87a,0.224336535
296,0x0803ab14,0x3e667c66,0.225083917
297,0x0803ab18,0x3e674048,0.225831151
298,0x0803ab1c,0x3e680422,0.226578265
299,0x0803ab20,0x3e68c7f3,0.227325246
300,0x0803ab24,0x3e698bba,0.228072077
301,0x0803ab28,0x3e6a4f79,0.228818789
302,0x0803ab2c,0x3e6b132f,0.229565367
303,0x0803ab30,0x3e6bd6dc,0.230311811
304,0x0803ab34,0x3e6c9a7f,0.231058106
305,0x0803ab38,0x3e6d5e1a,0.231804281
306,0x0803ab3c,0x3e6e21ab,0.232550308
307,0x0803ab40,0x3e6ee533,0.233296201
308,0x0803ab44,0x3e6fa8b2,0.234041959
309,0x0803ab48,0x3e706c28,0.234787583
310,0x0803ab4c,0x3e712f94,0.235533059
311,0x0803ab50,0x3e71f2f7,0.2362784
312,0x0803ab54,0x3e72b651,0.237023607
313,0x0803ab58,0x3e7379a1,0.237768665
314,0x0803ab5c,0x3e743ce8,0.238513589
315,0x0803ab60,0x3e750026,0.239258379
316,0x0803ab64,0x3e75c35a,0.24000302
317,0x0803ab68,0x3e768685,0.240747526
318,0x0803ab6c,0x3e7749a6,0.241491884
319,0x0803ab70,0x3e780cbe,0.242236108
320,0x0803ab74,0x3e78cfcc,0.242980182
321,0x0803ab78,0x3e7992d0,0.243724108
322,0x0803ab7c,0x3e7a55cb,0.244467899
323,0x0803ab80,0x3e7b18bc,0.245211542
324,0x0803ab84,0x3e7bdba4,0.24595505
325,0x0803ab88,0x3e7c9e82,0.246698409
326,0x0803ab8c,0x3e7d6156,0.24744162
327,0x0803ab90,0x3e7e2420,0.248184681
328,0x0803ab94,0x3e7ee6e1,0.248927608
329,0x0803ab98,0x3e7fa998,0.249670386
330,0x0803ab9c,0x3e803622,0.250413001
331,0x0803aba0,0x3e809774,0.251155496
332,0x0803aba4,0x3e80f8c0,0.251897812
333,0x0803aba8,0x3e815a08,0.252640009
334,0x0803abac,0x3e81bb4a,0.253382027
335,0x0803abb0,0x3e821c88,0.254123926
336,0x0803abb4,0x3e827dc0,0.254865646
337,0x0803abb8,0x3e82def4,0.255607247
338,0x0803abbc,0x3e834022,0.25634867
339,0x0803abc0,0x3e83a14c,0.257089972
340,0x0803abc4,0x3e840270,0.257831097
341,0x0803abc8,0x3e84638f,0.258572072
342,0x0803abcc,0x3e84c4aa,0.259312928
343,0x0803abd0,0x3e8525bf,0.260053605
344,0x0803abd4,0x3e8586ce,0.260794103
345,0x0803abd8,0x3e85e7d9,0.261534482
346,0x0803abdc,0x3e8648df,0.262274712
347,0x0803abe0,0x3e86a9df,0.263014764
348,0x0803abe4,0x3e870ada,0.263754666
349,0x0803abe8,0x3e876bd0,0.264494419
350,0x0803abec,0x3e87ccc1,0.265234023
351,0x0803abf0,0x3e882dad,0.265973479
352,0x0803abf4,0x3e888e93,0.266712755
353,0x0803abf8,0x3e88ef74,0.267451882
354,0x0803abfc,0x3e895050,0.268190861
355,0x0803ac00,0x3e89b126,0.26892966
356,0x0803ac04,0x3e8a11f7,0.269668311
357,0x0803ac08,0x3e8a72c3,0.270406812
358,0x0803ac0c,0x3e8ad38a,0.271145165
359,0x0803ac10,0x3e8b344b,0.271883339
360,0x0803ac14,0x3e8b9507,0.272621363
361,0x0803ac18,0x3e8bf5bd,0.273359209
362,0x0803ac1c,0x3e8c566e,0.274096906
363,0x0803ac20,0x3e8cb71a,0.274834454
364,0x0803ac24,0x3e8d17c0,0.275571823
365,0x0803ac28,0x3e8d7861,0.276309043
366,0x0803ac2c,0x3e8dd8fc,0.277046084
367,0x0803ac30,0x3e8e3992,0.277782977
368,0x0803ac34,0x3e8e9a22,0.27851969
369,0x0803ac38,0x3e8efaad,0.279256254
370,0x0803ac3c,0x3e8f5b32,0.27999264
371,0x0803ac40,0x3e8fbbb2,0.280728877
372,0x0803ac44,0x3e901c2c,0.281464934
373,0x0803ac48,0x3e907ca1,0.282200843
374,0x0803ac4c,0x3e90dd10,0.282936573
375,0x0803ac50,0x3e913d79,0.283672124
376,0x0803ac54,0x3e919ddd,0.284407526
377,0x0803ac58,0x3e91fe3c,0.285142779
378,0x0803ac5c,0x3e925e94,0.285877824
379,0x0803ac60,0x3e92bee7,0.286612719
380,0x0803ac64,0x3e931f35,0.287347466
381,0x0803ac68,0x3e937f7d,0.288082033
382,0x0803ac6c,0x3e93dfbf,0.288816422
383,0x0803ac70,0x3e943ffb,0.289550632
384,0x0803ac74,0x3e94a031,0.290284663
385,0x0803ac78,0x3e950062,0.291018546
386,0x0803ac7c,0x3e95608d,0.291752249
387,0x0803ac80,0x3e95c0b3,0.292485803
388,0x0803ac84,0x3e9620d2,0.293219149
389,0x0803ac88,0x3e9680ec,0.293952346
390,0x0803ac8c,0x3e96e100,0.294685364
391,0x0803ac90,0x3e97410e,0.295418203
392,0x0803ac94,0x3e97a117,0.296150893
393,0x0803ac98,0x3e980119,0.296883374
394,0x0803ac9c,0x3e986116,0.297615707
395,0x0803aca0,0x3e98c10d,0.298347861
396,0x0803aca4,0x3e9920fe,0.299079835
397,0x0803aca8,0x3e9980e9,0.299811631
398,0x0803acac,0x3e99e0ce,0.300543249
399,0x0803acb0,0x3e9a40ad,0.301274687
400,0x0803acb4,0x3e9aa086,0.302005947
401,0x0803acb8,0x3e9b0059,0.302737027
402,0x0803acbc,0x3e9b6027,0.303467959
403,0x0803acc0,0x3e9bbfee,0.304198682
404,0x0803acc4,0x3e9c1faf,0.304929227
405,0x0803acc8,0x3e9c7f6a,0.305659592
406,0x0803accc,0x3e9cdf20,0.306389809
407,0x0803acd0,0x3e9d3ecf,0.307119817
408,0x0803acd4,0x3e9d9e78,0.307849646
409,0x0803acd8,0x3e9dfe1b,0.308579296
410,0x0803acdc,0x3e9e5db8,0.309308767
411,0x0803ace0,0x3e9ebd4f,0.31003806
412,0x0803ace4,0x3e9f1cdf,0.310767144
413,0x0803ace8,0x3e9f7c6a,0.311496079
414,0x0803acec,0x3e9fdbee,0.312224805
415,0x0803acf0,0x3ea03b6d,0.312953383
416,0x0803acf4,0x3ea09ae5,0.313681751
417,0x0803acf8,0x3ea0fa57,0.314409941
418,0x0803acfc,0x3ea159c2,0.315137923
419,0x0803ad00,0x3ea1b928,0.315865755
420,0x0803ad04,0x3ea21887,0.316593379
421,0x0803ad08,0x3ea277e0,0.317320824
422,0x0803ad0c,0x3ea2d733,0.31804809
423,0x0803ad10,0x3ea3367f,0.318775147
424,0x0803ad14,0x3ea395c5,0.319502026
425,0x0803ad18,0x3ea3f505,0.320228726
426,0x0803ad1c,0x3ea4543f,0.320955247
427,0x0803ad20,0x3ea4b372,0.321681559
428,0x0803ad24,0x3ea5129f,0.322407693
429,0x0803ad28,0x3ea571c5,0.323133618
430,0x0803ad2c,0x3ea5d0e5,0.323859364
431,0x0803ad30,0x3ea62fff,0.324584931
432,0x0803ad34,0x3ea68f12,0.32531029
433,0x0803ad38,0x3ea6ee1f,0.32603547
434,0x0803ad3c,0x3ea74d25,0.326760441
435,0x0803ad40,0x3ea7ac25,0.327485234
436,0x0803ad44,0x3ea80b1f,0.328209847
437,0x0803ad48,0x3ea86a12,0.328934252
438,0x0803ad4c,0x3ea8c8fe,0.329658449
439,0x0803ad50,0x3ea927e5,0.330382496
440,0x0803ad54,0x3ea986c4,0.331106305
441,0x0803ad58,0x3ea9e59d,0.331829935
442,0x0803ad5c,0x3eaa446f,0.332553357
443,0x0803ad60,0x3eaaa33b,0.3332766
444,0x0803ad64,0x3eab0201,0.333999664
445,0x0803ad68,0x3eab60bf,0.334722489
446,0x0803ad6c,0x3eabbf77,0.335445136
447,0x0803ad70,0x3eac1e29,0.336167604
448,0x0803ad74,0x3eac7cd4,0.336889863
449,0x0803ad78,0x3eacdb78,0.337611914
450,0x0803ad7c,0x3ead3a15,0.338333756
451,0x0803ad80,0x3ead98ac,0.339055419
452,0x0803ad84,0x3eadf73c,0.339776874
453,0x0803ad88,0x3eae55c6,0.340498149
454,0x0803ad8c,0x3eaeb449,0.341219217
455,0x0803ad90,0x3eaf12c5,0.341940075
456,0x0803ad94,0x3eaf713a,0.342660725
457,0x0803ad98,0x3eafcfa8,0.343381166
458,0x0803ad9c,0x3eb02e10,0.344101429
459,0x0803ada0,0x3eb08c71,0.344821483
460,0x0803ada4,0x3eb0eacb,0.345541328
461,0x0803ada8,0x3eb1491e,0.346260965
462,0x0803adac,0x3eb1a76b,0.346980423
463,0x0803adb0,0x3eb205b0,0.347699642
464,0x0803adb4,0x3eb263ef,0.348418683
465,0x0803adb8,0x3eb2c227,0.349137515
466,0x0803adbc,0x3eb32058,0.349856138
467,0x0803adc0,0x3eb37e82,0.350574553
468,0x0803adc4,0x3eb3dca5,0.351292759
469,0x0803adc8,0x3eb43ac1,0.352010757
470,0x0803adcc,0x3eb498d6,0.352728546
471,0x0803add0,0x3eb4f6e5,0.353446156
472,0x0803add4,0x3eb554ec,0.354163527
473,0x0803add8,0x3eb5b2ec,0.354880691
474,0x0803addc,0x3eb610e6,0.355597675
475,0x0803ade0,0x3eb66ed8,0.356314421
476,0x0803ade4,0x3eb6ccc3,0.357030958
477,0x0803ade8,0x3eb72aa7,0.357747287
478,0x0803adec,0x3eb78884,0.358463407
479,0x0803adf0,0x3eb7e65b,0.359179348
480,0x0803adf4,0x3eb8442a,0.359895051
481,0x0803adf8,0x3eb8a1f1,0.360610515
482,0x0803adfc,0x3eb8ffb2,0.3613258
483,0x0803ae00,0x3eb95d6c,0.362040877
484,0x0803ae04,0x3eb9bb1e,0.362755716
485,0x0803ae08,0x3eba18ca,0.363470376
486,0x0803ae0c,0x3eba766e,0.364184797
487,0x0803ae10,0x3ebad40b,0.364899009
488,0x0803ae14,0x3ebb31a0,0.365612984
489,0x0803ae18,0x3ebb8f2f,0.366326779
490,0x0803ae1c,0x3ebbecb6,0.367040336
491,0x0803ae20,0x3ebc4a36,0.367753685
492,0x0803ae24,0x3ebca7af,0.368466824
493,0x0803ae28,0x3ebd0521,0.369179755
494,0x0803ae2c,0x3ebd628b,0.369892448
495,0x0803ae30,0x3ebdbfee,0.370604932
496,0x0803ae34,0x3ebe1d4a,0.371317208
497,0x0803ae38,0x3ebe7a9e,0.372029245
498,0x0803ae3c,0x3ebed7eb,0.372741073
499,0x0803ae40,0x3ebf3530,0.373452663
500,0x0803ae44,0x3ebf926f,0.374164075
501,0x0803ae48,0x3ebfefa5,0.374875218
502,0x0803ae4c,0x3ec04cd5,0.375586182
503,0x0803ae50,0x3ec0a9fd,0.376296908
504,0x0803ae54,0x3ec1071e,0.377007425
505,0x0803ae58,0x3ec16437,0.377717704
506,0x0803ae5c,0x3ec1c148,0.378427744
507,0x0803ae60,0x3ec21e53,0.379137605
508,0x0803ae64,0x3ec27b55,0.379847199
509,0x0803ae68,0x3ec2d851,0.380556613
510,0x0803ae6c,0x3ec33544,0.381265759
511,0x0803ae70,0x3ec39231,0.381974727
512,0x0803ae74,0x3ec3ef15,0.382683426
513,0x0803ae78,0x3ec44bf2,0.383391917
514,0x0803ae7c,0x3ec4a8c8,0.384100199
515,0x0803ae80,0x3ec50596,0.384808242
516,0x0803ae84,0x3ec5625c,0.385516047
517,0x0803ae88,0x3ec5bf1b,0.386223644
518,0x0803ae8c,0x3ec61bd2,0.386931002
519,0x0803ae90,0x3ec67882,0.387638152
520,0x0803ae94,0x3ec6d529,0.388345033
521,0x0803ae98,0x3ec731ca,0.389051735
522,0x0803ae9c,0x3ec78e62,0.38975817
523,0x0803aea0,0x3ec7eaf3,0.390464395
524,0x0803aea4,0x3ec8477c,0.391170382
525,0x0803aea8,0x3ec8a3fd,0.391876131
526,0x0803aeac,0x3ec90077,0.392581671
527,0x0803aeb0,0x3ec95ce9,0.393286973
528,0x0803aeb4,0x3ec9b953,0.393992037
529,0x0803aeb8,0x3eca15b5,0.394696862
530,0x0803aebc,0x3eca7210,0.395401478
531,0x0803aec0,0x3ecace63,0.396105856
532,0x0803aec4,0x3ecb2aae,0.396809995
533,0x0803aec8,0x3ecb86f1,0.397513896
534,0x0803aecc,0x3ecbe32c,0.398217559
535,0x0803aed0,0x3ecc3f60,0.398921013
536,0x0803aed4,0x3ecc9b8b,0.399624199
537,0x0803aed8,0x3eccf7af,0.400327176
538,0x0803aedc,0x3ecd53ca,0.401029885
539,0x0803aee0,0x3ecdafde,0.401732385
540,0x0803aee4,0x3ece0bea,0.402434647
541,0x0803aee8,0x3ece67ee,0.403136671
542,0x0803aeec,0x3ecec3ea,0.403838456
543,0x0803aef0,0x3ecf1fde,0.404540002
544,0x0803aef4,0x3ecf7bca,0.405241311
545,0x0803aef8,0x3ecfd7ae,0.40594238
546,0x0803aefc,0x3ed0338a,0.406643212
547,0x0803af00,0x3ed08f5e,0.407343805
548,0x0803af04,0x3ed0eb2a,0.408044159
549,0x0803af08,0x3ed146ee,0.408744276
550,0x0803af0c,0x3ed1a2aa,0.409444153
551,0x0803af10,0x3ed1fe5e,0.410143793
552,0x0803af14,0x3ed25a09,0.410843164
553,0x0803af18,0x3ed2b5ad,0.411542326
554,0x0803af1c,0x3ed31148,0.41224122
555,0x0803af20,0x3ed36cdb,0.412939876
556,0x0803af24,0x3ed3c867,0.413638324
557,0x0803af28,0x3ed423ea,0.414336503
558,0x0803af2c,0x3ed47f64,0.415034413
559,0x0803af30,0x3ed4dad7,0.415732116
560,0x0803af34,0x3ed53641,0.416429549
561,0x0803af38,0x3ed591a4,0.417126775
562,0x0803af3c,0x3ed5ecfd,0.417823702
563,0x0803af40,0x3ed6484f,0.418520421
564,0x0803af44,0x3ed6a399,0.419216901
565,0x0803af48,0x3ed6feda,0.419913113
566,0x0803af4c,0x3ed75a13,0.420609087
567,0x0803af50,0x3ed7b543,0.421304792
568,0x0803af54,0x3ed8106b,0.422000259
569,0x0803af58,0x3ed86b8b,0.422695488
570,0x0803af5c,0x3ed8c6a3,0.423390478
571,0x0803af60,0x3ed921b2,0.4240852
572,0x0803af64,0x3ed97cb9,0.424779683
573,0x0803af68,0x3ed9d7b7,0.425473899
574,0x0803af6c,0x3eda32ad,0.426167876
575,0x0803af70,0x3eda8d9b,0.426861614
576,0x0803af74,0x3edae880,0.427555084
577,0x0803af78,0x3edb435d,0.428248316
578,0x0803af7c,0x3edb9e31,0.42894128
579,0x0803af80,0x3edbf8fd,0.429634005
580,0x0803af84,0x3edc53c1,0.430326492
581,0x0803af88,0x3edcae7c,0.43101871
582,0x0803af8c,0x3edd092e,0.43171066
583,0x0803af90,0x3edd63d8,0.432402372
584,0x0803af94,0x3eddbe79,0.433093816
585,0x0803af98,0x3ede1912,0.433785021
586,0x0803af9c,0x3ede73a2,0.434475958
587,0x0803afa0,0x3edece2a,0.435166657
588,0x0803afa4,0x3edf28a9,0.435857087
589,0x0803afa8,0x3edf831f,0.43654725
590,0x0803afac,0x3edfdd8d,0.437237173
591,0x0803afb0,0x3ee037f2,0.437926829
592,0x0803afb4,0x3ee0924f,0.438616246
593,0x0803afb8,0x3ee0eca3,0.439305395
594,0x0803afbc,0x3ee146ee,0.439994276
595,0x0803afc0,0x3ee1a130,0.440682888
596,0x0803afc4,0x3ee1fb6a,0.441371262
597,0x0803afc8,0x3ee2559b,0.442059368
598,0x0803afcc,0x3ee2afc4,0.442747235
599,0x0803afd0,0x3ee309e3,0.443434805
600,0x0803afd4,0x3ee363fa,0.444122136
601,0x0803afd8,0x3ee3be08,0.444809198
602,0x0803afdc,0x3ee4180e,0.445496023
603,0x0803afe0,0x3ee4720a,0.446182549
604,0x0803afe4,0x3ee4cbfe,0.446868837
605,0x0803afe8,0x3ee525e9,0.447554857
606,0x0803afec,0x3ee57fcb,0.448240608
607,0x0803aff0,0x3ee5d9a4,0.448926091
608,0x0803aff4,0x3ee63375,0.449611336
609,0x0803aff8,0x3ee68d3c,0.450296283
610,0x0803affc,0x3ee6e6fb,0.450980991
611,0x0803b000,0x3ee740b1,0.451665431
612,0x0803b004,0x3ee79a5d,0.452349573
613,0x0803b008,0x3ee7f401,0.453033477
614,0x0803b00c,0x3ee84d9c,0.453717113
615,0x0803b010,0x3ee8a72e,0.45440048
616,0x0803b014,0x3ee900b7,0.455083579
617,0x0803b018,0x3ee95a37,0.45576641
618,0x0803b01c,0x3ee9b3ae,0.456448972
619,0x0803b020,0x3eea0d1c,0.457131267
620,0x0803b024,0x3eea6681,0.457813293
621,0x0803b028,0x3eeabfdd,0.458495051
622,0x0803b02c,0x3eeb1930,0.45917654
623,0x0803b030,0x3eeb727a,0.459857762
624,0x0803b034,0x3eebcbbb,0.460538715
625,0x0803b038,0x3eec24f3,0.4612194
626,0x0803b03c,0x3eec7e21,0.461899787
627,0x0803b040,0x3eecd747,0.462579936
628,0x0803b044,0x3eed3063,0.463259786
629,0x0803b048,0x3eed8976,0.463939369
630,0x0803b04c,0x3eede280,0.464618683
631,0x0803b050,0x3eee3b81,0.465297729
632,0x0803b054,0x3eee9479,0.465976506
633,0x0803b058,0x3eeeed67,0.466654986
634,0x0803b05c,0x3eef464c,0.467333198
635,0x0803b060,0x3eef9f28,0.468011141
636,0x0803b064,0x3eeff7fb,0.468688816
637,0x0803b068,0x3ef050c5,0.469366223
638,0x0803b06c,0x3ef0a985,0.470043331
639,0x0803b070,0x3ef1023c,0.470720172
640,0x0803b074,0x3ef15aea,0.471396744
641,0x0803b078,0x3ef1b38e,0.472073019
642,0x0803b07c,0x3ef20c29,0.472749025
643,0x0803b080,0x3ef264bb,0.473424762
644,0x0803b084,0x3ef2bd43,0.474100202
645,0x0803b088,0x3ef315c2,0.474775374
646,0x0803b08c,0x3ef36e38,0.475450277
647,0x0803b090,0x3ef3c6a4,0.476124883
648,0x0803b094,0x3ef41f07,0.47679922
649,0x0803b098,0x3ef47761,0.477473289
650,0x0803b09c,0x3ef4cfb1,0.47814706
651,0x0803b0a0,0x3ef527f8,0.478820562
652,0x0803b0a4,0x3ef58035,0.479493767
653,0x0803b0a8,0x3ef5d868,0.480166674
654,0x0803b0ac,0x3ef63093,0.480839342
655,0x0803b0b0,0x3ef688b3,0.481511682
656,0x0803b0b4,0x3ef6e0cb,0.482183784
657,0x0803b0b8,0x3ef738d8,0.482855558
658,0x0803b0bc,0x3ef790dc,0.483527064
659,0x0803b0c0,0x3ef7e8d7,0.484198302
660,0x0803b0c4,0x3ef840c8,0.484869242
661,0x0803b0c8,0x3ef898b0,0.485539913
662,0x0803b0cc,0x3ef8f08e,0.486210287
663,0x0803b0d0,0x3ef94862,0.486880362
664,0x0803b0d4,0x3ef9a02d,0.487550169
665,0x0803b0d8,0x3ef9f7ee,0.488219678
666,0x0803b0dc,0x3efa4fa5,0.48888889
667,0x0803b0e0,0x3efaa753,0.489557832
668,0x0803b0e4,0x3efafef7,0.490226477
669,0x0803b0e8,0x3efb5692,0.490894854
670,0x0803b0ec,0x3efbae22,0.491562903
671,0x0803b0f0,0x3efc05aa,0.492230713
672,0x0803b0f4,0x3efc5d27,0.492898196
673,0x0803b0f8,0x3efcb49b,0.49356541
674,0x0803b0fc,0x3efd0c04,0.494232297
675,0x0803b100,0x3efd6365,0.494898945
676,0x0803b104,0x3efdbabb,0.495565265
677,0x0803b108,0x3efe1207,0.496231288
678,0x0803b10c,0x3efe694a,0.496897042
679,0x0803b110,0x3efec083,0.497562498
680,0x0803b114,0x3eff17b2,0.498227656
681,0x0803b118,0x3eff6ed8,0.498892546
682,0x0803b11c,0x3effc5f3,0.499557108
683,0x0803b120,0x3f000e82,0.500221372
684,0x0803b124,0x3f003a06,0.500885367
685,0x0803b128,0x3f006585,0.501549065
686,0x0803b12c,0x3f0090ff,0.502212465
687,0x0803b130,0x3f00bc74,0.502875566
688,0x0803b134,0x3f00e7e4,0.50353837
689,0x0803b138,0x3f01134f,0.504200876
690,0x0803b13c,0x3f013eb5,0.504863083
691,0x0803b140,0x3f016a17,0.505525053
692,0x0803b144,0x3f019573,0.506186664
693,0x0803b148,0x3f01c0ca,0.506847978
694,0x0803b14c,0x3f01ec1c,0.507508993
695,0x0803b150,0x3f021769,0.508169711
696,0x0803b154,0x3f0242b1,0.50883013
697,0x0803b158,0x3f026df4,0.509490252
698,0x0803b15c,0x3f029932,0.510150075
699,0x0803b160,0x3f02c46b,0.5108096
700,0x0803b164,0x3f02ef9f,0.511468828
701,0x0803b168,0x3f031ace,0.512127757
702,0x0803b16c,0x3f0345f8,0.512786388
703,0x0803b170,0x3f03711d,0.513444722
704,0x0803b174,0x3f039c3d,0.514102757
705,0x0803b178,0x3f03c757,0.514760435
706,0x0803b17c,0x3f03f26d,0.515417874
707,0x0803b180,0x3f041d7e,0.516075015
708,0x0803b184,0x3f044889,0.516731799
709,0x0803b188,0x3f04738f,0.517388284
710,0x0803b18c,0x3f049e91,0.518044531
711,0x0803b190,0x3f04c98d,0.518700421
712,0x0803b194,0x3f04f484,0.519356012
713,0x0803b198,0x3f051f75,0.520011246
714,0x0803b19c,0x3f054a62,0.520666242
715,0x0803b1a0,0x3f05754a,0.521320939
716,0x0803b1a4,0x3f05a02c,0.521975279
717,0x0803b1a8,0x3f05cb0a,0.52262938
718,0x0803b1ac,0x3f05f5e2,0.523283124
719,0x0803b1b0,0x3f0620b5,0.52393657
720,0x0803b1b4,0x3f064b82,0.524589658
721,0x0803b1b8,0x3f06764b,0.525242507
722,0x0803b1bc,0x3f06a10e,0.525895
723,0x0803b1c0,0x3f06cbcd,0.526547253
724,0x0803b1c4,0x3f06f686,0.527199149
725,0x0803b1c8,0x3f07213a,0.527850747
726,0x0803b1cc,0x3f074be8,0.528501987
727,0x0803b1d0,0x3f077692,0.529152989
728,0x0803b1d4,0x3f07a136,0.529803634
729,0x0803b1d8,0x3f07cbd5,0.53045398
730,0x0803b1dc,0x3f07f66f,0.531104028
731,0x0803b1e0,0x3f082103,0.531753719
732,0x0803b1e4,0x3f084b92,0.532403111
733,0x0803b1e8,0x3f08761c,0.533052206
734,0x0803b1ec,0x3f08a0a1,0.533701003
735,0x0803b1f0,0x3f08cb20,0.534349442
736,0x0803b1f4,0x3f08f59b,0.534997642
737,0x0803b1f8,0x3f092010,0.535645485
738,0x0803b1fc,0x3f094a7f,0.53629297
739,0x0803b200,0x3f0974e9,0.536940157
740,0x0803b204,0x3f099f4e,0.537587047
741,0x0803b208,0x3f09c9ae,0.538233638
742,0x0803b20c,0x3f09f409,0.538879931
743,0x0803b210,0x3f0a1e5e,0.539525867
744,0x0803b214,0x3f0a48ad,0.540171444
745,0x0803b218,0x3f0a72f8,0.540816784
746,0x0803b21c,0x3f0a9d3d,0.541461766
747,0x0803b220,0x3f0ac77d,0.54210645
748,0x0803b224,0x3f0af1b7,0.542750776
749,0x0803b228,0x3f0b1bec,0.543394804
750,0x0803b22c,0x3f0b461c,0.544038534
751,0x0803b230,0x3f0b7046,0.544681907
752,0x0803b234,0x3f0b9a6b,0.545324981
753,0x0803b238,0x3f0bc48b,0.545967758
754,0x0803b23c,0x3f0beea5,0.546610177
755,0x0803b240,0x3f0c18ba,0.547252297
756,0x0803b244,0x3f0c42c9,0.547894061
757,0x0803b248,0x3f0c6cd3,0.548535526
758,0x0803b24c,0x3f0c96d7,0.549176633
759,0x0803b250,0x3f0cc0d7,0.549817502
760,0x0803b254,0x3f0cead0,0.550457954
761,0x0803b258,0x3f0d14c5,0.551098168
762,0x0803b25c,0x3f0d3eb3,0.551737964
763,0x0803b260,0x3f0d689d,0.552377522
764,0x0803b264,0x3f0d9281,0.553016722
765,0x0803b268,0x3f0dbc5f,0.553655565
766,0x0803b26c,0x3f0de638,0.554294109
767,0x0803b270,0x3f0e100c,0.554932356
768,0x0803b274,0x3f0e39da,0.555570245
769,0x0803b278,0x3f0e63a2,0.556207776
770,0x0803b27c,0x3f0e8d65,0.556845009
771,0x0803b280,0x3f0eb723,0.557481945
772,0x0803b284,0x3f0ee0db,0.558118522
773,0x0803b288,0x3f0f0a8e,0.558754802
774,0x0803b28c,0x3f0f343b,0.559390724
775,0x0803b290,0x3f0f5de2,0.560026288
776,0x0803b294,0x3f0f8784,0.560661554
777,0x0803b298,0x3f0fb121,0.561296523
778,0x0803b29c,0x3f0fdab8,0.561931133
779,0x0803b2a0,0x3f100449,0.562565386
780,0x0803b2a4,0x3f102dd5,0.563199341
781,0x0803b2a8,0x3f10575b,0.563832939
782,0x0803b2ac,0x3f1080dc,0.564466238
783,0x0803b2b0,0x3f10aa57,0.56509918
784,0x0803b2b4,0x3f10d3cd,0.565731823
785,0x0803b2b8,0x3f10fd3d,0.56636411
786,0x0803b2bc,0x3f1126a7,0.566996038
787,0x0803b2c0,0x3f11500c,0.567627668
788,0x0803b2c4,0x3f11796b,0.568258941
789,0x0803b2c8,0x3f11a2c5,0.568889916
790,0x0803b2cc,0x3f11cc19,0.569520533
791,0x0803b2d0,0x3f11f567,0.570150793
792,0x0803b2d4,0x3f121eb0,0.570780754
793,0x0803b2d8,0x3f1247f3,0.571410358
794,0x0803b2dc,0x3f127130,0.572039604
795,0x0803b2e0,0x3f129a68,0.572668552
796,0x0803b2e4,0x3f12c39a,0.573297143
797,0x0803b2e8,0x3f12ecc7,0.573925436
798,0x0803b2ec,0x3f1315ee,0.57455337
799,0x0803b2f0,0x3f133f0f,0.575180948
800,0x0803b2f4,0x3f13682a,0.575808167
801,0x0803b2f8,0x3f139140,0.576435089
802,0x0803b2fc,0x3f13ba50,0.577061653
803,0x0803b300,0x3f13e35b,0.577687919
804,0x0803b304,0x3f140c5f,0.578313768
805,0x0803b308,0x3f14355e,0.578939319
806,0x0803b30c,0x3f145e58,0.579564571
807,0x0803b310,0x3f14874b,0.580189407
808,0x0803b314,0x3f14b039,0.580813944
809,0x0803b318,0x3f14d921,0.581438124
810,0x0803b31c,0x3f150204,0.582062006
811,0x0803b320,0x3f152ae0,0.582685471
812,0x0803b324,0x3f1553b7,0.583308637
813,0x0803b328,0x3f157c88,0.583931446
814,0x0803b32c,0x3f15a554,0.584553957
815,0x0803b330,0x3f15ce19,0.585176051
816,0x0803b334,0x3f15f6d9,0.585797846
817,0x0803b338,0x3f161f93,0.586419284
818,0x0803b33c,0x3f164847,0.587040365
819,0x0803b340,0x3f1670f6,0.587661147
820,0x0803b344,0x3f16999f,0.588281572
821,0x0803b348,0x3f16c241,0.588901579
822,0x0803b34c,0x3f16eade,0.589521289
823,0x0803b350,0x3f171376,0.5901407
824,0x0803b354,0x3f173c07,0.590759695
825,0x0803b358,0x3f176493,0.591378391
826,0x0803b35c,0x3f178d18,0.59199667
827,0x0803b360,0x3f17b598,0.592614651
828,0x0803b364,0x3f17de12,0.593232274
829,0x0803b368,0x3f180687,0.593849599
830,0x0803b36c,0x3f182ef5,0.594466507
831,0x0803b370,0x3f18575d,0.595083058
832,0x0803b374,0x3f187fc0,0.59569931
833,0x0803b378,0x3f18a81d,0.596315205
834,0x0803b37c,0x3f18d073,0.596930683
835,0x0803b380,0x3f18f8c4,0.597545862
836,0x0803b384,0x3f19210f,0.598160684
837,0x0803b388,0x3f194955,0.598775208
838,0x0803b38c,0x3f197194,0.599389315
839,0x0803b390,0x3f1999cd,0.600003064
840,0x0803b394,0x3f19c200,0.600616455
841,0x0803b398,0x3f19ea2e,0.601229548
842,0x0803b39c,0x3f1a1255,0.601842225
843,0x0803b3a0,0x3f1a3a77,0.602454603
844,0x0803b3a4,0x3f1a6293,0.603066623
845,0x0803b3a8,0x3f1a8aa8,0.603678226
846,0x0803b3ac,0x3f1ab2b8,0.604289532
847,0x0803b3b0,0x3f1adac2,0.604900479
848,0x0803b3b4,0x3f1b02c6,0.605511069
849,0x0803b3b8,0x3f1b2ac3,0.606121242
850,0x0803b3bc,0x3f1b52bb,0.606731117
851,0x0803b3c0,0x3f1b7aad,0.607340634
852,0x0803b3c4,0x3f1ba299,0.607949793
853,0x0803b3c8,0x3f1bca7f,0.608558595
854,0x0803b3cc,0x3f1bf25f,0.609167039
855,0x0803b3d0,0x3f1c1a38,0.609775066
856,0x0803b3d4,0x3f1c420c,0.610382795
857,0x0803b3d8,0x3f1c69da,0.610990167
858,0x0803b3dc,0x3f1c91a2,0.61159718
859,0x0803b3e0,0x3f1cb963,0.612203777
860,0x0803b3e4,0x3f1ce11f,0.612810075
861,0x0803b3e8,0x3f1d08d5,0.613416016
862,0x0803b3ec,0x3f1d3084,0.61402154
863,0x0803b3f0,0x3f1d582e,0.614626765
864,0x0803b3f4,0x3f1d7fd1,0.615231574
865,0x0803b3f8,0x3f1da76f,0.615836084
866,0x0803b3fc,0x3f1dcf06,0.616440177
867,0x0803b400,0x3f1df697,0.617043912
868,0x0803b404,0x3f1e1e22,0.61764729
869,0x0803b408,0x3f1e45a7,0.61825031
870,0x0803b40c,0x3f1e6d26,0.618852973
871,0x0803b410,0x3f1e949f,0.619455278
872,0x0803b414,0x3f1ebc12,0.620057225
873,0x0803b418,0x3f1ee37e,0.620658755
874,0x0803b41c,0x3f1f0ae5,0.621259987
875,0x0803b420,0x3f1f3245,0.621860802
876,0x0803b424,0x3f1f599f,0.622461259
877,0x0803b428,0x3f1f80f3,0.623061359
878,0x0803b42c,0x3f1fa841,0.623661101
879,0x0803b430,0x3f1fcf89,0.624260485
880,0x0803b434,0x3f1ff6cb,0.624859512
881,0x0803b438,0x3f201e06,0.625458121
882,0x0803b43c,0x3f20453b,0.626056373
883,0x0803b440,0x3f206c6a,0.626654267
884,0x0803b444,0x3f209393,0.627251804
885,0x0803b448,0x3f20bab6,0.627848983
886,0x0803b44c,0x3f20e1d2,0.628445745
887,0x0803b450,0x3f2108e9,0.629042208
888,0x0803b454,0x3f212ff9,0.629638255
889,0x0803b458,0x3f215703,0.630233943
890,0x0803b45c,0x3f217e06,0.630829215
891,0x0803b460,0x3f21a504,0.631424189
892,0x0803b464,0x3f21cbfb,0.632018745
893,0x0803b468,0x3f21f2ec,0.632612944
894,0x0803b46c,0x3f2219d7,0.633206785
895,0x0803b470,0x3f2240bb,0.633800209
896,0x0803b474,0x3f226799,0.634393275
897,0x0803b478,0x3f228e71,0.634985983
898,0x0803b47c,0x3f22b543,0.635578334
899,0x0803b480,0x3f22dc0e,0.636170268
900,0x0803b484,0x3f2302d3,0.636761844
901,0x0803b488,0x3f232992,0.637353063
902,0x0803b48c,0x3f23504b,0.637943923
903,0x0803b490,0x3f2376fd,0.638534367
904,0x0803b494,0x3f239da9,0.639124453
905,0x0803b498,0x3f23c44f,0.639714181
906,0x0803b49c,0x3f23eaee,0.640303493
907,0x0803b4a0,0x3f241187,0.640892446
908,0x0803b4a4,0x3f24381a,0.641481042
909,0x0803b4a8,0x3f245ea6,0.642069221
910,0x0803b4ac,0x3f24852c,0.642657042
911,0x0803b4b0,0x3f24abac,0.643244505
912,0x0803b4b4,0x3f24d225,0.643831551
913,0x0803b4b8,0x3f24f898,0.64441824
914,0x0803b4bc,0x3f251f04,0.645004511
915,0x0803b4c0,0x3f25456b,0.645590484
916,0x0803b4c4,0x3f256bcb,0.64617604
917,0x0803b4c8,0x3f259224,0.646761179
918,0x0803b4cc,0x3f25b877,0.64734596
919,0x0803b4d0,0x3f25dec4,0.647930384
920,0x0803b4d4,0x3f26050a,0.64851439
921,0x0803b4d8,0x3f262b4a,0.649098039
922,0x0803b4dc,0x3f265184,0.64968133
923,0x0803b4e0,0x3f2677b7,0.650264204
924,0x0803b4e4,0x3f269de3,0.65084666
925,0x0803b4e8,0x3f26c40a,0.651428819
926,0x0803b4ec,0x3f26ea2a,0.65201056
927,0x0803b4f0,0x3f271043,0.652591884
928,0x0803b4f4,0x3f273656,0.653172851
929,0x0803b4f8,0x3f275c62,0.6537534
930,0x0803b4fc,0x3f278268,0.654333591
931,0x0803b500,0x3f27a868,0.654913425
932,0x0803b504,0x3f27ce61,0.655492842
933,0x0803b508,0x3f27f454,0.656071901
934,0x0803b50c,0x3f281a40,0.656650543
935,0x0803b510,0x3f284026,0.657228827
936,0x0803b514,0x3f286605,0.657806695
937,0x0803b518,0x3f288bde,0.658384204
938,0x0803b51c,0x3f28b1b0,0.658961296
939,0x0803b520,0x3f28d77c,0.659538031
940,0x0803b524,0x3f28fd41,0.660114348
941,0x0803b528,0x3f292300,0.660690308
942,0x0803b52c,0x3f2948b8,0.66126585
943,0x0803b530,0x3f296e69,0.661840975
944,0x0803b534,0x3f299415,0.662415802
945,0x0803b538,0x3f29b9b9,0.662990153
946,0x0803b53c,0x3f29df57,0.663564146
947,0x0803b540,0x3f2a04ef,0.664137781
948,0x0803b544,0x3f2a2a80,0.664710999
949,0x0803b548,0x3f2a500a,0.665283799
950,0x0803b54c,0x3f2a758e,0.665856242
951,0x0803b550,0x3f2a9b0b,0.666428268
952,0x0803b554,0x3f2ac082,0.666999936
953,0x0803b558,0x3f2ae5f2,0.667571187
954,0x0803b55c,0x3f2b0b5b,0.668142021
955,0x0803b560,0x3f2b30be,0.668712497
956,0x0803b564,0x3f2b561b,0.669282615
957,0x0803b568,0x3f2b7b70,0.669852257
958,0x0803b56c,0x3f2ba0bf,0.670421541
959,0x0803b570,0x3f2bc608,0.670990467
960,0x0803b574,0x3f2beb4a,0.671558976
961,0x0803b578,0x3f2c1085,0.672127068
962,0x0803b57c,0x3f2c35b9,0.672694743
963,0x0803b580,0x3f2c5ae7,0.67326206
964,0x0803b584,0x3f2c800f,0.673829019
965,0x0803b588,0x3f2ca52f,0.674395502
966,0x0803b58c,0x3f2cca49,0.674961627
967,0x0803b590,0x3f2cef5d,0.675527394
968,0x0803b594,0x3f2d1469,0.676092684
969,0x0803b598,0x3f2d396f,0.676657617
970,0x0803b59c,0x3f2d5e6f,0.677222192
971,0x0803b5a0,0x3f2d8367,0.677786291
972,0x0803b5a4,0x3f2da859,0.678350031
973,0x0803b5a8,0x3f2dcd44,0.678913355
974,0x0803b5ac,0x3f2df229,0.679476321
975,0x0803b5b0,0x3f2e1707,0.680038869
976,0x0803b5b4,0x3f2e3bde,0.680601001
977,0x0803b5b8,0x3f2e60ae,0.681162715
978,0x0803b5bc,0x3f2e8578,0.681724072
979,0x0803b5c0,0x3f2eaa3b,0.682285011
980,0x0803b5c4,0x3f2ecef7,0.682845533
981,0x0803b5c8,0x3f2ef3ad,0.683405697
982,0x0803b5cc,0x3f2f185b,0.683965385
983,0x0803b5d0,0x3f2f3d03,0.684524715
984,0x0803b5d4,0x3f2f61a5,0.685083687
985,0x0803b5d8,0x3f2f863f,0.685642183
986,0x0803b5dc,0x3f2faad3,0.686200321
987,0x0803b5e0,0x3f2fcf60,0.686758041
988,0x0803b5e4,0x3f2ff3e6,0.687315345
989,0x0803b5e8,0x3f301865,0.687872231
990,0x0803b5ec,0x3f303cde,0.68842876
991,0x0803b5f0,0x3f306150,0.688984871
992,0x0803b5f4,0x3f3085bb,0.689540565
993,0x0803b5f8,0x3f30aa1f,0.690095842
994,0x0803b5fc,0x3f30ce7c,0.690650702
995,0x0803b600,0x3f30f2d3,0.691205204
996,0x0803b604,0x3f311722,0.691759229
997,0x0803b608,0x3f313b6b,0.692312896
998,0x0803b60c,0x3f315fad,0.692866147
999,0x0803b610,0x3f3183e9,0.693419039
1000,0x0803b614,0x3f31a81d,0.693971455
1001,0x0803b618,0x3f31cc4b,0.694523513
1002,0x0803b61c,0x3f31f071,0.695075095
1003,0x0803b620,0x3f321491,0.695626318
1004,0x0803b624,0x3f3238aa,0.696177125
1005,0x0803b628,0x3f325cbc,0.696727514
1006,0x0803b62c,0x3f3280c7,0.697277486
1007,0x0803b630,0x3f32a4cc,0.697827101
1008,0x0803b634,0x3f32c8c9,0.698376238
1009,0x0803b638,0x3f32ecc0,0.698925018
1010,0x0803b63c,0x3f3310af,0.699473321
1011,0x0803b640,0x3f333498,0.700021267
1012,0x0803b644,0x3f33587a,0.700568795
1013,0x0803b648,0x3f337c55,0.701115906
1014,0x0803b64c,0x3f33a029,0.7016626
1015,0x0803b650,0x3f33c3f6,0.702208877
1016,0x0803b654,0x3f33e7bc,0.702754736
1017,0x0803b658,0x3f340b7b,0.703300178
1018,0x0803b65c,0x3f342f34,0.703845263
1019,0x0803b660,0x3f3452e5,0.70438987
1020,0x0803b664,0x3f34768f,0.704934061
1021,0x0803b668,0x3f349a33,0.705477893
1022,0x0803b66c,0x3f34bdcf,0.706021249
1023,0x0803b670,0x3f34e165,0.706564248
1024,0x0803b674,0x3f3504f3,0.707106769
1025,0x0803b678,0x3f35287b,0.707648933
1026,0x0803b67c,0x3f354bfb,0.70819062
1027,0x0803b680,0x3f356f75,0.708731949
1028,0x0803b684,0x3f3592e7,0.709272802
1029,0x0803b688,0x3f35b653,0.709813297
1030,0x0803b68c,0x3f35d9b8,0.710353374
1031,0x0803b690,0x3f35fd15,0.710892975
1032,0x0803b694,0x3f36206c,0.711432219
1033,0x0803b698,0x3f3643bb,0.711970985
1034,0x0803b69c,0x3f366704,0.712509394
1035,0x0803b6a0,0x3f368a45,0.713047326
1036,0x0803b6a4,0x3f36ad7f,0.71358484
1037,0x0803b6a8,0x3f36d0b3,0.714121997
1038,0x0803b6ac,0x3f36f3df,0.714658678
1039,0x0803b6b0,0x3f371704,0.715194941
1040,0x0803b6b4,0x3f373a23,0.715730846
1041,0x0803b6b8,0x3f375d3a,0.716266274
1042,0x0803b6bc,0x3f37804a,0.716801286
1043,0x0803b6c0,0x3f37a353,0.71733588
1044,0x0803b6c4,0x3f37c655,0.717870057
1045,0x0803b6c8,0x3f37e950,0.718403816
1046,0x0803b6cc,0x3f380c43,0.718937099
1047,0x0803b6d0,0x3f382f30,0.719470024
1048,0x0803b6d4,0x3f385216,0.720002532
1049,0x0803b6d8,0x3f3874f4,0.720534563
1050,0x0803b6dc,0x3f3897cb,0.721066177
1051,0x0803b6e0,0x3f38ba9c,0.721597433
1052,0x0803b6e4,0x3f38dd65,0.722128212
1053,0x0803b6e8,0x3f390027,0.722658575
1054,0x0803b6ec,0x3f3922e1,0.72318846
1055,0x0803b6f0,0x3f394595,0.723717988
1056,0x0803b6f4,0x3f396842,0.724247098
1057,0x0803b6f8,0x3f398ae7,0.724775732
1058,0x0803b6fc,0x3f39ad85,0.725303948
1059,0x0803b700,0x3f39d01d,0.725831807
1060,0x0803b704,0x3f39f2ac,0.726359129
1061,0x0803b708,0x3f3a1535,0.726886094
1062,0x0803b70c,0x3f3a37b7,0.727412641
1063,0x0803b710,0x3f3a5a31,0.727938712
1064,0x0803b714,0x3f3a7ca4,0.728464365
1065,0x0803b718,0x3f3a9f10,0.728989601
1066,0x0803b71c,0x3f3ac175,0.72951442
1067,0x0803b720,0x3f3ae3d3,0.730038822
1068,0x0803b724,0x3f3b0629,0.730562747
1069,0x0803b728,0x3f3b2879,0.731086314
1070,0x0803b72c,0x3f3b4ac1,0.731609404
1071,0x0803b730,0x3f3b6d01,0.732132018
1072,0x0803b734,0x3f3b8f3b,0.732654274
1073,0x0803b738,0x3f3bb16d,0.733176053
1074,0x0803b73c,0x3f3bd398,0.733697414
1075,0x0803b740,0x3f3bf5bc,0.734218359
1076,0x0803b744,0x3f3c17d9,0.734738886
1077,0x0803b748,0x3f3c39ee,0.735258937
1078,0x0803b74c,0x3f3c5bfc,0.73577857
1079,0x0803b750,0x3f3c7e03,0.736297786
1080,0x0803b754,0x3f3ca003,0.736816585
1081,0x0803b758,0x3f3cc1fb,0.737334907
1082,0x0803b75c,0x3f3ce3ec,0.737852812
1083,0x0803b760,0x3f3d05d6,0.738370299
1084,0x0803b764,0x3f3d27b8,0.73888731
1085,0x0803b768,0x3f3d4993,0.739403903
1086,0x0803b76c,0x3f3d6b67,0.73992008
1087,0x0803b770,0x3f3d8d34,0.740435839
1088,0x0803b774,0x3f3daef9,0.740951121
1089,0x0803b778,0x3f3dd0b7,0.741465986
1090,0x0803b77c,0x3f3df26e,0.741980433
1091,0x0803b780,0x3f3e141d,0.742494404
1092,0x0803b784,0x3f3e35c5,0.743007958
1093,0x0803b788,0x3f3e5766,0.743521094
1094,0x0803b78c,0x3f3e78ff,0.744033754
1095,0x0803b790,0x3f3e9a91,0.744545996
1096,0x0803b794,0x3f3ebc1b,0.745057762
1097,0x0803b798,0x3f3edd9f,0.74556917
1098,0x0803b79c,0x3f3eff1b,0.746080101
1099,0x0803b7a0,0x3f3f208f,0.746590555
1100,0x0803b7a4,0x3f3f41fc,0.747100592
1101,0x0803b7a8,0x3f3f6362,0.747610211
1102,0x0803b7ac,0x3f3f84c0,0.748119354
1103,0x0803b7b0,0x3f3fa617,0.74862808
1104,0x0803b7b4,0x3f3fc767,0.749136388
1105,0x0803b7b8,0x3f3fe8af,0.74964422
1106,0x0803b7bc,0x3f4009f0,0.750151634
1107,0x0803b7c0,0x3f402b2a,0.750658631
1108,0x0803b7c4,0x3f404c5c,0.751165152
1109,0x0803b7c8,0x3f406d86,0.751671195
1110,0x0803b7cc,0x3f408ea9,0.752176821
1111,0x0803b7d0,0x3f40afc5,0.75268203
1112,0x0803b7d4,0x3f40d0da,0.753186822
1113,0x0803b7d8,0x3f40f1e7,0.753691137
1114,0x0803b7dc,0x3f4112ec,0.754194975
1115,0x0803b7e0,0x3f4133ea,0.754698396
1116,0x0803b7e4,0x3f4154e1,0.755201399
1117,0x0803b7e8,0x3f4175d0,0.755703926
1118,0x0803b7ec,0x3f4196b7,0.756205976
1119,0x0803b7f0,0x3f41b798,0.756707668
1120,0x0803b7f4,0x3f41d870,0.757208824
1121,0x0803b7f8,0x3f41f942,0.757709622
1122,0x0803b7fc,0x3f421a0b,0.758209884
1123,0x0803b800,0x3f423ace,0.758709788
1124,0x0803b804,0x3f425b89,0.759209216
1125,0x0803b808,0x3f427c3c,0.759708166
1126,0x0803b80c,0x3f429ce8,0.760206699
1127,0x0803b810,0x3f42bd8c,0.760704756
1128,0x0803b814,0x3f42de29,0.761202395
1129,0x0803b818,0x3f42febe,0.761699557
1130,0x0803b81c,0x3f431f4c,0.762196302
1131,0x0803b820,0x3f433fd2,0.762692571
1132,0x0803b824,0x3f436051,0.763188422
1133,0x0803b828,0x3f4380c8,0.763683796
1134,0x0803b82c,0x3f43a138,0.764178753
1135,0x0803b830,0x3f43c1a0,0.764673233
1136,0x0803b834,0x3f43e200,0.765167236
1137,0x0803b838,0x3f44025a,0.765660882
1138,0x0803b83c,0x3f4422ab,0.766153991
1139,0x0803b840,0x3f4442f5,0.766646683
1140,0x0803b844,0x3f446337,0.767138898
1141,0x0803b848,0x3f448372,0.767630696
1142,0x0803b84c,0x3f44a3a5,0.768122017
1143,0x0803b850,0x3f44c3d1,0.768612921
1144,0x0803b854,0x3f44e3f5,0.769103348
1145,0x0803b858,0x3f450411,0.769593298
1146,0x0803b85c,0x3f452426,0.770082831
1147,0x0803b860,0x3f454433,0.770571887
1148,0x0803b864,0x3f456439,0.771060526
1149,0x0803b868,0x3f458437,0.771548688
1150,0x0803b86c,0x3f45a42d,0.772036374
1151,0x0803b870,0x3f45c41c,0.772523642
1152,0x0803b874,0x3f45e403,0.773010433
1153,0x0803b878,0x3f4603e3,0.773496807
1154,0x0803b87c,0x3f4623bb,0.773982704
1155,0x0803b880,0x3f46438b,0.774468124
1156,0x0803b884,0x3f466354,0.774953127
1157,0x0803b888,0x3f468315,0.775437653
1158,0x0803b88c,0x3f46a2ce,0.775921702
1159,0x0803b890,0x3f46c280,0.776405334
1160,0x0803b894,0x3f46e22a,0.77688849
1161,0x0803b898,0x3f4701cc,0.777371168
1162,0x0803b89c,0x3f472167,0.777853429
1163,0x0803b8a0,0x3f4740fa,0.778335214
1164,0x0803b8a4,0x3f476085,0.778816521
1165,0x0803b8a8,0x3f478008,0.779297352
1166,0x0803b8ac,0x3f479f84,0.779777765
1167,0x0803b8b0,0x3f47bef9,0.780257761
1168,0x0803b8b4,0x3f47de65,0.780737221
1169,0x0803b8b8,0x3f47fdca,0.781216264
1170,0x0803b8bc,0x3f481d27,0.781694829
1171,0x0803b8c0,0x3f483c7c,0.782172918
1172,0x0803b8c4,0x3f485bca,0.78265059
1173,0x0803b8c8,0x3f487b10,0.783127785
1174,0x0803b8cc,0x3f489a4e,0.783604503
1175,0x0803b8d0,0x3f48b985,0.784080803
1176,0x0803b8d4,0x3f48d8b3,0.784556568
1177,0x0803b8d8,0x3f48f7da,0.785031915
1178,0x0803b8dc,0x3f4916fa,0.785506845
1179,0x0803b8e0,0x3f493611,0.785981238
1180,0x0803b8e4,0x3f495521,0.786455214
1181,0x0803b8e8,0x3f497429,0.786928713
1182,0x0803b8ec,0x3f499329,0.787401736
1183,0x0803b8f0,0x3f49b222,0.787874341
1184,0x0803b8f4,0x3f49d112,0.78834641
1185,0x0803b8f8,0x3f49effb,0.788818061
1186,0x0803b8fc,0x3f4a0edc,0.789289236
1187,0x0803b900,0x3f4a2db6,0.789759994
1188,0x0803b904,0x3f4a4c87,0.790230215
1189,0x0803b908,0x3f4a6b51,0.790700018
1190,0x0803b90c,0x3f4a8a13,0.791169345
1191,0x0803b910,0x3f4aa8cd,0.791638196
1192,0x0803b914,0x3f4ac77f,0.792106569
1193,0x0803b918,0x3f4ae62a,0.792574525
1194,0x0803b91c,0x3f4b04cc,0.793041945
1195,0x0803b920,0x3f4b2367,0.793508947
1196,0x0803b924,0x3f4b41fa,0.793975472
1197,0x0803b928,0x3f4b6085,0.794441521
1198,0x0803b92c,0x3f4b7f09,0.794907153
1199,0x0803b930,0x3f4b9d84,0.795372248
1200,0x0803b934,0x3f4bbbf8,0.795836926
1201,0x0803b938,0x3f4bda63,0.796301067
1202,0x0803b93c,0x3f4bf8c7,0.796764791
1203,0x0803b940,0x3f4c1723,0.797228038
1204,0x0803b944,0x3f4c3578,0.797690868
1205,0x0803b948,0x3f4c53c4,0.798153162
1206,0x0803b94c,0x3f4c7208,0.798614979
1207,0x0803b950,0x3f4c9045,0.799076378
1208,0x0803b954,0x3f4cae79,0.799537241
1209,0x0803b958,0x3f4ccca6,0.799997687
1210,0x0803b95c,0x3f4ceacb,0.800457656
1211,0x0803b960,0x3f4d08e8,0.800917149
1212,0x0803b964,0x3f4d26fd,0.801376164
1213,0x0803b968,0x3f4d450a,0.801834702
1214,0x0803b96c,0x3f4d6310,0.802292824
1215,0x0803b970,0x3f4d810d,0.802750409
1216,0x0803b974,0x3f4d9f02,0.803207517
1217,0x0803b978,0x3f4dbcf0,0.803664207
1218,0x0803b97c,0x3f4ddad5,0.804120362
1219,0x0803b980,0x3f4df8b3,0.804576099
1220,0x0803b984,0x3f4e1689,0.805031359
1221,0x0803b988,0x3f4e3456,0.805486083
1222,0x0803b98c,0x3f4e521c,0.80594039
1223,0x0803b990,0x3f4e6fda,0.806394219
1224,0x0803b994,0x3f4e8d90,0.806847572
1225,0x0803b998,0x3f4eab3e,0.807300448
1226,0x0803b99c,0x3f4ec8e4,0.807752848
1227,0x0803b9a0,0x3f4ee681,0.80820471
1228,0x0803b9a4,0x3f4f0417,0.808656156
1229,0x0803b9a8,0x3f4f21a5,0.809107125
1230,0x0803b9ac,0x3f4f3f2b,0.809557617
1231,0x0803b9b0,0x3f4f5ca9,0.810007632
1232,0x0803b9b4,0x3f4f7a1f,0.81045717
1233,0x0803b9b8,0x3f4f978d,0.810906231
1234,0x0803b9bc,0x3f4fb4f4,0.811354876
1235,0x0803b9c0,0x3f4fd252,0.811802983
1236,0x0803b9c4,0x3f4fefa8,0.812250614
1237,0x0803b9c8,0x3f500cf6,0.812697768
1238,0x0803b9cc,0x3f502a3b,0.813144386
1239,0x0803b9d0,0x3f504779,0.813590586
1240,0x0803b9d4,0x3f5064af,0.81403631
1241,0x0803b9d8,0x3f5081dd,0.814481556
1242,0x0803b9dc,0x3f509f03,0.814926326
1243,0x0803b9e0,0x3f50bc21,0.815370619
1244,0x0803b9e4,0x3f50d937,0.815814435
1245,0x0803b9e8,0x3f50f644,0.816257715
1246,0x0803b9ec,0x3f51134a,0.816700578
1247,0x0803b9f0,0x3f513047,0.817142904
1248,0x0803b9f4,0x3f514d3d,0.817584813
1249,0x0803b9f8,0x3f516a2a,0.818026185
1250,0x0803b9fc,0x3f518710,0.81846714
1251,0x0803ba00,0x3f51a3ed,0.818907559
1252,0x0803ba04,0x3f51c0c2,0.819347501
1253,0x0803ba08,0x3f51dd8f,0.819786966
1254,0x0803ba0c,0x3f51fa54,0.820225954
1255,0x0803ba10,0x3f521711,0.820664465
1256,0x0803ba14,0x3f5233c6,0.8211025
1257,0x0803ba18,0x3f525073,0.821540058
1258,0x0803ba1c,0x3f526d18,0.821977139
1259,0x0803ba20,0x3f5289b4,0.822413683
1260,0x0803ba24,0x3f52a649,0.82284981
1261,0x0803ba28,0x3f52c2d5,0.823285401
1262,0x0803ba2c,0x3f52df59,0.823720515
1263,0x0803ba30,0x3f52fbd5,0.824155152
1264,0x0803ba34,0x3f531849,0.824589312
1265,0x0803ba38,0x3f5334b5,0.825022995
1266,0x0803ba3c,0x3f535118,0.825456142
1267,0x0803ba40,0x3f536d74,0.825888872
1268,0x0803ba44,0x3f5389c7,0.826321065
1269,0x0803ba48,0x3f53a612,0.826752782
1270,0x0803ba4c,0x3f53c255,0.827184021
1271,0x0803ba50,0x3f53de90,0.827614784
1272,0x0803ba54,0x3f53fac3,0.82804507
1273,0x0803ba58,0x3f5416ed,0.82847482
1274,0x0803ba5c,0x3f54330f,0.828904092
1275,0x0803ba60,0x3f544f2a,0.829332948
1276,0x0803ba64,0x3f546b3b,0.829761207
1277,0x0803ba68,0x3f548745,0.830189049
1278,0x0803ba6c,0x3f54a347,0.830616415
1279,0x0803ba70,0x3f54bf40,0.831043243
1280,0x0803ba74,0x3f54db31,0.831469595
1281,0x0803ba78,0x3f54f71a,0.831895471
1282,0x0803ba7c,0x3f5512fb,0.832320869
1283,0x0803ba80,0x3f552ed4,0.83274579
1284,0x0803ba84,0x3f554aa4,0.833170176
1285,0x0803ba88,0x3f55666c,0.833594084
1286,0x0803ba8c,0x3f55822c,0.834017515
1287,0x0803ba90,0x3f559de3,0.83444041
1288,0x0803ba94,0x3f55b993,0.834862888
1289,0x0803ba98,0x3f55d53a,0.835284829
1290,0x0803ba9c,0x3f55f0d9,0.835706294
1291,0x0803baa0,0x3f560c70,0.836127281
1292,0x0803baa4,0x3f5627fe,0.836547732
1293,0x0803baa8,0x3f564384,0.836967707
1294,0x0803baac,0x3f565f02,0.837387204
1295,0x0803bab0,0x3f567a78,0.837806225
1296,0x0803bab4,0x3f5695e5,0.838224709
1297,0x0803bab8,0x3f56b14a,0.838642716
1298,0x0803babc,0x3f56cca7,0.839060247
1299,0x0803bac0,0x3f56e7fb,0.839477241
1300,0x0803bac4,0x3f570348,0.839893818
1301,0x0803bac8,0x3f571e8c,0.840309858
1302,0x0803bacc,0x3f5739c7,0.840725362
1303,0x0803bad0,0x3f5754fb,0.841140449
1304,0x0803bad4,0x3f577026,0.841554999
1305,0x0803bad8,0x3f578b48,0.841969013
1306,0x0803badc,0x3f57a663,0.84238261
1307,0x0803bae0,0x3f57c175,0.84279567
1308,0x0803bae4,0x3f57dc7f,0.843208253
1309,0x0803bae8,0x3f57f780,0.8436203
1310,0x0803baec,0x3f581279,0.84403187
1311,0x0803baf0,0x3f582d6a,0.844442964
1312,0x0803baf4,0x3f584853,0.84485358
1313,0x0803baf8,0x3f586333,0.84526366
1314,0x0803bafc,0x3f587e0b,0.845673263
1315,0x0803bb00,0x3f5898da,0.84608233
1316,0x0803bb04,0x3f58b3a1,0.84649092
1317,0x0803bb08,0x3f58ce60,0.846899033
1318,0x0803bb0c,0x3f58e916,0.847306609
1319,0x0803bb10,0x3f5903c5,0.847713768
1320,0x0803bb14,0x3f591e6a,0.848120332
1321,0x0803bb18,0x3f593908,0.848526478
1322,0x0803bb1c,0x3f59539c,0.848932028
1323,0x0803bb20,0x3f596e29,0.849337161
1324,0x0803bb24,0x3f5988ad,0.849741757
1325,0x0803bb28,0x3f59a329,0.850145876
1326,0x0803bb2c,0x3f59bd9c,0.850549459
1327,0x0803bb30,0x3f59d807,0.850952566
1328,0x0803bb34,0x3f59f26a,0.851355195
1329,0x0803bb38,0x3f5a0cc4,0.851757288
1330,0x0803bb3c,0x3f5a2716,0.852158904
1331,0x0803bb40,0x3f5a415f,0.852559984
1332,0x0803bb44,0x3f5a5ba0,0.852960587
1333,0x0803bb48,0x3f5a75d9,0.853360713
1334,0x0803bb4c,0x3f5a9009,0.853760302
1335,0x0803bb50,0x3f5aaa31,0.854159415
1336,0x0803bb54,0x3f5ac450,0.854557991
1337,0x0803bb58,0x3f5ade67,0.85495609
1338,0x0803bb5c,0x3f5af875,0.855353653
1339,0x0803bb60,0x3f5b127b,0.85575074
1340,0x0803bb64,0x3f5b2c79,0.856147349
1341,0x0803bb68,0x3f5b466e,0.856543422
1342,0x0803bb6c,0x3f5b605a,0.856938958
1343,0x0803bb70,0x3f5b7a3e,0.857334018
1344,0x0803bb74,0x3f5b941a,0.857728601
1345,0x0803bb78,0x3f5baded,0.858122647
1346,0x0803bb7c,0x3f5bc7b8,0.858516216
1347,0x0803bb80,0x3f5be17a,0.858909249
1348,0x0803bb84,0x3f5bfb34,0.859301805
1349,0x0803bb88,0x3f5c14e6,0.859693885
1350,0x0803bb8c,0x3f5c2e8e,0.860085368
1351,0x0803bb90,0x3f5c482f,0.860476434
1352,0x0803bb94,0x3f5c61c7,0.860866964
1353,0x0803bb98,0x3f5c7b56,0.861256957
1354,0x0803bb9c,0x3f5c94dd,0.861646473
1355,0x0803bba0,0x3f5cae5b,0.862035453
1356,0x0803bba4,0x3f5cc7d1,0.862423956
1357,0x0803bba8,0x3f5ce13e,0.862811923
1358,0x0803bbac,0x3f5cfaa3,0.863199413
1359,0x0803bbb0,0x3f5d13ff,0.863586366
1360,0x0803bbb4,0x3f5d2d53,0.863972843
1361,0x0803bbb8,0x3f5d469e,0.864358783
1362,0x0803bbbc,0x3f5d5fe1,0.864744246
1363,0x0803bbc0,0x3f5d791b,0.865129173
1364,0x0803bbc4,0x3f5d924d,0.865513623
1365,0x0803bbc8,0x3f5dab76,0.865897536
1366,0x0803bbcc,0x3f5dc497,0.866280973
1367,0x0803bbd0,0x3f5dddaf,0.866663873
1368,0x0803bbd4,0x3f5df6be,0.867046237
1369,0x0803bbd8,0x3f5e0fc5,0.867428124
1370,0x0803bbdc,0x3f5e28c3,0.867809474
1371,0x0803bbe0,0x3f5e41b9,0.868190348
1372,0x0803bbe4,0x3f5e5aa6,0.868570685
1373,0x0803bbe8,0x3f5e738b,0.868950546
1374,0x0803bbec,0x3f5e8c67,0.86932987
1375,0x0803bbf0,0x3f5ea53a,0.869708657
1376,0x0803bbf4,0x3f5ebe05,0.870086968
1377,0x0803bbf8,0x3f5ed6c8,0.870464802
1378,0x0803bbfc,0x3f5eef81,0.87084204
1379,0x0803bc00,0x3f5f0833,0.87121886
1380,0x0803bc04,0x3f5f20db,0.871595085
1381,0x0803bc08,0x3f5f397b,0.871970832
1382,0x0803bc0c,0x3f5f5212,0.872346044
1383,0x0803bc10,0x3f5f6aa1,0.872720778
1384,0x0803bc14,0x3f5f8327,0.873094976
1385,0x0803bc18,0x3f5f9ba5,0.873468697
1386,0x0803bc1c,0x3f5fb419,0.873841822
1387,0x0803bc20,0x3f5fcc86,0.87421453
1388,0x0803bc24,0x3f5fe4e9,0.874586642
1389,0x0803bc28,0x3f5ffd44,0.874958277
1390,0x0803bc2c,0x3f601596,0.875329375
1391,0x0803bc30,0x3f602de0,0.875699997
1392,0x0803bc34,0x3f604621,0.876070082
1393,0x0803bc38,0x3f605e5a,0.876439691
1394,0x0803bc3c,0x3f607689,0.876808703
1395,0x0803bc40,0x3f608eb0,0.877177238
1396,0x0803bc44,0x3f60a6cf,0.877545297
1397,0x0803bc48,0x3f60bee5,0.877912819
1398,0x0803bc4c,0x3f60d6f2,0.878279805
1399,0x0803bc50,0x3f60eef6,0.878646255
1400,0x0803bc54,0x3f6106f2,0.879012227
1401,0x0803bc58,0x3f611ee5,0.879377663
1402,0x0803bc5c,0x3f6136d0,0.879742622
1403,0x0803bc60,0x3f614eb1,0.880106986
1404,0x0803bc64,0x3f61668a,0.880470872
1405,0x0803bc68,0x3f617e5b,0.880834281
1406,0x0803bc6c,0x3f619622,0.881197095
1407,0x0803bc70,0x3f61ade1,0.881559432
1408,0x0803bc74,0x3f61c598,0.881921291
1409,0x0803bc78,0x3f61dd45,0.882282555
1410,0x0803bc7c,0x3f61f4ea,0.882643342
1411,0x0803bc80,0x3f620c86,0.883003592
1412,0x0803bc84,0x3f62241a,0.883363366
1413,0x0803bc88,0x3f623ba4,0.883722544
1414,0x0803bc8c,0x3f625326,0.884081244
1415,0x0803bc90,0x3f626aa0,0.884439468
1416,0x0803bc94,0x3f628210,0.884797096
1417,0x0803bc98,0x3f629978,0.885154247
1418,0x0803bc9c,0x3f62b0d7,0.885510862
1419,0x0803bca0,0x3f62c82d,0.88586694
1420,0x0803bca4,0x3f62df7b,0.886222541
1421,0x0803bca8,0x3f62f6c0,0.886577606
1422,0x0803bcac,0x3f630dfc,0.886932135
1423,0x0803bcb0,0x3f63252f,0.887286127
1424,0x0803bcb4,0x3f633c5a,0.887639642
1425,0x0803bcb8,0x3f63537b,0.887992561
1426,0x0803bcbc,0x3f636a95,0.888345063
1427,0x0803bcc0,0x3f6381a5,0.888696969
1428,0x0803bcc4,0x3f6398ac,0.889048338
1429,0x0803bcc8,0x3f63afab,0.88939923
1430,0x0803bccc,0x3f63c6a1,0.889749587
1431,0x0803bcd0,0x3f63dd8e,0.890099406
1432,0x0803bcd4,0x3f63f473,0.890448749
1433,0x0803bcd8,0x3f640b4e,0.890797496
1434,0x0803bcdc,0x3f642221,0.891145766
1435,0x0803bce0,0x3f6438eb,0.891493499
1436,0x0803bce4,0x3f644fac,0.891840696
1437,0x0803bce8,0x3f646665,0.892187417
1438,0x0803bcec,0x3f647d14,0.892533541
1439,0x0803bcf0,0x3f6493bb,0.892879188
1440,0x0803bcf4,0x3f64aa59,0.893224299
1441,0x0803bcf8,0x3f64c0ee,0.893568873
1442,0x0803bcfc,0x3f64d77b,0.893912971
1443,0x0803bd00,0x3f64edfe,0.894256473
1444,0x0803bd04,0x3f650479,0.894599497
1445,0x0803bd08,0x3f651aeb,0.894941986
1446,0x0803bd0c,0x3f653154,0.895283937
1447,0x0803bd10,0x3f6547b4,0.895625353
1448,0x0803bd14,0x3f655e0b,0.895966232
1449,0x0803bd18,0x3f65745a,0.896306634
1450,0x0803bd1c,0x3f658aa0,0.8966465
1451,0x0803bd20,0x3f65a0dc,0.896985769
1452,0x0803bd24,0x3f65b710,0.897324562
1453,0x0803bd28,0x3f65cd3b,0.897662818
1454,0x0803bd2c,0x3f65e35e,0.898000598
1455,0x0803bd30,0x3f65f977,0.898337781
1456,0x0803bd34,0x3f660f88,0.898674488
1457,0x0803bd38,0x3f66258f,0.899010599
1458,0x0803bd3c,0x3f663b8e,0.899346232
1459,0x0803bd40,0x3f665184,0.89968133
1460,0x0803bd44,0x3f666771,0.900015891
1461,0x0803bd48,0x3f667d55,0.900349915
1462,0x0803bd4c,0x3f669330,0.900683403
1463,0x0803bd50,0x3f66a903,0.901016414
1464,0x0803bd54,0x3f66becc,0.901348829
1465,0x0803bd58,0x3f66d48d,0.901680768
1466,0x0803bd5c,0x3f66ea45,0.902012169
1467,0x0803bd60,0x3f66fff3,0.902342975
1468,0x0803bd64,0x3f671599,0.902673304
1469,0x0803bd68,0x3f672b36,0.903003097
1470,0x0803bd6c,0x3f6740ca,0.903332353
1471,0x0803bd70,0x3f675655,0.903661072
1472,0x0803bd74,0x3f676bd8,0.903989315
1473,0x0803bd78,0x3f678151,0.904316962
1474,0x0803bd7c,0x3f6796c1,0.904644072
1475,0x0803bd80,0x3f67ac29,0.904970706
1476,0x0803bd84,0x3f67c187,0.905296743
1477,0x0803bd88,0x3f67d6dd,0.905622303
1478,0x0803bd8c,0x3f67ec29,0.905947268
1479,0x0803bd90,0x3f68016d,0.906271756
1480,0x0803bd94,0x3f6816a8,0.906595707
1481,0x0803bd98,0x3f682bda,0.906919122
1482,0x0803bd9c,0x3f684103,0.907242
1483,0x0803bda0,0x3f685623,0.907564342
1484,0x0803bda4,0x3f686b39,0.907886088
1485,0x0803bda8,0x3f688047,0.908207357
1486,0x0803bdac,0x3f68954c,0.90852809
1487,0x0803bdb0,0x3f68aa49,0.908848345
1488,0x0803bdb4,0x3f68bf3c,0.909168005
1489,0x0803bdb8,0x3f68d426,0.909487128
1490,0x0803bdbc,0x3f68e907,0.909805715
1491,0x0803bdc0,0x3f68fddf,0.910123765
1492,0x0803bdc4,0x3f6912ae,0.910441279
1493,0x0803bdc8,0x3f692774,0.910758257
1494,0x0803bdcc,0x3f693c32,0.911074758
1495,0x0803bdd0,0x3f6950e6,0.911390662
1496,0x0803bdd4,0x3f696591,0.91170603
1497,0x0803bdd8,0x3f697a33,0.912020862
1498,0x0803bddc,0x3f698ecc,0.912335157
1499,0x0803bde0,0x3f69a35d,0.912648976
1500,0x0803bde4,0x3f69b7e4,0.912962198
1501,0x0803bde8,0x3f69cc62,0.913274884
1502,0x0803bdec,0x3f69e0d7,0.913587034
1503,0x0803bdf0,0x3f69f543,0.913898647
1504,0x0803bdf4,0x3f6a09a7,0.914209783
1505,0x0803bdf8,0x3f6a1e01,0.914520323
1506,0x0803bdfc,0x3f6a3252,0.914830327
1507,0x0803be00,0x3f6a469a,0.915139794
1508,0x0803be04,0x3f6a5ad9,0.915448725
1509,0x0803be08,0x3f6a6f0f,0.91575712
1510,0x0803be0c,0x3f6a833c,0.916064978
1511,0x0803be10,0x3f6a9760,0.916372299
1512,0x0803be14,0x3f6aab7b,0.916679084
1513,0x0803be18,0x3f6abf8c,0.916985273
1514,0x0803be1c,0x3f6ad395,0.917290986
1515,0x0803be20,0x3f6ae795,0.917596161
1516,0x0803be24,0x3f6afb8c,0.917900801
1517,0x0803be28,0x3f6b0f79,0.918204844
1518,0x0803be2c,0x3f6b235e,0.91850841
1519,0x0803be30,0x3f6b3739,0.918811381
1520,0x0803be34,0x3f6b4b0c,0.919113874
1521,0x0803be38,0x3f6b5ed5,0.919415772
1522,0x0803be3c,0x3f6b7295,0.919717133
1523,0x0803be40,0x3f6b864c,0.920017958
1524,0x0803be44,0x3f6b99fb,0.920318305
1525,0x0803be48,0x3f6bada0,0.920618057
1526,0x0803be4c,0x3f6bc13b,0.920917213
1527,0x0803be50,0x3f6bd4ce,0.921215892
1528,0x0803be54,0x3f6be858,0.921514034
1529,0x0803be58,0x3f6bfbd9,0.92181164
1530,0x0803be5c,0x3f6c0f50,0.92210865
1531,0x0803be60,0x3f6c22bf,0.922405183
1532,0x0803be64,0x3f6c3624,0.92270112
1533,0x0803be68,0x3f6c4980,0.922996521
1534,0x0803be6c,0x3f6c5cd4,0.923291445
1535,0x0803be70,0x3f6c701e,0.923585773
1536,0x0803be74,0x3f6c835e,0.923879504
1537,0x0803be78,0x3f6c9696,0.924172759
1538,0x0803be7c,0x3f6ca9c5,0.924465477
1539,0x0803be80,0x3f6cbcea,0.9247576
1540,0x0803be84,0x3f6cd007,0.925049245
1541,0x0803be88,0x3f6ce31a,0.925340295
1542,0x0803be8c,0x3f6cf624,0.925630808
1543,0x0803be90,0x3f6d0925,0.925920784
1544,0x0803be94,0x3f6d1c1d,0.926210225
1545,0x0803be98,0x3f6d2f0c,0.926499128
1546,0x0803be9c,0x3f6d41f2,0.926787496
1547,0x0803bea0,0x3f6d54ce,0.927075267
1548,0x0803bea4,0x3f6d67a1,0.927362502
1549,0x0803bea8,0x3f6d7a6c,0.92764926
1550,0x0803beac,0x3f6d8d2d,0.927935421
1551,0x0803beb0,0x3f6d9fe4,0.928220987
1552,0x0803beb4,0x3f6db293,0.928506076
1553,0x0803beb8,0x3f6dc539,0.928790629
1554,0x0803bebc,0x3f6dd7d5,0.929074585
1555,0x0803bec0,0x3f6dea68,0.929358006
1556,0x0803bec4,0x3f6dfcf2,0.929640889
1557,0x0803bec8,0x3f6e0f73,0.929923236
1558,0x0803becc,0x3f6e21eb,0.930205047
1559,0x0803bed0,0x3f6e3459,0.930486262
1560,0x0803bed4,0x3f6e46be,0.93076694
1561,0x0803bed8,0x3f6e591a,0.931047082
1562,0x0803bedc,0x3f6e6b6d,0.931326687
1563,0x0803bee0,0x3f6e7db7,0.931605756
1564,0x0803bee4,0x3f6e8ff8,0.931884289
1565,0x0803bee8,0x3f6ea22f,0.932162225
1566,0x0803beec,0x3f6eb45d,0.932439625
1567,0x0803bef0,0x3f6ec682,0.932716489
1568,0x0803bef4,0x3f6ed89e,0.932992816
1569,0x0803bef8,0x3f6eeab0,0.933268547
1570,0x0803befc,0x3f6efcba,0.933543801
1571,0x0803bf00,0x3f6f0eba,0.93381846
1572,0x0803bf04,0x3f6f20b0,0.934092522
1573,0x0803bf08,0x3f6f329e,0.934366107
1574,0x0803bf0c,0x3f6f4483,0.934639156
1575,0x0803bf10,0x3f6f565e,0.934911609
1576,0x0803bf14,0x3f6f6830,0.935183525
1577,0x0803bf18,0x3f6f79f8,0.935454845
1578,0x0803bf1c,0x3f6f8bb8,0.935725689
1579,0x0803bf20,0x3f6f9d6e,0.935995936
1580,0x0803bf24,0x3f6faf1b,0.936265647
1581,0x0803bf28,0x3f6fc0bf,0.936534822
1582,0x0803bf2c,0x3f6fd25a,0.93680346
1583,0x0803bf30,0x3f6fe3eb,0.937071502
1584,0x0803bf34,0x3f6ff573,0.937339008
1585,0x0803bf38,0x3f7006f2,0.937605977
1586,0x0803bf3c,0x3f701867,0.93787235
1587,0x0803bf40,0x3f7029d4,0.938138247
1588,0x0803bf44,0x3f703b37,0.938403547
1589,0x0803bf48,0x3f704c91,0.938668311
1590,0x0803bf4c,0x3f705de1,0.938932478
1591,0x0803bf50,0x3f706f28,0.93919611
1592,0x0803bf54,0x3f708066,0.939459205
1593,0x0803bf58,0x3f70919b,0.939721763
1594,0x0803bf5c,0x3f70a2c6,0.939983726
1595,0x0803bf60,0x3f70b3e9,0.940245211
1596,0x0803bf64,0x3f70c501,0.940506041
1597,0x0803bf68,0x3f70d611,0.940766394
1598,0x0803bf6c,0x3f70e717,0.941026151
1599,0x0803bf70,0x3f70f814,0.941285372
1600,0x0803bf74,0x3f710908,0.941544056
1601,0x0803bf78,0x3f7119f3,0.941802204
1602,0x0803bf7c,0x3f712ad4,0.942059755
1603,0x0803bf80,0x3f713bac,0.942316771
1604,0x0803bf84,0x3f714c7a,0.94257319
1605,0x0803bf88,0x3f715d3f,0.942829072
1606,0x0803bf8c,0x3f716dfb,0.943084419
1607,0x0803bf90,0x3f717eae,0.943339229
1608,0x0803bf94,0x3f718f57,0.943593442
1609,0x0803bf98,0x3f719ff7,0.94384712
1610,0x0803bf9c,0x3f71b08e,0.944100261
1611,0x0803bfa0,0x3f71c11b,0.944352806
1612,0x0803bfa4,0x3f71d19f,0.944604814
1613,0x0803bfa8,0x3f71e21a,0.944856286
1614,0x0803bfac,0x3f71f28c,0.945107222
1615,0x0803bfb0,0x3f7202f4,0.945357561
1616,0x0803bfb4,0x3f721352,0.945607305
1617,0x0803bfb8,0x3f7223a8,0.945856571
1618,0x0803bfbc,0x3f7233f4,0.946105242
1619,0x0803bfc0,0x3f724437,0.946353376
1620,0x0803bfc4,0x3f725470,0.946600914
1621,0x0803bfc8,0x3f7264a0,0.946847916
1622,0x0803bfcc,0x3f7274c7,0.947094381
1623,0x0803bfd0,0x3f7284e4,0.94734025
1624,0x0803bfd4,0x3f7294f8,0.947585583
1625,0x0803bfd8,0x3f72a503,0.947830379
1626,0x0803bfdc,0x3f72b504,0.948074579
1627,0x0803bfe0,0x3f72c4fc,0.948318243
1628,0x0803bfe4,0x3f72d4eb,0.94856137
1629,0x0803bfe8,0x3f72e4d0,0.948803902
1630,0x0803bfec,0x3f72f4ac,0.949045897
1631,0x0803bff0,0x3f73047e,0.949287295
1632,0x0803bff4,0x3f731447,0.949528158
1633,0x0803bff8,0x3f732407,0.949768484
1634,0x0803bffc,0x3f7333be,0.950008273
1635,0x0803c000,0x3f73436b,0.950247467
1636,0x0803c004,0x3f73530e,0.950486064
1637,0x0803c008,0x3f7362a8,0.950724125
1638,0x0803c00c,0x3f737239,0.950961649
1639,0x0803c010,0x3f7381c1,0.951198637
1640,0x0803c014,0x3f73913f,0.95143503
1641,0x0803c018,0x3f73a0b4,0.951670885
1642,0x0803c01c,0x3f73b01f,0.951906145
1643,0x0803c020,0x3f73bf81,0.952140868
1644,0x0803c024,0x3f73ced9,0.952374995
1645,0x0803c028,0x3f73de28,0.952608585
1646,0x0803c02c,0x3f73ed6e,0.95284164
1647,0x0803c030,0x3f73fcaa,0.953074098
1648,0x0803c034,0x3f740bdd,0.953306019
1649,0x0803c038,0x3f741b07,0.953537405
1650,0x0803c03c,0x3f742a27,0.953768194
1651,0x0803c040,0x3f74393e,0.953998446
1652,0x0803c044,0x3f74484b,0.954228103
1653,0x0803c048,0x3f74574f,0.954457223
1654,0x0803c04c,0x3f746649,0.954685748
1655,0x0803c050,0x3f74753a,0.954913735
1656,0x0803c054,0x3f748422,0.955141187
1657,0x0803c058,0x3f749300,0.955368042
1658,0x0803c05c,0x3f74a1d5,0.955594361
1659,0x0803c060,0x3f74b0a0,0.955820084
1660,0x0803c064,0x3f74bf62,0.95604527
1661,0x0803c068,0x3f74ce1a,0.95626986
1662,0x0803c06c,0x3f74dcc9,0.956493914
1663,0x0803c070,0x3f74eb6f,0.956717432
1664,0x0803c074,0x3f74fa0b,0.956940353
1665,0x0803c078,0x3f75089d,0.957162678
1666,0x0803c07c,0x3f751727,0.957384527
1667,0x0803c080,0x3f7525a6,0.95760572
1668,0x0803c084,0x3f75341d,0.957826436
1669,0x0803c088,0x3f754289,0.958046496
1670,0x0803c08c,0x3f7550ed,0.958266079
1671,0x0803c090,0x3f755f47,0.958485067
1672,0x0803c094,0x3f756d97,0.958703458
1673,0x0803c098,0x3f757bde,0.958921313
1674,0x0803c09c,0x3f758a1c,0.959138632
1675,0x0803c0a0,0x3f759850,0.959355354
1676,0x0803c0a4,0x3f75a67b,0.95957154
1677,0x0803c0a8,0x3f75b49c,0.95978713
1678,0x0803c0ac,0x3f75c2b3,0.960002124
1679,0x0803c0b0,0x3f75d0c2,0.960216641
1680,0x0803c0b4,0x3f75dec6,0.960430503
1681,0x0803c0b8,0x3f75ecc2,0.960643888
1682,0x0803c0bc,0x3f75fab3,0.960856616
1683,0x0803c0c0,0x3f76089c,0.961068869
1684,0x0803c0c4,0x3f76167a,0.961280465
1685,0x0803c0c8,0x3f762450,0.961491585
1686,0x0803c0cc,0x3f76321b,0.961702049
1687,0x0803c0d0,0x3f763fde,0.961912036
1688,0x0803c0d4,0x3f764d97,0.962121427
1689,0x0803c0d8,0x3f765b46,0.962330222
1690,0x0803c0dc,0x3f7668ec,0.962538481
1691,0x0803c0e0,0x3f767688,0.962746143
1692,0x0803c0e4,0x3f76841b,0.962953269
1693,0x0803c0e8,0x3f7691a4,0.9631598
1694,0x0803c0ec,0x3f769f24,0.963365793
1695,0x0803c0f0,0x3f76ac9a,0.963571191
1696,0x0803c0f4,0x3f76ba07,0.963776052
1697,0x0803c0f8,0x3f76c76b,0.963980377
1698,0x0803c0fc,0x3f76d4c4,0.964184046
1699,0x0803c100,0x3f76e215,0.964387238
1700,0x0803c104,0x3f76ef5b,0.964589775
1701,0x0803c108,0x3f76fc99,0.964791834
1702,0x0803c10c,0x3f7709cc,0.964993238
1703,0x0803c110,0x3f7716f6,0.965194106
1704,0x0803c114,0x3f772417,0.965394437
1705,0x0803c118,0x3f77312e,0.965594172
1706,0x0803c11c,0x3f773e3c,0.965793371
1707,0x0803c120,0x3f774b40,0.965991974
1708,0x0803c124,0x3f77583a,0.966189981
1709,0x0803c128,0x3f77652b,0.966387451
1710,0x0803c12c,0x3f777213,0.966584384
1711,0x0803c130,0x3f777ef1,0.966780722
1712,0x0803c134,0x3f778bc5,0.966976464
1713,0x0803c138,0x3f779890,0.967171669
1714,0x0803c13c,0x3f77a551,0.967366278
1715,0x0803c140,0x3f77b209,0.967560351
1716,0x0803c144,0x3f77beb7,0.967753828
1717,0x0803c148,0x3f77cb5c,0.967946768
1718,0x0803c14c,0x3f77d7f7,0.968139112
1719,0x0803c150,0x3f77e488,0.96833086
1720,0x0803c154,0x3f77f110,0.968522072
1721,0x0803c158,0x3f77fd8f,0.968712747
1722,0x0803c15c,0x3f780a04,0.968902826
1723,0x0803c160,0x3f78166f,0.969092309
1724,0x0803c164,0x3f7822d1,0.969281256
1725,0x0803c168,0x3f782f29,0.969469607
1726,0x0803c16c,0x3f783b77,0.969657362
1727,0x0803c170,0x3f7847bc,0.96984458
1728,0x0803c174,0x3f7853f8,0.970031261
1729,0x0803c178,0x3f78602a,0.970217347
1730,0x0803c17c,0x3f786c52,0.970402837
1731,0x0803c180,0x3f787871,0.97058779
1732,0x0803c184,0x3f788486,0.970772147
1733,0x0803c188,0x3f789091,0.970955908
1734,0x0803c18c,0x3f789c93,0.971139133
1735,0x0803c190,0x3f78a88c,0.971321821
1736,0x0803c194,0x3f78b47b,0.971503913
1737,0x0803c198,0x3f78c060,0.97168541
1738,0x0803c19c,0x3f78cc3b,0.97186631
1739,0x0803c1a0,0x3f78d80e,0.972046733
1740,0x0803c1a4,0x3f78e3d6,0.972226501
1741,0x0803c1a8,0x3f78ef95,0.972405732
1742,0x0803c1ac,0x3f78fb4a,0.972584367
1743,0x0803c1b0,0x3f7906f6,0.972762465
1744,0x0803c1b4,0x3f791298,0.972939968
1745,0x0803c1b8,0x3f791e30,0.973116875
1746,0x0803c1bc,0x3f7929bf,0.973293245
1747,0x0803c1c0,0x3f793544,0.973469019
1748,0x0803c1c4,0x3f7940c0,0.973644257
1749,0x0803c1c8,0x3f794c32,0.973818898
1750,0x0803c1cc,0x3f79579a,0.973992944
1751,0x0803c1d0,0x3f7962f9,0.974166453
1752,0x0803c1d4,0x3f796e4e,0.974339366
1753,0x0803c1d8,0x3f79799a,0.974511743
1754,0x0803c1dc,0x3f7984dc,0.974683523
1755,0x0803c1e0,0x3f799014,0.974854708
1756,0x0803c1e4,0x3f799b43,0.975025356
1757,0x0803c1e8,0x3f79a668,0.975195408
1758,0x0803c1ec,0x3f79b183,0.975364864
1759,0x0803c1f0,0x3f79bc95,0.975533783
1760,0x0803c1f4,0x3f79c79d,0.975702107
1761,0x0803c1f8,0x3f79d29c,0.975869894
1762,0x0803c1fc,0x3f79dd91,0.976037085
1763,0x0803c200,0x3f79e87c,0.97620368
1764,0x0803c204,0x3f79f35e,0.976369739
1765,0x0803c208,0x3f79fe36,0.976535201
1766,0x0803c20c,0x3f7a0904,0.976700068
1767,0x0803c210,0x3f7a13c9,0.976864398
1768,0x0803c214,0x3f7a1e84,0.977028131
1769,0x0803c218,0x3f7a2936,0.977191329
1770,0x0803c21c,0x3f7a33dd,0.977353871
1771,0x0803c220,0x3f7a3e7c,0.977515936
1772,0x0803c224,0x3f7a4910,0.977677345
1773,0x0803c228,0x3f7a539b,0.977838218
1774,0x0803c22c,0x3f7a5e1c,0.977998495
1775,0x0803c230,0x3f7a6894,0.978158236
1776,0x0803c234,0x3f7a7302,0.97831738
1777,0x0803c238,0x3f7a7d66,0.978475928
1778,0x0803c23c,0x3f7a87c1,0.97863394
1779,0x0803c240,0x3f7a9212,0.978791356
1780,0x0803c244,0x3f7a9c59,0.978948176
1781,0x0803c248,0x3f7aa697,0.979104459
1782,0x0803c24c,0x3f7ab0cb,0.979260147
1783,0x0803c250,0x3f7abaf5,0.979415238
1784,0x0803c254,0x3f7ac516,0.979569793
1785,0x0803c258,0x3f7acf2d,0.979723752
1786,0x0803c25c,0x3f7ad93a,0.979877114
1787,0x0803c260,0x3f7ae33d,0.980029881
1788,0x0803c264,0x3f7aed37,0.980182111
1789,0x0803c268,0x3f7af728,0.980333805
1790,0x0803c26c,0x3f7b010e,0.980484843
1791,0x0803c270,0x3f7b0aeb,0.980635345
1792,0x0803c274,0x3f7b14be,0.980785251
1793,0x0803c278,0x3f7b1e88,0.98093462
1794,0x0803c27c,0x3f7b2848,0.981083393
1795,0x0803c280,0x3f7b31fe,0.98123157
1796,0x0803c284,0x3f7b3bab,0.981379211
1797,0x0803c288,0x3f7b454e,0.981526256
1798,0x0803c28c,0x3f7b4ee7,0.981672704
1799,0x0803c290,0x3f7b5876,0.981818557
1800,0x0803c294,0x3f7b61fc,0.981963873
1801,0x0803c298,0x3f7b6b78,0.982108593
1802,0x0803c29c,0x3f7b74ea,0.982252717
1803,0x0803c2a0,0x3f7b7e53,0.982396305
1804,0x0803c2a4,0x3f7b87b2,0.982539296
1805,0x0803c2a8,0x3f7b9107,0.982681692
1806,0x0803c2ac,0x3f7b9a53,0.982823551
1807,0x0803c2b0,0x3f7ba395,0.982964814
1808,0x0803c2b4,0x3f7baccd,0.983105481
1809,0x0803c2b8,0x3f7bb5fc,0.983245611
1810,0x0803c2bc,0x3f7bbf20,0.983385086
1811,0x0803c2c0,0x3f7bc83b,0.983524024
1812,0x0803c2c4,0x3f7bd14d,0.983662426
1813,0x0803c2c8,0x3f7bda55,0.983800232
1814,0x0803c2cc,0x3f7be353,0.983937442
1815,0x0803c2d0,0x3f7bec47,0.984074056
1816,0x0803c2d4,0x3f7bf531,0.984210074
1817,0x0803c2d8,0x3f7bfe12,0.984345555
1818,0x0803c2dc,0x3f7c06e9,0.984480441
1819,0x0803c2e0,0x3f7c0fb7,0.984614789
1820,0x0803c2e4,0x3f7c187a,0.984748483
1821,0x0803c2e8,0x3f7c2134,0.984881639
1822,0x0803c2ec,0x3f7c29e5,0.98501426
1823,0x0803c2f0,0x3f7c328b,0.985146224
1824,0x0803c2f4,0x3f7c3b28,0.985277653
1825,0x0803c2f8,0x3f7c43bb,0.985408485
1826,0x0803c2fc,0x3f7c4c44,0.985538721
1827,0x0803c300,0x3f7c54c4,0.985668421
1828,0x0803c304,0x3f7c5d3a,0.985797524
1829,0x0803c308,0x3f7c65a6,0.985926032
1830,0x0803c30c,0x3f7c6e08,0.986053944
1831,0x0803c310,0x3f7c7661,0.986181319
1832,0x0803c314,0x3f7c7eb0,0.986308098
1833,0x0803c318,0x3f7c86f5,0.986434281
1834,0x0803c31c,0x3f7c8f31,0.986559927
1835,0x0803c320,0x3f7c9762,0.986684918
1836,0x0803c324,0x3f7c9f8a,0.986809373
1837,0x0803c328,0x3f7ca7a9,0.986933291
1838,0x0803c32c,0x3f7cafbd,0.987056553
1839,0x0803c330,0x3f7cb7c8,0.987179279
1840,0x0803c334,0x3f7cbfc9,0.987301409
1841,0x0803c338,0x3f7cc7c0,0.987422943
1842,0x0803c33c,0x3f7ccfae,0.987543941
1843,0x0803c340,0x3f7cd792,0.987664342
1844,0x0803c344,0x3f7cdf6c,0.987784147
1845,0x0803c348,0x3f7ce73c,0.987903357
1846,0x0803c34c,0x3f7cef03,0.988022029
1847,0x0803c350,0x3f7cf6c0,0.988140106
1848,0x0803c354,0x3f7cfe73,0.988257587
1849,0x0803c358,0x3f7d061c,0.988374472
1850,0x0803c35c,0x3f7d0dbc,0.98849082
1851,0x0803c360,0x3f7d1551,0.988606513
1852,0x0803c364,0x3f7d1cdd,0.988721669
1853,0x0803c368,0x3f7d2460,0.988836288
1854,0x0803c36c,0x3f7d2bd8,0.988950253
1855,0x0803c370,0x3f7d3347,0.98906368
1856,0x0803c374,0x3f7d3aac,0.989176512
1857,0x0803c378,0x3f7d4207,0.989288747
1858,0x0803c37c,0x3f7d4959,0.989400446
1859,0x0803c380,0x3f7d50a0,0.98951149
1860,0x0803c384,0x3f7d57de,0.989621997
1861,0x0803c388,0x3f7d5f13,0.989731967
1862,0x0803c38c,0x3f7d663d,0.989841282
1863,0x0803c390,0x3f7d6d5e,0.989950061
1864,0x0803c394,0x3f7d7474,0.990058184
1865,0x0803c398,0x3f7d7b82,0.99016583
1866,0x0803c39c,0x3f7d8285,0.99027282
1867,0x0803c3a0,0x3f7d897e,0.990379214
1868,0x0803c3a4,0x3f7d906e,0.990485072
1869,0x0803c3a8,0x3f7d9754,0.990590334
1870,0x0803c3ac,0x3f7d9e30,0.990695
1871,0x0803c3b0,0x3f7da503,0.990799129
1872,0x0803c3b4,0x3f7dabcc,0.990902662
1873,0x0803c3b8,0x3f7db28a,0.99100554
1874,0x0803c3bc,0x3f7db940,0.991107941
1875,0x0803c3c0,0x3f7dbfeb,0.991209686
1876,0x0803c3c4,0x3f7dc68c,0.991310835
1877,0x0803c3c8,0x3f7dcd24,0.991411448
1878,0x0803c3cc,0x3f7dd3b2,0.991511464
1879,0x0803c3d0,0x3f7dda36,0.991610885
1880,0x0803c3d4,0x3f7de0b1,0.991709769
1881,0x0803c3d8,0x3f7de721,0.991807997
1882,0x0803c3dc,0x3f7ded88,0.991905689
1883,0x0803c3e0,0x3f7df3e5,0.992002785
1884,0x0803c3e4,0x3f7dfa38,0.992099285
1885,0x0803c3e8,0x3f7e0082,0.992195249
1886,0x0803c3ec,0x3f7e06c2,0.992290616
1887,0x0803c3f0,0x3f7e0cf7,0.992385328
1888,0x0803c3f4,0x3f7e1324,0.992479563
1889,0x0803c3f8,0x3f7e1946,0.992573142
1890,0x0803c3fc,0x3f7e1f5e,0.992666125
1891,0x0803c400,0x3f7e256d,0.992758572
1892,0x0803c404,0x3f7e2b72,0.992850423
1893,0x0803c408,0x3f7e316d,0.992941678
1894,0x0803c40c,0x3f7e375e,0.993032336
1895,0x0803c410,0x3f7e3d46,0.993122458
1896,0x0803c414,0x3f7e4323,0.993211925
1897,0x0803c418,0x3f7e48f7,0.993300855
1898,0x0803c41c,0x3f7e4ec1,0.993389189
1899,0x0803c420,0x3f7e5482,0.993476987
1900,0x0803c424,0x3f7e5a38,0.993564129
1901,0x0803c428,0x3f7e5fe5,0.993650734
1902,0x0803c42c,0x3f7e6588,0.993736744
1903,0x0803c430,0x3f7e6b21,0.993822157
1904,0x0803c434,0x3f7e70b0,0.993906975
1905,0x0803c438,0x3f7e7635,0.993991196
1906,0x0803c43c,0x3f7e7bb1,0.994074881
1907,0x0803c440,0x3f7e8123,0.99415797
1908,0x0803c444,0x3f7e868b,0.994240463
1909,0x0803c448,0x3f7e8be9,0.99432236
1910,0x0803c44c,0x3f7e913d,0.99440366
1911,0x0803c450,0x3f7e9688,0.994484425
1912,0x0803c454,0x3f7e9bc9,0.994564593
1913,0x0803c458,0x3f7ea100,0.994644165
1914,0x0803c45c,0x3f7ea62d,0.994723141
1915,0x0803c460,0x3f7eab50,0.994801521
1916,0x0803c464,0x3f7eb069,0.994879305
1917,0x0803c468,0x3f7eb579,0.994956553
1918,0x0803c46c,0x3f7eba7f,0.995033205
1919,0x0803c470,0x3f7ebf7b,0.99510926
1920,0x0803c474,0x3f7ec46d,0.99518472
1921,0x0803c478,0x3f7ec955,0.995259583
1922,0x0803c47c,0x3f7ece34,0.99533391
1923,0x0803c480,0x3f7ed309,0.995407641
1924,0x0803c484,0x3f7ed7d4,0.995480776
1925,0x0803c488,0x3f7edc95,0.995553315
1926,0x0803c48c,0x3f7ee14c,0.995625257
1927,0x0803c490,0x3f7ee5f9,0.995696604
1928,0x0803c494,0x3f7eea9d,0.995767415
1929,0x0803c498,0x3f7eef37,0.995837629
1930,0x0803c49c,0x3f7ef3c7,0.995907247
1931,0x0803c4a0,0x3f7ef84d,0.995976269
1932,0x0803c4a4,0x3f7efcc9,0.996044695
1933,0x0803c4a8,0x3f7f013c,0.996112585
1934,0x0803c4ac,0x3f7f05a4,0.996179819
1935,0x0803c4b0,0x3f7f0a03,0.996246517
1936,0x0803c4b4,0x3f7f0e58,0.996312618
1937,0x0803c4b8,0x3f7f12a3,0.996378124
1938,0x0803c4bc,0x3f7f16e4,0.996443033
1939,0x0803c4c0,0x3f7f1b1c,0.996507406
1940,0x0803c4c4,0x3f7f1f49,0.996571124
1941,0x0803c4c8,0x3f7f236d,0.996634305
1942,0x0803c4cc,0x3f7f2787,0.996696889
1943,0x0803c4d0,0x3f7f2b97,0.996758878
1944,0x0803c4d4,0x3f7f2f9d,0.996820271
1945,0x0803c4d8,0x3f7f339a,0.996881127
1946,0x0803c4dc,0x3f7f378c,0.996941328
1947,0x0803c4e0,0x3f7f3b75,0.997000992
1948,0x0803c4e4,0x3f7f3f54,0.997060061
1949,0x0803c4e8,0x3f7f4329,0.997118533
1950,0x0803c4ec,0x3f7f46f4,0.997176409
1951,0x0803c4f0,0x3f7f4ab6,0.997233748
1952,0x0803c4f4,0x3f7f4e6d,0.997290432
1953,0x0803c4f8,0x3f7f521b,0.99734658
1954,0x0803c4fc,0x3f7f55bf,0.997402132
1955,0x0803c500,0x3f7f5959,0.997457087
1956,0x0803c504,0x3f7f5ce9,0.997511446
1957,0x0803c508,0x3f7f606f,0.99756521
1958,0x0803c50c,0x3f7f63ec,0.997618437
1959,0x0803c510,0x3f7f675f,0.997671068
1960,0x0803c514,0x3f7f6ac7,0.997723043
1961,0x0803c518,0x3f7f6e26,0.997774482
1962,0x0803c51c,0x3f7f717b,0.997825325
1963,0x0803c520,0x3f7f74c7,0.997875631
1964,0x0803c524,0x3f7f7808,0.997925282
1965,0x0803c528,0x3f7f7b40,0.997974396
1966,0x0803c52c,0x3f7f7e6d,0.998022854
1967,0x0803c530,0x3f7f8191,0.998070776
1968,0x0803c534,0x3f7f84ab,0.998118103
1969,0x0803c538,0x3f7f87bb,0.998164833
1970,0x0803c53c,0x3f7f8ac2,0.998211026
1971,0x0803c540,0x3f7f8dbe,0.998256564
1972,0x0803c544,0x3f7f90b1,0.998301566
1973,0x0803c548,0x3f7f9399,0.998345912
1974,0x0803c54c,0x3f7f9678,0.998389721
1975,0x0803c550,0x3f7f994d,0.998432934
1976,0x0803c554,0x3f7f9c18,0.998475552
1977,0x0803c558,0x3f7f9eda,0.998517632
1978,0x0803c55c,0x3f7fa191,0.998559058
1979,0x0803c560,0x3f7fa43f,0.998599946
1980,0x0803c564,0x3f7fa6e3,0.998640239
1981,0x0803c568,0x3f7fa97d,0.998679936
1982,0x0803c56c,0x3f7fac0d,0.998719037
1983,0x0803c570,0x3f7fae93,0.998757541
1984,0x0803c574,0x3f7fb10f,0.99879545
1985,0x0803c578,0x3f7fb382,0.998832822
1986,0x0803c57c,0x3f7fb5ea,0.998869538
1987,0x0803c580,0x3f7fb849,0.998905718
1988,0x0803c584,0x3f7fba9e,0.998941302
1989,0x0803c588,0x3f7fbce9,0.99897629
1990,0x0803c58c,0x3f7fbf2a,0.999010682
1991,0x0803c590,0x3f7fc161,0.999044478
1992,0x0803c594,0x3f7fc38f,0.999077737
1993,0x0803c598,0x3f7fc5b2,0.999110341
1994,0x0803c59c,0x3f7fc7cc,0.999142408
1995,0x0803c5a0,0x3f7fc9dc,0.99917388
1996,0x0803c5a4,0x3f7fcbe2,0.999204755
1997,0x0803c5a8,0x3f7fcdde,0.999235034
1998,0x0803c5ac,0x3f7fcfd1,0.999264777
1999,0x0803c5b0,0x3f7fd1b9,0.999293864
2000,0x0803c5b4,0x3f7fd397,0.999322355
2001,0x0803c5b8,0x3f7fd56c,0.999350309
2002,0x0803c5bc,0x3f7fd737,0.999377668
2003,0x0803c5c0,0x3f7fd8f8,0.99940443
2004,0x0803c5c4,0x3f7fdaaf,0.999430597
2005,0x0803c5c8,0x3f7fdc5c,0.999456167
2006,0x0803c5cc,0x3f7fde00,0.999481201
2007,0x0803c5d0,0x3f7fdf99,0.999505579
2008,0x0803c5d4,0x3f7fe129,0.999529421
2009,0x0803c5d8,0x3f7fe2af,0.999552667
2010,0x0803c5dc,0x3f7fe42b,0.999575317
2011,0x0803c5e0,0x3f7fe59d,0.999597371
2012,0x0803c5e4,0x3f7fe705,0.999618828
2013,0x0803c5e8,0x3f7fe863,0.99963969
2014,0x0803c5ec,0x3f7fe9b8,0.999660015
2015,0x0803c5f0,0x3f7feb02,0.999679685
2016,0x0803c5f4,0x3f7fec43,0.999698818
2017,0x0803c5f8,0x3f7fed7a,0.999717355
2018,0x0803c5fc,0x3f7feea7,0.999735296
2019,0x0803c600,0x3f7fefca,0.999752641
2020,0x0803c604,0x3f7ff0e3,0.99976939
2021,0x0803c608,0x3f7ff1f3,0.999785602
2022,0x0803c60c,0x3f7ff2f8,0.999801159
2023,0x0803c610,0x3f7ff3f4,0.999816179
2024,0x0803c614,0x3f7ff4e6,0.999830604
2025,0x0803c618,0x3f7ff5ce,0.999844432
2026,0x0803c61c,0x3f7ff6ac,0.999857664
2027,0x0803c620,0x3f7ff780,0.9998703
2028,0x0803c624,0x3f7ff84a,0.99988234
2029,0x0803c628,0x3f7ff90b,0.999893844
2030,0x0803c62c,0x3f7ff9c1,0.999904692
2031,0x0803c630,0x3f7ffa6e,0.999915004
2032,0x0803c634,0x3f7ffb11,0.999924719
2033,0x0803c638,0x3f7ffbaa,0.999933839
2034,0x0803c63c,0x3f7ffc39,0.999942362
2035,0x0803c640,0x3f7ffcbe,0.99995029
2036,0x0803c644,0x3f7ffd39,0.999957621
2037,0x0803c648,0x3f7ffdab,0.999964416
2038,0x0803c64c,0x3f7ffe13,0.999970615
2039,0x0803c650,0x3f7ffe70,0.999976158
2040,0x0803c654,0x3f7ffec4,0.999981165
2041,0x0803c658,0x3f7fff0e,0.999985576
2042,0x0803c65c,0x3f7fff4e,0.99998939
2043,0x0803c660,0x3f7fff85,0.999992669
2044,0x0803c664,0x3f7fffb1,0.999995291
2045,0x0803c668,0x3f7fffd4,0.999997377
2046,0x0803c66c,0x3f7fffec,0.999998808
2047,0x0803c670,0x3f7ffffb,0.999999702
2048,0x0803c674,0x3f800000,1
2049,0x0803c678,0x3f7ffffb,0.999999702
2050,0x0803c67c,0x3f7fffec,0.999998808
2051,0x0803c680,0x3f7fffd4,0.999997377
2052,0x0803c684,0x3f7fffb1,0.999995291
2053,0x0803c688,0x3f7fff85,0.999992669
2054,0x0803c68c,0x3f7fff4e,0.99998939
2055,0x0803c690,0x3f7fff0e,0.999985576
2056,0x0803c694,0x3f7ffec4,0.999981165
2057,0x0803c698,0x3f7ffe70,0.999976158
2058,0x0803c69c,0x3f7ffe13,0.999970615
2059,0x0803c6a0,0x3f7ffdab,0.999964416
2060,0x0803c6a4,0x3f7ffd39,0.999957621
2061,0x0803c6a8,0x3f7ffcbe,0.99995029
2062,0x0803c6ac,0x3f7ffc39,0.999942362
2063,0x0803c6b0,0x3f7ffbaa,0.999933839
2064,0x0803c6b4,0x3f7ffb11,0.999924719
2065,0x0803c6b8,0x3f7ffa6e,0.999915004
2066,0x0803c6bc,0x3f7ff9c1,0.999904692
2067,0x0803c6c0,0x3f7ff90b,0.999893844
2068,0x0803c6c4,0x3f7ff84a,0.99988234
2069,0x0803c6c8,0x3f7ff780,0.9998703
2070,0x0803c6cc,0x3f7ff6ac,0.999857664
2071,0x0803c6d0,0x3f7ff5ce,0.999844432
2072,0x0803c6d4,0x3f7ff4e6,0.999830604
2073,0x0803c6d8,0x3f7ff3f4,0.999816179
2074,0x0803c6dc,0x3f7ff2f8,0.999801159
2075,0x0803c6e0,0x3f7ff1f3,0.999785602
2076,0x0803c6e4,0x3f7ff0e3,0.99976939
2077,0x0803c6e8,0x3f7fefca,0.999752641
2078,0x0803c6ec,0x3f7feea7,0.999735296
2079,0x0803c6f0,0x3f7fed7a,0.999717355
2080,0x0803c6f4,0x3f7fec43,0.999698818
2081,0x0803c6f8,0x3f7feb02,0.999679685
2082,0x0803c6fc,0x3f7fe9b8,0.999660015
2083,0x0803c700,0x3f7fe863,0.99963969
2084,0x0803c704,0x3f7fe705,0.999618828
2085,0x0803c708,0x3f7fe59d,0.999597371
2086,0x0803c70c,0x3f7fe42b,0.999575317
2087,0x0803c710,0x3f7fe2af,0.999552667
2088,0x0803c714,0x3f7fe129,0.999529421
2089,0x0803c718,0x3f7fdf99,0.999505579
2090,0x0803c71c,0x3f7fde00,0.999481201
2091,0x0803c720,0x3f7fdc5c,0.999456167
2092,0x0803c724,0x3f7fdaaf,0.999430597
2093,0x0803c728,0x3f7fd8f8,0.99940443
2094,0x0803c72c,0x3f7fd737,0.999377668
2095,0x0803c730,0x3f7fd56c,0.999350309
2096,0x0803c734,0x3f7fd397,0.999322355
2097,0x0803c738,0x3f7fd1b9,0.999293864
2098,0x0803c73c,0x3f7fcfd1,0.999264777
2099,0x0803c740,0x3f7fcdde,0.999235034
2100,0x0803c744,0x3f7fcbe2,0.999204755
2101,0x0803c748,0x3f7fc9dc,0.99917388
2102,0x0803c74c,0x3f7fc7cc,0.999142408
2103,0x0803c750,0x3f7fc5b2,0.999110341
2104,0x0803c754,0x3f7fc38f,0.999077737
2105,0x0803c758,0x3f7fc161,0.999044478
2106,0x0803c75c,0x3f7fbf2a,0.999010682
2107,0x0803c760,0x3f7fbce9,0.99897629
2108,0x0803c764,0x3f7fba9e,0.998941302
2109,0x0803c768,0x3f7fb849,0.998905718
2110,0x0803c76c,0x3f7fb5ea,0.998869538
2111,0x0803c770,0x3f7fb382,0.998832822
2112,0x0803c774,0x3f7fb10f,0.99879545
2113,0x0803c778,0x3f7fae93,0.998757541
2114,0x0803c77c,0x3f7fac0d,0.998719037
2115,0x0803c780,0x3f7fa97d,0.998679936
2116,0x0803c784,0x3f7fa6e3,0.998640239
2117,0x0803c788,0x3f7fa43f,0.998599946
2118,0x0803c78c,0x3f7fa191,0.998559058
2119,0x0803c790,0x3f7f9eda,0.998517632
2120,0x0803c794,0x3f7f9c18,0.998475552
2121,0x0803c798,0x3f7f994d,0.998432934
2122,0x0803c79c,0x3f7f9678,0.998389721
2123,0x0803c7a0,0x3f7f9399,0.998345912
2124,0x0803c7a4,0x3f7f90b1,0.998301566
2125,0x0803c7a8,0x3f7f8dbe,0.998256564
2126,0x0803c7ac,0x3f7f8ac2,0.998211026
2127,0x0803c7b0,0x3f7f87bb,0.998164833
2128,0x0803c7b4,0x3f7f84ab,0.998118103
2129,0x0803c7b8,0x3f7f8191,0.998070776
2130,0x0803c7bc,0x3f7f7e6d,0.998022854
2131,0x0803c7c0,0x3f7f7b40,0.997974396
2132,0x0803c7c4,0x3f7f7808,0.997925282
2133,0x0803c7c8,0x3f7f74c7,0.997875631
2134,0x0803c7cc,0x3f7f717b,0.997825325
2135,0x0803c7d0,0x3f7f6e26,0.997774482
2136,0x0803c7d4,0x3f7f6ac7,0.997723043
2137,0x0803c7d8,0x3f7f675f,0.997671068
2138,0x0803c7dc,0x3f7f63ec,0.997618437
2139,0x0803c7e0,0x3f7f606f,0.99756521
2140,0x0803c7e4,0x3f7f5ce9,0.997511446
2141,0x0803c7e8,0x3f7f5959,0.997457087
2142,0x0803c7ec,0x3f7f55bf,0.997402132
2143,0x0803c7f0,0x3f7f521b,0.99734658
2144,0x0803c7f4,0x3f7f4e6d,0.997290432
2145,0x0803c7f8,0x3f7f4ab6,0.997233748
2146,0x0803c7fc,0x3f7f46f4,0.997176409
2147,0x0803c800,0x3f7f4329,0.997118533
2148,0x0803c804,0x3f7f3f54,0.997060061
2149,0x0803c808,0x3f7f3b75,0.997000992
2150,0x0803c80c,0x3f7f378c,0.996941328
2151,0x0803c810,0x3f7f339a,0.996881127
2152,0x0803c814,0x3f7f2f9d,0.996820271
2153,0x0803c818,0x3f7f2b97,0.996758878
2154,0x0803c81c,0x3f7f2787,0.996696889
2155,0x0803c820,0x3f7f236d,0.996634305
2156,0x0803c824,0x3f7f1f49,0.996571124
2157,0x0803c828,0x3f7f1b1c,0.996507406
2158,0x0803c82c,0x3f7f16e4,0.996443033
2159,0x0803c830,0x3f7f12a3,0.996378124
2160,0x0803c834,0x3f7f0e58,0.996312618
2161,0x0803c838,0x3f7f0a03,0.996246517
2162,0x0803c83c,0x3f7f05a4,0.996179819
2163,0x0803c840,0x3f7f013c,0.996112585
2164,0x0803c844,0x3f7efcc9,0.996044695
2165,0x0803c848,0x3f7ef84d,0.995976269
2166,0x0803c84c,0x3f7ef3c7,0.995907247
2167,0x0803c850,0x3f7eef37,0.995837629
2168,0x0803c854,0x3f7eea9d,0.995767415
2169,0x0803c858,0x3f7ee5f9,0.995696604
2170,0x0803c85c,0x3f7ee14c,0.995625257
2171,0x0803c860,0x3f7edc95,0.995553315
2172,0x0803c864,0x3f7ed7d4,0.995480776
2173,0x0803c868,0x3f7ed309,0.995407641
2174,0x0803c86c,0x3f7ece34,0.99533391
2175,0x0803c870,0x3f7ec955,0.995259583
2176,0x0803c874,0x3f7ec46d,0.99518472
2177,0x0803c878,0x3f7ebf7b,0.99510926
2178,0x0803c87c,0x3f7eba7f,0.995033205
2179,0x0803c880,0x3f7eb579,0.994956553
2180,0x0803c884,0x3f7eb069,0.994879305
2181,0x0803c888,0x3f7eab50,0.994801521
2182,0x0803c88c,0x3f7ea62d,0.994723141
2183,0x0803c890,0x3f7ea100,0.994644165
2184,0x0803c894,0x3f7e9bc9,0.994564593
2185,0x0803c898,0x3f7e9688,0.994484425
2186,0x0803c89c,0x3f7e913d,0.99440366
2187,0x0803c8a0,0x3f7e8be9,0.99432236
2188,0x0803c8a4,0x3f7e868b,0.994240463
2189,0x0803c8a8,0x3f7e8123,0.99415797
2190,0x0803c8ac,0x3f7e7bb1,0.994074881
2191,0x0803c8b0,0x3f7e7635,0.993991196
2192,0x0803c8b4,0x3f7e70b0,0.993906975
2193,0x0803c8b8,0x3f7e6b21,0.993822157
2194,0x0803c8bc,0x3f7e6588,0.993736744
2195,0x0803c8c0,0x3f7e5fe5,0.993650734
2196,0x0803c8c4,0x3f7e5a38,0.993564129
2197,0x0803c8c8,0x3f7e5482,0.993476987
2198,0x0803c8cc,0x3f7e4ec1,0.993389189
2199,0x0803c8d0,0x3f7e48f7,0.993300855
2200,0x0803c8d4,0x3f7e4323,0.993211925
2201,0x0803c8d8,0x3f7e3d46,0.993122458
2202,0x0803c8dc,0x3f7e375e,0.993032336
2203,0x0803c8e0,0x3f7e316d,0.992941678
2204,0x0803c8e4,0x3f7e2b72,0.992850423
2205,0x0803c8e8,0x3f7e256d,0.992758572
2206,0x0803c8ec,0x3f7e1f5e,0.992666125
2207,0x0803c8f0,0x3f7e1946,0.992573142
2208,0x0803c8f4,0x3f7e1324,0.992479563
2209,0x0803c8f8,0x3f7e0cf7,0.992385328
2210,0x0803c8fc,0x3f7e06c2,0.992290616
2211,0x0803c900,0x3f7e0082,0.992195249
2212,0x0803c904,0x3f7dfa38,0.992099285
2213,0x0803c908,0x3f7df3e5,0.992002785
2214,0x0803c90c,0x3f7ded88,0.991905689
2215,0x0803c910,0x3f7de721,0.991807997
2216,0x0803c914,0x3f7de0b1,0.991709769
2217,0x0803c918,0x3f7dda36,0.991610885
2218,0x0803c91c,0x3f7dd3b2,0.991511464
2219,0x0803c920,0x3f7dcd24,0.991411448
2220,0x0803c924,0x3f7dc68c,0.991310835
2221,0x0803c928,0x3f7dbfeb,0.991209686
2222,0x0803c92c,0x3f7db940,0.991107941
2223,0x0803c930,0x3f7db28a,0.99100554
2224,0x0803c934,0x3f7dabcc,0.990902662
2225,0x0803c938,0x3f7da503,0.990799129
2226,0x0803c93c,0x3f7d9e30,0.990695
2227,0x0803c940,0x3f7d9754,0.990590334
2228,0x0803c944,0x3f7d906e,0.990485072
2229,0x0803c948,0x3f7d897e,0.990379214
2230,0x0803c94c,0x3f7d8285,0.99027282
2231,0x0803c950,0x3f7d7b82,0.99016583
2232,0x0803c954,0x3f7d7474,0.990058184
2233,0x0803c958,0x3f7d6d5e,0.989950061
2234,0x0803c95c,0x3f7d663d,0.989841282
2235,0x0803c960,0x3f7d5f13,0.989731967
2236,0x0803c964,0x3f7d57de,0.989621997
2237,0x0803c968,0x3f7d50a0,0.98951149
2238,0x0803c96c,0x3f7d4959,0.989400446
2239,0x0803c970,0x3f7d4207,0.989288747
2240,0x0803c974,0x3f7d3aac,0.989176512
2241,0x0803c978,0x3f7d3347,0.98906368
2242,0x0803c97c,0x3f7d2bd8,0.988950253
2243,0x0803c980,0x3f7d2460,0.988836288
2244,0x0803c984,0x3f7d1cdd,0.988721669
2245,0x0803c988,0x3f7d1551,0.988606513
2246,0x0803c98c,0x3f7d0dbc,0.98849082
2247,0x0803c990,0x3f7d061c,0.988374472
2248,0x0803c994,0x3f7cfe73,0.988257587
2249,0x0803c998,0x3f7cf6c0,0.988140106
2250,0x0803c99c,0x3f7cef03,0.988022029
2251,0x0803c9a0,0x3f7ce73c,0.987903357
2252,0x0803c9a4,0x3f7cdf6c,0.987784147
2253,0x0803c9a8,0x3f7cd792,0.987664342
2254,0x0803c9ac,0x3f7ccfae,0.987543941
2255,0x0803c9b0,0x3f7cc7c0,0.987422943
2256,0x0803c9b4,0x3f7cbfc9,0.987301409
2257,0x0803c9b8,0x3f7cb7c8,0.987179279
2258,0x0803c9bc,0x3f7cafbd,0.987056553
2259,0x0803c9c0,0x3f7ca7a9,0.986933291
2260,0x0803c9c4,0x3f7c9f8a,0.986809373
2261,0x0803c9c8,0x3f7c9762,0.986684918
2262,0x0803c9cc,0x3f7c8f31,0.986559927
2263,0x0803c9d0,0x3f7c86f5,0.986434281
2264,0x0803c9d4,0x3f7c7eb0,0.986308098
2265,0x0803c9d8,0x3f7c7661,0.986181319
2266,0x0803c9dc,0x3f7c6e08,0.986053944
2267,0x0803c9e0,0x3f7c65a6,0.985926032
2268,0x0803c9e4,0x3f7c5d3a,0.985797524
2269,0x0803c9e8,0x3f7c54c4,0.985668421
2270,0x0803c9ec,0x3f7c4c44,0.985538721
2271,0x0803c9f0,0x3f7c43bb,0.985408485
2272,0x0803c9f4,0x3f7c3b28,0.985277653
2273,0x0803c9f8,0x3f7c328b,0.985146224
2274,0x0803c9fc,0x3f7c29e5,0.98501426
2275,0x0803ca00,0x3f7c2134,0.984881639
2276,0x0803ca04,0x3f7c187a,0.984748483
2277,0x0803ca08,0x3f7c0fb7,0.984614789
2278,0x0803ca0c,0x3f7c06e9,0.984480441
2279,0x0803ca10,0x3f7bfe12,0.984345555
2280,0x0803ca14,0x3f7bf531,0.984210074
2281,0x0803ca18,0x3f7bec47,0.984074056
2282,0x0803ca1c,0x3f7be353,0.983937442
2283,0x0803ca20,0x3f7bda55,0.983800232
2284,0x0803ca24,0x3f7bd14d,0.983662426
2285,0x0803ca28,0x3f7bc83b,0.983524024
2286,0x0803ca2c,0x3f7bbf20,0.983385086
2287,0x0803ca30,0x3f7bb5fc,0.983245611
2288,0x0803ca34,0x3f7baccd,0.983105481
2289,0x0803ca38,0x3f7ba395,0.982964814
2290,0x0803ca3c,0x3f7b9a53,0.982823551
2291,0x0803ca40,0x3f7b9107,0.982681692
2292,0x0803ca44,0x3f7b87b2,0.982539296
2293,0x0803ca48,0x3f7b7e53,0.982396305
2294,0x0803ca4c,0x3f7b74ea,0.982252717
2295,0x0803ca50,0x3f7b6b78,0.982108593
2296,0x0803ca54,0x3f7b61fc,0.981963873
2297,0x0803ca58,0x3f7b5876,0.981818557
2298,0x0803ca5c,0x3f7b4ee7,0.981672704
2299,0x0803ca60,0x3f7b454e,0.981526256
2300,0x0803ca64,0x3f7b3bab,0.981379211
2301,0x0803ca68,0x3f7b31fe,0.98123157
2302,0x0803ca6c,0x3f7b2848,0.981083393
2303,0x0803ca70,0x3f7b1e88,0.98093462
2304,0x0803ca74,0x3f7b14be,0.980785251
2305,0x0803ca78,0x3f7b0aeb,0.980635345
2306,0x0803ca7c,0x3f7b010e,0.980484843
2307,0x0803ca80,0x3f7af728,0.980333805
2308,0x0803ca84,0x3f7aed37,0.980182111
2309,0x0803ca88,0x3f7ae33d,0.980029881
2310,0x0803ca8c,0x3f7ad93a,0.979877114
2311,0x0803ca90,0x3f7acf2d,0.979723752
2312,0x0803ca94,0x3f7ac516,0.979569793
2313,0x0803ca98,0x3f7abaf5,0.979415238
2314,0x0803ca9c,0x3f7ab0cb,0.979260147
2315,0x0803caa0,0x3f7aa697,0.979104459
2316,0x0803caa4,0x3f7a9c59,0.978948176
2317,0x0803caa8,0x3f7a9212,0.978791356
2318,0x0803caac,0x3f7a87c1,0.97863394
2319,0x0803cab0,0x3f7a7d66,0.978475928
2320,0x0803cab4,0x3f7a7302,0.97831738
2321,0x0803cab8,0x3f7a6894,0.978158236
2322,0x0803cabc,0x3f7a5e1c,0.977998495
2323,0x0803cac0,0x3f7a539b,0.977838218
2324,0x0803cac4,0x3f7a4910,0.977677345
2325,0x0803cac8,0x3f7a3e7c,0.977515936
2326,0x0803cacc,0x3f7a33dd,0.977353871
2327,0x0803cad0,0x3f7a2936,0.977191329
2328,0x0803cad4,0x3f7a1e84,0.977028131
2329,0x0803cad8,0x3f7a13c9,0.976864398
2330,0x0803cadc,0x3f7a0904,0.976700068
2331,0x0803cae0,0x3f79fe36,0.976535201
2332,0x0803cae4,0x3f79f35e,0.976369739
2333,0x0803cae8,0x3f79e87c,0.97620368
2334,0x0803caec,0x3f79dd91,0.976037085
2335,0x0803caf0,0x3f79d29c,0.975869894
2336,0x0803caf4,0x3f79c79d,0.975702107
2337,0x0803caf8,0x3f79bc95,0.975533783
2338,0x0803cafc,0x3f79b183,0.975364864
2339,0x0803cb00,0x3f79a668,0.975195408
2340,0x0803cb04,0x3f799b43,0.975025356
2341,0x0803cb08,0x3f799014,0.974854708
2342,0x0803cb0c,0x3f7984dc,0.974683523
2343,0x0803cb10,0x3f79799a,0.974511743
2344,0x0803cb14,0x3f796e4e,0.974339366
2345,0x0803cb18,0x3f7962f9,0.974166453
2346,0x0803cb1c,0x3f79579a,0.973992944
2347,0x0803cb20,0x3f794c32,0.973818898
2348,0x0803cb24,0x3f7940c0,0.973644257
2349,0x0803cb28,0x3f793544,0.973469019
2350,0x0803cb2c,0x3f7929bf,0.973293245
2351,0x0803cb30,0x3f791e30,0.973116875
2352,0x0803cb34,0x3f791298,0.972939968
2353,0x0803cb38,0x3f7906f6,0.972762465
2354,0x0803cb3c,0x3f78fb4a,0.972584367
2355,0x0803cb40,0x3f78ef95,0.972405732
2356,0x0803cb44,0x3f78e3d6,0.972226501
2357,0x0803cb48,0x3f78d80e,0.972046733
2358,0x0803cb4c,0x3f78cc3b,0.97186631
2359,0x0803cb50,0x3f78c060,0.97168541
2360,0x0803cb54,0x3f78b47b,0.971503913
2361,0x0803cb58,0x3f78a88c,0.971321821
2362,0x0803cb5c,0x3f789c93,0.971139133
2363,0x0803cb60,0x3f789091,0.970955908
2364,0x0803cb64,0x3f788486,0.970772147
2365,0x0803cb68,0x3f787871,0.97058779
2366,0x0803cb6c,0x3f786c52,0.970402837
2367,0x0803cb70,0x3f78602a,0.970217347
2368,0x0803cb74,0x3f7853f8,0.970031261
2369,0x0803cb78,0x3f7847bc,0.96984458
2370,0x0803cb7c,0x3f783b77,0.969657362
2371,0x0803cb80,0x3f782f29,0.969469607
2372,0x0803cb84,0x3f7822d1,0.969281256
2373,0x0803cb88,0x3f78166f,0.969092309
2374,0x0803cb8c,0x3f780a04,0.968902826
2375,0x0803cb90,0x3f77fd8f,0.968712747
2376,0x0803cb94,0x3f77f110,0.968522072
2377,0x0803cb98,0x3f77e488,0.96833086
2378,0x0803cb9c,0x3f77d7f7,0.968139112
2379,0x0803cba0,0x3f77cb5c,0.967946768
2380,0x0803cba4,0x3f77beb7,0.967753828
2381,0x0803cba8,0x3f77b209,0.967560351
2382,0x0803cbac,0x3f77a551,0.967366278
2383,0x0803cbb0,0x3f779890,0.967171669
2384,0x0803cbb4,0x3f778bc5,0.966976464
2385,0x0803cbb8,0x3f777ef1,0.966780722
2386,0x0803cbbc,0x3f777213,0.966584384
2387,0x0803cbc0,0x3f77652b,0.966387451
2388,0x0803cbc4,0x3f77583a,0.966189981
2389,0x0803cbc8,0x3f774b40,0.965991974
2390,0x0803cbcc,0x3f773e3c,0.965793371
2391,0x0803cbd0,0x3f77312e,0.965594172
2392,0x0803cbd4,0x3f772417,0.965394437
2393,0x0803cbd8,0x3f7716f6,0.965194106
2394,0x0803cbdc,0x3f7709cc,0.964993238
2395,0x0803cbe0,0x3f76fc99,0.964791834
2396,0x0803cbe4,0x3f76ef5b,0.964589775
2397,0x0803cbe8,0x3f76e215,0.964387238
2398,0x0803cbec,0x3f76d4c4,0.964184046
2399,0x0803cbf0,0x3f76c76b,0.963980377
2400,0x0803cbf4,0x3f76ba07,0.963776052
2401,0x0803cbf8,0x3f76ac9a,0.963571191
2402,0x0803cbfc,0x3f769f24,0.963365793
2403,0x0803cc00,0x3f7691a4,0.9631598
2404,0x0803cc04,0x3f76841b,0.962953269
2405,0x0803cc08,0x3f767688,0.962746143
2406,0x0803cc0c,0x3f7668ec,0.962538481
2407,0x0803cc10,0x3f765b46,0.962330222
2408,0x0803cc14,0x3f764d97,0.962121427
2409,0x0803cc18,0x3f763fde,0.961912036
2410,0x0803cc1c,0x3f76321b,0.961702049
2411,0x0803cc20,0x3f762450,0.961491585
2412,0x0803cc24,0x3f76167a,0.961280465
2413,0x0803cc28,0x3f76089c,0.961068869
2414,0x0803cc2c,0x3f75fab3,0.960856616
2415,0x0803cc30,0x3f75ecc2,0.960643888
2416,0x0803cc34,0x3f75dec6,0.960430503
2417,0x0803cc38,0x3f75d0c2,0.960216641
2418,0x0803cc3c,0x3f75c2b3,0.960002124
2419,0x0803cc40,0x3f75b49c,0.95978713
2420,0x0803cc44,0x3f75a67b,0.95957154
2421,0x0803cc48,0x3f759850,0.959355354
2422,0x0803cc4c,0x3f758a1c,0.959138632
2423,0x0803cc50,0x3f757bde,0.958921313
2424,0x0803cc54,0x3f756d97,0.958703458
2425,0x0803cc58,0x3f755f47,0.958485067
2426,0x0803cc5c,0x3f7550ed,0.958266079
2427,0x0803cc60,0x3f754289,0.958046496
2428,0x0803cc64,0x3f75341d,0.957826436
2429,0x0803cc68,0x3f7525a6,0.95760572
2430,0x0803cc6c,0x3f751727,0.957384527
2431,0x0803cc70,0x3f75089d,0.957162678
2432,0x0803cc74,0x3f74fa0b,0.956940353
2433,0x0803cc78,0x3f74eb6f,0.956717432
2434,0x0803cc7c,0x3f74dcc9,0.956493914
2435,0x0803cc80,0x3f74ce1a,0.95626986
2436,0x0803cc84,0x3f74bf62,0.95604527
2437,0x0803cc88,0x3f74b0a0,0.955820084
2438,0x0803cc8c,0x3f74a1d5,0.955594361
2439,0x0803cc90,0x3f749300,0.955368042
2440,0x0803cc94,0x3f748422,0.955141187
2441,0x0803cc98,0x3f74753a,0.954913735
2442,0x0803cc9c,0x3f746649,0.954685748
2443,0x0803cca0,0x3f74574f,0.954457223
2444,0x0803cca4,0x3f74484b,0.954228103
2445,0x0803cca8,0x3f74393e,0.953998446
2446,0x0803ccac,0x3f742a27,0.953768194
2447,0x0803ccb0,0x3f741b07,0.953537405
2448,0x0803ccb4,0x3f740bdd,0.953306019
2449,0x0803ccb8,0x3f73fcaa,0.953074098
2450,0x0803ccbc,0x3f73ed6e,0.95284164
2451,0x0803ccc0,0x3f73de28,0.952608585
2452,0x0803ccc4,0x3f73ced9,0.952374995
2453,0x0803ccc8,0x3f73bf81,0.952140868
2454,0x0803cccc,0x3f73b01f,0.951906145
2455,0x0803ccd0,0x3f73a0b4,0.951670885
2456,0x0803ccd4,0x3f73913f,0.95143503
2457,0x0803ccd8,0x3f7381c1,0.951198637
2458,0x0803ccdc,0x3f737239,0.950961649
2459,0x0803cce0,0x3f7362a8,0.950724125
2460,0x0803cce4,0x3f73530e,0.950486064
2461,0x0803cce8,0x3f73436b,0.950247467
2462,0x0803ccec,0x3f7333be,0.950008273
2463,0x0803ccf0,0x3f732407,0.949768484
2464,0x0803ccf4,0x3f731447,0.949528158
2465,0x0803ccf8,0x3f73047e,0.949287295
2466,0x0803ccfc,0x3f72f4ac,0.949045897
2467,0x0803cd00,0x3f72e4d0,0.948803902
2468,0x0803cd04,0x3f72d4eb,0.94856137
2469,0x0803cd08,0x3f72c4fc,0.948318243
2470,0x0803cd0c,0x3f72b504,0.948074579
2471,0x0803cd10,0x3f72a503,0.947830379
2472,0x0803cd14,0x3f7294f8,0.947585583
2473,0x0803cd18,0x3f7284e4,0.94734025
2474,0x0803cd1c,0x3f7274c7,0.947094381
2475,0x0803cd20,0x3f7264a0,0.946847916
2476,0x0803cd24,0x3f725470,0.946600914
2477,0x0803cd28,0x3f724437,0.946353376
2478,0x0803cd2c,0x3f7233f4,0.946105242
2479,0x0803cd30,0x3f7223a8,0.945856571
2480,0x0803cd34,0x3f721352,0.945607305
2481,0x0803cd38,0x3f7202f4,0.945357561
2482,0x0803cd3c,0x3f71f28c,0.945107222
2483,0x0803cd40,0x3f71e21a,0.944856286
2484,0x0803cd44,0x3f71d19f,0.944604814
2485,0x0803cd48,0x3f71c11b,0.944352806
2486,0x0803cd4c,0x3f71b08e,0.944100261
2487,0x0803cd50,0x3f719ff7,0.94384712
2488,0x0803cd54,0x3f718f57,0.943593442
2489,0x0803cd58,0x3f717eae,0.943339229
2490,0x0803cd5c,0x3f716dfb,0.943084419
2491,0x0803cd60,0x3f715d3f,0.942829072
2492,0x0803cd64,0x3f714c7a,0.94257319
2493,0x0803cd68,0x3f713bac,0.942316771
2494,0x0803cd6c,0x3f712ad4,0.942059755
2495,0x0803cd70,0x3f7119f3,0.941802204
2496,0x0803cd74,0x3f710908,0.941544056
2497,0x0803cd78,0x3f70f814,0.941285372
2498,0x0803cd7c,0x3f70e717,0.941026151
2499,0x0803cd80,0x3f70d611,0.940766394
2500,0x0803cd84,0x3f70c501,0.940506041
2501,0x0803cd88,0x3f70b3e9,0.940245211
2502,0x0803cd8c,0x3f70a2c6,0.939983726
2503,0x0803cd90,0x3f70919b,0.939721763
2504,0x0803cd94,0x3f708066,0.939459205
2505,0x0803cd98,0x3f706f28,0.93919611
2506,0x0803cd9c,0x3f705de1,0.938932478
2507,0x0803cda0,0x3f704c91,0.938668311
2508,0x0803cda4,0x3f703b37,0.938403547
2509,0x0803cda8,0x3f7029d4,0.938138247
2510,0x0803cdac,0x3f701867,0.93787235
2511,0x0803cdb0,0x3f7006f2,0.937605977
2512,0x0803cdb4,0x3f6ff573,0.937339008
2513,0x0803cdb8,0x3f6fe3eb,0.937071502
2514,0x0803cdbc,0x3f6fd25a,0.93680346
2515,0x0803cdc0,0x3f6fc0bf,0.936534822
2516,0x0803cdc4,0x3f6faf1b,0.936265647
2517,0x0803cdc8,0x3f6f9d6e,0.935995936
2518,0x0803cdcc,0x3f6f8bb8,0.935725689
2519,0x0803cdd0,0x3f6f79f8,0.935454845
2520,0x0803cdd4,0x3f6f6830,0.935183525
2521,0x0803cdd8,0x3f6f565e,0.934911609
2522,0x0803cddc,0x3f6f4483,0.934639156
2523,0x0803cde0,0x3f6f329e,0.934366107
2524,0x0803cde4,0x3f6f20b0,0.934092522
2525,0x0803cde8,0x3f6f0eba,0.93381846
2526,0x0803cdec,0x3f6efcba,0.933543801
2527,0x0803cdf0,0x3f6eeab0,0.933268547
2528,0x0803cdf4,0x3f6ed89e,0.932992816
2529,0x0803cdf8,0x3f6ec682,0.932716489
2530,0x0803cdfc,0x3f6eb45d,0.932439625
2531,0x0803ce00,0x3f6ea22f,0.932162225
2532,0x0803ce04,0x3f6e8ff8,0.931884289
2533,0x0803ce08,0x3f6e7db7,0.931605756
2534,0x0803ce0c,0x3f6e6b6d,0.931326687
2535,0x0803ce10,0x3f6e591a,0.931047082
2536,0x0803ce14,0x3f6e46be,0.93076694
2537,0x0803ce18,0x3f6e3459,0.930486262
2538,0x0803ce1c,0x3f6e21eb,0.930205047
2539,0x0803ce20,0x3f6e0f73,0.929923236
2540,0x0803ce24,0x3f6dfcf2,0.929640889
2541,0x0803ce28,0x3f6dea68,0.929358006
2542,0x0803ce2c,0x3f6dd7d5,0.929074585
2543,0x0803ce30,0x3f6dc539,0.928790629
2544,0x0803ce34,0x3f6db293,0.928506076
2545,0x0803ce38,0x3f6d9fe4,0.928220987
2546,0x0803ce3c,0x3f6d8d2d,0.927935421
2547,0x0803ce40,0x3f6d7a6c,0.92764926
2548,0x0803ce44,0x3f6d67a1,0.927362502
2549,0x0803ce48,0x3f6d54ce,0.927075267
2550,0x0803ce4c,0x3f6d41f2,0.926787496
2551,0x0803ce50,0x3f6d2f0c,0.926499128
2552,0x0803ce54,0x3f6d1c1d,0.926210225
2553,0x0803ce58,0x3f6d0925,0.925920784
2554,0x0803ce5c,0x3f6cf624,0.925630808
2555,0x0803ce60,0x3f6ce31a,0.925340295
2556,0x0803ce64,0x3f6cd007,0.925049245
2557,0x0803ce68,0x3f6cbcea,0.9247576
2558,0x0803ce6c,0x3f6ca9c5,0.924465477
2559,0x0803ce70,0x3f6c9696,0.924172759
2560,0x0803ce74,0x3f6c835e,0.923879504
2561,0x0803ce78,0x3f6c701e,0.923585773
2562,0x0803ce7c,0x3f6c5cd4,0.923291445
2563,0x0803ce80,0x3f6c4980,0.922996521
2564,0x0803ce84,0x3f6c3624,0.92270112
2565,0x0803ce88,0x3f6c22bf,0.922405183
2566,0x0803ce8c,0x3f6c0f50,0.92210865
2567,0x0803ce90,0x3f6bfbd9,0.92181164
2568,0x0803ce94,0x3f6be858,0.921514034
2569,0x0803ce98,0x3f6bd4ce,0.921215892
2570,0x0803ce9c,0x3f6bc13b,0.920917213
2571,0x0803cea0,0x3f6bada0,0.920618057
2572,0x0803cea4,0x3f6b99fb,0.920318305
2573,0x0803cea8,0x3f6b864c,0.920017958
2574,0x0803ceac,0x3f6b7295,0.919717133
2575,0x0803ceb0,0x3f6b5ed5,0.919415772
2576,0x0803ceb4,0x3f6b4b0c,0.919113874
2577,0x0803ceb8,0x3f6b3739,0.918811381
2578,0x0803cebc,0x3f6b235e,0.91850841
2579,0x0803cec0,0x3f6b0f79,0.918204844
2580,0x0803cec4,0x3f6afb8c,0.917900801
2581,0x0803cec8,0x3f6ae795,0.917596161
2582,0x0803cecc,0x3f6ad395,0.917290986
2583,0x0803ced0,0x3f6abf8c,0.916985273
2584,0x0803ced4,0x3f6aab7b,0.916679084
2585,0x0803ced8,0x3f6a9760,0.916372299
2586,0x0803cedc,0x3f6a833c,0.916064978
2587,0x0803cee0,0x3f6a6f0f,0.91575712
2588,0x0803cee4,0x3f6a5ad9,0.915448725
2589,0x0803cee8,0x3f6a469a,0.915139794
2590,0x0803ceec,0x3f6a3252,0.914830327
2591,0x0803cef0,0x3f6a1e01,0.914520323
2592,0x0803cef4,0x3f6a09a7,0.914209783
2593,0x0803cef8,0x3f69f543,0.913898647
2594,0x0803cefc,0x3f69e0d7,0.913587034
2595,0x0803cf00,0x3f69cc62,0.913274884
2596,0x0803cf04,0x3f69b7e4,0.912962198
2597,0x0803cf08,0x3f69a35d,0.912648976
2598,0x0803cf0c,0x3f698ecc,0.912335157
2599,0x0803cf10,0x3f697a33,0.912020862
2600,0x0803cf14,0x3f696591,0.91170603
2601,0x0803cf18,0x3f6950e6,0.911390662
2602,0x0803cf1c,0x3f693c32,0.911074758
2603,0x0803cf20,0x3f692774,0.910758257
2604,0x0803cf24,0x3f6912ae,0.910441279
2605,0x0803cf28,0x3f68fddf,0.910123765
2606,0x0803cf2c,0x3f68e907,0.909805715
2607,0x0803cf30,0x3f68d426,0.909487128
2608,0x0803cf34,0x3f68bf3c,0.909168005
2609,0x0803cf38,0x3f68aa49,0.908848345
2610,0x0803cf3c,0x3f68954c,0.90852809
2611,0x0803cf40,0x3f688047,0.908207357
2612,0x0803cf44,0x3f686b39,0.907886088
2613,0x0803cf48,0x3f685623,0.907564342
2614,0x0803cf4c,0x3f684103,0.907242
2615,0x0803cf50,0x3f682bda,0.906919122
2616,0x0803cf54,0x3f6816a8,0.906595707
2617,0x0803cf58,0x3f68016d,0.906271756
2618,0x0803cf5c,0x3f67ec29,0.905947268
2619,0x0803cf60,0x3f67d6dd,0.905622303
2620,0x0803cf64,0x3f67c187,0.905296743
2621,0x0803cf68,0x3f67ac29,0.904970706
2622,0x0803cf6c,0x3f6796c1,0.904644072
2623,0x0803cf70,0x3f678151,0.904316962
2624,0x0803cf74,0x3f676bd8,0.903989315
2625,0x0803cf78,0x3f675655,0.903661072
2626,0x0803cf7c,0x3f6740ca,0.903332353
2627,0x0803cf80,0x3f672b36,0.903003097
2628,0x0803cf84,0x3f671599,0.902673304
2629,0x0803cf88,0x3f66fff3,0.902342975
2630,0x0803cf8c,0x3f66ea45,0.902012169
2631,0x0803cf90,0x3f66d48d,0.901680768
2632,0x0803cf94,0x3f66becc,0.901348829
2633,0x0803cf98,0x3f66a903,0.901016414
2634,0x0803cf9c,0x3f669330,0.900683403
2635,0x0803cfa0,0x3f667d55,0.900349915
2636,0x0803cfa4,0x3f666771,0.900015891
2637,0x0803cfa8,0x3f665184,0.89968133
2638,0x0803cfac,0x3f663b8e,0.899346232
2639,0x0803cfb0,0x3f66258f,0.899010599
2640,0x0803cfb4,0x3f660f88,0.898674488
2641,0x0803cfb8,0x3f65f977,0.898337781
2642,0x0803cfbc,0x3f65e35e,0.898000598
2643,0x0803cfc0,0x3f65cd3b,0.897662818
2644,0x0803cfc4,0x3f65b710,0.897324562
2645,0x0803cfc8,0x3f65a0dc,0.896985769
2646,0x0803cfcc,0x3f658aa0,0.8966465
2647,0x0803cfd0,0x3f65745a,0.896306634
2648,0x0803cfd4,0x3f655e0b,0.895966232
2649,0x0803cfd8,0x3f6547b4,0.895625353
2650,0x0803cfdc,0x3f653154,0.895283937
2651,0x0803cfe0,0x3f651aeb,0.894941986
2652,0x0803cfe4,0x3f650479,0.894599497
2653,0x0803cfe8,0x3f64edfe,0.894256473
2654,0x0803cfec,0x3f64d77b,0.893912971
2655,0x0803cff0,0x3f64c0ee,0.893568873
2656,0x0803cff4,0x3f64aa59,0.893224299
2657,0x0803cff8,0x3f6493bb,0.892879188
2658,0x0803cffc,0x3f647d14,0.892533541
2659,0x0803d000,0x3f646665,0.892187417
2660,0x0803d004,0x3f644fac,0.891840696
2661,0x0803d008,0x3f6438eb,0.891493499
2662,0x0803d00c,0x3f642221,0.891145766
2663,0x0803d010,0x3f640b4e,0.890797496
2664,0x0803d014,0x3f63f473,0.890448749
2665,0x0803d018,0x3f63dd8e,0.890099406
2666,0x0803d01c,0x3f63c6a1,0.889749587
2667,0x0803d020,0x3f63afab,0.88939923
2668,0x0803d024,0x3f6398ac,0.889048338
2669,0x0803d028,0x3f6381a5,0.888696969
2670,0x0803d02c,0x3f636a95,0.888345063
2671,0x0803d030,0x3f63537b,0.887992561
2672,0x0803d034,0x3f633c5a,0.887639642
2673,0x0803d038,0x3f63252f,0.887286127
2674,0x0803d03c,0x3f630dfc,0.886932135
2675,0x0803d040,0x3f62f6c0,0.886577606
2676,0x0803d044,0x3f62df7b,0.886222541
2677,0x0803d048,0x3f62c82d,0.88586694
2678,0x0803d04c,0x3f62b0d7,0.885510862
2679,0x0803d050,0x3f629978,0.885154247
2680,0x0803d054,0x3f628210,0.884797096
2681,0x0803d058,0x3f626aa0,0.884439468
2682,0x0803d05c,0x3f625326,0.884081244
2683,0x0803d060,0x3f623ba4,0.883722544
2684,0x0803d064,0x3f62241a,0.883363366
2685,0x0803d068,0x3f620c86,0.883003592
2686,0x0803d06c,0x3f61f4ea,0.882643342
2687,0x0803d070,0x3f61dd45,0.882282555
2688,0x0803d074,0x3f61c598,0.881921291
2689,0x0803d078,0x3f61ade1,0.881559432
2690,0x0803d07c,0x3f619622,0.881197095
2691,0x0803d080,0x3f617e5b,0.880834281
2692,0x0803d084,0x3f61668a,0.880470872
2693,0x0803d088,0x3f614eb1,0.880106986
2694,0x0803d08c,0x3f6136d0,0.879742622
2695,0x0803d090,0x3f611ee5,0.879377663
2696,0x0803d094,0x3f6106f2,0.879012227
2697,0x0803d098,0x3f60eef6,0.878646255
2698,0x0803d09c,0x3f60d6f2,0.878279805
2699,0x0803d0a0,0x3f60bee5,0.877912819
2700,0x0803d0a4,0x3f60a6cf,0.877545297
2701,0x0803d0a8,0x3f608eb0,0.877177238
2702,0x0803d0ac,0x3f607689,0.876808703
2703,0x0803d0b0,0x3f605e5a,0.876439691
2704,0x0803d0b4,0x3f604621,0.876070082
2705,0x0803d0b8,0x3f602de0,0.875699997
2706,0x0803d0bc,0x3f601596,0.875329375
2707,0x0803d0c0,0x3f5ffd44,0.874958277
2708,0x0803d0c4,0x3f5fe4e9,0.874586642
2709,0x0803d0c8,0x3f5fcc86,0.87421453
2710,0x0803d0cc,0x3f5fb419,0.873841822
2711,0x0803d0d0,0x3f5f9ba5,0.873468697
2712,0x0803d0d4,0x3f5f8327,0.873094976
2713,0x0803d0d8,0x3f5f6aa1,0.872720778
2714,0x0803d0dc,0x3f5f5212,0.872346044
2715,0x0803d0e0,0x3f5f397b,0.871970832
2716,0x0803d0e4,0x3f5f20db,0.871595085
2717,0x0803d0e8,0x3f5f0833,0.87121886
2718,0x0803d0ec,0x3f5eef81,0.87084204
2719,0x0803d0f0,0x3f5ed6c8,0.870464802
2720,0x0803d0f4,0x3f5ebe05,0.870086968
2721,0x0803d0f8,0x3f5ea53a,0.869708657
2722,0x0803d0fc,0x3f5e8c67,0.86932987
2723,0x0803d100,0x3f5e738b,0.868950546
2724,0x0803d104,0x3f5e5aa6,0.868570685
2725,0x0803d108,0x3f5e41b9,0.868190348
2726,0x0803d10c,0x3f5e28c3,0.867809474
2727,0x0803d110,0x3f5e0fc5,0.867428124
2728,0x0803d114,0x3f5df6be,0.867046237
2729,0x0803d118,0x3f5dddaf,0.866663873
2730,0x0803d11c,0x3f5dc497,0.866280973
2731,0x0803d120,0x3f5dab76,0.865897536
2732,0x0803d124,0x3f5d924d,0.865513623
2733,0x0803d128,0x3f5d791b,0.865129173
2734,0x0803d12c,0x3f5d5fe1,0.864744246
2735,0x0803d130,0x3f5d469e,0.864358783
2736,0x0803d134,0x3f5d2d53,0.863972843
2737,0x0803d138,0x3f5d13ff,0.863586366
2738,0x0803d13c,0x3f5cfaa3,0.863199413
2739,0x0803d140,0x3f5ce13e,0.862811923
2740,0x0803d144,0x3f5cc7d1,0.862423956
2741,0x0803d148,0x3f5cae5b,0.862035453
2742,0x0803d14c,0x3f5c94dd,0.861646473
2743,0x0803d150,0x3f5c7b56,0.861256957
2744,0x0803d154,0x3f5c61c7,0.860866964
2745,0x0803d158,0x3f5c482f,0.860476434
2746,0x0803d15c,0x3f5c2e8e,0.860085368
2747,0x0803d160,0x3f5c14e6,0.859693885
2748,0x0803d164,0x3f5bfb34,0.859301805
2749,0x0803d168,0x3f5be17a,0.858909249
2750,0x0803d16c,0x3f5bc7b8,0.858516216
2751,0x0803d170,0x3f5baded,0.858122647
2752,0x0803d174,0x3f5b941a,0.857728601
2753,0x0803d178,0x3f5b7a3e,0.857334018
2754,0x0803d17c,0x3f5b605a,0.856938958
2755,0x0803d180,0x3f5b466e,0.856543422
2756,0x0803d184,0x3f5b2c79,0.856147349
2757,0x0803d188,0x3f5b127b,0.85575074
2758,0x0803d18c,0x3f5af875,0.855353653
2759,0x0803d190,0x3f5ade67,0.85495609
2760,0x0803d194,0x3f5ac450,0.854557991
2761,0x0803d198,0x3f5aaa31,0.854159415
2762,0x0803d19c,0x3f5a9009,0.853760302
2763,0x0803d1a0,0x3f5a75d9,0.853360713
2764,0x0803d1a4,0x3f5a5ba0,0.852960587
2765,0x0803d1a8,0x3f5a415f,0.852559984
2766,0x0803d1ac,0x3f5a2716,0.852158904
2767,0x0803d1b0,0x3f5a0cc4,0.851757288
2768,0x0803d1b4,0x3f59f26a,0.851355195
2769,0x0803d1b8,0x3f59d807,0.850952566
2770,0x0803d1bc,0x3f59bd9c,0.850549459
2771,0x0803d1c0,0x3f59a329,0.850145876
2772,0x0803d1c4,0x3f5988ad,0.849741757
2773,0x0803d1c8,0x3f596e29,0.849337161
2774,0x0803d1cc,0x3f59539c,0.848932028
2775,0x0803d1d0,0x3f593908,0.848526478
2776,0x0803d1d4,0x3f591e6a,0.848120332
2777,0x0803d1d8,0x3f5903c5,0.847713768
2778,0x0803d1dc,0x3f58e916,0.847306609
2779,0x0803d1e0,0x3f58ce60,0.846899033
2780,0x0803d1e4,0x3f58b3a1,0.84649092
2781,0x0803d1e8,0x3f5898da,0.84608233
2782,0x0803d1ec,0x3f587e0b,0.845673263
2783,0x0803d1f0,0x3f586333,0.84526366
2784,0x0803d1f4,0x3f584853,0.84485358
2785,0x0803d1f8,0x3f582d6a,0.844442964
2786,0x0803d1fc,0x3f581279,0.84403187
2787,0x0803d200,0x3f57f780,0.8436203
2788,0x0803d204,0x3f57dc7f,0.843208253
2789,0x0803d208,0x3f57c175,0.84279567
2790,0x0803d20c,0x3f57a663,0.84238261
2791,0x0803d210,0x3f578b48,0.841969013
2792,0x0803d214,0x3f577026,0.841554999
2793,0x0803d218,0x3f5754fb,0.841140449
2794,0x0803d21c,0x3f5739c7,0.840725362
2795,0x0803d220,0x3f571e8c,0.840309858
2796,0x0803d224,0x3f570348,0.839893818
2797,0x0803d228,0x3f56e7fb,0.839477241
2798,0x0803d22c,0x3f56cca7,0.839060247
2799,0x0803d230,0x3f56b14a,0.838642716
2800,0x0803d234,0x3f5695e5,0.838224709
2801,0x0803d238,0x3f567a78,0.837806225
2802,0x0803d23c,0x3f565f02,0.837387204
2803,0x0803d240,0x3f564384,0.836967707
2804,0x0803d244,0x3f5627fe,0.836547732
2805,0x0803d248,0x3f560c70,0.836127281
2806,0x0803d24c,0x3f55f0d9,0.835706294
2807,0x0803d250,0x3f55d53a,0.835284829
2808,0x0803d254,0x3f55b993,0.834862888
2809,0x0803d258,0x3f559de3,0.83444041
2810,0x0803d25c,0x3f55822c,0.834017515
2811,0x0803d260,0x3f55666c,0.833594084
2812,0x0803d264,0x3f554aa4,0.833170176
2813,0x0803d268,0x3f552ed4,0.83274579
2814,0x0803d26c,0x3f5512fb,0.832320869
2815,0x0803d270,0x3f54f71a,0.831895471
2816,0x0803d274,0x3f54db31,0.831469595
2817,0x0803d278,0x3f54bf40,0.831043243
2818,0x0803d27c,0x3f54a347,0.830616415
2819,0x0803d280,0x3f548745,0.830189049
2820,0x0803d284,0x3f546b3b,0.829761207
2821,0x0803d288,0x3f544f2a,0.829332948
2822,0x0803d28c,0x3f54330f,0.828904092
2823,0x0803d290,0x3f5416ed,0.82847482
2824,0x0803d294,0x3f53fac3,0.82804507
2825,0x0803d298,0x3f53de90,0.827614784
2826,0x0803d29c,0x3f53c255,0.827184021
2827,0x0803d2a0,0x3f53a612,0.826752782
2828,0x0803d2a4,0x3f5389c7,0.826321065
2829,0x0803d2a8,0x3f536d74,0.825888872
2830,0x0803d2ac,0x3f535118,0.825456142
2831,0x0803d2b0,0x3f5334b5,0.825022995
2832,0x0803d2b4,0x3f531849,0.824589312
2833,0x0803d2b8,0x3f52fbd5,0.824155152
2834,0x0803d2bc,0x3f52df59,0.823720515
2835,0x0803d2c0,0x3f52c2d5,0.823285401
2836,0x0803d2c4,0x3f52a649,0.82284981
2837,0x0803d2c8,0x3f5289b4,0.822413683
2838,0x0803d2cc,0x3f526d18,0.821977139
2839,0x0803d2d0,0x3f525073,0.821540058
2840,0x0803d2d4,0x3f5233c6,0.8211025
2841,0x0803d2d8,0x3f521711,0.820664465
2842,0x0803d2dc,0x3f51fa54,0.820225954
2843,0x0803d2e0,0x3f51dd8f,0.819786966
2844,0x0803d2e4,0x3f51c0c2,0.819347501
2845,0x0803d2e8,0x3f51a3ed,0.818907559
2846,0x0803d2ec,0x3f518710,0.81846714
2847,0x0803d2f0,0x3f516a2a,0.818026185
2848,0x0803d2f4,0x3f514d3d,0.817584813
2849,0x0803d2f8,0x3f513047,0.817142904
2850,0x0803d2fc,0x3f51134a,0.816700578
2851,0x0803d300,0x3f50f644,0.816257715
2852,0x0803d304,0x3f50d937,0.815814435
2853,0x0803d308,0x3f50bc21,0.815370619
2854,0x0803d30c,0x3f509f03,0.814926326
2855,0x0803d310,0x3f5081dd,0.814481556
2856,0x0803d314,0x3f5064af,0.81403631
2857,0x0803d318,0x3f504779,0.813590586
2858,0x0803d31c,0x3f502a3b,0.813144386
2859,0x0803d320,0x3f500cf6,0.812697768
2860,0x0803d324,0x3f4fefa8,0.812250614
2861,0x0803d328,0x3f4fd252,0.811802983
2862,0x0803d32c,0x3f4fb4f4,0.811354876
2863,0x0803d330,0x3f4f978d,0.810906231
2864,0x0803d334,0x3f4f7a1f,0.81045717
2865,0x0803d338,0x3f4f5ca9,0.810007632
2866,0x0803d33c,0x3f4f3f2b,0.809557617
2867,0x0803d340,0x3f4f21a5,0.809107125
2868,0x0803d344,0x3f4f0417,0.808656156
2869,0x0803d348,0x3f4ee681,0.80820471
2870,0x0803d34c,0x3f4ec8e4,0.807752848
2871,0x0803d350,0x3f4eab3e,0.807300448
2872,0x0803d354,0x3f4e8d90,0.806847572
2873,0x0803d358,0x3f4e6fda,0.806394219
2874,0x0803d35c,0x3f4e521c,0.80594039
2875,0x0803d360,0x3f4e3456,0.805486083
2876,0x0803d364,0x3f4e1689,0.805031359
2877,0x0803d368,0x3f4df8b3,0.804576099
2878,0x0803d36c,0x3f4ddad5,0.804120362
2879,0x0803d370,0x3f4dbcf0,0.803664207
2880,0x0803d374,0x3f4d9f02,0.803207517
2881,0x0803d378,0x3f4d810d,0.802750409
2882,0x0803d37c,0x3f4d6310,0.802292824
2883,0x0803d380,0x3f4d450a,0.801834702
2884,0x0803d384,0x3f4d26fd,0.801376164
2885,0x0803d388,0x3f4d08e8,0.800917149
2886,0x0803d38c,0x3f4ceacb,0.800457656
2887,0x0803d390,0x3f4ccca6,0.799997687
2888,0x0803d394,0x3f4cae79,0.799537241
2889,0x0803d398,0x3f4c9045,0.799076378
2890,0x0803d39c,0x3f4c7208,0.798614979
2891,0x0803d3a0,0x3f4c53c4,0.798153162
2892,0x0803d3a4,0x3f4c3578,0.797690868
2893,0x0803d3a8,0x3f4c1723,0.797228038
2894,0x0803d3ac,0x3f4bf8c7,0.796764791
2895,0x0803d3b0,0x3f4bda63,0.796301067
2896,0x0803d3b4,0x3f4bbbf8,0.795836926
2897,0x0803d3b8,0x3f4b9d84,0.795372248
2898,0x0803d3bc,0x3f4b7f09,0.794907153
2899,0x0803d3c0,0x3f4b6085,0.794441521
2900,0x0803d3c4,0x3f4b41fa,0.793975472
2901,0x0803d3c8,0x3f4b2367,0.793508947
2902,0x0803d3cc,0x3f4b04cc,0.793041945
2903,0x0803d3d0,0x3f4ae62a,0.792574525
2904,0x0803d3d4,0x3f4ac77f,0.792106569
2905,0x0803d3d8,0x3f4aa8cd,0.791638196
2906,0x0803d3dc,0x3f4a8a13,0.791169345
2907,0x0803d3e0,0x3f4a6b51,0.790700018
2908,0x0803d3e4,0x3f4a4c87,0.790230215
2909,0x0803d3e8,0x3f4a2db6,0.789759994
2910,0x0803d3ec,0x3f4a0edc,0.789289236
2911,0x0803d3f0,0x3f49effb,0.788818061
2912,0x0803d3f4,0x3f49d112,0.78834641
2913,0x0803d3f8,0x3f49b222,0.787874341
2914,0x0803d3fc,0x3f499329,0.787401736
2915,0x0803d400,0x3f497429,0.786928713
2916,0x0803d404,0x3f495521,0.786455214
2917,0x0803d408,0x3f493611,0.785981238
2918,0x0803d40c,0x3f4916fa,0.785506845
2919,0x0803d410,0x3f48f7da,0.785031915
2920,0x0803d414,0x3f48d8b3,0.784556568
2921,0x0803d418,0x3f48b985,0.784080803
2922,0x0803d41c,0x3f489a4e,0.783604503
2923,0x0803d420,0x3f487b10,0.783127785
2924,0x0803d424,0x3f485bca,0.78265059
2925,0x0803d428,0x3f483c7c,0.782172918
2926,0x0803d42c,0x3f481d27,0.781694829
2927,0x0803d430,0x3f47fdca,0.781216264
2928,0x0803d434,0x3f47de65,0.780737221
2929,0x0803d438,0x3f47bef9,0.780257761
2930,0x0803d43c,0x3f479f84,0.779777765
2931,0x0803d440,0x3f478008,0.779297352
2932,0x0803d444,0x3f476085,0.778816521
2933,0x0803d448,0x3f4740fa,0.778335214
2934,0x0803d44c,0x3f472167,0.777853429
2935,0x0803d450,0x3f4701cc,0.777371168
2936,0x0803d454,0x3f46e22a,0.77688849
2937,0x0803d458,0x3f46c280,0.776405334
2938,0x0803d45c,0x3f46a2ce,0.775921702
2939,0x0803d460,0x3f468315,0.775437653
2940,0x0803d464,0x3f466354,0.774953127
2941,0x0803d468,0x3f46438b,0.774468124
2942,0x0803d46c,0x3f4623bb,0.773982704
2943,0x0803d470,0x3f4603e3,0.773496807
2944,0x0803d474,0x3f45e403,0.773010433
2945,0x0803d478,0x3f45c41c,0.772523642
2946,0x0803d47c,0x3f45a42d,0.772036374
2947,0x0803d480,0x3f458437,0.771548688
2948,0x0803d484,0x3f456439,0.771060526
2949,0x0803d488,0x3f454433,0.770571887
2950,0x0803d48c,0x3f452426,0.770082831
2951,0x0803d490,0x3f450411,0.769593298
2952,0x0803d494,0x3f44e3f5,0.769103348
2953,0x0803d498,0x3f44c3d1,0.768612921
2954,0x0803d49c,0x3f44a3a5,0.768122017
2955,0x0803d4a0,0x3f448372,0.767630696
2956,0x0803d4a4,0x3f446337,0.767138898
2957,0x0803d4a8,0x3f4442f5,0.766646683
2958,0x0803d4ac,0x3f4422ab,0.766153991
2959,0x0803d4b0,0x3f44025a,0.765660882
2960,0x0803d4b4,0x3f43e200,0.765167236
2961,0x0803d4b8,0x3f43c1a0,0.764673233
2962,0x0803d4bc,0x3f43a138,0.764178753
2963,0x0803d4c0,0x3f4380c8,0.763683796
2964,0x0803d4c4,0x3f436051,0.763188422
2965,0x0803d4c8,0x3f433fd2,0.762692571
2966,0x0803d4cc,0x3f431f4c,0.762196302
2967,0x0803d4d0,0x3f42febe,0.761699557
2968,0x0803d4d4,0x3f42de29,0.761202395
2969,0x0803d4d8,0x3f42bd8c,0.760704756
2970,0x0803d4dc,0x3f429ce8,0.760206699
2971,0x0803d4e0,0x3f427c3c,0.759708166
2972,0x0803d4e4,0x3f425b89,0.759209216
2973,0x0803d4e8,0x3f423ace,0.758709788
2974,0x0803d4ec,0x3f421a0b,0.758209884
2975,0x0803d4f0,0x3f41f942,0.757709622
2976,0x0803d4f4,0x3f41d870,0.757208824
2977,0x0803d4f8,0x3f41b798,0.756707668
2978,0x0803d4fc,0x3f4196b7,0.756205976
2979,0x0803d500,0x3f4175d0,0.755703926
2980,0x0803d504,0x3f4154e1,0.755201399
2981,0x0803d508,0x3f4133ea,0.754698396
2982,0x0803d50c,0x3f4112ec,0.754194975
2983,0x0803d510,0x3f40f1e7,0.753691137
2984,0x0803d514,0x3f40d0da,0.753186822
2985,0x0803d518,0x3f40afc5,0.75268203
2986,0x0803d51c,0x3f408ea9,0.752176821
2987,0x0803d520,0x3f406d86,0.751671195
2988,0x0803d524,0x3f404c5c,0.751165152
2989,0x0803d528,0x3f402b2a,0.750658631
2990,0x0803d52c,0x3f4009f0,0.750151634
2991,0x0803d530,0x3f3fe8af,0.74964422
2992,0x0803d534,0x3f3fc767,0.749136388
2993,0x0803d538,0x3f3fa617,0.74862808
2994,0x0803d53c,0x3f3f84c0,0.748119354
2995,0x0803d540,0x3f3f6362,0.747610211
2996,0x0803d544,0x3f3f41fc,0.747100592
2997,0x0803d548,0x3f3f208f,0.746590555
2998,0x0803d54c,0x3f3eff1b,0.746080101
2999,0x0803d550,0x3f3edd9f,0.74556917
3000,0x0803d554,0x3f3ebc1b,0.745057762
3001,0x0803d558,0x3f3e9a91,0.744545996
3002,0x0803d55c,0x3f3e78ff,0.744033754
3003,0x0803d560,0x3f3e5766,0.743521094
3004,0x0803d564,0x3f3e35c5,0.743007958
3005,0x0803d568,0x3f3e141d,0.742494404
3006,0x0803d56c,0x3f3df26e,0.741980433
3007,0x0803d570,0x3f3dd0b7,0.741465986
3008,0x0803d574,0x3f3daef9,0.740951121
3009,0x0803d578,0x3f3d8d34,0.740435839
3010,0x0803d57c,0x3f3d6b67,0.73992008
3011,0x0803d580,0x3f3d4993,0.739403903
3012,0x0803d584,0x3f3d27b8,0.73888731
3013,0x0803d588,0x3f3d05d6,0.738370299
3014,0x0803d58c,0x3f3ce3ec,0.737852812
3015,0x0803d590,0x3f3cc1fb,0.737334907
3016,0x0803d594,0x3f3ca003,0.736816585
3017,0x0803d598,0x3f3c7e03,0.736297786
3018,0x0803d59c,0x3f3c5bfc,0.73577857
3019,0x0803d5a0,0x3f3c39ee,0.735258937
3020,0x0803d5a4,0x3f3c17d9,0.734738886
3021,0x0803d5a8,0x3f3bf5bc,0.734218359
3022,0x0803d5ac,0x3f3bd398,0.733697414
3023,0x0803d5b0,0x3f3bb16d,0.733176053
3024,0x0803d5b4,0x3f3b8f3b,0.732654274
3025,0x0803d5b8,0x3f3b6d01,0.732132018
3026,0x0803d5bc,0x3f3b4ac1,0.731609404
3027,0x0803d5c0,0x3f3b2879,0.731086314
3028,0x0803d5c4,0x3f3b0629,0.730562747
3029,0x0803d5c8,0x3f3ae3d3,0.730038822
3030,0x0803d5cc,0x3f3ac175,0.72951442
3031,0x0803d5d0,0x3f3a9f10,0.728989601
3032,0x0803d5d4,0x3f3a7ca4,0.728464365
3033,0x0803d5d8,0x3f3a5a31,0.727938712
3034,0x0803d5dc,0x3f3a37b7,0.727412641
3035,0x0803d5e0,0x3f3a1535,0.726886094
3036,0x0803d5e4,0x3f39f2ac,0.726359129
3037,0x0803d5e8,0x3f39d01d,0.725831807
3038,0x0803d5ec,0x3f39ad85,0.725303948
3039,0x0803d5f0,0x3f398ae7,0.724775732
3040,0x0803d5f4,0x3f396842,0.724247098
3041,0x0803d5f8,0x3f394595,0.723717988
3042,0x0803d5fc,0x3f3922e1,0.72318846
3043,0x0803d600,0x3f390027,0.722658575
3044,0x0803d604,0x3f38dd65,0.722128212
3045,0x0803d608,0x3f38ba9c,0.721597433
3046,0x0803d60c,0x3f3897cb,0.721066177
3047,0x0803d610,0x3f3874f4,0.720534563
3048,0x0803d614,0x3f385216,0.720002532
3049,0x0803d618,0x3f382f30,0.719470024
3050,0x0803d61c,0x3f380c43,0.718937099
3051,0x0803d620,0x3f37e950,0.718403816
3052,0x0803d624,0x3f37c655,0.717870057
3053,0x0803d628,0x3f37a353,0.71733588
3054,0x0803d62c,0x3f37804a,0.716801286
3055,0x0803d630,0x3f375d3a,0.716266274
3056,0x0803d634,0x3f373a23,0.715730846
3057,0x0803d638,0x3f371704,0.715194941
3058,0x0803d63c,0x3f36f3df,0.714658678
3059,0x0803d640,0x3f36d0b3,0.714121997
3060,0x0803d644,0x3f36ad7f,0.71358484
3061,0x0803d648,0x3f368a45,0.713047326
3062,0x0803d64c,0x3f366704,0.712509394
3063,0x0803d650,0x3f3643bb,0.711970985
3064,0x0803d654,0x3f36206c,0.711432219
3065,0x0803d658,0x3f35fd15,0.710892975
3066,0x0803d65c,0x3f35d9b8,0.710353374
3067,0x0803d660,0x3f35b653,0.709813297
3068,0x0803d664,0x3f3592e7,0.709272802
3069,0x0803d668,0x3f356f75,0.708731949
3070,0x0803d66c,0x3f354bfb,0.70819062
3071,0x0803d670,0x3f35287b,0.707648933
3072,0x0803d674,0x3f3504f3,0.707106769
3073,0x0803d678,0x3f34e165,0.706564248
3074,0x0803d67c,0x3f34bdcf,0.706021249
3075,0x0803d680,0x3f349a33,0.705477893
3076,0x0803d684,0x3f34768f,0.704934061
3077,0x0803d688,0x3f3452e5,0.70438987
3078,0x0803d68c,0x3f342f34,0.703845263
3079,0x0803d690,0x3f340b7b,0.703300178
3080,0x0803d694,0x3f33e7bc,0.702754736
3081,0x0803d698,0x3f33c3f6,0.702208877
3082,0x0803d69c,0x3f33a029,0.7016626
3083,0x0803d6a0,0x3f337c55,0.701115906
3084,0x0803d6a4,0x3f33587a,0.700568795
3085,0x0803d6a8,0x3f333498,0.700021267
3086,0x0803d6ac,0x3f3310af,0.699473321
3087,0x0803d6b0,0x3f32ecc0,0.698925018
3088,0x0803d6b4,0x3f32c8c9,0.698376238
3089,0x0803d6b8,0x3f32a4cc,0.697827101
3090,0x0803d6bc,0x3f3280c7,0.697277486
3091,0x0803d6c0,0x3f325cbc,0.696727514
3092,0x0803d6c4,0x3f3238aa,0.696177125
3093,0x0803d6c8,0x3f321491,0.695626318
3094,0x0803d6cc,0x3f31f071,0.695075095
3095,0x0803d6d0,0x3f31cc4b,0.694523513
3096,0x0803d6d4,0x3f31a81d,0.693971455
3097,0x0803d6d8,0x3f3183e9,0.693419039
3098,0x0803d6dc,0x3f315fad,0.692866147
3099,0x0803d6e0,0x3f313b6b,0.692312896
3100,0x0803d6e4,0x3f311722,0.691759229
3101,0x0803d6e8,0x3f30f2d3,0.691205204
3102,0x0803d6ec,0x3f30ce7c,0.690650702
3103,0x0803d6f0,0x3f30aa1f,0.690095842
3104,0x0803d6f4,0x3f3085bb,0.689540565
3105,0x0803d6f8,0x3f306150,0.688984871
3106,0x0803d6fc,0x3f303cde,0.68842876
3107,0x0803d700,0x3f301865,0.687872231
3108,0x0803d704,0x3f2ff3e6,0.687315345
3109,0x0803d708,0x3f2fcf60,0.686758041
3110,0x0803d70c,0x3f2faad3,0.686200321
3111,0x0803d710,0x3f2f863f,0.685642183
3112,0x0803d714,0x3f2f61a5,0.685083687
3113,0x0803d718,0x3f2f3d03,0.684524715
3114,0x0803d71c,0x3f2f185b,0.683965385
3115,0x0803d720,0x3f2ef3ad,0.683405697
3116,0x0803d724,0x3f2ecef7,0.682845533
3117,0x0803d728,0x3f2eaa3b,0.682285011
3118,0x0803d72c,0x3f2e8578,0.681724072
3119,0x0803d730,0x3f2e60ae,0.681162715
3120,0x0803d734,0x3f2e3bde,0.680601001
3121,0x0803d738,0x3f2e1707,0.680038869
3122,0x0803d73c,0x3f2df229,0.679476321
3123,0x0803d740,0x3f2dcd44,0.678913355
3124,0x0803d744,0x3f2da859,0.678350031
3125,0x0803d748,0x3f2d8367,0.677786291
3126,0x0803d74c,0x3f2d5e6f,0.677222192
3127,0x0803d750,0x3f2d396f,0.676657617
3128,0x0803d754,0x3f2d1469,0.676092684
3129,0x0803d758,0x3f2cef5d,0.675527394
3130,0x0803d75c,0x3f2cca49,0.674961627
3131,0x0803d760,0x3f2ca52f,0.674395502
3132,0x0803d764,0x3f2c800f,0.673829019
3133,0x0803d768,0x3f2c5ae7,0.67326206
3134,0x0803d76c,0x3f2c35b9,0.672694743
3135,0x0803d770,0x3f2c1085,0.672127068
3136,0x0803d774,0x3f2beb4a,0.671558976
3137,0x0803d778,0x3f2bc608,0.670990467
3138,0x0803d77c,0x3f2ba0bf,0.670421541
3139,0x0803d780,0x3f2b7b70,0.669852257
3140,0x0803d784,0x3f2b561b,0.669282615
3141,0x0803d788,0x3f2b30be,0.668712497
3142,0x0803d78c,0x3f2b0b5b,0.668142021
3143,0x0803d790,0x3f2ae5f2,0.667571187
3144,0x0803d794,0x3f2ac082,0.666999936
3145,0x0803d798,0x3f2a9b0b,0.666428268
3146,0x0803d79c,0x3f2a758e,0.665856242
3147,0x0803d7a0,0x3f2a500a,0.665283799
3148,0x0803d7a4,0x3f2a2a80,0.664710999
3149,0x0803d7a8,0x3f2a04ef,0.664137781
3150,0x0803d7ac,0x3f29df57,0.663564146
3151,0x0803d7b0,0x3f29b9b9,0.662990153
3152,0x0803d7b4,0x3f299415,0.662415802
3153,0x0803d7b8,0x3f296e69,0.661840975
3154,0x0803d7bc,0x3f2948b8,0.66126585
3155,0x0803d7c0,0x3f292300,0.660690308
3156,0x0803d7c4,0x3f28fd41,0.660114348
3157,0x0803d7c8,0x3f28d77c,0.659538031
3158,0x0803d7cc,0x3f28b1b0,0.658961296
3159,0x0803d7d0,0x3f288bde,0.658384204
3160,0x0803d7d4,0x3f286605,0.657806695
3161,0x0803d7d8,0x3f284026,0.657228827
3162,0x0803d7dc,0x3f281a40,0.656650543
3163,0x0803d7e0,0x3f27f454,0.656071901
3164,0x0803d7e4,0x3f27ce61,0.655492842
3165,0x0803d7e8,0x3f27a868,0.654913425
3166,0x0803d7ec,0x3f278268,0.654333591
3167,0x0803d7f0,0x3f275c62,0.6537534
3168,0x0803d7f4,0x3f273656,0.653172851
3169,0x0803d7f8,0x3f271043,0.652591884
3170,0x0803d7fc,0x3f26ea2a,0.65201056
3171,0x0803d800,0x3f26c40a,0.651428819
3172,0x0803d804,0x3f269de3,0.65084666
3173,0x0803d808,0x3f2677b7,0.650264204
3174,0x0803d80c,0x3f265184,0.64968133
3175,0x0803d810,0x3f262b4a,0.649098039
3176,0x0803d814,0x3f26050a,0.64851439
3177,0x0803d818,0x3f25dec4,0.647930384
3178,0x0803d81c,0x3f25b877,0.64734596
3179,0x0803d820,0x3f259224,0.646761179
3180,0x0803d824,0x3f256bcb,0.64617604
3181,0x0803d828,0x3f25456b,0.645590484
3182,0x0803d82c,0x3f251f04,0.645004511
3183,0x0803d830,0x3f24f898,0.64441824
3184,0x0803d834,0x3f24d225,0.643831551
3185,0x0803d838,0x3f24abac,0.643244505
3186,0x0803d83c,0x3f24852c,0.642657042
3187,0x0803d840,0x3f245ea6,0.642069221
3188,0x0803d844,0x3f24381a,0.641481042
3189,0x0803d848,0x3f241187,0.640892446
3190,0x0803d84c,0x3f23eaee,0.640303493
3191,0x0803d850,0x3f23c44f,0.639714181
3192,0x0803d854,0x3f239da9,0.639124453
3193,0x0803d858,0x3f2376fd,0.638534367
3194,0x0803d85c,0x3f23504b,0.637943923
3195,0x0803d860,0x3f232992,0.637353063
3196,0x0803d864,0x3f2302d3,0.636761844
3197,0x0803d868,0x3f22dc0e,0.636170268
3198,0x0803d86c,0x3f22b543,0.635578334
3199,0x0803d870,0x3f228e71,0.634985983
3200,0x0803d874,0x3f226799,0.634393275
3201,0x0803d878,0x3f2240bb,0.633800209
3202,0x0803d87c,0x3f2219d7,0.633206785
3203,0x0803d880,0x3f21f2ec,0.632612944
3204,0x0803d884,0x3f21cbfb,0.632018745
3205,0x0803d888,0x3f21a504,0.631424189
3206,0x0803d88c,0x3f217e06,0.630829215
3207,0x0803d890,0x3f215703,0.630233943
3208,0x0803d894,0x3f212ff9,0.629638255
3209,0x0803d898,0x3f2108e9,0.629042208
3210,0x0803d89c,0x3f20e1d2,0.628445745
3211,0x0803d8a0,0x3f20bab6,0.627848983
3212,0x0803d8a4,0x3f209393,0.627251804
3213,0x0803d8a8,0x3f206c6a,0.626654267
3214,0x0803d8ac,0x3f20453b,0.626056373
3215,0x0803d8b0,0x3f201e06,0.625458121
3216,0x0803d8b4,0x3f1ff6cb,0.624859512
3217,0x0803d8b8,0x3f1fcf89,0.624260485
3218,0x0803d8bc,0x3f1fa841,0.623661101
3219,0x0803d8c0,0x3f1f80f3,0.623061359
3220,0x0803d8c4,0x3f1f599f,0.622461259
3221,0x0803d8c8,0x3f1f3245,0.621860802
3222,0x0803d8cc,0x3f1f0ae5,0.621259987
3223,0x0803d8d0,0x3f1ee37e,0.620658755
3224,0x0803d8d4,0x3f1ebc12,0.620057225
3225,0x0803d8d8,0x3f1e949f,0.619455278
3226,0x0803d8dc,0x3f1e6d26,0.618852973
3227,0x0803d8e0,0x3f1e45a7,0.61825031
3228,0x0803d8e4,0x3f1e1e22,0.61764729
3229,0x0803d8e8,0x3f1df697,0.617043912
3230,0x0803d8ec,0x3f1dcf06,0.616440177
3231,0x0803d8f0,0x3f1da76f,0.615836084
3232,0x0803d8f4,0x3f1d7fd1,0.615231574
3233,0x0803d8f8,0x3f1d582e,0.614626765
3234,0x0803d8fc,0x3f1d3084,0.61402154
3235,0x0803d900,0x3f1d08d5,0.613416016
3236,0x0803d904,0x3f1ce11f,0.612810075
3237,0x0803d908,0x3f1cb963,0.612203777
3238,0x0803d90c,0x3f1c91a2,0.61159718
3239,0x0803d910,0x3f1c69da,0.610990167
3240,0x0803d914,0x3f1c420c,0.610382795
3241,0x0803d918,0x3f1c1a38,0.609775066
3242,0x0803d91c,0x3f1bf25f,0.609167039
3243,0x0803d920,0x3f1bca7f,0.608558595
3244,0x0803d924,0x3f1ba299,0.607949793
3245,0x0803d928,0x3f1b7aad,0.607340634
3246,0x0803d92c,0x3f1b52bb,0.606731117
3247,0x0803d930,0x3f1b2ac3,0.606121242
3248,0x0803d934,0x3f1b02c6,0.605511069
3249,0x0803d938,0x3f1adac2,0.604900479
3250,0x0803d93c,0x3f1ab2b8,0.604289532
3251,0x0803d940,0x3f1a8aa8,0.603678226
3252,0x0803d944,0x3f1a6293,0.603066623
3253,0x0803d948,0x3f1a3a77,0.602454603
3254,0x0803d94c,0x3f1a1255,0.601842225
3255,0x0803d950,0x3f19ea2e,0.601229548
3256,0x0803d954,0x3f19c200,0.600616455
3257,0x0803d958,0x3f1999cd,0.600003064
3258,0x0803d95c,0x3f197194,0.599389315
3259,0x0803d960,0x3f194955,0.598775208
3260,0x0803d964,0x3f19210f,0.598160684
3261,0x0803d968,0x3f18f8c4,0.597545862
3262,0x0803d96c,0x3f18d073,0.596930683
3263,0x0803d970,0x3f18a81d,0.596315205
3264,0x0803d974,0x3f187fc0,0.59569931
3265,0x0803d978,0x3f18575d,0.595083058
3266,0x0803d97c,0x3f182ef5,0.594466507
3267,0x0803d980,0x3f180687,0.593849599
3268,0x0803d984,0x3f17de12,0.593232274
3269,0x0803d988,0x3f17b598,0.592614651
3270,0x0803d98c,0x3f178d18,0.59199667
3271,0x0803d990,0x3f176493,0.591378391
3272,0x0803d994,0x3f173c07,0.590759695
3273,0x0803d998,0x3f171376,0.5901407
3274,0x0803d99c,0x3f16eade,0.589521289
3275,0x0803d9a0,0x3f16c241,0.588901579
3276,0x0803d9a4,0x3f16999f,0.588281572
3277,0x0803d9a8,0x3f1670f6,0.587661147
3278,0x0803d9ac,0x3f164847,0.587040365
3279,0x0803d9b0,0x3f161f93,0.586419284
3280,0x0803d9b4,0x3f15f6d9,0.585797846
3281,0x0803d9b8,0x3f15ce19,0.585176051
3282,0x0803d9bc,0x3f15a554,0.584553957
3283,0x0803d9c0,0x3f157c88,0.583931446
3284,0x0803d9c4,0x3f1553b7,0.583308637
3285,0x0803d9c8,0x3f152ae0,0.582685471
3286,0x0803d9cc,0x3f150204,0.582062006
3287,0x0803d9d0,0x3f14d921,0.581438124
3288,0x0803d9d4,0x3f14b039,0.580813944
3289,0x0803d9d8,0x3f14874b,0.580189407
3290,0x0803d9dc,0x3f145e58,0.579564571
3291,0x0803d9e0,0x3f14355e,0.578939319
3292,0x0803d9e4,0x3f140c5f,0.578313768
3293,0x0803d9e8,0x3f13e35b,0.577687919
3294,0x0803d9ec,0x3f13ba50,0.577061653
3295,0x0803d9f0,0x3f139140,0.576435089
3296,0x0803d9f4,0x3f13682a,0.575808167
3297,0x0803d9f8,0x3f133f0f,0.575180948
3298,0x0803d9fc,0x3f1315ee,0.57455337
3299,0x0803da00,0x3f12ecc7,0.573925436
3300,0x0803da04,0x3f12c39a,0.573297143
3301,0x0803da08,0x3f129a68,0.572668552
3302,0x0803da0c,0x3f127130,0.572039604
3303,0x0803da10,0x3f1247f3,0.571410358
3304,0x0803da14,0x3f121eb0,0.570780754
3305,0x0803da18,0x3f11f567,0.570150793
3306,0x0803da1c,0x3f11cc19,0.569520533
3307,0x0803da20,0x3f11a2c5,0.568889916
3308,0x0803da24,0x3f11796b,0.568258941
3309,0x0803da28,0x3f11500c,0.567627668
3310,0x0803da2c,0x3f1126a7,0.566996038
3311,0x0803da30,0x3f10fd3d,0.56636411
3312,0x0803da34,0x3f10d3cd,0.565731823
3313,0x0803da38,0x3f10aa57,0.56509918
3314,0x0803da3c,0x3f1080dc,0.564466238
3315,0x0803da40,0x3f10575b,0.563832939
3316,0x0803da44,0x3f102dd5,0.563199341
3317,0x0803da48,0x3f100449,0.562565386
3318,0x0803da4c,0x3f0fdab8,0.561931133
3319,0x0803da50,0x3f0fb121,0.561296523
3320,0x0803da54,0x3f0f8784,0.560661554
3321,0x0803da58,0x3f0f5de2,0.560026288
3322,0x0803da5c,0x3f0f343b,0.559390724
3323,0x0803da60,0x3f0f0a8e,0.558754802
3324,0x0803da64,0x3f0ee0db,0.558118522
3325,0x0803da68,0x3f0eb723,0.557481945
3326,0x0803da6c,0x3f0e8d65,0.556845009
3327,0x0803da70,0x3f0e63a2,0.556207776
3328,0x0803da74,0x3f0e39da,0.555570245
3329,0x0803da78,0x3f0e100c,0.554932356
3330,0x0803da7c,0x3f0de638,0.554294109
3331,0x0803da80,0x3f0dbc5f,0.553655565
3332,0x0803da84,0x3f0d9281,0.553016722
3333,0x0803da88,0x3f0d689d,0.552377522
3334,0x0803da8c,0x3f0d3eb3,0.551737964
3335,0x0803da90,0x3f0d14c5,0.551098168
3336,0x0803da94,0x3f0cead0,0.550457954
3337,0x0803da98,0x3f0cc0d7,0.549817502
3338,0x0803da9c,0x3f0c96d7,0.549176633
3339,0x0803daa0,0x3f0c6cd3,0.548535526
3340,0x0803daa4,0x3f0c42c9,0.547894061
3341,0x0803daa8,0x3f0c18ba,0.547252297
3342,0x0803daac,0x3f0beea5,0.546610177
3343,0x0803dab0,0x3f0bc48b,0.545967758
3344,0x0803dab4,0x3f0b9a6b,0.545324981
3345,0x0803dab8,0x3f0b7046,0.544681907
3346,0x0803dabc,0x3f0b461c,0.544038534
3347,0x0803dac0,0x3f0b1bec,0.543394804
3348,0x0803dac4,0x3f0af1b7,0.542750776
3349,0x0803dac8,0x3f0ac77d,0.54210645
3350,0x0803dacc,0x3f0a9d3d,0.541461766
3351,0x0803dad0,0x3f0a72f8,0.540816784
3352,0x0803dad4,0x3f0a48ad,0.540171444
3353,0x0803dad8,0x3f0a1e5e,0.539525867
3354,0x0803dadc,0x3f09f409,0.538879931
3355,0x0803dae0,0x3f09c9ae,0.538233638
3356,0x0803dae4,0x3f099f4e,0.537587047
3357,0x0803dae8,0x3f0974e9,0.536940157
3358,0x0803daec,0x3f094a7f,0.53629297
3359,0x0803daf0,0x3f092010,0.535645485
3360,0x0803daf4,0x3f08f59b,0.534997642
3361,0x0803daf8,0x3f08cb20,0.534349442
3362,0x0803dafc,0x3f08a0a1,0.533701003
3363,0x0803db00,0x3f08761c,0.533052206
3364,0x0803db04,0x3f084b92,0.532403111
3365,0x0803db08,0x3f082103,0.531753719
3366,0x0803db0c,0x3f07f66f,0.531104028
3367,0x0803db10,0x3f07cbd5,0.53045398
3368,0x0803db14,0x3f07a136,0.529803634
3369,0x0803db18,0x3f077692,0.529152989
3370,0x0803db1c,0x3f074be8,0.528501987
3371,0x0803db20,0x3f07213a,0.527850747
3372,0x0803db24,0x3f06f686,0.527199149
3373,0x0803db28,0x3f06cbcd,0.526547253
3374,0x0803db2c,0x3f06a10e,0.525895
3375,0x0803db30,0x3f06764b,0.525242507
3376,0x0803db34,0x3f064b82,0.524589658
3377,0x0803db38,0x3f0620b5,0.52393657
3378,0x0803db3c,0x3f05f5e2,0.523283124
3379,0x0803db40,0x3f05cb0a,0.52262938
3380,0x0803db44,0x3f05a02c,0.521975279
3381,0x0803db48,0x3f05754a,0.521320939
3382,0x0803db4c,0x3f054a62,0.520666242
3383,0x0803db50,0x3f051f75,0.520011246
3384,0x0803db54,0x3f04f484,0.519356012
3385,0x0803db58,0x3f04c98d,0.518700421
3386,0x0803db5c,0x3f049e91,0.518044531
3387,0x0803db60,0x3f04738f,0.517388284
3388,0x0803db64,0x3f044889,0.516731799
3389,0x0803db68,0x3f041d7e,0.516075015
3390,0x0803db6c,0x3f03f26d,0.515417874
3391,0x0803db70,0x3f03c757,0.514760435
3392,0x0803db74,0x3f039c3d,0.514102757
3393,0x0803db78,0x3f03711d,0.513444722
3394,0x0803db7c,0x3f0345f8,0.512786388
3395,0x0803db80,0x3f031ace,0.512127757
3396,0x0803db84,0x3f02ef9f,0.511468828
3397,0x0803db88,0x3f02c46b,0.5108096
3398,0x0803db8c,0x3f029932,0.510150075
3399,0x0803db90,0x3f026df4,0.509490252
3400,0x0803db94,0x3f0242b1,0.50883013
3401,0x0803db98,0x3f021769,0.508169711
3402,0x0803db9c,0x3f01ec1c,0.507508993
3403,0x0803dba0,0x3f01c0ca,0.506847978
3404,0x0803dba4,0x3f019573,0.506186664
3405,0x0803dba8,0x3f016a17,0.505525053
3406,0x0803dbac,0x3f013eb5,0.504863083
3407,0x0803dbb0,0x3f01134f,0.504200876
3408,0x0803dbb4,0x3f00e7e4,0.50353837
3409,0x0803dbb8,0x3f00bc74,0.502875566
3410,0x0803dbbc,0x3f0090ff,0.502212465
3411,0x0803dbc0,0x3f006585,0.501549065
3412,0x0803dbc4,0x3f003a06,0.500885367
3413,0x0803dbc8,0x3f000e82,0.500221372
3414,0x0803dbcc,0x3effc5f3,0.499557108
3415,0x0803dbd0,0x3eff6ed8,0.498892546
3416,0x0803dbd4,0x3eff17b2,0.498227656
3417,0x0803dbd8,0x3efec083,0.497562498
3418,0x0803dbdc,0x3efe694a,0.496897042
3419,0x0803dbe0,0x3efe1207,0.496231288
3420,0x0803dbe4,0x3efdbabb,0.495565265
3421,0x0803dbe8,0x3efd6365,0.494898945
3422,0x0803dbec,0x3efd0c04,0.494232297
3423,0x0803dbf0,0x3efcb49b,0.49356541
3424,0x0803dbf4,0x3efc5d27,0.492898196
3425,0x0803dbf8,0x3efc05aa,0.492230713
3426,0x0803dbfc,0x3efbae22,0.491562903
3427,0x0803dc00,0x3efb5692,0.490894854
3428,0x0803dc04,0x3efafef7,0.490226477
3429,0x0803dc08,0x3efaa753,0.489557832
3430,0x0803dc0c,0x3efa4fa5,0.48888889
3431,0x0803dc10,0x3ef9f7ee,0.488219678
3432,0x0803dc14,0x3ef9a02d,0.487550169
3433,0x0803dc18,0x3ef94862,0.486880362
3434,0x0803dc1c,0x3ef8f08e,0.486210287
3435,0x0803dc20,0x3ef898b0,0.485539913
3436,0x0803dc24,0x3ef840c8,0.484869242
3437,0x0803dc28,0x3ef7e8d7,0.484198302
3438,0x0803dc2c,0x3ef790dc,0.483527064
3439,0x0803dc30,0x3ef738d8,0.482855558
3440,0x0803dc34,0x3ef6e0cb,0.482183784
3441,0x0803dc38,0x3ef688b3,0.481511682
3442,0x0803dc3c,0x3ef63093,0.480839342
3443,0x0803dc40,0x3ef5d868,0.480166674
3444,0x0803dc44,0x3ef58035,0.479493767
3445,0x0803dc48,0x3ef527f8,0.478820562
3446,0x0803dc4c,0x3ef4cfb1,0.47814706
3447,0x0803dc50,0x3ef47761,0.477473289
3448,0x0803dc54,0x3ef41f07,0.47679922
3449,0x0803dc58,0x3ef3c6a4,0.476124883
3450,0x0803dc5c,0x3ef36e38,0.475450277
3451,0x0803dc60,0x3ef315c2,0.474775374
3452,0x0803dc64,0x3ef2bd43,0.474100202
3453,0x0803dc68,0x3ef264bb,0.473424762
3454,0x0803dc6c,0x3ef20c29,0.472749025
3455,0x0803dc70,0x3ef1b38e,0.472073019
3456,0x0803dc74,0x3ef15aea,0.471396744
3457,0x0803dc78,0x3ef1023c,0.470720172
3458,0x0803dc7c,0x3ef0a985,0.470043331
3459,0x0803dc80,0x3ef050c5,0.469366223
3460,0x0803dc84,0x3eeff7fb,0.468688816
3461,0x0803dc88,0x3eef9f28,0.468011141
3462,0x0803dc8c,0x3eef464c,0.467333198
3463,0x0803dc90,0x3eeeed67,0.466654986
3464,0x0803dc94,0x3eee9479,0.465976506
3465,0x0803dc98,0x3eee3b81,0.465297729
3466,0x0803dc9c,0x3eede280,0.464618683
3467,0x0803dca0,0x3eed8976,0.463939369
3468,0x0803dca4,0x3eed3063,0.463259786
3469,0x0803dca8,0x3eecd747,0.462579936
3470,0x0803dcac,0x3eec7e21,0.461899787
3471,0x0803dcb0,0x3eec24f3,0.4612194
3472,0x0803dcb4,0x3eebcbbb,0.460538715
3473,0x0803dcb8,0x3eeb727a,0.459857762
3474,0x0803dcbc,0x3eeb1930,0.45917654
3475,0x0803dcc0,0x3eeabfdd,0.458495051
3476,0x0803dcc4,0x3eea6681,0.457813293
3477,0x0803dcc8,0x3eea0d1c,0.457131267
3478,0x0803dccc,0x3ee9b3ae,0.456448972
3479,0x0803dcd0,0x3ee95a37,0.45576641
3480,0x0803dcd4,0x3ee900b7,0.455083579
3481,0x0803dcd8,0x3ee8a72e,0.45440048
3482,0x0803dcdc,0x3ee84d9c,0.453717113
3483,0x0803dce0,0x3ee7f401,0.453033477
3484,0x0803dce4,0x3ee79a5d,0.452349573
3485,0x0803dce8,0x3ee740b1,0.451665431
3486,0x0803dcec,0x3ee6e6fb,0.450980991
3487,0x0803dcf0,0x3ee68d3c,0.450296283
3488,0x0803dcf4,0x3ee63375,0.449611336
3489,0x0803dcf8,0x3ee5d9a4,0.448926091
3490,0x0803dcfc,0x3ee57fcb,0.448240608
3491,0x0803dd00,0x3ee525e9,0.447554857
3492,0x0803dd04,0x3ee4cbfe,0.446868837
3493,0x0803dd08,0x3ee4720a,0.446182549
3494,0x0803dd0c,0x3ee4180e,0.445496023
3495,0x0803dd10,0x3ee3be08,0.444809198
3496,0x0803dd14,0x3ee363fa,0.444122136
3497,0x0803dd18,0x3ee309e3,0.443434805
3498,0x0803dd1c,0x3ee2afc4,0.442747235
3499,0x0803dd20,0x3ee2559b,0.442059368
3500,0x0803dd24,0x3ee1fb6a,0.441371262
3501,0x0803dd28,0x3ee1a130,0.440682888
3502,0x0803dd2c,0x3ee146ee,0.439994276
3503,0x0803dd30,0x3ee0eca3,0.439305395
3504,0x0803dd34,0x3ee0924f,0.438616246
3505,0x0803dd38,0x3ee037f2,0.437926829
3506,0x0803dd3c,0x3edfdd8d,0.437237173
3507,0x0803dd40,0x3edf831f,0.43654725
3508,0x0803dd44,0x3edf28a9,0.435857087
3509,0x0803dd48,0x3edece2a,0.435166657
3510,0x0803dd4c,0x3ede73a2,0.434475958
3511,0x0803dd50,0x3ede1912,0.433785021
3512,0x0803dd54,0x3eddbe79,0.433093816
3513,0x0803dd58,0x3edd63d8,0.432402372
3514,0x0803dd5c,0x3edd092e,0.43171066
3515,0x0803dd60,0x3edcae7c,0.43101871
3516,0x0803dd64,0x3edc53c1,0.430326492
3517,0x0803dd68,0x3edbf8fd,0.429634005
3518,0x0803dd6c,0x3edb9e31,0.42894128
3519,0x0803dd70,0x3edb435d,0.428248316
3520,0x0803dd74,0x3edae880,0.427555084
3521,0x0803dd78,0x3eda8d9b,0.426861614
3522,0x0803dd7c,0x3eda32ad,0.426167876
3523,0x0803dd80,0x3ed9d7b7,0.425473899
3524,0x0803dd84,0x3ed97cb9,0.424779683
3525,0x0803dd88,0x3ed921b2,0.4240852
3526,0x0803dd8c,0x3ed8c6a3,0.423390478
3527,0x0803dd90,0x3ed86b8b,0.422695488
3528,0x0803dd94,0x3ed8106b,0.422000259
3529,0x0803dd98,0x3ed7b543,0.421304792
3530,0x0803dd9c,0x3ed75a13,0.420609087
3531,0x0803dda0,0x3ed6feda,0.419913113
3532,0x0803dda4,0x3ed6a399,0.419216901
3533,0x0803dda8,0x3ed6484f,0.418520421
3534,0x0803ddac,0x3ed5ecfd,0.417823702
3535,0x0803ddb0,0x3ed591a4,0.417126775
3536,0x0803ddb4,0x3ed53641,0.416429549
3537,0x0803ddb8,0x3ed4dad7,0.415732116
3538,0x0803ddbc,0x3ed47f64,0.415034413
3539,0x0803ddc0,0x3ed423ea,0.414336503
3540,0x0803ddc4,0x3ed3c867,0.413638324
3541,0x0803ddc8,0x3ed36cdb,0.412939876
3542,0x0803ddcc,0x3ed31148,0.41224122
3543,0x0803ddd0,0x3ed2b5ad,0.411542326
3544,0x0803ddd4,0x3ed25a09,0.410843164
3545,0x0803ddd8,0x3ed1fe5e,0.410143793
3546,0x0803dddc,0x3ed1a2aa,0.409444153
3547,0x0803dde0,0x3ed146ee,0.408744276
3548,0x0803dde4,0x3ed0eb2a,0.408044159
3549,0x0803dde8,0x3ed08f5e,0.407343805
3550,0x0803ddec,0x3ed0338a,0.406643212
3551,0x0803ddf0,0x3ecfd7ae,0.40594238
3552,0x0803ddf4,0x3ecf7bca,0.405241311
3553,0x0803ddf8,0x3ecf1fde,0.404540002
3554,0x0803ddfc,0x3ecec3ea,0.403838456
3555,0x0803de00,0x3ece67ee,0.403136671
3556,0x0803de04,0x3ece0bea,0.402434647
3557,0x0803de08,0x3ecdafde,0.401732385
3558,0x0803de0c,0x3ecd53ca,0.401029885
3559,0x0803de10,0x3eccf7af,0.400327176
3560,0x0803de14,0x3ecc9b8b,0.399624199
3561,0x0803de18,0x3ecc3f60,0.398921013
3562,0x0803de1c,0x3ecbe32c,0.398217559
3563,0x0803de20,0x3ecb86f1,0.397513896
3564,0x0803de24,0x3ecb2aae,0.396809995
3565,0x0803de28,0x3ecace63,0.396105856
3566,0x0803de2c,0x3eca7210,0.395401478
3567,0x0803de30,0x3eca15b5,0.394696862
3568,0x0803de34,0x3ec9b953,0.393992037
3569,0x0803de38,0x3ec95ce9,0.393286973
3570,0x0803de3c,0x3ec90077,0.392581671
3571,0x0803de40,0x3ec8a3fd,0.391876131
3572,0x0803de44,0x3ec8477c,0.391170382
3573,0x0803de48,0x3ec7eaf3,0.390464395
3574,0x0803de4c,0x3ec78e62,0.38975817
3575,0x0803de50,0x3ec731ca,0.389051735
3576,0x0803de54,0x3ec6d529,0.388345033
3577,0x0803de58,0x3ec67882,0.387638152
3578,0x0803de5c,0x3ec61bd2,0.386931002
3579,0x0803de60,0x3ec5bf1b,0.386223644
3580,0x0803de64,0x3ec5625c,0.385516047
3581,0x0803de68,0x3ec50596,0.384808242
3582,0x0803de6c,0x3ec4a8c8,0.384100199
3583,0x0803de70,0x3ec44bf2,0.383391917
3584,0x0803de74,0x3ec3ef15,0.382683426
3585,0x0803de78,0x3ec39231,0.381974727
3586,0x0803de7c,0x3ec33544,0.381265759
3587,0x0803de80,0x3ec2d851,0.380556613
3588,0x0803de84,0x3ec27b55,0.379847199
3589,0x0803de88,0x3ec21e53,0.379137605
3590,0x0803de8c,0x3ec1c148,0.378427744
3591,0x0803de90,0x3ec16437,0.377717704
3592,0x0803de94,0x3ec1071e,0.377007425
3593,0x0803de98,0x3ec0a9fd,0.376296908
3594,0x0803de9c,0x3ec04cd5,0.375586182
3595,0x0803dea0,0x3ebfefa5,0.374875218
3596,0x0803dea4,0x3ebf926f,0.374164075
3597,0x0803dea8,0x3ebf3530,0.373452663
3598,0x0803deac,0x3ebed7eb,0.372741073
3599,0x0803deb0,0x3ebe7a9e,0.372029245
3600,0x0803deb4,0x3ebe1d4a,0.371317208
3601,0x0803deb8,0x3ebdbfee,0.370604932
3602,0x0803debc,0x3ebd628b,0.369892448
3603,0x0803dec0,0x3ebd0521,0.369179755
3604,0x0803dec4,0x3ebca7af,0.368466824
3605,0x0803dec8,0x3ebc4a36,0.367753685
3606,0x0803decc,0x3ebbecb6,0.367040336
3607,0x0803ded0,0x3ebb8f2f,0.366326779
3608,0x0803ded4,0x3ebb31a0,0.365612984
3609,0x0803ded8,0x3ebad40b,0.364899009
3610,0x0803dedc,0x3eba766e,0.364184797
3611,0x0803dee0,0x3eba18ca,0.363470376
3612,0x0803dee4,0x3eb9bb1e,0.362755716
3613,0x0803dee8,0x3eb95d6c,0.362040877
3614,0x0803deec,0x3eb8ffb2,0.3613258
3615,0x0803def0,0x3eb8a1f1,0.360610515
3616,0x0803def4,0x3eb8442a,0.359895051
3617,0x0803def8,0x3eb7e65b,0.359179348
3618,0x0803defc,0x3eb78884,0.358463407
3619,0x0803df00,0x3eb72aa7,0.357747287
3620,0x0803df04,0x3eb6ccc3,0.357030958
3621,0x0803df08,0x3eb66ed8,0.356314421
3622,0x0803df0c,0x3eb610e6,0.355597675
3623,0x0803df10,0x3eb5b2ec,0.354880691
3624,0x0803df14,0x3eb554ec,0.354163527
3625,0x0803df18,0x3eb4f6e5,0.353446156
3626,0x0803df1c,0x3eb498d6,0.352728546
3627,0x0803df20,0x3eb43ac1,0.352010757
3628,0x0803df24,0x3eb3dca5,0.351292759
3629,0x0803df28,0x3eb37e82,0.350574553
3630,0x0803df2c,0x3eb32058,0.349856138
3631,0x0803df30,0x3eb2c227,0.349137515
3632,0x0803df34,0x3eb263ef,0.348418683
3633,0x0803df38,0x3eb205b0,0.347699642
3634,0x0803df3c,0x3eb1a76b,0.346980423
3635,0x0803df40,0x3eb1491e,0.346260965
3636,0x0803df44,0x3eb0eacb,0.345541328
3637,0x0803df48,0x3eb08c71,0.344821483
3638,0x0803df4c,0x3eb02e10,0.344101429
3639,0x0803df50,0x3eafcfa8,0.343381166
3640,0x0803df54,0x3eaf713a,0.342660725
3641,0x0803df58,0x3eaf12c5,0.341940075
3642,0x0803df5c,0x3eaeb449,0.341219217
3643,0x0803df60,0x3eae55c6,0.340498149
3644,0x0803df64,0x3eadf73c,0.339776874
3645,0x0803df68,0x3ead98ac,0.339055419
3646,0x0803df6c,0x3ead3a15,0.338333756
3647,0x0803df70,0x3eacdb78,0.337611914
3648,0x0803df74,0x3eac7cd4,0.336889863
3649,0x0803df78,0x3eac1e29,0.336167604
3650,0x0803df7c,0x3eabbf77,0.335445136
3651,0x0803df80,0x3eab60bf,0.334722489
3652,0x0803df84,0x3eab0201,0.333999664
3653,0x0803df88,0x3eaaa33b,0.3332766
3654,0x0803df8c,0x3eaa446f,0.332553357
3655,0x0803df90,0x3ea9e59d,0.331829935
3656,0x0803df94,0x3ea986c4,0.331106305
3657,0x0803df98,0x3ea927e5,0.330382496
3658,0x0803df9c,0x3ea8c8fe,0.329658449
3659,0x0803dfa0,0x3ea86a12,0.328934252
3660,0x0803dfa4,0x3ea80b1f,0.328209847
3661,0x0803dfa8,0x3ea7ac25,0.327485234
3662,0x0803dfac,0x3ea74d25,0.326760441
3663,0x0803dfb0,0x3ea6ee1f,0.32603547
3664,0x0803dfb4,0x3ea68f12,0.32531029
3665,0x0803dfb8,0x3ea62fff,0.324584931
3666,0x0803dfbc,0x3ea5d0e5,0.323859364
3667,0x0803dfc0,0x3ea571c5,0.323133618
3668,0x0803dfc4,0x3ea5129f,0.322407693
3669,0x0803dfc8,0x3ea4b372,0.321681559
3670,0x0803dfcc,0x3ea4543f,0.320955247
3671,0x0803dfd0,0x3ea3f505,0.320228726
3672,0x0803dfd4,0x3ea395c5,0.319502026
3673,0x0803dfd8,0x3ea3367f,0.318775147
3674,0x0803dfdc,0x3ea2d733,0.31804809
3675,0x0803dfe0,0x3ea277e0,0.317320824
3676,0x0803dfe4,0x3ea21887,0.316593379
3677,0x0803dfe8,0x3ea1b928,0.315865755
3678,0x0803dfec,0x3ea159c2,0.315137923
3679,0x0803dff0,0x3ea0fa57,0.314409941
3680,0x0803dff4,0x3ea09ae5,0.313681751
3681,0x0803dff8,0x3ea03b6d,0.312953383
3682,0x0803dffc,0x3e9fdbee,0.312224805
3683,0x0803e000,0x3e9f7c6a,0.311496079
3684,0x0803e004,0x3e9f1cdf,0.310767144
3685,0x0803e008,0x3e9ebd4f,0.31003806
3686,0x0803e00c,0x3e9e5db8,0.309308767
3687,0x0803e010,0x3e9dfe1b,0.308579296
3688,0x0803e014,0x3e9d9e78,0.307849646
3689,0x0803e018,0x3e9d3ecf,0.307119817
3690,0x0803e01c,0x3e9cdf20,0.306389809
3691,0x0803e020,0x3e9c7f6a,0.305659592
3692,0x0803e024,0x3e9c1faf,0.304929227
3693,0x0803e028,0x3e9bbfee,0.304198682
3694,0x0803e02c,0x3e9b6027,0.303467959
3695,0x0803e030,0x3e9b0059,0.302737027
3696,0x0803e034,0x3e9aa086,0.302005947
3697,0x0803e038,0x3e9a40ad,0.301274687
3698,0x0803e03c,0x3e99e0ce,0.300543249
3699,0x0803e040,0x3e9980e9,0.299811631
3700,0x0803e044,0x3e9920fe,0.299079835
3701,0x0803e048,0x3e98c10d,0.298347861
3702,0x0803e04c,0x3e986116,0.297615707
3703,0x0803e050,0x3e980119,0.296883374
3704,0x0803e054,0x3e97a117,0.296150893
3705,0x0803e058,0x3e97410e,0.295418203
3706,0x0803e05c,0x3e96e100,0.294685364
3707,0x0803e060,0x3e9680ec,0.293952346
3708,0x0803e064,0x3e9620d2,0.293219149
3709,0x0803e068,0x3e95c0b3,0.292485803
3710,0x0803e06c,0x3e95608d,0.291752249
3711,0x0803e070,0x3e950062,0.291018546
3712,0x0803e074,0x3e94a031,0.290284663
3713,0x0803e078,0x3e943ffb,0.289550632
3714,0x0803e07c,0x3e93dfbf,0.288816422
3715,0x0803e080,0x3e937f7d,0.288082033
3716,0x0803e084,0x3e931f35,0.287347466
3717,0x0803e088,0x3e92bee7,0.286612719
3718,0x0803e08c,0x3e925e94,0.285877824
3719,0x0803e090,0x3e91fe3c,0.285142779
3720,0x0803e094,0x3e919ddd,0.284407526
3721,0x0803e098,0x3e913d79,0.283672124
3722,0x0803e09c,0x3e90dd10,0.282936573
3723,0x0803e0a0,0x3e907ca1,0.282200843
3724,0x0803e0a4,0x3e901c2c,0.281464934
3725,0x0803e0a8,0x3e8fbbb2,0.280728877
3726,0x0803e0ac,0x3e8f5b32,0.27999264
3727,0x0803e0b0,0x3e8efaad,0.279256254
3728,0x0803e0b4,0x3e8e9a22,0.27851969
3729,0x0803e0b8,0x3e8e3992,0.277782977
3730,0x0803e0bc,0x3e8dd8fc,0.277046084
3731,0x0803e0c0,0x3e8d7861,0.276309043
3732,0x0803e0c4,0x3e8d17c0,0.275571823
3733,0x0803e0c8,0x3e8cb71a,0.274834454
3734,0x0803e0cc,0x3e8c566e,0.274096906
3735,0x0803e0d0,0x3e8bf5bd,0.273359209
3736,0x0803e0d4,0x3e8b9507,0.272621363
3737,0x0803e0d8,0x3e8b344b,0.271883339
3738,0x0803e0dc,0x3e8ad38a,0.271145165
3739,0x0803e0e0,0x3e8a72c3,0.270406812
3740,0x0803e0e4,0x3e8a11f7,0.269668311
3741,0x0803e0e8,0x3e89b126,0.26892966
3742,0x0803e0ec,0x3e895050,0.268190861
3743,0x0803e0f0,0x3e88ef74,0.267451882
3744,0x0803e0f4,0x3e888e93,0.266712755
3745,0x0803e0f8,0x3e882dad,0.265973479
3746,0x0803e0fc,0x3e87ccc1,0.265234023
3747,0x0803e100,0x3e876bd0,0.264494419
3748,0x0803e104,0x3e870ada,0.263754666
3749,0x0803e108,0x3e86a9df,0.263014764
3750,0x0803e10c,0x3e8648df,0.262274712
3751,0x0803e110,0x3e85e7d9,0.261534482
3752,0x0803e114,0x3e8586ce,0.260794103
3753,0x0803e118,0x3e8525bf,0.260053605
3754,0x0803e11c,0x3e84c4aa,0.259312928
3755,0x0803e120,0x3e84638f,0.258572072
3756,0x0803e124,0x3e840270,0.257831097
3757,0x0803e128,0x3e83a14c,0.257089972
3758,0x0803e12c,0x3e834022,0.25634867
3759,0x0803e130,0x3e82def4,0.255607247
3760,0x0803e134,0x3e827dc0,0.254865646
3761,0x0803e138,0x3e821c88,0.254123926
3762,0x0803e13c,0x3e81bb4a,0.253382027
3763,0x0803e140,0x3e815a08,0.252640009
3764,0x0803e144,0x3e80f8c0,0.251897812
3765,0x0803e148,0x3e809774,0.251155496
3766,0x0803e14c,0x3e803622,0.250413001
3767,0x0803e150,0x3e7fa998,0.249670386
3768,0x0803e154,0x3e7ee6e1,0.248927608
3769,0x0803e158,0x3e7e2420,0.248184681
3770,0x0803e15c,0x3e7d6156,0.24744162
3771,0x0803e160,0x3e7c9e82,0.246698409
3772,0x0803e164,0x3e7bdba4,0.24595505
3773,0x0803e168,0x3e7b18bc,0.245211542
3774,0x0803e16c,0x3e7a55cb,0.244467899
3775,0x0803e170,0x3e7992d0,0.243724108
3776,0x0803e174,0x3e78cfcc,0.242980182
3777,0x0803e178,0x3e780cbe,0.242236108
3778,0x0803e17c,0x3e7749a6,0.241491884
3779,0x0803e180,0x3e768685,0.240747526
3780,0x0803e184,0x3e75c35a,0.24000302
3781,0x0803e188,0x3e750026,0.239258379
3782,0x0803e18c,0x3e743ce8,0.238513589
3783,0x0803e190,0x3e7379a1,0.237768665
3784,0x0803e194,0x3e72b651,0.237023607
3785,0x0803e198,0x3e71f2f7,0.2362784
3786,0x0803e19c,0x3e712f94,0.235533059
3787,0x0803e1a0,0x3e706c28,0.234787583
3788,0x0803e1a4,0x3e6fa8b2,0.234041959
3789,0x0803e1a8,0x3e6ee533,0.233296201
3790,0x0803e1ac,0x3e6e21ab,0.232550308
3791,0x0803e1b0,0x3e6d5e1a,0.231804281
3792,0x0803e1b4,0x3e6c9a7f,0.231058106
3793,0x0803e1b8,0x3e6bd6dc,0.230311811
3794,0x0803e1bc,0x3e6b132f,0.229565367
3795,0x0803e1c0,0x3e6a4f79,0.228818789
3796,0x0803e1c4,0x3e698bba,0.228072077
3797,0x0803e1c8,0x3e68c7f3,0.227325246
3798,0x0803e1cc,0x3e680422,0.226578265
3799,0x0803e1d0,0x3e674048,0.225831151
3800,0x0803e1d4,0x3e667c66,0.225083917
3801,0x0803e1d8,0x3e65b87a,0.224336535
3802,0x0803e1dc,0x3e64f486,0.223589033
3803,0x0803e1e0,0x3e643089,0.222841397
3804,0x0803e1e4,0x3e636c83,0.222093627
3805,0x0803e1e8,0x3e62a874,0.221345723
3806,0x0803e1ec,0x3e61e45c,0.220597684
3807,0x0803e1f0,0x3e61203c,0.219849527
3808,0x0803e1f4,0x3e605c13,0.219101235
3809,0x0803e1f8,0x3e5f97e2,0.218352824
3810,0x0803e1fc,0x3e5ed3a8,0.21760428
3811,0x0803e200,0x3e5e0f65,0.2168556
3812,0x0803e204,0x3e5d4b1a,0.216106802
3813,0x0803e208,0x3e5c86c6,0.21535787
3814,0x0803e20c,0x3e5bc26a,0.214608818
3815,0x0803e210,0x3e5afe05,0.213859633
3816,0x0803e214,0x3e5a3997,0.213110313
3817,0x0803e218,0x3e597522,0.212360889
3818,0x0803e21c,0x3e58b0a4,0.211611331
3819,0x0803e220,0x3e57ec1d,0.210861638
3820,0x0803e224,0x3e57278f,0.210111842
3821,0x0803e228,0x3e5662f8,0.209361911
3822,0x0803e22c,0x3e559e58,0.208611846
3823,0x0803e230,0x3e54d9b1,0.207861677
3824,0x0803e234,0x3e541501,0.207111374
3825,0x0803e238,0x3e535049,0.206360951
3826,0x0803e23c,0x3e528b89,0.205610409
3827,0x0803e240,0x3e51c6c1,0.204859748
3828,0x0803e244,0x3e5101f1,0.204108968
3829,0x0803e248,0x3e503d19,0.203358069
3830,0x0803e24c,0x3e4f7838,0.202607036
3831,0x0803e250,0x3e4eb350,0.201855898
3832,0x0803e254,0x3e4dee60,0.201104641
3833,0x0803e258,0x3e4d2967,0.20035325
3834,0x0803e25c,0x3e4c6467,0.199601755
3835,0x0803e260,0x3e4b9f5f,0.19885014
3836,0x0803e264,0x3e4ada4f,0.198098406
3837,0x0803e268,0x3e4a1538,0.197346568
3838,0x0803e26c,0x3e495018,0.196594596
3839,0x0803e270,0x3e488af1,0.195842519
3840,0x0803e274,0x3e47c5c2,0.195090324
3841,0x0803e278,0x3e47008b,0.194338009
3842,0x0803e27c,0x3e463b4d,0.19358559
3843,0x0803e280,0x3e457607,0.192833051
3844,0x0803e284,0x3e44b0b9,0.192080393
3845,0x0803e288,0x3e43eb64,0.191327631
3846,0x0803e28c,0x3e432607,0.19057475
3847,0x0803e290,0x3e4260a3,0.189821765
3848,0x0803e294,0x3e419b37,0.18906866
3849,0x0803e298,0x3e40d5c4,0.188315451
3850,0x0803e29c,0x3e401049,0.187562123
3851,0x0803e2a0,0x3e3f4ac7,0.18680869
3852,0x0803e2a4,0x3e3e853e,0.186055154
3853,0x0803e2a8,0x3e3dbfad,0.185301498
3854,0x0803e2ac,0x3e3cfa15,0.184547737
3855,0x0803e2b0,0x3e3c3476,0.183793873
3856,0x0803e2b4,0x3e3b6ecf,0.183039889
3857,0x0803e2b8,0x3e3aa921,0.182285801
3858,0x0803e2bc,0x3e39e36c,0.181531608
3859,0x0803e2c0,0x3e391db0,0.180777311
3860,0x0803e2c4,0x3e3857ec,0.180022895
3861,0x0803e2c8,0x3e379222,0.17926839
3862,0x0803e2cc,0x3e36cc50,0.178513765
3863,0x0803e2d0,0x3e360678,0.177759051
3864,0x0803e2d4,0x3e354098,0.177004218
3865,0x0803e2d8,0x3e347ab2,0.176249295
3866,0x0803e2dc,0x3e33b4c4,0.175494254
3867,0x0803e2e0,0x3e32eecf,0.174739107
3868,0x0803e2e4,0x3e3228d4,0.173983872
3869,0x0803e2e8,0x3e3162d2,0.173228532
3870,0x0803e2ec,0x3e309cc9,0.172473088
3871,0x0803e2f0,0x3e2fd6b9,0.171717539
3872,0x0803e2f4,0x3e2f10a2,0.170961887
3873,0x0803e2f8,0x3e2e4a85,0.170206144
3874,0x0803e2fc,0x3e2d8461,0.169450298
3875,0x0803e300,0x3e2cbe36,0.168694347
3876,0x0803e304,0x3e2bf804,0.167938292
3877,0x0803e308,0x3e2b31cc,0.167182148
3878,0x0803e30c,0x3e2a6b8d,0.166425899
3879,0x0803e310,0x3e29a548,0.16566956
3880,0x0803e314,0x3e28defc,0.164913118
3881,0x0803e318,0x3e2818aa,0.164156586
3882,0x0803e31c,0x3e275251,0.16339995
3883,0x0803e320,0x3e268bf2,0.162643224
3884,0x0803e324,0x3e25c58c,0.161886394
3885,0x0803e328,0x3e24ff20,0.161129475
3886,0x0803e32c,0x3e2438ad,0.160372451
3887,0x0803e330,0x3e237235,0.159615353
3888,0x0803e334,0x3e22abb6,0.15885815
3889,0x0803e338,0x3e21e530,0.158100843
3890,0x0803e33c,0x3e211ea5,0.157343462
3891,0x0803e340,0x3e205813,0.156585976
3892,0x0803e344,0x3e1f917b,0.155828401
3893,0x0803e348,0x3e1ecadd,0.155070737
3894,0x0803e34c,0x3e1e0438,0.154312968
3895,0x0803e350,0x3e1d3d8e,0.153555125
3896,0x0803e354,0x3e1c76de,0.152797192
3897,0x0803e358,0x3e1bb027,0.152039155
3898,0x0803e35c,0x3e1ae96b,0.151281044
3899,0x0803e360,0x3e1a22a8,0.150522828
3900,0x0803e364,0x3e195be0,0.149764538
3901,0x0803e368,0x3e189511,0.149006143
3902,0x0803e36c,0x3e17ce3d,0.148247674
3903,0x0803e370,0x3e170763,0.147489116
3904,0x0803e374,0x3e164083,0.146730468
3905,0x0803e378,0x3e15799e,0.145971745
3906,0x0803e37c,0x3e14b2b2,0.145212919
3907,0x0803e380,0x3e13ebc1,0.144454017
3908,0x0803e384,0x3e1324ca,0.143695027
3909,0x0803e388,0x3e125dce,0.142935961
3910,0x0803e38c,0x3e1196cc,0.142176807
3911,0x0803e390,0x3e10cfc4,0.141417563
3912,0x0803e394,0x3e1008b7,0.140658244
3913,0x0803e398,0x3e0f41a4,0.139898837
3914,0x0803e39c,0x3e0e7a8b,0.139139339
3915,0x0803e3a0,0x3e0db36d,0.138379768
3916,0x0803e3a4,0x3e0cec4a,0.137620121
3917,0x0803e3a8,0x3e0c2521,0.136860386
3918,0x0803e3ac,0x3e0b5df3,0.136100575
3919,0x0803e3b0,0x3e0a96bf,0.135340676
3920,0x0803e3b4,0x3e09cf86,0.134580702
3921,0x0803e3b8,0x3e090848,0.133820653
3922,0x0803e3bc,0x3e084105,0.13306053
3923,0x0803e3c0,0x3e0779bc,0.132300317
3924,0x0803e3c4,0x3e06b26e,0.13154003
3925,0x0803e3c8,0x3e05eb1b,0.130779669
3926,0x0803e3cc,0x3e0523c2,0.130019218
3927,0x0803e3d0,0x3e045c65,0.129258707
3928,0x0803e3d4,0x3e039502,0.128498107
3929,0x0803e3d8,0x3e02cd9b,0.127737448
3930,0x0803e3dc,0x3e02062e,0.126976699
3931,0x0803e3e0,0x3e013ebc,0.126215875
3932,0x0803e3e4,0x3e007745,0.125454977
3933,0x0803e3e8,0x3dff5f94,0.12469402
3934,0x0803e3ec,0x3dfdd092,0.123932973
3935,0x0803e3f0,0x3dfc4187,0.123171858
3936,0x0803e3f4,0x3dfab273,0.122410677
3937,0x0803e3f8,0x3df92354,0.121649414
3938,0x0803e3fc,0x3df7942c,0.120888084
3939,0x0803e400,0x3df604fb,0.120126687
3940,0x0803e404,0x3df475c0,0.119365215
3941,0x0803e408,0x3df2e67c,0.118603677
3942,0x0803e40c,0x3df1572e,0.117842063
3943,0x0803e410,0x3defc7d7,0.117080383
3944,0x0803e414,0x3dee3876,0.116318628
3945,0x0803e418,0x3deca90d,0.115556814
3946,0x0803e41c,0x3deb199a,0.114794925
3947,0x0803e420,0x3de98a1f,0.114032976
3948,0x0803e424,0x3de7fa9a,0.113270953
3949,0x0803e428,0x3de66b0c,0.112508863
3950,0x0803e42c,0x3de4db76,0.111746714
3951,0x0803e430,0x3de34bd6,0.110984489
3952,0x0803e434,0x3de1bc2e,0.110222206
3953,0x0803e438,0x3de02c7d,0.109459855
3954,0x0803e43c,0x3dde9cc4,0.108697444
3955,0x0803e440,0x3ddd0d02,0.107934967
3956,0x0803e444,0x3ddb7d37,0.107172422
3957,0x0803e448,0x3dd9ed64,0.106409818
3958,0x0803e44c,0x3dd85d89,0.105647154
3959,0x0803e450,0x3dd6cda5,0.104884423
3960,0x0803e454,0x3dd53db9,0.104121633
3961,0x0803e458,0x3dd3adc5,0.103358783
3962,0x0803e45c,0x3dd21dc8,0.102595866
3963,0x0803e460,0x3dd08dc4,0.101832896
3964,0x0803e464,0x3dcefdb7,0.10106986
3965,0x0803e468,0x3dcd6da3,0.100306772
3966,0x0803e46c,0x3dcbdd86,0.0995436162
3967,0x0803e470,0x3dca4d62,0.0987804085
3968,0x0803e474,0x3dc8bd36,0.0980171412
3969,0x0803e478,0x3dc72d02,0.0972538143
3970,0x0803e47c,0x3dc59cc6,0.0964904279
3971,0x0803e480,0x3dc40c83,0.0957269892
3972,0x0803e484,0x3dc27c39,0.0949634984
3973,0x0803e488,0x3dc0ebe6,0.0941999406
3974,0x0803e48c,0x3dbf5b8d,0.093436338
3975,0x0803e490,0x3dbdcb2c,0.0926726758
3976,0x0803e494,0x3dbc3ac3,0.0919089541
3977,0x0803e498,0x3dbaaa54,0.0911451876
3978,0x0803e49c,0x3db919dd,0.0903813615
3979,0x0803e4a0,0x3db7895f,0.0896174833
3980,0x0803e4a4,0x3db5f8da,0.0888535529
3981,0x0803e4a8,0x3db4684e,0.0880895704
3982,0x0803e4ac,0x3db2d7bb,0.0873255357
3983,0x0803e4b0,0x3db14721,0.0865614489
3984,0x0803e4b4,0x3dafb680,0.0857973099
3985,0x0803e4b8,0x3dae25d9,0.0850331262
3986,0x0803e4bc,0x3dac952b,0.0842688903
3987,0x0803e4c0,0x3dab0476,0.0835046023
3988,0x0803e4c4,0x3da973ba,0.0827402622
3989,0x0803e4c8,0x3da7e2f8,0.0819758773
3990,0x0803e4cc,0x3da65230,0.0812114477
3991,0x0803e4d0,0x3da4c161,0.080446966
3992,0x0803e4d4,0x3da3308c,0.0796824396
3993,0x0803e4d8,0x3da19fb0,0.078917861
3994,0x0803e4dc,0x3da00ecf,0.0781532452
3995,0x0803e4e0,0x3d9e7de7,0.0773885772
3996,0x0803e4e4,0x3d9cecf9,0.0766238645
3997,0x0803e4e8,0x3d9b5c05,0.0758591071
3998,0x0803e4ec,0x3d99cb0a,0.0750942975
3999,0x0803e4f0,0x3d983a0a,0.0743294507
4000,0x0803e4f4,0x3d96a905,0.0735645667
4001,0x0803e4f8,0x3d9517f9,0.0727996305
4002,0x0803e4fc,0x3d9386e7,0.0720346496
4003,0x0803e500,0x3d91f5d0,0.0712696314
4004,0x0803e504,0x3d9064b4,0.070504576
4005,0x0803e508,0x3d8ed391,0.0697394684
4006,0x0803e50c,0x3d8d426a,0.068974331
4007,0x0803e510,0x3d8bb13c,0.0682091415
4008,0x0803e514,0x3d8a200a,0.0674439222
4009,0x0803e518,0x3d888ed2,0.0666786581
4010,0x0803e51c,0x3d86fd94,0.0659133494
4011,0x0803e520,0x3d856c52,0.0651480108
4012,0x0803e524,0x3d83db0a,0.0643826276
4013,0x0803e528,0x3d8249be,0.0636172146
4014,0x0803e52c,0x3d80b86c,0.0628517568
4015,0x0803e530,0x3d7e4e2b,0.0620862655
4016,0x0803e534,0x3d7b2b74,0.061320737
4017,0x0803e538,0x3d7808b3,0.0605551712
4018,0x0803e53c,0x3d74e5e9,0.0597895719
4019,0x0803e540,0x3d71c315,0.0590239353
4020,0x0803e544,0x3d6ea038,0.0582582653
4021,0x0803e548,0x3d6b7d51,0.0574925579
4022,0x0803e54c,0x3d685a62,0.0567268208
4023,0x0803e550,0x3d65376a,0.0559610501
4024,0x0803e554,0x3d621469,0.0551952459
4025,0x0803e558,0x3d5ef15f,0.0544294082
4026,0x0803e55c,0x3d5bce4c,0.0536635369
4027,0x0803e560,0x3d58ab31,0.0528976358
4028,0x0803e564,0x3d55880e,0.052131705
4029,0x0803e568,0x3d5264e2,0.0513657406
4030,0x0803e56c,0x3d4f41af,0.0505997501
4031,0x0803e570,0x3d4c1e73,0.0498337261
4032,0x0803e574,0x3d48fb30,0.0490676761
4033,0x0803e578,0x3d45d7e4,0.0483015925
4034,0x0803e57c,0x3d42b491,0.0475354828
4035,0x0803e580,0x3d3f9137,0.046769347
4036,0x0803e584,0x3d3c6dd5,0.0460031815
4037,0x0803e588,0x3d394a6c,0.0452369899
4038,0x0803e58c,0x3d3626fc,0.0444707721
4039,0x0803e590,0x3d330385,0.0437045284
4040,0x0803e594,0x3d2fe007,0.0429382585
4041,0x0803e598,0x3d2cbc82,0.0421719626
4042,0x0803e59c,0x3d2998f6,0.0414056405
4043,0x0803e5a0,0x3d267564,0.0406392962
4044,0x0803e5a4,0x3d2351cb,0.0398729257
4045,0x0803e5a8,0x3d202e2d,0.0391065367
4046,0x0803e5ac,0x3d1d0a88,0.0383401215
4047,0x0803e5b0,0x3d19e6dd,0.037573684
4048,0x0803e5b4,0x3d16c32c,0.0368072242
4049,0x0803e5b8,0x3d139f75,0.036040742
4050,0x0803e5bc,0x3d107bb8,0.0352742374
4051,0x0803e5c0,0x3d0d57f6,0.0345077142
4052,0x0803e5c4,0x3d0a342f,0.0337411724
4053,0x0803e5c8,0x3d071062,0.0329746082
4054,0x0803e5cc,0x3d03ec90,0.0322080255
4055,0x0803e5d0,0x3d00c8b9,0.031441424
4056,0x0803e5d4,0x3cfb49ba,0.030674804
4057,0x0803e5d8,0x3cf501f8,0.0299081653
4058,0x0803e5dc,0x3ceeba2c,0.029141508
4059,0x0803e5e0,0x3ce87258,0.0283748358
4060,0x0803e5e4,0x3ce22a7a,0.027608145
4061,0x0803e5e8,0x3cdbe294,0.0268414393
4062,0x0803e5ec,0x3cd59aa6,0.0260747187
4063,0x0803e5f0,0x3ccf52af,0.0253079813
4064,0x0803e5f4,0x3cc90ab0,0.024541229
4065,0x0803e5f8,0x3cc2c2a9,0.0237744618
4066,0x0803e5fc,0x3cbc7a9b,0.0230076816
4067,0x0803e600,0x3cb63286,0.0222408883
4068,0x0803e604,0x3cafea69,0.0214740802
4069,0x0803e608,0x3ca9a246,0.0207072608
4070,0x0803e60c,0x3ca35a1c,0.0199404284
4071,0x0803e610,0x3c9d11ec,0.0191735849
4072,0x0803e614,0x3c96c9b6,0.0184067301
4073,0x0803e618,0x3c90817a,0.0176398642
4074,0x0803e61c,0x3c8a3938,0.0168729872
4075,0x0803e620,0x3c83f0f2,0.0161061026
4076,0x0803e624,0x3c7b514b,0.015339206
4077,0x0803e628,0x3c6ec0aa,0.0145723019
4078,0x0803e62c,0x3c622fff,0.0138053885
4079,0x0803e630,0x3c559f4c,0.0130384676
4080,0x0803e634,0x3c490e90,0.0122715384
4081,0x0803e638,0x3c3c7dcc,0.0115046017
4082,0x0803e63c,0x3c2fed02,0.0107376594
4083,0x0803e640,0x3c235c30,0.00997070968
4084,0x0803e644,0x3c16cb58,0.00920375437
4085,0x0803e648,0x3c0a3a7b,0.00843679439
4086,0x0803e64c,0x3bfb5330,0.00766982883
4087,0x0803e650,0x3be23160,0.00690285861
4088,0x0803e654,0x3bc90f88,0.00613588467
4089,0x0803e658,0x3bafeda8,0.005368907
4090,0x0803e65c,0x3b96cbc1,0.00460192608
4091,0x0803e660,0x3b7b53a9,0.00383494259
4092,0x0803e664,0x3b490fc6,0.00306795677
4093,0x0803e668,0x3b16cbdb,0.00230096909
4094,0x0803e66c,0x3ac90fd5,0.00153398013
4095,0x0803e670,0x3a490fd9,0.000766990299
4096,0x0803e674,0x00000000,0
4097,0x0803e678,0xba490fd9,-0.000766990299
4098,0x0803e67c,0xbac90fd5,-0.00153398013
4099,0x0803e680,0xbb16cbdb,-0.00230096909
4100,0x0803e684,0xbb490fc6,-0.00306795677
4101,0x0803e688,0xbb7b53a9,-0.00383494259
4102,0x0803e68c,0xbb96cbc1,-0.00460192608
4103,0x0803e690,0xbbafeda8,-0.005368907
4104,0x0803e694,0xbbc90f88,-0.00613588467
4105,0x0803e698,0xbbe23160,-0.00690285861
4106,0x0803e69c,0xbbfb5330,-0.00766982883
4107,0x0803e6a0,0xbc0a3a7b,-0.00843679439
4108,0x0803e6a4,0xbc16cb58,-0.00920375437
4109,0x0803e6a8,0xbc235c30,-0.00997070968
4110,0x0803e6ac,0xbc2fed02,-0.0107376594
4111,0x0803e6b0,0xbc3c7dcc,-0.0115046017
4112,0x0803e6b4,0xbc490e90,-0.0122715384
4113,0x0803e6b8,0xbc559f4c,-0.0130384676
4114,0x0803e6bc,0xbc622fff,-0.0138053885
4115,0x0803e6c0,0xbc6ec0aa,-0.0145723019
4116,0x0803e6c4,0xbc7b514b,-0.015339206
4117,0x0803e6c8,0xbc83f0f2,-0.0161061026
4118,0x0803e6cc,0xbc8a3938,-0.0168729872
4119,0x0803e6d0,0xbc90817a,-0.0176398642
4120,0x0803e6d4,0xbc96c9b6,-0.0184067301
4121,0x0803e6d8,0xbc9d11ec,-0.0191735849
4122,0x0803e6dc,0xbca35a1c,-0.0199404284
4123,0x0803e6e0,0xbca9a246,-0.0207072608
4124,0x0803e6e4,0xbcafea69,-0.0214740802
4125,0x0803e6e8,0xbcb63286,-0.0222408883
4126,0x0803e6ec,0xbcbc7a9b,-0.0230076816
4127,0x0803e6f0,0xbcc2c2a9,-0.0237744618
4128,0x0803e6f4,0xbcc90ab0,-0.024541229
4129,0x0803e6f8,0xbccf52af,-0.0253079813
4130,0x0803e6fc,0xbcd59aa6,-0.0260747187
4131,0x0803e700,0xbcdbe294,-0.0268414393
4132,0x0803e704,0xbce22a7a,-0.027608145
4133,0x0803e708,0xbce87258,-0.0283748358
4134,0x0803e70c,0xbceeba2c,-0.029141508
4135,0x0803e710,0xbcf501f8,-0.0299081653
4136,0x0803e714,0xbcfb49ba,-0.030674804
4137,0x0803e718,0xbd00c8b9,-0.031441424
4138,0x0803e71c,0xbd03ec90,-0.0322080255
4139,0x0803e720,0xbd071062,-0.0329746082
4140,0x0803e724,0xbd0a342f,-0.0337411724
4141,0x0803e728,0xbd0d57f6,-0.0345077142
4142,0x0803e72c,0xbd107bb8,-0.0352742374
4143,0x0803e730,0xbd139f75,-0.036040742
4144,0x0803e734,0xbd16c32c,-0.0368072242
4145,0x0803e738,0xbd19e6dd,-0.037573684
4146,0x0803e73c,0xbd1d0a88,-0.0383401215
4147,0x0803e740,0xbd202e2d,-0.0391065367
4148,0x0803e744,0xbd2351cb,-0.0398729257
4149,0x0803e748,0xbd267564,-0.0406392962
4150,0x0803e74c,0xbd2998f6,-0.0414056405
4151,0x0803e750,0xbd2cbc82,-0.0421719626
4152,0x0803e754,0xbd2fe007,-0.0429382585
4153,0x0803e758,0xbd330385,-0.0437045284
4154,0x0803e75c,0xbd3626fc,-0.0444707721
4155,0x0803e760,0xbd394a6c,-0.0452369899
4156,0x0803e764,0xbd3c6dd5,-0.0460031815
4157,0x0803e768,0xbd3f9137,-0.046769347
4158,0x0803e76c,0xbd42b491,-0.0475354828
4159,0x0803e770,0xbd45d7e4,-0.0483015925
4160,0x0803e774,0xbd48fb30,-0.0490676761
4161,0x0803e778,0xbd4c1e73,-0.0498337261
4162,0x0803e77c,0xbd4f41af,-0.0505997501
4163,0x0803e780,0xbd5264e2,-0.0513657406
4164,0x0803e784,0xbd55880e,-0.052131705
4165,0x0803e788,0xbd58ab31,-0.0528976358
4166,0x0803e78c,0xbd5bce4c,-0.0536635369
4167,0x0803e790,0xbd5ef15f,-0.0544294082
4168,0x0803e794,0xbd621469,-0.0551952459
4169,0x0803e798,0xbd65376a,-0.0559610501
4170,0x0803e79c,0xbd685a62,-0.0567268208
4171,0x0803e7a0,0xbd6b7d51,-0.0574925579
4172,0x0803e7a4,0xbd6ea038,-0.0582582653
4173,0x0803e7a8,0xbd71c315,-0.0590239353
4174,0x0803e7ac,0xbd74e5e9,-0.0597895719
4175,0x0803e7b0,0xbd7808b3,-0.0605551712
4176,0x0803e7b4,0xbd7b2b74,-0.061320737
4177,0x0803e7b8,0xbd7e4e2b,-0.0620862655
4178,0x0803e7bc,0xbd80b86c,-0.0628517568
4179,0x0803e7c0,0xbd8249be,-0.0636172146
4180,0x0803e7c4,0xbd83db0a,-0.0643826276
4181,0x0803e7c8,0xbd856c52,-0.0651480108
4182,0x0803e7cc,0xbd86fd94,-0.0659133494
4183,0x0803e7d0,0xbd888ed2,-0.0666786581
4184,0x0803e7d4,0xbd8a200a,-0.0674439222
4185,0x0803e7d8,0xbd8bb13c,-0.0682091415
4186,0x0803e7dc,0xbd8d426a,-0.068974331
4187,0x0803e7e0,0xbd8ed391,-0.0697394684
4188,0x0803e7e4,0xbd9064b4,-0.070504576
4189,0x0803e7e8,0xbd91f5d0,-0.0712696314
4190,0x0803e7ec,0xbd9386e7,-0.0720346496
4191,0x0803e7f0,0xbd9517f9,-0.0727996305
4192,0x0803e7f4,0xbd96a905,-0.0735645667
4193,0x0803e7f8,0xbd983a0a,-0.0743294507
4194,0x0803e7fc,0xbd99cb0a,-0.0750942975
4195,0x0803e800,0xbd9b5c05,-0.0758591071
4196,0x0803e804,0xbd9cecf9,-0.0766238645
4197,0x0803e808,0xbd9e7de7,-0.0773885772
4198,0x0803e80c,0xbda00ecf,-0.0781532452
4199,0x0803e810,0xbda19fb0,-0.078917861
4200,0x0803e814,0xbda3308c,-0.0796824396
4201,0x0803e818,0xbda4c161,-0.080446966
4202,0x0803e81c,0xbda65230,-0.0812114477
4203,0x0803e820,0xbda7e2f8,-0.0819758773
4204,0x0803e824,0xbda973ba,-0.0827402622
4205,0x0803e828,0xbdab0476,-0.0835046023
4206,0x0803e82c,0xbdac952b,-0.0842688903
4207,0x0803e830,0xbdae25d9,-0.0850331262
4208,0x0803e834,0xbdafb680,-0.0857973099
4209,0x0803e838,0xbdb14721,-0.0865614489
4210,0x0803e83c,0xbdb2d7bb,-0.0873255357
4211,0x0803e840,0xbdb4684e,-0.0880895704
4212,0x0803e844,0xbdb5f8da,-0.0888535529
4213,0x0803e848,0xbdb7895f,-0.0896174833
4214,0x0803e84c,0xbdb919dd,-0.0903813615
4215,0x0803e850,0xbdbaaa54,-0.0911451876
4216,0x0803e854,0xbdbc3ac3,-0.0919089541
4217,0x0803e858,0xbdbdcb2c,-0.0926726758
4218,0x0803e85c,0xbdbf5b8d,-0.093436338
4219,0x0803e860,0xbdc0ebe6,-0.0941999406
4220,0x0803e864,0xbdc27c39,-0.0949634984
4221,0x0803e868,0xbdc40c83,-0.0957269892
4222,0x0803e86c,0xbdc59cc6,-0.0964904279
4223,0x0803e870,0xbdc72d02,-0.0972538143
4224,0x0803e874,0xbdc8bd36,-0.0980171412
4225,0x0803e878,0xbdca4d62,-0.0987804085
4226,0x0803e87c,0xbdcbdd86,-0.0995436162
4227,0x0803e880,0xbdcd6da3,-0.100306772
4228,0x0803e884,0xbdcefdb7,-0.10106986
4229,0x0803e888,0xbdd08dc4,-0.101832896
4230,0x0803e88c,0xbdd21dc8,-0.102595866
4231,0x0803e890,0xbdd3adc5,-0.103358783
4232,0x0803e894,0xbdd53db9,-0.104121633
4233,0x0803e898,0xbdd6cda5,-0.104884423
4234,0x0803e89c,0xbdd85d89,-0.105647154
4235,0x0803e8a0,0xbdd9ed64,-0.106409818
4236,0x0803e8a4,0xbddb7d37,-0.107172422
4237,0x0803e8a8,0xbddd0d02,-0.107934967
4238,0x0803e8ac,0xbdde9cc4,-0.108697444
4239,0x0803e8b0,0xbde02c7d,-0.109459855
4240,0x0803e8b4,0xbde1bc2e,-0.110222206
4241,0x0803e8b8,0xbde34bd6,-0.110984489
4242,0x0803e8bc,0xbde4db76,-0.111746714
4243,0x0803e8c0,0xbde66b0c,-0.112508863
4244,0x0803e8c4,0xbde7fa9a,-0.113270953
4245,0x0803e8c8,0xbde98a1f,-0.114032976
4246,0x0803e8cc,0xbdeb199a,-0.114794925
4247,0x0803e8d0,0xbdeca90d,-0.115556814
4248,0x0803e8d4,0xbdee3876,-0.116318628
4249,0x0803e8d8,0xbdefc7d7,-0.117080383
4250,0x0803e8dc,0xbdf1572e,-0.117842063
4251,0x0803e8e0,0xbdf2e67c,-0.118603677
4252,0x0803e8e4,0xbdf475c0,-0.119365215
4253,0x0803e8e8,0xbdf604fb,-0.120126687
4254,0x0803e8ec,0xbdf7942c,-0.120888084
4255,0x0803e8f0,0xbdf92354,-0.121649414
4256,0x0803e8f4,0xbdfab273,-0.122410677
4257,0x0803e8f8,0xbdfc4187,-0.123171858
4258,0x0803e8fc,0xbdfdd092,-0.123932973
4259,0x0803e900,0xbdff5f94,-0.12469402
4260,0x0803e904,0xbe007745,-0.125454977
4261,0x0803e908,0xbe013ebc,-0.126215875
4262,0x0803e90c,0xbe02062e,-0.126976699
4263,0x0803e910,0xbe02cd9b,-0.127737448
4264,0x0803e914,0xbe039502,-0.128498107
4265,0x0803e918,0xbe045c65,-0.129258707
4266,0x0803e91c,0xbe0523c2,-0.130019218
4267,0x0803e920,0xbe05eb1b,-0.130779669
4268,0x0803e924,0xbe06b26e,-0.13154003
4269,0x0803e928,0xbe0779bc,-0.132300317
4270,0x0803e92c,0xbe084105,-0.13306053
4271,0x0803e930,0xbe090848,-0.133820653
4272,0x0803e934,0xbe09cf86,-0.134580702
4273,0x0803e938,0xbe0a96bf,-0.135340676
4274,0x0803e93c,0xbe0b5df3,-0.136100575
4275,0x0803e940,0xbe0c2521,-0.136860386
4276,0x0803e944,0xbe0cec4a,-0.137620121
4277,0x0803e948,0xbe0db36d,-0.138379768
4278,0x0803e94c,0xbe0e7a8b,-0.139139339
4279,0x0803e950,0xbe0f41a4,-0.139898837
4280,0x0803e954,0xbe1008b7,-0.140658244
4281,0x0803e958,0xbe10cfc4,-0.141417563
4282,0x0803e95c,0xbe1196cc,-0.142176807
4283,0x0803e960,0xbe125dce,-0.142935961
4284,0x0803e964,0xbe1324ca,-0.143695027
4285,0x0803e968,0xbe13ebc1,-0.144454017
4286,0x0803e96c,0xbe14b2b2,-0.145212919
4287,0x0803e970,0xbe15799e,-0.145971745
4288,0x0803e974,0xbe164083,-0.146730468
4289,0x0803e978,0xbe170763,-0.147489116
4290,0x0803e97c,0xbe17ce3d,-0.148247674
4291,0x0803e980,0xbe189511,-0.149006143
4292,0x0803e984,0xbe195be0,-0.149764538
4293,0x0803e988,0xbe1a22a8,-0.150522828
4294,0x0803e98c,0xbe1ae96b,-0.151281044
4295,0x0803e990,0xbe1bb027,-0.152039155
4296,0x0803e994,0xbe1c76de,-0.152797192
4297,0x0803e998,0xbe1d3d8e,-0.153555125
4298,0x0803e99c,0xbe1e0438,-0.154312968
4299,0x0803e9a0,0xbe1ecadd,-0.155070737
4300,0x0803e9a4,0xbe1f917b,-0.155828401
4301,0x0803e9a8,0xbe205813,-0.156585976
4302,0x0803e9ac,0xbe211ea5,-0.157343462
4303,0x0803e9b0,0xbe21e530,-0.158100843
4304,0x0803e9b4,0xbe22abb6,-0.15885815
4305,0x0803e9b8,0xbe237235,-0.159615353
4306,0x0803e9bc,0xbe2438ad,-0.160372451
4307,0x0803e9c0,0xbe24ff20,-0.161129475
4308,0x0803e9c4,0xbe25c58c,-0.161886394
4309,0x0803e9c8,0xbe268bf2,-0.162643224
4310,0x0803e9cc,0xbe275251,-0.16339995
4311,0x0803e9d0,0xbe2818aa,-0.164156586
4312,0x0803e9d4,0xbe28defc,-0.164913118
4313,0x0803e9d8,0xbe29a548,-0.16566956
4314,0x0803e9dc,0xbe2a6b8d,-0.166425899
4315,0x0803e9e0,0xbe2b31cc,-0.167182148
4316,0x0803e9e4,0xbe2bf804,-0.167938292
4317,0x0803e9e8,0xbe2cbe36,-0.168694347
4318,0x0803e9ec,0xbe2d8461,-0.169450298
4319,0x0803e9f0,0xbe2e4a85,-0.170206144
4320,0x0803e9f4,0xbe2f10a2,-0.170961887
4321,0x0803e9f8,0xbe2fd6b9,-0.171717539
4322,0x0803e9fc,0xbe309cc9,-0.172473088
4323,0x0803ea00,0xbe3162d2,-0.173228532
4324,0x0803ea04,0xbe3228d4,-0.173983872
4325,0x0803ea08,0xbe32eecf,-0.174739107
4326,0x0803ea0c,0xbe33b4c4,-0.175494254
4327,0x0803ea10,0xbe347ab2,-0.176249295
4328,0x0803ea14,0xbe354098,-0.177004218
4329,0x0803ea18,0xbe360678,-0.177759051
4330,0x0803ea1c,0xbe36cc50,-0.178513765
4331,0x0803ea20,0xbe379222,-0.17926839
4332,0x0803ea24,0xbe3857ec,-0.180022895
4333,0x0803ea28,0xbe391db0,-0.180777311
4334,0x0803ea2c,0xbe39e36c,-0.181531608
4335,0x0803ea30,0xbe3aa921,-0.182285801
4336,0x0803ea34,0xbe3b6ecf,-0.183039889
4337,0x0803ea38,0xbe3c3476,-0.183793873
4338,0x0803ea3c,0xbe3cfa15,-0.184547737
4339,0x0803ea40,0xbe3dbfad,-0.185301498
4340,0x0803ea44,0xbe3e853e,-0.186055154
4341,0x0803ea48,0xbe3f4ac7,-0.18680869
4342,0x0803ea4c,0xbe401049,-0.187562123
4343,0x0803ea50,0xbe40d5c4,-0.188315451
4344,0x0803ea54,0xbe419b37,-0.18906866
4345,0x0803ea58,0xbe4260a3,-0.189821765
4346,0x0803ea5c,0xbe432607,-0.19057475
4347,0x0803ea60,0xbe43eb64,-0.191327631
4348,0x0803ea64,0xbe44b0b9,-0.192080393
4349,0x0803ea68,0xbe457607,-0.192833051
4350,0x0803ea6c,0xbe463b4d,-0.19358559
4351,0x0803ea70,0xbe47008b,-0.194338009
4352,0x0803ea74,0xbe47c5c2,-0.195090324
4353,0x0803ea78,0xbe488af1,-0.195842519
4354,0x0803ea7c,0xbe495018,-0.196594596
4355,0x0803ea80,0xbe4a1538,-0.197346568
4356,0x0803ea84,0xbe4ada4f,-0.198098406
4357,0x0803ea88,0xbe4b9f5f,-0.19885014
4358,0x0803ea8c,0xbe4c6467,-0.199601755
4359,0x0803ea90,0xbe4d2967,-0.20035325
4360,0x0803ea94,0xbe4dee60,-0.201104641
4361,0x0803ea98,0xbe4eb350,-0.201855898
4362,0x0803ea9c,0xbe4f7838,-0.202607036
4363,0x0803eaa0,0xbe503d19,-0.203358069
4364,0x0803eaa4,0xbe5101f1,-0.204108968
4365,0x0803eaa8,0xbe51c6c1,-0.204859748
4366,0x0803eaac,0xbe528b89,-0.205610409
4367,0x0803eab0,0xbe535049,-0.206360951
4368,0x0803eab4,0xbe541501,-0.207111374
4369,0x0803eab8,0xbe54d9b1,-0.207861677
4370,0x0803eabc,0xbe559e58,-0.208611846
4371,0x0803eac0,0xbe5662f8,-0.209361911
4372,0x0803eac4,0xbe57278f,-0.210111842
4373,0x0803eac8,0xbe57ec1d,-0.210861638
4374,0x0803eacc,0xbe58b0a4,-0.211611331
4375,0x0803ead0,0xbe597522,-0.212360889
4376,0x0803ead4,0xbe5a3997,-0.213110313
4377,0x0803ead8,0xbe5afe05,-0.213859633
4378,0x0803eadc,0xbe5bc26a,-0.214608818
4379,0x0803eae0,0xbe5c86c6,-0.21535787
4380,0x0803eae4,0xbe5d4b1a,-0.216106802
4381,0x0803eae8,0xbe5e0f65,-0.2168556
4382,0x0803eaec,0xbe5ed3a8,-0.21760428
4383,0x0803eaf0,0xbe5f97e2,-0.218352824
4384,0x0803eaf4,0xbe605c13,-0.219101235
4385,0x0803eaf8,0xbe61203c,-0.219849527
4386,0x0803eafc,0xbe61e45c,-0.220597684
4387,0x0803eb00,0xbe62a874,-0.221345723
4388,0x0803eb04,0xbe636c83,-0.222093627
4389,0x0803eb08,0xbe643089,-0.222841397
4390,0x0803eb0c,0xbe64f486,-0.223589033
4391,0x0803eb10,0xbe65b87a,-0.224336535
4392,0x0803eb14,0xbe667c66,-0.225083917
4393,0x0803eb18,0xbe674048,-0.225831151
4394,0x0803eb1c,0xbe680422,-0.226578265
4395,0x0803eb20,0xbe68c7f3,-0.227325246
4396,0x0803eb24,0xbe698bba,-0.228072077
4397,0x0803eb28,0xbe6a4f79,-0.228818789
4398,0x0803eb2c,0xbe6b132f,-0.229565367
4399,0x0803eb30,0xbe6bd6dc,-0.230311811
4400,0x0803eb34,0xbe6c9a7f,-0.231058106
4401,0x0803eb38,0xbe6d5e1a,-0.231804281
4402,0x0803eb3c,0xbe6e21ab,-0.232550308
4403,0x0803eb40,0xbe6ee533,-0.233296201
4404,0x0803eb44,0xbe6fa8b2,-0.234041959
4405,0x0803eb48,0xbe706c28,-0.234787583
4406,0x0803eb4c,0xbe712f94,-0.235533059
4407,0x0803eb50,0xbe71f2f7,-0.2362784
4408,0x0803eb54,0xbe72b651,-0.237023607
4409,0x0803eb58,0xbe7379a1,-0.237768665
4410,0x0803eb5c,0xbe743ce8,-0.238513589
4411,0x0803eb60,0xbe750026,-0.239258379
4412,0x0803eb64,0xbe75c35a,-0.24000302
4413,0x0803eb68,0xbe768685,-0.240747526
4414,0x0803eb6c,0xbe7749a6,-0.241491884
4415,0x0803eb70,0xbe780cbe,-0.242236108
4416,0x0803eb74,0xbe78cfcc,-0.242980182
4417,0x0803eb78,0xbe7992d0,-0.243724108
4418,0x0803eb7c,0xbe7a55cb,-0.244467899
4419,0x0803eb80,0xbe7b18bc,-0.245211542
4420,0x0803eb84,0xbe7bdba4,-0.24595505
4421,0x0803eb88,0xbe7c9e82,-0.246698409
4422,0x0803eb8c,0xbe7d6156,-0.24744162
4423,0x0803eb90,0xbe7e2420,-0.248184681
4424,0x0803eb94,0xbe7ee6e1,-0.248927608
4425,0x0803eb98,0xbe7fa998,-0.249670386
4426,0x0803eb9c,0xbe803622,-0.250413001
4427,0x0803eba0,0xbe809774,-0.251155496
4428,0x0803eba4,0xbe80f8c0,-0.251897812
4429,0x0803eba8,0xbe815a08,-0.252640009
4430,0x0803ebac,0xbe81bb4a,-0.253382027
4431,0x0803ebb0,0xbe821c88,-0.254123926
4432,0x0803ebb4,0xbe827dc0,-0.254865646
4433,0x0803ebb8,0xbe82def4,-0.255607247
4434,0x0803ebbc,0xbe834022,-0.25634867
4435,0x0803ebc0,0xbe83a14c,-0.257089972
4436,0x0803ebc4,0xbe840270,-0.257831097
4437,0x0803ebc8,0xbe84638f,-0.258572072
4438,0x0803ebcc,0xbe84c4aa,-0.259312928
4439,0x0803ebd0,0xbe8525bf,-0.260053605
4440,0x0803ebd4,0xbe8586ce,-0.260794103
4441,0x0803ebd8,0xbe85e7d9,-0.261534482
4442,0x0803ebdc,0xbe8648df,-0.262274712
4443,0x0803ebe0,0xbe86a9df,-0.263014764
4444,0x0803ebe4,0xbe870ada,-0.263754666
4445,0x0803ebe8,0xbe876bd0,-0.264494419
4446,0x0803ebec,0xbe87ccc1,-0.265234023
4447,0x0803ebf0,0xbe882dad,-0.265973479
4448,0x0803ebf4,0xbe888e93,-0.266712755
4449,0x0803ebf8,0xbe88ef74,-0.267451882
4450,0x0803ebfc,0xbe895050,-0.268190861
4451,0x0803ec00,0xbe89b126,-0.26892966
4452,0x0803ec04,0xbe8a11f7,-0.269668311
4453,0x0803ec08,0xbe8a72c3,-0.270406812
4454,0x0803ec0c,0xbe8ad38a,-0.271145165
4455,0x0803ec10,0xbe8b344b,-0.271883339
4456,0x0803ec14,0xbe8b9507,-0.272621363
4457,0x0803ec18,0xbe8bf5bd,-0.273359209
4458,0x0803ec1c,0xbe8c566e,-0.274096906
4459,0x0803ec20,0xbe8cb71a,-0.274834454
4460,0x0803ec24,0xbe8d17c0,-0.275571823
4461,0x0803ec28,0xbe8d7861,-0.276309043
4462,0x0803ec2c,0xbe8dd8fc,-0.277046084
4463,0x0803ec30,0xbe8e3992,-0.277782977
4464,0x0803ec34,0xbe8e9a22,-0.27851969
4465,0x0803ec38,0xbe8efaad,-0.279256254
4466,0x0803ec3c,0xbe8f5b32,-0.27999264
4467,0x0803ec40,0xbe8fbbb2,-0.280728877
4468,0x0803ec44,0xbe901c2c,-0.281464934
4469,0x0803ec48,0xbe907ca1,-0.282200843
4470,0x0803ec4c,0xbe90dd10,-0.282936573
4471,0x0803ec50,0xbe913d79,-0.283672124
4472,0x0803ec54,0xbe919ddd,-0.284407526
4473,0x0803ec58,0xbe91fe3c,-0.285142779
4474,0x0803ec5c,0xbe925e94,-0.285877824
4475,0x0803ec60,0xbe92bee7,-0.286612719
4476,0x0803ec64,0xbe931f35,-0.287347466
4477,0x0803ec68,0xbe937f7d,-0.288082033
4478,0x0803ec6c,0xbe93dfbf,-0.288816422
4479,0x0803ec70,0xbe943ffb,-0.289550632
4480,0x0803ec74,0xbe94a031,-0.290284663
4481,0x0803ec78,0xbe950062,-0.291018546
4482,0x0803ec7c,0xbe95608d,-0.291752249
4483,0x0803ec80,0xbe95c0b3,-0.292485803
4484,0x0803ec84,0xbe9620d2,-0.293219149
4485,0x0803ec88,0xbe9680ec,-0.293952346
4486,0x0803ec8c,0xbe96e100,-0.294685364
4487,0x0803ec90,0xbe97410e,-0.295418203
4488,0x0803ec94,0xbe97a117,-0.296150893
4489,0x0803ec98,0xbe980119,-0.296883374
4490,0x0803ec9c,0xbe986116,-0.297615707
4491,0x0803eca0,0xbe98c10d,-0.298347861
4492,0x0803eca4,0xbe9920fe,-0.299079835
4493,0x0803eca8,0xbe9980e9,-0.299811631
4494,0x0803ecac,0xbe99e0ce,-0.300543249
4495,0x0803ecb0,0xbe9a40ad,-0.301274687
4496,0x0803ecb4,0xbe9aa086,-0.302005947
4497,0x0803ecb8,0xbe9b0059,-0.302737027
4498,0x0803ecbc,0xbe9b6027,-0.303467959
4499,0x0803ecc0,0xbe9bbfee,-0.304198682
4500,0x0803ecc4,0xbe9c1faf,-0.304929227
4501,0x0803ecc8,0xbe9c7f6a,-0.305659592
4502,0x0803eccc,0xbe9cdf20,-0.306389809
4503,0x0803ecd0,0xbe9d3ecf,-0.307119817
4504,0x0803ecd4,0xbe9d9e78,-0.307849646
4505,0x0803ecd8,0xbe9dfe1b,-0.308579296
4506,0x0803ecdc,0xbe9e5db8,-0.309308767
4507,0x0803ece0,0xbe9ebd4f,-0.31003806
4508,0x0803ece4,0xbe9f1cdf,-0.310767144
4509,0x0803ece8,0xbe9f7c6a,-0.311496079
4510,0x0803ecec,0xbe9fdbee,-0.312224805
4511,0x0803ecf0,0xbea03b6d,-0.312953383
4512,0x0803ecf4,0xbea09ae5,-0.313681751
4513,0x0803ecf8,0xbea0fa57,-0.314409941
4514,0x0803ecfc,0xbea159c2,-0.315137923
4515,0x0803ed00,0xbea1b928,-0.315865755
4516,0x0803ed04,0xbea21887,-0.316593379
4517,0x0803ed08,0xbea277e0,-0.317320824
4518,0x0803ed0c,0xbea2d733,-0.31804809
4519,0x0803ed10,0xbea3367f,-0.318775147
4520,0x0803ed14,0xbea395c5,-0.319502026
4521,0x0803ed18,0xbea3f505,-0.320228726
4522,0x0803ed1c,0xbea4543f,-0.320955247
4523,0x0803ed20,0xbea4b372,-0.321681559
4524,0x0803ed24,0xbea5129f,-0.322407693
4525,0x0803ed28,0xbea571c5,-0.323133618
4526,0x0803ed2c,0xbea5d0e5,-0.323859364
4527,0x0803ed30,0xbea62fff,-0.324584931
4528,0x0803ed34,0xbea68f12,-0.32531029
4529,0x0803ed38,0xbea6ee1f,-0.32603547
4530,0x0803ed3c,0xbea74d25,-0.326760441
4531,0x0803ed40,0xbea7ac25,-0.327485234
4532,0x0803ed44,0xbea80b1f,-0.328209847
4533,0x0803ed48,0xbea86a12,-0.328934252
4534,0x0803ed4c,0xbea8c8fe,-0.329658449
4535,0x0803ed50,0xbea927e5,-0.330382496
4536,0x0803ed54,0xbea986c4,-0.331106305
4537,0x0803ed58,0xbea9e59d,-0.331829935
4538,0x0803ed5c,0xbeaa446f,-0.332553357
4539,0x0803ed60,0xbeaaa33b,-0.3332766
4540,0x0803ed64,0xbeab0201,-0.333999664
4541,0x0803ed68,0xbeab60bf,-0.334722489
4542,0x0803ed6c,0xbeabbf77,-0.335445136
4543,0x0803ed70,0xbeac1e29,-0.336167604
4544,0x0803ed74,0xbeac7cd4,-0.336889863
4545,0x0803ed78,0xbeacdb78,-0.337611914
4546,0x0803ed7c,0xbead3a15,-0.338333756
4547,0x0803ed80,0xbead98ac,-0.339055419
4548,0x0803ed84,0xbeadf73c,-0.339776874
4549,0x0803ed88,0xbeae55c6,-0.340498149
4550,0x0803ed8c,0xbeaeb449,-0.341219217
4551,0x0803ed90,0xbeaf12c5,-0.341940075
4552,0x0803ed94,0xbeaf713a,-0.342660725
4553,0x0803ed98,0xbeafcfa8,-0.343381166
4554,0x0803ed9c,0xbeb02e10,-0.344101429
4555,0x0803eda0,0xbeb08c71,-0.344821483
4556,0x0803eda4,0xbeb0eacb,-0.345541328
4557,0x0803eda8,0xbeb1491e,-0.346260965
4558,0x0803edac,0xbeb1a76b,-0.346980423
4559,0x0803edb0,0xbeb205b0,-0.347699642
4560,0x0803edb4,0xbeb263ef,-0.348418683
4561,0x0803edb8,0xbeb2c227,-0.349137515
4562,0x0803edbc,0xbeb32058,-0.349856138
4563,0x0803edc0,0xbeb37e82,-0.350574553
4564,0x0803edc4,0xbeb3dca5,-0.351292759
4565,0x0803edc8,0xbeb43ac1,-0.352010757
4566,0x0803edcc,0xbeb498d6,-0.352728546
4567,0x0803edd0,0xbeb4f6e5,-0.353446156
4568,0x0803edd4,0xbeb554ec,-0.354163527
4569,0x0803edd8,0xbeb5b2ec,-0.354880691
4570,0x0803eddc,0xbeb610e6,-0.355597675
4571,0x0803ede0,0xbeb66ed8,-0.356314421
4572,0x0803ede4,0xbeb6ccc3,-0.357030958
4573,0x0803ede8,0xbeb72aa7,-0.357747287
4574,0x0803edec,0xbeb78884,-0.358463407
4575,0x0803edf0,0xbeb7e65b,-0.359179348
4576,0x0803edf4,0xbeb8442a,-0.359895051
4577,0x0803edf8,0xbeb8a1f1,-0.360610515
4578,0x0803edfc,0xbeb8ffb2,-0.3613258
4579,0x0803ee00,0xbeb95d6c,-0.362040877
4580,0x0803ee04,0xbeb9bb1e,-0.362755716
4581,0x0803ee08,0xbeba18ca,-0.363470376
4582,0x0803ee0c,0xbeba766e,-0.364184797
4583,0x0803ee10,0xbebad40b,-0.364899009
4584,0x0803ee14,0xbebb31a0,-0.365612984
4585,0x0803ee18,0xbebb8f2f,-0.366326779
4586,0x0803ee1c,0xbebbecb6,-0.367040336
4587,0x0803ee20,0xbebc4a36,-0.367753685
4588,0x0803ee24,0xbebca7af,-0.368466824
4589,0x0803ee28,0xbebd0521,-0.369179755
4590,0x0803ee2c,0xbebd628b,-0.369892448
4591,0x0803ee30,0xbebdbfee,-0.370604932
4592,0x0803ee34,0xbebe1d4a,-0.371317208
4593,0x0803ee38,0xbebe7a9e,-0.372029245
4594,0x0803ee3c,0xbebed7eb,-0.372741073
4595,0x0803ee40,0xbebf3530,-0.373452663
4596,0x0803ee44,0xbebf926f,-0.374164075
4597,0x0803ee48,0xbebfefa5,-0.374875218
4598,0x0803ee4c,0xbec04cd5,-0.375586182
4599,0x0803ee50,0xbec0a9fd,-0.376296908
4600,0x0803ee54,0xbec1071e,-0.377007425
4601,0x0803ee58,0xbec16437,-0.377717704
4602,0x0803ee5c,0xbec1c148,-0.378427744
4603,0x0803ee60,0xbec21e53,-0.379137605
4604,0x0803ee64,0xbec27b55,-0.379847199
4605,0x0803ee68,0xbec2d851,-0.380556613
4606,0x0803ee6c,0xbec33544,-0.381265759
4607,0x0803ee70,0xbec39231,-0.381974727
4608,0x0803ee74,0xbec3ef15,-0.382683426
4609,0x0803ee78,0xbec44bf2,-0.383391917
4610,0x0803ee7c,0xbec4a8c8,-0.384100199
4611,0x0803ee80,0xbec50596,-0.384808242
4612,0x0803ee84,0xbec5625c,-0.385516047
4613,0x0803ee88,0xbec5bf1b,-0.386223644
4614,0x0803ee8c,0xbec61bd2,-0.386931002
4615,0x0803ee90,0xbec67882,-0.387638152
4616,0x0803ee94,0xbec6d529,-0.388345033
4617,0x0803ee98,0xbec731ca,-0.389051735
4618,0x0803ee9c,0xbec78e62,-0.38975817
4619,0x0803eea0,0xbec7eaf3,-0.390464395
4620,0x0803eea4,0xbec8477c,-0.391170382
4621,0x0803eea8,0xbec8a3fd,-0.391876131
4622,0x0803eeac,0xbec90077,-0.392581671
4623,0x0803eeb0,0xbec95ce9,-0.393286973
4624,0x0803eeb4,0xbec9b953,-0.393992037
4625,0x0803eeb8,0xbeca15b5,-0.394696862
4626,0x0803eebc,0xbeca7210,-0.395401478
4627,0x0803eec0,0xbecace63,-0.396105856
4628,0x0803eec4,0xbecb2aae,-0.396809995
4629,0x0803eec8,0xbecb86f1,-0.397513896
4630,0x0803eecc,0xbecbe32c,-0.398217559
4631,0x0803eed0,0xbecc3f60,-0.398921013
4632,0x0803eed4,0xbecc9b8b,-0.399624199
4633,0x0803eed8,0xbeccf7af,-0.400327176
4634,0x0803eedc,0xbecd53ca,-0.401029885
4635,0x0803eee0,0xbecdafde,-0.401732385
4636,0x0803eee4,0xbece0bea,-0.402434647
4637,0x0803eee8,0xbece67ee,-0.403136671
4638,0x0803eeec,0xbecec3ea,-0.403838456
4639,0x0803eef0,0xbecf1fde,-0.404540002
4640,0x0803eef4,0xbecf7bca,-0.405241311
4641,0x0803eef8,0xbecfd7ae,-0.40594238
4642,0x0803eefc,0xbed0338a,-0.406643212
4643,0x0803ef00,0xbed08f5e,-0.407343805
4644,0x0803ef04,0xbed0eb2a,-0.408044159
4645,0x0803ef08,0xbed146ee,-0.408744276
4646,0x0803ef0c,0xbed1a2aa,-0.409444153
4647,0x0803ef10,0xbed1fe5e,-0.410143793
4648,0x0803ef14,0xbed25a09,-0.410843164
4649,0x0803ef18,0xbed2b5ad,-0.411542326
4650,0x0803ef1c,0xbed31148,-0.41224122
4651,0x0803ef20,0xbed36cdb,-0.412939876
4652,0x0803ef24,0xbed3c867,-0.413638324
4653,0x0803ef28,0xbed423ea,-0.414336503
4654,0x0803ef2c,0xbed47f64,-0.415034413
4655,0x0803ef30,0xbed4dad7,-0.415732116
4656,0x0803ef34,0xbed53641,-0.416429549
4657,0x0803ef38,0xbed591a4,-0.417126775
4658,0x0803ef3c,0xbed5ecfd,-0.417823702
4659,0x0803ef40,0xbed6484f,-0.418520421
4660,0x0803ef44,0xbed6a399,-0.419216901
4661,0x0803ef48,0xbed6feda,-0.419913113
4662,0x0803ef4c,0xbed75a13,-0.420609087
4663,0x0803ef50,0xbed7b543,-0.421304792
4664,0x0803ef54,0xbed8106b,-0.422000259
4665,0x0803ef58,0xbed86b8b,-0.422695488
4666,0x0803ef5c,0xbed8c6a3,-0.423390478
4667,0x0803ef60,0xbed921b2,-0.4240852
4668,0x0803ef64,0xbed97cb9,-0.424779683
4669,0x0803ef68,0xbed9d7b7,-0.425473899
4670,0x0803ef6c,0xbeda32ad,-0.426167876
4671,0x0803ef70,0xbeda8d9b,-0.426861614
4672,0x0803ef74,0xbedae880,-0.427555084
4673,0x0803ef78,0xbedb435d,-0.428248316
4674,0x0803ef7c,0xbedb9e31,-0.42894128
4675,0x0803ef80,0xbedbf8fd,-0.429634005
4676,0x0803ef84,0xbedc53c1,-0.430326492
4677,0x0803ef88,0xbedcae7c,-0.43101871
4678,0x0803ef8c,0xbedd092e,-0.43171066
4679,0x0803ef90,0xbedd63d8,-0.432402372
4680,0x0803ef94,0xbeddbe79,-0.433093816
4681,0x0803ef98,0xbede1912,-0.433785021
4682,0x0803ef9c,0xbede73a2,-0.434475958
4683,0x0803efa0,0xbedece2a,-0.435166657
4684,0x0803efa4,0xbedf28a9,-0.435857087
4685,0x0803efa8,0xbedf831f,-0.43654725
4686,0x0803efac,0xbedfdd8d,-0.437237173
4687,0x0803efb0,0xbee037f2,-0.437926829
4688,0x0803efb4,0xbee0924f,-0.438616246
4689,0x0803efb8,0xbee0eca3,-0.439305395
4690,0x0803efbc,0xbee146ee,-0.439994276
4691,0x0803efc0,0xbee1a130,-0.440682888
4692,0x0803efc4,0xbee1fb6a,-0.441371262
4693,0x0803efc8,0xbee2559b,-0.442059368
4694,0x0803efcc,0xbee2afc4,-0.442747235
4695,0x0803efd0,0xbee309e3,-0.443434805
4696,0x0803efd4,0xbee363fa,-0.444122136
4697,0x0803efd8,0xbee3be08,-0.444809198
4698,0x0803efdc,0xbee4180e,-0.445496023
4699,0x0803efe0,0xbee4720a,-0.446182549
4700,0x0803efe4,0xbee4cbfe,-0.446868837
4701,0x0803efe8,0xbee525e9,-0.447554857
4702,0x0803efec,0xbee57fcb,-0.448240608
4703,0x0803eff0,0xbee5d9a4,-0.448926091
4704,0x0803eff4,0xbee63375,-0.449611336
4705,0x0803eff8,0xbee68d3c,-0.450296283
4706,0x0803effc,0xbee6e6fb,-0.450980991
4707,0x0803f000,0xbee740b1,-0.451665431
4708,0x0803f004,0xbee79a5d,-0.452349573
4709,0x0803f008,0xbee7f401,-0.453033477
4710,0x0803f00c,0xbee84d9c,-0.453717113
4711,0x0803f010,0xbee8a72e,-0.45440048
4712,0x0803f014,0xbee900b7,-0.455083579
4713,0x0803f018,0xbee95a37,-0.45576641
4714,0x0803f01c,0xbee9b3ae,-0.456448972
4715,0x0803f020,0xbeea0d1c,-0.457131267
4716,0x0803f024,0xbeea6681,-0.457813293
4717,0x0803f028,0xbeeabfdd,-0.458495051
4718,0x0803f02c,0xbeeb1930,-0.45917654
4719,0x0803f030,0xbeeb727a,-0.459857762
4720,0x0803f034,0xbeebcbbb,-0.460538715
4721,0x0803f038,0xbeec24f3,-0.4612194
4722,0x0803f03c,0xbeec7e21,-0.461899787
4723,0x0803f040,0xbeecd747,-0.462579936
4724,0x0803f044,0xbeed3063,-0.463259786
4725,0x0803f048,0xbeed8976,-0.463939369
4726,0x0803f04c,0xbeede280,-0.464618683
4727,0x0803f050,0xbeee3b81,-0.465297729
4728,0x0803f054,0xbeee9479,-0.465976506
4729,0x0803f058,0xbeeeed67,-0.466654986
4730,0x0803f05c,0xbeef464c,-0.467333198
4731,0x0803f060,0xbeef9f28,-0.468011141
4732,0x0803f064,0xbeeff7fb,-0.468688816
4733,0x0803f068,0xbef050c5,-0.469366223
4734,0x0803f06c,0xbef0a985,-0.470043331
4735,0x0803f070,0xbef1023c,-0.470720172
4736,0x0803f074,0xbef15aea,-0.471396744
4737,0x0803f078,0xbef1b38e,-0.472073019
4738,0x0803f07c,0xbef20c29,-0.472749025
4739,0x0803f080,0xbef264bb,-0.473424762
4740,0x0803f084,0xbef2bd43,-0.474100202
4741,0x0803f088,0xbef315c2,-0.474775374
4742,0x0803f08c,0xbef36e38,-0.475450277
4743,0x0803f090,0xbef3c6a4,-0.476124883
4744,0x0803f094,0xbef41f07,-0.47679922
4745,0x0803f098,0xbef47761,-0.477473289
4746,0x0803f09c,0xbef4cfb1,-0.47814706
4747,0x0803f0a0,0xbef527f8,-0.478820562
4748,0x0803f0a4,0xbef58035,-0.479493767
4749,0x0803f0a8,0xbef5d868,-0.480166674
4750,0x0803f0ac,0xbef63093,-0.480839342
4751,0x0803f0b0,0xbef688b3,-0.481511682
4752,0x0803f0b4,0xbef6e0cb,-0.482183784
4753,0x0803f0b8,0xbef738d8,-0.482855558
4754,0x0803f0bc,0xbef790dc,-0.483527064
4755,0x0803f0c0,0xbef7e8d7,-0.484198302
4756,0x0803f0c4,0xbef840c8,-0.484869242
4757,0x0803f0c8,0xbef898b0,-0.485539913
4758,0x0803f0cc,0xbef8f08e,-0.486210287
4759,0x0803f0d0,0xbef94862,-0.486880362
4760,0x0803f0d4,0xbef9a02d,-0.487550169
4761,0x0803f0d8,0xbef9f7ee,-0.488219678
4762,0x0803f0dc,0xbefa4fa5,-0.48888889
4763,0x0803f0e0,0xbefaa753,-0.489557832
4764,0x0803f0e4,0xbefafef7,-0.490226477
4765,0x0803f0e8,0xbefb5692,-0.490894854
4766,0x0803f0ec,0xbefbae22,-0.491562903
4767,0x0803f0f0,0xbefc05aa,-0.492230713
4768,0x0803f0f4,0xbefc5d27,-0.492898196
4769,0x0803f0f8,0xbefcb49b,-0.49356541
4770,0x0803f0fc,0xbefd0c04,-0.494232297
4771,0x0803f100,0xbefd6365,-0.494898945
4772,0x0803f104,0xbefdbabb,-0.495565265
4773,0x0803f108,0xbefe1207,-0.496231288
4774,0x0803f10c,0xbefe694a,-0.496897042
4775,0x0803f110,0xbefec083,-0.497562498
4776,0x0803f114,0xbeff17b2,-0.498227656
4777,0x0803f118,0xbeff6ed8,-0.498892546
4778,0x0803f11c,0xbeffc5f3,-0.499557108
4779,0x0803f120,0xbf000e82,-0.500221372
4780,0x0803f124,0xbf003a06,-0.500885367
4781,0x0803f128,0xbf006585,-0.501549065
4782,0x0803f12c,0xbf0090ff,-0.502212465
4783,0x0803f130,0xbf00bc74,-0.502875566
4784,0x0803f134,0xbf00e7e4,-0.50353837
4785,0x0803f138,0xbf01134f,-0.504200876
4786,0x0803f13c,0xbf013eb5,-0.504863083
4787,0x0803f140,0xbf016a17,-0.505525053
4788,0x0803f144,0xbf019573,-0.506186664
4789,0x0803f148,0xbf01c0ca,-0.506847978
4790,0x0803f14c,0xbf01ec1c,-0.507508993
4791,0x0803f150,0xbf021769,-0.508169711
4792,0x0803f154,0xbf0242b1,-0.50883013
4793,0x0803f158,0xbf026df4,-0.509490252
4794,0x0803f15c,0xbf029932,-0.510150075
4795,0x0803f160,0xbf02c46b,-0.5108096
4796,0x0803f164,0xbf02ef9f,-0.511468828
4797,0x0803f168,0xbf031ace,-0.512127757
4798,0x0803f16c,0xbf0345f8,-0.512786388
4799,0x0803f170,0xbf03711d,-0.513444722
4800,0x0803f174,0xbf039c3d,-0.514102757
4801,0x0803f178,0xbf03c757,-0.514760435
4802,0x0803f17c,0xbf03f26d,-0.515417874
4803,0x0803f180,0xbf041d7e,-0.516075015
4804,0x0803f184,0xbf044889,-0.516731799
4805,0x0803f188,0xbf04738f,-0.517388284
4806,0x0803f18c,0xbf049e91,-0.518044531
4807,0x0803f190,0xbf04c98d,-0.518700421
4808,0x0803f194,0xbf04f484,-0.519356012
4809,0x0803f198,0xbf051f75,-0.520011246
4810,0x0803f19c,0xbf054a62,-0.520666242
4811,0x0803f1a0,0xbf05754a,-0.521320939
4812,0x0803f1a4,0xbf05a02c,-0.521975279
4813,0x0803f1a8,0xbf05cb0a,-0.52262938
4814,0x0803f1ac,0xbf05f5e2,-0.523283124
4815,0x0803f1b0,0xbf0620b5,-0.52393657
4816,0x0803f1b4,0xbf064b82,-0.524589658
4817,0x0803f1b8,0xbf06764b,-0.525242507
4818,0x0803f1bc,0xbf06a10e,-0.525895
4819,0x0803f1c0,0xbf06cbcd,-0.526547253
4820,0x0803f1c4,0xbf06f686,-0.527199149
4821,0x0803f1c8,0xbf07213a,-0.527850747
4822,0x0803f1cc,0xbf074be8,-0.528501987
4823,0x0803f1d0,0xbf077692,-0.529152989
4824,0x0803f1d4,0xbf07a136,-0.529803634
4825,0x0803f1d8,0xbf07cbd5,-0.53045398
4826,0x0803f1dc,0xbf07f66f,-0.531104028
4827,0x0803f1e0,0xbf082103,-0.531753719
4828,0x0803f1e4,0xbf084b92,-0.532403111
4829,0x0803f1e8,0xbf08761c,-0.533052206
4830,0x0803f1ec,0xbf08a0a1,-0.533701003
4831,0x0803f1f0,0xbf08cb20,-0.534349442
4832,0x0803f1f4,0xbf08f59b,-0.534997642
4833,0x0803f1f8,0xbf092010,-0.535645485
4834,0x0803f1fc,0xbf094a7f,-0.53629297
4835,0x0803f200,0xbf0974e9,-0.536940157
4836,0x0803f204,0xbf099f4e,-0.537587047
4837,0x0803f208,0xbf09c9ae,-0.538233638
4838,0x0803f20c,0xbf09f409,-0.538879931
4839,0x0803f210,0xbf0a1e5e,-0.539525867
4840,0x0803f214,0xbf0a48ad,-0.540171444
4841,0x0803f218,0xbf0a72f8,-0.540816784
4842,0x0803f21c,0xbf0a9d3d,-0.541461766
4843,0x0803f220,0xbf0ac77d,-0.54210645
4844,0x0803f224,0xbf0af1b7,-0.542750776
4845,0x0803f228,0xbf0b1bec,-0.543394804
4846,0x0803f22c,0xbf0b461c,-0.544038534
4847,0x0803f230,0xbf0b7046,-0.544681907
4848,0x0803f234,0xbf0b9a6b,-0.545324981
4849,0x0803f238,0xbf0bc48b,-0.545967758
4850,0x0803f23c,0xbf0beea5,-0.546610177
4851,0x0803f240,0xbf0c18ba,-0.547252297
4852,0x0803f244,0xbf0c42c9,-0.547894061
4853,0x0803f248,0xbf0c6cd3,-0.548535526
4854,0x0803f24c,0xbf0c96d7,-0.549176633
4855,0x0803f250,0xbf0cc0d7,-0.549817502
4856,0x0803f254,0xbf0cead0,-0.550457954
4857,0x0803f258,0xbf0d14c5,-0.551098168
4858,0x0803f25c,0xbf0d3eb3,-0.551737964
4859,0x0803f260,0xbf0d689d,-0.552377522
4860,0x0803f264,0xbf0d9281,-0.553016722
4861,0x0803f268,0xbf0dbc5f,-0.553655565
4862,0x0803f26c,0xbf0de638,-0.554294109
4863,0x0803f270,0xbf0e100c,-0.554932356
4864,0x0803f274,0xbf0e39da,-0.555570245
4865,0x0803f278,0xbf0e63a2,-0.556207776
4866,0x0803f27c,0xbf0e8d65,-0.556845009
4867,0x0803f280,0xbf0eb723,-0.557481945
4868,0x0803f284,0xbf0ee0db,-0.558118522
4869,0x0803f288,0xbf0f0a8e,-0.558754802
4870,0x0803f28c,0xbf0f343b,-0.559390724
4871,0x0803f290,0xbf0f5de2,-0.560026288
4872,0x0803f294,0xbf0f8784,-0.560661554
4873,0x0803f298,0xbf0fb121,-0.561296523
4874,0x0803f29c,0xbf0fdab8,-0.561931133
4875,0x0803f2a0,0xbf100449,-0.562565386
4876,0x0803f2a4,0xbf102dd5,-0.563199341
4877,0x0803f2a8,0xbf10575b,-0.563832939
4878,0x0803f2ac,0xbf1080dc,-0.564466238
4879,0x0803f2b0,0xbf10aa57,-0.56509918
4880,0x0803f2b4,0xbf10d3cd,-0.565731823
4881,0x0803f2b8,0xbf10fd3d,-0.56636411
4882,0x0803f2bc,0xbf1126a7,-0.566996038
4883,0x0803f2c0,0xbf11500c,-0.567627668
4884,0x0803f2c4,0xbf11796b,-0.568258941
4885,0x0803f2c8,0xbf11a2c5,-0.568889916
4886,0x0803f2cc,0xbf11cc19,-0.569520533
4887,0x0803f2d0,0xbf11f567,-0.570150793
4888,0x0803f2d4,0xbf121eb0,-0.570780754
4889,0x0803f2d8,0xbf1247f3,-0.571410358
4890,0x0803f2dc,0xbf127130,-0.572039604
4891,0x0803f2e0,0xbf129a68,-0.572668552
4892,0x0803f2e4,0xbf12c39a,-0.573297143
4893,0x0803f2e8,0xbf12ecc7,-0.573925436
4894,0x0803f2ec,0xbf1315ee,-0.57455337
4895,0x0803f2f0,0xbf133f0f,-0.575180948
4896,0x0803f2f4,0xbf13682a,-0.575808167
4897,0x0803f2f8,0xbf139140,-0.576435089
4898,0x0803f2fc,0xbf13ba50,-0.577061653
4899,0x0803f300,0xbf13e35b,-0.577687919
4900,0x0803f304,0xbf140c5f,-0.578313768
4901,0x0803f308,0xbf14355e,-0.578939319
4902,0x0803f30c,0xbf145e58,-0.579564571
4903,0x0803f310,0xbf14874b,-0.580189407
4904,0x0803f314,0xbf14b039,-0.580813944
4905,0x0803f318,0xbf14d921,-0.581438124
4906,0x0803f31c,0xbf150204,-0.582062006
4907,0x0803f320,0xbf152ae0,-0.582685471
4908,0x0803f324,0xbf1553b7,-0.583308637
4909,0x0803f328,0xbf157c88,-0.583931446
4910,0x0803f32c,0xbf15a554,-0.584553957
4911,0x0803f330,0xbf15ce19,-0.585176051
4912,0x0803f334,0xbf15f6d9,-0.585797846
4913,0x0803f338,0xbf161f93,-0.586419284
4914,0x0803f33c,0xbf164847,-0.587040365
4915,0x0803f340,0xbf1670f6,-0.587661147
4916,0x0803f344,0xbf16999f,-0.588281572
4917,0x0803f348,0xbf16c241,-0.588901579
4918,0x0803f34c,0xbf16eade,-0.589521289
4919,0x0803f350,0xbf171376,-0.5901407
4920,0x0803f354,0xbf173c07,-0.590759695
4921,0x0803f358,0xbf176493,-0.591378391
4922,0x0803f35c,0xbf178d18,-0.59199667
4923,0x0803f360,0xbf17b598,-0.592614651
4924,0x0803f364,0xbf17de12,-0.593232274
4925,0x0803f368,0xbf180687,-0.593849599
4926,0x0803f36c,0xbf182ef5,-0.594466507
4927,0x0803f370,0xbf18575d,-0.595083058
4928,0x0803f374,0xbf187fc0,-0.59569931
4929,0x0803f378,0xbf18a81d,-0.596315205
4930,0x0803f37c,0xbf18d073,-0.596930683
4931,0x0803f380,0xbf18f8c4,-0.597545862
4932,0x0803f384,0xbf19210f,-0.598160684
4933,0x0803f388,0xbf194955,-0.598775208
4934,0x0803f38c,0xbf197194,-0.599389315
4935,0x0803f390,0xbf1999cd,-0.600003064
4936,0x0803f394,0xbf19c200,-0.600616455
4937,0x0803f398,0xbf19ea2e,-0.601229548
4938,0x0803f39c,0xbf1a1255,-0.601842225
4939,0x0803f3a0,0xbf1a3a77,-0.602454603
4940,0x0803f3a4,0xbf1a6293,-0.603066623
4941,0x0803f3a8,0xbf1a8aa8,-0.603678226
4942,0x0803f3ac,0xbf1ab2b8,-0.604289532
4943,0x0803f3b0,0xbf1adac2,-0.604900479
4944,0x0803f3b4,0xbf1b02c6,-0.605511069
4945,0x0803f3b8,0xbf1b2ac3,-0.606121242
4946,0x0803f3bc,0xbf1b52bb,-0.606731117
4947,0x0803f3c0,0xbf1b7aad,-0.607340634
4948,0x0803f3c4,0xbf1ba299,-0.607949793
4949,0x0803f3c8,0xbf1bca7f,-0.608558595
4950,0x0803f3cc,0xbf1bf25f,-0.609167039
4951,0x0803f3d0,0xbf1c1a38,-0.609775066
4952,0x0803f3d4,0xbf1c420c,-0.610382795
4953,0x0803f3d8,0xbf1c69da,-0.610990167
4954,0x0803f3dc,0xbf1c91a2,-0.61159718
4955,0x0803f3e0,0xbf1cb963,-0.612203777
4956,0x0803f3e4,0xbf1ce11f,-0.612810075
4957,0x0803f3e8,0xbf1d08d5,-0.613416016
4958,0x0803f3ec,0xbf1d3084,-0.61402154
4959,0x0803f3f0,0xbf1d582e,-0.614626765
4960,0x0803f3f4,0xbf1d7fd1,-0.615231574
4961,0x0803f3f8,0xbf1da76f,-0.615836084
4962,0x0803f3fc,0xbf1dcf06,-0.616440177
4963,0x0803f400,0xbf1df697,-0.617043912
4964,0x0803f404,0xbf1e1e22,-0.61764729
4965,0x0803f408,0xbf1e45a7,-0.61825031
4966,0x0803f40c,0xbf1e6d26,-0.618852973
4967,0x0803f410,0xbf1e949f,-0.619455278
4968,0x0803f414,0xbf1ebc12,-0.620057225
4969,0x0803f418,0xbf1ee37e,-0.620658755
4970,0x0803f41c,0xbf1f0ae5,-0.621259987
4971,0x0803f420,0xbf1f3245,-0.621860802
4972,0x0803f424,0xbf1f599f,-0.622461259
4973,0x0803f428,0xbf1f80f3,-0.623061359
4974,0x0803f42c,0xbf1fa841,-0.623661101
4975,0x0803f430,0xbf1fcf89,-0.624260485
4976,0x0803f434,0xbf1ff6cb,-0.624859512
4977,0x0803f438,0xbf201e06,-0.625458121
4978,0x0803f43c,0xbf20453b,-0.626056373
4979,0x0803f440,0xbf206c6a,-0.626654267
4980,0x0803f444,0xbf209393,-0.627251804
4981,0x0803f448,0xbf20bab6,-0.627848983
4982,0x0803f44c,0xbf20e1d2,-0.628445745
4983,0x0803f450,0xbf2108e9,-0.629042208
4984,0x0803f454,0xbf212ff9,-0.629638255
4985,0x0803f458,0xbf215703,-0.630233943
4986,0x0803f45c,0xbf217e06,-0.630829215
4987,0x0803f460,0xbf21a504,-0.631424189
4988,0x0803f464,0xbf21cbfb,-0.632018745
4989,0x0803f468,0xbf21f2ec,-0.632612944
4990,0x0803f46c,0xbf2219d7,-0.633206785
4991,0x0803f470,0xbf2240bb,-0.633800209
4992,0x0803f474,0xbf226799,-0.634393275
4993,0x0803f478,0xbf228e71,-0.634985983
4994,0x0803f47c,0xbf22b543,-0.635578334
4995,0x0803f480,0xbf22dc0e,-0.636170268
4996,0x0803f484,0xbf2302d3,-0.636761844
4997,0x0803f488,0xbf232992,-0.637353063
4998,0x0803f48c,0xbf23504b,-0.637943923
4999,0x0803f490,0xbf2376fd,-0.638534367
5000,0x0803f494,0xbf239da9,-0.639124453
5001,0x0803f498,0xbf23c44f,-0.639714181
5002,0x0803f49c,0xbf23eaee,-0.640303493
5003,0x0803f4a0,0xbf241187,-0.640892446
5004,0x0803f4a4,0xbf24381a,-0.641481042
5005,0x0803f4a8,0xbf245ea6,-0.642069221
5006,0x0803f4ac,0xbf24852c,-0.642657042
5007,0x0803f4b0,0xbf24abac,-0.643244505
5008,0x0803f4b4,0xbf24d225,-0.643831551
5009,0x0803f4b8,0xbf24f898,-0.64441824
5010,0x0803f4bc,0xbf251f04,-0.645004511
5011,0x0803f4c0,0xbf25456b,-0.645590484
5012,0x0803f4c4,0xbf256bcb,-0.64617604
5013,0x0803f4c8,0xbf259224,-0.646761179
5014,0x0803f4cc,0xbf25b877,-0.64734596
5015,0x0803f4d0,0xbf25dec4,-0.647930384
5016,0x0803f4d4,0xbf26050a,-0.64851439
5017,0x0803f4d8,0xbf262b4a,-0.649098039
5018,0x0803f4dc,0xbf265184,-0.64968133
5019,0x0803f4e0,0xbf2677b7,-0.650264204
5020,0x0803f4e4,0xbf269de3,-0.65084666
5021,0x0803f4e8,0xbf26c40a,-0.651428819
5022,0x0803f4ec,0xbf26ea2a,-0.65201056
5023,0x0803f4f0,0xbf271043,-0.652591884
5024,0x0803f4f4,0xbf273656,-0.653172851
5025,0x0803f4f8,0xbf275c62,-0.6537534
5026,0x0803f4fc,0xbf278268,-0.654333591
5027,0x0803f500,0xbf27a868,-0.654913425
5028,0x0803f504,0xbf27ce61,-0.655492842
5029,0x0803f508,0xbf27f454,-0.656071901
5030,0x0803f50c,0xbf281a40,-0.656650543
5031,0x0803f510,0xbf284026,-0.657228827
5032,0x0803f514,0xbf286605,-0.657806695
5033,0x0803f518,0xbf288bde,-0.658384204
5034,0x0803f51c,0xbf28b1b0,-0.658961296
5035,0x0803f520,0xbf28d77c,-0.659538031
5036,0x0803f524,0xbf28fd41,-0.660114348
5037,0x0803f528,0xbf292300,-0.660690308
5038,0x0803f52c,0xbf2948b8,-0.66126585
5039,0x0803f530,0xbf296e69,-0.661840975
5040,0x0803f534,0xbf299415,-0.662415802
5041,0x0803f538,0xbf29b9b9,-0.662990153
5042,0x0803f53c,0xbf29df57,-0.663564146
5043,0x0803f540,0xbf2a04ef,-0.664137781
5044,0x0803f544,0xbf2a2a80,-0.664710999
5045,0x0803f548,0xbf2a500a,-0.665283799
5046,0x0803f54c,0xbf2a758e,-0.665856242
5047,0x0803f550,0xbf2a9b0b,-0.666428268
5048,0x0803f554,0xbf2ac082,-0.666999936
5049,0x0803f558,0xbf2ae5f2,-0.667571187
5050,0x0803f55c,0xbf2b0b5b,-0.668142021
5051,0x0803f560,0xbf2b30be,-0.668712497
5052,0x0803f564,0xbf2b561b,-0.669282615
5053,0x0803f568,0xbf2b7b70,-0.669852257
5054,0x0803f56c,0xbf2ba0bf,-0.670421541
5055,0x0803f570,0xbf2bc608,-0.670990467
5056,0x0803f574,0xbf2beb4a,-0.671558976
5057,0x0803f578,0xbf2c1085,-0.672127068
5058,0x0803f57c,0xbf2c35b9,-0.672694743
5059,0x0803f580,0xbf2c5ae7,-0.67326206
5060,0x0803f584,0xbf2c800f,-0.673829019
5061,0x0803f588,0xbf2ca52f,-0.674395502
5062,0x0803f58c,0xbf2cca49,-0.674961627
5063,0x0803f590,0xbf2cef5d,-0.675527394
5064,0x0803f594,0xbf2d1469,-0.676092684
5065,0x0803f598,0xbf2d396f,-0.676657617
5066,0x0803f59c,0xbf2d5e6f,-0.677222192
5067,0x0803f5a0,0xbf2d8367,-0.677786291
5068,0x0803f5a4,0xbf2da859,-0.678350031
5069,0x0803f5a8,0xbf2dcd44,-0.678913355
5070,0x0803f5ac,0xbf2df229,-0.679476321
5071,0x0803f5b0,0xbf2e1707,-0.680038869
5072,0x0803f5b4,0xbf2e3bde,-0.680601001
5073,0x0803f5b8,0xbf2e60ae,-0.681162715
5074,0x0803f5bc,0xbf2e8578,-0.681724072
5075,0x0803f5c0,0xbf2eaa3b,-0.682285011
5076,0x0803f5c4,0xbf2ecef7,-0.682845533
5077,0x0803f5c8,0xbf2ef3ad,-0.683405697
5078,0x0803f5cc,0xbf2f185b,-0.683965385
5079,0x0803f5d0,0xbf2f3d03,-0.684524715
5080,0x0803f5d4,0xbf2f61a5,-0.685083687
5081,0x0803f5d8,0xbf2f863f,-0.685642183
5082,0x0803f5dc,0xbf2faad3,-0.686200321
5083,0x0803f5e0,0xbf2fcf60,-0.686758041
5084,0x0803f5e4,0xbf2ff3e6,-0.687315345
5085,0x0803f5e8,0xbf301865,-0.687872231
5086,0x0803f5ec,0xbf303cde,-0.68842876
5087,0x0803f5f0,0xbf306150,-0.688984871
5088,0x0803f5f4,0xbf3085bb,-0.689540565
5089,0x0803f5f8,0xbf30aa1f,-0.690095842
5090,0x0803f5fc,0xbf30ce7c,-0.690650702
5091,0x0803f600,0xbf30f2d3,-0.691205204
5092,0x0803f604,0xbf311722,-0.691759229
5093,0x0803f608,0xbf313b6b,-0.692312896
5094,0x0803f60c,0xbf315fad,-0.692866147
5095,0x0803f610,0xbf3183e9,-0.693419039
5096,0x0803f614,0xbf31a81d,-0.693971455
5097,0x0803f618,0xbf31cc4b,-0.694523513
5098,0x0803f61c,0xbf31f071,-0.695075095
5099,0x0803f620,0xbf321491,-0.695626318
5100,0x0803f624,0xbf3238aa,-0.696177125
5101,0x0803f628,0xbf325cbc,-0.696727514
5102,0x0803f62c,0xbf3280c7,-0.697277486
5103,0x0803f630,0xbf32a4cc,-0.697827101
5104,0x0803f634,0xbf32c8c9,-0.698376238
5105,0x0803f638,0xbf32ecc0,-0.698925018
5106,0x0803f63c,0xbf3310af,-0.699473321
5107,0x0803f640,0xbf333498,-0.700021267
5108,0x0803f644,0xbf33587a,-0.700568795
5109,0x0803f648,0xbf337c55,-0.701115906
5110,0x0803f64c,0xbf33a029,-0.7016626
5111,0x0803f650,0xbf33c3f6,-0.702208877
5112,0x0803f654,0xbf33e7bc,-0.702754736
5113,0x0803f658,0xbf340b7b,-0.703300178
5114,0x0803f65c,0xbf342f34,-0.703845263
5115,0x0803f660,0xbf3452e5,-0.70438987
5116,0x0803f664,0xbf34768f,-0.704934061
5117,0x0803f668,0xbf349a33,-0.705477893
5118,0x0803f66c,0xbf34bdcf,-0.706021249
5119,0x0803f670,0xbf34e165,-0.706564248
5120,0x0803f674,0xbf3504f3,-0.707106769
5121,0x0803f678,0xbf35287b,-0.707648933
5122,0x0803f67c,0xbf354bfb,-0.70819062
5123,0x0803f680,0xbf356f75,-0.708731949
5124,0x0803f684,0xbf3592e7,-0.709272802
5125,0x0803f688,0xbf35b653,-0.709813297
5126,0x0803f68c,0xbf35d9b8,-0.710353374
5127,0x0803f690,0xbf35fd15,-0.710892975
5128,0x0803f694,0xbf36206c,-0.711432219
5129,0x0803f698,0xbf3643bb,-0.711970985
5130,0x0803f69c,0xbf366704,-0.712509394
5131,0x0803f6a0,0xbf368a45,-0.713047326
5132,0x0803f6a4,0xbf36ad7f,-0.71358484
5133,0x0803f6a8,0xbf36d0b3,-0.714121997
5134,0x0803f6ac,0xbf36f3df,-0.714658678
5135,0x0803f6b0,0xbf371704,-0.715194941
5136,0x0803f6b4,0xbf373a23,-0.715730846
5137,0x0803f6b8,0xbf375d3a,-0.716266274
5138,0x0803f6bc,0xbf37804a,-0.716801286
5139,0x0803f6c0,0xbf37a353,-0.71733588
5140,0x0803f6c4,0xbf37c655,-0.717870057
5141,0x0803f6c8,0xbf37e950,-0.718403816
5142,0x0803f6cc,0xbf380c43,-0.718937099
5143,0x0803f6d0,0xbf382f30,-0.719470024
5144,0x0803f6d4,0xbf385216,-0.720002532
5145,0x0803f6d8,0xbf3874f4,-0.720534563
5146,0x0803f6dc,0xbf3897cb,-0.721066177
5147,0x0803f6e0,0xbf38ba9c,-0.721597433
5148,0x0803f6e4,0xbf38dd65,-0.722128212
5149,0x0803f6e8,0xbf390027,-0.722658575
5150,0x0803f6ec,0xbf3922e1,-0.72318846
5151,0x0803f6f0,0xbf394595,-0.723717988
5152,0x0803f6f4,0xbf396842,-0.724247098
5153,0x0803f6f8,0xbf398ae7,-0.724775732
5154,0x0803f6fc,0xbf39ad85,-0.725303948
5155,0x0803f700,0xbf39d01d,-0.725831807
5156,0x0803f704,0xbf39f2ac,-0.726359129
5157,0x0803f708,0xbf3a1535,-0.726886094
5158,0x0803f70c,0xbf3a37b7,-0.727412641
5159,0x0803f710,0xbf3a5a31,-0.727938712
5160,0x0803f714,0xbf3a7ca4,-0.728464365
5161,0x0803f718,0xbf3a9f10,-0.728989601
5162,0x0803f71c,0xbf3ac175,-0.72951442
5163,0x0803f720,0xbf3ae3d3,-0.730038822
5164,0x0803f724,0xbf3b0629,-0.730562747
5165,0x0803f728,0xbf3b2879,-0.731086314
5166,0x0803f72c,0xbf3b4ac1,-0.731609404
5167,0x0803f730,0xbf3b6d01,-0.732132018
5168,0x0803f734,0xbf3b8f3b,-0.732654274
5169,0x0803f738,0xbf3bb16d,-0.733176053
5170,0x0803f73c,0xbf3bd398,-0.733697414
5171,0x0803f740,0xbf3bf5bc,-0.734218359
5172,0x0803f744,0xbf3c17d9,-0.734738886
5173,0x0803f748,0xbf3c39ee,-0.735258937
5174,0x0803f74c,0xbf3c5bfc,-0.73577857
5175,0x0803f750,0xbf3c7e03,-0.736297786
5176,0x0803f754,0xbf3ca003,-0.736816585
5177,0x0803f758,0xbf3cc1fb,-0.737334907
5178,0x0803f75c,0xbf3ce3ec,-0.737852812
5179,0x0803f760,0xbf3d05d6,-0.738370299
5180,0x0803f764,0xbf3d27b8,-0.73888731
5181,0x0803f768,0xbf3d4993,-0.739403903
5182,0x0803f76c,0xbf3d6b67,-0.73992008
5183,0x0803f770,0xbf3d8d34,-0.740435839
5184,0x0803f774,0xbf3daef9,-0.740951121
5185,0x0803f778,0xbf3dd0b7,-0.741465986
5186,0x0803f77c,0xbf3df26e,-0.741980433
5187,0x0803f780,0xbf3e141d,-0.742494404
5188,0x0803f784,0xbf3e35c5,-0.743007958
5189,0x0803f788,0xbf3e5766,-0.743521094
5190,0x0803f78c,0xbf3e78ff,-0.744033754
5191,0x0803f790,0xbf3e9a91,-0.744545996
5192,0x0803f794,0xbf3ebc1b,-0.745057762
5193,0x0803f798,0xbf3edd9f,-0.74556917
5194,0x0803f79c,0xbf3eff1b,-0.746080101
5195,0x0803f7a0,0xbf3f208f,-0.746590555
5196,0x0803f7a4,0xbf3f41fc,-0.747100592
5197,0x0803f7a8,0xbf3f6362,-0.747610211
5198,0x0803f7ac,0xbf3f84c0,-0.748119354
5199,0x0803f7b0,0xbf3fa617,-0.74862808
5200,0x0803f7b4,0xbf3fc767,-0.749136388
5201,0x0803f7b8,0xbf3fe8af,-0.74964422
5202,0x0803f7bc,0xbf4009f0,-0.750151634
5203,0x0803f7c0,0xbf402b2a,-0.750658631
5204,0x0803f7c4,0xbf404c5c,-0.751165152
5205,0x0803f7c8,0xbf406d86,-0.751671195
5206,0x0803f7cc,0xbf408ea9,-0.752176821
5207,0x0803f7d0,0xbf40afc5,-0.75268203
5208,0x0803f7d4,0xbf40d0da,-0.753186822
5209,0x0803f7d8,0xbf40f1e7,-0.753691137
5210,0x0803f7dc,0xbf4112ec,-0.754194975
5211,0x0803f7e0,0xbf4133ea,-0.754698396
5212,0x0803f7e4,0xbf4154e1,-0.755201399
5213,0x0803f7e8,0xbf4175d0,-0.755703926
5214,0x0803f7ec,0xbf4196b7,-0.756205976
5215,0x0803f7f0,0xbf41b798,-0.756707668
5216,0x0803f7f4,0xbf41d870,-0.757208824
5217,0x0803f7f8,0xbf41f942,-0.757709622
5218,0x0803f7fc,0xbf421a0b,-0.758209884
5219,0x0803f800,0xbf423ace,-0.758709788
5220,0x0803f804,0xbf425b89,-0.759209216
5221,0x0803f808,0xbf427c3c,-0.759708166
5222,0x0803f80c,0xbf429ce8,-0.760206699
5223,0x0803f810,0xbf42bd8c,-0.760704756
5224,0x0803f814,0xbf42de29,-0.761202395
5225,0x0803f818,0xbf42febe,-0.761699557
5226,0x0803f81c,0xbf431f4c,-0.762196302
5227,0x0803f820,0xbf433fd2,-0.762692571
5228,0x0803f824,0xbf436051,-0.763188422
5229,0x0803f828,0xbf4380c8,-0.763683796
5230,0x0803f82c,0xbf43a138,-0.764178753
5231,0x0803f830,0xbf43c1a0,-0.764673233
5232,0x0803f834,0xbf43e200,-0.765167236
5233,0x0803f838,0xbf44025a,-0.765660882
5234,0x0803f83c,0xbf4422ab,-0.766153991
5235,0x0803f840,0xbf4442f5,-0.766646683
5236,0x0803f844,0xbf446337,-0.767138898
5237,0x0803f848,0xbf448372,-0.767630696
5238,0x0803f84c,0xbf44a3a5,-0.768122017
5239,0x0803f850,0xbf44c3d1,-0.768612921
5240,0x0803f854,0xbf44e3f5,-0.769103348
5241,0x0803f858,0xbf450411,-0.769593298
5242,0x0803f85c,0xbf452426,-0.770082831
5243,0x0803f860,0xbf454433,-0.770571887
5244,0x0803f864,0xbf456439,-0.771060526
5245,0x0803f868,0xbf458437,-0.771548688
5246,0x0803f86c,0xbf45a42d,-0.772036374
5247,0x0803f870,0xbf45c41c,-0.772523642
5248,0x0803f874,0xbf45e403,-0.773010433
5249,0x0803f878,0xbf4603e3,-0.773496807
5250,0x0803f87c,0xbf4623bb,-0.773982704
5251,0x0803f880,0xbf46438b,-0.774468124
5252,0x0803f884,0xbf466354,-0.774953127
5253,0x0803f888,0xbf468315,-0.775437653
5254,0x0803f88c,0xbf46a2ce,-0.775921702
5255,0x0803f890,0xbf46c280,-0.776405334
5256,0x0803f894,0xbf46e22a,-0.77688849
5257,0x0803f898,0xbf4701cc,-0.777371168
5258,0x0803f89c,0xbf472167,-0.777853429
5259,0x0803f8a0,0xbf4740fa,-0.778335214
5260,0x0803f8a4,0xbf476085,-0.778816521
5261,0x0803f8a8,0xbf478008,-0.779297352
5262,0x0803f8ac,0xbf479f84,-0.779777765
5263,0x0803f8b0,0xbf47bef9,-0.780257761
5264,0x0803f8b4,0xbf47de65,-0.780737221
5265,0x0803f8b8,0xbf47fdca,-0.781216264
5266,0x0803f8bc,0xbf481d27,-0.781694829
5267,0x0803f8c0,0xbf483c7c,-0.782172918
5268,0x0803f8c4,0xbf485bca,-0.78265059
5269,0x0803f8c8,0xbf487b10,-0.783127785
5270,0x0803f8cc,0xbf489a4e,-0.783604503
5271,0x0803f8d0,0xbf48b985,-0.784080803
5272,0x0803f8d4,0xbf48d8b3,-0.784556568
5273,0x0803f8d8,0xbf48f7da,-0.785031915
5274,0x0803f8dc,0xbf4916fa,-0.785506845
5275,0x0803f8e0,0xbf493611,-0.785981238
5276,0x0803f8e4,0xbf495521,-0.786455214
5277,0x0803f8e8,0xbf497429,-0.786928713
5278,0x0803f8ec,0xbf499329,-0.787401736
5279,0x0803f8f0,0xbf49b222,-0.787874341
5280,0x0803f8f4,0xbf49d112,-0.78834641
5281,0x0803f8f8,0xbf49effb,-0.788818061
5282,0x0803f8fc,0xbf4a0edc,-0.789289236
5283,0x0803f900,0xbf4a2db6,-0.789759994
5284,0x0803f904,0xbf4a4c87,-0.790230215
5285,0x0803f908,0xbf4a6b51,-0.790700018
5286,0x0803f90c,0xbf4a8a13,-0.791169345
5287,0x0803f910,0xbf4aa8cd,-0.791638196
5288,0x0803f914,0xbf4ac77f,-0.792106569
5289,0x0803f918,0xbf4ae62a,-0.792574525
5290,0x0803f91c,0xbf4b04cc,-0.793041945
5291,0x0803f920,0xbf4b2367,-0.793508947
5292,0x0803f924,0xbf4b41fa,-0.793975472
5293,0x0803f928,0xbf4b6085,-0.794441521
5294,0x0803f92c,0xbf4b7f09,-0.794907153
5295,0x0803f930,0xbf4b9d84,-0.795372248
5296,0x0803f934,0xbf4bbbf8,-0.795836926
5297,0x0803f938,0xbf4bda63,-0.796301067
5298,0x0803f93c,0xbf4bf8c7,-0.796764791
5299,0x0803f940,0xbf4c1723,-0.797228038
5300,0x0803f944,0xbf4c3578,-0.797690868
5301,0x0803f948,0xbf4c53c4,-0.798153162
5302,0x0803f94c,0xbf4c7208,-0.798614979
5303,0x0803f950,0xbf4c9045,-0.799076378
5304,0x0803f954,0xbf4cae79,-0.799537241
5305,0x0803f958,0xbf4ccca6,-0.799997687
5306,0x0803f95c,0xbf4ceacb,-0.800457656
5307,0x0803f960,0xbf4d08e8,-0.800917149
5308,0x0803f964,0xbf4d26fd,-0.801376164
5309,0x0803f968,0xbf4d450a,-0.801834702
5310,0x0803f96c,0xbf4d6310,-0.802292824
5311,0x0803f970,0xbf4d810d,-0.802750409
5312,0x0803f974,0xbf4d9f02,-0.803207517
5313,0x0803f978,0xbf4dbcf0,-0.803664207
5314,0x0803f97c,0xbf4ddad5,-0.804120362
5315,0x0803f980,0xbf4df8b3,-0.804576099
5316,0x0803f984,0xbf4e1689,-0.805031359
5317,0x0803f988,0xbf4e3456,-0.805486083
5318,0x0803f98c,0xbf4e521c,-0.80594039
5319,0x0803f990,0xbf4e6fda,-0.806394219
5320,0x0803f994,0xbf4e8d90,-0.806847572
5321,0x0803f998,0xbf4eab3e,-0.807300448
5322,0x0803f99c,0xbf4ec8e4,-0.807752848
5323,0x0803f9a0,0xbf4ee681,-0.80820471
5324,0x0803f9a4,0xbf4f0417,-0.808656156
5325,0x0803f9a8,0xbf4f21a5,-0.809107125
5326,0x0803f9ac,0xbf4f3f2b,-0.809557617
5327,0x0803f9b0,0xbf4f5ca9,-0.810007632
5328,0x0803f9b4,0xbf4f7a1f,-0.81045717
5329,0x0803f9b8,0xbf4f978d,-0.810906231
5330,0x0803f9bc,0xbf4fb4f4,-0.811354876
5331,0x0803f9c0,0xbf4fd252,-0.811802983
5332,0x0803f9c4,0xbf4fefa8,-0.812250614
5333,0x0803f9c8,0xbf500cf6,-0.812697768
5334,0x0803f9cc,0xbf502a3b,-0.813144386
5335,0x0803f9d0,0xbf504779,-0.813590586
5336,0x0803f9d4,0xbf5064af,-0.81403631
5337,0x0803f9d8,0xbf5081dd,-0.814481556
5338,0x0803f9dc,0xbf509f03,-0.814926326
5339,0x0803f9e0,0xbf50bc21,-0.815370619
5340,0x0803f9e4,0xbf50d937,-0.815814435
5341,0x0803f9e8,0xbf50f644,-0.816257715
5342,0x0803f9ec,0xbf51134a,-0.816700578
5343,0x0803f9f0,0xbf513047,-0.817142904
5344,0x0803f9f4,0xbf514d3d,-0.817584813
5345,0x0803f9f8,0xbf516a2a,-0.818026185
5346,0x0803f9fc,0xbf518710,-0.81846714
5347,0x0803fa00,0xbf51a3ed,-0.818907559
5348,0x0803fa04,0xbf51c0c2,-0.819347501
5349,0x0803fa08,0xbf51dd8f,-0.819786966
5350,0x0803fa0c,0xbf51fa54,-0.820225954
5351,0x0803fa10,0xbf521711,-0.820664465
5352,0x0803fa14,0xbf5233c6,-0.8211025
5353,0x0803fa18,0xbf525073,-0.821540058
5354,0x0803fa1c,0xbf526d18,-0.821977139
5355,0x0803fa20,0xbf5289b4,-0.822413683
5356,0x0803fa24,0xbf52a649,-0.82284981
5357,0x0803fa28,0xbf52c2d5,-0.823285401
5358,0x0803fa2c,0xbf52df59,-0.823720515
5359,0x0803fa30,0xbf52fbd5,-0.824155152
5360,0x0803fa34,0xbf531849,-0.824589312
5361,0x0803fa38,0xbf5334b5,-0.825022995
5362,0x0803fa3c,0xbf535118,-0.825456142
5363,0x0803fa40,0xbf536d74,-0.825888872
5364,0x0803fa44,0xbf5389c7,-0.826321065
5365,0x0803fa48,0xbf53a612,-0.826752782
5366,0x0803fa4c,0xbf53c255,-0.827184021
5367,0x0803fa50,0xbf53de90,-0.827614784
5368,0x0803fa54,0xbf53fac3,-0.82804507
5369,0x0803fa58,0xbf5416ed,-0.82847482
5370,0x0803fa5c,0xbf54330f,-0.828904092
5371,0x0803fa60,0xbf544f2a,-0.829332948
5372,0x0803fa64,0xbf546b3b,-0.829761207
5373,0x0803fa68,0xbf548745,-0.830189049
5374,0x0803fa6c,0xbf54a347,-0.830616415
5375,0x0803fa70,0xbf54bf40,-0.831043243
5376,0x0803fa74,0xbf54db31,-0.831469595
5377,0x0803fa78,0xbf54f71a,-0.831895471
5378,0x0803fa7c,0xbf5512fb,-0.832320869
5379,0x0803fa80,0xbf552ed4,-0.83274579
5380,0x0803fa84,0xbf554aa4,-0.833170176
5381,0x0803fa88,0xbf55666c,-0.833594084
5382,0x0803fa8c,0xbf55822c,-0.834017515
5383,0x0803fa90,0xbf559de3,-0.83444041
5384,0x0803fa94,0xbf55b993,-0.834862888
5385,0x0803fa98,0xbf55d53a,-0.835284829
5386,0x0803fa9c,0xbf55f0d9,-0.835706294
5387,0x0803faa0,0xbf560c70,-0.836127281
5388,0x0803faa4,0xbf5627fe,-0.836547732
5389,0x0803faa8,0xbf564384,-0.836967707
5390,0x0803faac,0xbf565f02,-0.837387204
5391,0x0803fab0,0xbf567a78,-0.837806225
5392,0x0803fab4,0xbf5695e5,-0.838224709
5393,0x0803fab8,0xbf56b14a,-0.838642716
5394,0x0803fabc,0xbf56cca7,-0.839060247
5395,0x0803fac0,0xbf56e7fb,-0.839477241
5396,0x0803fac4,0xbf570348,-0.839893818
5397,0x0803fac8,0xbf571e8c,-0.840309858
5398,0x0803facc,0xbf5739c7,-0.840725362
5399,0x0803fad0,0xbf5754fb,-0.841140449
5400,0x0803fad4,0xbf577026,-0.841554999
5401,0x0803fad8,0xbf578b48,-0.841969013
5402,0x0803fadc,0xbf57a663,-0.84238261
5403,0x0803fae0,0xbf57c175,-0.84279567
5404,0x0803fae4,0xbf57dc7f,-0.843208253
5405,0x0803fae8,0xbf57f780,-0.8436203
5406,0x0803faec,0xbf581279,-0.84403187
5407,0x0803faf0,0xbf582d6a,-0.844442964
5408,0x0803faf4,0xbf584853,-0.84485358
5409,0x0803faf8,0xbf586333,-0.84526366
5410,0x0803fafc,0xbf587e0b,-0.845673263
5411,0x0803fb00,0xbf5898da,-0.84608233
5412,0x0803fb04,0xbf58b3a1,-0.84649092
5413,0x0803fb08,0xbf58ce60,-0.846899033
5414,0x0803fb0c,0xbf58e916,-0.847306609
5415,0x0803fb10,0xbf5903c5,-0.847713768
5416,0x0803fb14,0xbf591e6a,-0.848120332
5417,0x0803fb18,0xbf593908,-0.848526478
5418,0x0803fb1c,0xbf59539c,-0.848932028
5419,0x0803fb20,0xbf596e29,-0.849337161
5420,0x0803fb24,0xbf5988ad,-0.849741757
5421,0x0803fb28,0xbf59a329,-0.850145876
5422,0x0803fb2c,0xbf59bd9c,-0.850549459
5423,0x0803fb30,0xbf59d807,-0.850952566
5424,0x0803fb34,0xbf59f26a,-0.851355195
5425,0x0803fb38,0xbf5a0cc4,-0.851757288
5426,0x0803fb3c,0xbf5a2716,-0.852158904
5427,0x0803fb40,0xbf5a415f,-0.852559984
5428,0x0803fb44,0xbf5a5ba0,-0.852960587
5429,0x0803fb48,0xbf5a75d9,-0.853360713
5430,0x0803fb4c,0xbf5a9009,-0.853760302
5431,0x0803fb50,0xbf5aaa31,-0.854159415
5432,0x0803fb54,0xbf5ac450,-0.854557991
5433,0x0803fb58,0xbf5ade67,-0.85495609
5434,0x0803fb5c,0xbf5af875,-0.855353653
5435,0x0803fb60,0xbf5b127b,-0.85575074
5436,0x0803fb64,0xbf5b2c79,-0.856147349
5437,0x0803fb68,0xbf5b466e,-0.856543422
5438,0x0803fb6c,0xbf5b605a,-0.856938958
5439,0x0803fb70,0xbf5b7a3e,-0.857334018
5440,0x0803fb74,0xbf5b941a,-0.857728601
5441,0x0803fb78,0xbf5baded,-0.858122647
5442,0x0803fb7c,0xbf5bc7b8,-0.858516216
5443,0x0803fb80,0xbf5be17a,-0.858909249
5444,0x0803fb84,0xbf5bfb34,-0.859301805
5445,0x0803fb88,0xbf5c14e6,-0.859693885
5446,0x0803fb8c,0xbf5c2e8e,-0.860085368
5447,0x0803fb90,0xbf5c482f,-0.860476434
5448,0x0803fb94,0xbf5c61c7,-0.860866964
5449,0x0803fb98,0xbf5c7b56,-0.861256957
5450,0x0803fb9c,0xbf5c94dd,-0.861646473
5451,0x0803fba0,0xbf5cae5b,-0.862035453
5452,0x0803fba4,0xbf5cc7d1,-0.862423956
5453,0x0803fba8,0xbf5ce13e,-0.862811923
5454,0x0803fbac,0xbf5cfaa3,-0.863199413
5455,0x0803fbb0,0xbf5d13ff,-0.863586366
5456,0x0803fbb4,0xbf5d2d53,-0.863972843
5457,0x0803fbb8,0xbf5d469e,-0.864358783
5458,0x0803fbbc,0xbf5d5fe1,-0.864744246
5459,0x0803fbc0,0xbf5d791b,-0.865129173
5460,0x0803fbc4,0xbf5d924d,-0.865513623
5461,0x0803fbc8,0xbf5dab76,-0.865897536
5462,0x0803fbcc,0xbf5dc497,-0.866280973
5463,0x0803fbd0,0xbf5dddaf,-0.866663873
5464,0x0803fbd4,0xbf5df6be,-0.867046237
5465,0x0803fbd8,0xbf5e0fc5,-0.867428124
5466,0x0803fbdc,0xbf5e28c3,-0.867809474
5467,0x0803fbe0,0xbf5e41b9,-0.868190348
5468,0x0803fbe4,0xbf5e5aa6,-0.868570685
5469,0x0803fbe8,0xbf5e738b,-0.868950546
5470,0x0803fbec,0xbf5e8c67,-0.86932987
5471,0x0803fbf0,0xbf5ea53a,-0.869708657
5472,0x0803fbf4,0xbf5ebe05,-0.870086968
5473,0x0803fbf8,0xbf5ed6c8,-0.870464802
5474,0x0803fbfc,0xbf5eef81,-0.87084204
5475,0x0803fc00,0xbf5f0833,-0.87121886
5476,0x0803fc04,0xbf5f20db,-0.871595085
5477,0x0803fc08,0xbf5f397b,-0.871970832
5478,0x0803fc0c,0xbf5f5212,-0.872346044
5479,0x0803fc10,0xbf5f6aa1,-0.872720778
5480,0x0803fc14,0xbf5f8327,-0.873094976
5481,0x0803fc18,0xbf5f9ba5,-0.873468697
5482,0x0803fc1c,0xbf5fb419,-0.873841822
5483,0x0803fc20,0xbf5fcc86,-0.87421453
5484,0x0803fc24,0xbf5fe4e9,-0.874586642
5485,0x0803fc28,0xbf5ffd44,-0.874958277
5486,0x0803fc2c,0xbf601596,-0.875329375
5487,0x0803fc30,0xbf602de0,-0.875699997
5488,0x0803fc34,0xbf604621,-0.876070082
5489,0x0803fc38,0xbf605e5a,-0.876439691
5490,0x0803fc3c,0xbf607689,-0.876808703
5491,0x0803fc40,0xbf608eb0,-0.877177238
5492,0x0803fc44,0xbf60a6cf,-0.877545297
5493,0x0803fc48,0xbf60bee5,-0.877912819
5494,0x0803fc4c,0xbf60d6f2,-0.878279805
5495,0x0803fc50,0xbf60eef6,-0.878646255
5496,0x0803fc54,0xbf6106f2,-0.879012227
5497,0x0803fc58,0xbf611ee5,-0.879377663
5498,0x0803fc5c,0xbf6136d0,-0.879742622
5499,0x0803fc60,0xbf614eb1,-0.880106986
5500,0x0803fc64,0xbf61668a,-0.880470872
5501,0x0803fc68,0xbf617e5b,-0.880834281
5502,0x0803fc6c,0xbf619622,-0.881197095
5503,0x0803fc70,0xbf61ade1,-0.881559432
5504,0x0803fc74,0xbf61c598,-0.881921291
5505,0x0803fc78,0xbf61dd45,-0.882282555
5506,0x0803fc7c,0xbf61f4ea,-0.882643342
5507,0x0803fc80,0xbf620c86,-0.883003592
5508,0x0803fc84,0xbf62241a,-0.883363366
5509,0x0803fc88,0xbf623ba4,-0.883722544
5510,0x0803fc8c,0xbf625326,-0.884081244
5511,0x0803fc90,0xbf626aa0,-0.884439468
5512,0x0803fc94,0xbf628210,-0.884797096
5513,0x0803fc98,0xbf629978,-0.885154247
5514,0x0803fc9c,0xbf62b0d7,-0.885510862
5515,0x0803fca0,0xbf62c82d,-0.88586694
5516,0x0803fca4,0xbf62df7b,-0.886222541
5517,0x0803fca8,0xbf62f6c0,-0.886577606
5518,0x0803fcac,0xbf630dfc,-0.886932135
5519,0x0803fcb0,0xbf63252f,-0.887286127
5520,0x0803fcb4,0xbf633c5a,-0.887639642
5521,0x0803fcb8,0xbf63537b,-0.887992561
5522,0x0803fcbc,0xbf636a95,-0.888345063
5523,0x0803fcc0,0xbf6381a5,-0.888696969
5524,0x0803fcc4,0xbf6398ac,-0.889048338
5525,0x0803fcc8,0xbf63afab,-0.88939923
5526,0x0803fccc,0xbf63c6a1,-0.889749587
5527,0x0803fcd0,0xbf63dd8e,-0.890099406
5528,0x0803fcd4,0xbf63f473,-0.890448749
5529,0x0803fcd8,0xbf640b4e,-0.890797496
5530,0x0803fcdc,0xbf642221,-0.891145766
5531,0x0803fce0,0xbf6438eb,-0.891493499
5532,0x0803fce4,0xbf644fac,-0.891840696
5533,0x0803fce8,0xbf646665,-0.892187417
5534,0x0803fcec,0xbf647d14,-0.892533541
5535,0x0803fcf0,0xbf6493bb,-0.892879188
5536,0x0803fcf4,0xbf64aa59,-0.893224299
5537,0x0803fcf8,0xbf64c0ee,-0.893568873
5538,0x0803fcfc,0xbf64d77b,-0.893912971
5539,0x0803fd00,0xbf64edfe,-0.894256473
5540,0x0803fd04,0xbf650479,-0.894599497
5541,0x0803fd08,0xbf651aeb,-0.894941986
5542,0x0803fd0c,0xbf653154,-0.895283937
5543,0x0803fd10,0xbf6547b4,-0.895625353
5544,0x0803fd14,0xbf655e0b,-0.895966232
5545,0x0803fd18,0xbf65745a,-0.896306634
5546,0x0803fd1c,0xbf658aa0,-0.8966465
5547,0x0803fd20,0xbf65a0dc,-0.896985769
5548,0x0803fd24,0xbf65b710,-0.897324562
5549,0x0803fd28,0xbf65cd3b,-0.897662818
5550,0x0803fd2c,0xbf65e35e,-0.898000598
5551,0x0803fd30,0xbf65f977,-0.898337781
5552,0x0803fd34,0xbf660f88,-0.898674488
5553,0x0803fd38,0xbf66258f,-0.899010599
5554,0x0803fd3c,0xbf663b8e,-0.899346232
5555,0x0803fd40,0xbf665184,-0.89968133
5556,0x0803fd44,0xbf666771,-0.900015891
5557,0x0803fd48,0xbf667d55,-0.900349915
5558,0x0803fd4c,0xbf669330,-0.900683403
5559,0x0803fd50,0xbf66a903,-0.901016414
5560,0x0803fd54,0xbf66becc,-0.901348829
5561,0x0803fd58,0xbf66d48d,-0.901680768
5562,0x0803fd5c,0xbf66ea45,-0.902012169
5563,0x0803fd60,0xbf66fff3,-0.902342975
5564,0x0803fd64,0xbf671599,-0.902673304
5565,0x0803fd68,0xbf672b36,-0.903003097
5566,0x0803fd6c,0xbf6740ca,-0.903332353
5567,0x0803fd70,0xbf675655,-0.903661072
5568,0x0803fd74,0xbf676bd8,-0.903989315
5569,0x0803fd78,0xbf678151,-0.904316962
5570,0x0803fd7c,0xbf6796c1,-0.904644072
5571,0x0803fd80,0xbf67ac29,-0.904970706
5572,0x0803fd84,0xbf67c187,-0.905296743
5573,0x0803fd88,0xbf67d6dd,-0.905622303
5574,0x0803fd8c,0xbf67ec29,-0.905947268
5575,0x0803fd90,0xbf68016d,-0.906271756
5576,0x0803fd94,0xbf6816a8,-0.906595707
5577,0x0803fd98,0xbf682bda,-0.906919122
5578,0x0803fd9c,0xbf684103,-0.907242
5579,0x0803fda0,0xbf685623,-0.907564342
5580,0x0803fda4,0xbf686b39,-0.907886088
5581,0x0803fda8,0xbf688047,-0.908207357
5582,0x0803fdac,0xbf68954c,-0.90852809
5583,0x0803fdb0,0xbf68aa49,-0.908848345
5584,0x0803fdb4,0xbf68bf3c,-0.909168005
5585,0x0803fdb8,0xbf68d426,-0.909487128
5586,0x0803fdbc,0xbf68e907,-0.909805715
5587,0x0803fdc0,0xbf68fddf,-0.910123765
5588,0x0803fdc4,0xbf6912ae,-0.910441279
5589,0x0803fdc8,0xbf692774,-0.910758257
5590,0x0803fdcc,0xbf693c32,-0.911074758
5591,0x0803fdd0,0xbf6950e6,-0.911390662
5592,0x0803fdd4,0xbf696591,-0.91170603
5593,0x0803fdd8,0xbf697a33,-0.912020862
5594,0x0803fddc,0xbf698ecc,-0.912335157
5595,0x0803fde0,0xbf69a35d,-0.912648976
5596,0x0803fde4,0xbf69b7e4,-0.912962198
5597,0x0803fde8,0xbf69cc62,-0.913274884
5598,0x0803fdec,0xbf69e0d7,-0.913587034
5599,0x0803fdf0,0xbf69f543,-0.913898647
5600,0x0803fdf4,0xbf6a09a7,-0.914209783
5601,0x0803fdf8,0xbf6a1e01,-0.914520323
5602,0x0803fdfc,0xbf6a3252,-0.914830327
5603,0x0803fe00,0xbf6a469a,-0.915139794
5604,0x0803fe04,0xbf6a5ad9,-0.915448725
5605,0x0803fe08,0xbf6a6f0f,-0.91575712
5606,0x0803fe0c,0xbf6a833c,-0.916064978
5607,0x0803fe10,0xbf6a9760,-0.916372299
5608,0x0803fe14,0xbf6aab7b,-0.916679084
5609,0x0803fe18,0xbf6abf8c,-0.916985273
5610,0x0803fe1c,0xbf6ad395,-0.917290986
5611,0x0803fe20,0xbf6ae795,-0.917596161
5612,0x0803fe24,0xbf6afb8c,-0.917900801
5613,0x0803fe28,0xbf6b0f79,-0.918204844
5614,0x0803fe2c,0xbf6b235e,-0.91850841
5615,0x0803fe30,0xbf6b3739,-0.918811381
5616,0x0803fe34,0xbf6b4b0c,-0.919113874
5617,0x0803fe38,0xbf6b5ed5,-0.919415772
5618,0x0803fe3c,0xbf6b7295,-0.919717133
5619,0x0803fe40,0xbf6b864c,-0.920017958
5620,0x0803fe44,0xbf6b99fb,-0.920318305
5621,0x0803fe48,0xbf6bada0,-0.920618057
5622,0x0803fe4c,0xbf6bc13b,-0.920917213
5623,0x0803fe50,0xbf6bd4ce,-0.921215892
5624,0x0803fe54,0xbf6be858,-0.921514034
5625,0x0803fe58,0xbf6bfbd9,-0.92181164
5626,0x0803fe5c,0xbf6c0f50,-0.92210865
5627,0x0803fe60,0xbf6c22bf,-0.922405183
5628,0x0803fe64,0xbf6c3624,-0.92270112
5629,0x0803fe68,0xbf6c4980,-0.922996521
5630,0x0803fe6c,0xbf6c5cd4,-0.923291445
5631,0x0803fe70,0xbf6c701e,-0.923585773
5632,0x0803fe74,0xbf6c835e,-0.923879504
5633,0x0803fe78,0xbf6c9696,-0.924172759
5634,0x0803fe7c,0xbf6ca9c5,-0.924465477
5635,0x0803fe80,0xbf6cbcea,-0.9247576
5636,0x0803fe84,0xbf6cd007,-0.925049245
5637,0x0803fe88,0xbf6ce31a,-0.925340295
5638,0x0803fe8c,0xbf6cf624,-0.925630808
5639,0x0803fe90,0xbf6d0925,-0.925920784
5640,0x0803fe94,0xbf6d1c1d,-0.926210225
5641,0x0803fe98,0xbf6d2f0c,-0.926499128
5642,0x0803fe9c,0xbf6d41f2,-0.926787496
5643,0x0803fea0,0xbf6d54ce,-0.927075267
5644,0x0803fea4,0xbf6d67a1,-0.927362502
5645,0x0803fea8,0xbf6d7a6c,-0.92764926
5646,0x0803feac,0xbf6d8d2d,-0.927935421
5647,0x0803feb0,0xbf6d9fe4,-0.928220987
5648,0x0803feb4,0xbf6db293,-0.928506076
5649,0x0803feb8,0xbf6dc539,-0.928790629
5650,0x0803febc,0xbf6dd7d5,-0.929074585
5651,0x0803fec0,0xbf6dea68,-0.929358006
5652,0x0803fec4,0xbf6dfcf2,-0.929640889
5653,0x0803fec8,0xbf6e0f73,-0.929923236
5654,0x0803fecc,0xbf6e21eb,-0.930205047
5655,0x0803fed0,0xbf6e3459,-0.930486262
5656,0x0803fed4,0xbf6e46be,-0.93076694
5657,0x0803fed8,0xbf6e591a,-0.931047082
5658,0x0803fedc,0xbf6e6b6d,-0.931326687
5659,0x0803fee0,0xbf6e7db7,-0.931605756
5660,0x0803fee4,0xbf6e8ff8,-0.931884289
5661,0x0803fee8,0xbf6ea22f,-0.932162225
5662,0x0803feec,0xbf6eb45d,-0.932439625
5663,0x0803fef0,0xbf6ec682,-0.932716489
5664,0x0803fef4,0xbf6ed89e,-0.932992816
5665,0x0803fef8,0xbf6eeab0,-0.933268547
5666,0x0803fefc,0xbf6efcba,-0.933543801
5667,0x0803ff00,0xbf6f0eba,-0.93381846
5668,0x0803ff04,0xbf6f20b0,-0.934092522
5669,0x0803ff08,0xbf6f329e,-0.934366107
5670,0x0803ff0c,0xbf6f4483,-0.934639156
5671,0x0803ff10,0xbf6f565e,-0.934911609
5672,0x0803ff14,0xbf6f6830,-0.935183525
5673,0x0803ff18,0xbf6f79f8,-0.935454845
5674,0x0803ff1c,0xbf6f8bb8,-0.935725689
5675,0x0803ff20,0xbf6f9d6e,-0.935995936
5676,0x0803ff24,0xbf6faf1b,-0.936265647
5677,0x0803ff28,0xbf6fc0bf,-0.936534822
5678,0x0803ff2c,0xbf6fd25a,-0.93680346
5679,0x0803ff30,0xbf6fe3eb,-0.937071502
5680,0x0803ff34,0xbf6ff573,-0.937339008
5681,0x0803ff38,0xbf7006f2,-0.937605977
5682,0x0803ff3c,0xbf701867,-0.93787235
5683,0x0803ff40,0xbf7029d4,-0.938138247
5684,0x0803ff44,0xbf703b37,-0.938403547
5685,0x0803ff48,0xbf704c91,-0.938668311
5686,0x0803ff4c,0xbf705de1,-0.938932478
5687,0x0803ff50,0xbf706f28,-0.93919611
5688,0x0803ff54,0xbf708066,-0.939459205
5689,0x0803ff58,0xbf70919b,-0.939721763
5690,0x0803ff5c,0xbf70a2c6,-0.939983726
5691,0x0803ff60,0xbf70b3e9,-0.940245211
5692,0x0803ff64,0xbf70c501,-0.940506041
5693,0x0803ff68,0xbf70d611,-0.940766394
5694,0x0803ff6c,0xbf70e717,-0.941026151
5695,0x0803ff70,0xbf70f814,-0.941285372
5696,0x0803ff74,0xbf710908,-0.941544056
5697,0x0803ff78,0xbf7119f3,-0.941802204
5698,0x0803ff7c,0xbf712ad4,-0.942059755
5699,0x0803ff80,0xbf713bac,-0.942316771
5700,0x0803ff84,0xbf714c7a,-0.94257319
5701,0x0803ff88,0xbf715d3f,-0.942829072
5702,0x0803ff8c,0xbf716dfb,-0.943084419
5703,0x0803ff90,0xbf717eae,-0.943339229
5704,0x0803ff94,0xbf718f57,-0.943593442
5705,0x0803ff98,0xbf719ff7,-0.94384712
5706,0x0803ff9c,0xbf71b08e,-0.944100261
5707,0x0803ffa0,0xbf71c11b,-0.944352806
5708,0x0803ffa4,0xbf71d19f,-0.944604814
5709,0x0803ffa8,0xbf71e21a,-0.944856286
5710,0x0803ffac,0xbf71f28c,-0.945107222
5711,0x0803ffb0,0xbf7202f4,-0.945357561
5712,0x0803ffb4,0xbf721352,-0.945607305
5713,0x0803ffb8,0xbf7223a8,-0.945856571
5714,0x0803ffbc,0xbf7233f4,-0.946105242
5715,0x0803ffc0,0xbf724437,-0.946353376
5716,0x0803ffc4,0xbf725470,-0.946600914
5717,0x0803ffc8,0xbf7264a0,-0.946847916
5718,0x0803ffcc,0xbf7274c7,-0.947094381
5719,0x0803ffd0,0xbf7284e4,-0.94734025
5720,0x0803ffd4,0xbf7294f8,-0.947585583
5721,0x0803ffd8,0xbf72a503,-0.947830379
5722,0x0803ffdc,0xbf72b504,-0.948074579
5723,0x0803ffe0,0xbf72c4fc,-0.948318243
5724,0x0803ffe4,0xbf72d4eb,-0.94856137
5725,0x0803ffe8,0xbf72e4d0,-0.948803902
5726,0x0803ffec,0xbf72f4ac,-0.949045897
5727,0x0803fff0,0xbf73047e,-0.949287295
5728,0x0803fff4,0xbf731447,-0.949528158
5729,0x0803fff8,0xbf732407,-0.949768484
5730,0x0803fffc,0xbf7333be,-0.950008273
5731,0x08040000,0xbf73436b,-0.950247467
5732,0x08040004,0xbf73530e,-0.950486064
5733,0x08040008,0xbf7362a8,-0.950724125
5734,0x0804000c,0xbf737239,-0.950961649
5735,0x08040010,0xbf7381c1,-0.951198637
5736,0x08040014,0xbf73913f,-0.95143503
5737,0x08040018,0xbf73a0b4,-0.951670885
5738,0x0804001c,0xbf73b01f,-0.951906145
5739,0x08040020,0xbf73bf81,-0.952140868
5740,0x08040024,0xbf73ced9,-0.952374995
5741,0x08040028,0xbf73de28,-0.952608585
5742,0x0804002c,0xbf73ed6e,-0.95284164
5743,0x08040030,0xbf73fcaa,-0.953074098
5744,0x08040034,0xbf740bdd,-0.953306019
5745,0x08040038,0xbf741b07,-0.953537405
5746,0x0804003c,0xbf742a27,-0.953768194
5747,0x08040040,0xbf74393e,-0.953998446
5748,0x08040044,0xbf74484b,-0.954228103
5749,0x08040048,0xbf74574f,-0.954457223
5750,0x0804004c,0xbf746649,-0.954685748
5751,0x08040050,0xbf74753a,-0.954913735
5752,0x08040054,0xbf748422,-0.955141187
5753,0x08040058,0xbf749300,-0.955368042
5754,0x0804005c,0xbf74a1d5,-0.955594361
5755,0x08040060,0xbf74b0a0,-0.955820084
5756,0x08040064,0xbf74bf62,-0.95604527
5757,0x08040068,0xbf74ce1a,-0.95626986
5758,0x0804006c,0xbf74dcc9,-0.956493914
5759,0x08040070,0xbf74eb6f,-0.956717432
5760,0x08040074,0xbf74fa0b,-0.956940353
5761,0x08040078,0xbf75089d,-0.957162678
5762,0x0804007c,0xbf751727,-0.957384527
5763,0x08040080,0xbf7525a6,-0.95760572
5764,0x08040084,0xbf75341d,-0.957826436
5765,0x08040088,0xbf754289,-0.958046496
5766,0x0804008c,0xbf7550ed,-0.958266079
5767,0x08040090,0xbf755f47,-0.958485067
5768,0x08040094,0xbf756d97,-0.958703458
5769,0x08040098,0xbf757bde,-0.958921313
5770,0x0804009c,0xbf758a1c,-0.959138632
5771,0x080400a0,0xbf759850,-0.959355354
5772,0x080400a4,0xbf75a67b,-0.95957154
5773,0x080400a8,0xbf75b49c,-0.95978713
5774,0x080400ac,0xbf75c2b3,-0.960002124
5775,0x080400b0,0xbf75d0c2,-0.960216641
5776,0x080400b4,0xbf75dec6,-0.960430503
5777,0x080400b8,0xbf75ecc2,-0.960643888
5778,0x080400bc,0xbf75fab3,-0.960856616
5779,0x080400c0,0xbf76089c,-0.961068869
5780,0x080400c4,0xbf76167a,-0.961280465
5781,0x080400c8,0xbf762450,-0.961491585
5782,0x080400cc,0xbf76321b,-0.961702049
5783,0x080400d0,0xbf763fde,-0.961912036
5784,0x080400d4,0xbf764d97,-0.962121427
5785,0x080400d8,0xbf765b46,-0.962330222
5786,0x080400dc,0xbf7668ec,-0.962538481
5787,0x080400e0,0xbf767688,-0.962746143
5788,0x080400e4,0xbf76841b,-0.962953269
5789,0x080400e8,0xbf7691a4,-0.9631598
5790,0x080400ec,0xbf769f24,-0.963365793
5791,0x080400f0,0xbf76ac9a,-0.963571191
5792,0x080400f4,0xbf76ba07,-0.963776052
5793,0x080400f8,0xbf76c76b,-0.963980377
5794,0x080400fc,0xbf76d4c4,-0.964184046
5795,0x08040100,0xbf76e215,-0.964387238
5796,0x08040104,0xbf76ef5b,-0.964589775
5797,0x08040108,0xbf76fc99,-0.964791834
5798,0x0804010c,0xbf7709cc,-0.964993238
5799,0x08040110,0xbf7716f6,-0.965194106
5800,0x08040114,0xbf772417,-0.965394437
5801,0x08040118,0xbf77312e,-0.965594172
5802,0x0804011c,0xbf773e3c,-0.965793371
5803,0x08040120,0xbf774b40,-0.965991974
5804,0x08040124,0xbf77583a,-0.966189981
5805,0x08040128,0xbf77652b,-0.966387451
5806,0x0804012c,0xbf777213,-0.966584384
5807,0x08040130,0xbf777ef1,-0.966780722
5808,0x08040134,0xbf778bc5,-0.966976464
5809,0x08040138,0xbf779890,-0.967171669
5810,0x0804013c,0xbf77a551,-0.967366278
5811,0x08040140,0xbf77b209,-0.967560351
5812,0x08040144,0xbf77beb7,-0.967753828
5813,0x08040148,0xbf77cb5c,-0.967946768
5814,0x0804014c,0xbf77d7f7,-0.968139112
5815,0x08040150,0xbf77e488,-0.96833086
5816,0x08040154,0xbf77f110,-0.968522072
5817,0x08040158,0xbf77fd8f,-0.968712747
5818,0x0804015c,0xbf780a04,-0.968902826
5819,0x08040160,0xbf78166f,-0.969092309
5820,0x08040164,0xbf7822d1,-0.969281256
5821,0x08040168,0xbf782f29,-0.969469607
5822,0x0804016c,0xbf783b77,-0.969657362
5823,0x08040170,0xbf7847bc,-0.96984458
5824,0x08040174,0xbf7853f8,-0.970031261
5825,0x08040178,0xbf78602a,-0.970217347
5826,0x0804017c,0xbf786c52,-0.970402837
5827,0x08040180,0xbf787871,-0.97058779
5828,0x08040184,0xbf788486,-0.970772147
5829,0x08040188,0xbf789091,-0.970955908
5830,0x0804018c,0xbf789c93,-0.971139133
5831,0x08040190,0xbf78a88c,-0.971321821
5832,0x08040194,0xbf78b47b,-0.971503913
5833,0x08040198,0xbf78c060,-0.97168541
5834,0x0804019c,0xbf78cc3b,-0.97186631
5835,0x080401a0,0xbf78d80e,-0.972046733
5836,0x080401a4,0xbf78e3d6,-0.972226501
5837,0x080401a8,0xbf78ef95,-0.972405732
5838,0x080401ac,0xbf78fb4a,-0.972584367
5839,0x080401b0,0xbf7906f6,-0.972762465
5840,0x080401b4,0xbf791298,-0.972939968
5841,0x080401b8,0xbf791e30,-0.973116875
5842,0x080401bc,0xbf7929bf,-0.973293245
5843,0x080401c0,0xbf793544,-0.973469019
5844,0x080401c4,0xbf7940c0,-0.973644257
5845,0x080401c8,0xbf794c32,-0.973818898
5846,0x080401cc,0xbf79579a,-0.973992944
5847,0x080401d0,0xbf7962f9,-0.974166453
5848,0x080401d4,0xbf796e4e,-0.974339366
5849,0x080401d8,0xbf79799a,-0.974511743
5850,0x080401dc,0xbf7984dc,-0.974683523
5851,0x080401e0,0xbf799014,-0.974854708
5852,0x080401e4,0xbf799b43,-0.975025356
5853,0x080401e8,0xbf79a668,-0.975195408
5854,0x080401ec,0xbf79b183,-0.975364864
5855,0x080401f0,0xbf79bc95,-0.975533783
5856,0x080401f4,0xbf79c79d,-0.975702107
5857,0x080401f8,0xbf79d29c,-0.975869894
5858,0x080401fc,0xbf79dd91,-0.976037085
5859,0x08040200,0xbf79e87c,-0.97620368
5860,0x08040204,0xbf79f35e,-0.976369739
5861,0x08040208,0xbf79fe36,-0.976535201
5862,0x0804020c,0xbf7a0904,-0.976700068
5863,0x08040210,0xbf7a13c9,-0.976864398
5864,0x08040214,0xbf7a1e84,-0.977028131
5865,0x08040218,0xbf7a2936,-0.977191329
5866,0x0804021c,0xbf7a33dd,-0.977353871
5867,0x08040220,0xbf7a3e7c,-0.977515936
5868,0x08040224,0xbf7a4910,-0.977677345
5869,0x08040228,0xbf7a539b,-0.977838218
5870,0x0804022c,0xbf7a5e1c,-0.977998495
5871,0x08040230,0xbf7a6894,-0.978158236
5872,0x08040234,0xbf7a7302,-0.97831738
5873,0x08040238,0xbf7a7d66,-0.978475928
5874,0x0804023c,0xbf7a87c1,-0.97863394
5875,0x08040240,0xbf7a9212,-0.978791356
5876,0x08040244,0xbf7a9c59,-0.978948176
5877,0x08040248,0xbf7aa697,-0.979104459
5878,0x0804024c,0xbf7ab0cb,-0.979260147
5879,0x08040250,0xbf7abaf5,-0.979415238
5880,0x08040254,0xbf7ac516,-0.979569793
5881,0x08040258,0xbf7acf2d,-0.979723752
5882,0x0804025c,0xbf7ad93a,-0.979877114
5883,0x08040260,0xbf7ae33d,-0.980029881
5884,0x08040264,0xbf7aed37,-0.980182111
5885,0x08040268,0xbf7af728,-0.980333805
5886,0x0804026c,0xbf7b010e,-0.980484843
5887,0x08040270,0xbf7b0aeb,-0.980635345
5888,0x08040274,0xbf7b14be,-0.980785251
5889,0x08040278,0xbf7b1e88,-0.98093462
5890,0x0804027c,0xbf7b2848,-0.981083393
5891,0x08040280,0xbf7b31fe,-0.98123157
5892,0x08040284,0xbf7b3bab,-0.981379211
5893,0x08040288,0xbf7b454e,-0.981526256
5894,0x0804028c,0xbf7b4ee7,-0.981672704
5895,0x08040290,0xbf7b5876,-0.981818557
5896,0x08040294,0xbf7b61fc,-0.981963873
5897,0x08040298,0xbf7b6b78,-0.982108593
5898,0x0804029c,0xbf7b74ea,-0.982252717
5899,0x080402a0,0xbf7b7e53,-0.982396305
5900,0x080402a4,0xbf7b87b2,-0.982539296
5901,0x080402a8,0xbf7b9107,-0.982681692
5902,0x080402ac,0xbf7b9a53,-0.982823551
5903,0x080402b0,0xbf7ba395,-0.982964814
5904,0x080402b4,0xbf7baccd,-0.983105481
5905,0x080402b8,0xbf7bb5fc,-0.983245611
5906,0x080402bc,0xbf7bbf20,-0.983385086
5907,0x080402c0,0xbf7bc83b,-0.983524024
5908,0x080402c4,0xbf7bd14d,-0.983662426
5909,0x080402c8,0xbf7bda55,-0.983800232
5910,0x080402cc,0xbf7be353,-0.983937442
5911,0x080402d0,0xbf7bec47,-0.984074056
5912,0x080402d4,0xbf7bf531,-0.984210074
5913,0x080402d8,0xbf7bfe12,-0.984345555
5914,0x080402dc,0xbf7c06e9,-0.984480441
5915,0x080402e0,0xbf7c0fb7,-0.984614789
5916,0x080402e4,0xbf7c187a,-0.984748483
5917,0x080402e8,0xbf7c2134,-0.984881639
5918,0x080402ec,0xbf7c29e5,-0.98501426
5919,0x080402f0,0xbf7c328b,-0.985146224
5920,0x080402f4,0xbf7c3b28,-0.985277653
5921,0x080402f8,0xbf7c43bb,-0.985408485
5922,0x080402fc,0xbf7c4c44,-0.985538721
5923,0x08040300,0xbf7c54c4,-0.985668421
5924,0x08040304,0xbf7c5d3a,-0.985797524
5925,0x08040308,0xbf7c65a6,-0.985926032
5926,0x0804030c,0xbf7c6e08,-0.986053944
5927,0x08040310,0xbf7c7661,-0.986181319
5928,0x08040314,0xbf7c7eb0,-0.986308098
5929,0x08040318,0xbf7c86f5,-0.986434281
5930,0x0804031c,0xbf7c8f31,-0.986559927
5931,0x08040320,0xbf7c9762,-0.986684918
5932,0x08040324,0xbf7c9f8a,-0.986809373
5933,0x08040328,0xbf7ca7a9,-0.986933291
5934,0x0804032c,0xbf7cafbd,-0.987056553
5935,0x08040330,0xbf7cb7c8,-0.987179279
5936,0x08040334,0xbf7cbfc9,-0.987301409
5937,0x08040338,0xbf7cc7c0,-0.987422943
5938,0x0804033c,0xbf7ccfae,-0.987543941
5939,0x08040340,0xbf7cd792,-0.987664342
5940,0x08040344,0xbf7cdf6c,-0.987784147
5941,0x08040348,0xbf7ce73c,-0.987903357
5942,0x0804034c,0xbf7cef03,-0.988022029
5943,0x08040350,0xbf7cf6c0,-0.988140106
5944,0x08040354,0xbf7cfe73,-0.988257587
5945,0x08040358,0xbf7d061c,-0.988374472
5946,0x0804035c,0xbf7d0dbc,-0.98849082
5947,0x08040360,0xbf7d1551,-0.988606513
5948,0x08040364,0xbf7d1cdd,-0.988721669
5949,0x08040368,0xbf7d2460,-0.988836288
5950,0x0804036c,0xbf7d2bd8,-0.988950253
5951,0x08040370,0xbf7d3347,-0.98906368
5952,0x08040374,0xbf7d3aac,-0.989176512
5953,0x08040378,0xbf7d4207,-0.989288747
5954,0x0804037c,0xbf7d4959,-0.989400446
5955,0x08040380,0xbf7d50a0,-0.98951149
5956,0x08040384,0xbf7d57de,-0.989621997
5957,0x08040388,0xbf7d5f13,-0.989731967
5958,0x0804038c,0xbf7d663d,-0.989841282
5959,0x08040390,0xbf7d6d5e,-0.989950061
5960,0x08040394,0xbf7d7474,-0.990058184
5961,0x08040398,0xbf7d7b82,-0.99016583
5962,0x0804039c,0xbf7d8285,-0.99027282
5963,0x080403a0,0xbf7d897e,-0.990379214
5964,0x080403a4,0xbf7d906e,-0.990485072
5965,0x080403a8,0xbf7d9754,-0.990590334
5966,0x080403ac,0xbf7d9e30,-0.990695
5967,0x080403b0,0xbf7da503,-0.990799129
5968,0x080403b4,0xbf7dabcc,-0.990902662
5969,0x080403b8,0xbf7db28a,-0.99100554
5970,0x080403bc,0xbf7db940,-0.991107941
5971,0x080403c0,0xbf7dbfeb,-0.991209686
5972,0x080403c4,0xbf7dc68c,-0.991310835
5973,0x080403c8,0xbf7dcd24,-0.991411448
5974,0x080403cc,0xbf7dd3b2,-0.991511464
5975,0x080403d0,0xbf7dda36,-0.991610885
5976,0x080403d4,0xbf7de0b1,-0.991709769
5977,0x080403d8,0xbf7de721,-0.991807997
5978,0x080403dc,0xbf7ded88,-0.991905689
5979,0x080403e0,0xbf7df3e5,-0.992002785
5980,0x080403e4,0xbf7dfa38,-0.992099285
5981,0x080403e8,0xbf7e0082,-0.992195249
5982,0x080403ec,0xbf7e06c2,-0.992290616
5983,0x080403f0,0xbf7e0cf7,-0.992385328
5984,0x080403f4,0xbf7e1324,-0.992479563
5985,0x080403f8,0xbf7e1946,-0.992573142
5986,0x080403fc,0xbf7e1f5e,-0.992666125
5987,0x08040400,0xbf7e256d,-0.992758572
5988,0x08040404,0xbf7e2b72,-0.992850423
5989,0x08040408,0xbf7e316d,-0.992941678
5990,0x0804040c,0xbf7e375e,-0.993032336
5991,0x08040410,0xbf7e3d46,-0.993122458
5992,0x08040414,0xbf7e4323,-0.993211925
5993,0x08040418,0xbf7e48f7,-0.993300855
5994,0x0804041c,0xbf7e4ec1,-0.993389189
5995,0x08040420,0xbf7e5482,-0.993476987
5996,0x08040424,0xbf7e5a38,-0.993564129
5997,0x08040428,0xbf7e5fe5,-0.993650734
5998,0x0804042c,0xbf7e6588,-0.993736744
5999,0x08040430,0xbf7e6b21,-0.993822157
6000,0x08040434,0xbf7e70b0,-0.993906975
6001,0x08040438,0xbf7e7635,-0.993991196
6002,0x0804043c,0xbf7e7bb1,-0.994074881
6003,0x08040440,0xbf7e8123,-0.99415797
6004,0x08040444,0xbf7e868b,-0.994240463
6005,0x08040448,0xbf7e8be9,-0.99432236
6006,0x0804044c,0xbf7e913d,-0.99440366
6007,0x08040450,0xbf7e9688,-0.994484425
6008,0x08040454,0xbf7e9bc9,-0.994564593
6009,0x08040458,0xbf7ea100,-0.994644165
6010,0x0804045c,0xbf7ea62d,-0.994723141
6011,0x08040460,0xbf7eab50,-0.994801521
6012,0x08040464,0xbf7eb069,-0.994879305
6013,0x08040468,0xbf7eb579,-0.994956553
6014,0x0804046c,0xbf7eba7f,-0.995033205
6015,0x08040470,0xbf7ebf7b,-0.99510926
6016,0x08040474,0xbf7ec46d,-0.99518472
6017,0x08040478,0xbf7ec955,-0.995259583
6018,0x0804047c,0xbf7ece34,-0.99533391
6019,0x08040480,0xbf7ed309,-0.995407641
6020,0x08040484,0xbf7ed7d4,-0.995480776
6021,0x08040488,0xbf7edc95,-0.995553315
6022,0x0804048c,0xbf7ee14c,-0.995625257
6023,0x08040490,0xbf7ee5f9,-0.995696604
6024,0x08040494,0xbf7eea9d,-0.995767415
6025,0x08040498,0xbf7eef37,-0.995837629
6026,0x0804049c,0xbf7ef3c7,-0.995907247
6027,0x080404a0,0xbf7ef84d,-0.995976269
6028,0x080404a4,0xbf7efcc9,-0.996044695
6029,0x080404a8,0xbf7f013c,-0.996112585
6030,0x080404ac,0xbf7f05a4,-0.996179819
6031,0x080404b0,0xbf7f0a03,-0.996246517
6032,0x080404b4,0xbf7f0e58,-0.996312618
6033,0x080404b8,0xbf7f12a3,-0.996378124
6034,0x080404bc,0xbf7f16e4,-0.996443033
6035,0x080404c0,0xbf7f1b1c,-0.996507406
6036,0x080404c4,0xbf7f1f49,-0.996571124
6037,0x080404c8,0xbf7f236d,-0.996634305
6038,0x080404cc,0xbf7f2787,-0.996696889
6039,0x080404d0,0xbf7f2b97,-0.996758878
6040,0x080404d4,0xbf7f2f9d,-0.996820271
6041,0x080404d8,0xbf7f339a,-0.996881127
6042,0x080404dc,0xbf7f378c,-0.996941328
6043,0x080404e0,0xbf7f3b75,-0.997000992
6044,0x080404e4,0xbf7f3f54,-0.997060061
6045,0x080404e8,0xbf7f4329,-0.997118533
6046,0x080404ec,0xbf7f46f4,-0.997176409
6047,0x080404f0,0xbf7f4ab6,-0.997233748
6048,0x080404f4,0xbf7f4e6d,-0.997290432
6049,0x080404f8,0xbf7f521b,-0.99734658
6050,0x080404fc,0xbf7f55bf,-0.997402132
6051,0x08040500,0xbf7f5959,-0.997457087
6052,0x08040504,0xbf7f5ce9,-0.997511446
6053,0x08040508,0xbf7f606f,-0.99756521
6054,0x0804050c,0xbf7f63ec,-0.997618437
6055,0x08040510,0xbf7f675f,-0.997671068
6056,0x08040514,0xbf7f6ac7,-0.997723043
6057,0x08040518,0xbf7f6e26,-0.997774482
6058,0x0804051c,0xbf7f717b,-0.997825325
6059,0x08040520,0xbf7f74c7,-0.997875631
6060,0x08040524,0xbf7f7808,-0.997925282
6061,0x08040528,0xbf7f7b40,-0.997974396
6062,0x0804052c,0xbf7f7e6d,-0.998022854
6063,0x08040530,0xbf7f8191,-0.998070776
6064,0x08040534,0xbf7f84ab,-0.998118103
6065,0x08040538,0xbf7f87bb,-0.998164833
6066,0x0804053c,0xbf7f8ac2,-0.998211026
6067,0x08040540,0xbf7f8dbe,-0.998256564
6068,0x08040544,0xbf7f90b1,-0.998301566
6069,0x08040548,0xbf7f9399,-0.998345912
6070,0x0804054c,0xbf7f9678,-0.998389721
6071,0x08040550,0xbf7f994d,-0.998432934
6072,0x08040554,0xbf7f9c18,-0.998475552
6073,0x08040558,0xbf7f9eda,-0.998517632
6074,0x0804055c,0xbf7fa191,-0.998559058
6075,0x08040560,0xbf7fa43f,-0.998599946
6076,0x08040564,0xbf7fa6e3,-0.998640239
6077,0x08040568,0xbf7fa97d,-0.998679936
6078,0x0804056c,0xbf7fac0d,-0.998719037
6079,0x08040570,0xbf7fae93,-0.998757541
6080,0x08040574,0xbf7fb10f,-0.99879545
6081,0x08040578,0xbf7fb382,-0.998832822
6082,0x0804057c,0xbf7fb5ea,-0.998869538
6083,0x08040580,0xbf7fb849,-0.998905718
6084,0x08040584,0xbf7fba9e,-0.998941302
6085,0x08040588,0xbf7fbce9,-0.99897629
6086,0x0804058c,0xbf7fbf2a,-0.999010682
6087,0x08040590,0xbf7fc161,-0.999044478
6088,0x08040594,0xbf7fc38f,-0.999077737
6089,0x08040598,0xbf7fc5b2,-0.999110341
6090,0x0804059c,0xbf7fc7cc,-0.999142408
6091,0x080405a0,0xbf7fc9dc,-0.99917388
6092,0x080405a4,0xbf7fcbe2,-0.999204755
6093,0x080405a8,0xbf7fcdde,-0.999235034
6094,0x080405ac,0xbf7fcfd1,-0.999264777
6095,0x080405b0,0xbf7fd1b9,-0.999293864
6096,0x080405b4,0xbf7fd397,-0.999322355
6097,0x080405b8,0xbf7fd56c,-0.999350309
6098,0x080405bc,0xbf7fd737,-0.999377668
6099,0x080405c0,0xbf7fd8f8,-0.99940443
6100,0x080405c4,0xbf7fdaaf,-0.999430597
6101,0x080405c8,0xbf7fdc5c,-0.999456167
6102,0x080405cc,0xbf7fde00,-0.999481201
6103,0x080405d0,0xbf7fdf99,-0.999505579
6104,0x080405d4,0xbf7fe129,-0.999529421
6105,0x080405d8,0xbf7fe2af,-0.999552667
6106,0x080405dc,0xbf7fe42b,-0.999575317
6107,0x080405e0,0xbf7fe59d,-0.999597371
6108,0x080405e4,0xbf7fe705,-0.999618828
6109,0x080405e8,0xbf7fe863,-0.99963969
6110,0x080405ec,0xbf7fe9b8,-0.999660015
6111,0x080405f0,0xbf7feb02,-0.999679685
6112,0x080405f4,0xbf7fec43,-0.999698818
6113,0x080405f8,0xbf7fed7a,-0.999717355
6114,0x080405fc,0xbf7feea7,-0.999735296
6115,0x08040600,0xbf7fefca,-0.999752641
6116,0x08040604,0xbf7ff0e3,-0.99976939
6117,0x08040608,0xbf7ff1f3,-0.999785602
6118,0x0804060c,0xbf7ff2f8,-0.999801159
6119,0x08040610,0xbf7ff3f4,-0.999816179
6120,0x08040614,0xbf7ff4e6,-0.999830604
6121,0x08040618,0xbf7ff5ce,-0.999844432
6122,0x0804061c,0xbf7ff6ac,-0.999857664
6123,0x08040620,0xbf7ff780,-0.9998703
6124,0x08040624,0xbf7ff84a,-0.99988234
6125,0x08040628,0xbf7ff90b,-0.999893844
6126,0x0804062c,0xbf7ff9c1,-0.999904692
6127,0x08040630,0xbf7ffa6e,-0.999915004
6128,0x08040634,0xbf7ffb11,-0.999924719
6129,0x08040638,0xbf7ffbaa,-0.999933839
6130,0x0804063c,0xbf7ffc39,-0.999942362
6131,0x08040640,0xbf7ffcbe,-0.99995029
6132,0x08040644,0xbf7ffd39,-0.999957621
6133,0x08040648,0xbf7ffdab,-0.999964416
6134,0x0804064c,0xbf7ffe13,-0.999970615
6135,0x08040650,0xbf7ffe70,-0.999976158
6136,0x08040654,0xbf7ffec4,-0.999981165
6137,0x08040658,0xbf7fff0e,-0.999985576
6138,0x0804065c,0xbf7fff4e,-0.99998939
6139,0x08040660,0xbf7fff85,-0.999992669
6140,0x08040664,0xbf7fffb1,-0.999995291
6141,0x08040668,0xbf7fffd4,-0.999997377
6142,0x0804066c,0xbf7fffec,-0.999998808
6143,0x08040670,0xbf7ffffb,-0.999999702
6144,0x08040674,0xbf800000,-1
6145,0x08040678,0xbf7ffffb,-0.999999702
6146,0x0804067c,0xbf7fffec,-0.999998808
6147,0x08040680,0xbf7fffd4,-0.999997377
6148,0x08040684,0xbf7fffb1,-0.999995291
6149,0x08040688,0xbf7fff85,-0.999992669
6150,0x0804068c,0xbf7fff4e,-0.99998939
6151,0x08040690,0xbf7fff0e,-0.999985576
6152,0x08040694,0xbf7ffec4,-0.999981165
6153,0x08040698,0xbf7ffe70,-0.999976158
6154,0x0804069c,0xbf7ffe13,-0.999970615
6155,0x080406a0,0xbf7ffdab,-0.999964416
6156,0x080406a4,0xbf7ffd39,-0.999957621
6157,0x080406a8,0xbf7ffcbe,-0.99995029
6158,0x080406ac,0xbf7ffc39,-0.999942362
6159,0x080406b0,0xbf7ffbaa,-0.999933839
6160,0x080406b4,0xbf7ffb11,-0.999924719
6161,0x080406b8,0xbf7ffa6e,-0.999915004
6162,0x080406bc,0xbf7ff9c1,-0.999904692
6163,0x080406c0,0xbf7ff90b,-0.999893844
6164,0x080406c4,0xbf7ff84a,-0.99988234
6165,0x080406c8,0xbf7ff780,-0.9998703
6166,0x080406cc,0xbf7ff6ac,-0.999857664
6167,0x080406d0,0xbf7ff5ce,-0.999844432
6168,0x080406d4,0xbf7ff4e6,-0.999830604
6169,0x080406d8,0xbf7ff3f4,-0.999816179
6170,0x080406dc,0xbf7ff2f8,-0.999801159
6171,0x080406e0,0xbf7ff1f3,-0.999785602
6172,0x080406e4,0xbf7ff0e3,-0.99976939
6173,0x080406e8,0xbf7fefca,-0.999752641
6174,0x080406ec,0xbf7feea7,-0.999735296
6175,0x080406f0,0xbf7fed7a,-0.999717355
6176,0x080406f4,0xbf7fec43,-0.999698818
6177,0x080406f8,0xbf7feb02,-0.999679685
6178,0x080406fc,0xbf7fe9b8,-0.999660015
6179,0x08040700,0xbf7fe863,-0.99963969
6180,0x08040704,0xbf7fe705,-0.999618828
6181,0x08040708,0xbf7fe59d,-0.999597371
6182,0x0804070c,0xbf7fe42b,-0.999575317
6183,0x08040710,0xbf7fe2af,-0.999552667
6184,0x08040714,0xbf7fe129,-0.999529421
6185,0x08040718,0xbf7fdf99,-0.999505579
6186,0x0804071c,0xbf7fde00,-0.999481201
6187,0x08040720,0xbf7fdc5c,-0.999456167
6188,0x08040724,0xbf7fdaaf,-0.999430597
6189,0x08040728,0xbf7fd8f8,-0.99940443
6190,0x0804072c,0xbf7fd737,-0.999377668
6191,0x08040730,0xbf7fd56c,-0.999350309
6192,0x08040734,0xbf7fd397,-0.999322355
6193,0x08040738,0xbf7fd1b9,-0.999293864
6194,0x0804073c,0xbf7fcfd1,-0.999264777
6195,0x08040740,0xbf7fcdde,-0.999235034
6196,0x08040744,0xbf7fcbe2,-0.999204755
6197,0x08040748,0xbf7fc9dc,-0.99917388
6198,0x0804074c,0xbf7fc7cc,-0.999142408
6199,0x08040750,0xbf7fc5b2,-0.999110341
6200,0x08040754,0xbf7fc38f,-0.999077737
6201,0x08040758,0xbf7fc161,-0.999044478
6202,0x0804075c,0xbf7fbf2a,-0.999010682
6203,0x08040760,0xbf7fbce9,-0.99897629
6204,0x08040764,0xbf7fba9e,-0.998941302
6205,0x08040768,0xbf7fb849,-0.998905718
6206,0x0804076c,0xbf7fb5ea,-0.998869538
6207,0x08040770,0xbf7fb382,-0.998832822
6208,0x08040774,0xbf7fb10f,-0.99879545
6209,0x08040778,0xbf7fae93,-0.998757541
6210,0x0804077c,0xbf7fac0d,-0.998719037
6211,0x08040780,0xbf7fa97d,-0.998679936
6212,0x08040784,0xbf7fa6e3,-0.998640239
6213,0x08040788,0xbf7fa43f,-0.998599946
6214,0x0804078c,0xbf7fa191,-0.998559058
6215,0x08040790,0xbf7f9eda,-0.998517632
6216,0x08040794,0xbf7f9c18,-0.998475552
6217,0x08040798,0xbf7f994d,-0.998432934
6218,0x0804079c,0xbf7f9678,-0.998389721
6219,0x080407a0,0xbf7f9399,-0.998345912
6220,0x080407a4,0xbf7f90b1,-0.998301566
6221,0x080407a8,0xbf7f8dbe,-0.998256564
6222,0x080407ac,0xbf7f8ac2,-0.998211026
6223,0x080407b0,0xbf7f87bb,-0.998164833
6224,0x080407b4,0xbf7f84ab,-0.998118103
6225,0x080407b8,0xbf7f8191,-0.998070776
6226,0x080407bc,0xbf7f7e6d,-0.998022854
6227,0x080407c0,0xbf7f7b40,-0.997974396
6228,0x080407c4,0xbf7f7808,-0.997925282
6229,0x080407c8,0xbf7f74c7,-0.997875631
6230,0x080407cc,0xbf7f717b,-0.997825325
6231,0x080407d0,0xbf7f6e26,-0.997774482
6232,0x080407d4,0xbf7f6ac7,-0.997723043
6233,0x080407d8,0xbf7f675f,-0.997671068
6234,0x080407dc,0xbf7f63ec,-0.997618437
6235,0x080407e0,0xbf7f606f,-0.99756521
6236,0x080407e4,0xbf7f5ce9,-0.997511446
6237,0x080407e8,0xbf7f5959,-0.997457087
6238,0x080407ec,0xbf7f55bf,-0.997402132
6239,0x080407f0,0xbf7f521b,-0.99734658
6240,0x080407f4,0xbf7f4e6d,-0.997290432
6241,0x080407f8,0xbf7f4ab6,-0.997233748
6242,0x080407fc,0xbf7f46f4,-0.997176409
6243,0x08040800,0xbf7f4329,-0.997118533
6244,0x08040804,0xbf7f3f54,-0.997060061
6245,0x08040808,0xbf7f3b75,-0.997000992
6246,0x0804080c,0xbf7f378c,-0.996941328
6247,0x08040810,0xbf7f339a,-0.996881127
6248,0x08040814,0xbf7f2f9d,-0.996820271
6249,0x08040818,0xbf7f2b97,-0.996758878
6250,0x0804081c,0xbf7f2787,-0.996696889
6251,0x08040820,0xbf7f236d,-0.996634305
6252,0x08040824,0xbf7f1f49,-0.996571124
6253,0x08040828,0xbf7f1b1c,-0.996507406
6254,0x0804082c,0xbf7f16e4,-0.996443033
6255,0x08040830,0xbf7f12a3,-0.996378124
6256,0x08040834,0xbf7f0e58,-0.996312618
6257,0x08040838,0xbf7f0a03,-0.996246517
6258,0x0804083c,0xbf7f05a4,-0.996179819
6259,0x08040840,0xbf7f013c,-0.996112585
6260,0x08040844,0xbf7efcc9,-0.996044695
6261,0x08040848,0xbf7ef84d,-0.995976269
6262,0x0804084c,0xbf7ef3c7,-0.995907247
6263,0x08040850,0xbf7eef37,-0.995837629
6264,0x08040854,0xbf7eea9d,-0.995767415
6265,0x08040858,0xbf7ee5f9,-0.995696604
6266,0x0804085c,0xbf7ee14c,-0.995625257
6267,0x08040860,0xbf7edc95,-0.995553315
6268,0x08040864,0xbf7ed7d4,-0.995480776
6269,0x08040868,0xbf7ed309,-0.995407641
6270,0x0804086c,0xbf7ece34,-0.99533391
6271,0x08040870,0xbf7ec955,-0.995259583
6272,0x08040874,0xbf7ec46d,-0.99518472
6273,0x08040878,0xbf7ebf7b,-0.99510926
6274,0x0804087c,0xbf7eba7f,-0.995033205
6275,0x08040880,0xbf7eb579,-0.994956553
6276,0x08040884,0xbf7eb069,-0.994879305
6277,0x08040888,0xbf7eab50,-0.994801521
6278,0x0804088c,0xbf7ea62d,-0.994723141
6279,0x08040890,0xbf7ea100,-0.994644165
6280,0x08040894,0xbf7e9bc9,-0.994564593
6281,0x08040898,0xbf7e9688,-0.994484425
6282,0x0804089c,0xbf7e913d,-0.99440366
6283,0x080408a0,0xbf7e8be9,-0.99432236
6284,0x080408a4,0xbf7e868b,-0.994240463
6285,0x080408a8,0xbf7e8123,-0.99415797
6286,0x080408ac,0xbf7e7bb1,-0.994074881
6287,0x080408b0,0xbf7e7635,-0.993991196
6288,0x080408b4,0xbf7e70b0,-0.993906975
6289,0x080408b8,0xbf7e6b21,-0.993822157
6290,0x080408bc,0xbf7e6588,-0.993736744
6291,0x080408c0,0xbf7e5fe5,-0.993650734
6292,0x080408c4,0xbf7e5a38,-0.993564129
6293,0x080408c8,0xbf7e5482,-0.993476987
6294,0x080408cc,0xbf7e4ec1,-0.993389189
6295,0x080408d0,0xbf7e48f7,-0.993300855
6296,0x080408d4,0xbf7e4323,-0.993211925
6297,0x080408d8,0xbf7e3d46,-0.993122458
6298,0x080408dc,0xbf7e375e,-0.993032336
6299,0x080408e0,0xbf7e316d,-0.992941678
6300,0x080408e4,0xbf7e2b72,-0.992850423
6301,0x080408e8,0xbf7e256d,-0.992758572
6302,0x080408ec,0xbf7e1f5e,-0.992666125
6303,0x080408f0,0xbf7e1946,-0.992573142
6304,0x080408f4,0xbf7e1324,-0.992479563
6305,0x080408f8,0xbf7e0cf7,-0.992385328
6306,0x080408fc,0xbf7e06c2,-0.992290616
6307,0x08040900,0xbf7e0082,-0.992195249
6308,0x08040904,0xbf7dfa38,-0.992099285
6309,0x08040908,0xbf7df3e5,-0.992002785
6310,0x0804090c,0xbf7ded88,-0.991905689
6311,0x08040910,0xbf7de721,-0.991807997
6312,0x08040914,0xbf7de0b1,-0.991709769
6313,0x08040918,0xbf7dda36,-0.991610885
6314,0x0804091c,0xbf7dd3b2,-0.991511464
6315,0x08040920,0xbf7dcd24,-0.991411448
6316,0x08040924,0xbf7dc68c,-0.991310835
6317,0x08040928,0xbf7dbfeb,-0.991209686
6318,0x0804092c,0xbf7db940,-0.991107941
6319,0x08040930,0xbf7db28a,-0.99100554
6320,0x08040934,0xbf7dabcc,-0.990902662
6321,0x08040938,0xbf7da503,-0.990799129
6322,0x0804093c,0xbf7d9e30,-0.990695
6323,0x08040940,0xbf7d9754,-0.990590334
6324,0x08040944,0xbf7d906e,-0.990485072
6325,0x08040948,0xbf7d897e,-0.990379214
6326,0x0804094c,0xbf7d8285,-0.99027282
6327,0x08040950,0xbf7d7b82,-0.99016583
6328,0x08040954,0xbf7d7474,-0.990058184
6329,0x08040958,0xbf7d6d5e,-0.989950061
6330,0x0804095c,0xbf7d663d,-0.989841282
6331,0x08040960,0xbf7d5f13,-0.989731967
6332,0x08040964,0xbf7d57de,-0.989621997
6333,0x08040968,0xbf7d50a0,-0.98951149
6334,0x0804096c,0xbf7d4959,-0.989400446
6335,0x08040970,0xbf7d4207,-0.989288747
6336,0x08040974,0xbf7d3aac,-0.989176512
6337,0x08040978,0xbf7d3347,-0.98906368
6338,0x0804097c,0xbf7d2bd8,-0.988950253
6339,0x08040980,0xbf7d2460,-0.988836288
6340,0x08040984,0xbf7d1cdd,-0.988721669
6341,0x08040988,0xbf7d1551,-0.988606513
6342,0x0804098c,0xbf7d0dbc,-0.98849082
6343,0x08040990,0xbf7d061c,-0.988374472
6344,0x08040994,0xbf7cfe73,-0.988257587
6345,0x08040998,0xbf7cf6c0,-0.988140106
6346,0x0804099c,0xbf7cef03,-0.988022029
6347,0x080409a0,0xbf7ce73c,-0.987903357
6348,0x080409a4,0xbf7cdf6c,-0.987784147
6349,0x080409a8,0xbf7cd792,-0.987664342
6350,0x080409ac,0xbf7ccfae,-0.987543941
6351,0x080409b0,0xbf7cc7c0,-0.987422943
6352,0x080409b4,0xbf7cbfc9,-0.987301409
6353,0x080409b8,0xbf7cb7c8,-0.987179279
6354,0x080409bc,0xbf7cafbd,-0.987056553
6355,0x080409c0,0xbf7ca7a9,-0.986933291
6356,0x080409c4,0xbf7c9f8a,-0.986809373
6357,0x080409c8,0xbf7c9762,-0.986684918
6358,0x080409cc,0xbf7c8f31,-0.986559927
6359,0x080409d0,0xbf7c86f5,-0.986434281
6360,0x080409d4,0xbf7c7eb0,-0.986308098
6361,0x080409d8,0xbf7c7661,-0.986181319
6362,0x080409dc,0xbf7c6e08,-0.986053944
6363,0x080409e0,0xbf7c65a6,-0.985926032
6364,0x080409e4,0xbf7c5d3a,-0.985797524
6365,0x080409e8,0xbf7c54c4,-0.985668421
6366,0x080409ec,0xbf7c4c44,-0.985538721
6367,0x080409f0,0xbf7c43bb,-0.985408485
6368,0x080409f4,0xbf7c3b28,-0.985277653
6369,0x080409f8,0xbf7c328b,-0.985146224
6370,0x080409fc,0xbf7c29e5,-0.98501426
6371,0x08040a00,0xbf7c2134,-0.984881639
6372,0x08040a04,0xbf7c187a,-0.984748483
6373,0x08040a08,0xbf7c0fb7,-0.984614789
6374,0x08040a0c,0xbf7c06e9,-0.984480441
6375,0x08040a10,0xbf7bfe12,-0.984345555
6376,0x08040a14,0xbf7bf531,-0.984210074
6377,0x08040a18,0xbf7bec47,-0.984074056
6378,0x08040a1c,0xbf7be353,-0.983937442
6379,0x08040a20,0xbf7bda55,-0.983800232
6380,0x08040a24,0xbf7bd14d,-0.983662426
6381,0x08040a28,0xbf7bc83b,-0.983524024
6382,0x08040a2c,0xbf7bbf20,-0.983385086
6383,0x08040a30,0xbf7bb5fc,-0.983245611
6384,0x08040a34,0xbf7baccd,-0.983105481
6385,0x08040a38,0xbf7ba395,-0.982964814
6386,0x08040a3c,0xbf7b9a53,-0.982823551
6387,0x08040a40,0xbf7b9107,-0.982681692
6388,0x08040a44,0xbf7b87b2,-0.982539296
6389,0x08040a48,0xbf7b7e53,-0.982396305
6390,0x08040a4c,0xbf7b74ea,-0.982252717
6391,0x08040a50,0xbf7b6b78,-0.982108593
6392,0x08040a54,0xbf7b61fc,-0.981963873
6393,0x08040a58,0xbf7b5876,-0.981818557
6394,0x08040a5c,0xbf7b4ee7,-0.981672704
6395,0x08040a60,0xbf7b454e,-0.981526256
6396,0x08040a64,0xbf7b3bab,-0.981379211
6397,0x08040a68,0xbf7b31fe,-0.98123157
6398,0x08040a6c,0xbf7b2848,-0.981083393
6399,0x08040a70,0xbf7b1e88,-0.98093462
6400,0x08040a74,0xbf7b14be,-0.980785251
6401,0x08040a78,0xbf7b0aeb,-0.980635345
6402,0x08040a7c,0xbf7b010e,-0.980484843
6403,0x08040a80,0xbf7af728,-0.980333805
6404,0x08040a84,0xbf7aed37,-0.980182111
6405,0x08040a88,0xbf7ae33d,-0.980029881
6406,0x08040a8c,0xbf7ad93a,-0.979877114
6407,0x08040a90,0xbf7acf2d,-0.979723752
6408,0x08040a94,0xbf7ac516,-0.979569793
6409,0x08040a98,0xbf7abaf5,-0.979415238
6410,0x08040a9c,0xbf7ab0cb,-0.979260147
6411,0x08040aa0,0xbf7aa697,-0.979104459
6412,0x08040aa4,0xbf7a9c59,-0.978948176
6413,0x08040aa8,0xbf7a9212,-0.978791356
6414,0x08040aac,0xbf7a87c1,-0.97863394
6415,0x08040ab0,0xbf7a7d66,-0.978475928
6416,0x08040ab4,0xbf7a7302,-0.97831738
6417,0x08040ab8,0xbf7a6894,-0.978158236
6418,0x08040abc,0xbf7a5e1c,-0.977998495
6419,0x08040ac0,0xbf7a539b,-0.977838218
6420,0x08040ac4,0xbf7a4910,-0.977677345
6421,0x08040ac8,0xbf7a3e7c,-0.977515936
6422,0x08040acc,0xbf7a33dd,-0.977353871
6423,0x08040ad0,0xbf7a2936,-0.977191329
6424,0x08040ad4,0xbf7a1e84,-0.977028131
6425,0x08040ad8,0xbf7a13c9,-0.976864398
6426,0x08040adc,0xbf7a0904,-0.976700068
6427,0x08040ae0,0xbf79fe36,-0.976535201
6428,0x08040ae4,0xbf79f35e,-0.976369739
6429,0x08040ae8,0xbf79e87c,-0.97620368
6430,0x08040aec,0xbf79dd91,-0.976037085
6431,0x08040af0,0xbf79d29c,-0.975869894
6432,0x08040af4,0xbf79c79d,-0.975702107
6433,0x08040af8,0xbf79bc95,-0.975533783
6434,0x08040afc,0xbf79b183,-0.975364864
6435,0x08040b00,0xbf79a668,-0.975195408
6436,0x08040b04,0xbf799b43,-0.975025356
6437,0x08040b08,0xbf799014,-0.974854708
6438,0x08040b0c,0xbf7984dc,-0.974683523
6439,0x08040b10,0xbf79799a,-0.974511743
6440,0x08040b14,0xbf796e4e,-0.974339366
6441,0x08040b18,0xbf7962f9,-0.974166453
6442,0x08040b1c,0xbf79579a,-0.973992944
6443,0x08040b20,0xbf794c32,-0.973818898
6444,0x08040b24,0xbf7940c0,-0.973644257
6445,0x08040b28,0xbf793544,-0.973469019
6446,0x08040b2c,0xbf7929bf,-0.973293245
6447,0x08040b30,0xbf791e30,-0.973116875
6448,0x08040b34,0xbf791298,-0.972939968
6449,0x08040b38,0xbf7906f6,-0.972762465
6450,0x08040b3c,0xbf78fb4a,-0.972584367
6451,0x08040b40,0xbf78ef95,-0.972405732
6452,0x08040b44,0xbf78e3d6,-0.972226501
6453,0x08040b48,0xbf78d80e,-0.972046733
6454,0x08040b4c,0xbf78cc3b,-0.97186631
6455,0x08040b50,0xbf78c060,-0.97168541
6456,0x08040b54,0xbf78b47b,-0.971503913
6457,0x08040b58,0xbf78a88c,-0.971321821
6458,0x08040b5c,0xbf789c93,-0.971139133
6459,0x08040b60,0xbf789091,-0.970955908
6460,0x08040b64,0xbf788486,-0.970772147
6461,0x08040b68,0xbf787871,-0.97058779
6462,0x08040b6c,0xbf786c52,-0.970402837
6463,0x08040b70,0xbf78602a,-0.970217347
6464,0x08040b74,0xbf7853f8,-0.970031261
6465,0x08040b78,0xbf7847bc,-0.96984458
6466,0x08040b7c,0xbf783b77,-0.969657362
6467,0x08040b80,0xbf782f29,-0.969469607
6468,0x08040b84,0xbf7822d1,-0.969281256
6469,0x08040b88,0xbf78166f,-0.969092309
6470,0x08040b8c,0xbf780a04,-0.968902826
6471,0x08040b90,0xbf77fd8f,-0.968712747
6472,0x08040b94,0xbf77f110,-0.968522072
6473,0x08040b98,0xbf77e488,-0.96833086
6474,0x08040b9c,0xbf77d7f7,-0.968139112
6475,0x08040ba0,0xbf77cb5c,-0.967946768
6476,0x08040ba4,0xbf77beb7,-0.967753828
6477,0x08040ba8,0xbf77b209,-0.967560351
6478,0x08040bac,0xbf77a551,-0.967366278
6479,0x08040bb0,0xbf779890,-0.967171669
6480,0x08040bb4,0xbf778bc5,-0.966976464
6481,0x08040bb8,0xbf777ef1,-0.966780722
6482,0x08040bbc,0xbf777213,-0.966584384
6483,0x08040bc0,0xbf77652b,-0.966387451
6484,0x08040bc4,0xbf77583a,-0.966189981
6485,0x08040bc8,0xbf774b40,-0.965991974
6486,0x08040bcc,0xbf773e3c,-0.965793371
6487,0x08040bd0,0xbf77312e,-0.965594172
6488,0x08040bd4,0xbf772417,-0.965394437
6489,0x08040bd8,0xbf7716f6,-0.965194106
6490,0x08040bdc,0xbf7709cc,-0.964993238
6491,0x08040be0,0xbf76fc99,-0.964791834
6492,0x08040be4,0xbf76ef5b,-0.964589775
6493,0x08040be8,0xbf76e215,-0.964387238
6494,0x08040bec,0xbf76d4c4,-0.964184046
6495,0x08040bf0,0xbf76c76b,-0.963980377
6496,0x08040bf4,0xbf76ba07,-0.963776052
6497,0x08040bf8,0xbf76ac9a,-0.963571191
6498,0x08040bfc,0xbf769f24,-0.963365793
6499,0x08040c00,0xbf7691a4,-0.9631598
6500,0x08040c04,0xbf76841b,-0.962953269
6501,0x08040c08,0xbf767688,-0.962746143
6502,0x08040c0c,0xbf7668ec,-0.962538481
6503,0x08040c10,0xbf765b46,-0.962330222
6504,0x08040c14,0xbf764d97,-0.962121427
6505,0x08040c18,0xbf763fde,-0.961912036
6506,0x08040c1c,0xbf76321b,-0.961702049
6507,0x08040c20,0xbf762450,-0.961491585
6508,0x08040c24,0xbf76167a,-0.961280465
6509,0x08040c28,0xbf76089c,-0.961068869
6510,0x08040c2c,0xbf75fab3,-0.960856616
6511,0x08040c30,0xbf75ecc2,-0.960643888
6512,0x08040c34,0xbf75dec6,-0.960430503
6513,0x08040c38,0xbf75d0c2,-0.960216641
6514,0x08040c3c,0xbf75c2b3,-0.960002124
6515,0x08040c40,0xbf75b49c,-0.95978713
6516,0x08040c44,0xbf75a67b,-0.95957154
6517,0x08040c48,0xbf759850,-0.959355354
6518,0x08040c4c,0xbf758a1c,-0.959138632
6519,0x08040c50,0xbf757bde,-0.958921313
6520,0x08040c54,0xbf756d97,-0.958703458
6521,0x08040c58,0xbf755f47,-0.958485067
6522,0x08040c5c,0xbf7550ed,-0.958266079
6523,0x08040c60,0xbf754289,-0.958046496
6524,0x08040c64,0xbf75341d,-0.957826436
6525,0x08040c68,0xbf7525a6,-0.95760572
6526,0x08040c6c,0xbf751727,-0.957384527
6527,0x08040c70,0xbf75089d,-0.957162678
6528,0x08040c74,0xbf74fa0b,-0.956940353
6529,0x08040c78,0xbf74eb6f,-0.956717432
6530,0x08040c7c,0xbf74dcc9,-0.956493914
6531,0x08040c80,0xbf74ce1a,-0.95626986
6532,0x08040c84,0xbf74bf62,-0.95604527
6533,0x08040c88,0xbf74b0a0,-0.955820084
6534,0x08040c8c,0xbf74a1d5,-0.955594361
6535,0x08040c90,0xbf749300,-0.955368042
6536,0x08040c94,0xbf748422,-0.955141187
6537,0x08040c98,0xbf74753a,-0.954913735
6538,0x08040c9c,0xbf746649,-0.954685748
6539,0x08040ca0,0xbf74574f,-0.954457223
6540,0x08040ca4,0xbf74484b,-0.954228103
6541,0x08040ca8,0xbf74393e,-0.953998446
6542,0x08040cac,0xbf742a27,-0.953768194
6543,0x08040cb0,0xbf741b07,-0.953537405
6544,0x08040cb4,0xbf740bdd,-0.953306019
6545,0x08040cb8,0xbf73fcaa,-0.953074098
6546,0x08040cbc,0xbf73ed6e,-0.95284164
6547,0x08040cc0,0xbf73de28,-0.952608585
6548,0x08040cc4,0xbf73ced9,-0.952374995
6549,0x08040cc8,0xbf73bf81,-0.952140868
6550,0x08040ccc,0xbf73b01f,-0.951906145
6551,0x08040cd0,0xbf73a0b4,-0.951670885
6552,0x08040cd4,0xbf73913f,-0.95143503
6553,0x08040cd8,0xbf7381c1,-0.951198637
6554,0x08040cdc,0xbf737239,-0.950961649
6555,0x08040ce0,0xbf7362a8,-0.950724125
6556,0x08040ce4,0xbf73530e,-0.950486064
6557,0x08040ce8,0xbf73436b,-0.950247467
6558,0x08040cec,0xbf7333be,-0.950008273
6559,0x08040cf0,0xbf732407,-0.949768484
6560,0x08040cf4,0xbf731447,-0.949528158
6561,0x08040cf8,0xbf73047e,-0.949287295
6562,0x08040cfc,0xbf72f4ac,-0.949045897
6563,0x08040d00,0xbf72e4d0,-0.948803902
6564,0x08040d04,0xbf72d4eb,-0.94856137
6565,0x08040d08,0xbf72c4fc,-0.948318243
6566,0x08040d0c,0xbf72b504,-0.948074579
6567,0x08040d10,0xbf72a503,-0.947830379
6568,0x08040d14,0xbf7294f8,-0.947585583
6569,0x08040d18,0xbf7284e4,-0.94734025
6570,0x08040d1c,0xbf7274c7,-0.947094381
6571,0x08040d20,0xbf7264a0,-0.946847916
6572,0x08040d24,0xbf725470,-0.946600914
6573,0x08040d28,0xbf724437,-0.946353376
6574,0x08040d2c,0xbf7233f4,-0.946105242
6575,0x08040d30,0xbf7223a8,-0.945856571
6576,0x08040d34,0xbf721352,-0.945607305
6577,0x08040d38,0xbf7202f4,-0.945357561
6578,0x08040d3c,0xbf71f28c,-0.945107222
6579,0x08040d40,0xbf71e21a,-0.944856286
6580,0x08040d44,0xbf71d19f,-0.944604814
6581,0x08040d48,0xbf71c11b,-0.944352806
6582,0x08040d4c,0xbf71b08e,-0.944100261
6583,0x08040d50,0xbf719ff7,-0.94384712
6584,0x08040d54,0xbf718f57,-0.943593442
6585,0x08040d58,0xbf717eae,-0.943339229
6586,0x08040d5c,0xbf716dfb,-0.943084419
6587,0x08040d60,0xbf715d3f,-0.942829072
6588,0x08040d64,0xbf714c7a,-0.94257319
6589,0x08040d68,0xbf713bac,-0.942316771
6590,0x08040d6c,0xbf712ad4,-0.942059755
6591,0x08040d70,0xbf7119f3,-0.941802204
6592,0x08040d74,0xbf710908,-0.941544056
6593,0x08040d78,0xbf70f814,-0.941285372
6594,0x08040d7c,0xbf70e717,-0.941026151
6595,0x08040d80,0xbf70d611,-0.940766394
6596,0x08040d84,0xbf70c501,-0.940506041
6597,0x08040d88,0xbf70b3e9,-0.940245211
6598,0x08040d8c,0xbf70a2c6,-0.939983726
6599,0x08040d90,0xbf70919b,-0.939721763
6600,0x08040d94,0xbf708066,-0.939459205
6601,0x08040d98,0xbf706f28,-0.93919611
6602,0x08040d9c,0xbf705de1,-0.938932478
6603,0x08040da0,0xbf704c91,-0.938668311
6604,0x08040da4,0xbf703b37,-0.938403547
6605,0x08040da8,0xbf7029d4,-0.938138247
6606,0x08040dac,0xbf701867,-0.93787235
6607,0x08040db0,0xbf7006f2,-0.937605977
6608,0x08040db4,0xbf6ff573,-0.937339008
6609,0x08040db8,0xbf6fe3eb,-0.937071502
6610,0x08040dbc,0xbf6fd25a,-0.93680346
6611,0x08040dc0,0xbf6fc0bf,-0.936534822
6612,0x08040dc4,0xbf6faf1b,-0.936265647
6613,0x08040dc8,0xbf6f9d6e,-0.935995936
6614,0x08040dcc,0xbf6f8bb8,-0.935725689
6615,0x08040dd0,0xbf6f79f8,-0.935454845
6616,0x08040dd4,0xbf6f6830,-0.935183525
6617,0x08040dd8,0xbf6f565e,-0.934911609
6618,0x08040ddc,0xbf6f4483,-0.934639156
6619,0x08040de0,0xbf6f329e,-0.934366107
6620,0x08040de4,0xbf6f20b0,-0.934092522
6621,0x08040de8,0xbf6f0eba,-0.93381846
6622,0x08040dec,0xbf6efcba,-0.933543801
6623,0x08040df0,0xbf6eeab0,-0.933268547
6624,0x08040df4,0xbf6ed89e,-0.932992816
6625,0x08040df8,0xbf6ec682,-0.932716489
6626,0x08040dfc,0xbf6eb45d,-0.932439625
6627,0x08040e00,0xbf6ea22f,-0.932162225
6628,0x08040e04,0xbf6e8ff8,-0.931884289
6629,0x08040e08,0xbf6e7db7,-0.931605756
6630,0x08040e0c,0xbf6e6b6d,-0.931326687
6631,0x08040e10,0xbf6e591a,-0.931047082
6632,0x08040e14,0xbf6e46be,-0.93076694
6633,0x08040e18,0xbf6e3459,-0.930486262
6634,0x08040e1c,0xbf6e21eb,-0.930205047
6635,0x08040e20,0xbf6e0f73,-0.929923236
6636,0x08040e24,0xbf6dfcf2,-0.929640889
6637,0x08040e28,0xbf6dea68,-0.929358006
6638,0x08040e2c,0xbf6dd7d5,-0.929074585
6639,0x08040e30,0xbf6dc539,-0.928790629
6640,0x08040e34,0xbf6db293,-0.928506076
6641,0x08040e38,0xbf6d9fe4,-0.928220987
6642,0x08040e3c,0xbf6d8d2d,-0.927935421
6643,0x08040e40,0xbf6d7a6c,-0.92764926
6644,0x08040e44,0xbf6d67a1,-0.927362502
6645,0x08040e48,0xbf6d54ce,-0.927075267
6646,0x08040e4c,0xbf6d41f2,-0.926787496
6647,0x08040e50,0xbf6d2f0c,-0.926499128
6648,0x08040e54,0xbf6d1c1d,-0.926210225
6649,0x08040e58,0xbf6d0925,-0.925920784
6650,0x08040e5c,0xbf6cf624,-0.925630808
6651,0x08040e60,0xbf6ce31a,-0.925340295
6652,0x08040e64,0xbf6cd007,-0.925049245
6653,0x08040e68,0xbf6cbcea,-0.9247576
6654,0x08040e6c,0xbf6ca9c5,-0.924465477
6655,0x08040e70,0xbf6c9696,-0.924172759
6656,0x08040e74,0xbf6c835e,-0.923879504
6657,0x08040e78,0xbf6c701e,-0.923585773
6658,0x08040e7c,0xbf6c5cd4,-0.923291445
6659,0x08040e80,0xbf6c4980,-0.922996521
6660,0x08040e84,0xbf6c3624,-0.92270112
6661,0x08040e88,0xbf6c22bf,-0.922405183
6662,0x08040e8c,0xbf6c0f50,-0.92210865
6663,0x08040e90,0xbf6bfbd9,-0.92181164
6664,0x08040e94,0xbf6be858,-0.921514034
6665,0x08040e98,0xbf6bd4ce,-0.921215892
6666,0x08040e9c,0xbf6bc13b,-0.920917213
6667,0x08040ea0,0xbf6bada0,-0.920618057
6668,0x08040ea4,0xbf6b99fb,-0.920318305
6669,0x08040ea8,0xbf6b864c,-0.920017958
6670,0x08040eac,0xbf6b7295,-0.919717133
6671,0x08040eb0,0xbf6b5ed5,-0.919415772
6672,0x08040eb4,0xbf6b4b0c,-0.919113874
6673,0x08040eb8,0xbf6b3739,-0.918811381
6674,0x08040ebc,0xbf6b235e,-0.91850841
6675,0x08040ec0,0xbf6b0f79,-0.918204844
6676,0x08040ec4,0xbf6afb8c,-0.917900801
6677,0x08040ec8,0xbf6ae795,-0.917596161
6678,0x08040ecc,0xbf6ad395,-0.917290986
6679,0x08040ed0,0xbf6abf8c,-0.916985273
6680,0x08040ed4,0xbf6aab7b,-0.916679084
6681,0x08040ed8,0xbf6a9760,-0.916372299
6682,0x08040edc,0xbf6a833c,-0.916064978
6683,0x08040ee0,0xbf6a6f0f,-0.91575712
6684,0x08040ee4,0xbf6a5ad9,-0.915448725
6685,0x08040ee8,0xbf6a469a,-0.915139794
6686,0x08040eec,0xbf6a3252,-0.914830327
6687,0x08040ef0,0xbf6a1e01,-0.914520323
6688,0x08040ef4,0xbf6a09a7,-0.914209783
6689,0x08040ef8,0xbf69f543,-0.913898647
6690,0x08040efc,0xbf69e0d7,-0.913587034
6691,0x08040f00,0xbf69cc62,-0.913274884
6692,0x08040f04,0xbf69b7e4,-0.912962198
6693,0x08040f08,0xbf69a35d,-0.912648976
6694,0x08040f0c,0xbf698ecc,-0.912335157
6695,0x08040f10,0xbf697a33,-0.912020862
6696,0x08040f14,0xbf696591,-0.91170603
6697,0x08040f18,0xbf6950e6,-0.911390662
6698,0x08040f1c,0xbf693c32,-0.911074758
6699,0x08040f20,0xbf692774,-0.910758257
6700,0x08040f24,0xbf6912ae,-0.910441279
6701,0x08040f28,0xbf68fddf,-0.910123765
6702,0x08040f2c,0xbf68e907,-0.909805715
6703,0x08040f30,0xbf68d426,-0.909487128
6704,0x08040f34,0xbf68bf3c,-0.909168005
6705,0x08040f38,0xbf68aa49,-0.908848345
6706,0x08040f3c,0xbf68954c,-0.90852809
6707,0x08040f40,0xbf688047,-0.908207357
6708,0x08040f44,0xbf686b39,-0.907886088
6709,0x08040f48,0xbf685623,-0.907564342
6710,0x08040f4c,0xbf684103,-0.907242
6711,0x08040f50,0xbf682bda,-0.906919122
6712,0x08040f54,0xbf6816a8,-0.906595707
6713,0x08040f58,0xbf68016d,-0.906271756
6714,0x08040f5c,0xbf67ec29,-0.905947268
6715,0x08040f60,0xbf67d6dd,-0.905622303
6716,0x08040f64,0xbf67c187,-0.905296743
6717,0x08040f68,0xbf67ac29,-0.904970706
6718,0x08040f6c,0xbf6796c1,-0.904644072
6719,0x08040f70,0xbf678151,-0.904316962
6720,0x08040f74,0xbf676bd8,-0.903989315
6721,0x08040f78,0xbf675655,-0.903661072
6722,0x08040f7c,0xbf6740ca,-0.903332353
6723,0x08040f80,0xbf672b36,-0.903003097
6724,0x08040f84,0xbf671599,-0.902673304
6725,0x08040f88,0xbf66fff3,-0.902342975
6726,0x08040f8c,0xbf66ea45,-0.902012169
6727,0x08040f90,0xbf66d48d,-0.901680768
6728,0x08040f94,0xbf66becc,-0.901348829
6729,0x08040f98,0xbf66a903,-0.901016414
6730,0x08040f9c,0xbf669330,-0.900683403
6731,0x08040fa0,0xbf667d55,-0.900349915
6732,0x08040fa4,0xbf666771,-0.900015891
6733,0x08040fa8,0xbf665184,-0.89968133
6734,0x08040fac,0xbf663b8e,-0.899346232
6735,0x08040fb0,0xbf66258f,-0.899010599
6736,0x08040fb4,0xbf660f88,-0.898674488
6737,0x08040fb8,0xbf65f977,-0.898337781
6738,0x08040fbc,0xbf65e35e,-0.898000598
6739,0x08040fc0,0xbf65cd3b,-0.897662818
6740,0x08040fc4,0xbf65b710,-0.897324562
6741,0x08040fc8,0xbf65a0dc,-0.896985769
6742,0x08040fcc,0xbf658aa0,-0.8966465
6743,0x08040fd0,0xbf65745a,-0.896306634
6744,0x08040fd4,0xbf655e0b,-0.895966232
6745,0x08040fd8,0xbf6547b4,-0.895625353
6746,0x08040fdc,0xbf653154,-0.895283937
6747,0x08040fe0,0xbf651aeb,-0.894941986
6748,0x08040fe4,0xbf650479,-0.894599497
6749,0x08040fe8,0xbf64edfe,-0.894256473
6750,0x08040fec,0xbf64d77b,-0.893912971
6751,0x08040ff0,0xbf64c0ee,-0.893568873
6752,0x08040ff4,0xbf64aa59,-0.893224299
6753,0x08040ff8,0xbf6493bb,-0.892879188
6754,0x08040ffc,0xbf647d14,-0.892533541
6755,0x08041000,0xbf646665,-0.892187417
6756,0x08041004,0xbf644fac,-0.891840696
6757,0x08041008,0xbf6438eb,-0.891493499
6758,0x0804100c,0xbf642221,-0.891145766
6759,0x08041010,0xbf640b4e,-0.890797496
6760,0x08041014,0xbf63f473,-0.890448749
6761,0x08041018,0xbf63dd8e,-0.890099406
6762,0x0804101c,0xbf63c6a1,-0.889749587
6763,0x08041020,0xbf63afab,-0.88939923
6764,0x08041024,0xbf6398ac,-0.889048338
6765,0x08041028,0xbf6381a5,-0.888696969
6766,0x0804102c,0xbf636a95,-0.888345063
6767,0x08041030,0xbf63537b,-0.887992561
6768,0x08041034,0xbf633c5a,-0.887639642
6769,0x08041038,0xbf63252f,-0.887286127
6770,0x0804103c,0xbf630dfc,-0.886932135
6771,0x08041040,0xbf62f6c0,-0.886577606
6772,0x08041044,0xbf62df7b,-0.886222541
6773,0x08041048,0xbf62c82d,-0.88586694
6774,0x0804104c,0xbf62b0d7,-0.885510862
6775,0x08041050,0xbf629978,-0.885154247
6776,0x08041054,0xbf628210,-0.884797096
6777,0x08041058,0xbf626aa0,-0.884439468
6778,0x0804105c,0xbf625326,-0.884081244
6779,0x08041060,0xbf623ba4,-0.883722544
6780,0x08041064,0xbf62241a,-0.883363366
6781,0x08041068,0xbf620c86,-0.883003592
6782,0x0804106c,0xbf61f4ea,-0.882643342
6783,0x08041070,0xbf61dd45,-0.882282555
6784,0x08041074,0xbf61c598,-0.881921291
6785,0x08041078,0xbf61ade1,-0.881559432
6786,0x0804107c,0xbf619622,-0.881197095
6787,0x08041080,0xbf617e5b,-0.880834281
6788,0x08041084,0xbf61668a,-0.880470872
6789,0x08041088,0xbf614eb1,-0.880106986
6790,0x0804108c,0xbf6136d0,-0.879742622
6791,0x08041090,0xbf611ee5,-0.879377663
6792,0x08041094,0xbf6106f2,-0.879012227
6793,0x08041098,0xbf60eef6,-0.878646255
6794,0x0804109c,0xbf60d6f2,-0.878279805
6795,0x080410a0,0xbf60bee5,-0.877912819
6796,0x080410a4,0xbf60a6cf,-0.877545297
6797,0x080410a8,0xbf608eb0,-0.877177238
6798,0x080410ac,0xbf607689,-0.876808703
6799,0x080410b0,0xbf605e5a,-0.876439691
6800,0x080410b4,0xbf604621,-0.876070082
6801,0x080410b8,0xbf602de0,-0.875699997
6802,0x080410bc,0xbf601596,-0.875329375
6803,0x080410c0,0xbf5ffd44,-0.874958277
6804,0x080410c4,0xbf5fe4e9,-0.874586642
6805,0x080410c8,0xbf5fcc86,-0.87421453
6806,0x080410cc,0xbf5fb419,-0.873841822
6807,0x080410d0,0xbf5f9ba5,-0.873468697
6808,0x080410d4,0xbf5f8327,-0.873094976
6809,0x080410d8,0xbf5f6aa1,-0.872720778
6810,0x080410dc,0xbf5f5212,-0.872346044
6811,0x080410e0,0xbf5f397b,-0.871970832
6812,0x080410e4,0xbf5f20db,-0.871595085
6813,0x080410e8,0xbf5f0833,-0.87121886
6814,0x080410ec,0xbf5eef81,-0.87084204
6815,0x080410f0,0xbf5ed6c8,-0.870464802
6816,0x080410f4,0xbf5ebe05,-0.870086968
6817,0x080410f8,0xbf5ea53a,-0.869708657
6818,0x080410fc,0xbf5e8c67,-0.86932987
6819,0x08041100,0xbf5e738b,-0.868950546
6820,0x08041104,0xbf5e5aa6,-0.868570685
6821,0x08041108,0xbf5e41b9,-0.868190348
6822,0x0804110c,0xbf5e28c3,-0.867809474
6823,0x08041110,0xbf5e0fc5,-0.867428124
6824,0x08041114,0xbf5df6be,-0.867046237
6825,0x08041118,0xbf5dddaf,-0.866663873
6826,0x0804111c,0xbf5dc497,-0.866280973
6827,0x08041120,0xbf5dab76,-0.865897536
6828,0x08041124,0xbf5d924d,-0.865513623
6829,0x08041128,0xbf5d791b,-0.865129173
6830,0x0804112c,0xbf5d5fe1,-0.864744246
6831,0x08041130,0xbf5d469e,-0.864358783
6832,0x08041134,0xbf5d2d53,-0.863972843
6833,0x08041138,0xbf5d13ff,-0.863586366
6834,0x0804113c,0xbf5cfaa3,-0.863199413
6835,0x08041140,0xbf5ce13e,-0.862811923
6836,0x08041144,0xbf5cc7d1,-0.862423956
6837,0x08041148,0xbf5cae5b,-0.862035453
6838,0x0804114c,0xbf5c94dd,-0.861646473
6839,0x08041150,0xbf5c7b56,-0.861256957
6840,0x08041154,0xbf5c61c7,-0.860866964
6841,0x08041158,0xbf5c482f,-0.860476434
6842,0x0804115c,0xbf5c2e8e,-0.860085368
6843,0x08041160,0xbf5c14e6,-0.859693885
6844,0x08041164,0xbf5bfb34,-0.859301805
6845,0x08041168,0xbf5be17a,-0.858909249
6846,0x0804116c,0xbf5bc7b8,-0.858516216
6847,0x08041170,0xbf5baded,-0.858122647
6848,0x08041174,0xbf5b941a,-0.857728601
6849,0x08041178,0xbf5b7a3e,-0.857334018
6850,0x0804117c,0xbf5b605a,-0.856938958
6851,0x08041180,0xbf5b466e,-0.856543422
6852,0x08041184,0xbf5b2c79,-0.856147349
6853,0x08041188,0xbf5b127b,-0.85575074
6854,0x0804118c,0xbf5af875,-0.855353653
6855,0x08041190,0xbf5ade67,-0.85495609
6856,0x08041194,0xbf5ac450,-0.854557991
6857,0x08041198,0xbf5aaa31,-0.854159415
6858,0x0804119c,0xbf5a9009,-0.853760302
6859,0x080411a0,0xbf5a75d9,-0.853360713
6860,0x080411a4,0xbf5a5ba0,-0.852960587
6861,0x080411a8,0xbf5a415f,-0.852559984
6862,0x080411ac,0xbf5a2716,-0.852158904
6863,0x080411b0,0xbf5a0cc4,-0.851757288
6864,0x080411b4,0xbf59f26a,-0.851355195
6865,0x080411b8,0xbf59d807,-0.850952566
6866,0x080411bc,0xbf59bd9c,-0.850549459
6867,0x080411c0,0xbf59a329,-0.850145876
6868,0x080411c4,0xbf5988ad,-0.849741757
6869,0x080411c8,0xbf596e29,-0.849337161
6870,0x080411cc,0xbf59539c,-0.848932028
6871,0x080411d0,0xbf593908,-0.848526478
6872,0x080411d4,0xbf591e6a,-0.848120332
6873,0x080411d8,0xbf5903c5,-0.847713768
6874,0x080411dc,0xbf58e916,-0.847306609
6875,0x080411e0,0xbf58ce60,-0.846899033
6876,0x080411e4,0xbf58b3a1,-0.84649092
6877,0x080411e8,0xbf5898da,-0.84608233
6878,0x080411ec,0xbf587e0b,-0.845673263
6879,0x080411f0,0xbf586333,-0.84526366
6880,0x080411f4,0xbf584853,-0.84485358
6881,0x080411f8,0xbf582d6a,-0.844442964
6882,0x080411fc,0xbf581279,-0.84403187
6883,0x08041200,0xbf57f780,-0.8436203
6884,0x08041204,0xbf57dc7f,-0.843208253
6885,0x08041208,0xbf57c175,-0.84279567
6886,0x0804120c,0xbf57a663,-0.84238261
6887,0x08041210,0xbf578b48,-0.841969013
6888,0x08041214,0xbf577026,-0.841554999
6889,0x08041218,0xbf5754fb,-0.841140449
6890,0x0804121c,0xbf5739c7,-0.840725362
6891,0x08041220,0xbf571e8c,-0.840309858
6892,0x08041224,0xbf570348,-0.839893818
6893,0x08041228,0xbf56e7fb,-0.839477241
6894,0x0804122c,0xbf56cca7,-0.839060247
6895,0x08041230,0xbf56b14a,-0.838642716
6896,0x08041234,0xbf5695e5,-0.838224709
6897,0x08041238,0xbf567a78,-0.837806225
6898,0x0804123c,0xbf565f02,-0.837387204
6899,0x08041240,0xbf564384,-0.836967707
6900,0x08041244,0xbf5627fe,-0.836547732
6901,0x08041248,0xbf560c70,-0.836127281
6902,0x0804124c,0xbf55f0d9,-0.835706294
6903,0x08041250,0xbf55d53a,-0.835284829
6904,0x08041254,0xbf55b993,-0.834862888
6905,0x08041258,0xbf559de3,-0.83444041
6906,0x0804125c,0xbf55822c,-0.834017515
6907,0x08041260,0xbf55666c,-0.833594084
6908,0x08041264,0xbf554aa4,-0.833170176
6909,0x08041268,0xbf552ed4,-0.83274579
6910,0x0804126c,0xbf5512fb,-0.832320869
6911,0x08041270,0xbf54f71a,-0.831895471
6912,0x08041274,0xbf54db31,-0.831469595
6913,0x08041278,0xbf54bf40,-0.831043243
6914,0x0804127c,0xbf54a347,-0.830616415
6915,0x08041280,0xbf548745,-0.830189049
6916,0x08041284,0xbf546b3b,-0.829761207
6917,0x08041288,0xbf544f2a,-0.829332948
6918,0x0804128c,0xbf54330f,-0.828904092
6919,0x08041290,0xbf5416ed,-0.82847482
6920,0x08041294,0xbf53fac3,-0.82804507
6921,0x08041298,0xbf53de90,-0.827614784
6922,0x0804129c,0xbf53c255,-0.827184021
6923,0x080412a0,0xbf53a612,-0.826752782
6924,0x080412a4,0xbf5389c7,-0.826321065
6925,0x080412a8,0xbf536d74,-0.825888872
6926,0x080412ac,0xbf535118,-0.825456142
6927,0x080412b0,0xbf5334b5,-0.825022995
6928,0x080412b4,0xbf531849,-0.824589312
6929,0x080412b8,0xbf52fbd5,-0.824155152
6930,0x080412bc,0xbf52df59,-0.823720515
6931,0x080412c0,0xbf52c2d5,-0.823285401
6932,0x080412c4,0xbf52a649,-0.82284981
6933,0x080412c8,0xbf5289b4,-0.822413683
6934,0x080412cc,0xbf526d18,-0.821977139
6935,0x080412d0,0xbf525073,-0.821540058
6936,0x080412d4,0xbf5233c6,-0.8211025
6937,0x080412d8,0xbf521711,-0.820664465
6938,0x080412dc,0xbf51fa54,-0.820225954
6939,0x080412e0,0xbf51dd8f,-0.819786966
6940,0x080412e4,0xbf51c0c2,-0.819347501
6941,0x080412e8,0xbf51a3ed,-0.818907559
6942,0x080412ec,0xbf518710,-0.81846714
6943,0x080412f0,0xbf516a2a,-0.818026185
6944,0x080412f4,0xbf514d3d,-0.817584813
6945,0x080412f8,0xbf513047,-0.817142904
6946,0x080412fc,0xbf51134a,-0.816700578
6947,0x08041300,0xbf50f644,-0.816257715
6948,0x08041304,0xbf50d937,-0.815814435
6949,0x08041308,0xbf50bc21,-0.815370619
6950,0x0804130c,0xbf509f03,-0.814926326
6951,0x08041310,0xbf5081dd,-0.814481556
6952,0x08041314,0xbf5064af,-0.81403631
6953,0x08041318,0xbf504779,-0.813590586
6954,0x0804131c,0xbf502a3b,-0.813144386
6955,0x08041320,0xbf500cf6,-0.812697768
6956,0x08041324,0xbf4fefa8,-0.812250614
6957,0x08041328,0xbf4fd252,-0.811802983
6958,0x0804132c,0xbf4fb4f4,-0.811354876
6959,0x08041330,0xbf4f978d,-0.810906231
6960,0x08041334,0xbf4f7a1f,-0.81045717
6961,0x08041338,0xbf4f5ca9,-0.810007632
6962,0x0804133c,0xbf4f3f2b,-0.809557617
6963,0x08041340,0xbf4f21a5,-0.809107125
6964,0x08041344,0xbf4f0417,-0.808656156
6965,0x08041348,0xbf4ee681,-0.80820471
6966,0x0804134c,0xbf4ec8e4,-0.807752848
6967,0x08041350,0xbf4eab3e,-0.807300448
6968,0x08041354,0xbf4e8d90,-0.806847572
6969,0x08041358,0xbf4e6fda,-0.806394219
6970,0x0804135c,0xbf4e521c,-0.80594039
6971,0x08041360,0xbf4e3456,-0.805486083
6972,0x08041364,0xbf4e1689,-0.805031359
6973,0x08041368,0xbf4df8b3,-0.804576099
6974,0x0804136c,0xbf4ddad5,-0.804120362
6975,0x08041370,0xbf4dbcf0,-0.803664207
6976,0x08041374,0xbf4d9f02,-0.803207517
6977,0x08041378,0xbf4d810d,-0.802750409
6978,0x0804137c,0xbf4d6310,-0.802292824
6979,0x08041380,0xbf4d450a,-0.801834702
6980,0x08041384,0xbf4d26fd,-0.801376164
6981,0x08041388,0xbf4d08e8,-0.800917149
6982,0x0804138c,0xbf4ceacb,-0.800457656
6983,0x08041390,0xbf4ccca6,-0.799997687
6984,0x08041394,0xbf4cae79,-0.799537241
6985,0x08041398,0xbf4c9045,-0.799076378
6986,0x0804139c,0xbf4c7208,-0.798614979
6987,0x080413a0,0xbf4c53c4,-0.798153162
6988,0x080413a4,0xbf4c3578,-0.797690868
6989,0x080413a8,0xbf4c1723,-0.797228038
6990,0x080413ac,0xbf4bf8c7,-0.796764791
6991,0x080413b0,0xbf4bda63,-0.796301067
6992,0x080413b4,0xbf4bbbf8,-0.795836926
6993,0x080413b8,0xbf4b9d84,-0.795372248
6994,0x080413bc,0xbf4b7f09,-0.794907153
6995,0x080413c0,0xbf4b6085,-0.794441521
6996,0x080413c4,0xbf4b41fa,-0.793975472
6997,0x080413c8,0xbf4b2367,-0.793508947
6998,0x080413cc,0xbf4b04cc,-0.793041945
6999,0x080413d0,0xbf4ae62a,-0.792574525
7000,0x080413d4,0xbf4ac77f,-0.792106569
7001,0x080413d8,0xbf4aa8cd,-0.791638196
7002,0x080413dc,0xbf4a8a13,-0.791169345
7003,0x080413e0,0xbf4a6b51,-0.790700018
7004,0x080413e4,0xbf4a4c87,-0.790230215
7005,0x080413e8,0xbf4a2db6,-0.789759994
7006,0x080413ec,0xbf4a0edc,-0.789289236
7007,0x080413f0,0xbf49effb,-0.788818061
7008,0x080413f4,0xbf49d112,-0.78834641
7009,0x080413f8,0xbf49b222,-0.787874341
7010,0x080413fc,0xbf499329,-0.787401736
7011,0x08041400,0xbf497429,-0.786928713
7012,0x08041404,0xbf495521,-0.786455214
7013,0x08041408,0xbf493611,-0.785981238
7014,0x0804140c,0xbf4916fa,-0.785506845
7015,0x08041410,0xbf48f7da,-0.785031915
7016,0x08041414,0xbf48d8b3,-0.784556568
7017,0x08041418,0xbf48b985,-0.784080803
7018,0x0804141c,0xbf489a4e,-0.783604503
7019,0x08041420,0xbf487b10,-0.783127785
7020,0x08041424,0xbf485bca,-0.78265059
7021,0x08041428,0xbf483c7c,-0.782172918
7022,0x0804142c,0xbf481d27,-0.781694829
7023,0x08041430,0xbf47fdca,-0.781216264
7024,0x08041434,0xbf47de65,-0.780737221
7025,0x08041438,0xbf47bef9,-0.780257761
7026,0x0804143c,0xbf479f84,-0.779777765
7027,0x08041440,0xbf478008,-0.779297352
7028,0x08041444,0xbf476085,-0.778816521
7029,0x08041448,0xbf4740fa,-0.778335214
7030,0x0804144c,0xbf472167,-0.777853429
7031,0x08041450,0xbf4701cc,-0.777371168
7032,0x08041454,0xbf46e22a,-0.77688849
7033,0x08041458,0xbf46c280,-0.776405334
7034,0x0804145c,0xbf46a2ce,-0.775921702
7035,0x08041460,0xbf468315,-0.775437653
7036,0x08041464,0xbf466354,-0.774953127
7037,0x08041468,0xbf46438b,-0.774468124
7038,0x0804146c,0xbf4623bb,-0.773982704
7039,0x08041470,0xbf4603e3,-0.773496807
7040,0x08041474,0xbf45e403,-0.773010433
7041,0x08041478,0xbf45c41c,-0.772523642
7042,0x0804147c,0xbf45a42d,-0.772036374
7043,0x08041480,0xbf458437,-0.771548688
7044,0x08041484,0xbf456439,-0.771060526
7045,0x08041488,0xbf454433,-0.770571887
7046,0x0804148c,0xbf452426,-0.770082831
7047,0x08041490,0xbf450411,-0.769593298
7048,0x08041494,0xbf44e3f5,-0.769103348
7049,0x08041498,0xbf44c3d1,-0.768612921
7050,0x0804149c,0xbf44a3a5,-0.768122017
7051,0x080414a0,0xbf448372,-0.767630696
7052,0x080414a4,0xbf446337,-0.767138898
7053,0x080414a8,0xbf4442f5,-0.766646683
7054,0x080414ac,0xbf4422ab,-0.766153991
7055,0x080414b0,0xbf44025a,-0.765660882
7056,0x080414b4,0xbf43e200,-0.765167236
7057,0x080414b8,0xbf43c1a0,-0.764673233
7058,0x080414bc,0xbf43a138,-0.764178753
7059,0x080414c0,0xbf4380c8,-0.763683796
7060,0x080414c4,0xbf436051,-0.763188422
7061,0x080414c8,0xbf433fd2,-0.762692571
7062,0x080414cc,0xbf431f4c,-0.762196302
7063,0x080414d0,0xbf42febe,-0.761699557
7064,0x080414d4,0xbf42de29,-0.761202395
7065,0x080414d8,0xbf42bd8c,-0.760704756
7066,0x080414dc,0xbf429ce8,-0.760206699
7067,0x080414e0,0xbf427c3c,-0.759708166
7068,0x080414e4,0xbf425b89,-0.759209216
7069,0x080414e8,0xbf423ace,-0.758709788
7070,0x080414ec,0xbf421a0b,-0.758209884
7071,0x080414f0,0xbf41f942,-0.757709622
7072,0x080414f4,0xbf41d870,-0.757208824
7073,0x080414f8,0xbf41b798,-0.756707668
7074,0x080414fc,0xbf4196b7,-0.756205976
7075,0x08041500,0xbf4175d0,-0.755703926
7076,0x08041504,0xbf4154e1,-0.755201399
7077,0x08041508,0xbf4133ea,-0.754698396
7078,0x0804150c,0xbf4112ec,-0.754194975
7079,0x08041510,0xbf40f1e7,-0.753691137
7080,0x08041514,0xbf40d0da,-0.753186822
7081,0x08041518,0xbf40afc5,-0.75268203
7082,0x0804151c,0xbf408ea9,-0.752176821
7083,0x08041520,0xbf406d86,-0.751671195
7084,0x08041524,0xbf404c5c,-0.751165152
7085,0x08041528,0xbf402b2a,-0.750658631
7086,0x0804152c,0xbf4009f0,-0.750151634
7087,0x08041530,0xbf3fe8af,-0.74964422
7088,0x08041534,0xbf3fc767,-0.749136388
7089,0x08041538,0xbf3fa617,-0.74862808
7090,0x0804153c,0xbf3f84c0,-0.748119354
7091,0x08041540,0xbf3f6362,-0.747610211
7092,0x08041544,0xbf3f41fc,-0.747100592
7093,0x08041548,0xbf3f208f,-0.746590555
7094,0x0804154c,0xbf3eff1b,-0.746080101
7095,0x08041550,0xbf3edd9f,-0.74556917
7096,0x08041554,0xbf3ebc1b,-0.745057762
7097,0x08041558,0xbf3e9a91,-0.744545996
7098,0x0804155c,0xbf3e78ff,-0.744033754
7099,0x08041560,0xbf3e5766,-0.743521094
7100,0x08041564,0xbf3e35c5,-0.743007958
7101,0x08041568,0xbf3e141d,-0.742494404
7102,0x0804156c,0xbf3df26e,-0.741980433
7103,0x08041570,0xbf3dd0b7,-0.741465986
7104,0x08041574,0xbf3daef9,-0.740951121
7105,0x08041578,0xbf3d8d34,-0.740435839
7106,0x0804157c,0xbf3d6b67,-0.73992008
7107,0x08041580,0xbf3d4993,-0.739403903
7108,0x08041584,0xbf3d27b8,-0.73888731
7109,0x08041588,0xbf3d05d6,-0.738370299
7110,0x0804158c,0xbf3ce3ec,-0.737852812
7111,0x08041590,0xbf3cc1fb,-0.737334907
7112,0x08041594,0xbf3ca003,-0.736816585
7113,0x08041598,0xbf3c7e03,-0.736297786
7114,0x0804159c,0xbf3c5bfc,-0.73577857
7115,0x080415a0,0xbf3c39ee,-0.735258937
7116,0x080415a4,0xbf3c17d9,-0.734738886
7117,0x080415a8,0xbf3bf5bc,-0.734218359
7118,0x080415ac,0xbf3bd398,-0.733697414
7119,0x080415b0,0xbf3bb16d,-0.733176053
7120,0x080415b4,0xbf3b8f3b,-0.732654274
7121,0x080415b8,0xbf3b6d01,-0.732132018
7122,0x080415bc,0xbf3b4ac1,-0.731609404
7123,0x080415c0,0xbf3b2879,-0.731086314
7124,0x080415c4,0xbf3b0629,-0.730562747
7125,0x080415c8,0xbf3ae3d3,-0.730038822
7126,0x080415cc,0xbf3ac175,-0.72951442
7127,0x080415d0,0xbf3a9f10,-0.728989601
7128,0x080415d4,0xbf3a7ca4,-0.728464365
7129,0x080415d8,0xbf3a5a31,-0.727938712
7130,0x080415dc,0xbf3a37b7,-0.727412641
7131,0x080415e0,0xbf3a1535,-0.726886094
7132,0x080415e4,0xbf39f2ac,-0.726359129
7133,0x080415e8,0xbf39d01d,-0.725831807
7134,0x080415ec,0xbf39ad85,-0.725303948
7135,0x080415f0,0xbf398ae7,-0.724775732
7136,0x080415f4,0xbf396842,-0.724247098
7137,0x080415f8,0xbf394595,-0.723717988
7138,0x080415fc,0xbf3922e1,-0.72318846
7139,0x08041600,0xbf390027,-0.722658575
7140,0x08041604,0xbf38dd65,-0.722128212
7141,0x08041608,0xbf38ba9c,-0.721597433
7142,0x0804160c,0xbf3897cb,-0.721066177
7143,0x08041610,0xbf3874f4,-0.720534563
7144,0x08041614,0xbf385216,-0.720002532
7145,0x08041618,0xbf382f30,-0.719470024
7146,0x0804161c,0xbf380c43,-0.718937099
7147,0x08041620,0xbf37e950,-0.718403816
7148,0x08041624,0xbf37c655,-0.717870057
7149,0x08041628,0xbf37a353,-0.71733588
7150,0x0804162c,0xbf37804a,-0.716801286
7151,0x08041630,0xbf375d3a,-0.716266274
7152,0x08041634,0xbf373a23,-0.715730846
7153,0x08041638,0xbf371704,-0.715194941
7154,0x0804163c,0xbf36f3df,-0.714658678
7155,0x08041640,0xbf36d0b3,-0.714121997
7156,0x08041644,0xbf36ad7f,-0.71358484
7157,0x08041648,0xbf368a45,-0.713047326
7158,0x0804164c,0xbf366704,-0.712509394
7159,0x08041650,0xbf3643bb,-0.711970985
7160,0x08041654,0xbf36206c,-0.711432219
7161,0x08041658,0xbf35fd15,-0.710892975
7162,0x0804165c,0xbf35d9b8,-0.710353374
7163,0x08041660,0xbf35b653,-0.709813297
7164,0x08041664,0xbf3592e7,-0.709272802
7165,0x08041668,0xbf356f75,-0.708731949
7166,0x0804166c,0xbf354bfb,-0.70819062
7167,0x08041670,0xbf35287b,-0.707648933
7168,0x08041674,0xbf3504f3,-0.707106769
7169,0x08041678,0xbf34e165,-0.706564248
7170,0x0804167c,0xbf34bdcf,-0.706021249
7171,0x08041680,0xbf349a33,-0.705477893
7172,0x08041684,0xbf34768f,-0.704934061
7173,0x08041688,0xbf3452e5,-0.70438987
7174,0x0804168c,0xbf342f34,-0.703845263
7175,0x08041690,0xbf340b7b,-0.703300178
7176,0x08041694,0xbf33e7bc,-0.702754736
7177,0x08041698,0xbf33c3f6,-0.702208877
7178,0x0804169c,0xbf33a029,-0.7016626
7179,0x080416a0,0xbf337c55,-0.701115906
7180,0x080416a4,0xbf33587a,-0.700568795
7181,0x080416a8,0xbf333498,-0.700021267
7182,0x080416ac,0xbf3310af,-0.699473321
7183,0x080416b0,0xbf32ecc0,-0.698925018
7184,0x080416b4,0xbf32c8c9,-0.698376238
7185,0x080416b8,0xbf32a4cc,-0.697827101
7186,0x080416bc,0xbf3280c7,-0.697277486
7187,0x080416c0,0xbf325cbc,-0.696727514
7188,0x080416c4,0xbf3238aa,-0.696177125
7189,0x080416c8,0xbf321491,-0.695626318
7190,0x080416cc,0xbf31f071,-0.695075095
7191,0x080416d0,0xbf31cc4b,-0.694523513
7192,0x080416d4,0xbf31a81d,-0.693971455
7193,0x080416d8,0xbf3183e9,-0.693419039
7194,0x080416dc,0xbf315fad,-0.692866147
7195,0x080416e0,0xbf313b6b,-0.692312896
7196,0x080416e4,0xbf311722,-0.691759229
7197,0x080416e8,0xbf30f2d3,-0.691205204
7198,0x080416ec,0xbf30ce7c,-0.690650702
7199,0x080416f0,0xbf30aa1f,-0.690095842
7200,0x080416f4,0xbf3085bb,-0.689540565
7201,0x080416f8,0xbf306150,-0.688984871
7202,0x080416fc,0xbf303cde,-0.68842876
7203,0x08041700,0xbf301865,-0.687872231
7204,0x08041704,0xbf2ff3e6,-0.687315345
7205,0x08041708,0xbf2fcf60,-0.686758041
7206,0x0804170c,0xbf2faad3,-0.686200321
7207,0x08041710,0xbf2f863f,-0.685642183
7208,0x08041714,0xbf2f61a5,-0.685083687
7209,0x08041718,0xbf2f3d03,-0.684524715
7210,0x0804171c,0xbf2f185b,-0.683965385
7211,0x08041720,0xbf2ef3ad,-0.683405697
7212,0x08041724,0xbf2ecef7,-0.682845533
7213,0x08041728,0xbf2eaa3b,-0.682285011
7214,0x0804172c,0xbf2e8578,-0.681724072
7215,0x08041730,0xbf2e60ae,-0.681162715
7216,0x08041734,0xbf2e3bde,-0.680601001
7217,0x08041738,0xbf2e1707,-0.680038869
7218,0x0804173c,0xbf2df229,-0.679476321
7219,0x08041740,0xbf2dcd44,-0.678913355
7220,0x08041744,0xbf2da859,-0.678350031
7221,0x08041748,0xbf2d8367,-0.677786291
7222,0x0804174c,0xbf2d5e6f,-0.677222192
7223,0x08041750,0xbf2d396f,-0.676657617
7224,0x08041754,0xbf2d1469,-0.676092684
7225,0x08041758,0xbf2cef5d,-0.675527394
7226,0x0804175c,0xbf2cca49,-0.674961627
7227,0x08041760,0xbf2ca52f,-0.674395502
7228,0x08041764,0xbf2c800f,-0.673829019
7229,0x08041768,0xbf2c5ae7,-0.67326206
7230,0x0804176c,0xbf2c35b9,-0.672694743
7231,0x08041770,0xbf2c1085,-0.672127068
7232,0x08041774,0xbf2beb4a,-0.671558976
7233,0x08041778,0xbf2bc608,-0.670990467
7234,0x0804177c,0xbf2ba0bf,-0.670421541
7235,0x08041780,0xbf2b7b70,-0.669852257
7236,0x08041784,0xbf2b561b,-0.669282615
7237,0x08041788,0xbf2b30be,-0.668712497
7238,0x0804178c,0xbf2b0b5b,-0.668142021
7239,0x08041790,0xbf2ae5f2,-0.667571187
7240,0x08041794,0xbf2ac082,-0.666999936
7241,0x08041798,0xbf2a9b0b,-0.666428268
7242,0x0804179c,0xbf2a758e,-0.665856242
7243,0x080417a0,0xbf2a500a,-0.665283799
7244,0x080417a4,0xbf2a2a80,-0.664710999
7245,0x080417a8,0xbf2a04ef,-0.664137781
7246,0x080417ac,0xbf29df57,-0.663564146
7247,0x080417b0,0xbf29b9b9,-0.662990153
7248,0x080417b4,0xbf299415,-0.662415802
7249,0x080417b8,0xbf296e69,-0.661840975
7250,0x080417bc,0xbf2948b8,-0.66126585
7251,0x080417c0,0xbf292300,-0.660690308
7252,0x080417c4,0xbf28fd41,-0.660114348
7253,0x080417c8,0xbf28d77c,-0.659538031
7254,0x080417cc,0xbf28b1b0,-0.658961296
7255,0x080417d0,0xbf288bde,-0.658384204
7256,0x080417d4,0xbf286605,-0.657806695
7257,0x080417d8,0xbf284026,-0.657228827
7258,0x080417dc,0xbf281a40,-0.656650543
7259,0x080417e0,0xbf27f454,-0.656071901
7260,0x080417e4,0xbf27ce61,-0.655492842
7261,0x080417e8,0xbf27a868,-0.654913425
7262,0x080417ec,0xbf278268,-0.654333591
7263,0x080417f0,0xbf275c62,-0.6537534
7264,0x080417f4,0xbf273656,-0.653172851
7265,0x080417f8,0xbf271043,-0.652591884
7266,0x080417fc,0xbf26ea2a,-0.65201056
7267,0x08041800,0xbf26c40a,-0.651428819
7268,0x08041804,0xbf269de3,-0.65084666
7269,0x08041808,0xbf2677b7,-0.650264204
7270,0x0804180c,0xbf265184,-0.64968133
7271,0x08041810,0xbf262b4a,-0.649098039
7272,0x08041814,0xbf26050a,-0.64851439
7273,0x08041818,0xbf25dec4,-0.647930384
7274,0x0804181c,0xbf25b877,-0.64734596
7275,0x08041820,0xbf259224,-0.646761179
7276,0x08041824,0xbf256bcb,-0.64617604
7277,0x08041828,0xbf25456b,-0.645590484
7278,0x0804182c,0xbf251f04,-0.645004511
7279,0x08041830,0xbf24f898,-0.64441824
7280,0x08041834,0xbf24d225,-0.643831551
7281,0x08041838,0xbf24abac,-0.643244505
7282,0x0804183c,0xbf24852c,-0.642657042
7283,0x08041840,0xbf245ea6,-0.642069221
7284,0x08041844,0xbf24381a,-0.641481042
7285,0x08041848,0xbf241187,-0.640892446
7286,0x0804184c,0xbf23eaee,-0.640303493
7287,0x08041850,0xbf23c44f,-0.639714181
7288,0x08041854,0xbf239da9,-0.639124453
7289,0x08041858,0xbf2376fd,-0.638534367
7290,0x0804185c,0xbf23504b,-0.637943923
7291,0x08041860,0xbf232992,-0.637353063
7292,0x08041864,0xbf2302d3,-0.636761844
7293,0x08041868,0xbf22dc0e,-0.636170268
7294,0x0804186c,0xbf22b543,-0.635578334
7295,0x08041870,0xbf228e71,-0.634985983
7296,0x08041874,0xbf226799,-0.634393275
7297,0x08041878,0xbf2240bb,-0.633800209
7298,0x0804187c,0xbf2219d7,-0.633206785
7299,0x08041880,0xbf21f2ec,-0.632612944
7300,0x08041884,0xbf21cbfb,-0.632018745
7301,0x08041888,0xbf21a504,-0.631424189
7302,0x0804188c,0xbf217e06,-0.630829215
7303,0x08041890,0xbf215703,-0.630233943
7304,0x08041894,0xbf212ff9,-0.629638255
7305,0x08041898,0xbf2108e9,-0.629042208
7306,0x0804189c,0xbf20e1d2,-0.628445745
7307,0x080418a0,0xbf20bab6,-0.627848983
7308,0x080418a4,0xbf209393,-0.627251804
7309,0x080418a8,0xbf206c6a,-0.626654267
7310,0x080418ac,0xbf20453b,-0.626056373
7311,0x080418b0,0xbf201e06,-0.625458121
7312,0x080418b4,0xbf1ff6cb,-0.624859512
7313,0x080418b8,0xbf1fcf89,-0.624260485
7314,0x080418bc,0xbf1fa841,-0.623661101
7315,0x080418c0,0xbf1f80f3,-0.623061359
7316,0x080418c4,0xbf1f599f,-0.622461259
7317,0x080418c8,0xbf1f3245,-0.621860802
7318,0x080418cc,0xbf1f0ae5,-0.621259987
7319,0x080418d0,0xbf1ee37e,-0.620658755
7320,0x080418d4,0xbf1ebc12,-0.620057225
7321,0x080418d8,0xbf1e949f,-0.619455278
7322,0x080418dc,0xbf1e6d26,-0.618852973
7323,0x080418e0,0xbf1e45a7,-0.61825031
7324,0x080418e4,0xbf1e1e22,-0.61764729
7325,0x080418e8,0xbf1df697,-0.617043912
7326,0x080418ec,0xbf1dcf06,-0.616440177
7327,0x080418f0,0xbf1da76f,-0.615836084
7328,0x080418f4,0xbf1d7fd1,-0.615231574
7329,0x080418f8,0xbf1d582e,-0.614626765
7330,0x080418fc,0xbf1d3084,-0.61402154
7331,0x08041900,0xbf1d08d5,-0.613416016
7332,0x08041904,0xbf1ce11f,-0.612810075
7333,0x08041908,0xbf1cb963,-0.612203777
7334,0x0804190c,0xbf1c91a2,-0.61159718
7335,0x08041910,0xbf1c69da,-0.610990167
7336,0x08041914,0xbf1c420c,-0.610382795
7337,0x08041918,0xbf1c1a38,-0.609775066
7338,0x0804191c,0xbf1bf25f,-0.609167039
7339,0x08041920,0xbf1bca7f,-0.608558595
7340,0x08041924,0xbf1ba299,-0.607949793
7341,0x08041928,0xbf1b7aad,-0.607340634
7342,0x0804192c,0xbf1b52bb,-0.606731117
7343,0x08041930,0xbf1b2ac3,-0.606121242
7344,0x08041934,0xbf1b02c6,-0.605511069
7345,0x08041938,0xbf1adac2,-0.604900479
7346,0x0804193c,0xbf1ab2b8,-0.604289532
7347,0x08041940,0xbf1a8aa8,-0.603678226
7348,0x08041944,0xbf1a6293,-0.603066623
7349,0x08041948,0xbf1a3a77,-0.602454603
7350,0x0804194c,0xbf1a1255,-0.601842225
7351,0x08041950,0xbf19ea2e,-0.601229548
7352,0x08041954,0xbf19c200,-0.600616455
7353,0x08041958,0xbf1999cd,-0.600003064
7354,0x0804195c,0xbf197194,-0.599389315
7355,0x08041960,0xbf194955,-0.598775208
7356,0x08041964,0xbf19210f,-0.598160684
7357,0x08041968,0xbf18f8c4,-0.597545862
7358,0x0804196c,0xbf18d073,-0.596930683
7359,0x08041970,0xbf18a81d,-0.596315205
7360,0x08041974,0xbf187fc0,-0.59569931
7361,0x08041978,0xbf18575d,-0.595083058
7362,0x0804197c,0xbf182ef5,-0.594466507
7363,0x08041980,0xbf180687,-0.593849599
7364,0x08041984,0xbf17de12,-0.593232274
7365,0x08041988,0xbf17b598,-0.592614651
7366,0x0804198c,0xbf178d18,-0.59199667
7367,0x08041990,0xbf176493,-0.591378391
7368,0x08041994,0xbf173c07,-0.590759695
7369,0x08041998,0xbf171376,-0.5901407
7370,0x0804199c,0xbf16eade,-0.589521289
7371,0x080419a0,0xbf16c241,-0.588901579
7372,0x080419a4,0xbf16999f,-0.588281572
7373,0x080419a8,0xbf1670f6,-0.587661147
7374,0x080419ac,0xbf164847,-0.587040365
7375,0x080419b0,0xbf161f93,-0.586419284
7376,0x080419b4,0xbf15f6d9,-0.585797846
7377,0x080419b8,0xbf15ce19,-0.585176051
7378,0x080419bc,0xbf15a554,-0.584553957
7379,0x080419c0,0xbf157c88,-0.583931446
7380,0x080419c4,0xbf1553b7,-0.583308637
7381,0x080419c8,0xbf152ae0,-0.582685471
7382,0x080419cc,0xbf150204,-0.582062006
7383,0x080419d0,0xbf14d921,-0.581438124
7384,0x080419d4,0xbf14b039,-0.580813944
7385,0x080419d8,0xbf14874b,-0.580189407
7386,0x080419dc,0xbf145e58,-0.579564571
7387,0x080419e0,0xbf14355e,-0.578939319
7388,0x080419e4,0xbf140c5f,-0.578313768
7389,0x080419e8,0xbf13e35b,-0.577687919
7390,0x080419ec,0xbf13ba50,-0.577061653
7391,0x080419f0,0xbf139140,-0.576435089
7392,0x080419f4,0xbf13682a,-0.575808167
7393,0x080419f8,0xbf133f0f,-0.575180948
7394,0x080419fc,0xbf1315ee,-0.57455337
7395,0x08041a00,0xbf12ecc7,-0.573925436
7396,0x08041a04,0xbf12c39a,-0.573297143
7397,0x08041a08,0xbf129a68,-0.572668552
7398,0x08041a0c,0xbf127130,-0.572039604
7399,0x08041a10,0xbf1247f3,-0.571410358
7400,0x08041a14,0xbf121eb0,-0.570780754
7401,0x08041a18,0xbf11f567,-0.570150793
7402,0x08041a1c,0xbf11cc19,-0.569520533
7403,0x08041a20,0xbf11a2c5,-0.568889916
7404,0x08041a24,0xbf11796b,-0.568258941
7405,0x08041a28,0xbf11500c,-0.567627668
7406,0x08041a2c,0xbf1126a7,-0.566996038
7407,0x08041a30,0xbf10fd3d,-0.56636411
7408,0x08041a34,0xbf10d3cd,-0.565731823
7409,0x08041a38,0xbf10aa57,-0.56509918
7410,0x08041a3c,0xbf1080dc,-0.564466238
7411,0x08041a40,0xbf10575b,-0.563832939
7412,0x08041a44,0xbf102dd5,-0.563199341
7413,0x08041a48,0xbf100449,-0.562565386
7414,0x08041a4c,0xbf0fdab8,-0.561931133
7415,0x08041a50,0xbf0fb121,-0.561296523
7416,0x08041a54,0xbf0f8784,-0.560661554
7417,0x08041a58,0xbf0f5de2,-0.560026288
7418,0x08041a5c,0xbf0f343b,-0.559390724
7419,0x08041a60,0xbf0f0a8e,-0.558754802
7420,0x08041a64,0xbf0ee0db,-0.558118522
7421,0x08041a68,0xbf0eb723,-0.557481945
7422,0x08041a6c,0xbf0e8d65,-0.556845009
7423,0x08041a70,0xbf0e63a2,-0.556207776
7424,0x08041a74,0xbf0e39da,-0.555570245
7425,0x08041a78,0xbf0e100c,-0.554932356
7426,0x08041a7c,0xbf0de638,-0.554294109
7427,0x08041a80,0xbf0dbc5f,-0.553655565
7428,0x08041a84,0xbf0d9281,-0.553016722
7429,0x08041a88,0xbf0d689d,-0.552377522
7430,0x08041a8c,0xbf0d3eb3,-0.551737964
7431,0x08041a90,0xbf0d14c5,-0.551098168
7432,0x08041a94,0xbf0cead0,-0.550457954
7433,0x08041a98,0xbf0cc0d7,-0.549817502
7434,0x08041a9c,0xbf0c96d7,-0.549176633
7435,0x08041aa0,0xbf0c6cd3,-0.548535526
7436,0x08041aa4,0xbf0c42c9,-0.547894061
7437,0x08041aa8,0xbf0c18ba,-0.547252297
7438,0x08041aac,0xbf0beea5,-0.546610177
7439,0x08041ab0,0xbf0bc48b,-0.545967758
7440,0x08041ab4,0xbf0b9a6b,-0.545324981
7441,0x08041ab8,0xbf0b7046,-0.544681907
7442,0x08041abc,0xbf0b461c,-0.544038534
7443,0x08041ac0,0xbf0b1bec,-0.543394804
7444,0x08041ac4,0xbf0af1b7,-0.542750776
7445,0x08041ac8,0xbf0ac77d,-0.54210645
7446,0x08041acc,0xbf0a9d3d,-0.541461766
7447,0x08041ad0,0xbf0a72f8,-0.540816784
7448,0x08041ad4,0xbf0a48ad,-0.540171444
7449,0x08041ad8,0xbf0a1e5e,-0.539525867
7450,0x08041adc,0xbf09f409,-0.538879931
7451,0x08041ae0,0xbf09c9ae,-0.538233638
7452,0x08041ae4,0xbf099f4e,-0.537587047
7453,0x08041ae8,0xbf0974e9,-0.536940157
7454,0x08041aec,0xbf094a7f,-0.53629297
7455,0x08041af0,0xbf092010,-0.535645485
7456,0x08041af4,0xbf08f59b,-0.534997642
7457,0x08041af8,0xbf08cb20,-0.534349442
7458,0x08041afc,0xbf08a0a1,-0.533701003
7459,0x08041b00,0xbf08761c,-0.533052206
7460,0x08041b04,0xbf084b92,-0.532403111
7461,0x08041b08,0xbf082103,-0.531753719
7462,0x08041b0c,0xbf07f66f,-0.531104028
7463,0x08041b10,0xbf07cbd5,-0.53045398
7464,0x08041b14,0xbf07a136,-0.529803634
7465,0x08041b18,0xbf077692,-0.529152989
7466,0x08041b1c,0xbf074be8,-0.528501987
7467,0x08041b20,0xbf07213a,-0.527850747
7468,0x08041b24,0xbf06f686,-0.527199149
7469,0x08041b28,0xbf06cbcd,-0.526547253
7470,0x08041b2c,0xbf06a10e,-0.525895
7471,0x08041b30,0xbf06764b,-0.525242507
7472,0x08041b34,0xbf064b82,-0.524589658
7473,0x08041b38,0xbf0620b5,-0.52393657
7474,0x08041b3c,0xbf05f5e2,-0.523283124
7475,0x08041b40,0xbf05cb0a,-0.52262938
7476,0x08041b44,0xbf05a02c,-0.521975279
7477,0x08041b48,0xbf05754a,-0.521320939
7478,0x08041b4c,0xbf054a62,-0.520666242
7479,0x08041b50,0xbf051f75,-0.520011246
7480,0x08041b54,0xbf04f484,-0.519356012
7481,0x08041b58,0xbf04c98d,-0.518700421
7482,0x08041b5c,0xbf049e91,-0.518044531
7483,0x08041b60,0xbf04738f,-0.517388284
7484,0x08041b64,0xbf044889,-0.516731799
7485,0x08041b68,0xbf041d7e,-0.516075015
7486,0x08041b6c,0xbf03f26d,-0.515417874
7487,0x08041b70,0xbf03c757,-0.514760435
7488,0x08041b74,0xbf039c3d,-0.514102757
7489,0x08041b78,0xbf03711d,-0.513444722
7490,0x08041b7c,0xbf0345f8,-0.512786388
7491,0x08041b80,0xbf031ace,-0.512127757
7492,0x08041b84,0xbf02ef9f,-0.511468828
7493,0x08041b88,0xbf02c46b,-0.5108096
7494,0x08041b8c,0xbf029932,-0.510150075
7495,0x08041b90,0xbf026df4,-0.509490252
7496,0x08041b94,0xbf0242b1,-0.50883013
7497,0x08041b98,0xbf021769,-0.508169711
7498,0x08041b9c,0xbf01ec1c,-0.507508993
7499,0x08041ba0,0xbf01c0ca,-0.506847978
7500,0x08041ba4,0xbf019573,-0.506186664
7501,0x08041ba8,0xbf016a17,-0.505525053
7502,0x08041bac,0xbf013eb5,-0.504863083
7503,0x08041bb0,0xbf01134f,-0.504200876
7504,0x08041bb4,0xbf00e7e4,-0.50353837
7505,0x08041bb8,0xbf00bc74,-0.502875566
7506,0x08041bbc,0xbf0090ff,-0.502212465
7507,0x08041bc0,0xbf006585,-0.501549065
7508,0x08041bc4,0xbf003a06,-0.500885367
7509,0x08041bc8,0xbf000e82,-0.500221372
7510,0x08041bcc,0xbeffc5f3,-0.499557108
7511,0x08041bd0,0xbeff6ed8,-0.498892546
7512,0x08041bd4,0xbeff17b2,-0.498227656
7513,0x08041bd8,0xbefec083,-0.497562498
7514,0x08041bdc,0xbefe694a,-0.496897042
7515,0x08041be0,0xbefe1207,-0.496231288
7516,0x08041be4,0xbefdbabb,-0.495565265
7517,0x08041be8,0xbefd6365,-0.494898945
7518,0x08041bec,0xbefd0c04,-0.494232297
7519,0x08041bf0,0xbefcb49b,-0.49356541
7520,0x08041bf4,0xbefc5d27,-0.492898196
7521,0x08041bf8,0xbefc05aa,-0.492230713
7522,0x08041bfc,0xbefbae22,-0.491562903
7523,0x08041c00,0xbefb5692,-0.490894854
7524,0x08041c04,0xbefafef7,-0.490226477
7525,0x08041c08,0xbefaa753,-0.489557832
7526,0x08041c0c,0xbefa4fa5,-0.48888889
7527,0x08041c10,0xbef9f7ee,-0.488219678
7528,0x08041c14,0xbef9a02d,-0.487550169
7529,0x08041c18,0xbef94862,-0.486880362
7530,0x08041c1c,0xbef8f08e,-0.486210287
7531,0x08041c20,0xbef898b0,-0.485539913
7532,0x08041c24,0xbef840c8,-0.484869242
7533,0x08041c28,0xbef7e8d7,-0.484198302
7534,0x08041c2c,0xbef790dc,-0.483527064
7535,0x08041c30,0xbef738d8,-0.482855558
7536,0x08041c34,0xbef6e0cb,-0.482183784
7537,0x08041c38,0xbef688b3,-0.481511682
7538,0x08041c3c,0xbef63093,-0.480839342
7539,0x08041c40,0xbef5d868,-0.480166674
7540,0x08041c44,0xbef58035,-0.479493767
7541,0x08041c48,0xbef527f8,-0.478820562
7542,0x08041c4c,0xbef4cfb1,-0.47814706
7543,0x08041c50,0xbef47761,-0.477473289
7544,0x08041c54,0xbef41f07,-0.47679922
7545,0x08041c58,0xbef3c6a4,-0.476124883
7546,0x08041c5c,0xbef36e38,-0.475450277
7547,0x08041c60,0xbef315c2,-0.474775374
7548,0x08041c64,0xbef2bd43,-0.474100202
7549,0x08041c68,0xbef264bb,-0.473424762
7550,0x08041c6c,0xbef20c29,-0.472749025
7551,0x08041c70,0xbef1b38e,-0.472073019
7552,0x08041c74,0xbef15aea,-0.471396744
7553,0x08041c78,0xbef1023c,-0.470720172
7554,0x08041c7c,0xbef0a985,-0.470043331
7555,0x08041c80,0xbef050c5,-0.469366223
7556,0x08041c84,0xbeeff7fb,-0.468688816
7557,0x08041c88,0xbeef9f28,-0.468011141
7558,0x08041c8c,0xbeef464c,-0.467333198
7559,0x08041c90,0xbeeeed67,-0.466654986
7560,0x08041c94,0xbeee9479,-0.465976506
7561,0x08041c98,0xbeee3b81,-0.465297729
7562,0x08041c9c,0xbeede280,-0.464618683
7563,0x08041ca0,0xbeed8976,-0.463939369
7564,0x08041ca4,0xbeed3063,-0.463259786
7565,0x08041ca8,0xbeecd747,-0.462579936
7566,0x08041cac,0xbeec7e21,-0.461899787
7567,0x08041cb0,0xbeec24f3,-0.4612194
7568,0x08041cb4,0xbeebcbbb,-0.460538715
7569,0x08041cb8,0xbeeb727a,-0.459857762
7570,0x08041cbc,0xbeeb1930,-0.45917654
7571,0x08041cc0,0xbeeabfdd,-0.458495051
7572,0x08041cc4,0xbeea6681,-0.457813293
7573,0x08041cc8,0xbeea0d1c,-0.457131267
7574,0x08041ccc,0xbee9b3ae,-0.456448972
7575,0x08041cd0,0xbee95a37,-0.45576641
7576,0x08041cd4,0xbee900b7,-0.455083579
7577,0x08041cd8,0xbee8a72e,-0.45440048
7578,0x08041cdc,0xbee84d9c,-0.453717113
7579,0x08041ce0,0xbee7f401,-0.453033477
7580,0x08041ce4,0xbee79a5d,-0.452349573
7581,0x08041ce8,0xbee740b1,-0.451665431
7582,0x08041cec,0xbee6e6fb,-0.450980991
7583,0x08041cf0,0xbee68d3c,-0.450296283
7584,0x08041cf4,0xbee63375,-0.449611336
7585,0x08041cf8,0xbee5d9a4,-0.448926091
7586,0x08041cfc,0xbee57fcb,-0.448240608
7587,0x08041d00,0xbee525e9,-0.447554857
7588,0x08041d04,0xbee4cbfe,-0.446868837
7589,0x08041d08,0xbee4720a,-0.446182549
7590,0x08041d0c,0xbee4180e,-0.445496023
7591,0x08041d10,0xbee3be08,-0.444809198
7592,0x08041d14,0xbee363fa,-0.444122136
7593,0x08041d18,0xbee309e3,-0.443434805
7594,0x08041d1c,0xbee2afc4,-0.442747235
7595,0x08041d20,0xbee2559b,-0.442059368
7596,0x08041d24,0xbee1fb6a,-0.441371262
7597,0x08041d28,0xbee1a130,-0.440682888
7598,0x08041d2c,0xbee146ee,-0.439994276
7599,0x08041d30,0xbee0eca3,-0.439305395
7600,0x08041d34,0xbee0924f,-0.438616246
7601,0x08041d38,0xbee037f2,-0.437926829
7602,0x08041d3c,0xbedfdd8d,-0.437237173
7603,0x08041d40,0xbedf831f,-0.43654725
7604,0x08041d44,0xbedf28a9,-0.435857087
7605,0x08041d48,0xbedece2a,-0.435166657
7606,0x08041d4c,0xbede73a2,-0.434475958
7607,0x08041d50,0xbede1912,-0.433785021
7608,0x08041d54,0xbeddbe79,-0.433093816
7609,0x08041d58,0xbedd63d8,-0.432402372
7610,0x08041d5c,0xbedd092e,-0.43171066
7611,0x08041d60,0xbedcae7c,-0.43101871
7612,0x08041d64,0xbedc53c1,-0.430326492
7613,0x08041d68,0xbedbf8fd,-0.429634005
7614,0x08041d6c,0xbedb9e31,-0.42894128
7615,0x08041d70,0xbedb435d,-0.428248316
7616,0x08041d74,0xbedae880,-0.427555084
7617,0x08041d78,0xbeda8d9b,-0.426861614
7618,0x08041d7c,0xbeda32ad,-0.426167876
7619,0x08041d80,0xbed9d7b7,-0.425473899
7620,0x08041d84,0xbed97cb9,-0.424779683
7621,0x08041d88,0xbed921b2,-0.4240852
7622,0x08041d8c,0xbed8c6a3,-0.423390478
7623,0x08041d90,0xbed86b8b,-0.422695488
7624,0x08041d94,0xbed8106b,-0.422000259
7625,0x08041d98,0xbed7b543,-0.421304792
7626,0x08041d9c,0xbed75a13,-0.420609087
7627,0x08041da0,0xbed6feda,-0.419913113
7628,0x08041da4,0xbed6a399,-0.419216901
7629,0x08041da8,0xbed6484f,-0.418520421
7630,0x08041dac,0xbed5ecfd,-0.417823702
7631,0x08041db0,0xbed591a4,-0.417126775
7632,0x08041db4,0xbed53641,-0.416429549
7633,0x08041db8,0xbed4dad7,-0.415732116
7634,0x08041dbc,0xbed47f64,-0.415034413
7635,0x08041dc0,0xbed423ea,-0.414336503
7636,0x08041dc4,0xbed3c867,-0.413638324
7637,0x08041dc8,0xbed36cdb,-0.412939876
7638,0x08041dcc,0xbed31148,-0.41224122
7639,0x08041dd0,0xbed2b5ad,-0.411542326
7640,0x08041dd4,0xbed25a09,-0.410843164
7641,0x08041dd8,0xbed1fe5e,-0.410143793
7642,0x08041ddc,0xbed1a2aa,-0.409444153
7643,0x08041de0,0xbed146ee,-0.408744276
7644,0x08041de4,0xbed0eb2a,-0.408044159
7645,0x08041de8,0xbed08f5e,-0.407343805
7646,0x08041dec,0xbed0338a,-0.406643212
7647,0x08041df0,0xbecfd7ae,-0.40594238
7648,0x08041df4,0xbecf7bca,-0.405241311
7649,0x08041df8,0xbecf1fde,-0.404540002
7650,0x08041dfc,0xbecec3ea,-0.403838456
7651,0x08041e00,0xbece67ee,-0.403136671
7652,0x08041e04,0xbece0bea,-0.402434647
7653,0x08041e08,0xbecdafde,-0.401732385
7654,0x08041e0c,0xbecd53ca,-0.401029885
7655,0x08041e10,0xbeccf7af,-0.400327176
7656,0x08041e14,0xbecc9b8b,-0.399624199
7657,0x08041e18,0xbecc3f60,-0.398921013
7658,0x08041e1c,0xbecbe32c,-0.398217559
7659,0x08041e20,0xbecb86f1,-0.397513896
7660,0x08041e24,0xbecb2aae,-0.396809995
7661,0x08041e28,0xbecace63,-0.396105856
7662,0x08041e2c,0xbeca7210,-0.395401478
7663,0x08041e30,0xbeca15b5,-0.394696862
7664,0x08041e34,0xbec9b953,-0.393992037
7665,0x08041e38,0xbec95ce9,-0.393286973
7666,0x08041e3c,0xbec90077,-0.392581671
7667,0x08041e40,0xbec8a3fd,-0.391876131
7668,0x08041e44,0xbec8477c,-0.391170382
7669,0x08041e48,0xbec7eaf3,-0.390464395
7670,0x08041e4c,0xbec78e62,-0.38975817
7671,0x08041e50,0xbec731ca,-0.389051735
7672,0x08041e54,0xbec6d529,-0.388345033
7673,0x08041e58,0xbec67882,-0.387638152
7674,0x08041e5c,0xbec61bd2,-0.386931002
7675,0x08041e60,0xbec5bf1b,-0.386223644
7676,0x08041e64,0xbec5625c,-0.385516047
7677,0x08041e68,0xbec50596,-0.384808242
7678,0x08041e6c,0xbec4a8c8,-0.384100199
7679,0x08041e70,0xbec44bf2,-0.383391917
7680,0x08041e74,0xbec3ef15,-0.382683426
7681,0x08041e78,0xbec39231,-0.381974727
7682,0x08041e7c,0xbec33544,-0.381265759
7683,0x08041e80,0xbec2d851,-0.380556613
7684,0x08041e84,0xbec27b55,-0.379847199
7685,0x08041e88,0xbec21e53,-0.379137605
7686,0x08041e8c,0xbec1c148,-0.378427744
7687,0x08041e90,0xbec16437,-0.377717704
7688,0x08041e94,0xbec1071e,-0.377007425
7689,0x08041e98,0xbec0a9fd,-0.376296908
7690,0x08041e9c,0xbec04cd5,-0.375586182
7691,0x08041ea0,0xbebfefa5,-0.374875218
7692,0x08041ea4,0xbebf926f,-0.374164075
7693,0x08041ea8,0xbebf3530,-0.373452663
7694,0x08041eac,0xbebed7eb,-0.372741073
7695,0x08041eb0,0xbebe7a9e,-0.372029245
7696,0x08041eb4,0xbebe1d4a,-0.371317208
7697,0x08041eb8,0xbebdbfee,-0.370604932
7698,0x08041ebc,0xbebd628b,-0.369892448
7699,0x08041ec0,0xbebd0521,-0.369179755
7700,0x08041ec4,0xbebca7af,-0.368466824
7701,0x08041ec8,0xbebc4a36,-0.367753685
7702,0x08041ecc,0xbebbecb6,-0.367040336
7703,0x08041ed0,0xbebb8f2f,-0.366326779
7704,0x08041ed4,0xbebb31a0,-0.365612984
7705,0x08041ed8,0xbebad40b,-0.364899009
7706,0x08041edc,0xbeba766e,-0.364184797
7707,0x08041ee0,0xbeba18ca,-0.363470376
7708,0x08041ee4,0xbeb9bb1e,-0.362755716
7709,0x08041ee8,0xbeb95d6c,-0.362040877
7710,0x08041eec,0xbeb8ffb2,-0.3613258
7711,0x08041ef0,0xbeb8a1f1,-0.360610515
7712,0x08041ef4,0xbeb8442a,-0.359895051
7713,0x08041ef8,0xbeb7e65b,-0.359179348
7714,0x08041efc,0xbeb78884,-0.358463407
7715,0x08041f00,0xbeb72aa7,-0.357747287
7716,0x08041f04,0xbeb6ccc3,-0.357030958
7717,0x08041f08,0xbeb66ed8,-0.356314421
7718,0x08041f0c,0xbeb610e6,-0.355597675
7719,0x08041f10,0xbeb5b2ec,-0.354880691
7720,0x08041f14,0xbeb554ec,-0.354163527
7721,0x08041f18,0xbeb4f6e5,-0.353446156
7722,0x08041f1c,0xbeb498d6,-0.352728546
7723,0x08041f20,0xbeb43ac1,-0.352010757
7724,0x08041f24,0xbeb3dca5,-0.351292759
7725,0x08041f28,0xbeb37e82,-0.350574553
7726,0x08041f2c,0xbeb32058,-0.349856138
7727,0x08041f30,0xbeb2c227,-0.349137515
7728,0x08041f34,0xbeb263ef,-0.348418683
7729,0x08041f38,0xbeb205b0,-0.347699642
7730,0x08041f3c,0xbeb1a76b,-0.346980423
7731,0x08041f40,0xbeb1491e,-0.346260965
7732,0x08041f44,0xbeb0eacb,-0.345541328
7733,0x08041f48,0xbeb08c71,-0.344821483
7734,0x08041f4c,0xbeb02e10,-0.344101429
7735,0x08041f50,0xbeafcfa8,-0.343381166
7736,0x08041f54,0xbeaf713a,-0.342660725
7737,0x08041f58,0xbeaf12c5,-0.341940075
7738,0x08041f5c,0xbeaeb449,-0.341219217
7739,0x08041f60,0xbeae55c6,-0.340498149
7740,0x08041f64,0xbeadf73c,-0.339776874
7741,0x08041f68,0xbead98ac,-0.339055419
7742,0x08041f6c,0xbead3a15,-0.338333756
7743,0x08041f70,0xbeacdb78,-0.337611914
7744,0x08041f74,0xbeac7cd4,-0.336889863
7745,0x08041f78,0xbeac1e29,-0.336167604
7746,0x08041f7c,0xbeabbf77,-0.335445136
7747,0x08041f80,0xbeab60bf,-0.334722489
7748,0x08041f84,0xbeab0201,-0.333999664
7749,0x08041f88,0xbeaaa33b,-0.3332766
7750,0x08041f8c,0xbeaa446f,-0.332553357
7751,0x08041f90,0xbea9e59d,-0.331829935
7752,0x08041f94,0xbea986c4,-0.331106305
7753,0x08041f98,0xbea927e5,-0.330382496
7754,0x08041f9c,0xbea8c8fe,-0.329658449
7755,0x08041fa0,0xbea86a12,-0.328934252
7756,0x08041fa4,0xbea80b1f,-0.328209847
7757,0x08041fa8,0xbea7ac25,-0.327485234
7758,0x08041fac,0xbea74d25,-0.326760441
7759,0x08041fb0,0xbea6ee1f,-0.32603547
7760,0x08041fb4,0xbea68f12,-0.32531029
7761,0x08041fb8,0xbea62fff,-0.324584931
7762,0x08041fbc,0xbea5d0e5,-0.323859364
7763,0x08041fc0,0xbea571c5,-0.323133618
7764,0x08041fc4,0xbea5129f,-0.322407693
7765,0x08041fc8,0xbea4b372,-0.321681559
7766,0x08041fcc,0xbea4543f,-0.320955247
7767,0x08041fd0,0xbea3f505,-0.320228726
7768,0x08041fd4,0xbea395c5,-0.319502026
7769,0x08041fd8,0xbea3367f,-0.318775147
7770,0x08041fdc,0xbea2d733,-0.31804809
7771,0x08041fe0,0xbea277e0,-0.317320824
7772,0x08041fe4,0xbea21887,-0.316593379
7773,0x08041fe8,0xbea1b928,-0.315865755
7774,0x08041fec,0xbea159c2,-0.315137923
7775,0x08041ff0,0xbea0fa57,-0.314409941
7776,0x08041ff4,0xbea09ae5,-0.313681751
7777,0x08041ff8,0xbea03b6d,-0.312953383
7778,0x08041ffc,0xbe9fdbee,-0.312224805
7779,0x08042000,0xbe9f7c6a,-0.311496079
7780,0x08042004,0xbe9f1cdf,-0.310767144
7781,0x08042008,0xbe9ebd4f,-0.31003806
7782,0x0804200c,0xbe9e5db8,-0.309308767
7783,0x08042010,0xbe9dfe1b,-0.308579296
7784,0x08042014,0xbe9d9e78,-0.307849646
7785,0x08042018,0xbe9d3ecf,-0.307119817
7786,0x0804201c,0xbe9cdf20,-0.306389809
7787,0x08042020,0xbe9c7f6a,-0.305659592
7788,0x08042024,0xbe9c1faf,-0.304929227
7789,0x08042028,0xbe9bbfee,-0.304198682
7790,0x0804202c,0xbe9b6027,-0.303467959
7791,0x08042030,0xbe9b0059,-0.302737027
7792,0x08042034,0xbe9aa086,-0.302005947
7793,0x08042038,0xbe9a40ad,-0.301274687
7794,0x0804203c,0xbe99e0ce,-0.300543249
7795,0x08042040,0xbe9980e9,-0.299811631
7796,0x08042044,0xbe9920fe,-0.299079835
7797,0x08042048,0xbe98c10d,-0.298347861
7798,0x0804204c,0xbe986116,-0.297615707
7799,0x08042050,0xbe980119,-0.296883374
7800,0x08042054,0xbe97a117,-0.296150893
7801,0x08042058,0xbe97410e,-0.295418203
7802,0x0804205c,0xbe96e100,-0.294685364
7803,0x08042060,0xbe9680ec,-0.293952346
7804,0x08042064,0xbe9620d2,-0.293219149
7805,0x08042068,0xbe95c0b3,-0.292485803
7806,0x0804206c,0xbe95608d,-0.291752249
7807,0x08042070,0xbe950062,-0.291018546
7808,0x08042074,0xbe94a031,-0.290284663
7809,0x08042078,0xbe943ffb,-0.289550632
7810,0x0804207c,0xbe93dfbf,-0.288816422
7811,0x08042080,0xbe937f7d,-0.288082033
7812,0x08042084,0xbe931f35,-0.287347466
7813,0x08042088,0xbe92bee7,-0.286612719
7814,0x0804208c,0xbe925e94,-0.285877824
7815,0x08042090,0xbe91fe3c,-0.285142779
7816,0x08042094,0xbe919ddd,-0.284407526
7817,0x08042098,0xbe913d79,-0.283672124
7818,0x0804209c,0xbe90dd10,-0.282936573
7819,0x080420a0,0xbe907ca1,-0.282200843
7820,0x080420a4,0xbe901c2c,-0.281464934
7821,0x080420a8,0xbe8fbbb2,-0.280728877
7822,0x080420ac,0xbe8f5b32,-0.27999264
7823,0x080420b0,0xbe8efaad,-0.279256254
7824,0x080420b4,0xbe8e9a22,-0.27851969
7825,0x080420b8,0xbe8e3992,-0.277782977
7826,0x080420bc,0xbe8dd8fc,-0.277046084
7827,0x080420c0,0xbe8d7861,-0.276309043
7828,0x080420c4,0xbe8d17c0,-0.275571823
7829,0x080420c8,0xbe8cb71a,-0.274834454
7830,0x080420cc,0xbe8c566e,-0.274096906
7831,0x080420d0,0xbe8bf5bd,-0.273359209
7832,0x080420d4,0xbe8b9507,-0.272621363
7833,0x080420d8,0xbe8b344b,-0.271883339
7834,0x080420dc,0xbe8ad38a,-0.271145165
7835,0x080420e0,0xbe8a72c3,-0.270406812
7836,0x080420e4,0xbe8a11f7,-0.269668311
7837,0x080420e8,0xbe89b126,-0.26892966
7838,0x080420ec,0xbe895050,-0.268190861
7839,0x080420f0,0xbe88ef74,-0.267451882
7840,0x080420f4,0xbe888e93,-0.266712755
7841,0x080420f8,0xbe882dad,-0.265973479
7842,0x080420fc,0xbe87ccc1,-0.265234023
7843,0x08042100,0xbe876bd0,-0.264494419
7844,0x08042104,0xbe870ada,-0.263754666
7845,0x08042108,0xbe86a9df,-0.263014764
7846,0x0804210c,0xbe8648df,-0.262274712
7847,0x08042110,0xbe85e7d9,-0.261534482
7848,0x08042114,0xbe8586ce,-0.260794103
7849,0x08042118,0xbe8525bf,-0.260053605
7850,0x0804211c,0xbe84c4aa,-0.259312928
7851,0x08042120,0xbe84638f,-0.258572072
7852,0x08042124,0xbe840270,-0.257831097
7853,0x08042128,0xbe83a14c,-0.257089972
7854,0x0804212c,0xbe834022,-0.25634867
7855,0x08042130,0xbe82def4,-0.255607247
7856,0x08042134,0xbe827dc0,-0.254865646
7857,0x08042138,0xbe821c88,-0.254123926
7858,0x0804213c,0xbe81bb4a,-0.253382027
7859,0x08042140,0xbe815a08,-0.252640009
7860,0x08042144,0xbe80f8c0,-0.251897812
7861,0x08042148,0xbe809774,-0.251155496
7862,0x0804214c,0xbe803622,-0.250413001
7863,0x08042150,0xbe7fa998,-0.249670386
7864,0x08042154,0xbe7ee6e1,-0.248927608
7865,0x08042158,0xbe7e2420,-0.248184681
7866,0x0804215c,0xbe7d6156,-0.24744162
7867,0x08042160,0xbe7c9e82,-0.246698409
7868,0x08042164,0xbe7bdba4,-0.24595505
7869,0x08042168,0xbe7b18bc,-0.245211542
7870,0x0804216c,0xbe7a55cb,-0.244467899
7871,0x08042170,0xbe7992d0,-0.243724108
7872,0x08042174,0xbe78cfcc,-0.242980182
7873,0x08042178,0xbe780cbe,-0.242236108
7874,0x0804217c,0xbe7749a6,-0.241491884
7875,0x08042180,0xbe768685,-0.240747526
7876,0x08042184,0xbe75c35a,-0.24000302
7877,0x08042188,0xbe750026,-0.239258379
7878,0x0804218c,0xbe743ce8,-0.238513589
7879,0x08042190,0xbe7379a1,-0.237768665
7880,0x08042194,0xbe72b651,-0.237023607
7881,0x08042198,0xbe71f2f7,-0.2362784
7882,0x0804219c,0xbe712f94,-0.235533059
7883,0x080421a0,0xbe706c28,-0.234787583
7884,0x080421a4,0xbe6fa8b2,-0.234041959
7885,0x080421a8,0xbe6ee533,-0.233296201
7886,0x080421ac,0xbe6e21ab,-0.232550308
7887,0x080421b0,0xbe6d5e1a,-0.231804281
7888,0x080421b4,0xbe6c9a7f,-0.231058106
7889,0x080421b8,0xbe6bd6dc,-0.230311811
7890,0x080421bc,0xbe6b132f,-0.229565367
7891,0x080421c0,0xbe6a4f79,-0.228818789
7892,0x080421c4,0xbe698bba,-0.228072077
7893,0x080421c8,0xbe68c7f3,-0.227325246
7894,0x080421cc,0xbe680422,-0.226578265
7895,0x080421d0,0xbe674048,-0.225831151
7896,0x080421d4,0xbe667c66,-0.225083917
7897,0x080421d8,0xbe65b87a,-0.224336535
7898,0x080421dc,0xbe64f486,-0.223589033
7899,0x080421e0,0xbe643089,-0.222841397
7900,0x080421e4,0xbe636c83,-0.222093627
7901,0x080421e8,0xbe62a874,-0.221345723
7902,0x080421ec,0xbe61e45c,-0.220597684
7903,0x080421f0,0xbe61203c,-0.219849527
7904,0x080421f4,0xbe605c13,-0.219101235
7905,0x080421f8,0xbe5f97e2,-0.218352824
7906,0x080421fc,0xbe5ed3a8,-0.21760428
7907,0x08042200,0xbe5e0f65,-0.2168556
7908,0x08042204,0xbe5d4b1a,-0.216106802
7909,0x08042208,0xbe5c86c6,-0.21535787
7910,0x0804220c,0xbe5bc26a,-0.214608818
7911,0x08042210,0xbe5afe05,-0.213859633
7912,0x08042214,0xbe5a3997,-0.213110313
7913,0x08042218,0xbe597522,-0.212360889
7914,0x0804221c,0xbe58b0a4,-0.211611331
7915,0x08042220,0xbe57ec1d,-0.210861638
7916,0x08042224,0xbe57278f,-0.210111842
7917,0x08042228,0xbe5662f8,-0.209361911
7918,0x0804222c,0xbe559e58,-0.208611846
7919,0x08042230,0xbe54d9b1,-0.207861677
7920,0x08042234,0xbe541501,-0.207111374
7921,0x08042238,0xbe535049,-0.206360951
7922,0x0804223c,0xbe528b89,-0.205610409
7923,0x08042240,0xbe51c6c1,-0.204859748
7924,0x08042244,0xbe5101f1,-0.204108968
7925,0x08042248,0xbe503d19,-0.203358069
7926,0x0804224c,0xbe4f7838,-0.202607036
7927,0x08042250,0xbe4eb350,-0.201855898
7928,0x08042254,0xbe4dee60,-0.201104641
7929,0x08042258,0xbe4d2967,-0.20035325
7930,0x0804225c,0xbe4c6467,-0.199601755
7931,0x08042260,0xbe4b9f5f,-0.19885014
7932,0x08042264,0xbe4ada4f,-0.198098406
7933,0x08042268,0xbe4a1538,-0.197346568
7934,0x0804226c,0xbe495018,-0.196594596
7935,0x08042270,0xbe488af1,-0.195842519
7936,0x08042274,0xbe47c5c2,-0.195090324
7937,0x08042278,0xbe47008b,-0.194338009
7938,0x0804227c,0xbe463b4d,-0.19358559
7939,0x08042280,0xbe457607,-0.192833051
7940,0x08042284,0xbe44b0b9,-0.192080393
7941,0x08042288,0xbe43eb64,-0.191327631
7942,0x0804228c,0xbe432607,-0.19057475
7943,0x08042290,0xbe4260a3,-0.189821765
7944,0x08042294,0xbe419b37,-0.18906866
7945,0x08042298,0xbe40d5c4,-0.188315451
7946,0x0804229c,0xbe401049,-0.187562123
7947,0x080422a0,0xbe3f4ac7,-0.18680869
7948,0x080422a4,0xbe3e853e,-0.186055154
7949,0x080422a8,0xbe3dbfad,-0.185301498
7950,0x080422ac,0xbe3cfa15,-0.184547737
7951,0x080422b0,0xbe3c3476,-0.183793873
7952,0x080422b4,0xbe3b6ecf,-0.183039889
7953,0x080422b8,0xbe3aa921,-0.182285801
7954,0x080422bc,0xbe39e36c,-0.181531608
7955,0x080422c0,0xbe391db0,-0.180777311
7956,0x080422c4,0xbe3857ec,-0.180022895
7957,0x080422c8,0xbe379222,-0.17926839
7958,0x080422cc,0xbe36cc50,-0.178513765
7959,0x080422d0,0xbe360678,-0.177759051
7960,0x080422d4,0xbe354098,-0.177004218
7961,0x080422d8,0xbe347ab2,-0.176249295
7962,0x080422dc,0xbe33b4c4,-0.175494254
7963,0x080422e0,0xbe32eecf,-0.174739107
7964,0x080422e4,0xbe3228d4,-0.173983872
7965,0x080422e8,0xbe3162d2,-0.173228532
7966,0x080422ec,0xbe309cc9,-0.172473088
7967,0x080422f0,0xbe2fd6b9,-0.171717539
7968,0x080422f4,0xbe2f10a2,-0.170961887
7969,0x080422f8,0xbe2e4a85,-0.170206144
7970,0x080422fc,0xbe2d8461,-0.169450298
7971,0x08042300,0xbe2cbe36,-0.168694347
7972,0x08042304,0xbe2bf804,-0.167938292
7973,0x08042308,0xbe2b31cc,-0.167182148
7974,0x0804230c,0xbe2a6b8d,-0.166425899
7975,0x08042310,0xbe29a548,-0.16566956
7976,0x08042314,0xbe28defc,-0.164913118
7977,0x08042318,0xbe2818aa,-0.164156586
7978,0x0804231c,0xbe275251,-0.16339995
7979,0x08042320,0xbe268bf2,-0.162643224
7980,0x08042324,0xbe25c58c,-0.161886394
7981,0x08042328,0xbe24ff20,-0.161129475
7982,0x0804232c,0xbe2438ad,-0.160372451
7983,0x08042330,0xbe237235,-0.159615353
7984,0x08042334,0xbe22abb6,-0.15885815
7985,0x08042338,0xbe21e530,-0.158100843
7986,0x0804233c,0xbe211ea5,-0.157343462
7987,0x08042340,0xbe205813,-0.156585976
7988,0x08042344,0xbe1f917b,-0.155828401
7989,0x08042348,0xbe1ecadd,-0.155070737
7990,0x0804234c,0xbe1e0438,-0.154312968
7991,0x08042350,0xbe1d3d8e,-0.153555125
7992,0x08042354,0xbe1c76de,-0.152797192
7993,0x08042358,0xbe1bb027,-0.152039155
7994,0x0804235c,0xbe1ae96b,-0.151281044
7995,0x08042360,0xbe1a22a8,-0.150522828
7996,0x08042364,0xbe195be0,-0.149764538
7997,0x08042368,0xbe189511,-0.149006143
7998,0x0804236c,0xbe17ce3d,-0.148247674
7999,0x08042370,0xbe170763,-0.147489116
8000,0x08042374,0xbe164083,-0.146730468
8001,0x08042378,0xbe15799e,-0.145971745
8002,0x0804237c,0xbe14b2b2,-0.145212919
8003,0x08042380,0xbe13ebc1,-0.144454017
8004,0x08042384,0xbe1324ca,-0.143695027
8005,0x08042388,0xbe125dce,-0.142935961
8006,0x0804238c,0xbe1196cc,-0.142176807
8007,0x08042390,0xbe10cfc4,-0.141417563
8008,0x08042394,0xbe1008b7,-0.140658244
8009,0x08042398,0xbe0f41a4,-0.139898837
8010,0x0804239c,0xbe0e7a8b,-0.139139339
8011,0x080423a0,0xbe0db36d,-0.138379768
8012,0x080423a4,0xbe0cec4a,-0.137620121
8013,0x080423a8,0xbe0c2521,-0.136860386
8014,0x080423ac,0xbe0b5df3,-0.136100575
8015,0x080423b0,0xbe0a96bf,-0.135340676
8016,0x080423b4,0xbe09cf86,-0.134580702
8017,0x080423b8,0xbe090848,-0.133820653
8018,0x080423bc,0xbe084105,-0.13306053
8019,0x080423c0,0xbe0779bc,-0.132300317
8020,0x080423c4,0xbe06b26e,-0.13154003
8021,0x080423c8,0xbe05eb1b,-0.130779669
8022,0x080423cc,0xbe0523c2,-0.130019218
8023,0x080423d0,0xbe045c65,-0.129258707
8024,0x080423d4,0xbe039502,-0.128498107
8025,0x080423d8,0xbe02cd9b,-0.127737448
8026,0x080423dc,0xbe02062e,-0.126976699
8027,0x080423e0,0xbe013ebc,-0.126215875
8028,0x080423e4,0xbe007745,-0.125454977
8029,0x080423e8,0xbdff5f94,-0.12469402
8030,0x080423ec,0xbdfdd092,-0.123932973
8031,0x080423f0,0xbdfc4187,-0.123171858
8032,0x080423f4,0xbdfab273,-0.122410677
8033,0x080423f8,0xbdf92354,-0.121649414
8034,0x080423fc,0xbdf7942c,-0.120888084
8035,0x08042400,0xbdf604fb,-0.120126687
8036,0x08042404,0xbdf475c0,-0.119365215
8037,0x08042408,0xbdf2e67c,-0.118603677
8038,0x0804240c,0xbdf1572e,-0.117842063
8039,0x08042410,0xbdefc7d7,-0.117080383
8040,0x08042414,0xbdee3876,-0.116318628
8041,0x08042418,0xbdeca90d,-0.115556814
8042,0x0804241c,0xbdeb199a,-0.114794925
8043,0x08042420,0xbde98a1f,-0.114032976
8044,0x08042424,0xbde7fa9a,-0.113270953
8045,0x08042428,0xbde66b0c,-0.112508863
8046,0x0804242c,0xbde4db76,-0.111746714
8047,0x08042430,0xbde34bd6,-0.110984489
8048,0x08042434,0xbde1bc2e,-0.110222206
8049,0x08042438,0xbde02c7d,-0.109459855
8050,0x0804243c,0xbdde9cc4,-0.108697444
8051,0x08042440,0xbddd0d02,-0.107934967
8052,0x08042444,0xbddb7d37,-0.107172422
8053,0x08042448,0xbdd9ed64,-0.106409818
8054,0x0804244c,0xbdd85d89,-0.105647154
8055,0x08042450,0xbdd6cda5,-0.104884423
8056,0x08042454,0xbdd53db9,-0.104121633
8057,0x08042458,0xbdd3adc5,-0.103358783
8058,0x0804245c,0xbdd21dc8,-0.102595866
8059,0x08042460,0xbdd08dc4,-0.101832896
8060,0x08042464,0xbdcefdb7,-0.10106986
8061,0x08042468,0xbdcd6da3,-0.100306772
8062,0x0804246c,0xbdcbdd86,-0.0995436162
8063,0x08042470,0xbdca4d62,-0.0987804085
8064,0x08042474,0xbdc8bd36,-0.0980171412
8065,0x08042478,0xbdc72d02,-0.0972538143
8066,0x0804247c,0xbdc59cc6,-0.0964904279
8067,0x08042480,0xbdc40c83,-0.0957269892
8068,0x08042484,0xbdc27c39,-0.0949634984
8069,0x08042488,0xbdc0ebe6,-0.0941999406
8070,0x0804248c,0xbdbf5b8d,-0.093436338
8071,0x08042490,0xbdbdcb2c,-0.0926726758
8072,0x08042494,0xbdbc3ac3,-0.0919089541
8073,0x08042498,0xbdbaaa54,-0.0911451876
8074,0x0804249c,0xbdb919dd,-0.0903813615
8075,0x080424a0,0xbdb7895f,-0.0896174833
8076,0x080424a4,0xbdb5f8da,-0.0888535529
8077,0x080424a8,0xbdb4684e,-0.0880895704
8078,0x080424ac,0xbdb2d7bb,-0.0873255357
8079,0x080424b0,0xbdb14721,-0.0865614489
8080,0x080424b4,0xbdafb680,-0.0857973099
8081,0x080424b8,0xbdae25d9,-0.0850331262
8082,0x080424bc,0xbdac952b,-0.0842688903
8083,0x080424c0,0xbdab0476,-0.0835046023
8084,0x080424c4,0xbda973ba,-0.0827402622
8085,0x080424c8,0xbda7e2f8,-0.0819758773
8086,0x080424cc,0xbda65230,-0.0812114477
8087,0x080424d0,0xbda4c161,-0.080446966
8088,0x080424d4,0xbda3308c,-0.0796824396
8089,0x080424d8,0xbda19fb0,-0.078917861
8090,0x080424dc,0xbda00ecf,-0.0781532452
8091,0x080424e0,0xbd9e7de7,-0.0773885772
8092,0x080424e4,0xbd9cecf9,-0.0766238645
8093,0x080424e8,0xbd9b5c05,-0.0758591071
8094,0x080424ec,0xbd99cb0a,-0.0750942975
8095,0x080424f0,0xbd983a0a,-0.0743294507
8096,0x080424f4,0xbd96a905,-0.0735645667
8097,0x080424f8,0xbd9517f9,-0.0727996305
8098,0x080424fc,0xbd9386e7,-0.0720346496
8099,0x08042500,0xbd91f5d0,-0.0712696314
8100,0x08042504,0xbd9064b4,-0.070504576
8101,0x08042508,0xbd8ed391,-0.0697394684
8102,0x0804250c,0xbd8d426a,-0.068974331
8103,0x08042510,0xbd8bb13c,-0.0682091415
8104,0x08042514,0xbd8a200a,-0.0674439222
8105,0x08042518,0xbd888ed2,-0.0666786581
8106,0x0804251c,0xbd86fd94,-0.0659133494
8107,0x08042520,0xbd856c52,-0.0651480108
8108,0x08042524,0xbd83db0a,-0.0643826276
8109,0x08042528,0xbd8249be,-0.0636172146
8110,0x0804252c,0xbd80b86c,-0.0628517568
8111,0x08042530,0xbd7e4e2b,-0.0620862655
8112,0x08042534,0xbd7b2b74,-0.061320737
8113,0x08042538,0xbd7808b3,-0.0605551712
8114,0x0804253c,0xbd74e5e9,-0.0597895719
8115,0x08042540,0xbd71c315,-0.0590239353
8116,0x08042544,0xbd6ea038,-0.0582582653
8117,0x08042548,0xbd6b7d51,-0.0574925579
8118,0x0804254c,0xbd685a62,-0.0567268208
8119,0x08042550,0xbd65376a,-0.0559610501
8120,0x08042554,0xbd621469,-0.0551952459
8121,0x08042558,0xbd5ef15f,-0.0544294082
8122,0x0804255c,0xbd5bce4c,-0.0536635369
8123,0x08042560,0xbd58ab31,-0.0528976358
8124,0x08042564,0xbd55880e,-0.052131705
8125,0x08042568,0xbd5264e2,-0.0513657406
8126,0x0804256c,0xbd4f41af,-0.0505997501
8127,0x08042570,0xbd4c1e73,-0.0498337261
8128,0x08042574,0xbd48fb30,-0.0490676761
8129,0x08042578,0xbd45d7e4,-0.0483015925
8130,0x0804257c,0xbd42b491,-0.0475354828
8131,0x08042580,0xbd3f9137,-0.046769347
8132,0x08042584,0xbd3c6dd5,-0.0460031815
8133,0x08042588,0xbd394a6c,-0.0452369899
8134,0x0804258c,0xbd3626fc,-0.0444707721
8135,0x08042590,0xbd330385,-0.0437045284
8136,0x08042594,0xbd2fe007,-0.0429382585
8137,0x08042598,0xbd2cbc82,-0.0421719626
8138,0x0804259c,0xbd2998f6,-0.0414056405
8139,0x080425a0,0xbd267564,-0.0406392962
8140,0x080425a4,0xbd2351cb,-0.0398729257
8141,0x080425a8,0xbd202e2d,-0.0391065367
8142,0x080425ac,0xbd1d0a88,-0.0383401215
8143,0x080425b0,0xbd19e6dd,-0.037573684
8144,0x080425b4,0xbd16c32c,-0.0368072242
8145,0x080425b8,0xbd139f75,-0.036040742
8146,0x080425bc,0xbd107bb8,-0.0352742374
8147,0x080425c0,0xbd0d57f6,-0.0345077142
8148,0x080425c4,0xbd0a342f,-0.0337411724
8149,0x080425c8,0xbd071062,-0.0329746082
8150,0x080425cc,0xbd03ec90,-0.0322080255
8151,0x080425d0,0xbd00c8b9,-0.031441424
8152,0x080425d4,0xbcfb49ba,-0.030674804
8153,0x080425d8,0xbcf501f8,-0.0299081653
8154,0x080425dc,0xbceeba2c,-0.029141508
8155,0x080425e0,0xbce87258,-0.0283748358
8156,0x080425e4,0xbce22a7a,-0.027608145
8157,0x080425e8,0xbcdbe294,-0.0268414393
8158,0x080425ec,0xbcd59aa6,-0.0260747187
8159,0x080425f0,0xbccf52af,-0.0253079813
8160,0x080425f4,0xbcc90ab0,-0.024541229
8161,0x080425f8,0xbcc2c2a9,-0.0237744618
8162,0x080425fc,0xbcbc7a9b,-0.0230076816
8163,0x08042600,0xbcb63286,-0.0222408883
8164,0x08042604,0xbcafea69,-0.0214740802
8165,0x08042608,0xbca9a246,-0.0207072608
8166,0x0804260c,0xbca35a1c,-0.0199404284
8167,0x08042610,0xbc9d11ec,-0.0191735849
8168,0x08042614,0xbc96c9b6,-0.0184067301
8169,0x08042618,0xbc90817a,-0.0176398642
8170,0x0804261c,0xbc8a3938,-0.0168729872
8171,0x08042620,0xbc83f0f2,-0.0161061026
8172,0x08042624,0xbc7b514b,-0.015339206
8173,0x08042628,0xbc6ec0aa,-0.0145723019
8174,0x0804262c,0xbc622fff,-0.0138053885
8175,0x08042630,0xbc559f4c,-0.0130384676
8176,0x08042634,0xbc490e90,-0.0122715384
8177,0x08042638,0xbc3c7dcc,-0.0115046017
8178,0x0804263c,0xbc2fed02,-0.0107376594
8179,0x08042640,0xbc235c30,-0.00997070968
8180,0x08042644,0xbc16cb58,-0.00920375437
8181,0x08042648,0xbc0a3a7b,-0.00843679439
8182,0x0804264c,0xbbfb5330,-0.00766982883
8183,0x08042650,0xbbe23160,-0.00690285861
8184,0x08042654,0xbbc90f88,-0.00613588467
8185,0x08042658,0xbbafeda8,-0.005368907
8186,0x0804265c,0xbb96cbc1,-0.00460192608
8187,0x08042660,0xbb7b53a9,-0.00383494259
8188,0x08042664,0xbb490fc6,-0.00306795677
8189,0x08042668,0xbb16cbdb,-0.00230096909
8190,0x0804266c,0xbac90fd5,-0.00153398013
8191,0x08042670,0xba490fd9,-0.000766990299
