adc,morph_stage,sos_target_bits,gene_10s_bits,clocked_gene_10s_bits
0,0,00000000,,
1,0,00000000,,
2,0,00000000,,
3,0,00000000,,
4,0,00000000,,
5,0,00000000,,
6,0,00000000,,
7,0,00000000,,
8,0,00000000,,
9,0,00000000,,
10,0,00000000,,
11,0,00000000,,
12,0,00000000,,
13,0,00000000,,
14,0,00000000,,
15,0,00000000,,
16,0,00000000,,
17,0,00000000,,
18,0,00000000,,
19,0,00000000,,
20,0,00000000,,
21,0,00000000,,
22,0,00000000,,
23,0,00000000,,
24,0,00000000,,
25,0,00000000,,
26,0,00000000,,
27,0,00000000,,
28,0,00000000,,
29,0,00000000,,
30,0,00000000,,
31,0,00000000,,
32,0,00000000,,
33,0,00000000,,
34,0,00000000,,
35,0,00000000,,
36,0,00000000,,
37,0,00000000,,
38,0,00000000,,
39,0,00000000,,
40,0,00000000,,
41,0,00000000,,
42,0,00000000,,
43,0,00000000,,
44,0,00000000,,
45,0,00000000,,
46,0,00000000,,
47,0,00000000,,
48,0,00000000,,
49,0,00000000,,
50,0,00000000,,
51,0,00000000,,
52,0,00000000,,
53,0,00000000,,
54,0,00000000,,
55,0,00000000,,
56,0,00000000,,
57,0,00000000,,
58,0,00000000,,
59,0,00000000,,
60,0,00000000,,
61,0,00000000,,
62,0,00000000,,
63,0,00000000,,
64,0,00000000,,
65,0,00000000,,
66,0,00000000,,
67,0,00000000,,
68,0,00000000,,
69,0,00000000,,
70,0,00000000,,
71,0,00000000,,
72,0,00000000,,
73,0,00000000,,
74,0,00000000,,
75,0,00000000,,
76,0,00000000,,
77,0,00000000,,
78,0,00000000,,
79,0,00000000,,
80,0,00000000,,
81,0,00000000,,
82,0,00000000,,
83,0,00000000,,
84,0,00000000,,
85,0,00000000,,
86,0,00000000,,
87,0,00000000,,
88,0,00000000,,
89,0,00000000,,
90,0,00000000,,
91,0,00000000,,
92,0,00000000,,
93,0,00000000,,
94,0,00000000,,
95,0,00000000,,
96,0,00000000,,
97,0,00000000,,
98,0,00000000,,
99,0,00000000,,
100,0,00000000,,
101,0,00000000,,
102,0,00000000,,
103,0,00000000,,
104,0,00000000,,
105,0,00000000,,
106,0,00000000,,
107,0,00000000,,
108,0,00000000,,
109,0,00000000,,
110,0,00000000,,
111,0,00000000,,
112,0,00000000,,
113,0,00000000,,
114,0,00000000,,
115,0,00000000,,
116,0,00000000,,
117,0,00000000,,
118,0,00000000,,
119,0,00000000,,
120,0,00000000,,
121,1,00000000,,
122,1,00000000,,
123,1,00000000,,
124,1,00000000,,
125,1,00000000,,
126,1,00000000,,
127,1,00000000,,
128,1,00000000,,
129,1,00000000,,
130,1,00000000,,
131,1,00000000,,
132,1,00000000,,
133,1,00000000,,
134,1,00000000,,
135,1,00000000,,
136,1,00000000,,
137,1,00000000,,
138,1,00000000,,
139,1,00000000,,
140,1,00000000,,
141,1,00000000,,
142,1,00000000,,
143,1,00000000,,
144,1,00000000,,
145,1,00000000,,
146,1,00000000,,
147,1,00000000,,
148,1,00000000,,
149,1,00000000,,
150,1,00000000,,
151,1,00000000,,
152,1,00000000,,
153,1,00000000,,
154,1,00000000,,
155,1,00000000,,
156,1,00000000,,
157,1,00000000,,
158,1,00000000,,
159,1,00000000,,
160,1,00000000,,
161,1,00000000,,
162,1,00000000,,
163,1,00000000,,
164,1,00000000,,
165,1,00000000,,
166,1,00000000,,
167,1,00000000,,
168,1,00000000,,
169,1,00000000,,
170,1,00000000,,
171,1,00000000,,
172,1,00000000,,
173,1,00000000,,
174,1,00000000,,
175,1,00000000,,
176,1,00000000,,
177,1,00000000,,
178,1,00000000,,
179,1,00000000,,
180,1,00000000,,
181,1,00000000,,
182,1,00000000,,
183,1,00000000,,
184,1,00000000,,
185,1,00000000,,
186,1,39343500,,
187,1,39e44180,,
188,1,3a373440,,
189,1,3a7c47c0,,
190,1,3aa0ada0,,
191,1,3ac33760,,
192,1,3ae5c120,,
193,1,3b042570,,
194,1,3b156a50,,
195,1,3b26af30,,
196,1,3b37f410,,
197,1,3b4938f0,,
198,1,3b5a7dd0,,
199,1,3b6bc2b0,,
200,1,3b7d0790,48ea6000,48ea6000
201,1,3b872638,48ea6000,48ea6000
202,1,3b8fc8a8,48ea6000,48ea6000
203,1,3b986b18,48ea6000,48ea6000
204,1,3ba10d88,48e8f33b,48ea6000
205,1,3ba9aff8,48e8f33b,48ea6000
206,1,3bb25268,48e8f33b,48ea6000
207,1,3bbaf4d8,48e8f33b,48ea6000
208,1,3bc39748,48e788ae,48ea6000
209,1,3bcc39b8,48e788ae,48ea6000
210,1,3bd4dc28,48e788ae,48ea6000
211,1,3bdd7e98,48e788ae,48ea6000
212,1,3be62108,48e62054,48ea6000
213,1,3beec378,48e62054,48ea6000
214,1,3bf765e8,48e62054,48ea6000
215,1,3c00042c,48e62054,48ea6000
216,1,3c045564,48e4ba2c,48ea6000
217,1,3c08a69c,48e4ba2c,48ea6000
218,1,3c0cf7d4,48e4ba2c,48ea6000
219,1,3c11490c,48e4ba2c,48ea6000
220,1,3c159a44,48e35630,48ea6000
221,1,3c19eb7c,48e35630,48ea6000
222,1,3c1e3cb4,48e35630,48ea6000
223,1,3c228dec,48e35630,48ea6000
224,1,3c26df20,48e1f45e,48ea6000
225,1,3c2b3058,48e1f45e,48ea6000
226,1,3c2f8190,48e1f45e,48ea6000
227,1,3c33d2c8,48e1f45e,48ea6000
228,1,3c382400,48e094b4,48ea6000
229,1,3c3c7538,48e094b4,48ea6000
230,1,3c40c670,48e094b4,48ea6000
231,1,3c4517a8,48e094b4,48ea6000
232,1,3c4968e0,48df372d,48ea6000
233,1,3c4dba18,48df372d,48ea6000
234,1,3c520b50,48df372d,48ea6000
235,1,3c565c88,48df372d,48ea6000
236,1,3c5aadc0,48dddbc8,48ea6000
237,1,3c5efef8,48dddbc8,48ea6000
238,1,3c635030,48dddbc8,48ea6000
239,1,3c67a168,48dddbc8,48ea6000
240,1,3c6bf2a0,48dc827c,48ea6000
241,1,3c7043d8,48dc827c,48ea6000
242,2,3c749510,48dc827c,48ea6000
243,2,3c78e648,48dc827c,48ea6000
244,2,3c7d3780,48db2b4b,48ea6000
245,2,3c80c45c,48db2b4b,48ea6000
246,2,3c82ecf8,48db2b4b,48ea6000
247,2,3c851594,48db2b4b,48ea6000
248,2,3c873e30,48d9d62f,48ea6000
249,2,3c8966cc,48d9d62f,48ea6000
250,2,3c8b8f68,48d9d62f,48ea6000
251,2,3c8db804,48d9d62f,48ea6000
252,2,3c8fe0a0,48d88328,48ea6000
253,2,3c92093c,48d88328,48ea6000
254,2,3c9431d8,48d88328,48ea6000
255,2,3c965a74,48d88328,48ea6000
256,2,3c988310,48d73230,48ea6000
257,2,3c9aabac,48d73230,48ea6000
258,2,3c9cd448,48d73230,48ea6000
259,2,3c9efce4,48d73230,48ea6000
260,2,3ca12580,48d5e344,48ea6000
261,2,3ca34e1c,48d5e344,48ea6000
262,2,3ca576b8,48d5e344,48ea6000
263,2,3ca79f54,48d5e344,48ea6000
264,2,3ca9c7f0,48d49663,48ea6000
265,2,3cabf08c,48d49663,48ea6000
266,2,3cae1928,48d49663,48ea6000
267,2,3cb041c4,48d49663,48ea6000
268,2,3cb26a60,48d34b86,48ea6000
269,2,3cb492fc,48d34b86,48ea6000
270,2,3cb6bb98,48d34b86,48ea6000
271,2,3cb8e434,48d34b86,48ea6000
272,2,3cbb0cd0,48d202aa,48ea6000
273,2,3cbd356c,48d202aa,48ea6000
274,2,3cbf5e08,48d202aa,48ea6000
275,2,3cc186a4,48d202aa,48ea6000
276,2,3cc3af40,48d0bbd1,48ea6000
277,2,3cc5d7dc,48d0bbd1,48ea6000
278,2,3cc80078,48d0bbd1,48ea6000
279,2,3cca2914,48d0bbd1,48ea6000
280,2,3ccc51b0,48cf76f5,48ea6000
281,2,3cce7a4c,48cf76f5,48ea6000
282,2,3cd0a2e8,48cf76f5,48ea6000
283,2,3cd2cb84,48cf76f5,48ea6000
284,2,3cd4f420,48ce3411,48ea6000
285,2,3cd71cbc,48ce3411,48ea6000
286,2,3cd94558,48ce3411,48ea6000
287,2,3cdb6df4,48ce3411,48ea6000
288,2,3cdd9690,48ccf323,48ea6000
289,2,3cdfbf2c,48ccf323,48ea6000
290,2,3ce1e7c8,48ccf323,48ea6000
291,2,3ce41064,48ccf323,48ea6000
292,2,3ce63900,48cbb42a,48ea6000
293,2,3ce8619c,48cbb42a,48ea6000
294,2,3cea8a38,48cbb42a,48ea6000
295,2,3cecb2d4,48cbb42a,48ea6000
296,2,3ceedb70,48ca7722,48ea6000
297,2,3cf1040c,48ca7722,48ea6000
298,2,3cf32ca8,48ca7722,48ea6000
299,2,3cf55544,48ca7722,48ea6000
300,2,3cf77de0,48c93c04,48ea6000
301,2,3cf9a67c,48c93c04,48ea6000
302,2,3cfbcf18,48c93c04,48ea6000
303,2,3cfdf7b4,48c93c04,48ea6000
304,2,3d001028,48c802d4,48ea6000
305,2,3d012476,48c802d4,48ea6000
306,2,3d0238c4,48c802d4,48ea6000
307,2,3d034d12,48c802d4,48ea6000
308,2,3d046160,48c6cb8b,48ea6000
309,2,3d0575ae,48c6cb8b,48ea6000
310,2,3d0689fc,48c6cb8b,48ea6000
311,2,3d079e4a,48c6cb8b,48ea6000
312,2,3d08b298,48c59625,48ea6000
313,2,3d09c6e6,48c59625,48ea6000
314,2,3d0adb34,48c59625,48ea6000
315,2,3d0bef82,48c59625,48ea6000
316,2,3d0d03d0,48c462a2,48ea6000
317,2,3d0e181e,48c462a2,48ea6000
318,2,3d0f2c6c,48c462a2,48ea6000
319,2,3d1040ba,48c462a2,48ea6000
320,2,3d115508,48c330fd,48ea6000
321,2,3d126954,48c330fd,48ea6000
322,2,3d137da2,48c330fd,48ea6000
323,2,3d1491f0,48c330fd,48ea6000
324,2,3d15a63e,48c20133,48ea6000
325,2,3d16ba8c,48c20133,48ea6000
326,2,3d17ceda,48c20133,48ea6000
327,2,3d18e328,48c20133,48ea6000
328,2,3d19f776,48c0d342,48ea6000
329,2,3d1b0bc4,48c0d342,48ea6000
330,2,3d1c2012,48c0d342,48ea6000
331,2,3d1d3460,48c0d342,48ea6000
332,2,3d1e48ae,48bfa726,48ea6000
333,2,3d1f5cfc,48bfa726,48ea6000
334,2,3d20714a,48bfa726,48ea6000
335,2,3d218598,48bfa726,48ea6000
336,2,3d2299e6,48be7cdf,48ea6000
337,2,3d23ae34,48be7cdf,48ea6000
338,2,3d24c282,48be7cdf,48ea6000
339,2,3d25d6d0,48be7cdf,48ea6000
340,2,3d26eb1e,48bd5468,48ea6000
341,2,3d27ff6c,48bd5468,48ea6000
342,2,3d2913ba,48bd5468,48ea6000
343,2,3d2a2808,48bd5468,48ea6000
344,2,3d2b3c56,48bc2dbd,48ea6000
345,2,3d2c50a4,48bc2dbd,48ea6000
346,2,3d2d64f2,48bc2dbd,48ea6000
347,2,3d2e7940,48bc2dbd,48ea6000
348,2,3d2f8d8e,48bb08de,48ea6000
349,2,3d30a1dc,48bb08de,48ea6000
350,2,3d31b62a,48bb08de,48ea6000
351,2,3d32ca78,48bb08de,48ea6000
352,2,3d33dec6,48b9e5c6,48ea6000
353,2,3d34f314,48b9e5c6,48ea6000
354,2,3d360762,48b9e5c6,48ea6000
355,2,3d371bb0,48b9e5c6,48ea6000
356,2,3d382ffe,48b8c474,48ea6000
357,2,3d39444c,48b8c474,48ea6000
358,2,3d3a589a,48b8c474,48ea6000
359,2,3d3b6ce8,48b8c474,48ea6000
360,2,3d3c8136,48b7a4e5,48ea6000
361,2,3d3d9584,48b7a4e5,48ea6000
362,3,3d3ea9d2,48b7a4e5,48ea6000
363,3,3d3fbe20,48b7a4e5,48ea6000
364,3,3d40d26e,48b68713,48ea6000
365,3,3d41e6bc,48b68713,48ea6000
366,3,3d42fb0a,48b68713,48ea6000
367,3,3d440f58,48b68713,48ea6000
368,3,3d4523a6,48b56b00,48ea6000
369,3,3d4637f4,48b56b00,48ea6000
370,3,3d474c42,48b56b00,48ea6000
371,3,3d486090,48b56b00,48ea6000
372,3,3d4974de,48b450a4,48ea6000
373,3,3d4a892c,48b450a4,48ea6000
374,3,3d4b9d7a,48b450a4,48ea6000
375,3,3d4cb1c8,48b450a4,48ea6000
376,3,3d4dc616,48b33802,48ea6000
377,3,3d4eda64,48b33802,48ea6000
378,3,3d4feeb2,48b33802,48ea6000
379,3,3d510300,48b33802,48ea6000
380,3,3d52174e,48b22115,48ea6000
381,3,3d532b9c,48b22115,48ea6000
382,3,3d543fea,48b22115,48ea6000
383,3,3d555438,48b22115,48ea6000
384,3,3d566886,48b10bda,48ea6000
385,3,3d577cd4,48b10bda,48ea6000
386,3,3d589122,48b10bda,48ea6000
387,3,3d59a570,48b10bda,48ea6000
388,3,3d5ab9be,48aff84d,48ea6000
389,3,3d5bce0c,48aff84d,48ea6000
390,3,3d5ce25a,48aff84d,48ea6000
391,3,3d5df6a8,48aff84d,48ea6000
392,3,3d5f0af6,48aee66d,48ea6000
393,3,3d601f44,48aee66d,48ea6000
394,3,3d613392,48aee66d,48ea6000
395,3,3d6247e0,48aee66d,48ea6000
396,3,3d635c2e,48add63a,48ea6000
397,3,3d64707c,48add63a,48ea6000
398,3,3d6584ca,48add63a,48ea6000
399,3,3d669918,48add63a,48ea6000
400,3,3d67ad66,48acc7ad,48ea6000
401,3,3d68c1b4,48acc7ad,48ea6000
402,3,3d69d602,48acc7ad,48ea6000
403,3,3d6aea50,48acc7ad,48ea6000
404,3,3d6bfe9e,48abbac5,48ea6000
405,3,3d6d12ec,48abbac5,48ea6000
406,3,3d6e273a,48abbac5,48ea6000
407,3,3d6f3b88,48abbac5,48ea6000
408,3,3d704fd6,48aaaf7d,48ea6000
409,3,3d716424,48aaaf7d,48ea6000
410,3,3d727872,48aaaf7d,48ea6000
411,3,3d738cc0,48aaaf7d,48ea6000
412,3,3d74a10e,48a9a5d8,48ea6000
413,3,3d75b55c,48a9a5d8,48ea6000
414,3,3d76c9aa,48a9a5d8,48ea6000
415,3,3d77ddf8,48a9a5d8,48ea6000
416,3,3d78f246,48a89dd1,48ea6000
417,3,3d7a0694,48a89dd1,48ea6000
418,3,3d7b1ae2,48a89dd1,48ea6000
419,3,3d7c2f30,48a89dd1,48ea6000
420,3,3d7d437e,48a79764,48ea6000
421,3,3d7e57cc,48a79764,48ea6000
422,3,3d7f6c1a,48a79764,48ea6000
423,3,3d804034,48a79764,48ea6000
424,3,3d80ca5b,48a6928e,48ea6000
425,3,3d815482,48a6928e,48ea6000
426,3,3d81dea9,48a6928e,48ea6000
427,3,3d8268d0,48a6928e,48ea6000
428,3,3d82f2f7,48a58f4e,48ea6000
429,3,3d837d1e,48a58f4e,48ea6000
430,3,3d840745,48a58f4e,48ea6000
431,3,3d84916c,48a58f4e,48ea6000
432,3,3d851b93,48a48da3,48ea6000
433,3,3d85a5ba,48a48da3,48ea6000
434,3,3d862fe1,48a48da3,48ea6000
435,3,3d86ba08,48a48da3,48ea6000
436,3,3d87442f,48a38d89,48ea6000
437,3,3d87ce56,48a38d89,48ea6000
438,3,3d88587d,48a38d89,48ea6000
439,3,3d88e2a4,48a38d89,48ea6000
440,3,3d896ccb,48a28efe,48ea6000
441,3,3d89f6f2,48a28efe,48ea6000
442,3,3d8a8119,48a28efe,48ea6000
443,3,3d8b0b40,48a28efe,48ea6000
444,3,3d8b9567,48a191fd,48ea6000
445,3,3d8c1f8e,48a191fd,48ea6000
446,3,3d8ca9b5,48a191fd,48ea6000
447,3,3d8d33dc,48a191fd,48ea6000
448,3,3d8dbe02,48a09687,48ea6000
449,3,3d8e4829,48a09687,48ea6000
450,3,3d8ed250,48a09687,48ea6000
451,3,3d8f5c77,48a09687,48ea6000
452,3,3d8fe69e,489f9c9a,48ea6000
453,3,3d9070c5,489f9c9a,48ea6000
454,3,3d90faec,489f9c9a,48ea6000
455,3,3d918513,489f9c9a,48ea6000
456,3,3d920f3a,489ea42e,48ea6000
457,3,3d929961,489ea42e,48ea6000
458,3,3d932388,489ea42e,48ea6000
459,3,3d93adaf,489ea42e,48ea6000
460,3,3d9437d6,489dad48,48ea6000
461,3,3d94c1fd,489dad48,48ea6000
462,3,3d954c24,489dad48,48ea6000
463,3,3d95d64b,489dad48,48ea6000
464,3,3d966072,489cb7e1,48ea6000
465,3,3d96ea99,489cb7e1,48ea6000
466,3,3d9774c0,489cb7e1,48ea6000
467,3,3d97fee7,489cb7e1,48ea6000
468,3,3d98890e,489bc3f9,489c3ff5
469,3,3d991335,489bc3f9,489c3ff5
470,3,3d999d5c,489bc3f9,489c3ff5
471,3,3d9a2783,489bc3f9,489c3ff5
472,3,3d9ab1aa,489ad18c,489c3ff5
473,3,3d9b3bd1,489ad18c,489c3ff5
474,3,3d9bc5f8,489ad18c,489c3ff5
475,3,3d9c5020,489ad18c,489c3ff5
476,3,3d9cda46,4899e098,489c3ff5
477,3,3d9d646e,4899e098,489c3ff5
478,3,3d9dee94,4899e098,489c3ff5
479,3,3d9e78bc,4899e098,489c3ff5
480,3,3d9f02e2,4898f11c,489c3ff5
481,3,3d9f8d0a,4898f11c,489c3ff5
482,3,3da01730,4898f11c,489c3ff5
483,4,3da0a158,4898f11c,489c3ff5
484,4,3da12b7e,48980313,489c3ff5
485,4,3da1b5a6,48980313,489c3ff5
486,4,3da23fcc,48980313,489c3ff5
487,4,3da2c9f4,48980313,489c3ff5
488,4,3da3541a,4897167d,489c3ff5
489,4,3da3de42,4897167d,489c3ff5
490,4,3da46868,4897167d,489c3ff5
491,4,3da4f290,4897167d,489c3ff5
492,4,3da57cb6,48962b58,489c3ff5
493,4,3da606de,48962b58,489c3ff5
494,4,3da69104,48962b58,489c3ff5
495,4,3da71b2c,48962b58,489c3ff5
496,4,3da7a552,489541a0,489c3ff5
497,4,3da82f7a,489541a0,489c3ff5
498,4,3da8b9a0,489541a0,489c3ff5
499,4,3da943c8,489541a0,489c3ff5
500,4,3da9cdee,48945953,489c3ff5
501,4,3daa5816,48945953,489c3ff5
502,4,3daae23c,48945953,489c3ff5
503,4,3dab6c64,48945953,489c3ff5
504,4,3dabf68a,48937272,489c3ff5
505,4,3dac80b2,48937272,489c3ff5
506,4,3dad0ad8,48937272,489c3ff5
507,4,3dad9500,48937272,489c3ff5
508,4,3dae1f26,48928cf7,489c3ff5
509,4,3daea94e,48928cf7,489c3ff5
510,4,3daf3374,48928cf7,489c3ff5
511,4,3dafbd9c,48928cf7,489c3ff5
512,4,3db047c2,4891a8e1,489c3ff5
513,4,3db0d1e8,4891a8e1,489c3ff5
514,4,3db15c10,4891a8e1,489c3ff5
515,4,3db1e636,4891a8e1,489c3ff5
516,4,3db2705e,4890c62d,489c3ff5
517,4,3db2fa84,4890c62d,489c3ff5
518,4,3db384ac,4890c62d,489c3ff5
519,4,3db40ed2,4890c62d,489c3ff5
520,4,3db498fa,488fe4dd,489c3ff5
521,4,3db52320,488fe4dd,489c3ff5
522,4,3db5ad48,488fe4dd,489c3ff5
523,4,3db6376e,488fe4dd,489c3ff5
524,4,3db6c196,488f04e9,489c3ff5
525,4,3db74bbc,488f04e9,489c3ff5
526,4,3db7d5e4,488f04e9,489c3ff5
527,4,3db8600a,488f04e9,489c3ff5
528,4,3db8ea32,488e2654,489c3ff5
529,4,3db97458,488e2654,489c3ff5
530,4,3db9fe80,488e2654,489c3ff5
531,4,3dba88a6,488e2654,489c3ff5
532,4,3dbb12ce,488d4916,489c3ff5
533,4,3dbb9cf4,488d4916,489c3ff5
534,4,3dbc271c,488d4916,489c3ff5
535,4,3dbcb142,488d4916,489c3ff5
536,4,3dbd3b6a,488c6d33,489c3ff5
537,4,3dbdc590,488c6d33,489c3ff5
538,4,3dbe4fb8,488c6d33,489c3ff5
539,4,3dbed9de,488c6d33,489c3ff5
540,4,3dbf6406,488b92a6,489c3ff5
541,4,3dbfee2c,488b92a6,489c3ff5
542,4,3dc07854,488b92a6,489c3ff5
543,4,3dc1027a,488b92a6,489c3ff5
544,4,3dc18ca2,488ab96b,489c3ff5
545,4,3dc216c8,488ab96b,489c3ff5
546,4,3dc2a0f0,488ab96b,489c3ff5
547,4,3dc32b16,488ab96b,489c3ff5
548,4,3dc3b53e,4889e183,489c3ff5
549,4,3dc43f64,4889e183,489c3ff5
550,4,3dc4c98c,4889e183,489c3ff5
551,4,3dc553b2,4889e183,489c3ff5
552,4,3dc5ddda,48890aec,489c3ff5
553,4,3dc66800,48890aec,489c3ff5
554,4,3dc6f228,48890aec,489c3ff5
555,4,3dc77c4e,48890aec,489c3ff5
556,4,3dc80676,488835a3,489c3ff5
557,4,3dc8909c,488835a3,489c3ff5
558,4,3dc91ac4,488835a3,489c3ff5
559,4,3dc9a4ea,488835a3,489c3ff5
560,4,3dca2f12,488761a6,489c3ff5
561,4,3dcab938,488761a6,489c3ff5
562,4,3dcb4360,488761a6,489c3ff5
563,4,3dcbcd86,488761a6,489c3ff5
564,4,3dcc57ae,48868ef2,489c3ff5
565,4,3dcce1d4,48868ef2,489c3ff5
566,4,3dcd6bfc,48868ef2,489c3ff5
567,4,3dcdf622,48868ef2,489c3ff5
568,4,3dce804a,4885bd86,489c3ff5
569,4,3dcf0a70,4885bd86,489c3ff5
570,4,3dcf9498,4885bd86,489c3ff5
571,4,3dd01ebe,4885bd86,489c3ff5
572,4,3dd0a8e6,4884ed61,489c3ff5
573,4,3dd1330c,4884ed61,489c3ff5
574,4,3dd1bd34,4884ed61,489c3ff5
575,4,3dd2475a,4884ed61,489c3ff5
576,4,3dd2d182,48841e7d,489c3ff5
577,4,3dd35ba8,48841e7d,489c3ff5
578,4,3dd3e5d0,48841e7d,489c3ff5
579,4,3dd46ff6,48841e7d,489c3ff5
580,4,3dd4fa1e,488350df,489c3ff5
581,4,3dd58444,488350df,489c3ff5
582,4,3dd60e6c,488350df,489c3ff5
583,4,3dd69892,488350df,489c3ff5
584,4,3dd722ba,4882847f,489c3ff5
585,4,3dd7ace0,4882847f,489c3ff5
586,4,3dd83708,4882847f,489c3ff5
587,4,3dd8c12e,4882847f,489c3ff5
588,4,3dd94b56,4881b95d,489c3ff5
589,4,3dd9d57c,4881b95d,489c3ff5
590,4,3dda5fa4,4881b95d,489c3ff5
591,4,3ddae9ca,4881b95d,489c3ff5
592,4,3ddb73f2,4880ef78,489c3ff5
593,4,3ddbfe18,4880ef78,489c3ff5
594,4,3ddc8840,4880ef78,489c3ff5
595,4,3ddd1266,4880ef78,489c3ff5
596,4,3ddd9c8e,488026ce,489c3ff5
597,4,3dde26b4,488026ce,489c3ff5
598,4,3ddeb0dc,488026ce,489c3ff5
599,4,3ddf3b02,488026ce,489c3ff5
600,4,3ddfc52a,487ebeb0,489c3ff5
601,4,3de04f50,487ebeb0,489c3ff5
602,4,3de0d978,487ebeb0,489c3ff5
603,5,3de1639e,487ebeb0,489c3ff5
604,5,3de1edc6,487d323a,489c3ff5
605,5,3de277ec,487d323a,489c3ff5
606,5,3de30214,487d323a,489c3ff5
607,5,3de38c3a,487d323a,489c3ff5
608,5,3de41662,487ba826,489c3ff5
609,5,3de4a088,487ba826,489c3ff5
610,5,3de52ab0,487ba826,489c3ff5
611,5,3de5b4d6,487ba826,489c3ff5
612,5,3de63efe,487a207f,489c3ff5
613,5,3de6c924,487a207f,489c3ff5
614,5,3de7534c,487a207f,489c3ff5
615,5,3de7dd72,487a207f,489c3ff5
616,5,3de8679a,48789b35,489c3ff5
617,5,3de8f1c0,48789b35,489c3ff5
618,5,3de97be8,48789b35,489c3ff5
619,5,3dea060e,48789b35,489c3ff5
620,5,3dea9036,48771848,489c3ff5
621,5,3deb1a5c,48771848,489c3ff5
622,5,3deba484,48771848,489c3ff5
623,5,3dec2eaa,48771848,489c3ff5
624,5,3decb8d2,487597b9,489c3ff5
625,5,3ded42f8,487597b9,489c3ff5
626,5,3dedcd20,487597b9,489c3ff5
627,5,3dee5746,487597b9,489c3ff5
628,5,3deee16e,4874197e,489c3ff5
629,5,3def6b94,4874197e,489c3ff5
630,5,3deff5bc,4874197e,489c3ff5
631,5,3df07fe2,4874197e,489c3ff5
632,5,3df10a0a,48729d95,489c3ff5
633,5,3df19430,48729d95,489c3ff5
634,5,3df21e58,48729d95,489c3ff5
635,5,3df2a87e,48729d95,489c3ff5
636,5,3df332a6,487123fc,489c3ff5
637,5,3df3bccc,487123fc,489c3ff5
638,5,3df446f4,487123fc,489c3ff5
639,5,3df4d11a,487123fc,489c3ff5
640,5,3df55b42,486facaf,489c3ff5
641,5,3df5e568,486facaf,489c3ff5
642,5,3df66f8e,486facaf,489c3ff5
643,5,3df6f9b6,486facaf,489c3ff5
644,5,3df783dc,486e37ab,489c3ff5
645,5,3df80e04,486e37ab,489c3ff5
646,5,3df8982a,486e37ab,489c3ff5
647,5,3df92252,486e37ab,489c3ff5
648,5,3df9ac78,486cc4e9,489c3ff5
649,5,3dfa36a0,486cc4e9,489c3ff5
650,5,3dfac0c6,486cc4e9,489c3ff5
651,5,3dfb4aee,486cc4e9,489c3ff5
652,5,3dfbd514,486b546b,489c3ff5
653,5,3dfc5f3c,486b546b,489c3ff5
654,5,3dfce962,486b546b,489c3ff5
655,5,3dfd738a,486b546b,489c3ff5
656,5,3dfdfdb0,4869e62b,486a5ff0
657,5,3dfe87d8,4869e62b,486a5ff0
658,5,3dff11fe,4869e62b,486a5ff0
659,5,3dff9c26,4869e62b,486a5ff0
660,5,3e001326,48687a21,486a5ff0
661,5,3e00583a,48687a21,486a5ff0
662,5,3e009d4d,48687a21,486a5ff0
663,5,3e00e261,48687a21,486a5ff0
664,5,3e012774,48671050,486a5ff0
665,5,3e016c88,48671050,486a5ff0
666,5,3e01b19b,48671050,486a5ff0
667,5,3e01f6af,48671050,486a5ff0
668,5,3e023bc2,4865a8b1,486a5ff0
669,5,3e0280d6,4865a8b1,486a5ff0
670,5,3e02c5e9,4865a8b1,486a5ff0
671,5,3e030afd,4865a8b1,486a5ff0
672,5,3e035010,48644344,486a5ff0
673,5,3e039524,48644344,486a5ff0
674,5,3e03da37,48644344,486a5ff0
675,5,3e041f4b,48644344,486a5ff0
676,5,3e04645e,4862e002,486a5ff0
677,5,3e04a972,4862e002,486a5ff0
678,5,3e04ee85,4862e002,486a5ff0
679,5,3e053399,4862e002,486a5ff0
680,5,3e0578ac,48617eeb,486a5ff0
681,5,3e05bdc0,48617eeb,486a5ff0
682,5,3e0602d3,48617eeb,486a5ff0
683,5,3e0647e7,48617eeb,486a5ff0
684,5,3e068cfa,48601ff5,486a5ff0
685,5,3e06d20e,48601ff5,486a5ff0
686,5,3e071721,48601ff5,486a5ff0
687,5,3e075c35,48601ff5,486a5ff0
688,5,3e07a148,485ec326,486a5ff0
689,5,3e07e65c,485ec326,486a5ff0
690,5,3e082b6f,485ec326,486a5ff0
691,5,3e087083,485ec326,486a5ff0
692,5,3e08b596,485d6872,486a5ff0
693,5,3e08faaa,485d6872,486a5ff0
694,5,3e093fbd,485d6872,486a5ff0
695,5,3e0984d1,485d6872,486a5ff0
696,5,3e09c9e4,485c0fdb,486a5ff0
697,5,3e0a0ef8,485c0fdb,486a5ff0
698,5,3e0a540b,485c0fdb,486a5ff0
699,5,3e0a991f,485c0fdb,486a5ff0
700,5,3e0ade32,485ab95c,486a5ff0
701,5,3e0b2346,485ab95c,486a5ff0
702,5,3e0b6859,485ab95c,486a5ff0
703,5,3e0bad6d,485ab95c,486a5ff0
704,5,3e0bf280,485964f3,486a5ff0
705,5,3e0c3794,485964f3,486a5ff0
706,5,3e0c7ca7,485964f3,486a5ff0
707,5,3e0cc1bb,485964f3,486a5ff0
708,5,3e0d06ce,48581299,486a5ff0
709,5,3e0d4be2,48581299,486a5ff0
710,5,3e0d90f5,48581299,486a5ff0
711,5,3e0dd609,48581299,486a5ff0
712,5,3e0e1b1c,4856c251,486a5ff0
713,5,3e0e6030,4856c251,486a5ff0
714,5,3e0ea543,4856c251,486a5ff0
715,5,3e0eea57,4856c251,486a5ff0
716,5,3e0f2f6a,48557414,486a5ff0
717,5,3e0f747e,48557414,486a5ff0
718,5,3e0fb991,48557414,486a5ff0
719,5,3e0ffea5,48557414,486a5ff0
720,5,3e1043b8,485427df,486a5ff0
721,5,3e1088cc,485427df,486a5ff0
722,5,3e10cddf,485427df,486a5ff0
723,5,3e1112f3,485427df,486a5ff0
724,6,3e115806,4852ddaf,486a5ff0
725,6,3e119d1a,4852ddaf,486a5ff0
726,6,3e11e22d,4852ddaf,486a5ff0
727,6,3e122741,4852ddaf,486a5ff0
728,6,3e126c54,48519580,486a5ff0
729,6,3e12b168,48519580,486a5ff0
730,6,3e12f67b,48519580,486a5ff0
731,6,3e133b8f,48519580,486a5ff0
732,6,3e1380a2,48504f4f,486a5ff0
733,6,3e13c5b6,48504f4f,486a5ff0
734,6,3e140ac9,48504f4f,486a5ff0
735,6,3e144fdd,48504f4f,486a5ff0
736,6,3e1494f0,484f0b1b,486a5ff0
737,6,3e14da04,484f0b1b,486a5ff0
738,6,3e151f17,484f0b1b,486a5ff0
739,6,3e15642b,484f0b1b,486a5ff0
740,6,3e15a93e,484dc8df,486a5ff0
741,6,3e15ee52,484dc8df,486a5ff0
742,6,3e163365,484dc8df,486a5ff0
743,6,3e167879,484dc8df,486a5ff0
744,6,3e16bd8c,484c8898,486a5ff0
745,6,3e1702a0,484c8898,486a5ff0
746,6,3e1747b3,484c8898,486a5ff0
747,6,3e178cc7,484c8898,486a5ff0
748,6,3e17d1da,484b4a44,486a5ff0
749,6,3e1816ee,484b4a44,486a5ff0
750,6,3e185c01,484b4a44,486a5ff0
751,6,3e18a115,484b4a44,486a5ff0
752,6,3e18e628,484a0de0,486a5ff0
753,6,3e192b3c,484a0de0,486a5ff0
754,6,3e19704f,484a0de0,486a5ff0
755,6,3e19b563,484a0de0,486a5ff0
756,6,3e19fa76,4848d369,486a5ff0
757,6,3e1a3f8a,4848d369,486a5ff0
758,6,3e1a849d,4848d369,486a5ff0
759,6,3e1ac9b1,4848d369,486a5ff0
760,6,3e1b0ec4,48479ada,486a5ff0
761,6,3e1b53d8,48479ada,486a5ff0
762,6,3e1b98eb,48479ada,486a5ff0
763,6,3e1bddff,48479ada,486a5ff0
764,6,3e1c2312,48466434,486a5ff0
765,6,3e1c6826,48466434,486a5ff0
766,6,3e1cad39,48466434,486a5ff0
767,6,3e1cf24d,48466434,486a5ff0
768,6,3e1d3760,48452f6f,486a5ff0
769,6,3e1d7c73,48452f6f,486a5ff0
770,6,3e1dc187,48452f6f,486a5ff0
771,6,3e1e069a,48452f6f,486a5ff0
772,6,3e1e4bae,4843fc8a,486a5ff0
773,6,3e1e90c1,4843fc8a,486a5ff0
774,6,3e1ed5d5,4843fc8a,486a5ff0
775,6,3e1f1ae8,4843fc8a,486a5ff0
776,6,3e1f5ffc,4842cb82,486a5ff0
777,6,3e1fa50f,4842cb82,486a5ff0
778,6,3e1fea23,4842cb82,486a5ff0
779,6,3e202f36,4842cb82,486a5ff0
780,6,3e20744a,48419c57,486a5ff0
781,6,3e20b95d,48419c57,486a5ff0
782,6,3e20fe71,48419c57,486a5ff0
783,6,3e214384,48419c57,486a5ff0
784,6,3e218898,48406f05,486a5ff0
785,6,3e21cdab,48406f05,486a5ff0
786,6,3e2212bf,48406f05,486a5ff0
787,6,3e2257d2,48406f05,486a5ff0
788,6,3e229ce6,483f4386,486a5ff0
789,6,3e22e1f9,483f4386,486a5ff0
790,6,3e23270d,483f4386,486a5ff0
791,6,3e236c20,483f4386,486a5ff0
792,6,3e23b134,483e19d9,486a5ff0
793,6,3e23f647,483e19d9,486a5ff0
794,6,3e243b5b,483e19d9,486a5ff0
795,6,3e24806e,483e19d9,486a5ff0
796,6,3e24c582,483cf1fb,486a5ff0
797,6,3e250a95,483cf1fb,486a5ff0
798,6,3e254fa9,483cf1fb,486a5ff0
799,6,3e2594bc,483cf1fb,486a5ff0
800,6,3e25d9d0,483bcbea,486a5ff0
801,6,3e261ee3,483bcbea,486a5ff0
802,6,3e2663f7,483bcbea,486a5ff0
803,6,3e26a90a,483bcbea,486a5ff0
804,6,3e26ee1e,483aa7a3,486a5ff0
805,6,3e273331,483aa7a3,486a5ff0
806,6,3e277845,483aa7a3,486a5ff0
807,6,3e27bd58,483aa7a3,486a5ff0
808,6,3e28026c,48398522,486a5ff0
809,6,3e28477f,48398522,486a5ff0
810,6,3e288c93,48398522,486a5ff0
811,6,3e28d1a6,48398522,486a5ff0
812,6,3e2916ba,48386466,486a5ff0
813,6,3e295bcd,48386466,486a5ff0
814,6,3e29a0e1,48386466,486a5ff0
815,6,3e29e5f4,48386466,486a5ff0
816,6,3e2a2b08,4837456c,486a5ff0
817,6,3e2a701b,4837456c,486a5ff0
818,6,3e2ab52f,4837456c,486a5ff0
819,6,3e2afa42,4837456c,486a5ff0
820,6,3e2b3f56,4836282e,486a5ff0
821,6,3e2b8469,4836282e,486a5ff0
822,6,3e2bc97d,4836282e,486a5ff0
823,6,3e2c0e90,4836282e,486a5ff0
824,6,3e2c53a4,48350cb2,486a5ff0
825,6,3e2c98b7,48350cb2,486a5ff0
826,6,3e2cddcb,48350cb2,486a5ff0
827,6,3e2d22de,48350cb2,486a5ff0
828,6,3e2d67f2,4833f2e9,486a5ff0
829,6,3e2dad05,4833f2e9,486a5ff0
830,6,3e2df219,4833f2e9,486a5ff0
831,6,3e2e372c,4833f2e9,486a5ff0
832,6,3e2e7c40,4832dad8,486a5ff0
833,6,3e2ec153,4832dad8,486a5ff0
834,6,3e2f0667,4832dad8,486a5ff0
835,6,3e2f4b7a,4832dad8,486a5ff0
836,6,3e2f908e,4831c47c,486a5ff0
837,6,3e2fd5a1,4831c47c,486a5ff0
838,6,3e301ab5,4831c47c,486a5ff0
839,6,3e305fc8,4831c47c,486a5ff0
840,6,3e30a4dc,4830afd1,486a5ff0
841,6,3e30e9ef,4830afd1,486a5ff0
842,6,3e312f03,4830afd1,486a5ff0
843,6,3e317416,4830afd1,486a5ff0
844,7,3e31b92a,482f9cd4,486a5ff0
845,7,3e31fe3d,482f9cd4,486a5ff0
846,7,3e324351,482f9cd4,486a5ff0
847,7,3e328864,482f9cd4,486a5ff0
848,7,3e32cd78,482e8b83,486a5ff0
849,7,3e33128b,482e8b83,486a5ff0
850,7,3e33579f,482e8b83,486a5ff0
851,7,3e339cb2,482e8b83,486a5ff0
852,7,3e33e1c6,482d7bdc,486a5ff0
853,7,3e3426d9,482d7bdc,486a5ff0
854,7,3e346bed,482d7bdc,486a5ff0
855,7,3e34b100,482d7bdc,486a5ff0
856,7,3e34f614,482c6ddc,486a5ff0
857,7,3e353b27,482c6ddc,486a5ff0
858,7,3e35803b,482c6ddc,486a5ff0
859,7,3e35c54e,482c6ddc,486a5ff0
860,7,3e360a62,482b617d,486a5ff0
861,7,3e364f75,482b617d,486a5ff0
862,7,3e369489,482b617d,486a5ff0
863,7,3e36d99c,482b617d,486a5ff0
864,7,3e371eb0,482a56c5,486a5ff0
865,7,3e3763c3,482a56c5,486a5ff0
866,7,3e37a8d7,482a56c5,486a5ff0
867,7,3e37edea,482a56c5,486a5ff0
868,7,3e3832fe,48294da8,486a5ff0
869,7,3e387811,48294da8,486a5ff0
870,7,3e38bd25,48294da8,486a5ff0
871,7,3e390238,48294da8,486a5ff0
872,7,3e39474c,4828462b,486a5ff0
873,7,3e398c5f,4828462b,486a5ff0
874,7,3e39d173,4828462b,486a5ff0
875,7,3e3a1686,4828462b,486a5ff0
876,7,3e3a5b9a,48274044,486a5ff0
877,7,3e3aa0ad,48274044,486a5ff0
878,7,3e3ae5c1,48274044,486a5ff0
879,7,3e3b2ad4,48274044,486a5ff0
880,7,3e3b6fe8,48263bf8,486a5ff0
881,7,3e3bb4fb,48263bf8,486a5ff0
882,7,3e3bfa0f,48263bf8,486a5ff0
883,7,3e3c3f22,48263bf8,486a5ff0
884,7,3e3c8436,4825393e,486a5ff0
885,7,3e3cc949,4825393e,486a5ff0
886,7,3e3d0e5d,4825393e,486a5ff0
887,7,3e3d5370,4825393e,486a5ff0
888,7,3e3d9884,4824381a,486a5ff0
889,7,3e3ddd97,4824381a,486a5ff0
890,7,3e3e22ab,4824381a,486a5ff0
891,7,3e3e67be,4824381a,486a5ff0
892,7,3e3eacd2,48233884,486a5ff0
893,7,3e3ef1e5,48233884,486a5ff0
894,7,3e3f36f9,48233884,486a5ff0
895,7,3e3f7c0c,48233884,486a5ff0
896,7,3e3fc11f,48223a7b,486a5ff0
897,7,3e400633,48223a7b,486a5ff0
898,7,3e404b46,48223a7b,486a5ff0
899,7,3e40905a,48223a7b,486a5ff0
900,7,3e40d56d,48213e00,486a5ff0
901,7,3e411a81,48213e00,486a5ff0
902,7,3e415f94,48213e00,486a5ff0
903,7,3e41a4a8,48213e00,486a5ff0
904,7,3e41e9bb,4820430d,486a5ff0
905,7,3e422ecf,4820430d,486a5ff0
906,7,3e4273e2,4820430d,486a5ff0
907,7,3e42b8f6,4820430d,486a5ff0
908,7,3e42fe09,481f49a1,486a5ff0
909,7,3e43431d,481f49a1,486a5ff0
910,7,3e438830,481f49a1,486a5ff0
911,7,3e43cd44,481f49a1,486a5ff0
912,7,3e441257,481e51b7,486a5ff0
913,7,3e44576b,481e51b7,486a5ff0
914,7,3e449c7e,481e51b7,486a5ff0
915,7,3e44e192,481e51b7,486a5ff0
916,7,3e4526a5,481d5b52,486a5ff0
917,7,3e456bb9,481d5b52,486a5ff0
918,7,3e45b0cc,481d5b52,486a5ff0
919,7,3e45f5e0,481d5b52,486a5ff0
920,7,3e463af3,481c6668,486a5ff0
921,7,3e468007,481c6668,486a5ff0
922,7,3e46c51a,481c6668,486a5ff0
923,7,3e470a2e,481c6668,486a5ff0
924,7,3e474f41,481b7300,481c3feb
925,7,3e479455,481b7300,481c3feb
926,7,3e47d968,481b7300,481c3feb
927,7,3e481e7c,481b7300,481c3feb
928,7,3e48638f,481a8111,481c3feb
929,7,3e48a8a3,481a8111,481c3feb
930,7,3e48edb6,481a8111,481c3feb
931,7,3e4932ca,481a8111,481c3feb
932,7,3e4977dd,4819909b,481c3feb
933,7,3e49bcf1,4819909b,481c3feb
934,7,3e4a0204,4819909b,481c3feb
935,7,3e4a4718,4819909b,481c3feb
936,7,3e4a8c2b,4818a199,481c3feb
937,7,3e4ad13f,4818a199,481c3feb
938,7,3e4b1652,4818a199,481c3feb
939,7,3e4b5b66,4818a199,481c3feb
940,7,3e4ba079,4817b40c,481c3feb
941,7,3e4be58d,4817b40c,481c3feb
942,7,3e4c2aa0,4817b40c,481c3feb
943,7,3e4c6fb4,4817b40c,481c3feb
944,7,3e4cb4c7,4816c7f2,481c3feb
945,7,3e4cf9db,4816c7f2,481c3feb
946,7,3e4d3eee,4816c7f2,481c3feb
947,7,3e4d8402,4816c7f2,481c3feb
948,7,3e4dc915,4815dd49,481c3feb
949,7,3e4e0e29,4815dd49,481c3feb
950,7,3e4e533d,4815dd49,481c3feb
951,7,3e4e984f,4815dd49,481c3feb
952,7,3e4edd63,4814f408,481c3feb
953,7,3e4f2277,4814f408,481c3feb
954,7,3e4f678b,4814f408,481c3feb
955,7,3e4fac9d,4814f408,481c3feb
956,7,3e4ff1b1,48140c36,481c3feb
957,7,3e5036c5,48140c36,481c3feb
958,7,3e507bd9,48140c36,481c3feb
959,7,3e50c0eb,48140c36,481c3feb
960,7,3e5105ff,481325ca,481c3feb
961,7,3e514b13,481325ca,481c3feb
962,7,3e519027,481325ca,481c3feb
963,7,3e51d539,481325ca,481c3feb
964,7,3e521a4d,481240ca,481c3feb
965,8,3e525f61,481240ca,481c3feb
966,8,3e52a475,481240ca,481c3feb
967,8,3e52e987,481240ca,481c3feb
968,8,3e532e9b,48115d29,481c3feb
969,8,3e5373af,48115d29,481c3feb
970,8,3e53b8c3,48115d29,481c3feb
971,8,3e53fdd5,48115d29,481c3feb
972,8,3e5442e9,48107aec,481c3feb
973,8,3e5487fd,48107aec,481c3feb
974,8,3e54cd11,48107aec,481c3feb
975,8,3e551223,48107aec,481c3feb
976,8,3e555737,480f9a0f,481c3feb
977,8,3e559c4b,480f9a0f,481c3feb
978,8,3e55e15f,480f9a0f,481c3feb
979,8,3e562671,480f9a0f,481c3feb
980,8,3e566b85,480eba90,481c3feb
981,8,3e56b099,480eba90,481c3feb
982,8,3e56f5ad,480eba90,481c3feb
983,8,3e573abf,480eba90,481c3feb
984,8,3e577fd3,480ddc6f,481c3feb
985,8,3e57c4e7,480ddc6f,481c3feb
986,8,3e5809fb,480ddc6f,481c3feb
987,8,3e584f0d,480ddc6f,481c3feb
988,8,3e589421,480cffa6,481c3feb
989,8,3e58d935,480cffa6,481c3feb
990,8,3e591e49,480cffa6,481c3feb
991,8,3e59635b,480cffa6,481c3feb
992,8,3e59a86f,480c2433,481c3feb
993,8,3e59ed83,480c2433,481c3feb
994,8,3e5a3297,480c2433,481c3feb
995,8,3e5a77a9,480c2433,481c3feb
996,8,3e5abcbd,480b4a17,481c3feb
997,8,3e5b01d1,480b4a17,481c3feb
998,8,3e5b46e5,480b4a17,481c3feb
999,8,3e5b8bf7,480b4a17,481c3feb
1000,8,3e5bd10b,480a714f,481c3feb
1001,8,3e5c161f,480a714f,481c3feb
1002,8,3e5c5b33,480a714f,481c3feb
1003,8,3e5ca045,480a714f,481c3feb
1004,8,3e5ce559,480999d6,481c3feb
1005,8,3e5d2a6d,480999d6,481c3feb
1006,8,3e5d6f81,480999d6,481c3feb
1007,8,3e5db493,480999d6,481c3feb
1008,8,3e5df9a7,4808c3ae,481c3feb
1009,8,3e5e3ebb,4808c3ae,481c3feb
1010,8,3e5e83cf,4808c3ae,481c3feb
1011,8,3e5ec8e1,4808c3ae,481c3feb
1012,8,3e5f0df5,4807eed3,481c3feb
1013,8,3e5f5309,4807eed3,481c3feb
1014,8,3e5f981d,4807eed3,481c3feb
1015,8,3e5fdd2f,4807eed3,481c3feb
1016,8,3e602243,48071b45,481c3feb
1017,8,3e606757,48071b45,481c3feb
1018,8,3e60ac6b,48071b45,481c3feb
1019,8,3e60f17d,48071b45,481c3feb
1020,8,3e613691,480648fd,481c3feb
1021,8,3e617ba5,480648fd,481c3feb
1022,8,3e61c0b9,480648fd,481c3feb
1023,8,3e6205cb,480648fd,481c3feb
1024,8,3e624adf,48057800,481c3feb
1025,8,3e628ff3,48057800,481c3feb
1026,8,3e62d505,48057800,481c3feb
1027,8,3e631a19,48057800,481c3feb
1028,8,3e635f2d,4804a845,481c3feb
1029,8,3e63a441,4804a845,481c3feb
1030,8,3e63e953,4804a845,481c3feb
1031,8,3e642e67,4804a845,481c3feb
1032,8,3e64737b,4803d9d0,481c3feb
1033,8,3e64b88f,4803d9d0,481c3feb
1034,8,3e64fda1,4803d9d0,481c3feb
1035,8,3e6542b5,4803d9d0,481c3feb
1036,8,3e6587c9,48030c9b,481c3feb
1037,8,3e65ccdd,48030c9b,481c3feb
1038,8,3e6611ef,48030c9b,481c3feb
1039,8,3e665703,48030c9b,481c3feb
1040,8,3e669c17,480240a6,481c3feb
1041,8,3e66e12b,480240a6,481c3feb
1042,8,3e67263d,480240a6,481c3feb
1043,8,3e676b51,480240a6,481c3feb
1044,8,3e67b065,480175ed,481c3feb
1045,8,3e67f579,480175ed,481c3feb
1046,8,3e683a8b,480175ed,481c3feb
1047,8,3e687f9f,480175ed,481c3feb
1048,8,3e68c4b3,4800ac70,481c3feb
1049,8,3e6909c7,4800ac70,481c3feb
1050,8,3e694ed9,4800ac70,481c3feb
1051,8,3e6993ed,4800ac70,481c3feb
1052,8,3e69d901,47ffc85c,481c3feb
1053,8,3e6a1e15,47ffc85c,481c3feb
1054,8,3e6a6327,47ffc85c,481c3feb
1055,8,3e6aa83b,47ffc85c,481c3feb
1056,8,3e6aed4f,47fe3a45,481c3feb
1057,8,3e6b3263,47fe3a45,481c3feb
1058,8,3e6b7775,47fe3a45,481c3feb
1059,8,3e6bbc89,47fe3a45,481c3feb
1060,8,3e6c019d,47fcae9b,481c3feb
1061,8,3e6c46b1,47fcae9b,481c3feb
1062,8,3e6c8bc3,47fcae9b,481c3feb
1063,8,3e6cd0d7,47fcae9b,481c3feb
1064,8,3e6d15eb,47fb2554,481c3feb
1065,8,3e6d5aff,47fb2554,481c3feb
1066,8,3e6da011,47fb2554,481c3feb
1067,8,3e6de525,47fb2554,481c3feb
1068,8,3e6e2a39,47f99e75,481c3feb
1069,8,3e6e6f4d,47f99e75,481c3feb
1070,8,3e6eb45f,47f99e75,481c3feb
1071,8,3e6ef973,47f99e75,481c3feb
1072,8,3e6f3e87,47f819f7,481c3feb
1073,8,3e6f839b,47f819f7,481c3feb
1074,8,3e6fc8ad,47f819f7,481c3feb
1075,8,3e700dc1,47f819f7,481c3feb
1076,8,3e7052d5,47f697d8,481c3feb
1077,8,3e7097e9,47f697d8,481c3feb
1078,8,3e70dcfb,47f697d8,481c3feb
1079,8,3e71220f,47f697d8,481c3feb
1080,8,3e716723,47f5180b,481c3feb
1081,8,3e71ac37,47f5180b,481c3feb
1082,8,3e71f149,47f5180b,481c3feb
1083,8,3e72365d,47f5180b,481c3feb
1084,8,3e727b71,47f39a97,481c3feb
1085,9,3e72c085,47f39a97,481c3feb
1086,9,3e730597,47f39a97,481c3feb
1087,9,3e734aab,47f39a97,481c3feb
1088,9,3e738fbf,47f21f78,481c3feb
1089,9,3e73d4d3,47f21f78,481c3feb
1090,9,3e7419e5,47f21f78,481c3feb
1091,9,3e745ef9,47f21f78,481c3feb
1092,9,3e74a40d,47f0a6a1,481c3feb
1093,9,3e74e921,47f0a6a1,481c3feb
1094,9,3e752e33,47f0a6a1,481c3feb
1095,9,3e757347,47f0a6a1,481c3feb
1096,9,3e75b85b,47ef3019,481c3feb
1097,9,3e75fd6f,47ef3019,481c3feb
1098,9,3e764281,47ef3019,481c3feb
1099,9,3e768795,47ef3019,481c3feb
1100,9,3e76cca9,47edbbd5,481c3feb
1101,9,3e7711bd,47edbbd5,481c3feb
1102,9,3e7756cf,47edbbd5,481c3feb
1103,9,3e779be3,47edbbd5,481c3feb
1104,9,3e77e0f7,47ec49d4,481c3feb
1105,9,3e78260b,47ec49d4,481c3feb
1106,9,3e786b1d,47ec49d4,481c3feb
1107,9,3e78b031,47ec49d4,481c3feb
1108,9,3e78f545,47eada14,481c3feb
1109,9,3e793a59,47eada14,481c3feb
1110,9,3e797f6b,47eada14,481c3feb
1111,9,3e79c47f,47eada14,481c3feb
1112,9,3e7a0993,47e96c92,47ea5fe0
1113,9,3e7a4ea7,47e96c92,47ea5fe0
1114,9,3e7a93b9,47e96c92,47ea5fe0
1115,9,3e7ad8cd,47e96c92,47ea5fe0
1116,9,3e7b1de1,47e8014a,47ea5fe0
1117,9,3e7b62f5,47e8014a,47ea5fe0
1118,9,3e7ba807,47e8014a,47ea5fe0
1119,9,3e7bed1b,47e8014a,47ea5fe0
1120,9,3e7c322f,47e69835,47ea5fe0
1121,9,3e7c7743,47e69835,47ea5fe0
1122,9,3e7cbc55,47e69835,47ea5fe0
1123,9,3e7d0169,47e69835,47ea5fe0
1124,9,3e7d467d,47e53151,47ea5fe0
1125,9,3e7d8b91,47e53151,47ea5fe0
1126,9,3e7dd0a3,47e53151,47ea5fe0
1127,9,3e7e15b7,47e53151,47ea5fe0
1128,9,3e7e5acb,47e3cc9d,47ea5fe0
1129,9,3e7e9fdf,47e3cc9d,47ea5fe0
1130,9,3e7ee4f1,47e3cc9d,47ea5fe0
1131,9,3e7f2a05,47e3cc9d,47ea5fe0
1132,9,3e7f6f19,47e26a13,47ea5fe0
1133,9,3e7fb42d,47e26a13,47ea5fe0
1134,9,3e7ff93f,47e26a13,47ea5fe0
1135,9,3e801f2a,47e26a13,47ea5fe0
1136,9,3e8041b4,47e109b2,47ea5fe0
1137,9,3e80643e,47e109b2,47ea5fe0
1138,9,3e8086c6,47e109b2,47ea5fe0
1139,9,3e80a950,47e109b2,47ea5fe0
1140,9,3e80cbda,47dfab73,47ea5fe0
1141,9,3e80ee64,47dfab73,47ea5fe0
1142,9,3e8110ee,47dfab73,47ea5fe0
1143,9,3e813378,47dfab73,47ea5fe0
1144,9,3e815602,47de4f56,47ea5fe0
1145,9,3e81788c,47de4f56,47ea5fe0
1146,9,3e819b14,47de4f56,47ea5fe0
1147,9,3e81bd9e,47de4f56,47ea5fe0
1148,9,3e81e028,47dcf558,47ea5fe0
1149,9,3e8202b2,47dcf558,47ea5fe0
1150,9,3e82253c,47dcf558,47ea5fe0
1151,9,3e8247c6,47dcf558,47ea5fe0
1152,9,3e826a50,47db9d73,47ea5fe0
1153,9,3e828cd8,47db9d73,47ea5fe0
1154,9,3e82af62,47db9d73,47ea5fe0
1155,9,3e82d1ec,47db9d73,47ea5fe0
1156,9,3e82f476,47da47a9,47ea5fe0
1157,9,3e831700,47da47a9,47ea5fe0
1158,9,3e83398a,47da47a9,47ea5fe0
1159,9,3e835c14,47da47a9,47ea5fe0
1160,9,3e837e9e,47d8f3ee,47ea5fe0
1161,9,3e83a126,47d8f3ee,47ea5fe0
1162,9,3e83c3b0,47d8f3ee,47ea5fe0
1163,9,3e83e63a,47d8f3ee,47ea5fe0
1164,9,3e8408c4,47d7a247,47ea5fe0
1165,9,3e842b4e,47d7a247,47ea5fe0
1166,9,3e844dd8,47d7a247,47ea5fe0
1167,9,3e847062,47d7a247,47ea5fe0
1168,9,3e8492ec,47d652af,47ea5fe0
1169,9,3e84b574,47d652af,47ea5fe0
1170,9,3e84d7fe,47d652af,47ea5fe0
1171,9,3e84fa88,47d652af,47ea5fe0
1172,9,3e851d12,47d5051d,47ea5fe0
1173,9,3e853f9c,47d5051d,47ea5fe0
1174,9,3e856226,47d5051d,47ea5fe0
1175,9,3e8584b0,47d5051d,47ea5fe0
1176,9,3e85a73a,47d3b993,47ea5fe0
1177,9,3e85c9c2,47d3b993,47ea5fe0
1178,9,3e85ec4c,47d3b993,47ea5fe0
1179,9,3e860ed6,47d3b993,47ea5fe0
1180,9,3e863160,47d27011,47ea5fe0
1181,9,3e8653ea,47d27011,47ea5fe0
1182,9,3e867674,47d27011,47ea5fe0
1183,9,3e8698fe,47d27011,47ea5fe0
1184,9,3e86bb88,47d1288c,47ea5fe0
1185,9,3e86de10,47d1288c,47ea5fe0
1186,9,3e87009a,47d1288c,47ea5fe0
1187,9,3e872324,47d1288c,47ea5fe0
1188,9,3e8745ae,47cfe304,47ea5fe0
1189,9,3e876838,47cfe304,47ea5fe0
1190,9,3e878ac2,47cfe304,47ea5fe0
1191,9,3e87ad4c,47cfe304,47ea5fe0
1192,9,3e87cfd6,47ce9f7b,47ea5fe0
1193,9,3e87f25e,47ce9f7b,47ea5fe0
1194,9,3e8814e8,47ce9f7b,47ea5fe0
1195,9,3e883772,47ce9f7b,47ea5fe0
1196,9,3e8859fc,47cd5de6,47ea5fe0
1197,9,3e887c86,47cd5de6,47ea5fe0
1198,9,3e889f10,47cd5de6,47ea5fe0
1199,9,3e88c19a,47cd5de6,47ea5fe0
1200,9,3e88e424,47cc1e45,47ea5fe0
1201,9,3e8906ac,47cc1e45,47ea5fe0
1202,9,3e892936,47cc1e45,47ea5fe0
1203,9,3e894bc0,47cc1e45,47ea5fe0
1204,9,3e896e4a,47cae098,47ea5fe0
1205,9,3e8990d4,47cae098,47ea5fe0
1206,10,3e89b35e,47cae098,47ea5fe0
1207,10,3e89d5e8,47cae098,47ea5fe0
1208,10,3e89f872,47c9a4d7,47ea5fe0
1209,10,3e8a1afa,47c9a4d7,47ea5fe0
1210,10,3e8a3d84,47c9a4d7,47ea5fe0
1211,10,3e8a600e,47c9a4d7,47ea5fe0
1212,10,3e8a8298,47c86b03,47ea5fe0
1213,10,3e8aa522,47c86b03,47ea5fe0
1214,10,3e8ac7ac,47c86b03,47ea5fe0
1215,10,3e8aea36,47c86b03,47ea5fe0
1216,10,3e8b0cc0,47c73316,47ea5fe0
1217,10,3e8b2f48,47c73316,47ea5fe0
1218,10,3e8b51d2,47c73316,47ea5fe0
1219,10,3e8b745c,47c73316,47ea5fe0
1220,10,3e8b96e6,47c5fd11,47ea5fe0
1221,10,3e8bb970,47c5fd11,47ea5fe0
1222,10,3e8bdbfa,47c5fd11,47ea5fe0
1223,10,3e8bfe84,47c5fd11,47ea5fe0
1224,10,3e8c210e,47c4c8ed,47ea5fe0
1225,10,3e8c4396,47c4c8ed,47ea5fe0
1226,10,3e8c6620,47c4c8ed,47ea5fe0
1227,10,3e8c88aa,47c4c8ed,47ea5fe0
1228,10,3e8cab34,47c396a7,47ea5fe0
1229,10,3e8ccdbe,47c396a7,47ea5fe0
1230,10,3e8cf048,47c396a7,47ea5fe0
1231,10,3e8d12d2,47c396a7,47ea5fe0
1232,10,3e8d355c,47c26642,47ea5fe0
1233,10,3e8d57e4,47c26642,47ea5fe0
1234,10,3e8d7a6e,47c26642,47ea5fe0
1235,10,3e8d9cf8,47c26642,47ea5fe0
1236,10,3e8dbf82,47c137b3,47ea5fe0
1237,10,3e8de20c,47c137b3,47ea5fe0
1238,10,3e8e0496,47c137b3,47ea5fe0
1239,10,3e8e2720,47c137b3,47ea5fe0
1240,10,3e8e49aa,47c00afa,47ea5fe0
1241,10,3e8e6c32,47c00afa,47ea5fe0
1242,10,3e8e8ebc,47c00afa,47ea5fe0
1243,10,3e8eb146,47c00afa,47ea5fe0
1244,10,3e8ed3d0,47bee017,47ea5fe0
1245,10,3e8ef65a,47bee017,47ea5fe0
1246,10,3e8f18e4,47bee017,47ea5fe0
1247,10,3e8f3b6e,47bee017,47ea5fe0
1248,10,3e8f5df8,47bdb705,47ea5fe0
1249,10,3e8f8080,47bdb705,47ea5fe0
1250,10,3e8fa30a,47bdb705,47ea5fe0
1251,10,3e8fc594,47bdb705,47ea5fe0
1252,10,3e8fe81e,47bc8fc3,47ea5fe0
1253,10,3e900aa8,47bc8fc3,47ea5fe0
1254,10,3e902d32,47bc8fc3,47ea5fe0
1255,10,3e904fbc,47bc8fc3,47ea5fe0
1256,10,3e907246,47bb6a4a,47ea5fe0
1257,10,3e9094ce,47bb6a4a,47ea5fe0
1258,10,3e90b758,47bb6a4a,47ea5fe0
1259,10,3e90d9e2,47bb6a4a,47ea5fe0
1260,10,3e90fc6c,47ba469c,47ea5fe0
1261,10,3e911ef6,47ba469c,47ea5fe0
1262,10,3e914180,47ba469c,47ea5fe0
1263,10,3e91640a,47ba469c,47ea5fe0
1264,10,3e918694,47b924b1,47ea5fe0
1265,10,3e91a91c,47b924b1,47ea5fe0
1266,10,3e91cba6,47b924b1,47ea5fe0
1267,10,3e91ee30,47b924b1,47ea5fe0
1268,10,3e9210ba,47b8048d,47ea5fe0
1269,10,3e923344,47b8048d,47ea5fe0
1270,10,3e9255ce,47b8048d,47ea5fe0
1271,10,3e927858,47b8048d,47ea5fe0
1272,10,3e929ae2,47b6e628,47ea5fe0
1273,10,3e92bd6a,47b6e628,47ea5fe0
1274,10,3e92dff4,47b6e628,47ea5fe0
1275,10,3e93027e,47b6e628,47ea5fe0
1276,10,3e932508,47b5c980,47ea5fe0
1277,10,3e934792,47b5c980,47ea5fe0
1278,10,3e936a1c,47b5c980,47ea5fe0
1279,10,3e938ca6,47b5c980,47ea5fe0
1280,10,3e93af30,47b4ae93,47ea5fe0
1281,10,3e93d1b8,47b4ae93,47ea5fe0
1282,10,3e93f442,47b4ae93,47ea5fe0
1283,10,3e9416cc,47b4ae93,47ea5fe0
1284,10,3e943956,47b3955c,47ea5fe0
1285,10,3e945be0,47b3955c,47ea5fe0
1286,10,3e947e6a,47b3955c,47ea5fe0
1287,10,3e94a0f4,47b3955c,47ea5fe0
1288,10,3e94c37c,47b27de0,47ea5fe0
1289,10,3e94e606,47b27de0,47ea5fe0
1290,10,3e950890,47b27de0,47ea5fe0
1291,10,3e952b1a,47b27de0,47ea5fe0
1292,10,3e954da4,47b16814,47ea5fe0
1293,10,3e95702e,47b16814,47ea5fe0
1294,10,3e9592b8,47b16814,47ea5fe0
1295,10,3e95b542,47b16814,47ea5fe0
1296,10,3e95d7ca,47b053f9,47ea5fe0
1297,10,3e95fa54,47b053f9,47ea5fe0
1298,10,3e961cde,47b053f9,47ea5fe0
1299,10,3e963f68,47b053f9,47ea5fe0
1300,10,3e9661f2,47af4189,47ea5fe0
1301,10,3e96847c,47af4189,47ea5fe0
1302,10,3e96a706,47af4189,47ea5fe0
1303,10,3e96c990,47af4189,47ea5fe0
1304,10,3e96ec18,47ae30c6,47ea5fe0
1305,10,3e970ea2,47ae30c6,47ea5fe0
1306,10,3e97312c,47ae30c6,47ea5fe0
1307,10,3e9753b6,47ae30c6,47ea5fe0
1308,10,3e977640,47ad21ac,47ea5fe0
1309,10,3e9798ca,47ad21ac,47ea5fe0
1310,10,3e97bb54,47ad21ac,47ea5fe0
1311,10,3e97ddde,47ad21ac,47ea5fe0
1312,10,3e980066,47ac1437,47ea5fe0
1313,10,3e9822f0,47ac1437,47ea5fe0
1314,10,3e98457a,47ac1437,47ea5fe0
1315,10,3e986804,47ac1437,47ea5fe0
1316,10,3e988a8e,47ab0867,47ea5fe0
1317,10,3e98ad18,47ab0867,47ea5fe0
1318,10,3e98cfa2,47ab0867,47ea5fe0
1319,10,3e98f22c,47ab0867,47ea5fe0
1320,10,3e9914b4,47a9fe36,47ea5fe0
1321,10,3e99373e,47a9fe36,47ea5fe0
1322,10,3e9959c8,47a9fe36,47ea5fe0
1323,10,3e997c52,47a9fe36,47ea5fe0
1324,10,3e999edc,47a8f5a4,47ea5fe0
1325,10,3e99c166,47a8f5a4,47ea5fe0
1326,11,3e99e3f0,47a8f5a4,47ea5fe0
1327,11,3e9a067a,47a8f5a4,47ea5fe0
1328,11,3e9a2902,47a7eeb0,47ea5fe0
1329,11,3e9a4b8c,47a7eeb0,47ea5fe0
1330,11,3e9a6e16,47a7eeb0,47ea5fe0
1331,11,3e9a90a0,47a7eeb0,47ea5fe0
1332,11,3e9ab32a,47a6e952,47ea5fe0
1333,11,3e9ad5b4,47a6e952,47ea5fe0
1334,11,3e9af83e,47a6e952,47ea5fe0
1335,11,3e9b1ac8,47a6e952,47ea5fe0
1336,11,3e9b3d50,47a5e58e,47ea5fe0
1337,11,3e9b5fda,47a5e58e,47ea5fe0
1338,11,3e9b8264,47a5e58e,47ea5fe0
1339,11,3e9ba4ee,47a5e58e,47ea5fe0
1340,11,3e9bc778,47a4e35b,47ea5fe0
1341,11,3e9bea02,47a4e35b,47ea5fe0
1342,11,3e9c0c8c,47a4e35b,47ea5fe0
1343,11,3e9c2f16,47a4e35b,47ea5fe0
1344,11,3e9c519e,47a3e2bb,47ea5fe0
1345,11,3e9c7428,47a3e2bb,47ea5fe0
1346,11,3e9c96b2,47a3e2bb,47ea5fe0
1347,11,3e9cb93c,47a3e2bb,47ea5fe0
1348,11,3e9cdbc6,47a2e3aa,47ea5fe0
1349,11,3e9cfe50,47a2e3aa,47ea5fe0
1350,11,3e9d20da,47a2e3aa,47ea5fe0
1351,11,3e9d4364,47a2e3aa,47ea5fe0
1352,11,3e9d65ec,47a1e627,47ea5fe0
1353,11,3e9d8876,47a1e627,47ea5fe0
1354,11,3e9dab00,47a1e627,47ea5fe0
1355,11,3e9dcd8a,47a1e627,47ea5fe0
1356,11,3e9df014,47a0ea2e,47ea5fe0
1357,11,3e9e129e,47a0ea2e,47ea5fe0
1358,11,3e9e3528,47a0ea2e,47ea5fe0
1359,11,3e9e57b2,47a0ea2e,47ea5fe0
1360,11,3e9e7a3a,479fefbd,47ea5fe0
1361,11,3e9e9cc4,479fefbd,47ea5fe0
1362,11,3e9ebf4e,479fefbd,47ea5fe0
1363,11,3e9ee1d8,479fefbd,47ea5fe0
1364,11,3e9f0462,479ef6d2,47ea5fe0
1365,11,3e9f26ec,479ef6d2,47ea5fe0
1366,11,3e9f4976,479ef6d2,47ea5fe0
1367,11,3e9f6c00,479ef6d2,47ea5fe0
1368,11,3e9f8e88,479dff6c,47ea5fe0
1369,11,3e9fb112,479dff6c,47ea5fe0
1370,11,3e9fd39c,479dff6c,47ea5fe0
1371,11,3e9ff626,479dff6c,47ea5fe0
1372,11,3ea018b0,479d0986,47ea5fe0
1373,11,3ea03b3a,479d0986,47ea5fe0
1374,11,3ea05dc4,479d0986,47ea5fe0
1375,11,3ea0804e,479d0986,47ea5fe0
1376,11,3ea0a2d6,479c151d,479c3fe0
1377,11,3ea0c560,479c151d,479c3fe0
1378,11,3ea0e7ea,479c151d,479c3fe0
1379,11,3ea10a74,479c151d,479c3fe0
1380,11,3ea12cfe,479b2231,479c3fe0
1381,11,3ea14f88,479b2231,479c3fe0
1382,11,3ea17212,479b2231,479c3fe0
1383,11,3ea1949c,479b2231,479c3fe0
1384,11,3ea1b724,479a30bf,479c3fe0
1385,11,3ea1d9ae,479a30bf,479c3fe0
1386,11,3ea1fc38,479a30bf,479c3fe0
1387,11,3ea21ec2,479a30bf,479c3fe0
1388,11,3ea2414c,479940c4,479c3fe0
1389,11,3ea263d6,479940c4,479c3fe0
1390,11,3ea28660,479940c4,479c3fe0
1391,11,3ea2a8ea,479940c4,479c3fe0
1392,11,3ea2cb72,47985243,479c3fe0
1393,11,3ea2edfc,47985243,479c3fe0
1394,11,3ea31086,47985243,479c3fe0
1395,11,3ea33310,47985243,479c3fe0
1396,11,3ea3559a,47976532,479c3fe0
1397,11,3ea37824,47976532,479c3fe0
1398,11,3ea39aae,47976532,479c3fe0
1399,11,3ea3bd38,47976532,479c3fe0
1400,11,3ea3dfc0,4796798f,479c3fe0
1401,11,3ea4024a,4796798f,479c3fe0
1402,11,3ea424d4,4796798f,479c3fe0
1403,11,3ea4475e,4796798f,479c3fe0
1404,11,3ea469e8,47958f60,479c3fe0
1405,11,3ea48c72,47958f60,479c3fe0
1406,11,3ea4aefc,47958f60,479c3fe0
1407,11,3ea4d186,47958f60,479c3fe0
1408,11,3ea4f40e,4794a69c,479c3fe0
1409,11,3ea51698,4794a69c,479c3fe0
1410,11,3ea53922,4794a69c,479c3fe0
1411,11,3ea55bac,4794a69c,479c3fe0
1412,11,3ea57e36,4793bf3f,479c3fe0
1413,11,3ea5a0c0,4793bf3f,479c3fe0
1414,11,3ea5c34a,4793bf3f,479c3fe0
1415,11,3ea5e5d2,4793bf3f,479c3fe0
1416,11,3ea6085c,4792d94c,479c3fe0
1417,11,3ea62ae6,4792d94c,479c3fe0
1418,11,3ea64d70,4792d94c,479c3fe0
1419,11,3ea66ffa,4792d94c,479c3fe0
1420,11,3ea69284,4791f4c2,479c3fe0
1421,11,3ea6b50e,4791f4c2,479c3fe0
1422,11,3ea6d798,4791f4c2,479c3fe0
1423,11,3ea6fa20,4791f4c2,479c3fe0
1424,11,3ea71caa,47911198,479c3fe0
1425,11,3ea73f34,47911198,479c3fe0
1426,11,3ea761be,47911198,479c3fe0
1427,11,3ea78448,47911198,479c3fe0
1428,11,3ea7a6d2,47902fd0,479c3fe0
1429,11,3ea7c95c,47902fd0,479c3fe0
1430,11,3ea7ebe6,47902fd0,479c3fe0
1431,11,3ea80e6e,47902fd0,479c3fe0
1432,11,3ea830f8,478f4f69,479c3fe0
1433,11,3ea85382,478f4f69,479c3fe0
1434,11,3ea8760c,478f4f69,479c3fe0
1435,11,3ea89896,478f4f69,479c3fe0
1436,11,3ea8bb20,478e705e,479c3fe0
1437,11,3ea8ddaa,478e705e,479c3fe0
1438,11,3ea90034,478e705e,479c3fe0
1439,11,3ea922bc,478e705e,479c3fe0
1440,11,3ea94546,478d92ae,479c3fe0
1441,11,3ea967d0,478d92ae,479c3fe0
1442,11,3ea98a5a,478d92ae,479c3fe0
1443,11,3ea9ace4,478d92ae,479c3fe0
1444,11,3ea9cf6e,478cb658,479c3fe0
1445,11,3ea9f1f8,478cb658,479c3fe0
1446,11,3eaa1482,478cb658,479c3fe0
1447,12,3eaa370a,478cb658,479c3fe0
1448,12,3eaa5994,478bdb58,479c3fe0
1449,12,3eaa7c1e,478bdb58,479c3fe0
1450,12,3eaa9ea8,478bdb58,479c3fe0
1451,12,3eaac132,478bdb58,479c3fe0
1452,12,3eaae3bc,478b01b0,479c3fe0
1453,12,3eab0646,478b01b0,479c3fe0
1454,12,3eab28d0,478b01b0,479c3fe0
1455,12,3eab4b58,478b01b0,479c3fe0
1456,12,3eab6de2,478a2957,479c3fe0
1457,12,3eab906c,478a2957,479c3fe0
1458,12,3eabb2f6,478a2957,479c3fe0
1459,12,3eabd580,478a2957,479c3fe0
1460,12,3eabf80a,47895250,479c3fe0
1461,12,3eac1a94,47895250,479c3fe0
1462,12,3eac3d1e,47895250,479c3fe0
1463,12,3eac5fa6,47895250,479c3fe0
1464,12,3eac8230,47887c96,479c3fe0
1465,12,3eaca4ba,47887c96,479c3fe0
1466,12,3eacc744,47887c96,479c3fe0
1467,12,3eace9ce,47887c96,479c3fe0
1468,12,3ead0c58,4787a82a,479c3fe0
1469,12,3ead2ee2,4787a82a,479c3fe0
1470,12,3ead516c,4787a82a,479c3fe0
1471,12,3ead73f4,4787a82a,479c3fe0
1472,12,3ead967e,4786d508,479c3fe0
1473,12,3eadb908,4786d508,479c3fe0
1474,12,3eaddb92,4786d508,479c3fe0
1475,12,3eadfe1c,4786d508,479c3fe0
1476,12,3eae20a6,47860331,479c3fe0
1477,12,3eae4330,47860331,479c3fe0
1478,12,3eae65ba,47860331,479c3fe0
1479,12,3eae8842,47860331,479c3fe0
1480,12,3eaeaacc,4785329f,479c3fe0
1481,12,3eaecd56,4785329f,479c3fe0
1482,12,3eaeefe0,4785329f,479c3fe0
1483,12,3eaf126a,4785329f,479c3fe0
1484,12,3eaf34f4,47846351,479c3fe0
1485,12,3eaf577e,47846351,479c3fe0
1486,12,3eaf7a08,47846351,479c3fe0
1487,12,3eaf9c90,47846351,479c3fe0
1488,12,3eafbf1a,47839547,479c3fe0
1489,12,3eafe1a4,47839547,479c3fe0
1490,12,3eb0042e,47839547,479c3fe0
1491,12,3eb026b8,47839547,479c3fe0
1492,12,3eb04942,4782c87c,479c3fe0
1493,12,3eb06bcc,4782c87c,479c3fe0
1494,12,3eb08e56,4782c87c,479c3fe0
1495,12,3eb0b0de,4782c87c,479c3fe0
1496,12,3eb0d368,4781fcf0,479c3fe0
1497,12,3eb0f5f2,4781fcf0,479c3fe0
1498,12,3eb1187c,4781fcf0,479c3fe0
1499,12,3eb13b06,4781fcf0,479c3fe0
1500,12,3eb15d90,478132a0,479c3fe0
1501,12,3eb1801a,478132a0,479c3fe0
1502,12,3eb1a2a4,478132a0,479c3fe0
1503,12,3eb1c52c,478132a0,479c3fe0
1504,12,3eb1e7b6,4780698e,479c3fe0
1505,12,3eb20a40,4780698e,479c3fe0
1506,12,3eb22cca,4780698e,479c3fe0
1507,12,3eb24f54,4780698e,479c3fe0
1508,12,3eb271de,477f4363,479c3fe0
1509,12,3eb29468,477f4363,479c3fe0
1510,12,3eb2b6f2,477f4363,479c3fe0
1511,12,3eb2d97a,477f4363,479c3fe0
1512,12,3eb2fc04,477db61b,479c3fe0
1513,12,3eb31e8e,477db61b,479c3fe0
1514,12,3eb34118,477db61b,479c3fe0
1515,12,3eb363a2,477db61b,479c3fe0
1516,12,3eb3862c,477c2b3e,479c3fe0
1517,12,3eb3a8b6,477c2b3e,479c3fe0
1518,12,3eb3cb40,477c2b3e,479c3fe0
1519,12,3eb3edc8,477c2b3e,479c3fe0
1520,12,3eb41052,477aa2c6,479c3fe0
1521,12,3eb432dc,477aa2c6,479c3fe0
1522,12,3eb45566,477aa2c6,479c3fe0
1523,12,3eb477f0,477aa2c6,479c3fe0
1524,12,3eb49a7a,47791cb2,479c3fe0
1525,12,3eb4bd04,47791cb2,479c3fe0
1526,12,3eb4df8e,47791cb2,479c3fe0
1527,12,3eb50216,47791cb2,479c3fe0
1528,12,3eb524a0,477798fe,479c3fe0
1529,12,3eb5472a,477798fe,479c3fe0
1530,12,3eb569b4,477798fe,479c3fe0
1531,12,3eb58c3e,477798fe,479c3fe0
1532,12,3eb5aec8,477617a7,479c3fe0
1533,12,3eb5d152,477617a7,479c3fe0
1534,12,3eb5f3dc,477617a7,479c3fe0
1535,12,3eb61664,477617a7,479c3fe0
1536,12,3eb638ee,477498a2,479c3fe0
1537,12,3eb65b78,477498a2,479c3fe0
1538,12,3eb67e02,477498a2,479c3fe0
1539,12,3eb6a08c,477498a2,479c3fe0
1540,12,3eb6c316,47731bf6,479c3fe0
1541,12,3eb6e5a0,47731bf6,479c3fe0
1542,12,3eb70828,47731bf6,479c3fe0
1543,12,3eb72ab2,47731bf6,479c3fe0
1544,12,3eb74d3c,4771a199,479c3fe0
1545,12,3eb76fc6,4771a199,479c3fe0
1546,12,3eb79250,4771a199,479c3fe0
1547,12,3eb7b4da,4771a199,479c3fe0
1548,12,3eb7d764,4770298a,479c3fe0
1549,12,3eb7f9ee,4770298a,479c3fe0
1550,12,3eb81c76,4770298a,479c3fe0
1551,12,3eb83f00,4770298a,479c3fe0
1552,12,3eb8618a,476eb3c4,479c3fe0
1553,12,3eb88414,476eb3c4,479c3fe0
1554,12,3eb8a69e,476eb3c4,479c3fe0
1555,12,3eb8c928,476eb3c4,479c3fe0
1556,12,3eb8ebb2,476d403e,479c3fe0
1557,12,3eb90e3c,476d403e,479c3fe0
1558,12,3eb930c4,476d403e,479c3fe0
1559,12,3eb9534e,476d403e,479c3fe0
1560,12,3eb975d8,476bcf03,479c3fe0
1561,12,3eb99862,476bcf03,479c3fe0
1562,12,3eb9baec,476bcf03,479c3fe0
1563,12,3eb9dd76,476bcf03,479c3fe0
1564,12,3eba0000,476a6000,479c3fe0
1565,12,3eba228a,476a6000,479c3fe0
1566,12,3eba4512,476a6000,479c3fe0
1567,13,3eba679c,476a6000,479c3fe0
1568,13,3eba8a26,4768f33b,476a5fd0
1569,13,3ebaacb0,4768f33b,476a5fd0
1570,13,3ebacf3a,4768f33b,476a5fd0
1571,13,3ebaf1c4,4768f33b,476a5fd0
1572,13,3ebb144e,476788ae,476a5fd0
1573,13,3ebb36d8,476788ae,476a5fd0
1574,13,3ebb5960,476788ae,476a5fd0
1575,13,3ebb7bea,476788ae,476a5fd0
1576,13,3ebb9e74,47662054,476a5fd0
1577,13,3ebbc0fe,47662054,476a5fd0
1578,13,3ebbe388,47662054,476a5fd0
1579,13,3ebc0612,47662054,476a5fd0
1580,13,3ebc289c,4764ba2c,476a5fd0
1581,13,3ebc4b26,4764ba2c,476a5fd0
1582,13,3ebc6dae,4764ba2c,476a5fd0
1583,13,3ebc9038,4764ba2c,476a5fd0
1584,13,3ebcb2c2,47635630,476a5fd0
1585,13,3ebcd54c,47635630,476a5fd0
1586,13,3ebcf7d6,47635630,476a5fd0
1587,13,3ebd1a60,47635630,476a5fd0
1588,13,3ebd3cea,4761f45e,476a5fd0
1589,13,3ebd5f74,4761f45e,476a5fd0
1590,13,3ebd81fc,4761f45e,476a5fd0
1591,13,3ebda486,4761f45e,476a5fd0
1592,13,3ebdc710,476094b4,476a5fd0
1593,13,3ebde99a,476094b4,476a5fd0
1594,13,3ebe0c24,476094b4,476a5fd0
1595,13,3ebe2eae,476094b4,476a5fd0
1596,13,3ebe5138,475f372d,476a5fd0
1597,13,3ebe73c2,475f372d,476a5fd0
1598,13,3ebe964a,475f372d,476a5fd0
1599,13,3ebeb8d4,475f372d,476a5fd0
1600,13,3ebedb5e,475ddbc8,476a5fd0
1601,13,3ebefde8,475ddbc8,476a5fd0
1602,13,3ebf2072,475ddbc8,476a5fd0
1603,13,3ebf42fc,475ddbc8,476a5fd0
1604,13,3ebf6586,475c827c,476a5fd0
1605,13,3ebf8810,475c827c,476a5fd0
1606,13,3ebfaa98,475c827c,476a5fd0
1607,13,3ebfcd22,475c827c,476a5fd0
1608,13,3ebfefac,475b2b4b,476a5fd0
1609,13,3ec01236,475b2b4b,476a5fd0
1610,13,3ec034c0,475b2b4b,476a5fd0
1611,13,3ec0574a,475b2b4b,476a5fd0
1612,13,3ec079d4,4759d62f,476a5fd0
1613,13,3ec09c5e,4759d62f,476a5fd0
1614,13,3ec0bee6,4759d62f,476a5fd0
1615,13,3ec0e170,4759d62f,476a5fd0
1616,13,3ec103fa,47588328,476a5fd0
1617,13,3ec12684,47588328,476a5fd0
1618,13,3ec1490e,47588328,476a5fd0
1619,13,3ec16b98,47588328,476a5fd0
1620,13,3ec18e22,47573230,476a5fd0
1621,13,3ec1b0ac,47573230,476a5fd0
1622,13,3ec1d334,47573230,476a5fd0
1623,13,3ec1f5be,47573230,476a5fd0
1624,13,3ec21848,4755e344,476a5fd0
1625,13,3ec23ad2,4755e344,476a5fd0
1626,13,3ec25d5c,4755e344,476a5fd0
1627,13,3ec27fe6,4755e344,476a5fd0
1628,13,3ec2a270,47549663,476a5fd0
1629,13,3ec2c4fa,47549663,476a5fd0
1630,13,3ec2e782,47549663,476a5fd0
1631,13,3ec30a0c,47549663,476a5fd0
1632,13,3ec32c96,47534b86,476a5fd0
1633,13,3ec34f20,47534b86,476a5fd0
1634,13,3ec371aa,47534b86,476a5fd0
1635,13,3ec39434,47534b86,476a5fd0
1636,13,3ec3b6be,475202aa,476a5fd0
1637,13,3ec3d948,475202aa,476a5fd0
1638,13,3ec3fbd0,475202aa,476a5fd0
1639,13,3ec41e5a,475202aa,476a5fd0
1640,13,3ec440e4,4750bbd1,476a5fd0
1641,13,3ec4636e,4750bbd1,476a5fd0
1642,13,3ec485f8,4750bbd1,476a5fd0
1643,13,3ec4a882,4750bbd1,476a5fd0
1644,13,3ec4cb0c,474f76f5,476a5fd0
1645,13,3ec4ed96,474f76f5,476a5fd0
1646,13,3ec5101e,474f76f5,476a5fd0
1647,13,3ec532a8,474f76f5,476a5fd0
1648,13,3ec55532,474e3411,476a5fd0
1649,13,3ec577bc,474e3411,476a5fd0
1650,13,3ec59a46,474e3411,476a5fd0
1651,13,3ec5bcd0,474e3411,476a5fd0
1652,13,3ec5df5a,474cf323,476a5fd0
1653,13,3ec601e4,474cf323,476a5fd0
1654,13,3ec6246c,474cf323,476a5fd0
1655,13,3ec646f6,474cf323,476a5fd0
1656,13,3ec66980,474bb42a,476a5fd0
1657,13,3ec68c0a,474bb42a,476a5fd0
1658,13,3ec6ae94,474bb42a,476a5fd0
1659,13,3ec6d11e,474bb42a,476a5fd0
1660,13,3ec6f3a8,474a7722,476a5fd0
1661,13,3ec71632,474a7722,476a5fd0
1662,13,3ec738ba,474a7722,476a5fd0
1663,13,3ec75b44,474a7722,476a5fd0
1664,13,3ec77dce,47493c04,476a5fd0
1665,13,3ec7a058,47493c04,476a5fd0
1666,13,3ec7c2e2,47493c04,476a5fd0
1667,13,3ec7e56c,47493c04,476a5fd0
1668,13,3ec807f6,474802d4,476a5fd0
1669,13,3ec82a7e,474802d4,476a5fd0
1670,13,3ec84d08,474802d4,476a5fd0
1671,13,3ec86f92,474802d4,476a5fd0
1672,13,3ec8921c,4746cb8b,476a5fd0
1673,13,3ec8b4a6,4746cb8b,476a5fd0
1674,13,3ec8d730,4746cb8b,476a5fd0
1675,13,3ec8f9ba,4746cb8b,476a5fd0
1676,13,3ec91c44,47459625,476a5fd0
1677,13,3ec93ecc,47459625,476a5fd0
1678,13,3ec96156,47459625,476a5fd0
1679,13,3ec983e0,47459625,476a5fd0
1680,13,3ec9a66a,474462a2,476a5fd0
1681,13,3ec9c8f4,474462a2,476a5fd0
1682,13,3ec9eb7e,474462a2,476a5fd0
1683,13,3eca0e08,474462a2,476a5fd0
1684,13,3eca3092,474330fd,476a5fd0
1685,13,3eca531a,474330fd,476a5fd0
1686,13,3eca75a4,474330fd,476a5fd0
1687,13,3eca982e,474330fd,476a5fd0
1688,14,3ecabab8,47420133,476a5fd0
1689,14,3ecadd42,47420133,476a5fd0
1690,14,3ecaffcc,47420133,476a5fd0
1691,14,3ecb2256,47420133,476a5fd0
1692,14,3ecb44e0,4740d342,476a5fd0
1693,14,3ecb6768,4740d342,476a5fd0
1694,14,3ecb89f2,4740d342,476a5fd0
1695,14,3ecbac7c,4740d342,476a5fd0
1696,14,3ecbcf06,473fa726,476a5fd0
1697,14,3ecbf190,473fa726,476a5fd0
1698,14,3ecc141a,473fa726,476a5fd0
1699,14,3ecc36a4,473fa726,476a5fd0
1700,14,3ecc592e,473e7cdf,476a5fd0
1701,14,3ecc7bb6,473e7cdf,476a5fd0
1702,14,3ecc9e40,473e7cdf,476a5fd0
1703,14,3eccc0ca,473e7cdf,476a5fd0
1704,14,3ecce354,473d5468,476a5fd0
1705,14,3ecd05de,473d5468,476a5fd0
1706,14,3ecd2868,473d5468,476a5fd0
1707,14,3ecd4af2,473d5468,476a5fd0
1708,14,3ecd6d7c,473c2dbd,476a5fd0
1709,14,3ecd9004,473c2dbd,476a5fd0
1710,14,3ecdb28e,473c2dbd,476a5fd0
1711,14,3ecdd518,473c2dbd,476a5fd0
1712,14,3ecdf7a2,473b08de,476a5fd0
1713,14,3ece1a2c,473b08de,476a5fd0
1714,14,3ece3cb6,473b08de,476a5fd0
1715,14,3ece5f40,473b08de,476a5fd0
1716,14,3ece81ca,4739e5c6,476a5fd0
1717,14,3ecea452,4739e5c6,476a5fd0
1718,14,3ecec6dc,4739e5c6,476a5fd0
1719,14,3ecee966,4739e5c6,476a5fd0
1720,14,3ecf0bf0,4738c474,476a5fd0
1721,14,3ecf2e7a,4738c474,476a5fd0
1722,14,3ecf5104,4738c474,476a5fd0
1723,14,3ecf738e,4738c474,476a5fd0
1724,14,3ecf9618,4737a4e5,476a5fd0
1725,14,3ecfb8a0,4737a4e5,476a5fd0
1726,14,3ecfdb2a,4737a4e5,476a5fd0
1727,14,3ecffdb4,4737a4e5,476a5fd0
1728,14,3ed0203e,47368713,476a5fd0
1729,14,3ed042c8,47368713,476a5fd0
1730,14,3ed06552,47368713,476a5fd0
1731,14,3ed087dc,47368713,476a5fd0
1732,14,3ed0aa66,47356b00,476a5fd0
1733,14,3ed0ccee,47356b00,476a5fd0
1734,14,3ed0ef78,47356b00,476a5fd0
1735,14,3ed11202,47356b00,476a5fd0
1736,14,3ed1348c,473450a4,476a5fd0
1737,14,3ed15716,473450a4,476a5fd0
1738,14,3ed179a0,473450a4,476a5fd0
1739,14,3ed19c2a,473450a4,476a5fd0
1740,14,3ed1beb4,47333802,476a5fd0
1741,14,3ed1e13c,47333802,476a5fd0
1742,14,3ed203c6,47333802,476a5fd0
1743,14,3ed22650,47333802,476a5fd0
1744,14,3ed248da,47322115,476a5fd0
1745,14,3ed26b64,47322115,476a5fd0
1746,14,3ed28dee,47322115,476a5fd0
1747,14,3ed2b078,47322115,476a5fd0
1748,14,3ed2d302,47310bda,476a5fd0
1749,14,3ed2f58a,47310bda,476a5fd0
1750,14,3ed31814,47310bda,476a5fd0
1751,14,3ed33a9e,47310bda,476a5fd0
1752,14,3ed35d28,472ff84d,476a5fd0
1753,14,3ed37fb2,472ff84d,476a5fd0
1754,14,3ed3a23c,472ff84d,476a5fd0
1755,14,3ed3c4c6,472ff84d,476a5fd0
1756,14,3ed3e750,472ee66d,476a5fd0
1757,14,3ed409d8,472ee66d,476a5fd0
1758,14,3ed42c62,472ee66d,476a5fd0
1759,14,3ed44eec,472ee66d,476a5fd0
1760,14,3ed47176,472dd63a,476a5fd0
1761,14,3ed49400,472dd63a,476a5fd0
1762,14,3ed4b68a,472dd63a,476a5fd0
1763,14,3ed4d914,472dd63a,476a5fd0
1764,14,3ed4fb9e,472cc7ad,476a5fd0
1765,14,3ed51e26,472cc7ad,476a5fd0
1766,14,3ed540b0,472cc7ad,476a5fd0
1767,14,3ed5633a,472cc7ad,476a5fd0
1768,14,3ed585c4,472bbac5,476a5fd0
1769,14,3ed5a84e,472bbac5,476a5fd0
1770,14,3ed5cad8,472bbac5,476a5fd0
1771,14,3ed5ed62,472bbac5,476a5fd0
1772,14,3ed60fec,472aaf7d,476a5fd0
1773,14,3ed63274,472aaf7d,476a5fd0
1774,14,3ed654fe,472aaf7d,476a5fd0
1775,14,3ed67788,472aaf7d,476a5fd0
1776,14,3ed69a12,4729a5d8,476a5fd0
1777,14,3ed6bc9c,4729a5d8,476a5fd0
1778,14,3ed6df26,4729a5d8,476a5fd0
1779,14,3ed701b0,4729a5d8,476a5fd0
1780,14,3ed7243a,47289dd1,476a5fd0
1781,14,3ed746c2,47289dd1,476a5fd0
1782,14,3ed7694c,47289dd1,476a5fd0
1783,14,3ed78bd6,47289dd1,476a5fd0
1784,14,3ed7ae60,47279764,476a5fd0
1785,14,3ed7d0ea,47279764,476a5fd0
1786,14,3ed7f374,47279764,476a5fd0
1787,14,3ed815fe,47279764,476a5fd0
1788,14,3ed83888,4726928e,476a5fd0
1789,14,3ed85b10,4726928e,476a5fd0
1790,14,3ed87d9a,4726928e,476a5fd0
1791,14,3ed8a024,4726928e,476a5fd0
1792,14,3ed8c2ae,47258f4e,476a5fd0
1793,14,3ed8e538,47258f4e,476a5fd0
1794,14,3ed907c2,47258f4e,476a5fd0
1795,14,3ed92a4c,47258f4e,476a5fd0
1796,14,3ed94cd4,47248da3,476a5fd0
1797,14,3ed96f5e,47248da3,476a5fd0
1798,14,3ed991e8,47248da3,476a5fd0
1799,14,3ed9b472,47248da3,476a5fd0
1800,14,3ed9d6fc,47238d89,476a5fd0
1801,14,3ed9f986,47238d89,476a5fd0
1802,14,3eda1c10,47238d89,476a5fd0
1803,14,3eda3e9a,47238d89,476a5fd0
1804,14,3eda6122,47228efe,476a5fd0
1805,14,3eda83ac,47228efe,476a5fd0
1806,14,3edaa636,47228efe,476a5fd0
1807,14,3edac8c0,47228efe,476a5fd0
1808,15,3edaeb4a,472191fd,476a5fd0
1809,15,3edb0dd4,472191fd,476a5fd0
1810,15,3edb305e,472191fd,476a5fd0
1811,15,3edb52e8,472191fd,476a5fd0
1812,15,3edb7570,47209687,476a5fd0
1813,15,3edb97fa,47209687,476a5fd0
1814,15,3edbba84,47209687,476a5fd0
1815,15,3edbdd0e,47209687,476a5fd0
1816,15,3edbff98,471f9c9a,476a5fd0
1817,15,3edc2222,471f9c9a,476a5fd0
1818,15,3edc44ac,471f9c9a,476a5fd0
1819,15,3edc6736,471f9c9a,476a5fd0
1820,15,3edc89be,471ea42e,476a5fd0
1821,15,3edcac48,471ea42e,476a5fd0
1822,15,3edcced2,471ea42e,476a5fd0
1823,15,3edcf15c,471ea42e,476a5fd0
1824,15,3edd13e6,471dad48,476a5fd0
1825,15,3edd3670,471dad48,476a5fd0
1826,15,3edd58fa,471dad48,476a5fd0
1827,15,3edd7b84,471dad48,476a5fd0
1828,15,3edd9e0c,471cb7e1,476a5fd0
1829,15,3eddc096,471cb7e1,476a5fd0
1830,15,3edde320,471cb7e1,476a5fd0
1831,15,3ede05aa,471cb7e1,476a5fd0
1832,15,3ede2834,471bc3f9,471c3fd5
1833,15,3ede4abe,471bc3f9,471c3fd5
1834,15,3ede6d48,471bc3f9,471c3fd5
1835,15,3ede8fd2,471bc3f9,471c3fd5
1836,15,3edeb25a,471ad18c,471c3fd5
1837,15,3eded4e4,471ad18c,471c3fd5
1838,15,3edef76e,471ad18c,471c3fd5
1839,15,3edf19f8,471ad18c,471c3fd5
1840,15,3edf3c82,4719e098,471c3fd5
1841,15,3edf5f0c,4719e098,471c3fd5
1842,15,3edf8196,4719e098,471c3fd5
1843,15,3edfa420,4719e098,471c3fd5
1844,15,3edfc6a8,4718f11c,471c3fd5
1845,15,3edfe932,4718f11c,471c3fd5
1846,15,3ee00bbc,4718f11c,471c3fd5
1847,15,3ee02e46,4718f11c,471c3fd5
1848,15,3ee050d0,47180313,471c3fd5
1849,15,3ee0735a,47180313,471c3fd5
1850,15,3ee095e4,47180313,471c3fd5
1851,15,3ee0b86e,47180313,471c3fd5
1852,15,3ee0daf6,4717167d,471c3fd5
1853,15,3ee0fd80,4717167d,471c3fd5
1854,15,3ee1200a,4717167d,471c3fd5
1855,15,3ee14294,4717167d,471c3fd5
1856,15,3ee1651e,47162b58,471c3fd5
1857,15,3ee187a8,47162b58,471c3fd5
1858,15,3ee1aa32,47162b58,471c3fd5
1859,15,3ee1ccbc,47162b58,471c3fd5
1860,15,3ee1ef44,471541a0,471c3fd5
1861,15,3ee211ce,471541a0,471c3fd5
1862,15,3ee23458,471541a0,471c3fd5
1863,15,3ee256e2,471541a0,471c3fd5
1864,15,3ee2796c,47145953,471c3fd5
1865,15,3ee29bf6,47145953,471c3fd5
1866,15,3ee2be80,47145953,471c3fd5
1867,15,3ee2e10a,47145953,471c3fd5
1868,15,3ee30392,47137272,471c3fd5
1869,15,3ee3261c,47137272,471c3fd5
1870,15,3ee348a6,47137272,471c3fd5
1871,15,3ee36b30,47137272,471c3fd5
1872,15,3ee38dba,47128cf7,471c3fd5
1873,15,3ee3b044,47128cf7,471c3fd5
1874,15,3ee3d2ce,47128cf7,471c3fd5
1875,15,3ee3f558,47128cf7,471c3fd5
1876,15,3ee417e0,4711a8e1,471c3fd5
1877,15,3ee43a6a,4711a8e1,471c3fd5
1878,15,3ee45cf4,4711a8e1,471c3fd5
1879,15,3ee47f7e,4711a8e1,471c3fd5
1880,15,3ee4a208,4710c62d,471c3fd5
1881,15,3ee4c492,4710c62d,471c3fd5
1882,15,3ee4e71c,4710c62d,471c3fd5
1883,15,3ee509a6,4710c62d,471c3fd5
1884,15,3ee52c2e,470fe4dd,471c3fd5
1885,15,3ee54eb8,470fe4dd,471c3fd5
1886,15,3ee57142,470fe4dd,471c3fd5
1887,15,3ee593cc,470fe4dd,471c3fd5
1888,15,3ee5b656,470f04e9,471c3fd5
1889,15,3ee5d8e0,470f04e9,471c3fd5
1890,15,3ee5fb6a,470f04e9,471c3fd5
1891,15,3ee61df4,470f04e9,471c3fd5
1892,15,3ee6407c,470e2654,471c3fd5
1893,15,3ee66306,470e2654,471c3fd5
1894,15,3ee68590,470e2654,471c3fd5
1895,15,3ee6a81a,470e2654,471c3fd5
1896,15,3ee6caa4,470d4916,471c3fd5
1897,15,3ee6ed2e,470d4916,471c3fd5
1898,15,3ee70fb8,470d4916,471c3fd5
1899,15,3ee73242,470d4916,471c3fd5
1900,15,3ee754cc,470c6d33,471c3fd5
1901,15,3ee77756,470c6d33,471c3fd5
1902,15,3ee799de,470c6d33,471c3fd5
1903,15,3ee7bc68,470c6d33,471c3fd5
1904,15,3ee7def2,470b92a6,471c3fd5
1905,15,3ee8017c,470b92a6,471c3fd5
1906,15,3ee82406,470b92a6,471c3fd5
1907,15,3ee84690,470b92a6,471c3fd5
1908,15,3ee8691a,470ab96b,471c3fd5
1909,15,3ee88ba4,470ab96b,471c3fd5
1910,15,3ee8ae2c,470ab96b,471c3fd5
1911,15,3ee8d0b6,470ab96b,471c3fd5
1912,15,3ee8f340,4709e183,471c3fd5
1913,15,3ee915ca,4709e183,471c3fd5
1914,15,3ee93854,4709e183,471c3fd5
1915,15,3ee95ade,4709e183,471c3fd5
1916,15,3ee97d68,47090aec,471c3fd5
1917,15,3ee99ff2,47090aec,471c3fd5
1918,15,3ee9c27a,47090aec,471c3fd5
1919,15,3ee9e504,47090aec,471c3fd5
1920,15,3eea078e,470835a3,471c3fd5
1921,15,3eea2a18,470835a3,471c3fd5
1922,15,3eea4ca2,470835a3,471c3fd5
1923,15,3eea6f2c,470835a3,471c3fd5
1924,15,3eea91b6,470761a6,471c3fd5
1925,15,3eeab43e,470761a6,471c3fd5
1926,15,3eead6c8,470761a6,471c3fd5
1927,15,3eeaf952,470761a6,471c3fd5
1928,15,3eeb1bdc,47068ef2,471c3fd5
1929,16,3eeb3e66,47068ef2,471c3fd5
1930,16,3eeb60f0,47068ef2,471c3fd5
1931,16,3eeb837a,47068ef2,471c3fd5
1932,16,3eeba604,4705bd86,471c3fd5
1933,16,3eebc88c,4705bd86,471c3fd5
1934,16,3eebeb16,4705bd86,471c3fd5
1935,16,3eec0da0,4705bd86,471c3fd5
1936,16,3eec302a,4704ed61,471c3fd5
1937,16,3eec52b4,4704ed61,471c3fd5
1938,16,3eec753e,4704ed61,471c3fd5
1939,16,3eec97c8,4704ed61,471c3fd5
1940,16,3eecba52,47041e7d,471c3fd5
1941,16,3eecdcda,47041e7d,471c3fd5
1942,16,3eecff64,47041e7d,471c3fd5
1943,16,3eed21ee,47041e7d,471c3fd5
1944,16,3eed4478,470350df,471c3fd5
1945,16,3eed6702,470350df,471c3fd5
1946,16,3eed898c,470350df,471c3fd5
1947,16,3eedac16,470350df,471c3fd5
1948,16,3eedcea0,4702847f,471c3fd5
1949,16,3eedf128,4702847f,471c3fd5
1950,16,3eee13b2,4702847f,471c3fd5
1951,16,3eee363c,4702847f,471c3fd5
1952,16,3eee58c6,4701b95d,471c3fd5
1953,16,3eee7b50,4701b95d,471c3fd5
1954,16,3eee9dda,4701b95d,471c3fd5
1955,16,3eeec064,4701b95d,471c3fd5
1956,16,3eeee2ee,4700ef78,471c3fd5
1957,16,3eef0576,4700ef78,471c3fd5
1958,16,3eef2800,4700ef78,471c3fd5
1959,16,3eef4a8a,4700ef78,471c3fd5
1960,16,3eef6d14,470026ce,471c3fd5
1961,16,3eef8f9e,470026ce,471c3fd5
1962,16,3eefb228,470026ce,471c3fd5
1963,16,3eefd4b2,470026ce,471c3fd5
1964,16,3eeff73c,46febeb0,471c3fd5
1965,16,3ef019c4,46febeb0,471c3fd5
1966,16,3ef03c4e,46febeb0,471c3fd5
1967,16,3ef05ed8,46febeb0,471c3fd5
1968,16,3ef08162,46fd323a,471c3fd5
1969,16,3ef0a3ec,46fd323a,471c3fd5
1970,16,3ef0c676,46fd323a,471c3fd5
1971,16,3ef0e900,46fd323a,471c3fd5
1972,16,3ef10b8a,46fba826,471c3fd5
1973,16,3ef12e12,46fba826,471c3fd5
1974,16,3ef1509c,46fba826,471c3fd5
1975,16,3ef17326,46fba826,471c3fd5
1976,16,3ef195b0,46fa207f,471c3fd5
1977,16,3ef1b83a,46fa207f,471c3fd5
1978,16,3ef1dac4,46fa207f,471c3fd5
1979,16,3ef1fd4e,46fa207f,471c3fd5
1980,16,3ef21fd8,46f89b35,471c3fd5
1981,16,3ef24260,46f89b35,471c3fd5
1982,16,3ef264ea,46f89b35,471c3fd5
1983,16,3ef28774,46f89b35,471c3fd5
1984,16,3ef2a9fe,46f71848,471c3fd5
1985,16,3ef2cc88,46f71848,471c3fd5
1986,16,3ef2ef12,46f71848,471c3fd5
1987,16,3ef3119c,46f71848,471c3fd5
1988,16,3ef33426,46f597b9,471c3fd5
1989,16,3ef356ae,46f597b9,471c3fd5
1990,16,3ef37938,46f597b9,471c3fd5
1991,16,3ef39bc2,46f597b9,471c3fd5
1992,16,3ef3be4c,46f4197e,471c3fd5
1993,16,3ef3e0d6,46f4197e,471c3fd5
1994,16,3ef40360,46f4197e,471c3fd5
1995,16,3ef425ea,46f4197e,471c3fd5
1996,16,3ef44874,46f29d95,471c3fd5
1997,16,3ef46afc,46f29d95,471c3fd5
1998,16,3ef48d86,46f29d95,471c3fd5
1999,16,3ef4b010,46f29d95,471c3fd5
2000,16,3ef4d29a,46f123fc,471c3fd5
2001,16,3ef4f524,46f123fc,471c3fd5
2002,16,3ef517ae,46f123fc,471c3fd5
2003,16,3ef53a38,46f123fc,471c3fd5
2004,16,3ef55cc2,46efacaf,471c3fd5
2005,16,3ef57f4a,46efacaf,471c3fd5
2006,16,3ef5a1d4,46efacaf,471c3fd5
2007,16,3ef5c45e,46efacaf,471c3fd5
2008,16,3ef5e6e8,46ee37ab,471c3fd5
2009,16,3ef60972,46ee37ab,471c3fd5
2010,16,3ef62bfc,46ee37ab,471c3fd5
2011,16,3ef64e86,46ee37ab,471c3fd5
2012,16,3ef67110,46ecc4e9,471c3fd5
2013,16,3ef69398,46ecc4e9,471c3fd5
2014,16,3ef6b622,46ecc4e9,471c3fd5
2015,16,3ef6d8ac,46ecc4e9,471c3fd5
2016,16,3ef6fb36,46eb546b,471c3fd5
2017,16,3ef71dc0,46eb546b,471c3fd5
2018,16,3ef7404a,46eb546b,471c3fd5
2019,16,3ef762d4,46eb546b,471c3fd5
2020,16,3ef7855e,46e9e62b,46ea5fc0
2021,16,3ef7a7e6,46e9e62b,46ea5fc0
2022,16,3ef7ca70,46e9e62b,46ea5fc0
2023,16,3ef7ecfa,46e9e62b,46ea5fc0
2024,16,3ef80f84,46e87a21,46ea5fc0
2025,16,3ef8320e,46e87a21,46ea5fc0
2026,16,3ef85498,46e87a21,46ea5fc0
2027,16,3ef87722,46e87a21,46ea5fc0
2028,16,3ef899ac,46e71050,46ea5fc0
2029,16,3ef8bc34,46e71050,46ea5fc0
2030,16,3ef8debe,46e71050,46ea5fc0
2031,16,3ef90148,46e71050,46ea5fc0
2032,16,3ef923d2,46e5a8b1,46ea5fc0
2033,16,3ef9465c,46e5a8b1,46ea5fc0
2034,16,3ef968e6,46e5a8b1,46ea5fc0
2035,16,3ef98b70,46e5a8b1,46ea5fc0
2036,16,3ef9adfa,46e44344,46ea5fc0
2037,16,3ef9d082,46e44344,46ea5fc0
2038,16,3ef9f30c,46e44344,46ea5fc0
2039,16,3efa1596,46e44344,46ea5fc0
2040,16,3efa3820,46e2e002,46ea5fc0
2041,16,3efa5aaa,46e2e002,46ea5fc0
2042,16,3efa7d34,46e2e002,46ea5fc0
2043,16,3efa9fbe,46e2e002,46ea5fc0
2044,16,3efac248,46e17eeb,46ea5fc0
2045,16,3efae4d0,46e17eeb,46ea5fc0
2046,16,3efb075a,46e17eeb,46ea5fc0
2047,16,3efb29e4,46e17eeb,46ea5fc0
2048,16,3efb4c6e,46e01ff5,46ea5fc0
2049,17,3efb6ef8,46e01ff5,46ea5fc0
2050,17,3efb9182,46e01ff5,46ea5fc0
2051,17,3efbb40c,46e01ff5,46ea5fc0
2052,17,3efbd694,46dec326,46ea5fc0
2053,17,3efbf91e,46dec326,46ea5fc0
2054,17,3efc1ba8,46dec326,46ea5fc0
2055,17,3efc3e32,46dec326,46ea5fc0
2056,17,3efc60bc,46dd6872,46ea5fc0
2057,17,3efc8346,46dd6872,46ea5fc0
2058,17,3efca5d0,46dd6872,46ea5fc0
2059,17,3efcc85a,46dd6872,46ea5fc0
2060,17,3efceae2,46dc0fdb,46ea5fc0
2061,17,3efd0d6c,46dc0fdb,46ea5fc0
2062,17,3efd2ff6,46dc0fdb,46ea5fc0
2063,17,3efd5280,46dc0fdb,46ea5fc0
2064,17,3efd750a,46dab95c,46ea5fc0
2065,17,3efd9794,46dab95c,46ea5fc0
2066,17,3efdba1e,46dab95c,46ea5fc0
2067,17,3efddca8,46dab95c,46ea5fc0
2068,17,3efdff30,46d964f3,46ea5fc0
2069,17,3efe21ba,46d964f3,46ea5fc0
2070,17,3efe4444,46d964f3,46ea5fc0
2071,17,3efe66ce,46d964f3,46ea5fc0
2072,17,3efe8958,46d81299,46ea5fc0
2073,17,3efeabe2,46d81299,46ea5fc0
2074,17,3efece6c,46d81299,46ea5fc0
2075,17,3efef0f6,46d81299,46ea5fc0
2076,17,3eff137e,46d6c251,46ea5fc0
2077,17,3eff3608,46d6c251,46ea5fc0
2078,17,3eff5892,46d6c251,46ea5fc0
2079,17,3eff7b1c,46d6c251,46ea5fc0
2080,17,3eff9da6,46d57414,46ea5fc0
2081,17,3effc030,46d57414,46ea5fc0
2082,17,3effe2ba,46d57414,46ea5fc0
2083,17,3f0002a2,46d57414,46ea5fc0
2084,17,3f0013e6,46d427df,46ea5fc0
2085,17,3f00252b,46d427df,46ea5fc0
2086,17,3f003670,46d427df,46ea5fc0
2087,17,3f0047b5,46d427df,46ea5fc0
2088,17,3f0058fa,46d2ddaf,46ea5fc0
2089,17,3f006a3f,46d2ddaf,46ea5fc0
2090,17,3f007b84,46d2ddaf,46ea5fc0
2091,17,3f008cc9,46d2ddaf,46ea5fc0
2092,17,3f009e0d,46d19580,46ea5fc0
2093,17,3f00af52,46d19580,46ea5fc0
2094,17,3f00c097,46d19580,46ea5fc0
2095,17,3f00d1dc,46d19580,46ea5fc0
2096,17,3f00e321,46d04f4f,46ea5fc0
2097,17,3f00f466,46d04f4f,46ea5fc0
2098,17,3f0105ab,46d04f4f,46ea5fc0
2099,17,3f0116f0,46d04f4f,46ea5fc0
2100,17,3f012834,46cf0b1b,46ea5fc0
2101,17,3f013979,46cf0b1b,46ea5fc0
2102,17,3f014abe,46cf0b1b,46ea5fc0
2103,17,3f015c03,46cf0b1b,46ea5fc0
2104,17,3f016d48,46cdc8df,46ea5fc0
2105,17,3f017e8d,46cdc8df,46ea5fc0
2106,17,3f018fd2,46cdc8df,46ea5fc0
2107,17,3f01a117,46cdc8df,46ea5fc0
2108,17,3f01b25b,46cc8898,46ea5fc0
2109,17,3f01c3a0,46cc8898,46ea5fc0
2110,17,3f01d4e5,46cc8898,46ea5fc0
2111,17,3f01e62a,46cc8898,46ea5fc0
2112,17,3f01f76f,46cb4a44,46ea5fc0
2113,17,3f0208b4,46cb4a44,46ea5fc0
2114,17,3f0219f9,46cb4a44,46ea5fc0
2115,17,3f022b3e,46cb4a44,46ea5fc0
2116,17,3f023c82,46ca0de0,46ea5fc0
2117,17,3f024dc7,46ca0de0,46ea5fc0
2118,17,3f025f0c,46ca0de0,46ea5fc0
2119,17,3f027051,46ca0de0,46ea5fc0
2120,17,3f028196,46c8d369,46ea5fc0
2121,17,3f0292db,46c8d369,46ea5fc0
2122,17,3f02a420,46c8d369,46ea5fc0
2123,17,3f02b565,46c8d369,46ea5fc0
2124,17,3f02c6a9,46c79ada,46ea5fc0
2125,17,3f02d7ee,46c79ada,46ea5fc0
2126,17,3f02e933,46c79ada,46ea5fc0
2127,17,3f02fa78,46c79ada,46ea5fc0
2128,17,3f030bbd,46c66434,46ea5fc0
2129,17,3f031d02,46c66434,46ea5fc0
2130,17,3f032e47,46c66434,46ea5fc0
2131,17,3f033f8c,46c66434,46ea5fc0
2132,17,3f0350d0,46c52f6f,46ea5fc0
2133,17,3f036215,46c52f6f,46ea5fc0
2134,17,3f03735a,46c52f6f,46ea5fc0
2135,17,3f03849f,46c52f6f,46ea5fc0
2136,17,3f0395e4,46c3fc8a,46ea5fc0
2137,17,3f03a729,46c3fc8a,46ea5fc0
2138,17,3f03b86e,46c3fc8a,46ea5fc0
2139,17,3f03c9b3,46c3fc8a,46ea5fc0
2140,17,3f03daf7,46c2cb82,46ea5fc0
2141,17,3f03ec3c,46c2cb82,46ea5fc0
2142,17,3f03fd81,46c2cb82,46ea5fc0
2143,17,3f040ec6,46c2cb82,46ea5fc0
2144,17,3f04200b,46c19c57,46ea5fc0
2145,17,3f043150,46c19c57,46ea5fc0
2146,17,3f044295,46c19c57,46ea5fc0
2147,17,3f0453da,46c19c57,46ea5fc0
2148,17,3f04651e,46c06f05,46ea5fc0
2149,17,3f047663,46c06f05,46ea5fc0
2150,17,3f0487a8,46c06f05,46ea5fc0
2151,17,3f0498ed,46c06f05,46ea5fc0
2152,17,3f04aa32,46bf4386,46ea5fc0
2153,17,3f04bb77,46bf4386,46ea5fc0
2154,17,3f04ccbc,46bf4386,46ea5fc0
2155,17,3f04de01,46bf4386,46ea5fc0
2156,17,3f04ef45,46be19d9,46ea5fc0
2157,17,3f05008a,46be19d9,46ea5fc0
2158,17,3f0511cf,46be19d9,46ea5fc0
2159,17,3f052314,46be19d9,46ea5fc0
2160,17,3f053459,46bcf1fb,46ea5fc0
2161,17,3f05459e,46bcf1fb,46ea5fc0
2162,17,3f0556e3,46bcf1fb,46ea5fc0
2163,17,3f056828,46bcf1fb,46ea5fc0
2164,17,3f05796c,46bbcbea,46ea5fc0
2165,17,3f058ab1,46bbcbea,46ea5fc0
2166,17,3f059bf6,46bbcbea,46ea5fc0
2167,17,3f05ad3b,46bbcbea,46ea5fc0
2168,17,3f05be80,46baa7a3,46ea5fc0
2169,17,3f05cfc5,46baa7a3,46ea5fc0
2170,18,3f05e10a,46baa7a3,46ea5fc0
2171,18,3f05f24f,46baa7a3,46ea5fc0
2172,18,3f060393,46b98522,46ea5fc0
2173,18,3f0614d8,46b98522,46ea5fc0
2174,18,3f06261d,46b98522,46ea5fc0
2175,18,3f063762,46b98522,46ea5fc0
2176,18,3f0648a7,46b86466,46ea5fc0
2177,18,3f0659ec,46b86466,46ea5fc0
2178,18,3f066b31,46b86466,46ea5fc0
2179,18,3f067c75,46b86466,46ea5fc0
2180,18,3f068dba,46b7456c,46ea5fc0
2181,18,3f069eff,46b7456c,46ea5fc0
2182,18,3f06b044,46b7456c,46ea5fc0
2183,18,3f06c189,46b7456c,46ea5fc0
2184,18,3f06d2ce,46b6282e,46ea5fc0
2185,18,3f06e413,46b6282e,46ea5fc0
2186,18,3f06f558,46b6282e,46ea5fc0
2187,18,3f07069c,46b6282e,46ea5fc0
2188,18,3f0717e1,46b50cb2,46ea5fc0
2189,18,3f072926,46b50cb2,46ea5fc0
2190,18,3f073a6b,46b50cb2,46ea5fc0
2191,18,3f074bb0,46b50cb2,46ea5fc0
2192,18,3f075cf5,46b3f2e9,46ea5fc0
2193,18,3f076e3a,46b3f2e9,46ea5fc0
2194,18,3f077f7f,46b3f2e9,46ea5fc0
2195,18,3f0790c3,46b3f2e9,46ea5fc0
2196,18,3f07a208,46b2dad8,46ea5fc0
2197,18,3f07b34d,46b2dad8,46ea5fc0
2198,18,3f07c492,46b2dad8,46ea5fc0
2199,18,3f07d5d7,46b2dad8,46ea5fc0
2200,18,3f07e71c,46b1c47c,46ea5fc0
2201,18,3f07f861,46b1c47c,46ea5fc0
2202,18,3f0809a6,46b1c47c,46ea5fc0
2203,18,3f081aea,46b1c47c,46ea5fc0
2204,18,3f082c2f,46b0afd1,46ea5fc0
2205,18,3f083d74,46b0afd1,46ea5fc0
2206,18,3f084eb9,46b0afd1,46ea5fc0
2207,18,3f085ffe,46b0afd1,46ea5fc0
2208,18,3f087143,46af9cd4,46ea5fc0
2209,18,3f088288,46af9cd4,46ea5fc0
2210,18,3f0893cd,46af9cd4,46ea5fc0
2211,18,3f08a511,46af9cd4,46ea5fc0
2212,18,3f08b656,46ae8b83,46ea5fc0
2213,18,3f08c79b,46ae8b83,46ea5fc0
2214,18,3f08d8e0,46ae8b83,46ea5fc0
2215,18,3f08ea25,46ae8b83,46ea5fc0
2216,18,3f08fb6a,46ad7bdc,46ea5fc0
2217,18,3f090caf,46ad7bdc,46ea5fc0
2218,18,3f091df4,46ad7bdc,46ea5fc0
2219,18,3f092f38,46ad7bdc,46ea5fc0
2220,18,3f09407d,46ac6ddc,46ea5fc0
2221,18,3f0951c2,46ac6ddc,46ea5fc0
2222,18,3f096307,46ac6ddc,46ea5fc0
2223,18,3f09744c,46ac6ddc,46ea5fc0
2224,18,3f098591,46ab617d,46ea5fc0
2225,18,3f0996d6,46ab617d,46ea5fc0
2226,18,3f09a81b,46ab617d,46ea5fc0
2227,18,3f09b95f,46ab617d,46ea5fc0
2228,18,3f09caa4,46aa56c5,46ea5fc0
2229,18,3f09dbe9,46aa56c5,46ea5fc0
2230,18,3f09ed2e,46aa56c5,46ea5fc0
2231,18,3f09fe73,46aa56c5,46ea5fc0
2232,18,3f0a0fb8,46a94da8,46ea5fc0
2233,18,3f0a20fd,46a94da8,46ea5fc0
2234,18,3f0a3242,46a94da8,46ea5fc0
2235,18,3f0a4386,46a94da8,46ea5fc0
2236,18,3f0a54cb,46a8462b,46ea5fc0
2237,18,3f0a6610,46a8462b,46ea5fc0
2238,18,3f0a7755,46a8462b,46ea5fc0
2239,18,3f0a889a,46a8462b,46ea5fc0
2240,18,3f0a99df,46a74044,46ea5fc0
2241,18,3f0aab24,46a74044,46ea5fc0
2242,18,3f0abc69,46a74044,46ea5fc0
2243,18,3f0acdad,46a74044,46ea5fc0
2244,18,3f0adef2,46a63bf8,46ea5fc0
2245,18,3f0af037,46a63bf8,46ea5fc0
2246,18,3f0b017c,46a63bf8,46ea5fc0
2247,18,3f0b12c1,46a63bf8,46ea5fc0
2248,18,3f0b2406,46a5393e,46ea5fc0
2249,18,3f0b354b,46a5393e,46ea5fc0
2250,18,3f0b4690,46a5393e,46ea5fc0
2251,18,3f0b57d4,46a5393e,46ea5fc0
2252,18,3f0b6919,46a4381a,46ea5fc0
2253,18,3f0b7a5e,46a4381a,46ea5fc0
2254,18,3f0b8ba3,46a4381a,46ea5fc0
2255,18,3f0b9ce8,46a4381a,46ea5fc0
2256,18,3f0bae2d,46a33884,46ea5fc0
2257,18,3f0bbf72,46a33884,46ea5fc0
2258,18,3f0bd0b7,46a33884,46ea5fc0
2259,18,3f0be1fb,46a33884,46ea5fc0
2260,18,3f0bf340,46a23a7b,46ea5fc0
2261,18,3f0c0485,46a23a7b,46ea5fc0
2262,18,3f0c15ca,46a23a7b,46ea5fc0
2263,18,3f0c270f,46a23a7b,46ea5fc0
2264,18,3f0c3854,46a13e00,46ea5fc0
2265,18,3f0c4999,46a13e00,46ea5fc0
2266,18,3f0c5ade,46a13e00,46ea5fc0
2267,18,3f0c6c22,46a13e00,46ea5fc0
2268,18,3f0c7d67,46a0430d,46ea5fc0
2269,18,3f0c8eac,46a0430d,46ea5fc0
2270,18,3f0c9ff1,46a0430d,46ea5fc0
2271,18,3f0cb136,46a0430d,46ea5fc0
2272,18,3f0cc27b,469f49a1,46ea5fc0
2273,18,3f0cd3c0,469f49a1,46ea5fc0
2274,18,3f0ce505,469f49a1,46ea5fc0
2275,18,3f0cf649,469f49a1,46ea5fc0
2276,18,3f0d078e,469e51b7,46ea5fc0
2277,18,3f0d18d3,469e51b7,46ea5fc0
2278,18,3f0d2a18,469e51b7,46ea5fc0
2279,18,3f0d3b5d,469e51b7,46ea5fc0
2280,18,3f0d4ca2,469d5b52,46ea5fc0
2281,18,3f0d5de7,469d5b52,46ea5fc0
2282,18,3f0d6f2c,469d5b52,46ea5fc0
2283,18,3f0d8070,469d5b52,46ea5fc0
2284,18,3f0d91b5,469c6668,46ea5fc0
2285,18,3f0da2fa,469c6668,46ea5fc0
2286,18,3f0db43f,469c6668,46ea5fc0
2287,18,3f0dc584,469c6668,46ea5fc0
2288,18,3f0dd6c9,469b7300,469c3fcb
2289,18,3f0de80e,469b7300,469c3fcb
2290,19,3f0df953,469b7300,469c3fcb
2291,19,3f0e0a97,469b7300,469c3fcb
2292,19,3f0e1bdc,469a8111,469c3fcb
2293,19,3f0e2d21,469a8111,469c3fcb
2294,19,3f0e3e66,469a8111,469c3fcb
2295,19,3f0e4fab,469a8111,469c3fcb
2296,19,3f0e60f0,4699909b,469c3fcb
2297,19,3f0e7235,4699909b,469c3fcb
2298,19,3f0e837a,4699909b,469c3fcb
2299,19,3f0e94be,4699909b,469c3fcb
2300,19,3f0ea603,4698a199,469c3fcb
2301,19,3f0eb748,4698a199,469c3fcb
2302,19,3f0ec88d,4698a199,469c3fcb
2303,19,3f0ed9d2,4698a199,469c3fcb
2304,19,3f0eeb17,4697b40c,469c3fcb
2305,19,3f0efc5c,4697b40c,469c3fcb
2306,19,3f0f0da0,4697b40c,469c3fcb
2307,19,3f0f1ee5,4697b40c,469c3fcb
2308,19,3f0f302a,4696c7f2,469c3fcb
2309,19,3f0f416f,4696c7f2,469c3fcb
2310,19,3f0f52b4,4696c7f2,469c3fcb
2311,19,3f0f63f9,4696c7f2,469c3fcb
2312,19,3f0f753e,4695dd49,469c3fcb
2313,19,3f0f8683,4695dd49,469c3fcb
2314,19,3f0f97c7,4695dd49,469c3fcb
2315,19,3f0fa90c,4695dd49,469c3fcb
2316,19,3f0fba51,4694f408,469c3fcb
2317,19,3f0fcb96,4694f408,469c3fcb
2318,19,3f0fdcdb,4694f408,469c3fcb
2319,19,3f0fee20,4694f408,469c3fcb
2320,19,3f0fff65,46940c36,469c3fcb
2321,19,3f1010aa,46940c36,469c3fcb
2322,19,3f1021ee,46940c36,469c3fcb
2323,19,3f103333,46940c36,469c3fcb
2324,19,3f104478,469325ca,469c3fcb
2325,19,3f1055bd,469325ca,469c3fcb
2326,19,3f106702,469325ca,469c3fcb
2327,19,3f107847,469325ca,469c3fcb
2328,19,3f10898c,469240ca,469c3fcb
2329,19,3f109ad1,469240ca,469c3fcb
2330,19,3f10ac15,469240ca,469c3fcb
2331,19,3f10bd5a,469240ca,469c3fcb
2332,19,3f10ce9f,46915d29,469c3fcb
2333,19,3f10dfe4,46915d29,469c3fcb
2334,19,3f10f129,46915d29,469c3fcb
2335,19,3f11026e,46915d29,469c3fcb
2336,19,3f1113b3,46907aec,469c3fcb
2337,19,3f1124f8,46907aec,469c3fcb
2338,19,3f11363c,46907aec,469c3fcb
2339,19,3f114781,46907aec,469c3fcb
2340,19,3f1158c6,468f9a0f,469c3fcb
2341,19,3f116a0b,468f9a0f,469c3fcb
2342,19,3f117b50,468f9a0f,469c3fcb
2343,19,3f118c95,468f9a0f,469c3fcb
2344,19,3f119dda,468eba90,469c3fcb
2345,19,3f11af1f,468eba90,469c3fcb
2346,19,3f11c063,468eba90,469c3fcb
2347,19,3f11d1a8,468eba90,469c3fcb
2348,19,3f11e2ed,468ddc6f,469c3fcb
2349,19,3f11f432,468ddc6f,469c3fcb
2350,19,3f120577,468ddc6f,469c3fcb
2351,19,3f1216bc,468ddc6f,469c3fcb
2352,19,3f122801,468cffa6,469c3fcb
2353,19,3f123946,468cffa6,469c3fcb
2354,19,3f124a8a,468cffa6,469c3fcb
2355,19,3f125bcf,468cffa6,469c3fcb
2356,19,3f126d14,468c2433,469c3fcb
2357,19,3f127e59,468c2433,469c3fcb
2358,19,3f128f9e,468c2433,469c3fcb
2359,19,3f12a0e3,468c2433,469c3fcb
2360,19,3f12b228,468b4a17,469c3fcb
2361,19,3f12c36d,468b4a17,469c3fcb
2362,19,3f12d4b1,468b4a17,469c3fcb
2363,19,3f12e5f6,468b4a17,469c3fcb
2364,19,3f12f73b,468a714f,469c3fcb
2365,19,3f130880,468a714f,469c3fcb
2366,19,3f1319c5,468a714f,469c3fcb
2367,19,3f132b0a,468a714f,469c3fcb
2368,19,3f133c4f,468999d6,469c3fcb
2369,19,3f134d94,468999d6,469c3fcb
2370,19,3f135ed8,468999d6,469c3fcb
2371,19,3f13701d,468999d6,469c3fcb
2372,19,3f138162,4688c3ae,469c3fcb
2373,19,3f1392a7,4688c3ae,469c3fcb
2374,19,3f13a3ec,4688c3ae,469c3fcb
2375,19,3f13b531,4688c3ae,469c3fcb
2376,19,3f13c676,4687eed3,469c3fcb
2377,19,3f13d7bb,4687eed3,469c3fcb
2378,19,3f13e8ff,4687eed3,469c3fcb
2379,19,3f13fa44,4687eed3,469c3fcb
2380,19,3f140b89,46871b45,469c3fcb
2381,19,3f141cce,46871b45,469c3fcb
2382,19,3f142e13,46871b45,469c3fcb
2383,19,3f143f58,46871b45,469c3fcb
2384,19,3f14509d,468648fd,469c3fcb
2385,19,3f1461e2,468648fd,469c3fcb
2386,19,3f147326,468648fd,469c3fcb
2387,19,3f14846b,468648fd,469c3fcb
2388,19,3f1495b0,46857800,469c3fcb
2389,19,3f14a6f5,46857800,469c3fcb
2390,19,3f14b83a,46857800,469c3fcb
2391,19,3f14c97f,46857800,469c3fcb
2392,19,3f14dac4,4684a845,469c3fcb
2393,19,3f14ec09,4684a845,469c3fcb
2394,19,3f14fd4d,4684a845,469c3fcb
2395,19,3f150e92,4684a845,469c3fcb
2396,19,3f151fd7,4683d9d0,469c3fcb
2397,19,3f15311c,4683d9d0,469c3fcb
2398,19,3f154261,4683d9d0,469c3fcb
2399,19,3f1553a6,4683d9d0,469c3fcb
2400,19,3f1564eb,46830c9b,469c3fcb
2401,19,3f157630,46830c9b,469c3fcb
2402,19,3f158774,46830c9b,469c3fcb
2403,19,3f1598b9,46830c9b,469c3fcb
2404,19,3f15a9fe,468240a6,469c3fcb
2405,19,3f15bb43,468240a6,469c3fcb
2406,19,3f15cc88,468240a6,469c3fcb
2407,19,3f15ddcd,468240a6,469c3fcb
2408,19,3f15ef12,468175ed,469c3fcb
2409,19,3f160057,468175ed,469c3fcb
2410,19,3f16119b,468175ed,469c3fcb
2411,20,3f1622e0,468175ed,469c3fcb
2412,20,3f163425,4680ac70,469c3fcb
2413,20,3f16456a,4680ac70,469c3fcb
2414,20,3f1656af,4680ac70,469c3fcb
2415,20,3f1667f4,4680ac70,469c3fcb
2416,20,3f167939,467fc85c,469c3fcb
2417,20,3f168a7e,467fc85c,469c3fcb
2418,20,3f169bc2,467fc85c,469c3fcb
2419,20,3f16ad07,467fc85c,469c3fcb
2420,20,3f16be4c,467e3a45,469c3fcb
2421,20,3f16cf91,467e3a45,469c3fcb
2422,20,3f16e0d6,467e3a45,469c3fcb
2423,20,3f16f21b,467e3a45,469c3fcb
2424,20,3f170360,467cae9b,469c3fcb
2425,20,3f1714a5,467cae9b,469c3fcb
2426,20,3f1725e9,467cae9b,469c3fcb
2427,20,3f17372e,467cae9b,469c3fcb
2428,20,3f174873,467b2554,469c3fcb
2429,20,3f1759b8,467b2554,469c3fcb
2430,20,3f176afd,467b2554,469c3fcb
2431,20,3f177c42,467b2554,469c3fcb
2432,20,3f178d87,46799e75,469c3fcb
2433,20,3f179ecb,46799e75,469c3fcb
2434,20,3f17b010,46799e75,469c3fcb
2435,20,3f17c155,46799e75,469c3fcb
2436,20,3f17d29a,467819f7,469c3fcb
2437,20,3f17e3df,467819f7,469c3fcb
2438,20,3f17f524,467819f7,469c3fcb
2439,20,3f180669,467819f7,469c3fcb
2440,20,3f1817ae,467697d8,469c3fcb
2441,20,3f1828f2,467697d8,469c3fcb
2442,20,3f183a37,467697d8,469c3fcb
2443,20,3f184b7c,467697d8,469c3fcb
2444,20,3f185cc1,4675180b,469c3fcb
2445,20,3f186e06,4675180b,469c3fcb
2446,20,3f187f4b,4675180b,469c3fcb
2447,20,3f189090,4675180b,469c3fcb
2448,20,3f18a1d5,46739a97,469c3fcb
2449,20,3f18b319,46739a97,469c3fcb
2450,20,3f18c45e,46739a97,469c3fcb
2451,20,3f18d5a3,46739a97,469c3fcb
2452,20,3f18e6e8,46721f78,469c3fcb
2453,20,3f18f82d,46721f78,469c3fcb
2454,20,3f190972,46721f78,469c3fcb
2455,20,3f191ab7,46721f78,469c3fcb
2456,20,3f192bfc,4670a6a1,469c3fcb
2457,20,3f193d40,4670a6a1,469c3fcb
2458,20,3f194e85,4670a6a1,469c3fcb
2459,20,3f195fca,4670a6a1,469c3fcb
2460,20,3f19710f,466f3019,469c3fcb
2461,20,3f198254,466f3019,469c3fcb
2462,20,3f199399,466f3019,469c3fcb
2463,20,3f19a4de,466f3019,469c3fcb
2464,20,3f19b623,466dbbd5,469c3fcb
2465,20,3f19c767,466dbbd5,469c3fcb
2466,20,3f19d8ac,466dbbd5,469c3fcb
2467,20,3f19e9f1,466dbbd5,469c3fcb
2468,20,3f19fb36,466c49d4,469c3fcb
2469,20,3f1a0c7b,466c49d4,469c3fcb
2470,20,3f1a1dc0,466c49d4,469c3fcb
2471,20,3f1a2f05,466c49d4,469c3fcb
2472,20,3f1a404a,466ada14,469c3fcb
2473,20,3f1a518e,466ada14,469c3fcb
2474,20,3f1a62d3,466ada14,469c3fcb
2475,20,3f1a7418,466ada14,469c3fcb
2476,20,3f1a855d,46696c92,466a5fb0
2477,20,3f1a96a2,46696c92,466a5fb0
2478,20,3f1aa7e7,46696c92,466a5fb0
2479,20,3f1ab92c,46696c92,466a5fb0
2480,20,3f1aca71,4668014a,466a5fb0
2481,20,3f1adbb5,4668014a,466a5fb0
2482,20,3f1aecfa,4668014a,466a5fb0
2483,20,3f1afe3f,4668014a,466a5fb0
2484,20,3f1b0f84,46669835,466a5fb0
2485,20,3f1b20c9,46669835,466a5fb0
2486,20,3f1b320e,46669835,466a5fb0
2487,20,3f1b4353,46669835,466a5fb0
2488,20,3f1b5498,46653151,466a5fb0
2489,20,3f1b65dc,46653151,466a5fb0
2490,20,3f1b7721,46653151,466a5fb0
2491,20,3f1b8866,46653151,466a5fb0
2492,20,3f1b99ab,4663cc9d,466a5fb0
2493,20,3f1baaf0,4663cc9d,466a5fb0
2494,20,3f1bbc35,4663cc9d,466a5fb0
2495,20,3f1bcd7a,4663cc9d,466a5fb0
2496,20,3f1bdebf,46626a13,466a5fb0
2497,20,3f1bf003,46626a13,466a5fb0
2498,20,3f1c0148,46626a13,466a5fb0
2499,20,3f1c128d,46626a13,466a5fb0
2500,20,3f1c23d2,466109b2,466a5fb0
2501,20,3f1c3517,466109b2,466a5fb0
2502,20,3f1c465c,466109b2,466a5fb0
2503,20,3f1c57a1,466109b2,466a5fb0
2504,20,3f1c68e6,465fab73,466a5fb0
2505,20,3f1c7a2a,465fab73,466a5fb0
2506,20,3f1c8b6f,465fab73,466a5fb0
2507,20,3f1c9cb4,465fab73,466a5fb0
2508,20,3f1cadf9,465e4f56,466a5fb0
2509,20,3f1cbf3e,465e4f56,466a5fb0
2510,20,3f1cd083,465e4f56,466a5fb0
2511,20,3f1ce1c8,465e4f56,466a5fb0
2512,20,3f1cf30d,465cf558,466a5fb0
2513,20,3f1d0451,465cf558,466a5fb0
2514,20,3f1d1596,465cf558,466a5fb0
2515,20,3f1d26db,465cf558,466a5fb0
2516,20,3f1d3820,465b9d73,466a5fb0
2517,20,3f1d4965,465b9d73,466a5fb0
2518,20,3f1d5aaa,465b9d73,466a5fb0
2519,20,3f1d6bef,465b9d73,466a5fb0
2520,20,3f1d7d34,465a47a9,466a5fb0
2521,20,3f1d8e78,465a47a9,466a5fb0
2522,20,3f1d9fbd,465a47a9,466a5fb0
2523,20,3f1db102,465a47a9,466a5fb0
2524,20,3f1dc247,4658f3ee,466a5fb0
2525,20,3f1dd38c,4658f3ee,466a5fb0
2526,20,3f1de4d1,4658f3ee,466a5fb0
2527,20,3f1df616,4658f3ee,466a5fb0
2528,20,3f1e075b,4657a247,466a5fb0
2529,20,3f1e189f,4657a247,466a5fb0
2530,20,3f1e29e4,4657a247,466a5fb0
2531,21,3f1e3b29,4657a247,466a5fb0
2532,21,3f1e4c6e,465652af,466a5fb0
2533,21,3f1e5db3,465652af,466a5fb0
2534,21,3f1e6ef8,465652af,466a5fb0
2535,21,3f1e803d,465652af,466a5fb0
2536,21,3f1e9182,4655051d,466a5fb0
2537,21,3f1ea2c6,4655051d,466a5fb0
2538,21,3f1eb40b,4655051d,466a5fb0
2539,21,3f1ec550,4655051d,466a5fb0
2540,21,3f1ed695,4653b993,466a5fb0
2541,21,3f1ee7da,4653b993,466a5fb0
2542,21,3f1ef91f,4653b993,466a5fb0
2543,21,3f1f0a64,4653b993,466a5fb0
2544,21,3f1f1ba9,46527011,466a5fb0
2545,21,3f1f2ced,46527011,466a5fb0
2546,21,3f1f3e32,46527011,466a5fb0
2547,21,3f1f4f77,46527011,466a5fb0
2548,21,3f1f60bc,4651288c,466a5fb0
2549,21,3f1f7201,4651288c,466a5fb0
2550,21,3f1f8346,4651288c,466a5fb0
2551,21,3f1f948b,4651288c,466a5fb0
2552,21,3f1fa5d0,464fe304,466a5fb0
2553,21,3f1fb714,464fe304,466a5fb0
2554,21,3f1fc859,464fe304,466a5fb0
2555,21,3f1fd99e,464fe304,466a5fb0
2556,21,3f1feae3,464e9f7b,466a5fb0
2557,21,3f1ffc28,464e9f7b,466a5fb0
2558,21,3f200d6d,464e9f7b,466a5fb0
2559,21,3f201eb2,464e9f7b,466a5fb0
2560,21,3f202ff7,464d5de6,466a5fb0
2561,21,3f20413b,464d5de6,466a5fb0
2562,21,3f205280,464d5de6,466a5fb0
2563,21,3f2063c5,464d5de6,466a5fb0
2564,21,3f20750a,464c1e45,466a5fb0
2565,21,3f20864f,464c1e45,466a5fb0
2566,21,3f209794,464c1e45,466a5fb0
2567,21,3f20a8d9,464c1e45,466a5fb0
2568,21,3f20ba1d,464ae098,466a5fb0
2569,21,3f20cb62,464ae098,466a5fb0
2570,21,3f20dca7,464ae098,466a5fb0
2571,21,3f20edec,464ae098,466a5fb0
2572,21,3f20ff31,4649a4d7,466a5fb0
2573,21,3f211076,4649a4d7,466a5fb0
2574,21,3f2121bb,4649a4d7,466a5fb0
2575,21,3f213300,4649a4d7,466a5fb0
2576,21,3f214444,46486b03,466a5fb0
2577,21,3f215589,46486b03,466a5fb0
2578,21,3f2166ce,46486b03,466a5fb0
2579,21,3f217813,46486b03,466a5fb0
2580,21,3f218958,46473316,466a5fb0
2581,21,3f219a9d,46473316,466a5fb0
2582,21,3f21abe2,46473316,466a5fb0
2583,21,3f21bd27,46473316,466a5fb0
2584,21,3f21ce6b,4645fd11,466a5fb0
2585,21,3f21dfb0,4645fd11,466a5fb0
2586,21,3f21f0f5,4645fd11,466a5fb0
2587,21,3f22023a,4645fd11,466a5fb0
2588,21,3f22137f,4644c8ed,466a5fb0
2589,21,3f2224c4,4644c8ed,466a5fb0
2590,21,3f223609,4644c8ed,466a5fb0
2591,21,3f22474e,4644c8ed,466a5fb0
2592,21,3f225892,464396a7,466a5fb0
2593,21,3f2269d7,464396a7,466a5fb0
2594,21,3f227b1c,464396a7,466a5fb0
2595,21,3f228c61,464396a7,466a5fb0
2596,21,3f229da6,46426642,466a5fb0
2597,21,3f22aeeb,46426642,466a5fb0
2598,21,3f22c030,46426642,466a5fb0
2599,21,3f22d175,46426642,466a5fb0
2600,21,3f22e2b9,464137b3,466a5fb0
2601,21,3f22f3fe,464137b3,466a5fb0
2602,21,3f230543,464137b3,466a5fb0
2603,21,3f231688,464137b3,466a5fb0
2604,21,3f2327cd,46400afa,466a5fb0
2605,21,3f233912,46400afa,466a5fb0
2606,21,3f234a57,46400afa,466a5fb0
2607,21,3f235b9c,46400afa,466a5fb0
2608,21,3f236ce0,463ee017,466a5fb0
2609,21,3f237e25,463ee017,466a5fb0
2610,21,3f238f6a,463ee017,466a5fb0
2611,21,3f23a0af,463ee017,466a5fb0
2612,21,3f23b1f4,463db705,466a5fb0
2613,21,3f23c339,463db705,466a5fb0
2614,21,3f23d47e,463db705,466a5fb0
2615,21,3f23e5c3,463db705,466a5fb0
2616,21,3f23f707,463c8fc3,466a5fb0
2617,21,3f24084c,463c8fc3,466a5fb0
2618,21,3f241991,463c8fc3,466a5fb0
2619,21,3f242ad6,463c8fc3,466a5fb0
2620,21,3f243c1b,463b6a4a,466a5fb0
2621,21,3f244d60,463b6a4a,466a5fb0
2622,21,3f245ea5,463b6a4a,466a5fb0
2623,21,3f246fea,463b6a4a,466a5fb0
2624,21,3f24812e,463a469c,466a5fb0
2625,21,3f249273,463a469c,466a5fb0
2626,21,3f24a3b8,463a469c,466a5fb0
2627,21,3f24b4fd,463a469c,466a5fb0
2628,21,3f24c642,463924b1,466a5fb0
2629,21,3f24d787,463924b1,466a5fb0
2630,21,3f24e8cc,463924b1,466a5fb0
2631,21,3f24fa11,463924b1,466a5fb0
2632,21,3f250b55,4638048d,466a5fb0
2633,21,3f251c9a,4638048d,466a5fb0
2634,21,3f252ddf,4638048d,466a5fb0
2635,21,3f253f24,4638048d,466a5fb0
2636,21,3f255069,4636e628,466a5fb0
2637,21,3f2561ae,4636e628,466a5fb0
2638,21,3f2572f3,4636e628,466a5fb0
2639,21,3f258438,4636e628,466a5fb0
2640,21,3f25957c,4635c980,466a5fb0
2641,21,3f25a6c1,4635c980,466a5fb0
2642,21,3f25b806,4635c980,466a5fb0
2643,21,3f25c94b,4635c980,466a5fb0
2644,21,3f25da90,4634ae93,466a5fb0
2645,21,3f25ebd5,4634ae93,466a5fb0
2646,21,3f25fd1a,4634ae93,466a5fb0
2647,21,3f260e5f,4634ae93,466a5fb0
2648,21,3f261fa3,4633955c,466a5fb0
2649,21,3f2630e8,4633955c,466a5fb0
2650,21,3f26422d,4633955c,466a5fb0
2651,21,3f265372,4633955c,466a5fb0
2652,21,3f2664b7,46327de0,466a5fb0
2653,21,3f2675fc,46327de0,466a5fb0
2654,21,3f268741,46327de0,466a5fb0
2655,21,3f269886,46327de0,466a5fb0
2656,21,3f26a9ca,46316814,466a5fb0
2657,21,3f26bb0f,46316814,466a5fb0
2658,21,3f26cc54,46316814,466a5fb0
2659,21,3f26dd99,46316814,466a5fb0
2660,21,3f26eede,463053f9,466a5fb0
2661,21,3f270023,463053f9,466a5fb0
2662,21,3f271168,463053f9,466a5fb0
2663,21,3f2722ad,463053f9,466a5fb0
2664,21,3f2733f1,462f4189,466a5fb0
2665,21,3f274536,462f4189,466a5fb0
2666,21,3f27567b,462f4189,466a5fb0
2667,21,3f2767c0,462f4189,466a5fb0
2668,21,3f277905,462e30c6,466a5fb0
2669,21,3f278a4a,462e30c6,466a5fb0
2670,21,3f279b8f,462e30c6,466a5fb0
2671,21,3f27acd4,462e30c6,466a5fb0
2672,21,3f27be18,462d21ac,466a5fb0
2673,21,3f27cf5d,462d21ac,466a5fb0
2674,21,3f27e0a2,462d21ac,466a5fb0
2675,21,3f27f1e7,462d21ac,466a5fb0
2676,21,3f28032c,462c1437,466a5fb0
2677,21,3f281471,462c1437,466a5fb0
2678,21,3f2825b6,462c1437,466a5fb0
2679,21,3f2836fb,462c1437,466a5fb0
2680,21,3f28483f,462b0867,466a5fb0
2681,21,3f285984,462b0867,466a5fb0
2682,21,3f286ac9,462b0867,466a5fb0
2683,21,3f287c0e,462b0867,466a5fb0
2684,21,3f288d53,4629fe36,466a5fb0
2685,21,3f289e98,4629fe36,466a5fb0
2686,21,3f28afdd,4629fe36,466a5fb0
2687,21,3f28c122,4629fe36,466a5fb0
2688,21,3f28d266,4628f5a4,466a5fb0
2689,21,3f28e3ab,4628f5a4,466a5fb0
2690,21,3f28f4f0,4628f5a4,466a5fb0
2691,21,3f290635,4628f5a4,466a5fb0
2692,21,3f29177a,4627eeb0,466a5fb0
2693,21,3f2928bf,4627eeb0,466a5fb0
2694,21,3f293a04,4627eeb0,466a5fb0
2695,21,3f294b48,4627eeb0,466a5fb0
2696,21,3f295c8d,4626e952,466a5fb0
2697,21,3f296dd2,4626e952,466a5fb0
2698,21,3f297f17,4626e952,466a5fb0
2699,21,3f29905c,4626e952,466a5fb0
2700,21,3f29a1a1,4625e58e,466a5fb0
2701,21,3f29b2e6,4625e58e,466a5fb0
2702,21,3f29c42b,4625e58e,466a5fb0
2703,21,3f29d56f,4625e58e,466a5fb0
2704,21,3f29e6b4,4624e35b,466a5fb0
2705,21,3f29f7f9,4624e35b,466a5fb0
2706,21,3f2a093e,4624e35b,466a5fb0
2707,21,3f2a1a83,4624e35b,466a5fb0
2708,21,3f2a2bc8,4623e2bb,466a5fb0
2709,21,3f2a3d0d,4623e2bb,466a5fb0
2710,21,3f2a4e52,4623e2bb,466a5fb0
2711,21,3f2a5f96,4623e2bb,466a5fb0
2712,21,3f2a70db,4622e3aa,466a5fb0
2713,21,3f2a8220,4622e3aa,466a5fb0
2714,21,3f2a9365,4622e3aa,466a5fb0
2715,21,3f2aa4aa,4622e3aa,466a5fb0
2716,21,3f2ab5ef,4621e627,466a5fb0
2717,21,3f2ac734,4621e627,466a5fb0
2718,21,3f2ad879,4621e627,466a5fb0
2719,21,3f2ae9bd,4621e627,466a5fb0
2720,21,3f2afb02,4620ea2e,466a5fb0
2721,21,3f2b0c47,4620ea2e,466a5fb0
2722,21,3f2b1d8c,4620ea2e,466a5fb0
2723,21,3f2b2ed1,4620ea2e,466a5fb0
2724,21,3f2b4016,461fefbd,466a5fb0
2725,21,3f2b515b,461fefbd,466a5fb0
2726,21,3f2b62a0,461fefbd,466a5fb0
2727,21,3f2b73e4,461fefbd,466a5fb0
2728,21,3f2b8529,461ef6d2,466a5fb0
2729,21,3f2b966e,461ef6d2,466a5fb0
2730,21,3f2ba7b3,461ef6d2,466a5fb0
2731,21,3f2bb8f8,461ef6d2,466a5fb0
2732,21,3f2bca3d,461dff6c,466a5fb0
2733,21,3f2bdb82,461dff6c,466a5fb0
2734,21,3f2becc7,461dff6c,466a5fb0
2735,21,3f2bfe0b,461dff6c,466a5fb0
2736,21,3f2c0f50,461d0986,466a5fb0
2737,21,3f2c2095,461d0986,466a5fb0
2738,21,3f2c31da,461d0986,466a5fb0
2739,21,3f2c431f,461d0986,466a5fb0
2740,21,3f2c5464,461c151d,461c3fc0
2741,21,3f2c65a9,461c151d,461c3fc0
2742,21,3f2c76ee,461c151d,461c3fc0
2743,21,3f2c8832,461c151d,461c3fc0
2744,21,3f2c9977,461b2231,461c3fc0
2745,21,3f2caabc,461b2231,461c3fc0
2746,21,3f2cbc01,461b2231,461c3fc0
2747,21,3f2ccd46,461b2231,461c3fc0
2748,21,3f2cde8b,461a30bf,461c3fc0
2749,21,3f2cefd0,461a30bf,461c3fc0
2750,21,3f2d0115,461a30bf,461c3fc0
2751,21,3f2d1259,461a30bf,461c3fc0
2752,21,3f2d239e,461940c4,461c3fc0
2753,21,3f2d34e3,461940c4,461c3fc0
2754,21,3f2d4628,461940c4,461c3fc0
2755,21,3f2d576d,461940c4,461c3fc0
2756,21,3f2d68b2,46185243,461c3fc0
2757,21,3f2d79f7,46185243,461c3fc0
2758,21,3f2d8b3c,46185243,461c3fc0
2759,21,3f2d9c80,46185243,461c3fc0
2760,21,3f2dadc5,46176532,461c3fc0
2761,21,3f2dbf0a,46176532,461c3fc0
2762,21,3f2dd04f,46176532,461c3fc0
2763,21,3f2de194,46176532,461c3fc0
2764,21,3f2df2d9,4616798f,461c3fc0
2765,21,3f2e041e,4616798f,461c3fc0
2766,21,3f2e1563,4616798f,461c3fc0
2767,21,3f2e26a7,4616798f,461c3fc0
2768,21,3f2e37ec,46158f60,461c3fc0
2769,21,3f2e4931,46158f60,461c3fc0
2770,21,3f2e5a76,46158f60,461c3fc0
2771,21,3f2e6bbb,46158f60,461c3fc0
2772,21,3f2e7d00,4614a69c,461c3fc0
2773,21,3f2e8e45,4614a69c,461c3fc0
2774,21,3f2e9f8a,4614a69c,461c3fc0
2775,21,3f2eb0ce,4614a69c,461c3fc0
2776,21,3f2ec213,4613bf3f,461c3fc0
2777,21,3f2ed358,4613bf3f,461c3fc0
2778,21,3f2ee49d,4613bf3f,461c3fc0
2779,21,3f2ef5e2,4613bf3f,461c3fc0
2780,21,3f2f0727,4612d94c,461c3fc0
2781,21,3f2f186c,4612d94c,461c3fc0
2782,21,3f2f29b1,4612d94c,461c3fc0
2783,21,3f2f3af5,4612d94c,461c3fc0
2784,21,3f2f4c3a,4611f4c2,461c3fc0
2785,21,3f2f5d7f,4611f4c2,461c3fc0
2786,21,3f2f6ec4,4611f4c2,461c3fc0
2787,21,3f2f8009,4611f4c2,461c3fc0
2788,21,3f2f914e,46111198,461c3fc0
2789,21,3f2fa293,46111198,461c3fc0
2790,21,3f2fb3d8,46111198,461c3fc0
2791,21,3f2fc51c,46111198,461c3fc0
2792,21,3f2fd661,46102fd0,461c3fc0
2793,21,3f2fe7a6,46102fd0,461c3fc0
2794,21,3f2ff8eb,46102fd0,461c3fc0
2795,21,3f300a30,46102fd0,461c3fc0
2796,21,3f301b75,460f4f69,461c3fc0
2797,21,3f302cba,460f4f69,461c3fc0
2798,21,3f303dff,460f4f69,461c3fc0
2799,21,3f304f43,460f4f69,461c3fc0
2800,21,3f306088,460e705e,461c3fc0
2801,21,3f3071cd,460e705e,461c3fc0
2802,21,3f308312,460e705e,461c3fc0
2803,21,3f309457,460e705e,461c3fc0
2804,21,3f30a59c,460d92ae,461c3fc0
2805,21,3f30b6e1,460d92ae,461c3fc0
2806,21,3f30c826,460d92ae,461c3fc0
2807,21,3f30d96a,460d92ae,461c3fc0
2808,21,3f30eaaf,460cb658,461c3fc0
2809,21,3f30fbf4,460cb658,461c3fc0
2810,21,3f310d39,460cb658,461c3fc0
2811,21,3f311e7e,460cb658,461c3fc0
2812,21,3f312fc3,460bdb58,461c3fc0
2813,21,3f314108,460bdb58,461c3fc0
2814,21,3f31524d,460bdb58,461c3fc0
2815,21,3f316391,460bdb58,461c3fc0
2816,21,3f3174d6,460b01b0,461c3fc0
2817,21,3f31861b,460b01b0,461c3fc0
2818,21,3f319760,460b01b0,461c3fc0
2819,21,3f31a8a5,460b01b0,461c3fc0
2820,21,3f31b9ea,460a2957,461c3fc0
2821,21,3f31cb2f,460a2957,461c3fc0
2822,21,3f31dc73,460a2957,461c3fc0
2823,21,3f31edb8,460a2957,461c3fc0
2824,21,3f31fefd,46095250,461c3fc0
2825,21,3f321042,46095250,461c3fc0
2826,21,3f322187,46095250,461c3fc0
2827,21,3f3232cc,46095250,461c3fc0
2828,21,3f324411,46087c96,461c3fc0
2829,21,3f325556,46087c96,461c3fc0
2830,21,3f32669a,46087c96,461c3fc0
2831,21,3f3277df,46087c96,461c3fc0
2832,21,3f328924,4607a82a,461c3fc0
2833,21,3f329a69,4607a82a,461c3fc0
2834,21,3f32abae,4607a82a,461c3fc0
2835,21,3f32bcf3,4607a82a,461c3fc0
2836,21,3f32ce38,4606d508,461c3fc0
2837,21,3f32df7d,4606d508,461c3fc0
2838,21,3f32f0c1,4606d508,461c3fc0
2839,21,3f330206,4606d508,461c3fc0
2840,21,3f33134b,46060331,461c3fc0
2841,21,3f332490,46060331,461c3fc0
2842,21,3f3335d5,46060331,461c3fc0
2843,21,3f33471a,46060331,461c3fc0
2844,21,3f33585f,4605329f,461c3fc0
2845,21,3f3369a4,4605329f,461c3fc0
2846,21,3f337ae8,4605329f,461c3fc0
2847,21,3f338c2d,4605329f,461c3fc0
2848,21,3f339d72,46046351,461c3fc0
2849,21,3f33aeb7,46046351,461c3fc0
2850,21,3f33bffc,46046351,461c3fc0
2851,21,3f33d141,46046351,461c3fc0
2852,21,3f33e286,46039547,461c3fc0
2853,21,3f33f3cb,46039547,461c3fc0
2854,21,3f34050f,46039547,461c3fc0
2855,21,3f341654,46039547,461c3fc0
2856,21,3f342799,4602c87c,461c3fc0
2857,21,3f3438de,4602c87c,461c3fc0
2858,21,3f344a23,4602c87c,461c3fc0
2859,21,3f345b68,4602c87c,461c3fc0
2860,21,3f346cad,4601fcf0,461c3fc0
2861,21,3f347df2,4601fcf0,461c3fc0
2862,21,3f348f36,4601fcf0,461c3fc0
2863,21,3f34a07b,4601fcf0,461c3fc0
2864,21,3f34b1c0,460132a0,461c3fc0
2865,21,3f34c305,460132a0,461c3fc0
2866,21,3f34d44a,460132a0,461c3fc0
2867,21,3f34e58f,460132a0,461c3fc0
2868,21,3f34f6d4,4600698e,461c3fc0
2869,21,3f350819,4600698e,461c3fc0
2870,21,3f35195d,4600698e,461c3fc0
2871,21,3f352aa2,4600698e,461c3fc0
2872,21,3f353be7,45ff4363,461c3fc0
2873,21,3f354d2c,45ff4363,461c3fc0
2874,21,3f355e71,45ff4363,461c3fc0
2875,21,3f356fb6,45ff4363,461c3fc0
2876,21,3f3580fb,45fdb61b,461c3fc0
2877,21,3f359240,45fdb61b,461c3fc0
2878,21,3f35a384,45fdb61b,461c3fc0
2879,21,3f35b4c9,45fdb61b,461c3fc0
2880,21,3f35c60e,45fc2b3e,461c3fc0
2881,21,3f35d753,45fc2b3e,461c3fc0
2882,21,3f35e898,45fc2b3e,461c3fc0
2883,21,3f35f9dd,45fc2b3e,461c3fc0
2884,21,3f360b22,45faa2c6,461c3fc0
2885,21,3f361c67,45faa2c6,461c3fc0
2886,21,3f362dab,45faa2c6,461c3fc0
2887,21,3f363ef0,45faa2c6,461c3fc0
2888,21,3f365035,45f91cb2,461c3fc0
2889,21,3f36617a,45f91cb2,461c3fc0
2890,21,3f3672bf,45f91cb2,461c3fc0
2891,21,3f368404,45f91cb2,461c3fc0
2892,21,3f369549,45f798fe,461c3fc0
2893,21,3f36a68e,45f798fe,461c3fc0
2894,21,3f36b7d2,45f798fe,461c3fc0
2895,21,3f36c917,45f798fe,461c3fc0
2896,21,3f36da5c,45f617a7,461c3fc0
2897,21,3f36eba1,45f617a7,461c3fc0
2898,21,3f36fce6,45f617a7,461c3fc0
2899,21,3f370e2b,45f617a7,461c3fc0
2900,21,3f371f70,45f498a2,461c3fc0
2901,21,3f3730b5,45f498a2,461c3fc0
2902,21,3f3741f9,45f498a2,461c3fc0
2903,21,3f37533e,45f498a2,461c3fc0
2904,21,3f376483,45f31bf6,461c3fc0
2905,21,3f3775c8,45f31bf6,461c3fc0
2906,21,3f37870d,45f31bf6,461c3fc0
2907,21,3f379852,45f31bf6,461c3fc0
2908,21,3f37a997,45f1a199,461c3fc0
2909,21,3f37badc,45f1a199,461c3fc0
2910,21,3f37cc20,45f1a199,461c3fc0
2911,21,3f37dd65,45f1a199,461c3fc0
2912,21,3f37eeaa,45f0298a,461c3fc0
2913,21,3f37ffef,45f0298a,461c3fc0
2914,21,3f381134,45f0298a,461c3fc0
2915,21,3f382279,45f0298a,461c3fc0
2916,21,3f3833be,45eeb3c4,461c3fc0
2917,21,3f384503,45eeb3c4,461c3fc0
2918,21,3f385647,45eeb3c4,461c3fc0
2919,21,3f38678c,45eeb3c4,461c3fc0
2920,21,3f3878d1,45ed403e,461c3fc0
2921,21,3f388a16,45ed403e,461c3fc0
2922,21,3f389b5b,45ed403e,461c3fc0
2923,21,3f38aca0,45ed403e,461c3fc0
2924,21,3f38bde5,45ebcf03,461c3fc0
2925,21,3f38cf2a,45ebcf03,461c3fc0
2926,21,3f38e06e,45ebcf03,461c3fc0
2927,21,3f38f1b3,45ebcf03,461c3fc0
2928,21,3f3902f8,45ea6000,461c3fc0
2929,21,3f39143d,45ea6000,461c3fc0
2930,21,3f392582,45ea6000,461c3fc0
2931,21,3f3936c7,45ea6000,461c3fc0
2932,21,3f39480c,45e8f33b,45ea5fa0
2933,21,3f395951,45e8f33b,45ea5fa0
2934,21,3f396a95,45e8f33b,45ea5fa0
2935,21,3f397bda,45e8f33b,45ea5fa0
2936,21,3f398d1f,45e788ae,45ea5fa0
2937,21,3f399e64,45e788ae,45ea5fa0
2938,21,3f39afa9,45e788ae,45ea5fa0
2939,21,3f39c0ee,45e788ae,45ea5fa0
2940,21,3f39d233,45e62054,45ea5fa0
2941,21,3f39e378,45e62054,45ea5fa0
2942,21,3f39f4bc,45e62054,45ea5fa0
2943,21,3f3a0601,45e62054,45ea5fa0
2944,21,3f3a1746,45e4ba2c,45ea5fa0
2945,21,3f3a288b,45e4ba2c,45ea5fa0
2946,21,3f3a39d0,45e4ba2c,45ea5fa0
2947,21,3f3a4b15,45e4ba2c,45ea5fa0
2948,21,3f3a5c5a,45e35630,45ea5fa0
2949,21,3f3a6d9e,45e35630,45ea5fa0
2950,21,3f3a7ee3,45e35630,45ea5fa0
2951,21,3f3a9028,45e35630,45ea5fa0
2952,21,3f3aa16d,45e1f45e,45ea5fa0
2953,21,3f3ab2b2,45e1f45e,45ea5fa0
2954,21,3f3ac3f7,45e1f45e,45ea5fa0
2955,21,3f3ad53c,45e1f45e,45ea5fa0
2956,21,3f3ae681,45e094b4,45ea5fa0
2957,21,3f3af7c5,45e094b4,45ea5fa0
2958,21,3f3b090a,45e094b4,45ea5fa0
2959,21,3f3b1a4f,45e094b4,45ea5fa0
2960,21,3f3b2b94,45df372d,45ea5fa0
2961,21,3f3b3cd9,45df372d,45ea5fa0
2962,21,3f3b4e1e,45df372d,45ea5fa0
2963,21,3f3b5f63,45df372d,45ea5fa0
2964,21,3f3b70a8,45dddbc8,45ea5fa0
2965,21,3f3b81ec,45dddbc8,45ea5fa0
2966,21,3f3b9331,45dddbc8,45ea5fa0
2967,21,3f3ba476,45dddbc8,45ea5fa0
2968,21,3f3bb5bb,45dc827c,45ea5fa0
2969,21,3f3bc700,45dc827c,45ea5fa0
2970,21,3f3bd845,45dc827c,45ea5fa0
2971,21,3f3be98a,45dc827c,45ea5fa0
2972,21,3f3bfacf,45db2b4b,45ea5fa0
2973,21,3f3c0c13,45db2b4b,45ea5fa0
2974,21,3f3c1d58,45db2b4b,45ea5fa0
2975,21,3f3c2e9d,45db2b4b,45ea5fa0
2976,21,3f3c3fe2,45d9d62f,45ea5fa0
2977,21,3f3c5127,45d9d62f,45ea5fa0
2978,21,3f3c626c,45d9d62f,45ea5fa0
2979,21,3f3c73b1,45d9d62f,45ea5fa0
2980,21,3f3c84f6,45d88328,45ea5fa0
2981,21,3f3c963a,45d88328,45ea5fa0
2982,21,3f3ca77f,45d88328,45ea5fa0
2983,21,3f3cb8c4,45d88328,45ea5fa0
2984,21,3f3cca09,45d73230,45ea5fa0
2985,21,3f3cdb4e,45d73230,45ea5fa0
2986,21,3f3cec93,45d73230,45ea5fa0
2987,21,3f3cfdd8,45d73230,45ea5fa0
2988,21,3f3d0f1d,45d5e344,45ea5fa0
2989,21,3f3d2061,45d5e344,45ea5fa0
2990,21,3f3d31a6,45d5e344,45ea5fa0
2991,21,3f3d42eb,45d5e344,45ea5fa0
2992,21,3f3d5430,45d49663,45ea5fa0
2993,21,3f3d6575,45d49663,45ea5fa0
2994,21,3f3d76ba,45d49663,45ea5fa0
2995,21,3f3d87ff,45d49663,45ea5fa0
2996,21,3f3d9944,45d34b86,45ea5fa0
2997,21,3f3daa88,45d34b86,45ea5fa0
2998,21,3f3dbbcd,45d34b86,45ea5fa0
2999,21,3f3dcd12,45d34b86,45ea5fa0
3000,21,3f3dde57,45d202aa,45ea5fa0
3001,21,3f3def9c,45d202aa,45ea5fa0
3002,21,3f3e00e1,45d202aa,45ea5fa0
3003,21,3f3e1226,45d202aa,45ea5fa0
3004,21,3f3e236b,45d0bbd1,45ea5fa0
3005,21,3f3e34af,45d0bbd1,45ea5fa0
3006,21,3f3e45f4,45d0bbd1,45ea5fa0
3007,21,3f3e5739,45d0bbd1,45ea5fa0
3008,21,3f3e687e,45cf76f5,45ea5fa0
3009,21,3f3e79c3,45cf76f5,45ea5fa0
3010,21,3f3e8b08,45cf76f5,45ea5fa0
3011,21,3f3e9c4d,45cf76f5,45ea5fa0
3012,21,3f3ead92,45ce3411,45ea5fa0
3013,21,3f3ebed6,45ce3411,45ea5fa0
3014,21,3f3ed01b,45ce3411,45ea5fa0
3015,21,3f3ee160,45ce3411,45ea5fa0
3016,21,3f3ef2a5,45ccf323,45ea5fa0
3017,21,3f3f03ea,45ccf323,45ea5fa0
3018,21,3f3f152f,45ccf323,45ea5fa0
3019,21,3f3f2674,45ccf323,45ea5fa0
3020,21,3f3f37b9,45cbb42a,45ea5fa0
3021,21,3f3f48fd,45cbb42a,45ea5fa0
3022,21,3f3f5a42,45cbb42a,45ea5fa0
3023,21,3f3f6b87,45cbb42a,45ea5fa0
3024,21,3f3f7ccc,45ca7722,45ea5fa0
3025,21,3f3f8e11,45ca7722,45ea5fa0
3026,21,3f3f9f56,45ca7722,45ea5fa0
3027,21,3f3fb09b,45ca7722,45ea5fa0
3028,21,3f3fc1e0,45c93c04,45ea5fa0
3029,21,3f3fd324,45c93c04,45ea5fa0
3030,21,3f3fe469,45c93c04,45ea5fa0
3031,21,3f3ff5ae,45c93c04,45ea5fa0
3032,21,3f4006f3,45c802d4,45ea5fa0
3033,21,3f401838,45c802d4,45ea5fa0
3034,21,3f40297d,45c802d4,45ea5fa0
3035,21,3f403ac2,45c802d4,45ea5fa0
3036,21,3f404c07,45c6cb8b,45ea5fa0
3037,21,3f405d4b,45c6cb8b,45ea5fa0
3038,21,3f406e90,45c6cb8b,45ea5fa0
3039,21,3f407fd5,45c6cb8b,45ea5fa0
3040,21,3f40911a,45c59625,45ea5fa0
3041,21,3f40a25f,45c59625,45ea5fa0
3042,21,3f40b3a4,45c59625,45ea5fa0
3043,21,3f40c4e9,45c59625,45ea5fa0
3044,21,3f40d62e,45c462a2,45ea5fa0
3045,21,3f40e772,45c462a2,45ea5fa0
3046,21,3f40f8b7,45c462a2,45ea5fa0
3047,21,3f4109fc,45c462a2,45ea5fa0
3048,21,3f411b41,45c330fd,45ea5fa0
3049,21,3f412c86,45c330fd,45ea5fa0
3050,21,3f413dcb,45c330fd,45ea5fa0
3051,21,3f414f10,45c330fd,45ea5fa0
3052,21,3f416055,45c20133,45ea5fa0
3053,21,3f417199,45c20133,45ea5fa0
3054,21,3f4182de,45c20133,45ea5fa0
3055,21,3f419423,45c20133,45ea5fa0
3056,21,3f41a568,45c0d342,45ea5fa0
3057,21,3f41b6ad,45c0d342,45ea5fa0
3058,21,3f41c7f2,45c0d342,45ea5fa0
3059,21,3f41d937,45c0d342,45ea5fa0
3060,21,3f41ea7c,45bfa726,45ea5fa0
3061,21,3f41fbc0,45bfa726,45ea5fa0
3062,21,3f420d05,45bfa726,45ea5fa0
3063,21,3f421e4a,45bfa726,45ea5fa0
3064,21,3f422f8f,45be7cdf,45ea5fa0
3065,21,3f4240d4,45be7cdf,45ea5fa0
3066,21,3f425219,45be7cdf,45ea5fa0
3067,21,3f42635e,45be7cdf,45ea5fa0
3068,21,3f4274a3,45bd5468,45ea5fa0
3069,21,3f4285e7,45bd5468,45ea5fa0
3070,21,3f42972c,45bd5468,45ea5fa0
3071,21,3f42a871,45bd5468,45ea5fa0
3072,21,3f42b9b6,45bc2dbd,45ea5fa0
3073,21,3f42cafb,45bc2dbd,45ea5fa0
3074,21,3f42dc40,45bc2dbd,45ea5fa0
3075,21,3f42ed85,45bc2dbd,45ea5fa0
3076,21,3f42fec9,45bb08de,45ea5fa0
3077,21,3f43100e,45bb08de,45ea5fa0
3078,21,3f432153,45bb08de,45ea5fa0
3079,21,3f433298,45bb08de,45ea5fa0
3080,21,3f4343dd,45b9e5c6,45ea5fa0
3081,21,3f435522,45b9e5c6,45ea5fa0
3082,21,3f436667,45b9e5c6,45ea5fa0
3083,21,3f4377ac,45b9e5c6,45ea5fa0
3084,21,3f4388f0,45b8c474,45ea5fa0
3085,21,3f439a35,45b8c474,45ea5fa0
3086,21,3f43ab7a,45b8c474,45ea5fa0
3087,21,3f43bcbf,45b8c474,45ea5fa0
3088,21,3f43ce04,45b7a4e5,45ea5fa0
3089,21,3f43df49,45b7a4e5,45ea5fa0
3090,21,3f43f08e,45b7a4e5,45ea5fa0
3091,21,3f4401d3,45b7a4e5,45ea5fa0
3092,21,3f441317,45b68713,45ea5fa0
3093,21,3f44245c,45b68713,45ea5fa0
3094,21,3f4435a1,45b68713,45ea5fa0
3095,21,3f4446e6,45b68713,45ea5fa0
3096,21,3f44582b,45b56b00,45ea5fa0
3097,21,3f446970,45b56b00,45ea5fa0
3098,21,3f447ab5,45b56b00,45ea5fa0
3099,21,3f448bfa,45b56b00,45ea5fa0
3100,21,3f449d3e,45b450a4,45ea5fa0
3101,21,3f44ae83,45b450a4,45ea5fa0
3102,21,3f44bfc8,45b450a4,45ea5fa0
3103,21,3f44d10d,45b450a4,45ea5fa0
3104,21,3f44e252,45b33802,45ea5fa0
3105,21,3f44f397,45b33802,45ea5fa0
3106,21,3f4504dc,45b33802,45ea5fa0
3107,21,3f451621,45b33802,45ea5fa0
3108,21,3f452765,45b22115,45ea5fa0
3109,21,3f4538aa,45b22115,45ea5fa0
3110,21,3f4549ef,45b22115,45ea5fa0
3111,21,3f455b34,45b22115,45ea5fa0
3112,21,3f456c79,45b10bda,45ea5fa0
3113,21,3f457dbe,45b10bda,45ea5fa0
3114,21,3f458f03,45b10bda,45ea5fa0
3115,21,3f45a048,45b10bda,45ea5fa0
3116,21,3f45b18c,45aff84d,45ea5fa0
3117,21,3f45c2d1,45aff84d,45ea5fa0
3118,21,3f45d416,45aff84d,45ea5fa0
3119,21,3f45e55b,45aff84d,45ea5fa0
3120,21,3f45f6a0,45aee66d,45ea5fa0
3121,21,3f4607e5,45aee66d,45ea5fa0
3122,21,3f46192a,45aee66d,45ea5fa0
3123,21,3f462a6f,45aee66d,45ea5fa0
3124,21,3f463bb3,45add63a,45ea5fa0
3125,21,3f464cf8,45add63a,45ea5fa0
3126,21,3f465e3d,45add63a,45ea5fa0
3127,21,3f466f82,45add63a,45ea5fa0
3128,21,3f4680c7,45acc7ad,45ea5fa0
3129,21,3f46920c,45acc7ad,45ea5fa0
3130,21,3f46a351,45acc7ad,45ea5fa0
3131,21,3f46b496,45acc7ad,45ea5fa0
3132,21,3f46c5da,45abbac5,45ea5fa0
3133,21,3f46d71f,45abbac5,45ea5fa0
3134,21,3f46e864,45abbac5,45ea5fa0
3135,21,3f46f9a9,45abbac5,45ea5fa0
3136,21,3f470aee,45aaaf7d,45ea5fa0
3137,21,3f471c33,45aaaf7d,45ea5fa0
3138,21,3f472d78,45aaaf7d,45ea5fa0
3139,21,3f473ebd,45aaaf7d,45ea5fa0
3140,21,3f475001,45a9a5d8,45ea5fa0
3141,21,3f476146,45a9a5d8,45ea5fa0
3142,21,3f47728b,45a9a5d8,45ea5fa0
3143,21,3f4783d0,45a9a5d8,45ea5fa0
3144,21,3f479515,45a89dd1,45ea5fa0
3145,21,3f47a65a,45a89dd1,45ea5fa0
3146,21,3f47b79f,45a89dd1,45ea5fa0
3147,21,3f47c8e4,45a89dd1,45ea5fa0
3148,21,3f47da28,45a79764,45ea5fa0
3149,21,3f47eb6d,45a79764,45ea5fa0
3150,21,3f47fcb2,45a79764,45ea5fa0
3151,21,3f480df7,45a79764,45ea5fa0
3152,21,3f481f3c,45a6928e,45ea5fa0
3153,21,3f483081,45a6928e,45ea5fa0
3154,21,3f4841c6,45a6928e,45ea5fa0
3155,21,3f48530b,45a6928e,45ea5fa0
3156,21,3f48644f,45a58f4e,45ea5fa0
3157,21,3f487594,45a58f4e,45ea5fa0
3158,21,3f4886d9,45a58f4e,45ea5fa0
3159,21,3f48981e,45a58f4e,45ea5fa0
3160,21,3f48a963,45a48da3,45ea5fa0
3161,21,3f48baa8,45a48da3,45ea5fa0
3162,21,3f48cbed,45a48da3,45ea5fa0
3163,21,3f48dd32,45a48da3,45ea5fa0
3164,21,3f48ee76,45a38d89,45ea5fa0
3165,21,3f48ffbb,45a38d89,45ea5fa0
3166,21,3f491100,45a38d89,45ea5fa0
3167,21,3f492245,45a38d89,45ea5fa0
3168,21,3f49338a,45a28efe,45ea5fa0
3169,21,3f4944cf,45a28efe,45ea5fa0
3170,21,3f495614,45a28efe,45ea5fa0
3171,21,3f496759,45a28efe,45ea5fa0
3172,21,3f49789d,45a191fd,45ea5fa0
3173,21,3f4989e2,45a191fd,45ea5fa0
3174,21,3f499b27,45a191fd,45ea5fa0
3175,21,3f49ac6c,45a191fd,45ea5fa0
3176,21,3f49bdb1,45a09687,45ea5fa0
3177,21,3f49cef6,45a09687,45ea5fa0
3178,21,3f49e03b,45a09687,45ea5fa0
3179,21,3f49f180,45a09687,45ea5fa0
3180,21,3f4a02c4,459f9c9a,45ea5fa0
3181,21,3f4a1409,459f9c9a,45ea5fa0
3182,21,3f4a254e,459f9c9a,45ea5fa0
3183,21,3f4a3693,459f9c9a,45ea5fa0
3184,21,3f4a47d8,459ea42e,45ea5fa0
3185,21,3f4a591d,459ea42e,45ea5fa0
3186,21,3f4a6a62,459ea42e,45ea5fa0
3187,21,3f4a7ba7,459ea42e,45ea5fa0
3188,21,3f4a8ceb,459dad48,45ea5fa0
3189,21,3f4a9e30,459dad48,45ea5fa0
3190,21,3f4aaf75,459dad48,45ea5fa0
3191,21,3f4ac0ba,459dad48,45ea5fa0
3192,21,3f4ad1ff,459cb7e1,45ea5fa0
3193,21,3f4ae344,459cb7e1,45ea5fa0
3194,21,3f4af489,459cb7e1,45ea5fa0
3195,21,3f4b05ce,459cb7e1,45ea5fa0
3196,21,3f4b1712,459bc3f9,459c3fb5
3197,21,3f4b2857,459bc3f9,459c3fb5
3198,21,3f4b399c,459bc3f9,459c3fb5
3199,21,3f4b4ae1,459bc3f9,459c3fb5
3200,21,3f4b5c26,459ad18c,459c3fb5
3201,21,3f4b6d6b,459ad18c,459c3fb5
3202,21,3f4b7eb0,459ad18c,459c3fb5
3203,21,3f4b8ff4,459ad18c,459c3fb5
3204,21,3f4ba139,4599e098,459c3fb5
3205,21,3f4bb27e,4599e098,459c3fb5
3206,21,3f4bc3c3,4599e098,459c3fb5
3207,21,3f4bd508,4599e098,459c3fb5
3208,21,3f4be64d,4598f11c,459c3fb5
3209,21,3f4bf792,4598f11c,459c3fb5
3210,21,3f4c08d7,4598f11c,459c3fb5
3211,21,3f4c1a1b,4598f11c,459c3fb5
3212,21,3f4c2b60,45980313,459c3fb5
3213,21,3f4c3ca5,45980313,459c3fb5
3214,21,3f4c4dea,45980313,459c3fb5
3215,21,3f4c5f2f,45980313,459c3fb5
3216,21,3f4c7074,4597167d,459c3fb5
3217,21,3f4c81b9,4597167d,459c3fb5
3218,21,3f4c92fe,4597167d,459c3fb5
3219,21,3f4ca442,4597167d,459c3fb5
3220,21,3f4cb587,45962b58,459c3fb5
3221,21,3f4cc6cc,45962b58,459c3fb5
3222,21,3f4cd811,45962b58,459c3fb5
3223,21,3f4ce956,45962b58,459c3fb5
3224,21,3f4cfa9b,459541a0,459c3fb5
3225,21,3f4d0be0,459541a0,459c3fb5
3226,21,3f4d1d25,459541a0,459c3fb5
3227,21,3f4d2e69,459541a0,459c3fb5
3228,21,3f4d3fae,45945953,459c3fb5
3229,21,3f4d50f3,45945953,459c3fb5
3230,21,3f4d6238,45945953,459c3fb5
3231,21,3f4d737d,45945953,459c3fb5
3232,21,3f4d84c2,45937272,459c3fb5
3233,21,3f4d9607,45937272,459c3fb5
3234,21,3f4da74c,45937272,459c3fb5
3235,21,3f4db890,45937272,459c3fb5
3236,21,3f4dc9d5,45928cf7,459c3fb5
3237,21,3f4ddb1a,45928cf7,459c3fb5
3238,21,3f4dec5f,45928cf7,459c3fb5
3239,21,3f4dfda4,45928cf7,459c3fb5
3240,21,3f4e0ee9,4591a8e1,459c3fb5
3241,21,3f4e202e,4591a8e1,459c3fb5
3242,21,3f4e3173,4591a8e1,459c3fb5
3243,21,3f4e42b7,4591a8e1,459c3fb5
3244,21,3f4e53fc,4590c62d,459c3fb5
3245,21,3f4e6541,4590c62d,459c3fb5
3246,21,3f4e7686,4590c62d,459c3fb5
3247,21,3f4e87cb,4590c62d,459c3fb5
3248,21,3f4e9910,458fe4dd,459c3fb5
3249,21,3f4eaa55,458fe4dd,459c3fb5
3250,21,3f4ebb9a,458fe4dd,459c3fb5
3251,21,3f4eccde,458fe4dd,459c3fb5
3252,21,3f4ede23,458f04e9,459c3fb5
3253,21,3f4eef68,458f04e9,459c3fb5
3254,21,3f4f00ad,458f04e9,459c3fb5
3255,21,3f4f11f2,458f04e9,459c3fb5
3256,21,3f4f2337,458e2654,459c3fb5
3257,21,3f4f347c,458e2654,459c3fb5
3258,21,3f4f45c1,458e2654,459c3fb5
3259,21,3f4f5705,458e2654,459c3fb5
3260,21,3f4f684a,458d4916,459c3fb5
3261,21,3f4f798f,458d4916,459c3fb5
3262,21,3f4f8ad4,458d4916,459c3fb5
3263,21,3f4f9c19,458d4916,459c3fb5
3264,21,3f4fad5e,458c6d33,459c3fb5
3265,21,3f4fbea3,458c6d33,459c3fb5
3266,21,3f4fcfe8,458c6d33,459c3fb5
3267,21,3f4fe12c,458c6d33,459c3fb5
3268,21,3f4ff271,458b92a6,459c3fb5
3269,21,3f5003b6,458b92a6,459c3fb5
3270,21,3f5014fb,458b92a6,459c3fb5
3271,21,3f502640,458b92a6,459c3fb5
3272,21,3f503785,458ab96b,459c3fb5
3273,21,3f5048ca,458ab96b,459c3fb5
3274,21,3f505a0f,458ab96b,459c3fb5
3275,21,3f506b53,458ab96b,459c3fb5
3276,21,3f507c98,4589e183,459c3fb5
3277,21,3f508ddd,4589e183,459c3fb5
3278,21,3f509f22,4589e183,459c3fb5
3279,21,3f50b067,4589e183,459c3fb5
3280,21,3f50c1ac,45890aec,459c3fb5
3281,21,3f50d2f1,45890aec,459c3fb5
3282,21,3f50e436,45890aec,459c3fb5
3283,21,3f50f57a,45890aec,459c3fb5
3284,21,3f5106bf,458835a3,459c3fb5
3285,21,3f511804,458835a3,459c3fb5
3286,21,3f512949,458835a3,459c3fb5
3287,21,3f513a8e,458835a3,459c3fb5
3288,21,3f514bd3,458761a6,459c3fb5
3289,21,3f515d18,458761a6,459c3fb5
3290,21,3f516e5d,458761a6,459c3fb5
3291,21,3f517fa1,458761a6,459c3fb5
3292,21,3f5190e6,45868ef2,459c3fb5
3293,21,3f51a22b,45868ef2,459c3fb5
3294,21,3f51b370,45868ef2,459c3fb5
3295,21,3f51c4b5,45868ef2,459c3fb5
3296,21,3f51d5fa,4585bd86,459c3fb5
3297,21,3f51e73f,4585bd86,459c3fb5
3298,21,3f51f884,4585bd86,459c3fb5
3299,21,3f5209c8,4585bd86,459c3fb5
3300,21,3f521b0d,4584ed61,459c3fb5
3301,21,3f522c52,4584ed61,459c3fb5
3302,21,3f523d97,4584ed61,459c3fb5
3303,21,3f524edc,4584ed61,459c3fb5
3304,21,3f526021,45841e7d,459c3fb5
3305,21,3f527166,45841e7d,459c3fb5
3306,21,3f5282ab,45841e7d,459c3fb5
3307,21,3f5293ef,45841e7d,459c3fb5
3308,21,3f52a534,458350df,459c3fb5
3309,21,3f52b679,458350df,459c3fb5
3310,21,3f52c7be,458350df,459c3fb5
3311,21,3f52d903,458350df,459c3fb5
3312,21,3f52ea48,4582847f,459c3fb5
3313,21,3f52fb8d,4582847f,459c3fb5
3314,21,3f530cd2,4582847f,459c3fb5
3315,21,3f531e16,4582847f,459c3fb5
3316,21,3f532f5b,4581b95d,459c3fb5
3317,21,3f5340a0,4581b95d,459c3fb5
3318,21,3f5351e5,4581b95d,459c3fb5
3319,21,3f53632a,4581b95d,459c3fb5
3320,21,3f53746f,4580ef78,459c3fb5
3321,21,3f5385b4,4580ef78,459c3fb5
3322,21,3f5396f9,4580ef78,459c3fb5
3323,21,3f53a83d,4580ef78,459c3fb5
3324,21,3f53b982,458026ce,459c3fb5
3325,21,3f53cac7,458026ce,459c3fb5
3326,21,3f53dc0c,458026ce,459c3fb5
3327,21,3f53ed51,458026ce,459c3fb5
3328,21,3f53fe96,457ebeb0,459c3fb5
3329,21,3f540fdb,457ebeb0,459c3fb5
3330,21,3f54211f,457ebeb0,459c3fb5
3331,21,3f543264,457ebeb0,459c3fb5
3332,21,3f5443a9,457d323a,459c3fb5
3333,21,3f5454ee,457d323a,459c3fb5
3334,21,3f546633,457d323a,459c3fb5
3335,21,3f547778,457d323a,459c3fb5
3336,21,3f5488bd,457ba826,459c3fb5
3337,21,3f549a02,457ba826,459c3fb5
3338,21,3f54ab46,457ba826,459c3fb5
3339,21,3f54bc8b,457ba826,459c3fb5
3340,21,3f54cdd0,457a207f,459c3fb5
3341,21,3f54df15,457a207f,459c3fb5
3342,21,3f54f05a,457a207f,459c3fb5
3343,21,3f55019f,457a207f,459c3fb5
3344,21,3f5512e4,45789b35,459c3fb5
3345,21,3f552429,45789b35,459c3fb5
3346,21,3f55356d,45789b35,459c3fb5
3347,21,3f5546b2,45789b35,459c3fb5
3348,21,3f5557f7,45771848,459c3fb5
3349,21,3f55693c,45771848,459c3fb5
3350,21,3f557a81,45771848,459c3fb5
3351,21,3f558bc6,45771848,459c3fb5
3352,21,3f559d0b,457597b9,459c3fb5
3353,21,3f55ae50,457597b9,459c3fb5
3354,21,3f55bf94,457597b9,459c3fb5
3355,21,3f55d0d9,457597b9,459c3fb5
3356,21,3f55e21e,4574197e,459c3fb5
3357,21,3f55f363,4574197e,459c3fb5
3358,21,3f5604a8,4574197e,459c3fb5
3359,21,3f5615ed,4574197e,459c3fb5
3360,21,3f562732,45729d95,459c3fb5
3361,21,3f563877,45729d95,459c3fb5
3362,21,3f5649bb,45729d95,459c3fb5
3363,21,3f565b00,45729d95,459c3fb5
3364,21,3f566c45,457123fc,459c3fb5
3365,21,3f567d8a,457123fc,459c3fb5
3366,21,3f568ecf,457123fc,459c3fb5
3367,21,3f56a014,457123fc,459c3fb5
3368,21,3f56b159,456facaf,459c3fb5
3369,21,3f56c29e,456facaf,459c3fb5
3370,21,3f56d3e2,456facaf,459c3fb5
3371,21,3f56e527,456facaf,459c3fb5
3372,21,3f56f66c,456e37ab,459c3fb5
3373,21,3f5707b1,456e37ab,459c3fb5
3374,21,3f5718f6,456e37ab,459c3fb5
3375,21,3f572a3b,456e37ab,459c3fb5
3376,21,3f573b80,456cc4e9,459c3fb5
3377,21,3f574cc5,456cc4e9,459c3fb5
3378,21,3f575e09,456cc4e9,459c3fb5
3379,21,3f576f4e,456cc4e9,459c3fb5
3380,21,3f578093,456b546b,459c3fb5
3381,21,3f5791d8,456b546b,459c3fb5
3382,21,3f57a31d,456b546b,459c3fb5
3383,21,3f57b462,456b546b,459c3fb5
3384,21,3f57c5a7,4569e62b,456a5f90
3385,21,3f57d6ec,4569e62b,456a5f90
3386,21,3f57e830,4569e62b,456a5f90
3387,21,3f57f975,4569e62b,456a5f90
3388,21,3f580aba,45687a21,456a5f90
3389,21,3f581bff,45687a21,456a5f90
3390,21,3f582d44,45687a21,456a5f90
3391,21,3f583e89,45687a21,456a5f90
3392,21,3f584fce,45671050,456a5f90
3393,21,3f586113,45671050,456a5f90
3394,21,3f587257,45671050,456a5f90
3395,21,3f58839c,45671050,456a5f90
3396,21,3f5894e1,4565a8b1,456a5f90
3397,21,3f58a626,4565a8b1,456a5f90
3398,21,3f58b76b,4565a8b1,456a5f90
3399,21,3f58c8b0,4565a8b1,456a5f90
3400,21,3f58d9f5,45644344,456a5f90
3401,21,3f58eb3a,45644344,456a5f90
3402,21,3f58fc7e,45644344,456a5f90
3403,21,3f590dc3,45644344,456a5f90
3404,21,3f591f08,4562e002,456a5f90
3405,21,3f59304d,4562e002,456a5f90
3406,21,3f594192,4562e002,456a5f90
3407,21,3f5952d7,4562e002,456a5f90
3408,21,3f59641c,45617eeb,456a5f90
3409,21,3f597561,45617eeb,456a5f90
3410,21,3f5986a5,45617eeb,456a5f90
3411,21,3f5997ea,45617eeb,456a5f90
3412,21,3f59a92f,45601ff5,456a5f90
3413,21,3f59ba74,45601ff5,456a5f90
3414,21,3f59cbb9,45601ff5,456a5f90
3415,21,3f59dcfe,45601ff5,456a5f90
3416,21,3f59ee43,455ec326,456a5f90
3417,21,3f59ff88,455ec326,456a5f90
3418,21,3f5a10cc,455ec326,456a5f90
3419,21,3f5a2211,455ec326,456a5f90
3420,21,3f5a3356,455d6872,456a5f90
3421,21,3f5a449b,455d6872,456a5f90
3422,21,3f5a55e0,455d6872,456a5f90
3423,21,3f5a6725,455d6872,456a5f90
3424,21,3f5a786a,455c0fdb,456a5f90
3425,21,3f5a89af,455c0fdb,456a5f90
3426,21,3f5a9af3,455c0fdb,456a5f90
3427,21,3f5aac38,455c0fdb,456a5f90
3428,21,3f5abd7d,455ab95c,456a5f90
3429,21,3f5acec2,455ab95c,456a5f90
3430,21,3f5ae007,455ab95c,456a5f90
3431,21,3f5af14c,455ab95c,456a5f90
3432,21,3f5b0291,455964f3,456a5f90
3433,21,3f5b13d6,455964f3,456a5f90
3434,21,3f5b251a,455964f3,456a5f90
3435,21,3f5b365f,455964f3,456a5f90
3436,21,3f5b47a4,45581299,456a5f90
3437,21,3f5b58e9,45581299,456a5f90
3438,21,3f5b6a2e,45581299,456a5f90
3439,21,3f5b7b73,45581299,456a5f90
3440,21,3f5b8cb8,4556c251,456a5f90
3441,21,3f5b9dfd,4556c251,456a5f90
3442,21,3f5baf41,4556c251,456a5f90
3443,21,3f5bc086,4556c251,456a5f90
3444,21,3f5bd1cb,45557414,456a5f90
3445,21,3f5be310,45557414,456a5f90
3446,21,3f5bf455,45557414,456a5f90
3447,21,3f5c059a,45557414,456a5f90
3448,21,3f5c16df,455427df,456a5f90
3449,21,3f5c2824,455427df,456a5f90
3450,21,3f5c3968,455427df,456a5f90
3451,21,3f5c4aad,455427df,456a5f90
3452,21,3f5c5bf2,4552ddaf,456a5f90
3453,21,3f5c6d37,4552ddaf,456a5f90
3454,21,3f5c7e7c,4552ddaf,456a5f90
3455,21,3f5c8fc1,4552ddaf,456a5f90
3456,21,3f5ca106,45519580,456a5f90
3457,21,3f5cb24a,45519580,456a5f90
3458,21,3f5cc38f,45519580,456a5f90
3459,21,3f5cd4d4,45519580,456a5f90
3460,21,3f5ce619,45504f4f,456a5f90
3461,21,3f5cf75e,45504f4f,456a5f90
3462,21,3f5d08a3,45504f4f,456a5f90
3463,21,3f5d19e8,45504f4f,456a5f90
3464,21,3f5d2b2d,454f0b1b,456a5f90
3465,21,3f5d3c71,454f0b1b,456a5f90
3466,21,3f5d4db6,454f0b1b,456a5f90
3467,21,3f5d5efb,454f0b1b,456a5f90
3468,21,3f5d7040,454dc8df,456a5f90
3469,21,3f5d8185,454dc8df,456a5f90
3470,21,3f5d92ca,454dc8df,456a5f90
3471,21,3f5da40f,454dc8df,456a5f90
3472,21,3f5db554,454c8898,456a5f90
3473,21,3f5dc698,454c8898,456a5f90
3474,21,3f5dd7dd,454c8898,456a5f90
3475,21,3f5de922,454c8898,456a5f90
3476,21,3f5dfa67,454b4a44,456a5f90
3477,21,3f5e0bac,454b4a44,456a5f90
3478,21,3f5e1cf1,454b4a44,456a5f90
3479,21,3f5e2e36,454b4a44,456a5f90
3480,21,3f5e3f7b,454a0de0,456a5f90
3481,21,3f5e50bf,454a0de0,456a5f90
3482,21,3f5e6204,454a0de0,456a5f90
3483,21,3f5e7349,454a0de0,456a5f90
3484,21,3f5e848e,4548d369,456a5f90
3485,21,3f5e95d3,4548d369,456a5f90
3486,21,3f5ea718,4548d369,456a5f90
3487,21,3f5eb85d,4548d369,456a5f90
3488,21,3f5ec9a2,45479ada,456a5f90
3489,21,3f5edae6,45479ada,456a5f90
3490,21,3f5eec2b,45479ada,456a5f90
3491,21,3f5efd70,45479ada,456a5f90
3492,21,3f5f0eb5,45466434,456a5f90
3493,21,3f5f1ffa,45466434,456a5f90
3494,21,3f5f313f,45466434,456a5f90
3495,21,3f5f4284,45466434,456a5f90
3496,21,3f5f53c9,45452f6f,456a5f90
3497,21,3f5f650d,45452f6f,456a5f90
3498,21,3f5f7652,45452f6f,456a5f90
3499,21,3f5f8797,45452f6f,456a5f90
3500,21,3f5f98dc,4543fc8a,456a5f90
3501,21,3f5faa21,4543fc8a,456a5f90
3502,21,3f5fbb66,4543fc8a,456a5f90
3503,21,3f5fccab,4543fc8a,456a5f90
3504,21,3f5fddf0,4542cb82,456a5f90
3505,21,3f5fef34,4542cb82,456a5f90
3506,21,3f600079,4542cb82,456a5f90
3507,21,3f6011be,4542cb82,456a5f90
3508,21,3f602303,45419c57,456a5f90
3509,21,3f603448,45419c57,456a5f90
3510,21,3f60458d,45419c57,456a5f90
3511,21,3f6056d2,45419c57,456a5f90
3512,21,3f606817,45406f05,456a5f90
3513,21,3f60795b,45406f05,456a5f90
3514,21,3f608aa0,45406f05,456a5f90
3515,21,3f609be5,45406f05,456a5f90
3516,21,3f60ad2a,453f4386,456a5f90
3517,21,3f60be6f,453f4386,456a5f90
3518,21,3f60cfb4,453f4386,456a5f90
3519,21,3f60e0f9,453f4386,456a5f90
3520,21,3f60f23e,453e19d9,456a5f90
3521,21,3f610382,453e19d9,456a5f90
3522,21,3f6114c7,453e19d9,456a5f90
3523,21,3f61260c,453e19d9,456a5f90
3524,21,3f613751,453cf1fb,456a5f90
3525,21,3f614896,453cf1fb,456a5f90
3526,21,3f6159db,453cf1fb,456a5f90
3527,21,3f616b20,453cf1fb,456a5f90
3528,21,3f617c65,453bcbea,456a5f90
3529,21,3f618da9,453bcbea,456a5f90
3530,21,3f619eee,453bcbea,456a5f90
3531,21,3f61b033,453bcbea,456a5f90
3532,21,3f61c178,453aa7a3,456a5f90
3533,21,3f61d2bd,453aa7a3,456a5f90
3534,21,3f61e402,453aa7a3,456a5f90
3535,21,3f61f547,453aa7a3,456a5f90
3536,21,3f62068c,45398522,456a5f90
3537,21,3f6217d0,45398522,456a5f90
3538,21,3f622915,45398522,456a5f90
3539,21,3f623a5a,45398522,456a5f90
3540,21,3f624b9f,45386466,456a5f90
3541,21,3f625ce4,45386466,456a5f90
3542,21,3f626e29,45386466,456a5f90
3543,21,3f627f6e,45386466,456a5f90
3544,21,3f6290b3,4537456c,456a5f90
3545,21,3f62a1f7,4537456c,456a5f90
3546,21,3f62b33c,4537456c,456a5f90
3547,21,3f62c481,4537456c,456a5f90
3548,21,3f62d5c6,4536282e,456a5f90
3549,21,3f62e70b,4536282e,456a5f90
3550,21,3f62f850,4536282e,456a5f90
3551,21,3f630995,4536282e,456a5f90
3552,21,3f631ada,45350cb2,456a5f90
3553,21,3f632c1e,45350cb2,456a5f90
3554,21,3f633d63,45350cb2,456a5f90
3555,21,3f634ea8,45350cb2,456a5f90
3556,21,3f635fed,4533f2e9,456a5f90
3557,21,3f637132,4533f2e9,456a5f90
3558,21,3f638277,4533f2e9,456a5f90
3559,21,3f6393bc,4533f2e9,456a5f90
3560,21,3f63a501,4532dad8,456a5f90
3561,21,3f63b645,4532dad8,456a5f90
3562,21,3f63c78a,4532dad8,456a5f90
3563,21,3f63d8cf,4532dad8,456a5f90
3564,21,3f63ea14,4531c47c,456a5f90
3565,21,3f63fb59,4531c47c,456a5f90
3566,21,3f640c9e,4531c47c,456a5f90
3567,21,3f641de3,4531c47c,456a5f90
3568,21,3f642f28,4530afd1,456a5f90
3569,21,3f64406c,4530afd1,456a5f90
3570,21,3f6451b1,4530afd1,456a5f90
3571,21,3f6462f6,4530afd1,456a5f90
3572,21,3f64743b,452f9cd4,456a5f90
3573,21,3f648580,452f9cd4,456a5f90
3574,21,3f6496c5,452f9cd4,456a5f90
3575,21,3f64a80a,452f9cd4,456a5f90
3576,21,3f64b94f,452e8b83,456a5f90
3577,21,3f64ca93,452e8b83,456a5f90
3578,21,3f64dbd8,452e8b83,456a5f90
3579,21,3f64ed1d,452e8b83,456a5f90
3580,21,3f64fe62,452d7bdc,456a5f90
3581,21,3f650fa7,452d7bdc,456a5f90
3582,21,3f6520ec,452d7bdc,456a5f90
3583,21,3f653231,452d7bdc,456a5f90
3584,21,3f654375,452c6ddc,456a5f90
3585,21,3f6554ba,452c6ddc,456a5f90
3586,21,3f6565ff,452c6ddc,456a5f90
3587,21,3f657744,452c6ddc,456a5f90
3588,21,3f658889,452b617d,456a5f90
3589,21,3f6599ce,452b617d,456a5f90
3590,21,3f65ab13,452b617d,456a5f90
3591,21,3f65bc58,452b617d,456a5f90
3592,21,3f65cd9c,452a56c5,456a5f90
3593,21,3f65dee1,452a56c5,456a5f90
3594,21,3f65f026,452a56c5,456a5f90
3595,21,3f66016b,452a56c5,456a5f90
3596,21,3f6612b0,45294da8,456a5f90
3597,21,3f6623f5,45294da8,456a5f90
3598,21,3f66353a,45294da8,456a5f90
3599,21,3f66467f,45294da8,456a5f90
3600,21,3f6657c3,4528462b,456a5f90
3601,21,3f666908,4528462b,456a5f90
3602,21,3f667a4d,4528462b,456a5f90
3603,21,3f668b92,4528462b,456a5f90
3604,21,3f669cd7,45274044,456a5f90
3605,21,3f66ae1c,45274044,456a5f90
3606,21,3f66bf61,45274044,456a5f90
3607,21,3f66d0a6,45274044,456a5f90
3608,21,3f66e1ea,45263bf8,456a5f90
3609,21,3f66f32f,45263bf8,456a5f90
3610,21,3f670474,45263bf8,456a5f90
3611,21,3f6715b9,45263bf8,456a5f90
3612,21,3f6726fe,4525393e,456a5f90
3613,21,3f673843,4525393e,456a5f90
3614,21,3f674988,4525393e,456a5f90
3615,21,3f675acd,4525393e,456a5f90
3616,21,3f676c11,4524381a,456a5f90
3617,21,3f677d56,4524381a,456a5f90
3618,21,3f678e9b,4524381a,456a5f90
3619,21,3f679fe0,4524381a,456a5f90
3620,21,3f67b125,45233884,456a5f90
3621,21,3f67c26a,45233884,456a5f90
3622,21,3f67d3af,45233884,456a5f90
3623,21,3f67e4f4,45233884,456a5f90
3624,21,3f67f638,45223a7b,456a5f90
3625,21,3f68077d,45223a7b,456a5f90
3626,21,3f6818c2,45223a7b,456a5f90
3627,21,3f682a07,45223a7b,456a5f90
3628,21,3f683b4c,45213e00,456a5f90
3629,21,3f684c91,45213e00,456a5f90
3630,21,3f685dd6,45213e00,456a5f90
3631,21,3f686f1b,45213e00,456a5f90
3632,21,3f68805f,4520430d,456a5f90
3633,21,3f6891a4,4520430d,456a5f90
3634,21,3f68a2e9,4520430d,456a5f90
3635,21,3f68b42e,4520430d,456a5f90
3636,21,3f68c573,451f49a1,456a5f90
3637,21,3f68d6b8,451f49a1,456a5f90
3638,21,3f68e7fd,451f49a1,456a5f90
3639,21,3f68f942,451f49a1,456a5f90
3640,21,3f690a86,451e51b7,456a5f90
3641,21,3f691bcb,451e51b7,456a5f90
3642,21,3f692d10,451e51b7,456a5f90
3643,21,3f693e55,451e51b7,456a5f90
3644,21,3f694f9a,451d5b52,456a5f90
3645,21,3f6960df,451d5b52,456a5f90
3646,21,3f697224,451d5b52,456a5f90
3647,21,3f698369,451d5b52,456a5f90
3648,21,3f6994ad,451c6668,456a5f90
3649,21,3f69a5f2,451c6668,456a5f90
3650,21,3f69b737,451c6668,456a5f90
3651,21,3f69c87c,451c6668,456a5f90
3652,21,3f69d9c1,451b7300,451c3fab
3653,21,3f69eb06,451b7300,451c3fab
3654,21,3f69fc4b,451b7300,451c3fab
3655,21,3f6a0d90,451b7300,451c3fab
3656,21,3f6a1ed4,451a8111,451c3fab
3657,21,3f6a3019,451a8111,451c3fab
3658,21,3f6a415e,451a8111,451c3fab
3659,21,3f6a52a3,451a8111,451c3fab
3660,21,3f6a63e8,4519909b,451c3fab
3661,21,3f6a752d,4519909b,451c3fab
3662,21,3f6a8672,4519909b,451c3fab
3663,21,3f6a97b7,4519909b,451c3fab
3664,21,3f6aa8fb,4518a199,451c3fab
3665,21,3f6aba40,4518a199,451c3fab
3666,21,3f6acb85,4518a199,451c3fab
3667,21,3f6adcca,4518a199,451c3fab
3668,21,3f6aee0f,4517b40c,451c3fab
3669,21,3f6aff54,4517b40c,451c3fab
3670,21,3f6b1099,4517b40c,451c3fab
3671,21,3f6b21de,4517b40c,451c3fab
3672,21,3f6b3322,4516c7f2,451c3fab
3673,21,3f6b4467,4516c7f2,451c3fab
3674,21,3f6b55ac,4516c7f2,451c3fab
3675,21,3f6b66f1,4516c7f2,451c3fab
3676,21,3f6b7836,4515dd49,451c3fab
3677,21,3f6b897b,4515dd49,451c3fab
3678,21,3f6b9ac0,4515dd49,451c3fab
3679,21,3f6bac05,4515dd49,451c3fab
3680,21,3f6bbd49,4514f408,451c3fab
3681,21,3f6bce8e,4514f408,451c3fab
3682,21,3f6bdfd3,4514f408,451c3fab
3683,21,3f6bf118,4514f408,451c3fab
3684,21,3f6c025d,45140c36,451c3fab
3685,21,3f6c13a2,45140c36,451c3fab
3686,21,3f6c24e7,45140c36,451c3fab
3687,21,3f6c362c,45140c36,451c3fab
3688,21,3f6c4770,451325ca,451c3fab
3689,21,3f6c58b5,451325ca,451c3fab
3690,21,3f6c69fa,451325ca,451c3fab
3691,21,3f6c7b3f,451325ca,451c3fab
3692,21,3f6c8c84,451240ca,451c3fab
3693,21,3f6c9dc9,451240ca,451c3fab
3694,21,3f6caf0e,451240ca,451c3fab
3695,21,3f6cc053,451240ca,451c3fab
3696,21,3f6cd197,45115d29,451c3fab
3697,21,3f6ce2dc,45115d29,451c3fab
3698,21,3f6cf421,45115d29,451c3fab
3699,21,3f6d0566,45115d29,451c3fab
3700,21,3f6d16ab,45107aec,451c3fab
3701,21,3f6d27f0,45107aec,451c3fab
3702,21,3f6d3935,45107aec,451c3fab
3703,21,3f6d4a7a,45107aec,451c3fab
3704,21,3f6d5bbe,450f9a0f,451c3fab
3705,21,3f6d6d03,450f9a0f,451c3fab
3706,21,3f6d7e48,450f9a0f,451c3fab
3707,21,3f6d8f8d,450f9a0f,451c3fab
3708,21,3f6da0d2,450eba90,451c3fab
3709,21,3f6db217,450eba90,451c3fab
3710,21,3f6dc35c,450eba90,451c3fab
3711,21,3f6dd4a1,450eba90,451c3fab
3712,21,3f6de5e5,450ddc6f,451c3fab
3713,21,3f6df72a,450ddc6f,451c3fab
3714,21,3f6e086f,450ddc6f,451c3fab
3715,21,3f6e19b4,450ddc6f,451c3fab
3716,21,3f6e2af9,450cffa6,451c3fab
3717,21,3f6e3c3e,450cffa6,451c3fab
3718,21,3f6e4d83,450cffa6,451c3fab
3719,21,3f6e5ec7,450cffa6,451c3fab
3720,21,3f6e700c,450c2433,451c3fab
3721,21,3f6e8151,450c2433,451c3fab
3722,21,3f6e9296,450c2433,451c3fab
3723,21,3f6ea3db,450c2433,451c3fab
3724,21,3f6eb520,450b4a17,451c3fab
3725,21,3f6ec665,450b4a17,451c3fab
3726,21,3f6ed7aa,450b4a17,451c3fab
3727,21,3f6ee8ee,450b4a17,451c3fab
3728,21,3f6efa33,450a714f,451c3fab
3729,21,3f6f0b78,450a714f,451c3fab
3730,21,3f6f1cbd,450a714f,451c3fab
3731,21,3f6f2e02,450a714f,451c3fab
3732,21,3f6f3f47,450999d6,451c3fab
3733,21,3f6f508c,450999d6,451c3fab
3734,21,3f6f61d1,450999d6,451c3fab
3735,21,3f6f7315,450999d6,451c3fab
3736,21,3f6f845a,4508c3ae,451c3fab
3737,21,3f6f959f,4508c3ae,451c3fab
3738,21,3f6fa6e4,4508c3ae,451c3fab
3739,21,3f6fb829,4508c3ae,451c3fab
3740,21,3f6fc96e,4507eed3,451c3fab
3741,21,3f6fdab3,4507eed3,451c3fab
3742,21,3f6febf8,4507eed3,451c3fab
3743,21,3f6ffd3c,4507eed3,451c3fab
3744,21,3f700e81,45071b45,451c3fab
3745,21,3f701fc6,45071b45,451c3fab
3746,21,3f70310b,45071b45,451c3fab
3747,21,3f704250,45071b45,451c3fab
3748,21,3f705395,450648fd,451c3fab
3749,21,3f7064da,450648fd,451c3fab
3750,21,3f70761f,450648fd,451c3fab
3751,21,3f708763,450648fd,451c3fab
3752,21,3f7098a8,45057800,451c3fab
3753,21,3f70a9ed,45057800,451c3fab
3754,21,3f70bb32,45057800,451c3fab
3755,21,3f70cc77,45057800,451c3fab
3756,21,3f70ddbc,4504a845,451c3fab
3757,21,3f70ef01,4504a845,451c3fab
3758,21,3f710046,4504a845,451c3fab
3759,21,3f71118a,4504a845,451c3fab
3760,21,3f7122cf,4503d9d0,451c3fab
3761,21,3f713414,4503d9d0,451c3fab
3762,21,3f714559,4503d9d0,451c3fab
3763,21,3f71569e,4503d9d0,451c3fab
3764,21,3f7167e3,45030c9b,451c3fab
3765,21,3f717928,45030c9b,451c3fab
3766,21,3f718a6d,45030c9b,451c3fab
3767,21,3f719bb1,45030c9b,451c3fab
3768,21,3f71acf6,450240a6,451c3fab
3769,21,3f71be3b,450240a6,451c3fab
3770,21,3f71cf80,450240a6,451c3fab
3771,21,3f71e0c5,450240a6,451c3fab
3772,21,3f71f20a,450175ed,451c3fab
3773,21,3f72034f,450175ed,451c3fab
3774,21,3f721494,450175ed,451c3fab
3775,21,3f7225d8,450175ed,451c3fab
3776,21,3f72371d,4500ac70,451c3fab
3777,21,3f724862,4500ac70,451c3fab
3778,21,3f7259a7,4500ac70,451c3fab
3779,21,3f726aec,4500ac70,451c3fab
3780,21,3f727c31,44ffc85c,451c3fab
3781,21,3f728d76,44ffc85c,451c3fab
3782,21,3f729ebb,44ffc85c,451c3fab
3783,21,3f72afff,44ffc85c,451c3fab
3784,21,3f72c144,44fe3a45,451c3fab
3785,21,3f72d289,44fe3a45,451c3fab
3786,21,3f72e3ce,44fe3a45,451c3fab
3787,21,3f72f513,44fe3a45,451c3fab
3788,21,3f730658,44fcae9b,451c3fab
3789,21,3f73179d,44fcae9b,451c3fab
3790,21,3f7328e2,44fcae9b,451c3fab
3791,21,3f733a26,44fcae9b,451c3fab
3792,21,3f734b6b,44fb2554,451c3fab
3793,21,3f735cb0,44fb2554,451c3fab
3794,21,3f736df5,44fb2554,451c3fab
3795,21,3f737f39,44fb2554,451c3fab
3796,21,3f73907f,44f99e75,451c3fab
3797,21,3f73a1c3,44f99e75,451c3fab
3798,21,3f73b309,44f99e75,451c3fab
3799,21,3f73c44d,44f99e75,451c3fab
3800,21,3f73d593,44f819f7,451c3fab
3801,21,3f73e6d7,44f819f7,451c3fab
3802,21,3f73f81d,44f819f7,451c3fab
3803,21,3f740961,44f819f7,451c3fab
3804,21,3f741aa5,44f697d8,451c3fab
3805,21,3f742beb,44f697d8,451c3fab
3806,21,3f743d2f,44f697d8,451c3fab
3807,21,3f744e75,44f697d8,451c3fab
3808,21,3f745fb9,44f5180b,451c3fab
3809,21,3f7470ff,44f5180b,451c3fab
3810,21,3f748243,44f5180b,451c3fab
3811,21,3f749387,44f5180b,451c3fab
3812,21,3f74a4cd,44f39a97,451c3fab
3813,21,3f74b611,44f39a97,451c3fab
3814,21,3f74c757,44f39a97,451c3fab
3815,21,3f74d89b,44f39a97,451c3fab
3816,21,3f74e9e1,44f21f78,451c3fab
3817,21,3f74fb25,44f21f78,451c3fab
3818,21,3f750c6b,44f21f78,451c3fab
3819,21,3f751daf,44f21f78,451c3fab
3820,21,3f752ef3,44f0a6a1,451c3fab
3821,21,3f754039,44f0a6a1,451c3fab
3822,21,3f75517d,44f0a6a1,451c3fab
3823,21,3f7562c3,44f0a6a1,451c3fab
3824,21,3f757407,44ef3019,451c3fab
3825,21,3f75854d,44ef3019,451c3fab
3826,21,3f759691,44ef3019,451c3fab
3827,21,3f75a7d5,44ef3019,451c3fab
3828,21,3f75b91b,44edbbd5,451c3fab
3829,21,3f75ca5f,44edbbd5,451c3fab
3830,21,3f75dba5,44edbbd5,451c3fab
3831,21,3f75ece9,44edbbd5,451c3fab
3832,21,3f75fe2f,44ec49d4,451c3fab
3833,21,3f760f73,44ec49d4,451c3fab
3834,21,3f7620b9,44ec49d4,451c3fab
3835,21,3f7631fd,44ec49d4,451c3fab
3836,21,3f764341,44eada14,451c3fab
3837,21,3f765487,44eada14,451c3fab
3838,21,3f7665cb,44eada14,451c3fab
3839,21,3f767711,44eada14,451c3fab
3840,21,3f768855,44e96c92,44ea5f80
3841,21,3f76999b,44e96c92,44ea5f80
3842,21,3f76aadf,44e96c92,44ea5f80
3843,21,3f76bc23,44e96c92,44ea5f80
3844,21,3f76cd69,44e8014a,44ea5f80
3845,21,3f76dead,44e8014a,44ea5f80
3846,21,3f76eff3,44e8014a,44ea5f80
3847,21,3f770137,44e8014a,44ea5f80
3848,21,3f77127d,44e69835,44ea5f80
3849,21,3f7723c1,44e69835,44ea5f80
3850,21,3f773505,44e69835,44ea5f80
3851,21,3f77464b,44e69835,44ea5f80
3852,21,3f77578f,44e53151,44ea5f80
3853,21,3f7768d5,44e53151,44ea5f80
3854,21,3f777a19,44e53151,44ea5f80
3855,21,3f778b5f,44e53151,44ea5f80
3856,21,3f779ca3,44e3cc9d,44ea5f80
3857,21,3f77ade9,44e3cc9d,44ea5f80
3858,21,3f77bf2d,44e3cc9d,44ea5f80
3859,21,3f77d071,44e3cc9d,44ea5f80
3860,21,3f77e1b7,44e26a13,44ea5f80
3861,21,3f77f2fb,44e26a13,44ea5f80
3862,21,3f780441,44e26a13,44ea5f80
3863,21,3f781585,44e26a13,44ea5f80
3864,21,3f7826cb,44e109b2,44ea5f80
3865,21,3f78380f,44e109b2,44ea5f80
3866,21,3f784953,44e109b2,44ea5f80
3867,21,3f785a99,44e109b2,44ea5f80
3868,21,3f786bdd,44dfab73,44ea5f80
3869,21,3f787d23,44dfab73,44ea5f80
3870,21,3f788e67,44dfab73,44ea5f80
3871,21,3f789fad,44dfab73,44ea5f80
3872,21,3f78b0f1,44de4f56,44ea5f80
3873,21,3f78c237,44de4f56,44ea5f80
3874,21,3f78d37b,44de4f56,44ea5f80
3875,21,3f78e4bf,44de4f56,44ea5f80
3876,21,3f78f605,44dcf558,44ea5f80
3877,21,3f790749,44dcf558,44ea5f80
3878,21,3f79188f,44dcf558,44ea5f80
3879,21,3f7929d3,44dcf558,44ea5f80
3880,21,3f793b19,44db9d73,44ea5f80
3881,21,3f794c5d,44db9d73,44ea5f80
3882,21,3f795da1,44db9d73,44ea5f80
3883,21,3f796ee7,44db9d73,44ea5f80
3884,21,3f79802b,44da47a9,44ea5f80
3885,21,3f799171,44da47a9,44ea5f80
3886,21,3f79a2b5,44da47a9,44ea5f80
3887,21,3f79b3fb,44da47a9,44ea5f80
3888,21,3f79c53f,44d8f3ee,44ea5f80
3889,21,3f79d685,44d8f3ee,44ea5f80
3890,21,3f79e7c9,44d8f3ee,44ea5f80
3891,21,3f79f90d,44d8f3ee,44ea5f80
3892,21,3f7a0a53,44d7a247,44ea5f80
3893,21,3f7a1b97,44d7a247,44ea5f80
3894,21,3f7a2cdd,44d7a247,44ea5f80
3895,21,3f7a3e21,44d7a247,44ea5f80
3896,21,3f7a4f67,44d652af,44ea5f80
3897,21,3f7a60ab,44d652af,44ea5f80
3898,21,3f7a71ef,44d652af,44ea5f80
3899,21,3f7a8335,44d652af,44ea5f80
3900,21,3f7a9479,44d5051d,44ea5f80
3901,21,3f7aa5bf,44d5051d,44ea5f80
3902,21,3f7ab703,44d5051d,44ea5f80
3903,21,3f7ac849,44d5051d,44ea5f80
3904,21,3f7ad98d,44d3b993,44ea5f80
3905,21,3f7aead3,44d3b993,44ea5f80
3906,21,3f7afc17,44d3b993,44ea5f80
3907,21,3f7b0d5b,44d3b993,44ea5f80
3908,21,3f7b1ea1,44d27011,44ea5f80
3909,21,3f7b2fe5,44d27011,44ea5f80
3910,21,3f7b412b,44d27011,44ea5f80
3911,21,3f7b526f,44d27011,44ea5f80
3912,21,3f7b63b5,44d1288c,44ea5f80
3913,21,3f7b74f9,44d1288c,44ea5f80
3914,21,3f7b863d,44d1288c,44ea5f80
3915,21,3f7b9783,44d1288c,44ea5f80
3916,21,3f7ba8c7,44cfe304,44ea5f80
3917,21,3f7bba0d,44cfe304,44ea5f80
3918,21,3f7bcb51,44cfe304,44ea5f80
3919,21,3f7bdc97,44cfe304,44ea5f80
3920,21,3f7beddb,44ce9f7b,44ea5f80
3921,21,3f7bff21,44ce9f7b,44ea5f80
3922,21,3f7c1065,44ce9f7b,44ea5f80
3923,21,3f7c21a9,44ce9f7b,44ea5f80
3924,21,3f7c32ef,44cd5de6,44ea5f80
3925,21,3f7c4433,44cd5de6,44ea5f80
3926,21,3f7c5579,44cd5de6,44ea5f80
3927,21,3f7c66bd,44cd5de6,44ea5f80
3928,21,3f7c7803,44cc1e45,44ea5f80
3929,21,3f7c8947,44cc1e45,44ea5f80
3930,21,3f7c9a8b,44cc1e45,44ea5f80
3931,21,3f7cabd1,44cc1e45,44ea5f80
3932,21,3f7cbd15,44cae098,44ea5f80
3933,21,3f7cce5b,44cae098,44ea5f80
3934,21,3f7cdf9f,44cae098,44ea5f80
3935,21,3f7cf0e5,44cae098,44ea5f80
3936,21,3f7d0229,44c9a4d7,44ea5f80
3937,21,3f7d136f,44c9a4d7,44ea5f80
3938,21,3f7d24b3,44c9a4d7,44ea5f80
3939,21,3f7d35f7,44c9a4d7,44ea5f80
3940,21,3f7d473d,44c86b03,44ea5f80
3941,21,3f7d5881,44c86b03,44ea5f80
3942,21,3f7d69c7,44c86b03,44ea5f80
3943,21,3f7d7b0b,44c86b03,44ea5f80
3944,21,3f7d8c51,44c73316,44ea5f80
3945,21,3f7d9d95,44c73316,44ea5f80
3946,21,3f7daed9,44c73316,44ea5f80
3947,21,3f7dc01f,44c73316,44ea5f80
3948,21,3f7dd163,44c5fd11,44ea5f80
3949,21,3f7de2a9,44c5fd11,44ea5f80
3950,21,3f7df3ed,44c5fd11,44ea5f80
3951,21,3f7e0533,44c5fd11,44ea5f80
3952,21,3f7e1677,44c4c8ed,44ea5f80
3953,21,3f7e27bd,44c4c8ed,44ea5f80
3954,21,3f7e3901,44c4c8ed,44ea5f80
3955,21,3f7e4a45,44c4c8ed,44ea5f80
3956,21,3f7e5b8b,44c396a7,44ea5f80
3957,21,3f7e6ccf,44c396a7,44ea5f80
3958,21,3f7e7e15,44c396a7,44ea5f80
3959,21,3f7e8f59,44c396a7,44ea5f80
3960,21,3f7ea09f,44c26642,44ea5f80
3961,21,3f7eb1e3,44c26642,44ea5f80
3962,21,3f7ec327,44c26642,44ea5f80
3963,21,3f7ed46d,44c26642,44ea5f80
3964,21,3f7ee5b1,44c137b3,44ea5f80
3965,21,3f7ef6f7,44c137b3,44ea5f80
3966,21,3f7f083b,44c137b3,44ea5f80
3967,21,3f7f1981,44c137b3,44ea5f80
3968,21,3f7f2ac5,44c00afa,44ea5f80
3969,21,3f7f3c09,44c00afa,44ea5f80
3970,21,3f7f4d4f,44c00afa,44ea5f80
3971,21,3f7f5e93,44c00afa,44ea5f80
3972,21,3f7f6fd9,44bee017,44ea5f80
3973,21,3f7f811d,44bee017,44ea5f80
3974,21,3f7f9263,44bee017,44ea5f80
3975,21,3f7fa3a7,44bee017,44ea5f80
3976,21,3f7fb4ed,44bdb705,44ea5f80
3977,21,3f7fc631,44bdb705,44ea5f80
3978,21,3f7fd775,44bdb705,44ea5f80
3979,21,3f7fe8bb,44bdb705,44ea5f80
3980,21,3f7ff9ff,44bc8fc3,44ea5f80
3981,21,3f800000,44bc8fc3,44ea5f80
3982,21,3f800000,44bc8fc3,44ea5f80
3983,21,3f800000,44bc8fc3,44ea5f80
3984,21,3f800000,44bb6a4a,44ea5f80
3985,21,3f800000,44bb6a4a,44ea5f80
3986,21,3f800000,44bb6a4a,44ea5f80
3987,21,3f800000,44bb6a4a,44ea5f80
3988,21,3f800000,44ba469c,44ea5f80
3989,21,3f800000,44ba469c,44ea5f80
3990,21,3f800000,44ba469c,44ea5f80
3991,21,3f800000,44ba469c,44ea5f80
3992,21,3f800000,44b924b1,44ea5f80
3993,21,3f800000,44b924b1,44ea5f80
3994,21,3f800000,44b924b1,44ea5f80
3995,21,3f800000,44b924b1,44ea5f80
3996,21,3f800000,44b8048d,44ea5f80
3997,21,3f800000,44b8048d,44ea5f80
3998,21,3f800000,44b8048d,44ea5f80
3999,21,3f800000,44b8048d,44ea5f80
4000,21,3f800000,44b6e628,44ea5f80
4001,21,3f800000,44b6e628,44ea5f80
4002,21,3f800000,44b6e628,44ea5f80
4003,21,3f800000,44b6e628,44ea5f80
4004,21,3f800000,44b5c980,44ea5f80
4005,21,3f800000,44b5c980,44ea5f80
4006,21,3f800000,44b5c980,44ea5f80
4007,21,3f800000,44b5c980,44ea5f80
4008,21,3f800000,44b4ae93,44ea5f80
4009,21,3f800000,44b4ae93,44ea5f80
4010,21,3f800000,44b4ae93,44ea5f80
4011,21,3f800000,44b4ae93,44ea5f80
4012,21,3f800000,44b3955c,44ea5f80
4013,21,3f800000,44b3955c,44ea5f80
4014,21,3f800000,44b3955c,44ea5f80
4015,21,3f800000,44b3955c,44ea5f80
4016,21,3f800000,44b27de0,44ea5f80
4017,21,3f800000,44b27de0,44ea5f80
4018,21,3f800000,44b27de0,44ea5f80
4019,21,3f800000,44b27de0,44ea5f80
4020,21,3f800000,44b16814,44ea5f80
4021,21,3f800000,44b16814,44ea5f80
4022,21,3f800000,44b16814,44ea5f80
4023,21,3f800000,44b16814,44ea5f80
4024,21,3f800000,44b053f9,44ea5f80
4025,21,3f800000,44b053f9,44ea5f80
4026,21,3f800000,44b053f9,44ea5f80
4027,21,3f800000,44b053f9,44ea5f80
4028,21,3f800000,44af4189,44ea5f80
4029,21,3f800000,44af4189,44ea5f80
4030,21,3f800000,44af4189,44ea5f80
4031,21,3f800000,44af4189,44ea5f80
4032,21,3f800000,44ae30c6,44ea5f80
4033,21,3f800000,44ae30c6,44ea5f80
4034,21,3f800000,44ae30c6,44ea5f80
4035,21,3f800000,44ae30c6,44ea5f80
4036,21,3f800000,44ad21ac,44ea5f80
4037,21,3f800000,44ad21ac,44ea5f80
4038,21,3f800000,44ad21ac,44ea5f80
4039,21,3f800000,44ad21ac,44ea5f80
4040,21,3f800000,44ac1437,44ea5f80
4041,21,3f800000,44ac1437,44ea5f80
4042,21,3f800000,44ac1437,44ea5f80
4043,21,3f800000,44ac1437,44ea5f80
4044,21,3f800000,44ab0867,44ea5f80
4045,21,3f800000,44ab0867,44ea5f80
4046,21,3f800000,44ab0867,44ea5f80
4047,21,3f800000,44ab0867,44ea5f80
4048,21,3f800000,44a9fe36,44ea5f80
4049,21,3f800000,44a9fe36,44ea5f80
4050,21,3f800000,44a9fe36,44ea5f80
4051,21,3f800000,44a9fe36,44ea5f80
4052,21,3f800000,44a8f5a4,44ea5f80
4053,21,3f800000,44a8f5a4,44ea5f80
4054,21,3f800000,44a8f5a4,44ea5f80
4055,21,3f800000,44a8f5a4,44ea5f80
4056,21,3f800000,44a7eeb0,44ea5f80
4057,21,3f800000,44a7eeb0,44ea5f80
4058,21,3f800000,44a7eeb0,44ea5f80
4059,21,3f800000,44a7eeb0,44ea5f80
4060,21,3f800000,44a6e952,44ea5f80
4061,21,3f800000,44a6e952,44ea5f80
4062,21,3f800000,44a6e952,44ea5f80
4063,21,3f800000,44a6e952,44ea5f80
4064,21,3f800000,44a5e58e,44ea5f80
4065,21,3f800000,44a5e58e,44ea5f80
4066,21,3f800000,44a5e58e,44ea5f80
4067,21,3f800000,44a5e58e,44ea5f80
4068,21,3f800000,44a4e35b,44ea5f80
4069,21,3f800000,44a4e35b,44ea5f80
4070,21,3f800000,44a4e35b,44ea5f80
4071,21,3f800000,44a4e35b,44ea5f80
4072,21,3f800000,44a3e2bb,44ea5f80
4073,21,3f800000,44a3e2bb,44ea5f80
4074,21,3f800000,44a3e2bb,44ea5f80
4075,21,3f800000,44a3e2bb,44ea5f80
4076,21,3f800000,44a2e3aa,44ea5f80
4077,21,3f800000,44a2e3aa,44ea5f80
4078,21,3f800000,44a2e3aa,44ea5f80
4079,21,3f800000,44a2e3aa,44ea5f80
4080,21,3f800000,44a1e627,44ea5f80
4081,21,3f800000,44a1e627,44ea5f80
4082,21,3f800000,44a1e627,44ea5f80
4083,21,3f800000,44a1e627,44ea5f80
4084,21,3f800000,44a0ea2e,44ea5f80
4085,21,3f800000,44a0ea2e,44ea5f80
4086,21,3f800000,44a0ea2e,44ea5f80
4087,21,3f800000,44a0ea2e,44ea5f80
4088,21,3f800000,449fefbd,44ea5f80
4089,21,3f800000,449fefbd,44ea5f80
4090,21,3f800000,449fefbd,44ea5f80
4091,21,3f800000,449fefbd,44ea5f80
4092,21,3f800000,449ef6d2,44ea5f80
4093,21,3f800000,449ef6d2,44ea5f80
4094,21,3f800000,449ef6d2,44ea5f80
4095,21,3f800000,449ef6d2,44ea5f80
