:020000040802F0
:1000000000C0042099020208E9810208ED8102087B
:10001000098202080D820208118202080000000015
:10002000000000000000000000000000158202082F
:1000300019820208000000001D82020821820208C5
:10004000957C0208957C0208957C0208957C020844
:10005000957C0208957C0208957C0208957C020834
:10006000957C0208957C0208957C0208957C020824
:10007000957C02083D820208957C0208957C020866
:10008000957C0208957C0208957C0208957C020804
:10009000957C0208957C0208957C0208957C0208F4
:1000A000957C0208957C0208957C0208957C0208E4
:1000B00031820208957C0208957C0208957C020832
:1000C000957C0208957C0208957C0208957C0208C4
:1000D000957C0208957C0208957C0208957C0208B4
:1000E000957C0208957C0208957C0208957C0208A4
:1000F000957C0208957C0208957C020849820208DA
:10010000957C0208957C0208957C0208957C020883
:10011000957C0208957C0208957C0208957C020873
:100120006D82020861820208957C0208957C0208B3
:10013000957C0208957C0208957C0208957C020853
:10014000957C0208957C0208957C0208957C020843
:1001500055820208957C0208957C0208957C02086D
:10016000957C0208957C0208957C0208957C020823
:10017000957C0208957C0208957C0208000000002E
:10018000957C0208957C0208957C0208957C020803
:10019000957C0208957C0208957C0208957C0208F3
:1001A000957C0208957C0208957C0208957C0208E3
:1001B000957C0208957C0208957C0208957C0208D3
:1001C000957C0208957C020800B583B002F0E0FF40
:1001D000264A274882420DD2D443264920440B4662
:1001E00020F003000430084453F8041B834242F813
:1001F000041BF9D12049214A91420BD2CC430B4632
:100200000020224422F0030204320A4443F8040B83
:100210009342FBD11A4D02F0CDFF1A4C01A968465A
:1002200002F090FF2B1B032B04DD54F8043B98478E
:10023000AC42FAD1144D154C2B1B032B04DD54F8A2
:10024000043B9847A542FAD1114C124D9DE803009A
:1002500007F0FAF9631B0646032B04DD54F8043D4E
:100260009847A542FAD1304602F048FF000000202E
:100270007401002008BE020874010020805A00208A
:10028000C4030208C4030208C4030208C40302082A
:10029000C4030208C40302083C480047FEE700BF4D
:1002A0001EF0040F0CBFEFF30880EFF309807146D6
:1002B000374A10472DE9F041094C884682B005467F
:1002C000666BA76BA46A074802F044FFCDF8008074
:1002D0003B4632462146284602F080FFFEE700BF3B
:1002E00000ED00E0988D0208FEE700BF1EF0040F4D
:1002F0000CBFEFF30880EFF309807146254A1047E1
:100300002DE9F041094C884682B00546666BA76B23
:10031000A46A074802F01EFFCDF800803B46324633
:100320002146284602F05AFFFEE700BF00ED00E03C
:10033000A88D02081EF0040F0CBFEFF30880EFF346
:1003400009807146144A10472DE9F041094C88464E
:1003500082B00546666BA76BA46A074802F0FAFEF6
:10036000CDF800803B4632462146284602F036FF53
:10037000FEE700BF00ED00E0B48D0208FEE700BF1D
:10038000FEE700BFFEE700BF70470000C90102089A
:10039000B502020801030208490302080000000038
:1003A000000000000000000000000000000000004D
:1003B000000000000000000000000000000000003D
:1003C000000000000000000000000000000000002D
:1003D000084B10B51B6804460748A0FB0330800992
:1003E00000F0CEFA214600224FF0FF3000F082FAF2
:1003F000002010BD0C010020D34D6210074A0320DD
:1004000008B5136843F40073136000F05FFA00202E
:10041000FFF7DEFF07F040FC002008BD003C024073
:10042000024A136801331360704700BF4C0200207A
:10043000014B1868704700BF4C02002010B582B015
:100440000190FFF7F5FF0446FFF7F2FF019B001B49
:100450009842F9D302B010BD002800F0A480F8B58E
:10046000036C04463BB1236CDB060CD50023012052
:1004700084F83C30F8BD436480F83C3007F054FC0D
:10048000236CDB06F2D4236C484A49491A4023689E
:10049000484D42F0020222644A6822F440324A6027
:1004A0004868626802434A605E68276926F480767D
:1004B000A168E2685E605868A66A40EA0720AE421A
:1004C0005860586820F040705860586841EA000150
:1004D0005960996821F400619960996842EA0102C3
:1004E0009A6048D09968E26A21F0706199609968D1
:1004F0000E439E60996821F04051996099680A43C3
:100500009A609968A56921F00201206A99609A6849
:1005100042EA45029A60002836D15A6822F4006205
:100520005A60D86A0026E56920F47000D4F830E0FB
:1005300067696A1ED8623046DD6A45EA0255DD62A7
:100540009D6825F400759D60996841EA4E21996087
:10055000996821F4806199609A6842EA87229A60DA
:100560006664236C23F0030343F001032364002338
:1005700084F83C30F8BD9A6822F070629A609A68FC
:1005800022F040529A60BCE75868626A40F400600A
:10059000511E58605A6822F460425A605A6842EA12
:1005A00041325A60BDE70120704700BFFDEEFFFFFA
:1005B000002301400100000F90F83C30F0B5012B02
:1005C00083B04FF00004019466D005680124AB6845
:1005D00080F83C40DF0714D4384B394E1C68AB68B8
:1005E000A6FB046443F00103A40CAB6004EB4404D9
:1005F0000194019B2BB1019C013C0194019C002CB6
:10060000F9D1AB68DE0744D5036C2E4C1C4044F492
:10061000807404646B685C0505D5036C23F4405357
:1006200043F480530364036C13F4805337D1436461
:10063000134606460A460021846B6FF0220786F8AF
:100640003C1021482149DFF890E0E0632046216416
:1006500005F14C01C4F84CE02F606C6844F08064F4
:100660006C60AC6844F48074AC6000F051FA184BD4
:100670005B68DB0609D13368986810F0405008D1F8
:100680009A6842F080429A6004E03268114B9A42C4
:100690000AD0002003B0F0BD022003B0F0BD436CCF
:1006A00023F006034364C3E7936813F04050F0D18E
:1006B000936843F080439360ECE700BF0C01002097
:1006C00083DE1B43FEF8FFFFDD0602083D0702083C
:1006D00000230140002001404D070208836B1A6C83
:1006E00012F0500F22D11A6C196842F4007210B542
:1006F0001A648A6812F0405F14D19A6992B9CA6A82
:1007000012F4700F15D14A6822F020024A601A6C68
:1007100022F480721A641A6CD20403D41A6C42F068
:1007200001021A64184606F039FE10BD9B6BDB6CA3
:1007300018478A685005F5D4E5E700BF08B5806B17
:1007400006F0F6FE08BD00BF704700BF08B54022A6
:10075000836B1A6418465A6C42F004025A64FFF71D
:10076000F3FF08BD90F83C300022F0B5012B83B0B8
:1007700001925DD00E680123092E80F83C302BD801
:10078000056806EB46024FF0070E8B682C6937466A
:100790000EFA02FE03FA02F224EA0E032B612B6921
:1007A00013432B614B68062B30D803EB83031F22C6
:1007B000696B053B9A4007FA03F321EA02026A6378
:1007C0006A6B13436B633D4B9D4243D0002380F81B
:1007D0003C30184603B0F0BDB7B205680722DFF819
:1007E000E0E007EB4703EC687645A3F11E0302FA4D
:1007F00003F224EA0202EA6054D08C68EA6804FA40
:1008000003F31343EB604B68062BCED90C2B12D8A5
:1008100003EB83041F232A6BA4F123018B4007FA07
:1008200001F122EA03032B632B6B19432963CAE707
:10083000022003B0F0BD03EB83021F24E96A413AB2
:10084000944007FA02F321EA0402EA62EF6A3B43AA
:10085000EB62B8E7122E2BD0194B9E4201D0112E1D
:10086000B4D1184A164953688E4243F400035360CA
:10087000ACD102F14672144B02F52E321B6802F223
:100880008332A2FB03239B0C03EB83035B000193E6
:10089000019B002B9AD0019B013B0193019B002BF4
:1008A000F9D193E7EB688A6843EA0263EB6079E782
:1008B000044A536843F48003536087E700200140F3
:1008C00012000010002301400C01002007494FF6E0
:1008D000FF020002064B10B4CC6800F4E060224036
:1008E0005DF8044B13430343CB60704700ED00E019
:1008F0000000FA05194BDB68C3F3022330B4C3F1DF
:1009000007051C1D042D28BF0425062C19D9033BFF
:1009100001249C40013C22400124002804FA05F4F3
:1009200004F1FF3401EA040101FA03F342EA03028D
:100930000ADB12010A4BD2B2034483F8002330BC15
:10094000704700221346E7E700F00F001201054B45
:10095000D2B203441A7630BC704700BF00ED00E00D
:1009600000E100E0FCEC00E000F01F010123034A7D
:1009700040098B4042F82030704700BF00E100E0A2
:100980000138B0F1807F0DD2074B0022072130B42F
:10099000F025064C5860104684F823509A60196080
:1009A00030BC70470120704710E000E000ED00E02F
:1009B000044A042813680CBF43F0040323F0040323
:1009C0001360704710E000E0704700BF08B5FFF704
:1009D000FBFF08BDF8B50446FFF72AFD002C76D0D2
:1009E000022223680021054684F835201A6884F81D
:1009F000341022F001021A6005E0FFF719FD401BD8
:100A000005283DD823681A68D107F6D4A26865681E
:100A1000E0681543226961692843A6691F6802439B
:100A2000E569206A1143364A31433A40676A0D430B
:100A3000042F40EA050042EA000228D01A605A69F1
:100A400022F0070247EA0201DAB22E4D5961103A4C
:100A50002D48A5FB0212002101251209805C032A02
:100A60002A4AE06502EA03024FF03F0388BF0432DE
:100A700083400846A2659360616584F83550F8BDEF
:100A8000032320221846626584F83530F8BDE06AF9
:100A9000216BA56A014345F004070A431A605A69AD
:100AA00022F0070247EA02010028CDD08EB1B6F548
:100AB000005F18D0022D03D9032DC5D1C201C3D5C3
:100AC000012340221846626584F83530F8BD0120C4
:100AD000F8BD012D03D0F1D3022DB5D1EEE7B0F171
:100AE000C07FB1D1ECE7032DAED801A252F825F0BA
:100AF000C10A0208BD0A0208C10A0208DF0A020888
:100B00003F8010F0ABAAAAAA748C020800FCFFFF79
:100B1000F0B490F83440012C0ED0012590F8354007
:100B2000866DAC4280F834500AD00022022380F84F
:100B300034201846F0BC70470223F0BC18467047BA
:100B400004680227002580F83570456587682568A8
:100B5000402F25F480252560636019D0A160E260F4
:100B6000C16D3F23026C8B40B360236843F01603D2
:100B70002360636943F0800363611AB1236843F023
:100B8000080323602268002342F001022260D0E7BC
:100B9000A260E160E4E700BFF0B5044683B0002046
:100BA0000822A76DE36D01909A403D6860491542A7
:100BB0000E6803D021680868400776D45D4A9A40E1
:100BC000154203D021684969080668D45A4A9A40F8
:100BD000154203D02168096889075AD410229A4027
:100BE000154203D02168086800073FD420229A40AC
:100BF000154203D021680868C00625D4636D0BB385
:100C0000636DDA071AD5052321684C4A84F835301C
:100C1000A2FB06320B6823F00103920A0B6002E08C
:100C20000B68DB0704D5019B01339A420193F7D28D
:100C30000022012384F8342084F83530E36C0BB1B2
:100C40002046984703B0F0BDBA6094F83520052AD5
:100C50003BD00B6813F4802F0B6854D019035FD579
:100C6000E36B002BCAD020469847C7E7BA600A68F2
:100C700012F4802F0A6822D1D20503D40A6822F028
:100C800008020A60226C002AB0D020469047E36D2B
:100C9000ACE7BA60626D42F0040262659EE7BA603A
:100CA000626D42F00202626590E7086820F004007D
:100CB0000860BA60626D42F0010262657EE711036E
:100CC000E0D5A26C002AE0D190E70A68206C22F0FF
:100CD00016020A604A6922F080024A6120B30A685B
:100CE00022F008020A603F2200250120216D02FA4D
:100CF00003F3BB6084F8345084F835000029A1D098
:100D0000204688479EE713F48073A9D10A68012022
:100D100022F010020A6084F8343084F835009FE72E
:100D2000636C002B9FD169E7A26C002AD7D1DAE768
:100D30000C0100200100800004008000B5814E1BE2
:100D40002DE9F84F7E4F3C7D012C02D10220BDE8F9
:100D5000F88F9B469146002301228A4680463A75C9
:100D60004CF25036BB61FFF763FB764C054604E05E
:100D7000FFF75EFB401BB0424BD8E368714AD903D2
:100D8000F6D4D36813F0F20FD36849D1D90701D54F
:100D90000123D360B8F1030F16D8DFE808F0920200
:100DA000806C684B1FFA89F91A6922F440721A6143
:100DB0001A6942F480721A611A6942F001021A61DA
:100DC000AAF80090BFF34F8F00235E4C4CF25036D0
:100DD000BB61FFF72DFB054604E0FFF729FB401B35
:100DE000B0421BD8E368574ADB03F6D4D068D36817
:100DF00010F0F20079D113F0010374D00123D36015
:100E0000504A136923F00103136100233B75BDE8C9
:100E1000F88F002303203B75BDE8F88F0320EFE730
:100E20009B0703D5BB6943F02003BB61454BDB68DF
:100E3000DE0603D5BB6943F01003BB61414BDB68A1
:100E40009D0603D5BB6943F00803BB613D4BDB68DE
:100E50005C0603D5BB6943F00403BB61394BDB6817
:100E6000180603D5BB6943F00203BB61354BF22280
:100E70000120DA60C9E7334B1A6922F440721A6123
:100E80001A6942F440721A611A6942F001021A6149
:100E9000CAF80090CAF804B0BFF34F8F94E7294B0B
:100EA0001A6922F440721A611A6942F400721A61D6
:100EB0001A6942F001021A61CAF80090BFF34F8F1D
:100EC00082E7204B5FFA89F91A6922F440721A61AD
:100ED0001A691A611A6942F001021A618AF80090CF
:100EE000BFF34F8F70E718468AE79C0703D5BB69AD
:100EF00043F02003BB61134BDB68D80603D5BB6905
:100F000043F01003BB610F4BDB68990603D5BB6947
:100F100043F00803BB610B4BDB685A0603D5BB6982
:100F200043F00403BB61074BDB681B0603D5BB69B9
:100F300043F00203BB61034BF2220120DA605FE75A
:100F400050020020003C0240054B1A69002A01DBD8
:100F50000120704703490020034A59605A607047D6
:100F6000003C024023016745AB89EFCD034A0020D6
:100F7000136943F000431361704700BF003C024017
:100F8000054B5A69D20705D504490020044A9960E7
:100F90009A60704701207047003C02403B2A1908C4
:100FA0007F6E5D4CF8B5294B0021294F4CF250362D
:100FB0005A691C4642F002025A61B961FFF738FAD9
:100FC000054604E0FFF734FA401BB0420ED8E36850
:100FD0001E4ADB03F6D4D068D36810F0F20007D1C4
:100FE00013F001032FD00123D360F8BD0320F8BD17
:100FF0009C0703D5BB6943F02003BB61134BDB683F
:10100000D80603D5BB6943F01003BB610F4BDB6807
:10101000990603D5BB6943F00803BB610B4BDB6842
:101020005A0603D5BB6943F00403BB61074BDB6879
:101030001B0603D5BB6943F00203BB61034BF222DD
:101040000120DA60F8BD1846F8BD00BF003C024040
:1010500050020020F8B50023284D0446284EAB610D
:10106000FFF7E6F90746601C0FD1254AD368D9037C
:10107000FCD4234AD36813F0F200D36812D113F0E2
:1010800001030DD00123D360F8BDF368DB03F0D575
:1010900024B1FFF7CDF9C01B8442E4D20320F8BD90
:1010A0001846F8BD9C0703D5AB6943F02003AB613C
:1010B000134BDB68D80603D5AB6943F01003AB6173
:1010C0000F4BDB68990603D5AB6943F00803AB61AE
:1010D0000B4BDB685A0603D5AB6943F00403AB61E5
:1010E000074BDB681B0603D5AB6943F00203AB611A
:1010F000034BF2220120DA60F8BD00BF500200204D
:10110000003C0240F8B53F4D2B7D012B28D0044612
:10111000012023682875DA070DD56368A668834225
:101120004CF250305BD0FFF795FF18B9364A53693F
:101130003343536123689F072DD45E0712D41907E8
:1011400007D531490020267C4A6922F00C0232433F
:101150004A61DA062CD49B0633D400232B75F8BDE4
:101160000220F8BD4CF250306669FFF773FF70B98A
:10117000254906F0F00E06F00042244B4F6906F0B8
:1011800080464EEA02023B4016431E434E612368EE
:101190001907DED5D5E74CF25030E668FFF75AFF65
:1011A00010B9F6B21A4B1E7023685E07C7D5D9E78F
:1011B0004CF25030A669FFF74DFFD8B123689B066B
:1011C000CBD54CF25030E469FFF744FF0028C4D17E
:1011D0000D4A93699BB243EA04439361BDE7FFF76D
:1011E00039FF0028A6D1084A536923EA0603536150
:1011F0002368A0E7044A074B91690B401E439661A0
:10120000DCE700BF50020020003C02400FFFFF3F20
:10121000153C02400000FFFF3F22104B02605B695B
:101220000F4A03F47F0383601378DBB2AA2B04D048
:101230001378CC2B14BF5523CC23084AC360094B29
:1012400051690B404361536903F00C0303619369D7
:101250009BB2836193691B0CC3617047003C0240E1
:10126000153C0240F00000C039B101291ED002290E
:101270000CBF4FF400714FF440710E4B1A6922F409
:1012800040721A611A69114319611A6922F0F80251
:101290001A611A6942F0020242EAC00018611A6932
:1012A00042F480321A61BFF34F8F70474FF4807160
:1012B000E3E700BF003C02402DE9F04FD1F800C049
:1012C00083B00026DFF81882DFF81892DFF818E202
:1012D00003E00136102E00F0B1800123B34033EA61
:1012E0000C02F6D14C6824F01005022D40F0A980C4
:1012F000F50806F0070A4FF00F0B0A6900EB8505A9
:101300004FEA8A0A2F6A0BFA0AFB02FA0AF24FEA3C
:10131000460A27EA0B074FF0030B3A430BFA0AFB86
:1013200004F003072A626FEA0B02056807FA0AF75E
:1013300015403D4305608568C4F3001BCF68154028
:101340000BFA06FB07FA0AF72F438760456825EA80
:1013500003054BEA05054560C7688D683A40E7001C
:1013600005FA0AF542EA0502C260B2D5D8F844701F
:1013700006F0030226F0030B524D47F4804A920018
:101380000F275D44C8F844A04845D8F844A007FAA0
:1013900002FB0AF480470197019FAF6827EA0B0B15
:1013A00065D0494FB84264D0484FB84266D0484FE4
:1013B000B84268D0474FB8426AD0474FB8426CD065
:1013C000464FB8426ED0DFF824A150456FD0DFF809
:1013D00020A1504570D0DFF81CA150450CBF4FF044
:1013E000090A4FF00A0A0AFA02F242EA0B02DF4344
:1013F0000136AA60E503DEF800204CBF1A433A40EC
:10140000A503CEF80020DEF804204CBF1A433A4072
:10141000E502CEF80420DEF808204CBF1A433A401B
:10142000A402CEF80820DEF80C2054BF07EA02031D
:101430001343102ECEF80C307FF44FAF03B0BDE84D
:10144000F08F4FEA460A03220768013D04EA020BC7
:1014500002FA0AF2012D6FEA02020BFA0AFB07EA0E
:1014600002074BEA070707603FF676AF63E7002203
:10147000BBE74FF0010A0AFA02F2B6E74FF0020AA0
:101480000AFA02F2B1E74FF0030A0AFA02F2ACE7F5
:101490004FF0040A0AFA02F2A7E74FF0050A0AFA27
:1014A00002F2A2E74FF0060A0AFA02F29DE74FF0B5
:1014B000070A0AFA02F298E74FF0080A0AFA02F25B
:1014C00093E700BF003801400004024000080240DA
:1014D000000C0240001002400014024000180240BC
:1014E0000038024000000240003C0140001C024065
:1014F000002002400024024002B9090481617047C3
:1015000070B504460D4616466B1C226828D19369B7
:10151000980728D49369D906F9D593699D06FCD517
:1015200020231021D161D3619369980701D500234D
:1015300093629369D90703D4936943F001039361DC
:10154000566800211E4B04252020334053606564FB
:1015500084F8401084F84100012084F8421070BDE6
:1015600093699B0701D5002070BD9369D90619D4F2
:1015700025B1FEF75DFF801B8542C5D2636C20213B
:10158000002203200B4384F84020636484F8411058
:1015900084F8422070BD4DB1FEF74AFF801B8542A2
:1015A00004D3226893699B06F5D5B9E7002320226E
:1015B000012084F8412084F8403084F8423070BD26
:1015C00000E800FE70B5044616460D4629B93BE01A
:1015D000FEF72EFF801B85423DD322689369980653
:1015E00046D49369D906F3D5681C22D1936999062C
:1015F000FCD520231021D161D3619369980701D5CF
:10160000002393629369D90703D4936943F00103DC
:101610009361566800211D4B042520203340536000
:10162000656484F8401084F84100012084F8421079
:1016300070BD93699B06DCD4E5B1FEF7F9FE801B13
:10164000854217D32268CFE7026893699B061BD4B3
:101650009369DB06C8D4636C2021002203200B436E
:1016600084F84020636484F8411084F8422070BDFF
:10167000002070BD00232022012084F8412084F83E
:10168000403084F8423070BD084670BD00E800FE6E
:10169000002850D0F8B590F84130044603F0FF021E
:1016A000002B3FD023682421626884F84110196818
:1016B00022F07062E06821F00101012819601A61CE
:1016C0009A6822F400429A60A26830D042F4044240
:1016D00002289A6022D05A680021184D20272669D6
:1016E000084615436269D4F81CE05D603243A56981
:1016F000DE6842EA0522256A26F400464EEA050520
:10170000DE60DA601D601A6842F001021A606164EE
:1017100084F84170216384F84210F8BD4FF40062F0
:101720005A60D8E780F8402006F08AFBBAE742F416
:1017300000429A60CFE70120704700BF008000029E
:101740002DE9F04190F84140202C02D00220BDE864
:10175000F08190F84040012CF8D01F4601239046BC
:101760000E4680F840300446FEF762FE054604E06F
:10177000FEF75EFE401B192864D82368986900F4C0
:1017800000400028F4D1102200212120C4F8248038
:10179000616384F8410084F8422061646785628D4A
:1017A00092B2FF2A6ED95F68C6F309064749FF2047
:1017B000474A394020850A4332435A60FF27638DE8
:1017C0002A46069920469BB2002B6BD0FFF798FE65
:1017D000002850D1626A2168501C238D6062013B51
:1017E00012789BB28A62628D2385013A92B2628539
:1017F000002BE4D1638D9BB2002BE0D0069B01331C
:1018000011D18B6903F08003002BFAD0638D9BB25A
:10181000FF2B22D948682D4A2E4B024027851343BF
:1018200033434B60CBE78B6903F08003002BEDD192
:10183000069B3BB1FEF7FCFD069B401B834201D398
:101840002168DCE700232022032084F8412084F86B
:10185000403084F84230BDE8F081628D1B4B48680F
:1018600092B20340D0B2228543F0007343EA0043B2
:1018700033434B60A3E7636C042B0CBF01200320B0
:10188000BDE8F081618DC6F309065F680F4889B233
:10189000114A3840CFB22185024342EA074232431F
:1018A0005A608BE7FFF78EFE0028E4D123682021E1
:1018B0000A4AD9615D682A405A6084F8411084F868
:1018C000400084F84200BDE8F08100BF009800FCB1
:1018D0000020FF010000FF010020000200E800FEE0
:1018E00090F84130DBB2202B01D002207047024635
:1018F00090F840000128F8D0242070B41468002625
:1019000082F841002568304625F0010525602568EC
:1019100025F480552560256829432160216841F020
:101920000101216082F8406082F8413070BC70474C
:101930001B4A1C4B116C41F0805130B5116483B0CF
:10194000126C1C4602F080520192019A1A6842F40D
:1019500080321A60FEF76CFD054605E0FEF768FD73
:10196000401BB0F57A7F18D863680E4AD903F5D5C5
:101970001368144643F400331360FEF759FD05461F
:1019800005E0FEF755FD401BB0F57A7F05D863688A
:101990009B03F6D5002003B030BD032003B030BD5B
:1019A0000038024000700040002800F032810368D7
:1019B0002DE9F041DD0782B0044630D5AB498A6895
:1019C00002F00C02042A00F01A818A6802F00C026C
:1019D000082A00F010816368B3F5803F00F054815D
:1019E000002B00F0DC80B3F5A02FA04B1A6800F0AC
:1019F000A88122F480321A601A6822F480221A60C8
:101A0000FEF716FD994D064605E0FEF711FD801B19
:101A1000642800F2EC802B689A03F6D523689F07B0
:101A20002AD5924A916811F00C0F00F083809168DA
:101A300001F00C0108297AD0E368002B00F00C813A
:101A40008A4B1A681D4642F001021A60FEF7F0FC4C
:101A5000064605E0FEF7ECFC801B022800F2C7807A
:101A60002B68824A9807F5D51368216923F0F8039B
:101A700043EAC103136023681A071FD45D0736D5F4
:101A80007A4B1A6CD00073D50025794B1A68D105B2
:101A900040F19C80A368012B00F0FC80002B00F03B
:101AA000BA80052B714B1A6F00F00D8122F00102F4
:101AB0001A671A6F22F004021A67F0E06369002BBC
:101AC00043D06A4B5A6F1D4642F001025A67FEF737
:101AD000AFFC064605E0FEF7ABFC801B022800F2D7
:101AE00086806B6F9B07F6D523685D07C8D4A26913
:101AF000CAB15E4B996801F00C01082921D0022A75
:101B00001A6800F0E88022F080721C461A60FEF726
:101B10008FFC054604E0FEF78BFC401B022866D8CC
:101B200023689B01F7D4002002B0BDE8F081526821
:101B3000560281D44D4A1268950724D5E268012ADD
:101B400021D0012002B0BDE8F081484B5A6F1D46FC
:101B500022F001025A67FEF76BFC064604E0FEF72E
:101B600067FC801B022842D86B6F9F07F7D4BBE746
:101B70001A6C012542F080521A641B6C03F08053EA
:101B80000193019B81E7394920690A6822F0F80234
:101B900042EAC0020A601A077FF570AF8EE7334B46
:101BA0001A681D4622F480321A601A6822F48022D4
:101BB0001A60FEF73DFC064604E0FEF739FC801B88
:101BC000642814D82B689B03F7D427E71A681E46AD
:101BD00042F480721A60FEF72BFC07463368DA0580
:101BE0003FF558AFFEF724FCC01B6428F6D903204C
:101BF00002B0BDE8F0814A6850027FF5ECAE1B4AA6
:101C0000126891037FF50BAF6268002A7FF407AF7B
:101C100097E701207047154B41F288381A6F1E462E
:101C200022F001021A671A6F22F004021A67FEF707
:101C3000FFFB074604E0FEF7FBFBC01B4045D6D880
:101C4000336F9807F7D4002D3FF451AF074A136C58
:101C500023F0805313644AE7044B1A681D4622F0B0
:101C600001021A60FEF7E4FB064608E00038024075
:101C700000700040FEF7DCFB801B0228B7D82B6801
:101C80009907F7D42368F7E6324A136843F48033A0
:101C90001360B5E62F4A136F43F001031367FEF795
:101CA000C7FB2C4E804641F2883705E0FEF7C0FBAB
:101CB000C8EB0000B8429AD8336F9B07F6D5002DC9
:101CC0003FF415AFC2E742F004021A671A6F42F000
:101CD00001021A67E3E722F080721D461A60FEF7E0
:101CE000A7FB064605E0FEF7A3FB801B02283FF694
:101CF0007EAF2B68174A9901F5D4236A1546E1692E
:101D0000666A1943A06AE36A41F00051400841EA5B
:101D10008611013841EA036343EA004353601368C4
:101D200043F080731360FEF783FB044605E0FEF783
:101D30007FFB001B02283FF65AAF2B689A01F6D5AD
:101D4000F1E642F480221A601A6842F480321A6086
:101D500056E600BF003802402DE9F04178B1554AFF
:101D6000136803F00F038B420CD2136823F00F03A8
:101D70000B431360136803F00F03994202D0012054
:101D8000BDE8F08103689A0706D54B4D8268AC68C0
:101D900024F0F0042243AA60DB0704460D4621D557
:101DA0004368454A012B126877D0022B6DD090070B
:101DB000E5D5414A41F288389168164621F0030181
:101DC0000B439360FEF734FB074604E0FEF730FB5D
:101DD000C01B40455ED8B368626803F00C03B3EBE8
:101DE000820FF3D1334A136803F00F039D4209D2E7
:101DF000136823F00F032B431360136803F00F03E2
:101E00009D42BCD12368590706D52B48E2688168FA
:101E100021F4E0510A4382601A0707D5264A216956
:101E2000936823F4604343EAC1039360224CA368A0
:101E300003F00C03042B18D0082B29D161686368C8
:101E400001F03F025B022BD41C496368B1FBF2F145
:101E5000C3F3881301FB03F2174B5B68C3F3014321
:101E600001335B00B2FBF3F300E0154B124A002094
:101E7000144C92681449C2F30312A25CD3400B6065
:101E8000FEF7A6FA0020BDE8F081960191D476E72E
:101E90000A4BEBE70320BDE8F081970389D46EE796
:101EA00007486368B0FBF2F1C3F3881301FB03F248
:101EB000D2E700BF003C0240003802400024F4009A
:101EC00040787D01C4BD02080C010020014B186858
:101ED000704700BF0C01002003682DE9F04313F0A8
:101EE000010683B004460BD0B94A916821F4000181
:101EF0009160466B91683143B6FA86F67609916037
:101F000013F4002510D0B249E56BD1F88C20B5F55B
:101F1000801F22F4401242EA0502C1F88C2000F032
:101F2000A381B5FA85F56D09D90210D5A848216CB1
:101F3000D0F88C20B1F5800F22F4400242EA010271
:101F4000C0F88C2000F08E81002908BF012513F015
:101F5000807F18BF01269A0600F13C81D9060CD576
:101F60009B4AD2F88C1021F08071C2F88C10D2F804
:101F70008C00A16B0143C2F88C105A0408D5944818
:101F8000626ED0F8901021F440310A43C0F89020DE
:101F90001F0408D58E48A26ED0F8901021F440217D
:101FA0000A43C0F89020D80308D58948E26ED0F8DB
:101FB000901021F440110A43C0F89020990308D5ED
:101FC0008348226FD0F8901021F440010A43C0F8F2
:101FD00090205A0608D57E48626CD0F8901021F007
:101FE00003010A43C0F890201F0608D57848A26C68
:101FF000D0F8901021F00C010A43C0F89020D805C9
:1020000008D57348E26CD0F8901021F030010A43F3
:10201000C0F89020990508D56D48226DD0F8901031
:1020200021F0C0010A43C0F890205A0508D568483D
:10203000626DD0F8901021F440710A43C0F89020EE
:102040001F0508D56248A26DD0F8901021F44061B8
:102050000A43C0F89020D80408D55D48E26DD0F856
:10206000901021F440510A43C0F89020990408D5FB
:102070005748226ED0F8901021F440410A43C0F82E
:1020800090205A0208D55248A26FD0F8901021F043
:1020900080610A43C0F890209F020CD54C48E26F43
:1020A000D0F89010B2F1006F21F0006108BF012557
:1020B0000A43C0F8902013F0080F18BF01255803F9
:1020C00008D54348626FD0F8901021F040710A4360
:1020D000C0F8902019020BD4B3F1007F16D0F2079C
:1020E00014D4012D00F0C380002003B0BDE8F083BC
:1020F0003748B3F1007FD4F88020D0F8901021F059
:10210000805142EA0102C0F89020E8D1304B1A68B1
:102110001E4622F080621A60FEF78AF9074604E044
:10212000FEF786F9C01B64284DD83368284A1B0186
:10213000F6D42368DF0703D5616B002900F0018125
:102140001E0304D5E26BB2F5801F00F02581D80292
:1021500004D5226CB2F5800F00F01E81D90111D593
:102160001B4F2269D7F8840066681204D7F88410E0
:1021700000F0706042EA861201F0E04102430A4337
:10218000C7F884209A010DD5236961681A04E368B1
:10219000A06842EA81120E4942EA036343EA0073EF
:1021A000C1F884300A4B1A681E4642F080621A60F9
:1021B000FEF73EF9074633681B0192D4FEF738F963
:1021C000C01B6428F7D9032003B0BDE8F08300BF2B
:1021D000003802408C4A8D4B116C1F4641F08051F3
:1021E0001164126C02F080520192019A1A6842F452
:1021F00080721A60FEF71CF9804605E0FEF718F9B8
:10220000C8EB00006428DED83B68DB05F6D57E4BC2
:102210001A6F12F44071226B02F4407011D08142A7
:102220000FD0196F1F6F21F4407147F480371F677B
:102230001F6F27F480371F671967196FCF0700F1E9
:102240009680B0F5407F00F0C3806F498B6823F41F
:10225000F8138B606C49C2F30B020B6F1A430A67C9
:1022600023687BE6012672E6002501265CE6664BC4
:102270001A681D4622F080521A60FEF7D9F8064609
:1022800004E0FEF7D5F8801B64289CD82B689F00DB
:10229000F7D423681D0366D4D8021DD5226CDAB9A1
:1022A000594AA169D2F8880066690D0600F44030E9
:1022B000D2F8881045EA861501F0E0412843014331
:1022C000C2F88810D2F88C10A06A21F4F8510138B5
:1022D00041EA0021C2F88C10990203D5E26FB2F1F5
:1022E000006F7ED01A0719D5474BE169D3F88820D3
:1022F00065690807D3F8881002F0706240EA85101B
:1023000001F4403101430A43C3F88820D3F88C100C
:10231000E26A21F440310A43C3F88C203A4B1A6830
:102320001C4642F080521A60FEF782F80546236888
:102330009B003FF5D9AEFEF77BF8401B6428F6D929
:1023400041E7A168D2F8840066680F0700F44030C6
:10235000D2F8841047EA861601F0706130430143D9
:10236000C2F88410ECE6E26B002A99D094E71F468D
:1023700041F28838FEF75CF8814606E0FEF758F82F
:10238000C9EB000040453FF61EAF3B6F9807F5D5FF
:10239000226B02F4407054E71B4AE168D2F88400D3
:1023A00066680F0600F44030D2F8841047EA8616BB
:1023B00001F0E04130430143C2F88410D2F88C10A0
:1023C000606A21F01F0101380143C2F88C10C5E694
:1023D0000D480F4B8168134021F4F8110B438360C3
:1023E00038E7094D226AD5F8881010046669D5F8D7
:1023F000882001F0706140EA861002F0E04201435B
:102400000A43C5F888206DE700380240007000409C
:10241000FFFCFF0FB0F5002F10D0B0F5801F0BD1DF
:102420002E4AD2F88C3003F44003B3F5800F33D03A
:10243000B3F5000F0DD073B100207047274AD2F8D2
:102440008C3003F44013B3F5801F25D0B3F5001F83
:10245000F1D123487047536813F4800F536808BFC5
:10246000204903F03F0318BF1F49B1FBF3F21B499A
:10247000D1F88800D1F88830C0F30360D1F88C100F
:10248000C3F38813C1F3042102FB03F34A1CB3FB1B
:10249000F0F3B3FBF2F07047536813F4800F536806
:1024A00008BF104903F03F0318BF0F49B1FBF3F217
:1024B0000A49D1F88400D1F88430C0F30360D1F820
:1024C0008C10C3F3881301F01F0102FB03F34A1CB5
:1024D000B3FBF0F3B3FBF2F0704700BF00380240EB
:1024E0000080BB000024F40040787D01E8B138B5DD
:1024F000037A0446012B12D00122437A027203F0C0
:10250000FF0273B1216802230022012563720B6868
:10251000104643F004030B606572227238BD02203E
:1025200038BD027205F0F6FCECE70120704700BFF1
:102530002DE9F843042904D8DFE801F02B2B2B0602
:1025400006000120BDE8F883456800244FF40037F9
:102550004FF4802635F002054FF6FF75C3650CBFBA
:102560004FF0010EA6460429046384630CBF0121C9
:102570000D218464C0F83CE04465C76406650566C7
:102580004164032ADDD8DFE812F00B0112011801C3
:102590002D00456800244FF48036C36535F00205F0
:1025A00004634FF6FF75846314BF01272746446513
:1025B00013F00104C76386640566C2D14D1E012D68
:1025C0000BD84FF400350465C564032AB9D8DFE899
:1025D00012F0260116010501FB004FF48025C464AA
:1025E0000565F2E75B01E0218022036441638265B7
:1025F0000028A6D090F87D30044603F0FF02002B9F
:1026000000F032819E4B022122681B689D4884F8AD
:102610007D10A0FB030311681B0B21F480319B008C
:10262000116002E01168CE0308D513F1FF33F9D22F
:10263000D4F8803043F04003C4F88030E368012BC5
:1026400000F00F81022B0BBF21200120202100214F
:10265000A368022B00F00281032B00F0FE80012B07
:102660000CBF4FF480650025874B9A4200F0EA804A
:102670008648101AB0FA80F04009002840F0E28045
:10268000834B1960E369002B00F0DA80814B9A429A
:1026900000F0EF8020339A4200F0EB8000EB8000E6
:1026A000E3697D4940005B02B0FBF3F3A1FB03014A
:1026B000C90801EB81002162A3EB4003092B01D182
:1026C00001312162676837F00203E36B40F0B180AB
:1026D000012B14BF4FF4007C4FF0000C16684FF232
:1026E00020036E484FF0000ED4F818803040266B5F
:1026F000D4F82C90106010680743606B3743A66BCA
:102700000743606A37432669074360693E43644F65
:102710003043644E0543A06A45EA0151A56C41EA85
:102720000C01D4F840C0116051680F40216D576012
:10273000576847EA0807D4F844800743E06C08F17B
:10274000FF3847EA090757600CF1FF37D2F808C095
:102750000CEA0606D4F860C0966096680E43616D78
:102760002E43A56D064346EA0700012740EA0826E6
:1027700070469660D6683340D360D368E66D0B43ED
:10278000013E43EA050141EA0C4343EA0623D360D4
:10279000C4F880E084F87CE084F87D70BDE8F883BC
:1027A0001B018021402203644163826520E780226F
:1027B0005B014263036482651AE75B01C0218022EA
:1027C00003644163826513E75B08E02480219A017A
:1027D00044635B0181650264436409E75B08C025CB
:1027E000802402294FEA831245634FEA431384652C
:1027F000026443647FF4FCAE08234365F8E65B089B
:10280000802202294FEA831442634FEA4313826510
:10281000046443647FF4ECAE10234365EAE65B088E
:10282000802440215A0144631B0181650264436492
:10283000DEE6012B14BF4FF0000C4FF4007C4DE797
:10284000216A3FE7184B1960E369002BF8D04FF479
:102850000020FFF7DFFD226818E701464FF400650E
:1028600002E711201021F3E680F87C2005F068FBD8
:10287000C8E64FF48010FFF7CDFD22680EE700BFD9
:102880000C0100201BECCB9504580140245801405A
:10289000005C0140045C0140CDCCCCCC10C005FFF5
:1028A000F01FFFFF0080F8FF0058014059B1F8B554
:1028B000B2FA82F4640944B990F87D50EDB2012D6A
:1028C00005D00220F8BD012070470120F8BD90F826
:1028D0007C60012EF5D006464FF0120EC76E1346EF
:1028E000C0F8804080F87C507166A0F86820A0F89D
:1028F0006A20384686F87DE01C4ADFF874E0FA6307
:10290000C7F840E03268DFF86CE03C651C32C7F87D
:102910004CE0FEF7FDF8E0B933681A68D20303D43F
:102920001A6842F480321A60326B7168082A14D037
:102930000522612702391D690024012998BF3A4602
:102940002A431A611A6842F400321A6086F87C4001
:10295000F8BD86F87C402846F8BD21F00202012A25
:102960000BBF1522052271276127E3E74D2A0208D4
:10297000AD2A02082D2B020859B1F8B5B2FA82F43B
:10298000640944B990F87D50EDB2012D05D00220C4
:10299000F8BD012070470120F8BD90F87C30012B74
:1029A000F5D00746164622201346D7F870E00A46AF
:1029B00079662349C7F88040A7F86860A7F86A607D
:1029C00087F87D00704687F87C50DFF87CC01D4E8C
:1029D000CEF84C103968CEF85040CEF840C01C31CB
:1029E000CEF83C60FEF794F8E0B93B681A68D20371
:1029F00003D41A6842F480321A603A6B7968082A64
:102A000014D00522612602391D690024012998BFCE
:102A100032462A431A611A6842F400321A6087F873
:102A20007C40F8BD87F87C402846F8BD21F00202C2
:102A3000012A0BBF1522052271266126E3E700BF9C
:102A40002D2B0208BD2A0208212B02080368806B87
:102A50001B6813F4807370B518D10268046B116899
:102A6000082CA0F86A3021F400334168136010D0BC
:102A70006FF061066FF00503012402391569A14268
:102A800098BF33462B40136180F87D4003F076FFFA
:102A900070BD21F00203012B0BBF6FF071066FF0C8
:102AA00061066FF015036FF00503E5E708B5806B6D
:102AB00004F000F808BD00BF704700BF0368806BDA
:102AC0001B6813F4807370B518D10268046B116829
:102AD000082C21F400311160A0F86A30416810D050
:102AE0006FF061066FF00503012402391569A142F8
:102AF00098BF33462B40136180F87D40FFF7DCFF21
:102B000070BD21F00203012B0BBF6FF071066FF057
:102B100061066FF015036FF00503E5E7704700BF2E
:102B200008B5806BFFF7FAFF08BD00BF806BD0F8D7
:102B30008030C26E43F0800310B5C0F88030536D12
:102B4000012B06D0036F5B6D012B02D004F04EF811
:102B500010BD0168124B0A681B6822F40032114C48
:102B60000A60A4FB03430A681B0B22F480329B001B
:102B70000A6002E00A68D20308D513F1FF33F9D2E4
:102B8000D0F8803043F04003C0F8803001220023A9
:102B900080F87D20A0F86A3004F028F810BD00BF4E
:102BA0000C0100201BECCB95E8B138B590F82C3027
:102BB00004460D4603F0FF0283B10223211D206865
:102BC00084F82C3000F0E6F9294694E8050000F07E
:102BD0001DFA0123002084F82C3038BD80F82D2008
:102BE00005F066FAE9E70120704700BF38B590F8B4
:102BF0002C30DBB2022B01D1184638BD044602232B
:102C00000D46006884F82C3000F04EFA2B68002046
:102C1000022B0CBF0523012384F82C3038BD00BFE4
:102C2000002800F09780F8B590F83D30044603F096
:102C3000FF02002B00F0828023680221464AB3F194
:102C4000804F84F83D10C2EB030E1A68BEFA8EFE68
:102C50004FEA5E1E4FD0BEF1000F4CD13F49404FAE
:102C60008B4270D001F580618B426CD0DF1B3D49F7
:102C7000B7FA87F77F098B4214BF394647F0010145
:102C800061B1394922F07002A0688B4242EA000229
:102C90003AD0A1F580618B4236D03946314FBB42E4
:102CA00014BF0F4641F0010717F0FF0750D12F491D
:102CB0002F48834218BF8B420CBF0121002123D033
:102CC0002C4FA0F59630834218BFBB420CBF0127A2
:102CD00000273DD028498B4216D001F580618B42F8
:102CE00012D0A16922F08002E0680A4361681A608C
:102CF000D862996219E01A4F22F07002A168DF1BB6
:102D00000A43B7FA87F77F09216922F44072A06964
:102D10001143E668656821F0800101431960DE62B5
:102D20009D62BEF1000F06D12FB9012200205A6129
:102D300084F83D20F8BD62691A63F6E780F83C200C
:102D400004F0DAFF78E7DF1BB7FA87F77F0998E727
:102D50000F46D9E701207047000001400004004001
:102D600000040140000C0040000800400040014009
:102D70000044014000480140001C0040034602227C
:102D80000020196810B4012483F83D200A6822430A
:102D90000A6083F83D405DF8044B704703680020EB
:102DA000DA6842F00102DA601A6842F001021A6041
:102DB000704700BF704700BF704700BF704700BF3B
:102DC000704700BF03681A69910710B5044602D521
:102DD000DA68920765D41A69520702D5DA68500793
:102DE0004CD41A69110702D5DA68120734D41A696B
:102DF000D00602D5DA68D1061ED41A69D20702D5E8
:102E0000DA68D0076BD41A69110602D5DA6812069F
:102E10006DD41A69D00502D5DA6811066FD41A6923
:102E2000520602D5DA68500651D41A69910602D5C5
:102E3000DA68920643D410BD6FF0100108222046D4
:102E40001961DB69227713F4407F6CD0FFF7B4FF80
:102E5000002223682277D0E76FF008010422204681
:102E60001961DB6922779B075AD1FFF7A3FF204640
:102E7000FFF7A4FF002223682277B8E76FF0040170
:102E80000222204619619B69227713F4407F44D1C6
:102E9000FFF790FF2046FFF791FF0022236822777B
:102EA0009FE76FF00201012219619B690277990780
:102EB0002DD0FFF781FF0022236822778BE76FF088
:102EC000200220461A61BDE8104000F05FB86FF0A4
:102ED000400220461A61FFF773FF2368A5E76FF0F1
:102EE000010220461A6104F057FA23688BE76FF05D
:102EF000800220461A6100F04BF8236889E76FF0E2
:102F0000800220461A6100F043F8236887E7FFF744
:102F100051FF2046FFF752FFCDE7FFF74DFFBCE71B
:102F2000FFF74AFFA6E7FFF745FF2046FFF746FFFA
:102F30008EE700BF90F83C30012B70B41FD00368BF
:102F4000114C5A68A3429D6814D004F58064A342D2
:102F500010D00C680026896825F0800522F07002E8
:102F60002943224334465A60996080F83C602046E9
:102F700070BC704722F470024C682243E9E70224D7
:102F8000204670BC704700BF00000140704700BF82
:102F9000704700BF0B68012BF0B516D00A1D0C69F5
:102FA0008E6907682CCA1A434B692A43CD692243AC
:102FB0000C6A496A1A43144B32433B402A4322436A
:102FC0000A43134303600020F0BD8A684C68CB6855
:102FD00014430D690E6A1C43CF694B692C43026888
:102FE0008D693743D0F804E01C434E6A22F4F8415F
:102FF000054B2C4347EA06020EEA03030A43234328
:10300000026043600020F0BD0080FFFF012AF0B4A1
:1030100021D084680A6804F070454B68541E8F689C
:10302000013BCE682C43013F0D69721E44EA031434
:103030004E696B1E8D6944EA0721013E6C1E41EA10
:10304000023242EA034242EA065343EA0463F0BC16
:1030500083600020704783680C68C5684F68013C36
:103060004E6905F070457A1E0E4F2C43013E8D6867
:103070001F4044EA02140B696A1E3505CE68013B05
:10308000896944EA0222013E013942EA034345EAE2
:10309000063643EA01633E438660C3600020F0BC0D
:1030A000704700BFFF0F0FFF70B515460446C86894
:1030B00082B0002691E80C00019613438A6843EA27
:1030C0004023013A43EA42130193019B2361FDF738
:1030D000AFF906466B1C05D1A06910F02000FBD1AA
:1030E00002B070BDA36913F02000F9D025B1FDF73F
:1030F0009FF9801B8542EDD20320F1E708B500F06F
:103100005BF800BF0C4A08B513688BB103300B495C
:1031100020F003001844884202D81060184608BD09
:1031200005F014F90C224FF0FF330260184608BD79
:1031300003490B461160E9E77401002000BC04203C
:10314000805A00200122024B02600B60704700BFD2
:10315000000000200FB410B582B08021094804ACF3
:1031600054F8042B2346019405F02CF9002803DDC4
:103170000146044800F008F802B0BDE8104004B071
:10318000704700BF7C0100204FF0FF30704700BF48
:1031900008B505F071F8054B054A9A60D3F8882008
:1031A00042F47002C3F8882008BD00BF00ED00E0C3
:1031B0000000020805F088B8BFF34F8F0549064BA1
:1031C000CA6802F4E0621343CB60BFF34F8F00BFC5
:1031D000FDE700BF00ED00E00400FA052DE9F04135
:1031E0000446284890461F460D46069EFFF7B2FF4C
:1031F00021682548FFF7AEFF61682448FFF7AAFF62
:10320000A1682348FFF7A6FFE1682248FFF7A2FF65
:1032100021692148FFF79EFF61692048FFF79AFF67
:10322000A1691F48FFF796FFE1691E48FFF792FF6B
:103230001D4C1E48FFF78EFF29461D48FFF78AFFE9
:10324000E16A1C48FFF786FF216B1B48FFF782FFEE
:10325000E16B1A48FFF77EFF2A060ED42B0403D534
:1032600039461748FFF776FF1648FFF773FF3146D8
:103270001548BDE8F041FFF76DBF41461348FFF721
:1032800069FFEBE77C8C02088C8C02089C8C02089E
:10329000AC8C0208BC8C0208CC8C0208DC8C0208C6
:1032A000EC8C0208FC8C020800ED00E00C8D02089A
:1032B000188D0208288D0208388D0208488D0208F2
:1032C000688D0208788D0208808D0208588D0208EA
:1032D000DFF8FCC32DE9F84FDCF80C500024C34B99
:1032E0004FF0010E45F0807ADFF8E8931546DFF8DD
:1032F000E883CCF80CA00E46C3F8B09F40F2DA4742
:103300005C601A68BA4942EA0E02DFF8D093DFF82F
:10331000D0C31A60DFF8CCA3C8F800400C60B54BEE
:10332000B54ADFF8C483B549C8F80040C9F8004081
:10333000CCF80040CAF8004014600C601C60002308
:10334000DFF8A8C3DFF8A893DFF8A8A3AC4ADFF83A
:10335000A883AC49CCF800401360C8F80030C9F825
:103360000030CAF800300B60DFF890C3A64CDFF8DD
:103370009083A64AA649DFF88CB3DFF88C93DFF878
:103380008CA3C2F800E0C8F80030CCF8003023600D
:10339000CBF800300C68C9F80030CAF800309D4AFC
:1033A000DFF86C839C4B0C3252F80C1CDFF864C3C2
:1033B000C8F80040B9421B68DFF85CE3CCF8003085
:1033C0001268CEF8002000F07F8240F6CF3740F23E
:1033D0000F424FF4F86440F2B133CEF80070174654
:1033E0008E49DFF838E3C8F80040CCF80030C1F867
:1033F00000E007EE902ADFED8A6A8A4AF8EEE77A63
:1034000086EEA77A82ED007AB7F5487F0ADD1B1BAE
:10341000DFED856A07EE903AF8EEE77A86EEA77A56
:1034200081ED007A0023814A4FF07C51804C13607B
:103430004FF07F5C7F4A4FF07D5ADFF8E4E24FF0B7
:10344000514813607C4A23604FF0804413607B4AEC
:103450007B4F13607B4ADFF8CC9211607A49C2F847
:103460001CE04FF07E5E51607849C2F824C04FF4F2
:10347000001C91607649D7620027D16075491463BA
:103480001C4651617449C2F818E011627349C2F8D0
:1034900010A0916241F28831714A1760714A176039
:1034A000714A1760714A1760714A1760714A176054
:1034B000714A1760714A1760714A1760714AC2F801
:1034C00000C00CF1FF3C704AC2F800C06F4ADFF840
:1034D00058C2C2F800C06E4ADFF850C2C2F800C03D
:1034E0004FF0010C6B4A11604A466B490B606B4907
:1034F0000B606B490B606B490B606B490B606B4950
:103500000F606B490F606B490B606B490B606B4937
:10351000C1F818C0C1F844C0C1F870C0C1F89CC05F
:10352000C1F82CC0C1F800C0DFF804C24F61CB6005
:10353000CB610F648B638B64CF664B664B678B6785
:103540008F65C1F89870C1F89030C1F8A030C1F80B
:10355000A4304346C1F88470C1F84CE0C1F820E0C3
:10356000CCF800E0C1F8A880C1F85080C1F87C9088
:10357000DFF8C081C1F824905149DFF8BCC1C1F81F
:103580000080DFF8B881CCF800E0C1F80480DFF8F3
:10359000B081DFF8B0C1C1F80880DFF8AC81CCF8A9
:1035A00000E04FF0504EDFF8A4C1C1F80C8045494F
:1035B000DFF89C81C1F800E0CCF8007047F6FF7C92
:1035C0000827C8F800E04049DFF888E10F60CEF82E
:1035D00000C043F8044B13F13A5F42F8044BF8D1B2
:1035E0004FF0504300243949B6E000BF001000E01E
:1035F000482B0020942A0020C44D0020541B00209A
:10360000C04D002088380020A82A00205C2B002014
:103610000480010800800108088001087002002071
:10362000000080C5982A0020000080455C380020FA
:10363000FC37002084380020A02A00209438002085
:103640000000E03F043800202549123F9A99193FB5
:10365000ABAA2A3FCDCC4C3FABAAAA3F5555D53F8C
:10366000BC4D0020C41A0020542B0020282B002021
:10367000604C0020C42A0020D04D0020740200209D
:10368000502B0020F8370020201B0020F0370020AE
:10369000A03800203C1B0020C02A0020404C002005
:1036A000641B0020442B0020D01A0020A42A0020F4
:1036B000E42A0020D81A0020B02A0020141A002082
:1036C000D42A00209C2A0020704D0020000002D047
:1036D000F0ED00E055CEACC5B82A00205C4C0020CF
:1036E0006438002068380020AC2A00209838002078
:1036F000BC2A0020644C002074380020244D002097
:1037000058380020581B0020704C0020681B0020F7
:1037100040380020601B00201C1B00206F128340DB
:103720000000A03F000080D06F12833A00007B446D
:10373000301B00201992973F703800202DB5DE3ED7
:103740001E50063E383800201C476A3CF4370020E3
:10375000443800204C1B002043F8044B8B424FF0B0
:103760000002F9D1604F4FF0000EDFF800C214469E
:103770003A605E4FCCF800203A60DFF8F4C15C4F4D
:10378000CCF800203A60DFF8ECC15A4FCCF80020AA
:103790003A60DFF8E4C1584FCCF800203A60DFF817
:1037A000DCC1564FCCF80020BA617A613A61FA6008
:1037B0007A60BA627A623A62FA617A643A64FA6367
:1037C000BA633A637A653A65FA64BA643A67FA6644
:1037D000BA667A664A4BFA65C7F8802003F68C41D0
:1037E000FA67BA677A67C7F89C20C7F89820C7F8C5
:1037F0009420C7F89020C7F88820C7F8AC20C7F8F5
:10380000A820C7F8A420C7F8A0203E4ADFF870C15E
:10381000C2F800E03C4F3D4ACCF800E0C7F800E0B9
:10382000C2F800E043F8044B9942FBD1384B002129
:1038300003F6247243F8041B9A42FBD1354B002255
:10384000354943F8042B9942FBD1344B0021344CC9
:1038500043F8041BA3424FF00002F9D14FF0804E11
:10386000304B314943F23907304CC3F800E00C606B
:103870002F4B3049304C1960304B314923600B607D
:103880004FF03E532F4C304923600F602F4B30498F
:10389000304C1960226003F0ABF94FF47A70FCF7FA
:1038A000CDFD10222C493046FFF700F810222846A3
:1038B0002A49FFF761F82A4B00225A611A61DA603F
:1038C0009A605A60BDE8F88F121B2649DFF8B4E011
:1038D000E71AB2F5487FC1F800E03FF78AAD224A07
:1038E000C2F800E090E500BF2C2B002050380020EB
:1038F000284D00203C2B0020744D0020744C0020EB
:10390000642B0020E4380020382B0020501B0020BE
:103910006C1B0020E8380020384C00207802002082
:10392000141A0020C81A00206C4C00202E17D8351D
:1039300054380020136EA635582B0020CDCCCC3D3A
:103940002C1B00207C380020CC2A0020402B00209B
:1039500017B7D138341B0020E82A0020DC1A0020D9
:10396000E04D002070020020982A00204C2B0020FF
:10397000684C0020444C0020C82A0020342B002032
:10398000584C00206F128340084B186800280BDD4C
:10399000074A0021136D526A03EB800043F8041BB1
:1039A000834242F8041BF9D1704700BFF83700206A
:1039B000141A00202DE9F04FB14B0026B14C01251F
:1039C0002DED108BA3B012905E60236811922B44F2
:1039D000AD4A139192682360AC4B2A44AA491B68F4
:1039E0008A60B342AA4A156002DD013BA74A136010
:1039F000A84B1B68002B02DD013BA64A1360A64AB8
:103A00001368002B01DD013B1360A44A1368002BEF
:103A100001DD013B1360A24A1368002B01DD013B6D
:103A20001360A04BF2EE006A9F4A93ED067AD2ED46
:103A3000007ABAEECE7A9D4E5D69DFF800C377EE6C
:103A4000677ADCF80000F0EEE77AF4EEE67AF1EE61
:103A500010FAC8BF82ED007A04283268A5EB020193
:103A600081EAE172A2EBE17241F34184011F01EBB3
:103A700081014FEA410E0EF1080E8D4F96453968CF
:103A800001F1FF31396002DA0029C2F28383894AE9
:103A900010461B92884A016801390160874908680D
:103AA000002841F00F84864E3168012902F0AE8370
:103AB0001068814E012801F01E84002841F0208406
:103AC000804D814928680968012802F04E84002948
:103AD00041F31B847D4842F6E06501680131A9424B
:103AE000016009DD77497A4D0846012100682960A7
:103AF000003018BF01201060764A7749126912F42D
:103B0000806F0A6802D0052A02F0478201327348AA
:103B10000025052A0A6005606F4901DD05220A605B
:103B20006F4D4BF68031226800202C68121B6D4CC3
:103B30008A4220606C4A42F33F821046149201216F
:103B40006A4A06681B981160D0F80080684A05929E
:103B5000684C58682268811A01F58071B1F5007FC0
:103B600004D90246644920600020086007EE902ACC
:103B7000CCF80060614AFAEEEB7A614892ED007A87
:103B80006049FDEEE77A17EE90CA4FEA8C021044C6
:103B90001144D0ED007A91ED00EAF4EE477AF1EEAF
:103BA00010FA09D05848016831B9DFF874B1DBF870
:103BB0000010002902F07683B8F1000F45DD5A6944
:103BC00000219FED527A803A4B4807EE902A01601F
:103BD000F8EEE77A67EE877AFDEEE77A17EE902A3D
:103BE0008A42C2F2D282B2F5805FC2F2A883DFEDD0
:103BF000487A40F6FF7247490968022902F0C182FB
:103C000045480068002802F0EB812E4804464348EE
:103C10002468C0ED007A012C02F0FD83002901DC4C
:103C2000072E12D138490A6822B93D4C2268002A71
:103C300002F0DB823B4A3C491268096802603B485B
:103C40003B4C02603B4A216011609A689FED3A7AD2
:103C5000C83A07EE902AF8EEE77A67EE877AFDEE2B
:103C6000E77A17EE902AB2F5805F82F28781002A08
:103C700082F20A8200210120DFED325A64E000BFA7
:103C8000001000E078580020E04D0020804E002019
:103C9000B82A0020D4550020DC5500205C560020B6
:103CA00074580020984F0020484C00203C1B0020F6
:103CB000704D0020542B0020D04D0020F437002000
:103CC0005C2B0020541B0020C855002074020020EB
:103CD000502B0020001802405C4C0020C4560020ED
:103CE000482B002064380020D44D00209838002054
:103CF000944F0020282B00203C380020C02A0020B0
:103D000008000020E4000020E42A00208988883F81
:103D1000D3E97F40C42A0020C41A0020DC4D0020D3
:103D2000A42A0020641B002070380020404C002092
:103D3000301B002038380020713D8A3FD02A0020F7
:103D40007B698A39000000001A68F7EE007A1FEDDF
:103D5000045AC83A5FED054A07EE102ACD4AB8EE7C
:103D6000C77AD2ED006ACC4A92ED006A27EE057A56
:103D70009FEDCA5A75EEC65AC7FE677AC7FEA47A87
:103D800037EEE67AA5EE856AF4EE647AE7EE056A28
:103D9000F1EE10FA82ED006ABE4AC2ED006A05D16A
:103DA00020B1BF480268022A02F00583F5EE407A8E
:103DB000F1EE10FA42F0E880002942F0E5801A693D
:103DC0009FEDB87AC83A07EE902AF8EEE77A67EEE8
:103DD000877AFDEEE77A17EE900AB0F5805F82F2FF
:103DE000C180002882F2AE81DFEDAF5AAF4A9FED6D
:103DF000B07A109282ED027ADB68AE4FC83B9FED3D
:103E0000A94AD7ED006A07EE903AAB4B75EEE64A49
:103E10009FEDA25AF8EEE77A93ED006A109B37EE19
:103E2000467AA54A67EE847AC3ED015AE4EE856AC4
:103E3000A7EE056AFDEEE77A17EE903AC7ED006A45
:103E4000B3F5805F82ED006A82F27780002B82F208
:103E5000F980FE2299499FED9ADA059BDFF8E88206
:103E60001B68109804930160C8F82C20C8F8002043
:103E7000002B42F05380934B93491B6801EB820265
:103E8000012BD2ED00DA02F090829FED89CA119BDE
:103E9000002B41F3D8810023B6EE006AB0EE4DFA54
:103EA000DFF8A8B20193894BDFF8A4921693884BF0
:103EB000DFED88CA1A93884BDFED78AA0393874B0E
:103EC000DFED871A0293874BDFED87EA0E93874B6E
:103ED000DFED87BA1993874BDFED87FA0793874B9E
:103EE0009FED87BA0893874B0F93874B0D93874BB2
:103EF0000093874B1593874B1793874B1893019B20
:103F000012994FEAC30CDFED856A0A460CF10403EF
:103F100062440993CB1892ED002AD3ED003AB0EE3B
:103F2000C27A7F4BF5EEC03AD3ED007AF1EE10FA8B
:103F30004CBF37EE637A37EE237A37EE677AE7EED7
:103F40002C7AF4EEE67AC3ED007AF1EE10FA09D598
:103F500067EEA77A9FED737A67EE877A22EE272ABB
:103F600063EEA73A0799F7EE007A0F9A91ED004AAF
:103F70001368B4EE674A591EF1EE10FA116001F0B1
:103F80001D820D9B1A68531E0D9A00291360664A04
:103F900092ED005AC1F2CB85169A00261268002BCA
:103FA000C1F27D850025002A41F04982049B002B47
:103FB00001F09F821B9B1B68B3F5617FC1F2998260
:103FC000189B93ED008A089BD3ED006A1A9B76EE4E
:103FD000C86A93ED003A0E9B34EE434A66EE8E6A51
:103FE000196824EE0E4A514B75EE6D4AB0EE6D9A8B
:103FF000DFED4F8A1B68B7EE000ADFED4E9A78EED0
:10400000266A0693A4EEA89A9DED067A33EE043A4A
:10401000494BF8EEC75A9DED045AD3ED007A474B51
:10402000B8EEC55A77EEE57A93ED007AF0EE498A5C
:10403000434B77EEC77AD3ED000A424BA7EEA97A3D
:1040400093ED001A75EE602A134B05EE101AF0EE90
:10405000607AD3ED005AB8EEC55A334BF0EE474ABA
:1040600035EEE19AC3ED008AB0EE407A334B35EE7F
:10407000415AC3ED004AE2EEAA7AA9EE217A089BE2
:10408000A5EE2A1AC3ED006A079B83ED003AB4EE51
:10409000C07A5FE074380020581B00206F12833A0A
:1040A000BC4D0020713D8A3FF404353E4C4C00204D
:1040B00000000000244D002088380020CA20973DD1
:1040C00072F97FBFF4370020C4B90208784D002090
:1040D000301B00200AD7233CA42A0020E42A002019
:1040E0003333333F541B002000003043502B00205B
:1040F000986E923F7038002099AAAA3C641B002059
:10410000CDCCCC3E68380020AC2A0020442B0020C7
:10411000D42A0020C41A0020404C00206F12033A19
:10412000843800200024744A8C3800204038002055
:1041300077BE7F3FCDCC4C3D484C0020BC2A0020B0
:10414000644C0020C04D0020744C0020141A002044
:10415000004E0020DC4BC3ED007ADC4BF1EE10FA90
:1041600083ED001A149B1B6801F18981012B41F337
:104170008681B7EE085A27EE055ADFEDD57AB7EEFD
:10418000007A64EEA74A74EEA47AB0EE644AA1EE17
:10419000674AD04BD3ED007A77EEC77AAEEE277A36
:1041A00083ED007A049B002B41F02781CA4BCB4A58
:1041B0001B68CB48013B126800681A40C64C0128B6
:1041C000C74B226001F0DE85C64B009AD3ED002A72
:1041D000179B66EEA27A1B68C2ED007A0BB167EE00
:1041E000A67A67EE277AC2ED007A002941F0FC80BA
:1041F00023EE277ABC4A82ED007A23B127EE037AB8
:10420000B94B83ED007ADFEDB96AB4EEE67AF1EEF0
:1042100010FA41F17F80F4EEE67AB34BC3ED006A09
:10422000F1EE10FA41F18C80F0EE667A009BC3ED5E
:10423000006AAF4BD3ED006AF5EEC06AF1EE10FAFA
:1042400019DDB1EE007A36EE877AB4EEE77AF1EE58
:1042500010FA04D577EEE67A009BC3ED007AA24B04
:10426000D3ED007AB4EEE77AF1EE10FA03D577EEEB
:10427000E66AC3ED006A059B1B68012B01F0B5835C
:10428000029B039A1B681268012B01F09B83DBF8E9
:104290000030012A01F08383012BF0EE006A01F067
:1042A0006F839BED027A0221DBED017A37EE267AED
:1042B00077EE8C7A8BED027ACBED017ADBF82C204D
:1042C000F0EE006A8B4B012A01F04C8393ED0D7ADE
:1042D0000322D3ED0C7A37EE267A77EE8C7A83EDD3
:1042E0000D7AC3ED0C7A059B1B68012B01F01D8331
:1042F000814B1B68012B01F0C3842C237A48DFED2E
:104300007F5A03FB01B390ED007A0020D3ED016AE0
:10431000186177EE667AF4EEE57AF1EE10FA01F3C1
:1043200044849FED777AF4EEC77AF1EE10FA01F14A
:104330006E85F4EEEA7AF1EE10FA02F3B5829FEDA3
:10434000717AF4EEC77AF1EE10FA02F1AD822C2305
:10435000009877EEA67ADFED695A90ED007A03FBBC
:1043600001B003FB02B30024C0ED017AD3ED016A72
:104370001C6177EE667AF4EEE57AF1EE10FA01F35D
:1043800018849FED5F7AF4EEC77AF1EE10FA01F12E
:104390004285F4EEEA7AF1EE10FA02F395829FED8F
:1043A000597AF4EEC77AF1EE10FA02F18D822C23DD
:1043B00077EEA67A03FB02B3C3ED017A029B1B687A
:1043C000022B01F0EF802C2000FB01B00369002BD1
:1043D00001F0B080D0ED027A34EEA77A3E4BF0EED9
:1043E000004A2C20B7EE081A1B6887FE247A00FBCF
:1043F00001B11C460A93394B07EE904A4C6A1B6880
:10440000B8EEE73AD1ED082ADFED3F5A77EE034ADE
:10441000BDEEE47AC1ED034A17EE100AB8EEC77A92
:10442000184034EEC77A451E861C48611D401E4068
:1044300081ED077A411C04EB850527EE060A04EBA3
:1044400086061940D5ED007A04EB8000D6ED004ACF
:1044500004EB8101D0ED006A77EEA47AD1ED000A79
:1044600077EEE64A76EEA77A74EEE04A64EE804A8A
:10447000E7EEC64AE0EE814AE7EE246A16EE901AAD
:1044800021F00041B1F1FF4F88BFF0EE656A66EEA2
:10449000A26A03990968022901F06B812C2000FBB4
:1044A00002B00169002901F03F80D0ED024A34EEEC
:1044B000247AF0EE007A2C21F7EE082A9FED124ABA
:1044C00001FB02B222E000BF644C0020C04D00207E
:1044D000CDCCCC3D6C380020604C0020201B00204F
:1044E000CC4D0020C02A0020D01A00209CE6F441C8
:1044F0008C380020141A0020F4370020000080427D
:10450000000080C26F1283BA0000C842DBF850106E
:10451000C7FE277A77EE835A0691506AFDEEE57A58
:10452000C2ED035A92ED083A17EE901AF8EEE77AC8
:10453000194075EEE77A4D1E8C1C51611D401C40E0
:10454000C2ED077A4A1C00EB850567EE860A00EB90
:1045500084041340D5ED004A00EB810194ED007A0C
:1045600000EB830374EE874A91ED007A93ED001A15
:1045700074EEC75A77EE244A75EEC15A65EEA05A1A
:10458000E4EEC65AE1EE225AA7EEA57A17EE103AEB
:1045900023F00043B3F1FF4F88BFB0EE447A27EE1B
:1045A000037A16EE903A23F00043B3F1FF4F17EE73
:1045B000103A23F0004300F20487F2EE047AB3F1DC
:1045C000FF4FF4EEE76A01F20283F1EE10FA07DC26
:1045D000FAEE047AF4EEE76AF1EE10FA41F10A839A
:1045E000F2EE046AFAEE047AB4EEE67AF1EE10FA2C
:1045F000B4EEE77ACCBF01230023F1EE10FA48BFF6
:1046000043F00103E84AD2ED006AE74AC2ED006ACE
:1046100013B1E64B93ED007A199BE44A1B6882EDD7
:10462000007A002B40F0B486E14BF0EE634AF0EEE6
:10463000425AD3ED007AE7EE274AE7EEA65AF0EEAB
:10464000647ADC4BDFEDDC4A93ED003AB4EEE43AF9
:10465000F1EE10FA11DD9FEDD94A73EE644AD9EDFF
:10466000182A34EE434A99ED193A65EE845A67EEFA
:10467000847AE2EEA45AE4EE837AD14B36EEE54A30
:10468000F2EE044A93ED001AE4EE015AF4EEE45A15
:10469000F1EE10FA06DCFAEE044AF4EEE45AF1EE1A
:1046A00010FA02D5C74BD3ED005AC74BC64A93ED5B
:1046B000004AC64B35EEC44AD3ED004AC14BEFEE7B
:1046C000044AC3ED005AC14BC3ED005A14EE903AB0
:1046D000C2ED004A23F00043B3F1FF4F05D99FED2F
:1046E000BC4AF0EE444A82ED004A15EE903A23F0BF
:1046F0000043B3F1FF4F02D90023B44A136098ED91
:10470000004A75EEE45AD8ED014AB8EEC44A65EEA7
:10471000865A34EE644AE4EE2A4AF4EEEE4AC8EDD4
:10472000014AF1EE10FA40F359869FEDAA4A9FED37
:10473000AA0A34EEC44A24EE000ABDEEE44A98ED1B
:104740000A3AA64A64EEAF4ADFEDAA8AF1EE002AE1
:1047500014EE103A98ED064AD8ED020A33EE049AA8
:1047600002EB830398ED078AF4EEE24A29EE289AD9
:10477000D3ED008AF1EE10FA78EEE08AE0EE095A05
:1047800098ED030A98ED089AE8EEAC0AD8ED048A91
:1047900035EEC88AC8ED035A25EEABAAC8ED020A69
:1047A000A0EE880A98ED098A8DED1DAAF0EE409AD8
:1047B00098ED050A75EEA95AC8ED079A65EE865A76
:1047C00035EEC99AC8ED045AE0EE898A9FED8A9ABF
:1047D00025EE899A8DED1E9A75EEA85AC8ED088AC5
:1047E00065EE865A35EEC88AC8ED055A65EEAB8A85
:1047F000A0EE880ACDED1F8A75EE805A88ED090A71
:1048000065EE865A35EEC30A9FED7C3AC8ED065A2E
:1048100025EE833AA0EE804A8DED203A75EE845A5B
:1048200088ED0A4A9FED764A65EE845ACDED215A0D
:1048300080F2C085FDEEE45A22AA15EE903AB8EE59
:10484000E54A02EB830274EEC44A52ED045A12EDBB
:10485000053A75EEC35A624B93ED004AA5EEA43AB1
:10486000F0EEC35AB4EEE54AF1EE10FA40F18A8553
:1048700075EEC45ADFED5B4AA5EEA44A159A64EEC4
:10488000055AF1EE044A564B92ED038A77EE678A99
:1048900092ED020AC5FE865AB1EE488AD2ED012A8F
:1048A000F0EE400AC5FEE45AF1EE622AD2ED004A6B
:1048B000E1EE287A83ED004AE8EE250AF0EE628AFE
:1048C000B2EE044AF4EEC47AE0EEA58AF1EE10FAF4
:1048D000F0EE680AF0EE648AE0EEA58A28EE833AEC
:1048E00006DCFAEE045AF4EEE57AF1EE10FA02D59F
:1048F0003D4BD3ED007A3D4B3C4A93ED004A3C4B97
:1049000037EEC44AD3ED005A374BEFEE045AC3EDED
:10491000007A374BC3ED007A15EE903AC2ED005A9B
:1049200023F00043B3F1FF4F05D99FED294AF0EE84
:10493000445A82ED004A17EE903A23F00043B3F157
:10494000FF4F02D900232A4A136098ED0B4A77EEF5
:10495000E57AD8ED0C5AB8EEC44A67EE867A34EEA2
:10496000654AE4EE2A5AF4EEEE5AC8ED0C5AF1EE1E
:1049700010FA40F3FB849FED174ADFED179A35EEEE
:10498000C44A64EE299ABDEEE54AD8ED110AD8ED85
:10499000158A65EEAF5A114AB1EE00DA38EEA0AAD8
:1049A00014EE103A2EE000BF681B0020583800209B
:1049B000581B002088380020AE47613EF6289C3FF7
:1049C000644C00205C1B0020284D00203C2B002064
:1049D000000000000000D5436F12033BC4B502087D
:1049E0005C3800206666663FD41A0020444C0020E4
:1049F000C82A00209A99993E3789813FBC74A33F09
:104A0000713D2A3F1FED059A02EB830398ED0D4A95
:104A10002AEE09AAD8ED128A93ED009AF4EECD5A47
:104A2000E9EE8A7A98ED0EAA39EE449AD8ED0F9AFB
:104A3000F1EE10FAA9EE2C4A37EEE89AC8ED0E7A9C
:104A400067EEAB8AA4EE09AACDED1D8AD8ED138AD4
:104A500098ED109A88ED0D4A77EE8A7A88ED12AAC1
:104A600067EE867A37EEE8AA5FED1D8AC8ED0F7A09
:104A7000E4EE0A9A27EEA8AAD8ED148A8DED1EAAB4
:104A800077EEA97AC8ED139A67EE867A77EEE89A00
:104A9000C8ED107A27EEABAAD8ED158AA4EE299AB4
:104AA0008DED1FAA77EE897A88ED149A1FED2D9A65
:104AB00067EE867A77EEE88AC8ED117A27EE899A52
:104AC000E4EE280A1FED324A8DED209A77EEA07AA7
:104AD000C8ED150A67EE847ACDED217A80F2428422
:104AE000FDEEE57A22AA17EE903AB8EEE74A02EB1D
:104AF000830275EEC45A52ED047A12ED059A77EEF0
:104B0000C97AE64B93ED004AA7EEA59AF0EEC95A92
:104B1000B4EEE54AF1EE10FA40F12E8475EEC45A77
:104B2000DFEDDF7AA5EEA74AF0EE447A27EE855A4C
:104B3000059BF1EE045AD94A1B6885FE065AC2ED60
:104B4000007A85FE655AA8EE050A0493E0EE052A70
:104B5000E2EE854A64EE894ACBB9D24BB0EE435AB5
:104B6000D3ED005AD04B75EEC35AD3ED007ACD4B3E
:104B7000A1EE255A77EEE47AF0EE455AB0EE645A8B
:104B8000C3ED005AA1EE275AC74B83ED005AC74B1D
:104B900033EE663AC64A41F29B001B6874EEC74A80
:104BA000D2F800A0E1EE036A013BC24ABF49A1EE80
:104BB000247A03EA0A03D2F800E0DFEDBF2AB5EE5B
:104BC000009A03F22E7203F6C1040B6003F666210D
:104BD00002EA0A0204EA0A0401EA0A0118440EEB96
:104BE000820266EEA26A0EEB840400EA0A0092EDED
:104BF000003A03F638420EEB810127EE227A89ED66
:104C0000003A02EA0A0294ED004A03F668640EEBE9
:104C10008202DFEDAA9A89ED014A04EA0A0491EDC5
:104C2000005A41F2FD210EEB840433EE04DA89EDE3
:104C3000025A1944D2ED007A41F2A3520EEB8000E1
:104C400001EA0A01C9ED037A1A44D4ED005A33EEA1
:104C5000443A0EEB810102EA0A02C9ED045A75EEEC
:104C6000274A90ED004A0EEB820275EE677ADFED7F
:104C7000948A89ED054A35EE84AAD1ED002A35EEF5
:104C8000C44A3DEE241A9FED8F0AC9ED062A0AEAAE
:104C90000301D2ED005A03F22F72C9ED0A4A7DEEEC
:104CA000644A32EEA55AC9ED075AC9ED0B7A72EE85
:104CB000E55A73EE272A89ED093A3AEE058A89ED1D
:104CC0000CAA73EE677A89ED0D4A89ED0E5A3AEE19
:104CD000455A31EE083AC9ED0F5A89ED08DA34EE3B
:104CE00025DA89ED101A31EE481AC9ED114A74EE31
:104CF000655AC9ED122A34EE854AC9ED137A0EEBD6
:104D0000810189ED148A02EA0A0297ED008A89ED91
:104D1000155A34EEC55A23EE088A6B4872EE8D4A56
:104D200089ED183A90ED003A72EECD2AA6EE898A06
:104D30006648C9ED194A0EEB820289ED1C1A37EE5E
:104D4000A51A89ED1A4A37EEE54AC9ED175A109DA2
:104D500088FE698A88FE288A28EE08AAD0ED005AC3
:104D60005B48DFED5C0A60EE4A4AD0ED007A89EDDF
:104D70001E5A95ED005AE5EEE07AA4EE888A524E6E
:104D800089ED1F4A89ED16DAC9ED1D2A89ED1B1A36
:104D9000514833EE483A514CDFED515AA3EE058AA3
:104DA000E8EE207A86ED008A494E86ED008A474E6D
:104DB00038EE678AC6ED007A28EE068A81ED008A11
:104DC000D7ED004AD9ED197A464967EEA47AD5EDB8
:104DD000004A91ED005A4449E7EE097A91ED003A14
:104DE000424991ED004A3F49C7FEE99AC9FEA88AA7
:104DF00068EEA87AA3EE604A20EE670AE0EE288A01
:104E0000F0EE447A35EE685AE5EE248AE8EEA07AB0
:104E1000C1ED008A3549C1ED008A334978EEE78A51
:104E2000C1ED007A68EE868AC2ED008A94ED005AE0
:104E3000D0ED007A75EE277AF4EEE57AC0ED007ACF
:104E4000F1EE10FA06DCDFED2A5AF4EEE57AF1EE27
:104E500010FA09D5B1EE455AF0EE007A84ED005A09
:104E6000E5EE275AC0ED005A224A9FED1D5AD2EDB9
:104E7000005A214A1F49D2ED007A75EEA77AF4EE66
:104E8000C57AC2ED007AF1EE10FA37DC9FED185AC0
:104E9000F4EEC57AF1EE10FA3AD52FE0FC37002097
:104EA0006666663FB02A0020D81A0020902A0020AB
:104EB0004C1B00209C2A00206666263FABAA2A3F96
:104EC000ABAA2ABFABAAAA3E744D00202C2B00200F
:104ED0005038002077547EBF2C1B00206C4C0020E3
:104EE0003333B33E342B00204C2B0020684C002081
:104EF000CDCC4C3D54380020582B0020F1EE655AA3
:104F0000F0EE007AC1ED005AA5EEA75A82ED005AE4
:104F1000D94A03F6C200D9ED1A7A146800EA0A00E9
:104F2000D7ED005AD54A0EEB800067EEA55A07EE82
:104F3000904A9FEDD35AF8EEE77AC0ED005AD2EDD1
:104F4000004AE4EE857ABDEEE75A15EE105AF8EE07
:104F5000C54AB5F5727F05F1010277EEE44A40F3E8
:104F6000FE816FF472716918B2F5727FC24E9FEDC7
:104F7000C53AC8BFA5F57272C34DB4F5727F05EB93
:104F8000810105EB820204F10105D1ED007A08BF31
:104F9000002592ED004A03F66722BB4934EE674ACA
:104FA000356001EB8404B94902EA0A0240F2223575
:104FB000E4EE847A09680EEB820205EE101AB8EE70
:104FC000C55AE7EEA15AE5EEE17AC4ED005AC0ED0C
:104FD000007AD7ED004AD9ED1B7AAD4867EEA44AB6
:104FE000C2ED004AD0ED007AA7EE835AB7EE083A38
:104FF000FDEEC55A15EE906AB8EEE54AFFEE005A8E
:10500000AE4206F1010040F2223535EE444ACCBFF3
:10501000A6F223343446A8429E4DB7EE005AC8BFCC
:10502000A6F2223005EB840403F6394605EB800036
:10503000D4ED007A4C1C05EB8101D0ED002A40F242
:105040002330924D06EA0A0672EEE72A844214BF24
:10505000204600200A9C0EEB8606286003F6696550
:10506000E4EE227A06980B91A40001460998069472
:1050700005EA0A052144139C0EEB8505E7EEA14ADB
:105080000C91214661440A910146E4EEE17A0198CF
:105090002144814C013009910B992468C1ED004AEB
:1050A0007E4901900968C2ED007AD7ED004AD9ED3A
:1050B0001C7A7B4867EEA47A7A4A00EB840C40F2B3
:1050C000D440013402EB8102C6ED007A0131DCEDFF
:1050D000007A844208BF0024D9ED1D2A41F29C00C9
:1050E00067EE8B4A97ED004A6B4E1844E2EE844A15
:1050F000346000EA0A0041F2FE240EEB80001C44FA
:1051000040F2E75304EA0A04E4EECB7ACCED004A1D
:10511000994208BF00210EEB8404DBF82430C5ED72
:10512000007AD7ED004AD9ED1E7A5C4D67EEA47A7D
:10513000C0ED007AD2ED007AD9ED1F2A67EE8B4AD6
:1051400097ED004A29605849E2EE844AE4EECB7AB2
:10515000C2ED004AC4ED007AD9ED1A2A99ED184A39
:10516000D9ED197A34EE224AD9ED1B4AD9ED1C2A21
:10517000069C77EEA44A34EE224A0A68D9ED1D7ADD
:10518000234499ED1E1A494974EEA77AD9ED1F2AD6
:1051900074EE014A1A600C9A77EEA27A0B6874EEEC
:1051A000E64A136077EEC77A414AD2ED002A414AB7
:1051B000E4EEA26AA2EEA77A92ED004A0A9B74EE90
:1051C000042A019824EE044A099CC6FEC56AC6FE5C
:1051D000A56A66EEA64A87FE457A87FE257A67EEBF
:1051E000077A64EE864A67EE867A66EEE44A67EEF0
:1051F000677AE6EE834AE7EE037AB0EE637AF0EE82
:10520000646AF0EE424AA7EEA27A32EE262AE6EE71
:10521000A24A73EEA73AF0EE477AF0EE646AE3EE44
:10522000C47AE2EE446A86FEC57A87FE257A83ED6B
:10523000007A87FEC55A119BC5FE255AC4ED005A57
:1052400083427EF45CAE1C4B00211C48DB691C4A87
:105250000160C3EBC31352681749134416484968E9
:10526000DB0902608A42C36100D9426023B0BDEC11
:10527000108BBDE8F08F00BF382B00202C1B0020C6
:105280000040724400C048446C1B0020501B0020AA
:10529000582B0020642B0020E4380020584C0020BC
:1052A000E838002078020020B02A0020D81A002018
:1052B0008838002074380020E04D0020B82A0020F3
:1052C000001000E001287EF4F3AB9D4D2968002911
:1052D0007EF4EEAB9B4E2860316801294FF080418F
:1052E00001F0D4813166C6F88C1000F09DBF4FF0FC
:1052F000080EFEF7C2BB944D2968002900F09C8778
:105300009249096800293EF7E5AB914A00211160F6
:10531000FEF7F2BBF4EEE67AF1EE10FA40F14D84BE
:10532000DFED8C7A009BB4EEE77AC3ED006AF0EE15
:10533000667AF1EE10FA7EF77CAF874B874A1360EE
:105340009FED847AF4EEC77AF1EE10FA7EF771AF32
:10535000009BF0EE477A83ED007AFEF76ABF15EE08
:10536000101A01E6DFED7E5AFFF7C9BBDFED7D9A2B
:1053700065EEA99AFFF707BBDFED7B7A64EE277A2B
:10538000FFF7D4BBDFED785A24EE254AFFF776BA53
:105390000E9B1B68012B754BD3ED007A00F0E68461
:1053A00067EE275A72EE234A67EEA67AE4EE865A33
:1053B000FFF747B9DFED6A4AFFF74BBA0B46FEF736
:1053C000E3BDB3F1FF4FDFED6A6A40F21384694B2E
:1053D0009FED677AC3ED006AFFF71EB99FED610A82
:1053E00024EE800AFFF7A9B963EE226A5B4A26EE33
:1053F000877A82ED007AFEF700BF5F485F4AD0ED02
:10540000002AD2ED007A5E4B72EE8C2A77EE8C7A0F
:105410005B4C1B68C0ED002AC2ED007A002B7EF4C5
:10542000D3AE4FF0000E0123C2F800E0039AC0F89B
:1054300000E01360029A23601360FEF7C5BE039B71
:105440001A68012A00F0A684089B189A93ED008A36
:10545000029B82ED008A1B68012B0E9B196800F0ED
:10546000ED84B0EE443A1A9B83ED004ADFED406ACA
:105470000022444BB0EE664A1A60FEF7B4BD002B22
:1054800041F0F781F5EEC04ADFED3F7AF1EE10FA18
:105490004CBF3E4B3E4B93ED007AE4EE877AFDEE37
:1054A000E77A17EE902AB2F5006FC0F2A08343F2BC
:1054B000FF74384801239FED385AA242A8BF224604
:1054C000C2F30A04D21200EB840003FA02F290ED58
:1054D000007A07EE902A27EE057AF8EEE77A27EEB3
:1054E000877A9FED234AB7EE085AF0EE444AFEF75A
:1054F00050BE2A4A2A4B92ED008A089A93ED003A50
:10550000189BD2ED006A34EE434A83ED008A1A9B61
:1055100076EEC86A24EE0E4A83ED003A0E9B66EEE4
:105520008E6A1968FEF75FBDD0ED014A34EE247A29
:10553000FEF7BFBFD0ED017A34EEA77AFEF74EBF7B
:105540005C2B0020141A0020541B0020C85500209A
:10555000740200209CE6F4499CE6F449D01A00202D
:1055600058FF7F3F8C2E3ABB72F97F3F581B0020BB
:1055700000000000681B0020A82A0020704C0020BA
:10558000CC4D00206438002000000046700200204E
:10559000982A0020C48D02080000803DDC4D0020C8
:1055A00038380020DBF81030E849002B00F0D983B0
:1055B000D1ED027A74EEA77AE54BB0EE007ADBF813
:1055C0002400B7EE081A1B68C7FE877ADFEDE12AD0
:1055D00019460A93E04B06EE901ADBED085A1B6859
:1055E000B8EEE63AD94C77EE837ABDEEE77ACBEDAA
:1055F000037A17EE101AB8EEC77A194037EEC70AC9
:105600004E1E8D1CCBF814101E401D408BED070A5A
:1056100020EE068A00EB850500EB8606D5ED007AC4
:105620004D1C96ED007A00EB81011D4037EE277A84
:10563000D1ED006A00EB850577EE667AD5ED000ABC
:1056400036EE877A77EEE07A67EE887AE7EE467A8A
:10565000E0EE817AE0EE276A16EE901A21F0004122
:10566000B1F1FF4FDBF8681088BFF0EE626A65EEBB
:10567000A66A002900F07083D4ED187A34EEA77A78
:10568000F0EE007ADBF87C00F7EE082A0024DFED6C
:10569000B14AC7FE277A77EE837A9BED1E8ABDEE6C
:1056A000E77ACBED197A17EE101AB8EEC77A1940DF
:1056B00037EEC71A4E1E8D1CCBF86C101E401D40D5
:1056C0008BED1D1A61EE068A00EB850500EB860660
:1056D000D5ED007A4D1C96ED007A00EB81011D405E
:1056E00037EE277AD1ED000A00EB8505029977EEB7
:1056F000607A95ED000A30EE877A0C6077EEC07A1A
:1057000067EEA87AE7EE467AE0EE227AE1EE270A23
:1057100010EE901AF0EE607A21F00041B1F1FF4FE7
:10572000DBF8001088BFF0EE647A01298B49E8EEBF
:10573000276AD1ED007A4FF000010CBF75EEA75A31
:1057400075EEE75AF5EEC05AF1EE10FA00F1DC837F
:10575000F7EE007AF4EEE75AF1EE10FA41F38D809D
:10576000CBF878100399CBED087A096802297EF40A
:1057700095AEDBF83C207549002A00F0E882D1EDB7
:105780000D7A74EE277AB0EE007ADBF85020B7EE8F
:10579000081ADFED702A1646DBED134AC7FE877A3A
:1057A00077EE837ADBF89410684DBDEEE77ACBEDA7
:1057B0000E7A069617EE102AB8EEC77A1A4037EE20
:1057C000C70A541E901CCBF840201C4018408BED9B
:1057D000120A20EE068A06EB800006EB8404D0ED68
:1057E000005A501C94ED007A06EB8202184077EEC6
:1057F000255A92ED007A06EB800075EEC77AD0ED5F
:10580000000A77EE255A77EEE07A67EE887AE5EEC1
:10581000C67AE0EE817AA0EE277A17EE102A22F0FF
:105820000042B2F1FF4F88BFB0EE627A24EE877A71
:10583000002900F08782D5ED235A34EE254AF0EE98
:10584000005ADBF8A810F7EE082A00269FED411A4F
:10585000C4FE255A75EE835ADBF82C009BED290A0D
:10586000FDEEE57ACBED245A17EE902AF8EEE77AB2
:105870001A4075EEE75A551E941CCBF898201D402F
:105880001C40CBED285A25EE868A01EB840401EBFF
:105890008505D4ED007A541C95ED004A01EB820297
:1058A000234034EE274A92ED003A01EB830374EE75
:1058B000437AD3ED000A33EE044A039B77EEE07A95
:1058C0001E6067EE887AE4EE467AE0EEA27AA5EEF4
:1058D000A73A13EE103AF0EE437A23F00043B3F107
:1058E000FF4F1E4B88BFF0EE417A0128A0EE277AC9
:1058F000D3ED007A4FF000030CBF74EEA74A74EEAC
:10590000E74AF5EEC04AF1EE10FA00F1F582F7EE43
:10591000007AF4EEE74AF1EE10FA41F30180CBEDA4
:10592000137ACBF8A430FEF73CBE2C230C48009C25
:1059300006680020256803FB01B403FB02B3666020
:1059400020615D601861FEF739BD00BF141A0020A8
:10595000604C00200000C842201B0020F0370020CF
:10596000D01A002093ED237AD3ED227A37EE267AEF
:1059700077EE8C7A83ED237AC3ED227AFEF7B3BCFF
:105980009BED187A0021DBED177A37EE267A77EE59
:105990008C7A8BED187ACBED177AFEF78FBCDBF89B
:1059A0002C109E48012900F0A18200990C6800216A
:1059B00004630220CBF82C20039ACBF884101060EB
:1059C000FEF76ABCDBF800109448012900F08582DC
:1059D00093490C68002144600220CBF858100299CA
:1059E000CBF800300860FEF754BC039A65EEA25A6B
:1059F000F2EE002A8B481268022A65EEA25A00F0E5
:105A000071828949009C91ED007AD4ED007A874932
:105A100077EE277AD1ED006A77EEA57AF4EEE67A92
:105A2000F1EE10FA40F1268275EE876A1A4603609D
:105A3000C1ED006A0299DFF80CE20868022800F064
:105A40002E827949764C91ED003AD4ED007A78496E
:105A500073EE277A91ED007A77EEA57AF4EEC77AA5
:105A6000F1EE10FA40F12A8235EE837A0120CEF869
:105A7000000081ED007A022A09D06E4B91ED007A88
:105A80001868029B6C4C6D491B6820600860644973
:105A900081ED007A0099C1ED006AFEF7F5BB604B1D
:105AA0004FF434716648D3ED007A029B75EE277A85
:105AB00001601B680D99FDEEE77A6248C1ED007A3E
:105AC000002B40F08A81012A26D01D465E48BEEE9A
:105AD000007A5E4C03685E4904FB03F35D4CDFED26
:105AE0005E5A1944D4ED004A5C4B06EE901A0160F0
:105AF000D3ED007AB8EE663ADFED596AA3EE247A68
:105B0000E7EE257AF4EEE67AF1EE10FA40F36781DB
:105B100054491960FEF747BA4649474C0D68216859
:105B2000A94200F06B8425601D460260CEE7009913
:105B30004FF434723B4CD1ED007A4B4975EE277A25
:105B40000A60039AFDEEE77A11680F9AC2ED007AB7
:105B5000169A126811B9012A00F0378200263A4CD1
:105B6000BEEE007A394D2168394805FB01F1394D07
:105B7000DFED395A0844D5ED004A3C4906EE900A5B
:105B80002060D1ED007AB8EE663ADFED356AA3EE1B
:105B9000247AE7EE257AF4EEE67AF1EE10FA40F395
:105BA0002A8133480860FEF7FAB9DFED327AFEF752
:105BB000CEBBDFED307AFEF7FABBDFED2F6AB4EE35
:105BC000E67AF1EE10FA3FF7B8ABFFF7B9BBF1EEAA
:105BD00010FA07DCFAEE047AF4EEE76AF1EE10FA56
:105BE0007FF5F5AB00239FED257AFEF70BBDB4EEF4
:105BF000007A76E4F2EE045AFAEE047AB4EEE57A2C
:105C0000F1EE10FAB4EEE77ACCBF01230023F1EEF7
:105C100010FA48BF43F00103FEF7F7BC141A002046
:105C2000D01A0020A42A0020A0380020A82A002092
:105C3000704C002090380020441B0020281B0020BE
:105C4000D4550020E42A0020CC2A00203584B30B50
:105C50006B6319367C380020BD3706365438002077
:105C60009C534936B3591A36804E00206C4C0020A4
:105C7000A97BAE354EE3E4409CE6F4490000000009
:105C80002C20B0EE007A00FB01B400FB02B0D4ED92
:105C9000027A036177EE877A2361F4EEC77AF1EE38
:105CA00010FA00F10181C4ED027A2C23F3EE006AB0
:105CB00003FB01B393ED017A37EE077A77EE266A9C
:105CC000F4EEE76AF1EE10FA00F1B480F2EE086A41
:105CD00037EE267AB4EEE77AF1EE10FA40F1A780BB
:105CE0000123029803602C23B0EE007A03FB02B379
:105CF000D3ED027A77EE877AF4EEC77AF1EE10FAF6
:105D000000F1D780C3ED027A2C23F3EE006A03FB87
:105D100002B393ED017A37EE077A77EE266AF4EE56
:105D2000E76AF1EE10FA7DD4F2EE086A37EE267AD1
:105D3000B4EEE77AF1EE10FA71D50123039803600F
:105D4000FEF73CBBD5ED225A34EE254A77E5D1ED7E
:105D50000C7A74EE277A16E5D4ED177A34EEA77A2A
:105D60008EE4D1ED017A74EEA77A25E4F0EE634A71
:105D7000F0EE425AE7EEA64AE7EE275AF0EE647AD2
:105D8000FEF75FBC049A1A60039B1860029B1860C0
:105D9000FEF71ABAC54BC6491B68C64801EB83011A
:105DA000029BD0ED007AD1ED006A089926EEA78A11
:105DB0001B68C14881ED008A189981ED008A002B8B
:105DC0007FF44AAB0E9B196800297FF44AAB02604E
:105DD0001A9B93ED003AFFF749BB002576E69FED4D
:105DE000B77AF4EEC77AF1EE10FA40F13A85B44989
:105DF0001960FEF7D8B89FEDB17AF4EEC77AF1EEEC
:105E000010FA40F13285AF480860FEF7C8B8DFED00
:105E1000AE7AFEF79CBADFEDAC7AFEF7C8BA012E77
:105E20007EF4CCAA4FF080409860FEF7C7BA012DEF
:105E30007FF459AF4FF08040986054E70129C7D1F3
:105E4000A24AA34B12681B68D3EB420300F1D48231
:105E50000C2BA8BF0C23964A964802EB8303D0ED87
:105E6000007A93ED003A1A9B23EE273A83ED003A2D
:105E7000FFF7FCBA35EE877AF4EEC76AF1EE10FA56
:105E80007FF5D8ADC1ED007AF0EE676A02991A4647
:105E900003600868DFF820E202287FF4D2AD8D4964
:105EA000034691ED007AF2E5F0EE477A84ED027A4E
:105EB000FBE6F0EE477A83ED027A25E775EE835A2A
:105EC000B4EEE57AF1EE10FA26D50120C1ED007AA4
:105ED000B0EE677ACEF80000CDE57F4B1C6800235A
:105EE000C46579E57D49D1ED006AA3E5009A14689F
:105EF0000022C0F888405CE54FF07E52CBF84C3071
:105F0000CBF8A420FEF74DBB4FF07E50CBF820100D
:105F1000CBF87800FEF7BDBA0346ACE5704B1B68C2
:105F2000012B00F05082049ADFED6EDA012A00F0B6
:105F30001582B0EE6DCAFDF7AABF6B49002240F68C
:105F4000FF73002E40F33B82A3F560639FED677AF9
:105F50009FED67DA07EE903AF8EEE77AA7EE87DA78
:105F6000FDF77BBFDFED635ADFED637A634AB0EE86
:105F7000677A1092C2ED027AFDF73EBF0121002040
:105F8000DFED5F5AFDF7E0BE5E490A68002A7DF446
:105F900016AF02220A60FDF712BF5B4802680132A9
:105FA000012A02607DF4BCAD584824680268A61A34
:105FB000F02E00F39982564A14921B991668554A9E
:105FC000D1F800800592FDF7C3BD5348374D0668F0
:105FD0002868B04200F004822E600E462260BEE5C2
:105FE000B7EE007A07EE902A4C48F8EEE76ADFED4C
:105FF0004C7AB0EE476A04464A482468A6EEA76A7F
:10600000012CF0EE467A80ED006A7DF407AE464C36
:106010002468D2EB440200F1B183B2F5805FC0F294
:106020001A83B1EE007AA2F580529FED406A06EE27
:10603000902A3F4AF8EEE66AA6EE867A82ED007A6A
:10604000FDF7ECBDB3F5606F00F34E84C3F56063FC
:106050009FED387A384907EE903A9FED25DAF8EE51
:10606000E77A67EE877AFDEEE77A17EE902A22EA62
:10607000E272FE2AA8BFFE22C2F1FF0323F003034F
:106080000B441968FDF7E9BE2C49521101EB82025D
:10609000D2ED005AF5EE405AF1EE10FA0DBF012094
:1060A000002001210021FDF74FBE00BF281B00206A
:1060B00004380020602B0020E42A00209C5349B6BD
:1060C000BAED0CB6B00FA1B54EE3E4C0384C0020D9
:1060D000441B0020704C0020D01A0020A82A002069
:1060E000F4370020000000001745B33EACC5A738C8
:1060F00072F97FBF3192B23E48E17A3E4C4C0020AB
:106100005C8FA23FBC4D0020C4560020482B0020CD
:10611000D44D0020944F002090380020541B0020C4
:10612000010C403ADC4D00203C4C00200000403B7C
:10613000383800202549923DC4B10208C4AF020896
:106140005873003A632840F6FF7240F3EC80B0F5D4
:10615000FA7F80F2FC83121AF8EEE77A1FED087AD4
:106160001211B94927EE877AB848C2F1FF021090A0
:10617000521080ED027A01EB8202D2ED005AFDF757
:106180003BBEB3480260FDF73BBDF7EE007A0A461E
:10619000FDF731BD1022AF493A600A68012A00F0CC
:1061A0009A8207EE905A9FEDAC7A00213560F8EEA6
:1061B000E77AAA4AAA4EAB4F67EE877A3160116838
:1061C000FDEEE77A0129C7ED007A00F06282A64968
:1061D000002507280D60A54908461B9114BF4FF400
:1061E0007A7132210160FDF759BC0122A048A14D0E
:1061F00000682260A04C28602060A04DA048C5ED3A
:10620000007AC0ED007A0A60FDF71FBD9D4D306039
:106210002968012900F03282286ED5F88C10686058
:10622000E8652963C5F888109749984D084601210B
:1062300001602960FDF73CBC9549096800297DF49F
:1062400046AC944F3A68012A00F09F825A699FED4C
:10625000927A803A28607E4807EE902AF8EEE77A34
:1062600067EE877AFDEEE77A17EE902AC0ED007AA6
:10627000002AC0F2FD81B2F5805FC0F2D78240F6FD
:10628000FF72DFED867A0C21854D0260C5ED007A44
:10629000844D0120744A296002211B9D11602860F1
:1062A000FFF733B84FEA6C01DFF834E27E4DBCF102
:1062B000070F4FEA81017D4F7D4E8E440F440E44FF
:1062C0002944DEF800A07B4DDFF818E215447A4C33
:1062D0007244D6F800E009681668149AD7F800905E
:1062E000C2F800C0754A2F68C2ED007A4FF0010273
:1062F000E160734D7349C4F800A0C4F80490C4F879
:1063000008E02F600E60CBF80020026000F094805F
:10631000BCFA8CF25209002A40F08E806A49664627
:106320000A60FDF749BC121A47491211C2F1FF0277
:10633000521001EB8202D2ED005AFDF757BD6349BE
:10634000C2F30A00B2F5006F01EB8001D1ED007AD3
:10635000FDF651AC77EEA77AFDF74DBC002B7FF42C
:10636000E8ADBFEE00CAFDF792BD00297DF4AFABEA
:10637000484F3A68012A00F01682404E3D4A37469F
:106380002960D2ED006A164697ED007A3A4AC6EEC9
:10639000877A35491546364A0860C6ED007AC5ED5C
:1063A000007AC2ED007AFEF7B0BFF1EE6DDA9FED34
:1063B00048CAFDF76CBD01220260FDF700BD9FEDEC
:1063C00045DAFDF74ABD049BB7EE00CADFED407A1F
:1063D000012BDFED41DA18BFB0EE67CAFDF757BDFC
:1063E0000498012800F086813C480068012800F0EC
:1063F000DE810E46FFF7B3BB00232CE5049901298B
:1064000000F06F813549096801297FF45EAB0260B5
:106410001546FFF75BBB0E4C2468D2EB440200F13B
:10642000AA81B2F5805FC0F298819FED1C7A104A74
:1064300082ED007AFDF7F2BB234A6646114601223F
:106440000A60FDF7B9BB00BFC4AD02084C4C002088
:106450003C4C0020983800200000503BD04D0020DC
:10646000942A002090380020C42A0020542B0020B9
:106470003838002070380020301B0020641B0020BA
:10648000404C0020141A0020A42A0020E42A0020F6
:10649000C8550020502B00208988883FD3E97F40D1
:1064A00048380020384C0020780000205800002098
:1064B0006800002088000020D42A0020C02A002084
:1064C000F0370020A0380020C41A0020C48D020834
:1064D0000000000072F97FBF00000080F437002048
:1064E0004800002028000020B34A002704601568F7
:1064F000DFF830E3701BED110F60A842CEF80060AA
:1065000000F301816D42A842C0F2FD80AB491B98A7
:106510000F911660D0F800800A68A949CEF8007083
:106520000591A849084640F64E21D0ED007AA648CC
:10653000FDEEE77A17EE904A121B0260EF328A42B4
:1065400009D8A24900220F9C08464FF4B47122607A
:1065500002609F4A1160711E4BF67E32914200F23A
:106560001881F0EE006A07EE906AF1EE005A994A3F
:10657000B8EEE77AB0EE665AD2ED007AB2EE006A73
:10658000A7EE255A65EE277AB0EE457AF4EEC67A84
:10659000F1EE10FA04D8F4EEE67AF1EE10FA39DAF8
:1065A000D2ED017AF2EE006A67EE277AF4EEE67A2F
:1065B000F1EE10FA06D8F0EE006AF4EEE67AF1EEAB
:1065C00010FA27DAD2ED027AF2EE006A67EE277A45
:1065D000F4EEE67AF1EE10FA06D8F0EE006AF4EE88
:1065E000E67AF1EE10FA15DAD2ED037AF2EE006AED
:1065F00067EE277AF4EEE67AF1EE10FA06D8F0EEBE
:10660000006AF4EEE67AF1EE10FA03DAD2ED047ADB
:1066100067EE277A7049714A0E68C2ED007A1491CC
:106620002EB9B5EE007A67EE877AC2ED007A6C4A31
:10663000B8F1000F11464FF001020A6005DD00229B
:106640001B9990460A600F990A6066490A680132F0
:106650000A60FDF77DBA06EE902A9FED636A634AF1
:10666000F8EEE66AA6EE867A82ED007AFDF7D6BAF3
:106670004FF07E555E4A0160156009E6A868696BB7
:106680006860E8652963C5F88810CDE5B16071637D
:10669000CAE5EE435749F6EE006AB5F5006FC6F35A
:1066A0000A0601EB860191ED007A27EE267AFDEECF
:1066B000C77A05DBF8EEE77A67EEA67AFDEEE77AB1
:1066C0004B4DF8EEE77A4C4995ED007A67EE877A04
:1066D000C1ED007A7BE5424A174600223A600A6023
:1066E0005FE50C4645491D46454B09680460196045
:1066F000FFF7ECB9414A0E4642491068049A086017
:106700002260FFF72CBA40490020166009683F4A12
:106710003F4C1B9D1160286022683E480160A2B971
:106720003D490A688AB9264A059212687AB93B4AF5
:10673000126862B921489046244F05460F90012007
:106740003A602A6008602060EBE61D4A05921B4A09
:106750004FF000080F921268E3E6264CC2F30A05D8
:10676000B2F5006F04EB850494ED007AFFF65FAE9E
:1067700037EE077A5BE6B7EE007A58E602F580520C
:10678000B5EE007A9FED266A51E439603160FEF77C
:10679000BCBD0E4900220F9C08460F49226014918F
:1067A00002600E6851E739603260FEF7AEBD2260CC
:1067B0001646FFF7D4B900BF3C38002068380020E7
:1067C000944F0020442B0020942A0020AC2A002063
:1067D000804E0020A8000020D44D0020602B002017
:1067E000784D0020C44D00200000403A3838002089
:1067F00048380020C48D0208301B0020A03800203B
:10680000704C0020A82A002090380020281B00206F
:10681000E42A0020441B0020A42A0020F437002092
:1068200000004039643800200000503BF8EEE77A61
:106830001FED037A4C49C2F30A004C4DB2F5006FCC
:1068400027EE877A01EB8001D1ED007ABDEEC77AA1
:10685000C5ED007A17EE101AFFF61AAD77EEA77A9B
:1068600014E5C3ED007AFDF79EBBC1ED007AFDF79C
:1068700096BBB7EE085AFDF780BCF4EE675ACBED35
:10688000085A37EEE57AF1EE10FA8BED1E7A3DF4F8
:1068900000AEF5EE405AF1EE10FA3DF4FAAD0221E9
:1068A00002980160FDF7F5BD27EEA73AB3EE0B7A2B
:1068B000F2EE022A73EE075AA3EE227A65EEA75A89
:1068C000C5EE877AFDF743BD27EEA73AB3EE0B7A04
:1068D000F2EE022A73EE075AA3EE227A65EEA75A69
:1068E000C5EE877AFDF763BDC3F560629FED207A40
:1068F000204807EE902AF8EEE77A67EE877AFDEEF9
:10690000E77A17EE902A22EAE272FE2AA8BFFE2258
:10691000C2F1FF0121F0030101440968FFF711BB37
:10692000F5EE404ACBED134A77EEE45AF1EE10FA59
:10693000CBED295A3DF435AEF4EE674AF1EE10FA8C
:106940003DF42FAE0223039A1360FDF72ABE121AFC
:1069500009491211C2F1FF02521001EB8202D2ED7D
:10696000005AFFF701BB00BFC48D02084838002061
:106970002549923DC4B10208C4AD020838B5474D5F
:106980000422DFED477A95ED007A464BB8EEC77AE0
:10699000454C1846214627EE277A83ED007A95ED7F
:1069A000017AB8EEC77A27EE277A83ED017A95ED62
:1069B000027AB8EEC77A27EE277A83ED027A95ED50
:1069C000037AB8EEC77A27EE277A83ED037A95ED3E
:1069D000047AB8EEC77A27EE277A83ED047A95ED2C
:1069E000057AB8EEC77A27EE277A83ED057A95ED1A
:1069F000067AB8EEC77A27EE277A83ED067A95ED08
:106A0000077AB8EEC77A67EE277AC3ED077AFCF704
:106A1000D1FF94ED007ADFED257A254B27EE277A1A
:106A2000BDEEC77A83ED087A94ED017A27EE277AD6
:106A3000BDEEC77A83ED097A94ED027A27EE277AC4
:106A4000BDEEC77A83ED0A7A94ED037A27EE277AB2
:106A5000BDEEC77A83ED0B7A94ED047A27EE277AA0
:106A6000BDEEC77A83ED0C7A94ED057A27EE277A8E
:106A7000BDEEC77A83ED0D7A94ED067A27EE277A7C
:106A8000BDEEC77A83ED0E7A94ED077A67EE277A2A
:106A9000FDEEE77AC3ED0F7A38BD00BFDC1A0020A7
:106AA0006D3D0A307C4D0020A438002000FC7F4E54
:106AB000E82A002038B5474D0422DFED477A95EDEE
:106AC000087A464BB8EEC77A454C1846214627EE61
:106AD000277A83ED007A95ED097AB8EEC77A27EE2A
:106AE000277A83ED017A95ED0A7AB8EEC77A27EE18
:106AF000277A83ED027A95ED0B7AB8EEC77A27EE06
:106B0000277A83ED037A95ED0C7AB8EEC77A27EEF3
:106B1000277A83ED047A95ED0D7AB8EEC77A27EEE1
:106B2000277A83ED057A95ED0E7AB8EEC77A27EECF
:106B3000277A83ED067A95ED0F7AB8EEC77A67EE7D
:106B4000277AC3ED077AFCF735FF94ED007ADFED85
:106B5000257A254B27EE277ABDEEC77A83ED007A9A
:106B600094ED017A27EE277ABDEEC77A83ED017A9C
:106B700094ED027A27EE277ABDEEC77A83ED027A8A
:106B800094ED037A27EE277ABDEEC77A83ED037A78
:106B900094ED047A27EE277ABDEEC77A83ED047A66
:106BA00094ED057A27EE277ABDEEC77A83ED057A54
:106BB00094ED067A27EE277ABDEEC77A83ED067A42
:106BC00094ED077A67EE277AFDEEE77AC3ED077A50
:106BD00038BD00BFDC1A00206D3D0A307C4D00201E
:106BE000A438002000FC7F4EE82A0020704700BF38
:106BF0002DE9F04F4E4D83B04E4C4FF00C0A4E4EE7
:106C000072272A68342133888046009222466770B2
:106C10000E2784F800A0FAF793FD296822463388EE
:106C200040460091342127704FF000096770FAF751
:106C300087FD2F684FF0170B338822460097404698
:106C4000342184F8009084F801B0FAF779FD2968BE
:106C50004FF0020E3388224600914046342184F8DA
:106C600000E084F801B0FAF76BFD29684FF0040EDC
:106C70003388224600914046342184F800E084F8AD
:106C80000190FAF75DFD29684FF0060E3388224621
:106C900000914046342184F800E084F80190FAF72E
:106CA0004FFD29684FF00A0E338822460091404676
:106CB000342184F800E084F80190FAF741FD296856
:106CC00012274FF0080E33882246009140463421A7
:106CD00084F800E06770FAF733FD29684FF0100E72
:106CE0003388224600914046342184F800E084F83D
:106CF0000190FAF725FD29684FF0010E33882246EE
:106D000000914046342184F801E02770FAF718FD1D
:106D1000296822463388622600913421404684F84F
:106D200000A06670FAF70CFD03B0BDE8F08F00BF5D
:106D300004010020FC0100200801002049002DE989
:106D4000F043124F01F11505114C83B03E684FF02E
:106D5000000EDFF84080EDB222460096B8F8003011
:106D60003421814684F800E06570FAF7E9FC39685F
:106D70000226B8F80030224600913421484665705A
:106D80002670FAF7DDFC03B0BDE8F08304010020B3
:106D9000FC0100200801002010B5094C00234FF031
:106DA000804141F29312204663602160E2602361DA
:106DB000A360FBF735FF2046BDE81040FBF7EEBFB0
:106DC00010560020124B13495A6C70B542F0020263
:106DD000114C002544F24F6684B02046E6606560A1
:106DE0005A645B6C216003F002032561A560009387
:106DF000009BFBF715FF202301A920460395019373
:106E0000FCF798F82046FBF7B9FF04B070BD00BF4F
:106E10000038024000040140000200202DE9F04348
:106E2000012508274FF0000883B00D604FF6FF7270
:106E30008D600C464F600646C1F80C804FF0040987
:106E4000CDF80480FBF7D2FE2846F9F7F7FA0223C3
:106E50002146676023603046A5604FF6FF72C4F894
:106E60000C80FBF7C3FE0323214667602360304696
:106E7000C4F80C804FF6FF72C4F80890FBF7B6FE1A
:106E800040F221232146C4F8009001933046019B33
:106E90004FF6FF726760E360A560FBF7A7FE3268FC
:106EA00040F26C6351690B43536103B0BDE8F0835A
:106EB000324B1B6830B4092B0DD8DFE803F00E1AF3
:106EC0001F2A333D48515B052D482E4B2E492F4A32
:106ED00003600B60136030BC70474FF07A552A4C4A
:106EE00027492B48294B0022256008601A6030BCD6
:106EF0007047234C274D24492748F3E74FF07E5530
:106F00001F4C21490020214B244A256008601A604B
:106F1000E1E7234B00211A4C1C481B4A2360036005
:106F20001160D8E7164C1F4D17491F48174B194AD7
:106F3000256008601A60CEE74FF07E55134C10496B
:106F40000020114B194A256008601A60C3E7114BF5
:106F50000B48154C0C490D4A04600B601360BAE7EE
:106F6000134B4FF07E5408480549084A04600B60F3
:106F70001360B0E74FF07E530148A7E77C5900202B
:106F80006C5100203333733F4C580020F4500020E4
:106F90006666E63E6666663FCDCC4C3F3333333F94
:106FA000A4707D3FCDCCCC3ECDCCCC3D3333B33E75
:106FB0009A99993EB04B1A68012A2DE9F04100F0E8
:106FC000B381AE4DAE4F2B683A68934207D0194655
:106FD000AC483B60FFF7B2FEAB4B01221A60AB4BF3
:106FE000AB4A1B6913F4805300F09D801368013392
:106FF0000A2B136006D1A74A1368002B40F08F803C
:1070000001231360A44B1B69980511D5A34B1B6981
:1070100099070DD4A24A136801330A2B136010D1CB
:10702000A04A1368002B40F096800123136008E00B
:10703000994B1B6913F4007377D0994B1B680A2B8B
:10704000EED0964B984E1C69336814F002046FD052
:1070500001333360B3F57A5F7BDD8F4B1B699A0593
:1070600077D52B680022013332602B60032B01DDC2
:1070700000232B608D4B08218D4A1B6811606BB972
:107080008C4A44F2CC215368013B8B42536040F25E
:10709000D580894B06221A60FFF70AFF874B1B68D1
:1070A000B3F5027F05DC864B1B68B3F5027F40F326
:1070B000D280012204217948FAF71EFA814BB7EEFB
:1070C000007ADFED816AD3ED007A804C77EEA67A04
:1070D000F4EEC77AF1EE10FAC8BF77EEC77AC3EDC7
:1070E000007A2368082B3CD0794D2A68002A40F0AA
:1070F000928078496548096821FA03F34FF40061EA
:10710000DB0758BF0122FAF7F7F900224FF480415C
:107110005E48FAF7F1F901232B60BDE8F081012BFD
:107120007FF470AF002313606CE75D4A136088E75B
:107130000A2B0EDDDFF850813460D8F80030002BC8
:1071400040F08F80644A1168002940F0F2800123EA
:1071500013602B688AE7012B7FF473AF0023136061
:107160006FE757495B4A09681368B1F52F7F5B49A0
:1071700023F0600391ED007A5949C8BF43F0200322
:10718000B4EEE77A91ED007A23F00E035549F1EE63
:1071900010FAB4EEE77A91ED007A534948BF43F014
:1071A0000203F1EE10FA0968B4EEE77A48BF43F043
:1071B0000403F1EE10FA48BF43F00803012900F080
:1071C000BA8031490968012900F0C180474923F09C
:1071D00010034048096801293F4908BF43F01003E4
:1071E000096823F0010301292E4908BF43F0010378
:1071F000096823F080030129136000F0A4800122B4
:107200004FF400512148FAF777F90023304A236000
:107210001360BDE8F08100224FF400511B48FAF7DB
:107220006BF901224FF480411848FAF765F9236899
:10723000002201332A602360BDE8F08144F2D702C6
:1072400093423FF629AF2A4B1B4A1B68023303F0D7
:107250000703136020E7002204211048FAF74CF9D5
:107260002CE73F78F9F770FE224BF321224A1B6886
:10727000D160013B46E000BFBC4D00208C4F002098
:1072800054510020045100200051002000180240F9
:10729000C8550020D04D00200004024000080240E4
:1072A00058510020944F0020B84F0020FC5000207F
:1072B000D0550020E04D00207C590020804E002059
:1072C000D4550020F05000207E454A3C70580020E4
:1072D000844F0020F8500020F43700206C5100202B
:1072E0004C580020F4500020502B0020541B00204C
:1072F000D44D002078540020003C02400134B4F505
:10730000802F3AD013F9012F0132F7D120493A46A4
:10731000002300202144F9F713FDF9F727FE00228E
:107320003368C8F8002095E600221A60FCF72CFBB1
:1073300047E613600DE71749896811F4C05F08BF7D
:1073400023F00E033DE743F08003036057E729680D
:1073500023F00E0303293FF639AFDFE801F00B08F5
:10736000050243F0020331E743F006032EE743F042
:1073700004032BE743F0080328E702210720F9F76D
:1073800073FF3A46002302490020F9F7D9FCC4E70D
:1073900000000C08E04D0020FFF70CBE2DE9F04F77
:1073A000564D85B0564B2C88B5F802E0AE88A4B295
:1073B000E9881FFA8EFEB2B2524889B21F68009265
:1073C0002A892744B0F9000092B201914E490292F5
:1073D0005A68DFF8449102EB0E0651F8202041F87C
:1073E0002040BF1AD9689C684FEA271A1F60019F86
:1073F000009A79181F6902EB040B029A0391434922
:107400001744434CC1F800A059F820A0B4F900403B
:10741000CAEB0602DFF804813E4E49F820E05A60CC
:107420001211B6F900E058F82460DFF8F4C04A60A1
:10743000C6EB0B02009EDFF8EC9048F824604FEAA0
:10744000A2189A605CF82460039ADFF8DCA0921B13
:1074500059F82E60C1F808800EF10108DA60921127
:10746000BF1B019ECA600FFA88F8029A4CF824608C
:10747000BE10B5F80AC0B8F1030F49F82E2004F188
:1074800001021FFA8CFC0E6116B25A691F610CEBE7
:1074900002091F4AAF8900F1010516805AF824201D
:1074A000BFB24AF824C02DB2C2EB0904DFF87CA0B9
:1074B0009A695C6107EB020C4FEAA4125AF820406B
:1074C0004A61C4EB0C044AF820709C610D4B8C613E
:1074D0001D800FDC0F4BA3F800800F2D02DD002371
:1074E000084A13803F2E02DD0023094A138005B0AD
:1074F000BDE8F08F0023074A1380EEE7E055002037
:1075000050580020904F002078530020984F0020C2
:10751000525100205051002080590020844E0020FC
:10752000C8560020C85400207C580020BC4F0020C2
:10753000704700BF08B501224FF400710148F9F708
:10754000DBFFF8E7000002403B4A4FF480303B4B42
:10755000116C41F08051F0B51164B5B0126C022489
:1075600001254FF4800E02F0805219274FF4D8768F
:1075700009210092009A1A6842F440421A601B687E
:10758000089007A803F4404307950D940193019BCD
:107590001194CDF838E00F9710961291FAF704FA8B
:1075A000002847D1FAF7C4F90346002842D14FF426
:1075B00080520F274FF4A056072102A80692039489
:1075C000049302970596FAF7C7FB0246002831D1CB
:1075D0001B4B4FF4221C4FF4AC7E072719684FF465
:1075E000801613A841F480711960196841F4007184
:1075F0001960179415941C952D923292CDF84CC0B9
:10760000CDF850E016972296FAF766FC90B9FAF793
:107610005DFC0C4BA3FB00308009F9F7B1F90420A5
:10762000F9F7C6F9224603214FF0FF30F9F762F966
:1076300035B0F0BDFFF77EFF00380240007000401B
:10764000003C0240D34D62100023AB49AB4AAC482A
:107650002DE9F04F0B6095B0AA4913600B60AA4D5D
:10766000AA4CAB4AAB492B6023600B601360AA4F56
:10767000AA4EAB4DAB4C0360AB4AAC48AC493B6047
:1076800033602B6023600B608260BFF34F8FBFF3CA
:107690006F8FC0F85032BFF34F8FBFF36F8FBFF3C0
:1076A0004F8FBFF36F8FC0F85032426942F40032FF
:1076B0004261BFF34F8FBFF36F8FC0F88430BFF3C9
:1076C0004F8FD0F88060C6F34E35C6F3C9066A0105
:1076D00043F6E0743346144044EA8371013B934A15
:1076E0005F1CC0F86012F7D115F1FF35EFD2BFF380
:1076F0004F8FBFF36F8F0023C2F88430BFF34F8FDB
:10770000D2F88060C6F34E35C6F3C906690143F668
:10771000E0703346084040EA8371013B834CC2F875
:107720006012591CF7D115F1FF35EFD2BFF34F8F1F
:10773000636943F480336361BFF34F8FBFF36F8F8F
:107740007C4DF8F75BFE0124FFF7FEFE2B6B4FF03C
:10775000020904210027234377483A4688462B63D1
:1077600014AE2B6BDFF8DCA123400593059B2B6B3C
:1077700043EA09032B632B6B03EA09030693069B79
:107780002B6B0B432B632B6B0B400793079B2B6BD4
:1077900043F008032B632B6B03F008030893089B4B
:1077A0002B6B43F010032B632B6B03F01003099337
:1077B000099B2B6B43F040032B632B6B03F04003BF
:1077C0000A930A9B2B6B43F080032B632B6B0D9466
:1077D0004C4603F080030E97CDF83C900B930B9B27
:1077E000F9F78AFE3A464FF400615448F9F784FEEF
:1077F0003A464FF400515148F9F77EFE3A464FF4AD
:1078000080414E48F9F778FE4FF4D0434B4846F894
:10781000203D3146F9F750FD31464748CDF83080DC
:10782000F9F74AFD2B6B3A4641460D2043F480039D
:107830002B632B6B03F480030393039B2B6B43F4A9
:1078400000132B632B6B554603F400130493049B26
:10785000F9F750F80D20F9F787F83A4641462F20FE
:10786000F9F748F82F20F9F77FF83A4649463820CB
:10787000F9F740F83820F9F777F83A4639463920D1
:10788000F9F738F83920F9F76FF83A4639464420C5
:10789000F9F730F84420F9F767F8294FFFF792FA23
:1078A000B046FFF779FA56221346CAF80020C3F310
:1078B000C20308263B60FFF7FBFA4FF49670F8F717
:1078C000BDFD3E60FFF7F4FAC820F8F7B7FDDAF81F
:1078D000003003F007033B60FFF7EAFA4FF49670BD
:1078E000F8F7ACFD3E60FFF7E3FAC820F8F7A6FD15
:1078F000013C29D02B68DAE774580020705800202A
:1079000000510020BC4D0020F8500020844F002082
:10791000884F00208C4F0020DC550020C4560020EA
:10792000D8550020CC5500200000020800ED00E0F2
:107930005451002000380240000802400018024064
:107940007C590020FC5000204646DFF830C3DFF8A9
:1079500030832346DFF82CE3AA4FAB4DAB48AC494C
:10796000013448F8043F4CF8043F0022402C4EF804
:10797000043F47F8043F45F8043F40F8043F41F80E
:10798000043FEDD1A34D4FF480314FF0E063DFF8B9
:10799000F8E269600127A0492846AB6207230A8004
:1079A000C5F800E0EB61DFF8E4E29C4B9C49AA607B
:1079B0002A62EA62EA606A61AEF800200A809A618F
:1079C0005A611A61DA609A605A601A602F61AF6179
:1079D0002F63F8F741FD0246002840F00E81062390
:1079E000314628464FF002080F924FF003090C92DF
:1079F0004FF0040B01920E930D97F8F7B3FE31464A
:107A000028460C97CDF83480F8F7ACFE314628466E
:107A1000CDF83080CDF83490F8F7A4FE31462846F2
:107A2000CDF83090CDF834B0F8F79CFE05220D2348
:107A3000314628460D920C93F8F794FE0623314602
:107A40002846CDF830B00D93F8F78CFE754B2846DC
:107A50003146754D009306230C9307230D93F8F7D9
:107A600081FE009B019A714918469A605960DF6057
:107A70001A615A619A61DA611A621D60F9F708FEAB
:107A80000146002840F0B980009B1846F9F728FF0E
:107A9000002840F0B280664B664A18461A60FAF732
:107AA00025FD0346002840F0A880634D4BF6803E3C
:107AB000624A014668602846AB602B616B61EB60EF
:107AC0006B62AB62EB6243462A604A46C5F818B067
:107AD000C5F81CE0FAF72CFD0246002840F08D8026
:107AE000574D0146DFF8A8E1434628612846EA6081
:107AF0006A62AA62EA624A46C5F80490AF60C5F8B5
:107B000018B0C5F800E0FAF713FD002875D14D4D07
:107B100008224D4B4FF40061EA604FF40052E861D7
:107B20004FF0100EAA6207224848DA6005226F6003
:107B3000AF604FF480776C614FF480549A600722F5
:107B40002860284629621946C5F810E0AF616C62CA
:107B5000C3F81880C3F81480C3F810905A60C3F8B3
:107B60000080FBF721F8002847D128463849FFF765
:107B700055F9384A3849394B3948116001E0834298
:107B80003DD0384A1A4413F9011F0131F7D1002AB8
:107B900031D0324BD356344A30461360334A1360E7
:107BA000F9F73AFB109B53B100231093F9F7CCF986
:107BB000F9F7E6F93046F9F7A5FAF9F7F3F90722EC
:107BC0002B491448F8F7F8FC0446B0B94FF47A7022
:107BD000F8F734FC1A4A18491248FBF779FB224996
:107BE000244A254B09680F48CAF8004014601C60FD
:107BF000FFF7A4F8FEE70123CDE7FFF79BFC4FF466
:107C00008022C6E7804E002078580020C45400200F
:107C1000B84F00207C540020904F00205058002086
:107C20005051002004510020005800406847402077
:107C30005056002000080650C85700200458014044
:107C400034520020BC500020F4550020400100A018
:107C50005C5100207854002000000C08FFFF0B0846
:107C6000FFFF0F080100F4F78C4F00205451002053
:107C7000E055002078580020D05100207453002097
:107C80007C590020C456002000220140525100209F
:107C900024580140FEE7000008B50320F8F716FE5F
:107CA00000226FF00B001146F8F724FE00226FF05F
:107CB0000A001146F8F71EFE00226FF00900114677
:107CC000F8F718FE00226FF004001146F8F712FED4
:107CD00000226FF003001146F8F70CFE00226FF04F
:107CE00001001146F8F706FE022203214FF0FF3093
:107CF000BDE80840F8F7FEBD0A4B002203211C2016
:107D000010B51C6C82B044F001041C641B6C03F0C1
:107D100001030193019BF8F7EDFD1C20F8F724FE09
:107D200002B010BD003802403F4B02689A4200D0BA
:107D3000704703F58B331A6B42F001022DE9F041D5
:107D40001A638AB01A6B002603270F2502F001027E
:107D500005A9044635480092009A1A6BDFF8DC80CA
:107D600042F004021A631A6B02F004020192019AB3
:107D70001A6B42F020021A631A6B02F02002029280
:107D8000029A5A6C42F480625A645A6C02F480621D
:107D90000392039A1A6B42F480021A631B6B0595D7
:107DA00003F48003069707960493049BF9F784FA7B
:107DB000082305A91E48069705930796F9F77CFA4C
:107DC0004FF4A07305A91B481B4D06974FF40057AD
:107DD00005930796F9F770FA4FF080604FF4806CC6
:107DE0004FF4006E4FF480714FF4803201236860CD
:107DF0002846AE60EE606E62EE622E63C5F80080CB
:107E0000C5F810C0C5F814E0AF61E9612A62AB6241
:107E1000F8F7E0FD20B9A563AC630AB0BDE8F081D6
:107E2000FFF788FBF7E700BF002201400000024097
:107E3000000802400014024070510020106402400B
:107E40002D4B02689A4200D07047F0B5042387B0EA
:107E50000322122601254FF440670DEB030104466F
:107E60002648029603954FF4806504920593019786
:107E7000F9F722FA224A4FF06060224E0023116C7B
:107E80007060304641F4800135611F4D1164126C01
:107E9000B36002F480023560F3600092009A73616F
:107EA000B361F36133627362F8F794FDE8B9174D7B
:107EB00000234FF06067DFF858E040214FF4806204
:107EC000E6632846B463C5F800E06F60A9602A61E4
:107ED000EB606B61AB61EB612B626B62F8F77AFD73
:107EE00030B9A563AC6307B0F0BDFFF723FBDEE755
:107EF000FFF720FBF5E700BF0058004000040240F8
:107F000000380240D451002040600240B8520020A6
:107F1000B86002400268084B9A4200D07047074B95
:107F200082B05A6B42F040025A635B6B03F040032D
:107F30000193019B02B070470008065000380240D0
:107F4000524A036893422DE9F041054688B050D06B
:107F50004F4A934202D008B0BDE8F0814D4B1A68F9
:107F60004AB94D49486C40F480004864496C01F4BA
:107F7000800102910299002601324FF0020C4FF06D
:107F8000060E0824032703A944481A604FF48068AA
:107F90000394CDF810C0424CCDF81CE0059606972E
:107FA000F9F78AF93F484FF4805C4FF4804E4FF464
:107FB00080714FF44032042320602046A76266603F
:107FC000A660E660E6622663C4F81080C4F814C0B8
:107FD000C4F818E0E16122626362F8F7FBFC28B99B
:107FE0002C67A563EC6608B0BDE8F081FFF7A2FA44
:107FF000F6E7284B1A684AB92749486C40F48000D4
:108000004864496C01F480010191019974240026AF
:1080100001324FF0020C03274FF0060E03A91F4850
:108020000394214C1A60CDF810C00697CDF81CE0DF
:108030000596F9F741F94020DFF870804FF4806C25
:108040004FF4805EA7624FF480714FF480474FF485
:1080500040320423A06020466660E660E662266344
:10806000C4F80080C4F810C0C4F814E0A761E1614E
:1080700022626362F8F7AEFC20B92B682C67A56317
:10808000EC6665E7FFF756FAF7E700BF04580140D2
:1080900024580140400200200038024000100240F5
:1080A0006056002088640240185300202864024073
:1080B0003B4B60213B481A6BF0B54FF0020E8DB080
:1080C0000027032642EA0E020CAC0C251A631A6B39
:1080D00002EA0E020092009A1A6B42F004021A633E
:1080E0001A6B02F004020192019A1A6B42F0080224
:1080F0001A631A6B02F008020292029A1A6B42F09B
:1081000010021A631A6B02F010020392039A1A6BA0
:1081100042F020021A631A6B02F020020492049AC1
:108120001A6B42F040021A631A6B02F04002059289
:10813000059A9A6B42F001029A639B6B44F8141DF6
:10814000214603F00103CDF820E009970693069B32
:108150000A960B95F9F7B0F80123214612480793C8
:10816000F9F7AAF84CF20373214610480793F9F780
:10817000A3F84FF6837321460D480793F9F79CF84F
:108180004FF63F0321460B480793F9F795F848F25D
:108190003713214608480793F9F78EF80DB0F0BD64
:1081A000003802400004024000080240000C024077
:1081B00000100240001402400018024000F11401B7
:1081C000F0B50EC989B0D0F800E047688668C56888
:1081D0000469CDF800E00197029603950494059197
:1081E00006920793FEE700BF704700BF1EF0040F22
:1081F0000CBFEFF30880EFF309808169004A104754
:10820000BD810208FEE700BFFEE700BFFEE700BF3A
:10821000FEE700BF704700BF704700BF704700BF58
:1082200008B5F8F7FDF8BDE80840F8F7CFBB00BF88
:108230000148FAF7C7BD00BF105600200148F8F703
:10824000ABBC00BFD45100200148F8F7A5BC00BF6B
:10825000B85200200148F8F79FBC00BF60560020CC
:108260000148F8F799BC00BF185300200148F8F7FF
:1082700093BC00BF705100200F4A104BD2F8880009
:108280000F4940F4700070B4C2F8880000241868E8
:108290004FF000650B4E40F0010018609C601868BC
:1082A000014019605E60196821F480211960DC606A
:1082B000956070BC704700BF00ED00E000380240E0
:1082C000FFFFF6FE1030002410B41B4CA36803F02F
:1082D0000C03042B25D0082B0CD0184B164A184839
:1082E00092681849C2F303125DF8044B825CD340D4
:1082F0000B607047636861685B0201F03F0212D453
:108300000E496368B1FBF2F1C3F3881301FB03F27A
:10831000094B5B68C3F3014301335B00B2FBF3F32A
:10832000DCE7094BDAE708486368B0FBF2F1C3F316
:10833000881301FB03F2EBE7003802400024F4004D
:10834000C4BD02080C01002040787D01014B186873
:10835000704700BF7001002010B5431E0A449142CF
:1083600004D011F8014B03F8014FF8E710BD30B508
:10837000141E05469BB0184604DA8B232B604FF081
:10838000FF301DE04FF40273ADF80C3014BF04F160
:10839000FF332346029305934FF6FF730091049138
:1083A000ADF80E3002461E9B6946284600F072F872
:1083B000431CBCBF8B232B6014B1009B00221A709E
:1083C0001BB030BD07B5009313460A46014603486B
:1083D0000068FFF7CCFF03B05DF804FB70010020DC
:1083E0002DE9F0478E689E4282460C46914698469B
:1083F0003ED88A8912F4906F3AD0256809696F1ABD
:108400006569022305EB450595FBF3F57B1C4344A9
:108410009D4238BF1D4653050FD5294600F08AFB03
:10842000064698B13A462169FFF796FFA38923F4DF
:10843000906343F08003A38113E02A4600F0D8FB49
:10844000064670B92169504600F026FB0C23CAF895
:108450000030A38943F04003A3814FF0FF30BDE813
:10846000F087266165613E44ED1B2660A5604646A7
:10847000464528BF464632464946206800F0F0FA95
:10848000A3689B1BA36023681E4426600020BDE8F0
:10849000F08700002DE9F04F9DB0804603938B8953
:1084A0001C060D4616460DD50B695BB9402100F040
:1084B00041FB2860286118B90C23C8F80030CDE0D2
:1084C00040236B610023099320238DF82930DFF8C6
:1084D0009CB130238DF82A3037463C4614F8013BD6
:1084E0001BB9B7EB060910D003E0252BF9D02746BE
:1084F000F3E74B46324629464046FFF771FF01300D
:1085000000F0A780099B4B4409933B78002B00F0B7
:10851000A08000234FF0FF32049307930592069347
:108520008DF853301A930126052221784E4800F029
:1085300047FA671C049B38B14B4A801A06FA00F0D0
:10854000184304903C46EFE7D90644BF20228DF83B
:1085500053201A0744BF2B228DF8532022782A2A51
:1085600003D0079A00210A200BE0039A111D12681C
:108570000391002A10DA524243F00200079204905D
:108580000BE0274601343B78303B092B03D800FB36
:1085900002320121F5E701B107923B782E2B1ED163
:1085A0007B782A2B0AD1039B1A1D1B680392002B90
:1085B000B8BF4FF0FF330237059310E00023059357
:1085C000781C19460A24074601303A78303A092ABD
:1085D00003D804FB01210123F5E703B10591032230
:1085E0003978224800F0ECF940B14023CBEB000091
:1085F00003FA00F0049B18430490013739781C48B3
:108600008DF8281006227E1C00F0DAF988B1194B8B
:1086100033B9039B073323F007030833039314E0B4
:1086200003AB00932A46144B04A94046AFF30080E5
:1086300007E003AB00932A460F4B04A9404600F025
:1086400093F8B0F1FF3F824603D0099B534409934E
:1086500042E7AB895B0601D4099801E04FF0FF3097
:108660001DB0BDE8F08F00BFD4BD0208DABD02081E
:10867000DEBD020800000000E18302082DE9F0479A
:1086800091461F460A698B68DDF820809342B8BF87
:108690001346C9F8003091F8432006460C4612B143
:1086A0000133C9F800302368990642BFD9F8003079
:1086B0000233C9F80030256815F0060510D104F121
:1086C000190A07E00123524639463046C0470130B7
:1086D0001AD00135E368D9F800209B1A9D42F1DBDE
:1086E00094F843302268003318BF012392060FD557
:1086F000E1185A1C302081F84300224494F84510B8
:1087000082F84310023303E04FF0FF30BDE8F087FA
:1087100004F1430239463046C0470130F4D02268A4
:10872000D9F80050E36802F00602042A08BF5D1B76
:108730002269A3680CBF25EAE57500259342C4BFF2
:108740009B1AED184FF000091A344D4509D001234A
:10875000224639463046C0470130D5D009F10109DB
:10876000F3E70020BDE8F0872DE9F04317460A7EC5
:1087700085B06E2A984606460C460C9B01F1430EC6
:1087800000F0AE8011D8632A22D009D8002A00F068
:10879000BB80582A40F0CA8081F84520834955E0C3
:1087A000642A1ED0692A1CD0C0E0732A00F0B08071
:1087B00009D86F2A2ED0702A40F0B8800A6842F09B
:1087C00020020A603EE0752A24D0782A3AD0ADE033
:1087D0001A6801F14205111D1960136884F84230CE
:1087E000A8E021681A6811F0800F02D0111D1960ED
:1087F00008E011F0400F02F10401196002D0B2F953
:10880000003000E01368002B3CDA2D225B4284F834
:10881000432037E021681A6811F0800F02D0111D43
:10882000196007E011F0400F02F10401196001D056
:10883000138800E01368227E5C496F2A14BF0A2265
:1088400008221BE078225A4984F8452022681868DB
:1088500012F0800F00F104051D6003D1550601D50B
:10886000038800E00368D00744BF42F02002226082
:108870001BB9226822F0200222601022002084F816
:10888000430001E049490A226568A560002D08DB24
:10889000206820F0040020602BB9002D7DD17546A2
:1088A0000CE0002B79D07546B3FBF2F002FB1033DD
:1088B000CB5C05F8013D03460028F5D1082A0BD111
:1088C0002368DA0708D5236962689A42DEBF30233D
:1088D00005F8013C05F1FF35C5EB0E0323612EE0E1
:1088E00008681A68496910F0800F03D0101D1860DD
:1088F000136808E010F0400F02F1040018601368DC
:1089000001D0198000E0196000232361754616E04C
:108910001A68111D1960156862680021284600F068
:108920004FF808B1401B6060636804E004F1420541
:1089300084F8422001232361002384F84330CDF8DA
:1089400000803B4603AA21463046FFF797FE0130E0
:1089500002D14FF0FF3026E023692A4639463046DF
:10896000C0470130F5D023689B0710D5002504F1DE
:10897000190907E001234A4639463046C04701300D
:10898000E7D00135E368039A9B1A9D42F2DBE06869
:10899000039B9842B8BF184605E00B7884F8423034
:1089A00004F142058AE705B0BDE8F083E5BD0208A1
:1089B000F6BD0208000000000000000000000000FA
:1089C00001F0FF01102A2BDB10F0070F08D010F880
:1089D000013B013A8B422DD010F0070F42B3F6D184
:1089E000F0B441EA012141EA014122F007047FF09D
:1089F00000070023F0E80256083C85EA010586EAF4
:108A0000010685FA47F5A3FA87F586FA47F6A5FA2F
:108A100087F68EB9EED1F0BC01F0FF0102F007023B
:108A200032B110F8013B013A83EA010313B1F8D1E6
:108A30000020704701387047002D06BF35460338C7
:108A4000073815F0010F07D1013015F4807F02BF00
:108A5000013015F4C03F0130F0BC0138704700BF51
:108A6000884210B501EB020301D8421E0BE0984288
:108A7000FBD28118D21AD34204D013F8014D01F869
:108A8000014DF8E710BD994204D011F8014B02F8EE
:108A9000014FF8E710BD000038B50546002946D063
:108AA00051F8043C0C1F002BB8BFE41800F0D6F8B6
:108AB0001F4A1368114613B96360146032E0A34281
:108AC0000ED92268A018834204BF18685B686360EF
:108AD00004BF121822600C6024E0A24203D813469F
:108AE0005A68002AF9D118681918A1420BD12168D7
:108AF000014458188242196014D1106852685A60B3
:108B0000014419600EE002D90C232B600AE02168B1
:108B10006018824204BF10685268626004BF09187E
:108B200021605C602846BDE8384000F098B838BD48
:108B30004802002070B5CD1C25F0030508350C2D2A
:108B400038BF0C25002D064601DBA94202D90C23B3
:108B5000336046E000F082F8234B1C681A46214639
:108B6000A1B10B685B1B0ED40B2B03D90B60CC1887
:108B7000CD501EE08C420DBF63684B68636013608C
:108B800018BF0C4615E00C464968E9E7174C236806
:108B90001BB9304600F052F820602946304600F0FC
:108BA0004DF8431C18D0C41C24F00304A0420DD17E
:108BB0002560304600F053F804F10B00231D20F02F
:108BC0000700C31A0ED05A42E25070BD211A304637
:108BD00000F034F80130EBD10C233360304600F064
:108BE0003EF8002070BD00BF480200204402002073
:108BF000F8B5074615460E4621B91146BDE8F840BE
:108C0000FFF798BF1AB9FFF747FF2846F8BD00F0F5
:108C100027F885420ED929463846FFF78BFF0446D0
:108C200050B131462A46FFF797FB31463846FFF7E9
:108C300033FF01E03046F8BD2046F8BD38B5064C9C
:108C40000023054608462360FAF75CFA431C02D16C
:108C5000236803B12B6038BD6C0200207047704759
:108C600051F8040C0028BEBF091851F8043CC01884
:108C7000043870470006101600061016537461631E
:108C80006B206672616D653A0A0000002052302048
:108C90003D2020253038580A0000000020523120A5
:108CA0003D2020253038580A000000002052322094
:108CB0003D2020253038580A000000002052332083
:108CC0003D2020253038580A000000002052313263
:108CD000203D20253038580A00000000204C52204A
:108CE0003D2020253038580A000000002050432045
:108CF0003D2020253038580A0000000020505352F3
:108D0000203D20253038580A000000004653522FDD
:108D10004641523A0A0000002043465352203D206B
:108D200020253038580A00002048465352203D2064
:108D300020253038580A00002044465352203D2058
:108D400020253038580A00002041465352203D204B
:108D500020253038580A0000204D4D464152203D14
:108D600020253038580A00002042464152203D203C
:108D700020253038580A00004D6973630A0000004E
:108D8000204C522F4558435F52455455524E3D207A
:108D9000253038580A0000005B48617264466175EE
:108DA0006C745D0A000000005B4275734661756C6F
:108DB000745D0A005B55736167654661756C745D2F
:108DC0000A0000000000803F180B803F3016803FF3
:108DD0004A21803F642C803F8037803F9C42803F07
:108DE000B94D803FD858803FF763803F176F803F71
:108DF000397A803F5B85803F7E90803FA29B803F99
:108E0000C7A6803FEDB1803F14BD803F3CC8803F86
:108E100065D3803F8FDE803FBAE9803FE6F4803F34
:108E20001300813F410B813F6F16813F9F21813F9E
:108E3000D02C813F0238813F3443813F684E813FCF
:108E40009C59813FD264813F0870813F407B813FC4
:108E50007886813FB291813FEC9C813F28A8813F79
:108E600064B3813FA1BE813FE0C9813F1FD5813FEF
:108E70005FE0813FA1EB813FE3F6813F2602823F25
:108E80006A0D823FAF18823FF523823F3D2F823F1C
:108E9000853A823FCE45823F1851823F635C823FD4
:108EA000AF67823FFC72823F4A7E823F9889823F51
:108EB000E894823F39A0823F8BAB823FDEB6823F8F
:108EC00032C2823F87CD823FDCD8823F33E4823F8B
:108ED0008BEF823FE4FA823F3D06833F9811833F48
:108EE000F41C833F5028833FAE33833F0D3F833FC5
:108EF0006C4A833FCD55833F2F61833F916C833F05
:108F0000F577833F5983833FBF8E833F259A833F05
:108F10008DA5833FF5B0833F5FBC833FC9C7833FC7
:108F200035D3833FA1DE833F0FEA833F7DF5833F47
:108F3000ED00843F5D0C843FCF17843F4123843F85
:108F4000B42E843F293A843F9E45843F1551843F87
:108F50008C5C843F0468843F7E73843FF87E843F4A
:108F6000738A843FF095843F6DA1843FEBAC843FCE
:108F70006BB8843FEBC3843F6CCF843FEFDA843F10
:108F800072E6843FF6F1843F7CFD843F0209853F11
:108F90008914853F1220853F9B2B853F2537853FD0
:108FA000B042853F3D4E853FCA59853F5865853F54
:108FB000E870853F787C853F0988853F9C93853F95
:108FC0002F9F853FC3AA853F59B6853FEFC1853F97
:108FD00086CD853F1FD9853FB8E4853F52F0853F58
:108FE000EEFB853F8A07863F2813863FC61E863FD5
:108FF000652A863F0636863FA741863F4A4D863F13
:10900000ED58863F9164863F3770863FDD7B863F13
:109010008587863F2D93863FD79E863F81AA863FD0
:109020002DB6863FD9C1863F87CD863F35D9863F4D
:10903000E5E4863F95F0863F47FC863FF907873F8A
:10904000AD13873F621F873F172B873FCE36873F81
:109050008542873F3E4E873FF859873FB365873F3C
:109060006E71873F2B7D873FE988873FA894873FB4
:1090700067A0873F28AC873FEAB7873FADC3873FEC
:1090800071CF873F36DB873FFBE6873FC2F2873FE2
:109090008AFE873F530A883F1D16883FE821883F94
:1090A000B42D883F8139883F4F45883F1E51883F06
:1090B000EF5C883FC068883F9274883F6580883F36
:1090C000398C883F0E98883FE5A3883FBCAF883F26
:1090D00094BB883F6EC7883F48D3883F23DF883FD3
:1090E00000EB883FDDF6883FBC02893F9B0E893F3D
:1090F0007C1A893F5D26893F4032893F243E893F63
:10910000084A893FEE55893FD561893FBC6D893F4B
:10911000A579893F8F85893F7A91893F669D893FEF
:1091200053A9893F41B5893F30C1893F20CD893F4F
:1091300011D9893F03E5893FF6F0893FEAFC893F71
:10914000DF088A3FD5148A3FCD208A3FC52C8A3F4D
:10915000BE388A3FB9448A3FB4508A3FB15C8A3FE7
:10916000AE688A3FAD748A3FAC808A3FAD8C8A3F3F
:10917000AE988A3FB1A48A3FB5B08A3FBABC8A3F55
:10918000BFC88A3FC6D48A3FCEE08A3FD7EC8A3F29
:10919000E1F88A3FEC048B3FF8108B3F051D8B3FB5
:1091A00013298B3F23358B3F33418B3F444D8B3FFE
:1091B00057598B3F6A658B3F7E718B3F947D8B3F08
:1091C000AA898B3FC2958B3FDBA18B3FF4AD8B3FD0
:1091D0000FBA8B3F2BC68B3F47D28B3F65DE8B3F51
:1091E00084EA8B3FA4F68B3FC5028C3FE70E8C3F91
:1091F0000A1B8C3F2F278C3F54338C3F7A3F8C3F88
:10920000A14B8C3FCA578C3FF3638C3F1E708C3F41
:10921000497C8C3F76888C3FA3948C3FD2A08C3FB6
:1092200002AD8C3F33B98C3F65C58C3F98D18C3FE4
:10923000CCDD8C3F01EA8C3F37F68C3F6E028D3FD0
:10924000A60E8D3FDF1A8D3F1A278D3F55338D3F78
:10925000923F8D3FCF4B8D3F0E588D3F4D648D3FDC
:109260008E708D3FD07C8D3F13898D3F56958D3FFD
:109270009BA18D3FE1AD8D3F29BA8D3F71C68D3FDA
:10928000BAD28D3F04DF8D3F4FEB8D3F9CF78D3F72
:10929000E9038E3F38108E3F871C8E3FD8288E3FC3
:1092A0002A358E3F7D418E3FD14D8E3F255A8E3FD0
:1092B0007B668E3FD3728E3F2B7F8E3F848B8E3F9B
:1092C000DE978E3F3AA48E3F96B08E3FF3BC8E3F22
:1092D00052C98E3FB2D58E3F12E28E3F74EE8E3F62
:1092E000D7FA8E3F3B078F3FA0138F3F06208F3F5B
:1092F0006D2C8F3FD5388F3F3F458F3FA9518F3F12
:10930000155E8F3F816A8F3FEF768F3F5D838F3F82
:10931000CD8F8F3F3E9C8F3FB0A88F3F23B58F3FAF
:1093200097C18F3F0CCE8F3F82DA8F3FFAE68F3F97
:1093300072F38F3FECFF8F3F660C903FE218903F37
:109340005E25903FDC31903F5B3E903FDB4A903F93
:109350005C57903FDE63903F6170903FE67C903FAA
:109360006B89903FF295903F79A2903F02AF903F7A
:109370008CBB903F16C8903FA2D4903F2FE1903F06
:10938000BDED903F4DFA903FDD06913F6E13913F4A
:109390000120913F942C913F2939913FBE45913F47
:1093A0005552913FED5E913F866B913F2078913F02
:1093B000BB84913F5891913FF59D913F93AA913F76
:1093C00033B7913FD3C3913F75D0913F18DD913FA3
:1093D000BCE9913F61F6913F0703923FAE0F923F88
:1093E000561C923F0029923FAA35923F5642923F27
:1093F000034F923FB05B923F5F68923F0F75923F81
:10940000C081923F728E923F269B923FDAA7923F95
:1094100090B4923F46C1923FFECD923FB7DA923F61
:1094200071E7923F2CF4923FE800933FA50D933FE4
:10943000631A933F2327933FE333933FA540933F22
:10944000674D933F2B5A933FF066933FB673933F1C
:109450007D80933F468D933F0F9A933FD9A6933FCC
:10946000A5B3933F72C0933F3FCD933F0EDA933F36
:10947000DEE6933FAFF3933F8200943F550D943F58
:10948000291A943FFF26943FD633943FAE40943F31
:10949000864D943F605A943F3C67943F1874943FC4
:1094A000F580943FD48D943FB39A943F94A7943F12
:1094B00076B4943F59C1943F3DCE943F22DB943F14
:1094C00008E8943FF0F4943FD801953FC20E953FD1
:1094D000AD1B953F9828953F8535953F7442953F44
:1094E000634F953F535C953F4569953F3776953F70
:1094F0002B83953F2090953F169D953F0DAA953F54
:1095000005B7953FFFC3953FF9D0953FF5DD953FF2
:10951000F1EA953FEFF7953FEE04963FEE11963F47
:10952000EF1E963FF22B963FF538963FFA45963F51
:109530000053963F0660963F0E6D963F187A963F11
:109540002287963F2D94963F3AA1963F47AE963F8D
:1095500056BB963F66C8963F77D5963F89E2963FC1
:109560009DEF963FB1FC963FC709973FDD16973FA9
:10957000F523973F0E31973F283E973F434B973F48
:109580006058973F7D65973F9C72973FBC7F973FA0
:10959000DD8C973FFF99973F22A7973F46B4973FAF
:1095A0006CC1973F92CE973FBADB973FE3E8973F76
:1095B0000DF6973F3803983F6410983F921D983FEF
:1095C000C12A983FF037983F2145983F5352983F22
:1095D000865F983FBB6C983FF079983F2787983F0C
:1095E0005F94983F97A1983FD1AE983F0DBC983FAC
:1095F00049C9983F86D6983FC5E3983F05F1983F03
:1096000046FE983F880B993FCB18993F0F26993F0C
:109610005533993F9C40993FE34D993F2C5B993FCF
:109620007768993FC275993F0E83993F5C90993F47
:10963000AB9D993FFAAA993F4CB8993F9EC5993F77
:10964000F1D2993F46E0993F9BED993FF2FA993F5D
:109650004A089A3FA3159A3FFD229A3F59309A3FF4
:10966000B53D9A3F134B9A3F72589A3FD2659A3F45
:1096700033739A3F96809A3FF98D9A3F5E9B9A3F4B
:10968000C4A89A3F2BB69A3F93C39A3FFDD09A3F06
:1096900067DE9A3FD3EB9A3F40F99A3FAE069B3F75
:1096A0001D149B3F8D219B3FFF2E9B3F713C9B3F99
:1096B000E5499B3F5A579B3FD0649B3F48729B3F75
:1096C000C07F9B3F3A8D9B3FB59A9B3F31A89B3F04
:1096D000AEB59B3F2CC39B3FACD09B3F2CDE9B3F4A
:1096E000AEEB9B3F31F99B3FB5069C3F3B149C3F43
:1096F000C1219C3F492F9C3FD23C9C3F5C4A9C3FF0
:10970000E7579C3F73659C3F01739C3F90809C3F53
:10971000208E9C3FB19B9C3F43A99C3FD6B69C3F6B
:109720006BC49C3F01D29C3F98DF9C3F30ED9C3F37
:10973000C9FA9C3F64089D3F00169D3F9C239D3FB6
:109740003A319D3FDA3E9D3F7A4C9D3F1C5A9D3FEA
:10975000BE679D3F62759D3F08839D3FAE909D3FD4
:10976000559E9D3FFEAB9D3FA8B99D3F53C79D3F72
:10977000FFD49D3FADE29D3F5BF09D3F0BFE9D3FC3
:10978000BC0B9E3F6E199E3F21279E3FD6349E3FC5
:109790008C429E3F43509E3FFB5D9E3FB46B9E3F7D
:1097A0006F799E3F2A879E3FE7949E3FA5A29E3FEA
:1097B00064B09E3F25BE9E3FE6CB9E3FA9D99E3F0B
:1097C0006DE79E3F32F59E3FF9029F3FC0109F3FDD
:1097D000891E9F3F532C9F3F1E3A9F3FEB479F3F61
:1097E000B8559F3F87639F3F57719F3F287F9F3F9B
:1097F000FA8C9F3FCE9A9F3FA3A89F3F79B69F3F89
:1098000050C49F3F28D29F3F02E09F3FDCED9F3F27
:10981000B8FB9F3F9609A03F7417A03F5325A03F78
:109820003433A03F1641A03FF94EA03FDE5CA03F7D
:10983000C36AA03FAA78A03F9286A03F7B94A03F36
:1098400065A2A03F51B0A03F3EBEA03F2CCCA03FA0
:109850001BDAA03F0CE8A03FFDF5A03FF003A13FBD
:10986000E411A13FD91FA13FD02DA13FC73BA13F8C
:10987000C049A13FBA57A13FB665A13FB273A13F0E
:10988000B081A13FAF8FA13FAF9DA13FB0ABA13F42
:10989000B3B9A13FB7C7A13FBCD5A13FC2E3A13F28
:1098A000C9F1A13FD2FFA13FDC0DA23FE71BA23FC0
:1098B000F329A23F0138A23F1046A23F1F54A23F06
:1098C0003162A23F4370A23F577EA23F6B8CA23F02
:1098D000829AA23F99A8A23FB1B6A23FCBC4A23FB1
:1098E000E6D2A23F02E1A23F1FEFA23F3EFDA23F10
:1098F0005E0BA33F7F19A33FA127A33FC535A33F1D
:10990000E943A33F0F52A33F3760A33F5F6EA33FDE
:10991000897CA33FB38AA33FE098A33F0DA7A33F51
:109920003BB5A33F6BC3A33F9CD1A33FCEDFA33F77
:1099300002EEA33F37FCA33F6D0AA43FA418A43F47
:10994000DC26A43F1635A43F5143A43F8D51A43FCC
:10995000CA5FA43F096EA43F487CA43F898AA43F04
:10996000CC98A43F0FA7A43F54B5A43F9AC3A43FEB
:10997000E1D1A43F29E0A43F73EEA43FBEFCA43F85
:109980000A0BA53F5719A53FA627A53FF635A53FCA
:109990004744A53F9952A53FED60A53F426FA53FC3
:1099A000987DA53FEF8BA53F489AA53FA2A8A53F6C
:1099B000FDB6A53F59C5A53FB7D3A53F15E2A53FC5
:1099C00075F0A53FD7FEA53F390DA63F9D1BA63FCD
:1099D000022AA63F6838A63FD046A63F3955A63F83
:1099E000A263A63F0E72A63F7A80A63FE88EA63FEE
:1099F000579DA63FC7ABA63F39BAA63FABC8A63F07
:109A000020D7A63F95E5A63F0BF4A63F8302A73FCC
:109A1000FC10A73F761FA73FF22DA73F6F3CA73F43
:109A2000ED4AA73F6C59A73FED67A73F6E76A73F6A
:109A3000F284A73F7693A73FFBA1A73F82B0A73F41
:109A40000ABFA73F94CDA73F1EDCA73FAAEAA73FC6
:109A500037F9A73FC607A83F5516A83FE624A83FF9
:109A60007833A83F0C42A83FA150A83F375FA83FDA
:109A7000CE6DA83F667CA83F008BA83F9B99A83F6E
:109A800038A8A83FD5B6A83F74C5A83F14D4A83FAE
:109A9000B5E2A83F58F1A83FFCFFA83FA10EA93F9F
:109AA000481DA93FEF2BA93F983AA93F4249A93F3A
:109AB000EE57A93F9B66A93F4975A93FF883A93F87
:109AC000A992A93F5BA1A93F0EB0A93FC2BEA93F81
:109AD00078CDA93F2FDCA93FE7EAA93FA1F9A93F2B
:109AE0005C08AA3F1817AA3FD525AA3F9434AA3F7D
:109AF0005443AA3F1552AA3FD760AA3F9B6FAA3F83
:109B0000607EAA3F268DAA3FEE9BAA3FB7AAAA3F36
:109B100081B9AA3F4CC8AA3F19D7AA3FE7E5AA3F97
:109B2000B6F4AA3F8703AB3F5912AB3F2C21AB3FA2
:109B30000030AB3FD63EAB3FAD4DAB3F855CAB3F5E
:109B40005F6BAB3F3A7AAB3F1689AB3FF397AB3FC6
:109B5000D2A6AB3FB2B5AB3F93C4AB3F76D3AB3FDE
:109B60005AE2AB3F3FF1AB3F2500AC3F0D0FAC3F9E
:109B7000F61DAC3FE02CAC3FCC3BAC3FB94AAC3F10
:109B8000A759AC3F9768AC3F8777AC3F7A86AC3F2C
:109B90006D95AC3F62A4AC3F58B3AC3F4FC2AC3FF5
:109BA00047D1AC3F41E0AC3F3CEFAC3F39FEAC3F6E
:109BB000370DAD3F361CAD3F362BAD3F383AAD3F8C
:109BC0003B49AD3F3F58AD3F4467AD3F4B76AD3F5E
:109BD0005385AD3F5D94AD3F68A3AD3F74B2AD3FDB
:109BE00081C1AD3F90D0AD3FA0DFAD3FB1EEAD3F05
:109BF000C4FDAD3FD80CAE3FED1BAE3F032BAE3FD7
:109C00001B3AAE3F3449AE3F4F58AE3F6B67AE3F55
:109C10008876AE3FA685AE3FC694AE3FE7A3AE3F83
:109C200009B3AE3F2DC2AE3F51D1AE3F78E0AE3F5B
:109C30009FEFAE3FC8FEAE3FF20DAF3F1E1DAF3FE0
:109C40004B2CAF3F793BAF3FA84AAF3FD959AF3F0D
:109C50000B69AF3F3E78AF3F7387AF3FA996AF3FE9
:109C6000E0A5AF3F19B5AF3F53C4AF3F8ED3AF3F71
:109C7000CBE2AF3F09F2AF3F4801B03F8910B03FA0
:109C8000CB1FB03F0E2FB03F523EB03F984DB03F7C
:109C9000DF5CB03F286CB03F727BB03FBD8AB03F05
:109CA000099AB03F57A9B03FA6B8B03FF7C7B03F39
:109CB00049D7B03F9CE6B03FF0F5B03F4605B13F15
:109CC0009D14B13FF523B13F4F33B13FAA42B13F9D
:109CD0000752B13F6561B13FC470B13F2480B13FCD
:109CE000868FB13FE99EB13F4DAEB13FB3BDB13FAD
:109CF0001ACDB13F83DCB13FECEBB13F57FBB13F35
:109D0000C40AB23F321AB23FA129B23F1139B23F61
:109D10008348B23FF657B23F6B67B23FE076B23F3F
:109D20005786B23FD095B23F4AA5B23FC5B4B23FC5
:109D300041C4B23FBFD3B23F3EE3B23FBFF2B23FF6
:109D40004102B33FC411B33F4921B33FCE30B33FCB
:109D50005640B33FDE4FB33F685FB33FF46EB33F4F
:109D6000807EB33F0E8EB33F9E9DB33F2EADB33F7B
:109D7000C0BCB33F54CCB33FE8DBB33F7EEBB33F53
:109D800016FBB33FAF0AB43F491AB43FE429B43FCE
:109D90008139B43F1F49B43FBF58B43F6068B43FF6
:109DA0000278B43FA687B43F4B97B43FF1A6B43FC7
:109DB00099B6B43F42C6B43FECD5B43F98E5B43F42
:109DC00045F5B43FF304B53FA314B53F5424B53F64
:109DD0000734B53FBB43B53F7053B53F2763B53F2D
:109DE000DF72B53F9882B53F5292B53F0FA2B53FA3
:109DF000CCB1B53F8BC1B53F4BD1B53F0DE1B53FC0
:109E0000CFF0B53F9400B63F5910B63F2020B63F83
:109E1000E92FB63FB23FB63F7D4FB63F4A5FB63FF0
:109E2000186FB63FE77EB63FB78EB63F899EB63F06
:109E30005DAEB63F31BEB63F07CEB63FDFDDB63FC3
:109E4000B8EDB63F92FDB63F6D0DB73F4A1DB73F27
:109E5000292DB73F083DB73FE94CB73FCC5CB73F32
:109E6000B06CB73F957CB73F7B8CB73F639CB73FE7
:109E70004DACB73F37BCB73F23CCB73F11DCB73F42
:109E800000ECB73FF0FBB73FE10BB83FD41BB83F46
:109E9000C92BB83FBE3BB83FB64BB83FAE5BB83FEF
:109EA000A86BB83FA37BB83FA08BB83F9E9BB83F41
:109EB0009DABB83F9EBBB83FA0CBB83FA4DBB83F3B
:109EC000A9EBB83FAFFBB83FB70BB93FC01BB93FD9
:109ED000CB2BB93FD73BB93FE44BB93FF35BB93F1D
:109EE000036CB93F147CB93F278CB93F3B9CB93F09
:109EF00051ACB93F68BCB93F81CCB93F9ADCB93F9E
:109F0000B6ECB93FD2FCB93FF00CBA3F101DBA3FD6
:109F1000312DBA3F533DBA3F764DBA3F9B5DBA3FB4
:109F2000C26DBA3FEA7DBA3F138EBA3F3E9EBA3F3A
:109F30006AAEBA3F97BEBA3FC6CEBA3FF6DEBA3F68
:109F400028EFBA3F5BFFBA3F8F0FBB3FC51FBB3F38
:109F5000FC2FBB3F3540BB3F6F50BB3FAA60BB3FB0
:109F6000E770BB3F2681BB3F6591BB3FA6A1BB3FCE
:109F7000E9B1BB3F2DC2BB3F72D2BB3FB9E2BB3F91
:109F800001F3BB3F4A03BC3F9513BC3FE223BC3FF8
:109F90003034BC3F7F44BC3FCF54BC3F2265BC3F04
:109FA0007575BC3FCA85BC3F2096BC3F78A6BC3FB8
:109FB000D1B6BC3F2BC7BC3F87D7BC3FE5E7BC3F12
:109FC00043F8BC3FA408BD3F0519BD3F6829BD3F0C
:109FD000CD39BD3F334ABD3F9A5ABD3F036BBD3FAC
:109FE0006D7BBD3FD88BBD3F459CBD3FB4ACBD3FF5
:109FF00024BDBD3F95CDBD3F07DEBD3F7CEEBD3FDF
:10A00000F1FEBD3F680FBE3FE01FBE3F5A30BE3F6E
:10A01000D540BE3F5251BE3FD061BE3F5072BE3FA1
:10A02000D182BE3F5393BE3FD7A3BE3F5CB4BE3F79
:10A03000E3C4BE3F6BD5BE3FF4E5BE3F7FF6BE3FF7
:10A040000C07BF3F9A17BF3F2928BF3FBA38BF3F11
:10A050004C49BF3FDF59BF3F746ABF3F0B7BBF3FD7
:10A06000A38BBF3F3C9CBF3FD7ACBF3F73BDBF3F3F
:10A0700011CEBF3FB0DEBF3F50EFBF3FF2FFBF3F4B
:10A080009610C03F3B21C03FE131C03F8942C03FF5
:10A090003253C03FDC63C03F8974C03F3685C03F48
:10A0A000E595C03F95A6C03F47B7C03FFBC7C03F3F
:10A0B000AFD8C03F66E9C03F1DFAC03FD60AC13FD6
:10A0C000911BC13F4D2CC13F0A3DC13FC94DC13F0E
:10A0D000895EC13F4B6FC13F0F80C13FD390C13FED
:10A0E00099A1C13F61B2C13F2AC3C13FF5D3C13F6E
:10A0F000C1E4C13F8EF5C13F5D06C23F2D17C23F8F
:10A10000FF27C23FD238C23FA749C23F7D5AC23F54
:10A11000556BC23F2E7CC23F088DC23FE49DC23FBB
:10A12000C2AEC23FA1BFC23F81D0C23F63E1C23FC6
:10A1300046F2C23F2B03C33F1114C33FF924C33F70
:10A14000E235C33FCD46C33FB957C33FA768C33FBE
:10A150009679C33F868AC33F789BC33F6CACC33FAD
:10A1600060BDC33F57CEC33F4FDFC33F48F0C33F3F
:10A170004301C43F3F12C43F3D23C43F3C34C43F6E
:10A180003D45C43F3F56C43F4267C43F4878C43F43
:10A190004E89C43F569AC43F60ABC43F6BBCC43FBA
:10A1A00077CDC43F85DEC43F95EFC43FA600C53FD1
:10A1B000B811C53FCC22C53FE133C53FF844C53F88
:10A1C0001056C53F2A67C53F4578C53F6289C53FE0
:10A1D000809AC53FA0ABC53FC1BCC53FE4CDC53FDC
:10A1E00008DFC53F2EF0C53F5501C63F7E12C63F72
:10A1F000A823C63FD334C63F0046C63F2F57C63FAD
:10A200005F68C63F9179C63FC48AC63FF89BC63F88
:10A210002EADC63F66BEC63F9FCFC63FD9E0C63F04
:10A2200015F2C63F5303C73F9214C73FD225C73F1D
:10A230001437C73F5848C73F9D59C73FE36AC73FD8
:10A240002B7CC73F758DC73FC09EC73F0CB0C73F33
:10A250005AC1C73FAAD2C73FFBE3C73F4DF5C73F2F
:10A26000A106C83FF717C83F4E29C83FA63AC83FC6
:10A27000004CC83F5B5DC83FB86EC83F1780C83F01
:10A280007791C83FD8A2C83F3BB4C83FA0C5C83FDC
:10A2900006D7C83F6DE8C83FD6F9C83F410BC93F54
:10A2A000AD1CC93F1B2EC93F8A3FC93FFA50C93F69
:10A2B0006C62C93FE073C93F5585C93FCC96C93F21
:10A2C00044A8C93FBEB9C93F39CBC93FB5DCC93F76
:10A2D00034EEC93FB3FFC93F3511CA3FB722CA3F69
:10A2E0003C34CA3FC145CA3F4957CA3FD168CA3FFB
:10A2F0005C7ACA3FE88BCA3F759DCA3F04AFCA3F2C
:10A3000094C0CA3F26D2CA3FBAE3CA3F4FF5CA3FFC
:10A31000E506CB3F7D18CB3F172ACB3FB23BCB3F67
:10A320004F4DCB3FED5ECB3F8D70CB3F2E82CB3F71
:10A33000D093CB3F75A5CB3F1AB7CB3FC2C8CB3F1D
:10A340006BDACB3F15ECCB3FC1FDCB3F6E0FCC3F63
:10A350001D21CC3FCE32CC3F8044CC3F3356CC3F46
:10A36000E967CC3F9F79CC3F578BCC3F119DCC3FC9
:10A37000CCAECC3F89C0CC3F47D2CC3F07E4CC3FEA
:10A38000C9F5CC3F8C07CD3F5019CD3F162BCD3FA3
:10A39000DE3CCD3FA74ECD3F7160CD3F3D72CD3FFE
:10A3A0000B84CD3FDA95CD3FABA7CD3F7EB9CD3FF6
:10A3B00051CBCD3F27DDCD3FFEEECD3FD600CE3F8A
:10A3C000B012CE3F8C24CE3F6936CE3F4848CE3FB8
:10A3D000285ACE3F0A6CCE3FED7DCE3FD28FCE3F86
:10A3E000B9A1CE3FA1B3CE3F8AC5CE3F75D7CE3FF0
:10A3F00062E9CE3F50FBCE3F400DCF3F311FCF3FF4
:10A400002431CF3F1943CF3F0F55CF3F0667CF3F92
:10A41000FF78CF3FFA8ACF3FF69CCF3FF4AECF3FD5
:10A42000F3C0CF3FF4D2CF3FF7E4CF3FFBF6CF3FAF
:10A430000109D03F081BD03F102DD03F1B3FD03F1C
:10A440002651D03F3463D03F4375D03F5387D03F30
:10A450006599D03F79ABD03F8EBDD03FA5CFD03FDF
:10A46000BDE1D03FD7F3D03FF305D13F1018D13F26
:10A470002F2AD13F4F3CD13F714ED13F9460D13F05
:10A48000B972D13FDF84D13F0797D13F31A9D13F86
:10A490005CBBD13F89CDD13FB7DFD13FE7F1D13FA1
:10A4A0001904D23F4C16D23F8128D23FB73AD23F4F
:10A4B000EF4CD23F285FD23F6371D23FA083D23F9F
:10A4C000DE95D23F1EA8D23F5FBAD23FA2CCD23F88
:10A4D000E6DED23F2CF1D23F7403D33FBD15D33F0C
:10A4E0000828D33F543AD33FA24CD33FF25ED33F28
:10A4F0004371D33F9683D33FEA95D33F40A8D33FE0
:10A5000098BAD33FF1CCD33F4BDFD33FA8F1D33F31
:10A510000504D43F6516D43FC628D43F293BD43F19
:10A520008D4DD43FF35FD43F5A72D43FC384D43FA0
:10A530002E97D43F9AA9D43F08BCD43F77CED43FBE
:10A54000E8E0D43F5BF3D43FCF05D53F4518D53F76
:10A55000BC2AD53F353DD53FB04FD53F2C62D53FC6
:10A56000AA74D53F2987D53FAA99D53F2DACD53FB1
:10A57000B1BED53F37D1D53FBEE3D53F47F6D53F36
:10A58000D208D63F5E1BD63FEC2DD63F7B40D63F50
:10A590000C53D63F9F65D63F3378D63FC98AD63F06
:10A5A000619DD63FFAAFD63F95C2D63F31D5D63F53
:10A5B000CFE7D63F6EFAD63F100DD73FB21FD73F39
:10A5C0005732D73FFD44D73FA457D73F4E6AD73FB6
:10A5D000F97CD73FA58FD73F53A2D73F03B5D73FCD
:10A5E000B4C7D73F67DAD73F1CEDD73FD2FFD73F7D
:10A5F0008A12D83F4325D83FFE37D83FBB4AD83FC1
:10A60000795DD83F3970D83FFB82D83FBE95D83F9F
:10A6100083A8D83F49BBD83F11CED83FDBE0D83F15
:10A62000A6F3D83F7306D93F4219D93F122CD93F20
:10A63000E43ED93FB851D93F8D64D93F6377D93FC4
:10A640003C8AD93F169DD93FF1AFD93FCFC2D93F00
:10A65000AED5D93F8EE8D93F70FBD93F540EDA3FD3
:10A660003A21DA3F2134DA3F0947DA3FF459DA3F39
:10A67000E06CDA3FCD7FDA3FBD92DA3FAEA5DA3F3C
:10A68000A0B8DA3F94CBDA3F8ADEDA3F82F1DA3FD4
:10A690007B04DB3F7617DB3F722ADB3F703DDB3FFD
:10A6A0007050DB3F7163DB3F7476DB3F7989DB3FC2
:10A6B0007F9CDB3F87AFDB3F91C2DB3F9CD5DB3F1D
:10A6C000A9E8DB3FB8FBDB3FC80EDC3FDA21DC3F0B
:10A6D000ED34DC3F0248DC3F195BDC3F326EDC3F8F
:10A6E0004C81DC3F6894DC3F85A7DC3FA4BADC3FAB
:10A6F000C5CDDC3FE7E0DC3F0BF4DC3F3107DD3F5D
:10A70000581ADD3F822DDD3FAC40DD3FD953DD3FA0
:10A710000767DD3F367ADD3F688DDD3F9BA0DD3F7B
:10A72000CFB3DD3F06C7DD3F3EDADD3F77EDDD3FEE
:10A73000B300DE3FF013DE3F2E27DE3F6F3ADE3FF1
:10A74000B14DDE3FF560DE3F3A74DE3F8187DE3F8C
:10A75000CA9ADE3F14AEDE3F60C1DE3FAED4DE3FBC
:10A76000FDE7DE3F4EFBDE3FA10EDF3FF521DF3F81
:10A770004B35DF3FA348DF3FFD5BDF3F586FDF3FD7
:10A78000B482DF3F1396DF3F73A9DF3FD5BCDF3FC5
:10A7900038D0DF3F9EE3DF3F04F7DF3F6D0AE03F45
:10A7A000D71DE03F4331E03FB144E03F2058E03F58
:10A7B000916BE03F047FE03F7892E03FEEA5E03F01
:10A7C00066B9E03FDFCCE03F5AE0E03FD7F3E03F3F
:10A7D0005507E13FD51AE13F572EE13FDB41E13F0D
:10A7E0006055E13FE768E13F6F7CE13FFA8FE13F71
:10A7F00086A3E13F13B7E13FA3CAE13F34DEE13F67
:10A80000C7F1E13F5B05E23FF118E23F892CE23FEF
:10A810002340E23FBE53E23F5B67E23FF97AE23F0B
:10A820009A8EE23F3CA2E23FE0B5E23F85C9E23FBB
:10A830002CDDE23FD5F0E23F8004E33F2C18E33FFC
:10A84000DA2BE33F893FE33F3B53E33FEE66E33FD1
:10A85000A37AE33F598EE33F11A2E33FCBB5E33F39
:10A8600087C9E33F44DDE33F03F1E33FC404E43F32
:10A870008718E43F4B2CE43F1140E43FD853E43FBA
:10A88000A267E43F6D7BE43F398FE43F08A3E43FD8
:10A89000D8B6E43FAACAE43F7EDEE43F53F2E43F89
:10A8A0002A06E53F031AE53FDD2DE53FB941E53FC7
:10A8B0009755E53F7769E53F587DE53F3B91E53F9B
:10A8C00020A5E53F07B9E53FEFCCE53FD9E0E53FFF
:10A8D000C5F4E53FB208E63FA21CE63F9230E63FF2
:10A8E0008544E63F7958E63F706CE63F6780E63F77
:10A8F0006194E63F5CA8E63F59BCE63F58D0E63F8E
:10A9000058E4E63F5BF8E63F5F0CE73F6420E73F33
:10A910006C34E73F7548E73F805CE73F8C70E73F6A
:10A920009B84E73FAB98E73FBDACE73FD0C0E73F34
:10A93000E6D4E73FFDE8E73F15FDE73F3011E83F8C
:10A940004C25E83F6A39E83F8A4DE83FAC61E83F73
:10A95000CF75E83FF489E83F1B9EE83F43B2E83FEC
:10A960006DC6E83F99DAE83FC7EEE83FF702E93FF6
:10A970002817E93F5B2BE93F903FE93FC653E93F8A
:10A98000FE67E93F387CE93F7490E93FB1A4E93FB5
:10A99000F1B8E93F32CDE93F74E1E93FB9F5E93F6C
:10A9A000FF09EA3F471EEA3F9132EA3FDD46EA3FB0
:10A9B0002A5BEA3F796FEA3FCA83EA3F1C98EA3F85
:10A9C00071ACEA3FC7C0EA3F1FD5EA3F78E9EA3FEA
:10A9D000D4FDEA3F3112EB3F9026EB3FF13AEB3FDB
:10A9E000534FEB3FB763EB3F1D78EB3F858CEB3F5D
:10A9F000EFA0EB3F5AB5EB3FC7C9EB3F36DEEB3F6D
:10AA0000A6F2EB3F1907EC3F8D1BEC3F0330EC3F08
:10AA10007B44EC3FF458EC3F6F6DEC3FEC81EC3F36
:10AA20006B96EC3FECAAEC3F6EBFEC3FF2D3EC3FF1
:10AA300078E8EC3F00FDEC3F8911ED3F1426ED3F37
:10AA4000A13AED3F304FED3FC163ED3F5378ED3F0D
:10AA5000E78CED3F7DA1ED3F15B6ED3FAECAED3F72
:10AA60004ADFED3FE7F3ED3F8608EE3F261DEE3F60
:10AA7000C931EE3F6D46EE3F135BEE3FBB6FEE3FDD
:10AA80006484EE3F1099EE3FBDADEE3F6CC2EE3FE9
:10AA90001CD7EE3FCFEBEE3F8300EF3F3915EF3F82
:10AAA000F129EF3FAB3EEF3F6753EF3F2468EF3FA5
:10AAB000E37CEF3FA491EF3F67A6EF3F2BBBEF3F57
:10AAC000F2CFEF3FBAE4EF3F83F9EF3F4F0EF03F95
:10AAD0001D23F03FEC37F03FBD4CF03F9061F03F5D
:10AAE0006576F03F3B8BF03F14A0F03FEEB4F03FB3
:10AAF000CAC9F03FA8DEF03F87F3F03F6908F13F95
:10AB00004C1DF13F3132F13F1747F13F005CF13FFF
:10AB1000EA70F13FD785F13FC59AF13FB5AFF13FFC
:10AB2000A6C4F13F9AD9F13F8FEEF13F8603F23F81
:10AB30007F18F23F7A2DF23F7742F23F7557F23F8E
:10AB4000756CF23F7781F23F7B96F23F81ABF23F2B
:10AB500088C0F23F92D5F23F9DEAF23FAAFFF23F52
:10AB6000B914F33FC929F33FDC3EF33FF053F33F01
:10AB70000669F33F1E7EF33F3893F33F53A8F33F3C
:10AB800071BDF33F90D2F33FB1E7F33FD4FCF33F05
:10AB9000F911F43F1F27F43F483CF43F7251F43F52
:10ABA0009E66F43FCC7BF43FFB90F43F2DA6F43F30
:10ABB00060BBF43F96D0F43FCDE5F43F06FBF43F95
:10ABC0004010F53F7D25F53FBB3AF53FFC4FF53F83
:10ABD0003E65F53F827AF53FC88FF53F0FA5F53FFB
:10ABE00059BAF53FA4CFF53FF1E4F53F40FAF53F00
:10ABF000910FF63FE424F63F393AF63F8F4FF63F88
:10AC0000E764F63F417AF63F9D8FF63FFBA4F63F9F
:10AC10005BBAF63FBCCFF63F20E5F63F85FAF63F3C
:10AC2000EC0FF73F5525F73FC03AF73F2C50F73F61
:10AC30009B65F73F0B7BF73F7E90F73FF2A5F73F11
:10AC400068BBF73FDFD0F73F59E6F73FD5FBF73F4B
:10AC50005211F83FD126F83F523CF83FD551F83F0A
:10AC60005A67F83FE17CF83F6992F83FF4A7F83F54
:10AC700080BDF83F0ED3F83F9EE8F83F30FEF83F26
:10AC8000C413F93F5A29F93FF13EF93F8B54F93F7C
:10AC9000266AF93FC37FF93F6295F93F03ABF93F5D
:10ACA000A6C0F93F4AD6F93FF1EBF93F9901FA3FC7
:10ACB0004317FA3FF02CFA3F9E42FA3F4D58FA3FB5
:10ACC000FF6DFA3FB383FA3F6899FA3F20AFFA3F2E
:10ACD000D9C4FA3F94DAFA3F51F0FA3F1006FB3F2D
:10ACE000D11BFB3F9431FB3F5847FB3F1F5DFB3FB0
:10ACF000E772FB3FB188FB3F7E9EFB3F4CB4FB3FBE
:10AD00001CCAFB3FEDDFFB3FC1F5FB3F970BFC3F50
:10AD10006E21FC3F4837FC3F234DFC3F0063FC3F66
:10AD2000DF78FC3FC08EFC3FA3A4FC3F88BAFC3F09
:10AD30006ED0FC3F57E6FC3F41FCFC3F2E12FD3F2E
:10AD40001C28FD3F0C3EFD3FFE53FD3FF269FD3FD9
:10AD5000E87FFD3FE095FD3FD9ABFD3FD5C1FD3F0D
:10AD6000D2D7FD3FD2EDFD3FD303FE3FD619FE3FC4
:10AD7000DB2FFE3FE245FE3FEB5BFE3FF671FE3F01
:10AD80000388FE3F119EFE3F22B4FE3F34CAFE3FC1
:10AD900049E0FE3F5FF6FE3F770CFF3F9122FF3F09
:10ADA000AD38FF3FCB4EFF3FEB64FF3F0D7BFF3FD6
:10ADB0003191FF3F56A7FF3F7EBDFF3FA7D3FF3F27
:10ADC000D3E9FF3FF404353E19E2383E42B53C3E3C
:10ADD000E87D403E993B443EDCED473E53944B3E7C
:10ADE000992E4F3E58BC523E3E3D563E17B1593EFD
:10ADF00090175D3E8370603EC0BB633E12F9663EB5
:10AE00006B286A3EA2496D3EAB5C703E7861733E32
:10AE1000F557763E2840793E121A7C3EB9E57E3ED3
:10AE200092D1803E3029823EC279833E53C3843E14
:10AE3000EB05863E9B41873E7376883E85A4893E1E
:10AE4000E0CB8A3E97EC8B3EBF068D3E6E1A8E3E5F
:10AE5000BB278F3EB72E903E7F2F913E292A923EF0
:10AE6000CB1E933E830D943E64F6943E89D9953E65
:10AE700010B7963E0E8F973E9F61983EDE2E993E0C
:10AE8000E2F6993EC6B99A3EA9779B3EA1309C3E18
:10AE9000C6E49C3E33949D3E073F9E3E55E59E3E54
:10AEA00038879F3ECB24A03E25BEA03E5F53A13EE7
:10AEB0008FE4A13ED171A23E3BFBA23EE680A33EC1
:10AEC000E602A43E5181A43E40FCA43EC673A53ECA
:10AED000FBE7A53EF758A63EC7C6A63E8631A73E6D
:10AEE0004499A73E16FEA73E1360A83E46BFA83E63
:10AEF000C91BA93EA975A93EF8CCA93ECC21AA3E02
:10AF00003074AA3E39C4AA3EF611AB3E755DAB3E25
:10AF1000C7A6AB3EFEEDAB3E2233AC3E4876AC3E20
:10AF200079B7AC3EC5F6AC3E3B34AD3EE86FAD3EC6
:10AF3000D4A9AD3E0EE2AD3EA618AE3EA44DAE3E47
:10AF40001381AE3EFCB2AE3E71E3AE3E7912AF3E2F
:10AF50001C40AF3E6A6CAF3E6897AF3E20C1AF3E2B
:10AF60009AE9AF3EE210B03E0337B03E005CB03E1F
:10AF7000E37FB03EB6A2B03E81C4B03E49E5B03EEC
:10AF80001805B13EF623B13EE641B13EF25EB13E58
:10AF9000207BB13E7896B13EFCB0B13EB6CAB13E20
:10AFA000ABE3B13EE1FBB13E5E13B23E222AB23EBC
:10AFB0003B40B23EAD55B23E776AB23E9F7EB23E56
:10AFC0003192B23E00000000000000003049E53C34
:10AFD0001C331F3D7AC14C3DD7457B3DC05A953D42
:10AFE000A082AD3DC514C63D0D0BDF3D575FF83D5A
:10AFF0009F05093E1F04163EE727233E9A6D303E0B
:10B00000ECD13D3E88514B3E19E9583E5395663E82
:10B01000EE52743E5C0F813EBEFA873E17EA8E3ECA
:10B02000DBDB953E95CE9C3ED3C0A33E31B1AA3E1C
:10B03000589EB13E0187B83EE569BF3EDE45C63E3B
:10B04000C119CD3E3273D13E3344D73E7517DD3E34
:10B050007AEBE23ED7BEE83E2990EE3E195EF43E22
:10B060005E27FA3EBDEAFF3E83D3023F8BAD053F2C
:10B07000EF82083F2B530B3FC41D0E3F47E2103FAA
:10B0800046A0133F5957163F2107193F46AF1B3FB4
:10B09000764F1E3F67E7203FD276233F78FD253F5E
:10B0A0001F7B283F98EF2A3FB15A2D3F45BC2F3FC9
:10B0B0003114323F5562343F99A6363FEAE0383FBB
:10B0C00038113B3F76373D3F9C533F3FA665413F9C
:10B0D000966D433F6C6B453F305F473FE848493FC3
:10B0E000A3284B3F6EFE4C3F5BCA4E3F7A8C503FCD
:10B0F000E344523FACF3533FED98553FC234573FC2
:10B1000046C7583F97505A3FD0D05B3F16485D3FE7
:10B1100086B65E3F411C603F6A79613F25CE623F43
:10B12000951A643FDB5E653F1E9B663F83CF673F9A
:10B130002BFC683F3D216A3FE13E6B3F37556C3F3A
:10B1400068646D3F946C6E3FE56D6F3F7E68703F45
:10B15000825C713F174A723F5F31733F7F12743FC9
:10B160009AED743FD1C2753F4A92763F245C773F97
:10B170008120783F84DF783F4C99793FFA4D7A3FC0
:10B18000ACFD7A3F82A87B3F9C4E7C3F17F07C3F12
:10B19000108D7D3FA7257E3FF4B97E3F144A7F3F47
:10B1A00026D67F3F14AE873F1F858B3F295C8F3F9C
:10B1B0003333933F3D0A973F48E19A3F52B89E3F51
:10B1C0005C8FA23FCA20973DE4E19C3DC1C4A23DF3
:10B1D00055C9A83D8DEFAE3D5237B53D83A0BB3D6F
:10B1E000FB2AC23D8FD6C83D0DA3CF3D3E90D63D34
:10B1F000E29DDD3DB8CBE43D7419EC3DC986F33DDD
:10B200006013FB3D715F013E7644053E8F38093E79
:10B21000853B0D3E234D113E2E6D153E6C9B193E18
:10B220009DD71D3E8421223EDC78263E64DD2A3EE9
:10B23000D64E2F3EE9CC333E5757383ED3ED3C3EF9
:10B240001390413EC83D463EA6F64A3E5CBA4F3E8C
:10B250009988543E0C61593E63435E3E4A2F633EDB
:10B260006C24683E77226D3E1329723EEC37773EA0
:10B27000AB4E7C3E7DB6803E4249833E77DF853EC5
:10B28000F378883E89158B3E0FB58D3E5857903E1A
:10B290003AFC923E8AA3953E1C4D983EC7F89A3ED2
:10B2A00060A69D3EBC55A03EB206A33E18B9A53E81
:10B2B000C56CA83E9121AB3E52D7AD3EE18DB03E6C
:10B2C0001745B33ECBFCB53ED8B4B83E176DBB3E78
:10B2D0006425BE3E97DDC03E8E95C33E244DC63EDE
:10B2E0003604C93EA1BACB3E4370CE3EF924D13ECE
:10B2F000A4D8D33E238BD63E553CD93E1DECDB3E35
:10B300005B9ADE3EF246E13EC4F1E33EB59AE63E8C
:10B31000AA41E93E87E6EB3E3289EE3E9129F13EB5
:10B320008AC7F33E0663F63EEDFBF83E2792FB3EEE
:10B330009E25FE3E1E5B003FF6A1013F4DE7023F0A
:10B34000192B043F516D053FEAAD063FDDEC073F89
:10B35000202A093FAB650A3F779F0B3F7BD70C3F05
:10B36000B00D0E3F0F420F3F9274103F31A5113FB9
:10B37000E7D3123FAD00143F7F2B153F5654163FC5
:10B380002E7B173F01A0183FCCC2193F8AE31A3F1A
:10B3900036021C3FCD1E1D3F4C391E3FB0511F3F92
:10B3A000F467203F177C213F158E223FED9D233F00
:10B3B0009BAB243F1FB7253F77C0263FA0C7273F41
:10B3C0009ACC283F63CF293FFBCF2A3F60CE2B3F4B
:10B3D00092CA2C3F92C42D3F5DBC2E3FF5B12F3F4A
:10B3E00059A5303F8A96313F8885323F5372333FAB
:10B3F000ED5C343F5645353F8F2B363F990F373F35
:10B4000075F1373F25D1383FABAE393F078A3A3F18
:10B410003C633B3F4B3A3C3F360F3D3FFFE13D3FF6
:10B42000A9B23E3F36813F3FA74D403FFF17413F06
:10B4300041E0413F70A6423F8D6A433F9C2C443F10
:10B440009FEC443F99AA453F8E66463F7F20473F89
:10B4500071D8473F658E483F6042493F65F4493F98
:10B4600076A44A3F97524B3FCCFE4B3F17A94C3F27
:10B470007C514D3FFFF74D3FA39C4E3F6C3F4F3FEC
:10B480005CE04F3F787F503FC41C513F42B8513F72
:10B49000F651523FE5E9523F1280533F8014543F2A
:10B4A00033A7543F2F38553F77C7553F1055563F68
:10B4B000FDE0563F426B573FE2F3573FE27A583F79
:10B4C0004500593F0F84593F43065A3FE6865A3F8D
:10B4D000FB055B3F86835B3F8AFF5B3F0C7A5C3FEB
:10B4E0000FF35C3F976A5D3FA8E05D3F44555E3FC8
:10B4F00071C85E3F323A5F3F89AA5F3F7C19603F67
:10B500000D87603F41F3603F1B5E613F9EC7613F17
:10B51000CE2F623FAF96623F44FC623F9160633F33
:10B5200099C3633F5F25643FE885643F37E5643F27
:10B530004F43653F33A0653FE7FB653F6F56663F6E
:10B54000CDAF663F0408673F1A5F673F0FB5673F9F
:10B55000E909683FA95D683F54B0683FEC01693F65
:10B560007552693FF1A1693F64F0693FD13D6A3F7F
:10B570003A8A6A3FA4D56A3F11206B3F83696B3FCB
:10B58000FFB16B3F86F96B3F1C406C3FC3856C3F3E
:10B590007FCA6C3F530E6D3F40516D3F4A936D3FE4
:10B5A00074D46D3FC0146E3F31546E3FCA926E3FEB
:10B5B0008ED06E3F7E0D6F3F9E496F3FEF846F3F91
:10B5C00076BF6F3F55D8113F4C930B3FF884053F32
:10B5D0007E53FF3EB5FCF33E96FFE83EA656DE3EA8
:10B5E000DEFCD33E9FEDC93EA824C03E0E9EB63E73
:10B5F0003256AD3EB949A43E8C759B3EC9D6923EAB
:10B60000C46A8A3E012F823E6142743E557E643E8A
:10B61000D70D553E25ED453EBB18373E4E8D283E95
:10B62000C7471A3E43450C3E1206FD3D19FDE13D5C
:10B63000CC6AC73DA64AAD3D6698933D0EA0743DC9
:10B6400082DB423D00DC113D8E35C33CD545483C94
:10B65000FA7F4E3A41C52BBCCAEBB0BCE05805BDE1
:10B660001F9F31BD3F4D5DBDD13384BD387999BD3C
:10B67000CE78AEBD7634C3BDF7ADD7BD07E7EBBD21
:10B6800042E1FFBD1ACF09BEAB8F13BE06331DBE0C
:10B69000D7B926BEC22430BE607439BE49A942BEA5
:10B6A00009C44BBE28C554BE29AD5DBE877C66BEAD
:10B6B000B9336FBE32D377BEAF2D80BE536684BE22
:10B6C000B79388BE0BB68CBE7DCD90BE39DA94BEE2
:10B6D0006ADC98BE39D49CBECDC1A0BE4CA5A4BE28
:10B6E000DA7EA8BE9A4EACBEAE14B0BE36D1B3BEA2
:10B6F0005284B7BE202EBBBEBCCEBEBE4566C2BE07
:10B70000D3F4C5BE837AC9BE6EF7CCBEAB6BD0BED8
:10B7100054D7D3BE7F3AD7BE4395DABEB6E7DDBE77
:10B72000ED31E1BEFE73E4BEFBADE7BEF8DFEABE7D
:10B73000090AEEBE412CF1BEB146F4BE6B59F7BE0C
:10B740008164FABE0368FDBE013200BF48AC01BF90
:10B75000DD2203BFC99504BF120506BFC27007BF33
:10B76000DED808BF6F3D0ABF7B9E0BBF0BFC0CBF32
:10B7700023560EBFCCAC0FBF0C0011BFEA4F12BF57
:10B780006D9C13BF9AE514BF792B16BF106E17BFBF
:10B7900065AD18BF7EE919BF62221BBF17581CBFD9
:10B7A000A28A1DBF0BBA1EBF56E61FBF8A0F21BF5C
:10B7B000AD3522BFC55823BFD77824BFEA9525BF32
:10B7C00003B026BF28C727BF5EDB28BFACEC29BF6C
:10B7D00017FB2ABFA4062CBF5A0F2DBF3E152EBF44
:10B7E00055182FBFA61830BF351631BF081132BF0C
:10B7F000250933BF91FE33BF52F134BF6DE135BF30
:10B80000E8CE36BFC7B937BF11A238BFCB8739BF23
:10B81000FA6A3ABFA34B3BBFCD293CBF7C053DBF75
:10B82000B5DE3DBF7EB53EBFDD893FBFD55B40BFC6
:10B830006E2B41BFACF841BF93C342BF2A8C43BFBC
:10B84000765244BF7C1645BF40D845BFC99746BF16
:10B850001B5547BF3B1048BF2FC948BFFB7F49BF9F
:10B86000A5344ABF32E74ABFA6974BBF06464CBF36
:10B8700059F24CBFA29C4DBFE6444EBF2BEB4EBFCE
:10B88000758F4FBFCA3150BF2DD250BFA57051BF69
:10B89000350D52BFE3A752BFB24053BFA9D753BF24
:10B8A000CC6C54BF1F0055BFA79155BF682156BF30
:10B8B00068AF56BFAB3B57BF36C657BF0C4F58BFDC
:10B8C00033D658BFAF5B59BF84DF59BFB7615ABF8A
:10B8D0004CE25ABF48615BBFAFDE5BBF855A5CBFBD
:10B8E000CFD45CBF914D5DBFCEC45DBF8C3A5EBF0F
:10B8F000CFAE5EBF9A215FBFF1925FBFD90260BF3A
:10B90000577160BF6DDE60BF1F4A61BF73B461BF16
:10B910006B1D62BF0C8562BF59EB62BF575063BF9E
:10B9200009B463BF721664BF977764BF7CD764BFE6
:10B93000243665BF929365BFCBEF65BFD14A66BF22
:10B94000A9A466BF56FD66BFDC5467BF3DAB67BFA9
:10B950007E0068BFA15468BFABA768BF9EF968BFEF
:10B960007E4A69BF4E9A69BF12E969BFCC366ABF89
:10B9700080836ABF31CF6ABFE1196BBF95636BBF2C
:10B980004FAC6BBF13F46BBFE23A6CBFC1806CBFAE
:10B99000B2C56CBFB8096DBFD74C6DBF108F6DBFFE
:10B9A00066D06DBFDD106EBF78506EBF388F6EBF32
:10B9B00021CD6EBF360A6FBF78466FBFEC816FBF77
:10B9C00092BC6FBF000000009C534936A48C3837EE
:10B9D00082A8FB377B698A3890F90039931A5A3963
:10B9E000A27DAC39AC3C013AF855393AE694803A3C
:10B9F000F646AD3AB610E43A1310133B67623A3B91
:10BA00005796683B38328F3B3B3AAE3B7BBFD13BCE
:10BA10003F1EFA3B98DD133C19752D3C280C4A3C1F
:10BA2000EAD0693CF27C863CCEDE993C1C25AF3CDA
:10BA3000376DC63C63D2DF3CFC71FB3C96B20C3DDB
:10BA4000A8E41C3DE15D2E3DFD2D413D9E62553D2E
:10BA50007C0B6B3D2A1C813DEA7B8D3DDAAC9A3D27
:10BA60005FB7A83D55A3B73D9A78C73D0C3FD83D79
:10BA700093FFE93D94C2FC3D3848083E84B8123E2D
:10BA8000E5B61D3E8D47293EAD6E353EFD30423E4A
:10BA9000B0924F3E7C985D3E1B476C3E7BA27B3E46
:10BAA000EDD7853EB4398E3E12F9963E4018A03E41
:10BAB000BB99A93E0280B33E2DCDBD3EDC83C83E7E
:10BAC0008BA6D33EB937DF3E9F39EB3EFFAEF73E44
:10BAD0001A4D023FEFFE083F3DEE0F3F541C173F4B
:10BAE000728A1E3FE739263F022C2E3F1362363FF3
:10BAF0006ADD3E3F569F473F37A9503F5DFC593FA7
:10BB0000289A633FF9836D3F0EBB773F7520813FD5
:10BB10006E8B863F211F8C3F48DC913F93C3973F3C
:10BB2000B2D59D3F5E13A43F4E7DAA3F3414B13F72
:10BB3000C7D8B73FC9CBBE3FE9EDC53FEA3FCD3FD0
:10BB400083C2D43F6C76DC3F685CE43F2E75EC3FEB
:10BB50007FC1F43F2442FD3FE7FB02409F71074055
:10BB6000A3020C404FAF104003781540295D1A40E6
:10BB7000185F1F40397E2440F1BA2940A0152F409C
:10BB8000AC8E344078263A406ADD3F40EAB3454007
:10BB900058AA4B401EC15140A1F8574048515E4041
:10BBA00079CB64409D676B401C2672405F077940EB
:10BBB000E6058040E7998340E63F87401AF88A40CF
:10BBC000B5C28E40F19F9240FE8F964014939A40EA
:10BBD00069A99E4033D3A240A810A740FE61AB40A4
:10BBE0006BC7AF402741B44068CFB8406572BD40D5
:10BBF000542AC2406EF7C640EAD9CB4000D2D040AA
:10BC0000E7DFD540DA03DB400C3EE040B98EE5408B
:10BC100019F6EA406474F040D209F640A0B6FB4041
:10BC200080BD00419AAB0341B7A50641F6AB09417F
:10BC300075BE0C414EDD0F419E08134185401641F3
:10BC40001F85194188D61C41E034204142A0234180
:10BC5000CD1827419E9E2A41D3312E4189D23141B0
:10BC6000DF803541F33C3941E2063D41CADE4041C7
:10BC7000CBC4444101B948418BBB4C4189CC5041B4
:10BC800018EC5441561A594162575D415CA3614119
:10BC900062FE654193686A410DE26E41EF6A73414D
:10BCA0005A0378416BAB7C41A2B18041801583413E
:10BCB0006081854153F5874168718A41AEF58C41B9
:10BCC00036828F410F17924149B49441F5599741FB
:10BCD00021089A41DFBE9C413E7E9F414E46A241D3
:10BCE0001F17A541C2F0A74147D3AA41BDBEAD4130
:10BCF00035B3B041C1B0B3416EB7B6414FC7B941DA
:10BD000073E0BC41EC02C041C82EC3411A64C64175
:10BD1000F0A2C9415DEBCC41703DD0413B99D3418C
:10BD2000CDFED641386EDA418BE7DD41D96AE1417B
:10BD300032F8E441A68FE8414731EC4125DDEF417F
:10BD40005193F341DD53F741D81EFB4156F4FE41B8
:10BD5000326A01428C5F03423F5A0542565A0742FB
:10BD6000D85F0942CD6A0B42407B0D4238910F42A9
:10BD7000BEAC1142DACD134296F41542F9201842B6
:10BD80000E531A42DC8A1C426CC81E42C70B214269
:10BD9000F654234201A42542F2F82742D1532A4205
:10BDA000A7B42C427D1B2F425C8831424CFB3342AE
:10BDB0005774364286F33842E1783B4272043E4281
:10BDC0004096404200000000000000000102030411
:10BDD00006070809232D302B2000686C4C0065668F
:10BDE00067454647003031323334353637383941CC
:10BDF00042434445460030313233343536373839E2
:10BE00006162636465660000780100200000000044
:10BE10009CE674429CE674449CE674459CE6F445BA
:10BE20009CE674469CE6F4469CE674479CE6F44720
:10BE300000008842000004430000824300007B446D
:10BE400000007B4400007B4400007B4400007B44F6
:10BE50005DC0A93F1992973F1992973F1992973F5A
:10BE600096B34A3F2DB5DE3E2DB5DE3E2DB5DE3E06
:10BE70007479983E1E50063E1E50063E1E50063EE9
:10BE80000A0C1B3D1C476A3C1C476A3C1C476A3C29
:10BE90000000803C0000003C0000803B6F12833AB1
:10BEA0006F12833A6F12833A6F12833A6F12833A9A
:10BEB00015CD853B15CD853A15CD853915CD853800
:10BEC00018CD8537000000000000000000000000D1
:10BED0000000000000000000000000000000000062
:10BEE000000000000000000000000000ACBC7C3F2F
:10BEF0002A2E7F3F7ACB7F3FBCE57F3FDEF27F3F3C
:10BF00006FF97F3F6FF97F3F09FE7F3FD007000049
:10BF10000200FFFF0024F400000000000000000009
:10BF20000000000000000000000000000000000011
:10BF30000000000000000000000000000000000001
:10BF400000000000000000000000000000000000F1
:10BF500000000000000000000000000000000000E1
:10BF600000000000000000000000000000000000D1
:10BF70000000000000000000100100200000000090
:10BF800000000000000000000000000000000000B1
:10BF900000000000000000000000000000000000A1
:10BFA0000000000000000000000000000000000091
:10BFB0000000000000000000000000000000000081
:10BFC0000000000000000000000000000000000071
:10BFD0000000000000000000000000000000000061
:10BFE0000000000000000000000000000000000051
:10BFF0000000000000000000000000000000000041
:040000050802029952
:00000001FF
