row,module_id,instance_id,preview_render_mode,preview_tracer_enabled,preview_tracer_mode,total_draw_us,module_widget_draw_us,debug_submit_us,debug_overlay_us,gear_draw_us,eclipse_draw_us,eclipse_shadow_us,eclipse_shadow_count,aperture_draw_us,linear_point_draw_us,shape_glyph_draw_us,plasma_switch_draw_us,preview_draw_us,ch1_preview_draw_us,ch4_preview_draw_us,preview_framebuffer_us,ch1_preview_framebuffer_us,ch4_preview_framebuffer_us,plasma_switch_shadow_us,plasma_switch_image_ensure_us,plasma_switch_image_paint_us,plasma_switch_body_us,plasma_switch_orb_us,plasma_switch_image_creates,plasma_switch_image_fallbacks,plasma_switch_context_resets,preview_dirty_requests,preview_point_rebuilds,preview_tracer_captures,linear_point_dirty_requests,shape_glyph_dirty_requests,halo_dirty_draw_count,halo_active_draw_count,halo_dragging_draw_count,halo_nanovg_forced,halo_gl_surface_framebuffer_us,halo_nanovg_surface_draw_us,halo_center_framebuffer_us,halo_cap_reflection_framebuffer_us,halo_gl_surface_framebuffer_draws,halo_nanovg_surface_draws,halo_center_framebuffer_draws,halo_cap_reflection_framebuffer_draws,ui_step_ema_us,ui_draw_ema_us,preview_tracer_accepted_captures,history_draw_us,contour_draw_us,history_trails,history_submitted_points,ch1_history_draw_us,ch1_contour_draw_us,ch1_history_trails,ch1_history_submitted_points,ch4_history_draw_us,ch4_contour_draw_us,ch4_history_trails,ch4_history_submitted_points,history_rasterizations,ch1_history_rasterizations,ch4_history_rasterizations,halo_step_surface_us
0,1979052068,1,0,1,2,3590.200,3356.400,104.600,128.300,11.500,1.900,0.000,0,195.800,0.000,0.000,1.300,194.400,166.100,28.000,0.000,0.000,0.000,0.600,0.000,0.000,0.000,0.000,0,0,0,0,2,0,2,2,6,0,0,0,20552.900,0.000,0.000,0.000,6,0,0,0,38865.301,41860.500,0,0.500,25.500,0,0,0.300,15.000,0,0,0.200,10.500,0,0,0,0,0,38504.102
1,1979052068,1,0,1,2,23528.502,23520.701,0.800,6.200,1864.800,2037.600,0.000,0,2369.900,4.700,76.800,2105.300,51.500,27.900,23.100,0.000,0.000,0.000,363.600,1329.500,2.200,3.200,5.300,2,0,0,0,0,0,0,0,6,0,0,0,0.000,0.000,0.000,0.000,0,0,0,0,31873.756,38559.336,0,0.700,32.700,0,0,0.500,15.000,0,0,0.200,17.700,0,0,0,0,0,0.000
2,1979052068,1,0,1,2,141.000,138.100,0.300,2.400,5.700,2.100,0.000,0,17.800,0.000,0.000,22.000,31.500,18.500,12.800,0.000,0.000,0.000,0.700,0.400,1.100,2.000,5.000,0,0,0,0,0,0,0,0,0,0,0,0,0.000,0.000,0.000,0.000,0,0,0,0,26140.496,31643.514,0,0.100,20.100,0,0,0.100,10.400,0,0,0.000,9.700,0,0,0,0,0,0.000
3,1979052068,1,0,1,2,1440.300,1434.200,0.300,5.300,6.700,2.100,0.000,0,33.300,0.000,0.000,1.900,31.400,18.500,12.700,0.000,0.000,0.000,1.200,0.000,0.000,0.000,0.000,0,0,0,0,0,0,0,0,0,0,0,0,0.000,0.000,0.000,0.000,0,0,0,0,21440.281,26205.838,0,0.200,20.400,0,0,0.100,10.600,0,0,0.100,9.800,0,0,0,0,0,0.000
4,1979052068,1,0,1,2,240.100,235.600,0.200,3.600,11.000,3.500,0.000,0,66.700,0.000,0.000,2.500,42.900,25.300,17.300,0.000,0.000,0.000,1.400,0.000,0.000,0.000,0.000,0,0,0,0,0,0,0,0,0,0,0,0,0.000,0.000,0.000,0.000,0,0,0,0,17590.680,21531.195,0,0.400,25.300,0,0,0.300,13.300,0,0,0.100,12.000,0,0,0,0,0,0.000
5,1979052068,1,0,1,2,140.700,137.800,0.200,2.500,6.700,1.900,0.000,0,8.900,0.000,0.000,28.000,32.000,18.900,12.900,0.000,0.000,0.000,0.800,0.500,0.900,2.100,4.800,0,0,0,0,0,0,0,0,0,0,0,0,0.000,0.000,0.000,0.000,0,0,0,0,14428.406,17680.383,0,0.300,20.600,0,0,0.200,10.700,0,0,0.100,9.900,0,0,0,0,0,0.000
6,1979052068,1,0,1,2,725.200,722.000,0.200,2.600,6.700,3.200,0.000,0,20.900,0.000,0.000,1.500,609.600,395.200,214.100,41.400,27.500,13.500,0.800,0.000,0.000,0.000,0.000,0,0,0,0,0,0,0,0,0,0,0,0,0.000,0.000,0.000,0.000,0,0,0,0,11836.928,14627.874,0,0.300,592.600,0,0,0.100,384.300,0,0,0.200,208.300,0,0,0,0,0,0.000
7,1979052068,1,0,1,2,93.200,90.200,0.200,2.600,6.300,2.000,0.000,0,8.900,0.000,0.000,1.400,12.200,8.300,3.500,0.000,0.000,0.000,0.800,0.000,0.000,0.000,0.000,0,0,0,0,0,0,0,0,0,0,0,0,0.000,0.000,0.000,0.000,0,0,0,0,9711.159,12011.093,0,0.300,1.300,0,0,0.200,0.700,0,0,0.100,0.600,0,0,0,0,0,0.000
8,1979052068,1,0,1,2,139.600,136.300,0.200,2.800,6.800,2.300,0.000,0,18.300,0.000,0.000,31.400,14.900,11.200,3.400,0.000,0.000,0.000,0.900,0.600,1.300,2.000,4.500,0,0,0,0,0,0,0,0,0,0,0,0,0.000,0.000,0.000,0.000,0,0,0,0,7968.208,9873.631,0,0.300,1.300,0,0,0.200,0.700,0,0,0.100,0.600,0,0,0,0,0,0.000
9,1979052068,1,0,1,2,123.700,120.900,0.200,2.200,6.100,1.900,0.000,0,35.400,0.000,0.000,1.800,13.400,9.700,3.300,0.000,0.000,0.000,0.800,0.000,0.000,0.000,0.000,0,0,0,0,0,0,0,0,0,0,0,0,0.000,0.000,0.000,0.000,0,0,0,0,6538.737,8118.139,0,0.200,1.500,0,0,0.100,1.100,0,0,0.100,0.400,0,0,0,0,0,0.000
10,1979052068,1,0,1,2,97.400,94.600,0.300,2.300,7.100,2.500,0.000,0,9.200,0.000,0.000,1.700,12.900,9.300,3.400,0.000,0.000,0.000,0.800,0.000,0.000,0.000,0.000,0,0,0,0,0,0,0,0,0,0,0,0,0.000,0.000,0.000,0.000,0,0,0,0,5366.660,6673.902,0,0.300,1.300,0,0,0.200,0.800,0,0,0.100,0.500,0,0,0,0,0,0.000
11,1979052068,1,0,1,2,129.900,126.900,0.300,2.300,6.500,2.100,0.000,0,18.500,0.000,0.000,27.300,12.500,9.000,3.400,0.000,0.000,0.000,0.700,0.500,1.000,2.200,4.300,0,0,0,0,0,0,0,0,0,0,0,0,0.000,0.000,0.000,0.000,0,0,0,0,4404.909,5495.441,0,0.200,1.100,0,0,0.100,0.600,0,0,0.100,0.500,0,0,0,0,0,0.000
12,1979052068,1,0,1,2,116.000,113.400,0.200,2.200,5.700,1.900,0.000,0,31.200,0.000,0.000,1.600,12.200,8.600,3.400,0.000,0.000,0.000,0.700,0.000,0.000,0.000,0.000,0,0,0,0,0,0,0,0,0,0,0,0,0.000,0.000,0.000,0.000,0,0,0,0,3615.877,4526.674,0,0.100,1.200,0,0,0.100,0.700,0,0,0.000,0.500,0,0,0,0,0,0.000
13,1979052068,1,0,1,2,90.500,87.900,0.200,2.100,6.200,1.800,0.000,0,8.300,0.000,0.000,1.500,11.800,8.100,3.400,0.000,0.000,0.000,0.700,0.000,0.000,0.000,0.000,0,0,0,0,0,0,0,0,0,0,0,0,0.000,0.000,0.000,0.000,0,0,0,0,2968.871,3727.695,0,0.300,1.100,0,0,0.200,0.700,0,0,0.100,0.400,0,0,0,0,0,0.000
14,1979052068,1,0,1,2,127.700,124.600,0.200,2.600,6.100,1.900,0.000,0,17.600,0.000,0.000,27.000,12.200,8.700,3.300,0.000,0.000,0.000,0.700,0.600,1.000,2.100,4.500,0,0,0,0,0,0,0,0,0,0,0,0,0.000,0.000,0.000,0.000,0,0,0,0,2438.723,3079.137,0,0.400,1.100,0,0,0.300,0.600,0,0,0.100,0.500,0,0,0,0,0,0.000
15,1979052068,1,0,1,2,7972.500,7969.101,0.400,2.600,8.800,2.300,0.000,0,12.200,0.000,0.000,2.800,23.700,18.100,4.800,0.000,0.000,0.000,1.300,0.000,0.000,0.000,0.000,0,0,0,0,0,0,0,0,0,0,0,0,0.000,0.000,0.000,0.000,0,0,0,0,2003.623,3959.331,0,1.000,2.200,0,0,0.600,1.400,0,0,0.400,0.800,0,0,0,0,0,0.000
16,1979052068,1,0,1,2,116.400,114.100,0.200,1.900,5.600,1.700,0.000,0,16.100,0.000,0.000,25.200,11.300,8.100,3.100,0.000,0.000,0.000,0.800,0.300,0.800,1.900,4.300,0,0,0,0,0,0,0,0,0,0,0,0,0.000,0.000,0.000,0.000,0,0,0,0,1647.344,3267.189,0,0.200,1.000,0,0,0.200,0.600,0,0,0.000,0.400,0,0,0,0,0,0.000
17,1979052068,1,0,1,2,82.200,79.900,0.100,1.800,5.900,1.700,0.000,0,7.700,0.000,0.000,1.400,11.200,8.100,3.000,0.000,0.000,0.000,0.600,0.000,0.000,0.000,0.000,0,0,0,0,0,0,0,0,0,0,0,0,0.000,0.000,0.000,0.000,0,0,0,0,1354.980,2693.477,0,0.200,1.200,0,0,0.100,0.700,0,0,0.100,0.500,0,0,0,0,0,0.000
18,1979052068,1,0,1,2,134.200,131.600,0.200,2.300,6.400,1.900,0.000,0,34.400,0.000,0.000,1.500,27.900,24.300,3.500,0.000,0.000,0.000,0.800,0.000,0.000,0.000,0.000,0,0,0,0,0,0,0,0,0,0,0,0,0.000,0.000,0.000,0.000,0,0,0,0,1117.996,2232.339,0,0.300,1.600,0,0,0.200,1.200,0,0,0.100,0.400,0,0,0,0,0,0.000
19,1979052068,1,0,1,2,162.100,158.300,0.700,2.800,6.800,2.200,0.000,0,23.400,0.000,0.000,37.100,19.500,16.100,3.100,0.000,0.000,0.000,0.900,0.500,0.900,2.100,4.200,0,0,0,0,0,0,0,0,0,0,0,0,0.000,0.000,0.000,0.000,0,0,0,0,923.219,1859.012,0,1.500,1.200,0,0,1.400,0.800,0,0,0.100,0.400,0,0,0,0,0,0.000
20,1979052068,1,0,1,2,114.100,111.400,0.200,2.300,6.000,1.800,0.000,0,11.100,0.000,0.000,1.500,13.000,9.400,3.500,0.000,0.000,0.000,0.700,0.000,0.000,0.000,0.000,0,0,0,0,0,0,0,0,0,0,0,0,0.000,0.000,0.000,0.000,0,0,0,0,761.683,1544.442,0,0.200,1.300,0,0,0.200,0.800,0,0,0.000,0.500,0,0,0,0,0,0.000
21,1979052068,1,0,1,2,115.400,112.500,0.200,2.400,6.200,1.800,0.000,0,32.300,0.000,0.000,1.500,12.100,8.500,3.400,0.000,0.000,0.000,0.700,0.000,0.000,0.000,0.000,0,0,0,0,0,0,0,0,0,0,0,0,0.000,0.000,0.000,0.000,0,0,0,0,629.134,1286.692,0,0.300,1.200,0,0,0.200,0.700,0,0,0.100,0.500,0,0,0,0,0,0.000
22,1979052068,1,0,1,2,116.800,114.300,0.100,2.000,6.100,2.100,0.000,0,8.500,0.000,0.000,25.700,12.500,8.900,3.300,0.000,0.000,0.000,0.800,0.500,0.900,2.000,3.900,0,0,0,0,0,0,0,0,0,0,0,0,0.000,0.000,0.000,0.000,0,0,0,0,520.048,1075.661,0,0.300,1.100,0,0,0.200,0.700,0,0,0.100,0.400,0,0,0,0,0,0.000
23,1979052068,1,0,1,2,138.600,135.800,0.200,2.400,5.900,2.100,0.000,0,37.500,0.000,0.000,1.400,29.300,25.600,3.500,0.000,0.000,0.000,0.700,0.000,0.000,0.000,0.000,0,0,0,0,0,0,0,0,0,0,0,0,0.000,0.000,0.000,0.000,0,0,0,0,431.227,906.486,0,0.200,2.700,0,0,0.200,2.200,0,0,0.000,0.500,0,0,0,0,0,0.000
24,1979052068,1,0,1,2,108.400,106.000,0.300,2.000,5.500,2.200,0.000,0,29.700,0.000,0.000,1.400,11.100,7.900,3.000,0.000,0.000,0.000,0.800,0.000,0.000,0.000,0.000,0,0,0,0,0,0,0,0,0,0,0,0,0.000,0.000,0.000,0.000,0,0,0,0,357.585,762.399,0,0.200,1.100,0,0,0.100,0.700,0,0,0.100,0.400,0,0,0,0,0,0.000
25,1979052068,1,0,1,2,109.900,107.400,0.200,2.000,5.500,2.100,0.000,0,7.800,0.000,0.000,26.000,11.600,8.300,3.100,0.000,0.000,0.000,0.800,0.500,0.900,1.800,3.400,0,0,0,0,0,0,0,0,0,0,0,0,0.000,0.000,0.000,0.000,0,0,0,0,297.269,644.499,0,0.100,1.100,0,0,0.100,0.600,0,0,0.000,0.500,0,0,0,0,0,0.000
26,1979052068,1,0,1,2,104.500,102.100,0.100,2.000,5.700,1.700,0.000,0,29.400,0.000,0.000,1.500,11.100,7.800,3.200,0.000,0.000,0.000,0.700,0.000,0.000,0.000,0.000,0,0,0,0,0,0,0,0,0,0,0,0,0.000,0.000,0.000,0.000,0,0,0,0,247.901,546.867,0,0.300,1.000,0,0,0.200,0.600,0,0,0.100,0.400,0,0,0,0,0,0.000
27,1979052068,1,0,1,2,103.300,100.900,0.200,2.000,5.400,1.600,0.000,0,29.200,0.000,0.000,1.300,11.000,7.800,3.000,0.000,0.000,0.000,0.700,0.000,0.000,0.000,0.000,0,0,0,0,0,0,0,0,0,0,0,0,0.000,0.000,0.000,0.000,0,0,0,0,207.311,466.593,0,0.100,1.100,0,0,0.100,0.700,0,0,0.000,0.400,0,0,0,0,0,0.000
28,1979052068,1,0,1,2,153.500,150.000,0.100,2.900,9.000,2.700,0.000,0,11.900,0.000,0.000,34.400,15.900,11.300,4.200,0.000,0.000,0.000,1.100,0.500,1.200,2.500,5.600,0,0,0,0,0,0,0,0,0,0,0,0,0.000,0.000,0.000,0.000,0,0,0,0,175.629,409.606,0,0.400,1.400,0,0,0.300,0.800,0,0,0.100,0.600,0,0,0,0,0,0.000
29,1979052068,1,0,1,2,104.300,101.900,0.100,1.900,5.700,1.700,0.000,0,30.100,0.000,0.000,1.500,10.900,7.800,3.000,0.000,0.000,0.000,0.700,0.000,0.000,0.000,0.000,0,0,0,0,0,0,0,0,0,0,0,0,0.000,0.000,0.000,0.000,0,0,0,0,148.066,354.219,0,0.200,1.200,0,0,0.100,0.700,0,0,0.100,0.500,0,0,0,0,0,0.000
30,1979052068,1,0,1,2,115.400,112.800,0.200,2.100,5.900,2.000,0.000,0,37.300,0.000,0.000,1.500,12.200,8.600,3.400,0.000,0.000,0.000,0.700,0.000,0.000,0.000,0.000,0,0,0,0,0,0,0,0,0,0,0,0,0.000,0.000,0.000,0.000,0,0,0,0,126.058,310.764,0,0.100,1.200,0,0,0.100,0.800,0,0,0.000,0.400,0,0,0,0,0,0.000
31,1979052068,1,0,1,2,114.200,111.700,0.100,1.900,5.800,2.100,0.000,0,15.900,0.000,0.000,23.900,10.800,7.600,3.000,0.000,0.000,0.000,0.700,0.300,0.800,1.900,3.500,0,0,0,0,0,0,0,0,0,0,0,0,0.000,0.000,0.000,0.000,0,0,0,0,107.417,274.932,0,0.400,1.000,0,0,0.200,0.600,0,0,0.200,0.400,0,0,0,0,0,0.000
32,1979052068,1,0,1,2,82.400,79.600,0.200,2.300,5.300,1.800,0.000,0,7.700,0.000,0.000,1.200,11.100,7.900,3.000,0.000,0.000,0.000,0.700,0.000,0.000,0.000,0.000,0,0,0,0,0,0,0,0,0,0,0,0,0.000,0.000,0.000,0.000,0,0,0,0,92.168,239.772,0,0.300,1.400,0,0,0.200,1.000,0,0,0.100,0.400,0,0,0,0,0,0.000
33,1979052068,1,0,1,2,104.000,101.500,0.200,2.000,5.300,1.900,0.000,0,30.200,0.000,0.000,1.200,11.100,8.000,3.000,0.000,0.000,0.000,0.600,0.000,0.000,0.000,0.000,0,0,0,0,0,0,0,0,0,0,0,0,0.000,0.000,0.000,0.000,0,0,0,0,79.880,214.883,0,0.100,1.100,0,0,0.100,0.700,0,0,0.000,0.400,0,0,0,0,0,0.000
34,1979052068,1,0,1,2,113.300,111.000,0.200,1.900,5.200,2.000,0.000,0,15.600,0.000,0.000,24.000,11.200,8.000,2.900,0.000,0.000,0.000,0.700,0.500,1.000,1.900,3.400,0,0,0,0,0,0,0,0,0,0,0,0,0.000,0.000,0.000,0.000,0,0,0,0,69.732,196.184,0,0.200,0.900,0,0,0.100,0.500,0,0,0.100,0.400,0,0,0,0,0,0.000
35,1979052068,1,0,1,2,83.100,80.800,0.200,1.900,5.400,1.600,0.000,0,7.900,0.000,0.000,1.200,11.200,8.000,3.100,0.000,0.000,0.000,0.700,0.000,0.000,0.000,0.000,0,0,0,0,0,0,0,0,0,0,0,0,0.000,0.000,0.000,0.000,0,0,0,0,61.068,175.415,0,0.200,1.100,0,0,0.100,0.700,0,0,0.100,0.400,0,0,0,0,0,0.000
36,1979052068,1,0,1,2,104.400,102.200,0.100,1.900,5.900,1.700,0.000,0,30.100,0.000,0.000,1.300,11.100,7.900,2.900,0.000,0.000,0.000,0.700,0.000,0.000,0.000,0.000,0,0,0,0,0,0,0,0,0,0,0,0,0.000,0.000,0.000,0.000,0,0,0,0,54.162,162.236,0,0.200,1.100,0,0,0.100,0.700,0,0,0.100,0.400,0,0,0,0,0,0.000
37,1979052068,1,0,1,2,106.800,104.500,0.100,1.900,5.700,1.900,0.000,0,7.400,0.000,0.000,24.900,11.300,8.000,2.900,0.000,0.000,0.000,0.700,0.400,0.800,1.800,3.200,0,0,0,0,0,0,0,0,0,0,0,0,0.000,0.000,0.000,0.000,0,0,0,0,48.625,151.844,0,0.300,1.000,0,0,0.200,0.500,0,0,0.100,0.500,0,0,0,0,0,0.000
38,1979052068,1,0,1,2,105.900,103.500,0.200,2.000,5.700,2.000,0.000,0,30.400,0.000,0.000,1.200,11.100,8.000,3.000,0.000,0.000,0.000,0.600,0.000,0.000,0.000,0.000,0,0,0,0,0,0,0,0,0,0,0,0,0.000,0.000,0.000,0.000,0,0,0,0,43.850,143.142,0,0.200,1.100,0,0,0.200,0.700,0,0,0.000,0.400,0,0,0,0,0,0.000
39,1979052068,1,0,1,2,109.100,106.600,0.100,2.100,5.700,1.700,0.000,0,30.400,0.000,0.000,1.200,10.700,7.600,3.000,0.000,0.000,0.000,0.700,0.000,0.000,0.000,0.000,0,0,0,0,0,0,0,0,0,0,0,0,0.000,0.000,0.000,0.000,0,0,0,0,39.953,136.564,0,0.100,1.100,0,0,0.100,0.700,0,0,0.000,0.400,0,0,0,0,0,0.000
40,1979052068,1,0,1,2,103.700,101.500,0.200,1.800,5.400,2.000,0.000,0,7.700,0.000,0.000,23.600,10.900,7.800,3.000,0.000,0.000,0.000,0.800,0.500,0.900,1.800,3.500,0,0,0,0,0,0,0,0,0,0,0,0,0.000,0.000,0.000,0.000,0,0,0,0,36.614,130.253,0,0.100,1.000,0,0,0.100,0.600,0,0,0.000,0.400,0,0,0,0,0,0.000
41,1979052068,1,0,1,2,101.700,99.300,0.200,2.000,5.600,1.600,0.000,0,28.200,0.000,0.000,1.300,10.600,7.500,3.000,0.000,0.000,0.000,0.600,0.000,0.000,0.000,0.000,0,0,0,0,0,0,0,0,0,0,0,0,0.000,0.000,0.000,0.000,0,0,0,0,33.497,124.681,0,0.100,1.100,0,0,0.100,0.700,0,0,0.000,0.400,0,0,0,0,0,0.000
42,1979052068,1,0,1,2,105.400,102.700,0.100,2.300,5.700,1.800,0.000,0,30.000,0.000,0.000,1.900,11.300,8.100,3.000,0.000,0.000,0.000,0.800,0.000,0.000,0.000,0.000,0,0,0,0,0,0,0,0,0,0,0,0,0.000,0.000,0.000,0.000,0,0,0,0,31.338,120.725,0,0.200,1.100,0,0,0.200,0.700,0,0,0.000,0.400,0,0,0,0,0,0.000
43,1979052068,1,0,1,2,108.300,106.000,0.100,1.900,5.800,1.600,0.000,0,8.100,0.000,0.000,24.700,11.500,8.200,3.000,0.000,0.000,0.000,0.600,0.400,1.000,1.900,3.400,0,0,0,0,0,0,0,0,0,0,0,0,0.000,0.000,0.000,0.000,0,0,0,0,29.819,118.074,0,0.200,1.000,0,0,0.200,0.500,0,0,0.000,0.500,0,0,0,0,0,0.000
44,1979052068,1,0,1,2,105.200,102.600,0.200,2.100,5.600,2.100,0.000,0,29.500,0.000,0.000,1.500,11.200,8.000,3.000,0.000,0.000,0.000,0.800,0.000,0.000,0.000,0.000,0,0,0,0,0,0,0,0,0,0,0,0,0.000,0.000,0.000,0.000,0,0,0,0,28.699,115.289,0,0.200,1.100,0,0,0.100,0.700,0,0,0.100,0.400,0,0,0,0,0,0.000
45,1979052068,1,0,1,2,82.500,80.200,0.200,1.900,5.600,1.600,0.000,0,7.800,0.000,0.000,1.300,11.000,7.900,3.000,0.000,0.000,0.000,0.700,0.000,0.000,0.000,0.000,0,0,0,0,0,0,0,0,0,0,0,0,0.000,0.000,0.000,0.000,0,0,0,0,27.314,108.973,0,0.300,1.100,0,0,0.200,0.700,0,0,0.100,0.400,0,0,0,0,0,0.000
46,1979052068,1,0,1,2,117.700,115.300,0.200,2.000,5.300,1.600,0.000,0,15.500,0.000,0.000,24.300,15.300,12.100,3.000,0.000,0.000,0.000,0.700,0.500,0.900,1.700,3.500,0,0,0,0,0,0,0,0,0,0,0,0,0.000,0.000,0.000,0.000,0,0,0,0,26.645,110.112,0,0.200,0.900,0,0,0.100,0.500,0,0,0.100,0.400,0,0,0,0,0,0.000
47,1979052068,1,0,1,2,104.700,102.200,0.300,2.000,6.200,1.800,0.000,0,29.900,0.000,0.000,1.200,10.800,7.600,3.000,0.000,0.000,0.000,0.700,0.000,0.000,0.000,0.000,0,0,0,0,0,0,0,0,0,0,0,0,0.000,0.000,0.000,0.000,0,0,0,0,25.809,108.688,0,0.300,1.100,0,0,0.200,0.700,0,0,0.100,0.400,0,0,0,0,0,0.000
48,1979052068,1,0,1,2,80.600,78.200,0.100,1.900,5.700,1.800,0.000,0,7.300,0.000,0.000,1.400,10.600,7.500,3.000,0.000,0.000,0.000,0.600,0.000,0.000,0.000,0.000,0,0,0,0,0,0,0,0,0,0,0,0,0.000,0.000,0.000,0.000,0,0,0,0,24.817,103.200,0,0.200,1.000,0,0,0.200,0.600,0,0,0.000,0.400,0,0,0,0,0,0.000
49,1979052068,1,0,1,2,115.200,112.800,0.200,2.000,5.900,2.000,0.000,0,15.500,0.000,0.000,25.400,11.100,8.000,2.900,0.000,0.000,0.000,0.600,0.700,0.900,1.700,3.400,0,0,0,0,0,0,0,0,0,0,0,0,0.000,0.000,0.000,0.000,0,0,0,0,24.616,104.928,0,0.300,1.100,0,0,0.200,0.600,0,0,0.100,0.500,0,0,0,0,0,0.000
50,1979052068,1,0,1,2,105.500,103.200,0.200,1.900,5.400,1.800,0.000,0,30.300,0.000,0.000,1.700,11.000,7.800,3.000,0.000,0.000,0.000,1.100,0.000,0.000,0.000,0.000,0,0,0,0,0,0,0,0,0,0,0,0,0.000,0.000,0.000,0.000,0,0,0,0,24.199,104.617,0,0.200,1.100,0,0,0.200,0.700,0,0,0.000,0.400,0,0,0,0,0,0.000
51,1979052068,1,0,1,2,82.500,80.200,0.100,1.900,6.000,1.800,0.000,0,7.500,0.000,0.000,1.300,11.200,7.900,3.000,0.000,0.000,0.000,0.800,0.000,0.000,0.000,0.000,0,0,0,0,0,0,0,0,0,0,0,0,0.000,0.000,0.000,0.000,0,0,0,0,23.767,100.222,0,0.200,1.100,0,0,0.100,0.700,0,0,0.100,0.400,0,0,0,0,0,0.000
52,1979052068,1,0,1,2,150.500,147.500,0.200,2.500,6.300,1.900,0.000,0,21.800,0.000,0.000,26.800,28.600,9.700,18.700,0.000,0.000,0.000,0.800,0.600,1.100,2.100,3.900,0,0,0,0,0,0,0,0,0,0,0,0,0.000,0.000,0.000,0.000,0,0,0,0,23.827,108.732,0,0.200,1.000,0,0,0.100,0.600,0,0,0.100,0.400,0,0,0,0,0,0.000
53,1979052068,1,0,1,2,102.900,100.200,0.200,2.300,5.300,1.600,0.000,0,28.700,0.000,0.000,1.500,10.800,7.700,3.000,0.000,0.000,0.000,0.600,0.000,0.000,0.000,0.000,0,0,0,0,0,0,0,0,0,0,0,0,0.000,0.000,0.000,0.000,0,0,0,0,23.480,107.196,0,0.300,1.100,0,0,0.200,0.700,0,0,0.100,0.400,0,0,0,0,0,0.000
54,1979052068,1,0,1,2,112.100,109.800,0.200,1.900,5.300,1.700,0.000,0,15.900,0.000,0.000,23.700,10.600,7.500,2.900,0.000,0.000,0.000,0.700,0.400,0.700,1.800,3.500,0,0,0,0,0,0,0,0,0,0,0,0,0.000,0.000,0.000,0.000,0,0,0,0,23.430,107.665,0,0.200,0.800,0,0,0.200,0.500,0,0,0.000,0.300,0,0,0,0,0,0.000
55,1979052068,1,0,1,2,112.200,109.300,0.200,2.500,5.400,1.600,0.000,0,32.400,0.000,0.000,1.400,10.900,7.700,3.100,0.000,0.000,0.000,0.700,0.000,0.000,0.000,0.000,0,0,0,0,0,0,0,0,0,0,0,0,0.000,0.000,0.000,0.000,0,0,0,0,25.261,107.959,0,0.300,1.100,0,0,0.200,0.700,0,0,0.100,0.400,0,0,0,0,0,0.000
56,1979052068,1,0,1,2,105.900,103.400,0.100,2.200,5.800,1.800,0.000,0,29.500,0.000,0.000,1.400,11.000,7.800,3.000,0.000,0.000,0.000,0.900,0.000,0.000,0.000,0.000,0,0,0,0,0,0,0,0,0,0,0,0,0.000,0.000,0.000,0.000,0,0,0,0,24.746,107.139,0,0.300,1.200,0,0,0.200,0.800,0,0,0.100,0.400,0,0,0,0,0,0.000
57,1979052068,1,0,1,2,134.100,131.200,0.100,2.500,5.800,2.200,0.000,0,8.700,0.000,0.000,28.500,13.200,9.500,3.500,0.000,0.000,0.000,0.700,0.500,0.900,2.000,3.900,0,0,0,0,0,0,0,0,0,0,0,0,0.000,0.000,0.000,0.000,0,0,0,0,25.187,111.470,0,0.200,1.100,0,0,0.100,0.700,0,0,0.100,0.400,0,0,0,0,0,0.000
58,1979052068,1,0,1,2,114.100,111.200,0.200,2.400,6.200,1.900,0.000,0,32.200,0.000,0.000,1.300,11.400,8.200,3.100,0.000,0.000,0.000,0.700,0.000,0.000,0.000,0.000,0,0,0,0,0,0,0,0,0,0,0,0,0.000,0.000,0.000,0.000,0,0,0,0,24.542,111.421,0,0.100,1.100,0,0,0.100,0.700,0,0,0.000,0.400,0,0,0,0,0,0.000
59,1979052068,1,0,1,2,100.000,87.600,10.500,1.600,6.600,2.000,0.000,0,7.500,0.000,0.000,1.500,12.800,9.200,3.400,0.000,0.000,0.000,0.700,0.000,0.000,0.000,0.000,0,0,0,0,0,0,0,0,0,0,0,0,0.000,0.000,0.000,0.000,0,0,0,0,24.444,107.133,0,0.200,1.300,0,0,0.100,0.800,0,0,0.100,0.500,0,0,0,0,0,0.000
60,1979052068,1,0,1,2,122.100,119.800,0.100,1.900,5.800,1.800,0.000,0,16.500,0.000,0.000,26.700,12.900,9.700,3.000,0.000,0.000,0.000,0.700,0.400,0.900,1.900,3.600,0,0,0,0,0,0,0,0,0,0,0,0,0.000,0.000,0.000,0.000,0,0,0,0,24.292,109.413,0,0.200,0.900,0,0,0.200,0.500,0,0,0.000,0.400,0,0,0,0,0,0.000
61,1979052068,1,0,1,2,108.400,105.700,0.200,2.300,5.900,1.600,0.000,0,30.800,0.000,0.000,1.400,11.300,8.000,3.100,0.000,0.000,0.000,0.700,0.000,0.000,0.000,0.000,0,0,0,0,0,0,0,0,0,0,0,0,0.000,0.000,0.000,0.000,0,0,0,0,24.024,108.745,0,0.200,1.100,0,0,0.100,0.700,0,0,0.100,0.400,0,0,0,0,0,0.000
62,1979052068,1,0,1,2,99.300,96.600,0.200,2.400,6.600,2.000,0.000,0,12.200,0.000,0.000,1.700,12.400,8.800,3.400,0.000,0.000,0.000,0.900,0.000,0.000,0.000,0.000,0,0,0,0,0,0,0,0,0,0,0,0,0.000,0.000,0.000,0.000,0,0,0,0,24.091,106.559,0,0.200,1.200,0,0,0.100,0.800,0,0,0.100,0.400,0,0,0,0,0,0.000
63,1979052068,1,0,1,2,142.700,140.000,0.200,2.300,5.800,1.800,0.000,0,19.500,0.000,0.000,36.100,15.200,11.600,3.300,0.000,0.000,0.000,0.900,1.500,1.600,1.800,3.500,0,0,0,0,0,0,0,0,0,0,0,0,0.000,0.000,0.000,0.000,0,0,0,0,25.893,112.578,0,0.300,1.100,0,0,0.200,0.500,0,0,0.100,0.600,0,0,0,0,0,0.000
64,1979052068,1,0,1,2,128.300,125.700,0.300,2.200,6.700,2.200,0.000,0,39.000,0.000,0.000,1.800,15.600,11.800,3.500,0.000,0.000,0.000,0.800,0.000,0.000,0.000,0.000,0,0,0,0,0,0,0,0,0,0,0,0,0.000,0.000,0.000,0.000,0,0,0,0,25.102,114.940,0,0.300,1.100,0,0,0.200,0.700,0,0,0.100,0.400,0,0,0,0,0,0.000
65,1979052068,1,0,1,2,94.500,91.900,0.100,2.100,5.900,2.000,0.000,0,8.300,0.000,0.000,1.600,12.700,9.000,3.500,0.000,0.000,0.000,0.800,0.000,0.000,0.000,0.000,0,0,0,0,0,0,0,0,0,0,0,0,0.000,0.000,0.000,0.000,0,0,0,0,24.544,110.793,0,0.100,1.300,0,0,0.100,0.800,0,0,0.000,0.500,0,0,0,0,0,0.000
66,1979052068,1,0,1,2,134.100,131.200,0.200,2.400,6.600,2.100,0.000,0,17.800,0.000,0.000,27.400,12.600,8.900,3.400,0.000,0.000,0.000,0.800,0.500,0.900,2.200,4.000,0,0,0,0,0,0,0,0,0,0,0,0,0.000,0.000,0.000,0.000,0,0,0,0,24.554,114.466,0,0.300,1.000,0,0,0.200,0.600,0,0,0.100,0.400,0,0,0,0,0,0.000
67,1979052068,1,0,1,2,85.400,82.900,0.100,2.000,5.800,1.600,0.000,0,7.600,0.000,0.000,1.300,11.000,7.700,3.000,0.000,0.000,0.000,0.700,0.000,0.000,0.000,0.000,0,0,0,0,0,0,0,0,0,0,0,0,0.000,0.000,0.000,0.000,0,0,0,0,24.346,108.784,0,0.300,1.100,0,0,0.200,0.700,0,0,0.100,0.400,0,0,0,0,0,0.000
68,1979052068,1,0,1,2,106.900,104.300,0.200,2.200,5.400,1.700,0.000,0,30.000,0.000,0.000,1.200,11.400,8.200,3.100,0.000,0.000,0.000,0.700,0.000,0.000,0.000,0.000,0,0,0,0,0,0,0,0,0,0,0,0,0.000,0.000,0.000,0.000,0,0,0,0,24.086,107.977,0,0.200,1.400,0,0,0.200,1.000,0,0,0.000,0.400,0,0,0,0,0,0.000
69,1979052068,1,0,1,2,118.800,116.300,0.200,2.000,5.600,2.000,0.000,0,16.100,0.000,0.000,26.000,11.600,8.400,3.000,0.000,0.000,0.000,0.600,0.400,0.700,1.800,3.300,0,0,0,0,0,0,0,0,0,0,0,0,0.000,0.000,0.000,0.000,0,0,0,0,24.448,109.475,0,0.200,1.000,0,0,0.200,0.500,0,0,0.000,0.500,0,0,0,0,0,0.000
70,1979052068,1,0,1,2,96.000,93.200,0.200,2.300,6.100,2.000,0.000,0,8.900,0.000,0.000,1.600,13.200,9.300,3.600,0.000,0.000,0.000,0.700,0.000,0.000,0.000,0.000,0,0,0,0,0,0,0,0,0,0,0,0,0.000,0.000,0.000,0.000,0,0,0,0,24.494,106.546,0,0.200,1.200,0,0,0.100,0.700,0,0,0.100,0.500,0,0,0,0,0,0.000
71,1979052068,1,0,1,2,119.400,116.600,0.200,2.300,6.400,2.000,0.000,0,33.200,0.000,0.000,1.600,12.300,8.700,3.500,0.000,0.000,0.000,0.700,0.000,0.000,0.000,0.000,0,0,0,0,0,0,0,0,0,0,0,0,0.000,0.000,0.000,0.000,0,0,0,0,24.585,108.355,0,0.200,1.300,0,0,0.200,0.800,0,0,0.000,0.500,0,0,0,0,0,0.000
72,1979052068,1,0,1,2,117.400,114.800,0.200,2.100,5.800,1.800,0.000,0,16.100,0.000,0.000,24.000,11.400,7.900,3.100,0.000,0.000,0.000,0.700,0.500,0.800,1.800,3.300,0,0,0,0,0,0,0,0,0,0,0,0,0.000,0.000,0.000,0.000,0,0,0,0,25.146,109.515,0,0.100,1.000,0,0,0.100,0.500,0,0,0.000,0.500,0,0,0,0,0,0.000
73,1979052068,1,0,1,2,83.400,81.100,0.200,1.900,5.700,1.600,0.000,0,7.700,0.000,0.000,1.400,11.100,7.900,3.100,0.000,0.000,0.000,0.500,0.000,0.000,0.000,0.000,0,0,0,0,0,0,0,0,0,0,0,0,0.000,0.000,0.000,0.000,0,0,0,0,24.687,104.401,0,0.100,1.100,0,0,0.100,0.700,0,0,0.000,0.400,0,0,0,0,0,0.000
74,1979052068,1,0,1,2,131.200,128.400,0.100,2.300,6.600,2.000,0.000,0,45.000,0.000,0.000,1.400,12.700,9.200,3.400,0.000,0.000,0.000,0.700,0.000,0.000,0.000,0.000,0,0,0,0,0,0,0,0,0,0,0,0,0.000,0.000,0.000,0.000,0,0,0,0,24.294,108.721,0,0.300,1.200,0,0,0.200,0.700,0,0,0.100,0.500,0,0,0,0,0,0.000
75,1979052068,1,0,1,2,114.500,112.200,0.200,2.000,5.800,1.700,0.000,0,7.900,0.000,0.000,26.900,11.500,8.000,3.200,0.000,0.000,0.000,0.800,0.500,0.900,1.800,3.500,0,0,0,0,0,0,0,0,0,0,0,0,0.000,0.000,0.000,0.000,0,0,0,0,27.679,109.347,0,0.400,0.900,0,0,0.200,0.500,0,0,0.200,0.400,0,0,0,0,0,0.000
76,1979052068,1,0,1,2,107.200,104.700,0.100,2.000,5.200,2.000,0.000,0,30.900,0.000,0.000,1.500,11.300,8.000,3.000,0.000,0.000,0.000,0.600,0.000,0.000,0.000,0.000,0,0,0,0,0,0,0,0,0,0,0,0,0.000,0.000,0.000,0.000,0,0,0,0,26.855,108.510,0,0.200,1.100,0,0,0.100,0.700,0,0,0.100,0.400,0,0,0,0,0,0.000
77,1979052068,1,0,1,2,107.100,104.500,0.100,2.200,5.800,1.900,0.000,0,30.500,0.000,0.000,1.400,11.600,8.300,3.000,0.000,0.000,0.000,0.800,0.000,0.000,0.000,0.000,0,0,0,0,0,0,0,0,0,0,0,0,0.000,0.000,0.000,0.000,0,0,0,0,26.305,107.789,0,0.300,1.100,0,0,0.200,0.700,0,0,0.100,0.400,0,0,0,0,0,0.000
78,1979052068,1,0,1,2,122.800,120.400,0.200,2.000,6.000,2.000,0.000,0,16.400,0.000,0.000,27.600,12.400,8.900,3.200,0.000,0.000,0.000,0.800,0.400,0.900,1.800,3.500,0,0,0,0,0,0,0,0,0,0,0,0,0.000,0.000,0.000,0.000,0,0,0,0,26.232,110.059,0,0.200,1.100,0,0,0.200,0.600,0,0,0.000,0.500,0,0,0,0,0,0.000
79,1979052068,1,0,1,2,121.000,115.000,0.300,5.400,6.400,2.200,0.000,0,32.300,0.000,0.000,1.800,12.300,8.700,3.500,0.000,0.000,0.000,0.800,0.000,0.000,0.000,0.000,0,0,0,0,0,0,0,0,0,0,0,0,0.000,0.000,0.000,0.000,0,0,0,0,25.704,110.948,0,0.300,1.200,0,0,0.200,0.800,0,0,0.100,0.400,0,0,0,0,0,0.000
80,1979052068,1,0,1,2,88.800,86.200,0.200,2.200,6.700,2.400,0.000,0,8.500,0.000,0.000,1.900,11.800,8.500,3.100,0.000,0.000,0.000,0.700,0.000,0.000,0.000,0.000,0,0,0,0,0,0,0,0,0,0,0,0,0.000,0.000,0.000,0.000,0,0,0,0,25.775,106.493,0,0.100,1.200,0,0,0.100,0.800,0,0,0.000,0.400,0,0,0,0,0,0.000
81,1979052068,1,0,1,2,124.900,122.100,0.200,2.500,6.000,2.400,0.000,0,16.200,0.000,0.000,28.800,12.200,8.900,3.100,0.000,0.000,0.000,0.800,0.500,1.200,1.800,3.700,0,0,0,0,0,0,0,0,0,0,0,0,0.000,0.000,0.000,0.000,0,0,0,0,25.960,109.303,0,0.300,1.000,0,0,0.200,0.500,0,0,0.100,0.500,0,0,0,0,0,0.000
82,1979052068,1,0,1,2,90.000,87.300,0.200,2.200,6.600,1.700,0.000,0,8.500,0.000,0.000,1.500,12.300,8.800,3.400,0.000,0.000,0.000,0.900,0.000,0.000,0.000,0.000,0,0,0,0,0,0,0,0,0,0,0,0,0.000,0.000,0.000,0.000,0,0,0,0,25.895,105.342,0,0.300,1.500,0,0,0.200,0.800,0,0,0.100,0.700,0,0,0,0,0,0.000
83,1979052068,1,0,1,2,107.100,104.500,0.100,2.100,5.700,1.600,0.000,0,29.500,0.000,0.000,1.400,11.400,8.000,3.200,0.000,0.000,0.000,0.600,0.000,0.000,0.000,0.000,0,0,0,0,0,0,0,0,0,0,0,0,0.000,0.000,0.000,0.000,0,0,0,0,25.104,105.191,0,0.300,1.200,0,0,0.200,0.700,0,0,0.100,0.500,0,0,0,0,0,0.000
84,1979052068,1,0,1,2,117.400,115.000,0.300,1.900,5.800,1.700,0.000,0,16.000,0.000,0.000,24.200,11.900,8.600,3.000,0.000,0.000,0.000,0.800,0.400,0.800,1.800,3.300,0,0,0,0,0,0,0,0,0,0,0,0,0.000,0.000,0.000,0.000,0,0,0,0,24.743,106.956,0,0.300,1.000,0,0,0.200,0.600,0,0,0.100,0.400,0,0,0,0,0,0.000
85,1979052068,1,0,1,2,84.600,82.200,0.200,2.100,5.700,1.900,0.000,0,7.900,0.000,0.000,1.500,11.200,7.700,3.200,0.000,0.000,0.000,0.800,0.000,0.000,0.000,0.000,0,0,0,0,0,0,0,0,0,0,0,0,0.000,0.000,0.000,0.000,0,0,0,0,24.339,102.500,0,0.100,1.100,0,0,0.100,0.700,0,0,0.000,0.400,0,0,0,0,0,0.000
86,1979052068,1,0,1,2,106.500,103.700,0.200,2.400,5.600,1.500,0.000,0,29.400,0.000,0.000,1.400,11.600,8.200,3.000,0.000,0.000,0.000,0.500,0.000,0.000,0.000,0.000,0,0,0,0,0,0,0,0,0,0,0,0,0.000,0.000,0.000,0.000,0,0,0,0,24.098,102.716,0,0.300,1.500,0,0,0.200,1.100,0,0,0.100,0.400,0,0,0,0,0,0.000
87,1979052068,1,0,1,2,127.700,125.200,0.200,2.200,5.500,1.700,0.000,0,16.000,0.000,0.000,32.400,12.200,8.700,3.100,0.000,0.000,0.000,0.700,0.500,1.600,1.800,3.500,0,0,0,0,0,0,0,0,0,0,0,0,0.000,0.000,0.000,0.000,0,0,0,0,24.999,106.763,0,0.300,1.000,0,0,0.200,0.500,0,0,0.100,0.500,0,0,0,0,0,0.000
88,1979052068,1,0,1,2,85.700,83.500,0.200,1.900,5.500,1.600,0.000,0,7.400,0.000,0.000,1.400,11.200,7.900,3.100,0.000,0.000,0.000,0.600,0.000,0.000,0.000,0.000,0,0,0,0,0,0,0,0,0,0,0,0,0.000,0.000,0.000,0.000,0,0,0,0,24.783,102.576,0,0.200,1.100,0,0,0.200,0.700,0,0,0.000,0.400,0,0,0,0,0,0.000
89,1979052068,1,0,1,2,109.600,107.200,0.200,2.000,5.900,1.800,0.000,0,30.400,0.000,0.000,1.300,11.600,8.300,3.100,0.000,0.000,0.000,0.700,0.000,0.000,0.000,0.000,0,0,0,0,0,0,0,0,0,0,0,0,0.000,0.000,0.000,0.000,0,0,0,0,24.210,103.408,0,0.300,1.100,0,0,0.200,0.700,0,0,0.100,0.400,0,0,0,0,0,0.000
90,1979052068,1,0,1,2,110.900,108.600,0.100,1.800,5.900,1.900,0.000,0,7.600,0.000,0.000,25.000,11.500,8.000,3.100,0.000,0.000,0.000,0.800,0.400,0.900,1.900,3.400,0,0,0,0,0,0,0,0,0,0,0,0,0.000,0.000,0.000,0.000,0,0,0,0,23.920,104.343,0,0.200,1.100,0,0,0.100,0.500,0,0,0.100,0.600,0,0,0,0,0,0.000
91,1979052068,1,0,1,2,107.600,105.300,0.200,1.900,5.900,1.800,0.000,0,30.000,0.000,0.000,1.400,11.200,8.100,3.000,0.000,0.000,0.000,0.600,0.000,0.000,0.000,0.000,0,0,0,0,0,0,0,0,0,0,0,0,0.000,0.000,0.000,0.000,0,0,0,0,23.881,104.515,0,0.100,1.100,0,0,0.100,0.700,0,0,0.000,0.400,0,0,0,0,0,0.000
92,1979052068,1,0,1,2,108.000,105.700,0.100,1.900,5.900,1.900,0.000,0,30.200,0.000,0.000,1.300,10.800,7.700,3.000,0.000,0.000,0.000,0.500,0.000,0.000,0.000,0.000,0,0,0,0,0,0,0,0,0,0,0,0,0.000,0.000,0.000,0.000,0,0,0,0,23.542,104.728,0,0.100,1.100,0,0,0.100,0.700,0,0,0.000,0.400,0,0,0,0,0,0.000
93,1979052068,1,0,1,2,108.800,106.500,0.300,1.900,5.700,1.800,0.000,0,7.500,0.000,0.000,25.100,11.400,8.200,3.000,0.000,0.000,0.000,0.600,0.400,0.800,1.700,3.400,0,0,0,0,0,0,0,0,0,0,0,0,0.000,0.000,0.000,0.000,0,0,0,0,23.408,105.047,0,0.200,1.000,0,0,0.200,0.600,0,0,0.000,0.400,0,0,0,0,0,0.000
94,1979052068,1,0,1,2,106.700,104.400,0.200,2.000,5.700,1.900,0.000,0,28.900,0.000,0.000,1.300,11.300,7.700,3.400,0.000,0.000,0.000,0.600,0.000,0.000,0.000,0.000,0,0,0,0,0,0,0,0,0,0,0,0,0.000,0.000,0.000,0.000,0,0,0,0,22.885,104.931,0,0.200,1.100,0,0,0.100,0.700,0,0,0.100,0.400,0,0,0,0,0,0.000
95,1979052068,1,0,1,2,106.500,104.100,0.100,2.000,5.700,2.000,0.000,0,29.300,0.000,0.000,1.500,11.200,8.000,3.100,0.000,0.000,0.000,0.800,0.000,0.000,0.000,0.000,0,0,0,0,0,0,0,0,0,0,0,0,0.000,0.000,0.000,0.000,0,0,0,0,22.762,104.781,0,0.200,1.100,0,0,0.100,0.700,0,0,0.100,0.400,0,0,0,0,0,0.000
96,1979052068,1,0,1,2,111.700,109.300,0.200,2.100,5.600,1.600,0.000,0,7.900,0.000,0.000,25.300,11.900,8.500,3.200,0.000,0.000,0.000,0.700,0.500,0.900,2.300,3.500,0,0,0,0,0,0,0,0,0,0,0,0,0.000,0.000,0.000,0.000,0,0,0,0,22.661,105.595,0,0.300,1.100,0,0,0.200,0.500,0,0,0.100,0.600,0,0,0,0,0,0.000
97,1979052068,1,0,1,2,108.800,105.900,0.200,2.500,5.400,1.800,0.000,0,30.400,0.000,0.000,1.400,11.400,8.100,3.000,0.000,0.000,0.000,0.600,0.000,0.000,0.000,0.000,0,0,0,0,0,0,0,0,0,0,0,0,0.000,0.000,0.000,0.000,0,0,0,0,22.362,105.650,0,0.200,1.200,0,0,0.100,0.700,0,0,0.100,0.500,0,0,0,0,0,0.000
98,1979052068,1,0,1,2,107.600,105.300,0.100,1.900,5.800,1.800,0.000,0,30.100,0.000,0.000,1.400,11.300,7.800,3.400,0.000,0.000,0.000,0.700,0.000,0.000,0.000,0.000,0,0,0,0,0,0,0,0,0,0,0,0,0.000,0.000,0.000,0.000,0,0,0,0,22.117,105.587,0,0.100,1.100,0,0,0.100,0.700,0,0,0.000,0.400,0,0,0,0,0,0.000
99,1979052068,1,0,1,2,109.600,107.200,0.100,1.800,6.100,2.000,0.000,0,7.500,0.000,0.000,25.400,11.300,7.900,3.200,0.000,0.000,0.000,0.800,0.400,0.800,1.900,3.700,0,0,0,0,0,0,0,0,0,0,0,0,0.000,0.000,0.000,0.000,0,0,0,0,22.492,105.877,0,0.200,0.900,0,0,0.200,0.500,0,0,0.000,0.400,0,0,0,0,0,0.000
100,1979052068,1,0,1,2,108.300,105.800,0.200,2.000,5.700,1.700,0.000,0,30.400,0.000,0.000,1.500,11.300,7.800,3.200,0.000,0.000,0.000,0.800,0.000,0.000,0.000,0.000,0,0,0,0,0,0,0,0,0,0,0,0,0.000,0.000,0.000,0.000,0,0,0,0,23.339,105.863,0,0.300,1.200,0,0,0.200,0.700,0,0,0.100,0.500,0,0,0,0,0,0.000
101,1979052068,1,0,1,2,115.000,112.000,0.200,2.500,5.800,1.600,0.000,0,31.200,0.000,0.000,1.500,10.900,7.700,3.100,0.000,0.000,0.000,0.800,0.000,0.000,0.000,0.000,0,0,0,0,0,0,0,0,0,0,0,0,0.000,0.000,0.000,0.000,0,0,0,0,24.106,106.968,0,0.300,1.200,0,0,0.200,0.800,0,0,0.100,0.400,0,0,0,0,0,0.000
102,1979052068,1,0,1,2,126.100,123.300,0.200,2.300,5.700,2.000,0.000,0,17.200,0.000,0.000,24.600,11.200,7.700,3.300,0.000,0.000,0.000,0.600,0.400,1.200,1.700,3.400,0,0,0,0,0,0,0,0,0,0,0,0,0.000,0.000,0.000,0.000,0,0,0,0,24.501,109.908,0,0.200,1.200,0,0,0.200,0.500,0,0,0.000,0.700,0,0,0,0,0,0.000
103,1979052068,1,0,1,2,86.700,84.500,0.200,1.900,5.600,1.700,0.000,0,7.600,0.000,0.000,1.500,11.400,8.300,3.000,0.000,0.000,0.000,0.900,0.000,0.000,0.000,0.000,0,0,0,0,0,0,0,0,0,0,0,0,0.000,0.000,0.000,0.000,0,0,0,0,25.023,105.334,0,0.300,1.100,0,0,0.200,0.700,0,0,0.100,0.400,0,0,0,0,0,0.000
104,1979052068,1,0,1,2,108.600,105.800,0.200,2.400,5.200,1.600,0.000,0,31.200,0.000,0.000,1.300,11.000,7.700,3.100,0.000,0.000,0.000,0.500,0.000,0.000,0.000,0.000,0,0,0,0,0,0,0,0,0,0,0,0,0.000,0.000,0.000,0.000,0,0,0,0,24.857,105.418,0,0.100,1.100,0,0,0.100,0.700,0,0,0.000,0.400,0,0,0,0,0,0.000
105,1979052068,1,0,1,2,111.400,109.100,0.200,2.000,5.600,1.700,0.000,0,7.700,0.000,0.000,25.700,11.100,7.900,3.000,0.000,0.000,0.000,0.700,0.400,0.700,1.900,3.400,0,0,0,0,0,0,0,0,0,0,0,0,0.000,0.000,0.000,0.000,0,0,0,0,25.458,106.081,0,0.200,1.000,0,0,0.100,0.600,0,0,0.100,0.400,0,0,0,0,0,0.000
106,1979052068,1,0,1,2,111.900,109.000,0.100,2.400,5.700,1.800,0.000,0,29.500,0.000,0.000,1.400,10.600,7.400,3.000,0.000,0.000,0.000,0.700,0.000,0.000,0.000,0.000,0,0,0,0,0,0,0,0,0,0,0,0,0.000,0.000,0.000,0.000,0,0,0,0,25.214,106.606,0,0.200,1.100,0,0,0.100,0.700,0,0,0.100,0.400,0,0,0,0,0,0.000
107,1979052068,1,0,1,2,112.700,110.300,0.200,1.900,5.700,1.800,0.000,0,33.900,0.000,0.000,1.400,11.300,8.100,3.000,0.000,0.000,0.000,0.800,0.000,0.000,0.000,0.000,0,0,0,0,0,0,0,0,0,0,0,0,0.000,0.000,0.000,0.000,0,0,0,0,25.409,107.271,0,0.200,1.100,0,0,0.100,0.700,0,0,0.100,0.400,0,0,0,0,0,0.000
108,1979052068,1,0,1,2,138.900,135.700,0.200,2.700,6.500,2.100,0.000,0,8.600,0.000,0.000,27.500,13.000,9.100,3.600,0.000,0.000,0.000,0.900,0.400,0.900,2.000,3.800,0,0,0,0,0,0,0,0,0,0,0,0,0.000,0.000,0.000,0.000,0,0,0,0,27.316,112.388,0,0.400,1.100,0,0,0.300,0.600,0,0,0.100,0.500,0,0,0,0,0,0.000
109,1979052068,1,0,1,2,130.500,127.600,0.200,2.400,6.500,1.900,0.000,0,38.200,0.000,0.000,1.400,13.900,10.500,3.100,0.000,0.000,0.000,0.700,0.000,0.000,0.000,0.000,0,0,0,0,0,0,0,0,0,0,0,0,0.000,0.000,0.000,0.000,0,0,0,0,29.437,115.126,0,0.300,1.300,0,0,0.200,0.800,0,0,0.100,0.500,0,0,0,0,0,0.000
110,1979052068,1,0,1,2,155.300,152.200,0.200,2.600,7.900,1.900,0.000,0,43.200,0.000,0.000,1.700,13.600,9.600,3.600,0.000,0.000,0.000,0.800,0.000,0.000,0.000,0.000,0,0,0,0,0,0,0,0,0,0,0,0,0.000,0.000,0.000,0.000,0,0,0,0,32.418,121.800,0,0.300,1.300,0,0,0.200,0.800,0,0,0.100,0.500,0,0,0,0,0,0.000
111,1979052068,1,0,1,2,143.600,140.900,0.200,2.200,6.700,1.900,0.000,0,8.700,0.000,0.000,28.500,13.100,9.500,3.500,0.000,0.000,0.000,0.900,0.600,1.100,2.100,3.900,0,0,0,0,0,0,0,0,0,0,0,0,0.000,0.000,0.000,0.000,0,0,0,0,32.541,125.238,0,0.200,1.000,0,0,0.200,0.500,0,0,0.000,0.500,0,0,0,0,0,0.000
112,1979052068,1,0,1,2,138.000,135.000,0.300,2.400,6.900,2.100,0.000,0,36.700,0.000,0.000,1.800,13.700,9.900,3.500,0.000,0.000,0.000,0.900,0.000,0.000,0.000,0.000,0,0,0,0,0,0,0,0,0,0,0,0,0.000,0.000,0.000,0.000,0,0,0,0,32.660,126.995,0,0.200,1.500,0,0,0.100,1.000,0,0,0.100,0.500,0,0,0,0,0,0.000
113,1979052068,1,0,1,2,86.300,84.100,0.200,1.800,5.600,1.800,0.000,0,7.500,0.000,0.000,1.600,11.300,8.000,3.000,0.000,0.000,0.000,0.700,0.000,0.000,0.000,0.000,0,0,0,0,0,0,0,0,0,0,0,0,0.000,0.000,0.000,0.000,0,0,0,0,31.605,119.274,0,0.200,1.100,0,0,0.100,0.700,0,0,0.100,0.400,0,0,0,0,0,0.000
114,1979052068,1,0,1,2,117.000,114.500,0.100,2.000,5.500,1.800,0.000,0,15.600,0.000,0.000,26.100,12.100,8.900,2.900,0.000,0.000,0.000,0.700,0.400,0.900,1.800,3.800,0,0,0,0,0,0,0,0,0,0,0,0,0.000,0.000,0.000,0.000,0,0,0,0,30.956,118.415,0,0.300,0.900,0,0,0.200,0.500,0,0,0.100,0.400,0,0,0,0,0,0.000
115,1979052068,1,0,1,2,105.200,102.800,0.200,2.000,5.500,1.900,0.000,0,30.600,0.000,0.000,1.200,11.300,7.900,3.100,0.000,0.000,0.000,0.700,0.000,0.000,0.000,0.000,0,0,0,0,0,0,0,0,0,0,0,0,0.000,0.000,0.000,0.000,0,0,0,0,30.388,115.604,0,0.200,1.100,0,0,0.100,0.700,0,0,0.100,0.400,0,0,0,0,0,0.000
116,1979052068,1,0,1,2,83.200,80.800,0.100,1.900,5.900,1.700,0.000,0,7.600,0.000,0.000,1.400,11.600,8.400,3.100,0.000,0.000,0.000,0.700,0.000,0.000,0.000,0.000,0,0,0,0,0,0,0,0,0,0,0,0,0.000,0.000,0.000,0.000,0,0,0,0,30.084,109.339,0,0.200,1.100,0,0,0.200,0.700,0,0,0.000,0.400,0,0,0,0,0,0.000
117,1979052068,1,0,1,2,125.000,122.400,0.200,1.900,5.900,1.700,0.000,0,16.700,0.000,0.000,29.300,12.600,9.300,3.100,0.000,0.000,0.000,0.600,0.600,1.000,1.900,3.900,0,0,0,0,0,0,0,0,0,0,0,0,0.000,0.000,0.000,0.000,0,0,0,0,31.221,111.690,0,0.300,1.100,0,0,0.200,0.700,0,0,0.100,0.400,0,0,0,0,0,0.000
118,1979052068,1,0,1,2,111.100,108.400,0.100,2.200,5.600,1.600,0.000,0,32.200,0.000,0.000,1.600,11.400,8.100,3.000,0.000,0.000,0.000,0.900,0.000,0.000,0.000,0.000,0,0,0,0,0,0,0,0,0,0,0,0,0.000,0.000,0.000,0.000,0,0,0,0,30.389,111.098,0,0.200,1.100,0,0,0.100,0.700,0,0,0.100,0.400,0,0,0,0,0,0.000
119,1979052068,1,0,1,2,82.400,80.100,0.100,1.800,5.300,1.600,0.000,0,7.100,0.000,0.000,1.400,11.800,8.600,3.000,0.000,0.000,0.000,0.600,0.000,0.000,0.000,0.000,0,0,0,0,0,0,0,0,0,0,0,0,0.000,0.000,0.000,0.000,0,0,0,0,29.869,105.518,0,0.200,1.100,0,0,0.100,0.700,0,0,0.100,0.400,0,0,0,0,0,0.000
120,1979052068,1,0,1,2,247.800,229.200,0.200,18.000,10.200,26.300,0.000,0,31.000,0.000,0.000,38.700,18.800,13.200,5.400,0.000,0.000,0.000,1.200,0.700,1.500,3.000,7.500,0,0,0,0,0,0,0,0,0,0,0,0,0.000,0.000,0.000,0.000,0,0,0,0,31.963,127.781,0,0.500,1.800,0,0,0.400,1.000,0,0,0.100,0.800,0,0,0,0,0,0.000
121,1979052068,1,0,1,2,113.700,101.900,9.800,1.700,5.500,1.600,0.000,0,29.600,0.000,0.000,1.300,11.000,7.800,3.000,0.000,0.000,0.000,0.800,0.000,0.000,0.000,0.000,0,0,0,0,0,0,0,0,0,0,0,0,0.000,0.000,0.000,0.000,0,0,0,0,30.835,123.122,0,0.100,1.100,0,0,0.100,0.700,0,0,0.000,0.400,0,0,0,0,0,0.000
122,1979052068,1,0,1,2,124.900,122.500,0.200,2.000,6.300,1.700,0.000,0,16.500,0.000,0.000,29.100,12.300,8.900,3.100,0.000,0.000,0.000,0.800,0.600,1.000,1.900,3.800,0,0,0,0,0,0,0,0,0,0,0,0,0.000,0.000,0.000,0.000,0,0,0,0,31.477,123.010,0,0.300,1.000,0,0,0.200,0.600,0,0,0.100,0.400,0,0,0,0,0,0.000
123,1979052068,1,0,1,2,105.600,103.100,0.100,2.100,5.800,1.900,0.000,0,30.600,0.000,0.000,1.600,11.200,8.000,3.100,0.000,0.000,0.000,0.700,0.000,0.000,0.000,0.000,0,0,0,0,0,0,0,0,0,0,0,0,0.000,0.000,0.000,0.000,0,0,0,0,30.581,119.427,0,0.300,1.100,0,0,0.200,0.700,0,0,0.100,0.400,0,0,0,0,0,0.000
124,1979052068,1,0,1,2,104.700,102.400,0.200,2.000,5.500,1.700,0.000,0,29.700,0.000,0.000,1.400,11.100,7.700,3.100,0.000,0.000,0.000,0.700,0.000,0.000,0.000,0.000,0,0,0,0,0,0,0,0,0,0,0,0,0.000,0.000,0.000,0.000,0,0,0,0,29.865,116.362,0,0.200,1.100,0,0,0.200,0.700,0,0,0.000,0.400,0,0,0,0,0,0.000
125,1979052068,1,0,1,2,121.800,119.200,0.200,2.200,6.100,1.900,0.000,0,9.200,0.000,0.000,28.100,12.800,9.200,3.500,0.000,0.000,0.000,0.800,0.500,1.000,2.000,4.400,0,0,0,0,0,0,0,0,0,0,0,0,0.000,0.000,0.000,0.000,0,0,0,0,29.493,116.873,0,0.200,1.000,0,0,0.200,0.500,0,0,0.000,0.500,0,0,0,0,0,0.000
126,1979052068,1,0,1,2,105.900,103.200,0.300,2.200,5.500,1.700,0.000,0,30.600,0.000,0.000,1.200,11.300,8.100,3.100,0.000,0.000,0.000,0.600,0.000,0.000,0.000,0.000,0,0,0,0,0,0,0,0,0,0,0,0,0.000,0.000,0.000,0.000,0,0,0,0,29.098,114.412,0,0.200,1.100,0,0,0.200,0.700,0,0,0.000,0.400,0,0,0,0,0,0.000
127,1979052068,1,0,1,2,82.900,80.600,0.200,1.900,5.900,1.800,0.000,0,7.600,0.000,0.000,1.500,11.100,7.800,3.000,0.000,0.000,0.000,0.700,0.000,0.000,0.000,0.000,0,0,0,0,0,0,0,0,0,0,0,0,0.000,0.000,0.000,0.000,0,0,0,0,28.613,108.325,0,0.300,1.100,0,0,0.200,0.700,0,0,0.100,0.400,0,0,0,0,0,0.000
128,1979052068,1,0,1,2,114.400,112.100,0.100,1.900,5.500,1.700,0.000,0,15.500,0.000,0.000,25.500,11.400,8.300,3.000,0.000,0.000,0.000,0.700,0.500,0.900,1.800,3.900,0,0,0,0,0,0,0,0,0,0,0,0,0.000,0.000,0.000,0.000,0,0,0,0,28.700,109.005,0,0.200,0.900,0,0,0.200,0.500,0,0,0.000,0.400,0,0,0,0,0,0.000
129,1979052068,1,0,1,2,103.800,101.500,0.200,2.000,5.300,1.600,0.000,0,30.100,0.000,0.000,1.500,11.000,7.700,3.000,0.000,0.000,0.000,0.600,0.000,0.000,0.000,0.000,0,0,0,0,0,0,0,0,0,0,0,0,0.000,0.000,0.000,0.000,0,0,0,0,28.502,107.654,0,0.100,1.100,0,0,0.100,0.700,0,0,0.000,0.400,0,0,0,0,0,0.000
130,1979052068,1,0,1,2,82.700,80.400,0.200,1.900,5.500,1.800,0.000,0,7.700,0.000,0.000,1.300,11.600,8.400,3.100,0.000,0.000,0.000,0.700,0.000,0.000,0.000,0.000,0,0,0,0,0,0,0,0,0,0,0,0,0.000,0.000,0.000,0.000,0,0,0,0,28.268,102.748,0,0.300,1.100,0,0,0.200,0.700,0,0,0.100,0.400,0,0,0,0,0,0.000
131,1979052068,1,0,1,2,116.200,113.700,0.200,2.100,5.200,1.600,0.000,0,15.800,0.000,0.000,25.600,11.600,8.300,3.100,0.000,0.000,0.000,0.700,0.500,0.800,1.700,3.900,0,0,0,0,0,0,0,0,0,0,0,0,0.000,0.000,0.000,0.000,0,0,0,0,28.472,104.720,0,0.300,1.000,0,0,0.200,0.500,0,0,0.100,0.500,0,0,0,0,0,0.000
132,1979052068,1,0,1,2,104.100,101.700,0.200,2.000,5.500,1.900,0.000,0,29.800,0.000,0.000,1.500,11.100,7.900,3.100,0.000,0.000,0.000,0.800,0.000,0.000,0.000,0.000,0,0,0,0,0,0,0,0,0,0,0,0,0.000,0.000,0.000,0.000,0,0,0,0,28.189,104.176,0,0.100,1.100,0,0,0.100,0.700,0,0,0.000,0.400,0,0,0,0,0,0.000
133,1979052068,1,0,1,2,82.000,79.900,0.200,1.800,5.700,1.700,0.000,0,7.500,0.000,0.000,1.300,11.200,8.000,3.000,0.000,0.000,0.000,0.800,0.000,0.000,0.000,0.000,0,0,0,0,0,0,0,0,0,0,0,0,0.000,0.000,0.000,0.000,0,0,0,0,27.723,99.806,0,0.200,1.100,0,0,0.100,0.700,0,0,0.100,0.400,0,0,0,0,0,0.000
134,1979052068,1,0,1,2,112.500,110.200,0.200,1.900,5.400,1.700,0.000,0,16.000,0.000,0.000,24.100,11.100,7.900,3.000,0.000,0.000,0.000,0.600,0.500,0.800,1.700,4.000,0,0,0,0,0,0,0,0,0,0,0,0,0.000,0.000,0.000,0.000,0,0,0,0,27.179,101.677,0,0.100,1.000,0,0,0.100,0.600,0,0,0.000,0.400,0,0,0,0,0,0.000
135,1979052068,1,0,1,2,82.000,79.800,0.100,1.800,6.000,1.700,0.000,0,7.800,0.000,0.000,1.300,11.100,7.700,3.100,0.000,0.000,0.000,0.800,0.000,0.000,0.000,0.000,0,0,0,0,0,0,0,0,0,0,0,0,0.000,0.000,0.000,0.000,0,0,0,0,27.128,97.739,0,0.200,1.200,0,0,0.200,0.700,0,0,0.000,0.500,0,0,0,0,0,0.000
136,1979052068,1,0,1,2,104.700,102.400,0.100,1.900,5.900,1.700,0.000,0,29.800,0.000,0.000,1.300,11.000,7.800,3.100,0.000,0.000,0.000,0.600,0.000,0.000,0.000,0.000,0,0,0,0,0,0,0,0,0,0,0,0,0.000,0.000,0.000,0.000,0,0,0,0,27.231,98.578,0,0.200,1.200,0,0,0.100,0.700,0,0,0.100,0.500,0,0,0,0,0,0.000
137,1979052068,1,0,1,2,116.400,113.900,0.200,2.200,5.700,1.900,0.000,0,16.100,0.000,0.000,25.800,11.800,8.600,3.000,0.000,0.000,0.000,0.700,0.400,0.800,1.700,3.900,0,0,0,0,0,0,0,0,0,0,0,0,0.000,0.000,0.000,0.000,0,0,0,0,27.676,101.336,0,0.300,1.000,0,0,0.200,0.600,0,0,0.100,0.400,0,0,0,0,0,0.000
138,1979052068,1,0,1,2,82.500,80.000,0.200,1.900,6.200,1.700,0.000,0,8.000,0.000,0.000,1.600,11.200,7.900,3.100,0.000,0.000,0.000,0.700,0.000,0.000,0.000,0.000,0,0,0,0,0,0,0,0,0,0,0,0,0.000,0.000,0.000,0.000,0,0,0,0,27.356,97.496,0,0.200,1.100,0,0,0.100,0.700,0,0,0.100,0.400,0,0,0,0,0,0.000
139,1979052068,1,0,1,2,104.100,101.700,0.200,2.000,5.500,1.700,0.000,0,29.200,0.000,0.000,1.400,11.200,7.900,3.100,0.000,0.000,0.000,0.600,0.000,0.000,0.000,0.000,0,0,0,0,0,0,0,0,0,0,0,0,0.000,0.000,0.000,0.000,0,0,0,0,27.454,98.252,0,0.200,1.100,0,0,0.100,0.700,0,0,0.100,0.400,0,0,0,0,0,0.000
140,1979052068,1,0,1,2,115.700,113.300,0.200,2.000,5.800,1.800,0.000,0,16.000,0.000,0.000,25.900,11.400,8.100,3.000,0.000,0.000,0.000,0.800,0.500,0.800,1.700,4.000,0,0,0,0,0,0,0,0,0,0,0,0,0.000,0.000,0.000,0.000,0,0,0,0,27.786,100.961,0,0.200,1.100,0,0,0.100,0.600,0,0,0.100,0.500,0,0,0,0,0,0.000
141,1979052068,1,0,1,2,84.800,82.500,0.200,2.000,6.000,1.700,0.000,0,7.800,0.000,0.000,1.400,11.400,8.100,3.100,0.000,0.000,0.000,0.800,0.000,0.000,0.000,0.000,0,0,0,0,0,0,0,0,0,0,0,0,0.000,0.000,0.000,0.000,0,0,0,0,27.537,97.638,0,0.200,1.600,0,0,0.100,1.200,0,0,0.100,0.400,0,0,0,0,0,0.000
142,1979052068,1,0,1,2,103.900,101.400,0.200,2.200,5.600,1.700,0.000,0,29.500,0.000,0.000,1.300,11.000,7.800,3.100,0.000,0.000,0.000,0.700,0.000,0.000,0.000,0.000,0,0,0,0,0,0,0,0,0,0,0,0,0.000,0.000,0.000,0.000,0,0,0,0,27.314,98.315,0,0.200,1.200,0,0,0.100,0.700,0,0,0.100,0.500,0,0,0,0,0,0.000
143,1979052068,1,0,1,2,103.500,101.200,0.100,1.800,5.300,2.100,0.000,0,7.600,0.000,0.000,24.000,11.000,7.600,3.000,0.000,0.000,0.000,0.700,0.400,0.700,1.700,3.900,0,0,0,0,0,0,0,0,0,0,0,0,0.000,0.000,0.000,0.000,0,0,0,0,26.970,98.834,0,0.100,0.900,0,0,0.100,0.500,0,0,0.000,0.400,0,0,0,0,0,0.000
144,1979052068,1,0,1,2,105.600,103.200,0.200,1.900,5.600,1.800,0.000,0,29.900,0.000,0.000,1.600,11.500,8.100,3.100,0.000,0.000,0.000,0.700,0.000,0.000,0.000,0.000,0,0,0,0,0,0,0,0,0,0,0,0,0.000,0.000,0.000,0.000,0,0,0,0,27.029,99.620,0,0.200,1.100,0,0,0.100,0.700,0,0,0.100,0.400,0,0,0,0,0,0.000
145,1979052068,1,0,1,2,101.200,98.900,0.100,2.000,5.000,1.700,0.000,0,28.700,0.000,0.000,1.300,10.900,7.700,3.100,0.000,0.000,0.000,0.700,0.000,0.000,0.000,0.000,0,0,0,0,0,0,0,0,0,0,0,0,0.000,0.000,0.000,0.000,0,0,0,0,26.448,99.491,0,0.200,1.100,0,0,0.100,0.700,0,0,0.100,0.400,0,0,0,0,0,0.000
146,1979052068,1,0,1,2,140.500,137.200,0.300,2.600,6.600,2.000,0.000,0,10.100,0.000,0.000,34.700,17.200,13.400,3.600,0.000,0.000,0.000,1.100,0.500,1.400,2.500,5.600,0,0,0,0,0,0,0,0,0,0,0,0,0.000,0.000,0.000,0.000,0,0,0,0,28.023,106.278,0,0.400,1.300,0,0,0.400,0.800,0,0,0.000,0.500,0,0,0,0,0,0.000
147,1979052068,1,0,1,2,154.100,135.200,0.200,18.400,6.800,2.900,0.000,0,41.500,0.000,0.000,1.700,15.600,10.300,5.100,0.000,0.000,0.000,0.900,0.000,0.000,0.000,0.000,0,0,0,0,0,0,0,0,0,0,0,0,0.000,0.000,0.000,0.000,0,0,0,0,30.791,111.484,0,0.200,1.500,0,0,0.100,0.900,0,0,0.100,0.600,0,0,0,0,0,0.000
148,1979052068,1,0,1,2,117.700,115.000,0.200,2.300,6.000,1.900,0.000,0,32.700,0.000,0.000,1.600,12.600,9.000,3.500,0.000,0.000,0.000,0.700,0.000,0.000,0.000,0.000,0,0,0,0,0,0,0,0,0,0,0,0,0.000,0.000,0.000,0.000,0,0,0,0,30.523,112.117,0,0.200,1.200,0,0,0.100,0.700,0,0,0.100,0.500,0,0,0,0,0,0.000
149,1979052068,1,0,1,2,107.100,104.600,0.300,1.900,5.500,1.700,0.000,0,8.100,0.000,0.000,24.200,11.900,8.500,3.300,0.000,0.000,0.000,0.700,0.400,0.900,1.800,4.000,0,0,0,0,0,0,0,0,0,0,0,0,0.000,0.000,0.000,0.000,0,0,0,0,30.195,110.764,0,0.200,1.000,0,0,0.200,0.600,0,0,0.000,0.400,0,0,0,0,0,0.000
150,1979052068,1,0,1,2,112.400,109.800,0.200,2.100,5.900,1.800,0.000,0,33.800,0.000,0.000,1.500,12.400,9.000,3.100,0.000,0.000,0.000,0.600,0.000,0.000,0.000,0.000,0,0,0,0,0,0,0,0,0,0,0,0,0.000,0.000,0.000,0.000,0,0,0,0,30.448,110.590,0,0.200,1.200,0,0,0.100,0.800,0,0,0.100,0.400,0,0,0,0,0,0.000
151,1979052068,1,0,1,2,108.500,106.200,0.200,2.000,5.800,1.800,0.000,0,32.700,0.000,0.000,1.500,11.700,8.300,3.300,0.000,0.000,0.000,0.700,0.000,0.000,0.000,0.000,0,0,0,0,0,0,0,0,0,0,0,0,0.000,0.000,0.000,0.000,0,0,0,0,29.665,109.800,0,0.300,1.300,0,0,0.200,0.700,0,0,0.100,0.600,0,0,0,0,0,0.000
152,1979052068,1,0,1,2,115.900,113.700,0.200,1.900,5.700,1.700,0.000,0,16.100,0.000,0.000,25.200,11.300,8.100,2.900,0.000,0.000,0.000,0.800,0.400,0.900,1.800,4.400,0,0,0,0,0,0,0,0,0,0,0,0,0.000,0.000,0.000,0.000,0,0,0,0,29.437,110.502,0,0.300,1.000,0,0,0.200,0.600,0,0,0.100,0.400,0,0,0,0,0,0.000
153,1979052068,1,0,1,2,83.200,80.600,0.100,2.100,5.400,1.700,0.000,0,7.700,0.000,0.000,1.300,11.400,7.900,3.400,0.000,0.000,0.000,0.700,0.000,0.000,0.000,0.000,0,0,0,0,0,0,0,0,0,0,0,0,0.000,0.000,0.000,0.000,0,0,0,0,28.963,105.120,0,0.100,1.100,0,0,0.100,0.700,0,0,0.000,0.400,0,0,0,0,0,0.000
154,1979052068,1,0,1,2,104.500,102.200,0.200,2.000,5.400,1.600,0.000,0,29.400,0.000,0.000,1.300,11.300,8.000,3.100,0.000,0.000,0.000,0.700,0.000,0.000,0.000,0.000,0,0,0,0,0,0,0,0,0,0,0,0,0.000,0.000,0.000,0.000,0,0,0,0,28.591,104.594,0,0.200,1.100,0,0,0.200,0.700,0,0,0.000,0.400,0,0,0,0,0,0.000
155,1979052068,1,0,1,2,115.200,112.800,0.100,1.900,5.300,1.800,0.000,0,15.600,0.000,0.000,26.100,11.300,8.100,3.100,0.000,0.000,0.000,0.600,0.500,0.900,1.700,3.900,0,0,0,0,0,0,0,0,0,0,0,0,0.000,0.000,0.000,0.000,0,0,0,0,28.305,106.071,0,0.200,1.200,0,0,0.100,0.700,0,0,0.100,0.500,0,0,0,0,0,0.000
156,1979052068,1,0,1,2,83.400,81.100,0.200,1.800,5.500,1.800,0.000,0,7.900,0.000,0.000,1.600,11.500,8.200,3.000,0.000,0.000,0.000,0.700,0.000,0.000,0.000,0.000,0,0,0,0,0,0,0,0,0,0,0,0,0.000,0.000,0.000,0.000,0,0,0,0,27.854,101.576,0,0.300,1.100,0,0,0.200,0.700,0,0,0.100,0.400,0,0,0,0,0,0.000
157,1979052068,1,0,1,2,105.500,102.900,0.300,2.000,5.700,1.700,0.000,0,30.400,0.000,0.000,1.400,11.400,8.200,3.000,0.000,0.000,0.000,0.500,0.000,0.000,0.000,0.000,0,0,0,0,0,0,0,0,0,0,0,0,0.000,0.000,0.000,0.000,0,0,0,0,27.754,101.815,0,0.200,1.200,0,0,0.100,0.700,0,0,0.100,0.500,0,0,0,0,0,0.000
158,1979052068,1,0,1,2,125.700,123.100,0.100,2.200,6.300,1.900,0.000,0,8.300,0.000,0.000,27.200,19.000,15.300,3.500,0.000,0.000,0.000,0.800,0.500,1.100,2.100,4.400,0,0,0,0,0,0,0,0,0,0,0,0,0.000,0.000,0.000,0.000,0,0,0,0,28.231,105.646,0,0.100,1.200,0,0,0.100,0.700,0,0,0.000,0.500,0,0,0,0,0,0.000
159,1979052068,1,0,1,2,122.300,109.300,0.200,12.600,6.100,1.900,0.000,0,32.700,0.000,0.000,1.900,12.200,8.900,3.100,0.000,0.000,0.000,1.200,0.000,0.000,0.000,0.000,0,0,0,0,0,0,0,0,0,0,0,0,0.000,0.000,0.000,0.000,0,0,0,0,28.999,106.304,0,0.200,1.200,0,0,0.100,0.800,0,0,0.100,0.400,0,0,0,0,0,0.000
160,1979052068,1,0,1,2,104.600,102.100,0.100,2.000,5.500,1.700,0.000,0,29.200,0.000,0.000,1.500,11.400,8.200,3.000,0.000,0.000,0.000,0.800,0.000,0.000,0.000,0.000,0,0,0,0,0,0,0,0,0,0,0,0,0.000,0.000,0.000,0.000,0,0,0,0,28.585,105.547,0,0.300,1.100,0,0,0.200,0.700,0,0,0.100,0.400,0,0,0,0,0,0.000
161,1979052068,1,0,1,2,108.700,106.400,0.200,1.900,5.800,1.800,0.000,0,7.700,0.000,0.000,25.600,12.000,8.800,3.100,0.000,0.000,0.000,0.800,0.600,0.900,1.900,3.800,0,0,0,0,0,0,0,0,0,0,0,0,0.000,0.000,0.000,0.000,0,0,0,0,28.444,105.701,0,0.300,1.000,0,0,0.200,0.600,0,0,0.100,0.400,0,0,0,0,0,0.000
162,1979052068,1,0,1,2,156.400,153.100,0.200,2.800,8.700,2.800,0.000,0,39.000,0.000,0.000,2.300,16.700,11.500,4.900,0.000,0.000,0.000,1.200,0.000,0.000,0.000,0.000,0,0,0,0,0,0,0,0,0,0,0,0,0.000,0.000,0.000,0.000,0,0,0,0,29.786,114.232,0,0.300,1.700,0,0,0.300,1.100,0,0,0.000,0.600,0,0,0,0,0,0.000
163,1979052068,1,0,1,2,107.500,105.100,0.200,2.100,5.700,1.900,0.000,0,31.200,0.000,0.000,1.800,11.700,8.400,3.100,0.000,0.000,0.000,1.100,0.000,0.000,0.000,0.000,0,0,0,0,0,0,0,0,0,0,0,0,0.000,0.000,0.000,0.000,0,0,0,0,29.608,112.589,0,0.100,1.100,0,0,0.100,0.700,0,0,0.000,0.400,0,0,0,0,0,0.000
164,1979052068,1,0,1,2,144.000,141.400,0.200,2.100,8.700,2.000,0.000,0,8.600,0.000,0.000,43.700,13.500,9.600,3.700,0.000,0.000,0.000,0.900,0.500,0.900,2.200,4.300,0,0,0,0,0,0,0,0,0,0,0,0,0.000,0.000,0.000,0.000,0,0,0,0,30.345,117.775,0,0.300,1.300,0,0,0.200,0.600,0,0,0.100,0.700,0,0,0,0,0,0.000
165,1979052068,1,0,1,2,104.900,102.600,0.100,2.000,5.600,1.700,0.000,0,30.100,0.000,0.000,1.500,11.400,8.100,3.100,0.000,0.000,0.000,0.700,0.000,0.000,0.000,0.000,0,0,0,0,0,0,0,0,0,0,0,0,0.000,0.000,0.000,0.000,0,0,0,0,29.869,115.043,0,0.300,1.100,0,0,0.200,0.700,0,0,0.100,0.400,0,0,0,0,0,0.000
166,1979052068,1,0,1,2,82.700,80.300,0.200,2.000,5.400,1.700,0.000,0,8.100,0.000,0.000,1.400,11.200,8.000,3.000,0.000,0.000,0.000,0.600,0.000,0.000,0.000,0.000,0,0,0,0,0,0,0,0,0,0,0,0,0.000,0.000,0.000,0.000,0,0,0,0,29.514,108.789,0,0.200,1.200,0,0,0.100,0.700,0,0,0.100,0.500,0,0,0,0,0,0.000
167,1979052068,1,0,1,2,115.400,112.900,0.200,2.200,5.200,1.600,0.000,0,16.100,0.000,0.000,25.400,11.200,8.000,3.000,0.000,0.000,0.000,0.700,0.300,0.800,1.900,3.800,0,0,0,0,0,0,0,0,0,0,0,0,0.000,0.000,0.000,0.000,0,0,0,0,29.350,109.529,0,0.300,1.000,0,0,0.200,0.500,0,0,0.100,0.500,0,0,0,0,0,0.000
168,1979052068,1,0,1,2,102.800,100.300,0.100,1.900,5.300,1.800,0.000,0,28.700,0.000,0.000,1.400,10.600,7.500,2.900,0.000,0.000,0.000,0.700,0.000,0.000,0.000,0.000,0,0,0,0,0,0,0,0,0,0,0,0,0.000,0.000,0.000,0.000,0,0,0,0,29.071,107.868,0,0.100,1.100,0,0,0.100,0.700,0,0,0.000,0.400,0,0,0,0,0,0.000
169,1979052068,1,0,1,2,82.500,79.800,0.200,2.200,5.500,1.900,0.000,0,7.700,0.000,0.000,1.200,11.200,8.000,3.000,0.000,0.000,0.000,0.600,0.000,0.000,0.000,0.000,0,0,0,0,0,0,0,0,0,0,0,0,0.000,0.000,0.000,0.000,0,0,0,0,28.662,102.816,0,0.200,1.200,0,0,0.100,0.700,0,0,0.100,0.500,0,0,0,0,0,0.000
170,1979052068,1,0,1,2,110.300,107.900,0.200,2.000,5.200,1.900,0.000,0,15.200,0.000,0.000,23.600,10.800,7.700,2.900,0.000,0.000,0.000,0.700,0.400,0.800,1.900,3.900,0,0,0,0,0,0,0,0,0,0,0,0,0.000,0.000,0.000,0.000,0,0,0,0,28.093,103.731,0,0.200,0.900,0,0,0.100,0.500,0,0,0.100,0.400,0,0,0,0,0,0.000
171,1979052068,1,0,1,2,103.700,97.300,0.200,6.000,5.100,1.800,0.000,0,27.600,0.000,0.000,1.400,10.200,7.100,3.000,0.000,0.000,0.000,0.700,0.000,0.000,0.000,0.000,0,0,0,0,0,0,0,0,0,0,0,0,0.000,0.000,0.000,0.000,0,0,0,0,27.104,102.573,0,0.100,1.100,0,0,0.100,0.700,0,0,0.000,0.400,0,0,0,0,0,0.000
172,1979052068,1,0,1,2,79.900,77.700,0.200,1.900,5.700,1.800,0.000,0,7.100,0.000,0.000,1.400,10.900,7.600,3.000,0.000,0.000,0.000,0.700,0.000,0.000,0.000,0.000,0,0,0,0,0,0,0,0,0,0,0,0,0.000,0.000,0.000,0.000,0,0,0,0,26.401,98.096,0,0.600,1.100,0,0,0.500,0.600,0,0,0.100,0.500,0,0,0,0,0,0.000
173,1979052068,1,0,1,2,117.400,115.100,0.100,1.900,5.500,2.100,0.000,0,16.200,0.000,0.000,26.900,11.300,8.000,3.100,0.000,0.000,0.000,0.700,0.500,0.900,2.000,4.000,0,0,0,0,0,0,0,0,0,0,0,0,0.000,0.000,0.000,0.000,0,0,0,0,26.725,101.157,0,0.200,0.900,0,0,0.100,0.500,0,0,0.100,0.400,0,0,0,0,0,0.000
174,1979052068,1,0,1,2,104.000,101.600,0.200,1.900,5.600,1.800,0.000,0,29.800,0.000,0.000,1.300,10.800,7.700,3.000,0.000,0.000,0.000,0.700,0.000,0.000,0.000,0.000,0,0,0,0,0,0,0,0,0,0,0,0,0.000,0.000,0.000,0.000,0,0,0,0,26.721,101.237,0,0.100,1.100,0,0,0.100,0.700,0,0,0.000,0.400,0,0,0,0,0,0.000
175,1979052068,1,0,1,2,82.900,80.600,0.200,1.900,5.600,2.000,0.000,0,7.500,0.000,0.000,1.800,11.300,8.200,3.000,0.000,0.000,0.000,0.800,0.000,0.000,0.000,0.000,0,0,0,0,0,0,0,0,0,0,0,0,0.000,0.000,0.000,0.000,0,0,0,0,26.879,97.522,0,0.200,1.100,0,0,0.200,0.700,0,0,0.000,0.400,0,0,0,0,0,0.000
176,1979052068,1,0,1,2,116.900,114.600,0.200,2.000,5.600,1.900,0.000,0,15.500,0.000,0.000,25.900,11.800,8.400,3.200,0.000,0.000,0.000,0.700,0.500,0.900,1.800,3.800,0,0,0,0,0,0,0,0,0,0,0,0,0.000,0.000,0.000,0.000,0,0,0,0,27.099,100.596,0,0.200,0.900,0,0,0.200,0.500,0,0,0.000,0.400,0,0,0,0,0,0.000
177,1979052068,1,0,1,2,103.900,101.600,0.200,2.000,5.500,1.800,0.000,0,29.400,0.000,0.000,1.600,11.200,7.900,3.100,0.000,0.000,0.000,0.700,0.000,0.000,0.000,0.000,0,0,0,0,0,0,0,0,0,0,0,0,0.000,0.000,0.000,0.000,0,0,0,0,27.171,100.777,0,0.300,1.100,0,0,0.200,0.700,0,0,0.100,0.400,0,0,0,0,0,0.000
178,1979052068,1,0,1,2,80.400,78.200,0.200,1.800,5.300,1.600,0.000,0,7.800,0.000,0.000,1.300,10.600,7.400,3.000,0.000,0.000,0.000,0.700,0.000,0.000,0.000,0.000,0,0,0,0,0,0,0,0,0,0,0,0,0.000,0.000,0.000,0.000,0,0,0,0,26.456,96.713,0,0.300,1.000,0,0,0.200,0.600,0,0,0.100,0.400,0,0,0,0,0,0.000
179,1979052068,1,0,1,2,115.600,113.200,0.100,2.000,5.900,1.700,0.000,0,15.700,0.000,0.000,26.000,11.300,8.000,3.000,0.000,0.000,0.000,0.800,0.900,0.800,1.800,3.900,0,0,0,0,0,0,0,0,0,0,0,0,0.000,0.000,0.000,0.000,0,0,0,0,26.824,99.681,0,0.200,1.000,0,0,0.100,0.600,0,0,0.100,0.400,0,0,0,0,0,0.000
180,1979052068,1,0,1,2,81.800,79.500,0.200,1.800,5.300,1.900,0.000,0,7.500,0.000,0.000,1.400,11.000,7.700,3.000,0.000,0.000,0.000,0.700,0.000,0.000,0.000,0.000,0,0,0,0,0,0,0,0,0,0,0,0,0.000,0.000,0.000,0.000,0,0,0,0,26.766,96.048,0,0.200,1.100,0,0,0.100,0.700,0,0,0.100,0.400,0,0,0,0,0,0.000
181,1979052068,1,0,1,2,103.700,101.100,0.200,2.300,5.500,1.600,0.000,0,29.900,0.000,0.000,1.300,11.300,8.100,3.100,0.000,0.000,0.000,0.700,0.000,0.000,0.000,0.000,0,0,0,0,0,0,0,0,0,0,0,0,0.000,0.000,0.000,0.000,0,0,0,0,26.862,96.957,0,0.100,1.200,0,0,0.100,0.800,0,0,0.000,0.400,0,0,0,0,0,0.000
182,1979052068,1,0,1,2,141.000,128.100,10.600,2.100,6.200,1.900,0.000,0,18.200,0.000,0.000,27.000,12.900,9.100,3.600,0.000,0.000,0.000,0.700,0.900,1.000,2.100,4.600,0,0,0,0,0,0,0,0,0,0,0,0,0.000,0.000,0.000,0.000,0,0,0,0,26.725,102.563,0,0.300,1.100,0,0,0.200,0.600,0,0,0.100,0.500,0,0,0,0,0,0.000
183,1979052068,1,0,1,2,176.100,171.200,0.300,4.000,11.500,4.000,0.000,0,15.800,0.000,0.000,3.000,22.000,14.600,7.000,0.000,0.000,0.000,1.600,0.000,0.000,0.000,0.000,0,0,0,0,0,0,0,0,0,0,0,0,0.000,0.000,0.000,0.000,0,0,0,0,28.898,114.918,0,0.300,2.200,0,0,0.200,1.400,0,0,0.100,0.800,0,0,0,0,0,0.000
184,1979052068,1,0,1,2,334.500,326.700,0.500,6.500,17.000,5.600,0.000,0,87.100,0.000,0.000,9.500,32.100,20.700,10.700,0.000,0.000,0.000,7.300,0.000,0.000,0.000,0.000,0,0,0,0,0,0,0,0,0,0,0,0,0.000,0.000,0.000,0.000,0,0,0,0,30.771,153.039,0,0.600,3.300,0,0,0.400,2.000,0,0,0.200,1.300,0,0,0,0,0,0.000
185,1979052068,1,0,1,2,404.000,395.500,0.500,7.100,18.900,6.100,0.000,0,55.900,0.000,0.000,70.000,34.600,22.500,11.400,0.000,0.000,0.000,2.400,1.100,2.400,6.800,15.400,0,0,0,0,0,0,0,0,0,0,0,0,0.000,0.000,0.000,0.000,0,0,0,0,35.492,196.682,0,0.700,3.400,0,0,0.500,1.900,0,0,0.200,1.500,0,0,0,0,0,0.000
186,1979052068,1,0,1,2,322.700,313.700,0.500,7.500,46.200,6.500,0.000,0,26.100,0.000,0.000,5.200,36.300,23.700,11.900,0.000,0.000,0.000,2.600,0.000,0.000,0.000,0.000,0,0,0,0,0,0,0,0,0,0,0,0,0.000,0.000,0.000,0.000,0,0,0,0,38.823,217.745,0,0.600,3.500,0,0,0.500,2.100,0,0,0.100,1.400,0,0,0,0,0,0.000
187,1979052068,1,0,1,2,325.700,318.500,0.400,6.000,19.100,5.400,0.000,0,85.200,0.000,0.000,4.600,40.800,31.000,9.300,0.000,0.000,0.000,2.400,0.000,0.000,0.000,0.000,0,0,0,0,0,0,0,0,0,0,0,0,0.000,0.000,0.000,0.000,0,0,0,0,43.157,235.881,0,0.600,3.400,0,0,0.400,2.300,0,0,0.200,1.100,0,0,0,0,0,0.000
188,1979052068,1,0,1,2,416.500,407.900,0.500,7.200,17.700,6.400,0.000,0,23.700,0.000,0.000,80.600,39.300,27.700,11.000,0.000,0.000,0.000,2.700,1.200,3.400,6.500,13.900,0,0,0,0,0,0,0,0,0,0,0,0,0.000,0.000,0.000,0.000,0,0,0,0,45.829,266.844,0,1.200,3.100,0,0,1.000,1.700,0,0,0.200,1.400,0,0,0,0,0,0.000
189,1979052068,1,0,1,2,364.100,355.200,0.600,7.300,18.900,6.400,0.000,0,97.800,0.000,0.000,5.200,35.400,23.200,11.600,0.000,0.000,0.000,2.500,0.000,0.000,0.000,0.000,0,0,0,0,0,0,0,0,0,0,0,0,0.000,0.000,0.000,0.000,0,0,0,0,47.462,282.748,0,0.800,3.700,0,0,0.500,2.200,0,0,0.300,1.500,0,0,0,0,0,0.000
190,1979052068,1,0,1,2,391.400,382.200,0.600,7.700,19.200,6.400,0.000,0,98.800,0.000,0.000,5.300,37.300,24.600,12.000,0.000,0.000,0.000,2.600,0.000,0.000,0.000,0.000,0,0,0,0,0,0,0,0,0,0,0,0,0.000,0.000,0.000,0.000,0,0,0,0,50.043,300.650,0,0.600,4.000,0,0,0.400,2.200,0,0,0.200,1.800,0,0,0,0,0,0.000
191,1979052068,1,0,1,2,322.600,315.500,0.300,6.000,16.300,7.400,0.000,0,21.700,0.000,0.000,60.800,41.700,25.500,15.600,0.000,0.000,0.000,2.100,0.800,2.300,5.800,12.900,0,0,0,0,0,0,0,0,0,0,0,0,0.000,0.000,0.000,0.000,0,0,0,0,49.891,303.323,0,0.700,3.500,0,0,0.400,1.500,0,0,0.300,2.000,0,0,0,0,0,0.000
192,1979052068,1,0,1,2,296.400,289.300,0.500,5.900,15.900,5.000,0.000,0,78.800,0.000,0.000,4.100,29.100,19.300,9.300,0.000,0.000,0.000,1.900,0.000,0.000,0.000,0.000,0,0,0,0,0,0,0,0,0,0,0,0,0.000,0.000,0.000,0.000,0,0,0,0,49.623,300.799,0,0.500,3.000,0,0,0.400,1.900,0,0,0.100,1.100,0,0,0,0,0,0.000
193,1979052068,1,0,1,2,338.000,329.900,0.600,6.700,17.400,6.000,0.000,0,91.200,0.000,0.000,4.500,32.900,21.900,10.500,0.000,0.000,0.000,2.200,0.000,0.000,0.000,0.000,0,0,0,0,0,0,0,0,0,0,0,0,0.000,0.000,0.000,0.000,0,0,0,0,50.662,306.037,0,0.600,3.300,0,0,0.500,2.000,0,0,0.100,1.300,0,0,0,0,0,0.000
194,1979052068,1,0,1,2,350.400,342.700,0.400,6.500,16.100,5.300,0.000,0,47.900,0.000,0.000,60.000,31.100,20.500,10.100,0.000,0.000,0.000,2.000,0.800,2.400,5.700,13.000,0,0,0,0,0,0,0,0,0,0,0,0,0.000,0.000,0.000,0.000,0,0,0,0,51.497,312.636,0,0.600,2.900,0,0,0.400,1.500,0,0,0.200,1.400,0,0,0,0,0,0.000
195,1979052068,1,0,1,2,286.800,279.100,0.400,6.400,15.700,5.700,0.000,0,24.100,0.000,0.000,10.200,32.200,20.900,10.700,0.000,0.000,0.000,7.800,0.000,0.000,0.000,0.000,0,0,0,0,0,0,0,0,0,0,0,0,0.000,0.000,0.000,0.000,0,0,0,0,50.652,306.600,0,0.600,3.300,0,0,0.400,2.000,0,0,0.200,1.300,0,0,0,0,0,0.000
196,1979052068,1,0,1,2,298.500,290.400,0.600,6.600,15.000,5.200,0.000,0,85.800,0.000,0.000,3.900,28.000,18.300,9.300,0.000,0.000,0.000,1.900,0.000,0.000,0.000,0.000,0,0,0,0,0,0,0,0,0,0,0,0,0.000,0.000,0.000,0.000,0,0,0,0,49.796,303.684,0,0.600,2.800,0,0,0.400,1.700,0,0,0.200,1.100,0,0,0,0,0,0.000
197,1979052068,1,0,1,2,297.700,291.100,0.400,5.600,14.700,5.300,0.000,0,42.000,0.000,0.000,57.000,27.700,18.200,8.900,0.000,0.000,0.000,1.800,0.900,2.000,5.100,11.500,0,0,0,0,0,0,0,0,0,0,0,0,0.000,0.000,0.000,0.000,0,0,0,0,50.211,301.419,0,0.600,2.700,0,0,0.400,1.600,0,0,0.200,1.100,0,0,0,0,0,0.000
198,1979052068,1,0,1,2,245.500,238.600,0.400,5.700,15.000,5.100,0.000,0,20.900,0.000,0.000,4.000,28.900,19.200,9.300,0.000,0.000,0.000,2.100,0.000,0.000,0.000,0.000,0,0,0,0,0,0,0,0,0,0,0,0,0.000,0.000,0.000,0.000,0,0,0,0,49.489,290.111,0,0.500,2.900,0,0,0.300,1.700,0,0,0.200,1.200,0,0,0,0,0,0.000
199,1979052068,1,0,1,2,346.500,338.300,0.500,6.800,17.700,5.500,0.000,0,104.300,0.000,0.000,4.300,31.600,20.700,10.400,0.000,0.000,0.000,2.200,0.000,0.000,0.000,0.000,0,0,0,0,0,0,0,0,0,0,0,0,0.000,0.000,0.000,0.000,0,0,0,0,49.887,298.785,0,0.600,3.200,0,0,0.500,2.000,0,0,0.100,1.200,0,0,0,0,0,0.000
200,1979052068,1,0,1,2,237.100,231.900,0.300,4.400,11.400,3.700,0.000,0,33.000,0.000,0.000,45.500,21.800,14.500,6.900,0.000,0.000,0.000,1.400,0.700,1.600,4.300,9.100,0,0,0,0,0,0,0,0,0,0,0,0,0.000,0.000,0.000,0.000,0,0,0,0,48.107,286.746,0,0.400,2.000,0,0,0.200,1.200,0,0,0.200,0.800,0,0,0,0,0,0.000
201,1979052068,1,0,1,2,222.300,217.000,0.300,4.500,12.200,4.000,0.000,0,54.700,0.000,0.000,2.900,22.500,14.900,7.200,0.000,0.000,0.000,1.500,0.000,0.000,0.000,0.000,0,0,0,0,0,0,0,0,0,0,0,0,0.000,0.000,0.000,0.000,0,0,0,0,46.504,274.192,0,0.400,2.400,0,0,0.300,1.500,0,0,0.100,0.900,0,0,0,0,0,0.000
202,1979052068,1,0,1,2,365.000,357.200,0.400,6.600,18.000,5.700,0.000,0,50.900,0.000,0.000,75.400,32.300,21.000,10.700,0.000,0.000,0.000,2.200,1.100,2.400,6.300,13.600,0,0,0,0,0,0,0,0,0,0,0,0,0.000,0.000,0.000,0.000,0,0,0,0,48.537,289.133,0,0.700,3.000,0,0,0.500,1.600,0,0,0.200,1.400,0,0,0,0,0,0.000
203,1979052068,1,0,1,2,374.700,366.300,0.600,7.000,19.200,6.300,0.000,0,108.300,0.000,0.000,5.200,36.000,23.900,11.500,0.000,0.000,0.000,2.500,0.000,0.000,0.000,0.000,0,0,0,0,0,0,0,0,0,0,0,0,0.000,0.000,0.000,0.000,0,0,0,0,50.457,303.023,0,0.800,3.600,0,0,0.500,2.200,0,0,0.300,1.400,0,0,0,0,0,0.000
204,1979052068,1,0,1,2,381.000,372.700,0.400,6.900,17.200,6.200,0.000,0,54.800,0.000,0.000,72.700,34.900,22.800,11.600,0.000,0.000,0.000,2.300,1.000,2.600,6.400,14.700,0,0,0,0,0,0,0,0,0,0,0,0,0.000,0.000,0.000,0.000,0,0,0,0,50.914,315.565,0,0.700,3.400,0,0,0.400,1.900,0,0,0.300,1.500,0,0,0,0,0,0.000
205,1979052068,1,0,1,2,325.100,317.300,0.400,6.400,19.000,6.600,0.000,0,32.000,0.000,0.000,4.800,34.700,22.800,11.400,0.000,0.000,0.000,2.200,0.000,0.000,0.000,0.000,0,0,0,0,0,0,0,0,0,0,0,0,0.000,0.000,0.000,0.000,0,0,0,0,50.624,315.877,0,0.700,3.400,0,0,0.500,2.100,0,0,0.200,1.300,0,0,0,0,0,0.000
206,1979052068,1,0,1,2,305.400,298.100,0.500,6.100,15.000,5.000,0.000,0,77.100,0.000,0.000,4.100,28.100,18.400,9.200,0.000,0.000,0.000,2.000,0.000,0.000,0.000,0.000,0,0,0,0,0,0,0,0,0,0,0,0,0.000,0.000,0.000,0.000,0,0,0,0,50.152,312.677,0,0.500,2.800,0,0,0.300,1.700,0,0,0.200,1.100,0,0,0,0,0,0.000
207,1979052068,1,0,1,2,314.300,307.500,0.400,5.700,14.700,5.000,0.000,0,21.100,0.000,0.000,57.600,28.700,18.900,9.400,0.000,0.000,0.000,1.900,0.900,2.000,5.600,12.200,0,0,0,0,0,0,0,0,0,0,0,0,0.000,0.000,0.000,0.000,0,0,0,0,49.908,311.745,0,0.600,3.000,0,0,0.400,1.500,0,0,0.200,1.500,0,0,0,0,0,0.000
208,1979052068,1,0,1,2,222.600,217.300,0.300,4.500,11.900,3.900,0.000,0,54.700,0.000,0.000,3.100,22.500,14.900,7.200,0.000,0.000,0.000,1.400,0.000,0.000,0.000,0.000,0,0,0,0,0,0,0,0,0,0,0,0,0.000,0.000,0.000,0.000,0,0,0,0,47.945,294.745,0,0.500,2.400,0,0,0.300,1.400,0,0,0.200,1.000,0,0,0,0,0,0.000
209,1979052068,1,0,1,2,353.000,345.000,0.500,6.600,18.700,5.900,0.000,0,103.400,0.000,0.000,4.400,34.200,22.600,11.000,0.000,0.000,0.000,2.200,0.000,0.000,0.000,0.000,0,0,0,0,0,0,0,0,0,0,0,0,0.000,0.000,0.000,0.000,0,0,0,0,49.413,303.791,0,0.600,4.000,0,0,0.400,2.200,0,0,0.200,1.800,0,0,0,0,0,0.000
210,1979052068,1,0,1,2,113.000,110.600,0.100,2.000,6.400,2.100,0.000,0,8.000,0.000,0.000,27.100,12.000,8.500,3.300,0.000,0.000,0.000,0.600,0.500,1.100,2.300,4.200,0,0,0,0,0,0,0,0,0,0,0,0,0.000,0.000,0.000,0.000,0,0,0,0,45.774,269.017,0,0.300,1.100,0,0,0.200,0.700,0,0,0.100,0.400,0,0,0,0,0,0.000
211,1979052068,1,0,1,2,274.600,269.100,0.300,4.600,17.800,5.700,0.000,0,59.500,0.000,0.000,5.000,40.000,25.200,13.800,0.000,0.000,0.000,2.600,0.000,0.000,0.000,0.000,0,0,0,0,0,0,0,0,0,0,0,0,0.000,0.000,0.000,0.000,0,0,0,0,45.347,269.032,0,1.000,3.800,0,0,0.700,2.000,0,0,0.300,1.800,0,0,0,0,0,0.000
212,1979052068,1,0,1,2,390.700,382.700,0.500,6.700,17.700,5.900,0.000,0,51.400,0.000,0.000,64.300,32.500,21.400,10.600,0.000,0.000,0.000,2.200,1.000,2.400,6.400,14.000,0,0,0,0,0,0,0,0,0,0,0,0,0.000,0.000,0.000,0.000,0,0,0,0,47.103,289.492,0,0.600,3.000,0,0,0.400,1.700,0,0,0.200,1.300,0,0,0,0,0,0.000
213,1979052068,1,0,1,2,354.600,346.300,0.500,6.900,17.300,5.600,0.000,0,112.100,0.000,0.000,4.300,32.000,20.600,10.800,0.000,0.000,0.000,2.000,0.000,0.000,0.000,0.000,0,0,0,0,0,0,0,0,0,0,0,0,0.000,0.000,0.000,0.000,0,0,0,0,47.966,299.717,0,0.600,3.300,0,0,0.400,2.000,0,0,0.200,1.300,0,0,0,0,0,0.000
214,1979052068,1,0,1,2,370.000,362.100,0.400,6.600,17.200,5.600,0.000,0,61.700,0.000,0.000,67.500,33.100,22.000,10.600,0.000,0.000,0.000,2.200,1.500,2.300,6.300,14.000,0,0,0,0,0,0,0,0,0,0,0,0,0.000,0.000,0.000,0.000,0,0,0,0,49.646,310.946,0,0.600,3.200,0,0,0.400,1.800,0,0,0.200,1.400,0,0,0,0,0,0.000
215,1979052068,1,0,1,2,359.800,351.800,0.600,6.600,17.800,5.700,0.000,0,89.100,0.000,0.000,4.500,57.400,22.500,34.200,0.000,0.000,0.000,2.200,0.000,0.000,0.000,0.000,0,0,0,0,0,0,0,0,0,0,0,0,0.000,0.000,0.000,0.000,0,0,0,0,51.384,318.300,0,0.500,3.300,0,0,0.400,2.000,0,0,0.100,1.300,0,0,0,0,0,0.000
216,1979052068,1,0,1,2,403.800,395.400,0.400,7.000,37.900,6.100,0.000,0,55.100,0.000,0.000,69.900,34.900,22.800,11.500,0.000,0.000,0.000,2.500,1.200,2.600,6.700,15.100,0,0,0,0,0,0,0,0,0,0,0,0,0.000,0.000,0.000,0.000,0,0,0,0,52.341,332.178,0,0.600,3.200,0,0,0.400,1.800,0,0,0.200,1.400,0,0,0,0,0,0.000
217,1979052068,1,0,1,2,346.600,338.300,0.400,7.000,17.900,5.700,0.000,0,103.800,0.000,0.000,4.400,32.300,21.200,10.600,0.000,0.000,0.000,2.200,0.000,0.000,0.000,0.000,0,0,0,0,0,0,0,0,0,0,0,0,0.000,0.000,0.000,0.000,0,0,0,0,52.351,333.280,0,0.500,3.500,0,0,0.400,2.000,0,0,0.100,1.500,0,0,0,0,0,0.000
218,1979052068,1,0,1,2,310.300,302.600,0.500,6.400,17.900,6.000,0.000,0,24.200,0.000,0.000,4.400,32.000,20.900,10.600,0.000,0.000,0.000,2.200,0.000,0.000,0.000,0.000,0,0,0,0,0,0,0,0,0,0,0,0,0.000,0.000,0.000,0.000,0,0,0,0,52.126,327.758,0,0.600,3.300,0,0,0.400,2.000,0,0,0.200,1.300,0,0,0,0,0,0.000
219,1979052068,1,0,1,2,352.500,344.700,0.400,6.500,18.000,5.500,0.000,0,50.000,0.000,0.000,64.100,32.100,21.100,10.300,0.000,0.000,0.000,2.300,1.000,2.300,6.300,14.000,0,0,0,0,0,0,0,0,0,0,0,0,0.000,0.000,0.000,0.000,0,0,0,0,52.643,330.807,0,0.500,3.100,0,0,0.300,1.800,0,0,0.200,1.300,0,0,0,0,0,0.000
220,1979052068,1,0,1,2,271.200,263.900,0.400,6.100,17.900,5.800,0.000,0,23.800,0.000,0.000,4.800,32.700,21.400,10.700,0.000,0.000,0.000,2.400,0.000,0.000,0.000,0.000,0,0,0,0,0,0,0,0,0,0,0,0,0.000,0.000,0.000,0.000,0,0,0,0,52.564,318.764,0,0.600,3.200,0,0,0.400,1.900,0,0,0.200,1.300,0,0,0,0,0,0.000
221,1979052068,1,0,1,2,385.300,377.000,0.500,6.900,17.600,5.600,0.000,0,84.600,0.000,0.000,4.400,32.300,21.200,10.500,0.000,0.000,0.000,2.100,0.000,0.000,0.000,0.000,0,0,0,0,0,0,0,0,0,0,0,0,0.000,0.000,0.000,0.000,0,0,0,0,51.202,329.246,0,0.700,3.500,0,0,0.500,2.200,0,0,0.200,1.300,0,0,0,0,0,0.000
222,1979052068,1,0,1,2,383.700,375.200,0.600,6.900,17.300,5.600,0.000,0,52.400,0.000,0.000,64.700,32.700,21.200,10.900,0.000,0.000,0.000,2.200,1.000,2.300,6.200,13.600,0,0,0,0,0,0,0,0,0,0,0,0,0.000,0.000,0.000,0.000,0,0,0,0,51.634,337.518,0,0.600,3.100,0,0,0.400,1.800,0,0,0.200,1.300,0,0,0,0,0,0.000
223,1979052068,1,0,1,2,385.500,376.800,0.700,7.000,24.200,6.500,0.000,0,97.500,0.000,0.000,4.800,37.000,24.500,11.900,0.000,0.000,0.000,2.500,0.000,0.000,0.000,0.000,0,0,0,0,0,0,0,0,0,0,0,0,0.000,0.000,0.000,0.000,0,0,0,0,53.410,344.589,0,0.700,3.700,0,0,0.500,2.300,0,0,0.200,1.400,0,0,0,0,0,0.000
224,1979052068,1,0,1,2,128.700,126.000,0.200,2.200,6.200,2.000,0.000,0,17.900,0.000,0.000,26.900,12.800,8.800,3.600,0.000,0.000,0.000,0.900,0.600,0.900,2.200,4.500,0,0,0,0,0,0,0,0,0,0,0,0,0.000,0.000,0.000,0.000,0,0,0,0,48.854,305.243,0,0.400,1.000,0,0,0.200,0.500,0,0,0.200,0.500,0,0,0,0,0,0.000
225,1979052068,1,0,1,2,115.700,113.100,0.200,2.200,6.700,2.100,0.000,0,31.300,0.000,0.000,1.600,12.000,8.400,3.400,0.000,0.000,0.000,0.800,0.000,0.000,0.000,0.000,0,0,0,0,0,0,0,0,0,0,0,0,0.000,0.000,0.000,0.000,0,0,0,0,47.476,270.657,0,0.100,1.100,0,0,0.100,0.700,0,0,0.000,0.400,0,0,0,0,0,0.000
226,1979052068,1,0,1,2,94.500,91.900,0.200,2.300,6.900,2.100,0.000,0,8.500,0.000,0.000,1.700,12.200,8.600,3.500,0.000,0.000,0.000,0.800,0.000,0.000,0.000,0.000,0,0,0,0,0,0,0,0,0,0,0,0,0.000,0.000,0.000,0.000,0,0,0,0,45.987,238.481,0,0.300,1.200,0,0,0.200,0.700,0,0,0.100,0.500,0,0,0,0,0,0.000
227,1979052068,1,0,1,2,130.300,127.700,0.200,2.200,6.000,2.300,0.000,0,17.900,0.000,0.000,27.800,12.700,9.100,3.500,0.000,0.000,0.000,0.900,0.400,0.800,2.200,4.600,0,0,0,0,0,0,0,0,0,0,0,0,0.000,0.000,0.000,0.000,0,0,0,0,43.037,218.540,0,0.200,1.200,0,0,0.200,0.700,0,0,0.000,0.500,0,0,0,0,0,0.000
228,1979052068,1,0,1,2,117.800,115.200,0.200,2.300,6.700,2.000,0.000,0,32.600,0.000,0.000,1.600,12.800,9.000,3.600,0.000,0.000,0.000,0.900,0.000,0.000,0.000,0.000,0,0,0,0,0,0,0,0,0,0,0,0,0.000,0.000,0.000,0.000,0,0,0,0,39.952,199.939,0,0.200,1.200,0,0,0.200,0.700,0,0,0.000,0.500,0,0,0,0,0,0.000
229,1979052068,1,0,1,2,115.800,113.000,0.200,2.500,6.400,1.900,0.000,0,31.500,0.000,0.000,1.700,12.500,8.700,3.500,0.000,0.000,0.000,0.900,0.000,0.000,0.000,0.000,0,0,0,0,0,0,0,0,0,0,0,0,0.000,0.000,0.000,0.000,0,0,0,0,37.693,184.290,0,0.200,1.300,0,0,0.100,0.800,0,0,0.100,0.500,0,0,0,0,0,0.000
230,1979052068,1,0,1,2,191.000,186.700,0.200,3.700,10.400,3.100,0.000,0,28.200,0.000,0.000,36.500,17.800,12.300,5.300,0.000,0.000,0.000,1.100,0.700,1.300,2.800,7.200,0,0,0,0,0,0,0,0,0,0,0,0,0.000,0.000,0.000,0.000,0,0,0,0,37.892,184.724,0,0.400,1.800,0,0,0.300,0.900,0,0,0.100,0.900,0,0,0,0,0,0.000
231,1979052068,1,0,1,2,102.300,99.800,0.200,2.100,7.100,2.200,0.000,0,8.500,0.000,0.000,1.600,17.600,12.800,4.200,0.000,0.000,0.000,0.700,0.000,0.000,0.000,0.000,0,0,0,0,0,0,0,0,0,0,0,0,0.000,0.000,0.000,0.000,0,0,0,0,38.632,169.438,0,0.300,1.400,0,0,0.300,0.800,0,0,0.000,0.600,0,0,0,0,0,0.000
232,1979052068,1,0,1,2,125.300,122.700,0.300,2.100,6.300,1.700,0.000,0,40.900,0.000,0.000,2.100,14.500,11.200,3.200,0.000,0.000,0.000,1.200,0.000,0.000,0.000,0.000,0,0,0,0,0,0,0,0,0,0,0,0,0.000,0.000,0.000,0.000,0,0,0,0,39.040,161.025,0,0.400,1.100,0,0,0.300,0.700,0,0,0.100,0.400,0,0,0,0,0,0.000
233,1979052068,1,0,1,2,143.100,140.700,0.200,2.000,6.300,1.800,0.000,0,8.700,0.000,0.000,39.000,16.300,11.800,4.000,0.000,0.000,0.000,0.700,0.600,1.700,2.000,4.200,0,0,0,0,0,0,0,0,0,0,0,0,0.000,0.000,0.000,0.000,0,0,0,0,40.635,157.366,0,1.000,1.400,0,0,0.300,0.900,0,0,0.700,0.500,0,0,0,0,0,0.000
234,1979052068,1,0,1,2,324.900,320.800,0.200,3.400,20.900,6.500,0.000,0,62.300,0.000,0.000,15.300,37.200,24.400,12.200,0.000,0.000,0.000,2.400,0.000,0.000,0.000,0.000,0,0,0,0,0,0,0,0,0,0,0,0,0.000,0.000,0.000,0.000,0,0,0,0,44.192,186.784,0,0.800,4.100,0,0,0.500,2.200,0,0,0.300,1.900,0,0,0,0,0,0.000
235,1979052068,1,0,1,2,244.200,238.600,0.400,4.500,11.600,4.000,0.000,0,66.500,0.000,0.000,2.700,23.200,16.100,6.700,0.000,0.000,0.000,1.300,0.000,0.000,0.000,0.000,0,0,0,0,0,0,0,0,0,0,0,0,0.000,0.000,0.000,0.000,0,0,0,0,54.400,196.111,0,0.400,2.300,0,0,0.300,1.400,0,0,0.100,0.900,0,0,0,0,0,0.000
236,1979052068,1,0,1,2,374.400,339.200,28.400,6.100,15.400,5.100,0.000,0,22.400,0.000,0.000,65.200,30.000,20.100,9.400,0.000,0.000,0.000,2.000,0.900,2.000,5.400,12.300,0,0,0,0,0,0,0,0,0,0,0,0,0.000,0.000,0.000,0.000,0,0,0,0,53.482,221.867,0,0.500,2.800,0,0,0.300,1.500,0,0,0.200,1.300,0,0,0,0,0,0.000
237,1979052068,1,0,1,2,252.000,245.300,0.300,5.700,13.300,4.500,0.000,0,62.900,0.000,0.000,3.600,25.300,16.700,8.200,0.000,0.000,0.000,1.600,0.000,0.000,0.000,0.000,0,0,0,0,0,0,0,0,0,0,0,0,0.000,0.000,0.000,0.000,0,0,0,0,51.685,226.085,0,0.500,2.500,0,0,0.300,1.500,0,0,0.200,1.000,0,0,0,0,0,0.000
238,1979052068,1,0,1,2,137.200,134.400,0.400,2.300,7.700,2.100,0.000,0,43.300,0.000,0.000,2.400,14.700,10.900,3.500,0.000,0.000,0.000,1.300,0.000,0.000,0.000,0.000,0,0,0,0,0,0,0,0,0,0,0,0,0.000,0.000,0.000,0.000,0,0,0,0,53.506,209.582,0,0.300,1.300,0,0,0.200,0.900,0,0,0.100,0.400,0,0,0,0,0,0.000
239,1979052068,1,0,1,2,146.700,143.800,0.300,2.300,7.400,2.300,0.000,0,10.600,0.000,0.000,39.200,16.200,11.500,4.300,0.000,0.000,0.000,1.500,0.500,1.100,2.000,4.400,0,0,0,0,0,0,0,0,0,0,0,0,0.000,0.000,0.000,0.000,0,0,0,0,51.471,197.741,0,0.500,1.400,0,0,0.300,0.600,0,0,0.200,0.800,0,0,0,0,0,0.000
240,1979052068,1,0,1,2,118.800,116.100,0.100,2.300,6.500,2.000,0.000,0,32.300,0.000,0.000,1.800,12.600,8.800,3.600,0.000,0.000,0.000,0.900,0.000,0.000,0.000,0.000,0,0,0,0,0,0,0,0,0,0,0,0,0.000,0.000,0.000,0.000,0,0,0,0,51.476,183.046,0,0.300,1.200,0,0,0.200,0.800,0,0,0.100,0.400,0,0,0,0,0,0.000
241,1979052068,1,0,1,2,164.600,160.400,0.200,3.700,10.800,3.200,0.000,0,14.900,0.000,0.000,3.400,23.500,16.900,6.200,0.000,0.000,0.000,1.900,0.000,0.000,0.000,0.000,0,0,0,0,0,0,0,0,0,0,0,0,0.000,0.000,0.000,0.000,0,0,0,0,53.784,178.969,0,0.700,2.100,0,0,0.600,1.300,0,0,0.100,0.800,0,0,0,0,0,0.000
242,1979052068,1,0,1,2,144.900,141.900,0.200,2.600,7.000,2.100,0.000,0,19.900,0.000,0.000,33.700,14.800,10.800,3.700,0.000,0.000,0.000,1.100,0.700,1.100,2.000,4.600,0,0,0,0,0,0,0,0,0,0,0,0,0.000,0.000,0.000,0.000,0,0,0,0,50.943,172.297,0,0.400,1.200,0,0,0.200,0.700,0,0,0.200,0.500,0,0,0,0,0,0.000
243,1979052068,1,0,1,2,142.000,139.100,0.200,2.300,7.000,2.000,0.000,0,38.100,0.000,0.000,1.900,13.700,9.800,3.500,0.000,0.000,0.000,0.700,0.000,0.000,0.000,0.000,0,0,0,0,0,0,0,0,0,0,0,0,0.000,0.000,0.000,0.000,0,0,0,0,48.073,166.321,0,0.300,1.300,0,0,0.200,0.800,0,0,0.100,0.500,0,0,0,0,0,0.000
244,1979052068,1,0,1,2,172.600,169.700,0.100,2.400,15.800,5.100,0.000,0,13.200,0.000,0.000,3.900,28.500,18.300,9.800,0.000,0.000,0.000,1.900,0.000,0.000,0.000,0.000,0,0,0,0,0,0,0,0,0,0,0,0,0.000,0.000,0.000,0.000,0,0,0,0,47.808,166.930,0,0.500,3.400,0,0,0.400,1.800,0,0,0.100,1.600,0,0,0,0,0,0.000
245,1979052068,1,0,1,2,138.100,135.400,0.100,2.300,6.800,2.200,0.000,0,19.100,0.000,0.000,31.800,13.700,10.000,3.600,0.000,0.000,0.000,0.900,0.500,0.900,2.000,4.600,0,0,0,0,0,0,0,0,0,0,0,0,0.000,0.000,0.000,0.000,0,0,0,0,45.791,161.254,0,0.300,1.100,0,0,0.200,0.600,0,0,0.100,0.500,0,0,0,0,0,0.000
246,1979052068,1,0,1,2,123.300,120.600,0.200,2.300,6.600,1.900,0.000,0,35.700,0.000,0.000,1.700,13.500,9.900,3.400,0.000,0.000,0.000,0.700,0.000,0.000,0.000,0.000,0,0,0,0,0,0,0,0,0,0,0,0,0.000,0.000,0.000,0.000,0,0,0,0,43.452,153.937,0,0.200,1.300,0,0,0.100,0.800,0,0,0.100,0.500,0,0,0,0,0,0.000
247,1979052068,1,0,1,2,193.000,187.400,0.300,4.600,12.600,4.100,0.000,0,17.400,0.000,0.000,3.400,23.400,15.200,7.800,0.000,0.000,0.000,1.600,0.000,0.000,0.000,0.000,0,0,0,0,0,0,0,0,0,0,0,0,0.000,0.000,0.000,0.000,0,0,0,0,43.011,159.960,0,0.400,2.300,0,0,0.300,1.300,0,0,0.100,1.000,0,0,0,0,0,0.000
248,1979052068,1,0,1,2,290.100,287.600,0.200,2.000,15.100,5.100,0.000,0,30.800,0.000,0.000,57.500,29.000,19.300,9.200,0.000,0.000,0.000,2.000,1.000,2.000,5.600,12.000,0,0,0,0,0,0,0,0,0,0,0,0,0.000,0.000,0.000,0.000,0,0,0,0,44.683,182.935,0,0.500,2.700,0,0,0.300,1.500,0,0,0.200,1.200,0,0,0,0,0,0.000
249,1979052068,1,0,1,2,81.300,79.100,0.100,1.900,5.300,1.900,0.000,0,7.400,0.000,0.000,1.300,11.000,7.700,3.100,0.000,0.000,0.000,0.700,0.000,0.000,0.000,0.000,0,0,0,0,0,0,0,0,0,0,0,0,0.000,0.000,0.000,0.000,0,0,0,0,41.464,164.245,0,0.300,1.100,0,0,0.200,0.700,0,0,0.100,0.400,0,0,0,0,0,0.000
250,1979052068,1,0,1,2,263.600,257.300,0.300,5.300,14.300,4.500,0.000,0,63.100,0.000,0.000,3.900,27.200,18.100,8.700,0.000,0.000,0.000,2.000,0.000,0.000,0.000,0.000,0,0,0,0,0,0,0,0,0,0,0,0,0.000,0.000,0.000,0.000,0,0,0,0,40.805,180.995,0,0.500,2.700,0,0,0.300,1.700,0,0,0.200,1.000,0,0,0,0,0,0.000
251,1979052068,1,0,1,2,402.700,394.900,0.500,6.500,26.800,6.100,0.000,0,54.200,0.000,0.000,78.800,33.300,22.200,10.500,0.000,0.000,0.000,3.700,1.700,3.200,6.700,14.000,0,0,0,0,0,0,0,0,0,0,0,0,0.000,0.000,0.000,0.000,0,0,0,0,47.086,219.498,0,0.600,2.900,0,0,0.400,1.600,0,0,0.200,1.300,0,0,0,0,0,0.000
252,1979052068,1,0,1,2,347.400,339.000,0.500,7.100,17.100,5.700,0.000,0,105.600,0.000,0.000,4.400,32.100,20.600,10.800,0.000,0.000,0.000,2.100,0.000,0.000,0.000,0.000,0,0,0,0,0,0,0,0,0,0,0,0,0.000,0.000,0.000,0.000,0,0,0,0,47.322,241.008,0,0.600,3.400,0,0,0.400,2.100,0,0,0.200,1.300,0,0,0,0,0,0.000
253,1979052068,1,0,1,2,117.100,114.400,0.300,2.100,6.500,1.900,0.000,0,32.500,0.000,0.000,1.700,12.600,8.900,3.500,0.000,0.000,0.000,0.800,0.000,0.000,0.000,0.000,0,0,0,0,0,0,0,0,0,0,0,0,0.000,0.000,0.000,0.000,0,0,0,0,44.690,218.219,0,0.300,1.300,0,0,0.200,0.800,0,0,0.100,0.500,0,0,0,0,0,0.000
254,1979052068,1,0,1,2,130.000,127.400,0.200,2.200,6.500,2.400,0.000,0,9.200,0.000,0.000,31.600,14.300,10.500,3.500,0.000,0.000,0.000,0.800,0.600,1.000,2.100,4.800,0,0,0,0,0,0,0,0,0,0,0,0,0.000,0.000,0.000,0.000,0,0,0,0,42.910,201.871,0,0.200,1.100,0,0,0.100,0.600,0,0,0.100,0.500,0,0,0,0,0,0.000
255,1979052068,1,0,1,2,127.700,124.900,0.200,2.300,7.100,2.300,0.000,0,37.300,0.000,0.000,1.900,13.600,9.900,3.600,0.000,0.000,0.000,0.800,0.000,0.000,0.000,0.000,0,0,0,0,0,0,0,0,0,0,0,0,0.000,0.000,0.000,0.000,0,0,0,0,42.818,188.016,0,0.300,1.300,0,0,0.200,0.900,0,0,0.100,0.400,0,0,0,0,0,0.000
256,1979052068,1,0,1,2,97.200,94.500,0.200,2.200,6.800,2.100,0.000,0,9.200,0.000,0.000,1.700,13.100,9.400,3.600,0.000,0.000,0.000,0.700,0.000,0.000,0.000,0.000,0,0,0,0,0,0,0,0,0,0,0,0,0.000,0.000,0.000,0.000,0,0,0,0,43.877,171.183,0,0.300,1.400,0,0,0.200,0.900,0,0,0.100,0.500,0,0,0,0,0,0.000
257,1979052068,1,0,1,2,139.500,136.500,0.300,2.400,6.900,2.000,0.000,0,21.700,0.000,0.000,29.100,13.600,9.800,3.600,0.000,0.000,0.000,0.800,0.600,1.000,2.100,4.500,0,0,0,0,0,0,0,0,0,0,0,0,0.000,0.000,0.000,0.000,0,0,0,0,41.829,164.940,0,0.300,1.100,0,0,0.100,0.600,0,0,0.200,0.500,0,0,0,0,0,0.000
258,1979052068,1,0,1,2,135.100,132.000,0.300,2.400,7.000,2.100,0.000,0,47.700,0.000,0.000,1.600,13.100,9.300,3.500,0.000,0.000,0.000,0.800,0.000,0.000,0.000,0.000,0,0,0,0,0,0,0,0,0,0,0,0,0.000,0.000,0.000,0.000,0,0,0,0,39.988,159.011,0,0.300,1.300,0,0,0.200,0.800,0,0,0.100,0.500,0,0,0,0,0,0.000
259,1979052068,1,0,1,2,117.500,114.800,0.200,2.200,15.300,2.000,0.000,0,8.900,0.000,0.000,1.800,12.500,8.800,3.500,0.000,0.000,0.000,1.000,0.000,0.000,0.000,0.000,0,0,0,0,0,0,0,0,0,0,0,0,0.000,0.000,0.000,0.000,0,0,0,0,40.350,151.053,0,0.200,1.400,0,0,0.200,0.900,0,0,0.000,0.500,0,0,0,0,0,0.000
260,1979052068,1,0,1,2,127.000,124.400,0.200,2.200,5.900,1.900,0.000,0,17.700,0.000,0.000,26.100,12.600,8.700,3.800,0.000,0.000,0.000,0.700,0.500,1.000,2.000,4.300,0,0,0,0,0,0,0,0,0,0,0,0,0.000,0.000,0.000,0.000,0,0,0,0,38.379,146.256,0,0.100,1.500,0,0,0.100,0.600,0,0,0.000,0.900,0,0,0,0,0,0.000
261,1979052068,1,0,1,2,124.000,121.300,0.200,2.200,6.700,1.900,0.000,0,35.800,0.000,0.000,1.600,13.200,9.400,3.500,0.000,0.000,0.000,0.800,0.000,0.000,0.000,0.000,0,0,0,0,0,0,0,0,0,0,0,0,0.000,0.000,0.000,0.000,0,0,0,0,36.979,141.764,0,0.300,1.300,0,0,0.200,0.900,0,0,0.100,0.400,0,0,0,0,0,0.000
262,1979052068,1,0,1,2,83.200,80.900,0.100,1.900,5.900,1.800,0.000,0,7.800,0.000,0.000,1.500,11.600,8.400,3.000,0.000,0.000,0.000,0.700,0.000,0.000,0.000,0.000,0,0,0,0,0,0,0,0,0,0,0,0,0.000,0.000,0.000,0.000,0,0,0,0,35.777,130.808,0,0.300,1.600,0,0,0.200,1.100,0,0,0.100,0.500,0,0,0,0,0,0.000
263,1979052068,1,0,1,2,375.000,367.100,0.400,6.400,17.800,5.500,0.000,0,52.900,0.000,0.000,63.600,32.000,21.100,10.400,0.000,0.000,0.000,2.200,0.900,2.400,6.300,13.500,0,0,0,0,0,0,0,0,0,0,0,0,0.000,0.000,0.000,0.000,0,0,0,0,38.499,173.341,0,0.600,3.000,0,0,0.400,1.700,0,0,0.200,1.300,0,0,0,0,0,0.000
264,1979052068,1,0,1,2,84.900,82.600,0.200,2.000,6.100,1.800,0.000,0,8.400,0.000,0.000,1.600,11.200,7.800,3.100,0.000,0.000,0.000,0.700,0.000,0.000,0.000,0.000,0,0,0,0,0,0,0,0,0,0,0,0,0.000,0.000,0.000,0.000,0,0,0,0,36.339,157.007,0,0.100,1.100,0,0,0.100,0.700,0,0,0.000,0.400,0,0,0,0,0,0.000
265,1979052068,1,0,1,2,140.900,137.600,0.200,2.800,7.600,2.500,0.000,0,36.700,0.000,0.000,1.900,14.500,9.900,4.400,0.000,0.000,0.000,1.000,0.000,0.000,0.000,0.000,0,0,0,0,0,0,0,0,0,0,0,0,0.000,0.000,0.000,0.000,0,0,0,0,35.306,153.514,0,0.300,1.500,0,0,0.200,0.900,0,0,0.100,0.600,0,0,0,0,0,0.000
266,1979052068,1,0,1,2,381.400,363.600,10.400,6.500,18.600,6.100,0.000,0,53.100,0.000,0.000,72.300,34.100,23.100,10.300,0.000,0.000,0.000,2.500,1.100,2.400,6.500,13.800,0,0,0,0,0,0,0,0,0,0,0,0,0.000,0.000,0.000,0.000,0,0,0,0,40.219,191.330,0,0.700,3.000,0,0,0.500,1.700,0,0,0.200,1.300,0,0,0,0,0,0.000
267,1979052068,1,0,1,2,99.900,97.600,0.100,2.000,5.100,1.600,0.000,0,26.800,0.000,0.000,1.600,10.600,7.300,3.000,0.000,0.000,0.000,0.600,0.000,0.000,0.000,0.000,0,0,0,0,0,0,0,0,0,0,0,0,0.000,0.000,0.000,0.000,0,0,0,0,37.480,174.458,0,0.300,1.000,0,0,0.200,0.600,0,0,0.100,0.400,0,0,0,0,0,0.000
268,1979052068,1,0,1,2,153.600,150.500,0.200,2.600,7.800,2.500,0.000,0,21.300,0.000,0.000,31.200,14.800,10.300,4.100,0.000,0.000,0.000,1.000,0.500,1.100,2.600,5.500,0,0,0,0,0,0,0,0,0,0,0,0,0.000,0.000,0.000,0.000,0,0,0,0,36.367,170.146,0,0.200,1.400,0,0,0.200,0.800,0,0,0.000,0.600,0,0,0,0,0,0.000
269,1979052068,1,0,1,2,186.100,180.800,0.300,4.300,12.100,3.900,0.000,0,17.300,0.000,0.000,3.300,23.500,15.500,7.500,0.000,0.000,0.000,1.600,0.000,0.000,0.000,0.000,0,0,0,0,0,0,0,0,0,0,0,0,0.000,0.000,0.000,0.000,0,0,0,0,36.499,172.063,0,0.400,2.700,0,0,0.300,1.400,0,0,0.100,1.300,0,0,0,0,0,0.000
270,1979052068,1,0,1,2,348.500,340.100,0.600,6.900,17.400,5.700,0.000,0,86.500,0.000,0.000,4.400,32.700,21.900,10.200,0.000,0.000,0.000,2.100,0.000,0.000,0.000,0.000,0,0,0,0,0,0,0,0,0,0,0,0,0.000,0.000,0.000,0.000,0,0,0,0,39.055,202.310,0,0.700,3.600,0,0,0.400,2.300,0,0,0.300,1.300,0,0,0,0,0,0.000
271,1979052068,1,0,1,2,282.100,275.500,0.400,5.600,15.000,4.700,0.000,0,21.000,0.000,0.000,53.100,26.900,17.800,8.600,0.000,0.000,0.000,2.000,0.800,2.100,4.800,11.500,0,0,0,0,0,0,0,0,0,0,0,0,0.000,0.000,0.000,0.000,0,0,0,0,40.845,215.484,0,0.500,2.400,0,0,0.300,1.300,0,0,0.200,1.100,0,0,0,0,0,0.000
272,1979052068,1,0,1,2,351.400,342.900,0.600,7.100,18.000,5.900,0.000,0,98.200,0.000,0.000,5.000,31.900,21.000,10.400,0.000,0.000,0.000,2.300,0.000,0.000,0.000,0.000,0,0,0,0,0,0,0,0,0,0,0,0,0.000,0.000,0.000,0.000,0,0,0,0,43.141,238.419,0,0.600,3.200,0,0,0.400,1.900,0,0,0.200,1.300,0,0,0,0,0,0.000
273,1979052068,1,0,1,2,400.900,389.700,0.500,9.600,18.200,5.800,0.000,0,38.300,0.000,0.000,66.200,57.900,23.100,10.600,0.000,0.000,0.000,2.200,1.100,2.400,6.800,12.200,0,0,0,0,0,0,0,0,0,0,0,0,0.000,0.000,0.000,0.000,0,0,0,0,46.608,265.650,0,0.700,3.100,0,0,0.500,1.800,0,0,0.200,1.300,0,0,0,0,0,0.000
274,1979052068,1,0,1,2,337.300,329.200,0.600,6.700,18.500,5.800,0.000,0,91.400,0.000,0.000,4.600,32.800,21.600,10.600,0.000,0.000,0.000,2.200,0.000,0.000,0.000,0.000,0,0,0,0,0,0,0,0,0,0,0,0,0.000,0.000,0.000,0.000,0,0,0,0,48.262,277.089,0,0.600,3.300,0,0,0.400,2.000,0,0,0.200,1.300,0,0,0,0,0,0.000
275,1979052068,1,0,1,2,358.700,350.900,0.600,6.400,23.000,5.900,0.000,0,34.200,0.000,0.000,65.300,33.800,22.400,10.800,0.000,0.000,0.000,2.300,1.000,2.500,6.400,12.600,0,0,0,0,0,0,0,0,0,0,0,0,0.000,0.000,0.000,0.000,0,0,0,0,50.105,290.375,0,0.600,3.100,0,0,0.400,1.800,0,0,0.200,1.300,0,0,0,0,0,0.000
276,1979052068,1,0,1,2,235.100,229.400,0.300,4.800,13.000,4.200,0.000,0,56.300,0.000,0.000,3.400,24.000,16.000,7.600,0.000,0.000,0.000,1.800,0.000,0.000,0.000,0.000,0,0,0,0,0,0,0,0,0,0,0,0,0.000,0.000,0.000,0.000,0,0,0,0,48.340,279.399,0,0.400,2.500,0,0,0.300,1.500,0,0,0.100,1.000,0,0,0,0,0,0.000
277,1979052068,1,0,1,2,269.500,261.500,0.600,6.500,17.700,5.800,0.000,0,23.500,0.000,0.000,4.400,32.700,21.700,10.500,0.000,0.000,0.000,2.200,0.000,0.000,0.000,0.000,0,0,0,0,0,0,0,0,0,0,0,0,0.000,0.000,0.000,0.000,0,0,0,0,49.971,276.177,0,0.700,3.200,0,0,0.400,2.000,0,0,0.300,1.200,0,0,0,0,0,0.000
278,1979052068,1,0,1,2,376.400,368.900,0.400,6.400,18.200,5.600,0.000,0,49.400,0.000,0.000,66.300,32.500,21.200,10.800,0.000,0.000,0.000,2.300,1.200,2.400,6.300,12.100,0,0,0,0,0,0,0,0,0,0,0,0,0.000,0.000,0.000,0.000,0,0,0,0,51.398,292.867,0,0.600,3.100,0,0,0.400,1.800,0,0,0.200,1.300,0,0,0,0,0,0.000
279,1979052068,1,0,1,2,169.400,166.200,0.200,2.700,9.800,3.000,0.000,0,41.500,0.000,0.000,2.500,18.700,12.900,5.500,0.000,0.000,0.000,1.200,0.000,0.000,0.000,0.000,0,0,0,0,0,0,0,0,0,0,0,0,0.000,0.000,0.000,0.000,0,0,0,0,48.573,270.067,0,0.400,2.000,0,0,0.300,1.200,0,0,0.100,0.800,0,0,0,0,0,0.000
280,1979052068,1,0,1,2,201.300,195.700,0.400,4.700,13.300,4.200,0.000,0,18.400,0.000,0.000,3.900,24.700,16.500,7.700,0.000,0.000,0.000,2.000,0.000,0.000,0.000,0.000,0,0,0,0,0,0,0,0,0,0,0,0,0.000,0.000,0.000,0.000,0,0,0,0,48.307,256.681,0,0.400,2.500,0,0,0.300,1.500,0,0,0.100,1.000,0,0,0,0,0,0.000
281,1979052068,1,0,1,2,296.400,290.000,0.300,5.400,14.800,4.600,0.000,0,41.900,0.000,0.000,54.300,27.500,18.300,8.500,0.000,0.000,0.000,1.900,1.000,1.900,5.200,9.900,0,0,0,0,0,0,0,0,0,0,0,0,0.000,0.000,0.000,0.000,0,0,0,0,48.774,262.679,0,0.500,2.500,0,0,0.300,1.400,0,0,0.200,1.100,0,0,0,0,0,0.000
282,1979052068,1,0,1,2,92.400,89.200,0.300,2.600,6.300,1.900,0.000,0,8.300,0.000,0.000,1.500,12.700,9.100,3.400,0.000,0.000,0.000,0.800,0.000,0.000,0.000,0.000,0,0,0,0,0,0,0,0,0,0,0,0,0.000,0.000,0.000,0.000,0,0,0,0,45.017,231.452,0,0.300,1.500,0,0,0.200,1.100,0,0,0.100,0.400,0,0,0,0,0,0.000
283,1979052068,1,0,1,2,115.900,113.200,0.200,2.300,6.500,2.000,0.000,0,31.500,0.000,0.000,1.700,12.300,8.700,3.400,0.000,0.000,0.000,0.700,0.000,0.000,0.000,0.000,0,0,0,0,0,0,0,0,0,0,0,0,0.000,0.000,0.000,0.000,0,0,0,0,41.882,210.167,0,0.200,1.200,0,0,0.100,0.700,0,0,0.100,0.500,0,0,0,0,0,0.000
284,1979052068,1,0,1,2,154.500,151.700,0.200,2.300,16.200,1.900,0.000,0,8.600,0.000,0.000,38.000,12.400,8.800,3.400,0.000,0.000,0.000,1.500,0.900,1.600,4.500,7.900,0,0,0,0,0,0,0,0,0,0,0,0,0.000,0.000,0.000,0.000,0,0,0,0,42.875,199.643,0,0.200,1.100,0,0,0.200,0.600,0,0,0.000,0.500,0,0,0,0,0,0.000
285,1979052068,1,0,1,2,142.000,139.000,0.200,2.500,7.200,2.200,0.000,0,43.400,0.000,0.000,1.800,16.200,12.600,3.500,0.000,0.000,0.000,0.900,0.000,0.000,0.000,0.000,0,0,0,0,0,0,0,0,0,0,0,0,0.000,0.000,0.000,0.000,0,0,0,0,42.070,188.727,0,0.400,1.500,0,0,0.400,1.000,0,0,0.000,0.500,0,0,0,0,0,0.000
286,1979052068,1,0,1,2,162.000,158.300,0.400,3.100,7.000,2.200,0.000,0,66.800,0.000,0.000,1.900,13.800,9.700,3.600,0.000,0.000,0.000,1.000,0.000,0.000,0.000,0.000,0,0,0,0,0,0,0,0,0,0,0,0,0.000,0.000,0.000,0.000,0,0,0,0,40.329,183.250,0,0.300,1.500,0,0,0.200,1.000,0,0,0.100,0.500,0,0,0,0,0,0.000
287,1979052068,1,0,1,2,128.900,126.100,0.200,2.200,6.300,2.200,0.000,0,8.800,0.000,0.000,32.000,14.100,10.200,3.500,0.000,0.000,0.000,0.800,0.600,1.000,2.100,4.000,0,0,0,0,0,0,0,0,0,0,0,0,0.000,0.000,0.000,0.000,0,0,0,0,40.198,172.963,0,0.400,1.100,0,0,0.200,0.600,0,0,0.200,0.500,0,0,0,0,0,0.000
288,1979052068,1,0,1,2,125.100,122.300,0.200,2.300,7.200,2.100,0.000,0,35.800,0.000,0.000,2.000,13.000,9.400,3.400,0.000,0.000,0.000,0.900,0.000,0.000,0.000,0.000,0,0,0,0,0,0,0,0,0,0,0,0,0.000,0.000,0.000,0.000,0,0,0,0,39.262,163.844,0,0.400,1.400,0,0,0.300,0.900,0,0,0.100,0.500,0,0,0,0,0,0.000
289,1979052068,1,0,1,2,125.800,122.900,0.200,2.400,7.100,2.100,0.000,0,36.200,0.000,0.000,2.000,13.500,9.700,3.500,0.000,0.000,0.000,1.000,0.000,0.000,0.000,0.000,0,0,0,0,0,0,0,0,0,0,0,0,0.000,0.000,0.000,0.000,0,0,0,0,38.189,156.474,0,0.100,1.400,0,0,0.100,0.900,0,0,0.000,0.500,0,0,0,0,0,0.000
290,1979052068,1,0,1,2,116.200,113.900,0.100,1.900,5.700,2.000,0.000,0,15.600,0.000,0.000,25.300,11.800,8.500,3.100,0.000,0.000,0.000,0.800,0.500,0.900,1.700,3.400,0,0,0,0,0,0,0,0,0,0,0,0,0.000,0.000,0.000,0.000,0,0,0,0,36.337,148.811,0,0.200,0.900,0,0,0.100,0.500,0,0,0.100,0.400,0,0,0,0,0,0.000
291,1979052068,1,0,1,2,127.800,124.800,0.200,2.400,7.100,2.100,0.000,0,34.300,0.000,0.000,1.700,12.900,8.800,3.900,0.000,0.000,0.000,0.900,0.000,0.000,0.000,0.000,0,0,0,0,0,0,0,0,0,0,0,0,0.000,0.000,0.000,0.000,0,0,0,0,34.800,144.489,0,0.300,1.300,0,0,0.200,0.800,0,0,0.100,0.500,0,0,0,0,0,0.000
292,1979052068,1,0,1,2,178.200,175.200,0.200,2.500,17.100,2.000,0.000,0,19.600,0.000,0.000,36.700,13.200,9.300,3.800,0.000,0.000,0.000,1.500,0.900,1.500,4.800,7.100,0,0,0,0,0,0,0,0,0,0,0,0,0.000,0.000,0.000,0.000,0,0,0,0,37.212,150.017,0,0.300,1.200,0,0,0.200,0.700,0,0,0.100,0.500,0,0,0,0,0,0.000
293,1979052068,1,0,1,2,192.900,169.000,19.800,3.600,10.100,2.800,0.000,0,49.300,0.000,0.000,2.600,17.700,12.400,5.000,0.000,0.000,0.000,1.300,0.000,0.000,0.000,0.000,0,0,0,0,0,0,0,0,0,0,0,0,0.000,0.000,0.000,0.000,0,0,0,0,50.674,153.434,0,0.500,2.000,0,0,0.400,1.300,0,0,0.100,0.700,0,0,0,0,0,0.000
294,1979052068,1,0,1,2,131.200,128.200,0.200,2.500,7.000,2.300,0.000,0,34.800,0.000,0.000,1.900,14.300,9.700,4.200,0.000,0.000,0.000,1.100,0.000,0.000,0.000,0.000,0,0,0,0,0,0,0,0,0,0,0,0,0.000,0.000,0.000,0.000,0,0,0,0,50.625,148.892,0,0.200,1.400,0,0,0.200,0.800,0,0,0.000,0.600,0,0,0,0,0,0.000
295,1979052068,1,0,1,2,151.500,148.000,0.200,2.900,7.700,2.500,0.000,0,10.900,0.000,0.000,31.700,15.900,11.000,4.600,0.000,0.000,0.000,1.000,0.600,1.200,2.700,5.300,0,0,0,0,0,0,0,0,0,0,0,0,0.000,0.000,0.000,0.000,0,0,0,0,47.470,148.731,0,0.300,1.400,0,0,0.200,0.800,0,0,0.100,0.600,0,0,0,0,0,0.000
296,1979052068,1,0,1,2,348.000,340.000,0.500,6.800,17.300,5.600,0.000,0,86.200,0.000,0.000,4.500,32.000,20.800,10.700,0.000,0.000,0.000,2.200,0.000,0.000,0.000,0.000,0,0,0,0,0,0,0,0,0,0,0,0,0.000,0.000,0.000,0.000,0,0,0,0,48.052,183.160,0,0.600,3.300,0,0,0.400,2.000,0,0,0.200,1.300,0,0,0,0,0,0.000
297,1979052068,1,0,1,2,285.600,277.800,0.400,6.300,19.500,5.700,0.000,0,24.600,0.000,0.000,4.600,32.500,21.700,10.300,0.000,0.000,0.000,2.300,0.000,0.000,0.000,0.000,0,0,0,0,0,0,0,0,0,0,0,0,0.000,0.000,0.000,0.000,0,0,0,0,48.330,200.195,0,0.600,3.500,0,0,0.400,2.200,0,0,0.200,1.300,0,0,0,0,0,0.000
298,1979052068,1,0,1,2,379.700,371.400,0.900,6.600,17.400,5.600,0.000,0,51.500,0.000,0.000,64.100,32.600,21.500,10.400,0.000,0.000,0.000,2.200,1.100,2.400,6.400,12.300,0,0,0,0,0,0,0,0,0,0,0,0,0.000,0.000,0.000,0.000,0,0,0,0,49.909,231.012,0,0.600,3.000,0,0,0.400,1.700,0,0,0.200,1.300,0,0,0,0,0,0.000
299,1979052068,1,0,1,2,313.400,306.000,0.400,6.200,17.100,5.500,0.000,0,84.300,0.000,0.000,4.100,30.300,20.200,9.600,0.000,0.000,0.000,2.000,0.000,0.000,0.000,0.000,0,0,0,0,0,0,0,0,0,0,0,0,0.000,0.000,0.000,0.000,0,0,0,0,50.573,244.510,0,0.600,3.200,0,0,0.400,1.900,0,0,0.200,1.300,0,0,0,0,0,0.000
300,1979052068,1,0,1,2,231.200,224.800,0.400,5.200,14.600,4.600,0.000,0,32.500,0.000,0.000,3.800,26.400,17.300,8.600,0.000,0.000,0.000,1.800,0.000,0.000,0.000,0.000,0,0,0,0,0,0,0,0,0,0,0,0,0.000,0.000,0.000,0.000,0,0,0,0,51.550,240.962,0,0.600,2.700,0,0,0.400,1.600,0,0,0.200,1.100,0,0,0,0,0,0.000
301,1979052068,1,0,1,2,258.700,253.000,0.300,4.700,12.600,4.000,0.000,0,37.100,0.000,0.000,46.100,24.100,16.000,7.600,0.000,0.000,0.000,1.600,0.700,1.700,4.400,8.900,0,0,0,0,0,0,0,0,0,0,0,0,0.000,0.000,0.000,0.000,0,0,0,0,49.813,243.129,0,0.500,2.300,0,0,0.300,1.300,0,0,0.200,1.000,0,0,0,0,0,0.000
302,1979052068,1,0,1,2,260.700,254.100,0.600,5.200,14.300,4.700,0.000,0,62.500,0.000,0.000,3.800,26.600,17.500,8.700,0.000,0.000,0.000,1.900,0.000,0.000,0.000,0.000,0,0,0,0,0,0,0,0,0,0,0,0,0.000,0.000,0.000,0.000,0,0,0,0,48.389,245.104,0,0.600,2.800,0,0,0.400,1.700,0,0,0.200,1.100,0,0,0,0,0,0.000
303,1979052068,1,0,1,2,259.100,252.100,0.400,5.800,16.500,5.900,0.000,0,22.400,0.000,0.000,4.300,29.700,19.000,9.800,0.000,0.000,0.000,2.100,0.000,0.000,0.000,0.000,0,0,0,0,0,0,0,0,0,0,0,0,0.000,0.000,0.000,0.000,0,0,0,0,49.255,246.363,0,0.600,3.100,0,0,0.400,1.900,0,0,0.200,1.200,0,0,0,0,0,0.000
304,1979052068,1,0,1,2,352.200,344.400,0.500,6.500,16.700,5.700,0.000,0,50.800,0.000,0.000,65.100,32.700,21.500,10.600,0.000,0.000,0.000,2.300,0.900,2.100,6.100,11.900,0,0,0,0,0,0,0,0,0,0,0,0,0.000,0.000,0.000,0.000,0,0,0,0,49.191,264.010,0,0.600,3.100,0,0,0.400,1.800,0,0,0.200,1.300,0,0,0,0,0,0.000
305,1979052068,1,0,1,2,254.200,247.400,0.400,5.700,15.000,4.900,0.000,0,20.900,0.000,0.000,3.800,28.400,18.800,9.100,0.000,0.000,0.000,1.900,0.000,0.000,0.000,0.000,0,0,0,0,0,0,0,0,0,0,0,0,0.000,0.000,0.000,0.000,0,0,0,0,48.887,261.020,0,0.600,3.000,0,0,0.400,1.800,0,0,0.200,1.200,0,0,0,0,0,0.000
306,1979052068,1,0,1,2,329.600,321.800,0.500,6.500,18.000,5.900,0.000,0,87.700,0.000,0.000,4.600,31.000,19.700,10.700,0.000,0.000,0.000,2.400,0.000,0.000,0.000,0.000,0,0,0,0,0,0,0,0,0,0,0,0,0.000,0.000,0.000,0.000,0,0,0,0,49.357,271.960,0,0.600,3.400,0,0,0.400,2.100,0,0,0.200,1.300,0,0,0,0,0,0.000
307,1979052068,1,0,1,2,395.900,387.600,0.700,6.700,17.300,5.700,0.000,0,52.600,0.000,0.000,62.800,32.600,21.200,10.700,0.000,0.000,0.000,2.400,1.100,2.800,6.400,12.300,0,0,0,0,0,0,0,0,0,0,0,0,0.000,0.000,0.000,0.000,0,0,0,0,50.031,292.775,0,0.600,3.100,0,0,0.400,1.700,0,0,0.200,1.400,0,0,0,0,0,0.000
308,1979052068,1,0,1,2,237.300,225.900,4.200,6.200,15.400,4.800,0.000,0,21.000,0.000,0.000,4.100,27.400,17.800,9.100,0.000,0.000,0.000,1.900,0.000,0.000,0.000,0.000,0,0,0,0,0,0,0,0,0,0,0,0,0.000,0.000,0.000,0.000,0,0,0,0,49.611,280.738,0,0.600,2.800,0,0,0.400,1.700,0,0,0.200,1.100,0,0,0,0,0,0.000
309,1979052068,1,0,1,2,288.100,281.300,0.500,5.700,15.500,4.900,0.000,0,77.200,0.000,0.000,4.000,28.200,18.700,9.100,0.000,0.000,0.000,2.100,0.000,0.000,0.000,0.000,0,0,0,0,0,0,0,0,0,0,0,0,0.000,0.000,0.000,0.000,0,0,0,0,48.745,280.839,0,0.600,2.800,0,0,0.400,1.700,0,0,0.200,1.100,0,0,0,0,0,0.000
310,1979052068,1,0,1,2,224.600,219.700,0.300,4.100,10.900,3.300,0.000,0,34.700,0.000,0.000,40.100,20.600,13.700,6.500,0.000,0.000,0.000,1.300,0.600,1.400,3.900,7.500,0,0,0,0,0,0,0,0,0,0,0,0,0.000,0.000,0.000,0.000,0,0,0,0,46.757,269.834,0,0.400,2.000,0,0,0.300,1.200,0,0,0.100,0.800,0,0,0,0,0,0.000
311,1979052068,1,0,1,2,206.300,200.100,0.300,5.200,13.900,4.500,0.000,0,18.300,0.000,0.000,3.400,25.800,17.200,8.100,0.000,0.000,0.000,1.700,0.000,0.000,0.000,0.000,0,0,0,0,0,0,0,0,0,0,0,0,0.000,0.000,0.000,0.000,0,0,0,0,47.917,257.282,0,0.400,2.500,0,0,0.300,1.500,0,0,0.100,1.000,0,0,0,0,0,0.000
312,1979052068,1,0,1,2,344.100,335.900,0.400,6.900,18.200,5.900,0.000,0,102.000,0.000,0.000,4.600,31.600,20.700,10.400,0.000,0.000,0.000,2.400,0.000,0.000,0.000,0.000,0,0,0,0,0,0,0,0,0,0,0,0,0.000,0.000,0.000,0.000,0,0,0,0,48.616,271.433,0,0.600,3.200,0,0,0.400,1.900,0,0,0.200,1.300,0,0,0,0,0,0.000
313,1979052068,1,0,1,2,347.000,339.300,0.400,6.400,18.800,6.100,0.000,0,23.600,0.000,0.000,65.900,34.800,22.500,11.500,0.000,0.000,0.000,2.600,1.200,2.400,6.800,13.200,0,0,0,0,0,0,0,0,0,0,0,0,0.000,0.000,0.000,0.000,0,0,0,0,49.945,283.649,0,0.800,3.400,0,0,0.500,1.900,0,0,0.300,1.500,0,0,0,0,0,0.000
314,1979052068,1,0,1,2,362.300,354.300,0.600,6.600,17.600,6.000,0.000,0,85.800,0.000,0.000,4.300,32.900,21.900,10.500,0.000,0.000,0.000,2.000,0.000,0.000,0.000,0.000,0,0,0,0,0,0,0,0,0,0,0,0,0.000,0.000,0.000,0.000,0,0,0,0,50.873,296.366,0,0.600,3.300,0,0,0.400,2.000,0,0,0.200,1.300,0,0,0,0,0,0.000
315,1979052068,1,0,1,2,345.400,337.800,0.500,6.300,17.300,5.700,0.000,0,24.100,0.000,0.000,80.700,32.800,21.600,10.600,0.000,0.000,0.000,2.300,1.000,2.300,6.400,12.300,0,0,0,0,0,0,0,0,0,0,0,0,0.000,0.000,0.000,0.000,0,0,0,0,51.562,303.824,0,0.600,3.200,0,0,0.400,1.800,0,0,0.200,1.400,0,0,0,0,0,0.000
316,1979052068,1,0,1,2,342.600,334.900,0.400,6.400,17.500,5.400,0.000,0,111.000,0.000,0.000,4.700,31.500,20.800,10.100,0.000,0.000,0.000,2.200,0.000,0.000,0.000,0.000,0,0,0,0,0,0,0,0,0,0,0,0,0.000,0.000,0.000,0.000,0,0,0,0,51.389,309.418,0,0.600,3.500,0,0,0.400,1.900,0,0,0.200,1.600,0,0,0,0,0,0.000
317,1979052068,1,0,1,2,254.600,246.900,0.300,6.500,13.600,4.500,0.000,0,64.800,0.000,0.000,3.500,25.000,16.500,8.000,0.000,0.000,0.000,1.700,0.000,0.000,0.000,0.000,0,0,0,0,0,0,0,0,0,0,0,0,0.000,0.000,0.000,0.000,0,0,0,0,49.555,298.165,0,0.500,2.600,0,0,0.400,1.600,0,0,0.100,1.000,0,0,0,0,0,0.000
318,1979052068,1,0,1,2,538.900,527.300,0.500,10.000,28.700,9.900,0.000,0,43.000,0.000,0.000,102.900,48.000,30.000,17.500,0.000,0.000,0.000,3.400,1.400,3.500,9.500,21.500,0,0,0,0,0,0,0,0,0,0,0,0,0.000,0.000,0.000,0.000,0,0,0,0,54.567,339.409,0,1.200,4.400,0,0,0.900,2.200,0,0,0.300,2.200,0,0,0,0,0,0.000
319,1979052068,1,0,1,2,332.600,324.400,0.800,6.500,17.400,5.700,0.000,0,87.900,0.000,0.000,4.600,32.400,21.200,10.600,0.000,0.000,0.000,2.300,0.000,0.000,0.000,0.000,0,0,0,0,0,0,0,0,0,0,0,0,0.000,0.000,0.000,0.000,0,0,0,0,53.835,336.707,0,0.600,3.300,0,0,0.400,2.000,0,0,0.200,1.300,0,0,0,0,0,0.000
320,1979052068,1,0,1,2,306.300,299.500,0.400,5.700,15.000,4.900,0.000,0,44.300,0.000,0.000,54.100,28.200,18.600,9.100,0.000,0.000,0.000,2.100,0.900,2.400,5.100,10.800,0,0,0,0,0,0,0,0,0,0,0,0,0.000,0.000,0.000,0.000,0,0,0,0,52.713,330.010,0,0.600,2.600,0,0,0.400,1.500,0,0,0.200,1.100,0,0,0,0,0,0.000
321,1979052068,1,0,1,2,300.200,293.400,0.500,5.700,15.100,4.800,0.000,0,76.300,0.000,0.000,3.900,39.000,29.600,8.800,0.000,0.000,0.000,1.900,0.000,0.000,0.000,0.000,0,0,0,0,0,0,0,0,0,0,0,0,0.000,0.000,0.000,0.000,0,0,0,0,52.692,323.420,0,0.500,3.800,0,0,0.400,2.600,0,0,0.100,1.200,0,0,0,0,0,0.000
322,1979052068,1,0,1,2,248.600,241.600,0.400,5.800,16.500,5.300,0.000,0,22.300,0.000,0.000,4.300,30.400,20.300,9.600,0.000,0.000,0.000,2.100,0.000,0.000,0.000,0.000,0,0,0,0,0,0,0,0,0,0,0,0,0.000,0.000,0.000,0.000,0,0,0,0,52.208,308.693,0,0.500,3.200,0,0,0.400,2.000,0,0,0.100,1.200,0,0,0,0,0,0.000
323,1979052068,1,0,1,2,357.300,349.300,0.500,6.800,17.800,9.500,0.000,0,51.200,0.000,0.000,62.300,32.700,21.700,10.500,0.000,0.000,0.000,2.300,1.000,2.600,6.600,12.100,0,0,0,0,0,0,0,0,0,0,0,0,0.000,0.000,0.000,0.000,0,0,0,0,52.242,316.002,0,0.600,3.200,0,0,0.400,1.800,0,0,0.200,1.400,0,0,0,0,0,0.000
324,1979052068,1,0,1,2,360.800,352.600,0.500,6.900,17.500,5.700,0.000,0,113.800,0.000,0.000,4.400,33.800,22.400,10.800,0.000,0.000,0.000,2.100,0.000,0.000,0.000,0.000,0,0,0,0,0,0,0,0,0,0,0,0,0.000,0.000,0.000,0.000,0,0,0,0,53.225,322.590,0,0.700,3.700,0,0,0.400,2.400,0,0,0.300,1.300,0,0,0,0,0,0.000
325,1979052068,1,0,1,2,605.100,592.500,0.500,11.000,30.500,10.400,0.000,0,90.300,0.000,0.000,103.800,49.300,30.400,18.200,0.000,0.000,0.000,3.200,1.400,3.800,9.600,23.100,0,0,0,0,0,0,0,0,0,0,0,0,0.000,0.000,0.000,0.000,0,0,0,0,59.646,371.173,0,1.200,5.100,0,0,1.000,2.700,0,0,0.200,2.400,0,0,0,0,0,0.000
326,1979052068,1,0,1,2,317.500,308.700,0.500,7.400,18.500,6.000,0.000,0,27.200,0.000,0.000,4.900,34.400,22.400,11.300,0.000,0.000,0.000,2.400,0.000,0.000,0.000,0.000,0,0,0,0,0,0,0,0,0,0,0,0,0.000,0.000,0.000,0.000,0,0,0,0,58.288,359.928,0,0.700,3.500,0,0,0.500,2.200,0,0,0.200,1.300,0,0,0,0,0,0.000
327,1979052068,1,0,1,2,330.400,327.300,0.400,2.300,18.400,6.300,0.000,0,57.000,0.000,0.000,5.000,35.000,23.500,10.700,0.000,0.000,0.000,2.200,0.000,0.000,0.000,0.000,0,0,0,0,0,0,0,0,0,0,0,0,0.000,0.000,0.000,0.000,0,0,0,0,56.886,354.055,0,0.600,3.600,0,0,0.500,2.300,0,0,0.100,1.300,0,0,0,0,0,0.000
328,1979052068,1,0,1,2,330.900,328.100,0.200,2.200,17.600,5.700,0.000,0,40.100,0.000,0.000,60.400,32.200,21.000,10.600,0.000,0.000,0.000,2.100,0.900,2.100,6.400,12.300,0,0,0,0,0,0,0,0,0,0,0,0,0.000,0.000,0.000,0.000,0,0,0,0,56.169,349.383,0,0.600,2.900,0,0,0.400,1.700,0,0,0.200,1.200,0,0,0,0,0,0.000
329,1979052068,1,0,1,2,137.300,133.300,0.200,3.300,8.900,3.000,0.000,0,12.000,0.000,0.000,2.300,17.400,11.800,5.300,0.000,0.000,0.000,1.100,0.000,0.000,0.000,0.000,0,0,0,0,0,0,0,0,0,0,0,0,0.000,0.000,0.000,0.000,0,0,0,0,52.232,310.488,0,0.300,1.800,0,0,0.200,1.100,0,0,0.100,0.700,0,0,0,0,0,0.000
330,1979052068,1,0,1,2,302.300,295.100,0.300,6.100,16.300,5.200,0.000,0,76.300,0.000,0.000,4.100,29.900,19.300,10.100,0.000,0.000,0.000,1.900,0.000,0.000,0.000,0.000,0,0,0,0,0,0,0,0,0,0,0,0,0.000,0.000,0.000,0.000,0,0,0,0,51.578,307.718,0,0.500,3.400,0,0,0.400,1.900,0,0,0.100,1.500,0,0,0,0,0,0.000
331,1979052068,1,0,1,2,372.700,364.700,0.500,6.700,17.900,6.900,0.000,0,52.000,0.000,0.000,62.200,32.400,21.100,10.700,0.000,0.000,0.000,2.300,1.000,2.400,6.300,12.400,0,0,0,0,0,0,0,0,0,0,0,0,0.000,0.000,0.000,0.000,0,0,0,0,52.770,317.975,0,0.600,3.100,0,0,0.400,1.700,0,0,0.200,1.400,0,0,0,0,0,0.000
332,1979052068,1,0,1,2,332.000,323.700,0.500,6.900,18.000,5.700,0.000,0,88.800,0.000,0.000,4.500,32.300,21.000,10.600,0.000,0.000,0.000,2.000,0.000,0.000,0.000,0.000,0,0,0,0,0,0,0,0,0,0,0,0,0.000,0.000,0.000,0.000,0,0,0,0,52.632,319.006,0,0.800,3.400,0,0,0.500,2.000,0,0,0.300,1.400,0,0,0,0,0,0.000
333,1979052068,1,0,1,2,352.700,345.200,0.400,6.300,17.300,5.900,0.000,0,51.000,0.000,0.000,62.800,32.400,21.200,10.500,0.000,0.000,0.000,2.100,1.000,2.900,6.200,12.400,0,0,0,0,0,0,0,0,0,0,0,0,0.000,0.000,0.000,0.000,0,0,0,0,53.418,323.721,0,0.600,3.000,0,0,0.400,1.700,0,0,0.200,1.300,0,0,0,0,0,0.000
334,1979052068,1,0,1,2,356.500,347.900,0.500,7.100,19.100,5.900,0.000,0,93.200,0.000,0.000,4.900,34.900,22.800,11.500,0.000,0.000,0.000,2.400,0.000,0.000,0.000,0.000,0,0,0,0,0,0,0,0,0,0,0,0,0.000,0.000,0.000,0.000,0,0,0,0,53.757,328.073,0,0.700,3.500,0,0,0.500,2.100,0,0,0.200,1.400,0,0,0,0,0,0.000
335,1979052068,1,0,1,2,416.600,408.000,0.700,7.000,19.100,6.200,0.000,0,64.300,0.000,0.000,90.100,36.200,23.700,11.900,0.000,0.000,0.000,2.300,1.100,2.500,26.200,13.300,0,0,0,0,0,0,0,0,0,0,0,0,0.000,0.000,0.000,0.000,0,0,0,0,55.295,342.460,0,0.700,3.300,0,0,0.400,1.800,0,0,0.300,1.500,0,0,0,0,0,0.000
336,1979052068,1,0,1,2,317.600,308.900,0.600,7.100,18.700,6.100,0.000,0,25.400,0.000,0.000,4.900,34.800,22.700,11.500,0.000,0.000,0.000,2.300,0.000,0.000,0.000,0.000,0,0,0,0,0,0,0,0,0,0,0,0,0.000,0.000,0.000,0.000,0,0,0,0,55.098,336.419,0,0.800,3.400,0,0,0.500,2.100,0,0,0.300,1.300,0,0,0,0,0,0.000
337,1979052068,1,0,1,2,368.800,360.600,0.500,6.900,17.700,8.900,0.000,0,86.900,0.000,0.000,4.400,37.200,20.900,15.700,0.000,0.000,0.000,2.300,0.000,0.000,0.000,0.000,0,0,0,0,0,0,0,0,0,0,0,0,0.000,0.000,0.000,0.000,0,0,0,0,54.324,340.772,0,0.700,3.900,0,0,0.400,2.000,0,0,0.300,1.900,0,0,0,0,0,0.000
338,1979052068,1,0,1,2,364.600,357.000,0.400,6.300,18.000,5.900,0.000,0,23.300,0.000,0.000,88.600,35.900,24.400,11.000,0.000,0.000,0.000,2.300,1.400,2.200,6.300,12.300,0,0,0,0,0,0,0,0,0,0,0,0,0.000,0.000,0.000,0.000,0,0,0,0,56.480,343.693,0,0.900,3.100,0,0,0.400,1.700,0,0,0.500,1.400,0,0,0,0,0,0.000
339,1979052068,1,0,1,2,454.100,443.800,0.700,8.800,19.600,6.600,0.000,0,107.100,0.000,0.000,4.900,36.200,24.200,11.500,0.000,0.000,0.000,2.500,0.000,0.000,0.000,0.000,0,0,0,0,0,0,0,0,0,0,0,0,0.000,0.000,0.000,0.000,0,0,0,0,59.777,361.712,0,0.700,4.000,0,0,0.500,2.400,0,0,0.200,1.600,0,0,0,0,0,0.000
340,1979052068,1,0,1,2,379.900,371.400,0.500,7.000,18.900,6.000,0.000,0,54.700,0.000,0.000,65.700,34.600,22.600,11.300,0.000,0.000,0.000,2.400,1.100,2.400,6.600,13.200,0,0,0,0,0,0,0,0,0,0,0,0,0.000,0.000,0.000,0.000,0,0,0,0,58.755,363.456,0,0.700,3.400,0,0,0.400,1.900,0,0,0.300,1.500,0,0,0,0,0,0.000
341,1979052068,1,0,1,2,347.900,339.100,1.000,6.800,17.500,6.100,0.000,0,86.500,0.000,0.000,4.600,32.300,21.200,10.400,0.000,0.000,0.000,2.300,0.000,0.000,0.000,0.000,0,0,0,0,0,0,0,0,0,0,0,0,0.000,0.000,0.000,0.000,0,0,0,0,57.233,359.072,0,0.700,3.300,0,0,0.500,2.000,0,0,0.200,1.300,0,0,0,0,0,0.000
342,1979052068,1,0,1,2,346.700,338.200,0.500,7.200,17.000,5.500,0.000,0,104.100,0.000,0.000,4.500,32.000,20.900,10.600,0.000,0.000,0.000,2.100,0.000,0.000,0.000,0.000,0,0,0,0,0,0,0,0,0,0,0,0,0.000,0.000,0.000,0.000,0,0,0,0,56.075,355.315,0,0.600,3.200,0,0,0.400,1.900,0,0,0.200,1.300,0,0,0,0,0,0.000
343,1979052068,1,0,1,2,329.700,321.900,0.400,6.500,17.800,5.800,0.000,0,23.800,0.000,0.000,65.200,33.200,22.000,10.600,0.000,0.000,0.000,2.400,1.100,2.100,6.100,12.100,0,0,0,0,0,0,0,0,0,0,0,0,0.000,0.000,0.000,0.000,0,0,0,0,56.170,349.300,0,0.600,3.300,0,0,0.400,1.900,0,0,0.200,1.400,0,0,0,0,0,0.000
344,1979052068,1,0,1,2,346.500,338.600,0.500,6.600,17.300,5.800,0.000,0,85.700,0.000,0.000,4.200,50.000,38.500,11.000,0.000,0.000,0.000,2.100,0.000,0.000,0.000,0.000,0,0,0,0,0,0,0,0,0,0,0,0,0.000,0.000,0.000,0.000,0,0,0,0,55.077,347.374,0,0.600,3.400,0,0,0.400,2.000,0,0,0.200,1.400,0,0,0,0,0,0.000
345,1979052068,1,0,1,2,369.400,362.000,0.400,6.200,17.600,5.800,0.000,0,49.100,0.000,0.000,61.700,32.200,21.300,10.400,0.000,0.000,0.000,2.300,1.000,2.400,6.300,12.100,0,0,0,0,0,0,0,0,0,0,0,0,0.000,0.000,0.000,0.000,0,0,0,0,55.063,350.007,0,0.500,3.000,0,0,0.400,1.700,0,0,0.100,1.300,0,0,0,0,0,0.000
346,1979052068,1,0,1,2,336.500,328.600,0.500,6.500,17.900,5.900,0.000,0,92.300,0.000,0.000,4.500,32.900,21.700,10.600,0.000,0.000,0.000,2.100,0.000,0.000,0.000,0.000,0,0,0,0,0,0,0,0,0,0,0,0,0.000,0.000,0.000,0.000,0,0,0,0,55.016,346.154,0,0.600,3.600,0,0,0.400,2.200,0,0,0.200,1.400,0,0,0,0,0,0.000
347,1979052068,1,0,1,2,295.900,288.100,0.500,6.500,17.400,5.600,0.000,0,23.800,0.000,0.000,4.300,31.600,20.600,10.400,0.000,0.000,0.000,2.100,0.000,0.000,0.000,0.000,0,0,0,0,0,0,0,0,0,0,0,0,0.000,0.000,0.000,0.000,0,0,0,0,54.545,335.704,0,0.600,3.200,0,0,0.500,1.900,0,0,0.100,1.300,0,0,0,0,0,0.000
348,1979052068,1,0,1,2,396.100,359.100,30.100,6.000,19.100,5.800,0.000,0,53.600,0.000,0.000,70.400,32.100,20.900,10.500,0.000,0.000,0.000,2.300,0.900,2.100,6.700,12.700,0,0,0,0,0,0,0,0,0,0,0,0,0.000,0.000,0.000,0.000,0,0,0,0,56.103,339.915,0,0.600,3.200,0,0,0.400,1.800,0,0,0.200,1.400,0,0,0,0,0,0.000
349,1979052068,1,0,1,2,374.000,365.200,0.600,7.300,19.200,6.100,0.000,0,91.200,0.000,0.000,4.700,35.600,23.100,11.900,0.000,0.000,0.000,2.200,0.000,0.000,0.000,0.000,0,0,0,0,0,0,0,0,0,0,0,0,0.000,0.000,0.000,0.000,0,0,0,0,56.264,344.467,0,0.600,4.200,0,0,0.400,2.300,0,0,0.200,1.900,0,0,0,0,0,0.000
350,1979052068,1,0,1,2,404.600,396.400,0.500,6.800,19.200,6.100,0.000,0,53.900,0.000,0.000,87.700,34.600,22.400,11.500,0.000,0.000,0.000,2.600,1.200,3.100,7.000,13.700,0,0,0,0,0,0,0,0,0,0,0,0,0.000,0.000,0.000,0.000,0,0,0,0,62.499,353.815,0,0.600,3.200,0,0,0.400,1.800,0,0,0.200,1.400,0,0,0,0,0,0.000
351,1979052068,1,0,1,2,295.800,286.600,0.800,7.400,17.400,5.500,0.000,0,25.100,0.000,0.000,4.400,34.900,23.600,10.700,0.000,0.000,0.000,2.100,0.000,0.000,0.000,0.000,0,0,0,0,0,0,0,0,0,0,0,0,0.000,0.000,0.000,0.000,0,0,0,0,61.347,341.716,0,0.600,3.400,0,0,0.400,2.000,0,0,0.200,1.400,0,0,0,0,0,0.000
352,1979052068,1,0,1,2,350.900,342.900,0.500,6.600,19.400,6.200,0.000,0,88.900,0.000,0.000,5.700,37.800,26.500,10.700,0.000,0.000,0.000,2.700,0.000,0.000,0.000,0.000,0,0,0,0,0,0,0,0,0,0,0,0,0.000,0.000,0.000,0.000,0,0,0,0,61.825,341.929,0,0.800,3.800,0,0,0.600,2.500,0,0,0.200,1.300,0,0,0,0,0,0.000
353,1979052068,1,0,1,2,354.000,346.100,0.400,6.600,18.000,5.900,0.000,0,50.700,0.000,0.000,62.900,32.500,21.400,10.500,0.000,0.000,0.000,2.400,1.200,2.200,6.000,12.200,0,0,0,0,0,0,0,0,0,0,0,0,0.000,0.000,0.000,0.000,0,0,0,0,60.146,342.680,0,0.800,2.900,0,0,0.600,1.700,0,0,0.200,1.200,0,0,0,0,0,0.000
354,1979052068,1,0,1,2,283.400,275.700,0.400,6.300,17.000,5.500,0.000,0,23.300,0.000,0.000,4.400,32.400,21.500,10.400,0.000,0.000,0.000,2.200,0.000,0.000,0.000,0.000,0,0,0,0,0,0,0,0,0,0,0,0,0.000,0.000,0.000,0.000,0,0,0,0,58.356,330.623,0,0.800,3.400,0,0,0.600,2.100,0,0,0.200,1.300,0,0,0,0,0,0.000
355,1979052068,1,0,1,2,338.900,330.800,0.500,6.600,18.100,6.300,0.000,0,90.500,0.000,0.000,5.100,32.800,21.500,10.700,0.000,0.000,0.000,2.500,0.000,0.000,0.000,0.000,0,0,0,0,0,0,0,0,0,0,0,0,0.000,0.000,0.000,0.000,0,0,0,0,58.004,330.655,0,0.700,3.300,0,0,0.500,2.000,0,0,0.200,1.300,0,0,0,0,0,0.000
356,1979052068,1,0,1,2,222.400,217.700,0.300,3.800,10.600,3.600,0.000,0,29.700,0.000,0.000,48.500,20.700,14.300,6.000,0.000,0.000,0.000,1.300,0.700,1.500,3.700,8.000,0,0,0,0,0,0,0,0,0,0,0,0,0.000,0.000,0.000,0.000,0,0,0,0,55.141,310.323,0,0.400,1.900,0,0,0.300,1.100,0,0,0.100,0.800,0,0,0,0,0,0.000
357,1979052068,1,0,1,2,172.100,167.900,0.200,3.500,13.000,4.100,0.000,0,13.000,0.000,0.000,3.300,23.400,15.300,7.600,0.000,0.000,0.000,1.500,0.000,0.000,0.000,0.000,0,0,0,0,0,0,0,0,0,0,0,0,0.000,0.000,0.000,0.000,0,0,0,0,52.740,284.687,0,0.400,2.300,0,0,0.300,1.400,0,0,0.100,0.900,0,0,0,0,0,0.000
358,1979052068,1,0,1,2,357.400,348.300,0.700,7.400,18.600,6.200,0.000,0,94.000,0.000,0.000,4.600,35.700,23.500,11.700,0.000,0.000,0.000,2.200,0.000,0.000,0.000,0.000,0,0,0,0,0,0,0,0,0,0,0,0,0.000,0.000,0.000,0.000,0,0,0,0,52.913,296.137,0,0.700,3.600,0,0,0.500,2.200,0,0,0.200,1.400,0,0,0,0,0,0.000
359,1979052068,1,0,1,2,343.600,335.900,0.400,6.500,16.300,5.200,0.000,0,22.400,0.000,0.000,59.700,30.000,19.800,9.700,0.000,0.000,0.000,2.100,1.000,2.100,5.700,12.900,0,0,0,0,0,0,0,0,0,0,0,0,0.000,0.000,0.000,0.000,0,0,0,0,52.388,303.295,0,0.600,2.800,0,0,0.400,1.600,0,0,0.200,1.200,0,0,0,0,0,0.000
360,1979052068,1,0,1,2,329.800,321.700,0.700,6.500,17.800,5.800,0.000,0,86.600,0.000,0.000,4.400,32.100,21.200,10.300,0.000,0.000,0.000,2.200,0.000,0.000,0.000,0.000,0,0,0,0,0,0,0,0,0,0,0,0,0.000,0.000,0.000,0.000,0,0,0,0,52.048,306.608,0,0.600,3.300,0,0,0.400,2.000,0,0,0.200,1.300,0,0,0,0,0,0.000
361,1979052068,1,0,1,2,320.900,314.200,0.500,5.500,17.900,6.100,0.000,0,76.600,0.000,0.000,4.900,32.900,21.800,10.600,0.000,0.000,0.000,2.300,0.000,0.000,0.000,0.000,0,0,0,0,0,0,0,0,0,0,0,0,0.000,0.000,0.000,0.000,0,0,0,0,52.274,307.974,0,0.900,3.500,0,0,0.700,2.200,0,0,0.200,1.300,0,0,0,0,0,0.000
362,1979052068,1,0,1,2,347.200,340.100,0.400,6.000,15.300,5.100,0.000,0,45.500,0.000,0.000,56.000,28.500,18.800,9.100,0.000,0.000,0.000,2.000,0.900,2.000,5.200,11.900,0,0,0,0,0,0,0,0,0,0,0,0,0.000,0.000,0.000,0.000,0,0,0,0,51.450,313.757,0,0.600,2.600,0,0,0.400,1.400,0,0,0.200,1.200,0,0,0,0,0,0.000
363,1979052068,1,0,1,2,174.000,170.700,0.200,2.800,27.300,2.400,0.000,0,34.200,0.000,0.000,1.800,14.200,9.700,4.400,0.000,0.000,0.000,0.900,0.000,0.000,0.000,0.000,0,0,0,0,0,0,0,0,0,0,0,0,0.000,0.000,0.000,0.000,0,0,0,0,51.747,288.007,0,0.300,1.500,0,0,0.200,0.900,0,0,0.100,0.600,0,0,0,0,0,0.000
364,1979052068,1,0,1,2,176.300,171.400,0.300,4.100,11.600,3.900,0.000,0,16.100,0.000,0.000,3.300,21.800,14.600,6.900,0.000,0.000,0.000,1.800,0.000,0.000,0.000,0.000,0,0,0,0,0,0,0,0,0,0,0,0,0.000,0.000,0.000,0.000,0,0,0,0,49.219,267.017,0,0.500,2.300,0,0,0.300,1.400,0,0,0.200,0.900,0,0,0,0,0,0.000
365,1979052068,1,0,1,2,485.400,477.100,0.500,6.800,19.800,6.100,0.000,0,54.900,0.000,0.000,80.300,36.000,23.600,11.700,0.000,0.000,0.000,2.600,1.200,2.500,7.400,14.900,0,0,0,0,0,0,0,0,0,0,0,0,0.000,0.000,0.000,0.000,0,0,0,0,51.735,304.832,0,0.700,3.300,0,0,0.500,1.800,0,0,0.200,1.500,0,0,0,0,0,0.000
366,1979052068,1,0,1,2,487.300,474.600,0.600,10.900,26.400,6.100,0.000,0,124.900,0.000,0.000,4.800,36.300,24.200,11.600,0.000,0.000,0.000,2.300,0.000,0.000,0.000,0.000,0,0,0,0,0,0,0,0,0,0,0,0,0.000,0.000,0.000,0.000,0,0,0,0,52.971,335.390,0,0.800,4.000,0,0,0.500,2.500,0,0,0.300,1.500,0,0,0,0,0,0.000
367,1979052068,1,0,1,2,362.200,354.400,0.400,6.400,18.200,5.800,0.000,0,24.000,0.000,0.000,95.300,33.300,22.000,10.700,0.000,0.000,0.000,2.200,1.200,2.900,6.200,14.100,0,0,0,0,0,0,0,0,0,0,0,0,0.000,0.000,0.000,0.000,0,0,0,0,53.642,338.812,0,0.900,3.000,0,0,0.700,1.700,0,0,0.200,1.300,0,0,0,0,0,0.000
368,1979052068,1,0,1,2,355.900,347.400,0.500,7.100,18.800,6.200,0.000,0,93.000,0.000,0.000,5.000,34.800,22.700,11.500,0.000,0.000,0.000,2.500,0.000,0.000,0.000,0.000,0,0,0,0,0,0,0,0,0,0,0,0,0.000,0.000,0.000,0.000,0,0,0,0,56.137,340.358,0,0.700,3.400,0,0,0.500,2.100,0,0,0.200,1.300,0,0,0,0,0,0.000
369,1979052068,1,0,1,2,352.100,344.100,0.700,6.400,36.500,6.000,0.000,0,24.100,0.000,0.000,66.700,32.600,21.300,10.700,0.000,0.000,0.000,2.300,1.100,2.500,6.400,14.000,0,0,0,0,0,0,0,0,0,0,0,0,0.000,0.000,0.000,0.000,0,0,0,0,56.490,341.032,0,0.600,3.000,0,0,0.400,1.700,0,0,0.200,1.300,0,0,0,0,0,0.000
370,1979052068,1,0,1,2,342.600,334.800,0.400,6.500,17.200,5.700,0.000,0,100.400,0.000,0.000,4.400,32.600,21.200,10.700,0.000,0.000,0.000,2.200,0.000,0.000,0.000,0.000,0,0,0,0,0,0,0,0,0,0,0,0,0.000,0.000,0.000,0.000,0,0,0,0,55.430,339.910,0,0.700,3.400,0,0,0.400,2.000,0,0,0.300,1.400,0,0,0,0,0,0.000
371,1979052068,1,0,1,2,421.100,412.400,0.500,7.200,19.600,6.100,0.000,0,57.200,0.000,0.000,72.300,36.000,23.900,11.400,0.000,0.000,0.000,2.500,1.200,2.600,7.100,15.000,0,0,0,0,0,0,0,0,0,0,0,0,0.000,0.000,0.000,0.000,0,0,0,0,56.792,352.958,0,0.600,3.300,0,0,0.400,1.900,0,0,0.200,1.400,0,0,0,0,0,0.000
372,1979052068,1,0,1,2,330.600,322.800,0.400,6.500,17.300,5.700,0.000,0,88.200,0.000,0.000,4.500,32.400,21.100,10.700,0.000,0.000,0.000,2.200,0.000,0.000,0.000,0.000,0,0,0,0,0,0,0,0,0,0,0,0,0.000,0.000,0.000,0.000,0,0,0,0,55.606,347.530,0,1.000,3.200,0,0,0.800,1.900,0,0,0.200,1.300,0,0,0,0,0,0.000
373,1979052068,1,0,1,2,280.400,272.600,0.400,6.400,18.700,6.200,0.000,0,23.800,0.000,0.000,4.900,35.300,23.200,11.600,0.000,0.000,0.000,2.300,0.000,0.000,0.000,0.000,0,0,0,0,0,0,0,0,0,0,0,0,0.000,0.000,0.000,0.000,0,0,0,0,54.849,334.042,0,0.800,3.500,0,0,0.600,2.100,0,0,0.200,1.400,0,0,0,0,0,0.000
374,1979052068,1,0,1,2,372.300,364.400,0.400,6.500,19.300,6.400,0.000,0,50.700,0.000,0.000,68.900,34.600,22.700,11.400,0.000,0.000,0.000,2.400,1.100,2.500,6.900,15.200,0,0,0,0,0,0,0,0,0,0,0,0,0.000,0.000,0.000,0.000,0,0,0,0,54.984,339.507,0,0.600,3.300,0,0,0.400,1.800,0,0,0.200,1.500,0,0,0,0,0,0.000
375,1979052068,1,0,1,2,348.000,339.800,0.500,6.900,17.300,5.600,0.000,0,104.900,0.000,0.000,4.300,32.200,20.800,10.800,0.000,0.000,0.000,2.000,0.000,0.000,0.000,0.000,0,0,0,0,0,0,0,0,0,0,0,0,0.000,0.000,0.000,0.000,0,0,0,0,53.979,339.560,0,0.600,3.300,0,0,0.400,2.000,0,0,0.200,1.300,0,0,0,0,0,0.000
376,1979052068,1,0,1,2,286.900,279.200,0.400,6.400,17.900,23.600,0.000,0,28.100,0.000,0.000,4.500,32.100,21.000,10.500,0.000,0.000,0.000,2.200,0.000,0.000,0.000,0.000,0,0,0,0,0,0,0,0,0,0,0,0,0.000,0.000,0.000,0.000,0,0,0,0,53.227,328.695,0,0.600,3.300,0,0,0.400,2.000,0,0,0.200,1.300,0,0,0,0,0,0.000
377,1979052068,1,0,1,2,388.300,381.100,0.400,6.000,18.700,6.100,0.000,0,48.100,0.000,0.000,68.500,34.900,22.700,11.300,0.000,0.000,0.000,2.400,1.100,2.700,6.800,14.800,0,0,0,0,0,0,0,0,0,0,0,0,0.000,0.000,0.000,0.000,0,0,0,0,54.140,338.128,0,0.700,3.400,0,0,0.500,2.000,0,0,0.200,1.400,0,0,0,0,0,0.000
378,1979052068,1,0,1,2,288.400,281.500,0.400,5.700,15.200,5.000,0.000,0,76.200,0.000,0.000,3.900,28.500,18.800,9.200,0.000,0.000,0.000,1.900,0.000,0.000,0.000,0.000,0,0,0,0,0,0,0,0,0,0,0,0,0.000,0.000,0.000,0.000,0,0,0,0,53.593,327.935,0,0.600,2.900,0,0,0.400,1.800,0,0,0.200,1.100,0,0,0,0,0,0.000
379,1979052068,1,0,1,2,506.200,497.400,0.500,7.400,28.800,6.600,0.000,0,57.900,0.000,0.000,126.000,57.100,38.200,18.100,0.000,0.000,0.000,4.000,1.500,4.000,9.900,24.800,0,0,0,0,0,0,0,0,0,0,0,0,0.000,0.000,0.000,0.000,0,0,0,0,56.816,358.438,0,1.600,5.500,0,0,1.100,3.100,0,0,0.500,2.400,0,0,0,0,0,0.000
380,1979052068,1,0,1,2,347.600,339.300,0.600,6.700,17.300,5.800,0.000,0,104.800,0.000,0.000,4.500,31.800,20.600,10.600,0.000,0.000,0.000,2.300,0.000,0.000,0.000,0.000,0,0,0,0,0,0,0,0,0,0,0,0,0.000,0.000,0.000,0.000,0,0,0,0,55.787,354.994,0,0.600,3.300,0,0,0.400,2.000,0,0,0.200,1.300,0,0,0,0,0,0.000
381,1979052068,1,0,1,2,382.500,374.000,0.400,7.200,18.400,5.700,0.000,0,52.300,0.000,0.000,68.600,33.700,22.200,10.900,0.000,0.000,0.000,2.500,1.100,2.900,6.400,14.100,0,0,0,0,0,0,0,0,0,0,0,0,0.000,0.000,0.000,0.000,0,0,0,0,56.545,358.415,0,0.600,3.000,0,0,0.400,1.600,0,0,0.200,1.400,0,0,0,0,0,0.000
382,1979052068,1,0,1,2,287.200,279.000,0.400,6.900,18.700,6.100,0.000,0,25.700,0.000,0.000,4.800,34.500,22.600,11.300,0.000,0.000,0.000,2.300,0.000,0.000,0.000,0.000,0,0,0,0,0,0,0,0,0,0,0,0,0.000,0.000,0.000,0.000,0,0,0,0,56.159,344.120,0,0.700,3.400,0,0,0.400,2.100,0,0,0.300,1.300,0,0,0,0,0,0.000
383,1979052068,1,0,1,2,349.300,341.400,0.600,6.500,19.300,6.400,0.000,0,87.000,0.000,0.000,5.100,35.100,22.700,11.700,0.000,0.000,0.000,2.300,0.000,0.000,0.000,0.000,0,0,0,0,0,0,0,0,0,0,0,0,0.000,0.000,0.000,0.000,0,0,0,0,55.015,343.630,0,0.600,3.500,0,0,0.400,2.100,0,0,0.200,1.400,0,0,0,0,0,0.000
384,1979052068,1,0,1,2,351.800,344.200,0.400,6.400,17.400,5.800,0.000,0,23.600,0.000,0.000,65.700,33.600,22.200,10.800,0.000,0.000,0.000,2.300,1.100,2.300,6.400,14.200,0,0,0,0,0,0,0,0,0,0,0,0,0.000,0.000,0.000,0.000,0,0,0,0,55.264,343.733,0,0.700,3.200,0,0,0.400,1.800,0,0,0.300,1.400,0,0,0,0,0,0.000
385,1979052068,1,0,1,2,358.300,349.600,0.500,7.300,18.800,6.200,0.000,0,95.100,0.000,0.000,4.700,34.700,22.400,11.600,0.000,0.000,0.000,2.300,0.000,0.000,0.000,0.000,0,0,0,0,0,0,0,0,0,0,0,0,0.000,0.000,0.000,0.000,0,0,0,0,55.018,344.789,0,0.700,3.600,0,0,0.500,2.200,0,0,0.200,1.400,0,0,0,0,0,0.000
386,1979052068,1,0,1,2,425.600,417.200,0.400,6.900,19.300,6.500,0.000,0,25.600,0.000,0.000,139.700,36.000,23.900,11.500,0.000,0.000,0.000,2.400,1.100,2.500,76.800,15.600,0,0,0,0,0,0,0,0,0,0,0,0,0.000,0.000,0.000,0.000,0,0,0,0,55.861,357.823,0,0.600,3.400,0,0,0.400,2.000,0,0,0.200,1.400,0,0,0,0,0,0.000
387,1979052068,1,0,1,2,289.500,282.500,0.500,5.700,15.500,5.100,0.000,0,77.400,0.000,0.000,4.000,28.200,18.500,9.200,0.000,0.000,0.000,2.000,0.000,0.000,0.000,0.000,0,0,0,0,0,0,0,0,0,0,0,0,0.000,0.000,0.000,0.000,0,0,0,0,54.338,344.265,0,0.600,3.000,0,0,0.400,1.800,0,0,0.200,1.200,0,0,0,0,0,0.000
388,1979052068,1,0,1,2,326.900,319.100,0.500,6.400,17.100,5.700,0.000,0,86.600,0.000,0.000,4.200,32.300,21.200,10.500,0.000,0.000,0.000,2.100,0.000,0.000,0.000,0.000,0,0,0,0,0,0,0,0,0,0,0,0,0.000,0.000,0.000,0.000,0,0,0,0,53.881,339.735,0,0.700,3.300,0,0,0.500,2.000,0,0,0.200,1.300,0,0,0,0,0,0.000
389,1979052068,1,0,1,2,332.900,325.200,0.500,6.400,18.300,5.900,0.000,0,24.200,0.000,0.000,67.000,33.100,21.800,10.600,0.000,0.000,0.000,2.300,1.100,2.300,6.500,14.100,0,0,0,0,0,0,0,0,0,0,0,0,0.000,0.000,0.000,0.000,0,0,0,0,54.785,337.119,0,0.800,3.000,0,0,0.600,1.700,0,0,0.200,1.300,0,0,0,0,0,0.000
390,1979052068,1,0,1,2,331.900,324.000,0.500,6.400,17.600,5.500,0.000,0,89.000,0.000,0.000,4.600,32.200,20.900,10.800,0.000,0.000,0.000,2.200,0.000,0.000,0.000,0.000,0,0,0,0,0,0,0,0,0,0,0,0,0.000,0.000,0.000,0.000,0,0,0,0,55.165,334.757,0,0.600,3.400,0,0,0.400,2.000,0,0,0.200,1.400,0,0,0,0,0,0.000
391,1979052068,1,0,1,2,406.100,397.400,0.500,7.200,18.700,6.200,0.000,0,55.100,0.000,0.000,69.200,34.800,22.600,11.700,0.000,0.000,0.000,2.400,1.100,2.500,7.000,15.100,0,0,0,0,0,0,0,0,0,0,0,0,0.000,0.000,0.000,0.000,0,0,0,0,56.558,346.033,0,0.800,3.400,0,0,0.500,1.900,0,0,0.300,1.500,0,0,0,0,0,0.000
392,1979052068,1,0,1,2,387.500,379.100,0.400,7.000,19.000,6.100,0.000,0,105.600,0.000,0.000,4.800,53.600,40.900,12.000,0.000,0.000,0.000,2.400,0.000,0.000,0.000,0.000,0,0,0,0,0,0,0,0,0,0,0,0,0.000,0.000,0.000,0.000,0,0,0,0,56.349,351.985,0,0.700,3.700,0,0,0.500,2.100,0,0,0.200,1.600,0,0,0,0,0,0.000
393,1979052068,1,0,1,2,380.400,372.600,0.400,6.500,17.800,5.700,0.000,0,52.100,0.000,0.000,67.500,52.100,21.400,30.100,0.000,0.000,0.000,2.300,1.000,2.500,6.000,13.900,0,0,0,0,0,0,0,0,0,0,0,0,0.000,0.000,0.000,0.000,0,0,0,0,56.520,355.696,0,0.700,22.100,0,0,0.400,1.800,0,0,0.300,20.300,0,0,0,0,0,0.000
394,1979052068,1,0,1,2,347.000,339.100,0.400,6.700,17.800,5.700,0.000,0,98.900,0.000,0.000,4.600,33.500,22.000,10.900,0.000,0.000,0.000,2.400,0.000,0.000,0.000,0.000,0,0,0,0,0,0,0,0,0,0,0,0,0.000,0.000,0.000,0.000,0,0,0,0,56.571,352.709,0,0.500,3.500,0,0,0.400,2.100,0,0,0.100,1.400,0,0,0,0,0,0.000
395,1979052068,1,0,1,2,282.000,274.100,0.300,6.700,18.600,5.800,0.000,0,25.500,0.000,0.000,4.700,33.600,22.500,10.500,0.000,0.000,0.000,2.200,0.000,0.000,0.000,0.000,0,0,0,0,0,0,0,0,0,0,0,0,0.000,0.000,0.000,0.000,0,0,0,0,56.000,338.559,0,0.800,3.300,0,0,0.600,2.000,0,0,0.200,1.300,0,0,0,0,0,0.000
396,1979052068,1,0,1,2,415.700,407.700,0.400,6.700,29.100,6.100,0.000,0,56.200,0.000,0.000,86.200,35.900,23.500,11.700,0.000,0.000,0.000,3.000,1.600,3.600,8.800,20.600,0,0,0,0,0,0,0,0,0,0,0,0,0.000,0.000,0.000,0.000,0,0,0,0,57.908,351.004,0,0.600,3.200,0,0,0.400,1.800,0,0,0.200,1.400,0,0,0,0,0,0.000
397,1979052068,1,0,1,2,355.600,347.800,0.400,6.500,19.200,6.500,0.000,0,89.600,0.000,0.000,5.000,35.500,23.300,11.600,0.000,0.000,0.000,2.400,0.000,0.000,0.000,0.000,0,0,0,0,0,0,0,0,0,0,0,0,0.000,0.000,0.000,0.000,0,0,0,0,57.547,350.428,0,0.700,3.700,0,0,0.500,2.300,0,0,0.200,1.400,0,0,0,0,0,0.000
398,1979052068,1,0,1,2,278.500,271.600,0.400,5.800,14.900,4.800,0.000,0,67.200,0.000,0.000,3.700,28.400,18.600,9.300,0.000,0.000,0.000,1.700,0.000,0.000,0.000,0.000,0,0,0,0,0,0,0,0,0,0,0,0,0.000,0.000,0.000,0.000,0,0,0,0,55.090,336.239,0,0.600,2.800,0,0,0.400,1.700,0,0,0.200,1.100,0,0,0,0,0,0.000
399,1979052068,1,0,1,2,370.700,362.900,0.400,6.500,17.800,5.800,0.000,0,24.000,0.000,0.000,63.700,32.700,21.400,10.800,0.000,0.000,0.000,2.600,1.000,2.200,6.100,13.700,0,0,0,0,0,0,0,0,0,0,0,0,0.000,0.000,0.000,0.000,0,0,0,0,54.912,341.038,0,0.700,3.100,0,0,0.400,1.700,0,0,0.300,1.400,0,0,0,0,0,0.000
400,1979052068,1,0,1,2,339.900,332.400,0.400,6.300,16.600,5.200,0.000,0,79.700,0.000,0.000,4.200,30.000,19.700,9.800,0.000,0.000,0.000,2.200,0.000,0.000,0.000,0.000,0,0,0,0,0,0,0,0,0,0,0,0,0.000,0.000,0.000,0.000,0,0,0,0,53.578,339.483,0,0.600,3.000,0,0,0.400,1.800,0,0,0.200,1.200,0,0,0,0,0,0.000
401,1979052068,1,0,1,2,314.400,282.300,26.000,5.400,15.600,5.000,0.000,0,78.200,0.000,0.000,4.400,27.800,18.300,9.000,0.000,0.000,0.000,2.500,0.000,0.000,0.000,0.000,0,0,0,0,0,0,0,0,0,0,0,0,0.000,0.000,0.000,0.000,0,0,0,0,52.286,329.190,0,0.600,2.900,0,0,0.400,1.800,0,0,0.200,1.100,0,0,0,0,0,0.000
402,1979052068,1,0,1,2,317.500,310.800,0.300,5.600,17.600,20.900,0.000,0,20.500,0.000,0.000,66.200,29.600,19.400,9.300,0.000,0.000,0.000,2.000,0.900,2.100,6.100,12.900,0,0,0,0,0,0,0,0,0,0,0,0,0.000,0.000,0.000,0.000,0,0,0,0,52.882,325.880,0,0.500,2.700,0,0,0.300,1.500,0,0,0.200,1.200,0,0,0,0,0,0.000
403,1979052068,1,0,1,2,189.600,184.700,0.300,4.100,10.200,3.300,0.000,0,49.300,0.000,0.000,2.600,20.700,14.300,5.900,0.000,0.000,0.000,1.300,0.000,0.000,0.000,0.000,0,0,0,0,0,0,0,0,0,0,0,0,0.000,0.000,0.000,0.000,0,0,0,0,50.402,300.467,0,0.500,2.000,0,0,0.300,1.200,0,0,0.200,0.800,0,0,0,0,0,0.000
404,1979052068,1,0,1,2,176.600,172.900,0.300,3.000,8.600,2.800,0.000,0,25.100,0.000,0.000,35.000,16.600,11.400,4.900,0.000,0.000,0.000,1.200,0.600,1.300,3.000,6.500,0,0,0,0,0,0,0,0,0,0,0,0,0.000,0.000,0.000,0.000,0,0,0,0,50.167,277.505,0,0.400,1.500,0,0,0.300,0.900,0,0,0.100,0.600,0,0,0,0,0,0.000
405,1979052068,1,0,1,2,262.600,257.600,0.300,4.100,16.500,5.000,0.000,0,54.400,0.000,0.000,4.300,28.500,18.400,9.700,0.000,0.000,0.000,2.200,0.000,0.000,0.000,0.000,0,0,0,0,0,0,0,0,0,0,0,0,0.000,0.000,0.000,0.000,0,0,0,0,52.189,273.922,0,0.500,3.000,0,0,0.400,1.800,0,0,0.100,1.200,0,0,0,0,0,0.000
406,1979052068,1,0,1,2,508.300,499.500,0.400,7.500,19.300,6.100,0.000,0,57.800,0.000,0.000,71.400,35.700,23.200,11.500,0.000,0.000,0.000,2.500,1.100,2.400,6.700,15.200,0,0,0,0,0,0,0,0,0,0,0,0,0.000,0.000,0.000,0.000,0,0,0,0,54.909,314.526,0,0.700,3.400,0,0,0.400,1.900,0,0,0.300,1.500,0,0,0,0,0,0.000
407,1979052068,1,0,1,2,400.900,392.200,0.700,7.100,18.900,6.100,0.000,0,91.300,0.000,0.000,5.000,78.600,22.700,55.300,0.000,0.000,0.000,2.300,0.000,0.000,0.000,0.000,0,0,0,0,0,0,0,0,0,0,0,0,0.000,0.000,0.000,0.000,0,0,0,0,55.069,328.508,0,0.600,3.600,0,0,0.400,2.200,0,0,0.200,1.400,0,0,0,0,0,0.000
408,1979052068,1,0,1,2,365.900,358.000,0.400,6.500,17.600,5.800,0.000,0,58.900,0.000,0.000,66.400,33.700,22.200,10.900,0.000,0.000,0.000,2.200,1.200,2.300,6.300,13.600,0,0,0,0,0,0,0,0,0,0,0,0,0.000,0.000,0.000,0.000,0,0,0,0,55.795,333.816,0,0.600,3.300,0,0,0.400,1.700,0,0,0.200,1.600,0,0,0,0,0,0.000
409,1979052068,1,0,1,2,315.900,307.300,0.700,6.900,18.000,5.600,0.000,0,25.800,0.000,0.000,4.900,32.300,21.100,10.600,0.000,0.000,0.000,2.200,0.000,0.000,0.000,0.000,0,0,0,0,0,0,0,0,0,0,0,0,0.000,0.000,0.000,0.000,0,0,0,0,54.896,329.043,0,0.600,3.400,0,0,0.400,2.000,0,0,0.200,1.400,0,0,0,0,0,0.000
410,1979052068,1,0,1,2,348.900,340.700,0.600,6.800,18.100,5.700,0.000,0,85.900,0.000,0.000,4.600,32.700,21.600,10.500,0.000,0.000,0.000,2.400,0.000,0.000,0.000,0.000,0,0,0,0,0,0,0,0,0,0,0,0,0.000,0.000,0.000,0.000,0,0,0,0,53.637,331.142,0,0.600,3.300,0,0,0.400,2.000,0,0,0.200,1.300,0,0,0,0,0,0.000
411,1979052068,1,0,1,2,354.200,346.400,0.400,6.500,17.500,5.600,0.000,0,50.700,0.000,0.000,64.300,32.400,21.100,10.700,0.000,0.000,0.000,2.600,0.900,2.200,6.400,14.000,0,0,0,0,0,0,0,0,0,0,0,0,0.000,0.000,0.000,0.000,0,0,0,0,53.972,333.888,0,0.600,2.900,0,0,0.500,1.600,0,0,0.100,1.300,0,0,0,0,0,0.000
412,1979052068,1,0,1,2,366.300,357.500,0.600,7.500,18.900,5.900,0.000,0,99.700,0.000,0.000,5.100,35.800,23.400,11.700,0.000,0.000,0.000,2.700,0.000,0.000,0.000,0.000,0,0,0,0,0,0,0,0,0,0,0,0,0.000,0.000,0.000,0.000,0,0,0,0,54.625,338.138,0,0.800,3.700,0,0,0.500,2.300,0,0,0.300,1.400,0,0,0,0,0,0.000
413,1979052068,1,0,1,2,360.300,351.900,0.400,7.100,11.700,6.200,0.000,0,55.000,0.000,0.000,66.000,35.400,23.700,11.100,0.000,0.000,0.000,1.900,0.800,1.800,5.100,11.800,0,0,0,0,0,0,0,0,0,0,0,0,0.000,0.000,0.000,0.000,0,0,0,0,51.363,340.615,0,0.600,3.600,0,0,0.500,2.200,0,0,0.100,1.400,0,0,0,0,0,0.000
414,1979052068,1,0,1,2,139.700,135.900,0.300,3.200,9.100,3.000,0.000,0,12.400,0.000,0.000,2.500,17.600,11.700,5.500,0.000,0.000,0.000,1.300,0.000,0.000,0.000,0.000,0,0,0,0,0,0,0,0,0,0,0,0,0.000,0.000,0.000,0.000,0,0,0,0,47.967,303.767,0,0.300,1.800,0,0,0.200,1.100,0,0,0.100,0.700,0,0,0,0,0,0.000
415,1979052068,1,0,1,2,366.300,348.000,0.400,16.800,18.100,5.900,0.000,0,88.800,0.000,0.000,5.000,52.300,40.500,10.900,0.000,0.000,0.000,2.600,0.000,0.000,0.000,0.000,0,0,0,0,0,0,0,0,0,0,0,0,0.000,0.000,0.000,0.000,0,0,0,0,49.395,311.729,0,0.700,3.400,0,0,0.500,2.000,0,0,0.200,1.400,0,0,0,0,0,0.000
416,1979052068,1,0,1,2,386.400,377.000,0.700,7.900,15.300,7.300,0.000,0,34.400,0.000,0.000,56.600,36.800,21.700,14.500,0.000,0.000,0.000,2.100,1.000,2.100,5.700,12.300,0,0,0,0,0,0,0,0,0,0,0,0,0.000,0.000,0.000,0.000,0,0,0,0,49.486,323.477,0,0.600,3.300,0,0,0.300,1.500,0,0,0.300,1.800,0,0,0,0,0,0.000
417,1979052068,1,0,1,2,577.900,568.300,0.600,7.800,28.000,9.900,0.000,0,100.900,0.000,0.000,8.000,50.600,34.300,15.500,0.000,0.000,0.000,4.200,0.000,0.000,0.000,0.000,0,0,0,0,0,0,0,0,0,0,0,0,0.000,0.000,0.000,0.000,0,0,0,0,51.037,367.545,0,1.200,6.100,0,0,0.900,4.100,0,0,0.300,2.000,0,0,0,0,0,0.000
418,1979052068,1,0,1,2,378.500,370.700,0.400,6.600,21.400,5.600,0.000,0,51.700,0.000,0.000,64.600,32.500,21.200,10.600,0.000,0.000,0.000,2.300,1.000,2.300,6.400,14.100,0,0,0,0,0,0,0,0,0,0,0,0,0.000,0.000,0.000,0.000,0,0,0,0,51.516,368.113,0,0.700,3.200,0,0,0.500,1.800,0,0,0.200,1.400,0,0,0,0,0,0.000
419,1979052068,1,0,1,2,330.200,322.300,0.500,6.600,17.200,5.700,0.000,0,87.500,0.000,0.000,5.000,31.600,20.700,10.400,0.000,0.000,0.000,2.500,0.000,0.000,0.000,0.000,0,0,0,0,0,0,0,0,0,0,0,0,0.000,0.000,0.000,0.000,0,0,0,0,51.819,359.867,0,0.600,3.200,0,0,0.400,1.900,0,0,0.200,1.300,0,0,0,0,0,0.000
420,1979052068,1,0,1,2,264.900,257.300,0.400,6.400,17.500,6.000,0.000,0,23.800,0.000,0.000,4.500,31.900,20.500,10.900,0.000,0.000,0.000,2.300,0.000,0.000,0.000,0.000,0,0,0,0,0,0,0,0,0,0,0,0,0.000,0.000,0.000,0.000,0,0,0,0,51.456,341.405,0,0.800,3.400,0,0,0.500,2.100,0,0,0.300,1.300,0,0,0,0,0,0.000
421,1979052068,1,0,1,2,281.000,275.200,0.400,4.800,12.700,4.500,0.000,0,51.700,0.000,0.000,47.200,24.100,15.800,7.900,0.000,0.000,0.000,1.600,0.800,1.800,4.400,9.900,0,0,0,0,0,0,0,0,0,0,0,0,0.000,0.000,0.000,0.000,0,0,0,0,49.700,329.488,0,0.500,2.200,0,0,0.300,1.200,0,0,0.200,1.000,0,0,0,0,0,0.000
422,1979052068,1,0,1,2,153.900,149.400,0.200,3.700,10.500,3.400,0.000,0,14.300,0.000,0.000,2.700,19.300,12.800,6.100,0.000,0.000,0.000,1.400,0.000,0.000,0.000,0.000,0,0,0,0,0,0,0,0,0,0,0,0,0.000,0.000,0.000,0.000,0,0,0,0,46.766,297.072,0,0.300,2.100,0,0,0.200,1.300,0,0,0.100,0.800,0,0,0,0,0,0.000
423,1979052068,1,0,1,2,337.300,329.200,0.600,6.700,17.900,6.100,0.000,0,90.200,0.000,0.000,4.900,34.300,22.700,11.000,0.000,0.000,0.000,2.600,0.000,0.000,0.000,0.000,0,0,0,0,0,0,0,0,0,0,0,0,0.000,0.000,0.000,0.000,0,0,0,0,48.446,302.855,0,0.500,3.600,0,0,0.400,2.300,0,0,0.100,1.300,0,0,0,0,0,0.000
424,1979052068,1,0,1,2,228.500,223.700,0.300,4.000,10.800,3.900,0.000,0,32.200,0.000,0.000,44.400,21.100,14.200,6.600,0.000,0.000,0.000,1.400,0.800,1.500,4.000,8.800,0,0,0,0,0,0,0,0,0,0,0,0,0.000,0.000,0.000,0.000,0,0,0,0,47.988,288.607,0,0.500,2.200,0,0,0.300,1.200,0,0,0.200,1.000,0,0,0,0,0,0.000
425,1979052068,1,0,1,2,363.800,355.600,0.500,6.800,17.700,5.700,0.000,0,24.600,0.000,0.000,4.600,31.900,21.000,10.400,0.000,0.000,0.000,2.200,0.000,0.000,0.000,0.000,0,0,0,0,0,0,0,0,0,0,0,0,0.000,0.000,0.000,0.000,0,0,0,0,48.872,300.666,0,0.500,3.400,0,0,0.400,2.000,0,0,0.100,1.400,0,0,0,0,0,0.000
426,1979052068,1,0,1,2,329.900,321.800,0.400,6.800,17.800,5.800,0.000,0,87.200,0.000,0.000,4.600,32.300,21.200,10.500,0.000,0.000,0.000,2.300,0.000,0.000,0.000,0.000,0,0,0,0,0,0,0,0,0,0,0,0,0.000,0.000,0.000,0.000,0,0,0,0,48.931,304.470,0,0.600,3.200,0,0,0.400,2.000,0,0,0.200,1.200,0,0,0,0,0,0.000
427,1979052068,1,0,1,2,314.100,307.300,0.300,5.700,16.800,5.000,0.000,0,44.100,0.000,0.000,58.200,28.500,19.200,9.000,0.000,0.000,0.000,1.900,0.800,2.300,5.400,12.200,0,0,0,0,0,0,0,0,0,0,0,0,0.000,0.000,0.000,0.000,0,0,0,0,48.997,304.979,0,0.500,2.700,0,0,0.300,1.600,0,0,0.200,1.100,0,0,0,0,0,0.000
428,1979052068,1,0,1,2,303.100,294.900,0.500,6.900,19.200,6.600,0.000,0,26.900,0.000,0.000,5.000,36.500,24.200,11.600,0.000,0.000,0.000,2.300,0.000,0.000,0.000,0.000,0,0,0,0,0,0,0,0,0,0,0,0,0.000,0.000,0.000,0.000,0,0,0,0,50.798,303.165,0,0.600,3.700,0,0,0.400,2.200,0,0,0.200,1.500,0,0,0,0,0,0.000
429,1979052068,1,0,1,2,247.500,241.600,0.400,5.000,13.300,4.600,0.000,0,69.800,0.000,0.000,3.500,24.000,15.700,7.800,0.000,0.000,0.000,1.800,0.000,0.000,0.000,0.000,0,0,0,0,0,0,0,0,0,0,0,0,0.000,0.000,0.000,0.000,0,0,0,0,49.160,292.083,0,0.400,2.400,0,0,0.300,1.400,0,0,0.100,1.000,0,0,0,0,0,0.000
430,1979052068,1,0,1,2,252.200,246.500,0.300,4.700,12.600,4.200,0.000,0,17.600,0.000,0.000,50.900,23.800,15.600,7.700,0.000,0.000,0.000,2.100,0.800,1.800,4.600,10.400,0,0,0,0,0,0,0,0,0,0,0,0,0.000,0.000,0.000,0.000,0,0,0,0,48.519,283.878,0,0.500,2.200,0,0,0.300,1.200,0,0,0.200,1.000,0,0,0,0,0,0.000
431,1979052068,1,0,1,2,382.100,373.300,0.600,7.300,26.500,6.100,0.000,0,94.600,0.000,0.000,4.800,36.300,24.400,11.200,0.000,0.000,0.000,2.400,0.000,0.000,0.000,0.000,0,0,0,0,0,0,0,0,0,0,0,0,0.000,0.000,0.000,0.000,0,0,0,0,50.658,299.974,0,0.800,4.100,0,0,0.500,2.600,0,0,0.300,1.500,0,0,0,0,0,0.000
432,1979052068,1,0,1,2,404.500,396.300,0.500,6.900,18.600,6.400,0.000,0,54.600,0.000,0.000,68.400,35.100,22.800,11.500,0.000,0.000,0.000,2.200,1.000,2.600,6.700,15.000,0,0,0,0,0,0,0,0,0,0,0,0,0.000,0.000,0.000,0.000,0,0,0,0,54.679,317.313,0,0.800,3.200,0,0,0.500,1.800,0,0,0.300,1.400,0,0,0,0,0,0.000
433,1979052068,1,0,1,2,340.600,332.500,0.400,6.800,17.300,5.600,0.000,0,86.000,0.000,0.000,4.300,39.500,20.900,18.000,0.000,0.000,0.000,2.000,0.000,0.000,0.000,0.000,0,0,0,0,0,0,0,0,0,0,0,0,0.000,0.000,0.000,0.000,0,0,0,0,53.963,320.047,0,0.600,10.600,0,0,0.400,2.100,0,0,0.200,8.500,0,0,0,0,0,0.000
434,1979052068,1,0,1,2,324.700,316.400,0.400,7.000,19.100,6.100,0.000,0,26.200,0.000,0.000,4.700,35.100,23.100,11.400,0.000,0.000,0.000,2.200,0.000,0.000,0.000,0.000,0,0,0,0,0,0,0,0,0,0,0,0,0.000,0.000,0.000,0.000,0,0,0,0,53.988,319.390,0,0.600,3.600,0,0,0.400,2.100,0,0,0.200,1.500,0,0,0,0,0,0.000
435,1979052068,1,0,1,2,366.200,359.400,0.300,5.700,18.700,6.200,0.000,0,44.700,0.000,0.000,68.500,34.600,22.400,11.500,0.000,0.000,0.000,2.400,1.000,2.600,6.800,14.800,0,0,0,0,0,0,0,0,0,0,0,0,0.000,0.000,0.000,0.000,0,0,0,0,53.756,326.592,0,0.700,3.300,0,0,0.400,1.800,0,0,0.300,1.500,0,0,0,0,0,0.000
436,1979052068,1,0,1,2,265.700,258.100,0.400,6.400,17.600,5.700,0.000,0,24.300,0.000,0.000,4.600,32.200,20.800,10.800,0.000,0.000,0.000,2.300,0.000,0.000,0.000,0.000,0,0,0,0,0,0,0,0,0,0,0,0,0.000,0.000,0.000,0.000,0,0,0,0,52.990,314.263,0,0.600,3.300,0,0,0.400,2.000,0,0,0.200,1.300,0,0,0,0,0,0.000
437,1979052068,1,0,1,2,332.100,324.100,0.500,6.600,17.800,5.900,0.000,0,87.200,0.000,0.000,4.800,32.800,21.600,10.700,0.000,0.000,0.000,2.100,0.000,0.000,0.000,0.000,0,0,0,0,0,0,0,0,0,0,0,0,0.000,0.000,0.000,0.000,0,0,0,0,52.542,316.034,0,0.900,3.400,0,0,0.700,2.100,0,0,0.200,1.300,0,0,0,0,0,0.000
438,1979052068,1,0,1,2,307.000,300.000,0.400,5.800,15.300,5.000,0.000,0,43.600,0.000,0.000,56.200,28.000,18.400,9.100,0.000,0.000,0.000,2.100,0.800,1.900,5.200,12.100,0,0,0,0,0,0,0,0,0,0,0,0,0.000,0.000,0.000,0.000,0,0,0,0,52.066,313.148,0,0.400,2.700,0,0,0.300,1.400,0,0,0.100,1.300,0,0,0,0,0,0.000
439,1979052068,1,0,1,2,262.300,255.900,0.300,5.300,14.600,4.700,0.000,0,63.500,0.000,0.000,3.800,26.100,17.200,8.500,0.000,0.000,0.000,2.200,0.000,0.000,0.000,0.000,0,0,0,0,0,0,0,0,0,0,0,0,0.000,0.000,0.000,0.000,0,0,0,0,50.470,302.843,0,0.500,2.700,0,0,0.400,1.600,0,0,0.100,1.100,0,0,0,0,0,0.000
440,1979052068,1,0,1,2,318.800,311.500,0.400,6.000,21.700,5.200,0.000,0,80.500,0.000,0.000,4.200,30.300,19.900,9.800,0.000,0.000,0.000,2.100,0.000,0.000,0.000,0.000,0,0,0,0,0,0,0,0,0,0,0,0,0.000,0.000,0.000,0.000,0,0,0,0,50.782,304.401,0,0.700,3.100,0,0,0.500,1.900,0,0,0.200,1.200,0,0,0,0,0,0.000
441,1979052068,1,0,1,2,269.300,262.900,0.300,5.300,14.600,4.600,0.000,0,20.100,0.000,0.000,54.000,26.700,17.800,8.600,0.000,0.000,0.000,2.000,0.800,2.200,5.100,11.300,0,0,0,0,0,0,0,0,0,0,0,0,0.000,0.000,0.000,0.000,0,0,0,0,51.487,296.931,0,0.500,2.500,0,0,0.300,1.500,0,0,0.200,1.000,0,0,0,0,0,0.000
442,1979052068,1,0,1,2,347.100,338.900,0.400,6.800,18.100,5.600,0.000,0,103.500,0.000,0.000,4.600,32.200,21.000,10.700,0.000,0.000,0.000,2.200,0.000,0.000,0.000,0.000,0,0,0,0,0,0,0,0,0,0,0,0,0.000,0.000,0.000,0.000,0,0,0,0,51.075,304.486,0,0.600,3.100,0,0,0.400,1.900,0,0,0.200,1.200,0,0,0,0,0,0.000
443,1979052068,1,0,1,2,266.200,258.500,0.400,6.300,17.600,5.400,0.000,0,24.000,0.000,0.000,4.500,33.200,22.000,10.700,0.000,0.000,0.000,2.200,0.000,0.000,0.000,0.000,0,0,0,0,0,0,0,0,0,0,0,0,0.000,0.000,0.000,0.000,0,0,0,0,51.224,296.208,0,0.600,3.200,0,0,0.400,1.900,0,0,0.200,1.300,0,0,0,0,0,0.000
444,1979052068,1,0,1,2,237.100,231.900,0.400,4.300,11.500,3.900,0.000,0,33.800,0.000,0.000,44.500,21.900,14.700,6.900,0.000,0.000,0.000,1.500,0.700,1.500,4.000,9.000,0,0,0,0,0,0,0,0,0,0,0,0,0.000,0.000,0.000,0.000,0,0,0,0,48.753,284.633,0,0.400,1.800,0,0,0.300,1.000,0,0,0.100,0.800,0,0,0,0,0,0.000
445,1979052068,1,0,1,2,328.700,320.900,0.600,6.400,17.300,5.700,0.000,0,86.200,0.000,0.000,4.300,32.700,21.300,10.800,0.000,0.000,0.000,2.100,0.000,0.000,0.000,0.000,0,0,0,0,0,0,0,0,0,0,0,0,0.000,0.000,0.000,0.000,0,0,0,0,48.906,291.161,0,0.600,3.500,0,0,0.400,2.100,0,0,0.200,1.400,0,0,0,0,0,0.000
446,1979052068,1,0,1,2,219.000,212.800,0.400,5.200,14.700,4.800,0.000,0,20.000,0.000,0.000,3.700,26.600,17.400,8.800,0.000,0.000,0.000,1.900,0.000,0.000,0.000,0.000,0,0,0,0,0,0,0,0,0,0,0,0,0.000,0.000,0.000,0.000,0,0,0,0,47.933,277.056,0,0.400,2.800,0,0,0.300,1.600,0,0,0.100,1.200,0,0,0,0,0,0.000
447,1979052068,1,0,1,2,376.500,368.500,0.600,6.600,17.200,5.800,0.000,0,52.300,0.000,0.000,63.400,32.400,21.200,10.700,0.000,0.000,0.000,2.200,1.000,2.300,6.300,13.400,0,0,0,0,0,0,0,0,0,0,0,0,0.000,0.000,0.000,0.000,0,0,0,0,48.953,293.516,0,0.800,3.100,0,0,0.500,1.700,0,0,0.300,1.400,0,0,0,0,0,0.000
448,1979052068,1,0,1,2,295.100,286.800,0.500,7.000,15.300,5.400,0.000,0,81.400,0.000,0.000,4.000,28.700,18.900,9.300,0.000,0.000,0.000,2.000,0.000,0.000,0.000,0.000,0,0,0,0,0,0,0,0,0,0,0,0,0.000,0.000,0.000,0.000,0,0,0,0,48.205,292.307,0,0.700,2.800,0,0,0.600,1.700,0,0,0.100,1.100,0,0,0,0,0,0.000
449,1979052068,1,0,1,2,291.100,283.500,0.400,6.300,22.800,5.600,0.000,0,24.700,0.000,0.000,4.600,33.600,22.300,10.700,0.000,0.000,0.000,2.300,0.000,0.000,0.000,0.000,0,0,0,0,0,0,0,0,0,0,0,0,0.000,0.000,0.000,0.000,0,0,0,0,49.284,290.722,0,0.600,3.500,0,0,0.400,2.100,0,0,0.200,1.400,0,0,0,0,0,0.000
450,1979052068,1,0,1,2,342.000,335.100,0.400,5.800,16.800,5.200,0.000,0,46.500,0.000,0.000,61.800,30.600,19.800,10.200,0.000,0.000,0.000,2.300,1.000,2.100,5.600,13.000,0,0,0,0,0,0,0,0,0,0,0,0,0.000,0.000,0.000,0.000,0,0,0,0,50.529,298.710,0,0.500,3.100,0,0,0.300,1.700,0,0,0.200,1.400,0,0,0,0,0,0.000
451,1979052068,1,0,1,2,281.400,273.800,0.600,6.200,18.900,6.200,0.000,0,24.100,0.000,0.000,4.600,35.200,22.700,11.900,0.000,0.000,0.000,2.300,0.000,0.000,0.000,0.000,0,0,0,0,0,0,0,0,0,0,0,0,0.000,0.000,0.000,0.000,0,0,0,0,50.758,294.226,0,0.800,3.600,0,0,0.500,2.200,0,0,0.300,1.400,0,0,0,0,0,0.000
452,1979052068,1,0,1,2,321.700,314.500,0.400,6.000,16.300,5.400,0.000,0,78.900,0.000,0.000,4.400,31.000,20.700,9.800,0.000,0.000,0.000,2.100,0.000,0.000,0.000,0.000,0,0,0,0,0,0,0,0,0,0,0,0,0.000,0.000,0.000,0.000,0,0,0,0,50.748,297.875,0,0.500,3.100,0,0,0.400,1.900,0,0,0.100,1.200,0,0,0,0,0,0.000
453,1979052068,1,0,1,2,217.100,212.400,0.300,3.900,10.900,3.500,0.000,0,30.400,0.000,0.000,40.800,20.100,13.400,6.400,0.000,0.000,0.000,1.400,0.700,1.500,3.800,8.000,0,0,0,0,0,0,0,0,0,0,0,0,0.000,0.000,0.000,0.000,0,0,0,0,48.705,282.490,0,0.400,1.800,0,0,0.200,1.000,0,0,0.200,0.800,0,0,0,0,0,0.000
454,1979052068,1,0,1,2,286.300,278.000,0.500,6.800,19.000,6.000,0.000,0,25.700,0.000,0.000,4.700,34.800,22.900,11.300,0.000,0.000,0.000,2.300,0.000,0.000,0.000,0.000,0,0,0,0,0,0,0,0,0,0,0,0,0.000,0.000,0.000,0.000,0,0,0,0,49.370,281.682,0,0.700,3.400,0,0,0.400,2.100,0,0,0.300,1.300,0,0,0,0,0,0.000
455,1979052068,1,0,1,2,399.700,391.200,0.700,6.900,29.400,6.300,0.000,0,98.200,0.000,0.000,8.400,38.100,25.900,11.500,0.000,0.000,0.000,4.500,0.000,0.000,0.000,0.000,0,0,0,0,0,0,0,0,0,0,0,0,0.000,0.000,0.000,0.000,0,0,0,0,51.103,301.395,0,1.000,4.800,0,0,0.800,3.400,0,0,0.200,1.400,0,0,0,0,0,0.000
456,1979052068,1,0,1,2,474.800,460.100,0.500,13.100,13.600,6.400,0.000,0,79.700,0.000,0.000,55.500,35.200,23.900,10.800,0.000,0.000,0.000,1.800,0.900,1.900,5.100,10.800,0,0,0,0,0,0,0,0,0,0,0,0,0.000,0.000,0.000,0.000,0,0,0,0,50.383,329.962,0,0.600,3.100,0,0,0.400,1.700,0,0,0.200,1.400,0,0,0,0,0,0.000
457,1979052068,1,0,1,2,346.400,307.100,31.800,6.600,18.600,6.100,0.000,0,25.300,0.000,0.000,5.200,35.300,23.100,11.700,0.000,0.000,0.000,2.600,0.000,0.000,0.000,0.000,0,0,0,0,0,0,0,0,0,0,0,0,0.000,0.000,0.000,0.000,0,0,0,0,51.052,325.847,0,0.600,3.500,0,0,0.400,2.100,0,0,0.200,1.400,0,0,0,0,0,0.000
458,1979052068,1,0,1,2,325.200,317.200,0.600,6.600,16.200,8.600,0.000,0,83.200,0.000,0.000,4.200,37.700,22.000,15.200,0.000,0.000,0.000,2.200,0.000,0.000,0.000,0.000,0,0,0,0,0,0,0,0,0,0,0,0,0.000,0.000,0.000,0.000,0,0,0,0,50.845,324.290,0,0.800,3.500,0,0,0.400,1.800,0,0,0.400,1.700,0,0,0,0,0,0.000
459,1979052068,1,0,1,2,326.600,318.500,0.400,6.900,17.300,5.700,0.000,0,23.800,0.000,0.000,64.000,32.400,21.200,10.500,0.000,0.000,0.000,2.100,0.900,2.300,6.200,14.000,0,0,0,0,0,0,0,0,0,0,0,0,0.000,0.000,0.000,0.000,0,0,0,0,52.133,323.248,0,0.600,3.000,0,0,0.400,1.700,0,0,0.200,1.300,0,0,0,0,0,0.000
460,1979052068,1,0,1,2,333.000,325.000,0.500,6.600,17.400,5.500,0.000,0,90.000,0.000,0.000,4.400,32.100,21.000,10.600,0.000,0.000,0.000,2.000,0.000,0.000,0.000,0.000,0,0,0,0,0,0,0,0,0,0,0,0,0.000,0.000,0.000,0.000,0,0,0,0,52.199,323.563,0,0.700,3.300,0,0,0.400,2.000,0,0,0.300,1.300,0,0,0,0,0,0.000
461,1979052068,1,0,1,2,261.600,254.900,0.400,5.500,14.200,4.700,0.000,0,62.700,0.000,0.000,3.900,27.000,17.900,8.600,0.000,0.000,0.000,1.900,0.000,0.000,0.000,0.000,0,0,0,0,0,0,0,0,0,0,0,0,0.000,0.000,0.000,0.000,0,0,0,0,50.939,311.204,0,0.900,2.600,0,0,0.700,1.600,0,0,0.200,1.000,0,0,0,0,0,0.000
462,1979052068,1,0,1,2,375.500,367.200,0.500,6.900,19.400,6.200,0.000,0,25.700,0.000,0.000,90.500,35.700,23.700,11.400,0.000,0.000,0.000,2.600,1.100,2.300,7.000,34.200,0,0,0,0,0,0,0,0,0,0,0,0,0.000,0.000,0.000,0.000,0,0,0,0,52.588,321.283,0,0.800,3.100,0,0,0.500,1.800,0,0,0.300,1.300,0,0,0,0,0,0.000
463,1979052068,1,0,1,2,235.400,229.700,0.300,4.800,12.800,4.200,0.000,0,56.800,0.000,0.000,3.200,23.800,15.800,7.700,0.000,0.000,0.000,1.600,0.000,0.000,0.000,0.000,0,0,0,0,0,0,0,0,0,0,0,0,0.000,0.000,0.000,0.000,0,0,0,0,50.628,304.798,0,0.500,2.400,0,0,0.300,1.500,0,0,0.200,0.900,0,0,0,0,0,0.000
464,1979052068,1,0,1,2,289.700,282.900,0.400,5.600,15.000,5.100,0.000,0,78.800,0.000,0.000,3.900,28.200,18.400,9.300,0.000,0.000,0.000,1.900,0.000,0.000,0.000,0.000,0,0,0,0,0,0,0,0,0,0,0,0,0.000,0.000,0.000,0.000,0,0,0,0,49.327,300.857,0,0.600,2.800,0,0,0.400,1.600,0,0,0.200,1.200,0,0,0,0,0,0.000
465,1979052068,1,0,1,2,345.800,338.000,0.400,6.600,18.300,6.000,0.000,0,23.600,0.000,0.000,66.000,33.100,21.800,10.800,0.000,0.000,0.000,2.300,1.100,2.200,6.200,13.800,0,0,0,0,0,0,0,0,0,0,0,0,0.000,0.000,0.000,0.000,0,0,0,0,51.050,307.542,0,0.600,2.900,0,0,0.400,1.600,0,0,0.200,1.300,0,0,0,0,0,0.000
466,1979052068,1,0,1,2,345.300,337.400,0.400,6.600,18.700,5.600,0.000,0,99.100,0.000,0.000,4.400,32.500,21.300,10.600,0.000,0.000,0.000,2.200,0.000,0.000,0.000,0.000,0,0,0,0,0,0,0,0,0,0,0,0,0.000,0.000,0.000,0.000,0,0,0,0,53.147,312.917,0,0.500,3.500,0,0,0.400,2.100,0,0,0.100,1.400,0,0,0,0,0,0.000
467,1979052068,1,0,1,2,433.900,426.200,0.400,6.500,17.400,5.700,0.000,0,50.600,0.000,0.000,64.400,33.200,21.700,10.900,0.000,0.000,0.000,2.300,1.100,2.200,6.200,14.000,0,0,0,0,0,0,0,0,0,0,0,0,0.000,0.000,0.000,0.000,0,0,0,0,54.165,333.308,0,0.600,3.100,0,0,0.400,1.700,0,0,0.200,1.400,0,0,0,0,0,0.000
468,1979052068,1,0,1,2,329.900,322.000,0.500,6.500,17.700,6.000,0.000,0,87.300,0.000,0.000,4.600,32.100,21.000,10.600,0.000,0.000,0.000,2.200,0.000,0.000,0.000,0.000,0,0,0,0,0,0,0,0,0,0,0,0,0.000,0.000,0.000,0.000,0,0,0,0,53.181,331.272,0,0.600,3.300,0,0,0.400,2.000,0,0,0.200,1.300,0,0,0,0,0,0.000
469,1979052068,1,0,1,2,354.300,346.600,0.400,6.500,17.100,5.800,0.000,0,50.500,0.000,0.000,64.000,32.800,21.800,10.500,0.000,0.000,0.000,2.100,1.000,2.500,6.400,14.300,0,0,0,0,0,0,0,0,0,0,0,0,0.000,0.000,0.000,0.000,0,0,0,0,55.452,334.031,0,0.700,3.400,0,0,0.400,2.100,0,0,0.300,1.300,0,0,0,0,0,0.000
470,1979052068,1,0,1,2,182.200,177.800,0.200,3.600,10.000,3.300,0.000,0,46.000,0.000,0.000,2.600,19.000,12.700,5.900,0.000,0.000,0.000,1.200,0.000,0.000,0.000,0.000,0,0,0,0,0,0,0,0,0,0,0,0,0.000,0.000,0.000,0.000,0,0,0,0,51.753,305.910,0,0.300,1.900,0,0,0.200,1.200,0,0,0.100,0.700,0,0,0,0,0,0.000
471,1979052068,1,0,1,2,266.700,259.100,0.400,6.400,17.300,5.900,0.000,0,24.300,0.000,0.000,4.400,32.000,20.800,10.600,0.000,0.000,0.000,2.200,0.000,0.000,0.000,0.000,0,0,0,0,0,0,0,0,0,0,0,0,0.000,0.000,0.000,0.000,0,0,0,0,51.869,297.484,0,0.700,3.300,0,0,0.500,2.000,0,0,0.200,1.300,0,0,0,0,0,0.000
472,1979052068,1,0,1,2,379.900,372.400,0.400,6.300,17.400,5.600,0.000,0,51.000,0.000,0.000,82.900,33.500,22.400,10.500,0.000,0.000,0.000,2.400,1.000,2.200,6.400,14.000,0,0,0,0,0,0,0,0,0,0,0,0,0.000,0.000,0.000,0.000,0,0,0,0,52.559,310.969,0,0.800,3.100,0,0,0.500,1.800,0,0,0.300,1.300,0,0,0,0,0,0.000
473,1979052068,1,0,1,2,378.200,369.400,0.500,7.300,18.100,6.100,0.000,0,92.800,0.000,0.000,4.700,35.200,22.900,11.600,0.000,0.000,0.000,2.300,0.000,0.000,0.000,0.000,0,0,0,0,0,0,0,0,0,0,0,0,0.000,0.000,0.000,0.000,0,0,0,0,52.638,321.486,0,0.800,3.600,0,0,0.500,2.200,0,0,0.300,1.400,0,0,0,0,0,0.000
474,1979052068,1,0,1,2,369.500,361.700,0.400,6.400,18.300,5.700,0.000,0,58.700,0.000,0.000,67.500,33.800,22.500,10.700,0.000,0.000,0.000,2.100,1.000,2.400,6.600,14.200,0,0,0,0,0,0,0,0,0,0,0,0,0.000,0.000,0.000,0.000,0,0,0,0,53.459,328.725,0,0.700,3.100,0,0,0.400,1.800,0,0,0.300,1.300,0,0,0,0,0,0.000
475,1979052068,1,0,1,2,267.900,260.000,0.500,6.600,17.400,6.000,0.000,0,23.700,0.000,0.000,4.400,33.100,21.800,10.800,0.000,0.000,0.000,2.100,0.000,0.000,0.000,0.000,0,0,0,0,0,0,0,0,0,0,0,0,0.000,0.000,0.000,0.000,0,0,0,0,54.871,316.354,0,0.700,3.300,0,0,0.400,2.000,0,0,0.300,1.300,0,0,0,0,0,0.000
476,1979052068,1,0,1,2,357.000,349.100,0.600,6.500,18.200,6.200,0.000,0,90.400,0.000,0.000,22.400,33.800,22.700,10.500,0.000,0.000,0.000,2.100,0.000,0.000,0.000,0.000,0,0,0,0,0,0,0,0,0,0,0,0,0.000,0.000,0.000,0.000,0,0,0,0,54.570,322.249,0,0.600,3.400,0,0,0.500,2.100,0,0,0.100,1.300,0,0,0,0,0,0.000
477,1979052068,1,0,1,2,216.300,211.500,0.300,4.000,10.100,3.500,0.000,0,30.600,0.000,0.000,40.600,20.500,13.700,6.300,0.000,0.000,0.000,1.300,0.600,1.700,3.700,8.100,0,0,0,0,0,0,0,0,0,0,0,0,0.000,0.000,0.000,0.000,0,0,0,0,50.957,302.314,0,0.400,1.900,0,0,0.300,1.000,0,0,0.100,0.900,0,0,0,0,0,0.000
478,1979052068,1,0,1,2,261.200,255.000,0.400,5.200,14.800,4.800,0.000,0,63.100,0.000,0.000,3.800,26.500,17.300,8.700,0.000,0.000,0.000,2.000,0.000,0.000,0.000,0.000,0,0,0,0,0,0,0,0,0,0,0,0,0.000,0.000,0.000,0.000,0,0,0,0,49.741,293.797,0,0.600,2.700,0,0,0.400,1.700,0,0,0.200,1.000,0,0,0,0,0,0.000
479,1979052068,1,0,1,2,286.100,278.200,0.400,6.700,17.000,8.500,0.000,0,23.600,0.000,0.000,4.500,32.400,21.000,10.800,0.000,0.000,0.000,2.300,0.000,0.000,0.000,0.000,0,0,0,0,0,0,0,0,0,0,0,0,0.000,0.000,0.000,0.000,0,0,0,0,49.662,290.990,0,0.700,3.400,0,0,0.400,2.000,0,0,0.300,1.400,0,0,0,0,0,0.000
480,1979052068,1,0,1,2,352.100,344.300,0.400,6.600,17.600,5.600,0.000,0,50.200,0.000,0.000,63.700,32.200,20.900,10.700,0.000,0.000,0.000,2.200,0.900,2.100,6.400,14.000,0,0,0,0,0,0,0,0,0,0,0,0,0.000,0.000,0.000,0.000,0,0,0,0,52.099,300.586,0,0.600,3.000,0,0,0.400,1.700,0,0,0.200,1.300,0,0,0,0,0,0.000
481,1979052068,1,0,1,2,348.900,340.400,0.500,7.100,17.600,5.600,0.000,0,106.700,0.000,0.000,4.400,32.400,21.500,10.400,0.000,0.000,0.000,2.100,0.000,0.000,0.000,0.000,0,0,0,0,0,0,0,0,0,0,0,0,0.000,0.000,0.000,0.000,0,0,0,0,51.667,307.752,0,0.800,3.300,0,0,0.600,2.000,0,0,0.200,1.300,0,0,0,0,0,0.000
482,1979052068,1,0,1,2,220.100,213.300,0.300,5.700,14.200,4.600,0.000,0,19.900,0.000,0.000,3.700,28.000,18.600,8.900,0.000,0.000,0.000,2.000,0.000,0.000,0.000,0.000,0,0,0,0,0,0,0,0,0,0,0,0,0.000,0.000,0.000,0.000,0,0,0,0,50.179,290.751,0,0.500,2.800,0,0,0.300,1.700,0,0,0.200,1.100,0,0,0,0,0,0.000
483,1979052068,1,0,1,2,276.500,270.500,0.300,4.900,13.500,4.300,0.000,0,39.900,0.000,0.000,51.300,25.900,17.200,8.100,0.000,0.000,0.000,1.700,1.100,1.900,4.900,10.900,0,0,0,0,0,0,0,0,0,0,0,0,0.000,0.000,0.000,0.000,0,0,0,0,50.363,287.106,0,0.400,2.400,0,0,0.300,1.400,0,0,0.100,1.000,0,0,0,0,0,0.000
484,1979052068,1,0,1,2,268.700,262.500,0.400,5.100,14.100,4.200,0.000,0,68.000,0.000,0.000,3.400,26.300,17.400,8.300,0.000,0.000,0.000,1.800,0.000,0.000,0.000,0.000,0,0,0,0,0,0,0,0,0,0,0,0,0.000,0.000,0.000,0.000,0,0,0,0,51.845,282.677,0,0.500,2.700,0,0,0.300,1.700,0,0,0.200,1.000,0,0,0,0,0,0.000
485,1979052068,1,0,1,2,291.700,285.300,0.300,5.300,14.200,4.800,0.000,0,41.300,0.000,0.000,53.800,27.300,18.100,8.700,0.000,0.000,0.000,1.800,0.800,1.800,4.900,11.400,0,0,0,0,0,0,0,0,0,0,0,0,0.000,0.000,0.000,0.000,0,0,0,0,50.595,283.149,0,0.600,2.500,0,0,0.500,1.400,0,0,0.100,1.100,0,0,0,0,0,0.000
486,1979052068,1,0,1,2,376.900,368.500,0.500,7.000,18.900,6.200,0.000,0,104.700,0.000,0.000,5.100,43.900,31.000,11.900,0.000,0.000,0.000,2.300,0.000,0.000,0.000,0.000,0,0,0,0,0,0,0,0,0,0,0,0,0.000,0.000,0.000,0.000,0,0,0,0,51.874,298.512,0,0.700,3.600,0,0,0.500,2.200,0,0,0.200,1.400,0,0,0,0,0,0.000
487,1979052068,1,0,1,2,357.400,349.700,0.400,6.500,18.200,5.600,0.000,0,51.100,0.000,0.000,65.600,33.300,21.900,10.800,0.000,0.000,0.000,2.200,0.900,2.200,6.300,13.700,0,0,0,0,0,0,0,0,0,0,0,0,0.000,0.000,0.000,0.000,0,0,0,0,52.311,307.726,0,0.700,3.000,0,0,0.400,1.600,0,0,0.300,1.400,0,0,0,0,0,0.000
488,1979052068,1,0,1,2,357.200,348.700,0.500,7.000,18.800,6.100,0.000,0,94.400,0.000,0.000,4.600,35.000,22.800,11.500,0.000,0.000,0.000,2.500,0.000,0.000,0.000,0.000,0,0,0,0,0,0,0,0,0,0,0,0,0.000,0.000,0.000,0.000,0,0,0,0,52.975,315.101,0,0.600,3.500,0,0,0.500,2.100,0,0,0.100,1.400,0,0,0,0,0,0.000
489,1979052068,1,0,1,2,353.400,345.700,0.400,6.400,18.400,6.100,0.000,0,50.400,0.000,0.000,64.100,32.300,21.200,10.600,0.000,0.000,0.000,2.400,1.000,2.300,6.100,14.100,0,0,0,0,0,0,0,0,0,0,0,0,0.000,0.000,0.000,0.000,0,0,0,0,53.177,320.609,0,0.600,3.100,0,0,0.400,1.800,0,0,0.200,1.300,0,0,0,0,0,0.000
490,1979052068,1,0,1,2,316.300,308.500,0.500,6.500,19.300,8.900,0.000,0,23.800,0.000,0.000,4.900,36.700,24.200,11.600,0.000,0.000,0.000,2.300,0.000,0.000,0.000,0.000,0,0,0,0,0,0,0,0,0,0,0,0,0.000,0.000,0.000,0.000,0,0,0,0,53.847,318.429,0,0.800,3.600,0,0,0.500,2.200,0,0,0.300,1.400,0,0,0,0,0,0.000
491,1979052068,1,0,1,2,300.600,292.300,0.500,6.900,11.100,3.600,0.000,0,79.800,0.000,0.000,2.900,20.400,13.600,6.500,0.000,0.000,0.000,1.400,0.000,0.000,0.000,0.000,0,0,0,0,0,0,0,0,0,0,0,0,0.000,0.000,0.000,0.000,0,0,0,0,50.761,313.726,0,0.400,2.200,0,0,0.300,1.300,0,0,0.100,0.900,0,0,0,0,0,0.000
492,1979052068,1,0,1,2,305.000,297.800,0.300,6.000,16.700,5.300,0.000,0,22.100,0.000,0.000,59.500,30.500,19.700,10.200,0.000,0.000,0.000,2.100,1.000,2.100,5.900,12.700,0,0,0,0,0,0,0,0,0,0,0,0,0.000,0.000,0.000,0.000,0,0,0,0,50.948,310.859,0,0.600,2.900,0,0,0.300,1.600,0,0,0.300,1.300,0,0,0,0,0,0.000
493,1979052068,1,0,1,2,379.900,371.100,0.500,7.400,19.100,6.200,0.000,0,93.200,0.000,0.000,5.000,35.100,23.100,11.500,0.000,0.000,0.000,2.500,0.000,0.000,0.000,0.000,0,0,0,0,0,0,0,0,0,0,0,0,0.000,0.000,0.000,0.000,0,0,0,0,51.479,321.703,0,0.600,3.500,0,0,0.400,2.100,0,0,0.200,1.400,0,0,0,0,0,0.000
494,1979052068,1,0,1,2,346.500,338.800,0.300,6.500,17.400,5.700,0.000,0,23.700,0.000,0.000,84.100,32.200,20.900,10.700,0.000,0.000,0.000,2.300,1.100,2.300,6.700,14.100,0,0,0,0,0,0,0,0,0,0,0,0,0.000,0.000,0.000,0.000,0,0,0,0,52.149,324.780,0,0.700,3.100,0,0,0.400,1.700,0,0,0.300,1.400,0,0,0,0,0,0.000
495,1979052068,1,0,1,2,295.700,289.000,0.400,5.500,14.200,4.600,0.000,0,97.000,0.000,0.000,4.000,26.900,17.600,8.800,0.000,0.000,0.000,1.900,0.000,0.000,0.000,0.000,0,0,0,0,0,0,0,0,0,0,0,0,0.000,0.000,0.000,0.000,0,0,0,0,50.538,318.340,0,0.500,2.600,0,0,0.300,1.600,0,0,0.200,1.000,0,0,0,0,0,0.000
496,1979052068,1,0,1,2,345.900,338.000,0.600,6.400,17.600,7.000,0.000,0,87.100,0.000,0.000,4.500,45.100,27.400,17.100,0.000,0.000,0.000,2.200,0.000,0.000,0.000,0.000,0,0,0,0,0,0,0,0,0,0,0,0,0.000,0.000,0.000,0.000,0,0,0,0,50.675,321.879,0,0.800,4.400,0,0,0.500,2.300,0,0,0.300,2.100,0,0,0,0,0,0.000
497,1979052068,1,0,1,2,337.400,330.100,0.400,6.100,16.200,5.500,0.000,0,54.700,0.000,0.000,60.700,30.600,20.000,10.100,0.000,0.000,0.000,2.300,0.800,2.200,5.800,13.000,0,0,0,0,0,0,0,0,0,0,0,0,0.000,0.000,0.000,0.000,0,0,0,0,50.878,323.358,0,0.600,2.800,0,0,0.400,1.500,0,0,0.200,1.300,0,0,0,0,0,0.000
498,1979052068,1,0,1,2,271.900,265.400,0.400,5.400,14.700,4.600,0.000,0,72.500,0.000,0.000,3.600,26.600,17.300,8.700,0.000,0.000,0.000,1.900,0.000,0.000,0.000,0.000,0,0,0,0,0,0,0,0,0,0,0,0,0.000,0.000,0.000,0.000,0,0,0,0,50.882,312.926,0,0.500,2.700,0,0,0.300,1.600,0,0,0.200,1.100,0,0,0,0,0,0.000
499,1979052068,1,0,1,2,232.700,225.700,0.400,5.800,15.400,5.300,0.000,0,20.100,0.000,0.000,4.300,28.100,18.400,9.300,0.000,0.000,0.000,2.200,0.000,0.000,0.000,0.000,0,0,0,0,0,0,0,0,0,0,0,0,0.000,0.000,0.000,0.000,0,0,0,0,49.625,297.225,0,0.600,3.000,0,0,0.400,1.800,0,0,0.200,1.200,0,0,0,0,0,0.000
500,1979052068,1,0,1,2,386.400,377.700,0.400,7.400,18.500,5.900,0.000,0,63.900,0.000,0.000,66.500,34.700,22.700,11.400,0.000,0.000,0.000,2.200,1.100,2.400,6.900,15.100,0,0,0,0,0,0,0,0,0,0,0,0,0.000,0.000,0.000,0.000,0,0,0,0,52.483,311.711,0,1.000,3.200,0,0,0.500,1.800,0,0,0.500,1.400,0,0,0,0,0,0.000
501,1979052068,1,0,1,2,340.200,332.100,0.500,6.800,18.100,5.900,0.000,0,83.900,0.000,0.000,4.600,33.100,21.800,10.700,0.000,0.000,0.000,2.200,0.000,0.000,0.000,0.000,0,0,0,0,0,0,0,0,0,0,0,0,0.000,0.000,0.000,0.000,0,0,0,0,53.026,315.381,0,0.600,3.400,0,0,0.400,2.000,0,0,0.200,1.400,0,0,0,0,0,0.000
502,1979052068,1,0,1,2,367.300,359.300,0.600,6.600,17.400,5.600,0.000,0,58.800,0.000,0.000,67.300,32.700,21.700,10.400,0.000,0.000,0.000,2.200,1.200,2.500,6.300,14.100,0,0,0,0,0,0,0,0,0,0,0,0,0.000,0.000,0.000,0.000,0,0,0,0,54.533,323.286,0,0.600,3.100,0,0,0.400,1.700,0,0,0.200,1.400,0,0,0,0,0,0.000
503,1979052068,1,0,1,2,299.900,292.400,0.400,6.200,17.500,5.500,0.000,0,24.800,0.000,0.000,4.200,32.600,21.600,10.400,0.000,0.000,0.000,2.000,0.000,0.000,0.000,0.000,0,0,0,0,0,0,0,0,0,0,0,0,0.000,0.000,0.000,0.000,0,0,0,0,53.879,317.727,0,0.600,3.400,0,0,0.400,2.100,0,0,0.200,1.300,0,0,0,0,0,0.000
504,1979052068,1,0,1,2,331.100,323.300,0.400,6.500,17.800,6.000,0.000,0,88.200,0.000,0.000,4.600,32.100,21.200,10.300,0.000,0.000,0.000,2.200,0.000,0.000,0.000,0.000,0,0,0,0,0,0,0,0,0,0,0,0,0.000,0.000,0.000,0.000,0,0,0,0,53.073,318.730,0,0.600,3.200,0,0,0.500,2.000,0,0,0.100,1.200,0,0,0,0,0,0.000
505,1979052068,1,0,1,2,330.500,322.900,0.400,6.300,18.200,5.700,0.000,0,24.200,0.000,0.000,65.300,32.500,21.100,10.600,0.000,0.000,0.000,2.400,1.000,2.400,6.300,12.300,0,0,0,0,0,0,0,0,0,0,0,0,0.000,0.000,0.000,0.000,0,0,0,0,53.816,319.481,0,0.700,3.100,0,0,0.400,1.700,0,0,0.300,1.400,0,0,0,0,0,0.000
506,1979052068,1,0,1,2,367.600,359.600,0.400,6.700,18.500,6.100,0.000,0,85.600,0.000,0.000,4.800,34.700,22.800,11.300,0.000,0.000,0.000,2.400,0.000,0.000,0.000,0.000,0,0,0,0,0,0,0,0,0,0,0,0,0.000,0.000,0.000,0.000,0,0,0,0,53.921,326.702,0,0.700,3.900,0,0,0.500,2.500,0,0,0.200,1.400,0,0,0,0,0,0.000
507,1979052068,1,0,1,2,370.300,362.100,0.400,6.900,19.100,6.200,0.000,0,25.700,0.000,0.000,66.900,35.300,23.300,11.300,0.000,0.000,0.000,2.600,1.100,2.400,6.900,13.200,0,0,0,0,0,0,0,0,0,0,0,0,0.000,0.000,0.000,0.000,0,0,0,0,54.871,333.074,0,0.800,3.100,0,0,0.500,1.800,0,0,0.300,1.300,0,0,0,0,0,0.000
508,1979052068,1,0,1,2,423.200,414.900,0.400,7.100,17.700,5.600,0.000,0,180.400,0.000,0.000,4.500,31.500,20.300,10.600,0.000,0.000,0.000,2.100,0.000,0.000,0.000,0.000,0,0,0,0,0,0,0,0,0,0,0,0,0.000,0.000,0.000,0.000,0,0,0,0,54.048,347.802,0,0.600,3.300,0,0,0.400,2.000,0,0,0.200,1.300,0,0,0,0,0,0.000
509,1979052068,1,0,1,2,368.600,332.800,28.900,6.100,17.600,5.900,0.000,0,24.900,0.000,0.000,75.100,32.000,21.000,10.400,0.000,0.000,0.000,2.300,0.900,2.100,6.500,12.100,0,0,0,0,0,0,0,0,0,0,0,0,0.000,0.000,0.000,0.000,0,0,0,0,62.140,345.102,0,0.600,2.900,0,0,0.400,1.600,0,0,0.200,1.300,0,0,0,0,0,0.000
510,1979052068,1,0,1,2,484.500,475.200,0.600,7.800,30.400,10.400,0.000,0,100.900,0.000,0.000,7.800,54.100,35.700,17.700,0.000,0.000,0.000,3.800,0.000,0.000,0.000,0.000,0,0,0,0,0,0,0,0,0,0,0,0,0.000,0.000,0.000,0.000,0,0,0,0,60.657,368.520,0,1.400,6.500,0,0,1.200,3.700,0,0,0.200,2.800,0,0,0,0,0,0.000
511,1979052068,1,0,1,2,302.800,294.900,0.500,6.600,19.000,6.000,0.000,0,25.500,0.000,0.000,5.200,36.600,25.600,10.400,0.000,0.000,0.000,2.400,0.000,0.000,0.000,0.000,0,0,0,0,0,0,0,0,0,0,0,0,0.000,0.000,0.000,0.000,0,0,0,0,59.962,355.268,0,1.100,3.500,0,0,0.900,2.200,0,0,0.200,1.300,0,0,0,0,0,0.000
512,1979052068,1,0,1,2,371.900,364.100,0.400,6.400,17.100,5.700,0.000,0,51.600,0.000,0.000,65.100,33.200,21.900,10.700,0.000,0.000,0.000,2.200,1.000,2.400,6.200,12.500,0,0,0,0,0,0,0,0,0,0,0,0,0.000,0.000,0.000,0.000,0,0,0,0,59.717,356.858,0,0.600,3.100,0,0,0.400,1.800,0,0,0.200,1.300,0,0,0,0,0,0.000
513,1979052068,1,0,1,2,334.700,326.900,0.400,6.600,17.800,5.900,0.000,0,87.500,0.000,0.000,4.900,33.400,22.200,10.600,0.000,0.000,0.000,2.500,0.000,0.000,0.000,0.000,0,0,0,0,0,0,0,0,0,0,0,0,0.000,0.000,0.000,0.000,0,0,0,0,57.968,351.465,0,0.600,3.400,0,0,0.400,2.100,0,0,0.200,1.300,0,0,0,0,0,0.000
514,1979052068,1,0,1,2,284.800,277.100,0.700,6.200,18.100,6.000,0.000,0,25.400,0.000,0.000,4.400,33.000,22.000,10.500,0.000,0.000,0.000,2.100,0.000,0.000,0.000,0.000,0,0,0,0,0,0,0,0,0,0,0,0,0.000,0.000,0.000,0.000,0,0,0,0,57.650,338.080,0,0.600,3.300,0,0,0.400,2.000,0,0,0.200,1.300,0,0,0,0,0,0.000
515,1979052068,1,0,1,2,168.600,165.200,0.300,2.900,8.100,2.600,0.000,0,23.400,0.000,0.000,36.600,16.700,11.600,4.700,0.000,0.000,0.000,1.400,0.600,1.300,2.700,5.000,0,0,0,0,0,0,0,0,0,0,0,0,0.000,0.000,0.000,0.000,0,0,0,0,58.019,306.961,0,0.300,1.400,0,0,0.200,0.800,0,0,0.100,0.600,0,0,0,0,0,0.000
516,1979052068,1,0,1,2,204.500,199.700,0.300,4.000,11.500,3.500,0.000,0,50.900,0.000,0.000,2.800,20.800,14.000,6.500,0.000,0.000,0.000,1.500,0.000,0.000,0.000,0.000,0,0,0,0,0,0,0,0,0,0,0,0,0.000,0.000,0.000,0.000,0,0,0,0,54.541,287.654,0,0.300,2.200,0,0,0.200,1.300,0,0,0.100,0.900,0,0,0,0,0,0.000
517,1979052068,1,0,1,2,266.200,258.500,0.400,6.500,17.700,5.800,0.000,0,24.600,0.000,0.000,4.300,32.000,20.900,10.600,0.000,0.000,0.000,2.100,0.000,0.000,0.000,0.000,0,0,0,0,0,0,0,0,0,0,0,0,0.000,0.000,0.000,0.000,0,0,0,0,53.598,282.406,0,0.700,3.300,0,0,0.500,2.000,0,0,0.200,1.300,0,0,0,0,0,0.000
518,1979052068,1,0,1,2,367.700,359.900,0.400,6.400,18.400,6.000,0.000,0,58.000,0.000,0.000,65.600,33.000,21.900,10.600,0.000,0.000,0.000,2.200,1.000,2.200,6.300,12.200,0,0,0,0,0,0,0,0,0,0,0,0,0.000,0.000,0.000,0.000,0,0,0,0,54.678,296.355,0,0.700,3.300,0,0,0.400,1.700,0,0,0.300,1.600,0,0,0,0,0,0.000
519,1979052068,1,0,1,2,358.400,349.500,0.600,7.300,19.000,6.100,0.000,0,94.700,0.000,0.000,5.000,35.200,23.300,11.300,0.000,0.000,0.000,2.400,0.000,0.000,0.000,0.000,0,0,0,0,0,0,0,0,0,0,0,0,0.000,0.000,0.000,0.000,0,0,0,0,54.142,305.921,0,0.700,3.400,0,0,0.400,2.100,0,0,0.300,1.300,0,0,0,0,0,0.000
520,1979052068,1,0,1,2,347.500,339.300,0.500,6.800,17.800,5.900,0.000,0,105.000,0.000,0.000,4.700,32.000,20.900,10.500,0.000,0.000,0.000,2.300,0.000,0.000,0.000,0.000,0,0,0,0,0,0,0,0,0,0,0,0,0.000,0.000,0.000,0.000,0,0,0,0,53.775,311.930,0,0.600,3.300,0,0,0.400,2.000,0,0,0.200,1.300,0,0,0,0,0,0.000
521,1979052068,1,0,1,2,283.000,276.500,0.400,5.500,16.000,5.000,0.000,0,20.800,0.000,0.000,54.200,28.500,18.800,9.200,0.000,0.000,0.000,2.000,0.900,2.300,5.300,10.500,0,0,0,0,0,0,0,0,0,0,0,0,0.000,0.000,0.000,0.000,0,0,0,0,52.807,305.552,0,0.600,2.500,0,0,0.400,1.400,0,0,0.200,1.100,0,0,0,0,0,0.000
522,1979052068,1,0,1,2,333.800,325.900,0.500,6.600,17.700,5.800,0.000,0,88.600,0.000,0.000,4.500,32.800,21.700,10.600,0.000,0.000,0.000,2.200,0.000,0.000,0.000,0.000,0,0,0,0,0,0,0,0,0,0,0,0,0.000,0.000,0.000,0.000,0,0,0,0,52.734,309.215,0,0.600,3.200,0,0,0.400,1.900,0,0,0.200,1.300,0,0,0,0,0,0.000
523,1979052068,1,0,1,2,351.800,344.300,0.400,6.200,17.500,5.700,0.000,0,50.400,0.000,0.000,61.300,33.000,21.900,10.500,0.000,0.000,0.000,2.400,1.000,2.500,6.500,12.200,0,0,0,0,0,0,0,0,0,0,0,0,0.000,0.000,0.000,0.000,0,0,0,0,53.304,315.530,0,0.600,3.200,0,0,0.400,1.800,0,0,0.200,1.400,0,0,0,0,0,0.000
524,1979052068,1,0,1,2,360.700,352.400,0.400,6.900,17.600,5.800,0.000,0,90.100,0.000,0.000,5.000,33.600,22.400,10.700,0.000,0.000,0.000,2.600,0.000,0.000,0.000,0.000,0,0,0,0,0,0,0,0,0,0,0,0,0.000,0.000,0.000,0.000,0,0,0,0,53.825,322.167,0,0.600,3.800,0,0,0.400,2.400,0,0,0.200,1.400,0,0,0,0,0,0.000
525,1979052068,1,0,1,2,283.300,275.600,0.400,6.500,17.200,5.600,0.000,0,24.200,0.000,0.000,4.600,32.600,21.400,10.400,0.000,0.000,0.000,2.300,0.000,0.000,0.000,0.000,0,0,0,0,0,0,0,0,0,0,0,0,0.000,0.000,0.000,0.000,0,0,0,0,55.747,313.785,0,0.600,3.400,0,0,0.400,2.000,0,0,0.200,1.400,0,0,0,0,0,0.000
526,1979052068,1,0,1,2,324.900,318.600,0.400,5.200,18.200,4.900,0.000,0,42.700,0.000,0.000,68.600,30.300,20.800,8.900,0.000,0.000,0.000,2.400,0.900,2.100,5.000,10.000,0,0,0,0,0,0,0,0,0,0,0,0,0.000,0.000,0.000,0.000,0,0,0,0,56.908,314.651,0,0.700,2.900,0,0,0.500,1.600,0,0,0.200,1.300,0,0,0,0,0,0.000
527,1979052068,1,0,1,2,329.000,320.800,0.500,6.700,17.800,5.700,0.000,0,86.900,0.000,0.000,4.600,32.400,20.700,10.900,0.000,0.000,0.000,2.300,0.000,0.000,0.000,0.000,0,0,0,0,0,0,0,0,0,0,0,0,0.000,0.000,0.000,0.000,0,0,0,0,55.791,315.758,0,0.600,3.200,0,0,0.400,1.900,0,0,0.200,1.300,0,0,0,0,0,0.000
528,1979052068,1,0,1,2,368.100,360.600,0.400,6.200,34.300,5.700,0.000,0,51.700,0.000,0.000,61.900,31.600,20.700,10.300,0.000,0.000,0.000,2.500,1.200,2.500,6.300,12.100,0,0,0,0,0,0,0,0,0,0,0,0,0.000,0.000,0.000,0.000,0,0,0,0,55.630,323.830,0,0.500,2.900,0,0,0.300,1.600,0,0,0.200,1.300,0,0,0,0,0,0.000
529,1979052068,1,0,1,2,280.200,273.500,0.500,5.600,14.400,4.700,0.000,0,77.900,0.000,0.000,3.700,27.600,18.600,8.400,0.000,0.000,0.000,1.800,0.000,0.000,0.000,0.000,0,0,0,0,0,0,0,0,0,0,0,0,0.000,0.000,0.000,0.000,0,0,0,0,54.347,314.770,0,0.500,3.000,0,0,0.300,1.800,0,0,0.200,1.200,0,0,0,0,0,0.000
530,1979052068,1,0,1,2,268.300,260.800,0.400,6.200,17.500,6.000,0.000,0,25.200,0.000,0.000,4.500,32.000,21.000,10.500,0.000,0.000,0.000,2.200,0.000,0.000,0.000,0.000,0,0,0,0,0,0,0,0,0,0,0,0,0.000,0.000,0.000,0.000,0,0,0,0,53.528,305.056,0,0.700,3.300,0,0,0.400,2.000,0,0,0.300,1.300,0,0,0,0,0,0.000
531,1979052068,1,0,1,2,370.400,362.600,0.500,6.600,17.600,5.500,0.000,0,52.000,0.000,0.000,76.200,32.300,21.200,10.500,0.000,0.000,0.000,2.700,1.100,2.700,8.000,16.600,0,0,0,0,0,0,0,0,0,0,0,0,0.000,0.000,0.000,0.000,0,0,0,0,53.811,315.414,0,0.700,2.900,0,0,0.500,1.600,0,0,0.200,1.300,0,0,0,0,0,0.000
532,1979052068,1,0,1,2,274.900,267.800,0.400,5.800,16.700,22.900,0.000,0,23.200,0.000,0.000,4.300,30.600,20.300,9.800,0.000,0.000,0.000,2.200,0.000,0.000,0.000,0.000,0,0,0,0,0,0,0,0,0,0,0,0,0.000,0.000,0.000,0.000,0,0,0,0,54.151,306.843,0,0.600,3.200,0,0,0.400,1.900,0,0,0.200,1.300,0,0,0,0,0,0.000
533,1979052068,1,0,1,2,212.900,207.400,0.300,4.600,11.600,3.800,0.000,0,53.500,0.000,0.000,2.800,21.700,14.500,6.800,0.000,0.000,0.000,1.400,0.000,0.000,0.000,0.000,0,0,0,0,0,0,0,0,0,0,0,0,0.000,0.000,0.000,0.000,0,0,0,0,51.514,288.943,0,0.400,2.700,0,0,0.300,1.700,0,0,0.100,1.000,0,0,0,0,0,0.000
534,1979052068,1,0,1,2,375.100,367.200,0.400,6.600,18.200,5.600,0.000,0,53.400,0.000,0.000,61.900,32.000,21.000,10.400,0.000,0.000,0.000,2.200,1.000,2.400,6.600,12.300,0,0,0,0,0,0,0,0,0,0,0,0,0.000,0.000,0.000,0.000,0,0,0,0,52.466,303.030,0,0.800,3.200,0,0,0.500,1.800,0,0,0.300,1.400,0,0,0,0,0,0.000
535,1979052068,1,0,1,2,285.200,277.500,0.400,6.400,17.700,6.300,0.000,0,24.700,0.000,0.000,4.600,32.600,21.400,10.600,0.000,0.000,0.000,2.400,0.000,0.000,0.000,0.000,0,0,0,0,0,0,0,0,0,0,0,0,0.000,0.000,0.000,0.000,0,0,0,0,51.986,298.434,0,0.600,3.300,0,0,0.400,2.000,0,0,0.200,1.300,0,0,0,0,0,0.000
536,1979052068,1,0,1,2,263.400,256.800,0.300,5.500,14.000,4.700,0.000,0,63.400,0.000,0.000,3.900,26.800,17.600,8.700,0.000,0.000,0.000,1.700,0.000,0.000,0.000,0.000,0,0,0,0,0,0,0,0,0,0,0,0,0.000,0.000,0.000,0.000,0,0,0,0,50.278,290.940,0,0.600,2.800,0,0,0.400,1.700,0,0,0.200,1.100,0,0,0,0,0,0.000
537,1979052068,1,0,1,2,188.900,184.800,0.300,3.300,9.400,3.400,0.000,0,25.900,0.000,0.000,36.100,18.100,12.400,5.400,0.000,0.000,0.000,1.100,0.700,1.300,3.300,6.000,0,0,0,0,0,0,0,0,0,0,0,0,0.000,0.000,0.000,0.000,0,0,0,0,47.672,271.835,0,0.400,1.600,0,0,0.200,0.900,0,0,0.200,0.700,0,0,0,0,0,0.000
538,1979052068,1,0,1,2,196.700,191.200,0.300,4.600,12.900,4.100,0.000,0,18.000,0.000,0.000,3.400,24.700,16.600,7.600,0.000,0.000,0.000,1.700,0.000,0.000,0.000,0.000,0,0,0,0,0,0,0,0,0,0,0,0,0.000,0.000,0.000,0.000,0,0,0,0,47.857,257.321,0,0.400,2.500,0,0,0.300,1.500,0,0,0.100,1.000,0,0,0,0,0,0.000
539,1979052068,1,0,1,2,266.200,263.100,0.200,2.600,17.600,5.800,0.000,0,37.200,0.000,0.000,4.800,34.100,20.500,13.000,0.000,0.000,0.000,2.100,0.000,0.000,0.000,0.000,0,0,0,0,0,0,0,0,0,0,0,0,0.000,0.000,0.000,0.000,0,0,0,0,48.729,258.361,0,0.700,3.500,0,0,0.500,2.200,0,0,0.200,1.300,0,0,0,0,0,0.000
540,1979052068,1,0,1,2,217.000,211.800,0.400,4.200,11.800,3.800,0.000,0,15.600,0.000,0.000,43.200,21.700,14.500,6.800,0.000,0.000,0.000,1.500,0.600,1.500,4.200,7.700,0,0,0,0,0,0,0,0,0,0,0,0,0.000,0.000,0.000,0.000,0,0,0,0,52.414,249.980,0,0.400,2.100,0,0,0.300,1.200,0,0,0.100,0.900,0,0,0,0,0,0.000
541,1979052068,1,0,1,2,336.600,328.700,0.500,6.600,18.300,5.500,0.000,0,88.100,0.000,0.000,4.700,37.300,25.200,11.500,0.000,0.000,0.000,2.200,0.000,0.000,0.000,0.000,0,0,0,0,0,0,0,0,0,0,0,0,0.000,0.000,0.000,0.000,0,0,0,0,57.631,264.150,0,0.700,4.000,0,0,0.400,2.100,0,0,0.300,1.900,0,0,0,0,0,0.000
542,1979052068,1,0,1,2,335.400,327.000,0.500,7.000,18.000,5.600,0.000,0,92.400,0.000,0.000,4.600,32.100,20.800,10.600,0.000,0.000,0.000,2.300,0.000,0.000,0.000,0.000,0,0,0,0,0,0,0,0,0,0,0,0,0.000,0.000,0.000,0.000,0,0,0,0,56.546,275.463,0,0.600,3.200,0,0,0.400,1.900,0,0,0.200,1.300,0,0,0,0,0,0.000
543,1979052068,1,0,1,2,376.000,368.200,0.500,6.500,17.800,5.700,0.000,0,52.800,0.000,0.000,62.500,32.200,21.400,10.200,0.000,0.000,0.000,2.300,1.000,2.400,6.300,12.400,0,0,0,0,0,0,0,0,0,0,0,0,0.000,0.000,0.000,0.000,0,0,0,0,55.835,292.155,0,0.500,2.900,0,0,0.400,1.600,0,0,0.100,1.300,0,0,0,0,0,0.000
544,1979052068,1,0,1,2,346.800,338.400,0.600,6.800,17.700,5.600,0.000,0,106.100,0.000,0.000,4.500,31.500,20.500,10.500,0.000,0.000,0.000,2.200,0.000,0.000,0.000,0.000,0,0,0,0,0,0,0,0,0,0,0,0,0.000,0.000,0.000,0.000,0,0,0,0,55.343,300.479,0,0.600,3.300,0,0,0.400,2.000,0,0,0.200,1.300,0,0,0,0,0,0.000
545,1979052068,1,0,1,2,316.000,304.700,0.700,9.600,18.300,5.900,0.000,0,41.800,0.000,0.000,4.600,31.700,20.700,10.500,0.000,0.000,0.000,2.200,0.000,0.000,0.000,0.000,0,0,0,0,0,0,0,0,0,0,0,0,0.000,0.000,0.000,0.000,0,0,0,0,54.363,301.239,0,0.600,3.300,0,0,0.400,2.000,0,0,0.200,1.300,0,0,0,0,0,0.000
546,1979052068,1,0,1,2,368.100,360.000,0.400,6.800,17.000,5.700,0.000,0,51.000,0.000,0.000,77.500,32.200,21.000,10.600,0.000,0.000,0.000,2.200,1.200,2.600,7.600,16.100,0,0,0,0,0,0,0,0,0,0,0,0,0.000,0.000,0.000,0.000,0,0,0,0,54.964,311.816,0,0.600,3.000,0,0,0.400,1.700,0,0,0.200,1.300,0,0,0,0,0,0.000
547,1979052068,1,0,1,2,349.900,341.800,0.600,6.800,19.300,6.300,0.000,0,89.200,0.000,0.000,4.800,35.400,23.000,11.400,0.000,0.000,0.000,2.500,0.000,0.000,0.000,0.000,0,0,0,0,0,0,0,0,0,0,0,0,0.000,0.000,0.000,0.000,0,0,0,0,55.690,317.213,0,0.700,3.500,0,0,0.500,2.100,0,0,0.200,1.400,0,0,0,0,0,0.000
548,1979052068,1,0,1,2,223.500,218.000,0.300,4.600,12.300,4.000,0.000,0,54.500,0.000,0.000,3.200,22.600,15.000,7.200,0.000,0.000,0.000,1.600,0.000,0.000,0.000,0.000,0,0,0,0,0,0,0,0,0,0,0,0,0.000,0.000,0.000,0.000,0,0,0,0,52.974,299.355,0,0.400,2.300,0,0,0.300,1.400,0,0,0.100,0.900,0,0,0,0,0,0.000
549,1979052068,1,0,1,2,269.200,263.000,0.300,5.100,13.000,4.800,0.000,0,19.600,0.000,0.000,58.500,26.600,17.400,8.700,0.000,0.000,0.000,2.200,0.900,2.300,5.000,9.900,0,0,0,0,0,0,0,0,0,0,0,0,0.000,0.000,0.000,0.000,0,0,0,0,51.341,292.811,0,0.500,2.800,0,0,0.300,1.500,0,0,0.200,1.300,0,0,0,0,0,0.000
550,1979052068,1,0,1,2,240.500,234.800,0.300,4.800,13.100,4.400,0.000,0,59.600,0.000,0.000,3.300,24.500,16.300,7.700,0.000,0.000,0.000,1.700,0.000,0.000,0.000,0.000,0,0,0,0,0,0,0,0,0,0,0,0,0.000,0.000,0.000,0.000,0,0,0,0,50.559,282.369,0,0.400,2.400,0,0,0.300,1.500,0,0,0.100,0.900,0,0,0,0,0,0.000
551,1979052068,1,0,1,2,223.100,217.800,0.300,4.500,12.600,4.000,0.000,0,54.000,0.000,0.000,3.100,22.600,14.900,7.400,0.000,0.000,0.000,1.600,0.000,0.000,0.000,0.000,0,0,0,0,0,0,0,0,0,0,0,0,0.000,0.000,0.000,0.000,0,0,0,0,48.407,270.747,0,0.400,2.300,0,0,0.300,1.400,0,0,0.100,0.900,0,0,0,0,0,0.000
552,1979052068,1,0,1,2,301.900,295.000,0.400,5.700,16.500,5.300,0.000,0,21.700,0.000,0.000,57.900,29.900,19.700,9.700,0.000,0.000,0.000,1.900,1.000,2.100,5.700,11.500,0,0,0,0,0,0,0,0,0,0,0,0,0.000,0.000,0.000,0.000,0,0,0,0,50.080,275.112,0,0.600,2.700,0,0,0.400,1.600,0,0,0.200,1.100,0,0,0,0,0,0.000
553,1979052068,1,0,1,2,369.900,362.000,0.400,6.700,18.400,6.000,0.000,0,84.900,0.000,0.000,4.800,34.500,23.300,10.600,0.000,0.000,0.000,2.100,0.000,0.000,0.000,0.000,0,0,0,0,0,0,0,0,0,0,0,0,0.000,0.000,0.000,0.000,0,0,0,0,50.677,290.752,0,0.600,4.000,0,0,0.400,2.600,0,0,0.200,1.400,0,0,0,0,0,0.000
554,1979052068,1,0,1,2,349.700,341.900,0.400,6.500,17.600,5.700,0.000,0,49.600,0.000,0.000,62.000,32.500,21.300,10.700,0.000,0.000,0.000,2.300,1.000,2.800,6.200,12.200,0,0,0,0,0,0,0,0,0,0,0,0,0.000,0.000,0.000,0.000,0,0,0,0,51.077,299.959,0,0.600,3.000,0,0,0.400,1.700,0,0,0.200,1.300,0,0,0,0,0,0.000
555,1979052068,1,0,1,2,343.200,333.800,0.500,7.900,17.600,5.700,0.000,0,96.300,0.000,0.000,4.400,32.300,21.000,10.600,0.000,0.000,0.000,2.200,0.000,0.000,0.000,0.000,0,0,0,0,0,0,0,0,0,0,0,0,0.000,0.000,0.000,0.000,0,0,0,0,51.171,306.050,0,0.600,3.400,0,0,0.400,2.000,0,0,0.200,1.400,0,0,0,0,0,0.000
556,1979052068,1,0,1,2,244.000,235.000,0.500,7.600,16.100,5.100,0.000,0,24.100,0.000,0.000,4.200,29.000,19.100,9.400,0.000,0.000,0.000,2.100,0.000,0.000,0.000,0.000,0,0,0,0,0,0,0,0,0,0,0,0,0.000,0.000,0.000,0.000,0,0,0,0,50.601,293.261,0,0.600,2.900,0,0,0.400,1.800,0,0,0.200,1.100,0,0,0,0,0,0.000
557,1979052068,1,0,1,2,365.400,358.900,0.300,5.400,19.000,5.900,0.000,0,50.200,0.000,0.000,61.100,32.500,21.000,11.000,0.000,0.000,0.000,2.300,1.100,2.700,6.300,12.000,0,0,0,0,0,0,0,0,0,0,0,0,0.000,0.000,0.000,0.000,0,0,0,0,50.726,305.076,0,0.700,2.900,0,0,0.400,1.600,0,0,0.300,1.300,0,0,0,0,0,0.000
558,1979052068,1,0,1,2,318.600,311.000,0.600,6.200,15.900,5.200,0.000,0,81.400,0.000,0.000,4.200,30.200,19.700,10.000,0.000,0.000,0.000,2.100,0.000,0.000,0.000,0.000,0,0,0,0,0,0,0,0,0,0,0,0,0.000,0.000,0.000,0.000,0,0,0,0,50.578,306.142,0,0.600,3.000,0,0,0.400,1.900,0,0,0.200,1.100,0,0,0,0,0,0.000
559,1979052068,1,0,1,2,292.900,285.300,0.400,6.400,17.400,5.600,0.000,0,23.700,0.000,0.000,4.600,58.700,47.100,11.000,0.000,0.000,0.000,2.100,0.000,0.000,0.000,0.000,0,0,0,0,0,0,0,0,0,0,0,0,0.000,0.000,0.000,0.000,0,0,0,0,51.086,302.391,0,0.600,3.400,0,0,0.400,2.000,0,0,0.200,1.400,0,0,0,0,0,0.000
560,1979052068,1,0,1,2,272.600,266.200,0.400,5.300,13.800,4.400,0.000,0,39.000,0.000,0.000,48.600,25.400,16.900,8.100,0.000,0.000,0.000,1.900,0.900,1.900,4.900,9.400,0,0,0,0,0,0,0,0,0,0,0,0,0.000,0.000,0.000,0.000,0,0,0,0,50.224,295.876,0,0.500,2.500,0,0,0.300,1.400,0,0,0.200,1.100,0,0,0,0,0,0.000
561,1979052068,1,0,1,2,264.500,257.000,0.400,6.300,17.200,5.600,0.000,0,23.800,0.000,0.000,4.400,31.800,20.800,10.500,0.000,0.000,0.000,2.200,0.000,0.000,0.000,0.000,0,0,0,0,0,0,0,0,0,0,0,0,0.000,0.000,0.000,0.000,0,0,0,0,52.308,288.879,0,0.700,3.200,0,0,0.500,2.000,0,0,0.200,1.200,0,0,0,0,0,0.000
562,1979052068,1,0,1,2,357.000,348.300,0.600,7.100,19.100,6.100,0.000,0,93.900,0.000,0.000,4.900,34.100,22.100,11.300,0.000,0.000,0.000,2.500,0.000,0.000,0.000,0.000,0,0,0,0,0,0,0,0,0,0,0,0,0.000,0.000,0.000,0.000,0,0,0,0,52.954,299.574,0,0.600,3.500,0,0,0.400,2.100,0,0,0.200,1.400,0,0,0,0,0,0.000
563,1979052068,1,0,1,2,359.300,351.200,0.400,6.800,17.800,6.000,0.000,0,50.600,0.000,0.000,61.100,32.100,21.000,10.600,0.000,0.000,0.000,2.200,1.100,2.100,6.300,12.200,0,0,0,0,0,0,0,0,0,0,0,0,0.000,0.000,0.000,0.000,0,0,0,0,54.259,308.867,0,0.600,3.800,0,0,0.400,2.100,0,0,0.200,1.700,0,0,0,0,0,0.000
564,1979052068,1,0,1,2,288.300,280.000,0.600,6.700,19.400,6.100,0.000,0,25.600,0.000,0.000,4.700,34.500,22.600,11.300,0.000,0.000,0.000,2.300,0.000,0.000,0.000,0.000,0,0,0,0,0,0,0,0,0,0,0,0,0.000,0.000,0.000,0.000,0,0,0,0,53.798,303.671,0,0.800,3.500,0,0,0.500,2.100,0,0,0.300,1.400,0,0,0,0,0,0.000
565,1979052068,1,0,1,2,315.600,308.300,0.500,6.200,15.100,4.900,0.000,0,98.400,0.000,0.000,3.700,29.400,19.700,9.200,0.000,0.000,0.000,1.800,0.000,0.000,0.000,0.000,0,0,0,0,0,0,0,0,0,0,0,0,0.000,0.000,0.000,0.000,0,0,0,0,53.384,304.504,0,0.600,3.000,0,0,0.400,1.800,0,0,0.200,1.200,0,0,0,0,0,0.000
566,1979052068,1,0,1,2,387.100,379.000,0.400,6.700,17.200,5.600,0.000,0,51.900,0.000,0.000,62.500,32.500,21.300,10.600,0.000,0.000,0.000,2.100,1.000,2.200,6.400,12.400,0,0,0,0,0,0,0,0,0,0,0,0,0.000,0.000,0.000,0.000,0,0,0,0,53.081,317.913,0,0.600,3.100,0,0,0.400,1.800,0,0,0.200,1.300,0,0,0,0,0,0.000
567,1979052068,1,0,1,2,342.800,297.900,37.700,6.300,18.300,6.200,0.000,0,25.900,0.000,0.000,4.600,35.200,23.100,11.500,0.000,0.000,0.000,2.200,0.000,0.000,0.000,0.000,0,0,0,0,0,0,0,0,0,0,0,0,0.000,0.000,0.000,0.000,0,0,0,0,53.787,314.311,0,0.800,3.800,0,0,0.500,2.300,0,0,0.300,1.500,0,0,0,0,0,0.000
568,1979052068,1,0,1,2,246.200,240.100,0.300,5.100,13.300,4.300,0.000,0,59.200,0.000,0.000,3.500,24.100,15.700,7.900,0.000,0.000,0.000,1.600,0.000,0.000,0.000,0.000,0,0,0,0,0,0,0,0,0,0,0,0,0.000,0.000,0.000,0.000,0,0,0,0,51.917,300.953,0,0.400,2.600,0,0,0.300,1.600,0,0,0.100,1.000,0,0,0,0,0,0.000
569,1979052068,1,0,1,2,390.200,381.500,0.500,7.200,18.800,6.400,0.000,0,54.700,0.000,0.000,69.200,34.600,22.600,11.400,0.000,0.000,0.000,2.400,1.300,2.800,6.900,13.300,0,0,0,0,0,0,0,0,0,0,0,0,0.000,0.000,0.000,0.000,0,0,0,0,54.002,315.452,0,0.600,3.300,0,0,0.400,1.800,0,0,0.200,1.500,0,0,0,0,0,0.000
570,1979052068,1,0,1,2,411.300,402.900,0.400,7.000,19.100,6.200,0.000,0,93.800,0.000,0.000,4.800,37.600,24.500,12.500,0.000,0.000,0.000,2.200,0.000,0.000,0.000,0.000,0,0,0,0,0,0,0,0,0,0,0,0,0.000,0.000,0.000,0.000,0,0,0,0,54.992,331.192,0,0.500,4.300,0,0,0.400,2.400,0,0,0.100,1.900,0,0,0,0,0,0.000
571,1979052068,1,0,1,2,471.700,463.000,0.500,7.200,24.100,6.200,0.000,0,57.900,0.000,0.000,68.600,35.700,23.200,11.900,0.000,0.000,0.000,2.400,1.200,2.500,6.800,13.200,0,0,0,0,0,0,0,0,0,0,0,0,0.000,0.000,0.000,0.000,0,0,0,0,55.479,354.918,0,0.700,3.100,0,0,0.400,1.700,0,0,0.300,1.400,0,0,0,0,0,0.000
572,1979052068,1,0,1,2,337.100,328.800,0.600,6.800,17.900,5.800,0.000,0,90.600,0.000,0.000,4.700,33.300,21.900,10.700,0.000,0.000,0.000,2.400,0.000,0.000,0.000,0.000,0,0,0,0,0,0,0,0,0,0,0,0,0.000,0.000,0.000,0.000,0,0,0,0,55.231,350.216,0,0.600,3.300,0,0,0.400,2.000,0,0,0.200,1.300,0,0,0,0,0,0.000
573,1979052068,1,0,1,2,287.700,279.400,0.400,6.900,18.600,6.500,0.000,0,25.400,0.000,0.000,4.800,34.700,22.500,11.500,0.000,0.000,0.000,2.300,0.000,0.000,0.000,0.000,0,0,0,0,0,0,0,0,0,0,0,0,0.000,0.000,0.000,0.000,0,0,0,0,54.901,337.469,0,0.600,3.600,0,0,0.400,2.200,0,0,0.200,1.400,0,0,0,0,0,0.000
574,1979052068,1,0,1,2,374.900,367.100,0.400,6.500,17.400,5.800,0.000,0,51.500,0.000,0.000,61.600,34.200,23.200,10.500,0.000,0.000,0.000,2.300,1.000,2.700,6.300,12.400,0,0,0,0,0,0,0,0,0,0,0,0,0.000,0.000,0.000,0.000,0,0,0,0,54.361,342.803,0,0.600,3.100,0,0,0.400,1.700,0,0,0.200,1.400,0,0,0,0,0,0.000
575,1979052068,1,0,1,2,265.700,258.100,0.400,6.300,17.700,5.600,0.000,0,23.600,0.000,0.000,4.500,32.500,20.800,10.800,0.000,0.000,0.000,2.200,0.000,0.000,0.000,0.000,0,0,0,0,0,0,0,0,0,0,0,0,0.000,0.000,0.000,0.000,0,0,0,0,53.630,327.556,0,0.600,3.300,0,0,0.400,2.000,0,0,0.200,1.300,0,0,0,0,0,0.000
576,1979052068,1,0,1,2,347.900,340.000,0.500,6.600,17.100,5.900,0.000,0,101.900,0.000,0.000,4.300,32.700,21.200,10.800,0.000,0.000,0.000,2.200,0.000,0.000,0.000,0.000,0,0,0,0,0,0,0,0,0,0,0,0,0.000,0.000,0.000,0.000,0,0,0,0,53.625,329.796,0,0.500,3.400,0,0,0.400,2.100,0,0,0.100,1.300,0,0,0,0,0,0.000
577,1979052068,1,0,1,2,374.300,366.300,0.500,6.800,17.400,5.600,0.000,0,51.500,0.000,0.000,61.800,32.400,21.000,10.800,0.000,0.000,0.000,2.500,1.100,2.400,6.100,12.300,0,0,0,0,0,0,0,0,0,0,0,0,0.000,0.000,0.000,0.000,0,0,0,0,53.908,336.367,0,0.700,3.100,0,0,0.500,1.800,0,0,0.200,1.300,0,0,0,0,0,0.000
578,1979052068,1,0,1,2,270.200,262.700,0.400,6.300,18.000,6.000,0.000,0,27.700,0.000,0.000,4.500,32.300,21.300,10.500,0.000,0.000,0.000,2.300,0.000,0.000,0.000,0.000,0,0,0,0,0,0,0,0,0,0,0,0,0.000,0.000,0.000,0.000,0,0,0,0,53.511,323.107,0,0.600,3.300,0,0,0.500,2.000,0,0,0.100,1.300,0,0,0,0,0,0.000
579,1979052068,1,0,1,2,306.200,298.800,0.500,6.100,15.900,5.300,0.000,0,80.200,0.000,0.000,4.200,30.200,19.900,9.700,0.000,0.000,0.000,2.100,0.000,0.000,0.000,0.000,0,0,0,0,0,0,0,0,0,0,0,0,0.000,0.000,0.000,0.000,0,0,0,0,52.555,318.732,0,0.600,3.000,0,0,0.400,1.900,0,0,0.200,1.100,0,0,0,0,0,0.000
580,1979052068,1,0,1,2,258.400,252.600,0.300,4.800,12.700,4.600,0.000,0,36.900,0.000,0.000,46.400,23.900,15.800,7.700,0.000,0.000,0.000,1.600,0.700,1.700,4.700,8.900,0,0,0,0,0,0,0,0,0,0,0,0,0.000,0.000,0.000,0.000,0,0,0,0,51.717,306.828,0,0.500,2.200,0,0,0.300,1.300,0,0,0.200,0.900,0,0,0,0,0,0.000
581,1979052068,1,0,1,2,270.800,263.600,0.500,5.900,17.300,5.900,0.000,0,23.800,0.000,0.000,4.700,31.500,20.500,10.500,0.000,0.000,0.000,2.400,0.000,0.000,0.000,0.000,0,0,0,0,0,0,0,0,0,0,0,0,0.000,0.000,0.000,0.000,0,0,0,0,51.768,299.047,0,0.800,3.300,0,0,0.500,2.000,0,0,0.300,1.300,0,0,0,0,0,0.000
582,1979052068,1,0,1,2,369.800,362.200,0.400,6.300,35.400,5.700,0.000,0,50.900,0.000,0.000,62.100,32.600,21.400,10.600,0.000,0.000,0.000,2.400,1.000,2.300,6.300,12.100,0,0,0,0,0,0,0,0,0,0,0,0,0.000,0.000,0.000,0.000,0,0,0,0,52.836,310.414,0,0.600,3.300,0,0,0.400,1.900,0,0,0.200,1.400,0,0,0,0,0,0.000
583,1979052068,1,0,1,2,363.600,355.600,0.400,6.600,54.000,5.600,0.000,0,83.400,0.000,0.000,4.700,32.600,21.500,10.600,0.000,0.000,0.000,2.300,0.000,0.000,0.000,0.000,0,0,0,0,0,0,0,0,0,0,0,0,0.000,0.000,0.000,0.000,0,0,0,0,52.631,318.548,0,0.600,3.300,0,0,0.400,2.000,0,0,0.200,1.300,0,0,0,0,0,0.000
584,1979052068,1,0,1,2,426.100,417.900,0.500,7.000,18.200,8.500,0.000,0,53.800,0.000,0.000,93.600,47.200,29.700,16.400,0.000,0.000,0.000,2.900,1.300,3.100,8.700,20.700,0,0,0,0,0,0,0,0,0,0,0,0,0.000,0.000,0.000,0.000,0,0,0,0,52.824,336.431,0,1.100,4.000,0,0,0.800,2.200,0,0,0.300,1.800,0,0,0,0,0,0.000
585,1979052068,1,0,1,2,348.600,340.300,0.500,7.000,17.200,5.600,0.000,0,105.200,0.000,0.000,4.500,31.700,20.600,10.500,0.000,0.000,0.000,2.300,0.000,0.000,0.000,0.000,0,0,0,0,0,0,0,0,0,0,0,0,0.000,0.000,0.000,0.000,0,0,0,0,52.117,337.128,0,0.600,3.200,0,0,0.400,1.900,0,0,0.200,1.300,0,0,0,0,0,0.000
586,1979052068,1,0,1,2,334.400,326.600,0.500,6.400,17.400,5.800,0.000,0,91.700,0.000,0.000,4.500,31.800,20.600,10.600,0.000,0.000,0.000,2.200,0.000,0.000,0.000,0.000,0,0,0,0,0,0,0,0,0,0,0,0,0.000,0.000,0.000,0.000,0,0,0,0,51.772,335.233,0,0.700,3.400,0,0,0.500,2.100,0,0,0.200,1.300,0,0,0,0,0,0.000
587,1979052068,1,0,1,2,382.600,375.900,0.300,5.600,19.100,6.300,0.000,0,42.600,0.000,0.000,81.800,35.700,23.700,11.400,0.000,0.000,0.000,2.400,1.300,2.600,7.200,13.000,0,0,0,0,0,0,0,0,0,0,0,0,0.000,0.000,0.000,0.000,0,0,0,0,53.649,342.553,0,0.700,3.600,0,0,0.500,2.100,0,0,0.200,1.500,0,0,0,0,0,0.000
588,1979052068,1,0,1,2,354.300,339.400,0.500,13.200,17.000,5.700,0.000,0,37.900,0.000,0.000,4.300,32.100,21.000,10.500,0.000,0.000,0.000,2.100,0.000,0.000,0.000,0.000,0,0,0,0,0,0,0,0,0,0,0,0,0.000,0.000,0.000,0.000,0,0,0,0,53.226,341.985,0,0.600,3.200,0,0,0.400,1.900,0,0,0.200,1.300,0,0,0,0,0,0.000
589,1979052068,1,0,1,2,331.400,323.300,0.600,6.600,17.400,5.800,0.000,0,88.900,0.000,0.000,4.800,31.800,20.700,10.500,0.000,0.000,0.000,2.400,0.000,0.000,0.000,0.000,0,0,0,0,0,0,0,0,0,0,0,0,0.000,0.000,0.000,0.000,0,0,0,0,52.070,338.622,0,0.700,3.200,0,0,0.500,1.900,0,0,0.200,1.300,0,0,0,0,0,0.000
590,1979052068,1,0,1,2,364.800,357.100,0.400,6.500,17.500,5.600,0.000,0,23.800,0.000,0.000,63.600,32.600,21.500,10.600,0.000,0.000,0.000,2.200,1.000,2.600,6.000,14.200,0,0,0,0,0,0,0,0,0,0,0,0,0.000,0.000,0.000,0.000,0,0,0,0,52.507,341.948,0,0.700,3.100,0,0,0.400,1.800,0,0,0.300,1.300,0,0,0,0,0,0.000
591,1979052068,1,0,1,2,365.900,357.700,0.500,6.700,17.800,5.700,0.000,0,98.500,0.000,0.000,4.300,32.700,21.900,10.200,0.000,0.000,0.000,2.200,0.000,0.000,0.000,0.000,0,0,0,0,0,0,0,0,0,0,0,0,0.000,0.000,0.000,0.000,0,0,0,0,53.190,344.783,0,0.600,3.300,0,0,0.500,2.000,0,0,0.100,1.300,0,0,0,0,0,0.000
592,1979052068,1,0,1,2,348.200,340.000,0.500,6.700,17.200,5.700,0.000,0,86.400,0.000,0.000,4.500,32.000,20.800,10.600,0.000,0.000,0.000,2.100,0.000,0.000,0.000,0.000,0,0,0,0,0,0,0,0,0,0,0,0,0.000,0.000,0.000,0.000,0,0,0,0,52.832,343.922,0,0.600,3.300,0,0,0.400,2.000,0,0,0.200,1.300,0,0,0,0,0,0.000
593,1979052068,1,0,1,2,333.100,325.300,0.400,6.500,17.600,5.900,0.000,0,23.500,0.000,0.000,66.700,33.100,22.000,10.400,0.000,0.000,0.000,2.300,1.500,2.300,6.500,13.700,0,0,0,0,0,0,0,0,0,0,0,0,0.000,0.000,0.000,0.000,0,0,0,0,53.762,340.570,0,0.600,3.200,0,0,0.400,1.800,0,0,0.200,1.400,0,0,0,0,0,0.000
594,1979052068,1,0,1,2,329.900,322.000,0.500,6.500,17.300,5.600,0.000,0,87.500,0.000,0.000,4.400,31.600,20.600,10.400,0.000,0.000,0.000,2.100,0.000,0.000,0.000,0.000,0,0,0,0,0,0,0,0,0,0,0,0,0.000,0.000,0.000,0.000,0,0,0,0,53.733,337.228,0,0.600,3.200,0,0,0.400,1.900,0,0,0.200,1.300,0,0,0,0,0,0.000
595,1979052068,1,0,1,2,120.700,117.400,0.200,2.900,7.900,2.600,0.000,0,11.000,0.000,0.000,2.000,15.100,10.300,4.600,0.000,0.000,0.000,1.000,0.000,0.000,0.000,0.000,0,0,0,0,0,0,0,0,0,0,0,0,0.000,0.000,0.000,0.000,0,0,0,0,49.713,297.659,0,0.300,1.600,0,0,0.200,1.000,0,0,0.100,0.600,0,0,0,0,0,0.000
596,1979052068,1,0,1,2,274.900,269.300,0.300,4.700,13.800,4.200,0.000,0,36.800,0.000,0.000,51.600,24.800,16.400,7.900,0.000,0.000,0.000,1.700,0.900,1.900,4.500,10.100,0,0,0,0,0,0,0,0,0,0,0,0,0.000,0.000,0.000,0.000,0,0,0,0,49.351,292.554,0,0.400,2.200,0,0,0.300,1.200,0,0,0.100,1.000,0,0,0,0,0,0.000
597,1979052068,1,0,1,2,319.400,309.400,0.500,8.500,16.900,5.300,0.000,0,86.000,0.000,0.000,4.300,30.100,19.800,9.700,0.000,0.000,0.000,2.200,0.000,0.000,0.000,0.000,0,0,0,0,0,0,0,0,0,0,0,0,0.000,0.000,0.000,0.000,0,0,0,0,49.341,295.586,0,0.700,3.000,0,0,0.600,1.800,0,0,0.100,1.200,0,0,0,0,0,0.000
598,1979052068,1,0,1,2,294.400,287.900,0.300,5.400,17.400,4.600,0.000,0,19.700,0.000,0.000,4.500,35.600,26.400,8.700,0.000,0.000,0.000,2.100,0.000,0.000,0.000,0.000,0,0,0,0,0,0,0,0,0,0,0,0,0.000,0.000,0.000,0.000,0,0,0,0,49.550,294.203,0,0.600,3.100,0,0,0.400,2.000,0,0,0.200,1.100,0,0,0,0,0,0.000
599,1979052068,1,0,1,2,291.700,285.100,0.400,5.500,14.100,4.700,0.000,0,41.100,0.000,0.000,54.700,26.800,17.900,8.600,0.000,0.000,0.000,1.800,1.000,1.900,5.100,11.400,0,0,0,0,0,0,0,0,0,0,0,0,0.000,0.000,0.000,0.000,0,0,0,0,49.199,292.564,0,0.500,2.600,0,0,0.300,1.400,0,0,0.200,1.200,0,0,0,0,0,0.000
600,1979052068,1,0,1,2,290.100,283.200,0.400,5.700,15.700,4.800,0.000,0,78.100,0.000,0.000,4.000,28.300,18.500,9.100,0.000,0.000,0.000,1.800,0.000,0.000,0.000,0.000,0,0,0,0,0,0,0,0,0,0,0,0,0.000,0.000,0.000,0.000,0,0,0,0,48.803,290.879,0,0.600,2.900,0,0,0.400,1.700,0,0,0.200,1.200,0,0,0,0,0,0.000
601,1979052068,1,0,1,2,295.800,288.100,0.400,6.300,17.300,5.500,0.000,0,52.100,0.000,0.000,5.000,32.800,21.200,10.700,0.000,0.000,0.000,2.500,0.000,0.000,0.000,0.000,0,0,0,0,0,0,0,0,0,0,0,0,0.000,0.000,0.000,0.000,0,0,0,0,49.001,290.379,0,0.600,3.200,0,0,0.400,2.000,0,0,0.200,1.200,0,0,0,0,0,0.000
602,1979052068,1,0,1,2,276.400,270.300,0.400,5.000,13.800,4.300,0.000,0,39.400,0.000,0.000,50.800,25.700,17.000,8.300,0.000,0.000,0.000,1.800,0.900,1.700,4.700,10.600,0,0,0,0,0,0,0,0,0,0,0,0,0.000,0.000,0.000,0.000,0,0,0,0,48.568,286.764,0,0.500,2.400,0,0,0.300,1.300,0,0,0.200,1.100,0,0,0,0,0,0.000
603,1979052068,1,0,1,2,284.100,277.000,0.300,6.000,16.500,5.500,0.000,0,22.900,0.000,0.000,4.200,30.300,19.700,10.100,0.000,0.000,0.000,2.100,0.000,0.000,0.000,0.000,0,0,0,0,0,0,0,0,0,0,0,0,0.000,0.000,0.000,0.000,0,0,0,0,48.466,285.007,0,0.600,3.100,0,0,0.400,1.800,0,0,0.200,1.300,0,0,0,0,0,0.000
604,1979052068,1,0,1,2,260.700,254.200,0.400,5.300,14.300,4.700,0.000,0,61.900,0.000,0.000,3.800,26.200,17.100,8.700,0.000,0.000,0.000,1.800,0.000,0.000,0.000,0.000,0,0,0,0,0,0,0,0,0,0,0,0,0.000,0.000,0.000,0.000,0,0,0,0,47.266,279.462,0,0.500,2.700,0,0,0.300,1.600,0,0,0.200,1.100,0,0,0,0,0,0.000
605,1979052068,1,0,1,2,376.100,368.200,0.400,6.600,17.600,5.800,0.000,0,51.700,0.000,0.000,65.100,33.300,22.100,10.700,0.000,0.000,0.000,2.300,1.000,2.700,6.200,14.400,0,0,0,0,0,0,0,0,0,0,0,0,0.000,0.000,0.000,0.000,0,0,0,0,48.226,295.435,0,0.500,3.000,0,0,0.400,1.700,0,0,0.100,1.300,0,0,0,0,0,0.000
606,1979052068,1,0,1,2,265.500,257.600,0.400,6.500,17.500,5.800,0.000,0,23.500,0.000,0.000,4.700,32.500,21.300,10.700,0.000,0.000,0.000,2.300,0.000,0.000,0.000,0.000,0,0,0,0,0,0,0,0,0,0,0,0,0.000,0.000,0.000,0.000,0,0,0,0,48.762,288.624,0,0.500,3.200,0,0,0.300,1.900,0,0,0.200,1.300,0,0,0,0,0,0.000
607,1979052068,1,0,1,2,329.500,321.600,0.600,6.600,17.300,5.800,0.000,0,87.100,0.000,0.000,4.600,32.400,21.300,10.500,0.000,0.000,0.000,2.200,0.000,0.000,0.000,0.000,0,0,0,0,0,0,0,0,0,0,0,0,0.000,0.000,0.000,0.000,0,0,0,0,49.165,294.560,0,0.600,3.300,0,0,0.400,2.000,0,0,0.200,1.300,0,0,0,0,0,0.000
608,1979052068,1,0,1,2,388.400,380.400,0.400,6.700,18.000,6.300,0.000,0,51.600,0.000,0.000,66.800,33.500,22.100,10.800,0.000,0.000,0.000,2.300,1.200,2.500,6.300,13.800,0,0,0,0,0,0,0,0,0,0,0,0,0.000,0.000,0.000,0.000,0,0,0,0,50.647,310.011,0,1.100,3.200,0,0,0.800,1.800,0,0,0.300,1.400,0,0,0,0,0,0.000
609,1979052068,1,0,1,2,417.300,408.300,0.500,7.500,19.400,6.100,0.000,0,92.800,0.000,0.000,5.000,36.100,23.800,11.700,0.000,0.000,0.000,2.200,0.000,0.000,0.000,0.000,0,0,0,0,0,0,0,0,0,0,0,0,0.000,0.000,0.000,0.000,0,0,0,0,56.416,327.703,0,0.900,3.700,0,0,0.600,2.300,0,0,0.300,1.400,0,0,0,0,0,0.000
610,1979052068,1,0,1,2,346.200,338.300,0.700,6.500,17.800,5.900,0.000,0,23.300,0.000,0.000,68.800,32.900,21.900,10.500,0.000,0.000,0.000,2.300,1.200,2.400,6.300,13.800,0,0,0,0,0,0,0,0,0,0,0,0,0.000,0.000,0.000,0.000,0,0,0,0,57.439,329.611,0,0.800,3.100,0,0,0.500,1.800,0,0,0.300,1.300,0,0,0,0,0,0.000
611,1979052068,1,0,1,2,389.400,380.800,0.500,7.100,18.400,5.700,0.000,0,100.700,0.000,0.000,4.400,33.600,22.500,10.500,0.000,0.000,0.000,2.300,0.000,0.000,0.000,0.000,0,0,0,0,0,0,0,0,0,0,0,0,0.000,0.000,0.000,0.000,0,0,0,0,56.820,338.825,0,0.600,3.400,0,0,0.400,2.100,0,0,0.200,1.300,0,0,0,0,0,0.000
612,1979052068,1,0,1,2,348.100,339.800,0.600,6.800,17.800,5.700,0.000,0,103.800,0.000,0.000,4.500,32.700,21.400,10.600,0.000,0.000,0.000,2.200,0.000,0.000,0.000,0.000,0,0,0,0,0,0,0,0,0,0,0,0,0.000,0.000,0.000,0.000,0,0,0,0,56.169,339.000,0,0.500,3.200,0,0,0.400,2.000,0,0,0.100,1.200,0,0,0,0,0,0.000
613,1979052068,1,0,1,2,357.000,349.200,0.800,6.200,18.400,6.100,0.000,0,24.800,0.000,0.000,79.000,34.000,22.700,10.800,0.000,0.000,0.000,2.200,1.200,2.700,6.500,13.900,0,0,0,0,0,0,0,0,0,0,0,0,0.000,0.000,0.000,0.000,0,0,0,0,60.494,340.836,0,0.700,3.400,0,0,0.400,2.000,0,0,0.300,1.400,0,0,0,0,0,0.000
614,1979052068,1,0,1,2,248.500,242.800,0.300,4.800,13.200,4.200,0.000,0,62.600,0.000,0.000,3.200,24.300,16.000,7.800,0.000,0.000,0.000,1.600,0.000,0.000,0.000,0.000,0,0,0,0,0,0,0,0,0,0,0,0,0.000,0.000,0.000,0.000,0,0,0,0,57.039,323.190,0,0.400,2.400,0,0,0.300,1.500,0,0,0.100,0.900,0,0,0,0,0,0.000
615,1979052068,1,0,1,2,317.100,299.500,0.500,16.400,15.600,5.000,0.000,0,92.100,0.000,0.000,4.000,29.200,19.500,9.200,0.000,0.000,0.000,2.000,0.000,0.000,0.000,0.000,0,0,0,0,0,0,0,0,0,0,0,0,0.000,0.000,0.000,0.000,0,0,0,0,55.592,318.926,0,0.600,3.000,0,0,0.400,1.800,0,0,0.200,1.200,0,0,0,0,0,0.000
616,1979052068,1,0,1,2,333.200,325.800,0.500,6.200,18.200,5.900,0.000,0,24.000,0.000,0.000,66.900,32.500,21.500,10.400,0.000,0.000,0.000,2.300,1.100,2.700,6.100,14.400,0,0,0,0,0,0,0,0,0,0,0,0,0.000,0.000,0.000,0.000,0,0,0,0,55.972,320.163,0,0.600,3.100,0,0,0.400,1.800,0,0,0.200,1.300,0,0,0,0,0,0.000
617,1979052068,1,0,1,2,332.700,324.500,0.500,6.800,17.600,5.700,0.000,0,88.500,0.000,0.000,4.800,31.900,20.800,10.600,0.000,0.000,0.000,2.300,0.000,0.000,0.000,0.000,0,0,0,0,0,0,0,0,0,0,0,0,0.000,0.000,0.000,0.000,0,0,0,0,54.951,320.944,0,0.500,3.100,0,0,0.400,1.900,0,0,0.100,1.200,0,0,0,0,0,0.000
618,1979052068,1,0,1,2,354.300,346.300,0.400,6.700,17.200,5.800,0.000,0,50.400,0.000,0.000,63.700,32.400,21.500,10.400,0.000,0.000,0.000,2.100,1.000,2.100,6.300,14.000,0,0,0,0,0,0,0,0,0,0,0,0,0.000,0.000,0.000,0.000,0,0,0,0,54.780,325.508,0,0.600,3.200,0,0,0.400,1.800,0,0,0.200,1.400,0,0,0,0,0,0.000
619,1979052068,1,0,1,2,307.500,300.100,0.400,6.100,16.100,5.100,0.000,0,81.900,0.000,0.000,4.100,30.800,20.300,10.000,0.000,0.000,0.000,2.100,0.000,0.000,0.000,0.000,0,0,0,0,0,0,0,0,0,0,0,0,0.000,0.000,0.000,0.000,0,0,0,0,54.621,320.934,0,0.600,3.000,0,0,0.400,1.800,0,0,0.200,1.200,0,0,0,0,0,0.000
620,1979052068,1,0,1,2,221.100,214.700,0.300,5.300,14.600,4.700,0.000,0,19.700,0.000,0.000,4.000,27.900,18.700,8.700,0.000,0.000,0.000,2.100,0.000,0.000,0.000,0.000,0,0,0,0,0,0,0,0,0,0,0,0,0.000,0.000,0.000,0.000,0,0,0,0,52.529,301.812,0,0.500,3.300,0,0,0.300,2.200,0,0,0.200,1.100,0,0,0,0,0,0.000
621,1979052068,1,0,1,2,364.700,356.800,0.500,6.600,17.400,6.100,0.000,0,50.800,0.000,0.000,67.000,33.800,22.500,10.700,0.000,0.000,0.000,2.800,1.100,2.500,6.300,14.100,0,0,0,0,0,0,0,0,0,0,0,0,0.000,0.000,0.000,0.000,0,0,0,0,53.460,311.710,0,0.700,3.100,0,0,0.400,1.800,0,0,0.300,1.300,0,0,0,0,0,0.000
622,1979052068,1,0,1,2,359.000,322.800,29.000,6.200,17.600,5.700,0.000,0,87.600,0.000,0.000,4.900,32.600,21.100,10.800,0.000,0.000,0.000,2.300,0.000,0.000,0.000,0.000,0,0,0,0,0,0,0,0,0,0,0,0,0.000,0.000,0.000,0.000,0,0,0,0,53.053,313.706,0,0.600,3.400,0,0,0.400,2.000,0,0,0.200,1.400,0,0,0,0,0,0.000
623,1979052068,1,0,1,2,308.400,301.700,0.300,5.700,15.100,4.800,0.000,0,44.200,0.000,0.000,56.500,29.000,19.100,9.400,0.000,0.000,0.000,1.900,0.900,2.000,5.500,12.200,0,0,0,0,0,0,0,0,0,0,0,0,0.000,0.000,0.000,0.000,0,0,0,0,52.378,311.545,0,0.500,2.500,0,0,0.300,1.400,0,0,0.200,1.100,0,0,0,0,0,0.000
624,1979052068,1,0,1,2,279.400,271.500,0.400,6.600,19.300,6.000,0.000,0,23.700,0.000,0.000,4.600,33.900,21.600,11.600,0.000,0.000,0.000,2.200,0.000,0.000,0.000,0.000,0,0,0,0,0,0,0,0,0,0,0,0,0.000,0.000,0.000,0.000,0,0,0,0,52.256,304.337,0,0.700,3.700,0,0,0.500,2.100,0,0,0.200,1.600,0,0,0,0,0,0.000
625,1979052068,1,0,1,2,344.000,335.500,0.400,7.200,17.000,5.700,0.000,0,90.900,0.000,0.000,4.200,32.700,21.700,10.400,0.000,0.000,0.000,2.100,0.000,0.000,0.000,0.000,0,0,0,0,0,0,0,0,0,0,0,0,0.000,0.000,0.000,0.000,0,0,0,0,52.174,309.946,0,0.600,3.400,0,0,0.400,2.100,0,0,0.200,1.300,0,0,0,0,0,0.000
626,1979052068,1,0,1,2,385.100,377.200,0.400,6.600,18.100,5.800,0.000,0,51.700,0.000,0.000,89.400,33.900,22.600,10.600,0.000,0.000,0.000,23.100,1.000,2.500,6.300,14.000,0,0,0,0,0,0,0,0,0,0,0,0,0.000,0.000,0.000,0.000,0,0,0,0,53.168,322.052,0,0.800,3.200,0,0,0.500,1.900,0,0,0.300,1.300,0,0,0,0,0,0.000
627,1979052068,1,0,1,2,382.000,373.100,0.600,7.400,18.900,6.400,0.000,0,91.000,0.000,0.000,5.000,35.400,23.100,11.500,0.000,0.000,0.000,2.400,0.000,0.000,0.000,0.000,0,0,0,0,0,0,0,0,0,0,0,0,0.000,0.000,0.000,0.000,0,0,0,0,53.462,331.241,0,0.600,3.500,0,0,0.400,2.100,0,0,0.200,1.400,0,0,0,0,0,0.000
628,1979052068,1,0,1,2,350.600,343.000,0.400,6.300,17.500,5.700,0.000,0,24.300,0.000,0.000,86.400,32.300,21.100,10.600,0.000,0.000,0.000,2.200,1.000,2.300,6.300,14.200,0,0,0,0,0,0,0,0,0,0,0,0,0.000,0.000,0.000,0.000,0,0,0,0,53.703,333.357,0,0.700,2.900,0,0,0.500,1.600,0,0,0.200,1.300,0,0,0,0,0,0.000
629,1979052068,1,0,1,2,346.300,338.300,0.500,6.700,16.500,5.300,0.000,0,86.700,0.000,0.000,4.200,30.000,19.600,9.900,0.000,0.000,0.000,2.000,0.000,0.000,0.000,0.000,0,0,0,0,0,0,0,0,0,0,0,0,0.000,0.000,0.000,0.000,0,0,0,0,52.568,334.247,0,0.600,3.100,0,0,0.400,1.900,0,0,0.200,1.200,0,0,0,0,0,0.000
630,1979052068,1,0,1,2,308.500,300.400,0.400,6.800,19.000,6.700,0.000,0,26.200,0.000,0.000,5.000,54.000,22.400,31.000,0.000,0.000,0.000,2.400,0.000,0.000,0.000,0.000,0,0,0,0,0,0,0,0,0,0,0,0,0.000,0.000,0.000,0.000,0,0,0,0,52.484,328.155,0,0.700,3.400,0,0,0.500,2.100,0,0,0.200,1.300,0,0,0,0,0,0.000
631,1979052068,1,0,1,2,330.600,323.300,0.400,6.200,16.400,5.400,0.000,0,47.400,0.000,0.000,60.600,30.400,20.000,9.900,0.000,0.000,0.000,2.200,1.000,2.200,6.000,13.100,0,0,0,0,0,0,0,0,0,0,0,0,0.000,0.000,0.000,0.000,0,0,0,0,52.055,327.281,0,0.600,2.900,0,0,0.400,1.600,0,0,0.200,1.300,0,0,0,0,0,0.000
632,1979052068,1,0,1,2,307.900,300.600,0.400,6.000,16.400,5.200,0.000,0,82.200,0.000,0.000,4.200,30.600,20.200,9.900,0.000,0.000,0.000,2.000,0.000,0.000,0.000,0.000,0,0,0,0,0,0,0,0,0,0,0,0,0.000,0.000,0.000,0.000,0,0,0,0,52.279,322.478,0,0.500,3.400,0,0,0.400,2.200,0,0,0.100,1.200,0,0,0,0,0,0.000
633,1979052068,1,0,1,2,247.200,240.200,0.400,5.800,16.000,5.300,0.000,0,22.700,0.000,0.000,4.200,29.700,19.200,10.000,0.000,0.000,0.000,2.100,0.000,0.000,0.000,0.000,0,0,0,0,0,0,0,0,0,0,0,0,0.000,0.000,0.000,0.000,0,0,0,0,51.545,307.668,0,0.600,3.300,0,0,0.400,1.900,0,0,0.200,1.400,0,0,0,0,0,0.000
634,1979052068,1,0,1,2,371.000,355.000,0.500,14.400,16.500,5.400,0.000,0,75.500,0.000,0.000,60.200,29.700,19.500,9.600,0.000,0.000,0.000,2.200,0.900,2.100,6.000,13.100,0,0,0,0,0,0,0,0,0,0,0,0,0.000,0.000,0.000,0.000,0,0,0,0,51.159,316.188,0,0.500,2.900,0,0,0.300,1.600,0,0,0.200,1.300,0,0,0,0,0,0.000
635,1979052068,1,0,1,2,377.200,368.800,0.500,7.000,17.700,6.900,0.000,0,94.100,0.000,0.000,4.500,34.100,22.700,10.800,0.000,0.000,0.000,2.300,0.000,0.000,0.000,0.000,0,0,0,0,0,0,0,0,0,0,0,0,0.000,0.000,0.000,0.000,0,0,0,0,53.596,325.658,0,0.700,3.700,0,0,0.400,2.400,0,0,0.300,1.300,0,0,0,0,0,0.000
636,1979052068,1,0,1,2,375.700,367.900,0.400,6.600,17.900,5.700,0.000,0,52.400,0.000,0.000,81.600,33.500,21.800,11.100,0.000,0.000,0.000,2.300,1.200,2.600,6.300,13.900,0,0,0,0,0,0,0,0,0,0,0,0,0.000,0.000,0.000,0.000,0,0,0,0,54.569,333.262,0,0.600,3.200,0,0,0.400,1.700,0,0,0.200,1.500,0,0,0,0,0,0.000
637,1979052068,1,0,1,2,377.500,369.500,0.500,6.600,18.000,5.600,0.000,0,91.900,0.000,0.000,4.500,33.300,22.000,10.700,0.000,0.000,0.000,2.300,0.000,0.000,0.000,0.000,0,0,0,0,0,0,0,0,0,0,0,0,0.000,0.000,0.000,0.000,0,0,0,0,55.114,339.785,0,0.600,3.400,0,0,0.400,2.000,0,0,0.200,1.400,0,0,0,0,0,0.000
638,1979052068,1,0,1,2,331.900,323.900,0.600,6.500,17.900,5.600,0.000,0,88.700,0.000,0.000,4.600,33.000,21.500,10.800,0.000,0.000,0.000,2.300,0.000,0.000,0.000,0.000,0,0,0,0,0,0,0,0,0,0,0,0,0.000,0.000,0.000,0.000,0,0,0,0,53.996,336.925,0,0.600,3.500,0,0,0.400,2.000,0,0,0.200,1.500,0,0,0,0,0,0.000
639,1979052068,1,0,1,2,354.900,346.400,0.400,7.100,19.100,6.200,0.000,0,25.600,0.000,0.000,69.700,35.100,23.000,11.500,0.000,0.000,0.000,2.500,1.100,2.500,7.000,15.000,0,0,0,0,0,0,0,0,0,0,0,0,0.000,0.000,0.000,0.000,0,0,0,0,55.959,338.631,0,0.700,3.400,0,0,0.400,1.900,0,0,0.300,1.500,0,0,0,0,0,0.000
640,1979052068,1,0,1,2,333.100,325.200,0.500,6.600,17.500,5.800,0.000,0,88.900,0.000,0.000,4.400,32.400,20.700,10.700,0.000,0.000,0.000,2.200,0.000,0.000,0.000,0.000,0,0,0,0,0,0,0,0,0,0,0,0,0.000,0.000,0.000,0.000,0,0,0,0,54.958,336.213,0,0.500,3.300,0,0,0.400,2.000,0,0,0.100,1.300,0,0,0,0,0,0.000
641,1979052068,1,0,1,2,167.700,163.800,0.300,3.200,9.000,3.000,0.000,0,43.400,0.000,0.000,2.200,17.400,11.700,5.500,0.000,0.000,0.000,1.100,0.000,0.000,0.000,0.000,0,0,0,0,0,0,0,0,0,0,0,0,0.000,0.000,0.000,0.000,0,0,0,0,51.168,305.179,0,0.300,1.800,0,0,0.200,1.100,0,0,0.100,0.700,0,0,0,0,0,0.000
642,1979052068,1,0,1,2,200.600,196.000,0.300,3.800,10.600,3.500,0.000,0,14.400,0.000,0.000,42.000,19.800,13.100,6.400,0.000,0.000,0.000,1.600,0.800,1.400,3.800,8.100,0,0,0,0,0,0,0,0,0,0,0,0,0.000,0.000,0.000,0.000,0,0,0,0,48.833,285.527,0,0.300,1.700,0,0,0.200,1.000,0,0,0.100,0.700,0,0,0,0,0,0.000
643,1979052068,1,0,1,2,157.600,153.900,0.300,3.200,8.200,2.700,0.000,0,39.500,0.000,0.000,2.000,16.600,11.300,5.000,0.000,0.000,0.000,1.000,0.000,0.000,0.000,0.000,0,0,0,0,0,0,0,0,0,0,0,0,0.000,0.000,0.000,0.000,0,0,0,0,46.127,261.834,0,0.300,1.600,0,0,0.200,1.000,0,0,0.100,0.600,0,0,0,0,0,0.000
644,1979052068,1,0,1,2,372.400,361.700,0.400,9.000,15.700,5.000,0.000,0,34.700,0.000,0.000,4.100,28.600,18.300,9.700,0.000,0.000,0.000,2.000,0.000,0.000,0.000,0.000,0,0,0,0,0,0,0,0,0,0,0,0,0.000,0.000,0.000,0.000,0,0,0,0,46.176,279.810,0,0.500,3.400,0,0,0.400,1.800,0,0,0.100,1.600,0,0,0,0,0,0.000
645,1979052068,1,0,1,2,447.200,435.800,0.500,9.800,17.700,5.900,0.000,0,77.600,0.000,0.000,64.300,32.400,21.200,10.700,0.000,0.000,0.000,2.300,0.900,2.400,6.500,14.000,0,0,0,0,0,0,0,0,0,0,0,0,0.000,0.000,0.000,0.000,0,0,0,0,47.387,307.888,0,0.600,3.100,0,0,0.400,1.700,0,0,0.200,1.400,0,0,0,0,0,0.000
646,1979052068,1,0,1,2,131.600,128.800,0.200,2.400,7.300,2.200,0.000,0,37.000,0.000,0.000,1.600,14.500,10.600,3.800,0.000,0.000,0.000,0.900,0.000,0.000,0.000,0.000,0,0,0,0,0,0,0,0,0,0,0,0,0.000,0.000,0.000,0.000,0,0,0,0,50.071,275.652,0,0.300,1.400,0,0,0.200,0.900,0,0,0.100,0.500,0,0,0,0,0,0.000
647,1979052068,1,0,1,2,260.600,254.900,0.300,4.700,13.200,4.600,0.000,0,37.300,0.000,0.000,48.900,24.200,16.100,7.600,0.000,0.000,0.000,1.600,0.800,1.800,4.700,10.200,0,0,0,0,0,0,0,0,0,0,0,0,0.000,0.000,0.000,0.000,0,0,0,0,49.032,271.917,0,0.500,2.100,0,0,0.300,1.200,0,0,0.200,0.900,0,0,0,0,0,0.000
648,1979052068,1,0,1,2,255.500,248.700,0.400,5.700,15.800,5.200,0.000,0,20.600,0.000,0.000,4.300,29.200,19.500,9.200,0.000,0.000,0.000,2.000,0.000,0.000,0.000,0.000,0,0,0,0,0,0,0,0,0,0,0,0,0.000,0.000,0.000,0.000,0,0,0,0,49.170,267.738,0,0.600,3.400,0,0,0.400,2.200,0,0,0.200,1.200,0,0,0,0,0,0.000
649,1979052068,1,0,1,2,362.900,354.000,0.600,7.400,17.600,14.400,0.000,0,97.400,0.000,0.000,4.500,33.100,20.700,11.800,0.000,0.000,0.000,2.300,0.000,0.000,0.000,0.000,0,0,0,0,0,0,0,0,0,0,0,0,0.000,0.000,0.000,0.000,0,0,0,0,49.230,283.265,0,0.700,3.200,0,0,0.400,2.000,0,0,0.300,1.200,0,0,0,0,0,0.000
650,1979052068,1,0,1,2,492.300,482.900,0.500,7.900,19.600,6.700,0.000,0,69.300,0.000,0.000,72.100,43.400,31.100,11.700,0.000,0.000,0.000,2.400,1.100,2.500,7.100,15.300,0,0,0,0,0,0,0,0,0,0,0,0,0.000,0.000,0.000,0.000,0,0,0,0,51.312,319.199,0,0.600,3.500,0,0,0.400,1.900,0,0,0.200,1.600,0,0,0,0,0,0.000
651,1979052068,1,0,1,2,336.100,327.800,0.600,6.900,17.800,5.900,0.000,0,89.700,0.000,0.000,4.700,34.000,22.600,10.700,0.000,0.000,0.000,2.200,0.000,0.000,0.000,0.000,0,0,0,0,0,0,0,0,0,0,0,0,0.000,0.000,0.000,0.000,0,0,0,0,51.760,320.747,0,0.600,3.300,0,0,0.500,2.000,0,0,0.100,1.300,0,0,0,0,0,0.000
652,1979052068,1,0,1,2,350.600,342.700,0.400,6.500,17.200,5.600,0.000,0,48.800,0.000,0.000,63.700,32.800,21.100,11.100,0.000,0.000,0.000,2.200,1.200,2.500,6.200,13.600,0,0,0,0,0,0,0,0,0,0,0,0,0.000,0.000,0.000,0.000,0,0,0,0,52.109,324.699,0,0.700,3.000,0,0,0.400,1.700,0,0,0.300,1.300,0,0,0,0,0,0.000
653,1979052068,1,0,1,2,425.900,417.300,0.500,7.300,17.800,8.800,0.000,0,99.800,0.000,0.000,4.400,38.300,21.600,16.000,0.000,0.000,0.000,2.100,0.000,0.000,0.000,0.000,0,0,0,0,0,0,0,0,0,0,0,0,0.000,0.000,0.000,0.000,0,0,0,0,52.684,341.367,0,1.000,3.700,0,0,0.500,2.100,0,0,0.500,1.600,0,0,0,0,0,0.000
654,1979052068,1,0,1,2,374.900,366.900,0.400,6.700,17.800,6.200,0.000,0,50.500,0.000,0.000,63.800,32.400,21.100,10.800,0.000,0.000,0.000,2.300,1.000,2.300,6.200,14.000,0,0,0,0,0,0,0,0,0,0,0,0,0.000,0.000,0.000,0.000,0,0,0,0,53.101,345.963,0,0.600,3.100,0,0,0.400,1.700,0,0,0.200,1.400,0,0,0,0,0,0.000
655,1979052068,1,0,1,2,263.900,256.200,0.400,6.400,17.000,5.700,0.000,0,22.500,0.000,0.000,4.900,32.000,20.800,10.600,0.000,0.000,0.000,2.400,0.000,0.000,0.000,0.000,0,0,0,0,0,0,0,0,0,0,0,0,0.000,0.000,0.000,0.000,0,0,0,0,52.597,329.806,0,0.600,3.300,0,0,0.400,1.900,0,0,0.200,1.400,0,0,0,0,0,0.000
656,1979052068,1,0,1,2,353.300,345.000,0.400,7.000,22.200,5.800,0.000,0,104.000,0.000,0.000,4.900,33.600,22.200,10.800,0.000,0.000,0.000,2.200,0.000,0.000,0.000,0.000,0,0,0,0,0,0,0,0,0,0,0,0,0.000,0.000,0.000,0.000,0,0,0,0,53.065,332.541,0,0.900,3.500,0,0,0.700,2.100,0,0,0.200,1.400,0,0,0,0,0,0.000
657,1979052068,1,0,1,2,500.900,491.600,0.400,7.900,17.100,8.700,0.000,0,84.500,0.000,0.000,70.900,47.600,30.000,17.000,0.000,0.000,0.000,2.300,1.000,2.600,6.200,17.700,0,0,0,0,0,0,0,0,0,0,0,0,0.000,0.000,0.000,0.000,0,0,0,0,52.927,361.171,0,1.100,4.500,0,0,0.800,2.500,0,0,0.300,2.000,0,0,0,0,0,0.000
658,1979052068,1,0,1,2,176.100,171.100,0.300,4.100,11.500,3.900,0.000,0,15.600,0.000,0.000,3.000,22.200,14.900,6.900,0.000,0.000,0.000,1.500,0.000,0.000,0.000,0.000,0,0,0,0,0,0,0,0,0,0,0,0,0.000,0.000,0.000,0.000,0,0,0,0,50.132,326.958,0,0.400,2.200,0,0,0.300,1.300,0,0,0.100,0.900,0,0,0,0,0,0.000
659,1979052068,1,0,1,2,365.900,357.300,0.500,7.200,19.500,6.000,0.000,0,101.900,0.000,0.000,5.100,34.900,23.000,11.300,0.000,0.000,0.000,2.600,0.000,0.000,0.000,0.000,0,0,0,0,0,0,0,0,0,0,0,0,0.000,0.000,0.000,0.000,0,0,0,0,50.595,332.420,0,0.600,3.600,0,0,0.400,2.200,0,0,0.200,1.400,0,0,0,0,0,0.000
660,1979052068,1,0,1,2,252.200,246.800,0.300,4.400,12.200,4.000,0.000,0,35.300,0.000,0.000,46.600,22.600,14.800,7.300,0.000,0.000,0.000,1.600,0.700,1.600,4.200,9.400,0,0,0,0,0,0,0,0,0,0,0,0,0.000,0.000,0.000,0.000,0,0,0,0,48.796,317.008,0,0.400,2.100,0,0,0.300,1.200,0,0,0.100,0.900,0,0,0,0,0,0.000
661,1979052068,1,0,1,2,194.800,189.400,0.300,4.500,13.100,4.400,0.000,0,17.500,0.000,0.000,3.300,23.900,15.600,7.800,0.000,0.000,0.000,1.700,0.000,0.000,0.000,0.000,0,0,0,0,0,0,0,0,0,0,0,0,0.000,0.000,0.000,0.000,0,0,0,0,46.978,294.039,0,0.400,2.500,0,0,0.300,1.500,0,0,0.100,1.000,0,0,0,0,0,0.000
662,1979052068,1,0,1,2,332.000,323.900,0.400,6.700,18.000,5.900,0.000,0,88.300,0.000,0.000,4.700,32.200,20.700,10.900,0.000,0.000,0.000,2.200,0.000,0.000,0.000,0.000,0,0,0,0,0,0,0,0,0,0,0,0,0.000,0.000,0.000,0.000,0,0,0,0,47.468,299.414,0,0.600,3.300,0,0,0.400,2.000,0,0,0.200,1.300,0,0,0,0,0,0.000
663,1979052068,1,0,1,2,382.500,373.900,0.400,7.200,19.300,6.800,0.000,0,54.400,0.000,0.000,67.800,34.800,22.700,11.600,0.000,0.000,0.000,2.400,1.100,2.500,6.900,15.200,0,0,0,0,0,0,0,0,0,0,0,0,0.000,0.000,0.000,0.000,0,0,0,0,48.914,312.821,0,0.700,3.600,0,0,0.500,2.200,0,0,0.200,1.400,0,0,0,0,0,0.000
664,1979052068,1,0,1,2,332.900,324.900,0.500,6.700,17.900,5.700,0.000,0,89.200,0.000,0.000,4.300,32.400,21.200,10.700,0.000,0.000,0.000,2.100,0.000,0.000,0.000,0.000,0,0,0,0,0,0,0,0,0,0,0,0,0.000,0.000,0.000,0.000,0,0,0,0,49.613,314.996,0,0.600,3.300,0,0,0.400,2.000,0,0,0.200,1.300,0,0,0,0,0,0.000
665,1979052068,1,0,1,2,388.400,380.200,0.400,6.900,18.100,6.100,0.000,0,52.300,0.000,0.000,92.200,33.600,22.400,10.600,0.000,0.000,0.000,2.300,1.100,2.500,30.900,14.400,0,0,0,0,0,0,0,0,0,0,0,0,0.000,0.000,0.000,0.000,0,0,0,0,50.871,326.732,0,0.700,3.000,0,0,0.400,1.700,0,0,0.300,1.300,0,0,0,0,0,0.000
666,1979052068,1,0,1,2,362.600,354.500,0.500,6.600,28.200,5.600,0.000,0,86.300,0.000,0.000,7.800,33.700,22.300,10.900,0.000,0.000,0.000,3.900,0.000,0.000,0.000,0.000,0,0,0,0,0,0,0,0,0,0,0,0,0.000,0.000,0.000,0.000,0,0,0,0,53.774,331.731,0,0.700,3.800,0,0,0.500,2.300,0,0,0.200,1.500,0,0,0,0,0,0.000
667,1979052068,1,0,1,2,260.600,254.900,0.400,4.800,12.800,4.500,0.000,0,36.600,0.000,0.000,48.400,24.100,16.000,7.700,0.000,0.000,0.000,2.000,0.700,1.800,4.600,10.100,0,0,0,0,0,0,0,0,0,0,0,0,0.000,0.000,0.000,0.000,0,0,0,0,51.889,317.901,0,0.400,2.200,0,0,0.300,1.200,0,0,0.100,1.000,0,0,0,0,0,0.000
668,1979052068,1,0,1,2,268.000,260.500,0.400,6.300,17.700,5.800,0.000,0,24.200,0.000,0.000,4.800,33.400,21.800,11.000,0.000,0.000,0.000,2.600,0.000,0.000,0.000,0.000,0,0,0,0,0,0,0,0,0,0,0,0,0.000,0.000,0.000,0.000,0,0,0,0,52.719,307.569,0,0.800,3.300,0,0,0.500,2.000,0,0,0.300,1.300,0,0,0,0,0,0.000
669,1979052068,1,0,1,2,379.400,371.100,0.600,6.900,17.600,8.500,0.000,0,85.800,0.000,0.000,4.500,44.600,28.400,15.500,0.000,0.000,0.000,2.100,0.000,0.000,0.000,0.000,0,0,0,0,0,0,0,0,0,0,0,0,0.000,0.000,0.000,0.000,0,0,0,0,52.067,319.004,0,1.000,4.800,0,0,0.700,2.900,0,0,0.300,1.900,0,0,0,0,0,0.000
670,1979052068,1,0,1,2,382.700,374.800,0.500,6.600,18.200,6.000,0.000,0,51.700,0.000,0.000,68.000,32.900,21.700,10.600,0.000,0.000,0.000,2.300,1.100,2.400,6.200,13.600,0,0,0,0,0,0,0,0,0,0,0,0,0.000,0.000,0.000,0.000,0,0,0,0,53.297,329.048,0,0.600,3.100,0,0,0.300,1.700,0,0,0.300,1.400,0,0,0,0,0,0.000
671,1979052068,1,0,1,2,358.200,349.700,0.500,7.100,19.500,6.300,0.000,0,95.900,0.000,0.000,4.700,34.400,22.500,11.400,0.000,0.000,0.000,2.400,0.000,0.000,0.000,0.000,0,0,0,0,0,0,0,0,0,0,0,0,0.000,0.000,0.000,0.000,0,0,0,0,53.532,332.765,0,0.800,3.700,0,0,0.500,2.200,0,0,0.300,1.500,0,0,0,0,0,0.000
672,1979052068,1,0,1,2,358.200,350.900,0.400,6.100,17.100,6.500,0.000,0,48.000,0.000,0.000,66.600,34.100,22.200,11.400,0.000,0.000,0.000,2.300,1.000,2.500,6.600,14.700,0,0,0,0,0,0,0,0,0,0,0,0,0.000,0.000,0.000,0.000,0,0,0,0,54.012,336.029,0,0.800,3.200,0,0,0.500,1.800,0,0,0.300,1.400,0,0,0,0,0,0.000
673,1979052068,1,0,1,2,278.500,270.400,0.400,6.800,17.400,5.800,0.000,0,25.800,0.000,0.000,4.400,32.500,21.400,10.600,0.000,0.000,0.000,2.200,0.000,0.000,0.000,0.000,0,0,0,0,0,0,0,0,0,0,0,0,0.000,0.000,0.000,0.000,0,0,0,0,57.124,324.216,0,0.800,3.200,0,0,0.500,1.900,0,0,0.300,1.300,0,0,0,0,0,0.000
674,1979052068,1,0,1,2,450.100,408.800,33.900,6.400,31.500,6.600,0.000,0,94.300,0.000,0.000,7.800,53.300,35.300,17.500,0.000,0.000,0.000,3.900,0.000,0.000,0.000,0.000,0,0,0,0,0,0,0,0,0,0,0,0,0.000,0.000,0.000,0.000,0,0,0,0,60.378,339.441,0,1.400,5.700,0,0,0.900,3.500,0,0,0.500,2.200,0,0,0,0,0,0.000
675,1979052068,1,0,1,2,333.900,326.100,0.400,6.500,17.600,5.800,0.000,0,24.700,0.000,0.000,67.600,33.000,21.800,10.600,0.000,0.000,0.000,2.200,1.100,2.200,6.300,14.100,0,0,0,0,0,0,0,0,0,0,0,0,0.000,0.000,0.000,0.000,0,0,0,0,59.374,337.040,0,0.800,2.900,0,0,0.500,1.600,0,0,0.300,1.300,0,0,0,0,0,0.000
676,1979052068,1,0,1,2,378.600,369.700,0.600,7.400,18.300,8.300,0.000,0,94.400,0.000,0.000,4.600,35.100,23.000,11.500,0.000,0.000,0.000,2.200,0.000,0.000,0.000,0.000,0,0,0,0,0,0,0,0,0,0,0,0,0.000,0.000,0.000,0.000,0,0,0,0,58.676,342.919,0,0.700,3.500,0,0,0.500,2.100,0,0,0.200,1.400,0,0,0,0,0,0.000
677,1979052068,1,0,1,2,328.400,320.300,0.600,6.600,17.800,5.700,0.000,0,86.600,0.000,0.000,4.600,32.500,21.300,10.700,0.000,0.000,0.000,2.500,0.000,0.000,0.000,0.000,0,0,0,0,0,0,0,0,0,0,0,0,0.000,0.000,0.000,0.000,0,0,0,0,59.167,338.847,0,0.700,3.200,0,0,0.500,1.900,0,0,0.200,1.300,0,0,0,0,0,0.000
678,1979052068,1,0,1,2,351.400,343.800,0.400,6.400,17.500,5.900,0.000,0,23.700,0.000,0.000,84.100,34.200,22.800,10.700,0.000,0.000,0.000,2.300,1.200,2.300,6.300,13.800,0,0,0,0,0,0,0,0,0,0,0,0,0.000,0.000,0.000,0.000,0,0,0,0,59.551,339.739,0,0.900,3.000,0,0,0.700,1.700,0,0,0.200,1.300,0,0,0,0,0,0.000
679,1979052068,1,0,1,2,349.000,341.000,0.500,6.700,17.200,5.800,0.000,0,103.200,0.000,0.000,4.400,33.400,22.000,10.800,0.000,0.000,0.000,2.000,0.000,0.000,0.000,0.000,0,0,0,0,0,0,0,0,0,0,0,0,0.000,0.000,0.000,0.000,0,0,0,0,58.516,339.966,0,0.600,3.300,0,0,0.400,2.000,0,0,0.200,1.300,0,0,0,0,0,0.000
680,1979052068,1,0,1,2,348.900,340.800,0.500,6.700,17.900,5.600,0.000,0,106.000,0.000,0.000,4.500,32.100,20.500,11.000,0.000,0.000,0.000,2.200,0.000,0.000,0.000,0.000,0,0,0,0,0,0,0,0,0,0,0,0,0.000,0.000,0.000,0.000,0,0,0,0,56.785,340.116,0,0.600,3.300,0,0,0.400,2.000,0,0,0.200,1.300,0,0,0,0,0,0.000
681,1979052068,1,0,1,2,327.300,319.700,0.400,6.400,17.800,5.700,0.000,0,24.400,0.000,0.000,64.700,32.000,20.900,10.500,0.000,0.000,0.000,2.200,1.000,2.200,6.400,14.300,0,0,0,0,0,0,0,0,0,0,0,0,0.000,0.000,0.000,0.000,0,0,0,0,56.589,336.441,0,0.700,3.100,0,0,0.500,1.700,0,0,0.200,1.400,0,0,0,0,0,0.000
682,1979052068,1,0,1,2,355.300,346.800,0.500,7.100,17.500,5.800,0.000,0,85.700,0.000,0.000,4.300,32.700,21.200,10.900,0.000,0.000,0.000,2.300,0.000,0.000,0.000,0.000,0,0,0,0,0,0,0,0,0,0,0,0,0.000,0.000,0.000,0.000,0,0,0,0,55.277,338.306,0,0.700,3.300,0,0,0.400,2.000,0,0,0.300,1.300,0,0,0,0,0,0.000
683,1979052068,1,0,1,2,310.400,303.500,0.400,5.800,15.100,5.100,0.000,0,43.900,0.000,0.000,56.100,29.100,19.100,9.400,0.000,0.000,0.000,2.000,0.900,2.300,5.400,11.900,0,0,0,0,0,0,0,0,0,0,0,0,0.000,0.000,0.000,0.000,0,0,0,0,54.291,332.041,0,0.700,2.500,0,0,0.400,1.400,0,0,0.300,1.100,0,0,0,0,0,0.000
684,1979052068,1,0,1,2,248.400,242.300,0.400,5.000,13.700,4.600,0.000,0,60.500,0.000,0.000,3.600,25.600,17.000,8.100,0.000,0.000,0.000,1.800,0.000,0.000,0.000,0.000,0,0,0,0,0,0,0,0,0,0,0,0,0.000,0.000,0.000,0.000,0,0,0,0,52.007,315.887,0,0.500,2.700,0,0,0.400,1.800,0,0,0.100,0.900,0,0,0,0,0,0.000
685,1979052068,1,0,1,2,247.800,240.600,0.400,6.000,16.400,5.300,0.000,0,22.400,0.000,0.000,4.300,29.800,19.400,9.800,0.000,0.000,0.000,2.000,0.000,0.000,0.000,0.000,0,0,0,0,0,0,0,0,0,0,0,0,0.000,0.000,0.000,0.000,0,0,0,0,51.160,302.336,0,0.500,3.300,0,0,0.300,1.900,0,0,0.200,1.400,0,0,0,0,0,0.000
686,1979052068,1,0,1,2,401.800,393.900,0.500,6.600,19.100,6.400,0.000,0,50.600,0.000,0.000,70.300,34.900,22.900,11.400,0.000,0.000,0.000,2.300,1.100,2.400,6.700,15.100,0,0,0,0,0,0,0,0,0,0,0,0,0.000,0.000,0.000,0.000,0,0,0,0,52.481,318.817,0,0.700,3.300,0,0,0.400,1.900,0,0,0.300,1.400,0,0,0,0,0,0.000
687,1979052068,1,0,1,2,330.700,322.900,0.400,6.500,17.500,5.600,0.000,0,87.500,0.000,0.000,4.500,32.500,21.100,10.900,0.000,0.000,0.000,2.200,0.000,0.000,0.000,0.000,0,0,0,0,0,0,0,0,0,0,0,0,0.000,0.000,0.000,0.000,0,0,0,0,52.484,319.552,0,0.600,3.300,0,0,0.400,2.000,0,0,0.200,1.300,0,0,0,0,0,0.000
688,1979052068,1,0,1,2,395.800,387.900,0.400,6.700,18.500,8.800,0.000,0,51.800,0.000,0.000,68.300,55.500,37.600,17.300,0.000,0.000,0.000,2.300,1.100,2.600,6.700,15.200,0,0,0,0,0,0,0,0,0,0,0,0,0.000,0.000,0.000,0.000,0,0,0,0,53.459,331.855,0,1.200,4.900,0,0,0.900,2.900,0,0,0.300,2.000,0,0,0,0,0,0.000
689,1979052068,1,0,1,2,266.300,258.700,0.400,6.400,18.300,5.600,0.000,0,23.600,0.000,0.000,4.300,31.900,20.900,10.500,0.000,0.000,0.000,2.200,0.000,0.000,0.000,0.000,0,0,0,0,0,0,0,0,0,0,0,0,0.000,0.000,0.000,0.000,0,0,0,0,52.765,318.687,0,0.600,3.300,0,0,0.400,2.100,0,0,0.200,1.200,0,0,0,0,0,0.000
690,1979052068,1,0,1,2,319.000,311.500,0.500,6.200,16.200,6.000,0.000,0,79.700,0.000,0.000,4.100,33.300,23.100,9.600,0.000,0.000,0.000,1.800,0.000,0.000,0.000,0.000,0,0,0,0,0,0,0,0,0,0,0,0,0.000,0.000,0.000,0.000,0,0,0,0,56.785,317.393,0,0.700,3.400,0,0,0.500,1.900,0,0,0.200,1.500,0,0,0,0,0,0.000
691,1979052068,1,0,1,2,426.800,419.500,0.400,6.100,19.700,7.100,0.000,0,53.800,0.000,0.000,95.100,40.900,29.200,11.000,0.000,0.000,0.000,2.100,1.300,3.300,6.500,13.900,0,0,0,0,0,0,0,0,0,0,0,0,0.000,0.000,0.000,0.000,0,0,0,0,63.070,335.772,0,0.500,3.400,0,0,0.400,2.000,0,0,0.100,1.400,0,0,0,0,0,0.000
692,1979052068,1,0,1,2,323.800,315.800,0.600,6.700,16.400,5.200,0.000,0,80.400,0.000,0.000,4.100,29.800,19.300,9.900,0.000,0.000,0.000,1.900,0.000,0.000,0.000,0.000,0,0,0,0,0,0,0,0,0,0,0,0,0.000,0.000,0.000,0.000,0,0,0,0,60.177,332.177,0,0.700,3.100,0,0,0.500,1.900,0,0,0.200,1.200,0,0,0,0,0,0.000
693,1979052068,1,0,1,2,356.800,349.400,0.300,6.200,33.500,5.200,0.000,0,47.500,0.000,0.000,63.100,31.200,20.600,10.000,0.000,0.000,0.000,2.100,1.100,2.100,5.700,12.800,0,0,0,0,0,0,0,0,0,0,0,0,0.000,0.000,0.000,0.000,0,0,0,0,60.037,335.277,0,0.600,2.800,0,0,0.400,1.500,0,0,0.200,1.300,0,0,0,0,0,0.000
694,1979052068,1,0,1,2,377.500,372.000,0.400,4.400,18.700,6.000,0.000,0,91.600,0.000,0.000,4.500,35.300,23.100,11.500,0.000,0.000,0.000,2.200,0.000,0.000,0.000,0.000,0,0,0,0,0,0,0,0,0,0,0,0,0.000,0.000,0.000,0.000,0,0,0,0,58.915,341.888,0,0.700,3.800,0,0,0.500,2.300,0,0,0.200,1.500,0,0,0,0,0,0.000
695,1979052068,1,0,1,2,374.800,366.600,0.400,6.700,20.900,6.100,0.000,0,26.000,0.000,0.000,71.200,35.500,23.200,11.800,0.000,0.000,0.000,2.400,1.000,2.800,7.100,15.600,0,0,0,0,0,0,0,0,0,0,0,0,0.000,0.000,0.000,0.000,0,0,0,0,58.930,346.336,0,0.800,3.200,0,0,0.500,1.900,0,0,0.300,1.300,0,0,0,0,0,0.000
696,1979052068,1,0,1,2,239.700,234.100,0.300,4.600,12.700,3.900,0.000,0,68.700,0.000,0.000,3.100,23.700,15.500,7.400,0.000,0.000,0.000,1.500,0.000,0.000,0.000,0.000,0,0,0,0,0,0,0,0,0,0,0,0,0.000,0.000,0.000,0.000,0,0,0,0,55.577,326.133,0,0.300,2.400,0,0,0.200,1.500,0,0,0.100,0.900,0,0,0,0,0,0.000
697,1979052068,1,0,1,2,251.400,247.700,0.200,3.000,17.600,5.500,0.000,0,11.700,0.000,0.000,61.000,31.300,20.100,10.600,0.000,0.000,0.000,2.500,1.000,2.300,6.100,14.100,0,0,0,0,0,0,0,0,0,0,0,0,0.000,0.000,0.000,0.000,0,0,0,0,54.105,312.015,0,0.700,3.000,0,0,0.500,1.700,0,0,0.200,1.300,0,0,0,0,0,0.000
698,1979052068,1,0,1,2,149.600,146.100,0.200,3.000,8.400,2.600,0.000,0,39.800,0.000,0.000,2.000,16.000,11.000,4.600,0.000,0.000,0.000,1.100,0.000,0.000,0.000,0.000,0,0,0,0,0,0,0,0,0,0,0,0,0.000,0.000,0.000,0.000,0,0,0,0,50.126,282.151,0,0.200,1.900,0,0,0.200,1.300,0,0,0.000,0.600,0,0,0,0,0,0.000
699,1979052068,1,0,1,2,153.300,149.600,0.200,3.200,8.800,2.600,0.000,0,41.300,0.000,0.000,2.100,16.100,11.300,4.600,0.000,0.000,0.000,1.100,0.000,0.000,0.000,0.000,0,0,0,0,0,0,0,0,0,0,0,0,0.000,0.000,0.000,0.000,0,0,0,0,47.673,258.291,0,0.300,1.700,0,0,0.200,1.000,0,0,0.100,0.700,0,0,0,0,0,0.000
700,1979052068,1,0,1,2,382.100,373.700,0.400,7.100,18.700,6.100,0.000,0,53.600,0.000,0.000,66.100,33.800,21.600,11.500,0.000,0.000,0.000,2.500,1.100,2.500,6.800,15.200,0,0,0,0,0,0,0,0,0,0,0,0,0.000,0.000,0.000,0.000,0,0,0,0,48.452,279.065,0,0.700,3.300,0,0,0.500,1.800,0,0,0.200,1.500,0,0,0,0,0,0.000
701,1979052068,1,0,1,2,269.300,263.400,0.300,4.900,18.200,5.700,0.000,0,30.500,0.000,0.000,4.600,32.100,20.900,10.600,0.000,0.000,0.000,2.200,0.000,0.000,0.000,0.000,0,0,0,0,0,0,0,0,0,0,0,0,0.000,0.000,0.000,0.000,0,0,0,0,48.569,276.245,0,0.600,3.200,0,0,0.400,1.900,0,0,0.200,1.300,0,0,0,0,0,0.000
702,1979052068,1,0,1,2,313.400,306.400,0.500,5.700,17.800,6.000,0.000,0,77.900,0.000,0.000,4.300,31.800,20.600,10.700,0.000,0.000,0.000,2.300,0.000,0.000,0.000,0.000,0,0,0,0,0,0,0,0,0,0,0,0,0.000,0.000,0.000,0.000,0,0,0,0,49.024,281.673,0,0.600,3.300,0,0,0.400,2.000,0,0,0.200,1.300,0,0,0,0,0,0.000
703,1979052068,1,0,1,2,366.500,358.600,0.400,6.600,17.100,5.800,0.000,0,50.000,0.000,0.000,76.400,32.600,21.600,10.500,0.000,0.000,0.000,2.100,1.000,2.200,6.500,13.900,0,0,0,0,0,0,0,0,0,0,0,0,0.000,0.000,0.000,0.000,0,0,0,0,50.298,295.520,0,0.600,3.000,0,0,0.400,1.700,0,0,0.200,1.300,0,0,0,0,0,0.000
704,1979052068,1,0,1,2,205.000,199.300,0.300,4.800,13.600,4.400,0.000,0,18.000,0.000,0.000,3.400,25.900,17.200,8.300,0.000,0.000,0.000,1.600,0.000,0.000,0.000,0.000,0,0,0,0,0,0,0,0,0,0,0,0,0.000,0.000,0.000,0.000,0,0,0,0,49.020,278.200,0,0.500,2.500,0,0,0.300,1.500,0,0,0.200,1.000,0,0,0,0,0,0.000
705,1979052068,1,0,1,2,310.100,303.400,0.400,5.500,17.300,12.800,0.000,0,69.700,0.000,0.000,4.200,50.500,20.700,29.300,0.000,0.000,0.000,2.000,0.000,0.000,0.000,0.000,0,0,0,0,0,0,0,0,0,0,0,0,0.000,0.000,0.000,0.000,0,0,0,0,49.161,282.736,0,0.600,3.300,0,0,0.400,2.000,0,0,0.200,1.300,0,0,0,0,0,0.000
706,1979052068,1,0,1,2,294.700,289.500,0.300,4.300,19.200,5.600,0.000,0,34.600,0.000,0.000,61.000,30.900,20.000,10.400,0.000,0.000,0.000,2.100,1.000,2.300,6.500,14.100,0,0,0,0,0,0,0,0,0,0,0,0,0.000,0.000,0.000,0.000,0,0,0,0,49.798,283.954,0,0.700,3.000,0,0,0.500,1.700,0,0,0.200,1.300,0,0,0,0,0,0.000
707,1979052068,1,0,1,2,256.700,250.400,0.300,5.300,14.500,4.700,0.000,0,19.800,0.000,0.000,3.800,27.000,17.900,8.700,0.000,0.000,0.000,1.800,0.000,0.000,0.000,0.000,0,0,0,0,0,0,0,0,0,0,0,0,0.000,0.000,0.000,0.000,0,0,0,0,48.538,277.914,0,0.500,2.900,0,0,0.300,1.900,0,0,0.200,1.000,0,0,0,0,0,0.000
708,1979052068,1,0,1,2,245.200,239.900,0.300,4.600,12.200,4.000,0.000,0,55.200,0.000,0.000,3.100,23.200,15.400,7.400,0.000,0.000,0.000,1.500,0.000,0.000,0.000,0.000,0,0,0,0,0,0,0,0,0,0,0,0,0.000,0.000,0.000,0.000,0,0,0,0,46.911,271.072,0,0.500,2.300,0,0,0.300,1.400,0,0,0.200,0.900,0,0,0,0,0,0.000
709,1979052068,1,0,1,2,251.700,246.200,0.600,4.300,17.700,4.300,0.000,0,16.300,0.000,0.000,45.900,23.000,15.100,7.400,0.000,0.000,0.000,1.700,0.800,1.600,4.200,9.600,0,0,0,0,0,0,0,0,0,0,0,0,0.000,0.000,0.000,0.000,0,0,0,0,48.439,266.595,0,0.500,2.100,0,0,0.300,1.200,0,0,0.200,0.900,0,0,0,0,0,0.000
710,1979052068,1,0,1,2,205.400,200.500,0.300,4.200,11.300,3.700,0.000,0,50.600,0.000,0.000,3.000,21.800,14.800,6.600,0.000,0.000,0.000,1.600,0.000,0.000,0.000,0.000,0,0,0,0,0,0,0,0,0,0,0,0,0.000,0.000,0.000,0.000,0,0,0,0,46.056,254.698,0,0.200,2.500,0,0,0.200,1.700,0,0,0.000,0.800,0,0,0,0,0,0.000
711,1979052068,1,0,1,2,192.800,175.200,0.300,16.700,9.100,3.000,0.000,0,52.000,0.000,0.000,2.200,17.500,11.700,5.400,0.000,0.000,0.000,1.100,0.000,0.000,0.000,0.000,0,0,0,0,0,0,0,0,0,0,0,0,0.000,0.000,0.000,0.000,0,0,0,0,43.778,240.388,0,0.300,1.800,0,0,0.200,1.100,0,0,0.100,0.700,0,0,0,0,0,0.000
712,1979052068,1,0,1,2,224.300,217.900,0.300,5.700,9.600,3.400,0.000,0,19.800,0.000,0.000,49.300,21.900,16.800,4.800,0.000,0.000,0.000,1.300,0.700,1.600,3.600,6.700,0,0,0,0,0,0,0,0,0,0,0,0,0.000,0.000,0.000,0.000,0,0,0,0,46.914,236.340,0,0.400,1.800,0,0,0.300,1.200,0,0,0.100,0.600,0,0,0,0,0,0.000
713,1979052068,1,0,1,2,336.400,328.600,0.400,6.500,17.800,6.000,0.000,0,89.900,0.000,0.000,5.200,33.300,21.700,11.000,0.000,0.000,0.000,2.600,0.000,0.000,0.000,0.000,0,0,0,0,0,0,0,0,0,0,0,0,0.000,0.000,0.000,0.000,0,0,0,0,48.171,252.947,0,0.700,3.400,0,0,0.500,2.100,0,0,0.200,1.300,0,0,0,0,0,0.000
714,1979052068,1,0,1,2,139.000,135.800,0.200,2.800,7.500,2.500,0.000,0,36.300,0.000,0.000,1.700,15.400,10.900,4.200,0.000,0.000,0.000,0.800,0.000,0.000,0.000,0.000,0,0,0,0,0,0,0,0,0,0,0,0,0.000,0.000,0.000,0.000,0,0,0,0,45.153,231.861,0,0.300,1.500,0,0,0.100,0.900,0,0,0.200,0.600,0,0,0,0,0,0.000
715,1979052068,1,0,1,2,380.100,371.400,0.400,7.400,23.500,7.800,0.000,0,30.200,0.000,0.000,93.100,41.600,26.400,14.500,0.000,0.000,0.000,3.100,1.200,2.800,7.600,18.200,0,0,0,0,0,0,0,0,0,0,0,0,0.000,0.000,0.000,0.000,0,0,0,0,48.869,256.978,0,1.200,3.900,0,0,0.800,2.100,0,0,0.400,1.800,0,0,0,0,0,0.000
716,1979052068,1,0,1,2,217.800,214.900,0.200,2.300,17.100,5.600,0.000,0,37.200,0.000,0.000,4.300,31.400,20.300,10.500,0.000,0.000,0.000,2.200,0.000,0.000,0.000,0.000,0,0,0,0,0,0,0,0,0,0,0,0,0.000,0.000,0.000,0.000,0,0,0,0,47.849,249.404,0,0.500,3.300,0,0,0.400,2.000,0,0,0.100,1.300,0,0,0,0,0,0.000
717,1979052068,1,0,1,2,170.300,166.800,0.200,2.800,18.100,2.600,0.000,0,11.100,0.000,0.000,4.800,35.500,30.400,4.500,0.000,0.000,0.000,2.300,0.000,0.000,0.000,0.000,0,0,0,0,0,0,0,0,0,0,0,0,0.000,0.000,0.000,0.000,0,0,0,0,48.452,234.535,0,0.500,2.700,0,0,0.400,2.100,0,0,0.100,0.600,0,0,0,0,0,0.000
718,1979052068,1,0,1,2,274.000,270.200,0.300,3.100,17.200,5.800,0.000,0,21.900,0.000,0.000,60.300,31.700,20.400,10.800,0.000,0.000,0.000,2.200,0.900,2.300,6.300,13.900,0,0,0,0,0,0,0,0,0,0,0,0,0.000,0.000,0.000,0.000,0,0,0,0,47.957,240.955,0,0.700,2.800,0,0,0.400,1.600,0,0,0.300,1.200,0,0,0,0,0,0.000
719,1979052068,1,0,1,2,151.100,147.200,0.200,3.400,8.100,2.700,0.000,0,38.800,0.000,0.000,2.600,15.700,10.400,5.000,0.000,0.000,0.000,1.000,0.000,0.000,0.000,0.000,0,0,0,0,0,0,0,0,0,0,0,0,0.000,0.000,0.000,0.000,0,0,0,0,44.130,224.079,0,0.300,1.800,0,0,0.200,1.000,0,0,0.100,0.800,0,0,0,0,0,0.000
720,1979052068,1,0,1,2,262.200,254.500,0.600,6.100,17.400,5.500,0.000,0,23.700,0.000,0.000,4.500,31.500,20.300,10.500,0.000,0.000,0.000,2.200,0.000,0.000,0.000,0.000,0,0,0,0,0,0,0,0,0,0,0,0,0.000,0.000,0.000,0.000,0,0,0,0,43.963,229.555,0,0.600,3.100,0,0,0.400,1.900,0,0,0.200,1.200,0,0,0,0,0,0.000
721,1979052068,1,0,1,2,126.100,123.300,0.300,2.200,6.300,2.000,0.000,0,17.000,0.000,0.000,27.700,12.400,8.800,3.400,0.000,0.000,0.000,0.900,0.500,0.800,2.000,4.200,0,0,0,0,0,0,0,0,0,0,0,0,0.000,0.000,0.000,0.000,0,0,0,0,40.892,210.429,0,0.200,1.000,0,0,0.100,0.500,0,0,0.100,0.500,0,0,0,0,0,0.000
722,1979052068,1,0,1,2,225.000,219.400,0.400,4.700,11.600,3.600,0.000,0,63.600,0.000,0.000,3.000,22.100,14.800,7.000,0.000,0.000,0.000,1.500,0.000,0.000,0.000,0.000,0,0,0,0,0,0,0,0,0,0,0,0,0.000,0.000,0.000,0.000,0,0,0,0,40.011,212.044,0,0.400,2.300,0,0,0.200,1.400,0,0,0.200,0.900,0,0,0,0,0,0.000
723,1979052068,1,0,1,2,114.600,111.500,0.200,2.700,7.800,2.600,0.000,0,10.500,0.000,0.000,1.900,14.600,10.000,4.300,0.000,0.000,0.000,1.000,0.000,0.000,0.000,0.000,0,0,0,0,0,0,0,0,0,0,0,0,0.000,0.000,0.000,0.000,0,0,0,0,39.019,193.946,0,0.200,1.500,0,0,0.100,0.900,0,0,0.100,0.600,0,0,0,0,0,0.000
724,1979052068,1,0,1,2,138.600,135.700,0.300,2.400,7.200,2.500,0.000,0,18.600,0.000,0.000,28.500,14.000,10.100,3.800,0.000,0.000,0.000,1.200,0.500,1.000,2.200,4.600,0,0,0,0,0,0,0,0,0,0,0,0,0.000,0.000,0.000,0.000,0,0,0,0,37.126,183.462,0,0.200,1.200,0,0,0.100,0.700,0,0,0.100,0.500,0,0,0,0,0,0.000
725,1979052068,1,0,1,2,137.500,133.800,0.300,3.000,9.000,2.700,0.000,0,12.800,0.000,0.000,2.200,15.600,10.300,5.100,0.000,0.000,0.000,1.000,0.000,0.000,0.000,0.000,0,0,0,0,0,0,0,0,0,0,0,0,0.000,0.000,0.000,0.000,0,0,0,0,38.507,174.522,0,0.700,1.700,0,0,0.500,1.000,0,0,0.200,0.700,0,0,0,0,0,0.000
726,1979052068,1,0,1,2,173.400,169.600,0.400,3.100,9.400,2.800,0.000,0,35.600,0.000,0.000,2.600,17.900,12.800,4.800,0.000,0.000,0.000,1.100,0.000,0.000,0.000,0.000,0,0,0,0,0,0,0,0,0,0,0,0,0.000,0.000,0.000,0.000,0,0,0,0,37.678,173.636,0,0.600,1.800,0,0,0.400,1.200,0,0,0.200,0.600,0,0,0,0,0,0.000
727,1979052068,1,0,1,2,172.400,168.800,0.200,3.100,8.300,2.600,0.000,0,24.000,0.000,0.000,34.700,16.100,11.000,4.800,0.000,0.000,0.000,1.000,0.500,1.100,3.000,6.300,0,0,0,0,0,0,0,0,0,0,0,0,0.000,0.000,0.000,0.000,0,0,0,0,36.908,172.766,0,0.400,1.500,0,0,0.200,0.900,0,0,0.200,0.600,0,0,0,0,0,0.000
728,1979052068,1,0,1,2,161.200,157.400,0.200,3.100,8.900,2.900,0.000,0,41.700,0.000,0.000,2.300,17.100,11.400,5.400,0.000,0.000,0.000,1.100,0.000,0.000,0.000,0.000,0,0,0,0,0,0,0,0,0,0,0,0,0.000,0.000,0.000,0.000,0,0,0,0,36.096,170.000,0,0.300,2.000,0,0,0.200,1.000,0,0,0.100,1.000,0,0,0,0,0,0.000
729,1979052068,1,0,1,2,176.500,172.500,0.200,3.300,8.500,2.700,0.000,0,23.600,0.000,0.000,35.300,16.400,11.100,4.900,0.000,0.000,0.000,1.100,0.500,1.300,2.900,6.100,0,0,0,0,0,0,0,0,0,0,0,0,0.000,0.000,0.000,0.000,0,0,0,0,35.413,170.450,0,0.300,1.500,0,0,0.200,0.800,0,0,0.100,0.700,0,0,0,0,0,0.000
730,1979052068,1,0,1,2,128.600,124.700,0.200,3.300,8.400,2.600,0.000,0,11.700,0.000,0.000,2.100,16.500,11.200,5.000,0.000,0.000,0.000,1.000,0.000,0.000,0.000,0.000,0,0,0,0,0,0,0,0,0,0,0,0,0.000,0.000,0.000,0.000,0,0,0,0,34.439,162.215,0,0.300,1.700,0,0,0.200,1.000,0,0,0.100,0.700,0,0,0,0,0,0.000
731,1979052068,1,0,1,2,134.500,131.300,0.200,2.600,7.400,2.300,0.000,0,35.500,0.000,0.000,1.900,14.300,9.900,4.100,0.000,0.000,0.000,1.000,0.000,0.000,0.000,0.000,0,0,0,0,0,0,0,0,0,0,0,0,0.000,0.000,0.000,0.000,0,0,0,0,33.352,156.650,0,0.300,1.400,0,0,0.200,0.900,0,0,0.100,0.500,0,0,0,0,0,0.000
732,1979052068,1,0,1,2,138.100,124.200,11.200,2.300,6.200,2.000,0.000,0,8.600,0.000,0.000,28.200,13.200,9.300,3.700,0.000,0.000,0.000,0.800,0.400,1.200,2.100,4.500,0,0,0,0,0,0,0,0,0,0,0,0,0.000,0.000,0.000,0.000,0,0,0,0,35.340,150.809,0,0.300,1.200,0,0,0.200,0.700,0,0,0.100,0.500,0,0,0,0,0,0.000
733,1979052068,1,0,1,2,125.400,122.400,0.200,2.400,7.000,2.300,0.000,0,32.800,0.000,0.000,1.800,13.000,8.900,3.900,0.000,0.000,0.000,0.800,0.000,0.000,0.000,0.000,0,0,0,0,0,0,0,0,0,0,0,0,0.000,0.000,0.000,0.000,0,0,0,0,33.605,145.696,0,0.300,1.300,0,0,0.200,0.800,0,0,0.100,0.500,0,0,0,0,0,0.000
734,1979052068,1,0,1,2,340.500,332.800,0.500,6.300,18.100,5.900,0.000,0,78.400,0.000,0.000,4.800,32.800,20.900,11.400,0.000,0.000,0.000,2.300,0.000,0.000,0.000,0.000,0,0,0,0,0,0,0,0,0,0,0,0,0.000,0.000,0.000,0.000,0,0,0,0,35.494,179.374,0,1.200,3.600,0,0,0.500,2.300,0,0,0.700,1.300,0,0,0,0,0,0.000
735,1979052068,1,0,1,2,189.600,185.800,0.300,3.100,8.700,3.000,0.000,0,24.700,0.000,0.000,35.400,16.300,11.100,4.900,0.000,0.000,0.000,1.100,0.500,1.300,3.100,6.600,0,0,0,0,0,0,0,0,0,0,0,0,0.000,0.000,0.000,0.000,0,0,0,0,35.027,180.531,0,0.200,1.500,0,0,0.200,0.800,0,0,0.000,0.700,0,0,0,0,0,0.000
736,1979052068,1,0,1,2,168.900,164.800,0.200,3.500,9.800,3.000,0.000,0,42.200,0.000,0.000,2.500,17.800,12.100,5.300,0.000,0.000,0.000,1.400,0.000,0.000,0.000,0.000,0,0,0,0,0,0,0,0,0,0,0,0,0.000,0.000,0.000,0.000,0,0,0,0,35.040,177.699,0,0.300,1.800,0,0,0.200,1.100,0,0,0.100,0.700,0,0,0,0,0,0.000
737,1979052068,1,0,1,2,194.600,190.100,0.300,3.800,19.200,3.300,0.000,0,14.300,0.000,0.000,18.400,19.900,13.600,6.000,0.000,0.000,0.000,1.900,0.000,0.000,0.000,0.000,0,0,0,0,0,0,0,0,0,0,0,0,0.000,0.000,0.000,0.000,0,0,0,0,38.291,179.932,0,0.400,2.300,0,0,0.200,1.500,0,0,0.200,0.800,0,0,0,0,0,0.000
738,1979052068,1,0,1,2,354.100,346.000,0.400,6.800,17.300,5.600,0.000,0,51.100,0.000,0.000,64.100,31.900,20.800,10.300,0.000,0.000,0.000,2.400,1.100,2.600,6.400,14.000,0,0,0,0,0,0,0,0,0,0,0,0,0.000,0.000,0.000,0.000,0,0,0,0,41.101,209.824,0,0.600,3.000,0,0,0.400,1.700,0,0,0.200,1.300,0,0,0,0,0,0.000
739,1979052068,1,0,1,2,211.200,205.400,0.300,4.900,13.900,4.700,0.000,0,18.500,0.000,0.000,3.600,26.200,17.200,8.500,0.000,0.000,0.000,1.800,0.000,0.000,0.000,0.000,0,0,0,0,0,0,0,0,0,0,0,0,0.000,0.000,0.000,0.000,0,0,0,0,42.235,209.028,0,0.400,3.100,0,0,0.300,1.700,0,0,0.100,1.400,0,0,0,0,0,0.000
740,1979052068,1,0,1,2,338.000,329.300,0.500,7.200,14.600,4.500,0.000,0,87.200,0.000,0.000,3.500,25.700,17.500,7.800,0.000,0.000,0.000,1.700,0.000,0.000,0.000,0.000,0,0,0,0,0,0,0,0,0,0,0,0,0.000,0.000,0.000,0.000,0,0,0,0,43.560,230.677,0,0.600,2.700,0,0,0.400,1.700,0,0,0.200,1.000,0,0,0,0,0,0.000
741,1979052068,1,0,1,2,308.800,302.100,0.400,5.600,15.600,4.900,0.000,0,43.200,0.000,0.000,57.600,28.200,18.600,9.100,0.000,0.000,0.000,2.000,1.000,2.200,5.800,12.200,0,0,0,0,0,0,0,0,0,0,0,0,0.000,0.000,0.000,0.000,0,0,0,0,44.179,243.533,0,0.500,2.500,0,0,0.300,1.400,0,0,0.200,1.100,0,0,0,0,0,0.000
742,1979052068,1,0,1,2,175.500,171.000,0.300,3.800,9.400,3.100,0.000,0,44.300,0.000,0.000,2.500,18.000,12.000,5.600,0.000,0.000,0.000,1.200,0.000,0.000,0.000,0.000,0,0,0,0,0,0,0,0,0,0,0,0,0.000,0.000,0.000,0.000,0,0,0,0,42.329,230.477,0,0.300,2.000,0,0,0.200,1.200,0,0,0.100,0.800,0,0,0,0,0,0.000
743,1979052068,1,0,1,2,343.100,337.400,0.200,4.900,19.000,6.000,0.000,0,69.700,0.000,0.000,4.900,33.000,21.800,10.900,0.000,0.000,0.000,2.300,0.000,0.000,0.000,0.000,0,0,0,0,0,0,0,0,0,0,0,0,0.000,0.000,0.000,0.000,0,0,0,0,44.106,249.723,0,0.700,3.600,0,0,0.500,2.100,0,0,0.200,1.500,0,0,0,0,0,0.000
744,1979052068,1,0,1,2,221.500,216.900,0.300,3.900,11.600,3.500,0.000,0,14.400,0.000,0.000,40.300,20.200,13.600,6.100,0.000,0.000,0.000,1.500,1.100,1.500,3.600,7.300,0,0,0,0,0,0,0,0,0,0,0,0,0.000,0.000,0.000,0.000,0,0,0,0,43.295,243.815,0,0.400,1.900,0,0,0.200,1.100,0,0,0.200,0.800,0,0,0,0,0,0.000
745,1979052068,1,0,1,2,279.200,274.400,0.300,4.000,16.100,4.300,0.000,0,72.600,0.000,0.000,3.500,25.700,17.500,7.800,0.000,0.000,0.000,1.600,0.000,0.000,0.000,0.000,0,0,0,0,0,0,0,0,0,0,0,0,0.000,0.000,0.000,0.000,0,0,0,0,46.752,249.320,0,0.600,2.700,0,0,0.400,1.700,0,0,0.200,1.000,0,0,0,0,0,0.000
746,1979052068,1,0,1,2,264.600,259.000,0.300,4.700,15.200,5.000,0.000,0,31.300,0.000,0.000,4.000,28.200,18.900,8.900,0.000,0.000,0.000,1.900,0.000,0.000,0.000,0.000,0,0,0,0,0,0,0,0,0,0,0,0,0.000,0.000,0.000,0.000,0,0,0,0,46.724,251.063,0,0.500,2.900,0,0,0.400,1.800,0,0,0.100,1.100,0,0,0,0,0,0.000
747,1979052068,1,0,1,2,196.100,191.900,0.300,3.400,9.300,3.200,0.000,0,28.900,0.000,0.000,37.400,18.000,12.200,5.500,0.000,0.000,0.000,1.400,0.600,1.400,3.500,6.400,0,0,0,0,0,0,0,0,0,0,0,0,0.000,0.000,0.000,0.000,0,0,0,0,44.398,240.413,0,0.500,1.700,0,0,0.300,1.000,0,0,0.200,0.700,0,0,0,0,0,0.000
748,1979052068,1,0,1,2,183.500,179.000,0.300,3.700,10.200,3.400,0.000,0,46.800,0.000,0.000,2.500,18.900,12.700,5.700,0.000,0.000,0.000,1.100,0.000,0.000,0.000,0.000,0,0,0,0,0,0,0,0,0,0,0,0,0.000,0.000,0.000,0.000,0,0,0,0,42.310,229.359,0,0.300,2.000,0,0,0.200,1.200,0,0,0.100,0.800,0,0,0,0,0,0.000
749,1979052068,1,0,1,2,285.400,279.600,0.400,4.900,18.800,6.000,0.000,0,30.000,0.000,0.000,4.600,33.600,21.900,11.200,0.000,0.000,0.000,2.200,0.000,0.000,0.000,0.000,0,0,0,0,0,0,0,0,0,0,0,0,0.000,0.000,0.000,0.000,0,0,0,0,43.173,238.402,0,1.000,3.700,0,0,0.700,2.200,0,0,0.300,1.500,0,0,0,0,0,0.000
750,1979052068,1,0,1,2,309.300,302.600,0.300,5.600,15.000,5.300,0.000,0,45.700,0.000,0.000,55.500,28.400,18.800,9.000,0.000,0.000,0.000,1.900,0.800,2.200,5.500,10.700,0,0,0,0,0,0,0,0,0,0,0,0,0.000,0.000,0.000,0.000,0,0,0,0,43.537,249.958,0,0.500,2.700,0,0,0.400,1.400,0,0,0.100,1.300,0,0,0,0,0,0.000
751,1979052068,1,0,1,2,249.200,243.700,0.300,4.600,12.200,6.000,0.000,0,68.800,0.000,0.000,3.100,24.000,15.800,7.500,0.000,0.000,0.000,1.500,0.000,0.000,0.000,0.000,0,0,0,0,0,0,0,0,0,0,0,0,0.000,0.000,0.000,0.000,0,0,0,0,42.793,248.831,0,0.500,2.400,0,0,0.300,1.400,0,0,0.200,1.000,0,0,0,0,0,0.000
752,1979052068,1,0,1,2,213.700,208.100,0.300,4.600,16.400,4.300,0.000,0,17.900,0.000,0.000,3.600,23.500,15.600,7.500,0.000,0.000,0.000,1.700,0.000,0.000,0.000,0.000,0,0,0,0,0,0,0,0,0,0,0,0,0.000,0.000,0.000,0.000,0,0,0,0,43.442,241.500,0,0.400,2.500,0,0,0.300,1.500,0,0,0.100,1.000,0,0,0,0,0,0.000
753,1979052068,1,0,1,2,288.300,282.100,0.400,5.300,14.600,4.700,0.000,0,41.900,0.000,0.000,50.800,26.600,17.400,8.500,0.000,0.000,0.000,1.900,0.900,1.900,5.100,10.000,0,0,0,0,0,0,0,0,0,0,0,0,0.000,0.000,0.000,0.000,0,0,0,0,43.452,248.808,0,0.600,2.600,0,0,0.400,1.500,0,0,0.200,1.100,0,0,0,0,0,0.000
754,1979052068,1,0,1,2,262.500,255.300,0.400,6.000,17.300,5.900,0.000,0,23.000,0.000,0.000,4.600,31.900,20.700,10.600,0.000,0.000,0.000,2.300,0.000,0.000,0.000,0.000,0,0,0,0,0,0,0,0,0,0,0,0,0.000,0.000,0.000,0.000,0,0,0,0,44.613,249.976,0,0.700,3.300,0,0,0.400,2.000,0,0,0.300,1.300,0,0,0,0,0,0.000
755,1979052068,1,0,1,2,347.100,338.800,0.400,7.100,17.800,5.600,0.000,0,105.500,0.000,0.000,4.400,32.700,21.600,10.400,0.000,0.000,0.000,2.200,0.000,0.000,0.000,0.000,0,0,0,0,0,0,0,0,0,0,0,0,0.000,0.000,0.000,0.000,0,0,0,0,45.313,265.965,0,0.800,3.800,0,0,0.500,2.200,0,0,0.300,1.600,0,0,0,0,0,0.000
756,1979052068,1,0,1,2,307.500,300.300,0.400,6.100,15.200,5.100,0.000,0,44.900,0.000,0.000,55.100,28.300,19.000,8.800,0.000,0.000,0.000,2.100,1.300,2.100,5.400,10.500,0,0,0,0,0,0,0,0,0,0,0,0,0.000,0.000,0.000,0.000,0,0,0,0,45.724,272.145,0,0.800,2.600,0,0,0.600,1.500,0,0,0.200,1.100,0,0,0,0,0,0.000
757,1979052068,1,0,1,2,170.100,165.300,0.300,4.100,11.600,4.000,0.000,0,16.100,0.000,0.000,3.000,21.000,14.200,6.400,0.000,0.000,0.000,1.400,0.000,0.000,0.000,0.000,0,0,0,0,0,0,0,0,0,0,0,0,0.000,0.000,0.000,0.000,0,0,0,0,43.956,252.913,0,0.300,2.100,0,0,0.200,1.300,0,0,0.100,0.800,0,0,0,0,0,0.000
758,1979052068,1,0,1,2,305.100,298.200,0.400,5.800,15.600,5.000,0.000,0,75.700,0.000,0.000,3.800,28.200,18.700,9.100,0.000,0.000,0.000,1.900,0.000,0.000,0.000,0.000,0,0,0,0,0,0,0,0,0,0,0,0,0.000,0.000,0.000,0.000,0,0,0,0,44.054,261.065,0,0.500,3.000,0,0,0.300,1.800,0,0,0.200,1.200,0,0,0,0,0,0.000
759,1979052068,1,0,1,2,183.700,179.700,0.300,3.200,9.400,2.900,0.000,0,26.000,0.000,0.000,36.100,16.900,11.500,5.200,0.000,0.000,0.000,1.100,0.600,1.200,3.100,6.000,0,0,0,0,0,0,0,0,0,0,0,0,0.000,0.000,0.000,0.000,0,0,0,0,43.414,246.419,0,0.400,1.500,0,0,0.200,0.800,0,0,0.200,0.700,0,0,0,0,0,0.000
760,1979052068,1,0,1,2,136.300,133.800,0.200,2.000,17.700,2.000,0.000,0,8.600,0.000,0.000,4.500,11.900,8.600,3.200,0.000,0.000,0.000,2.200,0.000,0.000,0.000,0.000,0,0,0,0,0,0,0,0,0,0,0,0,0.000,0.000,0.000,0.000,0,0,0,0,43.826,226.148,0,0.200,1.200,0,0,0.200,0.700,0,0,0.000,0.500,0,0,0,0,0,0.000
761,1979052068,1,0,1,2,218.900,213.500,0.300,4.400,12.200,3.800,0.000,0,54.800,0.000,0.000,3.300,22.000,14.800,6.700,0.000,0.000,0.000,1.600,0.000,0.000,0.000,0.000,0,0,0,0,0,0,0,0,0,0,0,0,0.000,0.000,0.000,0.000,0,0,0,0,42.849,223.871,0,0.400,2.300,0,0,0.300,1.400,0,0,0.100,0.900,0,0,0,0,0,0.000
762,1979052068,1,0,1,2,393.700,382.500,0.400,9.900,19.200,6.400,0.000,0,26.000,0.000,0.000,68.800,34.900,23.100,11.100,0.000,0.000,0.000,2.600,1.100,2.800,6.900,13.200,0,0,0,0,0,0,0,0,0,0,0,0,0.000,0.000,0.000,0.000,0,0,0,0,44.676,252.424,0,0.800,3.100,0,0,0.500,1.800,0,0,0.300,1.300,0,0,0,0,0,0.000
763,1979052068,1,0,1,2,354.600,346.700,0.400,6.700,17.900,6.000,0.000,0,86.800,0.000,0.000,26.600,32.700,21.400,10.600,0.000,0.000,0.000,2.100,0.000,0.000,0.000,0.000,0,0,0,0,0,0,0,0,0,0,0,0,0.000,0.000,0.000,0.000,0,0,0,0,46.120,269.394,0,0.700,3.400,0,0,0.400,2.000,0,0,0.300,1.400,0,0,0,0,0,0.000
764,1979052068,1,0,1,2,252.300,246.400,0.300,5.100,12.800,4.200,0.000,0,64.100,0.000,0.000,3.400,24.400,16.000,7.500,0.000,0.000,0.000,1.700,0.000,0.000,0.000,0.000,0,0,0,0,0,0,0,0,0,0,0,0,0.000,0.000,0.000,0.000,0,0,0,0,44.713,265.255,0,0.500,2.400,0,0,0.300,1.500,0,0,0.200,0.900,0,0,0,0,0,0.000
765,1979052068,1,0,1,2,303.300,296.800,0.300,5.400,15.200,5.100,0.000,0,21.100,0.000,0.000,53.700,45.700,18.200,27.000,0.000,0.000,0.000,2.100,0.800,2.100,5.300,10.500,0,0,0,0,0,0,0,0,0,0,0,0,0.000,0.000,0.000,0.000,0,0,0,0,45.160,270.933,0,0.500,2.500,0,0,0.300,1.400,0,0,0.200,1.100,0,0,0,0,0,0.000
766,1979052068,1,0,1,2,344.800,336.900,0.400,6.600,17.900,5.700,0.000,0,84.100,0.000,0.000,4.500,50.200,19.600,30.100,0.000,0.000,0.000,2.200,0.000,0.000,0.000,0.000,0,0,0,0,0,0,0,0,0,0,0,0,0.000,0.000,0.000,0.000,0,0,0,0,44.952,282.807,0,0.700,3.300,0,0,0.400,1.900,0,0,0.300,1.400,0,0,0,0,0,0.000
767,1979052068,1,0,1,2,328.000,320.300,0.400,6.500,17.000,5.700,0.000,0,91.600,0.000,0.000,4.300,30.300,19.600,10.100,0.000,0.000,0.000,2.000,0.000,0.000,0.000,0.000,0,0,0,0,0,0,0,0,0,0,0,0,0.000,0.000,0.000,0.000,0,0,0,0,44.510,289.556,0,0.600,3.300,0,0,0.400,2.000,0,0,0.200,1.300,0,0,0,0,0,0.000
768,1979052068,1,0,1,2,310.200,303.300,0.300,5.700,17.600,5.600,0.000,0,22.100,0.000,0.000,60.700,29.600,19.700,9.500,0.000,0.000,0.000,2.600,1.000,2.300,7.000,11.700,0,0,0,0,0,0,0,0,0,0,0,0,0.000,0.000,0.000,0.000,0,0,0,0,45.660,292.030,0,0.600,2.800,0,0,0.400,1.600,0,0,0.200,1.200,0,0,0,0,0,0.000
769,1979052068,1,0,1,2,246.100,240.100,0.300,5.000,13.600,4.300,0.000,0,60.000,0.000,0.000,3.400,24.500,16.200,7.900,0.000,0.000,0.000,1.600,0.000,0.000,0.000,0.000,0,0,0,0,0,0,0,0,0,0,0,0,0.000,0.000,0.000,0.000,0,0,0,0,44.732,282.682,0,0.400,2.600,0,0,0.300,1.600,0,0,0.100,1.000,0,0,0,0,0,0.000
770,1979052068,1,0,1,2,238.700,233.500,0.400,4.200,11.800,3.800,0.000,0,36.400,0.000,0.000,45.400,22.000,15.000,6.600,0.000,0.000,0.000,1.600,0.700,1.600,4.200,7.700,0,0,0,0,0,0,0,0,0,0,0,0,0.000,0.000,0.000,0.000,0,0,0,0,44.780,273.830,0,0.400,1.900,0,0,0.300,1.000,0,0,0.100,0.900,0,0,0,0,0,0.000
771,1979052068,1,0,1,2,261.600,255.300,0.400,5.200,14.600,4.700,0.000,0,63.400,0.000,0.000,3.900,26.200,17.300,8.300,0.000,0.000,0.000,1.900,0.000,0.000,0.000,0.000,0,0,0,0,0,0,0,0,0,0,0,0,0.000,0.000,0.000,0.000,0,0,0,0,44.388,270.494,0,0.600,2.600,0,0,0.400,1.600,0,0,0.200,1.000,0,0,0,0,0,0.000
772,1979052068,1,0,1,2,205.200,199.500,0.400,4.700,13.500,4.500,0.000,0,19.400,0.000,0.000,3.300,24.700,16.300,7.900,0.000,0.000,0.000,1.700,0.000,0.000,0.000,0.000,0,0,0,0,0,0,0,0,0,0,0,0,0.000,0.000,0.000,0.000,0,0,0,0,43.670,257.715,0,0.400,2.500,0,0,0.300,1.500,0,0,0.100,1.000,0,0,0,0,0,0.000
773,1979052068,1,0,1,2,374.900,367.100,0.400,6.500,17.800,5.900,0.000,0,51.900,0.000,0.000,63.000,32.100,21.100,10.400,0.000,0.000,0.000,2.200,1.300,2.500,6.300,12.300,0,0,0,0,0,0,0,0,0,0,0,0,0.000,0.000,0.000,0.000,0,0,0,0,45.259,277.405,0,1.000,2.900,0,0,0.700,1.600,0,0,0.300,1.300,0,0,0,0,0,0.000
774,1979052068,1,0,1,2,359.800,352.000,0.400,6.500,18.800,6.000,0.000,0,101.300,0.000,0.000,4.800,34.900,22.800,11.500,0.000,0.000,0.000,2.300,0.000,0.000,0.000,0.000,0,0,0,0,0,0,0,0,0,0,0,0,0.000,0.000,0.000,0.000,0,0,0,0,46.293,290.832,0,0.800,3.800,0,0,0.500,2.200,0,0,0.300,1.600,0,0,0,0,0,0.000
775,1979052068,1,0,1,2,368.100,359.900,0.500,6.800,20.200,6.400,0.000,0,27.200,0.000,0.000,73.700,36.500,24.700,11.200,0.000,0.000,0.000,2.500,1.300,2.700,6.800,13.400,0,0,0,0,0,0,0,0,0,0,0,0,0.000,0.000,0.000,0.000,0,0,0,0,49.912,303.264,0,0.700,3.300,0,0,0.400,1.800,0,0,0.300,1.500,0,0,0,0,0,0.000
776,1979052068,1,0,1,2,377.600,369.000,0.400,7.300,18.700,6.100,0.000,0,94.200,0.000,0.000,4.800,34.700,22.400,11.200,0.000,0.000,0.000,2.400,0.000,0.000,0.000,0.000,0,0,0,0,0,0,0,0,0,0,0,0,0.000,0.000,0.000,0.000,0,0,0,0,50.576,315.096,0,0.600,3.600,0,0,0.400,2.100,0,0,0.200,1.500,0,0,0,0,0,0.000
777,1979052068,1,0,1,2,400.200,391.800,0.400,7.100,19.000,6.500,0.000,0,56.700,0.000,0.000,66.300,34.100,22.300,11.200,0.000,0.000,0.000,2.400,1.000,2.700,6.900,13.400,0,0,0,0,0,0,0,0,0,0,0,0,0.000,0.000,0.000,0.000,0,0,0,0,51.714,328.903,0,0.600,3.300,0,0,0.400,1.900,0,0,0.200,1.400,0,0,0,0,0,0.000
778,1979052068,1,0,1,2,373.800,366.000,0.400,6.600,18.700,6.100,0.000,0,91.600,0.000,0.000,5.100,33.900,22.100,11.300,0.000,0.000,0.000,2.700,0.000,0.000,0.000,0.000,0,0,0,0,0,0,0,0,0,0,0,0,0.000,0.000,0.000,0.000,0,0,0,0,55.060,335.581,0,0.700,3.600,0,0,0.500,2.200,0,0,0.200,1.400,0,0,0,0,0,0.000
779,1979052068,1,0,1,2,345.200,336.800,0.400,7.000,18.700,5.900,0.000,0,86.400,0.000,0.000,4.900,34.600,22.900,11.100,0.000,0.000,0.000,2.300,0.000,0.000,0.000,0.000,0,0,0,0,0,0,0,0,0,0,0,0,0.000,0.000,0.000,0.000,0,0,0,0,54.401,335.800,0,0.600,3.600,0,0,0.400,2.100,0,0,0.200,1.500,0,0,0,0,0,0.000
780,1979052068,1,0,1,2,327.000,319.000,0.600,6.600,17.900,5.800,0.000,0,23.900,0.000,0.000,62.100,31.900,21.000,10.400,0.000,0.000,0.000,2.400,1.100,2.300,6.500,12.300,0,0,0,0,0,0,0,0,0,0,0,0,0.000,0.000,0.000,0.000,0,0,0,0,53.843,332.776,0,0.500,3.000,0,0,0.300,1.600,0,0,0.200,1.400,0,0,0,0,0,0.000
781,1979052068,1,0,1,2,345.100,337.100,0.400,6.700,18.000,5.900,0.000,0,92.300,0.000,0.000,4.600,31.700,20.600,10.500,0.000,0.000,0.000,2.200,0.000,0.000,0.000,0.000,0,0,0,0,0,0,0,0,0,0,0,0,0.000,0.000,0.000,0.000,0,0,0,0,52.953,333.554,0,0.600,3.200,0,0,0.400,2.000,0,0,0.200,1.200,0,0,0,0,0,0.000
782,1979052068,1,0,1,2,374.600,366.700,0.500,6.500,38.000,6.200,0.000,0,52.100,0.000,0.000,62.000,32.500,21.000,10.800,0.000,0.000,0.000,2.300,1.000,2.200,6.200,12.300,0,0,0,0,0,0,0,0,0,0,0,0,0.000,0.000,0.000,0.000,0,0,0,0,52.889,339.521,0,0.600,3.100,0,0,0.400,1.700,0,0,0.200,1.400,0,0,0,0,0,0.000
783,1979052068,1,0,1,2,354.200,345.900,0.400,7.100,18.300,5.700,0.000,0,85.000,0.000,0.000,4.500,56.200,21.600,33.900,0.000,0.000,0.000,2.200,0.000,0.000,0.000,0.000,0,0,0,0,0,0,0,0,0,0,0,0,0.000,0.000,0.000,0.000,0,0,0,0,52.099,340.669,0,0.600,3.300,0,0,0.400,2.000,0,0,0.200,1.300,0,0,0,0,0,0.000
784,1979052068,1,0,1,2,248.500,241.500,0.400,5.800,16.200,5.500,0.000,0,22.800,0.000,0.000,4.000,30.200,19.900,9.600,0.000,0.000,0.000,2.000,0.000,0.000,0.000,0.000,0,0,0,0,0,0,0,0,0,0,0,0,0.000,0.000,0.000,0.000,0,0,0,0,51.829,322.818,0,0.500,3.100,0,0,0.300,1.900,0,0,0.200,1.200,0,0,0,0,0,0.000
785,1979052068,1,0,1,2,379.800,371.700,0.500,6.800,17.400,5.600,0.000,0,51.200,0.000,0.000,86.900,32.000,21.400,10.100,0.000,0.000,0.000,2.600,1.000,2.600,30.200,12.500,0,0,0,0,0,0,0,0,0,0,0,0,0.000,0.000,0.000,0.000,0,0,0,0,51.662,331.617,0,0.700,2.900,0,0,0.500,1.600,0,0,0.200,1.300,0,0,0,0,0,0.000
786,1979052068,1,0,1,2,263.500,256.000,0.400,6.300,17.300,5.700,0.000,0,24.700,0.000,0.000,4.400,30.800,19.800,10.400,0.000,0.000,0.000,2.100,0.000,0.000,0.000,0.000,0,0,0,0,0,0,0,0,0,0,0,0,0.000,0.000,0.000,0.000,0,0,0,0,50.841,318.006,0,0.700,3.300,0,0,0.400,1.900,0,0,0.300,1.400,0,0,0,0,0,0.000
787,1979052068,1,0,1,2,331.900,323.300,0.400,7.200,17.300,5.600,0.000,0,87.200,0.000,0.000,4.800,32.700,21.500,10.600,0.000,0.000,0.000,2.500,0.000,0.000,0.000,0.000,0,0,0,0,0,0,0,0,0,0,0,0,0.000,0.000,0.000,0.000,0,0,0,0,50.618,318.959,0,0.600,3.300,0,0,0.400,2.000,0,0,0.200,1.300,0,0,0,0,0,0.000
788,1979052068,1,0,1,2,363.000,354.300,0.500,7.200,17.900,16.100,0.000,0,25.700,0.000,0.000,69.400,35.000,23.700,10.600,0.000,0.000,0.000,2.200,1.100,2.500,6.400,12.600,0,0,0,0,0,0,0,0,0,0,0,0,0.000,0.000,0.000,0.000,0,0,0,0,52.522,325.320,0,0.800,3.500,0,0,0.400,2.200,0,0,0.400,1.300,0,0,0,0,0,0.000
789,1979052068,1,0,1,2,380.400,342.600,30.600,6.300,17.000,5.800,0.000,0,106.000,0.000,0.000,4.600,32.200,21.000,10.600,0.000,0.000,0.000,2.100,0.000,0.000,0.000,0.000,0,0,0,0,0,0,0,0,0,0,0,0,0.000,0.000,0.000,0.000,0,0,0,0,51.888,328.431,0,0.600,3.100,0,0,0.400,1.900,0,0,0.200,1.200,0,0,0,0,0,0.000
790,1979052068,1,0,1,2,323.600,315.700,0.300,6.700,17.600,5.600,0.000,0,24.200,0.000,0.000,60.900,32.300,21.000,10.700,0.000,0.000,0.000,2.200,1.000,2.700,6.000,12.300,0,0,0,0,0,0,0,0,0,0,0,0,0.000,0.000,0.000,0.000,0,0,0,0,52.412,326.139,0,0.700,3.100,0,0,0.400,1.700,0,0,0.300,1.400,0,0,0,0,0,0.000
791,1979052068,1,0,1,2,350.400,341.900,0.600,7.100,17.000,5.600,0.000,0,108.200,0.000,0.000,4.300,31.700,21.000,10.200,0.000,0.000,0.000,2.100,0.000,0.000,0.000,0.000,0,0,0,0,0,0,0,0,0,0,0,0,0.000,0.000,0.000,0.000,0,0,0,0,51.978,328.976,0,0.700,3.200,0,0,0.500,2.000,0,0,0.200,1.200,0,0,0,0,0,0.000
792,1979052068,1,0,1,2,342.100,334.200,0.500,6.500,18.100,5.800,0.000,0,98.600,0.000,0.000,4.400,32.600,21.500,10.500,0.000,0.000,0.000,2.200,0.000,0.000,0.000,0.000,0,0,0,0,0,0,0,0,0,0,0,0,0.000,0.000,0.000,0.000,0,0,0,0,52.522,329.916,0,0.600,3.300,0,0,0.400,2.000,0,0,0.200,1.300,0,0,0,0,0,0.000
793,1979052068,1,0,1,2,330.900,323.500,0.400,6.200,18.400,5.600,0.000,0,24.300,0.000,0.000,65.200,32.700,21.600,10.400,0.000,0.000,0.000,2.300,1.000,2.400,6.200,12.100,0,0,0,0,0,0,0,0,0,0,0,0,0.000,0.000,0.000,0.000,0,0,0,0,53.148,328.761,0,0.600,2.900,0,0,0.400,1.600,0,0,0.200,1.300,0,0,0,0,0,0.000
794,1979052068,1,0,1,2,369.000,360.300,0.600,7.100,19.000,6.100,0.000,0,96.200,0.000,0.000,4.800,34.800,23.000,11.200,0.000,0.000,0.000,2.300,0.000,0.000,0.000,0.000,0,0,0,0,0,0,0,0,0,0,0,0,0.000,0.000,0.000,0.000,0,0,0,0,52.456,334.438,0,0.800,3.700,0,0,0.500,2.300,0,0,0.300,1.400,0,0,0,0,0,0.000
795,1979052068,1,0,1,2,352.100,344.300,0.400,6.500,16.800,5.600,0.000,0,52.100,0.000,0.000,62.100,32.500,21.500,10.400,0.000,0.000,0.000,2.100,1.000,2.600,6.100,12.300,0,0,0,0,0,0,0,0,0,0,0,0,0.000,0.000,0.000,0.000,0,0,0,0,52.482,336.213,0,0.700,3.100,0,0,0.500,1.700,0,0,0.200,1.400,0,0,0,0,0,0.000
796,1979052068,1,0,1,2,345.700,337.400,0.500,6.900,16.800,5.600,0.000,0,105.400,0.000,0.000,4.200,32.100,21.100,10.400,0.000,0.000,0.000,2.200,0.000,0.000,0.000,0.000,0,0,0,0,0,0,0,0,0,0,0,0,0.000,0.000,0.000,0.000,0,0,0,0,52.161,336.427,0,0.600,3.500,0,0,0.400,2.200,0,0,0.200,1.300,0,0,0,0,0,0.000
797,1979052068,1,0,1,2,232.200,225.600,0.300,5.500,15.000,5.000,0.000,0,21.900,0.000,0.000,3.900,27.800,18.300,9.000,0.000,0.000,0.000,1.900,0.000,0.000,0.000,0.000,0,0,0,0,0,0,0,0,0,0,0,0,0.000,0.000,0.000,0.000,0,0,0,0,50.620,316.478,0,0.600,2.900,0,0,0.400,1.800,0,0,0.200,1.100,0,0,0,0,0,0.000
798,1979052068,1,0,1,2,359.100,351.600,0.500,6.200,16.700,5.700,0.000,0,49.400,0.000,0.000,60.700,29.800,19.800,9.500,0.000,0.000,0.000,2.000,1.100,2.200,5.800,11.300,0,0,0,0,0,0,0,0,0,0,0,0,0.000,0.000,0.000,0.000,0,0,0,0,51.660,322.800,0,0.500,2.800,0,0,0.400,1.500,0,0,0.100,1.300,0,0,0,0,0,0.000
799,1979052068,1,0,1,2,246.700,241.000,0.400,4.700,12.700,4.000,0.000,0,68.800,0.000,0.000,3.500,23.800,15.700,7.700,0.000,0.000,0.000,1.700,0.000,0.000,0.000,0.000,0,0,0,0,0,0,0,0,0,0,0,0,0.000,0.000,0.000,0.000,0,0,0,0,50.317,308.076,0,0.500,2.700,0,0,0.300,1.600,0,0,0.200,1.100,0,0,0,0,0,0.000
800,1979052068,1,0,1,2,237.800,231.200,0.200,5.600,11.600,3.500,0.000,0,23.800,0.000,0.000,2.900,21.900,14.600,6.800,0.000,0.000,0.000,1.400,0.000,0.000,0.000,0.000,0,0,0,0,0,0,0,0,0,0,0,0,0.000,0.000,0.000,0.000,0,0,0,0,49.396,294.238,0,0.400,2.200,0,0,0.300,1.400,0,0,0.100,0.800,0,0,0,0,0,0.000
801,1979052068,1,0,1,2,351.700,343.400,0.400,7.000,17.200,5.800,0.000,0,51.700,0.000,0.000,62.300,31.900,20.600,10.500,0.000,0.000,0.000,2.200,1.000,2.300,6.100,12.500,0,0,0,0,0,0,0,0,0,0,0,0,0.000,0.000,0.000,0.000,0,0,0,0,49.829,303.087,0,0.600,3.000,0,0,0.300,1.700,0,0,0.300,1.300,0,0,0,0,0,0.000
802,1979052068,1,0,1,2,248.600,241.600,0.400,5.800,16.600,5.200,0.000,0,22.600,0.000,0.000,4.300,30.300,20.000,9.800,0.000,0.000,0.000,2.100,0.000,0.000,0.000,0.000,0,0,0,0,0,0,0,0,0,0,0,0,0.000,0.000,0.000,0.000,0,0,0,0,49.320,292.020,0,0.600,3.400,0,0,0.400,2.000,0,0,0.200,1.400,0,0,0,0,0,0.000
803,1979052068,1,0,1,2,392.800,384.300,0.500,7.100,18.800,6.200,0.000,0,55.500,0.000,0.000,79.400,34.600,22.600,11.400,0.000,0.000,0.000,2.600,1.200,2.400,7.100,13.400,0,0,0,0,0,0,0,0,0,0,0,0,0.000,0.000,0.000,0.000,0,0,0,0,49.658,308.630,0,0.700,3.300,0,0,0.500,1.800,0,0,0.200,1.500,0,0,0,0,0,0.000
804,1979052068,1,0,1,2,275.900,267.400,0.400,7.000,18.000,6.100,0.000,0,29.200,0.000,0.000,4.700,33.200,22.100,10.400,0.000,0.000,0.000,2.200,0.000,0.000,0.000,0.000,0,0,0,0,0,0,0,0,0,0,0,0,0.000,0.000,0.000,0.000,0,0,0,0,50.170,301.209,0,0.600,3.300,0,0,0.400,2.000,0,0,0.200,1.300,0,0,0,0,0,0.000
805,1979052068,1,0,1,2,393.200,384.800,0.400,6.900,19.100,6.200,0.000,0,54.900,0.000,0.000,79.700,34.500,22.300,11.300,0.000,0.000,0.000,2.600,1.100,2.600,6.800,13.200,0,0,0,0,0,0,0,0,0,0,0,0,0.000,0.000,0.000,0.000,0,0,0,0,55.341,316.255,0,0.700,3.400,0,0,0.500,1.900,0,0,0.200,1.500,0,0,0,0,0,0.000
806,1979052068,1,0,1,2,424.000,411.500,0.500,10.900,27.800,7.800,0.000,0,49.400,0.000,0.000,7.300,45.500,30.400,14.400,0.000,0.000,0.000,3.800,0.000,0.000,0.000,0.000,0,0,0,0,0,0,0,0,0,0,0,0,0.000,0.000,0.000,0.000,0,0,0,0,55.154,333.399,0,1.000,5.100,0,0,0.800,3.300,0,0,0.200,1.800,0,0,0,0,0,0.000
807,1979052068,1,0,1,2,354.900,346.400,0.600,7.000,18.900,6.100,0.000,0,94.400,0.000,0.000,4.800,34.200,22.200,11.400,0.000,0.000,0.000,2.400,0.000,0.000,0.000,0.000,0,0,0,0,0,0,0,0,0,0,0,0,0.000,0.000,0.000,0.000,0,0,0,0,54.640,335.739,0,0.800,3.900,0,0,0.500,2.400,0,0,0.300,1.500,0,0,0,0,0,0.000
808,1979052068,1,0,1,2,640.700,628.400,0.600,10.500,32.500,9.500,0.000,0,91.800,0.000,0.000,110.500,53.300,34.300,18.400,0.000,0.000,0.000,4.200,1.600,3.900,9.600,22.400,0,0,0,0,0,0,0,0,0,0,0,0,0.000,0.000,0.000,0.000,0,0,0,0,59.187,388.418,0,1.400,5.300,0,0,1.000,2.900,0,0,0.400,2.400,0,0,0,0,0,0.000
809,1979052068,1,0,1,2,247.800,241.800,0.400,4.900,13.800,4.400,0.000,0,60.300,0.000,0.000,3.400,25.000,16.500,8.200,0.000,0.000,0.000,1.600,0.000,0.000,0.000,0.000,0,0,0,0,0,0,0,0,0,0,0,0,0.000,0.000,0.000,0.000,0,0,0,0,55.859,362.027,0,0.600,3.000,0,0,0.400,2.000,0,0,0.200,1.000,0,0,0,0,0,0.000
810,1979052068,1,0,1,2,215.700,210.500,0.300,4.300,11.000,3.500,0.000,0,60.600,0.000,0.000,3.000,21.300,14.400,6.500,0.000,0.000,0.000,1.500,0.000,0.000,0.000,0.000,0,0,0,0,0,0,0,0,0,0,0,0,0.000,0.000,0.000,0.000,0,0,0,0,52.825,334.752,0,0.400,2.200,0,0,0.300,1.400,0,0,0.100,0.800,0,0,0,0,0,0.000
811,1979052068,1,0,1,2,135.700,130.400,0.300,4.400,6.600,1.800,0.000,0,27.900,0.000,0.000,26.000,11.800,8.500,3.000,0.000,0.000,0.000,0.800,0.500,0.900,3.100,3.500,0,0,0,0,0,0,0,0,0,0,0,0,0.000,0.000,0.000,0.000,0,0,0,0,48.428,297.969,0,0.200,0.900,0,0,0.100,0.500,0,0,0.100,0.400,0,0,0,0,0,0.000
812,1979052068,1,0,1,2,92.700,90.200,0.200,2.200,6.400,1.900,0.000,0,8.600,0.000,0.000,1.500,12.200,8.600,3.400,0.000,0.000,0.000,0.800,0.000,0.000,0.000,0.000,0,0,0,0,0,0,0,0,0,0,0,0,0.000,0.000,0.000,0.000,0,0,0,0,44.373,260.570,0,0.200,1.300,0,0,0.200,0.800,0,0,0.000,0.500,0,0,0,0,0,0.000
813,1979052068,1,0,1,2,116.700,114.000,0.200,2.300,6.100,2.000,0.000,0,33.100,0.000,0.000,1.500,11.900,8.300,3.400,0.000,0.000,0.000,0.700,0.000,0.000,0.000,0.000,0,0,0,0,0,0,0,0,0,0,0,0,0.000,0.000,0.000,0.000,0,0,0,0,41.066,234.188,0,0.300,1.200,0,0,0.200,0.800,0,0,0.100,0.400,0,0,0,0,0,0.000
814,1979052068,1,0,1,2,125.600,122.800,0.200,2.200,6.700,2.300,0.000,0,8.500,0.000,0.000,29.700,13.200,9.600,3.400,0.000,0.000,0.000,0.800,0.600,1.000,2.000,3.900,0,0,0,0,0,0,0,0,0,0,0,0,0.000,0.000,0.000,0.000,0,0,0,0,42.710,214.138,0,0.200,1.200,0,0,0.100,0.700,0,0,0.100,0.500,0,0,0,0,0,0.000
815,1979052068,1,0,1,2,336.200,328.100,0.400,6.700,17.300,5.600,0.000,0,88.400,0.000,0.000,4.400,31.700,20.600,10.400,0.000,0.000,0.000,2.100,0.000,0.000,0.000,0.000,0,0,0,0,0,0,0,0,0,0,0,0,0.000,0.000,0.000,0.000,0,0,0,0,42.978,234.651,0,0.700,3.300,0,0,0.500,2.000,0,0,0.200,1.300,0,0,0,0,0,0.000
816,1979052068,1,0,1,2,303.200,298.000,0.300,4.300,17.700,5.800,0.000,0,57.800,0.000,0.000,4.400,50.300,19.800,29.900,0.000,0.000,0.000,2.200,0.000,0.000,0.000,0.000,0,0,0,0,0,0,0,0,0,0,0,0,0.000,0.000,0.000,0.000,0,0,0,0,43.324,246.054,0,0.600,3.200,0,0,0.400,1.900,0,0,0.200,1.300,0,0,0,0,0,0.000
817,1979052068,1,0,1,2,217.000,211.400,0.300,4.600,11.000,3.500,0.000,0,17.000,0.000,0.000,39.300,19.600,13.400,6.000,0.000,0.000,0.000,1.400,0.600,1.600,3.600,7.000,0,0,0,0,0,0,0,0,0,0,0,0,0.000,0.000,0.000,0.000,0,0,0,0,41.826,239.816,0,0.300,1.900,0,0,0.200,1.100,0,0,0.100,0.800,0,0,0,0,0,0.000
818,1979052068,1,0,1,2,323.600,316.200,0.500,6.200,17.100,5.600,0.000,0,83.000,0.000,0.000,4.800,31.400,19.900,10.500,0.000,0.000,0.000,2.500,0.000,0.000,0.000,0.000,0,0,0,0,0,0,0,0,0,0,0,0,0.000,0.000,0.000,0.000,0,0,0,0,42.685,253.565,0,0.700,3.300,0,0,0.400,2.000,0,0,0.300,1.300,0,0,0,0,0,0.000
819,1979052068,1,0,1,2,269.900,263.800,0.400,5.100,17.500,5.400,0.000,0,68.800,0.000,0.000,4.500,30.800,19.900,10.400,0.000,0.000,0.000,2.200,0.000,0.000,0.000,0.000,0,0,0,0,0,0,0,0,0,0,0,0,0.000,0.000,0.000,0.000,0,0,0,0,43.408,255.408,0,0.600,3.200,0,0,0.400,2.000,0,0,0.200,1.200,0,0,0,0,0,0.000
820,1979052068,1,0,1,2,359.200,351.300,0.400,6.600,18.200,5.800,0.000,0,24.000,0.000,0.000,94.500,31.600,20.700,10.300,0.000,0.000,0.000,2.200,1.000,2.400,6.400,12.000,0,0,0,0,0,0,0,0,0,0,0,0,0.000,0.000,0.000,0.000,0,0,0,0,45.368,272.668,0,0.600,3.000,0,0,0.400,1.700,0,0,0.200,1.300,0,0,0,0,0,0.000
821,1979052068,1,0,1,2,348.300,340.400,0.500,6.500,19.100,6.400,0.000,0,88.700,0.000,0.000,5.200,33.000,21.200,11.300,0.000,0.000,0.000,2.600,0.000,0.000,0.000,0.000,0,0,0,0,0,0,0,0,0,0,0,0,0.000,0.000,0.000,0.000,0,0,0,0,46.634,284.860,0,0.700,3.500,0,0,0.400,2.100,0,0,0.300,1.400,0,0,0,0,0,0.000
822,1979052068,1,0,1,2,247.900,240.700,0.700,5.900,16.100,5.500,0.000,0,22.000,0.000,0.000,4.400,29.700,19.300,9.800,0.000,0.000,0.000,2.200,0.000,0.000,0.000,0.000,0,0,0,0,0,0,0,0,0,0,0,0,0.000,0.000,0.000,0.000,0,0,0,0,57.356,276.911,0,0.700,3.200,0,0,0.500,2.000,0,0,0.200,1.200,0,0,0,0,0,0.000
823,1979052068,1,0,1,2,356.800,349.000,0.400,6.600,18.200,5.700,0.000,0,51.200,0.000,0.000,65.600,31.400,20.400,10.500,0.000,0.000,0.000,2.200,1.400,2.400,6.300,12.300,0,0,0,0,0,0,0,0,0,0,0,0,0.000,0.000,0.000,0.000,0,0,0,0,57.616,289.887,0,0.600,3.100,0,0,0.400,1.800,0,0,0.200,1.300,0,0,0,0,0,0.000
824,1979052068,1,0,1,2,370.900,362.800,0.600,6.600,16.400,5.200,0.000,0,90.600,0.000,0.000,4.200,29.400,18.900,9.600,0.000,0.000,0.000,2.000,0.000,0.000,0.000,0.000,0,0,0,0,0,0,0,0,0,0,0,0,0.000,0.000,0.000,0.000,0,0,0,0,55.777,303.011,0,0.500,3.100,0,0,0.300,1.900,0,0,0.200,1.200,0,0,0,0,0,0.000
825,1979052068,1,0,1,2,218.500,212.200,0.400,5.200,15.000,4.700,0.000,0,19.800,0.000,0.000,4.100,26.600,17.600,8.600,0.000,0.000,0.000,2.200,0.000,0.000,0.000,0.000,0,0,0,0,0,0,0,0,0,0,0,0,0.000,0.000,0.000,0.000,0,0,0,0,53.693,286.665,0,0.500,2.800,0,0,0.300,1.800,0,0,0.200,1.000,0,0,0,0,0,0.000
826,1979052068,1,0,1,2,390.500,382.400,0.500,6.900,19.400,6.000,0.000,0,55.500,0.000,0.000,66.700,34.000,21.800,11.600,0.000,0.000,0.000,2.500,1.100,2.800,6.900,13.200,0,0,0,0,0,0,0,0,0,0,0,0,0.000,0.000,0.000,0.000,0,0,0,0,54.864,303.898,0,0.600,3.300,0,0,0.400,1.800,0,0,0.200,1.500,0,0,0,0,0,0.000
827,1979052068,1,0,1,2,348.300,340.100,0.600,6.700,17.300,5.700,0.000,0,86.200,0.000,0.000,4.400,51.100,39.600,10.900,0.000,0.000,0.000,2.100,0.000,0.000,0.000,0.000,0,0,0,0,0,0,0,0,0,0,0,0,0.000,0.000,0.000,0.000,0,0,0,0,53.971,310.414,0,0.600,3.900,0,0,0.400,2.500,0,0,0.200,1.400,0,0,0,0,0,0.000
828,1979052068,1,0,1,2,265.600,257.600,0.400,6.700,17.500,5.900,0.000,0,23.900,0.000,0.000,4.900,31.400,20.600,10.200,0.000,0.000,0.000,2.500,0.000,0.000,0.000,0.000,0,0,0,0,0,0,0,0,0,0,0,0,0.000,0.000,0.000,0.000,0,0,0,0,53.508,300.908,0,0.600,3.500,0,0,0.400,2.100,0,0,0.200,1.400,0,0,0,0,0,0.000
829,1979052068,1,0,1,2,355.900,348.200,0.400,6.300,17.700,5.900,0.000,0,50.900,0.000,0.000,65.000,31.600,20.500,10.400,0.000,0.000,0.000,2.600,0.900,2.000,6.500,14.200,0,0,0,0,0,0,0,0,0,0,0,0,0.000,0.000,0.000,0.000,0,0,0,0,53.669,309.420,0,0.700,3.300,0,0,0.500,1.800,0,0,0.200,1.500,0,0,0,0,0,0.000
830,1979052068,1,0,1,2,286.900,278.600,0.400,6.900,19.200,6.200,0.000,0,26.000,0.000,0.000,5.300,33.700,21.900,11.100,0.000,0.000,0.000,2.500,0.000,0.000,0.000,0.000,0,0,0,0,0,0,0,0,0,0,0,0,0.000,0.000,0.000,0.000,0,0,0,0,54.034,303.873,0,0.700,3.600,0,0,0.500,2.200,0,0,0.200,1.400,0,0,0,0,0,0.000
831,1979052068,1,0,1,2,389.500,381.100,0.500,7.000,18.600,6.200,0.000,0,54.500,0.000,0.000,68.500,33.700,21.800,11.300,0.000,0.000,0.000,2.300,1.200,2.400,6.700,15.100,0,0,0,0,0,0,0,0,0,0,0,0,0.000,0.000,0.000,0.000,0,0,0,0,55.054,317.773,0,0.600,3.200,0,0,0.400,1.800,0,0,0.200,1.400,0,0,0,0,0,0.000
832,1979052068,1,0,1,2,293.000,285.300,0.400,6.300,19.400,6.600,0.000,0,24.200,0.000,0.000,4.700,35.400,23.000,11.800,0.000,0.000,0.000,2.400,0.000,0.000,0.000,0.000,0,0,0,0,0,0,0,0,0,0,0,0,0.000,0.000,0.000,0.000,0,0,0,0,55.314,311.928,0,0.600,4.100,0,0,0.400,2.200,0,0,0.200,1.900,0,0,0,0,0,0.000
833,1979052068,1,0,1,2,403.600,395.200,0.500,7.000,38.500,6.300,0.000,0,54.800,0.000,0.000,69.800,34.500,22.600,11.300,0.000,0.000,0.000,2.400,1.000,2.500,7.000,15.300,0,0,0,0,0,0,0,0,0,0,0,0,0.000,0.000,0.000,0.000,0,0,0,0,55.366,326.917,0,0.800,3.300,0,0,0.500,1.800,0,0,0.300,1.500,0,0,0,0,0,0.000
834,1979052068,1,0,1,2,307.500,299.900,0.300,6.300,18.000,6.000,0.000,0,24.200,0.000,0.000,4.600,32.400,20.600,11.200,0.000,0.000,0.000,2.200,0.000,0.000,0.000,0.000,0,0,0,0,0,0,0,0,0,0,0,0,0.000,0.000,0.000,0.000,0,0,0,0,54.652,322.054,0,0.600,3.500,0,0,0.400,2.000,0,0,0.200,1.500,0,0,0,0,0,0.000
835,1979052068,1,0,1,2,248.600,242.400,0.500,5.000,14.100,4.600,0.000,0,60.100,0.000,0.000,3.500,24.800,16.400,7.900,0.000,0.000,0.000,1.700,0.000,0.000,0.000,0.000,0,0,0,0,0,0,0,0,0,0,0,0,0.000,0.000,0.000,0.000,0,0,0,0,52.357,307.716,0,0.500,2.600,0,0,0.300,1.600,0,0,0.200,1.000,0,0,0,0,0,0.000
836,1979052068,1,0,1,2,359.100,351.600,0.400,6.200,18.200,5.800,0.000,0,24.400,0.000,0.000,94.700,31.700,20.600,10.500,0.000,0.000,0.000,2.200,1.000,2.300,6.500,14.300,0,0,0,0,0,0,0,0,0,0,0,0,0.000,0.000,0.000,0.000,0,0,0,0,52.724,315.615,0,0.800,3.000,0,0,0.500,1.700,0,0,0.300,1.300,0,0,0,0,0,0.000
837,1979052068,1,0,1,2,345.000,336.800,0.700,6.700,18.800,5.700,0.000,0,99.100,0.000,0.000,4.900,32.000,21.000,10.400,0.000,0.000,0.000,2.200,0.000,0.000,0.000,0.000,0,0,0,0,0,0,0,0,0,0,0,0,0.000,0.000,0.000,0.000,0,0,0,0,54.664,319.429,0,0.600,3.400,0,0,0.500,2.000,0,0,0.100,1.400,0,0,0,0,0,0.000
838,1979052068,1,0,1,2,329.400,321.500,0.500,6.500,17.700,5.700,0.000,0,87.200,0.000,0.000,4.600,30.800,19.800,10.500,0.000,0.000,0.000,2.200,0.000,0.000,0.000,0.000,0,0,0,0,0,0,0,0,0,0,0,0,0.000,0.000,0.000,0.000,0,0,0,0,53.716,319.801,0,0.800,3.300,0,0,0.500,2.000,0,0,0.300,1.300,0,0,0,0,0,0.000
839,1979052068,1,0,1,2,402.000,394.400,0.400,6.400,17.400,6.100,0.000,0,23.600,0.000,0.000,63.300,81.800,70.600,10.600,0.000,0.000,0.000,2.300,0.900,2.300,6.400,13.800,0,0,0,0,0,0,0,0,0,0,0,0,0.000,0.000,0.000,0.000,0,0,0,0,53.966,333.229,0,0.600,3.100,0,0,0.400,1.700,0,0,0.200,1.400,0,0,0,0,0,0.000
840,1979052068,1,0,1,2,330.500,322.500,0.500,6.500,17.800,5.600,0.000,0,88.200,0.000,0.000,4.500,32.100,20.900,10.500,0.000,0.000,0.000,2.200,0.000,0.000,0.000,0.000,0,0,0,0,0,0,0,0,0,0,0,0,0.000,0.000,0.000,0.000,0,0,0,0,53.126,331.298,0,0.600,3.300,0,0,0.400,2.000,0,0,0.200,1.300,0,0,0,0,0,0.000
841,1979052068,1,0,1,2,328.900,320.800,0.500,6.700,17.300,5.500,0.000,0,87.500,0.000,0.000,4.500,31.300,20.200,10.600,0.000,0.000,0.000,2.100,0.000,0.000,0.000,0.000,0,0,0,0,0,0,0,0,0,0,0,0,0.000,0.000,0.000,0.000,0,0,0,0,52.437,329.408,0,0.700,3.200,0,0,0.500,1.800,0,0,0.200,1.400,0,0,0,0,0,0.000
842,1979052068,1,0,1,2,303.500,296.800,0.400,5.600,15.100,5.100,0.000,0,21.000,0.000,0.000,65.000,35.400,25.400,9.500,0.000,0.000,0.000,2.100,0.900,2.200,6.100,15.500,0,0,0,0,0,0,0,0,0,0,0,0,0.000,0.000,0.000,0.000,0,0,0,0,54.500,323.539,0,0.900,3.300,0,0,0.700,2.100,0,0,0.200,1.200,0,0,0,0,0,0.000
843,1979052068,1,0,1,2,345.400,337.300,0.600,6.700,17.700,5.800,0.000,0,85.100,0.000,0.000,4.700,31.300,20.300,10.400,0.000,0.000,0.000,2.400,0.000,0.000,0.000,0.000,0,0,0,0,0,0,0,0,0,0,0,0,0.000,0.000,0.000,0.000,0,0,0,0,54.230,326.016,0,0.600,3.300,0,0,0.400,2.000,0,0,0.200,1.300,0,0,0,0,0,0.000
844,1979052068,1,0,1,2,359.300,351.400,0.400,6.700,17.700,5.800,0.000,0,50.400,0.000,0.000,64.700,32.000,20.800,10.300,0.000,0.000,0.000,2.100,1.100,2.600,6.300,13.900,0,0,0,0,0,0,0,0,0,0,0,0,0.000,0.000,0.000,0.000,0,0,0,0,53.865,330.585,0,0.500,3.000,0,0,0.400,1.700,0,0,0.100,1.300,0,0,0,0,0,0.000
845,1979052068,1,0,1,2,382.000,338.200,36.500,6.400,18.300,6.000,0.000,0,90.200,0.000,0.000,4.600,32.500,21.200,10.700,0.000,0.000,0.000,2.400,0.000,0.000,0.000,0.000,0,0,0,0,0,0,0,0,0,0,0,0,0.000,0.000,0.000,0.000,0,0,0,0,54.231,331.956,0,0.600,3.500,0,0,0.400,2.200,0,0,0.200,1.300,0,0,0,0,0,0.000
846,1979052068,1,0,1,2,1961.700,1953.100,0.400,7.000,18.400,6.900,0.000,0,53.300,0.000,0.000,63.800,1616.000,1123.800,491.500,0.000,0.000,0.000,2.400,1.000,2.400,6.400,14.100,0,0,0,0,2,2,0,0,0,0,0,0,0.000,0.000,0.000,0.000,0,0,0,0,60.454,623.762,2,1261.500,89.500,2,102,917.300,58.200,1,51,344.200,31.300,1,51,2,1,1,0.000
847,1979052068,1,0,1,2,195.500,191.500,0.200,3.300,9.000,3.000,0.000,0,41.500,0.000,0.000,2.300,46.000,26.500,19.200,0.000,0.000,0.000,1.200,0.000,0.000,0.000,0.000,0,0,0,0,2,2,0,0,0,0,0,0,0.000,0.000,0.000,0.000,0,0,0,0,56.736,545.955,0,2.700,29.300,2,102,1.900,15.300,1,51,0.800,14.000,1,51,0,0,0,0.000
848,1979052068,1,0,1,2,204.400,200.600,0.200,3.200,8.500,2.800,0.000,0,11.900,0.000,0.000,36.100,49.300,26.600,22.600,0.000,0.000,0.000,1.200,0.900,1.300,3.100,6.300,0,0,0,0,0,0,0,0,0,0,0,0,0.000,0.000,0.000,0.000,0,0,0,0,52.805,483.791,0,2.500,32.300,2,102,1.400,15.200,1,51,1.100,17.100,1,51,0,0,0,0.000
849,1979052068,1,0,1,2,1058.900,1054.600,0.300,3.500,17.500,4.000,0.000,0,28.500,0.000,0.000,4.500,891.700,557.000,334.200,0.000,0.000,0.000,2.100,0.000,0.000,0.000,0.000,0,0,0,0,2,2,0,0,0,0,0,0,0.000,0.000,0.000,0.000,0,0,0,0,55.612,586.536,2,760.100,31.200,4,204,528.800,15.800,2,101,231.300,15.400,2,103,2,1,1,0.000
850,1979052068,1,0,1,2,307.300,301.000,0.400,5.300,13.600,4.600,0.000,0,69.200,0.000,0.000,3.600,74.700,41.500,32.300,0.000,0.000,0.000,1.700,0.000,0.000,0.000,0.000,0,0,0,0,2,2,0,0,0,0,0,0,0.000,0.000,0.000,0.000,0,0,0,0,54.872,535.140,0,5.300,47.400,4,204,3.200,24.400,2,101,2.100,23.000,2,103,0,0,0,0.000
851,1979052068,1,0,1,2,468.300,460.000,0.400,7.000,19.500,6.300,0.000,0,26.300,0.000,0.000,107.800,107.800,60.200,46.900,0.000,0.000,0.000,2.500,1.200,2.900,34.000,15.500,0,0,0,0,0,0,0,0,0,0,0,0,0.000,0.000,0.000,0.000,0,0,0,0,56.119,521.615,0,8.300,67.800,4,204,4.800,34.600,2,101,3.500,33.200,2,103,0,0,0,0.000
852,1979052068,1,0,1,2,1890.300,1883.200,0.600,5.700,20.500,7.500,0.000,0,54.200,0.000,0.000,5.000,1602.100,1056.500,544.900,0.000,0.000,0.000,2.300,0.000,0.000,0.000,0.000,0,0,0,0,2,2,0,0,0,0,0,0,0.000,0.000,0.000,0.000,0,0,0,0,64.414,766.700,2,1502.800,61.200,6,304,1003.400,29.700,3,150,499.400,31.500,3,154,2,1,1,0.000
853,1979052068,1,0,1,2,238.000,233.900,0.300,3.500,8.300,2.700,0.000,0,40.100,0.000,0.000,2.100,99.000,78.600,20.200,0.000,0.000,0.000,1.100,0.000,0.000,0.000,0.000,0,0,0,0,2,2,0,0,0,0,0,0,0.000,0.000,0.000,0.000,0,0,0,0,59.479,670.796,0,4.700,27.100,6,304,2.600,13.500,3,150,2.100,13.600,3,154,0,0,0,0.000
854,1979052068,1,0,1,2,414.800,406.900,0.400,6.700,17.800,6.000,0.000,0,23.900,0.000,0.000,67.900,101.000,55.900,44.500,0.000,0.000,0.000,2.300,1.300,2.600,6.300,13.900,0,0,0,0,0,0,0,0,0,0,0,0,0.000,0.000,0.000,0.000,0,0,0,0,59.591,623.295,0,9.800,61.800,6,304,5.500,31.000,3,150,4.300,30.800,3,154,0,0,0,0.000
855,1979052068,1,0,1,2,1628.000,1618.900,0.500,7.600,18.400,7.100,0.000,0,53.400,0.000,0.000,4.800,1348.300,814.800,532.900,0.000,0.000,0.000,2.300,0.000,0.000,0.000,0.000,0,0,0,0,2,2,0,0,0,0,0,0,0.000,0.000,0.000,0.000,0,0,0,0,61.213,802.504,2,1236.400,61.800,8,404,762.500,30.500,4,199,473.900,31.300,4,205,2,1,1,0.000
856,1979052068,1,0,1,2,351.400,343.400,0.400,6.600,17.800,6.000,0.000,0,33.700,0.000,0.000,5.400,103.400,57.100,45.700,0.000,0.000,0.000,2.400,0.000,0.000,0.000,0.000,0,0,0,0,0,0,0,0,0,0,0,0,0.000,0.000,0.000,0.000,0,0,0,0,59.932,719.865,0,11.800,62.300,8,404,6.600,31.400,4,199,5.200,30.900,4,205,0,0,0,0.000
857,1979052068,1,0,1,2,347.000,340.200,0.300,5.800,14.000,4.600,0.000,0,40.800,0.000,0.000,53.400,82.500,45.200,36.800,0.000,0.000,0.000,1.900,0.900,2.100,5.000,11.400,0,0,0,0,2,2,0,0,0,0,0,0,0.000,0.000,0.000,0.000,0,0,0,0,59.279,651.525,0,9.600,49.300,8,404,5.200,24.500,4,199,4.400,24.800,4,205,0,0,0,0.000
858,1979052068,1,0,1,2,887.800,883.600,0.200,3.300,8.600,3.700,0.000,0,27.900,0.000,0.000,2.300,744.300,477.000,266.800,0.000,0.000,0.000,1.200,0.000,0.000,0.000,0.000,0,0,0,0,2,2,0,0,0,0,0,0,0.000,0.000,0.000,0.000,0,0,0,0,55.844,693.299,2,694.200,30.300,10,504,448.900,15.200,5,248,245.300,15.100,5,256,2,1,1,0.000
859,1979052068,1,0,1,2,218.300,213.600,0.200,4.000,10.400,5.600,0.000,0,14.500,0.000,0.000,2.900,75.500,39.200,35.900,0.000,0.000,0.000,1.300,0.000,0.000,0.000,0.000,0,0,0,0,0,0,0,0,0,0,0,0,0.000,0.000,0.000,0.000,0,0,0,0,51.804,606.953,0,10.800,39.700,10,504,4.700,18.700,5,248,6.100,21.000,5,256,0,0,0,0.000
860,1979052068,1,0,1,2,194.000,189.900,0.200,3.400,7.800,2.900,0.000,0,22.400,0.000,0.000,32.500,46.700,26.200,20.100,0.000,0.000,0.000,0.900,0.500,1.200,2.800,5.900,0,0,0,0,2,2,0,0,0,0,0,0,0.000,0.000,0.000,0.000,0,0,0,0,49.266,531.883,0,6.700,26.200,10,504,3.600,13.400,5,248,3.100,12.800,5,256,0,0,0,0.000
861,1979052068,1,0,1,2,910.800,906.900,0.300,3.000,7.700,4.400,0.000,0,24.200,0.000,0.000,1.900,782.500,470.600,311.500,0.000,0.000,0.000,1.000,0.000,0.000,0.000,0.000,0,0,0,0,2,2,0,0,0,0,0,0,0.000,0.000,0.000,0.000,0,0,0,0,47.076,599.386,2,722.600,29.600,12,604,440.800,16.200,6,297,281.800,13.400,6,307,2,1,1,0.000
862,1979052068,1,0,1,2,119.000,116.200,0.200,2.400,6.400,2.000,0.000,0,8.400,0.000,0.000,1.700,37.500,21.800,15.600,0.000,0.000,0.000,0.900,0.000,0.000,0.000,0.000,0,0,0,0,0,0,0,0,0,0,0,0,0.000,0.000,0.000,0.000,0,0,0,0,43.192,512.413,0,5.900,20.600,12,604,3.300,10.700,6,297,2.600,9.900,6,307,0,0,0,0.000
863,1979052068,1,0,1,2,269.900,266.800,0.100,2.500,17.900,2.100,0.000,0,18.400,0.000,0.000,86.700,55.900,39.800,15.900,0.000,0.000,0.000,2.300,1.100,2.400,6.500,13.800,0,0,0,0,2,2,0,0,0,0,0,0,0.000,0.000,0.000,0.000,0,0,0,0,47.064,468.203,0,11.100,32.600,12,604,8.200,22.600,6,297,2.900,10.000,6,307,0,0,0,0.000
864,1979052068,1,0,1,2,342.300,334.300,0.400,6.700,18.200,5.900,0.000,0,23.700,0.000,0.000,4.700,107.500,59.300,47.600,0.000,0.000,0.000,2.300,0.000,0.000,0.000,0.000,0,0,0,0,0,0,0,0,0,0,0,0,0.000,0.000,0.000,0.000,0,0,0,0,47.574,444.100,0,17.000,61.700,12,604,9.300,31.100,6,297,7.700,30.600,6,307,0,0,0,0.000
865,1979052068,1,0,1,2,444.000,436.800,0.400,6.100,15.600,5.100,0.000,0,43.900,0.000,0.000,62.000,155.100,84.800,69.800,0.000,0.000,0.000,2.000,1.100,2.800,5.800,11.900,0,0,0,0,2,2,0,0,0,0,0,0,0.000,0.000,0.000,0.000,0,0,0,0,51.665,442.786,2,69.600,58.800,12,600,35.400,32.100,6,294,34.200,26.700,6,306,2,1,1,0.000
866,1979052068,1,0,1,2,345.000,338.700,0.400,5.200,14.300,4.800,0.000,0,70.200,0.000,0.000,3.700,102.200,63.800,38.000,0.000,0.000,0.000,1.700,0.000,0.000,0.000,0.000,0,0,0,0,2,2,0,0,0,0,0,0,0.000,0.000,0.000,0.000,0,0,0,0,52.157,424.051,0,13.900,64.900,12,600,7.800,40.600,6,294,6.100,24.300,6,306,0,0,0,0.000
867,1979052068,1,0,1,2,401.500,394.200,0.400,6.300,14.300,4.800,0.000,0,41.300,0.000,0.000,54.000,137.000,72.000,64.500,0.000,0.000,0.000,1.900,0.800,2.500,5.200,11.300,0,0,0,0,2,2,0,0,0,0,0,0,0.000,0.000,0.000,0.000,0,0,0,0,53.659,418.677,2,64.700,48.100,12,596,32.900,23.200,6,292,31.800,24.900,6,304,2,1,1,0.000
868,1979052068,1,0,1,2,338.600,330.500,0.400,6.900,17.500,5.400,0.000,0,23.400,0.000,0.000,4.400,105.500,58.100,47.000,0.000,0.000,0.000,2.100,0.000,0.000,0.000,0.000,0,0,0,0,0,0,0,0,0,0,0,0,0.000,0.000,0.000,0.000,0,0,0,0,53.558,402.806,0,16.500,60.900,12,596,9.100,30.300,6,292,7.400,30.600,6,304,0,0,0,0.000
869,1979052068,1,0,1,2,440.800,433.900,0.400,5.800,15.400,5.300,0.000,0,44.100,0.000,0.000,65.400,148.300,79.300,68.500,0.000,0.000,0.000,2.000,1.000,2.300,5.700,12.400,0,0,0,0,2,2,0,0,0,0,0,0,0.000,0.000,0.000,0.000,0,0,0,0,55.798,408.403,2,69.600,52.300,12,594,35.500,26.300,6,291,34.100,26.000,6,303,2,1,1,0.000
870,1979052068,1,0,1,2,160.400,157.200,0.200,2.600,7.100,2.200,0.000,0,36.100,0.000,0.000,2.000,41.600,23.500,17.800,0.000,0.000,0.000,0.900,0.000,0.000,0.000,0.000,0,0,0,0,2,2,0,0,0,0,0,0,0.000,0.000,0.000,0.000,0,0,0,0,52.198,363.186,0,7.200,22.300,12,594,4.100,11.100,6,291,3.100,11.200,6,303,0,0,0,0.000
871,1979052068,1,0,1,2,280.000,274.700,0.300,4.500,12.100,4.000,0.000,0,54.100,0.000,0.000,3.000,85.300,39.600,45.300,0.000,0.000,0.000,1.600,0.000,0.000,0.000,0.000,0,0,0,0,2,2,0,0,0,0,0,0,0.000,0.000,0.000,0.000,0,0,0,0,51.298,347.259,0,11.400,54.300,12,594,6.400,20.000,6,291,5.000,34.300,6,303,0,0,0,0.000
872,1979052068,1,0,1,2,309.100,303.400,0.300,4.900,13.700,4.300,0.000,0,17.500,0.000,0.000,60.400,78.500,43.300,34.800,0.000,0.000,0.000,11.000,0.900,2.100,4.800,10.000,0,0,0,0,0,0,0,0,0,0,0,0,0.000,0.000,0.000,0.000,0,0,0,0,51.443,339.364,0,12.200,44.300,12,594,6.600,22.000,6,291,5.600,22.300,6,303,0,0,0,0.000
873,1979052068,1,0,1,2,334.600,329.300,0.300,4.500,12.200,4.000,0.000,0,36.500,0.000,0.000,3.200,136.300,82.500,53.500,0.000,0.000,0.000,1.600,0.000,0.000,0.000,0.000,0,0,0,0,2,2,0,0,0,0,0,0,0.000,0.000,0.000,0.000,0,0,0,0,52.353,337.552,2,76.500,39.300,12,594,49.400,19.200,6,291,27.100,20.100,6,303,2,1,1,0.000
874,1979052068,1,0,1,2,189.400,185.700,0.200,3.100,8.500,2.500,0.000,0,40.300,0.000,0.000,2.100,49.800,27.500,22.200,0.000,0.000,0.000,1.100,0.000,0.000,0.000,0.000,0,0,0,0,2,2,0,0,0,0,0,0,0.000,0.000,0.000,0.000,0,0,0,0,49.644,310.219,0,8.400,27.300,12,594,4.500,13.300,6,291,3.900,14.000,6,303,0,0,0,0.000
875,1979052068,1,0,1,2,391.700,383.900,0.400,6.500,17.500,5.600,0.000,0,23.600,0.000,0.000,61.300,104.500,55.600,48.300,0.000,0.000,0.000,2.200,1.000,2.300,6.300,13.700,0,0,0,0,0,0,0,0,0,0,0,0,0.000,0.000,0.000,0.000,0,0,0,0,50.104,323.482,0,16.000,60.300,12,594,8.500,28.900,6,291,7.500,31.400,6,303,0,0,0,0.000
876,1979052068,1,0,1,2,331.900,326.800,0.200,4.300,11.900,3.800,0.000,0,41.200,0.000,0.000,3.300,131.400,80.400,50.600,0.000,0.000,0.000,1.400,0.000,0.000,0.000,0.000,0,0,0,0,2,2,0,0,0,0,0,0,0.000,0.000,0.000,0.000,0,0,0,0,50.877,324.079,2,73.600,37.700,12,593,48.000,18.700,6,290,25.600,19.000,6,303,2,1,1,0.000
877,1979052068,1,0,1,2,334.400,328.500,0.400,4.900,12.600,4.300,0.000,0,36.400,0.000,0.000,50.900,74.400,41.500,32.500,0.000,0.000,0.000,1.600,0.700,2.100,4.300,9.600,0,0,0,0,2,2,0,0,0,0,0,0,0.000,0.000,0.000,0.000,0,0,0,0,52.087,324.875,0,12.000,41.200,12,593,6.300,20.900,6,290,5.700,20.300,6,303,0,0,0,0.000
878,1979052068,1,0,1,2,408.300,400.500,0.500,6.600,18.400,5.400,0.000,0,85.900,0.000,0.000,4.700,116.500,67.500,48.400,0.000,0.000,0.000,2.300,0.000,0.000,0.000,0.000,0,0,0,0,2,2,0,0,0,0,0,0,0.000,0.000,0.000,0.000,0,0,0,0,55.131,338.487,0,17.700,64.200,12,593,9.400,33.000,6,290,8.300,31.200,6,303,0,0,0,0.000
879,1979052068,1,0,1,2,562.200,553.500,0.500,7.400,19.200,6.300,0.000,0,67.300,0.000,0.000,83.600,185.000,97.700,86.400,0.000,0.000,0.000,2.500,1.200,2.900,7.100,15.500,0,0,0,0,2,2,0,0,0,0,0,0,0.000,0.000,0.000,0.000,0,0,0,0,59.680,377.190,2,86.700,65.500,12,592,44.100,32.500,6,289,42.600,33.000,6,303,2,1,1,0.000
880,1979052068,1,0,1,2,263.800,258.700,0.300,4.400,12.200,3.800,0.000,0,53.200,0.000,0.000,2.900,70.800,39.100,31.300,0.000,0.000,0.000,1.400,0.000,0.000,0.000,0.000,0,0,0,0,2,2,0,0,0,0,0,0,0.000,0.000,0.000,0.000,0,0,0,0,57.109,355.861,0,11.000,40.500,12,592,6.000,20.500,6,289,5.000,20.000,6,303,0,0,0,0.000
881,1979052068,1,0,1,2,300.600,293.900,0.400,5.600,15.100,4.800,0.000,0,20.900,0.000,0.000,4.000,88.300,48.100,39.900,0.000,0.000,0.000,2.100,0.000,0.000,0.000,0.000,0,0,0,0,0,0,0,0,0,0,0,0,0.000,0.000,0.000,0.000,0,0,0,0,55.506,344.708,0,14.400,49.700,12,592,7.700,24.600,6,289,6.700,25.100,6,303,0,0,0,0.000
882,1979052068,1,0,1,2,584.000,575.400,0.400,7.200,19.300,6.400,0.000,0,56.800,0.000,0.000,72.800,228.400,141.200,86.500,0.000,0.000,0.000,2.600,1.400,2.700,6.900,14.900,0,0,0,0,2,2,0,0,0,0,0,0,0.000,0.000,0.000,0.000,0,0,0,0,60.275,386.233,2,131.200,64.400,12,592,88.700,31.400,6,288,42.500,33.000,6,304,2,1,1,0.000
883,1979052068,1,0,1,2,426.300,418.200,0.400,6.900,17.600,5.900,0.000,0,86.200,0.000,0.000,4.600,106.300,58.800,47.000,0.000,0.000,0.000,2.200,0.000,0.000,0.000,0.000,0,0,0,0,2,2,0,0,0,0,0,0,0.000,0.000,0.000,0.000,0,0,0,0,60.783,391.987,0,17.300,61.000,12,592,9.600,31.000,6,288,7.700,30.000,6,304,0,0,0,0.000
884,1979052068,1,0,1,2,444.100,435.600,0.400,7.200,19.400,6.300,0.000,0,25.900,0.000,0.000,71.800,112.600,61.900,50.100,0.000,0.000,0.000,2.500,1.100,3.300,6.700,15.000,0,0,0,0,0,0,0,0,0,0,0,0,0.000,0.000,0.000,0.000,0,0,0,0,61.074,399.837,0,15.600,65.300,10,494,8.600,32.500,5,240,7.000,32.800,5,254,0,0,0,0.000
885,1979052068,1,0,1,2,495.100,487.100,0.400,6.800,17.900,5.700,0.000,0,52.100,0.000,0.000,4.600,221.200,117.900,102.800,0.000,0.000,0.000,2.500,0.000,0.000,0.000,0.000,0,0,0,0,2,2,0,0,0,0,0,0,0.000,0.000,0.000,0.000,0,0,0,0,63.545,415.545,2,131.300,59.600,12,592,69.200,28.900,6,288,62.100,30.700,6,304,2,1,1,0.000
886,1979052068,1,0,1,2,396.000,388.800,0.400,6.100,15.600,5.000,0.000,0,61.000,0.000,0.000,56.400,87.500,48.100,38.800,0.000,0.000,0.000,2.000,1.000,2.300,5.400,12.400,0,0,0,0,2,2,0,0,0,0,0,0,0.000,0.000,0.000,0.000,0,0,0,0,62.673,410.731,0,12.400,50.000,10,494,6.900,24.800,5,240,5.500,25.200,5,254,0,0,0,0.000
887,1979052068,1,0,1,2,441.000,433.300,0.500,6.200,16.600,5.800,0.000,0,48.300,0.000,0.000,4.300,182.900,108.500,73.800,0.000,0.000,0.000,2.100,0.000,0.000,0.000,0.000,0,0,0,0,2,2,0,0,0,0,0,0,0.000,0.000,0.000,0.000,0,0,0,0,63.776,414.793,2,100.700,54.500,12,590,63.600,26.700,6,287,37.100,27.800,6,303,2,1,1,0.000
888,1979052068,1,0,1,2,294.700,287.900,0.400,5.700,15.400,5.100,0.000,0,21.100,0.000,0.000,3.800,91.300,49.700,41.100,0.000,0.000,0.000,1.900,0.000,0.000,0.000,0.000,0,0,0,0,0,0,0,0,0,0,0,0,0.000,0.000,0.000,0.000,0,0,0,0,60.468,391.952,0,14.500,52.200,12,590,7.900,26.100,6,287,6.600,26.100,6,303,0,0,0,0.000
889,1979052068,1,0,1,2,401.500,394.100,0.500,6.100,16.500,5.600,0.000,0,49.700,0.000,0.000,60.700,98.200,53.700,43.900,0.000,0.000,0.000,2.200,1.100,2.800,5.900,13.000,0,0,0,0,2,2,0,0,0,0,0,0,0.000,0.000,0.000,0.000,0,0,0,0,60.870,392.339,0,15.800,55.600,12,590,8.600,27.700,6,287,7.200,27.900,6,303,0,0,0,0.000
890,1979052068,1,0,1,2,318.300,312.800,0.300,4.700,11.500,4.100,0.000,0,35.000,0.000,0.000,3.100,129.800,77.900,51.400,0.000,0.000,0.000,1.500,0.000,0.000,0.000,0.000,0,0,0,0,2,2,0,0,0,0,0,0,0.000,0.000,0.000,0.000,0,0,0,0,58.913,378.022,2,71.300,38.200,12,587,45.800,18.600,6,286,25.500,19.600,6,301,2,1,1,0.000
891,1979052068,1,0,1,2,341.000,333.100,0.400,6.700,17.400,5.800,0.000,0,24.700,0.000,0.000,4.900,105.600,57.300,47.700,0.000,0.000,0.000,2.400,0.000,0.000,0.000,0.000,0,0,0,0,0,0,0,0,0,0,0,0,0.000,0.000,0.000,0.000,0,0,0,0,57.309,369.936,0,16.700,60.400,12,587,9.100,29.900,6,286,7.600,30.500,6,301,0,0,0,0.000
892,1979052068,1,0,1,2,528.000,520.200,0.400,6.500,18.400,5.800,0.000,0,52.100,0.000,0.000,67.000,188.900,87.100,101.100,0.000,0.000,0.000,2.500,1.100,2.400,6.300,14.000,0,0,0,0,2,2,0,0,0,0,0,0,0.000,0.000,0.000,0.000,0,0,0,0,61.267,396.983,2,101.100,57.800,12,585,40.500,27.600,6,285,60.600,30.200,6,300,2,1,1,0.000
893,1979052068,1,0,1,2,352.900,344.400,0.400,7.200,17.400,5.800,0.000,0,25.300,0.000,0.000,4.300,105.700,56.700,48.400,0.000,0.000,0.000,2.200,0.000,0.000,0.000,0.000,0,0,0,0,0,0,0,0,0,0,0,0,0.000,0.000,0.000,0.000,0,0,0,0,59.671,387.518,0,17.300,59.500,12,585,9.400,28.800,6,285,7.900,30.700,6,300,0,0,0,0.000
894,1979052068,1,0,1,2,606.900,597.900,0.500,7.600,19.500,6.400,0.000,0,65.800,0.000,0.000,73.700,237.300,150.400,86.400,0.000,0.000,0.000,2.600,1.300,2.700,7.100,15.600,0,0,0,0,2,2,0,0,0,0,0,0,0.000,0.000,0.000,0.000,0,0,0,0,63.816,425.387,2,139.600,64.300,12,581,96.400,31.800,6,283,43.200,32.500,6,298,2,1,1,0.000
895,1979052068,1,0,1,2,424.700,416.500,0.400,6.900,17.800,5.800,0.000,0,86.800,0.000,0.000,4.700,104.300,57.000,46.700,0.000,0.000,0.000,2.500,0.000,0.000,0.000,0.000,0,0,0,0,2,2,0,0,0,0,0,0,0.000,0.000,0.000,0.000,0,0,0,0,63.579,423.787,0,16.900,60.000,12,581,8.900,30.600,6,283,8.000,29.400,6,298,0,0,0,0.000
896,1979052068,1,0,1,2,402.300,393.800,0.400,7.200,17.600,5.800,0.000,0,86.000,0.000,0.000,4.300,105.000,57.400,46.900,0.000,0.000,0.000,2.100,0.000,0.000,0.000,0.000,0,0,0,0,2,2,0,0,0,0,0,0,0.000,0.000,0.000,0.000,0,0,0,0,63.853,418.390,0,16.500,59.800,12,581,9.000,29.600,6,283,7.500,30.200,6,298,0,0,0,0.000
897,1979052068,1,0,1,2,415.300,407.300,0.400,6.500,18.600,6.100,0.000,0,24.300,0.000,0.000,66.800,115.400,58.000,56.800,0.000,0.000,0.000,2.200,1.100,2.600,6.200,14.000,0,0,0,0,0,0,0,0,0,0,0,0,0.000,0.000,0.000,0.000,0,0,0,0,63.808,416.394,0,26.000,59.500,12,581,8.900,29.300,6,283,17.100,30.200,6,298,0,0,0,0.000
898,1979052068,1,0,1,2,490.800,452.600,31.100,6.300,17.400,5.900,0.000,0,52.200,0.000,0.000,4.400,194.600,115.100,78.900,0.000,0.000,0.000,2.300,0.000,0.000,0.000,0.000,0,0,0,0,2,2,0,0,0,0,0,0,0.000,0.000,0.000,0.000,0,0,0,0,65.246,422.911,2,106.000,58.400,12,579,66.000,29.000,6,282,40.000,29.400,6,297,2,1,1,0.000
899,1979052068,1,0,1,2,438.200,429.800,0.400,7.100,17.500,7.300,0.000,0,88.300,0.000,0.000,4.400,103.600,56.300,46.700,0.000,0.000,0.000,2.100,0.000,0.000,0.000,0.000,0,0,0,0,2,2,0,0,0,0,0,0,0.000,0.000,0.000,0.000,0,0,0,0,65.022,424.151,0,17.200,57.400,12,579,9.500,28.100,6,282,7.700,29.300,6,297,0,0,0,0.000
900,1979052068,1,0,1,2,490.900,482.900,0.400,6.700,17.500,5.800,0.000,0,51.400,0.000,0.000,65.200,164.000,85.700,77.600,0.000,0.000,0.000,2.300,1.000,3.000,6.500,13.900,0,0,0,0,2,2,0,0,0,0,0,0,0.000,0.000,0.000,0.000,0,0,0,0,67.358,434.726,2,77.200,57.000,12,575,39.100,27.600,6,279,38.100,29.400,6,296,2,1,1,0.000
901,1979052068,1,0,1,2,337.300,329.800,0.400,6.300,15.800,5.200,0.000,0,22.000,0.000,0.000,4.000,98.200,53.600,44.100,0.000,0.000,0.000,1.800,0.000,0.000,0.000,0.000,0,0,0,0,0,0,0,0,0,0,0,0,0.000,0.000,0.000,0.000,0,0,0,0,63.838,415.839,0,15.700,55.800,12,575,8.400,28.000,6,279,7.300,27.800,6,296,0,0,0,0.000
902,1979052068,1,0,1,2,249.700,244.800,0.300,4.000,11.100,3.600,0.000,0,53.200,0.000,0.000,3.000,65.300,36.100,28.400,0.000,0.000,0.000,1.500,0.000,0.000,0.000,0.000,0,0,0,0,2,2,0,0,0,0,0,0,0.000,0.000,0.000,0.000,0,0,0,0,61.743,385.052,0,10.600,35.400,12,575,5.900,17.400,6,279,4.700,18.000,6,296,0,0,0,0.000
903,1979052068,1,0,1,2,484.000,476.000,0.400,6.700,15.800,5.200,0.000,0,51.100,0.000,0.000,59.100,174.500,82.000,92.000,0.000,0.000,0.000,2.100,1.000,2.100,5.900,12.900,0,0,0,0,2,2,0,0,0,0,0,0,0.000,0.000,0.000,0.000,0,0,0,0,62.563,401.423,2,92.000,54.500,12,575,37.700,26.500,6,278,54.300,28.000,6,297,2,1,1,0.000
904,1979052068,1,0,1,2,249.500,244.000,0.300,4.700,12.700,4.000,0.000,0,17.400,0.000,0.000,3.500,77.100,41.900,34.700,0.000,0.000,0.000,1.600,0.000,0.000,0.000,0.000,0,0,0,0,0,0,0,0,0,0,0,0,0.000,0.000,0.000,0.000,0,0,0,0,58.790,373.087,0,12.500,43.300,12,575,6.800,21.200,6,278,5.700,22.100,6,297,0,0,0,0.000
905,1979052068,1,0,1,2,453.300,445.100,0.400,7.000,17.500,5.800,0.000,0,86.800,0.000,0.000,4.600,153.700,104.400,48.700,0.000,0.000,0.000,2.300,0.000,0.000,0.000,0.000,0,0,0,0,2,2,0,0,0,0,0,0,0.000,0.000,0.000,0.000,0,0,0,0,59.764,386.049,0,17.100,59.200,12,575,9.000,29.000,6,278,8.100,30.200,6,297,0,0,0,0.000
906,1979052068,1,0,1,2,198.600,195.500,0.200,2.600,7.400,2.500,0.000,0,20.200,0.000,0.000,30.200,63.500,33.700,29.700,0.000,0.000,0.000,1.300,0.600,1.200,2.300,5.300,0,0,0,0,2,2,0,0,0,0,0,0,0.000,0.000,0.000,0.000,0,0,0,0,56.782,351.750,2,29.800,21.500,12,572,15.200,10.000,6,275,14.600,11.500,6,297,2,1,1,0.000
907,1979052068,1,0,1,2,235.400,229.900,0.300,4.700,12.200,3.800,0.000,0,16.500,0.000,0.000,2.900,72.500,39.600,32.400,0.000,0.000,0.000,1.400,0.000,0.000,0.000,0.000,0,0,0,0,0,0,0,0,0,0,0,0,0.000,0.000,0.000,0.000,0,0,0,0,53.509,329.817,0,12.000,40.200,12,572,6.500,19.800,6,275,5.500,20.400,6,297,0,0,0,0.000
908,1979052068,1,0,1,2,351.800,344.500,0.500,6.000,15.200,4.900,0.000,0,78.200,0.000,0.000,3.900,90.000,49.200,40.300,0.000,0.000,0.000,2.000,0.000,0.000,0.000,0.000,0,0,0,0,2,2,0,0,0,0,0,0,0.000,0.000,0.000,0.000,0,0,0,0,54.084,332.460,0,14.600,50.300,12,572,8.000,25.000,6,275,6.600,25.300,6,297,0,0,0,0.000
909,1979052068,1,0,1,2,553.200,544.400,0.400,7.500,19.400,6.800,0.000,0,56.400,0.000,0.000,88.800,179.100,93.900,84.500,0.000,0.000,0.000,3.500,1.200,3.400,8.100,22.900,0,0,0,0,2,2,0,0,0,0,0,0,0.000,0.000,0.000,0.000,0,0,0,0,58.731,370.609,2,83.900,62.500,12,569,42.100,30.700,6,273,41.800,31.800,6,296,2,1,1,0.000
910,1979052068,1,0,1,2,437.200,429.100,0.500,6.700,18.700,6.100,0.000,0,93.600,0.000,0.000,5.100,115.800,63.800,51.400,0.000,0.000,0.000,2.300,0.000,0.000,0.000,0.000,0,0,0,0,2,2,0,0,0,0,0,0,0.000,0.000,0.000,0.000,0,0,0,0,60.687,381.138,0,18.600,66.000,12,569,10.300,33.000,6,273,8.300,33.000,6,296,0,0,0,0.000
911,1979052068,1,0,1,2,492.100,484.100,0.400,6.800,17.600,5.800,0.000,0,50.900,0.000,0.000,64.500,168.700,89.600,78.600,0.000,0.000,0.000,2.200,1.100,2.500,6.500,13.900,0,0,0,0,2,2,0,0,0,0,0,0,0.000,0.000,0.000,0.000,0,0,0,0,62.903,399.671,2,78.700,60.100,12,570,39.900,30.200,6,273,38.800,29.900,6,297,2,1,1,0.000
912,1979052068,1,0,1,2,468.600,459.800,0.500,7.500,19.700,6.600,0.000,0,97.600,0.000,0.000,5.200,137.100,63.800,72.700,0.000,0.000,0.000,2.500,0.000,0.000,0.000,0.000,0,0,0,0,2,2,0,0,0,0,0,0,0.000,0.000,0.000,0.000,0,0,0,0,64.883,410.494,0,18.300,87.400,12,570,10.100,33.400,6,273,8.200,54.000,6,297,0,0,0,0.000
913,1979052068,1,0,1,2,528.000,519.400,0.400,7.300,19.300,6.100,0.000,0,54.700,0.000,0.000,68.900,180.200,95.500,84.000,0.000,0.000,0.000,2.400,1.500,2.900,6.800,14.900,0,0,0,0,2,2,0,0,0,0,0,0,0.000,0.000,0.000,0.000,0,0,0,0,66.650,430.097,2,84.900,63.500,12,570,43.900,31.200,6,274,41.000,32.300,6,296,2,1,1,0.000
914,1979052068,1,0,1,2,342.100,334.100,0.400,6.700,17.800,5.900,0.000,0,23.700,0.000,0.000,4.600,106.800,58.400,47.800,0.000,0.000,0.000,2.200,0.000,0.000,0.000,0.000,0,0,0,0,0,0,0,0,0,0,0,0,0.000,0.000,0.000,0.000,0,0,0,0,63.995,412.818,0,16.800,60.800,12,570,9.100,30.100,6,274,7.700,30.700,6,296,0,0,0,0.000
915,1979052068,1,0,1,2,436.200,427.200,0.500,7.600,18.700,6.200,0.000,0,94.600,0.000,0.000,4.700,113.200,61.300,51.300,0.000,0.000,0.000,2.300,0.000,0.000,0.000,0.000,0,0,0,0,2,2,0,0,0,0,0,0,0.000,0.000,0.000,0.000,0,0,0,0,64.482,415.406,0,18.000,64.300,12,570,9.800,31.700,6,274,8.200,32.600,6,296,0,0,0,0.000
916,1979052068,1,0,1,2,466.700,459.200,0.400,6.200,17.400,5.700,0.000,0,46.700,0.000,0.000,68.800,155.200,80.700,73.900,0.000,0.000,0.000,2.300,1.100,2.500,6.000,19.600,0,0,0,0,2,2,0,0,0,0,0,0,0.000,0.000,0.000,0.000,0,0,0,0,66.195,423.289,2,73.700,53.400,12,572,37.200,25.400,6,275,36.500,28.000,6,297,2,1,1,0.000
917,1979052068,1,0,1,2,196.700,192.600,0.300,3.500,27.900,3.000,0.000,0,12.500,0.000,0.000,2.600,55.300,30.400,24.600,0.000,0.000,0.000,1.300,0.000,0.000,0.000,0.000,0,0,0,0,0,0,0,0,0,0,0,0,0.000,0.000,0.000,0.000,0,0,0,0,60.076,381.765,0,9.100,30.500,12,572,4.900,14.900,6,275,4.200,15.600,6,297,0,0,0,0.000
918,1979052068,1,0,1,2,349.900,345.000,0.300,4.100,17.600,5.600,0.000,0,52.800,0.000,0.000,4.300,105.200,57.300,47.300,0.000,0.000,0.000,2.200,0.000,0.000,0.000,0.000,0,0,0,0,2,2,0,0,0,0,0,0,0.000,0.000,0.000,0.000,0,0,0,0,57.092,375.147,0,16.900,60.000,12,572,9.200,29.600,6,275,7.700,30.400,6,297,0,0,0,0.000
919,1979052068,1,0,1,2,453.400,447.600,0.300,4.900,18.800,4.300,0.000,0,36.900,0.000,0.000,70.100,178.100,120.500,57.100,0.000,0.000,0.000,2.600,1.100,2.700,6.500,14.900,0,0,0,0,2,2,0,0,0,0,0,0,0.000,0.000,0.000,0.000,0,0,0,0,61.018,388.189,2,94.700,52.200,12,573,66.000,30.800,6,276,28.700,21.400,6,297,2,1,1,0.000
920,1979052068,1,0,1,2,213.000,208.200,0.300,4.000,11.500,3.700,0.000,0,14.700,0.000,0.000,3.000,65.700,36.100,29.200,0.000,0.000,0.000,1.400,0.000,0.000,0.000,0.000,0,0,0,0,0,0,0,0,0,0,0,0,0.000,0.000,0.000,0.000,0,0,0,0,56.875,355.791,0,10.700,36.700,12,573,5.900,18.200,6,276,4.800,18.500,6,297,0,0,0,0.000
921,1979052068,1,0,1,2,566.900,559.000,0.400,6.600,20.000,5.800,0.000,0,50.900,0.000,0.000,72.800,228.200,141.600,86.000,0.000,0.000,0.000,2.500,1.100,2.900,6.900,15.300,0,0,0,0,2,2,0,0,0,0,0,0,0.000,0.000,0.000,0.000,0,0,0,0,61.199,392.369,2,87.100,109.500,12,575,44.100,76.800,6,278,43.000,32.700,6,297,2,1,1,0.000
922,1979052068,1,0,1,2,444.900,436.500,0.500,6.900,19.500,6.300,0.000,0,101.700,0.000,0.000,5.200,114.200,62.300,51.300,0.000,0.000,0.000,2.400,0.000,0.000,0.000,0.000,0,0,0,0,2,2,0,0,0,0,0,0,0.000,0.000,0.000,0.000,0,0,0,0,62.225,400.312,0,18.600,65.100,12,575,10.500,32.500,6,278,8.100,32.600,6,297,0,0,0,0.000
923,1979052068,1,0,1,2,421.300,413.300,0.500,6.600,18.200,6.000,0.000,0,23.200,0.000,0.000,83.300,106.400,58.500,47.500,0.000,0.000,0.000,2.400,0.900,2.500,6.200,31.900,0,0,0,0,0,0,0,0,0,0,0,0,0.000,0.000,0.000,0.000,0,0,0,0,60.637,402.650,0,16.700,60.600,12,575,8.900,30.400,6,278,7.800,30.200,6,297,0,0,0,0.000
924,1979052068,1,0,1,2,456.300,448.000,0.400,7.000,17.600,5.800,0.000,0,52.100,0.000,0.000,4.500,192.100,112.800,78.800,0.000,0.000,0.000,2.200,0.000,0.000,0.000,0.000,0,0,0,0,2,2,0,0,0,0,0,0,0.000,0.000,0.000,0.000,0,0,0,0,62.088,410.813,2,105.300,57.000,12,579,65.100,28.300,6,281,40.200,28.700,6,298,2,1,1,0.000
925,1979052068,1,0,1,2,451.900,444.100,0.300,6.500,18.900,6.000,0.000,0,23.300,0.000,0.000,103.300,112.700,65.600,46.500,0.000,0.000,0.000,2.700,1.100,2.700,7.000,46.500,0,0,0,0,0,0,0,0,0,0,0,0,0.000,0.000,0.000,0.000,0,0,0,0,61.820,416.805,0,24.700,58.400,12,579,17.100,29.200,6,281,7.600,29.200,6,298,0,0,0,0.000
926,1979052068,1,0,1,2,530.000,521.400,0.400,7.300,19.200,6.200,0.000,0,56.600,0.000,0.000,4.900,213.800,127.100,86.000,0.000,0.000,0.000,2.400,0.000,0.000,0.000,0.000,0,0,0,0,2,2,0,0,0,0,0,0,0.000,0.000,0.000,0.000,0,0,0,0,64.013,435.632,2,116.300,64.500,12,579,73.900,31.300,6,282,42.400,33.200,6,297,2,1,1,0.000
927,1979052068,1,0,1,2,313.600,307.300,0.600,5.000,12.700,4.200,0.000,0,36.700,0.000,0.000,48.300,77.200,42.400,34.400,0.000,0.000,0.000,1.700,0.700,1.900,4.700,10.100,0,0,0,0,2,2,0,0,0,0,0,0,0.000,0.000,0.000,0.000,0,0,0,0,61.904,412.532,0,12.100,43.500,12,579,6.500,21.500,6,282,5.600,22.000,6,297,0,0,0,0.000
928,1979052068,1,0,1,2,435.500,427.100,0.400,7.100,19.600,6.000,0.000,0,95.700,0.000,0.000,5.100,114.500,62.200,51.700,0.000,0.000,0.000,2.500,0.000,0.000,0.000,0.000,0,0,0,0,2,2,0,0,0,0,0,0,0.000,0.000,0.000,0.000,0,0,0,0,63.020,415.154,0,18.200,65.600,12,579,9.800,32.900,6,282,8.400,32.700,6,297,0,0,0,0.000
929,1979052068,1,0,1,2,510.200,502.200,0.400,6.800,17.500,5.900,0.000,0,50.700,0.000,0.000,66.100,168.300,88.300,79.300,0.000,0.000,0.000,2.300,1.000,2.900,6.500,13.800,0,0,0,0,2,2,0,0,0,0,0,0,0.000,0.000,0.000,0.000,0,0,0,0,65.068,430.823,2,79.700,58.800,12,581,41.000,28.700,6,283,38.700,30.100,6,298,2,1,1,0.000
930,1979052068,1,0,1,2,435.200,427.100,0.500,6.800,19.000,6.500,0.000,0,93.900,0.000,0.000,4.800,112.800,61.300,50.900,0.000,0.000,0.000,2.400,0.000,0.000,0.000,0.000,0,0,0,0,2,2,0,0,0,0,0,0,0.000,0.000,0.000,0.000,0,0,0,0,69.664,430.152,0,18.400,63.900,12,581,10.200,31.500,6,283,8.200,32.400,6,298,0,0,0,0.000
931,1979052068,1,0,1,2,406.700,398.300,0.500,7.000,19.200,6.400,0.000,0,25.600,0.000,0.000,5.100,151.000,99.400,51.000,0.000,0.000,0.000,2.600,0.000,0.000,0.000,0.000,0,0,0,0,0,0,0,0,0,0,0,0,0.000,0.000,0.000,0.000,0,0,0,0,67.168,424.419,0,54.600,64.700,12,581,46.400,32.400,6,283,8.200,32.300,6,298,0,0,0,0.000
932,1979052068,1,0,1,2,568.900,560.200,0.500,7.200,19.300,7.300,0.000,0,55.700,0.000,0.000,89.000,190.800,103.900,86.300,0.000,0.000,0.000,3.300,1.300,3.300,8.300,18.700,0,0,0,0,2,2,0,0,0,0,0,0,0.000,0.000,0.000,0.000,0,0,0,0,69.226,448.860,2,91.700,64.600,12,581,49.400,31.100,6,284,42.300,33.500,6,297,2,1,1,0.000
933,1979052068,1,0,1,2,396.700,388.300,0.500,7.000,19.200,6.600,0.000,0,28.300,0.000,0.000,5.000,119.800,66.300,52.900,0.000,0.000,0.000,2.500,0.000,0.000,0.000,0.000,0,0,0,0,0,0,0,0,0,0,0,0,0.000,0.000,0.000,0.000,0,0,0,0,66.737,437.959,0,19.100,65.600,12,581,10.400,31.900,6,284,8.700,33.700,6,297,0,0,0,0.000
934,1979052068,1,0,1,2,448.600,439.700,0.600,7.500,17.500,6.500,0.000,0,97.500,0.000,0.000,4.600,123.900,58.400,64.900,0.000,0.000,0.000,2.200,0.000,0.000,0.000,0.000,0,0,0,0,2,2,0,0,0,0,0,0,0.000,0.000,0.000,0.000,0,0,0,0,66.965,438.272,0,19.600,69.000,12,581,9.500,30.100,6,284,10.100,38.900,6,297,0,0,0,0.000
935,1979052068,1,0,1,2,548.600,540.100,0.500,7.000,19.100,6.500,0.000,0,55.600,0.000,0.000,86.900,182.800,95.500,86.700,0.000,0.000,0.000,2.500,1.100,2.500,6.800,33.800,0,0,0,0,2,2,0,0,0,0,0,0,0.000,0.000,0.000,0.000,0,0,0,0,68.411,456.601,2,86.900,64.500,12,583,44.300,31.100,6,285,42.600,33.400,6,298,2,1,1,0.000
936,1979052068,1,0,1,2,406.400,398.100,0.500,6.800,18.100,5.800,0.000,0,86.300,0.000,0.000,4.900,106.500,58.300,47.600,0.000,0.000,0.000,2.700,0.000,0.000,0.000,0.000,0,0,0,0,2,2,0,0,0,0,0,0,0.000,0.000,0.000,0.000,0,0,0,0,68.427,446.071,0,17.100,60.600,12,583,9.300,30.600,6,285,7.800,30.000,6,298,0,0,0,0.000
937,1979052068,1,0,1,2,406.100,397.900,0.500,6.800,17.800,6.200,0.000,0,87.900,0.000,0.000,4.600,107.000,58.300,48.200,0.000,0.000,0.000,2.300,0.000,0.000,0.000,0.000,0,0,0,0,2,2,0,0,0,0,0,0,0.000,0.000,0.000,0.000,0,0,0,0,67.414,437.400,0,17.100,61.500,12,583,9.600,30.200,6,285,7.500,31.300,6,298,0,0,0,0.000
938,1979052068,1,0,1,2,525.900,518.100,0.400,6.500,19.400,6.600,0.000,0,50.900,0.000,0.000,69.600,181.300,94.300,86.200,0.000,0.000,0.000,2.500,1.100,2.700,6.800,15.200,0,0,0,0,2,2,0,0,0,0,0,0,0.000,0.000,0.000,0.000,0,0,0,0,67.934,451.926,2,85.800,64.400,12,585,43.100,31.100,6,285,42.700,33.300,6,300,2,1,1,0.000
939,1979052068,1,0,1,2,389.900,381.800,0.500,6.700,19.600,6.000,0.000,0,24.600,0.000,0.000,5.000,136.300,83.300,52.400,0.000,0.000,0.000,2.500,0.000,0.000,0.000,0.000,0,0,0,0,0,0,0,0,0,0,0,0,0.000,0.000,0.000,0.000,0,0,0,0,66.794,439.303,0,19.000,86.300,12,585,10.200,52.700,6,285,8.800,33.600,6,300,0,0,0,0.000
940,1979052068,1,0,1,2,598.300,589.700,0.500,7.300,19.400,6.400,0.000,0,54.400,0.000,0.000,130.900,184.300,97.400,86.300,0.000,0.000,0.000,2.700,1.100,2.600,58.700,15.300,0,0,0,0,2,2,0,0,0,0,0,0,0.000,0.000,0.000,0.000,0,0,0,0,69.117,466.375,2,86.300,65.100,12,585,43.600,32.300,6,284,42.700,32.800,6,301,2,1,1,0.000
941,1979052068,1,0,1,2,342.600,335.000,0.400,6.400,17.500,5.800,0.000,0,23.800,0.000,0.000,4.600,108.100,59.300,48.200,0.000,0.000,0.000,2.100,0.000,0.000,0.000,0.000,0,0,0,0,0,0,0,0,0,0,0,0,0.000,0.000,0.000,0.000,0,0,0,0,65.568,442.727,0,17.000,62.200,12,585,9.200,31.100,6,284,7.800,31.100,6,301,0,0,0,0.000
942,1979052068,1,0,1,2,521.500,513.700,0.400,6.600,18.100,5.900,0.000,0,50.500,0.000,0.000,64.000,170.500,88.900,81.000,0.000,0.000,0.000,2.300,1.000,2.800,6.400,14.000,0,0,0,0,2,2,0,0,0,0,0,0,0.000,0.000,0.000,0.000,0,0,0,0,67.518,455.502,2,81.300,58.900,12,589,41.300,28.200,6,286,40.000,30.700,6,303,2,1,1,0.000
943,1979052068,1,0,1,2,366.900,358.300,0.400,7.200,19.000,6.200,0.000,0,25.500,0.000,0.000,4.900,114.300,61.900,51.700,0.000,0.000,0.000,2.500,0.000,0.000,0.000,0.000,0,0,0,0,0,0,0,0,0,0,0,0,0.000,0.000,0.000,0.000,0,0,0,0,65.228,438.006,0,18.000,65.600,12,589,9.800,32.200,6,286,8.200,33.400,6,303,0,0,0,0.000
944,1979052068,1,0,1,2,438.500,429.800,0.500,7.300,19.500,6.300,0.000,0,93.200,0.000,0.000,4.800,116.300,63.900,51.700,0.000,0.000,0.000,2.400,0.000,0.000,0.000,0.000,0,0,0,0,2,2,0,0,0,0,0,0,0.000,0.000,0.000,0.000,0,0,0,0,68.445,436.529,0,18.600,67.200,12,589,10.500,33.900,6,286,8.100,33.300,6,303,0,0,0,0.000
945,1979052068,1,0,1,2,438.000,429.700,0.400,7.000,19.200,6.300,0.000,0,25.400,0.000,0.000,70.900,116.200,63.600,51.900,0.000,0.000,0.000,2.600,1.100,3.300,6.900,14.800,0,0,0,0,0,0,0,0,0,0,0,0,0.000,0.000,0.000,0.000,0,0,0,0,70.021,435.300,0,18.400,66.300,12,589,10.000,32.900,6,286,8.400,33.400,6,303,0,0,0,0.000
946,1979052068,1,0,1,2,529.200,520.800,0.400,7.000,18.800,6.300,0.000,0,55.800,0.000,0.000,5.200,234.600,146.000,88.000,0.000,0.000,0.000,2.300,0.000,0.000,0.000,0.000,0,0,0,0,2,2,0,0,0,0,0,0,0.000,0.000,0.000,0.000,0,0,0,0,72.051,450.690,2,116.200,86.100,12,591,72.200,53.000,6,287,44.000,33.100,6,304,2,1,1,0.000
947,1979052068,1,0,1,2,406.800,399.000,0.400,6.600,18.200,5.800,0.000,0,23.800,0.000,0.000,67.100,107.200,58.900,47.800,0.000,0.000,0.000,2.300,1.400,2.800,6.300,14.300,0,0,0,0,0,0,0,0,0,0,0,0,0.000,0.000,0.000,0.000,0,0,0,0,69.432,441.386,0,17.000,60.700,12,591,9.400,30.000,6,287,7.600,30.700,6,304,0,0,0,0.000
948,1979052068,1,0,1,2,475.100,434.500,33.300,6.400,17.500,5.900,0.000,0,84.700,0.000,0.000,4.400,105.900,57.600,47.700,0.000,0.000,0.000,2.200,0.000,0.000,0.000,0.000,0,0,0,0,2,2,0,0,0,0,0,0,0.000,0.000,0.000,0.000,0,0,0,0,68.868,440.146,0,16.800,60.200,12,591,9.200,29.400,6,287,7.600,30.800,6,304,0,0,0,0.000
949,1979052068,1,0,1,2,555.800,547.200,0.400,7.300,19.100,6.100,0.000,0,55.000,0.000,0.000,68.000,206.500,118.500,87.300,0.000,0.000,0.000,2.400,1.100,2.600,6.600,15.600,0,0,0,0,2,2,0,0,0,0,0,0,0.000,0.000,0.000,0.000,0,0,0,0,70.458,459.416,2,87.500,65.400,12,594,43.900,32.500,6,288,43.600,32.900,6,306,2,1,1,0.000
950,1979052068,1,0,1,2,261.000,255.700,0.300,4.500,11.700,3.900,0.000,0,52.000,0.000,0.000,3.000,71.000,39.100,31.400,0.000,0.000,0.000,1.500,0.000,0.000,0.000,0.000,0,0,0,0,2,2,0,0,0,0,0,0,0.000,0.000,0.000,0.000,0,0,0,0,66.020,422.747,0,11.300,40.500,12,594,6.100,20.400,6,288,5.200,20.100,6,306,0,0,0,0.000
951,1979052068,1,0,1,2,338.100,330.500,0.400,6.400,16.300,5.500,0.000,0,22.100,0.000,0.000,4.300,100.000,55.000,44.500,0.000,0.000,0.000,2.000,0.000,0.000,0.000,0.000,0,0,0,0,0,0,0,0,0,0,0,0,0.000,0.000,0.000,0.000,0,0,0,0,63.028,406.143,0,15.700,56.800,12,594,8.400,28.400,6,288,7.300,28.400,6,306,0,0,0,0.000
952,1979052068,1,0,1,2,571.800,563.800,0.500,6.600,17.700,5.800,0.000,0,51.300,0.000,0.000,64.200,246.200,163.700,82.000,0.000,0.000,0.000,2.200,1.000,2.700,6.600,13.800,0,0,0,0,2,2,0,0,0,0,0,0,0.000,0.000,0.000,0.000,0,0,0,0,64.553,434.521,2,81.900,133.400,12,594,41.100,102.600,6,288,40.800,30.800,6,306,2,1,1,0.000
953,1979052068,1,0,1,2,487.800,479.700,0.400,6.800,17.800,5.700,0.000,0,88.100,0.000,0.000,4.900,184.100,136.500,46.900,0.000,0.000,0.000,2.400,0.000,0.000,0.000,0.000,0,0,0,0,2,2,0,0,0,0,0,0,0.000,0.000,0.000,0.000,0,0,0,0,66.433,442.653,0,92.700,61.000,12,594,85.100,31.400,6,288,7.600,29.600,6,306,0,0,0,0.000
954,1979052068,1,0,1,2,430.900,423.800,0.400,5.900,15.400,5.000,0.000,0,43.500,0.000,0.000,57.300,148.300,78.900,68.800,0.000,0.000,0.000,2.200,0.900,2.100,5.500,12.200,0,0,0,0,2,2,0,0,0,0,0,0,0.000,0.000,0.000,0.000,0,0,0,0,66.211,439.260,2,69.500,52.400,12,594,35.700,26.000,6,289,33.800,26.400,6,305,2,1,1,0.000
955,1979052068,1,0,1,2,418.400,410.500,0.500,6.500,17.500,5.400,0.000,0,87.900,0.000,0.000,4.000,105.800,58.700,46.500,0.000,0.000,0.000,1.900,0.000,0.000,0.000,0.000,0,0,0,0,2,2,0,0,0,0,0,0,0.000,0.000,0.000,0.000,0,0,0,0,66.137,434.083,0,17.500,59.600,12,594,9.700,31.000,6,289,7.800,28.600,6,305,0,0,0,0.000
956,1979052068,1,0,1,2,251.200,245.600,0.300,4.600,13.400,4.300,0.000,0,17.700,0.000,0.000,3.400,79.500,44.400,34.700,0.000,0.000,0.000,1.700,0.000,0.000,0.000,0.000,0,0,0,0,0,0,0,0,0,0,0,0,0.000,0.000,0.000,0.000,0,0,0,0,62.027,400.156,0,12.600,45.300,12,594,7.000,23.100,6,289,5.600,22.200,6,305,0,0,0,0.000
957,1979052068,1,0,1,2,391.900,385.900,0.300,5.000,13.400,4.100,0.000,0,38.700,0.000,0.000,53.600,141.400,67.700,73.100,0.000,0.000,0.000,2.000,0.800,2.000,4.500,9.900,0,0,0,0,2,2,0,0,0,0,0,0,0.000,0.000,0.000,0.000,0,0,0,0,62.454,397.590,2,74.000,44.300,12,595,30.600,22.100,6,291,43.400,22.200,6,304,2,1,1,0.000
958,1979052068,1,0,1,2,280.800,274.400,0.300,5.400,14.300,5.200,0.000,0,19.300,0.000,0.000,3.700,89.000,48.800,39.600,0.000,0.000,0.000,1.800,0.000,0.000,0.000,0.000,0,0,0,0,0,0,0,0,0,0,0,0,0.000,0.000,0.000,0.000,0,0,0,0,59.024,375.416,0,14.500,50.900,12,595,7.900,25.600,6,291,6.600,25.300,6,304,0,0,0,0.000
959,1979052068,1,0,1,2,489.100,481.300,0.400,6.500,17.800,5.800,0.000,0,49.700,0.000,0.000,65.000,168.900,88.700,79.700,0.000,0.000,0.000,2.300,1.300,2.500,6.300,14.500,0,0,0,0,2,2,0,0,0,0,0,0,0.000,0.000,0.000,0.000,0,0,0,0,61.576,394.475,2,80.300,59.700,12,595,41.100,29.200,6,291,39.200,30.500,6,304,2,1,1,0.000
960,1979052068,1,0,1,2,426.800,418.400,0.500,6.900,18.100,5.700,0.000,0,86.500,0.000,0.000,4.800,108.100,59.100,48.400,0.000,0.000,0.000,2.200,0.000,0.000,0.000,0.000,0,0,0,0,2,2,0,0,0,0,0,0,0.000,0.000,0.000,0.000,0,0,0,0,62.714,398.781,0,17.200,62.800,12,595,9.100,32.100,6,291,8.100,30.700,6,304,0,0,0,0.000
961,1979052068,1,0,1,2,511.800,503.600,0.400,6.700,17.700,5.800,0.000,0,51.100,0.000,0.000,64.200,189.400,108.800,80.000,0.000,0.000,0.000,2.300,1.000,2.700,6.200,13.900,0,0,0,0,2,2,0,0,0,0,0,0,0.000,0.000,0.000,0.000,0,0,0,0,64.692,417.649,2,98.300,61.400,12,596,58.500,31.000,6,292,39.800,30.400,6,304,2,1,1,0.000
962,1979052068,1,0,1,2,343.100,335.100,0.400,6.800,17.900,5.800,0.000,0,23.500,0.000,0.000,4.500,108.000,59.900,47.600,0.000,0.000,0.000,2.100,0.000,0.000,0.000,0.000,0,0,0,0,0,0,0,0,0,0,0,0,0.000,0.000,0.000,0.000,0,0,0,0,62.389,402.790,0,16.400,62.600,12,596,9.000,32.300,6,292,7.400,30.300,6,304,0,0,0,0.000
963,1979052068,1,0,1,2,333.400,326.600,0.400,5.700,14.200,4.700,0.000,0,72.500,0.000,0.000,3.600,88.000,49.400,38.100,0.000,0.000,0.000,1.700,0.000,0.000,0.000,0.000,0,0,0,0,2,2,0,0,0,0,0,0,0.000,0.000,0.000,0.000,0,0,0,0,60.789,389.076,0,14.100,50.200,12,596,7.800,26.000,6,292,6.300,24.200,6,304,0,0,0,0.000
964,1979052068,1,0,1,2,384.100,376.700,0.400,6.200,16.900,5.400,0.000,0,22.100,0.000,0.000,59.600,107.800,63.100,44.100,0.000,0.000,0.000,2.500,0.900,2.400,5.800,12.900,0,0,0,0,0,0,0,0,0,0,0,0,0.000,0.000,0.000,0.000,0,0,0,0,63.959,386.848,0,15.900,61.600,12,596,8.600,33.800,6,292,7.300,27.800,6,304,0,0,0,0.000
965,1979052068,1,0,1,2,487.700,479.400,0.400,7.100,17.700,5.900,0.000,0,53.200,0.000,0.000,4.600,219.900,119.900,99.500,0.000,0.000,0.000,2.200,0.000,0.000,0.000,0.000,0,0,0,0,2,2,0,0,0,0,0,0,0.000,0.000,0.000,0.000,0,0,0,0,65.496,403.507,2,109.900,79.500,12,597,69.900,30.200,6,294,40.000,49.300,6,303,2,1,1,0.000
966,1979052068,1,0,1,2,333.600,327.000,0.500,5.400,14.600,4.900,0.000,0,72.500,0.000,0.000,3.900,87.500,48.600,38.400,0.000,0.000,0.000,2.000,0.000,0.000,0.000,0.000,0,0,0,0,2,2,0,0,0,0,0,0,0.000,0.000,0.000,0.000,0,0,0,0,63.805,389.736,0,13.900,49.800,12,597,7.500,25.400,6,294,6.400,24.400,6,303,0,0,0,0.000
967,1979052068,1,0,1,2,345.100,338.400,0.500,5.600,14.700,4.700,0.000,0,19.000,0.000,0.000,53.500,101.700,48.300,52.900,0.000,0.000,0.000,1.800,0.900,2.000,5.300,11.200,0,0,0,0,0,0,0,0,0,0,0,0,0.000,0.000,0.000,0.000,0,0,0,0,60.906,380.496,0,13.800,63.200,12,597,7.300,25.100,6,294,6.500,38.100,6,303,0,0,0,0.000
968,1979052068,1,0,1,2,338.400,332.900,0.300,4.500,13.200,4.500,0.000,0,45.000,0.000,0.000,3.400,142.400,87.000,55.000,0.000,0.000,0.000,1.800,0.000,0.000,0.000,0.000,0,0,0,0,2,2,0,0,0,0,0,0,0.000,0.000,0.000,0.000,0,0,0,0,60.437,371.928,2,79.200,41.400,12,599,51.500,20.800,6,296,27.700,20.600,6,303,2,1,1,0.000
969,1979052068,1,0,1,2,262.100,256.800,0.200,4.400,11.500,3.800,0.000,0,52.200,0.000,0.000,3.200,70.600,38.900,31.300,0.000,0.000,0.000,1.500,0.000,0.000,0.000,0.000,0,0,0,0,2,2,0,0,0,0,0,0,0.000,0.000,0.000,0.000,0,0,0,0,58.072,351.205,0,11.500,39.900,12,599,6.400,19.900,6,296,5.100,20.000,6,303,0,0,0,0.000
970,1979052068,1,0,1,2,235.500,231.100,0.300,3.700,10.000,3.400,0.000,0,13.400,0.000,0.000,39.600,62.300,34.400,27.500,0.000,0.000,0.000,1.300,0.600,1.500,3.500,7.800,0,0,0,0,0,0,0,0,0,0,0,0,0.000,0.000,0.000,0.000,0,0,0,0,54.621,329.586,0,9.800,34.900,12,599,5.200,17.200,6,296,4.600,17.700,6,303,0,0,0,0.000
971,1979052068,1,0,1,2,344.400,338.500,0.600,4.700,15.300,4.200,0.000,0,35.900,0.000,0.000,4.200,151.300,95.800,54.900,0.000,0.000,0.000,2.200,0.000,0.000,0.000,0.000,0,0,0,0,2,2,0,0,0,0,0,0,0.000,0.000,0.000,0.000,0,0,0,0,56.220,331.191,2,85.400,44.900,12,600,57.900,24.000,6,296,27.500,20.900,6,304,2,1,1,0.000
972,1979052068,1,0,1,2,488.900,480.100,0.500,7.300,18.800,6.100,0.000,0,54.700,0.000,0.000,67.100,116.000,63.900,51.500,0.000,0.000,0.000,2.400,1.100,2.500,6.700,13.600,0,0,0,0,2,2,0,0,0,0,0,0,0.000,0.000,0.000,0.000,0,0,0,0,58.682,357.994,0,18.300,66.400,12,600,10.100,33.300,6,296,8.200,33.100,6,304,0,0,0,0.000
973,1979052068,1,0,1,2,477.200,469.400,0.400,6.600,19.100,5.900,0.000,0,51.900,0.000,0.000,4.500,203.100,120.900,81.600,0.000,0.000,0.000,2.400,0.000,0.000,0.000,0.000,0,0,0,0,2,2,0,0,0,0,0,0,0.000,0.000,0.000,0.000,0,0,0,0,62.051,378.047,2,111.300,60.800,12,602,70.500,30.200,6,297,40.800,30.600,6,305,2,1,1,0.000
974,1979052068,1,0,1,2,427.400,419.400,0.500,6.600,17.600,6.000,0.000,0,50.300,0.000,0.000,61.400,106.600,57.900,48.100,0.000,0.000,0.000,2.300,1.000,2.500,6.300,12.300,0,0,0,0,2,2,0,0,0,0,0,0,0.000,0.000,0.000,0.000,0,0,0,0,62.960,385.491,0,17.000,61.000,12,602,9.200,30.200,6,297,7.800,30.800,6,305,0,0,0,0.000
975,1979052068,1,0,1,2,428.800,420.200,0.600,7.100,26.800,5.700,0.000,0,86.700,0.000,0.000,4.600,108.800,60.700,47.500,0.000,0.000,0.000,2.200,0.000,0.000,0.000,0.000,0,0,0,0,2,2,0,0,0,0,0,0,0.000,0.000,0.000,0.000,0,0,0,0,69.213,391.739,0,17.300,62.600,12,602,9.800,32.200,6,297,7.500,30.400,6,305,0,0,0,0.000
976,1979052068,1,0,1,2,382.000,373.600,0.400,7.200,17.900,5.900,0.000,0,24.700,0.000,0.000,4.900,110.200,61.000,48.600,0.000,0.000,0.000,2.500,0.000,0.000,0.000,0.000,0,0,0,0,0,0,0,0,0,0,0,0,0.000,0.000,0.000,0.000,0,0,0,0,66.763,388.474,0,17.700,63.300,12,602,9.600,32.800,6,297,8.100,30.500,6,305,0,0,0,0.000
977,1979052068,1,0,1,2,425.400,419.000,0.300,5.400,14.500,4.800,0.000,0,41.500,0.000,0.000,52.800,161.200,95.900,64.800,0.000,0.000,0.000,1.800,1.100,2.000,5.100,10.100,0,0,0,0,2,2,0,0,0,0,0,0,0.000,0.000,0.000,0.000,0,0,0,0,66.032,393.968,2,67.300,48.200,12,603,34.300,24.900,6,298,33.000,23.300,6,305,2,1,1,0.000
978,1979052068,1,0,1,2,249.100,243.400,0.300,4.800,12.500,4.300,0.000,0,17.400,0.000,0.000,3.200,78.100,44.100,33.500,0.000,0.000,0.000,1.600,0.000,0.000,0.000,0.000,0,0,0,0,0,0,0,0,0,0,0,0,0.000,0.000,0.000,0.000,0,0,0,0,61.526,366.866,0,12.200,44.300,12,603,6.600,23.300,6,298,5.600,21.000,6,305,0,0,0,0.000
979,1979052068,1,0,1,2,530.800,523.000,0.400,6.700,19.000,5.900,0.000,0,51.100,0.000,0.000,70.800,183.600,103.500,79.500,0.000,0.000,0.000,2.800,1.100,3.100,6.900,12.900,0,0,0,0,2,2,0,0,0,0,0,0,0.000,0.000,0.000,0.000,0,0,0,0,66.093,394.970,2,92.100,61.500,12,602,52.900,31.000,6,298,39.200,30.500,6,304,2,1,1,0.000
980,1979052068,1,0,1,2,238.500,233.000,0.300,4.600,12.400,4.300,0.000,0,16.400,0.000,0.000,3.100,75.900,42.300,33.200,0.000,0.000,0.000,1.500,0.000,0.000,0.000,0.000,0,0,0,0,0,0,0,0,0,0,0,0,0.000,0.000,0.000,0.000,0,0,0,0,60.892,365.816,0,11.500,43.900,12,602,6.300,22.600,6,298,5.200,21.300,6,304,0,0,0,0.000
981,1979052068,1,0,1,2,244.000,239.200,0.300,4.000,10.800,4.000,0.000,0,49.700,0.000,0.000,2.800,66.100,37.200,28.400,0.000,0.000,0.000,1.500,0.000,0.000,0.000,0.000,0,0,0,0,2,2,0,0,0,0,0,0,0.000,0.000,0.000,0.000,0,0,0,0,57.834,343.025,0,10.200,38.000,12,602,5.500,19.600,6,298,4.700,18.400,6,304,0,0,0,0.000
982,1979052068,1,0,1,2,313.700,308.900,0.300,4.000,10.900,3.900,0.000,0,31.700,0.000,0.000,42.000,109.000,58.500,50.000,0.000,0.000,0.000,1.300,0.700,1.600,3.900,7.700,0,0,0,0,2,2,0,0,0,0,0,0,0.000,0.000,0.000,0.000,0,0,0,0,56.352,336.882,2,51.900,37.500,12,605,26.600,19.000,6,299,25.300,18.500,6,306,2,1,1,0.000
983,1979052068,1,0,1,2,248.900,244.200,0.300,4.000,10.700,3.700,0.000,0,55.200,0.000,0.000,2.800,65.400,36.900,28.200,0.000,0.000,0.000,1.400,0.000,0.000,0.000,0.000,0,0,0,0,2,2,0,0,0,0,0,0,0.000,0.000,0.000,0.000,0,0,0,0,54.218,320.199,0,10.100,37.100,12,605,5.500,19.100,6,299,4.600,18.000,6,306,0,0,0,0.000
984,1979052068,1,0,1,2,378.300,371.000,0.500,6.000,16.400,5.400,0.000,0,81.300,0.000,0.000,4.500,99.100,55.700,42.600,0.000,0.000,0.000,2.400,0.000,0.000,0.000,0.000,0,0,0,0,2,2,0,0,0,0,0,0,0.000,0.000,0.000,0.000,0,0,0,0,55.655,329.344,0,15.500,56.500,12,605,8.500,29.800,6,299,7.000,26.700,6,306,0,0,0,0.000
985,1979052068,1,0,1,2,403.000,395.600,0.400,6.300,20.700,5.600,0.000,0,21.700,0.000,0.000,76.300,101.100,57.000,43.500,0.000,0.000,0.000,3.000,1.400,2.900,7.500,15.700,0,0,0,0,0,0,0,0,0,0,0,0,0.000,0.000,0.000,0.000,0,0,0,0,56.653,341.270,0,16.300,56.800,12,605,8.900,29.700,6,299,7.400,27.100,6,306,0,0,0,0.000
986,1979052068,1,0,1,2,497.800,489.900,0.400,6.700,18.700,5.700,0.000,0,52.600,0.000,0.000,4.900,229.400,138.400,90.500,0.000,0.000,0.000,2.500,0.000,0.000,0.000,0.000,0,0,0,0,2,2,0,0,0,0,0,0,0.000,0.000,0.000,0.000,0,0,0,0,62.746,368.023,2,127.700,65.700,12,605,83.900,33.400,6,299,43.800,32.300,6,306,2,1,1,0.000
987,1979052068,1,0,1,2,418.700,410.900,0.400,6.400,17.700,5.700,0.000,0,24.200,0.000,0.000,62.200,124.400,76.200,47.600,0.000,0.000,0.000,2.400,1.000,2.400,6.100,12.000,0,0,0,0,0,0,0,0,0,0,0,0,0.000,0.000,0.000,0.000,0,0,0,0,61.153,375.741,0,16.600,78.500,12,605,8.900,48.200,6,299,7.700,30.300,6,306,0,0,0,0.000
988,1979052068,1,0,1,2,299.300,293.100,0.500,5.000,12.800,4.300,0.000,0,66.600,0.000,0.000,3.300,78.700,43.000,35.200,0.000,0.000,0.000,1.500,0.000,0.000,0.000,0.000,0,0,0,0,2,2,0,0,0,0,0,0,0.000,0.000,0.000,0.000,0,0,0,0,58.876,360.866,0,12.600,45.200,12,605,7.000,22.500,6,299,5.600,22.700,6,306,0,0,0,0.000
989,1979052068,1,0,1,2,486.200,478.300,0.500,6.700,18.000,6.300,0.000,0,51.800,0.000,0.000,4.700,220.300,117.100,102.600,0.000,0.000,0.000,2.300,0.000,0.000,0.000,0.000,0,0,0,0,2,2,0,0,0,0,0,0,0.000,0.000,0.000,0.000,0,0,0,0,61.454,382.004,2,130.400,59.700,12,606,68.800,29.100,6,300,61.600,30.600,6,306,2,1,1,0.000
990,1979052068,1,0,1,2,427.200,419.000,0.600,6.600,18.100,5.800,0.000,0,51.100,0.000,0.000,61.900,106.700,58.500,47.600,0.000,0.000,0.000,2.300,1.100,2.800,6.500,12.100,0,0,0,0,2,2,0,0,0,0,0,0,0.000,0.000,0.000,0.000,0,0,0,0,62.542,388.663,0,17.100,60.300,12,606,9.300,29.900,6,300,7.800,30.400,6,306,0,0,0,0.000
991,1979052068,1,0,1,2,395.200,387.300,0.400,6.600,19.300,5.900,0.000,0,24.200,0.000,0.000,5.000,122.500,64.100,57.400,0.000,0.000,0.000,2.300,0.000,0.000,0.000,0.000,0,0,0,0,0,0,0,0,0,0,0,0,0.000,0.000,0.000,0.000,0,0,0,0,61.707,388.418,0,18.400,66.400,12,606,9.900,33.000,6,300,8.500,33.400,6,306,0,0,0,0.000
992,1979052068,1,0,1,2,488.600,480.600,0.600,6.600,19.300,5.700,0.000,0,52.000,0.000,0.000,4.800,218.600,137.000,80.500,0.000,0.000,0.000,2.200,0.000,0.000,0.000,0.000,0,0,0,0,2,2,0,0,0,0,0,0,0.000,0.000,0.000,0.000,0,0,0,0,64.550,405.011,2,127.500,60.300,12,605,87.300,30.000,6,299,40.200,30.300,6,306,2,1,1,0.000
993,1979052068,1,0,1,2,683.400,674.400,0.500,7.600,93.000,7.700,0.000,0,56.500,0.000,0.000,192.400,121.200,68.700,51.700,0.000,0.000,0.000,3.400,1.600,3.900,9.800,16.100,0,0,0,0,2,2,0,0,0,0,0,0,0.000,0.000,0.000,0.000,0,0,0,0,66.539,453.501,0,18.900,67.000,12,605,10.500,34.000,6,299,8.400,33.000,6,306,0,0,0,0.000
994,1979052068,1,0,1,2,467.400,459.800,0.400,6.300,23.200,5.400,0.000,0,48.400,0.000,0.000,4.500,198.200,118.800,78.900,0.000,0.000,0.000,2.200,0.000,0.000,0.000,0.000,0,0,0,0,2,2,0,0,0,0,0,0,0.000,0.000,0.000,0.000,0,0,0,0,68.044,454.635,2,108.700,59.300,12,605,68.400,30.100,6,299,40.300,29.200,6,306,2,1,1,0.000
995,1979052068,1,0,1,2,323.600,317.500,0.300,5.000,13.400,4.300,0.000,0,64.200,0.000,0.000,3.100,77.500,43.100,34.000,0.000,0.000,0.000,1.600,0.000,0.000,0.000,0.000,0,0,0,0,2,2,0,0,0,0,0,0,0.000,0.000,0.000,0.000,0,0,0,0,65.030,429.950,0,12.400,43.700,12,605,6.600,22.400,6,299,5.800,21.300,6,306,0,0,0,0.000
996,1979052068,1,0,1,2,266.100,260.900,0.300,4.500,11.800,3.900,0.000,0,15.600,0.000,0.000,43.100,70.300,39.300,30.500,0.000,0.000,0.000,1.600,0.800,1.700,3.800,7.900,0,0,0,0,0,0,0,0,0,0,0,0,0.000,0.000,0.000,0.000,0,0,0,0,60.506,399.521,0,10.900,39.400,12,605,5.700,20.300,6,299,5.200,19.100,6,306,0,0,0,0.000
997,1979052068,1,0,1,2,427.900,420.300,0.400,6.400,16.400,5.700,0.000,0,48.300,0.000,0.000,4.200,182.200,107.200,74.300,0.000,0.000,0.000,2.000,0.000,0.000,0.000,0.000,0,0,0,0,2,2,0,0,0,0,0,0,0.000,0.000,0.000,0.000,0,0,0,0,63.007,403.261,2,99.400,55.900,12,604,62.800,27.300,6,298,36.600,28.600,6,306,2,1,1,0.000
998,1979052068,1,0,1,2,356.400,350.000,0.300,5.400,30.500,4.700,0.000,0,19.400,0.000,0.000,7.900,112.000,65.500,45.700,0.000,0.000,0.000,4.100,0.000,0.000,0.000,0.000,0,0,0,0,0,0,0,0,0,0,0,0,0.000,0.000,0.000,0.000,0,0,0,0,62.880,393.674,0,20.300,61.600,12,604,12.300,31.900,6,298,8.000,29.700,6,306,0,0,0,0.000
999,1979052068,1,0,1,2,485.400,477.500,0.400,6.600,18.700,5.800,0.000,0,51.400,0.000,0.000,109.900,111.000,62.400,48.000,0.000,0.000,0.000,3.400,1.300,4.100,8.000,21.100,0,0,0,0,2,2,0,0,0,0,0,0,0.000,0.000,0.000,0.000,0,0,0,0,71.362,408.763,0,19.800,61.500,12,604,11.900,31.000,6,298,7.900,30.500,6,306,0,0,0,0.000
1000,1979052068,1,0,1,2,462.900,455.000,0.400,6.700,17.500,6.200,0.000,0,50.600,0.000,0.000,4.900,197.900,116.700,80.600,0.000,0.000,0.000,2.300,0.000,0.000,0.000,0.000,0,0,0,0,2,2,0,0,0,0,0,0,0.000,0.000,0.000,0.000,0,0,0,0,71.332,417.086,2,108.100,60.100,12,601,67.600,29.700,6,296,40.500,30.400,6,305,2,1,1,0.000
1001,1979052068,1,0,1,2,500.400,491.700,0.500,7.200,18.000,6.100,0.000,0,79.600,0.000,0.000,62.400,107.600,59.300,47.700,0.000,0.000,0.000,2.300,0.900,2.500,6.300,12.400,0,0,0,0,2,2,0,0,0,0,0,0,0.000,0.000,0.000,0.000,0,0,0,0,70.517,430.516,0,16.700,61.600,12,601,8.800,31.100,6,296,7.900,30.500,6,305,0,0,0,0.000
1002,1979052068,1,0,1,2,462.700,424.800,30.500,6.500,19.100,5.800,0.000,0,90.300,0.000,0.000,5.200,121.700,63.200,57.900,0.000,0.000,0.000,2.600,0.000,0.000,0.000,0.000,0,0,0,0,2,2,0,0,0,0,0,0,0.000,0.000,0.000,0.000,0,0,0,0,70.568,429.487,0,18.000,73.200,12,601,9.900,32.900,6,296,8.100,40.300,6,305,0,0,0,0.000
1003,1979052068,1,0,1,2,525.000,517.100,0.400,6.700,18.200,6.000,0.000,0,51.200,0.000,0.000,93.200,169.300,89.600,79.000,0.000,0.000,0.000,2.400,1.100,2.900,6.800,30.400,0,0,0,0,2,2,0,0,0,0,0,0,0.000,0.000,0.000,0.000,0,0,0,0,71.401,445.258,2,80.000,59.400,12,598,40.300,30.200,6,293,39.700,29.200,6,305,2,1,1,0.000
1004,1979052068,1,0,1,2,299.700,292.800,0.700,5.500,15.100,4.900,0.000,0,19.900,0.000,0.000,3.800,88.800,49.300,39.000,0.000,0.000,0.000,1.800,0.000,0.000,0.000,0.000,0,0,0,0,0,0,0,0,0,0,0,0,0.000,0.000,0.000,0.000,0,0,0,0,67.369,417.815,0,15.100,49.200,12,598,8.100,25.100,6,293,7.000,24.100,6,305,0,0,0,0.000
1005,1979052068,1,0,1,2,208.200,204.100,0.400,3.400,9.400,3.000,0.000,0,44.500,0.000,0.000,2.400,55.800,31.700,23.800,0.000,0.000,0.000,1.100,0.000,0.000,0.000,0.000,0,0,0,0,2,2,0,0,0,0,0,0,0.000,0.000,0.000,0.000,0,0,0,0,63.091,379.346,0,9.500,30.000,12,598,5.400,15.200,6,293,4.100,14.800,6,305,0,0,0,0.000
1006,1979052068,1,0,1,2,256.900,252.700,0.300,3.500,9.600,3.100,0.000,0,25.900,0.000,0.000,35.500,86.500,46.500,39.700,0.000,0.000,0.000,1.400,0.600,1.500,3.100,6.200,0,0,0,0,2,2,0,0,0,0,0,0,0.000,0.000,0.000,0.000,0,0,0,0,59.834,356.550,2,40.800,29.300,12,596,20.800,14.500,6,292,20.000,14.800,6,304,2,1,1,0.000
1007,1979052068,1,0,1,2,324.900,317.400,0.600,6.200,17.000,5.500,0.000,0,21.700,0.000,0.000,4.100,98.000,53.800,43.600,0.000,0.000,0.000,2.000,0.000,0.000,0.000,0.000,0,0,0,0,0,0,0,0,0,0,0,0,0.000,0.000,0.000,0.000,0,0,0,0,58.748,349.503,0,15.500,55.700,12,596,8.400,28.000,6,292,7.100,27.700,6,304,0,0,0,0.000
1008,1979052068,1,0,1,2,493.800,486.600,0.400,6.100,15.200,5.400,0.000,0,44.600,0.000,0.000,56.200,208.100,78.600,128.900,0.000,0.000,0.000,2.000,0.900,3.000,5.600,11.100,0,0,0,0,2,2,0,0,0,0,0,0,0.000,0.000,0.000,0.000,0,0,0,0,60.216,374.181,2,130.000,50.600,12,594,36.300,25.000,6,291,93.700,25.600,6,303,2,1,1,0.000
1009,1979052068,1,0,1,2,339.000,330.800,0.500,6.700,17.300,5.700,0.000,0,24.100,0.000,0.000,4.500,104.600,57.500,46.600,0.000,0.000,0.000,2.200,0.000,0.000,0.000,0.000,0,0,0,0,0,0,0,0,0,0,0,0,0.000,0.000,0.000,0.000,0,0,0,0,58.755,366.372,0,16.800,59.200,12,594,9.200,29.700,6,291,7.600,29.500,6,303,0,0,0,0.000
1010,1979052068,1,0,1,2,427.300,419.100,0.400,6.900,17.600,5.700,0.000,0,84.400,0.000,0.000,4.300,130.000,59.100,70.300,0.000,0.000,0.000,2.200,0.000,0.000,0.000,0.000,0,0,0,0,2,2,0,0,0,0,0,0,0.000,0.000,0.000,0.000,0,0,0,0,59.393,375.863,0,16.600,84.300,12,594,9.100,31.400,6,291,7.500,52.900,6,303,0,0,0,0.000
1011,1979052068,1,0,1,2,466.800,458.300,0.500,7.100,18.900,6.000,0.000,0,25.400,0.000,0.000,67.800,149.500,97.100,51.700,0.000,0.000,0.000,2.600,1.000,2.600,6.700,13.400,0,0,0,0,0,0,0,0,0,0,0,0,0.000,0.000,0.000,0.000,0,0,0,0,60.168,390.702,0,17.600,98.300,12,594,9.400,65.000,6,291,8.200,33.300,6,303,0,0,0,0.000
1012,1979052068,1,0,1,2,553.200,544.600,0.500,7.300,18.400,5.800,0.000,0,52.500,0.000,0.000,4.600,214.900,132.600,81.700,0.000,0.000,0.000,2.200,0.000,0.000,0.000,0.000,0,0,0,0,2,2,0,0,0,0,0,0,0.000,0.000,0.000,0.000,0,0,0,0,62.838,418.403,2,124.200,59.800,12,593,83.200,29.000,6,290,41.000,30.800,6,303,2,1,1,0.000
1013,1979052068,1,0,1,2,405.800,397.900,0.400,6.600,18.300,5.600,0.000,0,24.100,0.000,0.000,63.500,108.400,59.700,48.100,0.000,0.000,0.000,2.300,1.100,2.500,6.400,12.000,0,0,0,0,0,0,0,0,0,0,0,0,0.000,0.000,0.000,0.000,0,0,0,0,61.607,414.713,0,17.000,61.000,12,593,9.300,30.100,6,290,7.700,30.900,6,303,0,0,0,0.000
1014,1979052068,1,0,1,2,458.000,450.100,0.400,6.600,18.100,5.800,0.000,0,52.400,0.000,0.000,4.300,194.300,112.500,81.200,0.000,0.000,0.000,2.100,0.000,0.000,0.000,0.000,0,0,0,0,2,2,0,0,0,0,0,0,0.000,0.000,0.000,0.000,0,0,0,0,62.578,421.082,2,104.900,60.100,12,592,64.000,29.700,6,288,40.900,30.400,6,304,2,1,1,0.000
1015,1979052068,1,0,1,2,399.100,391.300,0.300,6.600,17.800,5.800,0.000,0,22.600,0.000,0.000,62.700,107.100,58.200,48.400,0.000,0.000,0.000,2.400,1.100,2.600,6.400,12.400,0,0,0,0,0,0,0,0,0,0,0,0,0.000,0.000,0.000,0.000,0,0,0,0,60.674,415.722,0,17.100,61.100,12,592,9.100,30.400,6,288,8.000,30.700,6,304,0,0,0,0.000
1016,1979052068,1,0,1,2,462.800,454.100,0.500,7.300,17.400,5.800,0.000,0,51.200,0.000,0.000,4.700,196.800,115.700,80.500,0.000,0.000,0.000,2.200,0.000,0.000,0.000,0.000,0,0,0,0,2,2,0,0,0,0,0,0,0.000,0.000,0.000,0.000,0,0,0,0,62.659,422.630,2,107.800,59.300,12,591,67.400,28.900,6,287,40.400,30.400,6,304,2,1,1,0.000
1017,1979052068,1,0,1,2,460.300,451.300,0.600,7.300,19.600,6.200,0.000,0,53.300,0.000,0.000,68.000,113.600,61.600,51.200,0.000,0.000,0.000,2.400,1.100,2.700,6.900,13.300,0,0,0,0,2,2,0,0,0,0,0,0,0.000,0.000,0.000,0.000,0,0,0,0,63.566,427.790,0,17.700,64.500,12,591,9.500,31.600,6,287,8.200,32.900,6,304,0,0,0,0.000
1018,1979052068,1,0,1,2,400.600,392.300,0.600,6.900,18.100,5.700,0.000,0,83.900,0.000,0.000,4.300,105.800,57.800,47.500,0.000,0.000,0.000,2.100,0.000,0.000,0.000,0.000,0,0,0,0,2,2,0,0,0,0,0,0,0.000,0.000,0.000,0.000,0,0,0,0,63.410,421.402,0,17.100,60.500,12,591,9.400,30.400,6,287,7.700,30.100,6,304,0,0,0,0.000
1019,1979052068,1,0,1,2,281.400,275.500,0.300,4.900,14.800,4.700,0.000,0,17.800,0.000,0.000,3.900,88.500,48.500,39.400,0.000,0.000,0.000,2.100,0.000,0.000,0.000,0.000,0,0,0,0,0,0,0,0,0,0,0,0,0.000,0.000,0.000,0.000,0,0,0,0,59.682,395.140,0,13.900,50.300,12,591,7.600,25.100,6,287,6.300,25.200,6,304,0,0,0,0.000
1020,1979052068,1,0,1,2,504.100,495.900,0.400,6.900,17.700,5.800,0.000,0,49.400,0.000,0.000,78.900,168.000,88.600,78.700,0.000,0.000,0.000,2.300,1.000,2.600,6.300,28.300,0,0,0,0,2,2,0,0,0,0,0,0,0.000,0.000,0.000,0.000,0,0,0,0,62.835,413.277,2,79.900,58.700,12,591,40.900,28.800,6,288,39.000,29.900,6,303,2,1,1,0.000
1021,1979052068,1,0,1,2,455.100,446.200,0.600,7.400,21.800,6.300,0.000,0,95.500,0.000,0.000,5.000,113.900,61.800,51.500,0.000,0.000,0.000,2.500,0.000,0.000,0.000,0.000,0,0,0,0,2,2,0,0,0,0,0,0,0.000,0.000,0.000,0.000,0,0,0,0,62.577,419.203,0,18.000,65.000,12,591,9.800,32.300,6,288,8.200,32.700,6,303,0,0,0,0.000
1022,1979052068,1,0,1,2,155.800,153.300,0.100,2.000,5.800,2.000,0.000,0,15.600,0.000,0.000,25.600,51.000,27.500,23.300,0.000,0.000,0.000,0.700,0.500,1.300,1.800,3.500,0,0,0,0,2,2,0,0,0,0,0,0,0.000,0.000,0.000,0.000,0,0,0,0,57.415,371.340,2,24.200,16.600,12,591,12.300,8.000,6,288,11.900,8.600,6,303,2,1,1,0.000
1023,1979052068,1,0,1,2,158.000,154.400,0.200,3.000,8.700,2.900,0.000,0,11.200,0.000,0.000,2.600,48.400,26.600,21.500,0.000,0.000,0.000,1.400,0.000,0.000,0.000,0.000,0,0,0,0,0,0,0,0,0,0,0,0,0.000,0.000,0.000,0.000,0,0,0,0,52.534,332.291,0,8.000,27.100,12,591,4.400,13.300,6,288,3.600,13.800,6,303,0,0,0,0.000
1024,1979052068,1,0,1,2,296.000,291.300,0.300,3.800,13.800,4.400,0.000,0,50.200,0.000,0.000,3.500,81.200,44.400,36.200,0.000,0.000,0.000,1.900,0.000,0.000,0.000,0.000,0,0,0,0,2,2,0,0,0,0,0,0,0.000,0.000,0.000,0.000,0,0,0,0,52.294,324.913,0,13.000,46.100,12,591,7.200,23.100,6,288,5.800,23.000,6,303,0,0,0,0.000
1025,1979052068,1,0,1,2,488.700,480.600,0.400,6.900,18.200,6.200,0.000,0,48.600,0.000,0.000,63.300,167.500,88.200,78.700,0.000,0.000,0.000,2.400,1.100,2.700,6.200,12.100,0,0,0,0,2,2,0,0,0,0,0,0,0.000,0.000,0.000,0.000,0,0,0,0,56.831,352.936,2,79.100,58.500,12,590,40.600,28.400,6,288,38.500,30.100,6,302,2,1,1,0.000
1026,1979052068,1,0,1,2,462.000,453.200,0.600,7.200,18.600,6.200,0.000,0,91.300,0.000,0.000,4.900,113.800,62.300,51.000,0.000,0.000,0.000,2.400,0.000,0.000,0.000,0.000,0,0,0,0,2,2,0,0,0,0,0,0,0.000,0.000,0.000,0.000,0,0,0,0,59.004,370.984,0,18.400,64.600,12,590,10.200,32.100,6,288,8.200,32.500,6,302,0,0,0,0.000
1027,1979052068,1,0,1,2,501.900,494.100,0.400,6.600,18.200,6.000,0.000,0,52.100,0.000,0.000,64.500,172.100,90.100,81.400,0.000,0.000,0.000,2.700,1.100,2.400,6.100,12.300,0,0,0,0,2,2,0,0,0,0,0,0,0.000,0.000,0.000,0.000,0,0,0,0,61.757,393.145,2,82.500,59.300,12,587,42.400,28.700,6,286,40.100,30.600,6,301,2,1,1,0.000
1028,1979052068,1,0,1,2,343.500,335.600,0.400,6.600,17.900,5.900,0.000,0,22.600,0.000,0.000,4.600,106.300,57.300,48.500,0.000,0.000,0.000,2.300,0.000,0.000,0.000,0.000,0,0,0,0,0,0,0,0,0,0,0,0,0.000,0.000,0.000,0.000,0,0,0,0,59.785,382.787,0,17.600,59.900,12,587,9.600,29.300,6,286,8.000,30.600,6,301,0,0,0,0.000
1029,1979052068,1,0,1,2,403.900,396.000,0.400,6.600,18.200,5.800,0.000,0,86.500,0.000,0.000,4.500,105.400,56.900,47.800,0.000,0.000,0.000,2.300,0.000,0.000,0.000,0.000,0,0,0,0,2,2,0,0,0,0,0,0,0.000,0.000,0.000,0.000,0,0,0,0,57.555,385.165,0,16.600,60.300,12,587,9.000,30.000,6,286,7.600,30.300,6,301,0,0,0,0.000
1030,1979052068,1,0,1,2,325.300,319.100,0.400,5.200,13.800,4.400,0.000,0,17.400,0.000,0.000,49.900,81.500,44.300,36.700,0.000,0.000,0.000,1.700,0.900,1.900,4.900,9.200,0,0,0,0,0,0,0,0,0,0,0,0,0.000,0.000,0.000,0.000,0,0,0,0,55.242,373.273,0,12.900,45.300,12,587,6.900,22.300,6,286,6.000,23.000,6,301,0,0,0,0.000
1031,1979052068,1,0,1,2,462.600,454.500,0.400,6.900,18.300,6.100,0.000,0,49.900,0.000,0.000,4.500,199.000,115.700,82.600,0.000,0.000,0.000,2.300,0.000,0.000,0.000,0.000,0,0,0,0,2,2,0,0,0,0,0,0,0.000,0.000,0.000,0.000,0,0,0,0,59.356,387.894,2,111.300,57.800,12,585,67.600,28.900,6,285,43.700,28.900,6,300,2,1,1,0.000
1032,1979052068,1,0,1,2,518.700,510.700,0.500,6.700,17.800,6.000,0.000,0,51.400,0.000,0.000,62.200,196.800,148.200,48.100,0.000,0.000,0.000,2.200,1.400,2.400,6.200,12.100,0,0,0,0,2,2,0,0,0,0,0,0,0.000,0.000,0.000,0.000,0,0,0,0,61.686,409.999,0,106.700,60.200,12,585,99.000,29.700,6,285,7.700,30.500,6,300,0,0,0,0.000
1033,1979052068,1,0,1,2,475.600,467.500,0.500,6.800,17.400,6.000,0.000,0,51.900,0.000,0.000,4.600,193.000,113.600,78.900,0.000,0.000,0.000,2.400,0.000,0.000,0.000,0.000,0,0,0,0,2,2,0,0,0,0,0,0,0.000,0.000,0.000,0.000,0,0,0,0,63.128,420.349,2,104.800,57.800,12,582,65.200,28.500,6,283,39.600,29.300,6,299,2,1,1,0.000
1034,1979052068,1,0,1,2,248.800,243.800,0.300,4.200,11.200,3.700,0.000,0,49.300,0.000,0.000,3.400,66.100,35.900,29.700,0.000,0.000,0.000,1.500,0.000,0.000,0.000,0.000,0,0,0,0,2,2,0,0,0,0,0,0,0.000,0.000,0.000,0.000,0,0,0,0,59.505,388.570,0,10.600,36.300,12,582,5.800,17.800,6,283,4.800,18.500,6,299,0,0,0,0.000
1035,1979052068,1,0,1,2,257.500,252.800,0.400,4.000,12.300,3.500,0.000,0,12.300,0.000,0.000,45.400,77.000,39.500,37.000,0.000,0.000,0.000,2.000,0.800,1.700,4.200,8.300,0,0,0,0,0,0,0,0,0,0,0,0,0.000,0.000,0.000,0.000,0,0,0,0,56.498,364.132,0,11.500,39.600,12,582,6.000,19.500,6,283,5.500,20.100,6,299,0,0,0,0.000
1036,1979052068,1,0,1,2,468.400,460.400,0.400,6.600,17.700,6.000,0.000,0,51.500,0.000,0.000,4.700,202.100,111.200,90.000,0.000,0.000,0.000,2.500,0.000,0.000,0.000,0.000,0,0,0,0,2,2,0,0,0,0,0,0,0.000,0.000,0.000,0.000,0,0,0,0,58.299,381.460,2,110.400,60.500,12,578,64.400,27.700,6,280,46.000,32.800,6,298,2,1,1,0.000
1037,1979052068,1,0,1,2,367.300,358.800,0.600,7.100,17.500,31.900,0.000,0,22.700,0.000,0.000,4.600,104.200,57.300,46.300,0.000,0.000,0.000,2.200,0.000,0.000,0.000,0.000,0,0,0,0,0,0,0,0,0,0,0,0,0.000,0.000,0.000,0.000,0,0,0,0,57.075,377.381,0,16.800,57.800,12,578,9.200,28.800,6,280,7.600,29.000,6,298,0,0,0,0.000
1038,1979052068,1,0,1,2,550.700,542.100,0.400,7.300,19.100,6.300,0.000,0,55.100,0.000,0.000,67.100,202.500,116.600,85.400,0.000,0.000,0.000,2.200,1.000,2.800,6.800,13.300,0,0,0,0,2,2,0,0,0,0,0,0,0.000,0.000,0.000,0.000,0,0,0,0,60.283,407.031,2,83.800,63.400,12,574,42.400,30.600,6,277,41.400,32.800,6,297,2,1,1,0.000
1039,1979052068,1,0,1,2,356.000,348.100,0.400,6.600,19.600,5.800,0.000,0,23.200,0.000,0.000,4.900,116.700,68.200,47.800,0.000,0.000,0.000,2.300,0.000,0.000,0.000,0.000,0,0,0,0,0,0,0,0,0,0,0,0,0.000,0.000,0.000,0.000,0,0,0,0,59.224,396.423,0,17.700,62.600,12,574,10.100,32.000,6,277,7.600,30.600,6,297,0,0,0,0.000
1040,1979052068,1,0,1,2,514.100,505.900,0.400,6.900,17.900,6.100,0.000,0,49.900,0.000,0.000,66.500,187.200,107.700,78.800,0.000,0.000,0.000,2.500,1.800,2.800,6.200,12.300,0,0,0,0,2,2,0,0,0,0,0,0,0.000,0.000,0.000,0.000,0,0,0,0,61.938,416.129,2,87.400,57.700,12,573,48.200,28.200,6,275,39.200,29.500,6,298,2,1,1,0.000
1041,1979052068,1,0,1,2,276.500,270.100,0.300,5.400,15.000,4.700,0.000,0,18.500,0.000,0.000,3.700,85.000,46.300,38.200,0.000,0.000,0.000,1.900,0.000,0.000,0.000,0.000,0,0,0,0,0,0,0,0,0,0,0,0,0.000,0.000,0.000,0.000,0,0,0,0,58.583,389.844,0,13.800,47.800,12,573,7.500,23.600,6,275,6.300,24.200,6,298,0,0,0,0.000
1042,1979052068,1,0,1,2,404.300,396.100,0.500,6.900,18.200,5.800,0.000,0,87.300,0.000,0.000,4.500,103.600,56.700,46.300,0.000,0.000,0.000,2.200,0.000,0.000,0.000,0.000,0,0,0,0,2,2,0,0,0,0,0,0,0.000,0.000,0.000,0.000,0,0,0,0,59.648,390.970,0,16.600,59.100,12,573,9.100,29.500,6,275,7.500,29.600,6,298,0,0,0,0.000
1043,1979052068,1,0,1,2,265.600,260.200,0.300,4.500,11.700,4.000,0.000,0,15.100,0.000,0.000,42.800,69.100,38.000,30.700,0.000,0.000,0.000,1.500,0.700,2.000,4.100,7.900,0,0,0,0,0,0,0,0,0,0,0,0,0.000,0.000,0.000,0.000,0,0,0,0,56.004,367.431,0,11.100,37.600,12,573,5.800,18.500,6,275,5.300,19.100,6,298,0,0,0,0.000
1044,1979052068,1,0,1,2,333.600,328.200,0.300,4.500,17.700,4.000,0.000,0,33.600,0.000,0.000,4.700,141.600,90.200,51.000,0.000,0.000,0.000,2.500,0.000,0.000,0.000,0.000,0,0,0,0,2,2,0,0,0,0,0,0,0.000,0.000,0.000,0.000,0,0,0,0,57.803,360.370,2,83.500,37.600,12,570,58.100,18.400,6,273,25.400,19.200,6,297,2,1,1,0.000
1045,1979052068,1,0,1,2,357.300,350.700,0.300,5.500,14.400,5.000,0.000,0,40.700,0.000,0.000,52.500,85.500,46.200,38.800,0.000,0.000,0.000,2.000,0.900,2.000,5.000,9.800,0,0,0,0,2,2,0,0,0,0,0,0,0.000,0.000,0.000,0.000,0,0,0,0,59.818,358.629,0,13.900,48.000,12,570,7.300,23.400,6,273,6.600,24.600,6,297,0,0,0,0.000
1046,1979052068,1,0,1,2,422.900,415.600,0.400,6.100,16.700,5.500,0.000,0,46.900,0.000,0.000,4.200,180.100,104.500,75.100,0.000,0.000,0.000,2.100,0.000,0.000,0.000,0.000,0,0,0,0,2,2,0,0,0,0,0,0,0.000,0.000,0.000,0.000,0,0,0,0,60.391,368.884,2,97.800,54.500,12,571,60.000,26.500,6,274,37.800,28.000,6,297,2,1,1,0.000
1047,1979052068,1,0,1,2,458.100,449.300,0.500,7.300,18.900,6.200,0.000,0,53.400,0.000,0.000,66.000,113.600,61.900,51.100,0.000,0.000,0.000,2.500,1.100,2.700,6.700,13.300,0,0,0,0,2,2,0,0,0,0,0,0,0.000,0.000,0.000,0.000,0,0,0,0,62.589,383.359,0,18.400,64.100,12,571,10.000,32.100,6,274,8.400,32.000,6,297,0,0,0,0.000
1048,1979052068,1,0,1,2,509.800,501.000,0.400,7.500,19.300,6.600,0.000,0,66.900,0.000,0.000,5.500,209.500,123.500,85.500,0.000,0.000,0.000,2.600,0.000,0.000,0.000,0.000,0,0,0,0,2,2,0,0,0,0,0,0,0.000,0.000,0.000,0.000,0,0,0,0,64.715,404.534,2,113.500,64.000,12,571,70.800,31.700,6,275,42.700,32.300,6,296,2,1,1,0.000
1049,1979052068,1,0,1,2,339.300,331.700,0.400,6.400,17.700,5.900,0.000,0,23.600,0.000,0.000,4.600,105.200,57.400,47.300,0.000,0.000,0.000,2.200,0.000,0.000,0.000,0.000,0,0,0,0,0,0,0,0,0,0,0,0,0.000,0.000,0.000,0.000,0,0,0,0,62.804,391.424,0,16.800,60.400,12,571,9.100,30.200,6,275,7.700,30.200,6,296,0,0,0,0.000
1050,1979052068,1,0,1,2,488.700,480.300,0.400,7.100,19.100,6.300,0.000,0,56.700,0.000,0.000,68.300,136.600,61.800,74.300,0.000,0.000,0.000,2.600,1.100,2.700,7.100,13.100,0,0,0,0,2,2,0,0,0,0,0,0,0.000,0.000,0.000,0.000,0,0,0,0,64.567,407.422,0,18.000,86.400,12,571,9.700,31.600,6,275,8.300,54.800,6,296,0,0,0,0.000
1051,1979052068,1,0,1,2,526.700,518.000,0.400,7.400,17.300,5.800,0.000,0,53.300,0.000,0.000,4.600,191.800,110.800,80.500,0.000,0.000,0.000,2.200,0.000,0.000,0.000,0.000,0,0,0,0,2,2,0,0,0,0,0,0,0.000,0.000,0.000,0.000,0,0,0,0,65.743,427.326,2,104.100,58.100,12,573,64.200,27.700,6,276,39.900,30.400,6,297,2,1,1,0.000
1052,1979052068,1,0,1,2,345.700,337.900,0.400,6.600,18.100,5.800,0.000,0,23.700,0.000,0.000,4.700,107.500,57.800,49.100,0.000,0.000,0.000,2.200,0.000,0.000,0.000,0.000,0,0,0,0,0,0,0,0,0,0,0,0,0.000,0.000,0.000,0.000,0,0,0,0,63.917,411.229,0,17.700,60.100,12,573,9.600,29.200,6,276,8.100,30.900,6,297,0,0,0,0.000
1053,1979052068,1,0,1,2,429.800,421.900,0.400,6.700,17.600,5.900,0.000,0,50.400,0.000,0.000,64.500,105.800,57.400,47.500,0.000,0.000,0.000,2.200,1.000,2.900,6.400,13.800,0,0,0,0,2,2,0,0,0,0,0,0,0.000,0.000,0.000,0.000,0,0,0,0,65.102,413.150,0,16.600,59.300,12,573,9.000,29.300,6,276,7.600,30.000,6,297,0,0,0,0.000
1054,1979052068,1,0,1,2,533.200,493.400,32.000,6.800,19.300,6.300,0.000,0,55.600,0.000,0.000,5.000,216.700,129.700,86.400,0.000,0.000,0.000,2.500,0.000,0.000,0.000,0.000,0,0,0,0,2,2,0,0,0,0,0,0,0.000,0.000,0.000,0.000,0,0,0,0,67.352,427.595,2,122.000,63.300,12,576,78.800,30.600,6,278,43.200,32.700,6,298,2,1,1,0.000
1055,1979052068,1,0,1,2,448.000,439.900,0.700,6.600,26.900,6.000,0.000,0,51.200,0.000,0.000,66.000,106.200,58.000,47.700,0.000,0.000,0.000,3.000,1.100,2.500,6.400,13.800,0,0,0,0,2,2,0,0,0,0,0,0,0.000,0.000,0.000,0.000,0,0,0,0,68.315,429.810,0,16.900,59.900,12,576,9.000,29.300,6,278,7.900,30.600,6,298,0,0,0,0.000
1056,1979052068,1,0,1,2,339.200,331.300,0.400,6.700,17.900,5.700,0.000,0,23.700,0.000,0.000,4.400,105.900,57.400,48.000,0.000,0.000,0.000,2.000,0.000,0.000,0.000,0.000,0,0,0,0,0,0,0,0,0,0,0,0,0.000,0.000,0.000,0.000,0,0,0,0,65.162,412.078,0,17.300,60.200,12,576,9.600,29.700,6,278,7.700,30.500,6,298,0,0,0,0.000
1057,1979052068,1,0,1,2,556.600,548.500,0.400,6.800,19.100,6.100,0.000,0,51.300,0.000,0.000,74.800,205.000,118.200,86.300,0.000,0.000,0.000,2.400,1.100,2.800,6.700,14.800,0,0,0,0,2,2,0,0,0,0,0,0,0.000,0.000,0.000,0.000,0,0,0,0,67.293,436.634,2,86.100,86.300,12,577,43.200,53.800,6,279,42.900,32.500,6,298,2,1,1,0.000
1058,1979052068,1,0,1,2,341.600,333.900,0.400,6.500,17.300,5.900,0.000,0,24.100,0.000,0.000,4.500,105.500,57.600,47.400,0.000,0.000,0.000,2.100,0.000,0.000,0.000,0.000,0,0,0,0,0,0,0,0,0,0,0,0,0.000,0.000,0.000,0.000,0,0,0,0,64.774,418.142,0,16.700,60.700,12,577,9.100,30.500,6,279,7.600,30.200,6,298,0,0,0,0.000
1059,1979052068,1,0,1,2,375.300,367.700,0.600,6.200,16.100,5.600,0.000,0,79.400,0.000,0.000,4.200,97.900,53.900,43.600,0.000,0.000,0.000,2.000,0.000,0.000,0.000,0.000,0,0,0,0,2,2,0,0,0,0,0,0,0.000,0.000,0.000,0.000,0,0,0,0,69.297,409.062,0,15.700,56.000,12,577,8.700,28.100,6,279,7.000,27.900,6,298,0,0,0,0.000
1060,1979052068,1,0,1,2,285.200,280.300,0.300,4.100,10.200,3.300,0.000,0,29.100,0.000,0.000,40.300,95.300,50.400,44.700,0.000,0.000,0.000,1.200,0.600,1.500,3.600,8.100,0,0,0,0,2,2,0,0,0,0,0,0,0.000,0.000,0.000,0.000,0,0,0,0,65.661,385.885,2,45.100,32.800,12,580,22.800,15.900,6,281,22.300,16.900,6,299,2,1,1,0.000
1061,1979052068,1,0,1,2,441.200,432.900,0.500,7.000,17.900,5.700,0.000,0,24.200,0.000,0.000,5.200,198.800,150.800,47.300,0.000,0.000,0.000,2.900,0.000,0.000,0.000,0.000,0,0,0,0,0,0,0,0,0,0,0,0,0.000,0.000,0.000,0.000,0,0,0,0,67.144,394.348,0,102.600,66.400,12,580,94.900,36.500,6,281,7.700,29.900,6,299,0,0,0,0.000
1062,1979052068,1,0,1,2,430.600,421.900,0.600,7.400,19.200,6.100,0.000,0,94.500,0.000,0.000,4.500,116.400,68.200,47.700,0.000,0.000,0.000,2.300,0.000,0.000,0.000,0.000,0,0,0,0,2,2,0,0,0,0,0,0,0.000,0.000,0.000,0.000,0,0,0,0,71.348,399.307,0,18.100,64.900,12,580,10.200,34.600,6,281,7.900,30.300,6,299,0,0,0,0.000
1063,1979052068,1,0,1,2,466.300,457.500,0.500,7.200,19.700,6.600,0.000,0,26.800,0.000,0.000,78.700,132.200,67.300,64.200,0.000,0.000,0.000,2.700,1.500,2.900,6.900,15.100,0,0,0,0,0,0,0,0,0,0,0,0,0.000,0.000,0.000,0.000,0,0,0,0,70.098,409.782,0,32.000,65.200,12,580,10.800,32.400,6,281,21.200,32.800,6,299,0,0,0,0.000
1064,1979052068,1,0,1,2,564.800,556.200,0.800,7.100,25.000,6.200,0.000,0,52.400,0.000,0.000,7.000,258.200,171.200,86.200,0.000,0.000,0.000,3.400,0.000,0.000,0.000,0.000,0,0,0,0,2,2,0,0,0,0,0,0,0.000,0.000,0.000,0.000,0,0,0,0,75.948,436.137,2,148.000,67.300,12,581,104.100,36.100,6,282,43.900,31.200,6,299,2,1,1,0.000
1065,1979052068,1,0,1,2,484.800,476.400,0.500,7.100,19.300,6.300,0.000,0,55.700,0.000,0.000,89.300,114.800,62.600,51.600,0.000,0.000,0.000,2.500,1.100,2.800,6.800,34.700,0,0,0,0,2,2,0,0,0,0,0,0,0.000,0.000,0.000,0.000,0,0,0,0,75.165,443.384,0,18.600,65.100,12,581,10.000,32.600,6,282,8.600,32.500,6,299,0,0,0,0.000
1066,1979052068,1,0,1,2,480.100,472.100,0.400,6.700,17.200,5.800,0.000,0,52.300,0.000,0.000,4.400,194.600,113.900,80.100,0.000,0.000,0.000,2.000,0.000,0.000,0.000,0.000,0,0,0,0,2,2,0,0,0,0,0,0,0.000,0.000,0.000,0.000,0,0,0,0,74.038,448.553,2,105.800,59.000,12,583,66.100,28.900,6,283,39.700,30.100,6,300,2,1,1,0.000
1067,1979052068,1,0,1,2,287.000,281.300,0.300,4.700,13.100,4.400,0.000,0,56.700,0.000,0.000,3.400,76.200,42.500,33.400,0.000,0.000,0.000,1.600,0.000,0.000,0.000,0.000,0,0,0,0,2,2,0,0,0,0,0,0,0.000,0.000,0.000,0.000,0,0,0,0,69.477,418.448,0,12.400,42.600,12,583,6.800,21.800,6,283,5.600,20.800,6,300,0,0,0,0.000
1068,1979052068,1,0,1,2,383.200,376.300,0.300,5.800,15.300,5.100,0.000,0,21.200,0.000,0.000,78.300,92.000,50.900,40.600,0.000,0.000,0.000,2.400,1.100,2.400,5.400,12.100,0,0,0,0,0,0,0,0,0,0,0,0,0.000,0.000,0.000,0.000,0,0,0,0,67.087,410.861,0,15.100,50.400,12,583,8.000,25.200,6,283,7.100,25.200,6,300,0,0,0,0.000
1069,1979052068,1,0,1,2,455.600,447.500,0.400,6.900,17.400,6.000,0.000,0,51.600,0.000,0.000,5.000,192.100,111.900,79.300,0.000,0.000,0.000,2.500,0.000,0.000,0.000,0.000,0,0,0,0,2,2,0,0,0,0,0,0,0.000,0.000,0.000,0.000,0,0,0,0,67.521,417.456,2,104.200,58.100,12,583,64.500,28.300,6,284,39.700,29.800,6,299,2,1,1,0.000
1070,1979052068,1,0,1,2,453.300,444.900,0.700,6.800,18.200,27.100,0.000,0,51.000,0.000,0.000,64.300,105.900,57.200,48.100,0.000,0.000,0.000,2.300,1.000,2.600,6.200,14.100,0,0,0,0,2,2,0,0,0,0,0,0,0.000,0.000,0.000,0.000,0,0,0,0,67.482,422.396,0,16.600,60.700,12,583,9.000,29.700,6,284,7.600,31.000,6,299,0,0,0,0.000
1071,1979052068,1,0,1,2,348.400,342.600,0.300,5.000,13.200,4.200,0.000,0,38.100,0.000,0.000,3.200,143.300,84.300,58.600,0.000,0.000,0.000,1.600,0.000,0.000,0.000,0.000,0,0,0,0,2,2,0,0,0,0,0,0,0.000,0.000,0.000,0.000,0,0,0,0,64.695,408.033,2,78.400,43.100,12,585,49.200,20.900,6,285,29.200,22.200,6,300,2,1,1,0.000
1072,1979052068,1,0,1,2,317.100,309.800,0.400,6.200,16.300,5.200,0.000,0,22.300,0.000,0.000,4.100,99.300,54.100,44.600,0.000,0.000,0.000,2.100,0.000,0.000,0.000,0.000,0,0,0,0,0,0,0,0,0,0,0,0,0.000,0.000,0.000,0.000,0,0,0,0,61.852,390.351,0,16.100,56.600,12,585,8.700,28.000,6,285,7.400,28.600,6,300,0,0,0,0.000
1073,1979052068,1,0,1,2,447.400,440.500,0.300,5.700,17.400,8.500,0.000,0,50.500,0.000,0.000,62.500,109.200,58.000,50.700,0.000,0.000,0.000,2.200,1.100,2.500,6.300,13.600,0,0,0,0,2,2,0,0,0,0,0,0,0.000,0.000,0.000,0.000,0,0,0,0,60.276,399.378,0,17.300,59.700,12,585,9.100,30.400,6,285,8.200,29.300,6,300,0,0,0,0.000
1074,1979052068,1,0,1,2,489.100,480.800,0.500,6.900,27.500,5.900,0.000,0,51.700,0.000,0.000,4.600,200.100,118.400,81.100,0.000,0.000,0.000,2.300,0.000,0.000,0.000,0.000,0,0,0,0,2,2,0,0,0,0,0,0,0.000,0.000,0.000,0.000,0,0,0,0,62.693,414.034,2,110.000,59.300,12,586,69.400,28.800,6,286,40.600,30.500,6,300,2,1,1,0.000
1075,1979052068,1,0,1,2,248.600,245.600,0.300,2.400,17.000,2.100,0.000,0,17.700,0.000,0.000,65.000,37.400,21.500,15.800,0.000,0.000,0.000,2.100,1.000,2.700,6.300,14.100,0,0,0,0,2,2,0,0,0,0,0,0,0.000,0.000,0.000,0.000,0,0,0,0,66.492,383.716,0,6.500,19.600,12,586,3.800,9.500,6,286,2.700,10.100,6,300,0,0,0,0.000
1076,1979052068,1,0,1,2,190.900,188.200,0.200,2.300,7.400,2.000,0.000,0,17.600,0.000,0.000,1.800,87.200,46.400,40.400,0.000,0.000,0.000,1.000,0.000,0.000,0.000,0.000,0,0,0,0,2,2,0,0,0,0,0,0,0.000,0.000,0.000,0.000,0,0,0,0,67.627,348.523,2,56.100,19.500,12,587,28.700,9.600,6,286,27.400,9.900,6,301,2,1,1,0.000
1077,1979052068,1,0,1,2,407.900,399.500,0.400,7.100,17.500,5.700,0.000,0,89.000,0.000,0.000,4.600,106.800,58.000,48.100,0.000,0.000,0.000,2.200,0.000,0.000,0.000,0.000,0,0,0,0,2,2,0,0,0,0,0,0,0.000,0.000,0.000,0.000,0,0,0,0,68.487,357.699,0,17.000,61.000,12,587,9.100,30.400,6,286,7.900,30.600,6,301,0,0,0,0.000
1078,1979052068,1,0,1,2,351.000,344.200,0.400,5.600,15.100,5.400,0.000,0,21.100,0.000,0.000,56.900,92.800,50.200,42.000,0.000,0.000,0.000,2.000,1.200,2.200,5.700,12.100,0,0,0,0,0,0,0,0,0,0,0,0,0.000,0.000,0.000,0.000,0,0,0,0,64.997,355.269,0,14.800,53.000,12,587,7.800,26.300,6,286,7.000,26.700,6,301,0,0,0,0.000
1079,1979052068,1,0,1,2,462.300,454.400,0.400,6.600,17.300,5.900,0.000,0,51.800,0.000,0.000,4.800,195.500,114.200,80.800,0.000,0.000,0.000,2.700,0.000,0.000,0.000,0.000,0,0,0,0,2,2,0,0,0,0,0,0,0.000,0.000,0.000,0.000,0,0,0,0,66.005,373.113,2,106.100,60.100,12,588,65.500,29.600,6,286,40.600,30.500,6,302,2,1,1,0.000
1080,1979052068,1,0,1,2,520.100,510.000,0.500,8.500,19.600,6.400,0.000,0,76.200,0.000,0.000,75.500,126.100,74.000,51.500,0.000,0.000,0.000,2.700,1.100,2.700,6.800,15.500,0,0,0,0,2,2,0,0,0,0,0,0,0.000,0.000,0.000,0.000,0,0,0,0,67.427,397.752,0,23.100,70.000,12,588,14.800,37.100,6,286,8.300,32.900,6,302,0,0,0,0.000
1081,1979052068,1,0,1,2,459.500,451.800,0.400,6.500,18.200,5.800,0.000,0,52.000,0.000,0.000,4.500,195.600,114.500,80.600,0.000,0.000,0.000,2.200,0.000,0.000,0.000,0.000,0,0,0,0,2,2,0,0,0,0,0,0,0.000,0.000,0.000,0.000,0,0,0,0,67.494,407.481,2,106.300,59.900,12,589,66.300,29.200,6,287,40.000,30.700,6,302,2,1,1,0.000
1082,1979052068,1,0,1,2,429.700,421.800,0.500,6.600,17.300,5.800,0.000,0,51.200,0.000,0.000,63.900,106.000,57.600,47.900,0.000,0.000,0.000,2.200,1.000,2.600,6.100,14.100,0,0,0,0,2,2,0,0,0,0,0,0,0.000,0.000,0.000,0.000,0,0,0,0,67.135,410.058,0,16.500,60.800,12,589,8.900,30.300,6,287,7.600,30.500,6,302,0,0,0,0.000
1083,1979052068,1,0,1,2,457.700,449.500,0.500,6.900,17.900,6.100,0.000,0,51.300,0.000,0.000,4.500,194.000,113.200,80.300,0.000,0.000,0.000,2.100,0.000,0.000,0.000,0.000,0,0,0,0,2,2,0,0,0,0,0,0,0.000,0.000,0.000,0.000,0,0,0,0,67.471,417.158,2,105.900,59.200,12,593,65.800,28.700,6,289,40.100,30.500,6,304,2,1,1,0.000
1084,1979052068,1,0,1,2,335.700,328.400,0.300,6.100,16.400,5.600,0.000,0,22.300,0.000,0.000,4.100,117.400,55.000,61.800,0.000,0.000,0.000,2.000,0.000,0.000,0.000,0.000,0,0,0,0,0,0,0,0,0,0,0,0,0.000,0.000,0.000,0.000,0,0,0,0,64.164,401.181,0,15.700,73.900,12,593,8.500,28.500,6,289,7.200,45.400,6,304,0,0,0,0.000
1085,1979052068,1,0,1,2,428.300,420.400,0.400,6.700,17.600,6.000,0.000,0,49.700,0.000,0.000,64.800,106.100,58.100,47.500,0.000,0.000,0.000,2.300,1.000,2.800,6.000,14.200,0,0,0,0,2,2,0,0,0,0,0,0,0.000,0.000,0.000,0.000,0,0,0,0,66.438,404.641,0,17.000,60.400,12,593,9.200,30.000,6,289,7.800,30.400,6,304,0,0,0,0.000
1086,1979052068,1,0,1,2,513.900,505.300,0.400,7.300,19.400,6.400,0.000,0,56.400,0.000,0.000,5.600,227.900,139.600,87.500,0.000,0.000,0.000,2.600,0.000,0.000,0.000,0.000,0,0,0,0,2,2,0,0,0,0,0,0,0.000,0.000,0.000,0.000,0,0,0,0,68.429,422.759,2,128.700,65.800,12,592,84.900,32.700,6,289,43.800,33.100,6,303,2,1,1,0.000
1087,1979052068,1,0,1,2,392.500,385.500,0.400,5.900,17.400,5.000,0.000,0,43.600,0.000,0.000,69.500,93.400,51.400,41.500,0.000,0.000,0.000,2.300,1.000,2.500,6.000,13.300,0,0,0,0,2,2,0,0,0,0,0,0,0.000,0.000,0.000,0.000,0,0,0,0,70.116,416.053,0,14.400,53.200,12,592,7.700,26.700,6,289,6.700,26.500,6,303,0,0,0,0.000
1088,1979052068,1,0,1,2,491.800,482.600,0.400,7.900,20.400,6.600,0.000,0,29.300,0.000,0.000,4.900,120.500,67.600,52.200,0.000,0.000,0.000,2.300,0.000,0.000,0.000,0.000,0,0,0,0,0,0,0,0,0,0,0,0,0.000,0.000,0.000,0.000,0,0,0,0,69.321,428.031,0,19.300,67.500,12,592,10.800,34.200,6,289,8.500,33.300,6,303,0,0,0,0.000
1089,1979052068,1,0,1,2,509.300,501.500,0.400,6.400,17.600,5.800,0.000,0,50.900,0.000,0.000,82.700,169.500,90.100,78.800,0.000,0.000,0.000,2.300,1.000,2.700,6.300,32.100,0,0,0,0,2,2,0,0,0,0,0,0,0.000,0.000,0.000,0.000,0,0,0,0,69.569,441.256,2,81.200,58.800,12,594,41.600,29.300,6,290,39.600,29.500,6,304,2,1,1,0.000
1090,1979052068,1,0,1,2,296.300,289.600,0.400,5.500,15.400,5.200,0.000,0,20.500,0.000,0.000,3.900,92.600,51.100,40.900,0.000,0.000,0.000,2.000,0.000,0.000,0.000,0.000,0,0,0,0,0,0,0,0,0,0,0,0,0.000,0.000,0.000,0.000,0,0,0,0,68.045,413.958,0,14.500,53.100,12,594,7.800,27.200,6,290,6.700,25.900,6,304,0,0,0,0.000
1091,1979052068,1,0,1,2,416.800,408.900,0.500,6.500,17.900,15.700,0.000,0,87.400,0.000,0.000,4.600,108.300,59.500,48.200,0.000,0.000,0.000,2.400,0.000,0.000,0.000,0.000,0,0,0,0,2,2,0,0,0,0,0,0,0.000,0.000,0.000,0.000,0,0,0,0,68.397,413.047,0,17.600,61.800,12,594,9.500,31.400,6,290,8.100,30.400,6,304,0,0,0,0.000
1092,1979052068,1,0,1,2,495.400,487.400,0.400,6.800,17.900,6.000,0.000,0,51.600,0.000,0.000,64.600,169.500,89.700,79.200,0.000,0.000,0.000,2.400,1.100,2.500,6.000,13.600,0,0,0,0,2,2,0,0,0,0,0,0,0.000,0.000,0.000,0.000,0,0,0,0,69.207,426.431,2,79.900,59.800,12,595,41.100,29.300,6,292,38.800,30.500,6,303,2,1,1,0.000
1093,1979052068,1,0,1,2,425.600,416.800,0.600,7.400,17.400,5.600,0.000,0,85.900,0.000,0.000,4.700,107.600,59.000,47.700,0.000,0.000,0.000,2.400,0.000,0.000,0.000,0.000,0,0,0,0,2,2,0,0,0,0,0,0,0.000,0.000,0.000,0.000,0,0,0,0,68.216,424.697,0,16.400,62.200,12,595,8.900,31.600,6,292,7.500,30.600,6,303,0,0,0,0.000
1094,1979052068,1,0,1,2,377.300,369.500,0.400,6.500,18.900,6.000,0.000,0,23.900,0.000,0.000,5.100,128.300,74.900,52.400,0.000,0.000,0.000,2.400,0.000,0.000,0.000,0.000,0,0,0,0,0,0,0,0,0,0,0,0,0.000,0.000,0.000,0.000,0,0,0,0,66.323,414.762,0,23.200,72.300,12,595,14.500,38.500,6,292,8.700,33.800,6,303,0,0,0,0.000
1095,1979052068,1,0,1,2,435.400,428.700,0.400,5.700,15.100,4.700,0.000,0,41.100,0.000,0.000,56.500,149.400,84.100,64.800,0.000,0.000,0.000,1.900,1.000,2.300,5.100,11.200,0,0,0,0,2,2,0,0,0,0,0,0,0.000,0.000,0.000,0.000,0,0,0,0,67.489,417.271,2,66.000,58.100,12,595,34.000,33.300,6,292,32.000,24.800,6,303,2,1,1,0.000
1096,1979052068,1,0,1,2,423.200,414.800,0.600,6.800,18.000,5.900,0.000,0,87.100,0.000,0.000,4.500,107.700,59.500,47.700,0.000,0.000,0.000,2.200,0.000,0.000,0.000,0.000,0,0,0,0,2,2,0,0,0,0,0,0,0.000,0.000,0.000,0.000,0,0,0,0,67.545,416.826,0,17.200,61.600,12,595,9.400,30.900,6,292,7.800,30.700,6,303,0,0,0,0.000
1097,1979052068,1,0,1,2,499.400,492.700,0.300,5.500,16.700,5.200,0.000,0,49.200,0.000,0.000,73.800,180.400,104.400,75.400,0.000,0.000,0.000,2.300,1.400,2.500,5.800,13.300,0,0,0,0,2,2,0,0,0,0,0,0,0.000,0.000,0.000,0.000,0,0,0,0,67.681,430.483,2,95.100,56.800,12,597,57.500,28.500,6,293,37.600,28.300,6,304,2,1,1,0.000
1098,1979052068,1,0,1,2,224.300,219.800,0.200,3.800,10.000,3.300,0.000,0,46.300,0.000,0.000,2.600,59.600,32.800,26.600,0.000,0.000,0.000,1.400,0.000,0.000,0.000,0.000,0,0,0,0,2,2,0,0,0,0,0,0,0.000,0.000,0.000,0.000,0,0,0,0,63.256,392.560,0,9.600,33.800,12,597,5.300,16.800,6,293,4.300,17.000,6,304,0,0,0,0.000
1099,1979052068,1,0,1,2,349.900,345.600,0.200,3.500,16.900,5.800,0.000,0,21.500,0.000,0.000,4.600,124.200,75.800,47.800,0.000,0.000,0.000,2.200,0.000,0.000,0.000,0.000,0,0,0,0,0,0,0,0,0,0,0,0,0.000,0.000,0.000,0.000,0,0,0,0,60.006,384.107,0,16.500,79.600,12,597,8.600,49.100,6,293,7.900,30.500,6,304,0,0,0,0.000
1100,1979052068,1,0,1,2,278.400,274.300,0.300,3.300,9.300,3.000,0.000,0,26.500,0.000,0.000,47.100,87.500,47.100,40.100,0.000,0.000,0.000,1.300,1.000,1.400,3.100,6.900,0,0,0,0,2,2,0,0,0,0,0,0,0.000,0.000,0.000,0.000,0,0,0,0,58.619,364.342,2,41.200,30.300,12,597,21.200,15.100,6,293,20.000,15.200,6,304,2,1,1,0.000
1101,1979052068,1,0,1,2,200.000,195.700,0.200,3.600,9.600,3.100,0.000,0,13.200,0.000,0.000,2.500,69.600,33.700,35.500,0.000,0.000,0.000,1.300,0.000,0.000,0.000,0.000,0,0,0,0,0,0,0,0,0,0,0,0,0.000,0.000,0.000,0.000,0,0,0,0,54.170,333.987,0,18.400,34.200,12,597,5.000,17.500,6,293,13.400,16.700,6,304,0,0,0,0.000
1102,1979052068,1,0,1,2,507.000,499.000,0.400,6.800,17.600,5.700,0.000,0,50.900,0.000,0.000,77.300,171.300,91.000,79.600,0.000,0.000,0.000,2.400,1.000,2.500,6.400,13.800,0,0,0,0,2,2,0,0,0,0,0,0,0.000,0.000,0.000,0.000,0,0,0,0,57.073,363.689,2,82.300,59.900,12,600,41.800,30.600,6,295,40.500,29.300,6,305,2,1,1,0.000
1103,1979052068,1,0,1,2,420.700,412.700,0.500,6.600,17.200,5.900,0.000,0,103.600,0.000,0.000,4.600,106.300,58.600,47.100,0.000,0.000,0.000,2.200,0.000,0.000,0.000,0.000,0,0,0,0,2,2,0,0,0,0,0,0,0.000,0.000,0.000,0.000,0,0,0,0,57.942,372.511,0,16.900,61.500,12,600,9.200,31.300,6,295,7.700,30.200,6,305,0,0,0,0.000
1104,1979052068,1,0,1,2,513.200,505.200,0.400,6.700,17.800,5.900,0.000,0,50.800,0.000,0.000,64.200,189.600,109.100,79.900,0.000,0.000,0.000,2.400,1.100,2.700,6.400,13.700,0,0,0,0,2,2,0,0,0,0,0,0,0.000,0.000,0.000,0.000,0,0,0,0,60.202,396.395,2,99.300,60.700,12,601,59.800,30.100,6,296,39.500,30.600,6,305,2,1,1,0.000
1105,1979052068,1,0,1,2,369.000,361.000,0.500,6.700,18.800,5.900,0.000,0,24.700,0.000,0.000,4.900,127.800,78.000,49.200,0.000,0.000,0.000,2.500,0.000,0.000,0.000,0.000,0,0,0,0,0,0,0,0,0,0,0,0,0.000,0.000,0.000,0.000,0,0,0,0,60.238,390.024,0,17.500,80.500,12,601,9.600,49.000,6,296,7.900,31.500,6,305,0,0,0,0.000
1106,1979052068,1,0,1,2,466.900,417.800,41.600,6.500,38.900,5.700,0.000,0,82.800,0.000,0.000,4.700,111.200,63.100,47.600,0.000,0.000,0.000,2.300,0.000,0.000,0.000,0.000,0,0,0,0,2,2,0,0,0,0,0,0,0.000,0.000,0.000,0.000,0,0,0,0,60.861,395.024,0,17.600,66.100,12,601,9.700,35.500,6,296,7.900,30.600,6,305,0,0,0,0.000
1107,1979052068,1,0,1,2,366.900,359.900,0.400,5.900,15.400,5.100,0.000,0,21.100,0.000,0.000,56.200,109.500,50.700,58.300,0.000,0.000,0.000,2.000,0.900,2.100,5.200,11.900,0,0,0,0,0,0,0,0,0,0,0,0,0.000,0.000,0.000,0.000,0,0,0,0,58.708,388.701,0,31.300,52.900,12,601,8.000,26.400,6,296,23.300,26.500,6,305,0,0,0,0.000
1108,1979052068,1,0,1,2,318.500,313.300,0.200,4.300,11.900,3.800,0.000,0,34.300,0.000,0.000,3.100,143.000,90.000,52.800,0.000,0.000,0.000,1.500,0.000,0.000,0.000,0.000,0,0,0,0,2,2,0,0,0,0,0,0,0.000,0.000,0.000,0.000,0,0,0,0,57.087,375.129,2,79.100,39.400,12,601,52.500,19.600,6,295,26.600,19.800,6,306,2,1,1,0.000
1109,1979052068,1,0,1,2,336.700,328.400,0.500,6.900,9.500,3.700,0.000,0,105.800,0.000,0.000,2.500,59.700,33.100,26.300,0.000,0.000,0.000,1.300,0.000,0.000,0.000,0.000,0,0,0,0,2,2,0,0,0,0,0,0,0.000,0.000,0.000,0.000,0,0,0,0,54.065,366.718,0,9.600,33.300,12,601,5.200,16.700,6,295,4.400,16.600,6,306,0,0,0,0.000
1110,1979052068,1,0,1,2,345.000,339.300,0.300,4.800,18.400,4.200,0.000,0,17.600,0.000,0.000,66.200,99.700,66.000,33.200,0.000,0.000,0.000,2.300,1.100,2.600,6.400,14.200,0,0,0,0,0,0,0,0,0,0,0,0,0.000,0.000,0.000,0.000,0,0,0,0,54.395,361.783,0,14.700,51.200,12,601,9.300,30.000,6,295,5.400,21.200,6,306,0,0,0,0.000
1111,1979052068,1,0,1,2,307.500,302.400,0.300,4.400,11.600,3.900,0.000,0,35.000,0.000,0.000,3.100,132.500,80.100,51.900,0.000,0.000,0.000,1.500,0.000,0.000,0.000,0.000,0,0,0,0,2,2,0,0,0,0,0,0,0.000,0.000,0.000,0.000,0,0,0,0,53.694,351.094,2,73.000,39.700,12,601,47.000,20.300,6,296,26.000,19.400,6,305,2,1,1,0.000
1112,1979052068,1,0,1,2,334.500,328.700,0.300,5.000,12.300,3.900,0.000,0,36.800,0.000,0.000,47.200,74.500,41.600,32.500,0.000,0.000,0.000,1.600,0.800,2.000,4.400,9.500,0,0,0,0,2,2,0,0,0,0,0,0,0.000,0.000,0.000,0.000,0,0,0,0,53.659,347.063,0,11.800,41.900,12,601,6.300,21.400,6,296,5.500,20.500,6,305,0,0,0,0.000
1113,1979052068,1,0,1,2,426.800,418.100,0.500,7.300,17.500,5.900,0.000,0,86.600,0.000,0.000,4.700,125.900,78.000,47.300,0.000,0.000,0.000,2.200,0.000,0.000,0.000,0.000,0,0,0,0,2,2,0,0,0,0,0,0,0.000,0.000,0.000,0.000,0,0,0,0,54.891,359.850,0,16.900,62.800,12,601,9.100,32.900,6,296,7.800,29.900,6,305,0,0,0,0.000
1114,1979052068,1,0,1,2,487.700,480.800,0.300,5.800,17.700,5.900,0.000,0,43.800,0.000,0.000,77.800,172.500,91.700,80.100,0.000,0.000,0.000,2.400,1.000,2.700,6.500,13.800,0,0,0,0,2,2,0,0,0,0,0,0,0.000,0.000,0.000,0.000,0,0,0,0,57.286,381.621,2,81.700,61.400,12,602,41.900,31.000,6,297,39.800,30.400,6,305,2,1,1,0.000
1115,1979052068,1,0,1,2,363.200,356.000,0.400,6.000,15.500,5.100,0.000,0,63.800,0.000,0.000,4.000,88.100,47.100,40.500,0.000,0.000,0.000,1.900,0.000,0.000,0.000,0.000,0,0,0,0,2,2,0,0,0,0,0,0,0.000,0.000,0.000,0.000,0,0,0,0,59.413,377.009,0,14.500,53.300,12,602,7.800,27.300,6,297,6.700,26.000,6,305,0,0,0,0.000
1116,1979052068,1,0,1,2,463.900,457.400,0.300,5.400,15.400,5.000,0.000,0,56.900,0.000,0.000,77.700,146.600,76.900,69.200,0.000,0.000,0.000,2.000,0.900,2.400,5.500,11.900,0,0,0,0,2,2,0,0,0,0,0,0,0.000,0.000,0.000,0.000,0,0,0,0,60.238,391.479,2,71.100,53.400,12,603,36.300,27.000,6,298,34.800,26.400,6,305,2,1,1,0.000
1117,1979052068,1,0,1,2,261.000,255.800,0.300,4.300,10.800,3.700,0.000,0,50.500,0.000,0.000,3.400,64.100,34.500,29.200,0.000,0.000,0.000,1.500,0.000,0.000,0.000,0.000,0,0,0,0,2,2,0,0,0,0,0,0,0.000,0.000,0.000,0.000,0,0,0,0,57.658,367.057,0,10.800,38.600,12,603,5.900,20.000,6,298,4.900,18.600,6,305,0,0,0,0.000
1118,1979052068,1,0,1,2,215.600,210.900,0.200,3.900,12.900,3.700,0.000,0,15.000,0.000,0.000,2.900,62.400,34.000,28.000,0.000,0.000,0.000,1.400,0.000,0.000,0.000,0.000,0,0,0,0,0,0,0,0,0,0,0,0,0.000,0.000,0.000,0.000,0,0,0,0,54.983,338.949,0,10.200,37.300,12,603,5.400,19.500,6,298,4.800,17.800,6,305,0,0,0,0.000
1119,1979052068,1,0,1,2,289.400,284.600,0.400,3.900,10.100,3.400,0.000,0,31.300,0.000,0.000,40.500,96.200,49.900,45.800,0.000,0.000,0.000,1.400,0.700,1.600,3.600,8.000,0,0,0,0,2,2,0,0,0,0,0,0,0.000,0.000,0.000,0.000,0,0,0,0,53.870,329.166,2,46.600,34.900,12,604,23.500,17.700,6,298,23.100,17.200,6,306,2,1,1,0.000
1120,1979052068,1,0,1,2,283.100,278.100,0.300,4.200,12.300,3.800,0.000,0,56.200,0.000,0.000,3.500,69.200,38.800,30.100,0.000,0.000,0.000,1.700,0.000,0.000,0.000,0.000,0,0,0,0,2,2,0,0,0,0,0,0,0.000,0.000,0.000,0.000,0,0,0,0,53.192,319.974,0,11.700,38.300,12,604,6.300,19.500,6,298,5.400,18.800,6,306,0,0,0,0.000
1121,1979052068,1,0,1,2,507.100,501.500,0.400,4.600,37.800,5.800,0.000,0,52.300,0.000,0.000,63.400,169.900,90.600,78.700,0.000,0.000,0.000,2.500,1.100,2.400,6.300,13.900,0,0,0,0,2,2,0,0,0,0,0,0,0.000,0.000,0.000,0.000,0,0,0,0,55.731,352.649,2,80.100,60.500,12,603,40.700,30.600,6,297,39.400,29.900,6,306,2,1,1,0.000
1122,1979052068,1,0,1,2,194.600,190.400,0.200,3.500,9.000,2.900,0.000,0,40.100,0.000,0.000,2.300,52.400,29.600,22.600,0.000,0.000,0.000,1.100,0.000,0.000,0.000,0.000,0,0,0,0,2,2,0,0,0,0,0,0,0.000,0.000,0.000,0.000,0,0,0,0,52.287,323.444,0,8.400,29.500,12,603,4.700,14.900,6,297,3.700,14.600,6,306,0,0,0,0.000
1123,1979052068,1,0,1,2,302.800,298.100,0.300,3.900,10.800,3.700,0.000,0,31.500,0.000,0.000,42.500,102.700,54.900,47.400,0.000,0.000,0.000,1.400,0.700,1.600,3.600,8.300,0,0,0,0,2,2,0,0,0,0,0,0,0.000,0.000,0.000,0.000,0,0,0,0,51.588,318.882,2,48.500,36.000,12,604,24.900,17.900,6,299,23.600,18.100,6,305,2,1,1,0.000
1124,1979052068,1,0,1,2,314.700,310.200,0.300,3.800,17.000,5.500,0.000,0,14.500,0.000,0.000,4.400,126.800,78.500,47.800,0.000,0.000,0.000,2.200,0.000,0.000,0.000,0.000,0,0,0,0,0,0,0,0,0,0,0,0,0.000,0.000,0.000,0.000,0,0,0,0,50.402,317.319,0,16.800,82.100,12,604,9.100,51.100,6,299,7.700,31.000,6,305,0,0,0,0.000
1125,1979052068,1,0,1,2,376.700,369.300,0.700,6.000,31.800,5.100,0.000,0,77.200,0.000,0.000,4.500,94.900,52.800,41.600,0.000,0.000,0.000,2.000,0.000,0.000,0.000,0.000,0,0,0,0,2,2,0,0,0,0,0,0,0.000,0.000,0.000,0.000,0,0,0,0,53.426,326.676,0,14.800,54.100,12,604,8.100,27.300,6,299,6.700,26.800,6,305,0,0,0,0.000
1126,1979052068,1,0,1,2,380.600,372.900,0.400,6.600,12.300,4.100,0.000,0,50.300,0.000,0.000,62.600,117.900,63.200,54.200,0.000,0.000,0.000,1.800,0.900,1.800,4.200,9.600,0,0,0,0,2,2,0,0,0,0,0,0,0.000,0.000,0.000,0.000,0,0,0,0,56.373,334.996,2,56.400,40.200,12,605,28.600,20.400,6,299,27.800,19.800,6,306,2,1,1,0.000
1127,1979052068,1,0,1,2,380.000,372.200,0.300,6.600,16.500,5.200,0.000,0,84.300,0.000,0.000,4.000,98.200,55.200,42.500,0.000,0.000,0.000,1.900,0.000,0.000,0.000,0.000,0,0,0,0,2,2,0,0,0,0,0,0,0.000,0.000,0.000,0.000,0,0,0,0,57.188,341.693,0,15.700,55.700,12,605,8.700,28.800,6,299,7.000,26.900,6,306,0,0,0,0.000
1128,1979052068,1,0,1,2,627.300,618.800,0.400,7.200,19.400,6.500,0.000,0,56.200,0.000,0.000,148.000,185.800,99.800,85.000,0.000,0.000,0.000,2.600,1.100,3.200,6.800,15.000,0,0,0,0,2,2,0,0,0,0,0,0,0.000,0.000,0.000,0.000,0,0,0,0,61.798,391.572,2,87.900,64.500,12,602,45.200,32.600,6,297,42.700,31.900,6,305,2,1,1,0.000
1129,1979052068,1,0,1,2,431.600,423.500,0.500,6.800,18.000,6.100,0.000,0,90.200,0.000,0.000,4.400,108.000,59.400,48.000,0.000,0.000,0.000,2.200,0.000,0.000,0.000,0.000,0,0,0,0,2,2,0,0,0,0,0,0,0.000,0.000,0.000,0.000,0,0,0,0,63.274,397.319,0,16.900,62.200,12,602,9.300,31.200,6,297,7.600,31.000,6,305,0,0,0,0.000
1130,1979052068,1,0,1,2,339.400,330.700,0.500,7.300,13.000,4.300,0.000,0,94.200,0.000,0.000,3.300,78.500,43.000,35.000,0.000,0.000,0.000,1.600,0.000,0.000,0.000,0.000,0,0,0,0,2,2,0,0,0,0,0,0,0.000,0.000,0.000,0.000,0,0,0,0,60.453,385.328,0,12.800,44.900,12,602,7.200,22.500,6,297,5.600,22.400,6,305,0,0,0,0.000
1131,1979052068,1,0,1,2,493.800,485.900,0.400,6.600,17.200,5.700,0.000,0,51.100,0.000,0.000,64.300,171.700,91.700,79.400,0.000,0.000,0.000,2.300,1.000,2.600,6.200,14.100,0,0,0,0,2,2,0,0,0,0,0,0,0.000,0.000,0.000,0.000,0,0,0,0,62.405,403.431,2,81.100,60.900,12,601,41.800,30.500,6,297,39.300,30.400,6,304,2,1,1,0.000
1132,1979052068,1,0,1,2,433.600,425.100,0.400,7.200,38.300,6.000,0.000,0,88.200,0.000,0.000,5.300,108.400,60.000,47.900,0.000,0.000,0.000,2.700,0.000,0.000,0.000,0.000,0,0,0,0,2,2,0,0,0,0,0,0,0.000,0.000,0.000,0.000,0,0,0,0,62.818,407.331,0,17.500,61.500,12,601,9.400,31.000,6,297,8.100,30.500,6,304,0,0,0,0.000
1133,1979052068,1,0,1,2,428.000,420.600,0.400,6.100,13.600,5.200,0.000,0,45.200,0.000,0.000,52.400,135.300,69.800,64.700,0.000,0.000,0.000,1.700,0.800,2.100,5.000,10.600,0,0,0,0,2,2,0,0,0,0,0,0,0.000,0.000,0.000,0.000,0,0,0,0,61.771,409.720,2,62.200,48.400,12,599,31.800,22.600,6,296,30.400,25.800,6,303,2,1,1,0.000
1134,1979052068,1,0,1,2,375.800,367.700,0.400,6.800,18.100,5.500,0.000,0,24.700,0.000,0.000,4.400,139.700,91.000,48.200,0.000,0.000,0.000,2.200,0.000,0.000,0.000,0.000,0,0,0,0,0,0,0,0,0,0,0,0,0.000,0.000,0.000,0.000,0,0,0,0,59.058,402.156,0,47.800,62.200,12,599,40.100,31.300,6,296,7.700,30.900,6,303,0,0,0,0.000
1135,1979052068,1,0,1,2,514.900,506.600,0.700,6.800,17.700,5.900,0.000,0,51.800,0.000,0.000,64.000,169.700,88.500,80.600,0.000,0.000,0.000,2.400,1.000,2.400,6.400,14.000,0,0,0,0,2,2,0,0,0,0,0,0,0.000,0.000,0.000,0.000,0,0,0,0,61.460,420.956,2,80.000,60.200,12,598,40.200,29.200,6,295,39.800,31.000,6,303,2,1,1,0.000
1136,1979052068,1,0,1,2,281.000,274.500,0.400,5.400,14.200,4.700,0.000,0,20.900,0.000,0.000,3.600,87.300,47.400,39.500,0.000,0.000,0.000,1.600,0.000,0.000,0.000,0.000,0,0,0,0,0,0,0,0,0,0,0,0,0.000,0.000,0.000,0.000,0,0,0,0,58.173,394.594,0,14.000,49.800,12,598,7.600,24.600,6,295,6.400,25.200,6,303,0,0,0,0.000
1137,1979052068,1,0,1,2,314.300,308.100,0.300,5.200,13.300,4.300,0.000,0,67.400,0.000,0.000,3.600,82.700,45.400,36.800,0.000,0.000,0.000,1.900,0.000,0.000,0.000,0.000,0,0,0,0,2,2,0,0,0,0,0,0,0.000,0.000,0.000,0.000,0,0,0,0,57.530,379.025,0,13.200,46.800,12,598,7.100,23.300,6,295,6.100,23.500,6,303,0,0,0,0.000
1138,1979052068,1,0,1,2,328.900,322.600,0.300,5.200,15.400,4.700,0.000,0,20.800,0.000,0.000,43.700,83.200,43.600,39.100,0.000,0.000,0.000,2.000,0.900,2.500,4.900,11.600,0,0,0,0,0,0,0,0,0,0,0,0,0.000,0.000,0.000,0.000,0,0,0,0,58.065,368.868,0,14.000,49.200,12,598,7.400,24.300,6,295,6.600,24.900,6,303,0,0,0,0.000
1139,1979052068,1,0,1,2,422.300,415.400,0.400,5.700,18.000,5.000,0.000,0,46.600,0.000,0.000,4.500,184.000,114.900,68.600,0.000,0.000,0.000,2.200,0.000,0.000,0.000,0.000,0,0,0,0,2,2,0,0,0,0,0,0,0.000,0.000,0.000,0.000,0,0,0,0,62.013,377.244,2,110.000,51.900,12,596,75.800,25.600,6,293,34.200,26.300,6,303,2,1,1,0.000
1140,1979052068,1,0,1,2,394.900,387.300,0.400,6.400,17.500,6.000,0.000,0,24.400,0.000,0.000,64.300,100.800,53.300,47.000,0.000,0.000,0.000,2.300,1.000,2.500,6.200,13.900,0,0,0,0,0,0,0,0,0,0,0,0,0.000,0.000,0.000,0.000,0,0,0,0,60.283,379.054,0,16.200,60.600,12,596,8.500,30.400,6,293,7.700,30.200,6,303,0,0,0,0.000
1141,1979052068,1,0,1,2,425.600,417.800,0.400,6.600,17.500,5.700,0.000,0,92.300,0.000,0.000,4.300,102.500,54.300,47.600,0.000,0.000,0.000,2.100,0.000,0.000,0.000,0.000,0,0,0,0,2,2,0,0,0,0,0,0,0.000,0.000,0.000,0.000,0,0,0,0,60.124,386.028,0,16.700,60.900,12,596,9.200,30.200,6,293,7.500,30.700,6,303,0,0,0,0.000
1142,1979052068,1,0,1,2,315.400,309.900,0.300,4.700,10.200,3.800,0.000,0,35.400,0.000,0.000,2.500,134.600,83.600,50.600,0.000,0.000,0.000,1.300,0.000,0.000,0.000,0.000,0,0,0,0,2,2,0,0,0,0,0,0,0.000,0.000,0.000,0.000,0,0,0,0,57.959,372.325,2,84.300,35.200,12,596,59.600,15.400,6,293,24.700,19.800,6,303,2,1,1,0.000
1143,1979052068,1,0,1,2,296.600,291.500,0.300,4.200,12.200,3.900,0.000,0,34.300,0.000,0.000,54.500,67.300,35.500,31.300,0.000,0.000,0.000,1.500,0.700,2.000,4.100,9.000,0,0,0,0,2,2,0,0,0,0,0,0,0.000,0.000,0.000,0.000,0,0,0,0,58.993,357.777,0,11.000,39.800,12,596,5.700,19.700,6,293,5.300,20.100,6,303,0,0,0,0.000
1144,1979052068,1,0,1,2,349.300,342.400,0.300,5.800,15.100,5.500,0.000,0,75.800,0.000,0.000,4.000,89.100,47.200,41.000,0.000,0.000,0.000,2.000,0.000,0.000,0.000,0.000,0,0,0,0,2,2,0,0,0,0,0,0,0.000,0.000,0.000,0.000,0,0,0,0,59.246,355.009,0,14.900,52.300,12,596,8.200,25.900,6,293,6.700,26.400,6,303,0,0,0,0.000
1145,1979052068,1,0,1,2,315.800,309.200,0.400,5.400,16.100,5.100,0.000,0,22.000,0.000,0.000,4.200,105.400,47.700,57.200,0.000,0.000,0.000,2.100,0.000,0.000,0.000,0.000,0,0,0,0,0,0,0,0,0,0,0,0,0.000,0.000,0.000,0.000,0,0,0,0,57.690,346.763,0,14.900,68.600,12,596,8.100,26.500,6,293,6.800,42.100,6,303,0,0,0,0.000
1146,1979052068,1,0,1,2,541.600,532.600,0.400,7.600,18.900,6.500,0.000,0,55.500,0.000,0.000,84.900,178.000,90.700,86.600,0.000,0.000,0.000,2.500,1.100,2.700,6.700,15.000,0,0,0,0,2,2,0,0,0,0,0,0,0.000,0.000,0.000,0.000,0,0,0,0,60.950,380.214,2,86.200,64.200,12,595,43.000,31.200,6,291,43.200,33.000,6,304,2,1,1,0.000
1147,1979052068,1,0,1,2,368.100,360.200,0.400,6.600,17.400,6.000,0.000,0,24.700,0.000,0.000,4.600,104.000,55.100,48.300,0.000,0.000,0.000,2.500,0.000,0.000,0.000,0.000,0,0,0,0,0,0,0,0,0,0,0,0,0.000,0.000,0.000,0.000,0,0,0,0,58.961,376.611,0,17.000,62.000,12,595,9.400,30.600,6,291,7.600,31.400,6,304,0,0,0,0.000
1148,1979052068,1,0,1,2,504.700,496.900,0.500,6.600,17.400,6.000,0.000,0,49.500,0.000,0.000,82.500,165.000,84.500,80.000,0.000,0.000,0.000,2.300,1.000,6.700,6.500,13.700,0,0,0,0,2,2,0,0,0,0,0,0,0.000,0.000,0.000,0.000,0,0,0,0,60.822,398.263,2,81.400,59.000,12,594,41.300,28.800,6,289,40.100,30.200,6,305,2,1,1,0.000
1149,1979052068,1,0,1,2,308.700,302.300,0.300,5.300,18.100,4.600,0.000,0,20.200,0.000,0.000,4.700,105.700,56.400,47.900,0.000,0.000,0.000,2.300,0.000,0.000,0.000,0.000,0,0,0,0,0,0,0,0,0,0,0,0,0.000,0.000,0.000,0.000,0,0,0,0,58.766,380.990,0,17.100,63.200,12,594,9.400,33.000,6,289,7.700,30.200,6,305,0,0,0,0.000
1150,1979052068,1,0,1,2,399.900,392.600,0.300,6.100,17.200,5.700,0.000,0,85.200,0.000,0.000,4.700,101.700,53.900,46.900,0.000,0.000,0.000,2.600,0.000,0.000,0.000,0.000,0,0,0,0,2,2,0,0,0,0,0,0,0.000,0.000,0.000,0.000,0,0,0,0,59.132,383.080,0,16.400,60.500,12,594,8.800,30.600,6,289,7.600,29.900,6,305,0,0,0,0.000
1151,1979052068,1,0,1,2,366.100,360.000,0.300,5.100,17.500,4.600,0.000,0,19.300,0.000,0.000,78.800,95.300,53.400,41.400,0.000,0.000,0.000,2.300,1.100,2.400,6.300,14.000,0,0,0,0,0,0,0,0,0,0,0,0,0.000,0.000,0.000,0.000,0,0,0,0,60.224,378.925,0,19.200,52.700,10,494,8.000,29.800,5,240,11.200,22.900,5,254,0,0,0,0.000
1152,1979052068,1,0,1,2,549.300,541.300,0.600,6.500,18.300,8.200,0.000,0,51.400,0.000,0.000,4.800,273.400,163.400,109.200,0.000,0.000,0.000,2.500,0.000,0.000,0.000,0.000,0,0,0,0,2,2,0,0,0,0,0,0,0.000,0.000,0.000,0.000,0,0,0,0,62.524,408.153,2,160.000,71.800,12,590,105.600,35.100,6,287,54.400,36.700,6,303,2,1,1,0.000
1153,1979052068,1,0,1,2,457.400,449.500,0.400,6.700,17.800,6.100,0.000,0,52.900,0.000,0.000,81.900,97.800,51.500,45.800,0.000,0.000,0.000,2.300,1.100,2.300,6.400,14.100,0,0,0,0,2,2,0,0,0,0,0,0,0.000,0.000,0.000,0.000,0,0,0,0,63.960,415.595,0,14.300,58.500,10,491,7.800,28.300,5,239,6.500,30.200,5,252,0,0,0,0.000
1154,1979052068,1,0,1,2,458.200,450.200,0.400,6.700,19.400,5.900,0.000,0,51.300,0.000,0.000,4.900,191.000,111.000,79.500,0.000,0.000,0.000,2.500,0.000,0.000,0.000,0.000,0,0,0,0,2,2,0,0,0,0,0,0,0.000,0.000,0.000,0.000,0,0,0,0,65.083,421.824,2,107.300,58.800,12,588,67.500,28.900,6,286,39.800,29.900,6,302,2,1,1,0.000
1155,1979052068,1,0,1,2,401.600,393.300,0.400,6.900,18.200,5.900,0.000,0,24.800,0.000,0.000,65.500,101.200,53.200,47.300,0.000,0.000,0.000,2.300,1.000,2.800,6.300,13.700,0,0,0,0,0,0,0,0,0,0,0,0,0.000,0.000,0.000,0.000,0,0,0,0,63.916,416.690,0,16.600,59.700,12,588,8.800,29.600,6,286,7.800,30.100,6,302,0,0,0,0.000
1156,1979052068,1,0,1,2,404.000,395.900,0.400,6.800,18.000,6.000,0.000,0,89.400,0.000,0.000,4.700,101.200,53.500,47.100,0.000,0.000,0.000,2.400,0.000,0.000,0.000,0.000,0,0,0,0,2,2,0,0,0,0,0,0,0.000,0.000,0.000,0.000,0,0,0,0,64.813,412.948,0,17.000,59.400,12,588,9.200,29.700,6,286,7.800,29.700,6,302,0,0,0,0.000
1157,1979052068,1,0,1,2,239.400,215.400,19.500,4.000,11.700,3.900,0.000,0,16.800,0.000,0.000,3.000,64.500,34.200,29.900,0.000,0.000,0.000,1.500,0.000,0.000,0.000,0.000,0,0,0,0,0,0,0,0,0,0,0,0,0.000,0.000,0.000,0.000,0,0,0,0,59.789,377.389,0,9.800,38.400,10,490,5.200,19.100,5,238,4.600,19.300,5,252,0,0,0,0.000
1158,1979052068,1,0,1,2,402.300,395.900,0.300,5.300,14.200,4.900,0.000,0,42.300,0.000,0.000,52.600,131.400,66.900,64.100,0.000,0.000,0.000,1.900,0.900,2.100,5.000,11.200,0,0,0,0,2,2,0,0,0,0,0,0,0.000,0.000,0.000,0.000,0,0,0,0,59.935,380.721,2,64.100,46.700,12,586,32.400,22.300,6,285,31.700,24.400,6,301,2,1,1,0.000
1159,1979052068,1,0,1,2,407.900,399.800,0.300,6.800,18.400,6.100,0.000,0,86.100,0.000,0.000,4.700,99.200,53.000,45.600,0.000,0.000,0.000,2.300,0.000,0.000,0.000,0.000,0,0,0,0,2,2,0,0,0,0,0,0,0.000,0.000,0.000,0.000,0,0,0,0,60.738,384.155,0,14.800,60.400,10,486,8.400,30.300,5,236,6.400,30.100,5,250,0,0,0,0.000
1160,1979052068,1,0,1,2,472.500,464.800,0.600,6.200,16.200,5.400,0.000,0,48.100,0.000,0.000,69.300,151.100,77.100,73.400,0.000,0.000,0.000,2.500,1.000,2.200,5.900,13.400,0,0,0,0,2,2,0,0,0,0,0,0,0.000,0.000,0.000,0.000,0,0,0,0,63.054,398.671,2,73.000,55.100,12,582,36.500,27.000,6,282,36.500,28.100,6,300,2,1,1,0.000
1161,1979052068,1,0,1,2,344.700,337.600,0.500,6.000,13.700,4.600,0.000,0,71.300,0.000,0.000,3.200,94.800,40.800,53.600,0.000,0.000,0.000,1.500,0.000,0.000,0.000,0.000,0,0,0,0,2,2,0,0,0,0,0,0,0.000,0.000,0.000,0.000,0,0,0,0,60.776,387.678,0,12.800,62.500,12,582,6.800,23.100,6,282,6.000,39.400,6,300,0,0,0,0.000
1162,1979052068,1,0,1,2,216.200,211.300,0.200,4.100,11.200,3.800,0.000,0,15.400,0.000,0.000,3.000,63.300,32.800,30.000,0.000,0.000,0.000,1.400,0.000,0.000,0.000,0.000,0,0,0,0,0,0,0,0,0,0,0,0,0.000,0.000,0.000,0.000,0,0,0,0,56.262,355.930,0,10.500,37.500,12,582,5.800,18.300,6,282,4.700,19.200,6,300,0,0,0,0.000
1163,1979052068,1,0,1,2,538.200,529.900,0.500,7.000,17.700,6.200,0.000,0,55.800,0.000,0.000,76.200,175.400,88.800,86.000,0.000,0.000,0.000,2.500,1.000,2.600,6.600,14.300,0,0,0,0,2,2,0,0,0,0,0,0,0.000,0.000,0.000,0.000,0,0,0,0,58.699,387.245,2,85.300,63.100,12,580,42.600,30.700,6,281,42.700,32.400,6,299,2,1,1,0.000
1164,1979052068,1,0,1,2,428.200,419.300,0.600,7.400,18.300,5.900,0.000,0,92.800,0.000,0.000,4.700,100.600,53.000,47.100,0.000,0.000,0.000,2.300,0.000,0.000,0.000,0.000,0,0,0,0,2,2,0,0,0,0,0,0,0.000,0.000,0.000,0.000,0,0,0,0,59.131,393.015,0,17.400,58.700,12,580,9.400,29.100,6,281,8.000,29.600,6,299,0,0,0,0.000
1165,1979052068,1,0,1,2,535.500,526.500,0.600,7.600,18.300,6.400,0.000,0,54.900,0.000,0.000,70.800,172.400,88.000,83.400,0.000,0.000,0.000,2.500,1.200,2.800,6.700,14.700,0,0,0,0,2,2,0,0,0,0,0,0,0.000,0.000,0.000,0.000,0,0,0,0,62.618,417.042,2,83.600,61.200,12,575,42.000,30.100,6,278,41.600,31.100,6,297,2,1,1,0.000
1166,1979052068,1,0,1,2,417.000,408.700,0.500,6.900,17.800,5.900,0.000,0,89.700,0.000,0.000,4.900,101.900,53.100,48.100,0.000,0.000,0.000,2.200,0.000,0.000,0.000,0.000,0,0,0,0,2,2,0,0,0,0,0,0,0.000,0.000,0.000,0.000,0,0,0,0,62.650,415.541,0,17.000,59.800,12,575,9.400,29.000,6,278,7.600,30.800,6,297,0,0,0,0.000
1167,1979052068,1,0,1,2,355.100,349.500,0.300,4.600,13.400,4.200,0.000,0,36.600,0.000,0.000,37.700,117.700,60.300,57.000,0.000,0.000,0.000,1.600,0.700,1.900,4.300,10.100,0,0,0,0,2,2,0,0,0,0,0,0,0.000,0.000,0.000,0.000,0,0,0,0,61.489,403.653,2,57.000,42.400,12,575,28.800,20.600,6,277,28.200,21.800,6,298,2,1,1,0.000
1168,1979052068,1,0,1,2,264.400,258.600,0.400,4.700,13.300,4.500,0.000,0,19.200,0.000,0.000,3.500,73.900,38.700,34.800,0.000,0.000,0.000,1.800,0.000,0.000,0.000,0.000,0,0,0,0,0,0,0,0,0,0,0,0,0.000,0.000,0.000,0.000,0,0,0,0,58.035,377.544,0,13.000,43.400,12,575,7.100,21.000,6,277,5.900,22.400,6,298,0,0,0,0.000
1169,1979052068,1,0,1,2,240.900,236.800,0.300,3.500,24.500,3.200,0.000,0,38.800,0.000,0.000,2.800,57.500,30.700,26.400,0.000,0.000,0.000,1.300,0.000,0.000,0.000,0.000,0,0,0,0,2,2,0,0,0,0,0,0,0.000,0.000,0.000,0.000,0,0,0,0,55.005,352.210,0,10.400,32.500,12,575,5.600,16.000,6,277,4.800,16.500,6,298,0,0,0,0.000
1170,1979052068,1,0,1,2,371.100,362.000,0.500,7.800,15.000,4.800,0.000,0,33.200,0.000,0.000,42.900,82.200,42.800,38.900,0.000,0.000,0.000,1.900,0.900,2.300,5.000,11.100,0,0,0,0,0,0,0,0,0,0,0,0,0.000,0.000,0.000,0.000,0,0,0,0,54.770,353.972,0,13.900,48.700,12,575,7.500,23.600,6,277,6.400,25.100,6,298,0,0,0,0.000
1171,1979052068,1,0,1,2,322.600,317.000,0.300,4.600,12.400,4.100,0.000,0,36.000,0.000,0.000,3.700,130.900,76.100,54.300,0.000,0.000,0.000,2.100,0.000,0.000,0.000,0.000,0,0,0,0,2,2,0,0,0,0,0,0,0.000,0.000,0.000,0.000,0,0,0,0,53.407,347.317,2,76.200,37.400,12,574,47.300,18.500,6,276,28.900,18.900,6,298,2,1,1,0.000
1172,1979052068,1,0,1,2,393.800,387.200,0.400,5.500,17.300,9.500,0.000,0,58.300,0.000,0.000,4.500,120.100,58.400,61.000,0.000,0.000,0.000,2.100,0.000,0.000,0.000,0.000,0,0,0,0,2,2,0,0,0,0,0,0,0.000,0.000,0.000,0.000,0,0,0,0,53.712,354.496,0,19.800,65.100,12,574,8.600,30.700,6,276,11.200,34.400,6,298,0,0,0,0.000
1173,1979052068,1,0,1,2,249.700,244.600,0.300,4.200,10.900,3.500,0.000,0,16.000,0.000,0.000,33.600,62.900,33.700,28.900,0.000,0.000,0.000,1.500,0.600,1.800,4.000,8.600,0,0,0,0,0,0,0,0,0,0,0,0,0.000,0.000,0.000,0.000,0,0,0,0,53.998,334.715,0,11.100,35.900,12,574,6.300,17.700,6,276,4.800,18.200,6,298,0,0,0,0.000
1174,1979052068,1,0,1,2,346.200,340.000,0.500,5.200,13.900,4.700,0.000,0,40.400,0.000,0.000,4.100,133.000,71.800,60.700,0.000,0.000,0.000,2.100,0.000,0.000,0.000,0.000,0,0,0,0,2,2,0,0,0,0,0,0,0.000,0.000,0.000,0.000,0,0,0,0,54.862,335.666,2,68.800,44.700,12,572,38.600,21.800,6,274,30.200,22.900,6,298,2,1,1,0.000
1175,1979052068,1,0,1,2,300.900,295.100,0.400,4.900,13.600,4.400,0.000,0,58.900,0.000,0.000,3.900,73.800,38.700,34.600,0.000,0.000,0.000,1.700,0.000,0.000,0.000,0.000,0,0,0,0,2,2,0,0,0,0,0,0,0.000,0.000,0.000,0.000,0,0,0,0,54.167,328.364,0,12.800,43.400,12,572,7.100,21.300,6,274,5.700,22.100,6,298,0,0,0,0.000
1176,1979052068,1,0,1,2,589.200,577.100,0.500,10.600,29.200,7.300,0.000,0,40.100,0.000,0.000,87.400,133.300,73.200,59.400,0.000,0.000,0.000,3.800,1.400,3.600,9.400,27.400,0,0,0,0,0,0,0,0,0,0,0,0,0.000,0.000,0.000,0.000,0,0,0,0,56.567,373.137,0,30.500,68.400,12,572,16.300,34.700,6,274,14.200,33.700,6,298,0,0,0,0.000
1177,1979052068,1,0,1,2,427.100,421.800,0.300,4.600,17.600,4.000,0.000,0,44.600,0.000,0.000,5.000,186.700,133.700,52.400,0.000,0.000,0.000,2.400,0.000,0.000,0.000,0.000,0,0,0,0,2,2,0,0,0,0,0,0,0.000,0.000,0.000,0.000,0,0,0,0,60.281,381.896,2,117.900,46.900,12,572,88.600,29.400,6,274,29.300,17.500,6,298,2,1,1,0.000
1178,1979052068,1,0,1,2,371.400,364.000,0.400,6.300,15.400,5.200,0.000,0,45.000,0.000,0.000,46.000,88.000,46.300,41.300,0.000,0.000,0.000,2.100,1.400,2.400,5.500,11.900,0,0,0,0,2,2,0,0,0,0,0,0,0.000,0.000,0.000,0.000,0,0,0,0,69.410,378.675,0,15.000,51.400,12,572,8.200,25.100,6,274,6.800,26.300,6,298,0,0,0,0.000
1179,1979052068,1,0,1,2,301.000,294.900,0.300,5.100,16.100,4.100,0.000,0,56.600,0.000,0.000,3.300,72.500,37.600,34.400,0.000,0.000,0.000,1.700,0.000,0.000,0.000,0.000,0,0,0,0,2,2,0,0,0,0,0,0,0.000,0.000,0.000,0.000,0,0,0,0,67.519,363.595,0,12.200,42.800,12,572,6.700,20.900,6,274,5.500,21.900,6,298,0,0,0,0.000
1180,1979052068,1,0,1,2,358.400,350.200,0.400,6.900,18.800,5.800,0.000,0,25.300,0.000,0.000,4.700,102.800,53.500,48.700,0.000,0.000,0.000,2.100,0.000,0.000,0.000,0.000,0,0,0,0,0,0,0,0,0,0,0,0,0.000,0.000,0.000,0.000,0,0,0,0,64.221,361.184,0,17.600,60.400,12,572,9.700,29.500,6,274,7.900,30.900,6,298,0,0,0,0.000
1181,1979052068,1,0,1,2,477.800,469.900,0.400,6.700,17.300,5.600,0.000,0,49.900,0.000,0.000,48.700,150.500,76.600,73.300,0.000,0.000,0.000,2.300,1.000,2.500,5.800,13.300,0,0,0,0,2,2,0,0,0,0,0,0,0.000,0.000,0.000,0.000,0,0,0,0,64.865,380.753,2,73.700,53.700,12,572,36.900,26.400,6,274,36.800,27.300,6,298,2,1,1,0.000
1182,1979052068,1,0,1,2,371.000,360.800,0.500,8.900,18.400,5.100,0.000,0,68.600,0.000,0.000,4.400,95.500,53.800,41.300,0.000,0.000,0.000,2.200,0.000,0.000,0.000,0.000,0,0,0,0,2,2,0,0,0,0,0,0,0.000,0.000,0.000,0.000,0,0,0,0,64.206,377.161,0,21.800,52.600,12,572,15.100,26.200,6,274,6.700,26.400,6,298,0,0,0,0.000
1183,1979052068,1,0,1,2,518.000,511.200,0.400,5.700,23.600,5.400,0.000,0,44.600,0.000,0.000,69.200,185.600,95.500,89.600,0.000,0.000,0.000,3.400,1.400,3.300,7.500,19.700,0,0,0,0,2,2,0,0,0,0,0,0,0.000,0.000,0.000,0.000,0,0,0,0,62.027,401.288,2,90.800,59.000,12,575,45.400,28.500,6,277,45.400,30.500,6,298,2,1,1,0.000
1184,1979052068,1,0,1,2,339.400,331.500,0.400,6.700,13.000,5.600,0.000,0,24.300,0.000,0.000,3.500,97.400,49.500,47.500,0.000,0.000,0.000,2.000,0.000,0.000,0.000,0.000,0,0,0,0,0,0,0,0,0,0,0,0,0.000,0.000,0.000,0.000,0,0,0,0,58.620,388.726,0,15.200,58.300,12,575,7.600,27.700,6,277,7.600,30.600,6,298,0,0,0,0.000
1185,1979052068,1,0,1,2,367.400,361.000,0.400,5.400,17.500,4.400,0.000,0,55.200,0.000,0.000,4.200,73.800,39.000,34.300,0.000,0.000,0.000,1.900,0.000,0.000,0.000,0.000,0,0,0,0,2,2,0,0,0,0,0,0,0.000,0.000,0.000,0.000,0,0,0,0,59.390,383.736,0,12.800,43.600,12,575,7.200,21.700,6,277,5.600,21.900,6,298,0,0,0,0.000
1186,1979052068,1,0,1,2,456.500,449.300,0.500,5.900,18.200,5.100,0.000,0,45.000,0.000,0.000,52.000,159.200,84.200,74.400,0.000,0.000,0.000,2.500,1.100,2.600,6.300,13.800,0,0,0,0,2,2,0,0,0,0,0,0,0.000,0.000,0.000,0.000,0,0,0,0,61.192,395.537,2,80.400,55.200,12,577,41.000,28.900,6,279,39.400,26.300,6,298,2,1,1,0.000
1187,1979052068,1,0,1,2,434.400,425.500,0.600,7.300,19.100,6.400,0.000,0,81.000,0.000,0.000,5.300,110.100,58.500,50.900,0.000,0.000,0.000,2.500,0.000,0.000,0.000,0.000,0,0,0,0,2,2,0,0,0,0,0,0,0.000,0.000,0.000,0.000,0,0,0,0,62.399,400.931,0,19.000,64.400,12,577,10.600,31.900,6,279,8.400,32.500,6,298,0,0,0,0.000
1188,1979052068,1,0,1,2,398.100,391.200,0.400,5.900,14.200,4.900,0.000,0,41.900,0.000,0.000,42.900,134.100,68.800,64.700,0.000,0.000,0.000,1.900,1.200,2.200,4.900,11.000,0,0,0,0,2,2,0,0,0,0,0,0,0.000,0.000,0.000,0.000,0,0,0,0,64.020,399.179,2,65.000,48.400,12,578,32.700,24.100,6,280,32.300,24.300,6,298,2,1,1,0.000
1189,1979052068,1,0,1,2,262.100,256.300,0.400,4.800,13.700,4.400,0.000,0,18.500,0.000,0.000,3.700,75.400,40.100,34.800,0.000,0.000,0.000,1.700,0.000,0.000,0.000,0.000,0,0,0,0,0,0,0,0,0,0,0,0,0.000,0.000,0.000,0.000,0,0,0,0,61.514,373.461,0,13.100,44.400,12,578,7.300,22.500,6,280,5.800,21.900,6,298,0,0,0,0.000
1190,1979052068,1,0,1,2,410.300,402.300,0.500,6.600,18.500,5.900,0.000,0,75.900,0.000,0.000,5.000,103.500,53.600,49.200,0.000,0.000,0.000,2.400,0.000,0.000,0.000,0.000,0,0,0,0,2,2,0,0,0,0,0,0,0.000,0.000,0.000,0.000,0,0,0,0,61.961,378.652,0,17.700,61.600,12,578,9.300,30.100,6,280,8.400,31.500,6,298,0,0,0,0.000
1191,1979052068,1,0,1,2,542.200,533.300,0.600,7.300,18.800,6.600,0.000,0,53.800,0.000,0.000,71.100,178.700,91.300,86.800,0.000,0.000,0.000,2.900,1.100,2.700,6.700,15.200,0,0,0,0,2,2,0,0,0,0,0,0,0.000,0.000,0.000,0.000,0,0,0,0,64.866,406.489,2,86.100,64.800,12,582,42.800,31.800,6,282,43.300,33.000,6,300,2,1,1,0.000
1192,1979052068,1,0,1,2,407.400,398.800,0.600,7.100,18.200,5.900,0.000,0,76.500,0.000,0.000,4.600,103.700,54.600,48.500,0.000,0.000,0.000,2.200,0.000,0.000,0.000,0.000,0,0,0,0,2,2,0,0,0,0,0,0,0.000,0.000,0.000,0.000,0,0,0,0,65.160,405.105,0,17.200,62.200,12,582,9.500,31.000,6,282,7.700,31.200,6,300,0,0,0,0.000
1193,1979052068,1,0,1,2,546.300,537.900,0.400,7.000,18.900,6.100,0.000,0,51.900,0.000,0.000,68.600,172.400,87.800,84.000,0.000,0.000,0.000,2.300,1.300,2.700,6.300,14.000,0,0,0,0,2,2,0,0,0,0,0,0,0.000,0.000,0.000,0.000,0,0,0,0,66.680,429.008,2,85.100,60.600,12,585,41.900,29.600,6,284,43.200,31.000,6,301,2,1,1,0.000
1194,1979052068,1,0,1,2,389.800,381.900,0.400,6.700,16.300,5.400,0.000,0,80.600,0.000,0.000,4.100,98.200,50.100,47.400,0.000,0.000,0.000,2.100,0.000,0.000,0.000,0.000,0,0,0,0,2,2,0,0,0,0,0,0,0.000,0.000,0.000,0.000,0,0,0,0,74.387,420.528,0,18.700,56.900,12,585,8.700,28.200,6,284,10.000,28.700,6,301,0,0,0,0.000
1195,1979052068,1,0,1,2,345.000,336.900,0.400,6.800,17.400,5.900,0.000,0,23.500,0.000,0.000,4.900,102.400,54.600,47.200,0.000,0.000,0.000,2.600,0.000,0.000,0.000,0.000,0,0,0,0,0,0,0,0,0,0,0,0,0.000,0.000,0.000,0.000,0,0,0,0,70.448,405.475,0,16.800,61.600,12,585,9.300,31.100,6,284,7.500,30.500,6,301,0,0,0,0.000
1196,1979052068,1,0,1,2,372.300,366.400,0.300,4.900,13.700,4.400,0.000,0,39.000,0.000,0.000,51.900,120.800,61.800,58.500,0.000,0.000,0.000,1.800,0.800,2.100,4.400,9.000,0,0,0,0,2,2,0,0,0,0,0,0,0.000,0.000,0.000,0.000,0,0,0,0,69.125,398.442,2,58.900,43.500,12,587,29.600,21.400,6,286,29.300,22.100,6,301,2,1,1,0.000
1197,1979052068,1,0,1,2,261.300,255.500,0.300,5.000,13.300,4.200,0.000,0,18.100,0.000,0.000,3.500,75.400,40.100,34.800,0.000,0.000,0.000,1.700,0.000,0.000,0.000,0.000,0,0,0,0,0,0,0,0,0,0,0,0,0.000,0.000,0.000,0.000,0,0,0,0,63.810,372.712,0,12.800,44.900,12,587,6.900,22.600,6,286,5.900,22.300,6,301,0,0,0,0.000
1198,1979052068,1,0,1,2,411.700,403.300,0.500,7.000,17.300,6.000,0.000,0,87.700,0.000,0.000,4.600,102.500,54.300,47.700,0.000,0.000,0.000,2.200,0.000,0.000,0.000,0.000,0,0,0,0,2,2,0,0,0,0,0,0,0.000,0.000,0.000,0.000,0,0,0,0,64.259,378.218,0,16.700,61.400,12,587,9.200,30.800,6,286,7.500,30.600,6,301,0,0,0,0.000
1199,1979052068,1,0,1,2,505.900,499.000,0.400,5.700,17.900,5.800,0.000,0,51.500,0.000,0.000,74.300,165.300,85.500,79.300,0.000,0.000,0.000,2.300,1.300,2.700,6.500,12.500,0,0,0,0,2,2,0,0,0,0,0,0,0.000,0.000,0.000,0.000,0,0,0,0,65.832,399.959,2,81.300,59.400,12,591,41.300,29.900,6,288,40.000,29.500,6,303,2,1,1,0.000
1200,1979052068,1,0,1,2,329.400,322.300,0.300,6.000,17.900,5.300,0.000,0,22.300,0.000,0.000,4.500,100.100,55.600,43.900,0.000,0.000,0.000,2.200,0.000,0.000,0.000,0.000,0,0,0,0,0,0,0,0,0,0,0,0,0.000,0.000,0.000,0.000,0,0,0,0,63.054,385.980,0,16.400,60.500,12,591,9.000,33.100,6,288,7.400,27.400,6,303,0,0,0,0.000
1201,1979052068,1,0,1,2,408.600,400.600,0.500,6.600,17.800,6.000,0.000,0,85.000,0.000,0.000,4.600,102.500,54.800,47.100,0.000,0.000,0.000,2.300,0.000,0.000,0.000,0.000,0,0,0,0,2,2,0,0,0,0,0,0,0.000,0.000,0.000,0.000,0,0,0,0,63.171,388.612,0,16.500,62.300,12,591,8.900,31.900,6,288,7.600,30.400,6,303,0,0,0,0.000
1202,1979052068,1,0,1,2,520.300,512.400,0.400,6.700,19.100,6.100,0.000,0,50.300,0.000,0.000,80.100,167.200,87.800,78.800,0.000,0.000,0.000,2.300,1.100,2.700,6.500,12.700,0,0,0,0,2,2,0,0,0,0,0,0,0.000,0.000,0.000,0.000,0,0,0,0,66.128,410.894,2,84.100,58.300,12,593,44.200,29.000,6,289,39.900,29.300,6,304,2,1,1,0.000
1203,1979052068,1,0,1,2,419.000,411.500,0.500,6.200,17.400,6.200,0.000,0,80.200,0.000,0.000,4.400,107.500,55.400,51.400,0.000,0.000,0.000,2.100,0.000,0.000,0.000,0.000,0,0,0,0,2,2,0,0,0,0,0,0,0.000,0.000,0.000,0.000,0,0,0,0,65.943,411.003,0,16.900,65.700,12,593,9.000,32.100,6,289,7.900,33.600,6,304,0,0,0,0.000
1204,1979052068,1,0,1,2,412.200,404.200,0.400,6.700,17.500,6.100,0.000,0,24.200,0.000,0.000,4.500,164.200,116.100,47.600,0.000,0.000,0.000,2.300,0.000,0.000,0.000,0.000,0,0,0,0,0,0,0,0,0,0,0,0,0.000,0.000,0.000,0.000,0,0,0,0,63.091,409.778,0,17.100,121.500,12,593,9.200,91.400,6,289,7.900,30.100,6,304,0,0,0,0.000
1205,1979052068,1,0,1,2,561.000,552.300,0.400,7.300,19.400,6.200,0.000,0,55.100,0.000,0.000,84.800,184.700,95.400,88.700,0.000,0.000,0.000,2.700,1.100,2.600,6.900,13.000,0,0,0,0,2,2,0,0,0,0,0,0,0.000,0.000,0.000,0.000,0,0,0,0,66.261,435.432,2,89.200,68.200,12,596,45.400,33.500,6,291,43.800,34.700,6,305,2,1,1,0.000
1206,1979052068,1,0,1,2,357.200,349.400,0.600,6.300,17.900,5.800,0.000,0,27.300,0.000,0.000,4.600,107.900,60.900,46.400,0.000,0.000,0.000,2.300,0.000,0.000,0.000,0.000,0,0,0,0,0,0,0,0,0,0,0,0,0.000,0.000,0.000,0.000,0,0,0,0,64.288,419.946,0,17.000,66.400,12,596,9.200,36.800,6,291,7.800,29.600,6,305,0,0,0,0.000
1207,1979052068,1,0,1,2,422.500,414.100,0.500,7.000,17.900,5.800,0.000,0,86.000,0.000,0.000,4.700,112.600,64.700,47.400,0.000,0.000,0.000,2.300,0.000,0.000,0.000,0.000,0,0,0,0,2,2,0,0,0,0,0,0,0.000,0.000,0.000,0.000,0,0,0,0,65.316,418.894,0,17.300,71.100,12,596,9.500,40.700,6,291,7.800,30.400,6,305,0,0,0,0.000
1208,1979052068,1,0,1,2,261.100,257.200,0.200,3.400,8.300,2.600,0.000,0,25.700,0.000,0.000,34.800,79.300,41.600,37.500,0.000,0.000,0.000,1.200,0.500,1.500,2.900,5.500,0,0,0,0,2,2,0,0,0,0,0,0,0.000,0.000,0.000,0.000,0,0,0,0,61.533,389.789,2,39.200,28.300,12,600,20.200,14.200,6,295,19.000,14.100,6,305,2,1,1,0.000
1209,1979052068,1,0,1,2,196.700,192.800,0.200,3.200,8.600,2.900,0.000,0,43.500,0.000,0.000,2.300,50.700,27.300,23.200,0.000,0.000,0.000,1.100,0.000,0.000,0.000,0.000,0,0,0,0,2,2,0,0,0,0,0,0,0.000,0.000,0.000,0.000,0,0,0,0,58.053,354.331,0,8.800,30.200,12,600,4.600,15.300,6,295,4.200,14.900,6,305,0,0,0,0.000
1210,1979052068,1,0,1,2,355.300,321.800,27.100,5.500,17.600,5.300,0.000,0,23.000,0.000,0.000,4.800,105.100,60.100,44.200,0.000,0.000,0.000,2.600,0.000,0.000,0.000,0.000,0,0,0,0,0,0,0,0,0,0,0,0,0.000,0.000,0.000,0.000,0,0,0,0,60.636,348.475,0,16.500,65.000,12,600,9.400,36.400,6,295,7.100,28.600,6,305,0,0,0,0.000
1211,1979052068,1,0,1,2,387.300,381.200,0.300,5.100,11.900,4.700,0.000,0,39.700,0.000,0.000,57.500,129.500,67.600,61.400,0.000,0.000,0.000,1.800,1.000,1.900,7.900,9.300,0,0,0,0,2,2,0,0,0,0,0,0,0.000,0.000,0.000,0.000,0,0,0,0,60.359,354.366,2,62.900,46.200,12,602,32.300,22.800,6,297,30.600,23.400,6,305,2,1,1,0.000
1212,1979052068,1,0,1,2,400.400,392.600,0.500,6.500,17.900,5.700,0.000,0,87.200,0.000,0.000,4.400,101.200,54.300,46.300,0.000,0.000,0.000,2.300,0.000,0.000,0.000,0.000,0,0,0,0,2,2,0,0,0,0,0,0,0.000,0.000,0.000,0.000,0,0,0,0,60.871,361.248,0,16.300,61.000,12,602,8.800,31.200,6,297,7.500,29.800,6,305,0,0,0,0.000
1213,1979052068,1,0,1,2,325.300,320.300,0.200,4.000,17.300,5.900,0.000,0,14.800,0.000,0.000,4.600,100.700,53.800,46.300,0.000,0.000,0.000,2.400,0.000,0.000,0.000,0.000,0,0,0,0,0,0,0,0,0,0,0,0,0.000,0.000,0.000,0.000,0,0,0,0,58.410,353.877,0,16.500,60.500,12,602,9.000,31.000,6,297,7.500,29.500,6,305,0,0,0,0.000
1214,1979052068,1,0,1,2,377.600,371.400,0.300,5.200,13.400,4.500,0.000,0,39.000,0.000,0.000,50.800,126.700,65.600,60.700,0.000,0.000,0.000,1.800,0.700,2.000,4.900,9.300,0,0,0,0,2,2,0,0,0,0,0,0,0.000,0.000,0.000,0.000,0,0,0,0,58.534,357.031,2,61.900,45.600,12,603,31.700,22.800,6,298,30.200,22.800,6,305,2,1,1,0.000
1215,1979052068,1,0,1,2,396.200,388.000,0.500,6.900,17.600,5.700,0.000,0,83.700,0.000,0.000,4.300,101.800,53.700,47.500,0.000,0.000,0.000,2.200,0.000,0.000,0.000,0.000,0,0,0,0,2,2,0,0,0,0,0,0,0.000,0.000,0.000,0.000,0,0,0,0,56.962,362.606,0,16.400,61.400,12,603,8.900,31.000,6,298,7.500,30.400,6,305,0,0,0,0.000
1216,1979052068,1,0,1,2,397.000,391.300,0.300,4.700,17.200,4.100,0.000,0,36.500,0.000,0.000,58.800,138.300,80.800,57.000,0.000,0.000,0.000,2.400,1.100,2.200,6.400,12.100,0,0,0,0,2,2,0,0,0,0,0,0,0.000,0.000,0.000,0.000,0,0,0,0,59.111,367.771,2,70.300,49.600,12,603,41.200,28.800,6,298,29.100,20.800,6,305,2,1,1,0.000
1217,1979052068,1,0,1,2,206.600,201.500,0.500,4.100,10.700,3.600,0.000,0,15.100,0.000,0.000,3.100,62.100,33.800,28.000,0.000,0.000,0.000,1.600,0.000,0.000,0.000,0.000,0,0,0,0,0,0,0,0,0,0,0,0,0.000,0.000,0.000,0.000,0,0,0,0,56.283,337.842,0,10.600,36.000,12,603,5.800,18.700,6,298,4.800,17.300,6,305,0,0,0,0.000
1218,1979052068,1,0,1,2,403.100,394.900,0.500,6.800,17.800,5.800,0.000,0,86.200,0.000,0.000,4.700,104.100,56.200,47.300,0.000,0.000,0.000,2.200,0.000,0.000,0.000,0.000,0,0,0,0,2,2,0,0,0,0,0,0,0.000,0.000,0.000,0.000,0,0,0,0,57.834,348.112,0,17.200,61.900,12,603,9.500,31.700,6,298,7.700,30.200,6,305,0,0,0,0.000
1219,1979052068,1,0,1,2,443.000,435.300,0.400,6.500,16.300,5.200,0.000,0,47.300,0.000,0.000,43.700,149.200,78.100,70.600,0.000,0.000,0.000,2.000,1.000,2.600,5.500,10.700,0,0,0,0,2,2,0,0,0,0,0,0,0.000,0.000,0.000,0.000,0,0,0,0,59.916,363.806,2,71.200,52.200,12,602,36.400,25.500,6,298,34.800,26.700,6,304,2,1,1,0.000
1220,1979052068,1,0,1,2,381.600,373.900,0.400,6.500,17.700,6.200,0.000,0,24.000,0.000,0.000,4.600,138.100,89.000,48.500,0.000,0.000,0.000,2.200,0.000,0.000,0.000,0.000,0,0,0,0,0,0,0,0,0,0,0,0,0.000,0.000,0.000,0.000,0,0,0,0,57.861,365.623,0,27.200,81.900,12,602,19.500,50.800,6,298,7.700,31.100,6,304,0,0,0,0.000
1221,1979052068,1,0,1,2,363.400,356.700,0.400,5.600,17.600,5.600,0.000,0,69.800,0.000,0.000,4.400,108.000,59.700,47.800,0.000,0.000,0.000,2.200,0.000,0.000,0.000,0.000,0,0,0,0,2,2,0,0,0,0,0,0,0.000,0.000,0.000,0.000,0,0,0,0,58.030,364.017,0,17.300,62.800,12,602,9.800,32.000,6,298,7.500,30.800,6,304,0,0,0,0.000
1222,1979052068,1,0,1,2,426.700,422.100,0.300,3.900,15.700,5.100,0.000,0,46.800,0.000,0.000,54.300,148.900,79.100,69.200,0.000,0.000,0.000,2.200,0.900,2.200,5.600,10.600,0,0,0,0,2,2,0,0,0,0,0,0,0.000,0.000,0.000,0.000,0,0,0,0,58.601,374.472,2,70.700,51.700,12,602,35.900,25.800,6,298,34.800,25.900,6,304,2,1,1,0.000
1223,1979052068,1,0,1,2,276.000,269.500,0.500,5.300,11.200,3.900,0.000,0,65.000,0.000,0.000,3.100,64.900,34.200,30.300,0.000,0.000,0.000,1.500,0.000,0.000,0.000,0.000,0,0,0,0,2,2,0,0,0,0,0,0,0.000,0.000,0.000,0.000,0,0,0,0,56.242,355.577,0,11.200,38.900,12,602,6.100,19.400,6,298,5.100,19.500,6,304,0,0,0,0.000
1224,1979052068,1,0,1,2,250.300,245.300,0.300,4.200,11.200,3.800,0.000,0,14.900,0.000,0.000,42.600,63.600,33.500,29.700,0.000,0.000,0.000,1.500,0.700,1.400,3.800,7.500,0,0,0,0,0,0,0,0,0,0,0,0,0.000,0.000,0.000,0.000,0,0,0,0,55.029,335.727,0,10.500,38.100,12,602,5.500,19.100,6,298,5.000,19.000,6,304,0,0,0,0.000
1225,1979052068,1,0,1,2,238.000,233.900,0.300,3.500,9.100,3.200,0.000,0,27.000,0.000,0.000,2.300,101.200,60.200,40.600,0.000,0.000,0.000,1.200,0.000,0.000,0.000,0.000,0,0,0,0,2,2,0,0,0,0,0,0,0.000,0.000,0.000,0.000,0,0,0,0,52.504,317.398,2,58.300,30.400,12,600,37.900,14.900,6,296,20.400,15.500,6,304,2,1,1,0.000
1226,1979052068,1,0,1,2,307.800,301.800,0.400,4.900,12.600,4.400,0.000,0,63.100,0.000,0.000,3.400,91.200,56.800,34.000,0.000,0.000,0.000,1.700,0.000,0.000,0.000,0.000,0,0,0,0,2,2,0,0,0,0,0,0,0.000,0.000,0.000,0.000,0,0,0,0,52.215,314.591,0,12.100,61.100,12,600,6.600,39.500,6,296,5.500,21.600,6,304,0,0,0,0.000
1227,1979052068,1,0,1,2,289.500,283.500,0.300,5.000,12.500,4.600,0.000,0,17.200,0.000,0.000,47.100,73.800,39.500,33.900,0.000,0.000,0.000,1.800,0.700,1.700,4.600,8.800,0,0,0,0,0,0,0,0,0,0,0,0,0.000,0.000,0.000,0.000,0,0,0,0,50.736,308.994,0,12.400,43.800,12,600,6.700,22.300,6,296,5.700,21.500,6,304,0,0,0,0.000
1228,1979052068,1,0,1,2,415.100,407.900,0.300,6.100,14.200,4.900,0.000,0,44.900,0.000,0.000,3.700,186.500,116.400,69.800,0.000,0.000,0.000,1.900,0.000,0.000,0.000,0.000,0,0,0,0,2,2,0,0,0,0,0,0,0.000,0.000,0.000,0.000,0,0,0,0,54.564,326.797,2,111.600,52.500,12,598,76.700,25.900,6,295,34.900,26.600,6,303,2,1,1,0.000
1229,1979052068,1,0,1,2,376.700,372.200,0.300,3.800,17.200,5.700,0.000,0,74.100,0.000,0.000,4.500,99.400,52.800,46.000,0.000,0.000,0.000,2.300,0.000,0.000,0.000,0.000,0,0,0,0,2,2,0,0,0,0,0,0,0.000,0.000,0.000,0.000,0,0,0,0,55.884,334.970,0,16.300,59.800,12,598,8.800,30.400,6,295,7.500,29.400,6,303,0,0,0,0.000
1230,1979052068,1,0,1,2,349.300,344.600,0.300,3.900,17.500,6.200,0.000,0,14.400,0.000,0.000,59.200,99.100,52.200,46.300,0.000,0.000,0.000,2.200,0.900,2.300,6.300,12.400,0,0,0,0,0,0,0,0,0,0,0,0,0.000,0.000,0.000,0.000,0,0,0,0,55.563,336.703,0,16.100,59.200,12,598,8.600,29.400,6,295,7.500,29.800,6,303,0,0,0,0.000
1231,1979052068,1,0,1,2,480.700,472.200,0.500,7.000,17.200,5.800,0.000,0,62.300,0.000,0.000,4.600,207.100,120.700,85.700,0.000,0.000,0.000,2.200,0.000,0.000,0.000,0.000,0,0,0,0,2,2,0,0,0,0,0,0,0.000,0.000,0.000,0.000,0,0,0,0,58.036,361.093,2,109.500,62.400,12,597,65.800,30.000,6,294,43.700,32.400,6,303,2,1,1,0.000
1232,1979052068,1,0,1,2,451.100,442.600,0.500,7.200,17.300,6.400,0.000,0,55.200,0.000,0.000,62.400,112.600,60.600,51.400,0.000,0.000,0.000,2.300,1.000,2.800,6.100,12.500,0,0,0,0,2,2,0,0,0,0,0,0,0.000,0.000,0.000,0.000,0,0,0,0,59.919,375.764,0,17.100,69.400,12,597,8.700,36.500,6,294,8.400,32.900,6,303,0,0,0,0.000
1233,1979052068,1,0,1,2,354.500,346.100,0.400,6.800,17.700,5.600,0.000,0,24.300,0.000,0.000,4.400,102.700,54.200,47.900,0.000,0.000,0.000,2.200,0.000,0.000,0.000,0.000,0,0,0,0,0,0,0,0,0,0,0,0,0.000,0.000,0.000,0.000,0,0,0,0,58.890,370.424,0,17.000,60.900,12,597,9.100,30.400,6,294,7.900,30.500,6,303,0,0,0,0.000
1234,1979052068,1,0,1,2,504.000,495.300,0.400,7.400,18.800,6.400,0.000,0,55.800,0.000,0.000,4.900,220.600,132.600,87.400,0.000,0.000,0.000,2.500,0.000,0.000,0.000,0.000,0,0,0,0,2,2,0,0,0,0,0,0,0.000,0.000,0.000,0.000,0,0,0,0,61.772,392.902,2,128.400,64.800,12,596,84.600,31.900,6,293,43.800,32.900,6,303,2,1,1,0.000
1235,1979052068,1,0,1,2,424.200,416.000,0.400,6.800,18.000,5.900,0.000,0,51.900,0.000,0.000,63.600,101.800,53.200,48.000,0.000,0.000,0.000,2.200,1.100,2.500,6.100,12.700,0,0,0,0,2,2,0,0,0,0,0,0,0.000,0.000,0.000,0.000,0,0,0,0,61.939,397.060,0,16.700,60.600,12,596,8.900,29.800,6,293,7.800,30.800,6,303,0,0,0,0.000
1236,1979052068,1,0,1,2,363.600,354.900,0.400,7.400,18.900,6.200,0.000,0,25.700,0.000,0.000,4.800,111.400,58.500,52.200,0.000,0.000,0.000,2.400,0.000,0.000,0.000,0.000,0,0,0,0,0,0,0,0,0,0,0,0,0.000,0.000,0.000,0.000,0,0,0,0,60.042,389.471,0,18.300,66.300,12,596,10.200,32.500,6,293,8.100,33.800,6,303,0,0,0,0.000
1237,1979052068,1,0,1,2,465.700,458.100,0.400,6.500,17.900,6.100,0.000,0,50.000,0.000,0.000,4.600,204.200,122.800,80.800,0.000,0.000,0.000,2.200,0.000,0.000,0.000,0.000,0,0,0,0,2,2,0,0,0,0,0,0,0.000,0.000,0.000,0.000,0,0,0,0,61.924,401.824,2,118.600,60.200,12,595,78.100,29.500,6,291,40.500,30.700,6,304,2,1,1,0.000
1238,1979052068,1,0,1,2,390.200,382.500,0.300,6.600,15.500,5.000,0.000,0,46.000,0.000,0.000,55.300,88.700,47.200,41.000,0.000,0.000,0.000,2.000,0.900,2.300,5.400,10.600,0,0,0,0,2,2,0,0,0,0,0,0,0.000,0.000,0.000,0.000,0,0,0,0,61.524,398.346,0,14.600,52.600,12,595,7.900,26.600,6,291,6.700,26.000,6,304,0,0,0,0.000
1239,1979052068,1,0,1,2,365.200,358.900,0.300,5.300,13.400,4.900,0.000,0,40.600,0.000,0.000,3.600,151.500,89.100,61.900,0.000,0.000,0.000,1.700,0.000,0.000,0.000,0.000,0,0,0,0,2,2,0,0,0,0,0,0,0.000,0.000,0.000,0.000,0,0,0,0,60.854,391.246,2,85.700,46.000,12,593,55.000,22.300,6,290,30.700,23.700,6,303,2,1,1,0.000
1240,1979052068,1,0,1,2,357.300,349.300,0.400,6.700,34.600,5.900,0.000,0,24.800,0.000,0.000,4.800,103.300,54.800,47.900,0.000,0.000,0.000,2.500,0.000,0.000,0.000,0.000,0,0,0,0,0,0,0,0,0,0,0,0,0.000,0.000,0.000,0.000,0,0,0,0,58.792,383.695,0,17.300,60.600,12,593,9.700,29.600,6,290,7.600,31.000,6,303,0,0,0,0.000
1241,1979052068,1,0,1,2,424.400,416.200,0.800,6.600,17.700,5.700,0.000,0,50.500,0.000,0.000,62.500,104.200,51.900,51.600,0.000,0.000,0.000,2.400,1.000,2.700,6.200,12.300,0,0,0,0,2,2,0,0,0,0,0,0,0.000,0.000,0.000,0.000,0,0,0,0,59.873,389.546,0,21.000,59.200,12,593,8.800,29.000,6,290,12.200,30.200,6,303,0,0,0,0.000
1242,1979052068,1,0,1,2,492.300,484.200,0.400,6.800,24.900,6.400,0.000,0,52.700,0.000,0.000,7.300,212.200,131.200,80.300,0.000,0.000,0.000,3.500,0.000,0.000,0.000,0.000,0,0,0,0,2,2,0,0,0,0,0,0,0.000,0.000,0.000,0.000,0,0,0,0,63.244,406.584,2,125.700,59.500,12,590,85.700,29.200,6,288,40.000,30.300,6,302,2,1,1,0.000
1243,1979052068,1,0,1,2,430.900,422.300,0.400,7.300,18.200,6.100,0.000,0,51.600,0.000,0.000,65.500,101.300,53.400,47.300,0.000,0.000,0.000,2.400,1.100,2.600,6.500,12.100,0,0,0,0,2,2,0,0,0,0,0,0,0.000,0.000,0.000,0.000,0,0,0,0,64.460,409.413,0,16.900,59.700,12,590,8.900,29.600,6,288,8.000,30.100,6,302,0,0,0,0.000
1244,1979052068,1,0,1,2,337.400,329.400,0.400,6.800,17.600,5.900,0.000,0,24.500,0.000,0.000,5.000,100.600,53.200,46.900,0.000,0.000,0.000,2.400,0.000,0.000,0.000,0.000,0,0,0,0,0,0,0,0,0,0,0,0,0.000,0.000,0.000,0.000,0,0,0,0,62.145,395.010,0,16.600,60.100,12,590,9.000,29.900,6,288,7.600,30.200,6,302,0,0,0,0.000
1245,1979052068,1,0,1,2,481.800,473.800,0.400,6.700,19.300,6.700,0.000,0,52.600,0.000,0.000,5.200,204.800,118.500,85.700,0.000,0.000,0.000,2.400,0.000,0.000,0.000,0.000,0,0,0,0,2,2,0,0,0,0,0,0,0.000,0.000,0.000,0.000,0,0,0,0,63.919,409.193,2,113.700,63.900,12,587,71.500,31.400,6,286,42.200,32.500,6,301,2,1,1,0.000
1246,1979052068,1,0,1,2,469.400,461.200,0.400,6.800,19.300,6.500,0.000,0,52.200,0.000,0.000,66.300,129.400,77.400,51.400,0.000,0.000,0.000,2.600,1.100,2.700,6.900,13.100,0,0,0,0,2,2,0,0,0,0,0,0,0.000,0.000,0.000,0.000,0,0,0,0,65.050,418.554,0,18.000,83.500,12,587,9.700,50.700,6,286,8.300,32.800,6,301,0,0,0,0.000
1247,1979052068,1,0,1,2,472.400,464.500,0.400,6.600,17.300,6.100,0.000,0,51.700,0.000,0.000,4.600,200.600,121.000,79.000,0.000,0.000,0.000,2.300,0.000,0.000,0.000,0.000,0,0,0,0,2,2,0,0,0,0,0,0,0.000,0.000,0.000,0.000,0,0,0,0,66.661,426.824,2,116.700,59.300,12,586,77.200,29.500,6,285,39.500,29.800,6,301,2,1,1,0.000
1248,1979052068,1,0,1,2,417.800,409.400,0.400,7.000,17.500,5.500,0.000,0,84.900,0.000,0.000,4.800,101.700,53.300,47.500,0.000,0.000,0.000,2.500,0.000,0.000,0.000,0.000,0,0,0,0,2,2,0,0,0,0,0,0,0.000,0.000,0.000,0.000,0,0,0,0,66.128,423.688,0,17.000,59.700,12,586,9.400,29.400,6,285,7.600,30.300,6,301,0,0,0,0.000
1249,1979052068,1,0,1,2,504.200,496.100,0.500,6.800,17.600,6.500,0.000,0,52.700,0.000,0.000,71.700,167.800,88.300,78.800,0.000,0.000,0.000,11.200,1.000,2.400,6.300,12.300,0,0,0,0,2,2,0,0,0,0,0,0,0.000,0.000,0.000,0.000,0,0,0,0,67.257,436.722,2,79.700,58.400,12,583,40.200,28.700,6,283,39.500,29.700,6,300,2,1,1,0.000
1250,1979052068,1,0,1,2,318.500,310.400,0.600,6.600,15.400,5.900,0.000,0,24.200,0.000,0.000,4.000,91.200,45.600,45.100,0.000,0.000,0.000,2.000,0.000,0.000,0.000,0.000,0,0,0,0,0,0,0,0,0,0,0,0,0.000,0.000,0.000,0.000,0,0,0,0,66.689,413.984,0,14.500,54.000,12,583,7.800,25.200,6,283,6.700,28.800,6,300,0,0,0,0.000
1251,1979052068,1,0,1,2,370.000,361.900,0.400,6.800,14.000,4.700,0.000,0,90.300,0.000,0.000,4.300,83.000,43.700,38.800,0.000,0.000,0.000,2.300,0.000,0.000,0.000,0.000,0,0,0,0,2,2,0,0,0,0,0,0,0.000,0.000,0.000,0.000,0,0,0,0,64.567,404.609,0,13.900,49.200,12,583,7.800,24.300,6,283,6.100,24.900,6,300,0,0,0,0.000
1252,1979052068,1,0,1,2,484.700,477.100,0.400,6.400,17.900,5.800,0.000,0,55.300,0.000,0.000,63.200,160.800,81.900,78.200,0.000,0.000,0.000,2.300,1.100,2.400,6.600,12.500,0,0,0,0,2,2,0,0,0,0,0,0,0.000,0.000,0.000,0.000,0,0,0,0,65.437,417.657,2,78.200,58.300,12,581,39.600,28.400,6,282,38.600,29.900,6,299,2,1,1,0.000
1253,1979052068,1,0,1,2,336.200,328.100,0.400,6.900,17.200,5.800,0.000,0,23.500,0.000,0.000,4.300,101.500,53.700,47.300,0.000,0.000,0.000,2.100,0.000,0.000,0.000,0.000,0,0,0,0,0,0,0,0,0,0,0,0,0.000,0.000,0.000,0.000,0,0,0,0,62.496,401.537,0,16.800,60.500,12,581,9.100,30.300,6,282,7.700,30.200,6,299,0,0,0,0.000
1254,1979052068,1,0,1,2,517.600,509.800,0.400,6.600,19.100,6.100,0.000,0,50.800,0.000,0.000,76.900,178.300,93.300,84.400,0.000,0.000,0.000,2.500,1.000,2.700,6.800,13.000,0,0,0,0,2,2,0,0,0,0,0,0,0.000,0.000,0.000,0.000,0,0,0,0,66.925,421.024,2,84.700,62.700,12,579,42.500,30.700,6,280,42.200,32.000,6,299,2,1,1,0.000
1255,1979052068,1,0,1,2,362.200,353.900,0.500,7.000,18.500,5.600,0.000,0,23.800,0.000,0.000,5.000,106.800,59.000,47.300,0.000,0.000,0.000,2.600,0.000,0.000,0.000,0.000,0,0,0,0,0,0,0,0,0,0,0,0,0.000,0.000,0.000,0.000,0,0,0,0,64.868,408.942,0,22.600,59.400,12,579,15.100,29.300,6,280,7.500,30.100,6,299,0,0,0,0.000
1256,1979052068,1,0,1,2,371.300,363.500,0.400,6.600,16.200,5.500,0.000,0,80.200,0.000,0.000,4.200,93.200,49.000,43.600,0.000,0.000,0.000,2.000,0.000,0.000,0.000,0.000,0,0,0,0,2,2,0,0,0,0,0,0,0.000,0.000,0.000,0.000,0,0,0,0,67.232,400.762,0,16.300,54.700,12,579,8.600,27.400,6,280,7.700,27.300,6,299,0,0,0,0.000
1257,1979052068,1,0,1,2,396.400,388.700,0.400,6.500,17.500,5.800,0.000,0,24.100,0.000,0.000,62.700,99.900,53.000,46.300,0.000,0.000,0.000,2.200,1.000,2.500,6.000,12.200,0,0,0,0,0,0,0,0,0,0,0,0,0.000,0.000,0.000,0.000,0,0,0,0,67.874,398.591,0,16.400,58.900,12,579,8.900,29.400,6,280,7.500,29.500,6,299,0,0,0,0.000
1258,1979052068,1,0,1,2,543.800,534.800,0.400,7.600,19.100,6.500,0.000,0,57.000,0.000,0.000,5.000,213.100,127.300,85.200,0.000,0.000,0.000,2.400,0.000,0.000,0.000,0.000,0,0,0,0,2,2,0,0,0,0,0,0,0.000,0.000,0.000,0.000,0,0,0,0,67.573,423.109,2,123.800,61.400,12,577,80.700,30.200,6,279,43.100,31.200,6,298,2,1,1,0.000
1259,1979052068,1,0,1,2,478.300,469.900,0.500,7.000,19.700,6.300,0.000,0,56.300,0.000,0.000,69.100,109.400,57.300,51.300,0.000,0.000,0.000,2.500,1.300,3.000,6.600,13.300,0,0,0,0,2,2,0,0,0,0,0,0,0.000,0.000,0.000,0.000,0,0,0,0,68.082,431.531,0,17.900,64.600,12,577,9.600,31.600,6,279,8.300,33.000,6,298,0,0,0,0.000
1260,1979052068,1,0,1,2,427.400,420.400,0.400,5.800,23.200,5.600,0.000,0,46.600,0.000,0.000,4.200,174.000,103.700,69.800,0.000,0.000,0.000,2.000,0.000,0.000,0.000,0.000,0,0,0,0,2,2,0,0,0,0,0,0,0.000,0.000,0.000,0.000,0,0,0,0,69.111,429.528,2,101.200,49.900,12,577,66.000,24.100,6,278,35.200,25.800,6,299,2,1,1,0.000
1261,1979052068,1,0,1,2,323.400,318.600,0.200,3.900,17.800,6.000,0.000,0,15.500,0.000,0.000,4.800,100.400,52.600,47.200,0.000,0.000,0.000,2.700,0.000,0.000,0.000,0.000,0,0,0,0,0,0,0,0,0,0,0,0,0.000,0.000,0.000,0.000,0,0,0,0,66.229,409.561,0,16.600,59.800,12,577,9.100,29.500,6,278,7.500,30.300,6,299,0,0,0,0.000
1262,1979052068,1,0,1,2,253.000,248.300,0.200,3.900,10.300,3.400,0.000,0,30.200,0.000,0.000,39.500,57.800,30.800,26.700,0.000,0.000,0.000,1.400,0.700,1.800,3.600,7.000,0,0,0,0,2,2,0,0,0,0,0,0,0.000,0.000,0.000,0.000,0,0,0,0,62.282,380.534,0,9.700,33.600,12,577,5.200,16.800,6,278,4.500,16.800,6,299,0,0,0,0.000
1263,1979052068,1,0,1,2,317.100,310.300,0.300,5.700,15.700,5.100,0.000,0,21.100,0.000,0.000,4.000,103.900,61.500,41.600,0.000,0.000,0.000,1.900,0.000,0.000,0.000,0.000,0,0,0,0,0,0,0,0,0,0,0,0,0.000,0.000,0.000,0.000,0,0,0,0,59.477,367.892,0,14.600,67.300,12,577,7.800,40.800,6,278,6.800,26.500,6,299,0,0,0,0.000
1264,1979052068,1,0,1,2,503.100,466.100,29.900,6.100,17.900,5.700,0.000,0,51.800,0.000,0.000,4.400,199.000,119.400,79.100,0.000,0.000,0.000,2.200,0.000,0.000,0.000,0.000,0,0,0,0,2,2,0,0,0,0,0,0,0.000,0.000,0.000,0.000,0,0,0,0,61.227,385.569,2,114.600,58.900,12,575,74.800,29.500,6,277,39.800,29.400,6,298,2,1,1,0.000
1265,1979052068,1,0,1,2,445.800,437.100,0.500,7.300,18.200,5.800,0.000,0,52.300,0.000,0.000,67.500,101.300,52.800,47.900,0.000,0.000,0.000,2.400,0.900,2.700,5.900,12.200,0,0,0,0,2,2,0,0,0,0,0,0,0.000,0.000,0.000,0.000,0,0,0,0,62.338,394.845,0,17.200,59.600,12,575,9.100,29.200,6,277,8.100,30.400,6,298,0,0,0,0.000
1266,1979052068,1,0,1,2,251.000,245.400,0.400,4.700,13.000,4.000,0.000,0,17.700,0.000,0.000,3.200,69.900,36.700,32.800,0.000,0.000,0.000,1.600,0.000,0.000,0.000,0.000,0,0,0,0,0,0,0,0,0,0,0,0,0.000,0.000,0.000,0.000,0,0,0,0,58.173,367.945,0,12.200,41.200,12,575,6.600,20.200,6,277,5.600,21.000,6,298,0,0,0,0.000
1267,1979052068,1,0,1,2,257.800,253.400,0.400,3.600,9.800,2.900,0.000,0,26.900,0.000,0.000,28.000,83.500,43.600,39.700,0.000,0.000,0.000,1.200,1.000,1.600,3.200,6.100,0,0,0,0,2,2,0,0,0,0,0,0,0.000,0.000,0.000,0.000,0,0,0,0,55.874,347.327,2,41.000,29.200,12,575,20.900,14.500,6,277,20.100,14.700,6,298,2,1,1,0.000
1268,1979052068,1,0,1,2,318.300,312.100,0.400,5.100,14.000,4.700,0.000,0,63.100,0.000,0.000,3.800,79.500,41.400,37.300,0.000,0.000,0.000,1.900,0.000,0.000,0.000,0.000,0,0,0,0,2,2,0,0,0,0,0,0,0.000,0.000,0.000,0.000,0,0,0,0,56.023,340.986,0,13.500,46.700,12,575,7.200,23.100,6,277,6.300,23.600,6,298,0,0,0,0.000
1269,1979052068,1,0,1,2,483.100,474.700,0.400,7.100,17.500,6.100,0.000,0,51.500,0.000,0.000,48.900,164.800,84.600,79.500,0.000,0.000,0.000,2.300,1.100,2.500,6.300,12.200,0,0,0,0,2,2,0,0,0,0,0,0,0.000,0.000,0.000,0.000,0,0,0,0,59.367,365.054,2,79.700,59.600,12,577,40.700,29.000,6,279,39.000,30.600,6,298,2,1,1,0.000
1270,1979052068,1,0,1,2,430.900,422.100,0.500,7.400,19.100,6.600,0.000,0,80.700,0.000,0.000,4.900,108.000,56.300,50.600,0.000,0.000,0.000,2.300,0.000,0.000,0.000,0.000,0,0,0,0,2,2,0,0,0,0,0,0,0.000,0.000,0.000,0.000,0,0,0,0,60.147,375.323,0,15.500,66.600,10,481,8.500,33.000,5,233,7.000,33.600,5,248,0,0,0,0.000
1271,1979052068,1,0,1,2,379.500,373.800,0.400,4.700,18.200,4.300,0.000,0,37.000,0.000,0.000,46.100,120.400,61.800,58.200,0.000,0.000,0.000,2.400,1.000,2.400,6.700,10.900,0,0,0,0,2,2,0,0,0,0,0,0,0.000,0.000,0.000,0.000,0,0,0,0,61.506,375.049,2,58.200,43.900,12,578,29.500,21.700,6,280,28.700,22.200,6,298,2,1,1,0.000
1272,1979052068,1,0,1,2,407.900,398.900,0.500,7.600,16.400,5.400,0.000,0,84.900,0.000,0.000,4.700,95.900,50.200,45.100,0.000,0.000,0.000,2.200,0.000,0.000,0.000,0.000,0,0,0,0,2,2,0,0,0,0,0,0,0.000,0.000,0.000,0.000,0,0,0,0,64.187,379.342,0,16.100,57.600,12,578,8.600,28.600,6,280,7.500,29.000,6,298,0,0,0,0.000
1273,1979052068,1,0,1,2,334.400,327.100,0.400,6.100,16.800,5.400,0.000,0,23.800,0.000,0.000,4.500,96.400,50.600,45.200,0.000,0.000,0.000,2.100,0.000,0.000,0.000,0.000,0,0,0,0,0,0,0,0,0,0,0,0,0.000,0.000,0.000,0.000,0,0,0,0,61.669,369.938,0,16.000,57.700,12,578,8.700,28.700,6,280,7.300,29.000,6,298,0,0,0,0.000
1274,1979052068,1,0,1,2,500.800,492.700,0.400,6.900,17.300,6.000,0.000,0,52.200,0.000,0.000,64.900,165.600,84.600,80.200,0.000,0.000,0.000,2.300,1.100,2.900,6.200,13.800,0,0,0,0,2,2,0,0,0,0,0,0,0.000,0.000,0.000,0.000,0,0,0,0,63.709,392.035,2,80.200,59.900,12,582,40.300,29.400,6,282,39.900,30.500,6,300,2,1,1,0.000
1275,1979052068,1,0,1,2,351.800,344.200,0.400,6.400,16.700,5.300,0.000,0,22.200,0.000,0.000,4.400,95.600,51.000,44.100,0.000,0.000,0.000,2.100,0.000,0.000,0.000,0.000,0,0,0,0,0,0,0,0,0,0,0,0,0.000,0.000,0.000,0.000,0,0,0,0,61.133,383.425,0,15.900,56.500,12,582,8.800,28.200,6,282,7.100,28.300,6,300,0,0,0,0.000
1276,1979052068,1,0,1,2,317.400,310.800,0.400,5.500,14.700,4.700,0.000,0,60.300,0.000,0.000,3.600,80.000,42.300,37.200,0.000,0.000,0.000,1.700,0.000,0.000,0.000,0.000,0,0,0,0,2,2,0,0,0,0,0,0,0.000,0.000,0.000,0.000,0,0,0,0,63.053,370.353,0,13.500,47.100,12,582,7.200,23.500,6,282,6.300,23.600,6,300,0,0,0,0.000
1277,1979052068,1,0,1,2,363.100,357.400,0.300,4.800,12.300,4.100,0.000,0,36.900,0.000,0.000,46.200,127.900,58.700,68.700,0.000,0.000,0.000,1.600,0.700,1.700,4.300,9.500,0,0,0,0,2,2,0,0,0,0,0,0,0.000,0.000,0.000,0.000,0,0,0,0,61.604,368.021,2,55.100,55.500,12,585,28.100,20.600,6,284,27.000,34.900,6,301,2,1,1,0.000
1278,1979052068,1,0,1,2,344.000,335.500,0.500,7.100,16.000,5.800,0.000,0,23.800,0.000,0.000,4.300,100.900,52.300,48.000,0.000,0.000,0.000,2.100,0.000,0.000,0.000,0.000,0,0,0,0,0,0,0,0,0,0,0,0,0.000,0.000,0.000,0.000,0,0,0,0,59.371,362.167,0,16.100,60.300,12,585,8.400,29.600,6,284,7.700,30.700,6,301,0,0,0,0.000
1279,1979052068,1,0,1,2,409.300,400.800,0.600,7.000,17.400,5.900,0.000,0,84.300,0.000,0.000,4.500,103.700,55.700,47.500,0.000,0.000,0.000,2.200,0.000,0.000,0.000,0.000,0,0,0,0,2,2,0,0,0,0,0,0,0.000,0.000,0.000,0.000,0,0,0,0,59.916,369.121,0,17.100,62.100,12,585,9.500,31.600,6,284,7.600,30.500,6,301,0,0,0,0.000
1280,1979052068,1,0,1,2,499.400,491.400,0.400,6.700,17.600,6.000,0.000,0,51.100,0.000,0.000,65.000,165.900,85.700,79.600,0.000,0.000,0.000,2.400,1.000,2.800,6.400,14.100,0,0,0,0,2,2,0,0,0,0,0,0,0.000,0.000,0.000,0.000,0,0,0,0,63.855,391.131,2,81.200,59.700,12,591,41.500,29.800,6,288,39.700,29.900,6,303,2,1,1,0.000
1281,1979052068,1,0,1,2,239.500,234.200,0.300,4.500,11.400,3.700,0.000,0,15.600,0.000,0.000,3.000,67.500,36.000,31.100,0.000,0.000,0.000,1.300,0.000,0.000,0.000,0.000,0,0,0,0,0,0,0,0,0,0,0,0,0.000,0.000,0.000,0.000,0,0,0,0,59.417,362.884,0,11.400,40.300,12,591,6.400,20.600,6,288,5.000,19.700,6,303,0,0,0,0.000
1282,1979052068,1,0,1,2,378.700,371.300,0.500,6.200,16.500,5.700,0.000,0,72.700,0.000,0.000,4.400,94.500,50.400,43.600,0.000,0.000,0.000,2.100,0.000,0.000,0.000,0.000,0,0,0,0,2,2,0,0,0,0,0,0,0.000,0.000,0.000,0.000,0,0,0,0,59.270,364.399,0,15.600,56.800,12,591,8.500,28.800,6,288,7.100,28.000,6,303,0,0,0,0.000
1283,1979052068,1,0,1,2,196.600,193.700,0.400,2.300,6.200,2.300,0.000,0,19.000,0.000,0.000,35.900,57.300,30.300,26.700,0.000,0.000,0.000,0.800,0.500,1.200,2.400,4.600,0,0,0,0,2,2,0,0,0,0,0,0,0.000,0.000,0.000,0.000,0,0,0,0,56.414,333.673,2,27.800,20.000,12,593,14.400,10.200,6,290,13.400,9.800,6,303,2,1,1,0.000
1284,1979052068,1,0,1,2,293.400,287.800,0.400,4.600,12.000,3.800,0.000,0,52.500,0.000,0.000,2.900,66.400,35.900,30.000,0.000,0.000,0.000,1.400,0.000,0.000,0.000,0.000,0,0,0,0,2,2,0,0,0,0,0,0,0.000,0.000,0.000,0.000,0,0,0,0,65.915,325.416,0,11.600,38.800,12,593,6.300,20.100,6,290,5.300,18.700,6,303,0,0,0,0.000
1285,1979052068,1,0,1,2,277.600,271.400,0.400,5.300,14.000,4.500,0.000,0,19.600,0.000,0.000,3.700,81.000,43.800,36.700,0.000,0.000,0.000,1.900,0.000,0.000,0.000,0.000,0,0,0,0,0,0,0,0,0,0,0,0,0.000,0.000,0.000,0.000,0,0,0,0,63.356,315.693,0,13.400,48.500,12,593,7.100,25.400,6,290,6.300,23.100,6,303,0,0,0,0.000
1286,1979052068,1,0,1,2,490.500,482.300,0.500,6.800,17.800,6.100,0.000,0,51.800,0.000,0.000,51.300,168.700,88.200,79.900,0.000,0.000,0.000,2.400,1.000,2.500,5.900,14.100,0,0,0,0,2,2,0,0,0,0,0,0,0.000,0.000,0.000,0.000,0,0,0,0,66.172,345.682,2,82.400,60.800,12,597,42.300,31.000,6,293,40.100,29.800,6,304,2,1,1,0.000
1287,1979052068,1,0,1,2,310.000,303.900,0.300,5.100,13.900,4.600,0.000,0,57.600,0.000,0.000,3.500,80.300,43.400,36.600,0.000,0.000,0.000,1.700,0.000,0.000,0.000,0.000,0,0,0,0,2,2,0,0,0,0,0,0,0.000,0.000,0.000,0.000,0,0,0,0,66.699,338.161,0,13.300,48.100,12,597,7.300,24.800,6,293,6.000,23.300,6,304,0,0,0,0.000
1288,1979052068,1,0,1,2,277.300,271.800,0.300,4.500,12.500,4.000,0.000,0,54.400,0.000,0.000,3.600,68.800,36.700,31.700,0.000,0.000,0.000,1.900,0.000,0.000,0.000,0.000,0,0,0,0,2,2,0,0,0,0,0,0,0.000,0.000,0.000,0.000,0,0,0,0,62.865,326.216,0,11.600,41.000,12,597,6.200,20.800,6,293,5.400,20.200,6,304,0,0,0,0.000
1289,1979052068,1,0,1,2,402.800,394.900,0.400,6.500,18.100,5.800,0.000,0,23.400,0.000,0.000,52.100,102.900,54.700,47.600,0.000,0.000,0.000,2.700,1.000,2.600,6.400,14.200,0,0,0,0,0,0,0,0,0,0,0,0,0.000,0.000,0.000,0.000,0,0,0,0,61.630,338.579,0,17.200,61.900,12,597,9.400,31.200,6,293,7.800,30.700,6,304,0,0,0,0.000
1290,1979052068,1,0,1,2,583.100,572.800,0.400,8.900,18.200,6.400,0.000,0,84.100,0.000,0.000,4.600,192.700,112.200,79.900,0.000,0.000,0.000,2.200,0.000,0.000,0.000,0.000,0,0,0,0,2,2,0,0,0,0,0,0,0.000,0.000,0.000,0.000,0,0,0,0,62.884,380.739,2,106.500,60.200,12,600,66.600,30.400,6,295,39.900,29.800,6,305,2,1,1,0.000
1291,1979052068,1,0,1,2,443.300,435.500,0.500,6.500,18.200,5.800,0.000,0,51.700,0.000,0.000,62.600,104.200,56.600,46.900,0.000,0.000,0.000,2.600,1.000,2.900,6.400,14.400,0,0,0,0,2,2,0,0,0,0,0,0,0.000,0.000,0.000,0.000,0,0,0,0,63.337,390.596,0,17.500,61.200,12,600,9.500,31.600,6,295,8.000,29.600,6,305,0,0,0,0.000
1292,1979052068,1,0,1,2,294.000,288.400,0.400,4.800,11.400,3.600,0.000,0,33.900,0.000,0.000,3.100,113.700,63.400,49.900,0.000,0.000,0.000,1.500,0.000,0.000,0.000,0.000,0,0,0,0,2,2,0,0,0,0,0,0,0.000,0.000,0.000,0.000,0,0,0,0,60.612,372.201,2,59.700,37.900,12,601,35.000,18.800,6,297,24.700,19.100,6,304,2,1,1,0.000
1293,1979052068,1,0,1,2,352.800,347.000,0.500,4.600,18.600,5.900,0.000,0,52.100,0.000,0.000,5.100,110.800,57.800,52.400,0.000,0.000,0.000,2.400,0.000,0.000,0.000,0.000,0,0,0,0,2,2,0,0,0,0,0,0,0.000,0.000,0.000,0.000,0,0,0,0,58.252,367.665,0,18.200,66.800,12,601,9.600,32.700,6,297,8.600,34.100,6,304,0,0,0,0.000
1294,1979052068,1,0,1,2,358.100,350.800,0.500,6.000,16.600,5.500,0.000,0,21.400,0.000,0.000,45.700,90.300,47.300,42.500,0.000,0.000,0.000,2.200,0.900,2.600,5.400,12.100,0,0,0,0,0,0,0,0,0,0,0,0,0.000,0.000,0.000,0.000,0,0,0,0,56.461,364.629,0,15.400,53.400,12,601,8.000,26.500,6,297,7.400,26.900,6,304,0,0,0,0.000
1295,1979052068,1,0,1,2,282.000,276.400,0.300,4.600,11.500,3.500,0.000,0,32.200,0.000,0.000,3.100,108.300,59.500,48.400,0.000,0.000,0.000,1.500,0.000,0.000,0.000,0.000,0,0,0,0,2,2,0,0,0,0,0,0,0.000,0.000,0.000,0.000,0,0,0,0,54.722,348.748,2,57.800,35.500,12,601,33.600,17.000,6,297,24.200,18.500,6,304,2,1,1,0.000
1296,1979052068,1,0,1,2,249.800,244.000,0.400,4.800,12.800,3.900,0.000,0,17.600,0.000,0.000,3.400,70.600,36.500,33.600,0.000,0.000,0.000,1.600,0.000,0.000,0.000,0.000,0,0,0,0,0,0,0,0,0,0,0,0,0.000,0.000,0.000,0.000,0,0,0,0,55.258,329.893,0,12.400,41.400,12,601,6.500,20.100,6,297,5.900,21.300,6,304,0,0,0,0.000
1297,1979052068,1,0,1,2,480.700,473.300,0.500,6.200,16.400,5.300,0.000,0,47.600,0.000,0.000,62.100,160.700,85.300,74.800,0.000,0.000,0.000,2.100,1.500,2.400,5.700,13.500,0,0,0,0,2,2,0,0,0,0,0,0,0.000,0.000,0.000,0.000,0,0,0,0,59.099,355.706,2,80.000,55.700,12,599,42.900,27.000,6,295,37.100,28.700,6,304,2,1,1,0.000
1298,1979052068,1,0,1,2,416.400,407.900,0.600,7.100,18.800,5.900,0.000,0,75.800,0.000,0.000,5.000,113.600,64.500,48.500,0.000,0.000,0.000,2.400,0.000,0.000,0.000,0.000,0,0,0,0,2,2,0,0,0,0,0,0,0.000,0.000,0.000,0.000,0,0,0,0,60.288,365.101,0,17.800,70.600,12,599,10.200,39.200,6,295,7.600,31.400,6,304,0,0,0,0.000
1299,1979052068,1,0,1,2,363.400,357.700,0.300,4.800,13.900,4.500,0.000,0,38.700,0.000,0.000,38.700,120.200,62.100,57.600,0.000,0.000,0.000,1.700,0.800,2.000,4.200,9.900,0,0,0,0,2,2,0,0,0,0,0,0,0.000,0.000,0.000,0.000,0,0,0,0,60.380,363.769,2,58.500,42.900,12,599,29.800,21.100,6,294,28.700,21.800,6,305,2,1,1,0.000
1300,1979052068,1,0,1,2,260.800,254.900,0.300,5.000,13.700,4.400,0.000,0,18.300,0.000,0.000,3.500,74.400,38.800,35.200,0.000,0.000,0.000,1.800,0.000,0.000,0.000,0.000,0,0,0,0,0,0,0,0,0,0,0,0,0.000,0.000,0.000,0.000,0,0,0,0,56.567,344.173,0,12.500,44.300,12,599,6.600,21.900,6,294,5.900,22.400,6,305,0,0,0,0.000
1301,1979052068,1,0,1,2,288.500,282.400,0.400,5.100,12.600,4.100,0.000,0,56.700,0.000,0.000,3.400,71.200,37.800,32.900,0.000,0.000,0.000,1.800,0.000,0.000,0.000,0.000,0,0,0,0,2,2,0,0,0,0,0,0,0.000,0.000,0.000,0.000,0,0,0,0,56.123,333.054,0,12.200,41.700,12,599,6.900,20.800,6,294,5.300,20.900,6,305,0,0,0,0.000
1302,1979052068,1,0,1,2,335.900,329.200,0.400,5.800,15.900,5.100,0.000,0,20.800,0.000,0.000,43.800,83.900,44.100,39.300,0.000,0.000,0.000,2.200,0.900,2.500,5.100,11.500,0,0,0,0,0,0,0,0,0,0,0,0,0.000,0.000,0.000,0.000,0,0,0,0,54.859,332.360,0,14.200,49.300,12,599,7.500,24.600,6,294,6.700,24.700,6,305,0,0,0,0.000
1303,1979052068,1,0,1,2,422.100,414.400,0.400,6.500,13.300,5.800,0.000,0,50.700,0.000,0.000,3.700,166.900,91.500,74.800,0.000,0.000,0.000,1.800,0.000,0.000,0.000,0.000,0,0,0,0,2,2,0,0,0,0,0,0,0.000,0.000,0.000,0.000,0,0,0,0,54.038,347.127,2,88.000,54.500,12,595,50.600,26.200,6,291,37.400,28.300,6,304,2,1,1,0.000
1304,1979052068,1,0,1,2,417.300,408.900,0.400,7.100,18.200,5.800,0.000,0,73.900,0.000,0.000,4.700,100.400,52.200,47.600,0.000,0.000,0.000,2.200,0.000,0.000,0.000,0.000,0,0,0,0,2,2,0,0,0,0,0,0,0.000,0.000,0.000,0.000,0,0,0,0,55.814,358.246,0,16.600,59.100,12,595,9.000,29.000,6,291,7.600,30.100,6,304,0,0,0,0.000
1305,1979052068,1,0,1,2,579.100,570.500,0.400,7.300,18.100,8.100,0.000,0,55.600,0.000,0.000,52.000,160.500,81.400,78.500,0.000,0.000,0.000,2.600,0.900,2.600,6.200,14.000,0,0,0,0,2,2,0,0,0,0,0,0,0.000,0.000,0.000,0.000,0,0,0,0,59.465,396.452,2,78.300,57.200,12,591,39.300,27.600,6,288,39.000,29.600,6,303,2,1,1,0.000
1306,1979052068,1,0,1,2,407.600,399.200,0.600,6.900,17.500,5.700,0.000,0,87.800,0.000,0.000,4.500,99.700,52.200,46.900,0.000,0.000,0.000,2.300,0.000,0.000,0.000,0.000,0,0,0,0,2,2,0,0,0,0,0,0,0.000,0.000,0.000,0.000,0,0,0,0,60.605,396.947,0,17.000,58.400,12,591,9.100,28.900,6,288,7.900,29.500,6,303,0,0,0,0.000
1307,1979052068,1,0,1,2,343.100,335.600,0.400,6.300,17.700,5.500,0.000,0,24.100,0.000,0.000,4.500,99.800,52.000,47.100,0.000,0.000,0.000,2.300,0.000,0.000,0.000,0.000,0,0,0,0,0,0,0,0,0,0,0,0,0.000,0.000,0.000,0.000,0,0,0,0,58.930,385.904,0,16.400,58.900,12,591,9.000,29.000,6,288,7.400,29.900,6,303,0,0,0,0.000
1308,1979052068,1,0,1,2,431.400,424.000,0.400,6.100,15.700,5.300,0.000,0,44.900,0.000,0.000,57.300,139.900,71.000,68.500,0.000,0.000,0.000,1.900,1.300,2.200,5.400,12.700,0,0,0,0,2,2,0,0,0,0,0,0,0.000,0.000,0.000,0.000,0,0,0,0,59.897,392.761,2,67.200,50.600,12,585,33.700,24.400,6,283,33.500,26.200,6,302,2,1,1,0.000
1309,1979052068,1,0,1,2,347.000,339.000,0.400,6.800,17.400,5.900,0.000,0,23.800,0.000,0.000,4.700,102.100,53.800,47.800,0.000,0.000,0.000,2.300,0.000,0.000,0.000,0.000,0,0,0,0,0,0,0,0,0,0,0,0,0.000,0.000,0.000,0.000,0,0,0,0,57.953,383.084,0,16.500,59.600,12,585,9.100,29.500,6,283,7.400,30.100,6,302,0,0,0,0.000
1310,1979052068,1,0,1,2,496.800,488.700,0.400,6.800,17.800,5.600,0.000,0,51.200,0.000,0.000,66.000,162.600,83.100,78.900,0.000,0.000,0.000,2.300,1.100,2.900,6.600,14.000,0,0,0,0,2,2,0,0,0,0,0,0,0.000,0.000,0.000,0.000,0,0,0,0,60.518,402.095,2,79.000,58.300,12,583,40.200,28.000,6,282,38.800,30.300,6,301,2,1,1,0.000
1311,1979052068,1,0,1,2,386.100,378.000,0.400,6.900,17.900,6.100,0.000,0,23.600,0.000,0.000,5.000,140.200,53.300,86.300,0.000,0.000,0.000,2.300,0.000,0.000,0.000,0.000,0,0,0,0,0,0,0,0,0,0,0,0,0.000,0.000,0.000,0.000,0,0,0,0,59.003,397.758,0,16.900,98.600,12,583,9.400,29.800,6,282,7.500,68.800,6,301,0,0,0,0.000
1312,1979052068,1,0,1,2,767.900,757.500,0.500,8.800,25.300,9.900,0.000,0,80.600,0.000,0.000,104.200,216.600,109.500,106.300,0.000,0.000,0.000,3.400,1.200,3.800,8.600,22.900,0,0,0,0,2,2,0,0,0,0,0,0,0.000,0.000,0.000,0.000,0,0,0,0,62.800,462.512,2,104.400,70.800,12,581,51.300,33.900,6,281,53.100,36.900,6,300,2,1,1,0.000
1313,1979052068,1,0,1,2,414.600,406.100,0.400,7.100,17.500,5.800,0.000,0,87.300,0.000,0.000,4.800,105.100,55.600,49.000,0.000,0.000,0.000,2.400,0.000,0.000,0.000,0.000,0,0,0,0,2,2,0,0,0,0,0,0,0.000,0.000,0.000,0.000,0,0,0,0,63.520,452.358,0,17.800,61.400,12,581,10.200,30.000,6,281,7.600,31.400,6,300,0,0,0,0.000
1314,1979052068,1,0,1,2,358.800,351.000,0.400,6.700,12.700,5.700,0.000,0,81.300,0.000,0.000,3.200,75.100,36.700,36.800,0.000,0.000,0.000,1.600,0.000,0.000,0.000,0.000,0,0,0,0,2,2,0,0,0,0,0,0,0.000,0.000,0.000,0.000,0,0,0,0,61.033,434.113,0,11.700,41.200,12,581,6.400,20.400,6,281,5.300,20.800,6,300,0,0,0,0.000
1315,1979052068,1,0,1,2,439.900,431.900,0.400,6.700,17.500,5.800,0.000,0,23.300,0.000,0.000,94.500,103.400,54.900,48.000,0.000,0.000,0.000,2.200,1.000,2.500,6.400,42.300,0,0,0,0,0,0,0,0,0,0,0,0,0.000,0.000,0.000,0.000,0,0,0,0,59.911,433.715,0,17.400,60.300,12,581,9.400,29.900,6,281,8.000,30.400,6,300,0,0,0,0.000
1316,1979052068,1,0,1,2,500.400,463.700,29.800,6.000,17.400,6.100,0.000,0,51.800,0.000,0.000,4.800,200.000,118.800,80.700,0.000,0.000,0.000,2.500,0.000,0.000,0.000,0.000,0,0,0,0,2,2,0,0,0,0,0,0,0.000,0.000,0.000,0.000,0,0,0,0,62.105,439.112,2,115.500,59.700,12,580,75.500,28.900,6,281,40.000,30.800,6,299,2,1,1,0.000
1317,1979052068,1,0,1,2,445.500,437.700,0.400,6.600,17.600,5.700,0.000,0,51.000,0.000,0.000,66.900,100.700,52.300,47.800,0.000,0.000,0.000,2.200,1.000,2.500,6.100,14.200,0,0,0,0,2,2,0,0,0,0,0,0,0.000,0.000,0.000,0.000,0,0,0,0,64.012,438.858,0,16.800,59.700,12,580,9.200,28.800,6,281,7.600,30.900,6,299,0,0,0,0.000
1318,1979052068,1,0,1,2,392.300,385.600,0.300,5.600,14.100,5.000,0.000,0,42.500,0.000,0.000,4.200,166.600,100.500,65.600,0.000,0.000,0.000,2.200,0.000,0.000,0.000,0.000,0,0,0,0,2,2,0,0,0,0,0,0,0.000,0.000,0.000,0.000,0,0,0,0,63.470,429.272,2,96.100,49.000,12,581,63.000,24.300,6,281,33.100,24.700,6,300,2,1,1,0.000
1319,1979052068,1,0,1,2,273.400,267.900,0.300,4.700,11.600,4.100,0.000,0,59.700,0.000,0.000,3.200,67.400,35.700,31.300,0.000,0.000,0.000,1.500,0.000,0.000,0.000,0.000,0,0,0,0,2,2,0,0,0,0,0,0,0.000,0.000,0.000,0.000,0,0,0,0,60.577,400.225,0,11.300,40.100,12,581,6.100,20.300,6,281,5.200,19.800,6,300,0,0,0,0.000
1320,1979052068,1,0,1,2,377.700,370.400,0.300,6.200,16.300,5.200,0.000,0,21.700,0.000,0.000,59.900,95.300,50.500,44.200,0.000,0.000,0.000,2.100,0.900,2.500,5.500,13.000,0,0,0,0,0,0,0,0,0,0,0,0,0.000,0.000,0.000,0.000,0,0,0,0,60.833,394.856,0,15.400,56.500,12,581,8.300,28.100,6,281,7.100,28.400,6,300,0,0,0,0.000
1321,1979052068,1,0,1,2,475.200,466.600,0.700,7.000,17.300,6.100,0.000,0,51.100,0.000,0.000,5.000,202.600,121.600,80.400,0.000,0.000,0.000,2.600,0.000,0.000,0.000,0.000,0,0,0,0,2,2,0,0,0,0,0,0,0.000,0.000,0.000,0.000,0,0,0,0,66.587,407.770,2,117.800,60.000,12,584,77.700,29.400,6,284,40.100,30.600,6,300,2,1,1,0.000
1322,1979052068,1,0,1,2,626.100,616.800,1.200,7.100,19.900,6.800,0.000,0,58.500,0.000,0.000,73.400,254.600,167.600,86.300,0.000,0.000,0.000,2.700,1.000,2.600,11.000,14.000,0,0,0,0,2,2,0,0,0,0,0,0,0.000,0.000,0.000,0.000,0,0,0,0,68.228,445.395,0,46.300,67.800,12,584,9.900,30.500,6,284,36.400,37.300,6,300,0,0,0,0.000
1323,1979052068,1,0,1,2,506.000,497.100,0.500,7.400,18.900,6.300,0.000,0,56.300,0.000,0.000,5.300,208.700,119.900,88.300,0.000,0.000,0.000,2.600,0.000,0.000,0.000,0.000,0,0,0,0,2,2,0,0,0,0,0,0,0.000,0.000,0.000,0.000,0,0,0,0,69.501,454.702,2,114.200,66.100,12,589,70.100,33.100,6,287,44.100,33.000,6,302,2,1,1,0.000
1324,1979052068,1,0,1,2,449.100,441.200,0.400,6.600,18.800,5.900,0.000,0,51.300,0.000,0.000,74.300,103.600,56.200,46.900,0.000,0.000,0.000,2.200,1.100,3.100,6.200,14.200,0,0,0,0,2,2,0,0,0,0,0,0,0.000,0.000,0.000,0.000,0,0,0,0,70.131,452.272,0,16.700,60.600,12,589,9.100,31.100,6,287,7.600,29.500,6,302,0,0,0,0.000
1325,1979052068,1,0,1,2,343.800,335.300,0.500,7.000,13.700,4.300,0.000,0,76.600,0.000,0.000,3.500,94.100,57.000,36.700,0.000,0.000,0.000,1.800,0.000,0.000,0.000,0.000,0,0,0,0,2,2,0,0,0,0,0,0,0.000,0.000,0.000,0.000,0,0,0,0,66.957,431.217,0,13.100,61.900,12,589,7.000,38.800,6,287,6.100,23.100,6,302,0,0,0,0.000
1326,1979052068,1,0,1,2,476.800,468.600,0.400,6.900,18.000,6.000,0.000,0,52.300,0.000,0.000,4.600,202.900,122.100,80.100,0.000,0.000,0.000,2.500,0.000,0.000,0.000,0.000,0,0,0,0,2,2,0,0,0,0,0,0,0.000,0.000,0.000,0.000,0,0,0,0,67.631,437.946,2,115.900,61.300,12,592,76.100,30.800,6,289,39.800,30.500,6,303,2,1,1,0.000
1327,1979052068,1,0,1,2,236.600,232.400,0.200,3.600,9.500,3.200,0.000,0,27.000,0.000,0.000,37.900,54.800,29.300,25.200,0.000,0.000,0.000,1.400,0.600,1.600,3.400,7.200,0,0,0,0,2,2,0,0,0,0,0,0,0.000,0.000,0.000,0.000,0,0,0,0,63.071,400.948,0,9.100,32.600,12,592,4.900,16.500,6,289,4.200,16.100,6,303,0,0,0,0.000
1328,1979052068,1,0,1,2,357.100,349.200,0.500,6.500,18.500,5.900,0.000,0,24.700,0.000,0.000,4.500,104.200,56.000,47.700,0.000,0.000,0.000,2.200,0.000,0.000,0.000,0.000,0,0,0,0,0,0,0,0,0,0,0,0,0.000,0.000,0.000,0.000,0,0,0,0,60.736,391.633,0,17.400,62.400,12,592,9.700,31.900,6,289,7.700,30.500,6,303,0,0,0,0.000
1329,1979052068,1,0,1,2,389.700,382.100,0.500,6.300,13.900,4.500,0.000,0,48.700,0.000,0.000,3.700,151.200,89.500,61.300,0.000,0.000,0.000,1.800,0.000,0.000,0.000,0.000,0,0,0,0,2,2,0,0,0,0,0,0,0.000,0.000,0.000,0.000,0,0,0,0,61.504,389.917,2,84.200,47.100,12,595,53.600,24.100,6,292,30.600,23.000,6,303,2,1,1,0.000
1330,1979052068,1,0,1,2,335.200,329.100,0.300,5.100,13.500,4.500,0.000,0,38.800,0.000,0.000,51.400,79.300,43.000,35.800,0.000,0.000,0.000,1.700,1.200,2.000,4.900,10.800,0,0,0,0,2,2,0,0,0,0,0,0,0.000,0.000,0.000,0.000,0,0,0,0,62.079,378.970,0,12.700,47.900,12,595,6.900,24.900,6,292,5.800,23.000,6,303,0,0,0,0.000
1331,1979052068,1,0,1,2,248.800,243.500,0.300,4.400,12.800,3.900,0.000,0,17.100,0.000,0.000,3.200,72.600,39.600,32.700,0.000,0.000,0.000,1.500,0.000,0.000,0.000,0.000,0,0,0,0,0,0,0,0,0,0,0,0,0.000,0.000,0.000,0.000,0,0,0,0,59.221,354.585,0,12.400,43.400,12,595,6.900,22.500,6,292,5.500,20.900,6,303,0,0,0,0.000
1332,1979052068,1,0,1,2,359.200,353.900,0.300,4.400,17.500,3.900,0.000,0,35.100,0.000,0.000,4.800,154.500,99.000,54.800,0.000,0.000,0.000,2.100,0.000,0.000,0.000,0.000,0,0,0,0,2,2,0,0,0,0,0,0,0.000,0.000,0.000,0.000,0,0,0,0,62.835,354.462,2,82.200,50.400,12,599,53.500,30.700,6,295,28.700,19.700,6,304,2,1,1,0.000
1333,1979052068,1,0,1,2,372.700,365.400,0.500,6.100,15.500,5.200,0.000,0,44.600,0.000,0.000,45.300,91.000,48.500,42.000,0.000,0.000,0.000,2.400,1.000,2.400,5.200,12.100,0,0,0,0,2,2,0,0,0,0,0,0,0.000,0.000,0.000,0.000,0,0,0,0,63.459,356.431,0,15.300,53.300,12,599,8.100,27.200,6,295,7.200,26.100,6,304,0,0,0,0.000
1334,1979052068,1,0,1,2,362.600,356.200,0.400,5.400,14.500,4.600,0.000,0,41.300,0.000,0.000,4.500,141.500,77.600,63.400,0.000,0.000,0.000,1.900,0.000,0.000,0.000,0.000,0,0,0,0,2,2,0,0,0,0,0,0,0.000,0.000,0.000,0.000,0,0,0,0,64.150,356.389,2,75.100,46.300,12,601,43.200,22.600,6,297,31.900,23.700,6,304,2,1,1,0.000
1335,1979052068,1,0,1,2,304.000,297.200,0.300,5.700,15.800,4.700,0.000,0,21.200,0.000,0.000,4.200,87.200,46.800,40.000,0.000,0.000,0.000,2.000,0.000,0.000,0.000,0.000,0,0,0,0,0,0,0,0,0,0,0,0,0.000,0.000,0.000,0.000,0,0,0,0,63.997,345.735,0,14.700,50.800,12,601,8.000,25.500,6,297,6.700,25.300,6,304,0,0,0,0.000
1336,1979052068,1,0,1,2,189.600,186.600,0.200,2.500,7.500,3.700,0.000,0,19.600,0.000,0.000,25.400,40.300,22.200,17.900,0.000,0.000,0.000,1.000,1.000,1.600,2.000,4.900,0,0,0,0,2,2,0,0,0,0,0,0,0.000,0.000,0.000,0.000,0,0,0,0,62.936,317.091,0,7.700,22.000,12,601,3.900,11.100,6,297,3.800,10.900,6,304,0,0,0,0.000
1337,1979052068,1,0,1,2,360.200,353.900,0.400,5.300,13.200,4.600,0.000,0,41.000,0.000,0.000,3.600,139.900,77.100,62.300,0.000,0.000,0.000,1.700,0.000,0.000,0.000,0.000,0,0,0,0,2,2,0,0,0,0,0,0,0.000,0.000,0.000,0.000,0,0,0,0,65.845,323.717,2,73.900,46.600,12,601,42.600,22.900,6,296,31.300,23.700,6,305,2,1,1,0.000
1338,1979052068,1,0,1,2,320.300,314.000,0.200,5.300,15.300,5.000,0.000,0,65.400,0.000,0.000,4.200,81.300,43.800,37.100,0.000,0.000,0.000,2.300,0.000,0.000,0.000,0.000,0,0,0,0,1,1,0,0,0,0,0,0,0.000,0.000,0.000,0.000,0,0,0,0,64.793,321.968,0,14.100,47.300,12,601,8.200,23.500,6,296,5.900,23.800,6,305,0,0,0,0.000
1339,1979052068,1,0,1,2,546.600,537.700,0.600,7.400,19.000,6.500,0.000,0,56.000,0.000,0.000,72.200,177.700,91.300,85.800,0.000,0.000,0.000,2.500,1.100,3.000,7.100,15.400,0,0,0,0,2,2,0,0,0,0,0,0,0.000,0.000,0.000,0.000,0,0,0,0,66.918,360.799,2,86.600,63.600,12,601,43.600,31.500,6,296,43.000,32.100,6,305,2,1,1,0.000
1340,1979052068,1,0,1,2,401.000,392.400,0.400,7.300,18.200,5.900,0.000,0,74.900,0.000,0.000,4.600,101.200,53.100,47.400,0.000,0.000,0.000,2.100,0.000,0.000,0.000,0.000,0,0,0,0,2,2,0,0,0,0,0,0,0.000,0.000,0.000,0.000,0,0,0,0,65.925,366.487,0,16.900,59.900,12,601,9.100,29.900,6,296,7.800,30.000,6,305,0,0,0,0.000
1341,1979052068,1,0,1,2,309.700,303.800,0.300,5.000,12.900,4.300,0.000,0,17.300,0.000,0.000,58.800,74.500,39.300,34.700,0.000,0.000,0.000,1.700,0.800,2.100,4.700,9.900,0,0,0,0,0,0,0,0,0,0,0,0,0.000,0.000,0.000,0.000,0,0,0,0,64.157,355.204,0,12.300,43.500,12,601,6.300,21.700,6,296,6.000,21.800,6,305,0,0,0,0.000
1342,1979052068,1,0,1,2,473.300,465.300,0.400,6.800,17.800,6.200,0.000,0,51.300,0.000,0.000,4.800,199.800,120.400,78.800,0.000,0.000,0.000,2.300,0.000,0.000,0.000,0.000,0,0,0,0,2,2,0,0,0,0,0,0,0.000,0.000,0.000,0.000,0,0,0,0,65.172,375.021,2,114.500,59.700,12,598,75.600,29.500,6,295,38.900,30.200,6,303,2,1,1,0.000
1343,1979052068,1,0,1,2,356.100,349.400,0.400,5.500,15.300,4.900,0.000,0,71.000,0.000,0.000,3.800,88.500,50.200,37.600,0.000,0.000,0.000,1.800,0.000,0.000,0.000,0.000,0,0,0,0,2,2,0,0,0,0,0,0,0.000,0.000,0.000,0.000,0,0,0,0,64.133,370.409,0,14.400,53.700,12,598,8.100,30.200,6,295,6.300,23.500,6,303,0,0,0,0.000
1344,1979052068,1,0,1,2,401.900,394.400,0.400,6.300,17.500,6.100,0.000,0,23.200,0.000,0.000,64.100,98.900,52.100,46.300,0.000,0.000,0.000,2.200,0.900,2.500,6.600,13.900,0,0,0,0,0,0,0,0,0,0,0,0,0.000,0.000,0.000,0.000,0,0,0,0,61.103,374.728,0,16.400,57.500,12,598,8.700,28.500,6,295,7.700,29.000,6,303,0,0,0,0.000
1345,1979052068,1,0,1,2,382.500,369.800,5.100,6.700,14.300,4.700,0.000,0,41.900,0.000,0.000,3.700,153.000,88.700,63.800,0.000,0.000,0.000,1.800,0.000,0.000,0.000,0.000,0,0,0,0,2,2,0,0,0,0,0,0,0.000,0.000,0.000,0.000,0,0,0,0,60.923,373.841,2,85.000,46.900,12,592,53.200,23.100,6,290,31.800,23.800,6,302,2,1,1,0.000
1346,1979052068,1,0,1,2,209.000,205.100,0.200,3.200,8.400,2.700,0.000,0,24.500,0.000,0.000,35.500,48.100,24.900,22.900,0.000,0.000,0.000,1.100,0.600,1.600,2.800,6.400,0,0,0,0,2,2,0,0,0,0,0,0,0.000,0.000,0.000,0.000,0,0,0,0,56.653,343.467,0,8.200,27.900,12,592,4.200,13.700,6,290,4.000,14.200,6,302,0,0,0,0.000
1347,1979052068,1,0,1,2,222.400,218.600,0.200,3.200,7.800,2.800,0.000,0,25.400,0.000,0.000,2.100,94.800,57.400,37.300,0.000,0.000,0.000,1.200,0.000,0.000,0.000,0.000,0,0,0,0,2,2,0,0,0,0,0,0,0.000,0.000,0.000,0.000,0,0,0,0,53.817,320.991,2,55.400,27.600,12,587,36.700,13.500,6,286,18.700,14.100,6,301,2,1,1,0.000
1348,1979052068,1,0,1,2,161.000,157.100,0.200,3.200,8.200,2.800,0.000,0,11.700,0.000,0.000,2.400,48.100,25.300,22.600,0.000,0.000,0.000,1.100,0.000,0.000,0.000,0.000,0,0,0,0,0,0,0,0,0,0,0,0,0.000,0.000,0.000,0.000,0,0,0,0,49.530,291.491,0,8.400,28.000,12,587,4.300,14.000,6,286,4.100,14.000,6,301,0,0,0,0.000
1349,1979052068,1,0,1,2,478.300,469.700,0.400,7.300,19.100,6.600,0.000,0,54.700,0.000,0.000,86.200,109.000,57.200,51.200,0.000,0.000,0.000,2.400,1.200,2.600,7.000,15.100,0,0,0,0,2,2,0,0,0,0,0,0,0.000,0.000,0.000,0.000,0,0,0,0,55.519,323.568,0,18.200,64.100,12,587,10.000,31.500,6,286,8.200,32.600,6,301,0,0,0,0.000
1350,1979052068,1,0,1,2,542.500,533.400,0.400,7.700,60.000,6.200,0.000,0,56.200,0.000,0.000,5.200,213.900,127.600,85.700,0.000,0.000,0.000,2.400,0.000,0.000,0.000,0.000,0,0,0,0,2,2,0,0,0,0,0,0,0.000,0.000,0.000,0.000,0,0,0,0,58.179,361.338,2,122.100,63.900,12,583,79.500,31.600,6,283,42.600,32.300,6,300,2,1,1,0.000
1351,1979052068,1,0,1,2,424.600,416.700,0.500,6.700,17.600,5.900,0.000,0,50.400,0.000,0.000,64.600,101.400,53.300,47.600,0.000,0.000,0.000,2.200,1.000,2.600,6.300,14.000,0,0,0,0,2,2,0,0,0,0,0,0,0.000,0.000,0.000,0.000,0,0,0,0,59.389,371.303,0,17.000,59.600,12,583,9.300,29.700,6,283,7.700,29.900,6,300,0,0,0,0.000
1352,1979052068,1,0,1,2,504.000,495.900,0.500,6.800,17.800,6.300,0.000,0,53.300,0.000,0.000,4.600,236.600,113.300,122.700,0.000,0.000,0.000,2.200,0.000,0.000,0.000,0.000,0,0,0,0,2,2,0,0,0,0,0,0,0.000,0.000,0.000,0.000,0,0,0,0,61.569,393.731,2,151.000,59.600,12,582,69.100,29.100,6,283,81.900,30.500,6,299,2,1,1,0.000
1353,1979052068,1,0,1,2,432.000,424.100,0.400,6.600,17.600,5.700,0.000,0,51.000,0.000,0.000,67.100,104.200,54.700,49.000,0.000,0.000,0.000,2.300,1.200,2.500,6.300,13.700,0,0,0,0,2,2,0,0,0,0,0,0,0.000,0.000,0.000,0.000,0,0,0,0,62.817,399.197,0,18.000,60.500,12,582,9.700,29.600,6,283,8.300,30.900,6,299,0,0,0,0.000
1354,1979052068,1,0,1,2,354.800,348.700,0.400,5.100,19.800,5.800,0.000,0,19.300,0.000,0.000,4.900,133.800,58.400,74.700,0.000,0.000,0.000,2.400,0.000,0.000,0.000,0.000,0,0,0,0,0,0,0,0,0,0,0,0,0.000,0.000,0.000,0.000,0,0,0,0,61.554,390.108,0,17.900,89.400,12,582,9.700,32.900,6,283,8.200,56.500,6,299,0,0,0,0.000
1355,1979052068,1,0,1,2,424.400,416.400,0.400,6.600,14.500,4.900,0.000,0,51.100,0.000,0.000,3.900,184.100,112.700,70.600,0.000,0.000,0.000,1.900,0.000,0.000,0.000,0.000,0,0,0,0,2,2,0,0,0,0,0,0,0.000,0.000,0.000,0.000,0,0,0,0,61.166,394.840,2,109.300,51.900,12,581,73.900,25.300,6,282,35.400,26.600,6,299,2,1,1,0.000
1356,1979052068,1,0,1,2,388.500,381.300,0.400,6.100,15.600,5.200,0.000,0,62.200,0.000,0.000,57.500,88.500,46.800,41.200,0.000,0.000,0.000,1.900,1.000,2.700,5.500,12.300,0,0,0,0,2,2,0,0,0,0,0,0,0.000,0.000,0.000,0.000,0,0,0,0,60.650,392.403,0,14.300,52.600,12,581,7.600,26.300,6,282,6.700,26.300,6,299,0,0,0,0.000
1357,1979052068,1,0,1,2,276.200,269.900,0.300,5.200,14.100,4.600,0.000,0,20.500,0.000,0.000,3.700,84.400,44.700,39.100,0.000,0.000,0.000,1.800,0.000,0.000,0.000,0.000,0,0,0,0,0,0,0,0,0,0,0,0,0.000,0.000,0.000,0.000,0,0,0,0,57.851,370.352,0,13.900,50.500,12,581,7.600,25.400,6,282,6.300,25.100,6,299,0,0,0,0.000
1358,1979052068,1,0,1,2,540.100,531.000,0.500,7.700,18.500,6.300,0.000,0,53.900,0.000,0.000,84.500,177.800,91.500,85.700,0.000,0.000,0.000,2.400,1.100,2.600,6.800,15.100,0,0,0,0,2,2,0,0,0,0,0,0,0.000,0.000,0.000,0.000,0,0,0,0,61.208,399.269,2,85.600,65.000,12,583,43.600,31.700,6,283,42.000,33.300,6,300,2,1,1,0.000
1359,1979052068,1,0,1,2,398.900,390.500,0.500,7.000,17.800,5.500,0.000,0,84.700,0.000,0.000,4.700,103.000,54.400,48.000,0.000,0.000,0.000,2.200,0.000,0.000,0.000,0.000,0,0,0,0,2,2,0,0,0,0,0,0,0.000,0.000,0.000,0.000,0,0,0,0,61.224,397.691,0,16.800,61.400,12,583,9.100,30.800,6,283,7.700,30.600,6,300,0,0,0,0.000
1360,1979052068,1,0,1,2,546.300,535.500,0.500,9.200,18.900,6.000,0.000,0,60.900,0.000,0.000,83.700,169.000,88.400,79.800,0.000,0.000,0.000,2.500,1.200,2.800,6.700,14.700,0,0,0,0,2,2,0,0,0,0,0,0,0.000,0.000,0.000,0.000,0,0,0,0,65.972,422.496,2,83.000,60.400,12,587,43.900,29.900,6,286,39.100,30.500,6,301,2,1,1,0.000
1361,1979052068,1,0,1,2,396.800,388.600,0.500,6.900,17.900,6.300,0.000,0,83.400,0.000,0.000,4.400,101.600,54.200,46.900,0.000,0.000,0.000,2.200,0.000,0.000,0.000,0.000,0,0,0,0,2,2,0,0,0,0,0,0,0.000,0.000,0.000,0.000,0,0,0,0,64.987,416.395,0,16.800,60.600,12,587,9.100,31.300,6,286,7.700,29.300,6,301,0,0,0,0.000
1362,1979052068,1,0,1,2,249.100,244.700,0.300,3.600,13.900,4.900,0.000,0,13.600,0.000,0.000,3.900,88.300,45.200,42.400,0.000,0.000,0.000,1.900,0.000,0.000,0.000,0.000,0,0,0,0,0,0,0,0,0,0,0,0,0.000,0.000,0.000,0.000,0,0,0,0,62.361,385.490,0,14.000,53.400,12,587,7.600,25.500,6,286,6.400,27.900,6,301,0,0,0,0.000
1363,1979052068,1,0,1,2,277.300,273.100,0.300,3.600,9.900,3.500,0.000,0,28.800,0.000,0.000,42.500,91.300,48.300,42.600,0.000,0.000,0.000,1.300,0.700,1.500,3.500,7.200,0,0,0,0,2,2,0,0,0,0,0,0,0.000,0.000,0.000,0.000,0,0,0,0,65.104,365.260,2,44.000,32.500,12,589,22.700,16.600,6,288,21.300,15.900,6,301,2,1,1,0.000
1364,1979052068,1,0,1,2,280.500,274.900,0.500,4.500,12.700,4.100,0.000,0,57.200,0.000,0.000,3.600,72.400,40.400,31.500,0.000,0.000,0.000,1.600,0.000,0.000,0.000,0.000,0,0,0,0,2,2,0,0,0,0,0,0,0.000,0.000,0.000,0.000,0,0,0,0,61.864,348.995,0,12.000,40.300,12,589,6.600,20.300,6,288,5.400,20.000,6,301,0,0,0,0.000
1365,1979052068,1,0,1,2,480.100,473.100,0.400,5.800,16.000,5.500,0.000,0,43.800,0.000,0.000,97.900,151.900,81.400,70.000,0.000,0.000,0.000,2.100,1.200,2.400,5.600,12.100,0,0,0,0,2,2,0,0,0,0,0,0,0.000,0.000,0.000,0.000,0,0,0,0,62.878,371.334,2,71.100,53.100,12,591,36.300,26.800,6,289,34.800,26.300,6,302,2,1,1,0.000
1366,1979052068,1,0,1,2,192.200,187.900,0.300,3.700,9.800,2.900,0.000,0,12.200,0.000,0.000,2.600,58.100,32.800,25.000,0.000,0.000,0.000,1.300,0.000,0.000,0.000,0.000,0,0,0,0,0,0,0,0,0,0,0,0,0.000,0.000,0.000,0.000,0,0,0,0,59.030,338.316,0,9.500,31.900,12,591,5.200,16.200,6,289,4.300,15.700,6,302,0,0,0,0.000
1367,1979052068,1,0,1,2,376.800,342.200,28.700,5.100,14.500,4.500,0.000,0,69.800,0.000,0.000,3.900,85.300,48.000,36.900,0.000,0.000,0.000,1.900,0.000,0.000,0.000,0.000,0,0,0,0,2,2,0,0,0,0,0,0,0.000,0.000,0.000,0.000,0,0,0,0,59.745,339.015,0,13.700,48.300,12,591,7.300,25.100,6,289,6.400,23.200,6,302,0,0,0,0.000
1368,1979052068,1,0,1,2,524.900,516.400,0.400,7.100,17.700,5.700,0.000,0,50.900,0.000,0.000,64.700,172.900,92.800,79.600,0.000,0.000,0.000,2.500,1.000,2.600,6.300,14.200,0,0,0,0,2,2,0,0,0,0,0,0,0.000,0.000,0.000,0.000,0,0,0,0,63.967,370.944,2,83.000,59.800,12,596,42.200,31.100,6,292,40.800,28.700,6,304,2,1,1,0.000
1369,1979052068,1,0,1,2,444.700,436.000,0.600,7.200,18.800,6.100,0.000,0,85.000,0.000,0.000,4.500,115.700,64.100,51.000,0.000,0.000,0.000,2.200,0.000,0.000,0.000,0.000,0,0,0,0,2,2,0,0,0,0,0,0,0.000,0.000,0.000,0.000,0,0,0,0,64.297,382.654,0,18.100,66.300,12,596,9.900,34.400,6,292,8.200,31.900,6,304,0,0,0,0.000
1370,1979052068,1,0,1,2,501.600,493.900,0.400,6.500,18.200,12.700,0.000,0,47.000,0.000,0.000,64.900,181.300,99.800,80.900,0.000,0.000,0.000,2.200,1.000,2.400,6.300,13.800,0,0,0,0,2,2,0,0,0,0,0,0,0.000,0.000,0.000,0.000,0,0,0,0,67.645,402.679,2,80.900,64.600,12,597,41.400,34.000,6,294,39.500,30.600,6,303,2,1,1,0.000
1371,1979052068,1,0,1,2,386.200,378.300,0.400,6.700,18.000,5.700,0.000,0,84.700,0.000,0.000,5.500,98.500,54.600,43.500,0.000,0.000,0.000,3.200,0.000,0.000,0.000,0.000,0,0,0,0,2,2,0,0,0,0,0,0,0.000,0.000,0.000,0.000,0,0,0,0,66.863,398.290,0,15.900,55.700,12,597,8.700,28.400,6,294,7.200,27.300,6,303,0,0,0,0.000
1372,1979052068,1,0,1,2,378.500,370.200,0.400,7.100,18.100,6.000,0.000,0,23.500,0.000,0.000,4.800,107.000,59.300,47.100,0.000,0.000,0.000,2.400,0.000,0.000,0.000,0.000,0,0,0,0,0,0,0,0,0,0,0,0,0.000,0.000,0.000,0.000,0,0,0,0,64.602,393.234,0,17.100,60.300,12,597,9.300,30.400,6,294,7.800,29.900,6,303,0,0,0,0.000
1373,1979052068,1,0,1,2,484.700,476.700,0.400,6.800,14.200,5.800,0.000,0,49.900,0.000,0.000,53.300,182.400,101.900,80.000,0.000,0.000,0.000,1.800,0.900,2.200,5.000,11.300,0,0,0,0,2,2,0,0,0,0,0,0,0.000,0.000,0.000,0.000,0,0,0,0,64.205,408.258,2,73.100,79.600,12,597,33.700,48.800,6,294,39.400,30.800,6,303,2,1,1,0.000
1374,1979052068,1,0,1,2,397.300,389.200,0.600,6.600,17.200,5.600,0.000,0,89.200,0.000,0.000,4.200,98.300,54.700,43.100,0.000,0.000,0.000,2.100,0.000,0.000,0.000,0.000,0,0,0,0,2,2,0,0,0,0,0,0,0.000,0.000,0.000,0.000,0,0,0,0,63.988,404.828,0,15.900,55.300,12,597,8.900,28.400,6,294,7.000,26.900,6,303,0,0,0,0.000
1375,1979052068,1,0,1,2,364.000,350.500,6.700,6.000,17.700,5.600,0.000,0,22.500,0.000,0.000,4.600,124.200,76.400,47.300,0.000,0.000,0.000,2.200,0.000,0.000,0.000,0.000,0,0,0,0,0,0,0,0,0,0,0,0,0.000,0.000,0.000,0.000,0,0,0,0,61.435,395.049,0,17.400,60.000,12,597,9.300,30.600,6,294,8.100,29.400,6,303,0,0,0,0.000
1376,1979052068,1,0,1,2,430.200,422.800,0.700,5.800,15.600,5.000,0.000,0,42.600,0.000,0.000,58.200,146.200,77.600,68.000,0.000,0.000,0.000,2.200,0.900,2.400,5.800,12.300,0,0,0,0,2,2,0,0,0,0,0,0,0.000,0.000,0.000,0.000,0,0,0,0,61.788,400.044,2,69.400,51.000,12,596,35.900,25.100,6,294,33.500,25.900,6,302,2,1,1,0.000
1377,1979052068,1,0,1,2,426.500,418.000,0.600,6.900,39.000,5.700,0.000,0,86.000,0.000,0.000,4.400,107.600,58.700,48.300,0.000,0.000,0.000,2.300,0.000,0.000,0.000,0.000,0,0,0,0,2,2,0,0,0,0,0,0,0.000,0.000,0.000,0.000,0,0,0,0,62.150,403.276,0,17.200,60.600,12,596,9.400,30.000,6,294,7.800,30.600,6,302,0,0,0,0.000
1378,1979052068,1,0,1,2,397.500,391.400,0.300,5.100,13.500,4.700,0.000,0,39.200,0.000,0.000,68.600,128.800,68.100,60.200,0.000,0.000,0.000,1.800,0.900,2.000,4.900,26.400,0,0,0,0,2,2,0,0,0,0,0,0,0.000,0.000,0.000,0.000,0,0,0,0,61.421,401.138,2,61.900,43.100,12,594,31.600,21.100,6,292,30.300,22.000,6,302,2,1,1,0.000
1379,1979052068,1,0,1,2,396.100,388.200,0.500,6.500,17.200,5.900,0.000,0,83.800,0.000,0.000,4.500,103.100,55.900,46.700,0.000,0.000,0.000,2.100,0.000,0.000,0.000,0.000,0,0,0,0,2,2,0,0,0,0,0,0,0.000,0.000,0.000,0.000,0,0,0,0,61.345,398.809,0,16.900,57.600,12,594,9.000,28.500,6,292,7.900,29.100,6,302,0,0,0,0.000
1380,1979052068,1,0,1,2,484.600,476.600,0.400,6.800,17.400,5.700,0.000,0,50.100,0.000,0.000,63.500,165.500,86.300,78.600,0.000,0.000,0.000,2.200,1.100,2.400,6.300,13.600,0,0,0,0,2,2,0,0,0,0,0,0,0.000,0.000,0.000,0.000,0,0,0,0,62.795,412.812,2,77.300,58.300,12,589,39.000,28.200,6,289,38.300,30.100,6,300,2,1,1,0.000
1381,1979052068,1,0,1,2,304.800,299.100,0.300,4.800,13.500,4.200,0.000,0,16.500,0.000,0.000,3.400,78.200,43.000,34.900,0.000,0.000,0.000,1.600,0.000,0.000,0.000,0.000,0,0,0,0,0,0,0,0,0,0,0,0,0.000,0.000,0.000,0.000,0,0,0,0,58.908,392.344,0,12.500,43.200,12,589,6.900,21.300,6,289,5.600,21.900,6,300,0,0,0,0.000
1382,1979052068,1,0,1,2,413.300,406.400,0.400,5.700,18.200,5.900,0.000,0,95.500,0.000,0.000,4.500,107.300,59.200,47.500,0.000,0.000,0.000,2.200,0.000,0.000,0.000,0.000,0,0,0,0,2,2,0,0,0,0,0,0,0.000,0.000,0.000,0.000,0,0,0,0,59.969,394.874,0,16.700,61.100,12,589,9.100,30.600,6,289,7.600,30.500,6,300,0,0,0,0.000
1383,1979052068,1,0,1,2,418.400,411.700,0.300,5.600,32.300,4.500,0.000,0,41.100,0.000,0.000,54.300,136.000,71.100,64.400,0.000,0.000,0.000,1.900,1.200,2.200,5.000,11.100,0,0,0,0,2,2,0,0,0,0,0,0,0.000,0.000,0.000,0.000,0,0,0,0,64.438,397.902,2,64.500,47.500,12,583,32.700,23.000,6,285,31.800,24.500,6,298,2,1,1,0.000
1384,1979052068,1,0,1,2,339.900,332.000,0.400,6.700,17.600,5.900,0.000,0,23.200,0.000,0.000,4.500,105.400,57.400,47.500,0.000,0.000,0.000,2.300,0.000,0.000,0.000,0.000,0,0,0,0,0,0,0,0,0,0,0,0,0.000,0.000,0.000,0.000,0,0,0,0,62.145,386.040,0,16.800,60.100,12,583,9.400,29.800,6,285,7.400,30.300,6,298,0,0,0,0.000
1385,1979052068,1,0,1,2,500.100,491.800,0.400,7.000,18.200,5.900,0.000,0,50.100,0.000,0.000,68.900,168.500,87.600,80.300,0.000,0.000,0.000,2.400,1.100,2.600,6.100,14.100,0,0,0,0,2,2,0,0,0,0,0,0,0.000,0.000,0.000,0.000,0,0,0,0,65.863,405.077,2,79.400,58.700,12,581,40.100,28.800,6,283,39.300,29.900,6,298,2,1,1,0.000
1386,1979052068,1,0,1,2,433.300,424.800,0.700,7.000,18.000,5.900,0.000,0,89.000,0.000,0.000,4.400,129.200,58.200,70.200,0.000,0.000,0.000,2.100,0.000,0.000,0.000,0.000,0,0,0,0,2,2,0,0,0,0,0,0,0.000,0.000,0.000,0.000,0,0,0,0,66.392,408.627,0,17.000,60.100,12,581,9.300,29.700,6,283,7.700,30.400,6,298,0,0,0,0.000
1387,1979052068,1,0,1,2,502.800,494.800,0.500,6.600,17.400,5.700,0.000,0,49.400,0.000,0.000,64.000,167.500,88.800,78.200,0.000,0.000,0.000,2.400,1.000,2.600,6.100,14.100,0,0,0,0,2,2,0,0,0,0,0,0,0.000,0.000,0.000,0.000,0,0,0,0,67.275,424.138,2,79.400,58.100,12,580,40.900,28.600,6,282,38.500,29.500,6,298,2,1,1,0.000
1388,1979052068,1,0,1,2,321.500,313.500,0.500,6.700,13.200,4.400,0.000,0,85.600,0.000,0.000,3.500,78.200,42.900,34.800,0.000,0.000,0.000,1.700,0.000,0.000,0.000,0.000,0,0,0,0,2,2,0,0,0,0,0,0,0.000,0.000,0.000,0.000,0,0,0,0,63.896,404.223,0,12.100,44.400,12,580,6.600,22.100,6,282,5.500,22.300,6,298,0,0,0,0.000
1389,1979052068,1,0,1,2,448.700,440.300,0.500,7.000,18.800,5.800,0.000,0,83.600,0.000,0.000,4.800,108.200,59.100,48.500,0.000,0.000,0.000,2.100,0.000,0.000,0.000,0.000,0,0,0,0,2,2,0,0,0,0,0,0,0.000,0.000,0.000,0.000,0,0,0,0,64.995,410.717,0,17.300,61.200,12,580,9.500,30.000,6,282,7.800,31.200,6,298,0,0,0,0.000
1390,1979052068,1,0,1,2,255.100,250.300,0.200,4.000,11.000,3.500,0.000,0,14.700,0.000,0.000,45.700,66.700,37.100,29.100,0.000,0.000,0.000,1.400,0.700,1.900,3.800,8.100,0,0,0,0,0,0,0,0,0,0,0,0,0.000,0.000,0.000,0.000,0,0,0,0,61.288,381.842,0,10.700,36.600,12,580,5.800,17.900,6,282,4.900,18.700,6,298,0,0,0,0.000
1391,1979052068,1,0,1,2,550.800,541.700,0.500,7.700,17.700,8.800,0.000,0,54.700,0.000,0.000,4.700,240.600,136.400,103.700,0.000,0.000,0.000,2.300,0.000,0.000,0.000,0.000,0,0,0,0,2,2,0,0,0,0,0,0,0.000,0.000,0.000,0.000,0,0,0,0,62.514,410.616,2,127.100,71.600,12,581,74.600,35.800,6,281,52.500,35.800,6,300,2,1,1,0.000
1392,1979052068,1,0,1,2,492.500,484.100,0.500,7.100,17.700,5.800,0.000,0,95.900,0.000,0.000,63.000,124.400,58.400,65.500,0.000,0.000,0.000,2.300,1.000,2.500,6.300,14.100,0,0,0,0,2,2,0,0,0,0,0,0,0.000,0.000,0.000,0.000,0,0,0,0,63.681,423.843,0,16.400,60.700,12,581,8.900,30.300,6,281,7.500,30.400,6,300,0,0,0,0.000
1393,1979052068,1,0,1,2,501.000,490.400,0.500,9.200,14.800,5.100,0.000,0,70.900,0.000,0.000,3.900,171.100,100.400,70.200,0.000,0.000,0.000,1.900,0.000,0.000,0.000,0.000,0,0,0,0,2,2,0,0,0,0,0,0,0.000,0.000,0.000,0.000,0,0,0,0,63.091,435.824,2,92.800,52.200,12,584,57.800,25.600,6,283,35.000,26.600,6,301,2,1,1,0.000
1394,1979052068,1,0,1,2,237.700,232.200,0.300,4.500,11.800,4.200,0.000,0,15.800,0.000,0.000,3.200,75.800,41.400,34.100,0.000,0.000,0.000,1.600,0.000,0.000,0.000,0.000,0,0,0,0,0,0,0,0,0,0,0,0,0.000,0.000,0.000,0.000,0,0,0,0,59.186,399.171,0,11.700,42.600,12,584,6.300,21.000,6,283,5.400,21.600,6,301,0,0,0,0.000
1395,1979052068,1,0,1,2,310.400,304.900,0.400,4.600,11.800,3.900,0.000,0,34.300,0.000,0.000,47.900,71.500,39.600,31.400,0.000,0.000,0.000,1.700,0.800,1.900,4.400,8.900,0,0,0,0,2,2,0,0,0,0,0,0,0.000,0.000,0.000,0.000,0,0,0,0,57.875,382.203,0,11.400,39.600,12,584,6.100,19.800,6,283,5.300,19.800,6,301,0,0,0,0.000
1396,1979052068,1,0,1,2,459.400,451.300,0.400,6.700,17.800,5.700,0.000,0,50.800,0.000,0.000,4.500,196.900,115.100,81.200,0.000,0.000,0.000,2.300,0.000,0.000,0.000,0.000,0,0,0,0,2,2,0,0,0,0,0,0,0.000,0.000,0.000,0.000,0,0,0,0,59.859,394.640,2,106.300,60.600,12,588,66.100,30.100,6,286,40.200,30.500,6,302,2,1,1,0.000
1397,1979052068,1,0,1,2,348.300,340.100,0.400,6.700,18.200,6.300,0.000,0,23.400,0.000,0.000,4.800,109.700,59.900,49.100,0.000,0.000,0.000,2.400,0.000,0.000,0.000,0.000,0,0,0,0,0,0,0,0,0,0,0,0,0.000,0.000,0.000,0.000,0,0,0,0,58.949,384.823,0,17.200,62.200,12,588,9.400,31.600,6,286,7.800,30.600,6,302,0,0,0,0.000
1398,1979052068,1,0,1,2,336.400,329.800,0.300,5.700,12.700,4.300,0.000,0,37.900,0.000,0.000,49.100,78.300,43.900,34.000,0.000,0.000,0.000,1.700,0.800,2.000,4.500,10.100,0,0,0,0,2,2,0,0,0,0,0,0,0.000,0.000,0.000,0.000,0,0,0,0,57.626,374.919,0,12.400,43.800,12,588,6.700,22.600,6,286,5.700,21.200,6,302,0,0,0,0.000
1399,1979052068,1,0,1,2,428.100,420.600,0.400,6.200,16.800,5.800,0.000,0,47.800,0.000,0.000,4.000,183.200,108.900,73.800,0.000,0.000,0.000,2.100,0.000,0.000,0.000,0.000,0,0,0,0,2,2,0,0,0,0,0,0,0.000,0.000,0.000,0.000,0,0,0,0,58.881,383.141,2,99.500,55.300,12,590,62.500,28.600,6,288,37.000,26.700,6,302,2,1,1,0.000
1400,1979052068,1,0,1,2,347.600,339.800,0.400,6.500,17.500,5.700,0.000,0,23.100,0.000,0.000,4.700,108.300,60.400,47.300,0.000,0.000,0.000,2.300,0.000,0.000,0.000,0.000,0,0,0,0,0,0,0,0,0,0,0,0,0.000,0.000,0.000,0.000,0,0,0,0,57.733,375.340,0,16.600,62.200,12,590,9.100,32.800,6,288,7.500,29.400,6,302,0,0,0,0.000
1401,1979052068,1,0,1,2,427.900,419.800,0.400,6.800,17.200,5.800,0.000,0,48.800,0.000,0.000,63.400,107.600,59.800,47.300,0.000,0.000,0.000,2.200,1.100,2.300,6.200,13.600,0,0,0,0,2,2,0,0,0,0,0,0,0.000,0.000,0.000,0.000,0,0,0,0,59.779,383.343,0,16.600,61.600,12,590,8.800,31.800,6,288,7.800,29.800,6,302,0,0,0,0.000
1402,1979052068,1,0,1,2,446.800,439.300,0.400,6.300,16.700,5.700,0.000,0,47.200,0.000,0.000,4.200,200.700,109.200,91.000,0.000,0.000,0.000,2.100,0.000,0.000,0.000,0.000,0,0,0,0,2,2,0,0,0,0,0,0,0.000,0.000,0.000,0.000,0,0,0,0,62.177,393.415,2,116.200,57.100,12,594,63.300,28.500,6,291,52.900,28.600,6,303,2,1,1,0.000
1403,1979052068,1,0,1,2,331.100,324.400,0.400,5.600,14.900,4.500,0.000,0,71.400,0.000,0.000,3.600,88.400,49.200,38.700,0.000,0.000,0.000,1.700,0.000,0.000,0.000,0.000,0,0,0,0,2,2,0,0,0,0,0,0,0.000,0.000,0.000,0.000,0,0,0,0,60.543,380.992,0,13.900,51.200,12,594,7.600,26.300,6,291,6.300,24.900,6,303,0,0,0,0.000
1404,1979052068,1,0,1,2,410.100,403.500,0.300,5.500,18.100,5.900,0.000,0,41.400,0.000,0.000,65.200,106.600,58.400,47.700,0.000,0.000,0.000,2.300,1.100,2.500,6.100,13.900,0,0,0,0,2,2,0,0,0,0,0,0,0.000,0.000,0.000,0.000,0,0,0,0,61.399,385.044,0,16.500,60.900,12,594,8.800,30.700,6,291,7.700,30.200,6,303,0,0,0,0.000
1405,1979052068,1,0,1,2,430.800,423.300,0.400,6.400,16.700,5.700,0.000,0,46.900,0.000,0.000,4.200,184.400,109.300,74.600,0.000,0.000,0.000,2.100,0.000,0.000,0.000,0.000,0,0,0,0,2,2,0,0,0,0,0,0,0.000,0.000,0.000,0.000,0,0,0,0,62.011,391.930,2,99.200,56.400,12,595,62.500,28.400,6,292,36.700,28.000,6,303,2,1,1,0.000
1406,1979052068,1,0,1,2,345.700,338.100,0.400,6.400,17.700,5.900,0.000,0,22.600,0.000,0.000,4.600,108.800,59.900,48.300,0.000,0.000,0.000,2.200,0.000,0.000,0.000,0.000,0,0,0,0,0,0,0,0,0,0,0,0,0.000,0.000,0.000,0.000,0,0,0,0,61.307,382.240,0,16.900,61.900,12,595,9.000,31.800,6,292,7.900,30.100,6,303,0,0,0,0.000
1407,1979052068,1,0,1,2,482.400,473.700,0.400,7.400,24.000,6.100,0.000,0,62.800,0.000,0.000,85.800,111.500,62.500,48.500,0.000,0.000,0.000,2.800,1.400,3.400,8.000,20.600,0,0,0,0,2,2,0,0,0,0,0,0,0.000,0.000,0.000,0.000,0,0,0,0,62.638,398.703,0,17.600,61.900,12,595,9.600,31.300,6,292,8.000,30.600,6,303,0,0,0,0.000
1408,1979052068,1,0,1,2,466.200,458.200,0.400,6.700,18.400,5.800,0.000,0,52.300,0.000,0.000,4.500,198.700,116.800,81.400,0.000,0.000,0.000,2.200,0.000,0.000,0.000,0.000,0,0,0,0,2,2,0,0,0,0,0,0,0.000,0.000,0.000,0.000,0,0,0,0,63.999,409.413,2,108.200,60.200,12,596,67.800,29.400,6,294,40.400,30.800,6,302,2,1,1,0.000
1409,1979052068,1,0,1,2,343.100,335.200,0.400,6.600,17.900,5.800,0.000,0,23.600,0.000,0.000,4.800,109.000,59.600,48.800,0.000,0.000,0.000,2.400,0.000,0.000,0.000,0.000,0,0,0,0,0,0,0,0,0,0,0,0,0.000,0.000,0.000,0.000,0,0,0,0,62.127,396.054,0,17.600,61.500,12,596,9.700,30.700,6,294,7.900,30.800,6,302,0,0,0,0.000
1410,1979052068,1,0,1,2,469.400,461.400,0.500,6.600,17.600,6.000,0.000,0,51.800,0.000,0.000,65.600,142.500,94.000,47.900,0.000,0.000,0.000,2.300,1.000,3.000,6.400,14.000,0,0,0,0,2,2,0,0,0,0,0,0,0.000,0.000,0.000,0.000,0,0,0,0,62.932,407.817,0,16.900,94.400,12,596,9.200,63.700,6,294,7.700,30.700,6,302,0,0,0,0.000
1411,1979052068,1,0,1,2,482.900,474.800,0.400,6.700,18.500,5.700,0.000,0,53.200,0.000,0.000,4.400,217.200,111.900,104.700,0.000,0.000,0.000,2.200,0.000,0.000,0.000,0.000,0,0,0,0,2,2,0,0,0,0,0,0,0.000,0.000,0.000,0.000,0,0,0,0,64.025,419.874,2,104.800,82.400,12,594,64.300,29.000,6,292,40.500,53.400,6,302,2,1,1,0.000
1412,1979052068,1,0,1,2,345.500,337.300,0.400,7.000,18.000,5.900,0.000,0,24.500,0.000,0.000,4.800,106.600,59.600,46.400,0.000,0.000,0.000,2.200,0.000,0.000,0.000,0.000,0,0,0,0,0,0,0,0,0,0,0,0,0.000,0.000,0.000,0.000,0,0,0,0,62.850,405.010,0,17.000,59.000,12,594,9.400,30.100,6,292,7.600,28.900,6,302,0,0,0,0.000
1413,1979052068,1,0,1,2,351.400,344.200,0.300,6.100,14.200,4.900,0.000,0,41.600,0.000,0.000,53.600,86.300,47.500,38.300,0.000,0.000,0.000,1.800,0.800,2.600,5.100,11.400,0,0,0,0,2,2,0,0,0,0,0,0,0.000,0.000,0.000,0.000,0,0,0,0,61.635,394.064,0,13.600,48.600,12,594,7.300,24.300,6,292,6.300,24.300,6,302,0,0,0,0.000
1414,1979052068,1,0,1,2,311.900,306.800,0.300,4.200,18.200,6.000,0.000,0,16.000,0.000,0.000,4.600,107.800,58.900,48.200,0.000,0.000,0.000,2.400,0.000,0.000,0.000,0.000,0,0,0,0,0,0,0,0,0,0,0,0,0.000,0.000,0.000,0.000,0,0,0,0,60.405,378.357,0,16.800,61.400,12,594,9.100,30.700,6,292,7.700,30.700,6,302,0,0,0,0.000
1415,1979052068,1,0,1,2,217.500,213.900,0.200,3.000,8.200,2.700,0.000,0,24.200,0.000,0.000,2.200,94.600,58.000,36.300,0.000,0.000,0.000,1.000,0.000,0.000,0.000,0.000,0,0,0,0,2,2,0,0,0,0,0,0,0.000,0.000,0.000,0.000,0,0,0,0,56.966,348.755,2,52.600,27.200,12,593,34.600,13.200,6,292,18.000,14.000,6,301,2,1,1,0.000
1416,1979052068,1,0,1,2,413.900,406.200,0.400,6.500,16.900,5.800,0.000,0,52.100,0.000,0.000,61.100,97.300,53.100,43.700,0.000,0.000,0.000,2.200,0.900,2.300,6.500,12.800,0,0,0,0,2,2,0,0,0,0,0,0,0.000,0.000,0.000,0.000,0,0,0,0,58.232,359.095,0,15.600,54.100,12,593,8.500,26.600,6,292,7.100,27.500,6,301,0,0,0,0.000
1417,1979052068,1,0,1,2,339.100,331.300,0.400,6.600,17.700,6.000,0.000,0,23.300,0.000,0.000,4.500,104.800,57.100,47.200,0.000,0.000,0.000,2.300,0.000,0.000,0.000,0.000,0,0,0,0,0,0,0,0,0,0,0,0,0.000,0.000,0.000,0.000,0,0,0,0,57.542,354.092,0,17.200,58.400,12,593,9.400,28.800,6,292,7.800,29.600,6,301,0,0,0,0.000
1418,1979052068,1,0,1,2,442.600,435.100,0.400,6.300,16.300,5.200,0.000,0,48.900,0.000,0.000,4.200,176.500,103.600,72.400,0.000,0.000,0.000,2.000,0.000,0.000,0.000,0.000,0,0,0,0,2,2,0,0,0,0,0,0,0.000,0.000,0.000,0.000,0,0,0,0,58.471,368.673,2,96.300,52.400,12,588,59.700,25.800,6,288,36.600,26.600,6,300,2,1,1,0.000
1419,1979052068,1,0,1,2,413.100,405.700,0.400,6.200,17.100,5.700,0.000,0,46.400,0.000,0.000,63.600,99.400,53.700,45.100,0.000,0.000,0.000,2.200,1.000,2.600,5.800,12.700,0,0,0,0,2,2,0,0,0,0,0,0,0.000,0.000,0.000,0.000,0,0,0,0,59.880,375.338,0,15.900,55.100,12,588,8.400,26.900,6,288,7.500,28.200,6,300,0,0,0,0.000
1420,1979052068,1,0,1,2,346.200,338.200,0.400,6.600,18.900,6.400,0.000,0,24.400,0.000,0.000,4.500,107.700,58.200,49.000,0.000,0.000,0.000,2.300,0.000,0.000,0.000,0.000,0,0,0,0,0,0,0,0,0,0,0,0,0.000,0.000,0.000,0.000,0,0,0,0,58.696,368.653,0,17.300,61.200,12,588,9.400,30.200,6,288,7.900,31.000,6,300,0,0,0,0.000
1421,1979052068,1,0,1,2,424.800,417.100,0.400,6.500,16.200,5.300,0.000,0,47.700,0.000,0.000,4.400,179.500,105.300,73.600,0.000,0.000,0.000,2.100,0.000,0.000,0.000,0.000,0,0,0,0,2,2,0,0,0,0,0,0,0.000,0.000,0.000,0.000,0,0,0,0,59.524,377.374,2,96.600,55.200,12,583,60.300,27.300,6,284,36.300,27.900,6,299,2,1,1,0.000
1422,1979052068,1,0,1,2,296.900,291.600,0.300,4.500,12.400,4.200,0.000,0,16.400,0.000,0.000,48.700,75.200,41.400,33.300,0.000,0.000,0.000,1.500,0.800,1.800,4.400,9.400,0,0,0,0,0,0,0,0,0,0,0,0,0.000,0.000,0.000,0.000,0,0,0,0,57.684,361.934,0,12.500,41.200,12,583,6.700,20.400,6,284,5.800,20.800,6,299,0,0,0,0.000
1423,1979052068,1,0,1,2,333.600,326.900,0.600,5.500,14.700,4.800,0.000,0,73.000,0.000,0.000,4.000,87.100,47.300,39.300,0.000,0.000,0.000,2.100,0.000,0.000,0.000,0.000,0,0,0,0,2,2,0,0,0,0,0,0,0.000,0.000,0.000,0.000,0,0,0,0,56.895,355.628,0,14.000,49.400,12,583,7.800,24.500,6,284,6.200,24.900,6,299,0,0,0,0.000
1424,1979052068,1,0,1,2,357.600,329.700,22.500,4.800,12.600,4.200,0.000,0,37.500,0.000,0.000,3.000,143.800,85.000,58.300,0.000,0.000,0.000,1.600,0.000,0.000,0.000,0.000,0,0,0,0,2,2,0,0,0,0,0,0,0.000,0.000,0.000,0.000,0,0,0,0,56.932,350.961,2,79.100,43.000,12,581,49.700,21.300,6,282,29.400,21.700,6,299,2,1,1,0.000
1425,1979052068,1,0,1,2,471.900,463.800,0.500,6.700,17.600,6.100,0.000,0,23.700,0.000,0.000,64.200,174.700,57.500,116.600,0.000,0.000,0.000,2.200,1.100,2.700,6.500,13.900,0,0,0,0,0,0,0,0,0,0,0,0,0.000,0.000,0.000,0.000,0,0,0,0,56.134,371.272,0,17.100,127.600,12,581,9.100,29.800,6,282,8.000,97.800,6,299,0,0,0,0.000
1426,1979052068,1,0,1,2,582.000,569.900,0.900,10.000,27.600,8.600,0.000,0,125.300,0.000,0.000,6.800,134.900,73.500,60.800,0.000,0.000,0.000,3.500,0.000,0.000,0.000,0.000,0,0,0,0,2,2,0,0,0,0,0,0,0.000,0.000,0.000,0.000,0,0,0,0,57.226,407.025,0,25.100,68.500,12,581,13.700,33.800,6,282,11.400,34.700,6,299,0,0,0,0.000
1427,1979052068,1,0,1,2,336.300,330.800,0.300,4.800,12.900,4.500,0.000,0,37.700,0.000,0.000,3.200,143.800,84.800,58.500,0.000,0.000,0.000,1.500,0.000,0.000,0.000,0.000,0,0,0,0,2,2,0,0,0,0,0,0,0.000,0.000,0.000,0.000,0,0,0,0,56.267,393.305,2,79.000,42.500,12,580,49.800,21.000,6,281,29.200,21.500,6,299,2,1,1,0.000
1428,1979052068,1,0,1,2,397.100,389.100,0.500,6.700,17.400,5.700,0.000,0,23.400,0.000,0.000,62.000,106.500,58.300,47.700,0.000,0.000,0.000,2.500,1.300,2.500,6.100,11.800,0,0,0,0,0,0,0,0,0,0,0,0,0.000,0.000,0.000,0.000,0,0,0,0,56.147,392.548,0,16.800,59.400,12,580,9.000,29.700,6,281,7.800,29.700,6,299,0,0,0,0.000
1429,1979052068,1,0,1,2,465.600,457.800,0.600,6.500,18.200,5.800,0.000,0,48.800,0.000,0.000,4.700,202.100,120.800,80.700,0.000,0.000,0.000,2.300,0.000,0.000,0.000,0.000,0,0,0,0,2,2,0,0,0,0,0,0,0.000,0.000,0.000,0.000,0,0,0,0,59.361,404.293,2,110.500,61.400,12,579,71.100,30.300,6,282,39.400,31.100,6,297,2,1,1,0.000
1430,1979052068,1,0,1,2,498.300,489.600,0.400,7.300,17.800,9.000,0.000,0,54.100,0.000,0.000,62.700,108.600,58.300,49.800,0.000,0.000,0.000,2.300,1.100,2.500,6.300,12.100,0,0,0,0,2,2,0,0,0,0,0,0,0.000,0.000,0.000,0.000,0,0,0,0,60.736,419.648,0,16.800,60.500,12,579,9.100,29.700,6,282,7.700,30.800,6,297,0,0,0,0.000
1431,1979052068,1,0,1,2,661.700,647.500,0.600,12.200,26.500,10.300,0.000,0,142.100,0.000,0.000,6.900,151.800,82.400,68.700,0.000,0.000,0.000,3.300,0.000,0.000,0.000,0.000,0,0,0,0,2,2,0,0,0,0,0,0,0.000,0.000,0.000,0.000,0,0,0,0,62.475,460.662,0,27.300,78.700,12,579,14.600,39.100,6,282,12.700,39.600,6,297,0,0,0,0.000
1432,1979052068,1,0,1,2,522.500,513.900,0.400,7.300,18.300,5.900,0.000,0,51.000,0.000,0.000,67.100,193.500,111.900,81.000,0.000,0.000,0.000,2.700,1.100,3.000,6.400,12.800,0,0,0,0,2,2,0,0,0,0,0,0,0.000,0.000,0.000,0.000,0,0,0,0,65.234,470.245,2,82.200,59.700,12,582,41.800,29.400,6,283,40.400,30.300,6,299,2,1,1,0.000
1433,1979052068,1,0,1,2,452.600,444.000,0.500,7.300,16.200,5.900,0.000,0,122.000,0.000,0.000,4.000,107.900,59.200,48.100,0.000,0.000,0.000,1.900,0.000,0.000,0.000,0.000,0,0,0,0,2,2,0,0,0,0,0,0,0.000,0.000,0.000,0.000,0,0,0,0,64.238,465.521,0,16.400,62.000,12,582,8.800,31.000,6,283,7.600,31.000,6,299,0,0,0,0.000
1434,1979052068,1,0,1,2,342.500,334.600,0.700,6.400,17.600,5.800,0.000,0,23.600,0.000,0.000,4.600,108.400,59.100,48.400,0.000,0.000,0.000,2.400,0.000,0.000,0.000,0.000,0,0,0,0,0,0,0,0,0,0,0,0,0.000,0.000,0.000,0.000,0,0,0,0,61.891,441.955,0,16.300,62.000,12,582,8.800,31.200,6,283,7.500,30.800,6,299,0,0,0,0.000
1435,1979052068,1,0,1,2,523.100,512.000,0.500,9.600,16.200,5.200,0.000,0,70.900,0.000,0.000,57.900,157.700,83.700,73.200,0.000,0.000,0.000,2.200,1.000,2.600,5.700,11.400,0,0,0,0,2,2,0,0,0,0,0,0,0.000,0.000,0.000,0.000,0,0,0,0,63.261,454.563,2,74.700,54.600,12,587,38.100,27.300,6,286,36.600,27.300,6,301,2,1,1,0.000
1436,1979052068,1,0,1,2,264.400,258.400,0.300,5.000,13.000,4.200,0.000,0,17.700,0.000,0.000,3.600,78.200,43.200,34.500,0.000,0.000,0.000,1.800,0.000,0.000,0.000,0.000,0,0,0,0,0,0,0,0,0,0,0,0,0.000,0.000,0.000,0.000,0,0,0,0,59.290,419.254,0,12.100,44.800,12,587,6.600,22.700,6,286,5.500,22.100,6,301,0,0,0,0.000
1437,1979052068,1,0,1,2,525.400,512.700,0.500,11.100,17.400,5.700,0.000,0,130.500,0.000,0.000,4.500,108.800,59.300,48.900,0.000,0.000,0.000,2.300,0.000,0.000,0.000,0.000,0,0,0,0,2,2,0,0,0,0,0,0,0.000,0.000,0.000,0.000,0,0,0,0,59.742,436.074,0,17.300,62.700,12,587,9.300,32.100,6,286,8.000,30.600,6,301,0,0,0,0.000
1438,1979052068,1,0,1,2,523.000,514.600,0.500,6.900,27.600,5.800,0.000,0,51.200,0.000,0.000,66.100,179.900,90.400,88.900,0.000,0.000,0.000,3.000,1.100,2.500,6.400,12.200,0,0,0,0,2,2,0,0,0,0,0,0,0.000,0.000,0.000,0.000,0,0,0,0,62.668,450.209,2,89.900,59.200,12,590,41.300,29.100,6,289,48.600,30.100,6,301,2,1,1,0.000
1439,1979052068,1,0,1,2,216.100,211.000,0.200,4.200,11.300,3.700,0.000,0,15.200,0.000,0.000,2.700,68.300,38.100,30.000,0.000,0.000,0.000,1.400,0.000,0.000,0.000,0.000,0,0,0,0,0,0,0,0,0,0,0,0,0.000,0.000,0.000,0.000,0,0,0,0,58.084,407.151,0,10.800,38.500,12,590,6.000,19.300,6,289,4.800,19.200,6,301,0,0,0,0.000
1440,1979052068,1,0,1,2,381.400,374.200,0.500,5.900,17.500,5.200,0.000,0,77.600,0.000,0.000,4.500,112.300,60.600,51.200,0.000,0.000,0.000,2.200,0.000,0.000,0.000,0.000,0,0,0,0,2,2,0,0,0,0,0,0,0.000,0.000,0.000,0.000,0,0,0,0,58.987,401.220,0,16.900,67.100,12,590,9.200,32.500,6,289,7.700,34.600,6,301,0,0,0,0.000
1441,1979052068,1,0,1,2,312.200,295.600,0.300,15.800,10.800,3.700,0.000,0,30.800,0.000,0.000,40.800,102.700,54.900,47.400,0.000,0.000,0.000,1.400,0.600,1.600,3.700,7.300,0,0,0,0,2,2,0,0,0,0,0,0,0.000,0.000,0.000,0.000,0,0,0,0,57.477,382.208,2,48.700,35.800,12,593,25.200,17.600,6,292,23.500,18.200,6,301,2,1,1,0.000
1442,1979052068,1,0,1,2,448.300,440.400,0.500,6.600,19.500,6.300,0.000,0,96.800,0.000,0.000,5.100,117.300,65.100,51.500,0.000,0.000,0.000,2.500,0.000,0.000,0.000,0.000,0,0,0,0,2,2,0,0,0,0,0,0,0.000,0.000,0.000,0.000,0,0,0,0,60.703,392.683,0,18.300,66.700,12,593,9.900,34.300,6,292,8.400,32.400,6,301,0,0,0,0.000
1443,1979052068,1,0,1,2,526.600,518.400,0.500,6.900,17.600,5.700,0.000,0,50.400,0.000,0.000,77.100,175.800,94.600,80.500,0.000,0.000,0.000,2.200,1.200,2.500,6.400,12.200,0,0,0,0,2,2,0,0,0,0,0,0,0.000,0.000,0.000,0.000,0,0,0,0,68.425,415.312,2,82.900,61.300,12,595,42.700,31.100,6,293,40.200,30.200,6,302,2,1,1,0.000
1444,1979052068,1,0,1,2,351.600,343.900,0.400,6.500,19.200,5.700,0.000,0,23.700,0.000,0.000,5.100,113.000,64.800,47.600,0.000,0.000,0.000,2.700,0.000,0.000,0.000,0.000,0,0,0,0,0,0,0,0,0,0,0,0,0.000,0.000,0.000,0.000,0,0,0,0,66.152,402.458,0,18.000,65.300,12,595,10.300,35.300,6,293,7.700,30.000,6,302,0,0,0,0.000
1445,1979052068,1,0,1,2,426.700,418.300,0.500,7.000,17.700,5.800,0.000,0,85.700,0.000,0.000,4.500,109.300,61.300,47.500,0.000,0.000,0.000,2.200,0.000,0.000,0.000,0.000,0,0,0,0,2,2,0,0,0,0,0,0,0.000,0.000,0.000,0.000,0,0,0,0,65.963,405.309,0,16.600,63.400,12,595,9.000,33.100,6,293,7.600,30.300,6,302,0,0,0,0.000
1446,1979052068,1,0,1,2,532.600,524.200,0.500,7.000,18.700,6.400,0.000,0,54.300,0.000,0.000,66.300,188.100,99.500,87.700,0.000,0.000,0.000,2.600,1.000,2.900,6.800,13.000,0,0,0,0,2,2,0,0,0,0,0,0,0.000,0.000,0.000,0.000,0,0,0,0,68.147,426.710,2,89.700,66.000,12,601,46.400,32.500,6,296,43.300,33.500,6,305,2,1,1,0.000
1447,1979052068,1,0,1,2,394.600,386.900,0.400,6.500,16.500,5.200,0.000,0,97.900,0.000,0.000,4.300,101.100,55.900,44.600,0.000,0.000,0.000,2.200,0.000,0.000,0.000,0.000,0,0,0,0,2,2,0,0,0,0,0,0,0.000,0.000,0.000,0.000,0,0,0,0,66.609,419.544,0,15.900,57.900,12,601,8.800,29.500,6,296,7.100,28.400,6,305,0,0,0,0.000
1448,1979052068,1,0,1,2,442.100,433.900,0.500,6.800,19.200,6.300,0.000,0,92.900,0.000,0.000,5.100,116.200,63.700,52.000,0.000,0.000,0.000,2.500,0.000,0.000,0.000,0.000,0,0,0,0,2,2,0,0,0,0,0,0,0.000,0.000,0.000,0.000,0,0,0,0,67.165,422.128,0,18.200,67.100,12,601,10.100,33.700,6,296,8.100,33.400,6,305,0,0,0,0.000
1449,1979052068,1,0,1,2,541.700,533.900,0.400,6.600,24.100,6.400,0.000,0,50.300,0.000,0.000,79.800,186.700,98.400,87.500,0.000,0.000,0.000,3.000,1.300,3.200,8.500,18.800,0,0,0,0,2,2,0,0,0,0,0,0,0.000,0.000,0.000,0.000,0,0,0,0,69.080,442.247,2,88.400,64.900,12,601,45.000,31.900,6,296,43.400,33.000,6,305,2,1,1,0.000
1450,1979052068,1,0,1,2,421.500,414.000,0.500,6.300,17.300,5.800,0.000,0,85.900,0.000,0.000,4.900,107.900,59.100,48.200,0.000,0.000,0.000,2.300,0.000,0.000,0.000,0.000,0,0,0,0,2,2,0,0,0,0,0,0,0.000,0.000,0.000,0.000,0,0,0,0,68.399,437.163,0,18.000,60.600,12,601,10.100,29.700,6,296,7.900,30.900,6,305,0,0,0,0.000
1451,1979052068,1,0,1,2,405.200,396.800,0.400,7.100,17.800,5.800,0.000,0,86.800,0.000,0.000,4.400,105.300,57.500,47.200,0.000,0.000,0.000,2.100,0.000,0.000,0.000,0.000,0,0,0,0,2,2,0,0,0,0,0,0,0.000,0.000,0.000,0.000,0,0,0,0,67.805,429.897,0,16.800,59.600,12,601,9.200,29.800,6,296,7.600,29.800,6,305,0,0,0,0.000
1452,1979052068,1,0,1,2,417.400,409.300,0.400,6.900,17.100,5.700,0.000,0,23.500,0.000,0.000,61.600,123.300,75.100,47.700,0.000,0.000,0.000,2.400,1.000,2.800,6.200,12.100,0,0,0,0,0,0,0,0,0,0,0,0,0.000,0.000,0.000,0.000,0,0,0,0,65.248,426.190,0,17.100,76.000,12,601,9.200,46.400,6,296,7.900,29.600,6,305,0,0,0,0.000
1453,1979052068,1,0,1,2,400.500,393.500,0.400,5.900,15.100,5.000,0.000,0,45.400,0.000,0.000,4.400,170.500,101.200,68.800,0.000,0.000,0.000,2.300,0.000,0.000,0.000,0.000,0,0,0,0,2,2,0,0,0,0,0,0,0.000,0.000,0.000,0.000,0,0,0,0,64.376,420.306,2,93.300,51.100,12,599,59.000,25.100,6,296,34.300,26.000,6,303,2,1,1,0.000
1454,1979052068,1,0,1,2,333.800,327.200,0.400,5.400,14.300,5.000,0.000,0,74.200,0.000,0.000,3.800,87.300,47.900,38.900,0.000,0.000,0.000,1.800,0.000,0.000,0.000,0.000,0,0,0,0,2,2,0,0,0,0,0,0,0.000,0.000,0.000,0.000,0,0,0,0,62.382,403.547,0,14.000,49.300,12,599,7.700,24.400,6,296,6.300,24.900,6,303,0,0,0,0.000
1455,1979052068,1,0,1,2,512.200,504.200,0.500,6.700,17.800,5.900,0.000,0,50.500,0.000,0.000,77.500,172.900,94.000,78.300,0.000,0.000,0.000,3.000,1.500,3.000,7.600,16.000,0,0,0,0,2,2,0,0,0,0,0,0,0.000,0.000,0.000,0.000,0,0,0,0,64.167,421.664,2,84.500,57.900,12,597,45.600,28.200,6,294,38.900,29.700,6,303,2,1,1,0.000
1456,1979052068,1,0,1,2,402.200,394.000,0.500,6.900,17.700,5.800,0.000,0,86.300,0.000,0.000,4.600,103.500,56.800,46.100,0.000,0.000,0.000,2.200,0.000,0.000,0.000,0.000,0,0,0,0,2,2,0,0,0,0,0,0,0.000,0.000,0.000,0.000,0,0,0,0,64.767,416.685,0,16.700,57.900,12,597,9.000,29.000,6,294,7.700,28.900,6,303,0,0,0,0.000
1457,1979052068,1,0,1,2,510.300,502.400,0.400,6.700,17.600,6.100,0.000,0,51.400,0.000,0.000,62.500,186.600,86.600,99.500,0.000,0.000,0.000,2.400,1.000,2.700,6.300,12.200,0,0,0,0,2,2,0,0,0,0,0,0,0.000,0.000,0.000,0.000,0,0,0,0,65.763,432.113,2,76.900,78.900,12,591,38.600,28.400,6,289,38.300,50.500,6,302,2,1,1,0.000
1458,1979052068,1,0,1,2,424.700,416.000,0.500,7.300,18.000,5.800,0.000,0,87.000,0.000,0.000,4.500,106.800,58.800,47.400,0.000,0.000,0.000,2.200,0.000,0.000,0.000,0.000,0,0,0,0,2,2,0,0,0,0,0,0,0.000,0.000,0.000,0.000,0,0,0,0,66.148,429.213,0,16.700,60.900,12,591,9.100,30.900,6,289,7.600,30.000,6,302,0,0,0,0.000
1459,1979052068,1,0,1,2,391.500,385.100,0.600,5.300,13.600,4.600,0.000,0,38.700,0.000,0.000,49.000,143.000,67.400,75.200,0.000,0.000,0.000,1.800,0.800,1.800,4.700,9.200,0,0,0,0,2,2,0,0,0,0,0,0,0.000,0.000,0.000,0.000,0,0,0,0,64.897,421.273,2,60.900,58.600,12,588,31.100,21.500,6,287,29.800,37.100,6,301,2,1,1,0.000
1460,1979052068,1,0,1,2,307.400,302.500,0.200,4.100,17.200,5.600,0.000,0,15.100,0.000,0.000,4.700,123.700,75.600,47.500,0.000,0.000,0.000,2.200,0.000,0.000,0.000,0.000,0,0,0,0,0,0,0,0,0,0,0,0,0.000,0.000,0.000,0.000,0,0,0,0,62.504,399.894,0,16.700,77.400,12,588,9.300,47.100,6,287,7.400,30.300,6,301,0,0,0,0.000
1461,1979052068,1,0,1,2,426.400,418.200,0.500,6.800,18.000,6.200,0.000,0,104.900,0.000,0.000,4.300,105.900,57.900,47.400,0.000,0.000,0.000,2.200,0.000,0.000,0.000,0.000,0,0,0,0,2,2,0,0,0,0,0,0,0.000,0.000,0.000,0.000,0,0,0,0,63.547,403.189,0,16.800,60.300,12,588,9.100,30.200,6,287,7.700,30.100,6,301,0,0,0,0.000
1462,1979052068,1,0,1,2,437.400,429.500,0.400,6.700,17.500,5.900,0.000,0,23.600,0.000,0.000,96.000,107.300,59.100,47.700,0.000,0.000,0.000,2.300,1.100,2.500,6.700,12.400,0,0,0,0,0,0,0,0,0,0,0,0,0.000,0.000,0.000,0.000,0,0,0,0,62.693,407.925,0,17.100,60.300,12,588,9.200,30.100,6,287,7.900,30.200,6,301,0,0,0,0.000
1463,1979052068,1,0,1,2,476.800,468.700,0.400,6.900,17.900,6.000,0.000,0,52.800,0.000,0.000,4.600,211.600,113.500,97.500,0.000,0.000,0.000,2.200,0.000,0.000,0.000,0.000,0,0,0,0,2,2,0,0,0,0,0,0,0.000,0.000,0.000,0.000,0,0,0,0,63.810,418.864,2,105.400,75.800,12,582,66.100,28.200,6,284,39.300,47.600,6,298,2,1,1,0.000
1464,1979052068,1,0,1,2,304.700,298.700,0.300,5.100,12.900,4.100,0.000,0,31.300,0.000,0.000,45.800,76.700,42.100,34.000,0.000,0.000,0.000,1.700,0.800,1.900,4.500,8.500,0,0,0,0,0,0,0,0,0,0,0,0,0.000,0.000,0.000,0.000,0,0,0,0,60.208,397.235,0,12.100,42.100,12,582,6.500,21.000,6,284,5.600,21.100,6,298,0,0,0,0.000
1465,1979052068,1,0,1,2,445.700,437.300,0.400,7.100,19.400,6.300,0.000,0,85.600,0.000,0.000,5.200,115.500,62.900,52.100,0.000,0.000,0.000,2.400,0.000,0.000,0.000,0.000,0,0,0,0,2,2,0,0,0,0,0,0,0.000,0.000,0.000,0.000,0,0,0,0,61.683,404.446,0,18.000,66.400,12,582,9.800,33.000,6,284,8.200,33.400,6,298,0,0,0,0.000
1466,1979052068,1,0,1,2,529.300,521.300,0.400,6.700,17.600,5.700,0.000,0,52.600,0.000,0.000,4.600,262.300,178.700,83.000,0.000,0.000,0.000,2.400,0.000,0.000,0.000,0.000,0,0,0,0,2,2,0,0,0,0,0,0,0.000,0.000,0.000,0.000,0,0,0,0,63.216,425.480,2,107.800,60.100,12,580,66.100,29.100,6,282,41.700,31.000,6,298,2,1,1,0.000
1467,1979052068,1,0,1,2,330.900,324.600,0.400,5.200,14.600,4.800,0.000,0,19.600,0.000,0.000,52.600,89.100,49.100,39.600,0.000,0.000,0.000,1.900,0.900,2.000,5.200,9.900,0,0,0,0,0,0,0,0,0,0,0,0,0.000,0.000,0.000,0.000,0,0,0,0,60.711,407.322,0,13.900,49.700,12,580,7.400,24.300,6,282,6.500,25.400,6,298,0,0,0,0.000
1468,1979052068,1,0,1,2,435.600,426.400,0.500,7.900,19.000,5.900,0.000,0,85.500,0.000,0.000,4.700,116.500,63.300,52.600,0.000,0.000,0.000,2.400,0.000,0.000,0.000,0.000,0,0,0,0,2,2,0,0,0,0,0,0,0.000,0.000,0.000,0.000,0,0,0,0,62.023,410.756,0,22.000,63.800,12,580,9.800,33.100,6,282,12.200,30.700,6,298,0,0,0,0.000
1469,1979052068,1,0,1,2,380.000,372.000,0.400,6.700,21.200,5.900,0.000,0,24.200,0.000,0.000,4.700,115.100,65.300,49.200,0.000,0.000,0.000,2.500,0.000,0.000,0.000,0.000,0,0,0,0,0,0,0,0,0,0,0,0,0.000,0.000,0.000,0.000,0,0,0,0,62.217,403.780,0,18.100,63.000,12,580,10.400,31.400,6,282,7.700,31.600,6,298,0,0,0,0.000
1470,1979052068,1,0,1,2,511.700,503.700,0.400,6.800,17.300,5.700,0.000,0,50.400,0.000,0.000,61.800,192.600,91.400,100.700,0.000,0.000,0.000,2.100,1.200,2.400,6.100,12.200,0,0,0,0,2,2,0,0,0,0,0,0,0.000,0.000,0.000,0.000,0,0,0,0,64.194,421.765,2,81.300,80.400,12,583,41.400,30.000,6,283,39.900,50.400,6,300,2,1,1,0.000
1471,1979052068,1,0,1,2,380.800,372.600,0.400,6.900,19.700,6.300,0.000,0,24.400,0.000,0.000,5.100,128.900,75.400,52.800,0.000,0.000,0.000,2.500,0.000,0.000,0.000,0.000,0,0,0,0,0,0,0,0,0,0,0,0,0.000,0.000,0.000,0.000,0,0,0,0,62.629,412.916,0,18.700,70.400,12,583,10.200,36.800,6,283,8.500,33.600,6,300,0,0,0,0.000
1472,1979052068,1,0,1,2,456.300,447.400,0.500,7.300,19.200,6.800,0.000,0,91.200,0.000,0.000,5.000,115.000,64.200,50.300,0.000,0.000,0.000,2.400,0.000,0.000,0.000,0.000,0,0,0,0,2,2,0,0,0,0,0,0,0.000,0.000,0.000,0.000,0,0,0,0,63.182,419.123,0,18.000,66.000,12,583,9.700,34.200,6,283,8.300,31.800,6,300,0,0,0,0.000
1473,1979052068,1,0,1,2,523.800,515.800,0.400,6.700,19.100,6.500,0.000,0,51.000,0.000,0.000,66.600,184.800,97.600,86.600,0.000,0.000,0.000,2.600,1.100,3.100,6.800,12.900,0,0,0,0,2,2,0,0,0,0,0,0,0.000,0.000,0.000,0.000,0,0,0,0,65.813,436.525,2,86.500,65.800,12,585,44.400,32.600,6,285,42.100,33.200,6,300,2,1,1,0.000
1474,1979052068,1,0,1,2,382.200,374.200,0.400,6.700,17.400,5.800,0.000,0,24.600,0.000,0.000,4.500,138.300,59.400,78.400,0.000,0.000,0.000,2.200,0.000,0.000,0.000,0.000,0,0,0,0,0,0,0,0,0,0,0,0,0.000,0.000,0.000,0.000,0,0,0,0,62.949,425.306,0,16.900,91.500,12,585,9.400,31.400,6,285,7.500,60.100,6,300,0,0,0,0.000
1475,1979052068,1,0,1,2,347.200,341.300,0.300,5.000,13.000,4.400,0.000,0,37.300,0.000,0.000,35.700,120.300,62.400,57.500,0.000,0.000,0.000,1.700,0.800,1.900,4.500,9.100,0,0,0,0,2,2,0,0,0,0,0,0,0.000,0.000,0.000,0.000,0,0,0,0,61.626,410.185,2,58.600,43.700,12,590,29.900,21.800,6,289,28.700,21.900,6,301,2,1,1,0.000
1476,1979052068,1,0,1,2,222.900,218.300,0.400,3.700,9.900,3.100,0.000,0,52.200,0.000,0.000,2.500,54.900,29.700,25.000,0.000,0.000,0.000,1.200,0.000,0.000,0.000,0.000,0,0,0,0,2,2,0,0,0,0,0,0,0.000,0.000,0.000,0.000,0,0,0,0,58.417,375.646,0,9.400,32.500,12,590,5.200,16.800,6,289,4.200,15.700,6,301,0,0,0,0.000
1477,1979052068,1,0,1,2,171.600,155.900,12.900,2.500,7.000,2.300,0.000,0,35.300,0.000,0.000,1.900,40.000,21.100,18.700,0.000,0.000,0.000,1.000,0.000,0.000,0.000,0.000,0,0,0,0,2,2,0,0,0,0,0,0,0.000,0.000,0.000,0.000,0,0,0,0,54.328,336.092,0,6.100,23.900,10,493,3.500,11.600,5,242,2.600,12.300,5,251,0,0,0,0.000
1478,1979052068,1,0,1,2,205.700,202.800,0.300,2.300,18.100,1.800,0.000,0,8.900,0.000,0.000,47.300,38.200,21.700,16.300,0.000,0.000,0.000,2.300,1.000,2.500,6.500,8.600,0,0,0,0,0,0,0,0,0,0,0,0,0.000,0.000,0.000,0.000,0,0,0,0,52.595,312.099,0,6.100,20.400,10,493,3.300,10.200,5,242,2.800,10.200,5,251,0,0,0,0.000
1479,1979052068,1,0,1,2,184.300,181.400,0.200,2.600,20.300,2.000,0.000,0,21.600,0.000,0.000,1.500,71.400,45.300,25.800,0.000,0.000,0.000,0.800,0.000,0.000,0.000,0.000,0,0,0,0,2,2,0,0,0,0,0,0,0.000,0.000,0.000,0.000,0,0,0,0,48.672,288.573,2,41.200,19.400,12,593,27.800,10.100,6,291,13.400,9.300,6,302,2,1,1,0.000
1480,1979052068,1,0,1,2,197.300,194.600,0.100,2.100,17.800,2.300,0.000,0,8.600,0.000,0.000,55.700,35.400,21.100,14.100,0.000,0.000,0.000,8.900,0.700,1.600,4.700,8.100,0,0,0,0,0,0,0,0,0,0,0,0,0.000,0.000,0.000,0.000,0,0,0,0,48.497,271.658,0,5.500,18.700,12,593,2.900,9.800,6,291,2.600,8.900,6,302,0,0,0,0.000
1481,1979052068,1,0,1,2,265.100,260.700,0.400,3.500,20.400,3.200,0.000,0,29.100,0.000,0.000,2.500,109.800,67.100,42.400,0.000,0.000,0.000,1.200,0.000,0.000,0.000,0.000,0,0,0,0,2,2,0,0,0,0,0,0,0.000,0.000,0.000,0.000,0,0,0,0,51.054,269.686,2,61.200,31.800,12,597,40.100,15.800,6,293,21.100,16.000,6,304,2,1,1,0.000
1482,1979052068,1,0,1,2,271.300,266.600,0.200,3.900,10.900,3.400,0.000,0,30.800,0.000,0.000,41.100,76.400,48.800,27.300,0.000,0.000,0.000,1.400,0.800,1.800,3.700,7.200,0,0,0,0,2,2,0,0,0,0,0,0,0.000,0.000,0.000,0.000,0,0,0,0,51.908,269.130,0,9.600,48.100,12,597,5.200,30.700,6,293,4.400,17.400,6,304,0,0,0,0.000
1483,1979052068,1,0,1,2,325.400,319.800,0.300,4.700,10.400,3.500,0.000,0,34.700,0.000,0.000,2.800,123.400,75.100,47.800,0.000,0.000,0.000,1.200,0.000,0.000,0.000,0.000,0,0,0,0,2,2,0,0,0,0,0,0,0.000,0.000,0.000,0.000,0,0,0,0,50.970,278.251,2,68.900,35.700,12,598,44.800,17.900,6,295,24.100,17.800,6,303,2,1,1,0.000
1484,1979052068,1,0,1,2,442.500,434.500,0.400,6.700,17.900,6.200,0.000,0,50.600,0.000,0.000,73.400,108.600,60.000,48.200,0.000,0.000,0.000,2.400,1.100,2.300,6.400,12.300,0,0,0,0,2,2,0,0,0,0,0,0,0.000,0.000,0.000,0.000,0,0,0,0,60.696,306.376,0,17.000,61.300,12,598,8.900,30.800,6,295,8.100,30.500,6,303,0,0,0,0.000
1485,1979052068,1,0,1,2,235.600,231.400,0.200,3.500,9.200,3.000,0.000,0,26.900,0.000,0.000,2.400,102.000,62.300,39.600,0.000,0.000,0.000,1.200,0.000,0.000,0.000,0.000,0,0,0,0,2,2,0,0,0,0,0,0,0.000,0.000,0.000,0.000,0,0,0,0,56.953,292.880,2,57.200,29.300,12,598,37.400,14.400,6,295,19.800,14.900,6,303,2,1,1,0.000
1486,1979052068,1,0,1,2,197.600,194.100,0.200,3.000,8.100,2.500,0.000,0,23.700,0.000,0.000,32.200,47.500,26.400,21.000,0.000,0.000,0.000,1.100,0.500,1.700,2.600,5.200,0,0,0,0,2,2,0,0,0,0,0,0,0.000,0.000,0.000,0.000,0,0,0,0,53.505,275.100,0,8.200,26.200,12,598,4.600,12.700,6,295,3.600,13.500,6,303,0,0,0,0.000
1487,1979052068,1,0,1,2,292.300,287.200,0.200,4.200,11.400,3.700,0.000,0,32.900,0.000,0.000,3.000,125.200,74.700,50.100,0.000,0.000,0.000,1.500,0.000,0.000,0.000,0.000,0,0,0,0,2,2,0,0,0,0,0,0,0.000,0.000,0.000,0.000,0,0,0,0,52.604,277.278,2,69.300,36.700,12,598,44.300,18.000,6,294,25.000,18.700,6,304,2,1,1,0.000
1488,1979052068,1,0,1,2,265.700,261.100,0.300,3.800,10.800,3.400,0.000,0,29.800,0.000,0.000,50.400,62.400,34.500,27.600,0.000,0.000,0.000,1.600,0.800,2.100,4.300,9.200,0,0,0,0,2,2,0,0,0,0,0,0,0.000,0.000,0.000,0.000,0,0,0,0,50.605,274.366,0,10.100,34.200,12,598,5.200,17.000,6,294,4.900,17.200,6,304,0,0,0,0.000
1489,1979052068,1,0,1,2,322.400,316.700,0.300,4.700,12.800,4.200,0.000,0,36.400,0.000,0.000,3.200,137.700,83.300,53.900,0.000,0.000,0.000,1.600,0.000,0.000,0.000,0.000,0,0,0,0,2,2,0,0,0,0,0,0,0.000,0.000,0.000,0.000,0,0,0,0,59.010,281.986,2,76.700,39.600,12,597,49.400,19.800,6,293,27.300,19.800,6,304,2,1,1,0.000
1490,1979052068,1,0,1,2,303.500,298.200,0.300,4.400,12.700,3.900,0.000,0,63.900,0.000,0.000,3.300,92.600,39.500,52.600,0.000,0.000,0.000,1.600,0.000,0.000,0.000,0.000,0,0,0,0,2,2,0,0,0,0,0,0,0.000,0.000,0.000,0.000,0,0,0,0,56.831,284.904,0,11.700,41.000,12,597,6.300,20.000,6,293,5.400,21.000,6,304,0,0,0,0.000
1491,1979052068,1,0,1,2,435.300,429.100,0.200,5.300,19.000,6.300,0.000,0,38.100,0.000,0.000,62.100,113.700,62.200,50.800,0.000,0.000,0.000,2.400,1.000,2.400,7.100,13.100,0,0,0,0,2,2,0,0,0,0,0,0,0.000,0.000,0.000,0.000,0,0,0,0,58.157,310.860,0,17.600,65.000,12,597,9.300,32.700,6,293,8.300,32.300,6,304,0,0,0,0.000
1492,1979052068,1,0,1,2,334.800,327.100,0.400,6.500,17.400,5.800,0.000,0,23.700,0.000,0.000,4.400,101.900,54.700,46.600,0.000,0.000,0.000,2.000,0.000,0.000,0.000,0.000,0,0,0,0,0,0,0,0,0,0,0,0,0.000,0.000,0.000,0.000,0,0,0,0,56.257,313.783,0,16.400,57.700,12,597,8.900,28.100,6,293,7.500,29.600,6,304,0,0,0,0.000
1493,1979052068,1,0,1,2,221.300,217.600,0.300,3.200,8.000,2.600,0.000,0,24.100,0.000,0.000,2.100,100.700,65.100,35.300,0.000,0.000,0.000,1.000,0.000,0.000,0.000,0.000,0,0,0,0,2,2,0,0,0,0,0,0,0.000,0.000,0.000,0.000,0,0,0,0,52.989,296.470,2,50.500,25.700,12,591,32.800,12.500,6,289,17.700,13.200,6,302,2,1,1,0.000
1494,1979052068,1,0,1,2,374.100,370.400,0.200,3.000,17.900,6.200,0.000,0,21.300,0.000,0.000,112.800,105.800,57.700,47.600,0.000,0.000,0.000,2.300,1.200,55.500,6.200,12.300,0,0,0,0,2,2,0,0,0,0,0,0,0.000,0.000,0.000,0.000,0,0,0,0,53.153,309.777,0,16.100,59.900,12,591,8.700,29.400,6,289,7.400,30.500,6,302,0,0,0,0.000
1495,1979052068,1,0,1,2,138.600,135.400,0.300,2.600,7.300,2.100,0.000,0,9.800,0.000,0.000,1.800,42.600,24.100,18.200,0.000,0.000,0.000,0.900,0.000,0.000,0.000,0.000,0,0,0,0,0,0,0,0,0,0,0,0,0.000,0.000,0.000,0.000,0,0,0,0,51.757,278.389,0,7.000,23.000,12,591,4.000,11.300,6,289,3.000,11.700,6,302,0,0,0,0.000
1496,1979052068,1,0,1,2,202.800,199.300,0.200,2.800,7.800,2.500,0.000,0,23.400,0.000,0.000,1.900,86.400,53.300,32.800,0.000,0.000,0.000,1.100,0.000,0.000,0.000,0.000,0,0,0,0,2,2,0,0,0,0,0,0,0.000,0.000,0.000,0.000,0,0,0,0,48.957,264.153,2,49.000,24.100,12,587,32.600,11.600,6,286,16.400,12.500,6,301,2,1,1,0.000
1497,1979052068,1,0,1,2,173.900,170.800,0.200,2.600,6.700,2.400,0.000,0,21.400,0.000,0.000,27.900,39.500,22.000,17.200,0.000,0.000,0.000,1.300,0.500,1.000,2.200,4.300,0,0,0,0,2,2,0,0,0,0,0,0,0.000,0.000,0.000,0.000,0,0,0,0,49.703,247.350,0,6.800,21.300,12,587,3.600,10.700,6,286,3.200,10.600,6,301,0,0,0,0.000
1498,1979052068,1,0,1,2,118.700,116.100,0.200,2.100,6.300,1.900,0.000,0,8.700,0.000,0.000,1.400,37.800,22.100,15.400,0.000,0.000,0.000,0.800,0.000,0.000,0.000,0.000,0,0,0,0,0,0,0,0,0,0,0,0,0.000,0.000,0.000,0.000,0,0,0,0,44.968,223.725,0,6.600,19.400,12,587,4.000,9.500,6,286,2.600,9.900,6,301,0,0,0,0.000
1499,1979052068,1,0,1,2,467.700,459.900,0.400,6.600,17.300,5.700,0.000,0,51.100,0.000,0.000,4.800,198.800,118.400,79.500,0.000,0.000,0.000,2.600,0.000,0.000,0.000,0.000,0,0,0,0,2,2,0,0,0,0,0,0,0.000,0.000,0.000,0.000,0,0,0,0,47.530,266.236,2,110.300,58.600,12,586,71.200,28.600,6,285,39.100,30.000,6,301,2,1,1,0.000
1500,1979052068,1,0,1,2,400.000,392.200,0.400,6.500,17.100,5.500,0.000,0,23.900,0.000,0.000,59.300,107.200,58.300,48.300,0.000,0.000,0.000,2.200,1.000,2.200,6.500,12.500,0,0,0,0,0,0,0,0,0,0,0,0,0.000,0.000,0.000,0.000,0,0,0,0,46.985,288.910,0,16.100,61.600,12,586,8.600,30.800,6,285,7.500,30.800,6,301,0,0,0,0.000
1501,1979052068,1,0,1,2,416.400,408.100,0.400,7.100,17.200,5.800,0.000,0,94.900,0.000,0.000,4.500,103.600,57.000,46.000,0.000,0.000,0.000,2.100,0.000,0.000,0.000,0.000,0,0,0,0,2,2,0,0,0,0,0,0,0.000,0.000,0.000,0.000,0,0,0,0,48.337,310.364,0,17.300,58.000,12,586,9.600,29.200,6,285,7.700,28.800,6,301,0,0,0,0.000
1502,1979052068,1,0,1,2,467.600,460.200,0.400,6.200,40.100,5.300,0.000,0,48.500,0.000,0.000,4.600,189.400,114.000,74.600,0.000,0.000,0.000,2.200,0.000,0.000,0.000,0.000,0,0,0,0,2,2,0,0,0,0,0,0,0.000,0.000,0.000,0.000,0,0,0,0,50.707,337.335,2,105.000,55.500,12,582,68.500,26.900,6,283,36.500,28.600,6,299,2,1,1,0.000
1503,1979052068,1,0,1,2,299.600,293.500,0.300,5.100,13.500,4.500,0.000,0,17.900,0.000,0.000,46.200,78.700,43.500,34.700,0.000,0.000,0.000,1.700,0.900,1.800,4.600,8.700,0,0,0,0,0,0,0,0,0,0,0,0,0.000,0.000,0.000,0.000,0,0,0,0,48.563,329.444,0,12.300,43.900,12,582,6.700,21.500,6,283,5.600,22.400,6,299,0,0,0,0.000
1504,1979052068,1,0,1,2,442.500,434.600,0.400,6.700,18.700,6.500,0.000,0,90.000,0.000,0.000,4.600,124.800,77.900,46.300,0.000,0.000,0.000,2.300,0.000,0.000,0.000,0.000,0,0,0,0,2,2,0,0,0,0,0,0,0.000,0.000,0.000,0.000,0,0,0,0,51.666,348.372,0,32.900,58.200,12,582,25.000,28.700,6,283,7.900,29.500,6,299,0,0,0,0.000
1505,1979052068,1,0,1,2,344.500,338.900,0.400,4.700,19.200,3.900,0.000,0,36.600,0.000,0.000,3.300,139.200,83.300,55.400,0.000,0.000,0.000,1.800,0.000,0.000,0.000,0.000,0,0,0,0,2,2,0,0,0,0,0,0,0.000,0.000,0.000,0.000,0,0,0,0,54.732,346.667,2,77.000,40.700,12,582,49.400,19.600,6,283,27.600,21.100,6,299,2,1,1,0.000
1506,1979052068,1,0,1,2,399.200,392.400,0.300,5.700,19.100,5.100,0.000,0,21.100,0.000,0.000,68.600,111.300,61.800,48.800,0.000,0.000,0.000,2.300,1.200,2.700,6.300,13.700,0,0,0,0,0,0,0,0,0,0,0,0,0.000,0.000,0.000,0.000,0,0,0,0,54.888,354.899,0,17.900,62.000,12,582,10.100,30.200,6,283,7.800,31.800,6,299,0,0,0,0.000
1507,1979052068,1,0,1,2,422.000,413.900,0.400,6.900,17.300,5.800,0.000,0,93.800,0.000,0.000,4.600,108.000,59.200,48.200,0.000,0.000,0.000,2.300,0.000,0.000,0.000,0.000,0,0,0,0,2,2,0,0,0,0,0,0,0.000,0.000,0.000,0.000,0,0,0,0,54.998,365.519,0,17.100,60.900,12,582,9.400,30.300,6,283,7.700,30.600,6,299,0,0,0,0.000
1508,1979052068,1,0,1,2,349.500,341.600,0.400,6.600,17.700,6.000,0.000,0,24.300,0.000,0.000,4.700,107.700,58.900,48.200,0.000,0.000,0.000,2.300,0.000,0.000,0.000,0.000,0,0,0,0,0,0,0,0,0,0,0,0,0.000,0.000,0.000,0.000,0,0,0,0,53.091,361.214,0,17.000,61.000,12,582,9.400,30.300,6,283,7.600,30.700,6,299,0,0,0,0.000
1509,1979052068,1,0,1,2,527.500,519.400,0.400,6.800,18.000,6.200,0.000,0,50.800,0.000,0.000,78.900,180.100,96.600,83.000,0.000,0.000,0.000,2.300,1.200,2.600,6.400,14.500,0,0,0,0,2,2,0,0,0,0,0,0,0.000,0.000,0.000,0.000,0,0,0,0,64.576,389.687,2,86.000,63.700,12,584,46.500,30.000,6,284,39.500,33.700,6,300,2,1,1,0.000
1510,1979052068,1,0,1,2,434.600,426.200,0.400,7.200,17.800,5.800,0.000,0,87.400,0.000,0.000,4.300,107.500,59.700,47.200,0.000,0.000,0.000,2.100,0.000,0.000,0.000,0.000,0,0,0,0,2,2,0,0,0,0,0,0,0.000,0.000,0.000,0.000,0,0,0,0,63.573,396.260,0,16.700,61.300,12,584,9.300,31.200,6,284,7.400,30.100,6,300,0,0,0,0.000
1511,1979052068,1,0,1,2,519.400,511.200,0.500,6.600,19.700,5.800,0.000,0,51.100,0.000,0.000,64.400,171.600,91.600,79.400,0.000,0.000,0.000,2.300,1.100,2.600,6.300,14.300,0,0,0,0,2,2,0,0,0,0,0,0,0.000,0.000,0.000,0.000,0,0,0,0,64.082,416.949,2,80.200,60.900,12,589,41.200,30.500,6,288,39.000,30.400,6,301,2,1,1,0.000
1512,1979052068,1,0,1,2,414.800,406.300,0.400,7.300,17.800,6.100,0.000,0,88.300,0.000,0.000,4.500,107.700,58.800,48.300,0.000,0.000,0.000,2.100,0.000,0.000,0.000,0.000,0,0,0,0,2,2,0,0,0,0,0,0,0.000,0.000,0.000,0.000,0,0,0,0,62.789,415.032,0,17.200,61.100,12,589,9.100,30.700,6,288,8.100,30.400,6,301,0,0,0,0.000
1513,1979052068,1,0,1,2,376.500,368.300,0.400,6.900,17.500,5.900,0.000,0,24.700,0.000,0.000,4.500,127.400,59.600,67.300,0.000,0.000,0.000,2.200,0.000,0.000,0.000,0.000,0,0,0,0,0,0,0,0,0,0,0,0,0.000,0.000,0.000,0.000,0,0,0,0,59.227,406.620,0,17.200,80.500,12,589,9.600,31.200,6,288,7.600,49.300,6,301,0,0,0,0.000
1514,1979052068,1,0,1,2,505.900,497.700,0.400,6.900,17.400,6.200,0.000,0,51.200,0.000,0.000,64.000,171.100,90.500,80.000,0.000,0.000,0.000,3.100,1.000,2.500,6.200,13.900,0,0,0,0,2,2,0,0,0,0,0,0,0.000,0.000,0.000,0.000,0,0,0,0,60.086,423.015,2,80.900,59.800,12,592,41.400,30.000,6,290,39.500,29.800,6,302,2,1,1,0.000
1515,1979052068,1,0,1,2,427.900,419.900,0.400,6.800,16.100,6.200,0.000,0,83.600,0.000,0.000,4.200,125.100,76.900,47.700,0.000,0.000,0.000,2.000,0.000,0.000,0.000,0.000,0,0,0,0,2,2,0,0,0,0,0,0,0.000,0.000,0.000,0.000,0,0,0,0,58.847,422.454,0,16.300,79.900,12,592,8.700,49.300,6,290,7.600,30.600,6,302,0,0,0,0.000
1516,1979052068,1,0,1,2,327.000,320.400,0.300,5.600,13.400,4.600,0.000,0,71.800,0.000,0.000,3.500,83.000,46.500,36.100,0.000,0.000,0.000,1.600,0.000,0.000,0.000,0.000,0,0,0,0,2,2,0,0,0,0,0,0,0.000,0.000,0.000,0.000,0,0,0,0,56.912,404.084,0,13.200,46.900,12,592,7.300,24.100,6,290,5.900,22.800,6,302,0,0,0,0.000
1517,1979052068,1,0,1,2,434.400,426.300,0.400,6.700,17.500,5.900,0.000,0,24.400,0.000,0.000,82.600,108.100,60.500,46.900,0.000,0.000,0.000,2.400,1.000,2.500,6.300,13.800,0,0,0,0,0,0,0,0,0,0,0,0,0.000,0.000,0.000,0.000,0,0,0,0,55.416,408.083,0,16.700,60.800,12,592,9.100,31.300,6,290,7.600,29.500,6,302,0,0,0,0.000
1518,1979052068,1,0,1,2,456.400,450.400,0.300,5.000,17.600,5.900,0.000,0,38.100,0.000,0.000,4.700,226.700,145.200,80.500,0.000,0.000,0.000,2.200,0.000,0.000,0.000,0.000,0,0,0,0,2,2,0,0,0,0,0,0,0.000,0.000,0.000,0.000,0,0,0,0,56.367,415.700,2,135.100,61.900,12,594,95.200,31.300,6,292,39.900,30.600,6,302,2,1,1,0.000
1519,1979052068,1,0,1,2,450.900,442.300,0.400,7.300,17.400,5.800,0.000,0,51.100,0.000,0.000,71.000,108.600,60.000,48.000,0.000,0.000,0.000,2.200,1.000,2.700,6.500,14.000,0,0,0,0,2,2,0,0,0,0,0,0,0.000,0.000,0.000,0.000,0,0,0,0,73.887,420.488,0,16.900,62.500,12,594,9.100,32.000,6,292,7.800,30.500,6,302,0,0,0,0.000
1520,1979052068,1,0,1,2,477.500,469.400,0.400,6.900,18.200,6.000,0.000,0,53.000,0.000,0.000,4.300,198.600,116.800,81.000,0.000,0.000,0.000,2.200,0.000,0.000,0.000,0.000,0,0,0,0,2,2,0,0,0,0,0,0,0.000,0.000,0.000,0.000,0,0,0,0,71.927,429.292,2,109.000,60.300,12,600,68.000,29.900,6,296,41.000,30.400,6,304,2,1,1,0.000
1521,1979052068,1,0,1,2,355.300,347.600,0.400,6.500,17.500,6.300,0.000,0,25.600,0.000,0.000,4.600,107.300,59.300,47.400,0.000,0.000,0.000,2.300,0.000,0.000,0.000,0.000,0,0,0,0,0,0,0,0,0,0,0,0,0.000,0.000,0.000,0.000,0,0,0,0,66.756,414.588,0,16.700,61.500,12,600,9.200,31.000,6,296,7.500,30.500,6,304,0,0,0,0.000
1522,1979052068,1,0,1,2,430.100,422.500,0.400,6.400,17.400,5.700,0.000,0,47.900,0.000,0.000,65.000,106.700,58.500,47.700,0.000,0.000,0.000,2.700,1.100,2.300,6.300,13.900,0,0,0,0,2,2,0,0,0,0,0,0,0.000,0.000,0.000,0.000,0,0,0,0,65.720,416.012,0,16.700,60.900,12,600,8.800,30.400,6,296,7.900,30.500,6,304,0,0,0,0.000
1523,1979052068,1,0,1,2,472.500,464.600,0.500,6.600,17.500,5.700,0.000,0,52.800,0.000,0.000,4.800,195.500,114.600,80.000,0.000,0.000,0.000,2.400,0.000,0.000,0.000,0.000,0,0,0,0,2,2,0,0,0,0,0,0,0.000,0.000,0.000,0.000,0,0,0,0,65.195,424.758,2,106.700,59.300,12,600,66.400,29.500,6,297,40.300,29.800,6,303,2,1,1,0.000
1524,1979052068,1,0,1,2,456.600,448.400,0.400,7.000,17.300,5.800,0.000,0,89.200,0.000,0.000,4.500,130.200,81.100,48.400,0.000,0.000,0.000,2.100,0.000,0.000,0.000,0.000,0,0,0,0,2,2,0,0,0,0,0,0,0.000,0.000,0.000,0.000,0,0,0,0,63.774,429.013,0,17.100,61.800,12,600,9.400,30.700,6,297,7.700,31.100,6,303,0,0,0,0.000
1525,1979052068,1,0,1,2,457.000,449.200,0.500,6.500,17.800,5.600,0.000,0,52.600,0.000,0.000,69.400,114.000,59.000,54.600,0.000,0.000,0.000,2.400,1.000,2.500,6.300,14.000,0,0,0,0,2,2,0,0,0,0,0,0,0.000,0.000,0.000,0.000,0,0,0,0,63.382,432.647,0,16.900,60.600,12,600,9.200,29.800,6,297,7.700,30.800,6,303,0,0,0,0.000
1526,1979052068,1,0,1,2,468.900,461.500,0.400,6.200,16.900,5.400,0.000,0,49.700,0.000,0.000,4.200,205.300,129.700,75.100,0.000,0.000,0.000,2.100,0.000,0.000,0.000,0.000,0,0,0,0,2,2,0,0,0,0,0,0,0.000,0.000,0.000,0.000,0,0,0,0,63.098,437.840,2,121.400,55.100,12,598,83.900,27.300,6,295,37.500,27.800,6,303,2,1,1,0.000
1527,1979052068,1,0,1,2,344.000,339.400,0.200,3.800,17.500,14.700,0.000,0,30.200,0.000,0.000,63.800,91.100,63.500,27.100,0.000,0.000,0.000,2.300,1.000,2.600,6.200,13.700,0,0,0,0,2,2,0,0,0,0,0,0,0.000,0.000,0.000,0.000,0,0,0,0,62.468,420.121,0,13.400,46.900,12,598,8.900,29.800,6,295,4.500,17.100,6,303,0,0,0,0.000
1528,1979052068,1,0,1,2,290.500,282.100,0.300,7.300,12.200,4.000,0.000,0,28.200,0.000,0.000,3.000,70.900,39.300,31.200,0.000,0.000,0.000,1.500,0.000,0.000,0.000,0.000,0,0,0,0,0,0,0,0,0,0,0,0,0.000,0.000,0.000,0.000,0,0,0,0,57.002,395.277,0,11.400,39.900,12,598,6.400,20.000,6,295,5.000,19.900,6,303,0,0,0,0.000
1529,1979052068,1,0,1,2,451.600,444.400,0.400,6.000,16.000,5.200,0.000,0,57.500,0.000,0.000,4.200,194.600,104.600,89.500,0.000,0.000,0.000,1.900,0.000,0.000,0.000,0.000,0,0,0,0,2,2,0,0,0,0,0,0,0.000,0.000,0.000,0.000,0,0,0,0,57.451,404.119,2,95.800,69.000,12,597,61.200,25.300,6,294,34.600,43.700,6,303,2,1,1,0.000
1530,1979052068,1,0,1,2,371.600,365.200,0.300,5.400,14.000,4.800,0.000,0,42.800,0.000,0.000,54.800,103.600,64.800,38.300,0.000,0.000,0.000,1.900,0.900,2.300,5.200,11.400,0,0,0,0,2,2,0,0,0,0,0,0,0.000,0.000,0.000,0.000,0,0,0,0,55.912,397.114,0,13.400,65.700,12,597,7.200,41.200,6,294,6.200,24.500,6,303,0,0,0,0.000
1531,1979052068,1,0,1,2,332.300,304.200,22.900,4.500,17.600,5.900,0.000,0,19.100,0.000,0.000,4.500,103.700,56.600,46.600,0.000,0.000,0.000,2.100,0.000,0.000,0.000,0.000,0,0,0,0,0,0,0,0,0,0,0,0,0.000,0.000,0.000,0.000,0,0,0,0,53.066,380.389,0,16.100,59.500,12,597,8.700,29.600,6,294,7.400,29.900,6,303,0,0,0,0.000
1532,1979052068,1,0,1,2,428.600,421.500,0.400,6.000,17.700,4.900,0.000,0,46.100,0.000,0.000,4.400,190.900,121.400,69.000,0.000,0.000,0.000,2.100,0.000,0.000,0.000,0.000,0,0,0,0,2,2,0,0,0,0,0,0,0.000,0.000,0.000,0.000,0,0,0,0,54.584,387.789,2,114.900,49.100,12,593,80.200,23.500,6,291,34.700,25.600,6,302,2,1,1,0.000
1533,1979052068,1,0,1,2,253.700,249.100,0.300,3.800,10.000,3.400,0.000,0,30.300,0.000,0.000,40.600,61.600,33.900,27.400,0.000,0.000,0.000,1.400,0.700,1.700,3.600,7.800,0,0,0,0,2,2,0,0,0,0,0,0,0.000,0.000,0.000,0.000,0,0,0,0,51.563,362.825,0,9.500,33.900,12,593,5.100,16.600,6,291,4.400,17.300,6,302,0,0,0,0.000
1534,1979052068,1,0,1,2,347.700,340.000,0.400,6.500,16.600,5.400,0.000,0,23.300,0.000,0.000,4.300,99.300,53.500,45.100,0.000,0.000,0.000,2.200,0.000,0.000,0.000,0.000,0,0,0,0,0,0,0,0,0,0,0,0,0.000,0.000,0.000,0.000,0,0,0,0,50.004,358.717,0,15.600,56.200,12,593,8.400,27.600,6,291,7.200,28.600,6,302,0,0,0,0.000
1535,1979052068,1,0,1,2,470.900,463.000,0.400,6.600,17.700,6.100,0.000,0,52.600,0.000,0.000,4.500,207.600,119.500,87.600,0.000,0.000,0.000,2.300,0.000,0.000,0.000,0.000,0,0,0,0,2,2,0,0,0,0,0,0,0.000,0.000,0.000,0.000,0,0,0,0,52.181,377.488,2,110.300,63.300,12,589,67.200,31.000,6,287,43.100,32.300,6,302,2,1,1,0.000
1536,1979052068,1,0,1,2,491.600,483.700,0.400,6.600,19.800,6.100,0.000,0,26.200,0.000,0.000,118.000,120.300,69.600,50.000,0.000,0.000,0.000,3.100,1.400,4.600,35.600,14.200,0,0,0,0,0,0,0,0,0,0,0,0,0.000,0.000,0.000,0.000,0,0,0,0,52.616,396.606,0,19.600,62.600,12,589,11.200,30.200,6,287,8.400,32.400,6,302,0,0,0,0.000
1537,1979052068,1,0,1,2,457.500,449.400,0.400,6.800,17.500,6.100,0.000,0,53.100,0.000,0.000,4.400,192.300,111.800,79.900,0.000,0.000,0.000,2.100,0.000,0.000,0.000,0.000,0,0,0,0,2,2,0,0,0,0,0,0,0.000,0.000,0.000,0.000,0,0,0,0,54.359,406.109,2,104.000,59.300,12,583,64.100,29.200,6,282,39.900,30.100,6,301,2,1,1,0.000
1538,1979052068,1,0,1,2,410.700,402.700,0.400,6.700,18.400,6.000,0.000,0,25.200,0.000,0.000,68.500,107.800,58.800,48.400,0.000,0.000,0.000,2.600,1.100,2.700,6.500,14.300,0,0,0,0,0,0,0,0,0,0,0,0,0.000,0.000,0.000,0.000,0,0,0,0,53.953,405.495,0,17.000,60.600,12,583,9.000,30.100,6,282,8.000,30.500,6,301,0,0,0,0.000
1539,1979052068,1,0,1,2,406.500,398.100,0.600,6.900,17.400,5.700,0.000,0,88.400,0.000,0.000,4.600,106.800,58.600,47.600,0.000,0.000,0.000,2.100,0.000,0.000,0.000,0.000,0,0,0,0,2,2,0,0,0,0,0,0,0.000,0.000,0.000,0.000,0,0,0,0,54.231,404.164,0,17.500,60.000,12,583,9.600,29.800,6,282,7.900,30.200,6,301,0,0,0,0.000
1540,1979052068,1,0,1,2,479.300,471.200,0.400,6.900,17.500,6.000,0.000,0,52.700,0.000,0.000,4.400,214.000,114.600,98.700,0.000,0.000,0.000,2.000,0.000,0.000,0.000,0.000,0,0,0,0,2,2,0,0,0,0,0,0,0.000,0.000,0.000,0.000,0,0,0,0,55.468,416.231,2,105.900,77.300,12,582,66.200,28.700,6,281,39.700,48.600,6,301,2,1,1,0.000
1541,1979052068,1,0,1,2,427.500,419.300,0.400,6.900,16.900,5.800,0.000,0,50.800,0.000,0.000,63.700,107.500,59.000,48.000,0.000,0.000,0.000,2.100,1.000,2.600,6.300,13.600,0,0,0,0,2,2,0,0,0,0,0,0,0.000,0.000,0.000,0.000,0,0,0,0,56.193,416.783,0,17.000,60.800,12,582,8.900,30.400,6,281,8.100,30.400,6,301,0,0,0,0.000
1542,1979052068,1,0,1,2,377.400,369.600,0.400,6.600,18.100,5.900,0.000,0,25.100,0.000,0.000,5.000,109.400,59.700,49.100,0.000,0.000,0.000,2.500,0.000,0.000,0.000,0.000,0,0,0,0,0,0,0,0,0,0,0,0,0.000,0.000,0.000,0.000,0,0,0,0,54.809,408.290,0,16.900,62.600,12,582,9.000,31.200,6,281,7.900,31.400,6,301,0,0,0,0.000
1543,1979052068,1,0,1,2,500.500,492.500,0.400,7.000,13.500,4.600,0.000,0,64.200,0.000,0.000,3.400,149.200,90.200,58.600,0.000,0.000,0.000,1.600,0.000,0.000,0.000,0.000,0,0,0,0,2,2,0,0,0,0,0,0,0.000,0.000,0.000,0.000,0,0,0,0,54.483,423.448,2,82.300,43.600,12,583,53.000,21.400,6,282,29.300,22.200,6,301,2,1,1,0.000
1544,1979052068,1,0,1,2,383.700,374.300,0.400,8.100,15.200,4.900,0.000,0,63.800,0.000,0.000,50.500,73.500,40.600,32.500,0.000,0.000,0.000,2.000,0.800,1.900,4.600,11.300,0,0,0,0,2,2,0,0,0,0,0,0,0.000,0.000,0.000,0.000,0,0,0,0,57.870,414.601,0,13.100,36.400,12,583,6.900,17.900,6,282,6.200,18.500,6,301,0,0,0,0.000
1545,1979052068,1,0,1,2,488.900,480.600,0.500,7.000,17.700,5.800,0.000,0,54.100,0.000,0.000,4.700,219.400,116.400,102.400,0.000,0.000,0.000,2.500,0.000,0.000,0.000,0.000,0,0,0,0,2,2,0,0,0,0,0,0,0.000,0.000,0.000,0.000,0,0,0,0,59.352,426.481,2,107.600,80.600,12,584,66.900,29.800,6,282,40.700,50.800,6,302,2,1,1,0.000
1546,1979052068,1,0,1,2,534.800,526.300,0.400,7.200,18.400,9.200,0.000,0,56.100,0.000,0.000,79.900,143.700,76.600,66.400,0.000,0.000,0.000,2.500,1.200,3.400,7.300,17.900,0,0,0,0,2,2,0,0,0,0,0,0,0.000,0.000,0.000,0.000,0,0,0,0,59.954,444.448,0,25.400,75.400,12,584,12.400,35.800,6,282,13.000,39.600,6,302,0,0,0,0.000
1547,1979052068,1,0,1,2,409.000,400.400,0.700,7.100,17.100,9.300,0.000,0,24.800,0.000,0.000,4.200,124.400,59.900,63.900,0.000,0.000,0.000,1.900,0.000,0.000,0.000,0.000,0,0,0,0,0,0,0,0,0,0,0,0,0.000,0.000,0.000,0.000,0,0,0,0,57.406,436.520,0,20.800,67.900,12,584,8.800,31.800,6,282,12.000,36.100,6,302,0,0,0,0.000
1548,1979052068,1,0,1,2,584.400,573.800,0.400,9.000,18.500,6.200,0.000,0,65.600,0.000,0.000,82.100,218.900,134.900,83.600,0.000,0.000,0.000,2.500,1.100,3.100,6.400,13.700,0,0,0,0,2,2,0,0,0,0,0,0,0.000,0.000,0.000,0.000,0,0,0,0,59.547,461.230,2,83.700,60.900,12,588,41.500,30.200,6,285,42.200,30.700,6,303,2,1,1,0.000
1549,1979052068,1,0,1,2,131.900,128.900,0.200,2.600,5.600,1.700,0.000,0,31.200,0.000,0.000,1.300,33.800,19.600,14.100,0.000,0.000,0.000,0.700,0.000,0.000,0.000,0.000,0,0,0,0,2,2,0,0,0,0,0,0,0.000,0.000,0.000,0.000,0,0,0,0,53.455,401.411,0,5.600,18.000,12,588,3.200,9.000,6,285,2.400,9.000,6,303,0,0,0,0.000
1550,1979052068,1,0,1,2,186.000,182.300,0.200,3.100,8.800,2.500,0.000,0,40.400,0.000,0.000,2.000,49.700,27.900,21.400,0.000,0.000,0.000,0.900,0.000,0.000,0.000,0.000,0,0,0,0,2,2,0,0,0,0,0,0,0.000,0.000,0.000,0.000,0,0,0,0,49.467,361.971,0,7.700,27.400,12,588,4.100,14.000,6,285,3.600,13.400,6,303,0,0,0,0.000
1551,1979052068,1,0,1,2,402.800,394.600,0.500,6.900,17.800,6.200,0.000,0,26.600,0.000,0.000,63.600,93.600,53.100,40.000,0.000,0.000,0.000,2.100,1.000,2.400,5.900,14.200,0,0,0,0,0,0,0,0,0,0,0,0,0.000,0.000,0.000,0.000,0,0,0,0,46.701,367.844,0,17.800,47.200,12,588,9.600,24.300,6,285,8.200,22.900,6,303,0,0,0,0.000
1552,1979052068,1,0,1,2,318.500,314.200,0.300,3.600,25.400,3.400,0.000,0,29.300,0.000,0.000,3.200,131.800,89.800,41.800,0.000,0.000,0.000,1.700,0.000,0.000,0.000,0.000,0,0,0,0,2,2,0,0,0,0,0,0,0.000,0.000,0.000,0.000,0,0,0,0,50.733,358.188,2,81.200,32.200,12,593,59.900,17.100,6,289,21.300,15.100,6,304,2,1,1,0.000
1553,1979052068,1,0,1,2,560.100,550.700,0.500,7.800,17.600,8.700,0.000,0,71.700,0.000,0.000,62.900,125.500,61.300,63.500,0.000,0.000,0.000,2.100,1.000,2.600,6.300,14.100,0,0,0,0,2,2,0,0,0,0,0,0,0.000,0.000,0.000,0.000,0,0,0,0,52.671,392.840,0,21.300,66.000,12,593,9.000,30.100,6,289,12.300,35.900,6,304,0,0,0,0.000
1554,1979052068,1,0,1,2,168.400,164.200,0.200,3.600,6.500,2.000,0.000,0,39.000,0.000,0.000,1.800,38.200,21.300,16.800,0.000,0.000,0.000,0.800,0.000,0.000,0.000,0.000,0,0,0,0,2,2,0,0,0,0,0,0,0.000,0.000,0.000,0.000,0,0,0,0,48.194,351.685,0,5.300,21.600,10,497,2.900,10.400,5,243,2.400,11.200,5,254,0,0,0,0.000
1555,1979052068,1,0,1,2,195.900,191.400,0.300,3.800,10.000,3.200,0.000,0,13.400,0.000,0.000,2.500,57.500,32.600,24.600,0.000,0.000,0.000,1.300,0.000,0.000,0.000,0.000,0,0,0,0,0,0,0,0,0,0,0,0,0.000,0.000,0.000,0.000,0,0,0,0,46.125,322.834,0,8.300,32.800,10,497,4.700,16.800,5,243,3.600,16.000,5,254,0,0,0,0.000
1556,1979052068,1,0,1,2,323.300,317.800,0.600,4.300,11.700,3.900,0.000,0,33.300,0.000,0.000,42.700,112.000,59.300,52.300,0.000,0.000,0.000,1.400,0.800,1.900,4.100,9.000,0,0,0,0,2,2,0,0,0,0,0,0,0.000,0.000,0.000,0.000,0,0,0,0,46.013,321.928,2,53.000,39.400,12,597,27.200,19.500,6,292,25.800,19.900,6,305,2,1,1,0.000
1557,1979052068,1,0,1,2,419.000,410.800,0.400,6.900,17.900,5.900,0.000,0,84.000,0.000,0.000,4.500,124.900,57.800,47.300,0.000,0.000,0.000,2.200,0.000,0.000,0.000,0.000,0,0,0,0,2,2,0,0,0,0,0,0,0.000,0.000,0.000,0.000,0,0,0,0,47.864,337.925,0,14.700,61.500,10,499,8.000,31.000,5,244,6.700,30.500,5,255,0,0,0,0.000
1558,1979052068,1,0,1,2,466.300,460.300,0.600,4.800,17.100,5.700,0.000,0,34.400,0.000,0.000,62.700,169.600,89.100,79.800,0.000,0.000,0.000,2.400,1.000,2.400,6.600,13.800,0,0,0,0,2,2,0,0,0,0,0,0,0.000,0.000,0.000,0.000,0,0,0,0,50.895,359.952,2,80.000,60.500,12,598,40.800,30.000,6,293,39.200,30.500,6,305,2,1,1,0.000
1559,1979052068,1,0,1,2,379.000,371.500,0.400,6.300,16.300,5.300,0.000,0,83.300,0.000,0.000,4.300,98.600,54.600,43.400,0.000,0.000,0.000,2.000,0.000,0.000,0.000,0.000,0,0,0,0,2,2,0,0,0,0,0,0,0.000,0.000,0.000,0.000,0,0,0,0,51.436,362.031,0,16.000,56.100,12,598,8.900,28.600,6,293,7.100,27.500,6,305,0,0,0,0.000
1560,1979052068,1,0,1,2,418.600,410.200,0.400,7.200,17.600,5.600,0.000,0,84.800,0.000,0.000,4.600,105.000,57.200,47.200,0.000,0.000,0.000,2.200,0.000,0.000,0.000,0.000,0,0,0,0,2,2,0,0,0,0,0,0,0.000,0.000,0.000,0.000,0,0,0,0,52.329,370.701,0,14.600,61.700,10,499,8.000,30.600,5,245,6.600,31.100,5,254,0,0,0,0.000
1561,1979052068,1,0,1,2,410.300,401.800,0.400,7.200,18.400,5.900,0.000,0,24.800,0.000,0.000,66.800,107.400,59.600,47.200,0.000,0.000,0.000,2.300,1.200,3.000,6.300,13.700,0,0,0,0,0,0,0,0,0,0,0,0,0.000,0.000,0.000,0.000,0,0,0,0,51.694,376.299,0,15.000,61.900,10,499,8.400,30.700,5,245,6.600,31.200,5,254,0,0,0,0.000
1562,1979052068,1,0,1,2,455.200,447.800,0.400,6.300,17.400,5.900,0.000,0,48.000,0.000,0.000,4.500,194.300,114.300,79.500,0.000,0.000,0.000,2.200,0.000,0.000,0.000,0.000,0,0,0,0,2,2,0,0,0,0,0,0,0.000,0.000,0.000,0.000,0,0,0,0,53.981,389.169,2,105.700,59.400,12,597,66.300,28.900,6,293,39.400,30.500,6,304,2,1,1,0.000
1563,1979052068,1,0,1,2,399.600,391.900,0.600,6.300,16.500,5.800,0.000,0,82.100,0.000,0.000,4.300,115.700,71.800,43.300,0.000,0.000,0.000,2.000,0.000,0.000,0.000,0.000,0,0,0,0,2,2,0,0,0,0,0,0,0.000,0.000,0.000,0.000,0,0,0,0,54.326,389.661,0,31.300,56.100,10,498,25.300,28.100,5,245,6.000,28.000,5,253,0,0,0,0.000
1564,1979052068,1,0,1,2,468.300,459.800,0.400,7.200,18.600,6.300,0.000,0,25.400,0.000,0.000,104.500,112.800,61.400,50.800,0.000,0.000,0.000,2.400,1.100,2.700,6.900,15.400,0,0,0,0,0,0,0,0,0,0,0,0,0.000,0.000,0.000,0.000,0,0,0,0,54.052,402.286,0,15.300,65.300,10,498,8.300,32.600,5,245,7.000,32.700,5,253,0,0,0,0.000
1565,1979052068,1,0,1,2,349.100,343.300,0.400,4.900,12.600,4.300,0.000,0,37.600,0.000,0.000,3.300,157.600,98.700,58.500,0.000,0.000,0.000,1.700,0.000,0.000,0.000,0.000,0,0,0,0,2,2,0,0,0,0,0,0,0.000,0.000,0.000,0.000,0,0,0,0,52.800,391.668,2,79.500,55.600,12,596,50.200,33.900,6,293,29.300,21.700,6,303,2,1,1,0.000
1566,1979052068,1,0,1,2,279.600,275.000,0.300,3.700,17.300,3.300,0.000,0,53.600,0.000,0.000,4.600,73.300,46.800,26.100,0.000,0.000,0.000,2.200,0.000,0.000,0.000,0.000,0,0,0,0,2,2,0,0,0,0,0,0,0.000,0.000,0.000,0.000,0,0,0,0,52.800,370.668,0,13.300,43.000,12,596,8.900,26.500,6,293,4.400,16.500,6,303,0,0,0,0.000
1567,1979052068,1,0,1,2,421.400,413.600,0.400,6.600,17.300,5.700,0.000,0,23.400,0.000,0.000,86.300,104.600,58.100,45.800,0.000,0.000,0.000,2.100,1.000,2.800,6.200,35.100,0,0,0,0,0,0,0,0,0,0,0,0,0.000,0.000,0.000,0.000,0,0,0,0,51.684,378.396,0,14.900,59.700,10,496,8.500,30.000,5,244,6.400,29.700,5,252,0,0,0,0.000
1568,1979052068,1,0,1,2,251.100,246.700,0.200,3.800,9.600,3.300,0.000,0,28.000,0.000,0.000,2.600,107.500,64.700,42.500,0.000,0.000,0.000,1.300,0.000,0.000,0.000,0.000,0,0,0,0,2,2,0,0,0,0,0,0,0.000,0.000,0.000,0.000,0,0,0,0,52.119,354.691,2,59.700,30.700,12,592,38.400,14.800,6,291,21.300,15.900,6,301,2,1,1,0.000
1569,1979052068,1,0,1,2,117.100,114.400,0.200,2.300,6.200,2.000,0.000,0,8.300,0.000,0.000,1.500,36.900,21.100,15.700,0.000,0.000,0.000,0.800,0.000,0.000,0.000,0.000,0,0,0,0,0,0,0,0,0,0,0,0,0.000,0.000,0.000,0.000,0,0,0,0,49.398,311.438,0,6.400,19.300,12,592,3.700,9.500,6,291,2.700,9.800,6,301,0,0,0,0.000
1570,1979052068,1,0,1,2,441.000,435.100,0.300,5.000,18.800,4.600,0.000,0,40.600,0.000,0.000,83.500,139.500,82.000,56.900,0.000,0.000,0.000,2.600,1.600,2.900,6.900,16.700,0,0,0,0,2,2,0,0,0,0,0,0,0.000,0.000,0.000,0.000,0,0,0,0,55.032,333.697,0,38.400,59.600,12,592,16.000,36.400,6,291,22.400,23.200,6,301,0,0,0,0.000
1571,1979052068,1,0,1,2,355.500,349.200,0.600,5.200,13.800,4.400,0.000,0,39.800,0.000,0.000,3.400,147.100,86.100,60.600,0.000,0.000,0.000,1.800,0.000,0.000,0.000,0.000,0,0,0,0,2,2,0,0,0,0,0,0,0.000,0.000,0.000,0.000,0,0,0,0,53.892,336.488,2,79.600,44.700,12,585,49.800,21.600,6,286,29.800,23.100,6,299,2,1,1,0.000
1572,1979052068,1,0,1,2,218.600,213.500,0.300,4.300,11.600,3.700,0.000,0,15.800,0.000,0.000,2.800,67.900,37.400,30.100,0.000,0.000,0.000,1.500,0.000,0.000,0.000,0.000,0,0,0,0,0,0,0,0,0,0,0,0,0.000,0.000,0.000,0.000,0,0,0,0,50.474,314.350,0,11.000,37.400,12,585,6.100,18.400,6,286,4.900,19.000,6,299,0,0,0,0.000
1573,1979052068,1,0,1,2,446.100,438.700,0.500,6.300,18.900,6.400,0.000,0,45.800,0.000,0.000,77.200,109.400,60.300,48.500,0.000,0.000,0.000,2.400,1.200,2.500,6.200,14.000,0,0,0,0,2,2,0,0,0,0,0,0,0.000,0.000,0.000,0.000,0,0,0,0,52.278,336.733,0,17.700,60.700,12,585,9.900,29.700,6,286,7.800,31.000,6,299,0,0,0,0.000
1574,1979052068,1,0,1,2,480.800,472.700,0.300,6.900,18.200,6.400,0.000,0,51.700,0.000,0.000,4.600,206.100,126.900,78.600,0.000,0.000,0.000,2.100,0.000,0.000,0.000,0.000,0,0,0,0,2,2,0,0,0,0,0,0,0.000,0.000,0.000,0.000,0,0,0,0,55.684,361.207,2,118.400,58.000,12,581,79.200,28.400,6,283,39.200,29.600,6,298,2,1,1,0.000
1575,1979052068,1,0,1,2,338.100,330.700,0.400,6.200,16.400,5.400,0.000,0,22.400,0.000,0.000,4.300,114.100,69.300,44.300,0.000,0.000,0.000,2.100,0.000,0.000,0.000,0.000,0,0,0,0,0,0,0,0,0,0,0,0,0.000,0.000,0.000,0.000,0,0,0,0,53.851,355.716,0,15.800,55.300,12,581,8.600,27.300,6,283,7.200,28.000,6,298,0,0,0,0.000
1576,1979052068,1,0,1,2,381.700,374.000,0.400,6.400,13.200,4.300,0.000,0,52.000,0.000,0.000,48.300,90.700,55.800,34.400,0.000,0.000,0.000,1.700,0.800,2.000,4.700,10.100,0,0,0,0,2,2,0,0,0,0,0,0,0.000,0.000,0.000,0.000,0,0,0,0,53.140,359.007,0,12.300,56.500,12,581,6.500,34.800,6,283,5.800,21.700,6,298,0,0,0,0.000
1577,1979052068,1,0,1,2,303.100,296.000,0.300,6.000,15.800,5.400,0.000,0,20.900,0.000,0.000,4.000,92.100,49.900,41.700,0.000,0.000,0.000,1.900,0.000,0.000,0.000,0.000,0,0,0,0,0,0,0,0,0,0,0,0,0.000,0.000,0.000,0.000,0,0,0,0,51.567,347.666,0,14.600,52.300,12,581,7.900,25.900,6,283,6.700,26.400,6,298,0,0,0,0.000
1578,1979052068,1,0,1,2,493.800,485.600,0.400,7.000,17.900,5.800,0.000,0,51.900,0.000,0.000,4.600,219.900,139.500,79.800,0.000,0.000,0.000,2.200,0.000,0.000,0.000,0.000,0,0,0,0,2,2,0,0,0,0,0,0,0.000,0.000,0.000,0.000,0,0,0,0,55.029,372.494,2,130.300,59.500,12,580,90.800,29.100,6,282,39.500,30.400,6,298,2,1,1,0.000
1579,1979052068,1,0,1,2,387.200,380.200,0.400,5.900,15.700,5.100,0.000,0,44.400,0.000,0.000,66.100,90.200,49.800,39.800,0.000,0.000,0.000,2.000,0.900,2.400,5.400,12.300,0,0,0,0,2,2,0,0,0,0,0,0,0.000,0.000,0.000,0.000,0,0,0,0,56.860,373.881,0,14.400,50.500,12,580,7.800,25.300,6,282,6.600,25.200,6,298,0,0,0,0.000
1580,1979052068,1,0,1,2,349.600,341.900,0.400,6.500,17.900,5.900,0.000,0,24.000,0.000,0.000,4.600,104.800,57.000,47.200,0.000,0.000,0.000,2.200,0.000,0.000,0.000,0.000,0,0,0,0,0,0,0,0,0,0,0,0,0.000,0.000,0.000,0.000,0,0,0,0,58.973,368.124,0,17.100,59.600,12,580,9.200,29.700,6,282,7.900,29.900,6,298,0,0,0,0.000
1581,1979052068,1,0,1,2,226.400,222.600,0.300,3.300,8.700,2.900,0.000,0,25.400,0.000,0.000,2.200,97.400,59.700,37.300,0.000,0.000,0.000,1.100,0.000,0.000,0.000,0.000,0,0,0,0,2,2,0,0,0,0,0,0,0.000,0.000,0.000,0.000,0,0,0,0,55.792,341.930,2,53.900,28.300,12,578,35.500,14.000,6,281,18.400,14.300,6,297,2,1,1,0.000
1582,1979052068,1,0,1,2,211.100,206.800,0.300,3.700,8.500,2.900,0.000,0,24.500,0.000,0.000,35.000,51.800,29.000,22.600,0.000,0.000,0.000,1.200,0.600,1.400,3.300,6.300,0,0,0,0,2,2,0,0,0,0,0,0,0.000,0.000,0.000,0.000,0,0,0,0,53.111,317.607,0,8.300,28.800,12,578,4.400,14.500,6,281,3.900,14.300,6,297,0,0,0,0.000
1583,1979052068,1,0,1,2,263.500,257.400,0.500,5.000,13.500,4.600,0.000,0,18.300,0.000,0.000,3.400,83.300,45.900,36.900,0.000,0.000,0.000,1.700,0.000,0.000,0.000,0.000,0,0,0,0,0,0,0,0,0,0,0,0,0.000,0.000,0.000,0.000,0,0,0,0,51.525,306.769,0,13.300,47.700,12,578,7.400,23.900,6,281,5.900,23.800,6,297,0,0,0,0.000
1584,1979052068,1,0,1,2,317.100,311.800,0.300,4.500,11.700,3.800,0.000,0,34.500,0.000,0.000,3.200,131.200,77.700,53.000,0.000,0.000,0.000,1.600,0.000,0.000,0.000,0.000,0,0,0,0,2,2,0,0,0,0,0,0,0.000,0.000,0.000,0.000,0,0,0,0,51.035,307.675,2,72.600,38.800,12,580,46.200,18.700,6,282,26.400,20.100,6,298,2,1,1,0.000
1585,1979052068,1,0,1,2,288.500,283.100,0.300,4.500,12.400,4.200,0.000,0,16.500,0.000,0.000,52.400,75.600,41.000,33.900,0.000,0.000,0.000,1.600,0.800,1.900,4.400,9.600,0,0,0,0,0,0,0,0,0,0,0,0,0.000,0.000,0.000,0.000,0,0,0,0,51.946,303.251,0,12.000,42.200,12,580,6.400,20.900,6,282,5.600,21.300,6,298,0,0,0,0.000
1586,1979052068,1,0,1,2,344.900,339.400,0.300,4.600,21.800,4.100,0.000,0,36.200,0.000,0.000,3.200,145.400,89.500,55.500,0.000,0.000,0.000,1.500,0.000,0.000,0.000,0.000,0,0,0,0,2,2,0,0,0,0,0,0,0.000,0.000,0.000,0.000,0,0,0,0,54.746,309.758,2,83.000,41.700,12,583,55.000,21.000,6,283,28.000,20.700,6,300,2,1,1,0.000
1587,1979052068,1,0,1,2,476.300,440.600,29.000,5.800,18.100,5.800,0.000,0,51.100,0.000,0.000,75.000,107.000,58.900,47.500,0.000,0.000,0.000,2.300,1.000,2.700,6.200,13.900,0,0,0,0,2,2,0,0,0,0,0,0,0.000,0.000,0.000,0.000,0,0,0,0,57.312,333.310,0,16.800,61.400,12,583,9.100,30.900,6,283,7.700,30.500,6,300,0,0,0,0.000
1588,1979052068,1,0,1,2,306.400,301.200,0.300,4.300,11.800,4.200,0.000,0,34.500,0.000,0.000,3.000,132.900,78.900,53.600,0.000,0.000,0.000,1.500,0.000,0.000,0.000,0.000,0,0,0,0,2,2,0,0,0,0,0,0,0.000,0.000,0.000,0.000,0,0,0,0,56.230,327.530,2,72.900,40.100,12,589,45.800,20.000,6,287,27.100,20.100,6,302,2,1,1,0.000
1589,1979052068,1,0,1,2,237.800,232.500,0.300,4.400,12.000,3.900,0.000,0,17.200,0.000,0.000,3.100,74.900,41.500,33.100,0.000,0.000,0.000,1.400,0.000,0.000,0.000,0.000,0,0,0,0,0,0,0,0,0,0,0,0,0.000,0.000,0.000,0.000,0,0,0,0,53.218,310.425,0,11.700,43.100,12,589,6.300,22.100,6,287,5.400,21.000,6,302,0,0,0,0.000
1590,1979052068,1,0,1,2,441.800,433.900,0.400,6.500,17.600,5.900,0.000,0,50.800,0.000,0.000,74.000,107.600,59.400,47.700,0.000,0.000,0.000,2.400,1.100,2.600,6.000,14.000,0,0,0,0,2,2,0,0,0,0,0,0,0.000,0.000,0.000,0.000,0,0,0,0,61.945,332.650,0,16.700,62.200,12,589,9.100,31.700,6,287,7.600,30.500,6,302,0,0,0,0.000
1591,1979052068,1,0,1,2,511.600,500.700,0.400,9.500,19.300,6.400,0.000,0,55.500,0.000,0.000,4.800,223.400,135.900,87.000,0.000,0.000,0.000,2.400,0.000,0.000,0.000,0.000,0,0,0,0,2,2,0,0,0,0,0,0,0.000,0.000,0.000,0.000,0,0,0,0,64.241,362.899,2,126.900,64.900,12,593,84.200,31.900,6,291,42.700,33.000,6,302,2,1,1,0.000
1592,1979052068,1,0,1,2,470.400,461.900,0.500,7.100,18.700,6.300,0.000,0,54.700,0.000,0.000,77.300,114.200,61.700,51.800,0.000,0.000,0.000,2.400,1.100,3.200,7.200,15.400,0,0,0,0,2,2,0,0,0,0,0,0,0.000,0.000,0.000,0.000,0,0,0,0,66.034,380.719,0,18.600,64.400,12,593,9.800,31.700,6,291,8.800,32.700,6,302,0,0,0,0.000
1593,1979052068,1,0,1,2,473.000,465.000,0.400,6.700,17.600,5.700,0.000,0,51.500,0.000,0.000,4.600,206.100,125.200,80.300,0.000,0.000,0.000,2.300,0.000,0.000,0.000,0.000,0,0,0,0,2,2,0,0,0,0,0,0,0.000,0.000,0.000,0.000,0,0,0,0,66.298,395.890,2,116.500,59.800,12,593,76.100,29.800,6,291,40.400,30.000,6,302,2,1,1,0.000
1594,1979052068,1,0,1,2,404.600,396.700,0.400,6.600,17.800,5.900,0.000,0,88.900,0.000,0.000,4.500,106.200,59.100,46.600,0.000,0.000,0.000,2.100,0.000,0.000,0.000,0.000,0,0,0,0,2,2,0,0,0,0,0,0,0.000,0.000,0.000,0.000,0,0,0,0,65.956,396.036,0,16.200,62.300,12,593,8.700,32.900,6,291,7.500,29.400,6,302,0,0,0,0.000
1595,1979052068,1,0,1,2,254.200,249.900,0.300,3.700,9.900,3.200,0.000,0,28.400,0.000,0.000,38.900,71.300,45.000,26.000,0.000,0.000,0.000,1.300,0.600,1.500,3.400,7.500,0,0,0,0,2,2,0,0,0,0,0,0,0.000,0.000,0.000,0.000,0,0,0,0,61.896,369.731,0,9.600,44.200,12,593,5.000,28.100,6,291,4.600,16.100,6,302,0,0,0,0.000
1596,1979052068,1,0,1,2,416.700,409.900,0.400,5.600,15.400,4.900,0.000,0,54.300,0.000,0.000,3.900,179.000,108.000,70.500,0.000,0.000,0.000,1.900,0.000,0.000,0.000,0.000,0,0,0,0,2,2,0,0,0,0,0,0,0.000,0.000,0.000,0.000,0,0,0,0,61.861,376.962,2,100.600,52.700,12,599,65.500,26.200,6,295,35.100,26.500,6,304,2,1,1,0.000
1597,1979052068,1,0,1,2,198.200,193.800,0.200,3.700,10.300,3.800,0.000,0,14.200,0.000,0.000,2.700,62.500,34.300,27.800,0.000,0.000,0.000,1.300,0.000,0.000,0.000,0.000,0,0,0,0,0,0,0,0,0,0,0,0,0.000,0.000,0.000,0.000,0,0,0,0,56.756,343.992,0,10.000,35.300,12,599,5.400,17.700,6,295,4.600,17.600,6,304,0,0,0,0.000
1598,1979052068,1,0,1,2,202.800,199.300,0.200,3.000,7.900,2.500,0.000,0,22.700,0.000,0.000,32.800,46.700,26.500,19.900,0.000,0.000,0.000,1.200,0.500,1.300,2.700,6.000,0,0,0,0,2,2,0,0,0,0,0,0,0.000,0.000,0.000,0.000,0,0,0,0,53.308,317.948,0,7.400,25.800,12,599,4.000,13.300,6,295,3.400,12.500,6,304,0,0,0,0.000
1599,1979052068,1,0,1,2,179.500,176.400,0.200,2.500,6.700,2.200,0.000,0,20.200,0.000,0.000,1.700,78.700,49.500,29.000,0.000,0.000,0.000,0.900,0.000,0.000,0.000,0.000,0,0,0,0,2,2,0,0,0,0,0,0,0.000,0.000,0.000,0.000,0,0,0,0,49.922,292.469,2,45.300,21.600,12,599,30.800,10.600,6,296,14.500,11.000,6,303,2,1,1,0.000
1600,1979052068,1,0,1,2,149.300,146.200,0.200,2.500,7.100,1.900,0.000,0,40.800,0.000,0.000,1.700,37.000,21.300,15.600,0.000,0.000,0.000,1.000,0.000,0.000,0.000,0.000,0,0,0,0,2,2,0,0,0,0,0,0,0.000,0.000,0.000,0.000,0,0,0,0,46.768,266.141,0,6.200,19.900,12,599,3.600,9.900,6,296,2.600,10.000,6,303,0,0,0,0.000
1601,1979052068,1,0,1,2,178.400,175.700,0.100,2.300,6.500,2.100,0.000,0,19.000,0.000,0.000,26.700,59.300,31.900,27.000,0.000,0.000,0.000,0.900,0.500,1.000,2.200,4.800,0,0,0,0,2,2,0,0,0,0,0,0,0.000,0.000,0.000,0.000,0,0,0,0,44.452,249.861,2,27.800,20.400,12,599,14.400,10.100,6,297,13.400,10.300,6,302,2,1,1,0.000
1602,1979052068,1,0,1,2,237.300,232.000,0.300,4.500,12.400,4.000,0.000,0,17.600,0.000,0.000,3.200,74.700,41.100,33.300,0.000,0.000,0.000,1.500,0.000,0.000,0.000,0.000,0,0,0,0,0,0,0,0,0,0,0,0,0.000,0.000,0.000,0.000,0,0,0,0,43.399,246.646,0,11.500,43.200,12,599,6.300,21.700,6,297,5.200,21.500,6,302,0,0,0,0.000
1603,1979052068,1,0,1,2,351.800,344.900,0.400,5.800,15.100,5.000,0.000,0,76.000,0.000,0.000,3.800,91.500,49.600,41.400,0.000,0.000,0.000,1.800,0.000,0.000,0.000,0.000,0,0,0,0,2,2,0,0,0,0,0,0,0.000,0.000,0.000,0.000,0,0,0,0,45.595,264.332,0,14.400,52.300,12,599,7.700,26.000,6,297,6.700,26.300,6,302,0,0,0,0.000
1604,1979052068,1,0,1,2,316.400,309.600,0.700,5.400,13.800,4.700,0.000,0,20.500,0.000,0.000,53.700,81.300,44.400,36.400,0.000,0.000,0.000,1.700,0.800,2.000,4.800,10.900,0,0,0,0,0,0,0,0,0,0,0,0,0.000,0.000,0.000,0.000,0,0,0,0,46.010,272.480,0,12.700,45.900,12,599,6.800,22.800,6,297,5.900,23.100,6,302,0,0,0,0.000
1605,1979052068,1,0,1,2,339.900,333.900,0.300,5.000,13.000,4.400,0.000,0,38.400,0.000,0.000,3.400,142.600,84.100,58.100,0.000,0.000,0.000,1.500,0.000,0.000,0.000,0.000,0,0,0,0,2,2,0,0,0,0,0,0,0.000,0.000,0.000,0.000,0,0,0,0,48.672,283.536,2,79.000,42.500,12,597,50.100,20.500,6,296,28.900,22.000,6,301,2,1,1,0.000
1606,1979052068,1,0,1,2,307.600,300.400,0.400,6.200,9.800,3.300,0.000,0,85.800,0.000,0.000,2.500,58.300,32.800,25.100,0.000,0.000,0.000,1.200,0.000,0.000,0.000,0.000,0,0,0,0,2,2,0,0,0,0,0,0,0.000,0.000,0.000,0.000,0,0,0,0,47.417,286.571,0,9.500,32.000,12,597,5.300,16.100,6,296,4.200,15.900,6,301,0,0,0,0.000
1607,1979052068,1,0,1,2,271.500,266.900,0.600,3.500,9.700,3.400,0.000,0,30.200,0.000,0.000,42.800,79.900,42.500,37.000,0.000,0.000,0.000,1.100,0.700,1.600,3.000,7.000,0,0,0,0,2,2,0,0,0,0,0,0,0.000,0.000,0.000,0.000,0,0,0,0,55.280,283.031,2,37.500,24.300,12,594,18.600,11.800,6,293,18.900,12.500,6,301,2,1,1,0.000
1608,1979052068,1,0,1,2,298.400,295.500,0.200,2.400,18.100,5.900,0.000,0,34.400,0.000,0.000,4.800,112.700,64.500,47.600,0.000,0.000,0.000,2.200,0.000,0.000,0.000,0.000,0,0,0,0,2,2,0,0,0,0,0,0,0.000,0.000,0.000,0.000,0,0,0,0,59.910,285.275,0,17.700,58.300,12,594,9.600,28.100,6,293,8.100,30.200,6,301,0,0,0,0.000
1609,1979052068,1,0,1,2,118.100,115.400,0.100,2.300,6.700,2.000,0.000,0,8.800,0.000,0.000,2.100,36.600,20.800,15.700,0.000,0.000,0.000,1.100,0.000,0.000,0.000,0.000,0,0,0,0,0,0,0,0,0,0,0,0,0.000,0.000,0.000,0.000,0,0,0,0,54.076,254.698,0,6.100,20.000,12,594,3.400,10.000,6,293,2.700,10.000,6,301,0,0,0,0.000
1610,1979052068,1,0,1,2,221.900,218.400,0.200,2.800,7.800,2.700,0.000,0,23.800,0.000,0.000,32.700,72.800,38.600,33.800,0.000,0.000,0.000,1.000,0.500,1.200,2.700,5.900,0,0,0,0,2,2,0,0,0,0,0,0,0.000,0.000,0.000,0.000,0,0,0,0,51.452,248.164,2,33.800,24.700,12,591,17.000,12.000,6,290,16.800,12.700,6,301,2,1,1,0.000
1611,1979052068,1,0,1,2,191.500,186.300,0.400,4.100,9.700,3.100,0.000,0,15.800,0.000,0.000,2.500,54.600,26.900,27.400,0.000,0.000,0.000,1.200,0.000,0.000,0.000,0.000,0,0,0,0,0,0,0,0,0,0,0,0,0.000,0.000,0.000,0.000,0,0,0,0,49.103,237.028,0,9.600,28.700,12,591,5.500,10.600,6,290,4.100,18.100,6,301,0,0,0,0.000
1612,1979052068,1,0,1,2,174.900,172.400,0.200,2.200,6.600,2.300,0.000,0,18.200,0.000,0.000,28.500,56.600,30.800,25.600,0.000,0.000,0.000,0.900,0.500,1.100,2.000,4.500,0,0,0,0,2,2,0,0,0,0,0,0,0.000,0.000,0.000,0.000,0,0,0,0,46.924,225.395,2,26.500,18.800,12,585,13.600,9.200,6,285,12.900,9.600,6,300,2,1,1,0.000
1613,1979052068,1,0,1,2,132.100,129.400,0.200,2.300,6.500,2.300,0.000,0,8.800,0.000,0.000,1.800,36.000,20.100,15.600,0.000,0.000,0.000,0.800,0.000,0.000,0.000,0.000,0,0,0,0,0,0,0,0,0,0,0,0,0.000,0.000,0.000,0.000,0,0,0,0,46.524,208.116,0,6.200,19.100,12,585,3.400,9.400,6,285,2.800,9.700,6,300,0,0,0,0.000
1614,1979052068,1,0,1,2,270.500,265.600,0.300,4.100,9.600,3.600,0.000,0,32.000,0.000,0.000,37.900,77.800,45.900,31.500,0.000,0.000,0.000,1.300,0.600,1.600,2.300,6.800,0,0,0,0,2,2,0,0,0,0,0,0,0.000,0.000,0.000,0.000,0,0,0,0,46.844,218.463,2,39.200,21.100,12,581,23.400,10.400,6,282,15.800,10.700,6,299,2,1,1,0.000
1615,1979052068,1,0,1,2,120.500,117.700,0.200,2.200,6.400,2.200,0.000,0,9.100,0.000,0.000,1.700,37.200,21.400,15.700,0.000,0.000,0.000,0.700,0.000,0.000,0.000,0.000,0,0,0,0,0,0,0,0,0,0,0,0,0.000,0.000,0.000,0.000,0,0,0,0,44.118,200.326,0,6.400,19.600,12,581,3.700,9.700,6,282,2.700,9.900,6,299,0,0,0,0.000
1616,1979052068,1,0,1,2,145.900,143.200,0.200,2.300,6.300,2.300,0.000,0,32.300,0.000,0.000,1.800,40.200,24.300,15.700,0.000,0.000,0.000,0.900,0.000,0.000,0.000,0.000,0,0,0,0,2,2,0,0,0,0,0,0,0.000,0.000,0.000,0.000,0,0,0,0,42.279,190.043,0,6.500,19.100,12,581,3.400,9.500,6,282,3.100,9.600,6,299,0,0,0,0.000
1617,1979052068,1,0,1,2,214.400,211.600,0.200,2.400,7.700,2.400,0.000,0,28.800,0.000,0.000,30.800,58.800,32.300,26.300,0.000,0.000,0.000,0.800,0.600,1.400,2.100,4.400,0,0,0,0,2,2,0,0,0,0,0,0,0.000,0.000,0.000,0.000,0,0,0,0,41.760,193.923,2,26.800,19.600,12,578,13.800,9.600,6,280,13.000,10.000,6,298,2,1,1,0.000
1618,1979052068,1,0,1,2,142.800,140.300,0.100,2.200,6.200,2.200,0.000,0,33.200,0.000,0.000,1.800,36.600,20.700,15.700,0.000,0.000,0.000,0.700,0.000,0.000,0.000,0.000,0,0,0,0,2,2,0,0,0,0,0,0,0.000,0.000,0.000,0.000,0,0,0,0,39.464,184.271,0,6.100,20.200,12,578,3.400,10.200,6,280,2.700,10.000,6,298,0,0,0,0.000
1619,1979052068,1,0,1,2,160.500,157.600,0.300,2.300,28.000,2.100,0.000,0,13.200,0.000,0.000,1.800,51.500,35.300,15.900,0.000,0.000,0.000,0.800,0.000,0.000,0.000,0.000,0,0,0,0,0,0,0,0,0,0,0,0,0.000,0.000,0.000,0.000,0,0,0,0,37.292,179.470,0,6.600,33.100,12,578,3.900,22.900,6,280,2.700,10.200,6,298,0,0,0,0.000
1620,1979052068,1,0,1,2,205.800,202.700,0.300,2.600,7.200,12.700,0.000,0,19.600,0.000,0.000,30.300,63.400,33.700,29.200,0.000,0.000,0.000,0.900,0.400,1.100,2.200,4.900,0,0,0,0,2,2,0,0,0,0,0,0,0.000,0.000,0.000,0.000,0,0,0,0,39.094,183.652,2,30.100,21.000,12,580,15.200,10.200,6,281,14.900,10.800,6,299,2,1,1,0.000
1621,1979052068,1,0,1,2,170.900,167.600,0.100,2.800,7.900,2.500,0.000,0,37.500,0.000,0.000,1.900,45.200,25.100,19.800,0.000,0.000,0.000,0.900,0.000,0.000,0.000,0.000,0,0,0,0,2,2,0,0,0,0,0,0,0.000,0.000,0.000,0.000,0,0,0,0,43.487,180.762,0,7.600,24.700,12,580,3.900,12.400,6,281,3.700,12.300,6,299,0,0,0,0.000
1622,1979052068,1,0,1,2,148.900,145.600,0.200,2.800,7.700,2.500,0.000,0,10.900,0.000,0.000,2.000,46.800,25.800,20.700,0.000,0.000,0.000,1.000,0.000,0.000,0.000,0.000,0,0,0,0,0,0,0,0,0,0,0,0,0.000,0.000,0.000,0.000,0,0,0,0,43.759,174.433,0,7.500,26.300,12,580,4.100,13.000,6,281,3.400,13.300,6,299,0,0,0,0.000
1623,1979052068,1,0,1,2,283.000,278.300,0.600,3.700,10.100,3.400,0.000,0,28.200,0.000,0.000,44.100,94.100,49.900,43.700,0.000,0.000,0.000,1.400,0.700,1.400,3.500,7.700,0,0,0,0,2,2,0,0,0,0,0,0,0.000,0.000,0.000,0.000,0,0,0,0,49.454,193.129,2,44.800,32.400,12,583,22.500,16.400,6,283,22.300,16.000,6,300,2,1,1,0.000
1624,1979052068,1,0,1,2,287.800,281.300,0.300,5.500,15.100,4.900,0.000,0,20.100,0.000,0.000,3.900,89.100,50.000,38.700,0.000,0.000,0.000,2.100,0.000,0.000,0.000,0.000,0,0,0,0,0,0,0,0,0,0,0,0,0.000,0.000,0.000,0.000,0,0,0,0,55.907,209.000,0,14.400,50.000,12,583,8.100,25.700,6,283,6.300,24.300,6,300,0,0,0,0.000
1625,1979052068,1,0,1,2,387.200,379.400,0.400,6.600,16.800,5.500,0.000,0,88.500,0.000,0.000,4.400,100.200,55.300,44.300,0.000,0.000,0.000,2.200,0.000,0.000,0.000,0.000,0,0,0,0,2,2,0,0,0,0,0,0,0.000,0.000,0.000,0.000,0,0,0,0,57.399,239.672,0,15.500,57.500,12,583,8.500,29.000,6,283,7.000,28.500,6,300,0,0,0,0.000
1626,1979052068,1,0,1,2,501.700,494.000,0.500,6.500,17.500,5.800,0.000,0,49.400,0.000,0.000,77.200,169.400,89.300,79.600,0.000,0.000,0.000,2.100,1.000,2.400,6.300,13.800,0,0,0,0,2,2,0,0,0,0,0,0,0.000,0.000,0.000,0.000,0,0,0,0,60.478,285.451,2,80.300,60.400,12,588,40.700,29.900,6,287,39.600,30.500,6,301,2,1,1,0.000
1627,1979052068,1,0,1,2,380.500,372.600,0.400,6.600,18.700,6.000,0.000,0,24.100,0.000,0.000,4.800,111.700,62.600,48.500,0.000,0.000,0.000,2.500,0.000,0.000,0.000,0.000,0,0,0,0,0,0,0,0,0,0,0,0,0.000,0.000,0.000,0.000,0,0,0,0,59.276,301.138,0,18.200,61.900,12,588,10.300,31.200,6,287,7.900,30.700,6,301,0,0,0,0.000
1628,1979052068,1,0,1,2,412.300,404.000,0.500,7.000,17.000,5.600,0.000,0,94.000,0.000,0.000,4.100,107.400,59.500,47.400,0.000,0.000,0.000,2.000,0.000,0.000,0.000,0.000,0,0,0,0,2,2,0,0,0,0,0,0,0.000,0.000,0.000,0.000,0,0,0,0,60.486,319.653,0,16.800,62.600,12,588,9.300,32.000,6,287,7.500,30.600,6,301,0,0,0,0.000
1629,1979052068,1,0,1,2,504.900,497.000,0.400,6.700,17.800,6.000,0.000,0,50.100,0.000,0.000,76.600,169.300,89.900,78.900,0.000,0.000,0.000,2.300,1.000,2.500,6.200,13.900,0,0,0,0,2,2,0,0,0,0,0,0,0.000,0.000,0.000,0.000,0,0,0,0,64.827,351.575,2,80.300,59.600,12,592,41.600,29.800,6,291,38.700,29.800,6,301,2,1,1,0.000
1630,1979052068,1,0,1,2,346.300,338.600,0.400,6.500,18.300,5.800,0.000,0,25.300,0.000,0.000,4.500,106.700,57.700,48.400,0.000,0.000,0.000,2.100,0.000,0.000,0.000,0.000,0,0,0,0,0,0,0,0,0,0,0,0,0.000,0.000,0.000,0.000,0,0,0,0,65.578,349.240,0,17.200,60.600,12,592,9.200,30.000,6,291,8.000,30.600,6,301,0,0,0,0.000
1631,1979052068,1,0,1,2,406.200,398.300,0.500,6.600,18.300,6.200,0.000,0,86.900,0.000,0.000,4.600,104.900,57.300,47.000,0.000,0.000,0.000,2.100,0.000,0.000,0.000,0.000,0,0,0,0,2,2,0,0,0,0,0,0,0.000,0.000,0.000,0.000,0,0,0,0,61.046,358.071,0,16.600,60.500,12,592,9.100,30.900,6,291,7.500,29.600,6,301,0,0,0,0.000
1632,1979052068,1,0,1,2,175.900,173.100,0.200,2.300,6.500,2.000,0.000,0,8.700,0.000,0.000,47.800,40.500,24.300,15.900,0.000,0.000,0.000,0.800,0.600,1.500,2.100,7.500,0,0,0,0,0,0,0,0,0,0,0,0,0.000,0.000,0.000,0.000,0,0,0,0,58.410,324.776,0,6.500,22.100,12,592,3.600,12.200,6,291,2.900,9.900,6,301,0,0,0,0.000
1633,1979052068,1,0,1,2,173.400,170.600,0.200,2.300,6.700,2.000,0.000,0,25.100,0.000,0.000,2.100,73.800,46.900,26.700,0.000,0.000,0.000,1.200,0.000,0.000,0.000,0.000,0,0,0,0,2,2,0,0,0,0,0,0,0.000,0.000,0.000,0.000,0,0,0,0,54.070,297.024,2,42.200,19.600,12,595,28.600,9.900,6,293,13.600,9.700,6,302,2,1,1,0.000
1634,1979052068,1,0,1,2,197.500,194.300,0.200,2.800,9.700,2.900,0.000,0,45.800,0.000,0.000,2.300,41.100,22.600,18.200,0.000,0.000,0.000,1.300,0.000,0.000,0.000,0.000,0,0,0,0,2,2,0,0,0,0,0,0,0.000,0.000,0.000,0.000,0,0,0,0,50.241,278.534,0,6.500,22.800,12,595,3.600,10.500,6,293,2.900,12.300,6,302,0,0,0,0.000
1635,1979052068,1,0,1,2,142.600,139.900,0.200,2.200,6.300,2.100,0.000,0,8.400,0.000,0.000,26.100,37.800,21.500,16.100,0.000,0.000,0.000,0.800,0.500,1.000,2.000,4.900,0,0,0,0,0,0,0,0,0,0,0,0,0.000,0.000,0.000,0.000,0,0,0,0,46.328,253.580,0,6.100,20.600,12,595,3.300,10.400,6,293,2.800,10.200,6,302,0,0,0,0.000
1636,1979052068,1,0,1,2,171.600,168.600,0.200,2.500,6.200,2.100,0.000,0,18.700,0.000,0.000,1.600,77.400,48.700,28.400,0.000,0.000,0.000,0.800,0.000,0.000,0.000,0.000,0,0,0,0,2,2,0,0,0,0,0,0,0.000,0.000,0.000,0.000,0,0,0,0,44.307,238.283,2,43.900,21.400,12,602,29.400,10.700,6,297,14.500,10.700,6,305,2,1,1,0.000
1637,1979052068,1,0,1,2,196.800,193.000,0.300,3.200,7.900,2.600,0.000,0,52.500,0.000,0.000,2.200,48.700,27.500,20.900,0.000,0.000,0.000,1.100,0.000,0.000,0.000,0.000,0,0,0,0,2,2,0,0,0,0,0,0,0.000,0.000,0.000,0.000,0,0,0,0,42.668,230.132,0,8.200,27.300,12,602,4.600,13.900,6,297,3.600,13.400,6,305,0,0,0,0.000
1638,1979052068,1,0,1,2,223.700,219.800,0.300,3.300,8.900,3.000,0.000,0,12.800,0.000,0.000,37.100,55.700,30.700,24.800,0.000,0.000,0.000,1.200,0.600,1.800,3.200,6.900,0,0,0,0,0,0,0,0,0,0,0,0,0.000,0.000,0.000,0.000,0,0,0,0,41.413,228.273,0,9.200,31.000,12,602,4.700,15.400,6,297,4.500,15.600,6,305,0,0,0,0.000
1639,1979052068,1,0,1,2,214.600,211.100,0.200,2.800,8.300,2.500,0.000,0,22.300,0.000,0.000,1.900,91.300,57.600,33.300,0.000,0.000,0.000,0.900,0.000,0.000,0.000,0.000,0,0,0,0,2,2,0,0,0,0,0,0,0.000,0.000,0.000,0.000,0,0,0,0,45.461,225.182,2,53.600,24.700,12,601,36.400,12.600,6,297,17.200,12.100,6,304,2,1,1,0.000
1640,1979052068,1,0,1,2,164.600,160.700,0.300,3.200,8.100,2.400,0.000,0,11.100,0.000,0.000,2.400,46.600,26.400,19.800,0.000,0.000,0.000,1.100,0.000,0.000,0.000,0.000,0,0,0,0,0,0,0,0,0,0,0,0,0.000,0.000,0.000,0.000,0,0,0,0,43.254,213.575,0,7.700,25.500,12,601,4.200,13.300,6,297,3.500,12.200,6,304,0,0,0,0.000
1641,1979052068,1,0,1,2,178.500,176.000,0.100,2.200,6.600,2.100,0.000,0,19.500,0.000,0.000,44.300,37.100,20.700,16.300,0.000,0.000,0.000,1.000,0.500,1.100,2.200,4.500,0,0,0,0,2,2,0,0,0,0,0,0,0.000,0.000,0.000,0.000,0,0,0,0,41.498,206.811,0,5.900,20.400,12,601,3.300,9.800,6,297,2.600,10.600,6,304,0,0,0,0.000
1642,1979052068,1,0,1,2,147.600,145.100,0.200,2.100,6.000,1.800,0.000,0,16.300,0.000,0.000,1.500,65.400,41.800,23.300,0.000,0.000,0.000,0.600,0.000,0.000,0.000,0.000,0,0,0,0,2,2,0,0,0,0,0,0,0.000,0.000,0.000,0.000,0,0,0,0,40.419,195.703,2,37.600,17.100,12,600,25.900,8.300,6,296,11.700,8.800,6,304,2,1,1,0.000
1643,1979052068,1,0,1,2,116.600,113.900,0.300,2.200,5.700,1.900,0.000,0,8.700,0.000,0.000,1.600,36.800,18.700,17.900,0.000,0.000,0.000,0.900,0.000,0.000,0.000,0.000,0,0,0,0,0,0,0,0,0,0,0,0,0.000,0.000,0.000,0.000,0,0,0,0,37.877,180.979,0,7.200,19.200,12,600,3.000,8.600,6,296,4.200,10.600,6,304,0,0,0,0.000
1644,1979052068,1,0,1,2,148.500,146.000,0.200,2.100,5.900,1.900,0.000,0,17.000,0.000,0.000,28.000,35.300,19.800,15.200,0.000,0.000,0.000,0.800,0.400,1.500,1.900,4.200,0,0,0,0,2,2,0,0,0,0,0,0,0.000,0.000,0.000,0.000,0,0,0,0,37.359,174.683,0,6.100,18.800,12,600,3.000,9.500,6,296,3.100,9.300,6,304,0,0,0,0.000
1645,1979052068,1,0,1,2,152.300,138.300,12.000,1.700,5.700,2.000,0.000,0,15.600,0.000,0.000,1.400,61.800,38.500,23.000,0.000,0.000,0.000,0.800,0.000,0.000,0.000,0.000,0,0,0,0,2,2,0,0,0,0,0,0,0.000,0.000,0.000,0.000,0,0,0,0,36.161,168.134,2,34.900,16.700,12,599,23.300,8.100,6,295,11.600,8.600,6,304,2,1,1,0.000
1646,1979052068,1,0,1,2,113.000,110.500,0.200,2.100,5.900,1.900,0.000,0,8.100,0.000,0.000,1.900,35.400,19.500,15.800,0.000,0.000,0.000,1.000,0.000,0.000,0.000,0.000,0,0,0,0,0,0,0,0,0,0,0,0,0.000,0.000,0.000,0.000,0,0,0,0,34.008,157.760,0,6.000,19.500,12,599,3.300,9.500,6,295,2.700,10.000,6,304,0,0,0,0.000
1647,1979052068,1,0,1,2,188.500,185.600,0.500,2.100,6.400,2.100,0.000,0,19.000,0.000,0.000,42.900,50.900,26.200,24.600,0.000,0.000,0.000,1.000,0.500,1.200,2.200,4.300,0,0,0,0,2,2,0,0,0,0,0,0,0.000,0.000,0.000,0.000,0,0,0,0,33.610,162.771,0,11.200,19.600,12,599,8.500,9.600,6,295,2.700,10.000,6,304,0,0,0,0.000
1648,1979052068,1,0,1,2,174.700,171.800,0.100,2.400,13.600,2.100,0.000,0,9.100,0.000,0.000,3.500,67.100,49.400,17.400,0.000,0.000,0.000,1.600,0.000,0.000,0.000,0.000,0,0,0,0,0,0,0,0,0,0,0,0,0.000,0.000,0.000,0.000,0,0,0,0,34.220,164.396,0,9.700,32.000,12,599,6.600,21.200,6,295,3.100,10.800,6,304,0,0,0,0.000
1649,1979052068,1,0,1,2,280.900,276.600,0.200,3.600,9.600,3.200,0.000,0,28.500,0.000,0.000,39.700,99.300,47.100,51.900,0.000,0.000,0.000,1.200,0.600,1.500,3.400,7.300,0,0,0,0,2,2,0,0,0,0,0,0,0.000,0.000,0.000,0.000,0,0,0,0,36.701,184.593,2,41.900,40.700,12,596,21.600,14.700,6,292,20.300,26.000,6,304,2,1,1,0.000
1650,1979052068,1,0,1,2,282.200,277.200,0.300,4.300,14.200,5.300,0.000,0,53.400,0.000,0.000,3.500,76.500,41.400,34.600,0.000,0.000,0.000,1.900,0.000,0.000,0.000,0.000,0,0,0,0,2,2,0,0,0,0,0,0,0.000,0.000,0.000,0.000,0,0,0,0,40.715,201.262,0,13.900,38.000,12,596,7.300,18.500,6,292,6.600,19.500,6,304,0,0,0,0.000
1651,1979052068,1,0,1,2,311.600,305.400,0.300,5.200,12.500,5.600,0.000,0,70.900,0.000,0.000,3.200,73.000,39.300,33.200,0.000,0.000,0.000,1.500,0.000,0.000,0.000,0.000,0,0,0,0,2,2,0,0,0,0,0,0,0.000,0.000,0.000,0.000,0,0,0,0,42.872,220.007,0,12.100,40.800,12,596,6.400,20.100,6,292,5.700,20.700,6,304,0,0,0,0.000
1652,1979052068,1,0,1,2,297.000,291.300,0.300,4.700,12.800,4.200,0.000,0,17.500,0.000,0.000,51.100,77.600,42.100,35.000,0.000,0.000,0.000,1.800,0.800,1.900,4.700,10.200,0,0,0,0,0,0,0,0,0,0,0,0,0.000,0.000,0.000,0.000,0,0,0,0,42.967,232.840,0,12.300,43.100,12,596,6.500,21.100,6,292,5.800,22.000,6,304,0,0,0,0.000
1653,1979052068,1,0,1,2,499.700,491.700,0.400,6.700,17.600,6.200,0.000,0,77.800,0.000,0.000,4.800,207.700,127.300,79.800,0.000,0.000,0.000,2.400,0.000,0.000,0.000,0.000,0,0,0,0,2,2,0,0,0,0,0,0,0.000,0.000,0.000,0.000,0,0,0,0,47.437,279.435,2,119.900,58.500,12,593,80.100,28.400,6,289,39.800,30.100,6,304,2,1,1,0.000
1654,1979052068,1,0,1,2,357.900,350.000,0.400,6.600,18.600,6.200,0.000,0,24.700,0.000,0.000,4.500,114.300,59.000,54.800,0.000,0.000,0.000,2.100,0.000,0.000,0.000,0.000,0,0,0,0,0,0,0,0,0,0,0,0,0.000,0.000,0.000,0.000,0,0,0,0,52.470,292.136,0,24.500,60.300,12,593,9.700,29.800,6,289,14.800,30.500,6,304,0,0,0,0.000
1655,1979052068,1,0,1,2,568.600,559.600,0.400,7.700,17.700,9.500,0.000,0,56.400,0.000,0.000,91.300,135.900,74.800,60.300,0.000,0.000,0.000,2.700,1.200,2.900,8.400,20.800,0,0,0,0,2,2,0,0,0,0,0,0,0.000,0.000,0.000,0.000,0,0,0,0,54.906,340.280,0,24.100,68.300,12,593,12.300,34.500,6,289,11.800,33.800,6,304,0,0,0,0.000
1656,1979052068,1,0,1,2,514.300,505.700,0.400,7.200,17.500,8.600,0.000,0,54.400,0.000,0.000,4.400,220.800,126.100,94.200,0.000,0.000,0.000,2.100,0.000,0.000,0.000,0.000,0,0,0,0,2,2,0,0,0,0,0,0,0.000,0.000,0.000,0.000,0,0,0,0,57.155,370.055,2,124.000,64.100,12,585,78.800,28.700,6,284,45.200,35.400,6,301,2,1,1,0.000
1657,1979052068,1,0,1,2,471.900,463.000,0.500,7.400,17.800,69.000,0.000,0,24.600,0.000,0.000,4.500,105.100,57.000,47.600,0.000,0.000,0.000,2.300,0.000,0.000,0.000,0.000,0,0,0,0,0,0,0,0,0,0,0,0,0.000,0.000,0.000,0.000,0,0,0,0,56.047,386.785,0,16.900,60.200,12,585,9.300,29.900,6,284,7.600,30.300,6,301,0,0,0,0.000
1658,1979052068,1,0,1,2,525.000,516.500,0.500,7.100,17.400,6.000,0.000,0,50.500,0.000,0.000,158.600,105.700,57.600,47.600,0.000,0.000,0.000,2.000,1.300,2.800,7.000,14.300,0,0,0,0,2,2,0,0,0,0,0,0,0.000,0.000,0.000,0.000,0,0,0,0,57.820,410.134,0,17.600,60.200,12,585,9.500,29.800,6,284,8.100,30.400,6,301,0,0,0,0.000
1659,1979052068,1,0,1,2,438.600,431.600,0.400,5.900,15.300,5.000,0.000,0,46.000,0.000,0.000,4.000,181.200,111.300,69.300,0.000,0.000,0.000,2.000,0.000,0.000,0.000,0.000,0,0,0,0,2,2,0,0,0,0,0,0,0.000,0.000,0.000,0.000,0,0,0,0,59.779,413.998,2,104.300,51.100,12,583,69.400,25.400,6,282,34.900,25.700,6,301,2,1,1,0.000
1660,1979052068,1,0,1,2,205.500,200.800,0.300,3.900,11.000,3.500,0.000,0,14.500,0.000,0.000,2.700,63.700,35.200,28.000,0.000,0.000,0.000,1.200,0.000,0.000,0.000,0.000,0,0,0,0,0,0,0,0,0,0,0,0,0.000,0.000,0.000,0.000,0,0,0,0,55.121,375.622,0,10.100,35.500,12,583,5.500,17.800,6,282,4.600,17.700,6,301,0,0,0,0.000
1661,1979052068,1,0,1,2,361.300,355.800,0.600,4.400,17.500,3.900,0.000,0,33.200,0.000,0.000,76.900,97.100,57.600,39.000,0.000,0.000,0.000,2.300,0.900,2.700,6.200,13.800,0,0,0,0,2,2,0,0,0,0,0,0,0.000,0.000,0.000,0.000,0,0,0,0,56.647,372.054,0,16.400,55.300,12,583,8.700,30.400,6,282,7.700,24.900,6,301,0,0,0,0.000
1662,1979052068,1,0,1,2,315.400,308.400,0.400,5.800,16.400,5.300,0.000,0,22.500,0.000,0.000,4.200,98.000,54.800,42.600,0.000,0.000,0.000,2.100,0.000,0.000,0.000,0.000,0,0,0,0,0,0,0,0,0,0,0,0,0.000,0.000,0.000,0.000,0,0,0,0,56.458,360.597,0,13.400,56.900,10,484,7.500,29.100,5,234,5.900,27.800,5,250,0,0,0,0.000
1663,1979052068,1,0,1,2,407.200,401.700,0.300,4.500,17.400,4.000,0.000,0,35.700,0.000,0.000,4.500,208.700,124.200,83.900,0.000,0.000,0.000,2.200,0.000,0.000,0.000,0.000,0,0,0,0,2,2,0,0,0,0,0,0,0.000,0.000,0.000,0.000,0,0,0,0,59.436,367.995,2,116.000,60.400,12,582,76.200,29.700,6,282,39.800,30.700,6,300,2,1,1,0.000
1664,1979052068,1,0,1,2,303.500,297.700,0.300,4.800,12.100,4.300,0.000,0,35.000,0.000,0.000,52.200,73.000,39.400,33.200,0.000,0.000,0.000,1.600,0.800,1.800,4.300,8.400,0,0,0,0,2,2,0,0,0,0,0,0,0.000,0.000,0.000,0.000,0,0,0,0,60.023,355.342,0,11.600,41.600,12,582,6.300,20.200,6,282,5.300,21.400,6,300,0,0,0,0.000
1665,1979052068,1,0,1,2,195.900,191.500,0.300,3.800,10.500,3.300,0.000,0,13.900,0.000,0.000,2.700,59.900,32.700,27.000,0.000,0.000,0.000,1.400,0.000,0.000,0.000,0.000,0,0,0,0,0,0,0,0,0,0,0,0,0.000,0.000,0.000,0.000,0,0,0,0,57.463,325.850,0,8.600,34.600,10,483,4.600,16.900,5,234,4.000,17.700,5,249,0,0,0,0.000
1666,1979052068,1,0,1,2,238.800,234.800,0.300,3.400,9.200,3.100,0.000,0,26.900,0.000,0.000,2.400,103.300,62.100,40.700,0.000,0.000,0.000,1.200,0.000,0.000,0.000,0.000,0,0,0,0,2,2,0,0,0,0,0,0,0.000,0.000,0.000,0.000,0,0,0,0,59.684,309.461,2,57.100,30.100,12,582,36.900,14.700,6,282,20.200,15.400,6,300,2,1,1,0.000
1667,1979052068,1,0,1,2,270.000,265.200,0.200,4.000,10.500,4.000,0.000,0,30.800,0.000,0.000,48.400,64.100,35.800,27.800,0.000,0.000,0.000,1.500,0.600,1.500,3.900,7.300,0,0,0,0,2,2,0,0,0,0,0,0,0.000,0.000,0.000,0.000,0,0,0,0,60.227,301.494,0,10.400,35.900,12,582,5.800,18.400,6,282,4.600,17.500,6,300,0,0,0,0.000
1668,1979052068,1,0,1,2,266.100,260.900,0.300,4.400,17.500,4.000,0.000,0,16.800,0.000,0.000,4.900,88.300,55.300,32.500,0.000,0.000,0.000,2.300,0.000,0.000,0.000,0.000,0,0,0,0,0,0,0,0,0,0,0,0,0.000,0.000,0.000,0.000,0,0,0,0,58.026,294.187,0,14.300,52.000,12,582,9.000,31.400,6,282,5.300,20.600,6,300,0,0,0,0.000
1669,1979052068,1,0,1,2,414.500,407.500,0.400,5.900,15.800,5.200,0.000,0,44.700,0.000,0.000,4.000,183.300,113.400,69.300,0.000,0.000,0.000,1.900,0.000,0.000,0.000,0.000,0,0,0,0,2,2,0,0,0,0,0,0,0.000,0.000,0.000,0.000,0,0,0,0,58.723,314.584,2,105.100,52.800,12,584,70.600,26.300,6,284,34.500,26.500,6,300,2,1,1,0.000
1670,1979052068,1,0,1,2,363.900,357.000,0.600,5.600,16.200,4.600,0.000,0,19.400,0.000,0.000,65.900,103.000,55.000,47.600,0.000,0.000,0.000,2.100,0.900,2.300,5.800,11.400,0,0,0,0,0,0,0,0,0,0,0,0,0.000,0.000,0.000,0.000,0,0,0,0,56.991,322.219,0,15.800,61.100,12,584,8.500,28.700,6,284,7.300,32.400,6,300,0,0,0,0.000
1671,1979052068,1,0,1,2,239.300,234.400,0.300,4.000,10.400,3.400,0.000,0,54.500,0.000,0.000,2.600,62.300,35.000,27.100,0.000,0.000,0.000,1.300,0.000,0.000,0.000,0.000,0,0,0,0,2,2,0,0,0,0,0,0,0.000,0.000,0.000,0.000,0,0,0,0,54.599,306.411,0,9.900,35.500,12,584,5.400,18.200,6,284,4.500,17.300,6,300,0,0,0,0.000
1672,1979052068,1,0,1,2,427.500,420.600,0.300,5.800,31.100,5.200,0.000,0,45.200,0.000,0.000,4.100,181.900,110.800,70.600,0.000,0.000,0.000,2.200,0.000,0.000,0.000,0.000,0,0,0,0,2,2,0,0,0,0,0,0,0.000,0.000,0.000,0.000,0,0,0,0,55.679,326.965,2,103.100,52.800,12,587,67.600,26.600,6,286,35.500,26.200,6,301,2,1,1,0.000
1673,1979052068,1,0,1,2,382.600,375.300,0.500,6.000,16.200,5.400,0.000,0,22.100,0.000,0.000,67.100,101.200,55.400,45.300,0.000,0.000,0.000,2.200,1.000,2.400,5.900,11.300,0,0,0,0,0,0,0,0,0,0,0,0,0.000,0.000,0.000,0.000,0,0,0,0,55.629,335.665,0,16.200,57.300,12,587,8.800,29.000,6,286,7.400,28.300,6,301,0,0,0,0.000
1674,1979052068,1,0,1,2,421.900,413.900,0.500,6.600,17.500,6.100,0.000,0,85.100,0.000,0.000,4.600,126.100,77.200,48.400,0.000,0.000,0.000,2.300,0.000,0.000,0.000,0.000,0,0,0,0,2,2,0,0,0,0,0,0,0.000,0.000,0.000,0.000,0,0,0,0,57.064,349.748,0,17.200,61.400,12,587,9.200,30.800,6,286,8.000,30.600,6,301,0,0,0,0.000
1675,1979052068,1,0,1,2,389.700,383.200,0.400,5.500,14.700,4.900,0.000,0,43.300,0.000,0.000,3.700,172.500,105.500,66.500,0.000,0.000,0.000,1.900,0.000,0.000,0.000,0.000,0,0,0,0,2,2,0,0,0,0,0,0,0.000,0.000,0.000,0.000,0,0,0,0,57.178,355.769,2,97.900,49.500,12,592,64.500,24.700,6,289,33.400,24.800,6,303,2,1,1,0.000
1676,1979052068,1,0,1,2,427.900,420.400,0.400,6.300,17.600,5.800,0.000,0,23.900,0.000,0.000,88.200,108.200,58.900,48.700,0.000,0.000,0.000,2.300,1.000,2.500,6.400,12.100,0,0,0,0,0,0,0,0,0,0,0,0,0.000,0.000,0.000,0.000,0,0,0,0,56.894,367.403,0,17.500,61.500,12,592,9.300,30.800,6,289,8.200,30.700,6,303,0,0,0,0.000
1677,1979052068,1,0,1,2,272.200,266.600,0.600,4.300,11.700,3.800,0.000,0,60.900,0.000,0.000,3.500,71.900,40.000,31.500,0.000,0.000,0.000,1.900,0.000,0.000,0.000,0.000,0,0,0,0,2,2,0,0,0,0,0,0,0.000,0.000,0.000,0.000,0,0,0,0,58.011,349.258,0,11.400,40.900,12,592,6.400,21.000,6,289,5.000,19.900,6,303,0,0,0,0.000
1678,1979052068,1,0,1,2,287.700,281.200,0.300,5.500,15.300,4.800,0.000,0,19.900,0.000,0.000,3.700,89.000,49.400,39.100,0.000,0.000,0.000,1.900,0.000,0.000,0.000,0.000,0,0,0,0,0,0,0,0,0,0,0,0,0.000,0.000,0.000,0.000,0,0,0,0,59.017,337.008,0,13.700,50.600,12,592,7.400,25.800,6,289,6.300,24.800,6,303,0,0,0,0.000
1679,1979052068,1,0,1,2,456.700,449.800,0.300,5.800,15.300,5.400,0.000,0,44.500,0.000,0.000,65.000,166.000,80.300,85.200,0.000,0.000,0.000,2.000,0.900,2.300,5.400,10.600,0,0,0,0,2,2,0,0,0,0,0,0,0.000,0.000,0.000,0.000,0,0,0,0,60.418,357.310,2,87.000,52.600,12,596,37.300,26.400,6,292,49.700,26.200,6,304,2,1,1,0.000
1680,1979052068,1,0,1,2,346.700,338.900,0.400,6.500,20.500,5.900,0.000,0,24.200,0.000,0.000,4.700,109.000,60.000,48.100,0.000,0.000,0.000,2.500,0.000,0.000,0.000,0.000,0,0,0,0,0,0,0,0,0,0,0,0,0.000,0.000,0.000,0.000,0,0,0,0,60.415,353.996,0,16.600,63.700,12,596,9.100,32.800,6,292,7.500,30.900,6,304,0,0,0,0.000
1681,1979052068,1,0,1,2,437.800,429.600,0.600,6.700,18.000,6.000,0.000,0,86.400,0.000,0.000,4.800,139.200,81.000,57.400,0.000,0.000,0.000,2.200,0.000,0.000,0.000,0.000,0,0,0,0,2,2,0,0,0,0,0,0,0.000,0.000,0.000,0.000,0,0,0,0,61.780,367.605,0,26.600,82.900,12,596,9.600,51.900,6,292,17.000,31.000,6,304,0,0,0,0.000
1682,1979052068,1,0,1,2,501.100,493.200,0.400,6.700,17.700,5.800,0.000,0,50.100,0.000,0.000,73.500,171.800,91.200,80.000,0.000,0.000,0.000,2.200,1.000,2.600,6.500,12.200,0,0,0,0,2,2,0,0,0,0,0,0,0.000,0.000,0.000,0.000,0,0,0,0,65.978,390.212,2,81.300,61.400,12,598,41.700,30.700,6,293,39.600,30.700,6,305,2,1,1,0.000
1683,1979052068,1,0,1,2,407.500,399.400,0.500,6.700,18.100,5.800,0.000,0,83.100,0.000,0.000,4.600,108.700,59.900,48.300,0.000,0.000,0.000,2.200,0.000,0.000,0.000,0.000,0,0,0,0,2,2,0,0,0,0,0,0,0.000,0.000,0.000,0.000,0,0,0,0,65.262,391.866,0,17.300,61.400,12,598,9.700,30.700,6,293,7.600,30.700,6,305,0,0,0,0.000
1684,1979052068,1,0,1,2,216.100,211.200,0.300,4.100,11.400,3.600,0.000,0,14.800,0.000,0.000,3.100,67.600,37.500,29.600,0.000,0.000,0.000,1.400,0.000,0.000,0.000,0.000,0,0,0,0,0,0,0,0,0,0,0,0,0.000,0.000,0.000,0.000,0,0,0,0,60.211,359.346,0,11.000,38.500,12,598,6.200,19.600,6,293,4.800,18.900,6,305,0,0,0,0.000
1685,1979052068,1,0,1,2,446.200,439.300,0.400,5.800,15.800,5.100,0.000,0,44.700,0.000,0.000,67.400,149.200,78.300,70.400,0.000,0.000,0.000,2.000,1.000,2.400,5.700,10.500,0,0,0,0,2,2,0,0,0,0,0,0,0.000,0.000,0.000,0.000,0,0,0,0,61.847,373.738,2,70.100,52.900,12,598,35.600,25.600,6,293,34.500,27.300,6,305,2,1,1,0.000
1686,1979052068,1,0,1,2,424.900,416.800,0.400,6.800,17.500,5.900,0.000,0,86.100,0.000,0.000,4.600,127.200,78.000,48.600,0.000,0.000,0.000,2.100,0.000,0.000,0.000,0.000,0,0,0,0,2,2,0,0,0,0,0,0,0.000,0.000,0.000,0.000,0,0,0,0,61.802,381.489,0,17.200,61.600,12,598,9.300,30.800,6,293,7.900,30.800,6,305,0,0,0,0.000
1687,1979052068,1,0,1,2,516.300,508.100,0.500,7.000,17.800,5.800,0.000,0,49.500,0.000,0.000,88.700,167.900,88.400,79.000,0.000,0.000,0.000,2.200,1.100,2.800,6.200,12.200,0,0,0,0,2,2,0,0,0,0,0,0,0.000,0.000,0.000,0.000,0,0,0,0,63.674,404.279,2,80.000,59.000,12,598,40.800,29.000,6,292,39.200,30.000,6,306,2,1,1,0.000
1688,1979052068,1,0,1,2,396.200,388.400,0.500,6.500,32.600,5.200,0.000,0,82.600,0.000,0.000,4.200,98.800,53.400,44.900,0.000,0.000,0.000,2.000,0.000,0.000,0.000,0.000,0,0,0,0,2,2,0,0,0,0,0,0,0.000,0.000,0.000,0.000,0,0,0,0,63.139,401.421,0,16.000,55.800,12,598,8.500,27.300,6,292,7.500,28.500,6,306,0,0,0,0.000
1689,1979052068,1,0,1,2,233.000,228.000,0.200,4.200,11.900,3.800,0.000,0,15.900,0.000,0.000,3.000,70.200,38.400,31.400,0.000,0.000,0.000,1.500,0.000,0.000,0.000,0.000,0,0,0,0,0,0,0,0,0,0,0,0,0.000,0.000,0.000,0.000,0,0,0,0,59.838,370.205,0,11.000,39.700,12,598,6.000,19.500,6,292,5.000,20.200,6,306,0,0,0,0.000
1690,1979052068,1,0,1,2,507.700,500.300,0.400,6.100,28.500,5.600,0.000,0,47.000,0.000,0.000,77.300,159.600,84.800,74.200,0.000,0.000,0.000,3.000,1.600,3.100,7.100,12.200,0,0,0,0,2,2,0,0,0,0,0,0,0.000,0.000,0.000,0.000,0,0,0,0,61.991,393.622,2,77.300,54.500,12,596,40.500,26.300,6,291,36.800,28.200,6,305,2,1,1,0.000
1691,1979052068,1,0,1,2,424.900,416.100,0.400,7.500,17.200,5.600,0.000,0,96.000,0.000,0.000,4.300,105.000,57.100,47.300,0.000,0.000,0.000,2.200,0.000,0.000,0.000,0.000,0,0,0,0,2,2,0,0,0,0,0,0,0.000,0.000,0.000,0.000,0,0,0,0,62.191,397.668,0,16.700,60.400,12,596,9.200,30.300,6,291,7.500,30.100,6,305,0,0,0,0.000
1692,1979052068,1,0,1,2,508.600,500.600,0.400,6.800,17.700,5.900,0.000,0,50.200,0.000,0.000,75.800,173.900,87.000,86.300,0.000,0.000,0.000,2.400,1.100,2.600,6.200,12.000,0,0,0,0,2,2,0,0,0,0,0,0,0.000,0.000,0.000,0.000,0,0,0,0,64.982,416.196,2,87.600,57.100,12,592,40.600,27.600,6,288,47.000,29.500,6,304,2,1,1,0.000
1693,1979052068,1,0,1,2,342.700,335.000,0.400,6.500,18.300,5.800,0.000,0,24.600,0.000,0.000,4.500,104.900,57.100,47.300,0.000,0.000,0.000,2.400,0.000,0.000,0.000,0.000,0,0,0,0,0,0,0,0,0,0,0,0,0.000,0.000,0.000,0.000,0,0,0,0,63.563,401.581,0,17.300,59.100,12,592,9.300,29.200,6,288,8.000,29.900,6,304,0,0,0,0.000
1694,1979052068,1,0,1,2,401.900,394.000,0.500,6.600,17.900,5.900,0.000,0,87.000,0.000,0.000,4.600,103.800,56.000,47.200,0.000,0.000,0.000,2.300,0.000,0.000,0.000,0.000,0,0,0,0,2,2,0,0,0,0,0,0,0.000,0.000,0.000,0.000,0,0,0,0,64.218,400.216,0,16.400,59.400,12,592,8.900,29.400,6,288,7.500,30.000,6,304,0,0,0,0.000
1695,1979052068,1,0,1,2,426.000,418.400,0.600,6.300,14.000,5.700,0.000,0,47.700,0.000,0.000,49.700,144.100,67.600,76.000,0.000,0.000,0.000,1.900,0.700,2.000,4.900,9.400,0,0,0,0,2,2,0,0,0,0,0,0,0.000,0.000,0.000,0.000,0,0,0,0,63.405,403.489,2,69.100,49.900,12,587,30.400,21.800,6,284,38.700,28.100,6,303,2,1,1,0.000
1696,1979052068,1,0,1,2,341.600,333.700,0.400,6.700,18.000,5.700,0.000,0,24.400,0.000,0.000,4.400,105.400,57.500,47.300,0.000,0.000,0.000,2.100,0.000,0.000,0.000,0.000,0,0,0,0,0,0,0,0,0,0,0,0,0.000,0.000,0.000,0.000,0,0,0,0,60.866,390.927,0,17.400,59.400,12,587,9.600,29.300,6,284,7.800,30.100,6,303,0,0,0,0.000
1697,1979052068,1,0,1,2,403.700,395.600,0.500,6.800,17.700,5.600,0.000,0,90.100,0.000,0.000,4.300,103.200,56.700,45.900,0.000,0.000,0.000,2.100,0.000,0.000,0.000,0.000,0,0,0,0,2,2,0,0,0,0,0,0,0.000,0.000,0.000,0.000,0,0,0,0,59.468,391.768,0,16.700,58.100,12,587,9.000,29.300,6,284,7.700,28.800,6,303,0,0,0,0.000
1698,1979052068,1,0,1,2,412.800,404.900,0.400,6.600,17.600,6.100,0.000,0,23.600,0.000,0.000,74.100,105.500,57.200,47.700,0.000,0.000,0.000,2.200,1.000,2.400,6.200,12.200,0,0,0,0,0,0,0,0,0,0,0,0,0.000,0.000,0.000,0.000,0,0,0,0,59.654,394.132,0,16.500,58.400,12,587,9.000,29.400,6,284,7.500,29.000,6,303,0,0,0,0.000
1699,1979052068,1,0,1,2,476.500,467.700,0.400,7.600,18.000,5.700,0.000,0,53.000,0.000,0.000,5.200,208.100,128.700,78.700,0.000,0.000,0.000,2.700,0.000,0.000,0.000,0.000,0,0,0,0,2,2,0,0,0,0,0,0,0.000,0.000,0.000,0.000,0,0,0,0,62.146,407.374,2,118.600,60.000,12,583,80.100,29.700,6,282,38.500,30.300,6,301,2,1,1,0.000
1700,1979052068,1,0,1,2,410.200,402.100,0.400,6.900,18.000,6.000,0.000,0,23.600,0.000,0.000,73.300,104.300,56.400,47.200,0.000,0.000,0.000,2.300,1.000,2.600,6.300,12.200,0,0,0,0,0,0,0,0,0,0,0,0,0.000,0.000,0.000,0.000,0,0,0,0,60.806,406.425,0,16.400,59.800,12,583,8.700,29.600,6,282,7.700,30.200,6,301,0,0,0,0.000
1701,1979052068,1,0,1,2,391.400,383.500,0.500,6.600,16.300,6.400,0.000,0,81.900,0.000,0.000,4.500,110.400,52.700,57.200,0.000,0.000,0.000,2.100,0.000,0.000,0.000,0.000,0,0,0,0,2,2,0,0,0,0,0,0,0.000,0.000,0.000,0.000,0,0,0,0,60.859,402.298,0,19.500,59.400,12,583,8.500,26.700,6,282,11.000,32.700,6,301,0,0,0,0.000
1702,1979052068,1,0,1,2,454.000,421.100,27.000,5.100,15.900,5.200,0.000,0,53.900,0.000,0.000,4.000,184.500,115.000,68.900,0.000,0.000,0.000,1.900,0.000,0.000,0.000,0.000,0,0,0,0,2,2,0,0,0,0,0,0,0.000,0.000,0.000,0.000,0,0,0,0,61.928,405.683,2,106.000,51.700,12,581,71.500,26.000,6,281,34.500,25.700,6,300,2,1,1,0.000
1703,1979052068,1,0,1,2,407.400,400.100,0.400,6.200,16.800,5.700,0.000,0,46.700,0.000,0.000,67.200,99.800,55.100,44.100,0.000,0.000,0.000,2.000,1.000,2.700,5.900,11.100,0,0,0,0,2,2,0,0,0,0,0,0,0.000,0.000,0.000,0.000,0,0,0,0,63.579,404.678,0,15.700,56.400,12,581,8.500,28.000,6,281,7.200,28.400,6,300,0,0,0,0.000
1704,1979052068,1,0,1,2,340.200,332.200,0.400,6.800,17.400,5.900,0.000,0,24.000,0.000,0.000,4.500,106.500,58.400,47.600,0.000,0.000,0.000,2.200,0.000,0.000,0.000,0.000,0,0,0,0,0,0,0,0,0,0,0,0,0.000,0.000,0.000,0.000,0,0,0,0,61.639,391.632,0,16.800,61.300,12,581,9.300,30.400,6,281,7.500,30.900,6,300,0,0,0,0.000
1705,1979052068,1,0,1,2,475.100,467.100,0.500,6.700,17.800,5.700,0.000,0,52.100,0.000,0.000,4.700,208.600,127.200,80.800,0.000,0.000,0.000,2.300,0.000,0.000,0.000,0.000,0,0,0,0,2,2,0,0,0,0,0,0,0.000,0.000,0.000,0.000,0,0,0,0,63.342,405.216,2,119.700,59.200,12,582,79.500,28.500,6,282,40.200,30.700,6,300,2,1,1,0.000
1706,1979052068,1,0,1,2,408.400,401.000,0.400,6.300,16.400,5.300,0.000,0,47.700,0.000,0.000,67.800,99.300,54.300,44.400,0.000,0.000,0.000,2.300,1.000,2.400,6.000,11.200,0,0,0,0,2,2,0,0,0,0,0,0,0.000,0.000,0.000,0.000,0,0,0,0,63.352,404.457,0,15.400,56.700,12,582,8.200,28.200,6,282,7.200,28.500,6,300,0,0,0,0.000
1707,1979052068,1,0,1,2,290.800,285.700,0.300,4.300,11.200,3.800,0.000,0,32.300,0.000,0.000,3.000,125.600,75.200,50.000,0.000,0.000,0.000,1.500,0.000,0.000,0.000,0.000,0,0,0,0,2,2,0,0,0,0,0,0,0.000,0.000,0.000,0.000,0,0,0,0,61.777,383.081,2,70.200,36.800,12,585,44.700,18.500,6,284,25.500,18.300,6,301,2,1,1,0.000
1708,1979052068,1,0,1,2,269.800,264.500,0.400,4.400,11.400,3.800,0.000,0,59.800,0.000,0.000,3.100,71.500,39.600,31.400,0.000,0.000,0.000,1.500,0.000,0.000,0.000,0.000,0,0,0,0,2,2,0,0,0,0,0,0,0.000,0.000,0.000,0.000,0,0,0,0,59.045,361.736,0,11.000,40.900,12,585,6.000,20.700,6,284,5.000,20.200,6,301,0,0,0,0.000
1709,1979052068,1,0,1,2,405.900,399.500,0.300,5.400,12.800,6.800,0.000,0,18.200,0.000,0.000,46.600,130.400,43.400,86.500,0.000,0.000,0.000,1.800,0.700,2.000,4.500,8.700,0,0,0,0,0,0,0,0,0,0,0,0,0.000,0.000,0.000,0.000,0,0,0,0,55.833,368.534,0,12.500,92.900,12,585,6.700,22.500,6,284,5.800,70.400,6,301,0,0,0,0.000
1710,1979052068,1,0,1,2,279.700,274.800,0.300,4.000,10.700,3.700,0.000,0,32.300,0.000,0.000,3.000,120.600,72.200,48.100,0.000,0.000,0.000,1.500,0.000,0.000,0.000,0.000,0,0,0,0,2,2,0,0,0,0,0,0,0.000,0.000,0.000,0.000,0,0,0,0,54.315,351.662,2,66.300,36.200,12,588,42.500,17.900,6,287,23.800,18.300,6,301,2,1,1,0.000
1711,1979052068,1,0,1,2,370.900,363.100,0.400,6.600,18.200,5.600,0.000,0,24.800,0.000,0.000,4.300,118.400,69.600,48.200,0.000,0.000,0.000,2.100,0.000,0.000,0.000,0.000,0,0,0,0,0,0,0,0,0,0,0,0,0.000,0.000,0.000,0.000,0,0,0,0,54.708,353.721,0,17.200,61.400,12,588,9.600,30.400,6,287,7.600,31.000,6,301,0,0,0,0.000
1712,1979052068,1,0,1,2,405.300,399.200,0.400,5.100,18.100,5.700,0.000,0,38.900,0.000,0.000,75.800,106.200,57.900,47.700,0.000,0.000,0.000,2.200,0.900,2.500,6.400,12.100,0,0,0,0,2,2,0,0,0,0,0,0,0.000,0.000,0.000,0.000,0,0,0,0,56.417,361.907,0,16.200,61.200,12,588,8.400,31.200,6,287,7.800,30.000,6,301,0,0,0,0.000
1713,1979052068,1,0,1,2,487.700,479.900,0.400,6.500,17.900,5.700,0.000,0,51.800,0.000,0.000,4.800,223.900,142.700,80.600,0.000,0.000,0.000,2.200,0.000,0.000,0.000,0.000,0,0,0,0,2,2,0,0,0,0,0,0,0.000,0.000,0.000,0.000,0,0,0,0,58.664,383.146,2,134.000,60.600,12,592,93.700,30.500,6,290,40.300,30.100,6,302,2,1,1,0.000
1714,1979052068,1,0,1,2,471.700,463.700,0.400,6.600,35.600,5.800,0.000,0,52.300,0.000,0.000,75.300,108.200,59.100,48.500,0.000,0.000,0.000,2.500,1.100,2.600,6.300,12.200,0,0,0,0,2,2,0,0,0,0,0,0,0.000,0.000,0.000,0.000,0,0,0,0,61.352,397.645,0,17.300,61.500,12,592,9.000,30.900,6,290,8.300,30.600,6,302,0,0,0,0.000
1715,1979052068,1,0,1,2,342.300,336.000,0.300,5.400,13.200,4.400,0.000,0,38.100,0.000,0.000,3.900,146.100,86.900,58.900,0.000,0.000,0.000,2.000,0.000,0.000,0.000,0.000,0,0,0,0,2,2,0,0,0,0,0,0,0.000,0.000,0.000,0.000,0,0,0,0,60.299,386.549,2,79.900,44.000,12,597,50.300,22.200,6,293,29.600,21.800,6,304,2,1,1,0.000
1716,1979052068,1,0,1,2,361.100,353.300,0.400,6.600,18.600,5.600,0.000,0,24.800,0.000,0.000,4.600,109.500,60.600,48.300,0.000,0.000,0.000,2.100,0.000,0.000,0.000,0.000,0,0,0,0,0,0,0,0,0,0,0,0,0.000,0.000,0.000,0.000,0,0,0,0,59.057,380.564,0,17.700,62.900,12,597,9.400,32.500,6,293,8.300,30.400,6,304,0,0,0,0.000
1717,1979052068,1,0,1,2,456.900,449.000,0.400,6.600,17.300,6.100,0.000,0,51.800,0.000,0.000,89.300,107.500,60.100,46.800,0.000,0.000,0.000,2.400,1.000,2.500,6.200,12.600,0,0,0,0,2,2,0,0,0,0,0,0,0.000,0.000,0.000,0.000,0,0,0,0,60.109,392.883,0,16.800,61.500,12,597,9.200,32.000,6,293,7.600,29.500,6,304,0,0,0,0.000
1718,1979052068,1,0,1,2,436.100,428.300,0.400,6.500,15.800,5.100,0.000,0,51.800,0.000,0.000,3.900,192.100,122.200,69.300,0.000,0.000,0.000,1.900,0.000,0.000,0.000,0.000,0,0,0,0,2,2,0,0,0,0,0,0,0.000,0.000,0.000,0.000,0,0,0,0,61.511,399.258,2,112.600,53.600,12,602,78.200,27.500,6,297,34.400,26.100,6,305,2,1,1,0.000
1719,1979052068,1,0,1,2,380.700,372.200,0.400,7.200,12.300,4.200,0.000,0,151.400,0.000,0.000,3.300,74.700,41.500,32.800,0.000,0.000,0.000,1.600,0.000,0.000,0.000,0.000,0,0,0,0,2,2,0,0,0,0,0,0,0.000,0.000,0.000,0.000,0,0,0,0,59.943,394.387,0,12.200,42.100,12,602,6.700,21.400,6,297,5.500,20.700,6,305,0,0,0,0.000
1720,1979052068,1,0,1,2,273.000,267.500,0.300,4.700,11.500,4.000,0.000,0,32.100,0.000,0.000,41.400,68.300,37.500,30.300,0.000,0.000,0.000,1.400,0.600,1.800,3.800,7.800,0,0,0,0,2,2,0,0,0,0,0,0,0.000,0.000,0.000,0.000,0,0,0,0,57.523,371.548,0,11.100,38.300,12,602,5.900,19.100,6,297,5.200,19.200,6,305,0,0,0,0.000
1721,1979052068,1,0,1,2,344.700,336.700,0.400,6.800,17.800,6.000,0.000,0,23.700,0.000,0.000,4.400,108.000,58.500,48.800,0.000,0.000,0.000,2.300,0.000,0.000,0.000,0.000,0,0,0,0,0,0,0,0,0,0,0,0,0.000,0.000,0.000,0.000,0,0,0,0,56.223,365.275,0,16.500,62.700,12,602,9.100,31.500,6,297,7.400,31.200,6,305,0,0,0,0.000
1722,1979052068,1,0,1,2,374.100,367.800,0.400,5.300,14.800,4.400,0.000,0,39.800,0.000,0.000,3.400,163.200,100.900,61.700,0.000,0.000,0.000,1.700,0.000,0.000,0.000,0.000,0,0,0,0,2,2,0,0,0,0,0,0,0.000,0.000,0.000,0.000,0,0,0,0,58.865,365.730,2,94.200,45.900,12,602,63.700,22.300,6,297,30.500,23.600,6,305,2,1,1,0.000
1723,1979052068,1,0,1,2,661.400,649.900,0.500,9.800,27.500,9.300,0.000,0,82.700,0.000,0.000,102.600,137.900,74.600,62.600,0.000,0.000,0.000,3.500,1.400,3.900,9.800,22.000,0,0,0,0,2,2,0,0,0,0,0,0,0.000,0.000,0.000,0.000,0,0,0,0,61.823,416.880,0,25.700,70.600,12,602,13.700,35.100,6,297,12.000,35.500,6,305,0,0,0,0.000
1724,1979052068,1,0,1,2,226.300,221.200,0.200,4.300,12.100,3.800,0.000,0,16.000,0.000,0.000,3.400,71.900,39.700,31.900,0.000,0.000,0.000,1.800,0.000,0.000,0.000,0.000,0,0,0,0,0,0,0,0,0,0,0,0,0.000,0.000,0.000,0.000,0,0,0,0,57.679,381.658,0,11.200,40.900,12,602,6.300,20.400,6,297,4.900,20.500,6,305,0,0,0,0.000
1725,1979052068,1,0,1,2,274.300,269.800,0.200,3.800,9.900,3.300,0.000,0,29.800,0.000,0.000,2.900,113.000,68.300,44.200,0.000,0.000,0.000,1.200,0.000,0.000,0.000,0.000,0,0,0,0,2,2,0,0,0,0,0,0,0.000,0.000,0.000,0.000,0,0,0,0,55.433,361.523,2,63.500,32.700,12,602,41.200,16.100,6,297,22.300,16.600,6,305,2,1,1,0.000
1726,1979052068,1,0,1,2,301.100,295.600,0.300,4.600,17.200,4.300,0.000,0,16.600,0.000,0.000,51.600,74.800,41.300,33.200,0.000,0.000,0.000,1.700,0.900,2.300,4.300,8.400,0,0,0,0,0,0,0,0,0,0,0,0,0.000,0.000,0.000,0.000,0,0,0,0,54.131,349.657,0,12.000,42.000,12,602,6.600,20.900,6,297,5.400,21.100,6,305,0,0,0,0.000
1727,1979052068,1,0,1,2,318.200,311.900,0.300,5.300,12.900,4.300,0.000,0,61.700,0.000,0.000,3.300,76.100,41.600,34.100,0.000,0.000,0.000,1.800,0.000,0.000,0.000,0.000,0,0,0,0,2,2,0,0,0,0,0,0,0.000,0.000,0.000,0.000,0,0,0,0,55.925,342.861,0,12.200,43.300,12,602,6.700,21.500,6,297,5.500,21.800,6,305,0,0,0,0.000
1728,1979052068,1,0,1,2,299.700,295.000,0.300,3.900,13.400,3.500,0.000,0,31.000,0.000,0.000,2.700,124.400,77.800,46.200,0.000,0.000,0.000,1.300,0.000,0.000,0.000,0.000,0,0,0,0,2,2,0,0,0,0,0,0,0.000,0.000,0.000,0.000,0,0,0,0,57.487,334.246,2,71.400,34.400,12,599,48.400,17.000,6,295,23.000,17.400,6,304,2,1,1,0.000
1729,1979052068,1,0,1,2,212.900,207.800,0.300,4.400,8.100,2.900,0.000,0,16.400,0.000,0.000,33.900,49.000,27.100,21.500,0.000,0.000,0.000,1.000,0.600,1.300,2.800,5.300,0,0,0,0,0,0,0,0,0,0,0,0,0.000,0.000,0.000,0.000,0,0,0,0,52.845,311.486,0,8.300,26.200,12,599,4.300,12.900,6,295,4.000,13.300,6,304,0,0,0,0.000
1730,1979052068,1,0,1,2,382.100,377.500,0.300,3.900,17.400,5.900,0.000,0,68.300,0.000,0.000,4.500,104.100,55.700,47.800,0.000,0.000,0.000,2.100,0.000,0.000,0.000,0.000,0,0,0,0,2,2,0,0,0,0,0,0,0.000,0.000,0.000,0.000,0,0,0,0,53.881,323.368,0,16.700,59.900,12,599,8.900,29.500,6,295,7.800,30.400,6,304,0,0,0,0.000
1731,1979052068,1,0,1,2,324.400,321.200,0.200,2.500,17.200,2.500,0.000,0,20.300,0.000,0.000,4.400,187.500,117.500,69.600,0.000,0.000,0.000,2.100,0.000,0.000,0.000,0.000,0,0,0,0,2,2,0,0,0,0,0,0,0.000,0.000,0.000,0.000,0,0,0,0,55.396,322.978,2,109.700,54.900,12,595,70.300,28.900,6,292,39.400,26.000,6,303,2,1,1,0.000
1732,1979052068,1,0,1,2,177.900,174.900,0.200,2.600,7.000,2.200,0.000,0,28.800,0.000,0.000,29.900,39.600,22.700,16.700,0.000,0.000,0.000,0.900,0.300,1.000,2.200,4.300,0,0,0,0,2,2,0,0,0,0,0,0,0.000,0.000,0.000,0.000,0,0,0,0,58.691,296.324,0,6.500,20.900,12,595,3.600,10.500,6,292,2.900,10.400,6,303,0,0,0,0.000
1733,1979052068,1,0,1,2,246.800,242.600,0.200,3.500,9.300,3.000,0.000,0,27.700,0.000,0.000,2.500,109.400,68.200,40.800,0.000,0.000,0.000,1.100,0.000,0.000,0.000,0.000,0,0,0,0,2,2,0,0,0,0,0,0,0.000,0.000,0.000,0.000,0,0,0,0,59.719,286.654,2,63.400,29.900,12,588,43.000,14.600,6,287,20.400,15.300,6,301,2,1,1,0.000
1734,1979052068,1,0,1,2,294.500,291.100,0.100,2.800,8.200,2.100,0.000,0,21.100,0.000,0.000,51.500,97.900,81.700,16.000,0.000,0.000,0.000,1.300,0.600,1.500,2.500,4.800,0,0,0,0,2,2,0,0,0,0,0,0,0.000,0.000,0.000,0.000,0,0,0,0,58.059,287.454,0,7.900,78.100,12,588,5.000,68.100,6,287,2.900,10.000,6,301,0,0,0,0.000
1735,1979052068,1,0,1,2,178.300,175.300,0.200,2.400,7.200,2.700,0.000,0,20.400,0.000,0.000,1.800,77.200,49.400,27.700,0.000,0.000,0.000,0.900,0.000,0.000,0.000,0.000,0,0,0,0,2,2,0,0,0,0,0,0,0.000,0.000,0.000,0.000,0,0,0,0,54.683,267.266,2,44.300,20.300,12,581,30.300,10.000,6,282,14.000,10.300,6,299,2,1,1,0.000
1736,1979052068,1,0,1,2,162.900,159.800,0.300,2.600,6.200,2.100,0.000,0,17.900,0.000,0.000,27.300,46.900,31.200,15.400,0.000,0.000,0.000,0.800,0.400,0.900,1.900,3.900,0,0,0,0,2,2,0,0,0,0,0,0,0.000,0.000,0.000,0.000,0,0,0,0,53.696,247.922,0,5.900,18.600,12,581,3.200,9.100,6,282,2.700,9.500,6,299,0,0,0,0.000
1737,1979052068,1,0,1,2,175.600,172.600,0.200,2.600,6.800,2.200,0.000,0,19.800,0.000,0.000,1.800,75.900,47.200,28.600,0.000,0.000,0.000,1.000,0.000,0.000,0.000,0.000,0,0,0,0,2,2,0,0,0,0,0,0,0.000,0.000,0.000,0.000,0,0,0,0,50.421,234.364,2,43.000,21.200,12,578,28.700,10.300,6,280,14.300,10.900,6,298,2,1,1,0.000
1738,1979052068,1,0,1,2,167.300,164.200,0.200,2.600,7.600,2.200,0.000,0,10.100,0.000,0.000,30.200,43.200,24.500,18.500,0.000,0.000,0.000,0.900,0.600,1.200,2.400,4.700,0,0,0,0,0,0,0,0,0,0,0,0,0.000,0.000,0.000,0.000,0,0,0,0,47.213,221.735,0,7.000,23.600,12,578,3.900,11.800,6,280,3.100,11.800,6,298,0,0,0,0.000
1739,1979052068,1,0,1,2,162.200,159.500,0.200,2.200,6.500,2.000,0.000,0,19.100,0.000,0.000,2.000,70.300,45.000,25.100,0.000,0.000,0.000,1.000,0.000,0.000,0.000,0.000,0,0,0,0,2,2,0,0,0,0,0,0,0.000,0.000,0.000,0.000,0,0,0,0,44.763,210.532,2,40.200,19.100,12,574,27.600,9.800,6,278,12.600,9.300,6,296,2,1,1,0.000
1740,1979052068,1,0,1,2,180.700,177.300,0.200,2.800,7.700,2.400,0.000,0,10.700,0.000,0.000,34.000,46.900,26.800,19.800,0.000,0.000,0.000,1.000,0.500,1.300,2.600,4.900,0,0,0,0,0,0,0,0,0,0,0,0,0.000,0.000,0.000,0.000,0,0,0,0,43.257,204.551,0,8.100,24.900,12,574,4.300,12.800,6,278,3.800,12.100,6,296,0,0,0,0.000
1741,1979052068,1,0,1,2,216.500,211.000,0.400,4.600,8.700,2.500,0.000,0,52.500,0.000,0.000,2.000,46.700,26.200,20.200,0.000,0.000,0.000,1.000,0.000,0.000,0.000,0.000,0,0,0,0,2,2,0,0,0,0,0,0,0.000,0.000,0.000,0.000,0,0,0,0,41.987,205.712,0,7.900,25.900,12,574,4.500,13.000,6,278,3.400,12.900,6,296,0,0,0,0.000
1742,1979052068,1,0,1,2,236.300,233.400,0.200,2.400,6.600,3.000,0.000,0,32.000,0.000,0.000,1.900,108.100,74.600,33.300,0.000,0.000,0.000,0.800,0.000,0.000,0.000,0.000,0,0,0,0,2,2,0,0,0,0,0,0,0.000,0.000,0.000,0.000,0,0,0,0,41.467,210.695,2,55.100,22.800,12,577,38.300,11.100,6,280,16.800,11.700,6,297,2,1,1,0.000
1743,1979052068,1,0,1,2,183.900,180.500,0.200,2.800,7.700,2.900,0.000,0,21.900,0.000,0.000,31.100,44.500,24.900,19.400,0.000,0.000,0.000,0.900,0.500,1.100,2.500,4.900,0,0,0,0,2,2,0,0,0,0,0,0,0.000,0.000,0.000,0.000,0,0,0,0,40.447,205.260,0,7.800,24.300,12,577,4.400,12.000,6,280,3.400,12.300,6,297,0,0,0,0.000
1744,1979052068,1,0,1,2,132.000,129.100,0.100,2.500,7.000,2.200,0.000,0,9.700,0.000,0.000,1.800,41.300,23.500,17.600,0.000,0.000,0.000,1.000,0.000,0.000,0.000,0.000,0,0,0,0,0,0,0,0,0,0,0,0,0.000,0.000,0.000,0.000,0,0,0,0,38.531,191.551,0,6.900,22.200,12,577,3.900,11.100,6,280,3.000,11.100,6,297,0,0,0,0.000
1745,1979052068,1,0,1,2,183.200,180.300,0.200,2.300,6.400,2.100,0.000,0,18.600,0.000,0.000,1.700,74.200,46.900,26.800,0.000,0.000,0.000,0.800,0.000,0.000,0.000,0.000,0,0,0,0,2,2,0,0,0,0,0,0,0.000,0.000,0.000,0.000,0,0,0,0,37.985,189.526,2,41.900,20.300,12,579,28.400,10.200,6,282,13.500,10.100,6,297,2,1,1,0.000
1746,1979052068,1,0,1,2,138.700,136.300,0.200,2.100,6.000,2.000,0.000,0,16.000,0.000,0.000,26.100,32.900,18.800,13.800,0.000,0.000,0.000,0.800,0.500,0.800,1.700,3.900,0,0,0,0,2,2,0,0,0,0,0,0,0.000,0.000,0.000,0.000,0,0,0,0,37.160,179.945,0,5.500,17.500,12,579,3.100,8.800,6,282,2.400,8.700,6,297,0,0,0,0.000
1747,1979052068,1,0,1,2,155.400,152.800,0.200,2.100,13.600,2.000,0.000,0,32.200,0.000,0.000,1.500,32.700,18.800,13.700,0.000,0.000,0.000,0.800,0.000,0.000,0.000,0.000,0,0,0,0,2,2,0,0,0,0,0,0,0.000,0.000,0.000,0.000,0,0,0,0,41.595,175.059,0,5.800,17.300,12,579,3.300,8.700,6,282,2.500,8.600,6,297,0,0,0,0.000
1748,1979052068,1,0,1,2,265.900,261.400,0.200,3.800,9.700,3.400,0.000,0,28.100,0.000,0.000,2.500,117.200,72.800,44.000,0.000,0.000,0.000,1.300,0.000,0.000,0.000,0.000,0,0,0,0,2,2,0,0,0,0,0,0,0.000,0.000,0.000,0.000,0,0,0,0,42.100,190.601,2,62.900,33.300,12,583,41.000,16.700,6,285,21.900,16.600,6,298,2,1,1,0.000
1749,1979052068,1,0,1,2,554.600,548.600,0.300,5.000,15.000,9.600,0.000,0,18.200,0.000,0.000,108.000,152.600,82.300,69.600,0.000,0.000,0.000,2.900,1.300,4.500,6.800,18.000,0,0,0,0,0,0,0,0,0,0,0,0,0.000,0.000,0.000,0.000,0,0,0,0,44.728,255.040,0,29.700,75.400,12,583,16.300,37.500,6,285,13.400,37.900,6,298,0,0,0,0.000
1750,1979052068,1,0,1,2,248.900,243.200,0.300,4.800,10.700,3.500,0.000,0,55.800,0.000,0.000,2.700,65.200,36.100,28.800,0.000,0.000,0.000,1.400,0.000,0.000,0.000,0.000,0,0,0,0,2,2,0,0,0,0,0,0,0.000,0.000,0.000,0.000,0,0,0,0,47.297,252.909,0,10.500,36.500,12,583,5.700,18.200,6,285,4.800,18.300,6,298,0,0,0,0.000
1751,1979052068,1,0,1,2,263.600,257.800,0.400,4.800,13.800,4.200,0.000,0,16.400,0.000,0.000,3.800,81.800,45.800,35.400,0.000,0.000,0.000,1.800,0.000,0.000,0.000,0.000,0,0,0,0,0,0,0,0,0,0,0,0,0.000,0.000,0.000,0.000,0,0,0,0,48.539,253.790,0,14.200,42.700,12,583,7.900,21.500,6,285,6.300,21.200,6,298,0,0,0,0.000
1752,1979052068,1,0,1,2,422.800,416.400,0.400,5.400,14.800,5.000,0.000,0,40.800,0.000,0.000,66.500,144.300,78.600,65.200,0.000,0.000,0.000,2.000,1.100,2.100,5.200,11.600,0,0,0,0,2,2,0,0,0,0,0,0,0.000,0.000,0.000,0.000,0,0,0,0,52.924,283.059,2,70.900,49.000,12,589,38.600,24.300,6,289,32.300,24.700,6,300,2,1,1,0.000
1753,1979052068,1,0,1,2,430.000,421.700,0.500,7.100,18.600,5.700,0.000,0,83.500,0.000,0.000,4.400,107.100,59.800,46.700,0.000,0.000,0.000,2.300,0.000,0.000,0.000,0.000,0,0,0,0,2,2,0,0,0,0,0,0,0.000,0.000,0.000,0.000,0,0,0,0,54.666,308.015,0,17.400,61.400,12,589,9.900,31.700,6,289,7.500,29.700,6,300,0,0,0,0.000
1754,1979052068,1,0,1,2,345.300,338.600,0.400,5.600,15.100,5.100,0.000,0,79.600,0.000,0.000,3.900,89.700,50.200,39.000,0.000,0.000,0.000,1.700,0.000,0.000,0.000,0.000,0,0,0,0,2,2,0,0,0,0,0,0,0.000,0.000,0.000,0.000,0,0,0,0,55.428,313.520,0,13.800,51.700,12,589,7.500,26.800,6,289,6.300,24.900,6,300,0,0,0,0.000
1755,1979052068,1,0,1,2,512.400,504.300,0.400,6.900,17.800,5.700,0.000,0,49.700,0.000,0.000,76.500,177.100,96.100,79.800,0.000,0.000,0.000,2.400,1.000,2.600,6.600,14.000,0,0,0,0,2,2,0,0,0,0,0,0,0.000,0.000,0.000,0.000,0,0,0,0,59.545,347.860,2,86.300,60.700,12,594,46.800,30.400,6,293,39.500,30.300,6,301,2,1,1,0.000
1756,1979052068,1,0,1,2,153.500,149.700,0.100,3.400,6.200,2.700,0.000,0,33.200,0.000,0.000,1.700,37.300,21.500,15.700,0.000,0.000,0.000,0.800,0.000,0.000,0.000,0.000,0,0,0,0,2,2,0,0,0,0,0,0,0.000,0.000,0.000,0.000,0,0,0,0,55.307,312.192,0,6.400,19.900,12,594,3.800,10.000,6,293,2.600,9.900,6,301,0,0,0,0.000
1757,1979052068,1,0,1,2,280.200,252.000,23.100,4.400,13.500,4.500,0.000,0,18.000,0.000,0.000,3.400,80.800,44.700,35.600,0.000,0.000,0.000,1.600,0.000,0.000,0.000,0.000,0,0,0,0,0,0,0,0,0,0,0,0,0.000,0.000,0.000,0.000,0,0,0,0,53.380,301.357,0,13.100,45.500,12,594,7.300,22.900,6,293,5.800,22.600,6,301,0,0,0,0.000
1758,1979052068,1,0,1,2,412.000,405.200,0.400,5.800,14.400,4.800,0.000,0,40.700,0.000,0.000,54.700,139.300,73.100,65.800,0.000,0.000,0.000,2.000,0.900,2.400,5.500,11.600,0,0,0,0,2,2,0,0,0,0,0,0,0.000,0.000,0.000,0.000,0,0,0,0,56.803,320.049,2,65.200,49.000,12,598,33.000,23.900,6,295,32.200,25.100,6,303,2,1,1,0.000
1759,1979052068,1,0,1,2,363.800,354.900,0.400,7.600,18.100,5.700,0.000,0,24.200,0.000,0.000,4.600,120.000,68.500,50.700,0.000,0.000,0.000,2.300,0.000,0.000,0.000,0.000,0,0,0,0,0,0,0,0,0,0,0,0,0.000,0.000,0.000,0.000,0,0,0,0,56.263,326.322,0,18.000,64.500,12,598,9.200,33.100,6,295,8.800,31.400,6,303,0,0,0,0.000
1760,1979052068,1,0,1,2,405.800,397.300,0.600,7.000,17.400,5.900,0.000,0,84.700,0.000,0.000,4.600,108.100,60.200,47.400,0.000,0.000,0.000,2.200,0.000,0.000,0.000,0.000,0,0,0,0,2,2,0,0,0,0,0,0,0.000,0.000,0.000,0.000,0,0,0,0,63.433,339.098,0,16.900,62.300,12,598,9.400,31.800,6,295,7.500,30.500,6,303,0,0,0,0.000
1761,1979052068,1,0,1,2,514.700,506.700,0.400,6.700,17.900,6.000,0.000,0,49.700,0.000,0.000,64.700,191.200,89.100,101.500,0.000,0.000,0.000,2.300,1.100,2.800,6.100,13.600,0,0,0,0,2,2,0,0,0,0,0,0,0.000,0.000,0.000,0.000,0,0,0,0,64.939,369.266,2,101.200,59.000,12,597,40.400,28.800,6,294,60.800,30.200,6,303,2,1,1,0.000
1762,1979052068,1,0,1,2,284.300,278.200,0.400,5.100,13.900,4.400,0.000,0,17.900,0.000,0.000,3.400,91.300,46.500,44.400,0.000,0.000,0.000,1.800,0.000,0.000,0.000,0.000,0,0,0,0,0,0,0,0,0,0,0,0,0.000,0.000,0.000,0.000,0,0,0,0,63.114,352.874,0,16.000,50.200,12,597,7.400,23.000,6,294,8.600,27.200,6,303,0,0,0,0.000
1763,1979052068,1,0,1,2,369.700,362.300,0.400,6.200,15.500,5.100,0.000,0,91.200,0.000,0.000,4.000,93.800,51.800,41.500,0.000,0.000,0.000,2.000,0.000,0.000,0.000,0.000,0,0,0,0,2,2,0,0,0,0,0,0,0.000,0.000,0.000,0.000,0,0,0,0,61.546,354.571,0,14.600,53.200,12,597,8.000,26.900,6,294,6.600,26.300,6,303,0,0,0,0.000
1764,1979052068,1,0,1,2,446.800,439.800,0.400,5.900,15.800,5.200,0.000,0,42.900,0.000,0.000,60.500,148.800,78.200,70.200,0.000,0.000,0.000,2.100,1.000,2.400,5.200,12.500,0,0,0,0,2,2,0,0,0,0,0,0,0.000,0.000,0.000,0.000,0,0,0,0,62.834,369.912,2,70.700,51.400,12,597,35.800,25.000,6,294,34.900,26.400,6,303,2,1,1,0.000
1765,1979052068,1,0,1,2,165.100,161.000,0.200,3.500,8.700,2.900,0.000,0,11.000,0.000,0.000,2.300,52.100,29.000,22.700,0.000,0.000,0.000,1.100,0.000,0.000,0.000,0.000,0,0,0,0,0,0,0,0,0,0,0,0,0.000,0.000,0.000,0.000,0,0,0,0,57.661,332.308,0,8.600,28.500,12,597,4.900,14.000,6,294,3.700,14.500,6,303,0,0,0,0.000
1766,1979052068,1,0,1,2,194.200,189.800,0.200,3.700,8.600,2.800,0.000,0,39.900,0.000,0.000,2.200,51.500,29.300,22.000,0.000,0.000,0.000,1.100,0.000,0.000,0.000,0.000,0,0,0,0,2,2,0,0,0,0,0,0,0.000,0.000,0.000,0.000,0,0,0,0,54.284,306.657,0,8.400,28.000,12,597,4.700,14.200,6,294,3.700,13.800,6,303,0,0,0,0.000
1767,1979052068,1,0,1,2,196.900,193.000,0.200,3.300,8.400,2.800,0.000,0,10.600,0.000,0.000,35.300,51.500,28.900,22.200,0.000,0.000,0.000,1.100,0.800,1.400,2.900,6.400,0,0,0,0,0,0,0,0,0,0,0,0,0.000,0.000,0.000,0.000,0,0,0,0,50.633,286.198,0,8.200,27.600,12,597,4.400,13.800,6,294,3.800,13.800,6,303,0,0,0,0.000
1768,1979052068,1,0,1,2,494.000,485.000,0.400,7.700,19.000,6.400,0.000,0,55.000,0.000,0.000,5.100,209.100,121.500,87.100,0.000,0.000,0.000,2.600,0.000,0.000,0.000,0.000,0,0,0,0,2,2,0,0,0,0,0,0,0.000,0.000,0.000,0.000,0,0,0,0,54.821,321.983,2,112.900,63.100,12,595,70.400,30.400,6,293,42.500,32.700,6,302,2,1,1,0.000
1769,1979052068,1,0,1,2,427.500,419.100,0.600,7.000,18.000,6.100,0.000,0,50.100,0.000,0.000,63.200,105.800,57.200,48.000,0.000,0.000,0.000,2.300,1.100,2.400,6.300,14.000,0,0,0,0,2,2,0,0,0,0,0,0,0.000,0.000,0.000,0.000,0,0,0,0,57.643,339.464,0,17.000,58.900,12,595,9.200,28.900,6,293,7.800,30.000,6,302,0,0,0,0.000
1770,1979052068,1,0,1,2,498.500,490.000,0.400,7.200,17.200,6.100,0.000,0,52.300,0.000,0.000,4.500,232.500,151.900,80.100,0.000,0.000,0.000,2.200,0.000,0.000,0.000,0.000,0,0,0,0,2,2,0,0,0,0,0,0,0.000,0.000,0.000,0.000,0,0,0,0,59.418,366.560,2,145.100,57.100,12,590,104.000,27.800,6,289,41.100,29.300,6,301,2,1,1,0.000
1771,1979052068,1,0,1,2,421.500,412.900,0.400,7.200,18.300,6.100,0.000,0,83.400,0.000,0.000,4.500,106.900,58.800,47.600,0.000,0.000,0.000,2.200,0.000,0.000,0.000,0.000,0,0,0,0,2,2,0,0,0,0,0,0,0.000,0.000,0.000,0.000,0,0,0,0,60.386,374.901,0,16.700,60.800,12,590,9.100,30.800,6,289,7.600,30.000,6,301,0,0,0,0.000
1772,1979052068,1,0,1,2,319.600,314.500,0.300,4.400,15.400,5.200,0.000,0,14.000,0.000,0.000,58.100,93.100,50.800,41.800,0.000,0.000,0.000,1.900,1.100,2.500,5.600,12.200,0,0,0,0,0,0,0,0,0,0,0,0,0.000,0.000,0.000,0.000,0,0,0,0,59.129,364.029,0,14.500,52.100,12,590,7.800,25.900,6,289,6.700,26.200,6,301,0,0,0,0.000
1773,1979052068,1,0,1,2,332.300,326.300,0.300,5.000,12.600,4.300,0.000,0,36.100,0.000,0.000,3.300,141.700,83.400,58.000,0.000,0.000,0.000,1.600,0.000,0.000,0.000,0.000,0,0,0,0,2,2,0,0,0,0,0,0,0.000,0.000,0.000,0.000,0,0,0,0,58.098,357.238,2,77.400,42.900,12,585,48.800,20.700,6,285,28.600,22.200,6,300,2,1,1,0.000
1774,1979052068,1,0,1,2,225.100,219.800,0.300,4.500,12.500,3.800,0.000,0,15.100,0.000,0.000,3.000,70.500,38.800,31.200,0.000,0.000,0.000,1.500,0.000,0.000,0.000,0.000,0,0,0,0,0,0,0,0,0,0,0,0,0.000,0.000,0.000,0.000,0,0,0,0,61.698,332.499,0,11.100,39.500,12,585,6.000,19.600,6,285,5.100,19.900,6,300,0,0,0,0.000
1775,1979052068,1,0,1,2,454.700,446.900,0.400,6.600,16.400,5.300,0.000,0,46.800,0.000,0.000,60.700,154.800,80.700,73.200,0.000,0.000,0.000,2.000,0.900,2.400,5.800,13.100,0,0,0,0,2,2,0,0,0,0,0,0,0.000,0.000,0.000,0.000,0,0,0,0,62.922,353.091,2,72.000,54.200,12,580,36.300,26.200,6,282,35.700,28.000,6,298,2,1,1,0.000
1776,1979052068,1,0,1,2,341.000,332.800,0.400,6.800,17.500,5.800,0.000,0,22.700,0.000,0.000,4.600,107.300,58.100,48.600,0.000,0.000,0.000,2.400,0.000,0.000,0.000,0.000,0,0,0,0,0,0,0,0,0,0,0,0,0.000,0.000,0.000,0.000,0,0,0,0,61.460,349.439,0,17.600,60.000,12,580,9.300,29.700,6,282,8.300,30.300,6,298,0,0,0,0.000
1777,1979052068,1,0,1,2,430.500,421.800,0.500,7.200,17.800,6.000,0.000,0,93.800,0.000,0.000,4.900,108.000,59.600,47.800,0.000,0.000,0.000,2.300,0.000,0.000,0.000,0.000,0,0,0,0,2,2,0,0,0,0,0,0,0.000,0.000,0.000,0.000,0,0,0,0,62.494,362.464,0,17.500,60.900,12,580,9.600,30.800,6,282,7.900,30.100,6,298,0,0,0,0.000
1778,1979052068,1,0,1,2,446.600,439.000,0.400,6.500,15.500,5.300,0.000,0,46.800,0.000,0.000,56.200,161.300,92.100,68.700,0.000,0.000,0.000,1.900,1.000,2.300,5.500,11.800,0,0,0,0,2,2,0,0,0,0,0,0,0.000,0.000,0.000,0.000,0,0,0,0,62.585,376.240,2,68.500,66.300,12,578,34.400,40.200,6,281,34.100,26.100,6,297,2,1,1,0.000
1779,1979052068,1,0,1,2,332.100,324.700,0.400,6.300,23.500,5.600,0.000,0,21.600,0.000,0.000,4.500,100.500,55.100,44.800,0.000,0.000,0.000,2.200,0.000,0.000,0.000,0.000,0,0,0,0,0,0,0,0,0,0,0,0,0.000,0.000,0.000,0.000,0,0,0,0,62.209,366.963,0,16.100,55.700,12,578,8.700,27.200,6,281,7.400,28.500,6,297,0,0,0,0.000
1780,1979052068,1,0,1,2,507.700,499.500,0.500,6.800,18.700,5.600,0.000,0,49.400,0.000,0.000,68.600,175.900,96.200,79.100,0.000,0.000,0.000,2.500,1.000,3.100,6.600,14.900,0,0,0,0,2,2,0,0,0,0,0,0,0.000,0.000,0.000,0.000,0,0,0,0,64.818,390.820,2,83.600,61.200,12,577,43.900,31.900,6,280,39.700,29.300,6,297,2,1,1,0.000
1781,1979052068,1,0,1,2,378.500,370.400,0.500,6.700,16.500,5.500,0.000,0,80.700,0.000,0.000,4.500,99.800,55.000,44.300,0.000,0.000,0.000,2.300,0.000,0.000,0.000,0.000,0,0,0,0,2,2,0,0,0,0,0,0,0.000,0.000,0.000,0.000,0,0,0,0,65.967,387.144,0,16.000,57.000,12,577,8.800,28.800,6,280,7.200,28.200,6,297,0,0,0,0.000
1782,1979052068,1,0,1,2,311.700,305.600,0.300,5.200,12.700,4.300,0.000,0,67.500,0.000,0.000,3.400,77.500,42.800,34.300,0.000,0.000,0.000,1.600,0.000,0.000,0.000,0.000,0,0,0,0,2,2,0,0,0,0,0,0,0.000,0.000,0.000,0.000,0,0,0,0,62.841,372.466,0,12.700,43.600,12,577,7.200,21.600,6,280,5.500,22.000,6,297,0,0,0,0.000
1783,1979052068,1,0,1,2,343.800,337.400,0.400,5.400,14.300,4.800,0.000,0,33.800,0.000,0.000,53.000,87.500,48.000,39.000,0.000,0.000,0.000,1.900,0.800,2.300,5.400,11.500,0,0,0,0,0,0,0,0,0,0,0,0,0.000,0.000,0.000,0.000,0,0,0,0,59.629,366.154,0,13.900,48.500,12,577,7.600,23.900,6,280,6.300,24.600,6,297,0,0,0,0.000
1784,1979052068,1,0,1,2,375.400,368.700,0.300,5.600,14.300,5.000,0.000,0,41.600,0.000,0.000,3.800,159.700,95.000,64.400,0.000,0.000,0.000,1.700,0.000,0.000,0.000,0.000,0,0,0,0,2,2,0,0,0,0,0,0,0.000,0.000,0.000,0.000,0,0,0,0,60.974,366.613,2,87.700,47.400,12,579,55.200,23.400,6,281,32.500,24.000,6,298,2,1,1,0.000
1785,1979052068,1,0,1,2,430.800,422.700,0.400,6.900,17.400,5.700,0.000,0,49.100,0.000,0.000,65.200,109.100,60.300,48.200,0.000,0.000,0.000,2.300,1.000,2.800,6.200,14.100,0,0,0,0,2,2,0,0,0,0,0,0,0.000,0.000,0.000,0.000,0,0,0,0,62.023,376.708,0,16.600,62.200,12,579,9.100,31.300,6,281,7.500,30.900,6,298,0,0,0,0.000
1786,1979052068,1,0,1,2,485.500,473.800,0.400,10.200,17.900,6.200,0.000,0,60.900,0.000,0.000,4.800,201.800,119.900,81.300,0.000,0.000,0.000,2.300,0.000,0.000,0.000,0.000,0,0,0,0,2,2,0,0,0,0,0,0,0.000,0.000,0.000,0.000,0,0,0,0,64.215,394.185,2,110.000,60.800,12,583,69.400,30.300,6,284,40.600,30.500,6,299,2,1,1,0.000
1787,1979052068,1,0,1,2,430.700,422.100,0.400,7.400,17.400,5.600,0.000,0,49.500,0.000,0.000,64.300,107.400,60.000,46.800,0.000,0.000,0.000,2.200,1.000,2.600,6.300,13.700,0,0,0,0,2,2,0,0,0,0,0,0,0.000,0.000,0.000,0.000,0,0,0,0,65.040,399.210,0,17.100,59.800,12,583,9.500,30.400,6,284,7.600,29.400,6,299,0,0,0,0.000
1788,1979052068,1,0,1,2,477.800,469.900,0.400,6.700,23.200,6.200,0.000,0,50.000,0.000,0.000,7.600,202.400,121.000,80.700,0.000,0.000,0.000,4.100,0.000,0.000,0.000,0.000,0,0,0,0,2,2,0,0,0,0,0,0,0.000,0.000,0.000,0.000,0,0,0,0,65.843,411.934,2,109.900,60.800,12,584,70.000,30.500,6,285,39.900,30.300,6,299,2,1,1,0.000
1789,1979052068,1,0,1,2,428.300,420.600,0.400,6.500,16.500,25.000,0.000,0,47.600,0.000,0.000,63.200,101.800,56.600,44.700,0.000,0.000,0.000,2.200,1.000,2.400,5.900,13.200,0,0,0,0,2,2,0,0,0,0,0,0,0.000,0.000,0.000,0.000,0,0,0,0,66.483,413.494,0,15.800,57.100,12,584,8.700,28.800,6,285,7.100,28.300,6,299,0,0,0,0.000
1790,1979052068,1,0,1,2,432.500,424.500,0.400,6.800,18.800,5.800,0.000,0,97.300,0.000,0.000,5.300,118.600,64.300,53.700,0.000,0.000,0.000,2.700,0.000,0.000,0.000,0.000,0,0,0,0,2,2,0,0,0,0,0,0,0.000,0.000,0.000,0.000,0,0,0,0,66.522,415.475,0,23.200,64.900,12,584,9.700,34.500,6,285,13.500,30.400,6,299,0,0,0,0.000
1791,1979052068,1,0,1,2,343.600,335.600,0.400,6.800,17.100,5.700,0.000,0,23.700,0.000,0.000,4.700,108.700,59.900,48.100,0.000,0.000,0.000,2.300,0.000,0.000,0.000,0.000,0,0,0,0,0,0,0,0,0,0,0,0,0.000,0.000,0.000,0.000,0,0,0,0,63.584,401.097,0,16.500,63.000,12,584,9.000,32.100,6,285,7.500,30.900,6,299,0,0,0,0.000
1792,1979052068,1,0,1,2,539.100,531.100,0.400,6.600,19.900,6.200,0.000,0,50.800,0.000,0.000,70.300,186.000,106.300,79.100,0.000,0.000,0.000,2.500,1.100,2.900,6.900,14.700,0,0,0,0,2,2,0,0,0,0,0,0,0.000,0.000,0.000,0.000,0,0,0,0,66.953,424.498,2,85.000,62.800,12,590,45.700,33.100,6,289,39.300,29.700,6,301,2,1,1,0.000
1793,1979052068,1,0,1,2,382.200,374.900,0.400,6.100,16.400,5.000,0.000,0,74.800,0.000,0.000,4.000,103.300,61.300,41.500,0.000,0.000,0.000,1.900,0.000,0.000,0.000,0.000,0,0,0,0,2,2,0,0,0,0,0,0,0.000,0.000,0.000,0.000,0,0,0,0,65.521,415.570,0,15.000,55.200,12,590,8.500,28.600,6,289,6.500,26.600,6,301,0,0,0,0.000
1794,1979052068,1,0,1,2,230.600,226.000,0.200,4.000,10.600,3.300,0.000,0,46.300,0.000,0.000,2.800,62.800,35.000,27.400,0.000,0.000,0.000,1.500,0.000,0.000,0.000,0.000,0,0,0,0,2,2,0,0,0,0,0,0,0.000,0.000,0.000,0.000,0,0,0,0,62.062,381.448,0,9.800,35.600,12,590,5.400,18.200,6,289,4.400,17.400,6,301,0,0,0,0.000
1795,1979052068,1,0,1,2,430.100,423.400,0.400,5.700,15.200,4.900,0.000,0,41.800,0.000,0.000,62.400,140.700,74.900,65.400,0.000,0.000,0.000,8.800,0.800,2.200,5.500,11.500,0,0,0,0,2,2,0,0,0,0,0,0,0.000,0.000,0.000,0.000,0,0,0,0,62.285,388.999,2,66.400,49.400,12,595,34.300,24.400,6,292,32.100,25.000,6,303,2,1,1,0.000
1796,1979052068,1,0,1,2,207.500,202.500,0.300,4.100,10.900,3.600,0.000,0,14.900,0.000,0.000,3.000,66.000,36.700,29.000,0.000,0.000,0.000,1.400,0.000,0.000,0.000,0.000,0,0,0,0,0,0,0,0,0,0,0,0,0.000,0.000,0.000,0.000,0,0,0,0,57.535,355.429,0,10.700,36.900,12,595,5.900,18.600,6,292,4.800,18.300,6,303,0,0,0,0.000
1797,1979052068,1,0,1,2,391.700,385.700,0.300,5.000,16.700,4.100,0.000,0,37.600,0.000,0.000,61.500,129.800,71.100,58.200,0.000,0.000,0.000,2.100,1.000,2.300,5.600,13.100,0,0,0,0,2,2,0,0,0,0,0,0,0.000,0.000,0.000,0.000,0,0,0,0,59.779,360.878,2,63.800,43.900,12,598,34.900,21.700,6,294,28.900,22.200,6,304,2,1,1,0.000
1798,1979052068,1,0,1,2,429.700,421.300,0.500,7.100,17.300,5.700,0.000,0,82.800,0.000,0.000,4.900,134.000,87.300,46.100,0.000,0.000,0.000,2.500,0.000,0.000,0.000,0.000,0,0,0,0,2,2,0,0,0,0,0,0,0.000,0.000,0.000,0.000,0,0,0,0,61.043,371.754,0,45.900,58.700,12,598,38.400,29.400,6,294,7.500,29.300,6,304,0,0,0,0.000
1799,1979052068,1,0,1,2,434.800,426.500,0.400,6.900,19.400,5.900,0.000,0,23.500,0.000,0.000,82.900,116.100,58.000,57.600,0.000,0.000,0.000,2.400,2.100,3.800,6.400,14.600,0,0,0,0,0,0,0,0,0,0,0,0,0.000,0.000,0.000,0.000,0,0,0,0,65.967,381.608,0,27.200,58.600,12,598,8.800,29.100,6,294,18.400,29.500,6,304,0,0,0,0.000
1800,1979052068,1,0,1,2,532.800,523.800,0.400,7.600,20.100,6.400,0.000,0,56.200,0.000,0.000,5.400,236.900,148.700,87.600,0.000,0.000,0.000,2.800,0.000,0.000,0.000,0.000,0,0,0,0,2,2,0,0,0,0,0,0,0.000,0.000,0.000,0.000,0,0,0,0,68.511,407.203,2,117.500,64.400,12,598,73.700,31.500,6,294,43.800,32.900,6,304,2,1,1,0.000
1801,1979052068,1,0,1,2,428.700,420.700,0.400,6.700,17.900,5.900,0.000,0,24.400,0.000,0.000,86.300,107.600,59.200,47.800,0.000,0.000,0.000,2.400,1.000,2.800,6.400,32.400,0,0,0,0,0,0,0,0,0,0,0,0,0.000,0.000,0.000,0.000,0,0,0,0,66.475,409.632,0,17.000,60.100,12,598,9.200,29.600,6,294,7.800,30.500,6,304,0,0,0,0.000
1802,1979052068,1,0,1,2,442.800,433.900,0.600,7.400,19.500,6.400,0.000,0,96.100,0.000,0.000,5.000,116.900,65.100,51.200,0.000,0.000,0.000,2.500,0.000,0.000,0.000,0.000,0,0,0,0,2,2,0,0,0,0,0,0,0.000,0.000,0.000,0.000,0,0,0,0,67.667,414.000,0,18.500,66.400,12,598,10.200,34.300,6,294,8.300,32.100,6,304,0,0,0,0.000
1803,1979052068,1,0,1,2,558.800,549.600,0.400,7.800,18.000,6.800,0.000,0,56.100,0.000,0.000,72.900,181.000,95.000,85.400,0.000,0.000,0.000,2.300,1.100,2.800,6.300,14.100,0,0,0,0,2,2,0,0,0,0,0,0,0.000,0.000,0.000,0.000,0,0,0,0,68.915,438.408,2,84.700,62.800,12,594,43.300,30.400,6,292,41.400,32.400,6,302,2,1,1,0.000
1804,1979052068,1,0,1,2,402.800,394.800,0.400,6.800,17.500,5.900,0.000,0,86.500,0.000,0.000,4.700,105.700,57.100,48.000,0.000,0.000,0.000,2.200,0.000,0.000,0.000,0.000,0,0,0,0,2,2,0,0,0,0,0,0,0.000,0.000,0.000,0.000,0,0,0,0,67.689,430.559,0,16.500,59.800,12,594,8.900,29.700,6,292,7.600,30.100,6,302,0,0,0,0.000
1805,1979052068,1,0,1,2,377.800,369.300,0.400,7.200,17.500,43.800,0.000,0,23.700,0.000,0.000,4.400,104.600,56.500,47.600,0.000,0.000,0.000,2.100,0.000,0.000,0.000,0.000,0,0,0,0,0,0,0,0,0,0,0,0,0.000,0.000,0.000,0.000,0,0,0,0,64.667,419.532,0,14.900,60.300,10,496,8.100,29.600,5,244,6.800,30.700,5,252,0,0,0,0.000
1806,1979052068,1,0,1,2,505.000,496.500,0.400,7.100,17.900,6.100,0.000,0,51.200,0.000,0.000,66.800,177.200,88.600,88.000,0.000,0.000,0.000,2.300,1.000,2.600,6.400,13.800,0,0,0,0,2,2,0,0,0,0,0,0,0.000,0.000,0.000,0.000,0,0,0,0,67.913,433.386,2,90.100,56.800,12,592,41.200,27.500,6,290,48.900,29.300,6,302,2,1,1,0.000
1807,1979052068,1,0,1,2,448.400,439.100,0.600,7.800,19.400,6.400,0.000,0,98.700,0.000,0.000,5.300,116.200,63.600,51.900,0.000,0.000,0.000,2.400,0.000,0.000,0.000,0.000,0,0,0,0,2,2,0,0,0,0,0,0,0.000,0.000,0.000,0.000,0,0,0,0,68.522,434.415,0,18.300,65.400,12,592,10.000,32.800,6,290,8.300,32.600,6,302,0,0,0,0.000
1808,1979052068,1,0,1,2,540.600,532.600,0.400,6.800,19.200,5.900,0.000,0,51.200,0.000,0.000,89.400,187.500,94.300,92.600,0.000,0.000,0.000,2.400,1.100,2.600,26.200,15.200,0,0,0,0,2,2,0,0,0,0,0,0,0.000,0.000,0.000,0.000,0,0,0,0,68.644,452.088,2,86.200,62.400,12,588,43.900,29.800,6,287,42.300,32.600,6,301,2,1,1,0.000
1809,1979052068,1,0,1,2,221.500,216.900,0.200,3.800,10.000,3.400,0.000,0,45.700,0.000,0.000,2.500,58.600,32.600,25.800,0.000,0.000,0.000,1.300,0.000,0.000,0.000,0.000,0,0,0,0,2,2,0,0,0,0,0,0,0.000,0.000,0.000,0.000,0,0,0,0,63.830,409.754,0,9.600,32.500,12,588,5.400,16.500,6,287,4.200,16.000,6,301,0,0,0,0.000
1810,1979052068,1,0,1,2,301.300,271.200,24.300,5.100,14.500,4.800,0.000,0,19.500,0.000,0.000,3.700,86.300,47.400,38.500,0.000,0.000,0.000,1.800,0.000,0.000,0.000,0.000,0,0,0,0,0,0,0,0,0,0,0,0,0.000,0.000,0.000,0.000,0,0,0,0,60.729,384.815,0,13.800,48.900,12,588,7.700,24.400,6,287,6.100,24.500,6,301,0,0,0,0.000
1811,1979052068,1,0,1,2,342.400,332.700,0.300,8.800,11.800,3.800,0.000,0,34.700,0.000,0.000,44.600,110.300,58.100,51.900,0.000,0.000,0.000,1.500,0.600,1.600,4.000,9.000,0,0,0,0,2,2,0,0,0,0,0,0,0.000,0.000,0.000,0.000,0,0,0,0,59.104,375.434,2,51.800,37.900,12,584,26.400,18.300,6,284,25.400,19.600,6,300,2,1,1,0.000
1812,1979052068,1,0,1,2,419.100,410.500,0.500,7.200,19.300,5.900,0.000,0,89.300,0.000,0.000,11.800,104.900,57.300,47.000,0.000,0.000,0.000,2.300,0.000,0.000,0.000,0.000,0,0,0,0,2,2,0,0,0,0,0,0,0.000,0.000,0.000,0.000,0,0,0,0,61.839,381.746,0,16.500,59.900,12,584,9.000,30.000,6,284,7.500,29.900,6,300,0,0,0,0.000
1813,1979052068,1,0,1,2,545.400,537.400,0.400,6.600,38.900,6.300,0.000,0,51.000,0.000,0.000,68.500,180.500,95.400,84.400,0.000,0.000,0.000,2.400,1.100,2.600,6.900,15.100,0,0,0,0,2,2,0,0,0,0,0,0,0.000,0.000,0.000,0.000,0,0,0,0,64.460,409.764,2,85.200,62.700,12,580,43.700,30.400,6,282,41.500,32.300,6,298,2,1,1,0.000
1814,1979052068,1,0,1,2,483.300,474.600,0.500,7.400,16.400,5.400,0.000,0,90.100,0.000,0.000,4.300,99.600,55.400,43.800,0.000,0.000,0.000,2.000,0.000,0.000,0.000,0.000,0,0,0,0,2,2,0,0,0,0,0,0,0.000,0.000,0.000,0.000,0,0,0,0,63.981,421.434,0,15.900,56.300,12,580,8.700,28.900,6,282,7.200,27.400,6,298,0,0,0,0.000
1815,1979052068,1,0,1,2,452.100,444.000,0.400,6.700,19.000,6.200,0.000,0,97.600,0.000,0.000,5.100,115.300,64.600,50.100,0.000,0.000,0.000,2.500,0.000,0.000,0.000,0.000,0,0,0,0,2,2,0,0,0,0,0,0,0.000,0.000,0.000,0.000,0,0,0,0,65.713,425.496,0,18.700,65.100,12,580,10.400,33.400,6,282,8.300,31.700,6,298,0,0,0,0.000
1816,1979052068,1,0,1,2,411.900,403.300,0.400,7.200,17.300,5.900,0.000,0,23.900,0.000,0.000,64.200,116.400,68.700,47.000,0.000,0.000,0.000,2.300,1.000,2.400,6.500,14.000,0,0,0,0,0,0,0,0,0,0,0,0,0.000,0.000,0.000,0.000,0,0,0,0,63.820,421.501,0,21.000,64.700,12,580,13.200,35.100,6,282,7.800,29.600,6,298,0,0,0,0.000
1817,1979052068,1,0,1,2,500.000,491.800,0.400,6.900,18.300,5.700,0.000,0,51.800,0.000,0.000,4.600,233.900,152.500,80.800,0.000,0.000,0.000,2.200,0.000,0.000,0.000,0.000,0,0,0,0,2,2,0,0,0,0,0,0,0.000,0.000,0.000,0.000,0,0,0,0,64.375,434.155,2,107.800,58.400,12,580,66.800,29.000,6,282,41.000,29.400,6,298,2,1,1,0.000
1818,1979052068,1,0,1,2,427.100,419.000,0.400,6.800,17.400,5.700,0.000,0,50.700,0.000,0.000,64.300,105.700,58.400,46.800,0.000,0.000,0.000,2.300,1.000,2.700,6.300,14.000,0,0,0,0,2,2,0,0,0,0,0,0,0.000,0.000,0.000,0.000,0,0,0,0,64.793,431.427,0,17.100,59.000,12,580,9.200,29.600,6,282,7.900,29.400,6,298,0,0,0,0.000
1819,1979052068,1,0,1,2,437.000,428.300,0.500,7.200,17.400,5.800,0.000,0,100.400,0.000,0.000,4.600,125.400,58.800,66.000,0.000,0.000,0.000,2.100,0.000,0.000,0.000,0.000,0,0,0,0,2,2,0,0,0,0,0,0,0.000,0.000,0.000,0.000,0,0,0,0,64.776,430.864,0,17.000,78.900,12,580,9.300,30.800,6,282,7.700,48.100,6,298,0,0,0,0.000
1820,1979052068,1,0,1,2,216.100,211.100,0.200,4.100,11.500,3.700,0.000,0,14.800,0.000,0.000,2.900,69.500,38.600,30.700,0.000,0.000,0.000,1.300,0.000,0.000,0.000,0.000,0,0,0,0,0,0,0,0,0,0,0,0,0.000,0.000,0.000,0.000,0,0,0,0,59.507,391.306,0,11.200,38.800,12,580,6.100,19.800,6,282,5.100,19.000,6,298,0,0,0,0.000
1821,1979052068,1,0,1,2,403.600,396.900,0.300,5.700,14.500,4.900,0.000,0,41.700,0.000,0.000,53.300,139.200,73.400,65.300,0.000,0.000,0.000,1.900,0.900,2.200,5.100,11.300,0,0,0,0,2,2,0,0,0,0,0,0,0.000,0.000,0.000,0.000,0,0,0,0,59.919,392.313,2,65.900,48.900,12,583,33.400,24.000,6,283,32.500,24.900,6,300,2,1,1,0.000
1822,1979052068,1,0,1,2,313.700,307.100,0.400,5.600,13.700,4.800,0.000,0,67.500,0.000,0.000,3.800,82.600,46.200,35.800,0.000,0.000,0.000,1.800,0.000,0.000,0.000,0.000,0,0,0,0,2,2,0,0,0,0,0,0,0.000,0.000,0.000,0.000,0,0,0,0,58.710,376.975,0,13.300,46.500,12,583,7.500,23.800,6,283,5.800,22.700,6,300,0,0,0,0.000
1823,1979052068,1,0,1,2,339.300,332.400,0.400,5.700,15.700,5.000,0.000,0,21.200,0.000,0.000,4.100,132.200,91.000,40.700,0.000,0.000,0.000,2.200,0.000,0.000,0.000,0.000,0,0,0,0,0,0,0,0,0,0,0,0,0.000,0.000,0.000,0.000,0,0,0,0,59.860,368.951,0,52.400,53.200,12,583,45.600,27.400,6,283,6.800,25.800,6,300,0,0,0,0.000
1824,1979052068,1,0,1,2,386.400,380.000,0.400,5.500,14.100,4.400,0.000,0,39.500,0.000,0.000,51.500,132.800,70.700,61.200,0.000,0.000,0.000,2.200,0.800,2.100,4.700,10.500,0,0,0,0,2,2,0,0,0,0,0,0,0.000,0.000,0.000,0.000,0,0,0,0,65.861,370.940,2,62.300,45.900,12,586,32.100,22.900,6,286,30.200,23.000,6,300,2,1,1,0.000
1825,1979052068,1,0,1,2,385.700,376.800,0.400,7.500,19.400,6.500,0.000,0,28.000,0.000,0.000,6.200,125.000,69.800,54.400,0.000,0.000,0.000,2.700,0.000,0.000,0.000,0.000,0,0,0,0,0,0,0,0,0,0,0,0,0.000,0.000,0.000,0.000,0,0,0,0,63.978,371.995,0,19.800,67.600,12,586,11.200,34.200,6,286,8.600,33.400,6,300,0,0,0,0.000
1826,1979052068,1,0,1,2,482.000,470.900,0.400,9.600,17.500,5.800,0.000,0,156.400,0.000,0.000,4.400,107.300,59.600,47.100,0.000,0.000,0.000,2.100,0.000,0.000,0.000,0.000,0,0,0,0,2,2,0,0,0,0,0,0,0.000,0.000,0.000,0.000,0,0,0,0,65.206,389.798,0,17.100,60.700,12,586,9.400,31.100,6,286,7.700,29.600,6,300,0,0,0,0.000
1827,1979052068,1,0,1,2,514.500,506.400,0.400,6.800,17.600,5.700,0.000,0,51.000,0.000,0.000,80.200,173.300,92.200,80.400,0.000,0.000,0.000,2.900,1.100,3.000,8.000,18.700,0,0,0,0,2,2,0,0,0,0,0,0,0.000,0.000,0.000,0.000,0,0,0,0,67.167,410.786,2,82.100,61.400,12,589,42.100,30.800,6,289,40.000,30.600,6,300,2,1,1,0.000
1828,1979052068,1,0,1,2,230.500,225.700,0.300,3.900,10.500,3.300,0.000,0,46.600,0.000,0.000,2.700,62.200,34.400,27.400,0.000,0.000,0.000,1.300,0.000,0.000,0.000,0.000,0,0,0,0,2,2,0,0,0,0,0,0,0.000,0.000,0.000,0.000,0,0,0,0,62.871,377.471,0,9.800,34.800,12,589,5.300,17.700,6,289,4.500,17.100,6,300,0,0,0,0.000
1829,1979052068,1,0,1,2,333.900,327.300,0.400,5.600,14.200,4.500,0.000,0,83.800,0.000,0.000,3.700,85.000,48.100,36.500,0.000,0.000,0.000,1.800,0.000,0.000,0.000,0.000,0,0,0,0,2,2,0,0,0,0,0,0,0.000,0.000,0.000,0.000,0,0,0,0,64.838,368.440,0,11.900,49.200,10,492,6.900,25.600,5,242,5.000,23.600,5,250,0,0,0,0.000
1830,1979052068,1,0,1,2,413.900,406.000,0.400,6.700,18.500,6.100,0.000,0,22.800,0.000,0.000,65.700,108.600,60.200,47.900,0.000,0.000,0.000,2.300,1.100,2.700,6.200,13.800,0,0,0,0,0,0,0,0,0,0,0,0,0.000,0.000,0.000,0.000,0,0,0,0,62.563,375.201,0,14.800,62.700,10,492,8.200,32.000,5,242,6.600,30.700,5,250,0,0,0,0.000
1831,1979052068,1,0,1,2,472.100,463.900,0.500,7.000,17.900,5.800,0.000,0,51.500,0.000,0.000,4.500,208.600,126.100,81.800,0.000,0.000,0.000,2.300,0.000,0.000,0.000,0.000,0,0,0,0,2,2,0,0,0,0,0,0,0.000,0.000,0.000,0.000,0,0,0,0,66.332,391.167,2,117.200,60.600,12,595,76.000,30.300,6,293,41.200,30.300,6,302,2,1,1,0.000
1832,1979052068,1,0,1,2,345.300,337.000,0.400,7.000,17.200,5.900,0.000,0,24.000,0.000,0.000,4.700,108.700,59.800,48.300,0.000,0.000,0.000,2.400,0.000,0.000,0.000,0.000,0,0,0,0,0,0,0,0,0,0,0,0,0.000,0.000,0.000,0.000,0,0,0,0,63.572,381.417,0,16.900,62.600,12,595,8.900,32.300,6,293,8.000,30.300,6,302,0,0,0,0.000
1833,1979052068,1,0,1,2,415.600,407.900,0.400,6.400,16.600,5.500,0.000,0,47.400,0.000,0.000,59.700,114.800,70.200,44.100,0.000,0.000,0.000,2.100,0.900,2.300,6.000,12.800,0,0,0,0,2,2,0,0,0,0,0,0,0.000,0.000,0.000,0.000,0,0,0,0,63.523,386.184,0,13.800,57.400,10,499,7.500,28.900,5,246,6.300,28.500,5,253,0,0,0,0.000
1834,1979052068,1,0,1,2,340.200,333.500,0.400,5.700,12.200,3.600,0.000,0,47.500,0.000,0.000,3.100,133.000,79.200,53.400,0.000,0.000,0.000,1.500,0.000,0.000,0.000,0.000,0,0,0,0,2,2,0,0,0,0,0,0,0.000,0.000,0.000,0.000,0,0,0,0,61.143,376.701,2,73.100,39.600,12,598,46.900,19.200,6,295,26.200,20.400,6,303,2,1,1,0.000
1835,1979052068,1,0,1,2,302.900,296.600,0.300,5.500,15.500,4.600,0.000,0,19.900,0.000,0.000,3.700,107.200,49.700,56.700,0.000,0.000,0.000,1.800,0.000,0.000,0.000,0.000,0,0,0,0,0,0,0,0,0,0,0,0,0.000,0.000,0.000,0.000,0,0,0,0,58.957,362.282,0,30.000,50.400,12,598,7.500,25.000,6,295,22.500,25.400,6,303,0,0,0,0.000
1836,1979052068,1,0,1,2,354.300,347.500,0.400,5.700,14.700,4.800,0.000,0,41.200,0.000,0.000,53.800,88.200,48.400,39.300,0.000,0.000,0.000,1.900,0.800,2.500,5.200,11.200,0,0,0,0,2,2,0,0,0,0,0,0,0.000,0.000,0.000,0.000,0,0,0,0,59.217,359.622,0,13.500,49.800,12,598,7.100,24.900,6,295,6.400,24.900,6,303,0,0,0,0.000
1837,1979052068,1,0,1,2,393.300,386.600,0.400,5.700,14.500,5.100,0.000,0,42.800,0.000,0.000,3.600,162.100,96.000,65.600,0.000,0.000,0.000,1.800,0.000,0.000,0.000,0.000,0,0,0,0,2,2,0,0,0,0,0,0,0.000,0.000,0.000,0.000,0,0,0,0,59.052,364.478,2,88.300,47.900,12,600,55.500,23.500,6,296,32.800,24.400,6,304,2,1,1,0.000
1838,1979052068,1,0,1,2,476.300,467.200,0.700,7.300,19.400,6.400,0.000,0,54.200,0.000,0.000,80.400,116.100,63.600,52.000,0.000,0.000,0.000,2.600,1.100,2.900,6.900,15.000,0,0,0,0,2,2,0,0,0,0,0,0,0.000,0.000,0.000,0.000,0,0,0,0,61.905,382.968,0,18.300,64.800,12,600,9.800,32.100,6,296,8.500,32.700,6,304,0,0,0,0.000
1839,1979052068,1,0,1,2,458.000,449.200,0.400,7.400,17.600,5.700,0.000,0,51.900,0.000,0.000,4.500,194.300,113.700,79.900,0.000,0.000,0.000,2.200,0.000,0.000,0.000,0.000,0,0,0,0,2,2,0,0,0,0,0,0,0.000,0.000,0.000,0.000,0,0,0,0,64.172,394.890,2,105.600,59.500,12,598,65.800,29.100,6,295,39.800,30.400,6,303,2,1,1,0.000
1840,1979052068,1,0,1,2,444.600,436.200,0.400,7.200,18.000,5.900,0.000,0,51.500,0.000,0.000,66.800,116.700,59.100,57.000,0.000,0.000,0.000,2.300,1.100,2.700,6.200,14.000,0,0,0,0,2,2,0,0,0,0,0,0,0.000,0.000,0.000,0.000,0,0,0,0,65.149,402.325,0,26.200,59.400,12,598,9.100,29.200,6,295,17.100,30.200,6,303,0,0,0,0.000
1841,1979052068,1,0,1,2,531.000,521.600,0.500,7.800,19.300,6.400,0.000,0,59.300,0.000,0.000,5.600,235.600,123.100,111.900,0.000,0.000,0.000,2.900,0.000,0.000,0.000,0.000,0,0,0,0,2,2,0,0,0,0,0,0,0.000,0.000,0.000,0.000,0,0,0,0,68.092,423.795,2,137.700,64.300,12,596,71.700,30.800,6,293,66.000,33.500,6,303,2,1,1,0.000
1842,1979052068,1,0,1,2,452.600,444.600,0.400,6.700,18.000,6.000,0.000,0,50.900,0.000,0.000,85.700,106.400,57.500,48.200,0.000,0.000,0.000,2.300,1.000,2.700,6.100,14.400,0,0,0,0,2,2,0,0,0,0,0,0,0.000,0.000,0.000,0.000,0,0,0,0,68.111,427.540,0,16.500,59.300,12,596,8.900,29.100,6,293,7.600,30.200,6,303,0,0,0,0.000
1843,1979052068,1,0,1,2,422.600,413.900,0.500,7.400,17.700,5.600,0.000,0,86.000,0.000,0.000,4.600,104.000,56.800,46.600,0.000,0.000,0.000,2.100,0.000,0.000,0.000,0.000,0,0,0,0,2,2,0,0,0,0,0,0,0.000,0.000,0.000,0.000,0,0,0,0,67.623,425.085,0,17.000,58.400,12,596,9.200,29.100,6,293,7.800,29.300,6,303,0,0,0,0.000
1844,1979052068,1,0,1,2,489.100,480.900,0.400,7.000,18.300,6.100,0.000,0,51.700,0.000,0.000,4.600,216.700,135.100,80.900,0.000,0.000,0.000,2.200,0.000,0.000,0.000,0.000,0,0,0,0,2,2,0,0,0,0,0,0,0.000,0.000,0.000,0.000,0,0,0,0,68.501,435.131,2,125.400,59.100,12,590,85.300,28.900,6,288,40.100,30.200,6,302,2,1,1,0.000
1845,1979052068,1,0,1,2,419.100,411.100,0.400,6.800,18.600,6.000,0.000,0,24.100,0.000,0.000,68.500,118.400,70.000,47.800,0.000,0.000,0.000,2.300,1.200,2.600,6.400,14.000,0,0,0,0,0,0,0,0,0,0,0,0,0.000,0.000,0.000,0.000,0,0,0,0,67.061,430.806,0,16.800,60.100,12,590,9.100,30.100,6,288,7.700,30.000,6,302,0,0,0,0.000
1846,1979052068,1,0,1,2,528.600,519.200,0.400,8.000,19.300,6.400,0.000,0,56.100,0.000,0.000,5.100,222.600,134.700,87.200,0.000,0.000,0.000,2.500,0.000,0.000,0.000,0.000,0,0,0,0,2,2,0,0,0,0,0,0,0.000,0.000,0.000,0.000,0,0,0,0,71.748,446.717,2,127.400,63.400,12,584,83.700,30.800,6,284,43.700,32.600,6,300,2,1,1,0.000
1847,1979052068,1,0,1,2,275.100,269.800,0.300,4.400,11.400,3.700,0.000,0,32.400,0.000,0.000,43.100,67.000,36.900,29.800,0.000,0.000,0.000,1.400,0.700,1.700,4.000,8.500,0,0,0,0,2,2,0,0,0,0,0,0,0.000,0.000,0.000,0.000,0,0,0,0,67.419,414.872,0,10.700,36.900,12,584,5.700,18.100,6,284,5.000,18.800,6,300,0,0,0,0.000
1848,1979052068,1,0,1,2,406.600,398.000,0.500,7.300,18.000,6.000,0.000,0,86.600,0.000,0.000,4.600,107.200,58.700,48.000,0.000,0.000,0.000,2.200,0.000,0.000,0.000,0.000,0,0,0,0,2,2,0,0,0,0,0,0,0.000,0.000,0.000,0.000,0,0,0,0,66.804,411.835,0,16.900,61.000,12,584,9.300,30.500,6,284,7.600,30.500,6,300,0,0,0,0.000
1849,1979052068,1,0,1,2,424.600,417.800,0.300,5.800,16.800,23.700,0.000,0,43.500,0.000,0.000,5.100,180.100,110.500,69.100,0.000,0.000,0.000,2.900,0.000,0.000,0.000,0.000,0,0,0,0,2,2,0,0,0,0,0,0,0.000,0.000,0.000,0.000,0,0,0,0,67.541,412.909,2,101.600,50.800,12,582,64.900,26.400,6,283,36.700,24.400,6,299,2,1,1,0.000
1850,1979052068,1,0,1,2,290.800,285.100,0.300,4.700,12.700,4.300,0.000,0,16.900,0.000,0.000,50.500,75.800,42.300,33.000,0.000,0.000,0.000,2.000,0.800,2.100,4.300,9.600,0,0,0,0,0,0,0,0,0,0,0,0,0.000,0.000,0.000,0.000,0,0,0,0,63.916,389.903,0,12.100,41.100,12,582,6.400,20.300,6,283,5.700,20.800,6,299,0,0,0,0.000
1851,1979052068,1,0,1,2,364.800,357.600,0.400,6.000,15.900,5.000,0.000,0,73.000,0.000,0.000,3.800,91.400,51.300,39.600,0.000,0.000,0.000,1.900,0.000,0.000,0.000,0.000,0,0,0,0,2,2,0,0,0,0,0,0,0.000,0.000,0.000,0.000,0,0,0,0,62.923,384.088,0,14.300,50.000,12,582,7.800,25.500,6,283,6.500,24.500,6,299,0,0,0,0.000
1852,1979052068,1,0,1,2,506.600,498.400,0.400,6.900,18.200,5.900,0.000,0,50.900,0.000,0.000,67.600,180.700,101.700,78.500,0.000,0.000,0.000,2.300,1.100,2.600,6.300,14.000,0,0,0,0,2,2,0,0,0,0,0,0,0.000,0.000,0.000,0.000,0,0,0,0,65.511,404.665,2,80.600,58.700,12,580,41.200,29.400,6,282,39.400,29.300,6,298,2,1,1,0.000
1853,1979052068,1,0,1,2,439.700,431.300,0.400,7.000,17.600,6.200,0.000,0,83.900,0.000,0.000,4.800,108.300,60.400,47.400,0.000,0.000,0.000,2.300,0.000,0.000,0.000,0.000,0,0,0,0,2,2,0,0,0,0,0,0,0.000,0.000,0.000,0.000,0,0,0,0,65.941,409.459,0,17.200,60.900,12,580,9.100,30.900,6,282,8.100,30.000,6,298,0,0,0,0.000
1854,1979052068,1,0,1,2,609.900,601.100,0.500,7.200,19.100,6.600,0.000,0,53.800,0.000,0.000,147.200,183.100,98.200,84.400,0.000,0.000,0.000,2.300,1.400,2.700,6.900,92.300,0,0,0,0,2,2,0,0,0,0,0,0,0.000,0.000,0.000,0.000,0,0,0,0,67.806,443.954,2,88.300,62.200,12,582,46.100,30.500,6,284,42.200,31.700,6,298,2,1,1,0.000
1855,1979052068,1,0,1,2,464.300,455.200,0.500,7.700,19.000,6.700,0.000,0,119.100,0.000,0.000,4.800,116.100,64.000,51.500,0.000,0.000,0.000,2.400,0.000,0.000,0.000,0.000,0,0,0,0,2,2,0,0,0,0,0,0,0.000,0.000,0.000,0.000,0,0,0,0,67.895,445.979,0,17.900,66.800,12,582,9.700,33.600,6,284,8.200,33.200,6,298,0,0,0,0.000
1856,1979052068,1,0,1,2,340.100,332.300,0.400,6.600,17.500,5.800,0.000,0,23.400,0.000,0.000,4.400,107.200,58.600,48.000,0.000,0.000,0.000,2.100,0.000,0.000,0.000,0.000,0,0,0,0,0,0,0,0,0,0,0,0,0.000,0.000,0.000,0.000,0,0,0,0,64.656,425.516,0,16.900,61.600,12,582,9.300,30.700,6,284,7.600,30.900,6,298,0,0,0,0.000
1857,1979052068,1,0,1,2,466.200,457.900,0.400,7.000,16.200,5.400,0.000,0,51.700,0.000,0.000,60.200,158.100,82.800,74.800,0.000,0.000,0.000,2.200,0.900,2.600,6.000,12.900,0,0,0,0,2,2,0,0,0,0,0,0,0.000,0.000,0.000,0.000,0,0,0,0,65.456,431.345,2,74.200,55.000,12,584,37.300,26.500,6,285,36.900,28.500,6,299,2,1,1,0.000
1858,1979052068,1,0,1,2,408.000,399.500,0.400,7.200,17.500,6.000,0.000,0,87.700,0.000,0.000,4.700,108.100,59.400,48.200,0.000,0.000,0.000,2.500,0.000,0.000,0.000,0.000,0,0,0,0,2,2,0,0,0,0,0,0,0.000,0.000,0.000,0.000,0,0,0,0,64.924,425.613,0,16.700,62.600,12,584,9.200,31.400,6,285,7.500,31.200,6,299,0,0,0,0.000
1859,1979052068,1,0,1,2,410.700,402.900,0.300,6.500,18.300,5.700,0.000,0,90.700,0.000,0.000,4.600,107.500,60.000,46.900,0.000,0.000,0.000,2.300,0.000,0.000,0.000,0.000,0,0,0,0,2,2,0,0,0,0,0,0,0.000,0.000,0.000,0.000,0,0,0,0,65.441,421.525,0,16.900,60.600,12,584,9.200,31.200,6,285,7.700,29.400,6,299,0,0,0,0.000
1860,1979052068,1,0,1,2,348.300,341.600,0.400,5.700,14.700,5.000,0.000,0,20.000,0.000,0.000,54.200,87.900,48.800,38.200,0.000,0.000,0.000,1.800,0.900,2.300,5.200,11.200,0,0,0,0,0,0,0,0,0,0,0,0,0.000,0.000,0.000,0.000,0,0,0,0,62.320,407.138,0,13.700,49.100,12,584,7.400,25.200,6,285,6.300,23.900,6,299,0,0,0,0.000
1861,1979052068,1,0,1,2,503.700,495.800,0.400,6.600,15.300,6.400,0.000,0,71.000,0.000,0.000,3.900,172.400,103.100,68.900,0.000,0.000,0.000,1.800,0.000,0.000,0.000,0.000,0,0,0,0,2,2,0,0,0,0,0,0,0.000,0.000,0.000,0.000,0,0,0,0,62.370,423.098,2,93.600,52.200,12,590,59.100,26.600,6,290,34.500,25.600,6,300,2,1,1,0.000
1862,1979052068,1,0,1,2,162.100,158.700,0.200,2.800,7.100,2.200,0.000,0,35.700,0.000,0.000,1.900,43.700,25.100,18.500,0.000,0.000,0.000,1.000,0.000,0.000,0.000,0.000,0,0,0,0,2,2,0,0,0,0,0,0,0.000,0.000,0.000,0.000,0,0,0,0,57.372,375.506,0,7.100,24.200,12,590,4.000,12.300,6,290,3.100,11.900,6,300,0,0,0,0.000
1863,1979052068,1,0,1,2,469.900,430.200,32.000,6.600,18.800,6.200,0.000,0,26.300,0.000,0.000,68.500,120.100,67.100,52.400,0.000,0.000,0.000,2.500,1.000,2.700,7.200,14.900,0,0,0,0,0,0,0,0,0,0,0,0,0.000,0.000,0.000,0.000,0,0,0,0,56.783,385.351,0,18.100,67.600,12,590,9.600,34.100,6,290,8.500,33.500,6,300,0,0,0,0.000
1864,1979052068,1,0,1,2,443.600,436.100,0.400,6.200,16.700,5.600,0.000,0,48.900,0.000,0.000,4.400,196.900,113.000,83.200,0.000,0.000,0.000,2.100,0.000,0.000,0.000,0.000,0,0,0,0,2,2,0,0,0,0,0,0,0.000,0.000,0.000,0.000,0,0,0,0,59.648,394.486,2,104.000,64.100,12,594,65.500,28.600,6,293,38.500,35.500,6,301,2,1,1,0.000
1865,1979052068,1,0,1,2,823.200,804.000,0.500,17.600,18.200,5.900,0.000,0,87.900,0.000,0.000,94.200,138.600,78.800,59.200,0.000,0.000,0.000,2.800,1.000,3.300,16.200,19.400,0,0,0,0,2,2,0,0,0,0,0,0,0.000,0.000,0.000,0.000,0,0,0,0,62.177,468.198,0,25.700,73.100,12,594,12.400,38.800,6,293,13.300,34.300,6,301,0,0,0,0.000
1866,1979052068,1,0,1,2,486.800,478.600,0.400,6.800,17.400,5.800,0.000,0,53.000,0.000,0.000,4.700,222.900,141.400,80.700,0.000,0.000,0.000,2.200,0.000,0.000,0.000,0.000,0,0,0,0,2,2,0,0,0,0,0,0,0.000,0.000,0.000,0.000,0,0,0,0,63.081,470.071,2,117.200,75.500,12,599,76.300,45.600,6,295,40.900,29.900,6,304,2,1,1,0.000
1867,1979052068,1,0,1,2,446.700,438.200,0.500,7.100,17.900,6.000,0.000,0,50.900,0.000,0.000,64.500,105.600,57.700,47.300,0.000,0.000,0.000,2.300,1.000,2.600,6.600,13.800,0,0,0,0,2,2,0,0,0,0,0,0,0.000,0.000,0.000,0.000,0,0,0,0,63.931,464.334,0,16.500,60.400,12,599,8.900,30.100,6,295,7.600,30.300,6,304,0,0,0,0.000
1868,1979052068,1,0,1,2,447.700,438.700,0.400,7.700,18.400,9.000,0.000,0,24.400,0.000,0.000,4.400,177.100,112.500,64.000,0.000,0.000,0.000,2.200,0.000,0.000,0.000,0.000,0,0,0,0,0,0,0,0,0,0,0,0,0.000,0.000,0.000,0.000,0,0,0,0,61.351,459.720,0,21.400,67.500,12,599,9.100,30.900,6,295,12.300,36.600,6,304,0,0,0,0.000
1869,1979052068,1,0,1,2,496.600,487.600,0.500,7.600,19.400,6.300,0.000,0,56.100,0.000,0.000,4.600,210.100,123.300,86.200,0.000,0.000,0.000,2.300,0.000,0.000,0.000,0.000,0,0,0,0,2,2,0,0,0,0,0,0,0.000,0.000,0.000,0.000,0,0,0,0,63.250,464.738,2,112.400,65.900,12,599,69.600,32.900,6,295,42.800,33.000,6,304,2,1,1,0.000
1870,1979052068,1,0,1,2,487.600,479.000,0.500,7.200,18.700,6.300,0.000,0,56.200,0.000,0.000,68.300,139.200,63.000,75.700,0.000,0.000,0.000,2.400,1.000,2.800,6.700,15.000,0,0,0,0,2,2,0,0,0,0,0,0,0.000,0.000,0.000,0.000,0,0,0,0,64.645,467.305,0,18.200,88.200,12,599,9.900,32.000,6,295,8.300,56.200,6,304,0,0,0,0.000
1871,1979052068,1,0,1,2,463.100,454.800,0.600,6.900,18.000,5.700,0.000,0,52.800,0.000,0.000,4.800,196.400,114.700,81.200,0.000,0.000,0.000,2.200,0.000,0.000,0.000,0.000,0,0,0,0,2,2,0,0,0,0,0,0,0.000,0.000,0.000,0.000,0,0,0,0,65.789,465.054,2,105.900,59.800,12,599,65.800,29.000,6,294,40.100,30.800,6,305,2,1,1,0.000
1872,1979052068,1,0,1,2,350.000,342.800,0.300,6.000,17.700,9.300,0.000,0,21.900,0.000,0.000,4.800,113.400,58.800,54.100,0.000,0.000,0.000,2.400,0.000,0.000,0.000,0.000,0,0,0,0,0,0,0,0,0,0,0,0,0.000,0.000,0.000,0.000,0,0,0,0,62.821,443.049,0,17.400,62.000,12,599,9.600,29.800,6,294,7.800,32.200,6,305,0,0,0,0.000
1873,1979052068,1,0,1,2,402.600,395.200,0.400,6.200,16.900,5.700,0.000,0,49.000,0.000,0.000,60.200,98.900,54.200,44.200,0.000,0.000,0.000,2.000,0.900,2.500,5.800,13.100,0,0,0,0,2,2,0,0,0,0,0,0,0.000,0.000,0.000,0.000,0,0,0,0,62.709,434.436,0,15.800,55.700,12,599,8.600,27.700,6,294,7.200,28.000,6,305,0,0,0,0.000
1874,1979052068,1,0,1,2,429.500,421.700,0.400,6.600,17.800,5.800,0.000,0,48.700,0.000,0.000,4.600,181.100,106.500,74.000,0.000,0.000,0.000,2.400,0.000,0.000,0.000,0.000,0,0,0,0,2,2,0,0,0,0,0,0,0.000,0.000,0.000,0.000,0,0,0,0,64.183,432.143,2,99.400,54.100,12,598,62.600,26.200,6,294,36.800,27.900,6,304,2,1,1,0.000
1875,1979052068,1,0,1,2,299.700,292.400,0.400,6.200,18.800,4.800,0.000,0,20.500,0.000,0.000,4.600,93.700,54.500,38.700,0.000,0.000,0.000,2.200,0.000,0.000,0.000,0.000,0,0,0,0,0,0,0,0,0,0,0,0,0.000,0.000,0.000,0.000,0,0,0,0,62.188,406.990,0,15.500,52.600,12,598,9.100,27.900,6,294,6.400,24.700,6,304,0,0,0,0.000
1876,1979052068,1,0,1,2,433.700,425.300,0.500,7.000,17.700,6.200,0.000,0,55.700,0.000,0.000,64.100,106.200,58.000,47.600,0.000,0.000,0.000,2.300,1.000,2.700,6.200,13.900,0,0,0,0,2,2,0,0,0,0,0,0,0.000,0.000,0.000,0.000,0,0,0,0,63.685,410.285,0,17.100,59.400,12,598,9.300,29.300,6,294,7.800,30.100,6,304,0,0,0,0.000
1877,1979052068,1,0,1,2,381.100,372.400,0.600,7.300,19.300,6.500,0.000,0,26.600,0.000,0.000,5.400,122.800,65.000,57.200,0.000,0.000,0.000,2.600,0.000,0.000,0.000,0.000,0,0,0,0,0,0,0,0,0,0,0,0,0.000,0.000,0.000,0.000,0,0,0,0,65.973,403.466,0,23.900,65.000,12,598,10.500,32.000,6,294,13.400,33.000,6,304,0,0,0,0.000
1878,1979052068,1,0,1,2,542.700,533.800,0.400,7.500,19.200,6.200,0.000,0,55.400,0.000,0.000,72.700,190.500,104.700,85.100,0.000,0.000,0.000,2.700,1.100,3.000,7.100,14.900,0,0,0,0,2,2,0,0,0,0,0,0,0.000,0.000,0.000,0.000,0,0,0,0,68.552,426.926,2,86.100,71.600,12,594,43.400,40.000,6,290,42.700,31.600,6,304,2,1,1,0.000
1879,1979052068,1,0,1,2,156.700,152.600,0.200,3.300,8.400,2.800,0.000,0,11.800,0.000,0.000,2.200,49.600,28.400,20.900,0.000,0.000,0.000,1.200,0.000,0.000,0.000,0.000,0,0,0,0,0,0,0,0,0,0,0,0,0.000,0.000,0.000,0.000,0,0,0,0,67.175,377.547,0,8.100,26.200,12,594,4.500,13.100,6,290,3.600,13.100,6,304,0,0,0,0.000
1880,1979052068,1,0,1,2,407.200,399.000,0.400,7.000,18.200,9.500,0.000,0,84.700,0.000,0.000,4.600,106.400,58.300,47.500,0.000,0.000,0.000,2.300,0.000,0.000,0.000,0.000,0,0,0,0,2,2,0,0,0,0,0,0,0.000,0.000,0.000,0.000,0,0,0,0,66.567,381.409,0,16.900,60.300,12,594,9.200,30.300,6,290,7.700,30.000,6,304,0,0,0,0.000
1881,1979052068,1,0,1,2,490.900,483.000,0.400,6.600,17.300,6.000,0.000,0,51.800,0.000,0.000,64.900,168.000,87.600,79.800,0.000,0.000,0.000,2.400,1.100,2.500,6.500,14.300,0,0,0,0,2,2,0,0,0,0,0,0,0.000,0.000,0.000,0.000,0,0,0,0,67.167,399.695,2,79.200,57.700,12,590,40.400,27.700,6,287,38.800,30.000,6,303,2,1,1,0.000
1882,1979052068,1,0,1,2,357.100,348.600,0.500,7.200,17.600,5.600,0.000,0,26.000,0.000,0.000,4.700,104.800,56.400,48.000,0.000,0.000,0.000,2.300,0.000,0.000,0.000,0.000,0,0,0,0,0,0,0,0,0,0,0,0,0.000,0.000,0.000,0.000,0,0,0,0,64.743,390.498,0,16.700,58.900,12,590,9.100,28.600,6,287,7.600,30.300,6,303,0,0,0,0.000
1883,1979052068,1,0,1,2,405.300,396.900,0.400,7.100,17.200,5.800,0.000,0,88.200,0.000,0.000,4.700,105.200,56.900,47.800,0.000,0.000,0.000,2.300,0.000,0.000,0.000,0.000,0,0,0,0,2,2,0,0,0,0,0,0,0.000,0.000,0.000,0.000,0,0,0,0,64.735,391.651,0,16.800,59.500,12,590,9.100,29.400,6,287,7.700,30.100,6,303,0,0,0,0.000
1884,1979052068,1,0,1,2,454.400,446.100,0.400,7.000,19.400,16.200,0.000,0,30.000,0.000,0.000,72.300,116.400,63.500,52.300,0.000,0.000,0.000,2.400,1.100,3.200,6.800,15.000,0,0,0,0,0,0,0,0,0,0,0,0,0.000,0.000,0.000,0.000,0,0,0,0,63.253,401.451,0,18.500,64.500,12,590,9.900,31.700,6,287,8.600,32.800,6,303,0,0,0,0.000
1885,1979052068,1,0,1,2,472.700,464.200,0.700,7.000,18.000,5.800,0.000,0,53.500,0.000,0.000,5.000,207.500,116.400,90.500,0.000,0.000,0.000,2.400,0.000,0.000,0.000,0.000,0,0,0,0,2,2,0,0,0,0,0,0,0.000,0.000,0.000,0.000,0,0,0,0,65.115,412.746,2,118.000,58.400,12,585,68.100,27.900,6,284,49.900,30.500,6,301,2,1,1,0.000
1886,1979052068,1,0,1,2,457.200,448.800,0.400,7.200,18.000,6.200,0.000,0,52.100,0.000,0.000,74.700,107.200,59.200,47.400,0.000,0.000,0.000,2.300,1.000,2.600,6.400,14.100,0,0,0,0,2,2,0,0,0,0,0,0,0.000,0.000,0.000,0.000,0,0,0,0,70.603,419.236,0,16.900,59.900,12,585,9.000,29.900,6,284,7.900,30.000,6,301,0,0,0,0.000
1887,1979052068,1,0,1,2,398.500,391.200,0.600,5.900,15.800,5.000,0.000,0,45.000,0.000,0.000,4.200,168.600,99.500,68.600,0.000,0.000,0.000,2.200,0.000,0.000,0.000,0.000,0,0,0,0,2,2,0,0,0,0,0,0,0.000,0.000,0.000,0.000,0,0,0,0,70.404,414.189,2,91.300,50.700,12,585,57.100,24.700,6,284,34.200,26.000,6,301,2,1,1,0.000
1888,1979052068,1,0,1,2,276.700,271.000,0.300,4.800,12.400,4.100,0.000,0,55.700,0.000,0.000,3.300,75.200,41.800,33.100,0.000,0.000,0.000,1.600,0.000,0.000,0.000,0.000,0,0,0,0,2,2,0,0,0,0,0,0,0.000,0.000,0.000,0.000,0,0,0,0,66.335,388.415,0,12.000,42.200,12,585,6.600,21.100,6,284,5.400,21.100,6,301,0,0,0,0.000
1889,1979052068,1,0,1,2,298.700,292.700,0.300,5.000,12.700,4.300,0.000,0,17.900,0.000,0.000,49.300,79.900,44.500,35.100,0.000,0.000,0.000,1.600,0.900,1.900,4.600,9.800,0,0,0,0,0,0,0,0,0,0,0,0,0.000,0.000,0.000,0.000,0,0,0,0,61.793,371.187,0,12.300,44.300,12,585,6.600,22.100,6,284,5.700,22.200,6,301,0,0,0,0.000
1890,1979052068,1,0,1,2,394.700,387.700,0.300,5.900,14.700,5.000,0.000,0,43.700,0.000,0.000,3.600,174.600,95.100,79.000,0.000,0.000,0.000,1.700,0.000,0.000,0.000,0.000,0,0,0,0,2,2,0,0,0,0,0,0,0.000,0.000,0.000,0.000,0,0,0,0,61.740,374.159,2,87.200,62.000,12,585,54.600,23.900,6,284,32.600,38.100,6,301,2,1,1,0.000
1891,1979052068,1,0,1,2,224.500,219.300,0.600,4.000,12.000,4.200,0.000,0,15.800,0.000,0.000,2.800,71.400,40.200,30.700,0.000,0.000,0.000,1.400,0.000,0.000,0.000,0.000,0,0,0,0,0,0,0,0,0,0,0,0,0.000,0.000,0.000,0.000,0,0,0,0,60.059,346.284,0,11.500,38.800,12,585,6.400,19.300,6,284,5.100,19.500,6,301,0,0,0,0.000
1892,1979052068,1,0,1,2,427.100,420.300,0.300,5.700,18.800,5.200,0.000,0,45.700,0.000,0.000,73.000,109.900,68.400,40.900,0.000,0.000,0.000,2.600,1.000,2.900,6.400,14.300,0,0,0,0,2,2,0,0,0,0,0,0,0.000,0.000,0.000,0.000,0,0,0,0,63.504,359.607,0,17.600,56.300,12,585,10.200,30.700,6,284,7.400,25.600,6,301,0,0,0,0.000
1893,1979052068,1,0,1,2,457.100,448.600,0.700,6.900,17.800,5.900,0.000,0,52.000,0.000,0.000,4.800,193.900,113.800,79.600,0.000,0.000,0.000,2.400,0.000,0.000,0.000,0.000,0,0,0,0,2,2,0,0,0,0,0,0,0.000,0.000,0.000,0.000,0,0,0,0,64.512,375.626,2,105.700,58.400,12,586,65.700,28.300,6,285,40.000,30.100,6,301,2,1,1,0.000
1894,1979052068,1,0,1,2,193.500,190.700,0.100,2.400,6.200,2.000,0.000,0,21.700,0.000,0.000,31.200,55.400,25.100,30.100,0.000,0.000,0.000,0.700,0.400,1.100,2.100,4.900,0,0,0,0,2,2,0,0,0,0,0,0,0.000,0.000,0.000,0.000,0,0,0,0,60.784,342.339,0,6.700,33.700,12,586,3.600,9.700,6,285,3.100,24.000,6,301,0,0,0,0.000
1895,1979052068,1,0,1,2,139.500,136.500,0.200,2.300,6.200,1.900,0.000,0,31.800,0.000,0.000,1.600,37.100,20.900,16.000,0.000,0.000,0.000,0.800,0.000,0.000,0.000,0.000,0,0,0,0,2,2,0,0,0,0,0,0,0.000,0.000,0.000,0.000,0,0,0,0,55.764,305.288,0,6.200,19.900,12,586,3.500,9.700,6,285,2.700,10.200,6,301,0,0,0,0.000
1896,1979052068,1,0,1,2,151.000,147.500,0.200,2.900,8.300,2.600,0.000,0,10.900,0.000,0.000,2.400,47.700,26.500,20.900,0.000,0.000,0.000,1.300,0.000,0.000,0.000,0.000,0,0,0,0,0,0,0,0,0,0,0,0,0.000,0.000,0.000,0.000,0,0,0,0,51.307,276.886,0,7.500,26.300,12,586,4.100,13.000,6,285,3.400,13.300,6,301,0,0,0,0.000
1897,1979052068,1,0,1,2,312.600,307.200,0.300,4.600,11.700,3.800,0.000,0,32.600,0.000,0.000,41.500,106.400,56.100,50.000,0.000,0.000,0.000,1.500,1.100,1.900,3.800,7.500,0,0,0,0,2,2,0,0,0,0,0,0,0.000,0.000,0.000,0.000,0,0,0,0,51.684,282.343,2,50.000,37.300,12,589,25.300,18.200,6,287,24.700,19.100,6,302,2,1,1,0.000
1898,1979052068,1,0,1,2,381.400,373.500,0.400,6.600,16.800,5.600,0.000,0,84.600,0.000,0.000,4.500,100.000,55.000,44.400,0.000,0.000,0.000,2.100,0.000,0.000,0.000,0.000,0,0,0,0,2,2,0,0,0,0,0,0,0.000,0.000,0.000,0.000,0,0,0,0,52.893,298.751,0,15.400,57.100,12,589,8.200,29.100,6,287,7.200,28.000,6,302,0,0,0,0.000
1899,1979052068,1,0,1,2,393.500,385.800,0.300,6.600,16.400,5.500,0.000,0,93.000,0.000,0.000,4.700,101.700,55.900,45.200,0.000,0.000,0.000,2.100,0.000,0.000,0.000,0.000,0,0,0,0,2,2,0,0,0,0,0,0,0.000,0.000,0.000,0.000,0,0,0,0,54.604,314.420,0,15.700,58.000,12,589,8.500,29.100,6,287,7.200,28.900,6,302,0,0,0,0.000
1900,1979052068,1,0,1,2,309.900,303.800,0.300,5.100,13.700,4.600,0.000,0,18.800,0.000,0.000,49.300,81.400,44.900,36.000,0.000,0.000,0.000,1.800,0.900,2.100,4.900,9.500,0,0,0,0,0,0,0,0,0,0,0,0,0.000,0.000,0.000,0.000,0,0,0,0,53.073,312.508,0,11.200,47.100,10,492,6.200,23.600,5,240,5.000,23.500,5,252,0,0,0,0.000
1901,1979052068,1,0,1,2,411.000,403.500,0.400,6.400,16.000,5.200,0.000,0,45.900,0.000,0.000,4.000,177.200,106.000,70.600,0.000,0.000,0.000,2.000,0.000,0.000,0.000,0.000,0,0,0,0,2,2,0,0,0,0,0,0,0.000,0.000,0.000,0.000,0,0,0,0,55.598,328.887,2,97.000,53.400,12,592,61.500,26.900,6,289,35.500,26.500,6,303,2,1,1,0.000
1902,1979052068,1,0,1,2,338.700,332.300,0.400,5.400,13.800,4.600,0.000,0,72.500,0.000,0.000,3.800,84.800,47.600,36.800,0.000,0.000,0.000,1.900,0.000,0.000,0.000,0.000,0,0,0,0,2,2,0,0,0,0,0,0,0.000,0.000,0.000,0.000,0,0,0,0,55.616,329.501,0,13.300,48.400,12,592,7.300,24.900,6,289,6.000,23.500,6,303,0,0,0,0.000
1903,1979052068,1,0,1,2,289.800,283.900,0.300,5.000,12.900,4.000,0.000,0,17.700,0.000,0.000,48.600,77.200,43.300,33.500,0.000,0.000,0.000,1.700,0.700,2.200,4.500,8.200,0,0,0,0,0,0,0,0,0,0,0,0,0.000,0.000,0.000,0.000,0,0,0,0,54.119,321.293,0,12.000,42.800,12,592,6.400,22.000,6,289,5.600,20.800,6,303,0,0,0,0.000
1904,1979052068,1,0,1,2,282.400,277.300,0.200,4.200,11.000,3.700,0.000,0,31.300,0.000,0.000,2.700,122.200,74.400,47.600,0.000,0.000,0.000,1.300,0.000,0.000,0.000,0.000,0,0,0,0,2,2,0,0,0,0,0,0,0.000,0.000,0.000,0.000,0,0,0,0,52.838,313.374,2,67.300,36.700,12,596,43.200,18.700,6,292,24.100,18.000,6,304,2,1,1,0.000
1905,1979052068,1,0,1,2,344.500,336.500,0.400,6.700,17.900,5.800,0.000,0,24.800,0.000,0.000,4.600,108.700,60.400,47.700,0.000,0.000,0.000,2.300,0.000,0.000,0.000,0.000,0,0,0,0,0,0,0,0,0,0,0,0,0.000,0.000,0.000,0.000,0,0,0,0,52.525,317.537,0,17.000,63.300,12,596,9.100,32.600,6,292,7.900,30.700,6,304,0,0,0,0.000
1906,1979052068,1,0,1,2,366.900,361.900,0.200,4.400,13.500,4.400,0.000,0,53.900,0.000,0.000,48.100,79.000,44.200,34.400,0.000,0.000,0.000,1.800,0.800,2.000,4.600,8.800,0,0,0,0,2,2,0,0,0,0,0,0,0.000,0.000,0.000,0.000,0,0,0,0,52.521,325.522,0,12.200,44.500,12,596,6.600,22.700,6,292,5.600,21.800,6,304,0,0,0,0.000
1907,1979052068,1,0,1,2,430.200,422.700,0.300,6.300,16.300,5.500,0.000,0,48.800,0.000,0.000,4.600,184.000,109.200,74.300,0.000,0.000,0.000,2.400,0.000,0.000,0.000,0.000,0,0,0,0,2,2,0,0,0,0,0,0,0.000,0.000,0.000,0.000,0,0,0,0,55.181,343.014,2,101.400,54.600,12,599,63.300,27.800,6,294,38.100,26.800,6,305,2,1,1,0.000
1908,1979052068,1,0,1,2,296.300,289.600,0.400,5.700,14.500,4.700,0.000,0,20.500,0.000,0.000,4.100,87.500,48.500,38.500,0.000,0.000,0.000,1.800,0.000,0.000,0.000,0.000,0,0,0,0,0,0,0,0,0,0,0,0,0.000,0.000,0.000,0.000,0,0,0,0,52.664,333.400,0,14.000,49.200,12,599,7.400,25.200,6,294,6.600,24.000,6,305,0,0,0,0.000
1909,1979052068,1,0,1,2,320.800,317.300,0.200,2.900,18.700,5.900,0.000,0,21.400,0.000,0.000,60.500,106.200,58.100,47.300,0.000,0.000,0.000,2.400,1.100,2.500,6.600,13.700,0,0,0,0,2,2,0,0,0,0,0,0,0.000,0.000,0.000,0.000,0,0,0,0,54.723,330.502,0,16.700,60.500,12,599,8.700,30.700,6,294,8.000,29.800,6,305,0,0,0,0.000
1910,1979052068,1,0,1,2,376.300,369.600,0.300,5.700,14.400,4.800,0.000,0,42.900,0.000,0.000,3.800,160.500,96.500,63.700,0.000,0.000,0.000,2.100,0.000,0.000,0.000,0.000,0,0,0,0,2,2,0,0,0,0,0,0,0.000,0.000,0.000,0.000,0,0,0,0,55.457,337.539,2,87.100,48.500,12,598,55.200,24.600,6,294,31.900,23.900,6,304,2,1,1,0.000
1911,1979052068,1,0,1,2,396.700,389.100,0.400,6.400,18.700,5.600,0.000,0,24.700,0.000,0.000,4.800,156.100,109.100,46.400,0.000,0.000,0.000,2.300,0.000,0.000,0.000,0.000,0,0,0,0,0,0,0,0,0,0,0,0,0.000,0.000,0.000,0.000,0,0,0,0,55.284,346.820,0,64.800,61.500,12,598,57.300,32.100,6,294,7.500,29.400,6,304,0,0,0,0.000
1912,1979052068,1,0,1,2,403.800,396.200,0.400,6.400,16.600,5.400,0.000,0,48.400,0.000,0.000,59.200,100.300,55.200,44.600,0.000,0.000,0.000,2.100,1.000,2.500,5.700,11.100,0,0,0,0,2,2,0,0,0,0,0,0,0.000,0.000,0.000,0.000,0,0,0,0,56.871,355.709,0,15.900,56.900,12,598,8.600,28.400,6,294,7.300,28.500,6,304,0,0,0,0.000
1913,1979052068,1,0,1,2,343.000,335.000,0.400,6.700,17.900,6.100,0.000,0,24.100,0.000,0.000,4.700,108.500,59.700,48.300,0.000,0.000,0.000,2.200,0.000,0.000,0.000,0.000,0,0,0,0,0,0,0,0,0,0,0,0,0.000,0.000,0.000,0.000,0,0,0,0,56.030,351.981,0,16.800,62.500,12,598,9.300,31.100,6,294,7.500,31.400,6,304,0,0,0,0.000
1914,1979052068,1,0,1,2,530.100,522.000,0.600,6.600,18.100,5.900,0.000,0,52.900,0.000,0.000,4.500,263.800,180.400,82.800,0.000,0.000,0.000,2.200,0.000,0.000,0.000,0.000,0,0,0,0,2,2,0,0,0,0,0,0,0.000,0.000,0.000,0.000,0,0,0,0,58.257,382.584,2,107.300,59.700,12,599,65.900,28.800,6,294,41.400,30.900,6,305,2,1,1,0.000
1915,1979052068,1,0,1,2,313.700,307.800,0.300,4.900,12.300,4.000,0.000,0,49.700,0.000,0.000,45.700,74.200,41.000,32.900,0.000,0.000,0.000,1.600,0.800,2.000,4.300,8.500,0,0,0,0,2,2,0,0,0,0,0,0,0.000,0.000,0.000,0.000,0,0,0,0,56.375,369.123,0,11.800,41.100,12,599,6.300,20.400,6,294,5.500,20.700,6,305,0,0,0,0.000
1916,1979052068,1,0,1,2,177.100,173.100,0.200,3.300,9.800,2.900,0.000,0,12.900,0.000,0.000,2.100,55.600,30.900,24.400,0.000,0.000,0.000,1.100,0.000,0.000,0.000,0.000,0,0,0,0,0,0,0,0,0,0,0,0,0.000,0.000,0.000,0.000,0,0,0,0,52.257,333.839,0,8.900,31.000,12,599,4.900,15.300,6,294,4.000,15.700,6,305,0,0,0,0.000
1917,1979052068,1,0,1,2,348.600,342.000,0.400,5.600,13.200,4.700,0.000,0,38.400,0.000,0.000,3.500,142.500,84.700,57.300,0.000,0.000,0.000,1.700,0.000,0.000,0.000,0.000,0,0,0,0,2,2,0,0,0,0,0,0,0.000,0.000,0.000,0.000,0,0,0,0,52.841,335.308,2,78.300,42.100,12,598,49.600,20.400,6,294,28.700,21.700,6,304,2,1,1,0.000
1918,1979052068,1,0,1,2,460.400,451.500,0.500,7.500,19.000,6.400,0.000,0,55.800,0.000,0.000,66.600,113.800,62.400,50.800,0.000,0.000,0.000,2.500,1.000,3.200,6.900,13.000,0,0,0,0,2,2,0,0,0,0,0,0,0.000,0.000,0.000,0.000,0,0,0,0,56.884,356.223,0,18.200,63.000,12,598,9.600,31.400,6,294,8.600,31.600,6,304,0,0,0,0.000
1919,1979052068,1,0,1,2,533.300,487.500,38.100,6.700,19.300,6.200,0.000,0,57.200,0.000,0.000,4.900,207.700,119.800,87.300,0.000,0.000,0.000,2.500,0.000,0.000,0.000,0.000,0,0,0,0,2,2,0,0,0,0,0,0,0.000,0.000,0.000,0.000,0,0,0,0,60.055,379.853,2,111.300,63.100,12,593,68.200,30.500,6,291,43.100,32.600,6,302,2,1,1,0.000
1920,1979052068,1,0,1,2,509.900,500.900,0.500,7.700,19.500,6.600,0.000,0,58.500,0.000,0.000,78.000,139.700,86.100,52.500,0.000,0.000,0.000,2.600,1.200,3.100,6.800,13.300,0,0,0,0,2,2,0,0,0,0,0,0,0.000,0.000,0.000,0.000,0,0,0,0,61.701,401.641,0,25.000,70.800,12,593,15.700,38.300,6,291,9.300,32.500,6,302,0,0,0,0.000
1921,1979052068,1,0,1,2,475.600,467.300,0.400,7.000,18.300,6.100,0.000,0,63.000,0.000,0.000,4.600,197.000,117.200,79.200,0.000,0.000,0.000,2.200,0.000,0.000,0.000,0.000,0,0,0,0,2,2,0,0,0,0,0,0,0.000,0.000,0.000,0.000,0,0,0,0,63.861,413.460,2,107.000,58.500,12,587,67.600,29.200,6,287,39.400,29.300,6,300,2,1,1,0.000
1922,1979052068,1,0,1,2,399.000,391.000,0.600,6.600,16.700,5.400,0.000,0,48.200,0.000,0.000,58.100,99.300,53.600,45.100,0.000,0.000,0.000,2.100,0.900,2.400,5.700,11.300,0,0,0,0,2,2,0,0,0,0,0,0,0.000,0.000,0.000,0.000,0,0,0,0,63.652,409.417,0,15.600,55.300,12,587,8.300,26.900,6,287,7.300,28.400,6,300,0,0,0,0.000
1923,1979052068,1,0,1,2,466.800,458.600,0.500,6.900,17.900,5.900,0.000,0,52.500,0.000,0.000,4.700,201.100,120.100,80.400,0.000,0.000,0.000,2.200,0.000,0.000,0.000,0.000,0,0,0,0,2,2,0,0,0,0,0,0,0.000,0.000,0.000,0.000,0,0,0,0,64.542,418.270,2,105.900,64.600,12,581,66.100,34.300,6,283,39.800,30.300,6,298,2,1,1,0.000
1924,1979052068,1,0,1,2,365.000,358.500,0.400,5.400,22.600,4.500,0.000,0,40.100,0.000,0.000,65.600,81.600,44.300,36.700,0.000,0.000,0.000,2.000,0.800,2.200,4.800,9.400,0,0,0,0,2,2,0,0,0,0,0,0,0.000,0.000,0.000,0.000,0,0,0,0,65.867,407.511,0,12.700,45.000,12,581,6.900,21.700,6,283,5.800,23.300,6,298,0,0,0,0.000
1925,1979052068,1,0,1,2,353.900,345.900,0.400,6.700,30.100,5.900,0.000,0,24.400,0.000,0.000,4.900,106.100,57.100,48.400,0.000,0.000,0.000,2.200,0.000,0.000,0.000,0.000,0,0,0,0,0,0,0,0,0,0,0,0,0.000,0.000,0.000,0.000,0,0,0,0,64.073,396.421,0,17.400,59.100,12,581,9.300,28.700,6,283,8.100,30.400,6,298,0,0,0,0.000
1926,1979052068,1,0,1,2,518.500,509.700,0.400,7.400,19.200,6.300,0.000,0,56.700,0.000,0.000,5.000,232.200,144.300,87.200,0.000,0.000,0.000,2.200,0.000,0.000,0.000,0.000,0,0,0,0,2,2,0,0,0,0,0,0,0.000,0.000,0.000,0.000,0,0,0,0,66.292,416.811,2,113.900,63.900,12,580,70.100,31.500,6,282,43.800,32.400,6,298,2,1,1,0.000
1927,1979052068,1,0,1,2,441.300,433.300,0.400,6.800,17.800,5.800,0.000,0,51.800,0.000,0.000,62.600,118.600,57.900,60.100,0.000,0.000,0.000,2.400,1.000,2.500,6.100,12.300,0,0,0,0,2,2,0,0,0,0,0,0,0.000,0.000,0.000,0.000,0,0,0,0,66.311,419.779,0,30.000,59.400,12,580,9.200,29.500,6,282,20.800,29.900,6,298,0,0,0,0.000
1928,1979052068,1,0,1,2,459.200,450.900,0.400,7.100,17.800,6.000,0.000,0,51.600,0.000,0.000,4.500,194.700,113.300,80.700,0.000,0.000,0.000,2.300,0.000,0.000,0.000,0.000,0,0,0,0,2,2,0,0,0,0,0,0,0.000,0.000,0.000,0.000,0,0,0,0,66.723,425.381,2,104.700,60.000,12,577,64.500,29.500,6,280,40.200,30.500,6,297,2,1,1,0.000
1929,1979052068,1,0,1,2,412.400,404.200,0.400,6.900,17.100,6.200,0.000,0,86.900,0.000,0.000,4.600,106.900,58.500,47.900,0.000,0.000,0.000,2.100,0.000,0.000,0.000,0.000,0,0,0,0,2,2,0,0,0,0,0,0,0.000,0.000,0.000,0.000,0,0,0,0,66.305,421.568,0,17.000,60.500,12,577,9.100,30.400,6,280,7.900,30.100,6,297,0,0,0,0.000
1930,1979052068,1,0,1,2,413.700,405.900,0.400,6.500,18.000,6.000,0.000,0,23.500,0.000,0.000,64.800,107.700,59.500,47.600,0.000,0.000,0.000,2.300,1.100,2.400,6.600,12.500,0,0,0,0,0,0,0,0,0,0,0,0,0.000,0.000,0.000,0.000,0,0,0,0,65.080,418.748,0,16.700,60.900,12,577,9.100,30.600,6,280,7.600,30.300,6,297,0,0,0,0.000
1931,1979052068,1,0,1,2,543.400,534.200,0.500,7.800,18.300,6.300,0.000,0,58.600,0.000,0.000,4.600,214.000,123.700,89.600,0.000,0.000,0.000,2.100,0.000,0.000,0.000,0.000,0,0,0,0,2,2,0,0,0,0,0,0,0.000,0.000,0.000,0.000,0,0,0,0,66.740,439.530,2,115.700,64.600,12,577,70.900,31.700,6,280,44.800,32.900,6,297,2,1,1,0.000
1932,1979052068,1,0,1,2,434.900,426.500,0.400,7.100,18.000,5.700,0.000,0,51.400,0.000,0.000,64.500,107.500,58.500,48.400,0.000,0.000,0.000,2.200,1.000,2.500,6.000,12.300,0,0,0,0,2,2,0,0,0,0,0,0,0.000,0.000,0.000,0.000,0,0,0,0,67.525,437.184,0,16.900,60.600,12,577,8.900,29.200,6,280,8.000,31.400,6,297,0,0,0,0.000
1933,1979052068,1,0,1,2,459.700,451.300,0.400,7.100,18.000,5.800,0.000,0,51.900,0.000,0.000,4.600,195.300,114.300,80.500,0.000,0.000,0.000,2.200,0.000,0.000,0.000,0.000,0,0,0,0,2,2,0,0,0,0,0,0,0.000,0.000,0.000,0.000,0,0,0,0,67.700,439.725,2,106.400,58.900,12,581,66.000,28.600,6,282,40.400,30.300,6,299,2,1,1,0.000
1934,1979052068,1,0,1,2,105.100,102.400,0.200,2.300,5.400,1.700,0.000,0,7.400,0.000,0.000,1.600,33.000,19.100,13.700,0.000,0.000,0.000,0.900,0.000,0.000,0.000,0.000,0,0,0,0,0,0,0,0,0,0,0,0,0.000,0.000,0.000,0.000,0,0,0,0,60.716,379.007,0,5.700,17.200,12,581,3.400,8.400,6,282,2.300,8.800,6,299,0,0,0,0.000
1935,1979052068,1,0,1,2,145.500,142.900,0.200,2.200,5.500,1.900,0.000,0,16.300,0.000,0.000,25.400,34.100,20.000,13.800,0.000,0.000,0.000,0.700,0.300,1.000,1.900,3.500,0,0,0,0,2,2,0,0,0,0,0,0,0.000,0.000,0.000,0.000,0,0,0,0,55.457,336.507,0,5.400,17.400,12,581,3.000,8.800,6,282,2.400,8.600,6,299,0,0,0,0.000
1936,1979052068,1,0,1,2,179.800,176.600,0.200,2.600,7.100,2.100,0.000,0,20.100,0.000,0.000,1.900,78.600,49.100,29.300,0.000,0.000,0.000,1.100,0.000,0.000,0.000,0.000,0,0,0,0,2,2,0,0,0,0,0,0,0.000,0.000,0.000,0.000,0,0,0,0,52.243,307.724,2,44.500,21.400,12,585,30.000,10.500,6,284,14.500,10.900,6,301,2,1,1,0.000
1937,1979052068,1,0,1,2,184.400,180.000,0.200,3.800,9.700,3.200,0.000,0,12.900,0.000,0.000,2.500,58.600,31.900,26.300,0.000,0.000,0.000,1.100,0.000,0.000,0.000,0.000,0,0,0,0,0,0,0,0,0,0,0,0,0.000,0.000,0.000,0.000,0,0,0,0,48.995,284.734,0,9.000,32.700,12,585,5.000,15.800,6,284,4.000,16.900,6,301,0,0,0,0.000
1938,1979052068,1,0,1,2,197.700,194.000,0.200,3.200,8.200,2.600,0.000,0,22.900,0.000,0.000,32.300,49.000,27.600,21.100,0.000,0.000,0.000,1.100,0.400,1.600,2.700,5.400,0,0,0,0,2,2,0,0,0,0,0,0,0.000,0.000,0.000,0.000,0,0,0,0,47.484,268.402,0,7.900,26.300,12,585,4.100,13.400,6,284,3.800,12.900,6,301,0,0,0,0.000
1939,1979052068,1,0,1,2,308.200,300.700,0.300,6.400,15.300,5.700,0.000,0,20.900,0.000,0.000,4.000,92.500,51.000,41.100,0.000,0.000,0.000,1.900,0.000,0.000,0.000,0.000,0,0,0,0,0,0,0,0,0,0,0,0,0.000,0.000,0.000,0.000,0,0,0,0,47.379,274.215,0,14.600,52.600,12,585,7.900,26.900,6,284,6.700,25.700,6,301,0,0,0,0.000
1940,1979052068,1,0,1,2,490.300,482.100,0.400,7.000,17.600,5.800,0.000,0,50.300,0.000,0.000,62.300,169.900,91.000,78.400,0.000,0.000,0.000,2.200,1.100,2.600,6.100,12.200,0,0,0,0,2,2,0,0,0,0,0,0,0.000,0.000,0.000,0.000,0,0,0,0,52.045,311.635,2,80.600,58.700,12,590,41.800,29.400,6,288,38.800,29.300,6,302,2,1,1,0.000
1941,1979052068,1,0,1,2,417.300,409.100,0.500,6.800,17.400,5.700,0.000,0,87.600,0.000,0.000,4.600,106.900,59.600,46.700,0.000,0.000,0.000,2.300,0.000,0.000,0.000,0.000,0,0,0,0,2,2,0,0,0,0,0,0,0.000,0.000,0.000,0.000,0,0,0,0,54.287,329.178,0,16.900,60.800,12,590,9.300,31.400,6,288,7.600,29.400,6,302,0,0,0,0.000
1942,1979052068,1,0,1,2,495.700,487.500,0.700,6.700,17.800,5.700,0.000,0,48.800,0.000,0.000,67.700,180.500,86.600,93.400,0.000,0.000,0.000,2.400,0.900,2.600,6.300,11.900,0,0,0,0,2,2,0,0,0,0,0,0,0.000,0.000,0.000,0.000,0,0,0,0,57.565,357.676,2,74.700,76.800,12,592,38.600,29.100,6,290,36.100,47.700,6,302,2,1,1,0.000
1943,1979052068,1,0,1,2,313.900,308.900,0.300,4.100,15.600,5.200,0.000,0,54.500,0.000,0.000,3.900,94.500,52.800,41.300,0.000,0.000,0.000,2.000,0.000,0.000,0.000,0.000,0,0,0,0,2,2,0,0,0,0,0,0,0.000,0.000,0.000,0.000,0,0,0,0,57.823,348.897,0,15.500,53.500,12,592,8.600,27.600,6,290,6.900,25.900,6,302,0,0,0,0.000
1944,1979052068,1,0,1,2,296.600,290.400,0.300,5.200,12.500,4.200,0.000,0,64.800,0.000,0.000,3.500,77.300,42.400,34.600,0.000,0.000,0.000,1.900,0.000,0.000,0.000,0.000,0,0,0,0,2,2,0,0,0,0,0,0,0.000,0.000,0.000,0.000,0,0,0,0,56.163,338.367,0,12.500,44.000,12,592,6.800,22.000,6,290,5.700,22.000,6,302,0,0,0,0.000
1945,1979052068,1,0,1,2,411.000,402.900,0.400,6.700,17.800,5.900,0.000,0,23.800,0.000,0.000,70.000,107.500,58.800,48.100,0.000,0.000,0.000,2.500,1.000,2.500,6.300,12.000,0,0,0,0,0,0,0,0,0,0,0,0,0.000,0.000,0.000,0.000,0,0,0,0,58.726,349.983,0,16.800,60.600,12,592,9.100,30.300,6,290,7.700,30.300,6,302,0,0,0,0.000
1946,1979052068,1,0,1,2,589.400,580.800,0.400,7.300,18.000,6.200,0.000,0,55.400,0.000,0.000,4.700,201.100,120.000,80.500,0.000,0.000,0.000,2.200,0.000,0.000,0.000,0.000,0,0,0,0,2,2,0,0,0,0,0,0,0.000,0.000,0.000,0.000,0,0,0,0,61.457,391.530,2,110.200,60.100,12,595,69.600,30.100,6,292,40.600,30.000,6,303,2,1,1,0.000
1947,1979052068,1,0,1,2,470.400,461.400,0.500,7.600,19.900,6.400,0.000,0,25.800,0.000,0.000,70.400,118.800,66.000,52.200,0.000,0.000,0.000,2.600,1.200,3.000,6.800,13.200,0,0,0,0,0,0,0,0,0,0,0,0,0.000,0.000,0.000,0.000,0,0,0,0,61.861,404.107,0,18.900,66.200,12,595,10.100,33.400,6,292,8.800,32.800,6,303,0,0,0,0.000
1948,1979052068,1,0,1,2,461.200,453.100,0.400,6.800,17.700,5.800,0.000,0,51.500,0.000,0.000,4.800,197.800,116.200,80.900,0.000,0.000,0.000,2.200,0.000,0.000,0.000,0.000,0,0,0,0,2,2,0,0,0,0,0,0,0.000,0.000,0.000,0.000,0,0,0,0,63.200,412.926,2,107.100,60.200,12,596,67.100,29.100,6,293,40.000,31.100,6,303,2,1,1,0.000
1949,1979052068,1,0,1,2,415.200,407.200,0.500,6.600,17.600,5.900,0.000,0,24.200,0.000,0.000,62.700,105.600,57.600,47.500,0.000,0.000,0.000,2.400,1.100,2.700,6.400,12.700,0,0,0,0,0,0,0,0,0,0,0,0,0.000,0.000,0.000,0.000,0,0,0,0,61.778,411.895,0,16.300,60.500,12,596,8.900,29.700,6,293,7.400,30.800,6,303,0,0,0,0.000
1950,1979052068,1,0,1,2,412.400,403.800,0.400,7.200,16.500,5.400,0.000,0,105.700,0.000,0.000,4.300,100.300,54.300,45.400,0.000,0.000,0.000,2.100,0.000,0.000,0.000,0.000,0,0,0,0,2,2,0,0,0,0,0,0,0.000,0.000,0.000,0.000,0,0,0,0,62.070,410.438,0,15.600,57.800,12,596,8.500,28.700,6,293,7.100,29.100,6,303,0,0,0,0.000
1951,1979052068,1,0,1,2,356.800,349.000,0.400,6.500,18.000,6.000,0.000,0,24.300,0.000,0.000,4.600,119.900,57.100,62.300,0.000,0.000,0.000,2.200,0.000,0.000,0.000,0.000,0,0,0,0,0,0,0,0,0,0,0,0,0.000,0.000,0.000,0.000,0,0,0,0,60.041,399.379,0,14.500,60.500,10,497,7.900,30.300,5,245,6.600,30.200,5,252,0,0,0,0.000
1952,1979052068,1,0,1,2,395.400,388.400,0.600,5.700,14.000,4.800,0.000,0,46.900,0.000,0.000,53.700,130.100,68.800,60.900,0.000,0.000,0.000,1.900,0.900,2.200,4.800,9.600,0,0,0,0,2,2,0,0,0,0,0,0,0.000,0.000,0.000,0.000,0,0,0,0,61.204,397.403,2,62.300,44.200,12,595,32.100,21.100,6,293,30.200,23.100,6,302,2,1,1,0.000
1953,1979052068,1,0,1,2,272.000,266.200,0.300,4.900,12.000,4.000,0.000,0,57.000,0.000,0.000,3.200,71.600,39.900,31.200,0.000,0.000,0.000,1.600,0.000,0.000,0.000,0.000,0,0,0,0,2,2,0,0,0,0,0,0,0.000,0.000,0.000,0.000,0,0,0,0,59.475,373.786,0,11.400,39.300,12,595,6.300,19.700,6,293,5.100,19.600,6,302,0,0,0,0.000
1954,1979052068,1,0,1,2,258.800,252.700,0.300,5.100,12.900,4.100,0.000,0,17.200,0.000,0.000,3.400,75.200,41.400,33.300,0.000,0.000,0.000,1.700,0.000,0.000,0.000,0.000,0,0,0,0,0,0,0,0,0,0,0,0,0.000,0.000,0.000,0.000,0,0,0,0,56.060,351.991,0,10.700,42.900,10,496,5.900,21.400,5,245,4.800,21.500,5,251,0,0,0,0.000
1955,1979052068,1,0,1,2,495.600,490.100,0.300,4.700,19.400,5.800,0.000,0,33.100,0.000,0.000,68.400,180.800,101.500,78.700,0.000,0.000,0.000,2.800,1.000,2.700,6.600,13.300,0,0,0,0,2,2,0,0,0,0,0,0,0.000,0.000,0.000,0.000,0,0,0,0,60.513,376.850,2,81.700,60.200,12,591,43.400,30.300,6,291,38.300,29.900,6,300,2,1,1,0.000
1956,1979052068,1,0,1,2,488.200,479.100,0.400,7.700,20.000,6.200,0.000,0,91.300,0.000,0.000,5.000,125.300,74.300,50.400,0.000,0.000,0.000,2.400,0.000,0.000,0.000,0.000,0,0,0,0,2,2,0,0,0,0,0,0,0.000,0.000,0.000,0.000,0,0,0,0,63.229,395.255,0,18.600,63.700,12,591,10.300,32.000,6,291,8.300,31.700,6,300,0,0,0,0.000
1957,1979052068,1,0,1,2,494.000,486.000,0.400,6.800,17.400,5.900,0.000,0,50.600,0.000,0.000,64.800,168.400,89.300,78.600,0.000,0.000,0.000,2.300,1.400,2.600,6.400,12.000,0,0,0,0,2,2,0,0,0,0,0,0,0.000,0.000,0.000,0.000,0,0,0,0,65.401,411.589,2,78.400,58.300,12,586,39.900,29.000,6,287,38.500,29.300,6,299,2,1,1,0.000
1958,1979052068,1,0,1,2,433.000,424.800,0.500,6.900,18.000,5.900,0.000,0,86.600,0.000,0.000,4.600,127.800,57.600,69.300,0.000,0.000,0.000,2.400,0.000,0.000,0.000,0.000,0,0,0,0,2,2,0,0,0,0,0,0,0.000,0.000,0.000,0.000,0,0,0,0,65.275,413.967,0,16.900,80.700,12,586,9.300,29.400,6,287,7.600,51.300,6,299,0,0,0,0.000
1959,1979052068,1,0,1,2,544.100,535.200,0.500,7.400,19.600,6.800,0.000,0,54.500,0.000,0.000,67.000,181.700,95.900,85.100,0.000,0.000,0.000,2.400,1.400,2.900,6.900,13.300,0,0,0,0,2,2,0,0,0,0,0,0,0.000,0.000,0.000,0.000,0,0,0,0,67.818,435.789,2,84.700,63.700,12,582,43.100,31.400,6,284,41.600,32.300,6,298,2,1,1,0.000
1960,1979052068,1,0,1,2,427.300,418.900,0.400,7.200,17.700,5.700,0.000,0,87.200,0.000,0.000,4.600,106.500,57.500,48.400,0.000,0.000,0.000,2.300,0.000,0.000,0.000,0.000,0,0,0,0,2,2,0,0,0,0,0,0,0.000,0.000,0.000,0.000,0,0,0,0,67.274,432.749,0,17.200,59.700,12,582,9.500,28.900,6,284,7.700,30.800,6,298,0,0,0,0.000
1961,1979052068,1,0,1,2,439.100,430.700,0.400,7.100,17.800,5.900,0.000,0,100.000,0.000,0.000,4.600,126.600,59.500,66.500,0.000,0.000,0.000,2.300,0.000,0.000,0.000,0.000,0,0,0,0,2,2,0,0,0,0,0,0,0.000,0.000,0.000,0.000,0,0,0,0,66.253,432.380,0,16.900,61.100,12,582,9.200,30.800,6,284,7.700,30.300,6,298,0,0,0,0.000
1962,1979052068,1,0,1,2,436.500,427.900,0.400,7.200,19.200,6.300,0.000,0,25.600,0.000,0.000,68.000,115.400,62.900,51.800,0.000,0.000,0.000,2.500,1.400,2.800,7.200,13.400,0,0,0,0,0,0,0,0,0,0,0,0,0.000,0.000,0.000,0.000,0,0,0,0,65.362,431.574,0,18.400,65.100,12,582,10.000,32.300,6,284,8.400,32.800,6,298,0,0,0,0.000
1963,1979052068,1,0,1,2,493.300,484.800,0.400,7.200,19.500,6.400,0.000,0,51.100,0.000,0.000,4.800,213.800,126.800,86.300,0.000,0.000,0.000,2.300,0.000,0.000,0.000,0.000,0,0,0,0,2,2,0,0,0,0,0,0,0.000,0.000,0.000,0.000,0,0,0,0,67.780,441.155,2,117.200,63.600,12,580,73.800,31.300,6,283,43.400,32.300,6,297,2,1,1,0.000
1964,1979052068,1,0,1,2,387.600,379.400,0.400,6.800,14.300,4.800,0.000,0,50.700,0.000,0.000,51.700,88.500,48.500,39.500,0.000,0.000,0.000,1.900,0.900,2.100,5.100,9.700,0,0,0,0,2,2,0,0,0,0,0,0,0.000,0.000,0.000,0.000,0,0,0,0,66.218,430.039,0,14.200,49.500,12,580,7.500,24.600,6,283,6.700,24.900,6,297,0,0,0,0.000
1965,1979052068,1,0,1,2,425.000,416.700,0.600,6.900,18.200,5.800,0.000,0,87.100,0.000,0.000,4.300,106.800,58.300,47.900,0.000,0.000,0.000,2.100,0.000,0.000,0.000,0.000,0,0,0,0,2,2,0,0,0,0,0,0,0.000,0.000,0.000,0.000,0,0,0,0,65.495,427.638,0,16.600,61.100,12,580,9.000,30.600,6,283,7.600,30.500,6,297,0,0,0,0.000
1966,1979052068,1,0,1,2,370.200,362.000,0.400,6.900,17.600,5.700,0.000,0,23.700,0.000,0.000,4.800,134.200,87.100,46.500,0.000,0.000,0.000,2.300,0.000,0.000,0.000,0.000,0,0,0,0,0,0,0,0,0,0,0,0,0.000,0.000,0.000,0.000,0,0,0,0,62.958,415.823,0,14.400,61.400,10,481,8.100,31.100,5,234,6.300,30.300,5,247,0,0,0,0.000
1967,1979052068,1,0,1,2,343.600,338.000,0.300,4.600,12.400,4.000,0.000,0,35.200,0.000,0.000,45.800,117.500,62.600,54.600,0.000,0.000,0.000,1.600,0.700,2.000,4.300,8.400,0,0,0,0,2,2,0,0,0,0,0,0,0.000,0.000,0.000,0.000,0,0,0,0,61.129,401.815,2,55.600,40.700,12,579,28.300,20.100,6,282,27.300,20.600,6,297,2,1,1,0.000
1968,1979052068,1,0,1,2,241.500,236.500,0.300,4.200,11.200,3.500,0.000,0,47.700,0.000,0.000,2.800,65.700,36.000,29.500,0.000,0.000,0.000,1.400,0.000,0.000,0.000,0.000,0,0,0,0,2,2,0,0,0,0,0,0,0.000,0.000,0.000,0.000,0,0,0,0,58.478,372.058,0,10.700,37.100,12,579,5.800,18.100,6,282,4.900,19.000,6,297,0,0,0,0.000
1969,1979052068,1,0,1,2,236.000,230.600,0.300,4.600,12.600,4.100,0.000,0,16.700,0.000,0.000,3.100,73.500,40.100,33.000,0.000,0.000,0.000,1.500,0.000,0.000,0.000,0.000,0,0,0,0,0,0,0,0,0,0,0,0,0.000,0.000,0.000,0.000,0,0,0,0,55.206,346.596,0,11.600,41.700,12,579,6.400,20.300,6,282,5.200,21.400,6,297,0,0,0,0.000
1970,1979052068,1,0,1,2,362.500,356.600,0.300,5.100,13.000,4.300,0.000,0,37.600,0.000,0.000,47.300,124.000,65.800,57.700,0.000,0.000,0.000,1.700,0.900,2.000,4.700,8.800,0,0,0,0,2,2,0,0,0,0,0,0,0.000,0.000,0.000,0.000,0,0,0,0,54.935,348.396,2,58.800,43.000,12,580,30.100,20.900,6,282,28.700,22.100,6,298,2,1,1,0.000
1971,1979052068,1,0,1,2,303.300,273.500,24.000,5.100,14.700,4.600,0.000,0,20.100,0.000,0.000,4.100,87.200,47.100,39.600,0.000,0.000,0.000,1.900,0.000,0.000,0.000,0.000,0,0,0,0,0,0,0,0,0,0,0,0,0.000,0.000,0.000,0.000,0,0,0,0,52.607,334.915,0,13.600,50.100,12,580,7.400,24.100,6,282,6.200,26.000,6,298,0,0,0,0.000
1972,1979052068,1,0,1,2,666.000,653.300,0.500,10.800,17.800,8.900,0.000,0,94.500,0.000,0.000,62.800,203.200,103.100,99.600,0.000,0.000,0.000,2.300,1.000,2.800,6.400,12.000,0,0,0,0,2,2,0,0,0,0,0,0,0.000,0.000,0.000,0.000,0,0,0,0,56.403,392.224,2,93.200,69.700,12,583,43.400,34.400,6,284,49.800,35.300,6,299,2,1,1,0.000
1973,1979052068,1,0,1,2,495.800,487.100,0.400,7.400,18.100,8.900,0.000,0,87.400,0.000,0.000,4.600,116.500,59.600,56.200,0.000,0.000,0.000,2.100,0.000,0.000,0.000,0.000,0,0,0,0,2,2,0,0,0,0,0,0,0.000,0.000,0.000,0.000,0,0,0,0,57.357,409.302,0,17.200,64.700,12,583,9.700,31.600,6,284,7.500,33.100,6,299,0,0,0,0.000
1974,1979052068,1,0,1,2,612.500,603.600,0.500,7.500,17.600,8.500,0.000,0,82.900,0.000,0.000,62.100,178.700,91.300,86.800,0.000,0.000,0.000,2.300,1.000,2.700,6.500,12.300,0,0,0,0,2,2,0,0,0,0,0,0,0.000,0.000,0.000,0.000,0,0,0,0,60.137,444.276,2,81.600,63.100,12,589,41.800,30.200,6,288,39.800,32.900,6,301,2,1,1,0.000
1975,1979052068,1,0,1,2,335.800,328.700,0.300,6.000,23.800,4.700,0.000,0,22.000,0.000,0.000,5.200,104.900,62.100,42.300,0.000,0.000,0.000,2.600,0.000,0.000,0.000,0.000,0,0,0,0,0,0,0,0,0,0,0,0,0.000,0.000,0.000,0.000,0,0,0,0,60.958,423.472,0,19.600,57.900,12,589,12.800,30.700,6,288,6.800,27.200,6,301,0,0,0,0.000
1976,1979052068,1,0,1,2,755.700,746.100,0.900,7.400,17.700,9.200,0.000,0,71.000,0.000,0.000,68.200,329.700,99.900,229.300,0.000,0.000,0.000,2.500,1.000,3.100,6.700,14.000,0,0,0,0,2,2,0,0,0,0,0,0,0.000,0.000,0.000,0.000,0,0,0,0,63.378,481.545,2,192.900,73.000,12,594,41.300,30.200,6,291,151.600,42.800,6,303,2,1,1,0.000
1977,1979052068,1,0,1,2,408.800,400.400,0.500,7.100,17.500,5.900,0.000,0,88.600,0.000,0.000,4.600,108.000,60.500,46.900,0.000,0.000,0.000,2.300,0.000,0.000,0.000,0.000,0,0,0,0,2,2,0,0,0,0,0,0,0.000,0.000,0.000,0.000,0,0,0,0,63.184,466.939,0,17.100,61.900,12,594,9.600,32.000,6,291,7.500,29.900,6,303,0,0,0,0.000
1978,1979052068,1,0,1,2,427.000,418.000,0.700,7.400,17.800,6.100,0.000,0,94.800,0.000,0.000,4.700,110.000,61.900,47.500,0.000,0.000,0.000,2.400,0.000,0.000,0.000,0.000,0,0,0,0,2,2,0,0,0,0,0,0,0.000,0.000,0.000,0.000,0,0,0,0,64.321,458.130,0,16.900,63.500,12,594,9.200,32.800,6,291,7.700,30.700,6,303,0,0,0,0.000
1979,1979052068,1,0,1,2,503.200,495.000,0.400,6.900,17.800,5.800,0.000,0,59.600,0.000,0.000,63.100,173.200,91.500,81.200,0.000,0.000,0.000,2.300,1.000,2.600,6.200,14.000,0,0,0,0,2,2,0,0,0,0,0,0,0.000,0.000,0.000,0.000,0,0,0,0,66.603,464.767,2,82.700,60.000,12,599,42.200,30.100,6,294,40.500,29.900,6,305,2,1,1,0.000
1980,1979052068,1,0,1,2,331.500,324.600,0.500,5.800,14.700,4.800,0.000,0,70.100,0.000,0.000,4.100,88.800,49.000,39.300,0.000,0.000,0.000,2.200,0.000,0.000,0.000,0.000,0,0,0,0,2,2,0,0,0,0,0,0,0.000,0.000,0.000,0.000,0,0,0,0,66.224,439.537,0,14.300,50.300,12,599,7.800,25.400,6,294,6.500,24.900,6,305,0,0,0,0.000
1981,1979052068,1,0,1,2,165.300,161.300,0.200,3.500,8.800,2.800,0.000,0,12.400,0.000,0.000,2.500,52.400,29.200,22.800,0.000,0.000,0.000,1.300,0.000,0.000,0.000,0.000,0,0,0,0,0,0,0,0,0,0,0,0,0.000,0.000,0.000,0.000,0,0,0,0,64.456,389.454,0,8.300,29.300,12,599,4.500,14.900,6,294,3.800,14.400,6,305,0,0,0,0.000
1982,1979052068,1,0,1,2,270.300,265.900,0.200,3.700,9.900,3.100,0.000,0,28.100,0.000,0.000,38.000,91.300,48.600,42.400,0.000,0.000,0.000,1.300,0.600,1.300,3.400,7.100,0,0,0,0,2,2,0,0,0,0,0,0,0.000,0.000,0.000,0.000,0,0,0,0,60.630,367.214,2,42.900,31.300,12,601,21.800,15.200,6,295,21.100,16.100,6,306,2,1,1,0.000
1983,1979052068,1,0,1,2,170.500,166.700,0.200,3.300,8.700,2.800,0.000,0,11.900,0.000,0.000,2.400,56.300,29.000,26.900,0.000,0.000,0.000,1.200,0.000,0.000,0.000,0.000,0,0,0,0,0,0,0,0,0,0,0,0,0.000,0.000,0.000,0.000,0,0,0,0,55.459,331.122,0,8.300,28.800,12,601,4.500,14.400,6,295,3.800,14.400,6,306,0,0,0,0.000
1984,1979052068,1,0,1,2,215.000,211.200,0.200,3.100,12.100,2.900,0.000,0,43.600,0.000,0.000,3.100,52.700,31.900,20.500,0.000,0.000,0.000,1.600,0.000,0.000,0.000,0.000,0,0,0,0,2,2,0,0,0,0,0,0,0.000,0.000,0.000,0.000,0,0,0,0,60.812,309.536,0,9.500,28.200,12,601,6.100,15.200,6,295,3.400,13.000,6,306,0,0,0,0.000
1985,1979052068,1,0,1,2,349.200,343.600,0.400,4.700,12.700,4.100,0.000,0,36.400,0.000,0.000,48.100,118.300,63.000,54.900,0.000,0.000,0.000,1.700,0.700,1.700,4.500,9.700,0,0,0,0,2,2,0,0,0,0,0,0,0.000,0.000,0.000,0.000,0,0,0,0,59.946,315.667,2,55.600,40.900,12,602,28.600,19.700,6,296,27.000,21.200,6,306,2,1,1,0.000
1986,1979052068,1,0,1,2,414.200,409.500,0.200,4.000,18.400,6.400,0.000,0,82.100,0.000,0.000,4.600,112.000,59.800,51.700,0.000,0.000,0.000,2.200,0.000,0.000,0.000,0.000,0,0,0,0,2,2,0,0,0,0,0,0,0.000,0.000,0.000,0.000,0,0,0,0,60.190,332.557,0,17.900,64.600,12,602,9.400,31.600,6,296,8.500,33.000,6,306,0,0,0,0.000
1987,1979052068,1,0,1,2,251.900,246.600,0.400,4.400,10.100,3.300,0.000,0,14.700,0.000,0.000,40.500,61.200,33.800,27.100,0.000,0.000,0.000,1.300,0.700,1.600,3.500,7.900,0,0,0,0,0,0,0,0,0,0,0,0,0.000,0.000,0.000,0.000,0,0,0,0,55.961,317.085,0,9.800,33.800,12,602,5.400,16.600,6,296,4.400,17.200,6,306,0,0,0,0.000
1988,1979052068,1,0,1,2,344.500,338.600,0.300,5.100,13.600,4.000,0.000,0,34.600,0.000,0.000,3.300,133.900,81.100,52.400,0.000,0.000,0.000,1.600,0.000,0.000,0.000,0.000,0,0,0,0,2,2,0,0,0,0,0,0,0.000,0.000,0.000,0.000,0,0,0,0,58.812,320.958,2,75.200,37.800,12,600,48.400,18.600,6,294,26.800,19.200,6,306,2,1,1,0.000
1989,1979052068,1,0,1,2,387.900,383.500,0.300,3.600,17.300,5.600,0.000,0,27.900,0.000,0.000,72.400,104.900,57.000,47.400,0.000,0.000,0.000,2.300,0.900,2.600,6.500,13.900,0,0,0,0,2,2,0,0,0,0,0,0,0.000,0.000,0.000,0.000,0,0,0,0,69.592,332.215,0,16.200,59.400,12,600,8.700,29.400,6,294,7.500,30.000,6,306,0,0,0,0.000
1990,1979052068,1,0,1,2,477.600,469.100,0.400,7.200,17.000,5.600,0.000,0,51.900,0.000,0.000,4.900,197.100,118.400,78.100,0.000,0.000,0.000,2.300,0.000,0.000,0.000,0.000,0,0,0,0,2,2,0,0,0,0,0,0,0.000,0.000,0.000,0.000,0,0,0,0,69.324,356.855,2,110.900,57.700,12,595,71.800,28.500,6,290,39.100,29.200,6,305,2,1,1,0.000
1991,1979052068,1,0,1,2,192.800,189.000,0.200,3.200,8.000,2.600,0.000,0,22.400,0.000,0.000,32.300,47.000,26.500,20.100,0.000,0.000,0.000,1.100,0.600,1.300,2.700,5.900,0,0,0,0,2,2,0,0,0,0,0,0,0.000,0.000,0.000,0.000,0,0,0,0,69.121,326.641,0,7.500,24.900,12,595,4.100,12.500,6,290,3.400,12.400,6,305,0,0,0,0.000
1992,1979052068,1,0,1,2,457.900,449.800,0.400,6.800,17.500,6.100,0.000,0,52.000,0.000,0.000,4.400,192.900,112.400,80.000,0.000,0.000,0.000,2.100,0.000,0.000,0.000,0.000,0,0,0,0,2,2,0,0,0,0,0,0,0.000,0.000,0.000,0.000,0,0,0,0,66.831,348.809,2,104.200,58.400,12,591,64.900,28.200,6,288,39.300,30.200,6,303,2,1,1,0.000
1993,1979052068,1,0,1,2,179.700,176.300,0.300,2.800,7.300,2.300,0.000,0,21.200,0.000,0.000,31.600,43.000,24.300,18.500,0.000,0.000,0.000,1.100,0.500,1.200,2.300,5.200,0,0,0,0,2,2,0,0,0,0,0,0,0.000,0.000,0.000,0.000,0,0,0,0,60.418,317.758,0,7.100,22.500,12,591,3.900,11.100,6,288,3.200,11.400,6,303,0,0,0,0.000
1994,1979052068,1,0,1,2,198.900,195.500,0.200,3.000,7.500,2.200,0.000,0,22.000,0.000,0.000,2.000,87.800,55.300,32.200,0.000,0.000,0.000,1.000,0.000,0.000,0.000,0.000,0,0,0,0,2,2,0,0,0,0,0,0,0.000,0.000,0.000,0.000,0,0,0,0,55.627,295.751,2,49.600,23.600,12,586,33.600,11.500,6,285,16.000,12.100,6,301,2,1,1,0.000
1995,1979052068,1,0,1,2,238.400,233.400,0.500,3.700,10.000,3.200,0.000,0,63.300,0.000,0.000,3.100,48.900,28.500,20.200,0.000,0.000,0.000,1.700,0.000,0.000,0.000,0.000,0,0,0,0,2,2,0,0,0,0,0,0,0.000,0.000,0.000,0.000,0,0,0,0,52.670,284.528,0,10.500,21.700,12,586,6.100,11.000,6,285,4.400,10.700,6,301,0,0,0,0.000
1996,1979052068,1,0,1,2,235.000,231.400,0.400,2.800,10.600,3.900,0.000,0,9.700,0.000,0.000,40.900,57.400,33.100,24.000,0.000,0.000,0.000,1.300,0.700,2.000,3.200,8.400,0,0,0,0,0,0,0,0,0,0,0,0,0.000,0.000,0.000,0.000,0,0,0,0,48.139,274.965,0,10.300,25.500,12,586,5.400,12.700,6,285,4.900,12.800,6,301,0,0,0,0.000
1997,1979052068,1,0,1,2,184.400,181.600,0.100,2.300,6.300,2.000,0.000,0,31.100,0.000,0.000,1.600,73.300,46.600,26.400,0.000,0.000,0.000,0.800,0.000,0.000,0.000,0.000,0,0,0,0,2,2,0,0,0,0,0,0,0.000,0.000,0.000,0.000,0,0,0,0,44.766,258.159,2,42.200,19.300,12,584,28.600,9.400,6,284,13.600,9.900,6,300,2,1,1,0.000
1998,1979052068,1,0,1,2,165.200,162.200,0.100,2.500,6.300,2.100,0.000,0,32.400,0.000,0.000,1.700,37.500,21.600,15.800,0.000,0.000,0.000,0.900,0.000,0.000,0.000,0.000,0,0,0,0,2,2,0,0,0,0,0,0,0.000,0.000,0.000,0.000,0,0,0,0,43.152,240.887,0,6.100,19.900,12,584,3.500,10.000,6,284,2.600,9.900,6,300,0,0,0,0.000
1999,1979052068,1,0,1,2,150.400,147.400,0.200,2.400,6.600,2.200,0.000,0,8.700,0.000,0.000,28.800,38.800,22.300,16.400,0.000,0.000,0.000,0.800,0.600,1.000,2.200,4.400,0,0,0,0,0,0,0,0,0,0,0,0,0.000,0.000,0.000,0.000,0,0,0,0,40.785,224.059,0,6.400,20.000,12,584,3.600,9.700,6,284,2.800,10.300,6,300,0,0,0,0.000
2000,1979052068,1,0,1,2,293.200,287.900,0.200,4.500,5.900,3.600,0.000,0,53.200,0.000,0.000,1.500,103.400,66.200,37.100,0.000,0.000,0.000,0.700,0.000,0.000,0.000,0.000,0,0,0,0,2,2,0,0,0,0,0,0,0.000,0.000,0.000,0.000,0,0,0,0,39.438,235.550,2,47.100,39.500,12,583,28.600,27.400,6,283,18.500,12.100,6,300,2,1,1,0.000
2001,1979052068,1,0,1,2,116.600,114.100,0.200,2.100,9.400,2.000,0.000,0,7.900,0.000,0.000,1.700,37.000,21.900,14.900,0.000,0.000,0.000,0.800,0.000,0.000,0.000,0.000,0,0,0,0,0,0,0,0,0,0,0,0,0.000,0.000,0.000,0.000,0,0,0,0,37.451,213.689,0,6.000,20.400,12,583,3.500,11.200,6,283,2.500,9.200,6,300,0,0,0,0.000
2002,1979052068,1,0,1,2,178.700,175.800,0.200,2.500,6.500,2.100,0.000,0,18.600,0.000,0.000,28.800,41.500,21.800,19.500,0.000,0.000,0.000,0.900,0.500,1.100,2.200,4.400,0,0,0,0,2,2,0,0,0,0,0,0,0.000,0.000,0.000,0.000,0,0,0,0,40.124,206.869,0,6.200,23.800,12,583,3.400,10.000,6,283,2.800,13.800,6,300,0,0,0,0.000
2003,1979052068,1,0,1,2,149.400,146.900,0.200,2.000,5.700,1.900,0.000,0,16.000,0.000,0.000,1.500,66.500,43.000,23.300,0.000,0.000,0.000,0.700,0.000,0.000,0.000,0.000,0,0,0,0,2,2,0,0,0,0,0,0,0.000,0.000,0.000,0.000,0,0,0,0,39.075,196.075,2,38.700,17.100,12,587,27.000,8.100,6,286,11.700,9.000,6,301,2,1,1,0.000
2004,1979052068,1,0,1,2,237.100,233.000,0.200,3.500,8.700,2.800,0.000,0,25.200,0.000,0.000,24.900,49.500,26.800,22.300,0.000,0.000,0.000,1.200,0.600,1.400,2.800,6.500,0,0,0,0,2,2,0,0,0,0,0,0,0.000,0.000,0.000,0.000,0,0,0,0,47.828,202.721,0,8.200,28.600,12,587,4.400,14.300,6,286,3.800,14.300,6,301,0,0,0,0.000
2005,1979052068,1,0,1,2,274.200,269.900,0.200,3.600,8.200,3.200,0.000,0,28.600,0.000,0.000,2.300,130.600,76.800,53.500,0.000,0.000,0.000,1.200,0.000,0.000,0.000,0.000,0,0,0,0,2,2,0,0,0,0,0,0,0.000,0.000,0.000,0.000,0,0,0,0,47.013,214.813,2,74.000,35.800,12,589,45.500,17.300,6,288,28.500,18.500,6,301,2,1,1,0.000
2006,1979052068,1,0,1,2,197.800,193.900,0.200,3.400,7.900,2.500,0.000,0,22.800,0.000,0.000,32.800,45.900,24.800,21.000,0.000,0.000,0.000,1.000,0.600,1.300,2.700,5.800,0,0,0,0,2,2,0,0,0,0,0,0,0.000,0.000,0.000,0.000,0,0,0,0,45.679,211.049,0,7.600,26.100,12,589,4.100,12.900,6,288,3.500,13.200,6,301,0,0,0,0.000
2007,1979052068,1,0,1,2,343.900,335.900,0.300,6.700,17.500,6.100,0.000,0,23.300,0.000,0.000,4.300,103.400,55.000,47.900,0.000,0.000,0.000,2.000,0.000,0.000,0.000,0.000,0,0,0,0,0,0,0,0,0,0,0,0,0.000,0.000,0.000,0.000,0,0,0,0,45.664,233.522,0,16.100,61.300,12,589,8.700,30.900,6,288,7.400,30.400,6,301,0,0,0,0.000
2008,1979052068,1,0,1,2,369.900,363.300,0.300,5.600,13.700,4.800,0.000,0,42.400,0.000,0.000,3.700,155.500,92.200,62.900,0.000,0.000,0.000,1.900,0.000,0.000,0.000,0.000,0,0,0,0,2,2,0,0,0,0,0,0,0.000,0.000,0.000,0.000,0,0,0,0,47.939,256.882,2,87.400,46.400,12,593,55.800,23.100,6,290,31.600,23.300,6,303,2,1,1,0.000
2009,1979052068,1,0,1,2,364.000,357.500,0.400,5.300,17.700,4.700,0.000,0,40.100,0.000,0.000,68.000,80.800,43.500,36.800,0.000,0.000,0.000,2.000,0.900,2.700,6.000,13.100,0,0,0,0,2,2,0,0,0,0,0,0,0.000,0.000,0.000,0.000,0,0,0,0,51.226,274.993,0,13.100,46.900,12,593,7.200,23.500,6,290,5.900,23.400,6,303,0,0,0,0.000
2010,1979052068,1,0,1,2,358.600,351.100,0.400,6.300,15.400,5.100,0.000,0,77.900,0.000,0.000,3.900,92.300,49.800,42.000,0.000,0.000,0.000,1.900,0.000,0.000,0.000,0.000,0,0,0,0,2,2,0,0,0,0,0,0,0.000,0.000,0.000,0.000,0,0,0,0,51.833,288.693,0,14.500,54.800,12,593,8.000,27.900,6,290,6.500,26.900,6,303,0,0,0,0.000
2011,1979052068,1,0,1,2,431.800,424.300,0.300,6.400,16.300,5.400,0.000,0,48.900,0.000,0.000,4.300,181.700,106.400,74.700,0.000,0.000,0.000,2.100,0.000,0.000,0.000,0.000,0,0,0,0,2,2,0,0,0,0,0,0,0.000,0.000,0.000,0.000,0,0,0,0,53.987,313.102,2,99.400,56.600,12,596,62.100,28.800,6,292,37.300,27.800,6,304,2,1,1,0.000
2012,1979052068,1,0,1,2,419.200,412.400,0.600,5.500,18.800,6.300,0.000,0,19.500,0.000,0.000,71.200,113.900,61.500,51.800,0.000,0.000,0.000,2.500,1.700,2.700,6.800,14.800,0,0,0,0,0,0,0,0,0,0,0,0,0.000,0.000,0.000,0.000,0,0,0,0,56.528,330.976,0,18.100,66.500,12,596,9.700,34.000,6,292,8.400,32.500,6,304,0,0,0,0.000
2013,1979052068,1,0,1,2,226.900,222.900,0.200,3.300,8.500,3.200,0.000,0,66.300,0.000,0.000,2.400,51.000,28.300,22.200,0.000,0.000,0.000,1.300,0.000,0.000,0.000,0.000,0,0,0,0,2,2,0,0,0,0,0,0,0.000,0.000,0.000,0.000,0,0,0,0,57.567,311.522,0,8.700,28.900,12,596,4.800,14.800,6,292,3.900,14.100,6,304,0,0,0,0.000
2014,1979052068,1,0,1,2,281.100,275.900,0.400,4.400,9.700,3.300,0.000,0,29.900,0.000,0.000,3.100,123.700,78.100,45.200,0.000,0.000,0.000,1.400,0.000,0.000,0.000,0.000,0,0,0,0,2,2,0,0,0,0,0,0,0.000,0.000,0.000,0.000,0,0,0,0,60.741,305.110,2,75.000,32.400,12,600,51.000,16.500,6,294,24.000,15.900,6,306,2,1,1,0.000
2015,1979052068,1,0,1,2,195.500,192.300,0.200,2.700,6.100,2.000,0.000,0,55.700,0.000,0.000,27.400,39.600,23.500,15.900,0.000,0.000,0.000,1.100,0.500,1.200,2.100,4.500,0,0,0,0,2,2,0,0,0,0,0,0,0.000,0.000,0.000,0.000,0,0,0,0,62.227,284.804,0,6.200,19.900,12,600,3.300,10.100,6,294,2.900,9.800,6,306,0,0,0,0.000
2016,1979052068,1,0,1,2,158.100,155.000,0.200,2.700,6.200,2.000,0.000,0,25.100,0.000,0.000,1.700,37.600,21.500,15.900,0.000,0.000,0.000,0.800,0.000,0.000,0.000,0.000,0,0,0,0,2,2,0,0,0,0,0,0,0.000,0.000,0.000,0.000,0,0,0,0,56.588,261.439,0,7.000,18.900,12,600,3.800,9.500,6,294,3.200,9.400,6,306,0,0,0,0.000
2017,1979052068,1,0,1,2,139.000,135.800,0.200,2.700,6.500,2.000,0.000,0,24.700,0.000,0.000,1.800,38.500,21.900,16.400,0.000,0.000,0.000,0.900,0.000,0.000,0.000,0.000,0,0,0,0,0,0,0,0,0,0,0,0,0.000,0.000,0.000,0.000,0,0,0,0,51.946,238.824,0,6.600,20.100,12,600,3.600,10.000,6,294,3.000,10.100,6,306,0,0,0,0.000
2018,1979052068,1,0,1,2,258.300,254.800,0.200,2.900,11.900,2.400,0.000,0,21.800,0.000,0.000,61.200,71.400,38.800,32.300,0.000,0.000,0.000,1.300,0.600,1.600,3.500,7.500,0,0,0,0,2,2,0,0,0,0,0,0,0.000,0.000,0.000,0.000,0,0,0,0,53.234,241.700,2,33.200,24.300,12,601,17.200,11.900,6,295,16.000,12.400,6,306,2,1,1,0.000
2019,1979052068,1,0,1,2,311.700,304.600,0.600,5.800,15.400,5.200,0.000,0,67.500,0.000,0.000,3.800,84.800,47.100,37.200,0.000,0.000,0.000,2.000,0.000,0.000,0.000,0.000,0,0,0,0,2,2,0,0,0,0,0,0,0.000,0.000,0.000,0.000,0,0,0,0,55.748,253.022,0,15.700,41.200,12,601,8.800,20.500,6,295,6.900,20.700,6,306,0,0,0,0.000
2020,1979052068,1,0,1,2,149.000,145.800,0.200,2.700,7.800,2.800,0.000,0,10.300,0.000,0.000,1.800,46.200,26.300,19.700,0.000,0.000,0.000,0.800,0.000,0.000,0.000,0.000,0,0,0,0,0,0,0,0,0,0,0,0,0.000,0.000,0.000,0.000,0,0,0,0,51.185,233.722,0,7.600,25.100,12,601,4.300,12.600,6,295,3.300,12.500,6,306,0,0,0,0.000
2021,1979052068,1,0,1,2,231.500,226.600,0.200,4.300,7.900,2.300,0.000,0,35.300,0.000,0.000,31.700,69.700,37.600,31.900,0.000,0.000,0.000,1.000,0.500,1.300,2.600,5.400,0,0,0,0,2,2,0,0,0,0,0,0,0.000,0.000,0.000,0.000,0,0,0,0,48.938,232.440,2,32.600,23.400,12,600,16.500,11.400,6,295,16.100,12.000,6,305,2,1,1,0.000
2022,1979052068,1,0,1,2,327.600,323.800,0.200,3.100,20.200,4.800,0.000,0,27.200,0.000,0.000,5.200,104.200,60.800,42.800,0.000,0.000,0.000,2.600,0.000,0.000,0.000,0.000,0,0,0,0,0,0,0,0,0,0,0,0,0.000,0.000,0.000,0.000,0,0,0,0,47.779,248.885,0,20.100,52.400,12,600,10.800,27.100,6,295,9.300,25.300,6,305,0,0,0,0.000
2023,1979052068,1,0,1,2,199.500,177.700,17.300,4.200,7.800,2.600,0.000,0,38.200,0.000,0.000,2.100,47.300,26.600,20.300,0.000,0.000,0.000,1.000,0.000,0.000,0.000,0.000,0,0,0,0,2,2,0,0,0,0,0,0,0.000,0.000,0.000,0.000,0,0,0,0,45.371,236.072,0,7.800,25.400,12,600,4.500,12.800,6,295,3.300,12.600,6,305,0,0,0,0.000
2024,1979052068,1,0,1,2,271.300,267.000,0.300,3.600,9.500,3.100,0.000,0,27.400,0.000,0.000,41.200,88.300,47.500,40.500,0.000,0.000,0.000,1.300,0.700,2.100,3.400,6.900,0,0,0,0,2,2,0,0,0,0,0,0,0.000,0.000,0.000,0.000,0,0,0,0,46.726,241.639,2,40.600,29.300,12,598,20.900,14.000,6,294,19.700,15.300,6,304,2,1,1,0.000
2025,1979052068,1,0,1,2,202.200,197.300,0.300,4.100,10.500,3.400,0.000,0,14.500,0.000,0.000,2.900,61.800,33.700,27.800,0.000,0.000,0.000,1.400,0.000,0.000,0.000,0.000,0,0,0,0,0,0,0,0,0,0,0,0,0.000,0.000,0.000,0.000,0,0,0,0,44.507,233.658,0,10.000,33.600,12,598,5.400,16.200,6,294,4.600,17.400,6,304,0,0,0,0.000
2026,1979052068,1,0,1,2,408.800,394.600,0.400,12.800,17.400,5.700,0.000,0,85.900,0.000,0.000,4.400,103.900,56.600,46.700,0.000,0.000,0.000,2.100,0.000,0.000,0.000,0.000,0,0,0,0,2,2,0,0,0,0,0,0,0.000,0.000,0.000,0.000,0,0,0,0,46.954,262.627,0,16.200,59.300,12,598,8.700,29.600,6,294,7.500,29.700,6,304,0,0,0,0.000
2027,1979052068,1,0,1,2,433.600,426.600,0.400,6.000,15.000,5.400,0.000,0,43.900,0.000,0.000,56.600,152.900,83.100,69.300,0.000,0.000,0.000,2.100,0.900,2.300,5.700,12.000,0,0,0,0,2,2,0,0,0,0,0,0,0.000,0.000,0.000,0.000,0,0,0,0,49.680,292.142,2,68.200,57.100,12,594,34.500,31.000,6,291,33.700,26.100,6,303,2,1,1,0.000
2028,1979052068,1,0,1,2,388.800,383.900,0.200,4.200,18.700,5.800,0.000,0,70.100,0.000,0.000,4.800,110.600,60.900,49.000,0.000,0.000,0.000,2.400,0.000,0.000,0.000,0.000,0,0,0,0,2,2,0,0,0,0,0,0,0.000,0.000,0.000,0.000,0,0,0,0,51.484,308.659,0,18.000,62.900,12,594,9.600,32.000,6,291,8.400,30.900,6,303,0,0,0,0.000
2029,1979052068,1,0,1,2,394.500,385.800,0.400,7.500,17.100,5.700,0.000,0,23.300,0.000,0.000,61.300,104.000,56.700,46.800,0.000,0.000,0.000,2.500,0.900,2.400,6.300,14.200,0,0,0,0,0,0,0,0,0,0,0,0,0.000,0.000,0.000,0.000,0,0,0,0,51.325,322.544,0,16.300,58.700,12,594,8.700,29.100,6,291,7.600,29.600,6,303,0,0,0,0.000
2030,1979052068,1,0,1,2,335.300,329.800,0.300,4.600,12.400,4.300,0.000,0,36.000,0.000,0.000,3.100,152.600,81.800,70.300,0.000,0.000,0.000,1.500,0.000,0.000,0.000,0.000,0,0,0,0,2,2,0,0,0,0,0,0,0.000,0.000,0.000,0.000,0,0,0,0,51.158,323.850,2,90.500,40.000,12,589,47.200,20.100,6,287,43.300,19.900,6,302,2,1,1,0.000
2031,1979052068,1,0,1,2,377.000,370.300,0.300,5.600,14.500,4.800,0.000,0,41.400,0.000,0.000,72.200,87.300,47.700,39.100,0.000,0.000,0.000,2.000,18.600,2.500,5.300,11.300,0,0,0,0,2,2,0,0,0,0,0,0,0.000,0.000,0.000,0.000,0,0,0,0,53.560,332.211,0,14.400,47.900,12,589,7.900,23.500,6,287,6.500,24.400,6,302,0,0,0,0.000
2032,1979052068,1,0,1,2,349.300,343.100,0.300,5.200,16.800,4.400,0.000,0,37.600,0.000,0.000,3.200,145.400,86.300,58.600,0.000,0.000,0.000,1.600,0.000,0.000,0.000,0.000,0,0,0,0,2,2,0,0,0,0,0,0,0.000,0.000,0.000,0.000,0,0,0,0,55.439,334.171,2,79.100,42.700,12,583,49.800,21.100,6,283,29.300,21.600,6,300,2,1,1,0.000
2033,1979052068,1,0,1,2,262.700,257.800,0.300,4.100,11.400,3.800,0.000,0,53.700,0.000,0.000,3.100,70.500,39.100,31.100,0.000,0.000,0.000,1.400,0.000,0.000,0.000,0.000,0,0,0,0,2,2,0,0,0,0,0,0,0.000,0.000,0.000,0.000,0,0,0,0,53.254,320.424,0,11.200,38.600,12,583,6.200,19.200,6,283,5.000,19.400,6,300,0,0,0,0.000
2034,1979052068,1,0,1,2,425.000,416.900,0.300,6.900,17.500,6.200,0.000,0,24.200,0.000,0.000,85.800,106.700,58.500,47.500,0.000,0.000,0.000,3.000,1.200,3.100,8.500,22.800,0,0,0,0,0,0,0,0,0,0,0,0,0.000,0.000,0.000,0.000,0,0,0,0,52.884,337.790,0,16.600,59.200,12,583,8.900,29.400,6,283,7.700,29.800,6,300,0,0,0,0.000
2035,1979052068,1,0,1,2,483.400,475.000,0.500,7.000,18.100,5.800,0.000,0,51.900,0.000,0.000,4.700,217.600,137.100,79.900,0.000,0.000,0.000,2.300,0.000,0.000,0.000,0.000,0,0,0,0,2,2,0,0,0,0,0,0,0.000,0.000,0.000,0.000,0,0,0,0,71.949,362.488,2,113.300,73.000,12,579,74.000,43.000,6,281,39.300,30.000,6,298,2,1,1,0.000
2036,1979052068,1,0,1,2,244.900,240.400,0.300,3.800,10.100,3.300,0.000,0,28.900,0.000,0.000,39.800,60.900,33.600,26.600,0.000,0.000,0.000,1.300,0.600,1.500,3.400,7.500,0,0,0,0,2,2,0,0,0,0,0,0,0.000,0.000,0.000,0.000,0,0,0,0,66.576,340.512,0,9.600,32.900,12,579,5.200,16.100,6,281,4.400,16.800,6,298,0,0,0,0.000
2037,1979052068,1,0,1,2,412.600,404.500,0.500,6.900,16.200,5.700,0.000,0,79.100,0.000,0.000,4.100,101.100,55.700,44.900,0.000,0.000,0.000,2.000,0.000,0.000,0.000,0.000,0,0,0,0,2,2,0,0,0,0,0,0,0.000,0.000,0.000,0.000,0,0,0,0,65.213,352.030,0,16.100,57.400,12,579,8.800,29.100,6,281,7.300,28.300,6,298,0,0,0,0.000
2038,1979052068,1,0,1,2,372.900,364.600,0.400,7.000,18.400,5.800,0.000,0,24.300,0.000,0.000,4.500,109.900,60.200,49.100,0.000,0.000,0.000,2.300,0.000,0.000,0.000,0.000,0,0,0,0,0,0,0,0,0,0,0,0,0.000,0.000,0.000,0.000,0,0,0,0,62.510,354.292,0,17.500,62.100,12,579,9.700,31.200,6,281,7.800,30.900,6,298,0,0,0,0.000
2039,1979052068,1,0,1,2,300.900,296.100,0.200,4.000,10.800,3.400,0.000,0,29.800,0.000,0.000,51.500,98.200,52.000,45.800,0.000,0.000,0.000,1.400,0.600,1.500,4.000,7.600,0,0,0,0,2,2,0,0,0,0,0,0,0.000,0.000,0.000,0.000,0,0,0,0,61.284,343.818,2,45.700,34.600,12,579,23.200,16.800,6,280,22.500,17.800,6,299,2,1,1,0.000
2040,1979052068,1,0,1,2,296.100,290.900,0.300,4.300,18.400,3.800,0.000,0,15.900,0.000,0.000,4.800,97.300,62.000,34.800,0.000,0.000,0.000,2.300,0.000,0.000,0.000,0.000,0,0,0,0,0,0,0,0,0,0,0,0,0.000,0.000,0.000,0.000,0,0,0,0,58.335,334.293,0,17.400,53.700,12,579,9.600,33.100,6,280,7.800,20.600,6,299,0,0,0,0.000
2041,1979052068,1,0,1,2,421.200,412.600,0.500,7.200,16.700,5.900,0.000,0,86.600,0.000,0.000,4.500,123.100,56.700,47.900,0.000,0.000,0.000,2.100,0.000,0.000,0.000,0.000,0,0,0,0,2,2,0,0,0,0,0,0,0.000,0.000,0.000,0.000,0,0,0,0,58.473,348.388,0,16.100,61.300,12,579,8.600,30.300,6,280,7.500,31.000,6,299,0,0,0,0.000
2042,1979052068,1,0,1,2,268.000,262.600,0.300,4.500,11.500,3.800,0.000,0,15.400,0.000,0.000,46.200,69.500,38.400,30.600,0.000,0.000,0.000,1.400,0.800,2.100,4.500,9.100,0,0,0,0,0,0,0,0,0,0,0,0,0.000,0.000,0.000,0.000,0,0,0,0,55.094,332.946,0,9.500,39.700,10,483,5.100,19.600,5,233,4.400,20.100,5,250,0,0,0,0.000
2043,1979052068,1,0,1,2,186.400,183.200,0.200,2.800,7.300,2.400,0.000,0,20.500,0.000,0.000,1.700,81.600,50.700,30.700,0.000,0.000,0.000,1.000,0.000,0.000,0.000,0.000,0,0,0,0,2,2,0,0,0,0,0,0,0.000,0.000,0.000,0.000,0,0,0,0,51.567,305.992,2,46.000,22.700,12,582,30.600,11.200,6,281,15.400,11.500,6,301,2,1,1,0.000
2044,1979052068,1,0,1,2,192.600,188.800,0.200,3.300,8.300,2.800,0.000,0,39.700,0.000,0.000,2.300,51.900,28.700,23.000,0.000,0.000,0.000,1.000,0.000,0.000,0.000,0.000,0,0,0,0,2,2,0,0,0,0,0,0,0.000,0.000,0.000,0.000,0,0,0,0,48.351,284.897,0,8.100,29.300,12,582,4.300,14.700,6,281,3.800,14.600,6,301,0,0,0,0.000
2045,1979052068,1,0,1,2,285.200,280.500,0.300,3.900,12.300,4.300,0.000,0,13.500,0.000,0.000,44.600,70.600,38.900,31.300,0.000,0.000,0.000,1.600,0.700,1.700,4.100,8.900,0,0,0,0,0,0,0,0,0,0,0,0,0.000,0.000,0.000,0.000,0,0,0,0,46.668,284.106,0,9.400,40.300,10,486,5.100,20.100,5,235,4.300,20.200,5,251,0,0,0,0.000
2046,1979052068,1,0,1,2,325.000,319.800,0.300,4.300,11.900,3.800,0.000,0,34.800,0.000,0.000,2.900,148.900,79.800,68.800,0.000,0.000,0.000,1.400,0.000,0.000,0.000,0.000,0,0,0,0,2,2,0,0,0,0,0,0,0.000,0.000,0.000,0.000,0,0,0,0,47.304,290.531,2,73.200,54.700,12,586,46.900,19.700,6,284,26.300,35.000,6,302,2,1,1,0.000
2047,1979052068,1,0,1,2,431.000,422.900,0.500,6.900,17.700,5.700,0.000,0,50.500,0.000,0.000,64.500,107.600,59.200,47.900,0.000,0.000,0.000,2.200,0.900,2.700,6.200,14.000,0,0,0,0,2,2,0,0,0,0,0,0,0.000,0.000,0.000,0.000,0,0,0,0,51.443,314.357,0,17.100,60.300,12,586,9.400,30.300,6,284,7.700,30.000,6,302,0,0,0,0.000
2048,1979052068,1,0,1,2,527.500,519.400,0.500,6.700,18.800,5.900,0.000,0,52.600,0.000,0.000,4.800,244.400,146.400,97.200,0.000,0.000,0.000,2.300,0.000,0.000,0.000,0.000,0,0,0,0,2,2,0,0,0,0,0,0,0.000,0.000,0.000,0.000,0,0,0,0,57.321,351.265,2,143.400,63.600,12,590,88.200,32.700,6,287,55.200,30.900,6,303,2,1,1,0.000
2049,1979052068,1,0,1,2,499.500,490.500,0.400,7.500,19.200,6.600,0.000,0,57.400,0.000,0.000,80.100,123.900,71.400,51.900,0.000,0.000,0.000,2.900,1.200,3.100,8.100,18.400,0,0,0,0,2,2,0,0,0,0,0,0,0.000,0.000,0.000,0.000,0,0,0,0,59.225,376.327,0,23.400,68.700,12,590,15.100,35.300,6,287,8.300,33.400,6,303,0,0,0,0.000
2050,1979052068,1,0,1,2,491.300,483.100,0.500,6.900,18.100,6.000,0.000,0,52.500,0.000,0.000,4.500,226.200,144.500,81.100,0.000,0.000,0.000,2.100,0.000,0.000,0.000,0.000,0,0,0,0,2,2,0,0,0,0,0,0,0.000,0.000,0.000,0.000,0,0,0,0,63.181,395.546,2,118.600,77.100,12,594,78.000,46.900,6,290,40.600,30.200,6,304,2,1,1,0.000
2051,1979052068,1,0,1,2,399.900,392.300,0.400,6.200,16.300,5.600,0.000,0,46.800,0.000,0.000,59.300,100.900,55.600,44.700,0.000,0.000,0.000,2.000,1.000,2.400,5.800,12.900,0,0,0,0,2,2,0,0,0,0,0,0,0.000,0.000,0.000,0.000,0,0,0,0,62.770,394.962,0,15.500,57.400,12,594,8.300,29.200,6,290,7.200,28.200,6,304,0,0,0,0.000
2052,1979052068,1,0,1,2,276.000,270.600,0.300,4.500,12.800,4.000,0.000,0,54.000,0.000,0.000,3.300,74.100,40.300,33.300,0.000,0.000,0.000,1.600,0.000,0.000,0.000,0.000,0,0,0,0,2,2,0,0,0,0,0,0,0.000,0.000,0.000,0.000,0,0,0,0,60.238,372.577,0,11.600,42.000,12,594,6.400,21.100,6,290,5.200,20.900,6,304,0,0,0,0.000
2053,1979052068,1,0,1,2,335.600,328.000,0.400,6.500,16.300,5.200,0.000,0,22.700,0.000,0.000,4.500,99.100,54.500,44.000,0.000,0.000,0.000,2.100,0.000,0.000,0.000,0.000,0,0,0,0,0,0,0,0,0,0,0,0,0.000,0.000,0.000,0.000,0,0,0,0,59.745,364.553,0,13.300,57.000,10,498,7.300,29.100,5,243,6.000,27.900,5,255,0,0,0,0.000
2054,1979052068,1,0,1,2,510.500,502.900,0.400,6.300,19.500,11.600,0.000,0,47.300,0.000,0.000,69.900,184.500,97.300,86.600,0.000,0.000,0.000,2.600,1.000,3.000,7.200,15.400,0,0,0,0,2,2,0,0,0,0,0,0,0.000,0.000,0.000,0.000,0,0,0,0,63.013,389.455,2,86.900,65.700,12,598,44.600,32.500,6,292,42.300,33.200,6,306,2,1,1,0.000
2055,1979052068,1,0,1,2,426.000,417.600,0.600,7.000,18.000,5.800,0.000,0,85.900,0.000,0.000,4.400,107.200,58.300,48.400,0.000,0.000,0.000,2.100,0.000,0.000,0.000,0.000,0,0,0,0,2,2,0,0,0,0,0,0,0.000,0.000,0.000,0.000,0,0,0,0,62.758,394.521,0,17.000,61.700,12,598,9.300,30.700,6,292,7.700,31.000,6,306,0,0,0,0.000
2056,1979052068,1,0,1,2,362.800,356.900,0.400,5.000,13.500,4.300,0.000,0,37.100,0.000,0.000,49.100,124.200,65.500,58.200,0.000,0.000,0.000,1.800,0.900,1.900,4.500,10.100,0,0,0,0,2,2,0,0,0,0,0,0,0.000,0.000,0.000,0.000,0,0,0,0,61.236,387.750,2,58.400,43.300,12,598,29.500,21.300,6,292,28.900,22.000,6,306,2,1,1,0.000
2057,1979052068,1,0,1,2,265.400,259.300,0.300,5.100,14.200,4.300,0.000,0,18.600,0.000,0.000,3.700,84.300,46.500,37.400,0.000,0.000,0.000,1.900,0.000,0.000,0.000,0.000,0,0,0,0,0,0,0,0,0,0,0,0,0.000,0.000,0.000,0.000,0,0,0,0,58.817,364.629,0,13.400,48.200,12,598,7.000,24.500,6,292,6.400,23.700,6,306,0,0,0,0.000
2058,1979052068,1,0,1,2,310.700,304.600,0.300,5.100,13.100,4.100,0.000,0,62.800,0.000,0.000,3.500,77.500,42.300,34.800,0.000,0.000,0.000,1.600,0.000,0.000,0.000,0.000,0,0,0,0,2,2,0,0,0,0,0,0,0.000,0.000,0.000,0.000,0,0,0,0,57.086,353.824,0,12.300,44.200,12,598,6.700,21.900,6,292,5.600,22.300,6,306,0,0,0,0.000
2059,1979052068,1,0,1,2,511.500,503.300,0.500,6.800,18.200,6.400,0.000,0,51.300,0.000,0.000,62.800,168.000,88.100,79.400,0.000,0.000,0.000,2.200,1.000,2.400,6.200,13.600,0,0,0,0,2,2,0,0,0,0,0,0,0.000,0.000,0.000,0.000,0,0,0,0,59.357,380.729,2,80.700,56.200,12,598,40.500,27.600,6,292,40.200,28.600,6,306,2,1,1,0.000
2060,1979052068,1,0,1,2,405.800,397.500,0.400,7.000,17.200,5.800,0.000,0,88.600,0.000,0.000,4.600,105.900,56.800,48.500,0.000,0.000,0.000,2.300,0.000,0.000,0.000,0.000,0,0,0,0,2,2,0,0,0,0,0,0,0.000,0.000,0.000,0.000,0,0,0,0,61.075,383.748,0,17.400,59.000,12,598,9.500,28.800,6,292,7.900,30.200,6,306,0,0,0,0.000
2061,1979052068,1,0,1,2,418.000,410.000,0.400,6.800,18.000,6.000,0.000,0,24.400,0.000,0.000,68.600,108.600,58.700,49.300,0.000,0.000,0.000,2.400,1.100,2.700,6.200,13.800,0,0,0,0,0,0,0,0,0,0,0,0,0.000,0.000,0.000,0.000,0,0,0,0,61.043,388.473,0,17.500,59.400,12,598,9.600,28.700,6,292,7.900,30.700,6,306,0,0,0,0.000
2062,1979052068,1,0,1,2,469.100,461.200,0.400,6.600,17.800,6.200,0.000,0,51.900,0.000,0.000,4.600,202.700,114.500,87.600,0.000,0.000,0.000,2.200,0.000,0.000,0.000,0.000,0,0,0,0,2,2,0,0,0,0,0,0,0.000,0.000,0.000,0.000,0,0,0,0,63.933,401.564,2,114.800,57.500,12,594,66.900,28.000,6,289,47.900,29.500,6,305,2,1,1,0.000
2063,1979052068,1,0,1,2,437.200,429.300,0.400,6.600,18.100,5.900,0.000,0,50.600,0.000,0.000,64.000,104.400,56.300,47.600,0.000,0.000,0.000,2.200,0.900,2.500,6.400,14.000,0,0,0,0,2,2,0,0,0,0,0,0,0.000,0.000,0.000,0.000,0,0,0,0,63.981,406.557,0,16.500,58.800,12,594,8.900,28.900,6,289,7.600,29.900,6,305,0,0,0,0.000
2064,1979052068,1,0,1,2,529.700,521.100,0.400,7.300,18.500,6.300,0.000,0,56.200,0.000,0.000,4.700,237.900,150.700,86.600,0.000,0.000,0.000,2.300,0.000,0.000,0.000,0.000,0,0,0,0,2,2,0,0,0,0,0,0,0.000,0.000,0.000,0.000,0,0,0,0,65.587,427.174,2,119.600,85.300,12,590,75.900,53.300,6,286,43.700,32.000,6,304,2,1,1,0.000
2065,1979052068,1,0,1,2,424.000,415.800,0.400,6.900,17.600,6.500,0.000,0,93.600,0.000,0.000,5.100,104.500,57.900,46.000,0.000,0.000,0.000,2.700,0.000,0.000,0.000,0.000,0,0,0,0,2,2,0,0,0,0,0,0,0.000,0.000,0.000,0.000,0,0,0,0,65.481,425.127,0,17.100,59.000,12,590,9.400,30.000,6,286,7.700,29.000,6,304,0,0,0,0.000
2066,1979052068,1,0,1,2,496.600,487.600,0.400,7.600,19.900,6.300,0.000,0,26.000,0.000,0.000,118.300,114.500,63.100,50.800,0.000,0.000,0.000,2.500,1.100,2.900,7.100,15.100,0,0,0,0,0,0,0,0,0,0,0,0,0.000,0.000,0.000,0.000,0,0,0,0,64.297,436.372,0,17.600,64.400,12,590,9.400,32.500,6,286,8.200,31.900,6,304,0,0,0,0.000
2067,1979052068,1,0,1,2,478.600,470.600,0.400,6.800,18.000,5.800,0.000,0,51.800,0.000,0.000,4.800,203.500,115.500,87.400,0.000,0.000,0.000,2.400,0.000,0.000,0.000,0.000,0,0,0,0,2,2,0,0,0,0,0,0,0.000,0.000,0.000,0.000,0,0,0,0,65.737,442.533,2,107.200,57.800,12,586,68.000,27.500,6,284,39.200,30.300,6,302,2,1,1,0.000
2068,1979052068,1,0,1,2,211.200,207.200,0.300,3.400,9.200,2.800,0.000,0,24.100,0.000,0.000,35.200,51.600,28.500,22.600,0.000,0.000,0.000,1.100,0.500,1.500,2.900,6.300,0,0,0,0,2,2,0,0,0,0,0,0,0.000,0.000,0.000,0.000,0,0,0,0,60.708,400.173,0,8.200,27.900,12,586,4.500,13.900,6,284,3.700,14.000,6,302,0,0,0,0.000
2069,1979052068,1,0,1,2,226.400,222.500,0.300,3.300,8.700,3.100,0.000,0,25.700,0.000,0.000,2.700,97.400,59.300,37.800,0.000,0.000,0.000,1.100,0.000,0.000,0.000,0.000,0,0,0,0,2,2,0,0,0,0,0,0,0.000,0.000,0.000,0.000,0,0,0,0,57.017,368.192,2,54.900,26.900,12,584,35.800,13.200,6,283,19.100,13.700,6,301,2,1,1,0.000
2070,1979052068,1,0,1,2,349.700,341.600,0.600,6.700,17.700,5.900,0.000,0,23.600,0.000,0.000,4.700,106.300,58.300,47.300,0.000,0.000,0.000,2.300,0.000,0.000,0.000,0.000,0,0,0,0,0,0,0,0,0,0,0,0,0.000,0.000,0.000,0.000,0,0,0,0,56.402,363.405,0,16.800,59.800,12,584,9.200,30.100,6,283,7.600,29.700,6,301,0,0,0,0.000
2071,1979052068,1,0,1,2,370.300,363.300,0.300,5.900,14.800,5.100,0.000,0,42.400,0.000,0.000,53.000,86.600,47.300,38.800,0.000,0.000,0.000,1.900,0.900,2.100,5.200,11.100,0,0,0,0,2,2,0,0,0,0,0,0,0.000,0.000,0.000,0.000,0,0,0,0,56.312,363.386,0,13.900,48.400,12,584,7.500,24.000,6,283,6.400,24.400,6,301,0,0,0,0.000
2072,1979052068,1,0,1,2,195.200,191.900,0.200,2.800,7.500,2.500,0.000,0,21.600,0.000,0.000,2.100,84.700,52.300,32.200,0.000,0.000,0.000,1.000,0.000,0.000,0.000,0.000,0,0,0,0,2,2,0,0,0,0,0,0,0.000,0.000,0.000,0.000,0,0,0,0,52.871,332.519,2,48.100,23.700,12,583,32.000,11.500,6,283,16.100,12.200,6,300,2,1,1,0.000
2073,1979052068,1,0,1,2,205.600,200.900,0.200,3.900,10.600,3.500,0.000,0,14.500,0.000,0.000,2.700,64.700,35.900,28.400,0.000,0.000,0.000,1.300,0.000,0.000,0.000,0.000,0,0,0,0,0,0,0,0,0,0,0,0,0.000,0.000,0.000,0.000,0,0,0,0,51.347,308.827,0,10.600,36.000,12,583,6.000,17.800,6,283,4.600,18.200,6,300,0,0,0,0.000
2074,1979052068,1,0,1,2,588.400,579.300,0.400,7.700,18.400,6.100,0.000,0,54.000,0.000,0.000,78.200,184.000,96.900,86.500,0.000,0.000,0.000,2.400,1.000,3.200,6.700,15.200,0,0,0,0,2,2,0,0,0,0,0,0,0.000,0.000,0.000,0.000,0,0,0,0,56.126,357.513,2,86.700,64.100,12,582,44.200,31.200,6,283,42.500,32.900,6,299,2,1,1,0.000
2075,1979052068,1,0,1,2,467.000,426.200,32.900,6.900,19.300,6.200,0.000,0,91.100,0.000,0.000,5.100,115.100,62.600,51.900,0.000,0.000,0.000,2.400,0.000,0.000,0.000,0.000,0,0,0,0,2,2,0,0,0,0,0,0,0.000,0.000,0.000,0.000,0,0,0,0,58.641,369.876,0,18.000,66.400,12,582,9.800,33.100,6,283,8.200,33.300,6,299,0,0,0,0.000
2076,1979052068,1,0,1,2,504.200,496.000,0.700,6.700,18.400,5.800,0.000,0,51.600,0.000,0.000,68.300,172.400,91.000,80.800,0.000,0.000,0.000,2.500,1.100,2.700,6.500,14.000,0,0,0,0,2,2,0,0,0,0,0,0,0.000,0.000,0.000,0.000,0,0,0,0,61.766,392.579,2,81.000,60.400,12,586,41.400,29.200,6,286,39.600,31.200,6,300,2,1,1,0.000
2077,1979052068,1,0,1,2,316.300,310.100,0.400,5.200,13.700,4.600,0.000,0,69.800,0.000,0.000,3.600,83.000,45.200,37.300,0.000,0.000,0.000,1.700,0.000,0.000,0.000,0.000,0,0,0,0,2,2,0,0,0,0,0,0,0.000,0.000,0.000,0.000,0,0,0,0,59.918,377.732,0,13.100,47.800,12,586,7.200,23.500,6,286,5.900,24.300,6,300,0,0,0,0.000
2078,1979052068,1,0,1,2,205.400,200.600,0.300,4.100,11.400,3.500,0.000,0,14.200,0.000,0.000,2.700,64.600,35.700,28.500,0.000,0.000,0.000,1.300,0.000,0.000,0.000,0.000,0,0,0,0,0,0,0,0,0,0,0,0,0.000,0.000,0.000,0.000,0,0,0,0,58.133,345.849,0,10.200,36.600,12,586,5.700,18.100,6,286,4.500,18.500,6,300,0,0,0,0.000
2079,1979052068,1,0,1,2,279.700,275.100,0.300,3.900,10.000,3.300,0.000,0,28.800,0.000,0.000,40.000,94.800,50.900,43.500,0.000,0.000,0.000,1.200,0.600,1.600,3.500,7.700,0,0,0,0,2,2,0,0,0,0,0,0,0.000,0.000,0.000,0.000,0,0,0,0,56.129,333.114,2,44.700,32.500,12,589,23.000,16.200,6,288,21.700,16.300,6,301,2,1,1,0.000
2080,1979052068,1,0,1,2,155.300,151.600,0.200,3.000,7.600,2.500,0.000,0,11.400,0.000,0.000,2.000,46.700,25.200,21.200,0.000,0.000,0.000,1.000,0.000,0.000,0.000,0.000,0,0,0,0,0,0,0,0,0,0,0,0,0.000,0.000,0.000,0.000,0,0,0,0,54.000,300.441,0,8.300,27.000,12,589,4.700,13.600,6,288,3.600,13.400,6,301,0,0,0,0.000
2081,1979052068,1,0,1,2,144.700,141.600,0.200,2.700,6.400,2.100,0.000,0,32.800,0.000,0.000,1.800,36.200,19.600,16.300,0.000,0.000,0.000,0.700,0.000,0.000,0.000,0.000,0,0,0,0,2,2,0,0,0,0,0,0,0.000,0.000,0.000,0.000,0,0,0,0,49.968,271.850,0,6.200,21.100,12,589,3.400,10.800,6,288,2.800,10.300,6,301,0,0,0,0.000
2082,1979052068,1,0,1,2,295.800,291.500,0.400,3.500,8.400,3.000,0.000,0,82.600,0.000,0.000,37.000,75.700,39.800,35.500,0.000,0.000,0.000,1.100,0.600,1.500,2.800,6.100,0,0,0,0,2,2,0,0,0,0,0,0,0.000,0.000,0.000,0.000,0,0,0,0,49.092,275.387,2,37.700,26.100,12,594,19.900,12.900,6,291,17.800,13.200,6,303,2,1,1,0.000
2083,1979052068,1,0,1,2,158.700,154.800,0.200,3.400,8.000,2.600,0.000,0,10.700,0.000,0.000,2.000,46.500,26.400,20.000,0.000,0.000,0.000,1.000,0.000,0.000,0.000,0.000,0,0,0,0,0,0,0,0,0,0,0,0,0.000,0.000,0.000,0.000,0,0,0,0,45.457,253.681,0,7.500,25.100,12,594,4.100,12.700,6,291,3.400,12.400,6,303,0,0,0,0.000
2084,1979052068,1,0,1,2,220.600,217.400,0.400,2.600,17.300,2.800,0.000,0,38.400,0.000,0.000,5.000,59.500,40.800,18.200,0.000,0.000,0.000,2.400,0.000,0.000,0.000,0.000,0,0,0,0,2,2,0,0,0,0,0,0,0.000,0.000,0.000,0.000,0,0,0,0,47.265,247.151,0,12.200,36.500,12,594,9.100,24.800,6,291,3.100,11.700,6,303,0,0,0,0.000
2085,1979052068,1,0,1,2,406.500,403.500,0.200,2.300,16.900,5.600,0.000,0,17.600,0.000,0.000,73.800,164.800,85.000,79.200,0.000,0.000,0.000,2.400,0.900,2.900,6.100,13.900,0,0,0,0,2,2,0,0,0,0,0,0,0.000,0.000,0.000,0.000,0,0,0,0,50.583,275.293,2,79.800,60.100,12,595,40.400,29.800,6,291,39.400,30.300,6,304,2,1,1,0.000
2086,1979052068,1,0,1,2,134.100,131.300,0.200,2.400,6.000,1.700,0.000,0,22.800,0.000,0.000,1.700,34.300,20.200,14.000,0.000,0.000,0.000,0.800,0.000,0.000,0.000,0.000,0,0,0,0,2,2,0,0,0,0,0,0,0.000,0.000,0.000,0.000,0,0,0,0,46.608,249.375,0,5.700,17.600,12,595,3.100,9.000,6,291,2.600,8.600,6,304,0,0,0,0.000
2087,1979052068,1,0,1,2,138.900,136.000,0.200,2.500,6.300,2.000,0.000,0,31.800,0.000,0.000,1.600,36.300,21.000,15.100,0.000,0.000,0.000,0.900,0.000,0.000,0.000,0.000,0,0,0,0,2,2,0,0,0,0,0,0,0.000,0.000,0.000,0.000,0,0,0,0,43.817,228.967,0,6.000,19.500,12,595,3.400,10.000,6,291,2.600,9.500,6,304,0,0,0,0.000
2088,1979052068,1,0,1,2,142.600,139.500,0.200,2.700,5.700,2.000,0.000,0,8.800,0.000,0.000,27.100,36.500,19.300,17.100,0.000,0.000,0.000,0.800,0.300,1.000,1.900,3.900,0,0,0,0,0,0,0,0,0,0,0,0,0.000,0.000,0.000,0.000,0,0,0,0,41.150,212.863,0,7.200,18.900,12,595,3.000,9.000,6,291,4.200,9.900,6,304,0,0,0,0.000
2089,1979052068,1,0,1,2,182.000,179.000,0.100,2.600,6.600,2.000,0.000,0,19.500,0.000,0.000,1.500,73.800,46.500,26.900,0.000,0.000,0.000,0.900,0.000,0.000,0.000,0.000,0,0,0,0,2,2,0,0,0,0,0,0,0.000,0.000,0.000,0.000,0,0,0,0,39.287,206.768,2,42.200,19.900,12,598,27.900,10.200,6,293,14.300,9.700,6,305,2,1,1,0.000
2090,1979052068,1,0,1,2,171.300,168.400,0.300,2.500,7.100,1.800,0.000,0,49.100,0.000,0.000,1.600,38.900,22.800,15.900,0.000,0.000,0.000,0.800,0.000,0.000,0.000,0.000,0,0,0,0,0,0,0,0,0,0,0,0,0.000,0.000,0.000,0.000,0,0,0,0,48.955,199.862,0,6.500,20.600,12,598,3.600,10.700,6,293,2.900,9.900,6,305,0,0,0,0.000
2091,1979052068,1,0,1,2,313.900,308.200,0.300,4.800,12.200,4.100,0.000,0,16.800,0.000,0.000,58.500,92.600,42.000,50.200,0.000,0.000,0.000,2.300,0.800,2.300,5.300,13.100,0,0,0,0,0,0,0,0,0,0,0,0,0.000,0.000,0.000,0.000,0,0,0,0,47.793,219.363,0,14.600,56.600,12,598,6.200,22.000,6,293,8.400,34.600,6,305,0,0,0,0.000
2092,1979052068,1,0,1,2,353.800,350.800,0.200,2.500,17.200,5.700,0.000,0,46.700,0.000,0.000,4.600,106.200,59.200,46.500,0.000,0.000,0.000,2.100,0.000,0.000,0.000,0.000,0,0,0,0,0,0,0,0,0,0,0,0,0.000,0.000,0.000,0.000,0,0,0,0,48.334,243.021,0,16.300,62.000,12,598,8.900,32.100,6,293,7.400,29.900,6,305,0,0,0,0.000
2093,1979052068,1,0,1,2,148.500,145.700,0.100,2.300,5.600,1.900,0.000,0,34.000,0.000,0.000,1.400,39.000,22.700,15.900,0.000,0.000,0.000,0.800,0.000,0.000,0.000,0.000,0,0,0,0,0,0,0,0,0,0,0,0,0.000,0.000,0.000,0.000,0,0,0,0,43.738,225.503,0,5.600,22.400,12,598,2.900,12.100,6,293,2.700,10.300,6,305,0,0,0,0.000
2094,1979052068,1,0,1,2,169.400,166.400,0.200,2.400,7.000,2.400,0.000,0,19.900,0.000,0.000,32.300,40.800,24.100,16.500,0.000,0.000,0.000,0.900,0.600,1.400,2.200,4.600,0,0,0,0,0,0,0,0,0,0,0,0,0.000,0.000,0.000,0.000,0,0,0,0,42.237,214.865,0,6.000,22.200,10,500,3.400,11.300,5,245,2.600,10.900,5,255,0,0,0,0.000
2095,1979052068,1,0,1,2,147.600,144.400,0.200,2.600,7.000,2.400,0.000,0,9.100,0.000,0.000,2.200,58.800,39.600,18.800,38.400,26.200,12.200,0.900,0.000,0.000,0.000,0.000,0,0,0,0,0,0,0,0,0,0,0,0,0.000,0.000,0.000,0.000,0,0,0,0,39.009,202.181,0,5.400,41.100,10,500,3.000,28.200,5,245,2.400,12.900,5,255,0,0,0,0.000
2096,1979052068,1,0,1,2,352.800,338.900,6.400,6.600,17.400,5.700,0.000,0,89.100,0.000,0.000,4.600,41.800,26.000,15.300,0.000,0.000,0.000,2.200,0.000,0.000,0.000,0.000,0,0,0,0,0,0,0,0,0,0,0,0,0.000,0.000,0.000,0.000,0,0,0,0,42.841,226.791,0,11.400,2.600,8,400,6.300,1.300,4,196,5.100,1.300,4,204,0,0,0,0.000
2097,1979052068,1,0,1,2,379.900,371.800,0.400,6.900,17.100,5.700,0.000,0,49.300,0.000,0.000,83.000,41.900,25.700,15.500,0.000,0.000,0.000,2.400,1.100,2.500,6.100,13.900,0,0,0,0,0,0,0,0,0,0,0,0,0.000,0.000,0.000,0.000,0,0,0,0,43.572,252.892,0,11.300,2.600,8,400,6.200,1.400,4,196,5.100,1.200,4,204,0,0,0,0.000
2098,1979052068,1,0,1,2,136.200,132.800,0.200,3.000,7.600,2.200,0.000,0,35.000,0.000,0.000,1.900,18.300,11.800,6.000,0.000,0.000,0.000,0.900,0.000,0.000,0.000,0.000,0,0,0,0,0,0,0,0,0,0,0,0,0.000,0.000,0.000,0.000,0,0,0,0,40.823,231.276,0,5.000,1.000,8,400,2.900,0.500,4,196,2.100,0.500,4,204,0,0,0,0.000
2099,1979052068,1,0,1,2,160.600,156.800,0.300,3.200,8.300,2.700,0.000,0,41.600,0.000,0.000,2.400,21.400,14.600,6.500,0.000,0.000,0.000,1.100,0.000,0.000,0.000,0.000,0,0,0,0,0,0,0,0,0,0,0,0,0.000,0.000,0.000,0.000,0,0,0,0,39.919,217.870,0,4.900,1.200,6,301,3.000,0.600,3,148,1.900,0.600,3,153,0,0,0,0.000
2100,1979052068,1,0,1,2,134.100,131.400,0.200,2.300,5.700,2.000,0.000,0,8.500,0.000,0.000,40.300,15.600,10.800,4.500,0.000,0.000,0.000,0.800,0.400,1.000,2.000,4.200,0,0,0,0,0,0,0,0,0,0,0,0,0.000,0.000,0.000,0.000,0,0,0,0,38.259,202.305,0,3.300,0.900,6,301,1.900,0.500,3,148,1.400,0.400,3,153,0,0,0,0.000
2101,1979052068,1,0,1,2,184.700,180.500,0.200,3.500,9.700,3.000,0.000,0,52.300,0.000,0.000,2.500,22.500,14.700,7.500,0.000,0.000,0.000,1.200,0.000,0.000,0.000,0.000,0,0,0,0,0,0,0,0,0,0,0,0,0.000,0.000,0.000,0.000,0,0,0,0,37.115,198.380,0,5.200,1.300,6,301,3.100,0.700,3,148,2.100,0.600,3,153,0,0,0,0.000
2102,1979052068,1,0,1,2,153.500,148.900,0.200,3.900,10.000,3.100,0.000,0,13.300,0.000,0.000,2.900,22.900,15.200,7.300,0.000,0.000,0.000,1.400,0.000,0.000,0.000,0.000,0,0,0,0,0,0,0,0,0,0,0,0,0.000,0.000,0.000,0.000,0,0,0,0,36.500,189.474,0,3.900,1.400,4,200,2.400,0.700,2,98,1.500,0.700,2,102,0,0,0,0.000
2103,1979052068,1,0,1,2,284.800,278.100,0.500,5.500,14.500,4.500,0.000,0,39.700,0.000,0.000,51.900,31.600,19.900,10.800,0.000,0.000,0.000,2.100,0.900,1.900,5.400,10.600,0,0,0,0,0,0,0,0,0,0,0,0,0.000,0.000,0.000,0.000,0,0,0,0,37.670,205.427,0,5.600,2.100,4,200,3.200,1.100,2,98,2.400,1.000,2,102,0,0,0,0.000
2104,1979052068,1,0,1,2,321.200,313.300,0.500,6.500,16.000,5.100,0.000,0,80.600,0.000,0.000,3.900,35.100,22.800,11.800,0.000,0.000,0.000,2.000,0.000,0.000,0.000,0.000,0,0,0,0,0,0,0,0,0,0,0,0,0.000,0.000,0.000,0.000,0,0,0,0,39.781,224.844,0,6.400,2.300,4,200,3.900,1.200,2,98,2.500,1.100,2,102,0,0,0,0.000
2105,1979052068,1,0,1,2,326.400,317.600,0.400,7.600,20.600,7.100,0.000,0,28.300,0.000,0.000,4.900,41.600,26.500,14.500,0.000,0.000,0.000,2.500,0.000,0.000,0.000,0.000,0,0,0,0,0,0,0,0,0,0,0,0,0.000,0.000,0.000,0.000,0,0,0,0,42.629,241.540,0,5.300,3.300,2,101,3.700,1.600,1,50,1.600,1.700,1,51,0,0,0,0.000
2106,1979052068,1,0,1,2,356.700,348.100,0.400,7.300,17.200,5.500,0.000,0,50.400,0.000,0.000,63.800,36.300,23.700,12.000,0.000,0.000,0.000,2.200,1.000,2.900,6.300,13.900,0,0,0,0,0,0,0,0,0,0,0,0,0.000,0.000,0.000,0.000,0,0,0,0,45.036,260.721,0,4.900,2.600,2,101,3.300,1.400,1,50,1.600,1.200,1,51,0,0,0,0.000
2107,1979052068,1,0,1,2,329.500,320.800,0.500,7.400,17.600,5.600,0.000,0,83.800,0.000,0.000,4.500,35.300,23.200,11.500,0.000,0.000,0.000,2.200,0.000,0.000,0.000,0.000,0,0,0,0,0,0,0,0,0,0,0,0,0.000,0.000,0.000,0.000,0,0,0,0,45.299,271.535,0,4.300,2.500,2,101,2.900,1.300,1,50,1.400,1.200,1,51,0,0,0,0.000
2108,1979052068,1,0,1,2,161.600,157.000,0.300,3.900,10.200,12.900,0.000,0,13.000,0.000,0.000,2.600,20.400,13.500,6.600,0.000,0.000,0.000,1.300,0.000,0.000,0.000,0.000,0,0,0,0,0,0,0,0,0,0,0,0,0.000,0.000,0.000,0.000,0,0,0,0,43.355,250.919,0,2.600,1.400,2,101,1.700,0.700,1,50,0.900,0.700,1,51,0,0,0,0.000
2109,1979052068,1,0,1,2,239.200,233.600,0.300,4.800,12.100,3.800,0.000,0,33.800,0.000,0.000,45.400,22.000,14.400,7.100,0.000,0.000,0.000,1.500,0.800,1.600,4.100,9.300,0,0,0,0,0,0,0,0,0,0,0,0,0.000,0.000,0.000,0.000,0,0,0,0,42.661,247.801,0,0.400,2.000,0,0,0.200,1.200,0,0,0.200,0.800,0,0,0,0,0,0.000
2110,1979052068,1,0,1,2,209.200,203.200,0.300,5.200,13.100,4.300,0.000,0,17.400,0.000,0.000,3.300,24.100,15.900,7.700,0.000,0.000,0.000,1.500,0.000,0.000,0.000,0.000,0,0,0,0,0,0,0,0,0,0,0,0,0.000,0.000,0.000,0.000,0,0,0,0,42.146,239.773,0,0.500,2.500,0,0,0.300,1.500,0,0,0.200,1.000,0,0,0,0,0,0.000
2111,1979052068,1,0,1,2,289.600,282.000,0.500,6.300,15.700,4.800,0.000,0,76.200,0.000,0.000,4.100,29.200,18.900,9.400,0.000,0.000,0.000,2.100,0.000,0.000,0.000,0.000,0,0,0,0,0,0,0,0,0,0,0,0,0.000,0.000,0.000,0.000,0,0,0,0,42.588,247.374,0,0.600,2.800,0,0,0.400,1.700,0,0,0.200,1.100,0,0,0,0,0,0.000
2112,1979052068,1,0,1,2,274.300,268.000,0.300,5.400,12.300,3.900,0.000,0,34.200,0.000,0.000,60.600,23.000,15.400,7.300,0.000,0.000,0.000,1.600,0.700,2.100,4.800,9.600,0,0,0,0,0,0,0,0,0,0,0,0,0.000,0.000,0.000,0.000,0,0,0,0,44.246,251.087,0,0.500,2.300,0,0,0.300,1.300,0,0,0.200,1.000,0,0,0,0,0,0.000
2113,1979052068,1,0,1,2,155.100,150.400,0.300,4.200,10.600,3.400,0.000,0,13.600,0.000,0.000,2.900,20.000,13.500,6.200,0.000,0.000,0.000,1.300,0.000,0.000,0.000,0.000,0,0,0,0,0,0,0,0,0,0,0,0,0.000,0.000,0.000,0.000,0,0,0,0,42.366,232.963,0,0.300,1.900,0,0,0.200,1.200,0,0,0.100,0.700,0,0,0,0,0,0.000
2114,1979052068,1,0,1,2,381.200,372.400,0.500,7.400,17.700,6.000,0.000,0,88.800,0.000,0.000,4.500,76.400,62.100,13.700,0.000,0.000,0.000,2.200,0.000,0.000,0.000,0.000,0,0,0,0,0,0,0,0,0,0,0,0,0.000,0.000,0.000,0.000,0,0,0,0,43.812,258.062,0,0.700,4.400,0,0,0.400,2.100,0,0,0.300,2.300,0,0,0,0,0,0.000
2115,1979052068,1,0,1,2,319.400,312.400,0.300,5.900,17.700,4.800,0.000,0,41.100,0.000,0.000,65.200,34.000,24.900,8.600,0.000,0.000,0.000,2.300,1.000,2.700,6.300,14.000,0,0,0,0,0,0,0,0,0,0,0,0,0.000,0.000,0.000,0.000,0,0,0,0,45.700,267.843,0,0.600,2.500,0,0,0.400,1.500,0,0,0.200,1.000,0,0,0,0,0,0.000
2116,1979052068,1,0,1,2,308.400,299.800,0.400,7.300,19.800,6.200,0.000,0,25.500,0.000,0.000,4.900,36.800,24.400,11.700,0.000,0.000,0.000,2.300,0.000,0.000,0.000,0.000,0,0,0,0,0,0,0,0,0,0,0,0,0.000,0.000,0.000,0.000,0,0,0,0,50.632,273.595,0,0.600,3.800,0,0,0.400,2.400,0,0,0.200,1.400,0,0,0,0,0,0.000
2117,1979052068,1,0,1,2,347.400,338.800,0.500,7.400,18.600,5.900,0.000,0,95.400,0.000,0.000,5.100,34.800,23.300,10.900,0.000,0.000,0.000,2.500,0.000,0.000,0.000,0.000,0,0,0,0,0,0,0,0,0,0,0,0,0.000,0.000,0.000,0.000,0,0,0,0,52.804,285.332,0,0.700,3.500,0,0,0.400,2.200,0,0,0.300,1.300,0,0,0,0,0,0.000
2118,1979052068,1,0,1,2,421.200,411.200,0.500,8.700,17.800,6.500,0.000,0,25.200,0.000,0.000,64.900,66.900,53.800,12.200,0.000,0.000,0.000,2.300,1.100,2.500,6.500,13.700,0,0,0,0,0,0,0,0,0,0,0,0,0.000,0.000,0.000,0.000,0,0,0,0,53.577,307.988,0,1.100,32.700,0,0,0.400,31.300,0,0,0.700,1.400,0,0,0,0,0,0.000
2119,1979052068,1,0,1,2,324.400,315.900,0.700,6.900,17.200,5.400,0.000,0,87.900,0.000,0.000,4.100,30.600,19.800,10.200,0.000,0.000,0.000,2.100,0.000,0.000,0.000,0.000,0,0,0,0,0,0,0,0,0,0,0,0,0.000,0.000,0.000,0.000,0,0,0,0,52.951,309.412,0,0.600,3.100,0,0,0.400,1.800,0,0,0.200,1.300,0,0,0,0,0,0.000
2120,1979052068,1,0,1,2,358.500,349.000,0.500,8.000,18.800,6.300,0.000,0,93.300,0.000,0.000,5.000,34.800,22.400,11.800,0.000,0.000,0.000,2.600,0.000,0.000,0.000,0.000,0,0,0,0,0,0,0,0,0,0,0,0,0.000,0.000,0.000,0.000,0,0,0,0,53.014,316.538,0,0.700,3.600,0,0,0.500,2.100,0,0,0.200,1.500,0,0,0,0,0,0.000
2121,1979052068,1,0,1,2,347.500,339.100,0.400,7.100,17.800,6.100,0.000,0,22.600,0.000,0.000,84.500,32.700,21.300,10.700,0.000,0.000,0.000,2.200,1.100,2.600,6.300,33.200,0,0,0,0,0,0,0,0,0,0,0,0,0.000,0.000,0.000,0.000,0,0,0,0,53.228,320.599,0,0.600,3.100,0,0,0.400,1.800,0,0,0.200,1.300,0,0,0,0,0,0.000
2122,1979052068,1,0,1,2,357.500,348.500,0.600,7.400,19.200,6.100,0.000,0,94.300,0.000,0.000,5.100,35.300,23.200,11.500,0.000,0.000,0.000,2.500,0.000,0.000,0.000,0.000,0,0,0,0,0,0,0,0,0,0,0,0,0.000,0.000,0.000,0.000,0,0,0,0,54.393,325.621,0,0.600,3.900,0,0,0.500,2.500,0,0,0.100,1.400,0,0,0,0,0,0.000
2123,1979052068,1,0,1,2,383.800,375.700,0.400,6.900,18.800,6.300,0.000,0,22.700,0.000,0.000,102.900,35.600,23.100,11.800,0.000,0.000,0.000,2.500,1.500,2.800,7.100,15.500,0,0,0,0,0,0,0,0,0,0,0,0,0.000,0.000,0.000,0.000,0,0,0,0,54.754,334.635,0,0.800,3.400,0,0,0.500,1.900,0,0,0.300,1.500,0,0,0,0,0,0.000
2124,1979052068,1,0,1,2,351.100,342.500,0.500,7.200,18.500,5.900,0.000,0,100.400,0.000,0.000,4.700,33.900,22.600,10.700,0.000,0.000,0.000,2.400,0.000,0.000,0.000,0.000,0,0,0,0,0,0,0,0,0,0,0,0,0.000,0.000,0.000,0.000,0,0,0,0,55.194,336.051,0,0.600,3.300,0,0,0.400,2.000,0,0,0.200,1.300,0,0,0,0,0,0.000
2125,1979052068,1,0,1,2,266.500,257.800,0.400,7.400,17.400,5.800,0.000,0,22.600,0.000,0.000,4.500,32.300,21.300,10.400,0.000,0.000,0.000,2.200,0.000,0.000,0.000,0.000,0,0,0,0,0,0,0,0,0,0,0,0,0.000,0.000,0.000,0.000,0,0,0,0,54.781,321.966,0,0.500,3.300,0,0,0.400,2.000,0,0,0.100,1.300,0,0,0,0,0,0.000
2126,1979052068,1,0,1,2,352.100,343.900,0.400,7.000,17.600,5.900,0.000,0,49.500,0.000,0.000,63.600,32.100,20.800,10.700,0.000,0.000,0.000,2.200,1.100,2.600,6.300,13.900,0,0,0,0,0,0,0,0,0,0,0,0,0.000,0.000,0.000,0.000,0,0,0,0,55.253,325.914,0,0.500,3.100,0,0,0.400,1.800,0,0,0.100,1.300,0,0,0,0,0,0.000
2127,1979052068,1,0,1,2,377.700,368.700,0.500,7.600,18.800,6.300,0.000,0,91.000,0.000,0.000,5.000,35.900,23.600,11.800,0.000,0.000,0.000,2.300,0.000,0.000,0.000,0.000,0,0,0,0,0,0,0,0,0,0,0,0,0.000,0.000,0.000,0.000,0,0,0,0,54.937,333.616,0,0.700,3.600,0,0,0.400,2.200,0,0,0.300,1.400,0,0,0,0,0,0.000
2128,1979052068,1,0,1,2,336.600,329.400,0.400,6.100,19.100,5.000,0.000,0,44.500,0.000,0.000,65.900,28.500,18.800,9.200,0.000,0.000,0.000,2.300,1.000,2.600,5.900,11.600,0,0,0,0,0,0,0,0,0,0,0,0,0.000,0.000,0.000,0.000,0,0,0,0,55.146,332.857,0,0.500,3.000,0,0,0.400,1.600,0,0,0.100,1.400,0,0,0,0,0,0.000
2129,1979052068,1,0,1,2,223.600,218.000,0.300,4.800,12.400,3.900,0.000,0,54.000,0.000,0.000,3.200,23.500,15.800,7.200,0.000,0.000,0.000,1.600,0.000,0.000,0.000,0.000,0,0,0,0,0,0,0,0,0,0,0,0,0.000,0.000,0.000,0.000,0,0,0,0,52.474,312.183,0,0.500,2.300,0,0,0.300,1.400,0,0,0.200,0.900,0,0,0,0,0,0.000
2130,1979052068,1,0,1,2,257.200,250.400,0.300,5.700,17.900,5.900,0.000,0,18.400,0.000,0.000,4.600,32.600,21.700,10.400,0.000,0.000,0.000,2.200,0.000,0.000,0.000,0.000,0,0,0,0,0,0,0,0,0,0,0,0,0.000,0.000,0.000,0.000,0,0,0,0,51.849,301.062,0,0.500,3.300,0,0,0.400,2.100,0,0,0.100,1.200,0,0,0,0,0,0.000
2131,1979052068,1,0,1,2,374.200,365.800,0.400,7.100,17.300,5.600,0.000,0,72.800,0.000,0.000,61.100,33.200,21.900,10.800,0.000,0.000,0.000,2.300,1.000,2.700,6.200,11.900,0,0,0,0,0,0,0,0,0,0,0,0,0.000,0.000,0.000,0.000,0,0,0,0,52.038,312.715,0,0.600,3.200,0,0,0.400,1.900,0,0,0.200,1.300,0,0,0,0,0,0.000
2132,1979052068,1,0,1,2,440.300,428.800,0.500,10.100,27.700,5.900,0.000,0,117.900,0.000,0.000,7.800,38.500,26.900,11.000,0.000,0.000,0.000,3.900,0.000,0.000,0.000,0.000,0,0,0,0,0,0,0,0,0,0,0,0,0.000,0.000,0.000,0.000,0,0,0,0,51.797,333.610,0,1.000,4.400,0,0,0.800,3.100,0,0,0.200,1.300,0,0,0,0,0,0.000
2133,1979052068,1,0,1,2,412.000,403.900,0.500,6.800,20.100,16.000,0.000,0,50.000,0.000,0.000,85.600,35.000,23.800,10.600,0.000,0.000,0.000,2.400,1.400,3.000,6.900,12.800,0,0,0,0,0,0,0,0,0,0,0,0,0.000,0.000,0.000,0.000,0,0,0,0,53.616,346.262,0,0.600,3.200,0,0,0.400,1.900,0,0,0.200,1.300,0,0,0,0,0,0.000
2134,1979052068,1,0,1,2,374.700,337.300,29.900,6.600,18.500,9.300,0.000,0,85.400,0.000,0.000,4.800,39.400,23.100,15.600,0.000,0.000,0.000,2.400,0.000,0.000,0.000,0.000,0,0,0,0,0,0,0,0,0,0,0,0,0.000,0.000,0.000,0.000,0,0,0,0,53.217,344.649,0,0.700,3.900,0,0,0.400,2.000,0,0,0.300,1.900,0,0,0,0,0,0.000
2135,1979052068,1,0,1,2,461.100,451.500,0.400,8.300,23.300,5.900,0.000,0,53.200,0.000,0.000,93.800,33.600,22.000,11.000,0.000,0.000,0.000,3.400,1.300,4.500,7.800,16.100,0,0,0,0,0,0,0,0,0,0,0,0,0.000,0.000,0.000,0.000,0,0,0,0,53.196,363.882,0,0.700,3.200,0,0,0.500,1.700,0,0,0.200,1.500,0,0,0,0,0,0.000
2136,1979052068,1,0,1,2,185.600,180.000,0.300,4.700,12.400,4.100,0.000,0,15.900,0.000,0.000,3.200,23.400,15.600,7.400,0.000,0.000,0.000,1.500,0.000,0.000,0.000,0.000,0,0,0,0,0,0,0,0,0,0,0,0,0.000,0.000,0.000,0.000,0,0,0,0,50.551,330.783,0,0.400,2.400,0,0,0.300,1.400,0,0,0.100,1.000,0,0,0,0,0,0.000
2137,1979052068,1,0,1,2,362.200,353.600,0.500,7.200,26.400,6.400,0.000,0,91.200,0.000,0.000,5.000,34.900,22.900,11.300,0.000,0.000,0.000,2.300,0.000,0.000,0.000,0.000,0,0,0,0,0,0,0,0,0,0,0,0,0.000,0.000,0.000,0.000,0,0,0,0,50.937,334.890,0,0.800,3.600,0,0,0.500,2.200,0,0,0.300,1.400,0,0,0,0,0,0.000
2138,1979052068,1,0,1,2,358.400,350.000,0.500,7.100,18.400,6.000,0.000,0,50.300,0.000,0.000,66.400,32.900,21.600,10.600,0.000,0.000,0.000,2.300,1.100,2.700,6.400,12.100,0,0,0,0,0,0,0,0,0,0,0,0,0.000,0.000,0.000,0.000,0,0,0,0,52.479,337.610,0,0.600,3.200,0,0,0.400,1.900,0,0,0.200,1.300,0,0,0,0,0,0.000
2139,1979052068,1,0,1,2,262.100,254.800,0.500,6.000,14.700,4.600,0.000,0,61.800,0.000,0.000,4.000,26.800,17.500,8.800,0.000,0.000,0.000,2.000,0.000,0.000,0.000,0.000,0,0,0,0,0,0,0,0,0,0,0,0,0.000,0.000,0.000,0.000,0,0,0,0,50.701,322.704,0,0.500,2.800,0,0,0.400,1.700,0,0,0.100,1.100,0,0,0,0,0,0.000
2140,1979052068,1,0,1,2,295.100,285.700,0.300,8.300,12.900,4.400,0.000,0,23.000,0.000,0.000,3.600,24.200,15.900,7.800,0.000,0.000,0.000,1.900,0.000,0.000,0.000,0.000,0,0,0,0,0,0,0,0,0,0,0,0,0.000,0.000,0.000,0.000,0,0,0,0,50.448,316.044,0,0.400,2.400,0,0,0.300,1.500,0,0,0.100,0.900,0,0,0,0,0,0.000
2141,1979052068,1,0,1,2,350.900,342.300,0.400,7.300,17.000,5.900,0.000,0,49.000,0.000,0.000,63.100,32.800,21.400,10.900,0.000,0.000,0.000,2.200,1.400,2.700,6.200,12.300,0,0,0,0,0,0,0,0,0,0,0,0,0.000,0.000,0.000,0.000,0,0,0,0,51.358,320.770,0,0.700,3.100,0,0,0.400,1.800,0,0,0.300,1.300,0,0,0,0,0,0.000
2142,1979052068,1,0,1,2,361.700,352.300,0.500,8.100,18.000,5.700,0.000,0,118.000,0.000,0.000,4.600,33.100,21.700,10.900,0.000,0.000,0.000,2.200,0.000,0.000,0.000,0.000,0,0,0,0,0,0,0,0,0,0,0,0,0.000,0.000,0.000,0.000,0,0,0,0,50.987,326.445,0,0.600,3.400,0,0,0.400,2.100,0,0,0.200,1.300,0,0,0,0,0,0.000
2143,1979052068,1,0,1,2,390.500,381.500,0.400,7.600,17.800,5.900,0.000,0,64.600,0.000,0.000,68.500,36.700,25.600,10.500,0.000,0.000,0.000,2.300,1.200,2.600,6.300,12.500,0,0,0,0,0,0,0,0,0,0,0,0,0.000,0.000,0.000,0.000,0,0,0,0,51.656,336.355,0,0.600,3.200,0,0,0.400,1.900,0,0,0.200,1.300,0,0,0,0,0,0.000
2144,1979052068,1,0,1,2,355.900,343.100,0.500,11.200,17.500,5.800,0.000,0,37.400,0.000,0.000,4.500,33.200,21.900,10.700,0.000,0.000,0.000,2.100,0.000,0.000,0.000,0.000,0,0,0,0,0,0,0,0,0,0,0,0,0.000,0.000,0.000,0.000,0,0,0,0,51.610,337.569,0,0.800,3.400,0,0,0.600,2.200,0,0,0.200,1.200,0,0,0,0,0,0.000
2145,1979052068,1,0,1,2,340.500,332.100,0.500,7.100,17.400,5.600,0.000,0,98.100,0.000,0.000,4.700,32.400,21.000,10.700,0.000,0.000,0.000,2.500,0.000,0.000,0.000,0.000,0,0,0,0,0,0,0,0,0,0,0,0,0.000,0.000,0.000,0.000,0,0,0,0,51.572,336.585,0,0.700,3.300,0,0,0.500,2.000,0,0,0.200,1.300,0,0,0,0,0,0.000
2146,1979052068,1,0,1,2,366.700,358.600,0.500,6.800,18.100,5.900,0.000,0,51.000,0.000,0.000,62.100,32.500,21.600,10.300,0.000,0.000,0.000,2.400,1.000,2.700,6.300,12.400,0,0,0,0,0,0,0,0,0,0,0,0,0.000,0.000,0.000,0.000,0,0,0,0,51.775,340.547,0,0.600,3.100,0,0,0.400,1.800,0,0,0.200,1.300,0,0,0,0,0,0.000
2147,1979052068,1,0,1,2,322.200,313.400,0.400,7.400,18.700,6.400,0.000,0,25.800,0.000,0.000,5.100,68.900,56.600,11.700,0.000,0.000,0.000,2.400,0.000,0.000,0.000,0.000,0,0,0,0,0,0,0,0,0,0,0,0,0.000,0.000,0.000,0.000,0,0,0,0,52.625,335.661,0,0.600,3.500,0,0,0.400,2.000,0,0,0.200,1.500,0,0,0,0,0,0.000
2148,1979052068,1,0,1,2,369.700,359.800,0.500,8.300,12.700,3.400,0.000,0,72.900,0.000,0.000,40.100,20.000,13.300,6.300,0.000,0.000,0.000,1.300,0.600,1.700,3.800,7.400,0,0,0,0,0,0,0,0,0,0,0,0,0.000,0.000,0.000,0.000,0,0,0,0,52.045,340.006,0,0.300,1.900,0,0,0.200,1.100,0,0,0.100,0.800,0,0,0,0,0,0.000
2149,1979052068,1,0,1,2,417.100,405.200,0.600,10.200,18.000,5.600,0.000,0,38.200,0.000,0.000,4.700,32.400,21.300,10.600,0.000,0.000,0.000,2.200,0.000,0.000,0.000,0.000,0,0,0,0,0,0,0,0,0,0,0,0,0.000,0.000,0.000,0.000,0,0,0,0,51.659,351.741,0,0.600,3.400,0,0,0.400,2.100,0,0,0.200,1.300,0,0,0,0,0,0.000
2150,1979052068,1,0,1,2,287.500,281.600,0.400,5.000,19.400,6.000,0.000,0,61.200,0.000,0.000,5.500,32.600,20.900,11.200,0.000,0.000,0.000,2.500,0.000,0.000,0.000,0.000,0,0,0,0,0,0,0,0,0,0,0,0,0.000,0.000,0.000,0.000,0,0,0,0,51.630,339.116,0,0.600,3.200,0,0,0.500,1.900,0,0,0.100,1.300,0,0,0,0,0,0.000
2151,1979052068,1,0,1,2,322.100,316.300,0.300,4.900,18.000,5.700,0.000,0,17.400,0.000,0.000,62.600,32.400,21.400,10.500,0.000,0.000,0.000,2.400,1.000,2.500,6.200,12.300,0,0,0,0,0,0,0,0,0,0,0,0,0.000,0.000,0.000,0.000,0,0,0,0,51.859,335.009,0,0.600,3.000,0,0,0.400,1.700,0,0,0.200,1.300,0,0,0,0,0,0.000
2152,1979052068,1,0,1,2,247.200,240.900,0.300,5.300,13.500,4.600,0.000,0,59.800,0.000,0.000,3.500,25.600,17.200,7.800,0.000,0.000,0.000,1.700,0.000,0.000,0.000,0.000,0,0,0,0,0,0,0,0,0,0,0,0,0.000,0.000,0.000,0.000,0,0,0,0,50.480,318.069,0,0.800,2.500,0,0,0.700,1.500,0,0,0.100,1.000,0,0,0,0,0,0.000
2153,1979052068,1,0,1,2,289.600,281.900,0.400,6.500,15.200,5.000,0.000,0,77.000,0.000,0.000,4.000,28.600,19.300,8.900,0.000,0.000,0.000,2.200,0.000,0.000,0.000,0.000,0,0,0,0,0,0,0,0,0,0,0,0,0.000,0.000,0.000,0.000,0,0,0,0,49.530,311.559,0,0.600,2.900,0,0,0.400,1.700,0,0,0.200,1.200,0,0,0,0,0,0.000
2154,1979052068,1,0,1,2,369.300,361.300,0.400,6.700,17.700,5.600,0.000,0,51.200,0.000,0.000,63.400,43.000,29.300,13.000,0.000,0.000,0.000,2.600,1.000,2.700,6.200,12.300,0,0,0,0,0,0,0,0,0,0,0,0,0.000,0.000,0.000,0.000,0,0,0,0,50.424,320.512,0,1.000,4.300,0,0,0.700,2.300,0,0,0.300,2.000,0,0,0,0,0,0.000
2155,1979052068,1,0,1,2,328.700,320.200,0.500,7.200,17.500,5.800,0.000,0,86.200,0.000,0.000,4.800,32.700,21.700,10.400,0.000,0.000,0.000,2.400,0.000,0.000,0.000,0.000,0,0,0,0,0,0,0,0,0,0,0,0,0.000,0.000,0.000,0.000,0,0,0,0,50.672,320.456,0,0.800,3.200,0,0,0.500,2.000,0,0,0.300,1.200,0,0,0,0,0,0.000
2156,1979052068,1,0,1,2,392.400,383.200,0.400,7.800,19.300,6.000,0.000,0,54.200,0.000,0.000,79.500,34.800,23.000,11.200,0.000,0.000,0.000,2.400,1.200,3.300,6.700,13.100,0,0,0,0,0,0,0,0,0,0,0,0,0.000,0.000,0.000,0.000,0,0,0,0,52.927,331.750,0,0.600,3.200,0,0,0.400,1.800,0,0,0.200,1.400,0,0,0,0,0,0.000
2157,1979052068,1,0,1,2,358.200,349.200,0.500,7.700,19.500,6.200,0.000,0,94.500,0.000,0.000,4.800,34.800,22.700,11.500,0.000,0.000,0.000,2.300,0.000,0.000,0.000,0.000,0,0,0,0,0,0,0,0,0,0,0,0,0.000,0.000,0.000,0.000,0,0,0,0,54.272,334.891,0,0.600,3.600,0,0,0.500,2.200,0,0,0.100,1.400,0,0,0,0,0,0.000
2158,1979052068,1,0,1,2,423.800,415.400,0.400,7.000,19.800,6.400,0.000,0,62.300,0.000,0.000,70.000,58.800,23.900,34.300,0.000,0.000,0.000,2.500,1.300,3.100,6.500,13.300,0,0,0,0,0,0,0,0,0,0,0,0,0.000,0.000,0.000,0.000,0,0,0,0,55.807,349.383,0,0.700,3.200,0,0,0.400,1.800,0,0,0.300,1.400,0,0,0,0,0,0.000
2159,1979052068,1,0,1,2,370.600,360.800,0.800,8.100,19.100,6.400,0.000,0,104.200,0.000,0.000,4.900,35.500,23.400,11.300,0.000,0.000,0.000,2.500,0.000,0.000,0.000,0.000,0,0,0,0,0,0,0,0,0,0,0,0,0.000,0.000,0.000,0.000,0,0,0,0,56.922,351.438,0,0.700,3.700,0,0,0.500,2.300,0,0,0.200,1.400,0,0,0,0,0,0.000
2160,1979052068,1,0,1,2,408.300,399.600,0.400,7.400,19.300,6.400,0.000,0,60.400,0.000,0.000,67.100,34.500,22.500,11.300,0.000,0.000,0.000,2.700,1.300,2.800,6.800,13.300,0,0,0,0,0,0,0,0,0,0,0,0,0.000,0.000,0.000,0.000,0,0,0,0,57.026,360.107,0,0.700,3.200,0,0,0.400,1.800,0,0,0.300,1.400,0,0,0,0,0,0.000
2161,1979052068,1,0,1,2,232.300,225.200,0.300,6.000,15.600,5.100,0.000,0,21.500,0.000,0.000,4.000,28.200,18.500,9.100,0.000,0.000,0.000,1.900,0.000,0.000,0.000,0.000,0,0,0,0,0,0,0,0,0,0,0,0,0.000,0.000,0.000,0.000,0,0,0,0,55.023,335.824,0,0.600,2.800,0,0,0.400,1.700,0,0,0.200,1.100,0,0,0,0,0,0.000
2162,1979052068,1,0,1,2,358.700,349.500,0.600,7.600,19.400,6.600,0.000,0,93.500,0.000,0.000,5.000,35.400,23.400,11.400,0.000,0.000,0.000,2.400,0.000,0.000,0.000,0.000,0,0,0,0,0,0,0,0,0,0,0,0,0.000,0.000,0.000,0.000,0,0,0,0,54.947,338.285,0,0.700,3.800,0,0,0.500,2.400,0,0,0.200,1.400,0,0,0,0,0,0.000
2163,1979052068,1,0,1,2,292.700,284.900,0.400,6.600,15.600,5.300,0.000,0,20.800,0.000,0.000,58.400,29.700,20.000,9.100,0.000,0.000,0.000,2.100,1.200,2.300,5.700,10.700,0,0,0,0,0,0,0,0,0,0,0,0,0.000,0.000,0.000,0.000,0,0,0,0,54.867,328.676,0,0.600,2.800,0,0,0.400,1.700,0,0,0.200,1.100,0,0,0,0,0,0.000
2164,1979052068,1,0,1,2,248.100,241.700,0.300,5.400,13.500,4.500,0.000,0,60.800,0.000,0.000,3.400,25.300,16.900,7.900,0.000,0.000,0.000,1.700,0.000,0.000,0.000,0.000,0,0,0,0,0,0,0,0,0,0,0,0,0.000,0.000,0.000,0.000,0,0,0,0,52.443,313.020,0,0.500,2.700,0,0,0.300,1.600,0,0,0.200,1.100,0,0,0,0,0,0.000
2165,1979052068,1,0,1,2,267.600,261.000,0.400,5.500,13.500,4.300,0.000,0,79.800,0.000,0.000,3.500,25.500,16.900,8.200,0.000,0.000,0.000,1.700,0.000,0.000,0.000,0.000,0,0,0,0,0,0,0,0,0,0,0,0,0.000,0.000,0.000,0.000,0,0,0,0,52.183,303.657,0,0.500,2.600,0,0,0.300,1.600,0,0,0.200,1.000,0,0,0,0,0,0.000
2166,1979052068,1,0,1,2,207.200,202.200,0.300,4.300,11.300,3.700,0.000,0,14.800,0.000,0.000,41.800,21.400,14.500,6.400,0.000,0.000,0.000,1.500,0.600,2.100,3.900,7.400,0,0,0,0,0,0,0,0,0,0,0,0,0.000,0.000,0.000,0.000,0,0,0,0,49.612,285.394,0,0.300,2.000,0,0,0.200,1.200,0,0,0.100,0.800,0,0,0,0,0,0.000
2167,1979052068,1,0,1,2,372.400,363.600,0.500,7.400,18.900,6.100,0.000,0,106.100,0.000,0.000,4.700,35.900,23.900,11.400,0.000,0.000,0.000,2.200,0.000,0.000,0.000,0.000,0,0,0,0,0,0,0,0,0,0,0,0,0.000,0.000,0.000,0.000,0,0,0,0,50.978,299.471,0,0.700,3.700,0,0,0.500,2.200,0,0,0.200,1.500,0,0,0,0,0,0.000
2168,1979052068,1,0,1,2,385.200,376.800,0.400,7.100,37.700,6.100,0.000,0,51.100,0.000,0.000,66.300,34.000,22.800,10.700,0.000,0.000,0.000,2.200,1.400,2.800,6.400,12.300,0,0,0,0,0,0,0,0,0,0,0,0,0.000,0.000,0.000,0.000,0,0,0,0,52.134,313.391,0,0.700,3.200,0,0,0.400,1.900,0,0,0.300,1.300,0,0,0,0,0,0.000
2169,1979052068,1,0,1,2,270.800,262.400,0.500,7.000,17.800,6.000,0.000,0,23.800,0.000,0.000,4.400,33.700,22.400,10.700,0.000,0.000,0.000,2.200,0.000,0.000,0.000,0.000,0,0,0,0,0,0,0,0,0,0,0,0,0.000,0.000,0.000,0.000,0,0,0,0,52.740,304.212,0,0.600,3.600,0,0,0.400,2.000,0,0,0.200,1.600,0,0,0,0,0,0.000
2170,1979052068,1,0,1,2,351.500,342.600,0.600,7.400,17.400,5.500,0.000,0,88.300,0.000,0.000,4.600,32.400,21.500,10.400,0.000,0.000,0.000,2.200,0.000,0.000,0.000,0.000,0,0,0,0,0,0,0,0,0,0,0,0,0.000,0.000,0.000,0.000,0,0,0,0,52.301,311.122,0,0.600,3.300,0,0,0.400,2.000,0,0,0.200,1.300,0,0,0,0,0,0.000
2171,1979052068,1,0,1,2,419.700,411.200,0.400,7.100,17.200,5.700,0.000,0,52.300,0.000,0.000,61.600,32.600,21.400,10.700,0.000,0.000,0.000,2.400,1.000,2.900,6.300,12.200,0,0,0,0,0,0,0,0,0,0,0,0,0.000,0.000,0.000,0.000,0,0,0,0,52.588,329.136,0,0.700,3.000,0,0,0.500,1.700,0,0,0.200,1.300,0,0,0,0,0,0.000
2172,1979052068,1,0,1,2,291.800,283.400,0.400,7.200,18.000,6.000,0.000,0,24.500,0.000,0.000,4.600,32.800,21.400,10.800,0.000,0.000,0.000,2.200,0.000,0.000,0.000,0.000,0,0,0,0,0,0,0,0,0,0,0,0,0.000,0.000,0.000,0.000,0,0,0,0,52.357,320.904,0,0.600,3.100,0,0,0.400,1.900,0,0,0.200,1.200,0,0,0,0,0,0.000
2173,1979052068,1,0,1,2,334.900,326.700,0.600,6.800,17.400,5.600,0.000,0,89.900,0.000,0.000,4.700,33.100,21.600,10.900,0.000,0.000,0.000,2.200,0.000,0.000,0.000,0.000,0,0,0,0,0,0,0,0,0,0,0,0,0.000,0.000,0.000,0.000,0,0,0,0,52.094,321.947,0,0.600,3.400,0,0,0.400,2.100,0,0,0.200,1.300,0,0,0,0,0,0.000
2174,1979052068,1,0,1,2,395.100,386.400,0.400,7.400,17.600,5.800,0.000,0,52.100,0.000,0.000,61.700,32.000,20.900,10.400,0.000,0.000,0.000,2.400,1.000,2.500,6.400,11.900,0,0,0,0,0,0,0,0,0,0,0,0,0.000,0.000,0.000,0.000,0,0,0,0,51.753,333.548,0,0.600,3.000,0,0,0.400,1.700,0,0,0.200,1.300,0,0,0,0,0,0.000
2175,1979052068,1,0,1,2,265.700,257.600,0.700,6.600,15.900,5.300,0.000,0,22.300,0.000,0.000,4.000,30.400,20.200,9.700,0.000,0.000,0.000,1.900,0.000,0.000,0.000,0.000,0,0,0,0,0,0,0,0,0,0,0,0,0.000,0.000,0.000,0.000,0,0,0,0,51.276,319.878,0,0.500,3.100,0,0,0.400,1.900,0,0,0.100,1.200,0,0,0,0,0,0.000
2176,1979052068,1,0,1,2,308.800,301.800,0.300,6.000,14.500,4.600,0.000,0,42.400,0.000,0.000,52.500,27.500,18.500,8.500,0.000,0.000,0.000,2.000,0.800,2.600,5.100,9.900,0,0,0,0,0,0,0,0,0,0,0,0,0.000,0.000,0.000,0.000,0,0,0,0,50.416,316.624,0,0.500,2.500,0,0,0.400,1.400,0,0,0.100,1.100,0,0,0,0,0,0.000
2177,1979052068,1,0,1,2,350.100,341.500,0.500,7.100,17.700,22.800,0.000,0,86.900,0.000,0.000,4.400,32.600,21.600,10.400,0.000,0.000,0.000,2.200,0.000,0.000,0.000,0.000,0,0,0,0,0,0,0,0,0,0,0,0,0.000,0.000,0.000,0.000,0,0,0,0,50.413,321.102,0,0.600,3.300,0,0,0.400,2.000,0,0,0.200,1.300,0,0,0,0,0,0.000
2178,1979052068,1,0,1,2,381.400,373.000,0.400,7.100,19.400,6.200,0.000,0,55.300,0.000,0.000,66.300,35.300,23.200,11.500,0.000,0.000,0.000,2.500,1.100,2.900,7.000,13.300,0,0,0,0,0,0,0,0,0,0,0,0,0.000,0.000,0.000,0.000,0,0,0,0,51.599,330.443,0,0.700,3.500,0,0,0.500,2.000,0,0,0.200,1.500,0,0,0,0,0,0.000
2179,1979052068,1,0,1,2,214.800,209.400,0.300,4.600,12.000,4.100,0.000,0,52.500,0.000,0.000,3.400,22.400,15.400,6.800,0.000,0.000,0.000,1.800,0.000,0.000,0.000,0.000,0,0,0,0,0,0,0,0,0,0,0,0,0.000,0.000,0.000,0.000,0,0,0,0,49.385,308.655,0,0.400,2.200,0,0,0.300,1.400,0,0,0.100,0.800,0,0,0,0,0,0.000
2180,1979052068,1,0,1,2,258.400,252.200,0.400,5.200,13.300,5.600,0.000,0,19.900,0.000,0.000,50.800,30.500,22.100,7.600,0.000,0.000,0.000,1.900,0.700,2.200,4.600,8.600,0,0,0,0,0,0,0,0,0,0,0,0,0.000,0.000,0.000,0.000,0,0,0,0,48.830,298.493,0,0.400,3.100,0,0,0.300,2.100,0,0,0.100,1.000,0,0,0,0,0,0.000
2181,1979052068,1,0,1,2,361.500,352.500,0.500,7.500,19.300,6.200,0.000,0,98.300,0.000,0.000,4.900,35.300,23.100,11.600,0.000,0.000,0.000,2.500,0.000,0.000,0.000,0.000,0,0,0,0,0,0,0,0,0,0,0,0,0.000,0.000,0.000,0.000,0,0,0,0,49.832,308.215,0,0.600,3.600,0,0,0.400,2.100,0,0,0.200,1.500,0,0,0,0,0,0.000
2182,1979052068,1,0,1,2,313.200,304.300,0.400,7.500,19.200,6.100,0.000,0,25.800,0.000,0.000,5.300,35.700,23.400,11.300,0.000,0.000,0.000,2.300,0.000,0.000,0.000,0.000,0,0,0,0,0,0,0,0,0,0,0,0,0.000,0.000,0.000,0.000,0,0,0,0,50.709,307.510,0,0.700,3.500,0,0,0.500,2.200,0,0,0.200,1.300,0,0,0,0,0,0.000
2183,1979052068,1,0,1,2,403.500,394.500,0.400,7.600,18.800,6.300,0.000,0,54.100,0.000,0.000,67.800,34.900,22.700,11.600,0.000,0.000,0.000,2.600,1.000,2.600,6.900,13.400,0,0,0,0,0,0,0,0,0,0,0,0,0.000,0.000,0.000,0.000,0,0,0,0,51.589,323.168,0,0.700,3.300,0,0,0.500,1.900,0,0,0.200,1.400,0,0,0,0,0,0.000
2184,1979052068,1,0,1,2,371.700,362.500,0.500,7.700,29.500,6.300,0.000,0,96.400,0.000,0.000,4.800,35.100,23.200,11.100,0.000,0.000,0.000,2.300,0.000,0.000,0.000,0.000,0,0,0,0,0,0,0,0,0,0,0,0,0.000,0.000,0.000,0.000,0,0,0,0,52.797,330.248,0,0.700,3.600,0,0,0.500,2.300,0,0,0.200,1.300,0,0,0,0,0,0.000
2185,1979052068,1,0,1,2,249.200,242.000,0.300,6.100,15.300,4.900,0.000,0,21.100,0.000,0.000,4.100,29.000,19.400,9.000,0.000,0.000,0.000,2.000,0.000,0.000,0.000,0.000,0,0,0,0,0,0,0,0,0,0,0,0,0.000,0.000,0.000,0.000,0,0,0,0,51.358,314.363,0,0.500,2.900,0,0,0.300,1.800,0,0,0.200,1.100,0,0,0,0,0,0.000
2186,1979052068,1,0,1,2,410.300,367.100,35.600,6.700,17.200,5.700,0.000,0,51.500,0.000,0.000,62.100,32.500,21.500,10.500,0.000,0.000,0.000,2.200,1.000,2.600,6.200,12.500,0,0,0,0,0,0,0,0,0,0,0,0,0.000,0.000,0.000,0.000,0,0,0,0,51.779,323.856,0,0.700,3.300,0,0,0.500,1.900,0,0,0.200,1.400,0,0,0,0,0,0.000
2187,1979052068,1,0,1,2,401.600,392.700,0.500,7.400,23.100,6.200,0.000,0,107.100,0.000,0.000,7.800,52.900,33.100,19.100,0.000,0.000,0.000,4.100,0.000,0.000,0.000,0.000,0,0,0,0,0,0,0,0,0,0,0,0,0.000,0.000,0.000,0.000,0,0,0,0,52.035,336.248,0,1.200,5.800,0,0,0.800,3.400,0,0,0.400,2.400,0,0,0,0,0,0.000
2188,1979052068,1,0,1,2,309.100,300.100,0.600,7.400,36.100,10.700,0.000,0,26.600,0.000,0.000,4.800,34.300,22.600,10.800,0.000,0.000,0.000,2.500,0.000,0.000,0.000,0.000,0,0,0,0,0,0,0,0,0,0,0,0,0.000,0.000,0.000,0.000,0,0,0,0,52.659,329.741,0,0.600,3.900,0,0,0.400,2.600,0,0,0.200,1.300,0,0,0,0,0,0.000
2189,1979052068,1,0,1,2,236.400,230.800,0.300,4.700,11.600,4.100,0.000,0,34.100,0.000,0.000,43.400,21.900,14.700,6.800,0.000,0.000,0.000,1.500,0.700,1.800,4.100,7.900,0,0,0,0,0,0,0,0,0,0,0,0,0.000,0.000,0.000,0.000,0,0,0,0,50.488,311.932,0,0.600,2.100,0,0,0.500,1.200,0,0,0.100,0.900,0,0,0,0,0,0.000
2190,1979052068,1,0,1,2,297.000,288.500,0.400,7.100,18.800,9.700,0.000,0,23.700,0.000,0.000,5.000,36.100,22.400,13.000,0.000,0.000,0.000,2.600,0.000,0.000,0.000,0.000,0,0,0,0,0,0,0,0,0,0,0,0,0.000,0.000,0.000,0.000,0,0,0,0,51.030,307.714,0,0.700,3.600,0,0,0.500,2.200,0,0,0.200,1.400,0,0,0,0,0,0.000
2191,1979052068,1,0,1,2,329.300,320.600,0.500,7.400,17.100,5.800,0.000,0,85.300,0.000,0.000,4.900,32.100,21.200,10.300,0.000,0.000,0.000,2.400,0.000,0.000,0.000,0.000,0,0,0,0,0,0,0,0,0,0,0,0,0.000,0.000,0.000,0.000,0,0,0,0,50.755,310.034,0,0.700,3.300,0,0,0.400,2.000,0,0,0.300,1.300,0,0,0,0,0,0.000
2192,1979052068,1,0,1,2,381.300,372.500,0.400,7.500,18.200,6.100,0.000,0,53.700,0.000,0.000,64.100,33.500,22.200,10.700,0.000,0.000,0.000,2.400,1.000,2.700,6.400,12.100,0,0,0,0,0,0,0,0,0,0,0,0,0.000,0.000,0.000,0.000,0,0,0,0,51.753,321.277,0,0.600,3.200,0,0,0.400,1.800,0,0,0.200,1.400,0,0,0,0,0,0.000
2193,1979052068,1,0,1,2,183.000,177.500,0.300,4.700,12.300,3.800,0.000,0,16.400,0.000,0.000,2.900,22.700,15.300,7.100,0.000,0.000,0.000,1.600,0.000,0.000,0.000,0.000,0,0,0,0,0,0,0,0,0,0,0,0,0.000,0.000,0.000,0.000,0,0,0,0,49.637,295.398,0,0.400,2.400,0,0,0.300,1.500,0,0,0.100,0.900,0,0,0,0,0,0.000
2194,1979052068,1,0,1,2,356.500,347.700,0.400,7.500,17.700,5.900,0.000,0,108.300,0.000,0.000,4.700,33.500,22.200,10.300,0.000,0.000,0.000,2.600,0.000,0.000,0.000,0.000,0,0,0,0,0,0,0,0,0,0,0,0,0.000,0.000,0.000,0.000,0,0,0,0,50.909,304.812,0,0.600,3.300,0,0,0.400,2.000,0,0,0.200,1.300,0,0,0,0,0,0.000
2195,1979052068,1,0,1,2,327.200,320.100,0.400,6.000,14.500,4.900,0.000,0,42.800,0.000,0.000,52.500,27.700,18.700,8.600,0.000,0.000,0.000,2.000,0.900,2.200,5.100,10.100,0,0,0,0,0,0,0,0,0,0,0,0,0.000,0.000,0.000,0.000,0,0,0,0,49.935,307.564,0,0.500,2.800,0,0,0.300,1.700,0,0,0.200,1.100,0,0,0,0,0,0.000
2196,1979052068,1,0,1,2,177.100,171.800,0.200,4.400,12.100,3.900,0.000,0,15.900,0.000,0.000,3.500,21.700,14.700,6.700,0.000,0.000,0.000,1.600,0.000,0.000,0.000,0.000,0,0,0,0,0,0,0,0,0,0,0,0,0.000,0.000,0.000,0.000,0,0,0,0,47.841,283.126,0,0.300,2.100,0,0,0.200,1.300,0,0,0.100,0.800,0,0,0,0,0,0.000
2197,1979052068,1,0,1,2,289.000,282.300,0.400,5.700,13.400,4.300,0.000,0,46.700,0.000,0.000,49.400,25.300,16.900,7.900,0.000,0.000,0.000,2.100,0.900,1.800,5.000,9.200,0,0,0,0,0,0,0,0,0,0,0,0,0.000,0.000,0.000,0.000,0,0,0,0,47.527,282.978,0,0.500,2.500,0,0,0.300,1.400,0,0,0.200,1.100,0,0,0,0,0,0.000
2198,1979052068,1,0,1,2,336.200,328.000,0.400,6.900,18.200,5.700,0.000,0,89.700,0.000,0.000,4.600,32.500,21.100,10.800,0.000,0.000,0.000,2.200,0.000,0.000,0.000,0.000,0,0,0,0,0,0,0,0,0,0,0,0,0.000,0.000,0.000,0.000,0,0,0,0,48.369,291.082,0,0.700,3.200,0,0,0.400,2.000,0,0,0.300,1.200,0,0,0,0,0,0.000
2199,1979052068,1,0,1,2,375.200,366.600,0.500,7.400,17.300,5.800,0.000,0,52.200,0.000,0.000,62.500,32.800,21.700,10.400,0.000,0.000,0.000,2.300,1.000,2.600,6.200,12.500,0,0,0,0,0,0,0,0,0,0,0,0,0.000,0.000,0.000,0.000,0,0,0,0,51.506,304.675,0,0.700,3.100,0,0,0.400,1.700,0,0,0.300,1.400,0,0,0,0,0,0.000
2200,1979052068,1,0,1,2,367.000,349.900,9.300,6.900,19.400,6.300,0.000,0,93.500,0.000,0.000,5.200,35.200,22.700,11.700,0.000,0.000,0.000,2.600,0.000,0.000,0.000,0.000,0,0,0,0,0,0,0,0,0,0,0,0,0.000,0.000,0.000,0.000,0,0,0,0,51.775,312.815,0,0.600,3.500,0,0,0.400,2.100,0,0,0.200,1.400,0,0,0,0,0,0.000
2201,1979052068,1,0,1,2,284.700,276.600,0.400,6.900,17.600,5.800,0.000,0,23.600,0.000,0.000,4.700,32.100,21.000,10.500,0.000,0.000,0.000,2.200,0.000,0.000,0.000,0.000,0,0,0,0,0,0,0,0,0,0,0,0,0.000,0.000,0.000,0.000,0,0,0,0,51.834,306.297,0,0.800,3.400,0,0,0.500,2.100,0,0,0.300,1.300,0,0,0,0,0,0.000
2202,1979052068,1,0,1,2,228.200,223.100,0.300,4.400,11.800,3.500,0.000,0,32.500,0.000,0.000,42.300,22.100,15.200,6.500,0.000,0.000,0.000,1.400,0.700,2.200,3.900,7.600,0,0,0,0,0,0,0,0,0,0,0,0,0.000,0.000,0.000,0.000,0,0,0,0,49.596,291.321,0,0.300,2.000,0,0,0.200,1.100,0,0,0.100,0.900,0,0,0,0,0,0.000
2203,1979052068,1,0,1,2,266.900,258.700,0.400,6.900,17.400,6.000,0.000,0,24.200,0.000,0.000,4.400,32.500,21.300,10.500,0.000,0.000,0.000,2.200,0.000,0.000,0.000,0.000,0,0,0,0,0,0,0,0,0,0,0,0,0.000,0.000,0.000,0.000,0,0,0,0,49.560,285.449,0,0.700,3.400,0,0,0.500,2.000,0,0,0.200,1.400,0,0,0,0,0,0.000
2204,1979052068,1,0,1,2,331.800,323.200,0.600,7.100,17.700,5.800,0.000,0,87.500,0.000,0.000,4.600,32.300,21.200,10.500,0.000,0.000,0.000,2.200,0.000,0.000,0.000,0.000,0,0,0,0,0,0,0,0,0,0,0,0,0.000,0.000,0.000,0.000,0,0,0,0,49.639,292.245,0,0.500,3.200,0,0,0.400,2.000,0,0,0.100,1.200,0,0,0,0,0,0.000
2205,1979052068,1,0,1,2,389.900,381.600,0.500,7.100,17.800,6.000,0.000,0,61.800,0.000,0.000,64.700,33.400,22.000,10.700,0.000,0.000,0.000,2.300,1.100,2.600,6.400,12.100,0,0,0,0,0,0,0,0,0,0,0,0,0.000,0.000,0.000,0.000,0,0,0,0,51.504,308.329,0,0.600,3.100,0,0,0.400,1.800,0,0,0.200,1.300,0,0,0,0,0,0.000
2206,1979052068,1,0,1,2,249.300,241.400,0.400,6.700,16.900,5.500,0.000,0,22.700,0.000,0.000,4.400,29.800,19.700,9.600,0.000,0.000,0.000,2.200,0.000,0.000,0.000,0.000,0,0,0,0,0,0,0,0,0,0,0,0,0.000,0.000,0.000,0.000,0,0,0,0,50.604,296.281,0,0.600,2.900,0,0,0.400,1.800,0,0,0.200,1.100,0,0,0,0,0,0.000
2207,1979052068,1,0,1,2,234.200,228.500,0.300,4.800,14.900,3.800,0.000,0,56.300,0.000,0.000,4.000,32.800,25.700,6.800,0.000,0.000,0.000,1.900,0.000,0.000,0.000,0.000,0,0,0,0,0,0,0,0,0,0,0,0,0.000,0.000,0.000,0.000,0,0,0,0,49.991,284.081,0,0.600,2.700,0,0,0.400,1.700,0,0,0.200,1.000,0,0,0,0,0,0.000
2208,1979052068,1,0,1,2,219.900,214.900,0.200,4.300,11.100,3.800,0.000,0,30.700,0.000,0.000,41.800,21.200,14.400,6.400,0.000,0.000,0.000,1.400,0.700,1.600,3.800,8.400,0,0,0,0,0,0,0,0,0,0,0,0,0.000,0.000,0.000,0.000,0,0,0,0,47.779,271.628,0,0.300,1.900,0,0,0.200,1.100,0,0,0.100,0.800,0,0,0,0,0,0.000
2209,1979052068,1,0,1,2,164.600,161.000,0.200,3.000,8.900,2.500,0.000,0,9.100,0.000,0.000,2.800,17.400,13.200,3.900,0.000,0.000,0.000,1.200,0.000,0.000,0.000,0.000,0,0,0,0,0,0,0,0,0,0,0,0,0.000,0.000,0.000,0.000,0,0,0,0,48.358,251.715,0,0.400,1.400,0,0,0.300,0.900,0,0,0.100,0.500,0,0,0,0,0,0.000
2210,1979052068,1,0,1,2,204.000,198.100,0.300,5.300,8.400,2.800,0.000,0,70.300,0.000,0.000,2.500,18.000,12.800,4.700,0.000,0.000,0.000,1.100,0.000,0.000,0.000,0.000,0,0,0,0,0,0,0,0,0,0,0,0,0.000,0.000,0.000,0.000,0,0,0,0,45.468,242.064,0,0.600,1.800,0,0,0.500,1.200,0,0,0.100,0.600,0,0,0,0,0,0.000
2211,1979052068,1,0,1,2,345.400,336.800,0.400,7.300,17.800,7.800,0.000,0,23.800,0.000,0.000,64.400,36.400,20.700,15.100,0.000,0.000,0.000,2.200,1.100,2.500,6.200,14.400,0,0,0,0,0,0,0,0,0,0,0,0,0.000,0.000,0.000,0.000,0,0,0,0,46.752,259.117,0,0.600,3.300,0,0,0.400,1.700,0,0,0.200,1.600,0,0,0,0,0,0.000
2212,1979052068,1,0,1,2,336.400,327.800,0.500,7.100,17.300,5.900,0.000,0,91.300,0.000,0.000,4.500,32.800,21.800,10.400,0.000,0.000,0.000,2.200,0.000,0.000,0.000,0.000,0,0,0,0,0,0,0,0,0,0,0,0,0.000,0.000,0.000,0.000,0,0,0,0,47.480,271.480,0,0.600,3.300,0,0,0.400,2.000,0,0,0.200,1.300,0,0,0,0,0,0.000
2213,1979052068,1,0,1,2,400.400,391.600,0.400,7.400,17.500,5.700,0.000,0,157.200,0.000,0.000,4.500,32.200,21.100,10.500,0.000,0.000,0.000,2.200,0.000,0.000,0.000,0.000,0,0,0,0,0,0,0,0,0,0,0,0,0.000,0.000,0.000,0.000,0,0,0,0,48.456,293.101,0,0.600,3.300,0,0,0.400,2.000,0,0,0.200,1.300,0,0,0,0,0,0.000
2214,1979052068,1,0,1,2,344.700,336.200,0.400,7.100,17.600,5.600,0.000,0,23.400,0.000,0.000,69.800,41.500,29.800,11.000,0.000,0.000,0.000,2.500,1.000,2.600,6.600,15.600,0,0,0,0,0,0,0,0,0,0,0,0,0.000,0.000,0.000,0.000,0,0,0,0,49.616,300.859,0,0.900,3.700,0,0,0.800,2.300,0,0,0.100,1.400,0,0,0,0,0,0.000
2215,1979052068,1,0,1,2,333.300,325.000,0.400,7.000,17.900,5.800,0.000,0,89.700,0.000,0.000,4.700,32.400,21.300,10.500,0.000,0.000,0.000,2.400,0.000,0.000,0.000,0.000,0,0,0,0,0,0,0,0,0,0,0,0,0.000,0.000,0.000,0.000,0,0,0,0,49.919,305.205,0,0.600,3.300,0,0,0.400,2.000,0,0,0.200,1.300,0,0,0,0,0,0.000
2216,1979052068,1,0,1,2,332.000,323.400,0.600,7.300,17.400,6.100,0.000,0,86.500,0.000,0.000,4.500,33.000,21.900,10.500,0.000,0.000,0.000,2.200,0.000,0.000,0.000,0.000,0,0,0,0,0,0,0,0,0,0,0,0,0.000,0.000,0.000,0.000,0,0,0,0,50.006,308.480,0,1.000,3.300,0,0,0.700,2.000,0,0,0.300,1.300,0,0,0,0,0,0.000
2217,1979052068,1,0,1,2,271.500,264.700,0.400,5.800,14.800,4.900,0.000,0,19.700,0.000,0.000,54.900,27.200,18.400,8.500,0.000,0.000,0.000,1.800,0.700,2.500,5.000,11.200,0,0,0,0,0,0,0,0,0,0,0,0,0.000,0.000,0.000,0.000,0,0,0,0,49.537,300.599,0,0.500,2.700,0,0,0.300,1.600,0,0,0.200,1.100,0,0,0,0,0,0.000
2218,1979052068,1,0,1,2,289.600,282.200,0.400,6.200,15.800,5.000,0.000,0,77.000,0.000,0.000,3.900,28.900,19.000,9.500,0.000,0.000,0.000,2.000,0.000,0.000,0.000,0.000,0,0,0,0,0,0,0,0,0,0,0,0,0.000,0.000,0.000,0.000,0,0,0,0,49.278,297.288,0,0.400,3.200,0,0,0.300,2.000,0,0,0.100,1.200,0,0,0,0,0,0.000
2219,1979052068,1,0,1,2,285.300,277.200,0.400,6.800,18.100,5.800,0.000,0,23.400,0.000,0.000,4.400,31.800,20.700,10.500,0.000,0.000,0.000,2.200,0.000,0.000,0.000,0.000,0,0,0,0,0,0,0,0,0,0,0,0,0.000,0.000,0.000,0.000,0,0,0,0,50.020,293.672,0,0.600,3.400,0,0,0.400,2.100,0,0,0.200,1.300,0,0,0,0,0,0.000
2220,1979052068,1,0,1,2,361.700,353.300,0.400,7.100,18.100,5.600,0.000,0,51.500,0.000,0.000,67.800,33.400,22.300,10.600,0.000,0.000,0.000,2.400,1.000,3.100,6.100,14.000,0,0,0,0,0,0,0,0,0,0,0,0,0.000,0.000,0.000,0.000,0,0,0,0,51.528,304.405,0,0.600,3.100,0,0,0.400,1.700,0,0,0.200,1.400,0,0,0,0,0,0.000
2221,1979052068,1,0,1,2,349.000,340.400,0.500,7.300,17.600,5.600,0.000,0,105.400,0.000,0.000,4.500,33.000,21.500,10.900,0.000,0.000,0.000,2.200,0.000,0.000,0.000,0.000,0,0,0,0,0,0,0,0,0,0,0,0,0.000,0.000,0.000,0.000,0,0,0,0,51.757,310.884,0,0.700,3.300,0,0,0.400,2.000,0,0,0.300,1.300,0,0,0,0,0,0.000
2222,1979052068,1,0,1,2,265.900,257.800,0.400,6.900,17.800,5.500,0.000,0,23.600,0.000,0.000,4.500,32.200,21.300,10.300,0.000,0.000,0.000,2.400,0.000,0.000,0.000,0.000,0,0,0,0,0,0,0,0,0,0,0,0,0.000,0.000,0.000,0.000,0,0,0,0,51.387,301.329,0,0.500,3.300,0,0,0.400,2.100,0,0,0.100,1.200,0,0,0,0,0,0.000
2223,1979052068,1,0,1,2,384.500,376.400,0.400,6.800,18.900,6.200,0.000,0,57.200,0.000,0.000,69.700,35.400,23.300,11.300,0.000,0.000,0.000,2.500,1.000,2.800,7.100,15.400,0,0,0,0,0,0,0,0,0,0,0,0,0.000,0.000,0.000,0.000,0,0,0,0,52.631,314.842,0,0.700,3.300,0,0,0.500,1.800,0,0,0.200,1.500,0,0,0,0,0,0.000
2224,1979052068,1,0,1,2,354.800,346.800,0.400,6.700,19.000,6.000,0.000,0,91.100,0.000,0.000,5.400,35.500,23.600,11.200,0.000,0.000,0.000,2.400,0.000,0.000,0.000,0.000,0,0,0,0,0,0,0,0,0,0,0,0,0.000,0.000,0.000,0.000,0,0,0,0,53.364,320.594,0,0.700,3.800,0,0,0.500,2.300,0,0,0.200,1.500,0,0,0,0,0,0.000
2225,1979052068,1,0,1,2,288.300,279.500,0.400,7.500,18.800,6.500,0.000,0,25.800,0.000,0.000,5.300,35.200,22.700,11.800,0.000,0.000,0.000,2.500,0.000,0.000,0.000,0.000,0,0,0,0,0,0,0,0,0,0,0,0,0.000,0.000,0.000,0.000,0,0,0,0,53.352,313.197,0,0.700,3.600,0,0,0.500,2.200,0,0,0.200,1.400,0,0,0,0,0,0.000
2226,1979052068,1,0,1,2,360.000,353.100,0.300,5.700,19.700,6.100,0.000,0,40.600,0.000,0.000,77.800,35.000,22.900,11.500,0.000,0.000,0.000,2.400,1.100,2.600,6.800,14.900,0,0,0,0,0,0,0,0,0,0,0,0,0.000,0.000,0.000,0.000,0,0,0,0,71.901,320.380,0,0.700,3.500,0,0,0.500,2.000,0,0,0.200,1.500,0,0,0,0,0,0.000
2227,1979052068,1,0,1,2,298.100,289.700,0.500,7.100,19.200,6.500,0.000,0,25.700,0.000,0.000,5.100,37.100,25.700,10.700,0.000,0.000,0.000,2.600,0.000,0.000,0.000,0.000,0,0,0,0,0,0,0,0,0,0,0,0,0.000,0.000,0.000,0.000,0,0,0,0,68.607,314.857,0,0.700,3.500,0,0,0.500,2.200,0,0,0.200,1.300,0,0,0,0,0,0.000
2228,1979052068,1,0,1,2,364.700,356.000,0.400,7.400,18.100,5.500,0.000,0,120.000,0.000,0.000,4.500,33.800,22.500,10.800,0.000,0.000,0.000,2.200,0.000,0.000,0.000,0.000,0,0,0,0,0,0,0,0,0,0,0,0,0.000,0.000,0.000,0.000,0,0,0,0,65.959,322.263,0,0.600,3.300,0,0,0.400,2.000,0,0,0.200,1.300,0,0,0,0,0,0.000
2229,1979052068,1,0,1,2,358.400,350.000,0.400,7.200,17.200,5.900,0.000,0,51.200,0.000,0.000,65.200,34.000,22.300,10.800,0.000,0.000,0.000,2.300,1.000,3.000,6.200,13.800,0,0,0,0,0,0,0,0,0,0,0,0,0.000,0.000,0.000,0.000,0,0,0,0,63.861,327.256,0,0.600,3.200,0,0,0.400,1.900,0,0,0.200,1.300,0,0,0,0,0,0.000
2230,1979052068,1,0,1,2,311.800,303.600,0.400,6.900,47.200,6.200,0.000,0,34.000,0.000,0.000,4.800,34.600,23.300,10.700,0.000,0.000,0.000,2.400,0.000,0.000,0.000,0.000,0,0,0,0,0,0,0,0,0,0,0,0,0.000,0.000,0.000,0.000,0,0,0,0,61.996,322.998,0,0.800,3.500,0,0,0.500,2.200,0,0,0.300,1.300,0,0,0,0,0,0.000
2231,1979052068,1,0,1,2,182.900,178.300,0.300,3.900,9.900,3.200,0.000,0,45.700,0.000,0.000,2.600,19.000,12.900,5.700,0.000,0.000,0.000,1.200,0.000,0.000,0.000,0.000,0,0,0,0,0,0,0,0,0,0,0,0,0.000,0.000,0.000,0.000,0,0,0,0,57.191,296.952,0,0.300,1.900,0,0,0.200,1.200,0,0,0.100,0.700,0,0,0,0,0,0.000
2232,1979052068,1,0,1,2,353.500,345.400,0.400,6.800,17.700,5.700,0.000,0,51.000,0.000,0.000,63.800,32.700,21.400,10.700,0.000,0.000,0.000,2.100,1.000,2.600,5.900,14.000,0,0,0,0,0,0,0,0,0,0,0,0,0.000,0.000,0.000,0.000,0,0,0,0,56.670,305.673,0,0.600,2.900,0,0,0.400,1.700,0,0,0.200,1.200,0,0,0,0,0,0.000
2233,1979052068,1,0,1,2,289.600,280.800,0.500,7.400,18.500,8.900,0.000,0,25.200,0.000,0.000,4.600,42.400,25.500,16.200,0.000,0.000,0.000,2.300,0.000,0.000,0.000,0.000,0,0,0,0,0,0,0,0,0,0,0,0,0.000,0.000,0.000,0.000,0,0,0,0,56.514,301.196,0,0.700,3.800,0,0,0.400,2.000,0,0,0.300,1.800,0,0,0,0,0,0.000
2234,1979052068,1,0,1,2,262.000,255.200,0.300,5.700,14.400,4.700,0.000,0,63.300,0.000,0.000,3.700,26.900,17.800,8.600,0.000,0.000,0.000,1.700,0.000,0.000,0.000,0.000,0,0,0,0,0,0,0,0,0,0,0,0,0.000,0.000,0.000,0.000,0,0,0,0,53.883,292.916,0,0.500,2.700,0,0,0.300,1.600,0,0,0.200,1.100,0,0,0,0,0,0.000
2235,1979052068,1,0,1,2,327.200,319.100,0.400,6.800,17.600,6.100,0.000,0,24.200,0.000,0.000,64.100,32.600,21.500,10.500,0.000,0.000,0.000,2.400,1.100,2.600,6.200,14.000,0,0,0,0,0,0,0,0,0,0,0,0,0.000,0.000,0.000,0.000,0,0,0,0,54.084,297.629,0,0.600,3.100,0,0,0.500,1.800,0,0,0.100,1.300,0,0,0,0,0,0.000
2236,1979052068,1,0,1,2,234.500,228.800,0.300,4.800,12.800,4.300,0.000,0,58.200,0.000,0.000,3.400,23.800,15.700,7.600,0.000,0.000,0.000,1.700,0.000,0.000,0.000,0.000,0,0,0,0,0,0,0,0,0,0,0,0,0.000,0.000,0.000,0.000,0,0,0,0,51.279,285.240,0,0.400,2.400,0,0,0.300,1.500,0,0,0.100,0.900,0,0,0,0,0,0.000
2237,1979052068,1,0,1,2,331.100,322.500,0.400,7.400,17.400,5.800,0.000,0,88.200,0.000,0.000,4.500,32.200,21.000,10.700,0.000,0.000,0.000,2.200,0.000,0.000,0.000,0.000,0,0,0,0,0,0,0,0,0,0,0,0,0.000,0.000,0.000,0.000,0,0,0,0,51.337,291.947,0,0.700,3.300,0,0,0.400,2.000,0,0,0.300,1.300,0,0,0,0,0,0.000
2238,1979052068,1,0,1,2,298.400,291.300,0.300,6.000,14.800,5.200,0.000,0,42.400,0.000,0.000,56.600,27.900,18.800,8.600,0.000,0.000,0.000,1.900,0.800,2.200,5.300,11.400,0,0,0,0,0,0,0,0,0,0,0,0,0.000,0.000,0.000,0.000,0,0,0,0,51.402,291.831,0,0.500,2.600,0,0,0.300,1.500,0,0,0.200,1.100,0,0,0,0,0,0.000
2239,1979052068,1,0,1,2,248.500,242.000,0.300,5.500,13.300,4.200,0.000,0,59.900,0.000,0.000,3.300,26.600,17.600,8.200,0.000,0.000,0.000,1.600,0.000,0.000,0.000,0.000,0,0,0,0,0,0,0,0,0,0,0,0,0.000,0.000,0.000,0.000,0,0,0,0,50.196,282.861,0,0.500,2.600,0,0,0.400,1.600,0,0,0.100,1.000,0,0,0,0,0,0.000
2240,1979052068,1,0,1,2,169.800,164.300,0.300,4.600,11.300,3.500,0.000,0,15.500,0.000,0.000,2.800,21.700,14.600,6.600,0.000,0.000,0.000,1.500,0.000,0.000,0.000,0.000,0,0,0,0,0,0,0,0,0,0,0,0,0.000,0.000,0.000,0.000,0,0,0,0,48.181,261.520,0,0.300,2.200,0,0,0.200,1.300,0,0,0.100,0.900,0,0,0,0,0,0.000
2241,1979052068,1,0,1,2,373.600,365.300,0.400,7.000,18.000,6.000,0.000,0,53.800,0.000,0.000,67.000,33.900,22.600,10.600,0.000,0.000,0.000,2.300,1.100,2.700,6.600,14.100,0,0,0,0,0,0,0,0,0,0,0,0,0.000,0.000,0.000,0.000,0,0,0,0,50.830,280.200,0,0.700,3.200,0,0,0.400,1.900,0,0,0.300,1.300,0,0,0,0,0,0.000
2242,1979052068,1,0,1,2,392.700,383.500,0.500,7.800,19.700,6.600,0.000,0,103.200,0.000,0.000,4.700,36.800,24.100,12.000,0.000,0.000,0.000,2.500,0.000,0.000,0.000,0.000,0,0,0,0,0,0,0,0,0,0,0,0,0.000,0.000,0.000,0.000,0,0,0,0,52.859,298.794,0,0.600,3.600,0,0,0.400,2.300,0,0,0.200,1.300,0,0,0,0,0,0.000
2243,1979052068,1,0,1,2,334.200,326.200,0.400,6.800,18.400,5.800,0.000,0,24.300,0.000,0.000,66.800,34.700,23.300,10.800,0.000,0.000,0.000,2.500,1.100,2.700,6.300,13.800,0,0,0,0,0,0,0,0,0,0,0,0,0.000,0.000,0.000,0.000,0,0,0,0,54.144,303.727,0,0.600,3.100,0,0,0.400,1.700,0,0,0.200,1.400,0,0,0,0,0,0.000
2244,1979052068,1,0,1,2,345.400,336.900,0.500,7.100,17.200,5.800,0.000,0,103.300,0.000,0.000,4.300,32.800,21.600,10.700,0.000,0.000,0.000,2.200,0.000,0.000,0.000,0.000,0,0,0,0,0,0,0,0,0,0,0,0,0.000,0.000,0.000,0.000,0,0,0,0,53.596,309.698,0,0.600,3.300,0,0,0.400,2.100,0,0,0.200,1.200,0,0,0,0,0,0.000
2245,1979052068,1,0,1,2,359.100,322.000,29.600,6.600,17.600,5.800,0.000,0,87.400,0.000,0.000,4.500,32.500,21.300,10.600,0.000,0.000,0.000,2.300,0.000,0.000,0.000,0.000,0,0,0,0,0,0,0,0,0,0,0,0,0.000,0.000,0.000,0.000,0,0,0,0,53.111,311.913,0,0.600,3.300,0,0,0.400,2.000,0,0,0.200,1.300,0,0,0,0,0,0.000
2246,1979052068,1,0,1,2,348.800,340.500,0.400,7.000,18.100,6.000,0.000,0,24.900,0.000,0.000,79.200,35.000,23.300,11.000,0.000,0.000,0.000,2.400,1.400,2.600,6.200,24.900,0,0,0,0,0,0,0,0,0,0,0,0,0.000,0.000,0.000,0.000,0,0,0,0,53.757,317.058,0,0.900,3.300,0,0,0.700,1.900,0,0,0.200,1.400,0,0,0,0,0,0.000
2247,1979052068,1,0,1,2,248.200,241.800,0.400,5.400,13.500,4.600,0.000,0,60.300,0.000,0.000,3.500,26.500,18.100,7.900,0.000,0.000,0.000,1.700,0.000,0.000,0.000,0.000,0,0,0,0,0,0,0,0,0,0,0,0,0.000,0.000,0.000,0.000,0,0,0,0,51.353,303.512,0,0.500,2.600,0,0,0.300,1.600,0,0,0.200,1.000,0,0,0,0,0,0.000
2248,1979052068,1,0,1,2,310.300,301.700,0.500,7.300,17.600,5.700,0.000,0,25.000,0.000,0.000,4.500,61.900,50.100,11.200,0.000,0.000,0.000,2.200,0.000,0.000,0.000,0.000,0,0,0,0,0,0,0,0,0,0,0,0,0.000,0.000,0.000,0.000,0,0,0,0,52.261,303.186,0,0.700,3.600,0,0,0.400,2.100,0,0,0.300,1.500,0,0,0,0,0,0.000
2249,1979052068,1,0,1,2,364.800,356.600,0.400,6.900,17.500,5.900,0.000,0,52.300,0.000,0.000,67.900,35.400,23.800,11.000,0.000,0.000,0.000,2.300,1.100,2.700,6.400,14.200,0,0,0,0,0,0,0,0,0,0,0,0,0.000,0.000,0.000,0.000,0,0,0,0,53.438,312.800,0,0.700,3.500,0,0,0.400,2.200,0,0,0.300,1.300,0,0,0,0,0,0.000
2250,1979052068,1,0,1,2,269.300,260.900,0.500,7.000,17.200,5.800,0.000,0,24.800,0.000,0.000,4.400,33.100,21.800,10.900,0.000,0.000,0.000,2.200,0.000,0.000,0.000,0.000,0,0,0,0,0,0,0,0,0,0,0,0,0.000,0.000,0.000,0.000,0,0,0,0,53.089,303.458,0,0.600,3.500,0,0,0.400,2.100,0,0,0.200,1.400,0,0,0,0,0,0.000
2251,1979052068,1,0,1,2,263.500,256.700,0.400,5.800,14.300,4.900,0.000,0,63.600,0.000,0.000,4.000,27.200,17.700,9.000,0.000,0.000,0.000,2.000,0.000,0.000,0.000,0.000,0,0,0,0,0,0,0,0,0,0,0,0,0.000,0.000,0.000,0.000,0,0,0,0,51.399,295.042,0,0.600,3.200,0,0,0.400,1.700,0,0,0.200,1.500,0,0,0,0,0,0.000
2252,1979052068,1,0,1,2,294.200,287.800,0.400,5.400,17.400,4.700,0.000,0,39.700,0.000,0.000,50.500,39.400,30.400,8.500,0.000,0.000,0.000,1.700,0.800,2.000,4.800,10.700,0,0,0,0,0,0,0,0,0,0,0,0,0.000,0.000,0.000,0.000,0,0,0,0,54.297,293.738,0,0.400,2.800,0,0,0.300,1.700,0,0,0.100,1.100,0,0,0,0,0,0.000
2253,1979052068,1,0,1,2,343.900,334.200,0.400,8.400,20.500,11.000,0.000,0,30.600,0.000,0.000,5.800,49.900,32.300,17.000,0.000,0.000,0.000,2.900,0.000,0.000,0.000,0.000,0,0,0,0,0,0,0,0,0,0,0,0,0.000,0.000,0.000,0.000,0,0,0,0,53.866,301.021,0,0.700,4.500,0,0,0.400,2.600,0,0,0.300,1.900,0,0,0,0,0,0.000
2254,1979052068,1,0,1,2,359.700,351.100,0.400,7.300,15.700,7.900,0.000,0,77.400,0.000,0.000,4.100,39.400,24.700,14.200,0.000,0.000,0.000,2.100,0.000,0.000,0.000,0.000,0,0,0,0,0,0,0,0,0,0,0,0,0.000,0.000,0.000,0.000,0,0,0,0,57.328,310.036,0,0.600,3.600,0,0,0.400,1.800,0,0,0.200,1.800,0,0,0,0,0,0.000
2255,1979052068,1,0,1,2,330.800,322.600,0.400,7.000,17.500,6.000,0.000,0,24.200,0.000,0.000,65.600,33.300,22.200,10.600,0.000,0.000,0.000,2.100,1.000,2.500,6.300,14.100,0,0,0,0,0,0,0,0,0,0,0,0,0.000,0.000,0.000,0.000,0,0,0,0,57.053,312.297,0,0.600,3.000,0,0,0.400,1.700,0,0,0.200,1.300,0,0,0,0,0,0.000
2256,1979052068,1,0,1,2,375.900,366.900,0.500,7.700,17.900,8.500,0.000,0,88.700,0.000,0.000,4.600,37.500,21.600,15.200,0.000,0.000,0.000,2.100,0.000,0.000,0.000,0.000,0,0,0,0,0,0,0,0,0,0,0,0,0.000,0.000,0.000,0.000,0,0,0,0,56.629,322.126,0,0.700,3.900,0,0,0.400,1.900,0,0,0.300,2.000,0,0,0,0,0,0.000
2257,1979052068,1,0,1,2,382.700,373.700,0.400,7.600,17.600,6.200,0.000,0,117.100,0.000,0.000,4.800,33.100,21.900,10.600,0.000,0.000,0.000,2.200,0.000,0.000,0.000,0.000,0,0,0,0,0,0,0,0,0,0,0,0,0.000,0.000,0.000,0.000,0,0,0,0,55.832,331.409,0,0.700,3.200,0,0,0.500,2.000,0,0,0.200,1.200,0,0,0,0,0,0.000
2258,1979052068,1,0,1,2,458.200,449.300,0.500,7.600,20.500,7.900,0.000,0,25.000,0.000,0.000,93.300,46.000,30.000,15.400,0.000,0.000,0.000,2.900,1.500,3.800,9.000,23.500,0,0,0,0,0,0,0,0,0,0,0,0,0.000,0.000,0.000,0.000,0,0,0,0,55.448,352.629,0,0.900,4.100,0,0,0.700,2.400,0,0,0.200,1.700,0,0,0,0,0,0.000
2259,1979052068,1,0,1,2,379.300,370.200,0.400,7.800,19.300,6.200,0.000,0,93.500,0.000,0.000,4.900,35.100,23.000,11.500,0.000,0.000,0.000,2.300,0.000,0.000,0.000,0.000,0,0,0,0,0,0,0,0,0,0,0,0,0.000,0.000,0.000,0.000,0,0,0,0,54.972,355.792,0,0.800,3.600,0,0,0.500,2.200,0,0,0.300,1.400,0,0,0,0,0,0.000
2260,1979052068,1,0,1,2,374.400,366.300,0.400,6.800,17.700,6.000,0.000,0,24.100,0.000,0.000,106.900,34.100,22.900,10.700,0.000,0.000,0.000,2.300,1.000,2.700,6.700,14.200,0,0,0,0,0,0,0,0,0,0,0,0,0.000,0.000,0.000,0.000,0,0,0,0,54.959,357.684,0,0.600,3.100,0,0,0.400,1.800,0,0,0.200,1.300,0,0,0,0,0,0.000
2261,1979052068,1,0,1,2,334.900,324.900,0.700,8.400,14.900,4.800,0.000,0,128.300,0.000,0.000,3.700,27.400,18.200,8.700,0.000,0.000,0.000,1.900,0.000,0.000,0.000,0.000,0,0,0,0,0,0,0,0,0,0,0,0,0.000,0.000,0.000,0.000,0,0,0,0,53.166,351.783,0,0.500,2.600,0,0,0.400,1.600,0,0,0.100,1.000,0,0,0,0,0,0.000
2262,1979052068,1,0,1,2,151.200,146.400,0.400,4.100,9.900,3.200,0.000,0,14.200,0.000,0.000,2.600,19.300,13.100,5.800,0.000,0.000,0.000,1.400,0.000,0.000,0.000,0.000,0,0,0,0,0,0,0,0,0,0,0,0,0.000,0.000,0.000,0.000,0,0,0,0,49.734,314.814,0,0.300,1.800,0,0,0.200,1.100,0,0,0.100,0.700,0,0,0,0,0,0.000
2263,1979052068,1,0,1,2,382.600,373.900,0.400,7.400,19.100,6.100,0.000,0,55.400,0.000,0.000,68.700,35.100,23.100,11.500,0.000,0.000,0.000,2.500,1.400,2.800,6.900,15.200,0,0,0,0,0,0,0,0,0,0,0,0,0.000,0.000,0.000,0.000,0,0,0,0,52.428,325.449,0,0.700,3.400,0,0,0.500,1.900,0,0,0.200,1.500,0,0,0,0,0,0.000
2264,1979052068,1,0,1,2,377.800,368.700,0.500,7.700,19.100,6.000,0.000,0,94.900,0.000,0.000,5.100,35.600,23.500,11.400,0.000,0.000,0.000,2.300,0.000,0.000,0.000,0.000,0,0,0,0,0,0,0,0,0,0,0,0,0.000,0.000,0.000,0.000,0,0,0,0,52.405,333.234,0,0.600,3.600,0,0,0.400,2.200,0,0,0.200,1.400,0,0,0,0,0,0.000
2265,1979052068,1,0,1,2,362.500,354.200,0.500,6.900,17.500,5.600,0.000,0,51.900,0.000,0.000,63.700,33.800,22.500,10.700,0.000,0.000,0.000,2.100,1.000,2.800,6.400,14.000,0,0,0,0,0,0,0,0,0,0,0,0,0.000,0.000,0.000,0.000,0,0,0,0,52.890,337.008,0,0.600,3.500,0,0,0.400,2.200,0,0,0.200,1.300,0,0,0,0,0,0.000
2266,1979052068,1,0,1,2,310.400,302.500,0.300,6.800,16.500,5.300,0.000,0,81.600,0.000,0.000,4.100,30.700,20.300,9.800,0.000,0.000,0.000,2.000,0.000,0.000,0.000,0.000,0,0,0,0,0,0,0,0,0,0,0,0,0.000,0.000,0.000,0.000,0,0,0,0,52.064,330.797,0,0.600,3.100,0,0,0.400,1.900,0,0,0.200,1.200,0,0,0,0,0,0.000
2267,1979052068,1,0,1,2,207.000,200.900,0.300,5.200,14.000,4.400,0.000,0,18.800,0.000,0.000,3.700,26.200,17.600,8.000,0.000,0.000,0.000,1.900,0.000,0.000,0.000,0.000,0,0,0,0,0,0,0,0,0,0,0,0,0.000,0.000,0.000,0.000,0,0,0,0,50.504,307.415,0,0.600,2.600,0,0,0.400,1.500,0,0,0.200,1.100,0,0,0,0,0,0.000
2268,1979052068,1,0,1,2,378.600,371.100,0.400,6.400,19.800,5.100,0.000,0,55.000,0.000,0.000,84.600,40.900,28.400,11.900,0.000,0.000,0.000,2.700,1.200,2.900,7.100,14.900,0,0,0,0,0,0,0,0,0,0,0,0,0.000,0.000,0.000,0.000,0,0,0,0,52.538,318.879,0,0.700,3.900,0,0,0.500,2.100,0,0,0.200,1.800,0,0,0,0,0,0.000
2269,1979052068,1,0,1,2,396.500,387.100,0.400,8.000,19.700,6.200,0.000,0,106.200,0.000,0.000,5.200,35.800,23.800,11.400,0.000,0.000,0.000,2.600,0.000,0.000,0.000,0.000,0,0,0,0,0,0,0,0,0,0,0,0,0.000,0.000,0.000,0.000,0,0,0,0,53.791,331.158,0,0.600,3.600,0,0,0.400,2.200,0,0,0.200,1.400,0,0,0,0,0,0.000
2270,1979052068,1,0,1,2,356.100,348.100,0.400,6.700,18.000,6.400,0.000,0,52.100,0.000,0.000,63.900,32.500,21.400,10.600,0.000,0.000,0.000,2.200,0.900,2.400,6.200,14.000,0,0,0,0,0,0,0,0,0,0,0,0,0.000,0.000,0.000,0.000,0,0,0,0,53.702,334.208,0,0.600,3.100,0,0,0.400,1.800,0,0,0.200,1.300,0,0,0,0,0,0.000
2271,1979052068,1,0,1,2,267.400,259.300,0.400,6.900,17.600,5.600,0.000,0,24.100,0.000,0.000,4.600,33.000,21.900,10.600,0.000,0.000,0.000,2.300,0.000,0.000,0.000,0.000,0,0,0,0,0,0,0,0,0,0,0,0,0.000,0.000,0.000,0.000,0,0,0,0,53.180,320.724,0,0.700,3.400,0,0,0.400,2.100,0,0,0.300,1.300,0,0,0,0,0,0.000
2272,1979052068,1,0,1,2,358.500,349.600,0.400,7.700,18.100,5.700,0.000,0,103.400,0.000,0.000,4.800,32.800,21.300,10.600,0.000,0.000,0.000,2.500,0.000,0.000,0.000,0.000,0,0,0,0,0,0,0,0,0,0,0,0,0.000,0.000,0.000,0.000,0,0,0,0,53.166,325.922,0,0.600,3.300,0,0,0.400,2.000,0,0,0.200,1.300,0,0,0,0,0,0.000
2273,1979052068,1,0,1,2,386.300,377.400,0.500,7.300,19.200,6.300,0.000,0,56.100,0.000,0.000,68.900,35.200,23.000,11.500,0.000,0.000,0.000,2.500,1.000,2.700,6.900,14.800,0,0,0,0,0,0,0,0,0,0,0,0,0.000,0.000,0.000,0.000,0,0,0,0,54.522,335.188,0,0.800,3.200,0,0,0.500,1.900,0,0,0.300,1.300,0,0,0,0,0,0.000
2274,1979052068,1,0,1,2,311.700,303.500,0.400,6.900,17.500,5.800,0.000,0,24.900,0.000,0.000,4.800,32.900,21.600,10.800,0.000,0.000,0.000,2.300,0.000,0.000,0.000,0.000,0,0,0,0,0,0,0,0,0,0,0,0,0.000,0.000,0.000,0.000,0,0,0,0,54.518,329.484,0,0.700,3.300,0,0,0.400,2.000,0,0,0.300,1.300,0,0,0,0,0,0.000
2275,1979052068,1,0,1,2,434.000,425.100,0.400,7.500,29.900,6.100,0.000,0,54.800,0.000,0.000,69.100,35.400,23.400,11.400,0.000,0.000,0.000,2.700,1.200,2.700,6.900,14.900,0,0,0,0,0,0,0,0,0,0,0,0,0.000,0.000,0.000,0.000,0,0,0,0,54.767,346.695,0,0.800,3.300,0,0,0.500,1.900,0,0,0.300,1.400,0,0,0,0,0,0.000
2276,1979052068,1,0,1,2,345.200,336.700,0.400,7.300,17.700,15.500,0.000,0,87.400,0.000,0.000,4.700,34.600,23.500,10.500,0.000,0.000,0.000,2.300,0.000,0.000,0.000,0.000,0,0,0,0,0,0,0,0,0,0,0,0,0.000,0.000,0.000,0.000,0,0,0,0,54.755,344.896,0,0.600,3.800,0,0,0.400,2.400,0,0,0.200,1.400,0,0,0,0,0,0.000
2277,1979052068,1,0,1,2,365.300,356.900,0.400,7.200,18.800,6.200,0.000,0,88.200,0.000,0.000,4.900,35.100,23.100,11.400,0.000,0.000,0.000,2.400,0.000,0.000,0.000,0.000,0,0,0,0,0,0,0,0,0,0,0,0,0.000,0.000,0.000,0.000,0,0,0,0,54.835,347.057,0,0.600,3.400,0,0,0.400,2.100,0,0,0.200,1.300,0,0,0,0,0,0.000
2278,1979052068,1,0,1,2,336.500,328.300,0.400,6.800,17.700,5.600,0.000,0,24.700,0.000,0.000,63.900,33.300,22.200,10.500,0.000,0.000,0.000,2.300,1.000,2.500,6.100,13.800,0,0,0,0,0,0,0,0,0,0,0,0,0.000,0.000,0.000,0.000,0,0,0,0,54.325,343.680,0,0.500,3.100,0,0,0.400,1.800,0,0,0.100,1.300,0,0,0,0,0,0.000
2279,1979052068,1,0,1,2,344.200,335.600,0.400,7.200,19.000,5.800,0.000,0,88.300,0.000,0.000,13.600,32.900,21.800,10.500,0.000,0.000,0.000,2.300,0.000,0.000,0.000,0.000,0,0,0,0,0,0,0,0,0,0,0,0,0.000,0.000,0.000,0.000,0,0,0,0,54.680,342.226,0,0.600,3.300,0,0,0.400,2.000,0,0,0.200,1.300,0,0,0,0,0,0.000
2280,1979052068,1,0,1,2,380.700,372.200,0.400,7.300,18.800,6.500,0.000,0,95.100,0.000,0.000,4.700,35.400,23.400,11.400,0.000,0.000,0.000,2.400,0.000,0.000,0.000,0.000,0,0,0,0,0,0,0,0,0,0,0,0,0.000,0.000,0.000,0.000,0,0,0,0,53.802,347.621,0,0.600,3.500,0,0,0.400,2.200,0,0,0.200,1.300,0,0,0,0,0,0.000
2281,1979052068,1,0,1,2,326.700,319.000,0.400,6.500,17.500,5.900,0.000,0,24.300,0.000,0.000,64.300,33.400,22.100,10.700,0.000,0.000,0.000,2.300,1.000,2.900,6.200,13.700,0,0,0,0,0,0,0,0,0,0,0,0,0.000,0.000,0.000,0.000,0,0,0,0,53.891,342.469,0,0.700,3.500,0,0,0.400,2.100,0,0,0.300,1.400,0,0,0,0,0,0.000
2282,1979052068,1,0,1,2,356.500,347.700,0.400,7.500,19.300,6.100,0.000,0,92.400,0.000,0.000,4.600,35.600,23.100,11.700,0.000,0.000,0.000,2.200,0.000,0.000,0.000,0.000,0,0,0,0,0,0,0,0,0,0,0,0,0.000,0.000,0.000,0.000,0,0,0,0,54.433,343.411,0,0.800,3.500,0,0,0.500,2.100,0,0,0.300,1.400,0,0,0,0,0,0.000
2283,1979052068,1,0,1,2,360.700,352.200,0.700,7.000,17.600,5.800,0.000,0,51.300,0.000,0.000,66.700,34.300,22.700,11.100,0.000,0.000,0.000,2.300,1.100,2.600,6.200,14.100,0,0,0,0,0,0,0,0,0,0,0,0,0.000,0.000,0.000,0.000,0,0,0,0,53.851,344.993,0,0.700,3.500,0,0,0.500,1.800,0,0,0.200,1.700,0,0,0,0,0,0.000
2284,1979052068,1,0,1,2,378.300,369.400,0.400,7.600,29.100,6.600,0.000,0,93.600,0.000,0.000,7.900,36.600,24.300,11.600,0.000,0.000,0.000,3.700,0.000,0.000,0.000,0.000,0,0,0,0,0,0,0,0,0,0,0,0,0.000,0.000,0.000,0.000,0,0,0,0,54.184,349.386,0,0.700,3.700,0,0,0.500,2.300,0,0,0.200,1.400,0,0,0,0,0,0.000
2285,1979052068,1,0,1,2,311.700,304.700,0.400,6.000,15.400,5.200,0.000,0,44.800,0.000,0.000,57.900,28.700,18.900,9.300,0.000,0.000,0.000,2.100,0.800,2.200,5.600,11.900,0,0,0,0,0,0,0,0,0,0,0,0,0.000,0.000,0.000,0.000,0,0,0,0,52.981,341.343,0,0.600,2.700,0,0,0.400,1.600,0,0,0.200,1.100,0,0,0,0,0,0.000
2286,1979052068,1,0,1,2,331.000,322.200,0.400,7.500,17.600,5.700,0.000,0,87.900,0.000,0.000,4.600,32.500,21.600,10.300,0.000,0.000,0.000,2.200,0.000,0.000,0.000,0.000,0,0,0,0,0,0,0,0,0,0,0,0,0.000,0.000,0.000,0.000,0,0,0,0,52.786,337.897,0,0.600,3.500,0,0,0.400,2.100,0,0,0.200,1.400,0,0,0,0,0,0.000
2287,1979052068,1,0,1,2,323.700,315.400,0.400,7.100,19.400,6.300,0.000,0,25.400,0.000,0.000,5.600,66.900,23.300,42.900,0.000,0.000,0.000,2.700,0.000,0.000,0.000,0.000,0,0,0,0,0,0,0,0,0,0,0,0,0.000,0.000,0.000,0.000,0,0,0,0,55.129,333.848,0,0.600,3.600,0,0,0.400,2.200,0,0,0.200,1.400,0,0,0,0,0,0.000
2288,1979052068,1,0,1,2,356.200,347.700,0.400,7.200,17.300,5.800,0.000,0,51.100,0.000,0.000,64.000,33.200,21.900,10.800,0.000,0.000,0.000,2.300,1.000,3.100,6.300,13.800,0,0,0,0,0,0,0,0,0,0,0,0,0.000,0.000,0.000,0.000,0,0,0,0,54.980,336.341,0,0.900,3.000,0,0,0.700,1.700,0,0,0.200,1.300,0,0,0,0,0,0.000
2289,1979052068,1,0,1,2,220.200,213.600,0.300,5.500,14.900,4.800,0.000,0,20.400,0.000,0.000,3.500,27.500,18.100,8.800,0.000,0.000,0.000,1.900,0.000,0.000,0.000,0.000,0,0,0,0,0,0,0,0,0,0,0,0,0.000,0.000,0.000,0.000,0,0,0,0,52.877,314.248,0,0.600,2.800,0,0,0.400,1.700,0,0,0.200,1.100,0,0,0,0,0,0.000
2290,1979052068,1,0,1,2,391.000,382.800,0.500,6.900,24.700,5.700,0.000,0,52.000,0.000,0.000,66.500,44.600,23.300,20.700,0.000,0.000,0.000,2.200,1.100,2.300,6.700,13.800,0,0,0,0,0,0,0,0,0,0,0,0,0.000,0.000,0.000,0.000,0,0,0,0,53.565,326.587,0,0.600,3.100,0,0,0.400,1.800,0,0,0.200,1.300,0,0,0,0,0,0.000
2291,1979052068,1,0,1,2,332.500,324.400,0.400,6.900,17.600,5.700,0.000,0,89.000,0.000,0.000,4.600,33.300,22.100,10.600,0.000,0.000,0.000,2.200,0.000,0.000,0.000,0.000,0,0,0,0,0,0,0,0,0,0,0,0,0.000,0.000,0.000,0.000,0,0,0,0,53.518,326.193,0,0.600,3.300,0,0,0.400,2.000,0,0,0.200,1.300,0,0,0,0,0,0.000
2292,1979052068,1,0,1,2,249.400,243.600,0.300,4.800,12.100,3.900,0.000,0,36.000,0.000,0.000,46.500,23.200,15.600,7.100,0.000,0.000,0.000,1.600,0.800,1.900,4.500,9.400,0,0,0,0,0,0,0,0,0,0,0,0,0.000,0.000,0.000,0.000,0,0,0,0,51.642,311.327,0,0.500,2.100,0,0,0.300,1.200,0,0,0.200,0.900,0,0,0,0,0,0.000
2293,1979052068,1,0,1,2,288.700,280.100,0.400,7.200,18.800,6.300,0.000,0,26.600,0.000,0.000,4.900,35.200,23.200,11.400,0.000,0.000,0.000,2.500,0.000,0.000,0.000,0.000,0,0,0,0,0,0,0,0,0,0,0,0,0.000,0.000,0.000,0.000,0,0,0,0,52.265,305.706,0,0.600,3.600,0,0,0.500,2.200,0,0,0.100,1.400,0,0,0,0,0,0.000
2294,1979052068,1,0,1,2,344.400,335.600,0.500,7.300,17.500,5.700,0.000,0,85.400,0.000,0.000,4.300,31.900,20.700,10.500,0.000,0.000,0.000,2.300,0.000,0.000,0.000,0.000,0,0,0,0,0,0,0,0,0,0,0,0,0.000,0.000,0.000,0.000,0,0,0,0,51.803,311.087,0,0.600,3.300,0,0,0.400,2.000,0,0,0.200,1.300,0,0,0,0,0,0.000
2295,1979052068,1,0,1,2,439.300,431.100,0.400,6.900,18.900,6.200,0.000,0,25.200,0.000,0.000,80.700,36.500,23.800,12.000,0.000,0.000,0.000,2.300,1.100,2.700,7.000,14.900,0,0,0,0,0,0,0,0,0,0,0,0,0.000,0.000,0.000,0.000,0,0,0,0,56.015,332.689,0,0.700,3.700,0,0,0.400,1.800,0,0,0.300,1.900,0,0,0,0,0,0.000
2296,1979052068,1,0,1,2,355.800,346.800,0.600,7.400,19.400,6.600,0.000,0,91.300,0.000,0.000,4.900,35.200,23.000,11.500,0.000,0.000,0.000,2.400,0.000,0.000,0.000,0.000,0,0,0,0,0,0,0,0,0,0,0,0,0.000,0.000,0.000,0.000,0,0,0,0,55.760,335.229,0,0.700,3.600,0,0,0.500,2.300,0,0,0.200,1.300,0,0,0,0,0,0.000
2297,1979052068,1,0,1,2,345.700,337.500,0.400,7.000,17.300,5.900,0.000,0,23.800,0.000,0.000,81.900,32.900,21.800,10.600,0.000,0.000,0.000,2.300,1.000,2.600,6.200,13.900,0,0,0,0,0,0,0,0,0,0,0,0,0.000,0.000,0.000,0.000,0,0,0,0,55.497,335.638,0,0.600,3.200,0,0,0.400,1.800,0,0,0.200,1.400,0,0,0,0,0,0.000
2298,1979052068,1,0,1,2,353.300,344.600,0.600,7.200,17.600,5.600,0.000,0,109.300,0.000,0.000,4.600,33.300,21.800,10.900,0.000,0.000,0.000,2.300,0.000,0.000,0.000,0.000,0,0,0,0,0,0,0,0,0,0,0,0,0.000,0.000,0.000,0.000,0,0,0,0,54.886,337.251,0,0.600,3.200,0,0,0.400,2.000,0,0,0.200,1.200,0,0,0,0,0,0.000
2299,1979052068,1,0,1,2,356.700,319.700,29.700,6.300,17.800,5.600,0.000,0,23.600,0.000,0.000,64.500,32.800,21.600,10.700,0.000,0.000,0.000,2.200,1.100,2.400,6.400,14.200,0,0,0,0,0,0,0,0,0,0,0,0,0.000,0.000,0.000,0.000,0,0,0,0,54.474,334.092,0,0.600,3.000,0,0,0.400,1.700,0,0,0.200,1.300,0,0,0,0,0,0.000
2300,1979052068,1,0,1,2,330.300,322.100,0.500,6.900,17.000,6.200,0.000,0,86.700,0.000,0.000,4.800,33.300,22.300,10.400,0.000,0.000,0.000,2.400,0.000,0.000,0.000,0.000,0,0,0,0,0,0,0,0,0,0,0,0,0.000,0.000,0.000,0.000,0,0,0,0,54.425,331.933,0,0.700,3.300,0,0,0.500,2.000,0,0,0.200,1.300,0,0,0,0,0,0.000
2301,1979052068,1,0,1,2,291.300,282.500,0.400,7.500,19.300,6.200,0.000,0,26.200,0.000,0.000,4.800,35.200,23.100,11.400,0.000,0.000,0.000,2.300,0.000,0.000,0.000,0.000,0,0,0,0,0,0,0,0,0,0,0,0,0.000,0.000,0.000,0.000,0,0,0,0,54.528,323.035,0,0.600,3.600,0,0,0.400,2.200,0,0,0.200,1.400,0,0,0,0,0,0.000
2302,1979052068,1,0,1,2,410.200,401.300,0.400,7.400,19.700,6.200,0.000,0,54.800,0.000,0.000,73.200,37.100,24.800,11.700,0.000,0.000,0.000,2.800,1.200,3.300,6.800,15.200,0,0,0,0,0,0,0,0,0,0,0,0,0.000,0.000,0.000,0.000,0,0,0,0,55.045,337.123,0,0.700,3.700,0,0,0.400,2.000,0,0,0.300,1.700,0,0,0,0,0,0.000
2303,1979052068,1,0,1,2,291.600,284.300,0.400,6.100,15.500,5.000,0.000,0,78.100,0.000,0.000,4.500,29.200,19.300,9.300,0.000,0.000,0.000,2.400,0.000,0.000,0.000,0.000,0,0,0,0,0,0,0,0,0,0,0,0,0.000,0.000,0.000,0.000,0,0,0,0,53.849,327.615,0,0.500,2.800,0,0,0.300,1.700,0,0,0.200,1.100,0,0,0,0,0,0.000
2304,1979052068,1,0,1,2,251.700,244.600,0.500,5.900,15.400,5.000,0.000,0,20.500,0.000,0.000,4.000,29.000,19.000,9.400,0.000,0.000,0.000,2.000,0.000,0.000,0.000,0.000,0,0,0,0,0,0,0,0,0,0,0,0,0.000,0.000,0.000,0.000,0,0,0,0,51.338,312.672,0,0.600,3.100,0,0,0.400,1.700,0,0,0.200,1.400,0,0,0,0,0,0.000
2305,1979052068,1,0,1,2,238.700,232.900,0.400,4.800,11.800,4.000,0.000,0,33.500,0.000,0.000,44.200,22.700,15.300,7.000,0.000,0.000,0.000,1.500,0.700,1.900,4.100,8.800,0,0,0,0,0,0,0,0,0,0,0,0,0.000,0.000,0.000,0.000,0,0,0,0,49.477,298.313,0,0.300,2.100,0,0,0.200,1.100,0,0,0.100,1.000,0,0,0,0,0,0.000
2306,1979052068,1,0,1,2,284.000,277.800,0.300,5.200,15.100,5.000,0.000,0,72.200,0.000,0.000,4.000,28.800,19.100,9.200,0.000,0.000,0.000,2.000,0.000,0.000,0.000,0.000,0,0,0,0,0,0,0,0,0,0,0,0,0.000,0.000,0.000,0.000,0,0,0,0,48.743,294.621,0,0.500,2.800,0,0,0.300,1.700,0,0,0.200,1.100,0,0,0,0,0,0.000
2307,1979052068,1,0,1,2,276.000,268.100,0.400,6.700,18.200,5.700,0.000,0,24.100,0.000,0.000,4.500,41.200,29.800,10.800,0.000,0.000,0.000,2.300,0.000,0.000,0.000,0.000,0,0,0,0,0,0,0,0,0,0,0,0,0.000,0.000,0.000,0.000,0,0,0,0,50.086,289.847,0,0.500,3.500,0,0,0.400,2.100,0,0,0.100,1.400,0,0,0,0,0,0.000
2308,1979052068,1,0,1,2,382.700,373.900,0.500,7.400,18.700,6.200,0.000,0,54.800,0.000,0.000,68.600,35.100,23.300,11.200,0.000,0.000,0.000,2.400,1.300,2.700,6.700,15.200,0,0,0,0,0,0,0,0,0,0,0,0,0.000,0.000,0.000,0.000,0,0,0,0,50.682,304.977,0,0.700,3.300,0,0,0.400,1.900,0,0,0.300,1.400,0,0,0,0,0,0.000
2309,1979052068,1,0,1,2,389.400,380.100,0.500,7.900,19.200,6.300,0.000,0,98.200,0.000,0.000,5.100,36.200,24.000,11.500,0.000,0.000,0.000,2.400,0.000,0.000,0.000,0.000,0,0,0,0,0,0,0,0,0,0,0,0,0.000,0.000,0.000,0.000,0,0,0,0,52.161,318.499,0,0.800,3.700,0,0,0.500,2.200,0,0,0.300,1.500,0,0,0,0,0,0.000
2310,1979052068,1,0,1,2,403.500,394.500,0.600,7.500,37.900,6.100,0.000,0,54.900,0.000,0.000,69.000,36.500,24.000,11.800,0.000,0.000,0.000,2.500,1.500,3.000,6.800,15.200,0,0,0,0,0,0,0,0,0,0,0,0,0.000,0.000,0.000,0.000,0,0,0,0,53.104,332.179,0,0.800,3.700,0,0,0.500,2.300,0,0,0.300,1.400,0,0,0,0,0,0.000
2311,1979052068,1,0,1,2,267.200,259.200,0.400,6.700,17.600,5.600,0.000,0,23.900,0.000,0.000,4.200,32.700,21.700,10.600,0.000,0.000,0.000,2.100,0.000,0.000,0.000,0.000,0,0,0,0,0,0,0,0,0,0,0,0,0.000,0.000,0.000,0.000,0,0,0,0,52.474,319.043,0,0.600,3.300,0,0,0.400,2.000,0,0,0.200,1.300,0,0,0,0,0,0.000
2312,1979052068,1,0,1,2,332.800,325.100,0.300,6.600,15.500,8.100,0.000,0,48.400,0.000,0.000,56.400,34.500,19.800,14.200,0.000,0.000,0.000,1.900,1.000,2.100,5.600,12.200,0,0,0,0,0,0,0,0,0,0,0,0,0.000,0.000,0.000,0.000,0,0,0,0,52.262,320.133,0,0.700,3.200,0,0,0.300,1.600,0,0,0.400,1.600,0,0,0,0,0,0.000
2313,1979052068,1,0,1,2,281.700,273.100,0.500,7.200,18.100,5.900,0.000,0,24.300,0.000,0.000,4.600,46.600,35.400,10.500,0.000,0.000,0.000,2.200,0.000,0.000,0.000,0.000,0,0,0,0,0,0,0,0,0,0,0,0,0.000,0.000,0.000,0.000,0,0,0,0,51.837,311.667,0,0.600,3.300,0,0,0.400,2.000,0,0,0.200,1.300,0,0,0,0,0,0.000
2314,1979052068,1,0,1,2,330.800,322.300,0.500,7.100,18.300,5.800,0.000,0,87.000,0.000,0.000,4.600,32.700,21.600,10.500,0.000,0.000,0.000,2.100,0.000,0.000,0.000,0.000,0,0,0,0,0,0,0,0,0,0,0,0,0.000,0.000,0.000,0.000,0,0,0,0,51.470,313.581,0,0.600,3.300,0,0,0.400,2.000,0,0,0.200,1.300,0,0,0,0,0,0.000
2315,1979052068,1,0,1,2,287.600,280.200,0.400,6.300,15.300,5.200,0.000,0,20.800,0.000,0.000,56.300,29.600,19.900,9.200,0.000,0.000,0.000,2.000,0.900,2.800,5.300,11.700,0,0,0,0,0,0,0,0,0,0,0,0,0.000,0.000,0.000,0.000,0,0,0,0,50.810,307.572,0,0.600,2.700,0,0,0.400,1.600,0,0,0.200,1.100,0,0,0,0,0,0.000
2316,1979052068,1,0,1,2,420.800,411.800,0.600,7.500,18.400,5.900,0.000,0,85.400,0.000,0.000,4.500,31.500,20.400,10.600,0.000,0.000,0.000,2.300,0.000,0.000,0.000,0.000,0,0,0,0,0,0,0,0,0,0,0,0,0.000,0.000,0.000,0.000,0,0,0,0,50.502,326.333,0,0.600,3.300,0,0,0.400,2.100,0,0,0.200,1.200,0,0,0,0,0,0.000
2317,1979052068,1,0,1,2,334.300,325.500,0.600,7.400,17.300,5.400,0.000,0,87.900,0.000,0.000,4.300,32.700,21.600,10.600,0.000,0.000,0.000,2.100,0.000,0.000,0.000,0.000,0,0,0,0,0,0,0,0,0,0,0,0,0.000,0.000,0.000,0.000,0,0,0,0,50.988,326.183,0,0.700,3.400,0,0,0.500,2.000,0,0,0.200,1.400,0,0,0,0,0,0.000
2318,1979052068,1,0,1,2,270.400,263.600,0.400,5.800,13.500,4.500,0.000,0,18.000,0.000,0.000,51.300,26.700,17.800,8.400,0.000,0.000,0.000,1.800,0.900,1.900,4.900,10.900,0,0,0,0,0,0,0,0,0,0,0,0,0.000,0.000,0.000,0.000,0,0,0,0,49.766,314.918,0,0.500,2.500,0,0,0.300,1.400,0,0,0.200,1.100,0,0,0,0,0,0.000
2319,1979052068,1,0,1,2,292.900,284.800,0.400,7.000,14.600,4.600,0.000,0,85.000,0.000,0.000,3.900,27.200,18.200,8.500,0.000,0.000,0.000,2.100,0.000,0.000,0.000,0.000,0,0,0,0,0,0,0,0,0,0,0,0,0.000,0.000,0.000,0.000,0,0,0,0,48.890,309.497,0,0.500,3.000,0,0,0.300,1.900,0,0,0.200,1.100,0,0,0,0,0,0.000
2320,1979052068,1,0,1,2,443.200,434.200,0.400,7.700,19.200,6.400,0.000,0,55.800,0.000,0.000,106.600,38.000,25.800,11.600,0.000,0.000,0.000,34.900,1.200,2.900,6.700,15.200,0,0,0,0,0,0,0,0,0,0,0,0,0.000,0.000,0.000,0.000,0,0,0,0,51.178,331.944,0,0.600,3.800,0,0,0.500,2.400,0,0,0.100,1.400,0,0,0,0,0,0.000
2321,1979052068,1,0,1,2,348.100,339.400,0.500,7.300,17.700,5.600,0.000,0,85.500,0.000,0.000,4.400,32.000,20.900,10.600,0.000,0.000,0.000,2.400,0.000,0.000,0.000,0.000,0,0,0,0,0,0,0,0,0,0,0,0,0.000,0.000,0.000,0.000,0,0,0,0,51.056,333.286,0,0.600,3.200,0,0,0.400,2.000,0,0,0.200,1.200,0,0,0,0,0,0.000
2322,1979052068,1,0,1,2,358.900,350.400,0.400,7.100,17.400,6.000,0.000,0,50.800,0.000,0.000,66.000,33.200,21.900,10.700,0.000,0.000,0.000,2.300,1.000,2.700,6.300,14.500,0,0,0,0,0,0,0,0,0,0,0,0,0.000,0.000,0.000,0.000,0,0,0,0,51.604,336.366,0,0.800,3.100,0,0,0.500,1.700,0,0,0.300,1.400,0,0,0,0,0,0.000
2323,1979052068,1,0,1,2,330.300,321.900,0.600,7.000,17.400,5.600,0.000,0,87.400,0.000,0.000,4.500,32.900,21.700,10.500,0.000,0.000,0.000,2.200,0.000,0.000,0.000,0.000,0,0,0,0,0,0,0,0,0,0,0,0,0.000,0.000,0.000,0.000,0,0,0,0,52.539,333.762,0,0.800,3.300,0,0,0.700,2.000,0,0,0.100,1.300,0,0,0,0,0,0.000
2324,1979052068,1,0,1,2,284.900,276.900,0.400,6.800,17.900,6.000,0.000,0,24.300,0.000,0.000,5.000,49.100,21.000,27.500,0.000,0.000,0.000,2.400,0.000,0.000,0.000,0.000,0,0,0,0,0,0,0,0,0,0,0,0,0.000,0.000,0.000,0.000,0,0,0,0,52.460,323.527,0,0.700,3.300,0,0,0.400,2.000,0,0,0.300,1.300,0,0,0,0,0,0.000
2325,1979052068,1,0,1,2,357.600,349.100,0.400,7.200,17.900,5.800,0.000,0,51.500,0.000,0.000,64.700,33.100,21.800,10.800,0.000,0.000,0.000,2.300,0.900,2.500,6.400,14.200,0,0,0,0,0,0,0,0,0,0,0,0,0.000,0.000,0.000,0.000,0,0,0,0,53.799,328.130,0,0.600,3.100,0,0,0.400,1.700,0,0,0.200,1.400,0,0,0,0,0,0.000
2326,1979052068,1,0,1,2,278.000,270.100,0.400,6.600,17.400,5.700,0.000,0,23.600,0.000,0.000,4.400,33.500,22.400,10.400,0.000,0.000,0.000,2.200,0.000,0.000,0.000,0.000,0,0,0,0,0,0,0,0,0,0,0,0,0.000,0.000,0.000,0.000,0,0,0,0,54.321,317.685,0,0.600,3.300,0,0,0.400,2.000,0,0,0.200,1.300,0,0,0,0,0,0.000
2327,1979052068,1,0,1,2,316.200,308.300,0.500,6.600,16.600,5.400,0.000,0,84.900,0.000,0.000,4.300,31.400,20.900,9.900,0.000,0.000,0.000,2.000,0.000,0.000,0.000,0.000,0,0,0,0,0,0,0,0,0,0,0,0,0.000,0.000,0.000,0.000,0,0,0,0,54.228,315.996,0,0.500,3.000,0,0,0.400,1.700,0,0,0.100,1.300,0,0,0,0,0,0.000
2328,1979052068,1,0,1,2,347.000,339.000,0.400,6.700,18.000,5.800,0.000,0,23.400,0.000,0.000,64.300,33.200,22.300,10.300,0.000,0.000,0.000,2.200,1.000,2.600,6.200,14.000,0,0,0,0,0,0,0,0,0,0,0,0,0.000,0.000,0.000,0.000,0,0,0,0,54.673,320.136,0,0.600,3.200,0,0,0.400,1.900,0,0,0.200,1.300,0,0,0,0,0,0.000
2329,1979052068,1,0,1,2,243.000,236.900,0.300,5.100,13.200,4.300,0.000,0,65.300,0.000,0.000,3.300,24.000,15.800,7.800,0.000,0.000,0.000,1.600,0.000,0.000,0.000,0.000,0,0,0,0,0,0,0,0,0,0,0,0,0.000,0.000,0.000,0.000,0,0,0,0,52.392,305.154,0,0.400,2.500,0,0,0.300,1.500,0,0,0.100,1.000,0,0,0,0,0,0.000
2330,1979052068,1,0,1,2,343.100,334.300,0.600,7.500,18.200,5.700,0.000,0,86.400,0.000,0.000,5.200,43.900,32.300,11.100,0.000,0.000,0.000,2.300,0.000,0.000,0.000,0.000,0,0,0,0,0,0,0,0,0,0,0,0,0.000,0.000,0.000,0.000,0,0,0,0,53.329,310.400,0,0.600,14.200,0,0,0.400,12.800,0,0,0.200,1.400,0,0,0,0,0,0.000
2331,1979052068,1,0,1,2,335.000,327.400,0.400,6.400,32.400,5.200,0.000,0,22.500,0.000,0.000,63.900,31.900,21.300,10.100,0.000,0.000,0.000,2.300,1.100,2.500,6.000,13.100,0,0,0,0,0,0,0,0,0,0,0,0,0.000,0.000,0.000,0.000,0,0,0,0,53.792,313.460,0,0.600,3.100,0,0,0.400,1.800,0,0,0.200,1.300,0,0,0,0,0,0.000
2332,1979052068,1,0,1,2,326.800,318.900,0.400,6.600,18.200,5.500,0.000,0,81.900,0.000,0.000,4.300,31.600,21.200,9.900,0.000,0.000,0.000,2.200,0.000,0.000,0.000,0.000,0,0,0,0,0,0,0,0,0,0,0,0,0.000,0.000,0.000,0.000,0,0,0,0,55.953,314.439,0,0.600,3.100,0,0,0.400,2.000,0,0,0.200,1.100,0,0,0,0,0,0.000
2333,1979052068,1,0,1,2,206.100,200.900,0.300,4.400,11.500,3.800,0.000,0,52.800,0.000,0.000,3.400,22.300,15.100,6.800,0.000,0.000,0.000,1.800,0.000,0.000,0.000,0.000,0,0,0,0,0,0,0,0,0,0,0,0,0.000,0.000,0.000,0.000,0,0,0,0,53.694,294.002,0,0.300,2.100,0,0,0.200,1.300,0,0,0.100,0.800,0,0,0,0,0,0.000
2334,1979052068,1,0,1,2,337.800,328.800,0.500,7.800,13.000,6.200,0.000,0,25.000,0.000,0.000,69.900,35.600,23.100,11.900,0.000,0.000,0.000,2.200,0.800,2.000,6.600,18.000,0,0,0,0,0,0,0,0,0,0,0,0,0.000,0.000,0.000,0.000,0,0,0,0,51.193,300.266,0,0.600,3.400,0,0,0.400,1.900,0,0,0.200,1.500,0,0,0,0,0,0.000
2335,1979052068,1,0,1,2,289.300,283.000,0.300,5.300,17.200,6.700,0.000,0,67.700,0.000,0.000,12.800,28.300,17.100,10.900,0.000,0.000,0.000,11.200,0.000,0.000,0.000,0.000,0,0,0,0,0,0,0,0,0,0,0,0,0.000,0.000,0.000,0.000,0,0,0,0,51.014,297.158,0,0.400,2.500,0,0,0.300,1.500,0,0,0.100,1.000,0,0,0,0,0,0.000
2336,1979052068,1,0,1,2,327.600,316.000,0.500,10.100,12.900,4.400,0.000,0,70.400,0.000,0.000,50.100,25.100,16.800,7.900,0.000,0.000,0.000,2.000,0.900,1.900,4.500,9.900,0,0,0,0,0,0,0,0,0,0,0,0,0.000,0.000,0.000,0.000,0,0,0,0,49.572,300.550,0,0.400,2.300,0,0,0.300,1.300,0,0,0.100,1.000,0,0,0,0,0,0.000
2337,1979052068,1,0,1,2,358.700,349.700,0.600,7.500,17.500,5.900,0.000,0,113.900,0.000,0.000,4.700,33.000,21.600,10.700,0.000,0.000,0.000,2.300,0.000,0.000,0.000,0.000,0,0,0,0,0,0,0,0,0,0,0,0,0.000,0.000,0.000,0.000,0,0,0,0,50.153,309.397,0,0.600,3.400,0,0,0.400,2.000,0,0,0.200,1.400,0,0,0,0,0,0.000
2338,1979052068,1,0,1,2,433.600,424.700,0.700,7.400,17.700,82.000,0.000,0,51.300,0.000,0.000,63.700,33.000,21.800,10.600,0.000,0.000,0.000,2.300,1.000,2.500,6.400,13.700,0,0,0,0,0,0,0,0,0,0,0,0,0.000,0.000,0.000,0.000,0,0,0,0,50.935,330.151,0,0.600,3.000,0,0,0.400,1.800,0,0,0.200,1.200,0,0,0,0,0,0.000
2339,1979052068,1,0,1,2,248.400,242.000,0.300,5.300,13.600,4.500,0.000,0,60.000,0.000,0.000,3.800,25.800,17.200,8.100,0.000,0.000,0.000,2.000,0.000,0.000,0.000,0.000,0,0,0,0,0,0,0,0,0,0,0,0,0.000,0.000,0.000,0.000,0,0,0,0,49.723,314.284,0,0.500,2.600,0,0,0.300,1.600,0,0,0.200,1.000,0,0,0,0,0,0.000
2340,1979052068,1,0,1,2,182.400,176.800,0.300,4.700,11.900,4.200,0.000,0,16.200,0.000,0.000,3.500,23.000,15.600,7.000,0.000,0.000,0.000,1.800,0.000,0.000,0.000,0.000,0,0,0,0,0,0,0,0,0,0,0,0,0.000,0.000,0.000,0.000,0,0,0,0,48.513,289.537,0,0.500,2.300,0,0,0.300,1.400,0,0,0.200,0.900,0,0,0,0,0,0.000
2341,1979052068,1,0,1,2,344.800,337.100,0.400,6.500,17.600,5.400,0.000,0,47.500,0.000,0.000,70.300,30.600,20.100,9.900,0.000,0.000,0.000,2.200,0.900,2.800,5.900,13.300,0,0,0,0,0,0,0,0,0,0,0,0,0.000,0.000,0.000,0.000,0,0,0,0,49.032,298.098,0,0.400,3.000,0,0,0.300,1.700,0,0,0.100,1.300,0,0,0,0,0,0.000
2342,1979052068,1,0,1,2,376.700,367.800,0.500,7.500,19.600,6.700,0.000,0,98.800,0.000,0.000,5.000,47.200,34.900,11.600,0.000,0.000,0.000,2.500,0.000,0.000,0.000,0.000,0,0,0,0,0,0,0,0,0,0,0,0,0.000,0.000,0.000,0.000,0,0,0,0,50.143,310.645,0,0.800,3.500,0,0,0.500,2.100,0,0,0.300,1.400,0,0,0,0,0,0.000
2343,1979052068,1,0,1,2,374.500,366.400,0.400,6.900,27.500,5.900,0.000,0,50.200,0.000,0.000,66.700,39.600,22.500,16.400,0.000,0.000,0.000,2.100,1.100,2.600,6.500,13.900,0,0,0,0,0,0,0,0,0,0,0,0,0.000,0.000,0.000,0.000,0,0,0,0,52.349,320.681,0,0.600,3.500,0,0,0.400,1.800,0,0,0.200,1.700,0,0,0,0,0,0.000
2344,1979052068,1,0,1,2,366.700,358.100,0.500,7.300,18.800,6.300,0.000,0,97.200,0.000,0.000,4.800,35.700,23.800,11.200,0.000,0.000,0.000,2.200,0.000,0.000,0.000,0.000,0,0,0,0,0,0,0,0,0,0,0,0,0.000,0.000,0.000,0.000,0,0,0,0,52.304,327.416,0,0.500,3.600,0,0,0.400,2.200,0,0,0.100,1.400,0,0,0,0,0,0.000
2345,1979052068,1,0,1,2,266.100,259.900,0.300,5.200,12.800,4.400,0.000,0,36.100,0.000,0.000,52.000,27.700,19.500,7.700,0.000,0.000,0.000,5.300,0.800,2.000,4.800,10.200,0,0,0,0,0,0,0,0,0,0,0,0,0.000,0.000,0.000,0.000,0,0,0,0,50.665,315.263,0,0.500,2.200,0,0,0.300,1.300,0,0,0.200,0.900,0,0,0,0,0,0.000
2346,1979052068,1,0,1,2,246.700,240.900,0.300,4.800,18.300,4.100,0.000,0,16.300,0.000,0.000,32.900,35.200,22.400,12.300,0.000,0.000,0.000,30.300,0.000,0.000,0.000,0.000,0,0,0,0,0,0,0,0,0,0,0,0,0.000,0.000,0.000,0.000,0,0,0,0,50.438,301.878,0,0.700,3.500,0,0,0.500,2.100,0,0,0.200,1.400,0,0,0,0,0,0.000
2347,1979052068,1,0,1,2,404.200,395.200,0.500,7.600,17.600,6.000,0.000,0,60.800,0.000,0.000,65.200,32.900,21.500,10.800,0.000,0.000,0.000,2.100,1.000,2.800,6.400,13.900,0,0,0,0,0,0,0,0,0,0,0,0,0.000,0.000,0.000,0.000,0,0,0,0,50.935,318.676,0,0.700,3.100,0,0,0.400,1.800,0,0,0.300,1.300,0,0,0,0,0,0.000
2348,1979052068,1,0,1,2,352.400,343.800,0.500,7.300,18.700,6.300,0.000,0,89.000,0.000,0.000,5.000,35.300,23.300,11.400,0.000,0.000,0.000,2.500,0.000,0.000,0.000,0.000,0,0,0,0,0,0,0,0,0,0,0,0,0.000,0.000,0.000,0.000,0,0,0,0,51.451,323.198,0,0.600,3.600,0,0,0.400,2.100,0,0,0.200,1.500,0,0,0,0,0,0.000
2349,1979052068,1,0,1,2,338.200,329.600,0.500,7.200,17.800,5.800,0.000,0,90.300,0.000,0.000,4.700,33.800,22.500,10.700,0.000,0.000,0.000,2.300,0.000,0.000,0.000,0.000,0,0,0,0,0,0,0,0,0,0,0,0,0.000,0.000,0.000,0.000,0,0,0,0,52.017,324.350,0,0.800,3.700,0,0,0.500,2.400,0,0,0.300,1.300,0,0,0,0,0,0.000
2350,1979052068,1,0,1,2,328.000,319.900,0.400,6.900,17.800,5.900,0.000,0,23.800,0.000,0.000,64.000,33.200,21.900,10.600,0.000,0.000,0.000,2.200,1.000,3.000,6.300,13.800,0,0,0,0,0,0,0,0,0,0,0,0,0.000,0.000,0.000,0.000,0,0,0,0,52.104,323.549,0,0.700,3.300,0,0,0.500,2.000,0,0,0.200,1.300,0,0,0,0,0,0.000
2351,1979052068,1,0,1,2,358.500,349.400,0.400,7.700,17.200,5.800,0.000,0,96.500,0.000,0.000,4.600,32.400,21.100,10.700,0.000,0.000,0.000,2.200,0.000,0.000,0.000,0.000,0,0,0,0,0,0,0,0,0,0,0,0,0.000,0.000,0.000,0.000,0,0,0,0,52.212,328.203,0,0.900,3.400,0,0,0.700,2.000,0,0,0.200,1.400,0,0,0,0,0,0.000
2352,1979052068,1,0,1,2,332.500,324.000,0.500,7.200,18.200,5.600,0.000,0,89.200,0.000,0.000,5.100,32.800,21.300,10.800,0.000,0.000,0.000,2.300,0.000,0.000,0.000,0.000,0,0,0,0,0,0,0,0,0,0,0,0,0.000,0.000,0.000,0.000,0,0,0,0,52.029,327.446,0,0.600,3.300,0,0,0.400,2.000,0,0,0.200,1.300,0,0,0,0,0,0.000
2353,1979052068,1,0,1,2,426.000,385.500,32.600,7.000,19.400,6.500,0.000,0,54.900,0.000,0.000,72.000,36.600,24.400,11.600,0.000,0.000,0.000,2.500,1.100,2.800,6.700,15.200,0,0,0,0,0,0,0,0,0,0,0,0,0.000,0.000,0.000,0.000,0,0,0,0,54.094,337.896,0,0.700,3.300,0,0,0.400,1.800,0,0,0.300,1.500,0,0,0,0,0,0.000
2354,1979052068,1,0,1,2,346.100,337.600,0.500,7.000,17.200,5.800,0.000,0,85.800,0.000,0.000,4.700,32.600,21.200,10.900,0.000,0.000,0.000,2.400,0.000,0.000,0.000,0.000,0,0,0,0,0,0,0,0,0,0,0,0,0.000,0.000,0.000,0.000,0,0,0,0,53.285,337.843,0,0.600,3.300,0,0,0.400,2.000,0,0,0.200,1.300,0,0,0,0,0,0.000
2355,1979052068,1,0,1,2,357.300,349.200,0.400,6.900,17.500,5.800,0.000,0,51.100,0.000,0.000,66.100,33.000,21.700,10.800,0.000,0.000,0.000,2.300,1.000,2.600,6.400,14.200,0,0,0,0,0,0,0,0,0,0,0,0,0.000,0.000,0.000,0.000,0,0,0,0,53.270,339.887,0,0.600,3.100,0,0,0.400,1.800,0,0,0.200,1.300,0,0,0,0,0,0.000
2356,1979052068,1,0,1,2,268.100,259.700,0.400,7.200,17.700,5.900,0.000,0,24.200,0.000,0.000,4.700,32.800,21.600,10.700,0.000,0.000,0.000,2.200,0.000,0.000,0.000,0.000,0,0,0,0,0,0,0,0,0,0,0,0,0.000,0.000,0.000,0.000,0,0,0,0,52.915,325.453,0,0.700,3.400,0,0,0.500,2.100,0,0,0.200,1.300,0,0,0,0,0,0.000
2357,1979052068,1,0,1,2,330.500,322.000,0.400,7.200,17.700,5.700,0.000,0,85.100,0.000,0.000,4.800,33.100,21.700,10.800,0.000,0.000,0.000,2.200,0.000,0.000,0.000,0.000,0,0,0,0,0,0,0,0,0,0,0,0,0.000,0.000,0.000,0.000,0,0,0,0,52.445,324.832,0,0.700,3.300,0,0,0.400,2.000,0,0,0.300,1.300,0,0,0,0,0,0.000
2358,1979052068,1,0,1,2,291.600,285.000,0.400,5.700,14.800,4.900,0.000,0,41.100,0.000,0.000,53.300,26.900,17.600,8.900,0.000,0.000,0.000,1.900,0.900,2.100,4.900,11.200,0,0,0,0,0,0,0,0,0,0,0,0,0.000,0.000,0.000,0.000,0,0,0,0,51.609,317.662,0,0.500,2.700,0,0,0.300,1.400,0,0,0.200,1.300,0,0,0,0,0,0.000
2359,1979052068,1,0,1,2,250.900,243.700,0.300,6.100,15.300,5.000,0.000,0,20.800,0.000,0.000,4.100,28.500,18.600,9.400,0.000,0.000,0.000,1.900,0.000,0.000,0.000,0.000,0,0,0,0,0,0,0,0,0,0,0,0,0.000,0.000,0.000,0.000,0,0,0,0,50.761,304.349,0,0.600,3.000,0,0,0.400,1.800,0,0,0.200,1.200,0,0,0,0,0,0.000
2360,1979052068,1,0,1,2,354.700,346.300,0.400,7.100,17.200,6.200,0.000,0,50.800,0.000,0.000,64.200,33.000,21.700,10.700,0.000,0.000,0.000,2.600,1.000,2.600,6.300,14.100,0,0,0,0,0,0,0,0,0,0,0,0,0.000,0.000,0.000,0.000,0,0,0,0,51.272,311.900,0,0.600,3.300,0,0,0.400,1.700,0,0,0.200,1.600,0,0,0,0,0,0.000
2361,1979052068,1,0,1,2,340.900,332.500,0.500,7.000,17.600,6.000,0.000,0,95.100,0.000,0.000,4.900,33.300,21.700,11.000,0.000,0.000,0.000,2.400,0.000,0.000,0.000,0.000,0,0,0,0,0,0,0,0,0,0,0,0,0.000,0.000,0.000,0.000,0,0,0,0,51.367,315.608,0,0.600,3.400,0,0,0.400,2.100,0,0,0.200,1.300,0,0,0,0,0,0.000
2362,1979052068,1,0,1,2,365.200,356.900,0.400,7.100,17.500,5.900,0.000,0,50.100,0.000,0.000,61.900,32.900,21.600,10.700,0.000,0.000,0.000,2.200,1.000,2.800,6.400,12.500,0,0,0,0,0,0,0,0,0,0,0,0,0.000,0.000,0.000,0.000,0,0,0,0,52.939,323.041,0,0.600,3.200,0,0,0.400,1.800,0,0,0.200,1.400,0,0,0,0,0,0.000
2363,1979052068,1,0,1,2,334.300,325.200,0.500,7.700,17.900,5.400,0.000,0,89.300,0.000,0.000,4.500,32.700,21.600,10.500,0.000,0.000,0.000,2.200,0.000,0.000,0.000,0.000,0,0,0,0,0,0,0,0,0,0,0,0,0.000,0.000,0.000,0.000,0,0,0,0,53.202,323.429,0,0.600,3.300,0,0,0.400,2.000,0,0,0.200,1.300,0,0,0,0,0,0.000
2364,1979052068,1,0,1,2,119.200,116.200,0.100,2.500,6.300,1.900,0.000,0,32.300,0.000,0.000,1.400,13.000,9.200,3.600,0.000,0.000,0.000,0.700,0.000,0.000,0.000,0.000,0,0,0,0,0,0,0,0,0,0,0,0,0.000,0.000,0.000,0.000,0,0,0,0,48.684,286.128,0,0.200,1.300,0,0,0.200,0.800,0,0,0.000,0.500,0,0,0,0,0,0.000
2365,1979052068,1,0,1,2,200.200,195.200,0.200,4.100,10.500,3.500,0.000,0,14.600,0.000,0.000,42.800,20.100,13.700,6.200,0.000,0.000,0.000,1.300,0.700,1.600,3.700,7.100,0,0,0,0,0,0,0,0,0,0,0,0,0.000,0.000,0.000,0.000,0,0,0,0,47.463,269.761,0,0.500,1.900,0,0,0.300,1.100,0,0,0.200,0.800,0,0,0,0,0,0.000
2366,1979052068,1,0,1,2,366.200,357.600,0.600,7.200,17.900,5.800,0.000,0,86.100,0.000,0.000,4.600,33.400,22.100,10.700,0.000,0.000,0.000,2.200,0.000,0.000,0.000,0.000,0,0,0,0,0,0,0,0,0,0,0,0,0.000,0.000,0.000,0.000,0,0,0,0,48.945,285.572,0,0.700,3.300,0,0,0.500,2.000,0,0,0.200,1.300,0,0,0,0,0,0.000
2367,1979052068,1,0,1,2,289.600,281.200,0.400,7.000,17.500,5.700,0.000,0,23.300,0.000,0.000,4.400,32.800,21.600,10.700,0.000,0.000,0.000,2.100,0.000,0.000,0.000,0.000,0,0,0,0,0,0,0,0,0,0,0,0,0.000,0.000,0.000,0.000,0,0,0,0,49.513,284.785,0,0.600,3.200,0,0,0.400,2.000,0,0,0.200,1.200,0,0,0,0,0,0.000
2368,1979052068,1,0,1,2,371.500,362.100,0.600,7.900,17.700,5.800,0.000,0,55.300,0.000,0.000,63.000,33.400,22.100,10.700,0.000,0.000,0.000,2.600,1.100,2.600,6.400,12.300,0,0,0,0,0,0,0,0,0,0,0,0,0.000,0.000,0.000,0.000,0,0,0,0,50.645,298.702,0,0.600,3.200,0,0,0.400,1.900,0,0,0.200,1.300,0,0,0,0,0,0.000
2369,1979052068,1,0,1,2,289.200,280.500,0.500,7.300,18.600,6.400,0.000,0,25.800,0.000,0.000,5.000,35.900,23.700,11.600,0.000,0.000,0.000,2.500,0.000,0.000,0.000,0.000,0,0,0,0,0,0,0,0,0,0,0,0,0.000,0.000,0.000,0.000,0,0,0,0,51.321,295.425,0,0.700,3.900,0,0,0.500,2.400,0,0,0.200,1.500,0,0,0,0,0,0.000
2370,1979052068,1,0,1,2,358.500,349.500,0.500,7.600,18.900,6.200,0.000,0,93.300,0.000,0.000,4.900,36.100,24.100,11.400,0.000,0.000,0.000,2.500,0.000,0.000,0.000,0.000,0,0,0,0,0,0,0,0,0,0,0,0,0.000,0.000,0.000,0.000,0,0,0,0,52.847,305.159,0,0.700,3.700,0,0,0.500,2.400,0,0,0.200,1.300,0,0,0,0,0,0.000
2371,1979052068,1,0,1,2,351.300,342.900,0.400,7.100,17.300,5.600,0.000,0,49.400,0.000,0.000,61.900,33.400,21.800,10.900,0.000,0.000,0.000,2.300,1.000,2.800,6.300,12.200,0,0,0,0,0,0,0,0,0,0,0,0,0.000,0.000,0.000,0.000,0,0,0,0,53.271,311.952,0,0.600,3.300,0,0,0.400,1.800,0,0,0.200,1.500,0,0,0,0,0,0.000
2372,1979052068,1,0,1,2,296.400,287.800,0.400,7.200,19.100,6.000,0.000,0,23.900,0.000,0.000,5.200,35.100,22.600,11.800,0.000,0.000,0.000,2.700,0.000,0.000,0.000,0.000,0,0,0,0,0,0,0,0,0,0,0,0,0.000,0.000,0.000,0.000,0,0,0,0,61.664,307.605,0,0.600,3.600,0,0,0.400,2.200,0,0,0.200,1.400,0,0,0,0,0,0.000
2373,1979052068,1,0,1,2,331.900,323.600,0.400,7.000,17.600,5.800,0.000,0,87.600,0.000,0.000,4.400,33.200,22.100,10.500,0.000,0.000,0.000,2.200,0.000,0.000,0.000,0.000,0,0,0,0,0,0,0,0,0,0,0,0,0.000,0.000,0.000,0.000,0,0,0,0,60.050,310.484,0,0.600,3.700,0,0,0.400,2.400,0,0,0.200,1.300,0,0,0,0,0,0.000
2374,1979052068,1,0,1,2,240.100,233.900,0.300,5.200,12.800,4.200,0.000,0,16.300,0.000,0.000,47.500,24.100,16.000,7.700,0.000,0.000,0.000,2.000,0.700,2.100,4.700,8.800,0,0,0,0,0,0,0,0,0,0,0,0,0.000,0.000,0.000,0.000,0,0,0,0,57.035,296.699,0,0.500,2.400,0,0,0.400,1.400,0,0,0.100,1.000,0,0,0,0,0,0.000
2375,1979052068,1,0,1,2,358.000,345.200,0.600,11.100,17.800,6.100,0.000,0,105.100,0.000,0.000,4.500,33.100,22.100,10.400,0.000,0.000,0.000,2.200,0.000,0.000,0.000,0.000,0,0,0,0,0,0,0,0,0,0,0,0,0.000,0.000,0.000,0.000,0,0,0,0,55.805,305.429,0,0.600,3.300,0,0,0.400,2.000,0,0,0.200,1.300,0,0,0,0,0,0.000
2376,1979052068,1,0,1,2,380.800,371.800,0.500,7.600,19.300,6.200,0.000,0,53.000,0.000,0.000,67.700,35.200,23.200,11.400,0.000,0.000,0.000,2.500,1.200,2.600,6.800,13.600,0,0,0,0,0,0,0,0,0,0,0,0,0.000,0.000,0.000,0.000,0,0,0,0,55.678,317.376,0,0.700,3.400,0,0,0.400,1.900,0,0,0.300,1.500,0,0,0,0,0,0.000
2377,1979052068,1,0,1,2,330.700,321.700,0.700,7.200,17.400,5.500,0.000,0,86.800,0.000,0.000,4.700,33.100,21.900,10.600,0.000,0.000,0.000,2.300,0.000,0.000,0.000,0.000,0,0,0,0,0,0,0,0,0,0,0,0,0.000,0.000,0.000,0.000,0,0,0,0,54.890,318.154,0,0.600,3.300,0,0,0.400,2.000,0,0,0.200,1.300,0,0,0,0,0,0.000
2378,1979052068,1,0,1,2,378.800,370.000,0.400,7.500,17.500,5.800,0.000,0,51.000,0.000,0.000,64.200,33.100,21.500,10.700,0.000,0.000,0.000,2.200,1.000,2.700,6.200,12.500,0,0,0,0,0,0,0,0,0,0,0,0,0.000,0.000,0.000,0.000,0,0,0,0,54.802,327.486,0,0.700,3.100,0,0,0.500,1.700,0,0,0.200,1.400,0,0,0,0,0,0.000
2379,1979052068,1,0,1,2,266.100,258.000,0.400,6.900,17.700,5.900,0.000,0,22.700,0.000,0.000,4.600,32.700,21.200,10.800,0.000,0.000,0.000,2.200,0.000,0.000,0.000,0.000,0,0,0,0,0,0,0,0,0,0,0,0,0.000,0.000,0.000,0.000,0,0,0,0,54.315,314.979,0,0.700,3.400,0,0,0.400,2.000,0,0,0.300,1.400,0,0,0,0,0,0.000
2380,1979052068,1,0,1,2,330.600,321.900,0.600,7.300,17.900,5.700,0.000,0,86.400,0.000,0.000,4.500,31.900,20.900,10.400,0.000,0.000,0.000,2.300,0.000,0.000,0.000,0.000,0,0,0,0,0,0,0,0,0,0,0,0,0.000,0.000,0.000,0.000,0,0,0,0,53.809,316.225,0,0.600,3.300,0,0,0.400,2.000,0,0,0.200,1.300,0,0,0,0,0,0.000
2381,1979052068,1,0,1,2,306.200,299.300,0.400,5.900,14.300,4.700,0.000,0,41.100,0.000,0.000,52.300,26.400,17.400,8.700,0.000,0.000,0.000,1.900,0.900,2.100,5.100,10.000,0,0,0,0,0,0,0,0,0,0,0,0,0.000,0.000,0.000,0.000,0,0,0,0,53.771,313.178,0,0.400,2.600,0,0,0.300,1.500,0,0,0.100,1.100,0,0,0,0,0,0.000
2382,1979052068,1,0,1,2,309.400,300.800,0.600,6.900,17.700,5.900,0.000,0,23.300,0.000,0.000,4.500,32.400,21.200,10.700,0.000,0.000,0.000,2.200,0.000,0.000,0.000,0.000,0,0,0,0,0,0,0,0,0,0,0,0,0.000,0.000,0.000,0.000,0,0,0,0,53.056,310.950,0,0.600,3.300,0,0,0.400,2.100,0,0,0.200,1.200,0,0,0,0,0,0.000
2383,1979052068,1,0,1,2,374.000,365.800,0.500,7.000,17.800,6.000,0.000,0,51.300,0.000,0.000,61.600,32.600,21.400,10.700,0.000,0.000,0.000,2.400,0.900,2.600,6.300,12.300,0,0,0,0,0,0,0,0,0,0,0,0,0.000,0.000,0.000,0.000,0,0,0,0,53.100,320.823,0,0.600,3.300,0,0,0.400,1.900,0,0,0.200,1.400,0,0,0,0,0,0.000
2384,1979052068,1,0,1,2,282.900,274.600,0.500,7.100,19.700,5.500,0.000,0,23.100,0.000,0.000,4.700,42.200,30.600,10.900,0.000,0.000,0.000,2.400,0.000,0.000,0.000,0.000,0,0,0,0,0,0,0,0,0,0,0,0,0.000,0.000,0.000,0.000,0,0,0,0,53.208,312.503,0,0.700,3.400,0,0,0.500,2.100,0,0,0.200,1.300,0,0,0,0,0,0.000
2385,1979052068,1,0,1,2,365.600,356.100,0.800,7.800,19.200,6.200,0.000,0,102.200,0.000,0.000,5.100,34.600,22.700,11.400,0.000,0.000,0.000,2.500,0.000,0.000,0.000,0.000,0,0,0,0,0,0,0,0,0,0,0,0,0.000,0.000,0.000,0.000,0,0,0,0,53.351,320.350,0,0.600,3.900,0,0,0.400,2.500,0,0,0.200,1.400,0,0,0,0,0,0.000
2386,1979052068,1,0,1,2,431.600,422.500,0.500,7.500,29.500,6.700,0.000,0,25.800,0.000,0.000,109.800,38.900,25.500,12.800,0.000,0.000,0.000,3.700,1.500,4.300,9.500,18.900,0,0,0,0,0,0,0,0,0,0,0,0,0.000,0.000,0.000,0.000,0,0,0,0,55.664,338.737,0,1.000,4.300,0,0,0.400,2.100,0,0,0.600,2.200,0,0,0,0,0,0.000
2387,1979052068,1,0,1,2,331.900,323.200,0.600,7.200,17.400,6.100,0.000,0,87.400,0.000,0.000,4.600,32.500,21.500,10.400,0.000,0.000,0.000,2.300,0.000,0.000,0.000,0.000,0,0,0,0,0,0,0,0,0,0,0,0,0.000,0.000,0.000,0.000,0,0,0,0,55.310,335.941,0,0.600,3.300,0,0,0.400,2.000,0,0,0.200,1.300,0,0,0,0,0,0.000
2388,1979052068,1,0,1,2,383.300,374.500,0.500,7.300,19.300,6.400,0.000,0,25.800,0.000,0.000,66.800,34.900,22.900,11.300,0.000,0.000,0.000,2.500,1.100,2.700,6.800,13.000,0,0,0,0,0,0,0,0,0,0,0,0,0.000,0.000,0.000,0.000,0,0,0,0,55.686,342.881,0,0.800,3.200,0,0,0.600,1.800,0,0,0.200,1.400,0,0,0,0,0,0.000
2389,1979052068,1,0,1,2,328.000,319.300,0.600,7.200,17.300,5.500,0.000,0,85.700,0.000,0.000,4.700,32.400,21.300,10.400,0.000,0.000,0.000,2.400,0.000,0.000,0.000,0.000,0,0,0,0,0,0,0,0,0,0,0,0,0.000,0.000,0.000,0.000,0,0,0,0,54.771,338.637,0,0.600,3.400,0,0,0.400,2.000,0,0,0.200,1.400,0,0,0,0,0,0.000
2390,1979052068,1,0,1,2,351.500,343.000,0.400,7.100,17.500,5.900,0.000,0,108.100,0.000,0.000,4.600,31.600,20.700,10.300,0.000,0.000,0.000,2.200,0.000,0.000,0.000,0.000,0,0,0,0,0,0,0,0,0,0,0,0,0.000,0.000,0.000,0.000,0,0,0,0,54.236,339.422,0,0.600,3.400,0,0,0.400,2.100,0,0,0.200,1.300,0,0,0,0,0,0.000
2391,1979052068,1,0,1,2,342.900,334.800,0.400,6.800,17.100,6.100,0.000,0,23.000,0.000,0.000,62.200,50.400,21.600,28.300,0.000,0.000,0.000,2.200,1.000,3.000,6.200,11.900,0,0,0,0,0,0,0,0,0,0,0,0,0.000,0.000,0.000,0.000,0,0,0,0,54.032,338.590,0,0.600,3.300,0,0,0.400,1.900,0,0,0.200,1.400,0,0,0,0,0,0.000
2392,1979052068,1,0,1,2,338.200,329.400,0.500,7.300,17.600,5.500,0.000,0,87.100,0.000,0.000,4.900,32.300,21.400,10.400,0.000,0.000,0.000,2.300,0.000,0.000,0.000,0.000,0,0,0,0,0,0,0,0,0,0,0,0,0.000,0.000,0.000,0.000,0,0,0,0,54.548,336.936,0,0.600,3.300,0,0,0.400,2.100,0,0,0.200,1.200,0,0,0,0,0,0.000
2393,1979052068,1,0,1,2,271.800,263.200,0.400,7.300,18.400,6.000,0.000,0,24.800,0.000,0.000,4.700,33.700,22.600,10.400,0.000,0.000,0.000,2.400,0.000,0.000,0.000,0.000,0,0,0,0,0,0,0,0,0,0,0,0,0.000,0.000,0.000,0.000,0,0,0,0,54.683,323.663,0,0.600,3.700,0,0,0.400,2.400,0,0,0.200,1.300,0,0,0,0,0,0.000
2394,1979052068,1,0,1,2,423.800,415.200,0.400,7.300,17.400,5.800,0.000,0,51.800,0.000,0.000,62.200,32.300,21.300,10.300,0.000,0.000,0.000,2.300,1.000,3.000,6.400,12.100,0,0,0,0,0,0,0,0,0,0,0,0,0.000,0.000,0.000,0.000,0,0,0,0,54.560,340.140,0,0.600,3.000,0,0,0.400,1.700,0,0,0.200,1.300,0,0,0,0,0,0.000
2395,1979052068,1,0,1,2,329.800,321.600,0.500,6.900,17.600,5.600,0.000,0,85.800,0.000,0.000,4.900,32.300,21.100,10.600,0.000,0.000,0.000,2.400,0.000,0.000,0.000,0.000,0,0,0,0,0,0,0,0,0,0,0,0,0.000,0.000,0.000,0.000,0,0,0,0,54.117,336.803,0,0.600,3.500,0,0,0.400,2.100,0,0,0.200,1.400,0,0,0,0,0,0.000
2396,1979052068,1,0,1,2,337.100,328.500,0.400,7.300,17.700,5.600,0.000,0,24.600,0.000,0.000,4.400,32.200,21.200,10.400,0.000,0.000,0.000,2.200,0.000,0.000,0.000,0.000,0,0,0,0,0,0,0,0,0,0,0,0,0.000,0.000,0.000,0.000,0,0,0,0,53.556,335.308,0,0.600,3.200,0,0,0.400,2.000,0,0,0.200,1.200,0,0,0,0,0,0.000
2397,1979052068,1,0,1,2,352.400,344.300,0.400,6.800,17.300,6.000,0.000,0,51.200,0.000,0.000,62.300,32.900,21.900,10.500,0.000,0.000,0.000,2.400,1.000,2.600,6.300,12.400,0,0,0,0,0,0,0,0,0,0,0,0,0.000,0.000,0.000,0.000,0,0,0,0,54.662,336.927,0,0.600,3.200,0,0,0.400,1.900,0,0,0.200,1.300,0,0,0,0,0,0.000
2398,1979052068,1,0,1,2,146.000,142.100,0.200,3.300,8.100,2.600,0.000,0,36.300,0.000,0.000,2.200,15.500,10.600,4.600,0.000,0.000,0.000,1.100,0.000,0.000,0.000,0.000,0,0,0,0,0,0,0,0,0,0,0,0,0.000,0.000,0.000,0.000,0,0,0,0,50.079,301.858,0,0.300,1.500,0,0,0.200,0.900,0,0,0.100,0.600,0,0,0,0,0,0.000
2399,1979052068,1,0,1,2,149.600,145.000,0.300,3.900,9.800,3.000,0.000,0,13.700,0.000,0.000,2.600,18.900,12.700,5.700,0.000,0.000,0.000,1.200,0.000,0.000,0.000,0.000,0,0,0,0,0,0,0,0,0,0,0,0,0.000,0.000,0.000,0.000,0,0,0,0,46.969,273.624,0,0.300,1.800,0,0,0.200,1.100,0,0,0.100,0.700,0,0,0,0,0,0.000
2400,1979052068,1,0,1,2,236.300,230.600,0.300,4.800,12.400,3.900,0.000,0,33.700,0.000,0.000,43.200,22.300,15.000,6.800,0.000,0.000,0.000,1.600,0.700,1.900,4.100,7.800,0,0,0,0,0,0,0,0,0,0,0,0,0.000,0.000,0.000,0.000,0,0,0,0,45.858,265.879,0,0.400,2.100,0,0,0.300,1.200,0,0,0.100,0.900,0,0,0,0,0,0.000
2401,1979052068,1,0,1,2,365.200,355.700,0.600,8.000,19.400,6.100,0.000,0,98.600,0.000,0.000,5.200,34.700,22.600,11.400,0.000,0.000,0.000,2.700,0.000,0.000,0.000,0.000,0,0,0,0,0,0,0,0,0,0,0,0,0.000,0.000,0.000,0.000,0,0,0,0,47.756,282.047,0,0.700,3.500,0,0,0.400,2.100,0,0,0.300,1.400,0,0,0,0,0,0.000
2402,1979052068,1,0,1,2,352.000,343.700,0.500,7.000,17.500,6.000,0.000,0,50.600,0.000,0.000,62.100,32.500,21.400,10.500,0.000,0.000,0.000,2.300,1.000,2.800,6.500,12.000,0,0,0,0,0,0,0,0,0,0,0,0,0.000,0.000,0.000,0.000,0,0,0,0,49.186,293.145,0,0.600,2.900,0,0,0.400,1.600,0,0,0.200,1.300,0,0,0,0,0,0.000
2403,1979052068,1,0,1,2,265.900,257.900,0.400,6.700,17.500,5.800,0.000,0,23.900,0.000,0.000,4.600,32.400,21.600,10.200,0.000,0.000,0.000,2.300,0.000,0.000,0.000,0.000,0,0,0,0,0,0,0,0,0,0,0,0,0.000,0.000,0.000,0.000,0,0,0,0,49.908,286.801,0,0.600,3.300,0,0,0.400,2.000,0,0,0.200,1.300,0,0,0,0,0,0.000
2404,1979052068,1,0,1,2,379.900,370.800,0.700,7.500,17.200,5.500,0.000,0,50.900,0.000,0.000,61.500,33.100,22.100,10.300,0.000,0.000,0.000,2.200,1.200,2.700,6.300,12.200,0,0,0,0,0,0,0,0,0,0,0,0,0.000,0.000,0.000,0.000,0,0,0,0,50.753,301.920,0,0.600,3.000,0,0,0.400,1.700,0,0,0.200,1.300,0,0,0,0,0,0.000
2405,1979052068,1,0,1,2,266.400,257.900,0.400,7.200,17.500,5.500,0.000,0,24.000,0.000,0.000,4.500,32.000,21.100,10.300,0.000,0.000,0.000,2.100,0.000,0.000,0.000,0.000,0,0,0,0,0,0,0,0,0,0,0,0,0.000,0.000,0.000,0.000,0,0,0,0,50.869,293.997,0,0.600,3.200,0,0,0.500,2.000,0,0,0.100,1.200,0,0,0,0,0,0.000
2406,1979052068,1,0,1,2,337.200,328.600,0.500,7.300,17.800,6.100,0.000,0,91.400,0.000,0.000,4.700,33.300,22.500,10.200,0.000,0.000,0.000,2.300,0.000,0.000,0.000,0.000,0,0,0,0,0,0,0,0,0,0,0,0,0.000,0.000,0.000,0.000,0,0,0,0,51.703,300.225,0,0.600,3.700,0,0,0.400,2.400,0,0,0.200,1.300,0,0,0,0,0,0.000
2407,1979052068,1,0,1,2,325.300,292.900,26.000,5.700,15.300,4.900,0.000,0,20.800,0.000,0.000,55.800,28.200,18.600,9.100,0.000,0.000,0.000,2.000,1.000,2.300,6.100,10.900,0,0,0,0,0,0,0,0,0,0,0,0,0.000,0.000,0.000,0.000,0,0,0,0,50.964,298.907,0,0.500,2.600,0,0,0.300,1.500,0,0,0.200,1.100,0,0,0,0,0,0.000
2408,1979052068,1,0,1,2,281.000,272.700,0.600,7.000,13.400,4.600,0.000,0,91.200,0.000,0.000,3.500,25.900,17.300,8.100,0.000,0.000,0.000,1.700,0.000,0.000,0.000,0.000,0,0,0,0,0,0,0,0,0,0,0,0,0.000,0.000,0.000,0.000,0,0,0,0,49.279,294.190,0,0.500,2.600,0,0,0.400,1.600,0,0,0.100,1.000,0,0,0,0,0,0.000
2409,1979052068,1,0,1,2,353.300,344.800,0.500,7.200,17.700,5.800,0.000,0,86.000,0.000,0.000,4.800,56.400,20.900,34.600,0.000,0.000,0.000,2.500,0.000,0.000,0.000,0.000,0,0,0,0,0,0,0,0,0,0,0,0,0.000,0.000,0.000,0.000,0,0,0,0,49.103,303.299,0,0.600,3.500,0,0,0.400,2.100,0,0,0.200,1.400,0,0,0,0,0,0.000
2410,1979052068,1,0,1,2,277.800,271.900,0.300,4.900,15.700,5.300,0.000,0,30.300,0.000,0.000,67.200,30.000,19.900,9.600,0.000,0.000,0.000,1.800,0.800,2.300,6.100,11.200,0,0,0,0,0,0,0,0,0,0,0,0,0.000,0.000,0.000,0.000,0,0,0,0,47.284,297.648,0,0.800,2.900,0,0,0.600,1.800,0,0,0.200,1.100,0,0,0,0,0,0.000
2411,1979052068,1,0,1,2,127.300,123.900,0.200,3.000,6.600,2.100,0.000,0,36.000,0.000,0.000,2.200,14.300,10.300,3.800,0.000,0.000,0.000,1.300,0.000,0.000,0.000,0.000,0,0,0,0,0,0,0,0,0,0,0,0,0.000,0.000,0.000,0.000,0,0,0,0,44.587,266.373,0,0.300,1.400,0,0,0.200,0.900,0,0,0.100,0.500,0,0,0,0,0,0.000
2412,1979052068,1,0,1,2,175.300,170.900,0.200,3.600,14.200,13.100,0.000,0,13.200,0.000,0.000,3.400,25.100,16.600,8.000,0.000,0.000,0.000,1.800,0.000,0.000,0.000,0.000,0,0,0,0,0,0,0,0,0,0,0,0,0.000,0.000,0.000,0.000,0,0,0,0,44.355,249.188,0,0.500,2.500,0,0,0.300,1.500,0,0,0.200,1.000,0,0,0,0,0,0.000
2413,1979052068,1,0,1,2,407.500,398.200,0.400,7.800,18.900,6.200,0.000,0,56.900,0.000,0.000,67.300,35.100,23.100,11.400,0.000,0.000,0.000,2.600,1.000,2.700,6.900,13.400,0,0,0,0,0,0,0,0,0,0,0,0,0.000,0.000,0.000,0.000,0,0,0,0,46.703,276.010,0,0.700,3.400,0,0,0.400,1.900,0,0,0.300,1.500,0,0,0,0,0,0.000
2414,1979052068,1,0,1,2,202.200,196.000,0.300,5.300,14.000,4.400,0.000,0,18.300,0.000,0.000,3.300,25.900,17.600,7.900,0.000,0.000,0.000,1.600,0.000,0.000,0.000,0.000,0,0,0,0,0,0,0,0,0,0,0,0,0.000,0.000,0.000,0.000,0,0,0,0,46.253,261.608,0,0.400,2.600,0,0,0.300,1.600,0,0,0.100,1.000,0,0,0,0,0,0.000
2415,1979052068,1,0,1,2,234.900,228.600,0.300,5.400,12.600,4.200,0.000,0,56.800,0.000,0.000,3.400,24.000,15.900,7.700,0.000,0.000,0.000,1.600,0.000,0.000,0.000,0.000,0,0,0,0,0,0,0,0,0,0,0,0,0.000,0.000,0.000,0.000,0,0,0,0,45.523,255.667,0,0.500,2.400,0,0,0.400,1.500,0,0,0.100,0.900,0,0,0,0,0,0.000
2416,1979052068,1,0,1,2,360.500,352.200,0.600,6.900,18.400,5.900,0.000,0,51.500,0.000,0.000,65.500,33.600,22.300,10.700,0.000,0.000,0.000,2.200,1.100,3.000,6.300,12.300,0,0,0,0,0,0,0,0,0,0,0,0,0.000,0.000,0.000,0.000,0,0,0,0,47.841,273.043,0,0.700,3.200,0,0,0.500,1.900,0,0,0.200,1.300,0,0,0,0,0,0.000
2417,1979052068,1,0,1,2,294.400,286.000,0.400,7.200,17.700,23.800,0.000,0,23.500,0.000,0.000,4.800,39.300,22.100,16.300,0.000,0.000,0.000,2.500,0.000,0.000,0.000,0.000,0,0,0,0,0,0,0,0,0,0,0,0,0.000,0.000,0.000,0.000,0,0,0,0,48.734,275.375,0,0.600,9.000,0,0,0.400,2.000,0,0,0.200,7.000,0,0,0,0,0,0.000
2418,1979052068,1,0,1,2,361.400,352.100,0.500,7.700,17.300,6.000,0.000,0,95.700,0.000,0.000,4.500,39.400,22.800,11.300,0.000,0.000,0.000,2.300,0.000,0.000,0.000,0.000,0,0,0,0,0,0,0,0,0,0,0,0,0.000,0.000,0.000,0.000,0,0,0,0,49.016,289.186,0,0.800,3.700,0,0,0.500,2.200,0,0,0.300,1.500,0,0,0,0,0,0.000
2419,1979052068,1,0,1,2,236.900,231.500,0.300,4.700,11.500,3.900,0.000,0,32.900,0.000,0.000,43.800,22.500,15.100,7.000,0.000,0.000,0.000,1.600,0.700,1.800,4.200,7.900,0,0,0,0,0,0,0,0,0,0,0,0,0.000,0.000,0.000,0.000,0,0,0,0,47.339,278.802,0,0.500,2.000,0,0,0.300,1.100,0,0,0.200,0.900,0,0,0,0,0,0.000
2420,1979052068,1,0,1,2,117.500,114.000,0.300,2.800,7.900,2.800,0.000,0,10.300,0.000,0.000,2.000,15.000,10.500,4.300,0.000,0.000,0.000,1.000,0.000,0.000,0.000,0.000,0,0,0,0,0,0,0,0,0,0,0,0,0.000,0.000,0.000,0.000,0,0,0,0,43.912,249.138,0,0.300,1.500,0,0,0.200,1.000,0,0,0.100,0.500,0,0,0,0,0,0.000
2421,1979052068,1,0,1,2,118.900,115.900,0.200,2.600,6.300,1.900,0.000,0,32.900,0.000,0.000,1.900,13.300,9.600,3.400,0.000,0.000,0.000,0.800,0.000,0.000,0.000,0.000,0,0,0,0,0,0,0,0,0,0,0,0,0.000,0.000,0.000,0.000,0,0,0,0,41.156,225.155,0,0.300,1.300,0,0,0.200,0.800,0,0,0.100,0.500,0,0,0,0,0,0.000
2422,1979052068,1,0,1,2,155.400,151.600,0.200,3.200,8.500,2.700,0.000,0,11.100,0.000,0.000,32.800,16.200,11.300,4.500,0.000,0.000,0.000,1.400,0.600,1.400,2.700,5.300,0,0,0,0,0,0,0,0,0,0,0,0,0.000,0.000,0.000,0.000,0,0,0,0,40.048,211.915,0,0.300,1.400,0,0,0.200,0.800,0,0,0.100,0.600,0,0,0,0,0,0.000
2423,1979052068,1,0,1,2,185.400,180.500,0.200,4.100,10.500,3.300,0.000,0,45.300,0.000,0.000,2.700,19.000,12.700,6.000,0.000,0.000,0.000,1.300,0.000,0.000,0.000,0.000,0,0,0,0,0,0,0,0,0,0,0,0,0.000,0.000,0.000,0.000,0,0,0,0,38.635,206.260,0,0.300,2.000,0,0,0.200,1.200,0,0,0.100,0.800,0,0,0,0,0,0.000
2424,1979052068,1,0,1,2,288.400,281.000,0.400,6.200,15.100,4.700,0.000,0,77.200,0.000,0.000,3.700,28.000,18.500,9.000,0.000,0.000,0.000,1.800,0.000,0.000,0.000,0.000,0,0,0,0,0,0,0,0,0,0,0,0,0.000,0.000,0.000,0.000,0,0,0,0,39.115,219.714,0,0.400,3.000,0,0,0.300,1.800,0,0,0.100,1.200,0,0,0,0,0,0.000
2425,1979052068,1,0,1,2,353.500,344.700,0.400,7.500,18.100,5.700,0.000,0,24.300,0.000,0.000,82.300,35.300,23.600,11.000,0.000,0.000,0.000,2.400,1.100,2.600,6.200,12.300,0,0,0,0,0,0,0,0,0,0,0,0,0.000,0.000,0.000,0.000,0,0,0,0,42.100,242.211,0,0.700,3.600,0,0,0.400,1.900,0,0,0.300,1.700,0,0,0,0,0,0.000
2426,1979052068,1,0,1,2,400.500,391.600,0.400,7.600,18.100,8.500,0.000,0,95.400,0.000,0.000,4.300,36.600,23.700,12.300,0.000,0.000,0.000,2.200,0.000,0.000,0.000,0.000,0,0,0,0,0,0,0,0,0,0,0,0,0.000,0.000,0.000,0.000,0,0,0,0,43.522,269.101,0,0.600,3.600,0,0,0.400,2.300,0,0,0.200,1.300,0,0,0,0,0,0.000
2427,1979052068,1,0,1,2,353.400,344.800,0.500,7.300,17.900,5.800,0.000,0,88.100,0.000,0.000,4.700,32.500,21.500,10.500,0.000,0.000,0.000,2.300,0.000,0.000,0.000,0.000,0,0,0,0,0,0,0,0,0,0,0,0,0.000,0.000,0.000,0.000,0,0,0,0,45.120,282.727,0,0.700,3.700,0,0,0.400,2.400,0,0,0.300,1.300,0,0,0,0,0,0.000
2428,1979052068,1,0,1,2,362.200,353.700,0.400,7.100,17.200,5.700,0.000,0,24.200,0.000,0.000,63.600,64.900,22.600,10.400,0.000,0.000,0.000,2.400,1.100,2.400,6.500,12.200,0,0,0,0,0,0,0,0,0,0,0,0,0.000,0.000,0.000,0.000,0,0,0,0,46.880,295.502,0,0.600,3.100,0,0,0.400,1.800,0,0,0.200,1.300,0,0,0,0,0,0.000
2429,1979052068,1,0,1,2,339.100,330.600,0.500,7.200,17.700,6.000,0.000,0,88.600,0.000,0.000,4.900,33.200,21.900,10.700,0.000,0.000,0.000,2.400,0.000,0.000,0.000,0.000,0,0,0,0,0,0,0,0,0,0,0,0,0.000,0.000,0.000,0.000,0,0,0,0,48.702,301.820,0,0.500,3.400,0,0,0.400,2.100,0,0,0.100,1.300,0,0,0,0,0,0.000
2430,1979052068,1,0,1,2,305.300,297.100,0.400,6.800,18.100,5.800,0.000,0,24.100,0.000,0.000,4.700,52.000,22.800,28.600,0.000,0.000,0.000,2.300,0.000,0.000,0.000,0.000,0,0,0,0,0,0,0,0,0,0,0,0,0.000,0.000,0.000,0.000,0,0,0,0,49.782,300.970,0,0.700,3.300,0,0,0.500,2.000,0,0,0.200,1.300,0,0,0,0,0,0.000
2431,1979052068,1,0,1,2,403.600,394.700,0.400,7.500,18.900,26.200,0.000,0,55.200,0.000,0.000,67.100,35.300,23.600,11.200,0.000,0.000,0.000,2.500,1.100,2.800,6.800,13.300,0,0,0,0,0,0,0,0,0,0,0,0,0.000,0.000,0.000,0.000,0,0,0,0,51.261,317.841,0,1.100,3.300,0,0,0.800,1.900,0,0,0.300,1.400,0,0,0,0,0,0.000
2432,1979052068,1,0,1,2,331.800,323.300,0.600,7.100,17.900,5.600,0.000,0,87.900,0.000,0.000,4.300,32.600,21.600,10.500,0.000,0.000,0.000,2.100,0.000,0.000,0.000,0.000,0,0,0,0,0,0,0,0,0,0,0,0,0.000,0.000,0.000,0.000,0,0,0,0,50.854,318.824,0,0.700,3.300,0,0,0.400,2.000,0,0,0.300,1.300,0,0,0,0,0,0.000
2433,1979052068,1,0,1,2,288.800,280.300,0.400,7.200,18.200,5.800,0.000,0,24.200,0.000,0.000,4.800,33.400,21.900,10.900,0.000,0.000,0.000,2.500,0.000,0.000,0.000,0.000,0,0,0,0,0,0,0,0,0,0,0,0,0.000,0.000,0.000,0.000,0,0,0,0,51.690,311.890,0,0.600,3.400,0,0,0.500,2.100,0,0,0.100,1.300,0,0,0,0,0,0.000
2434,1979052068,1,0,1,2,353.000,344.300,0.400,7.400,17.500,5.800,0.000,0,50.900,0.000,0.000,61.900,33.400,22.100,10.600,0.000,0.000,0.000,2.300,1.100,2.900,6.100,11.800,0,0,0,0,0,0,0,0,0,0,0,0,0.000,0.000,0.000,0.000,0,0,0,0,53.258,317.724,0,0.600,3.100,0,0,0.400,1.900,0,0,0.200,1.200,0,0,0,0,0,0.000
2435,1979052068,1,0,1,2,355.800,347.000,0.500,7.400,17.900,5.700,0.000,0,111.000,0.000,0.000,4.600,32.700,21.700,10.400,0.000,0.000,0.000,2.200,0.000,0.000,0.000,0.000,0,0,0,0,0,0,0,0,0,0,0,0,0.000,0.000,0.000,0.000,0,0,0,0,52.564,322.993,0,0.600,3.300,0,0,0.400,2.000,0,0,0.200,1.300,0,0,0,0,0,0.000
2436,1979052068,1,0,1,2,264.700,256.800,0.400,6.700,18.100,5.800,0.000,0,23.200,0.000,0.000,4.600,32.100,21.300,10.200,0.000,0.000,0.000,2.200,0.000,0.000,0.000,0.000,0,0,0,0,0,0,0,0,0,0,0,0,0.000,0.000,0.000,0.000,0,0,0,0,52.336,311.079,0,0.600,3.300,0,0,0.400,2.100,0,0,0.200,1.200,0,0,0,0,0,0.000
2437,1979052068,1,0,1,2,377.200,369.000,0.500,6.900,17.700,5.500,0.000,0,71.800,0.000,0.000,61.800,33.200,22.000,10.700,0.000,0.000,0.000,2.200,1.000,2.600,6.300,12.000,0,0,0,0,0,0,0,0,0,0,0,0,0.000,0.000,0.000,0.000,0,0,0,0,52.654,321.504,0,0.700,3.000,0,0,0.400,1.700,0,0,0.300,1.300,0,0,0,0,0,0.000
2438,1979052068,1,0,1,2,267.000,259.200,0.300,6.700,16.700,5.500,0.000,0,22.400,0.000,0.000,4.300,30.300,20.100,9.700,0.000,0.000,0.000,2.100,0.000,0.000,0.000,0.000,0,0,0,0,0,0,0,0,0,0,0,0,0.000,0.000,0.000,0.000,0,0,0,0,51.654,310.290,0,0.600,3.000,0,0,0.400,1.800,0,0,0.200,1.200,0,0,0,0,0,0.000
2439,1979052068,1,0,1,2,329.800,320.900,0.500,7.600,17.700,5.800,0.000,0,85.600,0.000,0.000,4.300,32.700,21.400,10.700,0.000,0.000,0.000,2.100,0.000,0.000,0.000,0.000,0,0,0,0,0,0,0,0,0,0,0,0,0.000,0.000,0.000,0.000,0,0,0,0,51.536,312.199,0,0.600,3.400,0,0,0.400,2.000,0,0,0.200,1.400,0,0,0,0,0,0.000
2440,1979052068,1,0,1,2,384.300,376.100,0.400,6.900,17.500,5.800,0.000,0,52.000,0.000,0.000,63.000,36.600,25.600,10.500,0.000,0.000,0.000,2.200,1.000,2.700,6.400,11.900,0,0,0,0,0,0,0,0,0,0,0,0,0.000,0.000,0.000,0.000,0,0,0,0,52.682,323.702,0,0.700,3.100,0,0,0.500,1.700,0,0,0.200,1.400,0,0,0,0,0,0.000
2441,1979052068,1,0,1,2,331.100,322.500,0.500,7.200,17.800,5.700,0.000,0,86.900,0.000,0.000,4.600,32.600,21.300,10.300,0.000,0.000,0.000,2.400,0.000,0.000,0.000,0.000,0,0,0,0,0,0,0,0,0,0,0,0,0.000,0.000,0.000,0.000,0,0,0,0,52.199,323.485,0,0.700,3.300,0,0,0.500,2.000,0,0,0.200,1.300,0,0,0,0,0,0.000
2442,1979052068,1,0,1,2,375.900,367.500,0.500,7.200,18.000,5.800,0.000,0,51.900,0.000,0.000,61.900,33.400,22.500,10.300,0.000,0.000,0.000,2.400,1.000,2.500,6.000,12.000,0,0,0,0,0,0,0,0,0,0,0,0,0.000,0.000,0.000,0.000,0,0,0,0,52.595,331.408,0,0.900,3.100,0,0,0.600,1.800,0,0,0.300,1.300,0,0,0,0,0,0.000
2443,1979052068,1,0,1,2,286.200,278.300,0.400,6.700,19.300,6.200,0.000,0,23.500,0.000,0.000,5.000,35.500,23.700,11.200,0.000,0.000,0.000,2.300,0.000,0.000,0.000,0.000,0,0,0,0,0,0,0,0,0,0,0,0,0.000,0.000,0.000,0.000,0,0,0,0,53.172,321.849,0,0.700,3.600,0,0,0.400,2.200,0,0,0.300,1.400,0,0,0,0,0,0.000
2444,1979052068,1,0,1,2,395.400,386.600,0.900,7.000,17.300,6.000,0.000,0,51.400,0.000,0.000,96.800,34.300,22.800,10.900,0.000,0.000,0.000,2.300,1.100,2.900,6.000,12.000,0,0,0,0,0,0,0,0,0,0,0,0,0.000,0.000,0.000,0.000,0,0,0,0,55.625,333.504,0,0.800,3.000,0,0,0.500,1.700,0,0,0.300,1.300,0,0,0,0,0,0.000
2445,1979052068,1,0,1,2,342.700,334.300,0.500,7.000,24.200,5.800,0.000,0,87.100,0.000,0.000,4.600,33.200,21.900,10.800,0.000,0.000,0.000,2.300,0.000,0.000,0.000,0.000,0,0,0,0,0,0,0,0,0,0,0,0,0.000,0.000,0.000,0.000,0,0,0,0,55.369,333.647,0,0.600,3.300,0,0,0.400,2.000,0,0,0.200,1.300,0,0,0,0,0,0.000
2446,1979052068,1,0,1,2,357.500,349.000,0.500,7.300,18.300,6.100,0.000,0,87.300,0.000,0.000,4.600,34.700,22.500,11.600,0.000,0.000,0.000,2.300,0.000,0.000,0.000,0.000,0,0,0,0,0,0,0,0,0,0,0,0,0.000,0.000,0.000,0.000,0,0,0,0,54.978,336.411,0,0.700,3.500,0,0,0.400,2.100,0,0,0.300,1.400,0,0,0,0,0,0.000
2447,1979052068,1,0,1,2,292.700,286.100,0.300,5.600,14.100,4.500,0.000,0,18.900,0.000,0.000,62.900,32.900,24.300,8.100,0.000,0.000,0.000,2.500,1.100,2.500,6.000,13.400,0,0,0,0,0,0,0,0,0,0,0,0,0.000,0.000,0.000,0.000,0,0,0,0,56.170,327.355,0,0.900,3.200,0,0,0.700,2.100,0,0,0.200,1.100,0,0,0,0,0,0.000
2448,1979052068,1,0,1,2,280.700,274.300,0.300,5.400,17.600,4.000,0.000,0,65.000,0.000,0.000,4.400,33.000,21.000,11.500,0.000,0.000,0.000,2.000,0.000,0.000,0.000,0.000,0,0,0,0,0,0,0,0,0,0,0,0,0.000,0.000,0.000,0.000,0,0,0,0,54.538,317.805,0,0.800,3.200,0,0,0.500,2.000,0,0,0.300,1.200,0,0,0,0,0,0.000
2449,1979052068,1,0,1,2,363.500,354.700,0.600,7.300,18.900,6.200,0.000,0,85.200,0.000,0.000,5.000,34.900,23.100,11.100,0.000,0.000,0.000,2.400,0.000,0.000,0.000,0.000,0,0,0,0,0,0,0,0,0,0,0,0,0.000,0.000,0.000,0.000,0,0,0,0,54.405,324.446,0,0.700,3.500,0,0,0.500,2.100,0,0,0.200,1.400,0,0,0,0,0,0.000
2450,1979052068,1,0,1,2,361.000,352.600,0.400,7.100,17.200,5.800,0.000,0,23.500,0.000,0.000,64.500,63.800,52.000,11.100,0.000,0.000,0.000,2.600,1.000,2.500,6.400,13.900,0,0,0,0,0,0,0,0,0,0,0,0,0.000,0.000,0.000,0.000,0,0,0,0,54.476,329.514,0,0.600,3.200,0,0,0.400,1.800,0,0,0.200,1.400,0,0,0,0,0,0.000
2451,1979052068,1,0,1,2,333.500,325.000,0.400,7.100,17.900,5.900,0.000,0,87.000,0.000,0.000,4.900,32.000,20.800,10.600,0.000,0.000,0.000,2.300,0.000,0.000,0.000,0.000,0,0,0,0,0,0,0,0,0,0,0,0,0.000,0.000,0.000,0.000,0,0,0,0,56.136,328.701,0,0.900,3.300,0,0,0.700,2.000,0,0,0.200,1.300,0,0,0,0,0,0.000
2452,1979052068,1,0,1,2,268.600,260.000,0.500,7.100,18.100,5.800,0.000,0,24.100,0.000,0.000,4.500,32.400,21.400,10.400,0.000,0.000,0.000,2.100,0.000,0.000,0.000,0.000,0,0,0,0,0,0,0,0,0,0,0,0,0.000,0.000,0.000,0.000,0,0,0,0,55.230,316.335,0,0.600,3.400,0,0,0.400,2.100,0,0,0.200,1.300,0,0,0,0,0,0.000
2453,1979052068,1,0,1,2,380.500,371.700,0.500,7.500,18.100,5.900,0.000,0,51.800,0.000,0.000,64.600,33.300,22.000,10.600,0.000,0.000,0.000,2.300,0.900,2.900,6.600,13.800,0,0,0,0,0,0,0,0,0,0,0,0,0.000,0.000,0.000,0.000,0,0,0,0,54.882,326.301,0,0.600,3.000,0,0,0.400,1.700,0,0,0.200,1.300,0,0,0,0,0,0.000
2454,1979052068,1,0,1,2,288.100,281.100,0.400,5.900,14.500,4.600,0.000,0,73.100,0.000,0.000,3.700,26.700,17.700,8.700,0.000,0.000,0.000,1.800,0.000,0.000,0.000,0.000,0,0,0,0,0,0,0,0,0,0,0,0,0.000,0.000,0.000,0.000,0,0,0,0,52.726,318.165,0,0.400,2.700,0,0,0.300,1.600,0,0,0.100,1.100,0,0,0,0,0,0.000
2455,1979052068,1,0,1,2,207.900,201.300,0.600,5.400,13.700,4.300,0.000,0,18.200,0.000,0.000,3.800,25.500,17.000,8.100,0.000,0.000,0.000,2.000,0.000,0.000,0.000,0.000,0,0,0,0,0,0,0,0,0,0,0,0,0.000,0.000,0.000,0.000,0,0,0,0,50.543,297.129,0,0.400,2.700,0,0,0.300,1.600,0,0,0.100,1.100,0,0,0,0,0,0.000
2456,1979052068,1,0,1,2,301.100,294.600,0.400,5.400,13.100,40.900,0.000,0,37.900,0.000,0.000,48.900,23.900,15.800,7.600,0.000,0.000,0.000,1.600,0.800,1.900,4.600,10.000,0,0,0,0,0,0,0,0,0,0,0,0,0.000,0.000,0.000,0.000,0,0,0,0,50.913,296.674,0,0.400,2.400,0,0,0.300,1.400,0,0,0.100,1.000,0,0,0,0,0,0.000
2457,1979052068,1,0,1,2,338.700,327.300,0.500,10.000,17.800,5.700,0.000,0,91.500,0.000,0.000,4.700,32.200,21.100,10.500,0.000,0.000,0.000,2.400,0.000,0.000,0.000,0.000,0,0,0,0,0,0,0,0,0,0,0,0,0.000,0.000,0.000,0.000,0,0,0,0,52.009,302.186,0,0.600,3.300,0,0,0.400,2.000,0,0,0.200,1.300,0,0,0,0,0,0.000
2458,1979052068,1,0,1,2,395.200,387.100,0.500,6.700,21.800,5.700,0.000,0,53.100,0.000,0.000,76.600,33.000,21.800,10.600,0.000,0.000,0.000,2.300,1.100,2.400,6.300,14.000,0,0,0,0,0,0,0,0,0,0,0,0,0.000,0.000,0.000,0.000,0,0,0,0,53.663,317.471,0,0.900,2.900,0,0,0.700,1.600,0,0,0.200,1.300,0,0,0,0,0,0.000
2459,1979052068,1,0,1,2,351.400,342.600,0.600,7.300,18.200,5.800,0.000,0,105.600,0.000,0.000,4.600,32.500,21.400,10.500,0.000,0.000,0.000,2.100,0.000,0.000,0.000,0.000,0,0,0,0,0,0,0,0,0,0,0,0,0.000,0.000,0.000,0.000,0,0,0,0,53.490,321.994,0,0.600,3.400,0,0,0.400,2.100,0,0,0.200,1.300,0,0,0,0,0,0.000
2460,1979052068,1,0,1,2,358.500,350.300,0.500,6.800,18.400,6.100,0.000,0,92.500,0.000,0.000,7.900,41.800,30.300,10.700,0.000,0.000,0.000,4.000,0.000,0.000,0.000,0.000,0,0,0,0,0,0,0,0,0,0,0,0,0.000,0.000,0.000,0.000,0,0,0,0,54.050,327.089,0,1.200,4.600,0,0,1.000,3.100,0,0,0.200,1.500,0,0,0,0,0,0.000
2461,1979052068,1,0,1,2,350.300,342.100,0.400,7.000,17.400,5.900,0.000,0,23.800,0.000,0.000,64.800,33.100,21.100,10.900,0.000,0.000,0.000,2.300,1.000,2.800,6.300,13.500,0,0,0,0,0,0,0,0,0,0,0,0,0.000,0.000,0.000,0.000,0,0,0,0,53.843,329.791,0,0.700,3.000,0,0,0.500,1.700,0,0,0.200,1.300,0,0,0,0,0,0.000
2462,1979052068,1,0,1,2,332.000,323.700,0.500,6.900,18.000,5.800,0.000,0,88.000,0.000,0.000,4.500,32.900,21.500,10.800,0.000,0.000,0.000,2.200,0.000,0.000,0.000,0.000,0,0,0,0,0,0,0,0,0,0,0,0,0.000,0.000,0.000,0.000,0,0,0,0,53.619,328.695,0,0.500,3.300,0,0,0.400,2.000,0,0,0.100,1.300,0,0,0,0,0,0.000
2463,1979052068,1,0,1,2,354.900,346.500,0.400,7.200,17.500,5.700,0.000,0,50.300,0.000,0.000,65.300,32.400,21.400,10.400,0.000,0.000,0.000,2.400,1.000,3.000,6.400,13.900,0,0,0,0,0,0,0,0,0,0,0,0,0.000,0.000,0.000,0.000,0,0,0,0,53.220,331.900,0,0.600,3.000,0,0,0.400,1.700,0,0,0.200,1.300,0,0,0,0,0,0.000
2464,1979052068,1,0,1,2,353.500,344.600,0.500,7.500,17.900,5.900,0.000,0,88.500,0.000,0.000,4.700,32.700,21.500,10.600,0.000,0.000,0.000,2.300,0.000,0.000,0.000,0.000,0,0,0,0,0,0,0,0,0,0,0,0,0.000,0.000,0.000,0.000,0,0,0,0,52.658,334.186,0,0.600,3.100,0,0,0.400,1.800,0,0,0.200,1.300,0,0,0,0,0,0.000
2465,1979052068,1,0,1,2,259.900,212.800,40.000,6.500,14.500,4.900,0.000,0,19.700,0.000,0.000,3.800,27.500,18.500,8.600,0.000,0.000,0.000,1.700,0.000,0.000,0.000,0.000,0,0,0,0,0,0,0,0,0,0,0,0,0.000,0.000,0.000,0.000,0,0,0,0,50.902,312.336,0,0.600,2.700,0,0,0.400,1.600,0,0,0.200,1.100,0,0,0,0,0,0.000
2466,1979052068,1,0,1,2,260.500,254.400,0.300,5.100,12.800,4.300,0.000,0,37.100,0.000,0.000,48.400,23.900,15.800,7.700,0.000,0.000,0.000,1.600,0.800,2.000,4.400,10.200,0,0,0,0,0,0,0,0,0,0,0,0,0.000,0.000,0.000,0.000,0,0,0,0,49.317,301.908,0,0.500,2.300,0,0,0.300,1.300,0,0,0.200,1.000,0,0,0,0,0,0.000
2467,1979052068,1,0,1,2,348.800,340.400,0.500,7.200,17.500,5.600,0.000,0,86.500,0.000,0.000,4.700,49.800,38.700,10.500,0.000,0.000,0.000,2.500,0.000,0.000,0.000,0.000,0,0,0,0,0,0,0,0,0,0,0,0,0.000,0.000,0.000,0.000,0,0,0,0,49.206,308.836,0,0.500,3.400,0,0,0.400,2.000,0,0,0.100,1.400,0,0,0,0,0,0.000
2468,1979052068,1,0,1,2,265.900,257.800,0.400,6.900,17.300,6.000,0.000,0,23.700,0.000,0.000,4.500,33.000,22.000,10.300,0.000,0.000,0.000,2.300,0.000,0.000,0.000,0.000,0,0,0,0,0,0,0,0,0,0,0,0,0.000,0.000,0.000,0.000,0,0,0,0,49.619,299.650,0,0.700,3.200,0,0,0.600,2.000,0,0,0.100,1.200,0,0,0,0,0,0.000
2469,1979052068,1,0,1,2,355.600,347.500,0.500,6.800,17.500,5.700,0.000,0,50.900,0.000,0.000,64.900,33.000,21.900,10.500,0.000,0.000,0.000,2.100,1.000,2.900,6.400,14.200,0,0,0,0,0,0,0,0,0,0,0,0,0.000,0.000,0.000,0.000,0,0,0,0,50.912,308.263,0,0.500,3.300,0,0,0.300,1.900,0,0,0.200,1.400,0,0,0,0,0,0.000
2470,1979052068,1,0,1,2,368.900,359.900,0.700,7.500,19.300,6.700,0.000,0,93.000,0.000,0.000,5.100,36.200,24.500,11.100,0.000,0.000,0.000,2.600,0.000,0.000,0.000,0.000,0,0,0,0,0,0,0,0,0,0,0,0,0.000,0.000,0.000,0.000,0,0,0,0,51.972,317.558,0,0.600,4.000,0,0,0.400,2.500,0,0,0.200,1.500,0,0,0,0,0,0.000
2471,1979052068,1,0,1,2,384.700,375.800,0.600,7.500,18.600,6.200,0.000,0,55.200,0.000,0.000,70.100,35.200,23.200,11.400,0.000,0.000,0.000,2.400,1.100,3.300,6.800,15.500,0,0,0,0,0,0,0,0,0,0,0,0,0.000,0.000,0.000,0.000,0,0,0,0,53.039,328.041,0,0.800,3.400,0,0,0.500,1.800,0,0,0.300,1.600,0,0,0,0,0,0.000
2472,1979052068,1,0,1,2,287.100,278.300,0.400,7.300,18.700,6.600,0.000,0,25.600,0.000,0.000,4.600,35.600,23.300,11.600,0.000,0.000,0.000,2.200,0.000,0.000,0.000,0.000,0,0,0,0,0,0,0,0,0,0,0,0,0.000,0.000,0.000,0.000,0,0,0,0,53.320,319.088,0,0.700,3.700,0,0,0.500,2.300,0,0,0.200,1.400,0,0,0,0,0,0.000
2473,1979052068,1,0,1,2,405.800,392.000,0.600,12.100,19.800,6.700,0.000,0,126.400,0.000,0.000,4.900,36.900,24.300,12.000,0.000,0.000,0.000,2.400,0.000,0.000,0.000,0.000,0,0,0,0,0,0,0,0,0,0,0,0,0.000,0.000,0.000,0.000,0,0,0,0,53.226,332.212,0,0.600,4.300,0,0,0.400,2.500,0,0,0.200,1.800,0,0,0,0,0,0.000
2474,1979052068,1,0,1,2,388.600,379.400,0.500,7.800,18.200,5.900,0.000,0,52.100,0.000,0.000,66.600,33.700,22.400,10.700,0.000,0.000,0.000,2.200,1.000,2.700,6.300,13.900,0,0,0,0,0,0,0,0,0,0,0,0,0.000,0.000,0.000,0.000,0,0,0,0,53.869,340.706,0,0.600,3.100,0,0,0.400,1.800,0,0,0.200,1.300,0,0,0,0,0,0.000
2475,1979052068,1,0,1,2,380.700,371.400,0.700,7.700,18.900,6.500,0.000,0,92.400,0.000,0.000,4.900,36.300,24.000,11.800,0.000,0.000,0.000,2.400,0.000,0.000,0.000,0.000,0,0,0,0,0,0,0,0,0,0,0,0,0.000,0.000,0.000,0.000,0,0,0,0,53.893,346.231,0,0.800,3.600,0,0,0.500,2.200,0,0,0.300,1.400,0,0,0,0,0,0.000
2476,1979052068,1,0,1,2,383.100,374.100,0.600,7.500,27.800,6.200,0.000,0,93.400,0.000,0.000,4.900,35.900,23.500,11.800,0.000,0.000,0.000,2.500,0.000,0.000,0.000,0.000,0,0,0,0,0,0,0,0,0,0,0,0,0.000,0.000,0.000,0.000,0,0,0,0,54.632,351.247,0,0.700,3.600,0,0,0.400,2.200,0,0,0.300,1.400,0,0,0,0,0,0.000
2477,1979052068,1,0,1,2,271.600,264.900,0.300,5.600,13.600,4.600,0.000,0,33.200,0.000,0.000,51.100,25.900,17.400,8.000,0.000,0.000,0.000,1.700,0.900,2.100,4.900,10.400,0,0,0,0,0,0,0,0,0,0,0,0,0.000,0.000,0.000,0.000,0,0,0,0,53.312,335.705,0,0.400,2.300,0,0,0.300,1.400,0,0,0.100,0.900,0,0,0,0,0,0.000
2478,1979052068,1,0,1,2,263.800,256.800,0.300,5.900,14.800,5.100,0.000,0,62.900,0.000,0.000,3.800,27.700,18.500,8.700,0.000,0.000,0.000,1.800,0.000,0.000,0.000,0.000,0,0,0,0,0,0,0,0,0,0,0,0,0.000,0.000,0.000,0.000,0,0,0,0,51.456,321.502,0,0.500,3.200,0,0,0.400,2.100,0,0,0.100,1.100,0,0,0,0,0,0.000
2479,1979052068,1,0,1,2,316.000,307.800,0.400,7.000,18.900,6.400,0.000,0,23.600,0.000,0.000,5.200,35.200,23.100,11.400,0.000,0.000,0.000,2.400,0.000,0.000,0.000,0.000,0,0,0,0,0,0,0,0,0,0,0,0,0.000,0.000,0.000,0.000,0,0,0,0,51.536,319.036,0,0.700,3.700,0,0,0.500,2.300,0,0,0.200,1.400,0,0,0,0,0,0.000
2480,1979052068,1,0,1,2,389.500,380.300,0.500,7.800,19.500,6.400,0.000,0,55.200,0.000,0.000,70.600,36.200,24.300,11.200,0.000,0.000,0.000,2.600,1.100,2.800,6.900,15.100,0,0,0,0,0,0,0,0,0,0,0,0,0.000,0.000,0.000,0.000,0,0,0,0,52.952,330.063,0,0.600,3.300,0,0,0.400,1.900,0,0,0.200,1.400,0,0,0,0,0,0.000
2481,1979052068,1,0,1,2,279.100,270.900,0.400,6.900,18.300,5.800,0.000,0,24.000,0.000,0.000,4.700,34.500,23.300,10.600,0.000,0.000,0.000,2.300,0.000,0.000,0.000,0.000,0,0,0,0,0,0,0,0,0,0,0,0,0.000,0.000,0.000,0.000,0,0,0,0,55.624,319.414,0,0.700,3.400,0,0,0.500,2.000,0,0,0.200,1.400,0,0,0,0,0,0.000
2482,1979052068,1,0,1,2,382.200,373.500,0.400,7.400,19.500,6.300,0.000,0,54.500,0.000,0.000,68.700,35.300,23.000,11.600,0.000,0.000,0.000,2.500,1.000,2.700,6.900,15.100,0,0,0,0,0,0,0,0,0,0,0,0,0.000,0.000,0.000,0.000,0,0,0,0,56.250,329.149,0,0.800,3.300,0,0,0.500,1.900,0,0,0.300,1.400,0,0,0,0,0,0.000
2483,1979052068,1,0,1,2,316.200,308.000,0.400,6.900,23.800,5.700,0.000,0,23.900,0.000,0.000,4.400,32.900,21.400,10.900,0.000,0.000,0.000,2.200,0.000,0.000,0.000,0.000,0,0,0,0,0,0,0,0,0,0,0,0,0.000,0.000,0.000,0.000,0,0,0,0,55.089,325.342,0,0.700,3.400,0,0,0.500,2.100,0,0,0.200,1.300,0,0,0,0,0,0.000
2484,1979052068,1,0,1,2,273.200,266.500,0.400,5.600,14.000,4.400,0.000,0,69.200,0.000,0.000,3.600,25.600,17.100,8.100,0.000,0.000,0.000,1.800,0.000,0.000,0.000,0.000,0,0,0,0,0,0,0,0,0,0,0,0,0.000,0.000,0.000,0.000,0,0,0,0,53.093,314.751,0,0.500,2.500,0,0,0.300,1.500,0,0,0.200,1.000,0,0,0,0,0,0.000
2485,1979052068,1,0,1,2,428.400,419.200,0.400,7.900,19.000,6.300,0.000,0,72.500,0.000,0.000,78.300,44.500,31.800,11.600,0.000,0.000,0.000,2.500,1.000,2.800,8.700,18.900,0,0,0,0,0,0,0,0,0,0,0,0,0.000,0.000,0.000,0.000,0,0,0,0,53.958,333.552,0,1.100,4.100,0,0,0.800,2.700,0,0,0.300,1.400,0,0,0,0,0,0.000
2486,1979052068,1,0,1,2,356.600,347.200,0.600,7.700,18.900,6.500,0.000,0,92.600,0.000,0.000,5.000,35.400,23.300,11.400,0.000,0.000,0.000,2.500,0.000,0.000,0.000,0.000,0,0,0,0,0,0,0,0,0,0,0,0,0.000,0.000,0.000,0.000,0,0,0,0,54.740,336.008,0,0.700,3.700,0,0,0.500,2.300,0,0,0.200,1.400,0,0,0,0,0,0.000
2487,1979052068,1,0,1,2,381.600,372.400,0.400,7.800,18.800,6.300,0.000,0,54.800,0.000,0.000,68.800,35.100,23.000,11.500,0.000,0.000,0.000,2.300,1.100,2.900,6.600,15.100,0,0,0,0,0,0,0,0,0,0,0,0,0.000,0.000,0.000,0.000,0,0,0,0,54.535,342.559,0,0.700,3.400,0,0,0.400,1.900,0,0,0.300,1.500,0,0,0,0,0,0.000
2488,1979052068,1,0,1,2,356.700,348.000,0.500,7.400,36.400,5.800,0.000,0,85.600,0.000,0.000,4.700,33.000,21.800,10.700,0.000,0.000,0.000,2.400,0.000,0.000,0.000,0.000,0,0,0,0,0,0,0,0,0,0,0,0,0.000,0.000,0.000,0.000,0,0,0,0,54.204,343.538,0,0.600,3.400,0,0,0.400,2.100,0,0,0.200,1.300,0,0,0,0,0,0.000
2489,1979052068,1,0,1,2,288.500,279.900,0.400,7.300,17.600,5.700,0.000,0,26.000,0.000,0.000,4.600,32.500,21.300,10.600,0.000,0.000,0.000,2.200,0.000,0.000,0.000,0.000,0,0,0,0,0,0,0,0,0,0,0,0,0.000,0.000,0.000,0.000,0,0,0,0,53.592,332.083,0,0.600,3.300,0,0,0.400,2.000,0,0,0.200,1.300,0,0,0,0,0,0.000
2490,1979052068,1,0,1,2,341.800,334.000,0.500,6.500,16.500,5.500,0.000,0,57.000,0.000,0.000,61.000,31.500,21.100,9.800,0.000,0.000,0.000,2.100,0.900,2.600,5.900,13.000,0,0,0,0,0,0,0,0,0,0,0,0,0.000,0.000,0.000,0.000,0,0,0,0,53.377,332.428,0,0.800,3.300,0,0,0.500,2.100,0,0,0.300,1.200,0,0,0,0,0,0.000
2491,1979052068,1,0,1,2,244.400,237.900,0.300,5.500,14.600,4.600,0.000,0,20.000,0.000,0.000,3.900,51.200,41.700,9.000,0.000,0.000,0.000,2.000,0.000,0.000,0.000,0.000,0,0,0,0,0,0,0,0,0,0,0,0,0.000,0.000,0.000,0.000,0,0,0,0,53.525,315.413,0,0.600,2.700,0,0,0.400,1.600,0,0,0.200,1.100,0,0,0,0,0,0.000
2492,1979052068,1,0,1,2,331.800,323.200,0.400,7.200,17.100,5.700,0.000,0,87.700,0.000,0.000,4.600,32.700,21.500,10.600,0.000,0.000,0.000,2.100,0.000,0.000,0.000,0.000,0,0,0,0,0,0,0,0,0,0,0,0,0.000,0.000,0.000,0.000,0,0,0,0,52.747,316.815,0,0.600,3.200,0,0,0.400,1.900,0,0,0.200,1.300,0,0,0,0,0,0.000
2493,1979052068,1,0,1,2,361.900,353.500,0.500,7.200,17.800,5.600,0.000,0,51.500,0.000,0.000,64.300,32.600,21.500,10.600,0.000,0.000,0.000,2.200,1.400,2.700,6.200,13.700,0,0,0,0,0,0,0,0,0,0,0,0,0.000,0.000,0.000,0.000,0,0,0,0,53.260,323.418,0,0.800,3.100,0,0,0.500,1.800,0,0,0.300,1.300,0,0,0,0,0,0.000
2494,1979052068,1,0,1,2,352.800,344.800,0.400,6.700,18.400,6.300,0.000,0,102.800,0.000,0.000,4.600,34.200,23.000,10.600,0.000,0.000,0.000,2.400,0.000,0.000,0.000,0.000,0,0,0,0,0,0,0,0,0,0,0,0,0.000,0.000,0.000,0.000,0,0,0,0,53.663,327.267,0,0.700,3.400,0,0,0.500,2.100,0,0,0.200,1.300,0,0,0,0,0,0.000
2495,1979052068,1,0,1,2,347.700,339.100,0.400,7.300,17.500,5.700,0.000,0,104.200,0.000,0.000,4.600,32.800,21.200,11.000,0.000,0.000,0.000,2.300,0.000,0.000,0.000,0.000,0,0,0,0,0,0,0,0,0,0,0,0,0.000,0.000,0.000,0.000,0,0,0,0,53.346,329.397,0,0.700,3.300,0,0,0.400,2.000,0,0,0.300,1.300,0,0,0,0,0,0.000
2496,1979052068,1,0,1,2,331.900,324.000,0.400,6.700,17.400,5.900,0.000,0,24.400,0.000,0.000,65.900,33.300,21.700,11.000,0.000,0.000,0.000,2.400,1.100,2.500,6.400,14.300,0,0,0,0,0,0,0,0,0,0,0,0,0.000,0.000,0.000,0.000,0,0,0,0,53.968,328.425,0,0.800,3.600,0,0,0.400,2.200,0,0,0.400,1.400,0,0,0,0,0,0.000
2497,1979052068,1,0,1,2,347.800,339.000,0.400,7.500,17.100,5.600,0.000,0,102.000,0.000,0.000,4.400,32.500,21.300,10.600,0.000,0.000,0.000,2.100,0.000,0.000,0.000,0.000,0,0,0,0,0,0,0,0,0,0,0,0,0.000,0.000,0.000,0.000,0,0,0,0,53.614,330.329,0,0.500,3.300,0,0,0.400,1.900,0,0,0.100,1.400,0,0,0,0,0,0.000
2498,1979052068,1,0,1,2,365.600,357.900,0.400,6.500,16.700,5.500,0.000,0,22.900,0.000,0.000,4.400,33.200,22.200,10.400,0.000,0.000,0.000,2.200,0.000,0.000,0.000,0.000,0,0,0,0,0,0,0,0,0,0,0,0,0.000,0.000,0.000,0.000,0,0,0,0,60.685,335.292,0,0.800,3.600,0,0,0.500,2.400,0,0,0.300,1.200,0,0,0,0,0,0.000
2499,1979052068,1,0,1,2,356.400,348.400,0.400,6.800,17.700,5.700,0.000,0,50.500,0.000,0.000,65.300,33.500,21.900,11.000,0.000,0.000,0.000,2.300,1.000,2.800,6.400,14.000,0,0,0,0,0,0,0,0,0,0,0,0,0.000,0.000,0.000,0.000,0,0,0,0,59.500,337.651,0,0.600,3.500,0,0,0.400,1.800,0,0,0.200,1.700,0,0,0,0,0,0.000
2500,1979052068,1,0,1,2,296.200,288.000,0.400,6.900,24.400,5.800,0.000,0,25.000,0.000,0.000,22.400,33.200,22.000,10.600,0.000,0.000,0.000,19.900,0.000,0.000,0.000,0.000,0,0,0,0,0,0,0,0,0,0,0,0,0.000,0.000,0.000,0.000,0,0,0,0,58.834,328.714,0,0.700,3.400,0,0,0.500,2.100,0,0,0.200,1.300,0,0,0,0,0,0.000
2501,1979052068,1,0,1,2,330.500,322.100,0.400,7.000,17.600,5.700,0.000,0,87.600,0.000,0.000,4.500,32.600,21.500,10.600,0.000,0.000,0.000,2.400,0.000,0.000,0.000,0.000,0,0,0,0,0,0,0,0,0,0,0,0,0.000,0.000,0.000,0.000,0,0,0,0,57.496,327.523,0,0.600,3.200,0,0,0.400,1.900,0,0,0.200,1.300,0,0,0,0,0,0.000
2502,1979052068,1,0,1,2,261.900,255.600,0.400,5.300,12.900,4.300,0.000,0,37.800,0.000,0.000,47.700,24.200,16.200,7.600,0.000,0.000,0.000,1.600,0.900,2.000,4.500,10.000,0,0,0,0,0,0,0,0,0,0,0,0,0.000,0.000,0.000,0.000,0,0,0,0,54.634,314.577,0,0.400,2.100,0,0,0.300,1.200,0,0,0.100,0.900,0,0,0,0,0,0.000
2503,1979052068,1,0,1,2,342.500,334.200,0.400,7.100,27.000,5.800,0.000,0,87.500,0.000,0.000,4.500,32.000,20.900,10.600,0.000,0.000,0.000,2.300,0.000,0.000,0.000,0.000,0,0,0,0,0,0,0,0,0,0,0,0,0.000,0.000,0.000,0.000,0,0,0,0,54.844,318.109,0,0.600,3.300,0,0,0.400,2.000,0,0,0.200,1.300,0,0,0,0,0,0.000
2504,1979052068,1,0,1,2,356.800,348.500,0.400,6.900,17.600,5.800,0.000,0,51.300,0.000,0.000,64.700,33.300,22.000,10.700,0.000,0.000,0.000,2.600,1.000,2.600,6.000,14.100,0,0,0,0,0,0,0,0,0,0,0,0,0.000,0.000,0.000,0.000,0,0,0,0,54.746,323.580,0,0.600,3.400,0,0,0.400,1.900,0,0,0.200,1.500,0,0,0,0,0,0.000
2505,1979052068,1,0,1,2,333.900,325.700,0.400,7.000,17.400,5.500,0.000,0,88.200,0.000,0.000,4.500,32.500,21.400,10.500,0.000,0.000,0.000,2.200,0.000,0.000,0.000,0.000,0,0,0,0,0,0,0,0,0,0,0,0,0.000,0.000,0.000,0.000,0,0,0,0,54.144,323.961,0,0.600,3.300,0,0,0.400,2.000,0,0,0.200,1.300,0,0,0,0,0,0.000
2506,1979052068,1,0,1,2,269.700,261.800,0.400,6.600,19.600,5.800,0.000,0,24.400,0.000,0.000,4.800,32.800,21.300,11.000,0.000,0.000,0.000,2.200,0.000,0.000,0.000,0.000,0,0,0,0,0,0,0,0,0,0,0,0,0.000,0.000,0.000,0.000,0,0,0,0,53.812,312.772,0,0.600,3.400,0,0,0.400,2.100,0,0,0.200,1.300,0,0,0,0,0,0.000
2507,1979052068,1,0,1,2,310.200,303.000,0.500,6.000,15.700,5.100,0.000,0,44.500,0.000,0.000,56.300,29.200,19.400,9.300,0.000,0.000,0.000,2.000,0.900,2.200,5.500,12.000,0,0,0,0,0,0,0,0,0,0,0,0,0.000,0.000,0.000,0.000,0,0,0,0,53.036,311.013,0,0.600,3.000,0,0,0.400,1.800,0,0,0.200,1.200,0,0,0,0,0,0.000
2508,1979052068,1,0,1,2,244.900,238.700,0.400,5.200,14.100,4.300,0.000,0,61.500,0.000,0.000,3.400,25.500,17.000,8.000,0.000,0.000,0.000,1.700,0.000,0.000,0.000,0.000,0,0,0,0,0,0,0,0,0,0,0,0,0.000,0.000,0.000,0.000,0,0,0,0,52.165,297.997,0,0.400,3.000,0,0,0.300,1.600,0,0,0.100,1.400,0,0,0,0,0,0.000
2509,1979052068,1,0,1,2,308.200,301.300,0.500,5.500,22.500,5.000,0.000,0,21.600,0.000,0.000,21.900,52.200,42.200,9.400,0.000,0.000,0.000,17.700,0.000,0.000,0.000,0.000,0,0,0,0,0,0,0,0,0,0,0,0,0.000,0.000,0.000,0.000,0,0,0,0,52.856,298.591,0,1.000,4.000,0,0,0.700,2.600,0,0,0.300,1.400,0,0,0,0,0,0.000
2510,1979052068,1,0,1,2,335.700,328.000,0.400,6.500,16.200,5.400,0.000,0,48.200,0.000,0.000,61.700,32.000,21.300,10.200,0.000,0.000,0.000,2.100,1.000,2.600,6.100,13.300,0,0,0,0,0,0,0,0,0,0,0,0,0.000,0.000,0.000,0.000,0,0,0,0,52.486,303.885,0,0.500,3.800,0,0,0.300,2.200,0,0,0.200,1.600,0,0,0,0,0,0.000
2511,1979052068,1,0,1,2,282.600,274.600,0.400,6.700,19.600,5.700,0.000,0,25.100,0.000,0.000,4.900,41.600,30.400,10.600,0.000,0.000,0.000,2.500,0.000,0.000,0.000,0.000,0,0,0,0,0,0,0,0,0,0,0,0,0.000,0.000,0.000,0.000,0,0,0,0,52.362,298.614,0,0.700,3.600,0,0,0.500,2.300,0,0,0.200,1.300,0,0,0,0,0,0.000
2512,1979052068,1,0,1,2,386.100,376.500,0.400,8.000,19.800,6.400,0.000,0,97.000,0.000,0.000,4.900,36.200,24.200,11.400,0.000,0.000,0.000,2.400,0.000,0.000,0.000,0.000,0,0,0,0,0,0,0,0,0,0,0,0,0.000,0.000,0.000,0.000,0,0,0,0,53.197,312.633,0,0.600,3.900,0,0,0.400,2.400,0,0,0.200,1.500,0,0,0,0,0,0.000
2513,1979052068,1,0,1,2,356.200,347.900,0.500,7.000,17.700,5.600,0.000,0,51.400,0.000,0.000,64.700,33.100,22.000,10.500,0.000,0.000,0.000,2.400,1.000,3.000,6.200,13.900,0,0,0,0,0,0,0,0,0,0,0,0,0.000,0.000,0.000,0.000,0,0,0,0,53.540,318.981,0,0.800,3.200,0,0,0.600,1.800,0,0,0.200,1.400,0,0,0,0,0,0.000
2514,1979052068,1,0,1,2,268.500,260.400,0.400,6.900,17.600,6.000,0.000,0,24.500,0.000,0.000,4.500,32.800,21.700,10.500,0.000,0.000,0.000,2.200,0.000,0.000,0.000,0.000,0,0,0,0,0,0,0,0,0,0,0,0,0.000,0.000,0.000,0.000,0,0,0,0,52.884,308.437,0,0.600,3.300,0,0,0.400,2.100,0,0,0.200,1.200,0,0,0,0,0,0.000
2515,1979052068,1,0,1,2,354.100,336.300,9.600,7.300,18.300,5.700,0.000,0,92.600,0.000,0.000,4.400,33.900,22.700,10.600,0.000,0.000,0.000,2.300,0.000,0.000,0.000,0.000,0,0,0,0,0,0,0,0,0,0,0,0,0.000,0.000,0.000,0.000,0,0,0,0,52.617,313.452,0,0.700,3.500,0,0,0.500,2.200,0,0,0.200,1.300,0,0,0,0,0,0.000
2516,1979052068,1,0,1,2,379.200,370.700,0.400,7.200,17.300,5.500,0.000,0,52.200,0.000,0.000,63.800,33.700,22.500,10.600,0.000,0.000,0.000,2.200,1.000,2.500,6.300,13.800,0,0,0,0,0,0,0,0,0,0,0,0,0.000,0.000,0.000,0.000,0,0,0,0,52.578,323.757,0,0.600,3.100,0,0,0.400,1.800,0,0,0.200,1.300,0,0,0,0,0,0.000
2517,1979052068,1,0,1,2,301.400,293.200,0.400,7.000,17.600,5.900,0.000,0,27.100,0.000,0.000,4.500,32.800,21.600,10.600,0.000,0.000,0.000,2.200,0.000,0.000,0.000,0.000,0,0,0,0,0,0,0,0,0,0,0,0,0.000,0.000,0.000,0.000,0,0,0,0,52.222,318.256,0,0.500,3.300,0,0,0.400,2.000,0,0,0.100,1.300,0,0,0,0,0,0.000
2518,1979052068,1,0,1,2,385.000,348.800,28.600,6.700,17.600,5.900,0.000,0,50.800,0.000,0.000,64.400,32.700,21.600,10.500,0.000,0.000,0.000,2.300,1.000,2.600,6.200,13.800,0,0,0,0,0,0,0,0,0,0,0,0,0.000,0.000,0.000,0.000,0,0,0,0,53.316,323.754,0,0.600,3.000,0,0,0.400,1.700,0,0,0.200,1.300,0,0,0,0,0,0.000
2519,1979052068,1,0,1,2,354.600,346.000,0.500,7.300,19.700,5.700,0.000,0,86.700,0.000,0.000,14.900,39.800,28.500,10.600,0.000,0.000,0.000,2.400,0.000,0.000,0.000,0.000,0,0,0,0,0,0,0,0,0,0,0,0,0.000,0.000,0.000,0.000,0,0,0,0,54.339,327.759,0,0.700,10.600,0,0,0.500,9.300,0,0,0.200,1.300,0,0,0,0,0,0.000
2520,1979052068,1,0,1,2,257.200,250.600,0.300,5.600,14.600,4.500,0.000,0,64.200,0.000,0.000,3.600,27.300,18.500,8.400,0.000,0.000,0.000,1.900,0.000,0.000,0.000,0.000,0,0,0,0,0,0,0,0,0,0,0,0,0.000,0.000,0.000,0.000,0,0,0,0,53.036,313.870,0,0.500,2.800,0,0,0.300,1.700,0,0,0.200,1.100,0,0,0,0,0,0.000
2521,1979052068,1,0,1,2,295.000,287.500,0.700,6.000,15.700,5.200,0.000,0,21.600,0.000,0.000,60.900,29.500,19.800,9.200,0.000,0.000,0.000,2.000,1.400,2.600,5.700,12.000,0,0,0,0,0,0,0,0,0,0,0,0,0.000,0.000,0.000,0.000,0,0,0,0,52.850,309.123,0,0.600,2.800,0,0,0.400,1.600,0,0,0.200,1.200,0,0,0,0,0,0.000
2522,1979052068,1,0,1,2,192.100,187.100,0.200,4.100,10.700,3.300,0.000,0,48.000,0.000,0.000,2.700,20.000,13.700,5.900,0.000,0.000,0.000,1.400,0.000,0.000,0.000,0.000,0,0,0,0,0,0,0,0,0,0,0,0,0.000,0.000,0.000,0.000,0,0,0,0,49.673,287.159,0,0.400,1.900,0,0,0.300,1.200,0,0,0.100,0.700,0,0,0,0,0,0.000
2523,1979052068,1,0,1,2,331.500,322.800,0.400,7.400,17.300,6.000,0.000,0,88.200,0.000,0.000,4.400,31.900,21.000,10.300,0.000,0.000,0.000,2.100,0.000,0.000,0.000,0.000,0,0,0,0,0,0,0,0,0,0,0,0,0.000,0.000,0.000,0.000,0,0,0,0,49.408,293.575,0,0.600,3.400,0,0,0.400,2.100,0,0,0.200,1.300,0,0,0,0,0,0.000
2524,1979052068,1,0,1,2,391.100,382.200,0.500,7.400,19.300,6.200,0.000,0,56.400,0.000,0.000,73.500,35.400,23.200,11.600,0.000,0.000,0.000,2.600,1.400,2.900,6.900,15.200,0,0,0,0,0,0,0,0,0,0,0,0,0.000,0.000,0.000,0.000,0,0,0,0,51.422,309.527,0,0.800,3.500,0,0,0.500,2.100,0,0,0.300,1.400,0,0,0,0,0,0.000
2525,1979052068,1,0,1,2,336.500,328.200,0.400,7.000,18.600,6.100,0.000,0,88.900,0.000,0.000,4.700,33.300,22.400,10.300,0.000,0.000,0.000,2.300,0.000,0.000,0.000,0.000,0,0,0,0,0,0,0,0,0,0,0,0,0.000,0.000,0.000,0.000,0,0,0,0,52.210,312.888,0,0.500,3.300,0,0,0.400,2.000,0,0,0.100,1.300,0,0,0,0,0,0.000
2526,1979052068,1,0,1,2,381.900,373.500,0.400,7.100,17.400,5.800,0.000,0,52.200,0.000,0.000,65.000,32.600,21.300,10.700,0.000,0.000,0.000,2.400,1.000,2.600,6.300,13.900,0,0,0,0,0,0,0,0,0,0,0,0,0.000,0.000,0.000,0.000,0,0,0,0,52.442,323.798,0,0.600,2.900,0,0,0.400,1.600,0,0,0.200,1.300,0,0,0,0,0,0.000
2527,1979052068,1,0,1,2,267.500,259.400,0.400,6.800,17.600,5.700,0.000,0,24.800,0.000,0.000,4.600,32.200,21.200,10.300,0.000,0.000,0.000,2.300,0.000,0.000,0.000,0.000,0,0,0,0,0,0,0,0,0,0,0,0,0.000,0.000,0.000,0.000,0,0,0,0,52.399,312.207,0,0.600,3.300,0,0,0.400,2.000,0,0,0.200,1.300,0,0,0,0,0,0.000
2528,1979052068,1,0,1,2,318.400,310.400,0.400,6.700,16.800,5.700,0.000,0,87.200,0.000,0.000,4.500,31.700,21.100,10.000,0.000,0.000,0.000,2.300,0.000,0.000,0.000,0.000,0,0,0,0,0,0,0,0,0,0,0,0,0.000,0.000,0.000,0.000,0,0,0,0,52.237,311.881,0,0.600,3.300,0,0,0.400,2.100,0,0,0.200,1.200,0,0,0,0,0,0.000
2529,1979052068,1,0,1,2,311.700,304.500,0.400,6.100,15.500,4.900,0.000,0,45.000,0.000,0.000,57.600,28.800,19.100,9.200,0.000,0.000,0.000,1.800,0.900,2.200,5.500,12.200,0,0,0,0,0,0,0,0,0,0,0,0,0.000,0.000,0.000,0.000,0,0,0,0,51.816,310.553,0,0.600,2.900,0,0,0.400,1.600,0,0,0.200,1.300,0,0,0,0,0,0.000
2530,1979052068,1,0,1,2,272.800,264.500,0.500,7.100,18.100,5.800,0.000,0,24.900,0.000,0.000,4.500,33.500,22.300,10.600,0.000,0.000,0.000,2.400,0.000,0.000,0.000,0.000,0,0,0,0,0,0,0,0,0,0,0,0,0.000,0.000,0.000,0.000,0,0,0,0,51.849,302.263,0,0.600,3.500,0,0,0.400,2.100,0,0,0.200,1.400,0,0,0,0,0,0.000
2531,1979052068,1,0,1,2,330.600,322.100,0.400,7.200,17.600,6.000,0.000,0,89.400,0.000,0.000,4.400,32.400,21.200,10.500,0.000,0.000,0.000,2.100,0.000,0.000,0.000,0.000,0,0,0,0,0,0,0,0,0,0,0,0,0.000,0.000,0.000,0.000,0,0,0,0,51.463,305.834,0,0.600,3.300,0,0,0.400,2.000,0,0,0.200,1.300,0,0,0,0,0,0.000
2532,1979052068,1,0,1,2,361.200,322.800,0.600,36.900,17.800,5.900,0.000,0,24.700,0.000,0.000,64.400,33.000,21.600,10.700,0.000,0.000,0.000,2.200,1.100,2.400,6.300,14.000,0,0,0,0,0,0,0,0,0,0,0,0,0.000,0.000,0.000,0.000,0,0,0,0,51.721,308.888,0,0.600,3.100,0,0,0.400,1.800,0,0,0.200,1.300,0,0,0,0,0,0.000
2533,1979052068,1,0,1,2,308.300,300.500,0.400,6.600,16.000,5.400,0.000,0,82.400,0.000,0.000,4.200,30.300,19.900,9.900,0.000,0.000,0.000,2.000,0.000,0.000,0.000,0.000,0,0,0,0,0,0,0,0,0,0,0,0,0.000,0.000,0.000,0.000,0,0,0,0,50.943,307.378,0,0.600,3.000,0,0,0.400,1.800,0,0,0.200,1.200,0,0,0,0,0,0.000
2534,1979052068,1,0,1,2,351.200,342.500,0.400,7.400,17.500,5.700,0.000,0,108.200,0.000,0.000,4.900,32.600,21.400,10.600,0.000,0.000,0.000,2.400,0.000,0.000,0.000,0.000,0,0,0,0,0,0,0,0,0,0,0,0,0.000,0.000,0.000,0.000,0,0,0,0,50.630,313.700,0,0.600,3.300,0,0,0.400,2.000,0,0,0.200,1.300,0,0,0,0,0,0.000
2535,1979052068,1,0,1,2,408.500,400.200,0.400,7.100,19.000,6.500,0.000,0,59.200,0.000,0.000,89.600,35.800,23.300,11.800,0.000,0.000,0.000,2.500,1.100,2.700,6.800,15.400,0,0,0,0,0,0,0,0,0,0,0,0,0.000,0.000,0.000,0.000,0,0,0,0,51.758,329.270,0,0.600,3.400,0,0,0.400,1.800,0,0,0.200,1.600,0,0,0,0,0,0.000
2536,1979052068,1,0,1,2,318.000,309.900,0.400,6.900,16.800,5.300,0.000,0,72.500,0.000,0.000,4.600,30.400,20.100,9.700,0.000,0.000,0.000,2.400,0.000,0.000,0.000,0.000,0,0,0,0,0,0,0,0,0,0,0,0,0.000,0.000,0.000,0.000,0,0,0,0,51.478,325.783,0,0.600,3.000,0,0,0.400,1.900,0,0,0.200,1.100,0,0,0,0,0,0.000
2537,1979052068,1,0,1,2,402.200,393.400,0.500,7.500,19.900,6.600,0.000,0,58.800,0.000,0.000,75.700,37.100,24.900,11.600,0.000,0.000,0.000,2.500,1.400,3.000,6.800,15.100,0,0,0,0,0,0,0,0,0,0,0,0,0.000,0.000,0.000,0.000,0,0,0,0,52.400,337.954,0,0.700,3.600,0,0,0.500,2.100,0,0,0.200,1.500,0,0,0,0,0,0.000
2538,1979052068,1,0,1,2,256.700,250.200,0.300,5.600,18.200,6.900,0.000,0,19.900,0.000,0.000,4.900,47.100,26.500,19.900,0.000,0.000,0.000,2.300,0.000,0.000,0.000,0.000,0,0,0,0,0,0,0,0,0,0,0,0,0.000,0.000,0.000,0.000,0,0,0,0,53.066,322.159,0,0.700,11.300,0,0,0.400,2.200,0,0,0.300,9.100,0,0,0,0,0,0.000
2539,1979052068,1,0,1,2,329.200,320.700,0.600,7.100,17.600,6.000,0.000,0,85.700,0.000,0.000,4.600,32.600,21.600,10.500,0.000,0.000,0.000,2.200,0.000,0.000,0.000,0.000,0,0,0,0,0,0,0,0,0,0,0,0,0.000,0.000,0.000,0.000,0,0,0,0,52.550,321.896,0,0.700,3.300,0,0,0.500,2.000,0,0,0.200,1.300,0,0,0,0,0,0.000
2540,1979052068,1,0,1,2,354.200,345.700,0.500,7.200,17.900,5.600,0.000,0,50.700,0.000,0.000,64.500,32.700,21.500,10.700,0.000,0.000,0.000,2.300,1.000,2.700,6.300,13.700,0,0,0,0,0,0,0,0,0,0,0,0,0.000,0.000,0.000,0.000,0,0,0,0,52.667,326.181,0,0.600,3.200,0,0,0.400,1.900,0,0,0.200,1.300,0,0,0,0,0,0.000
2541,1979052068,1,0,1,2,352.600,344.100,0.400,7.200,17.800,5.700,0.000,0,85.900,0.000,0.000,4.500,32.300,20.900,10.800,0.000,0.000,0.000,2.200,0.000,0.000,0.000,0.000,0,0,0,0,0,0,0,0,0,0,0,0,0.000,0.000,0.000,0.000,0,0,0,0,51.971,329.406,0,0.600,3.300,0,0,0.400,2.000,0,0,0.200,1.300,0,0,0,0,0,0.000
2542,1979052068,1,0,1,2,334.500,326.500,0.400,6.800,17.900,5.800,0.000,0,24.300,0.000,0.000,66.900,34.800,23.500,10.700,0.000,0.000,0.000,2.200,1.100,2.700,6.600,13.700,0,0,0,0,0,0,0,0,0,0,0,0,0.000,0.000,0.000,0.000,0,0,0,0,53.506,328.883,0,0.600,3.400,0,0,0.400,2.100,0,0,0.200,1.300,0,0,0,0,0,0.000
2543,1979052068,1,0,1,2,347.900,339.200,0.600,7.300,18.100,5.800,0.000,0,101.900,0.000,0.000,4.500,32.500,21.300,10.500,0.000,0.000,0.000,2.100,0.000,0.000,0.000,0.000,0,0,0,0,0,0,0,0,0,0,0,0,0.000,0.000,0.000,0.000,0,0,0,0,52.713,330.740,0,0.600,3.300,0,0,0.400,2.000,0,0,0.200,1.300,0,0,0,0,0,0.000
2544,1979052068,1,0,1,2,144.200,139.700,0.300,3.700,9.500,3.100,0.000,0,13.000,0.000,0.000,2.500,18.700,12.800,5.600,0.000,0.000,0.000,1.200,0.000,0.000,0.000,0.000,0,0,0,0,0,0,0,0,0,0,0,0,0.000,0.000,0.000,0.000,0,0,0,0,49.057,296.353,0,0.300,1.800,0,0,0.200,1.100,0,0,0.100,0.700,0,0,0,0,0,0.000
2545,1979052068,1,0,1,2,208.800,204.100,0.300,4.000,10.100,3.300,0.000,0,29.400,0.000,0.000,39.300,20.000,13.600,5.900,0.000,0.000,0.000,1.100,0.600,1.600,3.500,7.900,0,0,0,0,0,0,0,0,0,0,0,0,0.000,0.000,0.000,0.000,0,0,0,0,46.832,279.747,0,0.300,1.800,0,0,0.200,1.100,0,0,0.100,0.700,0,0,0,0,0,0.000
2546,1979052068,1,0,1,2,198.000,192.900,0.300,4.400,11.000,3.500,0.000,0,48.900,0.000,0.000,2.800,21.100,14.100,6.700,0.000,0.000,0.000,1.500,0.000,0.000,0.000,0.000,0,0,0,0,0,0,0,0,0,0,0,0,0.000,0.000,0.000,0.000,0,0,0,0,45.063,264.115,0,0.400,2.900,0,0,0.300,1.700,0,0,0.100,1.200,0,0,0,0,0,0.000
2547,1979052068,1,0,1,2,253.500,245.700,0.300,6.700,16.500,5.500,0.000,0,23.100,0.000,0.000,4.400,31.200,20.700,9.900,0.000,0.000,0.000,2.200,0.000,0.000,0.000,0.000,0,0,0,0,0,0,0,0,0,0,0,0,0.000,0.000,0.000,0.000,0,0,0,0,46.275,260.800,0,0.600,3.300,0,0,0.400,2.000,0,0,0.200,1.300,0,0,0,0,0,0.000
2548,1979052068,1,0,1,2,421.000,411.800,0.400,7.900,19.600,16.600,0.000,0,56.000,0.000,0.000,72.100,56.900,44.700,11.700,0.000,0.000,0.000,2.500,1.100,2.700,6.900,15.200,0,0,0,0,0,0,0,0,0,0,0,0,0.000,0.000,0.000,0.000,0,0,0,0,49.160,287.980,0,0.600,3.500,0,0,0.400,1.900,0,0,0.200,1.600,0,0,0,0,0,0.000
2549,1979052068,1,0,1,2,362.500,353.100,0.600,7.800,19.400,6.600,0.000,0,96.000,0.000,0.000,4.800,35.400,23.300,11.400,0.000,0.000,0.000,2.400,0.000,0.000,0.000,0.000,0,0,0,0,0,0,0,0,0,0,0,0,0.000,0.000,0.000,0.000,0,0,0,0,50.697,299.702,0,0.600,3.600,0,0,0.400,2.200,0,0,0.200,1.400,0,0,0,0,0,0.000
2550,1979052068,1,0,1,2,366.200,357.600,0.400,7.400,18.200,6.200,0.000,0,51.300,0.000,0.000,68.500,35.100,23.400,11.100,0.000,0.000,0.000,2.200,1.100,2.700,6.400,13.900,0,0,0,0,0,0,0,0,0,0,0,0,0.000,0.000,0.000,0.000,0,0,0,0,52.498,310.123,0,0.700,3.100,0,0,0.400,1.800,0,0,0.300,1.300,0,0,0,0,0,0.000
2551,1979052068,1,0,1,2,448.300,439.100,0.400,7.900,20.300,6.900,0.000,0,98.300,0.000,0.000,5.900,42.900,28.400,13.900,0.000,0.000,0.000,2.700,0.000,0.000,0.000,0.000,0,0,0,0,0,0,0,0,0,0,0,0,0.000,0.000,0.000,0.000,0,0,0,0,52.678,333.339,0,1.100,4.400,0,0,0.800,2.600,0,0,0.300,1.800,0,0,0,0,0,0.000
2552,1979052068,1,0,1,2,347.100,339.000,0.400,6.800,18.900,6.500,0.000,0,87.100,0.000,0.000,4.900,34.900,22.800,11.500,0.000,0.000,0.000,2.300,0.000,0.000,0.000,0.000,0,0,0,0,0,0,0,0,0,0,0,0,0.000,0.000,0.000,0.000,0,0,0,0,53.438,334.358,0,0.700,3.400,0,0,0.500,2.100,0,0,0.200,1.300,0,0,0,0,0,0.000
2553,1979052068,1,0,1,2,294.700,287.300,0.300,6.300,16.100,5.000,0.000,0,20.700,0.000,0.000,60.800,29.900,20.100,9.300,0.000,0.000,0.000,2.100,1.000,2.500,5.400,12.200,0,0,0,0,0,0,0,0,0,0,0,0,0.000,0.000,0.000,0.000,0,0,0,0,53.863,325.888,0,0.600,2.900,0,0,0.400,1.700,0,0,0.200,1.200,0,0,0,0,0,0.000
2554,1979052068,1,0,1,2,328.600,320.200,0.500,7.000,17.200,5.900,0.000,0,87.100,0.000,0.000,4.600,32.600,21.600,10.500,0.000,0.000,0.000,2.200,0.000,0.000,0.000,0.000,0,0,0,0,0,0,0,0,0,0,0,0,0.000,0.000,0.000,0.000,0,0,0,0,53.618,324.864,0,0.600,3.400,0,0,0.400,2.100,0,0,0.200,1.300,0,0,0,0,0,0.000
2555,1979052068,1,0,1,2,378.200,369.700,0.400,7.200,18.100,5.500,0.000,0,51.200,0.000,0.000,64.600,32.400,21.200,10.600,0.000,0.000,0.000,2.200,1.400,2.500,6.100,14.200,0,0,0,0,0,0,0,0,0,0,0,0,0.000,0.000,0.000,0.000,0,0,0,0,53.885,332.934,0,0.700,3.000,0,0,0.500,1.700,0,0,0.200,1.300,0,0,0,0,0,0.000
2556,1979052068,1,0,1,2,170.500,166.100,0.200,3.800,9.200,2.900,0.000,0,43.600,0.000,0.000,2.400,17.800,12.100,5.400,0.000,0.000,0.000,1.100,0.000,0.000,0.000,0.000,0,0,0,0,0,0,0,0,0,0,0,0,0.000,0.000,0.000,0.000,0,0,0,0,50.377,302.904,0,0.200,2.000,0,0,0.200,1.400,0,0,0.000,0.600,0,0,0,0,0,0.000
2557,1979052068,1,0,1,2,267.700,259.500,0.500,6.900,17.800,6.000,0.000,0,24.300,0.000,0.000,4.700,33.000,22.000,10.400,0.000,0.000,0.000,2.300,0.000,0.000,0.000,0.000,0,0,0,0,0,0,0,0,0,0,0,0,0.000,0.000,0.000,0.000,0,0,0,0,50.453,295.091,0,0.900,3.200,0,0,0.700,1.900,0,0,0.200,1.300,0,0,0,0,0,0.000
2558,1979052068,1,0,1,2,413.400,404.800,0.600,7.200,19.100,6.300,0.000,0,52.000,0.000,0.000,73.800,37.200,25.100,11.500,0.000,0.000,0.000,2.600,1.100,2.700,6.800,15.200,0,0,0,0,0,0,0,0,0,0,0,0,0.000,0.000,0.000,0.000,0,0,0,0,52.280,314.839,0,0.700,3.500,0,0,0.500,1.900,0,0,0.200,1.600,0,0,0,0,0,0.000
2559,1979052068,1,0,1,2,197.700,191.800,0.300,5.100,12.800,4.200,0.000,0,17.200,0.000,0.000,3.300,24.100,16.100,7.600,0.000,0.000,0.000,1.700,0.000,0.000,0.000,0.000,0,0,0,0,0,0,0,0,0,0,0,0,0.000,0.000,0.000,0.000,0,0,0,0,50.015,292.692,0,0.500,2.600,0,0,0.300,1.500,0,0,0.200,1.100,0,0,0,0,0,0.000
2560,1979052068,1,0,1,2,362.300,353.400,0.500,7.600,17.800,5.700,0.000,0,109.300,0.000,0.000,4.500,36.500,22.400,13.500,0.000,0.000,0.000,2.300,0.000,0.000,0.000,0.000,0,0,0,0,0,0,0,0,0,0,0,0,0.000,0.000,0.000,0.000,0,0,0,0,50.265,303.619,0,0.700,5.600,0,0,0.400,2.400,0,0,0.300,3.200,0,0,0,0,0,0.000
2561,1979052068,1,0,1,2,203.700,199.000,0.300,3.900,10.000,3.300,0.000,0,29.300,0.000,0.000,38.700,18.900,12.700,5.800,0.000,0.000,0.000,1.300,0.700,1.900,3.600,7.300,0,0,0,0,0,0,0,0,0,0,0,0,0.000,0.000,0.000,0.000,0,0,0,0,47.661,284.788,0,0.300,1.700,0,0,0.200,1.000,0,0,0.100,0.700,0,0,0,0,0,0.000
2562,1979052068,1,0,1,2,221.200,214.500,0.300,5.700,14.700,4.700,0.000,0,19.900,0.000,0.000,3.800,27.100,18.000,8.700,0.000,0.000,0.000,1.900,0.000,0.000,0.000,0.000,0,0,0,0,0,0,0,0,0,0,0,0,0.000,0.000,0.000,0.000,0,0,0,0,46.858,272.136,0,0.500,2.800,0,0,0.300,1.700,0,0,0.200,1.100,0,0,0,0,0,0.000
2563,1979052068,1,0,1,2,286.200,279.000,0.400,6.000,15.200,5.000,0.000,0,75.000,0.000,0.000,4.100,28.300,18.700,9.100,0.000,0.000,0.000,1.900,0.000,0.000,0.000,0.000,0,0,0,0,0,0,0,0,0,0,0,0,0.000,0.000,0.000,0.000,0,0,0,0,48.198,273.372,0,0.400,3.000,0,0,0.300,1.800,0,0,0.100,1.200,0,0,0,0,0,0.000
2564,1979052068,1,0,1,2,353.800,345.200,0.400,7.400,17.600,6.100,0.000,0,24.000,0.000,0.000,65.200,32.400,21.200,10.700,0.000,0.000,0.000,2.300,0.900,2.600,6.300,14.100,0,0,0,0,0,0,0,0,0,0,0,0,0.000,0.000,0.000,0.000,0,0,0,0,51.960,286.301,0,0.600,3.000,0,0,0.500,1.700,0,0,0.100,1.300,0,0,0,0,0,0.000
2565,1979052068,1,0,1,2,377.100,368.000,0.600,7.500,38.300,6.100,0.000,0,92.400,0.000,0.000,4.700,36.000,23.800,11.600,0.000,0.000,0.000,2.300,0.000,0.000,0.000,0.000,0,0,0,0,0,0,0,0,0,0,0,0,0.000,0.000,0.000,0.000,0,0,0,0,52.651,301.007,0,0.600,3.700,0,0,0.400,2.200,0,0,0.200,1.500,0,0,0,0,0,0.000
2566,1979052068,1,0,1,2,335.300,327.100,0.400,6.900,18.200,5.800,0.000,0,24.500,0.000,0.000,67.900,34.100,23.000,10.400,0.000,0.000,0.000,2.300,1.000,2.600,6.500,13.900,0,0,0,0,0,0,0,0,0,0,0,0,0.000,0.000,0.000,0.000,0,0,0,0,53.686,305.703,0,0.500,3.100,0,0,0.400,1.800,0,0,0.100,1.300,0,0,0,0,0,0.000
2567,1979052068,1,0,1,2,347.600,338.800,0.500,7.300,17.500,5.900,0.000,0,104.900,0.000,0.000,5.100,32.000,20.800,10.400,0.000,0.000,0.000,2.600,0.000,0.000,0.000,0.000,0,0,0,0,0,0,0,0,0,0,0,0,0.000,0.000,0.000,0.000,0,0,0,0,52.825,311.661,0,0.600,3.200,0,0,0.400,2.000,0,0,0.200,1.200,0,0,0,0,0,0.000
2568,1979052068,1,0,1,2,347.400,339.200,0.500,6.800,17.800,5.700,0.000,0,23.900,0.000,0.000,78.300,34.000,23.000,10.400,0.000,0.000,0.000,2.700,1.100,2.700,7.400,18.300,0,0,0,0,0,0,0,0,0,0,0,0,0.000,0.000,0.000,0.000,0,0,0,0,52.730,316.618,0,0.900,3.600,0,0,0.700,2.300,0,0,0.200,1.300,0,0,0,0,0,0.000
2569,1979052068,1,0,1,2,361.700,349.900,0.500,10.100,17.600,5.700,0.000,0,109.100,0.000,0.000,4.400,32.800,21.600,10.600,0.000,0.000,0.000,2.100,0.000,0.000,0.000,0.000,0,0,0,0,0,0,0,0,0,0,0,0,0.000,0.000,0.000,0.000,0,0,0,0,52.311,322.609,0,0.600,3.400,0,0,0.400,2.100,0,0,0.200,1.300,0,0,0,0,0,0.000
2570,1979052068,1,0,1,2,333.800,293.600,32.100,7.200,17.300,5.900,0.000,0,26.300,0.000,0.000,4.500,32.300,21.000,10.700,0.000,0.000,0.000,2.200,0.000,0.000,0.000,0.000,0,0,0,0,0,0,0,0,0,0,0,0,0.000,0.000,0.000,0.000,0,0,0,0,51.715,317.387,0,0.600,3.300,0,0,0.400,2.100,0,0,0.200,1.200,0,0,0,0,0,0.000
2571,1979052068,1,0,1,2,274.400,268.200,0.400,5.300,13.800,4.300,0.000,0,39.100,0.000,0.000,51.100,25.500,16.900,8.200,0.000,0.000,0.000,1.800,0.900,2.000,4.900,10.700,0,0,0,0,0,0,0,0,0,0,0,0,0.000,0.000,0.000,0.000,0,0,0,0,50.632,308.533,0,0.400,2.500,0,0,0.300,1.400,0,0,0.100,1.100,0,0,0,0,0,0.000
2572,1979052068,1,0,1,2,365.400,353.900,0.500,10.000,17.600,6.000,0.000,0,115.200,0.000,0.000,4.700,32.600,21.300,10.700,0.000,0.000,0.000,2.200,0.000,0.000,0.000,0.000,0,0,0,0,0,0,0,0,0,0,0,0,0.000,0.000,0.000,0.000,0,0,0,0,51.202,316.699,0,0.600,3.300,0,0,0.400,2.000,0,0,0.200,1.300,0,0,0,0,0,0.000
2573,1979052068,1,0,1,2,279.400,271.200,0.400,7.000,31.600,6.200,0.000,0,23.700,0.000,0.000,4.400,32.500,21.400,10.600,0.000,0.000,0.000,2.100,0.000,0.000,0.000,0.000,0,0,0,0,0,0,0,0,0,0,0,0,0.000,0.000,0.000,0.000,0,0,0,0,51.724,308.509,0,0.800,3.300,0,0,0.600,2.000,0,0,0.200,1.300,0,0,0,0,0,0.000
2574,1979052068,1,0,1,2,389.100,380.200,0.400,7.600,17.300,5.500,0.000,0,80.300,0.000,0.000,63.900,33.400,21.900,10.900,0.000,0.000,0.000,2.400,1.000,2.600,6.200,13.800,0,0,0,0,0,0,0,0,0,0,0,0,0.000,0.000,0.000,0.000,0,0,0,0,51.882,321.414,0,0.700,3.200,0,0,0.500,1.800,0,0,0.200,1.400,0,0,0,0,0,0.000
2575,1979052068,1,0,1,2,308.300,300.700,0.500,6.200,19.100,5.100,0.000,0,78.000,0.000,0.000,5.100,33.900,23.000,10.400,0.000,0.000,0.000,2.700,0.000,0.000,0.000,0.000,0,0,0,0,0,0,0,0,0,0,0,0,0.000,0.000,0.000,0.000,0,0,0,0,51.867,317.685,0,0.500,4.400,0,0,0.400,2.300,0,0,0.100,2.100,0,0,0,0,0,0.000
2576,1979052068,1,0,1,2,296.500,287.400,0.400,7.700,19.700,6.100,0.000,0,26.000,0.000,0.000,4.900,36.100,23.900,11.600,0.000,0.000,0.000,2.300,0.000,0.000,0.000,0.000,0,0,0,0,0,0,0,0,0,0,0,0,0.000,0.000,0.000,0.000,0,0,0,0,56.355,312.234,0,0.700,3.700,0,0,0.400,2.300,0,0,0.300,1.400,0,0,0,0,0,0.000
2577,1979052068,1,0,1,2,526.200,517.200,0.400,7.700,17.300,9.700,0.000,0,53.900,0.000,0.000,180.300,51.400,32.500,18.300,0.000,0.000,0.000,2.900,1.300,3.000,8.000,17.300,0,0,0,0,0,0,0,0,0,0,0,0,0.000,0.000,0.000,0.000,0,0,0,0,57.281,349.128,0,1.300,4.700,0,0,0.800,2.300,0,0,0.500,2.400,0,0,0,0,0,0.000
2578,1979052068,1,0,1,2,284.700,277.600,0.400,6.400,14.200,4.300,0.000,0,76.200,0.000,0.000,4.100,28.700,19.400,8.900,0.000,0.000,0.000,1.900,0.000,0.000,0.000,0.000,0,0,0,0,0,0,0,0,0,0,0,0,0.000,0.000,0.000,0.000,0,0,0,0,59.444,336.253,0,0.600,3.100,0,0,0.500,1.900,0,0,0.100,1.200,0,0,0,0,0,0.000
2579,1979052068,1,0,1,2,207.500,202.900,0.300,3.800,8.600,4.500,0.000,0,57.300,0.000,0.000,2.100,21.500,13.100,8.200,0.000,0.000,0.000,1.100,0.000,0.000,0.000,0.000,0,0,0,0,0,0,0,0,0,0,0,0,0.000,0.000,0.000,0.000,0,0,0,0,58.878,312.249,0,0.300,1.900,0,0,0.200,1.100,0,0,0.100,0.800,0,0,0,0,0,0.000
2580,1979052068,1,0,1,2,327.800,321.600,0.300,5.300,17.900,5.900,0.000,0,16.100,0.000,0.000,63.800,32.300,21.200,10.500,0.000,0.000,0.000,2.200,1.000,2.600,6.300,14.300,0,0,0,0,0,0,0,0,0,0,0,0,0.000,0.000,0.000,0.000,0,0,0,0,58.198,313.932,0,0.700,3.200,0,0,0.400,1.800,0,0,0.300,1.400,0,0,0,0,0,0.000
2581,1979052068,1,0,1,2,393.000,383.300,0.500,8.100,19.600,6.400,0.000,0,96.700,0.000,0.000,4.900,37.300,25.000,11.600,0.000,0.000,0.000,2.400,0.000,0.000,0.000,0.000,0,0,0,0,0,0,0,0,0,0,0,0,0.000,0.000,0.000,0.000,0,0,0,0,58.847,326.419,0,0.700,3.700,0,0,0.500,2.200,0,0,0.200,1.500,0,0,0,0,0,0.000
2582,1979052068,1,0,1,2,407.700,399.000,0.400,7.300,17.700,5.800,0.000,0,52.500,0.000,0.000,64.300,32.700,21.300,10.700,0.000,0.000,0.000,2.300,1.100,2.200,6.200,14.300,0,0,0,0,0,0,0,0,0,0,0,0,0.000,0.000,0.000,0.000,0,0,0,0,58.388,339.483,0,0.600,2.900,0,0,0.400,1.600,0,0,0.200,1.300,0,0,0,0,0,0.000
2583,1979052068,1,0,1,2,525.200,513.500,0.500,10.100,16.300,8.600,0.000,0,109.400,0.000,0.000,4.200,159.800,20.700,138.600,0.000,0.000,0.000,2.000,0.000,0.000,0.000,0.000,0,0,0,0,0,0,0,0,0,0,0,0,0.000,0.000,0.000,0.000,0,0,0,0,56.302,370.806,0,0.800,3.000,0,0,0.700,1.900,0,0,0.100,1.100,0,0,0,0,0,0.000
2584,1979052068,1,0,1,2,247.100,242.000,0.300,4.500,17.400,5.700,0.000,0,15.400,0.000,0.000,4.700,30.700,19.800,10.400,0.000,0.000,0.000,2.200,0.000,0.000,0.000,0.000,0,0,0,0,0,0,0,0,0,0,0,0,0.000,0.000,0.000,0.000,0,0,0,0,55.600,347.621,0,0.700,3.000,0,0,0.500,1.700,0,0,0.200,1.300,0,0,0,0,0,0.000
2585,1979052068,1,0,1,2,278.500,271.500,0.400,6.000,14.300,4.600,0.000,0,39.800,0.000,0.000,51.800,26.000,17.100,8.400,0.000,0.000,0.000,1.800,0.800,2.100,4.900,11.000,0,0,0,0,0,0,0,0,0,0,0,0,0.000,0.000,0.000,0.000,0,0,0,0,53.512,333.919,0,0.500,2.400,0,0,0.300,1.400,0,0,0.200,1.000,0,0,0,0,0,0.000
2586,1979052068,1,0,1,2,247.300,241.200,0.300,5.100,13.600,4.800,0.000,0,61.100,0.000,0.000,3.300,26.200,17.900,7.800,0.000,0.000,0.000,1.500,0.000,0.000,0.000,0.000,0,0,0,0,0,0,0,0,0,0,0,0,0.000,0.000,0.000,0.000,0,0,0,0,51.782,317.230,0,0.500,2.800,0,0,0.300,1.900,0,0,0.200,0.900,0,0,0,0,0,0.000
2587,1979052068,1,0,1,2,288.000,278.700,1.000,7.500,19.400,6.200,0.000,0,26.000,0.000,0.000,5.200,35.100,23.000,11.400,0.000,0.000,0.000,2.500,0.000,0.000,0.000,0.000,0,0,0,0,0,0,0,0,0,0,0,0,0.000,0.000,0.000,0.000,0,0,0,0,52.019,310.294,0,0.600,3.600,0,0,0.400,2.200,0,0,0.200,1.400,0,0,0,0,0,0.000
2588,1979052068,1,0,1,2,377.500,368.700,0.400,7.300,18.200,5.800,0.000,0,50.500,0.000,0.000,80.200,33.800,22.800,10.500,0.000,0.000,0.000,3.000,1.200,3.000,7.700,16.700,0,0,0,0,0,0,0,0,0,0,0,0,0.000,0.000,0.000,0.000,0,0,0,0,52.916,320.807,0,0.700,3.100,0,0,0.500,1.800,0,0,0.200,1.300,0,0,0,0,0,0.000
2589,1979052068,1,0,1,2,307.700,299.100,0.400,7.300,19.400,6.200,0.000,0,26.000,0.000,0.000,5.000,52.200,39.700,11.900,0.000,0.000,0.000,2.400,0.000,0.000,0.000,0.000,0,0,0,0,0,0,0,0,0,0,0,0,0.000,0.000,0.000,0.000,0,0,0,0,53.237,316.900,0,0.800,3.700,0,0,0.500,2.200,0,0,0.300,1.500,0,0,0,0,0,0.000
2590,1979052068,1,0,1,2,389.300,380.600,0.400,7.300,18.000,6.400,0.000,0,55.000,0.000,0.000,78.600,35.500,23.400,11.500,0.000,0.000,0.000,2.300,1.000,2.600,7.700,23.200,0,0,0,0,0,0,0,0,0,0,0,0,0.000,0.000,0.000,0.000,0,0,0,0,53.536,328.366,0,0.600,3.200,0,0,0.400,1.800,0,0,0.200,1.400,0,0,0,0,0,0.000
2591,1979052068,1,0,1,2,357.200,347.600,0.500,8.100,19.300,6.100,0.000,0,93.700,0.000,0.000,4.900,35.100,22.900,11.600,0.000,0.000,0.000,2.400,0.000,0.000,0.000,0.000,0,0,0,0,0,0,0,0,0,0,0,0,0.000,0.000,0.000,0.000,0,0,0,0,54.106,331.828,0,0.800,3.600,0,0,0.500,2.200,0,0,0.300,1.400,0,0,0,0,0,0.000
2592,1979052068,1,0,1,2,374.900,366.300,0.500,7.300,19.500,6.100,0.000,0,98.400,0.000,0.000,4.700,37.600,25.400,11.600,0.000,0.000,0.000,2.300,0.000,0.000,0.000,0.000,0,0,0,0,0,0,0,0,0,0,0,0,0.000,0.000,0.000,0.000,0,0,0,0,55.293,338.033,0,0.700,3.900,0,0,0.500,2.600,0,0,0.200,1.300,0,0,0,0,0,0.000
2593,1979052068,1,0,1,2,371.500,363.000,0.400,7.100,18.800,6.200,0.000,0,25.500,0.000,0.000,88.200,34.900,22.800,11.500,0.000,0.000,0.000,2.400,1.100,2.700,6.800,33.800,0,0,0,0,0,0,0,0,0,0,0,0,0.000,0.000,0.000,0.000,0,0,0,0,56.464,342.527,0,0.600,3.200,0,0,0.400,1.800,0,0,0.200,1.400,0,0,0,0,0,0.000
2594,1979052068,1,0,1,2,360.200,351.300,0.500,7.500,18.000,5.800,0.000,0,109.600,0.000,0.000,4.600,33.900,22.600,10.800,0.000,0.000,0.000,2.200,0.000,0.000,0.000,0.000,0,0,0,0,0,0,0,0,0,0,0,0,0.000,0.000,0.000,0.000,0,0,0,0,56.542,344.106,0,0.600,3.400,0,0,0.400,2.100,0,0,0.200,1.300,0,0,0,0,0,0.000
2595,1979052068,1,0,1,2,385.400,377.200,0.400,6.900,18.800,6.300,0.000,0,57.500,0.000,0.000,70.800,35.300,23.100,11.700,0.000,0.000,0.000,2.600,1.100,3.100,6.700,15.400,0,0,0,0,0,0,0,0,0,0,0,0,0.000,0.000,0.000,0.000,0,0,0,0,56.373,350.063,0,0.700,3.700,0,0,0.400,2.100,0,0,0.300,1.600,0,0,0,0,0,0.000
2596,1979052068,1,0,1,2,350.100,341.500,0.700,7.100,17.800,5.900,0.000,0,103.100,0.000,0.000,4.700,34.400,22.700,11.100,0.000,0.000,0.000,2.300,0.000,0.000,0.000,0.000,0,0,0,0,0,0,0,0,0,0,0,0,0.000,0.000,0.000,0.000,0,0,0,0,56.288,348.522,0,0.600,3.300,0,0,0.400,2.100,0,0,0.200,1.200,0,0,0,0,0,0.000
2597,1979052068,1,0,1,2,199.900,193.800,0.300,5.300,13.000,4.100,0.000,0,17.300,0.000,0.000,3.400,27.500,15.900,11.300,0.000,0.000,0.000,1.600,0.000,0.000,0.000,0.000,0,0,0,0,0,0,0,0,0,0,0,0,0.000,0.000,0.000,0.000,0,0,0,0,53.518,320.672,0,0.400,2.400,0,0,0.300,1.500,0,0,0.100,0.900,0,0,0,0,0,0.000
2598,1979052068,1,0,1,2,273.900,267.300,0.500,5.500,13.600,4.400,0.000,0,39.100,0.000,0.000,48.700,26.000,17.300,8.200,0.000,0.000,0.000,1.800,0.800,2.100,4.800,9.300,0,0,0,0,0,0,0,0,0,0,0,0,0.000,0.000,0.000,0.000,0,0,0,0,52.183,311.065,0,0.400,2.500,0,0,0.300,1.400,0,0,0.100,1.100,0,0,0,0,0,0.000
2599,1979052068,1,0,1,2,350.300,342.100,0.500,6.900,18.200,5.900,0.000,0,101.500,0.000,0.000,4.700,34.100,22.700,10.800,0.000,0.000,0.000,2.300,0.000,0.000,0.000,0.000,0,0,0,0,0,0,0,0,0,0,0,0,0.000,0.000,0.000,0.000,0,0,0,0,54.148,316.651,0,0.600,3.300,0,0,0.400,2.000,0,0,0.200,1.300,0,0,0,0,0,0.000
2600,1979052068,1,0,1,2,375.700,367.100,0.400,7.200,17.500,5.900,0.000,0,51.600,0.000,0.000,61.600,32.600,21.300,10.700,0.000,0.000,0.000,2.600,1.000,2.600,6.100,12.400,0,0,0,0,0,0,0,0,0,0,0,0,0.000,0.000,0.000,0.000,0,0,0,0,54.247,325.732,0,0.600,3.100,0,0,0.400,1.800,0,0,0.200,1.300,0,0,0,0,0,0.000
2601,1979052068,1,0,1,2,355.900,346.600,0.500,7.900,19.300,6.100,0.000,0,90.600,0.000,0.000,4.600,35.500,23.200,11.700,0.000,0.000,0.000,2.200,0.000,0.000,0.000,0.000,0,0,0,0,0,0,0,0,0,0,0,0,0.000,0.000,0.000,0.000,0,0,0,0,53.879,329.488,0,0.600,3.600,0,0,0.400,2.200,0,0,0.200,1.400,0,0,0,0,0,0.000
2602,1979052068,1,0,1,2,350.800,342.800,0.400,6.800,18.300,5.900,0.000,0,23.800,0.000,0.000,62.800,33.400,22.000,10.700,0.000,0.000,0.000,2.200,0.900,2.900,6.100,12.200,0,0,0,0,0,0,0,0,0,0,0,0,0.000,0.000,0.000,0.000,0,0,0,0,53.919,331.884,0,0.600,3.100,0,0,0.400,1.800,0,0,0.200,1.300,0,0,0,0,0,0.000
2603,1979052068,1,0,1,2,332.600,324.200,0.500,6.900,17.600,5.800,0.000,0,89.100,0.000,0.000,4.700,33.000,21.400,11.000,0.000,0.000,0.000,2.300,0.000,0.000,0.000,0.000,0,0,0,0,0,0,0,0,0,0,0,0,0.000,0.000,0.000,0.000,0,0,0,0,53.231,330.501,0,0.900,3.400,0,0,0.700,2.100,0,0,0.200,1.300,0,0,0,0,0,0.000
2604,1979052068,1,0,1,2,351.900,342.700,0.600,7.700,18.300,5.600,0.000,0,105.600,0.000,0.000,4.500,32.700,21.500,10.600,0.000,0.000,0.000,2.200,0.000,0.000,0.000,0.000,0,0,0,0,0,0,0,0,0,0,0,0,0.000,0.000,0.000,0.000,0,0,0,0,53.010,332.697,0,0.700,3.300,0,0,0.400,2.000,0,0,0.300,1.300,0,0,0,0,0,0.000
2605,1979052068,1,0,1,2,355.800,347.800,0.400,6.700,17.800,5.700,0.000,0,23.100,0.000,0.000,62.800,64.400,52.500,10.900,0.000,0.000,0.000,2.200,1.000,2.600,6.200,12.600,0,0,0,0,0,0,0,0,0,0,0,0,0.000,0.000,0.000,0.000,0,0,0,0,53.368,335.416,0,0.600,3.100,0,0,0.400,1.700,0,0,0.200,1.400,0,0,0,0,0,0.000
2606,1979052068,1,0,1,2,308.700,300.800,0.400,6.700,16.200,5.400,0.000,0,81.300,0.000,0.000,4.000,30.000,19.700,9.900,0.000,0.000,0.000,2.000,0.000,0.000,0.000,0.000,0,0,0,0,0,0,0,0,0,0,0,0,0.000,0.000,0.000,0.000,0,0,0,0,52.168,329.185,0,0.500,2.900,0,0,0.400,1.800,0,0,0.100,1.100,0,0,0,0,0,0.000
2607,1979052068,1,0,1,2,322.800,315.800,0.500,5.900,19.300,6.200,0.000,0,89.400,0.000,0.000,4.800,36.000,23.900,11.600,0.000,0.000,0.000,2.300,0.000,0.000,0.000,0.000,0,0,0,0,0,0,0,0,0,0,0,0,0.000,0.000,0.000,0.000,0,0,0,0,52.317,326.775,0,0.600,3.600,0,0,0.400,2.200,0,0,0.200,1.400,0,0,0,0,0,0.000
2608,1979052068,1,0,1,2,300.700,293.500,0.400,6.000,15.400,5.100,0.000,0,20.700,0.000,0.000,53.900,29.100,19.200,9.400,0.000,0.000,0.000,1.800,0.800,2.300,5.400,10.600,0,0,0,0,0,0,0,0,0,0,0,0,0.000,0.000,0.000,0.000,0,0,0,0,51.522,320.786,0,0.600,2.700,0,0,0.400,1.500,0,0,0.200,1.200,0,0,0,0,0,0.000
2609,1979052068,1,0,1,2,300.500,293.000,0.500,6.300,16.300,5.000,0.000,0,80.900,0.000,0.000,4.300,31.100,21.000,9.600,0.000,0.000,0.000,2.000,0.000,0.000,0.000,0.000,0,0,0,0,0,0,0,0,0,0,0,0,0.000,0.000,0.000,0.000,0,0,0,0,51.446,315.784,0,0.700,3.600,0,0,0.400,2.200,0,0,0.300,1.400,0,0,0,0,0,0.000
2610,1979052068,1,0,1,2,367.500,359.100,0.400,7.200,18.000,6.000,0.000,0,51.200,0.000,0.000,65.000,34.000,22.300,10.800,0.000,0.000,0.000,2.400,1.100,3.000,6.200,12.100,0,0,0,0,0,0,0,0,0,0,0,0,0.000,0.000,0.000,0.000,0,0,0,0,53.796,323.581,0,0.600,3.200,0,0,0.400,1.800,0,0,0.200,1.400,0,0,0,0,0,0.000
2611,1979052068,1,0,1,2,375.200,366.000,0.500,7.800,18.900,7.200,0.000,0,93.400,0.000,0.000,5.000,48.000,28.100,19.300,0.000,0.000,0.000,2.400,0.000,0.000,0.000,0.000,0,0,0,0,0,0,0,0,0,0,0,0,0.000,0.000,0.000,0.000,0,0,0,0,53.581,331.217,0,0.800,4.400,0,0,0.500,2.100,0,0,0.300,2.300,0,0,0,0,0,0.000
2612,1979052068,1,0,1,2,374.900,366.400,0.400,7.100,17.600,5.800,0.000,0,51.300,0.000,0.000,62.400,33.300,22.100,10.700,0.000,0.000,0.000,2.700,1.100,2.600,6.400,12.200,0,0,0,0,0,0,0,0,0,0,0,0,0.000,0.000,0.000,0.000,0,0,0,0,54.232,337.550,0,0.700,3.100,0,0,0.400,1.800,0,0,0.300,1.300,0,0,0,0,0,0.000
2613,1979052068,1,0,1,2,207.300,202.000,0.200,4.400,11.800,3.600,0.000,0,50.900,0.000,0.000,3.100,21.400,14.500,6.600,0.000,0.000,0.000,1.400,0.000,0.000,0.000,0.000,0,0,0,0,0,0,0,0,0,0,0,0,0.000,0.000,0.000,0.000,0,0,0,0,54.280,313.151,0,0.500,2.100,0,0,0.300,1.300,0,0,0.200,0.800,0,0,0,0,0,0.000
2614,1979052068,1,0,1,2,291.500,282.500,0.600,7.400,19.400,6.400,0.000,0,26.100,0.000,0.000,5.000,36.100,23.800,11.700,0.000,0.000,0.000,2.500,0.000,0.000,0.000,0.000,0,0,0,0,0,0,0,0,0,0,0,0,0.000,0.000,0.000,0.000,0,0,0,0,54.878,307.634,0,0.700,3.800,0,0,0.400,2.300,0,0,0.300,1.500,0,0,0,0,0,0.000
2615,1979052068,1,0,1,2,403.800,395.400,0.400,7.100,18.600,6.300,0.000,0,51.800,0.000,0.000,67.100,35.500,23.100,11.700,0.000,0.000,0.000,2.600,1.000,2.800,6.900,13.100,0,0,0,0,0,0,0,0,0,0,0,0,0.000,0.000,0.000,0.000,0,0,0,0,55.530,323.432,0,0.500,3.200,0,0,0.400,1.800,0,0,0.100,1.400,0,0,0,0,0,0.000
2616,1979052068,1,0,1,2,272.100,264.000,0.400,6.800,18.100,6.400,0.000,0,24.400,0.000,0.000,4.700,34.300,23.200,10.500,0.000,0.000,0.000,2.300,0.000,0.000,0.000,0.000,0,0,0,0,0,0,0,0,0,0,0,0,0.000,0.000,0.000,0.000,0,0,0,0,55.453,312.734,0,0.600,3.700,0,0,0.400,2.500,0,0,0.200,1.200,0,0,0,0,0,0.000
2617,1979052068,1,0,1,2,348.500,340.300,0.500,6.900,17.500,5.700,0.000,0,107.200,0.000,0.000,4.400,31.600,20.800,10.200,0.000,0.000,0.000,2.200,0.000,0.000,0.000,0.000,0,0,0,0,0,0,0,0,0,0,0,0,0.000,0.000,0.000,0.000,0,0,0,0,54.543,317.696,0,0.500,3.300,0,0,0.400,2.100,0,0,0.100,1.200,0,0,0,0,0,0.000
2618,1979052068,1,0,1,2,351.000,343.300,0.400,6.500,16.800,5.500,0.000,0,48.500,0.000,0.000,59.700,31.600,21.300,9.800,0.000,0.000,0.000,2.100,0.900,2.300,6.000,11.600,0,0,0,0,0,0,0,0,0,0,0,0,0.000,0.000,0.000,0.000,0,0,0,0,53.833,322.305,0,0.500,3.000,0,0,0.400,1.800,0,0,0.100,1.200,0,0,0,0,0,0.000
2619,1979052068,1,0,1,2,267.400,259.000,0.400,7.200,17.900,5.800,0.000,0,23.800,0.000,0.000,4.600,33.000,21.600,10.800,0.000,0.000,0.000,2.300,0.000,0.000,0.000,0.000,0,0,0,0,0,0,0,0,0,0,0,0,0.000,0.000,0.000,0.000,0,0,0,0,53.449,310.910,0,0.600,3.400,0,0,0.400,2.000,0,0,0.200,1.400,0,0,0,0,0,0.000
2620,1979052068,1,0,1,2,323.400,315.300,0.400,6.800,16.300,5.300,0.000,0,81.300,0.000,0.000,4.200,30.100,19.600,9.900,0.000,0.000,0.000,2.000,0.000,0.000,0.000,0.000,0,0,0,0,0,0,0,0,0,0,0,0,0.000,0.000,0.000,0.000,0,0,0,0,52.504,311.700,0,0.500,3.000,0,0,0.300,1.800,0,0,0.200,1.200,0,0,0,0,0,0.000
2621,1979052068,1,0,1,2,352.600,343.700,0.500,7.500,17.600,5.700,0.000,0,50.000,0.000,0.000,61.100,32.600,21.400,10.600,0.000,0.000,0.000,2.200,1.000,2.700,6.400,12.500,0,0,0,0,0,0,0,0,0,0,0,0,0.000,0.000,0.000,0.000,0,0,0,0,52.684,317.460,0,0.600,3.100,0,0,0.400,1.700,0,0,0.200,1.400,0,0,0,0,0,0.000
2622,1979052068,1,0,1,2,350.700,341.900,0.400,7.500,17.700,5.800,0.000,0,106.100,0.000,0.000,4.500,32.900,21.700,10.600,0.000,0.000,0.000,2.200,0.000,0.000,0.000,0.000,0,0,0,0,0,0,0,0,0,0,0,0,0.000,0.000,0.000,0.000,0,0,0,0,52.489,321.859,0,0.600,3.300,0,0,0.400,2.000,0,0,0.200,1.300,0,0,0,0,0,0.000
2623,1979052068,1,0,1,2,352.400,343.700,0.400,7.400,19.500,6.500,0.000,0,24.700,0.000,0.000,68.300,35.000,23.200,11.300,0.000,0.000,0.000,2.400,1.100,2.900,7.000,13.400,0,0,0,0,0,0,0,0,0,0,0,0,0.000,0.000,0.000,0.000,0,0,0,0,53.607,325.791,0,0.500,3.200,0,0,0.400,1.800,0,0,0.100,1.400,0,0,0,0,0,0.000
2624,1979052068,1,0,1,2,386.700,347.800,31.000,7.000,17.400,5.700,0.000,0,85.000,0.000,0.000,4.600,33.500,22.100,10.900,0.000,0.000,0.000,2.300,0.000,0.000,0.000,0.000,0,0,0,0,0,0,0,0,0,0,0,0,0.000,0.000,0.000,0.000,0,0,0,0,53.281,329.752,0,0.700,3.600,0,0,0.500,2.000,0,0,0.200,1.600,0,0,0,0,0,0.000
2625,1979052068,1,0,1,2,315.100,306.500,0.400,7.300,16.800,5.300,0.000,0,85.900,0.000,0.000,4.300,31.300,20.600,10.100,0.000,0.000,0.000,2.100,0.000,0.000,0.000,0.000,0,0,0,0,0,0,0,0,0,0,0,0,0.000,0.000,0.000,0.000,0,0,0,0,52.223,325.567,0,0.500,3.000,0,0,0.300,1.900,0,0,0.200,1.100,0,0,0,0,0,0.000
2626,1979052068,1,0,1,2,309.600,301.900,0.300,6.500,17.200,5.500,0.000,0,22.100,0.000,0.000,61.200,31.600,20.900,10.100,0.000,0.000,0.000,2.100,1.000,2.800,5.600,11.500,0,0,0,0,0,0,0,0,0,0,0,0,0.000,0.000,0.000,0.000,0,0,0,0,53.353,321.307,0,0.600,3.000,0,0,0.300,1.700,0,0,0.300,1.300,0,0,0,0,0,0.000
2627,1979052068,1,0,1,2,341.000,332.400,0.400,7.400,17.800,6.100,0.000,0,97.000,0.000,0.000,4.600,32.300,21.200,10.500,0.000,0.000,0.000,2.200,0.000,0.000,0.000,0.000,0,0,0,0,0,0,0,0,0,0,0,0,0.000,0.000,0.000,0.000,0,0,0,0,52.983,323.304,0,0.600,3.400,0,0,0.400,2.100,0,0,0.200,1.300,0,0,0,0,0,0.000
2628,1979052068,1,0,1,2,336.200,328.000,0.600,6.900,16.600,5.500,0.000,0,79.200,0.000,0.000,4.900,31.600,21.400,9.700,0.000,0.000,0.000,2.200,0.000,0.000,0.000,0.000,0,0,0,0,0,0,0,0,0,0,0,0,0.000,0.000,0.000,0.000,0,0,0,0,53.490,324.149,0,0.600,3.300,0,0,0.400,2.100,0,0,0.200,1.200,0,0,0,0,0,0.000
2629,1979052068,1,0,1,2,323.400,315.800,0.400,6.500,16.400,22.500,0.000,0,22.400,0.000,0.000,58.500,31.600,21.400,9.600,0.000,0.000,0.000,2.200,0.900,2.400,5.900,11.300,0,0,0,0,0,0,0,0,0,0,0,0,0.000,0.000,0.000,0.000,0,0,0,0,52.790,322.646,0,0.600,2.600,0,0,0.400,1.500,0,0,0.200,1.100,0,0,0,0,0,0.000
2630,1979052068,1,0,1,2,360.900,351.900,0.500,7.600,20.300,6.600,0.000,0,87.000,0.000,0.000,5.100,38.200,26.300,10.900,0.000,0.000,0.000,2.600,0.000,0.000,0.000,0.000,0,0,0,0,0,0,0,0,0,0,0,0,0.000,0.000,0.000,0.000,0,0,0,0,58.138,327.912,0,0.700,3.700,0,0,0.500,2.200,0,0,0.200,1.500,0,0,0,0,0,0.000
2631,1979052068,1,0,1,2,271.200,263.100,0.400,6.900,18.000,5.700,0.000,0,23.500,0.000,0.000,4.600,33.600,22.600,10.400,0.000,0.000,0.000,2.300,0.000,0.000,0.000,0.000,0,0,0,0,0,0,0,0,0,0,0,0,0.000,0.000,0.000,0.000,0,0,0,0,57.501,316.246,0,0.700,3.400,0,0,0.500,2.100,0,0,0.200,1.300,0,0,0,0,0,0.000
2632,1979052068,1,0,1,2,356.300,348.200,0.400,6.800,17.200,5.900,0.000,0,51.500,0.000,0.000,62.600,32.500,21.500,10.400,0.000,0.000,0.000,2.400,1.100,3.000,6.200,12.100,0,0,0,0,0,0,0,0,0,0,0,0,0.000,0.000,0.000,0.000,0,0,0,0,56.817,321.997,0,0.600,3.300,0,0,0.400,2.000,0,0,0.200,1.300,0,0,0,0,0,0.000
2633,1979052068,1,0,1,2,386.800,377.700,0.700,7.500,30.700,6.000,0.000,0,89.800,0.000,0.000,8.000,36.100,23.900,11.600,0.000,0.000,0.000,3.600,0.000,0.000,0.000,0.000,0,0,0,0,0,0,0,0,0,0,0,0,0.000,0.000,0.000,0.000,0,0,0,0,56.130,332.024,0,0.700,3.700,0,0,0.500,2.300,0,0,0.200,1.400,0,0,0,0,0,0.000
2634,1979052068,1,0,1,2,292.500,283.800,0.500,7.200,18.000,5.800,0.000,0,25.000,0.000,0.000,4.600,33.300,22.000,10.700,0.000,0.000,0.000,2.300,0.000,0.000,0.000,0.000,0,0,0,0,0,0,0,0,0,0,0,0,0.000,0.000,0.000,0.000,0,0,0,0,56.142,323.344,0,0.700,3.500,0,0,0.400,2.100,0,0,0.300,1.400,0,0,0,0,0,0.000
2635,1979052068,1,0,1,2,373.100,364.700,0.400,7.200,17.600,5.700,0.000,0,51.400,0.000,0.000,61.600,31.900,20.800,10.500,0.000,0.000,0.000,2.200,1.000,2.600,6.300,12.100,0,0,0,0,0,0,0,0,0,0,0,0,0.000,0.000,0.000,0.000,0,0,0,0,55.865,330.788,0,0.700,3.200,0,0,0.500,1.700,0,0,0.200,1.500,0,0,0,0,0,0.000
2636,1979052068,1,0,1,2,388.200,378.800,0.600,7.700,19.000,6.300,0.000,0,106.300,0.000,0.000,5.100,53.900,41.800,11.500,0.000,0.000,0.000,2.400,0.000,0.000,0.000,0.000,0,0,0,0,0,0,0,0,0,0,0,0,0.000,0.000,0.000,0.000,0,0,0,0,55.817,339.430,0,0.800,4.100,0,0,0.600,2.700,0,0,0.200,1.400,0,0,0,0,0,0.000
2637,1979052068,1,0,1,2,117.800,114.900,0.200,2.500,5.700,1.600,0.000,0,15.900,0.000,0.000,25.200,11.700,8.400,3.000,0.000,0.000,0.000,0.800,0.400,1.200,1.900,3.300,0,0,0,0,0,0,0,0,0,0,0,0,0.000,0.000,0.000,0.000,0,0,0,0,50.666,299.015,0,0.300,1.100,0,0,0.200,0.600,0,0,0.100,0.500,0,0,0,0,0,0.000
2638,1979052068,1,0,1,2,83.100,80.500,0.200,2.300,5.800,1.800,0.000,0,7.700,0.000,0.000,1.500,11.500,8.100,3.100,0.000,0.000,0.000,0.800,0.000,0.000,0.000,0.000,0,0,0,0,0,0,0,0,0,0,0,0,0.000,0.000,0.000,0.000,0,0,0,0,46.496,259.682,0,0.300,1.100,0,0,0.200,0.700,0,0,0.100,0.400,0,0,0,0,0,0.000
2639,1979052068,1,0,1,2,188.600,183.600,0.200,4.400,10.300,3.300,0.000,0,46.700,0.000,0.000,2.700,19.600,13.300,5.900,0.000,0.000,0.000,1.200,0.000,0.000,0.000,0.000,0,0,0,0,0,0,0,0,0,0,0,0,0.000,0.000,0.000,0.000,0,0,0,0,44.229,245.987,0,0.400,1.900,0,0,0.300,1.200,0,0,0.100,0.700,0,0,0,0,0,0.000
2640,1979052068,1,0,1,2,277.900,271.300,0.400,5.600,13.200,4.400,0.000,0,39.300,0.000,0.000,53.600,25.300,16.800,8.000,0.000,0.000,0.000,1.700,0.800,2.200,4.900,9.300,0,0,0,0,0,0,0,0,0,0,0,0,0.000,0.000,0.000,0.000,0,0,0,0,44.530,250.544,0,0.500,2.300,0,0,0.300,1.300,0,0,0.200,1.000,0,0,0,0,0,0.000
2641,1979052068,1,0,1,2,206.800,200.500,0.300,5.300,14.100,4.500,0.000,0,18.100,0.000,0.000,3.400,26.100,17.400,7.800,0.000,0.000,0.000,1.700,0.000,0.000,0.000,0.000,0,0,0,0,0,0,0,0,0,0,0,0,0.000,0.000,0.000,0.000,0,0,0,0,44.326,241.536,0,0.500,2.500,0,0,0.300,1.500,0,0,0.200,1.000,0,0,0,0,0,0.000
2642,1979052068,1,0,1,2,225.200,219.600,0.200,4.800,11.500,3.700,0.000,0,31.200,0.000,0.000,41.300,21.300,14.400,6.600,0.000,0.000,0.000,1.500,0.700,1.700,3.800,7.500,0,0,0,0,0,0,0,0,0,0,0,0,0.000,0.000,0.000,0.000,0,0,0,0,43.188,237.587,0,0.400,1.900,0,0,0.300,1.100,0,0,0.100,0.800,0,0,0,0,0,0.000
2643,1979052068,1,0,1,2,196.400,190.500,0.300,4.900,13.200,4.300,0.000,0,17.200,0.000,0.000,3.300,24.800,16.700,7.600,0.000,0.000,0.000,1.700,0.000,0.000,0.000,0.000,0,0,0,0,0,0,0,0,0,0,0,0,0.000,0.000,0.000,0.000,0,0,0,0,42.290,229.112,0,0.500,2.900,0,0,0.300,1.900,0,0,0.200,1.000,0,0,0,0,0,0.000
2644,1979052068,1,0,1,2,199.600,196.700,0.200,2.500,11.400,3.700,0.000,0,48.800,0.000,0.000,3.300,20.900,13.900,6.600,0.000,0.000,0.000,1.800,0.000,0.000,0.000,0.000,0,0,0,0,0,0,0,0,0,0,0,0,0.000,0.000,0.000,0.000,0,0,0,0,41.086,223.277,0,0.400,2.200,0,0,0.300,1.300,0,0,0.100,0.900,0,0,0,0,0,0.000
2645,1979052068,1,0,1,2,209.200,204.200,0.200,4.300,11.800,3.400,0.000,0,15.800,0.000,0.000,39.100,20.100,13.600,6.300,0.000,0.000,0.000,1.400,0.700,1.500,3.500,7.800,0,0,0,0,0,0,0,0,0,0,0,0,0.000,0.000,0.000,0.000,0,0,0,0,40.404,219.844,0,0.500,1.700,0,0,0.400,1.000,0,0,0.100,0.700,0,0,0,0,0,0.000
2646,1979052068,1,0,1,2,325.500,320.600,0.400,4.000,17.600,5.800,0.000,0,86.900,0.000,0.000,4.600,32.400,21.400,10.500,0.000,0.000,0.000,2.300,0.000,0.000,0.000,0.000,0,0,0,0,0,0,0,0,0,0,0,0,0.000,0.000,0.000,0.000,0,0,0,0,61.697,237.980,0,0.600,3.500,0,0,0.400,2.100,0,0,0.200,1.400,0,0,0,0,0,0.000
2647,1979052068,1,0,1,2,489.900,481.900,0.400,6.700,18.100,6.100,0.000,0,62.000,0.000,0.000,179.700,35.400,23.800,11.000,0.000,0.000,0.000,2.300,107.400,2.900,6.600,12.400,0,0,0,0,0,0,0,0,0,0,0,0,0.000,0.000,0.000,0.000,0,0,0,0,61.194,281.885,0,0.700,3.300,0,0,0.500,1.900,0,0,0.200,1.400,0,0,0,0,0,0.000
2648,1979052068,1,0,1,2,373.700,364.300,0.600,7.700,19.700,6.100,0.000,0,106.200,0.000,0.000,5.400,36.600,24.300,11.600,0.000,0.000,0.000,2.900,0.000,0.000,0.000,0.000,0,0,0,0,0,0,0,0,0,0,0,0,0.000,0.000,0.000,0.000,0,0,0,0,60.457,296.720,0,1.000,3.700,0,0,0.700,2.200,0,0,0.300,1.500,0,0,0,0,0,0.000
2649,1979052068,1,0,1,2,379.200,370.500,0.500,7.400,18.900,6.500,0.000,0,54.200,0.000,0.000,66.400,35.000,22.900,11.300,0.000,0.000,0.000,2.400,1.100,2.800,7.000,13.300,0,0,0,0,0,0,0,0,0,0,0,0,0.000,0.000,0.000,0.000,0,0,0,0,59.673,310.000,0,0.600,3.300,0,0,0.400,1.900,0,0,0.200,1.400,0,0,0,0,0,0.000
2650,1979052068,1,0,1,2,233.200,226.200,0.400,5.900,15.800,5.000,0.000,0,20.600,0.000,0.000,3.700,29.000,18.900,9.200,0.000,0.000,0.000,1.800,0.000,0.000,0.000,0.000,0,0,0,0,0,0,0,0,0,0,0,0,0.000,0.000,0.000,0.000,0,0,0,0,57.212,294.916,0,0.500,2.900,0,0,0.300,1.800,0,0,0.200,1.100,0,0,0,0,0,0.000
2651,1979052068,1,0,1,2,351.400,343.000,0.500,7.100,17.600,5.800,0.000,0,103.900,0.000,0.000,4.700,33.900,22.900,10.400,0.000,0.000,0.000,2.200,0.000,0.000,0.000,0.000,0,0,0,0,0,0,0,0,0,0,0,0,0.000,0.000,0.000,0.000,0,0,0,0,57.174,303.571,0,0.600,3.500,0,0,0.400,2.100,0,0,0.200,1.400,0,0,0,0,0,0.000
2652,1979052068,1,0,1,2,377.100,368.300,0.900,7.100,17.500,5.900,0.000,0,51.400,0.000,0.000,62.900,32.300,21.300,10.500,0.000,0.000,0.000,2.300,1.100,2.600,6.200,12.100,0,0,0,0,0,0,0,0,0,0,0,0,0.000,0.000,0.000,0.000,0,0,0,0,57.016,315.223,0,0.600,3.000,0,0,0.400,1.700,0,0,0.200,1.300,0,0,0,0,0,0.000
2653,1979052068,1,0,1,2,293.000,284.500,0.400,7.300,17.900,6.100,0.000,0,24.100,0.000,0.000,4.700,51.700,22.400,28.700,0.000,0.000,0.000,2.200,0.000,0.000,0.000,0.000,0,0,0,0,0,0,0,0,0,0,0,0,0.000,0.000,0.000,0.000,0,0,0,0,56.905,309.693,0,0.700,3.400,0,0,0.500,2.100,0,0,0.200,1.300,0,0,0,0,0,0.000
2654,1979052068,1,0,1,2,326.300,317.900,0.600,6.900,16.000,5.400,0.000,0,80.700,0.000,0.000,4.400,30.100,20.000,9.600,0.000,0.000,0.000,2.200,0.000,0.000,0.000,0.000,0,0,0,0,0,0,0,0,0,0,0,0,0.000,0.000,0.000,0.000,0,0,0,0,54.978,311.170,0,0.500,3.000,0,0,0.400,1.900,0,0,0.100,1.100,0,0,0,0,0,0.000
2655,1979052068,1,0,1,2,329.500,321.900,0.400,6.500,16.800,5.300,0.000,0,47.400,0.000,0.000,58.200,30.500,20.100,9.800,0.000,0.000,0.000,2.100,1.000,2.400,5.900,11.200,0,0,0,0,0,0,0,0,0,0,0,0,0.000,0.000,0.000,0.000,0,0,0,0,54.100,313.101,0,0.600,2.800,0,0,0.400,1.600,0,0,0.200,1.200,0,0,0,0,0,0.000
2656,1979052068,1,0,1,2,300.800,292.400,0.400,7.000,45.900,6.400,0.000,0,24.700,0.000,0.000,5.200,33.800,22.600,10.600,0.000,0.000,0.000,2.500,0.000,0.000,0.000,0.000,0,0,0,0,0,0,0,0,0,0,0,0,0.000,0.000,0.000,0.000,0,0,0,0,54.496,309.375,0,0.800,3.500,0,0,0.500,2.100,0,0,0.300,1.400,0,0,0,0,0,0.000
2657,1979052068,1,0,1,2,299.000,291.300,0.400,6.500,16.100,5.000,0.000,0,75.500,0.000,0.000,4.100,30.400,20.300,9.500,0.000,0.000,0.000,2.100,0.000,0.000,0.000,0.000,0,0,0,0,0,0,0,0,0,0,0,0,0.000,0.000,0.000,0.000,0,0,0,0,53.633,306.122,0,0.700,3.300,0,0,0.600,1.800,0,0,0.100,1.500,0,0,0,0,0,0.000
2658,1979052068,1,0,1,2,247.900,242.200,0.300,4.900,12.600,3.900,0.000,0,35.800,0.000,0.000,44.800,23.200,15.600,7.300,0.000,0.000,0.000,1.500,1.100,1.900,4.400,8.500,0,0,0,0,0,0,0,0,0,0,0,0,0.000,0.000,0.000,0.000,0,0,0,0,51.251,294.616,0,0.300,2.300,0,0,0.200,1.300,0,0,0.100,1.000,0,0,0,0,0,0.000
2659,1979052068,1,0,1,2,231.500,225.400,0.300,5.100,12.200,4.000,0.000,0,54.900,0.000,0.000,3.200,23.200,15.500,7.300,0.000,0.000,0.000,1.600,0.000,0.000,0.000,0.000,0,0,0,0,0,0,0,0,0,0,0,0,0.000,0.000,0.000,0.000,0,0,0,0,49.514,282.157,0,0.500,2.400,0,0,0.300,1.500,0,0,0.200,0.900,0,0,0,0,0,0.000
2660,1979052068,1,0,1,2,265.400,257.300,0.400,6.800,17.600,5.500,0.000,0,24.400,0.000,0.000,4.500,31.900,21.000,10.400,0.000,0.000,0.000,2.300,0.000,0.000,0.000,0.000,0,0,0,0,0,0,0,0,0,0,0,0,0.000,0.000,0.000,0.000,0,0,0,0,50.357,277.683,0,0.600,3.400,0,0,0.400,2.000,0,0,0.200,1.400,0,0,0,0,0,0.000
2661,1979052068,1,0,1,2,381.300,372.400,0.500,7.600,19.000,6.000,0.000,0,54.500,0.000,0.000,67.000,35.300,23.300,11.500,0.000,0.000,0.000,2.600,1.300,2.700,6.700,13.200,0,0,0,0,0,0,0,0,0,0,0,0,0.000,0.000,0.000,0.000,0,0,0,0,52.759,294.732,0,0.600,3.300,0,0,0.400,1.900,0,0,0.200,1.400,0,0,0,0,0,0.000
2662,1979052068,1,0,1,2,330.900,322.500,0.500,7.000,17.600,5.600,0.000,0,87.100,0.000,0.000,4.500,31.800,20.700,10.600,0.000,0.000,0.000,2.300,0.000,0.000,0.000,0.000,0,0,0,0,0,0,0,0,0,0,0,0,0.000,0.000,0.000,0.000,0,0,0,0,52.280,299.730,0,0.700,3.200,0,0,0.500,1.900,0,0,0.200,1.300,0,0,0,0,0,0.000
2663,1979052068,1,0,1,2,298.400,290.400,0.400,6.700,27.800,5.500,0.000,0,23.900,0.000,0.000,8.600,44.100,32.800,10.700,0.000,0.000,0.000,4.300,0.000,0.000,0.000,0.000,0,0,0,0,0,0,0,0,0,0,0,0,0.000,0.000,0.000,0.000,0,0,0,0,52.500,298.051,0,1.100,4.300,0,0,0.900,3.000,0,0,0.200,1.300,0,0,0,0,0,0.000
2664,1979052068,1,0,1,2,353.500,345.100,0.400,7.100,17.400,5.700,0.000,0,50.700,0.000,0.000,61.700,33.100,22.000,10.600,0.000,0.000,0.000,2.200,0.900,2.600,6.300,12.300,0,0,0,0,0,0,0,0,0,0,0,0,0.000,0.000,0.000,0.000,0,0,0,0,53.328,306.520,0,0.600,3.000,0,0,0.400,1.700,0,0,0.200,1.300,0,0,0,0,0,0.000
2665,1979052068,1,0,1,2,291.100,282.100,0.400,7.700,19.400,6.100,0.000,0,25.800,0.000,0.000,5.100,34.900,23.100,11.200,0.000,0.000,0.000,2.600,0.000,0.000,0.000,0.000,0,0,0,0,0,0,0,0,0,0,0,0,0.000,0.000,0.000,0.000,0,0,0,0,54.277,302.124,0,0.700,3.500,0,0,0.500,2.100,0,0,0.200,1.400,0,0,0,0,0,0.000
2666,1979052068,1,0,1,2,357.300,348.500,0.700,7.200,17.800,5.900,0.000,0,88.000,0.000,0.000,4.700,32.200,21.200,10.500,0.000,0.000,0.000,2.300,0.000,0.000,0.000,0.000,0,0,0,0,0,0,0,0,0,0,0,0,0.000,0.000,0.000,0.000,0,0,0,0,54.065,310.472,0,0.600,3.300,0,0,0.400,2.000,0,0,0.200,1.300,0,0,0,0,0,0.000
2667,1979052068,1,0,1,2,367.600,358.800,0.400,7.400,17.400,5.700,0.000,0,60.300,0.000,0.000,64.100,34.300,23.100,10.600,0.000,0.000,0.000,2.300,1.200,2.700,6.300,12.200,0,0,0,0,0,0,0,0,0,0,0,0,0.000,0.000,0.000,0.000,0,0,0,0,55.187,319.171,0,0.500,3.100,0,0,0.400,1.700,0,0,0.100,1.400,0,0,0,0,0,0.000
2668,1979052068,1,0,1,2,287.500,278.600,0.500,7.300,18.900,6.100,0.000,0,25.800,0.000,0.000,5.000,34.800,22.700,11.500,0.000,0.000,0.000,2.400,0.000,0.000,0.000,0.000,0,0,0,0,0,0,0,0,0,0,0,0,0.000,0.000,0.000,0.000,0,0,0,0,54.812,311.868,0,0.600,4.000,0,0,0.400,2.300,0,0,0.200,1.700,0,0,0,0,0,0.000
2669,1979052068,1,0,1,2,340.500,333.000,0.400,6.400,41.600,5.800,0.000,0,78.000,0.000,0.000,4.400,32.500,21.300,10.600,0.000,0.000,0.000,2.300,0.000,0.000,0.000,0.000,0,0,0,0,0,0,0,0,0,0,0,0,0.000,0.000,0.000,0.000,0,0,0,0,54.630,315.672,0,0.700,3.500,0,0,0.500,2.200,0,0,0.200,1.300,0,0,0,0,0,0.000
2670,1979052068,1,0,1,2,189.800,185.700,0.200,3.500,9.100,2.900,0.000,0,24.200,0.000,0.000,33.300,16.500,11.300,5.000,0.000,0.000,0.000,1.200,0.600,1.200,3.000,5.600,0,0,0,0,0,0,0,0,0,0,0,0,0.000,0.000,0.000,0.000,0,0,0,0,50.826,292.277,0,0.400,1.400,0,0,0.200,0.800,0,0,0.200,0.600,0,0,0,0,0,0.000
2671,1979052068,1,0,1,2,115.400,111.700,0.200,3.200,7.800,2.600,0.000,0,10.200,0.000,0.000,2.000,15.300,10.600,4.500,0.000,0.000,0.000,1.000,0.000,0.000,0.000,0.000,0,0,0,0,0,0,0,0,0,0,0,0,0.000,0.000,0.000,0.000,0,0,0,0,46.861,259.773,0,0.200,1.600,0,0,0.200,1.000,0,0,0.000,0.600,0,0,0,0,0,0.000
2672,1979052068,1,0,1,2,352.500,344.000,0.500,7.200,17.700,6.200,0.000,0,90.100,0.000,0.000,4.600,32.200,21.000,10.700,0.000,0.000,0.000,2.200,0.000,0.000,0.000,0.000,0,0,0,0,0,0,0,0,0,0,0,0,0.000,0.000,0.000,0.000,0,0,0,0,46.886,274.934,0,0.700,3.200,0,0,0.500,1.900,0,0,0.200,1.300,0,0,0,0,0,0.000
2673,1979052068,1,0,1,2,220.600,215.300,0.300,4.400,11.300,3.600,0.000,0,14.800,0.000,0.000,45.200,21.600,14.800,6.500,0.000,0.000,0.000,1.400,0.800,2.000,3.800,7.400,0,0,0,0,0,0,0,0,0,0,0,0,0.000,0.000,0.000,0.000,0,0,0,0,51.767,264.200,0,0.600,1.900,0,0,0.400,1.100,0,0,0.200,0.800,0,0,0,0,0,0.000
2674,1979052068,1,0,1,2,185.500,182.000,0.200,2.900,7.600,2.600,0.000,0,37.900,0.000,0.000,42.500,15.800,11.200,4.400,0.000,0.000,0.000,41.300,0.000,0.000,0.000,0.000,0,0,0,0,0,0,0,0,0,0,0,0,0.000,0.000,0.000,0.000,0,0,0,0,47.705,249.404,0,0.400,1.700,0,0,0.300,1.100,0,0,0.100,0.600,0,0,0,0,0,0.000
2675,1979052068,1,0,1,2,326.000,317.900,0.500,6.800,17.000,5.600,0.000,0,84.200,0.000,0.000,4.500,31.300,20.300,10.500,0.000,0.000,0.000,2.300,0.000,0.000,0.000,0.000,0,0,0,0,0,0,0,0,0,0,0,0,0.000,0.000,0.000,0.000,0,0,0,0,46.552,261.733,0,0.600,3.200,0,0,0.400,1.900,0,0,0.200,1.300,0,0,0,0,0,0.000
2676,1979052068,1,0,1,2,143.000,139.700,0.300,2.700,6.700,2.300,0.000,0,24.700,0.000,0.000,28.800,14.200,10.500,3.600,0.000,0.000,0.000,0.900,0.600,1.200,2.200,4.100,0,0,0,0,0,0,0,0,0,0,0,0,0.000,0.000,0.000,0.000,0,0,0,0,44.059,239.767,0,0.100,1.200,0,0,0.100,0.700,0,0,0.000,0.500,0,0,0,0,0,0.000
2677,1979052068,1,0,1,2,153.100,148.500,0.400,3.700,8.400,2.600,0.000,0,39.200,0.000,0.000,2.100,16.300,11.500,4.600,0.000,0.000,0.000,0.900,0.000,0.000,0.000,0.000,0,0,0,0,0,0,0,0,0,0,0,0,0.000,0.000,0.000,0.000,0,0,0,0,41.528,223.339,0,0.300,1.700,0,0,0.200,1.100,0,0,0.100,0.600,0,0,0,0,0,0.000
2678,1979052068,1,0,1,2,182.300,178.300,0.200,3.300,16.400,2.500,0.000,0,43.400,0.000,0.000,2.400,15.100,10.400,4.500,0.000,0.000,0.000,1.300,0.000,0.000,0.000,0.000,0,0,0,0,0,0,0,0,0,0,0,0,0.000,0.000,0.000,0.000,0,0,0,0,42.891,215.232,0,0.300,1.600,0,0,0.200,0.900,0,0,0.100,0.700,0,0,0,0,0,0.000
2679,1979052068,1,0,1,2,118.100,115.400,0.200,2.400,6.400,2.000,0.000,0,8.600,0.000,0.000,25.000,12.500,8.700,3.500,0.000,0.000,0.000,0.800,0.500,1.000,2.100,4.100,0,0,0,0,0,0,0,0,0,0,0,0,0.000,0.000,0.000,0.000,0,0,0,0,39.689,197.262,0,0.200,1.100,0,0,0.200,0.600,0,0,0.000,0.500,0,0,0,0,0,0.000
2680,1979052068,1,0,1,2,114.500,111.700,0.200,2.300,6.700,2.000,0.000,0,30.700,0.000,0.000,1.700,13.600,10.200,3.300,0.000,0.000,0.000,0.900,0.000,0.000,0.000,0.000,0,0,0,0,0,0,0,0,0,0,0,0,0.000,0.000,0.000,0.000,0,0,0,0,37.531,181.861,0,0.300,2.500,0,0,0.200,2.000,0,0,0.100,0.500,0,0,0,0,0,0.000
2681,1979052068,1,0,1,2,219.000,212.400,0.300,5.600,14.700,4.700,0.000,0,19.500,0.000,0.000,3.800,26.400,17.300,8.700,0.000,0.000,0.000,1.800,0.000,0.000,0.000,0.000,0,0,0,0,0,0,0,0,0,0,0,0,0.000,0.000,0.000,0.000,0,0,0,0,38.893,187.358,0,0.600,2.700,0,0,0.400,1.700,0,0,0.200,1.000,0,0,0,0,0,0.000
2682,1979052068,1,0,1,2,139.500,126.600,10.600,2.100,6.000,1.900,0.000,0,17.000,0.000,0.000,27.000,12.200,8.700,3.100,0.000,0.000,0.000,0.900,0.500,1.000,1.800,4.000,0,0,0,0,0,0,0,0,0,0,0,0,0.000,0.000,0.000,0.000,0,0,0,0,36.968,176.422,0,0.300,1.100,0,0,0.200,0.600,0,0,0.100,0.500,0,0,0,0,0,0.000
2683,1979052068,1,0,1,2,117.900,114.800,0.200,2.600,6.700,2.000,0.000,0,32.700,0.000,0.000,2.000,12.200,8.700,3.400,0.000,0.000,0.000,1.200,0.000,0.000,0.000,0.000,0,0,0,0,0,0,0,0,0,0,0,0,0.000,0.000,0.000,0.000,0,0,0,0,35.012,165.330,0,0.300,1.300,0,0,0.200,0.800,0,0,0.100,0.500,0,0,0,0,0,0.000
2684,1979052068,1,0,1,2,95.000,92.100,0.300,2.400,6.300,2.000,0.000,0,8.600,0.000,0.000,1.800,12.500,9.000,3.300,0.000,0.000,0.000,0.900,0.000,0.000,0.000,0.000,0,0,0,0,0,0,0,0,0,0,0,0,0.000,0.000,0.000,0.000,0,0,0,0,33.642,152.148,0,0.300,1.200,0,0,0.200,0.800,0,0,0.100,0.400,0,0,0,0,0,0.000
2685,1979052068,1,0,1,2,149.000,145.500,0.200,2.900,7.200,2.300,0.000,0,20.200,0.000,0.000,30.600,14.900,10.100,4.500,0.000,0.000,0.000,0.900,0.600,1.100,2.500,5.200,0,0,0,0,0,0,0,0,0,0,0,0,0.000,0.000,0.000,0.000,0,0,0,0,32.518,150.952,0,0.400,1.400,0,0,0.200,0.800,0,0,0.200,0.600,0,0,0,0,0,0.000
2686,1979052068,1,0,1,2,159.200,155.100,0.300,3.400,9.300,2.800,0.000,0,40.700,0.000,0.000,2.300,16.200,11.000,4.800,0.000,0.000,0.000,1.200,0.000,0.000,0.000,0.000,0,0,0,0,0,0,0,0,0,0,0,0,0.000,0.000,0.000,0.000,0,0,0,0,31.975,151.698,0,0.300,1.700,0,0,0.200,1.100,0,0,0.100,0.600,0,0,0,0,0,0.000
2687,1979052068,1,0,1,2,302.100,298.700,0.200,2.900,18.200,5.700,0.000,0,66.700,0.000,0.000,4.500,32.600,21.500,10.500,0.000,0.000,0.000,2.200,0.000,0.000,0.000,0.000,0,0,0,0,0,0,0,0,0,0,0,0,0.000,0.000,0.000,0.000,0,0,0,0,35.094,178.159,0,0.600,3.400,0,0,0.400,2.100,0,0,0.200,1.300,0,0,0,0,0,0.000
2688,1979052068,1,0,1,2,141.500,138.100,0.200,2.800,7.800,2.500,0.000,0,11.100,0.000,0.000,23.400,12.700,7.600,4.700,0.000,0.000,0.000,1.100,0.600,1.300,2.600,5.900,0,0,0,0,0,0,0,0,0,0,0,0,0.000,0.000,0.000,0.000,0,0,0,0,34.285,170.948,0,0.600,1.300,0,0,0.400,0.700,0,0,0.200,0.600,0,0,0,0,0,0.000
2689,1979052068,1,0,1,2,127.200,123.800,0.200,2.900,6.800,2.100,0.000,0,34.300,0.000,0.000,1.900,11.100,7.200,3.800,0.000,0.000,0.000,1.000,0.000,0.000,0.000,0.000,0,0,0,0,0,0,0,0,0,0,0,0,0.000,0.000,0.000,0.000,0,0,0,0,32.847,162.461,0,0.200,1.400,0,0,0.200,0.900,0,0,0.000,0.500,0,0,0,0,0,0.000
2690,1979052068,1,0,1,2,143.300,139.700,0.200,3.000,7.800,2.500,0.000,0,38.900,0.000,0.000,2.100,12.300,7.700,4.400,0.000,0.000,0.000,0.900,0.000,0.000,0.000,0.000,0,0,0,0,0,0,0,0,0,0,0,0,0.000,0.000,0.000,0.000,0,0,0,0,32.137,158.364,0,0.300,1.600,0,0,0.200,1.000,0,0,0.100,0.600,0,0,0,0,0,0.000
2691,1979052068,1,0,1,2,156.400,152.600,0.200,3.000,8.100,2.500,0.000,0,11.400,0.000,0.000,23.500,25.200,20.300,4.600,0.000,0.000,0.000,1.100,0.500,1.300,2.500,5.800,0,0,0,0,0,0,0,0,0,0,0,0,0.000,0.000,0.000,0.000,0,0,0,0,31.950,157.327,0,0.600,10.300,0,0,0.500,9.700,0,0,0.100,0.600,0,0,0,0,0,0.000
2692,1979052068,1,0,1,2,126.400,123.300,0.100,2.700,7.100,2.400,0.000,0,33.800,0.000,0.000,1.700,13.800,9.900,3.800,0.000,0.000,0.000,0.800,0.000,0.000,0.000,0.000,0,0,0,0,0,0,0,0,0,0,0,0,0.000,0.000,0.000,0.000,0,0,0,0,31.473,151.202,0,0.200,1.300,0,0,0.100,0.800,0,0,0.100,0.500,0,0,0,0,0,0.000
2693,1979052068,1,0,1,2,131.500,128.000,0.100,3.000,6.900,2.200,0.000,0,35.700,0.000,0.000,1.900,13.800,9.600,4.000,0.000,0.000,0.000,0.900,0.000,0.000,0.000,0.000,0,0,0,0,0,0,0,0,0,0,0,0,0.000,0.000,0.000,0.000,0,0,0,0,30.938,147.026,0,0.300,1.400,0,0,0.200,0.900,0,0,0.100,0.500,0,0,0,0,0,0.000
2694,1979052068,1,0,1,2,122.400,119.500,0.100,2.500,6.500,2.100,0.000,0,8.800,0.000,0.000,28.700,12.900,9.200,3.400,0.000,0.000,0.000,0.800,0.600,1.200,2.000,4.500,0,0,0,0,0,0,0,0,0,0,0,0,0.000,0.000,0.000,0.000,0,0,0,0,31.291,142.071,0,0.200,1.100,0,0,0.100,0.600,0,0,0.100,0.500,0,0,0,0,0,0.000
2695,1979052068,1,0,1,2,131.000,127.800,0.200,2.700,6.800,2.200,0.000,0,35.300,0.000,0.000,1.700,13.800,9.900,3.700,0.000,0.000,0.000,0.800,0.000,0.000,0.000,0.000,0,0,0,0,0,0,0,0,0,0,0,0,0.000,0.000,0.000,0.000,0,0,0,0,30.753,139.502,0,0.200,1.400,0,0,0.200,0.900,0,0,0.000,0.500,0,0,0,0,0,0.000
2696,1979052068,1,0,1,2,288.700,284.400,0.200,3.800,29.400,9.400,0.000,0,13.500,0.000,0.000,8.300,49.000,30.800,17.300,0.000,0.000,0.000,4.000,0.000,0.000,0.000,0.000,0,0,0,0,0,0,0,0,0,0,0,0,0.000,0.000,0.000,0.000,0,0,0,0,36.449,165.584,0,1.100,5.300,0,0,0.700,3.200,0,0,0.400,2.100,0,0,0,0,0,0.000
2697,1979052068,1,0,1,2,116.800,114.100,0.200,2.200,5.600,1.600,0.000,0,15.800,0.000,0.000,25.100,11.600,8.300,3.100,0.000,0.000,0.000,0.700,0.500,0.900,1.800,3.800,0,0,0,0,0,0,0,0,0,0,0,0,0.000,0.000,0.000,0.000,0,0,0,0,34.784,156.317,0,0.200,1.000,0,0,0.200,0.600,0,0,0.000,0.400,0,0,0,0,0,0.000
2698,1979052068,1,0,1,2,107.800,105.100,0.200,2.300,5.700,1.800,0.000,0,30.000,0.000,0.000,1.300,11.600,8.200,3.200,0.000,0.000,0.000,0.700,0.000,0.000,0.000,0.000,0,0,0,0,0,0,0,0,0,0,0,0,0.000,0.000,0.000,0.000,0,0,0,0,33.779,147.098,0,0.200,1.300,0,0,0.100,0.700,0,0,0.100,0.600,0,0,0,0,0,0.000
2699,1979052068,1,0,1,2,93.900,91.200,0.100,2.200,9.200,1.900,0.000,0,8.200,0.000,0.000,1.900,13.800,9.200,4.400,0.000,0.000,0.000,0.900,0.000,0.000,0.000,0.000,0,0,0,0,0,0,0,0,0,0,0,0,0.000,0.000,0.000,0.000,0,0,0,0,36.879,137.036,0,0.300,2.500,0,0,0.200,0.800,0,0,0.100,1.700,0,0,0,0,0,0.000
2700,1979052068,1,0,1,2,359.500,351.400,0.400,6.800,29.300,5.800,0.000,0,49.800,0.000,0.000,61.600,33.000,21.700,10.700,0.000,0.000,0.000,2.200,0.900,2.400,6.200,13.800,0,0,0,0,0,0,0,0,0,0,0,0,0.000,0.000,0.000,0.000,0,0,0,0,38.503,175.622,0,0.500,3.100,0,0,0.400,1.700,0,0,0.100,1.400,0,0,0,0,0,0.000
2701,1979052068,1,0,1,2,343.100,334.500,0.400,7.200,17.400,5.800,0.000,0,83.900,0.000,0.000,4.600,31.200,20.200,10.500,0.000,0.000,0.000,2.200,0.000,0.000,0.000,0.000,0,0,0,0,0,0,0,0,0,0,0,0,0.000,0.000,0.000,0.000,0,0,0,0,39.312,204.220,0,0.600,3.200,0,0,0.400,1.900,0,0,0.200,1.300,0,0,0,0,0,0.000
2702,1979052068,1,0,1,2,88.900,86.000,0.100,2.500,6.300,1.900,0.000,0,8.600,0.000,0.000,1.500,12.000,8.700,3.000,0.000,0.000,0.000,0.700,0.000,0.000,0.000,0.000,0,0,0,0,0,0,0,0,0,0,0,0,0.000,0.000,0.000,0.000,0,0,0,0,37.006,182.940,0,0.300,1.100,0,0,0.200,0.700,0,0,0.100,0.400,0,0,0,0,0,0.000
2703,1979052068,1,0,1,2,129.800,126.800,0.100,2.500,6.800,2.400,0.000,0,17.500,0.000,0.000,27.700,12.700,9.100,3.400,0.000,0.000,0.000,1.100,0.500,1.000,2.200,4.600,0,0,0,0,0,0,0,0,0,0,0,0,0.000,0.000,0.000,0.000,0,0,0,0,35.817,172.835,0,0.300,1.300,0,0,0.200,0.900,0,0,0.100,0.400,0,0,0,0,0,0.000
2704,1979052068,1,0,1,2,152.800,148.700,0.300,3.600,9.800,3.200,0.000,0,11.100,0.000,0.000,2.500,22.000,15.600,6.200,0.000,0.000,0.000,1.300,0.000,0.000,0.000,0.000,0,0,0,0,0,0,0,0,0,0,0,0,0.000,0.000,0.000,0.000,0,0,0,0,35.292,168.491,0,0.900,2.400,0,0,0.800,1.500,0,0,0.100,0.900,0,0,0,0,0,0.000
2705,1979052068,1,0,1,2,348.600,340.400,0.400,6.900,17.500,5.900,0.000,0,50.200,0.000,0.000,61.100,31.600,20.500,10.500,0.000,0.000,0.000,2.300,1.000,2.500,6.500,14.000,0,0,0,0,0,0,0,0,0,0,0,0,0.000,0.000,0.000,0.000,0,0,0,0,37.633,199.434,0,0.600,2.900,0,0,0.400,1.600,0,0,0.200,1.300,0,0,0,0,0,0.000
2706,1979052068,1,0,1,2,173.600,168.800,0.200,4.300,9.300,3.300,0.000,0,44.500,0.000,0.000,2.400,18.100,12.500,5.400,0.000,0.000,0.000,1.100,0.000,0.000,0.000,0.000,0,0,0,0,0,0,0,0,0,0,0,0,0.000,0.000,0.000,0.000,0,0,0,0,36.907,193.920,0,0.400,1.800,0,0,0.300,1.100,0,0,0.100,0.700,0,0,0,0,0,0.000
2707,1979052068,1,0,1,2,167.400,163.700,0.300,3.100,8.300,3.100,0.000,0,23.400,0.000,0.000,34.200,16.200,11.300,4.500,0.000,0.000,0.000,1.000,0.600,1.300,2.700,5.800,0,0,0,0,0,0,0,0,0,0,0,0,0.000,0.000,0.000,0.000,0,0,0,0,36.078,188.481,0,0.300,1.400,0,0,0.200,0.800,0,0,0.100,0.600,0,0,0,0,0,0.000
2708,1979052068,1,0,1,2,253.200,247.000,0.300,5.200,13.500,11.100,0.000,0,67.900,0.000,0.000,3.200,25.400,17.200,7.700,0.000,0.000,0.000,1.500,0.000,0.000,0.000,0.000,0,0,0,0,0,0,0,0,0,0,0,0,0.000,0.000,0.000,0.000,0,0,0,0,37.774,199.014,0,0.500,2.600,0,0,0.300,1.600,0,0,0.200,1.000,0,0,0,0,0,0.000
2709,1979052068,1,0,1,2,206.700,201.800,0.400,4.000,10.600,3.200,0.000,0,28.300,0.000,0.000,40.100,20.100,13.900,6.000,0.000,0.000,0.000,1.200,0.700,1.700,3.500,7.600,0,0,0,0,0,0,0,0,0,0,0,0,0.000,0.000,0.000,0.000,0,0,0,0,37.707,199.516,0,0.400,2.100,0,0,0.200,1.300,0,0,0.200,0.800,0,0,0,0,0,0.000
2710,1979052068,1,0,1,2,160.100,155.900,0.300,3.500,8.400,2.600,0.000,0,43.300,0.000,0.000,2.100,17.600,12.500,4.700,0.000,0.000,0.000,1.000,0.000,0.000,0.000,0.000,0,0,0,0,0,0,0,0,0,0,0,0,0.000,0.000,0.000,0.000,0,0,0,0,37.417,191.665,0,0.300,1.700,0,0,0.200,1.000,0,0,0.100,0.700,0,0,0,0,0,0.000
2711,1979052068,1,0,1,2,151.000,146.500,0.200,3.800,10.100,3.200,0.000,0,13.600,0.000,0.000,2.600,19.800,13.600,5.900,0.000,0.000,0.000,1.400,0.000,0.000,0.000,0.000,0,0,0,0,0,0,0,0,0,0,0,0,0.000,0.000,0.000,0.000,0,0,0,0,36.910,183.535,0,0.400,2.000,0,0,0.200,1.200,0,0,0.200,0.800,0,0,0,0,0,0.000
2712,1979052068,1,0,1,2,211.100,205.900,0.200,4.500,9.900,3.400,0.000,0,29.600,0.000,0.000,41.300,19.700,13.300,6.100,0.000,0.000,0.000,1.400,0.700,1.600,3.500,8.000,0,0,0,0,0,0,0,0,0,0,0,0,0.000,0.000,0.000,0.000,0,0,0,0,39.464,187.561,0,0.500,1.800,0,0,0.300,1.000,0,0,0.200,0.800,0,0,0,0,0,0.000
2713,1979052068,1,0,1,2,354.700,345.900,0.500,7.300,17.600,5.500,0.000,0,85.600,0.000,0.000,4.500,32.000,20.900,10.500,0.000,0.000,0.000,2.300,0.000,0.000,0.000,0.000,0,0,0,0,0,0,0,0,0,0,0,0,0.000,0.000,0.000,0.000,0,0,0,0,41.487,216.062,0,0.500,3.400,0,0,0.400,2.100,0,0,0.100,1.300,0,0,0,0,0,0.000
2714,1979052068,1,0,1,2,373.100,364.800,0.500,7.000,19.700,5.700,0.000,0,50.800,0.000,0.000,66.400,33.500,22.300,10.700,0.000,0.000,0.000,2.300,1.100,2.600,6.400,14.000,0,0,0,0,0,0,0,0,0,0,0,0,0.000,0.000,0.000,0.000,0,0,0,0,45.899,242.835,0,0.700,3.300,0,0,0.400,1.900,0,0,0.300,1.400,0,0,0,0,0,0.000
2715,1979052068,1,0,1,2,289.200,281.500,0.500,6.500,15.200,5.000,0.000,0,77.300,0.000,0.000,4.300,28.300,18.700,9.100,0.000,0.000,0.000,2.100,0.000,0.000,0.000,0.000,0,0,0,0,0,0,0,0,0,0,0,0,0.000,0.000,0.000,0.000,0,0,0,0,46.241,249.794,0,0.500,2.900,0,0,0.300,1.800,0,0,0.200,1.100,0,0,0,0,0,0.000
2716,1979052068,1,0,1,2,275.600,268.400,0.300,6.200,11.300,3.400,0.000,0,47.100,0.000,0.000,41.300,20.300,13.700,6.200,0.000,0.000,0.000,1.500,0.700,1.500,3.800,8.200,0,0,0,0,0,0,0,0,0,0,0,0,0.000,0.000,0.000,0.000,0,0,0,0,44.866,253.143,0,0.400,1.900,0,0,0.300,1.100,0,0,0.100,0.800,0,0,0,0,0,0.000
2717,1979052068,1,0,1,2,267.800,259.900,0.400,6.700,17.700,5.600,0.000,0,24.300,0.000,0.000,4.700,32.500,21.000,10.700,0.000,0.000,0.000,2.600,0.000,0.000,0.000,0.000,0,0,0,0,0,0,0,0,0,0,0,0,0.000,0.000,0.000,0.000,0,0,0,0,48.310,254.360,0,0.700,3.300,0,0,0.500,2.000,0,0,0.200,1.300,0,0,0,0,0,0.000
2718,1979052068,1,0,1,2,307.100,298.800,0.300,7.200,18.000,6.000,0.000,0,78.100,0.000,0.000,3.800,32.400,19.700,12.300,0.000,0.000,0.000,1.900,0.000,0.000,0.000,0.000,0,0,0,0,0,0,0,0,0,0,0,0,0.000,0.000,0.000,0.000,0,0,0,0,46.148,262.359,0,0.700,3.200,0,0,0.500,1.800,0,0,0.200,1.400,0,0,0,0,0,0.000
2719,1979052068,1,0,1,2,398.900,390.700,0.400,7.000,17.000,5.300,0.000,0,48.300,0.000,0.000,60.200,30.900,20.300,10.000,0.000,0.000,0.000,2.000,1.000,2.200,6.000,13.300,0,0,0,0,0,0,0,0,0,0,0,0,0.000,0.000,0.000,0.000,0,0,0,0,47.742,285.460,0,0.500,3.200,0,0,0.400,1.700,0,0,0.100,1.500,0,0,0,0,0,0.000
2720,1979052068,1,0,1,2,347.800,338.900,0.700,7.300,17.600,5.800,0.000,0,84.900,0.000,0.000,4.600,33.200,21.800,10.700,0.000,0.000,0.000,2.300,0.000,0.000,0.000,0.000,0,0,0,0,0,0,0,0,0,0,0,0,0.000,0.000,0.000,0.000,0,0,0,0,48.346,295.079,0,0.700,3.300,0,0,0.500,2.000,0,0,0.200,1.300,0,0,0,0,0,0.000
2721,1979052068,1,0,1,2,355.600,347.500,0.400,6.900,18.400,5.500,0.000,0,50.400,0.000,0.000,64.200,33.100,21.900,10.700,0.000,0.000,0.000,2.200,1.000,2.300,6.300,13.700,0,0,0,0,0,0,0,0,0,0,0,0,0.000,0.000,0.000,0.000,0,0,0,0,49.670,304.515,0,0.600,3.100,0,0,0.400,1.700,0,0,0.200,1.400,0,0,0,0,0,0.000
2722,1979052068,1,0,1,2,329.900,321.400,0.500,7.000,17.400,6.100,0.000,0,86.700,0.000,0.000,4.800,32.500,21.300,10.600,0.000,0.000,0.000,2.500,0.000,0.000,0.000,0.000,0,0,0,0,0,0,0,0,0,0,0,0,0.000,0.000,0.000,0.000,0,0,0,0,49.243,307.554,0,0.600,3.300,0,0,0.400,2.100,0,0,0.200,1.200,0,0,0,0,0,0.000
2723,1979052068,1,0,1,2,265.300,257.300,0.400,6.700,17.300,5.700,0.000,0,24.000,0.000,0.000,4.700,31.900,20.800,10.500,0.000,0.000,0.000,2.200,0.000,0.000,0.000,0.000,0,0,0,0,0,0,0,0,0,0,0,0,0.000,0.000,0.000,0.000,0,0,0,0,49.775,298.509,0,0.600,3.300,0,0,0.400,2.000,0,0,0.200,1.300,0,0,0,0,0,0.000
2724,1979052068,1,0,1,2,354.600,346.300,0.400,7.000,17.900,5.700,0.000,0,50.700,0.000,0.000,64.400,32.200,20.800,10.500,0.000,0.000,0.000,2.500,1.100,2.700,6.500,13.600,0,0,0,0,0,0,0,0,0,0,0,0,0.000,0.000,0.000,0.000,0,0,0,0,50.950,307.111,0,0.600,3.000,0,0,0.400,1.700,0,0,0.200,1.300,0,0,0,0,0,0.000
2725,1979052068,1,0,1,2,359.700,350.600,0.500,7.700,19.200,6.400,0.000,0,93.100,0.000,0.000,4.900,35.500,23.700,11.300,0.000,0.000,0.000,2.500,0.000,0.000,0.000,0.000,0,0,0,0,0,0,0,0,0,0,0,0,0.000,0.000,0.000,0.000,0,0,0,0,55.693,314.939,0,0.700,3.700,0,0,0.400,2.300,0,0,0.300,1.400,0,0,0,0,0,0.000
2726,1979052068,1,0,1,2,400.400,391.100,0.600,7.800,19.800,6.400,0.000,0,54.300,0.000,0.000,78.800,35.200,23.000,11.500,0.000,0.000,0.000,2.500,1.100,2.800,6.800,15.400,0,0,0,0,0,0,0,0,0,0,0,0,0.000,0.000,0.000,0.000,0,0,0,0,57.692,328.648,0,0.700,3.300,0,0,0.500,1.900,0,0,0.200,1.400,0,0,0,0,0,0.000
2727,1979052068,1,0,1,2,307.300,299.700,0.400,6.400,25.700,8.600,0.000,0,23.700,0.000,0.000,7.300,47.500,30.300,16.400,0.000,0.000,0.000,3.500,0.000,0.000,0.000,0.000,0,0,0,0,0,0,0,0,0,0,0,0,0.000,0.000,0.000,0.000,0,0,0,0,56.992,323.437,0,1.600,5.300,0,0,1.300,3.000,0,0,0.300,2.300,0,0,0,0,0,0.000
2728,1979052068,1,0,1,2,403.900,395.400,0.500,7.100,18.700,6.000,0.000,0,52.700,0.000,0.000,69.100,35.500,23.300,11.500,0.000,0.000,0.000,2.700,1.000,2.700,6.600,15.500,0,0,0,0,0,0,0,0,0,0,0,0,0.000,0.000,0.000,0.000,0,0,0,0,56.777,336.391,0,0.700,3.200,0,0,0.500,1.800,0,0,0.200,1.400,0,0,0,0,0,0.000
2729,1979052068,1,0,1,2,305.200,296.600,0.400,7.400,19.900,6.400,0.000,0,35.400,0.000,0.000,5.500,36.700,24.500,11.700,0.000,0.000,0.000,2.900,0.000,0.000,0.000,0.000,0,0,0,0,0,0,0,0,0,0,0,0,0.000,0.000,0.000,0.000,0,0,0,0,56.637,329.228,0,0.600,3.900,0,0,0.400,2.500,0,0,0.200,1.400,0,0,0,0,0,0.000
2730,1979052068,1,0,1,2,384.100,375.200,0.400,7.500,18.800,6.500,0.000,0,55.100,0.000,0.000,69.500,35.100,23.200,11.300,0.000,0.000,0.000,2.500,1.000,2.900,7.000,15.300,0,0,0,0,0,0,0,0,0,0,0,0,0.000,0.000,0.000,0.000,0,0,0,0,57.189,337.503,0,0.600,3.500,0,0,0.400,2.100,0,0,0.200,1.400,0,0,0,0,0,0.000
2731,1979052068,1,0,1,2,287.400,276.200,0.400,9.800,17.900,5.800,0.000,0,36.800,0.000,0.000,4.600,32.300,21.100,10.600,0.000,0.000,0.000,2.400,0.000,0.000,0.000,0.000,0,0,0,0,0,0,0,0,0,0,0,0,0.000,0.000,0.000,0.000,0,0,0,0,56.165,326.469,0,0.600,3.300,0,0,0.400,2.000,0,0,0.200,1.300,0,0,0,0,0,0.000
2732,1979052068,1,0,1,2,361.400,352.200,0.600,7.600,18.700,6.400,0.000,0,94.300,0.000,0.000,4.900,35.400,22.900,11.900,0.000,0.000,0.000,2.400,0.000,0.000,0.000,0.000,0,0,0,0,0,0,0,0,0,0,0,0,0.000,0.000,0.000,0.000,0,0,0,0,55.217,331.100,0,0.800,3.600,0,0,0.500,2.200,0,0,0.300,1.400,0,0,0,0,0,0.000
2733,1979052068,1,0,1,2,316.600,309.100,0.400,6.400,15.500,5.300,0.000,0,21.100,0.000,0.000,57.500,28.800,19.200,9.100,0.000,0.000,0.000,2.000,0.900,2.400,5.500,12.200,0,0,0,0,0,0,0,0,0,0,0,0,0.000,0.000,0.000,0.000,0,0,0,0,54.134,327.140,0,0.600,2.600,0,0,0.400,1.500,0,0,0.200,1.100,0,0,0,0,0,0.000
2734,1979052068,1,0,1,2,205.900,200.300,0.300,4.700,11.200,3.700,0.000,0,50.500,0.000,0.000,3.000,20.700,13.800,6.500,0.000,0.000,0.000,1.400,0.000,0.000,0.000,0.000,0,0,0,0,0,0,0,0,0,0,0,0,0.000,0.000,0.000,0.000,0,0,0,0,50.762,304.309,0,0.400,2.100,0,0,0.300,1.300,0,0,0.100,0.800,0,0,0,0,0,0.000
2735,1979052068,1,0,1,2,405.200,362.600,35.100,6.700,19.100,5.900,0.000,0,86.600,0.000,0.000,4.800,34.900,22.900,11.300,0.000,0.000,0.000,2.400,0.000,0.000,0.000,0.000,0,0,0,0,0,0,0,0,0,0,0,0,0.000,0.000,0.000,0.000,0,0,0,0,51.777,314.801,0,0.500,3.600,0,0,0.400,2.200,0,0,0.100,1.400,0,0,0,0,0,0.000
2736,1979052068,1,0,1,2,327.200,319.000,0.400,6.900,17.800,5.800,0.000,0,23.700,0.000,0.000,63.500,32.900,21.700,10.600,0.000,0.000,0.000,2.100,0.800,2.900,6.400,14.100,0,0,0,0,0,0,0,0,0,0,0,0,0.000,0.000,0.000,0.000,0,0,0,0,51.853,315.557,0,0.600,3.000,0,0,0.500,1.700,0,0,0.100,1.300,0,0,0,0,0,0.000
2737,1979052068,1,0,1,2,345.500,336.900,0.600,7.200,17.800,5.800,0.000,0,101.900,0.000,0.000,4.400,32.000,21.000,10.300,0.000,0.000,0.000,2.200,0.000,0.000,0.000,0.000,0,0,0,0,0,0,0,0,0,0,0,0,0.000,0.000,0.000,0.000,0,0,0,0,51.447,319.399,0,0.700,3.300,0,0,0.400,2.000,0,0,0.300,1.300,0,0,0,0,0,0.000
2738,1979052068,1,0,1,2,352.500,343.600,0.600,7.500,17.700,5.700,0.000,0,106.300,0.000,0.000,4.600,32.200,21.200,10.400,0.000,0.000,0.000,2.200,0.000,0.000,0.000,0.000,0,0,0,0,0,0,0,0,0,0,0,0,0.000,0.000,0.000,0.000,0,0,0,0,51.853,323.755,0,0.700,3.300,0,0,0.400,2.000,0,0,0.300,1.300,0,0,0,0,0,0.000
2739,1979052068,1,0,1,2,374.600,365.200,0.700,7.800,38.800,6.200,0.000,0,25.100,0.000,0.000,70.100,35.200,23.100,11.400,0.000,0.000,0.000,2.500,1.200,2.900,6.900,14.900,0,0,0,0,0,0,0,0,0,0,0,0,0.000,0.000,0.000,0.000,0,0,0,0,53.103,331.215,0,0.600,3.200,0,0,0.400,1.800,0,0,0.200,1.400,0,0,0,0,0,0.000
2740,1979052068,1,0,1,2,361.300,352.700,0.600,7.100,17.600,5.900,0.000,0,82.900,0.000,0.000,4.500,32.800,21.300,10.800,0.000,0.000,0.000,2.300,0.000,0.000,0.000,0.000,0,0,0,0,0,0,0,0,0,0,0,0,0.000,0.000,0.000,0.000,0,0,0,0,53.067,335.082,0,0.500,3.300,0,0,0.400,2.000,0,0,0.100,1.300,0,0,0,0,0,0.000
2741,1979052068,1,0,1,2,391.700,382.800,0.500,7.400,17.900,6.200,0.000,0,59.200,0.000,0.000,68.900,36.400,23.800,11.800,0.000,0.000,0.000,2.300,1.000,2.600,6.900,14.400,0,0,0,0,0,0,0,0,0,0,0,0,0.000,0.000,0.000,0.000,0,0,0,0,53.883,343.672,0,0.600,3.300,0,0,0.400,1.900,0,0,0.200,1.400,0,0,0,0,0,0.000
2742,1979052068,1,0,1,2,399.600,390.500,0.400,7.700,17.500,5.500,0.000,0,154.500,0.000,0.000,4.600,33.200,22.000,10.500,0.000,0.000,0.000,2.200,0.000,0.000,0.000,0.000,0,0,0,0,0,0,0,0,0,0,0,0,0.000,0.000,0.000,0.000,0,0,0,0,53.274,352.101,0,0.700,3.400,0,0,0.500,2.100,0,0,0.200,1.300,0,0,0,0,0,0.000
2743,1979052068,1,0,1,2,267.300,258.900,0.600,6.900,17.600,5.700,0.000,0,24.500,0.000,0.000,4.700,32.300,21.200,10.500,0.000,0.000,0.000,2.400,0.000,0.000,0.000,0.000,0,0,0,0,0,0,0,0,0,0,0,0,0.000,0.000,0.000,0.000,0,0,0,0,53.441,335.325,0,0.600,3.200,0,0,0.400,1.900,0,0,0.200,1.300,0,0,0,0,0,0.000
2744,1979052068,1,0,1,2,383.500,374.400,0.500,7.700,19.500,6.100,0.000,0,54.700,0.000,0.000,68.800,35.500,23.200,11.600,0.000,0.000,0.000,2.700,1.500,2.800,6.700,15.100,0,0,0,0,0,0,0,0,0,0,0,0,0.000,0.000,0.000,0.000,0,0,0,0,54.747,342.358,0,0.700,3.400,0,0,0.400,1.900,0,0,0.300,1.500,0,0,0,0,0,0.000
2745,1979052068,1,0,1,2,366.300,353.600,0.600,11.300,19.200,6.000,0.000,0,97.800,0.000,0.000,4.800,35.500,23.400,11.500,0.000,0.000,0.000,2.300,0.000,0.000,0.000,0.000,0,0,0,0,0,0,0,0,0,0,0,0,0.000,0.000,0.000,0.000,0,0,0,0,54.487,344.382,0,0.700,3.600,0,0,0.500,2.200,0,0,0.200,1.400,0,0,0,0,0,0.000
2746,1979052068,1,0,1,2,370.200,361.800,0.400,7.200,17.400,5.600,0.000,0,50.700,0.000,0.000,77.600,34.200,22.800,10.700,0.000,0.000,0.000,3.200,1.000,2.600,6.500,18.300,0,0,0,0,0,0,0,0,0,0,0,0,0.000,0.000,0.000,0.000,0,0,0,0,55.389,347.517,0,0.700,3.200,0,0,0.400,1.900,0,0,0.300,1.300,0,0,0,0,0,0.000
2747,1979052068,1,0,1,2,169.200,164.300,0.300,4.300,11.300,3.600,0.000,0,15.400,0.000,0.000,2.800,21.100,14.100,6.700,0.000,0.000,0.000,1.400,0.000,0.000,0.000,0.000,0,0,0,0,0,0,0,0,0,0,0,0,0.000,0.000,0.000,0.000,0,0,0,0,52.097,314.538,0,0.400,2.200,0,0,0.300,1.300,0,0,0.100,0.900,0,0,0,0,0,0.000
2748,1979052068,1,0,1,2,261.300,254.600,0.400,5.700,14.200,4.700,0.000,0,62.500,0.000,0.000,3.600,27.400,18.100,8.700,0.000,0.000,0.000,1.800,0.000,0.000,0.000,0.000,0,0,0,0,0,0,0,0,0,0,0,0,0.000,0.000,0.000,0.000,0,0,0,0,50.298,303.749,0,0.500,2.600,0,0,0.300,1.600,0,0,0.200,1.000,0,0,0,0,0,0.000
2749,1979052068,1,0,1,2,233.500,228.100,0.300,4.400,11.200,4.000,0.000,0,38.200,0.000,0.000,43.000,21.700,14.500,7.000,0.000,0.000,0.000,1.400,0.800,1.800,3.800,8.500,0,0,0,0,0,0,0,0,0,0,0,0,0.000,0.000,0.000,0.000,0,0,0,0,48.282,290.132,0,0.300,2.000,0,0,0.200,1.200,0,0,0.100,0.800,0,0,0,0,0,0.000
2750,1979052068,1,0,1,2,312.800,304.400,0.300,7.200,17.500,5.800,0.000,0,24.400,0.000,0.000,4.600,32.400,21.200,10.600,0.000,0.000,0.000,2.300,0.000,0.000,0.000,0.000,0,0,0,0,0,0,0,0,0,0,0,0,0.000,0.000,0.000,0.000,0,0,0,0,48.285,292.700,0,0.600,3.400,0,0,0.400,2.100,0,0,0.200,1.300,0,0,0,0,0,0.000
2751,1979052068,1,0,1,2,385.000,375.600,0.700,7.600,18.600,6.300,0.000,0,58.200,0.000,0.000,68.100,35.300,23.000,11.600,0.000,0.000,0.000,2.500,1.100,2.600,7.000,15.000,0,0,0,0,0,0,0,0,0,0,0,0,0.000,0.000,0.000,0.000,0,0,0,0,49.782,307.622,0,0.700,3.500,0,0,0.400,2.000,0,0,0.300,1.500,0,0,0,0,0,0.000
2752,1979052068,1,0,1,2,317.300,308.700,0.500,7.100,27.000,9.700,0.000,0,25.300,0.000,0.000,6.200,47.500,30.000,17.000,0.000,0.000,0.000,3.000,0.000,0.000,0.000,0.000,0,0,0,0,0,0,0,0,0,0,0,0,0.000,0.000,0.000,0.000,0,0,0,0,55.923,307.816,0,1.800,4.900,0,0,1.400,2.800,0,0,0.400,2.100,0,0,0,0,0,0.000
2753,1979052068,1,0,1,2,351.500,342.400,0.400,7.800,18.500,5.800,0.000,0,99.000,0.000,0.000,4.400,35.100,24.000,10.500,0.000,0.000,0.000,2.100,0.000,0.000,0.000,0.000,0,0,0,0,0,0,0,0,0,0,0,0,0.000,0.000,0.000,0.000,0,0,0,0,57.053,314.041,0,0.600,3.400,0,0,0.400,2.100,0,0,0.200,1.300,0,0,0,0,0,0.000
2754,1979052068,1,0,1,2,334.800,326.400,0.400,7.100,18.300,5.700,0.000,0,25.000,0.000,0.000,66.100,33.600,22.400,10.500,0.000,0.000,0.000,2.400,1.000,2.700,6.300,14.200,0,0,0,0,0,0,0,0,0,0,0,0,0.000,0.000,0.000,0.000,0,0,0,0,57.241,316.266,0,0.700,3.200,0,0,0.500,1.900,0,0,0.200,1.300,0,0,0,0,0,0.000
2755,1979052068,1,0,1,2,388.600,378.900,0.500,8.300,18.000,8.500,0.000,0,101.400,0.000,0.000,5.100,39.400,22.700,16.100,0.000,0.000,0.000,2.600,0.000,0.000,0.000,0.000,0,0,0,0,0,0,0,0,0,0,0,0,0.000,0.000,0.000,0.000,0,0,0,0,56.874,327.540,0,0.800,4.300,0,0,0.400,2.200,0,0,0.400,2.100,0,0,0,0,0,0.000
2756,1979052068,1,0,1,2,371.800,362.900,0.400,7.600,19.400,6.500,0.000,0,93.100,0.000,0.000,5.000,35.800,23.600,11.600,0.000,0.000,0.000,2.500,0.000,0.000,0.000,0.000,0,0,0,0,0,0,0,0,0,0,0,0,0.000,0.000,0.000,0.000,0,0,0,0,56.771,333.905,0,0.600,3.400,0,0,0.400,2.000,0,0,0.200,1.400,0,0,0,0,0,0.000
2757,1979052068,1,0,1,2,379.500,371.000,0.500,7.300,17.600,5.900,0.000,0,52.200,0.000,0.000,63.800,33.500,22.400,10.600,0.000,0.000,0.000,2.200,1.000,2.900,6.300,13.900,0,0,0,0,0,0,0,0,0,0,0,0,0.000,0.000,0.000,0.000,0,0,0,0,57.028,340.582,0,0.600,3.100,0,0,0.400,1.700,0,0,0.200,1.400,0,0,0,0,0,0.000
2758,1979052068,1,0,1,2,332.600,323.900,0.400,7.500,17.700,5.600,0.000,0,87.200,0.000,0.000,4.500,33.500,22.000,10.900,0.000,0.000,0.000,2.300,0.000,0.000,0.000,0.000,0,0,0,0,0,0,0,0,0,0,0,0,0.000,0.000,0.000,0.000,0,0,0,0,55.889,337.579,0,0.600,3.300,0,0,0.400,2.000,0,0,0.200,1.300,0,0,0,0,0,0.000
2759,1979052068,1,0,1,2,247.900,240.500,0.300,6.300,16.500,5.500,0.000,0,22.400,0.000,0.000,4.200,30.000,19.700,9.700,0.000,0.000,0.000,1.900,0.000,0.000,0.000,0.000,0,0,0,0,0,0,0,0,0,0,0,0,0.000,0.000,0.000,0.000,0,0,0,0,54.433,320.105,0,0.600,3.100,0,0,0.400,1.900,0,0,0.200,1.200,0,0,0,0,0,0.000
2760,1979052068,1,0,1,2,363.400,355.200,0.400,6.800,18.100,5.600,0.000,0,51.100,0.000,0.000,64.300,32.900,21.600,10.700,0.000,0.000,0.000,2.200,1.100,2.800,6.500,13.800,0,0,0,0,0,0,0,0,0,0,0,0,0.000,0.000,0.000,0.000,0,0,0,0,54.661,326.422,0,0.600,3.100,0,0,0.400,1.700,0,0,0.200,1.400,0,0,0,0,0,0.000
2761,1979052068,1,0,1,2,289.500,280.900,0.400,7.300,19.100,6.200,0.000,0,26.500,0.000,0.000,5.200,35.700,23.500,11.600,0.000,0.000,0.000,2.500,0.000,0.000,0.000,0.000,0,0,0,0,0,0,0,0,0,0,0,0,0.000,0.000,0.000,0.000,0,0,0,0,54.776,318.228,0,0.700,3.500,0,0,0.500,2.200,0,0,0.200,1.300,0,0,0,0,0,0.000
2762,1979052068,1,0,1,2,298.300,291.100,0.400,6.100,14.800,4.600,0.000,0,75.900,0.000,0.000,4.100,29.300,20.100,8.700,0.000,0.000,0.000,2.000,0.000,0.000,0.000,0.000,0,0,0,0,0,0,0,0,0,0,0,0,0.000,0.000,0.000,0.000,0,0,0,0,53.808,313.345,0,0.500,3.200,0,0,0.300,2.100,0,0,0.200,1.100,0,0,0,0,0,0.000
2763,1979052068,1,0,1,2,261.200,254.900,0.300,5.500,13.200,4.200,0.000,0,38.000,0.000,0.000,47.600,23.800,15.700,7.600,0.000,0.000,0.000,1.600,0.800,1.800,4.600,9.900,0,0,0,0,0,0,0,0,0,0,0,0,0.000,0.000,0.000,0.000,0,0,0,0,51.593,302.825,0,0.400,2.200,0,0,0.300,1.300,0,0,0.100,0.900,0,0,0,0,0,0.000
2764,1979052068,1,0,1,2,196.500,190.400,0.300,5.200,13.000,4.300,0.000,0,18.100,0.000,0.000,3.300,24.900,16.600,7.800,0.000,0.000,0.000,1.700,0.000,0.000,0.000,0.000,0,0,0,0,0,0,0,0,0,0,0,0,0.000,0.000,0.000,0.000,0,0,0,0,49.344,282.588,0,0.500,2.800,0,0,0.300,1.900,0,0,0.200,0.900,0,0,0,0,0,0.000
2765,1979052068,1,0,1,2,215.600,209.700,0.700,4.600,12.000,4.000,0.000,0,52.600,0.000,0.000,3.300,22.400,15.100,6.900,0.000,0.000,0.000,1.700,0.000,0.000,0.000,0.000,0,0,0,0,0,0,0,0,0,0,0,0,0.000,0.000,0.000,0.000,0,0,0,0,47.068,269.469,0,0.400,2.200,0,0,0.300,1.400,0,0,0.100,0.800,0,0,0,0,0,0.000
2766,1979052068,1,0,1,2,362.000,353.800,0.400,6.900,17.600,5.800,0.000,0,52.300,0.000,0.000,65.900,33.900,22.800,10.500,0.000,0.000,0.000,2.800,1.000,2.700,6.400,14.100,0,0,0,0,0,0,0,0,0,0,0,0,0.000,0.000,0.000,0.000,0,0,0,0,49.126,284.648,0,0.600,3.200,0,0,0.400,1.800,0,0,0.200,1.400,0,0,0,0,0,0.000
2767,1979052068,1,0,1,2,306.200,297.300,0.500,7.600,36.200,6.100,0.000,0,26.600,0.000,0.000,4.900,35.000,22.700,11.700,0.000,0.000,0.000,2.400,0.000,0.000,0.000,0.000,0,0,0,0,0,0,0,0,0,0,0,0,0.000,0.000,0.000,0.000,0,0,0,0,50.291,286.926,0,0.700,3.800,0,0,0.400,2.300,0,0,0.300,1.500,0,0,0,0,0,0.000
2768,1979052068,1,0,1,2,375.000,365.900,0.500,7.700,17.600,5.900,0.000,0,51.800,0.000,0.000,64.900,47.000,29.300,17.000,0.000,0.000,0.000,2.300,1.100,2.700,6.500,14.400,0,0,0,0,0,0,0,0,0,0,0,0,0.000,0.000,0.000,0.000,0,0,0,0,51.049,301.141,0,1.400,4.300,0,0,1.100,2.200,0,0,0.300,2.100,0,0,0,0,0,0.000
2769,1979052068,1,0,1,2,368.800,360.200,0.500,7.300,17.900,5.800,0.000,0,99.000,0.000,0.000,4.700,33.700,22.700,10.400,0.000,0.000,0.000,2.300,0.000,0.000,0.000,0.000,0,0,0,0,0,0,0,0,0,0,0,0,0.000,0.000,0.000,0.000,0,0,0,0,51.472,311.772,0,0.700,3.300,0,0,0.500,2.000,0,0,0.200,1.300,0,0,0,0,0,0.000
2770,1979052068,1,0,1,2,337.300,328.600,0.400,7.400,17.600,5.900,0.000,0,90.800,0.000,0.000,4.700,33.200,22.100,10.600,0.000,0.000,0.000,2.300,0.000,0.000,0.000,0.000,0,0,0,0,0,0,0,0,0,0,0,0,0.000,0.000,0.000,0.000,0,0,0,0,52.251,314.801,0,0.600,3.500,0,0,0.400,2.100,0,0,0.200,1.400,0,0,0,0,0,0.000
2771,1979052068,1,0,1,2,365.300,357.300,0.400,6.700,17.600,6.100,0.000,0,24.100,0.000,0.000,63.900,62.000,50.900,10.600,0.000,0.000,0.000,2.400,1.100,2.600,6.500,13.800,0,0,0,0,0,0,0,0,0,0,0,0,0.000,0.000,0.000,0.000,0,0,0,0,52.764,322.451,0,0.600,3.100,0,0,0.400,1.700,0,0,0.200,1.400,0,0,0,0,0,0.000
2772,1979052068,1,0,1,2,309.800,301.700,0.300,6.800,16.600,5.400,0.000,0,83.100,0.000,0.000,4.200,30.200,19.900,9.800,0.000,0.000,0.000,2.000,0.000,0.000,0.000,0.000,0,0,0,0,0,0,0,0,0,0,0,0,0.000,0.000,0.000,0.000,0,0,0,0,52.392,318.715,0,0.600,3.100,0,0,0.400,1.900,0,0,0.200,1.200,0,0,0,0,0,0.000
2773,1979052068,1,0,1,2,307.600,298.000,0.400,8.400,15.500,4.800,0.000,0,90.300,0.000,0.000,4.100,28.900,19.100,9.400,0.000,0.000,0.000,1.900,0.000,0.000,0.000,0.000,0,0,0,0,0,0,0,0,0,0,0,0,0.000,0.000,0.000,0.000,0,0,0,0,51.638,314.987,0,0.500,2.800,0,0,0.300,1.700,0,0,0.200,1.100,0,0,0,0,0,0.000
2774,1979052068,1,0,1,2,242.900,236.900,0.300,5.100,13.100,4.800,0.000,0,17.700,0.000,0.000,48.700,24.600,16.500,7.600,0.000,0.000,0.000,1.800,0.900,2.200,4.500,10.100,0,0,0,0,0,0,0,0,0,0,0,0,0.000,0.000,0.000,0.000,0,0,0,0,49.939,300.931,0,0.400,2.300,0,0,0.300,1.300,0,0,0.100,1.000,0,0,0,0,0,0.000
2775,1979052068,1,0,1,2,393.000,384.500,0.400,7.200,17.500,5.800,0.000,0,84.800,0.000,0.000,4.700,33.300,22.100,10.600,0.000,0.000,0.000,2.300,0.000,0.000,0.000,0.000,0,0,0,0,0,0,0,0,0,0,0,0,0.000,0.000,0.000,0.000,0,0,0,0,50.058,315.973,0,0.600,3.400,0,0,0.400,2.000,0,0,0.200,1.400,0,0,0,0,0,0.000
2776,1979052068,1,0,1,2,356.800,348.500,0.400,7.100,17.400,5.800,0.000,0,52.000,0.000,0.000,64.600,33.000,21.800,10.500,0.000,0.000,0.000,2.400,1.100,2.900,6.300,13.900,0,0,0,0,0,0,0,0,0,0,0,0,0.000,0.000,0.000,0.000,0,0,0,0,49.940,321.828,0,0.700,3.000,0,0,0.600,1.700,0,0,0.100,1.300,0,0,0,0,0,0.000
2777,1979052068,1,0,1,2,362.800,353.500,0.500,7.900,18.700,6.100,0.000,0,110.500,0.000,0.000,4.500,37.000,25.800,10.600,0.000,0.000,0.000,2.400,0.000,0.000,0.000,0.000,0,0,0,0,0,0,0,0,0,0,0,0,0.000,0.000,0.000,0.000,0,0,0,0,50.760,327.529,0,0.600,3.500,0,0,0.400,2.200,0,0,0.200,1.300,0,0,0,0,0,0.000
2778,1979052068,1,0,1,2,356.100,347.900,0.400,6.900,17.700,6.000,0.000,0,50.800,0.000,0.000,64.200,33.000,21.700,10.700,0.000,0.000,0.000,2.400,1.100,2.600,6.300,13.700,0,0,0,0,0,0,0,0,0,0,0,0,0.000,0.000,0.000,0.000,0,0,0,0,51.524,331.196,0,0.600,3.000,0,0,0.400,1.700,0,0,0.200,1.300,0,0,0,0,0,0.000
2779,1979052068,1,0,1,2,225.300,219.500,0.400,4.800,13.300,3.900,0.000,0,54.800,0.000,0.000,3.000,23.100,15.300,7.300,0.000,0.000,0.000,1.500,0.000,0.000,0.000,0.000,0,0,0,0,0,0,0,0,0,0,0,0,0.000,0.000,0.000,0.000,0,0,0,0,49.143,311.091,0,0.500,2.400,0,0,0.300,1.500,0,0,0.200,0.900,0,0,0,0,0,0.000
2780,1979052068,1,0,1,2,267.000,257.900,0.400,7.900,17.600,5.900,0.000,0,25.500,0.000,0.000,5.000,33.500,22.400,10.400,0.000,0.000,0.000,2.500,0.000,0.000,0.000,0.000,0,0,0,0,0,0,0,0,0,0,0,0,0.000,0.000,0.000,0.000,0,0,0,0,49.910,301.516,0,0.600,3.800,0,0,0.500,2.400,0,0,0.100,1.400,0,0,0,0,0,0.000
2781,1979052068,1,0,1,2,368.400,361.400,0.400,5.700,27.500,5.000,0.000,0,42.400,0.000,0.000,62.900,30.200,21.300,8.500,0.000,0.000,0.000,2.000,1.100,2.400,5.200,10.600,0,0,0,0,0,0,0,0,0,0,0,0,0.000,0.000,0.000,0.000,0,0,0,0,51.042,312.295,0,0.700,3.300,0,0,0.400,2.300,0,0,0.300,1.000,0,0,0,0,0,0.000
2782,1979052068,1,0,1,2,360.200,348.900,0.500,9.700,18.600,8.100,0.000,0,35.600,0.000,0.000,4.900,44.600,27.800,16.200,0.000,0.000,0.000,2.200,0.000,0.000,0.000,0.000,0,0,0,0,0,0,0,0,0,0,0,0,0.000,0.000,0.000,0.000,0,0,0,0,52.762,318.884,0,1.000,4.100,0,0,0.700,2.200,0,0,0.300,1.900,0,0,0,0,0,0.000
2783,1979052068,1,0,1,2,292.400,285.000,0.500,6.300,15.500,4.900,0.000,0,78.700,0.000,0.000,4.100,28.700,19.000,9.300,0.000,0.000,0.000,2.000,0.000,0.000,0.000,0.000,0,0,0,0,0,0,0,0,0,0,0,0,0.000,0.000,0.000,0.000,0,0,0,0,51.509,312.785,0,0.600,3.100,0,0,0.400,1.900,0,0,0.200,1.200,0,0,0,0,0,0.000
2784,1979052068,1,0,1,2,410.100,400.400,0.500,8.200,18.700,6.600,0.000,0,55.800,0.000,0.000,69.500,35.400,23.400,11.300,0.000,0.000,0.000,2.400,1.200,2.800,7.000,15.100,0,0,0,0,0,0,0,0,0,0,0,0,0.000,0.000,0.000,0.000,0,0,0,0,52.551,328.556,0,0.800,3.200,0,0,0.500,1.800,0,0,0.300,1.400,0,0,0,0,0,0.000
2785,1979052068,1,0,1,2,287.500,278.800,0.400,7.400,18.800,6.200,0.000,0,25.800,0.000,0.000,4.600,34.900,23.000,11.400,0.000,0.000,0.000,2.200,0.000,0.000,0.000,0.000,0,0,0,0,0,0,0,0,0,0,0,0,0.000,0.000,0.000,0.000,0,0,0,0,53.118,319.600,0,0.600,3.600,0,0,0.400,2.200,0,0,0.200,1.400,0,0,0,0,0,0.000
2786,1979052068,1,0,1,2,402.800,394.400,0.500,7.100,20.100,16.900,0.000,0,59.200,0.000,0.000,71.600,35.600,23.400,11.500,0.000,0.000,0.000,2.600,1.100,3.000,6.800,14.800,0,0,0,0,0,0,0,0,0,0,0,0,0.000,0.000,0.000,0.000,0,0,0,0,53.871,333.064,0,0.800,3.300,0,0,0.500,1.900,0,0,0.300,1.400,0,0,0,0,0,0.000
2787,1979052068,1,0,1,2,348.800,339.800,0.500,7.700,17.600,5.500,0.000,0,103.200,0.000,0.000,4.700,32.600,21.200,10.700,0.000,0.000,0.000,2.200,0.000,0.000,0.000,0.000,0,0,0,0,0,0,0,0,0,0,0,0,0.000,0.000,0.000,0.000,0,0,0,0,53.624,334.276,0,0.600,3.400,0,0,0.400,2.000,0,0,0.200,1.400,0,0,0,0,0,0.000
2788,1979052068,1,0,1,2,333.100,324.500,0.400,7.200,17.700,5.500,0.000,0,88.000,0.000,0.000,4.500,32.800,21.500,10.700,0.000,0.000,0.000,2.200,0.000,0.000,0.000,0.000,0,0,0,0,0,0,0,0,0,0,0,0,0.000,0.000,0.000,0.000,0,0,0,0,52.882,332.517,0,1.000,3.300,0,0,0.700,2.000,0,0,0.300,1.300,0,0,0,0,0,0.000
2789,1979052068,1,0,1,2,378.500,365.600,0.700,11.400,19.300,6.200,0.000,0,24.800,0.000,0.000,88.600,35.300,23.300,11.400,0.000,0.000,0.000,22.200,1.300,2.800,7.000,15.400,0,0,0,0,0,0,0,0,0,0,0,0,0.000,0.000,0.000,0.000,0,0,0,0,53.569,338.472,0,0.800,3.400,0,0,0.500,1.900,0,0,0.300,1.500,0,0,0,0,0,0.000
2790,1979052068,1,0,1,2,369.400,327.900,33.400,7.200,18.900,6.300,0.000,0,26.200,0.000,0.000,51.800,34.900,22.700,11.700,0.000,0.000,0.000,2.600,0.900,1.500,4.400,8.400,0,0,0,0,0,0,0,0,0,0,0,0,0.000,0.000,0.000,0.000,0,0,0,0,54.061,336.569,0,0.600,3.200,0,0,0.400,1.800,0,0,0.200,1.400,0,0,0,0,0,0.000
2791,1979052068,1,0,1,2,326.400,319.000,0.300,6.100,17.900,5.900,0.000,0,49.700,0.000,0.000,44.200,31.300,19.800,11.000,0.000,0.000,0.000,2.200,0.700,1.600,3.700,7.400,0,0,0,0,0,0,0,0,0,0,0,0,0.000,0.000,0.000,0.000,0,0,0,0,52.340,333.406,0,0.700,3.000,0,0,0.400,1.600,0,0,0.300,1.400,0,0,0,0,0,0.000
2792,1979052068,1,0,1,2,198.100,192.000,0.400,5.100,13.600,4.400,0.000,0,17.300,0.000,0.000,3.400,24.800,16.500,7.800,0.000,0.000,0.000,1.600,0.000,0.000,0.000,0.000,0,0,0,0,0,0,0,0,0,0,0,0,0.000,0.000,0.000,0.000,0,0,0,0,50.587,307.953,0,0.400,2.500,0,0,0.300,1.600,0,0,0.100,0.900,0,0,0,0,0,0.000
2793,1979052068,1,0,1,2,312.100,303.900,0.400,7.000,12.600,4.000,0.000,0,50.800,0.000,0.000,47.400,23.400,15.800,7.200,0.000,0.000,0.000,1.700,0.800,1.900,4.400,9.500,0,0,0,0,0,0,0,0,0,0,0,0,0.000,0.000,0.000,0.000,0,0,0,0,49.113,307.224,0,0.400,2.100,0,0,0.300,1.200,0,0,0.100,0.900,0,0,0,0,0,0.000
2794,1979052068,1,0,1,2,267.400,259.400,0.400,6.800,18.000,5.600,0.000,0,23.900,0.000,0.000,4.400,32.500,21.400,10.500,0.000,0.000,0.000,2.200,0.000,0.000,0.000,0.000,0,0,0,0,0,0,0,0,0,0,0,0,0.000,0.000,0.000,0.000,0,0,0,0,50.911,298.615,0,0.600,3.300,0,0,0.400,2.000,0,0,0.200,1.300,0,0,0,0,0,0.000
2795,1979052068,1,0,1,2,189.000,184.300,0.200,3.900,10.100,3.300,0.000,0,49.500,0.000,0.000,2.700,19.900,13.700,5.800,0.000,0.000,0.000,1.200,0.000,0.000,0.000,0.000,0,0,0,0,0,0,0,0,0,0,0,0,0.000,0.000,0.000,0.000,0,0,0,0,48.983,278.039,0,0.400,1.900,0,0,0.300,1.200,0,0,0.100,0.700,0,0,0,0,0,0.000
2796,1979052068,1,0,1,2,305.300,297.700,0.400,6.500,16.500,5.300,0.000,0,21.700,0.000,0.000,59.700,31.200,20.600,10.000,0.000,0.000,0.000,2.100,0.900,2.500,5.700,12.900,0,0,0,0,0,0,0,0,0,0,0,0,0.000,0.000,0.000,0.000,0,0,0,0,49.562,281.578,0,0.700,3.000,0,0,0.400,1.700,0,0,0.300,1.300,0,0,0,0,0,0.000
2797,1979052068,1,0,1,2,244.500,238.400,0.300,5.200,13.200,4.200,0.000,0,61.600,0.000,0.000,3.500,26.200,17.800,7.900,0.000,0.000,0.000,1.700,0.000,0.000,0.000,0.000,0,0,0,0,0,0,0,0,0,0,0,0,0.000,0.000,0.000,0.000,0,0,0,0,48.777,273.806,0,0.700,2.600,0,0,0.600,1.600,0,0,0.100,1.000,0,0,0,0,0,0.000
2798,1979052068,1,0,1,2,392.600,383.900,0.400,7.300,17.700,5.900,0.000,0,51.900,0.000,0.000,65.600,63.700,52.300,10.900,0.000,0.000,0.000,2.200,1.000,2.600,6.400,14.000,0,0,0,0,0,0,0,0,0,0,0,0,0.000,0.000,0.000,0.000,0,0,0,0,50.167,293.623,0,0.600,3.200,0,0,0.400,1.900,0,0,0.200,1.300,0,0,0,0,0,0.000
2799,1979052068,1,0,1,2,346.900,338.100,0.400,7.500,17.500,5.700,0.000,0,85.300,0.000,0.000,4.500,32.700,21.500,10.600,0.000,0.000,0.000,2.100,0.000,0.000,0.000,0.000,0,0,0,0,0,0,0,0,0,0,0,0,0.000,0.000,0.000,0.000,0,0,0,0,50.785,301.629,0,0.800,3.400,0,0,0.500,2.100,0,0,0.300,1.300,0,0,0,0,0,0.000
2800,1979052068,1,0,1,2,368.400,360.000,0.500,7.100,20.000,5.800,0.000,0,23.000,0.000,0.000,95.200,33.600,22.400,10.600,0.000,0.000,0.000,2.400,1.200,2.600,23.400,15.000,0,0,0,0,0,0,0,0,0,0,0,0,0.000,0.000,0.000,0.000,0,0,0,0,53.110,312.135,0,0.500,3.100,0,0,0.300,1.800,0,0,0.200,1.300,0,0,0,0,0,0.000
2801,1979052068,1,0,1,2,333.800,325.300,0.400,7.100,17.400,5.500,0.000,0,88.800,0.000,0.000,4.500,33.100,21.600,10.900,0.000,0.000,0.000,2.200,0.000,0.000,0.000,0.000,0,0,0,0,0,0,0,0,0,0,0,0,0.000,0.000,0.000,0.000,0,0,0,0,55.250,314.505,0,0.700,3.300,0,0,0.500,2.000,0,0,0.200,1.300,0,0,0,0,0,0.000
2802,1979052068,1,0,1,2,258.700,250.700,0.800,6.500,16.400,5.000,0.000,0,21.900,0.000,0.000,4.300,31.100,21.200,9.300,0.000,0.000,0.000,2.300,0.000,0.000,0.000,0.000,0,0,0,0,0,0,0,0,0,0,0,0,0.000,0.000,0.000,0.000,0,0,0,0,55.169,303.020,0,0.600,3.100,0,0,0.400,2.000,0,0,0.200,1.100,0,0,0,0,0,0.000
2803,1979052068,1,0,1,2,374.500,366.000,0.600,7.100,17.600,5.900,0.000,0,50.900,0.000,0.000,78.200,33.800,22.700,10.500,0.000,0.000,0.000,2.400,1.400,3.200,7.500,17.500,0,0,0,0,0,0,0,0,0,0,0,0,0.000,0.000,0.000,0.000,0,0,0,0,54.760,314.357,0,0.600,3.000,0,0,0.400,1.700,0,0,0.200,1.300,0,0,0,0,0,0.000
2804,1979052068,1,0,1,2,342.600,334.100,0.500,7.200,18.100,6.100,0.000,0,91.800,0.000,0.000,5.300,33.800,22.900,10.300,0.000,0.000,0.000,2.800,0.000,0.000,0.000,0.000,0,0,0,0,0,0,0,0,0,0,0,0,0.000,0.000,0.000,0.000,0,0,0,0,55.236,317.910,0,0.800,3.300,0,0,0.500,2.000,0,0,0.300,1.300,0,0,0,0,0,0.000
2805,1979052068,1,0,1,2,410.200,401.100,0.500,7.800,19.400,6.200,0.000,0,55.900,0.000,0.000,71.500,35.200,23.200,11.300,0.000,0.000,0.000,2.400,1.200,2.700,6.900,15.300,0,0,0,0,0,0,0,0,0,0,0,0,0.000,0.000,0.000,0.000,0,0,0,0,57.047,332.884,0,0.600,3.300,0,0,0.400,1.900,0,0,0.200,1.400,0,0,0,0,0,0.000
2806,1979052068,1,0,1,2,333.400,324.700,0.500,7.400,16.900,5.500,0.000,0,87.500,0.000,0.000,4.400,32.500,21.100,10.800,0.000,0.000,0.000,2.100,0.000,0.000,0.000,0.000,0,0,0,0,0,0,0,0,0,0,0,0,0.000,0.000,0.000,0.000,0,0,0,0,55.869,331.411,0,0.700,3.300,0,0,0.500,2.000,0,0,0.200,1.300,0,0,0,0,0,0.000
2807,1979052068,1,0,1,2,266.800,258.600,0.400,7.000,17.400,5.600,0.000,0,23.200,0.000,0.000,4.900,32.100,20.800,10.700,0.000,0.000,0.000,2.600,0.000,0.000,0.000,0.000,0,0,0,0,0,0,0,0,0,0,0,0,0.000,0.000,0.000,0.000,0,0,0,0,54.830,318.305,0,0.600,3.300,0,0,0.400,2.000,0,0,0.200,1.300,0,0,0,0,0,0.000
2808,1979052068,1,0,1,2,218.900,213.700,0.300,4.300,10.800,3.400,0.000,0,30.500,0.000,0.000,41.000,20.900,14.200,6.300,0.000,0.000,0.000,1.300,0.700,1.700,3.600,8.400,0,0,0,0,0,0,0,0,0,0,0,0,0.000,0.000,0.000,0.000,0,0,0,0,51.909,299.476,0,0.400,1.900,0,0,0.200,1.100,0,0,0.200,0.800,0,0,0,0,0,0.000
2809,1979052068,1,0,1,2,313.700,304.500,0.400,7.900,19.600,6.200,0.000,0,26.400,0.000,0.000,24.400,36.800,24.500,11.700,0.000,0.000,0.000,2.500,0.000,0.000,0.000,0.000,0,0,0,0,0,0,0,0,0,0,0,0,0.000,0.000,0.000,0.000,0,0,0,0,52.735,300.381,0,0.800,3.800,0,0,0.600,2.300,0,0,0.200,1.500,0,0,0,0,0,0.000
2810,1979052068,1,0,1,2,350.000,341.400,0.400,7.200,17.900,5.500,0.000,0,85.600,0.000,0.000,4.800,49.600,38.100,10.900,0.000,0.000,0.000,2.600,0.000,0.000,0.000,0.000,0,0,0,0,0,0,0,0,0,0,0,0,0.000,0.000,0.000,0.000,0,0,0,0,53.017,307.764,0,0.600,3.400,0,0,0.400,2.000,0,0,0.200,1.400,0,0,0,0,0,0.000
2811,1979052068,1,0,1,2,373.800,365.400,0.400,7.200,17.200,5.800,0.000,0,50.700,0.000,0.000,63.900,32.800,21.400,10.800,0.000,0.000,0.000,2.100,1.000,2.500,6.500,14.000,0,0,0,0,0,0,0,0,0,0,0,0,0.000,0.000,0.000,0.000,0,0,0,0,53.590,318.139,0,0.600,3.000,0,0,0.400,1.700,0,0,0.200,1.300,0,0,0,0,0,0.000
2812,1979052068,1,0,1,2,218.600,212.000,0.500,5.400,14.000,4.800,0.000,0,19.000,0.000,0.000,3.500,27.000,17.800,8.700,0.000,0.000,0.000,1.800,0.000,0.000,0.000,0.000,0,0,0,0,0,0,0,0,0,0,0,0,0.000,0.000,0.000,0.000,0,0,0,0,52.080,299.034,0,0.600,2.700,0,0,0.400,1.700,0,0,0.200,1.000,0,0,0,0,0,0.000
2813,1979052068,1,0,1,2,317.700,308.500,0.500,7.800,16.900,5.500,0.000,0,85.600,0.000,0.000,4.600,31.400,20.600,10.200,0.000,0.000,0.000,2.200,0.000,0.000,0.000,0.000,0,0,0,0,0,0,0,0,0,0,0,0,0.000,0.000,0.000,0.000,0,0,0,0,52.137,300.738,0,0.600,3.200,0,0,0.400,1.900,0,0,0.200,1.300,0,0,0,0,0,0.000
2814,1979052068,1,0,1,2,374.100,366.000,0.400,6.800,17.900,5.700,0.000,0,51.600,0.000,0.000,82.700,32.100,20.800,10.600,0.000,0.000,0.000,2.400,1.200,2.700,6.600,14.100,0,0,0,0,0,0,0,0,0,0,0,0,0.000,0.000,0.000,0.000,0,0,0,0,54.597,312.485,0,0.700,2.900,0,0,0.500,1.600,0,0,0.200,1.300,0,0,0,0,0,0.000
2815,1979052068,1,0,1,2,379.700,370.400,0.600,7.800,18.000,5.800,0.000,0,119.800,0.000,0.000,4.400,33.200,21.500,11.100,0.000,0.000,0.000,2.300,0.000,0.000,0.000,0.000,0,0,0,0,0,0,0,0,0,0,0,0,0.000,0.000,0.000,0.000,0,0,0,0,55.299,322.910,0,0.700,3.700,0,0,0.400,2.000,0,0,0.300,1.700,0,0,0,0,0,0.000
2816,1979052068,1,0,1,2,377.900,369.100,0.400,7.500,17.800,5.800,0.000,0,51.300,0.000,0.000,64.500,32.900,21.500,10.800,0.000,0.000,0.000,2.300,1.000,3.000,6.300,14.200,0,0,0,0,0,0,0,0,0,0,0,0,0.000,0.000,0.000,0.000,0,0,0,0,55.101,331.224,0,0.600,3.100,0,0,0.400,1.800,0,0,0.200,1.300,0,0,0,0,0,0.000
2817,1979052068,1,0,1,2,351.500,343.000,0.400,7.200,17.600,6.100,0.000,0,84.800,0.000,0.000,4.400,32.900,21.700,10.700,0.000,0.000,0.000,2.200,0.000,0.000,0.000,0.000,0,0,0,0,0,0,0,0,0,0,0,0,0.000,0.000,0.000,0.000,0,0,0,0,54.813,333.344,0,0.500,3.300,0,0,0.400,2.000,0,0,0.100,1.300,0,0,0,0,0,0.000
2818,1979052068,1,0,1,2,235.100,227.900,0.400,6.100,15.200,5.000,0.000,0,21.000,0.000,0.000,4.000,29.100,19.200,9.400,0.000,0.000,0.000,1.900,0.000,0.000,0.000,0.000,0,0,0,0,0,0,0,0,0,0,0,0,0.000,0.000,0.000,0.000,0,0,0,0,52.885,314.364,0,0.500,3.100,0,0,0.400,1.700,0,0,0.100,1.400,0,0,0,0,0,0.000
2819,1979052068,1,0,1,2,275.800,269.400,0.300,5.400,13.400,4.500,0.000,0,39.100,0.000,0.000,51.000,25.900,17.500,8.000,0.000,0.000,0.000,1.800,0.900,2.200,4.600,11.000,0,0,0,0,0,0,0,0,0,0,0,0,0.000,0.000,0.000,0.000,0,0,0,0,51.358,306.270,0,0.400,2.400,0,0,0.300,1.400,0,0,0.100,1.000,0,0,0,0,0,0.000
2820,1979052068,1,0,1,2,346.700,338.000,0.600,7.200,19.400,14.300,0.000,0,87.600,0.000,0.000,4.800,35.300,22.800,11.800,0.000,0.000,0.000,2.500,0.000,0.000,0.000,0.000,0,0,0,0,0,0,0,0,0,0,0,0,0.000,0.000,0.000,0.000,0,0,0,0,51.689,311.982,0,0.700,3.900,0,0,0.500,2.200,0,0,0.200,1.700,0,0,0,0,0,0.000
2821,1979052068,1,0,1,2,284.700,276.300,0.400,7.200,17.900,5.900,0.000,0,23.800,0.000,0.000,4.400,50.500,38.700,11.300,0.000,0.000,0.000,2.100,0.000,0.000,0.000,0.000,0,0,0,0,0,0,0,0,0,0,0,0,0.000,0.000,0.000,0.000,0,0,0,0,51.853,305.559,0,0.600,3.400,0,0,0.400,1.900,0,0,0.200,1.500,0,0,0,0,0,0.000
2822,1979052068,1,0,1,2,428.000,419.600,0.400,7.200,26.700,6.000,0.000,0,52.900,0.000,0.000,94.000,47.100,31.100,15.400,0.000,0.000,0.000,3.500,1.300,3.700,9.500,22.400,0,0,0,0,0,0,0,0,0,0,0,0,0.000,0.000,0.000,0.000,0,0,0,0,53.158,326.086,0,1.200,4.100,0,0,0.800,2.100,0,0,0.400,2.000,0,0,0,0,0,0.000
2823,1979052068,1,0,1,2,355.000,346.300,0.600,7.200,35.400,5.700,0.000,0,85.200,0.000,0.000,4.800,33.500,22.400,10.500,0.000,0.000,0.000,2.300,0.000,0.000,0.000,0.000,0,0,0,0,0,0,0,0,0,0,0,0,0.000,0.000,0.000,0.000,0,0,0,0,53.903,329.725,0,0.600,3.700,0,0,0.500,2.400,0,0,0.100,1.300,0,0,0,0,0,0.000
2824,1979052068,1,0,1,2,384.600,376.300,0.400,7.000,18.100,5.900,0.000,0,51.900,0.000,0.000,64.900,39.100,27.500,11.000,0.000,0.000,0.000,2.400,1.300,2.500,6.500,13.700,0,0,0,0,0,0,0,0,0,0,0,0,0.000,0.000,0.000,0.000,0,0,0,0,54.425,338.108,0,0.600,3.200,0,0,0.400,1.800,0,0,0.200,1.400,0,0,0,0,0,0.000
2825,1979052068,1,0,1,2,223.200,217.000,0.300,5.300,14.400,4.800,0.000,0,18.100,0.000,0.000,3.800,27.800,18.100,9.100,0.000,0.000,0.000,1.800,0.000,0.000,0.000,0.000,0,0,0,0,0,0,0,0,0,0,0,0,0.000,0.000,0.000,0.000,0,0,0,0,52.350,316.309,0,0.500,2.800,0,0,0.300,1.700,0,0,0.200,1.100,0,0,0,0,0,0.000
2826,1979052068,1,0,1,2,307.500,298.300,0.500,7.800,15.400,4.700,0.000,0,88.600,0.000,0.000,4.100,29.200,19.500,9.200,0.000,0.000,0.000,2.000,0.000,0.000,0.000,0.000,0,0,0,0,0,0,0,0,0,0,0,0,0.000,0.000,0.000,0.000,0,0,0,0,50.973,313.067,0,0.500,3.200,0,0,0.400,2.100,0,0,0.100,1.100,0,0,0,0,0,0.000
2827,1979052068,1,0,1,2,261.300,255.200,0.300,5.100,12.700,4.100,0.000,0,37.600,0.000,0.000,46.700,24.700,16.200,8.100,0.000,0.000,0.000,1.800,0.700,2.000,4.500,8.600,0,0,0,0,0,0,0,0,0,0,0,0,0.000,0.000,0.000,0.000,0,0,0,0,49.268,302.651,0,0.500,2.300,0,0,0.300,1.300,0,0,0.200,1.000,0,0,0,0,0,0.000
2828,1979052068,1,0,1,2,305.800,292.400,0.400,11.900,15.400,5.000,0.000,0,34.900,0.000,0.000,4.000,29.400,19.100,9.700,0.000,0.000,0.000,1.900,0.000,0.000,0.000,0.000,0,0,0,0,0,0,0,0,0,0,0,0,0.000,0.000,0.000,0.000,0,0,0,0,48.842,300.806,0,0.600,2.800,0,0,0.400,1.700,0,0,0.200,1.100,0,0,0,0,0,0.000
2829,1979052068,1,0,1,2,347.700,339.300,0.500,7.100,18.000,6.000,0.000,0,94.800,0.000,0.000,4.500,35.100,23.900,10.600,0.000,0.000,0.000,2.100,0.000,0.000,0.000,0.000,0,0,0,0,0,0,0,0,0,0,0,0,0.000,0.000,0.000,0.000,0,0,0,0,55.206,307.735,0,0.500,4.100,0,0,0.400,2.700,0,0,0.100,1.400,0,0,0,0,0,0.000
2830,1979052068,1,0,1,2,374.100,365.600,0.400,7.300,17.400,5.700,0.000,0,50.700,0.000,0.000,81.800,34.200,22.900,10.700,0.000,0.000,0.000,2.300,1.100,2.500,6.100,12.100,0,0,0,0,0,0,0,0,0,0,0,0,0.000,0.000,0.000,0.000,0,0,0,0,54.773,318.151,0,0.600,3.000,0,0,0.400,1.700,0,0,0.200,1.300,0,0,0,0,0,0.000
2831,1979052068,1,0,1,2,483.900,470.800,0.500,11.600,17.800,5.900,0.000,0,118.900,0.000,0.000,5.000,33.100,21.900,10.600,0.000,0.000,0.000,2.200,0.000,0.000,0.000,0.000,0,0,0,0,0,0,0,0,0,0,0,0,0.000,0.000,0.000,0.000,0,0,0,0,54.094,345.627,0,0.600,3.300,0,0,0.400,2.000,0,0,0.200,1.300,0,0,0,0,0,0.000
2832,1979052068,1,0,1,2,344.800,332.600,0.500,10.600,17.900,6.000,0.000,0,39.300,0.000,0.000,4.500,33.700,22.600,10.500,0.000,0.000,0.000,2.100,0.000,0.000,0.000,0.000,0,0,0,0,0,0,0,0,0,0,0,0,0.000,0.000,0.000,0.000,0,0,0,0,54.347,343.283,0,0.500,3.500,0,0,0.400,2.200,0,0,0.100,1.300,0,0,0,0,0,0.000
2833,1979052068,1,0,1,2,357.800,349.400,0.400,7.300,21.900,5.300,0.000,0,49.700,0.000,0.000,67.400,26.900,18.100,8.300,0.000,0.000,0.000,2.400,0.900,2.400,5.100,13.000,0,0,0,0,0,0,0,0,0,0,0,0,0.000,0.000,0.000,0.000,0,0,0,0,58.209,344.384,0,0.500,2.700,0,0,0.300,1.700,0,0,0.200,1.000,0,0,0,0,0,0.000
2834,1979052068,1,0,1,2,329.300,320.400,0.600,7.300,17.800,5.800,0.000,0,85.300,0.000,0.000,4.700,32.600,21.400,10.700,0.000,0.000,0.000,2.300,0.000,0.000,0.000,0.000,0,0,0,0,0,0,0,0,0,0,0,0,0.000,0.000,0.000,0.000,0,0,0,0,56.425,340.067,0,0.600,3.300,0,0,0.400,2.100,0,0,0.200,1.200,0,0,0,0,0,0.000
2835,1979052068,1,0,1,2,527.200,513.600,0.600,11.800,18.000,9.100,0.000,0,83.700,0.000,0.000,80.000,51.300,33.500,17.200,0.000,0.000,0.000,2.900,1.100,3.100,8.000,16.200,0,0,0,0,0,0,0,0,0,0,0,0,0.000,0.000,0.000,0.000,0,0,0,0,57.357,371.303,0,1.300,5.200,0,0,0.900,3.200,0,0,0.400,2.000,0,0,0,0,0,0.000
2836,1979052068,1,0,1,2,275.700,267.300,0.400,7.000,17.300,5.800,0.000,0,26.400,0.000,0.000,4.900,32.800,21.800,10.500,0.000,0.000,0.000,2.400,0.000,0.000,0.000,0.000,0,0,0,0,0,0,0,0,0,0,0,0,0.000,0.000,0.000,0.000,0,0,0,0,57.328,352.582,0,0.600,3.400,0,0,0.400,2.100,0,0,0.200,1.300,0,0,0,0,0,0.000
2837,1979052068,1,0,1,2,334.600,326.300,0.500,6.900,17.900,5.800,0.000,0,87.300,0.000,0.000,4.600,33.500,22.300,10.600,0.000,0.000,0.000,2.000,0.000,0.000,0.000,0.000,0,0,0,0,0,0,0,0,0,0,0,0,0.000,0.000,0.000,0.000,0,0,0,0,80.219,347.851,0,0.700,3.600,0,0,0.500,2.200,0,0,0.200,1.400,0,0,0,0,0,0.000
2838,1979052068,1,0,1,2,354.700,346.200,0.500,7.100,17.400,5.700,0.000,0,50.800,0.000,0.000,62.700,33.300,22.000,10.700,0.000,0.000,0.000,2.300,1.000,2.500,6.200,12.300,0,0,0,0,0,0,0,0,0,0,0,0,0.000,0.000,0.000,0.000,0,0,0,0,74.888,347.554,0,0.700,3.000,0,0,0.500,1.600,0,0,0.200,1.400,0,0,0,0,0,0.000
2839,1979052068,1,0,1,2,363.900,354.700,0.400,7.900,17.700,6.000,0.000,0,99.900,0.000,0.000,4.600,33.300,22.100,10.700,0.000,0.000,0.000,2.400,0.000,0.000,0.000,0.000,0,0,0,0,0,0,0,0,0,0,0,0,0.000,0.000,0.000,0.000,0,0,0,0,70.390,348.840,0,0.600,3.300,0,0,0.400,2.000,0,0,0.200,1.300,0,0,0,0,0,0.000
2840,1979052068,1,0,1,2,343.300,334.400,0.400,7.600,17.700,5.700,0.000,0,95.600,0.000,0.000,4.800,33.300,21.800,10.600,0.000,0.000,0.000,2.300,0.000,0.000,0.000,0.000,0,0,0,0,0,0,0,0,0,0,0,0,0.000,0.000,0.000,0.000,0,0,0,0,69.690,346.241,0,0.800,3.300,0,0,0.500,2.000,0,0,0.300,1.300,0,0,0,0,0,0.000
2841,1979052068,1,0,1,2,536.100,526.500,0.400,8.300,18.900,10.200,0.000,0,26.400,0.000,0.000,67.900,133.700,115.400,17.700,0.000,0.000,0.000,2.500,1.200,2.600,6.800,13.100,0,0,0,0,0,0,0,0,0,0,0,0,0.000,0.000,0.000,0.000,0,0,0,0,67.190,378.688,0,0.800,4.600,0,0,0.500,2.000,0,0,0.300,2.600,0,0,0,0,0,0.000
2842,1979052068,1,0,1,2,410.100,400.300,0.600,8.300,18.900,6.200,0.000,0,114.400,0.000,0.000,4.800,35.800,23.500,11.800,0.000,0.000,0.000,2.500,0.000,0.000,0.000,0.000,0,0,0,0,0,0,0,0,0,0,0,0,0.000,0.000,0.000,0.000,0,0,0,0,64.689,382.578,0,0.700,3.600,0,0,0.500,2.200,0,0,0.200,1.400,0,0,0,0,0,0.000
2843,1979052068,1,0,1,2,299.800,291.500,0.500,7.000,18.200,7.800,0.000,0,23.900,0.000,0.000,4.700,33.700,22.600,10.500,0.000,0.000,0.000,2.300,0.000,0.000,0.000,0.000,0,0,0,0,0,0,0,0,0,0,0,0,0.000,0.000,0.000,0.000,0,0,0,0,64.979,366.184,0,0.600,3.500,0,0,0.400,2.200,0,0,0.200,1.300,0,0,0,0,0,0.000
2844,1979052068,1,0,1,2,254.800,248.700,0.600,4.800,12.000,4.200,0.000,0,42.400,0.000,0.000,44.600,23.800,16.100,7.300,0.000,0.000,0.000,1.500,0.700,1.800,4.200,8.300,0,0,0,0,0,0,0,0,0,0,0,0,0.000,0.000,0.000,0.000,0,0,0,0,60.969,345.037,0,0.500,2.400,0,0,0.300,1.400,0,0,0.200,1.000,0,0,0,0,0,0.000
2845,1979052068,1,0,1,2,381.200,343.500,30.200,6.600,17.800,8.400,0.000,0,86.600,0.000,0.000,4.800,43.500,25.800,17.200,0.000,0.000,0.000,2.400,0.000,0.000,0.000,0.000,0,0,0,0,0,0,0,0,0,0,0,0,0.000,0.000,0.000,0.000,0,0,0,0,59.085,344.760,0,0.800,4.400,0,0,0.400,2.400,0,0,0.400,2.000,0,0,0,0,0,0.000
2846,1979052068,1,0,1,2,299.800,291.700,0.400,6.800,18.300,5.700,0.000,0,24.400,0.000,0.000,4.500,33.500,21.800,11.200,0.000,0.000,0.000,2.200,0.000,0.000,0.000,0.000,0,0,0,0,0,0,0,0,0,0,0,0,0.000,0.000,0.000,0.000,0,0,0,0,58.025,335.209,0,0.600,3.300,0,0,0.400,2.000,0,0,0.200,1.300,0,0,0,0,0,0.000
2847,1979052068,1,0,1,2,374.000,365.500,0.400,7.200,17.600,5.800,0.000,0,50.400,0.000,0.000,81.700,33.200,21.700,10.900,0.000,0.000,0.000,2.700,1.000,2.500,6.200,30.800,0,0,0,0,0,0,0,0,0,0,0,0,0.000,0.000,0.000,0.000,0,0,0,0,57.535,340.662,0,0.700,3.000,0,0,0.400,1.700,0,0,0.300,1.300,0,0,0,0,0,0.000
2848,1979052068,1,0,1,2,301.000,292.300,0.400,7.500,19.000,6.300,0.000,0,25.600,0.000,0.000,5.200,49.900,38.000,11.200,0.000,0.000,0.000,2.600,0.000,0.000,0.000,0.000,0,0,0,0,0,0,0,0,0,0,0,0,0.000,0.000,0.000,0.000,0,0,0,0,56.971,331.957,0,0.600,18.200,0,0,0.400,16.800,0,0,0.200,1.400,0,0,0,0,0,0.000
2849,1979052068,1,0,1,2,361.500,353.000,0.400,7.200,19.000,6.100,0.000,0,98.500,0.000,0.000,5.000,35.700,23.400,11.600,0.000,0.000,0.000,2.500,0.000,0.000,0.000,0.000,0,0,0,0,0,0,0,0,0,0,0,0,0.000,0.000,0.000,0.000,0,0,0,0,55.860,335.744,0,0.800,3.500,0,0,0.500,2.100,0,0,0.300,1.400,0,0,0,0,0,0.000
2850,1979052068,1,0,1,2,369.700,361.500,0.400,7.000,18.100,5.900,0.000,0,23.500,0.000,0.000,62.300,76.200,60.200,15.400,0.000,0.000,0.000,2.200,1.400,2.800,6.400,12.300,0,0,0,0,0,0,0,0,0,0,0,0,0.000,0.000,0.000,0.000,0,0,0,0,55.291,340.380,0,0.700,3.400,0,0,0.500,1.800,0,0,0.200,1.600,0,0,0,0,0,0.000
2851,1979052068,1,0,1,2,346.700,338.100,0.600,7.100,18.000,8.500,0.000,0,86.800,0.000,0.000,4.500,43.600,25.800,17.100,0.000,0.000,0.000,2.100,0.000,0.000,0.000,0.000,0,0,0,0,0,0,0,0,0,0,0,0,0.000,0.000,0.000,0.000,0,0,0,0,54.303,339.970,0,0.700,4.200,0,0,0.500,2.000,0,0,0.200,2.200,0,0,0,0,0,0.000
2852,1979052068,1,0,1,2,356.800,347.300,0.600,7.900,18.700,5.800,0.000,0,94.200,0.000,0.000,4.600,35.300,23.200,11.500,0.000,0.000,0.000,2.300,0.000,0.000,0.000,0.000,0,0,0,0,0,0,0,0,0,0,0,0,0.000,0.000,0.000,0.000,0,0,0,0,54.662,341.289,0,0.800,3.600,0,0,0.500,2.200,0,0,0.300,1.400,0,0,0,0,0,0.000
2853,1979052068,1,0,1,2,376.600,368.100,0.400,7.300,17.600,5.700,0.000,0,52.500,0.000,0.000,62.100,32.600,21.500,10.600,0.000,0.000,0.000,2.600,1.000,2.600,6.300,12.100,0,0,0,0,0,0,0,0,0,0,0,0,0.000,0.000,0.000,0.000,0,0,0,0,54.633,346.115,0,0.600,2.900,0,0,0.400,1.600,0,0,0.200,1.300,0,0,0,0,0,0.000
2854,1979052068,1,0,1,2,333.200,324.400,0.400,7.400,17.500,5.600,0.000,0,89.500,0.000,0.000,4.500,32.900,21.800,10.600,0.000,0.000,0.000,2.100,0.000,0.000,0.000,0.000,0,0,0,0,0,0,0,0,0,0,0,0,0.000,0.000,0.000,0.000,0,0,0,0,54.501,342.206,0,0.600,3.300,0,0,0.400,2.000,0,0,0.200,1.300,0,0,0,0,0,0.000
2855,1979052068,1,0,1,2,315.700,307.200,0.400,7.100,19.900,34.300,0.000,0,24.100,0.000,0.000,4.800,35.300,22.900,11.800,0.000,0.000,0.000,2.300,0.000,0.000,0.000,0.000,0,0,0,0,0,0,0,0,0,0,0,0,0.000,0.000,0.000,0.000,0,0,0,0,54.087,335.905,0,0.800,3.900,0,0,0.500,2.200,0,0,0.300,1.700,0,0,0,0,0,0.000
2856,1979052068,1,0,1,2,354.800,346.600,0.400,7.000,17.600,5.900,0.000,0,50.300,0.000,0.000,62.800,33.200,21.900,10.800,0.000,0.000,0.000,2.400,1.000,2.700,6.400,12.300,0,0,0,0,0,0,0,0,0,0,0,0,0.000,0.000,0.000,0.000,0,0,0,0,53.801,337.830,0,0.600,3.200,0,0,0.400,1.800,0,0,0.200,1.400,0,0,0,0,0,0.000
2857,1979052068,1,0,1,2,296.600,288.400,0.400,6.900,17.900,5.700,0.000,0,24.200,0.000,0.000,4.600,59.200,21.500,11.500,0.000,0.000,0.000,2.300,0.000,0.000,0.000,0.000,0,0,0,0,0,0,0,0,0,0,0,0,0.000,0.000,0.000,0.000,0,0,0,0,70.073,328.933,0,0.600,3.700,0,0,0.400,2.100,0,0,0.200,1.600,0,0,0,0,0,0.000
2858,1979052068,1,0,1,2,424.100,415.500,0.500,7.300,17.500,5.800,0.000,0,53.400,0.000,0.000,62.200,33.300,22.200,10.500,0.000,0.000,0.000,2.100,1.500,2.500,6.300,12.500,0,0,0,0,0,0,0,0,0,0,0,0,0.000,0.000,0.000,0.000,0,0,0,0,67.360,344.515,0,0.700,3.300,0,0,0.500,1.800,0,0,0.200,1.500,0,0,0,0,0,0.000
2859,1979052068,1,0,1,2,291.200,283.000,0.500,6.800,17.400,5.700,0.000,0,23.700,0.000,0.000,4.500,55.300,43.700,11.000,0.000,0.000,0.000,2.200,0.000,0.000,0.000,0.000,0,0,0,0,0,0,0,0,0,0,0,0,0.000,0.000,0.000,0.000,0,0,0,0,64.469,333.442,0,0.600,3.400,0,0,0.400,2.000,0,0,0.200,1.400,0,0,0,0,0,0.000
2860,1979052068,1,0,1,2,332.000,323.400,0.500,7.200,17.700,5.700,0.000,0,87.400,0.000,0.000,4.500,32.600,21.600,10.400,0.000,0.000,0.000,2.200,0.000,0.000,0.000,0.000,0,0,0,0,0,0,0,0,0,0,0,0,0.000,0.000,0.000,0.000,0,0,0,0,62.315,331.635,0,0.800,3.200,0,0,0.600,1.900,0,0,0.200,1.300,0,0,0,0,0,0.000
2861,1979052068,1,0,1,2,376.000,367.600,0.400,7.100,17.500,5.700,0.000,0,51.600,0.000,0.000,61.600,33.100,22.000,10.600,0.000,0.000,0.000,2.200,1.000,2.500,6.300,12.200,0,0,0,0,0,0,0,0,0,0,0,0,0.000,0.000,0.000,0.000,0,0,0,0,60.440,338.108,0,0.600,3.100,0,0,0.400,1.800,0,0,0.200,1.300,0,0,0,0,0,0.000
2862,1979052068,1,0,1,2,358.900,349.600,0.600,7.800,19.400,6.700,0.000,0,94.000,0.000,0.000,4.900,35.200,23.000,11.600,0.000,0.000,0.000,2.400,0.000,0.000,0.000,0.000,0,0,0,0,0,0,0,0,0,0,0,0,0.000,0.000,0.000,0.000,0,0,0,0,60.019,340.177,0,0.800,3.800,0,0,0.500,2.400,0,0,0.300,1.400,0,0,0,0,0,0.000
2863,1979052068,1,0,1,2,389.700,381.200,0.400,7.100,17.600,33.300,0.000,0,53.800,0.000,0.000,65.000,33.900,22.600,10.700,0.000,0.000,0.000,2.300,1.000,2.700,6.300,12.200,0,0,0,0,0,0,0,0,0,0,0,0,0.000,0.000,0.000,0.000,0,0,0,0,60.015,347.561,0,0.600,3.200,0,0,0.400,1.800,0,0,0.200,1.400,0,0,0,0,0,0.000
2864,1979052068,1,0,1,2,256.500,249.800,0.300,5.700,14.300,4.400,0.000,0,67.600,0.000,0.000,3.600,25.700,17.200,8.000,0.000,0.000,0.000,1.700,0.000,0.000,0.000,0.000,0,0,0,0,0,0,0,0,0,0,0,0,0.000,0.000,0.000,0.000,0,0,0,0,57.763,329.964,0,0.600,2.600,0,0,0.500,1.600,0,0,0.100,1.000,0,0,0,0,0,0.000
2865,1979052068,1,0,1,2,266.900,259.000,0.400,6.700,18.300,5.800,0.000,0,23.600,0.000,0.000,4.500,32.700,21.700,10.400,0.000,0.000,0.000,2.100,0.000,0.000,0.000,0.000,0,0,0,0,0,0,0,0,0,0,0,0,0.000,0.000,0.000,0.000,0,0,0,0,57.031,317.191,0,0.600,3.300,0,0,0.400,2.100,0,0,0.200,1.200,0,0,0,0,0,0.000
2866,1979052068,1,0,1,2,291.500,284.500,0.400,5.900,15.000,4.600,0.000,0,41.900,0.000,0.000,52.700,27.700,18.600,8.500,0.000,0.000,0.000,1.800,1.000,2.000,5.200,10.000,0,0,0,0,0,0,0,0,0,0,0,0,0.000,0.000,0.000,0.000,0,0,0,0,57.188,311.306,0,0.400,2.600,0,0,0.300,1.500,0,0,0.100,1.100,0,0,0,0,0,0.000
2867,1979052068,1,0,1,2,291.500,283.900,0.500,6.300,15.700,4.900,0.000,0,77.700,0.000,0.000,4.000,29.200,19.700,9.100,0.000,0.000,0.000,1.900,0.000,0.000,0.000,0.000,0,0,0,0,0,0,0,0,0,0,0,0,0.000,0.000,0.000,0.000,0,0,0,0,55.606,306.373,0,0.600,3.200,0,0,0.400,2.100,0,0,0.200,1.100,0,0,0,0,0,0.000
2868,1979052068,1,0,1,2,206.500,200.000,0.400,5.500,13.800,4.300,0.000,0,18.800,0.000,0.000,3.500,25.000,16.600,8.000,0.000,0.000,0.000,1.700,0.000,0.000,0.000,0.000,0,0,0,0,0,0,0,0,0,0,0,0,0.000,0.000,0.000,0.000,0,0,0,0,53.445,287.226,0,0.500,2.500,0,0,0.400,1.500,0,0,0.100,1.000,0,0,0,0,0,0.000
2869,1979052068,1,0,1,2,396.600,387.900,0.400,7.400,19.000,6.300,0.000,0,52.100,0.000,0.000,66.100,35.600,23.200,11.700,0.000,0.000,0.000,2.500,1.100,2.500,7.100,13.200,0,0,0,0,0,0,0,0,0,0,0,0,0.000,0.000,0.000,0.000,0,0,0,0,54.103,305.347,0,0.800,3.600,0,0,0.500,2.000,0,0,0.300,1.600,0,0,0,0,0,0.000
2870,1979052068,1,0,1,2,295.300,287.500,0.400,6.600,17.700,5.700,0.000,0,24.400,0.000,0.000,4.400,33.300,22.100,10.700,0.000,0.000,0.000,2.300,0.000,0.000,0.000,0.000,0,0,0,0,0,0,0,0,0,0,0,0,0.000,0.000,0.000,0.000,0,0,0,0,54.318,302.135,0,0.700,3.600,0,0,0.500,2.000,0,0,0.200,1.600,0,0,0,0,0,0.000
2871,1979052068,1,0,1,2,351.900,343.100,0.700,7.200,17.400,6.000,0.000,0,104.000,0.000,0.000,4.600,33.800,22.900,10.300,0.000,0.000,0.000,2.200,0.000,0.000,0.000,0.000,0,0,0,0,0,0,0,0,0,0,0,0,0.000,0.000,0.000,0.000,0,0,0,0,54.891,309.509,0,0.700,3.500,0,0,0.500,2.200,0,0,0.200,1.300,0,0,0,0,0,0.000
2872,1979052068,1,0,1,2,378.100,369.600,0.400,7.200,17.600,6.100,0.000,0,51.200,0.000,0.000,61.200,33.400,22.400,10.500,0.000,0.000,0.000,2.200,1.000,2.600,6.200,12.100,0,0,0,0,0,0,0,0,0,0,0,0,0.000,0.000,0.000,0.000,0,0,0,0,54.515,320.325,0,0.600,3.000,0,0,0.400,1.600,0,0,0.200,1.400,0,0,0,0,0,0.000
2873,1979052068,1,0,1,2,294.500,286.100,0.400,7.100,17.600,5.800,0.000,0,24.700,0.000,0.000,5.000,33.700,22.400,10.700,0.000,0.000,0.000,2.600,0.000,0.000,0.000,0.000,0,0,0,0,0,0,0,0,0,0,0,0,0.000,0.000,0.000,0.000,0,0,0,0,54.080,314.164,0,0.600,3.700,0,0,0.400,2.400,0,0,0.200,1.300,0,0,0,0,0,0.000
2874,1979052068,1,0,1,2,336.700,328.100,0.500,7.400,16.800,5.700,0.000,0,84.700,0.000,0.000,4.300,31.000,20.900,9.600,0.000,0.000,0.000,2.100,0.000,0.000,0.000,0.000,0,0,0,0,0,0,0,0,0,0,0,0,0.000,0.000,0.000,0.000,0,0,0,0,54.390,316.673,0,0.600,3.100,0,0,0.400,1.900,0,0,0.200,1.200,0,0,0,0,0,0.000
2875,1979052068,1,0,1,2,353.500,344.900,0.400,7.400,17.700,5.700,0.000,0,50.500,0.000,0.000,62.700,32.000,21.300,10.200,0.000,0.000,0.000,2.400,1.100,2.600,6.400,12.500,0,0,0,0,0,0,0,0,0,0,0,0,0.000,0.000,0.000,0.000,0,0,0,0,54.517,321.754,0,0.600,3.000,0,0,0.400,1.700,0,0,0.200,1.300,0,0,0,0,0,0.000
2876,1979052068,1,0,1,2,187.100,181.200,0.400,4.800,13.400,3.900,0.000,0,17.400,0.000,0.000,3.100,23.100,15.600,7.200,0.000,0.000,0.000,1.600,0.000,0.000,0.000,0.000,0,0,0,0,0,0,0,0,0,0,0,0,0.000,0.000,0.000,0.000,0,0,0,0,51.688,296.454,0,0.400,2.400,0,0,0.300,1.500,0,0,0.100,0.900,0,0,0,0,0,0.000
2877,1979052068,1,0,1,2,228.100,222.000,0.300,5.100,12.500,4.100,0.000,0,54.800,0.000,0.000,3.100,23.400,15.700,7.200,0.000,0.000,0.000,1.500,0.000,0.000,0.000,0.000,0,0,0,0,0,0,0,0,0,0,0,0,0.000,0.000,0.000,0.000,0,0,0,0,49.170,283.052,0,0.400,2.300,0,0,0.300,1.400,0,0,0.100,0.900,0,0,0,0,0,0.000
2878,1979052068,1,0,1,2,411.600,402.400,0.600,7.600,39.400,6.200,0.000,0,56.000,0.000,0.000,73.100,35.400,23.200,11.500,0.000,0.000,0.000,2.500,1.100,2.900,6.800,13.100,0,0,0,0,0,0,0,0,0,0,0,0,0.000,0.000,0.000,0.000,0,0,0,0,51.156,304.535,0,0.700,3.600,0,0,0.500,1.900,0,0,0.200,1.700,0,0,0,0,0,0.000
2879,1979052068,1,0,1,2,371.400,362.400,0.500,7.500,19.600,6.300,0.000,0,93.700,0.000,0.000,5.000,36.300,24.100,11.300,0.000,0.000,0.000,2.500,0.000,0.000,0.000,0.000,0,0,0,0,0,0,0,0,0,0,0,0,0.000,0.000,0.000,0.000,0,0,0,0,52.514,314.951,0,0.700,3.800,0,0,0.500,2.300,0,0,0.200,1.500,0,0,0,0,0,0.000
2880,1979052068,1,0,1,2,380.000,371.400,0.400,7.200,19.300,6.100,0.000,0,55.300,0.000,0.000,66.300,34.900,22.800,11.300,0.000,0.000,0.000,2.400,1.000,2.700,6.800,13.200,0,0,0,0,0,0,0,0,0,0,0,0,0.000,0.000,0.000,0.000,0,0,0,0,53.663,325.112,0,0.700,3.500,0,0,0.500,2.000,0,0,0.200,1.500,0,0,0,0,0,0.000
2881,1979052068,1,0,1,2,381.700,372.500,0.500,7.700,17.900,5.800,0.000,0,106.400,0.000,0.000,4.800,33.500,22.000,10.900,0.000,0.000,0.000,2.400,0.000,0.000,0.000,0.000,0,0,0,0,0,0,0,0,0,0,0,0,0.000,0.000,0.000,0.000,0,0,0,0,53.706,333.641,0,0.600,3.400,0,0,0.400,2.100,0,0,0.200,1.300,0,0,0,0,0,0.000
2882,1979052068,1,0,1,2,354.100,345.900,0.400,6.800,17.200,5.600,0.000,0,51.100,0.000,0.000,63.000,32.100,21.000,10.500,0.000,0.000,0.000,2.200,0.900,2.400,6.400,12.000,0,0,0,0,0,0,0,0,0,0,0,0,0.000,0.000,0.000,0.000,0,0,0,0,56.513,335.848,0,0.600,3.100,0,0,0.400,1.700,0,0,0.200,1.400,0,0,0,0,0,0.000
2883,1979052068,1,0,1,2,284.500,276.400,0.400,6.900,17.600,6.300,0.000,0,24.900,0.000,0.000,4.500,46.500,30.100,15.700,0.000,0.000,0.000,2.100,0.000,0.000,0.000,0.000,0,0,0,0,0,0,0,0,0,0,0,0,0.000,0.000,0.000,0.000,0,0,0,0,55.809,325.147,0,1.000,5.500,0,0,0.700,3.100,0,0,0.300,2.400,0,0,0,0,0,0.000
2884,1979052068,1,0,1,2,370.100,361.000,0.500,7.600,19.300,6.300,0.000,0,101.800,0.000,0.000,5.000,36.600,24.300,11.700,0.000,0.000,0.000,2.600,0.000,0.000,0.000,0.000,0,0,0,0,0,0,0,0,0,0,0,0,0.000,0.000,0.000,0.000,0,0,0,0,56.203,331.601,0,0.600,4.000,0,0,0.400,2.300,0,0,0.200,1.700,0,0,0,0,0,0.000
2885,1979052068,1,0,1,2,375.800,367.500,0.400,7.000,17.200,5.700,0.000,0,52.200,0.000,0.000,62.400,32.200,21.200,10.400,0.000,0.000,0.000,2.400,1.100,2.700,6.300,12.200,0,0,0,0,0,0,0,0,0,0,0,0,0.000,0.000,0.000,0.000,0,0,0,0,57.462,338.063,0,0.700,3.000,0,0,0.400,1.700,0,0,0.300,1.300,0,0,0,0,0,0.000
2886,1979052068,1,0,1,2,275.700,267.400,0.400,7.000,17.900,5.600,0.000,0,25.600,0.000,0.000,4.500,34.200,23.100,10.500,0.000,0.000,0.000,2.200,0.000,0.000,0.000,0.000,0,0,0,0,0,0,0,0,0,0,0,0,0.000,0.000,0.000,0.000,0,0,0,0,57.901,325.343,0,0.600,3.400,0,0,0.400,2.100,0,0,0.200,1.300,0,0,0,0,0,0.000
2887,1979052068,1,0,1,2,377.500,368.200,0.700,7.800,19.500,6.300,0.000,0,91.300,0.000,0.000,4.900,35.100,23.000,11.500,0.000,0.000,0.000,2.500,0.000,0.000,0.000,0.000,0,0,0,0,0,0,0,0,0,0,0,0,0.000,0.000,0.000,0.000,0,0,0,0,57.847,333.058,0,0.700,4.000,0,0,0.500,2.500,0,0,0.200,1.500,0,0,0,0,0,0.000
2888,1979052068,1,0,1,2,255.500,248.800,0.400,5.700,11.100,3.600,0.000,0,39.100,0.000,0.000,41.100,21.400,14.400,6.600,0.000,0.000,0.000,1.600,0.700,1.600,3.800,7.400,0,0,0,0,0,0,0,0,0,0,0,0,0.000,0.000,0.000,0.000,0,0,0,0,54.365,317.891,0,0.400,2.100,0,0,0.300,1.200,0,0,0.100,0.900,0,0,0,0,0,0.000
2889,1979052068,1,0,1,2,265.700,257.600,0.400,6.900,17.000,5.800,0.000,0,22.600,0.000,0.000,4.300,33.000,21.700,10.600,0.000,0.000,0.000,2.200,0.000,0.000,0.000,0.000,0,0,0,0,0,0,0,0,0,0,0,0,0.000,0.000,0.000,0.000,0,0,0,0,54.677,307.039,0,0.600,3.400,0,0,0.400,2.100,0,0,0.200,1.300,0,0,0,0,0,0.000
2890,1979052068,1,0,1,2,213.500,208.000,0.300,4.600,11.800,3.900,0.000,0,51.500,0.000,0.000,3.200,21.700,14.500,6.900,0.000,0.000,0.000,1.500,0.000,0.000,0.000,0.000,0,0,0,0,0,0,0,0,0,0,0,0,0.000,0.000,0.000,0.000,0,0,0,0,51.657,289.212,0,0.300,2.300,0,0,0.200,1.400,0,0,0.100,0.900,0,0,0,0,0,0.000
2891,1979052068,1,0,1,2,375.100,366.900,0.400,6.900,19.300,6.200,0.000,0,23.900,0.000,0.000,99.400,32.500,21.300,10.600,0.000,0.000,0.000,2.400,1.000,2.900,7.000,44.800,0,0,0,0,0,0,0,0,0,0,0,0,0.000,0.000,0.000,0.000,0,0,0,0,53.105,303.196,0,0.700,3.000,0,0,0.400,1.700,0,0,0.300,1.300,0,0,0,0,0,0.000
2892,1979052068,1,0,1,2,333.100,324.300,0.500,7.400,17.500,6.100,0.000,0,89.100,0.000,0.000,4.900,32.300,21.000,10.500,0.000,0.000,0.000,2.500,0.000,0.000,0.000,0.000,0,0,0,0,0,0,0,0,0,0,0,0,0.000,0.000,0.000,0.000,0,0,0,0,52.726,306.995,0,0.700,3.300,0,0,0.500,2.000,0,0,0.200,1.300,0,0,0,0,0,0.000
2893,1979052068,1,0,1,2,401.000,392.200,0.500,7.500,18.200,5.900,0.000,0,50.600,0.000,0.000,107.100,33.300,21.800,10.800,0.000,0.000,0.000,2.300,1.100,2.500,6.700,12.600,0,0,0,0,0,0,0,0,0,0,0,0,0.000,0.000,0.000,0.000,0,0,0,0,53.315,322.331,0,0.600,3.000,0,0,0.400,1.700,0,0,0.200,1.300,0,0,0,0,0,0.000
2894,1979052068,1,0,1,2,360.500,352.100,0.500,7.000,18.600,6.100,0.000,0,94.100,0.000,0.000,4.800,35.100,23.200,11.300,0.000,0.000,0.000,2.400,0.000,0.000,0.000,0.000,0,0,0,0,0,0,0,0,0,0,0,0,0.000,0.000,0.000,0.000,0,0,0,0,53.205,327.690,0,0.800,3.500,0,0,0.500,2.100,0,0,0.300,1.400,0,0,0,0,0,0.000
2895,1979052068,1,0,1,2,416.800,407.700,0.500,7.600,21.000,7.400,0.000,0,26.000,0.000,0.000,97.300,40.500,28.500,11.300,0.000,0.000,0.000,2.700,1.400,3.100,7.200,13.100,0,0,0,0,0,0,0,0,0,0,0,0,0.000,0.000,0.000,0.000,0,0,0,0,55.004,342.092,0,0.600,3.700,0,0,0.400,2.200,0,0,0.200,1.500,0,0,0,0,0,0.000
2896,1979052068,1,0,1,2,360.000,351.000,0.600,7.500,18.300,6.400,0.000,0,108.900,0.000,0.000,4.600,34.100,22.900,10.600,0.000,0.000,0.000,2.400,0.000,0.000,0.000,0.000,0,0,0,0,0,0,0,0,0,0,0,0,0.000,0.000,0.000,0.000,0,0,0,0,55.453,343.695,0,0.700,3.500,0,0,0.500,2.200,0,0,0.200,1.300,0,0,0,0,0,0.000
2897,1979052068,1,0,1,2,289.500,280.600,0.500,7.300,19.100,6.200,0.000,0,27.400,0.000,0.000,4.900,35.100,23.000,11.500,0.000,0.000,0.000,2.600,0.000,0.000,0.000,0.000,0,0,0,0,0,0,0,0,0,0,0,0,0.000,0.000,0.000,0.000,0,0,0,0,56.397,332.338,0,0.800,3.700,0,0,0.500,2.200,0,0,0.300,1.500,0,0,0,0,0,0.000
2898,1979052068,1,0,1,2,415.300,406.500,0.400,7.500,19.800,6.200,0.000,0,54.800,0.000,0.000,69.500,36.100,23.700,11.800,0.000,0.000,0.000,2.800,1.100,2.600,7.000,13.600,0,0,0,0,0,0,0,0,0,0,0,0,0.000,0.000,0.000,0.000,0,0,0,0,56.506,345.687,0,0.700,3.500,0,0,0.500,2.000,0,0,0.200,1.500,0,0,0,0,0,0.000
2899,1979052068,1,0,1,2,336.900,298.700,30.500,6.900,18.300,9.200,0.000,0,24.200,0.000,0.000,4.600,44.300,26.900,16.800,0.000,0.000,0.000,2.200,0.000,0.000,0.000,0.000,0,0,0,0,0,0,0,0,0,0,0,0,0.000,0.000,0.000,0.000,0,0,0,0,56.379,337.229,0,0.700,4.300,0,0,0.400,2.200,0,0,0.300,2.100,0,0,0,0,0,0.000
2900,1979052068,1,0,1,2,338.100,329.700,0.500,7.100,17.600,6.000,0.000,0,85.000,0.000,0.000,4.600,32.000,21.100,10.400,0.000,0.000,0.000,2.200,0.000,0.000,0.000,0.000,0,0,0,0,0,0,0,0,0,0,0,0,0.000,0.000,0.000,0.000,0,0,0,0,56.023,335.874,0,0.600,3.400,0,0,0.400,2.100,0,0,0.200,1.300,0,0,0,0,0,0.000
2901,1979052068,1,0,1,2,239.500,234.300,0.300,4.300,11.700,4.000,0.000,0,32.800,0.000,0.000,47.200,22.300,15.100,6.900,0.000,0.000,0.000,1.500,0.700,1.900,4.100,8.000,0,0,0,0,0,0,0,0,0,0,0,0,0.000,0.000,0.000,0.000,0,0,0,0,53.499,317.591,0,0.400,2.300,0,0,0.300,1.300,0,0,0.100,1.000,0,0,0,0,0,0.000
2902,1979052068,1,0,1,2,271.200,262.800,0.400,7.100,18.600,5.700,0.000,0,24.100,0.000,0.000,5.100,33.400,22.100,10.700,0.000,0.000,0.000,2.400,0.000,0.000,0.000,0.000,0,0,0,0,0,0,0,0,0,0,0,0,0.000,0.000,0.000,0.000,0,0,0,0,54.255,307.728,0,0.700,3.300,0,0,0.500,2.000,0,0,0.200,1.300,0,0,0,0,0,0.000
2903,1979052068,1,0,1,2,263.500,257.000,0.300,5.500,13.600,4.300,0.000,0,75.300,0.000,0.000,3.500,25.200,16.800,8.000,0.000,0.000,0.000,1.700,0.000,0.000,0.000,0.000,0,0,0,0,0,0,0,0,0,0,0,0,0.000,0.000,0.000,0.000,0,0,0,0,51.851,298.597,0,0.400,2.600,0,0,0.300,1.600,0,0,0.100,1.000,0,0,0,0,0,0.000
2904,1979052068,1,0,1,2,127.200,124.000,0.100,2.700,7.000,2.100,0.000,0,8.800,0.000,0.000,27.900,13.900,10.100,3.700,0.000,0.000,0.000,0.700,0.500,1.100,2.300,4.200,0,0,0,0,0,0,0,0,0,0,0,0,0.000,0.000,0.000,0.000,0,0,0,0,47.810,267.170,0,0.200,1.200,0,0,0.200,0.700,0,0,0.000,0.500,0,0,0,0,0,0.000
2905,1979052068,1,0,1,2,113.800,110.900,0.200,2.400,5.600,2.000,0.000,0,31.100,0.000,0.000,1.500,12.500,8.900,3.400,0.000,0.000,0.000,0.800,0.000,0.000,0.000,0.000,0,0,0,0,0,0,0,0,0,0,0,0,0.000,0.000,0.000,0.000,0,0,0,0,44.496,239.041,0,0.200,1.600,0,0,0.100,1.100,0,0,0.100,0.500,0,0,0,0,0,0.000
2906,1979052068,1,0,1,2,182.000,177.200,0.400,4.000,10.000,3.300,0.000,0,45.800,0.000,0.000,2.700,19.000,12.800,5.700,0.000,0.000,0.000,1.200,0.000,0.000,0.000,0.000,0,0,0,0,0,0,0,0,0,0,0,0,0.000,0.000,0.000,0.000,0,0,0,0,42.535,227.910,0,0.300,1.900,0,0,0.200,1.200,0,0,0.100,0.700,0,0,0,0,0,0.000
2907,1979052068,1,0,1,2,330.900,323.400,0.400,6.300,16.600,5.400,0.000,0,30.500,0.000,0.000,75.100,31.300,20.600,10.200,0.000,0.000,0.000,17.300,0.900,2.600,5.700,11.300,0,0,0,0,0,0,0,0,0,0,0,0,0.000,0.000,0.000,0.000,0,0,0,0,45.156,245.098,0,0.800,3.100,0,0,0.500,1.800,0,0,0.300,1.300,0,0,0,0,0,0.000
2908,1979052068,1,0,1,2,359.700,351.100,0.500,7.300,18.700,6.200,0.000,0,97.700,0.000,0.000,5.000,34.900,23.000,11.400,0.000,0.000,0.000,2.400,0.000,0.000,0.000,0.000,0,0,0,0,0,0,0,0,0,0,0,0,0.000,0.000,0.000,0.000,0,0,0,0,46.406,264.178,0,0.600,3.500,0,0,0.400,2.100,0,0,0.200,1.400,0,0,0,0,0,0.000
2909,1979052068,1,0,1,2,373.800,365.300,0.400,7.100,17.700,5.800,0.000,0,69.300,0.000,0.000,64.100,32.400,21.100,10.600,0.000,0.000,0.000,2.300,1.100,2.300,6.400,14.100,0,0,0,0,0,0,0,0,0,0,0,0,0.000,0.000,0.000,0.000,0,0,0,0,47.935,282.380,0,0.700,2.900,0,0,0.500,1.700,0,0,0.200,1.200,0,0,0,0,0,0.000
2910,1979052068,1,0,1,2,275.700,267.200,0.600,7.100,18.500,5.700,0.000,0,24.700,0.000,0.000,4.500,34.900,23.700,10.600,0.000,0.000,0.000,2.300,0.000,0.000,0.000,0.000,0,0,0,0,0,0,0,0,0,0,0,0,0.000,0.000,0.000,0.000,0,0,0,0,49.783,279.648,0,0.600,3.300,0,0,0.400,2.100,0,0,0.200,1.200,0,0,0,0,0,0.000
2911,1979052068,1,0,1,2,356.900,348.000,0.400,7.600,18.300,5.800,0.000,0,88.800,0.000,0.000,4.600,32.300,21.300,10.400,0.000,0.000,0.000,2.100,0.000,0.000,0.000,0.000,0,0,0,0,0,0,0,0,0,0,0,0,0.000,0.000,0.000,0.000,0,0,0,0,49.984,291.951,0,0.500,3.400,0,0,0.400,2.000,0,0,0.100,1.400,0,0,0,0,0,0.000
2912,1979052068,1,0,1,2,399.600,390.800,0.500,7.500,18.100,6.200,0.000,0,54.500,0.000,0.000,75.000,35.500,23.700,11.300,0.000,0.000,0.000,2.600,1.000,7.000,6.900,15.400,0,0,0,0,0,0,0,0,0,0,0,0,0.000,0.000,0.000,0.000,0,0,0,0,51.751,309.744,0,0.600,3.200,0,0,0.500,1.900,0,0,0.100,1.300,0,0,0,0,0,0.000
2913,1979052068,1,0,1,2,347.500,339.100,0.500,7.000,22.900,5.800,0.000,0,90.400,0.000,0.000,5.200,33.400,22.100,10.700,0.000,0.000,0.000,2.800,0.000,0.000,0.000,0.000,0,0,0,0,0,0,0,0,0,0,0,0,0.000,0.000,0.000,0.000,0,0,0,0,52.606,315.028,0,0.600,3.500,0,0,0.400,2.200,0,0,0.200,1.300,0,0,0,0,0,0.000
2914,1979052068,1,0,1,2,348.000,340.200,0.500,6.500,16.700,5.200,0.000,0,65.600,0.000,0.000,59.600,29.900,19.500,9.800,0.000,0.000,0.000,2.000,0.900,2.400,5.600,13.200,0,0,0,0,0,0,0,0,0,0,0,0,0.000,0.000,0.000,0.000,0,0,0,0,52.641,319.559,0,0.600,2.900,0,0,0.400,1.600,0,0,0.200,1.300,0,0,0,0,0,0.000
2915,1979052068,1,0,1,2,297.500,289.700,0.600,6.600,14.800,7.100,0.000,0,22.300,0.000,0.000,3.900,29.800,19.000,10.300,0.000,0.000,0.000,1.900,0.000,0.000,0.000,0.000,0,0,0,0,0,0,0,0,0,0,0,0,0.000,0.000,0.000,0.000,0,0,0,0,55.621,314.184,0,0.400,3.400,0,0,0.300,2.300,0,0,0.100,1.100,0,0,0,0,0,0.000
2916,1979052068,1,0,1,2,205.100,199.700,0.200,4.600,11.200,3.700,0.000,0,49.600,0.000,0.000,2.900,20.800,14.000,6.500,0.000,0.000,0.000,1.400,0.000,0.000,0.000,0.000,0,0,0,0,0,0,0,0,0,0,0,0,0.000,0.000,0.000,0.000,0,0,0,0,52.395,293.577,0,0.400,2.100,0,0,0.300,1.300,0,0,0.100,0.800,0,0,0,0,0,0.000
2917,1979052068,1,0,1,2,330.500,322.300,0.400,7.000,18.100,5.800,0.000,0,24.300,0.000,0.000,64.700,33.000,21.600,10.700,0.000,0.000,0.000,2.300,1.000,2.500,6.400,13.900,0,0,0,0,0,0,0,0,0,0,0,0,0.000,0.000,0.000,0.000,0,0,0,0,52.666,298.747,0,0.600,3.200,0,0,0.400,1.900,0,0,0.200,1.300,0,0,0,0,0,0.000
2918,1979052068,1,0,1,2,306.200,298.400,0.500,6.500,16.500,5.200,0.000,0,79.800,0.000,0.000,4.000,30.300,19.900,9.900,0.000,0.000,0.000,2.000,0.000,0.000,0.000,0.000,0,0,0,0,0,0,0,0,0,0,0,0,0.000,0.000,0.000,0.000,0,0,0,0,52.006,298.685,0,0.700,3.100,0,0,0.400,1.900,0,0,0.300,1.200,0,0,0,0,0,0.000
2919,1979052068,1,0,1,2,175.700,171.100,0.200,3.800,9.700,3.000,0.000,0,44.700,0.000,0.000,2.300,18.400,12.600,5.400,0.000,0.000,0.000,1.000,0.000,0.000,0.000,0.000,0,0,0,0,0,0,0,0,0,0,0,0,0.000,0.000,0.000,0.000,0,0,0,0,49.179,275.720,0,0.600,1.700,0,0,0.500,1.100,0,0,0.100,0.600,0,0,0,0,0,0.000
2920,1979052068,1,0,1,2,161.700,157.700,0.200,3.300,9.000,3.200,0.000,0,12.000,0.000,0.000,29.300,17.700,12.100,5.200,0.000,0.000,0.000,1.200,0.500,1.100,1.900,3.700,0,0,0,0,0,0,0,0,0,0,0,0,0.000,0.000,0.000,0.000,0,0,0,0,46.483,254.476,0,0.300,1.500,0,0,0.200,0.800,0,0,0.100,0.700,0,0,0,0,0,0.000
