mode,input_12bit,instruction_text_result,algebraic_result
0,0,0.0,0.0
0,1,0.0003578662872314453,0.0003577817531306149
0,2,0.0007156133651733398,0.0007155635062612298
0,3,0.0010733604431152344,0.0010733452593917336
0,4,0.0014312267303466797,0.0014311270125223485
0,5,0.0017888545989990234,0.0017889087656529634
0,6,0.0021467208862304688,0.0021466905187835783
0,7,0.002504587173461914,0.002504472271914082
0,8,0.002862215042114258,0.002862254025044697
0,9,0.003220081329345703,0.003220035778175312
0,10,0.0035778284072875977,0.003577817531305927
0,11,0.003935575485229492,0.003935599284436542
0,12,0.0042934417724609375,0.004293381037567046
0,13,0.004651188850402832,0.0046511627906976605
0,14,0.0050089359283447266,0.005008944543828275
0,15,0.005366802215576172,0.00536672629695889
0,16,0.005724549293518066,0.005724508050089394
0,17,0.006082296371459961,0.006082289803220009
0,18,0.006440162658691406,0.006440071556350624
0,19,0.006797909736633301,0.006797853309481239
0,20,0.007155656814575195,0.007155635062611854
0,21,0.007513523101806641,0.0075134168157423575
0,22,0.007871150970458984,0.007871198568872972
0,23,0.00822901725769043,0.008228980322003587
0,24,0.008586883544921875,0.008586762075134202
0,25,0.008944511413574219,0.008944543828264706
0,26,0.009302377700805664,0.009302325581395321
0,27,0.009660124778747559,0.009660107334525936
0,28,0.010017871856689453,0.01001788908765655
0,29,0.010375738143920898,0.010375670840787166
0,30,0.010733485221862793,0.01073345259391767
0,31,0.011091232299804688,0.011091234347048284
0,32,0.011449098587036133,0.0114490161001789
0,33,0.011806845664978027,0.011806797853309514
0,34,0.012164592742919922,0.012164579606440018
0,35,0.012522459030151367,0.012522361359570633
0,36,0.012880206108093262,0.012880143112701248
0,37,0.013237953186035156,0.013237924865831863
0,38,0.013595819473266602,0.013595706618962478
0,39,0.013953447341918945,0.013953488372092981
0,40,0.01431131362915039,0.014311270125223596
0,41,0.014669060707092285,0.014669051878354211
0,42,0.01502680778503418,0.015026833631484826
0,43,0.015384674072265625,0.01538461538461533
0,44,0.01574242115020752,0.015742397137745945
0,45,0.016100168228149414,0.01610017889087656
0,46,0.01645803451538086,0.016457960644007175
0,47,0.016815781593322754,0.01681574239713779
0,48,0.01717352867126465,0.017173524150268293
0,49,0.017531394958496094,0.017531305903398908
0,50,0.01788914203643799,0.017889087656529523
0,51,0.018246889114379883,0.018246869409660138
0,52,0.018604755401611328,0.018604651162790753
0,53,0.018962383270263672,0.018962432915921257
0,54,0.019320249557495117,0.01932021466905187
0,55,0.019678115844726562,0.019677996422182487
0,56,0.020035743713378906,0.0200357781753131
0,57,0.02039361000061035,0.020393559928443605
0,58,0.020751357078552246,0.02075134168157422
0,59,0.02110910415649414,0.021109123434704835
0,60,0.021466970443725586,0.02146690518783545
0,61,0.02182471752166748,0.021824686940966065
0,62,0.022182464599609375,0.02218246869409657
0,63,0.02254033088684082,0.022540250447227184
0,64,0.022898077964782715,0.0228980322003578
0,65,0.02325582504272461,0.023255813953488413
0,66,0.023613691329956055,0.023613595706618917
0,67,0.02397143840789795,0.023971377459749532
0,68,0.024329185485839844,0.024329159212880147
0,69,0.02468705177307129,0.024686940966010762
0,70,0.025044679641723633,0.025044722719141377
0,71,0.025402545928955078,0.02540250447227188
0,72,0.025760293006896973,0.025760286225402496
0,73,0.026118040084838867,0.02611806797853311
0,74,0.026475906372070312,0.026475849731663725
0,75,0.026833653450012207,0.02683363148479423
0,76,0.0271914005279541,0.027191413237924844
0,77,0.027549266815185547,0.02754919499105546
0,78,0.02790701389312744,0.027906976744186074
0,79,0.028264760971069336,0.02826475849731669
0,80,0.02862262725830078,0.028622540250447193
0,81,0.028980374336242676,0.028980322003577808
0,82,0.02933812141418457,0.029338103756708422
0,83,0.029695987701416016,0.029695885509839037
0,84,0.03005361557006836,0.03005366726296954
0,85,0.030411481857299805,0.030411449016100156
0,86,0.03076934814453125,0.03076923076923077
0,87,0.031126976013183594,0.031127012522361386
0,88,0.03148484230041504,0.031484794275492
0,89,0.031842589378356934,0.031842576028622505
0,90,0.03220033645629883,0.03220035778175312
0,91,0.03255820274353027,0.032558139534883734
0,92,0.03291594982147217,0.03291592128801435
0,93,0.03327369689941406,0.03327370304114485
0,94,0.03363156318664551,0.03363148479427547
0,95,0.0339893102645874,0.03398926654740608
0,96,0.0343470573425293,0.0343470483005367
0,97,0.03470492362976074,0.03470483005366731
0,98,0.03506267070770264,0.035062611806797817
0,99,0.03542041778564453,0.03542039355992843
0,100,0.03577828407287598,0.035778175313059046
0,101,0.03613591194152832,0.03613595706618966
0,102,0.036493778228759766,0.036493738819320165
0,103,0.03685152530670166,0.03685152057245078
0,104,0.037209272384643555,0.037209302325581395
0,105,0.037567138671875,0.03756708407871201
0,106,0.037924885749816895,0.037924865831842625
0,107,0.03828263282775879,0.03828264758497313
0,108,0.038640499114990234,0.03864042933810374
0,109,0.03899824619293213,0.03899821109123436
0,110,0.03935599327087402,0.03935599284436497
0,111,0.03971385955810547,0.03971377459749548
0,112,0.04007160663604736,0.04007155635062609
0,113,0.04042935371398926,0.04042933810375671
0,114,0.0407872200012207,0.04078711985688732
0,115,0.04114484786987305,0.04114490161001794
0,116,0.04150271415710449,0.04150268336314844
0,117,0.04186058044433594,0.041860465116279055
0,118,0.04221820831298828,0.04221824686940967
0,119,0.04257607460021973,0.042576028622540285
0,120,0.04293382167816162,0.04293381037567079
0,121,0.043291568756103516,0.043291592128801404
0,122,0.04364943504333496,0.04364937388193202
0,123,0.044007182121276855,0.044007155635062634
0,124,0.04436492919921875,0.04436493738819325
0,125,0.044722795486450195,0.04472271914132375
0,126,0.04508054256439209,0.04508050089445437
0,127,0.045438289642333984,0.04543828264758498
0,128,0.04579615592956543,0.0457960644007156
0,129,0.046153903007507324,0.0461538461538461
0,130,0.04651165008544922,0.046511627906976716
0,131,0.046869516372680664,0.04686940966010733
0,132,0.04722714424133301,0.047227191413237946
0,133,0.04758501052856445,0.04758497316636856
0,134,0.0479428768157959,0.047942754919499064
0,135,0.04830050468444824,0.04830053667262968
0,136,0.04865837097167969,0.048658318425760294
0,137,0.04901611804962158,0.04901610017889091
0,138,0.04937386512756348,0.04937388193202141
0,139,0.04973173141479492,0.04973166368515203
0,140,0.050089478492736816,0.05008944543828264
0,141,0.05044722557067871,0.05044722719141326
0,142,0.050805091857910156,0.05080500894454387
0,143,0.05116283893585205,0.051162790697674376
0,144,0.051520586013793945,0.05152057245080499
0,145,0.05187845230102539,0.051878354203935606
0,146,0.052236080169677734,0.05223613595706622
0,147,0.05259394645690918,0.052593917710196725
0,148,0.052951812744140625,0.05295169946332734
0,149,0.05330944061279297,0.053309481216457955
0,150,0.053667306900024414,0.05366726296958857
0,151,0.05402505397796631,0.054025044722719184
0,152,0.0543828010559082,0.05438282647584969
0,153,0.05474066734313965,0.0547406082289803
0,154,0.05509841442108154,0.05509838998211092
0,155,0.05545616149902344,0.05545617173524153
0,156,0.05581402778625488,0.05581395348837215
0,157,0.05617177486419678,0.05617173524150265
0,158,0.05652952194213867,0.056529516994633267
0,159,0.05688738822937012,0.05688729874776388
0,160,0.05724513530731201,0.057245080500894496
0,161,0.057602882385253906,0.057602862254025
0,162,0.05796074867248535,0.057960644007155615
0,163,0.058318376541137695,0.05831842576028623
0,164,0.05867624282836914,0.058676207513416845
0,165,0.059034109115600586,0.05903398926654746
0,166,0.05939173698425293,0.059391771019677964
0,167,0.059749603271484375,0.05974955277280858
0,168,0.06010735034942627,0.06010733452593919
0,169,0.060465097427368164,0.06046511627906981
0,170,0.06082296371459961,0.06082289803220031
0,171,0.061180710792541504,0.06118067978533093
0,172,0.0615384578704834,0.06153846153846154
0,173,0.061896324157714844,0.06189624329159216
0,174,0.06225407123565674,0.06225402504472277
0,175,0.06261181831359863,0.06261180679785328
0,176,0.06296968460083008,0.06296958855098389
0,177,0.06332743167877197,0.0633273703041145
0,178,0.06368517875671387,0.06368515205724512
0,179,0.06404304504394531,0.06404293381037562
0,180,0.06440067291259766,0.06440071556350624
0,181,0.0647585391998291,0.06475849731663685
0,182,0.065116286277771,0.06511627906976747
0,183,0.06547403335571289,0.06547406082289808
0,184,0.06583189964294434,0.06583184257602859
0,185,0.06618964672088623,0.0661896243291592
0,186,0.06654739379882812,0.06654740608228982
0,187,0.06690526008605957,0.06690518783542043
0,188,0.06726300716400146,0.06726296958855094
0,189,0.06762075424194336,0.06762075134168155
0,190,0.0679786205291748,0.06797853309481217
0,191,0.0683363676071167,0.06833631484794278
0,192,0.0686941146850586,0.0686940966010734
0,193,0.06905198097229004,0.0690518783542039
0,194,0.06940960884094238,0.06940966010733451
0,195,0.06976747512817383,0.06976744186046513
0,196,0.07012534141540527,0.07012522361359574
0,197,0.07048296928405762,0.07048300536672625
0,198,0.07084083557128906,0.07084078711985686
0,199,0.07119858264923096,0.07119856887298748
0,200,0.07155632972717285,0.07155635062611809
0,201,0.0719141960144043,0.07191413237924871
0,202,0.07227194309234619,0.07227191413237921
0,203,0.07262969017028809,0.07262969588550983
0,204,0.07298755645751953,0.07298747763864044
0,205,0.07334530353546143,0.07334525939177106
0,206,0.07370305061340332,0.07370304114490156
0,207,0.07406091690063477,0.07406082289803217
0,208,0.07441866397857666,0.07441860465116279
0,209,0.07477641105651855,0.0747763864042934
0,210,0.07513427734375,0.07513416815742402
0,211,0.07549190521240234,0.07549194991055452
0,212,0.07584977149963379,0.07584973166368514
0,213,0.07620751857757568,0.07620751341681575
0,214,0.07656526565551758,0.07656529516994637
0,215,0.07692313194274902,0.07692307692307687
0,216,0.07728087902069092,0.07728085867620749
0,217,0.07763862609863281,0.0776386404293381
0,218,0.07799649238586426,0.07799642218246872
0,219,0.07835423946380615,0.07835420393559933
0,220,0.07871198654174805,0.07871198568872984
0,221,0.07906985282897949,0.07906976744186045
0,222,0.07942759990692139,0.07942754919499107
0,223,0.07978534698486328,0.07978533094812168
0,224,0.08014321327209473,0.08014311270125218
0,225,0.08050084114074707,0.0805008944543828
0,226,0.08085870742797852,0.08085867620751341
0,227,0.08121657371520996,0.08121645796064403
0,228,0.0815742015838623,0.08157423971377464
0,229,0.08193206787109375,0.08193202146690515
0,230,0.08228981494903564,0.08228980322003576
0,231,0.08264756202697754,0.08264758497316638
0,232,0.08300542831420898,0.08300536672629699
0,233,0.08336317539215088,0.0833631484794275
0,234,0.08372092247009277,0.08372093023255811
0,235,0.08407878875732422,0.08407871198568873
0,236,0.08443653583526611,0.08443649373881934
0,237,0.08479428291320801,0.08479427549194996
0,238,0.08515214920043945,0.08515205724508046
0,239,0.08550989627838135,0.08550983899821107
0,240,0.08586764335632324,0.08586762075134169
0,241,0.08622550964355469,0.0862254025044723
0,242,0.08658313751220703,0.08658318425760281
0,243,0.08694100379943848,0.08694096601073342
0,244,0.08729875087738037,0.08729874776386404
0,245,0.08765649795532227,0.08765652951699465
0,246,0.08801436424255371,0.08801431127012527
0,247,0.0883721113204956,0.08837209302325577
0,248,0.0887298583984375,0.08872987477638639
0,249,0.08908772468566895,0.089087656529517
0,250,0.08944547176361084,0.08944543828264762
0,251,0.08980321884155273,0.08980322003577823
0,252,0.09016108512878418,0.09016100178890873
0,253,0.09051883220672607,0.09051878354203935
0,254,0.09087657928466797,0.09087656529516996
0,255,0.09123444557189941,0.09123434704830058
0,256,0.09159207344055176,0.09159212880143108
0,257,0.0919499397277832,0.0919499105545617
0,258,0.09230780601501465,0.09230769230769231
0,259,0.09266543388366699,0.09266547406082293
0,260,0.09302330017089844,0.09302325581395354
0,261,0.09338104724884033,0.09338103756708405
0,262,0.09373879432678223,0.09373881932021466
0,263,0.09409666061401367,0.09409660107334528
0,264,0.09445440769195557,0.09445438282647589
0,265,0.09481215476989746,0.0948121645796064
0,266,0.0951700210571289,0.09516994633273701
0,267,0.0955277681350708,0.09552772808586762
0,268,0.0958855152130127,0.09588550983899824
0,269,0.09624338150024414,0.09624329159212885
0,270,0.09660112857818604,0.09660107334525936
0,271,0.09695887565612793,0.09695885509838997
0,272,0.09731674194335938,0.09731663685152059
0,273,0.09767436981201172,0.0976744186046512
0,274,0.09803223609924316,0.0980322003577817
0,275,0.09839010238647461,0.09838998211091232
0,276,0.09874773025512695,0.09874776386404294
0,277,0.0991055965423584,0.09910554561717355
0,278,0.09946334362030029,0.09946332737030417
0,279,0.09982109069824219,0.09982110912343467
0,280,0.10017895698547363,0.10017889087656529
0,281,0.10053670406341553,0.1005366726296959
0,282,0.10089445114135742,0.10089445438282652
0,283,0.10125231742858887,0.10125223613595702
0,284,0.10161006450653076,0.10161001788908763
0,285,0.10196781158447266,0.10196779964221825
0,286,0.1023256778717041,0.10232558139534886
0,287,0.10268330574035645,0.10268336314847948
0,288,0.10304117202758789,0.10304114490160998
0,289,0.10339903831481934,0.1033989266547406
0,290,0.10375666618347168,0.10375670840787121
0,291,0.10411453247070312,0.10411449016100183
0,292,0.10447227954864502,0.10447227191413233
0,293,0.10483002662658691,0.10483005366726295
0,294,0.10518789291381836,0.10518783542039356
0,295,0.10554563999176025,0.10554561717352418
0,296,0.10590338706970215,0.10590339892665479
0,297,0.1062612533569336,0.1062611806797853
0,298,0.10661900043487549,0.10661896243291591
0,299,0.10697674751281738,0.10697674418604652
0,300,0.10733461380004883,0.10733452593917714
0,301,0.10769236087799072,0.10769230769230764
0,302,0.10805010795593262,0.10805008944543826
0,303,0.10840797424316406,0.10840787119856887
0,304,0.1087656021118164,0.10876565295169949
0,305,0.10912346839904785,0.1091234347048301
0,306,0.1094813346862793,0.1094812164579606
0,307,0.10983896255493164,0.10983899821109122
0,308,0.11019682884216309,0.11019677996422184
0,309,0.11055457592010498,0.11055456171735245
0,310,0.11091232299804688,0.11091234347048295
0,311,0.11127018928527832,0.11127012522361357
0,312,0.11162793636322021,0.11162790697674418
0,313,0.11198568344116211,0.1119856887298748
0,314,0.11234354972839355,0.11234347048300541
0,315,0.11270129680633545,0.11270125223613592
0,316,0.11305904388427734,0.11305903398926653
0,317,0.11341691017150879,0.11341681574239715
0,318,0.11377465724945068,0.11377459749552776
0,319,0.11413240432739258,0.11413237924865827
0,320,0.11449027061462402,0.11449016100178888
0,321,0.11484789848327637,0.1148479427549195
0,322,0.11520576477050781,0.11520572450805011
0,323,0.11556351184844971,0.11556350626118073
0,324,0.1159212589263916,0.11592128801431123
0,325,0.11627912521362305,0.11627906976744184
0,326,0.11663687229156494,0.11663685152057246
0,327,0.11699461936950684,0.11699463327370307
0,328,0.11735248565673828,0.11735241502683358
0,329,0.11771023273468018,0.1177101967799642
0,330,0.11806797981262207,0.11806797853309481
0,331,0.11842584609985352,0.11842576028622542
0,332,0.11878359317779541,0.11878354203935604
0,333,0.1191413402557373,0.11914132379248654
0,334,0.11949920654296875,0.11949910554561716
0,335,0.1198568344116211,0.11985688729874777
0,336,0.12021470069885254,0.12021466905187839
0,337,0.12057256698608398,0.12057245080500889
0,338,0.12093019485473633,0.1209302325581395
0,339,0.12128806114196777,0.12128801431127012
0,340,0.12164580821990967,0.12164579606440074
0,341,0.12200355529785156,0.12200357781753135
0,342,0.12236142158508301,0.12236135957066185
0,343,0.1227191686630249,0.12271914132379247
0,344,0.1230769157409668,0.12307692307692308
0,345,0.12343478202819824,0.1234347048300537
0,346,0.12379252910614014,0.1237924865831842
0,347,0.12415027618408203,0.12415026833631482
0,348,0.12450814247131348,0.12450805008944543
0,349,0.12486588954925537,0.12486583184257605
0,350,0.12522363662719727,0.12522361359570666
0,351,0.1255815029144287,0.12558139534883717
0,352,0.12593913078308105,0.12593917710196778
0,353,0.1262969970703125,0.1262969588550984
0,354,0.1266547441482544,0.126654740608229
0,355,0.1270124912261963,0.12701252236135963
0,356,0.12737035751342773,0.12737030411449013
0,357,0.12772810459136963,0.12772808586762074
0,358,0.12808585166931152,0.12808586762075136
0,359,0.12844371795654297,0.12844364937388197
0,360,0.12880146503448486,0.12880143112701248
0,361,0.12915921211242676,0.1291592128801431
0,362,0.1295170783996582,0.1295169946332737
0,363,0.1298748254776001,0.12987477638640432
0,364,0.130232572555542,0.13023255813953494
0,365,0.13059043884277344,0.13059033989266544
0,366,0.13094806671142578,0.13094812164579606
0,367,0.13130593299865723,0.13130590339892667
0,368,0.13166379928588867,0.13166368515205729
0,369,0.13202142715454102,0.1320214669051878
0,370,0.13237929344177246,0.1323792486583184
0,371,0.13273704051971436,0.13273703041144902
0,372,0.13309478759765625,0.13309481216457963
0,373,0.1334526538848877,0.13345259391771025
0,374,0.1338104009628296,0.13381037567084075
0,375,0.13416814804077148,0.13416815742397137
0,376,0.13452601432800293,0.13452593917710198
0,377,0.13488376140594482,0.1348837209302326
0,378,0.13524150848388672,0.1352415026833631
0,379,0.13559937477111816,0.13559928443649372
0,380,0.13595712184906006,0.13595706618962433
0,381,0.13631486892700195,0.13631484794275495
0,382,0.1366727352142334,0.13667262969588556
0,383,0.13703036308288574,0.13703041144901607
0,384,0.1373882293701172,0.13738819320214668
0,385,0.13774597644805908,0.1377459749552773
0,386,0.13810372352600098,0.1381037567084079
0,387,0.13846158981323242,0.1384615384615384
0,388,0.13881933689117432,0.13881932021466903
0,389,0.1391770839691162,0.13917710196779964
0,390,0.13953495025634766,0.13953488372093026
0,391,0.13989269733428955,0.13989266547406087
0,392,0.14025044441223145,0.14025044722719138
0,393,0.1406083106994629,0.140608228980322
0,394,0.14096605777740479,0.1409660107334526
0,395,0.14132380485534668,0.14132379248658322
0,396,0.14168167114257812,0.14168157423971373
0,397,0.14203929901123047,0.14203935599284434
0,398,0.14239716529846191,0.14239713774597496
0,399,0.14275503158569336,0.14275491949910557
0,400,0.1431126594543457,0.14311270125223619
0,401,0.14347052574157715,0.1434704830053667
0,402,0.14382827281951904,0.1438282647584973
0,403,0.14418601989746094,0.14418604651162792
0,404,0.14454388618469238,0.14454382826475853
0,405,0.14490163326263428,0.14490161001788904
0,406,0.14525938034057617,0.14525939177101965
0,407,0.14561724662780762,0.14561717352415027
0,408,0.1459749937057495,0.14597495527728088
0,409,0.1463327407836914,0.1463327370304115
0,410,0.14669060707092285,0.146690518783542
0,411,0.14704835414886475,0.14704830053667262
0,412,0.14740610122680664,0.14740608228980323
0,413,0.14776396751403809,0.14776386404293385
0,414,0.14812159538269043,0.14812164579606435
0,415,0.14847946166992188,0.14847942754919496
0,416,0.14883732795715332,0.14883720930232558
0,417,0.14919495582580566,0.1491949910554562
0,418,0.1495528221130371,0.1495527728085868
0,419,0.149910569190979,0.1499105545617173
0,420,0.1502683162689209,0.15026833631484793
0,421,0.15062618255615234,0.15062611806797854
0,422,0.15098392963409424,0.15098389982110916
0,423,0.15134167671203613,0.15134168157423966
0,424,0.15169954299926758,0.15169946332737028
0,425,0.15205729007720947,0.1520572450805009
0,426,0.15241503715515137,0.1524150268336315
0,427,0.1527729034423828,0.15277280858676212
0,428,0.15313053131103516,0.15313059033989262
0,429,0.1534883975982666,0.15348837209302324
0,430,0.15384626388549805,0.15384615384615385
0,431,0.1542038917541504,0.15420393559928447
0,432,0.15456175804138184,0.15456171735241497
0,433,0.15491950511932373,0.1549194991055456
0,434,0.15527725219726562,0.1552772808586762
0,435,0.15563511848449707,0.15563506261180682
0,436,0.15599286556243896,0.15599284436493743
0,437,0.15635061264038086,0.15635062611806794
0,438,0.1567084789276123,0.15670840787119855
0,439,0.1570662260055542,0.15706618962432917
0,440,0.1574239730834961,0.15742397137745978
0,441,0.15778183937072754,0.15778175313059029
0,442,0.15813958644866943,0.1581395348837209
0,443,0.15849733352661133,0.15849731663685152
0,444,0.15885519981384277,0.15885509838998213
0,445,0.15921282768249512,0.15921288014311274
0,446,0.15957069396972656,0.15957066189624325
0,447,0.159928560256958,0.15992844364937386
0,448,0.16028618812561035,0.16028622540250448
0,449,0.1606440544128418,0.1606440071556351
0,450,0.1610018014907837,0.1610017889087657
0,451,0.16135954856872559,0.1613595706618962
0,452,0.16171741485595703,0.16171735241502683
0,453,0.16207516193389893,0.16207513416815744
0,454,0.16243290901184082,0.16243291592128806
0,455,0.16279077529907227,0.16279069767441856
0,456,0.16314852237701416,0.16314847942754918
0,457,0.16350626945495605,0.1635062611806798
0,458,0.1638641357421875,0.1638640429338104
0,459,0.1642218828201294,0.16422182468694102
0,460,0.1645796298980713,0.16457960644007152
0,461,0.16493749618530273,0.16493738819320214
0,462,0.16529512405395508,0.16529516994633275
0,463,0.16565299034118652,0.16565295169946337
0,464,0.16601073741912842,0.16601073345259387
0,465,0.1663684844970703,0.1663685152057245
0,466,0.16672635078430176,0.1667262969588551
0,467,0.16708409786224365,0.16708407871198572
0,468,0.16744184494018555,0.16744186046511633
0,469,0.167799711227417,0.16779964221824684
0,470,0.1681574583053589,0.16815742397137745
0,471,0.16851520538330078,0.16851520572450807
0,472,0.16887307167053223,0.16887298747763868
0,473,0.16923081874847412,0.16923076923076918
0,474,0.16958856582641602,0.1695885509838998
0,475,0.16994643211364746,0.16994633273703041
0,476,0.1703040599822998,0.17030411449016103
0,477,0.17066192626953125,0.17066189624329164
0,478,0.1710197925567627,0.17101967799642215
0,479,0.17137742042541504,0.17137745974955276
0,480,0.17173528671264648,0.17173524150268338
0,481,0.17209303379058838,0.172093023255814
0,482,0.17245078086853027,0.1724508050089445
0,483,0.17280864715576172,0.1728085867620751
0,484,0.1731663942337036,0.17316636851520573
0,485,0.1735241413116455,0.17352415026833634
0,486,0.17388200759887695,0.17388193202146696
0,487,0.17423975467681885,0.17423971377459746
0,488,0.17459750175476074,0.17459749552772807
0,489,0.1749553680419922,0.1749552772808587
0,490,0.17531311511993408,0.1753130590339893
0,491,0.17567086219787598,0.1756708407871198
0,492,0.17602872848510742,0.17602862254025042
0,493,0.17638635635375977,0.17638640429338104
0,494,0.1767442226409912,0.17674418604651165
0,495,0.1771019697189331,0.17710196779964227
0,496,0.177459716796875,0.17745974955277277
0,497,0.17781758308410645,0.1778175313059034
0,498,0.17817533016204834,0.178175313059034
0,499,0.17853307723999023,0.17853309481216462
0,500,0.17889094352722168,0.17889087656529512
0,501,0.17924869060516357,0.17924865831842574
0,502,0.17960643768310547,0.17960644007155635
0,503,0.17996430397033691,0.17996422182468697
0,504,0.1803220510482788,0.18032200357781758
0,505,0.1806797981262207,0.18067978533094808
0,506,0.18103766441345215,0.1810375670840787
0,507,0.1813952922821045,0.1813953488372093
0,508,0.18175315856933594,0.18175313059033993
0,509,0.18211102485656738,0.18211091234347043
0,510,0.18246865272521973,0.18246869409660105
0,511,0.18282651901245117,0.18282647584973166
0,512,0.18318426609039307,0.18318425760286228
0,513,0.18354201316833496,0.1835420393559929
0,514,0.1838998794555664,0.1838998211091234
0,515,0.1842576265335083,0.184257602862254
0,516,0.1846153736114502,0.18461538461538463
0,517,0.18497323989868164,0.18497316636851524
0,518,0.18533098697662354,0.18533094812164574
0,519,0.18568873405456543,0.18568872987477636
0,520,0.18604660034179688,0.18604651162790697
0,521,0.18640434741973877,0.1864042933810376
0,522,0.18676209449768066,0.1867620751341682
0,523,0.1871199607849121,0.1871198568872987
0,524,0.18747758865356445,0.18747763864042932
0,525,0.1878354549407959,0.18783542039355994
0,526,0.1881932020187378,0.18819320214669055
0,527,0.1885509490966797,0.18855098389982106
0,528,0.18890881538391113,0.18890876565295167
0,529,0.18926656246185303,0.18926654740608229
0,530,0.18962430953979492,0.1896243291592129
0,531,0.18998217582702637,0.18998211091234352
0,532,0.19033992290496826,0.19033989266547402
0,533,0.19069766998291016,0.19069767441860463
0,534,0.1910555362701416,0.19105545617173525
0,535,0.1914132833480835,0.19141323792486586
0,536,0.1917710304260254,0.19177101967799637
0,537,0.19212889671325684,0.19212880143112698
0,538,0.19248652458190918,0.1924865831842576
0,539,0.19284439086914062,0.1928443649373882
0,540,0.19320225715637207,0.19320214669051883
0,541,0.19355988502502441,0.19355992844364933
0,542,0.19391775131225586,0.19391771019677995
0,543,0.19427549839019775,0.19427549194991056
0,544,0.19463324546813965,0.19463327370304118
0,545,0.1949911117553711,0.19499105545617168
0,546,0.195348858833313,0.1953488372093023
0,547,0.19570660591125488,0.1957066189624329
0,548,0.19606447219848633,0.19606440071556352
0,549,0.19642221927642822,0.19642218246869414
0,550,0.19677996635437012,0.19677996422182464
0,551,0.19713783264160156,0.19713774597495526
0,552,0.19749557971954346,0.19749552772808587
0,553,0.19785332679748535,0.1978533094812165
0,554,0.1982111930847168,0.1982110912343471
0,555,0.19856882095336914,0.1985688729874776
0,556,0.19892668724060059,0.19892665474060822
0,557,0.19928455352783203,0.19928443649373884
0,558,0.19964218139648438,0.19964221824686945
0,559,0.20000004768371582,0.19999999999999996
0,560,0.20035779476165771,0.20035778175313057
0,561,0.2007155418395996,0.20071556350626119
0,562,0.20107340812683105,0.2010733452593918
0,563,0.20143115520477295,0.20143112701252242
0,564,0.20178890228271484,0.20178890876565292
0,565,0.2021467685699463,0.20214669051878353
0,566,0.20250451564788818,0.20250447227191415
0,567,0.20286226272583008,0.20286225402504476
0,568,0.20322012901306152,0.20322003577817527
0,569,0.20357775688171387,0.20357781753130588
0,570,0.2039356231689453,0.2039355992844365
0,571,0.20429348945617676,0.2042933810375671
0,572,0.2046511173248291,0.20465116279069773
0,573,0.20500898361206055,0.20500894454382823
0,574,0.20536673069000244,0.20536672629695885
0,575,0.20572447776794434,0.20572450805008946
0,576,0.20608234405517578,0.20608228980322008
0,577,0.20644009113311768,0.20644007155635058
0,578,0.20679783821105957,0.2067978533094812
0,579,0.20715570449829102,0.2071556350626118
0,580,0.2075134515762329,0.20751341681574242
0,581,0.2078711986541748,0.20787119856887304
0,582,0.20822906494140625,0.20822898032200354
0,583,0.20858681201934814,0.20858676207513416
0,584,0.20894455909729004,0.20894454382826477
0,585,0.20930242538452148,0.2093023255813954
0,586,0.20966005325317383,0.2096601073345259
0,587,0.21001791954040527,0.2100178890876565
0,588,0.21037578582763672,0.21037567084078712
0,589,0.21073341369628906,0.21073345259391774
0,590,0.2110912799835205,0.21109123434704835
0,591,0.2114490270614624,0.21144901610017885
0,592,0.2118067741394043,0.21180679785330947
0,593,0.21216464042663574,0.21216457960644008
0,594,0.21252238750457764,0.2125223613595707
0,595,0.21288013458251953,0.2128801431127012
0,596,0.21323800086975098,0.21323792486583182
0,597,0.21359574794769287,0.21359570661896243
0,598,0.21395349502563477,0.21395348837209305
0,599,0.2143113613128662,0.21431127012522366
0,600,0.2146691083908081,0.21466905187835417
0,601,0.21502685546875,0.21502683363148478
0,602,0.21538472175598145,0.2153846153846154
0,603,0.2157423496246338,0.215742397137746
0,604,0.21610021591186523,0.21610017889087652
0,605,0.21645796298980713,0.21645796064400713
0,606,0.21681571006774902,0.21681574239713775
0,607,0.21717357635498047,0.21717352415026836
0,608,0.21753132343292236,0.21753130590339897
0,609,0.21788907051086426,0.21788908765652948
0,610,0.2182469367980957,0.2182468694096601
0,611,0.2186046838760376,0.2186046511627907
0,612,0.2189624309539795,0.21896243291592132
0,613,0.21932029724121094,0.21932021466905183
0,614,0.21967804431915283,0.21967799642218244
0,615,0.22003579139709473,0.22003577817531306
0,616,0.22039365768432617,0.22039355992844367
0,617,0.22075128555297852,0.2207513416815743
0,618,0.22110915184020996,0.2211091234347048
0,619,0.2214670181274414,0.2214669051878354
0,620,0.22182464599609375,0.22182468694096602
0,621,0.2221825122833252,0.22218246869409664
0,622,0.2225402593612671,0.22254025044722714
0,623,0.22289800643920898,0.22289803220035775
0,624,0.22325587272644043,0.22325581395348837
0,625,0.22361361980438232,0.22361359570661898
0,626,0.22397136688232422,0.2239713774597496
0,627,0.22432923316955566,0.2243291592128801
0,628,0.22468698024749756,0.22468694096601072
0,629,0.22504472732543945,0.22504472271914133
0,630,0.2254025936126709,0.22540250447227195
0,631,0.2257603406906128,0.22576028622540245
0,632,0.2261180877685547,0.22611806797853307
0,633,0.22647595405578613,0.22647584973166368
0,634,0.22683358192443848,0.2268336314847943
0,635,0.22719144821166992,0.2271914132379249
0,636,0.22754919528961182,0.22754919499105541
0,637,0.2279069423675537,0.22790697674418603
0,638,0.22826480865478516,0.22826475849731664
0,639,0.22862255573272705,0.22862254025044726
0,640,0.22898030281066895,0.22898032200357776
0,641,0.2293381690979004,0.22933810375670838
0,642,0.22969591617584229,0.229695885509839
0,643,0.23005366325378418,0.2300536672629696
0,644,0.23041152954101562,0.23041144901610022
0,645,0.23076927661895752,0.23076923076923073
0,646,0.23112702369689941,0.23112701252236134
0,647,0.23148488998413086,0.23148479427549196
0,648,0.2318425178527832,0.23184257602862257
0,649,0.23220038414001465,0.23220035778175319
0,650,0.2325582504272461,0.2325581395348837
0,651,0.23291587829589844,0.2329159212880143
0,652,0.23327374458312988,0.23327370304114492
0,653,0.23363149166107178,0.23363148479427553
0,654,0.23398923873901367,0.23398926654740604
0,655,0.23434710502624512,0.23434704830053665
0,656,0.234704852104187,0.23470483005366727
0,657,0.2350625991821289,0.23506261180679788
0,658,0.23542046546936035,0.2354203935599285
0,659,0.23577821254730225,0.235778175313059
0,660,0.23613595962524414,0.23613595706618962
0,661,0.23649382591247559,0.23649373881932023
0,662,0.23685157299041748,0.23685152057245085
0,663,0.23720932006835938,0.23720930232558135
0,664,0.23756718635559082,0.23756708407871197
0,665,0.23792481422424316,0.23792486583184258
0,666,0.2382826805114746,0.2382826475849732
0,667,0.2386404275894165,0.2386404293381038
0,668,0.2389981746673584,0.2389982110912343
0,669,0.23935604095458984,0.23935599284436493
0,670,0.23971378803253174,0.23971377459749554
0,671,0.24007153511047363,0.24007155635062616
0,672,0.24042940139770508,0.24042933810375666
0,673,0.24078714847564697,0.24078711985688728
0,674,0.24114489555358887,0.2411449016100179
0,675,0.2415027618408203,0.2415026833631485
0,676,0.2418605089187622,0.24186046511627912
0,677,0.2422182559967041,0.24221824686940963
0,678,0.24257612228393555,0.24257602862254024
0,679,0.2429337501525879,0.24293381037567086
0,680,0.24329161643981934,0.24329159212880147
0,681,0.24364948272705078,0.24364937388193197
0,682,0.24400711059570312,0.2440071556350626
0,683,0.24436497688293457,0.2443649373881932
0,684,0.24472272396087646,0.24472271914132382
0,685,0.24508047103881836,0.24508050089445443
0,686,0.2454383373260498,0.24543828264758494
0,687,0.2457960844039917,0.24579606440071555
0,688,0.2461538314819336,0.24615384615384617
0,689,0.24651169776916504,0.24651162790697678
0,690,0.24686944484710693,0.2468694096601073
0,691,0.24722719192504883,0.2472271914132379
0,692,0.24758505821228027,0.24758497316636852
0,693,0.24794280529022217,0.24794275491949913
0,694,0.24830055236816406,0.24830053667262975
0,695,0.2486584186553955,0.24865831842576025
0,696,0.24901604652404785,0.24901610017889086
0,697,0.2493739128112793,0.24937388193202148
0,698,0.24973177909851074,0.2497316636851521
0,699,0.2500894069671631,0.2500894454382826
0,700,0.25044727325439453,0.2504472271914132
0,701,0.2508050203323364,0.25080500894454383
0,702,0.2511627674102783,0.25116279069767444
0,703,0.25152063369750977,0.25152057245080506
0,704,0.25187838077545166,0.25187835420393556
0,705,0.25223612785339355,0.2522361359570662
0,706,0.252593994140625,0.2525939177101968
0,707,0.2529517412185669,0.2529516994633274
0,708,0.2533094882965088,0.2533094812164579
0,709,0.25366735458374023,0.2536672629695885
0,710,0.2540249824523926,0.25402504472271914
0,711,0.254382848739624,0.25438282647584975
0,712,0.25474071502685547,0.25474060822898037
0,713,0.2550983428955078,0.2550983899821109
0,714,0.25545620918273926,0.2554561717352415
0,715,0.25581395626068115,0.2558139534883721
0,716,0.25617170333862305,0.2561717352415027
0,717,0.2565295696258545,0.2565295169946332
0,718,0.2568873167037964,0.25688729874776384
0,719,0.2572450637817383,0.25724508050089445
0,720,0.2576029300689697,0.25760286225402507
0,721,0.2579606771469116,0.2579606440071557
0,722,0.2583184242248535,0.2583184257602862
0,723,0.25867629051208496,0.2586762075134168
0,724,0.25903403759002686,0.2590339892665474
0,725,0.25939178466796875,0.25939177101967803
0,726,0.2597496509552002,0.25974955277280853
0,727,0.26010727882385254,0.26010733452593915
0,728,0.260465145111084,0.26046511627906976
0,729,0.26082301139831543,0.2608228980322004
0,730,0.2611806392669678,0.261180679785331
0,731,0.2615385055541992,0.2615384615384615
0,732,0.2618962526321411,0.2618962432915921
0,733,0.262253999710083,0.2622540250447227
0,734,0.26261186599731445,0.26261180679785334
0,735,0.26296961307525635,0.26296958855098385
0,736,0.26332736015319824,0.26332737030411446
0,737,0.2636852264404297,0.2636851520572451
0,738,0.2640429735183716,0.2640429338103757
0,739,0.2644007205963135,0.2644007155635063
0,740,0.2647585868835449,0.2647584973166368
0,741,0.2651163339614868,0.2651162790697674
0,742,0.2654740810394287,0.26547406082289804
0,743,0.26583194732666016,0.26583184257602865
0,744,0.2661895751953125,0.26618962432915916
0,745,0.26654744148254395,0.2665474060822898
0,746,0.26690518856048584,0.2669051878354204
0,747,0.26726293563842773,0.267262969588551
0,748,0.2676208019256592,0.2676207513416816
0,749,0.2679785490036011,0.2679785330948121
0,750,0.26833629608154297,0.26833631484794274
0,751,0.2686941623687744,0.26869409660107335
0,752,0.2690519094467163,0.26905187835420397
0,753,0.2694096565246582,0.2694096601073346
0,754,0.26976752281188965,0.2697674418604651
0,755,0.27012526988983154,0.2701252236135957
0,756,0.27048301696777344,0.2704830053667263
0,757,0.2708408832550049,0.27084078711985693
0,758,0.2711985111236572,0.27119856887298743
0,759,0.27155637741088867,0.27155635062611805
0,760,0.2719142436981201,0.27191413237924866
0,761,0.27227187156677246,0.2722719141323793
0,762,0.2726297378540039,0.2726296958855099
0,763,0.2729874849319458,0.2729874776386404
0,764,0.2733452320098877,0.273345259391771
0,765,0.27370309829711914,0.2737030411449016
0,766,0.27406084537506104,0.27406082289803224
0,767,0.27441859245300293,0.27441860465116275
0,768,0.2747764587402344,0.27477638640429336
0,769,0.27513420581817627,0.275134168157424
0,770,0.27549195289611816,0.2754919499105546
0,771,0.2758498191833496,0.2758497316636852
0,772,0.2762075662612915,0.2762075134168157
0,773,0.2765653133392334,0.2765652951699463
0,774,0.27692317962646484,0.27692307692307694
0,775,0.2772808074951172,0.27728085867620755
0,776,0.27763867378234863,0.27763864042933806
0,777,0.2779964208602905,0.27799642218246867
0,778,0.2783541679382324,0.2783542039355993
0,779,0.27871203422546387,0.2787119856887299
0,780,0.27906978130340576,0.2790697674418605
0,781,0.27942752838134766,0.279427549194991
0,782,0.2797853946685791,0.27978533094812164
0,783,0.280143141746521,0.28014311270125225
0,784,0.2805008888244629,0.28050089445438287
0,785,0.28085875511169434,0.28085867620751337
0,786,0.28121650218963623,0.281216457960644
0,787,0.2815742492675781,0.2815742397137746
0,788,0.28193211555480957,0.2819320214669052
0,789,0.2822897434234619,0.28228980322003583
0,790,0.28264760971069336,0.28264758497316633
0,791,0.2830054759979248,0.28300536672629695
0,792,0.28336310386657715,0.28336314847942756
0,793,0.2837209701538086,0.2837209302325582
0,794,0.2840787172317505,0.2840787119856887
0,795,0.2844364643096924,0.2844364937388193
0,796,0.28479433059692383,0.2847942754919499
0,797,0.2851520776748657,0.2851520572450805
0,798,0.2855098247528076,0.28550983899821114
0,799,0.28586769104003906,0.28586762075134164
0,800,0.28622543811798096,0.28622540250447226
0,801,0.28658318519592285,0.2865831842576029
0,802,0.2869410514831543,0.2869409660107335
0,803,0.2872987985610962,0.287298747763864
0,804,0.2876565456390381,0.2876565295169946
0,805,0.28801441192626953,0.2880143112701252
0,806,0.2883720397949219,0.28837209302325584
0,807,0.2887299060821533,0.28872987477638645
0,808,0.2890876531600952,0.28908765652951696
0,809,0.2894454002380371,0.28944543828264757
0,810,0.28980326652526855,0.2898032200357782
0,811,0.29016101360321045,0.2901610017889088
0,812,0.29051876068115234,0.2905187835420393
0,813,0.2908766269683838,0.2908765652951699
0,814,0.2912343740463257,0.29123434704830053
0,815,0.2915921211242676,0.29159212880143115
0,816,0.291949987411499,0.29194991055456176
0,817,0.2923077344894409,0.29230769230769227
0,818,0.2926654815673828,0.2926654740608229
0,819,0.29302334785461426,0.2930232558139535
0,820,0.2933809757232666,0.2933810375670841
0,821,0.29373884201049805,0.2937388193202146
0,822,0.2940967082977295,0.29409660107334523
0,823,0.29445433616638184,0.29445438282647585
0,824,0.2948122024536133,0.29481216457960646
0,825,0.2951699495315552,0.2951699463327371
0,826,0.29552769660949707,0.2955277280858676
0,827,0.2958855628967285,0.2958855098389982
0,828,0.2962433099746704,0.2962432915921288
0,829,0.2966010570526123,0.2966010733452594
0,830,0.29695892333984375,0.29695885509838993
0,831,0.29731667041778564,0.29731663685152054
0,832,0.29767441749572754,0.29767441860465116
0,833,0.298032283782959,0.2980322003577818
0,834,0.2983900308609009,0.2983899821109124
0,835,0.2987477779388428,0.2987477638640429
0,836,0.2991056442260742,0.2991055456171735
0,837,0.29946327209472656,0.2994633273703041
0,838,0.299821138381958,0.29982110912343474
0,839,0.30017900466918945,0.30017889087656524
0,840,0.3005366325378418,0.30053667262969586
0,841,0.30089449882507324,0.30089445438282647
0,842,0.30125224590301514,0.3012522361359571
0,843,0.30160999298095703,0.3016100178890877
0,844,0.3019678592681885,0.3019677996422182
0,845,0.30232560634613037,0.3023255813953488
0,846,0.30268335342407227,0.30268336314847943
0,847,0.3030412197113037,0.30304114490161005
0,848,0.3033989667892456,0.30339892665474055
0,849,0.3037567138671875,0.30375670840787117
0,850,0.30411458015441895,0.3041144901610018
0,851,0.3044722080230713,0.3044722719141324
0,852,0.30483007431030273,0.304830053667263
0,853,0.3051879405975342,0.3051878354203935
0,854,0.3055455684661865,0.30554561717352413
0,855,0.30590343475341797,0.30590339892665475
0,856,0.30626118183135986,0.30626118067978536
0,857,0.30661892890930176,0.306618962432916
0,858,0.3069767951965332,0.3069767441860465
0,859,0.3073345422744751,0.3073345259391771
0,860,0.307692289352417,0.3076923076923077
0,861,0.30805015563964844,0.3080500894454383
0,862,0.30840790271759033,0.30840787119856883
0,863,0.3087656497955322,0.30876565295169944
0,864,0.30912351608276367,0.30912343470483006
0,865,0.30948126316070557,0.3094812164579607
0,866,0.30983901023864746,0.3098389982110913
0,867,0.3101968765258789,0.3101967799642218
0,868,0.31055450439453125,0.3105545617173524
0,869,0.3109123706817627,0.310912343470483
0,870,0.31127023696899414,0.31127012522361364
0,871,0.3116278648376465,0.31162790697674414
0,872,0.31198573112487793,0.31198568872987475
0,873,0.3123434782028198,0.31234347048300537
0,874,0.3127012252807617,0.312701252236136
0,875,0.31305909156799316,0.3130590339892666
0,876,0.31341683864593506,0.3134168157423971
0,877,0.31377458572387695,0.3137745974955277
0,878,0.3141324520111084,0.31413237924865833
0,879,0.3144901990890503,0.31449016100178895
0,880,0.3148479461669922,0.31484794275491945
0,881,0.31520581245422363,0.31520572450805007
0,882,0.3155635595321655,0.3155635062611807
0,883,0.3159213066101074,0.3159212880143113
0,884,0.31627917289733887,0.3162790697674419
0,885,0.3166368007659912,0.3166368515205724
0,886,0.31699466705322266,0.31699463327370303
0,887,0.31735241413116455,0.31735241502683365
0,888,0.31771016120910645,0.31771019677996426
0,889,0.3180680274963379,0.31806797853309476
0,890,0.3184257745742798,0.3184257602862254
0,891,0.3187835216522217,0.318783542039356
0,892,0.3191413879394531,0.3191413237924866
0,893,0.319499135017395,0.3194991055456172
0,894,0.3198568820953369,0.3198568872987477
0,895,0.32021474838256836,0.32021466905187834
0,896,0.32057249546051025,0.32057245080500896
0,897,0.32093024253845215,0.32093023255813957
0,898,0.3212881088256836,0.3212880143112701
0,899,0.32164573669433594,0.3216457960644007
0,900,0.3220036029815674,0.3220035778175313
0,901,0.32236146926879883,0.3223613595706619
0,902,0.32271909713745117,0.32271914132379254
0,903,0.3230769634246826,0.32307692307692304
0,904,0.3234347105026245,0.32343470483005365
0,905,0.3237924575805664,0.32379248658318427
0,906,0.32415032386779785,0.3241502683363149
0,907,0.32450807094573975,0.3245080500894454
0,908,0.32486581802368164,0.324865831842576
0,909,0.3252236843109131,0.3252236135957066
0,910,0.325581431388855,0.32558139534883723
0,911,0.3259391784667969,0.32593917710196785
0,912,0.3262970447540283,0.32629695885509835
0,913,0.3266547918319702,0.32665474060822897
0,914,0.3270125389099121,0.3270125223613596
0,915,0.32737040519714355,0.3273703041144902
0,916,0.3277280330657959,0.3277280858676207
0,917,0.32808589935302734,0.3280858676207513
0,918,0.32844364643096924,0.32844364937388193
0,919,0.32880139350891113,0.32880143112701254
0,920,0.3291592597961426,0.32915921288014316
0,921,0.3295170068740845,0.32951699463327366
0,922,0.32987475395202637,0.3298747763864043
0,923,0.3302326202392578,0.3302325581395349
0,924,0.3305903673171997,0.3305903398926655
0,925,0.3309481143951416,0.330948121645796
0,926,0.33130598068237305,0.3313059033989266
0,927,0.33166372776031494,0.33166368515205724
0,928,0.33202147483825684,0.33202146690518786
0,929,0.3323793411254883,0.33237924865831847
0,930,0.3327369689941406,0.332737030411449
0,931,0.33309483528137207,0.3330948121645796
0,932,0.3334527015686035,0.3334525939177102
0,933,0.33381032943725586,0.3338103756708408
0,934,0.3341681957244873,0.3341681574239713
0,935,0.3345259428024292,0.33452593917710194
0,936,0.3348836898803711,0.33488372093023255
0,937,0.33524155616760254,0.33524150268336317
0,938,0.33559930324554443,0.3355992844364938
0,939,0.33595705032348633,0.3359570661896243
0,940,0.3363149166107178,0.3363148479427549
0,941,0.33667266368865967,0.3366726296958855
0,942,0.33703041076660156,0.33703041144901613
0,943,0.337388277053833,0.33738819320214664
0,944,0.3377460241317749,0.33774597495527725
0,945,0.3381037712097168,0.33810375670840787
0,946,0.33846163749694824,0.3384615384615385
0,947,0.3388192653656006,0.3388193202146691
0,948,0.33917713165283203,0.3391771019677996
0,949,0.3395348787307739,0.3395348837209302
0,950,0.3398926258087158,0.33989266547406083
0,951,0.34025049209594727,0.34025044722719144
0,952,0.34060823917388916,0.34060822898032206
0,953,0.34096598625183105,0.34096601073345256
0,954,0.3413238525390625,0.3413237924865832
0,955,0.3416815996170044,0.3416815742397138
0,956,0.3420393466949463,0.3420393559928444
0,957,0.34239721298217773,0.3423971377459749
0,958,0.34275496006011963,0.3427549194991055
0,959,0.3431127071380615,0.34311270125223614
0,960,0.34347057342529297,0.34347048300536676
0,961,0.3438282012939453,0.34382826475849737
0,962,0.34418606758117676,0.3441860465116279
0,963,0.3445439338684082,0.3445438282647585
0,964,0.34490156173706055,0.3449016100178891
0,965,0.345259428024292,0.3452593917710197
0,966,0.3456171751022339,0.3456171735241502
0,967,0.3459749221801758,0.34597495527728084
0,968,0.3463327884674072,0.34633273703041145
0,969,0.3466905355453491,0.34669051878354207
0,970,0.347048282623291,0.3470483005366727
0,971,0.34740614891052246,0.3474060822898032
0,972,0.34776389598846436,0.3477638640429338
0,973,0.34812164306640625,0.3481216457960644
0,974,0.3484795093536377,0.34847942754919503
0,975,0.3488372564315796,0.34883720930232553
0,976,0.3491950035095215,0.34919499105545615
0,977,0.34955286979675293,0.34955277280858676
0,978,0.3499104976654053,0.3499105545617174
0,979,0.3502683639526367,0.350268336314848
0,980,0.3506261110305786,0.3506261180679785
0,981,0.3509838581085205,0.3509838998211091
0,982,0.35134172439575195,0.35134168157423973
0,983,0.35169947147369385,0.35169946332737034
0,984,0.35205721855163574,0.35205724508050085
0,985,0.3524150848388672,0.35241502683363146
0,986,0.3527728319168091,0.3527728085867621
0,987,0.353130578994751,0.3531305903398927
0,988,0.3534884452819824,0.3534883720930233
0,989,0.3538461923599243,0.3538461538461538
0,990,0.3542039394378662,0.3542039355992844
0,991,0.35456180572509766,0.35456171735241504
0,992,0.35491943359375,0.35491949910554565
0,993,0.35527729988098145,0.35527728085867616
0,994,0.3556351661682129,0.3556350626118068
0,995,0.35599279403686523,0.3559928443649374
0,996,0.3563506603240967,0.356350626118068
0,997,0.3567084074020386,0.3567084078711986
0,998,0.35706615447998047,0.3570661896243291
0,999,0.3574240207672119,0.35742397137745974
0,1000,0.3577817678451538,0.35778175313059035
0,1001,0.3581395149230957,0.35813953488372097
0,1002,0.35849738121032715,0.35849731663685147
0,1003,0.35885512828826904,0.3588550983899821
0,1004,0.35921287536621094,0.3592128801431127
0,1005,0.3595707416534424,0.3595706618962433
0,1006,0.3599284887313843,0.35992844364937393
0,1007,0.36028623580932617,0.36028622540250443
0,1008,0.3606441020965576,0.36064400715563505
0,1009,0.36100172996520996,0.36100178890876566
0,1010,0.3613595962524414,0.3613595706618963
0,1011,0.36171746253967285,0.3617173524150268
0,1012,0.3620750904083252,0.3620751341681574
0,1013,0.36243295669555664,0.362432915921288
0,1014,0.36279070377349854,0.3627906976744186
0,1015,0.36314845085144043,0.36314847942754924
0,1016,0.3635063171386719,0.36350626118067975
0,1017,0.36386406421661377,0.36386404293381036
0,1018,0.36422181129455566,0.364221824686941
0,1019,0.3645796775817871,0.3645796064400716
0,1020,0.364937424659729,0.3649373881932021
0,1021,0.3652951717376709,0.3652951699463327
0,1022,0.36565303802490234,0.3656529516994633
0,1023,0.36601078510284424,0.36601073345259394
0,1024,0.36636853218078613,0.36636851520572455
0,1025,0.3667263984680176,0.36672629695885506
0,1026,0.3670840263366699,0.3670840787119857
0,1027,0.36744189262390137,0.3674418604651163
0,1028,0.36779963970184326,0.3677996422182469
0,1029,0.36815738677978516,0.3681574239713774
0,1030,0.3685152530670166,0.368515205724508
0,1031,0.3688730001449585,0.36887298747763864
0,1032,0.3692307472229004,0.36923076923076925
0,1033,0.36958861351013184,0.36958855098389987
0,1034,0.36994636058807373,0.36994633273703037
0,1035,0.3703041076660156,0.370304114490161
0,1036,0.37066197395324707,0.3706618962432916
0,1037,0.37101972103118896,0.3710196779964222
0,1038,0.37137746810913086,0.3713774597495527
0,1039,0.3717353343963623,0.37173524150268333
0,1040,0.37209296226501465,0.37209302325581395
0,1041,0.3724508285522461,0.37245080500894456
0,1042,0.37280869483947754,0.3728085867620752
0,1043,0.3731663227081299,0.3731663685152057
0,1044,0.37352418899536133,0.3735241502683363
0,1045,0.3738819360733032,0.3738819320214669
0,1046,0.3742396831512451,0.3742397137745975
0,1047,0.37459754943847656,0.37459749552772803
0,1048,0.37495529651641846,0.37495527728085865
0,1049,0.37531304359436035,0.37531305903398926
0,1050,0.3756709098815918,0.3756708407871199
0,1051,0.3760286569595337,0.3760286225402505
0,1052,0.3763864040374756,0.376386404293381
0,1053,0.37674427032470703,0.3767441860465116
0,1054,0.3771020174026489,0.3771019677996422
0,1055,0.3774597644805908,0.37745974955277284
0,1056,0.37781763076782227,0.37781753130590345
0,1057,0.3781752586364746,0.37817531305903396
0,1058,0.37853312492370605,0.37853309481216457
0,1059,0.37889087200164795,0.3788908765652952
0,1060,0.37924861907958984,0.3792486583184258
0,1061,0.3796064853668213,0.3796064400715563
0,1062,0.3799642324447632,0.3799642218246869
0,1063,0.3803219795227051,0.38032200357781754
0,1064,0.3806798458099365,0.38067978533094815
0,1065,0.3810375928878784,0.38103756708407877
0,1066,0.3813953399658203,0.38139534883720927
0,1067,0.38175320625305176,0.3817531305903399
0,1068,0.38211095333099365,0.3821109123434705
0,1069,0.38246870040893555,0.3824686940966011
0,1070,0.382826566696167,0.3828264758497316
0,1071,0.38318419456481934,0.38318425760286223
0,1072,0.3835420608520508,0.38354203935599285
0,1073,0.3838999271392822,0.38389982110912346
0,1074,0.38425755500793457,0.3842576028622541
0,1075,0.384615421295166,0.3846153846153846
0,1076,0.3849731683731079,0.3849731663685152
0,1077,0.3853309154510498,0.3853309481216458
0,1078,0.38568878173828125,0.3856887298747764
0,1079,0.38604652881622314,0.38604651162790693
0,1080,0.38640427589416504,0.38640429338103754
0,1081,0.3867621421813965,0.38676207513416816
0,1082,0.3871198892593384,0.3871198568872988
0,1083,0.3874776363372803,0.3874776386404294
0,1084,0.3878355026245117,0.3878354203935599
0,1085,0.3881932497024536,0.3881932021466905
0,1086,0.3885509967803955,0.3885509838998211
0,1087,0.38890886306762695,0.38890876565295174
0,1088,0.3892664909362793,0.38926654740608224
0,1089,0.38962435722351074,0.38962432915921286
0,1090,0.38998210430145264,0.38998211091234347
0,1091,0.39033985137939453,0.3903398926654741
0,1092,0.390697717666626,0.3906976744186047
0,1093,0.39105546474456787,0.3910554561717352
0,1094,0.39141321182250977,0.3914132379248658
0,1095,0.3917710781097412,0.39177101967799643
0,1096,0.3921288251876831,0.39212880143112705
0,1097,0.392486572265625,0.39248658318425755
0,1098,0.39284443855285645,0.39284436493738817
0,1099,0.39320218563079834,0.3932021466905188
0,1100,0.39355993270874023,0.3935599284436494
0,1101,0.3939177989959717,0.39391771019678
0,1102,0.394275426864624,0.3942754919499105
0,1103,0.39463329315185547,0.39463327370304113
0,1104,0.3949911594390869,0.39499105545617175
0,1105,0.39534878730773926,0.39534883720930236
0,1106,0.3957066535949707,0.39570661896243287
0,1107,0.3960644006729126,0.3960644007155635
0,1108,0.3964221477508545,0.3964221824686941
0,1109,0.39678001403808594,0.3967799642218247
0,1110,0.39713776111602783,0.3971377459749553
0,1111,0.3974955081939697,0.39749552772808583
0,1112,0.39785337448120117,0.39785330948121644
0,1113,0.39821112155914307,0.39821109123434706
0,1114,0.39856886863708496,0.3985688729874777
0,1115,0.3989267349243164,0.3989266547406082
0,1116,0.3992844820022583,0.3992844364937388
0,1117,0.3996422290802002,0.3996422182468694
0,1118,0.40000009536743164,0.4
0,1119,0.400357723236084,0.40035778175313064
0,1120,0.40071558952331543,0.40071556350626114
0,1121,0.4010733366012573,0.40107334525939176
0,1122,0.4014310836791992,0.40143112701252237
0,1123,0.40178894996643066,0.401788908765653
0,1124,0.40214669704437256,0.4021466905187835
0,1125,0.40250444412231445,0.4025044722719141
0,1126,0.4028623104095459,0.4028622540250447
0,1127,0.4032200574874878,0.40322003577817533
0,1128,0.4035778045654297,0.40357781753130595
0,1129,0.40393567085266113,0.40393559928443645
0,1130,0.404293417930603,0.40429338103756707
0,1131,0.4046511650085449,0.4046511627906977
0,1132,0.40500903129577637,0.4050089445438283
0,1133,0.4053666591644287,0.4053667262969588
0,1134,0.40572452545166016,0.4057245080500894
0,1135,0.4060823917388916,0.40608228980322003
0,1136,0.40644001960754395,0.40644007155635065
0,1137,0.4067978858947754,0.40679785330948126
0,1138,0.4071556329727173,0.40715563506261176
0,1139,0.4075133800506592,0.4075134168157424
0,1140,0.4078712463378906,0.407871198568873
0,1141,0.4082289934158325,0.4082289803220036
0,1142,0.4085867404937744,0.4085867620751341
0,1143,0.40894460678100586,0.40894454382826473
0,1144,0.40930235385894775,0.40930232558139534
0,1145,0.40966010093688965,0.40966010733452596
0,1146,0.4100179672241211,0.4100178890876566
0,1147,0.410375714302063,0.4103756708407871
0,1148,0.4107334613800049,0.4107334525939177
0,1149,0.41109132766723633,0.4110912343470483
0,1150,0.41144895553588867,0.4114490161001789
0,1151,0.4118068218231201,0.41180679785330954
0,1152,0.41216468811035156,0.41216457960644004
0,1153,0.4125223159790039,0.41252236135957066
0,1154,0.41288018226623535,0.41288014311270127
0,1155,0.41323792934417725,0.4132379248658319
0,1156,0.41359567642211914,0.4135957066189624
0,1157,0.4139535427093506,0.413953488372093
0,1158,0.4143112897872925,0.4143112701252236
0,1159,0.4146690368652344,0.41466905187835423
0,1160,0.4150269031524658,0.41502683363148485
0,1161,0.4153846502304077,0.41538461538461535
0,1162,0.4157423973083496,0.41574239713774597
0,1163,0.41610026359558105,0.4161001788908766
0,1164,0.41645801067352295,0.4164579606440072
0,1165,0.41681575775146484,0.4168157423971377
0,1166,0.4171736240386963,0.4171735241502683
0,1167,0.41753125190734863,0.41753130590339893
0,1168,0.4178891181945801,0.41788908765652955
0,1169,0.418246865272522,0.41824686940966016
0,1170,0.41860461235046387,0.41860465116279066
0,1171,0.4189624786376953,0.4189624329159213
0,1172,0.4193202257156372,0.4193202146690519
0,1173,0.4196779727935791,0.4196779964221825
0,1174,0.42003583908081055,0.420035778175313
0,1175,0.42039358615875244,0.4203935599284436
0,1176,0.42075133323669434,0.42075134168157424
0,1177,0.4211091995239258,0.42110912343470486
0,1178,0.4214669466018677,0.42146690518783547
0,1179,0.42182469367980957,0.421824686940966
0,1180,0.422182559967041,0.4221824686940966
0,1181,0.42254018783569336,0.4225402504472272
0,1182,0.4228980541229248,0.4228980322003578
0,1183,0.42325592041015625,0.4232558139534883
0,1184,0.4236135482788086,0.42361359570661894
0,1185,0.42397141456604004,0.42397137745974955
0,1186,0.42432916164398193,0.42432915921288017
0,1187,0.42468690872192383,0.4246869409660108
0,1188,0.4250447750091553,0.4250447227191413
0,1189,0.42540252208709717,0.4254025044722719
0,1190,0.42576026916503906,0.4257602862254025
0,1191,0.4261181354522705,0.42611806797853313
0,1192,0.4264758825302124,0.42647584973166364
0,1193,0.4268336296081543,0.42683363148479425
0,1194,0.42719149589538574,0.42719141323792487
0,1195,0.42754924297332764,0.4275491949910555
0,1196,0.42790699005126953,0.4279069767441861
0,1197,0.428264856338501,0.4282647584973166
0,1198,0.4286224842071533,0.4286225402504472
0,1199,0.42898035049438477,0.42898032200357783
0,1200,0.42933809757232666,0.42933810375670844
0,1201,0.42969584465026855,0.42969588550983895
0,1202,0.4300537109375,0.43005366726296956
0,1203,0.4304114580154419,0.4304114490161002
0,1204,0.4307692050933838,0.4307692307692308
0,1205,0.43112707138061523,0.4311270125223614
0,1206,0.43148481845855713,0.4314847942754919
0,1207,0.431842565536499,0.4318425760286225
0,1208,0.43220043182373047,0.43220035778175314
0,1209,0.43255817890167236,0.43255813953488376
0,1210,0.43291592597961426,0.43291592128801426
0,1211,0.4332737922668457,0.4332737030411449
0,1212,0.43363142013549805,0.4336314847942755
0,1213,0.4339892864227295,0.4339892665474061
0,1214,0.43434715270996094,0.4343470483005367
0,1215,0.4347047805786133,0.4347048300536672
0,1216,0.4350626468658447,0.43506261180679784
0,1217,0.4354203939437866,0.43542039355992845
0,1218,0.4357781410217285,0.43577817531305907
0,1219,0.43613600730895996,0.4361359570661896
0,1220,0.43649375438690186,0.4364937388193202
0,1221,0.43685150146484375,0.4368515205724508
0,1222,0.4372093677520752,0.4372093023255814
0,1223,0.4375671148300171,0.43756708407871203
0,1224,0.437924861907959,0.43792486583184254
0,1225,0.43828272819519043,0.43828264758497315
0,1226,0.4386404752731323,0.43864042933810377
0,1227,0.4389982223510742,0.4389982110912344
0,1228,0.43935608863830566,0.4393559928443649
0,1229,0.439713716506958,0.4397137745974955
0,1230,0.44007158279418945,0.4400715563506261
0,1231,0.44042932987213135,0.44042933810375673
0,1232,0.44078707695007324,0.44078711985688734
0,1233,0.4411449432373047,0.44114490161001785
0,1234,0.4415026903152466,0.44150268336314846
0,1235,0.4418604373931885,0.4418604651162791
0,1236,0.4422183036804199,0.4422182468694097
0,1237,0.4425760507583618,0.4425760286225402
0,1238,0.4429337978363037,0.4429338103756708
0,1239,0.44329166412353516,0.4432915921288014
0,1240,0.44364941120147705,0.44364937388193204
0,1241,0.44400715827941895,0.44400715563506266
0,1242,0.4443650245666504,0.44436493738819316
0,1243,0.44472265243530273,0.4447227191413238
0,1244,0.4450805187225342,0.4450805008944544
0,1245,0.4454383850097656,0.445438282647585
0,1246,0.44579601287841797,0.4457960644007155
0,1247,0.4461538791656494,0.4461538461538461
0,1248,0.4465116262435913,0.44651162790697674
0,1249,0.4468693733215332,0.44686940966010735
0,1250,0.44722723960876465,0.44722719141323797
0,1251,0.44758498668670654,0.44758497316636847
0,1252,0.44794273376464844,0.4479427549194991
0,1253,0.4483006000518799,0.4483005366726297
0,1254,0.4486583471298218,0.4486583184257603
0,1255,0.44901609420776367,0.44901610017889093
0,1256,0.4493739604949951,0.44937388193202144
0,1257,0.449731707572937,0.44973166368515205
0,1258,0.4500894546508789,0.45008944543828266
0,1259,0.45044732093811035,0.4504472271914133
0,1260,0.4508049488067627,0.4508050089445438
0,1261,0.45116281509399414,0.4511627906976744
0,1262,0.45152056217193604,0.451520572450805
0,1263,0.45187830924987793,0.45187835420393563
0,1264,0.4522361755371094,0.45223613595706624
0,1265,0.45259392261505127,0.45259391771019675
0,1266,0.45295166969299316,0.45295169946332736
0,1267,0.4533095359802246,0.453309481216458
0,1268,0.4536672830581665,0.4536672629695886
0,1269,0.4540250301361084,0.4540250447227191
0,1270,0.45438289642333984,0.4543828264758497
0,1271,0.45474064350128174,0.4547406082289803
0,1272,0.45509839057922363,0.45509838998211094
0,1273,0.4554562568664551,0.45545617173524156
0,1274,0.4558138847351074,0.45581395348837206
0,1275,0.45617175102233887,0.4561717352415027
0,1276,0.4565296173095703,0.4565295169946333
0,1277,0.45688724517822266,0.4568872987477639
0,1278,0.4572451114654541,0.4572450805008944
0,1279,0.457602858543396,0.457602862254025
0,1280,0.4579606056213379,0.45796064400715564
0,1281,0.45831847190856934,0.45831842576028625
0,1282,0.45867621898651123,0.45867620751341687
0,1283,0.4590339660644531,0.45903398926654737
0,1284,0.45939183235168457,0.459391771019678
0,1285,0.45974957942962646,0.4597495527728086
0,1286,0.46010732650756836,0.4601073345259392
0,1287,0.4604651927947998,0.4604651162790697
0,1288,0.4608229398727417,0.46082289803220033
0,1289,0.4611806869506836,0.46118067978533095
0,1290,0.46153855323791504,0.46153846153846156
0,1291,0.4618961811065674,0.4618962432915922
0,1292,0.46225404739379883,0.4622540250447227
0,1293,0.4626119136810303,0.4626118067978533
0,1294,0.4629695415496826,0.4629695885509839
0,1295,0.46332740783691406,0.4633273703041145
0,1296,0.46368515491485596,0.46368515205724503
0,1297,0.46404290199279785,0.46404293381037565
0,1298,0.4644007682800293,0.46440071556350626
0,1299,0.4647585153579712,0.4647584973166369
0,1300,0.4651162624359131,0.4651162790697675
0,1301,0.46547412872314453,0.465474060822898
0,1302,0.4658318758010864,0.4658318425760286
0,1303,0.4661896228790283,0.4661896243291592
0,1304,0.46654748916625977,0.46654740608228984
0,1305,0.46690523624420166,0.46690518783542034
0,1306,0.46726298332214355,0.46726296958855096
0,1307,0.467620849609375,0.4676207513416816
0,1308,0.46797847747802734,0.4679785330948122
0,1309,0.4683363437652588,0.4683363148479428
0,1310,0.4686940908432007,0.4686940966010733
0,1311,0.4690518379211426,0.4690518783542039
0,1312,0.469409704208374,0.46940966010733454
0,1313,0.4697674512863159,0.46976744186046515
0,1314,0.4701251983642578,0.47012522361359566
0,1315,0.47048306465148926,0.47048300536672627
0,1316,0.47084081172943115,0.4708407871198569
0,1317,0.47119855880737305,0.4711985688729875
0,1318,0.4715564250946045,0.4715563506261181
0,1319,0.4719141721725464,0.4719141323792486
0,1320,0.4722719192504883,0.47227191413237923
0,1321,0.4726297855377197,0.47262969588550985
0,1322,0.47298741340637207,0.47298747763864046
0,1323,0.4733452796936035,0.47334525939177097
0,1324,0.47370314598083496,0.4737030411449016
0,1325,0.4740607738494873,0.4740608228980322
0,1326,0.47441864013671875,0.4744186046511628
0,1327,0.47477638721466064,0.4747763864042934
0,1328,0.47513413429260254,0.47513416815742393
0,1329,0.475492000579834,0.47549194991055455
0,1330,0.4758497476577759,0.47584973166368516
0,1331,0.4762074947357178,0.4762075134168158
0,1332,0.4765653610229492,0.4765652951699463
0,1333,0.4769231081008911,0.4769230769230769
0,1334,0.477280855178833,0.4772808586762075
0,1335,0.47763872146606445,0.4776386404293381
0,1336,0.47799646854400635,0.47799642218246874
0,1337,0.47835421562194824,0.47835420393559924
0,1338,0.4787120819091797,0.47871198568872986
0,1339,0.47906970977783203,0.4790697674418605
0,1340,0.4794275760650635,0.4794275491949911
0,1341,0.47978532314300537,0.4797853309481216
0,1342,0.48014307022094727,0.4801431127012522
0,1343,0.4805009365081787,0.4805008944543828
0,1344,0.4808586835861206,0.48085867620751344
0,1345,0.4812164306640625,0.48121645796064405
0,1346,0.48157429695129395,0.48157423971377455
0,1347,0.48193204402923584,0.48193202146690517
0,1348,0.48228979110717773,0.4822898032200358
0,1349,0.4826476573944092,0.4826475849731664
0,1350,0.4830054044723511,0.483005366726297
0,1351,0.48336315155029297,0.4833631484794275
0,1352,0.4837210178375244,0.48372093023255813
0,1353,0.48407864570617676,0.48407871198568875
0,1354,0.4844365119934082,0.48443649373881936
0,1355,0.48479437828063965,0.48479427549194987
0,1356,0.485152006149292,0.4851520572450805
0,1357,0.48550987243652344,0.4855098389982111
0,1358,0.48586761951446533,0.4858676207513417
0,1359,0.4862253665924072,0.4862254025044723
0,1360,0.48658323287963867,0.48658318425760283
0,1361,0.48694097995758057,0.48694096601073344
0,1362,0.48729872703552246,0.48729874776386406
0,1363,0.4876565933227539,0.4876565295169947
0,1364,0.4880143404006958,0.4880143112701252
0,1365,0.4883720874786377,0.4883720930232558
0,1366,0.48872995376586914,0.4887298747763864
0,1367,0.48908770084381104,0.489087656529517
0,1368,0.48944544792175293,0.48944543828264764
0,1369,0.4898033142089844,0.48980322003577814
0,1370,0.4901609420776367,0.49016100178890876
0,1371,0.49051880836486816,0.49051878354203937
0,1372,0.49087655544281006,0.49087656529517
0,1373,0.49123430252075195,0.4912343470483005
0,1374,0.4915921688079834,0.4915921288014311
0,1375,0.4919499158859253,0.4919499105545617
0,1376,0.4923076629638672,0.49230769230769234
0,1377,0.49266552925109863,0.49266547406082295
0,1378,0.4930232763290405,0.49302325581395345
0,1379,0.4933810234069824,0.49338103756708407
0,1380,0.49373888969421387,0.4937388193202147
0,1381,0.49409663677215576,0.4940966010733453
0,1382,0.49445438385009766,0.4944543828264758
0,1383,0.4948122501373291,0.4948121645796064
0,1384,0.49516987800598145,0.49516994633273703
0,1385,0.4955277442932129,0.49552772808586765
0,1386,0.49588561058044434,0.49588550983899826
0,1387,0.4962432384490967,0.49624329159212877
0,1388,0.4966011047363281,0.4966010733452594
0,1389,0.49695885181427,0.49695885509839
0,1390,0.4973165988922119,0.4973166368515206
0,1391,0.49767446517944336,0.4976744186046511
0,1392,0.49803221225738525,0.49803220035778173
0,1393,0.49838995933532715,0.49838998211091234
0,1394,0.4987478256225586,0.49874776386404296
0,1395,0.4991055727005005,0.4991055456171736
0,1396,0.4994633197784424,0.4994633273703041
0,1397,0.49982118606567383,0.4998211091234347
0,1398,0.5001789331436157,0.5001788908765653
0,1399,0.5005366802215576,0.5005366726296958
0,1400,0.5008944272994995,0.5008944543828264
0,1401,0.501252293586731,0.501252236135957
0,1402,0.5016100406646729,0.5016100178890877
0,1403,0.5019677877426147,0.5019677996422183
0,1404,0.5023255348205566,0.5023255813953489
0,1405,0.5026834011077881,0.5026833631484795
0,1406,0.50304114818573,0.50304114490161
0,1407,0.5033988952636719,0.5033989266547406
0,1408,0.5037567615509033,0.5037567084078711
0,1409,0.5041145086288452,0.5041144901610017
0,1410,0.5044722557067871,0.5044722719141324
0,1411,0.5048301219940186,0.504830053667263
0,1412,0.5051878690719604,0.5051878354203936
0,1413,0.5055456161499023,0.5055456171735242
0,1414,0.5059034824371338,0.5059033989266548
0,1415,0.5062612295150757,0.5062611806797853
0,1416,0.5066189765930176,0.5066189624329159
0,1417,0.5069767236709595,0.5069767441860464
0,1418,0.5073344707489014,0.507334525939177
0,1419,0.5076923370361328,0.5076923076923077
0,1420,0.5080500841140747,0.5080500894454383
0,1421,0.5084078311920166,0.5084078711985689
0,1422,0.508765697479248,0.5087656529516995
0,1423,0.5091234445571899,0.5091234347048301
0,1424,0.5094811916351318,0.5094812164579606
0,1425,0.5098390579223633,0.5098389982110912
0,1426,0.5101968050003052,0.5101967799642217
0,1427,0.5105545520782471,0.5105545617173524
0,1428,0.5109124183654785,0.510912343470483
0,1429,0.5112701654434204,0.5112701252236136
0,1430,0.5116279125213623,0.5116279069767442
0,1431,0.5119857788085938,0.5119856887298748
0,1432,0.5123435258865356,0.5123434704830054
0,1433,0.5127012729644775,0.5127012522361359
0,1434,0.5130590200424194,0.5130590339892666
0,1435,0.5134167671203613,0.5134168157423971
0,1436,0.5137746334075928,0.5137745974955277
0,1437,0.5141323804855347,0.5141323792486583
0,1438,0.5144901275634766,0.5144901610017889
0,1439,0.514847993850708,0.5148479427549195
0,1440,0.5152057409286499,0.5152057245080501
0,1441,0.5155634880065918,0.5155635062611807
0,1442,0.5159213542938232,0.5159212880143113
0,1443,0.5162791013717651,0.5162790697674419
0,1444,0.516636848449707,0.5166368515205724
0,1445,0.5169947147369385,0.516994633273703
0,1446,0.5173524618148804,0.5173524150268336
0,1447,0.5177102088928223,0.5177101967799642
0,1448,0.5180679559707642,0.5180679785330948
0,1449,0.518425703048706,0.5184257602862254
0,1450,0.5187835693359375,0.5187835420393561
0,1451,0.5191413164138794,0.5191413237924866
0,1452,0.5194990634918213,0.5194991055456172
0,1453,0.5198569297790527,0.5198568872987477
0,1454,0.5202146768569946,0.5202146690518783
0,1455,0.5205724239349365,0.5205724508050089
0,1456,0.520930290222168,0.5209302325581395
0,1457,0.5212880373001099,0.5212880143112701
0,1458,0.5216457843780518,0.5216457960644008
0,1459,0.5220036506652832,0.5220035778175314
0,1460,0.5223613977432251,0.5223613595706619
0,1461,0.522719144821167,0.5227191413237925
0,1462,0.5230770111083984,0.523076923076923
0,1463,0.5234347581863403,0.5234347048300536
0,1464,0.5237925052642822,0.5237924865831842
0,1465,0.5241502523422241,0.5241502683363148
0,1466,0.524507999420166,0.5245080500894455
0,1467,0.5248658657073975,0.5248658318425761
0,1468,0.5252236127853394,0.5252236135957067
0,1469,0.5255813598632812,0.5255813953488372
0,1470,0.5259392261505127,0.5259391771019678
0,1471,0.5262969732284546,0.5262969588550983
0,1472,0.5266547203063965,0.5266547406082289
0,1473,0.5270125865936279,0.5270125223613595
0,1474,0.5273703336715698,0.5273703041144902
0,1475,0.5277280807495117,0.5277280858676208
0,1476,0.5280859470367432,0.5280858676207514
0,1477,0.5284436941146851,0.528443649373882
0,1478,0.528801441192627,0.5288014311270125
0,1479,0.5291591882705688,0.5291592128801431
0,1480,0.5295170545578003,0.5295169946332737
0,1481,0.5298748016357422,0.5298747763864042
0,1482,0.5302325487136841,0.5302325581395348
0,1483,0.530590295791626,0.5305903398926655
0,1484,0.5309481620788574,0.5309481216457961
0,1485,0.5313059091567993,0.5313059033989267
0,1486,0.5316636562347412,0.5316636851520573
0,1487,0.5320215225219727,0.5320214669051878
0,1488,0.5323792695999146,0.5323792486583184
0,1489,0.5327370166778564,0.532737030411449
0,1490,0.5330948829650879,0.5330948121645795
0,1491,0.5334526300430298,0.5334525939177102
0,1492,0.5338103771209717,0.5338103756708408
0,1493,0.5341682434082031,0.5341681574239714
0,1494,0.534525990486145,0.534525939177102
0,1495,0.5348837375640869,0.5348837209302326
0,1496,0.5352414846420288,0.5352415026833631
0,1497,0.5355992317199707,0.5355992844364937
0,1498,0.5359570980072021,0.5359570661896244
0,1499,0.536314845085144,0.5363148479427549
0,1500,0.5366725921630859,0.5366726296958855
0,1501,0.5370304584503174,0.5370304114490161
0,1502,0.5373882055282593,0.5373881932021467
0,1503,0.5377459526062012,0.5377459749552773
0,1504,0.5381038188934326,0.5381037567084079
0,1505,0.5384615659713745,0.5384615384615384
0,1506,0.5388193130493164,0.538819320214669
0,1507,0.5391771793365479,0.5391771019677997
0,1508,0.5395349264144897,0.5395348837209302
0,1509,0.5398926734924316,0.5398926654740608
0,1510,0.5402504205703735,0.5402504472271914
0,1511,0.540608286857605,0.540608228980322
0,1512,0.5409660339355469,0.5409660107334526
0,1513,0.5413237810134888,0.5413237924865832
0,1514,0.5416815280914307,0.5416815742397137
0,1515,0.5420393943786621,0.5420393559928444
0,1516,0.542397141456604,0.542397137745975
0,1517,0.5427548885345459,0.5427549194991055
0,1518,0.5431127548217773,0.5431127012522361
0,1519,0.5434705018997192,0.5434704830053667
0,1520,0.5438282489776611,0.5438282647584973
0,1521,0.5441861152648926,0.5441860465116279
0,1522,0.5445438623428345,0.5445438282647586
0,1523,0.5449016094207764,0.5449016100178892
0,1524,0.5452594757080078,0.5452593917710197
0,1525,0.5456172227859497,0.5456171735241503
0,1526,0.5459749698638916,0.5459749552772808
0,1527,0.5463327169418335,0.5463327370304114
0,1528,0.5466904640197754,0.546690518783542
0,1529,0.5470483303070068,0.5470483005366726
0,1530,0.5474060773849487,0.5474060822898033
0,1531,0.5477638244628906,0.5477638640429339
0,1532,0.5481216907501221,0.5481216457960645
0,1533,0.548479437828064,0.548479427549195
0,1534,0.5488371849060059,0.5488372093023256
0,1535,0.5491950511932373,0.5491949910554561
0,1536,0.5495527982711792,0.5495527728085867
0,1537,0.5499105453491211,0.5499105545617173
0,1538,0.5502684116363525,0.550268336314848
0,1539,0.5506261587142944,0.5506261180679786
0,1540,0.5509839057922363,0.5509838998211092
0,1541,0.5513416528701782,0.5513416815742398
0,1542,0.5516995191574097,0.5516994633273703
0,1543,0.5520572662353516,0.5520572450805009
0,1544,0.5524150133132935,0.5524150268336314
0,1545,0.5527727603912354,0.552772808586762
0,1546,0.5531306266784668,0.5531305903398926
0,1547,0.5534883737564087,0.5534883720930233
0,1548,0.5538461208343506,0.5538461538461539
0,1549,0.554203987121582,0.5542039355992845
0,1550,0.5545617341995239,0.5545617173524151
0,1551,0.5549194812774658,0.5549194991055456
0,1552,0.5552773475646973,0.5552772808586762
0,1553,0.5556350946426392,0.5556350626118067
0,1554,0.555992841720581,0.5559928443649373
0,1555,0.5563507080078125,0.556350626118068
0,1556,0.5567084550857544,0.5567084078711986
0,1557,0.5570662021636963,0.5570661896243292
0,1558,0.5574239492416382,0.5574239713774598
0,1559,0.5577816963195801,0.5577817531305904
0,1560,0.5581395626068115,0.5581395348837209
0,1561,0.5584973096847534,0.5584973166368515
0,1562,0.5588550567626953,0.558855098389982
0,1563,0.5592129230499268,0.5592128801431127
0,1564,0.5595706701278687,0.5595706618962433
0,1565,0.5599284172058105,0.5599284436493739
0,1566,0.560286283493042,0.5602862254025045
0,1567,0.5606440305709839,0.5606440071556351
0,1568,0.5610017776489258,0.5610017889087657
0,1569,0.5613596439361572,0.5613595706618962
0,1570,0.5617173910140991,0.5617173524150268
0,1571,0.562075138092041,0.5620751341681574
0,1572,0.5624330043792725,0.562432915921288
0,1573,0.5627907514572144,0.5627906976744186
0,1574,0.5631484985351562,0.5631484794275492
0,1575,0.5635062456130981,0.5635062611806798
0,1576,0.56386399269104,0.5638640429338104
0,1577,0.5642218589782715,0.564221824686941
0,1578,0.5645796060562134,0.5645796064400715
0,1579,0.5649373531341553,0.5649373881932022
0,1580,0.5652952194213867,0.5652951699463327
0,1581,0.5656529664993286,0.5656529516994633
0,1582,0.5660107135772705,0.5660107334525939
0,1583,0.566368579864502,0.5663685152057245
0,1584,0.5667263269424438,0.5667262969588551
0,1585,0.5670840740203857,0.5670840787119857
0,1586,0.5674419403076172,0.5674418604651164
0,1587,0.5677996873855591,0.5677996422182469
0,1588,0.568157434463501,0.5681574239713775
0,1589,0.5685151815414429,0.568515205724508
0,1590,0.5688729286193848,0.5688729874776386
0,1591,0.5692307949066162,0.5692307692307692
0,1592,0.5695885419845581,0.5695885509838998
0,1593,0.5699462890625,0.5699463327370304
0,1594,0.5703041553497314,0.570304114490161
0,1595,0.5706619024276733,0.5706618962432917
0,1596,0.5710196495056152,0.5710196779964222
0,1597,0.5713775157928467,0.5713774597495528
0,1598,0.5717352628707886,0.5717352415026833
0,1599,0.5720930099487305,0.5720930232558139
0,1600,0.5724508762359619,0.5724508050089445
0,1601,0.5728086233139038,0.5728085867620751
0,1602,0.5731663703918457,0.5731663685152057
0,1603,0.5735242366790771,0.5735241502683364
0,1604,0.573881983757019,0.573881932021467
0,1605,0.5742397308349609,0.5742397137745975
0,1606,0.5745974779129028,0.5745974955277281
0,1607,0.5749552249908447,0.5749552772808586
0,1608,0.5753130912780762,0.5753130590339892
0,1609,0.5756708383560181,0.5756708407871198
0,1610,0.57602858543396,0.5760286225402504
0,1611,0.5763864517211914,0.5763864042933811
0,1612,0.5767441987991333,0.5767441860465117
0,1613,0.5771019458770752,0.5771019677996423
0,1614,0.5774598121643066,0.5774597495527728
0,1615,0.5778175592422485,0.5778175313059034
0,1616,0.5781753063201904,0.5781753130590339
0,1617,0.5785331726074219,0.5785330948121645
0,1618,0.5788909196853638,0.5788908765652951
0,1619,0.5792486667633057,0.5792486583184258
0,1620,0.5796064138412476,0.5796064400715564
0,1621,0.579964280128479,0.579964221824687
0,1622,0.5803220272064209,0.5803220035778176
0,1623,0.5806797742843628,0.5806797853309481
0,1624,0.5810375213623047,0.5810375670840787
0,1625,0.5813953876495361,0.5813953488372092
0,1626,0.581753134727478,0.5817531305903398
0,1627,0.5821108818054199,0.5821109123434705
0,1628,0.5824687480926514,0.5824686940966011
0,1629,0.5828264951705933,0.5828264758497317
0,1630,0.5831842422485352,0.5831842576028623
0,1631,0.5835421085357666,0.5835420393559929
0,1632,0.5838998556137085,0.5838998211091234
0,1633,0.5842576026916504,0.584257602862254
0,1634,0.5846154689788818,0.5846153846153845
0,1635,0.5849732160568237,0.5849731663685152
0,1636,0.5853309631347656,0.5853309481216458
0,1637,0.5856887102127075,0.5856887298747764
0,1638,0.5860464572906494,0.586046511627907
0,1639,0.5864043235778809,0.5864042933810376
0,1640,0.5867620706558228,0.5867620751341682
0,1641,0.5871198177337646,0.5871198568872987
0,1642,0.5874776840209961,0.5874776386404293
0,1643,0.587835431098938,0.5878354203935598
0,1644,0.5881931781768799,0.5881932021466905
0,1645,0.5885510444641113,0.5885509838998211
0,1646,0.5889087915420532,0.5889087656529517
0,1647,0.5892665386199951,0.5892665474060823
0,1648,0.5896244049072266,0.5896243291592129
0,1649,0.5899821519851685,0.5899821109123435
0,1650,0.5903398990631104,0.590339892665474
0,1651,0.5906976461410522,0.5906976744186047
0,1652,0.5910555124282837,0.5910554561717352
0,1653,0.5914132595062256,0.5914132379248658
0,1654,0.5917710065841675,0.5917710196779964
0,1655,0.5921287536621094,0.592128801431127
0,1656,0.5924866199493408,0.5924865831842576
0,1657,0.5928443670272827,0.5928443649373882
0,1658,0.5932021141052246,0.5932021466905189
0,1659,0.593559980392456,0.5935599284436494
0,1660,0.593917727470398,0.59391771019678
0,1661,0.5942754745483398,0.5942754919499105
0,1662,0.5946333408355713,0.5946332737030411
0,1663,0.5949910879135132,0.5949910554561717
0,1664,0.5953488349914551,0.5953488372093023
0,1665,0.5957067012786865,0.5957066189624329
0,1666,0.5960644483566284,0.5960644007155635
0,1667,0.5964221954345703,0.5964221824686942
0,1668,0.5967799425125122,0.5967799642218247
0,1669,0.5971376895904541,0.5971377459749553
0,1670,0.5974955558776855,0.5974955277280858
0,1671,0.5978533029556274,0.5978533094812164
0,1672,0.5982110500335693,0.598211091234347
0,1673,0.5985689163208008,0.5985688729874776
0,1674,0.5989266633987427,0.5989266547406082
0,1675,0.5992844104766846,0.5992844364937389
0,1676,0.599642276763916,0.5996422182468695
0,1677,0.6000000238418579,0.6
0,1678,0.6003577709197998,0.6003577817531306
0,1679,0.6007156372070312,0.6007155635062612
0,1680,0.6010733842849731,0.6010733452593917
0,1681,0.601431131362915,0.6014311270125223
0,1682,0.6017888784408569,0.6017889087656529
0,1683,0.6021467447280884,0.6021466905187836
0,1684,0.6025044918060303,0.6025044722719142
0,1685,0.6028622388839722,0.6028622540250448
0,1686,0.6032199859619141,0.6032200357781753
0,1687,0.6035778522491455,0.6035778175313059
0,1688,0.6039355993270874,0.6039355992844365
0,1689,0.6042933464050293,0.604293381037567
0,1690,0.6046512126922607,0.6046511627906976
0,1691,0.6050089597702026,0.6050089445438283
0,1692,0.6053667068481445,0.6053667262969589
0,1693,0.605724573135376,0.6057245080500895
0,1694,0.6060823202133179,0.6060822898032201
0,1695,0.6064400672912598,0.6064400715563506
0,1696,0.6067979335784912,0.6067978533094812
0,1697,0.6071556806564331,0.6071556350626118
0,1698,0.607513427734375,0.6075134168157423
0,1699,0.6078711748123169,0.607871198568873
0,1700,0.6082289218902588,0.6082289803220036
0,1701,0.6085867881774902,0.6085867620751342
0,1702,0.6089445352554321,0.6089445438282648
0,1703,0.609302282333374,0.6093023255813954
0,1704,0.6096601486206055,0.6096601073345259
0,1705,0.6100178956985474,0.6100178890876565
0,1706,0.6103756427764893,0.6103756708407871
0,1707,0.6107335090637207,0.6107334525939176
0,1708,0.6110912561416626,0.6110912343470483
0,1709,0.6114490032196045,0.6114490161001789
0,1710,0.6118068695068359,0.6118067978533095
0,1711,0.6121646165847778,0.6121645796064401
0,1712,0.6125223636627197,0.6125223613595707
0,1713,0.6128802299499512,0.6128801431127012
0,1714,0.6132379770278931,0.6132379248658318
0,1715,0.613595724105835,0.6135957066189625
0,1716,0.6139534711837769,0.613953488372093
0,1717,0.6143112182617188,0.6143112701252236
0,1718,0.6146690845489502,0.6146690518783542
0,1719,0.6150268316268921,0.6150268336314848
0,1720,0.615384578704834,0.6153846153846154
0,1721,0.6157424449920654,0.615742397137746
0,1722,0.6161001920700073,0.6161001788908766
0,1723,0.6164579391479492,0.6164579606440072
0,1724,0.6168158054351807,0.6168157423971378
0,1725,0.6171735525131226,0.6171735241502683
0,1726,0.6175312995910645,0.6175313059033989
0,1727,0.6178891658782959,0.6178890876565295
0,1728,0.6182469129562378,0.6182468694096601
0,1729,0.6186046600341797,0.6186046511627907
0,1730,0.6189624071121216,0.6189624329159213
0,1731,0.6193201541900635,0.619320214669052
0,1732,0.6196780204772949,0.6196779964221825
0,1733,0.6200357675552368,0.6200357781753131
0,1734,0.6203935146331787,0.6203935599284436
0,1735,0.6207513809204102,0.6207513416815742
0,1736,0.621109127998352,0.6211091234347048
0,1737,0.621466875076294,0.6214669051878354
0,1738,0.6218247413635254,0.621824686940966
0,1739,0.6221824884414673,0.6221824686940967
0,1740,0.6225402355194092,0.6225402504472273
0,1741,0.6228981018066406,0.6228980322003578
0,1742,0.6232558488845825,0.6232558139534884
0,1743,0.6236135959625244,0.6236135957066189
0,1744,0.6239714622497559,0.6239713774597495
0,1745,0.6243292093276978,0.6243291592128801
0,1746,0.6246869564056396,0.6246869409660107
0,1747,0.6250447034835815,0.6250447227191414
0,1748,0.6254024505615234,0.625402504472272
0,1749,0.6257603168487549,0.6257602862254026
0,1750,0.6261180639266968,0.6261180679785331
0,1751,0.6264758110046387,0.6264758497316637
0,1752,0.6268336772918701,0.6268336314847942
0,1753,0.627191424369812,0.6271914132379248
0,1754,0.6275491714477539,0.6275491949910554
0,1755,0.6279070377349854,0.627906976744186
0,1756,0.6282647848129272,0.6282647584973167
0,1757,0.6286225318908691,0.6286225402504473
0,1758,0.6289803981781006,0.6289803220035779
0,1759,0.6293381452560425,0.6293381037567084
0,1760,0.6296958923339844,0.629695885509839
0,1761,0.6300536394119263,0.6300536672629695
0,1762,0.6304115056991577,0.6304114490161001
0,1763,0.6307692527770996,0.6307692307692307
0,1764,0.6311269998550415,0.6311270125223614
0,1765,0.6314847469329834,0.631484794275492
0,1766,0.6318426132202148,0.6318425760286226
0,1767,0.6322003602981567,0.6322003577817532
0,1768,0.6325581073760986,0.6325581395348837
0,1769,0.6329159736633301,0.6329159212880143
0,1770,0.633273720741272,0.6332737030411448
0,1771,0.6336314678192139,0.6336314847942754
0,1772,0.6339893341064453,0.6339892665474061
0,1773,0.6343470811843872,0.6343470483005367
0,1774,0.6347048282623291,0.6347048300536673
0,1775,0.6350626945495605,0.6350626118067979
0,1776,0.6354204416275024,0.6354203935599285
0,1777,0.6357781887054443,0.635778175313059
0,1778,0.6361359357833862,0.6361359570661896
0,1779,0.6364936828613281,0.6364937388193201
0,1780,0.6368515491485596,0.6368515205724508
0,1781,0.6372092962265015,0.6372093023255814
0,1782,0.6375670433044434,0.637567084078712
0,1783,0.6379249095916748,0.6379248658318426
0,1784,0.6382826566696167,0.6382826475849732
0,1785,0.6386404037475586,0.6386404293381038
0,1786,0.63899827003479,0.6389982110912343
0,1787,0.6393560171127319,0.639355992844365
0,1788,0.6397137641906738,0.6397137745974955
0,1789,0.6400716304779053,0.6400715563506261
0,1790,0.6404293775558472,0.6404293381037567
0,1791,0.6407871246337891,0.6407871198568873
0,1792,0.641144871711731,0.6411449016100179
0,1793,0.6415027379989624,0.6415026833631485
0,1794,0.6418604850769043,0.6418604651162791
0,1795,0.6422182321548462,0.6422182468694096
0,1796,0.6425759792327881,0.6425760286225403
0,1797,0.6429338455200195,0.6429338103756708
0,1798,0.6432915925979614,0.6432915921288014
0,1799,0.6436493396759033,0.643649373881932
0,1800,0.6440072059631348,0.6440071556350626
0,1801,0.6443649530410767,0.6443649373881932
0,1802,0.6447227001190186,0.6447227191413238
0,1803,0.64508056640625,0.6450805008944545
0,1804,0.6454383134841919,0.645438282647585
0,1805,0.6457960605621338,0.6457960644007156
0,1806,0.6461539268493652,0.6461538461538461
0,1807,0.6465116739273071,0.6465116279069767
0,1808,0.646869421005249,0.6468694096601073
0,1809,0.6472271680831909,0.6472271914132379
0,1810,0.6475849151611328,0.6475849731663685
0,1811,0.6479427814483643,0.6479427549194992
0,1812,0.6483005285263062,0.6483005366726298
0,1813,0.648658275604248,0.6486583184257603
0,1814,0.6490161418914795,0.6490161001788909
0,1815,0.6493738889694214,0.6493738819320214
0,1816,0.6497316360473633,0.649731663685152
0,1817,0.6500895023345947,0.6500894454382826
0,1818,0.6504472494125366,0.6504472271914132
0,1819,0.6508049964904785,0.6508050089445439
0,1820,0.65116286277771,0.6511627906976745
0,1821,0.6515206098556519,0.6515205724508051
0,1822,0.6518783569335938,0.6518783542039356
0,1823,0.6522361040115356,0.6522361359570662
0,1824,0.6525939702987671,0.6525939177101967
0,1825,0.652951717376709,0.6529516994633273
0,1826,0.6533094644546509,0.6533094812164579
0,1827,0.6536672115325928,0.6536672629695885
0,1828,0.6540250778198242,0.6540250447227192
0,1829,0.6543828248977661,0.6543828264758498
0,1830,0.654740571975708,0.6547406082289804
0,1831,0.6550984382629395,0.6550983899821109
0,1832,0.6554561853408813,0.6554561717352415
0,1833,0.6558139324188232,0.655813953488372
0,1834,0.6561717987060547,0.6561717352415026
0,1835,0.6565295457839966,0.6565295169946332
0,1836,0.6568872928619385,0.6568872987477639
0,1837,0.6572451591491699,0.6572450805008945
0,1838,0.6576029062271118,0.6576028622540251
0,1839,0.6579606533050537,0.6579606440071557
0,1840,0.6583184003829956,0.6583184257602862
0,1841,0.6586761474609375,0.6586762075134168
0,1842,0.659034013748169,0.6590339892665473
0,1843,0.6593917608261108,0.6593917710196779
0,1844,0.6597495079040527,0.6597495527728086
0,1845,0.6601073741912842,0.6601073345259392
0,1846,0.6604651212692261,0.6604651162790698
0,1847,0.660822868347168,0.6608228980322004
0,1848,0.6611807346343994,0.661180679785331
0,1849,0.6615384817123413,0.6615384615384615
0,1850,0.6618962287902832,0.6618962432915921
0,1851,0.6622540950775146,0.6622540250447226
0,1852,0.6626118421554565,0.6626118067978533
0,1853,0.6629695892333984,0.6629695885509839
0,1854,0.6633274555206299,0.6633273703041145
0,1855,0.6636852025985718,0.6636851520572451
0,1856,0.6640429496765137,0.6640429338103757
0,1857,0.6644006967544556,0.6644007155635063
0,1858,0.6647584438323975,0.6647584973166368
0,1859,0.6651163101196289,0.6651162790697674
0,1860,0.6654740571975708,0.665474060822898
0,1861,0.6658318042755127,0.6658318425760286
0,1862,0.6661896705627441,0.6661896243291592
0,1863,0.666547417640686,0.6665474060822898
0,1864,0.6669051647186279,0.6669051878354204
0,1865,0.6672630310058594,0.667262969588551
0,1866,0.6676207780838013,0.6676207513416816
0,1867,0.6679785251617432,0.6679785330948121
0,1868,0.6683363914489746,0.6683363148479428
0,1869,0.6686941385269165,0.6686940966010733
0,1870,0.6690518856048584,0.6690518783542039
0,1871,0.6694096326828003,0.6694096601073345
0,1872,0.6697673797607422,0.6697674418604651
0,1873,0.6701252460479736,0.6701252236135957
0,1874,0.6704829931259155,0.6704830053667263
0,1875,0.6708407402038574,0.670840787119857
0,1876,0.6711986064910889,0.6711985688729875
0,1877,0.6715563535690308,0.6715563506261181
0,1878,0.6719141006469727,0.6719141323792487
0,1879,0.6722719669342041,0.6722719141323792
0,1880,0.672629714012146,0.6726296958855098
0,1881,0.6729874610900879,0.6729874776386404
0,1882,0.6733453273773193,0.673345259391771
0,1883,0.6737030744552612,0.6737030411449016
0,1884,0.6740608215332031,0.6740608228980323
0,1885,0.6744186878204346,0.6744186046511628
0,1886,0.6747764348983765,0.6747763864042934
0,1887,0.6751341819763184,0.675134168157424
0,1888,0.6754919290542603,0.6754919499105545
0,1889,0.6758496761322021,0.6758497316636851
0,1890,0.6762075424194336,0.6762075134168157
0,1891,0.6765652894973755,0.6765652951699463
0,1892,0.6769230365753174,0.676923076923077
0,1893,0.6772809028625488,0.6772808586762076
0,1894,0.6776386499404907,0.6776386404293381
0,1895,0.6779963970184326,0.6779964221824687
0,1896,0.6783542633056641,0.6783542039355993
0,1897,0.678712010383606,0.6787119856887298
0,1898,0.6790697574615479,0.6790697674418604
0,1899,0.6794276237487793,0.679427549194991
0,1900,0.6797853708267212,0.6797853309481217
0,1901,0.6801431179046631,0.6801431127012523
0,1902,0.680500864982605,0.6805008944543829
0,1903,0.6808587312698364,0.6808586762075134
0,1904,0.6812164783477783,0.681216457960644
0,1905,0.6815742254257202,0.6815742397137746
0,1906,0.6819319725036621,0.6819320214669051
0,1907,0.6822898387908936,0.6822898032200357
0,1908,0.6826475858688354,0.6826475849731664
0,1909,0.6830053329467773,0.683005366726297
0,1910,0.6833631992340088,0.6833631484794276
0,1911,0.6837209463119507,0.6837209302325582
0,1912,0.6840786933898926,0.6840787119856887
0,1913,0.684436559677124,0.6844364937388193
0,1914,0.6847943067550659,0.6847942754919499
0,1915,0.6851520538330078,0.6851520572450804
0,1916,0.6855099201202393,0.685509838998211
0,1917,0.6858676671981812,0.6858676207513417
0,1918,0.686225414276123,0.6862254025044723
0,1919,0.6865831613540649,0.6865831842576029
0,1920,0.6869409084320068,0.6869409660107335
0,1921,0.6872987747192383,0.687298747763864
0,1922,0.6876565217971802,0.6876565295169946
0,1923,0.6880142688751221,0.6880143112701252
0,1924,0.6883721351623535,0.6883720930232557
0,1925,0.6887298822402954,0.6887298747763864
0,1926,0.6890876293182373,0.689087656529517
0,1927,0.6894454956054688,0.6894454382826476
0,1928,0.6898032426834106,0.6898032200357782
0,1929,0.6901609897613525,0.6901610017889088
0,1930,0.690518856048584,0.6905187835420394
0,1931,0.6908766031265259,0.6908765652951699
0,1932,0.6912343502044678,0.6912343470483006
0,1933,0.6915920972824097,0.6915921288014311
0,1934,0.6919499635696411,0.6919499105545617
0,1935,0.692307710647583,0.6923076923076923
0,1936,0.6926654577255249,0.6926654740608229
0,1937,0.6930232048034668,0.6930232558139535
0,1938,0.6933810710906982,0.6933810375670841
0,1939,0.6937388181686401,0.6937388193202148
0,1940,0.694096565246582,0.6940966010733453
0,1941,0.6944544315338135,0.6944543828264759
0,1942,0.6948121786117554,0.6948121645796064
0,1943,0.6951699256896973,0.695169946332737
0,1944,0.6955277919769287,0.6955277280858676
0,1945,0.6958855390548706,0.6958855098389982
0,1946,0.6962432861328125,0.6962432915921288
0,1947,0.696601152420044,0.6966010733452594
0,1948,0.6969588994979858,0.6969588550983901
0,1949,0.6973166465759277,0.6973166368515206
0,1950,0.6976743936538696,0.6976744186046512
0,1951,0.6980321407318115,0.6980322003577817
0,1952,0.698390007019043,0.6983899821109123
0,1953,0.6987477540969849,0.6987477638640429
0,1954,0.6991055011749268,0.6991055456171735
0,1955,0.6994633674621582,0.6994633273703041
0,1956,0.6998211145401001,0.6998211091234348
0,1957,0.700178861618042,0.7001788908765654
0,1958,0.7005367279052734,0.7005366726296959
0,1959,0.7008944749832153,0.7008944543828265
0,1960,0.7012522220611572,0.701252236135957
0,1961,0.7016100883483887,0.7016100178890876
0,1962,0.7019678354263306,0.7019677996422182
0,1963,0.7023255825042725,0.7023255813953488
0,1964,0.7026833295822144,0.7026833631484795
0,1965,0.7030411958694458,0.7030411449016101
0,1966,0.7033989429473877,0.7033989266547407
0,1967,0.7037566900253296,0.7037567084078712
0,1968,0.7041144371032715,0.7041144901610018
0,1969,0.7044723033905029,0.7044722719141323
0,1970,0.7048300504684448,0.7048300536672629
0,1971,0.7051877975463867,0.7051878354203935
0,1972,0.7055456638336182,0.7055456171735242
0,1973,0.7059034109115601,0.7059033989266548
0,1974,0.706261157989502,0.7062611806797854
0,1975,0.7066190242767334,0.706618962432916
0,1976,0.7069767713546753,0.7069767441860465
0,1977,0.7073345184326172,0.7073345259391771
0,1978,0.7076923847198486,0.7076923076923076
0,1979,0.7080501317977905,0.7080500894454382
0,1980,0.7084078788757324,0.7084078711985689
0,1981,0.7087656259536743,0.7087656529516995
0,1982,0.7091233730316162,0.7091234347048301
0,1983,0.7094812393188477,0.7094812164579607
0,1984,0.7098389863967896,0.7098389982110913
0,1985,0.7101967334747314,0.7101967799642218
0,1986,0.7105545997619629,0.7105545617173524
0,1987,0.7109123468399048,0.7109123434704829
0,1988,0.7112700939178467,0.7112701252236135
0,1989,0.7116279602050781,0.7116279069767442
0,1990,0.71198570728302,0.7119856887298748
0,1991,0.7123434543609619,0.7123434704830054
0,1992,0.7127013206481934,0.712701252236136
0,1993,0.7130590677261353,0.7130590339892666
0,1994,0.7134168148040771,0.7134168157423971
0,1995,0.7137746810913086,0.7137745974955277
0,1996,0.7141324281692505,0.7141323792486582
0,1997,0.7144901752471924,0.7144901610017889
0,1998,0.7148479223251343,0.7148479427549195
0,1999,0.7152056694030762,0.7152057245080501
0,2000,0.7155635356903076,0.7155635062611807
0,2001,0.7159212827682495,0.7159212880143113
0,2002,0.7162790298461914,0.7162790697674419
0,2003,0.7166368961334229,0.7166368515205724
0,2004,0.7169946432113647,0.716994633273703
0,2005,0.7173523902893066,0.7173524150268336
0,2006,0.7177102565765381,0.7177101967799642
0,2007,0.71806800365448,0.7180679785330948
0,2008,0.7184257507324219,0.7184257602862254
0,2009,0.7187836170196533,0.718783542039356
0,2010,0.7191413640975952,0.7191413237924866
0,2011,0.7194991111755371,0.7194991055456172
0,2012,0.719856858253479,0.7198568872987477
0,2013,0.7202146053314209,0.7202146690518784
0,2014,0.7205724716186523,0.7205724508050089
0,2015,0.7209302186965942,0.7209302325581395
0,2016,0.7212879657745361,0.7212880143112701
0,2017,0.7216458320617676,0.7216457960644007
0,2018,0.7220035791397095,0.7220035778175313
0,2019,0.7223613262176514,0.7223613595706619
0,2020,0.7227191925048828,0.7227191413237926
0,2021,0.7230769395828247,0.7230769230769231
0,2022,0.7234346866607666,0.7234347048300537
0,2023,0.723792552947998,0.7237924865831842
0,2024,0.7241503000259399,0.7241502683363148
0,2025,0.7245080471038818,0.7245080500894454
0,2026,0.7248659133911133,0.724865831842576
0,2027,0.7252236604690552,0.7252236135957066
0,2028,0.7255814075469971,0.7255813953488373
0,2029,0.725939154624939,0.7259391771019679
0,2030,0.7262969017028809,0.7262969588550984
0,2031,0.7266547679901123,0.726654740608229
0,2032,0.7270125150680542,0.7270125223613595
0,2033,0.7273702621459961,0.7273703041144901
0,2034,0.7277281284332275,0.7277280858676207
0,2035,0.7280858755111694,0.7280858676207513
0,2036,0.7284436225891113,0.728443649373882
0,2037,0.7288014888763428,0.7288014311270126
0,2038,0.7291592359542847,0.7291592128801432
0,2039,0.7295169830322266,0.7295169946332737
0,2040,0.729874849319458,0.7298747763864043
0,2041,0.7302325963973999,0.7302325581395348
0,2042,0.7305903434753418,0.7305903398926654
0,2043,0.7309480905532837,0.730948121645796
0,2044,0.7313059568405151,0.7313059033989266
0,2045,0.731663703918457,0.7316636851520573
0,2046,0.7320214509963989,0.7320214669051879
0,2047,0.7323791980743408,0.7323792486583185
0,2048,0.7327370643615723,0.732737030411449
0,2049,0.7330948114395142,0.7330948121645796
0,2050,0.733452558517456,0.7334525939177101
0,2051,0.7338104248046875,0.7338103756708407
0,2052,0.7341681718826294,0.7341681574239713
0,2053,0.7345259189605713,0.734525939177102
0,2054,0.7348837852478027,0.7348837209302326
0,2055,0.7352415323257446,0.7352415026833632
0,2056,0.7355992794036865,0.7355992844364938
0,2057,0.735957145690918,0.7359570661896243
0,2058,0.7363148927688599,0.7363148479427549
0,2059,0.7366726398468018,0.7366726296958854
0,2060,0.7370303869247437,0.737030411449016
0,2061,0.7373881340026855,0.7373881932021467
0,2062,0.737746000289917,0.7377459749552773
0,2063,0.7381037473678589,0.7381037567084079
0,2064,0.7384614944458008,0.7384615384615385
0,2065,0.7388193607330322,0.7388193202146691
0,2066,0.7391771078109741,0.7391771019677996
0,2067,0.739534854888916,0.7395348837209302
0,2068,0.7398927211761475,0.7398926654740607
0,2069,0.7402504682540894,0.7402504472271914
0,2070,0.7406082153320312,0.740608228980322
0,2071,0.7409660816192627,0.7409660107334526
0,2072,0.7413238286972046,0.7413237924865832
0,2073,0.7416815757751465,0.7416815742397138
0,2074,0.7420393228530884,0.7420393559928444
0,2075,0.7423971891403198,0.7423971377459749
0,2076,0.7427549362182617,0.7427549194991055
0,2077,0.7431126832962036,0.7431127012522362
0,2078,0.7434704303741455,0.7434704830053667
0,2079,0.743828296661377,0.7438282647584973
0,2080,0.7441860437393188,0.7441860465116279
0,2081,0.7445437908172607,0.7445438282647585
0,2082,0.7449016571044922,0.7449016100178891
0,2083,0.7452594041824341,0.7452593917710197
0,2084,0.745617151260376,0.7456171735241502
0,2085,0.7459750175476074,0.7459749552772809
0,2086,0.7463327646255493,0.7463327370304115
0,2087,0.7466905117034912,0.746690518783542
0,2088,0.7470483779907227,0.7470483005366726
0,2089,0.7474061250686646,0.7474060822898032
0,2090,0.7477638721466064,0.7477638640429338
0,2091,0.7481216192245483,0.7481216457960644
0,2092,0.7484793663024902,0.748479427549195
0,2093,0.7488372325897217,0.7488372093023256
0,2094,0.7491949796676636,0.7491949910554562
0,2095,0.7495527267456055,0.7495527728085868
0,2096,0.7499105930328369,0.7499105545617173
0,2097,0.7502683401107788,0.7502683363148479
0,2098,0.7506260871887207,0.7506261180679785
0,2099,0.7509839534759521,0.7509838998211091
0,2100,0.751341700553894,0.7513416815742398
0,2101,0.7516994476318359,0.7516994633273704
0,2102,0.7520573139190674,0.7520572450805009
0,2103,0.7524150609970093,0.7524150268336315
0,2104,0.7527728080749512,0.7527728085867621
0,2105,0.7531305551528931,0.7531305903398926
0,2106,0.7534884214401245,0.7534883720930232
0,2107,0.7538461685180664,0.7538461538461538
0,2108,0.7542039155960083,0.7542039355992844
0,2109,0.7545616626739502,0.7545617173524151
0,2110,0.7549195289611816,0.7549194991055457
0,2111,0.7552772760391235,0.7552772808586762
0,2112,0.7556350231170654,0.7556350626118068
0,2113,0.7559928894042969,0.7559928443649374
0,2114,0.7563506364822388,0.7563506261180679
0,2115,0.7567083835601807,0.7567084078711985
0,2116,0.7570662498474121,0.7570661896243291
0,2117,0.757423996925354,0.7574239713774598
0,2118,0.7577817440032959,0.7577817531305904
0,2119,0.7581396102905273,0.758139534883721
0,2120,0.7584973573684692,0.7584973166368515
0,2121,0.7588551044464111,0.7588550983899821
0,2122,0.759212851524353,0.7592128801431127
0,2123,0.7595707178115845,0.7595706618962432
0,2124,0.7599284648895264,0.7599284436493738
0,2125,0.7602862119674683,0.7602862254025045
0,2126,0.7606439590454102,0.7606440071556351
0,2127,0.7610018253326416,0.7610017889087657
0,2128,0.7613595724105835,0.7613595706618963
0,2129,0.7617173194885254,0.7617173524150268
0,2130,0.7620751857757568,0.7620751341681574
0,2131,0.7624329328536987,0.762432915921288
0,2132,0.7627906799316406,0.7627906976744185
0,2133,0.7631485462188721,0.7631484794275492
0,2134,0.763506293296814,0.7635062611806798
0,2135,0.7638640403747559,0.7638640429338104
0,2136,0.7642217874526978,0.764221824686941
0,2137,0.7645796537399292,0.7645796064400716
0,2138,0.7649374008178711,0.7649373881932021
0,2139,0.765295147895813,0.7652951699463327
0,2140,0.7656528949737549,0.7656529516994633
0,2141,0.7660107612609863,0.7660107334525939
0,2142,0.7663685083389282,0.7663685152057245
0,2143,0.7667262554168701,0.7667262969588551
0,2144,0.7670841217041016,0.7670840787119857
0,2145,0.7674418687820435,0.7674418604651163
0,2146,0.7677996158599854,0.7677996422182469
0,2147,0.7681574821472168,0.7681574239713774
0,2148,0.7685152292251587,0.768515205724508
0,2149,0.7688729763031006,0.7688729874776387
0,2150,0.769230842590332,0.7692307692307692
0,2151,0.7695885896682739,0.7695885509838998
0,2152,0.7699463367462158,0.7699463327370304
0,2153,0.7703040838241577,0.770304114490161
0,2154,0.7706619501113892,0.7706618962432916
0,2155,0.771019697189331,0.7710196779964222
0,2156,0.771377444267273,0.7713774597495527
0,2157,0.7717351913452148,0.7717352415026834
0,2158,0.7720930576324463,0.772093023255814
0,2159,0.7724508047103882,0.7724508050089446
0,2160,0.7728085517883301,0.7728085867620751
0,2161,0.7731664180755615,0.7731663685152057
0,2162,0.7735241651535034,0.7735241502683363
0,2163,0.7738819122314453,0.7738819320214669
0,2164,0.7742397785186768,0.7742397137745975
0,2165,0.7745975255966187,0.774597495527728
0,2166,0.7749552726745605,0.7749552772808587
0,2167,0.7753130197525024,0.7753130590339893
0,2168,0.7756708860397339,0.7756708407871199
0,2169,0.7760286331176758,0.7760286225402504
0,2170,0.7763863801956177,0.776386404293381
0,2171,0.7767441272735596,0.7767441860465116
0,2172,0.777101993560791,0.7771019677996422
0,2173,0.7774597406387329,0.7774597495527729
0,2174,0.7778174877166748,0.7778175313059034
0,2175,0.7781753540039062,0.778175313059034
0,2176,0.7785331010818481,0.7785330948121646
0,2177,0.77889084815979,0.7788908765652952
0,2178,0.7792487144470215,0.7792486583184257
0,2179,0.7796064615249634,0.7796064400715563
0,2180,0.7799642086029053,0.7799642218246869
0,2181,0.7803220748901367,0.7803220035778176
0,2182,0.7806798219680786,0.7806797853309482
0,2183,0.7810375690460205,0.7810375670840787
0,2184,0.7813953161239624,0.7813953488372093
0,2185,0.7817531824111938,0.7817531305903399
0,2186,0.7821109294891357,0.7821109123434705
0,2187,0.7824686765670776,0.782468694096601
0,2188,0.7828264236450195,0.7828264758497316
0,2189,0.783184289932251,0.7831842576028623
0,2190,0.7835420370101929,0.7835420393559929
0,2191,0.7838997840881348,0.7838998211091235
0,2192,0.7842576503753662,0.784257602862254
0,2193,0.7846153974533081,0.7846153846153846
0,2194,0.78497314453125,0.7849731663685152
0,2195,0.7853310108184814,0.7853309481216458
0,2196,0.7856887578964233,0.7856887298747763
0,2197,0.7860465049743652,0.786046511627907
0,2198,0.7864042520523071,0.7864042933810376
0,2199,0.7867621183395386,0.7867620751341682
0,2200,0.7871198654174805,0.7871198568872988
0,2201,0.7874776124954224,0.7874776386404293
0,2202,0.7878354787826538,0.7878354203935599
0,2203,0.7881932258605957,0.7881932021466905
0,2204,0.7885509729385376,0.7885509838998211
0,2205,0.7889087200164795,0.7889087656529516
0,2206,0.7892665863037109,0.7892665474060823
0,2207,0.7896243333816528,0.7896243291592129
0,2208,0.7899820804595947,0.7899821109123435
0,2209,0.7903399467468262,0.7903398926654741
0,2210,0.7906976938247681,0.7906976744186046
0,2211,0.79105544090271,0.7910554561717352
0,2212,0.7914133071899414,0.7914132379248658
0,2213,0.7917710542678833,0.7917710196779965
0,2214,0.7921288013458252,0.792128801431127
0,2215,0.7924865484237671,0.7924865831842576
0,2216,0.7928444147109985,0.7928443649373882
0,2217,0.7932021617889404,0.7932021466905188
0,2218,0.7935599088668823,0.7935599284436494
0,2219,0.7939176559448242,0.7939177101967799
0,2220,0.7942755222320557,0.7942754919499105
0,2221,0.7946332693099976,0.7946332737030412
0,2222,0.7949910163879395,0.7949910554561718
0,2223,0.7953488826751709,0.7953488372093023
0,2224,0.7957066297531128,0.7957066189624329
0,2225,0.7960643768310547,0.7960644007155635
0,2226,0.7964222431182861,0.7964221824686941
0,2227,0.796779990196228,0.7967799642218247
0,2228,0.7971377372741699,0.7971377459749552
0,2229,0.7974954843521118,0.7974955277280859
0,2230,0.7978533506393433,0.7978533094812165
0,2231,0.7982110977172852,0.7982110912343471
0,2232,0.798568844795227,0.7985688729874776
0,2233,0.7989267110824585,0.7989266547406082
0,2234,0.7992844581604004,0.7992844364937388
0,2235,0.7996422052383423,0.7996422182468694
0,2236,0.7999999523162842,0.8
0,2237,0.8003578186035156,0.8003577817531307
0,2238,0.8007155656814575,0.8007155635062612
0,2239,0.8010733127593994,0.8010733452593918
0,2240,0.8014311790466309,0.8014311270125224
0,2241,0.8017889261245728,0.8017889087656529
0,2242,0.8021466732025146,0.8021466905187835
0,2243,0.8025045394897461,0.8025044722719141
0,2244,0.802862286567688,0.8028622540250447
0,2245,0.8032200336456299,0.8032200357781754
0,2246,0.8035777807235718,0.803577817531306
0,2247,0.8039356470108032,0.8039355992844365
0,2248,0.8042933940887451,0.8042933810375671
0,2249,0.804651141166687,0.8046511627906977
0,2250,0.8050088882446289,0.8050089445438282
0,2251,0.8053667545318604,0.8053667262969588
0,2252,0.8057245016098022,0.8057245080500894
0,2253,0.8060822486877441,0.80608228980322
0,2254,0.8064401149749756,0.8064400715563507
0,2255,0.8067978620529175,0.8067978533094813
0,2256,0.8071556091308594,0.8071556350626118
0,2257,0.8075134754180908,0.8075134168157424
0,2258,0.8078712224960327,0.807871198568873
0,2259,0.8082289695739746,0.8082289803220035
0,2260,0.8085867166519165,0.8085867620751341
0,2261,0.808944582939148,0.8089445438282648
0,2262,0.8093023300170898,0.8093023255813954
0,2263,0.8096600770950317,0.809660107334526
0,2264,0.8100179433822632,0.8100178890876566
0,2265,0.8103756904602051,0.8103756708407871
0,2266,0.810733437538147,0.8107334525939177
0,2267,0.8110911846160889,0.8110912343470483
0,2268,0.8114490509033203,0.8114490161001788
0,2269,0.8118067979812622,0.8118067978533094
0,2270,0.8121645450592041,0.8121645796064401
0,2271,0.8125224113464355,0.8125223613595707
0,2272,0.8128801584243774,0.8128801431127013
0,2273,0.8132379055023193,0.8132379248658319
0,2274,0.8135957717895508,0.8135957066189624
0,2275,0.8139535188674927,0.813953488372093
0,2276,0.8143112659454346,0.8143112701252236
0,2277,0.8146690130233765,0.8146690518783541
0,2278,0.8150268793106079,0.8150268336314848
0,2279,0.8153846263885498,0.8153846153846154
0,2280,0.8157423734664917,0.815742397137746
0,2281,0.8161001205444336,0.8161001788908766
0,2282,0.816457986831665,0.8164579606440072
0,2283,0.8168157339096069,0.8168157423971377
0,2284,0.8171734809875488,0.8171735241502683
0,2285,0.8175313472747803,0.817531305903399
0,2286,0.8178890943527222,0.8178890876565295
0,2287,0.8182468414306641,0.8182468694096601
0,2288,0.8186047077178955,0.8186046511627907
0,2289,0.8189624547958374,0.8189624329159213
0,2290,0.8193202018737793,0.8193202146690519
0,2291,0.8196780681610107,0.8196779964221825
0,2292,0.8200358152389526,0.820035778175313
0,2293,0.8203935623168945,0.8203935599284436
0,2294,0.8207513093948364,0.8207513416815743
0,2295,0.8211091756820679,0.8211091234347048
0,2296,0.8214669227600098,0.8214669051878354
0,2297,0.8218246698379517,0.821824686940966
0,2298,0.8221824169158936,0.8221824686940966
0,2299,0.822540283203125,0.8225402504472272
0,2300,0.8228980302810669,0.8228980322003578
0,2301,0.8232557773590088,0.8232558139534883
0,2302,0.8236136436462402,0.823613595706619
0,2303,0.8239713907241821,0.8239713774597496
0,2304,0.824329137802124,0.8243291592128801
0,2305,0.8246870040893555,0.8246869409660107
0,2306,0.8250447511672974,0.8250447227191413
0,2307,0.8254024982452393,0.8254025044722719
0,2308,0.8257602453231812,0.8257602862254025
0,2309,0.8261181116104126,0.8261180679785332
0,2310,0.8264758586883545,0.8264758497316637
0,2311,0.8268336057662964,0.8268336314847943
0,2312,0.8271913528442383,0.8271914132379249
0,2313,0.8275492191314697,0.8275491949910554
0,2314,0.8279069662094116,0.827906976744186
0,2315,0.8282647132873535,0.8282647584973166
0,2316,0.828622579574585,0.8286225402504472
0,2317,0.8289803266525269,0.8289803220035779
0,2318,0.8293380737304688,0.8293381037567085
0,2319,0.8296959400177002,0.829695885509839
0,2320,0.8300536870956421,0.8300536672629696
0,2321,0.830411434173584,0.8304114490161002
0,2322,0.8307693004608154,0.8307692307692307
0,2323,0.8311270475387573,0.8311270125223613
0,2324,0.8314847946166992,0.8314847942754919
0,2325,0.8318425416946411,0.8318425760286225
0,2326,0.8322004079818726,0.8322003577817532
0,2327,0.8325581550598145,0.8325581395348838
0,2328,0.8329159021377563,0.8329159212880143
0,2329,0.8332736492156982,0.8332737030411449
0,2330,0.8336315155029297,0.8336314847942755
0,2331,0.8339892625808716,0.833989266547406
0,2332,0.8343470096588135,0.8343470483005366
0,2333,0.8347048759460449,0.8347048300536672
0,2334,0.8350626230239868,0.8350626118067979
0,2335,0.8354203701019287,0.8354203935599285
0,2336,0.8357782363891602,0.8357781753130591
0,2337,0.836135983467102,0.8361359570661896
0,2338,0.836493730545044,0.8364937388193202
0,2339,0.8368514776229858,0.8368515205724508
0,2340,0.8372093439102173,0.8372093023255813
0,2341,0.8375670909881592,0.8375670840787119
0,2342,0.8379248380661011,0.8379248658318426
0,2343,0.8382827043533325,0.8382826475849732
0,2344,0.8386404514312744,0.8386404293381038
0,2345,0.8389981985092163,0.8389982110912344
0,2346,0.8393559455871582,0.8393559928443649
0,2347,0.8397138118743896,0.8397137745974955
0,2348,0.8400715589523315,0.8400715563506261
0,2349,0.8404293060302734,0.8404293381037566
0,2350,0.8407871723175049,0.8407871198568873
0,2351,0.8411449193954468,0.8411449016100179
0,2352,0.8415026664733887,0.8415026833631485
0,2353,0.8418605327606201,0.8418604651162791
0,2354,0.842218279838562,0.8422182468694097
0,2355,0.8425760269165039,0.8425760286225402
0,2356,0.8429337739944458,0.8429338103756708
0,2357,0.8432916402816772,0.8432915921288014
0,2358,0.8436493873596191,0.843649373881932
0,2359,0.844007134437561,0.8440071556350626
0,2360,0.8443648815155029,0.8443649373881932
0,2361,0.8447227478027344,0.8447227191413238
0,2362,0.8450804948806763,0.8450805008944544
0,2363,0.8454382419586182,0.845438282647585
0,2364,0.8457961082458496,0.8457960644007155
0,2365,0.8461538553237915,0.8461538461538461
0,2366,0.8465116024017334,0.8465116279069768
0,2367,0.8468694686889648,0.8468694096601074
0,2368,0.8472272157669067,0.8472271914132379
0,2369,0.8475849628448486,0.8475849731663685
0,2370,0.8479427099227905,0.8479427549194991
0,2371,0.848300576210022,0.8483005366726297
0,2372,0.8486583232879639,0.8486583184257603
0,2373,0.8490160703659058,0.8490161001788908
0,2374,0.8493739366531372,0.8493738819320215
0,2375,0.8497316837310791,0.8497316636851521
0,2376,0.850089430809021,0.8500894454382827
0,2377,0.8504471778869629,0.8504472271914132
0,2378,0.8508050441741943,0.8508050089445438
0,2379,0.8511627912521362,0.8511627906976744
0,2380,0.8515205383300781,0.851520572450805
0,2381,0.8518784046173096,0.8518783542039357
0,2382,0.8522361516952515,0.8522361359570662
0,2383,0.8525938987731934,0.8525939177101968
0,2384,0.8529517650604248,0.8529516994633274
0,2385,0.8533095121383667,0.853309481216458
0,2386,0.8536672592163086,0.8536672629695885
0,2387,0.8540250062942505,0.8540250447227191
0,2388,0.8543828725814819,0.8543828264758497
0,2389,0.8547406196594238,0.8547406082289803
0,2390,0.8550983667373657,0.855098389982111
0,2391,0.8554561138153076,0.8554561717352415
0,2392,0.8558139801025391,0.8558139534883721
0,2393,0.856171727180481,0.8561717352415027
0,2394,0.8565294742584229,0.8565295169946333
0,2395,0.8568873405456543,0.8568872987477638
0,2396,0.8572450876235962,0.8572450805008944
0,2397,0.8576028347015381,0.857602862254025
0,2398,0.8579607009887695,0.8579606440071557
0,2399,0.8583184480667114,0.8583184257602863
0,2400,0.8586761951446533,0.8586762075134168
0,2401,0.8590339422225952,0.8590339892665474
0,2402,0.8593918085098267,0.859391771019678
0,2403,0.8597495555877686,0.8597495527728086
0,2404,0.8601073026657104,0.8601073345259391
0,2405,0.8604651689529419,0.8604651162790697
0,2406,0.8608229160308838,0.8608228980322004
0,2407,0.8611806631088257,0.861180679785331
0,2408,0.8615384101867676,0.8615384615384616
0,2409,0.861896276473999,0.8618962432915921
0,2410,0.8622540235519409,0.8622540250447227
0,2411,0.8626117706298828,0.8626118067978533
0,2412,0.8629696369171143,0.8629695885509839
0,2413,0.8633273839950562,0.8633273703041144
0,2414,0.863685131072998,0.863685152057245
0,2415,0.8640429973602295,0.8640429338103757
0,2416,0.8644007444381714,0.8644007155635063
0,2417,0.8647584915161133,0.8647584973166369
0,2418,0.8651162385940552,0.8651162790697674
0,2419,0.8654741048812866,0.865474060822898
0,2420,0.8658318519592285,0.8658318425760286
0,2421,0.8661895990371704,0.8661896243291592
0,2422,0.8665473461151123,0.8665474060822898
0,2423,0.8669052124023438,0.8669051878354204
0,2424,0.8672629594802856,0.867262969588551
0,2425,0.8676207065582275,0.8676207513416816
0,2426,0.867978572845459,0.8679785330948122
0,2427,0.8683363199234009,0.8683363148479427
0,2428,0.8686940670013428,0.8686940966010733
0,2429,0.8690519332885742,0.8690518783542039
0,2430,0.8694096803665161,0.8694096601073346
0,2431,0.869767427444458,0.8697674418604651
0,2432,0.8701252937316895,0.8701252236135957
0,2433,0.8704830408096313,0.8704830053667263
0,2434,0.8708407878875732,0.8708407871198569
0,2435,0.8711985349655151,0.8711985688729875
0,2436,0.8715564012527466,0.8715563506261181
0,2437,0.8719141483306885,0.8719141323792486
0,2438,0.8722718954086304,0.8722719141323793
0,2439,0.8726296424865723,0.8726296958855099
0,2440,0.8729875087738037,0.8729874776386404
0,2441,0.8733452558517456,0.873345259391771
0,2442,0.8737030029296875,0.8737030411449016
0,2443,0.874060869216919,0.8740608228980322
0,2444,0.8744186162948608,0.8744186046511628
0,2445,0.8747763633728027,0.8747763864042934
0,2446,0.8751342296600342,0.875134168157424
0,2447,0.8754919767379761,0.8754919499105546
0,2448,0.875849723815918,0.8758497316636852
0,2449,0.8762074708938599,0.8762075134168157
0,2450,0.8765653371810913,0.8765652951699463
0,2451,0.8769230842590332,0.8769230769230769
0,2452,0.8772808313369751,0.8772808586762075
0,2453,0.8776386976242065,0.8776386404293381
0,2454,0.8779964447021484,0.8779964221824686
0,2455,0.8783541917800903,0.8783542039355993
0,2456,0.8787119388580322,0.8787119856887299
0,2457,0.8790698051452637,0.8790697674418605
0,2458,0.8794275522232056,0.879427549194991
0,2459,0.8797852993011475,0.8797853309481216
0,2460,0.8801431655883789,0.8801431127012522
0,2461,0.8805009126663208,0.8805008944543828
0,2462,0.8808586597442627,0.8808586762075135
0,2463,0.8812164068222046,0.881216457960644
0,2464,0.881574273109436,0.8815742397137746
0,2465,0.8819320201873779,0.8819320214669052
0,2466,0.8822897672653198,0.8822898032200358
0,2467,0.8826476335525513,0.8826475849731663
0,2468,0.8830053806304932,0.8830053667262969
0,2469,0.8833631277084351,0.8833631484794275
0,2470,0.883720874786377,0.8837209302325582
0,2471,0.8840787410736084,0.8840787119856888
0,2472,0.8844364881515503,0.8844364937388193
0,2473,0.8847942352294922,0.8847942754919499
0,2474,0.8851521015167236,0.8851520572450805
0,2475,0.8855098485946655,0.8855098389982111
0,2476,0.8858675956726074,0.8858676207513416
0,2477,0.8862254619598389,0.8862254025044722
0,2478,0.8865832090377808,0.8865831842576029
0,2479,0.8869409561157227,0.8869409660107335
0,2480,0.8872987031936646,0.8872987477638641
0,2481,0.887656569480896,0.8876565295169946
0,2482,0.8880143165588379,0.8880143112701252
0,2483,0.8883720636367798,0.8883720930232558
0,2484,0.8887299299240112,0.8887298747763864
0,2485,0.8890876770019531,0.8890876565295169
0,2486,0.889445424079895,0.8894454382826475
0,2487,0.8898031711578369,0.8898032200357782
0,2488,0.8901610374450684,0.8901610017889088
0,2489,0.8905187845230103,0.8905187835420394
0,2490,0.8908765316009521,0.89087656529517
0,2491,0.8912343978881836,0.8912343470483005
0,2492,0.8915921449661255,0.8915921288014311
0,2493,0.8919498920440674,0.8919499105545617
0,2494,0.8923077583312988,0.8923076923076922
0,2495,0.8926655054092407,0.8926654740608229
0,2496,0.8930232524871826,0.8930232558139535
0,2497,0.8933809995651245,0.8933810375670841
0,2498,0.893738865852356,0.8937388193202147
0,2499,0.8940966129302979,0.8940966010733453
0,2500,0.8944543600082397,0.8944543828264758
0,2501,0.8948121070861816,0.8948121645796064
0,2502,0.8951699733734131,0.895169946332737
0,2503,0.895527720451355,0.8955277280858677
0,2504,0.8958854675292969,0.8958855098389982
0,2505,0.8962433338165283,0.8962432915921288
0,2506,0.8966010808944702,0.8966010733452594
0,2507,0.8969588279724121,0.89695885509839
0,2508,0.8973166942596436,0.8973166368515206
0,2509,0.8976744413375854,0.8976744186046511
0,2510,0.8980321884155273,0.8980322003577818
0,2511,0.8983899354934692,0.8983899821109124
0,2512,0.8987478017807007,0.898747763864043
0,2513,0.8991055488586426,0.8991055456171735
0,2514,0.8994632959365845,0.8994633273703041
0,2515,0.8998211622238159,0.8998211091234347
0,2516,0.9001789093017578,0.9001788908765653
0,2517,0.9005366563796997,0.900536672629696
0,2518,0.9008944034576416,0.9008944543828264
0,2519,0.901252269744873,0.9012522361359571
0,2520,0.9016100168228149,0.9016100178890877
0,2521,0.9019677639007568,0.9019677996422183
0,2522,0.9023256301879883,0.9023255813953488
0,2523,0.9026833772659302,0.9026833631484794
0,2524,0.9030411243438721,0.90304114490161
0,2525,0.9033989906311035,0.9033989266547406
0,2526,0.9037567377090454,0.9037567084078713
0,2527,0.9041144847869873,0.9041144901610018
0,2528,0.9044722318649292,0.9044722719141324
0,2529,0.9048300981521606,0.904830053667263
0,2530,0.9051878452301025,0.9051878354203936
0,2531,0.9055455923080444,0.9055456171735241
0,2532,0.9059033393859863,0.9059033989266547
0,2533,0.9062612056732178,0.9062611806797853
0,2534,0.9066189527511597,0.906618962432916
0,2535,0.9069766998291016,0.9069767441860466
0,2536,0.907334566116333,0.9073345259391771
0,2537,0.9076923131942749,0.9076923076923077
0,2538,0.9080500602722168,0.9080500894454383
0,2539,0.9084079265594482,0.9084078711985689
0,2540,0.9087656736373901,0.9087656529516994
0,2541,0.909123420715332,0.90912343470483
0,2542,0.9094811677932739,0.9094812164579607
0,2543,0.9098390340805054,0.9098389982110913
0,2544,0.9101967811584473,0.9101967799642219
0,2545,0.9105545282363892,0.9105545617173524
0,2546,0.9109123945236206,0.910912343470483
0,2547,0.9112701416015625,0.9112701252236136
0,2548,0.9116278886795044,0.9116279069767442
0,2549,0.9119856357574463,0.9119856887298747
0,2550,0.9123435020446777,0.9123434704830053
0,2551,0.9127012491226196,0.912701252236136
0,2552,0.9130589962005615,0.9130590339892666
0,2553,0.913416862487793,0.9134168157423972
0,2554,0.9137746095657349,0.9137745974955277
0,2555,0.9141323566436768,0.9141323792486583
0,2556,0.9144902229309082,0.9144901610017889
0,2557,0.9148479700088501,0.9148479427549195
0,2558,0.915205717086792,0.91520572450805
0,2559,0.9155634641647339,0.9155635062611807
0,2560,0.9159213304519653,0.9159212880143113
0,2561,0.9162790775299072,0.9162790697674419
0,2562,0.9166368246078491,0.9166368515205725
0,2563,0.9169946908950806,0.916994633273703
0,2564,0.9173524379730225,0.9173524150268336
0,2565,0.9177101850509644,0.9177101967799642
0,2566,0.9180679321289062,0.9180679785330949
0,2567,0.9184257984161377,0.9184257602862254
0,2568,0.9187835454940796,0.918783542039356
0,2569,0.9191412925720215,0.9191413237924866
0,2570,0.9194991588592529,0.9194991055456172
0,2571,0.9198569059371948,0.9198568872987478
0,2572,0.9202146530151367,0.9202146690518783
0,2573,0.9205724000930786,0.9205724508050089
0,2574,0.9209302663803101,0.9209302325581395
0,2575,0.921288013458252,0.9212880143112702
0,2576,0.9216457605361938,0.9216457960644007
0,2577,0.9220036268234253,0.9220035778175313
0,2578,0.9223613739013672,0.9223613595706619
0,2579,0.9227191209793091,0.9227191413237925
0,2580,0.923076868057251,0.9230769230769231
0,2581,0.9234347343444824,0.9234347048300536
0,2582,0.9237924814224243,0.9237924865831842
0,2583,0.9241502285003662,0.9241502683363149
0,2584,0.9245080947875977,0.9245080500894455
0,2585,0.9248658418655396,0.924865831842576
0,2586,0.9252235889434814,0.9252236135957066
0,2587,0.9255814552307129,0.9255813953488372
0,2588,0.9259392023086548,0.9259391771019678
0,2589,0.9262969493865967,0.9262969588550984
0,2590,0.9266546964645386,0.9266547406082289
0,2591,0.92701256275177,0.9270125223613596
0,2592,0.9273703098297119,0.9273703041144902
0,2593,0.9277280569076538,0.9277280858676208
0,2594,0.9280859231948853,0.9280858676207513
0,2595,0.9284436702728271,0.9284436493738819
0,2596,0.928801417350769,0.9288014311270125
0,2597,0.9291591644287109,0.9291592128801431
0,2598,0.9295170307159424,0.9295169946332738
0,2599,0.9298747777938843,0.9298747763864043
0,2600,0.9302325248718262,0.9302325581395349
0,2601,0.9305903911590576,0.9305903398926655
0,2602,0.9309481382369995,0.9309481216457961
0,2603,0.9313058853149414,0.9313059033989266
0,2604,0.9316636323928833,0.9316636851520572
0,2605,0.9320214986801147,0.9320214669051878
0,2606,0.9323792457580566,0.9323792486583184
0,2607,0.9327369928359985,0.9327370304114491
0,2608,0.93309485912323,0.9330948121645796
0,2609,0.9334526062011719,0.9334525939177102
0,2610,0.9338103532791138,0.9338103756708408
0,2611,0.9341681003570557,0.9341681574239714
0,2612,0.9345259666442871,0.9345259391771019
0,2613,0.934883713722229,0.9348837209302325
0,2614,0.9352414608001709,0.9352415026833631
0,2615,0.9355993270874023,0.9355992844364938
0,2616,0.9359570741653442,0.9359570661896244
0,2617,0.9363148212432861,0.9363148479427549
0,2618,0.9366726875305176,0.9366726296958855
0,2619,0.9370304346084595,0.9370304114490161
0,2620,0.9373881816864014,0.9373881932021467
0,2621,0.9377459287643433,0.9377459749552772
0,2622,0.9381037950515747,0.9381037567084078
0,2623,0.9384615421295166,0.9384615384615385
0,2624,0.9388192892074585,0.9388193202146691
0,2625,0.9391771554946899,0.9391771019677997
0,2626,0.9395349025726318,0.9395348837209302
0,2627,0.9398926496505737,0.9398926654740608
0,2628,0.9402503967285156,0.9402504472271914
0,2629,0.9406082630157471,0.940608228980322
0,2630,0.940966010093689,0.9409660107334525
0,2631,0.9413237571716309,0.9413237924865832
0,2632,0.9416816234588623,0.9416815742397138
0,2633,0.9420393705368042,0.9420393559928444
0,2634,0.9423971176147461,0.942397137745975
0,2635,0.942754864692688,0.9427549194991055
0,2636,0.9431127309799194,0.9431127012522361
0,2637,0.9434704780578613,0.9434704830053667
0,2638,0.9438282251358032,0.9438282647584973
0,2639,0.9441860914230347,0.9441860465116279
0,2640,0.9445438385009766,0.9445438282647585
0,2641,0.9449015855789185,0.9449016100178891
0,2642,0.9452593326568604,0.9452593917710197
0,2643,0.9456171989440918,0.9456171735241503
0,2644,0.9459749460220337,0.9459749552772808
0,2645,0.9463326930999756,0.9463327370304114
0,2646,0.946690559387207,0.946690518783542
0,2647,0.9470483064651489,0.9470483005366727
0,2648,0.9474060535430908,0.9474060822898032
0,2649,0.9477639198303223,0.9477638640429338
0,2650,0.9481216669082642,0.9481216457960644
0,2651,0.948479413986206,0.948479427549195
0,2652,0.948837161064148,0.9488372093023256
0,2653,0.9491950273513794,0.9491949910554561
0,2654,0.9495527744293213,0.9495527728085867
0,2655,0.9499105215072632,0.9499105545617174
0,2656,0.9502683877944946,0.950268336314848
0,2657,0.9506261348724365,0.9506261180679785
0,2658,0.9509838819503784,0.9509838998211091
0,2659,0.9513416290283203,0.9513416815742397
0,2660,0.9516994953155518,0.9516994633273703
0,2661,0.9520572423934937,0.9520572450805009
0,2662,0.9524149894714355,0.9524150268336314
0,2663,0.952772855758667,0.952772808586762
0,2664,0.9531306028366089,0.9531305903398927
0,2665,0.9534883499145508,0.9534883720930233
0,2666,0.9538462162017822,0.9538461538461538
0,2667,0.9542039632797241,0.9542039355992844
0,2668,0.954561710357666,0.954561717352415
0,2669,0.9549194574356079,0.9549194991055456
0,2670,0.9552773237228394,0.9552772808586762
0,2671,0.9556350708007812,0.9556350626118068
0,2672,0.9559928178787231,0.9559928443649374
0,2673,0.9563506841659546,0.956350626118068
0,2674,0.9567084312438965,0.9567084078711986
0,2675,0.9570661783218384,0.9570661896243292
0,2676,0.9574239253997803,0.9574239713774597
0,2677,0.9577817916870117,0.9577817531305903
0,2678,0.9581395387649536,0.958139534883721
0,2679,0.9584972858428955,0.9584973166368516
0,2680,0.958855152130127,0.9588550983899821
0,2681,0.9592128992080688,0.9592128801431127
0,2682,0.9595706462860107,0.9595706618962433
0,2683,0.9599283933639526,0.9599284436493739
0,2684,0.9602862596511841,0.9602862254025045
0,2685,0.960644006729126,0.960644007155635
0,2686,0.9610017538070679,0.9610017889087656
0,2687,0.9613596200942993,0.9613595706618963
0,2688,0.9617173671722412,0.9617173524150269
0,2689,0.9620751142501831,0.9620751341681574
0,2690,0.962432861328125,0.962432915921288
0,2691,0.9627907276153564,0.9627906976744186
0,2692,0.9631484746932983,0.9631484794275492
0,2693,0.9635062217712402,0.9635062611806798
0,2694,0.9638640880584717,0.9638640429338103
0,2695,0.9642218351364136,0.964221824686941
0,2696,0.9645795822143555,0.9645796064400716
0,2697,0.9649374485015869,0.9649373881932022
0,2698,0.9652951955795288,0.9652951699463327
0,2699,0.9656529426574707,0.9656529516994633
0,2700,0.9660106897354126,0.9660107334525939
0,2701,0.966368556022644,0.9663685152057245
0,2702,0.9667263031005859,0.9667262969588551
0,2703,0.9670840501785278,0.9670840787119857
0,2704,0.9674419164657593,0.9674418604651163
0,2705,0.9677996635437012,0.9677996422182469
0,2706,0.9681574106216431,0.9681574239713775
0,2707,0.968515157699585,0.968515205724508
0,2708,0.9688730239868164,0.9688729874776386
0,2709,0.9692307710647583,0.9692307692307692
0,2710,0.9695885181427002,0.9695885509838998
0,2711,0.9699463844299316,0.9699463327370305
0,2712,0.9703041315078735,0.970304114490161
0,2713,0.9706618785858154,0.9706618962432916
0,2714,0.9710196256637573,0.9710196779964222
0,2715,0.9713774919509888,0.9713774597495528
0,2716,0.9717352390289307,0.9717352415026833
0,2717,0.9720929861068726,0.9720930232558139
0,2718,0.972450852394104,0.9724508050089445
0,2719,0.9728085994720459,0.9728085867620752
0,2720,0.9731663465499878,0.9731663685152058
0,2721,0.9735240936279297,0.9735241502683363
0,2722,0.9738819599151611,0.9738819320214669
0,2723,0.974239706993103,0.9742397137745975
0,2724,0.9745974540710449,0.9745974955277281
0,2725,0.9749553203582764,0.9749552772808586
0,2726,0.9753130674362183,0.9753130590339892
0,2727,0.9756708145141602,0.9756708407871199
0,2728,0.9760286808013916,0.9760286225402505
0,2729,0.9763864278793335,0.9763864042933811
0,2730,0.9767441749572754,0.9767441860465116
0,2731,0.9771019220352173,0.9771019677996422
0,2732,0.9774597883224487,0.9774597495527728
0,2733,0.9778175354003906,0.9778175313059034
0,2734,0.9781752824783325,0.978175313059034
0,2735,0.978533148765564,0.9785330948121646
0,2736,0.9788908958435059,0.9788908765652952
0,2737,0.9792486429214478,0.9792486583184258
0,2738,0.9796063899993896,0.9796064400715564
0,2739,0.9799642562866211,0.9799642218246869
0,2740,0.980322003364563,0.9803220035778175
0,2741,0.9806797504425049,0.9806797853309481
0,2742,0.9810376167297363,0.9810375670840787
0,2743,0.9813953638076782,0.9813953488372094
0,2744,0.9817531108856201,0.9817531305903399
0,2745,0.982110857963562,0.9821109123434705
0,2746,0.9824687242507935,0.9824686940966011
0,2747,0.9828264713287354,0.9828264758497317
0,2748,0.9831842184066772,0.9831842576028622
0,2749,0.9835420846939087,0.9835420393559928
0,2750,0.9838998317718506,0.9838998211091234
0,2751,0.9842575788497925,0.984257602862254
0,2752,0.9846153259277344,0.9846153846153847
0,2753,0.9849731922149658,0.9849731663685152
0,2754,0.9853309392929077,0.9853309481216458
0,2755,0.9856886863708496,0.9856887298747764
0,2756,0.986046552658081,0.986046511627907
0,2757,0.986404299736023,0.9864042933810375
0,2758,0.9867620468139648,0.9867620751341681
0,2759,0.9871199131011963,0.9871198568872988
0,2760,0.9874776601791382,0.9874776386404294
0,2761,0.9878354072570801,0.98783542039356
0,2762,0.988193154335022,0.9881932021466905
0,2763,0.9885510206222534,0.9885509838998211
0,2764,0.9889087677001953,0.9889087656529517
0,2765,0.9892665147781372,0.9892665474060823
0,2766,0.9896243810653687,0.9896243291592128
0,2767,0.9899821281433105,0.9899821109123434
0,2768,0.9903398752212524,0.9903398926654741
0,2769,0.9906976222991943,0.9906976744186047
0,2770,0.9910554885864258,0.9910554561717353
0,2771,0.9914132356643677,0.9914132379248658
0,2772,0.9917709827423096,0.9917710196779964
0,2773,0.992128849029541,0.992128801431127
0,2774,0.9924865961074829,0.9924865831842576
0,2775,0.9928443431854248,0.9928443649373881
0,2776,0.9932020902633667,0.9932021466905188
0,2777,0.9935599565505981,0.9935599284436494
0,2778,0.99391770362854,0.99391771019678
0,2779,0.9942754507064819,0.9942754919499106
0,2780,0.9946333169937134,0.9946332737030411
0,2781,0.9949910640716553,0.9949910554561717
0,2782,0.9953488111495972,0.9953488372093023
0,2783,0.9957066774368286,0.995706618962433
0,2784,0.9960644245147705,0.9960644007155635
0,2785,0.9964221715927124,0.9964221824686941
0,2786,0.9967799186706543,0.9967799642218247
0,2787,0.9971377849578857,0.9971377459749553
0,2788,0.9974955320358276,0.9974955277280859
0,2789,0.9978532791137695,0.9978533094812164
0,2790,0.998211145401001,0.998211091234347
0,2791,0.9985688924789429,0.9985688729874777
0,2792,0.9989266395568848,0.9989266547406083
0,2793,0.9992843866348267,0.9992844364937388
0,2794,0.9996422529220581,0.9996422182468694
0,2795,1.0,1.0
0,2796,1.0,1.0
0,2797,1.0,1.0
0,2798,1.0,1.0
0,2799,1.0,1.0
0,2800,1.0,1.0
0,2801,1.0,1.0
0,2802,1.0,1.0
0,2803,1.0,1.0
0,2804,1.0,1.0
0,2805,1.0,1.0
0,2806,1.0,1.0
0,2807,1.0,1.0
0,2808,1.0,1.0
0,2809,1.0,1.0
0,2810,1.0,1.0
0,2811,1.0,1.0
0,2812,1.0,1.0
0,2813,1.0,1.0
0,2814,1.0,1.0
0,2815,1.0,1.0
0,2816,1.0,1.0
0,2817,1.0,1.0
0,2818,1.0,1.0
0,2819,1.0,1.0
0,2820,1.0,1.0
0,2821,1.0,1.0
0,2822,1.0,1.0
0,2823,1.0,1.0
0,2824,1.0,1.0
0,2825,1.0,1.0
0,2826,1.0,1.0
0,2827,1.0,1.0
0,2828,1.0,1.0
0,2829,1.0,1.0
0,2830,1.0,1.0
0,2831,1.0,1.0
0,2832,1.0,1.0
0,2833,1.0,1.0
0,2834,1.0,1.0
0,2835,1.0,1.0
0,2836,1.0,1.0
0,2837,1.0,1.0
0,2838,1.0,1.0
0,2839,1.0,1.0
0,2840,1.0,1.0
0,2841,1.0,1.0
0,2842,1.0,1.0
0,2843,1.0,1.0
0,2844,1.0,1.0
0,2845,1.0,1.0
0,2846,1.0,1.0
0,2847,1.0,1.0
0,2848,1.0,1.0
0,2849,1.0,1.0
0,2850,1.0,1.0
0,2851,1.0,1.0
0,2852,1.0,1.0
0,2853,1.0,1.0
0,2854,1.0,1.0
0,2855,1.0,1.0
0,2856,1.0,1.0
0,2857,1.0,1.0
0,2858,1.0,1.0
0,2859,1.0,1.0
0,2860,1.0,1.0
0,2861,1.0,1.0
0,2862,1.0,1.0
0,2863,1.0,1.0
0,2864,1.0,1.0
0,2865,1.0,1.0
0,2866,1.0,1.0
0,2867,1.0,1.0
0,2868,1.0,1.0
0,2869,1.0,1.0
0,2870,1.0,1.0
0,2871,1.0,1.0
0,2872,1.0,1.0
0,2873,1.0,1.0
0,2874,1.0,1.0
0,2875,1.0,1.0
0,2876,1.0,1.0
0,2877,1.0,1.0
0,2878,1.0,1.0
0,2879,1.0,1.0
0,2880,1.0,1.0
0,2881,1.0,1.0
0,2882,1.0,1.0
0,2883,1.0,1.0
0,2884,1.0,1.0
0,2885,1.0,1.0
0,2886,1.0,1.0
0,2887,1.0,1.0
0,2888,1.0,1.0
0,2889,1.0,1.0
0,2890,1.0,1.0
0,2891,1.0,1.0
0,2892,1.0,1.0
0,2893,1.0,1.0
0,2894,1.0,1.0
0,2895,1.0,1.0
0,2896,1.0,1.0
0,2897,1.0,1.0
0,2898,1.0,1.0
0,2899,1.0,1.0
0,2900,1.0,1.0
0,2901,1.0,1.0
0,2902,1.0,1.0
0,2903,1.0,1.0
0,2904,1.0,1.0
0,2905,1.0,1.0
0,2906,1.0,1.0
0,2907,1.0,1.0
0,2908,1.0,1.0
0,2909,1.0,1.0
0,2910,1.0,1.0
0,2911,1.0,1.0
0,2912,1.0,1.0
0,2913,1.0,1.0
0,2914,1.0,1.0
0,2915,1.0,1.0
0,2916,1.0,1.0
0,2917,1.0,1.0
0,2918,1.0,1.0
0,2919,1.0,1.0
0,2920,1.0,1.0
0,2921,1.0,1.0
0,2922,1.0,1.0
0,2923,1.0,1.0
0,2924,1.0,1.0
0,2925,1.0,1.0
0,2926,1.0,1.0
0,2927,1.0,1.0
0,2928,1.0,1.0
0,2929,1.0,1.0
0,2930,1.0,1.0
0,2931,1.0,1.0
0,2932,1.0,1.0
0,2933,1.0,1.0
0,2934,1.0,1.0
0,2935,1.0,1.0
0,2936,1.0,1.0
0,2937,1.0,1.0
0,2938,1.0,1.0
0,2939,1.0,1.0
0,2940,1.0,1.0
0,2941,1.0,1.0
0,2942,1.0,1.0
0,2943,1.0,1.0
0,2944,1.0,1.0
0,2945,1.0,1.0
0,2946,1.0,1.0
0,2947,1.0,1.0
0,2948,1.0,1.0
0,2949,1.0,1.0
0,2950,1.0,1.0
0,2951,1.0,1.0
0,2952,1.0,1.0
0,2953,1.0,1.0
0,2954,1.0,1.0
0,2955,1.0,1.0
0,2956,1.0,1.0
0,2957,1.0,1.0
0,2958,1.0,1.0
0,2959,1.0,1.0
0,2960,1.0,1.0
0,2961,1.0,1.0
0,2962,1.0,1.0
0,2963,1.0,1.0
0,2964,1.0,1.0
0,2965,1.0,1.0
0,2966,1.0,1.0
0,2967,1.0,1.0
0,2968,1.0,1.0
0,2969,1.0,1.0
0,2970,1.0,1.0
0,2971,1.0,1.0
0,2972,1.0,1.0
0,2973,1.0,1.0
0,2974,1.0,1.0
0,2975,1.0,1.0
0,2976,1.0,1.0
0,2977,1.0,1.0
0,2978,1.0,1.0
0,2979,1.0,1.0
0,2980,1.0,1.0
0,2981,1.0,1.0
0,2982,1.0,1.0
0,2983,1.0,1.0
0,2984,1.0,1.0
0,2985,1.0,1.0
0,2986,1.0,1.0
0,2987,1.0,1.0
0,2988,1.0,1.0
0,2989,1.0,1.0
0,2990,1.0,1.0
0,2991,1.0,1.0
0,2992,1.0,1.0
0,2993,1.0,1.0
0,2994,1.0,1.0
0,2995,1.0,1.0
0,2996,1.0000157356262207,1.0000157024793388
0,2997,1.0000628232955933,1.0000628099173554
0,2998,1.0001412630081177,1.0001413223140496
0,2999,1.000251293182373,1.0002512396694214
0,3000,1.0003925561904907,1.000392561983471
0,3001,1.0005652904510498,1.0005652892561983
0,3002,1.0007693767547607,1.0007694214876033
0,3003,1.001004934310913,1.001004958677686
0,3004,1.0012718439102173,1.0012719008264463
0,3005,1.001570224761963,1.0015702479338844
0,3006,1.0018999576568604,1.0019
0,3007,1.0022611618041992,1.0022611570247935
0,3008,1.00265371799469,1.0026537190082645
0,3009,1.0030776262283325,1.0030776859504131
0,3010,1.0035330057144165,1.0035330578512396
0,3011,1.004019856452942,1.0040198347107439
0,3012,1.0045380592346191,1.0045380165289257
0,3013,1.0050876140594482,1.0050876033057852
0,3014,1.0056686401367188,1.0056685950413222
0,3015,1.0062810182571411,1.006280991735537
0,3016,1.0069247484207153,1.0069247933884298
0,3017,1.007599949836731,1.0076
0,3018,1.008306622505188,1.008306611570248
0,3019,1.0090446472167969,1.0090446280991736
0,3020,1.0098140239715576,1.009814049586777
0,3021,1.0106148719787598,1.010614876033058
0,3022,1.0114470720291138,1.0114471074380165
0,3023,1.0123107433319092,1.012310743801653
0,3024,1.0132057666778564,1.0132057851239669
0,3025,1.0141322612762451,1.0141322314049586
0,3026,1.0150901079177856,1.015090082644628
0,3027,1.016079306602478,1.0160793388429752
0,3028,1.0170999765396118,1.0171000000000001
0,3029,1.0181519985198975,1.0181520661157024
0,3030,1.0192354917526245,1.0192355371900828
0,3031,1.0203503370285034,1.0203504132231405
0,3032,1.0214966535568237,1.021496694214876
0,3033,1.022674322128296,1.0226743801652893
0,3034,1.0238834619522095,1.02388347107438
0,3035,1.025123953819275,1.0251239669421488
0,3036,1.0263957977294922,1.026395867768595
0,3037,1.0276992321014404,1.027699173553719
0,3038,1.029033899307251,1.0290338842975206
0,3039,1.030400037765503,1.0304
0,3040,1.0317975282669067,1.031797520661157
0,3041,1.033226490020752,1.033226446280992
0,3042,1.034686803817749,1.034686776859504
0,3043,1.0361785888671875,1.0361785123966942
0,3044,1.0377017259597778,1.037701652892562
0,3045,1.03925621509552,1.0392561983471074
0,3046,1.0408421754837036,1.0408421487603305
0,3047,1.042459487915039,1.0424595041322313
0,3048,1.044108271598816,1.04410826446281
0,3049,1.0457884073257446,1.045788429752066
0,3050,1.0475000143051147,1.0475
0,3051,1.0492429733276367,1.0492429752066115
0,3052,1.0510174036026,1.0510173553719007
0,3053,1.0528231859207153,1.052823140495868
0,3054,1.0546603202819824,1.0546603305785123
0,3055,1.056528925895691,1.0565289256198347
0,3056,1.0584288835525513,1.0584289256198347
0,3057,1.060360312461853,1.0603603305785125
0,3058,1.0623230934143066,1.0623231404958677
0,3059,1.0643173456192017,1.064317355371901
0,3060,1.0663429498672485,1.0663429752066116
0,3061,1.0684000253677368,1.0684
0,3062,1.070488452911377,1.070488429752066
0,3063,1.072608232498169,1.0726082644628099
0,3064,1.0747594833374023,1.0747595041322315
0,3065,1.0769422054290771,1.0769421487603306
0,3066,1.0791561603546143,1.0791561983471074
0,3067,1.0814015865325928,1.0814016528925618
0,3068,1.0836784839630127,1.0836785123966943
0,3069,1.0859867334365845,1.0859867768595042
0,3070,1.0883264541625977,1.0883264462809918
0,3071,1.0906975269317627,1.090697520661157
0,3072,1.0930999517440796,1.0931
0,3073,1.095533847808838,1.0955338842975206
0,3074,1.097999095916748,1.097999173553719
0,3075,1.1004958152770996,1.1004958677685952
0,3076,1.103023886680603,1.1030239669421487
0,3077,1.1055834293365479,1.1055834710743804
0,3078,1.1081743240356445,1.1081743801652892
0,3079,1.1107966899871826,1.1107966942148761
0,3080,1.1134504079818726,1.1134504132231404
0,3081,1.1161354780197144,1.1161355371900825
0,3082,1.1188520193099976,1.1188520661157024
0,3083,1.1215999126434326,1.1216
0,3084,1.124379277229309,1.1243793388429753
0,3085,1.1271899938583374,1.127190082644628
0,3086,1.1300321817398071,1.1300322314049587
0,3087,1.1329057216644287,1.1329057851239668
0,3088,1.1358106136322021,1.135810743801653
0,3089,1.138746976852417,1.1387471074380164
0,3090,1.1417148113250732,1.1417148760330575
0,3091,1.1447139978408813,1.144714049586777
0,3092,1.1477445363998413,1.1477446280991734
0,3093,1.1508065462112427,1.150806611570248
0,3094,1.153899908065796,1.1539
0,3095,1.1570247411727905,1.15702479338843
0,3096,1.160180926322937,1.1601809917355372
0,3097,1.1633684635162354,1.1633685950413224
0,3098,1.166587471961975,1.1665876033057851
0,3099,1.1698379516601562,1.1698380165289257
0,3100,1.1731197834014893,1.1731198347107439
0,3101,1.1764329671859741,1.1764330578512394
0,3102,1.1797776222229004,1.1797776859504132
0,3103,1.1831536293029785,1.1831537190082644
0,3104,1.1865609884262085,1.1865611570247934
0,3105,1.1899998188018799,1.19
0,3106,1.1934703588485718,1.1934702479338846
0,3107,1.1969720125198364,1.1969719008264463
0,3108,1.200505018234253,1.2005049586776861
0,3109,1.2040694952011108,1.2040694214876033
0,3110,1.2076653242111206,1.207665289256198
0,3111,1.2112926244735718,1.2112925619834711
0,3112,1.2149512767791748,1.2149512396694213
0,3113,1.2186414003372192,1.2186413223140498
0,3114,1.2223628759384155,1.2223628099173554
0,3115,1.2261158227920532,1.226115702479339
0,3116,1.2299000024795532,1.2299
0,3117,1.2337157726287842,1.233715702479339
0,3118,1.237562894821167,1.2375628099173555
0,3119,1.2414413690567017,1.2414413223140492
0,3120,1.2453513145446777,1.2453512396694215
0,3121,1.2492926120758057,1.249292561983471
0,3122,1.253265380859375,1.2532652892561984
0,3123,1.2572695016860962,1.2572694214876032
0,3124,1.2613049745559692,1.261304958677686
0,3125,1.2653719186782837,1.2653719008264461
0,3126,1.26947021484375,1.2694702479338846
0,3127,1.2735999822616577,1.2736
0,3128,1.2777612209320068,1.277761157024793
0,3129,1.2819538116455078,1.2819537190082646
0,3130,1.286177635192871,1.286177685950413
0,3131,1.2904330492019653,1.2904330578512397
0,3132,1.2947198152542114,1.2947198347107436
0,3133,1.299038052558899,1.2990380165289257
0,3134,1.3033876419067383,1.3033876033057852
0,3135,1.3077685832977295,1.3077685950413225
0,3136,1.312180995941162,1.3121809917355371
0,3137,1.3166247606277466,1.31662479338843
0,3138,1.3210999965667725,1.3211
0,3139,1.3256065845489502,1.3256066115702478
0,3140,1.3301446437835693,1.3301446280991736
0,3141,1.3347140550613403,1.3347140495867766
0,3142,1.3393148183822632,1.339314876033058
0,3143,1.3439470529556274,1.3439471074380165
0,3144,1.3486106395721436,1.348610743801653
0,3145,1.353305697441101,1.353305785123967
0,3146,1.3580322265625,1.3580322314049589
0,3147,1.3627899885177612,1.362790082644628
0,3148,1.3675792217254639,1.367579338842975
0,3149,1.372399926185608,1.3724
0,3150,1.3772519826889038,1.3772520661157022
0,3151,1.3821353912353516,1.3821355371900828
0,3152,1.3870503902435303,1.3870504132231403
0,3153,1.3919966220855713,1.3919966942148763
0,3154,1.3969743251800537,1.3969743801652892
0,3155,1.401983380317688,1.4019834710743804
0,3156,1.4070239067077637,1.4070239669421487
0,3157,1.4120957851409912,1.4120958677685946
0,3158,1.4171990156173706,1.417199173553719
0,3159,1.4223337173461914,1.4223338842975204
0,3160,1.4274998903274536,1.4275000000000002
0,3161,1.4326974153518677,1.432697520661157
0,3162,1.4379262924194336,1.437926446280992
0,3163,1.443186640739441,1.4431867768595041
0,3164,1.4484783411026,1.4484785123966946
0,3165,1.4538015127182007,1.453801652892562
0,3166,1.4591560363769531,1.459156198347107
0,3167,1.4645419120788574,1.4645421487603305
0,3168,1.4699593782424927,1.469959504132231
0,3169,1.4754080772399902,1.4754082644628101
0,3170,1.4808882474899292,1.480888429752066
0,3171,1.48639976978302,1.4864000000000002
0,3172,1.4919427633285522,1.4919429752066113
0,3173,1.4975171089172363,1.497517355371901
0,3174,1.5031232833862305,1.5031231404958678
0,3175,1.5087604522705078,1.5087603305785127
0,3176,1.5144290924072266,1.5144289256198347
0,3177,1.5201290845870972,1.5201289256198345
0,3178,1.5258604288101196,1.5258603305785126
0,3179,1.5316232442855835,1.5316231404958676
0,3180,1.5374174118041992,1.5374173553719008
0,3181,1.5432430505752563,1.5432429752066112
0,3182,1.5491001605987549,1.5491000000000001
0,3183,1.5549886226654053,1.5549884297520662
0,3184,1.560908317565918,1.5609082644628103
0,3185,1.5668596029281616,1.5668595041322315
0,3186,1.5728422403335571,1.5728421487603303
0,3187,1.5788562297821045,1.5788561983471077
0,3188,1.5849018096923828,1.5849016528925617
0,3189,1.5909786224365234,1.5909785123966944
0,3190,1.5970869064331055,1.5970867768595038
0,3191,1.6032265424728394,1.603226446280992
0,3192,1.6093976497650146,1.6093975206611568
0,3193,1.6155999898910522,1.6156000000000004
0,3194,1.6218339204788208,1.6218338842975206
0,3195,1.6280992031097412,1.6280991735537187
0,3196,1.6343958377838135,1.634395867768595
0,3197,1.6407239437103271,1.6407239669421485
0,3198,1.6470835208892822,1.6470834710743802
0,3199,1.6534743309020996,1.6534743801652891
0,3200,1.659896731376648,1.6598966942148763
0,3201,1.6663503646850586,1.6663504132231404
0,3202,1.6728355884552002,1.672835537190083
0,3203,1.679352045059204,1.6793520661157024
0,3204,1.6858999729156494,1.6858999999999997
0,3205,1.6924793720245361,1.692479338842975
0,3206,1.6990900039672852,1.6990900826446278
0,3207,1.7057322263717651,1.705732231404959
0,3208,1.7124056816101074,1.7124057851239667
0,3209,1.7191107273101807,1.719110743801653
0,3210,1.7258470058441162,1.7258471074380164
0,3211,1.7326147556304932,1.732614876033058
0,3212,1.7394139766693115,1.739414049586777
0,3213,1.7462445497512817,1.746244628099174
0,3214,1.7531065940856934,1.753106611570248
0,3215,1.7599999904632568,1.7599999999999996
0,3216,1.7669247388839722,1.7669247933884298
0,3217,1.773880958557129,1.773880991735537
0,3218,1.7808685302734375,1.7808685950413226
0,3219,1.7878875732421875,1.787887603305785
0,3220,1.7949378490447998,1.794938016528926
0,3221,1.802019715309143,1.8020198347107437
0,3222,1.8091329336166382,1.8091330578512401
0,3223,1.8162775039672852,1.8162776859504133
0,3224,1.823453664779663,1.8234537190082643
0,3225,1.8306610584259033,1.8306611570247935
0,3226,1.8378998041152954,1.8378999999999999
0,3227,1.845170021057129,1.8451702479338845
0,3228,1.8524717092514038,1.8524719008264463
0,3229,1.8598047494888306,1.8598049586776864
0,3230,1.8671691417694092,1.8671694214876031
0,3231,1.8745651245117188,1.8745652892561988
0,3232,1.8819923400878906,1.881992561983471
0,3233,1.889451026916504,1.889451239669421
0,3234,1.8969411849975586,1.8969413223140497
0,3235,1.9044625759124756,1.904462809917355
0,3236,1.912015438079834,1.912015702479339
0,3237,1.9195997714996338,1.9196
0,3238,1.927215337753296,1.927215702479339
0,3239,1.9348626136779785,1.9348628099173553
0,3240,1.9425410032272339,1.94254132231405
0,3241,1.9502508640289307,1.9502512396694214
0,3242,1.9579927921295166,1.9579925619834706
0,3243,1.9657654762268066,1.9657652892561983
0,3244,1.973569631576538,1.973569421487603
0,3245,1.9814051389694214,1.981404958677686
0,3246,1.989272117614746,1.989271900826446
0,3247,1.9971704483032227,1.9971702479338846
0,3248,2.0051002502441406,2.0050999999999997
0,3249,2.0130615234375,2.0130611570247936
0,3250,2.0210537910461426,2.0210537190082647
0,3251,2.0290780067443848,2.029077685950414
0,3252,2.03713321685791,2.0371330578512397
0,3253,2.045219898223877,2.0452198347107435
0,3254,2.053338050842285,2.053338016528926
0,3255,2.0614876747131348,2.0614876033057845
0,3256,2.069668769836426,2.0696685950413225
0,3257,2.077881097793579,2.0778809917355368
0,3258,2.086124897003174,2.0861247933884304
0,3259,2.094399929046631,2.0944000000000003
0,3260,2.1027066707611084,2.102706611570248
0,3261,2.1110448837280273,2.1110446280991733
0,3262,2.1194140911102295,2.1194140495867764
0,3263,2.127815008163452,2.127814876033058
0,3264,2.136247158050537,2.1362471074380163
0,3265,2.1447107791900635,2.144710743801653
0,3266,2.1532058715820312,2.1532057851239665
0,3267,2.1617321968078613,2.161732231404959
0,3268,2.170289993286133,2.170290082644628
0,3269,2.1788792610168457,2.1788793388429757
0,3270,2.1875,2.1875
0,3271,2.1961522102355957,2.196152066115702
0,3272,2.2048354148864746,2.2048355371900827
0,3273,2.213550329208374,2.2135504132231403
0,3274,2.222296714782715,2.2222966942148763
0,3275,2.231074333190918,2.231074380165289
0,3276,2.2398834228515625,2.2398834710743802
0,3277,2.2487239837646484,2.2487239669421486
0,3278,2.2575957775115967,2.2575958677685954
0,3279,2.2664990425109863,2.2664991735537185
0,3280,2.2754337787628174,2.27543388429752
0,3281,2.28439998626709,2.2844
0,3282,2.2933974266052246,2.2933975206611565
0,3283,2.302426338195801,2.3024264462809922
0,3284,2.3114867210388184,2.3114867768595038
0,3285,2.3205785751342773,2.320578512396694
0,3286,2.3297014236450195,2.329701652892562
0,3287,2.3388562202453613,2.338856198347108
0,3288,2.3480420112609863,2.3480421487603307
0,3289,2.3572592735290527,2.357259504132231
0,3290,2.3665080070495605,2.36650826446281
0,3291,2.3757882118225098,2.375788429752066
0,3292,2.3850998878479004,2.3851000000000004
0,3293,2.3944427967071533,2.394442975206611
0,3294,2.4038171768188477,2.403817355371901
0,3295,2.4132227897644043,2.4132231404958677
0,3296,2.4226601123809814,2.4226603305785126
0,3297,2.432128667831421,2.4321289256198346
0,3298,2.4416286945343018,2.4416289256198356
0,3299,2.451159954071045,2.4511603305785123
0,3300,2.4607229232788086,2.460723140495867
0,3301,2.4703171253204346,2.470317355371901
0,3302,2.479942798614502,2.479942975206611
0,3303,2.4895997047424316,2.4896000000000003
0,3304,2.4992880821228027,2.499288429752066
0,3305,2.5090079307556152,2.5090082644628104
0,3306,2.518759250640869,2.5187595041322313
0,3307,2.5285418033599854,2.528542148760331
0,3308,2.538355827331543,2.5383561983471075
0,3309,2.548201322555542,2.548201652892561
0,3310,2.5580787658691406,2.5580785123966945
0,3311,2.5679869651794434,2.5679867768595037
0,3312,2.5779266357421875,2.577926446280992
0,3313,2.587897777557373,2.5878975206611567
0,3314,2.597900390625,2.5979
0,3315,2.60793399810791,2.6079338842975206
0,3316,2.61799955368042,2.617999173553719
0,3317,2.628096103668213,2.628095867768595
0,3318,2.6382241249084473,2.638223966942148
0,3319,2.648383617401123,2.6483834710743803
0,3320,2.6585745811462402,2.658574380165289
0,3321,2.668797016143799,2.668796694214876
0,3322,2.6790504455566406,2.6790504132231403
0,3323,2.689335823059082,2.6893355371900833
0,3324,2.6996521949768066,2.699652066115702
0,3325,2.7100000381469727,2.7100000000000004
0,3326,2.72037935256958,2.7203793388429753
0,3327,2.730790138244629,2.730790082644628
0,3328,2.741232395172119,2.741232231404959
0,3329,2.7517058849334717,2.7517057851239666
0,3330,2.7622108459472656,2.7622107438016528
0,3331,2.772747039794922,2.7727471074380166
0,3332,2.7833149433135986,2.7833148760330584
0,3333,2.7939140796661377,2.7939140495867765
0,3334,2.804544687271118,2.8045446280991744
0,3335,2.815206527709961,2.8152066115702477
0,3336,2.825900077819824,2.8259000000000007
0,3337,2.83662486076355,2.83662479338843
0,3338,2.847381114959717,2.8473809917355366
0,3339,2.858168601989746,2.8581685950413225
0,3340,2.868987560272217,2.8689876033057846
0,3341,2.879837989807129,2.879838016528926
0,3342,2.8907198905944824,2.890719834710744
0,3343,2.9016330242156982,2.90163305785124
0,3344,2.9125776290893555,2.912577685950413
0,3345,2.923553705215454,2.9235537190082654
0,3346,2.934561014175415,2.9345611570247936
0,3347,2.9456000328063965,2.9455999999999993
0,3348,2.9566702842712402,2.9566702479338844
0,3349,2.9677717685699463,2.967771900826446
0,3350,2.9789047241210938,2.978904958677686
0,3351,2.9900693893432617,2.990069421487603
0,3352,3.001265048980713,3.0012652892561986
0,3353,3.0124924182891846,3.012492561983471
0,3354,3.0237510204315186,3.023751239669422
0,3355,3.035041093826294,3.0350413223140498
0,3356,3.0463626384735107,3.0463628099173548
0,3357,3.05771541595459,3.057715702479339
0,3358,3.0690996646881104,3.0690999999999993
0,3359,3.0805156230926514,3.0805157024793393
0,3360,3.0919625759124756,3.091962809917355
0,3361,3.103440999984741,3.1034413223140502
0,3362,3.1149508953094482,3.1149512396694212
0,3363,3.1264922618865967,3.1264925619834716
0,3364,3.1380650997161865,3.138065289256198
0,3365,3.1496691703796387,3.1496694214876024
0,3366,3.1613047122955322,3.161304958677686
0,3367,3.172971487045288,3.1729719008264454
0,3368,3.1846699714660645,3.1846702479338846
0,3369,3.196399688720703,3.1963999999999997
0,3370,3.208160877227783,3.2081611570247937
0,3371,3.2199532985687256,3.2199537190082643
0,3372,3.2317774295806885,3.231777685950414
0,3373,3.2436325550079346,3.2436330578512393
0,3374,3.255519390106201,3.2555198347107446
0,3375,3.26743745803833,3.2674380165289256
0,3376,3.2793872356414795,3.2793876033057847
0,3377,3.291368246078491,3.2913685950413223
0,3378,3.3033804893493652,3.3033809917355366
0,3379,3.315425157546997,3.31542479338843
0,3380,3.327500343322754,3.3274999999999997
0,3381,3.339607000350952,3.3396066115702485
0,3382,3.3517448902130127,3.3517446280991736
0,3383,3.3639142513275146,3.3639140495867776
0,3384,3.376115322113037,3.376114876033058
0,3385,3.388347625732422,3.388347107438016
0,3386,3.40061092376709,3.400610743801653
0,3387,3.4129061698913574,3.412905785123966
0,3388,3.425232410430908,3.425232231404959
0,3389,3.4375903606414795,3.4375900826446277
0,3390,3.449979543685913,3.4499793388429754
0,3391,3.462399959564209,3.4623999999999997
0,3392,3.4748523235321045,3.474852066115703
0,3393,3.487335681915283,3.4873355371900825
0,3394,3.4998505115509033,3.4998504132231396
0,3395,3.512396812438965,3.512396694214876
0,3396,3.5249745845794678,3.524974380165289
0,3397,3.537583589553833,3.53758347107438
0,3398,3.5502240657806396,3.5502239669421485
0,3399,3.5628960132598877,3.5628958677685953
0,3400,3.575599431991577,3.5755991735537185
0,3401,3.58833384513855,3.588333884297521
0,3402,3.601100206375122,3.6010999999999997
0,3403,3.6138975620269775,3.6138975206611565
0,3404,3.6267263889312744,3.626726446280992
0,3405,3.639586925506592,3.639586776859504
0,3406,3.6524786949157715,3.6524785123966943
0,3407,3.6654016971588135,3.6654016528925615
0,3408,3.678356170654297,3.6783561983471076
0,3409,3.6913421154022217,3.6913421487603304
0,3410,3.704359531402588,3.704359504132232
0,3411,3.7174081802368164,3.7174082644628097
0,3412,3.7304883003234863,3.730488429752067
0,3413,3.7435998916625977,3.7436
0,3414,3.7567427158355713,3.7567429752066106
0,3415,3.7699172496795654,3.7699173553719008
0,3416,3.783123016357422,3.783123140495867
0,3417,3.7963600158691406,3.796360330578513
0,3418,3.809628963470459,3.809628925619834
0,3419,3.8229289054870605,3.8229289256198355
0,3420,3.8362603187561035,3.8362603305785123
0,3421,3.849622964859009,3.8496231404958685
0,3422,3.8630173206329346,3.8630173553719005
0,3423,3.8764429092407227,3.876442975206611
0,3424,3.889899730682373,3.8899000000000004
0,3425,3.903388261795044,3.9033884297520656
0,3426,3.916908025741577,3.91690826446281
0,3427,3.9304592609405518,3.930459504132231
0,3428,3.9440419673919678,3.9440421487603308
0,3429,3.957655906677246,3.9576561983471072
0,3430,3.971301555633545,3.9713016528925627
0,3431,3.984978199005127,3.9849785123966943
0,3432,3.9986865520477295,3.998686776859503
0,3433,4.012426376342773,4.012426446280992
0,3434,4.02619743347168,4.026197520661157
0,3435,4.039999961853027,4.040000000000001
0,3436,4.053833484649658,4.05383388429752
0,3437,4.067698955535889,4.067699173553719
0,3438,4.081595420837402,4.081595867768595
0,3439,4.095523834228516,4.0955239669421495
0,3440,4.109482765197754,4.10948347107438
0,3441,4.12347412109375,4.1234743801652884
0,3442,4.137495994567871,4.137496694214876
0,3443,4.15155029296875,4.15155041322314
0,3444,4.165635108947754,4.165635537190083
0,3445,4.179751396179199,4.179752066115702
0,3446,4.193899154663086,4.193900000000001
0,3447,4.208079814910889,4.208079338842975
0,3448,4.2222900390625,4.222290082644629
0,3449,4.236532211303711,4.236532231404959
0,3450,4.250805854797363,4.250805785123967
0,3451,4.265110969543457,4.265110743801653
0,3452,4.279447555541992,4.279447107438015
0,3453,4.2938151359558105,4.293814876033058
0,3454,4.30821418762207,4.308214049586776
0,3455,4.32264518737793,4.322644628099174
0,3456,4.337106704711914,4.337106611570247
0,3457,4.351600646972656,4.3516
0,3458,4.366125106811523,4.36612479338843
0,3459,4.380681037902832,4.380680991735538
0,3460,4.39526891708374,4.395268595041323
0,3461,4.409887790679932,4.409887603305785
0,3462,4.424538612365723,4.424538016528926
0,3463,4.439220428466797,4.439219834710743
0,3464,4.453933238983154,4.4539330578512395
0,3465,4.468677997589111,4.4686776859504125
0,3466,4.483453750610352,4.483453719008265
0,3467,4.498261451721191,4.498261157024793
0,3468,4.513099670410156,4.5131000000000006
0,3469,4.527970314025879,4.527970247933884
0,3470,4.542871952056885,4.542871900826445
0,3471,4.557805061340332,4.5578049586776865
0,3472,4.5727691650390625,4.572769421487603
0,3473,4.587765216827393,4.587765289256199
0,3474,4.602792739868164,4.60279256198347
0,3475,4.617851257324219,4.617851239669422
0,3476,4.632941246032715,4.63294132231405
0,3477,4.648062705993652,4.648062809917356
0,3478,4.663215637207031,4.663215702479339
0,3479,4.678400039672852,4.6784
0,3480,4.693615436553955,4.693615702479339
0,3481,4.708862781524658,4.708862809917354
0,3482,4.7241411209106445,4.7241413223140505
0,3483,4.739450931549072,4.739451239669421
0,3484,4.754792213439941,4.754792561983471
0,3485,4.77016544342041,4.770165289256198
0,3486,4.785569190979004,4.785569421487604
0,3487,4.801004886627197,4.8010049586776855
0,3488,4.816472053527832,4.816471900826447
0,3489,4.83197021484375,4.831970247933884
0,3490,4.847499847412109,4.847499999999999
0,3491,4.86306095123291,4.863061157024793
0,3492,4.878653526306152,4.8786537190082635
0,3493,4.894277572631836,4.894277685950414
0,3494,4.909932613372803,4.909933057851239
0,3495,4.925619602203369,4.925619834710744
0,3496,4.941337585449219,4.941338016528926
0,3497,4.957087516784668,4.957087603305786
0,3498,4.972867965698242,4.972868595041323
0,3499,4.988680839538574,4.988680991735537
0,3500,5.004524230957031,5.00452479338843
0,3501,5.020399570465088,5.0203999999999995
0,3502,5.036306381225586,5.036306611570248
0,3503,5.052244186401367,5.0522446280991735
0,3504,5.068213939666748,5.068214049586778
0,3505,5.084214210510254,5.084214876033058
0,3506,5.100246906280518,5.100247107438017
0,3507,5.116310119628906,5.116310743801653
0,3508,5.1324052810668945,5.132405785123966
0,3509,5.148531913757324,5.148532231404959
0,3510,5.164689540863037,5.164690082644627
0,3511,5.180878639221191,5.180879338842976
0,3512,5.197099208831787,5.1971
0,3513,5.213351249694824,5.213352066115703
0,3514,5.229634761810303,5.229635537190083
0,3515,5.245951175689697,5.245950413223142
0,3516,5.2622971534729,5.262296694214876
0,3517,5.278674602508545,5.278674380165288
0,3518,5.295083999633789,5.29508347107438
0,3519,5.311524391174316,5.311523966942148
0,3520,5.327996253967285,5.327995867768595
0,3521,5.344499588012695,5.344499173553719
0,3522,5.361034393310547,5.361033884297521
0,3523,5.377600193023682,5.3776
0,3524,5.394197940826416,5.394197520661158
0,3525,5.410826683044434,5.410826446280992
0,3526,5.427487373352051,5.427486776859505
0,3527,5.444179058074951,5.444178512396694
0,3528,5.460901737213135,5.460901652892561
0,3529,5.477656364440918,5.477656198347108
0,3530,5.494442462921143,5.49444214876033
0,3531,5.511260032653809,5.511259504132232
0,3532,5.528108596801758,5.5281082644628095
0,3533,5.544988632202148,5.544988429752067
0,3534,5.5619001388549805,5.5619
0,3535,5.578843116760254,5.578842975206612
0,3536,5.595817565917969,5.595817355371901
0,3537,5.612823486328125,5.612823140495867
0,3538,5.6298604011535645,5.629860330578513
0,3539,5.6469292640686035,5.646928925619834
0,3540,5.664029121398926,5.664028925619835
0,3541,5.6811604499816895,5.681160330578512
0,3542,5.6983232498168945,5.6983231404958685
0,3543,5.715517520904541,5.715517355371901
0,3544,5.732742786407471,5.732742975206612
0,3545,5.75,5.75
0,3546,5.767288684844971,5.767288429752067
0,3547,5.784608364105225,5.78460826446281
0,3548,5.80195951461792,5.80195950413223
0,3549,5.819342136383057,5.819342148760331
0,3550,5.836755752563477,5.836756198347107
0,3551,5.854201316833496,5.854201652892561
0,3552,5.871678352355957,5.871678512396694
0,3553,5.889186859130859,5.889186776859505
0,3554,5.906726360321045,5.906726446280992
0,3555,5.924297332763672,5.924297520661155
0,3556,5.94189977645874,5.9419
0,3557,5.95953369140625,5.959533884297522
0,3558,5.977199077606201,5.9771991735537195
0,3559,5.9948954582214355,5.994895867768594
0,3560,6.012623310089111,6.01262396694215
0,3561,6.030383110046387,6.03038347107438
0,3562,6.048173904418945,6.048174380165288
0,3563,6.0659966468811035,6.065996694214875
0,3564,6.083850383758545,6.083850413223142
0,3565,6.1017351150512695,6.101735537190083
0,3566,6.1196513175964355,6.119652066115702
0,3567,6.137599945068359,6.137600000000001
0,3568,6.155579090118408,6.155579338842977
0,3569,6.173589706420898,6.173590082644626
0,3570,6.19163179397583,6.191632231404958
0,3571,6.209705352783203,6.209705785123968
0,3572,6.227810382843018,6.227810743801653
0,3573,6.245946407318115,6.245947107438015
0,3574,6.2641143798828125,6.264114876033059
0,3575,6.282313823699951,6.282314049586778
0,3576,6.300543785095215,6.300544628099173
0,3577,6.318805694580078,6.318806611570247
0,3578,6.337099552154541,6.3371
0,3579,6.355424404144287,6.35542479338843
0,3580,6.373780250549316,6.3737809917355355
0,3581,6.392168045043945,6.392168595041322
0,3582,6.410587310791016,6.410587603305786
0,3583,6.429037094116211,6.429038016528926
0,3584,6.447519302368164,6.447519834710742
0,3585,6.466032028198242,6.46603305785124
0,3586,6.484577178955078,6.4845776859504145
0,3587,6.503152847290039,6.503153719008265
0,3588,6.521759986877441,6.521761157024793
0,3589,6.540399074554443,6.540400000000001
0,3590,6.559069633483887,6.559070247933883
0,3591,6.577771186828613,6.577771900826446
0,3592,6.596504211425781,6.596504958677686
0,3593,6.615268707275391,6.615269421487604
0,3594,6.634064674377441,6.634065289256198
0,3595,6.652891635894775,6.65289256198347
0,3596,6.671750068664551,6.671751239669422
0,3597,6.690640449523926,6.690641322314051
0,3598,6.709561824798584,6.7095628099173545
0,3599,6.728514671325684,6.7285157024793385
0,3600,6.747498989105225,6.7475000000000005
0,3601,6.766515731811523,6.76651570247934
0,3602,6.785562992095947,6.785562809917354
0,3603,6.8046417236328125,6.804641322314049
0,3604,6.823750972747803,6.823751239669423
0,3605,6.842892646789551,6.842892561983471
0,3606,6.862065315246582,6.862065289256197
0,3607,6.881269454956055,6.881269421487604
0,3608,6.900505065917969,6.900504958677685
0,3609,6.919772148132324,6.919771900826444
0,3610,6.939070224761963,6.939070247933884
0,3611,6.958400249481201,6.958400000000001
0,3612,6.977761268615723,6.977761157024793
0,3613,6.9971537590026855,6.9971537190082636
0,3614,7.01657772064209,7.016577685950414
0,3615,7.0360331535339355,7.036033057851242
0,3616,7.055520057678223,7.055519834710744
0,3617,7.075037956237793,7.075038016528925
0,3618,7.094587326049805,7.0945876033057855
0,3619,7.114168643951416,7.114168595041321
0,3620,7.133780479431152,7.133780991735535
0,3621,7.1534247398376465,7.15342479338843
0,3622,7.173099994659424,7.173100000000002
0,3623,7.192806243896484,7.192806611570249
0,3624,7.2125444412231445,7.212544628099173
0,3625,7.232314109802246,7.232314049586778
0,3626,7.252114772796631,7.252114876033057
0,3627,7.271946907043457,7.271947107438015
0,3628,7.291810035705566,7.291810743801653
0,3629,7.311705112457275,7.3117057851239675
0,3630,7.331632137298584,7.331632231404959
0,3631,7.351589679718018,7.351590082644627
0,3632,7.371578693389893,7.371579338842975
0,3633,7.391599655151367,7.391600000000001
0,3634,7.411652088165283,7.411652066115703
0,3635,7.431736469268799,7.431735537190082
0,3636,7.4518513679504395,7.451850413223141
0,3637,7.4719977378845215,7.471996694214876
0,3638,7.492175102233887,7.492174380165288
0,3639,7.512384414672852,7.51238347107438
0,3640,7.5326247215271,7.53262396694215
0,3641,7.552896976470947,7.552895867768595
0,3642,7.573200225830078,7.573199173553718
0,3643,7.593534469604492,7.593533884297521
0,3644,7.613900661468506,7.613900000000001
0,3645,7.634298324584961,7.634297520661155
0,3646,7.654726982116699,7.654726446280992
0,3647,7.675187587738037,7.675186776859505
0,3648,7.695679187774658,7.695678512396694
0,3649,7.716202259063721,7.71620165289256
0,3650,7.736756801605225,7.736756198347108
0,3651,7.75734281539917,7.7573421487603325
0,3652,7.777960300445557,7.777959504132232
0,3653,7.798608779907227,7.798608264462809
0,3654,7.819288730621338,7.819288429752066
0,3655,7.840000152587891,7.84
0,3656,7.860743522644043,7.86074297520661
0,3657,7.8815178871154785,7.8815173553719005
0,3658,7.902323246002197,7.902323140495869
0,3659,7.923160552978516,7.923160330578512
0,3660,7.944029331207275,7.9440289256198335
0,3661,7.964929580688477,7.9649289256198355
0,3662,7.985860824584961,7.985860330578514
0,3663,8.006823539733887,8.006823140495868
0,3664,8.027817726135254,8.027817355371901
0,3665,8.048843383789062,8.048842975206611
0,3666,8.069900512695312,8.0699
0,3667,8.090988159179688,8.090988429752066
0,3668,8.11210823059082,8.11210826446281
0,3669,8.133259773254395,8.133259504132234
0,3670,8.154441833496094,8.154442148760332
0,3671,8.17565631866455,8.175656198347106
0,3672,8.196901321411133,8.196901652892564
0,3673,8.218178749084473,8.218178512396697
0,3674,8.239486694335938,8.239486776859502
0,3675,8.260826110839844,8.26082644628099
0,3676,8.282197952270508,8.282197520661159
0,3677,8.303600311279297,8.3036
0,3678,8.325034141540527,8.325033884297518
0,3679,8.3464994430542,8.34649917355372
0,3680,8.367996215820312,8.367995867768597
0,3681,8.389524459838867,8.38952396694215
0,3682,8.411083221435547,8.41108347107438
0,3683,8.432674407958984,8.43267438016529
0,3684,8.454296112060547,8.454296694214875
0,3685,8.475950241088867,8.475950413223138
0,3686,8.497635841369629,8.497635537190082
0,3687,8.519351959228516,8.519352066115705
0,3688,8.541099548339844,8.5411
0,3689,8.56287956237793,8.562879338842976
0,3690,8.58469009399414,8.584690082644627
0,3691,8.606532096862793,8.60653223140496
0,3692,8.628405570983887,8.628405785123965
0,3693,8.650310516357422,8.650310743801652
0,3694,8.672246932983398,8.672247107438018
0,3695,8.694214820861816,8.694214876033058
0,3696,8.71621322631836,8.716214049586775
0,3697,8.73824405670166,8.738244628099174
0,3698,8.760305404663086,8.76030661157025
0,3699,8.782400131225586,8.782399999999999
0,3700,8.804524421691895,8.804524793388428
0,3701,8.826681137084961,8.826680991735538
0,3702,8.848868370056152,8.84886859504132
0,3703,8.871087074279785,8.871087603305783
0,3704,8.89333724975586,8.893338016528926
0,3705,8.915618896484375,8.915619834710744
0,3706,8.937932968139648,8.93793305785124
0,3707,8.960277557373047,8.960277685950413
0,3708,8.98265266418457,8.982653719008265
0,3709,9.005060195922852,9.005061157024794
0,3710,9.027499198913574,9.027500000000002
0,3711,9.049969673156738,9.049970247933883
0,3712,9.072471618652344,9.072471900826447
0,3713,9.095004081726074,9.095004958677686
0,3714,9.117568969726562,9.117569421487602
0,3715,9.140164375305176,9.140165289256199
0,3716,9.162792205810547,9.162792561983473
0,3717,9.185450553894043,9.18545123966942
0,3718,9.20814037322998,9.208141322314049
0,3719,9.23086166381836,9.230862809917356
0,3720,9.253615379333496,9.25361570247934
0,3721,9.276398658752441,9.276399999999997
0,3722,9.299214363098145,9.299215702479339
0,3723,9.322062492370605,9.322062809917357
0,3724,9.344941139221191,9.34494132231405
0,3725,9.367850303649902,9.36785123966942
0,3726,9.390791893005371,9.39079256198347
0,3727,9.413763999938965,9.413765289256201
0,3728,9.436768531799316,9.436769421487604
0,3729,9.459803581237793,9.459804958677685
0,3730,9.482871055603027,9.482871900826447
0,3731,9.505969047546387,9.505970247933885
0,3732,9.529099464416504,9.529099999999998
0,3733,9.552260398864746,9.552261157024793
0,3734,9.57545280456543,9.575453719008266
0,3735,9.598676681518555,9.598677685950413
0,3736,9.621932029724121,9.621933057851239
0,3737,9.645219802856445,9.645219834710744
0,3738,9.668538093566895,9.668538016528927
0,3739,9.691887855529785,9.691887603305785
0,3740,9.715269088745117,9.715268595041323
0,3741,9.73868179321289,9.738680991735539
0,3742,9.762125015258789,9.76212479338843
0,3743,9.785600662231445,9.785599999999999
0,3744,9.809106826782227,9.809106611570249
0,3745,9.83264446258545,9.832644628099175
0,3746,9.85621452331543,9.856214049586777
0,3747,9.879815101623535,9.879814876033057
0,3748,9.903447151184082,9.903447107438017
0,3749,9.92711067199707,9.927110743801652
0,3750,9.9508056640625,9.950805785123965
0,3751,9.974532127380371,9.974532231404957
0,3752,9.998290061950684,9.99829008264463
0,3753,10.022079467773438,10.022079338842975
0,3754,10.045900344848633,10.045899999999998
0,3755,10.069751739501953,10.069752066115703
0,3756,10.093635559082031,10.093635537190083
0,3757,10.117549896240234,10.11755041322314
0,3758,10.141496658325195,10.141496694214874
0,3759,10.165473937988281,10.16547438016529
0,3760,10.189482688903809,10.18948347107438
0,3761,10.213523864746094,10.213523966942146
0,3762,10.237595558166504,10.237595867768594
0,3763,10.261698722839355,10.26169917355372
0,3764,10.285833358764648,10.28583388429752
0,3765,10.309999465942383,10.309999999999999
0,3766,10.334197044372559,10.334197520661156
0,3767,10.358426094055176,10.358426446280994
0,3768,10.382685661315918,10.382686776859503
0,3769,10.406977653503418,10.406978512396694
0,3770,10.43130111694336,10.431301652892563
0,3771,10.455657005310059,10.455656198347107
0,3772,10.480043411254883,10.48004214876033
0,3773,10.504461288452148,10.504459504132232
0,3774,10.528908729553223,10.52890826446281
0,3775,10.553390502929688,10.553388429752067
0,3776,10.577900886535645,10.5779
0,3777,10.60244369506836,10.602442975206612
0,3778,10.627018928527832,10.6270173553719
0,3779,10.65162467956543,10.651623140495865
0,3780,10.676261901855469,10.676260330578513
0,3781,10.700929641723633,10.700928925619836
0,3782,10.725629806518555,10.725628925619835
0,3783,10.750361442565918,10.750360330578511
0,3784,10.775124549865723,10.775123140495868
0,3785,10.799918174743652,10.799917355371901
0,3786,10.824743270874023,10.824742975206613
0,3787,10.849599838256836,10.849599999999999
0,3788,10.874488830566406,10.874488429752068
0,3789,10.899409294128418,10.89940826446281
0,3790,10.924360275268555,10.92435950413223
0,3791,10.949342727661133,10.94934214876033
0,3792,10.974357604980469,10.97435619834711
0,3793,10.999402046203613,10.999401652892562
0,3794,11.024478912353516,11.024478512396692
0,3795,11.04958724975586,11.049586776859504
0,3796,11.074726104736328,11.074726446280994
0,3797,11.099898338317871,11.099897520661155
0,3798,11.125101089477539,11.125099999999998
0,3799,11.150334358215332,11.15033388429752
0,3800,11.175599098205566,11.175599173553717
0,3801,11.200896263122559,11.200895867768594
0,3802,11.226223945617676,11.226223966942149
0,3803,11.25158405303955,11.251583471074381
0,3804,11.276975631713867,11.27697438016529
0,3805,11.302397727966309,11.302396694214874
0,3806,11.327851295471191,11.327850413223143
0,3807,11.3533353805542,11.353335537190082
0,3808,11.378852844238281,11.3788520661157
0,3809,11.404400825500488,11.404399999999999
0,3810,11.429980278015137,11.429979338842976
0,3811,11.45559024810791,11.455590082644628
0,3812,11.481231689453125,11.481232231404958
0,3813,11.506905555725098,11.506905785123967
0,3814,11.532610893249512,11.532610743801655
0,3815,11.558347702026367,11.558347107438017
0,3816,11.584115028381348,11.584114876033057
0,3817,11.609914779663086,11.609914049586777
0,3818,11.635744094848633,11.635744628099172
0,3819,11.661606788635254,11.661606611570246
0,3820,11.6875,11.6875
0,3821,11.713424682617188,11.71342479338843
0,3822,11.739380836486816,11.739380991735537
0,3823,11.765368461608887,11.765368595041322
0,3824,11.791387557983398,11.791387603305786
0,3825,11.817438125610352,11.817438016528925
0,3826,11.84351921081543,11.843519834710746
0,3827,11.869632720947266,11.869633057851239
0,3828,11.895776748657227,11.895777685950415
0,3829,11.921953201293945,11.921953719008263
0,3830,11.948161125183105,11.948161157024792
0,3831,11.97439956665039,11.9744
0,3832,12.000670433044434,12.000670247933883
0,3833,12.026970863342285,12.026971900826448
0,3834,12.053304672241211,12.053304958677685
0,3835,12.079668998718262,12.079669421487603
0,3836,12.10606575012207,12.106065289256199
0,3837,12.132492065429688,12.132492561983469
0,3838,12.158950805664062,12.15895123966942
0,3839,12.185440063476562,12.185441322314052
0,3840,12.21196174621582,12.211962809917354
0,3841,12.238515853881836,12.238515702479337
0,3842,12.26509952545166,12.2651
0,3843,12.291715621948242,12.291715702479337
0,3844,12.318361282348633,12.318362809917355
0,3845,12.345041275024414,12.34504132231405
0,3846,12.371750831604004,12.371751239669422
0,3847,12.398491859436035,12.39849256198347
0,3848,12.425265312194824,12.425265289256197
0,3849,12.452069282531738,12.452069421487602
0,3850,12.478904724121094,12.478904958677688
0,3851,12.50577163696289,12.505771900826447
0,3852,12.532669067382812,12.532670247933885
0,3853,12.559598922729492,12.559600000000001
0,3854,12.586559295654297,12.586561157024793
0,3855,12.613553047180176,12.613553719008266
0,3856,12.64057731628418,12.640577685950413
0,3857,12.667632102966309,12.66763305785124
0,3858,12.694719314575195,12.694719834710744
0,3859,12.721837043762207,12.721838016528924
0,3860,12.748987197875977,12.748987603305787
0,3861,12.776167869567871,12.776168595041321
0,3862,12.803380012512207,12.803380991735537
0,3863,12.830623626708984,12.830624793388429
0,3864,12.857898712158203,12.857900000000003
0,3865,12.885207176208496,12.885206611570249
0,3866,12.912545204162598,12.912544628099171
0,3867,12.93991470336914,12.939914049586777
0,3868,12.967315673828125,12.96731487603306
0,3869,12.99474811553955,12.994747107438016
0,3870,13.022211074829102,13.022210743801653
0,3871,13.04970645904541,13.049705785123967
0,3872,13.07723331451416,13.077232231404956
0,3873,13.104790687561035,13.10479008264463
0,3874,13.132379531860352,13.132379338842973
0,3875,13.160000801086426,13.160000000000002
0,3876,13.187652587890625,13.187652066115703
0,3877,13.215335845947266,13.21533553719008
0,3878,13.243050575256348,13.24305041322314
0,3879,13.270796775817871,13.270796694214877
0,3880,13.298574447631836,13.298574380165292
0,3881,13.326383590698242,13.32638347107438
0,3882,13.354223251342773,13.35422396694215
0,3883,13.382096290588379,13.382095867768594
0,3884,13.409998893737793,13.409999173553722
0,3885,13.437933921813965,13.43793388429752
0,3886,13.465899467468262,13.465900000000003
0,3887,13.493898391723633,13.493897520661157
0,3888,13.521925926208496,13.521926446280991
0,3889,13.549986839294434,13.549986776859505
0,3890,13.578078269958496,13.578078512396692
0,3891,13.606201171875,13.606201652892562
0,3892,13.634355545043945,13.634356198347106
0,3893,13.662542343139648,13.662542148760332
0,3894,13.690759658813477,13.690759504132231
0,3895,13.719008445739746,13.719008264462808
0,3896,13.74728775024414,13.747288429752066
0,3897,13.77560043334961,13.775600000000003
0,3898,13.803942680358887,13.803942975206612
0,3899,13.832317352294922,13.832317355371899
0,3900,13.860722541809082,13.860723140495868
0,3901,13.88916015625,13.88916033057851
0,3902,13.917628288269043,13.917628925619836
0,3903,13.946128845214844,13.946128925619835
0,3904,13.97465991973877,13.974660330578514
0,3905,14.003222465515137,14.003223140495868
0,3906,14.031816482543945,14.031817355371897
0,3907,14.060441970825195,14.060442975206612
0,3908,14.089099884033203,14.089099999999998
0,3909,14.117788314819336,14.117788429752068
0,3910,14.14650821685791,14.14650826446281
0,3911,14.17525863647461,14.175259504132232
0,3912,14.204041481018066,14.20404214876033
0,3913,14.232855796813965,14.232856198347104
0,3914,14.261701583862305,14.261701652892562
0,3915,14.29057788848877,14.290578512396696
0,3916,14.319487571716309,14.319486776859504
0,3917,14.348426818847656,14.34842644628099
0,3918,14.377398490905762,14.377397520661157
0,3919,14.406401634216309,14.406399999999998
0,3920,14.43543529510498,14.435433884297522
0,3921,14.464500427246094,14.464499173553719
0,3922,14.493596076965332,14.493595867768596
0,3923,14.522725105285645,14.522723966942149
0,3924,14.551884651184082,14.55188347107438
0,3925,14.581075668334961,14.581074380165289
0,3926,14.610297203063965,14.610296694214878
0,3927,14.639551162719727,14.63955041322314
0,3928,14.66883659362793,14.668835537190082
0,3929,14.698153495788574,14.698152066115703
0,3930,14.727500915527344,14.7275
0,3931,14.756880760192871,14.756879338842976
0,3932,14.786291122436523,14.786290082644628
0,3933,14.815732955932617,14.81573223140496
0,3934,14.845207214355469,14.845205785123966
0,3935,14.874711990356445,14.874710743801652
0,3936,14.904248237609863,14.904247107438017
0,3937,14.933815002441406,14.933814876033056
0,3938,14.963415145874023,14.963414049586778
0,3939,14.99304485321045,14.993044628099172
0,3940,15.022706985473633,15.022706611570248
0,3941,15.052399635314941,15.052399999999999
0,3942,15.082125663757324,15.082124793388427
0,3943,15.111881256103516,15.111880991735536
0,3944,15.141668319702148,15.141668595041324
0,3945,15.171487808227539,15.171487603305785
0,3946,15.201337814331055,15.201338016528926
0,3947,15.231220245361328,15.231219834710746
0,3948,15.261133193969727,15.261133057851238
0,3949,15.291077613830566,15.291077685950414
0,3950,15.321053504943848,15.321053719008265
0,3951,15.35106086730957,15.351061157024795
0,3952,15.38110065460205,15.3811
0,3953,15.41117000579834,15.411170247933883
0,3954,15.441271781921387,15.441271900826447
0,3955,15.471405029296875,15.471404958677688
0,3956,15.501569747924805,15.501569421487604
0,3957,15.53176498413086,15.531765289256198
0,3958,15.561992645263672,15.561992561983473
0,3959,15.592251777648926,15.59225123966942
0,3960,15.622541427612305,15.622541322314051
0,3961,15.652862548828125,15.652862809917355
0,3962,15.683215141296387,15.683215702479341
0,3963,15.713600158691406,15.7136
0,3964,15.744014739990234,15.744015702479336
0,3965,15.77446174621582,15.774462809917356
0,3966,15.804941177368164,15.804941322314049
0,3967,15.835451126098633,15.835451239669423
0,3968,15.865991592407227,15.865992561983472
0,3969,15.896564483642578,15.8965652892562
0,3970,15.927168846130371,15.927169421487603
0,3971,15.957803726196289,15.957804958677684
0,3972,15.988471984863281,15.988471900826445
0,3973,16.019168853759766,16.019170247933886
0,3974,16.04990005493164,16.0499
0,3975,16.08066177368164,16.080661157024792
0,3976,16.111454010009766,16.111453719008264
0,3977,16.142276763916016,16.14227768595041
0,3978,16.173131942749023,16.173133057851242
0,3979,16.20401954650879,16.204019834710742
0,3980,16.23493766784668,16.23493801652893
0,3981,16.265888214111328,16.265887603305785
0,3982,16.29686737060547,16.296868595041317
0,3983,16.327880859375,16.327880991735537
0,3984,16.358924865722656,16.358924793388425
0,3985,16.389999389648438,16.39
0,3986,16.421106338500977,16.421106611570245
0,3987,16.45224380493164,16.452244628099173
0,3988,16.483413696289062,16.483414049586777
0,3989,16.51461410522461,16.514614876033058
0,3990,16.54584503173828,16.545847107438014
0,3991,16.577110290527344,16.577110743801654
0,3992,16.60840606689453,16.608405785123967
0,3993,16.63973045349121,16.639732231404956
0,3994,16.67108917236328,16.67109008264463
0,3995,16.702478408813477,16.702479338842974
0,3996,16.733898162841797,16.733900000000002
0,3997,16.76535415649414,16.765352066115703
0,3998,16.796836853027344,16.796835537190084
0,3999,16.828350067138672,16.82835041322314
0,4000,16.85989761352539,16.859896694214875
0,4001,16.891475677490234,16.891474380165292
0,4002,16.923084259033203,16.923083471074378
0,4003,16.954723358154297,16.95472396694215
0,4004,16.98639678955078,16.986395867768593
0,4005,17.018098831176758,17.01809917355372
0,4006,17.049833297729492,17.04983388429752
0,4007,17.081600189208984,17.0816
0,4008,17.1133975982666,17.113397520661156
0,4009,17.145227432250977,17.145226446280994
0,4010,17.177087783813477,17.177086776859504
0,4011,17.2089786529541,17.208978512396694
0,4012,17.240901947021484,17.240901652892564
0,4013,17.272855758666992,17.272856198347107
0,4014,17.304841995239258,17.304842148760333
0,4015,17.33686065673828,17.33685950413223
0,4016,17.368907928466797,17.36890826446281
0,4017,17.40098762512207,17.400988429752065
0,4018,17.4330997467041,17.4331
0,4019,17.465242385864258,17.46524297520661
0,4020,17.497417449951172,17.4974173553719
0,4021,17.52962303161621,17.52962314049587
0,4022,17.561861038208008,17.56186033057851
0,4023,17.59412956237793,17.594128925619835
0,4024,17.626428604125977,17.626428925619834
0,4025,17.65876007080078,17.658760330578513
0,4026,17.69112205505371,17.69112314049587
0,4027,17.72351837158203,17.723517355371904
0,4028,17.755943298339844,17.75594297520661
0,4029,17.788400650024414,17.7884
0,4030,17.82088851928711,17.820888429752067
0,4031,17.853408813476562,17.853408264462807
0,4032,17.88595962524414,17.885959504132234
0,4033,17.918542861938477,17.91854214876033
0,4034,17.951154708862305,17.951156198347107
0,4035,17.983800888061523,17.983801652892563
0,4036,18.0164794921875,18.016478512396695
0,4037,18.04918670654297,18.049186776859504
0,4038,18.081926345825195,18.081926446280992
0,4039,18.114696502685547,18.114697520661156
0,4040,18.147499084472656,18.1475
0,4041,18.180334091186523,18.18033388429752
0,4042,18.213197708129883,18.21319917355372
0,4043,18.246095657348633,18.246095867768595
0,4044,18.279024124145508,18.279023966942148
0,4045,18.311983108520508,18.31198347107438
0,4046,18.344974517822266,18.34497438016529
0,4047,18.37799644470215,18.377996694214875
0,4048,18.41105079650879,18.41105041322314
0,4049,18.444133758544922,18.44413553719008
0,4050,18.477251052856445,18.477252066115703
0,4051,18.510398864746094,18.5104
0,4052,18.5435791015625,18.543579338842974
0,4053,18.57678985595703,18.576790082644628
0,4054,18.610031127929688,18.610032231404958
0,4055,18.6433048248291,18.643305785123967
0,4056,18.67660903930664,18.676610743801653
0,4057,18.709945678710938,18.709947107438015
0,4058,18.743314743041992,18.743314876033057
0,4059,18.776716232299805,18.776714049586776
0,4060,18.81014633178711,18.81014462809917
0,4061,18.84360694885254,18.843606611570248
0,4062,18.877099990844727,18.8771
0,4063,18.910625457763672,18.910624793388433
0,4064,18.944181442260742,18.944180991735536
0,4065,18.97776985168457,18.977768595041326
0,4066,19.011388778686523,19.011387603305785
0,4067,19.045040130615234,19.045038016528924
0,4068,19.078720092773438,19.078719834710743
0,4069,19.11243438720703,19.112433057851238
0,4070,19.14617919921875,19.146177685950413
0,4071,19.179954528808594,19.179953719008264
0,4072,19.213762283325195,19.213761157024795
0,4073,19.247600555419922,19.2476
0,4074,19.281471252441406,19.281470247933886
0,4075,19.315372467041016,19.315371900826445
0,4076,19.34930419921875,19.349304958677685
0,4077,19.383270263671875,19.383269421487604
0,4078,19.417264938354492,19.417265289256196
0,4079,19.4512939453125,19.451292561983472
0,4080,19.4853515625,19.48535123966942
0,4081,19.519441604614258,19.51944132231405
0,4082,19.55356216430664,19.553562809917356
0,4083,19.587717056274414,19.58771570247934
0,4084,19.62190055847168,19.6219
0,4085,19.656116485595703,19.65611570247934
0,4086,19.69036293029785,19.690362809917357
0,4087,19.724641799926758,19.72464132231405
0,4088,19.75895118713379,19.758951239669422
0,4089,19.793292999267578,19.79329256198347
0,4090,19.827665328979492,19.8276652892562
0,4091,19.862070083618164,19.862069421487604
0,4092,19.89650535583496,19.89650495867769
0,4093,19.930971145629883,19.930971900826446
0,4094,19.965471267700195,19.965470247933887
0,4095,20.0,20.0
1,0,-20.0,-20.0
1,1,-19.930971145629883,-19.930971900826446
1,2,-19.862070083618164,-19.862069421487604
1,3,-19.793292999267578,-19.79329256198347
1,4,-19.724641799926758,-19.72464132231405
1,5,-19.656116485595703,-19.65611570247934
1,6,-19.587717056274414,-19.58771570247934
1,7,-19.519441604614258,-19.51944132231405
1,8,-19.4512939453125,-19.451292561983472
1,9,-19.383270263671875,-19.383269421487604
1,10,-19.315372467041016,-19.315371900826445
1,11,-19.247600555419922,-19.2476
1,12,-19.179954528808594,-19.179953719008264
1,13,-19.11243438720703,-19.112433057851238
1,14,-19.045040130615234,-19.045038016528924
1,15,-18.97776985168457,-18.977768595041326
1,16,-18.910625457763672,-18.910624793388433
1,17,-18.84360694885254,-18.843606611570248
1,18,-18.776716232299805,-18.776714049586776
1,19,-18.709945678710938,-18.709947107438015
1,20,-18.6433048248291,-18.643305785123967
1,21,-18.57678985595703,-18.576790082644628
1,22,-18.510398864746094,-18.5104
1,23,-18.444133758544922,-18.44413553719008
1,24,-18.37799644470215,-18.377996694214875
1,25,-18.311983108520508,-18.31198347107438
1,26,-18.246095657348633,-18.246095867768595
1,27,-18.180334091186523,-18.18033388429752
1,28,-18.114696502685547,-18.114697520661156
1,29,-18.04918670654297,-18.049186776859504
1,30,-17.983800888061523,-17.983801652892563
1,31,-17.918542861938477,-17.91854214876033
1,32,-17.853408813476562,-17.853408264462807
1,33,-17.788400650024414,-17.7884
1,34,-17.72351837158203,-17.723517355371904
1,35,-17.65876007080078,-17.658760330578513
1,36,-17.59412956237793,-17.594128925619835
1,37,-17.52962303161621,-17.52962314049587
1,38,-17.465242385864258,-17.46524297520661
1,39,-17.40098762512207,-17.400988429752065
1,40,-17.33686065673828,-17.33685950413223
1,41,-17.272855758666992,-17.272856198347107
1,42,-17.2089786529541,-17.208978512396694
1,43,-17.145227432250977,-17.145226446280994
1,44,-17.081600189208984,-17.0816
1,45,-17.018098831176758,-17.01809917355372
1,46,-16.954723358154297,-16.95472396694215
1,47,-16.891475677490234,-16.891474380165292
1,48,-16.828350067138672,-16.82835041322314
1,49,-16.76535415649414,-16.765352066115703
1,50,-16.702478408813477,-16.702479338842974
1,51,-16.63973045349121,-16.639732231404956
1,52,-16.577110290527344,-16.577110743801654
1,53,-16.51461410522461,-16.514614876033058
1,54,-16.45224380493164,-16.452244628099173
1,55,-16.389999389648438,-16.39
1,56,-16.327880859375,-16.327880991735537
1,57,-16.265888214111328,-16.265887603305785
1,58,-16.20401954650879,-16.204019834710742
1,59,-16.142276763916016,-16.14227768595041
1,60,-16.08066177368164,-16.080661157024792
1,61,-16.019168853759766,-16.019170247933886
1,62,-15.957803726196289,-15.957804958677684
1,63,-15.896564483642578,-15.8965652892562
1,64,-15.835451126098633,-15.835451239669423
1,65,-15.77446174621582,-15.774462809917356
1,66,-15.713600158691406,-15.7136
1,67,-15.652862548828125,-15.652862809917355
1,68,-15.592251777648926,-15.59225123966942
1,69,-15.53176498413086,-15.531765289256198
1,70,-15.471405029296875,-15.471404958677688
1,71,-15.41117000579834,-15.411170247933883
1,72,-15.35106086730957,-15.351061157024795
1,73,-15.291077613830566,-15.291077685950414
1,74,-15.231220245361328,-15.231219834710746
1,75,-15.171487808227539,-15.171487603305785
1,76,-15.111881256103516,-15.111880991735536
1,77,-15.052399635314941,-15.052399999999999
1,78,-14.99304485321045,-14.993044628099172
1,79,-14.933815002441406,-14.933814876033056
1,80,-14.874711990356445,-14.874710743801652
1,81,-14.815732955932617,-14.81573223140496
1,82,-14.756880760192871,-14.756879338842976
1,83,-14.698153495788574,-14.698152066115703
1,84,-14.639551162719727,-14.63955041322314
1,85,-14.581075668334961,-14.581074380165289
1,86,-14.522725105285645,-14.522723966942149
1,87,-14.464500427246094,-14.464499173553719
1,88,-14.406401634216309,-14.406399999999998
1,89,-14.348426818847656,-14.34842644628099
1,90,-14.29057788848877,-14.290578512396696
1,91,-14.232855796813965,-14.232856198347104
1,92,-14.17525863647461,-14.175259504132232
1,93,-14.117788314819336,-14.117788429752068
1,94,-14.060441970825195,-14.060442975206612
1,95,-14.003222465515137,-14.003223140495868
1,96,-13.946128845214844,-13.946128925619835
1,97,-13.88916015625,-13.88916033057851
1,98,-13.832317352294922,-13.832317355371899
1,99,-13.77560043334961,-13.775600000000003
1,100,-13.719008445739746,-13.719008264462808
1,101,-13.662542343139648,-13.662542148760332
1,102,-13.606201171875,-13.606201652892562
1,103,-13.549986839294434,-13.549986776859505
1,104,-13.493898391723633,-13.493897520661157
1,105,-13.437933921813965,-13.43793388429752
1,106,-13.382096290588379,-13.382095867768594
1,107,-13.326383590698242,-13.32638347107438
1,108,-13.270796775817871,-13.270796694214877
1,109,-13.215335845947266,-13.21533553719008
1,110,-13.160000801086426,-13.160000000000002
1,111,-13.104790687561035,-13.10479008264463
1,112,-13.04970645904541,-13.049705785123967
1,113,-12.99474811553955,-12.994747107438016
1,114,-12.93991470336914,-12.939914049586777
1,115,-12.885207176208496,-12.885206611570249
1,116,-12.830623626708984,-12.830624793388429
1,117,-12.776167869567871,-12.776168595041321
1,118,-12.721837043762207,-12.721838016528924
1,119,-12.667632102966309,-12.66763305785124
1,120,-12.613553047180176,-12.613553719008266
1,121,-12.559598922729492,-12.559600000000001
1,122,-12.50577163696289,-12.505771900826447
1,123,-12.452069282531738,-12.452069421487602
1,124,-12.398491859436035,-12.39849256198347
1,125,-12.345041275024414,-12.34504132231405
1,126,-12.291715621948242,-12.291715702479337
1,127,-12.238515853881836,-12.238515702479337
1,128,-12.185440063476562,-12.185441322314052
1,129,-12.132492065429688,-12.132492561983469
1,130,-12.079668998718262,-12.079669421487603
1,131,-12.026970863342285,-12.026971900826448
1,132,-11.97439956665039,-11.9744
1,133,-11.921953201293945,-11.921953719008263
1,134,-11.869632720947266,-11.869633057851239
1,135,-11.817438125610352,-11.817438016528925
1,136,-11.765368461608887,-11.765368595041322
1,137,-11.713424682617188,-11.71342479338843
1,138,-11.661606788635254,-11.661606611570246
1,139,-11.609914779663086,-11.609914049586777
1,140,-11.558347702026367,-11.558347107438017
1,141,-11.506905555725098,-11.506905785123967
1,142,-11.45559024810791,-11.455590082644628
1,143,-11.404400825500488,-11.404399999999999
1,144,-11.3533353805542,-11.353335537190082
1,145,-11.302397727966309,-11.302396694214874
1,146,-11.25158405303955,-11.251583471074381
1,147,-11.200896263122559,-11.200895867768594
1,148,-11.150334358215332,-11.15033388429752
1,149,-11.099898338317871,-11.099897520661155
1,150,-11.04958724975586,-11.049586776859504
1,151,-10.999402046203613,-10.999401652892562
1,152,-10.949342727661133,-10.94934214876033
1,153,-10.899409294128418,-10.89940826446281
1,154,-10.849599838256836,-10.849599999999999
1,155,-10.799918174743652,-10.799917355371901
1,156,-10.750361442565918,-10.750360330578511
1,157,-10.700929641723633,-10.700928925619836
1,158,-10.65162467956543,-10.651623140495865
1,159,-10.60244369506836,-10.602442975206612
1,160,-10.553390502929688,-10.553388429752067
1,161,-10.504461288452148,-10.504459504132232
1,162,-10.455657005310059,-10.455656198347107
1,163,-10.406977653503418,-10.406978512396694
1,164,-10.358426094055176,-10.358426446280994
1,165,-10.309999465942383,-10.309999999999999
1,166,-10.261698722839355,-10.26169917355372
1,167,-10.213523864746094,-10.213523966942146
1,168,-10.165473937988281,-10.16547438016529
1,169,-10.117549896240234,-10.11755041322314
1,170,-10.069751739501953,-10.069752066115703
1,171,-10.022079467773438,-10.022079338842975
1,172,-9.974532127380371,-9.974532231404957
1,173,-9.92711067199707,-9.927110743801652
1,174,-9.879815101623535,-9.879814876033057
1,175,-9.83264446258545,-9.832644628099175
1,176,-9.785600662231445,-9.785599999999999
1,177,-9.73868179321289,-9.738680991735539
1,178,-9.691887855529785,-9.691887603305785
1,179,-9.645219802856445,-9.645219834710744
1,180,-9.598676681518555,-9.598677685950413
1,181,-9.552260398864746,-9.552261157024793
1,182,-9.505969047546387,-9.505970247933885
1,183,-9.459803581237793,-9.459804958677685
1,184,-9.413763999938965,-9.413765289256201
1,185,-9.367850303649902,-9.36785123966942
1,186,-9.322062492370605,-9.322062809917357
1,187,-9.276398658752441,-9.276399999999997
1,188,-9.23086166381836,-9.230862809917356
1,189,-9.185450553894043,-9.18545123966942
1,190,-9.140164375305176,-9.140165289256199
1,191,-9.095004081726074,-9.095004958677686
1,192,-9.049969673156738,-9.049970247933883
1,193,-9.005060195922852,-9.005061157024794
1,194,-8.960277557373047,-8.960277685950413
1,195,-8.915618896484375,-8.915619834710744
1,196,-8.871087074279785,-8.871087603305783
1,197,-8.826681137084961,-8.826680991735538
1,198,-8.782400131225586,-8.782399999999999
1,199,-8.73824405670166,-8.738244628099174
1,200,-8.694214820861816,-8.694214876033058
1,201,-8.650310516357422,-8.650310743801652
1,202,-8.606532096862793,-8.60653223140496
1,203,-8.56287956237793,-8.562879338842976
1,204,-8.519351959228516,-8.519352066115705
1,205,-8.475950241088867,-8.475950413223138
1,206,-8.432674407958984,-8.43267438016529
1,207,-8.389524459838867,-8.38952396694215
1,208,-8.3464994430542,-8.34649917355372
1,209,-8.303600311279297,-8.3036
1,210,-8.260826110839844,-8.26082644628099
1,211,-8.218178749084473,-8.218178512396697
1,212,-8.17565631866455,-8.175656198347106
1,213,-8.133259773254395,-8.133259504132234
1,214,-8.090988159179688,-8.090988429752066
1,215,-8.048843383789062,-8.048842975206611
1,216,-8.006823539733887,-8.006823140495868
1,217,-7.964929580688477,-7.9649289256198355
1,218,-7.923160552978516,-7.923160330578512
1,219,-7.8815178871154785,-7.8815173553719005
1,220,-7.840000152587891,-7.84
1,221,-7.798608779907227,-7.798608264462809
1,222,-7.75734281539917,-7.7573421487603325
1,223,-7.716202259063721,-7.71620165289256
1,224,-7.675187587738037,-7.675186776859505
1,225,-7.634298324584961,-7.634297520661155
1,226,-7.593534469604492,-7.593533884297521
1,227,-7.552896976470947,-7.552895867768595
1,228,-7.512384414672852,-7.51238347107438
1,229,-7.4719977378845215,-7.471996694214876
1,230,-7.431736469268799,-7.431735537190082
1,231,-7.391599655151367,-7.391600000000001
1,232,-7.351589679718018,-7.351590082644627
1,233,-7.311705112457275,-7.3117057851239675
1,234,-7.271946907043457,-7.271947107438015
1,235,-7.232314109802246,-7.232314049586778
1,236,-7.192806243896484,-7.192806611570249
1,237,-7.1534247398376465,-7.15342479338843
1,238,-7.114168643951416,-7.114168595041321
1,239,-7.075037956237793,-7.075038016528925
1,240,-7.0360331535339355,-7.036033057851242
1,241,-6.9971537590026855,-6.9971537190082636
1,242,-6.958400249481201,-6.958400000000001
1,243,-6.919772148132324,-6.919771900826444
1,244,-6.881269454956055,-6.881269421487604
1,245,-6.842892646789551,-6.842892561983471
1,246,-6.8046417236328125,-6.804641322314049
1,247,-6.766515731811523,-6.76651570247934
1,248,-6.728514671325684,-6.7285157024793385
1,249,-6.690640449523926,-6.690641322314051
1,250,-6.652891635894775,-6.65289256198347
1,251,-6.615268707275391,-6.615269421487604
1,252,-6.577771186828613,-6.577771900826446
1,253,-6.540399074554443,-6.540400000000001
1,254,-6.503152847290039,-6.503153719008265
1,255,-6.466032028198242,-6.46603305785124
1,256,-6.429037094116211,-6.429038016528926
1,257,-6.392168045043945,-6.392168595041322
1,258,-6.355424404144287,-6.35542479338843
1,259,-6.318805694580078,-6.318806611570247
1,260,-6.282313823699951,-6.282314049586778
1,261,-6.245946407318115,-6.245947107438015
1,262,-6.209705352783203,-6.209705785123968
1,263,-6.173589706420898,-6.173590082644626
1,264,-6.137599945068359,-6.137600000000001
1,265,-6.1017351150512695,-6.101735537190083
1,266,-6.0659966468811035,-6.065996694214875
1,267,-6.030383110046387,-6.03038347107438
1,268,-5.9948954582214355,-5.994895867768594
1,269,-5.95953369140625,-5.959533884297522
1,270,-5.924297332763672,-5.924297520661155
1,271,-5.889186859130859,-5.889186776859505
1,272,-5.854201316833496,-5.854201652892561
1,273,-5.819342136383057,-5.819342148760331
1,274,-5.784608364105225,-5.78460826446281
1,275,-5.75,-5.75
1,276,-5.715517520904541,-5.715517355371901
1,277,-5.6811604499816895,-5.681160330578512
1,278,-5.6469292640686035,-5.646928925619834
1,279,-5.612823486328125,-5.612823140495867
1,280,-5.578843116760254,-5.578842975206612
1,281,-5.544988632202148,-5.544988429752067
1,282,-5.511260032653809,-5.511259504132232
1,283,-5.477656364440918,-5.477656198347108
1,284,-5.444179058074951,-5.444178512396694
1,285,-5.410826683044434,-5.410826446280992
1,286,-5.377600193023682,-5.3776
1,287,-5.344499588012695,-5.344499173553719
1,288,-5.311524391174316,-5.311523966942148
1,289,-5.278674602508545,-5.278674380165288
1,290,-5.245951175689697,-5.245950413223142
1,291,-5.213351249694824,-5.213352066115703
1,292,-5.180878639221191,-5.180879338842976
1,293,-5.148531913757324,-5.148532231404959
1,294,-5.116310119628906,-5.116310743801653
1,295,-5.084214210510254,-5.084214876033058
1,296,-5.052244186401367,-5.0522446280991735
1,297,-5.020399570465088,-5.0203999999999995
1,298,-4.988680839538574,-4.988680991735537
1,299,-4.957087516784668,-4.957087603305786
1,300,-4.925619602203369,-4.925619834710744
1,301,-4.894277572631836,-4.894277685950414
1,302,-4.86306095123291,-4.863061157024793
1,303,-4.83197021484375,-4.831970247933884
1,304,-4.801004886627197,-4.8010049586776855
1,305,-4.77016544342041,-4.770165289256198
1,306,-4.739450931549072,-4.739451239669421
1,307,-4.708862781524658,-4.708862809917354
1,308,-4.678400039672852,-4.6784
1,309,-4.648062705993652,-4.648062809917356
1,310,-4.617851257324219,-4.617851239669422
1,311,-4.587765216827393,-4.587765289256199
1,312,-4.557805061340332,-4.5578049586776865
1,313,-4.527970314025879,-4.527970247933884
1,314,-4.498261451721191,-4.498261157024793
1,315,-4.468677997589111,-4.4686776859504125
1,316,-4.439220428466797,-4.439219834710743
1,317,-4.409887790679932,-4.409887603305785
1,318,-4.380681037902832,-4.380680991735538
1,319,-4.351600646972656,-4.3516
1,320,-4.32264518737793,-4.322644628099174
1,321,-4.2938151359558105,-4.293814876033058
1,322,-4.265110969543457,-4.265110743801653
1,323,-4.236532211303711,-4.236532231404959
1,324,-4.208079814910889,-4.208079338842975
1,325,-4.179751396179199,-4.179752066115702
1,326,-4.15155029296875,-4.15155041322314
1,327,-4.12347412109375,-4.1234743801652884
1,328,-4.095523834228516,-4.0955239669421495
1,329,-4.067698955535889,-4.067699173553719
1,330,-4.039999961853027,-4.040000000000001
1,331,-4.012426376342773,-4.012426446280992
1,332,-3.984978199005127,-3.9849785123966943
1,333,-3.957655906677246,-3.9576561983471072
1,334,-3.9304592609405518,-3.930459504132231
1,335,-3.903388261795044,-3.9033884297520656
1,336,-3.8764429092407227,-3.876442975206611
1,337,-3.849622964859009,-3.8496231404958685
1,338,-3.8229289054870605,-3.8229289256198355
1,339,-3.7963600158691406,-3.796360330578513
1,340,-3.7699172496795654,-3.7699173553719008
1,341,-3.7435998916625977,-3.7436
1,342,-3.7174081802368164,-3.7174082644628097
1,343,-3.6913421154022217,-3.6913421487603304
1,344,-3.6654016971588135,-3.6654016528925615
1,345,-3.639586925506592,-3.639586776859504
1,346,-3.6138975620269775,-3.6138975206611565
1,347,-3.58833384513855,-3.588333884297521
1,348,-3.5628960132598877,-3.5628958677685953
1,349,-3.537583589553833,-3.53758347107438
1,350,-3.512396812438965,-3.512396694214876
1,351,-3.487335681915283,-3.4873355371900825
1,352,-3.462399959564209,-3.4623999999999997
1,353,-3.4375903606414795,-3.4375900826446277
1,354,-3.4129061698913574,-3.412905785123966
1,355,-3.388347625732422,-3.388347107438016
1,356,-3.3639142513275146,-3.3639140495867776
1,357,-3.339607000350952,-3.3396066115702485
1,358,-3.315425157546997,-3.31542479338843
1,359,-3.291368246078491,-3.2913685950413223
1,360,-3.26743745803833,-3.2674380165289256
1,361,-3.2436325550079346,-3.2436330578512393
1,362,-3.2199532985687256,-3.2199537190082643
1,363,-3.196399688720703,-3.1963999999999997
1,364,-3.172971487045288,-3.1729719008264454
1,365,-3.1496691703796387,-3.1496694214876024
1,366,-3.1264922618865967,-3.1264925619834716
1,367,-3.103440999984741,-3.1034413223140502
1,368,-3.0805156230926514,-3.0805157024793393
1,369,-3.05771541595459,-3.057715702479339
1,370,-3.035041093826294,-3.0350413223140498
1,371,-3.0124924182891846,-3.012492561983471
1,372,-2.9900693893432617,-2.990069421487603
1,373,-2.9677717685699463,-2.967771900826446
1,374,-2.9456000328063965,-2.9455999999999993
1,375,-2.923553705215454,-2.9235537190082654
1,376,-2.9016330242156982,-2.90163305785124
1,377,-2.879837989807129,-2.879838016528926
1,378,-2.858168601989746,-2.8581685950413225
1,379,-2.83662486076355,-2.83662479338843
1,380,-2.815206527709961,-2.8152066115702477
1,381,-2.7939140796661377,-2.7939140495867765
1,382,-2.772747039794922,-2.7727471074380166
1,383,-2.7517058849334717,-2.7517057851239666
1,384,-2.730790138244629,-2.730790082644628
1,385,-2.7100000381469727,-2.7100000000000004
1,386,-2.689335823059082,-2.6893355371900833
1,387,-2.668797016143799,-2.668796694214876
1,388,-2.648383617401123,-2.6483834710743803
1,389,-2.628096103668213,-2.628095867768595
1,390,-2.60793399810791,-2.6079338842975206
1,391,-2.587897777557373,-2.5878975206611567
1,392,-2.5679869651794434,-2.5679867768595037
1,393,-2.548201322555542,-2.548201652892561
1,394,-2.5285418033599854,-2.528542148760331
1,395,-2.5090079307556152,-2.5090082644628104
1,396,-2.4895997047424316,-2.4896000000000003
1,397,-2.4703171253204346,-2.470317355371901
1,398,-2.451159954071045,-2.4511603305785123
1,399,-2.432128667831421,-2.4321289256198346
1,400,-2.4132227897644043,-2.4132231404958677
1,401,-2.3944427967071533,-2.394442975206611
1,402,-2.3757882118225098,-2.375788429752066
1,403,-2.3572592735290527,-2.357259504132231
1,404,-2.3388562202453613,-2.338856198347108
1,405,-2.3205785751342773,-2.320578512396694
1,406,-2.302426338195801,-2.3024264462809922
1,407,-2.28439998626709,-2.2844
1,408,-2.2664990425109863,-2.2664991735537185
1,409,-2.2487239837646484,-2.2487239669421486
1,410,-2.231074333190918,-2.231074380165289
1,411,-2.213550329208374,-2.2135504132231403
1,412,-2.1961522102355957,-2.196152066115702
1,413,-2.1788792610168457,-2.1788793388429757
1,414,-2.1617321968078613,-2.161732231404959
1,415,-2.1447107791900635,-2.144710743801653
1,416,-2.127815008163452,-2.127814876033058
1,417,-2.1110448837280273,-2.1110446280991733
1,418,-2.094399929046631,-2.0944000000000003
1,419,-2.077881097793579,-2.0778809917355368
1,420,-2.0614876747131348,-2.0614876033057845
1,421,-2.045219898223877,-2.0452198347107435
1,422,-2.0290780067443848,-2.029077685950414
1,423,-2.0130615234375,-2.0130611570247936
1,424,-1.9971704483032227,-1.9971702479338846
1,425,-1.9814051389694214,-1.981404958677686
1,426,-1.9657654762268066,-1.9657652892561983
1,427,-1.9502508640289307,-1.9502512396694214
1,428,-1.9348626136779785,-1.9348628099173553
1,429,-1.9195997714996338,-1.9196
1,430,-1.9044625759124756,-1.904462809917355
1,431,-1.889451026916504,-1.889451239669421
1,432,-1.8745651245117188,-1.8745652892561988
1,433,-1.8598047494888306,-1.8598049586776864
1,434,-1.845170021057129,-1.8451702479338845
1,435,-1.8306610584259033,-1.8306611570247935
1,436,-1.8162775039672852,-1.8162776859504133
1,437,-1.802019715309143,-1.8020198347107437
1,438,-1.7878875732421875,-1.787887603305785
1,439,-1.773880958557129,-1.773880991735537
1,440,-1.7599999904632568,-1.7599999999999996
1,441,-1.7462445497512817,-1.746244628099174
1,442,-1.7326147556304932,-1.732614876033058
1,443,-1.7191107273101807,-1.719110743801653
1,444,-1.7057322263717651,-1.705732231404959
1,445,-1.6924793720245361,-1.692479338842975
1,446,-1.679352045059204,-1.6793520661157024
1,447,-1.6663503646850586,-1.6663504132231404
1,448,-1.6534743309020996,-1.6534743801652891
1,449,-1.6407239437103271,-1.6407239669421485
1,450,-1.6280992031097412,-1.6280991735537187
1,451,-1.6155999898910522,-1.6156000000000004
1,452,-1.6032265424728394,-1.603226446280992
1,453,-1.5909786224365234,-1.5909785123966944
1,454,-1.5788562297821045,-1.5788561983471077
1,455,-1.5668596029281616,-1.5668595041322315
1,456,-1.5549886226654053,-1.5549884297520662
1,457,-1.5432430505752563,-1.5432429752066112
1,458,-1.5316232442855835,-1.5316231404958676
1,459,-1.5201290845870972,-1.5201289256198345
1,460,-1.5087604522705078,-1.5087603305785127
1,461,-1.4975171089172363,-1.497517355371901
1,462,-1.48639976978302,-1.4864000000000002
1,463,-1.4754080772399902,-1.4754082644628101
1,464,-1.4645419120788574,-1.4645421487603305
1,465,-1.4538015127182007,-1.453801652892562
1,466,-1.443186640739441,-1.4431867768595041
1,467,-1.4326974153518677,-1.432697520661157
1,468,-1.4223337173461914,-1.4223338842975204
1,469,-1.4120957851409912,-1.4120958677685946
1,470,-1.401983380317688,-1.4019834710743804
1,471,-1.3919966220855713,-1.3919966942148763
1,472,-1.3821353912353516,-1.3821355371900828
1,473,-1.372399926185608,-1.3724
1,474,-1.3627899885177612,-1.362790082644628
1,475,-1.353305697441101,-1.353305785123967
1,476,-1.3439470529556274,-1.3439471074380165
1,477,-1.3347140550613403,-1.3347140495867766
1,478,-1.3256065845489502,-1.3256066115702478
1,479,-1.3166247606277466,-1.31662479338843
1,480,-1.3077685832977295,-1.3077685950413225
1,481,-1.299038052558899,-1.2990380165289257
1,482,-1.2904330492019653,-1.2904330578512397
1,483,-1.2819538116455078,-1.2819537190082646
1,484,-1.2735999822616577,-1.2736
1,485,-1.2653719186782837,-1.2653719008264461
1,486,-1.2572695016860962,-1.2572694214876032
1,487,-1.2492926120758057,-1.249292561983471
1,488,-1.2414413690567017,-1.2414413223140492
1,489,-1.2337157726287842,-1.233715702479339
1,490,-1.2261158227920532,-1.226115702479339
1,491,-1.2186414003372192,-1.2186413223140498
1,492,-1.2112926244735718,-1.2112925619834711
1,493,-1.2040694952011108,-1.2040694214876033
1,494,-1.1969720125198364,-1.1969719008264463
1,495,-1.1899998188018799,-1.19
1,496,-1.1831536293029785,-1.1831537190082644
1,497,-1.1764329671859741,-1.1764330578512394
1,498,-1.1698379516601562,-1.1698380165289257
1,499,-1.1633684635162354,-1.1633685950413224
1,500,-1.1570247411727905,-1.15702479338843
1,501,-1.1508065462112427,-1.150806611570248
1,502,-1.1447139978408813,-1.144714049586777
1,503,-1.138746976852417,-1.1387471074380164
1,504,-1.1329057216644287,-1.1329057851239668
1,505,-1.1271899938583374,-1.127190082644628
1,506,-1.1215999126434326,-1.1216
1,507,-1.1161354780197144,-1.1161355371900825
1,508,-1.1107966899871826,-1.1107966942148761
1,509,-1.1055834293365479,-1.1055834710743804
1,510,-1.1004958152770996,-1.1004958677685952
1,511,-1.095533847808838,-1.0955338842975206
1,512,-1.0906975269317627,-1.090697520661157
1,513,-1.0859867334365845,-1.0859867768595042
1,514,-1.0814015865325928,-1.0814016528925618
1,515,-1.0769422054290771,-1.0769421487603306
1,516,-1.072608232498169,-1.0726082644628099
1,517,-1.0684000253677368,-1.0684
1,518,-1.0643173456192017,-1.064317355371901
1,519,-1.060360312461853,-1.0603603305785125
1,520,-1.056528925895691,-1.0565289256198347
1,521,-1.0528231859207153,-1.052823140495868
1,522,-1.0492429733276367,-1.0492429752066115
1,523,-1.0457884073257446,-1.045788429752066
1,524,-1.042459487915039,-1.0424595041322313
1,525,-1.03925621509552,-1.0392561983471074
1,526,-1.0361785888671875,-1.0361785123966942
1,527,-1.033226490020752,-1.033226446280992
1,528,-1.030400037765503,-1.0304
1,529,-1.0276992321014404,-1.027699173553719
1,530,-1.025123953819275,-1.0251239669421488
1,531,-1.022674322128296,-1.0226743801652893
1,532,-1.0203503370285034,-1.0203504132231405
1,533,-1.0181519985198975,-1.0181520661157024
1,534,-1.016079306602478,-1.0160793388429752
1,535,-1.0141322612762451,-1.0141322314049586
1,536,-1.0123107433319092,-1.012310743801653
1,537,-1.0106148719787598,-1.010614876033058
1,538,-1.0090446472167969,-1.0090446280991736
1,539,-1.007599949836731,-1.0076
1,540,-1.0062810182571411,-1.006280991735537
1,541,-1.0050876140594482,-1.0050876033057852
1,542,-1.004019856452942,-1.0040198347107439
1,543,-1.0030776262283325,-1.0030776859504131
1,544,-1.0022611618041992,-1.0022611570247935
1,545,-1.001570224761963,-1.0015702479338844
1,546,-1.001004934310913,-1.001004958677686
1,547,-1.0005652904510498,-1.0005652892561983
1,548,-1.000251293182373,-1.0002512396694214
1,549,-1.0000628232955933,-1.0000628099173554
1,550,-1.0,-1.0
1,551,-1.0,-1.0
1,552,-1.0,-1.0
1,553,-1.0,-1.0
1,554,-1.0,-1.0
1,555,-1.0,-1.0
1,556,-1.0,-1.0
1,557,-1.0,-1.0
1,558,-1.0,-1.0
1,559,-1.0,-1.0
1,560,-1.0,-1.0
1,561,-1.0,-1.0
1,562,-1.0,-1.0
1,563,-1.0,-1.0
1,564,-1.0,-1.0
1,565,-1.0,-1.0
1,566,-1.0,-1.0
1,567,-1.0,-1.0
1,568,-1.0,-1.0
1,569,-1.0,-1.0
1,570,-1.0,-1.0
1,571,-1.0,-1.0
1,572,-1.0,-1.0
1,573,-1.0,-1.0
1,574,-1.0,-1.0
1,575,-1.0,-1.0
1,576,-1.0,-1.0
1,577,-1.0,-1.0
1,578,-1.0,-1.0
1,579,-1.0,-1.0
1,580,-1.0,-1.0
1,581,-1.0,-1.0
1,582,-1.0,-1.0
1,583,-1.0,-1.0
1,584,-1.0,-1.0
1,585,-1.0,-1.0
1,586,-1.0,-1.0
1,587,-1.0,-1.0
1,588,-1.0,-1.0
1,589,-1.0,-1.0
1,590,-1.0,-1.0
1,591,-1.0,-1.0
1,592,-1.0,-1.0
1,593,-1.0,-1.0
1,594,-1.0,-1.0
1,595,-1.0,-1.0
1,596,-1.0,-1.0
1,597,-1.0,-1.0
1,598,-1.0,-1.0
1,599,-1.0,-1.0
1,600,-1.0,-1.0
1,601,-1.0,-1.0
1,602,-1.0,-1.0
1,603,-1.0,-1.0
1,604,-1.0,-1.0
1,605,-1.0,-1.0
1,606,-1.0,-1.0
1,607,-1.0,-1.0
1,608,-1.0,-1.0
1,609,-1.0,-1.0
1,610,-1.0,-1.0
1,611,-1.0,-1.0
1,612,-1.0,-1.0
1,613,-1.0,-1.0
1,614,-1.0,-1.0
1,615,-1.0,-1.0
1,616,-1.0,-1.0
1,617,-1.0,-1.0
1,618,-1.0,-1.0
1,619,-1.0,-1.0
1,620,-1.0,-1.0
1,621,-1.0,-1.0
1,622,-1.0,-1.0
1,623,-1.0,-1.0
1,624,-1.0,-1.0
1,625,-1.0,-1.0
1,626,-1.0,-1.0
1,627,-1.0,-1.0
1,628,-1.0,-1.0
1,629,-1.0,-1.0
1,630,-1.0,-1.0
1,631,-1.0,-1.0
1,632,-1.0,-1.0
1,633,-1.0,-1.0
1,634,-1.0,-1.0
1,635,-1.0,-1.0
1,636,-1.0,-1.0
1,637,-1.0,-1.0
1,638,-1.0,-1.0
1,639,-1.0,-1.0
1,640,-1.0,-1.0
1,641,-1.0,-1.0
1,642,-1.0,-1.0
1,643,-1.0,-1.0
1,644,-1.0,-1.0
1,645,-1.0,-1.0
1,646,-1.0,-1.0
1,647,-1.0,-1.0
1,648,-1.0,-1.0
1,649,-1.0,-1.0
1,650,-1.0,-1.0
1,651,-0.9992843866348267,-0.9992844364937388
1,652,-0.9985688924789429,-0.9985688729874777
1,653,-0.9978532791137695,-0.9978533094812164
1,654,-0.9971377849578857,-0.9971377459749553
1,655,-0.9964221715927124,-0.9964221824686941
1,656,-0.9957066774368286,-0.995706618962433
1,657,-0.9949910640716553,-0.9949910554561717
1,658,-0.9942754507064819,-0.9942754919499106
1,659,-0.9935599565505981,-0.9935599284436494
1,660,-0.9928443431854248,-0.9928443649373881
1,661,-0.992128849029541,-0.992128801431127
1,662,-0.9914132356643677,-0.9914132379248658
1,663,-0.9906976222991943,-0.9906976744186047
1,664,-0.9899821281433105,-0.9899821109123434
1,665,-0.9892665147781372,-0.9892665474060823
1,666,-0.9885510206222534,-0.9885509838998211
1,667,-0.9878354072570801,-0.98783542039356
1,668,-0.9871199131011963,-0.9871198568872988
1,669,-0.986404299736023,-0.9864042933810375
1,670,-0.9856886863708496,-0.9856887298747764
1,671,-0.9849731922149658,-0.9849731663685152
1,672,-0.9842575788497925,-0.984257602862254
1,673,-0.9835420846939087,-0.9835420393559928
1,674,-0.9828264713287354,-0.9828264758497317
1,675,-0.982110857963562,-0.9821109123434705
1,676,-0.9813953638076782,-0.9813953488372094
1,677,-0.9806797504425049,-0.9806797853309481
1,678,-0.9799642562866211,-0.9799642218246869
1,679,-0.9792486429214478,-0.9792486583184258
1,680,-0.978533148765564,-0.9785330948121646
1,681,-0.9778175354003906,-0.9778175313059034
1,682,-0.9771019220352173,-0.9771019677996422
1,683,-0.9763864278793335,-0.9763864042933811
1,684,-0.9756708145141602,-0.9756708407871199
1,685,-0.9749553203582764,-0.9749552772808586
1,686,-0.974239706993103,-0.9742397137745975
1,687,-0.9735240936279297,-0.9735241502683363
1,688,-0.9728085994720459,-0.9728085867620752
1,689,-0.9720929861068726,-0.9720930232558139
1,690,-0.9713774919509888,-0.9713774597495528
1,691,-0.9706618785858154,-0.9706618962432916
1,692,-0.9699463844299316,-0.9699463327370305
1,693,-0.9692307710647583,-0.9692307692307692
1,694,-0.968515157699585,-0.968515205724508
1,695,-0.9677996635437012,-0.9677996422182469
1,696,-0.9670840501785278,-0.9670840787119857
1,697,-0.966368556022644,-0.9663685152057245
1,698,-0.9656529426574707,-0.9656529516994633
1,699,-0.9649374485015869,-0.9649373881932022
1,700,-0.9642218351364136,-0.964221824686941
1,701,-0.9635062217712402,-0.9635062611806798
1,702,-0.9627907276153564,-0.9627906976744186
1,703,-0.9620751142501831,-0.9620751341681574
1,704,-0.9613596200942993,-0.9613595706618963
1,705,-0.960644006729126,-0.960644007155635
1,706,-0.9599283933639526,-0.9599284436493739
1,707,-0.9592128992080688,-0.9592128801431127
1,708,-0.9584972858428955,-0.9584973166368516
1,709,-0.9577817916870117,-0.9577817531305903
1,710,-0.9570661783218384,-0.9570661896243292
1,711,-0.9563506841659546,-0.956350626118068
1,712,-0.9556350708007812,-0.9556350626118068
1,713,-0.9549194574356079,-0.9549194991055456
1,714,-0.9542039632797241,-0.9542039355992844
1,715,-0.9534883499145508,-0.9534883720930233
1,716,-0.952772855758667,-0.952772808586762
1,717,-0.9520572423934937,-0.9520572450805009
1,718,-0.9513416290283203,-0.9513416815742397
1,719,-0.9506261348724365,-0.9506261180679785
1,720,-0.9499105215072632,-0.9499105545617174
1,721,-0.9491950273513794,-0.9491949910554561
1,722,-0.948479413986206,-0.948479427549195
1,723,-0.9477639198303223,-0.9477638640429338
1,724,-0.9470483064651489,-0.9470483005366727
1,725,-0.9463326930999756,-0.9463327370304114
1,726,-0.9456171989440918,-0.9456171735241503
1,727,-0.9449015855789185,-0.9449016100178891
1,728,-0.9441860914230347,-0.9441860465116279
1,729,-0.9434704780578613,-0.9434704830053667
1,730,-0.942754864692688,-0.9427549194991055
1,731,-0.9420393705368042,-0.9420393559928444
1,732,-0.9413237571716309,-0.9413237924865832
1,733,-0.9406082630157471,-0.940608228980322
1,734,-0.9398926496505737,-0.9398926654740608
1,735,-0.9391771554946899,-0.9391771019677997
1,736,-0.9384615421295166,-0.9384615384615385
1,737,-0.9377459287643433,-0.9377459749552772
1,738,-0.9370304346084595,-0.9370304114490161
1,739,-0.9363148212432861,-0.9363148479427549
1,740,-0.9355993270874023,-0.9355992844364938
1,741,-0.934883713722229,-0.9348837209302325
1,742,-0.9341681003570557,-0.9341681574239714
1,743,-0.9334526062011719,-0.9334525939177102
1,744,-0.9327369928359985,-0.9327370304114491
1,745,-0.9320214986801147,-0.9320214669051878
1,746,-0.9313058853149414,-0.9313059033989266
1,747,-0.9305903911590576,-0.9305903398926655
1,748,-0.9298747777938843,-0.9298747763864043
1,749,-0.9291591644287109,-0.9291592128801431
1,750,-0.9284436702728271,-0.9284436493738819
1,751,-0.9277280569076538,-0.9277280858676208
1,752,-0.92701256275177,-0.9270125223613596
1,753,-0.9262969493865967,-0.9262969588550984
1,754,-0.9255814552307129,-0.9255813953488372
1,755,-0.9248658418655396,-0.924865831842576
1,756,-0.9241502285003662,-0.9241502683363149
1,757,-0.9234347343444824,-0.9234347048300536
1,758,-0.9227191209793091,-0.9227191413237925
1,759,-0.9220036268234253,-0.9220035778175313
1,760,-0.921288013458252,-0.9212880143112702
1,761,-0.9205724000930786,-0.9205724508050089
1,762,-0.9198569059371948,-0.9198568872987478
1,763,-0.9191412925720215,-0.9191413237924866
1,764,-0.9184257984161377,-0.9184257602862254
1,765,-0.9177101850509644,-0.9177101967799642
1,766,-0.9169946908950806,-0.916994633273703
1,767,-0.9162790775299072,-0.9162790697674419
1,768,-0.9155634641647339,-0.9155635062611807
1,769,-0.9148479700088501,-0.9148479427549195
1,770,-0.9141323566436768,-0.9141323792486583
1,771,-0.913416862487793,-0.9134168157423972
1,772,-0.9127012491226196,-0.912701252236136
1,773,-0.9119856357574463,-0.9119856887298747
1,774,-0.9112701416015625,-0.9112701252236136
1,775,-0.9105545282363892,-0.9105545617173524
1,776,-0.9098390340805054,-0.9098389982110913
1,777,-0.909123420715332,-0.90912343470483
1,778,-0.9084079265594482,-0.9084078711985689
1,779,-0.9076923131942749,-0.9076923076923077
1,780,-0.9069766998291016,-0.9069767441860466
1,781,-0.9062612056732178,-0.9062611806797853
1,782,-0.9055455923080444,-0.9055456171735241
1,783,-0.9048300981521606,-0.904830053667263
1,784,-0.9041144847869873,-0.9041144901610018
1,785,-0.9033989906311035,-0.9033989266547406
1,786,-0.9026833772659302,-0.9026833631484794
1,787,-0.9019677639007568,-0.9019677996422183
1,788,-0.901252269744873,-0.9012522361359571
1,789,-0.9005366563796997,-0.900536672629696
1,790,-0.8998211622238159,-0.8998211091234347
1,791,-0.8991055488586426,-0.8991055456171735
1,792,-0.8983899354934692,-0.8983899821109124
1,793,-0.8976744413375854,-0.8976744186046511
1,794,-0.8969588279724121,-0.89695885509839
1,795,-0.8962433338165283,-0.8962432915921288
1,796,-0.895527720451355,-0.8955277280858677
1,797,-0.8948121070861816,-0.8948121645796064
1,798,-0.8940966129302979,-0.8940966010733453
1,799,-0.8933809995651245,-0.8933810375670841
1,800,-0.8926655054092407,-0.8926654740608229
1,801,-0.8919498920440674,-0.8919499105545617
1,802,-0.8912343978881836,-0.8912343470483005
1,803,-0.8905187845230103,-0.8905187835420394
1,804,-0.8898031711578369,-0.8898032200357782
1,805,-0.8890876770019531,-0.8890876565295169
1,806,-0.8883720636367798,-0.8883720930232558
1,807,-0.887656569480896,-0.8876565295169946
1,808,-0.8869409561157227,-0.8869409660107335
1,809,-0.8862254619598389,-0.8862254025044722
1,810,-0.8855098485946655,-0.8855098389982111
1,811,-0.8847942352294922,-0.8847942754919499
1,812,-0.8840787410736084,-0.8840787119856888
1,813,-0.8833631277084351,-0.8833631484794275
1,814,-0.8826476335525513,-0.8826475849731663
1,815,-0.8819320201873779,-0.8819320214669052
1,816,-0.8812164068222046,-0.881216457960644
1,817,-0.8805009126663208,-0.8805008944543828
1,818,-0.8797852993011475,-0.8797853309481216
1,819,-0.8790698051452637,-0.8790697674418605
1,820,-0.8783541917800903,-0.8783542039355993
1,821,-0.8776386976242065,-0.8776386404293381
1,822,-0.8769230842590332,-0.8769230769230769
1,823,-0.8762074708938599,-0.8762075134168157
1,824,-0.8754919767379761,-0.8754919499105546
1,825,-0.8747763633728027,-0.8747763864042934
1,826,-0.874060869216919,-0.8740608228980322
1,827,-0.8733452558517456,-0.873345259391771
1,828,-0.8726296424865723,-0.8726296958855099
1,829,-0.8719141483306885,-0.8719141323792486
1,830,-0.8711985349655151,-0.8711985688729875
1,831,-0.8704830408096313,-0.8704830053667263
1,832,-0.869767427444458,-0.8697674418604651
1,833,-0.8690519332885742,-0.8690518783542039
1,834,-0.8683363199234009,-0.8683363148479427
1,835,-0.8676207065582275,-0.8676207513416816
1,836,-0.8669052124023438,-0.8669051878354204
1,837,-0.8661895990371704,-0.8661896243291592
1,838,-0.8654741048812866,-0.865474060822898
1,839,-0.8647584915161133,-0.8647584973166369
1,840,-0.8640429973602295,-0.8640429338103757
1,841,-0.8633273839950562,-0.8633273703041144
1,842,-0.8626117706298828,-0.8626118067978533
1,843,-0.861896276473999,-0.8618962432915921
1,844,-0.8611806631088257,-0.861180679785331
1,845,-0.8604651689529419,-0.8604651162790697
1,846,-0.8597495555877686,-0.8597495527728086
1,847,-0.8590339422225952,-0.8590339892665474
1,848,-0.8583184480667114,-0.8583184257602863
1,849,-0.8576028347015381,-0.857602862254025
1,850,-0.8568873405456543,-0.8568872987477638
1,851,-0.856171727180481,-0.8561717352415027
1,852,-0.8554561138153076,-0.8554561717352415
1,853,-0.8547406196594238,-0.8547406082289803
1,854,-0.8540250062942505,-0.8540250447227191
1,855,-0.8533095121383667,-0.853309481216458
1,856,-0.8525938987731934,-0.8525939177101968
1,857,-0.8518784046173096,-0.8518783542039357
1,858,-0.8511627912521362,-0.8511627906976744
1,859,-0.8504471778869629,-0.8504472271914132
1,860,-0.8497316837310791,-0.8497316636851521
1,861,-0.8490160703659058,-0.8490161001788908
1,862,-0.848300576210022,-0.8483005366726297
1,863,-0.8475849628448486,-0.8475849731663685
1,864,-0.8468694686889648,-0.8468694096601074
1,865,-0.8461538553237915,-0.8461538461538461
1,866,-0.8454382419586182,-0.845438282647585
1,867,-0.8447227478027344,-0.8447227191413238
1,868,-0.844007134437561,-0.8440071556350626
1,869,-0.8432916402816772,-0.8432915921288014
1,870,-0.8425760269165039,-0.8425760286225402
1,871,-0.8418605327606201,-0.8418604651162791
1,872,-0.8411449193954468,-0.8411449016100179
1,873,-0.8404293060302734,-0.8404293381037566
1,874,-0.8397138118743896,-0.8397137745974955
1,875,-0.8389981985092163,-0.8389982110912344
1,876,-0.8382827043533325,-0.8382826475849732
1,877,-0.8375670909881592,-0.8375670840787119
1,878,-0.8368514776229858,-0.8368515205724508
1,879,-0.836135983467102,-0.8361359570661896
1,880,-0.8354203701019287,-0.8354203935599285
1,881,-0.8347048759460449,-0.8347048300536672
1,882,-0.8339892625808716,-0.833989266547406
1,883,-0.8332736492156982,-0.8332737030411449
1,884,-0.8325581550598145,-0.8325581395348838
1,885,-0.8318425416946411,-0.8318425760286225
1,886,-0.8311270475387573,-0.8311270125223613
1,887,-0.830411434173584,-0.8304114490161002
1,888,-0.8296959400177002,-0.829695885509839
1,889,-0.8289803266525269,-0.8289803220035779
1,890,-0.8282647132873535,-0.8282647584973166
1,891,-0.8275492191314697,-0.8275491949910554
1,892,-0.8268336057662964,-0.8268336314847943
1,893,-0.8261181116104126,-0.8261180679785332
1,894,-0.8254024982452393,-0.8254025044722719
1,895,-0.8246870040893555,-0.8246869409660107
1,896,-0.8239713907241821,-0.8239713774597496
1,897,-0.8232557773590088,-0.8232558139534883
1,898,-0.822540283203125,-0.8225402504472272
1,899,-0.8218246698379517,-0.821824686940966
1,900,-0.8211091756820679,-0.8211091234347048
1,901,-0.8203935623168945,-0.8203935599284436
1,902,-0.8196780681610107,-0.8196779964221825
1,903,-0.8189624547958374,-0.8189624329159213
1,904,-0.8182468414306641,-0.8182468694096601
1,905,-0.8175313472747803,-0.817531305903399
1,906,-0.8168157339096069,-0.8168157423971377
1,907,-0.8161001205444336,-0.8161001788908766
1,908,-0.8153846263885498,-0.8153846153846154
1,909,-0.8146690130233765,-0.8146690518783541
1,910,-0.8139535188674927,-0.813953488372093
1,911,-0.8132379055023193,-0.8132379248658319
1,912,-0.8125224113464355,-0.8125223613595707
1,913,-0.8118067979812622,-0.8118067978533094
1,914,-0.8110911846160889,-0.8110912343470483
1,915,-0.8103756904602051,-0.8103756708407871
1,916,-0.8096600770950317,-0.809660107334526
1,917,-0.808944582939148,-0.8089445438282648
1,918,-0.8082289695739746,-0.8082289803220035
1,919,-0.8075134754180908,-0.8075134168157424
1,920,-0.8067978620529175,-0.8067978533094813
1,921,-0.8060822486877441,-0.80608228980322
1,922,-0.8053667545318604,-0.8053667262969588
1,923,-0.804651141166687,-0.8046511627906977
1,924,-0.8039356470108032,-0.8039355992844365
1,925,-0.8032200336456299,-0.8032200357781754
1,926,-0.8025045394897461,-0.8025044722719141
1,927,-0.8017889261245728,-0.8017889087656529
1,928,-0.8010733127593994,-0.8010733452593918
1,929,-0.8003578186035156,-0.8003577817531307
1,930,-0.7996422052383423,-0.7996422182468694
1,931,-0.7989267110824585,-0.7989266547406082
1,932,-0.7982110977172852,-0.7982110912343471
1,933,-0.7974954843521118,-0.7974955277280859
1,934,-0.796779990196228,-0.7967799642218247
1,935,-0.7960643768310547,-0.7960644007155635
1,936,-0.7953488826751709,-0.7953488372093023
1,937,-0.7946332693099976,-0.7946332737030412
1,938,-0.7939176559448242,-0.7939177101967799
1,939,-0.7932021617889404,-0.7932021466905188
1,940,-0.7924865484237671,-0.7924865831842576
1,941,-0.7917710542678833,-0.7917710196779965
1,942,-0.79105544090271,-0.7910554561717352
1,943,-0.7903399467468262,-0.7903398926654741
1,944,-0.7896243333816528,-0.7896243291592129
1,945,-0.7889087200164795,-0.7889087656529516
1,946,-0.7881932258605957,-0.7881932021466905
1,947,-0.7874776124954224,-0.7874776386404293
1,948,-0.7867621183395386,-0.7867620751341682
1,949,-0.7860465049743652,-0.786046511627907
1,950,-0.7853310108184814,-0.7853309481216458
1,951,-0.7846153974533081,-0.7846153846153846
1,952,-0.7838997840881348,-0.7838998211091235
1,953,-0.783184289932251,-0.7831842576028623
1,954,-0.7824686765670776,-0.782468694096601
1,955,-0.7817531824111938,-0.7817531305903399
1,956,-0.7810375690460205,-0.7810375670840787
1,957,-0.7803220748901367,-0.7803220035778176
1,958,-0.7796064615249634,-0.7796064400715563
1,959,-0.77889084815979,-0.7788908765652952
1,960,-0.7781753540039062,-0.778175313059034
1,961,-0.7774597406387329,-0.7774597495527729
1,962,-0.7767441272735596,-0.7767441860465116
1,963,-0.7760286331176758,-0.7760286225402504
1,964,-0.7753130197525024,-0.7753130590339893
1,965,-0.7745975255966187,-0.774597495527728
1,966,-0.7738819122314453,-0.7738819320214669
1,967,-0.7731664180755615,-0.7731663685152057
1,968,-0.7724508047103882,-0.7724508050089446
1,969,-0.7717351913452148,-0.7717352415026834
1,970,-0.771019697189331,-0.7710196779964222
1,971,-0.7703040838241577,-0.770304114490161
1,972,-0.7695885896682739,-0.7695885509838998
1,973,-0.7688729763031006,-0.7688729874776387
1,974,-0.7681574821472168,-0.7681574239713774
1,975,-0.7674418687820435,-0.7674418604651163
1,976,-0.7667262554168701,-0.7667262969588551
1,977,-0.7660107612609863,-0.7660107334525939
1,978,-0.765295147895813,-0.7652951699463327
1,979,-0.7645796537399292,-0.7645796064400716
1,980,-0.7638640403747559,-0.7638640429338104
1,981,-0.7631485462188721,-0.7631484794275492
1,982,-0.7624329328536987,-0.762432915921288
1,983,-0.7617173194885254,-0.7617173524150268
1,984,-0.7610018253326416,-0.7610017889087657
1,985,-0.7602862119674683,-0.7602862254025045
1,986,-0.7595707178115845,-0.7595706618962432
1,987,-0.7588551044464111,-0.7588550983899821
1,988,-0.7581396102905273,-0.758139534883721
1,989,-0.757423996925354,-0.7574239713774598
1,990,-0.7567083835601807,-0.7567084078711985
1,991,-0.7559928894042969,-0.7559928443649374
1,992,-0.7552772760391235,-0.7552772808586762
1,993,-0.7545616626739502,-0.7545617173524151
1,994,-0.7538461685180664,-0.7538461538461538
1,995,-0.7531305551528931,-0.7531305903398926
1,996,-0.7524150609970093,-0.7524150268336315
1,997,-0.7516994476318359,-0.7516994633273704
1,998,-0.7509839534759521,-0.7509838998211091
1,999,-0.7502683401107788,-0.7502683363148479
1,1000,-0.7495527267456055,-0.7495527728085868
1,1001,-0.7488372325897217,-0.7488372093023256
1,1002,-0.7481216192245483,-0.7481216457960644
1,1003,-0.7474061250686646,-0.7474060822898032
1,1004,-0.7466905117034912,-0.746690518783542
1,1005,-0.7459750175476074,-0.7459749552772809
1,1006,-0.7452594041824341,-0.7452593917710197
1,1007,-0.7445437908172607,-0.7445438282647585
1,1008,-0.743828296661377,-0.7438282647584973
1,1009,-0.7431126832962036,-0.7431127012522362
1,1010,-0.7423971891403198,-0.7423971377459749
1,1011,-0.7416815757751465,-0.7416815742397138
1,1012,-0.7409660816192627,-0.7409660107334526
1,1013,-0.7402504682540894,-0.7402504472271914
1,1014,-0.739534854888916,-0.7395348837209302
1,1015,-0.7388193607330322,-0.7388193202146691
1,1016,-0.7381037473678589,-0.7381037567084079
1,1017,-0.7373881340026855,-0.7373881932021467
1,1018,-0.7366726398468018,-0.7366726296958854
1,1019,-0.735957145690918,-0.7359570661896243
1,1020,-0.7352415323257446,-0.7352415026833632
1,1021,-0.7345259189605713,-0.734525939177102
1,1022,-0.7338104248046875,-0.7338103756708407
1,1023,-0.7330948114395142,-0.7330948121645796
1,1024,-0.7323791980743408,-0.7323792486583185
1,1025,-0.731663703918457,-0.7316636851520573
1,1026,-0.7309480905532837,-0.730948121645796
1,1027,-0.7302325963973999,-0.7302325581395348
1,1028,-0.7295169830322266,-0.7295169946332737
1,1029,-0.7288014888763428,-0.7288014311270126
1,1030,-0.7280858755111694,-0.7280858676207513
1,1031,-0.7273702621459961,-0.7273703041144901
1,1032,-0.7266547679901123,-0.726654740608229
1,1033,-0.725939154624939,-0.7259391771019679
1,1034,-0.7252236604690552,-0.7252236135957066
1,1035,-0.7245080471038818,-0.7245080500894454
1,1036,-0.723792552947998,-0.7237924865831842
1,1037,-0.7230769395828247,-0.7230769230769231
1,1038,-0.7223613262176514,-0.7223613595706619
1,1039,-0.7216458320617676,-0.7216457960644007
1,1040,-0.7209302186965942,-0.7209302325581395
1,1041,-0.7202146053314209,-0.7202146690518784
1,1042,-0.7194991111755371,-0.7194991055456172
1,1043,-0.7187836170196533,-0.718783542039356
1,1044,-0.71806800365448,-0.7180679785330948
1,1045,-0.7173523902893066,-0.7173524150268336
1,1046,-0.7166368961334229,-0.7166368515205724
1,1047,-0.7159212827682495,-0.7159212880143113
1,1048,-0.7152056694030762,-0.7152057245080501
1,1049,-0.7144901752471924,-0.7144901610017889
1,1050,-0.7137746810913086,-0.7137745974955277
1,1051,-0.7130590677261353,-0.7130590339892666
1,1052,-0.7123434543609619,-0.7123434704830054
1,1053,-0.7116279602050781,-0.7116279069767442
1,1054,-0.7109123468399048,-0.7109123434704829
1,1055,-0.7101967334747314,-0.7101967799642218
1,1056,-0.7094812393188477,-0.7094812164579607
1,1057,-0.7087656259536743,-0.7087656529516995
1,1058,-0.7080501317977905,-0.7080500894454382
1,1059,-0.7073345184326172,-0.7073345259391771
1,1060,-0.7066190242767334,-0.706618962432916
1,1061,-0.7059034109115601,-0.7059033989266548
1,1062,-0.7051877975463867,-0.7051878354203935
1,1063,-0.7044723033905029,-0.7044722719141323
1,1064,-0.7037566900253296,-0.7037567084078712
1,1065,-0.7030411958694458,-0.7030411449016101
1,1066,-0.7023255825042725,-0.7023255813953488
1,1067,-0.7016100883483887,-0.7016100178890876
1,1068,-0.7008944749832153,-0.7008944543828265
1,1069,-0.700178861618042,-0.7001788908765654
1,1070,-0.6994633674621582,-0.6994633273703041
1,1071,-0.6987477540969849,-0.6987477638640429
1,1072,-0.6980321407318115,-0.6980322003577817
1,1073,-0.6973166465759277,-0.6973166368515206
1,1074,-0.696601152420044,-0.6966010733452594
1,1075,-0.6958855390548706,-0.6958855098389982
1,1076,-0.6951699256896973,-0.695169946332737
1,1077,-0.6944544315338135,-0.6944543828264759
1,1078,-0.6937388181686401,-0.6937388193202148
1,1079,-0.6930232048034668,-0.6930232558139535
1,1080,-0.692307710647583,-0.6923076923076923
1,1081,-0.6915920972824097,-0.6915921288014311
1,1082,-0.6908766031265259,-0.6908765652951699
1,1083,-0.6901609897613525,-0.6901610017889088
1,1084,-0.6894454956054688,-0.6894454382826476
1,1085,-0.6887298822402954,-0.6887298747763864
1,1086,-0.6880142688751221,-0.6880143112701252
1,1087,-0.6872987747192383,-0.687298747763864
1,1088,-0.6865831613540649,-0.6865831842576029
1,1089,-0.6858676671981812,-0.6858676207513417
1,1090,-0.6851520538330078,-0.6851520572450804
1,1091,-0.684436559677124,-0.6844364937388193
1,1092,-0.6837209463119507,-0.6837209302325582
1,1093,-0.6830053329467773,-0.683005366726297
1,1094,-0.6822898387908936,-0.6822898032200357
1,1095,-0.6815742254257202,-0.6815742397137746
1,1096,-0.6808587312698364,-0.6808586762075134
1,1097,-0.6801431179046631,-0.6801431127012523
1,1098,-0.6794276237487793,-0.679427549194991
1,1099,-0.678712010383606,-0.6787119856887298
1,1100,-0.6779963970184326,-0.6779964221824687
1,1101,-0.6772809028625488,-0.6772808586762076
1,1102,-0.6765652894973755,-0.6765652951699463
1,1103,-0.6758496761322021,-0.6758497316636851
1,1104,-0.6751341819763184,-0.675134168157424
1,1105,-0.6744186878204346,-0.6744186046511628
1,1106,-0.6737030744552612,-0.6737030411449016
1,1107,-0.6729874610900879,-0.6729874776386404
1,1108,-0.6722719669342041,-0.6722719141323792
1,1109,-0.6715563535690308,-0.6715563506261181
1,1110,-0.6708407402038574,-0.670840787119857
1,1111,-0.6701252460479736,-0.6701252236135957
1,1112,-0.6694096326828003,-0.6694096601073345
1,1113,-0.6686941385269165,-0.6686940966010733
1,1114,-0.6679785251617432,-0.6679785330948121
1,1115,-0.6672630310058594,-0.667262969588551
1,1116,-0.666547417640686,-0.6665474060822898
1,1117,-0.6658318042755127,-0.6658318425760286
1,1118,-0.6651163101196289,-0.6651162790697674
1,1119,-0.6644006967544556,-0.6644007155635063
1,1120,-0.6636852025985718,-0.6636851520572451
1,1121,-0.6629695892333984,-0.6629695885509839
1,1122,-0.6622540950775146,-0.6622540250447226
1,1123,-0.6615384817123413,-0.6615384615384615
1,1124,-0.660822868347168,-0.6608228980322004
1,1125,-0.6601073741912842,-0.6601073345259392
1,1126,-0.6593917608261108,-0.6593917710196779
1,1127,-0.6586761474609375,-0.6586762075134168
1,1128,-0.6579606533050537,-0.6579606440071557
1,1129,-0.6572451591491699,-0.6572450805008945
1,1130,-0.6565295457839966,-0.6565295169946332
1,1131,-0.6558139324188232,-0.655813953488372
1,1132,-0.6550984382629395,-0.6550983899821109
1,1133,-0.6543828248977661,-0.6543828264758498
1,1134,-0.6536672115325928,-0.6536672629695885
1,1135,-0.652951717376709,-0.6529516994633273
1,1136,-0.6522361040115356,-0.6522361359570662
1,1137,-0.6515206098556519,-0.6515205724508051
1,1138,-0.6508049964904785,-0.6508050089445439
1,1139,-0.6500895023345947,-0.6500894454382826
1,1140,-0.6493738889694214,-0.6493738819320214
1,1141,-0.648658275604248,-0.6486583184257603
1,1142,-0.6479427814483643,-0.6479427549194992
1,1143,-0.6472271680831909,-0.6472271914132379
1,1144,-0.6465116739273071,-0.6465116279069767
1,1145,-0.6457960605621338,-0.6457960644007156
1,1146,-0.64508056640625,-0.6450805008944545
1,1147,-0.6443649530410767,-0.6443649373881932
1,1148,-0.6436493396759033,-0.643649373881932
1,1149,-0.6429338455200195,-0.6429338103756708
1,1150,-0.6422182321548462,-0.6422182468694096
1,1151,-0.6415027379989624,-0.6415026833631485
1,1152,-0.6407871246337891,-0.6407871198568873
1,1153,-0.6400716304779053,-0.6400715563506261
1,1154,-0.6393560171127319,-0.639355992844365
1,1155,-0.6386404037475586,-0.6386404293381038
1,1156,-0.6379249095916748,-0.6379248658318426
1,1157,-0.6372092962265015,-0.6372093023255814
1,1158,-0.6364936828613281,-0.6364937388193201
1,1159,-0.6357781887054443,-0.635778175313059
1,1160,-0.6350626945495605,-0.6350626118067979
1,1161,-0.6343470811843872,-0.6343470483005367
1,1162,-0.6336314678192139,-0.6336314847942754
1,1163,-0.6329159736633301,-0.6329159212880143
1,1164,-0.6322003602981567,-0.6322003577817532
1,1165,-0.6314847469329834,-0.631484794275492
1,1166,-0.6307692527770996,-0.6307692307692307
1,1167,-0.6300536394119263,-0.6300536672629695
1,1168,-0.6293381452560425,-0.6293381037567084
1,1169,-0.6286225318908691,-0.6286225402504473
1,1170,-0.6279070377349854,-0.627906976744186
1,1171,-0.627191424369812,-0.6271914132379248
1,1172,-0.6264758110046387,-0.6264758497316637
1,1173,-0.6257603168487549,-0.6257602862254026
1,1174,-0.6250447034835815,-0.6250447227191414
1,1175,-0.6243292093276978,-0.6243291592128801
1,1176,-0.6236135959625244,-0.6236135957066189
1,1177,-0.6228981018066406,-0.6228980322003578
1,1178,-0.6221824884414673,-0.6221824686940967
1,1179,-0.621466875076294,-0.6214669051878354
1,1180,-0.6207513809204102,-0.6207513416815742
1,1181,-0.6200357675552368,-0.6200357781753131
1,1182,-0.6193201541900635,-0.619320214669052
1,1183,-0.6186046600341797,-0.6186046511627907
1,1184,-0.6178891658782959,-0.6178890876565295
1,1185,-0.6171735525131226,-0.6171735241502683
1,1186,-0.6164579391479492,-0.6164579606440072
1,1187,-0.6157424449920654,-0.615742397137746
1,1188,-0.6150268316268921,-0.6150268336314848
1,1189,-0.6143112182617188,-0.6143112701252236
1,1190,-0.613595724105835,-0.6135957066189625
1,1191,-0.6128802299499512,-0.6128801431127012
1,1192,-0.6121646165847778,-0.6121645796064401
1,1193,-0.6114490032196045,-0.6114490161001789
1,1194,-0.6107335090637207,-0.6107334525939176
1,1195,-0.6100178956985474,-0.6100178890876565
1,1196,-0.609302282333374,-0.6093023255813954
1,1197,-0.6085867881774902,-0.6085867620751342
1,1198,-0.6078711748123169,-0.607871198568873
1,1199,-0.6071556806564331,-0.6071556350626118
1,1200,-0.6064400672912598,-0.6064400715563506
1,1201,-0.605724573135376,-0.6057245080500895
1,1202,-0.6050089597702026,-0.6050089445438283
1,1203,-0.6042933464050293,-0.604293381037567
1,1204,-0.6035778522491455,-0.6035778175313059
1,1205,-0.6028622388839722,-0.6028622540250448
1,1206,-0.6021467447280884,-0.6021466905187836
1,1207,-0.601431131362915,-0.6014311270125223
1,1208,-0.6007156372070312,-0.6007155635062612
1,1209,-0.6000000238418579,-0.6
1,1210,-0.5992844104766846,-0.5992844364937389
1,1211,-0.5985689163208008,-0.5985688729874776
1,1212,-0.5978533029556274,-0.5978533094812164
1,1213,-0.5971376895904541,-0.5971377459749553
1,1214,-0.5964221954345703,-0.5964221824686942
1,1215,-0.5957067012786865,-0.5957066189624329
1,1216,-0.5949910879135132,-0.5949910554561717
1,1217,-0.5942754745483398,-0.5942754919499105
1,1218,-0.593559980392456,-0.5935599284436494
1,1219,-0.5928443670272827,-0.5928443649373882
1,1220,-0.5921287536621094,-0.592128801431127
1,1221,-0.5914132595062256,-0.5914132379248658
1,1222,-0.5906976461410522,-0.5906976744186047
1,1223,-0.5899821519851685,-0.5899821109123435
1,1224,-0.5892665386199951,-0.5892665474060823
1,1225,-0.5885510444641113,-0.5885509838998211
1,1226,-0.587835431098938,-0.5878354203935598
1,1227,-0.5871198177337646,-0.5871198568872987
1,1228,-0.5864043235778809,-0.5864042933810376
1,1229,-0.5856887102127075,-0.5856887298747764
1,1230,-0.5849732160568237,-0.5849731663685152
1,1231,-0.5842576026916504,-0.584257602862254
1,1232,-0.5835421085357666,-0.5835420393559929
1,1233,-0.5828264951705933,-0.5828264758497317
1,1234,-0.5821108818054199,-0.5821109123434705
1,1235,-0.5813953876495361,-0.5813953488372092
1,1236,-0.5806797742843628,-0.5806797853309481
1,1237,-0.579964280128479,-0.579964221824687
1,1238,-0.5792486667633057,-0.5792486583184258
1,1239,-0.5785331726074219,-0.5785330948121645
1,1240,-0.5778175592422485,-0.5778175313059034
1,1241,-0.5771019458770752,-0.5771019677996423
1,1242,-0.5763864517211914,-0.5763864042933811
1,1243,-0.5756708383560181,-0.5756708407871198
1,1244,-0.5749552249908447,-0.5749552772808586
1,1245,-0.5742397308349609,-0.5742397137745975
1,1246,-0.5735242366790771,-0.5735241502683364
1,1247,-0.5728086233139038,-0.5728085867620751
1,1248,-0.5720930099487305,-0.5720930232558139
1,1249,-0.5713775157928467,-0.5713774597495528
1,1250,-0.5706619024276733,-0.5706618962432917
1,1251,-0.5699462890625,-0.5699463327370304
1,1252,-0.5692307949066162,-0.5692307692307692
1,1253,-0.5685151815414429,-0.568515205724508
1,1254,-0.5677996873855591,-0.5677996422182469
1,1255,-0.5670840740203857,-0.5670840787119857
1,1256,-0.566368579864502,-0.5663685152057245
1,1257,-0.5656529664993286,-0.5656529516994633
1,1258,-0.5649373531341553,-0.5649373881932022
1,1259,-0.5642218589782715,-0.564221824686941
1,1260,-0.5635062456130981,-0.5635062611806798
1,1261,-0.5627907514572144,-0.5627906976744186
1,1262,-0.562075138092041,-0.5620751341681574
1,1263,-0.5613596439361572,-0.5613595706618962
1,1264,-0.5606440305709839,-0.5606440071556351
1,1265,-0.5599284172058105,-0.5599284436493739
1,1266,-0.5592129230499268,-0.5592128801431127
1,1267,-0.5584973096847534,-0.5584973166368515
1,1268,-0.5577816963195801,-0.5577817531305904
1,1269,-0.5570662021636963,-0.5570661896243292
1,1270,-0.5563507080078125,-0.556350626118068
1,1271,-0.5556350946426392,-0.5556350626118067
1,1272,-0.5549194812774658,-0.5549194991055456
1,1273,-0.554203987121582,-0.5542039355992845
1,1274,-0.5534883737564087,-0.5534883720930233
1,1275,-0.5527727603912354,-0.552772808586762
1,1276,-0.5520572662353516,-0.5520572450805009
1,1277,-0.5513416528701782,-0.5513416815742398
1,1278,-0.5506261587142944,-0.5506261180679786
1,1279,-0.5499105453491211,-0.5499105545617173
1,1280,-0.5491950511932373,-0.5491949910554561
1,1281,-0.548479437828064,-0.548479427549195
1,1282,-0.5477638244628906,-0.5477638640429339
1,1283,-0.5470483303070068,-0.5470483005366726
1,1284,-0.5463327169418335,-0.5463327370304114
1,1285,-0.5456172227859497,-0.5456171735241503
1,1286,-0.5449016094207764,-0.5449016100178892
1,1287,-0.5441861152648926,-0.5441860465116279
1,1288,-0.5434705018997192,-0.5434704830053667
1,1289,-0.5427548885345459,-0.5427549194991055
1,1290,-0.5420393943786621,-0.5420393559928444
1,1291,-0.5413237810134888,-0.5413237924865832
1,1292,-0.540608286857605,-0.540608228980322
1,1293,-0.5398926734924316,-0.5398926654740608
1,1294,-0.5391771793365479,-0.5391771019677997
1,1295,-0.5384615659713745,-0.5384615384615384
1,1296,-0.5377459526062012,-0.5377459749552773
1,1297,-0.5370304584503174,-0.5370304114490161
1,1298,-0.536314845085144,-0.5363148479427549
1,1299,-0.5355992317199707,-0.5355992844364937
1,1300,-0.5348837375640869,-0.5348837209302326
1,1301,-0.5341682434082031,-0.5341681574239714
1,1302,-0.5334526300430298,-0.5334525939177102
1,1303,-0.5327370166778564,-0.532737030411449
1,1304,-0.5320215225219727,-0.5320214669051878
1,1305,-0.5313059091567993,-0.5313059033989267
1,1306,-0.530590295791626,-0.5305903398926655
1,1307,-0.5298748016357422,-0.5298747763864042
1,1308,-0.5291591882705688,-0.5291592128801431
1,1309,-0.5284436941146851,-0.528443649373882
1,1310,-0.5277280807495117,-0.5277280858676208
1,1311,-0.5270125865936279,-0.5270125223613595
1,1312,-0.5262969732284546,-0.5262969588550983
1,1313,-0.5255813598632812,-0.5255813953488372
1,1314,-0.5248658657073975,-0.5248658318425761
1,1315,-0.5241502523422241,-0.5241502683363148
1,1316,-0.5234347581863403,-0.5234347048300536
1,1317,-0.522719144821167,-0.5227191413237925
1,1318,-0.5220036506652832,-0.5220035778175314
1,1319,-0.5212880373001099,-0.5212880143112701
1,1320,-0.5205724239349365,-0.5205724508050089
1,1321,-0.5198569297790527,-0.5198568872987477
1,1322,-0.5191413164138794,-0.5191413237924866
1,1323,-0.518425703048706,-0.5184257602862254
1,1324,-0.5177102088928223,-0.5177101967799642
1,1325,-0.5169947147369385,-0.516994633273703
1,1326,-0.5162791013717651,-0.5162790697674419
1,1327,-0.5155634880065918,-0.5155635062611807
1,1328,-0.514847993850708,-0.5148479427549195
1,1329,-0.5141323804855347,-0.5141323792486583
1,1330,-0.5134167671203613,-0.5134168157423971
1,1331,-0.5127012729644775,-0.5127012522361359
1,1332,-0.5119857788085938,-0.5119856887298748
1,1333,-0.5112701654434204,-0.5112701252236136
1,1334,-0.5105545520782471,-0.5105545617173524
1,1335,-0.5098390579223633,-0.5098389982110912
1,1336,-0.5091234445571899,-0.5091234347048301
1,1337,-0.5084078311920166,-0.5084078711985689
1,1338,-0.5076923370361328,-0.5076923076923077
1,1339,-0.5069767236709595,-0.5069767441860464
1,1340,-0.5062612295150757,-0.5062611806797853
1,1341,-0.5055456161499023,-0.5055456171735242
1,1342,-0.5048301219940186,-0.504830053667263
1,1343,-0.5041145086288452,-0.5041144901610017
1,1344,-0.5033988952636719,-0.5033989266547406
1,1345,-0.5026834011077881,-0.5026833631484795
1,1346,-0.5019677877426147,-0.5019677996422183
1,1347,-0.501252293586731,-0.501252236135957
1,1348,-0.5005366802215576,-0.5005366726296958
1,1349,-0.49982118606567383,-0.4998211091234347
1,1350,-0.4991055727005005,-0.4991055456171736
1,1351,-0.49838995933532715,-0.49838998211091234
1,1352,-0.49767446517944336,-0.4976744186046511
1,1353,-0.49695885181427,-0.49695885509839
1,1354,-0.4962432384490967,-0.49624329159212877
1,1355,-0.4955277442932129,-0.49552772808586765
1,1356,-0.4948122501373291,-0.4948121645796064
1,1357,-0.49409663677215576,-0.4940966010733453
1,1358,-0.4933810234069824,-0.49338103756708407
1,1359,-0.49266552925109863,-0.49266547406082295
1,1360,-0.4919499158859253,-0.4919499105545617
1,1361,-0.49123430252075195,-0.4912343470483005
1,1362,-0.49051880836486816,-0.49051878354203937
1,1363,-0.4898033142089844,-0.48980322003577814
1,1364,-0.48908770084381104,-0.489087656529517
1,1365,-0.4883720874786377,-0.4883720930232558
1,1366,-0.4876565933227539,-0.4876565295169947
1,1367,-0.48694097995758057,-0.48694096601073344
1,1368,-0.4862253665924072,-0.4862254025044723
1,1369,-0.48550987243652344,-0.4855098389982111
1,1370,-0.48479437828063965,-0.48479427549194987
1,1371,-0.48407864570617676,-0.48407871198568875
1,1372,-0.48336315155029297,-0.4833631484794275
1,1373,-0.4826476573944092,-0.4826475849731664
1,1374,-0.48193204402923584,-0.48193202146690517
1,1375,-0.4812164306640625,-0.48121645796064405
1,1376,-0.4805009365081787,-0.4805008944543828
1,1377,-0.47978532314300537,-0.4797853309481216
1,1378,-0.47906970977783203,-0.4790697674418605
1,1379,-0.47835421562194824,-0.47835420393559924
1,1380,-0.47763872146606445,-0.4776386404293381
1,1381,-0.4769231081008911,-0.4769230769230769
1,1382,-0.4762074947357178,-0.4762075134168158
1,1383,-0.475492000579834,-0.47549194991055455
1,1384,-0.47477638721466064,-0.4747763864042934
1,1385,-0.4740607738494873,-0.4740608228980322
1,1386,-0.4733452796936035,-0.47334525939177097
1,1387,-0.4726297855377197,-0.47262969588550985
1,1388,-0.4719141721725464,-0.4719141323792486
1,1389,-0.47119855880737305,-0.4711985688729875
1,1390,-0.47048306465148926,-0.47048300536672627
1,1391,-0.4697674512863159,-0.46976744186046515
1,1392,-0.4690518379211426,-0.4690518783542039
1,1393,-0.4683363437652588,-0.4683363148479428
1,1394,-0.467620849609375,-0.4676207513416816
1,1395,-0.46690523624420166,-0.46690518783542034
1,1396,-0.4661896228790283,-0.4661896243291592
1,1397,-0.46547412872314453,-0.465474060822898
1,1398,-0.4647585153579712,-0.4647584973166369
1,1399,-0.46404290199279785,-0.46404293381037565
1,1400,-0.46332740783691406,-0.4633273703041145
1,1401,-0.4626119136810303,-0.4626118067978533
1,1402,-0.4618961811065674,-0.4618962432915922
1,1403,-0.4611806869506836,-0.46118067978533095
1,1404,-0.4604651927947998,-0.4604651162790697
1,1405,-0.45974957942962646,-0.4597495527728086
1,1406,-0.4590339660644531,-0.45903398926654737
1,1407,-0.45831847190856934,-0.45831842576028625
1,1408,-0.457602858543396,-0.457602862254025
1,1409,-0.45688724517822266,-0.4568872987477639
1,1410,-0.45617175102233887,-0.4561717352415027
1,1411,-0.4554562568664551,-0.45545617173524156
1,1412,-0.45474064350128174,-0.4547406082289803
1,1413,-0.4540250301361084,-0.4540250447227191
1,1414,-0.4533095359802246,-0.453309481216458
1,1415,-0.45259392261505127,-0.45259391771019675
1,1416,-0.45187830924987793,-0.45187835420393563
1,1417,-0.45116281509399414,-0.4511627906976744
1,1418,-0.45044732093811035,-0.4504472271914133
1,1419,-0.449731707572937,-0.44973166368515205
1,1420,-0.44901609420776367,-0.44901610017889093
1,1421,-0.4483006000518799,-0.4483005366726297
1,1422,-0.44758498668670654,-0.44758497316636847
1,1423,-0.4468693733215332,-0.44686940966010735
1,1424,-0.4461538791656494,-0.4461538461538461
1,1425,-0.4454383850097656,-0.445438282647585
1,1426,-0.44472265243530273,-0.4447227191413238
1,1427,-0.44400715827941895,-0.44400715563506266
1,1428,-0.44329166412353516,-0.4432915921288014
1,1429,-0.4425760507583618,-0.4425760286225402
1,1430,-0.4418604373931885,-0.4418604651162791
1,1431,-0.4411449432373047,-0.44114490161001785
1,1432,-0.44042932987213135,-0.44042933810375673
1,1433,-0.439713716506958,-0.4397137745974955
1,1434,-0.4389982223510742,-0.4389982110912344
1,1435,-0.43828272819519043,-0.43828264758497315
1,1436,-0.4375671148300171,-0.43756708407871203
1,1437,-0.43685150146484375,-0.4368515205724508
1,1438,-0.43613600730895996,-0.4361359570661896
1,1439,-0.4354203939437866,-0.43542039355992845
1,1440,-0.4347047805786133,-0.4347048300536672
1,1441,-0.4339892864227295,-0.4339892665474061
1,1442,-0.4332737922668457,-0.4332737030411449
1,1443,-0.43255817890167236,-0.43255813953488376
1,1444,-0.431842565536499,-0.4318425760286225
1,1445,-0.43112707138061523,-0.4311270125223614
1,1446,-0.4304114580154419,-0.4304114490161002
1,1447,-0.42969584465026855,-0.42969588550983895
1,1448,-0.42898035049438477,-0.42898032200357783
1,1449,-0.428264856338501,-0.4282647584973166
1,1450,-0.42754924297332764,-0.4275491949910555
1,1451,-0.4268336296081543,-0.42683363148479425
1,1452,-0.4261181354522705,-0.42611806797853313
1,1453,-0.42540252208709717,-0.4254025044722719
1,1454,-0.42468690872192383,-0.4246869409660108
1,1455,-0.42397141456604004,-0.42397137745974955
1,1456,-0.42325592041015625,-0.4232558139534883
1,1457,-0.42254018783569336,-0.4225402504472272
1,1458,-0.42182469367980957,-0.421824686940966
1,1459,-0.4211091995239258,-0.42110912343470486
1,1460,-0.42039358615875244,-0.4203935599284436
1,1461,-0.4196779727935791,-0.4196779964221825
1,1462,-0.4189624786376953,-0.4189624329159213
1,1463,-0.418246865272522,-0.41824686940966016
1,1464,-0.41753125190734863,-0.41753130590339893
1,1465,-0.41681575775146484,-0.4168157423971377
1,1466,-0.41610026359558105,-0.4161001788908766
1,1467,-0.4153846502304077,-0.41538461538461535
1,1468,-0.4146690368652344,-0.41466905187835423
1,1469,-0.4139535427093506,-0.413953488372093
1,1470,-0.41323792934417725,-0.4132379248658319
1,1471,-0.4125223159790039,-0.41252236135957066
1,1472,-0.4118068218231201,-0.41180679785330954
1,1473,-0.41109132766723633,-0.4110912343470483
1,1474,-0.410375714302063,-0.4103756708407871
1,1475,-0.40966010093688965,-0.40966010733452596
1,1476,-0.40894460678100586,-0.40894454382826473
1,1477,-0.4082289934158325,-0.4082289803220036
1,1478,-0.4075133800506592,-0.4075134168157424
1,1479,-0.4067978858947754,-0.40679785330948126
1,1480,-0.4060823917388916,-0.40608228980322003
1,1481,-0.4053666591644287,-0.4053667262969588
1,1482,-0.4046511650085449,-0.4046511627906977
1,1483,-0.40393567085266113,-0.40393559928443645
1,1484,-0.4032200574874878,-0.40322003577817533
1,1485,-0.40250444412231445,-0.4025044722719141
1,1486,-0.40178894996643066,-0.401788908765653
1,1487,-0.4010733366012573,-0.40107334525939176
1,1488,-0.400357723236084,-0.40035778175313064
1,1489,-0.3996422290802002,-0.3996422182468694
1,1490,-0.3989267349243164,-0.3989266547406082
1,1491,-0.39821112155914307,-0.39821109123434706
1,1492,-0.3974955081939697,-0.39749552772808583
1,1493,-0.39678001403808594,-0.3967799642218247
1,1494,-0.3960644006729126,-0.3960644007155635
1,1495,-0.39534878730773926,-0.39534883720930236
1,1496,-0.39463329315185547,-0.39463327370304113
1,1497,-0.3939177989959717,-0.39391771019678
1,1498,-0.39320218563079834,-0.3932021466905188
1,1499,-0.392486572265625,-0.39248658318425755
1,1500,-0.3917710781097412,-0.39177101967799643
1,1501,-0.39105546474456787,-0.3910554561717352
1,1502,-0.39033985137939453,-0.3903398926654741
1,1503,-0.38962435722351074,-0.38962432915921286
1,1504,-0.38890886306762695,-0.38890876565295174
1,1505,-0.3881932497024536,-0.3881932021466905
1,1506,-0.3874776363372803,-0.3874776386404294
1,1507,-0.3867621421813965,-0.38676207513416816
1,1508,-0.38604652881622314,-0.38604651162790693
1,1509,-0.3853309154510498,-0.3853309481216458
1,1510,-0.384615421295166,-0.3846153846153846
1,1511,-0.3838999271392822,-0.38389982110912346
1,1512,-0.38318419456481934,-0.38318425760286223
1,1513,-0.38246870040893555,-0.3824686940966011
1,1514,-0.38175320625305176,-0.3817531305903399
1,1515,-0.3810375928878784,-0.38103756708407877
1,1516,-0.3803219795227051,-0.38032200357781754
1,1517,-0.3796064853668213,-0.3796064400715563
1,1518,-0.37889087200164795,-0.3788908765652952
1,1519,-0.3781752586364746,-0.37817531305903396
1,1520,-0.3774597644805908,-0.37745974955277284
1,1521,-0.37674427032470703,-0.3767441860465116
1,1522,-0.3760286569595337,-0.3760286225402505
1,1523,-0.37531304359436035,-0.37531305903398926
1,1524,-0.37459754943847656,-0.37459749552772803
1,1525,-0.3738819360733032,-0.3738819320214669
1,1526,-0.3731663227081299,-0.3731663685152057
1,1527,-0.3724508285522461,-0.37245080500894456
1,1528,-0.3717353343963623,-0.37173524150268333
1,1529,-0.37101972103118896,-0.3710196779964222
1,1530,-0.3703041076660156,-0.370304114490161
1,1531,-0.36958861351013184,-0.36958855098389987
1,1532,-0.3688730001449585,-0.36887298747763864
1,1533,-0.36815738677978516,-0.3681574239713774
1,1534,-0.36744189262390137,-0.3674418604651163
1,1535,-0.3667263984680176,-0.36672629695885506
1,1536,-0.36601078510284424,-0.36601073345259394
1,1537,-0.3652951717376709,-0.3652951699463327
1,1538,-0.3645796775817871,-0.3645796064400716
1,1539,-0.36386406421661377,-0.36386404293381036
1,1540,-0.36314845085144043,-0.36314847942754924
1,1541,-0.36243295669555664,-0.362432915921288
1,1542,-0.36171746253967285,-0.3617173524150268
1,1543,-0.36100172996520996,-0.36100178890876566
1,1544,-0.36028623580932617,-0.36028622540250443
1,1545,-0.3595707416534424,-0.3595706618962433
1,1546,-0.35885512828826904,-0.3588550983899821
1,1547,-0.3581395149230957,-0.35813953488372097
1,1548,-0.3574240207672119,-0.35742397137745974
1,1549,-0.3567084074020386,-0.3567084078711986
1,1550,-0.35599279403686523,-0.3559928443649374
1,1551,-0.35527729988098145,-0.35527728085867616
1,1552,-0.35456180572509766,-0.35456171735241504
1,1553,-0.3538461923599243,-0.3538461538461538
1,1554,-0.353130578994751,-0.3531305903398927
1,1555,-0.3524150848388672,-0.35241502683363146
1,1556,-0.35169947147369385,-0.35169946332737034
1,1557,-0.3509838581085205,-0.3509838998211091
1,1558,-0.3502683639526367,-0.350268336314848
1,1559,-0.34955286979675293,-0.34955277280858676
1,1560,-0.3488372564315796,-0.34883720930232553
1,1561,-0.34812164306640625,-0.3481216457960644
1,1562,-0.34740614891052246,-0.3474060822898032
1,1563,-0.3466905355453491,-0.34669051878354207
1,1564,-0.3459749221801758,-0.34597495527728084
1,1565,-0.345259428024292,-0.3452593917710197
1,1566,-0.3445439338684082,-0.3445438282647585
1,1567,-0.3438282012939453,-0.34382826475849737
1,1568,-0.3431127071380615,-0.34311270125223614
1,1569,-0.34239721298217773,-0.3423971377459749
1,1570,-0.3416815996170044,-0.3416815742397138
1,1571,-0.34096598625183105,-0.34096601073345256
1,1572,-0.34025049209594727,-0.34025044722719144
1,1573,-0.3395348787307739,-0.3395348837209302
1,1574,-0.3388192653656006,-0.3388193202146691
1,1575,-0.3381037712097168,-0.33810375670840787
1,1576,-0.337388277053833,-0.33738819320214664
1,1577,-0.33667266368865967,-0.3366726296958855
1,1578,-0.33595705032348633,-0.3359570661896243
1,1579,-0.33524155616760254,-0.33524150268336317
1,1580,-0.3345259428024292,-0.33452593917710194
1,1581,-0.33381032943725586,-0.3338103756708408
1,1582,-0.33309483528137207,-0.3330948121645796
1,1583,-0.3323793411254883,-0.33237924865831847
1,1584,-0.33166372776031494,-0.33166368515205724
1,1585,-0.3309481143951416,-0.330948121645796
1,1586,-0.3302326202392578,-0.3302325581395349
1,1587,-0.3295170068740845,-0.32951699463327366
1,1588,-0.32880139350891113,-0.32880143112701254
1,1589,-0.32808589935302734,-0.3280858676207513
1,1590,-0.32737040519714355,-0.3273703041144902
1,1591,-0.3266547918319702,-0.32665474060822897
1,1592,-0.3259391784667969,-0.32593917710196785
1,1593,-0.3252236843109131,-0.3252236135957066
1,1594,-0.32450807094573975,-0.3245080500894454
1,1595,-0.3237924575805664,-0.32379248658318427
1,1596,-0.3230769634246826,-0.32307692307692304
1,1597,-0.32236146926879883,-0.3223613595706619
1,1598,-0.32164573669433594,-0.3216457960644007
1,1599,-0.32093024253845215,-0.32093023255813957
1,1600,-0.32021474838256836,-0.32021466905187834
1,1601,-0.319499135017395,-0.3194991055456172
1,1602,-0.3187835216522217,-0.318783542039356
1,1603,-0.3180680274963379,-0.31806797853309476
1,1604,-0.31735241413116455,-0.31735241502683365
1,1605,-0.3166368007659912,-0.3166368515205724
1,1606,-0.3159213066101074,-0.3159212880143113
1,1607,-0.31520581245422363,-0.31520572450805007
1,1608,-0.3144901990890503,-0.31449016100178895
1,1609,-0.31377458572387695,-0.3137745974955277
1,1610,-0.31305909156799316,-0.3130590339892666
1,1611,-0.3123434782028198,-0.31234347048300537
1,1612,-0.3116278648376465,-0.31162790697674414
1,1613,-0.3109123706817627,-0.310912343470483
1,1614,-0.3101968765258789,-0.3101967799642218
1,1615,-0.30948126316070557,-0.3094812164579607
1,1616,-0.3087656497955322,-0.30876565295169944
1,1617,-0.30805015563964844,-0.3080500894454383
1,1618,-0.3073345422744751,-0.3073345259391771
1,1619,-0.30661892890930176,-0.306618962432916
1,1620,-0.30590343475341797,-0.30590339892665475
1,1621,-0.3051879405975342,-0.3051878354203935
1,1622,-0.3044722080230713,-0.3044722719141324
1,1623,-0.3037567138671875,-0.30375670840787117
1,1624,-0.3030412197113037,-0.30304114490161005
1,1625,-0.30232560634613037,-0.3023255813953488
1,1626,-0.30160999298095703,-0.3016100178890877
1,1627,-0.30089449882507324,-0.30089445438282647
1,1628,-0.30017900466918945,-0.30017889087656524
1,1629,-0.29946327209472656,-0.2994633273703041
1,1630,-0.2987477779388428,-0.2987477638640429
1,1631,-0.298032283782959,-0.2980322003577818
1,1632,-0.29731667041778564,-0.29731663685152054
1,1633,-0.2966010570526123,-0.2966010733452594
1,1634,-0.2958855628967285,-0.2958855098389982
1,1635,-0.2951699495315552,-0.2951699463327371
1,1636,-0.29445433616638184,-0.29445438282647585
1,1637,-0.29373884201049805,-0.2937388193202146
1,1638,-0.29302334785461426,-0.2930232558139535
1,1639,-0.2923077344894409,-0.29230769230769227
1,1640,-0.2915921211242676,-0.29159212880143115
1,1641,-0.2908766269683838,-0.2908765652951699
1,1642,-0.29016101360321045,-0.2901610017889088
1,1643,-0.2894454002380371,-0.28944543828264757
1,1644,-0.2887299060821533,-0.28872987477638645
1,1645,-0.28801441192626953,-0.2880143112701252
1,1646,-0.2872987985610962,-0.287298747763864
1,1647,-0.28658318519592285,-0.2865831842576029
1,1648,-0.28586769104003906,-0.28586762075134164
1,1649,-0.2851520776748657,-0.2851520572450805
1,1650,-0.2844364643096924,-0.2844364937388193
1,1651,-0.2837209701538086,-0.2837209302325582
1,1652,-0.2830054759979248,-0.28300536672629695
1,1653,-0.2822897434234619,-0.28228980322003583
1,1654,-0.2815742492675781,-0.2815742397137746
1,1655,-0.28085875511169434,-0.28085867620751337
1,1656,-0.280143141746521,-0.28014311270125225
1,1657,-0.27942752838134766,-0.279427549194991
1,1658,-0.27871203422546387,-0.2787119856887299
1,1659,-0.2779964208602905,-0.27799642218246867
1,1660,-0.2772808074951172,-0.27728085867620755
1,1661,-0.2765653133392334,-0.2765652951699463
1,1662,-0.2758498191833496,-0.2758497316636852
1,1663,-0.27513420581817627,-0.275134168157424
1,1664,-0.27441859245300293,-0.27441860465116275
1,1665,-0.27370309829711914,-0.2737030411449016
1,1666,-0.2729874849319458,-0.2729874776386404
1,1667,-0.27227187156677246,-0.2722719141323793
1,1668,-0.27155637741088867,-0.27155635062611805
1,1669,-0.2708408832550049,-0.27084078711985693
1,1670,-0.27012526988983154,-0.2701252236135957
1,1671,-0.2694096565246582,-0.2694096601073346
1,1672,-0.2686941623687744,-0.26869409660107335
1,1673,-0.2679785490036011,-0.2679785330948121
1,1674,-0.26726293563842773,-0.267262969588551
1,1675,-0.26654744148254395,-0.2665474060822898
1,1676,-0.26583194732666016,-0.26583184257602865
1,1677,-0.2651163339614868,-0.2651162790697674
1,1678,-0.2644007205963135,-0.2644007155635063
1,1679,-0.2636852264404297,-0.2636851520572451
1,1680,-0.26296961307525635,-0.26296958855098385
1,1681,-0.262253999710083,-0.2622540250447227
1,1682,-0.2615385055541992,-0.2615384615384615
1,1683,-0.26082301139831543,-0.2608228980322004
1,1684,-0.26010727882385254,-0.26010733452593915
1,1685,-0.25939178466796875,-0.25939177101967803
1,1686,-0.25867629051208496,-0.2586762075134168
1,1687,-0.2579606771469116,-0.2579606440071557
1,1688,-0.2572450637817383,-0.25724508050089445
1,1689,-0.2565295696258545,-0.2565295169946332
1,1690,-0.25581395626068115,-0.2558139534883721
1,1691,-0.2550983428955078,-0.2550983899821109
1,1692,-0.254382848739624,-0.25438282647584975
1,1693,-0.25366735458374023,-0.2536672629695885
1,1694,-0.2529517412185669,-0.2529516994633274
1,1695,-0.25223612785339355,-0.2522361359570662
1,1696,-0.25152063369750977,-0.25152057245080506
1,1697,-0.2508050203323364,-0.25080500894454383
1,1698,-0.2500894069671631,-0.2500894454382826
1,1699,-0.2493739128112793,-0.24937388193202148
1,1700,-0.2486584186553955,-0.24865831842576025
1,1701,-0.24794280529022217,-0.24794275491949913
1,1702,-0.24722719192504883,-0.2472271914132379
1,1703,-0.24651169776916504,-0.24651162790697678
1,1704,-0.2457960844039917,-0.24579606440071555
1,1705,-0.24508047103881836,-0.24508050089445443
1,1706,-0.24436497688293457,-0.2443649373881932
1,1707,-0.24364948272705078,-0.24364937388193197
1,1708,-0.2429337501525879,-0.24293381037567086
1,1709,-0.2422182559967041,-0.24221824686940963
1,1710,-0.2415027618408203,-0.2415026833631485
1,1711,-0.24078714847564697,-0.24078711985688728
1,1712,-0.24007153511047363,-0.24007155635062616
1,1713,-0.23935604095458984,-0.23935599284436493
1,1714,-0.2386404275894165,-0.2386404293381038
1,1715,-0.23792481422424316,-0.23792486583184258
1,1716,-0.23720932006835938,-0.23720930232558135
1,1717,-0.23649382591247559,-0.23649373881932023
1,1718,-0.23577821254730225,-0.235778175313059
1,1719,-0.2350625991821289,-0.23506261180679788
1,1720,-0.23434710502624512,-0.23434704830053665
1,1721,-0.23363149166107178,-0.23363148479427553
1,1722,-0.23291587829589844,-0.2329159212880143
1,1723,-0.23220038414001465,-0.23220035778175319
1,1724,-0.23148488998413086,-0.23148479427549196
1,1725,-0.23076927661895752,-0.23076923076923073
1,1726,-0.23005366325378418,-0.2300536672629696
1,1727,-0.2293381690979004,-0.22933810375670838
1,1728,-0.22862255573272705,-0.22862254025044726
1,1729,-0.2279069423675537,-0.22790697674418603
1,1730,-0.22719144821166992,-0.2271914132379249
1,1731,-0.22647595405578613,-0.22647584973166368
1,1732,-0.2257603406906128,-0.22576028622540245
1,1733,-0.22504472732543945,-0.22504472271914133
1,1734,-0.22432923316955566,-0.2243291592128801
1,1735,-0.22361361980438232,-0.22361359570661898
1,1736,-0.22289800643920898,-0.22289803220035775
1,1737,-0.2221825122833252,-0.22218246869409664
1,1738,-0.2214670181274414,-0.2214669051878354
1,1739,-0.22075128555297852,-0.2207513416815743
1,1740,-0.22003579139709473,-0.22003577817531306
1,1741,-0.21932029724121094,-0.21932021466905183
1,1742,-0.2186046838760376,-0.2186046511627907
1,1743,-0.21788907051086426,-0.21788908765652948
1,1744,-0.21717357635498047,-0.21717352415026836
1,1745,-0.21645796298980713,-0.21645796064400713
1,1746,-0.2157423496246338,-0.215742397137746
1,1747,-0.21502685546875,-0.21502683363148478
1,1748,-0.2143113613128662,-0.21431127012522366
1,1749,-0.21359574794769287,-0.21359570661896243
1,1750,-0.21288013458251953,-0.2128801431127012
1,1751,-0.21216464042663574,-0.21216457960644008
1,1752,-0.2114490270614624,-0.21144901610017885
1,1753,-0.21073341369628906,-0.21073345259391774
1,1754,-0.21001791954040527,-0.2100178890876565
1,1755,-0.20930242538452148,-0.2093023255813954
1,1756,-0.20858681201934814,-0.20858676207513416
1,1757,-0.2078711986541748,-0.20787119856887304
1,1758,-0.20715570449829102,-0.2071556350626118
1,1759,-0.20644009113311768,-0.20644007155635058
1,1760,-0.20572447776794434,-0.20572450805008946
1,1761,-0.20500898361206055,-0.20500894454382823
1,1762,-0.20429348945617676,-0.2042933810375671
1,1763,-0.20357775688171387,-0.20357781753130588
1,1764,-0.20286226272583008,-0.20286225402504476
1,1765,-0.2021467685699463,-0.20214669051878353
1,1766,-0.20143115520477295,-0.20143112701252242
1,1767,-0.2007155418395996,-0.20071556350626119
1,1768,-0.20000004768371582,-0.19999999999999996
1,1769,-0.19928455352783203,-0.19928443649373884
1,1770,-0.19856882095336914,-0.1985688729874776
1,1771,-0.19785332679748535,-0.1978533094812165
1,1772,-0.19713783264160156,-0.19713774597495526
1,1773,-0.19642221927642822,-0.19642218246869414
1,1774,-0.19570660591125488,-0.1957066189624329
1,1775,-0.1949911117553711,-0.19499105545617168
1,1776,-0.19427549839019775,-0.19427549194991056
1,1777,-0.19355988502502441,-0.19355992844364933
1,1778,-0.19284439086914062,-0.1928443649373882
1,1779,-0.19212889671325684,-0.19212880143112698
1,1780,-0.1914132833480835,-0.19141323792486586
1,1781,-0.19069766998291016,-0.19069767441860463
1,1782,-0.18998217582702637,-0.18998211091234352
1,1783,-0.18926656246185303,-0.18926654740608229
1,1784,-0.1885509490966797,-0.18855098389982106
1,1785,-0.1878354549407959,-0.18783542039355994
1,1786,-0.1871199607849121,-0.1871198568872987
1,1787,-0.18640434741973877,-0.1864042933810376
1,1788,-0.18568873405456543,-0.18568872987477636
1,1789,-0.18497323989868164,-0.18497316636851524
1,1790,-0.1842576265335083,-0.184257602862254
1,1791,-0.18354201316833496,-0.1835420393559929
1,1792,-0.18282651901245117,-0.18282647584973166
1,1793,-0.18211102485656738,-0.18211091234347043
1,1794,-0.1813952922821045,-0.1813953488372093
1,1795,-0.1806797981262207,-0.18067978533094808
1,1796,-0.17996430397033691,-0.17996422182468697
1,1797,-0.17924869060516357,-0.17924865831842574
1,1798,-0.17853307723999023,-0.17853309481216462
1,1799,-0.17781758308410645,-0.1778175313059034
1,1800,-0.1771019697189331,-0.17710196779964227
1,1801,-0.17638635635375977,-0.17638640429338104
1,1802,-0.17567086219787598,-0.1756708407871198
1,1803,-0.1749553680419922,-0.1749552772808587
1,1804,-0.17423975467681885,-0.17423971377459746
1,1805,-0.1735241413116455,-0.17352415026833634
1,1806,-0.17280864715576172,-0.1728085867620751
1,1807,-0.17209303379058838,-0.172093023255814
1,1808,-0.17137742042541504,-0.17137745974955276
1,1809,-0.17066192626953125,-0.17066189624329164
1,1810,-0.16994643211364746,-0.16994633273703041
1,1811,-0.16923081874847412,-0.16923076923076918
1,1812,-0.16851520538330078,-0.16851520572450807
1,1813,-0.167799711227417,-0.16779964221824684
1,1814,-0.16708409786224365,-0.16708407871198572
1,1815,-0.1663684844970703,-0.1663685152057245
1,1816,-0.16565299034118652,-0.16565295169946337
1,1817,-0.16493749618530273,-0.16493738819320214
1,1818,-0.1642218828201294,-0.16422182468694102
1,1819,-0.16350626945495605,-0.1635062611806798
1,1820,-0.16279077529907227,-0.16279069767441856
1,1821,-0.16207516193389893,-0.16207513416815744
1,1822,-0.16135954856872559,-0.1613595706618962
1,1823,-0.1606440544128418,-0.1606440071556351
1,1824,-0.159928560256958,-0.15992844364937386
1,1825,-0.15921282768249512,-0.15921288014311274
1,1826,-0.15849733352661133,-0.15849731663685152
1,1827,-0.15778183937072754,-0.15778175313059029
1,1828,-0.1570662260055542,-0.15706618962432917
1,1829,-0.15635061264038086,-0.15635062611806794
1,1830,-0.15563511848449707,-0.15563506261180682
1,1831,-0.15491950511932373,-0.1549194991055456
1,1832,-0.1542038917541504,-0.15420393559928447
1,1833,-0.1534883975982666,-0.15348837209302324
1,1834,-0.1527729034423828,-0.15277280858676212
1,1835,-0.15205729007720947,-0.1520572450805009
1,1836,-0.15134167671203613,-0.15134168157423966
1,1837,-0.15062618255615234,-0.15062611806797854
1,1838,-0.149910569190979,-0.1499105545617173
1,1839,-0.14919495582580566,-0.1491949910554562
1,1840,-0.14847946166992188,-0.14847942754919496
1,1841,-0.14776396751403809,-0.14776386404293385
1,1842,-0.14704835414886475,-0.14704830053667262
1,1843,-0.1463327407836914,-0.1463327370304115
1,1844,-0.14561724662780762,-0.14561717352415027
1,1845,-0.14490163326263428,-0.14490161001788904
1,1846,-0.14418601989746094,-0.14418604651162792
1,1847,-0.14347052574157715,-0.1434704830053667
1,1848,-0.14275503158569336,-0.14275491949910557
1,1849,-0.14203929901123047,-0.14203935599284434
1,1850,-0.14132380485534668,-0.14132379248658322
1,1851,-0.1406083106994629,-0.140608228980322
1,1852,-0.13989269733428955,-0.13989266547406087
1,1853,-0.1391770839691162,-0.13917710196779964
1,1854,-0.13846158981323242,-0.1384615384615384
1,1855,-0.13774597644805908,-0.1377459749552773
1,1856,-0.13703036308288574,-0.13703041144901607
1,1857,-0.13631486892700195,-0.13631484794275495
1,1858,-0.13559937477111816,-0.13559928443649372
1,1859,-0.13488376140594482,-0.1348837209302326
1,1860,-0.13416814804077148,-0.13416815742397137
1,1861,-0.1334526538848877,-0.13345259391771025
1,1862,-0.13273704051971436,-0.13273703041144902
1,1863,-0.13202142715454102,-0.1320214669051878
1,1864,-0.13130593299865723,-0.13130590339892667
1,1865,-0.13059043884277344,-0.13059033989266544
1,1866,-0.1298748254776001,-0.12987477638640432
1,1867,-0.12915921211242676,-0.1291592128801431
1,1868,-0.12844371795654297,-0.12844364937388197
1,1869,-0.12772810459136963,-0.12772808586762074
1,1870,-0.1270124912261963,-0.12701252236135963
1,1871,-0.1262969970703125,-0.1262969588550984
1,1872,-0.1255815029144287,-0.12558139534883717
1,1873,-0.12486588954925537,-0.12486583184257605
1,1874,-0.12415027618408203,-0.12415026833631482
1,1875,-0.12343478202819824,-0.1234347048300537
1,1876,-0.1227191686630249,-0.12271914132379247
1,1877,-0.12200355529785156,-0.12200357781753135
1,1878,-0.12128806114196777,-0.12128801431127012
1,1879,-0.12057256698608398,-0.12057245080500889
1,1880,-0.1198568344116211,-0.11985688729874777
1,1881,-0.1191413402557373,-0.11914132379248654
1,1882,-0.11842584609985352,-0.11842576028622542
1,1883,-0.11771023273468018,-0.1177101967799642
1,1884,-0.11699461936950684,-0.11699463327370307
1,1885,-0.11627912521362305,-0.11627906976744184
1,1886,-0.11556351184844971,-0.11556350626118073
1,1887,-0.11484789848327637,-0.1148479427549195
1,1888,-0.11413240432739258,-0.11413237924865827
1,1889,-0.11341691017150879,-0.11341681574239715
1,1890,-0.11270129680633545,-0.11270125223613592
1,1891,-0.11198568344116211,-0.1119856887298748
1,1892,-0.11127018928527832,-0.11127012522361357
1,1893,-0.11055457592010498,-0.11055456171735245
1,1894,-0.10983896255493164,-0.10983899821109122
1,1895,-0.10912346839904785,-0.1091234347048301
1,1896,-0.10840797424316406,-0.10840787119856887
1,1897,-0.10769236087799072,-0.10769230769230764
1,1898,-0.10697674751281738,-0.10697674418604652
1,1899,-0.1062612533569336,-0.1062611806797853
1,1900,-0.10554563999176025,-0.10554561717352418
1,1901,-0.10483002662658691,-0.10483005366726295
1,1902,-0.10411453247070312,-0.10411449016100183
1,1903,-0.10339903831481934,-0.1033989266547406
1,1904,-0.10268330574035645,-0.10268336314847948
1,1905,-0.10196781158447266,-0.10196779964221825
1,1906,-0.10125231742858887,-0.10125223613595702
1,1907,-0.10053670406341553,-0.1005366726296959
1,1908,-0.09982109069824219,-0.09982110912343467
1,1909,-0.0991055965423584,-0.09910554561717355
1,1910,-0.09839010238647461,-0.09838998211091232
1,1911,-0.09767436981201172,-0.0976744186046512
1,1912,-0.09695887565612793,-0.09695885509838997
1,1913,-0.09624338150024414,-0.09624329159212885
1,1914,-0.0955277681350708,-0.09552772808586762
1,1915,-0.09481215476989746,-0.0948121645796064
1,1916,-0.09409666061401367,-0.09409660107334528
1,1917,-0.09338104724884033,-0.09338103756708405
1,1918,-0.09266543388366699,-0.09266547406082293
1,1919,-0.0919499397277832,-0.0919499105545617
1,1920,-0.09123444557189941,-0.09123434704830058
1,1921,-0.09051883220672607,-0.09051878354203935
1,1922,-0.08980321884155273,-0.08980322003577823
1,1923,-0.08908772468566895,-0.089087656529517
1,1924,-0.0883721113204956,-0.08837209302325577
1,1925,-0.08765649795532227,-0.08765652951699465
1,1926,-0.08694100379943848,-0.08694096601073342
1,1927,-0.08622550964355469,-0.0862254025044723
1,1928,-0.08550989627838135,-0.08550983899821107
1,1929,-0.08479428291320801,-0.08479427549194996
1,1930,-0.08407878875732422,-0.08407871198568873
1,1931,-0.08336317539215088,-0.0833631484794275
1,1932,-0.08264756202697754,-0.08264758497316638
1,1933,-0.08193206787109375,-0.08193202146690515
1,1934,-0.08121657371520996,-0.08121645796064403
1,1935,-0.08050084114074707,-0.0805008944543828
1,1936,-0.07978534698486328,-0.07978533094812168
1,1937,-0.07906985282897949,-0.07906976744186045
1,1938,-0.07835423946380615,-0.07835420393559933
1,1939,-0.07763862609863281,-0.0776386404293381
1,1940,-0.07692313194274902,-0.07692307692307687
1,1941,-0.07620751857757568,-0.07620751341681575
1,1942,-0.07549190521240234,-0.07549194991055452
1,1943,-0.07477641105651855,-0.0747763864042934
1,1944,-0.07406091690063477,-0.07406082289803217
1,1945,-0.07334530353546143,-0.07334525939177106
1,1946,-0.07262969017028809,-0.07262969588550983
1,1947,-0.0719141960144043,-0.07191413237924871
1,1948,-0.07119858264923096,-0.07119856887298748
1,1949,-0.07048296928405762,-0.07048300536672625
1,1950,-0.06976747512817383,-0.06976744186046513
1,1951,-0.06905198097229004,-0.0690518783542039
1,1952,-0.0683363676071167,-0.06833631484794278
1,1953,-0.06762075424194336,-0.06762075134168155
1,1954,-0.06690526008605957,-0.06690518783542043
1,1955,-0.06618964672088623,-0.0661896243291592
1,1956,-0.06547403335571289,-0.06547406082289808
1,1957,-0.0647585391998291,-0.06475849731663685
1,1958,-0.06404304504394531,-0.06404293381037562
1,1959,-0.06332743167877197,-0.0633273703041145
1,1960,-0.06261181831359863,-0.06261180679785328
1,1961,-0.061896324157714844,-0.06189624329159216
1,1962,-0.061180710792541504,-0.06118067978533093
1,1963,-0.060465097427368164,-0.06046511627906981
1,1964,-0.059749603271484375,-0.05974955277280858
1,1965,-0.059034109115600586,-0.05903398926654746
1,1966,-0.058318376541137695,-0.05831842576028623
1,1967,-0.057602882385253906,-0.057602862254025
1,1968,-0.05688738822937012,-0.05688729874776388
1,1969,-0.05617177486419678,-0.05617173524150265
1,1970,-0.05545616149902344,-0.05545617173524153
1,1971,-0.05474066734313965,-0.0547406082289803
1,1972,-0.05402505397796631,-0.054025044722719184
1,1973,-0.05330944061279297,-0.053309481216457955
1,1974,-0.05259394645690918,-0.052593917710196725
1,1975,-0.05187845230102539,-0.051878354203935606
1,1976,-0.05116283893585205,-0.051162790697674376
1,1977,-0.05044722557067871,-0.05044722719141326
1,1978,-0.04973173141479492,-0.04973166368515203
1,1979,-0.04901611804962158,-0.04901610017889091
1,1980,-0.04830050468444824,-0.04830053667262968
1,1981,-0.04758501052856445,-0.04758497316636856
1,1982,-0.046869516372680664,-0.04686940966010733
1,1983,-0.046153903007507324,-0.0461538461538461
1,1984,-0.045438289642333984,-0.04543828264758498
1,1985,-0.044722795486450195,-0.04472271914132375
1,1986,-0.044007182121276855,-0.044007155635062634
1,1987,-0.043291568756103516,-0.043291592128801404
1,1988,-0.04257607460021973,-0.042576028622540285
1,1989,-0.04186058044433594,-0.041860465116279055
1,1990,-0.04114484786987305,-0.04114490161001794
1,1991,-0.04042935371398926,-0.04042933810375671
1,1992,-0.03971385955810547,-0.03971377459749548
1,1993,-0.03899824619293213,-0.03899821109123436
1,1994,-0.03828263282775879,-0.03828264758497313
1,1995,-0.037567138671875,-0.03756708407871201
1,1996,-0.03685152530670166,-0.03685152057245078
1,1997,-0.03613591194152832,-0.03613595706618966
1,1998,-0.03542041778564453,-0.03542039355992843
1,1999,-0.03470492362976074,-0.03470483005366731
1,2000,-0.0339893102645874,-0.03398926654740608
1,2001,-0.03327369689941406,-0.03327370304114485
1,2002,-0.03255820274353027,-0.032558139534883734
1,2003,-0.031842589378356934,-0.031842576028622505
1,2004,-0.031126976013183594,-0.031127012522361386
1,2005,-0.030411481857299805,-0.030411449016100156
1,2006,-0.029695987701416016,-0.029695885509839037
1,2007,-0.028980374336242676,-0.028980322003577808
1,2008,-0.028264760971069336,-0.02826475849731669
1,2009,-0.027549266815185547,-0.02754919499105546
1,2010,-0.026833653450012207,-0.02683363148479423
1,2011,-0.026118040084838867,-0.02611806797853311
1,2012,-0.025402545928955078,-0.02540250447227188
1,2013,-0.02468705177307129,-0.024686940966010762
1,2014,-0.02397143840789795,-0.023971377459749532
1,2015,-0.02325582504272461,-0.023255813953488413
1,2016,-0.02254033088684082,-0.022540250447227184
1,2017,-0.02182471752166748,-0.021824686940966065
1,2018,-0.02110910415649414,-0.021109123434704835
1,2019,-0.02039361000061035,-0.020393559928443605
1,2020,-0.019678115844726562,-0.019677996422182487
1,2021,-0.018962383270263672,-0.018962432915921257
1,2022,-0.018246889114379883,-0.018246869409660138
1,2023,-0.017531394958496094,-0.017531305903398908
1,2024,-0.016815781593322754,-0.01681574239713779
1,2025,-0.016100168228149414,-0.01610017889087656
1,2026,-0.015384674072265625,-0.01538461538461533
1,2027,-0.014669060707092285,-0.014669051878354211
1,2028,-0.013953447341918945,-0.013953488372092981
1,2029,-0.013237953186035156,-0.013237924865831863
1,2030,-0.012522459030151367,-0.012522361359570633
1,2031,-0.011806845664978027,-0.011806797853309514
1,2032,-0.011091232299804688,-0.011091234347048284
1,2033,-0.010375738143920898,-0.010375670840787166
1,2034,-0.009660124778747559,-0.009660107334525936
1,2035,-0.008944511413574219,-0.008944543828264706
1,2036,-0.00822901725769043,-0.008228980322003587
1,2037,-0.007513523101806641,-0.0075134168157423575
1,2038,-0.006797909736633301,-0.006797853309481239
1,2039,-0.006082296371459961,-0.006082289803220009
1,2040,-0.005366802215576172,-0.00536672629695889
1,2041,-0.004651188850402832,-0.0046511627906976605
1,2042,-0.003935575485229492,-0.003935599284436542
1,2043,-0.003220081329345703,-0.003220035778175312
1,2044,-0.002504587173461914,-0.002504472271914082
1,2045,-0.0017888545989990234,-0.0017889087656529634
1,2046,-0.0010733604431152344,-0.0010733452593917336
1,2047,-0.0003578662872314453,-0.0003577817531306149
1,2048,0.0003578662872314453,0.0003577817531306149
1,2049,0.0010733604431152344,0.0010733452593917336
1,2050,0.0017888545989990234,0.0017889087656529634
1,2051,0.002504587173461914,0.002504472271914082
1,2052,0.003220081329345703,0.003220035778175312
1,2053,0.003935575485229492,0.003935599284436542
1,2054,0.004651188850402832,0.0046511627906976605
1,2055,0.005366802215576172,0.00536672629695889
1,2056,0.006082296371459961,0.006082289803220009
1,2057,0.006797909736633301,0.006797853309481239
1,2058,0.007513523101806641,0.0075134168157423575
1,2059,0.00822901725769043,0.008228980322003587
1,2060,0.008944511413574219,0.008944543828264706
1,2061,0.009660124778747559,0.009660107334525936
1,2062,0.010375738143920898,0.010375670840787166
1,2063,0.011091232299804688,0.011091234347048284
1,2064,0.011806845664978027,0.011806797853309514
1,2065,0.012522459030151367,0.012522361359570633
1,2066,0.013237953186035156,0.013237924865831863
1,2067,0.013953447341918945,0.013953488372092981
1,2068,0.014669060707092285,0.014669051878354211
1,2069,0.015384674072265625,0.01538461538461533
1,2070,0.016100168228149414,0.01610017889087656
1,2071,0.016815781593322754,0.01681574239713779
1,2072,0.017531394958496094,0.017531305903398908
1,2073,0.018246889114379883,0.018246869409660138
1,2074,0.018962383270263672,0.018962432915921257
1,2075,0.019678115844726562,0.019677996422182487
1,2076,0.02039361000061035,0.020393559928443605
1,2077,0.02110910415649414,0.021109123434704835
1,2078,0.02182471752166748,0.021824686940966065
1,2079,0.02254033088684082,0.022540250447227184
1,2080,0.02325582504272461,0.023255813953488413
1,2081,0.02397143840789795,0.023971377459749532
1,2082,0.02468705177307129,0.024686940966010762
1,2083,0.025402545928955078,0.02540250447227188
1,2084,0.026118040084838867,0.02611806797853311
1,2085,0.026833653450012207,0.02683363148479423
1,2086,0.027549266815185547,0.02754919499105546
1,2087,0.028264760971069336,0.02826475849731669
1,2088,0.028980374336242676,0.028980322003577808
1,2089,0.029695987701416016,0.029695885509839037
1,2090,0.030411481857299805,0.030411449016100156
1,2091,0.031126976013183594,0.031127012522361386
1,2092,0.031842589378356934,0.031842576028622505
1,2093,0.03255820274353027,0.032558139534883734
1,2094,0.03327369689941406,0.03327370304114485
1,2095,0.0339893102645874,0.03398926654740608
1,2096,0.03470492362976074,0.03470483005366731
1,2097,0.03542041778564453,0.03542039355992843
1,2098,0.03613591194152832,0.03613595706618966
1,2099,0.03685152530670166,0.03685152057245078
1,2100,0.037567138671875,0.03756708407871201
1,2101,0.03828263282775879,0.03828264758497313
1,2102,0.03899824619293213,0.03899821109123436
1,2103,0.03971385955810547,0.03971377459749548
1,2104,0.04042935371398926,0.04042933810375671
1,2105,0.04114484786987305,0.04114490161001794
1,2106,0.04186058044433594,0.041860465116279055
1,2107,0.04257607460021973,0.042576028622540285
1,2108,0.043291568756103516,0.043291592128801404
1,2109,0.044007182121276855,0.044007155635062634
1,2110,0.044722795486450195,0.04472271914132375
1,2111,0.045438289642333984,0.04543828264758498
1,2112,0.046153903007507324,0.0461538461538461
1,2113,0.046869516372680664,0.04686940966010733
1,2114,0.04758501052856445,0.04758497316636856
1,2115,0.04830050468444824,0.04830053667262968
1,2116,0.04901611804962158,0.04901610017889091
1,2117,0.04973173141479492,0.04973166368515203
1,2118,0.05044722557067871,0.05044722719141326
1,2119,0.05116283893585205,0.051162790697674376
1,2120,0.05187845230102539,0.051878354203935606
1,2121,0.05259394645690918,0.052593917710196725
1,2122,0.05330944061279297,0.053309481216457955
1,2123,0.05402505397796631,0.054025044722719184
1,2124,0.05474066734313965,0.0547406082289803
1,2125,0.05545616149902344,0.05545617173524153
1,2126,0.05617177486419678,0.05617173524150265
1,2127,0.05688738822937012,0.05688729874776388
1,2128,0.057602882385253906,0.057602862254025
1,2129,0.058318376541137695,0.05831842576028623
1,2130,0.059034109115600586,0.05903398926654746
1,2131,0.059749603271484375,0.05974955277280858
1,2132,0.060465097427368164,0.06046511627906981
1,2133,0.061180710792541504,0.06118067978533093
1,2134,0.061896324157714844,0.06189624329159216
1,2135,0.06261181831359863,0.06261180679785328
1,2136,0.06332743167877197,0.0633273703041145
1,2137,0.06404304504394531,0.06404293381037562
1,2138,0.0647585391998291,0.06475849731663685
1,2139,0.06547403335571289,0.06547406082289808
1,2140,0.06618964672088623,0.0661896243291592
1,2141,0.06690526008605957,0.06690518783542043
1,2142,0.06762075424194336,0.06762075134168155
1,2143,0.0683363676071167,0.06833631484794278
1,2144,0.06905198097229004,0.0690518783542039
1,2145,0.06976747512817383,0.06976744186046513
1,2146,0.07048296928405762,0.07048300536672625
1,2147,0.07119858264923096,0.07119856887298748
1,2148,0.0719141960144043,0.07191413237924871
1,2149,0.07262969017028809,0.07262969588550983
1,2150,0.07334530353546143,0.07334525939177106
1,2151,0.07406091690063477,0.07406082289803217
1,2152,0.07477641105651855,0.0747763864042934
1,2153,0.07549190521240234,0.07549194991055452
1,2154,0.07620751857757568,0.07620751341681575
1,2155,0.07692313194274902,0.07692307692307687
1,2156,0.07763862609863281,0.0776386404293381
1,2157,0.07835423946380615,0.07835420393559933
1,2158,0.07906985282897949,0.07906976744186045
1,2159,0.07978534698486328,0.07978533094812168
1,2160,0.08050084114074707,0.0805008944543828
1,2161,0.08121657371520996,0.08121645796064403
1,2162,0.08193206787109375,0.08193202146690515
1,2163,0.08264756202697754,0.08264758497316638
1,2164,0.08336317539215088,0.0833631484794275
1,2165,0.08407878875732422,0.08407871198568873
1,2166,0.08479428291320801,0.08479427549194996
1,2167,0.08550989627838135,0.08550983899821107
1,2168,0.08622550964355469,0.0862254025044723
1,2169,0.08694100379943848,0.08694096601073342
1,2170,0.08765649795532227,0.08765652951699465
1,2171,0.0883721113204956,0.08837209302325577
1,2172,0.08908772468566895,0.089087656529517
1,2173,0.08980321884155273,0.08980322003577823
1,2174,0.09051883220672607,0.09051878354203935
1,2175,0.09123444557189941,0.09123434704830058
1,2176,0.0919499397277832,0.0919499105545617
1,2177,0.09266543388366699,0.09266547406082293
1,2178,0.09338104724884033,0.09338103756708405
1,2179,0.09409666061401367,0.09409660107334528
1,2180,0.09481215476989746,0.0948121645796064
1,2181,0.0955277681350708,0.09552772808586762
1,2182,0.09624338150024414,0.09624329159212885
1,2183,0.09695887565612793,0.09695885509838997
1,2184,0.09767436981201172,0.0976744186046512
1,2185,0.09839010238647461,0.09838998211091232
1,2186,0.0991055965423584,0.09910554561717355
1,2187,0.09982109069824219,0.09982110912343467
1,2188,0.10053670406341553,0.1005366726296959
1,2189,0.10125231742858887,0.10125223613595702
1,2190,0.10196781158447266,0.10196779964221825
1,2191,0.10268330574035645,0.10268336314847948
1,2192,0.10339903831481934,0.1033989266547406
1,2193,0.10411453247070312,0.10411449016100183
1,2194,0.10483002662658691,0.10483005366726295
1,2195,0.10554563999176025,0.10554561717352418
1,2196,0.1062612533569336,0.1062611806797853
1,2197,0.10697674751281738,0.10697674418604652
1,2198,0.10769236087799072,0.10769230769230764
1,2199,0.10840797424316406,0.10840787119856887
1,2200,0.10912346839904785,0.1091234347048301
1,2201,0.10983896255493164,0.10983899821109122
1,2202,0.11055457592010498,0.11055456171735245
1,2203,0.11127018928527832,0.11127012522361357
1,2204,0.11198568344116211,0.1119856887298748
1,2205,0.11270129680633545,0.11270125223613592
1,2206,0.11341691017150879,0.11341681574239715
1,2207,0.11413240432739258,0.11413237924865827
1,2208,0.11484789848327637,0.1148479427549195
1,2209,0.11556351184844971,0.11556350626118073
1,2210,0.11627912521362305,0.11627906976744184
1,2211,0.11699461936950684,0.11699463327370307
1,2212,0.11771023273468018,0.1177101967799642
1,2213,0.11842584609985352,0.11842576028622542
1,2214,0.1191413402557373,0.11914132379248654
1,2215,0.1198568344116211,0.11985688729874777
1,2216,0.12057256698608398,0.12057245080500889
1,2217,0.12128806114196777,0.12128801431127012
1,2218,0.12200355529785156,0.12200357781753135
1,2219,0.1227191686630249,0.12271914132379247
1,2220,0.12343478202819824,0.1234347048300537
1,2221,0.12415027618408203,0.12415026833631482
1,2222,0.12486588954925537,0.12486583184257605
1,2223,0.1255815029144287,0.12558139534883717
1,2224,0.1262969970703125,0.1262969588550984
1,2225,0.1270124912261963,0.12701252236135963
1,2226,0.12772810459136963,0.12772808586762074
1,2227,0.12844371795654297,0.12844364937388197
1,2228,0.12915921211242676,0.1291592128801431
1,2229,0.1298748254776001,0.12987477638640432
1,2230,0.13059043884277344,0.13059033989266544
1,2231,0.13130593299865723,0.13130590339892667
1,2232,0.13202142715454102,0.1320214669051878
1,2233,0.13273704051971436,0.13273703041144902
1,2234,0.1334526538848877,0.13345259391771025
1,2235,0.13416814804077148,0.13416815742397137
1,2236,0.13488376140594482,0.1348837209302326
1,2237,0.13559937477111816,0.13559928443649372
1,2238,0.13631486892700195,0.13631484794275495
1,2239,0.13703036308288574,0.13703041144901607
1,2240,0.13774597644805908,0.1377459749552773
1,2241,0.13846158981323242,0.1384615384615384
1,2242,0.1391770839691162,0.13917710196779964
1,2243,0.13989269733428955,0.13989266547406087
1,2244,0.1406083106994629,0.140608228980322
1,2245,0.14132380485534668,0.14132379248658322
1,2246,0.14203929901123047,0.14203935599284434
1,2247,0.14275503158569336,0.14275491949910557
1,2248,0.14347052574157715,0.1434704830053667
1,2249,0.14418601989746094,0.14418604651162792
1,2250,0.14490163326263428,0.14490161001788904
1,2251,0.14561724662780762,0.14561717352415027
1,2252,0.1463327407836914,0.1463327370304115
1,2253,0.14704835414886475,0.14704830053667262
1,2254,0.14776396751403809,0.14776386404293385
1,2255,0.14847946166992188,0.14847942754919496
1,2256,0.14919495582580566,0.1491949910554562
1,2257,0.149910569190979,0.1499105545617173
1,2258,0.15062618255615234,0.15062611806797854
1,2259,0.15134167671203613,0.15134168157423966
1,2260,0.15205729007720947,0.1520572450805009
1,2261,0.1527729034423828,0.15277280858676212
1,2262,0.1534883975982666,0.15348837209302324
1,2263,0.1542038917541504,0.15420393559928447
1,2264,0.15491950511932373,0.1549194991055456
1,2265,0.15563511848449707,0.15563506261180682
1,2266,0.15635061264038086,0.15635062611806794
1,2267,0.1570662260055542,0.15706618962432917
1,2268,0.15778183937072754,0.15778175313059029
1,2269,0.15849733352661133,0.15849731663685152
1,2270,0.15921282768249512,0.15921288014311274
1,2271,0.159928560256958,0.15992844364937386
1,2272,0.1606440544128418,0.1606440071556351
1,2273,0.16135954856872559,0.1613595706618962
1,2274,0.16207516193389893,0.16207513416815744
1,2275,0.16279077529907227,0.16279069767441856
1,2276,0.16350626945495605,0.1635062611806798
1,2277,0.1642218828201294,0.16422182468694102
1,2278,0.16493749618530273,0.16493738819320214
1,2279,0.16565299034118652,0.16565295169946337
1,2280,0.1663684844970703,0.1663685152057245
1,2281,0.16708409786224365,0.16708407871198572
1,2282,0.167799711227417,0.16779964221824684
1,2283,0.16851520538330078,0.16851520572450807
1,2284,0.16923081874847412,0.16923076923076918
1,2285,0.16994643211364746,0.16994633273703041
1,2286,0.17066192626953125,0.17066189624329164
1,2287,0.17137742042541504,0.17137745974955276
1,2288,0.17209303379058838,0.172093023255814
1,2289,0.17280864715576172,0.1728085867620751
1,2290,0.1735241413116455,0.17352415026833634
1,2291,0.17423975467681885,0.17423971377459746
1,2292,0.1749553680419922,0.1749552772808587
1,2293,0.17567086219787598,0.1756708407871198
1,2294,0.17638635635375977,0.17638640429338104
1,2295,0.1771019697189331,0.17710196779964227
1,2296,0.17781758308410645,0.1778175313059034
1,2297,0.17853307723999023,0.17853309481216462
1,2298,0.17924869060516357,0.17924865831842574
1,2299,0.17996430397033691,0.17996422182468697
1,2300,0.1806797981262207,0.18067978533094808
1,2301,0.1813952922821045,0.1813953488372093
1,2302,0.18211102485656738,0.18211091234347043
1,2303,0.18282651901245117,0.18282647584973166
1,2304,0.18354201316833496,0.1835420393559929
1,2305,0.1842576265335083,0.184257602862254
1,2306,0.18497323989868164,0.18497316636851524
1,2307,0.18568873405456543,0.18568872987477636
1,2308,0.18640434741973877,0.1864042933810376
1,2309,0.1871199607849121,0.1871198568872987
1,2310,0.1878354549407959,0.18783542039355994
1,2311,0.1885509490966797,0.18855098389982106
1,2312,0.18926656246185303,0.18926654740608229
1,2313,0.18998217582702637,0.18998211091234352
1,2314,0.19069766998291016,0.19069767441860463
1,2315,0.1914132833480835,0.19141323792486586
1,2316,0.19212889671325684,0.19212880143112698
1,2317,0.19284439086914062,0.1928443649373882
1,2318,0.19355988502502441,0.19355992844364933
1,2319,0.19427549839019775,0.19427549194991056
1,2320,0.1949911117553711,0.19499105545617168
1,2321,0.19570660591125488,0.1957066189624329
1,2322,0.19642221927642822,0.19642218246869414
1,2323,0.19713783264160156,0.19713774597495526
1,2324,0.19785332679748535,0.1978533094812165
1,2325,0.19856882095336914,0.1985688729874776
1,2326,0.19928455352783203,0.19928443649373884
1,2327,0.20000004768371582,0.19999999999999996
1,2328,0.2007155418395996,0.20071556350626119
1,2329,0.20143115520477295,0.20143112701252242
1,2330,0.2021467685699463,0.20214669051878353
1,2331,0.20286226272583008,0.20286225402504476
1,2332,0.20357775688171387,0.20357781753130588
1,2333,0.20429348945617676,0.2042933810375671
1,2334,0.20500898361206055,0.20500894454382823
1,2335,0.20572447776794434,0.20572450805008946
1,2336,0.20644009113311768,0.20644007155635058
1,2337,0.20715570449829102,0.2071556350626118
1,2338,0.2078711986541748,0.20787119856887304
1,2339,0.20858681201934814,0.20858676207513416
1,2340,0.20930242538452148,0.2093023255813954
1,2341,0.21001791954040527,0.2100178890876565
1,2342,0.21073341369628906,0.21073345259391774
1,2343,0.2114490270614624,0.21144901610017885
1,2344,0.21216464042663574,0.21216457960644008
1,2345,0.21288013458251953,0.2128801431127012
1,2346,0.21359574794769287,0.21359570661896243
1,2347,0.2143113613128662,0.21431127012522366
1,2348,0.21502685546875,0.21502683363148478
1,2349,0.2157423496246338,0.215742397137746
1,2350,0.21645796298980713,0.21645796064400713
1,2351,0.21717357635498047,0.21717352415026836
1,2352,0.21788907051086426,0.21788908765652948
1,2353,0.2186046838760376,0.2186046511627907
1,2354,0.21932029724121094,0.21932021466905183
1,2355,0.22003579139709473,0.22003577817531306
1,2356,0.22075128555297852,0.2207513416815743
1,2357,0.2214670181274414,0.2214669051878354
1,2358,0.2221825122833252,0.22218246869409664
1,2359,0.22289800643920898,0.22289803220035775
1,2360,0.22361361980438232,0.22361359570661898
1,2361,0.22432923316955566,0.2243291592128801
1,2362,0.22504472732543945,0.22504472271914133
1,2363,0.2257603406906128,0.22576028622540245
1,2364,0.22647595405578613,0.22647584973166368
1,2365,0.22719144821166992,0.2271914132379249
1,2366,0.2279069423675537,0.22790697674418603
1,2367,0.22862255573272705,0.22862254025044726
1,2368,0.2293381690979004,0.22933810375670838
1,2369,0.23005366325378418,0.2300536672629696
1,2370,0.23076927661895752,0.23076923076923073
1,2371,0.23148488998413086,0.23148479427549196
1,2372,0.23220038414001465,0.23220035778175319
1,2373,0.23291587829589844,0.2329159212880143
1,2374,0.23363149166107178,0.23363148479427553
1,2375,0.23434710502624512,0.23434704830053665
1,2376,0.2350625991821289,0.23506261180679788
1,2377,0.23577821254730225,0.235778175313059
1,2378,0.23649382591247559,0.23649373881932023
1,2379,0.23720932006835938,0.23720930232558135
1,2380,0.23792481422424316,0.23792486583184258
1,2381,0.2386404275894165,0.2386404293381038
1,2382,0.23935604095458984,0.23935599284436493
1,2383,0.24007153511047363,0.24007155635062616
1,2384,0.24078714847564697,0.24078711985688728
1,2385,0.2415027618408203,0.2415026833631485
1,2386,0.2422182559967041,0.24221824686940963
1,2387,0.2429337501525879,0.24293381037567086
1,2388,0.24364948272705078,0.24364937388193197
1,2389,0.24436497688293457,0.2443649373881932
1,2390,0.24508047103881836,0.24508050089445443
1,2391,0.2457960844039917,0.24579606440071555
1,2392,0.24651169776916504,0.24651162790697678
1,2393,0.24722719192504883,0.2472271914132379
1,2394,0.24794280529022217,0.24794275491949913
1,2395,0.2486584186553955,0.24865831842576025
1,2396,0.2493739128112793,0.24937388193202148
1,2397,0.2500894069671631,0.2500894454382826
1,2398,0.2508050203323364,0.25080500894454383
1,2399,0.25152063369750977,0.25152057245080506
1,2400,0.25223612785339355,0.2522361359570662
1,2401,0.2529517412185669,0.2529516994633274
1,2402,0.25366735458374023,0.2536672629695885
1,2403,0.254382848739624,0.25438282647584975
1,2404,0.2550983428955078,0.2550983899821109
1,2405,0.25581395626068115,0.2558139534883721
1,2406,0.2565295696258545,0.2565295169946332
1,2407,0.2572450637817383,0.25724508050089445
1,2408,0.2579606771469116,0.2579606440071557
1,2409,0.25867629051208496,0.2586762075134168
1,2410,0.25939178466796875,0.25939177101967803
1,2411,0.26010727882385254,0.26010733452593915
1,2412,0.26082301139831543,0.2608228980322004
1,2413,0.2615385055541992,0.2615384615384615
1,2414,0.262253999710083,0.2622540250447227
1,2415,0.26296961307525635,0.26296958855098385
1,2416,0.2636852264404297,0.2636851520572451
1,2417,0.2644007205963135,0.2644007155635063
1,2418,0.2651163339614868,0.2651162790697674
1,2419,0.26583194732666016,0.26583184257602865
1,2420,0.26654744148254395,0.2665474060822898
1,2421,0.26726293563842773,0.267262969588551
1,2422,0.2679785490036011,0.2679785330948121
1,2423,0.2686941623687744,0.26869409660107335
1,2424,0.2694096565246582,0.2694096601073346
1,2425,0.27012526988983154,0.2701252236135957
1,2426,0.2708408832550049,0.27084078711985693
1,2427,0.27155637741088867,0.27155635062611805
1,2428,0.27227187156677246,0.2722719141323793
1,2429,0.2729874849319458,0.2729874776386404
1,2430,0.27370309829711914,0.2737030411449016
1,2431,0.27441859245300293,0.27441860465116275
1,2432,0.27513420581817627,0.275134168157424
1,2433,0.2758498191833496,0.2758497316636852
1,2434,0.2765653133392334,0.2765652951699463
1,2435,0.2772808074951172,0.27728085867620755
1,2436,0.2779964208602905,0.27799642218246867
1,2437,0.27871203422546387,0.2787119856887299
1,2438,0.27942752838134766,0.279427549194991
1,2439,0.280143141746521,0.28014311270125225
1,2440,0.28085875511169434,0.28085867620751337
1,2441,0.2815742492675781,0.2815742397137746
1,2442,0.2822897434234619,0.28228980322003583
1,2443,0.2830054759979248,0.28300536672629695
1,2444,0.2837209701538086,0.2837209302325582
1,2445,0.2844364643096924,0.2844364937388193
1,2446,0.2851520776748657,0.2851520572450805
1,2447,0.28586769104003906,0.28586762075134164
1,2448,0.28658318519592285,0.2865831842576029
1,2449,0.2872987985610962,0.287298747763864
1,2450,0.28801441192626953,0.2880143112701252
1,2451,0.2887299060821533,0.28872987477638645
1,2452,0.2894454002380371,0.28944543828264757
1,2453,0.29016101360321045,0.2901610017889088
1,2454,0.2908766269683838,0.2908765652951699
1,2455,0.2915921211242676,0.29159212880143115
1,2456,0.2923077344894409,0.29230769230769227
1,2457,0.29302334785461426,0.2930232558139535
1,2458,0.29373884201049805,0.2937388193202146
1,2459,0.29445433616638184,0.29445438282647585
1,2460,0.2951699495315552,0.2951699463327371
1,2461,0.2958855628967285,0.2958855098389982
1,2462,0.2966010570526123,0.2966010733452594
1,2463,0.29731667041778564,0.29731663685152054
1,2464,0.298032283782959,0.2980322003577818
1,2465,0.2987477779388428,0.2987477638640429
1,2466,0.29946327209472656,0.2994633273703041
1,2467,0.30017900466918945,0.30017889087656524
1,2468,0.30089449882507324,0.30089445438282647
1,2469,0.30160999298095703,0.3016100178890877
1,2470,0.30232560634613037,0.3023255813953488
1,2471,0.3030412197113037,0.30304114490161005
1,2472,0.3037567138671875,0.30375670840787117
1,2473,0.3044722080230713,0.3044722719141324
1,2474,0.3051879405975342,0.3051878354203935
1,2475,0.30590343475341797,0.30590339892665475
1,2476,0.30661892890930176,0.306618962432916
1,2477,0.3073345422744751,0.3073345259391771
1,2478,0.30805015563964844,0.3080500894454383
1,2479,0.3087656497955322,0.30876565295169944
1,2480,0.30948126316070557,0.3094812164579607
1,2481,0.3101968765258789,0.3101967799642218
1,2482,0.3109123706817627,0.310912343470483
1,2483,0.3116278648376465,0.31162790697674414
1,2484,0.3123434782028198,0.31234347048300537
1,2485,0.31305909156799316,0.3130590339892666
1,2486,0.31377458572387695,0.3137745974955277
1,2487,0.3144901990890503,0.31449016100178895
1,2488,0.31520581245422363,0.31520572450805007
1,2489,0.3159213066101074,0.3159212880143113
1,2490,0.3166368007659912,0.3166368515205724
1,2491,0.31735241413116455,0.31735241502683365
1,2492,0.3180680274963379,0.31806797853309476
1,2493,0.3187835216522217,0.318783542039356
1,2494,0.319499135017395,0.3194991055456172
1,2495,0.32021474838256836,0.32021466905187834
1,2496,0.32093024253845215,0.32093023255813957
1,2497,0.32164573669433594,0.3216457960644007
1,2498,0.32236146926879883,0.3223613595706619
1,2499,0.3230769634246826,0.32307692307692304
1,2500,0.3237924575805664,0.32379248658318427
1,2501,0.32450807094573975,0.3245080500894454
1,2502,0.3252236843109131,0.3252236135957066
1,2503,0.3259391784667969,0.32593917710196785
1,2504,0.3266547918319702,0.32665474060822897
1,2505,0.32737040519714355,0.3273703041144902
1,2506,0.32808589935302734,0.3280858676207513
1,2507,0.32880139350891113,0.32880143112701254
1,2508,0.3295170068740845,0.32951699463327366
1,2509,0.3302326202392578,0.3302325581395349
1,2510,0.3309481143951416,0.330948121645796
1,2511,0.33166372776031494,0.33166368515205724
1,2512,0.3323793411254883,0.33237924865831847
1,2513,0.33309483528137207,0.3330948121645796
1,2514,0.33381032943725586,0.3338103756708408
1,2515,0.3345259428024292,0.33452593917710194
1,2516,0.33524155616760254,0.33524150268336317
1,2517,0.33595705032348633,0.3359570661896243
1,2518,0.33667266368865967,0.3366726296958855
1,2519,0.337388277053833,0.33738819320214664
1,2520,0.3381037712097168,0.33810375670840787
1,2521,0.3388192653656006,0.3388193202146691
1,2522,0.3395348787307739,0.3395348837209302
1,2523,0.34025049209594727,0.34025044722719144
1,2524,0.34096598625183105,0.34096601073345256
1,2525,0.3416815996170044,0.3416815742397138
1,2526,0.34239721298217773,0.3423971377459749
1,2527,0.3431127071380615,0.34311270125223614
1,2528,0.3438282012939453,0.34382826475849737
1,2529,0.3445439338684082,0.3445438282647585
1,2530,0.345259428024292,0.3452593917710197
1,2531,0.3459749221801758,0.34597495527728084
1,2532,0.3466905355453491,0.34669051878354207
1,2533,0.34740614891052246,0.3474060822898032
1,2534,0.34812164306640625,0.3481216457960644
1,2535,0.3488372564315796,0.34883720930232553
1,2536,0.34955286979675293,0.34955277280858676
1,2537,0.3502683639526367,0.350268336314848
1,2538,0.3509838581085205,0.3509838998211091
1,2539,0.35169947147369385,0.35169946332737034
1,2540,0.3524150848388672,0.35241502683363146
1,2541,0.353130578994751,0.3531305903398927
1,2542,0.3538461923599243,0.3538461538461538
1,2543,0.35456180572509766,0.35456171735241504
1,2544,0.35527729988098145,0.35527728085867616
1,2545,0.35599279403686523,0.3559928443649374
1,2546,0.3567084074020386,0.3567084078711986
1,2547,0.3574240207672119,0.35742397137745974
1,2548,0.3581395149230957,0.35813953488372097
1,2549,0.35885512828826904,0.3588550983899821
1,2550,0.3595707416534424,0.3595706618962433
1,2551,0.36028623580932617,0.36028622540250443
1,2552,0.36100172996520996,0.36100178890876566
1,2553,0.36171746253967285,0.3617173524150268
1,2554,0.36243295669555664,0.362432915921288
1,2555,0.36314845085144043,0.36314847942754924
1,2556,0.36386406421661377,0.36386404293381036
1,2557,0.3645796775817871,0.3645796064400716
1,2558,0.3652951717376709,0.3652951699463327
1,2559,0.36601078510284424,0.36601073345259394
1,2560,0.3667263984680176,0.36672629695885506
1,2561,0.36744189262390137,0.3674418604651163
1,2562,0.36815738677978516,0.3681574239713774
1,2563,0.3688730001449585,0.36887298747763864
1,2564,0.36958861351013184,0.36958855098389987
1,2565,0.3703041076660156,0.370304114490161
1,2566,0.37101972103118896,0.3710196779964222
1,2567,0.3717353343963623,0.37173524150268333
1,2568,0.3724508285522461,0.37245080500894456
1,2569,0.3731663227081299,0.3731663685152057
1,2570,0.3738819360733032,0.3738819320214669
1,2571,0.37459754943847656,0.37459749552772803
1,2572,0.37531304359436035,0.37531305903398926
1,2573,0.3760286569595337,0.3760286225402505
1,2574,0.37674427032470703,0.3767441860465116
1,2575,0.3774597644805908,0.37745974955277284
1,2576,0.3781752586364746,0.37817531305903396
1,2577,0.37889087200164795,0.3788908765652952
1,2578,0.3796064853668213,0.3796064400715563
1,2579,0.3803219795227051,0.38032200357781754
1,2580,0.3810375928878784,0.38103756708407877
1,2581,0.38175320625305176,0.3817531305903399
1,2582,0.38246870040893555,0.3824686940966011
1,2583,0.38318419456481934,0.38318425760286223
1,2584,0.3838999271392822,0.38389982110912346
1,2585,0.384615421295166,0.3846153846153846
1,2586,0.3853309154510498,0.3853309481216458
1,2587,0.38604652881622314,0.38604651162790693
1,2588,0.3867621421813965,0.38676207513416816
1,2589,0.3874776363372803,0.3874776386404294
1,2590,0.3881932497024536,0.3881932021466905
1,2591,0.38890886306762695,0.38890876565295174
1,2592,0.38962435722351074,0.38962432915921286
1,2593,0.39033985137939453,0.3903398926654741
1,2594,0.39105546474456787,0.3910554561717352
1,2595,0.3917710781097412,0.39177101967799643
1,2596,0.392486572265625,0.39248658318425755
1,2597,0.39320218563079834,0.3932021466905188
1,2598,0.3939177989959717,0.39391771019678
1,2599,0.39463329315185547,0.39463327370304113
1,2600,0.39534878730773926,0.39534883720930236
1,2601,0.3960644006729126,0.3960644007155635
1,2602,0.39678001403808594,0.3967799642218247
1,2603,0.3974955081939697,0.39749552772808583
1,2604,0.39821112155914307,0.39821109123434706
1,2605,0.3989267349243164,0.3989266547406082
1,2606,0.3996422290802002,0.3996422182468694
1,2607,0.400357723236084,0.40035778175313064
1,2608,0.4010733366012573,0.40107334525939176
1,2609,0.40178894996643066,0.401788908765653
1,2610,0.40250444412231445,0.4025044722719141
1,2611,0.4032200574874878,0.40322003577817533
1,2612,0.40393567085266113,0.40393559928443645
1,2613,0.4046511650085449,0.4046511627906977
1,2614,0.4053666591644287,0.4053667262969588
1,2615,0.4060823917388916,0.40608228980322003
1,2616,0.4067978858947754,0.40679785330948126
1,2617,0.4075133800506592,0.4075134168157424
1,2618,0.4082289934158325,0.4082289803220036
1,2619,0.40894460678100586,0.40894454382826473
1,2620,0.40966010093688965,0.40966010733452596
1,2621,0.410375714302063,0.4103756708407871
1,2622,0.41109132766723633,0.4110912343470483
1,2623,0.4118068218231201,0.41180679785330954
1,2624,0.4125223159790039,0.41252236135957066
1,2625,0.41323792934417725,0.4132379248658319
1,2626,0.4139535427093506,0.413953488372093
1,2627,0.4146690368652344,0.41466905187835423
1,2628,0.4153846502304077,0.41538461538461535
1,2629,0.41610026359558105,0.4161001788908766
1,2630,0.41681575775146484,0.4168157423971377
1,2631,0.41753125190734863,0.41753130590339893
1,2632,0.418246865272522,0.41824686940966016
1,2633,0.4189624786376953,0.4189624329159213
1,2634,0.4196779727935791,0.4196779964221825
1,2635,0.42039358615875244,0.4203935599284436
1,2636,0.4211091995239258,0.42110912343470486
1,2637,0.42182469367980957,0.421824686940966
1,2638,0.42254018783569336,0.4225402504472272
1,2639,0.42325592041015625,0.4232558139534883
1,2640,0.42397141456604004,0.42397137745974955
1,2641,0.42468690872192383,0.4246869409660108
1,2642,0.42540252208709717,0.4254025044722719
1,2643,0.4261181354522705,0.42611806797853313
1,2644,0.4268336296081543,0.42683363148479425
1,2645,0.42754924297332764,0.4275491949910555
1,2646,0.428264856338501,0.4282647584973166
1,2647,0.42898035049438477,0.42898032200357783
1,2648,0.42969584465026855,0.42969588550983895
1,2649,0.4304114580154419,0.4304114490161002
1,2650,0.43112707138061523,0.4311270125223614
1,2651,0.431842565536499,0.4318425760286225
1,2652,0.43255817890167236,0.43255813953488376
1,2653,0.4332737922668457,0.4332737030411449
1,2654,0.4339892864227295,0.4339892665474061
1,2655,0.4347047805786133,0.4347048300536672
1,2656,0.4354203939437866,0.43542039355992845
1,2657,0.43613600730895996,0.4361359570661896
1,2658,0.43685150146484375,0.4368515205724508
1,2659,0.4375671148300171,0.43756708407871203
1,2660,0.43828272819519043,0.43828264758497315
1,2661,0.4389982223510742,0.4389982110912344
1,2662,0.439713716506958,0.4397137745974955
1,2663,0.44042932987213135,0.44042933810375673
1,2664,0.4411449432373047,0.44114490161001785
1,2665,0.4418604373931885,0.4418604651162791
1,2666,0.4425760507583618,0.4425760286225402
1,2667,0.44329166412353516,0.4432915921288014
1,2668,0.44400715827941895,0.44400715563506266
1,2669,0.44472265243530273,0.4447227191413238
1,2670,0.4454383850097656,0.445438282647585
1,2671,0.4461538791656494,0.4461538461538461
1,2672,0.4468693733215332,0.44686940966010735
1,2673,0.44758498668670654,0.44758497316636847
1,2674,0.4483006000518799,0.4483005366726297
1,2675,0.44901609420776367,0.44901610017889093
1,2676,0.449731707572937,0.44973166368515205
1,2677,0.45044732093811035,0.4504472271914133
1,2678,0.45116281509399414,0.4511627906976744
1,2679,0.45187830924987793,0.45187835420393563
1,2680,0.45259392261505127,0.45259391771019675
1,2681,0.4533095359802246,0.453309481216458
1,2682,0.4540250301361084,0.4540250447227191
1,2683,0.45474064350128174,0.4547406082289803
1,2684,0.4554562568664551,0.45545617173524156
1,2685,0.45617175102233887,0.4561717352415027
1,2686,0.45688724517822266,0.4568872987477639
1,2687,0.457602858543396,0.457602862254025
1,2688,0.45831847190856934,0.45831842576028625
1,2689,0.4590339660644531,0.45903398926654737
1,2690,0.45974957942962646,0.4597495527728086
1,2691,0.4604651927947998,0.4604651162790697
1,2692,0.4611806869506836,0.46118067978533095
1,2693,0.4618961811065674,0.4618962432915922
1,2694,0.4626119136810303,0.4626118067978533
1,2695,0.46332740783691406,0.4633273703041145
1,2696,0.46404290199279785,0.46404293381037565
1,2697,0.4647585153579712,0.4647584973166369
1,2698,0.46547412872314453,0.465474060822898
1,2699,0.4661896228790283,0.4661896243291592
1,2700,0.46690523624420166,0.46690518783542034
1,2701,0.467620849609375,0.4676207513416816
1,2702,0.4683363437652588,0.4683363148479428
1,2703,0.4690518379211426,0.4690518783542039
1,2704,0.4697674512863159,0.46976744186046515
1,2705,0.47048306465148926,0.47048300536672627
1,2706,0.47119855880737305,0.4711985688729875
1,2707,0.4719141721725464,0.4719141323792486
1,2708,0.4726297855377197,0.47262969588550985
1,2709,0.4733452796936035,0.47334525939177097
1,2710,0.4740607738494873,0.4740608228980322
1,2711,0.47477638721466064,0.4747763864042934
1,2712,0.475492000579834,0.47549194991055455
1,2713,0.4762074947357178,0.4762075134168158
1,2714,0.4769231081008911,0.4769230769230769
1,2715,0.47763872146606445,0.4776386404293381
1,2716,0.47835421562194824,0.47835420393559924
1,2717,0.47906970977783203,0.4790697674418605
1,2718,0.47978532314300537,0.4797853309481216
1,2719,0.4805009365081787,0.4805008944543828
1,2720,0.4812164306640625,0.48121645796064405
1,2721,0.48193204402923584,0.48193202146690517
1,2722,0.4826476573944092,0.4826475849731664
1,2723,0.48336315155029297,0.4833631484794275
1,2724,0.48407864570617676,0.48407871198568875
1,2725,0.48479437828063965,0.48479427549194987
1,2726,0.48550987243652344,0.4855098389982111
1,2727,0.4862253665924072,0.4862254025044723
1,2728,0.48694097995758057,0.48694096601073344
1,2729,0.4876565933227539,0.4876565295169947
1,2730,0.4883720874786377,0.4883720930232558
1,2731,0.48908770084381104,0.489087656529517
1,2732,0.4898033142089844,0.48980322003577814
1,2733,0.49051880836486816,0.49051878354203937
1,2734,0.49123430252075195,0.4912343470483005
1,2735,0.4919499158859253,0.4919499105545617
1,2736,0.49266552925109863,0.49266547406082295
1,2737,0.4933810234069824,0.49338103756708407
1,2738,0.49409663677215576,0.4940966010733453
1,2739,0.4948122501373291,0.4948121645796064
1,2740,0.4955277442932129,0.49552772808586765
1,2741,0.4962432384490967,0.49624329159212877
1,2742,0.49695885181427,0.49695885509839
1,2743,0.49767446517944336,0.4976744186046511
1,2744,0.49838995933532715,0.49838998211091234
1,2745,0.4991055727005005,0.4991055456171736
1,2746,0.49982118606567383,0.4998211091234347
1,2747,0.5005366802215576,0.5005366726296958
1,2748,0.501252293586731,0.501252236135957
1,2749,0.5019677877426147,0.5019677996422183
1,2750,0.5026834011077881,0.5026833631484795
1,2751,0.5033988952636719,0.5033989266547406
1,2752,0.5041145086288452,0.5041144901610017
1,2753,0.5048301219940186,0.504830053667263
1,2754,0.5055456161499023,0.5055456171735242
1,2755,0.5062612295150757,0.5062611806797853
1,2756,0.5069767236709595,0.5069767441860464
1,2757,0.5076923370361328,0.5076923076923077
1,2758,0.5084078311920166,0.5084078711985689
1,2759,0.5091234445571899,0.5091234347048301
1,2760,0.5098390579223633,0.5098389982110912
1,2761,0.5105545520782471,0.5105545617173524
1,2762,0.5112701654434204,0.5112701252236136
1,2763,0.5119857788085938,0.5119856887298748
1,2764,0.5127012729644775,0.5127012522361359
1,2765,0.5134167671203613,0.5134168157423971
1,2766,0.5141323804855347,0.5141323792486583
1,2767,0.514847993850708,0.5148479427549195
1,2768,0.5155634880065918,0.5155635062611807
1,2769,0.5162791013717651,0.5162790697674419
1,2770,0.5169947147369385,0.516994633273703
1,2771,0.5177102088928223,0.5177101967799642
1,2772,0.518425703048706,0.5184257602862254
1,2773,0.5191413164138794,0.5191413237924866
1,2774,0.5198569297790527,0.5198568872987477
1,2775,0.5205724239349365,0.5205724508050089
1,2776,0.5212880373001099,0.5212880143112701
1,2777,0.5220036506652832,0.5220035778175314
1,2778,0.522719144821167,0.5227191413237925
1,2779,0.5234347581863403,0.5234347048300536
1,2780,0.5241502523422241,0.5241502683363148
1,2781,0.5248658657073975,0.5248658318425761
1,2782,0.5255813598632812,0.5255813953488372
1,2783,0.5262969732284546,0.5262969588550983
1,2784,0.5270125865936279,0.5270125223613595
1,2785,0.5277280807495117,0.5277280858676208
1,2786,0.5284436941146851,0.528443649373882
1,2787,0.5291591882705688,0.5291592128801431
1,2788,0.5298748016357422,0.5298747763864042
1,2789,0.530590295791626,0.5305903398926655
1,2790,0.5313059091567993,0.5313059033989267
1,2791,0.5320215225219727,0.5320214669051878
1,2792,0.5327370166778564,0.532737030411449
1,2793,0.5334526300430298,0.5334525939177102
1,2794,0.5341682434082031,0.5341681574239714
1,2795,0.5348837375640869,0.5348837209302326
1,2796,0.5355992317199707,0.5355992844364937
1,2797,0.536314845085144,0.5363148479427549
1,2798,0.5370304584503174,0.5370304114490161
1,2799,0.5377459526062012,0.5377459749552773
1,2800,0.5384615659713745,0.5384615384615384
1,2801,0.5391771793365479,0.5391771019677997
1,2802,0.5398926734924316,0.5398926654740608
1,2803,0.540608286857605,0.540608228980322
1,2804,0.5413237810134888,0.5413237924865832
1,2805,0.5420393943786621,0.5420393559928444
1,2806,0.5427548885345459,0.5427549194991055
1,2807,0.5434705018997192,0.5434704830053667
1,2808,0.5441861152648926,0.5441860465116279
1,2809,0.5449016094207764,0.5449016100178892
1,2810,0.5456172227859497,0.5456171735241503
1,2811,0.5463327169418335,0.5463327370304114
1,2812,0.5470483303070068,0.5470483005366726
1,2813,0.5477638244628906,0.5477638640429339
1,2814,0.548479437828064,0.548479427549195
1,2815,0.5491950511932373,0.5491949910554561
1,2816,0.5499105453491211,0.5499105545617173
1,2817,0.5506261587142944,0.5506261180679786
1,2818,0.5513416528701782,0.5513416815742398
1,2819,0.5520572662353516,0.5520572450805009
1,2820,0.5527727603912354,0.552772808586762
1,2821,0.5534883737564087,0.5534883720930233
1,2822,0.554203987121582,0.5542039355992845
1,2823,0.5549194812774658,0.5549194991055456
1,2824,0.5556350946426392,0.5556350626118067
1,2825,0.5563507080078125,0.556350626118068
1,2826,0.5570662021636963,0.5570661896243292
1,2827,0.5577816963195801,0.5577817531305904
1,2828,0.5584973096847534,0.5584973166368515
1,2829,0.5592129230499268,0.5592128801431127
1,2830,0.5599284172058105,0.5599284436493739
1,2831,0.5606440305709839,0.5606440071556351
1,2832,0.5613596439361572,0.5613595706618962
1,2833,0.562075138092041,0.5620751341681574
1,2834,0.5627907514572144,0.5627906976744186
1,2835,0.5635062456130981,0.5635062611806798
1,2836,0.5642218589782715,0.564221824686941
1,2837,0.5649373531341553,0.5649373881932022
1,2838,0.5656529664993286,0.5656529516994633
1,2839,0.566368579864502,0.5663685152057245
1,2840,0.5670840740203857,0.5670840787119857
1,2841,0.5677996873855591,0.5677996422182469
1,2842,0.5685151815414429,0.568515205724508
1,2843,0.5692307949066162,0.5692307692307692
1,2844,0.5699462890625,0.5699463327370304
1,2845,0.5706619024276733,0.5706618962432917
1,2846,0.5713775157928467,0.5713774597495528
1,2847,0.5720930099487305,0.5720930232558139
1,2848,0.5728086233139038,0.5728085867620751
1,2849,0.5735242366790771,0.5735241502683364
1,2850,0.5742397308349609,0.5742397137745975
1,2851,0.5749552249908447,0.5749552772808586
1,2852,0.5756708383560181,0.5756708407871198
1,2853,0.5763864517211914,0.5763864042933811
1,2854,0.5771019458770752,0.5771019677996423
1,2855,0.5778175592422485,0.5778175313059034
1,2856,0.5785331726074219,0.5785330948121645
1,2857,0.5792486667633057,0.5792486583184258
1,2858,0.579964280128479,0.579964221824687
1,2859,0.5806797742843628,0.5806797853309481
1,2860,0.5813953876495361,0.5813953488372092
1,2861,0.5821108818054199,0.5821109123434705
1,2862,0.5828264951705933,0.5828264758497317
1,2863,0.5835421085357666,0.5835420393559929
1,2864,0.5842576026916504,0.584257602862254
1,2865,0.5849732160568237,0.5849731663685152
1,2866,0.5856887102127075,0.5856887298747764
1,2867,0.5864043235778809,0.5864042933810376
1,2868,0.5871198177337646,0.5871198568872987
1,2869,0.587835431098938,0.5878354203935598
1,2870,0.5885510444641113,0.5885509838998211
1,2871,0.5892665386199951,0.5892665474060823
1,2872,0.5899821519851685,0.5899821109123435
1,2873,0.5906976461410522,0.5906976744186047
1,2874,0.5914132595062256,0.5914132379248658
1,2875,0.5921287536621094,0.592128801431127
1,2876,0.5928443670272827,0.5928443649373882
1,2877,0.593559980392456,0.5935599284436494
1,2878,0.5942754745483398,0.5942754919499105
1,2879,0.5949910879135132,0.5949910554561717
1,2880,0.5957067012786865,0.5957066189624329
1,2881,0.5964221954345703,0.5964221824686942
1,2882,0.5971376895904541,0.5971377459749553
1,2883,0.5978533029556274,0.5978533094812164
1,2884,0.5985689163208008,0.5985688729874776
1,2885,0.5992844104766846,0.5992844364937389
1,2886,0.6000000238418579,0.6
1,2887,0.6007156372070312,0.6007155635062612
1,2888,0.601431131362915,0.6014311270125223
1,2889,0.6021467447280884,0.6021466905187836
1,2890,0.6028622388839722,0.6028622540250448
1,2891,0.6035778522491455,0.6035778175313059
1,2892,0.6042933464050293,0.604293381037567
1,2893,0.6050089597702026,0.6050089445438283
1,2894,0.605724573135376,0.6057245080500895
1,2895,0.6064400672912598,0.6064400715563506
1,2896,0.6071556806564331,0.6071556350626118
1,2897,0.6078711748123169,0.607871198568873
1,2898,0.6085867881774902,0.6085867620751342
1,2899,0.609302282333374,0.6093023255813954
1,2900,0.6100178956985474,0.6100178890876565
1,2901,0.6107335090637207,0.6107334525939176
1,2902,0.6114490032196045,0.6114490161001789
1,2903,0.6121646165847778,0.6121645796064401
1,2904,0.6128802299499512,0.6128801431127012
1,2905,0.613595724105835,0.6135957066189625
1,2906,0.6143112182617188,0.6143112701252236
1,2907,0.6150268316268921,0.6150268336314848
1,2908,0.6157424449920654,0.615742397137746
1,2909,0.6164579391479492,0.6164579606440072
1,2910,0.6171735525131226,0.6171735241502683
1,2911,0.6178891658782959,0.6178890876565295
1,2912,0.6186046600341797,0.6186046511627907
1,2913,0.6193201541900635,0.619320214669052
1,2914,0.6200357675552368,0.6200357781753131
1,2915,0.6207513809204102,0.6207513416815742
1,2916,0.621466875076294,0.6214669051878354
1,2917,0.6221824884414673,0.6221824686940967
1,2918,0.6228981018066406,0.6228980322003578
1,2919,0.6236135959625244,0.6236135957066189
1,2920,0.6243292093276978,0.6243291592128801
1,2921,0.6250447034835815,0.6250447227191414
1,2922,0.6257603168487549,0.6257602862254026
1,2923,0.6264758110046387,0.6264758497316637
1,2924,0.627191424369812,0.6271914132379248
1,2925,0.6279070377349854,0.627906976744186
1,2926,0.6286225318908691,0.6286225402504473
1,2927,0.6293381452560425,0.6293381037567084
1,2928,0.6300536394119263,0.6300536672629695
1,2929,0.6307692527770996,0.6307692307692307
1,2930,0.6314847469329834,0.631484794275492
1,2931,0.6322003602981567,0.6322003577817532
1,2932,0.6329159736633301,0.6329159212880143
1,2933,0.6336314678192139,0.6336314847942754
1,2934,0.6343470811843872,0.6343470483005367
1,2935,0.6350626945495605,0.6350626118067979
1,2936,0.6357781887054443,0.635778175313059
1,2937,0.6364936828613281,0.6364937388193201
1,2938,0.6372092962265015,0.6372093023255814
1,2939,0.6379249095916748,0.6379248658318426
1,2940,0.6386404037475586,0.6386404293381038
1,2941,0.6393560171127319,0.639355992844365
1,2942,0.6400716304779053,0.6400715563506261
1,2943,0.6407871246337891,0.6407871198568873
1,2944,0.6415027379989624,0.6415026833631485
1,2945,0.6422182321548462,0.6422182468694096
1,2946,0.6429338455200195,0.6429338103756708
1,2947,0.6436493396759033,0.643649373881932
1,2948,0.6443649530410767,0.6443649373881932
1,2949,0.64508056640625,0.6450805008944545
1,2950,0.6457960605621338,0.6457960644007156
1,2951,0.6465116739273071,0.6465116279069767
1,2952,0.6472271680831909,0.6472271914132379
1,2953,0.6479427814483643,0.6479427549194992
1,2954,0.648658275604248,0.6486583184257603
1,2955,0.6493738889694214,0.6493738819320214
1,2956,0.6500895023345947,0.6500894454382826
1,2957,0.6508049964904785,0.6508050089445439
1,2958,0.6515206098556519,0.6515205724508051
1,2959,0.6522361040115356,0.6522361359570662
1,2960,0.652951717376709,0.6529516994633273
1,2961,0.6536672115325928,0.6536672629695885
1,2962,0.6543828248977661,0.6543828264758498
1,2963,0.6550984382629395,0.6550983899821109
1,2964,0.6558139324188232,0.655813953488372
1,2965,0.6565295457839966,0.6565295169946332
1,2966,0.6572451591491699,0.6572450805008945
1,2967,0.6579606533050537,0.6579606440071557
1,2968,0.6586761474609375,0.6586762075134168
1,2969,0.6593917608261108,0.6593917710196779
1,2970,0.6601073741912842,0.6601073345259392
1,2971,0.660822868347168,0.6608228980322004
1,2972,0.6615384817123413,0.6615384615384615
1,2973,0.6622540950775146,0.6622540250447226
1,2974,0.6629695892333984,0.6629695885509839
1,2975,0.6636852025985718,0.6636851520572451
1,2976,0.6644006967544556,0.6644007155635063
1,2977,0.6651163101196289,0.6651162790697674
1,2978,0.6658318042755127,0.6658318425760286
1,2979,0.666547417640686,0.6665474060822898
1,2980,0.6672630310058594,0.667262969588551
1,2981,0.6679785251617432,0.6679785330948121
1,2982,0.6686941385269165,0.6686940966010733
1,2983,0.6694096326828003,0.6694096601073345
1,2984,0.6701252460479736,0.6701252236135957
1,2985,0.6708407402038574,0.670840787119857
1,2986,0.6715563535690308,0.6715563506261181
1,2987,0.6722719669342041,0.6722719141323792
1,2988,0.6729874610900879,0.6729874776386404
1,2989,0.6737030744552612,0.6737030411449016
1,2990,0.6744186878204346,0.6744186046511628
1,2991,0.6751341819763184,0.675134168157424
1,2992,0.6758496761322021,0.6758497316636851
1,2993,0.6765652894973755,0.6765652951699463
1,2994,0.6772809028625488,0.6772808586762076
1,2995,0.6779963970184326,0.6779964221824687
1,2996,0.678712010383606,0.6787119856887298
1,2997,0.6794276237487793,0.679427549194991
1,2998,0.6801431179046631,0.6801431127012523
1,2999,0.6808587312698364,0.6808586762075134
1,3000,0.6815742254257202,0.6815742397137746
1,3001,0.6822898387908936,0.6822898032200357
1,3002,0.6830053329467773,0.683005366726297
1,3003,0.6837209463119507,0.6837209302325582
1,3004,0.684436559677124,0.6844364937388193
1,3005,0.6851520538330078,0.6851520572450804
1,3006,0.6858676671981812,0.6858676207513417
1,3007,0.6865831613540649,0.6865831842576029
1,3008,0.6872987747192383,0.687298747763864
1,3009,0.6880142688751221,0.6880143112701252
1,3010,0.6887298822402954,0.6887298747763864
1,3011,0.6894454956054688,0.6894454382826476
1,3012,0.6901609897613525,0.6901610017889088
1,3013,0.6908766031265259,0.6908765652951699
1,3014,0.6915920972824097,0.6915921288014311
1,3015,0.692307710647583,0.6923076923076923
1,3016,0.6930232048034668,0.6930232558139535
1,3017,0.6937388181686401,0.6937388193202148
1,3018,0.6944544315338135,0.6944543828264759
1,3019,0.6951699256896973,0.695169946332737
1,3020,0.6958855390548706,0.6958855098389982
1,3021,0.696601152420044,0.6966010733452594
1,3022,0.6973166465759277,0.6973166368515206
1,3023,0.6980321407318115,0.6980322003577817
1,3024,0.6987477540969849,0.6987477638640429
1,3025,0.6994633674621582,0.6994633273703041
1,3026,0.700178861618042,0.7001788908765654
1,3027,0.7008944749832153,0.7008944543828265
1,3028,0.7016100883483887,0.7016100178890876
1,3029,0.7023255825042725,0.7023255813953488
1,3030,0.7030411958694458,0.7030411449016101
1,3031,0.7037566900253296,0.7037567084078712
1,3032,0.7044723033905029,0.7044722719141323
1,3033,0.7051877975463867,0.7051878354203935
1,3034,0.7059034109115601,0.7059033989266548
1,3035,0.7066190242767334,0.706618962432916
1,3036,0.7073345184326172,0.7073345259391771
1,3037,0.7080501317977905,0.7080500894454382
1,3038,0.7087656259536743,0.7087656529516995
1,3039,0.7094812393188477,0.7094812164579607
1,3040,0.7101967334747314,0.7101967799642218
1,3041,0.7109123468399048,0.7109123434704829
1,3042,0.7116279602050781,0.7116279069767442
1,3043,0.7123434543609619,0.7123434704830054
1,3044,0.7130590677261353,0.7130590339892666
1,3045,0.7137746810913086,0.7137745974955277
1,3046,0.7144901752471924,0.7144901610017889
1,3047,0.7152056694030762,0.7152057245080501
1,3048,0.7159212827682495,0.7159212880143113
1,3049,0.7166368961334229,0.7166368515205724
1,3050,0.7173523902893066,0.7173524150268336
1,3051,0.71806800365448,0.7180679785330948
1,3052,0.7187836170196533,0.718783542039356
1,3053,0.7194991111755371,0.7194991055456172
1,3054,0.7202146053314209,0.7202146690518784
1,3055,0.7209302186965942,0.7209302325581395
1,3056,0.7216458320617676,0.7216457960644007
1,3057,0.7223613262176514,0.7223613595706619
1,3058,0.7230769395828247,0.7230769230769231
1,3059,0.723792552947998,0.7237924865831842
1,3060,0.7245080471038818,0.7245080500894454
1,3061,0.7252236604690552,0.7252236135957066
1,3062,0.725939154624939,0.7259391771019679
1,3063,0.7266547679901123,0.726654740608229
1,3064,0.7273702621459961,0.7273703041144901
1,3065,0.7280858755111694,0.7280858676207513
1,3066,0.7288014888763428,0.7288014311270126
1,3067,0.7295169830322266,0.7295169946332737
1,3068,0.7302325963973999,0.7302325581395348
1,3069,0.7309480905532837,0.730948121645796
1,3070,0.731663703918457,0.7316636851520573
1,3071,0.7323791980743408,0.7323792486583185
1,3072,0.7330948114395142,0.7330948121645796
1,3073,0.7338104248046875,0.7338103756708407
1,3074,0.7345259189605713,0.734525939177102
1,3075,0.7352415323257446,0.7352415026833632
1,3076,0.735957145690918,0.7359570661896243
1,3077,0.7366726398468018,0.7366726296958854
1,3078,0.7373881340026855,0.7373881932021467
1,3079,0.7381037473678589,0.7381037567084079
1,3080,0.7388193607330322,0.7388193202146691
1,3081,0.739534854888916,0.7395348837209302
1,3082,0.7402504682540894,0.7402504472271914
1,3083,0.7409660816192627,0.7409660107334526
1,3084,0.7416815757751465,0.7416815742397138
1,3085,0.7423971891403198,0.7423971377459749
1,3086,0.7431126832962036,0.7431127012522362
1,3087,0.743828296661377,0.7438282647584973
1,3088,0.7445437908172607,0.7445438282647585
1,3089,0.7452594041824341,0.7452593917710197
1,3090,0.7459750175476074,0.7459749552772809
1,3091,0.7466905117034912,0.746690518783542
1,3092,0.7474061250686646,0.7474060822898032
1,3093,0.7481216192245483,0.7481216457960644
1,3094,0.7488372325897217,0.7488372093023256
1,3095,0.7495527267456055,0.7495527728085868
1,3096,0.7502683401107788,0.7502683363148479
1,3097,0.7509839534759521,0.7509838998211091
1,3098,0.7516994476318359,0.7516994633273704
1,3099,0.7524150609970093,0.7524150268336315
1,3100,0.7531305551528931,0.7531305903398926
1,3101,0.7538461685180664,0.7538461538461538
1,3102,0.7545616626739502,0.7545617173524151
1,3103,0.7552772760391235,0.7552772808586762
1,3104,0.7559928894042969,0.7559928443649374
1,3105,0.7567083835601807,0.7567084078711985
1,3106,0.757423996925354,0.7574239713774598
1,3107,0.7581396102905273,0.758139534883721
1,3108,0.7588551044464111,0.7588550983899821
1,3109,0.7595707178115845,0.7595706618962432
1,3110,0.7602862119674683,0.7602862254025045
1,3111,0.7610018253326416,0.7610017889087657
1,3112,0.7617173194885254,0.7617173524150268
1,3113,0.7624329328536987,0.762432915921288
1,3114,0.7631485462188721,0.7631484794275492
1,3115,0.7638640403747559,0.7638640429338104
1,3116,0.7645796537399292,0.7645796064400716
1,3117,0.765295147895813,0.7652951699463327
1,3118,0.7660107612609863,0.7660107334525939
1,3119,0.7667262554168701,0.7667262969588551
1,3120,0.7674418687820435,0.7674418604651163
1,3121,0.7681574821472168,0.7681574239713774
1,3122,0.7688729763031006,0.7688729874776387
1,3123,0.7695885896682739,0.7695885509838998
1,3124,0.7703040838241577,0.770304114490161
1,3125,0.771019697189331,0.7710196779964222
1,3126,0.7717351913452148,0.7717352415026834
1,3127,0.7724508047103882,0.7724508050089446
1,3128,0.7731664180755615,0.7731663685152057
1,3129,0.7738819122314453,0.7738819320214669
1,3130,0.7745975255966187,0.774597495527728
1,3131,0.7753130197525024,0.7753130590339893
1,3132,0.7760286331176758,0.7760286225402504
1,3133,0.7767441272735596,0.7767441860465116
1,3134,0.7774597406387329,0.7774597495527729
1,3135,0.7781753540039062,0.778175313059034
1,3136,0.77889084815979,0.7788908765652952
1,3137,0.7796064615249634,0.7796064400715563
1,3138,0.7803220748901367,0.7803220035778176
1,3139,0.7810375690460205,0.7810375670840787
1,3140,0.7817531824111938,0.7817531305903399
1,3141,0.7824686765670776,0.782468694096601
1,3142,0.783184289932251,0.7831842576028623
1,3143,0.7838997840881348,0.7838998211091235
1,3144,0.7846153974533081,0.7846153846153846
1,3145,0.7853310108184814,0.7853309481216458
1,3146,0.7860465049743652,0.786046511627907
1,3147,0.7867621183395386,0.7867620751341682
1,3148,0.7874776124954224,0.7874776386404293
1,3149,0.7881932258605957,0.7881932021466905
1,3150,0.7889087200164795,0.7889087656529516
1,3151,0.7896243333816528,0.7896243291592129
1,3152,0.7903399467468262,0.7903398926654741
1,3153,0.79105544090271,0.7910554561717352
1,3154,0.7917710542678833,0.7917710196779965
1,3155,0.7924865484237671,0.7924865831842576
1,3156,0.7932021617889404,0.7932021466905188
1,3157,0.7939176559448242,0.7939177101967799
1,3158,0.7946332693099976,0.7946332737030412
1,3159,0.7953488826751709,0.7953488372093023
1,3160,0.7960643768310547,0.7960644007155635
1,3161,0.796779990196228,0.7967799642218247
1,3162,0.7974954843521118,0.7974955277280859
1,3163,0.7982110977172852,0.7982110912343471
1,3164,0.7989267110824585,0.7989266547406082
1,3165,0.7996422052383423,0.7996422182468694
1,3166,0.8003578186035156,0.8003577817531307
1,3167,0.8010733127593994,0.8010733452593918
1,3168,0.8017889261245728,0.8017889087656529
1,3169,0.8025045394897461,0.8025044722719141
1,3170,0.8032200336456299,0.8032200357781754
1,3171,0.8039356470108032,0.8039355992844365
1,3172,0.804651141166687,0.8046511627906977
1,3173,0.8053667545318604,0.8053667262969588
1,3174,0.8060822486877441,0.80608228980322
1,3175,0.8067978620529175,0.8067978533094813
1,3176,0.8075134754180908,0.8075134168157424
1,3177,0.8082289695739746,0.8082289803220035
1,3178,0.808944582939148,0.8089445438282648
1,3179,0.8096600770950317,0.809660107334526
1,3180,0.8103756904602051,0.8103756708407871
1,3181,0.8110911846160889,0.8110912343470483
1,3182,0.8118067979812622,0.8118067978533094
1,3183,0.8125224113464355,0.8125223613595707
1,3184,0.8132379055023193,0.8132379248658319
1,3185,0.8139535188674927,0.813953488372093
1,3186,0.8146690130233765,0.8146690518783541
1,3187,0.8153846263885498,0.8153846153846154
1,3188,0.8161001205444336,0.8161001788908766
1,3189,0.8168157339096069,0.8168157423971377
1,3190,0.8175313472747803,0.817531305903399
1,3191,0.8182468414306641,0.8182468694096601
1,3192,0.8189624547958374,0.8189624329159213
1,3193,0.8196780681610107,0.8196779964221825
1,3194,0.8203935623168945,0.8203935599284436
1,3195,0.8211091756820679,0.8211091234347048
1,3196,0.8218246698379517,0.821824686940966
1,3197,0.822540283203125,0.8225402504472272
1,3198,0.8232557773590088,0.8232558139534883
1,3199,0.8239713907241821,0.8239713774597496
1,3200,0.8246870040893555,0.8246869409660107
1,3201,0.8254024982452393,0.8254025044722719
1,3202,0.8261181116104126,0.8261180679785332
1,3203,0.8268336057662964,0.8268336314847943
1,3204,0.8275492191314697,0.8275491949910554
1,3205,0.8282647132873535,0.8282647584973166
1,3206,0.8289803266525269,0.8289803220035779
1,3207,0.8296959400177002,0.829695885509839
1,3208,0.830411434173584,0.8304114490161002
1,3209,0.8311270475387573,0.8311270125223613
1,3210,0.8318425416946411,0.8318425760286225
1,3211,0.8325581550598145,0.8325581395348838
1,3212,0.8332736492156982,0.8332737030411449
1,3213,0.8339892625808716,0.833989266547406
1,3214,0.8347048759460449,0.8347048300536672
1,3215,0.8354203701019287,0.8354203935599285
1,3216,0.836135983467102,0.8361359570661896
1,3217,0.8368514776229858,0.8368515205724508
1,3218,0.8375670909881592,0.8375670840787119
1,3219,0.8382827043533325,0.8382826475849732
1,3220,0.8389981985092163,0.8389982110912344
1,3221,0.8397138118743896,0.8397137745974955
1,3222,0.8404293060302734,0.8404293381037566
1,3223,0.8411449193954468,0.8411449016100179
1,3224,0.8418605327606201,0.8418604651162791
1,3225,0.8425760269165039,0.8425760286225402
1,3226,0.8432916402816772,0.8432915921288014
1,3227,0.844007134437561,0.8440071556350626
1,3228,0.8447227478027344,0.8447227191413238
1,3229,0.8454382419586182,0.845438282647585
1,3230,0.8461538553237915,0.8461538461538461
1,3231,0.8468694686889648,0.8468694096601074
1,3232,0.8475849628448486,0.8475849731663685
1,3233,0.848300576210022,0.8483005366726297
1,3234,0.8490160703659058,0.8490161001788908
1,3235,0.8497316837310791,0.8497316636851521
1,3236,0.8504471778869629,0.8504472271914132
1,3237,0.8511627912521362,0.8511627906976744
1,3238,0.8518784046173096,0.8518783542039357
1,3239,0.8525938987731934,0.8525939177101968
1,3240,0.8533095121383667,0.853309481216458
1,3241,0.8540250062942505,0.8540250447227191
1,3242,0.8547406196594238,0.8547406082289803
1,3243,0.8554561138153076,0.8554561717352415
1,3244,0.856171727180481,0.8561717352415027
1,3245,0.8568873405456543,0.8568872987477638
1,3246,0.8576028347015381,0.857602862254025
1,3247,0.8583184480667114,0.8583184257602863
1,3248,0.8590339422225952,0.8590339892665474
1,3249,0.8597495555877686,0.8597495527728086
1,3250,0.8604651689529419,0.8604651162790697
1,3251,0.8611806631088257,0.861180679785331
1,3252,0.861896276473999,0.8618962432915921
1,3253,0.8626117706298828,0.8626118067978533
1,3254,0.8633273839950562,0.8633273703041144
1,3255,0.8640429973602295,0.8640429338103757
1,3256,0.8647584915161133,0.8647584973166369
1,3257,0.8654741048812866,0.865474060822898
1,3258,0.8661895990371704,0.8661896243291592
1,3259,0.8669052124023438,0.8669051878354204
1,3260,0.8676207065582275,0.8676207513416816
1,3261,0.8683363199234009,0.8683363148479427
1,3262,0.8690519332885742,0.8690518783542039
1,3263,0.869767427444458,0.8697674418604651
1,3264,0.8704830408096313,0.8704830053667263
1,3265,0.8711985349655151,0.8711985688729875
1,3266,0.8719141483306885,0.8719141323792486
1,3267,0.8726296424865723,0.8726296958855099
1,3268,0.8733452558517456,0.873345259391771
1,3269,0.874060869216919,0.8740608228980322
1,3270,0.8747763633728027,0.8747763864042934
1,3271,0.8754919767379761,0.8754919499105546
1,3272,0.8762074708938599,0.8762075134168157
1,3273,0.8769230842590332,0.8769230769230769
1,3274,0.8776386976242065,0.8776386404293381
1,3275,0.8783541917800903,0.8783542039355993
1,3276,0.8790698051452637,0.8790697674418605
1,3277,0.8797852993011475,0.8797853309481216
1,3278,0.8805009126663208,0.8805008944543828
1,3279,0.8812164068222046,0.881216457960644
1,3280,0.8819320201873779,0.8819320214669052
1,3281,0.8826476335525513,0.8826475849731663
1,3282,0.8833631277084351,0.8833631484794275
1,3283,0.8840787410736084,0.8840787119856888
1,3284,0.8847942352294922,0.8847942754919499
1,3285,0.8855098485946655,0.8855098389982111
1,3286,0.8862254619598389,0.8862254025044722
1,3287,0.8869409561157227,0.8869409660107335
1,3288,0.887656569480896,0.8876565295169946
1,3289,0.8883720636367798,0.8883720930232558
1,3290,0.8890876770019531,0.8890876565295169
1,3291,0.8898031711578369,0.8898032200357782
1,3292,0.8905187845230103,0.8905187835420394
1,3293,0.8912343978881836,0.8912343470483005
1,3294,0.8919498920440674,0.8919499105545617
1,3295,0.8926655054092407,0.8926654740608229
1,3296,0.8933809995651245,0.8933810375670841
1,3297,0.8940966129302979,0.8940966010733453
1,3298,0.8948121070861816,0.8948121645796064
1,3299,0.895527720451355,0.8955277280858677
1,3300,0.8962433338165283,0.8962432915921288
1,3301,0.8969588279724121,0.89695885509839
1,3302,0.8976744413375854,0.8976744186046511
1,3303,0.8983899354934692,0.8983899821109124
1,3304,0.8991055488586426,0.8991055456171735
1,3305,0.8998211622238159,0.8998211091234347
1,3306,0.9005366563796997,0.900536672629696
1,3307,0.901252269744873,0.9012522361359571
1,3308,0.9019677639007568,0.9019677996422183
1,3309,0.9026833772659302,0.9026833631484794
1,3310,0.9033989906311035,0.9033989266547406
1,3311,0.9041144847869873,0.9041144901610018
1,3312,0.9048300981521606,0.904830053667263
1,3313,0.9055455923080444,0.9055456171735241
1,3314,0.9062612056732178,0.9062611806797853
1,3315,0.9069766998291016,0.9069767441860466
1,3316,0.9076923131942749,0.9076923076923077
1,3317,0.9084079265594482,0.9084078711985689
1,3318,0.909123420715332,0.90912343470483
1,3319,0.9098390340805054,0.9098389982110913
1,3320,0.9105545282363892,0.9105545617173524
1,3321,0.9112701416015625,0.9112701252236136
1,3322,0.9119856357574463,0.9119856887298747
1,3323,0.9127012491226196,0.912701252236136
1,3324,0.913416862487793,0.9134168157423972
1,3325,0.9141323566436768,0.9141323792486583
1,3326,0.9148479700088501,0.9148479427549195
1,3327,0.9155634641647339,0.9155635062611807
1,3328,0.9162790775299072,0.9162790697674419
1,3329,0.9169946908950806,0.916994633273703
1,3330,0.9177101850509644,0.9177101967799642
1,3331,0.9184257984161377,0.9184257602862254
1,3332,0.9191412925720215,0.9191413237924866
1,3333,0.9198569059371948,0.9198568872987478
1,3334,0.9205724000930786,0.9205724508050089
1,3335,0.921288013458252,0.9212880143112702
1,3336,0.9220036268234253,0.9220035778175313
1,3337,0.9227191209793091,0.9227191413237925
1,3338,0.9234347343444824,0.9234347048300536
1,3339,0.9241502285003662,0.9241502683363149
1,3340,0.9248658418655396,0.924865831842576
1,3341,0.9255814552307129,0.9255813953488372
1,3342,0.9262969493865967,0.9262969588550984
1,3343,0.92701256275177,0.9270125223613596
1,3344,0.9277280569076538,0.9277280858676208
1,3345,0.9284436702728271,0.9284436493738819
1,3346,0.9291591644287109,0.9291592128801431
1,3347,0.9298747777938843,0.9298747763864043
1,3348,0.9305903911590576,0.9305903398926655
1,3349,0.9313058853149414,0.9313059033989266
1,3350,0.9320214986801147,0.9320214669051878
1,3351,0.9327369928359985,0.9327370304114491
1,3352,0.9334526062011719,0.9334525939177102
1,3353,0.9341681003570557,0.9341681574239714
1,3354,0.934883713722229,0.9348837209302325
1,3355,0.9355993270874023,0.9355992844364938
1,3356,0.9363148212432861,0.9363148479427549
1,3357,0.9370304346084595,0.9370304114490161
1,3358,0.9377459287643433,0.9377459749552772
1,3359,0.9384615421295166,0.9384615384615385
1,3360,0.9391771554946899,0.9391771019677997
1,3361,0.9398926496505737,0.9398926654740608
1,3362,0.9406082630157471,0.940608228980322
1,3363,0.9413237571716309,0.9413237924865832
1,3364,0.9420393705368042,0.9420393559928444
1,3365,0.942754864692688,0.9427549194991055
1,3366,0.9434704780578613,0.9434704830053667
1,3367,0.9441860914230347,0.9441860465116279
1,3368,0.9449015855789185,0.9449016100178891
1,3369,0.9456171989440918,0.9456171735241503
1,3370,0.9463326930999756,0.9463327370304114
1,3371,0.9470483064651489,0.9470483005366727
1,3372,0.9477639198303223,0.9477638640429338
1,3373,0.948479413986206,0.948479427549195
1,3374,0.9491950273513794,0.9491949910554561
1,3375,0.9499105215072632,0.9499105545617174
1,3376,0.9506261348724365,0.9506261180679785
1,3377,0.9513416290283203,0.9513416815742397
1,3378,0.9520572423934937,0.9520572450805009
1,3379,0.952772855758667,0.952772808586762
1,3380,0.9534883499145508,0.9534883720930233
1,3381,0.9542039632797241,0.9542039355992844
1,3382,0.9549194574356079,0.9549194991055456
1,3383,0.9556350708007812,0.9556350626118068
1,3384,0.9563506841659546,0.956350626118068
1,3385,0.9570661783218384,0.9570661896243292
1,3386,0.9577817916870117,0.9577817531305903
1,3387,0.9584972858428955,0.9584973166368516
1,3388,0.9592128992080688,0.9592128801431127
1,3389,0.9599283933639526,0.9599284436493739
1,3390,0.960644006729126,0.960644007155635
1,3391,0.9613596200942993,0.9613595706618963
1,3392,0.9620751142501831,0.9620751341681574
1,3393,0.9627907276153564,0.9627906976744186
1,3394,0.9635062217712402,0.9635062611806798
1,3395,0.9642218351364136,0.964221824686941
1,3396,0.9649374485015869,0.9649373881932022
1,3397,0.9656529426574707,0.9656529516994633
1,3398,0.966368556022644,0.9663685152057245
1,3399,0.9670840501785278,0.9670840787119857
1,3400,0.9677996635437012,0.9677996422182469
1,3401,0.968515157699585,0.968515205724508
1,3402,0.9692307710647583,0.9692307692307692
1,3403,0.9699463844299316,0.9699463327370305
1,3404,0.9706618785858154,0.9706618962432916
1,3405,0.9713774919509888,0.9713774597495528
1,3406,0.9720929861068726,0.9720930232558139
1,3407,0.9728085994720459,0.9728085867620752
1,3408,0.9735240936279297,0.9735241502683363
1,3409,0.974239706993103,0.9742397137745975
1,3410,0.9749553203582764,0.9749552772808586
1,3411,0.9756708145141602,0.9756708407871199
1,3412,0.9763864278793335,0.9763864042933811
1,3413,0.9771019220352173,0.9771019677996422
1,3414,0.9778175354003906,0.9778175313059034
1,3415,0.978533148765564,0.9785330948121646
1,3416,0.9792486429214478,0.9792486583184258
1,3417,0.9799642562866211,0.9799642218246869
1,3418,0.9806797504425049,0.9806797853309481
1,3419,0.9813953638076782,0.9813953488372094
1,3420,0.982110857963562,0.9821109123434705
1,3421,0.9828264713287354,0.9828264758497317
1,3422,0.9835420846939087,0.9835420393559928
1,3423,0.9842575788497925,0.984257602862254
1,3424,0.9849731922149658,0.9849731663685152
1,3425,0.9856886863708496,0.9856887298747764
1,3426,0.986404299736023,0.9864042933810375
1,3427,0.9871199131011963,0.9871198568872988
1,3428,0.9878354072570801,0.98783542039356
1,3429,0.9885510206222534,0.9885509838998211
1,3430,0.9892665147781372,0.9892665474060823
1,3431,0.9899821281433105,0.9899821109123434
1,3432,0.9906976222991943,0.9906976744186047
1,3433,0.9914132356643677,0.9914132379248658
1,3434,0.992128849029541,0.992128801431127
1,3435,0.9928443431854248,0.9928443649373881
1,3436,0.9935599565505981,0.9935599284436494
1,3437,0.9942754507064819,0.9942754919499106
1,3438,0.9949910640716553,0.9949910554561717
1,3439,0.9957066774368286,0.995706618962433
1,3440,0.9964221715927124,0.9964221824686941
1,3441,0.9971377849578857,0.9971377459749553
1,3442,0.9978532791137695,0.9978533094812164
1,3443,0.9985688924789429,0.9985688729874777
1,3444,0.9992843866348267,0.9992844364937388
1,3445,1.0,1.0
1,3446,1.0,1.0
1,3447,1.0,1.0
1,3448,1.0,1.0
1,3449,1.0,1.0
1,3450,1.0,1.0
1,3451,1.0,1.0
1,3452,1.0,1.0
1,3453,1.0,1.0
1,3454,1.0,1.0
1,3455,1.0,1.0
1,3456,1.0,1.0
1,3457,1.0,1.0
1,3458,1.0,1.0
1,3459,1.0,1.0
1,3460,1.0,1.0
1,3461,1.0,1.0
1,3462,1.0,1.0
1,3463,1.0,1.0
1,3464,1.0,1.0
1,3465,1.0,1.0
1,3466,1.0,1.0
1,3467,1.0,1.0
1,3468,1.0,1.0
1,3469,1.0,1.0
1,3470,1.0,1.0
1,3471,1.0,1.0
1,3472,1.0,1.0
1,3473,1.0,1.0
1,3474,1.0,1.0
1,3475,1.0,1.0
1,3476,1.0,1.0
1,3477,1.0,1.0
1,3478,1.0,1.0
1,3479,1.0,1.0
1,3480,1.0,1.0
1,3481,1.0,1.0
1,3482,1.0,1.0
1,3483,1.0,1.0
1,3484,1.0,1.0
1,3485,1.0,1.0
1,3486,1.0,1.0
1,3487,1.0,1.0
1,3488,1.0,1.0
1,3489,1.0,1.0
1,3490,1.0,1.0
1,3491,1.0,1.0
1,3492,1.0,1.0
1,3493,1.0,1.0
1,3494,1.0,1.0
1,3495,1.0,1.0
1,3496,1.0,1.0
1,3497,1.0,1.0
1,3498,1.0,1.0
1,3499,1.0,1.0
1,3500,1.0,1.0
1,3501,1.0,1.0
1,3502,1.0,1.0
1,3503,1.0,1.0
1,3504,1.0,1.0
1,3505,1.0,1.0
1,3506,1.0,1.0
1,3507,1.0,1.0
1,3508,1.0,1.0
1,3509,1.0,1.0
1,3510,1.0,1.0
1,3511,1.0,1.0
1,3512,1.0,1.0
1,3513,1.0,1.0
1,3514,1.0,1.0
1,3515,1.0,1.0
1,3516,1.0,1.0
1,3517,1.0,1.0
1,3518,1.0,1.0
1,3519,1.0,1.0
1,3520,1.0,1.0
1,3521,1.0,1.0
1,3522,1.0,1.0
1,3523,1.0,1.0
1,3524,1.0,1.0
1,3525,1.0,1.0
1,3526,1.0,1.0
1,3527,1.0,1.0
1,3528,1.0,1.0
1,3529,1.0,1.0
1,3530,1.0,1.0
1,3531,1.0,1.0
1,3532,1.0,1.0
1,3533,1.0,1.0
1,3534,1.0,1.0
1,3535,1.0,1.0
1,3536,1.0,1.0
1,3537,1.0,1.0
1,3538,1.0,1.0
1,3539,1.0,1.0
1,3540,1.0,1.0
1,3541,1.0,1.0
1,3542,1.0,1.0
1,3543,1.0,1.0
1,3544,1.0,1.0
1,3545,1.0,1.0
1,3546,1.0000628232955933,1.0000628099173554
1,3547,1.000251293182373,1.0002512396694214
1,3548,1.0005652904510498,1.0005652892561983
1,3549,1.001004934310913,1.001004958677686
1,3550,1.001570224761963,1.0015702479338844
1,3551,1.0022611618041992,1.0022611570247935
1,3552,1.0030776262283325,1.0030776859504131
1,3553,1.004019856452942,1.0040198347107439
1,3554,1.0050876140594482,1.0050876033057852
1,3555,1.0062810182571411,1.006280991735537
1,3556,1.007599949836731,1.0076
1,3557,1.0090446472167969,1.0090446280991736
1,3558,1.0106148719787598,1.010614876033058
1,3559,1.0123107433319092,1.012310743801653
1,3560,1.0141322612762451,1.0141322314049586
1,3561,1.016079306602478,1.0160793388429752
1,3562,1.0181519985198975,1.0181520661157024
1,3563,1.0203503370285034,1.0203504132231405
1,3564,1.022674322128296,1.0226743801652893
1,3565,1.025123953819275,1.0251239669421488
1,3566,1.0276992321014404,1.027699173553719
1,3567,1.030400037765503,1.0304
1,3568,1.033226490020752,1.033226446280992
1,3569,1.0361785888671875,1.0361785123966942
1,3570,1.03925621509552,1.0392561983471074
1,3571,1.042459487915039,1.0424595041322313
1,3572,1.0457884073257446,1.045788429752066
1,3573,1.0492429733276367,1.0492429752066115
1,3574,1.0528231859207153,1.052823140495868
1,3575,1.056528925895691,1.0565289256198347
1,3576,1.060360312461853,1.0603603305785125
1,3577,1.0643173456192017,1.064317355371901
1,3578,1.0684000253677368,1.0684
1,3579,1.072608232498169,1.0726082644628099
1,3580,1.0769422054290771,1.0769421487603306
1,3581,1.0814015865325928,1.0814016528925618
1,3582,1.0859867334365845,1.0859867768595042
1,3583,1.0906975269317627,1.090697520661157
1,3584,1.095533847808838,1.0955338842975206
1,3585,1.1004958152770996,1.1004958677685952
1,3586,1.1055834293365479,1.1055834710743804
1,3587,1.1107966899871826,1.1107966942148761
1,3588,1.1161354780197144,1.1161355371900825
1,3589,1.1215999126434326,1.1216
1,3590,1.1271899938583374,1.127190082644628
1,3591,1.1329057216644287,1.1329057851239668
1,3592,1.138746976852417,1.1387471074380164
1,3593,1.1447139978408813,1.144714049586777
1,3594,1.1508065462112427,1.150806611570248
1,3595,1.1570247411727905,1.15702479338843
1,3596,1.1633684635162354,1.1633685950413224
1,3597,1.1698379516601562,1.1698380165289257
1,3598,1.1764329671859741,1.1764330578512394
1,3599,1.1831536293029785,1.1831537190082644
1,3600,1.1899998188018799,1.19
1,3601,1.1969720125198364,1.1969719008264463
1,3602,1.2040694952011108,1.2040694214876033
1,3603,1.2112926244735718,1.2112925619834711
1,3604,1.2186414003372192,1.2186413223140498
1,3605,1.2261158227920532,1.226115702479339
1,3606,1.2337157726287842,1.233715702479339
1,3607,1.2414413690567017,1.2414413223140492
1,3608,1.2492926120758057,1.249292561983471
1,3609,1.2572695016860962,1.2572694214876032
1,3610,1.2653719186782837,1.2653719008264461
1,3611,1.2735999822616577,1.2736
1,3612,1.2819538116455078,1.2819537190082646
1,3613,1.2904330492019653,1.2904330578512397
1,3614,1.299038052558899,1.2990380165289257
1,3615,1.3077685832977295,1.3077685950413225
1,3616,1.3166247606277466,1.31662479338843
1,3617,1.3256065845489502,1.3256066115702478
1,3618,1.3347140550613403,1.3347140495867766
1,3619,1.3439470529556274,1.3439471074380165
1,3620,1.353305697441101,1.353305785123967
1,3621,1.3627899885177612,1.362790082644628
1,3622,1.372399926185608,1.3724
1,3623,1.3821353912353516,1.3821355371900828
1,3624,1.3919966220855713,1.3919966942148763
1,3625,1.401983380317688,1.4019834710743804
1,3626,1.4120957851409912,1.4120958677685946
1,3627,1.4223337173461914,1.4223338842975204
1,3628,1.4326974153518677,1.432697520661157
1,3629,1.443186640739441,1.4431867768595041
1,3630,1.4538015127182007,1.453801652892562
1,3631,1.4645419120788574,1.4645421487603305
1,3632,1.4754080772399902,1.4754082644628101
1,3633,1.48639976978302,1.4864000000000002
1,3634,1.4975171089172363,1.497517355371901
1,3635,1.5087604522705078,1.5087603305785127
1,3636,1.5201290845870972,1.5201289256198345
1,3637,1.5316232442855835,1.5316231404958676
1,3638,1.5432430505752563,1.5432429752066112
1,3639,1.5549886226654053,1.5549884297520662
1,3640,1.5668596029281616,1.5668595041322315
1,3641,1.5788562297821045,1.5788561983471077
1,3642,1.5909786224365234,1.5909785123966944
1,3643,1.6032265424728394,1.603226446280992
1,3644,1.6155999898910522,1.6156000000000004
1,3645,1.6280992031097412,1.6280991735537187
1,3646,1.6407239437103271,1.6407239669421485
1,3647,1.6534743309020996,1.6534743801652891
1,3648,1.6663503646850586,1.6663504132231404
1,3649,1.679352045059204,1.6793520661157024
1,3650,1.6924793720245361,1.692479338842975
1,3651,1.7057322263717651,1.705732231404959
1,3652,1.7191107273101807,1.719110743801653
1,3653,1.7326147556304932,1.732614876033058
1,3654,1.7462445497512817,1.746244628099174
1,3655,1.7599999904632568,1.7599999999999996
1,3656,1.773880958557129,1.773880991735537
1,3657,1.7878875732421875,1.787887603305785
1,3658,1.802019715309143,1.8020198347107437
1,3659,1.8162775039672852,1.8162776859504133
1,3660,1.8306610584259033,1.8306611570247935
1,3661,1.845170021057129,1.8451702479338845
1,3662,1.8598047494888306,1.8598049586776864
1,3663,1.8745651245117188,1.8745652892561988
1,3664,1.889451026916504,1.889451239669421
1,3665,1.9044625759124756,1.904462809917355
1,3666,1.9195997714996338,1.9196
1,3667,1.9348626136779785,1.9348628099173553
1,3668,1.9502508640289307,1.9502512396694214
1,3669,1.9657654762268066,1.9657652892561983
1,3670,1.9814051389694214,1.981404958677686
1,3671,1.9971704483032227,1.9971702479338846
1,3672,2.0130615234375,2.0130611570247936
1,3673,2.0290780067443848,2.029077685950414
1,3674,2.045219898223877,2.0452198347107435
1,3675,2.0614876747131348,2.0614876033057845
1,3676,2.077881097793579,2.0778809917355368
1,3677,2.094399929046631,2.0944000000000003
1,3678,2.1110448837280273,2.1110446280991733
1,3679,2.127815008163452,2.127814876033058
1,3680,2.1447107791900635,2.144710743801653
1,3681,2.1617321968078613,2.161732231404959
1,3682,2.1788792610168457,2.1788793388429757
1,3683,2.1961522102355957,2.196152066115702
1,3684,2.213550329208374,2.2135504132231403
1,3685,2.231074333190918,2.231074380165289
1,3686,2.2487239837646484,2.2487239669421486
1,3687,2.2664990425109863,2.2664991735537185
1,3688,2.28439998626709,2.2844
1,3689,2.302426338195801,2.3024264462809922
1,3690,2.3205785751342773,2.320578512396694
1,3691,2.3388562202453613,2.338856198347108
1,3692,2.3572592735290527,2.357259504132231
1,3693,2.3757882118225098,2.375788429752066
1,3694,2.3944427967071533,2.394442975206611
1,3695,2.4132227897644043,2.4132231404958677
1,3696,2.432128667831421,2.4321289256198346
1,3697,2.451159954071045,2.4511603305785123
1,3698,2.4703171253204346,2.470317355371901
1,3699,2.4895997047424316,2.4896000000000003
1,3700,2.5090079307556152,2.5090082644628104
1,3701,2.5285418033599854,2.528542148760331
1,3702,2.548201322555542,2.548201652892561
1,3703,2.5679869651794434,2.5679867768595037
1,3704,2.587897777557373,2.5878975206611567
1,3705,2.60793399810791,2.6079338842975206
1,3706,2.628096103668213,2.628095867768595
1,3707,2.648383617401123,2.6483834710743803
1,3708,2.668797016143799,2.668796694214876
1,3709,2.689335823059082,2.6893355371900833
1,3710,2.7100000381469727,2.7100000000000004
1,3711,2.730790138244629,2.730790082644628
1,3712,2.7517058849334717,2.7517057851239666
1,3713,2.772747039794922,2.7727471074380166
1,3714,2.7939140796661377,2.7939140495867765
1,3715,2.815206527709961,2.8152066115702477
1,3716,2.83662486076355,2.83662479338843
1,3717,2.858168601989746,2.8581685950413225
1,3718,2.879837989807129,2.879838016528926
1,3719,2.9016330242156982,2.90163305785124
1,3720,2.923553705215454,2.9235537190082654
1,3721,2.9456000328063965,2.9455999999999993
1,3722,2.9677717685699463,2.967771900826446
1,3723,2.9900693893432617,2.990069421487603
1,3724,3.0124924182891846,3.012492561983471
1,3725,3.035041093826294,3.0350413223140498
1,3726,3.05771541595459,3.057715702479339
1,3727,3.0805156230926514,3.0805157024793393
1,3728,3.103440999984741,3.1034413223140502
1,3729,3.1264922618865967,3.1264925619834716
1,3730,3.1496691703796387,3.1496694214876024
1,3731,3.172971487045288,3.1729719008264454
1,3732,3.196399688720703,3.1963999999999997
1,3733,3.2199532985687256,3.2199537190082643
1,3734,3.2436325550079346,3.2436330578512393
1,3735,3.26743745803833,3.2674380165289256
1,3736,3.291368246078491,3.2913685950413223
1,3737,3.315425157546997,3.31542479338843
1,3738,3.339607000350952,3.3396066115702485
1,3739,3.3639142513275146,3.3639140495867776
1,3740,3.388347625732422,3.388347107438016
1,3741,3.4129061698913574,3.412905785123966
1,3742,3.4375903606414795,3.4375900826446277
1,3743,3.462399959564209,3.4623999999999997
1,3744,3.487335681915283,3.4873355371900825
1,3745,3.512396812438965,3.512396694214876
1,3746,3.537583589553833,3.53758347107438
1,3747,3.5628960132598877,3.5628958677685953
1,3748,3.58833384513855,3.588333884297521
1,3749,3.6138975620269775,3.6138975206611565
1,3750,3.639586925506592,3.639586776859504
1,3751,3.6654016971588135,3.6654016528925615
1,3752,3.6913421154022217,3.6913421487603304
1,3753,3.7174081802368164,3.7174082644628097
1,3754,3.7435998916625977,3.7436
1,3755,3.7699172496795654,3.7699173553719008
1,3756,3.7963600158691406,3.796360330578513
1,3757,3.8229289054870605,3.8229289256198355
1,3758,3.849622964859009,3.8496231404958685
1,3759,3.8764429092407227,3.876442975206611
1,3760,3.903388261795044,3.9033884297520656
1,3761,3.9304592609405518,3.930459504132231
1,3762,3.957655906677246,3.9576561983471072
1,3763,3.984978199005127,3.9849785123966943
1,3764,4.012426376342773,4.012426446280992
1,3765,4.039999961853027,4.040000000000001
1,3766,4.067698955535889,4.067699173553719
1,3767,4.095523834228516,4.0955239669421495
1,3768,4.12347412109375,4.1234743801652884
1,3769,4.15155029296875,4.15155041322314
1,3770,4.179751396179199,4.179752066115702
1,3771,4.208079814910889,4.208079338842975
1,3772,4.236532211303711,4.236532231404959
1,3773,4.265110969543457,4.265110743801653
1,3774,4.2938151359558105,4.293814876033058
1,3775,4.32264518737793,4.322644628099174
1,3776,4.351600646972656,4.3516
1,3777,4.380681037902832,4.380680991735538
1,3778,4.409887790679932,4.409887603305785
1,3779,4.439220428466797,4.439219834710743
1,3780,4.468677997589111,4.4686776859504125
1,3781,4.498261451721191,4.498261157024793
1,3782,4.527970314025879,4.527970247933884
1,3783,4.557805061340332,4.5578049586776865
1,3784,4.587765216827393,4.587765289256199
1,3785,4.617851257324219,4.617851239669422
1,3786,4.648062705993652,4.648062809917356
1,3787,4.678400039672852,4.6784
1,3788,4.708862781524658,4.708862809917354
1,3789,4.739450931549072,4.739451239669421
1,3790,4.77016544342041,4.770165289256198
1,3791,4.801004886627197,4.8010049586776855
1,3792,4.83197021484375,4.831970247933884
1,3793,4.86306095123291,4.863061157024793
1,3794,4.894277572631836,4.894277685950414
1,3795,4.925619602203369,4.925619834710744
1,3796,4.957087516784668,4.957087603305786
1,3797,4.988680839538574,4.988680991735537
1,3798,5.020399570465088,5.0203999999999995
1,3799,5.052244186401367,5.0522446280991735
1,3800,5.084214210510254,5.084214876033058
1,3801,5.116310119628906,5.116310743801653
1,3802,5.148531913757324,5.148532231404959
1,3803,5.180878639221191,5.180879338842976
1,3804,5.213351249694824,5.213352066115703
1,3805,5.245951175689697,5.245950413223142
1,3806,5.278674602508545,5.278674380165288
1,3807,5.311524391174316,5.311523966942148
1,3808,5.344499588012695,5.344499173553719
1,3809,5.377600193023682,5.3776
1,3810,5.410826683044434,5.410826446280992
1,3811,5.444179058074951,5.444178512396694
1,3812,5.477656364440918,5.477656198347108
1,3813,5.511260032653809,5.511259504132232
1,3814,5.544988632202148,5.544988429752067
1,3815,5.578843116760254,5.578842975206612
1,3816,5.612823486328125,5.612823140495867
1,3817,5.6469292640686035,5.646928925619834
1,3818,5.6811604499816895,5.681160330578512
1,3819,5.715517520904541,5.715517355371901
1,3820,5.75,5.75
1,3821,5.784608364105225,5.78460826446281
1,3822,5.819342136383057,5.819342148760331
1,3823,5.854201316833496,5.854201652892561
1,3824,5.889186859130859,5.889186776859505
1,3825,5.924297332763672,5.924297520661155
1,3826,5.95953369140625,5.959533884297522
1,3827,5.9948954582214355,5.994895867768594
1,3828,6.030383110046387,6.03038347107438
1,3829,6.0659966468811035,6.065996694214875
1,3830,6.1017351150512695,6.101735537190083
1,3831,6.137599945068359,6.137600000000001
1,3832,6.173589706420898,6.173590082644626
1,3833,6.209705352783203,6.209705785123968
1,3834,6.245946407318115,6.245947107438015
1,3835,6.282313823699951,6.282314049586778
1,3836,6.318805694580078,6.318806611570247
1,3837,6.355424404144287,6.35542479338843
1,3838,6.392168045043945,6.392168595041322
1,3839,6.429037094116211,6.429038016528926
1,3840,6.466032028198242,6.46603305785124
1,3841,6.503152847290039,6.503153719008265
1,3842,6.540399074554443,6.540400000000001
1,3843,6.577771186828613,6.577771900826446
1,3844,6.615268707275391,6.615269421487604
1,3845,6.652891635894775,6.65289256198347
1,3846,6.690640449523926,6.690641322314051
1,3847,6.728514671325684,6.7285157024793385
1,3848,6.766515731811523,6.76651570247934
1,3849,6.8046417236328125,6.804641322314049
1,3850,6.842892646789551,6.842892561983471
1,3851,6.881269454956055,6.881269421487604
1,3852,6.919772148132324,6.919771900826444
1,3853,6.958400249481201,6.958400000000001
1,3854,6.9971537590026855,6.9971537190082636
1,3855,7.0360331535339355,7.036033057851242
1,3856,7.075037956237793,7.075038016528925
1,3857,7.114168643951416,7.114168595041321
1,3858,7.1534247398376465,7.15342479338843
1,3859,7.192806243896484,7.192806611570249
1,3860,7.232314109802246,7.232314049586778
1,3861,7.271946907043457,7.271947107438015
1,3862,7.311705112457275,7.3117057851239675
1,3863,7.351589679718018,7.351590082644627
1,3864,7.391599655151367,7.391600000000001
1,3865,7.431736469268799,7.431735537190082
1,3866,7.4719977378845215,7.471996694214876
1,3867,7.512384414672852,7.51238347107438
1,3868,7.552896976470947,7.552895867768595
1,3869,7.593534469604492,7.593533884297521
1,3870,7.634298324584961,7.634297520661155
1,3871,7.675187587738037,7.675186776859505
1,3872,7.716202259063721,7.71620165289256
1,3873,7.75734281539917,7.7573421487603325
1,3874,7.798608779907227,7.798608264462809
1,3875,7.840000152587891,7.84
1,3876,7.8815178871154785,7.8815173553719005
1,3877,7.923160552978516,7.923160330578512
1,3878,7.964929580688477,7.9649289256198355
1,3879,8.006823539733887,8.006823140495868
1,3880,8.048843383789062,8.048842975206611
1,3881,8.090988159179688,8.090988429752066
1,3882,8.133259773254395,8.133259504132234
1,3883,8.17565631866455,8.175656198347106
1,3884,8.218178749084473,8.218178512396697
1,3885,8.260826110839844,8.26082644628099
1,3886,8.303600311279297,8.3036
1,3887,8.3464994430542,8.34649917355372
1,3888,8.389524459838867,8.38952396694215
1,3889,8.432674407958984,8.43267438016529
1,3890,8.475950241088867,8.475950413223138
1,3891,8.519351959228516,8.519352066115705
1,3892,8.56287956237793,8.562879338842976
1,3893,8.606532096862793,8.60653223140496
1,3894,8.650310516357422,8.650310743801652
1,3895,8.694214820861816,8.694214876033058
1,3896,8.73824405670166,8.738244628099174
1,3897,8.782400131225586,8.782399999999999
1,3898,8.826681137084961,8.826680991735538
1,3899,8.871087074279785,8.871087603305783
1,3900,8.915618896484375,8.915619834710744
1,3901,8.960277557373047,8.960277685950413
1,3902,9.005060195922852,9.005061157024794
1,3903,9.049969673156738,9.049970247933883
1,3904,9.095004081726074,9.095004958677686
1,3905,9.140164375305176,9.140165289256199
1,3906,9.185450553894043,9.18545123966942
1,3907,9.23086166381836,9.230862809917356
1,3908,9.276398658752441,9.276399999999997
1,3909,9.322062492370605,9.322062809917357
1,3910,9.367850303649902,9.36785123966942
1,3911,9.413763999938965,9.413765289256201
1,3912,9.459803581237793,9.459804958677685
1,3913,9.505969047546387,9.505970247933885
1,3914,9.552260398864746,9.552261157024793
1,3915,9.598676681518555,9.598677685950413
1,3916,9.645219802856445,9.645219834710744
1,3917,9.691887855529785,9.691887603305785
1,3918,9.73868179321289,9.738680991735539
1,3919,9.785600662231445,9.785599999999999
1,3920,9.83264446258545,9.832644628099175
1,3921,9.879815101623535,9.879814876033057
1,3922,9.92711067199707,9.927110743801652
1,3923,9.974532127380371,9.974532231404957
1,3924,10.022079467773438,10.022079338842975
1,3925,10.069751739501953,10.069752066115703
1,3926,10.117549896240234,10.11755041322314
1,3927,10.165473937988281,10.16547438016529
1,3928,10.213523864746094,10.213523966942146
1,3929,10.261698722839355,10.26169917355372
1,3930,10.309999465942383,10.309999999999999
1,3931,10.358426094055176,10.358426446280994
1,3932,10.406977653503418,10.406978512396694
1,3933,10.455657005310059,10.455656198347107
1,3934,10.504461288452148,10.504459504132232
1,3935,10.553390502929688,10.553388429752067
1,3936,10.60244369506836,10.602442975206612
1,3937,10.65162467956543,10.651623140495865
1,3938,10.700929641723633,10.700928925619836
1,3939,10.750361442565918,10.750360330578511
1,3940,10.799918174743652,10.799917355371901
1,3941,10.849599838256836,10.849599999999999
1,3942,10.899409294128418,10.89940826446281
1,3943,10.949342727661133,10.94934214876033
1,3944,10.999402046203613,10.999401652892562
1,3945,11.04958724975586,11.049586776859504
1,3946,11.099898338317871,11.099897520661155
1,3947,11.150334358215332,11.15033388429752
1,3948,11.200896263122559,11.200895867768594
1,3949,11.25158405303955,11.251583471074381
1,3950,11.302397727966309,11.302396694214874
1,3951,11.3533353805542,11.353335537190082
1,3952,11.404400825500488,11.404399999999999
1,3953,11.45559024810791,11.455590082644628
1,3954,11.506905555725098,11.506905785123967
1,3955,11.558347702026367,11.558347107438017
1,3956,11.609914779663086,11.609914049586777
1,3957,11.661606788635254,11.661606611570246
1,3958,11.713424682617188,11.71342479338843
1,3959,11.765368461608887,11.765368595041322
1,3960,11.817438125610352,11.817438016528925
1,3961,11.869632720947266,11.869633057851239
1,3962,11.921953201293945,11.921953719008263
1,3963,11.97439956665039,11.9744
1,3964,12.026970863342285,12.026971900826448
1,3965,12.079668998718262,12.079669421487603
1,3966,12.132492065429688,12.132492561983469
1,3967,12.185440063476562,12.185441322314052
1,3968,12.238515853881836,12.238515702479337
1,3969,12.291715621948242,12.291715702479337
1,3970,12.345041275024414,12.34504132231405
1,3971,12.398491859436035,12.39849256198347
1,3972,12.452069282531738,12.452069421487602
1,3973,12.50577163696289,12.505771900826447
1,3974,12.559598922729492,12.559600000000001
1,3975,12.613553047180176,12.613553719008266
1,3976,12.667632102966309,12.66763305785124
1,3977,12.721837043762207,12.721838016528924
1,3978,12.776167869567871,12.776168595041321
1,3979,12.830623626708984,12.830624793388429
1,3980,12.885207176208496,12.885206611570249
1,3981,12.93991470336914,12.939914049586777
1,3982,12.99474811553955,12.994747107438016
1,3983,13.04970645904541,13.049705785123967
1,3984,13.104790687561035,13.10479008264463
1,3985,13.160000801086426,13.160000000000002
1,3986,13.215335845947266,13.21533553719008
1,3987,13.270796775817871,13.270796694214877
1,3988,13.326383590698242,13.32638347107438
1,3989,13.382096290588379,13.382095867768594
1,3990,13.437933921813965,13.43793388429752
1,3991,13.493898391723633,13.493897520661157
1,3992,13.549986839294434,13.549986776859505
1,3993,13.606201171875,13.606201652892562
1,3994,13.662542343139648,13.662542148760332
1,3995,13.719008445739746,13.719008264462808
1,3996,13.77560043334961,13.775600000000003
1,3997,13.832317352294922,13.832317355371899
1,3998,13.88916015625,13.88916033057851
1,3999,13.946128845214844,13.946128925619835
1,4000,14.003222465515137,14.003223140495868
1,4001,14.060441970825195,14.060442975206612
1,4002,14.117788314819336,14.117788429752068
1,4003,14.17525863647461,14.175259504132232
1,4004,14.232855796813965,14.232856198347104
1,4005,14.29057788848877,14.290578512396696
1,4006,14.348426818847656,14.34842644628099
1,4007,14.406401634216309,14.406399999999998
1,4008,14.464500427246094,14.464499173553719
1,4009,14.522725105285645,14.522723966942149
1,4010,14.581075668334961,14.581074380165289
1,4011,14.639551162719727,14.63955041322314
1,4012,14.698153495788574,14.698152066115703
1,4013,14.756880760192871,14.756879338842976
1,4014,14.815732955932617,14.81573223140496
1,4015,14.874711990356445,14.874710743801652
1,4016,14.933815002441406,14.933814876033056
1,4017,14.99304485321045,14.993044628099172
1,4018,15.052399635314941,15.052399999999999
1,4019,15.111881256103516,15.111880991735536
1,4020,15.171487808227539,15.171487603305785
1,4021,15.231220245361328,15.231219834710746
1,4022,15.291077613830566,15.291077685950414
1,4023,15.35106086730957,15.351061157024795
1,4024,15.41117000579834,15.411170247933883
1,4025,15.471405029296875,15.471404958677688
1,4026,15.53176498413086,15.531765289256198
1,4027,15.592251777648926,15.59225123966942
1,4028,15.652862548828125,15.652862809917355
1,4029,15.713600158691406,15.7136
1,4030,15.77446174621582,15.774462809917356
1,4031,15.835451126098633,15.835451239669423
1,4032,15.896564483642578,15.8965652892562
1,4033,15.957803726196289,15.957804958677684
1,4034,16.019168853759766,16.019170247933886
1,4035,16.08066177368164,16.080661157024792
1,4036,16.142276763916016,16.14227768595041
1,4037,16.20401954650879,16.204019834710742
1,4038,16.265888214111328,16.265887603305785
1,4039,16.327880859375,16.327880991735537
1,4040,16.389999389648438,16.39
1,4041,16.45224380493164,16.452244628099173
1,4042,16.51461410522461,16.514614876033058
1,4043,16.577110290527344,16.577110743801654
1,4044,16.63973045349121,16.639732231404956
1,4045,16.702478408813477,16.702479338842974
1,4046,16.76535415649414,16.765352066115703
1,4047,16.828350067138672,16.82835041322314
1,4048,16.891475677490234,16.891474380165292
1,4049,16.954723358154297,16.95472396694215
1,4050,17.018098831176758,17.01809917355372
1,4051,17.081600189208984,17.0816
1,4052,17.145227432250977,17.145226446280994
1,4053,17.2089786529541,17.208978512396694
1,4054,17.272855758666992,17.272856198347107
1,4055,17.33686065673828,17.33685950413223
1,4056,17.40098762512207,17.400988429752065
1,4057,17.465242385864258,17.46524297520661
1,4058,17.52962303161621,17.52962314049587
1,4059,17.59412956237793,17.594128925619835
1,4060,17.65876007080078,17.658760330578513
1,4061,17.72351837158203,17.723517355371904
1,4062,17.788400650024414,17.7884
1,4063,17.853408813476562,17.853408264462807
1,4064,17.918542861938477,17.91854214876033
1,4065,17.983800888061523,17.983801652892563
1,4066,18.04918670654297,18.049186776859504
1,4067,18.114696502685547,18.114697520661156
1,4068,18.180334091186523,18.18033388429752
1,4069,18.246095657348633,18.246095867768595
1,4070,18.311983108520508,18.31198347107438
1,4071,18.37799644470215,18.377996694214875
1,4072,18.444133758544922,18.44413553719008
1,4073,18.510398864746094,18.5104
1,4074,18.57678985595703,18.576790082644628
1,4075,18.6433048248291,18.643305785123967
1,4076,18.709945678710938,18.709947107438015
1,4077,18.776716232299805,18.776714049586776
1,4078,18.84360694885254,18.843606611570248
1,4079,18.910625457763672,18.910624793388433
1,4080,18.97776985168457,18.977768595041326
1,4081,19.045040130615234,19.045038016528924
1,4082,19.11243438720703,19.112433057851238
1,4083,19.179954528808594,19.179953719008264
1,4084,19.247600555419922,19.2476
1,4085,19.315372467041016,19.315371900826445
1,4086,19.383270263671875,19.383269421487604
1,4087,19.4512939453125,19.451292561983472
1,4088,19.519441604614258,19.51944132231405
1,4089,19.587717056274414,19.58771570247934
1,4090,19.656116485595703,19.65611570247934
1,4091,19.724641799926758,19.72464132231405
1,4092,19.793292999267578,19.79329256198347
1,4093,19.862070083618164,19.862069421487604
1,4094,19.930971145629883,19.930971900826446
1,4095,20.0,20.0
2,0,20.0,20.0
2,1,19.965471267700195,19.965470247933887
2,2,19.930971145629883,19.930971900826446
2,3,19.89650535583496,19.89650495867769
2,4,19.862070083618164,19.862069421487604
2,5,19.827665328979492,19.8276652892562
2,6,19.793292999267578,19.79329256198347
2,7,19.75895118713379,19.758951239669422
2,8,19.724641799926758,19.72464132231405
2,9,19.69036293029785,19.690362809917357
2,10,19.656116485595703,19.65611570247934
2,11,19.62190055847168,19.6219
2,12,19.587717056274414,19.58771570247934
2,13,19.55356216430664,19.553562809917356
2,14,19.519441604614258,19.51944132231405
2,15,19.4853515625,19.48535123966942
2,16,19.4512939453125,19.451292561983472
2,17,19.417264938354492,19.417265289256196
2,18,19.383270263671875,19.383269421487604
2,19,19.34930419921875,19.349304958677685
2,20,19.315372467041016,19.315371900826445
2,21,19.281471252441406,19.281470247933886
2,22,19.247600555419922,19.2476
2,23,19.213762283325195,19.213761157024795
2,24,19.179954528808594,19.179953719008264
2,25,19.14617919921875,19.146177685950413
2,26,19.11243438720703,19.112433057851238
2,27,19.078720092773438,19.078719834710743
2,28,19.045040130615234,19.045038016528924
2,29,19.011388778686523,19.011387603305785
2,30,18.97776985168457,18.977768595041326
2,31,18.944181442260742,18.944180991735536
2,32,18.910625457763672,18.910624793388433
2,33,18.877099990844727,18.8771
2,34,18.84360694885254,18.843606611570248
2,35,18.81014633178711,18.81014462809917
2,36,18.776716232299805,18.776714049586776
2,37,18.743314743041992,18.743314876033057
2,38,18.709945678710938,18.709947107438015
2,39,18.67660903930664,18.676610743801653
2,40,18.6433048248291,18.643305785123967
2,41,18.610031127929688,18.610032231404958
2,42,18.57678985595703,18.576790082644628
2,43,18.5435791015625,18.543579338842974
2,44,18.510398864746094,18.5104
2,45,18.477251052856445,18.477252066115703
2,46,18.444133758544922,18.44413553719008
2,47,18.41105079650879,18.41105041322314
2,48,18.37799644470215,18.377996694214875
2,49,18.344974517822266,18.34497438016529
2,50,18.311983108520508,18.31198347107438
2,51,18.279024124145508,18.279023966942148
2,52,18.246095657348633,18.246095867768595
2,53,18.213197708129883,18.21319917355372
2,54,18.180334091186523,18.18033388429752
2,55,18.147499084472656,18.1475
2,56,18.114696502685547,18.114697520661156
2,57,18.081926345825195,18.081926446280992
2,58,18.04918670654297,18.049186776859504
2,59,18.0164794921875,18.016478512396695
2,60,17.983800888061523,17.983801652892563
2,61,17.951154708862305,17.951156198347107
2,62,17.918542861938477,17.91854214876033
2,63,17.88595962524414,17.885959504132234
2,64,17.853408813476562,17.853408264462807
2,65,17.82088851928711,17.820888429752067
2,66,17.788400650024414,17.7884
2,67,17.755943298339844,17.75594297520661
2,68,17.72351837158203,17.723517355371904
2,69,17.69112205505371,17.69112314049587
2,70,17.65876007080078,17.658760330578513
2,71,17.626428604125977,17.626428925619834
2,72,17.59412956237793,17.594128925619835
2,73,17.561861038208008,17.56186033057851
2,74,17.52962303161621,17.52962314049587
2,75,17.497417449951172,17.4974173553719
2,76,17.465242385864258,17.46524297520661
2,77,17.4330997467041,17.4331
2,78,17.40098762512207,17.400988429752065
2,79,17.368907928466797,17.36890826446281
2,80,17.33686065673828,17.33685950413223
2,81,17.304841995239258,17.304842148760333
2,82,17.272855758666992,17.272856198347107
2,83,17.240901947021484,17.240901652892564
2,84,17.2089786529541,17.208978512396694
2,85,17.177087783813477,17.177086776859504
2,86,17.145227432250977,17.145226446280994
2,87,17.1133975982666,17.113397520661156
2,88,17.081600189208984,17.0816
2,89,17.049833297729492,17.04983388429752
2,90,17.018098831176758,17.01809917355372
2,91,16.98639678955078,16.986395867768593
2,92,16.954723358154297,16.95472396694215
2,93,16.923084259033203,16.923083471074378
2,94,16.891475677490234,16.891474380165292
2,95,16.85989761352539,16.859896694214875
2,96,16.828350067138672,16.82835041322314
2,97,16.796836853027344,16.796835537190084
2,98,16.76535415649414,16.765352066115703
2,99,16.733898162841797,16.733900000000002
2,100,16.702478408813477,16.702479338842974
2,101,16.67108917236328,16.67109008264463
2,102,16.63973045349121,16.639732231404956
2,103,16.60840606689453,16.608405785123967
2,104,16.577110290527344,16.577110743801654
2,105,16.54584503173828,16.545847107438014
2,106,16.51461410522461,16.514614876033058
2,107,16.483413696289062,16.483414049586777
2,108,16.45224380493164,16.452244628099173
2,109,16.421106338500977,16.421106611570245
2,110,16.389999389648438,16.39
2,111,16.358924865722656,16.358924793388425
2,112,16.327880859375,16.327880991735537
2,113,16.29686737060547,16.296868595041317
2,114,16.265888214111328,16.265887603305785
2,115,16.23493766784668,16.23493801652893
2,116,16.20401954650879,16.204019834710742
2,117,16.173131942749023,16.173133057851242
2,118,16.142276763916016,16.14227768595041
2,119,16.111454010009766,16.111453719008264
2,120,16.08066177368164,16.080661157024792
2,121,16.04990005493164,16.0499
2,122,16.019168853759766,16.019170247933886
2,123,15.988471984863281,15.988471900826445
2,124,15.957803726196289,15.957804958677684
2,125,15.927168846130371,15.927169421487603
2,126,15.896564483642578,15.8965652892562
2,127,15.865991592407227,15.865992561983472
2,128,15.835451126098633,15.835451239669423
2,129,15.804941177368164,15.804941322314049
2,130,15.77446174621582,15.774462809917356
2,131,15.744014739990234,15.744015702479336
2,132,15.713600158691406,15.7136
2,133,15.683215141296387,15.683215702479341
2,134,15.652862548828125,15.652862809917355
2,135,15.622541427612305,15.622541322314051
2,136,15.592251777648926,15.59225123966942
2,137,15.561992645263672,15.561992561983473
2,138,15.53176498413086,15.531765289256198
2,139,15.501569747924805,15.501569421487604
2,140,15.471405029296875,15.471404958677688
2,141,15.441271781921387,15.441271900826447
2,142,15.41117000579834,15.411170247933883
2,143,15.38110065460205,15.3811
2,144,15.35106086730957,15.351061157024795
2,145,15.321053504943848,15.321053719008265
2,146,15.291077613830566,15.291077685950414
2,147,15.261133193969727,15.261133057851238
2,148,15.231220245361328,15.231219834710746
2,149,15.201337814331055,15.201338016528926
2,150,15.171487808227539,15.171487603305785
2,151,15.141668319702148,15.141668595041324
2,152,15.111881256103516,15.111880991735536
2,153,15.082125663757324,15.082124793388427
2,154,15.052399635314941,15.052399999999999
2,155,15.022706985473633,15.022706611570248
2,156,14.99304485321045,14.993044628099172
2,157,14.963415145874023,14.963414049586778
2,158,14.933815002441406,14.933814876033056
2,159,14.904248237609863,14.904247107438017
2,160,14.874711990356445,14.874710743801652
2,161,14.845207214355469,14.845205785123966
2,162,14.815732955932617,14.81573223140496
2,163,14.786291122436523,14.786290082644628
2,164,14.756880760192871,14.756879338842976
2,165,14.727500915527344,14.7275
2,166,14.698153495788574,14.698152066115703
2,167,14.66883659362793,14.668835537190082
2,168,14.639551162719727,14.63955041322314
2,169,14.610297203063965,14.610296694214878
2,170,14.581075668334961,14.581074380165289
2,171,14.551884651184082,14.55188347107438
2,172,14.522725105285645,14.522723966942149
2,173,14.493596076965332,14.493595867768596
2,174,14.464500427246094,14.464499173553719
2,175,14.43543529510498,14.435433884297522
2,176,14.406401634216309,14.406399999999998
2,177,14.377398490905762,14.377397520661157
2,178,14.348426818847656,14.34842644628099
2,179,14.319487571716309,14.319486776859504
2,180,14.29057788848877,14.290578512396696
2,181,14.261701583862305,14.261701652892562
2,182,14.232855796813965,14.232856198347104
2,183,14.204041481018066,14.20404214876033
2,184,14.17525863647461,14.175259504132232
2,185,14.14650821685791,14.14650826446281
2,186,14.117788314819336,14.117788429752068
2,187,14.089099884033203,14.089099999999998
2,188,14.060441970825195,14.060442975206612
2,189,14.031816482543945,14.031817355371897
2,190,14.003222465515137,14.003223140495868
2,191,13.97465991973877,13.974660330578514
2,192,13.946128845214844,13.946128925619835
2,193,13.917628288269043,13.917628925619836
2,194,13.88916015625,13.88916033057851
2,195,13.860722541809082,13.860723140495868
2,196,13.832317352294922,13.832317355371899
2,197,13.803942680358887,13.803942975206612
2,198,13.77560043334961,13.775600000000003
2,199,13.74728775024414,13.747288429752066
2,200,13.719008445739746,13.719008264462808
2,201,13.690759658813477,13.690759504132231
2,202,13.662542343139648,13.662542148760332
2,203,13.634355545043945,13.634356198347106
2,204,13.606201171875,13.606201652892562
2,205,13.578078269958496,13.578078512396692
2,206,13.549986839294434,13.549986776859505
2,207,13.521925926208496,13.521926446280991
2,208,13.493898391723633,13.493897520661157
2,209,13.465899467468262,13.465900000000003
2,210,13.437933921813965,13.43793388429752
2,211,13.409998893737793,13.409999173553722
2,212,13.382096290588379,13.382095867768594
2,213,13.354223251342773,13.35422396694215
2,214,13.326383590698242,13.32638347107438
2,215,13.298574447631836,13.298574380165292
2,216,13.270796775817871,13.270796694214877
2,217,13.243050575256348,13.24305041322314
2,218,13.215335845947266,13.21533553719008
2,219,13.187652587890625,13.187652066115703
2,220,13.160000801086426,13.160000000000002
2,221,13.132379531860352,13.132379338842973
2,222,13.104790687561035,13.10479008264463
2,223,13.07723331451416,13.077232231404956
2,224,13.04970645904541,13.049705785123967
2,225,13.022211074829102,13.022210743801653
2,226,12.99474811553955,12.994747107438016
2,227,12.967315673828125,12.96731487603306
2,228,12.93991470336914,12.939914049586777
2,229,12.912545204162598,12.912544628099171
2,230,12.885207176208496,12.885206611570249
2,231,12.857898712158203,12.857900000000003
2,232,12.830623626708984,12.830624793388429
2,233,12.803380012512207,12.803380991735537
2,234,12.776167869567871,12.776168595041321
2,235,12.748987197875977,12.748987603305787
2,236,12.721837043762207,12.721838016528924
2,237,12.694719314575195,12.694719834710744
2,238,12.667632102966309,12.66763305785124
2,239,12.64057731628418,12.640577685950413
2,240,12.613553047180176,12.613553719008266
2,241,12.586559295654297,12.586561157024793
2,242,12.559598922729492,12.559600000000001
2,243,12.532669067382812,12.532670247933885
2,244,12.50577163696289,12.505771900826447
2,245,12.478904724121094,12.478904958677688
2,246,12.452069282531738,12.452069421487602
2,247,12.425265312194824,12.425265289256197
2,248,12.398491859436035,12.39849256198347
2,249,12.371750831604004,12.371751239669422
2,250,12.345041275024414,12.34504132231405
2,251,12.318361282348633,12.318362809917355
2,252,12.291715621948242,12.291715702479337
2,253,12.26509952545166,12.2651
2,254,12.238515853881836,12.238515702479337
2,255,12.21196174621582,12.211962809917354
2,256,12.185440063476562,12.185441322314052
2,257,12.158950805664062,12.15895123966942
2,258,12.132492065429688,12.132492561983469
2,259,12.10606575012207,12.106065289256199
2,260,12.079668998718262,12.079669421487603
2,261,12.053304672241211,12.053304958677685
2,262,12.026970863342285,12.026971900826448
2,263,12.000670433044434,12.000670247933883
2,264,11.97439956665039,11.9744
2,265,11.948161125183105,11.948161157024792
2,266,11.921953201293945,11.921953719008263
2,267,11.895776748657227,11.895777685950415
2,268,11.869632720947266,11.869633057851239
2,269,11.84351921081543,11.843519834710746
2,270,11.817438125610352,11.817438016528925
2,271,11.791387557983398,11.791387603305786
2,272,11.765368461608887,11.765368595041322
2,273,11.739380836486816,11.739380991735537
2,274,11.713424682617188,11.71342479338843
2,275,11.6875,11.6875
2,276,11.661606788635254,11.661606611570246
2,277,11.635744094848633,11.635744628099172
2,278,11.609914779663086,11.609914049586777
2,279,11.584115028381348,11.584114876033057
2,280,11.558347702026367,11.558347107438017
2,281,11.532610893249512,11.532610743801655
2,282,11.506905555725098,11.506905785123967
2,283,11.481231689453125,11.481232231404958
2,284,11.45559024810791,11.455590082644628
2,285,11.429980278015137,11.429979338842976
2,286,11.404400825500488,11.404399999999999
2,287,11.378852844238281,11.3788520661157
2,288,11.3533353805542,11.353335537190082
2,289,11.327851295471191,11.327850413223143
2,290,11.302397727966309,11.302396694214874
2,291,11.276975631713867,11.27697438016529
2,292,11.25158405303955,11.251583471074381
2,293,11.226223945617676,11.226223966942149
2,294,11.200896263122559,11.200895867768594
2,295,11.175599098205566,11.175599173553717
2,296,11.150334358215332,11.15033388429752
2,297,11.125101089477539,11.125099999999998
2,298,11.099898338317871,11.099897520661155
2,299,11.074726104736328,11.074726446280994
2,300,11.04958724975586,11.049586776859504
2,301,11.024478912353516,11.024478512396692
2,302,10.999402046203613,10.999401652892562
2,303,10.974357604980469,10.97435619834711
2,304,10.949342727661133,10.94934214876033
2,305,10.924360275268555,10.92435950413223
2,306,10.899409294128418,10.89940826446281
2,307,10.874488830566406,10.874488429752068
2,308,10.849599838256836,10.849599999999999
2,309,10.824743270874023,10.824742975206613
2,310,10.799918174743652,10.799917355371901
2,311,10.775124549865723,10.775123140495868
2,312,10.750361442565918,10.750360330578511
2,313,10.725629806518555,10.725628925619835
2,314,10.700929641723633,10.700928925619836
2,315,10.676261901855469,10.676260330578513
2,316,10.65162467956543,10.651623140495865
2,317,10.627018928527832,10.6270173553719
2,318,10.60244369506836,10.602442975206612
2,319,10.577900886535645,10.5779
2,320,10.553390502929688,10.553388429752067
2,321,10.528908729553223,10.52890826446281
2,322,10.504461288452148,10.504459504132232
2,323,10.480043411254883,10.48004214876033
2,324,10.455657005310059,10.455656198347107
2,325,10.43130111694336,10.431301652892563
2,326,10.406977653503418,10.406978512396694
2,327,10.382685661315918,10.382686776859503
2,328,10.358426094055176,10.358426446280994
2,329,10.334197044372559,10.334197520661156
2,330,10.309999465942383,10.309999999999999
2,331,10.285833358764648,10.28583388429752
2,332,10.261698722839355,10.26169917355372
2,333,10.237595558166504,10.237595867768594
2,334,10.213523864746094,10.213523966942146
2,335,10.189482688903809,10.18948347107438
2,336,10.165473937988281,10.16547438016529
2,337,10.141496658325195,10.141496694214874
2,338,10.117549896240234,10.11755041322314
2,339,10.093635559082031,10.093635537190083
2,340,10.069751739501953,10.069752066115703
2,341,10.045900344848633,10.045899999999998
2,342,10.022079467773438,10.022079338842975
2,343,9.998290061950684,9.99829008264463
2,344,9.974532127380371,9.974532231404957
2,345,9.9508056640625,9.950805785123965
2,346,9.92711067199707,9.927110743801652
2,347,9.903447151184082,9.903447107438017
2,348,9.879815101623535,9.879814876033057
2,349,9.85621452331543,9.856214049586777
2,350,9.83264446258545,9.832644628099175
2,351,9.809106826782227,9.809106611570249
2,352,9.785600662231445,9.785599999999999
2,353,9.762125015258789,9.76212479338843
2,354,9.73868179321289,9.738680991735539
2,355,9.715269088745117,9.715268595041323
2,356,9.691887855529785,9.691887603305785
2,357,9.668538093566895,9.668538016528927
2,358,9.645219802856445,9.645219834710744
2,359,9.621932029724121,9.621933057851239
2,360,9.598676681518555,9.598677685950413
2,361,9.57545280456543,9.575453719008266
2,362,9.552260398864746,9.552261157024793
2,363,9.529099464416504,9.529099999999998
2,364,9.505969047546387,9.505970247933885
2,365,9.482871055603027,9.482871900826447
2,366,9.459803581237793,9.459804958677685
2,367,9.436768531799316,9.436769421487604
2,368,9.413763999938965,9.413765289256201
2,369,9.390791893005371,9.39079256198347
2,370,9.367850303649902,9.36785123966942
2,371,9.344941139221191,9.34494132231405
2,372,9.322062492370605,9.322062809917357
2,373,9.299214363098145,9.299215702479339
2,374,9.276398658752441,9.276399999999997
2,375,9.253615379333496,9.25361570247934
2,376,9.23086166381836,9.230862809917356
2,377,9.20814037322998,9.208141322314049
2,378,9.185450553894043,9.18545123966942
2,379,9.162792205810547,9.162792561983473
2,380,9.140164375305176,9.140165289256199
2,381,9.117568969726562,9.117569421487602
2,382,9.095004081726074,9.095004958677686
2,383,9.072471618652344,9.072471900826447
2,384,9.049969673156738,9.049970247933883
2,385,9.027499198913574,9.027500000000002
2,386,9.005060195922852,9.005061157024794
2,387,8.98265266418457,8.982653719008265
2,388,8.960277557373047,8.960277685950413
2,389,8.937932968139648,8.93793305785124
2,390,8.915618896484375,8.915619834710744
2,391,8.89333724975586,8.893338016528926
2,392,8.871087074279785,8.871087603305783
2,393,8.848868370056152,8.84886859504132
2,394,8.826681137084961,8.826680991735538
2,395,8.804524421691895,8.804524793388428
2,396,8.782400131225586,8.782399999999999
2,397,8.760305404663086,8.76030661157025
2,398,8.73824405670166,8.738244628099174
2,399,8.71621322631836,8.716214049586775
2,400,8.694214820861816,8.694214876033058
2,401,8.672246932983398,8.672247107438018
2,402,8.650310516357422,8.650310743801652
2,403,8.628405570983887,8.628405785123965
2,404,8.606532096862793,8.60653223140496
2,405,8.58469009399414,8.584690082644627
2,406,8.56287956237793,8.562879338842976
2,407,8.541099548339844,8.5411
2,408,8.519351959228516,8.519352066115705
2,409,8.497635841369629,8.497635537190082
2,410,8.475950241088867,8.475950413223138
2,411,8.454296112060547,8.454296694214875
2,412,8.432674407958984,8.43267438016529
2,413,8.411083221435547,8.41108347107438
2,414,8.389524459838867,8.38952396694215
2,415,8.367996215820312,8.367995867768597
2,416,8.3464994430542,8.34649917355372
2,417,8.325034141540527,8.325033884297518
2,418,8.303600311279297,8.3036
2,419,8.282197952270508,8.282197520661159
2,420,8.260826110839844,8.26082644628099
2,421,8.239486694335938,8.239486776859502
2,422,8.218178749084473,8.218178512396697
2,423,8.196901321411133,8.196901652892564
2,424,8.17565631866455,8.175656198347106
2,425,8.154441833496094,8.154442148760332
2,426,8.133259773254395,8.133259504132234
2,427,8.11210823059082,8.11210826446281
2,428,8.090988159179688,8.090988429752066
2,429,8.069900512695312,8.0699
2,430,8.048843383789062,8.048842975206611
2,431,8.027817726135254,8.027817355371901
2,432,8.006823539733887,8.006823140495868
2,433,7.985860824584961,7.985860330578514
2,434,7.964929580688477,7.9649289256198355
2,435,7.944029331207275,7.9440289256198335
2,436,7.923160552978516,7.923160330578512
2,437,7.902323246002197,7.902323140495869
2,438,7.8815178871154785,7.8815173553719005
2,439,7.860743522644043,7.86074297520661
2,440,7.840000152587891,7.84
2,441,7.819288730621338,7.819288429752066
2,442,7.798608779907227,7.798608264462809
2,443,7.777960300445557,7.777959504132232
2,444,7.75734281539917,7.7573421487603325
2,445,7.736756801605225,7.736756198347108
2,446,7.716202259063721,7.71620165289256
2,447,7.695679187774658,7.695678512396694
2,448,7.675187587738037,7.675186776859505
2,449,7.654726982116699,7.654726446280992
2,450,7.634298324584961,7.634297520661155
2,451,7.613900661468506,7.613900000000001
2,452,7.593534469604492,7.593533884297521
2,453,7.573200225830078,7.573199173553718
2,454,7.552896976470947,7.552895867768595
2,455,7.5326247215271,7.53262396694215
2,456,7.512384414672852,7.51238347107438
2,457,7.492175102233887,7.492174380165288
2,458,7.4719977378845215,7.471996694214876
2,459,7.4518513679504395,7.451850413223141
2,460,7.431736469268799,7.431735537190082
2,461,7.411652088165283,7.411652066115703
2,462,7.391599655151367,7.391600000000001
2,463,7.371578693389893,7.371579338842975
2,464,7.351589679718018,7.351590082644627
2,465,7.331632137298584,7.331632231404959
2,466,7.311705112457275,7.3117057851239675
2,467,7.291810035705566,7.291810743801653
2,468,7.271946907043457,7.271947107438015
2,469,7.252114772796631,7.252114876033057
2,470,7.232314109802246,7.232314049586778
2,471,7.2125444412231445,7.212544628099173
2,472,7.192806243896484,7.192806611570249
2,473,7.173099994659424,7.173100000000002
2,474,7.1534247398376465,7.15342479338843
2,475,7.133780479431152,7.133780991735535
2,476,7.114168643951416,7.114168595041321
2,477,7.094587326049805,7.0945876033057855
2,478,7.075037956237793,7.075038016528925
2,479,7.055520057678223,7.055519834710744
2,480,7.0360331535339355,7.036033057851242
2,481,7.01657772064209,7.016577685950414
2,482,6.9971537590026855,6.9971537190082636
2,483,6.977761268615723,6.977761157024793
2,484,6.958400249481201,6.958400000000001
2,485,6.939070224761963,6.939070247933884
2,486,6.919772148132324,6.919771900826444
2,487,6.900505065917969,6.900504958677685
2,488,6.881269454956055,6.881269421487604
2,489,6.862065315246582,6.862065289256197
2,490,6.842892646789551,6.842892561983471
2,491,6.823750972747803,6.823751239669423
2,492,6.8046417236328125,6.804641322314049
2,493,6.785562992095947,6.785562809917354
2,494,6.766515731811523,6.76651570247934
2,495,6.747498989105225,6.7475000000000005
2,496,6.728514671325684,6.7285157024793385
2,497,6.709561824798584,6.7095628099173545
2,498,6.690640449523926,6.690641322314051
2,499,6.671750068664551,6.671751239669422
2,500,6.652891635894775,6.65289256198347
2,501,6.634064674377441,6.634065289256198
2,502,6.615268707275391,6.615269421487604
2,503,6.596504211425781,6.596504958677686
2,504,6.577771186828613,6.577771900826446
2,505,6.559069633483887,6.559070247933883
2,506,6.540399074554443,6.540400000000001
2,507,6.521759986877441,6.521761157024793
2,508,6.503152847290039,6.503153719008265
2,509,6.484577178955078,6.4845776859504145
2,510,6.466032028198242,6.46603305785124
2,511,6.447519302368164,6.447519834710742
2,512,6.429037094116211,6.429038016528926
2,513,6.410587310791016,6.410587603305786
2,514,6.392168045043945,6.392168595041322
2,515,6.373780250549316,6.3737809917355355
2,516,6.355424404144287,6.35542479338843
2,517,6.337099552154541,6.3371
2,518,6.318805694580078,6.318806611570247
2,519,6.300543785095215,6.300544628099173
2,520,6.282313823699951,6.282314049586778
2,521,6.2641143798828125,6.264114876033059
2,522,6.245946407318115,6.245947107438015
2,523,6.227810382843018,6.227810743801653
2,524,6.209705352783203,6.209705785123968
2,525,6.19163179397583,6.191632231404958
2,526,6.173589706420898,6.173590082644626
2,527,6.155579090118408,6.155579338842977
2,528,6.137599945068359,6.137600000000001
2,529,6.1196513175964355,6.119652066115702
2,530,6.1017351150512695,6.101735537190083
2,531,6.083850383758545,6.083850413223142
2,532,6.0659966468811035,6.065996694214875
2,533,6.048173904418945,6.048174380165288
2,534,6.030383110046387,6.03038347107438
2,535,6.012623310089111,6.01262396694215
2,536,5.9948954582214355,5.994895867768594
2,537,5.977199077606201,5.9771991735537195
2,538,5.95953369140625,5.959533884297522
2,539,5.94189977645874,5.9419
2,540,5.924297332763672,5.924297520661155
2,541,5.906726360321045,5.906726446280992
2,542,5.889186859130859,5.889186776859505
2,543,5.871678352355957,5.871678512396694
2,544,5.854201316833496,5.854201652892561
2,545,5.836755752563477,5.836756198347107
2,546,5.819342136383057,5.819342148760331
2,547,5.80195951461792,5.80195950413223
2,548,5.784608364105225,5.78460826446281
2,549,5.767288684844971,5.767288429752067
2,550,5.75,5.75
2,551,5.732742786407471,5.732742975206612
2,552,5.715517520904541,5.715517355371901
2,553,5.6983232498168945,5.6983231404958685
2,554,5.6811604499816895,5.681160330578512
2,555,5.664029121398926,5.664028925619835
2,556,5.6469292640686035,5.646928925619834
2,557,5.6298604011535645,5.629860330578513
2,558,5.612823486328125,5.612823140495867
2,559,5.595817565917969,5.595817355371901
2,560,5.578843116760254,5.578842975206612
2,561,5.5619001388549805,5.5619
2,562,5.544988632202148,5.544988429752067
2,563,5.528108596801758,5.5281082644628095
2,564,5.511260032653809,5.511259504132232
2,565,5.494442462921143,5.49444214876033
2,566,5.477656364440918,5.477656198347108
2,567,5.460901737213135,5.460901652892561
2,568,5.444179058074951,5.444178512396694
2,569,5.427487373352051,5.427486776859505
2,570,5.410826683044434,5.410826446280992
2,571,5.394197940826416,5.394197520661158
2,572,5.377600193023682,5.3776
2,573,5.361034393310547,5.361033884297521
2,574,5.344499588012695,5.344499173553719
2,575,5.327996253967285,5.327995867768595
2,576,5.311524391174316,5.311523966942148
2,577,5.295083999633789,5.29508347107438
2,578,5.278674602508545,5.278674380165288
2,579,5.2622971534729,5.262296694214876
2,580,5.245951175689697,5.245950413223142
2,581,5.229634761810303,5.229635537190083
2,582,5.213351249694824,5.213352066115703
2,583,5.197099208831787,5.1971
2,584,5.180878639221191,5.180879338842976
2,585,5.164689540863037,5.164690082644627
2,586,5.148531913757324,5.148532231404959
2,587,5.1324052810668945,5.132405785123966
2,588,5.116310119628906,5.116310743801653
2,589,5.100246906280518,5.100247107438017
2,590,5.084214210510254,5.084214876033058
2,591,5.068213939666748,5.068214049586778
2,592,5.052244186401367,5.0522446280991735
2,593,5.036306381225586,5.036306611570248
2,594,5.020399570465088,5.0203999999999995
2,595,5.004524230957031,5.00452479338843
2,596,4.988680839538574,4.988680991735537
2,597,4.972867965698242,4.972868595041323
2,598,4.957087516784668,4.957087603305786
2,599,4.941337585449219,4.941338016528926
2,600,4.925619602203369,4.925619834710744
2,601,4.909932613372803,4.909933057851239
2,602,4.894277572631836,4.894277685950414
2,603,4.878653526306152,4.8786537190082635
2,604,4.86306095123291,4.863061157024793
2,605,4.847499847412109,4.847499999999999
2,606,4.83197021484375,4.831970247933884
2,607,4.816472053527832,4.816471900826447
2,608,4.801004886627197,4.8010049586776855
2,609,4.785569190979004,4.785569421487604
2,610,4.77016544342041,4.770165289256198
2,611,4.754792213439941,4.754792561983471
2,612,4.739450931549072,4.739451239669421
2,613,4.7241411209106445,4.7241413223140505
2,614,4.708862781524658,4.708862809917354
2,615,4.693615436553955,4.693615702479339
2,616,4.678400039672852,4.6784
2,617,4.663215637207031,4.663215702479339
2,618,4.648062705993652,4.648062809917356
2,619,4.632941246032715,4.63294132231405
2,620,4.617851257324219,4.617851239669422
2,621,4.602792739868164,4.60279256198347
2,622,4.587765216827393,4.587765289256199
2,623,4.5727691650390625,4.572769421487603
2,624,4.557805061340332,4.5578049586776865
2,625,4.542871952056885,4.542871900826445
2,626,4.527970314025879,4.527970247933884
2,627,4.513099670410156,4.5131000000000006
2,628,4.498261451721191,4.498261157024793
2,629,4.483453750610352,4.483453719008265
2,630,4.468677997589111,4.4686776859504125
2,631,4.453933238983154,4.4539330578512395
2,632,4.439220428466797,4.439219834710743
2,633,4.424538612365723,4.424538016528926
2,634,4.409887790679932,4.409887603305785
2,635,4.39526891708374,4.395268595041323
2,636,4.380681037902832,4.380680991735538
2,637,4.366125106811523,4.36612479338843
2,638,4.351600646972656,4.3516
2,639,4.337106704711914,4.337106611570247
2,640,4.32264518737793,4.322644628099174
2,641,4.30821418762207,4.308214049586776
2,642,4.2938151359558105,4.293814876033058
2,643,4.279447555541992,4.279447107438015
2,644,4.265110969543457,4.265110743801653
2,645,4.250805854797363,4.250805785123967
2,646,4.236532211303711,4.236532231404959
2,647,4.2222900390625,4.222290082644629
2,648,4.208079814910889,4.208079338842975
2,649,4.193899154663086,4.193900000000001
2,650,4.179751396179199,4.179752066115702
2,651,4.165635108947754,4.165635537190083
2,652,4.15155029296875,4.15155041322314
2,653,4.137495994567871,4.137496694214876
2,654,4.12347412109375,4.1234743801652884
2,655,4.109482765197754,4.10948347107438
2,656,4.095523834228516,4.0955239669421495
2,657,4.081595420837402,4.081595867768595
2,658,4.067698955535889,4.067699173553719
2,659,4.053833484649658,4.05383388429752
2,660,4.039999961853027,4.040000000000001
2,661,4.02619743347168,4.026197520661157
2,662,4.012426376342773,4.012426446280992
2,663,3.9986865520477295,3.998686776859503
2,664,3.984978199005127,3.9849785123966943
2,665,3.971301555633545,3.9713016528925627
2,666,3.957655906677246,3.9576561983471072
2,667,3.9440419673919678,3.9440421487603308
2,668,3.9304592609405518,3.930459504132231
2,669,3.916908025741577,3.91690826446281
2,670,3.903388261795044,3.9033884297520656
2,671,3.889899730682373,3.8899000000000004
2,672,3.8764429092407227,3.876442975206611
2,673,3.8630173206329346,3.8630173553719005
2,674,3.849622964859009,3.8496231404958685
2,675,3.8362603187561035,3.8362603305785123
2,676,3.8229289054870605,3.8229289256198355
2,677,3.809628963470459,3.809628925619834
2,678,3.7963600158691406,3.796360330578513
2,679,3.783123016357422,3.783123140495867
2,680,3.7699172496795654,3.7699173553719008
2,681,3.7567427158355713,3.7567429752066106
2,682,3.7435998916625977,3.7436
2,683,3.7304883003234863,3.730488429752067
2,684,3.7174081802368164,3.7174082644628097
2,685,3.704359531402588,3.704359504132232
2,686,3.6913421154022217,3.6913421487603304
2,687,3.678356170654297,3.6783561983471076
2,688,3.6654016971588135,3.6654016528925615
2,689,3.6524786949157715,3.6524785123966943
2,690,3.639586925506592,3.639586776859504
2,691,3.6267263889312744,3.626726446280992
2,692,3.6138975620269775,3.6138975206611565
2,693,3.601100206375122,3.6010999999999997
2,694,3.58833384513855,3.588333884297521
2,695,3.575599431991577,3.5755991735537185
2,696,3.5628960132598877,3.5628958677685953
2,697,3.5502240657806396,3.5502239669421485
2,698,3.537583589553833,3.53758347107438
2,699,3.5249745845794678,3.524974380165289
2,700,3.512396812438965,3.512396694214876
2,701,3.4998505115509033,3.4998504132231396
2,702,3.487335681915283,3.4873355371900825
2,703,3.4748523235321045,3.474852066115703
2,704,3.462399959564209,3.4623999999999997
2,705,3.449979543685913,3.4499793388429754
2,706,3.4375903606414795,3.4375900826446277
2,707,3.425232410430908,3.425232231404959
2,708,3.4129061698913574,3.412905785123966
2,709,3.40061092376709,3.400610743801653
2,710,3.388347625732422,3.388347107438016
2,711,3.376115322113037,3.376114876033058
2,712,3.3639142513275146,3.3639140495867776
2,713,3.3517448902130127,3.3517446280991736
2,714,3.339607000350952,3.3396066115702485
2,715,3.327500343322754,3.3274999999999997
2,716,3.315425157546997,3.31542479338843
2,717,3.3033804893493652,3.3033809917355366
2,718,3.291368246078491,3.2913685950413223
2,719,3.2793872356414795,3.2793876033057847
2,720,3.26743745803833,3.2674380165289256
2,721,3.255519390106201,3.2555198347107446
2,722,3.2436325550079346,3.2436330578512393
2,723,3.2317774295806885,3.231777685950414
2,724,3.2199532985687256,3.2199537190082643
2,725,3.208160877227783,3.2081611570247937
2,726,3.196399688720703,3.1963999999999997
2,727,3.1846699714660645,3.1846702479338846
2,728,3.172971487045288,3.1729719008264454
2,729,3.1613047122955322,3.161304958677686
2,730,3.1496691703796387,3.1496694214876024
2,731,3.1380650997161865,3.138065289256198
2,732,3.1264922618865967,3.1264925619834716
2,733,3.1149508953094482,3.1149512396694212
2,734,3.103440999984741,3.1034413223140502
2,735,3.0919625759124756,3.091962809917355
2,736,3.0805156230926514,3.0805157024793393
2,737,3.0690996646881104,3.0690999999999993
2,738,3.05771541595459,3.057715702479339
2,739,3.0463626384735107,3.0463628099173548
2,740,3.035041093826294,3.0350413223140498
2,741,3.0237510204315186,3.023751239669422
2,742,3.0124924182891846,3.012492561983471
2,743,3.001265048980713,3.0012652892561986
2,744,2.9900693893432617,2.990069421487603
2,745,2.9789047241210938,2.978904958677686
2,746,2.9677717685699463,2.967771900826446
2,747,2.9566702842712402,2.9566702479338844
2,748,2.9456000328063965,2.9455999999999993
2,749,2.934561014175415,2.9345611570247936
2,750,2.923553705215454,2.9235537190082654
2,751,2.9125776290893555,2.912577685950413
2,752,2.9016330242156982,2.90163305785124
2,753,2.8907198905944824,2.890719834710744
2,754,2.879837989807129,2.879838016528926
2,755,2.868987560272217,2.8689876033057846
2,756,2.858168601989746,2.8581685950413225
2,757,2.847381114959717,2.8473809917355366
2,758,2.83662486076355,2.83662479338843
2,759,2.825900077819824,2.8259000000000007
2,760,2.815206527709961,2.8152066115702477
2,761,2.804544687271118,2.8045446280991744
2,762,2.7939140796661377,2.7939140495867765
2,763,2.7833149433135986,2.7833148760330584
2,764,2.772747039794922,2.7727471074380166
2,765,2.7622108459472656,2.7622107438016528
2,766,2.7517058849334717,2.7517057851239666
2,767,2.741232395172119,2.741232231404959
2,768,2.730790138244629,2.730790082644628
2,769,2.72037935256958,2.7203793388429753
2,770,2.7100000381469727,2.7100000000000004
2,771,2.6996521949768066,2.699652066115702
2,772,2.689335823059082,2.6893355371900833
2,773,2.6790504455566406,2.6790504132231403
2,774,2.668797016143799,2.668796694214876
2,775,2.6585745811462402,2.658574380165289
2,776,2.648383617401123,2.6483834710743803
2,777,2.6382241249084473,2.638223966942148
2,778,2.628096103668213,2.628095867768595
2,779,2.61799955368042,2.617999173553719
2,780,2.60793399810791,2.6079338842975206
2,781,2.597900390625,2.5979
2,782,2.587897777557373,2.5878975206611567
2,783,2.5779266357421875,2.577926446280992
2,784,2.5679869651794434,2.5679867768595037
2,785,2.5580787658691406,2.5580785123966945
2,786,2.548201322555542,2.548201652892561
2,787,2.538355827331543,2.5383561983471075
2,788,2.5285418033599854,2.528542148760331
2,789,2.518759250640869,2.5187595041322313
2,790,2.5090079307556152,2.5090082644628104
2,791,2.4992880821228027,2.499288429752066
2,792,2.4895997047424316,2.4896000000000003
2,793,2.479942798614502,2.479942975206611
2,794,2.4703171253204346,2.470317355371901
2,795,2.4607229232788086,2.460723140495867
2,796,2.451159954071045,2.4511603305785123
2,797,2.4416286945343018,2.4416289256198356
2,798,2.432128667831421,2.4321289256198346
2,799,2.4226601123809814,2.4226603305785126
2,800,2.4132227897644043,2.4132231404958677
2,801,2.4038171768188477,2.403817355371901
2,802,2.3944427967071533,2.394442975206611
2,803,2.3850998878479004,2.3851000000000004
2,804,2.3757882118225098,2.375788429752066
2,805,2.3665080070495605,2.36650826446281
2,806,2.3572592735290527,2.357259504132231
2,807,2.3480420112609863,2.3480421487603307
2,808,2.3388562202453613,2.338856198347108
2,809,2.3297014236450195,2.329701652892562
2,810,2.3205785751342773,2.320578512396694
2,811,2.3114867210388184,2.3114867768595038
2,812,2.302426338195801,2.3024264462809922
2,813,2.2933974266052246,2.2933975206611565
2,814,2.28439998626709,2.2844
2,815,2.2754337787628174,2.27543388429752
2,816,2.2664990425109863,2.2664991735537185
2,817,2.2575957775115967,2.2575958677685954
2,818,2.2487239837646484,2.2487239669421486
2,819,2.2398834228515625,2.2398834710743802
2,820,2.231074333190918,2.231074380165289
2,821,2.222296714782715,2.2222966942148763
2,822,2.213550329208374,2.2135504132231403
2,823,2.2048354148864746,2.2048355371900827
2,824,2.1961522102355957,2.196152066115702
2,825,2.1875,2.1875
2,826,2.1788792610168457,2.1788793388429757
2,827,2.170289993286133,2.170290082644628
2,828,2.1617321968078613,2.161732231404959
2,829,2.1532058715820312,2.1532057851239665
2,830,2.1447107791900635,2.144710743801653
2,831,2.136247158050537,2.1362471074380163
2,832,2.127815008163452,2.127814876033058
2,833,2.1194140911102295,2.1194140495867764
2,834,2.1110448837280273,2.1110446280991733
2,835,2.1027066707611084,2.102706611570248
2,836,2.094399929046631,2.0944000000000003
2,837,2.086124897003174,2.0861247933884304
2,838,2.077881097793579,2.0778809917355368
2,839,2.069668769836426,2.0696685950413225
2,840,2.0614876747131348,2.0614876033057845
2,841,2.053338050842285,2.053338016528926
2,842,2.045219898223877,2.0452198347107435
2,843,2.03713321685791,2.0371330578512397
2,844,2.0290780067443848,2.029077685950414
2,845,2.0210537910461426,2.0210537190082647
2,846,2.0130615234375,2.0130611570247936
2,847,2.0051002502441406,2.0050999999999997
2,848,1.9971704483032227,1.9971702479338846
2,849,1.989272117614746,1.989271900826446
2,850,1.9814051389694214,1.981404958677686
2,851,1.973569631576538,1.973569421487603
2,852,1.9657654762268066,1.9657652892561983
2,853,1.9579927921295166,1.9579925619834706
2,854,1.9502508640289307,1.9502512396694214
2,855,1.9425410032272339,1.94254132231405
2,856,1.9348626136779785,1.9348628099173553
2,857,1.927215337753296,1.927215702479339
2,858,1.9195997714996338,1.9196
2,859,1.912015438079834,1.912015702479339
2,860,1.9044625759124756,1.904462809917355
2,861,1.8969411849975586,1.8969413223140497
2,862,1.889451026916504,1.889451239669421
2,863,1.8819923400878906,1.881992561983471
2,864,1.8745651245117188,1.8745652892561988
2,865,1.8671691417694092,1.8671694214876031
2,866,1.8598047494888306,1.8598049586776864
2,867,1.8524717092514038,1.8524719008264463
2,868,1.845170021057129,1.8451702479338845
2,869,1.8378998041152954,1.8378999999999999
2,870,1.8306610584259033,1.8306611570247935
2,871,1.823453664779663,1.8234537190082643
2,872,1.8162775039672852,1.8162776859504133
2,873,1.8091329336166382,1.8091330578512401
2,874,1.802019715309143,1.8020198347107437
2,875,1.7949378490447998,1.794938016528926
2,876,1.7878875732421875,1.787887603305785
2,877,1.7808685302734375,1.7808685950413226
2,878,1.773880958557129,1.773880991735537
2,879,1.7669247388839722,1.7669247933884298
2,880,1.7599999904632568,1.7599999999999996
2,881,1.7531065940856934,1.753106611570248
2,882,1.7462445497512817,1.746244628099174
2,883,1.7394139766693115,1.739414049586777
2,884,1.7326147556304932,1.732614876033058
2,885,1.7258470058441162,1.7258471074380164
2,886,1.7191107273101807,1.719110743801653
2,887,1.7124056816101074,1.7124057851239667
2,888,1.7057322263717651,1.705732231404959
2,889,1.6990900039672852,1.6990900826446278
2,890,1.6924793720245361,1.692479338842975
2,891,1.6858999729156494,1.6858999999999997
2,892,1.679352045059204,1.6793520661157024
2,893,1.6728355884552002,1.672835537190083
2,894,1.6663503646850586,1.6663504132231404
2,895,1.659896731376648,1.6598966942148763
2,896,1.6534743309020996,1.6534743801652891
2,897,1.6470835208892822,1.6470834710743802
2,898,1.6407239437103271,1.6407239669421485
2,899,1.6343958377838135,1.634395867768595
2,900,1.6280992031097412,1.6280991735537187
2,901,1.6218339204788208,1.6218338842975206
2,902,1.6155999898910522,1.6156000000000004
2,903,1.6093976497650146,1.6093975206611568
2,904,1.6032265424728394,1.603226446280992
2,905,1.5970869064331055,1.5970867768595038
2,906,1.5909786224365234,1.5909785123966944
2,907,1.5849018096923828,1.5849016528925617
2,908,1.5788562297821045,1.5788561983471077
2,909,1.5728422403335571,1.5728421487603303
2,910,1.5668596029281616,1.5668595041322315
2,911,1.560908317565918,1.5609082644628103
2,912,1.5549886226654053,1.5549884297520662
2,913,1.5491001605987549,1.5491000000000001
2,914,1.5432430505752563,1.5432429752066112
2,915,1.5374174118041992,1.5374173553719008
2,916,1.5316232442855835,1.5316231404958676
2,917,1.5258604288101196,1.5258603305785126
2,918,1.5201290845870972,1.5201289256198345
2,919,1.5144290924072266,1.5144289256198347
2,920,1.5087604522705078,1.5087603305785127
2,921,1.5031232833862305,1.5031231404958678
2,922,1.4975171089172363,1.497517355371901
2,923,1.4919427633285522,1.4919429752066113
2,924,1.48639976978302,1.4864000000000002
2,925,1.4808882474899292,1.480888429752066
2,926,1.4754080772399902,1.4754082644628101
2,927,1.4699593782424927,1.469959504132231
2,928,1.4645419120788574,1.4645421487603305
2,929,1.4591560363769531,1.459156198347107
2,930,1.4538015127182007,1.453801652892562
2,931,1.4484783411026,1.4484785123966946
2,932,1.443186640739441,1.4431867768595041
2,933,1.4379262924194336,1.437926446280992
2,934,1.4326974153518677,1.432697520661157
2,935,1.4274998903274536,1.4275000000000002
2,936,1.4223337173461914,1.4223338842975204
2,937,1.4171990156173706,1.417199173553719
2,938,1.4120957851409912,1.4120958677685946
2,939,1.4070239067077637,1.4070239669421487
2,940,1.401983380317688,1.4019834710743804
2,941,1.3969743251800537,1.3969743801652892
2,942,1.3919966220855713,1.3919966942148763
2,943,1.3870503902435303,1.3870504132231403
2,944,1.3821353912353516,1.3821355371900828
2,945,1.3772519826889038,1.3772520661157022
2,946,1.372399926185608,1.3724
2,947,1.3675792217254639,1.367579338842975
2,948,1.3627899885177612,1.362790082644628
2,949,1.3580322265625,1.3580322314049589
2,950,1.353305697441101,1.353305785123967
2,951,1.3486106395721436,1.348610743801653
2,952,1.3439470529556274,1.3439471074380165
2,953,1.3393148183822632,1.339314876033058
2,954,1.3347140550613403,1.3347140495867766
2,955,1.3301446437835693,1.3301446280991736
2,956,1.3256065845489502,1.3256066115702478
2,957,1.3210999965667725,1.3211
2,958,1.3166247606277466,1.31662479338843
2,959,1.312180995941162,1.3121809917355371
2,960,1.3077685832977295,1.3077685950413225
2,961,1.3033876419067383,1.3033876033057852
2,962,1.299038052558899,1.2990380165289257
2,963,1.2947198152542114,1.2947198347107436
2,964,1.2904330492019653,1.2904330578512397
2,965,1.286177635192871,1.286177685950413
2,966,1.2819538116455078,1.2819537190082646
2,967,1.2777612209320068,1.277761157024793
2,968,1.2735999822616577,1.2736
2,969,1.26947021484375,1.2694702479338846
2,970,1.2653719186782837,1.2653719008264461
2,971,1.2613049745559692,1.261304958677686
2,972,1.2572695016860962,1.2572694214876032
2,973,1.253265380859375,1.2532652892561984
2,974,1.2492926120758057,1.249292561983471
2,975,1.2453513145446777,1.2453512396694215
2,976,1.2414413690567017,1.2414413223140492
2,977,1.237562894821167,1.2375628099173555
2,978,1.2337157726287842,1.233715702479339
2,979,1.2299000024795532,1.2299
2,980,1.2261158227920532,1.226115702479339
2,981,1.2223628759384155,1.2223628099173554
2,982,1.2186414003372192,1.2186413223140498
2,983,1.2149512767791748,1.2149512396694213
2,984,1.2112926244735718,1.2112925619834711
2,985,1.2076653242111206,1.207665289256198
2,986,1.2040694952011108,1.2040694214876033
2,987,1.200505018234253,1.2005049586776861
2,988,1.1969720125198364,1.1969719008264463
2,989,1.1934703588485718,1.1934702479338846
2,990,1.1899998188018799,1.19
2,991,1.1865609884262085,1.1865611570247934
2,992,1.1831536293029785,1.1831537190082644
2,993,1.1797776222229004,1.1797776859504132
2,994,1.1764329671859741,1.1764330578512394
2,995,1.1731197834014893,1.1731198347107439
2,996,1.1698379516601562,1.1698380165289257
2,997,1.166587471961975,1.1665876033057851
2,998,1.1633684635162354,1.1633685950413224
2,999,1.160180926322937,1.1601809917355372
2,1000,1.1570247411727905,1.15702479338843
2,1001,1.153899908065796,1.1539
2,1002,1.1508065462112427,1.150806611570248
2,1003,1.1477445363998413,1.1477446280991734
2,1004,1.1447139978408813,1.144714049586777
2,1005,1.1417148113250732,1.1417148760330575
2,1006,1.138746976852417,1.1387471074380164
2,1007,1.1358106136322021,1.135810743801653
2,1008,1.1329057216644287,1.1329057851239668
2,1009,1.1300321817398071,1.1300322314049587
2,1010,1.1271899938583374,1.127190082644628
2,1011,1.124379277229309,1.1243793388429753
2,1012,1.1215999126434326,1.1216
2,1013,1.1188520193099976,1.1188520661157024
2,1014,1.1161354780197144,1.1161355371900825
2,1015,1.1134504079818726,1.1134504132231404
2,1016,1.1107966899871826,1.1107966942148761
2,1017,1.1081743240356445,1.1081743801652892
2,1018,1.1055834293365479,1.1055834710743804
2,1019,1.103023886680603,1.1030239669421487
2,1020,1.1004958152770996,1.1004958677685952
2,1021,1.097999095916748,1.097999173553719
2,1022,1.095533847808838,1.0955338842975206
2,1023,1.0930999517440796,1.0931
2,1024,1.0906975269317627,1.090697520661157
2,1025,1.0883264541625977,1.0883264462809918
2,1026,1.0859867334365845,1.0859867768595042
2,1027,1.0836784839630127,1.0836785123966943
2,1028,1.0814015865325928,1.0814016528925618
2,1029,1.0791561603546143,1.0791561983471074
2,1030,1.0769422054290771,1.0769421487603306
2,1031,1.0747594833374023,1.0747595041322315
2,1032,1.072608232498169,1.0726082644628099
2,1033,1.070488452911377,1.070488429752066
2,1034,1.0684000253677368,1.0684
2,1035,1.0663429498672485,1.0663429752066116
2,1036,1.0643173456192017,1.064317355371901
2,1037,1.0623230934143066,1.0623231404958677
2,1038,1.060360312461853,1.0603603305785125
2,1039,1.0584288835525513,1.0584289256198347
2,1040,1.056528925895691,1.0565289256198347
2,1041,1.0546603202819824,1.0546603305785123
2,1042,1.0528231859207153,1.052823140495868
2,1043,1.0510174036026,1.0510173553719007
2,1044,1.0492429733276367,1.0492429752066115
2,1045,1.0475000143051147,1.0475
2,1046,1.0457884073257446,1.045788429752066
2,1047,1.044108271598816,1.04410826446281
2,1048,1.042459487915039,1.0424595041322313
2,1049,1.0408421754837036,1.0408421487603305
2,1050,1.03925621509552,1.0392561983471074
2,1051,1.0377017259597778,1.037701652892562
2,1052,1.0361785888671875,1.0361785123966942
2,1053,1.034686803817749,1.034686776859504
2,1054,1.033226490020752,1.033226446280992
2,1055,1.0317975282669067,1.031797520661157
2,1056,1.030400037765503,1.0304
2,1057,1.029033899307251,1.0290338842975206
2,1058,1.0276992321014404,1.027699173553719
2,1059,1.0263957977294922,1.026395867768595
2,1060,1.025123953819275,1.0251239669421488
2,1061,1.0238834619522095,1.02388347107438
2,1062,1.022674322128296,1.0226743801652893
2,1063,1.0214966535568237,1.021496694214876
2,1064,1.0203503370285034,1.0203504132231405
2,1065,1.0192354917526245,1.0192355371900828
2,1066,1.0181519985198975,1.0181520661157024
2,1067,1.0170999765396118,1.0171000000000001
2,1068,1.016079306602478,1.0160793388429752
2,1069,1.0150901079177856,1.015090082644628
2,1070,1.0141322612762451,1.0141322314049586
2,1071,1.0132057666778564,1.0132057851239669
2,1072,1.0123107433319092,1.012310743801653
2,1073,1.0114470720291138,1.0114471074380165
2,1074,1.0106148719787598,1.010614876033058
2,1075,1.0098140239715576,1.009814049586777
2,1076,1.0090446472167969,1.0090446280991736
2,1077,1.008306622505188,1.008306611570248
2,1078,1.007599949836731,1.0076
2,1079,1.0069247484207153,1.0069247933884298
2,1080,1.0062810182571411,1.006280991735537
2,1081,1.0056686401367188,1.0056685950413222
2,1082,1.0050876140594482,1.0050876033057852
2,1083,1.0045380592346191,1.0045380165289257
2,1084,1.004019856452942,1.0040198347107439
2,1085,1.0035330057144165,1.0035330578512396
2,1086,1.0030776262283325,1.0030776859504131
2,1087,1.00265371799469,1.0026537190082645
2,1088,1.0022611618041992,1.0022611570247935
2,1089,1.0018999576568604,1.0019
2,1090,1.001570224761963,1.0015702479338844
2,1091,1.0012718439102173,1.0012719008264463
2,1092,1.001004934310913,1.001004958677686
2,1093,1.0007693767547607,1.0007694214876033
2,1094,1.0005652904510498,1.0005652892561983
2,1095,1.0003925561904907,1.000392561983471
2,1096,1.000251293182373,1.0002512396694214
2,1097,1.0001412630081177,1.0001413223140496
2,1098,1.0000628232955933,1.0000628099173554
2,1099,1.0000157356262207,1.0000157024793388
2,1100,1.0,1.0
2,1101,1.0,1.0
2,1102,1.0,1.0
2,1103,1.0,1.0
2,1104,1.0,1.0
2,1105,1.0,1.0
2,1106,1.0,1.0
2,1107,1.0,1.0
2,1108,1.0,1.0
2,1109,1.0,1.0
2,1110,1.0,1.0
2,1111,1.0,1.0
2,1112,1.0,1.0
2,1113,1.0,1.0
2,1114,1.0,1.0
2,1115,1.0,1.0
2,1116,1.0,1.0
2,1117,1.0,1.0
2,1118,1.0,1.0
2,1119,1.0,1.0
2,1120,1.0,1.0
2,1121,1.0,1.0
2,1122,1.0,1.0
2,1123,1.0,1.0
2,1124,1.0,1.0
2,1125,1.0,1.0
2,1126,1.0,1.0
2,1127,1.0,1.0
2,1128,1.0,1.0
2,1129,1.0,1.0
2,1130,1.0,1.0
2,1131,1.0,1.0
2,1132,1.0,1.0
2,1133,1.0,1.0
2,1134,1.0,1.0
2,1135,1.0,1.0
2,1136,1.0,1.0
2,1137,1.0,1.0
2,1138,1.0,1.0
2,1139,1.0,1.0
2,1140,1.0,1.0
2,1141,1.0,1.0
2,1142,1.0,1.0
2,1143,1.0,1.0
2,1144,1.0,1.0
2,1145,1.0,1.0
2,1146,1.0,1.0
2,1147,1.0,1.0
2,1148,1.0,1.0
2,1149,1.0,1.0
2,1150,1.0,1.0
2,1151,1.0,1.0
2,1152,1.0,1.0
2,1153,1.0,1.0
2,1154,1.0,1.0
2,1155,1.0,1.0
2,1156,1.0,1.0
2,1157,1.0,1.0
2,1158,1.0,1.0
2,1159,1.0,1.0
2,1160,1.0,1.0
2,1161,1.0,1.0
2,1162,1.0,1.0
2,1163,1.0,1.0
2,1164,1.0,1.0
2,1165,1.0,1.0
2,1166,1.0,1.0
2,1167,1.0,1.0
2,1168,1.0,1.0
2,1169,1.0,1.0
2,1170,1.0,1.0
2,1171,1.0,1.0
2,1172,1.0,1.0
2,1173,1.0,1.0
2,1174,1.0,1.0
2,1175,1.0,1.0
2,1176,1.0,1.0
2,1177,1.0,1.0
2,1178,1.0,1.0
2,1179,1.0,1.0
2,1180,1.0,1.0
2,1181,1.0,1.0
2,1182,1.0,1.0
2,1183,1.0,1.0
2,1184,1.0,1.0
2,1185,1.0,1.0
2,1186,1.0,1.0
2,1187,1.0,1.0
2,1188,1.0,1.0
2,1189,1.0,1.0
2,1190,1.0,1.0
2,1191,1.0,1.0
2,1192,1.0,1.0
2,1193,1.0,1.0
2,1194,1.0,1.0
2,1195,1.0,1.0
2,1196,1.0,1.0
2,1197,1.0,1.0
2,1198,1.0,1.0
2,1199,1.0,1.0
2,1200,1.0,1.0
2,1201,1.0,1.0
2,1202,1.0,1.0
2,1203,1.0,1.0
2,1204,1.0,1.0
2,1205,1.0,1.0
2,1206,1.0,1.0
2,1207,1.0,1.0
2,1208,1.0,1.0
2,1209,1.0,1.0
2,1210,1.0,1.0
2,1211,1.0,1.0
2,1212,1.0,1.0
2,1213,1.0,1.0
2,1214,1.0,1.0
2,1215,1.0,1.0
2,1216,1.0,1.0
2,1217,1.0,1.0
2,1218,1.0,1.0
2,1219,1.0,1.0
2,1220,1.0,1.0
2,1221,1.0,1.0
2,1222,1.0,1.0
2,1223,1.0,1.0
2,1224,1.0,1.0
2,1225,1.0,1.0
2,1226,1.0,1.0
2,1227,1.0,1.0
2,1228,1.0,1.0
2,1229,1.0,1.0
2,1230,1.0,1.0
2,1231,1.0,1.0
2,1232,1.0,1.0
2,1233,1.0,1.0
2,1234,1.0,1.0
2,1235,1.0,1.0
2,1236,1.0,1.0
2,1237,1.0,1.0
2,1238,1.0,1.0
2,1239,1.0,1.0
2,1240,1.0,1.0
2,1241,1.0,1.0
2,1242,1.0,1.0
2,1243,1.0,1.0
2,1244,1.0,1.0
2,1245,1.0,1.0
2,1246,1.0,1.0
2,1247,1.0,1.0
2,1248,1.0,1.0
2,1249,1.0,1.0
2,1250,1.0,1.0
2,1251,1.0,1.0
2,1252,1.0,1.0
2,1253,1.0,1.0
2,1254,1.0,1.0
2,1255,1.0,1.0
2,1256,1.0,1.0
2,1257,1.0,1.0
2,1258,1.0,1.0
2,1259,1.0,1.0
2,1260,1.0,1.0
2,1261,1.0,1.0
2,1262,1.0,1.0
2,1263,1.0,1.0
2,1264,1.0,1.0
2,1265,1.0,1.0
2,1266,1.0,1.0
2,1267,1.0,1.0
2,1268,1.0,1.0
2,1269,1.0,1.0
2,1270,1.0,1.0
2,1271,1.0,1.0
2,1272,1.0,1.0
2,1273,1.0,1.0
2,1274,1.0,1.0
2,1275,1.0,1.0
2,1276,1.0,1.0
2,1277,1.0,1.0
2,1278,1.0,1.0
2,1279,1.0,1.0
2,1280,1.0,1.0
2,1281,1.0,1.0
2,1282,1.0,1.0
2,1283,1.0,1.0
2,1284,1.0,1.0
2,1285,1.0,1.0
2,1286,1.0,1.0
2,1287,1.0,1.0
2,1288,1.0,1.0
2,1289,1.0,1.0
2,1290,1.0,1.0
2,1291,1.0,1.0
2,1292,1.0,1.0
2,1293,1.0,1.0
2,1294,1.0,1.0
2,1295,1.0,1.0
2,1296,1.0,1.0
2,1297,1.0,1.0
2,1298,1.0,1.0
2,1299,1.0,1.0
2,1300,1.0,1.0
2,1301,0.9996422529220581,0.9996422182468694
2,1302,0.9992843866348267,0.9992844364937388
2,1303,0.9989266395568848,0.9989266547406083
2,1304,0.9985688924789429,0.9985688729874777
2,1305,0.998211145401001,0.998211091234347
2,1306,0.9978532791137695,0.9978533094812164
2,1307,0.9974955320358276,0.9974955277280859
2,1308,0.9971377849578857,0.9971377459749553
2,1309,0.9967799186706543,0.9967799642218247
2,1310,0.9964221715927124,0.9964221824686941
2,1311,0.9960644245147705,0.9960644007155635
2,1312,0.9957066774368286,0.995706618962433
2,1313,0.9953488111495972,0.9953488372093023
2,1314,0.9949910640716553,0.9949910554561717
2,1315,0.9946333169937134,0.9946332737030411
2,1316,0.9942754507064819,0.9942754919499106
2,1317,0.99391770362854,0.99391771019678
2,1318,0.9935599565505981,0.9935599284436494
2,1319,0.9932020902633667,0.9932021466905188
2,1320,0.9928443431854248,0.9928443649373881
2,1321,0.9924865961074829,0.9924865831842576
2,1322,0.992128849029541,0.992128801431127
2,1323,0.9917709827423096,0.9917710196779964
2,1324,0.9914132356643677,0.9914132379248658
2,1325,0.9910554885864258,0.9910554561717353
2,1326,0.9906976222991943,0.9906976744186047
2,1327,0.9903398752212524,0.9903398926654741
2,1328,0.9899821281433105,0.9899821109123434
2,1329,0.9896243810653687,0.9896243291592128
2,1330,0.9892665147781372,0.9892665474060823
2,1331,0.9889087677001953,0.9889087656529517
2,1332,0.9885510206222534,0.9885509838998211
2,1333,0.988193154335022,0.9881932021466905
2,1334,0.9878354072570801,0.98783542039356
2,1335,0.9874776601791382,0.9874776386404294
2,1336,0.9871199131011963,0.9871198568872988
2,1337,0.9867620468139648,0.9867620751341681
2,1338,0.986404299736023,0.9864042933810375
2,1339,0.986046552658081,0.986046511627907
2,1340,0.9856886863708496,0.9856887298747764
2,1341,0.9853309392929077,0.9853309481216458
2,1342,0.9849731922149658,0.9849731663685152
2,1343,0.9846153259277344,0.9846153846153847
2,1344,0.9842575788497925,0.984257602862254
2,1345,0.9838998317718506,0.9838998211091234
2,1346,0.9835420846939087,0.9835420393559928
2,1347,0.9831842184066772,0.9831842576028622
2,1348,0.9828264713287354,0.9828264758497317
2,1349,0.9824687242507935,0.9824686940966011
2,1350,0.982110857963562,0.9821109123434705
2,1351,0.9817531108856201,0.9817531305903399
2,1352,0.9813953638076782,0.9813953488372094
2,1353,0.9810376167297363,0.9810375670840787
2,1354,0.9806797504425049,0.9806797853309481
2,1355,0.980322003364563,0.9803220035778175
2,1356,0.9799642562866211,0.9799642218246869
2,1357,0.9796063899993896,0.9796064400715564
2,1358,0.9792486429214478,0.9792486583184258
2,1359,0.9788908958435059,0.9788908765652952
2,1360,0.978533148765564,0.9785330948121646
2,1361,0.9781752824783325,0.978175313059034
2,1362,0.9778175354003906,0.9778175313059034
2,1363,0.9774597883224487,0.9774597495527728
2,1364,0.9771019220352173,0.9771019677996422
2,1365,0.9767441749572754,0.9767441860465116
2,1366,0.9763864278793335,0.9763864042933811
2,1367,0.9760286808013916,0.9760286225402505
2,1368,0.9756708145141602,0.9756708407871199
2,1369,0.9753130674362183,0.9753130590339892
2,1370,0.9749553203582764,0.9749552772808586
2,1371,0.9745974540710449,0.9745974955277281
2,1372,0.974239706993103,0.9742397137745975
2,1373,0.9738819599151611,0.9738819320214669
2,1374,0.9735240936279297,0.9735241502683363
2,1375,0.9731663465499878,0.9731663685152058
2,1376,0.9728085994720459,0.9728085867620752
2,1377,0.972450852394104,0.9724508050089445
2,1378,0.9720929861068726,0.9720930232558139
2,1379,0.9717352390289307,0.9717352415026833
2,1380,0.9713774919509888,0.9713774597495528
2,1381,0.9710196256637573,0.9710196779964222
2,1382,0.9706618785858154,0.9706618962432916
2,1383,0.9703041315078735,0.970304114490161
2,1384,0.9699463844299316,0.9699463327370305
2,1385,0.9695885181427002,0.9695885509838998
2,1386,0.9692307710647583,0.9692307692307692
2,1387,0.9688730239868164,0.9688729874776386
2,1388,0.968515157699585,0.968515205724508
2,1389,0.9681574106216431,0.9681574239713775
2,1390,0.9677996635437012,0.9677996422182469
2,1391,0.9674419164657593,0.9674418604651163
2,1392,0.9670840501785278,0.9670840787119857
2,1393,0.9667263031005859,0.9667262969588551
2,1394,0.966368556022644,0.9663685152057245
2,1395,0.9660106897354126,0.9660107334525939
2,1396,0.9656529426574707,0.9656529516994633
2,1397,0.9652951955795288,0.9652951699463327
2,1398,0.9649374485015869,0.9649373881932022
2,1399,0.9645795822143555,0.9645796064400716
2,1400,0.9642218351364136,0.964221824686941
2,1401,0.9638640880584717,0.9638640429338103
2,1402,0.9635062217712402,0.9635062611806798
2,1403,0.9631484746932983,0.9631484794275492
2,1404,0.9627907276153564,0.9627906976744186
2,1405,0.962432861328125,0.962432915921288
2,1406,0.9620751142501831,0.9620751341681574
2,1407,0.9617173671722412,0.9617173524150269
2,1408,0.9613596200942993,0.9613595706618963
2,1409,0.9610017538070679,0.9610017889087656
2,1410,0.960644006729126,0.960644007155635
2,1411,0.9602862596511841,0.9602862254025045
2,1412,0.9599283933639526,0.9599284436493739
2,1413,0.9595706462860107,0.9595706618962433
2,1414,0.9592128992080688,0.9592128801431127
2,1415,0.958855152130127,0.9588550983899821
2,1416,0.9584972858428955,0.9584973166368516
2,1417,0.9581395387649536,0.958139534883721
2,1418,0.9577817916870117,0.9577817531305903
2,1419,0.9574239253997803,0.9574239713774597
2,1420,0.9570661783218384,0.9570661896243292
2,1421,0.9567084312438965,0.9567084078711986
2,1422,0.9563506841659546,0.956350626118068
2,1423,0.9559928178787231,0.9559928443649374
2,1424,0.9556350708007812,0.9556350626118068
2,1425,0.9552773237228394,0.9552772808586762
2,1426,0.9549194574356079,0.9549194991055456
2,1427,0.954561710357666,0.954561717352415
2,1428,0.9542039632797241,0.9542039355992844
2,1429,0.9538462162017822,0.9538461538461538
2,1430,0.9534883499145508,0.9534883720930233
2,1431,0.9531306028366089,0.9531305903398927
2,1432,0.952772855758667,0.952772808586762
2,1433,0.9524149894714355,0.9524150268336314
2,1434,0.9520572423934937,0.9520572450805009
2,1435,0.9516994953155518,0.9516994633273703
2,1436,0.9513416290283203,0.9513416815742397
2,1437,0.9509838819503784,0.9509838998211091
2,1438,0.9506261348724365,0.9506261180679785
2,1439,0.9502683877944946,0.950268336314848
2,1440,0.9499105215072632,0.9499105545617174
2,1441,0.9495527744293213,0.9495527728085867
2,1442,0.9491950273513794,0.9491949910554561
2,1443,0.948837161064148,0.9488372093023256
2,1444,0.948479413986206,0.948479427549195
2,1445,0.9481216669082642,0.9481216457960644
2,1446,0.9477639198303223,0.9477638640429338
2,1447,0.9474060535430908,0.9474060822898032
2,1448,0.9470483064651489,0.9470483005366727
2,1449,0.946690559387207,0.946690518783542
2,1450,0.9463326930999756,0.9463327370304114
2,1451,0.9459749460220337,0.9459749552772808
2,1452,0.9456171989440918,0.9456171735241503
2,1453,0.9452593326568604,0.9452593917710197
2,1454,0.9449015855789185,0.9449016100178891
2,1455,0.9445438385009766,0.9445438282647585
2,1456,0.9441860914230347,0.9441860465116279
2,1457,0.9438282251358032,0.9438282647584973
2,1458,0.9434704780578613,0.9434704830053667
2,1459,0.9431127309799194,0.9431127012522361
2,1460,0.942754864692688,0.9427549194991055
2,1461,0.9423971176147461,0.942397137745975
2,1462,0.9420393705368042,0.9420393559928444
2,1463,0.9416816234588623,0.9416815742397138
2,1464,0.9413237571716309,0.9413237924865832
2,1465,0.940966010093689,0.9409660107334525
2,1466,0.9406082630157471,0.940608228980322
2,1467,0.9402503967285156,0.9402504472271914
2,1468,0.9398926496505737,0.9398926654740608
2,1469,0.9395349025726318,0.9395348837209302
2,1470,0.9391771554946899,0.9391771019677997
2,1471,0.9388192892074585,0.9388193202146691
2,1472,0.9384615421295166,0.9384615384615385
2,1473,0.9381037950515747,0.9381037567084078
2,1474,0.9377459287643433,0.9377459749552772
2,1475,0.9373881816864014,0.9373881932021467
2,1476,0.9370304346084595,0.9370304114490161
2,1477,0.9366726875305176,0.9366726296958855
2,1478,0.9363148212432861,0.9363148479427549
2,1479,0.9359570741653442,0.9359570661896244
2,1480,0.9355993270874023,0.9355992844364938
2,1481,0.9352414608001709,0.9352415026833631
2,1482,0.934883713722229,0.9348837209302325
2,1483,0.9345259666442871,0.9345259391771019
2,1484,0.9341681003570557,0.9341681574239714
2,1485,0.9338103532791138,0.9338103756708408
2,1486,0.9334526062011719,0.9334525939177102
2,1487,0.93309485912323,0.9330948121645796
2,1488,0.9327369928359985,0.9327370304114491
2,1489,0.9323792457580566,0.9323792486583184
2,1490,0.9320214986801147,0.9320214669051878
2,1491,0.9316636323928833,0.9316636851520572
2,1492,0.9313058853149414,0.9313059033989266
2,1493,0.9309481382369995,0.9309481216457961
2,1494,0.9305903911590576,0.9305903398926655
2,1495,0.9302325248718262,0.9302325581395349
2,1496,0.9298747777938843,0.9298747763864043
2,1497,0.9295170307159424,0.9295169946332738
2,1498,0.9291591644287109,0.9291592128801431
2,1499,0.928801417350769,0.9288014311270125
2,1500,0.9284436702728271,0.9284436493738819
2,1501,0.9280859231948853,0.9280858676207513
2,1502,0.9277280569076538,0.9277280858676208
2,1503,0.9273703098297119,0.9273703041144902
2,1504,0.92701256275177,0.9270125223613596
2,1505,0.9266546964645386,0.9266547406082289
2,1506,0.9262969493865967,0.9262969588550984
2,1507,0.9259392023086548,0.9259391771019678
2,1508,0.9255814552307129,0.9255813953488372
2,1509,0.9252235889434814,0.9252236135957066
2,1510,0.9248658418655396,0.924865831842576
2,1511,0.9245080947875977,0.9245080500894455
2,1512,0.9241502285003662,0.9241502683363149
2,1513,0.9237924814224243,0.9237924865831842
2,1514,0.9234347343444824,0.9234347048300536
2,1515,0.923076868057251,0.9230769230769231
2,1516,0.9227191209793091,0.9227191413237925
2,1517,0.9223613739013672,0.9223613595706619
2,1518,0.9220036268234253,0.9220035778175313
2,1519,0.9216457605361938,0.9216457960644007
2,1520,0.921288013458252,0.9212880143112702
2,1521,0.9209302663803101,0.9209302325581395
2,1522,0.9205724000930786,0.9205724508050089
2,1523,0.9202146530151367,0.9202146690518783
2,1524,0.9198569059371948,0.9198568872987478
2,1525,0.9194991588592529,0.9194991055456172
2,1526,0.9191412925720215,0.9191413237924866
2,1527,0.9187835454940796,0.918783542039356
2,1528,0.9184257984161377,0.9184257602862254
2,1529,0.9180679321289062,0.9180679785330949
2,1530,0.9177101850509644,0.9177101967799642
2,1531,0.9173524379730225,0.9173524150268336
2,1532,0.9169946908950806,0.916994633273703
2,1533,0.9166368246078491,0.9166368515205725
2,1534,0.9162790775299072,0.9162790697674419
2,1535,0.9159213304519653,0.9159212880143113
2,1536,0.9155634641647339,0.9155635062611807
2,1537,0.915205717086792,0.91520572450805
2,1538,0.9148479700088501,0.9148479427549195
2,1539,0.9144902229309082,0.9144901610017889
2,1540,0.9141323566436768,0.9141323792486583
2,1541,0.9137746095657349,0.9137745974955277
2,1542,0.913416862487793,0.9134168157423972
2,1543,0.9130589962005615,0.9130590339892666
2,1544,0.9127012491226196,0.912701252236136
2,1545,0.9123435020446777,0.9123434704830053
2,1546,0.9119856357574463,0.9119856887298747
2,1547,0.9116278886795044,0.9116279069767442
2,1548,0.9112701416015625,0.9112701252236136
2,1549,0.9109123945236206,0.910912343470483
2,1550,0.9105545282363892,0.9105545617173524
2,1551,0.9101967811584473,0.9101967799642219
2,1552,0.9098390340805054,0.9098389982110913
2,1553,0.9094811677932739,0.9094812164579607
2,1554,0.909123420715332,0.90912343470483
2,1555,0.9087656736373901,0.9087656529516994
2,1556,0.9084079265594482,0.9084078711985689
2,1557,0.9080500602722168,0.9080500894454383
2,1558,0.9076923131942749,0.9076923076923077
2,1559,0.907334566116333,0.9073345259391771
2,1560,0.9069766998291016,0.9069767441860466
2,1561,0.9066189527511597,0.906618962432916
2,1562,0.9062612056732178,0.9062611806797853
2,1563,0.9059033393859863,0.9059033989266547
2,1564,0.9055455923080444,0.9055456171735241
2,1565,0.9051878452301025,0.9051878354203936
2,1566,0.9048300981521606,0.904830053667263
2,1567,0.9044722318649292,0.9044722719141324
2,1568,0.9041144847869873,0.9041144901610018
2,1569,0.9037567377090454,0.9037567084078713
2,1570,0.9033989906311035,0.9033989266547406
2,1571,0.9030411243438721,0.90304114490161
2,1572,0.9026833772659302,0.9026833631484794
2,1573,0.9023256301879883,0.9023255813953488
2,1574,0.9019677639007568,0.9019677996422183
2,1575,0.9016100168228149,0.9016100178890877
2,1576,0.901252269744873,0.9012522361359571
2,1577,0.9008944034576416,0.9008944543828264
2,1578,0.9005366563796997,0.900536672629696
2,1579,0.9001789093017578,0.9001788908765653
2,1580,0.8998211622238159,0.8998211091234347
2,1581,0.8994632959365845,0.8994633273703041
2,1582,0.8991055488586426,0.8991055456171735
2,1583,0.8987478017807007,0.898747763864043
2,1584,0.8983899354934692,0.8983899821109124
2,1585,0.8980321884155273,0.8980322003577818
2,1586,0.8976744413375854,0.8976744186046511
2,1587,0.8973166942596436,0.8973166368515206
2,1588,0.8969588279724121,0.89695885509839
2,1589,0.8966010808944702,0.8966010733452594
2,1590,0.8962433338165283,0.8962432915921288
2,1591,0.8958854675292969,0.8958855098389982
2,1592,0.895527720451355,0.8955277280858677
2,1593,0.8951699733734131,0.895169946332737
2,1594,0.8948121070861816,0.8948121645796064
2,1595,0.8944543600082397,0.8944543828264758
2,1596,0.8940966129302979,0.8940966010733453
2,1597,0.893738865852356,0.8937388193202147
2,1598,0.8933809995651245,0.8933810375670841
2,1599,0.8930232524871826,0.8930232558139535
2,1600,0.8926655054092407,0.8926654740608229
2,1601,0.8923077583312988,0.8923076923076922
2,1602,0.8919498920440674,0.8919499105545617
2,1603,0.8915921449661255,0.8915921288014311
2,1604,0.8912343978881836,0.8912343470483005
2,1605,0.8908765316009521,0.89087656529517
2,1606,0.8905187845230103,0.8905187835420394
2,1607,0.8901610374450684,0.8901610017889088
2,1608,0.8898031711578369,0.8898032200357782
2,1609,0.889445424079895,0.8894454382826475
2,1610,0.8890876770019531,0.8890876565295169
2,1611,0.8887299299240112,0.8887298747763864
2,1612,0.8883720636367798,0.8883720930232558
2,1613,0.8880143165588379,0.8880143112701252
2,1614,0.887656569480896,0.8876565295169946
2,1615,0.8872987031936646,0.8872987477638641
2,1616,0.8869409561157227,0.8869409660107335
2,1617,0.8865832090377808,0.8865831842576029
2,1618,0.8862254619598389,0.8862254025044722
2,1619,0.8858675956726074,0.8858676207513416
2,1620,0.8855098485946655,0.8855098389982111
2,1621,0.8851521015167236,0.8851520572450805
2,1622,0.8847942352294922,0.8847942754919499
2,1623,0.8844364881515503,0.8844364937388193
2,1624,0.8840787410736084,0.8840787119856888
2,1625,0.883720874786377,0.8837209302325582
2,1626,0.8833631277084351,0.8833631484794275
2,1627,0.8830053806304932,0.8830053667262969
2,1628,0.8826476335525513,0.8826475849731663
2,1629,0.8822897672653198,0.8822898032200358
2,1630,0.8819320201873779,0.8819320214669052
2,1631,0.881574273109436,0.8815742397137746
2,1632,0.8812164068222046,0.881216457960644
2,1633,0.8808586597442627,0.8808586762075135
2,1634,0.8805009126663208,0.8805008944543828
2,1635,0.8801431655883789,0.8801431127012522
2,1636,0.8797852993011475,0.8797853309481216
2,1637,0.8794275522232056,0.879427549194991
2,1638,0.8790698051452637,0.8790697674418605
2,1639,0.8787119388580322,0.8787119856887299
2,1640,0.8783541917800903,0.8783542039355993
2,1641,0.8779964447021484,0.8779964221824686
2,1642,0.8776386976242065,0.8776386404293381
2,1643,0.8772808313369751,0.8772808586762075
2,1644,0.8769230842590332,0.8769230769230769
2,1645,0.8765653371810913,0.8765652951699463
2,1646,0.8762074708938599,0.8762075134168157
2,1647,0.875849723815918,0.8758497316636852
2,1648,0.8754919767379761,0.8754919499105546
2,1649,0.8751342296600342,0.875134168157424
2,1650,0.8747763633728027,0.8747763864042934
2,1651,0.8744186162948608,0.8744186046511628
2,1652,0.874060869216919,0.8740608228980322
2,1653,0.8737030029296875,0.8737030411449016
2,1654,0.8733452558517456,0.873345259391771
2,1655,0.8729875087738037,0.8729874776386404
2,1656,0.8726296424865723,0.8726296958855099
2,1657,0.8722718954086304,0.8722719141323793
2,1658,0.8719141483306885,0.8719141323792486
2,1659,0.8715564012527466,0.8715563506261181
2,1660,0.8711985349655151,0.8711985688729875
2,1661,0.8708407878875732,0.8708407871198569
2,1662,0.8704830408096313,0.8704830053667263
2,1663,0.8701252937316895,0.8701252236135957
2,1664,0.869767427444458,0.8697674418604651
2,1665,0.8694096803665161,0.8694096601073346
2,1666,0.8690519332885742,0.8690518783542039
2,1667,0.8686940670013428,0.8686940966010733
2,1668,0.8683363199234009,0.8683363148479427
2,1669,0.867978572845459,0.8679785330948122
2,1670,0.8676207065582275,0.8676207513416816
2,1671,0.8672629594802856,0.867262969588551
2,1672,0.8669052124023438,0.8669051878354204
2,1673,0.8665473461151123,0.8665474060822898
2,1674,0.8661895990371704,0.8661896243291592
2,1675,0.8658318519592285,0.8658318425760286
2,1676,0.8654741048812866,0.865474060822898
2,1677,0.8651162385940552,0.8651162790697674
2,1678,0.8647584915161133,0.8647584973166369
2,1679,0.8644007444381714,0.8644007155635063
2,1680,0.8640429973602295,0.8640429338103757
2,1681,0.863685131072998,0.863685152057245
2,1682,0.8633273839950562,0.8633273703041144
2,1683,0.8629696369171143,0.8629695885509839
2,1684,0.8626117706298828,0.8626118067978533
2,1685,0.8622540235519409,0.8622540250447227
2,1686,0.861896276473999,0.8618962432915921
2,1687,0.8615384101867676,0.8615384615384616
2,1688,0.8611806631088257,0.861180679785331
2,1689,0.8608229160308838,0.8608228980322004
2,1690,0.8604651689529419,0.8604651162790697
2,1691,0.8601073026657104,0.8601073345259391
2,1692,0.8597495555877686,0.8597495527728086
2,1693,0.8593918085098267,0.859391771019678
2,1694,0.8590339422225952,0.8590339892665474
2,1695,0.8586761951446533,0.8586762075134168
2,1696,0.8583184480667114,0.8583184257602863
2,1697,0.8579607009887695,0.8579606440071557
2,1698,0.8576028347015381,0.857602862254025
2,1699,0.8572450876235962,0.8572450805008944
2,1700,0.8568873405456543,0.8568872987477638
2,1701,0.8565294742584229,0.8565295169946333
2,1702,0.856171727180481,0.8561717352415027
2,1703,0.8558139801025391,0.8558139534883721
2,1704,0.8554561138153076,0.8554561717352415
2,1705,0.8550983667373657,0.855098389982111
2,1706,0.8547406196594238,0.8547406082289803
2,1707,0.8543828725814819,0.8543828264758497
2,1708,0.8540250062942505,0.8540250447227191
2,1709,0.8536672592163086,0.8536672629695885
2,1710,0.8533095121383667,0.853309481216458
2,1711,0.8529517650604248,0.8529516994633274
2,1712,0.8525938987731934,0.8525939177101968
2,1713,0.8522361516952515,0.8522361359570662
2,1714,0.8518784046173096,0.8518783542039357
2,1715,0.8515205383300781,0.851520572450805
2,1716,0.8511627912521362,0.8511627906976744
2,1717,0.8508050441741943,0.8508050089445438
2,1718,0.8504471778869629,0.8504472271914132
2,1719,0.850089430809021,0.8500894454382827
2,1720,0.8497316837310791,0.8497316636851521
2,1721,0.8493739366531372,0.8493738819320215
2,1722,0.8490160703659058,0.8490161001788908
2,1723,0.8486583232879639,0.8486583184257603
2,1724,0.848300576210022,0.8483005366726297
2,1725,0.8479427099227905,0.8479427549194991
2,1726,0.8475849628448486,0.8475849731663685
2,1727,0.8472272157669067,0.8472271914132379
2,1728,0.8468694686889648,0.8468694096601074
2,1729,0.8465116024017334,0.8465116279069768
2,1730,0.8461538553237915,0.8461538461538461
2,1731,0.8457961082458496,0.8457960644007155
2,1732,0.8454382419586182,0.845438282647585
2,1733,0.8450804948806763,0.8450805008944544
2,1734,0.8447227478027344,0.8447227191413238
2,1735,0.8443648815155029,0.8443649373881932
2,1736,0.844007134437561,0.8440071556350626
2,1737,0.8436493873596191,0.843649373881932
2,1738,0.8432916402816772,0.8432915921288014
2,1739,0.8429337739944458,0.8429338103756708
2,1740,0.8425760269165039,0.8425760286225402
2,1741,0.842218279838562,0.8422182468694097
2,1742,0.8418605327606201,0.8418604651162791
2,1743,0.8415026664733887,0.8415026833631485
2,1744,0.8411449193954468,0.8411449016100179
2,1745,0.8407871723175049,0.8407871198568873
2,1746,0.8404293060302734,0.8404293381037566
2,1747,0.8400715589523315,0.8400715563506261
2,1748,0.8397138118743896,0.8397137745974955
2,1749,0.8393559455871582,0.8393559928443649
2,1750,0.8389981985092163,0.8389982110912344
2,1751,0.8386404514312744,0.8386404293381038
2,1752,0.8382827043533325,0.8382826475849732
2,1753,0.8379248380661011,0.8379248658318426
2,1754,0.8375670909881592,0.8375670840787119
2,1755,0.8372093439102173,0.8372093023255813
2,1756,0.8368514776229858,0.8368515205724508
2,1757,0.836493730545044,0.8364937388193202
2,1758,0.836135983467102,0.8361359570661896
2,1759,0.8357782363891602,0.8357781753130591
2,1760,0.8354203701019287,0.8354203935599285
2,1761,0.8350626230239868,0.8350626118067979
2,1762,0.8347048759460449,0.8347048300536672
2,1763,0.8343470096588135,0.8343470483005366
2,1764,0.8339892625808716,0.833989266547406
2,1765,0.8336315155029297,0.8336314847942755
2,1766,0.8332736492156982,0.8332737030411449
2,1767,0.8329159021377563,0.8329159212880143
2,1768,0.8325581550598145,0.8325581395348838
2,1769,0.8322004079818726,0.8322003577817532
2,1770,0.8318425416946411,0.8318425760286225
2,1771,0.8314847946166992,0.8314847942754919
2,1772,0.8311270475387573,0.8311270125223613
2,1773,0.8307693004608154,0.8307692307692307
2,1774,0.830411434173584,0.8304114490161002
2,1775,0.8300536870956421,0.8300536672629696
2,1776,0.8296959400177002,0.829695885509839
2,1777,0.8293380737304688,0.8293381037567085
2,1778,0.8289803266525269,0.8289803220035779
2,1779,0.828622579574585,0.8286225402504472
2,1780,0.8282647132873535,0.8282647584973166
2,1781,0.8279069662094116,0.827906976744186
2,1782,0.8275492191314697,0.8275491949910554
2,1783,0.8271913528442383,0.8271914132379249
2,1784,0.8268336057662964,0.8268336314847943
2,1785,0.8264758586883545,0.8264758497316637
2,1786,0.8261181116104126,0.8261180679785332
2,1787,0.8257602453231812,0.8257602862254025
2,1788,0.8254024982452393,0.8254025044722719
2,1789,0.8250447511672974,0.8250447227191413
2,1790,0.8246870040893555,0.8246869409660107
2,1791,0.824329137802124,0.8243291592128801
2,1792,0.8239713907241821,0.8239713774597496
2,1793,0.8236136436462402,0.823613595706619
2,1794,0.8232557773590088,0.8232558139534883
2,1795,0.8228980302810669,0.8228980322003578
2,1796,0.822540283203125,0.8225402504472272
2,1797,0.8221824169158936,0.8221824686940966
2,1798,0.8218246698379517,0.821824686940966
2,1799,0.8214669227600098,0.8214669051878354
2,1800,0.8211091756820679,0.8211091234347048
2,1801,0.8207513093948364,0.8207513416815743
2,1802,0.8203935623168945,0.8203935599284436
2,1803,0.8200358152389526,0.820035778175313
2,1804,0.8196780681610107,0.8196779964221825
2,1805,0.8193202018737793,0.8193202146690519
2,1806,0.8189624547958374,0.8189624329159213
2,1807,0.8186047077178955,0.8186046511627907
2,1808,0.8182468414306641,0.8182468694096601
2,1809,0.8178890943527222,0.8178890876565295
2,1810,0.8175313472747803,0.817531305903399
2,1811,0.8171734809875488,0.8171735241502683
2,1812,0.8168157339096069,0.8168157423971377
2,1813,0.816457986831665,0.8164579606440072
2,1814,0.8161001205444336,0.8161001788908766
2,1815,0.8157423734664917,0.815742397137746
2,1816,0.8153846263885498,0.8153846153846154
2,1817,0.8150268793106079,0.8150268336314848
2,1818,0.8146690130233765,0.8146690518783541
2,1819,0.8143112659454346,0.8143112701252236
2,1820,0.8139535188674927,0.813953488372093
2,1821,0.8135957717895508,0.8135957066189624
2,1822,0.8132379055023193,0.8132379248658319
2,1823,0.8128801584243774,0.8128801431127013
2,1824,0.8125224113464355,0.8125223613595707
2,1825,0.8121645450592041,0.8121645796064401
2,1826,0.8118067979812622,0.8118067978533094
2,1827,0.8114490509033203,0.8114490161001788
2,1828,0.8110911846160889,0.8110912343470483
2,1829,0.810733437538147,0.8107334525939177
2,1830,0.8103756904602051,0.8103756708407871
2,1831,0.8100179433822632,0.8100178890876566
2,1832,0.8096600770950317,0.809660107334526
2,1833,0.8093023300170898,0.8093023255813954
2,1834,0.808944582939148,0.8089445438282648
2,1835,0.8085867166519165,0.8085867620751341
2,1836,0.8082289695739746,0.8082289803220035
2,1837,0.8078712224960327,0.807871198568873
2,1838,0.8075134754180908,0.8075134168157424
2,1839,0.8071556091308594,0.8071556350626118
2,1840,0.8067978620529175,0.8067978533094813
2,1841,0.8064401149749756,0.8064400715563507
2,1842,0.8060822486877441,0.80608228980322
2,1843,0.8057245016098022,0.8057245080500894
2,1844,0.8053667545318604,0.8053667262969588
2,1845,0.8050088882446289,0.8050089445438282
2,1846,0.804651141166687,0.8046511627906977
2,1847,0.8042933940887451,0.8042933810375671
2,1848,0.8039356470108032,0.8039355992844365
2,1849,0.8035777807235718,0.803577817531306
2,1850,0.8032200336456299,0.8032200357781754
2,1851,0.802862286567688,0.8028622540250447
2,1852,0.8025045394897461,0.8025044722719141
2,1853,0.8021466732025146,0.8021466905187835
2,1854,0.8017889261245728,0.8017889087656529
2,1855,0.8014311790466309,0.8014311270125224
2,1856,0.8010733127593994,0.8010733452593918
2,1857,0.8007155656814575,0.8007155635062612
2,1858,0.8003578186035156,0.8003577817531307
2,1859,0.7999999523162842,0.8
2,1860,0.7996422052383423,0.7996422182468694
2,1861,0.7992844581604004,0.7992844364937388
2,1862,0.7989267110824585,0.7989266547406082
2,1863,0.798568844795227,0.7985688729874776
2,1864,0.7982110977172852,0.7982110912343471
2,1865,0.7978533506393433,0.7978533094812165
2,1866,0.7974954843521118,0.7974955277280859
2,1867,0.7971377372741699,0.7971377459749552
2,1868,0.796779990196228,0.7967799642218247
2,1869,0.7964222431182861,0.7964221824686941
2,1870,0.7960643768310547,0.7960644007155635
2,1871,0.7957066297531128,0.7957066189624329
2,1872,0.7953488826751709,0.7953488372093023
2,1873,0.7949910163879395,0.7949910554561718
2,1874,0.7946332693099976,0.7946332737030412
2,1875,0.7942755222320557,0.7942754919499105
2,1876,0.7939176559448242,0.7939177101967799
2,1877,0.7935599088668823,0.7935599284436494
2,1878,0.7932021617889404,0.7932021466905188
2,1879,0.7928444147109985,0.7928443649373882
2,1880,0.7924865484237671,0.7924865831842576
2,1881,0.7921288013458252,0.792128801431127
2,1882,0.7917710542678833,0.7917710196779965
2,1883,0.7914133071899414,0.7914132379248658
2,1884,0.79105544090271,0.7910554561717352
2,1885,0.7906976938247681,0.7906976744186046
2,1886,0.7903399467468262,0.7903398926654741
2,1887,0.7899820804595947,0.7899821109123435
2,1888,0.7896243333816528,0.7896243291592129
2,1889,0.7892665863037109,0.7892665474060823
2,1890,0.7889087200164795,0.7889087656529516
2,1891,0.7885509729385376,0.7885509838998211
2,1892,0.7881932258605957,0.7881932021466905
2,1893,0.7878354787826538,0.7878354203935599
2,1894,0.7874776124954224,0.7874776386404293
2,1895,0.7871198654174805,0.7871198568872988
2,1896,0.7867621183395386,0.7867620751341682
2,1897,0.7864042520523071,0.7864042933810376
2,1898,0.7860465049743652,0.786046511627907
2,1899,0.7856887578964233,0.7856887298747763
2,1900,0.7853310108184814,0.7853309481216458
2,1901,0.78497314453125,0.7849731663685152
2,1902,0.7846153974533081,0.7846153846153846
2,1903,0.7842576503753662,0.784257602862254
2,1904,0.7838997840881348,0.7838998211091235
2,1905,0.7835420370101929,0.7835420393559929
2,1906,0.783184289932251,0.7831842576028623
2,1907,0.7828264236450195,0.7828264758497316
2,1908,0.7824686765670776,0.782468694096601
2,1909,0.7821109294891357,0.7821109123434705
2,1910,0.7817531824111938,0.7817531305903399
2,1911,0.7813953161239624,0.7813953488372093
2,1912,0.7810375690460205,0.7810375670840787
2,1913,0.7806798219680786,0.7806797853309482
2,1914,0.7803220748901367,0.7803220035778176
2,1915,0.7799642086029053,0.7799642218246869
2,1916,0.7796064615249634,0.7796064400715563
2,1917,0.7792487144470215,0.7792486583184257
2,1918,0.77889084815979,0.7788908765652952
2,1919,0.7785331010818481,0.7785330948121646
2,1920,0.7781753540039062,0.778175313059034
2,1921,0.7778174877166748,0.7778175313059034
2,1922,0.7774597406387329,0.7774597495527729
2,1923,0.777101993560791,0.7771019677996422
2,1924,0.7767441272735596,0.7767441860465116
2,1925,0.7763863801956177,0.776386404293381
2,1926,0.7760286331176758,0.7760286225402504
2,1927,0.7756708860397339,0.7756708407871199
2,1928,0.7753130197525024,0.7753130590339893
2,1929,0.7749552726745605,0.7749552772808587
2,1930,0.7745975255966187,0.774597495527728
2,1931,0.7742397785186768,0.7742397137745975
2,1932,0.7738819122314453,0.7738819320214669
2,1933,0.7735241651535034,0.7735241502683363
2,1934,0.7731664180755615,0.7731663685152057
2,1935,0.7728085517883301,0.7728085867620751
2,1936,0.7724508047103882,0.7724508050089446
2,1937,0.7720930576324463,0.772093023255814
2,1938,0.7717351913452148,0.7717352415026834
2,1939,0.771377444267273,0.7713774597495527
2,1940,0.771019697189331,0.7710196779964222
2,1941,0.7706619501113892,0.7706618962432916
2,1942,0.7703040838241577,0.770304114490161
2,1943,0.7699463367462158,0.7699463327370304
2,1944,0.7695885896682739,0.7695885509838998
2,1945,0.769230842590332,0.7692307692307692
2,1946,0.7688729763031006,0.7688729874776387
2,1947,0.7685152292251587,0.768515205724508
2,1948,0.7681574821472168,0.7681574239713774
2,1949,0.7677996158599854,0.7677996422182469
2,1950,0.7674418687820435,0.7674418604651163
2,1951,0.7670841217041016,0.7670840787119857
2,1952,0.7667262554168701,0.7667262969588551
2,1953,0.7663685083389282,0.7663685152057245
2,1954,0.7660107612609863,0.7660107334525939
2,1955,0.7656528949737549,0.7656529516994633
2,1956,0.765295147895813,0.7652951699463327
2,1957,0.7649374008178711,0.7649373881932021
2,1958,0.7645796537399292,0.7645796064400716
2,1959,0.7642217874526978,0.764221824686941
2,1960,0.7638640403747559,0.7638640429338104
2,1961,0.763506293296814,0.7635062611806798
2,1962,0.7631485462188721,0.7631484794275492
2,1963,0.7627906799316406,0.7627906976744185
2,1964,0.7624329328536987,0.762432915921288
2,1965,0.7620751857757568,0.7620751341681574
2,1966,0.7617173194885254,0.7617173524150268
2,1967,0.7613595724105835,0.7613595706618963
2,1968,0.7610018253326416,0.7610017889087657
2,1969,0.7606439590454102,0.7606440071556351
2,1970,0.7602862119674683,0.7602862254025045
2,1971,0.7599284648895264,0.7599284436493738
2,1972,0.7595707178115845,0.7595706618962432
2,1973,0.759212851524353,0.7592128801431127
2,1974,0.7588551044464111,0.7588550983899821
2,1975,0.7584973573684692,0.7584973166368515
2,1976,0.7581396102905273,0.758139534883721
2,1977,0.7577817440032959,0.7577817531305904
2,1978,0.757423996925354,0.7574239713774598
2,1979,0.7570662498474121,0.7570661896243291
2,1980,0.7567083835601807,0.7567084078711985
2,1981,0.7563506364822388,0.7563506261180679
2,1982,0.7559928894042969,0.7559928443649374
2,1983,0.7556350231170654,0.7556350626118068
2,1984,0.7552772760391235,0.7552772808586762
2,1985,0.7549195289611816,0.7549194991055457
2,1986,0.7545616626739502,0.7545617173524151
2,1987,0.7542039155960083,0.7542039355992844
2,1988,0.7538461685180664,0.7538461538461538
2,1989,0.7534884214401245,0.7534883720930232
2,1990,0.7531305551528931,0.7531305903398926
2,1991,0.7527728080749512,0.7527728085867621
2,1992,0.7524150609970093,0.7524150268336315
2,1993,0.7520573139190674,0.7520572450805009
2,1994,0.7516994476318359,0.7516994633273704
2,1995,0.751341700553894,0.7513416815742398
2,1996,0.7509839534759521,0.7509838998211091
2,1997,0.7506260871887207,0.7506261180679785
2,1998,0.7502683401107788,0.7502683363148479
2,1999,0.7499105930328369,0.7499105545617173
2,2000,0.7495527267456055,0.7495527728085868
2,2001,0.7491949796676636,0.7491949910554562
2,2002,0.7488372325897217,0.7488372093023256
2,2003,0.7484793663024902,0.748479427549195
2,2004,0.7481216192245483,0.7481216457960644
2,2005,0.7477638721466064,0.7477638640429338
2,2006,0.7474061250686646,0.7474060822898032
2,2007,0.7470483779907227,0.7470483005366726
2,2008,0.7466905117034912,0.746690518783542
2,2009,0.7463327646255493,0.7463327370304115
2,2010,0.7459750175476074,0.7459749552772809
2,2011,0.745617151260376,0.7456171735241502
2,2012,0.7452594041824341,0.7452593917710197
2,2013,0.7449016571044922,0.7449016100178891
2,2014,0.7445437908172607,0.7445438282647585
2,2015,0.7441860437393188,0.7441860465116279
2,2016,0.743828296661377,0.7438282647584973
2,2017,0.7434704303741455,0.7434704830053667
2,2018,0.7431126832962036,0.7431127012522362
2,2019,0.7427549362182617,0.7427549194991055
2,2020,0.7423971891403198,0.7423971377459749
2,2021,0.7420393228530884,0.7420393559928444
2,2022,0.7416815757751465,0.7416815742397138
2,2023,0.7413238286972046,0.7413237924865832
2,2024,0.7409660816192627,0.7409660107334526
2,2025,0.7406082153320312,0.740608228980322
2,2026,0.7402504682540894,0.7402504472271914
2,2027,0.7398927211761475,0.7398926654740607
2,2028,0.739534854888916,0.7395348837209302
2,2029,0.7391771078109741,0.7391771019677996
2,2030,0.7388193607330322,0.7388193202146691
2,2031,0.7384614944458008,0.7384615384615385
2,2032,0.7381037473678589,0.7381037567084079
2,2033,0.737746000289917,0.7377459749552773
2,2034,0.7373881340026855,0.7373881932021467
2,2035,0.7370303869247437,0.737030411449016
2,2036,0.7366726398468018,0.7366726296958854
2,2037,0.7363148927688599,0.7363148479427549
2,2038,0.735957145690918,0.7359570661896243
2,2039,0.7355992794036865,0.7355992844364938
2,2040,0.7352415323257446,0.7352415026833632
2,2041,0.7348837852478027,0.7348837209302326
2,2042,0.7345259189605713,0.734525939177102
2,2043,0.7341681718826294,0.7341681574239713
2,2044,0.7338104248046875,0.7338103756708407
2,2045,0.733452558517456,0.7334525939177101
2,2046,0.7330948114395142,0.7330948121645796
2,2047,0.7327370643615723,0.732737030411449
2,2048,0.7323791980743408,0.7323792486583185
2,2049,0.7320214509963989,0.7320214669051879
2,2050,0.731663703918457,0.7316636851520573
2,2051,0.7313059568405151,0.7313059033989266
2,2052,0.7309480905532837,0.730948121645796
2,2053,0.7305903434753418,0.7305903398926654
2,2054,0.7302325963973999,0.7302325581395348
2,2055,0.729874849319458,0.7298747763864043
2,2056,0.7295169830322266,0.7295169946332737
2,2057,0.7291592359542847,0.7291592128801432
2,2058,0.7288014888763428,0.7288014311270126
2,2059,0.7284436225891113,0.728443649373882
2,2060,0.7280858755111694,0.7280858676207513
2,2061,0.7277281284332275,0.7277280858676207
2,2062,0.7273702621459961,0.7273703041144901
2,2063,0.7270125150680542,0.7270125223613595
2,2064,0.7266547679901123,0.726654740608229
2,2065,0.7262969017028809,0.7262969588550984
2,2066,0.725939154624939,0.7259391771019679
2,2067,0.7255814075469971,0.7255813953488373
2,2068,0.7252236604690552,0.7252236135957066
2,2069,0.7248659133911133,0.724865831842576
2,2070,0.7245080471038818,0.7245080500894454
2,2071,0.7241503000259399,0.7241502683363148
2,2072,0.723792552947998,0.7237924865831842
2,2073,0.7234346866607666,0.7234347048300537
2,2074,0.7230769395828247,0.7230769230769231
2,2075,0.7227191925048828,0.7227191413237926
2,2076,0.7223613262176514,0.7223613595706619
2,2077,0.7220035791397095,0.7220035778175313
2,2078,0.7216458320617676,0.7216457960644007
2,2079,0.7212879657745361,0.7212880143112701
2,2080,0.7209302186965942,0.7209302325581395
2,2081,0.7205724716186523,0.7205724508050089
2,2082,0.7202146053314209,0.7202146690518784
2,2083,0.719856858253479,0.7198568872987477
2,2084,0.7194991111755371,0.7194991055456172
2,2085,0.7191413640975952,0.7191413237924866
2,2086,0.7187836170196533,0.718783542039356
2,2087,0.7184257507324219,0.7184257602862254
2,2088,0.71806800365448,0.7180679785330948
2,2089,0.7177102565765381,0.7177101967799642
2,2090,0.7173523902893066,0.7173524150268336
2,2091,0.7169946432113647,0.716994633273703
2,2092,0.7166368961334229,0.7166368515205724
2,2093,0.7162790298461914,0.7162790697674419
2,2094,0.7159212827682495,0.7159212880143113
2,2095,0.7155635356903076,0.7155635062611807
2,2096,0.7152056694030762,0.7152057245080501
2,2097,0.7148479223251343,0.7148479427549195
2,2098,0.7144901752471924,0.7144901610017889
2,2099,0.7141324281692505,0.7141323792486582
2,2100,0.7137746810913086,0.7137745974955277
2,2101,0.7134168148040771,0.7134168157423971
2,2102,0.7130590677261353,0.7130590339892666
2,2103,0.7127013206481934,0.712701252236136
2,2104,0.7123434543609619,0.7123434704830054
2,2105,0.71198570728302,0.7119856887298748
2,2106,0.7116279602050781,0.7116279069767442
2,2107,0.7112700939178467,0.7112701252236135
2,2108,0.7109123468399048,0.7109123434704829
2,2109,0.7105545997619629,0.7105545617173524
2,2110,0.7101967334747314,0.7101967799642218
2,2111,0.7098389863967896,0.7098389982110913
2,2112,0.7094812393188477,0.7094812164579607
2,2113,0.7091233730316162,0.7091234347048301
2,2114,0.7087656259536743,0.7087656529516995
2,2115,0.7084078788757324,0.7084078711985689
2,2116,0.7080501317977905,0.7080500894454382
2,2117,0.7076923847198486,0.7076923076923076
2,2118,0.7073345184326172,0.7073345259391771
2,2119,0.7069767713546753,0.7069767441860465
2,2120,0.7066190242767334,0.706618962432916
2,2121,0.706261157989502,0.7062611806797854
2,2122,0.7059034109115601,0.7059033989266548
2,2123,0.7055456638336182,0.7055456171735242
2,2124,0.7051877975463867,0.7051878354203935
2,2125,0.7048300504684448,0.7048300536672629
2,2126,0.7044723033905029,0.7044722719141323
2,2127,0.7041144371032715,0.7041144901610018
2,2128,0.7037566900253296,0.7037567084078712
2,2129,0.7033989429473877,0.7033989266547407
2,2130,0.7030411958694458,0.7030411449016101
2,2131,0.7026833295822144,0.7026833631484795
2,2132,0.7023255825042725,0.7023255813953488
2,2133,0.7019678354263306,0.7019677996422182
2,2134,0.7016100883483887,0.7016100178890876
2,2135,0.7012522220611572,0.701252236135957
2,2136,0.7008944749832153,0.7008944543828265
2,2137,0.7005367279052734,0.7005366726296959
2,2138,0.700178861618042,0.7001788908765654
2,2139,0.6998211145401001,0.6998211091234348
2,2140,0.6994633674621582,0.6994633273703041
2,2141,0.6991055011749268,0.6991055456171735
2,2142,0.6987477540969849,0.6987477638640429
2,2143,0.698390007019043,0.6983899821109123
2,2144,0.6980321407318115,0.6980322003577817
2,2145,0.6976743936538696,0.6976744186046512
2,2146,0.6973166465759277,0.6973166368515206
2,2147,0.6969588994979858,0.6969588550983901
2,2148,0.696601152420044,0.6966010733452594
2,2149,0.6962432861328125,0.6962432915921288
2,2150,0.6958855390548706,0.6958855098389982
2,2151,0.6955277919769287,0.6955277280858676
2,2152,0.6951699256896973,0.695169946332737
2,2153,0.6948121786117554,0.6948121645796064
2,2154,0.6944544315338135,0.6944543828264759
2,2155,0.694096565246582,0.6940966010733453
2,2156,0.6937388181686401,0.6937388193202148
2,2157,0.6933810710906982,0.6933810375670841
2,2158,0.6930232048034668,0.6930232558139535
2,2159,0.6926654577255249,0.6926654740608229
2,2160,0.692307710647583,0.6923076923076923
2,2161,0.6919499635696411,0.6919499105545617
2,2162,0.6915920972824097,0.6915921288014311
2,2163,0.6912343502044678,0.6912343470483006
2,2164,0.6908766031265259,0.6908765652951699
2,2165,0.690518856048584,0.6905187835420394
2,2166,0.6901609897613525,0.6901610017889088
2,2167,0.6898032426834106,0.6898032200357782
2,2168,0.6894454956054688,0.6894454382826476
2,2169,0.6890876293182373,0.689087656529517
2,2170,0.6887298822402954,0.6887298747763864
2,2171,0.6883721351623535,0.6883720930232557
2,2172,0.6880142688751221,0.6880143112701252
2,2173,0.6876565217971802,0.6876565295169946
2,2174,0.6872987747192383,0.687298747763864
2,2175,0.6869409084320068,0.6869409660107335
2,2176,0.6865831613540649,0.6865831842576029
2,2177,0.686225414276123,0.6862254025044723
2,2178,0.6858676671981812,0.6858676207513417
2,2179,0.6855099201202393,0.685509838998211
2,2180,0.6851520538330078,0.6851520572450804
2,2181,0.6847943067550659,0.6847942754919499
2,2182,0.684436559677124,0.6844364937388193
2,2183,0.6840786933898926,0.6840787119856887
2,2184,0.6837209463119507,0.6837209302325582
2,2185,0.6833631992340088,0.6833631484794276
2,2186,0.6830053329467773,0.683005366726297
2,2187,0.6826475858688354,0.6826475849731664
2,2188,0.6822898387908936,0.6822898032200357
2,2189,0.6819319725036621,0.6819320214669051
2,2190,0.6815742254257202,0.6815742397137746
2,2191,0.6812164783477783,0.681216457960644
2,2192,0.6808587312698364,0.6808586762075134
2,2193,0.680500864982605,0.6805008944543829
2,2194,0.6801431179046631,0.6801431127012523
2,2195,0.6797853708267212,0.6797853309481217
2,2196,0.6794276237487793,0.679427549194991
2,2197,0.6790697574615479,0.6790697674418604
2,2198,0.678712010383606,0.6787119856887298
2,2199,0.6783542633056641,0.6783542039355993
2,2200,0.6779963970184326,0.6779964221824687
2,2201,0.6776386499404907,0.6776386404293381
2,2202,0.6772809028625488,0.6772808586762076
2,2203,0.6769230365753174,0.676923076923077
2,2204,0.6765652894973755,0.6765652951699463
2,2205,0.6762075424194336,0.6762075134168157
2,2206,0.6758496761322021,0.6758497316636851
2,2207,0.6754919290542603,0.6754919499105545
2,2208,0.6751341819763184,0.675134168157424
2,2209,0.6747764348983765,0.6747763864042934
2,2210,0.6744186878204346,0.6744186046511628
2,2211,0.6740608215332031,0.6740608228980323
2,2212,0.6737030744552612,0.6737030411449016
2,2213,0.6733453273773193,0.673345259391771
2,2214,0.6729874610900879,0.6729874776386404
2,2215,0.672629714012146,0.6726296958855098
2,2216,0.6722719669342041,0.6722719141323792
2,2217,0.6719141006469727,0.6719141323792487
2,2218,0.6715563535690308,0.6715563506261181
2,2219,0.6711986064910889,0.6711985688729875
2,2220,0.6708407402038574,0.670840787119857
2,2221,0.6704829931259155,0.6704830053667263
2,2222,0.6701252460479736,0.6701252236135957
2,2223,0.6697673797607422,0.6697674418604651
2,2224,0.6694096326828003,0.6694096601073345
2,2225,0.6690518856048584,0.6690518783542039
2,2226,0.6686941385269165,0.6686940966010733
2,2227,0.6683363914489746,0.6683363148479428
2,2228,0.6679785251617432,0.6679785330948121
2,2229,0.6676207780838013,0.6676207513416816
2,2230,0.6672630310058594,0.667262969588551
2,2231,0.6669051647186279,0.6669051878354204
2,2232,0.666547417640686,0.6665474060822898
2,2233,0.6661896705627441,0.6661896243291592
2,2234,0.6658318042755127,0.6658318425760286
2,2235,0.6654740571975708,0.665474060822898
2,2236,0.6651163101196289,0.6651162790697674
2,2237,0.6647584438323975,0.6647584973166368
2,2238,0.6644006967544556,0.6644007155635063
2,2239,0.6640429496765137,0.6640429338103757
2,2240,0.6636852025985718,0.6636851520572451
2,2241,0.6633274555206299,0.6633273703041145
2,2242,0.6629695892333984,0.6629695885509839
2,2243,0.6626118421554565,0.6626118067978533
2,2244,0.6622540950775146,0.6622540250447226
2,2245,0.6618962287902832,0.6618962432915921
2,2246,0.6615384817123413,0.6615384615384615
2,2247,0.6611807346343994,0.661180679785331
2,2248,0.660822868347168,0.6608228980322004
2,2249,0.6604651212692261,0.6604651162790698
2,2250,0.6601073741912842,0.6601073345259392
2,2251,0.6597495079040527,0.6597495527728086
2,2252,0.6593917608261108,0.6593917710196779
2,2253,0.659034013748169,0.6590339892665473
2,2254,0.6586761474609375,0.6586762075134168
2,2255,0.6583184003829956,0.6583184257602862
2,2256,0.6579606533050537,0.6579606440071557
2,2257,0.6576029062271118,0.6576028622540251
2,2258,0.6572451591491699,0.6572450805008945
2,2259,0.6568872928619385,0.6568872987477639
2,2260,0.6565295457839966,0.6565295169946332
2,2261,0.6561717987060547,0.6561717352415026
2,2262,0.6558139324188232,0.655813953488372
2,2263,0.6554561853408813,0.6554561717352415
2,2264,0.6550984382629395,0.6550983899821109
2,2265,0.654740571975708,0.6547406082289804
2,2266,0.6543828248977661,0.6543828264758498
2,2267,0.6540250778198242,0.6540250447227192
2,2268,0.6536672115325928,0.6536672629695885
2,2269,0.6533094644546509,0.6533094812164579
2,2270,0.652951717376709,0.6529516994633273
2,2271,0.6525939702987671,0.6525939177101967
2,2272,0.6522361040115356,0.6522361359570662
2,2273,0.6518783569335938,0.6518783542039356
2,2274,0.6515206098556519,0.6515205724508051
2,2275,0.65116286277771,0.6511627906976745
2,2276,0.6508049964904785,0.6508050089445439
2,2277,0.6504472494125366,0.6504472271914132
2,2278,0.6500895023345947,0.6500894454382826
2,2279,0.6497316360473633,0.649731663685152
2,2280,0.6493738889694214,0.6493738819320214
2,2281,0.6490161418914795,0.6490161001788909
2,2282,0.648658275604248,0.6486583184257603
2,2283,0.6483005285263062,0.6483005366726298
2,2284,0.6479427814483643,0.6479427549194992
2,2285,0.6475849151611328,0.6475849731663685
2,2286,0.6472271680831909,0.6472271914132379
2,2287,0.646869421005249,0.6468694096601073
2,2288,0.6465116739273071,0.6465116279069767
2,2289,0.6461539268493652,0.6461538461538461
2,2290,0.6457960605621338,0.6457960644007156
2,2291,0.6454383134841919,0.645438282647585
2,2292,0.64508056640625,0.6450805008944545
2,2293,0.6447227001190186,0.6447227191413238
2,2294,0.6443649530410767,0.6443649373881932
2,2295,0.6440072059631348,0.6440071556350626
2,2296,0.6436493396759033,0.643649373881932
2,2297,0.6432915925979614,0.6432915921288014
2,2298,0.6429338455200195,0.6429338103756708
2,2299,0.6425759792327881,0.6425760286225403
2,2300,0.6422182321548462,0.6422182468694096
2,2301,0.6418604850769043,0.6418604651162791
2,2302,0.6415027379989624,0.6415026833631485
2,2303,0.641144871711731,0.6411449016100179
2,2304,0.6407871246337891,0.6407871198568873
2,2305,0.6404293775558472,0.6404293381037567
2,2306,0.6400716304779053,0.6400715563506261
2,2307,0.6397137641906738,0.6397137745974955
2,2308,0.6393560171127319,0.639355992844365
2,2309,0.63899827003479,0.6389982110912343
2,2310,0.6386404037475586,0.6386404293381038
2,2311,0.6382826566696167,0.6382826475849732
2,2312,0.6379249095916748,0.6379248658318426
2,2313,0.6375670433044434,0.637567084078712
2,2314,0.6372092962265015,0.6372093023255814
2,2315,0.6368515491485596,0.6368515205724508
2,2316,0.6364936828613281,0.6364937388193201
2,2317,0.6361359357833862,0.6361359570661896
2,2318,0.6357781887054443,0.635778175313059
2,2319,0.6354204416275024,0.6354203935599285
2,2320,0.6350626945495605,0.6350626118067979
2,2321,0.6347048282623291,0.6347048300536673
2,2322,0.6343470811843872,0.6343470483005367
2,2323,0.6339893341064453,0.6339892665474061
2,2324,0.6336314678192139,0.6336314847942754
2,2325,0.633273720741272,0.6332737030411448
2,2326,0.6329159736633301,0.6329159212880143
2,2327,0.6325581073760986,0.6325581395348837
2,2328,0.6322003602981567,0.6322003577817532
2,2329,0.6318426132202148,0.6318425760286226
2,2330,0.6314847469329834,0.631484794275492
2,2331,0.6311269998550415,0.6311270125223614
2,2332,0.6307692527770996,0.6307692307692307
2,2333,0.6304115056991577,0.6304114490161001
2,2334,0.6300536394119263,0.6300536672629695
2,2335,0.6296958923339844,0.629695885509839
2,2336,0.6293381452560425,0.6293381037567084
2,2337,0.6289803981781006,0.6289803220035779
2,2338,0.6286225318908691,0.6286225402504473
2,2339,0.6282647848129272,0.6282647584973167
2,2340,0.6279070377349854,0.627906976744186
2,2341,0.6275491714477539,0.6275491949910554
2,2342,0.627191424369812,0.6271914132379248
2,2343,0.6268336772918701,0.6268336314847942
2,2344,0.6264758110046387,0.6264758497316637
2,2345,0.6261180639266968,0.6261180679785331
2,2346,0.6257603168487549,0.6257602862254026
2,2347,0.6254024505615234,0.625402504472272
2,2348,0.6250447034835815,0.6250447227191414
2,2349,0.6246869564056396,0.6246869409660107
2,2350,0.6243292093276978,0.6243291592128801
2,2351,0.6239714622497559,0.6239713774597495
2,2352,0.6236135959625244,0.6236135957066189
2,2353,0.6232558488845825,0.6232558139534884
2,2354,0.6228981018066406,0.6228980322003578
2,2355,0.6225402355194092,0.6225402504472273
2,2356,0.6221824884414673,0.6221824686940967
2,2357,0.6218247413635254,0.621824686940966
2,2358,0.621466875076294,0.6214669051878354
2,2359,0.621109127998352,0.6211091234347048
2,2360,0.6207513809204102,0.6207513416815742
2,2361,0.6203935146331787,0.6203935599284436
2,2362,0.6200357675552368,0.6200357781753131
2,2363,0.6196780204772949,0.6196779964221825
2,2364,0.6193201541900635,0.619320214669052
2,2365,0.6189624071121216,0.6189624329159213
2,2366,0.6186046600341797,0.6186046511627907
2,2367,0.6182469129562378,0.6182468694096601
2,2368,0.6178891658782959,0.6178890876565295
2,2369,0.6175312995910645,0.6175313059033989
2,2370,0.6171735525131226,0.6171735241502683
2,2371,0.6168158054351807,0.6168157423971378
2,2372,0.6164579391479492,0.6164579606440072
2,2373,0.6161001920700073,0.6161001788908766
2,2374,0.6157424449920654,0.615742397137746
2,2375,0.615384578704834,0.6153846153846154
2,2376,0.6150268316268921,0.6150268336314848
2,2377,0.6146690845489502,0.6146690518783542
2,2378,0.6143112182617188,0.6143112701252236
2,2379,0.6139534711837769,0.613953488372093
2,2380,0.613595724105835,0.6135957066189625
2,2381,0.6132379770278931,0.6132379248658318
2,2382,0.6128802299499512,0.6128801431127012
2,2383,0.6125223636627197,0.6125223613595707
2,2384,0.6121646165847778,0.6121645796064401
2,2385,0.6118068695068359,0.6118067978533095
2,2386,0.6114490032196045,0.6114490161001789
2,2387,0.6110912561416626,0.6110912343470483
2,2388,0.6107335090637207,0.6107334525939176
2,2389,0.6103756427764893,0.6103756708407871
2,2390,0.6100178956985474,0.6100178890876565
2,2391,0.6096601486206055,0.6096601073345259
2,2392,0.609302282333374,0.6093023255813954
2,2393,0.6089445352554321,0.6089445438282648
2,2394,0.6085867881774902,0.6085867620751342
2,2395,0.6082289218902588,0.6082289803220036
2,2396,0.6078711748123169,0.607871198568873
2,2397,0.607513427734375,0.6075134168157423
2,2398,0.6071556806564331,0.6071556350626118
2,2399,0.6067979335784912,0.6067978533094812
2,2400,0.6064400672912598,0.6064400715563506
2,2401,0.6060823202133179,0.6060822898032201
2,2402,0.605724573135376,0.6057245080500895
2,2403,0.6053667068481445,0.6053667262969589
2,2404,0.6050089597702026,0.6050089445438283
2,2405,0.6046512126922607,0.6046511627906976
2,2406,0.6042933464050293,0.604293381037567
2,2407,0.6039355993270874,0.6039355992844365
2,2408,0.6035778522491455,0.6035778175313059
2,2409,0.6032199859619141,0.6032200357781753
2,2410,0.6028622388839722,0.6028622540250448
2,2411,0.6025044918060303,0.6025044722719142
2,2412,0.6021467447280884,0.6021466905187836
2,2413,0.6017888784408569,0.6017889087656529
2,2414,0.601431131362915,0.6014311270125223
2,2415,0.6010733842849731,0.6010733452593917
2,2416,0.6007156372070312,0.6007155635062612
2,2417,0.6003577709197998,0.6003577817531306
2,2418,0.6000000238418579,0.6
2,2419,0.599642276763916,0.5996422182468695
2,2420,0.5992844104766846,0.5992844364937389
2,2421,0.5989266633987427,0.5989266547406082
2,2422,0.5985689163208008,0.5985688729874776
2,2423,0.5982110500335693,0.598211091234347
2,2424,0.5978533029556274,0.5978533094812164
2,2425,0.5974955558776855,0.5974955277280858
2,2426,0.5971376895904541,0.5971377459749553
2,2427,0.5967799425125122,0.5967799642218247
2,2428,0.5964221954345703,0.5964221824686942
2,2429,0.5960644483566284,0.5960644007155635
2,2430,0.5957067012786865,0.5957066189624329
2,2431,0.5953488349914551,0.5953488372093023
2,2432,0.5949910879135132,0.5949910554561717
2,2433,0.5946333408355713,0.5946332737030411
2,2434,0.5942754745483398,0.5942754919499105
2,2435,0.593917727470398,0.59391771019678
2,2436,0.593559980392456,0.5935599284436494
2,2437,0.5932021141052246,0.5932021466905189
2,2438,0.5928443670272827,0.5928443649373882
2,2439,0.5924866199493408,0.5924865831842576
2,2440,0.5921287536621094,0.592128801431127
2,2441,0.5917710065841675,0.5917710196779964
2,2442,0.5914132595062256,0.5914132379248658
2,2443,0.5910555124282837,0.5910554561717352
2,2444,0.5906976461410522,0.5906976744186047
2,2445,0.5903398990631104,0.590339892665474
2,2446,0.5899821519851685,0.5899821109123435
2,2447,0.5896244049072266,0.5896243291592129
2,2448,0.5892665386199951,0.5892665474060823
2,2449,0.5889087915420532,0.5889087656529517
2,2450,0.5885510444641113,0.5885509838998211
2,2451,0.5881931781768799,0.5881932021466905
2,2452,0.587835431098938,0.5878354203935598
2,2453,0.5874776840209961,0.5874776386404293
2,2454,0.5871198177337646,0.5871198568872987
2,2455,0.5867620706558228,0.5867620751341682
2,2456,0.5864043235778809,0.5864042933810376
2,2457,0.5860464572906494,0.586046511627907
2,2458,0.5856887102127075,0.5856887298747764
2,2459,0.5853309631347656,0.5853309481216458
2,2460,0.5849732160568237,0.5849731663685152
2,2461,0.5846154689788818,0.5846153846153845
2,2462,0.5842576026916504,0.584257602862254
2,2463,0.5838998556137085,0.5838998211091234
2,2464,0.5835421085357666,0.5835420393559929
2,2465,0.5831842422485352,0.5831842576028623
2,2466,0.5828264951705933,0.5828264758497317
2,2467,0.5824687480926514,0.5824686940966011
2,2468,0.5821108818054199,0.5821109123434705
2,2469,0.581753134727478,0.5817531305903398
2,2470,0.5813953876495361,0.5813953488372092
2,2471,0.5810375213623047,0.5810375670840787
2,2472,0.5806797742843628,0.5806797853309481
2,2473,0.5803220272064209,0.5803220035778176
2,2474,0.579964280128479,0.579964221824687
2,2475,0.5796064138412476,0.5796064400715564
2,2476,0.5792486667633057,0.5792486583184258
2,2477,0.5788909196853638,0.5788908765652951
2,2478,0.5785331726074219,0.5785330948121645
2,2479,0.5781753063201904,0.5781753130590339
2,2480,0.5778175592422485,0.5778175313059034
2,2481,0.5774598121643066,0.5774597495527728
2,2482,0.5771019458770752,0.5771019677996423
2,2483,0.5767441987991333,0.5767441860465117
2,2484,0.5763864517211914,0.5763864042933811
2,2485,0.57602858543396,0.5760286225402504
2,2486,0.5756708383560181,0.5756708407871198
2,2487,0.5753130912780762,0.5753130590339892
2,2488,0.5749552249908447,0.5749552772808586
2,2489,0.5745974779129028,0.5745974955277281
2,2490,0.5742397308349609,0.5742397137745975
2,2491,0.573881983757019,0.573881932021467
2,2492,0.5735242366790771,0.5735241502683364
2,2493,0.5731663703918457,0.5731663685152057
2,2494,0.5728086233139038,0.5728085867620751
2,2495,0.5724508762359619,0.5724508050089445
2,2496,0.5720930099487305,0.5720930232558139
2,2497,0.5717352628707886,0.5717352415026833
2,2498,0.5713775157928467,0.5713774597495528
2,2499,0.5710196495056152,0.5710196779964222
2,2500,0.5706619024276733,0.5706618962432917
2,2501,0.5703041553497314,0.570304114490161
2,2502,0.5699462890625,0.5699463327370304
2,2503,0.5695885419845581,0.5695885509838998
2,2504,0.5692307949066162,0.5692307692307692
2,2505,0.5688729286193848,0.5688729874776386
2,2506,0.5685151815414429,0.568515205724508
2,2507,0.568157434463501,0.5681574239713775
2,2508,0.5677996873855591,0.5677996422182469
2,2509,0.5674419403076172,0.5674418604651164
2,2510,0.5670840740203857,0.5670840787119857
2,2511,0.5667263269424438,0.5667262969588551
2,2512,0.566368579864502,0.5663685152057245
2,2513,0.5660107135772705,0.5660107334525939
2,2514,0.5656529664993286,0.5656529516994633
2,2515,0.5652952194213867,0.5652951699463327
2,2516,0.5649373531341553,0.5649373881932022
2,2517,0.5645796060562134,0.5645796064400715
2,2518,0.5642218589782715,0.564221824686941
2,2519,0.56386399269104,0.5638640429338104
2,2520,0.5635062456130981,0.5635062611806798
2,2521,0.5631484985351562,0.5631484794275492
2,2522,0.5627907514572144,0.5627906976744186
2,2523,0.5624330043792725,0.562432915921288
2,2524,0.562075138092041,0.5620751341681574
2,2525,0.5617173910140991,0.5617173524150268
2,2526,0.5613596439361572,0.5613595706618962
2,2527,0.5610017776489258,0.5610017889087657
2,2528,0.5606440305709839,0.5606440071556351
2,2529,0.560286283493042,0.5602862254025045
2,2530,0.5599284172058105,0.5599284436493739
2,2531,0.5595706701278687,0.5595706618962433
2,2532,0.5592129230499268,0.5592128801431127
2,2533,0.5588550567626953,0.558855098389982
2,2534,0.5584973096847534,0.5584973166368515
2,2535,0.5581395626068115,0.5581395348837209
2,2536,0.5577816963195801,0.5577817531305904
2,2537,0.5574239492416382,0.5574239713774598
2,2538,0.5570662021636963,0.5570661896243292
2,2539,0.5567084550857544,0.5567084078711986
2,2540,0.5563507080078125,0.556350626118068
2,2541,0.555992841720581,0.5559928443649373
2,2542,0.5556350946426392,0.5556350626118067
2,2543,0.5552773475646973,0.5552772808586762
2,2544,0.5549194812774658,0.5549194991055456
2,2545,0.5545617341995239,0.5545617173524151
2,2546,0.554203987121582,0.5542039355992845
2,2547,0.5538461208343506,0.5538461538461539
2,2548,0.5534883737564087,0.5534883720930233
2,2549,0.5531306266784668,0.5531305903398926
2,2550,0.5527727603912354,0.552772808586762
2,2551,0.5524150133132935,0.5524150268336314
2,2552,0.5520572662353516,0.5520572450805009
2,2553,0.5516995191574097,0.5516994633273703
2,2554,0.5513416528701782,0.5513416815742398
2,2555,0.5509839057922363,0.5509838998211092
2,2556,0.5506261587142944,0.5506261180679786
2,2557,0.5502684116363525,0.550268336314848
2,2558,0.5499105453491211,0.5499105545617173
2,2559,0.5495527982711792,0.5495527728085867
2,2560,0.5491950511932373,0.5491949910554561
2,2561,0.5488371849060059,0.5488372093023256
2,2562,0.548479437828064,0.548479427549195
2,2563,0.5481216907501221,0.5481216457960645
2,2564,0.5477638244628906,0.5477638640429339
2,2565,0.5474060773849487,0.5474060822898033
2,2566,0.5470483303070068,0.5470483005366726
2,2567,0.5466904640197754,0.546690518783542
2,2568,0.5463327169418335,0.5463327370304114
2,2569,0.5459749698638916,0.5459749552772808
2,2570,0.5456172227859497,0.5456171735241503
2,2571,0.5452594757080078,0.5452593917710197
2,2572,0.5449016094207764,0.5449016100178892
2,2573,0.5445438623428345,0.5445438282647586
2,2574,0.5441861152648926,0.5441860465116279
2,2575,0.5438282489776611,0.5438282647584973
2,2576,0.5434705018997192,0.5434704830053667
2,2577,0.5431127548217773,0.5431127012522361
2,2578,0.5427548885345459,0.5427549194991055
2,2579,0.542397141456604,0.542397137745975
2,2580,0.5420393943786621,0.5420393559928444
2,2581,0.5416815280914307,0.5416815742397137
2,2582,0.5413237810134888,0.5413237924865832
2,2583,0.5409660339355469,0.5409660107334526
2,2584,0.540608286857605,0.540608228980322
2,2585,0.5402504205703735,0.5402504472271914
2,2586,0.5398926734924316,0.5398926654740608
2,2587,0.5395349264144897,0.5395348837209302
2,2588,0.5391771793365479,0.5391771019677997
2,2589,0.5388193130493164,0.538819320214669
2,2590,0.5384615659713745,0.5384615384615384
2,2591,0.5381038188934326,0.5381037567084079
2,2592,0.5377459526062012,0.5377459749552773
2,2593,0.5373882055282593,0.5373881932021467
2,2594,0.5370304584503174,0.5370304114490161
2,2595,0.5366725921630859,0.5366726296958855
2,2596,0.536314845085144,0.5363148479427549
2,2597,0.5359570980072021,0.5359570661896244
2,2598,0.5355992317199707,0.5355992844364937
2,2599,0.5352414846420288,0.5352415026833631
2,2600,0.5348837375640869,0.5348837209302326
2,2601,0.534525990486145,0.534525939177102
2,2602,0.5341682434082031,0.5341681574239714
2,2603,0.5338103771209717,0.5338103756708408
2,2604,0.5334526300430298,0.5334525939177102
2,2605,0.5330948829650879,0.5330948121645795
2,2606,0.5327370166778564,0.532737030411449
2,2607,0.5323792695999146,0.5323792486583184
2,2608,0.5320215225219727,0.5320214669051878
2,2609,0.5316636562347412,0.5316636851520573
2,2610,0.5313059091567993,0.5313059033989267
2,2611,0.5309481620788574,0.5309481216457961
2,2612,0.530590295791626,0.5305903398926655
2,2613,0.5302325487136841,0.5302325581395348
2,2614,0.5298748016357422,0.5298747763864042
2,2615,0.5295170545578003,0.5295169946332737
2,2616,0.5291591882705688,0.5291592128801431
2,2617,0.528801441192627,0.5288014311270125
2,2618,0.5284436941146851,0.528443649373882
2,2619,0.5280859470367432,0.5280858676207514
2,2620,0.5277280807495117,0.5277280858676208
2,2621,0.5273703336715698,0.5273703041144902
2,2622,0.5270125865936279,0.5270125223613595
2,2623,0.5266547203063965,0.5266547406082289
2,2624,0.5262969732284546,0.5262969588550983
2,2625,0.5259392261505127,0.5259391771019678
2,2626,0.5255813598632812,0.5255813953488372
2,2627,0.5252236127853394,0.5252236135957067
2,2628,0.5248658657073975,0.5248658318425761
2,2629,0.524507999420166,0.5245080500894455
2,2630,0.5241502523422241,0.5241502683363148
2,2631,0.5237925052642822,0.5237924865831842
2,2632,0.5234347581863403,0.5234347048300536
2,2633,0.5230770111083984,0.523076923076923
2,2634,0.522719144821167,0.5227191413237925
2,2635,0.5223613977432251,0.5223613595706619
2,2636,0.5220036506652832,0.5220035778175314
2,2637,0.5216457843780518,0.5216457960644008
2,2638,0.5212880373001099,0.5212880143112701
2,2639,0.520930290222168,0.5209302325581395
2,2640,0.5205724239349365,0.5205724508050089
2,2641,0.5202146768569946,0.5202146690518783
2,2642,0.5198569297790527,0.5198568872987477
2,2643,0.5194990634918213,0.5194991055456172
2,2644,0.5191413164138794,0.5191413237924866
2,2645,0.5187835693359375,0.5187835420393561
2,2646,0.518425703048706,0.5184257602862254
2,2647,0.5180679559707642,0.5180679785330948
2,2648,0.5177102088928223,0.5177101967799642
2,2649,0.5173524618148804,0.5173524150268336
2,2650,0.5169947147369385,0.516994633273703
2,2651,0.516636848449707,0.5166368515205724
2,2652,0.5162791013717651,0.5162790697674419
2,2653,0.5159213542938232,0.5159212880143113
2,2654,0.5155634880065918,0.5155635062611807
2,2655,0.5152057409286499,0.5152057245080501
2,2656,0.514847993850708,0.5148479427549195
2,2657,0.5144901275634766,0.5144901610017889
2,2658,0.5141323804855347,0.5141323792486583
2,2659,0.5137746334075928,0.5137745974955277
2,2660,0.5134167671203613,0.5134168157423971
2,2661,0.5130590200424194,0.5130590339892666
2,2662,0.5127012729644775,0.5127012522361359
2,2663,0.5123435258865356,0.5123434704830054
2,2664,0.5119857788085938,0.5119856887298748
2,2665,0.5116279125213623,0.5116279069767442
2,2666,0.5112701654434204,0.5112701252236136
2,2667,0.5109124183654785,0.510912343470483
2,2668,0.5105545520782471,0.5105545617173524
2,2669,0.5101968050003052,0.5101967799642217
2,2670,0.5098390579223633,0.5098389982110912
2,2671,0.5094811916351318,0.5094812164579606
2,2672,0.5091234445571899,0.5091234347048301
2,2673,0.508765697479248,0.5087656529516995
2,2674,0.5084078311920166,0.5084078711985689
2,2675,0.5080500841140747,0.5080500894454383
2,2676,0.5076923370361328,0.5076923076923077
2,2677,0.5073344707489014,0.507334525939177
2,2678,0.5069767236709595,0.5069767441860464
2,2679,0.5066189765930176,0.5066189624329159
2,2680,0.5062612295150757,0.5062611806797853
2,2681,0.5059034824371338,0.5059033989266548
2,2682,0.5055456161499023,0.5055456171735242
2,2683,0.5051878690719604,0.5051878354203936
2,2684,0.5048301219940186,0.504830053667263
2,2685,0.5044722557067871,0.5044722719141324
2,2686,0.5041145086288452,0.5041144901610017
2,2687,0.5037567615509033,0.5037567084078711
2,2688,0.5033988952636719,0.5033989266547406
2,2689,0.50304114818573,0.50304114490161
2,2690,0.5026834011077881,0.5026833631484795
2,2691,0.5023255348205566,0.5023255813953489
2,2692,0.5019677877426147,0.5019677996422183
2,2693,0.5016100406646729,0.5016100178890877
2,2694,0.501252293586731,0.501252236135957
2,2695,0.5008944272994995,0.5008944543828264
2,2696,0.5005366802215576,0.5005366726296958
2,2697,0.5001789331436157,0.5001788908765653
2,2698,0.49982118606567383,0.4998211091234347
2,2699,0.4994633197784424,0.4994633273703041
2,2700,0.4991055727005005,0.4991055456171736
2,2701,0.4987478256225586,0.49874776386404296
2,2702,0.49838995933532715,0.49838998211091234
2,2703,0.49803221225738525,0.49803220035778173
2,2704,0.49767446517944336,0.4976744186046511
2,2705,0.4973165988922119,0.4973166368515206
2,2706,0.49695885181427,0.49695885509839
2,2707,0.4966011047363281,0.4966010733452594
2,2708,0.4962432384490967,0.49624329159212877
2,2709,0.49588561058044434,0.49588550983899826
2,2710,0.4955277442932129,0.49552772808586765
2,2711,0.49516987800598145,0.49516994633273703
2,2712,0.4948122501373291,0.4948121645796064
2,2713,0.49445438385009766,0.4944543828264758
2,2714,0.49409663677215576,0.4940966010733453
2,2715,0.49373888969421387,0.4937388193202147
2,2716,0.4933810234069824,0.49338103756708407
2,2717,0.4930232763290405,0.49302325581395345
2,2718,0.49266552925109863,0.49266547406082295
2,2719,0.4923076629638672,0.49230769230769234
2,2720,0.4919499158859253,0.4919499105545617
2,2721,0.4915921688079834,0.4915921288014311
2,2722,0.49123430252075195,0.4912343470483005
2,2723,0.49087655544281006,0.49087656529517
2,2724,0.49051880836486816,0.49051878354203937
2,2725,0.4901609420776367,0.49016100178890876
2,2726,0.4898033142089844,0.48980322003577814
2,2727,0.48944544792175293,0.48944543828264764
2,2728,0.48908770084381104,0.489087656529517
2,2729,0.48872995376586914,0.4887298747763864
2,2730,0.4883720874786377,0.4883720930232558
2,2731,0.4880143404006958,0.4880143112701252
2,2732,0.4876565933227539,0.4876565295169947
2,2733,0.48729872703552246,0.48729874776386406
2,2734,0.48694097995758057,0.48694096601073344
2,2735,0.48658323287963867,0.48658318425760283
2,2736,0.4862253665924072,0.4862254025044723
2,2737,0.48586761951446533,0.4858676207513417
2,2738,0.48550987243652344,0.4855098389982111
2,2739,0.485152006149292,0.4851520572450805
2,2740,0.48479437828063965,0.48479427549194987
2,2741,0.4844365119934082,0.48443649373881936
2,2742,0.48407864570617676,0.48407871198568875
2,2743,0.4837210178375244,0.48372093023255813
2,2744,0.48336315155029297,0.4833631484794275
2,2745,0.4830054044723511,0.483005366726297
2,2746,0.4826476573944092,0.4826475849731664
2,2747,0.48228979110717773,0.4822898032200358
2,2748,0.48193204402923584,0.48193202146690517
2,2749,0.48157429695129395,0.48157423971377455
2,2750,0.4812164306640625,0.48121645796064405
2,2751,0.4808586835861206,0.48085867620751344
2,2752,0.4805009365081787,0.4805008944543828
2,2753,0.48014307022094727,0.4801431127012522
2,2754,0.47978532314300537,0.4797853309481216
2,2755,0.4794275760650635,0.4794275491949911
2,2756,0.47906970977783203,0.4790697674418605
2,2757,0.4787120819091797,0.47871198568872986
2,2758,0.47835421562194824,0.47835420393559924
2,2759,0.47799646854400635,0.47799642218246874
2,2760,0.47763872146606445,0.4776386404293381
2,2761,0.477280855178833,0.4772808586762075
2,2762,0.4769231081008911,0.4769230769230769
2,2763,0.4765653610229492,0.4765652951699463
2,2764,0.4762074947357178,0.4762075134168158
2,2765,0.4758497476577759,0.47584973166368516
2,2766,0.475492000579834,0.47549194991055455
2,2767,0.47513413429260254,0.47513416815742393
2,2768,0.47477638721466064,0.4747763864042934
2,2769,0.47441864013671875,0.4744186046511628
2,2770,0.4740607738494873,0.4740608228980322
2,2771,0.47370314598083496,0.4737030411449016
2,2772,0.4733452796936035,0.47334525939177097
2,2773,0.47298741340637207,0.47298747763864046
2,2774,0.4726297855377197,0.47262969588550985
2,2775,0.4722719192504883,0.47227191413237923
2,2776,0.4719141721725464,0.4719141323792486
2,2777,0.4715564250946045,0.4715563506261181
2,2778,0.47119855880737305,0.4711985688729875
2,2779,0.47084081172943115,0.4708407871198569
2,2780,0.47048306465148926,0.47048300536672627
2,2781,0.4701251983642578,0.47012522361359566
2,2782,0.4697674512863159,0.46976744186046515
2,2783,0.469409704208374,0.46940966010733454
2,2784,0.4690518379211426,0.4690518783542039
2,2785,0.4686940908432007,0.4686940966010733
2,2786,0.4683363437652588,0.4683363148479428
2,2787,0.46797847747802734,0.4679785330948122
2,2788,0.467620849609375,0.4676207513416816
2,2789,0.46726298332214355,0.46726296958855096
2,2790,0.46690523624420166,0.46690518783542034
2,2791,0.46654748916625977,0.46654740608228984
2,2792,0.4661896228790283,0.4661896243291592
2,2793,0.4658318758010864,0.4658318425760286
2,2794,0.46547412872314453,0.465474060822898
2,2795,0.4651162624359131,0.4651162790697675
2,2796,0.4647585153579712,0.4647584973166369
2,2797,0.4644007682800293,0.46440071556350626
2,2798,0.46404290199279785,0.46404293381037565
2,2799,0.46368515491485596,0.46368515205724503
2,2800,0.46332740783691406,0.4633273703041145
2,2801,0.4629695415496826,0.4629695885509839
2,2802,0.4626119136810303,0.4626118067978533
2,2803,0.46225404739379883,0.4622540250447227
2,2804,0.4618961811065674,0.4618962432915922
2,2805,0.46153855323791504,0.46153846153846156
2,2806,0.4611806869506836,0.46118067978533095
2,2807,0.4608229398727417,0.46082289803220033
2,2808,0.4604651927947998,0.4604651162790697
2,2809,0.46010732650756836,0.4601073345259392
2,2810,0.45974957942962646,0.4597495527728086
2,2811,0.45939183235168457,0.459391771019678
2,2812,0.4590339660644531,0.45903398926654737
2,2813,0.45867621898651123,0.45867620751341687
2,2814,0.45831847190856934,0.45831842576028625
2,2815,0.4579606056213379,0.45796064400715564
2,2816,0.457602858543396,0.457602862254025
2,2817,0.4572451114654541,0.4572450805008944
2,2818,0.45688724517822266,0.4568872987477639
2,2819,0.4565296173095703,0.4565295169946333
2,2820,0.45617175102233887,0.4561717352415027
2,2821,0.4558138847351074,0.45581395348837206
2,2822,0.4554562568664551,0.45545617173524156
2,2823,0.45509839057922363,0.45509838998211094
2,2824,0.45474064350128174,0.4547406082289803
2,2825,0.45438289642333984,0.4543828264758497
2,2826,0.4540250301361084,0.4540250447227191
2,2827,0.4536672830581665,0.4536672629695886
2,2828,0.4533095359802246,0.453309481216458
2,2829,0.45295166969299316,0.45295169946332736
2,2830,0.45259392261505127,0.45259391771019675
2,2831,0.4522361755371094,0.45223613595706624
2,2832,0.45187830924987793,0.45187835420393563
2,2833,0.45152056217193604,0.451520572450805
2,2834,0.45116281509399414,0.4511627906976744
2,2835,0.4508049488067627,0.4508050089445438
2,2836,0.45044732093811035,0.4504472271914133
2,2837,0.4500894546508789,0.45008944543828266
2,2838,0.449731707572937,0.44973166368515205
2,2839,0.4493739604949951,0.44937388193202144
2,2840,0.44901609420776367,0.44901610017889093
2,2841,0.4486583471298218,0.4486583184257603
2,2842,0.4483006000518799,0.4483005366726297
2,2843,0.44794273376464844,0.4479427549194991
2,2844,0.44758498668670654,0.44758497316636847
2,2845,0.44722723960876465,0.44722719141323797
2,2846,0.4468693733215332,0.44686940966010735
2,2847,0.4465116262435913,0.44651162790697674
2,2848,0.4461538791656494,0.4461538461538461
2,2849,0.44579601287841797,0.4457960644007155
2,2850,0.4454383850097656,0.445438282647585
2,2851,0.4450805187225342,0.4450805008944544
2,2852,0.44472265243530273,0.4447227191413238
2,2853,0.4443650245666504,0.44436493738819316
2,2854,0.44400715827941895,0.44400715563506266
2,2855,0.44364941120147705,0.44364937388193204
2,2856,0.44329166412353516,0.4432915921288014
2,2857,0.4429337978363037,0.4429338103756708
2,2858,0.4425760507583618,0.4425760286225402
2,2859,0.4422183036804199,0.4422182468694097
2,2860,0.4418604373931885,0.4418604651162791
2,2861,0.4415026903152466,0.44150268336314846
2,2862,0.4411449432373047,0.44114490161001785
2,2863,0.44078707695007324,0.44078711985688734
2,2864,0.44042932987213135,0.44042933810375673
2,2865,0.44007158279418945,0.4400715563506261
2,2866,0.439713716506958,0.4397137745974955
2,2867,0.43935608863830566,0.4393559928443649
2,2868,0.4389982223510742,0.4389982110912344
2,2869,0.4386404752731323,0.43864042933810377
2,2870,0.43828272819519043,0.43828264758497315
2,2871,0.437924861907959,0.43792486583184254
2,2872,0.4375671148300171,0.43756708407871203
2,2873,0.4372093677520752,0.4372093023255814
2,2874,0.43685150146484375,0.4368515205724508
2,2875,0.43649375438690186,0.4364937388193202
2,2876,0.43613600730895996,0.4361359570661896
2,2877,0.4357781410217285,0.43577817531305907
2,2878,0.4354203939437866,0.43542039355992845
2,2879,0.4350626468658447,0.43506261180679784
2,2880,0.4347047805786133,0.4347048300536672
2,2881,0.43434715270996094,0.4343470483005367
2,2882,0.4339892864227295,0.4339892665474061
2,2883,0.43363142013549805,0.4336314847942755
2,2884,0.4332737922668457,0.4332737030411449
2,2885,0.43291592597961426,0.43291592128801426
2,2886,0.43255817890167236,0.43255813953488376
2,2887,0.43220043182373047,0.43220035778175314
2,2888,0.431842565536499,0.4318425760286225
2,2889,0.43148481845855713,0.4314847942754919
2,2890,0.43112707138061523,0.4311270125223614
2,2891,0.4307692050933838,0.4307692307692308
2,2892,0.4304114580154419,0.4304114490161002
2,2893,0.4300537109375,0.43005366726296956
2,2894,0.42969584465026855,0.42969588550983895
2,2895,0.42933809757232666,0.42933810375670844
2,2896,0.42898035049438477,0.42898032200357783
2,2897,0.4286224842071533,0.4286225402504472
2,2898,0.428264856338501,0.4282647584973166
2,2899,0.42790699005126953,0.4279069767441861
2,2900,0.42754924297332764,0.4275491949910555
2,2901,0.42719149589538574,0.42719141323792487
2,2902,0.4268336296081543,0.42683363148479425
2,2903,0.4264758825302124,0.42647584973166364
2,2904,0.4261181354522705,0.42611806797853313
2,2905,0.42576026916503906,0.4257602862254025
2,2906,0.42540252208709717,0.4254025044722719
2,2907,0.4250447750091553,0.4250447227191413
2,2908,0.42468690872192383,0.4246869409660108
2,2909,0.42432916164398193,0.42432915921288017
2,2910,0.42397141456604004,0.42397137745974955
2,2911,0.4236135482788086,0.42361359570661894
2,2912,0.42325592041015625,0.4232558139534883
2,2913,0.4228980541229248,0.4228980322003578
2,2914,0.42254018783569336,0.4225402504472272
2,2915,0.422182559967041,0.4221824686940966
2,2916,0.42182469367980957,0.421824686940966
2,2917,0.4214669466018677,0.42146690518783547
2,2918,0.4211091995239258,0.42110912343470486
2,2919,0.42075133323669434,0.42075134168157424
2,2920,0.42039358615875244,0.4203935599284436
2,2921,0.42003583908081055,0.420035778175313
2,2922,0.4196779727935791,0.4196779964221825
2,2923,0.4193202257156372,0.4193202146690519
2,2924,0.4189624786376953,0.4189624329159213
2,2925,0.41860461235046387,0.41860465116279066
2,2926,0.418246865272522,0.41824686940966016
2,2927,0.4178891181945801,0.41788908765652955
2,2928,0.41753125190734863,0.41753130590339893
2,2929,0.4171736240386963,0.4171735241502683
2,2930,0.41681575775146484,0.4168157423971377
2,2931,0.41645801067352295,0.4164579606440072
2,2932,0.41610026359558105,0.4161001788908766
2,2933,0.4157423973083496,0.41574239713774597
2,2934,0.4153846502304077,0.41538461538461535
2,2935,0.4150269031524658,0.41502683363148485
2,2936,0.4146690368652344,0.41466905187835423
2,2937,0.4143112897872925,0.4143112701252236
2,2938,0.4139535427093506,0.413953488372093
2,2939,0.41359567642211914,0.4135957066189624
2,2940,0.41323792934417725,0.4132379248658319
2,2941,0.41288018226623535,0.41288014311270127
2,2942,0.4125223159790039,0.41252236135957066
2,2943,0.41216468811035156,0.41216457960644004
2,2944,0.4118068218231201,0.41180679785330954
2,2945,0.41144895553588867,0.4114490161001789
2,2946,0.41109132766723633,0.4110912343470483
2,2947,0.4107334613800049,0.4107334525939177
2,2948,0.410375714302063,0.4103756708407871
2,2949,0.4100179672241211,0.4100178890876566
2,2950,0.40966010093688965,0.40966010733452596
2,2951,0.40930235385894775,0.40930232558139534
2,2952,0.40894460678100586,0.40894454382826473
2,2953,0.4085867404937744,0.4085867620751341
2,2954,0.4082289934158325,0.4082289803220036
2,2955,0.4078712463378906,0.407871198568873
2,2956,0.4075133800506592,0.4075134168157424
2,2957,0.4071556329727173,0.40715563506261176
2,2958,0.4067978858947754,0.40679785330948126
2,2959,0.40644001960754395,0.40644007155635065
2,2960,0.4060823917388916,0.40608228980322003
2,2961,0.40572452545166016,0.4057245080500894
2,2962,0.4053666591644287,0.4053667262969588
2,2963,0.40500903129577637,0.4050089445438283
2,2964,0.4046511650085449,0.4046511627906977
2,2965,0.404293417930603,0.40429338103756707
2,2966,0.40393567085266113,0.40393559928443645
2,2967,0.4035778045654297,0.40357781753130595
2,2968,0.4032200574874878,0.40322003577817533
2,2969,0.4028623104095459,0.4028622540250447
2,2970,0.40250444412231445,0.4025044722719141
2,2971,0.40214669704437256,0.4021466905187835
2,2972,0.40178894996643066,0.401788908765653
2,2973,0.4014310836791992,0.40143112701252237
2,2974,0.4010733366012573,0.40107334525939176
2,2975,0.40071558952331543,0.40071556350626114
2,2976,0.400357723236084,0.40035778175313064
2,2977,0.40000009536743164,0.4
2,2978,0.3996422290802002,0.3996422182468694
2,2979,0.3992844820022583,0.3992844364937388
2,2980,0.3989267349243164,0.3989266547406082
2,2981,0.39856886863708496,0.3985688729874777
2,2982,0.39821112155914307,0.39821109123434706
2,2983,0.39785337448120117,0.39785330948121644
2,2984,0.3974955081939697,0.39749552772808583
2,2985,0.39713776111602783,0.3971377459749553
2,2986,0.39678001403808594,0.3967799642218247
2,2987,0.3964221477508545,0.3964221824686941
2,2988,0.3960644006729126,0.3960644007155635
2,2989,0.3957066535949707,0.39570661896243287
2,2990,0.39534878730773926,0.39534883720930236
2,2991,0.3949911594390869,0.39499105545617175
2,2992,0.39463329315185547,0.39463327370304113
2,2993,0.394275426864624,0.3942754919499105
2,2994,0.3939177989959717,0.39391771019678
2,2995,0.39355993270874023,0.3935599284436494
2,2996,0.39320218563079834,0.3932021466905188
2,2997,0.39284443855285645,0.39284436493738817
2,2998,0.392486572265625,0.39248658318425755
2,2999,0.3921288251876831,0.39212880143112705
2,3000,0.3917710781097412,0.39177101967799643
2,3001,0.39141321182250977,0.3914132379248658
2,3002,0.39105546474456787,0.3910554561717352
2,3003,0.390697717666626,0.3906976744186047
2,3004,0.39033985137939453,0.3903398926654741
2,3005,0.38998210430145264,0.38998211091234347
2,3006,0.38962435722351074,0.38962432915921286
2,3007,0.3892664909362793,0.38926654740608224
2,3008,0.38890886306762695,0.38890876565295174
2,3009,0.3885509967803955,0.3885509838998211
2,3010,0.3881932497024536,0.3881932021466905
2,3011,0.3878355026245117,0.3878354203935599
2,3012,0.3874776363372803,0.3874776386404294
2,3013,0.3871198892593384,0.3871198568872988
2,3014,0.3867621421813965,0.38676207513416816
2,3015,0.38640427589416504,0.38640429338103754
2,3016,0.38604652881622314,0.38604651162790693
2,3017,0.38568878173828125,0.3856887298747764
2,3018,0.3853309154510498,0.3853309481216458
2,3019,0.3849731683731079,0.3849731663685152
2,3020,0.384615421295166,0.3846153846153846
2,3021,0.38425755500793457,0.3842576028622541
2,3022,0.3838999271392822,0.38389982110912346
2,3023,0.3835420608520508,0.38354203935599285
2,3024,0.38318419456481934,0.38318425760286223
2,3025,0.382826566696167,0.3828264758497316
2,3026,0.38246870040893555,0.3824686940966011
2,3027,0.38211095333099365,0.3821109123434705
2,3028,0.38175320625305176,0.3817531305903399
2,3029,0.3813953399658203,0.38139534883720927
2,3030,0.3810375928878784,0.38103756708407877
2,3031,0.3806798458099365,0.38067978533094815
2,3032,0.3803219795227051,0.38032200357781754
2,3033,0.3799642324447632,0.3799642218246869
2,3034,0.3796064853668213,0.3796064400715563
2,3035,0.37924861907958984,0.3792486583184258
2,3036,0.37889087200164795,0.3788908765652952
2,3037,0.37853312492370605,0.37853309481216457
2,3038,0.3781752586364746,0.37817531305903396
2,3039,0.37781763076782227,0.37781753130590345
2,3040,0.3774597644805908,0.37745974955277284
2,3041,0.3771020174026489,0.3771019677996422
2,3042,0.37674427032470703,0.3767441860465116
2,3043,0.3763864040374756,0.376386404293381
2,3044,0.3760286569595337,0.3760286225402505
2,3045,0.3756709098815918,0.3756708407871199
2,3046,0.37531304359436035,0.37531305903398926
2,3047,0.37495529651641846,0.37495527728085865
2,3048,0.37459754943847656,0.37459749552772803
2,3049,0.3742396831512451,0.3742397137745975
2,3050,0.3738819360733032,0.3738819320214669
2,3051,0.37352418899536133,0.3735241502683363
2,3052,0.3731663227081299,0.3731663685152057
2,3053,0.37280869483947754,0.3728085867620752
2,3054,0.3724508285522461,0.37245080500894456
2,3055,0.37209296226501465,0.37209302325581395
2,3056,0.3717353343963623,0.37173524150268333
2,3057,0.37137746810913086,0.3713774597495527
2,3058,0.37101972103118896,0.3710196779964222
2,3059,0.37066197395324707,0.3706618962432916
2,3060,0.3703041076660156,0.370304114490161
2,3061,0.36994636058807373,0.36994633273703037
2,3062,0.36958861351013184,0.36958855098389987
2,3063,0.3692307472229004,0.36923076923076925
2,3064,0.3688730001449585,0.36887298747763864
2,3065,0.3685152530670166,0.368515205724508
2,3066,0.36815738677978516,0.3681574239713774
2,3067,0.36779963970184326,0.3677996422182469
2,3068,0.36744189262390137,0.3674418604651163
2,3069,0.3670840263366699,0.3670840787119857
2,3070,0.3667263984680176,0.36672629695885506
2,3071,0.36636853218078613,0.36636851520572455
2,3072,0.36601078510284424,0.36601073345259394
2,3073,0.36565303802490234,0.3656529516994633
2,3074,0.3652951717376709,0.3652951699463327
2,3075,0.364937424659729,0.3649373881932021
2,3076,0.3645796775817871,0.3645796064400716
2,3077,0.36422181129455566,0.364221824686941
2,3078,0.36386406421661377,0.36386404293381036
2,3079,0.3635063171386719,0.36350626118067975
2,3080,0.36314845085144043,0.36314847942754924
2,3081,0.36279070377349854,0.3627906976744186
2,3082,0.36243295669555664,0.362432915921288
2,3083,0.3620750904083252,0.3620751341681574
2,3084,0.36171746253967285,0.3617173524150268
2,3085,0.3613595962524414,0.3613595706618963
2,3086,0.36100172996520996,0.36100178890876566
2,3087,0.3606441020965576,0.36064400715563505
2,3088,0.36028623580932617,0.36028622540250443
2,3089,0.3599284887313843,0.35992844364937393
2,3090,0.3595707416534424,0.3595706618962433
2,3091,0.35921287536621094,0.3592128801431127
2,3092,0.35885512828826904,0.3588550983899821
2,3093,0.35849738121032715,0.35849731663685147
2,3094,0.3581395149230957,0.35813953488372097
2,3095,0.3577817678451538,0.35778175313059035
2,3096,0.3574240207672119,0.35742397137745974
2,3097,0.35706615447998047,0.3570661896243291
2,3098,0.3567084074020386,0.3567084078711986
2,3099,0.3563506603240967,0.356350626118068
2,3100,0.35599279403686523,0.3559928443649374
2,3101,0.3556351661682129,0.3556350626118068
2,3102,0.35527729988098145,0.35527728085867616
2,3103,0.35491943359375,0.35491949910554565
2,3104,0.35456180572509766,0.35456171735241504
2,3105,0.3542039394378662,0.3542039355992844
2,3106,0.3538461923599243,0.3538461538461538
2,3107,0.3534884452819824,0.3534883720930233
2,3108,0.353130578994751,0.3531305903398927
2,3109,0.3527728319168091,0.3527728085867621
2,3110,0.3524150848388672,0.35241502683363146
2,3111,0.35205721855163574,0.35205724508050085
2,3112,0.35169947147369385,0.35169946332737034
2,3113,0.35134172439575195,0.35134168157423973
2,3114,0.3509838581085205,0.3509838998211091
2,3115,0.3506261110305786,0.3506261180679785
2,3116,0.3502683639526367,0.350268336314848
2,3117,0.3499104976654053,0.3499105545617174
2,3118,0.34955286979675293,0.34955277280858676
2,3119,0.3491950035095215,0.34919499105545615
2,3120,0.3488372564315796,0.34883720930232553
2,3121,0.3484795093536377,0.34847942754919503
2,3122,0.34812164306640625,0.3481216457960644
2,3123,0.34776389598846436,0.3477638640429338
2,3124,0.34740614891052246,0.3474060822898032
2,3125,0.347048282623291,0.3470483005366727
2,3126,0.3466905355453491,0.34669051878354207
2,3127,0.3463327884674072,0.34633273703041145
2,3128,0.3459749221801758,0.34597495527728084
2,3129,0.3456171751022339,0.3456171735241502
2,3130,0.345259428024292,0.3452593917710197
2,3131,0.34490156173706055,0.3449016100178891
2,3132,0.3445439338684082,0.3445438282647585
2,3133,0.34418606758117676,0.3441860465116279
2,3134,0.3438282012939453,0.34382826475849737
2,3135,0.34347057342529297,0.34347048300536676
2,3136,0.3431127071380615,0.34311270125223614
2,3137,0.34275496006011963,0.3427549194991055
2,3138,0.34239721298217773,0.3423971377459749
2,3139,0.3420393466949463,0.3420393559928444
2,3140,0.3416815996170044,0.3416815742397138
2,3141,0.3413238525390625,0.3413237924865832
2,3142,0.34096598625183105,0.34096601073345256
2,3143,0.34060823917388916,0.34060822898032206
2,3144,0.34025049209594727,0.34025044722719144
2,3145,0.3398926258087158,0.33989266547406083
2,3146,0.3395348787307739,0.3395348837209302
2,3147,0.33917713165283203,0.3391771019677996
2,3148,0.3388192653656006,0.3388193202146691
2,3149,0.33846163749694824,0.3384615384615385
2,3150,0.3381037712097168,0.33810375670840787
2,3151,0.3377460241317749,0.33774597495527725
2,3152,0.337388277053833,0.33738819320214664
2,3153,0.33703041076660156,0.33703041144901613
2,3154,0.33667266368865967,0.3366726296958855
2,3155,0.3363149166107178,0.3363148479427549
2,3156,0.33595705032348633,0.3359570661896243
2,3157,0.33559930324554443,0.3355992844364938
2,3158,0.33524155616760254,0.33524150268336317
2,3159,0.3348836898803711,0.33488372093023255
2,3160,0.3345259428024292,0.33452593917710194
2,3161,0.3341681957244873,0.3341681574239713
2,3162,0.33381032943725586,0.3338103756708408
2,3163,0.3334527015686035,0.3334525939177102
2,3164,0.33309483528137207,0.3330948121645796
2,3165,0.3327369689941406,0.332737030411449
2,3166,0.3323793411254883,0.33237924865831847
2,3167,0.33202147483825684,0.33202146690518786
2,3168,0.33166372776031494,0.33166368515205724
2,3169,0.33130598068237305,0.3313059033989266
2,3170,0.3309481143951416,0.330948121645796
2,3171,0.3305903673171997,0.3305903398926655
2,3172,0.3302326202392578,0.3302325581395349
2,3173,0.32987475395202637,0.3298747763864043
2,3174,0.3295170068740845,0.32951699463327366
2,3175,0.3291592597961426,0.32915921288014316
2,3176,0.32880139350891113,0.32880143112701254
2,3177,0.32844364643096924,0.32844364937388193
2,3178,0.32808589935302734,0.3280858676207513
2,3179,0.3277280330657959,0.3277280858676207
2,3180,0.32737040519714355,0.3273703041144902
2,3181,0.3270125389099121,0.3270125223613596
2,3182,0.3266547918319702,0.32665474060822897
2,3183,0.3262970447540283,0.32629695885509835
2,3184,0.3259391784667969,0.32593917710196785
2,3185,0.325581431388855,0.32558139534883723
2,3186,0.3252236843109131,0.3252236135957066
2,3187,0.32486581802368164,0.324865831842576
2,3188,0.32450807094573975,0.3245080500894454
2,3189,0.32415032386779785,0.3241502683363149
2,3190,0.3237924575805664,0.32379248658318427
2,3191,0.3234347105026245,0.32343470483005365
2,3192,0.3230769634246826,0.32307692307692304
2,3193,0.32271909713745117,0.32271914132379254
2,3194,0.32236146926879883,0.3223613595706619
2,3195,0.3220036029815674,0.3220035778175313
2,3196,0.32164573669433594,0.3216457960644007
2,3197,0.3212881088256836,0.3212880143112701
2,3198,0.32093024253845215,0.32093023255813957
2,3199,0.32057249546051025,0.32057245080500896
2,3200,0.32021474838256836,0.32021466905187834
2,3201,0.3198568820953369,0.3198568872987477
2,3202,0.319499135017395,0.3194991055456172
2,3203,0.3191413879394531,0.3191413237924866
2,3204,0.3187835216522217,0.318783542039356
2,3205,0.3184257745742798,0.3184257602862254
2,3206,0.3180680274963379,0.31806797853309476
2,3207,0.31771016120910645,0.31771019677996426
2,3208,0.31735241413116455,0.31735241502683365
2,3209,0.31699466705322266,0.31699463327370303
2,3210,0.3166368007659912,0.3166368515205724
2,3211,0.31627917289733887,0.3162790697674419
2,3212,0.3159213066101074,0.3159212880143113
2,3213,0.3155635595321655,0.3155635062611807
2,3214,0.31520581245422363,0.31520572450805007
2,3215,0.3148479461669922,0.31484794275491945
2,3216,0.3144901990890503,0.31449016100178895
2,3217,0.3141324520111084,0.31413237924865833
2,3218,0.31377458572387695,0.3137745974955277
2,3219,0.31341683864593506,0.3134168157423971
2,3220,0.31305909156799316,0.3130590339892666
2,3221,0.3127012252807617,0.312701252236136
2,3222,0.3123434782028198,0.31234347048300537
2,3223,0.31198573112487793,0.31198568872987475
2,3224,0.3116278648376465,0.31162790697674414
2,3225,0.31127023696899414,0.31127012522361364
2,3226,0.3109123706817627,0.310912343470483
2,3227,0.31055450439453125,0.3105545617173524
2,3228,0.3101968765258789,0.3101967799642218
2,3229,0.30983901023864746,0.3098389982110913
2,3230,0.30948126316070557,0.3094812164579607
2,3231,0.30912351608276367,0.30912343470483006
2,3232,0.3087656497955322,0.30876565295169944
2,3233,0.30840790271759033,0.30840787119856883
2,3234,0.30805015563964844,0.3080500894454383
2,3235,0.307692289352417,0.3076923076923077
2,3236,0.3073345422744751,0.3073345259391771
2,3237,0.3069767951965332,0.3069767441860465
2,3238,0.30661892890930176,0.306618962432916
2,3239,0.30626118183135986,0.30626118067978536
2,3240,0.30590343475341797,0.30590339892665475
2,3241,0.3055455684661865,0.30554561717352413
2,3242,0.3051879405975342,0.3051878354203935
2,3243,0.30483007431030273,0.304830053667263
2,3244,0.3044722080230713,0.3044722719141324
2,3245,0.30411458015441895,0.3041144901610018
2,3246,0.3037567138671875,0.30375670840787117
2,3247,0.3033989667892456,0.30339892665474055
2,3248,0.3030412197113037,0.30304114490161005
2,3249,0.30268335342407227,0.30268336314847943
2,3250,0.30232560634613037,0.3023255813953488
2,3251,0.3019678592681885,0.3019677996422182
2,3252,0.30160999298095703,0.3016100178890877
2,3253,0.30125224590301514,0.3012522361359571
2,3254,0.30089449882507324,0.30089445438282647
2,3255,0.3005366325378418,0.30053667262969586
2,3256,0.30017900466918945,0.30017889087656524
2,3257,0.299821138381958,0.29982110912343474
2,3258,0.29946327209472656,0.2994633273703041
2,3259,0.2991056442260742,0.2991055456171735
2,3260,0.2987477779388428,0.2987477638640429
2,3261,0.2983900308609009,0.2983899821109124
2,3262,0.298032283782959,0.2980322003577818
2,3263,0.29767441749572754,0.29767441860465116
2,3264,0.29731667041778564,0.29731663685152054
2,3265,0.29695892333984375,0.29695885509838993
2,3266,0.2966010570526123,0.2966010733452594
2,3267,0.2962433099746704,0.2962432915921288
2,3268,0.2958855628967285,0.2958855098389982
2,3269,0.29552769660949707,0.2955277280858676
2,3270,0.2951699495315552,0.2951699463327371
2,3271,0.2948122024536133,0.29481216457960646
2,3272,0.29445433616638184,0.29445438282647585
2,3273,0.2940967082977295,0.29409660107334523
2,3274,0.29373884201049805,0.2937388193202146
2,3275,0.2933809757232666,0.2933810375670841
2,3276,0.29302334785461426,0.2930232558139535
2,3277,0.2926654815673828,0.2926654740608229
2,3278,0.2923077344894409,0.29230769230769227
2,3279,0.291949987411499,0.29194991055456176
2,3280,0.2915921211242676,0.29159212880143115
2,3281,0.2912343740463257,0.29123434704830053
2,3282,0.2908766269683838,0.2908765652951699
2,3283,0.29051876068115234,0.2905187835420393
2,3284,0.29016101360321045,0.2901610017889088
2,3285,0.28980326652526855,0.2898032200357782
2,3286,0.2894454002380371,0.28944543828264757
2,3287,0.2890876531600952,0.28908765652951696
2,3288,0.2887299060821533,0.28872987477638645
2,3289,0.2883720397949219,0.28837209302325584
2,3290,0.28801441192626953,0.2880143112701252
2,3291,0.2876565456390381,0.2876565295169946
2,3292,0.2872987985610962,0.287298747763864
2,3293,0.2869410514831543,0.2869409660107335
2,3294,0.28658318519592285,0.2865831842576029
2,3295,0.28622543811798096,0.28622540250447226
2,3296,0.28586769104003906,0.28586762075134164
2,3297,0.2855098247528076,0.28550983899821114
2,3298,0.2851520776748657,0.2851520572450805
2,3299,0.28479433059692383,0.2847942754919499
2,3300,0.2844364643096924,0.2844364937388193
2,3301,0.2840787172317505,0.2840787119856887
2,3302,0.2837209701538086,0.2837209302325582
2,3303,0.28336310386657715,0.28336314847942756
2,3304,0.2830054759979248,0.28300536672629695
2,3305,0.28264760971069336,0.28264758497316633
2,3306,0.2822897434234619,0.28228980322003583
2,3307,0.28193211555480957,0.2819320214669052
2,3308,0.2815742492675781,0.2815742397137746
2,3309,0.28121650218963623,0.281216457960644
2,3310,0.28085875511169434,0.28085867620751337
2,3311,0.2805008888244629,0.28050089445438287
2,3312,0.280143141746521,0.28014311270125225
2,3313,0.2797853946685791,0.27978533094812164
2,3314,0.27942752838134766,0.279427549194991
2,3315,0.27906978130340576,0.2790697674418605
2,3316,0.27871203422546387,0.2787119856887299
2,3317,0.2783541679382324,0.2783542039355993
2,3318,0.2779964208602905,0.27799642218246867
2,3319,0.27763867378234863,0.27763864042933806
2,3320,0.2772808074951172,0.27728085867620755
2,3321,0.27692317962646484,0.27692307692307694
2,3322,0.2765653133392334,0.2765652951699463
2,3323,0.2762075662612915,0.2762075134168157
2,3324,0.2758498191833496,0.2758497316636852
2,3325,0.27549195289611816,0.2754919499105546
2,3326,0.27513420581817627,0.275134168157424
2,3327,0.2747764587402344,0.27477638640429336
2,3328,0.27441859245300293,0.27441860465116275
2,3329,0.27406084537506104,0.27406082289803224
2,3330,0.27370309829711914,0.2737030411449016
2,3331,0.2733452320098877,0.273345259391771
2,3332,0.2729874849319458,0.2729874776386404
2,3333,0.2726297378540039,0.2726296958855099
2,3334,0.27227187156677246,0.2722719141323793
2,3335,0.2719142436981201,0.27191413237924866
2,3336,0.27155637741088867,0.27155635062611805
2,3337,0.2711985111236572,0.27119856887298743
2,3338,0.2708408832550049,0.27084078711985693
2,3339,0.27048301696777344,0.2704830053667263
2,3340,0.27012526988983154,0.2701252236135957
2,3341,0.26976752281188965,0.2697674418604651
2,3342,0.2694096565246582,0.2694096601073346
2,3343,0.2690519094467163,0.26905187835420397
2,3344,0.2686941623687744,0.26869409660107335
2,3345,0.26833629608154297,0.26833631484794274
2,3346,0.2679785490036011,0.2679785330948121
2,3347,0.2676208019256592,0.2676207513416816
2,3348,0.26726293563842773,0.267262969588551
2,3349,0.26690518856048584,0.2669051878354204
2,3350,0.26654744148254395,0.2665474060822898
2,3351,0.2661895751953125,0.26618962432915916
2,3352,0.26583194732666016,0.26583184257602865
2,3353,0.2654740810394287,0.26547406082289804
2,3354,0.2651163339614868,0.2651162790697674
2,3355,0.2647585868835449,0.2647584973166368
2,3356,0.2644007205963135,0.2644007155635063
2,3357,0.2640429735183716,0.2640429338103757
2,3358,0.2636852264404297,0.2636851520572451
2,3359,0.26332736015319824,0.26332737030411446
2,3360,0.26296961307525635,0.26296958855098385
2,3361,0.26261186599731445,0.26261180679785334
2,3362,0.262253999710083,0.2622540250447227
2,3363,0.2618962526321411,0.2618962432915921
2,3364,0.2615385055541992,0.2615384615384615
2,3365,0.2611806392669678,0.261180679785331
2,3366,0.26082301139831543,0.2608228980322004
2,3367,0.260465145111084,0.26046511627906976
2,3368,0.26010727882385254,0.26010733452593915
2,3369,0.2597496509552002,0.25974955277280853
2,3370,0.25939178466796875,0.25939177101967803
2,3371,0.25903403759002686,0.2590339892665474
2,3372,0.25867629051208496,0.2586762075134168
2,3373,0.2583184242248535,0.2583184257602862
2,3374,0.2579606771469116,0.2579606440071557
2,3375,0.2576029300689697,0.25760286225402507
2,3376,0.2572450637817383,0.25724508050089445
2,3377,0.2568873167037964,0.25688729874776384
2,3378,0.2565295696258545,0.2565295169946332
2,3379,0.25617170333862305,0.2561717352415027
2,3380,0.25581395626068115,0.2558139534883721
2,3381,0.25545620918273926,0.2554561717352415
2,3382,0.2550983428955078,0.2550983899821109
2,3383,0.25474071502685547,0.25474060822898037
2,3384,0.254382848739624,0.25438282647584975
2,3385,0.2540249824523926,0.25402504472271914
2,3386,0.25366735458374023,0.2536672629695885
2,3387,0.2533094882965088,0.2533094812164579
2,3388,0.2529517412185669,0.2529516994633274
2,3389,0.252593994140625,0.2525939177101968
2,3390,0.25223612785339355,0.2522361359570662
2,3391,0.25187838077545166,0.25187835420393556
2,3392,0.25152063369750977,0.25152057245080506
2,3393,0.2511627674102783,0.25116279069767444
2,3394,0.2508050203323364,0.25080500894454383
2,3395,0.25044727325439453,0.2504472271914132
2,3396,0.2500894069671631,0.2500894454382826
2,3397,0.24973177909851074,0.2497316636851521
2,3398,0.2493739128112793,0.24937388193202148
2,3399,0.24901604652404785,0.24901610017889086
2,3400,0.2486584186553955,0.24865831842576025
2,3401,0.24830055236816406,0.24830053667262975
2,3402,0.24794280529022217,0.24794275491949913
2,3403,0.24758505821228027,0.24758497316636852
2,3404,0.24722719192504883,0.2472271914132379
2,3405,0.24686944484710693,0.2468694096601073
2,3406,0.24651169776916504,0.24651162790697678
2,3407,0.2461538314819336,0.24615384615384617
2,3408,0.2457960844039917,0.24579606440071555
2,3409,0.2454383373260498,0.24543828264758494
2,3410,0.24508047103881836,0.24508050089445443
2,3411,0.24472272396087646,0.24472271914132382
2,3412,0.24436497688293457,0.2443649373881932
2,3413,0.24400711059570312,0.2440071556350626
2,3414,0.24364948272705078,0.24364937388193197
2,3415,0.24329161643981934,0.24329159212880147
2,3416,0.2429337501525879,0.24293381037567086
2,3417,0.24257612228393555,0.24257602862254024
2,3418,0.2422182559967041,0.24221824686940963
2,3419,0.2418605089187622,0.24186046511627912
2,3420,0.2415027618408203,0.2415026833631485
2,3421,0.24114489555358887,0.2411449016100179
2,3422,0.24078714847564697,0.24078711985688728
2,3423,0.24042940139770508,0.24042933810375666
2,3424,0.24007153511047363,0.24007155635062616
2,3425,0.23971378803253174,0.23971377459749554
2,3426,0.23935604095458984,0.23935599284436493
2,3427,0.2389981746673584,0.2389982110912343
2,3428,0.2386404275894165,0.2386404293381038
2,3429,0.2382826805114746,0.2382826475849732
2,3430,0.23792481422424316,0.23792486583184258
2,3431,0.23756718635559082,0.23756708407871197
2,3432,0.23720932006835938,0.23720930232558135
2,3433,0.23685157299041748,0.23685152057245085
2,3434,0.23649382591247559,0.23649373881932023
2,3435,0.23613595962524414,0.23613595706618962
2,3436,0.23577821254730225,0.235778175313059
2,3437,0.23542046546936035,0.2354203935599285
2,3438,0.2350625991821289,0.23506261180679788
2,3439,0.234704852104187,0.23470483005366727
2,3440,0.23434710502624512,0.23434704830053665
2,3441,0.23398923873901367,0.23398926654740604
2,3442,0.23363149166107178,0.23363148479427553
2,3443,0.23327374458312988,0.23327370304114492
2,3444,0.23291587829589844,0.2329159212880143
2,3445,0.2325582504272461,0.2325581395348837
2,3446,0.23220038414001465,0.23220035778175319
2,3447,0.2318425178527832,0.23184257602862257
2,3448,0.23148488998413086,0.23148479427549196
2,3449,0.23112702369689941,0.23112701252236134
2,3450,0.23076927661895752,0.23076923076923073
2,3451,0.23041152954101562,0.23041144901610022
2,3452,0.23005366325378418,0.2300536672629696
2,3453,0.22969591617584229,0.229695885509839
2,3454,0.2293381690979004,0.22933810375670838
2,3455,0.22898030281066895,0.22898032200357776
2,3456,0.22862255573272705,0.22862254025044726
2,3457,0.22826480865478516,0.22826475849731664
2,3458,0.2279069423675537,0.22790697674418603
2,3459,0.22754919528961182,0.22754919499105541
2,3460,0.22719144821166992,0.2271914132379249
2,3461,0.22683358192443848,0.2268336314847943
2,3462,0.22647595405578613,0.22647584973166368
2,3463,0.2261180877685547,0.22611806797853307
2,3464,0.2257603406906128,0.22576028622540245
2,3465,0.2254025936126709,0.22540250447227195
2,3466,0.22504472732543945,0.22504472271914133
2,3467,0.22468698024749756,0.22468694096601072
2,3468,0.22432923316955566,0.2243291592128801
2,3469,0.22397136688232422,0.2239713774597496
2,3470,0.22361361980438232,0.22361359570661898
2,3471,0.22325587272644043,0.22325581395348837
2,3472,0.22289800643920898,0.22289803220035775
2,3473,0.2225402593612671,0.22254025044722714
2,3474,0.2221825122833252,0.22218246869409664
2,3475,0.22182464599609375,0.22182468694096602
2,3476,0.2214670181274414,0.2214669051878354
2,3477,0.22110915184020996,0.2211091234347048
2,3478,0.22075128555297852,0.2207513416815743
2,3479,0.22039365768432617,0.22039355992844367
2,3480,0.22003579139709473,0.22003577817531306
2,3481,0.21967804431915283,0.21967799642218244
2,3482,0.21932029724121094,0.21932021466905183
2,3483,0.2189624309539795,0.21896243291592132
2,3484,0.2186046838760376,0.2186046511627907
2,3485,0.2182469367980957,0.2182468694096601
2,3486,0.21788907051086426,0.21788908765652948
2,3487,0.21753132343292236,0.21753130590339897
2,3488,0.21717357635498047,0.21717352415026836
2,3489,0.21681571006774902,0.21681574239713775
2,3490,0.21645796298980713,0.21645796064400713
2,3491,0.21610021591186523,0.21610017889087652
2,3492,0.2157423496246338,0.215742397137746
2,3493,0.21538472175598145,0.2153846153846154
2,3494,0.21502685546875,0.21502683363148478
2,3495,0.2146691083908081,0.21466905187835417
2,3496,0.2143113613128662,0.21431127012522366
2,3497,0.21395349502563477,0.21395348837209305
2,3498,0.21359574794769287,0.21359570661896243
2,3499,0.21323800086975098,0.21323792486583182
2,3500,0.21288013458251953,0.2128801431127012
2,3501,0.21252238750457764,0.2125223613595707
2,3502,0.21216464042663574,0.21216457960644008
2,3503,0.2118067741394043,0.21180679785330947
2,3504,0.2114490270614624,0.21144901610017885
2,3505,0.2110912799835205,0.21109123434704835
2,3506,0.21073341369628906,0.21073345259391774
2,3507,0.21037578582763672,0.21037567084078712
2,3508,0.21001791954040527,0.2100178890876565
2,3509,0.20966005325317383,0.2096601073345259
2,3510,0.20930242538452148,0.2093023255813954
2,3511,0.20894455909729004,0.20894454382826477
2,3512,0.20858681201934814,0.20858676207513416
2,3513,0.20822906494140625,0.20822898032200354
2,3514,0.2078711986541748,0.20787119856887304
2,3515,0.2075134515762329,0.20751341681574242
2,3516,0.20715570449829102,0.2071556350626118
2,3517,0.20679783821105957,0.2067978533094812
2,3518,0.20644009113311768,0.20644007155635058
2,3519,0.20608234405517578,0.20608228980322008
2,3520,0.20572447776794434,0.20572450805008946
2,3521,0.20536673069000244,0.20536672629695885
2,3522,0.20500898361206055,0.20500894454382823
2,3523,0.2046511173248291,0.20465116279069773
2,3524,0.20429348945617676,0.2042933810375671
2,3525,0.2039356231689453,0.2039355992844365
2,3526,0.20357775688171387,0.20357781753130588
2,3527,0.20322012901306152,0.20322003577817527
2,3528,0.20286226272583008,0.20286225402504476
2,3529,0.20250451564788818,0.20250447227191415
2,3530,0.2021467685699463,0.20214669051878353
2,3531,0.20178890228271484,0.20178890876565292
2,3532,0.20143115520477295,0.20143112701252242
2,3533,0.20107340812683105,0.2010733452593918
2,3534,0.2007155418395996,0.20071556350626119
2,3535,0.20035779476165771,0.20035778175313057
2,3536,0.20000004768371582,0.19999999999999996
2,3537,0.19964218139648438,0.19964221824686945
2,3538,0.19928455352783203,0.19928443649373884
2,3539,0.19892668724060059,0.19892665474060822
2,3540,0.19856882095336914,0.1985688729874776
2,3541,0.1982111930847168,0.1982110912343471
2,3542,0.19785332679748535,0.1978533094812165
2,3543,0.19749557971954346,0.19749552772808587
2,3544,0.19713783264160156,0.19713774597495526
2,3545,0.19677996635437012,0.19677996422182464
2,3546,0.19642221927642822,0.19642218246869414
2,3547,0.19606447219848633,0.19606440071556352
2,3548,0.19570660591125488,0.1957066189624329
2,3549,0.195348858833313,0.1953488372093023
2,3550,0.1949911117553711,0.19499105545617168
2,3551,0.19463324546813965,0.19463327370304118
2,3552,0.19427549839019775,0.19427549194991056
2,3553,0.19391775131225586,0.19391771019677995
2,3554,0.19355988502502441,0.19355992844364933
2,3555,0.19320225715637207,0.19320214669051883
2,3556,0.19284439086914062,0.1928443649373882
2,3557,0.19248652458190918,0.1924865831842576
2,3558,0.19212889671325684,0.19212880143112698
2,3559,0.1917710304260254,0.19177101967799637
2,3560,0.1914132833480835,0.19141323792486586
2,3561,0.1910555362701416,0.19105545617173525
2,3562,0.19069766998291016,0.19069767441860463
2,3563,0.19033992290496826,0.19033989266547402
2,3564,0.18998217582702637,0.18998211091234352
2,3565,0.18962430953979492,0.1896243291592129
2,3566,0.18926656246185303,0.18926654740608229
2,3567,0.18890881538391113,0.18890876565295167
2,3568,0.1885509490966797,0.18855098389982106
2,3569,0.1881932020187378,0.18819320214669055
2,3570,0.1878354549407959,0.18783542039355994
2,3571,0.18747758865356445,0.18747763864042932
2,3572,0.1871199607849121,0.1871198568872987
2,3573,0.18676209449768066,0.1867620751341682
2,3574,0.18640434741973877,0.1864042933810376
2,3575,0.18604660034179688,0.18604651162790697
2,3576,0.18568873405456543,0.18568872987477636
2,3577,0.18533098697662354,0.18533094812164574
2,3578,0.18497323989868164,0.18497316636851524
2,3579,0.1846153736114502,0.18461538461538463
2,3580,0.1842576265335083,0.184257602862254
2,3581,0.1838998794555664,0.1838998211091234
2,3582,0.18354201316833496,0.1835420393559929
2,3583,0.18318426609039307,0.18318425760286228
2,3584,0.18282651901245117,0.18282647584973166
2,3585,0.18246865272521973,0.18246869409660105
2,3586,0.18211102485656738,0.18211091234347043
2,3587,0.18175315856933594,0.18175313059033993
2,3588,0.1813952922821045,0.1813953488372093
2,3589,0.18103766441345215,0.1810375670840787
2,3590,0.1806797981262207,0.18067978533094808
2,3591,0.1803220510482788,0.18032200357781758
2,3592,0.17996430397033691,0.17996422182468697
2,3593,0.17960643768310547,0.17960644007155635
2,3594,0.17924869060516357,0.17924865831842574
2,3595,0.17889094352722168,0.17889087656529512
2,3596,0.17853307723999023,0.17853309481216462
2,3597,0.17817533016204834,0.178175313059034
2,3598,0.17781758308410645,0.1778175313059034
2,3599,0.177459716796875,0.17745974955277277
2,3600,0.1771019697189331,0.17710196779964227
2,3601,0.1767442226409912,0.17674418604651165
2,3602,0.17638635635375977,0.17638640429338104
2,3603,0.17602872848510742,0.17602862254025042
2,3604,0.17567086219787598,0.1756708407871198
2,3605,0.17531311511993408,0.1753130590339893
2,3606,0.1749553680419922,0.1749552772808587
2,3607,0.17459750175476074,0.17459749552772807
2,3608,0.17423975467681885,0.17423971377459746
2,3609,0.17388200759887695,0.17388193202146696
2,3610,0.1735241413116455,0.17352415026833634
2,3611,0.1731663942337036,0.17316636851520573
2,3612,0.17280864715576172,0.1728085867620751
2,3613,0.17245078086853027,0.1724508050089445
2,3614,0.17209303379058838,0.172093023255814
2,3615,0.17173528671264648,0.17173524150268338
2,3616,0.17137742042541504,0.17137745974955276
2,3617,0.1710197925567627,0.17101967799642215
2,3618,0.17066192626953125,0.17066189624329164
2,3619,0.1703040599822998,0.17030411449016103
2,3620,0.16994643211364746,0.16994633273703041
2,3621,0.16958856582641602,0.1695885509838998
2,3622,0.16923081874847412,0.16923076923076918
2,3623,0.16887307167053223,0.16887298747763868
2,3624,0.16851520538330078,0.16851520572450807
2,3625,0.1681574583053589,0.16815742397137745
2,3626,0.167799711227417,0.16779964221824684
2,3627,0.16744184494018555,0.16744186046511633
2,3628,0.16708409786224365,0.16708407871198572
2,3629,0.16672635078430176,0.1667262969588551
2,3630,0.1663684844970703,0.1663685152057245
2,3631,0.16601073741912842,0.16601073345259387
2,3632,0.16565299034118652,0.16565295169946337
2,3633,0.16529512405395508,0.16529516994633275
2,3634,0.16493749618530273,0.16493738819320214
2,3635,0.1645796298980713,0.16457960644007152
2,3636,0.1642218828201294,0.16422182468694102
2,3637,0.1638641357421875,0.1638640429338104
2,3638,0.16350626945495605,0.1635062611806798
2,3639,0.16314852237701416,0.16314847942754918
2,3640,0.16279077529907227,0.16279069767441856
2,3641,0.16243290901184082,0.16243291592128806
2,3642,0.16207516193389893,0.16207513416815744
2,3643,0.16171741485595703,0.16171735241502683
2,3644,0.16135954856872559,0.1613595706618962
2,3645,0.1610018014907837,0.1610017889087657
2,3646,0.1606440544128418,0.1606440071556351
2,3647,0.16028618812561035,0.16028622540250448
2,3648,0.159928560256958,0.15992844364937386
2,3649,0.15957069396972656,0.15957066189624325
2,3650,0.15921282768249512,0.15921288014311274
2,3651,0.15885519981384277,0.15885509838998213
2,3652,0.15849733352661133,0.15849731663685152
2,3653,0.15813958644866943,0.1581395348837209
2,3654,0.15778183937072754,0.15778175313059029
2,3655,0.1574239730834961,0.15742397137745978
2,3656,0.1570662260055542,0.15706618962432917
2,3657,0.1567084789276123,0.15670840787119855
2,3658,0.15635061264038086,0.15635062611806794
2,3659,0.15599286556243896,0.15599284436493743
2,3660,0.15563511848449707,0.15563506261180682
2,3661,0.15527725219726562,0.1552772808586762
2,3662,0.15491950511932373,0.1549194991055456
2,3663,0.15456175804138184,0.15456171735241497
2,3664,0.1542038917541504,0.15420393559928447
2,3665,0.15384626388549805,0.15384615384615385
2,3666,0.1534883975982666,0.15348837209302324
2,3667,0.15313053131103516,0.15313059033989262
2,3668,0.1527729034423828,0.15277280858676212
2,3669,0.15241503715515137,0.1524150268336315
2,3670,0.15205729007720947,0.1520572450805009
2,3671,0.15169954299926758,0.15169946332737028
2,3672,0.15134167671203613,0.15134168157423966
2,3673,0.15098392963409424,0.15098389982110916
2,3674,0.15062618255615234,0.15062611806797854
2,3675,0.1502683162689209,0.15026833631484793
2,3676,0.149910569190979,0.1499105545617173
2,3677,0.1495528221130371,0.1495527728085868
2,3678,0.14919495582580566,0.1491949910554562
2,3679,0.14883732795715332,0.14883720930232558
2,3680,0.14847946166992188,0.14847942754919496
2,3681,0.14812159538269043,0.14812164579606435
2,3682,0.14776396751403809,0.14776386404293385
2,3683,0.14740610122680664,0.14740608228980323
2,3684,0.14704835414886475,0.14704830053667262
2,3685,0.14669060707092285,0.146690518783542
2,3686,0.1463327407836914,0.1463327370304115
2,3687,0.1459749937057495,0.14597495527728088
2,3688,0.14561724662780762,0.14561717352415027
2,3689,0.14525938034057617,0.14525939177101965
2,3690,0.14490163326263428,0.14490161001788904
2,3691,0.14454388618469238,0.14454382826475853
2,3692,0.14418601989746094,0.14418604651162792
2,3693,0.14382827281951904,0.1438282647584973
2,3694,0.14347052574157715,0.1434704830053667
2,3695,0.1431126594543457,0.14311270125223619
2,3696,0.14275503158569336,0.14275491949910557
2,3697,0.14239716529846191,0.14239713774597496
2,3698,0.14203929901123047,0.14203935599284434
2,3699,0.14168167114257812,0.14168157423971373
2,3700,0.14132380485534668,0.14132379248658322
2,3701,0.14096605777740479,0.1409660107334526
2,3702,0.1406083106994629,0.140608228980322
2,3703,0.14025044441223145,0.14025044722719138
2,3704,0.13989269733428955,0.13989266547406087
2,3705,0.13953495025634766,0.13953488372093026
2,3706,0.1391770839691162,0.13917710196779964
2,3707,0.13881933689117432,0.13881932021466903
2,3708,0.13846158981323242,0.1384615384615384
2,3709,0.13810372352600098,0.1381037567084079
2,3710,0.13774597644805908,0.1377459749552773
2,3711,0.1373882293701172,0.13738819320214668
2,3712,0.13703036308288574,0.13703041144901607
2,3713,0.1366727352142334,0.13667262969588556
2,3714,0.13631486892700195,0.13631484794275495
2,3715,0.13595712184906006,0.13595706618962433
2,3716,0.13559937477111816,0.13559928443649372
2,3717,0.13524150848388672,0.1352415026833631
2,3718,0.13488376140594482,0.1348837209302326
2,3719,0.13452601432800293,0.13452593917710198
2,3720,0.13416814804077148,0.13416815742397137
2,3721,0.1338104009628296,0.13381037567084075
2,3722,0.1334526538848877,0.13345259391771025
2,3723,0.13309478759765625,0.13309481216457963
2,3724,0.13273704051971436,0.13273703041144902
2,3725,0.13237929344177246,0.1323792486583184
2,3726,0.13202142715454102,0.1320214669051878
2,3727,0.13166379928588867,0.13166368515205729
2,3728,0.13130593299865723,0.13130590339892667
2,3729,0.13094806671142578,0.13094812164579606
2,3730,0.13059043884277344,0.13059033989266544
2,3731,0.130232572555542,0.13023255813953494
2,3732,0.1298748254776001,0.12987477638640432
2,3733,0.1295170783996582,0.1295169946332737
2,3734,0.12915921211242676,0.1291592128801431
2,3735,0.12880146503448486,0.12880143112701248
2,3736,0.12844371795654297,0.12844364937388197
2,3737,0.12808585166931152,0.12808586762075136
2,3738,0.12772810459136963,0.12772808586762074
2,3739,0.12737035751342773,0.12737030411449013
2,3740,0.1270124912261963,0.12701252236135963
2,3741,0.1266547441482544,0.126654740608229
2,3742,0.1262969970703125,0.1262969588550984
2,3743,0.12593913078308105,0.12593917710196778
2,3744,0.1255815029144287,0.12558139534883717
2,3745,0.12522363662719727,0.12522361359570666
2,3746,0.12486588954925537,0.12486583184257605
2,3747,0.12450814247131348,0.12450805008944543
2,3748,0.12415027618408203,0.12415026833631482
2,3749,0.12379252910614014,0.1237924865831842
2,3750,0.12343478202819824,0.1234347048300537
2,3751,0.1230769157409668,0.12307692307692308
2,3752,0.1227191686630249,0.12271914132379247
2,3753,0.12236142158508301,0.12236135957066185
2,3754,0.12200355529785156,0.12200357781753135
2,3755,0.12164580821990967,0.12164579606440074
2,3756,0.12128806114196777,0.12128801431127012
2,3757,0.12093019485473633,0.1209302325581395
2,3758,0.12057256698608398,0.12057245080500889
2,3759,0.12021470069885254,0.12021466905187839
2,3760,0.1198568344116211,0.11985688729874777
2,3761,0.11949920654296875,0.11949910554561716
2,3762,0.1191413402557373,0.11914132379248654
2,3763,0.11878359317779541,0.11878354203935604
2,3764,0.11842584609985352,0.11842576028622542
2,3765,0.11806797981262207,0.11806797853309481
2,3766,0.11771023273468018,0.1177101967799642
2,3767,0.11735248565673828,0.11735241502683358
2,3768,0.11699461936950684,0.11699463327370307
2,3769,0.11663687229156494,0.11663685152057246
2,3770,0.11627912521362305,0.11627906976744184
2,3771,0.1159212589263916,0.11592128801431123
2,3772,0.11556351184844971,0.11556350626118073
2,3773,0.11520576477050781,0.11520572450805011
2,3774,0.11484789848327637,0.1148479427549195
2,3775,0.11449027061462402,0.11449016100178888
2,3776,0.11413240432739258,0.11413237924865827
2,3777,0.11377465724945068,0.11377459749552776
2,3778,0.11341691017150879,0.11341681574239715
2,3779,0.11305904388427734,0.11305903398926653
2,3780,0.11270129680633545,0.11270125223613592
2,3781,0.11234354972839355,0.11234347048300541
2,3782,0.11198568344116211,0.1119856887298748
2,3783,0.11162793636322021,0.11162790697674418
2,3784,0.11127018928527832,0.11127012522361357
2,3785,0.11091232299804688,0.11091234347048295
2,3786,0.11055457592010498,0.11055456171735245
2,3787,0.11019682884216309,0.11019677996422184
2,3788,0.10983896255493164,0.10983899821109122
2,3789,0.1094813346862793,0.1094812164579606
2,3790,0.10912346839904785,0.1091234347048301
2,3791,0.1087656021118164,0.10876565295169949
2,3792,0.10840797424316406,0.10840787119856887
2,3793,0.10805010795593262,0.10805008944543826
2,3794,0.10769236087799072,0.10769230769230764
2,3795,0.10733461380004883,0.10733452593917714
2,3796,0.10697674751281738,0.10697674418604652
2,3797,0.10661900043487549,0.10661896243291591
2,3798,0.1062612533569336,0.1062611806797853
2,3799,0.10590338706970215,0.10590339892665479
2,3800,0.10554563999176025,0.10554561717352418
2,3801,0.10518789291381836,0.10518783542039356
2,3802,0.10483002662658691,0.10483005366726295
2,3803,0.10447227954864502,0.10447227191413233
2,3804,0.10411453247070312,0.10411449016100183
2,3805,0.10375666618347168,0.10375670840787121
2,3806,0.10339903831481934,0.1033989266547406
2,3807,0.10304117202758789,0.10304114490160998
2,3808,0.10268330574035645,0.10268336314847948
2,3809,0.1023256778717041,0.10232558139534886
2,3810,0.10196781158447266,0.10196779964221825
2,3811,0.10161006450653076,0.10161001788908763
2,3812,0.10125231742858887,0.10125223613595702
2,3813,0.10089445114135742,0.10089445438282652
2,3814,0.10053670406341553,0.1005366726296959
2,3815,0.10017895698547363,0.10017889087656529
2,3816,0.09982109069824219,0.09982110912343467
2,3817,0.09946334362030029,0.09946332737030417
2,3818,0.0991055965423584,0.09910554561717355
2,3819,0.09874773025512695,0.09874776386404294
2,3820,0.09839010238647461,0.09838998211091232
2,3821,0.09803223609924316,0.0980322003577817
2,3822,0.09767436981201172,0.0976744186046512
2,3823,0.09731674194335938,0.09731663685152059
2,3824,0.09695887565612793,0.09695885509838997
2,3825,0.09660112857818604,0.09660107334525936
2,3826,0.09624338150024414,0.09624329159212885
2,3827,0.0958855152130127,0.09588550983899824
2,3828,0.0955277681350708,0.09552772808586762
2,3829,0.0951700210571289,0.09516994633273701
2,3830,0.09481215476989746,0.0948121645796064
2,3831,0.09445440769195557,0.09445438282647589
2,3832,0.09409666061401367,0.09409660107334528
2,3833,0.09373879432678223,0.09373881932021466
2,3834,0.09338104724884033,0.09338103756708405
2,3835,0.09302330017089844,0.09302325581395354
2,3836,0.09266543388366699,0.09266547406082293
2,3837,0.09230780601501465,0.09230769230769231
2,3838,0.0919499397277832,0.0919499105545617
2,3839,0.09159207344055176,0.09159212880143108
2,3840,0.09123444557189941,0.09123434704830058
2,3841,0.09087657928466797,0.09087656529516996
2,3842,0.09051883220672607,0.09051878354203935
2,3843,0.09016108512878418,0.09016100178890873
2,3844,0.08980321884155273,0.08980322003577823
2,3845,0.08944547176361084,0.08944543828264762
2,3846,0.08908772468566895,0.089087656529517
2,3847,0.0887298583984375,0.08872987477638639
2,3848,0.0883721113204956,0.08837209302325577
2,3849,0.08801436424255371,0.08801431127012527
2,3850,0.08765649795532227,0.08765652951699465
2,3851,0.08729875087738037,0.08729874776386404
2,3852,0.08694100379943848,0.08694096601073342
2,3853,0.08658313751220703,0.08658318425760281
2,3854,0.08622550964355469,0.0862254025044723
2,3855,0.08586764335632324,0.08586762075134169
2,3856,0.08550989627838135,0.08550983899821107
2,3857,0.08515214920043945,0.08515205724508046
2,3858,0.08479428291320801,0.08479427549194996
2,3859,0.08443653583526611,0.08443649373881934
2,3860,0.08407878875732422,0.08407871198568873
2,3861,0.08372092247009277,0.08372093023255811
2,3862,0.08336317539215088,0.0833631484794275
2,3863,0.08300542831420898,0.08300536672629699
2,3864,0.08264756202697754,0.08264758497316638
2,3865,0.08228981494903564,0.08228980322003576
2,3866,0.08193206787109375,0.08193202146690515
2,3867,0.0815742015838623,0.08157423971377464
2,3868,0.08121657371520996,0.08121645796064403
2,3869,0.08085870742797852,0.08085867620751341
2,3870,0.08050084114074707,0.0805008944543828
2,3871,0.08014321327209473,0.08014311270125218
2,3872,0.07978534698486328,0.07978533094812168
2,3873,0.07942759990692139,0.07942754919499107
2,3874,0.07906985282897949,0.07906976744186045
2,3875,0.07871198654174805,0.07871198568872984
2,3876,0.07835423946380615,0.07835420393559933
2,3877,0.07799649238586426,0.07799642218246872
2,3878,0.07763862609863281,0.0776386404293381
2,3879,0.07728087902069092,0.07728085867620749
2,3880,0.07692313194274902,0.07692307692307687
2,3881,0.07656526565551758,0.07656529516994637
2,3882,0.07620751857757568,0.07620751341681575
2,3883,0.07584977149963379,0.07584973166368514
2,3884,0.07549190521240234,0.07549194991055452
2,3885,0.07513427734375,0.07513416815742402
2,3886,0.07477641105651855,0.0747763864042934
2,3887,0.07441866397857666,0.07441860465116279
2,3888,0.07406091690063477,0.07406082289803217
2,3889,0.07370305061340332,0.07370304114490156
2,3890,0.07334530353546143,0.07334525939177106
2,3891,0.07298755645751953,0.07298747763864044
2,3892,0.07262969017028809,0.07262969588550983
2,3893,0.07227194309234619,0.07227191413237921
2,3894,0.0719141960144043,0.07191413237924871
2,3895,0.07155632972717285,0.07155635062611809
2,3896,0.07119858264923096,0.07119856887298748
2,3897,0.07084083557128906,0.07084078711985686
2,3898,0.07048296928405762,0.07048300536672625
2,3899,0.07012534141540527,0.07012522361359574
2,3900,0.06976747512817383,0.06976744186046513
2,3901,0.06940960884094238,0.06940966010733451
2,3902,0.06905198097229004,0.0690518783542039
2,3903,0.0686941146850586,0.0686940966010734
2,3904,0.0683363676071167,0.06833631484794278
2,3905,0.0679786205291748,0.06797853309481217
2,3906,0.06762075424194336,0.06762075134168155
2,3907,0.06726300716400146,0.06726296958855094
2,3908,0.06690526008605957,0.06690518783542043
2,3909,0.06654739379882812,0.06654740608228982
2,3910,0.06618964672088623,0.0661896243291592
2,3911,0.06583189964294434,0.06583184257602859
2,3912,0.06547403335571289,0.06547406082289808
2,3913,0.065116286277771,0.06511627906976747
2,3914,0.0647585391998291,0.06475849731663685
2,3915,0.06440067291259766,0.06440071556350624
2,3916,0.06404304504394531,0.06404293381037562
2,3917,0.06368517875671387,0.06368515205724512
2,3918,0.06332743167877197,0.0633273703041145
2,3919,0.06296968460083008,0.06296958855098389
2,3920,0.06261181831359863,0.06261180679785328
2,3921,0.06225407123565674,0.06225402504472277
2,3922,0.061896324157714844,0.06189624329159216
2,3923,0.0615384578704834,0.06153846153846154
2,3924,0.061180710792541504,0.06118067978533093
2,3925,0.06082296371459961,0.06082289803220031
2,3926,0.060465097427368164,0.06046511627906981
2,3927,0.06010735034942627,0.06010733452593919
2,3928,0.059749603271484375,0.05974955277280858
2,3929,0.05939173698425293,0.059391771019677964
2,3930,0.059034109115600586,0.05903398926654746
2,3931,0.05867624282836914,0.058676207513416845
2,3932,0.058318376541137695,0.05831842576028623
2,3933,0.05796074867248535,0.057960644007155615
2,3934,0.057602882385253906,0.057602862254025
2,3935,0.05724513530731201,0.057245080500894496
2,3936,0.05688738822937012,0.05688729874776388
2,3937,0.05652952194213867,0.056529516994633267
2,3938,0.05617177486419678,0.05617173524150265
2,3939,0.05581402778625488,0.05581395348837215
2,3940,0.05545616149902344,0.05545617173524153
2,3941,0.05509841442108154,0.05509838998211092
2,3942,0.05474066734313965,0.0547406082289803
2,3943,0.0543828010559082,0.05438282647584969
2,3944,0.05402505397796631,0.054025044722719184
2,3945,0.053667306900024414,0.05366726296958857
2,3946,0.05330944061279297,0.053309481216457955
2,3947,0.052951812744140625,0.05295169946332734
2,3948,0.05259394645690918,0.052593917710196725
2,3949,0.052236080169677734,0.05223613595706622
2,3950,0.05187845230102539,0.051878354203935606
2,3951,0.051520586013793945,0.05152057245080499
2,3952,0.05116283893585205,0.051162790697674376
2,3953,0.050805091857910156,0.05080500894454387
2,3954,0.05044722557067871,0.05044722719141326
2,3955,0.050089478492736816,0.05008944543828264
2,3956,0.04973173141479492,0.04973166368515203
2,3957,0.04937386512756348,0.04937388193202141
2,3958,0.04901611804962158,0.04901610017889091
2,3959,0.04865837097167969,0.048658318425760294
2,3960,0.04830050468444824,0.04830053667262968
2,3961,0.0479428768157959,0.047942754919499064
2,3962,0.04758501052856445,0.04758497316636856
2,3963,0.04722714424133301,0.047227191413237946
2,3964,0.046869516372680664,0.04686940966010733
2,3965,0.04651165008544922,0.046511627906976716
2,3966,0.046153903007507324,0.0461538461538461
2,3967,0.04579615592956543,0.0457960644007156
2,3968,0.045438289642333984,0.04543828264758498
2,3969,0.04508054256439209,0.04508050089445437
2,3970,0.044722795486450195,0.04472271914132375
2,3971,0.04436492919921875,0.04436493738819325
2,3972,0.044007182121276855,0.044007155635062634
2,3973,0.04364943504333496,0.04364937388193202
2,3974,0.043291568756103516,0.043291592128801404
2,3975,0.04293382167816162,0.04293381037567079
2,3976,0.04257607460021973,0.042576028622540285
2,3977,0.04221820831298828,0.04221824686940967
2,3978,0.04186058044433594,0.041860465116279055
2,3979,0.04150271415710449,0.04150268336314844
2,3980,0.04114484786987305,0.04114490161001794
2,3981,0.0407872200012207,0.04078711985688732
2,3982,0.04042935371398926,0.04042933810375671
2,3983,0.04007160663604736,0.04007155635062609
2,3984,0.03971385955810547,0.03971377459749548
2,3985,0.03935599327087402,0.03935599284436497
2,3986,0.03899824619293213,0.03899821109123436
2,3987,0.038640499114990234,0.03864042933810374
2,3988,0.03828263282775879,0.03828264758497313
2,3989,0.037924885749816895,0.037924865831842625
2,3990,0.037567138671875,0.03756708407871201
2,3991,0.037209272384643555,0.037209302325581395
2,3992,0.03685152530670166,0.03685152057245078
2,3993,0.036493778228759766,0.036493738819320165
2,3994,0.03613591194152832,0.03613595706618966
2,3995,0.03577828407287598,0.035778175313059046
2,3996,0.03542041778564453,0.03542039355992843
2,3997,0.03506267070770264,0.035062611806797817
2,3998,0.03470492362976074,0.03470483005366731
2,3999,0.0343470573425293,0.0343470483005367
2,4000,0.0339893102645874,0.03398926654740608
2,4001,0.03363156318664551,0.03363148479427547
2,4002,0.03327369689941406,0.03327370304114485
2,4003,0.03291594982147217,0.03291592128801435
2,4004,0.03255820274353027,0.032558139534883734
2,4005,0.03220033645629883,0.03220035778175312
2,4006,0.031842589378356934,0.031842576028622505
2,4007,0.03148484230041504,0.031484794275492
2,4008,0.031126976013183594,0.031127012522361386
2,4009,0.03076934814453125,0.03076923076923077
2,4010,0.030411481857299805,0.030411449016100156
2,4011,0.03005361557006836,0.03005366726296954
2,4012,0.029695987701416016,0.029695885509839037
2,4013,0.02933812141418457,0.029338103756708422
2,4014,0.028980374336242676,0.028980322003577808
2,4015,0.02862262725830078,0.028622540250447193
2,4016,0.028264760971069336,0.02826475849731669
2,4017,0.02790701389312744,0.027906976744186074
2,4018,0.027549266815185547,0.02754919499105546
2,4019,0.0271914005279541,0.027191413237924844
2,4020,0.026833653450012207,0.02683363148479423
2,4021,0.026475906372070312,0.026475849731663725
2,4022,0.026118040084838867,0.02611806797853311
2,4023,0.025760293006896973,0.025760286225402496
2,4024,0.025402545928955078,0.02540250447227188
2,4025,0.025044679641723633,0.025044722719141377
2,4026,0.02468705177307129,0.024686940966010762
2,4027,0.024329185485839844,0.024329159212880147
2,4028,0.02397143840789795,0.023971377459749532
2,4029,0.023613691329956055,0.023613595706618917
2,4030,0.02325582504272461,0.023255813953488413
2,4031,0.022898077964782715,0.0228980322003578
2,4032,0.02254033088684082,0.022540250447227184
2,4033,0.022182464599609375,0.02218246869409657
2,4034,0.02182471752166748,0.021824686940966065
2,4035,0.021466970443725586,0.02146690518783545
2,4036,0.02110910415649414,0.021109123434704835
2,4037,0.020751357078552246,0.02075134168157422
2,4038,0.02039361000061035,0.020393559928443605
2,4039,0.020035743713378906,0.0200357781753131
2,4040,0.019678115844726562,0.019677996422182487
2,4041,0.019320249557495117,0.01932021466905187
2,4042,0.018962383270263672,0.018962432915921257
2,4043,0.018604755401611328,0.018604651162790753
2,4044,0.018246889114379883,0.018246869409660138
2,4045,0.01788914203643799,0.017889087656529523
2,4046,0.017531394958496094,0.017531305903398908
2,4047,0.01717352867126465,0.017173524150268293
2,4048,0.016815781593322754,0.01681574239713779
2,4049,0.01645803451538086,0.016457960644007175
2,4050,0.016100168228149414,0.01610017889087656
2,4051,0.01574242115020752,0.015742397137745945
2,4052,0.015384674072265625,0.01538461538461533
2,4053,0.01502680778503418,0.015026833631484826
2,4054,0.014669060707092285,0.014669051878354211
2,4055,0.01431131362915039,0.014311270125223596
2,4056,0.013953447341918945,0.013953488372092981
2,4057,0.013595819473266602,0.013595706618962478
2,4058,0.013237953186035156,0.013237924865831863
2,4059,0.012880206108093262,0.012880143112701248
2,4060,0.012522459030151367,0.012522361359570633
2,4061,0.012164592742919922,0.012164579606440018
2,4062,0.011806845664978027,0.011806797853309514
2,4063,0.011449098587036133,0.0114490161001789
2,4064,0.011091232299804688,0.011091234347048284
2,4065,0.010733485221862793,0.01073345259391767
2,4066,0.010375738143920898,0.010375670840787166
2,4067,0.010017871856689453,0.01001788908765655
2,4068,0.009660124778747559,0.009660107334525936
2,4069,0.009302377700805664,0.009302325581395321
2,4070,0.008944511413574219,0.008944543828264706
2,4071,0.008586883544921875,0.008586762075134202
2,4072,0.00822901725769043,0.008228980322003587
2,4073,0.007871150970458984,0.007871198568872972
2,4074,0.007513523101806641,0.0075134168157423575
2,4075,0.007155656814575195,0.007155635062611854
2,4076,0.006797909736633301,0.006797853309481239
2,4077,0.006440162658691406,0.006440071556350624
2,4078,0.006082296371459961,0.006082289803220009
2,4079,0.005724549293518066,0.005724508050089394
2,4080,0.005366802215576172,0.00536672629695889
2,4081,0.0050089359283447266,0.005008944543828275
2,4082,0.004651188850402832,0.0046511627906976605
2,4083,0.0042934417724609375,0.004293381037567046
2,4084,0.003935575485229492,0.003935599284436542
2,4085,0.0035778284072875977,0.003577817531305927
2,4086,0.003220081329345703,0.003220035778175312
2,4087,0.002862215042114258,0.002862254025044697
2,4088,0.002504587173461914,0.002504472271914082
2,4089,0.0021467208862304688,0.0021466905187835783
2,4090,0.0017888545989990234,0.0017889087656529634
2,4091,0.0014312267303466797,0.0014311270125223485
2,4092,0.0010733604431152344,0.0010733452593917336
2,4093,0.0007156133651733398,0.0007155635062612298
2,4094,0.0003578662872314453,0.0003577817531306149
2,4095,0.0,0.0
