binary,name,value,size,type,bind,section,table
arbhar_gpio~.pd_linux,/usr/lib/gcc/arm-linux-gnueabihf/8/../../../arm-linux-gnueabihf/crti.o,0,0,4,0,65521,.symtab
arbhar_gpio~.pd_linux,call_weak_fn,15848,0,2,0,11,.symtab
arbhar_gpio~.pd_linux,/usr/lib/gcc/arm-linux-gnueabihf/8/../../../arm-linux-gnueabihf/crtn.o,0,0,4,0,65521,.symtab
arbhar_gpio~.pd_linux,crtstuff.c,0,0,4,0,65521,.symtab
arbhar_gpio~.pd_linux,deregister_tm_clones,15884,0,2,0,11,.symtab
arbhar_gpio~.pd_linux,register_tm_clones,15952,0,2,0,11,.symtab
arbhar_gpio~.pd_linux,__do_global_dtors_aux,16032,0,2,0,11,.symtab
arbhar_gpio~.pd_linux,completed.10783,160692,1,1,0,20,.symtab
arbhar_gpio~.pd_linux,__do_global_dtors_aux_fini_array_entry,159484,0,1,0,16,.symtab
arbhar_gpio~.pd_linux,frame_dummy,16136,0,2,0,11,.symtab
arbhar_gpio~.pd_linux,__frame_dummy_init_array_entry,159480,0,1,0,15,.symtab
arbhar_gpio~.pd_linux,arbhar_gpio~.c,0,0,4,0,65521,.symtab
arbhar_gpio~.pd_linux,calculateFollowSpeed,16144,396,2,0,11,.symtab
arbhar_gpio~.pd_linux,_setFreezeThresh,16540,48,2,0,11,.symtab
arbhar_gpio~.pd_linux,_setFreezeCount,16588,48,2,0,11,.symtab
arbhar_gpio~.pd_linux,printMcpChValues,17140,76,2,0,11,.symtab
arbhar_gpio~.pd_linux,_setStrikeSampRate,17216,32,2,0,11,.symtab
arbhar_gpio~.pd_linux,_setAdcSampRate,17248,160,2,0,11,.symtab
arbhar_gpio~.pd_linux,_setMidValue,17408,592,2,0,11,.symtab
arbhar_gpio~.pd_linux,_takeCalibrationValues,18112,652,2,0,11,.symtab
arbhar_gpio~.pd_linux,_setCurrentParamMode,25484,152,2,0,11,.symtab
arbhar_gpio~.pd_linux,led_menuPagesIndicator,28116,856,2,0,11,.symtab
arbhar_gpio~.pd_linux,_setModCVMode,34352,312,2,0,11,.symtab
arbhar_gpio~.pd_linux,arbhar_gpio_tilde_bang,52760,4056,2,0,11,.symtab
arbhar_gpio~.pd_linux,MCP_CH_SEQUENTIALLY,77852,16,1,0,13,.symtab
arbhar_gpio~.pd_linux,SAW,77868,2060,1,0,13,.symtab
arbhar_gpio~.pd_linux,GAUSS,79928,2060,1,0,13,.symtab
arbhar_gpio~.pd_linux,SQUARE,81988,2060,1,0,13,.symtab
arbhar_gpio~.pd_linux,FILE_SLOT_LED,84060,336,1,0,13,.symtab
arbhar_gpio~.pd_linux,pVal.9821,160492,1,1,0,19,.symtab
arbhar_gpio~.pd_linux,pVal.9831,160493,1,1,0,19,.symtab
arbhar_gpio~.pd_linux,pVal.9836,160494,1,1,0,19,.symtab
arbhar_gpio~.pd_linux,pVal.10594,160495,1,1,0,19,.symtab
arbhar_gpio~.pd_linux,pLed.10873,160496,4,1,0,19,.symtab
arbhar_gpio~.pd_linux,count.10731,160500,4,1,0,19,.symtab
arbhar_gpio~.pd_linux,direction.10729,160504,4,1,0,19,.symtab
arbhar_gpio~.pd_linux,prevFollow.10586,160508,1,1,0,19,.symtab
arbhar_gpio~.pd_linux,prevClocked.10639,160509,1,1,0,19,.symtab
arbhar_gpio~.pd_linux,pBpm.10666,160512,4,1,0,19,.symtab
arbhar_gpio~.pd_linux,pLink.11058,160516,1,1,0,19,.symtab
arbhar_gpio~.pd_linux,pCaptGate.11059,160517,1,1,0,19,.symtab
arbhar_gpio~.pd_linux,pButtonUp.11060,160518,1,1,0,19,.symtab
arbhar_gpio~.pd_linux,checkButtonsOnStartup.10757,160520,4,1,0,19,.symtab
arbhar_gpio~.pd_linux,quantiseTakenAt.10759,160524,4,1,0,19,.symtab
arbhar_gpio~.pd_linux,frame.10791,160528,4,1,0,19,.symtab
arbhar_gpio~.pd_linux,pOffset.10793,160532,4,1,0,19,.symtab
arbhar_gpio~.pd_linux,pState.10794,160536,4,1,0,19,.symtab
arbhar_gpio~.pd_linux,pCh.10803,160540,64,1,0,19,.symtab
arbhar_gpio~.pd_linux,directionLeds.10816,160604,4,1,0,19,.symtab
arbhar_gpio~.pd_linux,prevId.11163,160608,4,1,0,19,.symtab
arbhar_gpio~.pd_linux,pState.11192,160612,1,1,0,19,.symtab
arbhar_gpio~.pd_linux,pState.11200,160613,1,1,0,19,.symtab
arbhar_gpio~.pd_linux,pState.11208,160614,1,1,0,19,.symtab
arbhar_gpio~.pd_linux,led.11240,160616,4,1,0,19,.symtab
arbhar_gpio~.pd_linux,add.11241,160620,4,1,0,19,.symtab
arbhar_gpio~.pd_linux,initFrame.11221,160624,4,1,0,19,.symtab
arbhar_gpio~.pd_linux,showForNoFrames.11222,160628,4,1,0,19,.symtab
arbhar_gpio~.pd_linux,prevSlotNo.11224,160632,4,1,0,19,.symtab
arbhar_gpio~.pd_linux,count.10440,160696,4,1,0,20,.symtab
arbhar_gpio~.pd_linux,time.9822,160700,4,1,0,20,.symtab
arbhar_gpio~.pd_linux,time.9832,160704,4,1,0,20,.symtab
arbhar_gpio~.pd_linux,time.9837,160708,4,1,0,20,.symtab
arbhar_gpio~.pd_linux,pTime.10697,160712,4,1,0,20,.symtab
arbhar_gpio~.pd_linux,val.10688,160716,4,1,0,20,.symtab
arbhar_gpio~.pd_linux,prevComboVal.10718,160720,4,1,0,20,.symtab
arbhar_gpio~.pd_linux,pTime.10719,160724,4,1,0,20,.symtab
arbhar_gpio~.pd_linux,pModeVal.10837,160728,1,1,0,20,.symtab
arbhar_gpio~.pd_linux,pPos.10853,160732,4,1,0,20,.symtab
arbhar_gpio~.pd_linux,state.10852,160736,4,1,0,20,.symtab
arbhar_gpio~.pd_linux,prevState.10870,160740,4,1,0,20,.symtab
arbhar_gpio~.pd_linux,prevParamMode.10728,160744,4,1,0,20,.symtab
arbhar_gpio~.pd_linux,playLayer.10611,160748,4,1,0,20,.symtab
arbhar_gpio~.pd_linux,lyp.10609,160752,4,1,0,20,.symtab
arbhar_gpio~.pd_linux,prevOm.10613,160756,1,1,0,20,.symtab
arbhar_gpio~.pd_linux,mcpChSCP.10503,160760,4,1,0,20,.symtab
arbhar_gpio~.pd_linux,switch_state.10574,160764,1,1,0,20,.symtab
arbhar_gpio~.pd_linux,enable.10573,160765,1,1,0,20,.symtab
arbhar_gpio~.pd_linux,val.10646,160768,4,1,0,20,.symtab
arbhar_gpio~.pd_linux,count.10432,160772,4,1,0,20,.symtab
arbhar_gpio~.pd_linux,slowCh.10539,160776,1,1,0,20,.symtab
arbhar_gpio~.pd_linux,values.10532,160780,32,1,0,20,.symtab
arbhar_gpio~.pd_linux,prevTrigVal.10555,160812,4,1,0,20,.symtab
arbhar_gpio~.pd_linux,pHoldVal.10561,160816,4,1,0,20,.symtab
arbhar_gpio~.pd_linux,bpmGotAdapted.10667,160820,4,1,0,20,.symtab
arbhar_gpio~.pd_linux,val.10674,160824,4,1,0,20,.symtab
arbhar_gpio~.pd_linux,pTriggerState.10677,160828,4,1,0,20,.symtab
arbhar_gpio~.pd_linux,pFrame.10969,160832,4,1,0,20,.symtab
arbhar_gpio~.pd_linux,pCvVal.10979,160836,1,1,0,20,.symtab
arbhar_gpio~.pd_linux,strikeCount.10980,160840,4,1,0,20,.symtab
arbhar_gpio~.pd_linux,pFrame.10974,160844,4,1,0,20,.symtab
arbhar_gpio~.pd_linux,prevMode.10331,160848,4,1,0,20,.symtab
arbhar_gpio~.pd_linux,pCaptCV.11135,160852,1,1,0,20,.symtab
arbhar_gpio~.pd_linux,pStrikeCV.11136,160853,1,1,0,20,.symtab
arbhar_gpio~.pd_linux,pHoldVal.11140,160856,4,1,0,20,.symtab
arbhar_gpio~.pd_linux,initialisationCount.11081,160860,4,1,0,20,.symtab
arbhar_gpio~.pd_linux,shiftNo.11103,160864,4,1,0,20,.symtab
arbhar_gpio~.pd_linux,captNo.11104,160868,4,1,0,20,.symtab
arbhar_gpio~.pd_linux,strikeNo.11105,160872,4,1,0,20,.symtab
arbhar_gpio~.pd_linux,prevActivityVal.11071,160876,4,1,0,20,.symtab
arbhar_gpio~.pd_linux,quantisedVal.10761,160880,4,1,0,20,.symtab
arbhar_gpio~.pd_linux,prevQuantiseStatus.10764,160884,4,1,0,20,.symtab
arbhar_gpio~.pd_linux,pFM.10766,160888,1,1,0,20,.symtab
arbhar_gpio~.pd_linux,pCM.10767,160889,1,1,0,20,.symtab
arbhar_gpio~.pd_linux,timeCount.10769,160892,4,1,0,20,.symtab
arbhar_gpio~.pd_linux,fireLayerLedTick.10777,160896,1,1,0,20,.symtab
arbhar_gpio~.pd_linux,pCVal.10784,160900,4,1,0,20,.symtab
arbhar_gpio~.pd_linux,pSVal.10786,160904,4,1,0,20,.symtab
arbhar_gpio~.pd_linux,triggerTestSignalFrame.10788,160908,4,1,0,20,.symtab
arbhar_gpio~.pd_linux,triggerState.10789,160912,4,1,0,20,.symtab
arbhar_gpio~.pd_linux,count.10792,160916,4,1,0,20,.symtab
arbhar_gpio~.pd_linux,update.10795,160920,4,1,0,20,.symtab
arbhar_gpio~.pd_linux,use.10804,160924,4,1,0,20,.symtab
arbhar_gpio~.pd_linux,duration.10817,160928,4,1,0,20,.symtab
arbhar_gpio~.pd_linux,enableCalibration.10812,160932,4,1,0,20,.symtab
arbhar_gpio~.pd_linux,centre.9787,160936,168,1,0,20,.symtab
arbhar_gpio~.pd_linux,winner.9788,161104,4,1,0,20,.symtab
arbhar_gpio~.pd_linux,lastPotVal.11155,161108,4,1,0,20,.symtab
arbhar_gpio~.pd_linux,pVal.11185,161112,4,1,0,20,.symtab
arbhar_gpio~.pd_linux,enable.11190,161116,1,1,0,20,.symtab
arbhar_gpio~.pd_linux,switch_state.11191,161117,1,1,0,20,.symtab
arbhar_gpio~.pd_linux,enable.11198,161118,1,1,0,20,.symtab
arbhar_gpio~.pd_linux,switch_state.11199,161119,1,1,0,20,.symtab
arbhar_gpio~.pd_linux,enable.11206,161120,1,1,0,20,.symtab
arbhar_gpio~.pd_linux,switch_state.11207,161121,1,1,0,20,.symtab
arbhar_gpio~.pd_linux,showOnsetModeCount.11223,161124,4,1,0,20,.symtab
arbhar_gpio~.pd_linux,resetLed.11227,161128,4,1,0,20,.symtab
arbhar_gpio~.pd_linux,pQuantVal.11230,161132,4,1,0,20,.symtab
arbhar_gpio~.pd_linux,frame.11236,161136,4,1,0,20,.symtab
arbhar_gpio~.pd_linux,count.10989,161140,4,1,0,20,.symtab
arbhar_gpio~.pd_linux,arbhar_gpio_tilde_class,161144,4,1,0,20,.symtab
arbhar_gpio~.pd_linux,bcm2835.c,0,0,4,0,65521,.symtab
arbhar_gpio~.pd_linux,bcm2835_close.part.4,66736,84,2,0,11,.symtab
arbhar_gpio~.pd_linux,mapmem.constprop.5,66820,120,2,0,11,.symtab
arbhar_gpio~.pd_linux,bcm2835_gpio_pud.part.1,67320,24,2,0,11,.symtab
arbhar_gpio~.pd_linux,CSWTCH.158,89220,3,1,0,13,.symtab
arbhar_gpio~.pd_linux,bcm2835_byte_reverse_table,89224,256,1,0,13,.symtab
arbhar_gpio~.pd_linux,CSWTCH.159,89480,12,1,0,13,.symtab
arbhar_gpio~.pd_linux,bcm2835_spi_bit_order,160684,1,1,0,19,.symtab
arbhar_gpio~.pd_linux,debug,161148,1,1,0,20,.symtab
arbhar_gpio~.pd_linux,pud_type_rpi4,161149,1,1,0,20,.symtab
arbhar_gpio~.pd_linux,pud_compat_setting,161150,1,1,0,20,.symtab
arbhar_gpio~.pd_linux,spi1_speed,161152,4,1,0,20,.symtab
arbhar_gpio~.pd_linux,i2c_byte_wait_us,161156,4,1,0,20,.symtab
arbhar_gpio~.pd_linux,_udivsi3.o,0,0,4,0,65521,.symtab
arbhar_gpio~.pd_linux,.udivsi3_skip_div0_test,76728,0,0,0,11,.symtab
arbhar_gpio~.pd_linux,shift,0,0,0,0,65521,.symtab
arbhar_gpio~.pd_linux,_divsi3.o,0,0,4,0,65521,.symtab
arbhar_gpio~.pd_linux,.divsi3_skip_div0_test,77260,0,0,0,11,.symtab
arbhar_gpio~.pd_linux,shift,0,0,0,0,65521,.symtab
arbhar_gpio~.pd_linux,_dvmd_lnx.o,0,0,4,0,65521,.symtab
arbhar_gpio~.pd_linux,crtstuff.c,0,0,4,0,65521,.symtab
arbhar_gpio~.pd_linux,__FRAME_END__,89876,0,1,0,14,.symtab
arbhar_gpio~.pd_linux,__aeabi_uidiv,76728,0,2,0,11,.symtab
arbhar_gpio~.pd_linux,_fini,77844,0,2,0,12,.symtab
arbhar_gpio~.pd_linux,__aeabi_idivmod,77796,32,2,0,11,.symtab
arbhar_gpio~.pd_linux,__aeabi_ldiv0,77828,16,2,0,11,.symtab
arbhar_gpio~.pd_linux,__udivsi3,76728,492,2,0,11,.symtab
arbhar_gpio~.pd_linux,__dso_handle,160488,0,1,0,19,.symtab
arbhar_gpio~.pd_linux,__divsi3,77252,544,2,0,11,.symtab
arbhar_gpio~.pd_linux,__aeabi_idiv0,77828,16,2,0,11,.symtab
arbhar_gpio~.pd_linux,_DYNAMIC,159488,0,1,0,65521,.symtab
arbhar_gpio~.pd_linux,__aeabi_uidivmod,77220,32,2,0,11,.symtab
arbhar_gpio~.pd_linux,__TMC_END__,160692,0,1,0,19,.symtab
arbhar_gpio~.pd_linux,_GLOBAL_OFFSET_TABLE_,159744,0,1,0,65521,.symtab
arbhar_gpio~.pd_linux,__aeabi_idiv,77252,0,2,0,11,.symtab
arbhar_gpio~.pd_linux,_init,14064,0,2,0,9,.symtab
arbhar_gpio~.pd_linux,_getCaptureCvToShMem,43088,40,2,1,11,.symtab
arbhar_gpio~.pd_linux,_setStereoSwitch,59320,436,2,1,11,.symtab
arbhar_gpio~.pd_linux,gensym,0,0,0,1,0,.symtab
arbhar_gpio~.pd_linux,bcm2835_aux_spi_begin,70580,176,2,1,11,.symtab
arbhar_gpio~.pd_linux,raise@@GLIBC_2.4,0,0,2,1,0,.symtab
arbhar_gpio~.pd_linux,_shareRecordingStateToShMem,45400,112,2,1,11,.symtab
arbhar_gpio~.pd_linux,bcm2835_spi_setDataMode,69224,24,2,1,11,.symtab
arbhar_gpio~.pd_linux,_testButtonsChanged,24596,392,2,1,11,.symtab
arbhar_gpio~.pd_linux,bcm2835_gpio_clr_hen,68080,44,2,1,11,.symtab
arbhar_gpio~.pd_linux,_getTimeFromStrikeCV,44388,180,2,1,11,.symtab
arbhar_gpio~.pd_linux,bcm2835_st_read,73340,144,2,1,11,.symtab
arbhar_gpio~.pd_linux,bcm2835_i2c_write,72440,368,2,1,11,.symtab
arbhar_gpio~.pd_linux,strcmp@@GLIBC_2.4,0,0,2,1,0,.symtab
arbhar_gpio~.pd_linux,__cxa_finalize@@GLIBC_2.4,0,0,2,2,0,.symtab
arbhar_gpio~.pd_linux,captureFilter,20476,116,2,1,11,.symtab
arbhar_gpio~.pd_linux,bcm2835_gpio_lev,67640,60,2,1,11,.symtab
arbhar_gpio~.pd_linux,tick_bpmClock,43584,804,2,1,11,.symtab
arbhar_gpio~.pd_linux,bcm2835_gpio_pudclk,73980,84,2,1,11,.symtab
arbhar_gpio~.pd_linux,changeInternalClockState,32752,284,2,1,11,.symtab
arbhar_gpio~.pd_linux,_ITM_deregisterTMCloneTable,0,0,0,2,0,.symtab
arbhar_gpio~.pd_linux,bcm2835_gpio_len,68124,44,2,1,11,.symtab
arbhar_gpio~.pd_linux,bcm2835_gpio_clr_ren,67904,44,2,1,11,.symtab
arbhar_gpio~.pd_linux,bcm2835_pads,160656,4,1,1,19,.symtab
arbhar_gpio~.pd_linux,printf@@GLIBC_2.4,0,0,2,1,0,.symtab
arbhar_gpio~.pd_linux,fopen@@GLIBC_2.4,0,0,2,1,0,.symtab
arbhar_gpio~.pd_linux,_setPlayParameters,31824,928,2,1,11,.symtab
arbhar_gpio~.pd_linux,tick_processButtonUp,46040,744,2,1,11,.symtab
arbhar_gpio~.pd_linux,tick_getBCM2835,46784,1112,2,1,11,.symtab
arbhar_gpio~.pd_linux,bcm2835_version,67132,12,2,1,11,.symtab
arbhar_gpio~.pd_linux,bcm2835_gpio_clr_fen,67992,44,2,1,11,.symtab
arbhar_gpio~.pd_linux,bcm2835_pwm_set_range,75584,136,2,1,11,.symtab
arbhar_gpio~.pd_linux,readFromSharedMem,23692,64,2,1,11,.symtab
arbhar_gpio~.pd_linux,tick_strikeLed,33388,144,2,1,11,.symtab
arbhar_gpio~.pd_linux,bcm2835_peri_read,67144,64,2,1,11,.symtab
arbhar_gpio~.pd_linux,_strikeCvToPlayGrain,52520,16,2,1,11,.symtab
arbhar_gpio~.pd_linux,_setFwdLed,16688,52,2,1,11,.symtab
arbhar_gpio~.pd_linux,bcm2835_gpio_set,67512,40,2,1,11,.symtab
arbhar_gpio~.pd_linux,outlet_free,0,0,0,1,0,.symtab
arbhar_gpio~.pd_linux,pd_new,0,0,0,1,0,.symtab
arbhar_gpio~.pd_linux,_setMidValueByCh,34100,212,2,1,11,.symtab
arbhar_gpio~.pd_linux,_setPresetValues,34708,6200,2,1,11,.symtab
arbhar_gpio~.pd_linux,_setup_gpio,19316,576,2,1,11,.symtab
arbhar_gpio~.pd_linux,nanosleep@@GLIBC_2.4,0,0,2,1,0,.symtab
arbhar_gpio~.pd_linux,memcpy@@GLIBC_2.4,0,0,2,1,0,.symtab
arbhar_gpio~.pd_linux,malloc_aligned,75856,60,2,1,11,.symtab
arbhar_gpio~.pd_linux,bcm2835_pwm_set_mode,75408,176,2,1,11,.symtab
arbhar_gpio~.pd_linux,bcm2835_gpio_clr,67552,40,2,1,11,.symtab
arbhar_gpio~.pd_linux,_setOrder_strike,45304,56,2,1,11,.symtab
arbhar_gpio~.pd_linux,shmget@@GLIBC_2.4,0,0,2,1,0,.symtab
arbhar_gpio~.pd_linux,bcm2835_st,160672,4,1,1,19,.symtab
arbhar_gpio~.pd_linux,bcm2835_gpio_set_multi,67592,24,2,1,11,.symtab
arbhar_gpio~.pd_linux,layerCopyAndLibraryLoadingSlot,60176,12,2,1,11,.symtab
arbhar_gpio~.pd_linux,bcm2835_aux,160676,4,1,1,19,.symtab
arbhar_gpio~.pd_linux,bcm2835_bsc0,160664,4,1,1,19,.symtab
arbhar_gpio~.pd_linux,bcm2835_gpio_pud,68388,32,2,1,11,.symtab
arbhar_gpio~.pd_linux,makingWndArray,20708,1172,2,1,11,.symtab
arbhar_gpio~.pd_linux,bcm2835_spi_transfern,70280,12,2,1,11,.symtab
arbhar_gpio~.pd_linux,class_addbang,0,0,0,1,0,.symtab
arbhar_gpio~.pd_linux,bcm2835_spi_setClockDivider,69144,24,2,1,11,.symtab
arbhar_gpio~.pd_linux,_setCopyOrFileSlot,57096,32,2,1,11,.symtab
arbhar_gpio~.pd_linux,_setRevLed,16740,52,2,1,11,.symtab
arbhar_gpio~.pd_linux,_strikeToPlayGrain,48352,28,2,1,11,.symtab
arbhar_gpio~.pd_linux,arbhar_gpio_tilde_new,61792,3548,2,1,11,.symtab
arbhar_gpio~.pd_linux,bcm2835_peripherals_size,160640,4,1,1,19,.symtab
arbhar_gpio~.pd_linux,arbhar_gpio_tilde_perform,45596,380,2,1,11,.symtab
arbhar_gpio~.pd_linux,strikeFilter,20592,116,2,1,11,.symtab
arbhar_gpio~.pd_linux,_setDspSynced,19892,120,2,1,11,.symtab
arbhar_gpio~.pd_linux,led_PlayPosControl,26832,320,2,1,11,.symtab
arbhar_gpio~.pd_linux,bcm2835_pwm_set_clock,75208,200,2,1,11,.symtab
arbhar_gpio~.pd_linux,_getButtonState,45360,8,2,1,11,.symtab
arbhar_gpio~.pd_linux,bcm2835_gpio_aren,68212,44,2,1,11,.symtab
arbhar_gpio~.pd_linux,_getButtonIgnore,45384,8,2,1,11,.symtab
arbhar_gpio~.pd_linux,checkForCalibrationModeOnStartup,25032,80,2,1,11,.symtab
arbhar_gpio~.pd_linux,shmat@@GLIBC_2.4,0,0,2,1,0,.symtab
arbhar_gpio~.pd_linux,bcm2835_i2c_setClockDivider,72296,104,2,1,11,.symtab
arbhar_gpio~.pd_linux,bcm2835_clk,160652,4,1,1,19,.symtab
arbhar_gpio~.pd_linux,_setRecordingState,45996,44,2,1,11,.symtab
arbhar_gpio~.pd_linux,bcm2835_gpio_write_mask,68636,56,2,1,11,.symtab
arbhar_gpio~.pd_linux,bcm2835_peripherals,160636,4,1,1,19,.symtab
arbhar_gpio~.pd_linux,_toggleAccumRecording,47984,368,2,1,11,.symtab
arbhar_gpio~.pd_linux,geteuid@@GLIBC_2.4,0,0,2,1,0,.symtab
arbhar_gpio~.pd_linux,_toggleRecordingState,45512,80,2,1,11,.symtab
arbhar_gpio~.pd_linux,bcm2835_spi0,160660,4,1,1,19,.symtab
arbhar_gpio~.pd_linux,clock_delay,0,0,0,1,0,.symtab
arbhar_gpio~.pd_linux,_adaptInternalBpm,43128,456,2,1,11,.symtab
arbhar_gpio~.pd_linux,animateFileActivityBusy,60188,232,2,1,11,.symtab
arbhar_gpio~.pd_linux,_getButtonOrder,45376,8,2,1,11,.symtab
arbhar_gpio~.pd_linux,stderr@@GLIBC_2.4,0,0,1,1,0,.symtab
arbhar_gpio~.pd_linux,bcm2835_i2c_end,72224,48,2,1,11,.symtab
arbhar_gpio~.pd_linux,tick_strikeTrigger,33784,12,2,1,11,.symtab
arbhar_gpio~.pd_linux,bcm2835_peri_write,67264,56,2,1,11,.symtab
arbhar_gpio~.pd_linux,bcm2835_close,76684,44,2,1,11,.symtab
arbhar_gpio~.pd_linux,bcm2835_aux_spi_transfern,71852,12,2,1,11,.symtab
arbhar_gpio~.pd_linux,tick_captureCvLed,24088,12,2,1,11,.symtab
arbhar_gpio~.pd_linux,bcm2835_gpio_set_eds,67796,40,2,1,11,.symtab
arbhar_gpio~.pd_linux,bcm2835_gpio_fen,67948,44,2,1,11,.symtab
arbhar_gpio~.pd_linux,bcm2835_aux_spi_setClockDivider,70960,16,2,1,11,.symtab
arbhar_gpio~.pd_linux,_shmem_writeValue,29272,1068,2,1,11,.symtab
arbhar_gpio~.pd_linux,bcm2835_gpio_pad,68420,40,2,1,11,.symtab
arbhar_gpio~.pd_linux,_setPlusLed,16792,52,2,1,11,.symtab
arbhar_gpio~.pd_linux,atom_getfloat,0,0,0,1,0,.symtab
arbhar_gpio~.pd_linux,fread@@GLIBC_2.4,0,0,2,1,0,.symtab
arbhar_gpio~.pd_linux,shmctl@@GLIBC_2.4,0,0,2,1,0,.symtab
arbhar_gpio~.pd_linux,writeFloatToSharedMem,34664,44,2,1,11,.symtab
arbhar_gpio~.pd_linux,led_shiftMode,27384,108,2,1,11,.symtab
arbhar_gpio~.pd_linux,bcm2835_gpio_eds_multi,67760,36,2,1,11,.symtab
arbhar_gpio~.pd_linux,error@@GLIBC_2.4,0,0,2,1,0,.symtab
arbhar_gpio~.pd_linux,bcm2835_peripherals_base,160688,4,1,1,19,.symtab
arbhar_gpio~.pd_linux,_shmem_writeValues,29264,8,2,1,11,.symtab
arbhar_gpio~.pd_linux,checkInternalClock,24100,76,2,1,11,.symtab
arbhar_gpio~.pd_linux,bcm2835_i2c_write_read_rs,74512,664,2,1,11,.symtab
arbhar_gpio~.pd_linux,arbhar_gpio_tilde_free,18852,464,2,1,11,.symtab
arbhar_gpio~.pd_linux,bcm2835_spi_end,69024,104,2,1,11,.symtab
arbhar_gpio~.pd_linux,_setFollowMode,30392,204,2,1,11,.symtab
arbhar_gpio~.pd_linux,led_ScanLengthControl,26184,648,2,1,11,.symtab
arbhar_gpio~.pd_linux,_setPhaseSwitch,58828,492,2,1,11,.symtab
arbhar_gpio~.pd_linux,_checkForCalibrationFileOnBoot,61584,88,2,1,11,.symtab
arbhar_gpio~.pd_linux,getModeFromOrder,56868,228,2,1,11,.symtab
arbhar_gpio~.pd_linux,_setFollowModeSwitch,33036,352,2,1,11,.symtab
arbhar_gpio~.pd_linux,strerror@@GLIBC_2.4,0,0,2,1,0,.symtab
arbhar_gpio~.pd_linux,clock_new,0,0,0,1,0,.symtab
arbhar_gpio~.pd_linux,_controlLayerCoupling,30596,320,2,1,11,.symtab
arbhar_gpio~.pd_linux,tick_strikeCvLed,24352,244,2,1,11,.symtab
arbhar_gpio~.pd_linux,bcm2835_delay,68496,84,2,1,11,.symtab
arbhar_gpio~.pd_linux,shiftFilter,20360,116,2,1,11,.symtab
arbhar_gpio~.pd_linux,__fmod_finite@@GLIBC_2.15,0,0,2,1,0,.symtab
arbhar_gpio~.pd_linux,__gmon_start__,0,0,0,2,0,.symtab
arbhar_gpio~.pd_linux,bcm2835_i2c_setSlaveAddress,72272,24,2,1,11,.symtab
arbhar_gpio~.pd_linux,open@@GLIBC_2.4,0,0,2,1,0,.symtab
arbhar_gpio~.pd_linux,bcm2835_aux_spi_transfernb,71320,532,2,1,11,.symtab
arbhar_gpio~.pd_linux,bcm2835_gpio_clr_multi,67616,24,2,1,11,.symtab
arbhar_gpio~.pd_linux,_getLayerCopyAndLibraryLoadSlot,57128,944,2,1,11,.symtab
arbhar_gpio~.pd_linux,bcm2835_spi_set_speed_hz,69168,56,2,1,11,.symtab
arbhar_gpio~.pd_linux,_getAllAdcsDuringCalibration,23756,236,2,1,11,.symtab
arbhar_gpio~.pd_linux,clock_unset,0,0,0,1,0,.symtab
arbhar_gpio~.pd_linux,releaseButton,56824,44,2,1,11,.symtab
arbhar_gpio~.pd_linux,bcm2835_gpio_write_multi,68596,40,2,1,11,.symtab
arbhar_gpio~.pd_linux,led_setLayerFileSlots,58072,276,2,1,11,.symtab
arbhar_gpio~.pd_linux,mmap@@GLIBC_2.4,0,0,2,1,0,.symtab
arbhar_gpio~.pd_linux,writeChunkToSharedMem,40908,684,2,1,11,.symtab
arbhar_gpio~.pd_linux,bcm2835_spi_setChipSelectPolarity,70316,36,2,1,11,.symtab
arbhar_gpio~.pd_linux,bcm2835_gpio_set_eds_multi,67836,24,2,1,11,.symtab
arbhar_gpio~.pd_linux,_setTriggerOut,16668,20,2,1,11,.symtab
arbhar_gpio~.pd_linux,led_PlayPosOff,18000,112,2,1,11,.symtab
arbhar_gpio~.pd_linux,writeToSharedMem,30340,52,2,1,11,.symtab
arbhar_gpio~.pd_linux,bcm2835_i2c_begin,72060,164,2,1,11,.symtab
arbhar_gpio~.pd_linux,bcm2835_aux_spi_end,70756,96,2,1,11,.symtab
arbhar_gpio~.pd_linux,bcm2835_pwm_set_data,75720,136,2,1,11,.symtab
arbhar_gpio~.pd_linux,fprintf@@GLIBC_2.4,0,0,2,1,0,.symtab
arbhar_gpio~.pd_linux,bcm2835_peri_set_bits,67392,44,2,1,11,.symtab
arbhar_gpio~.pd_linux,tick_scheduleRecordingStart,45592,4,2,1,11,.symtab
arbhar_gpio~.pd_linux,posix_memalign@@GLIBC_2.4,0,0,2,1,0,.symtab
arbhar_gpio~.pd_linux,__errno_location@@GLIBC_2.4,0,0,2,1,0,.symtab
arbhar_gpio~.pd_linux,wndArray,161160,208060,1,1,20,.symtab
arbhar_gpio~.pd_linux,_setOrder_capture,45248,56,2,1,11,.symtab
arbhar_gpio~.pd_linux,_printOnsetModeInfo,25112,188,2,1,11,.symtab
arbhar_gpio~.pd_linux,_setCaptureToggleGateSwitch,59756,420,2,1,11,.symtab
arbhar_gpio~.pd_linux,bcm2835_set_debug,67116,16,2,1,11,.symtab
arbhar_gpio~.pd_linux,_setOmega,23992,8,2,1,11,.symtab
arbhar_gpio~.pd_linux,led_onsetModeControl,25300,184,2,1,11,.symtab
arbhar_gpio~.pd_linux,bcm2835_gpio_get_pud,68692,132,2,1,11,.symtab
arbhar_gpio~.pd_linux,getModeName,20012,196,2,1,11,.symtab
arbhar_gpio~.pd_linux,bcm2835_spi_transfernb,69492,432,2,1,11,.symtab
arbhar_gpio~.pd_linux,post,0,0,0,1,0,.symtab
arbhar_gpio~.pd_linux,bcm2835_spi_chipSelect,70292,24,2,1,11,.symtab
arbhar_gpio~.pd_linux,_setStrikeLed,24176,176,2,1,11,.symtab
arbhar_gpio~.pd_linux,bcm2835_i2c_set_baudrate,72400,40,2,1,11,.symtab
arbhar_gpio~.pd_linux,bcm2835_gpio_write,68580,16,2,1,11,.symtab
arbhar_gpio~.pd_linux,bcm2835_gpio_set_pad,68460,36,2,1,11,.symtab
arbhar_gpio~.pd_linux,checkFileProcessProgress,52536,224,2,1,11,.symtab
arbhar_gpio~.pd_linux,bcm2835_spi_setBitOrder,69128,16,2,1,11,.symtab
arbhar_gpio~.pd_linux,shmdt@@GLIBC_2.4,0,0,2,1,0,.symtab
arbhar_gpio~.pd_linux,_learnMid,16844,296,2,1,11,.symtab
arbhar_gpio~.pd_linux,bcm2835_i2c_read,72808,532,2,1,11,.symtab
arbhar_gpio~.pd_linux,_setButtonIgnore,45392,8,2,1,11,.symtab
arbhar_gpio~.pd_linux,bcm2835_regbase,66940,176,2,1,11,.symtab
arbhar_gpio~.pd_linux,fclose@@GLIBC_2.4,0,0,2,1,0,.symtab
arbhar_gpio~.pd_linux,bcm2835_bsc1,160668,4,1,1,19,.symtab
arbhar_gpio~.pd_linux,bcm2835_gpio_clr_afen,68344,44,2,1,11,.symtab
arbhar_gpio~.pd_linux,outlet_new,0,0,0,1,0,.symtab
arbhar_gpio~.pd_linux,tick_processButtonDown,48380,4140,2,1,11,.symtab
arbhar_gpio~.pd_linux,clock_set,0,0,0,1,0,.symtab
arbhar_gpio~.pd_linux,bcm2835_gpio_eds,67700,60,2,1,11,.symtab
arbhar_gpio~.pd_linux,dsp_add,0,0,0,1,0,.symtab
arbhar_gpio~.pd_linux,led_directionControl,27152,232,2,1,11,.symtab
arbhar_gpio~.pd_linux,bcm2835_gpio_afen,68300,44,2,1,11,.symtab
arbhar_gpio~.pd_linux,munmap@@GLIBC_2.4,0,0,2,1,0,.symtab
arbhar_gpio~.pd_linux,bcm2835_pwm,160648,4,1,1,19,.symtab
arbhar_gpio~.pd_linux,_stabliseADC,22572,1120,2,1,11,.symtab
arbhar_gpio~.pd_linux,_copyScanPositionToRecordingPos,47896,88,2,1,11,.symtab
arbhar_gpio~.pd_linux,bcm2835_gpio,160644,4,1,1,19,.symtab
arbhar_gpio~.pd_linux,bcm2835_aux_spi_writenb,71080,240,2,1,11,.symtab
arbhar_gpio~.pd_linux,bcm2835_aux_spi_write,70976,104,2,1,11,.symtab
arbhar_gpio~.pd_linux,_getButtonRelease,45368,8,2,1,11,.symtab
arbhar_gpio~.pd_linux,_setVpo3VoltValue,33796,304,2,1,11,.symtab
arbhar_gpio~.pd_linux,class_new,0,0,0,1,0,.symtab
arbhar_gpio~.pd_linux,_checkAnyButtonPressed,24988,44,2,1,11,.symtab
arbhar_gpio~.pd_linux,outlet_float,0,0,0,1,0,.symtab
arbhar_gpio~.pd_linux,bcm2835_gpio_fsel,67436,76,2,1,11,.symtab
arbhar_gpio~.pd_linux,s_signal,0,0,0,1,0,.symtab
arbhar_gpio~.pd_linux,atom_getsymbolarg,0,0,0,1,0,.symtab
arbhar_gpio~.pd_linux,outlet_list,0,0,0,1,0,.symtab
arbhar_gpio~.pd_linux,led_backgroundControl,27836,280,2,1,11,.symtab
arbhar_gpio~.pd_linux,bcm2835_peri_read_nb,67208,56,2,1,11,.symtab
arbhar_gpio~.pd_linux,bcm2835_gpio_hen,68036,44,2,1,11,.symtab
arbhar_gpio~.pd_linux,_setPlayAndRecLayerInOmega,31764,60,2,1,11,.symtab
arbhar_gpio~.pd_linux,bcm2835_init,75916,768,2,1,11,.symtab
arbhar_gpio~.pd_linux,bcm2835_spi_write,70352,228,2,1,11,.symtab
arbhar_gpio~.pd_linux,tick_setBCM2835,34312,40,2,1,11,.symtab
arbhar_gpio~.pd_linux,_setPlayAndRecLayer,30916,848,2,1,11,.symtab
arbhar_gpio~.pd_linux,class_domainsignalin,0,0,0,1,0,.symtab
arbhar_gpio~.pd_linux,_getButton,44952,192,2,1,11,.symtab
arbhar_gpio~.pd_linux,bcm2835_gpio_ren,67860,44,2,1,11,.symtab
arbhar_gpio~.pd_linux,led_setSelectedLayerLed,58348,264,2,1,11,.symtab
arbhar_gpio~.pd_linux,bcm2835_spi1,160680,4,1,1,19,.symtab
arbhar_gpio~.pd_linux,_getTimeFromStrikeButton,44780,172,2,1,11,.symtab
arbhar_gpio~.pd_linux,arbhar_gpio_tilde_setup,65340,1396,2,1,11,.symtab
arbhar_gpio~.pd_linux,bcm2835_delayMicroseconds,73484,224,2,1,11,.symtab
arbhar_gpio~.pd_linux,_setCaptureLed,24000,88,2,1,11,.symtab
arbhar_gpio~.pd_linux,bcm2835_spi_writenb,69924,356,2,1,11,.symtab
arbhar_gpio~.pd_linux,led_controlForRecording,27492,344,2,1,11,.symtab
arbhar_gpio~.pd_linux,bcm2835_peri_write_nb,67344,48,2,1,11,.symtab
arbhar_gpio~.pd_linux,_setOrder_shift,45192,56,2,1,11,.symtab
arbhar_gpio~.pd_linux,tick_layerLedControl,60420,1164,2,1,11,.symtab
arbhar_gpio~.pd_linux,_stabliseADC_DuringCalibration,21880,692,2,1,11,.symtab
arbhar_gpio~.pd_linux,_ITM_registerTMCloneTable,0,0,0,2,0,.symtab
arbhar_gpio~.pd_linux,tick_clockedGrains,33532,252,2,1,11,.symtab
arbhar_gpio~.pd_linux,bcm2835_spi_transfer,69248,244,2,1,11,.symtab
arbhar_gpio~.pd_linux,setIgnore,56816,8,2,1,11,.symtab
arbhar_gpio~.pd_linux,bcm2835_st_delay,75176,32,2,1,11,.symtab
arbhar_gpio~.pd_linux,_shmem_allocate,28972,292,2,1,11,.symtab
arbhar_gpio~.pd_linux,bcm2835_aux_spi_CalcClockDivider,70852,108,2,1,11,.symtab
arbhar_gpio~.pd_linux,_setWhiteLayerLeds,16636,32,2,1,11,.symtab
arbhar_gpio~.pd_linux,_getAllAdcs,41592,1496,2,1,11,.symtab
arbhar_gpio~.pd_linux,class_addmethod,0,0,0,1,0,.symtab
arbhar_gpio~.pd_linux,_setOnsetMode,25636,548,2,1,11,.symtab
arbhar_gpio~.pd_linux,bcm2835_gpio_clr_aren,68256,44,2,1,11,.symtab
arbhar_gpio~.pd_linux,bcm2835_spi_begin,68824,200,2,1,11,.symtab
arbhar_gpio~.pd_linux,_setHoldValue,58612,216,2,1,11,.symtab
arbhar_gpio~.pd_linux,atom_getfloatarg,0,0,0,1,0,.symtab
arbhar_gpio~.pd_linux,clock_free,0,0,0,1,0,.symtab
arbhar_gpio~.pd_linux,_setCalibrationMode,61672,120,2,1,11,.symtab
arbhar_gpio~.pd_linux,arbhar_gpio_tilde_dsp,18764,88,2,1,11,.symtab
arbhar_gpio~.pd_linux,close@@GLIBC_2.4,0,0,2,1,0,.symtab
arbhar_gpio~.pd_linux,getOnsetModeName,20208,152,2,1,11,.symtab
arbhar_gpio~.pd_linux,pd_error,0,0,0,1,0,.symtab
arbhar_gpio~.pd_linux,bcm2835_aux_spi_transfer,71864,196,2,1,11,.symtab
arbhar_gpio~.pd_linux,bcm2835_gpio_clr_len,68168,44,2,1,11,.symtab
arbhar_gpio~.pd_linux,_setRecordingStateWithReset,45976,20,2,1,11,.symtab
arbhar_gpio~.pd_linux,bcm2835_gpio_set_pud,73708,272,2,1,11,.symtab
arbhar_gpio~.pd_linux,bcm2835_i2c_read_register_rs,74064,448,2,1,11,.symtab
arbhar_gpio~.pd_linux,_getStrikeCvToShMem,44568,212,2,1,11,.symtab
arbhar_gpio~.pd_linux,_setOrder_button,45144,48,2,1,11,.symtab
arbhar_gpio~.pd_linux,atom_string,0,0,0,1,0,.symtab
arbhar_midi_reader.pd_linux,/usr/lib/gcc/arm-linux-gnueabihf/8/../../../arm-linux-gnueabihf/crti.o,0,0,4,0,65521,.symtab
arbhar_midi_reader.pd_linux,call_weak_fn,1036,0,2,0,11,.symtab
arbhar_midi_reader.pd_linux,/usr/lib/gcc/arm-linux-gnueabihf/8/../../../arm-linux-gnueabihf/crtn.o,0,0,4,0,65521,.symtab
arbhar_midi_reader.pd_linux,crtstuff.c,0,0,4,0,65521,.symtab
arbhar_midi_reader.pd_linux,deregister_tm_clones,1072,0,2,0,11,.symtab
arbhar_midi_reader.pd_linux,register_tm_clones,1140,0,2,0,11,.symtab
arbhar_midi_reader.pd_linux,__do_global_dtors_aux,1220,0,2,0,11,.symtab
arbhar_midi_reader.pd_linux,completed.10783,69696,1,1,0,20,.symtab
arbhar_midi_reader.pd_linux,__do_global_dtors_aux_fini_array_entry,69388,0,1,0,16,.symtab
arbhar_midi_reader.pd_linux,frame_dummy,1324,0,2,0,11,.symtab
arbhar_midi_reader.pd_linux,__frame_dummy_init_array_entry,69384,0,1,0,15,.symtab
arbhar_midi_reader.pd_linux,arbhar_midi_reader.c,0,0,4,0,65521,.symtab
arbhar_midi_reader.pd_linux,midi_reader_class,69700,4,1,0,20,.symtab
arbhar_midi_reader.pd_linux,crtstuff.c,0,0,4,0,65521,.symtab
arbhar_midi_reader.pd_linux,__FRAME_END__,1524,0,1,0,14,.symtab
arbhar_midi_reader.pd_linux,_fini,1484,0,2,0,12,.symtab
arbhar_midi_reader.pd_linux,__dso_handle,69692,0,1,0,19,.symtab
arbhar_midi_reader.pd_linux,_DYNAMIC,69392,0,1,0,65521,.symtab
arbhar_midi_reader.pd_linux,__TMC_END__,69696,0,1,0,19,.symtab
arbhar_midi_reader.pd_linux,_GLOBAL_OFFSET_TABLE_,69632,0,1,0,65521,.symtab
arbhar_midi_reader.pd_linux,_init,932,0,2,0,9,.symtab
arbhar_midi_reader.pd_linux,gensym,0,0,0,1,0,.symtab
arbhar_midi_reader.pd_linux,__cxa_finalize@@GLIBC_2.4,0,0,2,2,0,.symtab
arbhar_midi_reader.pd_linux,_ITM_deregisterTMCloneTable,0,0,0,2,0,.symtab
arbhar_midi_reader.pd_linux,pd_new,0,0,0,1,0,.symtab
arbhar_midi_reader.pd_linux,midi_reader_free,1328,4,2,1,11,.symtab
arbhar_midi_reader.pd_linux,midi_reader_new,1332,48,2,1,11,.symtab
arbhar_midi_reader.pd_linux,midi_reader_setup,1380,104,2,1,11,.symtab
arbhar_midi_reader.pd_linux,__gmon_start__,0,0,0,2,0,.symtab
arbhar_midi_reader.pd_linux,post,0,0,0,1,0,.symtab
arbhar_midi_reader.pd_linux,class_new,0,0,0,1,0,.symtab
arbhar_midi_reader.pd_linux,_ITM_registerTMCloneTable,0,0,0,2,0,.symtab
arbhar_play~.pd_linux,/usr/lib/gcc/arm-linux-gnueabihf/8/../../../arm-linux-gnueabihf/crti.o,0,0,4,0,65521,.symtab
arbhar_play~.pd_linux,call_weak_fn,10008,0,2,0,11,.symtab
arbhar_play~.pd_linux,/usr/lib/gcc/arm-linux-gnueabihf/8/../../../arm-linux-gnueabihf/crtn.o,0,0,4,0,65521,.symtab
arbhar_play~.pd_linux,crtstuff.c,0,0,4,0,65521,.symtab
arbhar_play~.pd_linux,deregister_tm_clones,10044,0,2,0,11,.symtab
arbhar_play~.pd_linux,register_tm_clones,10112,0,2,0,11,.symtab
arbhar_play~.pd_linux,__do_global_dtors_aux,10192,0,2,0,11,.symtab
arbhar_play~.pd_linux,completed.10783,123288,1,1,0,20,.symtab
arbhar_play~.pd_linux,__do_global_dtors_aux_fini_array_entry,122620,0,1,0,16,.symtab
arbhar_play~.pd_linux,frame_dummy,10296,0,2,0,11,.symtab
arbhar_play~.pd_linux,__frame_dummy_init_array_entry,122616,0,1,0,15,.symtab
arbhar_play~.pd_linux,arbhar_play~.c,0,0,4,0,65521,.symtab
arbhar_play~.pd_linux,clock_tickTrigger,10304,12,2,0,11,.symtab
arbhar_play~.pd_linux,_setWndShape,10316,8,2,0,11,.symtab
arbhar_play~.pd_linux,_observeRecording,10324,52,2,0,11,.symtab
arbhar_play~.pd_linux,_setQuantPitch,10376,184,2,0,11,.symtab
arbhar_play~.pd_linux,_setRandPitch,10560,12,2,0,11,.symtab
arbhar_play~.pd_linux,_killAllGrains,10572,92,2,0,11,.symtab
arbhar_play~.pd_linux,arbhar_play_tilde_kill_selected,10664,912,2,0,11,.symtab
arbhar_play~.pd_linux,arbhar_play_tilde_killOffset,11576,24,2,0,11,.symtab
arbhar_play~.pd_linux,arbhar_play_tilde_setStereo,11600,16,2,0,11,.symtab
arbhar_play~.pd_linux,_setStartPos,11616,28,2,0,11,.symtab
arbhar_play~.pd_linux,_setSpray,11644,32,2,0,11,.symtab
arbhar_play~.pd_linux,_setGrainVol,11676,8,2,0,11,.symtab
arbhar_play~.pd_linux,_setRandVol,11684,8,2,0,11,.symtab
arbhar_play~.pd_linux,_setPanning,11692,12,2,0,11,.symtab
arbhar_play~.pd_linux,_dirPercent,11704,56,2,0,11,.symtab
arbhar_play~.pd_linux,_setSpacer,11760,48,2,0,11,.symtab
arbhar_play~.pd_linux,_adjustDuration,11808,88,2,0,11,.symtab
arbhar_play~.pd_linux,_setLayer,11896,52,2,0,11,.symtab
arbhar_play~.pd_linux,_setGrainSpeed,11948,36,2,0,11,.symtab
arbhar_play~.pd_linux,_setDuration,11984,40,2,0,11,.symtab
arbhar_play~.pd_linux,_getChord,12096,1000,2,0,11,.symtab
arbhar_play~.pd_linux,arbhar_play_tilde_midiNote,13096,652,2,0,11,.symtab
arbhar_play~.pd_linux,arbhar_play_tilde_tickGrainsActive,14184,24,2,0,11,.symtab
arbhar_play~.pd_linux,_setChordPitches,14208,304,2,0,11,.symtab
arbhar_play~.pd_linux,_setStartPercent,14512,140,2,0,11,.symtab
arbhar_play~.pd_linux,play_next_override,14652,1068,2,0,11,.symtab
arbhar_play~.pd_linux,_setDisplayLen,15720,88,2,0,11,.symtab
arbhar_play~.pd_linux,arbhar_play_tilde_midiNoteShare,15808,652,2,0,11,.symtab
arbhar_play~.pd_linux,setDeviation,16460,348,2,0,11,.symtab
arbhar_play~.pd_linux,arbhar_play_tilde_test,16808,160,2,0,11,.symtab
arbhar_play~.pd_linux,clock_tickTriggerFromStrike,31316,4,2,0,11,.symtab
arbhar_play~.pd_linux,arbhar_play_tilde_tickInternTrig,31016,300,2,0,11,.symtab
arbhar_play~.pd_linux,arbhar_play_tilde_tickPolyphonicTrig,31432,172,2,0,11,.symtab
arbhar_play~.pd_linux,play_next,27700,3316,2,0,11,.symtab
arbhar_play~.pd_linux,_setInternTrig,31320,112,2,0,11,.symtab
arbhar_play~.pd_linux,PITCH_VALUES,44468,512,1,0,13,.symtab
arbhar_play~.pd_linux,POLYPHONIC_GRAIN_DISTRIBUTION,45012,32,1,0,13,.symtab
arbhar_play~.pd_linux,VOL_REDUCTION,45044,512,1,0,13,.symtab
arbhar_play~.pd_linux,SAW,45556,2060,1,0,13,.symtab
arbhar_play~.pd_linux,GAUSS,47616,2060,1,0,13,.symtab
arbhar_play~.pd_linux,SQUARE,49676,2060,1,0,13,.symtab
arbhar_play~.pd_linux,pRedFactor.10616,123224,4,1,0,19,.symtab
arbhar_play~.pd_linux,pVal.10518,123228,1,1,0,19,.symtab
arbhar_play~.pd_linux,pVal.10528,123229,1,1,0,19,.symtab
arbhar_play~.pd_linux,pVal.10533,123230,1,1,0,19,.symtab
arbhar_play~.pd_linux,sampleFrame.11371,123292,4,1,0,20,.symtab
arbhar_play~.pd_linux,dspFrame.11372,123296,4,1,0,20,.symtab
arbhar_play~.pd_linux,countTrigger.11374,123300,4,1,0,20,.symtab
arbhar_play~.pd_linux,prevStrikeCount.11375,123304,4,1,0,20,.symtab
arbhar_play~.pd_linux,pDspFrame.11377,123308,4,1,0,20,.symtab
arbhar_play~.pd_linux,time.10519,123312,4,1,0,20,.symtab
arbhar_play~.pd_linux,time.10529,123316,4,1,0,20,.symtab
arbhar_play~.pd_linux,time.10534,123320,4,1,0,20,.symtab
arbhar_play~.pd_linux,arbhar_play_tilde_class,123324,4,1,0,20,.symtab
arbhar_play~.pd_linux,pPrevQuanPitch.11147,123328,4,1,0,20,.symtab
arbhar_play~.pd_linux,getChordPitch.11151,123332,4,1,0,20,.symtab
arbhar_play~.pd_linux,bcm2835.c,0,0,4,0,65521,.symtab
arbhar_play~.pd_linux,bcm2835_close.part.4,33352,84,2,0,11,.symtab
arbhar_play~.pd_linux,mapmem.constprop.5,33436,120,2,0,11,.symtab
arbhar_play~.pd_linux,bcm2835_gpio_pud.part.1,33936,24,2,0,11,.symtab
arbhar_play~.pd_linux,CSWTCH.158,52916,3,1,0,13,.symtab
arbhar_play~.pd_linux,bcm2835_byte_reverse_table,52920,256,1,0,13,.symtab
arbhar_play~.pd_linux,CSWTCH.159,53176,12,1,0,13,.symtab
arbhar_play~.pd_linux,bcm2835_spi_bit_order,123280,1,1,0,19,.symtab
arbhar_play~.pd_linux,debug,123336,1,1,0,20,.symtab
arbhar_play~.pd_linux,pud_type_rpi4,123337,1,1,0,20,.symtab
arbhar_play~.pd_linux,pud_compat_setting,123338,1,1,0,20,.symtab
arbhar_play~.pd_linux,spi1_speed,123340,4,1,0,20,.symtab
arbhar_play~.pd_linux,i2c_byte_wait_us,123344,4,1,0,20,.symtab
arbhar_play~.pd_linux,_udivsi3.o,0,0,4,0,65521,.symtab
arbhar_play~.pd_linux,.udivsi3_skip_div0_test,43344,0,0,0,11,.symtab
arbhar_play~.pd_linux,shift,0,0,0,0,65521,.symtab
arbhar_play~.pd_linux,_divsi3.o,0,0,4,0,65521,.symtab
arbhar_play~.pd_linux,.divsi3_skip_div0_test,43876,0,0,0,11,.symtab
arbhar_play~.pd_linux,shift,0,0,0,0,65521,.symtab
arbhar_play~.pd_linux,_dvmd_lnx.o,0,0,4,0,65521,.symtab
arbhar_play~.pd_linux,crtstuff.c,0,0,4,0,65521,.symtab
arbhar_play~.pd_linux,__FRAME_END__,53572,0,1,0,14,.symtab
arbhar_play~.pd_linux,__aeabi_uidiv,43344,0,2,0,11,.symtab
arbhar_play~.pd_linux,_fini,44460,0,2,0,12,.symtab
arbhar_play~.pd_linux,__aeabi_idivmod,44412,32,2,0,11,.symtab
arbhar_play~.pd_linux,__aeabi_ldiv0,44444,16,2,0,11,.symtab
arbhar_play~.pd_linux,__udivsi3,43344,492,2,0,11,.symtab
arbhar_play~.pd_linux,__dso_handle,123220,0,1,0,19,.symtab
arbhar_play~.pd_linux,__divsi3,43868,544,2,0,11,.symtab
arbhar_play~.pd_linux,__aeabi_idiv0,44444,16,2,0,11,.symtab
arbhar_play~.pd_linux,_DYNAMIC,122624,0,1,0,65521,.symtab
arbhar_play~.pd_linux,__aeabi_uidivmod,43836,32,2,0,11,.symtab
arbhar_play~.pd_linux,__TMC_END__,123288,0,1,0,19,.symtab
arbhar_play~.pd_linux,_GLOBAL_OFFSET_TABLE_,122880,0,1,0,65521,.symtab
arbhar_play~.pd_linux,__aeabi_idiv,43868,0,2,0,11,.symtab
arbhar_play~.pd_linux,_init,9172,0,2,0,9,.symtab
arbhar_play~.pd_linux,gensym,0,0,0,1,0,.symtab
arbhar_play~.pd_linux,bcm2835_aux_spi_begin,37196,176,2,1,11,.symtab
arbhar_play~.pd_linux,raise@@GLIBC_2.4,0,0,2,1,0,.symtab
arbhar_play~.pd_linux,bcm2835_spi_setDataMode,35840,24,2,1,11,.symtab
arbhar_play~.pd_linux,bcm2835_gpio_clr_hen,34696,44,2,1,11,.symtab
arbhar_play~.pd_linux,bcm2835_st_read,39956,144,2,1,11,.symtab
arbhar_play~.pd_linux,bcm2835_i2c_write,39056,368,2,1,11,.symtab
arbhar_play~.pd_linux,__cxa_finalize@@GLIBC_2.4,0,0,2,2,0,.symtab
arbhar_play~.pd_linux,captureFilter,23116,116,2,1,11,.symtab
arbhar_play~.pd_linux,bcm2835_gpio_lev,34256,60,2,1,11,.symtab
arbhar_play~.pd_linux,bcm2835_gpio_pudclk,40596,84,2,1,11,.symtab
arbhar_play~.pd_linux,_ITM_deregisterTMCloneTable,0,0,0,2,0,.symtab
arbhar_play~.pd_linux,bcm2835_gpio_len,34740,44,2,1,11,.symtab
arbhar_play~.pd_linux,bcm2835_gpio_clr_ren,34520,44,2,1,11,.symtab
arbhar_play~.pd_linux,bcm2835_pads,123252,4,1,1,19,.symtab
arbhar_play~.pd_linux,printf@@GLIBC_2.4,0,0,2,1,0,.symtab
arbhar_play~.pd_linux,fopen@@GLIBC_2.4,0,0,2,1,0,.symtab
arbhar_play~.pd_linux,bcm2835_version,33748,12,2,1,11,.symtab
arbhar_play~.pd_linux,bcm2835_gpio_clr_fen,34608,44,2,1,11,.symtab
arbhar_play~.pd_linux,bcm2835_pwm_set_range,42200,136,2,1,11,.symtab
arbhar_play~.pd_linux,bcm2835_peri_read,33760,64,2,1,11,.symtab
arbhar_play~.pd_linux,_setFwdLed,22844,52,2,1,11,.symtab
arbhar_play~.pd_linux,bcm2835_gpio_set,34128,40,2,1,11,.symtab
arbhar_play~.pd_linux,outlet_free,0,0,0,1,0,.symtab
arbhar_play~.pd_linux,pd_new,0,0,0,1,0,.symtab
arbhar_play~.pd_linux,nanosleep@@GLIBC_2.4,0,0,2,1,0,.symtab
arbhar_play~.pd_linux,getbytes,0,0,0,1,0,.symtab
arbhar_play~.pd_linux,memcpy@@GLIBC_2.4,0,0,2,1,0,.symtab
arbhar_play~.pd_linux,malloc_aligned,42472,60,2,1,11,.symtab
arbhar_play~.pd_linux,bcm2835_pwm_set_mode,42024,176,2,1,11,.symtab
arbhar_play~.pd_linux,bcm2835_gpio_clr,34168,40,2,1,11,.symtab
arbhar_play~.pd_linux,shmget@@GLIBC_2.4,0,0,2,1,0,.symtab
arbhar_play~.pd_linux,bcm2835_st,123268,4,1,1,19,.symtab
arbhar_play~.pd_linux,bcm2835_gpio_set_multi,34208,24,2,1,11,.symtab
arbhar_play~.pd_linux,bcm2835_aux,123272,4,1,1,19,.symtab
arbhar_play~.pd_linux,time@@GLIBC_2.4,0,0,2,1,0,.symtab
arbhar_play~.pd_linux,bcm2835_bsc0,123260,4,1,1,19,.symtab
arbhar_play~.pd_linux,bcm2835_gpio_pud,35004,32,2,1,11,.symtab
arbhar_play~.pd_linux,makingWndArray,23348,1172,2,1,11,.symtab
arbhar_play~.pd_linux,bcm2835_spi_transfern,36896,12,2,1,11,.symtab
arbhar_play~.pd_linux,bcm2835_spi_setClockDivider,35760,24,2,1,11,.symtab
arbhar_play~.pd_linux,_setRevLed,22896,52,2,1,11,.symtab
arbhar_play~.pd_linux,bcm2835_peripherals_size,123236,4,1,1,19,.symtab
arbhar_play~.pd_linux,strikeFilter,23232,116,2,1,11,.symtab
arbhar_play~.pd_linux,bcm2835_pwm_set_clock,41824,200,2,1,11,.symtab
arbhar_play~.pd_linux,_memWrite,12024,72,2,1,11,.symtab
arbhar_play~.pd_linux,bcm2835_gpio_aren,34828,44,2,1,11,.symtab
arbhar_play~.pd_linux,shmat@@GLIBC_2.4,0,0,2,1,0,.symtab
arbhar_play~.pd_linux,bcm2835_i2c_setClockDivider,38912,104,2,1,11,.symtab
arbhar_play~.pd_linux,bcm2835_clk,123248,4,1,1,19,.symtab
arbhar_play~.pd_linux,bcm2835_gpio_write_mask,35252,56,2,1,11,.symtab
arbhar_play~.pd_linux,bcm2835_peripherals,123232,4,1,1,19,.symtab
arbhar_play~.pd_linux,geteuid@@GLIBC_2.4,0,0,2,1,0,.symtab
arbhar_play~.pd_linux,bcm2835_spi0,123256,4,1,1,19,.symtab
arbhar_play~.pd_linux,clock_delay,0,0,0,1,0,.symtab
arbhar_play~.pd_linux,stderr@@GLIBC_2.4,0,0,1,1,0,.symtab
arbhar_play~.pd_linux,bcm2835_i2c_end,38840,48,2,1,11,.symtab
arbhar_play~.pd_linux,end,123348,8,1,1,20,.symtab
arbhar_play~.pd_linux,bcm2835_peri_write,33880,56,2,1,11,.symtab
arbhar_play~.pd_linux,bcm2835_close,43300,44,2,1,11,.symtab
arbhar_play~.pd_linux,bcm2835_aux_spi_transfern,38468,12,2,1,11,.symtab
arbhar_play~.pd_linux,arbhar_play_tilde_free,13896,288,2,1,11,.symtab
arbhar_play~.pd_linux,bcm2835_gpio_set_eds,34412,40,2,1,11,.symtab
arbhar_play~.pd_linux,bcm2835_gpio_fen,34564,44,2,1,11,.symtab
arbhar_play~.pd_linux,bcm2835_aux_spi_setClockDivider,37576,16,2,1,11,.symtab
arbhar_play~.pd_linux,bcm2835_gpio_pad,35036,40,2,1,11,.symtab
arbhar_play~.pd_linux,_setPlusLed,22948,52,2,1,11,.symtab
arbhar_play~.pd_linux,atom_getfloat,0,0,0,1,0,.symtab
arbhar_play~.pd_linux,gettimeofday@@GLIBC_2.4,0,0,2,1,0,.symtab
arbhar_play~.pd_linux,fread@@GLIBC_2.4,0,0,2,1,0,.symtab
arbhar_play~.pd_linux,shmctl@@GLIBC_2.4,0,0,2,1,0,.symtab
arbhar_play~.pd_linux,bcm2835_gpio_eds_multi,34376,36,2,1,11,.symtab
arbhar_play~.pd_linux,error@@GLIBC_2.4,0,0,2,1,0,.symtab
arbhar_play~.pd_linux,bcm2835_peripherals_base,123284,4,1,1,19,.symtab
arbhar_play~.pd_linux,bcm2835_i2c_write_read_rs,41128,664,2,1,11,.symtab
arbhar_play~.pd_linux,bcm2835_spi_end,35640,104,2,1,11,.symtab
arbhar_play~.pd_linux,strerror@@GLIBC_2.4,0,0,2,1,0,.symtab
arbhar_play~.pd_linux,start,123356,8,1,1,20,.symtab
arbhar_play~.pd_linux,clock_new,0,0,0,1,0,.symtab
arbhar_play~.pd_linux,bcm2835_delay,35112,84,2,1,11,.symtab
arbhar_play~.pd_linux,shiftFilter,23000,116,2,1,11,.symtab
arbhar_play~.pd_linux,__fmod_finite@@GLIBC_2.15,0,0,2,1,0,.symtab
arbhar_play~.pd_linux,__gmon_start__,0,0,0,2,0,.symtab
arbhar_play~.pd_linux,bcm2835_i2c_setSlaveAddress,38888,24,2,1,11,.symtab
arbhar_play~.pd_linux,open@@GLIBC_2.4,0,0,2,1,0,.symtab
arbhar_play~.pd_linux,bcm2835_aux_spi_transfernb,37936,532,2,1,11,.symtab
arbhar_play~.pd_linux,bcm2835_gpio_clr_multi,34232,24,2,1,11,.symtab
arbhar_play~.pd_linux,bcm2835_spi_set_speed_hz,35784,56,2,1,11,.symtab
arbhar_play~.pd_linux,clock_unset,0,0,0,1,0,.symtab
arbhar_play~.pd_linux,bcm2835_gpio_write_multi,35212,40,2,1,11,.symtab
arbhar_play~.pd_linux,_memAllocate,24692,296,2,1,11,.symtab
arbhar_play~.pd_linux,mmap@@GLIBC_2.4,0,0,2,1,0,.symtab
arbhar_play~.pd_linux,bcm2835_spi_setChipSelectPolarity,36932,36,2,1,11,.symtab
arbhar_play~.pd_linux,bcm2835_gpio_set_eds_multi,34452,24,2,1,11,.symtab
arbhar_play~.pd_linux,srand@@GLIBC_2.4,0,0,2,1,0,.symtab
arbhar_play~.pd_linux,_setTriggerOut,22824,20,2,1,11,.symtab
arbhar_play~.pd_linux,bcm2835_i2c_begin,38676,164,2,1,11,.symtab
arbhar_play~.pd_linux,bcm2835_aux_spi_end,37372,96,2,1,11,.symtab
arbhar_play~.pd_linux,bcm2835_pwm_set_data,42336,136,2,1,11,.symtab
arbhar_play~.pd_linux,fprintf@@GLIBC_2.4,0,0,2,1,0,.symtab
arbhar_play~.pd_linux,bcm2835_peri_set_bits,34008,44,2,1,11,.symtab
arbhar_play~.pd_linux,posix_memalign@@GLIBC_2.4,0,0,2,1,0,.symtab
arbhar_play~.pd_linux,total,123364,8,1,1,20,.symtab
arbhar_play~.pd_linux,__errno_location@@GLIBC_2.4,0,0,2,1,0,.symtab
arbhar_play~.pd_linux,wndArray,123372,208060,1,1,20,.symtab
arbhar_play~.pd_linux,arbhar_play_tilde_setup,31604,1748,2,1,11,.symtab
arbhar_play~.pd_linux,atom_getint,0,0,0,1,0,.symtab
arbhar_play~.pd_linux,s_float,0,0,0,1,0,.symtab
arbhar_play~.pd_linux,memset@@GLIBC_2.4,0,0,2,1,0,.symtab
arbhar_play~.pd_linux,bcm2835_set_debug,33732,16,2,1,11,.symtab
arbhar_play~.pd_linux,bcm2835_gpio_get_pud,35308,132,2,1,11,.symtab
arbhar_play~.pd_linux,getModeName,22476,196,2,1,11,.symtab
arbhar_play~.pd_linux,bcm2835_spi_transfernb,36108,432,2,1,11,.symtab
arbhar_play~.pd_linux,post,0,0,0,1,0,.symtab
arbhar_play~.pd_linux,_getPositionRange,26728,972,2,1,11,.symtab
arbhar_play~.pd_linux,bcm2835_spi_chipSelect,36908,24,2,1,11,.symtab
arbhar_play~.pd_linux,bcm2835_i2c_set_baudrate,39016,40,2,1,11,.symtab
arbhar_play~.pd_linux,bcm2835_gpio_write,35196,16,2,1,11,.symtab
arbhar_play~.pd_linux,bcm2835_gpio_set_pad,35076,36,2,1,11,.symtab
arbhar_play~.pd_linux,bcm2835_spi_setBitOrder,35744,16,2,1,11,.symtab
arbhar_play~.pd_linux,shmdt@@GLIBC_2.4,0,0,2,1,0,.symtab
arbhar_play~.pd_linux,bcm2835_i2c_read,39424,532,2,1,11,.symtab
arbhar_play~.pd_linux,rand@@GLIBC_2.4,0,0,2,1,0,.symtab
arbhar_play~.pd_linux,bcm2835_regbase,33556,176,2,1,11,.symtab
arbhar_play~.pd_linux,fclose@@GLIBC_2.4,0,0,2,1,0,.symtab
arbhar_play~.pd_linux,bcm2835_bsc1,123264,4,1,1,19,.symtab
arbhar_play~.pd_linux,bcm2835_gpio_clr_afen,34960,44,2,1,11,.symtab
arbhar_play~.pd_linux,outlet_new,0,0,0,1,0,.symtab
arbhar_play~.pd_linux,__exp_finite@@GLIBC_2.15,0,0,2,1,0,.symtab
arbhar_play~.pd_linux,clock_set,0,0,0,1,0,.symtab
arbhar_play~.pd_linux,bcm2835_gpio_eds,34316,60,2,1,11,.symtab
arbhar_play~.pd_linux,dsp_add,0,0,0,1,0,.symtab
arbhar_play~.pd_linux,bcm2835_gpio_afen,34916,44,2,1,11,.symtab
arbhar_play~.pd_linux,munmap@@GLIBC_2.4,0,0,2,1,0,.symtab
arbhar_play~.pd_linux,bcm2835_pwm,123244,4,1,1,19,.symtab
arbhar_play~.pd_linux,bcm2835_gpio,123240,4,1,1,19,.symtab
arbhar_play~.pd_linux,bcm2835_aux_spi_writenb,37696,240,2,1,11,.symtab
arbhar_play~.pd_linux,bcm2835_aux_spi_write,37592,104,2,1,11,.symtab
arbhar_play~.pd_linux,class_new,0,0,0,1,0,.symtab
arbhar_play~.pd_linux,outlet_float,0,0,0,1,0,.symtab
arbhar_play~.pd_linux,bcm2835_gpio_fsel,34052,76,2,1,11,.symtab
arbhar_play~.pd_linux,s_signal,0,0,0,1,0,.symtab
arbhar_play~.pd_linux,bcm2835_peri_read_nb,33824,56,2,1,11,.symtab
arbhar_play~.pd_linux,bcm2835_gpio_hen,34652,44,2,1,11,.symtab
arbhar_play~.pd_linux,timerStart,24520,32,2,1,11,.symtab
arbhar_play~.pd_linux,bcm2835_init,42532,768,2,1,11,.symtab
arbhar_play~.pd_linux,bcm2835_spi_write,36968,228,2,1,11,.symtab
arbhar_play~.pd_linux,timerEndPrint,24552,140,2,1,11,.symtab
arbhar_play~.pd_linux,arbhar_play_tilde_dsp,13748,148,2,1,11,.symtab
arbhar_play~.pd_linux,bcm2835_gpio_ren,34476,44,2,1,11,.symtab
arbhar_play~.pd_linux,bcm2835_spi1,123276,4,1,1,19,.symtab
arbhar_play~.pd_linux,arbhar_play_tilde_perform,16968,5508,2,1,11,.symtab
arbhar_play~.pd_linux,bcm2835_delayMicroseconds,40100,224,2,1,11,.symtab
arbhar_play~.pd_linux,bcm2835_spi_writenb,36540,356,2,1,11,.symtab
arbhar_play~.pd_linux,bcm2835_peri_write_nb,33960,48,2,1,11,.symtab
arbhar_play~.pd_linux,arbhar_play_tilde_new,24988,1740,2,1,11,.symtab
arbhar_play~.pd_linux,_ITM_registerTMCloneTable,0,0,0,2,0,.symtab
arbhar_play~.pd_linux,bcm2835_spi_transfer,35864,244,2,1,11,.symtab
arbhar_play~.pd_linux,random@@GLIBC_2.4,0,0,2,1,0,.symtab
arbhar_play~.pd_linux,bcm2835_st_delay,41792,32,2,1,11,.symtab
arbhar_play~.pd_linux,bcm2835_aux_spi_CalcClockDivider,37468,108,2,1,11,.symtab
arbhar_play~.pd_linux,class_addmethod,0,0,0,1,0,.symtab
arbhar_play~.pd_linux,freebytes,0,0,0,1,0,.symtab
arbhar_play~.pd_linux,bcm2835_gpio_clr_aren,34872,44,2,1,11,.symtab
arbhar_play~.pd_linux,bcm2835_spi_begin,35440,200,2,1,11,.symtab
arbhar_play~.pd_linux,__exp2_finite@@GLIBC_2.15,0,0,2,1,0,.symtab
arbhar_play~.pd_linux,clock_free,0,0,0,1,0,.symtab
arbhar_play~.pd_linux,close@@GLIBC_2.4,0,0,2,1,0,.symtab
arbhar_play~.pd_linux,getOnsetModeName,22672,152,2,1,11,.symtab
arbhar_play~.pd_linux,bcm2835_aux_spi_transfer,38480,196,2,1,11,.symtab
arbhar_play~.pd_linux,bcm2835_gpio_clr_len,34784,44,2,1,11,.symtab
arbhar_play~.pd_linux,bcm2835_gpio_set_pud,40324,272,2,1,11,.symtab
arbhar_play~.pd_linux,bcm2835_i2c_read_register_rs,40680,448,2,1,11,.symtab
arbhar_rec~.pd_linux,/usr/lib/gcc/arm-linux-gnueabihf/8/../../../arm-linux-gnueabihf/crti.o,0,0,4,0,65521,.symtab
arbhar_rec~.pd_linux,call_weak_fn,10384,0,2,0,11,.symtab
arbhar_rec~.pd_linux,/usr/lib/gcc/arm-linux-gnueabihf/8/../../../arm-linux-gnueabihf/crtn.o,0,0,4,0,65521,.symtab
arbhar_rec~.pd_linux,crtstuff.c,0,0,4,0,65521,.symtab
arbhar_rec~.pd_linux,deregister_tm_clones,10420,0,2,0,11,.symtab
arbhar_rec~.pd_linux,register_tm_clones,10488,0,2,0,11,.symtab
arbhar_rec~.pd_linux,__do_global_dtors_aux,10568,0,2,0,11,.symtab
arbhar_rec~.pd_linux,completed.10783,106924,1,1,0,20,.symtab
arbhar_rec~.pd_linux,__do_global_dtors_aux_fini_array_entry,106236,0,1,0,16,.symtab
arbhar_rec~.pd_linux,frame_dummy,10672,0,2,0,11,.symtab
arbhar_rec~.pd_linux,__frame_dummy_init_array_entry,106232,0,1,0,15,.symtab
arbhar_rec~.pd_linux,arbhar_rec~.c,0,0,4,0,65521,.symtab
arbhar_rec~.pd_linux,arbhar_rec_tilde_layer,10680,28,2,0,11,.symtab
arbhar_rec~.pd_linux,arbhar_rec_tilde_stereo,10708,20,2,0,11,.symtab
arbhar_rec~.pd_linux,arbhar_rec_tilde_start,10728,28,2,0,11,.symtab
arbhar_rec~.pd_linux,arbhar_rec_tilde_fadeInTime,10756,12,2,0,11,.symtab
arbhar_rec~.pd_linux,arbhar_rec_tilde_fadeOutTime,10768,12,2,0,11,.symtab
arbhar_rec~.pd_linux,arbhar_rec_tilde_stopFadeTime,10780,12,2,0,11,.symtab
arbhar_rec~.pd_linux,arbhar_rec_tilde_overdub,10792,36,2,0,11,.symtab
arbhar_rec~.pd_linux,setOutputStream,11128,356,2,0,11,.symtab
arbhar_rec~.pd_linux,loadRawToLayer,11484,232,2,0,11,.symtab
arbhar_rec~.pd_linux,saveWholeLayerToRaw,11716,140,2,0,11,.symtab
arbhar_rec~.pd_linux,arbhar_rec_tilde_stop,12508,152,2,0,11,.symtab
arbhar_rec~.pd_linux,arbhar_rec_tilde_bang,18504,288,2,0,11,.symtab
arbhar_rec~.pd_linux,arbhar_rec_tilde_test,18956,8,2,0,11,.symtab
arbhar_rec~.pd_linux,SAW,31608,2060,1,0,13,.symtab
arbhar_rec~.pd_linux,GAUSS,33668,2060,1,0,13,.symtab
arbhar_rec~.pd_linux,SQUARE,35728,2060,1,0,13,.symtab
arbhar_rec~.pd_linux,pVal.10481,106864,1,1,0,19,.symtab
arbhar_rec~.pd_linux,pVal.10491,106865,1,1,0,19,.symtab
arbhar_rec~.pd_linux,pVal.10496,106866,1,1,0,19,.symtab
arbhar_rec~.pd_linux,time.10482,106928,4,1,0,20,.symtab
arbhar_rec~.pd_linux,time.10492,106932,4,1,0,20,.symtab
arbhar_rec~.pd_linux,time.10497,106936,4,1,0,20,.symtab
arbhar_rec~.pd_linux,arbhar_rec_tilde_class,106940,4,1,0,20,.symtab
arbhar_rec~.pd_linux,pHoldVal.10954,106944,4,1,0,20,.symtab
arbhar_rec~.pd_linux,arGrain.10977,106948,4,1,0,20,.symtab
arbhar_rec~.pd_linux,pRecState.10981,106952,4,1,0,20,.symtab
arbhar_rec~.pd_linux,bcm2835.c,0,0,4,0,65521,.symtab
arbhar_rec~.pd_linux,bcm2835_close.part.4,20492,84,2,0,11,.symtab
arbhar_rec~.pd_linux,mapmem.constprop.5,20576,120,2,0,11,.symtab
arbhar_rec~.pd_linux,bcm2835_gpio_pud.part.1,21076,24,2,0,11,.symtab
arbhar_rec~.pd_linux,CSWTCH.158,38644,3,1,0,13,.symtab
arbhar_rec~.pd_linux,bcm2835_byte_reverse_table,38648,256,1,0,13,.symtab
arbhar_rec~.pd_linux,CSWTCH.159,38904,12,1,0,13,.symtab
arbhar_rec~.pd_linux,bcm2835_spi_bit_order,106916,1,1,0,19,.symtab
arbhar_rec~.pd_linux,debug,106956,1,1,0,20,.symtab
arbhar_rec~.pd_linux,pud_type_rpi4,106957,1,1,0,20,.symtab
arbhar_rec~.pd_linux,pud_compat_setting,106958,1,1,0,20,.symtab
arbhar_rec~.pd_linux,spi1_speed,106960,4,1,0,20,.symtab
arbhar_rec~.pd_linux,i2c_byte_wait_us,106964,4,1,0,20,.symtab
arbhar_rec~.pd_linux,_udivsi3.o,0,0,4,0,65521,.symtab
arbhar_rec~.pd_linux,.udivsi3_skip_div0_test,30484,0,0,0,11,.symtab
arbhar_rec~.pd_linux,shift,0,0,0,0,65521,.symtab
arbhar_rec~.pd_linux,_divsi3.o,0,0,4,0,65521,.symtab
arbhar_rec~.pd_linux,.divsi3_skip_div0_test,31016,0,0,0,11,.symtab
arbhar_rec~.pd_linux,shift,0,0,0,0,65521,.symtab
arbhar_rec~.pd_linux,_dvmd_lnx.o,0,0,4,0,65521,.symtab
arbhar_rec~.pd_linux,crtstuff.c,0,0,4,0,65521,.symtab
arbhar_rec~.pd_linux,__FRAME_END__,39300,0,1,0,14,.symtab
arbhar_rec~.pd_linux,__aeabi_uidiv,30484,0,2,0,11,.symtab
arbhar_rec~.pd_linux,_fini,31600,0,2,0,12,.symtab
arbhar_rec~.pd_linux,__aeabi_idivmod,31552,32,2,0,11,.symtab
arbhar_rec~.pd_linux,__aeabi_ldiv0,31584,16,2,0,11,.symtab
arbhar_rec~.pd_linux,__udivsi3,30484,492,2,0,11,.symtab
arbhar_rec~.pd_linux,__dso_handle,106860,0,1,0,19,.symtab
arbhar_rec~.pd_linux,__divsi3,31008,544,2,0,11,.symtab
arbhar_rec~.pd_linux,__aeabi_idiv0,31584,16,2,0,11,.symtab
arbhar_rec~.pd_linux,_DYNAMIC,106240,0,1,0,65521,.symtab
arbhar_rec~.pd_linux,__aeabi_uidivmod,30976,32,2,0,11,.symtab
arbhar_rec~.pd_linux,__TMC_END__,106924,0,1,0,19,.symtab
arbhar_rec~.pd_linux,_GLOBAL_OFFSET_TABLE_,106496,0,1,0,65521,.symtab
arbhar_rec~.pd_linux,__aeabi_idiv,31008,0,2,0,11,.symtab
arbhar_rec~.pd_linux,_init,9460,0,2,0,9,.symtab
arbhar_rec~.pd_linux,gensym,0,0,0,1,0,.symtab
arbhar_rec~.pd_linux,bcm2835_aux_spi_begin,24336,176,2,1,11,.symtab
arbhar_rec~.pd_linux,_tickInternTrig,19484,196,2,1,11,.symtab
arbhar_rec~.pd_linux,raise@@GLIBC_2.4,0,0,2,1,0,.symtab
arbhar_rec~.pd_linux,bcm2835_spi_setDataMode,22980,24,2,1,11,.symtab
arbhar_rec~.pd_linux,bcm2835_gpio_clr_hen,21836,44,2,1,11,.symtab
arbhar_rec~.pd_linux,bcm2835_st_read,27096,144,2,1,11,.symtab
arbhar_rec~.pd_linux,bcm2835_i2c_write,26196,368,2,1,11,.symtab
arbhar_rec~.pd_linux,__cxa_finalize@@GLIBC_2.4,0,0,2,2,0,.symtab
arbhar_rec~.pd_linux,captureFilter,13300,116,2,1,11,.symtab
arbhar_rec~.pd_linux,bcm2835_gpio_lev,21396,60,2,1,11,.symtab
arbhar_rec~.pd_linux,bcm2835_gpio_pudclk,27736,84,2,1,11,.symtab
arbhar_rec~.pd_linux,readIntpFromSharedMem,18792,164,2,1,11,.symtab
arbhar_rec~.pd_linux,_ITM_deregisterTMCloneTable,0,0,0,2,0,.symtab
arbhar_rec~.pd_linux,bcm2835_gpio_len,21880,44,2,1,11,.symtab
arbhar_rec~.pd_linux,bcm2835_gpio_clr_ren,21660,44,2,1,11,.symtab
arbhar_rec~.pd_linux,bcm2835_pads,106888,4,1,1,19,.symtab
arbhar_rec~.pd_linux,printf@@GLIBC_2.4,0,0,2,1,0,.symtab
arbhar_rec~.pd_linux,fopen@@GLIBC_2.4,0,0,2,1,0,.symtab
arbhar_rec~.pd_linux,bcm2835_version,20888,12,2,1,11,.symtab
arbhar_rec~.pd_linux,bcm2835_gpio_clr_fen,21748,44,2,1,11,.symtab
arbhar_rec~.pd_linux,bcm2835_pwm_set_range,29340,136,2,1,11,.symtab
arbhar_rec~.pd_linux,readFromSharedMem,16412,40,2,1,11,.symtab
arbhar_rec~.pd_linux,bcm2835_peri_read,20900,64,2,1,11,.symtab
arbhar_rec~.pd_linux,_setFwdLed,13028,52,2,1,11,.symtab
arbhar_rec~.pd_linux,bcm2835_gpio_set,21268,40,2,1,11,.symtab
arbhar_rec~.pd_linux,outlet_free,0,0,0,1,0,.symtab
arbhar_rec~.pd_linux,pd_new,0,0,0,1,0,.symtab
arbhar_rec~.pd_linux,arbhar_rec_tilde_allocate,14704,292,2,1,11,.symtab
arbhar_rec~.pd_linux,arbhar_rec_tilde_new,14996,1396,2,1,11,.symtab
arbhar_rec~.pd_linux,nanosleep@@GLIBC_2.4,0,0,2,1,0,.symtab
arbhar_rec~.pd_linux,getbytes,0,0,0,1,0,.symtab
arbhar_rec~.pd_linux,memcpy@@GLIBC_2.4,0,0,2,1,0,.symtab
arbhar_rec~.pd_linux,malloc_aligned,29612,60,2,1,11,.symtab
arbhar_rec~.pd_linux,bcm2835_pwm_set_mode,29164,176,2,1,11,.symtab
arbhar_rec~.pd_linux,bcm2835_gpio_clr,21308,40,2,1,11,.symtab
arbhar_rec~.pd_linux,shmget@@GLIBC_2.4,0,0,2,1,0,.symtab
arbhar_rec~.pd_linux,bcm2835_st,106904,4,1,1,19,.symtab
arbhar_rec~.pd_linux,bcm2835_gpio_set_multi,21348,24,2,1,11,.symtab
arbhar_rec~.pd_linux,bcm2835_aux,106908,4,1,1,19,.symtab
arbhar_rec~.pd_linux,arbhar_rec_tilde_free,10828,300,2,1,11,.symtab
arbhar_rec~.pd_linux,bcm2835_bsc0,106896,4,1,1,19,.symtab
arbhar_rec~.pd_linux,bcm2835_gpio_pud,22144,32,2,1,11,.symtab
arbhar_rec~.pd_linux,makingWndArray,13532,1172,2,1,11,.symtab
arbhar_rec~.pd_linux,bcm2835_spi_transfern,24036,12,2,1,11,.symtab
arbhar_rec~.pd_linux,class_addbang,0,0,0,1,0,.symtab
arbhar_rec~.pd_linux,bcm2835_spi_setClockDivider,22900,24,2,1,11,.symtab
arbhar_rec~.pd_linux,inlet_new,0,0,0,1,0,.symtab
arbhar_rec~.pd_linux,_setRevLed,13080,52,2,1,11,.symtab
arbhar_rec~.pd_linux,bcm2835_peripherals_size,106872,4,1,1,19,.symtab
arbhar_rec~.pd_linux,strikeFilter,13416,116,2,1,11,.symtab
arbhar_rec~.pd_linux,bcm2835_pwm_set_clock,28964,200,2,1,11,.symtab
arbhar_rec~.pd_linux,bcm2835_gpio_aren,21968,44,2,1,11,.symtab
arbhar_rec~.pd_linux,shmat@@GLIBC_2.4,0,0,2,1,0,.symtab
arbhar_rec~.pd_linux,bcm2835_i2c_setClockDivider,26052,104,2,1,11,.symtab
arbhar_rec~.pd_linux,bcm2835_clk,106884,4,1,1,19,.symtab
arbhar_rec~.pd_linux,bcm2835_gpio_write_mask,22392,56,2,1,11,.symtab
arbhar_rec~.pd_linux,bcm2835_peripherals,106868,4,1,1,19,.symtab
arbhar_rec~.pd_linux,geteuid@@GLIBC_2.4,0,0,2,1,0,.symtab
arbhar_rec~.pd_linux,bcm2835_spi0,106892,4,1,1,19,.symtab
arbhar_rec~.pd_linux,stderr@@GLIBC_2.4,0,0,1,1,0,.symtab
arbhar_rec~.pd_linux,bcm2835_i2c_end,25980,48,2,1,11,.symtab
arbhar_rec~.pd_linux,fwrite@@GLIBC_2.4,0,0,2,1,0,.symtab
arbhar_rec~.pd_linux,bcm2835_peri_write,21020,56,2,1,11,.symtab
arbhar_rec~.pd_linux,bcm2835_close,30440,44,2,1,11,.symtab
arbhar_rec~.pd_linux,bcm2835_aux_spi_transfern,25608,12,2,1,11,.symtab
arbhar_rec~.pd_linux,bcm2835_gpio_set_eds,21552,40,2,1,11,.symtab
arbhar_rec~.pd_linux,bcm2835_gpio_fen,21704,44,2,1,11,.symtab
arbhar_rec~.pd_linux,bcm2835_aux_spi_setClockDivider,24716,16,2,1,11,.symtab
arbhar_rec~.pd_linux,bcm2835_gpio_pad,22176,40,2,1,11,.symtab
arbhar_rec~.pd_linux,_setPlusLed,13132,52,2,1,11,.symtab
arbhar_rec~.pd_linux,atom_getfloat,0,0,0,1,0,.symtab
arbhar_rec~.pd_linux,fread@@GLIBC_2.4,0,0,2,1,0,.symtab
arbhar_rec~.pd_linux,shmctl@@GLIBC_2.4,0,0,2,1,0,.symtab
arbhar_rec~.pd_linux,bcm2835_gpio_eds_multi,21516,36,2,1,11,.symtab
arbhar_rec~.pd_linux,error@@GLIBC_2.4,0,0,2,1,0,.symtab
arbhar_rec~.pd_linux,bcm2835_peripherals_base,106920,4,1,1,19,.symtab
arbhar_rec~.pd_linux,bcm2835_i2c_write_read_rs,28268,664,2,1,11,.symtab
arbhar_rec~.pd_linux,opendir@@GLIBC_2.4,0,0,2,1,0,.symtab
arbhar_rec~.pd_linux,bcm2835_spi_end,22780,104,2,1,11,.symtab
arbhar_rec~.pd_linux,_processOnsetData,16452,580,2,1,11,.symtab
arbhar_rec~.pd_linux,strerror@@GLIBC_2.4,0,0,2,1,0,.symtab
arbhar_rec~.pd_linux,garray_getfloatwords,0,0,0,1,0,.symtab
arbhar_rec~.pd_linux,clock_new,0,0,0,1,0,.symtab
arbhar_rec~.pd_linux,bcm2835_delay,22252,84,2,1,11,.symtab
arbhar_rec~.pd_linux,shiftFilter,13184,116,2,1,11,.symtab
arbhar_rec~.pd_linux,arbhar_rec_tilde_dsp,11856,652,2,1,11,.symtab
arbhar_rec~.pd_linux,__gmon_start__,0,0,0,2,0,.symtab
arbhar_rec~.pd_linux,bcm2835_i2c_setSlaveAddress,26028,24,2,1,11,.symtab
arbhar_rec~.pd_linux,open@@GLIBC_2.4,0,0,2,1,0,.symtab
arbhar_rec~.pd_linux,bcm2835_aux_spi_transfernb,25076,532,2,1,11,.symtab
arbhar_rec~.pd_linux,bcm2835_gpio_clr_multi,21372,24,2,1,11,.symtab
arbhar_rec~.pd_linux,bcm2835_spi_set_speed_hz,22924,56,2,1,11,.symtab
arbhar_rec~.pd_linux,bcm2835_gpio_write_multi,22352,40,2,1,11,.symtab
arbhar_rec~.pd_linux,pd_findbyclass,0,0,0,1,0,.symtab
arbhar_rec~.pd_linux,strlen@@GLIBC_2.4,0,0,2,1,0,.symtab
arbhar_rec~.pd_linux,mmap@@GLIBC_2.4,0,0,2,1,0,.symtab
arbhar_rec~.pd_linux,bcm2835_spi_setChipSelectPolarity,24072,36,2,1,11,.symtab
arbhar_rec~.pd_linux,bcm2835_gpio_set_eds_multi,21592,24,2,1,11,.symtab
arbhar_rec~.pd_linux,_setTriggerOut,13008,20,2,1,11,.symtab
arbhar_rec~.pd_linux,writeToSharedMem,16392,20,2,1,11,.symtab
arbhar_rec~.pd_linux,bcm2835_i2c_begin,25816,164,2,1,11,.symtab
arbhar_rec~.pd_linux,bcm2835_aux_spi_end,24512,96,2,1,11,.symtab
arbhar_rec~.pd_linux,bcm2835_pwm_set_data,29476,136,2,1,11,.symtab
arbhar_rec~.pd_linux,fprintf@@GLIBC_2.4,0,0,2,1,0,.symtab
arbhar_rec~.pd_linux,bcm2835_peri_set_bits,21148,44,2,1,11,.symtab
arbhar_rec~.pd_linux,posix_memalign@@GLIBC_2.4,0,0,2,1,0,.symtab
arbhar_rec~.pd_linux,garray_class,0,0,0,1,0,.symtab
arbhar_rec~.pd_linux,__errno_location@@GLIBC_2.4,0,0,2,1,0,.symtab
arbhar_rec~.pd_linux,wndArray,106968,208060,1,1,20,.symtab
arbhar_rec~.pd_linux,arbhar_rec_tilde_setup,19680,812,2,1,11,.symtab
arbhar_rec~.pd_linux,atom_getint,0,0,0,1,0,.symtab
arbhar_rec~.pd_linux,s_float,0,0,0,1,0,.symtab
arbhar_rec~.pd_linux,memset@@GLIBC_2.4,0,0,2,1,0,.symtab
arbhar_rec~.pd_linux,bcm2835_set_debug,20872,16,2,1,11,.symtab
arbhar_rec~.pd_linux,bcm2835_gpio_get_pud,22448,132,2,1,11,.symtab
arbhar_rec~.pd_linux,getModeName,12660,196,2,1,11,.symtab
arbhar_rec~.pd_linux,bcm2835_spi_transfernb,23248,432,2,1,11,.symtab
arbhar_rec~.pd_linux,post,0,0,0,1,0,.symtab
arbhar_rec~.pd_linux,bcm2835_spi_chipSelect,24048,24,2,1,11,.symtab
arbhar_rec~.pd_linux,bcm2835_i2c_set_baudrate,26156,40,2,1,11,.symtab
arbhar_rec~.pd_linux,bcm2835_gpio_write,22336,16,2,1,11,.symtab
arbhar_rec~.pd_linux,bcm2835_gpio_set_pad,22216,36,2,1,11,.symtab
arbhar_rec~.pd_linux,garray_usedindsp,0,0,0,1,0,.symtab
arbhar_rec~.pd_linux,arbhar_rec_tilde_perform,17032,1472,2,1,11,.symtab
arbhar_rec~.pd_linux,bcm2835_spi_setBitOrder,22884,16,2,1,11,.symtab
arbhar_rec~.pd_linux,shmdt@@GLIBC_2.4,0,0,2,1,0,.symtab
arbhar_rec~.pd_linux,bcm2835_i2c_read,26564,532,2,1,11,.symtab
arbhar_rec~.pd_linux,bcm2835_regbase,20696,176,2,1,11,.symtab
arbhar_rec~.pd_linux,fclose@@GLIBC_2.4,0,0,2,1,0,.symtab
arbhar_rec~.pd_linux,bcm2835_bsc1,106900,4,1,1,19,.symtab
arbhar_rec~.pd_linux,bcm2835_gpio_clr_afen,22100,44,2,1,11,.symtab
arbhar_rec~.pd_linux,outlet_new,0,0,0,1,0,.symtab
arbhar_rec~.pd_linux,inlet_free,0,0,0,1,0,.symtab
arbhar_rec~.pd_linux,clock_set,0,0,0,1,0,.symtab
arbhar_rec~.pd_linux,arbhar_rec_tilde_checkCaptureButton,18964,520,2,1,11,.symtab
arbhar_rec~.pd_linux,bcm2835_gpio_eds,21456,60,2,1,11,.symtab
arbhar_rec~.pd_linux,dsp_add,0,0,0,1,0,.symtab
arbhar_rec~.pd_linux,bcm2835_gpio_afen,22056,44,2,1,11,.symtab
arbhar_rec~.pd_linux,munmap@@GLIBC_2.4,0,0,2,1,0,.symtab
arbhar_rec~.pd_linux,bcm2835_pwm,106880,4,1,1,19,.symtab
arbhar_rec~.pd_linux,bcm2835_gpio,106876,4,1,1,19,.symtab
arbhar_rec~.pd_linux,bcm2835_aux_spi_writenb,24836,240,2,1,11,.symtab
arbhar_rec~.pd_linux,bcm2835_aux_spi_write,24732,104,2,1,11,.symtab
arbhar_rec~.pd_linux,class_new,0,0,0,1,0,.symtab
arbhar_rec~.pd_linux,outlet_float,0,0,0,1,0,.symtab
arbhar_rec~.pd_linux,bcm2835_gpio_fsel,21192,76,2,1,11,.symtab
arbhar_rec~.pd_linux,s_signal,0,0,0,1,0,.symtab
arbhar_rec~.pd_linux,bcm2835_peri_read_nb,20964,56,2,1,11,.symtab
arbhar_rec~.pd_linux,bcm2835_gpio_hen,21792,44,2,1,11,.symtab
arbhar_rec~.pd_linux,bcm2835_init,29672,768,2,1,11,.symtab
arbhar_rec~.pd_linux,bcm2835_spi_write,24108,228,2,1,11,.symtab
arbhar_rec~.pd_linux,sprintf@@GLIBC_2.4,0,0,2,1,0,.symtab
arbhar_rec~.pd_linux,class_domainsignalin,0,0,0,1,0,.symtab
arbhar_rec~.pd_linux,bcm2835_gpio_ren,21616,44,2,1,11,.symtab
arbhar_rec~.pd_linux,bcm2835_spi1,106912,4,1,1,19,.symtab
arbhar_rec~.pd_linux,bcm2835_delayMicroseconds,27240,224,2,1,11,.symtab
arbhar_rec~.pd_linux,bcm2835_spi_writenb,23680,356,2,1,11,.symtab
arbhar_rec~.pd_linux,bcm2835_peri_write_nb,21100,48,2,1,11,.symtab
arbhar_rec~.pd_linux,_ITM_registerTMCloneTable,0,0,0,2,0,.symtab
arbhar_rec~.pd_linux,bcm2835_spi_transfer,23004,244,2,1,11,.symtab
arbhar_rec~.pd_linux,bcm2835_st_delay,28932,32,2,1,11,.symtab
arbhar_rec~.pd_linux,bcm2835_aux_spi_CalcClockDivider,24608,108,2,1,11,.symtab
arbhar_rec~.pd_linux,atom_getsymbol,0,0,0,1,0,.symtab
arbhar_rec~.pd_linux,class_addmethod,0,0,0,1,0,.symtab
arbhar_rec~.pd_linux,fseek@@GLIBC_2.4,0,0,2,1,0,.symtab
arbhar_rec~.pd_linux,freebytes,0,0,0,1,0,.symtab
arbhar_rec~.pd_linux,bcm2835_gpio_clr_aren,22012,44,2,1,11,.symtab
arbhar_rec~.pd_linux,bcm2835_spi_begin,22580,200,2,1,11,.symtab
arbhar_rec~.pd_linux,clock_free,0,0,0,1,0,.symtab
arbhar_rec~.pd_linux,close@@GLIBC_2.4,0,0,2,1,0,.symtab
arbhar_rec~.pd_linux,getOnsetModeName,12856,152,2,1,11,.symtab
arbhar_rec~.pd_linux,pd_error,0,0,0,1,0,.symtab
arbhar_rec~.pd_linux,bcm2835_aux_spi_transfer,25620,196,2,1,11,.symtab
arbhar_rec~.pd_linux,closedir@@GLIBC_2.4,0,0,2,1,0,.symtab
arbhar_rec~.pd_linux,bcm2835_gpio_clr_len,21924,44,2,1,11,.symtab
arbhar_rec~.pd_linux,bcm2835_gpio_set_pud,27464,272,2,1,11,.symtab
arbhar_rec~.pd_linux,bcm2835_i2c_read_register_rs,27820,448,2,1,11,.symtab
arbhar_rec~.pd_linux,atom_string,0,0,0,1,0,.symtab
arbhar_shmem.pd_linux,/usr/lib/gcc/arm-linux-gnueabihf/8/../../../arm-linux-gnueabihf/crti.o,0,0,4,0,65521,.symtab
arbhar_shmem.pd_linux,call_weak_fn,3000,0,2,0,11,.symtab
arbhar_shmem.pd_linux,/usr/lib/gcc/arm-linux-gnueabihf/8/../../../arm-linux-gnueabihf/crtn.o,0,0,4,0,65521,.symtab
arbhar_shmem.pd_linux,crtstuff.c,0,0,4,0,65521,.symtab
arbhar_shmem.pd_linux,deregister_tm_clones,3036,0,2,0,11,.symtab
arbhar_shmem.pd_linux,register_tm_clones,3104,0,2,0,11,.symtab
arbhar_shmem.pd_linux,__do_global_dtors_aux,3184,0,2,0,11,.symtab
arbhar_shmem.pd_linux,completed.10783,78052,1,1,0,20,.symtab
arbhar_shmem.pd_linux,__do_global_dtors_aux_fini_array_entry,77580,0,1,0,16,.symtab
arbhar_shmem.pd_linux,frame_dummy,3288,0,2,0,11,.symtab
arbhar_shmem.pd_linux,__frame_dummy_init_array_entry,77576,0,1,0,15,.symtab
arbhar_shmem.pd_linux,arbhar_shmem.c,0,0,4,0,65521,.symtab
arbhar_shmem.pd_linux,arbhar_shmem_bang,3364,60,2,0,11,.symtab
arbhar_shmem.pd_linux,saveLayerToRaw,6852,340,2,0,11,.symtab
arbhar_shmem.pd_linux,loadRawToLayer,7192,308,2,0,11,.symtab
arbhar_shmem.pd_linux,crtstuff.c,0,0,4,0,65521,.symtab
arbhar_shmem.pd_linux,__FRAME_END__,12000,0,1,0,14,.symtab
arbhar_shmem.pd_linux,_fini,10880,0,2,0,12,.symtab
arbhar_shmem.pd_linux,__dso_handle,78048,0,1,0,19,.symtab
arbhar_shmem.pd_linux,_DYNAMIC,77584,0,1,0,65521,.symtab
arbhar_shmem.pd_linux,__TMC_END__,78052,0,1,0,19,.symtab
arbhar_shmem.pd_linux,_GLOBAL_OFFSET_TABLE_,77824,0,1,0,65521,.symtab
arbhar_shmem.pd_linux,_init,2536,0,2,0,9,.symtab
arbhar_shmem.pd_linux,gensym,0,0,0,1,0,.symtab
arbhar_shmem.pd_linux,arbhar_shmem_copy_stereo,4180,996,2,1,11,.symtab
arbhar_shmem.pd_linux,__cxa_finalize@@GLIBC_2.4,0,0,2,2,0,.symtab
arbhar_shmem.pd_linux,_ITM_deregisterTMCloneTable,0,0,0,2,0,.symtab
arbhar_shmem.pd_linux,fopen@@GLIBC_2.4,0,0,2,1,0,.symtab
arbhar_shmem.pd_linux,pd_new,0,0,0,1,0,.symtab
arbhar_shmem.pd_linux,shmget@@GLIBC_2.4,0,0,2,1,0,.symtab
arbhar_shmem.pd_linux,arbhar_shmem_clear,5176,148,2,1,11,.symtab
arbhar_shmem.pd_linux,arbhar_shmem_set,8016,1148,2,1,11,.symtab
arbhar_shmem.pd_linux,garray_redraw,0,0,0,1,0,.symtab
arbhar_shmem.pd_linux,class_addbang,0,0,0,1,0,.symtab
arbhar_shmem.pd_linux,shmat@@GLIBC_2.4,0,0,2,1,0,.symtab
arbhar_shmem.pd_linux,tick_resetBusy,3296,4,2,1,11,.symtab
arbhar_shmem.pd_linux,fwrite@@GLIBC_2.4,0,0,2,1,0,.symtab
arbhar_shmem.pd_linux,fread@@GLIBC_2.4,0,0,2,1,0,.symtab
arbhar_shmem.pd_linux,shmctl@@GLIBC_2.4,0,0,2,1,0,.symtab
arbhar_shmem.pd_linux,writeFloatToSharedMem,3300,64,2,1,11,.symtab
arbhar_shmem.pd_linux,error@@GLIBC_2.4,0,0,2,1,0,.symtab
arbhar_shmem.pd_linux,arbhar_shmem_dump_tab,9164,572,2,1,11,.symtab
arbhar_shmem.pd_linux,arbhar_shmem_set_tab,7500,516,2,1,11,.symtab
arbhar_shmem.pd_linux,garray_getfloatwords,0,0,0,1,0,.symtab
arbhar_shmem.pd_linux,clock_new,0,0,0,1,0,.symtab
arbhar_shmem.pd_linux,arbhar_shmem_copy,3424,756,2,1,11,.symtab
arbhar_shmem.pd_linux,__gmon_start__,0,0,0,2,0,.symtab
arbhar_shmem.pd_linux,arbhar_shmem_free,5388,740,2,1,11,.symtab
arbhar_shmem.pd_linux,arbhar_shmem_setup,10220,660,2,1,11,.symtab
arbhar_shmem.pd_linux,pd_findbyclass,0,0,0,1,0,.symtab
arbhar_shmem.pd_linux,_memAllocate,6128,288,2,1,11,.symtab
arbhar_shmem.pd_linux,arbhar_shmem_class,78056,4,1,1,20,.symtab
arbhar_shmem.pd_linux,arbhar_shmem_dump,9736,484,2,1,11,.symtab
arbhar_shmem.pd_linux,garray_class,0,0,0,1,0,.symtab
arbhar_shmem.pd_linux,atom_getint,0,0,0,1,0,.symtab
arbhar_shmem.pd_linux,memset@@GLIBC_2.4,0,0,2,1,0,.symtab
arbhar_shmem.pd_linux,post,0,0,0,1,0,.symtab
arbhar_shmem.pd_linux,shmdt@@GLIBC_2.4,0,0,2,1,0,.symtab
arbhar_shmem.pd_linux,fclose@@GLIBC_2.4,0,0,2,1,0,.symtab
arbhar_shmem.pd_linux,outlet_new,0,0,0,1,0,.symtab
arbhar_shmem.pd_linux,clock_set,0,0,0,1,0,.symtab
arbhar_shmem.pd_linux,class_new,0,0,0,1,0,.symtab
arbhar_shmem.pd_linux,outlet_float,0,0,0,1,0,.symtab
arbhar_shmem.pd_linux,atom_getsymbolarg,0,0,0,1,0,.symtab
arbhar_shmem.pd_linux,outlet_list,0,0,0,1,0,.symtab
arbhar_shmem.pd_linux,_ITM_registerTMCloneTable,0,0,0,2,0,.symtab
arbhar_shmem.pd_linux,arbhar_shmem_new,6416,436,2,1,11,.symtab
arbhar_shmem.pd_linux,class_addmethod,0,0,0,1,0,.symtab
arbhar_shmem.pd_linux,fseek@@GLIBC_2.4,0,0,2,1,0,.symtab
arbhar_shmem.pd_linux,atom_getfloatarg,0,0,0,1,0,.symtab
arbhar_shmem.pd_linux,pd_error,0,0,0,1,0,.symtab
arbhar_shmem.pd_linux,arbhar_shmem_read,5324,64,2,1,11,.symtab
arbhar_shmem.pd_linux,atom_string,0,0,0,1,0,.symtab
arbhar_wtosc~.pd_linux,/usr/lib/gcc/arm-linux-gnueabihf/8/../../../arm-linux-gnueabihf/crti.o,0,0,4,0,65521,.symtab
arbhar_wtosc~.pd_linux,call_weak_fn,9688,0,2,0,11,.symtab
arbhar_wtosc~.pd_linux,/usr/lib/gcc/arm-linux-gnueabihf/8/../../../arm-linux-gnueabihf/crtn.o,0,0,4,0,65521,.symtab
arbhar_wtosc~.pd_linux,crtstuff.c,0,0,4,0,65521,.symtab
arbhar_wtosc~.pd_linux,deregister_tm_clones,9724,0,2,0,11,.symtab
arbhar_wtosc~.pd_linux,register_tm_clones,9792,0,2,0,11,.symtab
arbhar_wtosc~.pd_linux,__do_global_dtors_aux,9872,0,2,0,11,.symtab
arbhar_wtosc~.pd_linux,completed.10783,102760,1,1,0,20,.symtab
arbhar_wtosc~.pd_linux,__do_global_dtors_aux_fini_array_entry,102140,0,1,0,16,.symtab
arbhar_wtosc~.pd_linux,frame_dummy,9976,0,2,0,11,.symtab
arbhar_wtosc~.pd_linux,__frame_dummy_init_array_entry,102136,0,1,0,15,.symtab
arbhar_wtosc~.pd_linux,arbhar_wtosc~.c,0,0,4,0,65521,.symtab
arbhar_wtosc~.pd_linux,arbhar_wtosc_tilde_start,9984,32,2,0,11,.symtab
arbhar_wtosc~.pd_linux,arbhar_wtosc_tilde_setActive,10016,24,2,0,11,.symtab
arbhar_wtosc~.pd_linux,arbhar_wtosc_tilde_setMaxValChange,10040,28,2,0,11,.symtab
arbhar_wtosc~.pd_linux,arbhar_wtosc_tilde_setVolAdjust,10068,8,2,0,11,.symtab
arbhar_wtosc~.pd_linux,arbhar_wtosc_tilde_layer,10076,48,2,0,11,.symtab
arbhar_wtosc~.pd_linux,arbhar_wtosc_tilde_set,10132,188,2,0,11,.symtab
arbhar_wtosc~.pd_linux,arbhar_wtosc_tilde_bang,10320,76,2,0,11,.symtab
arbhar_wtosc~.pd_linux,arbhar_wtosc_tilde_setFilterCutoff,10396,152,2,0,11,.symtab
arbhar_wtosc~.pd_linux,tick_getPlayData,15292,492,2,0,11,.symtab
arbhar_wtosc~.pd_linux,SAW,27696,2060,1,0,13,.symtab
arbhar_wtosc~.pd_linux,GAUSS,29756,2060,1,0,13,.symtab
arbhar_wtosc~.pd_linux,SQUARE,31816,2060,1,0,13,.symtab
arbhar_wtosc~.pd_linux,pVal.10517,102700,1,1,0,19,.symtab
arbhar_wtosc~.pd_linux,pVal.10522,102701,1,1,0,19,.symtab
arbhar_wtosc~.pd_linux,pVal.10527,102702,1,1,0,19,.symtab
arbhar_wtosc~.pd_linux,time.10518,102764,4,1,0,20,.symtab
arbhar_wtosc~.pd_linux,time.10523,102768,4,1,0,20,.symtab
arbhar_wtosc~.pd_linux,time.10528,102772,4,1,0,20,.symtab
arbhar_wtosc~.pd_linux,arbhar_wtosc_tilde_class,102776,4,1,0,20,.symtab
arbhar_wtosc~.pd_linux,count.10752,102780,4,1,0,20,.symtab
arbhar_wtosc~.pd_linux,sprayVal.10751,102784,4,1,0,20,.symtab
arbhar_wtosc~.pd_linux,bcm2835.c,0,0,4,0,65521,.symtab
arbhar_wtosc~.pd_linux,bcm2835_close.part.4,16580,84,2,0,11,.symtab
arbhar_wtosc~.pd_linux,mapmem.constprop.5,16664,120,2,0,11,.symtab
arbhar_wtosc~.pd_linux,bcm2835_gpio_pud.part.1,17164,24,2,0,11,.symtab
arbhar_wtosc~.pd_linux,CSWTCH.158,34492,3,1,0,13,.symtab
arbhar_wtosc~.pd_linux,bcm2835_byte_reverse_table,34496,256,1,0,13,.symtab
arbhar_wtosc~.pd_linux,CSWTCH.159,34752,12,1,0,13,.symtab
arbhar_wtosc~.pd_linux,bcm2835_spi_bit_order,102752,1,1,0,19,.symtab
arbhar_wtosc~.pd_linux,debug,102788,1,1,0,20,.symtab
arbhar_wtosc~.pd_linux,pud_type_rpi4,102789,1,1,0,20,.symtab
arbhar_wtosc~.pd_linux,pud_compat_setting,102790,1,1,0,20,.symtab
arbhar_wtosc~.pd_linux,spi1_speed,102792,4,1,0,20,.symtab
arbhar_wtosc~.pd_linux,i2c_byte_wait_us,102796,4,1,0,20,.symtab
arbhar_wtosc~.pd_linux,_udivsi3.o,0,0,4,0,65521,.symtab
arbhar_wtosc~.pd_linux,.udivsi3_skip_div0_test,26572,0,0,0,11,.symtab
arbhar_wtosc~.pd_linux,shift,0,0,0,0,65521,.symtab
arbhar_wtosc~.pd_linux,_divsi3.o,0,0,4,0,65521,.symtab
arbhar_wtosc~.pd_linux,.divsi3_skip_div0_test,27104,0,0,0,11,.symtab
arbhar_wtosc~.pd_linux,shift,0,0,0,0,65521,.symtab
arbhar_wtosc~.pd_linux,_dvmd_lnx.o,0,0,4,0,65521,.symtab
arbhar_wtosc~.pd_linux,crtstuff.c,0,0,4,0,65521,.symtab
arbhar_wtosc~.pd_linux,__FRAME_END__,35148,0,1,0,14,.symtab
arbhar_wtosc~.pd_linux,__aeabi_uidiv,26572,0,2,0,11,.symtab
arbhar_wtosc~.pd_linux,_fini,27688,0,2,0,12,.symtab
arbhar_wtosc~.pd_linux,__aeabi_idivmod,27640,32,2,0,11,.symtab
arbhar_wtosc~.pd_linux,__aeabi_ldiv0,27672,16,2,0,11,.symtab
arbhar_wtosc~.pd_linux,__udivsi3,26572,492,2,0,11,.symtab
arbhar_wtosc~.pd_linux,__dso_handle,102696,0,1,0,19,.symtab
arbhar_wtosc~.pd_linux,__divsi3,27096,544,2,0,11,.symtab
arbhar_wtosc~.pd_linux,__aeabi_idiv0,27672,16,2,0,11,.symtab
arbhar_wtosc~.pd_linux,_DYNAMIC,102144,0,1,0,65521,.symtab
arbhar_wtosc~.pd_linux,__aeabi_uidivmod,27064,32,2,0,11,.symtab
arbhar_wtosc~.pd_linux,__TMC_END__,102760,0,1,0,19,.symtab
arbhar_wtosc~.pd_linux,_GLOBAL_OFFSET_TABLE_,102400,0,1,0,65521,.symtab
arbhar_wtosc~.pd_linux,__aeabi_idiv,27096,0,2,0,11,.symtab
arbhar_wtosc~.pd_linux,_init,8920,0,2,0,9,.symtab
arbhar_wtosc~.pd_linux,gensym,0,0,0,1,0,.symtab
arbhar_wtosc~.pd_linux,bcm2835_aux_spi_begin,20424,176,2,1,11,.symtab
arbhar_wtosc~.pd_linux,raise@@GLIBC_2.4,0,0,2,1,0,.symtab
arbhar_wtosc~.pd_linux,bcm2835_spi_setDataMode,19068,24,2,1,11,.symtab
arbhar_wtosc~.pd_linux,bcm2835_gpio_clr_hen,17924,44,2,1,11,.symtab
arbhar_wtosc~.pd_linux,bcm2835_st_read,23184,144,2,1,11,.symtab
arbhar_wtosc~.pd_linux,bcm2835_i2c_write,22284,368,2,1,11,.symtab
arbhar_wtosc~.pd_linux,__cxa_finalize@@GLIBC_2.4,0,0,2,2,0,.symtab
arbhar_wtosc~.pd_linux,captureFilter,11884,116,2,1,11,.symtab
arbhar_wtosc~.pd_linux,bcm2835_gpio_lev,17484,60,2,1,11,.symtab
arbhar_wtosc~.pd_linux,bcm2835_gpio_pudclk,23824,84,2,1,11,.symtab
arbhar_wtosc~.pd_linux,_ITM_deregisterTMCloneTable,0,0,0,2,0,.symtab
arbhar_wtosc~.pd_linux,bcm2835_gpio_len,17968,44,2,1,11,.symtab
arbhar_wtosc~.pd_linux,bcm2835_gpio_clr_ren,17748,44,2,1,11,.symtab
arbhar_wtosc~.pd_linux,bcm2835_pads,102724,4,1,1,19,.symtab
arbhar_wtosc~.pd_linux,printf@@GLIBC_2.4,0,0,2,1,0,.symtab
arbhar_wtosc~.pd_linux,fopen@@GLIBC_2.4,0,0,2,1,0,.symtab
arbhar_wtosc~.pd_linux,bcm2835_version,16976,12,2,1,11,.symtab
arbhar_wtosc~.pd_linux,bcm2835_gpio_clr_fen,17836,44,2,1,11,.symtab
arbhar_wtosc~.pd_linux,bcm2835_pwm_set_range,25428,136,2,1,11,.symtab
arbhar_wtosc~.pd_linux,bcm2835_peri_read,16988,64,2,1,11,.symtab
arbhar_wtosc~.pd_linux,_setFwdLed,11612,52,2,1,11,.symtab
arbhar_wtosc~.pd_linux,bcm2835_gpio_set,17356,40,2,1,11,.symtab
arbhar_wtosc~.pd_linux,outlet_free,0,0,0,1,0,.symtab
arbhar_wtosc~.pd_linux,pd_new,0,0,0,1,0,.symtab
arbhar_wtosc~.pd_linux,bug,0,0,0,1,0,.symtab
arbhar_wtosc~.pd_linux,arbhar_wtosc_tilde_setup,16024,556,2,1,11,.symtab
arbhar_wtosc~.pd_linux,nanosleep@@GLIBC_2.4,0,0,2,1,0,.symtab
arbhar_wtosc~.pd_linux,malloc_aligned,25700,60,2,1,11,.symtab
arbhar_wtosc~.pd_linux,bcm2835_pwm_set_mode,25252,176,2,1,11,.symtab
arbhar_wtosc~.pd_linux,bcm2835_gpio_clr,17396,40,2,1,11,.symtab
arbhar_wtosc~.pd_linux,shmget@@GLIBC_2.4,0,0,2,1,0,.symtab
arbhar_wtosc~.pd_linux,bcm2835_st,102740,4,1,1,19,.symtab
arbhar_wtosc~.pd_linux,bcm2835_gpio_set_multi,17436,24,2,1,11,.symtab
arbhar_wtosc~.pd_linux,bcm2835_aux,102744,4,1,1,19,.symtab
arbhar_wtosc~.pd_linux,bcm2835_bsc0,102732,4,1,1,19,.symtab
arbhar_wtosc~.pd_linux,bcm2835_gpio_pud,18232,32,2,1,11,.symtab
arbhar_wtosc~.pd_linux,makingWndArray,12116,1172,2,1,11,.symtab
arbhar_wtosc~.pd_linux,garray_redraw,0,0,0,1,0,.symtab
arbhar_wtosc~.pd_linux,bcm2835_spi_transfern,20124,12,2,1,11,.symtab
arbhar_wtosc~.pd_linux,class_addbang,0,0,0,1,0,.symtab
arbhar_wtosc~.pd_linux,bcm2835_spi_setClockDivider,18988,24,2,1,11,.symtab
arbhar_wtosc~.pd_linux,_setRevLed,11664,52,2,1,11,.symtab
arbhar_wtosc~.pd_linux,bcm2835_peripherals_size,102708,4,1,1,19,.symtab
arbhar_wtosc~.pd_linux,ilog2,0,0,0,1,0,.symtab
arbhar_wtosc~.pd_linux,_memReadLayer,15228,64,2,1,11,.symtab
arbhar_wtosc~.pd_linux,strikeFilter,12000,116,2,1,11,.symtab
arbhar_wtosc~.pd_linux,bcm2835_pwm_set_clock,25052,200,2,1,11,.symtab
arbhar_wtosc~.pd_linux,_memWrite,15164,64,2,1,11,.symtab
arbhar_wtosc~.pd_linux,bcm2835_gpio_aren,18056,44,2,1,11,.symtab
arbhar_wtosc~.pd_linux,shmat@@GLIBC_2.4,0,0,2,1,0,.symtab
arbhar_wtosc~.pd_linux,bcm2835_i2c_setClockDivider,22140,104,2,1,11,.symtab
arbhar_wtosc~.pd_linux,bcm2835_clk,102720,4,1,1,19,.symtab
arbhar_wtosc~.pd_linux,bcm2835_gpio_write_mask,18480,56,2,1,11,.symtab
arbhar_wtosc~.pd_linux,bcm2835_peripherals,102704,4,1,1,19,.symtab
arbhar_wtosc~.pd_linux,geteuid@@GLIBC_2.4,0,0,2,1,0,.symtab
arbhar_wtosc~.pd_linux,bcm2835_spi0,102728,4,1,1,19,.symtab
arbhar_wtosc~.pd_linux,clock_delay,0,0,0,1,0,.symtab
arbhar_wtosc~.pd_linux,stderr@@GLIBC_2.4,0,0,1,1,0,.symtab
arbhar_wtosc~.pd_linux,bcm2835_i2c_end,22068,48,2,1,11,.symtab
arbhar_wtosc~.pd_linux,bcm2835_peri_write,17108,56,2,1,11,.symtab
arbhar_wtosc~.pd_linux,bcm2835_close,26528,44,2,1,11,.symtab
arbhar_wtosc~.pd_linux,bcm2835_aux_spi_transfern,21696,12,2,1,11,.symtab
arbhar_wtosc~.pd_linux,bcm2835_gpio_set_eds,17640,40,2,1,11,.symtab
arbhar_wtosc~.pd_linux,bcm2835_gpio_fen,17792,44,2,1,11,.symtab
arbhar_wtosc~.pd_linux,bcm2835_aux_spi_setClockDivider,20804,16,2,1,11,.symtab
arbhar_wtosc~.pd_linux,bcm2835_gpio_pad,18264,40,2,1,11,.symtab
arbhar_wtosc~.pd_linux,_setPlusLed,11716,52,2,1,11,.symtab
arbhar_wtosc~.pd_linux,atom_getfloat,0,0,0,1,0,.symtab
arbhar_wtosc~.pd_linux,fread@@GLIBC_2.4,0,0,2,1,0,.symtab
arbhar_wtosc~.pd_linux,shmctl@@GLIBC_2.4,0,0,2,1,0,.symtab
arbhar_wtosc~.pd_linux,bcm2835_gpio_eds_multi,17604,36,2,1,11,.symtab
arbhar_wtosc~.pd_linux,error@@GLIBC_2.4,0,0,2,1,0,.symtab
arbhar_wtosc~.pd_linux,bcm2835_peripherals_base,102756,4,1,1,19,.symtab
arbhar_wtosc~.pd_linux,bcm2835_i2c_write_read_rs,24356,664,2,1,11,.symtab
arbhar_wtosc~.pd_linux,bcm2835_spi_end,18868,104,2,1,11,.symtab
arbhar_wtosc~.pd_linux,strerror@@GLIBC_2.4,0,0,2,1,0,.symtab
arbhar_wtosc~.pd_linux,garray_getfloatwords,0,0,0,1,0,.symtab
arbhar_wtosc~.pd_linux,clock_new,0,0,0,1,0,.symtab
arbhar_wtosc~.pd_linux,_memReadIntp,15784,120,2,1,11,.symtab
arbhar_wtosc~.pd_linux,bcm2835_delay,18340,84,2,1,11,.symtab
arbhar_wtosc~.pd_linux,shiftFilter,11768,116,2,1,11,.symtab
arbhar_wtosc~.pd_linux,__fmod_finite@@GLIBC_2.15,0,0,2,1,0,.symtab
arbhar_wtosc~.pd_linux,__gmon_start__,0,0,0,2,0,.symtab
arbhar_wtosc~.pd_linux,bcm2835_i2c_setSlaveAddress,22116,24,2,1,11,.symtab
arbhar_wtosc~.pd_linux,open@@GLIBC_2.4,0,0,2,1,0,.symtab
arbhar_wtosc~.pd_linux,bcm2835_aux_spi_transfernb,21164,532,2,1,11,.symtab
arbhar_wtosc~.pd_linux,bcm2835_gpio_clr_multi,17460,24,2,1,11,.symtab
arbhar_wtosc~.pd_linux,bcm2835_spi_set_speed_hz,19012,56,2,1,11,.symtab
arbhar_wtosc~.pd_linux,arbhar_wtosc_tilde_dsp,10548,696,2,1,11,.symtab
arbhar_wtosc~.pd_linux,_memRead,14152,68,2,1,11,.symtab
arbhar_wtosc~.pd_linux,bcm2835_gpio_write_multi,18440,40,2,1,11,.symtab
arbhar_wtosc~.pd_linux,pd_findbyclass,0,0,0,1,0,.symtab
arbhar_wtosc~.pd_linux,_memAllocate,13288,288,2,1,11,.symtab
arbhar_wtosc~.pd_linux,mmap@@GLIBC_2.4,0,0,2,1,0,.symtab
arbhar_wtosc~.pd_linux,bcm2835_spi_setChipSelectPolarity,20160,36,2,1,11,.symtab
arbhar_wtosc~.pd_linux,bcm2835_gpio_set_eds_multi,17680,24,2,1,11,.symtab
arbhar_wtosc~.pd_linux,_setTriggerOut,11592,20,2,1,11,.symtab
arbhar_wtosc~.pd_linux,bcm2835_i2c_begin,21904,164,2,1,11,.symtab
arbhar_wtosc~.pd_linux,bcm2835_aux_spi_end,20600,96,2,1,11,.symtab
arbhar_wtosc~.pd_linux,bcm2835_pwm_set_data,25564,136,2,1,11,.symtab
arbhar_wtosc~.pd_linux,fprintf@@GLIBC_2.4,0,0,2,1,0,.symtab
arbhar_wtosc~.pd_linux,bcm2835_peri_set_bits,17236,44,2,1,11,.symtab
arbhar_wtosc~.pd_linux,posix_memalign@@GLIBC_2.4,0,0,2,1,0,.symtab
arbhar_wtosc~.pd_linux,garray_class,0,0,0,1,0,.symtab
arbhar_wtosc~.pd_linux,__errno_location@@GLIBC_2.4,0,0,2,1,0,.symtab
arbhar_wtosc~.pd_linux,wndArray,102800,208060,1,1,20,.symtab
arbhar_wtosc~.pd_linux,arbhar_wtosc_tilde_perform,14220,944,2,1,11,.symtab
arbhar_wtosc~.pd_linux,bcm2835_set_debug,16960,16,2,1,11,.symtab
arbhar_wtosc~.pd_linux,bcm2835_gpio_get_pud,18536,132,2,1,11,.symtab
arbhar_wtosc~.pd_linux,getModeName,11244,196,2,1,11,.symtab
arbhar_wtosc~.pd_linux,bcm2835_spi_transfernb,19336,432,2,1,11,.symtab
arbhar_wtosc~.pd_linux,post,0,0,0,1,0,.symtab
arbhar_wtosc~.pd_linux,bcm2835_spi_chipSelect,20136,24,2,1,11,.symtab
arbhar_wtosc~.pd_linux,bcm2835_i2c_set_baudrate,22244,40,2,1,11,.symtab
arbhar_wtosc~.pd_linux,bcm2835_gpio_write,18424,16,2,1,11,.symtab
arbhar_wtosc~.pd_linux,bcm2835_gpio_set_pad,18304,36,2,1,11,.symtab
arbhar_wtosc~.pd_linux,garray_usedindsp,0,0,0,1,0,.symtab
arbhar_wtosc~.pd_linux,arbhar_wtosc_tilde_new,13576,576,2,1,11,.symtab
arbhar_wtosc~.pd_linux,bcm2835_spi_setBitOrder,18972,16,2,1,11,.symtab
arbhar_wtosc~.pd_linux,shmdt@@GLIBC_2.4,0,0,2,1,0,.symtab
arbhar_wtosc~.pd_linux,bcm2835_i2c_read,22652,532,2,1,11,.symtab
arbhar_wtosc~.pd_linux,rand@@GLIBC_2.4,0,0,2,1,0,.symtab
arbhar_wtosc~.pd_linux,bcm2835_regbase,16784,176,2,1,11,.symtab
arbhar_wtosc~.pd_linux,fclose@@GLIBC_2.4,0,0,2,1,0,.symtab
arbhar_wtosc~.pd_linux,bcm2835_bsc1,102736,4,1,1,19,.symtab
arbhar_wtosc~.pd_linux,bcm2835_gpio_clr_afen,18188,44,2,1,11,.symtab
arbhar_wtosc~.pd_linux,outlet_new,0,0,0,1,0,.symtab
arbhar_wtosc~.pd_linux,bcm2835_gpio_eds,17544,60,2,1,11,.symtab
arbhar_wtosc~.pd_linux,dsp_add,0,0,0,1,0,.symtab
arbhar_wtosc~.pd_linux,bcm2835_gpio_afen,18144,44,2,1,11,.symtab
arbhar_wtosc~.pd_linux,munmap@@GLIBC_2.4,0,0,2,1,0,.symtab
arbhar_wtosc~.pd_linux,bcm2835_pwm,102716,4,1,1,19,.symtab
arbhar_wtosc~.pd_linux,bcm2835_gpio,102712,4,1,1,19,.symtab
arbhar_wtosc~.pd_linux,bcm2835_aux_spi_writenb,20924,240,2,1,11,.symtab
arbhar_wtosc~.pd_linux,bcm2835_aux_spi_write,20820,104,2,1,11,.symtab
arbhar_wtosc~.pd_linux,class_new,0,0,0,1,0,.symtab
arbhar_wtosc~.pd_linux,bcm2835_gpio_fsel,17280,76,2,1,11,.symtab
arbhar_wtosc~.pd_linux,bcm2835_peri_read_nb,17052,56,2,1,11,.symtab
arbhar_wtosc~.pd_linux,bcm2835_gpio_hen,17880,44,2,1,11,.symtab
arbhar_wtosc~.pd_linux,arbhar_wtosc_tilde_free,10124,8,2,1,11,.symtab
arbhar_wtosc~.pd_linux,bcm2835_init,25760,768,2,1,11,.symtab
arbhar_wtosc~.pd_linux,bcm2835_spi_write,20196,228,2,1,11,.symtab
arbhar_wtosc~.pd_linux,_memReadIntpRev,15904,120,2,1,11,.symtab
arbhar_wtosc~.pd_linux,class_domainsignalin,0,0,0,1,0,.symtab
arbhar_wtosc~.pd_linux,bcm2835_gpio_ren,17704,44,2,1,11,.symtab
arbhar_wtosc~.pd_linux,bcm2835_spi1,102748,4,1,1,19,.symtab
arbhar_wtosc~.pd_linux,bcm2835_delayMicroseconds,23328,224,2,1,11,.symtab
arbhar_wtosc~.pd_linux,bcm2835_spi_writenb,19768,356,2,1,11,.symtab
arbhar_wtosc~.pd_linux,bcm2835_peri_write_nb,17188,48,2,1,11,.symtab
arbhar_wtosc~.pd_linux,_ITM_registerTMCloneTable,0,0,0,2,0,.symtab
arbhar_wtosc~.pd_linux,bcm2835_spi_transfer,19092,244,2,1,11,.symtab
arbhar_wtosc~.pd_linux,bcm2835_st_delay,25020,32,2,1,11,.symtab
arbhar_wtosc~.pd_linux,bcm2835_aux_spi_CalcClockDivider,20696,108,2,1,11,.symtab
arbhar_wtosc~.pd_linux,atom_getsymbol,0,0,0,1,0,.symtab
arbhar_wtosc~.pd_linux,class_addmethod,0,0,0,1,0,.symtab
arbhar_wtosc~.pd_linux,bcm2835_gpio_clr_aren,18100,44,2,1,11,.symtab
arbhar_wtosc~.pd_linux,bcm2835_spi_begin,18668,200,2,1,11,.symtab
arbhar_wtosc~.pd_linux,close@@GLIBC_2.4,0,0,2,1,0,.symtab
arbhar_wtosc~.pd_linux,getOnsetModeName,11440,152,2,1,11,.symtab
arbhar_wtosc~.pd_linux,pd_error,0,0,0,1,0,.symtab
arbhar_wtosc~.pd_linux,bcm2835_aux_spi_transfer,21708,196,2,1,11,.symtab
arbhar_wtosc~.pd_linux,bcm2835_gpio_clr_len,18012,44,2,1,11,.symtab
arbhar_wtosc~.pd_linux,bcm2835_gpio_set_pud,23552,272,2,1,11,.symtab
arbhar_wtosc~.pd_linux,bcm2835_i2c_read_register_rs,23908,448,2,1,11,.symtab
comport.pd_linux,/usr/lib/gcc/arm-linux-gnueabihf/6/../../../arm-linux-gnueabihf/crti.o,0,0,4,0,65521,.symtab
comport.pd_linux,call_weak_fn,3096,0,2,0,11,.symtab
comport.pd_linux,/usr/lib/gcc/arm-linux-gnueabihf/6/../../../arm-linux-gnueabihf/crtn.o,0,0,4,0,65521,.symtab
comport.pd_linux,crtstuff.c,0,0,4,0,65521,.symtab
comport.pd_linux,__JCR_LIST__,85788,0,1,0,17,.symtab
comport.pd_linux,deregister_tm_clones,3132,0,2,0,11,.symtab
comport.pd_linux,register_tm_clones,3208,0,2,0,11,.symtab
comport.pd_linux,__do_global_dtors_aux,3288,0,2,0,11,.symtab
comport.pd_linux,completed.10395,86232,1,1,0,21,.symtab
comport.pd_linux,__do_global_dtors_aux_fini_array_entry,85784,0,1,0,16,.symtab
comport.pd_linux,frame_dummy,3392,0,2,0,11,.symtab
comport.pd_linux,__frame_dummy_init_array_entry,85780,0,1,0,15,.symtab
comport.pd_linux,comport.c,0,0,4,0,65521,.symtab
comport.pd_linux,comport_pollintervall,3472,44,2,0,11,.symtab
comport.pd_linux,comport_retries,3516,32,2,0,11,.symtab
comport.pd_linux,comport_ports,3548,344,2,0,11,.symtab
comport.pd_linux,comport_devices,3892,300,2,0,11,.symtab
comport.pd_linux,comport_help,4192,116,2,0,11,.symtab
comport.pd_linux,comport_verbose,4308,44,2,0,11,.symtab
comport.pd_linux,comport_parity,4352,240,2,0,11,.symtab
comport.pd_linux,comport_bits,4592,256,2,0,11,.symtab
comport.pd_linux,set_baudrate,4848,632,2,0,11,.symtab
comport.pd_linux,open_serial,5480,1308,2,0,11,.symtab
comport.pd_linux,comport_hupcl,6788,148,2,0,11,.symtab
comport.pd_linux,comport_list,6936,860,2,0,11,.symtab
comport.pd_linux,comport_free,7796,144,2,0,11,.symtab
comport.pd_linux,comport_rts,7940,176,2,0,11,.symtab
comport.pd_linux,comport_dtr,8116,176,2,0,11,.symtab
comport.pd_linux,comport_xonxoff,8292,192,2,0,11,.symtab
comport.pd_linux,comport_rtscts,8484,192,2,0,11,.symtab
comport.pd_linux,comport_stopbit,8676,188,2,0,11,.symtab
comport.pd_linux,comport_baud,8864,184,2,0,11,.symtab
comport.pd_linux,comport_new,9048,776,2,0,11,.symtab
comport.pd_linux,comport_tick,10608,1368,2,0,11,.symtab
comport.pd_linux,comport_print,9824,340,2,0,11,.symtab
comport.pd_linux,comport_float,10164,120,2,0,11,.symtab
comport.pd_linux,comport_close,10284,132,2,0,11,.symtab
comport.pd_linux,comport_open,10416,192,2,0,11,.symtab
comport.pd_linux,comport_info,11976,1144,2,0,11,.symtab
comport.pd_linux,comport_devicename,13120,1308,2,0,11,.symtab
comport.pd_linux,baudratetable,15640,76,1,0,13,.symtab
comport.pd_linux,baudspeedbittable,15716,76,1,0,13,.symtab
comport.pd_linux,buf.8054,86236,256,1,0,21,.symtab
comport.pd_linux,crtstuff.c,0,0,4,0,65521,.symtab
comport.pd_linux,__FRAME_END__,19268,0,1,0,14,.symtab
comport.pd_linux,__JCR_END__,85788,0,1,0,17,.symtab
comport.pd_linux,__dso_handle,86228,0,1,0,20,.symtab
comport.pd_linux,_DYNAMIC,85792,0,1,0,65521,.symtab
comport.pd_linux,__TMC_END__,86232,0,1,0,20,.symtab
comport.pd_linux,_GLOBAL_OFFSET_TABLE_,86016,0,1,0,65521,.symtab
comport.pd_linux,gensym,0,0,0,1,0,.symtab
comport.pd_linux,strcmp@@GLIBC_2.4,0,0,2,1,0,.symtab
comport.pd_linux,__cxa_finalize@@GLIBC_2.4,0,0,2,2,0,.symtab
comport.pd_linux,_ITM_deregisterTMCloneTable,0,0,0,2,0,.symtab
comport.pd_linux,__bss_start__,86232,0,0,1,21,.symtab
comport.pd_linux,read@@GLIBC_2.4,0,0,2,1,0,.symtab
comport.pd_linux,pd_new,0,0,0,1,0,.symtab
comport.pd_linux,getbytes,0,0,0,1,0,.symtab
comport.pd_linux,_bss_end__,86504,0,0,1,21,.symtab
comport.pd_linux,_edata,86232,0,0,1,20,.symtab
comport.pd_linux,select@@GLIBC_2.4,0,0,2,1,0,.symtab
comport.pd_linux,_fini,15632,0,2,1,12,.symtab
comport.pd_linux,__bss_end__,86504,0,0,1,21,.symtab
comport.pd_linux,perror@@GLIBC_2.4,0,0,2,1,0,.symtab
comport.pd_linux,cfsetospeed@@GLIBC_2.4,0,0,2,1,0,.symtab
comport.pd_linux,clock_delay,0,0,0,1,0,.symtab
comport.pd_linux,ioctl@@GLIBC_2.4,0,0,2,1,0,.symtab
comport.pd_linux,bcopy@@GLIBC_2.4,0,0,2,1,0,.symtab
comport.pd_linux,tcsetattr@@GLIBC_2.4,0,0,2,1,0,.symtab
comport.pd_linux,class_addlist,0,0,0,1,0,.symtab
comport.pd_linux,strerror@@GLIBC_2.4,0,0,2,1,0,.symtab
comport.pd_linux,clock_new,0,0,0,1,0,.symtab
comport.pd_linux,comport_class,86492,4,1,1,21,.symtab
comport.pd_linux,__gmon_start__,0,0,0,2,0,.symtab
comport.pd_linux,open@@GLIBC_2.4,0,0,2,1,0,.symtab
comport.pd_linux,clock_unset,0,0,0,1,0,.symtab
comport.pd_linux,cfsetispeed@@GLIBC_2.4,0,0,2,1,0,.symtab
comport.pd_linux,fcntl@@GLIBC_2.4,0,0,2,1,0,.symtab
comport.pd_linux,__errno_location@@GLIBC_2.4,0,0,2,1,0,.symtab
comport.pd_linux,atom_getint,0,0,0,1,0,.symtab
comport.pd_linux,s_float,0,0,0,1,0,.symtab
comport.pd_linux,memset@@GLIBC_2.4,0,0,2,1,0,.symtab
comport.pd_linux,_end,86504,0,0,1,21,.symtab
comport.pd_linux,null_tv,86496,8,1,1,21,.symtab
comport.pd_linux,post,0,0,0,1,0,.symtab
comport.pd_linux,write@@GLIBC_2.4,0,0,2,1,0,.symtab
comport.pd_linux,__end__,86504,0,0,1,21,.symtab
comport.pd_linux,__bss_start,86232,0,0,1,21,.symtab
comport.pd_linux,outlet_new,0,0,0,1,0,.symtab
comport.pd_linux,glob@@GLIBC_2.4,0,0,2,1,0,.symtab
comport.pd_linux,class_new,0,0,0,1,0,.symtab
comport.pd_linux,outlet_float,0,0,0,1,0,.symtab
comport.pd_linux,class_doaddfloat,0,0,0,1,0,.symtab
comport.pd_linux,_Jv_RegisterClasses,0,0,0,2,0,.symtab
comport.pd_linux,verbose,0,0,0,1,0,.symtab
comport.pd_linux,outlet_anything,0,0,0,1,0,.symtab
comport.pd_linux,_ITM_registerTMCloneTable,0,0,0,2,0,.symtab
comport.pd_linux,comport_setup,14428,1204,2,1,11,.symtab
comport.pd_linux,class_addmethod,0,0,0,1,0,.symtab
comport.pd_linux,freebytes,0,0,0,1,0,.symtab
comport.pd_linux,atom_getfloatarg,0,0,0,1,0,.symtab
comport.pd_linux,clock_free,0,0,0,1,0,.symtab
comport.pd_linux,_init,2556,0,2,1,9,.symtab
comport.pd_linux,close@@GLIBC_2.4,0,0,2,1,0,.symtab
comport.pd_linux,pd_error,0,0,0,1,0,.symtab
comport.pd_linux,globfree@@GLIBC_2.4,0,0,2,1,0,.symtab
comport.pd_linux,tcgetattr@@GLIBC_2.4,0,0,2,1,0,.symtab
comport.pd_linux,atom_string,0,0,0,1,0,.symtab
fftwObject~.pd_linux,/usr/lib/gcc/arm-linux-gnueabihf/8/../../../arm-linux-gnueabihf/crti.o,0,0,4,0,65521,.symtab
fftwObject~.pd_linux,call_weak_fn,1848,0,2,0,11,.symtab
fftwObject~.pd_linux,/usr/lib/gcc/arm-linux-gnueabihf/8/../../../arm-linux-gnueabihf/crtn.o,0,0,4,0,65521,.symtab
fftwObject~.pd_linux,crtstuff.c,0,0,4,0,65521,.symtab
fftwObject~.pd_linux,deregister_tm_clones,1884,0,2,0,11,.symtab
fftwObject~.pd_linux,register_tm_clones,1952,0,2,0,11,.symtab
fftwObject~.pd_linux,__do_global_dtors_aux,2032,0,2,0,11,.symtab
fftwObject~.pd_linux,completed.10783,86140,1,1,0,20,.symtab
fftwObject~.pd_linux,__do_global_dtors_aux_fini_array_entry,85764,0,1,0,16,.symtab
fftwObject~.pd_linux,frame_dummy,2136,0,2,0,11,.symtab
fftwObject~.pd_linux,__frame_dummy_init_array_entry,85760,0,1,0,15,.symtab
fftwObject~.pd_linux,fftwObject~.c,0,0,4,0,65521,.symtab
fftwObject~.pd_linux,fftwObject_tilde_record,2144,28,2,0,11,.symtab
fftwObject~.pd_linux,fftwObject_tilde_convLevel,2172,32,2,0,11,.symtab
fftwObject~.pd_linux,fftwObject_tilde_play,2204,36,2,0,11,.symtab
fftwObject~.pd_linux,fftwObject_tilde_blend,2240,56,2,0,11,.symtab
fftwObject~.pd_linux,fftwObject_tilde_dsp,2296,80,2,0,11,.symtab
fftwObject~.pd_linux,fftwObject_tilde_perform,8484,4940,2,0,11,.symtab
fftwObject~.pd_linux,fftwObject_tilde_free,2376,32,2,0,11,.symtab
fftwObject~.pd_linux,fftwObject_tilde_new,2408,1236,2,0,11,.symtab
fftwObject~.pd_linux,fftwObject_tilde_startPos,3644,1312,2,0,11,.symtab
fftwObject~.pd_linux,fftwObject_tilde_length,4956,1312,2,0,11,.symtab
fftwObject~.pd_linux,fftwObject_tilde_release,6268,1104,2,0,11,.symtab
fftwObject~.pd_linux,fftwObject_tilde_attack,7372,1112,2,0,11,.symtab
fftwObject~.pd_linux,fftwObject_tilde_releaseShape,13452,1108,2,0,11,.symtab
fftwObject~.pd_linux,fftwObject_tilde_attackShape,14560,1120,2,0,11,.symtab
fftwObject~.pd_linux,fftwObject_tilde_class,86144,4,1,0,20,.symtab
fftwObject~.pd_linux,_divsi3.o,0,0,4,0,65521,.symtab
fftwObject~.pd_linux,.divsi3_skip_div0_test,16364,0,0,0,11,.symtab
fftwObject~.pd_linux,shift,0,0,0,0,65521,.symtab
fftwObject~.pd_linux,_dvmd_lnx.o,0,0,4,0,65521,.symtab
fftwObject~.pd_linux,crtstuff.c,0,0,4,0,65521,.symtab
fftwObject~.pd_linux,__FRAME_END__,17112,0,1,0,14,.symtab
fftwObject~.pd_linux,_fini,16948,0,2,0,12,.symtab
fftwObject~.pd_linux,__aeabi_idivmod,16900,32,2,0,11,.symtab
fftwObject~.pd_linux,__aeabi_ldiv0,16932,16,2,0,11,.symtab
fftwObject~.pd_linux,__dso_handle,86136,0,1,0,19,.symtab
fftwObject~.pd_linux,__divsi3,16356,544,2,0,11,.symtab
fftwObject~.pd_linux,__aeabi_idiv0,16932,16,2,0,11,.symtab
fftwObject~.pd_linux,_DYNAMIC,85768,0,1,0,65521,.symtab
fftwObject~.pd_linux,__TMC_END__,86140,0,1,0,19,.symtab
fftwObject~.pd_linux,_GLOBAL_OFFSET_TABLE_,86016,0,1,0,65521,.symtab
fftwObject~.pd_linux,__aeabi_idiv,16356,0,2,0,11,.symtab
fftwObject~.pd_linux,_init,1548,0,2,0,9,.symtab
fftwObject~.pd_linux,gensym,0,0,0,1,0,.symtab
fftwObject~.pd_linux,raise@@GLIBC_2.4,0,0,2,1,0,.symtab
fftwObject~.pd_linux,fftwObject_tilde_setup,15680,676,2,1,11,.symtab
fftwObject~.pd_linux,__cxa_finalize@@GLIBC_2.4,0,0,2,2,0,.symtab
fftwObject~.pd_linux,_ITM_deregisterTMCloneTable,0,0,0,2,0,.symtab
fftwObject~.pd_linux,outlet_free,0,0,0,1,0,.symtab
fftwObject~.pd_linux,pd_new,0,0,0,1,0,.symtab
fftwObject~.pd_linux,memcpy@@GLIBC_2.4,0,0,2,1,0,.symtab
fftwObject~.pd_linux,inlet_new,0,0,0,1,0,.symtab
fftwObject~.pd_linux,fftwf_execute,0,0,2,1,0,.symtab
fftwObject~.pd_linux,fftwf_plan_dft_r2c_1d,0,0,2,1,0,.symtab
fftwObject~.pd_linux,map,13424,28,2,1,11,.symtab
fftwObject~.pd_linux,__gmon_start__,0,0,0,2,0,.symtab
fftwObject~.pd_linux,fftwf_plan_dft_c2r_1d,0,0,2,1,0,.symtab
fftwObject~.pd_linux,memset@@GLIBC_2.4,0,0,2,1,0,.symtab
fftwObject~.pd_linux,post,0,0,0,1,0,.symtab
fftwObject~.pd_linux,outlet_new,0,0,0,1,0,.symtab
fftwObject~.pd_linux,inlet_free,0,0,0,1,0,.symtab
fftwObject~.pd_linux,dsp_add,0,0,0,1,0,.symtab
fftwObject~.pd_linux,class_new,0,0,0,1,0,.symtab
fftwObject~.pd_linux,__pow_finite@@GLIBC_2.15,0,0,2,1,0,.symtab
fftwObject~.pd_linux,s_signal,0,0,0,1,0,.symtab
fftwObject~.pd_linux,class_domainsignalin,0,0,0,1,0,.symtab
fftwObject~.pd_linux,_ITM_registerTMCloneTable,0,0,0,2,0,.symtab
fftwObject~.pd_linux,class_addmethod,0,0,0,1,0,.symtab
fftwObject~.pd_linux,postfloat,0,0,0,1,0,.symtab
main_out_stereo~.pd_linux,/usr/lib/gcc/arm-linux-gnueabihf/8/../../../arm-linux-gnueabihf/crti.o,0,0,4,0,65521,.symtab
main_out_stereo~.pd_linux,call_weak_fn,8528,0,2,0,11,.symtab
main_out_stereo~.pd_linux,/usr/lib/gcc/arm-linux-gnueabihf/8/../../../arm-linux-gnueabihf/crtn.o,0,0,4,0,65521,.symtab
main_out_stereo~.pd_linux,crtstuff.c,0,0,4,0,65521,.symtab
main_out_stereo~.pd_linux,deregister_tm_clones,8564,0,2,0,11,.symtab
main_out_stereo~.pd_linux,register_tm_clones,8632,0,2,0,11,.symtab
main_out_stereo~.pd_linux,__do_global_dtors_aux,8712,0,2,0,11,.symtab
main_out_stereo~.pd_linux,completed.10783,98580,1,1,0,20,.symtab
main_out_stereo~.pd_linux,__do_global_dtors_aux_fini_array_entry,98044,0,1,0,16,.symtab
main_out_stereo~.pd_linux,frame_dummy,8816,0,2,0,11,.symtab
main_out_stereo~.pd_linux,__frame_dummy_init_array_entry,98040,0,1,0,15,.symtab
main_out_stereo~.pd_linux,main_out_stereo~.c,0,0,4,0,65521,.symtab
main_out_stereo~.pd_linux,SAW,22868,2060,1,0,13,.symtab
main_out_stereo~.pd_linux,GAUSS,24928,2060,1,0,13,.symtab
main_out_stereo~.pd_linux,SQUARE,26988,2060,1,0,13,.symtab
main_out_stereo~.pd_linux,pVal.9051,98520,1,1,0,19,.symtab
main_out_stereo~.pd_linux,pVal.9056,98521,1,1,0,19,.symtab
main_out_stereo~.pd_linux,pVal.9061,98522,1,1,0,19,.symtab
main_out_stereo~.pd_linux,main_out_stereo_tilde_class,98584,4,1,0,20,.symtab
main_out_stereo~.pd_linux,time.9052,98588,4,1,0,20,.symtab
main_out_stereo~.pd_linux,time.9057,98592,4,1,0,20,.symtab
main_out_stereo~.pd_linux,time.9062,98596,4,1,0,20,.symtab
main_out_stereo~.pd_linux,bcm2835.c,0,0,4,0,65521,.symtab
main_out_stereo~.pd_linux,bcm2835_close.part.4,11752,84,2,0,11,.symtab
main_out_stereo~.pd_linux,mapmem.constprop.5,11836,120,2,0,11,.symtab
main_out_stereo~.pd_linux,bcm2835_gpio_pud.part.1,12336,24,2,0,11,.symtab
main_out_stereo~.pd_linux,CSWTCH.158,29252,3,1,0,13,.symtab
main_out_stereo~.pd_linux,bcm2835_byte_reverse_table,29256,256,1,0,13,.symtab
main_out_stereo~.pd_linux,CSWTCH.159,29512,12,1,0,13,.symtab
main_out_stereo~.pd_linux,bcm2835_spi_bit_order,98572,1,1,0,19,.symtab
main_out_stereo~.pd_linux,debug,98600,1,1,0,20,.symtab
main_out_stereo~.pd_linux,pud_type_rpi4,98601,1,1,0,20,.symtab
main_out_stereo~.pd_linux,pud_compat_setting,98602,1,1,0,20,.symtab
main_out_stereo~.pd_linux,spi1_speed,98604,4,1,0,20,.symtab
main_out_stereo~.pd_linux,i2c_byte_wait_us,98608,4,1,0,20,.symtab
main_out_stereo~.pd_linux,_udivsi3.o,0,0,4,0,65521,.symtab
main_out_stereo~.pd_linux,.udivsi3_skip_div0_test,21744,0,0,0,11,.symtab
main_out_stereo~.pd_linux,shift,0,0,0,0,65521,.symtab
main_out_stereo~.pd_linux,_divsi3.o,0,0,4,0,65521,.symtab
main_out_stereo~.pd_linux,.divsi3_skip_div0_test,22276,0,0,0,11,.symtab
main_out_stereo~.pd_linux,shift,0,0,0,0,65521,.symtab
main_out_stereo~.pd_linux,_dvmd_lnx.o,0,0,4,0,65521,.symtab
main_out_stereo~.pd_linux,crtstuff.c,0,0,4,0,65521,.symtab
main_out_stereo~.pd_linux,__FRAME_END__,29908,0,1,0,14,.symtab
main_out_stereo~.pd_linux,__aeabi_uidiv,21744,0,2,0,11,.symtab
main_out_stereo~.pd_linux,_fini,22860,0,2,0,12,.symtab
main_out_stereo~.pd_linux,__aeabi_idivmod,22812,32,2,0,11,.symtab
main_out_stereo~.pd_linux,__aeabi_ldiv0,22844,16,2,0,11,.symtab
main_out_stereo~.pd_linux,__udivsi3,21744,492,2,0,11,.symtab
main_out_stereo~.pd_linux,__dso_handle,98516,0,1,0,19,.symtab
main_out_stereo~.pd_linux,__divsi3,22268,544,2,0,11,.symtab
main_out_stereo~.pd_linux,__aeabi_idiv0,22844,16,2,0,11,.symtab
main_out_stereo~.pd_linux,_DYNAMIC,98048,0,1,0,65521,.symtab
main_out_stereo~.pd_linux,__aeabi_uidivmod,22236,32,2,0,11,.symtab
main_out_stereo~.pd_linux,__TMC_END__,98580,0,1,0,19,.symtab
main_out_stereo~.pd_linux,_GLOBAL_OFFSET_TABLE_,98304,0,1,0,65521,.symtab
main_out_stereo~.pd_linux,__aeabi_idiv,22268,0,2,0,11,.symtab
main_out_stereo~.pd_linux,_init,8012,0,2,0,9,.symtab
main_out_stereo~.pd_linux,gensym,0,0,0,1,0,.symtab
main_out_stereo~.pd_linux,bcm2835_aux_spi_begin,15596,176,2,1,11,.symtab
main_out_stereo~.pd_linux,raise@@GLIBC_2.4,0,0,2,1,0,.symtab
main_out_stereo~.pd_linux,bcm2835_spi_setDataMode,14240,24,2,1,11,.symtab
main_out_stereo~.pd_linux,bcm2835_gpio_clr_hen,13096,44,2,1,11,.symtab
main_out_stereo~.pd_linux,bcm2835_st_read,18356,144,2,1,11,.symtab
main_out_stereo~.pd_linux,bcm2835_i2c_write,17456,368,2,1,11,.symtab
main_out_stereo~.pd_linux,__cxa_finalize@@GLIBC_2.4,0,0,2,2,0,.symtab
main_out_stereo~.pd_linux,captureFilter,10172,116,2,1,11,.symtab
main_out_stereo~.pd_linux,bcm2835_gpio_lev,12656,60,2,1,11,.symtab
main_out_stereo~.pd_linux,bcm2835_gpio_pudclk,18996,84,2,1,11,.symtab
main_out_stereo~.pd_linux,_ITM_deregisterTMCloneTable,0,0,0,2,0,.symtab
main_out_stereo~.pd_linux,bcm2835_gpio_len,13140,44,2,1,11,.symtab
main_out_stereo~.pd_linux,bcm2835_gpio_clr_ren,12920,44,2,1,11,.symtab
main_out_stereo~.pd_linux,bcm2835_pads,98544,4,1,1,19,.symtab
main_out_stereo~.pd_linux,printf@@GLIBC_2.4,0,0,2,1,0,.symtab
main_out_stereo~.pd_linux,fopen@@GLIBC_2.4,0,0,2,1,0,.symtab
main_out_stereo~.pd_linux,bcm2835_version,12148,12,2,1,11,.symtab
main_out_stereo~.pd_linux,bcm2835_gpio_clr_fen,13008,44,2,1,11,.symtab
main_out_stereo~.pd_linux,bcm2835_pwm_set_range,20600,136,2,1,11,.symtab
main_out_stereo~.pd_linux,bcm2835_peri_read,12160,64,2,1,11,.symtab
main_out_stereo~.pd_linux,_setFwdLed,9900,52,2,1,11,.symtab
main_out_stereo~.pd_linux,bcm2835_gpio_set,12528,40,2,1,11,.symtab
main_out_stereo~.pd_linux,outlet_free,0,0,0,1,0,.symtab
main_out_stereo~.pd_linux,pd_new,0,0,0,1,0,.symtab
main_out_stereo~.pd_linux,nanosleep@@GLIBC_2.4,0,0,2,1,0,.symtab
main_out_stereo~.pd_linux,malloc_aligned,20872,60,2,1,11,.symtab
main_out_stereo~.pd_linux,bcm2835_pwm_set_mode,20424,176,2,1,11,.symtab
main_out_stereo~.pd_linux,bcm2835_gpio_clr,12568,40,2,1,11,.symtab
main_out_stereo~.pd_linux,bcm2835_st,98560,4,1,1,19,.symtab
main_out_stereo~.pd_linux,bcm2835_gpio_set_multi,12608,24,2,1,11,.symtab
main_out_stereo~.pd_linux,bcm2835_aux,98564,4,1,1,19,.symtab
main_out_stereo~.pd_linux,bcm2835_bsc0,98552,4,1,1,19,.symtab
main_out_stereo~.pd_linux,bcm2835_gpio_pud,13404,32,2,1,11,.symtab
main_out_stereo~.pd_linux,makingWndArray,10404,1172,2,1,11,.symtab
main_out_stereo~.pd_linux,bcm2835_spi_transfern,15296,12,2,1,11,.symtab
main_out_stereo~.pd_linux,bcm2835_spi_setClockDivider,14160,24,2,1,11,.symtab
main_out_stereo~.pd_linux,main_out_stereo_tilde_new,9396,136,2,1,11,.symtab
main_out_stereo~.pd_linux,inlet_new,0,0,0,1,0,.symtab
main_out_stereo~.pd_linux,_setRevLed,9952,52,2,1,11,.symtab
main_out_stereo~.pd_linux,bcm2835_peripherals_size,98528,4,1,1,19,.symtab
main_out_stereo~.pd_linux,strikeFilter,10288,116,2,1,11,.symtab
main_out_stereo~.pd_linux,bcm2835_pwm_set_clock,20224,200,2,1,11,.symtab
main_out_stereo~.pd_linux,bcm2835_gpio_aren,13228,44,2,1,11,.symtab
main_out_stereo~.pd_linux,bcm2835_i2c_setClockDivider,17312,104,2,1,11,.symtab
main_out_stereo~.pd_linux,bcm2835_clk,98540,4,1,1,19,.symtab
main_out_stereo~.pd_linux,bcm2835_gpio_write_mask,13652,56,2,1,11,.symtab
main_out_stereo~.pd_linux,bcm2835_peripherals,98524,4,1,1,19,.symtab
main_out_stereo~.pd_linux,geteuid@@GLIBC_2.4,0,0,2,1,0,.symtab
main_out_stereo~.pd_linux,bcm2835_spi0,98548,4,1,1,19,.symtab
main_out_stereo~.pd_linux,stderr@@GLIBC_2.4,0,0,1,1,0,.symtab
main_out_stereo~.pd_linux,bcm2835_i2c_end,17240,48,2,1,11,.symtab
main_out_stereo~.pd_linux,bcm2835_peri_write,12280,56,2,1,11,.symtab
main_out_stereo~.pd_linux,bcm2835_close,21700,44,2,1,11,.symtab
main_out_stereo~.pd_linux,bcm2835_aux_spi_transfern,16868,12,2,1,11,.symtab
main_out_stereo~.pd_linux,bcm2835_gpio_set_eds,12812,40,2,1,11,.symtab
main_out_stereo~.pd_linux,bcm2835_gpio_fen,12964,44,2,1,11,.symtab
main_out_stereo~.pd_linux,bcm2835_aux_spi_setClockDivider,15976,16,2,1,11,.symtab
main_out_stereo~.pd_linux,bcm2835_gpio_pad,13436,40,2,1,11,.symtab
main_out_stereo~.pd_linux,_setPlusLed,10004,52,2,1,11,.symtab
main_out_stereo~.pd_linux,fread@@GLIBC_2.4,0,0,2,1,0,.symtab
main_out_stereo~.pd_linux,main_out_stereo_tilde_perform,8824,428,2,1,11,.symtab
main_out_stereo~.pd_linux,bcm2835_gpio_eds_multi,12776,36,2,1,11,.symtab
main_out_stereo~.pd_linux,bcm2835_peripherals_base,98576,4,1,1,19,.symtab
main_out_stereo~.pd_linux,bcm2835_i2c_write_read_rs,19528,664,2,1,11,.symtab
main_out_stereo~.pd_linux,bcm2835_spi_end,14040,104,2,1,11,.symtab
main_out_stereo~.pd_linux,strerror@@GLIBC_2.4,0,0,2,1,0,.symtab
main_out_stereo~.pd_linux,bcm2835_delay,13512,84,2,1,11,.symtab
main_out_stereo~.pd_linux,shiftFilter,10056,116,2,1,11,.symtab
main_out_stereo~.pd_linux,__gmon_start__,0,0,0,2,0,.symtab
main_out_stereo~.pd_linux,bcm2835_i2c_setSlaveAddress,17288,24,2,1,11,.symtab
main_out_stereo~.pd_linux,open@@GLIBC_2.4,0,0,2,1,0,.symtab
main_out_stereo~.pd_linux,bcm2835_aux_spi_transfernb,16336,532,2,1,11,.symtab
main_out_stereo~.pd_linux,bcm2835_gpio_clr_multi,12632,24,2,1,11,.symtab
main_out_stereo~.pd_linux,bcm2835_spi_set_speed_hz,14184,56,2,1,11,.symtab
main_out_stereo~.pd_linux,bcm2835_gpio_write_multi,13612,40,2,1,11,.symtab
main_out_stereo~.pd_linux,mmap@@GLIBC_2.4,0,0,2,1,0,.symtab
main_out_stereo~.pd_linux,bcm2835_spi_setChipSelectPolarity,15332,36,2,1,11,.symtab
main_out_stereo~.pd_linux,bcm2835_gpio_set_eds_multi,12852,24,2,1,11,.symtab
main_out_stereo~.pd_linux,_setTriggerOut,9880,20,2,1,11,.symtab
main_out_stereo~.pd_linux,bcm2835_i2c_begin,17076,164,2,1,11,.symtab
main_out_stereo~.pd_linux,bcm2835_aux_spi_end,15772,96,2,1,11,.symtab
main_out_stereo~.pd_linux,bcm2835_pwm_set_data,20736,136,2,1,11,.symtab
main_out_stereo~.pd_linux,fprintf@@GLIBC_2.4,0,0,2,1,0,.symtab
main_out_stereo~.pd_linux,bcm2835_peri_set_bits,12408,44,2,1,11,.symtab
main_out_stereo~.pd_linux,posix_memalign@@GLIBC_2.4,0,0,2,1,0,.symtab
main_out_stereo~.pd_linux,__errno_location@@GLIBC_2.4,0,0,2,1,0,.symtab
main_out_stereo~.pd_linux,wndArray,98612,208060,1,1,20,.symtab
main_out_stereo~.pd_linux,bcm2835_set_debug,12132,16,2,1,11,.symtab
main_out_stereo~.pd_linux,bcm2835_gpio_get_pud,13708,132,2,1,11,.symtab
main_out_stereo~.pd_linux,getModeName,9532,196,2,1,11,.symtab
main_out_stereo~.pd_linux,bcm2835_spi_transfernb,14508,432,2,1,11,.symtab
main_out_stereo~.pd_linux,bcm2835_spi_chipSelect,15308,24,2,1,11,.symtab
main_out_stereo~.pd_linux,bcm2835_i2c_set_baudrate,17416,40,2,1,11,.symtab
main_out_stereo~.pd_linux,bcm2835_gpio_write,13596,16,2,1,11,.symtab
main_out_stereo~.pd_linux,bcm2835_gpio_set_pad,13476,36,2,1,11,.symtab
main_out_stereo~.pd_linux,main_out_stereo_tilde_dsp,9252,108,2,1,11,.symtab
main_out_stereo~.pd_linux,bcm2835_spi_setBitOrder,14144,16,2,1,11,.symtab
main_out_stereo~.pd_linux,bcm2835_i2c_read,17824,532,2,1,11,.symtab
main_out_stereo~.pd_linux,bcm2835_regbase,11956,176,2,1,11,.symtab
main_out_stereo~.pd_linux,fclose@@GLIBC_2.4,0,0,2,1,0,.symtab
main_out_stereo~.pd_linux,bcm2835_bsc1,98556,4,1,1,19,.symtab
main_out_stereo~.pd_linux,bcm2835_gpio_clr_afen,13360,44,2,1,11,.symtab
main_out_stereo~.pd_linux,outlet_new,0,0,0,1,0,.symtab
main_out_stereo~.pd_linux,inlet_free,0,0,0,1,0,.symtab
main_out_stereo~.pd_linux,bcm2835_gpio_eds,12716,60,2,1,11,.symtab
main_out_stereo~.pd_linux,dsp_add,0,0,0,1,0,.symtab
main_out_stereo~.pd_linux,bcm2835_gpio_afen,13316,44,2,1,11,.symtab
main_out_stereo~.pd_linux,munmap@@GLIBC_2.4,0,0,2,1,0,.symtab
main_out_stereo~.pd_linux,bcm2835_pwm,98536,4,1,1,19,.symtab
main_out_stereo~.pd_linux,bcm2835_gpio,98532,4,1,1,19,.symtab
main_out_stereo~.pd_linux,bcm2835_aux_spi_writenb,16096,240,2,1,11,.symtab
main_out_stereo~.pd_linux,bcm2835_aux_spi_write,15992,104,2,1,11,.symtab
main_out_stereo~.pd_linux,main_out_stereo_tilde_free,9360,36,2,1,11,.symtab
main_out_stereo~.pd_linux,class_new,0,0,0,1,0,.symtab
main_out_stereo~.pd_linux,bcm2835_gpio_fsel,12452,76,2,1,11,.symtab
main_out_stereo~.pd_linux,s_signal,0,0,0,1,0,.symtab
main_out_stereo~.pd_linux,bcm2835_peri_read_nb,12224,56,2,1,11,.symtab
main_out_stereo~.pd_linux,bcm2835_gpio_hen,13052,44,2,1,11,.symtab
main_out_stereo~.pd_linux,bcm2835_init,20932,768,2,1,11,.symtab
main_out_stereo~.pd_linux,bcm2835_spi_write,15368,228,2,1,11,.symtab
main_out_stereo~.pd_linux,class_domainsignalin,0,0,0,1,0,.symtab
main_out_stereo~.pd_linux,bcm2835_gpio_ren,12876,44,2,1,11,.symtab
main_out_stereo~.pd_linux,bcm2835_spi1,98568,4,1,1,19,.symtab
main_out_stereo~.pd_linux,bcm2835_delayMicroseconds,18500,224,2,1,11,.symtab
main_out_stereo~.pd_linux,bcm2835_spi_writenb,14940,356,2,1,11,.symtab
main_out_stereo~.pd_linux,bcm2835_peri_write_nb,12360,48,2,1,11,.symtab
main_out_stereo~.pd_linux,_ITM_registerTMCloneTable,0,0,0,2,0,.symtab
main_out_stereo~.pd_linux,bcm2835_spi_transfer,14264,244,2,1,11,.symtab
main_out_stereo~.pd_linux,bcm2835_st_delay,20192,32,2,1,11,.symtab
main_out_stereo~.pd_linux,bcm2835_aux_spi_CalcClockDivider,15868,108,2,1,11,.symtab
main_out_stereo~.pd_linux,class_addmethod,0,0,0,1,0,.symtab
main_out_stereo~.pd_linux,bcm2835_gpio_clr_aren,13272,44,2,1,11,.symtab
main_out_stereo~.pd_linux,bcm2835_spi_begin,13840,200,2,1,11,.symtab
main_out_stereo~.pd_linux,close@@GLIBC_2.4,0,0,2,1,0,.symtab
main_out_stereo~.pd_linux,getOnsetModeName,9728,152,2,1,11,.symtab
main_out_stereo~.pd_linux,main_out_stereo_tilde_setup,11576,176,2,1,11,.symtab
main_out_stereo~.pd_linux,bcm2835_aux_spi_transfer,16880,196,2,1,11,.symtab
main_out_stereo~.pd_linux,bcm2835_gpio_clr_len,13184,44,2,1,11,.symtab
main_out_stereo~.pd_linux,bcm2835_gpio_set_pud,18724,272,2,1,11,.symtab
main_out_stereo~.pd_linux,bcm2835_i2c_read_register_rs,19080,448,2,1,11,.symtab
midi_fifo.pd_linux,/usr/lib/gcc/arm-linux-gnueabihf/8/../../../arm-linux-gnueabihf/crti.o,0,0,4,0,65521,.symtab
midi_fifo.pd_linux,call_weak_fn,2004,0,2,0,11,.symtab
midi_fifo.pd_linux,/usr/lib/gcc/arm-linux-gnueabihf/8/../../../arm-linux-gnueabihf/crtn.o,0,0,4,0,65521,.symtab
midi_fifo.pd_linux,crtstuff.c,0,0,4,0,65521,.symtab
midi_fifo.pd_linux,deregister_tm_clones,2040,0,2,0,11,.symtab
midi_fifo.pd_linux,register_tm_clones,2108,0,2,0,11,.symtab
midi_fifo.pd_linux,__do_global_dtors_aux,2188,0,2,0,11,.symtab
midi_fifo.pd_linux,completed.10783,73876,1,1,0,20,.symtab
midi_fifo.pd_linux,__do_global_dtors_aux_fini_array_entry,73484,0,1,0,16,.symtab
midi_fifo.pd_linux,frame_dummy,2292,0,2,0,11,.symtab
midi_fifo.pd_linux,__frame_dummy_init_array_entry,73480,0,1,0,15,.symtab
midi_fifo.pd_linux,midi_fifo.c,0,0,4,0,65521,.symtab
midi_fifo.pd_linux,midi_fifo_class,73880,4,1,0,20,.symtab
midi_fifo.pd_linux,crtstuff.c,0,0,4,0,65521,.symtab
midi_fifo.pd_linux,__FRAME_END__,4268,0,1,0,14,.symtab
midi_fifo.pd_linux,_fini,4076,0,2,0,12,.symtab
midi_fifo.pd_linux,__dso_handle,73872,0,1,0,19,.symtab
midi_fifo.pd_linux,_DYNAMIC,73488,0,1,0,65521,.symtab
midi_fifo.pd_linux,__TMC_END__,73876,0,1,0,19,.symtab
midi_fifo.pd_linux,_GLOBAL_OFFSET_TABLE_,73728,0,1,0,65521,.symtab
midi_fifo.pd_linux,_init,1720,0,2,0,9,.symtab
midi_fifo.pd_linux,s_list,0,0,0,1,0,.symtab
midi_fifo.pd_linux,gensym,0,0,0,1,0,.symtab
midi_fifo.pd_linux,midi_fifo_setup,3828,248,2,1,11,.symtab
midi_fifo.pd_linux,__cxa_finalize@@GLIBC_2.4,0,0,2,2,0,.symtab
midi_fifo.pd_linux,_ITM_deregisterTMCloneTable,0,0,0,2,0,.symtab
midi_fifo.pd_linux,midi_fifo_new,2388,100,2,1,11,.symtab
midi_fifo.pd_linux,read@@GLIBC_2.4,0,0,2,1,0,.symtab
midi_fifo.pd_linux,pd_new,0,0,0,1,0,.symtab
midi_fifo.pd_linux,s_symbol,0,0,0,1,0,.symtab
midi_fifo.pd_linux,midi_fifo_format_message,3656,172,2,1,11,.symtab
midi_fifo.pd_linux,midi_fifo_close,2296,60,2,1,11,.symtab
midi_fifo.pd_linux,clock_delay,0,0,0,1,0,.symtab
midi_fifo.pd_linux,strerror@@GLIBC_2.4,0,0,2,1,0,.symtab
midi_fifo.pd_linux,clock_new,0,0,0,1,0,.symtab
midi_fifo.pd_linux,__gmon_start__,0,0,0,2,0,.symtab
midi_fifo.pd_linux,open@@GLIBC_2.4,0,0,2,1,0,.symtab
midi_fifo.pd_linux,tick_getMidiFifo,3628,28,2,1,11,.symtab
midi_fifo.pd_linux,clock_unset,0,0,0,1,0,.symtab
midi_fifo.pd_linux,__errno_location@@GLIBC_2.4,0,0,2,1,0,.symtab
midi_fifo.pd_linux,post,0,0,0,1,0,.symtab
midi_fifo.pd_linux,outlet_new,0,0,0,1,0,.symtab
midi_fifo.pd_linux,class_new,0,0,0,1,0,.symtab
midi_fifo.pd_linux,outlet_list,0,0,0,1,0,.symtab
midi_fifo.pd_linux,midi_fifo_open,2488,108,2,1,11,.symtab
midi_fifo.pd_linux,midi_fifo_free,2356,32,2,1,11,.symtab
midi_fifo.pd_linux,midi_fifo_read,2692,936,2,1,11,.symtab
midi_fifo.pd_linux,_ITM_registerTMCloneTable,0,0,0,2,0,.symtab
midi_fifo.pd_linux,class_addmethod,0,0,0,1,0,.symtab
midi_fifo.pd_linux,clock_free,0,0,0,1,0,.symtab
midi_fifo.pd_linux,midi_bytes_per_message,2596,96,2,1,11,.symtab
midi_fifo.pd_linux,close@@GLIBC_2.4,0,0,2,1,0,.symtab
midi_reader.pd_linux,/usr/lib/gcc/arm-linux-gnueabihf/8/../../../arm-linux-gnueabihf/crti.o,0,0,4,0,65521,.symtab
midi_reader.pd_linux,call_weak_fn,2036,0,2,0,11,.symtab
midi_reader.pd_linux,/usr/lib/gcc/arm-linux-gnueabihf/8/../../../arm-linux-gnueabihf/crtn.o,0,0,4,0,65521,.symtab
midi_reader.pd_linux,crtstuff.c,0,0,4,0,65521,.symtab
midi_reader.pd_linux,deregister_tm_clones,2072,0,2,0,11,.symtab
midi_reader.pd_linux,register_tm_clones,2140,0,2,0,11,.symtab
midi_reader.pd_linux,__do_global_dtors_aux,2220,0,2,0,11,.symtab
midi_reader.pd_linux,completed.10783,69776,1,1,0,20,.symtab
midi_reader.pd_linux,__do_global_dtors_aux_fini_array_entry,69388,0,1,0,16,.symtab
midi_reader.pd_linux,frame_dummy,2324,0,2,0,11,.symtab
midi_reader.pd_linux,__frame_dummy_init_array_entry,69384,0,1,0,15,.symtab
midi_reader.pd_linux,midi_reader.c,0,0,4,0,65521,.symtab
midi_reader.pd_linux,midi_reader_class,69780,4,1,0,20,.symtab
midi_reader.pd_linux,crtstuff.c,0,0,4,0,65521,.symtab
midi_reader.pd_linux,__FRAME_END__,3648,0,1,0,14,.symtab
midi_reader.pd_linux,_fini,3372,0,2,0,12,.symtab
midi_reader.pd_linux,__dso_handle,69772,0,1,0,19,.symtab
midi_reader.pd_linux,_DYNAMIC,69392,0,1,0,65521,.symtab
midi_reader.pd_linux,__TMC_END__,69776,0,1,0,19,.symtab
midi_reader.pd_linux,_GLOBAL_OFFSET_TABLE_,69632,0,1,0,65521,.symtab
midi_reader.pd_linux,_init,1752,0,2,0,9,.symtab
midi_reader.pd_linux,gensym,0,0,0,1,0,.symtab
midi_reader.pd_linux,midi_reader_disconnect,2572,64,2,1,11,.symtab
midi_reader.pd_linux,__cxa_finalize@@GLIBC_2.4,0,0,2,2,0,.symtab
midi_reader.pd_linux,midi_reader_connect,2872,136,2,1,11,.symtab
midi_reader.pd_linux,_ITM_deregisterTMCloneTable,0,0,0,2,0,.symtab
midi_reader.pd_linux,midi_reader_bang,2328,52,2,1,11,.symtab
midi_reader.pd_linux,read@@GLIBC_2.4,0,0,2,1,0,.symtab
midi_reader.pd_linux,outlet_free,0,0,0,1,0,.symtab
midi_reader.pd_linux,tick_getMidiDevice,2380,4,2,1,11,.symtab
midi_reader.pd_linux,pd_new,0,0,0,1,0,.symtab
midi_reader.pd_linux,midi_reader_free,2820,52,2,1,11,.symtab
midi_reader.pd_linux,class_addbang,0,0,0,1,0,.symtab
midi_reader.pd_linux,midi_reader_new,2636,184,2,1,11,.symtab
midi_reader.pd_linux,clock_delay,0,0,0,1,0,.symtab
midi_reader.pd_linux,midi_reader_setup,3104,268,2,1,11,.symtab
midi_reader.pd_linux,clock_new,0,0,0,1,0,.symtab
midi_reader.pd_linux,__gmon_start__,0,0,0,2,0,.symtab
midi_reader.pd_linux,open@@GLIBC_2.4,0,0,2,1,0,.symtab
midi_reader.pd_linux,clock_unset,0,0,0,1,0,.symtab
midi_reader.pd_linux,strncpy@@GLIBC_2.4,0,0,2,1,0,.symtab
midi_reader.pd_linux,post,0,0,0,1,0,.symtab
midi_reader.pd_linux,outlet_new,0,0,0,1,0,.symtab
midi_reader.pd_linux,midi_reader_connect_device,2384,188,2,1,11,.symtab
midi_reader.pd_linux,class_new,0,0,0,1,0,.symtab
midi_reader.pd_linux,_ITM_registerTMCloneTable,0,0,0,2,0,.symtab
midi_reader.pd_linux,class_addmethod,0,0,0,1,0,.symtab
midi_reader.pd_linux,clock_free,0,0,0,1,0,.symtab
midi_reader.pd_linux,midi_bytes_per_message,3008,96,2,1,11,.symtab
midi_reader.pd_linux,close@@GLIBC_2.4,0,0,2,1,0,.symtab
midi_reader.pd_linux,pd_error,0,0,0,1,0,.symtab
midi_reader.pd_linux,atom_string,0,0,0,1,0,.symtab
midi_stuff/midi_proxy,/usr/lib/gcc/arm-linux-gnueabihf/8/../../../arm-linux-gnueabihf/crt1.o,0,0,4,0,65521,.symtab
midi_stuff/midi_proxy,/usr/lib/gcc/arm-linux-gnueabihf/8/../../../arm-linux-gnueabihf/crti.o,0,0,4,0,65521,.symtab
midi_stuff/midi_proxy,call_weak_fn,67432,0,2,0,13,.symtab
midi_stuff/midi_proxy,/usr/lib/gcc/arm-linux-gnueabihf/8/../../../arm-linux-gnueabihf/crtn.o,0,0,4,0,65521,.symtab
midi_stuff/midi_proxy,crtstuff.c,0,0,4,0,65521,.symtab
midi_stuff/midi_proxy,deregister_tm_clones,67468,0,2,0,13,.symtab
midi_stuff/midi_proxy,register_tm_clones,67512,0,2,0,13,.symtab
midi_stuff/midi_proxy,__do_global_dtors_aux,67568,0,2,0,13,.symtab
midi_stuff/midi_proxy,completed.10783,139380,1,1,0,23,.symtab
midi_stuff/midi_proxy,__do_global_dtors_aux_fini_array_entry,139028,0,1,0,19,.symtab
midi_stuff/midi_proxy,frame_dummy,67608,0,2,0,13,.symtab
midi_stuff/midi_proxy,__frame_dummy_init_array_entry,139024,0,1,0,18,.symtab
midi_stuff/midi_proxy,midi_proxy.c,0,0,4,0,65521,.symtab
midi_stuff/midi_proxy,elf-init.oS,0,0,4,0,65521,.symtab
midi_stuff/midi_proxy,crtstuff.c,0,0,4,0,65521,.symtab
midi_stuff/midi_proxy,__FRAME_END__,70816,0,1,0,17,.symtab
midi_stuff/midi_proxy,__init_array_end,139028,0,0,0,18,.symtab
midi_stuff/midi_proxy,_DYNAMIC,139032,0,1,0,20,.symtab
midi_stuff/midi_proxy,__init_array_start,139024,0,0,0,18,.symtab
midi_stuff/midi_proxy,_GLOBAL_OFFSET_TABLE_,139264,0,1,0,21,.symtab
midi_stuff/midi_proxy,__libc_csu_fini,70244,4,2,1,13,.symtab
midi_stuff/midi_proxy,data_start,139372,0,0,2,22,.symtab
midi_stuff/midi_proxy,printf@@GLIBC_2.4,0,0,2,1,0,.symtab
midi_stuff/midi_proxy,__bss_start__,139380,0,0,1,23,.symtab
midi_stuff/midi_proxy,read@@GLIBC_2.4,0,0,2,1,0,.symtab
midi_stuff/midi_proxy,_bss_end__,139384,0,0,1,23,.symtab
midi_stuff/midi_proxy,_edata,139380,0,0,1,22,.symtab
midi_stuff/midi_proxy,select@@GLIBC_2.4,0,0,2,1,0,.symtab
midi_stuff/midi_proxy,_fini,70248,0,2,1,14,.symtab
midi_stuff/midi_proxy,__bss_end__,139384,0,0,1,23,.symtab
midi_stuff/midi_proxy,perror@@GLIBC_2.4,0,0,2,1,0,.symtab
midi_stuff/midi_proxy,opendir@@GLIBC_2.4,0,0,2,1,0,.symtab
midi_stuff/midi_proxy,__data_start,139372,0,0,1,22,.symtab
midi_stuff/midi_proxy,puts@@GLIBC_2.4,0,0,2,1,0,.symtab
midi_stuff/midi_proxy,__libc_start_main@@GLIBC_2.4,0,0,2,1,0,.symtab
midi_stuff/midi_proxy,__gmon_start__,0,0,0,2,0,.symtab
midi_stuff/midi_proxy,open@@GLIBC_2.4,0,0,2,1,0,.symtab
midi_stuff/midi_proxy,__dso_handle,139376,0,1,1,22,.symtab
midi_stuff/midi_proxy,_IO_stdin_used,70256,4,1,1,15,.symtab
midi_stuff/midi_proxy,inotify_init@@GLIBC_2.4,0,0,2,1,0,.symtab
midi_stuff/midi_proxy,__libc_csu_init,70148,96,2,1,13,.symtab
midi_stuff/midi_proxy,inotify_add_watch@@GLIBC_2.4,0,0,2,1,0,.symtab
midi_stuff/midi_proxy,__errno_location@@GLIBC_2.4,0,0,2,1,0,.symtab
midi_stuff/midi_proxy,snprintf@@GLIBC_2.4,0,0,2,1,0,.symtab
midi_stuff/midi_proxy,fcntl@@GLIBC_2.28,0,0,2,1,0,.symtab
midi_stuff/midi_proxy,memset@@GLIBC_2.4,0,0,2,1,0,.symtab
midi_stuff/midi_proxy,_end,139384,0,0,1,23,.symtab
midi_stuff/midi_proxy,_start,67372,0,2,1,13,.symtab
midi_stuff/midi_proxy,write@@GLIBC_2.4,0,0,2,1,0,.symtab
midi_stuff/midi_proxy,__end__,139384,0,0,1,23,.symtab
midi_stuff/midi_proxy,access@@GLIBC_2.4,0,0,2,1,0,.symtab
midi_stuff/midi_proxy,__bss_start,139380,0,0,1,23,.symtab
midi_stuff/midi_proxy,main,68216,1932,2,1,13,.symtab
midi_stuff/midi_proxy,readdir@@GLIBC_2.4,0,0,2,1,0,.symtab
midi_stuff/midi_proxy,open_midi_device,67612,72,2,1,13,.symtab
midi_stuff/midi_proxy,__TMC_END__,139380,0,1,1,22,.symtab
midi_stuff/midi_proxy,scan_and_open_midi_devices,67684,320,2,1,13,.symtab
midi_stuff/midi_proxy,strncmp@@GLIBC_2.4,0,0,2,1,0,.symtab
midi_stuff/midi_proxy,abort@@GLIBC_2.4,0,0,2,1,0,.symtab
midi_stuff/midi_proxy,close_midi_device,68004,212,2,1,13,.symtab
midi_stuff/midi_proxy,_init,67064,0,2,1,11,.symtab
midi_stuff/midi_proxy,close@@GLIBC_2.4,0,0,2,1,0,.symtab
midi_stuff/midi_proxy,mkfifo@@GLIBC_2.4,0,0,2,1,0,.symtab
midi_stuff/midi_proxy,closedir@@GLIBC_2.4,0,0,2,1,0,.symtab
raw_play~.pd_linux,/usr/lib/gcc/arm-linux-gnueabihf/8/../../../arm-linux-gnueabihf/crti.o,0,0,4,0,65521,.symtab
raw_play~.pd_linux,call_weak_fn,8616,0,2,0,11,.symtab
raw_play~.pd_linux,/usr/lib/gcc/arm-linux-gnueabihf/8/../../../arm-linux-gnueabihf/crtn.o,0,0,4,0,65521,.symtab
raw_play~.pd_linux,crtstuff.c,0,0,4,0,65521,.symtab
raw_play~.pd_linux,deregister_tm_clones,8652,0,2,0,11,.symtab
raw_play~.pd_linux,register_tm_clones,8720,0,2,0,11,.symtab
raw_play~.pd_linux,__do_global_dtors_aux,8800,0,2,0,11,.symtab
raw_play~.pd_linux,completed.10783,98592,1,1,0,20,.symtab
raw_play~.pd_linux,__do_global_dtors_aux_fini_array_entry,98044,0,1,0,16,.symtab
raw_play~.pd_linux,frame_dummy,8904,0,2,0,11,.symtab
raw_play~.pd_linux,__frame_dummy_init_array_entry,98040,0,1,0,15,.symtab
raw_play~.pd_linux,raw_play~.c,0,0,4,0,65521,.symtab
raw_play~.pd_linux,setGain,8912,12,2,0,11,.symtab
raw_play~.pd_linux,resetPos,9912,28,2,0,11,.symtab
raw_play~.pd_linux,loadRawToArray,9940,256,2,0,11,.symtab
raw_play~.pd_linux,setActive,10196,96,2,0,11,.symtab
raw_play~.pd_linux,SAW,23824,2060,1,0,13,.symtab
raw_play~.pd_linux,GAUSS,25884,2060,1,0,13,.symtab
raw_play~.pd_linux,SQUARE,27944,2060,1,0,13,.symtab
raw_play~.pd_linux,pVal.9448,98532,1,1,0,19,.symtab
raw_play~.pd_linux,pVal.9453,98533,1,1,0,19,.symtab
raw_play~.pd_linux,pVal.9458,98534,1,1,0,19,.symtab
raw_play~.pd_linux,raw_play_tilde_class,98596,4,1,0,20,.symtab
raw_play~.pd_linux,time.9449,98600,4,1,0,20,.symtab
raw_play~.pd_linux,time.9454,98604,4,1,0,20,.symtab
raw_play~.pd_linux,time.9459,98608,4,1,0,20,.symtab
raw_play~.pd_linux,bcm2835.c,0,0,4,0,65521,.symtab
raw_play~.pd_linux,bcm2835_close.part.4,12708,84,2,0,11,.symtab
raw_play~.pd_linux,mapmem.constprop.5,12792,120,2,0,11,.symtab
raw_play~.pd_linux,bcm2835_gpio_pud.part.1,13292,24,2,0,11,.symtab
raw_play~.pd_linux,CSWTCH.158,30352,3,1,0,13,.symtab
raw_play~.pd_linux,bcm2835_byte_reverse_table,30356,256,1,0,13,.symtab
raw_play~.pd_linux,CSWTCH.159,30612,12,1,0,13,.symtab
raw_play~.pd_linux,bcm2835_spi_bit_order,98584,1,1,0,19,.symtab
raw_play~.pd_linux,debug,98612,1,1,0,20,.symtab
raw_play~.pd_linux,pud_type_rpi4,98613,1,1,0,20,.symtab
raw_play~.pd_linux,pud_compat_setting,98614,1,1,0,20,.symtab
raw_play~.pd_linux,spi1_speed,98616,4,1,0,20,.symtab
raw_play~.pd_linux,i2c_byte_wait_us,98620,4,1,0,20,.symtab
raw_play~.pd_linux,_udivsi3.o,0,0,4,0,65521,.symtab
raw_play~.pd_linux,.udivsi3_skip_div0_test,22700,0,0,0,11,.symtab
raw_play~.pd_linux,shift,0,0,0,0,65521,.symtab
raw_play~.pd_linux,_divsi3.o,0,0,4,0,65521,.symtab
raw_play~.pd_linux,.divsi3_skip_div0_test,23232,0,0,0,11,.symtab
raw_play~.pd_linux,shift,0,0,0,0,65521,.symtab
raw_play~.pd_linux,_dvmd_lnx.o,0,0,4,0,65521,.symtab
raw_play~.pd_linux,crtstuff.c,0,0,4,0,65521,.symtab
raw_play~.pd_linux,__FRAME_END__,31008,0,1,0,14,.symtab
raw_play~.pd_linux,__aeabi_uidiv,22700,0,2,0,11,.symtab
raw_play~.pd_linux,_fini,23816,0,2,0,12,.symtab
raw_play~.pd_linux,__aeabi_idivmod,23768,32,2,0,11,.symtab
raw_play~.pd_linux,__aeabi_ldiv0,23800,16,2,0,11,.symtab
raw_play~.pd_linux,__udivsi3,22700,492,2,0,11,.symtab
raw_play~.pd_linux,__dso_handle,98528,0,1,0,19,.symtab
raw_play~.pd_linux,__divsi3,23224,544,2,0,11,.symtab
raw_play~.pd_linux,__aeabi_idiv0,23800,16,2,0,11,.symtab
raw_play~.pd_linux,_DYNAMIC,98048,0,1,0,65521,.symtab
raw_play~.pd_linux,__aeabi_uidivmod,23192,32,2,0,11,.symtab
raw_play~.pd_linux,__TMC_END__,98592,0,1,0,19,.symtab
raw_play~.pd_linux,_GLOBAL_OFFSET_TABLE_,98304,0,1,0,65521,.symtab
raw_play~.pd_linux,__aeabi_idiv,23224,0,2,0,11,.symtab
raw_play~.pd_linux,_init,8068,0,2,0,9,.symtab
raw_play~.pd_linux,gensym,0,0,0,1,0,.symtab
raw_play~.pd_linux,bcm2835_aux_spi_begin,16552,176,2,1,11,.symtab
raw_play~.pd_linux,raise@@GLIBC_2.4,0,0,2,1,0,.symtab
raw_play~.pd_linux,bcm2835_spi_setDataMode,15196,24,2,1,11,.symtab
raw_play~.pd_linux,bcm2835_gpio_clr_hen,14052,44,2,1,11,.symtab
raw_play~.pd_linux,bcm2835_st_read,19312,144,2,1,11,.symtab
raw_play~.pd_linux,bcm2835_i2c_write,18412,368,2,1,11,.symtab
raw_play~.pd_linux,__cxa_finalize@@GLIBC_2.4,0,0,2,2,0,.symtab
raw_play~.pd_linux,captureFilter,10932,116,2,1,11,.symtab
raw_play~.pd_linux,bcm2835_gpio_lev,13612,60,2,1,11,.symtab
raw_play~.pd_linux,bcm2835_gpio_pudclk,19952,84,2,1,11,.symtab
raw_play~.pd_linux,_ITM_deregisterTMCloneTable,0,0,0,2,0,.symtab
raw_play~.pd_linux,bcm2835_gpio_len,14096,44,2,1,11,.symtab
raw_play~.pd_linux,bcm2835_gpio_clr_ren,13876,44,2,1,11,.symtab
raw_play~.pd_linux,bcm2835_pads,98556,4,1,1,19,.symtab
raw_play~.pd_linux,printf@@GLIBC_2.4,0,0,2,1,0,.symtab
raw_play~.pd_linux,fopen@@GLIBC_2.4,0,0,2,1,0,.symtab
raw_play~.pd_linux,bcm2835_version,13104,12,2,1,11,.symtab
raw_play~.pd_linux,bcm2835_gpio_clr_fen,13964,44,2,1,11,.symtab
raw_play~.pd_linux,bcm2835_pwm_set_range,21556,136,2,1,11,.symtab
raw_play~.pd_linux,bcm2835_peri_read,13116,64,2,1,11,.symtab
raw_play~.pd_linux,_setFwdLed,10660,52,2,1,11,.symtab
raw_play~.pd_linux,bcm2835_gpio_set,13484,40,2,1,11,.symtab
raw_play~.pd_linux,outlet_free,0,0,0,1,0,.symtab
raw_play~.pd_linux,pd_new,0,0,0,1,0,.symtab
raw_play~.pd_linux,nanosleep@@GLIBC_2.4,0,0,2,1,0,.symtab
raw_play~.pd_linux,malloc_aligned,21828,60,2,1,11,.symtab
raw_play~.pd_linux,bcm2835_pwm_set_mode,21380,176,2,1,11,.symtab
raw_play~.pd_linux,bcm2835_gpio_clr,13524,40,2,1,11,.symtab
raw_play~.pd_linux,bcm2835_st,98572,4,1,1,19,.symtab
raw_play~.pd_linux,bcm2835_gpio_set_multi,13564,24,2,1,11,.symtab
raw_play~.pd_linux,bcm2835_aux,98576,4,1,1,19,.symtab
raw_play~.pd_linux,bcm2835_bsc0,98564,4,1,1,19,.symtab
raw_play~.pd_linux,bcm2835_gpio_pud,14360,32,2,1,11,.symtab
raw_play~.pd_linux,makingWndArray,11164,1172,2,1,11,.symtab
raw_play~.pd_linux,ftell@@GLIBC_2.4,0,0,2,1,0,.symtab
raw_play~.pd_linux,bcm2835_spi_transfern,16252,12,2,1,11,.symtab
raw_play~.pd_linux,bcm2835_spi_setClockDivider,15116,24,2,1,11,.symtab
raw_play~.pd_linux,_setRevLed,10712,52,2,1,11,.symtab
raw_play~.pd_linux,bcm2835_peripherals_size,98540,4,1,1,19,.symtab
raw_play~.pd_linux,strikeFilter,11048,116,2,1,11,.symtab
raw_play~.pd_linux,bcm2835_pwm_set_clock,21180,200,2,1,11,.symtab
raw_play~.pd_linux,bcm2835_gpio_aren,14184,44,2,1,11,.symtab
raw_play~.pd_linux,bcm2835_i2c_setClockDivider,18268,104,2,1,11,.symtab
raw_play~.pd_linux,bcm2835_clk,98552,4,1,1,19,.symtab
raw_play~.pd_linux,bcm2835_gpio_write_mask,14608,56,2,1,11,.symtab
raw_play~.pd_linux,bcm2835_peripherals,98536,4,1,1,19,.symtab
raw_play~.pd_linux,geteuid@@GLIBC_2.4,0,0,2,1,0,.symtab
raw_play~.pd_linux,bcm2835_spi0,98560,4,1,1,19,.symtab
raw_play~.pd_linux,stderr@@GLIBC_2.4,0,0,1,1,0,.symtab
raw_play~.pd_linux,bcm2835_i2c_end,18196,48,2,1,11,.symtab
raw_play~.pd_linux,bcm2835_peri_write,13236,56,2,1,11,.symtab
raw_play~.pd_linux,bcm2835_close,22656,44,2,1,11,.symtab
raw_play~.pd_linux,bcm2835_aux_spi_transfern,17824,12,2,1,11,.symtab
raw_play~.pd_linux,bcm2835_gpio_set_eds,13768,40,2,1,11,.symtab
raw_play~.pd_linux,bcm2835_gpio_fen,13920,44,2,1,11,.symtab
raw_play~.pd_linux,bcm2835_aux_spi_setClockDivider,16932,16,2,1,11,.symtab
raw_play~.pd_linux,bcm2835_gpio_pad,14392,40,2,1,11,.symtab
raw_play~.pd_linux,_setPlusLed,10764,52,2,1,11,.symtab
raw_play~.pd_linux,raw_play_tilde_new,9796,116,2,1,11,.symtab
raw_play~.pd_linux,fread@@GLIBC_2.4,0,0,2,1,0,.symtab
raw_play~.pd_linux,bcm2835_gpio_eds_multi,13732,36,2,1,11,.symtab
raw_play~.pd_linux,bcm2835_peripherals_base,98588,4,1,1,19,.symtab
raw_play~.pd_linux,bcm2835_i2c_write_read_rs,20484,664,2,1,11,.symtab
raw_play~.pd_linux,bcm2835_spi_end,14996,104,2,1,11,.symtab
raw_play~.pd_linux,strerror@@GLIBC_2.4,0,0,2,1,0,.symtab
raw_play~.pd_linux,bcm2835_delay,14468,84,2,1,11,.symtab
raw_play~.pd_linux,shiftFilter,10816,116,2,1,11,.symtab
raw_play~.pd_linux,__gmon_start__,0,0,0,2,0,.symtab
raw_play~.pd_linux,bcm2835_i2c_setSlaveAddress,18244,24,2,1,11,.symtab
raw_play~.pd_linux,open@@GLIBC_2.4,0,0,2,1,0,.symtab
raw_play~.pd_linux,bcm2835_aux_spi_transfernb,17292,532,2,1,11,.symtab
raw_play~.pd_linux,bcm2835_gpio_clr_multi,13588,24,2,1,11,.symtab
raw_play~.pd_linux,bcm2835_spi_set_speed_hz,15140,56,2,1,11,.symtab
raw_play~.pd_linux,bcm2835_gpio_write_multi,14568,40,2,1,11,.symtab
raw_play~.pd_linux,mmap@@GLIBC_2.4,0,0,2,1,0,.symtab
raw_play~.pd_linux,bcm2835_spi_setChipSelectPolarity,16288,36,2,1,11,.symtab
raw_play~.pd_linux,bcm2835_gpio_set_eds_multi,13808,24,2,1,11,.symtab
raw_play~.pd_linux,_setTriggerOut,10640,20,2,1,11,.symtab
raw_play~.pd_linux,bcm2835_i2c_begin,18032,164,2,1,11,.symtab
raw_play~.pd_linux,bcm2835_aux_spi_end,16728,96,2,1,11,.symtab
raw_play~.pd_linux,bcm2835_pwm_set_data,21692,136,2,1,11,.symtab
raw_play~.pd_linux,fprintf@@GLIBC_2.4,0,0,2,1,0,.symtab
raw_play~.pd_linux,bcm2835_peri_set_bits,13364,44,2,1,11,.symtab
raw_play~.pd_linux,posix_memalign@@GLIBC_2.4,0,0,2,1,0,.symtab
raw_play~.pd_linux,__errno_location@@GLIBC_2.4,0,0,2,1,0,.symtab
raw_play~.pd_linux,wndArray,98624,208060,1,1,20,.symtab
raw_play~.pd_linux,raw_play_tilde_free,9768,28,2,1,11,.symtab
raw_play~.pd_linux,memset@@GLIBC_2.4,0,0,2,1,0,.symtab
raw_play~.pd_linux,bcm2835_set_debug,13088,16,2,1,11,.symtab
raw_play~.pd_linux,bcm2835_gpio_get_pud,14664,132,2,1,11,.symtab
raw_play~.pd_linux,getModeName,10292,196,2,1,11,.symtab
raw_play~.pd_linux,bcm2835_spi_transfernb,15464,432,2,1,11,.symtab
raw_play~.pd_linux,post,0,0,0,1,0,.symtab
raw_play~.pd_linux,bcm2835_spi_chipSelect,16264,24,2,1,11,.symtab
raw_play~.pd_linux,bcm2835_i2c_set_baudrate,18372,40,2,1,11,.symtab
raw_play~.pd_linux,bcm2835_gpio_write,14552,16,2,1,11,.symtab
raw_play~.pd_linux,bcm2835_gpio_set_pad,14432,36,2,1,11,.symtab
raw_play~.pd_linux,bcm2835_spi_setBitOrder,15100,16,2,1,11,.symtab
raw_play~.pd_linux,bcm2835_i2c_read,18780,532,2,1,11,.symtab
raw_play~.pd_linux,bcm2835_regbase,12912,176,2,1,11,.symtab
raw_play~.pd_linux,fclose@@GLIBC_2.4,0,0,2,1,0,.symtab
raw_play~.pd_linux,bcm2835_bsc1,98568,4,1,1,19,.symtab
raw_play~.pd_linux,bcm2835_gpio_clr_afen,14316,44,2,1,11,.symtab
raw_play~.pd_linux,outlet_new,0,0,0,1,0,.symtab
raw_play~.pd_linux,bcm2835_gpio_eds,13672,60,2,1,11,.symtab
raw_play~.pd_linux,dsp_add,0,0,0,1,0,.symtab
raw_play~.pd_linux,bcm2835_gpio_afen,14272,44,2,1,11,.symtab
raw_play~.pd_linux,munmap@@GLIBC_2.4,0,0,2,1,0,.symtab
raw_play~.pd_linux,bcm2835_pwm,98548,4,1,1,19,.symtab
raw_play~.pd_linux,raw_play_tilde_perform,8924,744,2,1,11,.symtab
raw_play~.pd_linux,bcm2835_gpio,98544,4,1,1,19,.symtab
raw_play~.pd_linux,bcm2835_aux_spi_writenb,17052,240,2,1,11,.symtab
raw_play~.pd_linux,bcm2835_aux_spi_write,16948,104,2,1,11,.symtab
raw_play~.pd_linux,class_new,0,0,0,1,0,.symtab
raw_play~.pd_linux,bcm2835_gpio_fsel,13408,76,2,1,11,.symtab
raw_play~.pd_linux,s_signal,0,0,0,1,0,.symtab
raw_play~.pd_linux,bcm2835_peri_read_nb,13180,56,2,1,11,.symtab
raw_play~.pd_linux,bcm2835_gpio_hen,14008,44,2,1,11,.symtab
raw_play~.pd_linux,bcm2835_init,21888,768,2,1,11,.symtab
raw_play~.pd_linux,bcm2835_spi_write,16324,228,2,1,11,.symtab
raw_play~.pd_linux,class_domainsignalin,0,0,0,1,0,.symtab
raw_play~.pd_linux,bcm2835_gpio_ren,13832,44,2,1,11,.symtab
raw_play~.pd_linux,bcm2835_spi1,98580,4,1,1,19,.symtab
raw_play~.pd_linux,bcm2835_delayMicroseconds,19456,224,2,1,11,.symtab
raw_play~.pd_linux,bcm2835_spi_writenb,15896,356,2,1,11,.symtab
raw_play~.pd_linux,bcm2835_peri_write_nb,13316,48,2,1,11,.symtab
raw_play~.pd_linux,_ITM_registerTMCloneTable,0,0,0,2,0,.symtab
raw_play~.pd_linux,bcm2835_spi_transfer,15220,244,2,1,11,.symtab
raw_play~.pd_linux,raw_play_tilde_setup,12336,372,2,1,11,.symtab
raw_play~.pd_linux,bcm2835_st_delay,21148,32,2,1,11,.symtab
raw_play~.pd_linux,bcm2835_aux_spi_CalcClockDivider,16824,108,2,1,11,.symtab
raw_play~.pd_linux,class_addmethod,0,0,0,1,0,.symtab
raw_play~.pd_linux,fseek@@GLIBC_2.4,0,0,2,1,0,.symtab
raw_play~.pd_linux,bcm2835_gpio_clr_aren,14228,44,2,1,11,.symtab
raw_play~.pd_linux,bcm2835_spi_begin,14796,200,2,1,11,.symtab
raw_play~.pd_linux,raw_play_tilde_dsp,9668,100,2,1,11,.symtab
raw_play~.pd_linux,close@@GLIBC_2.4,0,0,2,1,0,.symtab
raw_play~.pd_linux,getOnsetModeName,10488,152,2,1,11,.symtab
raw_play~.pd_linux,bcm2835_aux_spi_transfer,17836,196,2,1,11,.symtab
raw_play~.pd_linux,bcm2835_gpio_clr_len,14140,44,2,1,11,.symtab
raw_play~.pd_linux,bcm2835_gpio_set_pud,19680,272,2,1,11,.symtab
raw_play~.pd_linux,bcm2835_i2c_read_register_rs,20036,448,2,1,11,.symtab
raw_play~.pd_linux,atom_string,0,0,0,1,0,.symtab
shell.pd_linux,/usr/lib/gcc/arm-linux-gnueabihf/8/../../../arm-linux-gnueabihf/crti.o,0,0,4,0,65521,.symtab
shell.pd_linux,call_weak_fn,2948,0,2,0,11,.symtab
shell.pd_linux,/usr/lib/gcc/arm-linux-gnueabihf/8/../../../arm-linux-gnueabihf/crtn.o,0,0,4,0,65521,.symtab
shell.pd_linux,crtstuff.c,0,0,4,0,65521,.symtab
shell.pd_linux,deregister_tm_clones,2984,0,2,0,11,.symtab
shell.pd_linux,register_tm_clones,3052,0,2,0,11,.symtab
shell.pd_linux,__do_global_dtors_aux,3132,0,2,0,11,.symtab
shell.pd_linux,completed.10783,73956,1,1,0,20,.symtab
shell.pd_linux,__do_global_dtors_aux_fini_array_entry,73484,0,1,0,16,.symtab
shell.pd_linux,frame_dummy,3236,0,2,0,11,.symtab
shell.pd_linux,__frame_dummy_init_array_entry,73480,0,1,0,15,.symtab
shell.pd_linux,shell.c,0,0,4,0,65521,.symtab
shell.pd_linux,shell_new,4852,200,2,0,11,.symtab
shell.pd_linux,shell_anything,5300,1264,2,0,11,.symtab
shell.pd_linux,shell_class,73960,4,1,0,20,.symtab
shell.pd_linux,crtstuff.c,0,0,4,0,65521,.symtab
shell.pd_linux,__FRAME_END__,6928,0,1,0,14,.symtab
shell.pd_linux,_fini,6704,0,2,0,12,.symtab
shell.pd_linux,__dso_handle,73952,0,1,0,19,.symtab
shell.pd_linux,_DYNAMIC,73488,0,1,0,65521,.symtab
shell.pd_linux,__TMC_END__,73956,0,1,0,19,.symtab
shell.pd_linux,_GLOBAL_OFFSET_TABLE_,73728,0,1,0,65521,.symtab
shell.pd_linux,_init,2400,0,2,0,9,.symtab
shell.pd_linux,s_list,0,0,0,1,0,.symtab
shell.pd_linux,gensym,0,0,0,1,0,.symtab
shell.pd_linux,strcmp@@GLIBC_2.4,0,0,2,1,0,.symtab
shell.pd_linux,__cxa_finalize@@GLIBC_2.4,0,0,2,2,0,.symtab
shell.pd_linux,_ITM_deregisterTMCloneTable,0,0,0,2,0,.symtab
shell.pd_linux,binbuf_getvec,0,0,0,1,0,.symtab
shell.pd_linux,read@@GLIBC_2.4,0,0,2,1,0,.symtab
shell.pd_linux,getuid@@GLIBC_2.4,0,0,2,1,0,.symtab
shell.pd_linux,pd_new,0,0,0,1,0,.symtab
shell.pd_linux,bug,0,0,0,1,0,.symtab
shell.pd_linux,getbytes,0,0,0,1,0,.symtab
shell.pd_linux,execvp@@GLIBC_2.4,0,0,2,1,0,.symtab
shell.pd_linux,shell_cleanup,5052,112,2,1,11,.symtab
shell.pd_linux,shell_check,5164,136,2,1,11,.symtab
shell.pd_linux,class_addbang,0,0,0,1,0,.symtab
shell.pd_linux,binbuf_new,0,0,0,1,0,.symtab
shell.pd_linux,dup2@@GLIBC_2.4,0,0,2,1,0,.symtab
shell.pd_linux,shell_bang,3240,16,2,1,11,.symtab
shell.pd_linux,seteuid@@GLIBC_2.4,0,0,2,1,0,.symtab
shell.pd_linux,clock_delay,0,0,0,1,0,.symtab
shell.pd_linux,waitpid@@GLIBC_2.4,0,0,2,1,0,.symtab
shell.pd_linux,sys_rmpollfn,0,0,0,1,0,.symtab
shell.pd_linux,malloc@@GLIBC_2.4,0,0,2,1,0,.symtab
shell.pd_linux,clock_new,0,0,0,1,0,.symtab
shell.pd_linux,__gmon_start__,0,0,0,2,0,.symtab
shell.pd_linux,kill@@GLIBC_2.4,0,0,2,1,0,.symtab
shell.pd_linux,exit@@GLIBC_2.4,0,0,2,1,0,.symtab
shell.pd_linux,clock_unset,0,0,0,1,0,.symtab
shell.pd_linux,binbuf_free,0,0,0,1,0,.symtab
shell.pd_linux,strlen@@GLIBC_2.4,0,0,2,1,0,.symtab
shell.pd_linux,shell_read,3264,1588,2,1,11,.symtab
shell.pd_linux,sys_addpollfn,0,0,0,1,0,.symtab
shell.pd_linux,post,0,0,0,1,0,.symtab
shell.pd_linux,write@@GLIBC_2.4,0,0,2,1,0,.symtab
shell.pd_linux,outlet_new,0,0,0,1,0,.symtab
shell.pd_linux,pipe@@GLIBC_2.4,0,0,2,1,0,.symtab
shell.pd_linux,fork@@GLIBC_2.4,0,0,2,1,0,.symtab
shell.pd_linux,class_new,0,0,0,1,0,.symtab
shell.pd_linux,outlet_float,0,0,0,1,0,.symtab
shell.pd_linux,outlet_list,0,0,0,1,0,.symtab
shell.pd_linux,binbuf_text,0,0,0,1,0,.symtab
shell.pd_linux,outlet_anything,0,0,0,1,0,.symtab
shell.pd_linux,s_bang,0,0,0,1,0,.symtab
shell.pd_linux,shell_setup,6564,140,2,1,11,.symtab
shell.pd_linux,_ITM_registerTMCloneTable,0,0,0,2,0,.symtab
shell.pd_linux,class_addanything,0,0,0,1,0,.symtab
shell.pd_linux,close@@GLIBC_2.4,0,0,2,1,0,.symtab
shell.pd_linux,pd_error,0,0,0,1,0,.symtab
shell.pd_linux,binbuf_getnatom,0,0,0,1,0,.symtab
shell.pd_linux,shell_free,3256,8,2,1,11,.symtab
shell.pd_linux,sched_setscheduler@@GLIBC_2.4,0,0,2,1,0,.symtab
shell.pd_linux,atom_string,0,0,0,1,0,.symtab
shell_working.pd_linux,/usr/lib/gcc/arm-linux-gnueabihf/6/../../../arm-linux-gnueabihf/crti.o,0,0,4,0,65521,.symtab
shell_working.pd_linux,call_weak_fn,3400,0,2,0,11,.symtab
shell_working.pd_linux,/usr/lib/gcc/arm-linux-gnueabihf/6/../../../arm-linux-gnueabihf/crtn.o,0,0,4,0,65521,.symtab
shell_working.pd_linux,crtstuff.c,0,0,4,0,65521,.symtab
shell_working.pd_linux,__JCR_LIST__,73484,0,1,0,17,.symtab
shell_working.pd_linux,deregister_tm_clones,3436,0,2,0,11,.symtab
shell_working.pd_linux,register_tm_clones,3512,0,2,0,11,.symtab
shell_working.pd_linux,__do_global_dtors_aux,3592,0,2,0,11,.symtab
shell_working.pd_linux,completed.10395,73972,1,1,0,21,.symtab
shell_working.pd_linux,__do_global_dtors_aux_fini_array_entry,73480,0,1,0,16,.symtab
shell_working.pd_linux,frame_dummy,3696,0,2,0,11,.symtab
shell_working.pd_linux,__frame_dummy_init_array_entry,73476,0,1,0,15,.symtab
shell_working.pd_linux,shell.c,0,0,4,0,65521,.symtab
shell_working.pd_linux,shell_new,5376,200,2,0,11,.symtab
shell_working.pd_linux,shell_send.isra.0,5576,580,2,0,11,.symtab
shell_working.pd_linux,shell_anything,6404,928,2,0,11,.symtab
shell_working.pd_linux,shell_class,73976,4,1,0,21,.symtab
shell_working.pd_linux,crtstuff.c,0,0,4,0,65521,.symtab
shell_working.pd_linux,__FRAME_END__,7712,0,1,0,14,.symtab
shell_working.pd_linux,__JCR_END__,73484,0,1,0,17,.symtab
shell_working.pd_linux,__dso_handle,73968,0,1,0,20,.symtab
shell_working.pd_linux,_DYNAMIC,73488,0,1,0,65521,.symtab
shell_working.pd_linux,__TMC_END__,73972,0,1,0,20,.symtab
shell_working.pd_linux,_GLOBAL_OFFSET_TABLE_,73728,0,1,0,65521,.symtab
shell_working.pd_linux,s_list,0,0,0,1,0,.symtab
shell_working.pd_linux,gensym,0,0,0,1,0,.symtab
shell_working.pd_linux,strcmp@@GLIBC_2.4,0,0,2,1,0,.symtab
shell_working.pd_linux,__cxa_finalize@@GLIBC_2.4,0,0,2,2,0,.symtab
shell_working.pd_linux,_ITM_deregisterTMCloneTable,0,0,0,2,0,.symtab
shell_working.pd_linux,binbuf_getvec,0,0,0,1,0,.symtab
shell_working.pd_linux,__bss_start__,73972,0,0,1,21,.symtab
shell_working.pd_linux,read@@GLIBC_2.4,0,0,2,1,0,.symtab
shell_working.pd_linux,getuid@@GLIBC_2.4,0,0,2,1,0,.symtab
shell_working.pd_linux,pd_new,0,0,0,1,0,.symtab
shell_working.pd_linux,bug,0,0,0,1,0,.symtab
shell_working.pd_linux,getbytes,0,0,0,1,0,.symtab
shell_working.pd_linux,_bss_end__,73980,0,0,1,21,.symtab
shell_working.pd_linux,_edata,73972,0,0,1,20,.symtab
shell_working.pd_linux,shell_cleanup,6156,112,2,1,11,.symtab
shell_working.pd_linux,shell_check,6268,136,2,1,11,.symtab
shell_working.pd_linux,class_addbang,0,0,0,1,0,.symtab
shell_working.pd_linux,_fini,7472,0,2,1,12,.symtab
shell_working.pd_linux,__bss_end__,73980,0,0,1,21,.symtab
shell_working.pd_linux,binbuf_new,0,0,0,1,0,.symtab
shell_working.pd_linux,dup2@@GLIBC_2.4,0,0,2,1,0,.symtab
shell_working.pd_linux,shell_bang,3772,16,2,1,11,.symtab
shell_working.pd_linux,seteuid@@GLIBC_2.4,0,0,2,1,0,.symtab
shell_working.pd_linux,clock_delay,0,0,0,1,0,.symtab
shell_working.pd_linux,waitpid@@GLIBC_2.4,0,0,2,1,0,.symtab
shell_working.pd_linux,strcpy@@GLIBC_2.4,0,0,2,1,0,.symtab
shell_working.pd_linux,sys_rmpollfn,0,0,0,1,0,.symtab
shell_working.pd_linux,error@@GLIBC_2.4,0,0,2,1,0,.symtab
shell_working.pd_linux,malloc@@GLIBC_2.4,0,0,2,1,0,.symtab
shell_working.pd_linux,system@@GLIBC_2.4,0,0,2,1,0,.symtab
shell_working.pd_linux,clock_new,0,0,0,1,0,.symtab
shell_working.pd_linux,__gmon_start__,0,0,0,2,0,.symtab
shell_working.pd_linux,kill@@GLIBC_2.4,0,0,2,1,0,.symtab
shell_working.pd_linux,exit@@GLIBC_2.4,0,0,2,1,0,.symtab
shell_working.pd_linux,clock_unset,0,0,0,1,0,.symtab
shell_working.pd_linux,binbuf_free,0,0,0,1,0,.symtab
shell_working.pd_linux,strlen@@GLIBC_2.4,0,0,2,1,0,.symtab
shell_working.pd_linux,shell_read,3796,1580,2,1,11,.symtab
shell_working.pd_linux,sys_addpollfn,0,0,0,1,0,.symtab
shell_working.pd_linux,_end,73980,0,0,1,21,.symtab
shell_working.pd_linux,post,0,0,0,1,0,.symtab
shell_working.pd_linux,write@@GLIBC_2.4,0,0,2,1,0,.symtab
shell_working.pd_linux,__end__,73980,0,0,1,21,.symtab
shell_working.pd_linux,__bss_start,73972,0,0,1,21,.symtab
shell_working.pd_linux,outlet_new,0,0,0,1,0,.symtab
shell_working.pd_linux,pipe@@GLIBC_2.4,0,0,2,1,0,.symtab
shell_working.pd_linux,fork@@GLIBC_2.4,0,0,2,1,0,.symtab
shell_working.pd_linux,class_new,0,0,0,1,0,.symtab
shell_working.pd_linux,outlet_float,0,0,0,1,0,.symtab
shell_working.pd_linux,outlet_list,0,0,0,1,0,.symtab
shell_working.pd_linux,_Jv_RegisterClasses,0,0,0,2,0,.symtab
shell_working.pd_linux,binbuf_text,0,0,0,1,0,.symtab
shell_working.pd_linux,verbose,0,0,0,1,0,.symtab
shell_working.pd_linux,outlet_anything,0,0,0,1,0,.symtab
shell_working.pd_linux,s_bang,0,0,0,1,0,.symtab
shell_working.pd_linux,shell_setup,7332,140,2,1,11,.symtab
shell_working.pd_linux,_ITM_registerTMCloneTable,0,0,0,2,0,.symtab
shell_working.pd_linux,class_addanything,0,0,0,1,0,.symtab
shell_working.pd_linux,_init,2816,0,2,1,9,.symtab
shell_working.pd_linux,close@@GLIBC_2.4,0,0,2,1,0,.symtab
shell_working.pd_linux,pd_error,0,0,0,1,0,.symtab
shell_working.pd_linux,binbuf_getnatom,0,0,0,1,0,.symtab
shell_working.pd_linux,shell_free,3788,8,2,1,11,.symtab
shell_working.pd_linux,sched_setscheduler@@GLIBC_2.4,0,0,2,1,0,.symtab
shell_working.pd_linux,atom_string,0,0,0,1,0,.symtab
shmem.pd_linux,/usr/lib/gcc/arm-linux-gnueabihf/8/../../../arm-linux-gnueabihf/crti.o,0,0,4,0,65521,.symtab
shmem.pd_linux,call_weak_fn,2200,0,2,0,11,.symtab
shmem.pd_linux,/usr/lib/gcc/arm-linux-gnueabihf/8/../../../arm-linux-gnueabihf/crtn.o,0,0,4,0,65521,.symtab
shmem.pd_linux,crtstuff.c,0,0,4,0,65521,.symtab
shmem.pd_linux,deregister_tm_clones,2236,0,2,0,11,.symtab
shmem.pd_linux,register_tm_clones,2304,0,2,0,11,.symtab
shmem.pd_linux,__do_global_dtors_aux,2384,0,2,0,11,.symtab
shmem.pd_linux,completed.10783,73892,1,1,0,20,.symtab
shmem.pd_linux,__do_global_dtors_aux_fini_array_entry,73484,0,1,0,16,.symtab
shmem.pd_linux,frame_dummy,2488,0,2,0,11,.symtab
shmem.pd_linux,__frame_dummy_init_array_entry,73480,0,1,0,15,.symtab
shmem.pd_linux,shmem.c,0,0,4,0,65521,.symtab
shmem.pd_linux,crtstuff.c,0,0,4,0,65521,.symtab
shmem.pd_linux,__FRAME_END__,6756,0,1,0,14,.symtab
shmem.pd_linux,_fini,6124,0,2,0,12,.symtab
shmem.pd_linux,__dso_handle,73888,0,1,0,19,.symtab
shmem.pd_linux,_DYNAMIC,73488,0,1,0,65521,.symtab
shmem.pd_linux,__TMC_END__,73892,0,1,0,19,.symtab
shmem.pd_linux,_GLOBAL_OFFSET_TABLE_,73728,0,1,0,65521,.symtab
shmem.pd_linux,_init,1892,0,2,0,9,.symtab
shmem.pd_linux,gensym,0,0,0,1,0,.symtab
shmem.pd_linux,__cxa_finalize@@GLIBC_2.4,0,0,2,2,0,.symtab
shmem.pd_linux,_ITM_deregisterTMCloneTable,0,0,0,2,0,.symtab
shmem.pd_linux,shmem_clear,2492,28,2,1,11,.symtab
shmem.pd_linux,pd_new,0,0,0,1,0,.symtab
shmem.pd_linux,shmem_read,2572,52,2,1,11,.symtab
shmem.pd_linux,shmget@@GLIBC_2.4,0,0,2,1,0,.symtab
shmem.pd_linux,garray_redraw,0,0,0,1,0,.symtab
shmem.pd_linux,shmat@@GLIBC_2.4,0,0,2,1,0,.symtab
shmem.pd_linux,shmctl@@GLIBC_2.4,0,0,2,1,0,.symtab
shmem.pd_linux,writeFloatToSharedMem,2520,52,2,1,11,.symtab
shmem.pd_linux,error@@GLIBC_2.4,0,0,2,1,0,.symtab
shmem.pd_linux,shmem_dump_tab,4792,512,2,1,11,.symtab
shmem.pd_linux,garray_getfloatwords,0,0,0,1,0,.symtab
shmem.pd_linux,shmem_dump,5304,384,2,1,11,.symtab
shmem.pd_linux,__gmon_start__,0,0,0,2,0,.symtab
shmem.pd_linux,shmem_class,73896,4,1,1,20,.symtab
shmem.pd_linux,pd_findbyclass,0,0,0,1,0,.symtab
shmem.pd_linux,garray_class,0,0,0,1,0,.symtab
shmem.pd_linux,shmem_new,3116,120,2,1,11,.symtab
shmem.pd_linux,memset@@GLIBC_2.4,0,0,2,1,0,.symtab
shmem.pd_linux,shmem_free,2624,172,2,1,11,.symtab
shmem.pd_linux,shmdt@@GLIBC_2.4,0,0,2,1,0,.symtab
shmem.pd_linux,shmem_set,3744,1048,2,1,11,.symtab
shmem.pd_linux,shmem_allocate,2796,320,2,1,11,.symtab
shmem.pd_linux,outlet_new,0,0,0,1,0,.symtab
shmem.pd_linux,shmem_set_tab,3236,508,2,1,11,.symtab
shmem.pd_linux,class_new,0,0,0,1,0,.symtab
shmem.pd_linux,outlet_float,0,0,0,1,0,.symtab
shmem.pd_linux,atom_getsymbolarg,0,0,0,1,0,.symtab
shmem.pd_linux,shmem_setup,5688,436,2,1,11,.symtab
shmem.pd_linux,_ITM_registerTMCloneTable,0,0,0,2,0,.symtab
shmem.pd_linux,class_addmethod,0,0,0,1,0,.symtab
shmem.pd_linux,atom_getfloatarg,0,0,0,1,0,.symtab
shmem.pd_linux,pd_error,0,0,0,1,0,.symtab
stereo_in~.pd_linux,/usr/lib/gcc/arm-linux-gnueabihf/8/../../../arm-linux-gnueabihf/crti.o,0,0,4,0,65521,.symtab
stereo_in~.pd_linux,call_weak_fn,8816,0,2,0,11,.symtab
stereo_in~.pd_linux,/usr/lib/gcc/arm-linux-gnueabihf/8/../../../arm-linux-gnueabihf/crtn.o,0,0,4,0,65521,.symtab
stereo_in~.pd_linux,crtstuff.c,0,0,4,0,65521,.symtab
stereo_in~.pd_linux,deregister_tm_clones,8852,0,2,0,11,.symtab
stereo_in~.pd_linux,register_tm_clones,8920,0,2,0,11,.symtab
stereo_in~.pd_linux,__do_global_dtors_aux,9000,0,2,0,11,.symtab
stereo_in~.pd_linux,completed.10783,98600,1,1,0,20,.symtab
stereo_in~.pd_linux,__do_global_dtors_aux_fini_array_entry,98044,0,1,0,16,.symtab
stereo_in~.pd_linux,frame_dummy,9104,0,2,0,11,.symtab
stereo_in~.pd_linux,__frame_dummy_init_array_entry,98040,0,1,0,15,.symtab
stereo_in~.pd_linux,stereo_in~.c,0,0,4,0,65521,.symtab
stereo_in~.pd_linux,stereo_in_tilde_dsp,9172,96,2,0,11,.symtab
stereo_in~.pd_linux,stereo_in_tilde_perform,11560,608,2,0,11,.symtab
stereo_in~.pd_linux,stereo_in_tilde_free,9268,36,2,0,11,.symtab
stereo_in~.pd_linux,stereo_in_tilde_new,9304,188,2,0,11,.symtab
stereo_in~.pd_linux,SAW,23812,2060,1,0,13,.symtab
stereo_in~.pd_linux,GAUSS,25872,2060,1,0,13,.symtab
stereo_in~.pd_linux,SQUARE,27932,2060,1,0,13,.symtab
stereo_in~.pd_linux,pVal.9051,98540,1,1,0,19,.symtab
stereo_in~.pd_linux,pVal.9056,98541,1,1,0,19,.symtab
stereo_in~.pd_linux,pVal.9061,98542,1,1,0,19,.symtab
stereo_in~.pd_linux,stereo_in_tilde_class,98604,4,1,0,20,.symtab
stereo_in~.pd_linux,time.9052,98608,4,1,0,20,.symtab
stereo_in~.pd_linux,time.9057,98612,4,1,0,20,.symtab
stereo_in~.pd_linux,time.9062,98616,4,1,0,20,.symtab
stereo_in~.pd_linux,bcm2835.c,0,0,4,0,65521,.symtab
stereo_in~.pd_linux,bcm2835_close.part.4,12696,84,2,0,11,.symtab
stereo_in~.pd_linux,mapmem.constprop.5,12780,120,2,0,11,.symtab
stereo_in~.pd_linux,bcm2835_gpio_pud.part.1,13280,24,2,0,11,.symtab
stereo_in~.pd_linux,CSWTCH.158,30272,3,1,0,13,.symtab
stereo_in~.pd_linux,bcm2835_byte_reverse_table,30276,256,1,0,13,.symtab
stereo_in~.pd_linux,CSWTCH.159,30532,12,1,0,13,.symtab
stereo_in~.pd_linux,bcm2835_spi_bit_order,98592,1,1,0,19,.symtab
stereo_in~.pd_linux,debug,98620,1,1,0,20,.symtab
stereo_in~.pd_linux,pud_type_rpi4,98621,1,1,0,20,.symtab
stereo_in~.pd_linux,pud_compat_setting,98622,1,1,0,20,.symtab
stereo_in~.pd_linux,spi1_speed,98624,4,1,0,20,.symtab
stereo_in~.pd_linux,i2c_byte_wait_us,98628,4,1,0,20,.symtab
stereo_in~.pd_linux,_udivsi3.o,0,0,4,0,65521,.symtab
stereo_in~.pd_linux,.udivsi3_skip_div0_test,22688,0,0,0,11,.symtab
stereo_in~.pd_linux,shift,0,0,0,0,65521,.symtab
stereo_in~.pd_linux,_divsi3.o,0,0,4,0,65521,.symtab
stereo_in~.pd_linux,.divsi3_skip_div0_test,23220,0,0,0,11,.symtab
stereo_in~.pd_linux,shift,0,0,0,0,65521,.symtab
stereo_in~.pd_linux,_dvmd_lnx.o,0,0,4,0,65521,.symtab
stereo_in~.pd_linux,crtstuff.c,0,0,4,0,65521,.symtab
stereo_in~.pd_linux,__FRAME_END__,30928,0,1,0,14,.symtab
stereo_in~.pd_linux,__aeabi_uidiv,22688,0,2,0,11,.symtab
stereo_in~.pd_linux,_fini,23804,0,2,0,12,.symtab
stereo_in~.pd_linux,__aeabi_idivmod,23756,32,2,0,11,.symtab
stereo_in~.pd_linux,__aeabi_ldiv0,23788,16,2,0,11,.symtab
stereo_in~.pd_linux,__udivsi3,22688,492,2,0,11,.symtab
stereo_in~.pd_linux,__dso_handle,98536,0,1,0,19,.symtab
stereo_in~.pd_linux,__divsi3,23212,544,2,0,11,.symtab
stereo_in~.pd_linux,__aeabi_idiv0,23788,16,2,0,11,.symtab
stereo_in~.pd_linux,_DYNAMIC,98048,0,1,0,65521,.symtab
stereo_in~.pd_linux,__aeabi_uidivmod,23180,32,2,0,11,.symtab
stereo_in~.pd_linux,__TMC_END__,98600,0,1,0,19,.symtab
stereo_in~.pd_linux,_GLOBAL_OFFSET_TABLE_,98304,0,1,0,65521,.symtab
stereo_in~.pd_linux,__aeabi_idiv,23212,0,2,0,11,.symtab
stereo_in~.pd_linux,_init,8280,0,2,0,9,.symtab
stereo_in~.pd_linux,gensym,0,0,0,1,0,.symtab
stereo_in~.pd_linux,bcm2835_aux_spi_begin,16540,176,2,1,11,.symtab
stereo_in~.pd_linux,raise@@GLIBC_2.4,0,0,2,1,0,.symtab
stereo_in~.pd_linux,bcm2835_spi_setDataMode,15184,24,2,1,11,.symtab
stereo_in~.pd_linux,stereo_in_tilde_set_rPoleOne,9120,8,2,1,11,.symtab
stereo_in~.pd_linux,bcm2835_gpio_clr_hen,14040,44,2,1,11,.symtab
stereo_in~.pd_linux,bcm2835_st_read,19300,144,2,1,11,.symtab
stereo_in~.pd_linux,bcm2835_i2c_write,18400,368,2,1,11,.symtab
stereo_in~.pd_linux,__cxa_finalize@@GLIBC_2.4,0,0,2,2,0,.symtab
stereo_in~.pd_linux,captureFilter,10132,116,2,1,11,.symtab
stereo_in~.pd_linux,bcm2835_gpio_lev,13600,60,2,1,11,.symtab
stereo_in~.pd_linux,bcm2835_gpio_pudclk,19940,84,2,1,11,.symtab
stereo_in~.pd_linux,_ITM_deregisterTMCloneTable,0,0,0,2,0,.symtab
stereo_in~.pd_linux,bcm2835_gpio_len,14084,44,2,1,11,.symtab
stereo_in~.pd_linux,bcm2835_gpio_clr_ren,13864,44,2,1,11,.symtab
stereo_in~.pd_linux,bcm2835_pads,98564,4,1,1,19,.symtab
stereo_in~.pd_linux,printf@@GLIBC_2.4,0,0,2,1,0,.symtab
stereo_in~.pd_linux,fopen@@GLIBC_2.4,0,0,2,1,0,.symtab
stereo_in~.pd_linux,bcm2835_version,13092,12,2,1,11,.symtab
stereo_in~.pd_linux,bcm2835_gpio_clr_fen,13952,44,2,1,11,.symtab
stereo_in~.pd_linux,bcm2835_pwm_set_range,21544,136,2,1,11,.symtab
stereo_in~.pd_linux,bcm2835_peri_read,13104,64,2,1,11,.symtab
stereo_in~.pd_linux,_setFwdLed,9860,52,2,1,11,.symtab
stereo_in~.pd_linux,bcm2835_gpio_set,13472,40,2,1,11,.symtab
stereo_in~.pd_linux,outlet_free,0,0,0,1,0,.symtab
stereo_in~.pd_linux,pd_new,0,0,0,1,0,.symtab
stereo_in~.pd_linux,nanosleep@@GLIBC_2.4,0,0,2,1,0,.symtab
stereo_in~.pd_linux,malloc_aligned,21816,60,2,1,11,.symtab
stereo_in~.pd_linux,bcm2835_pwm_set_mode,21368,176,2,1,11,.symtab
stereo_in~.pd_linux,stereo_in_tilde_set_emulateAnalog,9160,12,2,1,11,.symtab
stereo_in~.pd_linux,bcm2835_gpio_clr,13512,40,2,1,11,.symtab
stereo_in~.pd_linux,bcm2835_st,98580,4,1,1,19,.symtab
stereo_in~.pd_linux,bcm2835_gpio_set_multi,13552,24,2,1,11,.symtab
stereo_in~.pd_linux,bcm2835_aux,98584,4,1,1,19,.symtab
stereo_in~.pd_linux,bcm2835_bsc0,98572,4,1,1,19,.symtab
stereo_in~.pd_linux,bcm2835_gpio_pud,14348,32,2,1,11,.symtab
stereo_in~.pd_linux,makingWndArray,10364,1172,2,1,11,.symtab
stereo_in~.pd_linux,bcm2835_spi_transfern,16240,12,2,1,11,.symtab
stereo_in~.pd_linux,bcm2835_spi_setClockDivider,15104,24,2,1,11,.symtab
stereo_in~.pd_linux,inlet_new,0,0,0,1,0,.symtab
stereo_in~.pd_linux,_setRevLed,9912,52,2,1,11,.symtab
stereo_in~.pd_linux,bcm2835_peripherals_size,98548,4,1,1,19,.symtab
stereo_in~.pd_linux,strikeFilter,10248,116,2,1,11,.symtab
stereo_in~.pd_linux,bcm2835_pwm_set_clock,21168,200,2,1,11,.symtab
stereo_in~.pd_linux,bcm2835_gpio_aren,14172,44,2,1,11,.symtab
stereo_in~.pd_linux,bcm2835_i2c_setClockDivider,18256,104,2,1,11,.symtab
stereo_in~.pd_linux,bcm2835_clk,98560,4,1,1,19,.symtab
stereo_in~.pd_linux,bcm2835_gpio_write_mask,14596,56,2,1,11,.symtab
stereo_in~.pd_linux,bcm2835_peripherals,98544,4,1,1,19,.symtab
stereo_in~.pd_linux,stereo_in_tilde_set_rPoleTwo,9136,8,2,1,11,.symtab
stereo_in~.pd_linux,geteuid@@GLIBC_2.4,0,0,2,1,0,.symtab
stereo_in~.pd_linux,bcm2835_spi0,98568,4,1,1,19,.symtab
stereo_in~.pd_linux,stderr@@GLIBC_2.4,0,0,1,1,0,.symtab
stereo_in~.pd_linux,bcm2835_i2c_end,18184,48,2,1,11,.symtab
stereo_in~.pd_linux,bcm2835_peri_write,13224,56,2,1,11,.symtab
stereo_in~.pd_linux,bcm2835_close,22644,44,2,1,11,.symtab
stereo_in~.pd_linux,bcm2835_aux_spi_transfern,17812,12,2,1,11,.symtab
stereo_in~.pd_linux,bcm2835_gpio_set_eds,13756,40,2,1,11,.symtab
stereo_in~.pd_linux,bcm2835_gpio_fen,13908,44,2,1,11,.symtab
stereo_in~.pd_linux,bcm2835_aux_spi_setClockDivider,16920,16,2,1,11,.symtab
stereo_in~.pd_linux,bcm2835_gpio_pad,14380,40,2,1,11,.symtab
stereo_in~.pd_linux,_setPlusLed,9964,52,2,1,11,.symtab
stereo_in~.pd_linux,fread@@GLIBC_2.4,0,0,2,1,0,.symtab
stereo_in~.pd_linux,stereo_in_tilde_set_preAtt,9144,8,2,1,11,.symtab
stereo_in~.pd_linux,bcm2835_gpio_eds_multi,13720,36,2,1,11,.symtab
stereo_in~.pd_linux,bcm2835_peripherals_base,98596,4,1,1,19,.symtab
stereo_in~.pd_linux,bcm2835_i2c_write_read_rs,20472,664,2,1,11,.symtab
stereo_in~.pd_linux,bcm2835_spi_end,14984,104,2,1,11,.symtab
stereo_in~.pd_linux,strerror@@GLIBC_2.4,0,0,2,1,0,.symtab
stereo_in~.pd_linux,stereo_in_tilde_setup,12168,528,2,1,11,.symtab
stereo_in~.pd_linux,bcm2835_delay,14456,84,2,1,11,.symtab
stereo_in~.pd_linux,shiftFilter,10016,116,2,1,11,.symtab
stereo_in~.pd_linux,__gmon_start__,0,0,0,2,0,.symtab
stereo_in~.pd_linux,bcm2835_i2c_setSlaveAddress,18232,24,2,1,11,.symtab
stereo_in~.pd_linux,open@@GLIBC_2.4,0,0,2,1,0,.symtab
stereo_in~.pd_linux,bcm2835_aux_spi_transfernb,17280,532,2,1,11,.symtab
stereo_in~.pd_linux,bcm2835_gpio_clr_multi,13576,24,2,1,11,.symtab
stereo_in~.pd_linux,bcm2835_spi_set_speed_hz,15128,56,2,1,11,.symtab
stereo_in~.pd_linux,stereo_in_tilde_set_tanhBoost,9152,8,2,1,11,.symtab
stereo_in~.pd_linux,bcm2835_gpio_write_multi,14556,40,2,1,11,.symtab
stereo_in~.pd_linux,mmap@@GLIBC_2.4,0,0,2,1,0,.symtab
stereo_in~.pd_linux,bcm2835_spi_setChipSelectPolarity,16276,36,2,1,11,.symtab
stereo_in~.pd_linux,bcm2835_gpio_set_eds_multi,13796,24,2,1,11,.symtab
stereo_in~.pd_linux,_setTriggerOut,9840,20,2,1,11,.symtab
stereo_in~.pd_linux,bcm2835_i2c_begin,18020,164,2,1,11,.symtab
stereo_in~.pd_linux,bcm2835_aux_spi_end,16716,96,2,1,11,.symtab
stereo_in~.pd_linux,bcm2835_pwm_set_data,21680,136,2,1,11,.symtab
stereo_in~.pd_linux,r_pole_filter,11548,12,2,1,11,.symtab
stereo_in~.pd_linux,fprintf@@GLIBC_2.4,0,0,2,1,0,.symtab
stereo_in~.pd_linux,bcm2835_peri_set_bits,13352,44,2,1,11,.symtab
stereo_in~.pd_linux,posix_memalign@@GLIBC_2.4,0,0,2,1,0,.symtab
stereo_in~.pd_linux,__errno_location@@GLIBC_2.4,0,0,2,1,0,.symtab
stereo_in~.pd_linux,wndArray,98632,208060,1,1,20,.symtab
stereo_in~.pd_linux,bcm2835_set_debug,13076,16,2,1,11,.symtab
stereo_in~.pd_linux,bcm2835_gpio_get_pud,14652,132,2,1,11,.symtab
stereo_in~.pd_linux,getModeName,9492,196,2,1,11,.symtab
stereo_in~.pd_linux,bcm2835_spi_transfernb,15452,432,2,1,11,.symtab
stereo_in~.pd_linux,bcm2835_spi_chipSelect,16252,24,2,1,11,.symtab
stereo_in~.pd_linux,bcm2835_i2c_set_baudrate,18360,40,2,1,11,.symtab
stereo_in~.pd_linux,bcm2835_gpio_write,14540,16,2,1,11,.symtab
stereo_in~.pd_linux,bcm2835_gpio_set_pad,14420,36,2,1,11,.symtab
stereo_in~.pd_linux,bcm2835_spi_setBitOrder,15088,16,2,1,11,.symtab
stereo_in~.pd_linux,bcm2835_i2c_read,18768,532,2,1,11,.symtab
stereo_in~.pd_linux,bcm2835_regbase,12900,176,2,1,11,.symtab
stereo_in~.pd_linux,fclose@@GLIBC_2.4,0,0,2,1,0,.symtab
stereo_in~.pd_linux,bcm2835_bsc1,98576,4,1,1,19,.symtab
stereo_in~.pd_linux,bcm2835_gpio_clr_afen,14304,44,2,1,11,.symtab
stereo_in~.pd_linux,outlet_new,0,0,0,1,0,.symtab
stereo_in~.pd_linux,inlet_free,0,0,0,1,0,.symtab
stereo_in~.pd_linux,bcm2835_gpio_eds,13660,60,2,1,11,.symtab
stereo_in~.pd_linux,dsp_add,0,0,0,1,0,.symtab
stereo_in~.pd_linux,bcm2835_gpio_afen,14260,44,2,1,11,.symtab
stereo_in~.pd_linux,munmap@@GLIBC_2.4,0,0,2,1,0,.symtab
stereo_in~.pd_linux,bcm2835_pwm,98556,4,1,1,19,.symtab
stereo_in~.pd_linux,bcm2835_gpio,98552,4,1,1,19,.symtab
stereo_in~.pd_linux,bcm2835_aux_spi_writenb,17040,240,2,1,11,.symtab
stereo_in~.pd_linux,bcm2835_aux_spi_write,16936,104,2,1,11,.symtab
stereo_in~.pd_linux,class_new,0,0,0,1,0,.symtab
stereo_in~.pd_linux,bcm2835_gpio_fsel,13396,76,2,1,11,.symtab
stereo_in~.pd_linux,s_signal,0,0,0,1,0,.symtab
stereo_in~.pd_linux,stereo_in_tilde_set_zPoleTwo,9128,8,2,1,11,.symtab
stereo_in~.pd_linux,bcm2835_peri_read_nb,13168,56,2,1,11,.symtab
stereo_in~.pd_linux,bcm2835_gpio_hen,13996,44,2,1,11,.symtab
stereo_in~.pd_linux,bcm2835_init,21876,768,2,1,11,.symtab
stereo_in~.pd_linux,bcm2835_spi_write,16312,228,2,1,11,.symtab
stereo_in~.pd_linux,class_domainsignalin,0,0,0,1,0,.symtab
stereo_in~.pd_linux,bcm2835_gpio_ren,13820,44,2,1,11,.symtab
stereo_in~.pd_linux,bcm2835_spi1,98588,4,1,1,19,.symtab
stereo_in~.pd_linux,bcm2835_delayMicroseconds,19444,224,2,1,11,.symtab
stereo_in~.pd_linux,bcm2835_spi_writenb,15884,356,2,1,11,.symtab
stereo_in~.pd_linux,bcm2835_peri_write_nb,13304,48,2,1,11,.symtab
stereo_in~.pd_linux,_ITM_registerTMCloneTable,0,0,0,2,0,.symtab
stereo_in~.pd_linux,bcm2835_spi_transfer,15208,244,2,1,11,.symtab
stereo_in~.pd_linux,bcm2835_st_delay,21136,32,2,1,11,.symtab
stereo_in~.pd_linux,bcm2835_aux_spi_CalcClockDivider,16812,108,2,1,11,.symtab
stereo_in~.pd_linux,class_addmethod,0,0,0,1,0,.symtab
stereo_in~.pd_linux,bcm2835_gpio_clr_aren,14216,44,2,1,11,.symtab
stereo_in~.pd_linux,stereo_in_tilde_set_zPoleOne,9112,8,2,1,11,.symtab
stereo_in~.pd_linux,bcm2835_spi_begin,14784,200,2,1,11,.symtab
stereo_in~.pd_linux,close@@GLIBC_2.4,0,0,2,1,0,.symtab
stereo_in~.pd_linux,getOnsetModeName,9688,152,2,1,11,.symtab
stereo_in~.pd_linux,bcm2835_aux_spi_transfer,17824,196,2,1,11,.symtab
stereo_in~.pd_linux,bcm2835_gpio_clr_len,14128,44,2,1,11,.symtab
stereo_in~.pd_linux,z_pole_filter,11536,12,2,1,11,.symtab
stereo_in~.pd_linux,bcm2835_gpio_set_pud,19668,272,2,1,11,.symtab
stereo_in~.pd_linux,bcm2835_i2c_read_register_rs,20024,448,2,1,11,.symtab
tanh_approx~.pd_linux,/usr/lib/gcc/arm-linux-gnueabihf/8/../../../arm-linux-gnueabihf/crti.o,0,0,4,0,65521,.symtab
tanh_approx~.pd_linux,call_weak_fn,8512,0,2,0,11,.symtab
tanh_approx~.pd_linux,/usr/lib/gcc/arm-linux-gnueabihf/8/../../../arm-linux-gnueabihf/crtn.o,0,0,4,0,65521,.symtab
tanh_approx~.pd_linux,crtstuff.c,0,0,4,0,65521,.symtab
tanh_approx~.pd_linux,deregister_tm_clones,8548,0,2,0,11,.symtab
tanh_approx~.pd_linux,register_tm_clones,8616,0,2,0,11,.symtab
tanh_approx~.pd_linux,__do_global_dtors_aux,8696,0,2,0,11,.symtab
tanh_approx~.pd_linux,completed.10783,98580,1,1,0,20,.symtab
tanh_approx~.pd_linux,__do_global_dtors_aux_fini_array_entry,98044,0,1,0,16,.symtab
tanh_approx~.pd_linux,frame_dummy,8800,0,2,0,11,.symtab
tanh_approx~.pd_linux,__frame_dummy_init_array_entry,98040,0,1,0,15,.symtab
tanh_approx~.pd_linux,tanh_approx~.c,0,0,4,0,65521,.symtab
tanh_approx~.pd_linux,SAW,22948,2060,1,0,13,.symtab
tanh_approx~.pd_linux,GAUSS,25008,2060,1,0,13,.symtab
tanh_approx~.pd_linux,SQUARE,27068,2060,1,0,13,.symtab
tanh_approx~.pd_linux,pVal.9448,98520,1,1,0,19,.symtab
tanh_approx~.pd_linux,pVal.9453,98521,1,1,0,19,.symtab
tanh_approx~.pd_linux,pVal.9458,98522,1,1,0,19,.symtab
tanh_approx~.pd_linux,tanh_approx_tilde_class,98584,4,1,0,20,.symtab
tanh_approx~.pd_linux,time.9449,98588,4,1,0,20,.symtab
tanh_approx~.pd_linux,time.9454,98592,4,1,0,20,.symtab
tanh_approx~.pd_linux,time.9459,98596,4,1,0,20,.symtab
tanh_approx~.pd_linux,bcm2835.c,0,0,4,0,65521,.symtab
tanh_approx~.pd_linux,bcm2835_close.part.4,11832,84,2,0,11,.symtab
tanh_approx~.pd_linux,mapmem.constprop.5,11916,120,2,0,11,.symtab
tanh_approx~.pd_linux,bcm2835_gpio_pud.part.1,12416,24,2,0,11,.symtab
tanh_approx~.pd_linux,CSWTCH.158,29328,3,1,0,13,.symtab
tanh_approx~.pd_linux,bcm2835_byte_reverse_table,29332,256,1,0,13,.symtab
tanh_approx~.pd_linux,CSWTCH.159,29588,12,1,0,13,.symtab
tanh_approx~.pd_linux,bcm2835_spi_bit_order,98572,1,1,0,19,.symtab
tanh_approx~.pd_linux,debug,98600,1,1,0,20,.symtab
tanh_approx~.pd_linux,pud_type_rpi4,98601,1,1,0,20,.symtab
tanh_approx~.pd_linux,pud_compat_setting,98602,1,1,0,20,.symtab
tanh_approx~.pd_linux,spi1_speed,98604,4,1,0,20,.symtab
tanh_approx~.pd_linux,i2c_byte_wait_us,98608,4,1,0,20,.symtab
tanh_approx~.pd_linux,_udivsi3.o,0,0,4,0,65521,.symtab
tanh_approx~.pd_linux,.udivsi3_skip_div0_test,21824,0,0,0,11,.symtab
tanh_approx~.pd_linux,shift,0,0,0,0,65521,.symtab
tanh_approx~.pd_linux,_divsi3.o,0,0,4,0,65521,.symtab
tanh_approx~.pd_linux,.divsi3_skip_div0_test,22356,0,0,0,11,.symtab
tanh_approx~.pd_linux,shift,0,0,0,0,65521,.symtab
tanh_approx~.pd_linux,_dvmd_lnx.o,0,0,4,0,65521,.symtab
tanh_approx~.pd_linux,crtstuff.c,0,0,4,0,65521,.symtab
tanh_approx~.pd_linux,__FRAME_END__,29984,0,1,0,14,.symtab
tanh_approx~.pd_linux,__aeabi_uidiv,21824,0,2,0,11,.symtab
tanh_approx~.pd_linux,_fini,22940,0,2,0,12,.symtab
tanh_approx~.pd_linux,__aeabi_idivmod,22892,32,2,0,11,.symtab
tanh_approx~.pd_linux,__aeabi_ldiv0,22924,16,2,0,11,.symtab
tanh_approx~.pd_linux,__udivsi3,21824,492,2,0,11,.symtab
tanh_approx~.pd_linux,__dso_handle,98516,0,1,0,19,.symtab
tanh_approx~.pd_linux,__divsi3,22348,544,2,0,11,.symtab
tanh_approx~.pd_linux,__aeabi_idiv0,22924,16,2,0,11,.symtab
tanh_approx~.pd_linux,_DYNAMIC,98048,0,1,0,65521,.symtab
tanh_approx~.pd_linux,__aeabi_uidivmod,22316,32,2,0,11,.symtab
tanh_approx~.pd_linux,__TMC_END__,98580,0,1,0,19,.symtab
tanh_approx~.pd_linux,_GLOBAL_OFFSET_TABLE_,98304,0,1,0,65521,.symtab
tanh_approx~.pd_linux,__aeabi_idiv,22348,0,2,0,11,.symtab
tanh_approx~.pd_linux,_init,7996,0,2,0,9,.symtab
tanh_approx~.pd_linux,gensym,0,0,0,1,0,.symtab
tanh_approx~.pd_linux,bcm2835_aux_spi_begin,15676,176,2,1,11,.symtab
tanh_approx~.pd_linux,raise@@GLIBC_2.4,0,0,2,1,0,.symtab
tanh_approx~.pd_linux,bcm2835_spi_setDataMode,14320,24,2,1,11,.symtab
tanh_approx~.pd_linux,bcm2835_gpio_clr_hen,13176,44,2,1,11,.symtab
tanh_approx~.pd_linux,bcm2835_st_read,18436,144,2,1,11,.symtab
tanh_approx~.pd_linux,bcm2835_i2c_write,17536,368,2,1,11,.symtab
tanh_approx~.pd_linux,__cxa_finalize@@GLIBC_2.4,0,0,2,2,0,.symtab
tanh_approx~.pd_linux,captureFilter,10260,116,2,1,11,.symtab
tanh_approx~.pd_linux,bcm2835_gpio_lev,12736,60,2,1,11,.symtab
tanh_approx~.pd_linux,bcm2835_gpio_pudclk,19076,84,2,1,11,.symtab
tanh_approx~.pd_linux,_ITM_deregisterTMCloneTable,0,0,0,2,0,.symtab
tanh_approx~.pd_linux,bcm2835_gpio_len,13220,44,2,1,11,.symtab
tanh_approx~.pd_linux,bcm2835_gpio_clr_ren,13000,44,2,1,11,.symtab
tanh_approx~.pd_linux,bcm2835_pads,98544,4,1,1,19,.symtab
tanh_approx~.pd_linux,printf@@GLIBC_2.4,0,0,2,1,0,.symtab
tanh_approx~.pd_linux,fopen@@GLIBC_2.4,0,0,2,1,0,.symtab
tanh_approx~.pd_linux,bcm2835_version,12228,12,2,1,11,.symtab
tanh_approx~.pd_linux,bcm2835_gpio_clr_fen,13088,44,2,1,11,.symtab
tanh_approx~.pd_linux,bcm2835_pwm_set_range,20680,136,2,1,11,.symtab
tanh_approx~.pd_linux,bcm2835_peri_read,12240,64,2,1,11,.symtab
tanh_approx~.pd_linux,_setFwdLed,9988,52,2,1,11,.symtab
tanh_approx~.pd_linux,bcm2835_gpio_set,12608,40,2,1,11,.symtab
tanh_approx~.pd_linux,outlet_free,0,0,0,1,0,.symtab
tanh_approx~.pd_linux,pd_new,0,0,0,1,0,.symtab
tanh_approx~.pd_linux,nanosleep@@GLIBC_2.4,0,0,2,1,0,.symtab
tanh_approx~.pd_linux,malloc_aligned,20952,60,2,1,11,.symtab
tanh_approx~.pd_linux,bcm2835_pwm_set_mode,20504,176,2,1,11,.symtab
tanh_approx~.pd_linux,bcm2835_gpio_clr,12648,40,2,1,11,.symtab
tanh_approx~.pd_linux,bcm2835_st,98560,4,1,1,19,.symtab
tanh_approx~.pd_linux,bcm2835_gpio_set_multi,12688,24,2,1,11,.symtab
tanh_approx~.pd_linux,bcm2835_aux,98564,4,1,1,19,.symtab
tanh_approx~.pd_linux,bcm2835_bsc0,98552,4,1,1,19,.symtab
tanh_approx~.pd_linux,bcm2835_gpio_pud,13484,32,2,1,11,.symtab
tanh_approx~.pd_linux,makingWndArray,10492,1172,2,1,11,.symtab
tanh_approx~.pd_linux,bcm2835_spi_transfern,15376,12,2,1,11,.symtab
tanh_approx~.pd_linux,bcm2835_spi_setClockDivider,14240,24,2,1,11,.symtab
tanh_approx~.pd_linux,_setRevLed,10040,52,2,1,11,.symtab
tanh_approx~.pd_linux,tanh_approx_tilde_setup,11664,168,2,1,11,.symtab
tanh_approx~.pd_linux,tanh_approx_tilde_dsp,9404,84,2,1,11,.symtab
tanh_approx~.pd_linux,bcm2835_peripherals_size,98528,4,1,1,19,.symtab
tanh_approx~.pd_linux,strikeFilter,10376,116,2,1,11,.symtab
tanh_approx~.pd_linux,bcm2835_pwm_set_clock,20304,200,2,1,11,.symtab
tanh_approx~.pd_linux,bcm2835_gpio_aren,13308,44,2,1,11,.symtab
tanh_approx~.pd_linux,bcm2835_i2c_setClockDivider,17392,104,2,1,11,.symtab
tanh_approx~.pd_linux,bcm2835_clk,98540,4,1,1,19,.symtab
tanh_approx~.pd_linux,bcm2835_gpio_write_mask,13732,56,2,1,11,.symtab
tanh_approx~.pd_linux,bcm2835_peripherals,98524,4,1,1,19,.symtab
tanh_approx~.pd_linux,geteuid@@GLIBC_2.4,0,0,2,1,0,.symtab
tanh_approx~.pd_linux,bcm2835_spi0,98548,4,1,1,19,.symtab
tanh_approx~.pd_linux,stderr@@GLIBC_2.4,0,0,1,1,0,.symtab
tanh_approx~.pd_linux,bcm2835_i2c_end,17320,48,2,1,11,.symtab
tanh_approx~.pd_linux,bcm2835_peri_write,12360,56,2,1,11,.symtab
tanh_approx~.pd_linux,bcm2835_close,21780,44,2,1,11,.symtab
tanh_approx~.pd_linux,bcm2835_aux_spi_transfern,16948,12,2,1,11,.symtab
tanh_approx~.pd_linux,bcm2835_gpio_set_eds,12892,40,2,1,11,.symtab
tanh_approx~.pd_linux,bcm2835_gpio_fen,13044,44,2,1,11,.symtab
tanh_approx~.pd_linux,bcm2835_aux_spi_setClockDivider,16056,16,2,1,11,.symtab
tanh_approx~.pd_linux,bcm2835_gpio_pad,13516,40,2,1,11,.symtab
tanh_approx~.pd_linux,_setPlusLed,10092,52,2,1,11,.symtab
tanh_approx~.pd_linux,fread@@GLIBC_2.4,0,0,2,1,0,.symtab
tanh_approx~.pd_linux,bcm2835_gpio_eds_multi,12856,36,2,1,11,.symtab
tanh_approx~.pd_linux,bcm2835_peripherals_base,98576,4,1,1,19,.symtab
tanh_approx~.pd_linux,bcm2835_i2c_write_read_rs,19608,664,2,1,11,.symtab
tanh_approx~.pd_linux,bcm2835_spi_end,14120,104,2,1,11,.symtab
tanh_approx~.pd_linux,strerror@@GLIBC_2.4,0,0,2,1,0,.symtab
tanh_approx~.pd_linux,bcm2835_delay,13592,84,2,1,11,.symtab
tanh_approx~.pd_linux,shiftFilter,10144,116,2,1,11,.symtab
tanh_approx~.pd_linux,__gmon_start__,0,0,0,2,0,.symtab
tanh_approx~.pd_linux,bcm2835_i2c_setSlaveAddress,17368,24,2,1,11,.symtab
tanh_approx~.pd_linux,open@@GLIBC_2.4,0,0,2,1,0,.symtab
tanh_approx~.pd_linux,bcm2835_aux_spi_transfernb,16416,532,2,1,11,.symtab
tanh_approx~.pd_linux,bcm2835_gpio_clr_multi,12712,24,2,1,11,.symtab
tanh_approx~.pd_linux,bcm2835_spi_set_speed_hz,14264,56,2,1,11,.symtab
tanh_approx~.pd_linux,bcm2835_gpio_write_multi,13692,40,2,1,11,.symtab
tanh_approx~.pd_linux,mmap@@GLIBC_2.4,0,0,2,1,0,.symtab
tanh_approx~.pd_linux,bcm2835_spi_setChipSelectPolarity,15412,36,2,1,11,.symtab
tanh_approx~.pd_linux,bcm2835_gpio_set_eds_multi,12932,24,2,1,11,.symtab
tanh_approx~.pd_linux,_setTriggerOut,9968,20,2,1,11,.symtab
tanh_approx~.pd_linux,bcm2835_i2c_begin,17156,164,2,1,11,.symtab
tanh_approx~.pd_linux,bcm2835_aux_spi_end,15852,96,2,1,11,.symtab
tanh_approx~.pd_linux,bcm2835_pwm_set_data,20816,136,2,1,11,.symtab
tanh_approx~.pd_linux,fprintf@@GLIBC_2.4,0,0,2,1,0,.symtab
tanh_approx~.pd_linux,bcm2835_peri_set_bits,12488,44,2,1,11,.symtab
tanh_approx~.pd_linux,posix_memalign@@GLIBC_2.4,0,0,2,1,0,.symtab
tanh_approx~.pd_linux,__errno_location@@GLIBC_2.4,0,0,2,1,0,.symtab
tanh_approx~.pd_linux,wndArray,98612,208060,1,1,20,.symtab
tanh_approx~.pd_linux,bcm2835_set_debug,12212,16,2,1,11,.symtab
tanh_approx~.pd_linux,bcm2835_gpio_get_pud,13788,132,2,1,11,.symtab
tanh_approx~.pd_linux,getModeName,9620,196,2,1,11,.symtab
tanh_approx~.pd_linux,bcm2835_spi_transfernb,14588,432,2,1,11,.symtab
tanh_approx~.pd_linux,bcm2835_spi_chipSelect,15388,24,2,1,11,.symtab
tanh_approx~.pd_linux,bcm2835_i2c_set_baudrate,17496,40,2,1,11,.symtab
tanh_approx~.pd_linux,bcm2835_gpio_write,13676,16,2,1,11,.symtab
tanh_approx~.pd_linux,bcm2835_gpio_set_pad,13556,36,2,1,11,.symtab
tanh_approx~.pd_linux,bcm2835_spi_setBitOrder,14224,16,2,1,11,.symtab
tanh_approx~.pd_linux,bcm2835_i2c_read,17904,532,2,1,11,.symtab
tanh_approx~.pd_linux,bcm2835_regbase,12036,176,2,1,11,.symtab
tanh_approx~.pd_linux,fclose@@GLIBC_2.4,0,0,2,1,0,.symtab
tanh_approx~.pd_linux,bcm2835_bsc1,98556,4,1,1,19,.symtab
tanh_approx~.pd_linux,bcm2835_gpio_clr_afen,13440,44,2,1,11,.symtab
tanh_approx~.pd_linux,outlet_new,0,0,0,1,0,.symtab
tanh_approx~.pd_linux,inlet_free,0,0,0,1,0,.symtab
tanh_approx~.pd_linux,bcm2835_gpio_eds,12796,60,2,1,11,.symtab
tanh_approx~.pd_linux,dsp_add,0,0,0,1,0,.symtab
tanh_approx~.pd_linux,bcm2835_gpio_afen,13396,44,2,1,11,.symtab
tanh_approx~.pd_linux,munmap@@GLIBC_2.4,0,0,2,1,0,.symtab
tanh_approx~.pd_linux,bcm2835_pwm,98536,4,1,1,19,.symtab
tanh_approx~.pd_linux,bcm2835_gpio,98532,4,1,1,19,.symtab
tanh_approx~.pd_linux,bcm2835_aux_spi_writenb,16176,240,2,1,11,.symtab
tanh_approx~.pd_linux,bcm2835_aux_spi_write,16072,104,2,1,11,.symtab
tanh_approx~.pd_linux,class_new,0,0,0,1,0,.symtab
tanh_approx~.pd_linux,bcm2835_gpio_fsel,12532,76,2,1,11,.symtab
tanh_approx~.pd_linux,s_signal,0,0,0,1,0,.symtab
tanh_approx~.pd_linux,bcm2835_peri_read_nb,12304,56,2,1,11,.symtab
tanh_approx~.pd_linux,bcm2835_gpio_hen,13132,44,2,1,11,.symtab
tanh_approx~.pd_linux,bcm2835_init,21012,768,2,1,11,.symtab
tanh_approx~.pd_linux,bcm2835_spi_write,15448,228,2,1,11,.symtab
tanh_approx~.pd_linux,class_domainsignalin,0,0,0,1,0,.symtab
tanh_approx~.pd_linux,bcm2835_gpio_ren,12956,44,2,1,11,.symtab
tanh_approx~.pd_linux,bcm2835_spi1,98568,4,1,1,19,.symtab
tanh_approx~.pd_linux,bcm2835_delayMicroseconds,18580,224,2,1,11,.symtab
tanh_approx~.pd_linux,bcm2835_spi_writenb,15020,356,2,1,11,.symtab
tanh_approx~.pd_linux,bcm2835_peri_write_nb,12440,48,2,1,11,.symtab
tanh_approx~.pd_linux,_ITM_registerTMCloneTable,0,0,0,2,0,.symtab
tanh_approx~.pd_linux,tanh_approx_tilde_new,9516,104,2,1,11,.symtab
tanh_approx~.pd_linux,bcm2835_spi_transfer,14344,244,2,1,11,.symtab
tanh_approx~.pd_linux,bcm2835_st_delay,20272,32,2,1,11,.symtab
tanh_approx~.pd_linux,floatinlet_new,0,0,0,1,0,.symtab
tanh_approx~.pd_linux,bcm2835_aux_spi_CalcClockDivider,15948,108,2,1,11,.symtab
tanh_approx~.pd_linux,class_addmethod,0,0,0,1,0,.symtab
tanh_approx~.pd_linux,bcm2835_gpio_clr_aren,13352,44,2,1,11,.symtab
tanh_approx~.pd_linux,bcm2835_spi_begin,13920,200,2,1,11,.symtab
tanh_approx~.pd_linux,tanh_approx_tilde_free,9488,28,2,1,11,.symtab
tanh_approx~.pd_linux,close@@GLIBC_2.4,0,0,2,1,0,.symtab
tanh_approx~.pd_linux,getOnsetModeName,9816,152,2,1,11,.symtab
tanh_approx~.pd_linux,bcm2835_aux_spi_transfer,16960,196,2,1,11,.symtab
tanh_approx~.pd_linux,tanh_approx_tilde_perform,8808,596,2,1,11,.symtab
tanh_approx~.pd_linux,bcm2835_gpio_clr_len,13264,44,2,1,11,.symtab
tanh_approx~.pd_linux,bcm2835_gpio_set_pud,18804,272,2,1,11,.symtab
tanh_approx~.pd_linux,bcm2835_i2c_read_register_rs,19160,448,2,1,11,.symtab
terminal.pd_linux,/usr/lib/gcc/arm-linux-gnueabihf/8/../../../arm-linux-gnueabihf/crti.o,0,0,4,0,65521,.symtab
terminal.pd_linux,call_weak_fn,1720,0,2,0,11,.symtab
terminal.pd_linux,/usr/lib/gcc/arm-linux-gnueabihf/8/../../../arm-linux-gnueabihf/crtn.o,0,0,4,0,65521,.symtab
terminal.pd_linux,crtstuff.c,0,0,4,0,65521,.symtab
terminal.pd_linux,deregister_tm_clones,1756,0,2,0,11,.symtab
terminal.pd_linux,register_tm_clones,1824,0,2,0,11,.symtab
terminal.pd_linux,__do_global_dtors_aux,1904,0,2,0,11,.symtab
terminal.pd_linux,completed.10783,69756,1,1,0,20,.symtab
terminal.pd_linux,__do_global_dtors_aux_fini_array_entry,69388,0,1,0,16,.symtab
terminal.pd_linux,frame_dummy,2008,0,2,0,11,.symtab
terminal.pd_linux,__frame_dummy_init_array_entry,69384,0,1,0,15,.symtab
terminal.pd_linux,terminal.c,0,0,4,0,65521,.symtab
terminal.pd_linux,string.9217,69760,65535,1,0,20,.symtab
terminal.pd_linux,crtstuff.c,0,0,4,0,65521,.symtab
terminal.pd_linux,__FRAME_END__,3696,0,1,0,14,.symtab
terminal.pd_linux,_fini,3656,0,2,0,12,.symtab
terminal.pd_linux,__dso_handle,69752,0,1,0,19,.symtab
terminal.pd_linux,_DYNAMIC,69392,0,1,0,65521,.symtab
terminal.pd_linux,__TMC_END__,69756,0,1,0,19,.symtab
terminal.pd_linux,_GLOBAL_OFFSET_TABLE_,69632,0,1,0,65521,.symtab
terminal.pd_linux,_init,1460,0,2,0,9,.symtab
terminal.pd_linux,gensym,0,0,0,1,0,.symtab
terminal.pd_linux,__cxa_finalize@@GLIBC_2.4,0,0,2,2,0,.symtab
terminal.pd_linux,_ITM_deregisterTMCloneTable,0,0,0,2,0,.symtab
terminal.pd_linux,pd_new,0,0,0,1,0,.symtab
terminal.pd_linux,terminal_class,135296,4,1,1,20,.symtab
terminal.pd_linux,fgets@@GLIBC_2.4,0,0,2,1,0,.symtab
terminal.pd_linux,class_addbang,0,0,0,1,0,.symtab
terminal.pd_linux,terminal_parse,2472,1016,2,1,11,.symtab
terminal.pd_linux,strcat@@GLIBC_2.4,0,0,2,1,0,.symtab
terminal.pd_linux,strcpy@@GLIBC_2.4,0,0,2,1,0,.symtab
terminal.pd_linux,__gmon_start__,0,0,0,2,0,.symtab
terminal.pd_linux,strlen@@GLIBC_2.4,0,0,2,1,0,.symtab
terminal.pd_linux,strchr@@GLIBC_2.4,0,0,2,1,0,.symtab
terminal.pd_linux,terminal_setup,3488,168,2,1,11,.symtab
terminal.pd_linux,terminal_itoa,2232,240,2,1,11,.symtab
terminal.pd_linux,memset@@GLIBC_2.4,0,0,2,1,0,.symtab
terminal.pd_linux,terminal_new,2152,80,2,1,11,.symtab
terminal.pd_linux,outlet_new,0,0,0,1,0,.symtab
terminal.pd_linux,popen@@GLIBC_2.4,0,0,2,1,0,.symtab
terminal.pd_linux,class_new,0,0,0,1,0,.symtab
terminal.pd_linux,outlet_anything,0,0,0,1,0,.symtab
terminal.pd_linux,_ITM_registerTMCloneTable,0,0,0,2,0,.symtab
terminal.pd_linux,terminal_bang,2012,140,2,1,11,.symtab
terminal.pd_linux,class_addmethod,0,0,0,1,0,.symtab
terminal.pd_linux,pclose@@GLIBC_2.4,0,0,2,1,0,.symtab
