case,field,model,original_byte_probe
0,start,1,1
0,length,20000,20000
0,fade,5001,5001
0,start_plus_old_fade,513,513
0,end,20001,20001
0,end_plus_new_fade,25002,25002
0,cursor,200,200
0,cursor_enabled,False,0
0,start_previous,100,100
0,length_previous,100,100
1,start,1,1
1,length,20000,20000
1,fade,5001,5001
1,start_plus_old_fade,513,513
1,end,20001,20001
1,end_plus_new_fade,25002,25002
1,cursor,200,200
1,cursor_enabled,False,0
1,start_previous,100,100
1,length_previous,100,100
2,start,1,1
2,length,20000,20000
2,fade,5001,5001
2,start_plus_old_fade,513,513
2,end,20001,20001
2,end_plus_new_fade,25002,25002
2,cursor,200,200
2,cursor_enabled,False,0
2,start_previous,100,100
2,length_previous,100,100
3,start,1,1
3,length,20000,20000
3,fade,5001,5001
3,start_plus_old_fade,513,513
3,end,20001,20001
3,end_plus_new_fade,25002,25002
3,cursor,200,200
3,cursor_enabled,False,0
3,start_previous,100,100
3,length_previous,100,100
4,start,1,1
4,length,20000,20000
4,fade,5001,5001
4,start_plus_old_fade,513,513
4,end,20001,20001
4,end_plus_new_fade,25002,25002
4,cursor,200,200
4,cursor_enabled,False,0
4,start_previous,100,100
4,length_previous,100,100
5,start,1,1
5,length,20000,20000
5,fade,5001,5001
5,start_plus_old_fade,513,513
5,end,20001,20001
5,end_plus_new_fade,25002,25002
5,cursor,200,200
5,cursor_enabled,False,0
5,start_previous,100,100
5,length_previous,100,100
6,start,1,1
6,length,1280,1280
6,fade,5001,5001
6,start_plus_old_fade,513,513
6,end,20001,20001
6,end_plus_new_fade,25002,25002
6,cursor,200,200
6,cursor_enabled,False,0
6,start_previous,100,100
6,length_previous,100,100
7,start,1,1
7,length,1280,1280
7,fade,5001,5001
7,start_plus_old_fade,513,513
7,end,20001,20001
7,end_plus_new_fade,25002,25002
7,cursor,200,200
7,cursor_enabled,False,0
7,start_previous,100,100
7,length_previous,100,100
8,start,1,1
8,length,24578,24578
8,fade,5001,5001
8,start_plus_old_fade,513,513
8,end,20001,20001
8,end_plus_new_fade,25002,25002
8,cursor,200,200
8,cursor_enabled,False,0
8,start_previous,100,100
8,length_previous,100,100
9,start,1,1
9,length,24590,24590
9,fade,5001,5001
9,start_plus_old_fade,513,513
9,end,20001,20001
9,end_plus_new_fade,25002,25002
9,cursor,200,200
9,cursor_enabled,False,0
9,start_previous,100,100
9,length_previous,100,100
10,start,1,1
10,length,49156,49156
10,fade,5001,5001
10,start_plus_old_fade,513,513
10,end,20001,20001
10,end_plus_new_fade,25002,25002
10,cursor,200,200
10,cursor_enabled,False,0
10,start_previous,100,100
10,length_previous,100,100
11,start,1,1
11,length,49169,49169
11,fade,5001,5001
11,start_plus_old_fade,513,513
11,end,20001,20001
11,end_plus_new_fade,25002,25002
11,cursor,200,200
11,cursor_enabled,False,0
11,start_previous,100,100
11,length_previous,100,100
12,start,1,1
12,length,20000,20000
12,fade,5001,5001
12,start_plus_old_fade,513,513
12,end,20001,20001
12,end_plus_new_fade,25002,25002
12,cursor,200,200
12,cursor_enabled,False,0
12,start_previous,100,100
12,length_previous,100,100
13,start,12,12
13,length,20000,20000
13,fade,5001,5001
13,start_plus_old_fade,524,524
13,end,20012,20012
13,end_plus_new_fade,25013,25013
13,cursor,200,200
13,cursor_enabled,False,0
13,start_previous,100,100
13,length_previous,100,100
14,start,24578,24578
14,length,20000,20000
14,fade,5001,5001
14,start_plus_old_fade,25090,25090
14,end,44578,44578
14,end_plus_new_fade,49579,49579
14,cursor,200,200
14,cursor_enabled,False,0
14,start_previous,100,100
14,length_previous,100,100
15,start,24591,24591
15,length,20000,20000
15,fade,5001,5001
15,start_plus_old_fade,25103,25103
15,end,44591,44591
15,end_plus_new_fade,49592,49592
15,cursor,200,200
15,cursor_enabled,False,0
15,start_previous,100,100
15,length_previous,100,100
16,start,49157,49157
16,length,20000,20000
16,fade,5001,5001
16,start_plus_old_fade,49669,49669
16,end,19987,19987
16,end_plus_new_fade,24988,24988
16,cursor,200,200
16,cursor_enabled,False,0
16,start_previous,100,100
16,length_previous,100,100
17,start,49168,49168
17,length,20000,20000
17,fade,5001,5001
17,start_plus_old_fade,49680,49680
17,end,19998,19998
17,end_plus_new_fade,24999,24999
17,cursor,200,200
17,cursor_enabled,False,0
17,start_previous,100,100
17,length_previous,100,100
18,start,1,1
18,length,1280,1280
18,fade,5001,5001
18,start_plus_old_fade,513,513
18,end,20001,20001
18,end_plus_new_fade,25002,25002
18,cursor,200,200
18,cursor_enabled,False,0
18,start_previous,100,100
18,length_previous,100,100
19,start,12,12
19,length,1280,1280
19,fade,5001,5001
19,start_plus_old_fade,524,524
19,end,20012,20012
19,end_plus_new_fade,25013,25013
19,cursor,200,200
19,cursor_enabled,False,0
19,start_previous,100,100
19,length_previous,100,100
20,start,24578,24578
20,length,24578,24578
20,fade,5001,5001
20,start_plus_old_fade,25090,25090
20,end,44578,44578
20,end_plus_new_fade,49579,49579
20,cursor,200,200
20,cursor_enabled,False,0
20,start_previous,100,100
20,length_previous,100,100
21,start,24591,24591
21,length,24590,24590
21,fade,5001,5001
21,start_plus_old_fade,25103,25103
21,end,44591,44591
21,end_plus_new_fade,49592,49592
21,cursor,200,200
21,cursor_enabled,False,0
21,start_previous,100,100
21,length_previous,100,100
22,start,49157,49157
22,length,49156,49156
22,fade,5001,5001
22,start_plus_old_fade,49669,49669
22,end,19987,19987
22,end_plus_new_fade,24988,24988
22,cursor,200,200
22,cursor_enabled,False,0
22,start_previous,100,100
22,length_previous,100,100
23,start,49168,49168
23,length,49169,49169
23,fade,5001,5001
23,start_plus_old_fade,49680,49680
23,end,19998,19998
23,end_plus_new_fade,24999,24999
23,cursor,200,200
23,cursor_enabled,False,0
23,start_previous,100,100
23,length_previous,100,100
24,start,1,1
24,length,20000,20000
24,fade,5001,5001
24,start_plus_old_fade,513,513
24,end,20001,20001
24,end_plus_new_fade,25002,25002
24,cursor,200,200
24,cursor_enabled,False,0
24,start_previous,100,100
24,length_previous,100,100
25,start,1,1
25,length,20000,20000
25,fade,5001,5001
25,start_plus_old_fade,513,513
25,end,20001,20001
25,end_plus_new_fade,25002,25002
25,cursor,200,200
25,cursor_enabled,False,0
25,start_previous,100,100
25,length_previous,100,100
26,start,1,1
26,length,20000,20000
26,fade,5001,5001
26,start_plus_old_fade,513,513
26,end,20001,20001
26,end_plus_new_fade,25002,25002
26,cursor,200,200
26,cursor_enabled,False,0
26,start_previous,100,100
26,length_previous,100,100
27,start,1,1
27,length,20000,20000
27,fade,5001,5001
27,start_plus_old_fade,513,513
27,end,20001,20001
27,end_plus_new_fade,25002,25002
27,cursor,200,200
27,cursor_enabled,False,0
27,start_previous,100,100
27,length_previous,100,100
28,start,1,1
28,length,20000,20000
28,fade,5001,5001
28,start_plus_old_fade,513,513
28,end,20001,20001
28,end_plus_new_fade,25002,25002
28,cursor,200,200
28,cursor_enabled,False,0
28,start_previous,100,100
28,length_previous,100,100
29,start,1,1
29,length,20000,20000
29,fade,5001,5001
29,start_plus_old_fade,513,513
29,end,20001,20001
29,end_plus_new_fade,25002,25002
29,cursor,200,200
29,cursor_enabled,False,0
29,start_previous,100,100
29,length_previous,100,100
30,start,1,1
30,length,6146,6146
30,fade,5001,5001
30,start_plus_old_fade,513,513
30,end,20001,20001
30,end_plus_new_fade,25002,25002
30,cursor,200,200
30,cursor_enabled,False,0
30,start_previous,100,100
30,length_previous,100,100
31,start,1,1
31,length,6146,6146
31,fade,5001,5001
31,start_plus_old_fade,513,513
31,end,20001,20001
31,end_plus_new_fade,25002,25002
31,cursor,200,200
31,cursor_enabled,False,0
31,start_previous,100,100
31,length_previous,100,100
32,start,1,1
32,length,24584,24584
32,fade,5001,5001
32,start_plus_old_fade,513,513
32,end,20001,20001
32,end_plus_new_fade,25002,25002
32,cursor,200,200
32,cursor_enabled,False,0
32,start_previous,100,100
32,length_previous,100,100
33,start,1,1
33,length,30730,30730
33,fade,5001,5001
33,start_plus_old_fade,513,513
33,end,20001,20001
33,end_plus_new_fade,25002,25002
33,cursor,200,200
33,cursor_enabled,False,0
33,start_previous,100,100
33,length_previous,100,100
34,start,1,1
34,length,49168,49168
34,fade,5001,5001
34,start_plus_old_fade,513,513
34,end,20001,20001
34,end_plus_new_fade,25002,25002
34,cursor,200,200
34,cursor_enabled,False,0
34,start_previous,100,100
34,length_previous,100,100
35,start,1,1
35,length,49169,49169
35,fade,5001,5001
35,start_plus_old_fade,513,513
35,end,20001,20001
35,end_plus_new_fade,25002,25002
35,cursor,200,200
35,cursor_enabled,False,0
35,start_previous,100,100
35,length_previous,100,100
36,start,1,1
36,length,20000,20000
36,fade,5001,5001
36,start_plus_old_fade,513,513
36,end,20001,20001
36,end_plus_new_fade,25002,25002
36,cursor,200,200
36,cursor_enabled,False,0
36,start_previous,100,100
36,length_previous,100,100
37,start,12,12
37,length,20000,20000
37,fade,5001,5001
37,start_plus_old_fade,524,524
37,end,20012,20012
37,end_plus_new_fade,25013,25013
37,cursor,200,200
37,cursor_enabled,False,0
37,start_previous,100,100
37,length_previous,100,100
38,start,24578,24578
38,length,20000,20000
38,fade,5001,5001
38,start_plus_old_fade,25090,25090
38,end,44578,44578
38,end_plus_new_fade,49579,49579
38,cursor,200,200
38,cursor_enabled,False,0
38,start_previous,100,100
38,length_previous,100,100
39,start,24591,24591
39,length,20000,20000
39,fade,5001,5001
39,start_plus_old_fade,25103,25103
39,end,44591,44591
39,end_plus_new_fade,49592,49592
39,cursor,200,200
39,cursor_enabled,False,0
39,start_previous,100,100
39,length_previous,100,100
40,start,49157,49157
40,length,20000,20000
40,fade,5001,5001
40,start_plus_old_fade,49669,49669
40,end,19987,19987
40,end_plus_new_fade,24988,24988
40,cursor,200,200
40,cursor_enabled,False,0
40,start_previous,100,100
40,length_previous,100,100
41,start,49168,49168
41,length,20000,20000
41,fade,5001,5001
41,start_plus_old_fade,49680,49680
41,end,19998,19998
41,end_plus_new_fade,24999,24999
41,cursor,200,200
41,cursor_enabled,False,0
41,start_previous,100,100
41,length_previous,100,100
42,start,1,1
42,length,6146,6146
42,fade,5001,5001
42,start_plus_old_fade,513,513
42,end,20001,20001
42,end_plus_new_fade,25002,25002
42,cursor,200,200
42,cursor_enabled,False,0
42,start_previous,100,100
42,length_previous,100,100
43,start,12,12
43,length,6146,6146
43,fade,5001,5001
43,start_plus_old_fade,524,524
43,end,20012,20012
43,end_plus_new_fade,25013,25013
43,cursor,200,200
43,cursor_enabled,False,0
43,start_previous,100,100
43,length_previous,100,100
44,start,24578,24578
44,length,24584,24584
44,fade,5001,5001
44,start_plus_old_fade,25090,25090
44,end,44578,44578
44,end_plus_new_fade,49579,49579
44,cursor,200,200
44,cursor_enabled,False,0
44,start_previous,100,100
44,length_previous,100,100
45,start,24591,24591
45,length,30730,30730
45,fade,5001,5001
45,start_plus_old_fade,25103,25103
45,end,44591,44591
45,end_plus_new_fade,49592,49592
45,cursor,200,200
45,cursor_enabled,False,0
45,start_previous,100,100
45,length_previous,100,100
46,start,49157,49157
46,length,49168,49168
46,fade,5001,5001
46,start_plus_old_fade,49669,49669
46,end,19987,19987
46,end_plus_new_fade,24988,24988
46,cursor,200,200
46,cursor_enabled,False,0
46,start_previous,100,100
46,length_previous,100,100
47,start,49168,49168
47,length,49169,49169
47,fade,5001,5001
47,start_plus_old_fade,49680,49680
47,end,19998,19998
47,end_plus_new_fade,24999,24999
47,cursor,200,200
47,cursor_enabled,False,0
47,start_previous,100,100
47,length_previous,100,100
48,start,1,1
48,length,20000,20000
48,fade,5001,5001
48,start_plus_old_fade,513,513
48,end,20001,20001
48,end_plus_new_fade,25002,25002
48,cursor,200,200
48,cursor_enabled,False,0
48,start_previous,100,100
48,length_previous,100,100
49,start,1,1
49,length,20000,20000
49,fade,5001,5001
49,start_plus_old_fade,513,513
49,end,20001,20001
49,end_plus_new_fade,25002,25002
49,cursor,200,200
49,cursor_enabled,False,0
49,start_previous,100,100
49,length_previous,100,100
50,start,1,1
50,length,20000,20000
50,fade,5001,5001
50,start_plus_old_fade,513,513
50,end,20001,20001
50,end_plus_new_fade,25002,25002
50,cursor,200,200
50,cursor_enabled,False,0
50,start_previous,100,100
50,length_previous,100,100
51,start,1,1
51,length,20000,20000
51,fade,5001,5001
51,start_plus_old_fade,513,513
51,end,20001,20001
51,end_plus_new_fade,25002,25002
51,cursor,200,200
51,cursor_enabled,False,0
51,start_previous,100,100
51,length_previous,100,100
52,start,1,1
52,length,20000,20000
52,fade,5001,5001
52,start_plus_old_fade,513,513
52,end,20001,20001
52,end_plus_new_fade,25002,25002
52,cursor,200,200
52,cursor_enabled,False,0
52,start_previous,100,100
52,length_previous,100,100
53,start,1,1
53,length,20000,20000
53,fade,5001,5001
53,start_plus_old_fade,513,513
53,end,20001,20001
53,end_plus_new_fade,25002,25002
53,cursor,200,200
53,cursor_enabled,False,0
53,start_previous,100,100
53,length_previous,100,100
54,start,1,1
54,length,1280,1280
54,fade,5001,5001
54,start_plus_old_fade,513,513
54,end,20001,20001
54,end_plus_new_fade,25002,25002
54,cursor,200,200
54,cursor_enabled,False,0
54,start_previous,100,100
54,length_previous,100,100
55,start,1,1
55,length,1280,1280
55,fade,5001,5001
55,start_plus_old_fade,513,513
55,end,20001,20001
55,end_plus_new_fade,25002,25002
55,cursor,200,200
55,cursor_enabled,False,0
55,start_previous,100,100
55,length_previous,100,100
56,start,1,1
56,length,24578,24578
56,fade,5001,5001
56,start_plus_old_fade,513,513
56,end,20001,20001
56,end_plus_new_fade,25002,25002
56,cursor,200,200
56,cursor_enabled,False,0
56,start_previous,100,100
56,length_previous,100,100
57,start,1,1
57,length,24590,24590
57,fade,5001,5001
57,start_plus_old_fade,513,513
57,end,20001,20001
57,end_plus_new_fade,25002,25002
57,cursor,200,200
57,cursor_enabled,False,0
57,start_previous,100,100
57,length_previous,100,100
58,start,1,1
58,length,49156,49156
58,fade,5001,5001
58,start_plus_old_fade,513,513
58,end,20001,20001
58,end_plus_new_fade,25002,25002
58,cursor,200,200
58,cursor_enabled,False,0
58,start_previous,100,100
58,length_previous,100,100
59,start,1,1
59,length,49169,49169
59,fade,5001,5001
59,start_plus_old_fade,513,513
59,end,20001,20001
59,end_plus_new_fade,25002,25002
59,cursor,200,200
59,cursor_enabled,False,0
59,start_previous,100,100
59,length_previous,100,100
60,start,0,0
60,length,20000,20000
60,fade,5001,5001
60,start_plus_old_fade,512,512
60,end,20000,20000
60,end_plus_new_fade,25001,25001
60,cursor,200,200
60,cursor_enabled,False,0
60,start_previous,100,100
60,length_previous,100,100
61,start,0,0
61,length,20000,20000
61,fade,5001,5001
61,start_plus_old_fade,512,512
61,end,20000,20000
61,end_plus_new_fade,25001,25001
61,cursor,200,200
61,cursor_enabled,False,0
61,start_previous,100,100
61,length_previous,100,100
62,start,18438,18438
62,length,20000,20000
62,fade,5001,5001
62,start_plus_old_fade,18950,18950
62,end,38438,38438
62,end_plus_new_fade,43439,43439
62,cursor,200,200
62,cursor_enabled,False,0
62,start_previous,100,100
62,length_previous,100,100
63,start,24584,24584
63,length,20000,20000
63,fade,5001,5001
63,start_plus_old_fade,25096,25096
63,end,44584,44584
63,end_plus_new_fade,49585,49585
63,cursor,200,200
63,cursor_enabled,False,0
63,start_previous,100,100
63,length_previous,100,100
64,start,43022,43022
64,length,20000,20000
64,fade,5001,5001
64,start_plus_old_fade,43534,43534
64,end,13852,13852
64,end_plus_new_fade,18853,18853
64,cursor,200,200
64,cursor_enabled,False,0
64,start_previous,100,100
64,length_previous,100,100
65,start,49168,49168
65,length,20000,20000
65,fade,5001,5001
65,start_plus_old_fade,49680,49680
65,end,19998,19998
65,end_plus_new_fade,24999,24999
65,cursor,200,200
65,cursor_enabled,False,0
65,start_previous,100,100
65,length_previous,100,100
66,start,0,0
66,length,1280,1280
66,fade,5001,5001
66,start_plus_old_fade,512,512
66,end,20000,20000
66,end_plus_new_fade,25001,25001
66,cursor,200,200
66,cursor_enabled,False,0
66,start_previous,100,100
66,length_previous,100,100
67,start,0,0
67,length,1280,1280
67,fade,5001,5001
67,start_plus_old_fade,512,512
67,end,20000,20000
67,end_plus_new_fade,25001,25001
67,cursor,200,200
67,cursor_enabled,False,0
67,start_previous,100,100
67,length_previous,100,100
68,start,18438,18438
68,length,24578,24578
68,fade,5001,5001
68,start_plus_old_fade,18950,18950
68,end,38438,38438
68,end_plus_new_fade,43439,43439
68,cursor,200,200
68,cursor_enabled,False,0
68,start_previous,100,100
68,length_previous,100,100
69,start,24584,24584
69,length,24590,24590
69,fade,5001,5001
69,start_plus_old_fade,25096,25096
69,end,44584,44584
69,end_plus_new_fade,49585,49585
69,cursor,200,200
69,cursor_enabled,False,0
69,start_previous,100,100
69,length_previous,100,100
70,start,43022,43022
70,length,49156,49156
70,fade,5001,5001
70,start_plus_old_fade,43534,43534
70,end,13852,13852
70,end_plus_new_fade,18853,18853
70,cursor,200,200
70,cursor_enabled,False,0
70,start_previous,100,100
70,length_previous,100,100
71,start,49168,49168
71,length,49169,49169
71,fade,5001,5001
71,start_plus_old_fade,49680,49680
71,end,19998,19998
71,end_plus_new_fade,24999,24999
71,cursor,200,200
71,cursor_enabled,False,0
71,start_previous,100,100
71,length_previous,100,100
72,start,1,1
72,length,20000,20000
72,fade,5001,5001
72,start_plus_old_fade,513,513
72,end,20001,20001
72,end_plus_new_fade,25002,25002
72,cursor,200,200
72,cursor_enabled,False,0
72,start_previous,100,100
72,length_previous,100,100
73,start,1,1
73,length,20000,20000
73,fade,5001,5001
73,start_plus_old_fade,513,513
73,end,20001,20001
73,end_plus_new_fade,25002,25002
73,cursor,200,200
73,cursor_enabled,False,0
73,start_previous,100,100
73,length_previous,100,100
74,start,1,1
74,length,20000,20000
74,fade,5001,5001
74,start_plus_old_fade,513,513
74,end,20001,20001
74,end_plus_new_fade,25002,25002
74,cursor,200,200
74,cursor_enabled,False,0
74,start_previous,100,100
74,length_previous,100,100
75,start,1,1
75,length,20000,20000
75,fade,5001,5001
75,start_plus_old_fade,513,513
75,end,20001,20001
75,end_plus_new_fade,25002,25002
75,cursor,200,200
75,cursor_enabled,False,0
75,start_previous,100,100
75,length_previous,100,100
76,start,1,1
76,length,20000,20000
76,fade,5001,5001
76,start_plus_old_fade,513,513
76,end,20001,20001
76,end_plus_new_fade,25002,25002
76,cursor,200,200
76,cursor_enabled,False,0
76,start_previous,100,100
76,length_previous,100,100
77,start,1,1
77,length,20000,20000
77,fade,5001,5001
77,start_plus_old_fade,513,513
77,end,20001,20001
77,end_plus_new_fade,25002,25002
77,cursor,200,200
77,cursor_enabled,False,0
77,start_previous,100,100
77,length_previous,100,100
78,start,1,1
78,length,6146,6146
78,fade,5001,5001
78,start_plus_old_fade,513,513
78,end,20001,20001
78,end_plus_new_fade,25002,25002
78,cursor,200,200
78,cursor_enabled,False,0
78,start_previous,100,100
78,length_previous,100,100
79,start,1,1
79,length,6146,6146
79,fade,5001,5001
79,start_plus_old_fade,513,513
79,end,20001,20001
79,end_plus_new_fade,25002,25002
79,cursor,200,200
79,cursor_enabled,False,0
79,start_previous,100,100
79,length_previous,100,100
80,start,1,1
80,length,24584,24584
80,fade,5001,5001
80,start_plus_old_fade,513,513
80,end,20001,20001
80,end_plus_new_fade,25002,25002
80,cursor,200,200
80,cursor_enabled,False,0
80,start_previous,100,100
80,length_previous,100,100
81,start,1,1
81,length,30730,30730
81,fade,5001,5001
81,start_plus_old_fade,513,513
81,end,20001,20001
81,end_plus_new_fade,25002,25002
81,cursor,200,200
81,cursor_enabled,False,0
81,start_previous,100,100
81,length_previous,100,100
82,start,1,1
82,length,49168,49168
82,fade,5001,5001
82,start_plus_old_fade,513,513
82,end,20001,20001
82,end_plus_new_fade,25002,25002
82,cursor,200,200
82,cursor_enabled,False,0
82,start_previous,100,100
82,length_previous,100,100
83,start,1,1
83,length,49169,49169
83,fade,5001,5001
83,start_plus_old_fade,513,513
83,end,20001,20001
83,end_plus_new_fade,25002,25002
83,cursor,200,200
83,cursor_enabled,False,0
83,start_previous,100,100
83,length_previous,100,100
84,start,0,0
84,length,20000,20000
84,fade,5001,5001
84,start_plus_old_fade,512,512
84,end,20000,20000
84,end_plus_new_fade,25001,25001
84,cursor,200,200
84,cursor_enabled,False,0
84,start_previous,100,100
84,length_previous,100,100
85,start,0,0
85,length,20000,20000
85,fade,5001,5001
85,start_plus_old_fade,512,512
85,end,20000,20000
85,end_plus_new_fade,25001,25001
85,cursor,200,200
85,cursor_enabled,False,0
85,start_previous,100,100
85,length_previous,100,100
86,start,18438,18438
86,length,20000,20000
86,fade,5001,5001
86,start_plus_old_fade,18950,18950
86,end,38438,38438
86,end_plus_new_fade,43439,43439
86,cursor,200,200
86,cursor_enabled,False,0
86,start_previous,100,100
86,length_previous,100,100
87,start,24584,24584
87,length,20000,20000
87,fade,5001,5001
87,start_plus_old_fade,25096,25096
87,end,44584,44584
87,end_plus_new_fade,49585,49585
87,cursor,200,200
87,cursor_enabled,False,0
87,start_previous,100,100
87,length_previous,100,100
88,start,43022,43022
88,length,20000,20000
88,fade,5001,5001
88,start_plus_old_fade,43534,43534
88,end,13852,13852
88,end_plus_new_fade,18853,18853
88,cursor,200,200
88,cursor_enabled,False,0
88,start_previous,100,100
88,length_previous,100,100
89,start,49168,49168
89,length,20000,20000
89,fade,5001,5001
89,start_plus_old_fade,49680,49680
89,end,19998,19998
89,end_plus_new_fade,24999,24999
89,cursor,200,200
89,cursor_enabled,False,0
89,start_previous,100,100
89,length_previous,100,100
90,start,0,0
90,length,6146,6146
90,fade,5001,5001
90,start_plus_old_fade,512,512
90,end,20000,20000
90,end_plus_new_fade,25001,25001
90,cursor,200,200
90,cursor_enabled,False,0
90,start_previous,100,100
90,length_previous,100,100
91,start,0,0
91,length,6146,6146
91,fade,5001,5001
91,start_plus_old_fade,512,512
91,end,20000,20000
91,end_plus_new_fade,25001,25001
91,cursor,200,200
91,cursor_enabled,False,0
91,start_previous,100,100
91,length_previous,100,100
92,start,18438,18438
92,length,24584,24584
92,fade,5001,5001
92,start_plus_old_fade,18950,18950
92,end,38438,38438
92,end_plus_new_fade,43439,43439
92,cursor,200,200
92,cursor_enabled,False,0
92,start_previous,100,100
92,length_previous,100,100
93,start,24584,24584
93,length,30730,30730
93,fade,5001,5001
93,start_plus_old_fade,25096,25096
93,end,44584,44584
93,end_plus_new_fade,49585,49585
93,cursor,200,200
93,cursor_enabled,False,0
93,start_previous,100,100
93,length_previous,100,100
94,start,43022,43022
94,length,49168,49168
94,fade,5001,5001
94,start_plus_old_fade,43534,43534
94,end,13852,13852
94,end_plus_new_fade,18853,18853
94,cursor,200,200
94,cursor_enabled,False,0
94,start_previous,100,100
94,length_previous,100,100
95,start,49168,49168
95,length,49169,49169
95,fade,5001,5001
95,start_plus_old_fade,49680,49680
95,end,19998,19998
95,end_plus_new_fade,24999,24999
95,cursor,200,200
95,cursor_enabled,False,0
95,start_previous,100,100
95,length_previous,100,100
96,start,1,1
96,length,1280,1280
96,fade,5001,5001
96,start_plus_old_fade,513,513
96,end,20001,20001
96,end_plus_new_fade,25002,25002
96,cursor,200,200
96,cursor_enabled,False,0
96,start_previous,100,100
96,length_previous,100,100
97,start,12,12
97,length,1280,1280
97,fade,5001,5001
97,start_plus_old_fade,524,524
97,end,20012,20012
97,end_plus_new_fade,25013,25013
97,cursor,200,200
97,cursor_enabled,False,0
97,start_previous,100,100
97,length_previous,100,100
98,start,24578,24578
98,length,24578,24578
98,fade,5001,5001
98,start_plus_old_fade,25090,25090
98,end,44578,44578
98,end_plus_new_fade,49579,49579
98,cursor,200,200
98,cursor_enabled,False,0
98,start_previous,100,100
98,length_previous,100,100
99,start,24591,24591
99,length,24590,24590
99,fade,5001,5001
99,start_plus_old_fade,25103,25103
99,end,44591,44591
99,end_plus_new_fade,49592,49592
99,cursor,200,200
99,cursor_enabled,False,0
99,start_previous,100,100
99,length_previous,100,100
100,start,49157,49157
100,length,49156,49156
100,fade,5001,5001
100,start_plus_old_fade,49669,49669
100,end,19987,19987
100,end_plus_new_fade,24988,24988
100,cursor,200,200
100,cursor_enabled,False,0
100,start_previous,100,100
100,length_previous,100,100
101,start,49168,49168
101,length,49169,49169
101,fade,5001,5001
101,start_plus_old_fade,49680,49680
101,end,19998,19998
101,end_plus_new_fade,24999,24999
101,cursor,200,200
101,cursor_enabled,False,0
101,start_previous,100,100
101,length_previous,100,100
102,start,1,1
102,length,1280,1280
102,fade,5001,5001
102,start_plus_old_fade,513,513
102,end,20001,20001
102,end_plus_new_fade,25002,25002
102,cursor,200,200
102,cursor_enabled,False,0
102,start_previous,100,100
102,length_previous,100,100
103,start,12,12
103,length,1280,1280
103,fade,5001,5001
103,start_plus_old_fade,524,524
103,end,20012,20012
103,end_plus_new_fade,25013,25013
103,cursor,200,200
103,cursor_enabled,False,0
103,start_previous,100,100
103,length_previous,100,100
104,start,24578,24578
104,length,24578,24578
104,fade,5001,5001
104,start_plus_old_fade,25090,25090
104,end,44578,44578
104,end_plus_new_fade,49579,49579
104,cursor,200,200
104,cursor_enabled,False,0
104,start_previous,100,100
104,length_previous,100,100
105,start,24591,24591
105,length,24590,24590
105,fade,5001,5001
105,start_plus_old_fade,25103,25103
105,end,44591,44591
105,end_plus_new_fade,49592,49592
105,cursor,200,200
105,cursor_enabled,False,0
105,start_previous,100,100
105,length_previous,100,100
106,start,49157,49157
106,length,49156,49156
106,fade,5001,5001
106,start_plus_old_fade,49669,49669
106,end,19987,19987
106,end_plus_new_fade,24988,24988
106,cursor,200,200
106,cursor_enabled,False,0
106,start_previous,100,100
106,length_previous,100,100
107,start,49168,49168
107,length,49169,49169
107,fade,5001,5001
107,start_plus_old_fade,49680,49680
107,end,19998,19998
107,end_plus_new_fade,24999,24999
107,cursor,200,200
107,cursor_enabled,False,0
107,start_previous,100,100
107,length_previous,100,100
108,start,1,1
108,length,1280,1280
108,fade,5001,5001
108,start_plus_old_fade,513,513
108,end,20001,20001
108,end_plus_new_fade,25002,25002
108,cursor,200,200
108,cursor_enabled,False,0
108,start_previous,100,100
108,length_previous,100,100
109,start,12,12
109,length,1280,1280
109,fade,5001,5001
109,start_plus_old_fade,524,524
109,end,20012,20012
109,end_plus_new_fade,25013,25013
109,cursor,200,200
109,cursor_enabled,False,0
109,start_previous,100,100
109,length_previous,100,100
110,start,24578,24578
110,length,24578,24578
110,fade,5001,5001
110,start_plus_old_fade,25090,25090
110,end,44578,44578
110,end_plus_new_fade,49579,49579
110,cursor,200,200
110,cursor_enabled,False,0
110,start_previous,100,100
110,length_previous,100,100
111,start,24591,24591
111,length,24590,24590
111,fade,5001,5001
111,start_plus_old_fade,25103,25103
111,end,44591,44591
111,end_plus_new_fade,49592,49592
111,cursor,200,200
111,cursor_enabled,False,0
111,start_previous,100,100
111,length_previous,100,100
112,start,49157,49157
112,length,49156,49156
112,fade,5001,5001
112,start_plus_old_fade,49669,49669
112,end,19987,19987
112,end_plus_new_fade,24988,24988
112,cursor,200,200
112,cursor_enabled,False,0
112,start_previous,100,100
112,length_previous,100,100
113,start,49168,49168
113,length,49169,49169
113,fade,5001,5001
113,start_plus_old_fade,49680,49680
113,end,19998,19998
113,end_plus_new_fade,24999,24999
113,cursor,200,200
113,cursor_enabled,False,0
113,start_previous,100,100
113,length_previous,100,100
114,start,1,1
114,length,1280,1280
114,fade,5001,5001
114,start_plus_old_fade,513,513
114,end,20001,20001
114,end_plus_new_fade,25002,25002
114,cursor,200,200
114,cursor_enabled,False,0
114,start_previous,100,100
114,length_previous,100,100
115,start,12,12
115,length,1280,1280
115,fade,5001,5001
115,start_plus_old_fade,524,524
115,end,20012,20012
115,end_plus_new_fade,25013,25013
115,cursor,200,200
115,cursor_enabled,False,0
115,start_previous,100,100
115,length_previous,100,100
116,start,24578,24578
116,length,24578,24578
116,fade,5001,5001
116,start_plus_old_fade,25090,25090
116,end,44578,44578
116,end_plus_new_fade,49579,49579
116,cursor,200,200
116,cursor_enabled,False,0
116,start_previous,100,100
116,length_previous,100,100
117,start,24591,24591
117,length,24590,24590
117,fade,5001,5001
117,start_plus_old_fade,25103,25103
117,end,44591,44591
117,end_plus_new_fade,49592,49592
117,cursor,200,200
117,cursor_enabled,False,0
117,start_previous,100,100
117,length_previous,100,100
118,start,49157,49157
118,length,49156,49156
118,fade,5001,5001
118,start_plus_old_fade,49669,49669
118,end,19987,19987
118,end_plus_new_fade,24988,24988
118,cursor,200,200
118,cursor_enabled,False,0
118,start_previous,100,100
118,length_previous,100,100
119,start,49168,49168
119,length,49169,49169
119,fade,5001,5001
119,start_plus_old_fade,49680,49680
119,end,19998,19998
119,end_plus_new_fade,24999,24999
119,cursor,200,200
119,cursor_enabled,False,0
119,start_previous,100,100
119,length_previous,100,100
120,start,1,1
120,length,6146,6146
120,fade,5001,5001
120,start_plus_old_fade,513,513
120,end,20001,20001
120,end_plus_new_fade,25002,25002
120,cursor,200,200
120,cursor_enabled,False,0
120,start_previous,100,100
120,length_previous,100,100
121,start,12,12
121,length,6146,6146
121,fade,5001,5001
121,start_plus_old_fade,524,524
121,end,20012,20012
121,end_plus_new_fade,25013,25013
121,cursor,200,200
121,cursor_enabled,False,0
121,start_previous,100,100
121,length_previous,100,100
122,start,24578,24578
122,length,24584,24584
122,fade,5001,5001
122,start_plus_old_fade,25090,25090
122,end,44578,44578
122,end_plus_new_fade,49579,49579
122,cursor,200,200
122,cursor_enabled,False,0
122,start_previous,100,100
122,length_previous,100,100
123,start,24591,24591
123,length,30730,30730
123,fade,5001,5001
123,start_plus_old_fade,25103,25103
123,end,44591,44591
123,end_plus_new_fade,49592,49592
123,cursor,200,200
123,cursor_enabled,False,0
123,start_previous,100,100
123,length_previous,100,100
124,start,49157,49157
124,length,49168,49168
124,fade,5001,5001
124,start_plus_old_fade,49669,49669
124,end,19987,19987
124,end_plus_new_fade,24988,24988
124,cursor,200,200
124,cursor_enabled,False,0
124,start_previous,100,100
124,length_previous,100,100
125,start,49168,49168
125,length,49169,49169
125,fade,5001,5001
125,start_plus_old_fade,49680,49680
125,end,19998,19998
125,end_plus_new_fade,24999,24999
125,cursor,200,200
125,cursor_enabled,False,0
125,start_previous,100,100
125,length_previous,100,100
126,start,1,1
126,length,6146,6146
126,fade,5001,5001
126,start_plus_old_fade,513,513
126,end,20001,20001
126,end_plus_new_fade,25002,25002
126,cursor,200,200
126,cursor_enabled,False,0
126,start_previous,100,100
126,length_previous,100,100
127,start,12,12
127,length,6146,6146
127,fade,5001,5001
127,start_plus_old_fade,524,524
127,end,20012,20012
127,end_plus_new_fade,25013,25013
127,cursor,200,200
127,cursor_enabled,False,0
127,start_previous,100,100
127,length_previous,100,100
128,start,24578,24578
128,length,24584,24584
128,fade,5001,5001
128,start_plus_old_fade,25090,25090
128,end,44578,44578
128,end_plus_new_fade,49579,49579
128,cursor,200,200
128,cursor_enabled,False,0
128,start_previous,100,100
128,length_previous,100,100
129,start,24591,24591
129,length,30730,30730
129,fade,5001,5001
129,start_plus_old_fade,25103,25103
129,end,44591,44591
129,end_plus_new_fade,49592,49592
129,cursor,200,200
129,cursor_enabled,False,0
129,start_previous,100,100
129,length_previous,100,100
130,start,49157,49157
130,length,49168,49168
130,fade,5001,5001
130,start_plus_old_fade,49669,49669
130,end,19987,19987
130,end_plus_new_fade,24988,24988
130,cursor,200,200
130,cursor_enabled,False,0
130,start_previous,100,100
130,length_previous,100,100
131,start,49168,49168
131,length,49169,49169
131,fade,5001,5001
131,start_plus_old_fade,49680,49680
131,end,19998,19998
131,end_plus_new_fade,24999,24999
131,cursor,200,200
131,cursor_enabled,False,0
131,start_previous,100,100
131,length_previous,100,100
132,start,1,1
132,length,6146,6146
132,fade,5001,5001
132,start_plus_old_fade,513,513
132,end,20001,20001
132,end_plus_new_fade,25002,25002
132,cursor,200,200
132,cursor_enabled,False,0
132,start_previous,100,100
132,length_previous,100,100
133,start,12,12
133,length,6146,6146
133,fade,5001,5001
133,start_plus_old_fade,524,524
133,end,20012,20012
133,end_plus_new_fade,25013,25013
133,cursor,200,200
133,cursor_enabled,False,0
133,start_previous,100,100
133,length_previous,100,100
134,start,24578,24578
134,length,24584,24584
134,fade,5001,5001
134,start_plus_old_fade,25090,25090
134,end,44578,44578
134,end_plus_new_fade,49579,49579
134,cursor,200,200
134,cursor_enabled,False,0
134,start_previous,100,100
134,length_previous,100,100
135,start,24591,24591
135,length,30730,30730
135,fade,5001,5001
135,start_plus_old_fade,25103,25103
135,end,44591,44591
135,end_plus_new_fade,49592,49592
135,cursor,200,200
135,cursor_enabled,False,0
135,start_previous,100,100
135,length_previous,100,100
136,start,49157,49157
136,length,49168,49168
136,fade,5001,5001
136,start_plus_old_fade,49669,49669
136,end,19987,19987
136,end_plus_new_fade,24988,24988
136,cursor,200,200
136,cursor_enabled,False,0
136,start_previous,100,100
136,length_previous,100,100
137,start,49168,49168
137,length,49169,49169
137,fade,5001,5001
137,start_plus_old_fade,49680,49680
137,end,19998,19998
137,end_plus_new_fade,24999,24999
137,cursor,200,200
137,cursor_enabled,False,0
137,start_previous,100,100
137,length_previous,100,100
138,start,1,1
138,length,6146,6146
138,fade,5001,5001
138,start_plus_old_fade,513,513
138,end,20001,20001
138,end_plus_new_fade,25002,25002
138,cursor,200,200
138,cursor_enabled,False,0
138,start_previous,100,100
138,length_previous,100,100
139,start,12,12
139,length,6146,6146
139,fade,5001,5001
139,start_plus_old_fade,524,524
139,end,20012,20012
139,end_plus_new_fade,25013,25013
139,cursor,200,200
139,cursor_enabled,False,0
139,start_previous,100,100
139,length_previous,100,100
140,start,24578,24578
140,length,24584,24584
140,fade,5001,5001
140,start_plus_old_fade,25090,25090
140,end,44578,44578
140,end_plus_new_fade,49579,49579
140,cursor,200,200
140,cursor_enabled,False,0
140,start_previous,100,100
140,length_previous,100,100
141,start,24591,24591
141,length,30730,30730
141,fade,5001,5001
141,start_plus_old_fade,25103,25103
141,end,44591,44591
141,end_plus_new_fade,49592,49592
141,cursor,200,200
141,cursor_enabled,False,0
141,start_previous,100,100
141,length_previous,100,100
142,start,49157,49157
142,length,49168,49168
142,fade,5001,5001
142,start_plus_old_fade,49669,49669
142,end,19987,19987
142,end_plus_new_fade,24988,24988
142,cursor,200,200
142,cursor_enabled,False,0
142,start_previous,100,100
142,length_previous,100,100
143,start,49168,49168
143,length,49169,49169
143,fade,5001,5001
143,start_plus_old_fade,49680,49680
143,end,19998,19998
143,end_plus_new_fade,24999,24999
143,cursor,200,200
143,cursor_enabled,False,0
143,start_previous,100,100
143,length_previous,100,100
144,start,0,0
144,length,1280,1280
144,fade,5001,5001
144,start_plus_old_fade,512,512
144,end,20000,20000
144,end_plus_new_fade,25001,25001
144,cursor,200,200
144,cursor_enabled,False,0
144,start_previous,100,100
144,length_previous,100,100
145,start,0,0
145,length,1280,1280
145,fade,5001,5001
145,start_plus_old_fade,512,512
145,end,20000,20000
145,end_plus_new_fade,25001,25001
145,cursor,200,200
145,cursor_enabled,False,0
145,start_previous,100,100
145,length_previous,100,100
146,start,18438,18438
146,length,24578,24578
146,fade,5001,5001
146,start_plus_old_fade,18950,18950
146,end,38438,38438
146,end_plus_new_fade,43439,43439
146,cursor,200,200
146,cursor_enabled,False,0
146,start_previous,100,100
146,length_previous,100,100
147,start,24584,24584
147,length,24590,24590
147,fade,5001,5001
147,start_plus_old_fade,25096,25096
147,end,44584,44584
147,end_plus_new_fade,49585,49585
147,cursor,200,200
147,cursor_enabled,False,0
147,start_previous,100,100
147,length_previous,100,100
148,start,43022,43022
148,length,49156,49156
148,fade,5001,5001
148,start_plus_old_fade,43534,43534
148,end,13852,13852
148,end_plus_new_fade,18853,18853
148,cursor,200,200
148,cursor_enabled,False,0
148,start_previous,100,100
148,length_previous,100,100
149,start,49168,49168
149,length,49169,49169
149,fade,5001,5001
149,start_plus_old_fade,49680,49680
149,end,19998,19998
149,end_plus_new_fade,24999,24999
149,cursor,200,200
149,cursor_enabled,False,0
149,start_previous,100,100
149,length_previous,100,100
150,start,0,0
150,length,1280,1280
150,fade,5001,5001
150,start_plus_old_fade,512,512
150,end,20000,20000
150,end_plus_new_fade,25001,25001
150,cursor,200,200
150,cursor_enabled,False,0
150,start_previous,100,100
150,length_previous,100,100
151,start,0,0
151,length,1280,1280
151,fade,5001,5001
151,start_plus_old_fade,512,512
151,end,20000,20000
151,end_plus_new_fade,25001,25001
151,cursor,200,200
151,cursor_enabled,False,0
151,start_previous,100,100
151,length_previous,100,100
152,start,18438,18438
152,length,24578,24578
152,fade,5001,5001
152,start_plus_old_fade,18950,18950
152,end,38438,38438
152,end_plus_new_fade,43439,43439
152,cursor,200,200
152,cursor_enabled,False,0
152,start_previous,100,100
152,length_previous,100,100
153,start,24584,24584
153,length,24590,24590
153,fade,5001,5001
153,start_plus_old_fade,25096,25096
153,end,44584,44584
153,end_plus_new_fade,49585,49585
153,cursor,200,200
153,cursor_enabled,False,0
153,start_previous,100,100
153,length_previous,100,100
154,start,43022,43022
154,length,49156,49156
154,fade,5001,5001
154,start_plus_old_fade,43534,43534
154,end,13852,13852
154,end_plus_new_fade,18853,18853
154,cursor,200,200
154,cursor_enabled,False,0
154,start_previous,100,100
154,length_previous,100,100
155,start,49168,49168
155,length,49169,49169
155,fade,5001,5001
155,start_plus_old_fade,49680,49680
155,end,19998,19998
155,end_plus_new_fade,24999,24999
155,cursor,200,200
155,cursor_enabled,False,0
155,start_previous,100,100
155,length_previous,100,100
156,start,0,0
156,length,1280,1280
156,fade,5001,5001
156,start_plus_old_fade,512,512
156,end,20000,20000
156,end_plus_new_fade,25001,25001
156,cursor,200,200
156,cursor_enabled,False,0
156,start_previous,100,100
156,length_previous,100,100
157,start,0,0
157,length,1280,1280
157,fade,5001,5001
157,start_plus_old_fade,512,512
157,end,20000,20000
157,end_plus_new_fade,25001,25001
157,cursor,200,200
157,cursor_enabled,False,0
157,start_previous,100,100
157,length_previous,100,100
158,start,18438,18438
158,length,24578,24578
158,fade,5001,5001
158,start_plus_old_fade,18950,18950
158,end,38438,38438
158,end_plus_new_fade,43439,43439
158,cursor,200,200
158,cursor_enabled,False,0
158,start_previous,100,100
158,length_previous,100,100
159,start,24584,24584
159,length,24590,24590
159,fade,5001,5001
159,start_plus_old_fade,25096,25096
159,end,44584,44584
159,end_plus_new_fade,49585,49585
159,cursor,200,200
159,cursor_enabled,False,0
159,start_previous,100,100
159,length_previous,100,100
160,start,43022,43022
160,length,49156,49156
160,fade,5001,5001
160,start_plus_old_fade,43534,43534
160,end,13852,13852
160,end_plus_new_fade,18853,18853
160,cursor,200,200
160,cursor_enabled,False,0
160,start_previous,100,100
160,length_previous,100,100
161,start,49168,49168
161,length,49169,49169
161,fade,5001,5001
161,start_plus_old_fade,49680,49680
161,end,19998,19998
161,end_plus_new_fade,24999,24999
161,cursor,200,200
161,cursor_enabled,False,0
161,start_previous,100,100
161,length_previous,100,100
162,start,0,0
162,length,1280,1280
162,fade,5001,5001
162,start_plus_old_fade,512,512
162,end,20000,20000
162,end_plus_new_fade,25001,25001
162,cursor,200,200
162,cursor_enabled,False,0
162,start_previous,100,100
162,length_previous,100,100
163,start,0,0
163,length,1280,1280
163,fade,5001,5001
163,start_plus_old_fade,512,512
163,end,20000,20000
163,end_plus_new_fade,25001,25001
163,cursor,200,200
163,cursor_enabled,False,0
163,start_previous,100,100
163,length_previous,100,100
164,start,18438,18438
164,length,24578,24578
164,fade,5001,5001
164,start_plus_old_fade,18950,18950
164,end,38438,38438
164,end_plus_new_fade,43439,43439
164,cursor,200,200
164,cursor_enabled,False,0
164,start_previous,100,100
164,length_previous,100,100
165,start,24584,24584
165,length,24590,24590
165,fade,5001,5001
165,start_plus_old_fade,25096,25096
165,end,44584,44584
165,end_plus_new_fade,49585,49585
165,cursor,200,200
165,cursor_enabled,False,0
165,start_previous,100,100
165,length_previous,100,100
166,start,43022,43022
166,length,49156,49156
166,fade,5001,5001
166,start_plus_old_fade,43534,43534
166,end,13852,13852
166,end_plus_new_fade,18853,18853
166,cursor,200,200
166,cursor_enabled,False,0
166,start_previous,100,100
166,length_previous,100,100
167,start,49168,49168
167,length,49169,49169
167,fade,5001,5001
167,start_plus_old_fade,49680,49680
167,end,19998,19998
167,end_plus_new_fade,24999,24999
167,cursor,200,200
167,cursor_enabled,False,0
167,start_previous,100,100
167,length_previous,100,100
168,start,0,0
168,length,6146,6146
168,fade,5001,5001
168,start_plus_old_fade,512,512
168,end,20000,20000
168,end_plus_new_fade,25001,25001
168,cursor,200,200
168,cursor_enabled,False,0
168,start_previous,100,100
168,length_previous,100,100
169,start,0,0
169,length,6146,6146
169,fade,5001,5001
169,start_plus_old_fade,512,512
169,end,20000,20000
169,end_plus_new_fade,25001,25001
169,cursor,200,200
169,cursor_enabled,False,0
169,start_previous,100,100
169,length_previous,100,100
170,start,18438,18438
170,length,24584,24584
170,fade,5001,5001
170,start_plus_old_fade,18950,18950
170,end,38438,38438
170,end_plus_new_fade,43439,43439
170,cursor,200,200
170,cursor_enabled,False,0
170,start_previous,100,100
170,length_previous,100,100
171,start,24584,24584
171,length,30730,30730
171,fade,5001,5001
171,start_plus_old_fade,25096,25096
171,end,44584,44584
171,end_plus_new_fade,49585,49585
171,cursor,200,200
171,cursor_enabled,False,0
171,start_previous,100,100
171,length_previous,100,100
172,start,43022,43022
172,length,49168,49168
172,fade,5001,5001
172,start_plus_old_fade,43534,43534
172,end,13852,13852
172,end_plus_new_fade,18853,18853
172,cursor,200,200
172,cursor_enabled,False,0
172,start_previous,100,100
172,length_previous,100,100
173,start,49168,49168
173,length,49169,49169
173,fade,5001,5001
173,start_plus_old_fade,49680,49680
173,end,19998,19998
173,end_plus_new_fade,24999,24999
173,cursor,200,200
173,cursor_enabled,False,0
173,start_previous,100,100
173,length_previous,100,100
174,start,0,0
174,length,6146,6146
174,fade,5001,5001
174,start_plus_old_fade,512,512
174,end,20000,20000
174,end_plus_new_fade,25001,25001
174,cursor,200,200
174,cursor_enabled,False,0
174,start_previous,100,100
174,length_previous,100,100
175,start,0,0
175,length,6146,6146
175,fade,5001,5001
175,start_plus_old_fade,512,512
175,end,20000,20000
175,end_plus_new_fade,25001,25001
175,cursor,200,200
175,cursor_enabled,False,0
175,start_previous,100,100
175,length_previous,100,100
176,start,18438,18438
176,length,24584,24584
176,fade,5001,5001
176,start_plus_old_fade,18950,18950
176,end,38438,38438
176,end_plus_new_fade,43439,43439
176,cursor,200,200
176,cursor_enabled,False,0
176,start_previous,100,100
176,length_previous,100,100
177,start,24584,24584
177,length,30730,30730
177,fade,5001,5001
177,start_plus_old_fade,25096,25096
177,end,44584,44584
177,end_plus_new_fade,49585,49585
177,cursor,200,200
177,cursor_enabled,False,0
177,start_previous,100,100
177,length_previous,100,100
178,start,43022,43022
178,length,49168,49168
178,fade,5001,5001
178,start_plus_old_fade,43534,43534
178,end,13852,13852
178,end_plus_new_fade,18853,18853
178,cursor,200,200
178,cursor_enabled,False,0
178,start_previous,100,100
178,length_previous,100,100
179,start,49168,49168
179,length,49169,49169
179,fade,5001,5001
179,start_plus_old_fade,49680,49680
179,end,19998,19998
179,end_plus_new_fade,24999,24999
179,cursor,200,200
179,cursor_enabled,False,0
179,start_previous,100,100
179,length_previous,100,100
180,start,0,0
180,length,6146,6146
180,fade,5001,5001
180,start_plus_old_fade,512,512
180,end,20000,20000
180,end_plus_new_fade,25001,25001
180,cursor,200,200
180,cursor_enabled,False,0
180,start_previous,100,100
180,length_previous,100,100
181,start,0,0
181,length,6146,6146
181,fade,5001,5001
181,start_plus_old_fade,512,512
181,end,20000,20000
181,end_plus_new_fade,25001,25001
181,cursor,200,200
181,cursor_enabled,False,0
181,start_previous,100,100
181,length_previous,100,100
182,start,18438,18438
182,length,24584,24584
182,fade,5001,5001
182,start_plus_old_fade,18950,18950
182,end,38438,38438
182,end_plus_new_fade,43439,43439
182,cursor,200,200
182,cursor_enabled,False,0
182,start_previous,100,100
182,length_previous,100,100
183,start,24584,24584
183,length,30730,30730
183,fade,5001,5001
183,start_plus_old_fade,25096,25096
183,end,44584,44584
183,end_plus_new_fade,49585,49585
183,cursor,200,200
183,cursor_enabled,False,0
183,start_previous,100,100
183,length_previous,100,100
184,start,43022,43022
184,length,49168,49168
184,fade,5001,5001
184,start_plus_old_fade,43534,43534
184,end,13852,13852
184,end_plus_new_fade,18853,18853
184,cursor,200,200
184,cursor_enabled,False,0
184,start_previous,100,100
184,length_previous,100,100
185,start,49168,49168
185,length,49169,49169
185,fade,5001,5001
185,start_plus_old_fade,49680,49680
185,end,19998,19998
185,end_plus_new_fade,24999,24999
185,cursor,200,200
185,cursor_enabled,False,0
185,start_previous,100,100
185,length_previous,100,100
186,start,0,0
186,length,6146,6146
186,fade,5001,5001
186,start_plus_old_fade,512,512
186,end,20000,20000
186,end_plus_new_fade,25001,25001
186,cursor,200,200
186,cursor_enabled,False,0
186,start_previous,100,100
186,length_previous,100,100
187,start,0,0
187,length,6146,6146
187,fade,5001,5001
187,start_plus_old_fade,512,512
187,end,20000,20000
187,end_plus_new_fade,25001,25001
187,cursor,200,200
187,cursor_enabled,False,0
187,start_previous,100,100
187,length_previous,100,100
188,start,18438,18438
188,length,24584,24584
188,fade,5001,5001
188,start_plus_old_fade,18950,18950
188,end,38438,38438
188,end_plus_new_fade,43439,43439
188,cursor,200,200
188,cursor_enabled,False,0
188,start_previous,100,100
188,length_previous,100,100
189,start,24584,24584
189,length,30730,30730
189,fade,5001,5001
189,start_plus_old_fade,25096,25096
189,end,44584,44584
189,end_plus_new_fade,49585,49585
189,cursor,200,200
189,cursor_enabled,False,0
189,start_previous,100,100
189,length_previous,100,100
190,start,43022,43022
190,length,49168,49168
190,fade,5001,5001
190,start_plus_old_fade,43534,43534
190,end,13852,13852
190,end_plus_new_fade,18853,18853
190,cursor,200,200
190,cursor_enabled,False,0
190,start_previous,100,100
190,length_previous,100,100
191,start,49168,49168
191,length,49169,49169
191,fade,5001,5001
191,start_plus_old_fade,49680,49680
191,end,19998,19998
191,end_plus_new_fade,24999,24999
191,cursor,200,200
191,cursor_enabled,False,0
191,start_previous,100,100
191,length_previous,100,100
192,start,1,1
192,length,20000,20000
192,fade,5001,5001
192,start_plus_old_fade,513,513
192,end,20001,20001
192,end_plus_new_fade,25002,25002
192,cursor,200,200
192,cursor_enabled,False,0
192,start_previous,100,100
192,length_previous,100,100
193,start,1,1
193,length,20000,20000
193,fade,5001,5001
193,start_plus_old_fade,513,513
193,end,20001,20001
193,end_plus_new_fade,25002,25002
193,cursor,200,200
193,cursor_enabled,False,0
193,start_previous,100,100
193,length_previous,100,100
194,start,1,1
194,length,20000,20000
194,fade,5001,5001
194,start_plus_old_fade,513,513
194,end,20001,20001
194,end_plus_new_fade,25002,25002
194,cursor,200,200
194,cursor_enabled,False,0
194,start_previous,100,100
194,length_previous,100,100
195,start,1,1
195,length,20000,20000
195,fade,5001,5001
195,start_plus_old_fade,513,513
195,end,20001,20001
195,end_plus_new_fade,25002,25002
195,cursor,200,200
195,cursor_enabled,False,0
195,start_previous,100,100
195,length_previous,100,100
196,start,1,1
196,length,20000,20000
196,fade,5001,5001
196,start_plus_old_fade,513,513
196,end,20001,20001
196,end_plus_new_fade,25002,25002
196,cursor,200,200
196,cursor_enabled,False,0
196,start_previous,100,100
196,length_previous,100,100
197,start,1,1
197,length,20000,20000
197,fade,5001,5001
197,start_plus_old_fade,513,513
197,end,20001,20001
197,end_plus_new_fade,25002,25002
197,cursor,200,200
197,cursor_enabled,False,0
197,start_previous,100,100
197,length_previous,100,100
198,start,1,1
198,length,1280,1280
198,fade,5001,5001
198,start_plus_old_fade,513,513
198,end,20001,20001
198,end_plus_new_fade,25002,25002
198,cursor,200,200
198,cursor_enabled,False,0
198,start_previous,100,100
198,length_previous,100,100
199,start,1,1
199,length,1280,1280
199,fade,5001,5001
199,start_plus_old_fade,513,513
199,end,20001,20001
199,end_plus_new_fade,25002,25002
199,cursor,200,200
199,cursor_enabled,False,0
199,start_previous,100,100
199,length_previous,100,100
200,start,1,1
200,length,24578,24578
200,fade,5001,5001
200,start_plus_old_fade,513,513
200,end,20001,20001
200,end_plus_new_fade,25002,25002
200,cursor,200,200
200,cursor_enabled,False,0
200,start_previous,100,100
200,length_previous,100,100
201,start,1,1
201,length,24590,24590
201,fade,5001,5001
201,start_plus_old_fade,513,513
201,end,20001,20001
201,end_plus_new_fade,25002,25002
201,cursor,200,200
201,cursor_enabled,False,0
201,start_previous,100,100
201,length_previous,100,100
202,start,1,1
202,length,49156,49156
202,fade,5001,5001
202,start_plus_old_fade,513,513
202,end,20001,20001
202,end_plus_new_fade,25002,25002
202,cursor,200,200
202,cursor_enabled,False,0
202,start_previous,100,100
202,length_previous,100,100
203,start,1,1
203,length,49169,49169
203,fade,5001,5001
203,start_plus_old_fade,513,513
203,end,20001,20001
203,end_plus_new_fade,25002,25002
203,cursor,200,200
203,cursor_enabled,False,0
203,start_previous,100,100
203,length_previous,100,100
204,start,1,1
204,length,20000,20000
204,fade,5001,5001
204,start_plus_old_fade,513,513
204,end,20001,20001
204,end_plus_new_fade,25002,25002
204,cursor,200,200
204,cursor_enabled,False,0
204,start_previous,100,100
204,length_previous,100,100
205,start,12,12
205,length,20000,20000
205,fade,5001,5001
205,start_plus_old_fade,524,524
205,end,20012,20012
205,end_plus_new_fade,25013,25013
205,cursor,200,200
205,cursor_enabled,False,0
205,start_previous,100,100
205,length_previous,100,100
206,start,24578,24578
206,length,20000,20000
206,fade,5001,5001
206,start_plus_old_fade,25090,25090
206,end,44578,44578
206,end_plus_new_fade,49579,49579
206,cursor,200,200
206,cursor_enabled,False,0
206,start_previous,100,100
206,length_previous,100,100
207,start,24591,24591
207,length,20000,20000
207,fade,5001,5001
207,start_plus_old_fade,25103,25103
207,end,44591,44591
207,end_plus_new_fade,49592,49592
207,cursor,200,200
207,cursor_enabled,False,0
207,start_previous,100,100
207,length_previous,100,100
208,start,49157,49157
208,length,20000,20000
208,fade,5001,5001
208,start_plus_old_fade,49669,49669
208,end,19987,19987
208,end_plus_new_fade,24988,24988
208,cursor,200,200
208,cursor_enabled,False,0
208,start_previous,100,100
208,length_previous,100,100
209,start,49168,49168
209,length,20000,20000
209,fade,5001,5001
209,start_plus_old_fade,49680,49680
209,end,19998,19998
209,end_plus_new_fade,24999,24999
209,cursor,200,200
209,cursor_enabled,False,0
209,start_previous,100,100
209,length_previous,100,100
210,start,1,1
210,length,1280,1280
210,fade,5001,5001
210,start_plus_old_fade,513,513
210,end,20001,20001
210,end_plus_new_fade,25002,25002
210,cursor,200,200
210,cursor_enabled,False,0
210,start_previous,100,100
210,length_previous,100,100
211,start,12,12
211,length,1280,1280
211,fade,5001,5001
211,start_plus_old_fade,524,524
211,end,20012,20012
211,end_plus_new_fade,25013,25013
211,cursor,200,200
211,cursor_enabled,False,0
211,start_previous,100,100
211,length_previous,100,100
212,start,24578,24578
212,length,24578,24578
212,fade,5001,5001
212,start_plus_old_fade,25090,25090
212,end,44578,44578
212,end_plus_new_fade,49579,49579
212,cursor,200,200
212,cursor_enabled,False,0
212,start_previous,100,100
212,length_previous,100,100
213,start,24591,24591
213,length,24590,24590
213,fade,5001,5001
213,start_plus_old_fade,25103,25103
213,end,44591,44591
213,end_plus_new_fade,49592,49592
213,cursor,200,200
213,cursor_enabled,False,0
213,start_previous,100,100
213,length_previous,100,100
214,start,49157,49157
214,length,49156,49156
214,fade,5001,5001
214,start_plus_old_fade,49669,49669
214,end,19987,19987
214,end_plus_new_fade,24988,24988
214,cursor,200,200
214,cursor_enabled,False,0
214,start_previous,100,100
214,length_previous,100,100
215,start,49168,49168
215,length,49169,49169
215,fade,5001,5001
215,start_plus_old_fade,49680,49680
215,end,19998,19998
215,end_plus_new_fade,24999,24999
215,cursor,200,200
215,cursor_enabled,False,0
215,start_previous,100,100
215,length_previous,100,100
216,start,1,1
216,length,20000,20000
216,fade,5001,5001
216,start_plus_old_fade,513,513
216,end,20001,20001
216,end_plus_new_fade,25002,25002
216,cursor,200,200
216,cursor_enabled,False,0
216,start_previous,100,100
216,length_previous,100,100
217,start,1,1
217,length,20000,20000
217,fade,5001,5001
217,start_plus_old_fade,513,513
217,end,20001,20001
217,end_plus_new_fade,25002,25002
217,cursor,200,200
217,cursor_enabled,False,0
217,start_previous,100,100
217,length_previous,100,100
218,start,1,1
218,length,20000,20000
218,fade,5001,5001
218,start_plus_old_fade,513,513
218,end,20001,20001
218,end_plus_new_fade,25002,25002
218,cursor,200,200
218,cursor_enabled,False,0
218,start_previous,100,100
218,length_previous,100,100
219,start,1,1
219,length,20000,20000
219,fade,5001,5001
219,start_plus_old_fade,513,513
219,end,20001,20001
219,end_plus_new_fade,25002,25002
219,cursor,200,200
219,cursor_enabled,False,0
219,start_previous,100,100
219,length_previous,100,100
220,start,1,1
220,length,20000,20000
220,fade,5001,5001
220,start_plus_old_fade,513,513
220,end,20001,20001
220,end_plus_new_fade,25002,25002
220,cursor,200,200
220,cursor_enabled,False,0
220,start_previous,100,100
220,length_previous,100,100
221,start,1,1
221,length,20000,20000
221,fade,5001,5001
221,start_plus_old_fade,513,513
221,end,20001,20001
221,end_plus_new_fade,25002,25002
221,cursor,200,200
221,cursor_enabled,False,0
221,start_previous,100,100
221,length_previous,100,100
222,start,1,1
222,length,1280,1280
222,fade,5001,5001
222,start_plus_old_fade,513,513
222,end,20001,20001
222,end_plus_new_fade,25002,25002
222,cursor,200,200
222,cursor_enabled,False,0
222,start_previous,100,100
222,length_previous,100,100
223,start,1,1
223,length,1280,1280
223,fade,5001,5001
223,start_plus_old_fade,513,513
223,end,20001,20001
223,end_plus_new_fade,25002,25002
223,cursor,200,200
223,cursor_enabled,False,0
223,start_previous,100,100
223,length_previous,100,100
224,start,1,1
224,length,24578,24578
224,fade,5001,5001
224,start_plus_old_fade,513,513
224,end,20001,20001
224,end_plus_new_fade,25002,25002
224,cursor,200,200
224,cursor_enabled,False,0
224,start_previous,100,100
224,length_previous,100,100
225,start,1,1
225,length,24590,24590
225,fade,5001,5001
225,start_plus_old_fade,513,513
225,end,20001,20001
225,end_plus_new_fade,25002,25002
225,cursor,200,200
225,cursor_enabled,False,0
225,start_previous,100,100
225,length_previous,100,100
226,start,1,1
226,length,49156,49156
226,fade,5001,5001
226,start_plus_old_fade,513,513
226,end,20001,20001
226,end_plus_new_fade,25002,25002
226,cursor,200,200
226,cursor_enabled,False,0
226,start_previous,100,100
226,length_previous,100,100
227,start,1,1
227,length,49169,49169
227,fade,5001,5001
227,start_plus_old_fade,513,513
227,end,20001,20001
227,end_plus_new_fade,25002,25002
227,cursor,200,200
227,cursor_enabled,False,0
227,start_previous,100,100
227,length_previous,100,100
228,start,1,1
228,length,20000,20000
228,fade,5001,5001
228,start_plus_old_fade,513,513
228,end,20001,20001
228,end_plus_new_fade,25002,25002
228,cursor,200,200
228,cursor_enabled,False,0
228,start_previous,100,100
228,length_previous,100,100
229,start,12,12
229,length,20000,20000
229,fade,5001,5001
229,start_plus_old_fade,524,524
229,end,20012,20012
229,end_plus_new_fade,25013,25013
229,cursor,200,200
229,cursor_enabled,False,0
229,start_previous,100,100
229,length_previous,100,100
230,start,24578,24578
230,length,20000,20000
230,fade,5001,5001
230,start_plus_old_fade,25090,25090
230,end,44578,44578
230,end_plus_new_fade,49579,49579
230,cursor,200,200
230,cursor_enabled,False,0
230,start_previous,100,100
230,length_previous,100,100
231,start,24591,24591
231,length,20000,20000
231,fade,5001,5001
231,start_plus_old_fade,25103,25103
231,end,44591,44591
231,end_plus_new_fade,49592,49592
231,cursor,200,200
231,cursor_enabled,False,0
231,start_previous,100,100
231,length_previous,100,100
232,start,49157,49157
232,length,20000,20000
232,fade,5001,5001
232,start_plus_old_fade,49669,49669
232,end,19987,19987
232,end_plus_new_fade,24988,24988
232,cursor,200,200
232,cursor_enabled,False,0
232,start_previous,100,100
232,length_previous,100,100
233,start,49168,49168
233,length,20000,20000
233,fade,5001,5001
233,start_plus_old_fade,49680,49680
233,end,19998,19998
233,end_plus_new_fade,24999,24999
233,cursor,200,200
233,cursor_enabled,False,0
233,start_previous,100,100
233,length_previous,100,100
234,start,1,1
234,length,1280,1280
234,fade,5001,5001
234,start_plus_old_fade,513,513
234,end,20001,20001
234,end_plus_new_fade,25002,25002
234,cursor,200,200
234,cursor_enabled,False,0
234,start_previous,100,100
234,length_previous,100,100
235,start,12,12
235,length,1280,1280
235,fade,5001,5001
235,start_plus_old_fade,524,524
235,end,20012,20012
235,end_plus_new_fade,25013,25013
235,cursor,200,200
235,cursor_enabled,False,0
235,start_previous,100,100
235,length_previous,100,100
236,start,24578,24578
236,length,24578,24578
236,fade,5001,5001
236,start_plus_old_fade,25090,25090
236,end,44578,44578
236,end_plus_new_fade,49579,49579
236,cursor,200,200
236,cursor_enabled,False,0
236,start_previous,100,100
236,length_previous,100,100
237,start,24591,24591
237,length,24590,24590
237,fade,5001,5001
237,start_plus_old_fade,25103,25103
237,end,44591,44591
237,end_plus_new_fade,49592,49592
237,cursor,200,200
237,cursor_enabled,False,0
237,start_previous,100,100
237,length_previous,100,100
238,start,49157,49157
238,length,49156,49156
238,fade,5001,5001
238,start_plus_old_fade,49669,49669
238,end,19987,19987
238,end_plus_new_fade,24988,24988
238,cursor,200,200
238,cursor_enabled,False,0
238,start_previous,100,100
238,length_previous,100,100
239,start,49168,49168
239,length,49169,49169
239,fade,5001,5001
239,start_plus_old_fade,49680,49680
239,end,19998,19998
239,end_plus_new_fade,24999,24999
239,cursor,200,200
239,cursor_enabled,False,0
239,start_previous,100,100
239,length_previous,100,100
240,start,1,1
240,length,20000,20000
240,fade,5001,5001
240,start_plus_old_fade,513,513
240,end,20001,20001
240,end_plus_new_fade,25002,25002
240,cursor,200,200
240,cursor_enabled,False,0
240,start_previous,100,100
240,length_previous,100,100
241,start,1,1
241,length,20000,20000
241,fade,5001,5001
241,start_plus_old_fade,513,513
241,end,20001,20001
241,end_plus_new_fade,25002,25002
241,cursor,200,200
241,cursor_enabled,False,0
241,start_previous,100,100
241,length_previous,100,100
242,start,1,1
242,length,20000,20000
242,fade,5001,5001
242,start_plus_old_fade,513,513
242,end,20001,20001
242,end_plus_new_fade,25002,25002
242,cursor,200,200
242,cursor_enabled,False,0
242,start_previous,100,100
242,length_previous,100,100
243,start,1,1
243,length,20000,20000
243,fade,5001,5001
243,start_plus_old_fade,513,513
243,end,20001,20001
243,end_plus_new_fade,25002,25002
243,cursor,200,200
243,cursor_enabled,False,0
243,start_previous,100,100
243,length_previous,100,100
244,start,1,1
244,length,20000,20000
244,fade,5001,5001
244,start_plus_old_fade,513,513
244,end,20001,20001
244,end_plus_new_fade,25002,25002
244,cursor,200,200
244,cursor_enabled,False,0
244,start_previous,100,100
244,length_previous,100,100
245,start,1,1
245,length,20000,20000
245,fade,5001,5001
245,start_plus_old_fade,513,513
245,end,20001,20001
245,end_plus_new_fade,25002,25002
245,cursor,200,200
245,cursor_enabled,False,0
245,start_previous,100,100
245,length_previous,100,100
246,start,1,1
246,length,1280,1280
246,fade,5001,5001
246,start_plus_old_fade,513,513
246,end,20001,20001
246,end_plus_new_fade,25002,25002
246,cursor,200,200
246,cursor_enabled,False,0
246,start_previous,100,100
246,length_previous,100,100
247,start,1,1
247,length,1280,1280
247,fade,5001,5001
247,start_plus_old_fade,513,513
247,end,20001,20001
247,end_plus_new_fade,25002,25002
247,cursor,200,200
247,cursor_enabled,False,0
247,start_previous,100,100
247,length_previous,100,100
248,start,1,1
248,length,24578,24578
248,fade,5001,5001
248,start_plus_old_fade,513,513
248,end,20001,20001
248,end_plus_new_fade,25002,25002
248,cursor,200,200
248,cursor_enabled,False,0
248,start_previous,100,100
248,length_previous,100,100
249,start,1,1
249,length,24590,24590
249,fade,5001,5001
249,start_plus_old_fade,513,513
249,end,20001,20001
249,end_plus_new_fade,25002,25002
249,cursor,200,200
249,cursor_enabled,False,0
249,start_previous,100,100
249,length_previous,100,100
250,start,1,1
250,length,49156,49156
250,fade,5001,5001
250,start_plus_old_fade,513,513
250,end,20001,20001
250,end_plus_new_fade,25002,25002
250,cursor,200,200
250,cursor_enabled,False,0
250,start_previous,100,100
250,length_previous,100,100
251,start,1,1
251,length,49169,49169
251,fade,5001,5001
251,start_plus_old_fade,513,513
251,end,20001,20001
251,end_plus_new_fade,25002,25002
251,cursor,200,200
251,cursor_enabled,False,0
251,start_previous,100,100
251,length_previous,100,100
252,start,1,1
252,length,20000,20000
252,fade,5001,5001
252,start_plus_old_fade,513,513
252,end,20001,20001
252,end_plus_new_fade,25002,25002
252,cursor,200,200
252,cursor_enabled,False,0
252,start_previous,100,100
252,length_previous,100,100
253,start,12,12
253,length,20000,20000
253,fade,5001,5001
253,start_plus_old_fade,524,524
253,end,20012,20012
253,end_plus_new_fade,25013,25013
253,cursor,200,200
253,cursor_enabled,False,0
253,start_previous,100,100
253,length_previous,100,100
254,start,24578,24578
254,length,20000,20000
254,fade,5001,5001
254,start_plus_old_fade,25090,25090
254,end,44578,44578
254,end_plus_new_fade,49579,49579
254,cursor,200,200
254,cursor_enabled,False,0
254,start_previous,100,100
254,length_previous,100,100
255,start,24591,24591
255,length,20000,20000
255,fade,5001,5001
255,start_plus_old_fade,25103,25103
255,end,44591,44591
255,end_plus_new_fade,49592,49592
255,cursor,200,200
255,cursor_enabled,False,0
255,start_previous,100,100
255,length_previous,100,100
256,start,49157,49157
256,length,20000,20000
256,fade,5001,5001
256,start_plus_old_fade,49669,49669
256,end,19987,19987
256,end_plus_new_fade,24988,24988
256,cursor,200,200
256,cursor_enabled,False,0
256,start_previous,100,100
256,length_previous,100,100
257,start,49168,49168
257,length,20000,20000
257,fade,5001,5001
257,start_plus_old_fade,49680,49680
257,end,19998,19998
257,end_plus_new_fade,24999,24999
257,cursor,200,200
257,cursor_enabled,False,0
257,start_previous,100,100
257,length_previous,100,100
258,start,1,1
258,length,1280,1280
258,fade,5001,5001
258,start_plus_old_fade,513,513
258,end,20001,20001
258,end_plus_new_fade,25002,25002
258,cursor,200,200
258,cursor_enabled,False,0
258,start_previous,100,100
258,length_previous,100,100
259,start,12,12
259,length,1280,1280
259,fade,5001,5001
259,start_plus_old_fade,524,524
259,end,20012,20012
259,end_plus_new_fade,25013,25013
259,cursor,200,200
259,cursor_enabled,False,0
259,start_previous,100,100
259,length_previous,100,100
260,start,24578,24578
260,length,24578,24578
260,fade,5001,5001
260,start_plus_old_fade,25090,25090
260,end,44578,44578
260,end_plus_new_fade,49579,49579
260,cursor,200,200
260,cursor_enabled,False,0
260,start_previous,100,100
260,length_previous,100,100
261,start,24591,24591
261,length,24590,24590
261,fade,5001,5001
261,start_plus_old_fade,25103,25103
261,end,44591,44591
261,end_plus_new_fade,49592,49592
261,cursor,200,200
261,cursor_enabled,False,0
261,start_previous,100,100
261,length_previous,100,100
262,start,49157,49157
262,length,49156,49156
262,fade,5001,5001
262,start_plus_old_fade,49669,49669
262,end,19987,19987
262,end_plus_new_fade,24988,24988
262,cursor,200,200
262,cursor_enabled,False,0
262,start_previous,100,100
262,length_previous,100,100
263,start,49168,49168
263,length,49169,49169
263,fade,5001,5001
263,start_plus_old_fade,49680,49680
263,end,19998,19998
263,end_plus_new_fade,24999,24999
263,cursor,200,200
263,cursor_enabled,False,0
263,start_previous,100,100
263,length_previous,100,100
264,start,1,1
264,length,20000,20000
264,fade,5001,5001
264,start_plus_old_fade,513,513
264,end,20001,20001
264,end_plus_new_fade,25002,25002
264,cursor,200,200
264,cursor_enabled,False,0
264,start_previous,100,100
264,length_previous,100,100
265,start,1,1
265,length,20000,20000
265,fade,5001,5001
265,start_plus_old_fade,513,513
265,end,20001,20001
265,end_plus_new_fade,25002,25002
265,cursor,200,200
265,cursor_enabled,False,0
265,start_previous,100,100
265,length_previous,100,100
266,start,1,1
266,length,20000,20000
266,fade,5001,5001
266,start_plus_old_fade,513,513
266,end,20001,20001
266,end_plus_new_fade,25002,25002
266,cursor,200,200
266,cursor_enabled,False,0
266,start_previous,100,100
266,length_previous,100,100
267,start,1,1
267,length,20000,20000
267,fade,5001,5001
267,start_plus_old_fade,513,513
267,end,20001,20001
267,end_plus_new_fade,25002,25002
267,cursor,200,200
267,cursor_enabled,False,0
267,start_previous,100,100
267,length_previous,100,100
268,start,1,1
268,length,20000,20000
268,fade,5001,5001
268,start_plus_old_fade,513,513
268,end,20001,20001
268,end_plus_new_fade,25002,25002
268,cursor,200,200
268,cursor_enabled,False,0
268,start_previous,100,100
268,length_previous,100,100
269,start,1,1
269,length,20000,20000
269,fade,5001,5001
269,start_plus_old_fade,513,513
269,end,20001,20001
269,end_plus_new_fade,25002,25002
269,cursor,200,200
269,cursor_enabled,False,0
269,start_previous,100,100
269,length_previous,100,100
270,start,1,1
270,length,1280,1280
270,fade,5001,5001
270,start_plus_old_fade,513,513
270,end,20001,20001
270,end_plus_new_fade,25002,25002
270,cursor,200,200
270,cursor_enabled,False,0
270,start_previous,100,100
270,length_previous,100,100
271,start,1,1
271,length,1280,1280
271,fade,5001,5001
271,start_plus_old_fade,513,513
271,end,20001,20001
271,end_plus_new_fade,25002,25002
271,cursor,200,200
271,cursor_enabled,False,0
271,start_previous,100,100
271,length_previous,100,100
272,start,1,1
272,length,24578,24578
272,fade,5001,5001
272,start_plus_old_fade,513,513
272,end,20001,20001
272,end_plus_new_fade,25002,25002
272,cursor,200,200
272,cursor_enabled,False,0
272,start_previous,100,100
272,length_previous,100,100
273,start,1,1
273,length,24590,24590
273,fade,5001,5001
273,start_plus_old_fade,513,513
273,end,20001,20001
273,end_plus_new_fade,25002,25002
273,cursor,200,200
273,cursor_enabled,False,0
273,start_previous,100,100
273,length_previous,100,100
274,start,1,1
274,length,49156,49156
274,fade,5001,5001
274,start_plus_old_fade,513,513
274,end,20001,20001
274,end_plus_new_fade,25002,25002
274,cursor,200,200
274,cursor_enabled,False,0
274,start_previous,100,100
274,length_previous,100,100
275,start,1,1
275,length,49169,49169
275,fade,5001,5001
275,start_plus_old_fade,513,513
275,end,20001,20001
275,end_plus_new_fade,25002,25002
275,cursor,200,200
275,cursor_enabled,False,0
275,start_previous,100,100
275,length_previous,100,100
276,start,1,1
276,length,20000,20000
276,fade,5001,5001
276,start_plus_old_fade,513,513
276,end,20001,20001
276,end_plus_new_fade,25002,25002
276,cursor,200,200
276,cursor_enabled,False,0
276,start_previous,100,100
276,length_previous,100,100
277,start,12,12
277,length,20000,20000
277,fade,5001,5001
277,start_plus_old_fade,524,524
277,end,20012,20012
277,end_plus_new_fade,25013,25013
277,cursor,200,200
277,cursor_enabled,False,0
277,start_previous,100,100
277,length_previous,100,100
278,start,24578,24578
278,length,20000,20000
278,fade,5001,5001
278,start_plus_old_fade,25090,25090
278,end,44578,44578
278,end_plus_new_fade,49579,49579
278,cursor,200,200
278,cursor_enabled,False,0
278,start_previous,100,100
278,length_previous,100,100
279,start,24591,24591
279,length,20000,20000
279,fade,5001,5001
279,start_plus_old_fade,25103,25103
279,end,44591,44591
279,end_plus_new_fade,49592,49592
279,cursor,200,200
279,cursor_enabled,False,0
279,start_previous,100,100
279,length_previous,100,100
280,start,49157,49157
280,length,20000,20000
280,fade,5001,5001
280,start_plus_old_fade,49669,49669
280,end,19987,19987
280,end_plus_new_fade,24988,24988
280,cursor,200,200
280,cursor_enabled,False,0
280,start_previous,100,100
280,length_previous,100,100
281,start,49168,49168
281,length,20000,20000
281,fade,5001,5001
281,start_plus_old_fade,49680,49680
281,end,19998,19998
281,end_plus_new_fade,24999,24999
281,cursor,200,200
281,cursor_enabled,False,0
281,start_previous,100,100
281,length_previous,100,100
282,start,1,1
282,length,1280,1280
282,fade,5001,5001
282,start_plus_old_fade,513,513
282,end,20001,20001
282,end_plus_new_fade,25002,25002
282,cursor,200,200
282,cursor_enabled,False,0
282,start_previous,100,100
282,length_previous,100,100
283,start,12,12
283,length,1280,1280
283,fade,5001,5001
283,start_plus_old_fade,524,524
283,end,20012,20012
283,end_plus_new_fade,25013,25013
283,cursor,200,200
283,cursor_enabled,False,0
283,start_previous,100,100
283,length_previous,100,100
284,start,24578,24578
284,length,24578,24578
284,fade,5001,5001
284,start_plus_old_fade,25090,25090
284,end,44578,44578
284,end_plus_new_fade,49579,49579
284,cursor,200,200
284,cursor_enabled,False,0
284,start_previous,100,100
284,length_previous,100,100
285,start,24591,24591
285,length,24590,24590
285,fade,5001,5001
285,start_plus_old_fade,25103,25103
285,end,44591,44591
285,end_plus_new_fade,49592,49592
285,cursor,200,200
285,cursor_enabled,False,0
285,start_previous,100,100
285,length_previous,100,100
286,start,49157,49157
286,length,49156,49156
286,fade,5001,5001
286,start_plus_old_fade,49669,49669
286,end,19987,19987
286,end_plus_new_fade,24988,24988
286,cursor,200,200
286,cursor_enabled,False,0
286,start_previous,100,100
286,length_previous,100,100
287,start,49168,49168
287,length,49169,49169
287,fade,5001,5001
287,start_plus_old_fade,49680,49680
287,end,19998,19998
287,end_plus_new_fade,24999,24999
287,cursor,200,200
287,cursor_enabled,False,0
287,start_previous,100,100
287,length_previous,100,100
288,start,1,1
288,length,1280,1280
288,fade,5001,5001
288,start_plus_old_fade,513,513
288,end,20001,20001
288,end_plus_new_fade,25002,25002
288,cursor,200,200
288,cursor_enabled,False,0
288,start_previous,100,100
288,length_previous,100,100
289,start,12,12
289,length,1280,1280
289,fade,5001,5001
289,start_plus_old_fade,524,524
289,end,20012,20012
289,end_plus_new_fade,25013,25013
289,cursor,200,200
289,cursor_enabled,False,0
289,start_previous,100,100
289,length_previous,100,100
290,start,24578,24578
290,length,24578,24578
290,fade,5001,5001
290,start_plus_old_fade,25090,25090
290,end,44578,44578
290,end_plus_new_fade,49579,49579
290,cursor,200,200
290,cursor_enabled,False,0
290,start_previous,100,100
290,length_previous,100,100
291,start,24591,24591
291,length,24590,24590
291,fade,5001,5001
291,start_plus_old_fade,25103,25103
291,end,44591,44591
291,end_plus_new_fade,49592,49592
291,cursor,200,200
291,cursor_enabled,False,0
291,start_previous,100,100
291,length_previous,100,100
292,start,49157,49157
292,length,49156,49156
292,fade,5001,5001
292,start_plus_old_fade,49669,49669
292,end,19987,19987
292,end_plus_new_fade,24988,24988
292,cursor,200,200
292,cursor_enabled,False,0
292,start_previous,100,100
292,length_previous,100,100
293,start,49168,49168
293,length,49169,49169
293,fade,5001,5001
293,start_plus_old_fade,49680,49680
293,end,19998,19998
293,end_plus_new_fade,24999,24999
293,cursor,200,200
293,cursor_enabled,False,0
293,start_previous,100,100
293,length_previous,100,100
294,start,1,1
294,length,1280,1280
294,fade,5001,5001
294,start_plus_old_fade,513,513
294,end,20001,20001
294,end_plus_new_fade,25002,25002
294,cursor,200,200
294,cursor_enabled,False,0
294,start_previous,100,100
294,length_previous,100,100
295,start,12,12
295,length,1280,1280
295,fade,5001,5001
295,start_plus_old_fade,524,524
295,end,20012,20012
295,end_plus_new_fade,25013,25013
295,cursor,200,200
295,cursor_enabled,False,0
295,start_previous,100,100
295,length_previous,100,100
296,start,24578,24578
296,length,24578,24578
296,fade,5001,5001
296,start_plus_old_fade,25090,25090
296,end,44578,44578
296,end_plus_new_fade,49579,49579
296,cursor,200,200
296,cursor_enabled,False,0
296,start_previous,100,100
296,length_previous,100,100
297,start,24591,24591
297,length,24590,24590
297,fade,5001,5001
297,start_plus_old_fade,25103,25103
297,end,44591,44591
297,end_plus_new_fade,49592,49592
297,cursor,200,200
297,cursor_enabled,False,0
297,start_previous,100,100
297,length_previous,100,100
298,start,49157,49157
298,length,49156,49156
298,fade,5001,5001
298,start_plus_old_fade,49669,49669
298,end,19987,19987
298,end_plus_new_fade,24988,24988
298,cursor,200,200
298,cursor_enabled,False,0
298,start_previous,100,100
298,length_previous,100,100
299,start,49168,49168
299,length,49169,49169
299,fade,5001,5001
299,start_plus_old_fade,49680,49680
299,end,19998,19998
299,end_plus_new_fade,24999,24999
299,cursor,200,200
299,cursor_enabled,False,0
299,start_previous,100,100
299,length_previous,100,100
300,start,1,1
300,length,1280,1280
300,fade,5001,5001
300,start_plus_old_fade,513,513
300,end,20001,20001
300,end_plus_new_fade,25002,25002
300,cursor,200,200
300,cursor_enabled,False,0
300,start_previous,100,100
300,length_previous,100,100
301,start,12,12
301,length,1280,1280
301,fade,5001,5001
301,start_plus_old_fade,524,524
301,end,20012,20012
301,end_plus_new_fade,25013,25013
301,cursor,200,200
301,cursor_enabled,False,0
301,start_previous,100,100
301,length_previous,100,100
302,start,24578,24578
302,length,24578,24578
302,fade,5001,5001
302,start_plus_old_fade,25090,25090
302,end,44578,44578
302,end_plus_new_fade,49579,49579
302,cursor,200,200
302,cursor_enabled,False,0
302,start_previous,100,100
302,length_previous,100,100
303,start,24591,24591
303,length,24590,24590
303,fade,5001,5001
303,start_plus_old_fade,25103,25103
303,end,44591,44591
303,end_plus_new_fade,49592,49592
303,cursor,200,200
303,cursor_enabled,False,0
303,start_previous,100,100
303,length_previous,100,100
304,start,49157,49157
304,length,49156,49156
304,fade,5001,5001
304,start_plus_old_fade,49669,49669
304,end,19987,19987
304,end_plus_new_fade,24988,24988
304,cursor,200,200
304,cursor_enabled,False,0
304,start_previous,100,100
304,length_previous,100,100
305,start,49168,49168
305,length,49169,49169
305,fade,5001,5001
305,start_plus_old_fade,49680,49680
305,end,19998,19998
305,end_plus_new_fade,24999,24999
305,cursor,200,200
305,cursor_enabled,False,0
305,start_previous,100,100
305,length_previous,100,100
306,start,1,1
306,length,1280,1280
306,fade,5001,5001
306,start_plus_old_fade,513,513
306,end,20001,20001
306,end_plus_new_fade,25002,25002
306,cursor,200,200
306,cursor_enabled,False,0
306,start_previous,100,100
306,length_previous,100,100
307,start,12,12
307,length,1280,1280
307,fade,5001,5001
307,start_plus_old_fade,524,524
307,end,20012,20012
307,end_plus_new_fade,25013,25013
307,cursor,200,200
307,cursor_enabled,False,0
307,start_previous,100,100
307,length_previous,100,100
308,start,24578,24578
308,length,24578,24578
308,fade,5001,5001
308,start_plus_old_fade,25090,25090
308,end,44578,44578
308,end_plus_new_fade,49579,49579
308,cursor,200,200
308,cursor_enabled,False,0
308,start_previous,100,100
308,length_previous,100,100
309,start,24591,24591
309,length,24590,24590
309,fade,5001,5001
309,start_plus_old_fade,25103,25103
309,end,44591,44591
309,end_plus_new_fade,49592,49592
309,cursor,200,200
309,cursor_enabled,False,0
309,start_previous,100,100
309,length_previous,100,100
310,start,49157,49157
310,length,49156,49156
310,fade,5001,5001
310,start_plus_old_fade,49669,49669
310,end,19987,19987
310,end_plus_new_fade,24988,24988
310,cursor,200,200
310,cursor_enabled,False,0
310,start_previous,100,100
310,length_previous,100,100
311,start,49168,49168
311,length,49169,49169
311,fade,5001,5001
311,start_plus_old_fade,49680,49680
311,end,19998,19998
311,end_plus_new_fade,24999,24999
311,cursor,200,200
311,cursor_enabled,False,0
311,start_previous,100,100
311,length_previous,100,100
312,start,1,1
312,length,1280,1280
312,fade,5001,5001
312,start_plus_old_fade,513,513
312,end,20001,20001
312,end_plus_new_fade,25002,25002
312,cursor,200,200
312,cursor_enabled,False,0
312,start_previous,100,100
312,length_previous,100,100
313,start,12,12
313,length,1280,1280
313,fade,5001,5001
313,start_plus_old_fade,524,524
313,end,20012,20012
313,end_plus_new_fade,25013,25013
313,cursor,200,200
313,cursor_enabled,False,0
313,start_previous,100,100
313,length_previous,100,100
314,start,24578,24578
314,length,24578,24578
314,fade,5001,5001
314,start_plus_old_fade,25090,25090
314,end,44578,44578
314,end_plus_new_fade,49579,49579
314,cursor,200,200
314,cursor_enabled,False,0
314,start_previous,100,100
314,length_previous,100,100
315,start,24591,24591
315,length,24590,24590
315,fade,5001,5001
315,start_plus_old_fade,25103,25103
315,end,44591,44591
315,end_plus_new_fade,49592,49592
315,cursor,200,200
315,cursor_enabled,False,0
315,start_previous,100,100
315,length_previous,100,100
316,start,49157,49157
316,length,49156,49156
316,fade,5001,5001
316,start_plus_old_fade,49669,49669
316,end,19987,19987
316,end_plus_new_fade,24988,24988
316,cursor,200,200
316,cursor_enabled,False,0
316,start_previous,100,100
316,length_previous,100,100
317,start,49168,49168
317,length,49169,49169
317,fade,5001,5001
317,start_plus_old_fade,49680,49680
317,end,19998,19998
317,end_plus_new_fade,24999,24999
317,cursor,200,200
317,cursor_enabled,False,0
317,start_previous,100,100
317,length_previous,100,100
318,start,1,1
318,length,1280,1280
318,fade,5001,5001
318,start_plus_old_fade,513,513
318,end,20001,20001
318,end_plus_new_fade,25002,25002
318,cursor,200,200
318,cursor_enabled,False,0
318,start_previous,100,100
318,length_previous,100,100
319,start,12,12
319,length,1280,1280
319,fade,5001,5001
319,start_plus_old_fade,524,524
319,end,20012,20012
319,end_plus_new_fade,25013,25013
319,cursor,200,200
319,cursor_enabled,False,0
319,start_previous,100,100
319,length_previous,100,100
320,start,24578,24578
320,length,24578,24578
320,fade,5001,5001
320,start_plus_old_fade,25090,25090
320,end,44578,44578
320,end_plus_new_fade,49579,49579
320,cursor,200,200
320,cursor_enabled,False,0
320,start_previous,100,100
320,length_previous,100,100
321,start,24591,24591
321,length,24590,24590
321,fade,5001,5001
321,start_plus_old_fade,25103,25103
321,end,44591,44591
321,end_plus_new_fade,49592,49592
321,cursor,200,200
321,cursor_enabled,False,0
321,start_previous,100,100
321,length_previous,100,100
322,start,49157,49157
322,length,49156,49156
322,fade,5001,5001
322,start_plus_old_fade,49669,49669
322,end,19987,19987
322,end_plus_new_fade,24988,24988
322,cursor,200,200
322,cursor_enabled,False,0
322,start_previous,100,100
322,length_previous,100,100
323,start,49168,49168
323,length,49169,49169
323,fade,5001,5001
323,start_plus_old_fade,49680,49680
323,end,19998,19998
323,end_plus_new_fade,24999,24999
323,cursor,200,200
323,cursor_enabled,False,0
323,start_previous,100,100
323,length_previous,100,100
324,start,1,1
324,length,1280,1280
324,fade,5001,5001
324,start_plus_old_fade,513,513
324,end,20001,20001
324,end_plus_new_fade,25002,25002
324,cursor,200,200
324,cursor_enabled,False,0
324,start_previous,100,100
324,length_previous,100,100
325,start,12,12
325,length,1280,1280
325,fade,5001,5001
325,start_plus_old_fade,524,524
325,end,20012,20012
325,end_plus_new_fade,25013,25013
325,cursor,200,200
325,cursor_enabled,False,0
325,start_previous,100,100
325,length_previous,100,100
326,start,24578,24578
326,length,24578,24578
326,fade,5001,5001
326,start_plus_old_fade,25090,25090
326,end,44578,44578
326,end_plus_new_fade,49579,49579
326,cursor,200,200
326,cursor_enabled,False,0
326,start_previous,100,100
326,length_previous,100,100
327,start,24591,24591
327,length,24590,24590
327,fade,5001,5001
327,start_plus_old_fade,25103,25103
327,end,44591,44591
327,end_plus_new_fade,49592,49592
327,cursor,200,200
327,cursor_enabled,False,0
327,start_previous,100,100
327,length_previous,100,100
328,start,49157,49157
328,length,49156,49156
328,fade,5001,5001
328,start_plus_old_fade,49669,49669
328,end,19987,19987
328,end_plus_new_fade,24988,24988
328,cursor,200,200
328,cursor_enabled,False,0
328,start_previous,100,100
328,length_previous,100,100
329,start,49168,49168
329,length,49169,49169
329,fade,5001,5001
329,start_plus_old_fade,49680,49680
329,end,19998,19998
329,end_plus_new_fade,24999,24999
329,cursor,200,200
329,cursor_enabled,False,0
329,start_previous,100,100
329,length_previous,100,100
330,start,1,1
330,length,1280,1280
330,fade,5001,5001
330,start_plus_old_fade,513,513
330,end,20001,20001
330,end_plus_new_fade,25002,25002
330,cursor,200,200
330,cursor_enabled,False,0
330,start_previous,100,100
330,length_previous,100,100
331,start,12,12
331,length,1280,1280
331,fade,5001,5001
331,start_plus_old_fade,524,524
331,end,20012,20012
331,end_plus_new_fade,25013,25013
331,cursor,200,200
331,cursor_enabled,False,0
331,start_previous,100,100
331,length_previous,100,100
332,start,24578,24578
332,length,24578,24578
332,fade,5001,5001
332,start_plus_old_fade,25090,25090
332,end,44578,44578
332,end_plus_new_fade,49579,49579
332,cursor,200,200
332,cursor_enabled,False,0
332,start_previous,100,100
332,length_previous,100,100
333,start,24591,24591
333,length,24590,24590
333,fade,5001,5001
333,start_plus_old_fade,25103,25103
333,end,44591,44591
333,end_plus_new_fade,49592,49592
333,cursor,200,200
333,cursor_enabled,False,0
333,start_previous,100,100
333,length_previous,100,100
334,start,49157,49157
334,length,49156,49156
334,fade,5001,5001
334,start_plus_old_fade,49669,49669
334,end,19987,19987
334,end_plus_new_fade,24988,24988
334,cursor,200,200
334,cursor_enabled,False,0
334,start_previous,100,100
334,length_previous,100,100
335,start,49168,49168
335,length,49169,49169
335,fade,5001,5001
335,start_plus_old_fade,49680,49680
335,end,19998,19998
335,end_plus_new_fade,24999,24999
335,cursor,200,200
335,cursor_enabled,False,0
335,start_previous,100,100
335,length_previous,100,100
336,start,1,1
336,length,1280,1280
336,fade,5001,5001
336,start_plus_old_fade,513,513
336,end,20001,20001
336,end_plus_new_fade,25002,25002
336,cursor,200,200
336,cursor_enabled,False,0
336,start_previous,100,100
336,length_previous,100,100
337,start,12,12
337,length,1280,1280
337,fade,5001,5001
337,start_plus_old_fade,524,524
337,end,20012,20012
337,end_plus_new_fade,25013,25013
337,cursor,200,200
337,cursor_enabled,False,0
337,start_previous,100,100
337,length_previous,100,100
338,start,24578,24578
338,length,24578,24578
338,fade,5001,5001
338,start_plus_old_fade,25090,25090
338,end,44578,44578
338,end_plus_new_fade,49579,49579
338,cursor,200,200
338,cursor_enabled,False,0
338,start_previous,100,100
338,length_previous,100,100
339,start,24591,24591
339,length,24590,24590
339,fade,5001,5001
339,start_plus_old_fade,25103,25103
339,end,44591,44591
339,end_plus_new_fade,49592,49592
339,cursor,200,200
339,cursor_enabled,False,0
339,start_previous,100,100
339,length_previous,100,100
340,start,49157,49157
340,length,49156,49156
340,fade,5001,5001
340,start_plus_old_fade,49669,49669
340,end,19987,19987
340,end_plus_new_fade,24988,24988
340,cursor,200,200
340,cursor_enabled,False,0
340,start_previous,100,100
340,length_previous,100,100
341,start,49168,49168
341,length,49169,49169
341,fade,5001,5001
341,start_plus_old_fade,49680,49680
341,end,19998,19998
341,end_plus_new_fade,24999,24999
341,cursor,200,200
341,cursor_enabled,False,0
341,start_previous,100,100
341,length_previous,100,100
342,start,1,1
342,length,1280,1280
342,fade,5001,5001
342,start_plus_old_fade,513,513
342,end,20001,20001
342,end_plus_new_fade,25002,25002
342,cursor,200,200
342,cursor_enabled,False,0
342,start_previous,100,100
342,length_previous,100,100
343,start,12,12
343,length,1280,1280
343,fade,5001,5001
343,start_plus_old_fade,524,524
343,end,20012,20012
343,end_plus_new_fade,25013,25013
343,cursor,200,200
343,cursor_enabled,False,0
343,start_previous,100,100
343,length_previous,100,100
344,start,24578,24578
344,length,24578,24578
344,fade,5001,5001
344,start_plus_old_fade,25090,25090
344,end,44578,44578
344,end_plus_new_fade,49579,49579
344,cursor,200,200
344,cursor_enabled,False,0
344,start_previous,100,100
344,length_previous,100,100
345,start,24591,24591
345,length,24590,24590
345,fade,5001,5001
345,start_plus_old_fade,25103,25103
345,end,44591,44591
345,end_plus_new_fade,49592,49592
345,cursor,200,200
345,cursor_enabled,False,0
345,start_previous,100,100
345,length_previous,100,100
346,start,49157,49157
346,length,49156,49156
346,fade,5001,5001
346,start_plus_old_fade,49669,49669
346,end,19987,19987
346,end_plus_new_fade,24988,24988
346,cursor,200,200
346,cursor_enabled,False,0
346,start_previous,100,100
346,length_previous,100,100
347,start,49168,49168
347,length,49169,49169
347,fade,5001,5001
347,start_plus_old_fade,49680,49680
347,end,19998,19998
347,end_plus_new_fade,24999,24999
347,cursor,200,200
347,cursor_enabled,False,0
347,start_previous,100,100
347,length_previous,100,100
348,start,1,1
348,length,1280,1280
348,fade,5001,5001
348,start_plus_old_fade,513,513
348,end,20001,20001
348,end_plus_new_fade,25002,25002
348,cursor,200,200
348,cursor_enabled,False,0
348,start_previous,100,100
348,length_previous,100,100
349,start,12,12
349,length,1280,1280
349,fade,5001,5001
349,start_plus_old_fade,524,524
349,end,20012,20012
349,end_plus_new_fade,25013,25013
349,cursor,200,200
349,cursor_enabled,False,0
349,start_previous,100,100
349,length_previous,100,100
350,start,24578,24578
350,length,24578,24578
350,fade,5001,5001
350,start_plus_old_fade,25090,25090
350,end,44578,44578
350,end_plus_new_fade,49579,49579
350,cursor,200,200
350,cursor_enabled,False,0
350,start_previous,100,100
350,length_previous,100,100
351,start,24591,24591
351,length,24590,24590
351,fade,5001,5001
351,start_plus_old_fade,25103,25103
351,end,44591,44591
351,end_plus_new_fade,49592,49592
351,cursor,200,200
351,cursor_enabled,False,0
351,start_previous,100,100
351,length_previous,100,100
352,start,49157,49157
352,length,49156,49156
352,fade,5001,5001
352,start_plus_old_fade,49669,49669
352,end,19987,19987
352,end_plus_new_fade,24988,24988
352,cursor,200,200
352,cursor_enabled,False,0
352,start_previous,100,100
352,length_previous,100,100
353,start,49168,49168
353,length,49169,49169
353,fade,5001,5001
353,start_plus_old_fade,49680,49680
353,end,19998,19998
353,end_plus_new_fade,24999,24999
353,cursor,200,200
353,cursor_enabled,False,0
353,start_previous,100,100
353,length_previous,100,100
354,start,1,1
354,length,1280,1280
354,fade,5001,5001
354,start_plus_old_fade,513,513
354,end,20001,20001
354,end_plus_new_fade,25002,25002
354,cursor,200,200
354,cursor_enabled,False,0
354,start_previous,100,100
354,length_previous,100,100
355,start,12,12
355,length,1280,1280
355,fade,5001,5001
355,start_plus_old_fade,524,524
355,end,20012,20012
355,end_plus_new_fade,25013,25013
355,cursor,200,200
355,cursor_enabled,False,0
355,start_previous,100,100
355,length_previous,100,100
356,start,24578,24578
356,length,24578,24578
356,fade,5001,5001
356,start_plus_old_fade,25090,25090
356,end,44578,44578
356,end_plus_new_fade,49579,49579
356,cursor,200,200
356,cursor_enabled,False,0
356,start_previous,100,100
356,length_previous,100,100
357,start,24591,24591
357,length,24590,24590
357,fade,5001,5001
357,start_plus_old_fade,25103,25103
357,end,44591,44591
357,end_plus_new_fade,49592,49592
357,cursor,200,200
357,cursor_enabled,False,0
357,start_previous,100,100
357,length_previous,100,100
358,start,49157,49157
358,length,49156,49156
358,fade,5001,5001
358,start_plus_old_fade,49669,49669
358,end,19987,19987
358,end_plus_new_fade,24988,24988
358,cursor,200,200
358,cursor_enabled,False,0
358,start_previous,100,100
358,length_previous,100,100
359,start,49168,49168
359,length,49169,49169
359,fade,5001,5001
359,start_plus_old_fade,49680,49680
359,end,19998,19998
359,end_plus_new_fade,24999,24999
359,cursor,200,200
359,cursor_enabled,False,0
359,start_previous,100,100
359,length_previous,100,100
360,start,1,1
360,length,1280,1280
360,fade,5001,5001
360,start_plus_old_fade,513,513
360,end,20001,20001
360,end_plus_new_fade,25002,25002
360,cursor,200,200
360,cursor_enabled,False,0
360,start_previous,100,100
360,length_previous,100,100
361,start,12,12
361,length,1280,1280
361,fade,5001,5001
361,start_plus_old_fade,524,524
361,end,20012,20012
361,end_plus_new_fade,25013,25013
361,cursor,200,200
361,cursor_enabled,False,0
361,start_previous,100,100
361,length_previous,100,100
362,start,24578,24578
362,length,24578,24578
362,fade,5001,5001
362,start_plus_old_fade,25090,25090
362,end,44578,44578
362,end_plus_new_fade,49579,49579
362,cursor,200,200
362,cursor_enabled,False,0
362,start_previous,100,100
362,length_previous,100,100
363,start,24591,24591
363,length,24590,24590
363,fade,5001,5001
363,start_plus_old_fade,25103,25103
363,end,44591,44591
363,end_plus_new_fade,49592,49592
363,cursor,200,200
363,cursor_enabled,False,0
363,start_previous,100,100
363,length_previous,100,100
364,start,49157,49157
364,length,49156,49156
364,fade,5001,5001
364,start_plus_old_fade,49669,49669
364,end,19987,19987
364,end_plus_new_fade,24988,24988
364,cursor,200,200
364,cursor_enabled,False,0
364,start_previous,100,100
364,length_previous,100,100
365,start,49168,49168
365,length,49169,49169
365,fade,5001,5001
365,start_plus_old_fade,49680,49680
365,end,19998,19998
365,end_plus_new_fade,24999,24999
365,cursor,200,200
365,cursor_enabled,False,0
365,start_previous,100,100
365,length_previous,100,100
366,start,1,1
366,length,1280,1280
366,fade,5001,5001
366,start_plus_old_fade,513,513
366,end,20001,20001
366,end_plus_new_fade,25002,25002
366,cursor,200,200
366,cursor_enabled,False,0
366,start_previous,100,100
366,length_previous,100,100
367,start,12,12
367,length,1280,1280
367,fade,5001,5001
367,start_plus_old_fade,524,524
367,end,20012,20012
367,end_plus_new_fade,25013,25013
367,cursor,200,200
367,cursor_enabled,False,0
367,start_previous,100,100
367,length_previous,100,100
368,start,24578,24578
368,length,24578,24578
368,fade,5001,5001
368,start_plus_old_fade,25090,25090
368,end,44578,44578
368,end_plus_new_fade,49579,49579
368,cursor,200,200
368,cursor_enabled,False,0
368,start_previous,100,100
368,length_previous,100,100
369,start,24591,24591
369,length,24590,24590
369,fade,5001,5001
369,start_plus_old_fade,25103,25103
369,end,44591,44591
369,end_plus_new_fade,49592,49592
369,cursor,200,200
369,cursor_enabled,False,0
369,start_previous,100,100
369,length_previous,100,100
370,start,49157,49157
370,length,49156,49156
370,fade,5001,5001
370,start_plus_old_fade,49669,49669
370,end,19987,19987
370,end_plus_new_fade,24988,24988
370,cursor,200,200
370,cursor_enabled,False,0
370,start_previous,100,100
370,length_previous,100,100
371,start,49168,49168
371,length,49169,49169
371,fade,5001,5001
371,start_plus_old_fade,49680,49680
371,end,19998,19998
371,end_plus_new_fade,24999,24999
371,cursor,200,200
371,cursor_enabled,False,0
371,start_previous,100,100
371,length_previous,100,100
372,start,1,1
372,length,1280,1280
372,fade,5001,5001
372,start_plus_old_fade,513,513
372,end,20001,20001
372,end_plus_new_fade,25002,25002
372,cursor,200,200
372,cursor_enabled,False,0
372,start_previous,100,100
372,length_previous,100,100
373,start,12,12
373,length,1280,1280
373,fade,5001,5001
373,start_plus_old_fade,524,524
373,end,20012,20012
373,end_plus_new_fade,25013,25013
373,cursor,200,200
373,cursor_enabled,False,0
373,start_previous,100,100
373,length_previous,100,100
374,start,24578,24578
374,length,24578,24578
374,fade,5001,5001
374,start_plus_old_fade,25090,25090
374,end,44578,44578
374,end_plus_new_fade,49579,49579
374,cursor,200,200
374,cursor_enabled,False,0
374,start_previous,100,100
374,length_previous,100,100
375,start,24591,24591
375,length,24590,24590
375,fade,5001,5001
375,start_plus_old_fade,25103,25103
375,end,44591,44591
375,end_plus_new_fade,49592,49592
375,cursor,200,200
375,cursor_enabled,False,0
375,start_previous,100,100
375,length_previous,100,100
376,start,49157,49157
376,length,49156,49156
376,fade,5001,5001
376,start_plus_old_fade,49669,49669
376,end,19987,19987
376,end_plus_new_fade,24988,24988
376,cursor,200,200
376,cursor_enabled,False,0
376,start_previous,100,100
376,length_previous,100,100
377,start,49168,49168
377,length,49169,49169
377,fade,5001,5001
377,start_plus_old_fade,49680,49680
377,end,19998,19998
377,end_plus_new_fade,24999,24999
377,cursor,200,200
377,cursor_enabled,False,0
377,start_previous,100,100
377,length_previous,100,100
378,start,1,1
378,length,1280,1280
378,fade,5001,5001
378,start_plus_old_fade,513,513
378,end,20001,20001
378,end_plus_new_fade,25002,25002
378,cursor,200,200
378,cursor_enabled,False,0
378,start_previous,100,100
378,length_previous,100,100
379,start,12,12
379,length,1280,1280
379,fade,5001,5001
379,start_plus_old_fade,524,524
379,end,20012,20012
379,end_plus_new_fade,25013,25013
379,cursor,200,200
379,cursor_enabled,False,0
379,start_previous,100,100
379,length_previous,100,100
380,start,24578,24578
380,length,24578,24578
380,fade,5001,5001
380,start_plus_old_fade,25090,25090
380,end,44578,44578
380,end_plus_new_fade,49579,49579
380,cursor,200,200
380,cursor_enabled,False,0
380,start_previous,100,100
380,length_previous,100,100
381,start,24591,24591
381,length,24590,24590
381,fade,5001,5001
381,start_plus_old_fade,25103,25103
381,end,44591,44591
381,end_plus_new_fade,49592,49592
381,cursor,200,200
381,cursor_enabled,False,0
381,start_previous,100,100
381,length_previous,100,100
382,start,49157,49157
382,length,49156,49156
382,fade,5001,5001
382,start_plus_old_fade,49669,49669
382,end,19987,19987
382,end_plus_new_fade,24988,24988
382,cursor,200,200
382,cursor_enabled,False,0
382,start_previous,100,100
382,length_previous,100,100
383,start,49168,49168
383,length,49169,49169
383,fade,5001,5001
383,start_plus_old_fade,49680,49680
383,end,19998,19998
383,end_plus_new_fade,24999,24999
383,cursor,200,200
383,cursor_enabled,False,0
383,start_previous,100,100
383,length_previous,100,100
384,start,19006,19006
384,length,42994,42994
384,fade,128,128
384,start_plus_old_fade,22885,22885
384,end,12830,12830
384,end_plus_new_fade,12958,12958
384,cursor,100,100
384,cursor_enabled,False,0
384,start_previous,100,100
384,length_previous,100,100
385,start,12961,12961
385,length,5589,5589
385,fade,128,128
385,start_plus_old_fade,21497,21497
385,end,13640,13640
385,end_plus_new_fade,13768,13768
385,cursor,499,499
385,cursor_enabled,False,0
385,start_previous,100,100
385,length_previous,100,100
386,start,6817,6817
386,length,5781,5781
386,fade,128,128
386,start_plus_old_fade,15620,15620
386,end,305,305
386,end_plus_new_fade,433,433
386,cursor,100,100
386,cursor_enabled,True,1
386,start_previous,100,100
386,length_previous,100,100
387,start,420,420
387,length,10632,10632
387,fade,2273,2273
387,start_plus_old_fade,7429,7429
387,end,9512,9512
387,end_plus_new_fade,11785,11785
387,cursor,500,500
387,cursor_enabled,False,0
387,start_previous,100,100
387,length_previous,100,100
388,start,29,29
388,length,1280,1280
388,fade,128,128
388,start_plus_old_fade,455,455
388,end,143,143
388,end_plus_new_fade,271,271
388,cursor,101,101
388,cursor_enabled,False,0
388,start_previous,100,100
388,length_previous,100,100
389,start,12582912,12582912
389,length,4194304,4194304
389,fade,12292,12292
389,start_plus_old_fade,12587889,12587889
389,end,16006848,16006848
389,end_plus_new_fade,16019140,16019140
389,cursor,100,100
389,cursor_enabled,False,0
389,start_previous,100,100
389,length_previous,100,100
390,start,666,666
390,length,48,48
390,fade,128,128
390,start_plus_old_fade,4008,4008
390,end,689,689
390,end_plus_new_fade,817,817
390,cursor,100,100
390,cursor_enabled,True,1
390,start_previous,100,100
390,length_previous,100,100
391,start,1048576,1048576
391,length,12582912,12582912
391,fade,128,128
391,start_plus_old_fade,1059606,1059606
391,end,13386830,13386830
391,end_plus_new_fade,13386958,13386958
391,cursor,500,500
391,cursor_enabled,False,0
391,start_previous,100,100
391,length_previous,100,100
392,start,38798,38798
392,length,15537,15537
392,fade,12292,12292
392,start_plus_old_fade,48317,48317
392,end,16391,16391
392,end_plus_new_fade,28683,28683
392,cursor,200,200
392,cursor_enabled,True,1
392,start_previous,100,100
392,length_previous,100,100
393,start,5487,5487
393,length,47884,47884
393,fade,128,128
393,start_plus_old_fade,7764,7764
393,end,50630,50630
393,end_plus_new_fade,50758,50758
393,cursor,99,99
393,cursor_enabled,False,0
393,start_previous,100,100
393,length_previous,100,100
394,start,18389675,18389675
394,length,12368979,12368979
394,fade,512,512
394,start_plus_old_fade,18398029,18398029
394,end,1258654,1258654
394,end_plus_new_fade,1259166,1259166
394,cursor,100,100
394,cursor_enabled,True,1
394,start_previous,100,100
394,length_previous,100,100
395,start,712,712
395,length,858,858
395,fade,214,214
395,start_plus_old_fade,4790,4790
395,end,546,546
395,end_plus_new_fade,760,760
395,cursor,100,100
395,cursor_enabled,False,0
395,start_previous,100,100
395,length_previous,100,100
396,start,381,381
396,length,1280,1280
396,fade,128,128
396,start_plus_old_fade,8566,8566
396,end,346,346
396,end_plus_new_fade,474,474
396,cursor,100,100
396,cursor_enabled,True,1
396,start_previous,100,100
396,length_previous,100,100
397,start,19212822,19212822
397,length,5719902,5719902
397,fade,128,128
397,start_plus_old_fade,19223720,19223720
397,end,28982377,28982377
397,end_plus_new_fade,28982505,28982505
397,cursor,99,99
397,cursor_enabled,False,0
397,start_previous,100,100
397,length_previous,100,100
398,start,427,427
398,length,85,85
398,fade,128,128
398,start_plus_old_fade,4968,4968
398,end,521,521
398,end_plus_new_fade,649,649
398,cursor,501,501
398,cursor_enabled,False,0
398,start_previous,100,100
398,length_previous,100,100
399,start,916,916
399,length,292,292
399,fade,128,128
399,start_plus_old_fade,5025,5025
399,end,1208,1208
399,end_plus_new_fade,1336,1336
399,cursor,499,499
399,cursor_enabled,False,0
399,start_previous,100,100
399,length_previous,100,100
400,start,279,279
400,length,1280,1280
400,fade,128,128
400,start_plus_old_fade,1360,1360
400,end,952,952
400,end_plus_new_fade,1080,1080
400,cursor,100,100
400,cursor_enabled,False,0
400,start_previous,100,100
400,length_previous,100,100
401,start,80,80
401,length,88,88
401,fade,128,128
401,start_plus_old_fade,10719,10719
401,end,168,168
401,end_plus_new_fade,296,296
401,cursor,499,499
401,cursor_enabled,False,0
401,start_previous,100,100
401,length_previous,100,100
402,start,20582932,20582932
402,length,20690255,20690255
402,fade,12292,12292
402,start_plus_old_fade,20590334,20590334
402,end,11773187,11773187
402,end_plus_new_fade,11785479,11785479
402,cursor,500,500
402,cursor_enabled,False,0
402,start_previous,100,100
402,length_previous,100,100
403,start,4194304,4194304
403,length,5242880,5242880
403,fade,12292,12292
403,start_plus_old_fade,4203811,4203811
403,end,5753905,5753905
403,end_plus_new_fade,5766197,5766197
403,cursor,501,501
403,cursor_enabled,False,0
403,start_previous,100,100
403,length_previous,100,100
404,start,917,917
404,length,939,939
404,fade,128,128
404,start_plus_old_fade,9014,9014
404,end,1856,1856
404,end_plus_new_fade,1984,1984
404,cursor,500,500
404,cursor_enabled,False,0
404,start_previous,100,100
404,length_previous,100,100
405,start,5152940,5152940
405,length,20984982,20984982
405,fade,128,128
405,start_plus_old_fade,5162456,5162456
405,end,16761804,16761804
405,end_plus_new_fade,16761932,16761932
405,cursor,499,499
405,cursor_enabled,True,1
405,start_previous,100,100
405,length_previous,100,100
406,start,10129,10129
406,length,132,132
406,fade,128,128
406,start_plus_old_fade,21367,21367
406,end,21,21
406,end_plus_new_fade,149,149
406,cursor,99,99
406,cursor_enabled,False,0
406,start_previous,100,100
406,length_previous,100,100
407,start,1635968,1635968
407,length,2989621,2989621
407,fade,3073,3073
407,start_plus_old_fade,1638922,1638922
407,end,789807,789807
407,end_plus_new_fade,792880,792880
407,cursor,100,100
407,cursor_enabled,False,0
407,start_previous,100,100
407,length_previous,100,100
408,start,48209,48209
408,length,23870,23870
408,fade,4979,4979
408,start_plus_old_fade,60354,60354
408,end,18952,18952
408,end_plus_new_fade,23931,23931
408,cursor,499,499
408,cursor_enabled,False,0
408,start_previous,100,100
408,length_previous,100,100
409,start,2524,2524
409,length,2068,2068
409,fade,128,128
409,start_plus_old_fade,8947,8947
409,end,1072,1072
409,end_plus_new_fade,1200,1200
409,cursor,100,100
409,cursor_enabled,False,0
409,start_previous,100,100
409,length_previous,100,100
410,start,13478510,13478510
410,length,16576191,16576191
410,fade,128,128
410,start_plus_old_fade,13479880,13479880
410,end,28418084,28418084
410,end_plus_new_fade,28418212,28418212
410,cursor,100,100
410,cursor_enabled,True,1
410,start_previous,100,100
410,length_previous,100,100
411,start,12740,12740
411,length,849,849
411,fade,128,128
411,start_plus_old_fade,22921,22921
411,end,578,578
411,end_plus_new_fade,706,706
411,cursor,499,499
411,cursor_enabled,True,1
411,start_previous,100,100
411,length_previous,100,100
412,start,2763,2763
412,length,1869,1869
412,fade,128,128
412,start_plus_old_fade,12832,12832
412,end,4632,4632
412,end_plus_new_fade,4760,4760
412,cursor,101,101
412,cursor_enabled,False,0
412,start_previous,100,100
412,length_previous,100,100
413,start,789,789
413,length,941,941
413,fade,128,128
413,start_plus_old_fade,9233,9233
413,end,137,137
413,end_plus_new_fade,265,265
413,cursor,400,400
413,cursor_enabled,True,1
413,start_previous,100,100
413,length_previous,100,100
414,start,1000,1000
414,length,322,322
414,fade,128,128
414,start_plus_old_fade,10601,10601
414,end,12,12
414,end_plus_new_fade,140,140
414,cursor,499,499
414,cursor_enabled,True,1
414,start_previous,100,100
414,length_previous,100,100
415,start,16474995,16474995
415,length,13939560,13939560
415,fade,12292,12292
415,start_plus_old_fade,16485302,16485302
415,end,8917787,8917787
415,end_plus_new_fade,8930079,8930079
415,cursor,200,200
415,cursor_enabled,True,1
415,start_previous,100,100
415,length_previous,100,100
416,start,8388609,8388609
416,length,2298417,2298417
416,fade,256,256
416,start_plus_old_fade,8394249,8394249
416,end,11512777,11512777
416,end_plus_new_fade,11513033,11513033
416,cursor,101,101
416,cursor_enabled,False,0
416,start_previous,100,100
416,length_previous,100,100
417,start,0,0
417,length,29499999,29499999
417,fade,6147,6147
417,start_plus_old_fade,9503,9503
417,end,13790421,13790421
417,end_plus_new_fade,13796568,13796568
417,cursor,499,499
417,cursor_enabled,True,1
417,start_previous,100,100
417,length_previous,100,100
418,start,142,142
418,length,635,635
418,fade,128,128
418,start_plus_old_fade,5063,5063
418,end,318,318
418,end_plus_new_fade,446,446
418,cursor,499,499
418,cursor_enabled,True,1
418,start_previous,100,100
418,length_previous,100,100
419,start,30730,30730
419,length,35877,35877
419,fade,128,128
419,start_plus_old_fade,35128,35128
419,end,49495,49495
419,end_plus_new_fade,49623,49623
419,cursor,100,100
419,cursor_enabled,False,0
419,start_previous,100,100
419,length_previous,100,100
420,start,561,561
420,length,380,380
420,fade,128,128
420,start_plus_old_fade,10224,10224
420,end,941,941
420,end_plus_new_fade,1069,1069
420,cursor,101,101
420,cursor_enabled,True,1
420,start_previous,100,100
420,length_previous,100,100
421,start,44941,44941
421,length,2520,2520
421,fade,512,512
421,start_plus_old_fade,53212,53212
421,end,47461,47461
421,end_plus_new_fade,47973,47973
421,cursor,200,200
421,cursor_enabled,True,1
421,start_previous,100,100
421,length_previous,100,100
422,start,12617,12617
422,length,1280,1280
422,fade,128,128
422,start_plus_old_fade,15274,15274
422,end,276,276
422,end_plus_new_fade,404,404
422,cursor,501,501
422,cursor_enabled,True,1
422,start_previous,100,100
422,length_previous,100,100
423,start,10731,10731
423,length,1280,1280
423,fade,128,128
423,start_plus_old_fade,13167,13167
423,end,867,867
423,end_plus_new_fade,995,995
423,cursor,501,501
423,cursor_enabled,True,1
423,start_previous,100,100
423,length_previous,100,100
424,start,2086,2086
424,length,67,67
424,fade,128,128
424,start_plus_old_fade,9994,9994
424,end,2131,2131
424,end_plus_new_fade,2259,2259
424,cursor,101,101
424,cursor_enabled,False,0
424,start_previous,100,100
424,length_previous,100,100
425,start,325,325
425,length,1023,1023
425,fade,128,128
425,start_plus_old_fade,2454,2454
425,end,215,215
425,end_plus_new_fade,343,343
425,cursor,501,501
425,cursor_enabled,False,0
425,start_previous,100,100
425,length_previous,100,100
426,start,8035,8035
426,length,586,586
426,fade,148,148
426,start_plus_old_fade,9499,9499
426,end,139,139
426,end_plus_new_fade,287,287
426,cursor,200,200
426,cursor_enabled,True,1
426,start_previous,100,100
426,length_previous,100,100
427,start,22139624,22139624
427,length,5366911,5366911
427,fade,12292,12292
427,start_plus_old_fade,22151234,22151234
427,end,16717302,16717302
427,end_plus_new_fade,16729594,16729594
427,cursor,499,499
427,cursor_enabled,True,1
427,start_previous,100,100
427,length_previous,100,100
428,start,0,0
428,length,32022,32022
428,fade,6147,6147
428,start_plus_old_fade,9745,9745
428,end,32264,32264
428,end_plus_new_fade,38411,38411
428,cursor,101,101
428,cursor_enabled,False,0
428,start_previous,100,100
428,length_previous,100,100
429,start,6358,6358
429,length,2704,2704
429,fade,128,128
429,start_plus_old_fade,12202,12202
429,end,6971,6971
429,end_plus_new_fade,7099,7099
429,cursor,501,501
429,cursor_enabled,False,0
429,start_previous,100,100
429,length_previous,100,100
430,start,41746,41746
430,length,4509,4509
430,fade,512,512
430,start_plus_old_fade,50041,50041
430,end,46255,46255
430,end_plus_new_fade,46767,46767
430,cursor,100,100
430,cursor_enabled,False,0
430,start_previous,100,100
430,length_previous,100,100
431,start,120,120
431,length,10,10
431,fade,128,128
431,start_plus_old_fade,1411,1411
431,end,130,130
431,end_plus_new_fade,258,258
431,cursor,101,101
431,cursor_enabled,False,0
431,start_previous,100,100
431,length_previous,100,100
432,start,27475702,27475702
432,length,4740171,4740171
432,fade,128,128
432,start_plus_old_fade,27476001,27476001
432,end,1131830,1131830
432,end_plus_new_fade,1131958,1131958
432,cursor,500,500
432,cursor_enabled,False,0
432,start_previous,100,100
432,length_previous,100,100
433,start,5242880,5242880
433,length,7340032,7340032
433,fade,128,128
433,start_plus_old_fade,5253242,5253242
433,end,11253319,11253319
433,end_plus_new_fade,11253447,11253447
433,cursor,499,499
433,cursor_enabled,True,1
433,start_previous,100,100
433,length_previous,100,100
434,start,3731624,3731624
434,length,19803542,19803542
434,fade,6147,6147
434,start_plus_old_fade,3741937,3741937
434,end,11682206,11682206
434,end_plus_new_fade,11688353,11688353
434,cursor,200,200
434,cursor_enabled,False,0
434,start_previous,100,100
434,length_previous,100,100
435,start,1843749,1843749
435,length,14749992,14749992
435,fade,128,128
435,start_plus_old_fade,1846414,1846414
435,end,28285376,28285376
435,end_plus_new_fade,28285504,28285504
435,cursor,501,501
435,cursor_enabled,True,1
435,start_previous,100,100
435,length_previous,100,100
436,start,65,65
436,length,2,2
436,fade,128,128
436,start_plus_old_fade,3770,3770
436,end,56,56
436,end_plus_new_fade,184,184
436,cursor,200,200
436,cursor_enabled,False,0
436,start_previous,100,100
436,length_previous,100,100
437,start,88,88
437,length,1280,1280
437,fade,128,128
437,start_plus_old_fade,12230,12230
437,end,205,205
437,end_plus_new_fade,333,333
437,cursor,200,200
437,cursor_enabled,False,0
437,start_previous,100,100
437,length_previous,100,100
438,start,10752,10752
438,length,12288,12288
438,fade,421,421
438,start_plus_old_fade,19314,19314
438,end,11595,11595
438,end_plus_new_fade,12016,12016
438,cursor,500,500
438,cursor_enabled,True,1
438,start_previous,100,100
438,length_previous,100,100
439,start,4850303,4850303
439,length,6332094,6332094
439,fade,6147,6147
439,start_plus_old_fade,4850493,4850493
439,end,11182397,11182397
439,end_plus_new_fade,11188544,11188544
439,cursor,101,101
439,cursor_enabled,False,0
439,start_previous,100,100
439,length_previous,100,100
440,start,24632600,24632600
440,length,19875580,19875580
440,fade,128,128
440,start_plus_old_fade,24641479,24641479
440,end,27237845,27237845
440,end_plus_new_fade,27237973,27237973
440,cursor,499,499
440,cursor_enabled,True,1
440,start_previous,100,100
440,length_previous,100,100
441,start,11835,11835
441,length,10143,10143
441,fade,128,128
441,start_plus_old_fade,12368,12368
441,end,9685,9685
441,end_plus_new_fade,9813,9813
441,cursor,499,499
441,cursor_enabled,False,0
441,start_previous,100,100
441,length_previous,100,100
442,start,0,0
442,length,29499998,29499998
442,fade,128,128
442,start_plus_old_fade,3644,3644
442,end,25132856,25132856
442,end_plus_new_fade,25132984,25132984
442,cursor,500,500
442,cursor_enabled,True,1
442,start_previous,100,100
442,length_previous,100,100
443,start,12546,12546
443,length,28071,28071
443,fade,128,128
443,start_plus_old_fade,24517,24517
443,end,40617,40617
443,end_plus_new_fade,40745,40745
443,cursor,100,100
443,cursor_enabled,False,0
443,start_previous,100,100
443,length_previous,100,100
444,start,93,93
444,length,22,22
444,fade,128,128
444,start_plus_old_fade,2650,2650
444,end,196,196
444,end_plus_new_fade,324,324
444,cursor,200,200
444,cursor_enabled,False,0
444,start_previous,100,100
444,length_previous,100,100
445,start,29187982,29187982
445,length,18437495,18437495
445,fade,6147,6147
445,start_plus_old_fade,29195837,29195837
445,end,5142147,5142147
445,end_plus_new_fade,5148294,5148294
445,cursor,99,99
445,cursor_enabled,True,1
445,start_previous,100,100
445,length_previous,100,100
446,start,0,0
446,length,5180781,5180781
446,fade,256,256
446,start_plus_old_fade,7458,7458
446,end,5180781,5180781
446,end_plus_new_fade,5181037,5181037
446,cursor,100,100
446,cursor_enabled,True,1
446,start_previous,100,100
446,length_previous,100,100
447,start,12292,12292
447,length,3638,3638
447,fade,512,512
447,start_plus_old_fade,20053,20053
447,end,9595,9595
447,end_plus_new_fade,10107,10107
447,cursor,200,200
447,cursor_enabled,True,1
447,start_previous,100,100
447,length_previous,100,100
448,start,85,85
448,length,41,41
448,fade,128,128
448,start_plus_old_fade,6033,6033
448,end,108,108
448,end_plus_new_fade,236,236
448,cursor,501,501
448,cursor_enabled,True,1
448,start_previous,100,100
448,length_previous,100,100
449,start,831,831
449,length,584,584
449,fade,128,128
449,start_plus_old_fade,3488,3488
449,end,1415,1415
449,end_plus_new_fade,1543,1543
449,cursor,99,99
449,cursor_enabled,True,1
449,start_previous,100,100
449,length_previous,100,100
450,start,0,0
450,length,29499999,29499999
450,fade,6147,6147
450,start_plus_old_fade,5765,5765
450,end,18014431,18014431
450,end_plus_new_fade,18020578,18020578
450,cursor,100,100
450,cursor_enabled,True,1
450,start_previous,100,100
450,length_previous,100,100
451,start,7340,7340
451,length,8159,8159
451,fade,2039,2039
451,start_plus_old_fade,16651,16651
451,end,3206,3206
451,end_plus_new_fade,5245,5245
451,cursor,500,500
451,cursor_enabled,False,0
451,start_previous,100,100
451,length_previous,100,100
452,start,18010066,18010066
452,length,29499998,29499998
452,fade,12292,12292
452,start_plus_old_fade,18014158,18014158
452,end,11774316,11774316
452,end_plus_new_fade,11786608,11786608
452,cursor,501,501
452,cursor_enabled,True,1
452,start_previous,100,100
452,length_previous,100,100
453,start,2308301,2308301
453,length,13683983,13683983
453,fade,128,128
453,start_plus_old_fade,2310618,2310618
453,end,12644153,12644153
453,end_plus_new_fade,12644281,12644281
453,cursor,499,499
453,cursor_enabled,False,0
453,start_previous,100,100
453,length_previous,100,100
454,start,832,832
454,length,496,496
454,fade,128,128
454,start_plus_old_fade,7905,7905
454,end,127,127
454,end_plus_new_fade,255,255
454,cursor,99,99
454,cursor_enabled,False,0
454,start_previous,100,100
454,length_previous,100,100
455,start,25948474,25948474
455,length,29499999,29499999
455,fade,128,128
455,start_plus_old_fade,25952040,25952040
455,end,8188947,8188947
455,end_plus_new_fade,8189075,8189075
455,cursor,100,100
455,cursor_enabled,True,1
455,start_previous,100,100
455,length_previous,100,100
456,start,10146,10146
456,length,5706,5706
456,fade,2114,2114
456,start_plus_old_fade,22436,22436
456,end,6309,6309
456,end_plus_new_fade,8423,8423
456,cursor,499,499
456,cursor_enabled,False,0
456,start_previous,100,100
456,length_previous,100,100
457,start,9765,9765
457,length,75,75
457,fade,128,128
457,start_plus_old_fade,20645,20645
457,end,69,69
457,end_plus_new_fade,197,197
457,cursor,200,200
457,cursor_enabled,False,0
457,start_previous,100,100
457,length_previous,100,100
458,start,6121,6121
458,length,8701,8701
458,fade,128,128
458,start_plus_old_fade,13588,13588
458,end,2529,2529
458,end_plus_new_fade,2657,2657
458,cursor,200,200
458,cursor_enabled,True,1
458,start_previous,100,100
458,length_previous,100,100
459,start,15161402,15161402
459,length,2790351,2790351
459,fade,128,128
459,start_plus_old_fade,15161771,15161771
459,end,1174534,1174534
459,end_plus_new_fade,1174662,1174662
459,cursor,499,499
459,cursor_enabled,False,0
459,start_previous,100,100
459,length_previous,100,100
460,start,26,26
460,length,575,575
460,fade,287,287
460,start_plus_old_fade,5227,5227
460,end,601,601
460,end_plus_new_fade,888,888
460,cursor,100,100
460,cursor_enabled,False,0
460,start_previous,100,100
460,length_previous,100,100
461,start,6534717,6534717
461,length,2871997,2871997
461,fade,3073,3073
461,start_plus_old_fade,6545975,6545975
461,end,11440130,11440130
461,end_plus_new_fade,11443203,11443203
461,cursor,99,99
461,cursor_enabled,False,0
461,start_previous,100,100
461,length_previous,100,100
462,start,86,86
462,length,1280,1280
462,fade,128,128
462,start_plus_old_fade,2486,2486
462,end,155,155
462,end_plus_new_fade,283,283
462,cursor,100,100
462,cursor_enabled,False,0
462,start_previous,100,100
462,length_previous,100,100
463,start,3759458,3759458
463,length,24082126,24082126
463,fade,512,512
463,start_plus_old_fade,3764464,3764464
463,end,27841584,27841584
463,end_plus_new_fade,27842096,27842096
463,cursor,101,101
463,cursor_enabled,False,0
463,start_previous,100,100
463,length_previous,100,100
464,start,13,13
464,length,108,108
464,fade,128,128
464,start_plus_old_fade,11952,11952
464,end,121,121
464,end_plus_new_fade,249,249
464,cursor,501,501
464,cursor_enabled,True,1
464,start_previous,100,100
464,length_previous,100,100
465,start,7657295,7657295
465,length,9617005,9617005
465,fade,3073,3073
465,start_plus_old_fade,7665281,7665281
465,end,497081,497081
465,end_plus_new_fade,500154,500154
465,cursor,101,101
465,cursor_enabled,False,0
465,start_previous,100,100
465,length_previous,100,100
466,start,668,668
466,length,511,511
466,fade,128,128
466,start_plus_old_fade,7644,7644
466,end,673,673
466,end_plus_new_fade,801,801
466,cursor,100,100
466,cursor_enabled,True,1
466,start_previous,100,100
466,length_previous,100,100
467,start,7463248,7463248
467,length,20992186,20992186
467,fade,256,256
467,start_plus_old_fade,7470659,7470659
467,end,28722221,28722221
467,end_plus_new_fade,28722477,28722477
467,cursor,200,200
467,cursor_enabled,True,1
467,start_previous,100,100
467,length_previous,100,100
468,start,35,35
468,length,14,14
468,fade,128,128
468,start_plus_old_fade,8335,8335
468,end,158,158
468,end_plus_new_fade,286,286
468,cursor,101,101
468,cursor_enabled,False,0
468,start_previous,100,100
468,length_previous,100,100
469,start,0,0
469,length,15092186,15092186
469,fade,128,128
469,start_plus_old_fade,4032,4032
469,end,24122367,24122367
469,end_plus_new_fade,24122495,24122495
469,cursor,200,200
469,cursor_enabled,True,1
469,start_previous,100,100
469,length_previous,100,100
470,start,11938,11938
470,length,113,113
470,fade,128,128
470,start_plus_old_fade,18181,18181
470,end,93,93
470,end_plus_new_fade,221,221
470,cursor,500,500
470,cursor_enabled,True,1
470,start_previous,100,100
470,length_previous,100,100
471,start,36605,36605
471,length,49169,49169
471,fade,128,128
471,start_plus_old_fade,37110,37110
471,end,43143,43143
471,end_plus_new_fade,43271,43271
471,cursor,101,101
471,cursor_enabled,False,0
471,start_previous,100,100
471,length_previous,100,100
472,start,732,732
472,length,377,377
472,fade,128,128
472,start_plus_old_fade,1110,1110
472,end,1023,1023
472,end_plus_new_fade,1151,1151
472,cursor,200,200
472,cursor_enabled,True,1
472,start_previous,100,100
472,length_previous,100,100
473,start,4385,4385
473,length,126,126
473,fade,128,128
473,start_plus_old_fade,16388,16388
473,end,56,56
473,end_plus_new_fade,184,184
473,cursor,500,500
473,cursor_enabled,True,1
473,start_previous,100,100
473,length_previous,100,100
474,start,892,892
474,length,371,371
474,fade,128,128
474,start_plus_old_fade,11785,11785
474,end,1239,1239
474,end_plus_new_fade,1367,1367
474,cursor,200,200
474,cursor_enabled,False,0
474,start_previous,100,100
474,length_previous,100,100
475,start,11277,11277
475,length,882,882
475,fade,128,128
475,start_plus_old_fade,19944,19944
475,end,463,463
475,end_plus_new_fade,591,591
475,cursor,200,200
475,cursor_enabled,False,0
475,start_previous,100,100
475,length_previous,100,100
476,start,222,222
476,length,523,523
476,fade,130,130
476,start_plus_old_fade,10334,10334
476,end,745,745
476,end_plus_new_fade,875,875
476,cursor,99,99
476,cursor_enabled,True,1
476,start_previous,100,100
476,length_previous,100,100
477,start,30138,30138
477,length,37726,37726
477,fade,128,128
477,start_plus_old_fade,30972,30972
477,end,10459,10459
477,end_plus_new_fade,10587,10587
477,cursor,100,100
477,cursor_enabled,True,1
477,start_previous,100,100
477,length_previous,100,100
478,start,16593741,16593741
478,length,6886935,6886935
478,fade,512,512
478,start_plus_old_fade,16601179,16601179
478,end,14674440,14674440
478,end_plus_new_fade,14674952,14674952
478,cursor,101,101
478,cursor_enabled,False,0
478,start_previous,100,100
478,length_previous,100,100
479,start,51751,51751
479,length,16785,16785
479,fade,512,512
479,start_plus_old_fade,55071,55071
479,end,36100,36100
479,end_plus_new_fade,36612,36612
479,cursor,501,501
479,cursor_enabled,True,1
479,start_previous,100,100
479,length_previous,100,100
480,start,3715980,3715980
480,length,230955,230955
480,fade,128,128
480,start_plus_old_fade,3717091,3717091
480,end,3946935,3946935
480,end_plus_new_fade,3947063,3947063
480,cursor,500,500
480,cursor_enabled,True,1
480,start_previous,100,100
480,length_previous,100,100
481,start,5559,5559
481,length,31134,31134
481,fade,128,128
481,start_plus_old_fade,17494,17494
481,end,4713,4713
481,end_plus_new_fade,4841,4841
481,cursor,200,200
481,cursor_enabled,True,1
481,start_previous,100,100
481,length_previous,100,100
482,start,2048,2048
482,length,5430,5430
482,fade,128,128
482,start_plus_old_fade,11822,11822
482,end,10890,10890
482,end_plus_new_fade,11018,11018
482,cursor,499,499
482,cursor_enabled,True,1
482,start_previous,100,100
482,length_previous,100,100
483,start,8495,8495
483,length,8194,8194
483,fade,128,128
483,start_plus_old_fade,19431,19431
483,end,2853,2853
483,end_plus_new_fade,2981,2981
483,cursor,499,499
483,cursor_enabled,False,0
483,start_previous,100,100
483,length_previous,100,100
484,start,20281239,20281239
484,length,6313319,6313319
484,fade,128,128
484,start_plus_old_fade,20286668,20286668
484,end,26594558,26594558
484,end_plus_new_fade,26594686,26594686
484,cursor,101,101
484,cursor_enabled,False,0
484,start_previous,100,100
484,length_previous,100,100
485,start,5862,5862
485,length,647,647
485,fade,128,128
485,start_plus_old_fade,14622,14622
485,end,809,809
485,end_plus_new_fade,937,937
485,cursor,500,500
485,cursor_enabled,False,0
485,start_previous,100,100
485,length_previous,100,100
486,start,8194,8194
486,length,202,202
486,fade,128,128
486,start_plus_old_fade,9794,9794
486,end,861,861
486,end_plus_new_fade,989,989
486,cursor,101,101
486,cursor_enabled,False,0
486,start_previous,100,100
486,length_previous,100,100
487,start,7388,7388
487,length,1280,1280
487,fade,128,128
487,start_plus_old_fade,13456,13456
487,end,61,61
487,end_plus_new_fade,189,189
487,cursor,99,99
487,cursor_enabled,False,0
487,start_previous,100,100
487,length_previous,100,100
488,start,39119,39119
488,length,49169,49169
488,fade,128,128
488,start_plus_old_fade,48018,48018
488,end,38572,38572
488,end_plus_new_fade,38700,38700
488,cursor,101,101
488,cursor_enabled,False,0
488,start_previous,100,100
488,length_previous,100,100
489,start,9978,9978
489,length,1503,1503
489,fade,2616,2616
489,start_plus_old_fade,19179,19179
489,end,2918,2918
489,end_plus_new_fade,5534,5534
489,cursor,99,99
489,cursor_enabled,True,1
489,start_previous,100,100
489,length_previous,100,100
490,start,12799032,12799032
490,length,8206292,8206292
490,fade,128,128
490,start_plus_old_fade,12808381,12808381
490,end,2783231,2783231
490,end_plus_new_fade,2783359,2783359
490,cursor,200,200
490,cursor_enabled,False,0
490,start_previous,100,100
490,length_previous,100,100
491,start,24,24
491,length,1280,1280
491,fade,128,128
491,start_plus_old_fade,4387,4387
491,end,63,63
491,end_plus_new_fade,191,191
491,cursor,500,500
491,cursor_enabled,True,1
491,start_previous,100,100
491,length_previous,100,100
492,start,40,40
492,length,23,23
492,fade,128,128
492,start_plus_old_fade,9490,9490
492,end,63,63
492,end_plus_new_fade,191,191
492,cursor,499,499
492,cursor_enabled,False,0
492,start_previous,100,100
492,length_previous,100,100
493,start,10438608,10438608
493,length,12954717,12954717
493,fade,128,128
493,start_plus_old_fade,10440546,10440546
493,end,6781322,6781322
493,end_plus_new_fade,6781450,6781450
493,cursor,200,200
493,cursor_enabled,True,1
493,start_previous,100,100
493,length_previous,100,100
494,start,52381,52381
494,length,49168,49168
494,fade,128,128
494,start_plus_old_fade,62065,62065
494,end,469,469
494,end_plus_new_fade,597,597
494,cursor,100,100
494,cursor_enabled,False,0
494,start_previous,100,100
494,length_previous,100,100
495,start,54,54
495,length,92,92
495,fade,128,128
495,start_plus_old_fade,3598,3598
495,end,18,18
495,end_plus_new_fade,146,146
495,cursor,100,100
495,cursor_enabled,True,1
495,start_previous,100,100
495,length_previous,100,100
496,start,7423116,7423116
496,length,17462272,17462272
496,fade,12292,12292
496,start_plus_old_fade,7434160,7434160
496,end,4312007,4312007
496,end_plus_new_fade,4324299,4324299
496,cursor,500,500
496,cursor_enabled,False,0
496,start_previous,100,100
496,length_previous,100,100
497,start,84,84
497,length,128,128
497,fade,128,128
497,start_plus_old_fade,7413,7413
497,end,186,186
497,end_plus_new_fade,314,314
497,cursor,101,101
497,cursor_enabled,False,0
497,start_previous,100,100
497,length_previous,100,100
498,start,0,0
498,length,739,739
498,fade,128,128
498,start_plus_old_fade,4460,4460
498,end,739,739
498,end_plus_new_fade,867,867
498,cursor,501,501
498,cursor_enabled,True,1
498,start_previous,100,100
498,length_previous,100,100
499,start,5959975,5959975
499,length,1064013,1064013
499,fade,128,128
499,start_plus_old_fade,5962190,5962190
499,end,7023988,7023988
499,end_plus_new_fade,7024116,7024116
499,cursor,101,101
499,cursor_enabled,True,1
499,start_previous,100,100
499,length_previous,100,100
500,start,15654648,15654648
500,length,10485760,10485760
500,fade,128,128
500,start_plus_old_fade,15664185,15664185
500,end,6302790,6302790
500,end_plus_new_fade,6302918,6302918
500,cursor,200,200
500,cursor_enabled,False,0
500,start_previous,100,100
500,length_previous,100,100
501,start,24089866,24089866
501,length,14667155,14667155
501,fade,256,256
501,start_plus_old_fade,24099689,24099689
501,end,7362115,7362115
501,end_plus_new_fade,7362371,7362371
501,cursor,500,500
501,cursor_enabled,True,1
501,start_previous,100,100
501,length_previous,100,100
502,start,106,106
502,length,62,62
502,fade,128,128
502,start_plus_old_fade,9311,9311
502,end,114,114
502,end_plus_new_fade,242,242
502,cursor,500,500
502,cursor_enabled,True,1
502,start_previous,100,100
502,length_previous,100,100
503,start,1007,1007
503,length,491,491
503,fade,128,128
503,start_plus_old_fade,5042,5042
503,end,474,474
503,end_plus_new_fade,602,602
503,cursor,99,99
503,cursor_enabled,True,1
503,start_previous,100,100
503,length_previous,100,100
504,start,9639107,9639107
504,length,11184812,11184812
504,fade,6147,6147
504,start_plus_old_fade,9644830,9644830
504,end,7990146,7990146
504,end_plus_new_fade,7996293,7996293
504,cursor,100,100
504,cursor_enabled,True,1
504,start_previous,100,100
504,length_previous,100,100
505,start,1481,1481
505,length,2789,2789
505,fade,128,128
505,start_plus_old_fade,11338,11338
505,end,4270,4270
505,end_plus_new_fade,4398,4398
505,cursor,99,99
505,cursor_enabled,False,0
505,start_previous,100,100
505,length_previous,100,100
506,start,5110,5110
506,length,1280,1280
506,fade,128,128
506,start_plus_old_fade,7953,7953
506,end,27,27
506,end_plus_new_fade,155,155
506,cursor,500,500
506,cursor_enabled,True,1
506,start_previous,100,100
506,length_previous,100,100
507,start,11449562,11449562
507,length,13043431,13043431
507,fade,256,256
507,start_plus_old_fade,11450605,11450605
507,end,7715774,7715774
507,end_plus_new_fade,7716030,7716030
507,cursor,100,100
507,cursor_enabled,True,1
507,start_previous,100,100
507,length_previous,100,100
508,start,79,79
508,length,1280,1280
508,fade,128,128
508,start_plus_old_fade,7781,7781
508,end,650,650
508,end_plus_new_fade,778,778
508,cursor,400,400
508,cursor_enabled,True,1
508,start_previous,100,100
508,length_previous,100,100
509,start,21157876,21157876
509,length,8839194,8839194
509,fade,512,512
509,start_plus_old_fade,21162196,21162196
509,end,22897129,22897129
509,end_plus_new_fade,22897641,22897641
509,cursor,99,99
509,cursor_enabled,False,0
509,start_previous,100,100
509,length_previous,100,100
510,start,40,40
510,length,1280,1280
510,fade,128,128
510,start_plus_old_fade,946,946
510,end,47,47
510,end_plus_new_fade,175,175
510,cursor,100,100
510,cursor_enabled,False,0
510,start_previous,100,100
510,length_previous,100,100
511,start,11001,11001
511,length,2902,2902
511,fade,1451,1451
511,start_plus_old_fade,11949,11949
511,end,13903,13903
511,end_plus_new_fade,15354,15354
511,cursor,101,101
511,cursor_enabled,True,1
511,start_previous,100,100
511,length_previous,100,100
512,start,175,175
512,length,1280,1280
512,fade,128,128
512,start_plus_old_fade,2612,2612
512,end,113,113
512,end_plus_new_fade,241,241
512,cursor,99,99
512,cursor_enabled,True,1
512,start_previous,100,100
512,length_previous,100,100
513,start,28467290,28467290
513,length,6562759,6562759
513,fade,128,128
513,start_plus_old_fade,28474936,28474936
513,end,4797119,4797119
513,end_plus_new_fade,4797247,4797247
513,cursor,100,100
513,cursor_enabled,True,1
513,start_previous,100,100
513,length_previous,100,100
514,start,29492796,29492796
514,length,29499992,29499992
514,fade,12292,12292
514,start_plus_old_fade,29496400,29496400
514,end,2677312,2677312
514,end_plus_new_fade,2689604,2689604
514,cursor,499,499
514,cursor_enabled,True,1
514,start_previous,100,100
514,length_previous,100,100
515,start,8,8
515,length,94,94
515,fade,128,128
515,start_plus_old_fade,9167,9167
515,end,102,102
515,end_plus_new_fade,230,230
515,cursor,100,100
515,cursor_enabled,False,0
515,start_previous,100,100
515,length_previous,100,100
516,start,9216,9216
516,length,12288,12288
516,fade,128,128
516,start_plus_old_fade,16917,16917
516,end,11377,11377
516,end_plus_new_fade,11505,11505
516,cursor,499,499
516,cursor_enabled,False,0
516,start_previous,100,100
516,length_previous,100,100
517,start,26625642,26625642
517,length,14112454,14112454
517,fade,128,128
517,start_plus_old_fade,26637480,26637480
517,end,29389207,29389207
517,end_plus_new_fade,29389335,29389335
517,cursor,499,499
517,cursor_enabled,False,0
517,start_previous,100,100
517,length_previous,100,100
518,start,25275,25275
518,length,41748,41748
518,fade,128,128
518,start_plus_old_fade,33461,33461
518,end,14567,14567
518,end_plus_new_fade,14695,14695
518,cursor,99,99
518,cursor_enabled,True,1
518,start_previous,100,100
518,length_previous,100,100
519,start,7245,7245
519,length,128,128
519,fade,128,128
519,start_plus_old_fade,17228,17228
519,end,11,11
519,end_plus_new_fade,139,139
519,cursor,499,499
519,cursor_enabled,True,1
519,start_previous,100,100
519,length_previous,100,100
520,start,21919,21919
520,length,10620,10620
520,fade,128,128
520,start_plus_old_fade,28957,28957
520,end,1382,1382
520,end_plus_new_fade,1510,1510
520,cursor,500,500
520,cursor_enabled,False,0
520,start_previous,100,100
520,length_previous,100,100
521,start,82,82
521,length,929,929
521,fade,493,493
521,start_plus_old_fade,8215,8215
521,end,44,44
521,end_plus_new_fade,537,537
521,cursor,500,500
521,cursor_enabled,False,0
521,start_previous,100,100
521,length_previous,100,100
522,start,7021,7021
522,length,71,71
522,fade,128,128
522,start_plus_old_fade,9479,9479
522,end,126,126
522,end_plus_new_fade,254,254
522,cursor,500,500
522,cursor_enabled,False,0
522,start_previous,100,100
522,length_previous,100,100
523,start,0,0
523,length,791,791
523,fade,128,128
523,start_plus_old_fade,2740,2740
523,end,445,445
523,end_plus_new_fade,573,573
523,cursor,101,101
523,cursor_enabled,False,0
523,start_previous,100,100
523,length_previous,100,100
524,start,108,108
524,length,29,29
524,fade,128,128
524,start_plus_old_fade,11982,11982
524,end,39,39
524,end_plus_new_fade,167,167
524,cursor,99,99
524,cursor_enabled,False,0
524,start_previous,100,100
524,length_previous,100,100
525,start,0,0
525,length,127,127
525,fade,128,128
525,start_plus_old_fade,10406,10406
525,end,4,4
525,end_plus_new_fade,132,132
525,cursor,101,101
525,cursor_enabled,True,1
525,start_previous,100,100
525,length_previous,100,100
526,start,1266,1266
526,length,2278,2278
526,fade,332,332
526,start_plus_old_fade,1627,1627
526,end,3926,3926
526,end_plus_new_fade,4258,4258
526,cursor,99,99
526,cursor_enabled,False,0
526,start_previous,100,100
526,length_previous,100,100
527,start,3524,3524
527,length,23,23
527,fade,128,128
527,start_plus_old_fade,12756,12756
527,end,109,109
527,end_plus_new_fade,237,237
527,cursor,501,501
527,cursor_enabled,False,0
527,start_previous,100,100
527,length_previous,100,100
528,start,13923748,13923748
528,length,21100244,21100244
528,fade,128,128
528,start_plus_old_fade,13934661,13934661
528,end,6235454,6235454
528,end_plus_new_fade,6235582,6235582
528,cursor,500,500
528,cursor_enabled,False,0
528,start_previous,100,100
528,length_previous,100,100
529,start,11911,11911
529,length,11781,11781
529,fade,128,128
529,start_plus_old_fade,15980,15980
529,end,13264,13264
529,end_plus_new_fade,13392,13392
529,cursor,501,501
529,cursor_enabled,True,1
529,start_previous,100,100
529,length_previous,100,100
530,start,28382,28382
530,length,29837,29837
530,fade,128,128
530,start_plus_old_fade,37222,37222
530,end,18956,18956
530,end_plus_new_fade,19084,19084
530,cursor,500,500
530,cursor_enabled,False,0
530,start_previous,100,100
530,length_previous,100,100
531,start,251,251
531,length,1280,1280
531,fade,128,128
531,start_plus_old_fade,7152,7152
531,end,289,289
531,end_plus_new_fade,417,417
531,cursor,499,499
531,cursor_enabled,True,1
531,start_previous,100,100
531,length_previous,100,100
532,start,21264,21264
532,length,19439,19439
532,fade,128,128
532,start_plus_old_fade,30943,30943
532,end,12675,12675
532,end_plus_new_fade,12803,12803
532,cursor,400,400
532,cursor_enabled,True,1
532,start_previous,100,100
532,length_previous,100,100
533,start,6718,6718
533,length,10664,10664
533,fade,128,128
533,start_plus_old_fade,12253,12253
533,end,5089,5089
533,end_plus_new_fade,5217,5217
533,cursor,200,200
533,cursor_enabled,True,1
533,start_previous,100,100
533,length_previous,100,100
534,start,11518,11518
534,length,4607,4607
534,fade,2602,2602
534,start_plus_old_fade,20502,20502
534,end,4430,4430
534,end_plus_new_fade,7032,7032
534,cursor,100,100
534,cursor_enabled,False,0
534,start_previous,100,100
534,length_previous,100,100
535,start,216117,216117
535,length,22108792,22108792
535,fade,128,128
535,start_plus_old_fade,222145,222145
535,end,10559199,10559199
535,end_plus_new_fade,10559327,10559327
535,cursor,100,100
535,cursor_enabled,True,1
535,start_previous,100,100
535,length_previous,100,100
536,start,92,92
536,length,62,62
536,fade,128,128
536,start_plus_old_fade,2885,2885
536,end,154,154
536,end_plus_new_fade,282,282
536,cursor,500,500
536,cursor_enabled,False,0
536,start_previous,100,100
536,length_previous,100,100
537,start,1858,1858
537,length,9764,9764
537,fade,128,128
537,start_plus_old_fade,9137,9137
537,end,10683,10683
537,end_plus_new_fade,10811,10811
537,cursor,99,99
537,cursor_enabled,True,1
537,start_previous,100,100
537,length_previous,100,100
538,start,8248474,8248474
538,length,29499999,29499999
538,fade,512,512
538,start_plus_old_fade,8253336,8253336
538,end,26526962,26526962
538,end_plus_new_fade,26527474,26527474
538,cursor,200,200
538,cursor_enabled,True,1
538,start_previous,100,100
538,length_previous,100,100
539,start,11875,11875
539,length,15513,15513
539,fade,256,256
539,start_plus_old_fade,16868,16868
539,end,20549,20549
539,end_plus_new_fade,20805,20805
539,cursor,101,101
539,cursor_enabled,False,0
539,start_previous,100,100
539,length_previous,100,100
540,start,7690,7690
540,length,1280,1280
540,fade,128,128
540,start_plus_old_fade,9287,9287
540,end,779,779
540,end_plus_new_fade,907,907
540,cursor,501,501
540,cursor_enabled,False,0
540,start_previous,100,100
540,length_previous,100,100
541,start,9251146,9251146
541,length,6173922,6173922
541,fade,128,128
541,start_plus_old_fade,9256891,9256891
541,end,15425068,15425068
541,end_plus_new_fade,15425196,15425196
541,cursor,501,501
541,cursor_enabled,False,0
541,start_previous,100,100
541,length_previous,100,100
542,start,5592406,5592406
542,length,16777218,16777218
542,fade,128,128
542,start_plus_old_fade,5603950,5603950
542,end,56126,56126
542,end_plus_new_fade,56254,56254
542,cursor,500,500
542,cursor_enabled,False,0
542,start_previous,100,100
542,length_previous,100,100
543,start,52241,52241
543,length,46095,46095
543,fade,128,128
543,start_plus_old_fade,62498,62498
543,end,31931,31931
543,end_plus_new_fade,32059,32059
543,cursor,100,100
543,cursor_enabled,False,0
543,start_previous,100,100
543,length_previous,100,100
544,start,8214872,8214872
544,length,5835759,5835759
544,fade,128,128
544,start_plus_old_fade,8217769,8217769
544,end,14050631,14050631
544,end_plus_new_fade,14050759,14050759
544,cursor,100,100
544,cursor_enabled,True,1
544,start_previous,100,100
544,length_previous,100,100
545,start,0,0
545,length,126,126
545,fade,128,128
545,start_plus_old_fade,5932,5932
545,end,121,121
545,end_plus_new_fade,249,249
545,cursor,101,101
545,cursor_enabled,True,1
545,start_previous,100,100
545,length_previous,100,100
546,start,2611702,2611702
546,length,13429969,13429969
546,fade,256,256
546,start_plus_old_fade,2616607,2616607
546,end,7510811,7510811
546,end_plus_new_fade,7511067,7511067
546,cursor,200,200
546,cursor_enabled,False,0
546,start_previous,100,100
546,length_previous,100,100
547,start,1482,1482
547,length,1280,1280
547,fade,128,128
547,start_plus_old_fade,9029,9029
547,end,1498,1498
547,end_plus_new_fade,1626,1626
547,cursor,100,100
547,cursor_enabled,False,0
547,start_previous,100,100
547,length_previous,100,100
548,start,6820,6820
548,length,682,682
548,fade,128,128
548,start_plus_old_fade,12799,12799
548,end,363,363
548,end_plus_new_fade,491,491
548,cursor,99,99
548,cursor_enabled,False,0
548,start_previous,100,100
548,length_previous,100,100
549,start,12862,12862
549,length,48820,48820
549,fade,6147,6147
549,start_plus_old_fade,19888,19888
549,end,8247,8247
549,end_plus_new_fade,14394,14394
549,cursor,100,100
549,cursor_enabled,False,0
549,start_previous,100,100
549,length_previous,100,100
550,start,852,852
550,length,388,388
550,fade,128,128
550,start_plus_old_fade,7842,7842
550,end,23,23
550,end_plus_new_fade,151,151
550,cursor,200,200
550,cursor_enabled,False,0
550,start_previous,100,100
550,length_previous,100,100
551,start,508,508
551,length,1280,1280
551,fade,128,128
551,start_plus_old_fade,1201,1201
551,end,1328,1328
551,end_plus_new_fade,1456,1456
551,cursor,100,100
551,cursor_enabled,True,1
551,start_previous,100,100
551,length_previous,100,100
552,start,9251029,9251029
552,length,2761378,2761378
552,fade,128,128
552,start_plus_old_fade,9255121,9255121
552,end,40332,40332
552,end_plus_new_fade,40460,40460
552,cursor,499,499
552,cursor_enabled,True,1
552,start_previous,100,100
552,length_previous,100,100
553,start,784,784
553,length,949,949
553,fade,237,237
553,start_plus_old_fade,8290,8290
553,end,709,709
553,end_plus_new_fade,946,946
553,cursor,200,200
553,cursor_enabled,True,1
553,start_previous,100,100
553,length_previous,100,100
554,start,86,86
554,length,48,48
554,fade,128,128
554,start_plus_old_fade,11372,11372
554,end,199,199
554,end_plus_new_fade,327,327
554,cursor,500,500
554,cursor_enabled,False,0
554,start_previous,100,100
554,length_previous,100,100
555,start,3123278,3123278
555,length,9820186,9820186
555,fade,256,256
555,start_plus_old_fade,3126777,3126777
555,end,12943464,12943464
555,end_plus_new_fade,12943720,12943720
555,cursor,501,501
555,cursor_enabled,False,0
555,start_previous,100,100
555,length_previous,100,100
556,start,6,6
556,length,76,76
556,fade,128,128
556,start_plus_old_fade,737,737
556,end,82,82
556,end_plus_new_fade,210,210
556,cursor,500,500
556,cursor_enabled,True,1
556,start_previous,100,100
556,length_previous,100,100
557,start,15825,15825
557,length,4139,4139
557,fade,128,128
557,start_plus_old_fade,26049,26049
557,end,7671,7671
557,end_plus_new_fade,7799,7799
557,cursor,200,200
557,cursor_enabled,True,1
557,start_previous,100,100
557,length_previous,100,100
558,start,0,0
558,length,1280,1280
558,fade,128,128
558,start_plus_old_fade,4639,4639
558,end,73,73
558,end_plus_new_fade,201,201
558,cursor,500,500
558,cursor_enabled,False,0
558,start_previous,100,100
558,length_previous,100,100
559,start,97,97
559,length,678,678
559,fade,128,128
559,start_plus_old_fade,6483,6483
559,end,775,775
559,end_plus_new_fade,903,903
559,cursor,99,99
559,cursor_enabled,False,0
559,start_previous,100,100
559,length_previous,100,100
560,start,9594007,9594007
560,length,7685973,7685973
560,fade,3073,3073
560,start_plus_old_fade,9602113,9602113
560,end,81377,81377
560,end_plus_new_fade,84450,84450
560,cursor,400,400
560,cursor_enabled,True,1
560,start_previous,100,100
560,length_previous,100,100
561,start,7429205,7429205
561,length,12364748,12364748
561,fade,128,128
561,start_plus_old_fade,7440673,7440673
561,end,10199618,10199618
561,end_plus_new_fade,10199746,10199746
561,cursor,501,501
561,cursor_enabled,False,0
561,start_previous,100,100
561,length_previous,100,100
562,start,10996208,10996208
562,length,12717091,12717091
562,fade,128,128
562,start_plus_old_fade,11005713,11005713
562,end,8417243,8417243
562,end_plus_new_fade,8417371,8417371
562,cursor,100,100
562,cursor_enabled,True,1
562,start_previous,100,100
562,length_previous,100,100
563,start,8678,8678
563,length,8399,8399
563,fade,4199,4199
563,start_plus_old_fade,20585,20585
563,end,4784,4784
563,end_plus_new_fade,8983,8983
563,cursor,400,400
563,cursor_enabled,True,1
563,start_previous,100,100
563,length_previous,100,100
564,start,3509,3509
564,length,1280,1280
564,fade,128,128
564,start_plus_old_fade,7336,7336
564,end,102,102
564,end_plus_new_fade,230,230
564,cursor,99,99
564,cursor_enabled,False,0
564,start_previous,100,100
564,length_previous,100,100
565,start,8607339,8607339
565,length,22182275,22182275
565,fade,6147,6147
565,start_plus_old_fade,8609990,8609990
565,end,1289614,1289614
565,end_plus_new_fade,1295761,1295761
565,cursor,101,101
565,cursor_enabled,True,1
565,start_previous,100,100
565,length_previous,100,100
566,start,18438,18438
566,length,6146,6146
566,fade,512,512
566,start_plus_old_fade,21351,21351
566,end,3697,3697
566,end_plus_new_fade,4209,4209
566,cursor,101,101
566,cursor_enabled,True,1
566,start_previous,100,100
566,length_previous,100,100
567,start,27364634,27364634
567,length,25487424,25487424
567,fade,128,128
567,start_plus_old_fade,27366639,27366639
567,end,20491068,20491068
567,end_plus_new_fade,20491196,20491196
567,cursor,500,500
567,cursor_enabled,True,1
567,start_previous,100,100
567,length_previous,100,100
568,start,3299382,3299382
568,length,13943029,13943029
568,fade,3073,3073
568,start_plus_old_fade,3302402,3302402
568,end,17242411,17242411
568,end_plus_new_fade,17245484,17245484
568,cursor,500,500
568,cursor_enabled,True,1
568,start_previous,100,100
568,length_previous,100,100
569,start,4,4
569,length,1280,1280
569,fade,128,128
569,start_plus_old_fade,4472,4472
569,end,16,16
569,end_plus_new_fade,144,144
569,cursor,499,499
569,cursor_enabled,False,0
569,start_previous,100,100
569,length_previous,100,100
570,start,10752,10752
570,length,4608,4608
570,fade,128,128
570,start_plus_old_fade,15693,15693
570,end,8492,8492
570,end_plus_new_fade,8620,8620
570,cursor,101,101
570,cursor_enabled,True,1
570,start_previous,100,100
570,length_previous,100,100
571,start,11428,11428
571,length,2382,2382
571,fade,128,128
571,start_plus_old_fade,18590,18590
571,end,13810,13810
571,end_plus_new_fade,13938,13938
571,cursor,101,101
571,cursor_enabled,False,0
571,start_previous,100,100
571,length_previous,100,100
572,start,4936403,4936403
572,length,8388609,8388609
572,fade,128,128
572,start_plus_old_fade,4936707,4936707
572,end,16114475,16114475
572,end_plus_new_fade,16114603,16114603
572,cursor,501,501
572,cursor_enabled,False,0
572,start_previous,100,100
572,length_previous,100,100
573,start,390,390
573,length,180,180
573,fade,128,128
573,start_plus_old_fade,5132,5132
573,end,570,570
573,end_plus_new_fade,698,698
573,cursor,200,200
573,cursor_enabled,False,0
573,start_previous,100,100
573,length_previous,100,100
574,start,52,52
574,length,29,29
574,fade,128,128
574,start_plus_old_fade,11606,11606
574,end,126,126
574,end_plus_new_fade,254,254
574,cursor,499,499
574,cursor_enabled,False,0
574,start_previous,100,100
574,length_previous,100,100
575,start,1020,1020
575,length,41004,41004
575,fade,256,256
575,start_plus_old_fade,5493,5493
575,end,15550,15550
575,end_plus_new_fade,15806,15806
575,cursor,101,101
575,cursor_enabled,False,0
575,start_previous,100,100
575,length_previous,100,100
576,start,2445,2445
576,length,562,562
576,fade,128,128
576,start_plus_old_fade,6440,6440
576,end,395,395
576,end_plus_new_fade,523,523
576,cursor,500,500
576,cursor_enabled,True,1
576,start_previous,100,100
576,length_previous,100,100
577,start,341,341
577,length,350,350
577,fade,128,128
577,start_plus_old_fade,862,862
577,end,691,691
577,end_plus_new_fade,819,819
577,cursor,501,501
577,cursor_enabled,False,0
577,start_previous,100,100
577,length_previous,100,100
578,start,6078,6078
578,length,11979,11979
578,fade,512,512
578,start_plus_old_fade,16578,16578
578,end,5764,5764
578,end_plus_new_fade,6276,6276
578,cursor,100,100
578,cursor_enabled,True,1
578,start_previous,100,100
578,length_previous,100,100
579,start,0,0
579,length,19666666,19666666
579,fade,3073,3073
579,start_plus_old_fade,7353,7353
579,end,12250802,12250802
579,end_plus_new_fade,12253875,12253875
579,cursor,101,101
579,cursor_enabled,False,0
579,start_previous,100,100
579,length_previous,100,100
580,start,42,42
580,length,81,81
580,fade,128,128
580,start_plus_old_fade,5644,5644
580,end,123,123
580,end_plus_new_fade,251,251
580,cursor,100,100
580,cursor_enabled,False,0
580,start_previous,100,100
580,length_previous,100,100
581,start,24284372,24284372
581,length,11062494,11062494
581,fade,128,128
581,start_plus_old_fade,24290032,24290032
581,end,1782541,1782541
581,end_plus_new_fade,1782669,1782669
581,cursor,101,101
581,cursor_enabled,False,0
581,start_previous,100,100
581,length_previous,100,100
582,start,9419006,9419006
582,length,4194304,4194304
582,fade,12292,12292
582,start_plus_old_fade,9425511,9425511
582,end,9514660,9514660
582,end_plus_new_fade,9526952,9526952
582,cursor,499,499
582,cursor_enabled,False,0
582,start_previous,100,100
582,length_previous,100,100
583,start,23432,23432
583,length,12291,12291
583,fade,2885,2885
583,start_plus_old_fade,24577,24577
583,end,10387,10387
583,end_plus_new_fade,13272,13272
583,cursor,99,99
583,cursor_enabled,True,1
583,start_previous,100,100
583,length_previous,100,100
584,start,6598,6598
584,length,10259,10259
584,fade,128,128
584,start_plus_old_fade,13416,13416
584,end,13842,13842
584,end_plus_new_fade,13970,13970
584,cursor,99,99
584,cursor_enabled,False,0
584,start_previous,100,100
584,length_previous,100,100
585,start,9833333,9833333
585,length,29499999,29499999
585,fade,6147,6147
585,start_plus_old_fade,9841789,9841789
585,end,24489908,24489908
585,end_plus_new_fade,24496055,24496055
585,cursor,101,101
585,cursor_enabled,False,0
585,start_previous,100,100
585,length_previous,100,100
586,start,14048,14048
586,length,26511,26511
586,fade,128,128
586,start_plus_old_fade,16374,16374
586,end,35112,35112
586,end_plus_new_fade,35240,35240
586,cursor,99,99
586,cursor_enabled,True,1
586,start_previous,100,100
586,length_previous,100,100
587,start,10550149,10550149
587,length,5752189,5752189
587,fade,128,128
587,start_plus_old_fade,10555583,10555583
587,end,1610334,1610334
587,end_plus_new_fade,1610462,1610462
587,cursor,99,99
587,cursor_enabled,False,0
587,start_previous,100,100
587,length_previous,100,100
588,start,103,103
588,length,128,128
588,fade,128,128
588,start_plus_old_fade,9636,9636
588,end,171,171
588,end_plus_new_fade,299,299
588,cursor,500,500
588,cursor_enabled,True,1
588,start_previous,100,100
588,length_previous,100,100
589,start,951,951
589,length,947,947
589,fade,473,473
589,start_plus_old_fade,2466,2466
589,end,874,874
589,end_plus_new_fade,1347,1347
589,cursor,501,501
589,cursor_enabled,True,1
589,start_previous,100,100
589,length_previous,100,100
590,start,12037,12037
590,length,21,21
590,fade,128,128
590,start_plus_old_fade,17760,17760
590,end,18,18
590,end_plus_new_fade,146,146
590,cursor,499,499
590,cursor_enabled,True,1
590,start_previous,100,100
590,length_previous,100,100
591,start,18438,18438
591,length,2641,2641
591,fade,128,128
591,start_plus_old_fade,29049,29049
591,end,29003,29003
591,end_plus_new_fade,29131,29131
591,cursor,500,500
591,cursor_enabled,True,1
591,start_previous,100,100
591,length_previous,100,100
592,start,13824,13824
592,length,7936,7936
592,fade,128,128
592,start_plus_old_fade,25477,25477
592,end,9467,9467
592,end_plus_new_fade,9595,9595
592,cursor,500,500
592,cursor_enabled,True,1
592,start_previous,100,100
592,length_previous,100,100
593,start,12291,12291
593,length,380,380
593,fade,128,128
593,start_plus_old_fade,18571,18571
593,end,471,471
593,end_plus_new_fade,599,599
593,cursor,100,100
593,cursor_enabled,True,1
593,start_previous,100,100
593,length_previous,100,100
594,start,31802,31802
594,length,38145,38145
594,fade,12292,12292
594,start_plus_old_fade,41124,41124
594,end,20777,20777
594,end_plus_new_fade,33069,33069
594,cursor,500,500
594,cursor_enabled,False,0
594,start_previous,100,100
594,length_previous,100,100
595,start,122,122
595,length,57,57
595,fade,128,128
595,start_plus_old_fade,3091,3091
595,end,99,99
595,end_plus_new_fade,227,227
595,cursor,500,500
595,cursor_enabled,True,1
595,start_previous,100,100
595,length_previous,100,100
596,start,0,0
596,length,1280,1280
596,fade,128,128
596,start_plus_old_fade,10423,10423
596,end,594,594
596,end_plus_new_fade,722,722
596,cursor,501,501
596,cursor_enabled,False,0
596,start_previous,100,100
596,length_previous,100,100
597,start,14824613,14824613
597,length,9674848,9674848
597,fade,128,128
597,start_plus_old_fade,14830930,14830930
597,end,22135864,22135864
597,end_plus_new_fade,22135992,22135992
597,cursor,200,200
597,cursor_enabled,False,0
597,start_previous,100,100
597,length_previous,100,100
598,start,24584,24584
598,length,41364,41364
598,fade,128,128
598,start_plus_old_fade,27960,27960
598,end,14589,14589
598,end_plus_new_fade,14717,14717
598,cursor,100,100
598,cursor_enabled,True,1
598,start_previous,100,100
598,length_previous,100,100
599,start,83,83
599,length,1280,1280
599,fade,128,128
599,start_plus_old_fade,4536,4536
599,end,137,137
599,end_plus_new_fade,265,265
599,cursor,200,200
599,cursor_enabled,False,0
599,start_previous,100,100
599,length_previous,100,100
600,start,85,85
600,length,822,822
600,fade,411,411
600,start_plus_old_fade,4399,4399
600,end,907,907
600,end_plus_new_fade,1318,1318
600,cursor,500,500
600,cursor_enabled,False,0
600,start_previous,100,100
600,length_previous,100,100
601,start,7680,7680
601,length,9308,9308
601,fade,512,512
601,start_plus_old_fade,10780,10780
601,end,4063,4063
601,end_plus_new_fade,4575,4575
601,cursor,499,499
601,cursor_enabled,True,1
601,start_previous,100,100
601,length_previous,100,100
602,start,24350,24350
602,length,49169,49169
602,fade,128,128
602,start_plus_old_fade,32599,32599
602,end,43716,43716
602,end_plus_new_fade,43844,43844
602,cursor,100,100
602,cursor_enabled,True,1
602,start_previous,100,100
602,length_previous,100,100
603,start,17913,17913
603,length,44155,44155
603,fade,128,128
603,start_plus_old_fade,20421,20421
603,end,12898,12898
603,end_plus_new_fade,13026,13026
603,cursor,100,100
603,cursor_enabled,True,1
603,start_previous,100,100
603,length_previous,100,100
604,start,11369308,11369308
604,length,16777218,16777218
604,fade,128,128
604,start_plus_old_fade,11377086,11377086
604,end,9235518,9235518
604,end_plus_new_fade,9235646,9235646
604,cursor,99,99
604,cursor_enabled,False,0
604,start_previous,100,100
604,length_previous,100,100
605,start,15095638,15095638
605,length,26619172,26619172
605,fade,128,128
605,start_plus_old_fade,15100673,15100673
605,end,12214810,12214810
605,end_plus_new_fade,12214938,12214938
605,cursor,100,100
605,cursor_enabled,False,0
605,start_previous,100,100
605,length_previous,100,100
606,start,356,356
606,length,774,774
606,fade,128,128
606,start_plus_old_fade,7213,7213
606,end,838,838
606,end_plus_new_fade,966,966
606,cursor,499,499
606,cursor_enabled,False,0
606,start_previous,100,100
606,length_previous,100,100
607,start,86,86
607,length,145,145
607,fade,128,128
607,start_plus_old_fade,6621,6621
607,end,231,231
607,end_plus_new_fade,359,359
607,cursor,501,501
607,cursor_enabled,False,0
607,start_previous,100,100
607,length_previous,100,100
608,start,3413776,3413776
608,length,1870256,1870256
608,fade,128,128
608,start_plus_old_fade,3415959,3415959
608,end,5284032,5284032
608,end_plus_new_fade,5284160,5284160
608,cursor,99,99
608,cursor_enabled,True,1
608,start_previous,100,100
608,length_previous,100,100
609,start,5092622,5092622
609,length,550026,550026
609,fade,128,128
609,start_plus_old_fade,5093683,5093683
609,end,5642648,5642648
609,end_plus_new_fade,5642776,5642776
609,cursor,499,499
609,cursor_enabled,True,1
609,start_previous,100,100
609,length_previous,100,100
610,start,10864,10864
610,length,92,92
610,fade,128,128
610,start_plus_old_fade,22380,22380
610,end,716,716
610,end_plus_new_fade,844,844
610,cursor,100,100
610,cursor_enabled,True,1
610,start_previous,100,100
610,length_previous,100,100
611,start,154,154
611,length,7983,7983
611,fade,128,128
611,start_plus_old_fade,8105,8105
611,end,8137,8137
611,end_plus_new_fade,8265,8265
611,cursor,101,101
611,cursor_enabled,False,0
611,start_previous,100,100
611,length_previous,100,100
612,start,5775,5775
612,length,439,439
612,fade,128,128
612,start_plus_old_fade,17618,17618
612,end,226,226
612,end_plus_new_fade,354,354
612,cursor,200,200
612,cursor_enabled,True,1
612,start_previous,100,100
612,length_previous,100,100
613,start,37835,37835
613,length,43693,43693
613,fade,128,128
613,start_plus_old_fade,48417,48417
613,end,9135,9135
613,end_plus_new_fade,9263,9263
613,cursor,499,499
613,cursor_enabled,False,0
613,start_previous,100,100
613,length_previous,100,100
614,start,6270,6270
614,length,14020,14020
614,fade,128,128
614,start_plus_old_fade,11780,11780
614,end,20290,20290
614,end_plus_new_fade,20418,20418
614,cursor,501,501
614,cursor_enabled,False,0
614,start_previous,100,100
614,length_previous,100,100
615,start,4956288,4956288
615,length,28037606,28037606
615,fade,6147,6147
615,start_plus_old_fade,4962277,4962277
615,end,21451129,21451129
615,end_plus_new_fade,21457276,21457276
615,cursor,400,400
615,cursor_enabled,True,1
615,start_previous,100,100
615,length_previous,100,100
616,start,10752,10752
616,length,5877,5877
616,fade,128,128
616,start_plus_old_fade,11923,11923
616,end,8425,8425
616,end_plus_new_fade,8553,8553
616,cursor,99,99
616,cursor_enabled,False,0
616,start_previous,100,100
616,length_previous,100,100
617,start,0,0
617,length,16777218,16777218
617,fade,12292,12292
617,start_plus_old_fade,3127,3127
617,end,15180084,15180084
617,end_plus_new_fade,15192376,15192376
617,cursor,100,100
617,cursor_enabled,False,0
617,start_previous,100,100
617,length_previous,100,100
618,start,879242,879242
618,length,10566797,10566797
618,fade,128,128
618,start_plus_old_fade,880943,880943
618,end,11446039,11446039
618,end_plus_new_fade,11446167,11446167
618,cursor,99,99
618,cursor_enabled,False,0
618,start_previous,100,100
618,length_previous,100,100
619,start,7325438,7325438
619,length,7075520,7075520
619,fade,128,128
619,start_plus_old_fade,7330925,7330925
619,end,8462277,8462277
619,end_plus_new_fade,8462405,8462405
619,cursor,99,99
619,cursor_enabled,False,0
619,start_previous,100,100
619,length_previous,100,100
620,start,0,0
620,length,512,512
620,fade,128,128
620,start_plus_old_fade,4827,4827
620,end,95,95
620,end_plus_new_fade,223,223
620,cursor,499,499
620,cursor_enabled,False,0
620,start_previous,100,100
620,length_previous,100,100
621,start,0,0
621,length,27405885,27405885
621,fade,6147,6147
621,start_plus_old_fade,7847,7847
621,end,27405885,27405885
621,end_plus_new_fade,27412032,27412032
621,cursor,101,101
621,cursor_enabled,False,0
621,start_previous,100,100
621,length_previous,100,100
622,start,9525,9525
622,length,1280,1280
622,fade,128,128
622,start_plus_old_fade,20224,20224
622,end,100,100
622,end_plus_new_fade,228,228
622,cursor,501,501
622,cursor_enabled,False,0
622,start_previous,100,100
622,length_previous,100,100
623,start,14749999,14749999
623,length,14749999,14749999
623,fade,128,128
623,start_plus_old_fade,14756237,14756237
623,end,1862619,1862619
623,end_plus_new_fade,1862747,1862747
623,cursor,501,501
623,cursor_enabled,False,0
623,start_previous,100,100
623,length_previous,100,100
624,start,525,525
624,length,11042,11042
624,fade,128,128
624,start_plus_old_fade,6219,6219
624,end,11567,11567
624,end_plus_new_fade,11695,11695
624,cursor,100,100
624,cursor_enabled,False,0
624,start_previous,100,100
624,length_previous,100,100
625,start,875,875
625,length,1280,1280
625,fade,225,225
625,start_plus_old_fade,3231,3231
625,end,1777,1777
625,end_plus_new_fade,2002,2002
625,cursor,501,501
625,cursor_enabled,False,0
625,start_previous,100,100
625,length_previous,100,100
626,start,20,20
626,length,1280,1280
626,fade,128,128
626,start_plus_old_fade,10341,10341
626,end,453,453
626,end_plus_new_fade,581,581
626,cursor,200,200
626,cursor_enabled,True,1
626,start_previous,100,100
626,length_previous,100,100
627,start,7430,7430
627,length,7577,7577
627,fade,128,128
627,start_plus_old_fade,10924,10924
627,end,2714,2714
627,end_plus_new_fade,2842,2842
627,cursor,200,200
627,cursor_enabled,True,1
627,start_previous,100,100
627,length_previous,100,100
628,start,15238,15238
628,length,14680064,14680064
628,fade,128,128
628,start_plus_old_fade,16071,16071
628,end,209773,209773
628,end_plus_new_fade,209901,209901
628,cursor,99,99
628,cursor_enabled,False,0
628,start_previous,100,100
628,length_previous,100,100
629,start,946,946
629,length,67,67
629,fade,128,128
629,start_plus_old_fade,3354,3354
629,end,112,112
629,end_plus_new_fade,240,240
629,cursor,500,500
629,cursor_enabled,False,0
629,start_previous,100,100
629,length_previous,100,100
630,start,14726,14726
630,length,11880,11880
630,fade,1433,1433
630,start_plus_old_fade,19954,19954
630,end,5299,5299
630,end_plus_new_fade,6732,6732
630,cursor,500,500
630,cursor_enabled,True,1
630,start_previous,100,100
630,length_previous,100,100
631,start,6255,6255
631,length,5697,5697
631,fade,256,256
631,start_plus_old_fade,10047,10047
631,end,14599,14599
631,end_plus_new_fade,14855,14855
631,cursor,101,101
631,cursor_enabled,False,0
631,start_previous,100,100
631,length_previous,100,100
632,start,14568936,14568936
632,length,9386229,9386229
632,fade,3073,3073
632,start_plus_old_fade,14575038,14575038
632,end,2070109,2070109
632,end_plus_new_fade,2073182,2073182
632,cursor,501,501
632,cursor_enabled,True,1
632,start_previous,100,100
632,length_previous,100,100
633,start,11178,11178
633,length,12292,12292
633,fade,196,196
633,start_plus_old_fade,13786,13786
633,end,12750,12750
633,end_plus_new_fade,12946,12946
633,cursor,499,499
633,cursor_enabled,False,0
633,start_previous,100,100
633,length_previous,100,100
634,start,24584,24584
634,length,24584,24584
634,fade,128,128
634,start_plus_old_fade,24902,24902
634,end,25332,25332
634,end_plus_new_fade,25460,25460
634,cursor,200,200
634,cursor_enabled,False,0
634,start_previous,100,100
634,length_previous,100,100
635,start,14219231,14219231
635,length,23527962,23527962
635,fade,128,128
635,start_plus_old_fade,14224638,14224638
635,end,550382,550382
635,end_plus_new_fade,550510,550510
635,cursor,499,499
635,cursor_enabled,False,0
635,start_previous,100,100
635,length_previous,100,100
636,start,610,610
636,length,469,469
636,fade,128,128
636,start_plus_old_fade,9295,9295
636,end,1079,1079
636,end_plus_new_fade,1207,1207
636,cursor,500,500
636,cursor_enabled,False,0
636,start_previous,100,100
636,length_previous,100,100
637,start,24896704,24896704
637,length,4012576,4012576
637,fade,128,128
637,start_plus_old_fade,24902434,24902434
637,end,14543032,14543032
637,end_plus_new_fade,14543160,14543160
637,cursor,500,500
637,cursor_enabled,True,1
637,start_previous,100,100
637,length_previous,100,100
638,start,4318,4318
638,length,128,128
638,fade,128,128
638,start_plus_old_fade,14768,14768
638,end,91,91
638,end_plus_new_fade,219,219
638,cursor,100,100
638,cursor_enabled,True,1
638,start_previous,100,100
638,length_previous,100,100
639,start,0,0
639,length,4097,4097
639,fade,128,128
639,start_plus_old_fade,9626,9626
639,end,7320,7320
639,end_plus_new_fade,7448,7448
639,cursor,99,99
639,cursor_enabled,False,0
639,start_previous,100,100
639,length_previous,100,100
640,start,0,0
640,length,12657265,12657265
640,fade,128,128
640,start_plus_old_fade,9099,9099
640,end,13413513,13413513
640,end_plus_new_fade,13413641,13413641
640,cursor,501,501
640,cursor_enabled,False,0
640,start_previous,100,100
640,length_previous,100,100
641,start,0,0
641,length,30221,30221
641,fade,256,256
641,start_plus_old_fade,7446,7446
641,end,48339,48339
641,end_plus_new_fade,48595,48595
641,cursor,500,500
641,cursor_enabled,False,0
641,start_previous,100,100
641,length_previous,100,100
642,start,4677046,4677046
642,length,27585112,27585112
642,fade,128,128
642,start_plus_old_fade,4689129,4689129
642,end,2762158,2762158
642,end_plus_new_fade,2762286,2762286
642,cursor,500,500
642,cursor_enabled,False,0
642,start_previous,100,100
642,length_previous,100,100
643,start,134,134
643,length,1280,1280
643,fade,387,387
643,start_plus_old_fade,9002,9002
643,end,909,909
643,end_plus_new_fade,1296,1296
643,cursor,100,100
643,cursor_enabled,True,1
643,start_previous,100,100
643,length_previous,100,100
644,start,11561511,11561511
644,length,8624187,8624187
644,fade,512,512
644,start_plus_old_fade,11564689,11564689
644,end,9391874,9391874
644,end_plus_new_fade,9392386,9392386
644,cursor,400,400
644,cursor_enabled,True,1
644,start_previous,100,100
644,length_previous,100,100
645,start,105,105
645,length,115,115
645,fade,128,128
645,start_plus_old_fade,7037,7037
645,end,196,196
645,end_plus_new_fade,324,324
645,cursor,99,99
645,cursor_enabled,False,0
645,start_previous,100,100
645,length_previous,100,100
646,start,7090,7090
646,length,4139,4139
646,fade,128,128
646,start_plus_old_fade,11555,11555
646,end,9169,9169
646,end_plus_new_fade,9297,9297
646,cursor,500,500
646,cursor_enabled,True,1
646,start_previous,100,100
646,length_previous,100,100
647,start,0,0
647,length,29499999,29499999
647,fade,128,128
647,start_plus_old_fade,1652,1652
647,end,24831310,24831310
647,end_plus_new_fade,24831438,24831438
647,cursor,499,499
647,cursor_enabled,True,1
647,start_previous,100,100
647,length_previous,100,100
648,start,45,45
648,length,89,89
648,fade,128,128
648,start_plus_old_fade,11046,11046
648,end,98,98
648,end_plus_new_fade,226,226
648,cursor,499,499
648,cursor_enabled,True,1
648,start_previous,100,100
648,length_previous,100,100
649,start,9987608,9987608
649,length,12418009,12418009
649,fade,128,128
649,start_plus_old_fade,9988191,9988191
649,end,14211112,14211112
649,end_plus_new_fade,14211240,14211240
649,cursor,501,501
649,cursor_enabled,False,0
649,start_previous,100,100
649,length_previous,100,100
650,start,27,27
650,length,1280,1280
650,fade,128,128
650,start_plus_old_fade,9138,9138
650,end,68,68
650,end_plus_new_fade,196,196
650,cursor,501,501
650,cursor_enabled,True,1
650,start_previous,100,100
650,length_previous,100,100
651,start,825,825
651,length,163,163
651,fade,128,128
651,start_plus_old_fade,10978,10978
651,end,386,386
651,end_plus_new_fade,514,514
651,cursor,200,200
651,cursor_enabled,False,0
651,start_previous,100,100
651,length_previous,100,100
652,start,16068439,16068439
652,length,13602043,13602043
652,fade,128,128
652,start_plus_old_fade,16077731,16077731
652,end,15683637,15683637
652,end_plus_new_fade,15683765,15683765
652,cursor,101,101
652,cursor_enabled,False,0
652,start_previous,100,100
652,length_previous,100,100
653,start,27656235,27656235
653,length,4934676,4934676
653,fade,128,128
653,start_plus_old_fade,27667493,27667493
653,end,4898401,4898401
653,end_plus_new_fade,4898529,4898529
653,cursor,501,501
653,cursor_enabled,True,1
653,start_previous,100,100
653,length_previous,100,100
654,start,520,520
654,length,1280,1280
654,fade,128,128
654,start_plus_old_fade,10175,10175
654,end,375,375
654,end_plus_new_fade,503,503
654,cursor,100,100
654,cursor_enabled,False,0
654,start_previous,100,100
654,length_previous,100,100
655,start,40119,40119
655,length,29345,29345
655,fade,128,128
655,start_plus_old_fade,40684,40684
655,end,48825,48825
655,end_plus_new_fade,48953,48953
655,cursor,499,499
655,cursor_enabled,False,0
655,start_previous,100,100
655,length_previous,100,100
656,start,4662,4662
656,length,128,128
656,fade,128,128
656,start_plus_old_fade,16660,16660
656,end,81,81
656,end_plus_new_fade,209,209
656,cursor,99,99
656,cursor_enabled,True,1
656,start_previous,100,100
656,length_previous,100,100
657,start,28460084,28460084
657,length,2377289,2377289
657,fade,128,128
657,start_plus_old_fade,28464314,28464314
657,end,13187897,13187897
657,end_plus_new_fade,13188025,13188025
657,cursor,99,99
657,cursor_enabled,True,1
657,start_previous,100,100
657,length_previous,100,100
658,start,12607,12607
658,length,45482,45482
658,fade,128,128
658,start_plus_old_fade,24482,24482
658,end,12592,12592
658,end_plus_new_fade,12720,12720
658,cursor,100,100
658,cursor_enabled,False,0
658,start_previous,100,100
658,length_previous,100,100
659,start,37210,37210
659,length,2556,2556
659,fade,128,128
659,start_plus_old_fade,39090,39090
659,end,39766,39766
659,end_plus_new_fade,39894,39894
659,cursor,501,501
659,cursor_enabled,True,1
659,start_previous,100,100
659,length_previous,100,100
660,start,4200,4200
660,length,339,339
660,fade,128,128
660,start_plus_old_fade,11764,11764
660,end,4539,4539
660,end_plus_new_fade,4667,4667
660,cursor,100,100
660,cursor_enabled,True,1
660,start_previous,100,100
660,length_previous,100,100
661,start,2946,2946
661,length,945,945
661,fade,128,128
661,start_plus_old_fade,7405,7405
661,end,453,453
661,end_plus_new_fade,581,581
661,cursor,499,499
661,cursor_enabled,False,0
661,start_previous,100,100
661,length_previous,100,100
662,start,110,110
662,length,36,36
662,fade,128,128
662,start_plus_old_fade,5938,5938
662,end,18,18
662,end_plus_new_fade,146,146
662,cursor,99,99
662,cursor_enabled,False,0
662,start_previous,100,100
662,length_previous,100,100
663,start,4621417,4621417
663,length,12200868,12200868
663,fade,128,128
663,start_plus_old_fade,4631420,4631420
663,end,9641920,9641920
663,end_plus_new_fade,9642048,9642048
663,cursor,101,101
663,cursor_enabled,False,0
663,start_previous,100,100
663,length_previous,100,100
664,start,28745,28745
664,length,26979,26979
664,fade,128,128
664,start_plus_old_fade,36458,36458
664,end,38478,38478
664,end_plus_new_fade,38606,38606
664,cursor,499,499
664,cursor_enabled,True,1
664,start_previous,100,100
664,length_previous,100,100
665,start,3173,3173
665,length,619,619
665,fade,128,128
665,start_plus_old_fade,13767,13767
665,end,3792,3792
665,end_plus_new_fade,3920,3920
665,cursor,101,101
665,cursor_enabled,False,0
665,start_previous,100,100
665,length_previous,100,100
666,start,7300,7300
666,length,128,128
666,fade,431,431
666,start_plus_old_fade,9986,9986
666,end,995,995
666,end_plus_new_fade,1426,1426
666,cursor,501,501
666,cursor_enabled,False,0
666,start_previous,100,100
666,length_previous,100,100
667,start,44,44
667,length,67,67
667,fade,128,128
667,start_plus_old_fade,883,883
667,end,111,111
667,end_plus_new_fade,239,239
667,cursor,101,101
667,cursor_enabled,False,0
667,start_previous,100,100
667,length_previous,100,100
668,start,2097152,2097152
668,length,6291456,6291456
668,fade,512,512
668,start_plus_old_fade,2105079,2105079
668,end,13203438,13203438
668,end_plus_new_fade,13203950,13203950
668,cursor,200,200
668,cursor_enabled,False,0
668,start_previous,100,100
668,length_previous,100,100
669,start,339,339
669,length,975,975
669,fade,128,128
669,start_plus_old_fade,11481,11481
669,end,682,682
669,end_plus_new_fade,810,810
669,cursor,100,100
669,cursor_enabled,True,1
669,start_previous,100,100
669,length_previous,100,100
670,start,0,0
670,length,511,511
670,fade,128,128
670,start_plus_old_fade,6069,6069
670,end,765,765
670,end_plus_new_fade,893,893
670,cursor,100,100
670,cursor_enabled,False,0
670,start_previous,100,100
670,length_previous,100,100
671,start,118,118
671,length,53,53
671,fade,128,128
671,start_plus_old_fade,3667,3667
671,end,43,43
671,end_plus_new_fade,171,171
671,cursor,99,99
671,cursor_enabled,False,0
671,start_previous,100,100
671,length_previous,100,100
672,start,6685226,6685226
672,length,7355189,7355189
672,fade,512,512
672,start_plus_old_fade,6691466,6691466
672,end,14664788,14664788
672,end_plus_new_fade,14665300,14665300
672,cursor,499,499
672,cursor_enabled,False,0
672,start_previous,100,100
672,length_previous,100,100
673,start,3,3
673,length,49,49
673,fade,128,128
673,start_plus_old_fade,9432,9432
673,end,19,19
673,end_plus_new_fade,147,147
673,cursor,101,101
673,cursor_enabled,False,0
673,start_previous,100,100
673,length_previous,100,100
674,start,3906,3906
674,length,58,58
674,fade,128,128
674,start_plus_old_fade,4818,4818
674,end,113,113
674,end_plus_new_fade,241,241
674,cursor,99,99
674,cursor_enabled,False,0
674,start_previous,100,100
674,length_previous,100,100
675,start,484,484
675,length,457,457
675,fade,128,128
675,start_plus_old_fade,1771,1771
675,end,941,941
675,end_plus_new_fade,1069,1069
675,cursor,100,100
675,cursor_enabled,True,1
675,start_previous,100,100
675,length_previous,100,100
676,start,11062497,11062497
676,length,17901710,17901710
676,fade,128,128
676,start_plus_old_fade,11067532,11067532
676,end,5720776,5720776
676,end_plus_new_fade,5720904,5720904
676,cursor,499,499
676,cursor_enabled,False,0
676,start_previous,100,100
676,length_previous,100,100
677,start,14220513,14220513
677,length,1736141,1736141
677,fade,128,128
677,start_plus_old_fade,14226348,14226348
677,end,17873465,17873465
677,end_plus_new_fade,17873593,17873593
677,cursor,100,100
677,cursor_enabled,False,0
677,start_previous,100,100
677,length_previous,100,100
678,start,141,141
678,length,3379,3379
678,fade,256,256
678,start_plus_old_fade,1343,1343
678,end,1363,1363
678,end_plus_new_fade,1619,1619
678,cursor,500,500
678,cursor_enabled,False,0
678,start_previous,100,100
678,length_previous,100,100
679,start,13315,13315
679,length,9446,9446
679,fade,128,128
679,start_plus_old_fade,20450,20450
679,end,22761,22761
679,end_plus_new_fade,22889,22889
679,cursor,499,499
679,cursor_enabled,False,0
679,start_previous,100,100
679,length_previous,100,100
680,start,8817583,8817583
680,length,4833822,4833822
680,fade,256,256
680,start_plus_old_fade,8819862,8819862
680,end,5145527,5145527
680,end_plus_new_fade,5145783,5145783
680,cursor,100,100
680,cursor_enabled,False,0
680,start_previous,100,100
680,length_previous,100,100
681,start,33524,33524
681,length,11814,11814
681,fade,512,512
681,start_plus_old_fade,44255,44255
681,end,9260,9260
681,end_plus_new_fade,9772,9772
681,cursor,200,200
681,cursor_enabled,True,1
681,start_previous,100,100
681,length_previous,100,100
682,start,5944,5944
682,length,1280,1280
682,fade,128,128
682,start_plus_old_fade,10095,10095
682,end,68,68
682,end_plus_new_fade,196,196
682,cursor,100,100
682,cursor_enabled,True,1
682,start_previous,100,100
682,length_previous,100,100
683,start,98,98
683,length,11,11
683,fade,128,128
683,start_plus_old_fade,3373,3373
683,end,109,109
683,end_plus_new_fade,237,237
683,cursor,200,200
683,cursor_enabled,True,1
683,start_previous,100,100
683,length_previous,100,100
684,start,28781,28781
684,length,7208,7208
684,fade,128,128
684,start_plus_old_fade,36297,36297
684,end,35989,35989
684,end_plus_new_fade,36117,36117
684,cursor,200,200
684,cursor_enabled,False,0
684,start_previous,100,100
684,length_previous,100,100
685,start,9984,9984
685,length,5198,5198
685,fade,128,128
685,start_plus_old_fade,10712,10712
685,end,6227,6227
685,end_plus_new_fade,6355,6355
685,cursor,100,100
685,cursor_enabled,True,1
685,start_previous,100,100
685,length_previous,100,100
686,start,23798,23798
686,length,3935,3935
686,fade,128,128
686,start_plus_old_fade,27800,27800
686,end,10890,10890
686,end_plus_new_fade,11018,11018
686,cursor,499,499
686,cursor_enabled,True,1
686,start_previous,100,100
686,length_previous,100,100
687,start,1876426,1876426
687,length,7594236,7594236
687,fade,128,128
687,start_plus_old_fade,1888699,1888699
687,end,9470662,9470662
687,end_plus_new_fade,9470790,9470790
687,cursor,501,501
687,cursor_enabled,False,0
687,start_previous,100,100
687,length_previous,100,100
688,start,56028,56028
688,length,42613,42613
688,fade,128,128
688,start_plus_old_fade,59093,59093
688,end,11960,11960
688,end_plus_new_fade,12088,12088
688,cursor,101,101
688,cursor_enabled,True,1
688,start_previous,100,100
688,length_previous,100,100
689,start,19083896,19083896
689,length,28001588,28001588
689,fade,256,256
689,start_plus_old_fade,19087021,19087021
689,end,13346999,13346999
689,end_plus_new_fade,13347255,13347255
689,cursor,400,400
689,cursor_enabled,True,1
689,start_previous,100,100
689,length_previous,100,100
690,start,10852708,10852708
690,length,16740345,16740345
690,fade,128,128
690,start_plus_old_fade,10854286,10854286
690,end,5808643,5808643
690,end_plus_new_fade,5808771,5808771
690,cursor,400,400
690,cursor_enabled,True,1
690,start_previous,100,100
690,length_previous,100,100
691,start,234,234
691,length,382,382
691,fade,128,128
691,start_plus_old_fade,9510,9510
691,end,616,616
691,end_plus_new_fade,744,744
691,cursor,100,100
691,cursor_enabled,False,0
691,start_previous,100,100
691,length_previous,100,100
692,start,363,363
692,length,9689,9689
692,fade,128,128
692,start_plus_old_fade,1500,1500
692,end,11312,11312
692,end_plus_new_fade,11440,11440
692,cursor,501,501
692,cursor_enabled,True,1
692,start_previous,100,100
692,length_previous,100,100
693,start,12463,12463
693,length,22345,22345
693,fade,128,128
693,start_plus_old_fade,23273,23273
693,end,26127,26127
693,end_plus_new_fade,26255,26255
693,cursor,99,99
693,cursor_enabled,True,1
693,start_previous,100,100
693,length_previous,100,100
694,start,13824065,13824065
694,length,22506635,22506635
694,fade,128,128
694,start_plus_old_fade,13825358,13825358
694,end,6830700,6830700
694,end_plus_new_fade,6830828,6830828
694,cursor,101,101
694,cursor_enabled,True,1
694,start_previous,100,100
694,length_previous,100,100
695,start,14994,14994
695,length,36513,36513
695,fade,6147,6147
695,start_plus_old_fade,23167,23167
695,end,42319,42319
695,end_plus_new_fade,48466,48466
695,cursor,500,500
695,cursor_enabled,True,1
695,start_previous,100,100
695,length_previous,100,100
696,start,2263,2263
696,length,10319,10319
696,fade,128,128
696,start_plus_old_fade,3364,3364
696,end,11236,11236
696,end_plus_new_fade,11364,11364
696,cursor,500,500
696,cursor_enabled,False,0
696,start_previous,100,100
696,length_previous,100,100
697,start,9956,9956
697,length,8116,8116
697,fade,128,128
697,start_plus_old_fade,16213,16213
697,end,43574,43574
697,end_plus_new_fade,43702,43702
697,cursor,100,100
697,cursor_enabled,True,1
697,start_previous,100,100
697,length_previous,100,100
698,start,6763,6763
698,length,735,735
698,fade,128,128
698,start_plus_old_fade,16391,16391
698,end,431,431
698,end_plus_new_fade,559,559
698,cursor,99,99
698,cursor_enabled,False,0
698,start_previous,100,100
698,length_previous,100,100
699,start,1016,1016
699,length,1280,1280
699,fade,128,128
699,start_plus_old_fade,6178,6178
699,end,1019,1019
699,end_plus_new_fade,1147,1147
699,cursor,99,99
699,cursor_enabled,False,0
699,start_previous,100,100
699,length_previous,100,100
700,start,3905,3905
700,length,700,700
700,fade,128,128
700,start_plus_old_fade,8862,8862
700,end,17,17
700,end_plus_new_fade,145,145
700,cursor,99,99
700,cursor_enabled,False,0
700,start_previous,100,100
700,length_previous,100,100
701,start,38,38
701,length,79,79
701,fade,128,128
701,start_plus_old_fade,11167,11167
701,end,116,116
701,end_plus_new_fade,244,244
701,cursor,499,499
701,cursor_enabled,False,0
701,start_previous,100,100
701,length_previous,100,100
702,start,1188,1188
702,length,7606,7606
702,fade,128,128
702,start_plus_old_fade,7436,7436
702,end,2891,2891
702,end_plus_new_fade,3019,3019
702,cursor,200,200
702,cursor_enabled,False,0
702,start_previous,100,100
702,length_previous,100,100
703,start,0,0
703,length,1280,1280
703,fade,387,387
703,start_plus_old_fade,11030,11030
703,end,775,775
703,end_plus_new_fade,1162,1162
703,cursor,200,200
703,cursor_enabled,False,0
703,start_previous,100,100
703,length_previous,100,100
704,start,2021301,2021301
704,length,7714652,7714652
704,fade,128,128
704,start_plus_old_fade,2023144,2023144
704,end,13437038,13437038
704,end_plus_new_fade,13437166,13437166
704,cursor,101,101
704,cursor_enabled,False,0
704,start_previous,100,100
704,length_previous,100,100
705,start,3031611,3031611
705,length,6922502,6922502
705,fade,512,512
705,start_plus_old_fade,3043219,3043219
705,end,9954113,9954113
705,end_plus_new_fade,9954625,9954625
705,cursor,101,101
705,cursor_enabled,True,1
705,start_previous,100,100
705,length_previous,100,100
706,start,24584,24584
706,length,23641,23641
706,fade,128,128
706,start_plus_old_fade,26658,26658
706,end,36153,36153
706,end_plus_new_fade,36281,36281
706,cursor,99,99
706,cursor_enabled,True,1
706,start_previous,100,100
706,length_previous,100,100
707,start,39960,39960
707,length,39949,39949
707,fade,128,128
707,start_plus_old_fade,43723,43723
707,end,8525,8525
707,end_plus_new_fade,8653,8653
707,cursor,101,101
707,cursor_enabled,False,0
707,start_previous,100,100
707,length_previous,100,100
708,start,1294,1294
708,length,928,928
708,fade,128,128
708,start_plus_old_fade,9901,9901
708,end,1541,1541
708,end_plus_new_fade,1669,1669
708,cursor,100,100
708,cursor_enabled,False,0
708,start_previous,100,100
708,length_previous,100,100
709,start,52,52
709,length,889,889
709,fade,128,128
709,start_plus_old_fade,10257,10257
709,end,941,941
709,end_plus_new_fade,1069,1069
709,cursor,99,99
709,cursor_enabled,False,0
709,start_previous,100,100
709,length_previous,100,100
710,start,14,14
710,length,67,67
710,fade,128,128
710,start_plus_old_fade,9529,9529
710,end,81,81
710,end_plus_new_fade,209,209
710,cursor,500,500
710,cursor_enabled,True,1
710,start_previous,100,100
710,length_previous,100,100
711,start,23667490,23667490
711,length,25681930,25681930
711,fade,128,128
711,start_plus_old_fade,23674677,23674677
711,end,13611222,13611222
711,end_plus_new_fade,13611350,13611350
711,cursor,500,500
711,cursor_enabled,True,1
711,start_previous,100,100
711,length_previous,100,100
712,start,11599,11599
712,length,4985,4985
712,fade,128,128
712,start_plus_old_fade,15216,15216
712,end,6911,6911
712,end_plus_new_fade,7039,7039
712,cursor,501,501
712,cursor_enabled,False,0
712,start_previous,100,100
712,length_previous,100,100
713,start,11078292,11078292
713,length,13196440,13196440
713,fade,128,128
713,start_plus_old_fade,11088210,11088210
713,end,10468179,10468179
713,end_plus_new_fade,10468307,10468307
713,cursor,500,500
713,cursor_enabled,False,0
713,start_previous,100,100
713,length_previous,100,100
714,start,2312401,2312401
714,length,16199541,16199541
714,fade,12292,12292
714,start_plus_old_fade,2318472,2318472
714,end,14620449,14620449
714,end_plus_new_fade,14632741,14632741
714,cursor,200,200
714,cursor_enabled,False,0
714,start_previous,100,100
714,length_previous,100,100
715,start,11630243,11630243
715,length,3776888,3776888
715,fade,128,128
715,start_plus_old_fade,11631393,11631393
715,end,15407131,15407131
715,end_plus_new_fade,15407259,15407259
715,cursor,499,499
715,cursor_enabled,False,0
715,start_previous,100,100
715,length_previous,100,100
716,start,317104,317104
716,length,15971063,15971063
716,fade,128,128
716,start_plus_old_fade,328743,328743
716,end,25697628,25697628
716,end_plus_new_fade,25697756,25697756
716,cursor,200,200
716,cursor_enabled,False,0
716,start_previous,100,100
716,length_previous,100,100
717,start,5565,5565
717,length,10416,10416
717,fade,128,128
717,start_plus_old_fade,9888,9888
717,end,3688,3688
717,end_plus_new_fade,3816,3816
717,cursor,100,100
717,cursor_enabled,False,0
717,start_previous,100,100
717,length_previous,100,100
718,start,65,65
718,length,86,86
718,fade,128,128
718,start_plus_old_fade,1251,1251
718,end,20,20
718,end_plus_new_fade,148,148
718,cursor,99,99
718,cursor_enabled,True,1
718,start_previous,100,100
718,length_previous,100,100
719,start,16076112,16076112
719,length,16777218,16777218
719,fade,128,128
719,start_plus_old_fade,16083661,16083661
719,end,29080,29080
719,end_plus_new_fade,29208,29208
719,cursor,500,500
719,cursor_enabled,True,1
719,start_previous,100,100
719,length_previous,100,100
720,start,10644605,10644605
720,length,22879610,22879610
720,fade,128,128
720,start_plus_old_fade,10646732,10646732
720,end,675605,675605
720,end_plus_new_fade,675733,675733
720,cursor,400,400
720,cursor_enabled,True,1
720,start_previous,100,100
720,length_previous,100,100
721,start,12857126,12857126
721,length,23304640,23304640
721,fade,128,128
721,start_plus_old_fade,12861022,12861022
721,end,4560985,4560985
721,end_plus_new_fade,4561113,4561113
721,cursor,500,500
721,cursor_enabled,False,0
721,start_previous,100,100
721,length_previous,100,100
722,start,19534,19534
722,length,13757,13757
722,fade,3439,3439
722,start_plus_old_fade,20177,20177
722,end,33291,33291
722,end_plus_new_fade,36730,36730
722,cursor,200,200
722,cursor_enabled,True,1
722,start_previous,100,100
722,length_previous,100,100
723,start,29215421,29215421
723,length,26909843,26909843
723,fade,128,128
723,start_plus_old_fade,29215895,29215895
723,end,26625264,26625264
723,end_plus_new_fade,26625392,26625392
723,cursor,100,100
723,cursor_enabled,False,0
723,start_previous,100,100
723,length_previous,100,100
724,start,11277,11277
724,length,23118,23118
724,fade,2890,2890
724,start_plus_old_fade,16736,16736
724,end,34395,34395
724,end_plus_new_fade,37285,37285
724,cursor,99,99
724,cursor_enabled,True,1
724,start_previous,100,100
724,length_previous,100,100
725,start,2857702,2857702
725,length,5797256,5797256
725,fade,512,512
725,start_plus_old_fade,2867060,2867060
725,end,11901506,11901506
725,end_plus_new_fade,11902018,11902018
725,cursor,100,100
725,cursor_enabled,False,0
725,start_previous,100,100
725,length_previous,100,100
726,start,1230000,1230000
726,length,4191231,4191231
726,fade,128,128
726,start_plus_old_fade,1235957,1235957
726,end,3835171,3835171
726,end_plus_new_fade,3835299,3835299
726,cursor,499,499
726,cursor_enabled,True,1
726,start_previous,100,100
726,length_previous,100,100
727,start,0,0
727,length,1123809,1123809
727,fade,512,512
727,start_plus_old_fade,8301,8301
727,end,16919635,16919635
727,end_plus_new_fade,16920147,16920147
727,cursor,99,99
727,cursor_enabled,False,0
727,start_previous,100,100
727,length_previous,100,100
728,start,812,812
728,length,30,30
728,fade,232,232
728,start_plus_old_fade,5813,5813
728,end,1740,1740
728,end_plus_new_fade,1972,1972
728,cursor,501,501
728,cursor_enabled,True,1
728,start_previous,100,100
728,length_previous,100,100
729,start,10830,10830
729,length,7957,7957
729,fade,256,256
729,start_plus_old_fade,12528,12528
729,end,10753,10753
729,end_plus_new_fade,11009,11009
729,cursor,100,100
729,cursor_enabled,True,1
729,start_previous,100,100
729,length_previous,100,100
730,start,0,0
730,length,6685226,6685226
730,fade,128,128
730,start_plus_old_fade,5014,5014
730,end,14126256,14126256
730,end_plus_new_fade,14126384,14126384
730,cursor,101,101
730,cursor_enabled,True,1
730,start_previous,100,100
730,length_previous,100,100
731,start,4,4
731,length,63,63
731,fade,128,128
731,start_plus_old_fade,10940,10940
731,end,114,114
731,end_plus_new_fade,242,242
731,cursor,499,499
731,cursor_enabled,True,1
731,start_previous,100,100
731,length_previous,100,100
732,start,21511,21511
732,length,31686,31686
732,fade,128,128
732,start_plus_old_fade,22519,22519
732,end,14895,14895
732,end_plus_new_fade,15023,15023
732,cursor,200,200
732,cursor_enabled,False,0
732,start_previous,100,100
732,length_previous,100,100
733,start,53,53
733,length,1280,1280
733,fade,128,128
733,start_plus_old_fade,2132,2132
733,end,119,119
733,end_plus_new_fade,247,247
733,cursor,499,499
733,cursor_enabled,True,1
733,start_previous,100,100
733,length_previous,100,100
734,start,0,0
734,length,8388609,8388609
734,fade,256,256
734,start_plus_old_fade,209,209
734,end,10533673,10533673
734,end_plus_new_fade,10533929,10533929
734,cursor,500,500
734,cursor_enabled,True,1
734,start_previous,100,100
734,length_previous,100,100
735,start,9134807,9134807
735,length,12463076,12463076
735,fade,512,512
735,start_plus_old_fade,9136577,9136577
735,end,8464250,8464250
735,end_plus_new_fade,8464762,8464762
735,cursor,101,101
735,cursor_enabled,True,1
735,start_previous,100,100
735,length_previous,100,100
736,start,10767122,10767122
736,length,29499999,29499999
736,fade,128,128
736,start_plus_old_fade,10778181,10778181
736,end,21749012,21749012
736,end_plus_new_fade,21749140,21749140
736,cursor,100,100
736,cursor_enabled,True,1
736,start_previous,100,100
736,length_previous,100,100
737,start,7340032,7340032
737,length,14680064,14680064
737,fade,128,128
737,start_plus_old_fade,7343173,7343173
737,end,629418,629418
737,end_plus_new_fade,629546,629546
737,cursor,500,500
737,cursor_enabled,False,0
737,start_previous,100,100
737,length_previous,100,100
738,start,1413465,1413465
738,length,5842323,5842323
738,fade,128,128
738,start_plus_old_fade,1419114,1419114
738,end,12406189,12406189
738,end_plus_new_fade,12406317,12406317
738,cursor,200,200
738,cursor_enabled,False,0
738,start_previous,100,100
738,length_previous,100,100
739,start,16014611,16014611
739,length,5748092,5748092
739,fade,128,128
739,start_plus_old_fade,16018770,16018770
739,end,4896462,4896462
739,end_plus_new_fade,4896590,4896590
739,cursor,499,499
739,cursor_enabled,True,1
739,start_previous,100,100
739,length_previous,100,100
740,start,3969,3969
740,length,1280,1280
740,fade,128,128
740,start_plus_old_fade,6543,6543
740,end,54,54
740,end_plus_new_fade,182,182
740,cursor,200,200
740,cursor_enabled,False,0
740,start_previous,100,100
740,length_previous,100,100
741,start,55773,55773
741,length,35048,35048
741,fade,10703,10703
741,start_plus_old_fade,63498,63498
741,end,28010,28010
741,end_plus_new_fade,38713,38713
741,cursor,501,501
741,cursor_enabled,False,0
741,start_previous,100,100
741,length_previous,100,100
742,start,12043,12043
742,length,10782,10782
742,fade,128,128
742,start_plus_old_fade,13287,13287
742,end,4082,4082
742,end_plus_new_fade,4210,4210
742,cursor,501,501
742,cursor_enabled,False,0
742,start_previous,100,100
742,length_previous,100,100
743,start,13136410,13136410
743,length,4645999,4645999
743,fade,12292,12292
743,start_plus_old_fade,13140105,13140105
743,end,15187304,15187304
743,end_plus_new_fade,15199596,15199596
743,cursor,500,500
743,cursor_enabled,True,1
743,start_previous,100,100
743,length_previous,100,100
744,start,987,987
744,length,29,29
744,fade,128,128
744,start_plus_old_fade,13165,13165
744,end,1016,1016
744,end_plus_new_fade,1144,1144
744,cursor,99,99
744,cursor_enabled,False,0
744,start_previous,100,100
744,length_previous,100,100
745,start,292,292
745,length,582,582
745,fade,128,128
745,start_plus_old_fade,4912,4912
745,end,641,641
745,end_plus_new_fade,769,769
745,cursor,200,200
745,cursor_enabled,False,0
745,start_previous,100,100
745,length_previous,100,100
746,start,16219612,16219612
746,length,4203523,4203523
746,fade,3073,3073
746,start_plus_old_fade,16224270,16224270
746,end,9297047,9297047
746,end_plus_new_fade,9300120,9300120
746,cursor,101,101
746,cursor_enabled,False,0
746,start_previous,100,100
746,length_previous,100,100
747,start,8370,8370
747,length,128,128
747,fade,128,128
747,start_plus_old_fade,15505,15505
747,end,22,22
747,end_plus_new_fade,150,150
747,cursor,99,99
747,cursor_enabled,False,0
747,start_previous,100,100
747,length_previous,100,100
748,start,13267919,13267919
748,length,27965568,27965568
748,fade,128,128
748,start_plus_old_fade,13273565,13273565
748,end,21329326,21329326
748,end_plus_new_fade,21329454,21329454
748,cursor,200,200
748,cursor_enabled,False,0
748,start_previous,100,100
748,length_previous,100,100
749,start,11811,11811
749,length,16,16
749,fade,128,128
749,start_plus_old_fade,18201,18201
749,end,51,51
749,end_plus_new_fade,179,179
749,cursor,500,500
749,cursor_enabled,True,1
749,start_previous,100,100
749,length_previous,100,100
750,start,87,87
750,length,583,583
750,fade,128,128
750,start_plus_old_fade,6263,6263
750,end,226,226
750,end_plus_new_fade,354,354
750,cursor,101,101
750,cursor_enabled,True,1
750,start_previous,100,100
750,length_previous,100,100
751,start,45277,45277
751,length,45477,45477
751,fade,12292,12292
751,start_plus_old_fade,45724,45724
751,end,41584,41584
751,end_plus_new_fade,53876,53876
751,cursor,499,499
751,cursor_enabled,True,1
751,start_previous,100,100
751,length_previous,100,100
752,start,2897,2897
752,length,13537,13537
752,fade,512,512
752,start_plus_old_fade,7437,7437
752,end,16434,16434
752,end_plus_new_fade,16946,16946
752,cursor,200,200
752,cursor_enabled,True,1
752,start_previous,100,100
752,length_previous,100,100
753,start,427,427
753,length,498,498
753,fade,128,128
753,start_plus_old_fade,10656,10656
753,end,19,19
753,end_plus_new_fade,147,147
753,cursor,99,99
753,cursor_enabled,True,1
753,start_previous,100,100
753,length_previous,100,100
754,start,111,111
754,length,55,55
754,fade,128,128
754,start_plus_old_fade,10361,10361
754,end,167,167
754,end_plus_new_fade,295,295
754,cursor,499,499
754,cursor_enabled,False,0
754,start_previous,100,100
754,length_previous,100,100
755,start,12292,12292
755,length,33295,33295
755,fade,128,128
755,start_plus_old_fade,23950,23950
755,end,34270,34270
755,end_plus_new_fade,34398,34398
755,cursor,501,501
755,cursor_enabled,True,1
755,start_previous,100,100
755,length_previous,100,100
756,start,759,759
756,length,162,162
756,fade,128,128
756,start_plus_old_fade,2831,2831
756,end,1034,1034
756,end_plus_new_fade,1162,1162
756,cursor,499,499
756,cursor_enabled,False,0
756,start_previous,100,100
756,length_previous,100,100
757,start,9984,9984
757,length,6474,6474
757,fade,312,312
757,start_plus_old_fade,21453,21453
757,end,191,191
757,end_plus_new_fade,503,503
757,cursor,501,501
757,cursor_enabled,True,1
757,start_previous,100,100
757,length_previous,100,100
758,start,13631488,13631488
758,length,16777216,16777216
758,fade,128,128
758,start_plus_old_fade,13633581,13633581
758,end,13890975,13890975
758,end_plus_new_fade,13891103,13891103
758,cursor,99,99
758,cursor_enabled,False,0
758,start_previous,100,100
758,length_previous,100,100
759,start,0,0
759,length,29499999,29499999
759,fade,128,128
759,start_plus_old_fade,11607,11607
759,end,9874038,9874038
759,end_plus_new_fade,9874166,9874166
759,cursor,200,200
759,cursor_enabled,True,1
759,start_previous,100,100
759,length_previous,100,100
760,start,9709,9709
760,length,511,511
760,fade,128,128
760,start_plus_old_fade,12500,12500
760,end,646,646
760,end_plus_new_fade,774,774
760,cursor,499,499
760,cursor_enabled,False,0
760,start_previous,100,100
760,length_previous,100,100
761,start,9918840,9918840
761,length,1634703,1634703
761,fade,128,128
761,start_plus_old_fade,9925317,9925317
761,end,12615377,12615377
761,end_plus_new_fade,12615505,12615505
761,cursor,101,101
761,cursor_enabled,False,0
761,start_previous,100,100
761,length_previous,100,100
762,start,9661497,9661497
762,length,27109758,27109758
762,fade,6147,6147
762,start_plus_old_fade,9665449,9665449
762,end,7271255,7271255
762,end_plus_new_fade,7277402,7277402
762,cursor,200,200
762,cursor_enabled,True,1
762,start_previous,100,100
762,length_previous,100,100
763,start,15603,15603
763,length,5361,5361
763,fade,128,128
763,start_plus_old_fade,24111,24111
763,end,103,103
763,end_plus_new_fade,231,231
763,cursor,101,101
763,cursor_enabled,False,0
763,start_previous,100,100
763,length_previous,100,100
764,start,29497878,29497878
764,length,8147619,8147619
764,fade,128,128
764,start_plus_old_fade,29508676,29508676
764,end,24864979,24864979
764,end_plus_new_fade,24865107,24865107
764,cursor,100,100
764,cursor_enabled,True,1
764,start_previous,100,100
764,length_previous,100,100
765,start,90,90
765,length,61,61
765,fade,128,128
765,start_plus_old_fade,1938,1938
765,end,151,151
765,end_plus_new_fade,279,279
765,cursor,499,499
765,cursor_enabled,False,0
765,start_previous,100,100
765,length_previous,100,100
766,start,17923322,17923322
766,length,16593741,16593741
766,fade,128,128
766,start_plus_old_fade,17933574,17933574
766,end,26580178,26580178
766,end_plus_new_fade,26580306,26580306
766,cursor,99,99
766,cursor_enabled,False,0
766,start_previous,100,100
766,length_previous,100,100
767,start,3087,3087
767,length,1280,1280
767,fade,128,128
767,start_plus_old_fade,9225,9225
767,end,3428,3428
767,end_plus_new_fade,3556,3556
767,cursor,100,100
767,cursor_enabled,False,0
767,start_previous,100,100
767,length_previous,100,100
768,start,364,364
768,length,1280,1280
768,fade,128,128
768,start_plus_old_fade,8182,8182
768,end,589,589
768,end_plus_new_fade,717,717
768,cursor,101,101
768,cursor_enabled,False,0
768,start_previous,100,100
768,length_previous,100,100
769,start,366,366
769,length,7357,7357
769,fade,128,128
769,start_plus_old_fade,1714,1714
769,end,5504,5504
769,end_plus_new_fade,5632,5632
769,cursor,100,100
769,cursor_enabled,False,0
769,start_previous,100,100
769,length_previous,100,100
770,start,8489,8489
770,length,1280,1280
770,fade,128,128
770,start_plus_old_fade,16285,16285
770,end,123,123
770,end_plus_new_fade,251,251
770,cursor,100,100
770,cursor_enabled,False,0
770,start_previous,100,100
770,length_previous,100,100
771,start,10563,10563
771,length,10316,10316
771,fade,1576,1576
771,start_plus_old_fade,11260,11260
771,end,4576,4576
771,end_plus_new_fade,6152,6152
771,cursor,100,100
771,cursor_enabled,True,1
771,start_previous,100,100
771,length_previous,100,100
772,start,8388609,8388609
772,length,9345259,9345259
772,fade,128,128
772,start_plus_old_fade,8389521,8389521
772,end,11423811,11423811
772,end_plus_new_fade,11423939,11423939
772,cursor,499,499
772,cursor_enabled,True,1
772,start_previous,100,100
772,length_previous,100,100
773,start,0,0
773,length,2077,2077
773,fade,128,128
773,start_plus_old_fade,8129,8129
773,end,11187,11187
773,end_plus_new_fade,11315,11315
773,cursor,200,200
773,cursor_enabled,False,0
773,start_previous,100,100
773,length_previous,100,100
774,start,8388609,8388609
774,length,8669254,8669254
774,fade,128,128
774,start_plus_old_fade,8400474,8400474
774,end,5538056,5538056
774,end_plus_new_fade,5538184,5538184
774,cursor,101,101
774,cursor_enabled,True,1
774,start_previous,100,100
774,length_previous,100,100
775,start,7069,7069
775,length,11993,11993
775,fade,128,128
775,start_plus_old_fade,19235,19235
775,end,6769,6769
775,end_plus_new_fade,6897,6897
775,cursor,200,200
775,cursor_enabled,False,0
775,start_previous,100,100
775,length_previous,100,100
776,start,54,54
776,length,84,84
776,fade,128,128
776,start_plus_old_fade,7154,7154
776,end,138,138
776,end_plus_new_fade,266,266
776,cursor,500,500
776,cursor_enabled,False,0
776,start_previous,100,100
776,length_previous,100,100
777,start,5043408,5043408
777,length,16777218,16777218
777,fade,128,128
777,start_plus_old_fade,5048071,5048071
777,end,12812086,12812086
777,end_plus_new_fade,12812214,12812214
777,cursor,100,100
777,cursor_enabled,True,1
777,start_previous,100,100
777,length_previous,100,100
778,start,2461,2461
778,length,8286,8286
778,fade,1036,1036
778,start_plus_old_fade,8880,8880
778,end,10747,10747
778,end_plus_new_fade,11783,11783
778,cursor,200,200
778,cursor_enabled,False,0
778,start_previous,100,100
778,length_previous,100,100
779,start,5079,5079
779,length,7516,7516
779,fade,256,256
779,start_plus_old_fade,12978,12978
779,end,18215,18215
779,end_plus_new_fade,18471,18471
779,cursor,100,100
779,cursor_enabled,False,0
779,start_previous,100,100
779,length_previous,100,100
780,start,9341,9341
780,length,7828,7828
780,fade,128,128
780,start_plus_old_fade,12082,12082
780,end,42471,42471
780,end_plus_new_fade,42599,42599
780,cursor,400,400
780,cursor_enabled,True,1
780,start_previous,100,100
780,length_previous,100,100
781,start,35061,35061
781,length,4706,4706
781,fade,128,128
781,start_plus_old_fade,38172,38172
781,end,7899,7899
781,end_plus_new_fade,8027,8027
781,cursor,500,500
781,cursor_enabled,True,1
781,start_previous,100,100
781,length_previous,100,100
782,start,667,667
782,length,1023,1023
782,fade,128,128
782,start_plus_old_fade,1987,1987
782,end,547,547
782,end_plus_new_fade,675,675
782,cursor,499,499
782,cursor_enabled,False,0
782,start_previous,100,100
782,length_previous,100,100
783,start,55314,55314
783,length,33847,33847
783,fade,128,128
783,start_plus_old_fade,65866,65866
783,end,24578,24578
783,end_plus_new_fade,24706,24706
783,cursor,99,99
783,cursor_enabled,True,1
783,start_previous,100,100
783,length_previous,100,100
784,start,4097,4097
784,length,1280,1280
784,fade,177,177
784,start_plus_old_fade,6728,6728
784,end,710,710
784,end_plus_new_fade,887,887
784,cursor,400,400
784,cursor_enabled,True,1
784,start_previous,100,100
784,length_previous,100,100
785,start,15422786,15422786
785,length,4387179,4387179
785,fade,128,128
785,start_plus_old_fade,15433370,15433370
785,end,27624345,27624345
785,end_plus_new_fade,27624473,27624473
785,cursor,100,100
785,cursor_enabled,True,1
785,start_previous,100,100
785,length_previous,100,100
786,start,1729,1729
786,length,24584,24584
786,fade,2937,2937
786,start_plus_old_fade,7758,7758
786,end,25223,25223
786,end_plus_new_fade,28160,28160
786,cursor,501,501
786,cursor_enabled,True,1
786,start_previous,100,100
786,length_previous,100,100
787,start,614,614
787,length,272,272
787,fade,128,128
787,start_plus_old_fade,3188,3188
787,end,886,886
787,end_plus_new_fade,1014,1014
787,cursor,500,500
787,cursor_enabled,True,1
787,start_previous,100,100
787,length_previous,100,100
788,start,0,0
788,length,1280,1280
788,fade,128,128
788,start_plus_old_fade,8161,8161
788,end,35,35
788,end_plus_new_fade,163,163
788,cursor,499,499
788,cursor_enabled,True,1
788,start_previous,100,100
788,length_previous,100,100
789,start,3851,3851
789,length,1280,1280
789,fade,128,128
789,start_plus_old_fade,15430,15430
789,end,116,116
789,end_plus_new_fade,244,244
789,cursor,101,101
789,cursor_enabled,False,0
789,start_previous,100,100
789,length_previous,100,100
790,start,43,43
790,length,378,378
790,fade,128,128
790,start_plus_old_fade,4578,4578
790,end,936,936
790,end_plus_new_fade,1064,1064
790,cursor,499,499
790,cursor_enabled,False,0
790,start_previous,100,100
790,length_previous,100,100
791,start,3952402,3952402
791,length,5891487,5891487
791,fade,6147,6147
791,start_plus_old_fade,3954241,3954241
791,end,12404221,12404221
791,end_plus_new_fade,12410368,12410368
791,cursor,200,200
791,cursor_enabled,False,0
791,start_previous,100,100
791,length_previous,100,100
792,start,47032,47032
792,length,32778,32778
792,fade,128,128
792,start_plus_old_fade,55407,55407
792,end,16956,16956
792,end_plus_new_fade,17084,17084
792,cursor,200,200
792,cursor_enabled,False,0
792,start_previous,100,100
792,length_previous,100,100
793,start,12160609,12160609
793,length,16777218,16777218
793,fade,6147,6147
793,start_plus_old_fade,12170081,12170081
793,end,10986727,10986727
793,end_plus_new_fade,10992874,10992874
793,cursor,101,101
793,cursor_enabled,True,1
793,start_previous,100,100
793,length_previous,100,100
794,start,37578,37578
794,length,25671,25671
794,fade,128,128
794,start_plus_old_fade,49359,49359
794,end,2154,2154
794,end_plus_new_fade,2282,2282
794,cursor,400,400
794,cursor_enabled,True,1
794,start_previous,100,100
794,length_previous,100,100
795,start,11062497,11062497
795,length,25812493,25812493
795,fade,3073,3073
795,start_plus_old_fade,11070331,11070331
795,end,24082734,24082734
795,end_plus_new_fade,24085807,24085807
795,cursor,101,101
795,cursor_enabled,True,1
795,start_previous,100,100
795,length_previous,100,100
796,start,985,985
796,length,519,519
796,fade,128,128
796,start_plus_old_fade,12855,12855
796,end,1124,1124
796,end_plus_new_fade,1252,1252
796,cursor,501,501
796,cursor_enabled,True,1
796,start_previous,100,100
796,length_previous,100,100
797,start,17134,17134
797,length,6378,6378
797,fade,128,128
797,start_plus_old_fade,27271,27271
797,end,11383,11383
797,end_plus_new_fade,11511,11511
797,cursor,501,501
797,cursor_enabled,True,1
797,start_previous,100,100
797,length_previous,100,100
798,start,7560048,7560048
798,length,26769720,26769720
798,fade,128,128
798,start_plus_old_fade,7563226,7563226
798,end,23514631,23514631
798,end_plus_new_fade,23514759,23514759
798,cursor,99,99
798,cursor_enabled,False,0
798,start_previous,100,100
798,length_previous,100,100
799,start,0,0
799,length,29499999,29499999
799,fade,12292,12292
799,start_plus_old_fade,6996,6996
799,end,22256103,22256103
799,end_plus_new_fade,22268395,22268395
799,cursor,500,500
799,cursor_enabled,False,0
799,start_previous,100,100
799,length_previous,100,100
800,start,57,57
800,length,12,12
800,fade,128,128
800,start_plus_old_fade,5694,5694
800,end,69,69
800,end_plus_new_fade,197,197
800,cursor,101,101
800,cursor_enabled,True,1
800,start_previous,100,100
800,length_previous,100,100
801,start,1284,1284
801,length,6729,6729
801,fade,128,128
801,start_plus_old_fade,8864,8864
801,end,8351,8351
801,end_plus_new_fade,8479,8479
801,cursor,500,500
801,cursor_enabled,False,0
801,start_previous,100,100
801,length_previous,100,100
802,start,14123,14123
802,length,16809,16809
802,fade,128,128
802,start_plus_old_fade,23717,23717
802,end,46326,46326
802,end_plus_new_fade,46454,46454
802,cursor,100,100
802,cursor_enabled,False,0
802,start_previous,100,100
802,length_previous,100,100
803,start,21806228,21806228
803,length,18413188,18413188
803,fade,512,512
803,start_plus_old_fade,21808041,21808041
803,end,25071365,25071365
803,end_plus_new_fade,25071877,25071877
803,cursor,499,499
803,cursor_enabled,True,1
803,start_previous,100,100
803,length_previous,100,100
804,start,970,970
804,length,24,24
804,fade,128,128
804,start_plus_old_fade,11874,11874
804,end,989,989
804,end_plus_new_fade,1117,1117
804,cursor,100,100
804,cursor_enabled,True,1
804,start_previous,100,100
804,length_previous,100,100
805,start,7,7
805,length,95,95
805,fade,128,128
805,start_plus_old_fade,10283,10283
805,end,77,77
805,end_plus_new_fade,205,205
805,cursor,501,501
805,cursor_enabled,True,1
805,start_previous,100,100
805,length_previous,100,100
806,start,11934138,11934138
806,length,27819788,27819788
806,fade,128,128
806,start_plus_old_fade,11946053,11946053
806,end,10253926,10253926
806,end_plus_new_fade,10254054,10254054
806,cursor,499,499
806,cursor_enabled,True,1
806,start_previous,100,100
806,length_previous,100,100
807,start,213,213
807,length,452,452
807,fade,128,128
807,start_plus_old_fade,1168,1168
807,end,665,665
807,end_plus_new_fade,793,793
807,cursor,101,101
807,cursor_enabled,False,0
807,start_previous,100,100
807,length_previous,100,100
808,start,828,828
808,length,5574,5574
808,fade,6143,6143
808,start_plus_old_fade,9540,9540
808,end,822,822
808,end_plus_new_fade,6965,6965
808,cursor,200,200
808,cursor_enabled,True,1
808,start_previous,100,100
808,length_previous,100,100
809,start,14749992,14749992
809,length,15012943,15012943
809,fade,512,512
809,start_plus_old_fade,14759756,14759756
809,end,28249653,28249653
809,end_plus_new_fade,28250165,28250165
809,cursor,200,200
809,cursor_enabled,True,1
809,start_previous,100,100
809,length_previous,100,100
810,start,17,17
810,length,21,21
810,fade,128,128
810,start_plus_old_fade,1125,1125
810,end,86,86
810,end_plus_new_fade,214,214
810,cursor,100,100
810,cursor_enabled,True,1
810,start_previous,100,100
810,length_previous,100,100
811,start,16374,16374
811,length,48136,48136
811,fade,128,128
811,start_plus_old_fade,17712,17712
811,end,388,388
811,end_plus_new_fade,516,516
811,cursor,99,99
811,cursor_enabled,False,0
811,start_previous,100,100
811,length_previous,100,100
812,start,0,0
812,length,47043,47043
812,fade,128,128
812,start_plus_old_fade,10124,10124
812,end,17301,17301
812,end_plus_new_fade,17429,17429
812,cursor,100,100
812,cursor_enabled,True,1
812,start_previous,100,100
812,length_previous,100,100
813,start,5592406,5592406
813,length,5592406,5592406
813,fade,128,128
813,start_plus_old_fade,5600858,5600858
813,end,4281401,4281401
813,end_plus_new_fade,4281529,4281529
813,cursor,500,500
813,cursor_enabled,False,0
813,start_previous,100,100
813,length_previous,100,100
814,start,61,61
814,length,36,36
814,fade,128,128
814,start_plus_old_fade,6081,6081
814,end,97,97
814,end_plus_new_fade,225,225
814,cursor,501,501
814,cursor_enabled,False,0
814,start_previous,100,100
814,length_previous,100,100
815,start,3709,3709
815,length,4925,4925
815,fade,2530,2530
815,start_plus_old_fade,4036,4036
815,end,1535,1535
815,end_plus_new_fade,4065,4065
815,cursor,499,499
815,cursor_enabled,False,0
815,start_previous,100,100
815,length_previous,100,100
816,start,15365,15365
816,length,22177,22177
816,fade,128,128
816,start_plus_old_fade,17366,17366
816,end,41538,41538
816,end_plus_new_fade,41666,41666
816,cursor,200,200
816,cursor_enabled,True,1
816,start_previous,100,100
816,length_previous,100,100
817,start,42,42
817,length,109,109
817,fade,128,128
817,start_plus_old_fade,2091,2091
817,end,111,111
817,end_plus_new_fade,239,239
817,cursor,501,501
817,cursor_enabled,False,0
817,start_previous,100,100
817,length_previous,100,100
818,start,8210,8210
818,length,756,756
818,fade,128,128
818,start_plus_old_fade,12281,12281
818,end,790,790
818,end_plus_new_fade,918,918
818,cursor,101,101
818,cursor_enabled,False,0
818,start_previous,100,100
818,length_previous,100,100
819,start,11611209,11611209
819,length,8144837,8144837
819,fade,6147,6147
819,start_plus_old_fade,11613155,11613155
819,end,15497684,15497684
819,end_plus_new_fade,15503831,15503831
819,cursor,99,99
819,cursor_enabled,True,1
819,start_previous,100,100
819,length_previous,100,100
820,start,4852,4852
820,length,116,116
820,fade,128,128
820,start_plus_old_fade,7746,7746
820,end,94,94
820,end_plus_new_fade,222,222
820,cursor,499,499
820,cursor_enabled,False,0
820,start_previous,100,100
820,length_previous,100,100
821,start,6912,6912
821,length,3840,3840
821,fade,128,128
821,start_plus_old_fade,8457,8457
821,end,12916,12916
821,end_plus_new_fade,13044,13044
821,cursor,200,200
821,cursor_enabled,True,1
821,start_previous,100,100
821,length_previous,100,100
822,start,30834,30834
822,length,30730,30730
822,fade,128,128
822,start_plus_old_fade,35330,35330
822,end,34364,34364
822,end_plus_new_fade,34492,34492
822,cursor,500,500
822,cursor_enabled,False,0
822,start_previous,100,100
822,length_previous,100,100
823,start,10967,10967
823,length,29,29
823,fade,128,128
823,start_plus_old_fade,19353,19353
823,end,16,16
823,end_plus_new_fade,144,144
823,cursor,200,200
823,cursor_enabled,True,1
823,start_previous,100,100
823,length_previous,100,100
824,start,0,0
824,length,13294057,13294057
824,fade,128,128
824,start_plus_old_fade,2290,2290
824,end,13294057,13294057
824,end_plus_new_fade,13294185,13294185
824,cursor,200,200
824,cursor_enabled,False,0
824,start_previous,100,100
824,length_previous,100,100
825,start,9,9
825,length,37,37
825,fade,128,128
825,start_plus_old_fade,2737,2737
825,end,51,51
825,end_plus_new_fade,179,179
825,cursor,100,100
825,cursor_enabled,False,0
825,start_previous,100,100
825,length_previous,100,100
826,start,104,104
826,length,116,116
826,fade,128,128
826,start_plus_old_fade,2120,2120
826,end,92,92
826,end_plus_new_fade,220,220
826,cursor,499,499
826,cursor_enabled,False,0
826,start_previous,100,100
826,length_previous,100,100
827,start,4799,4799
827,length,1023,1023
827,fade,128,128
827,start_plus_old_fade,14850,14850
827,end,809,809
827,end_plus_new_fade,937,937
827,cursor,200,200
827,cursor_enabled,False,0
827,start_previous,100,100
827,length_previous,100,100
828,start,10398470,10398470
828,length,7351576,7351576
828,fade,128,128
828,start_plus_old_fade,10408967,10408967
828,end,972827,972827
828,end_plus_new_fade,972955,972955
828,cursor,501,501
828,cursor_enabled,True,1
828,start_previous,100,100
828,length_previous,100,100
829,start,4061,4061
829,length,48,48
829,fade,128,128
829,start_plus_old_fade,13599,13599
829,end,27,27
829,end_plus_new_fade,155,155
829,cursor,100,100
829,cursor_enabled,False,0
829,start_previous,100,100
829,length_previous,100,100
830,start,1959,1959
830,length,128,128
830,fade,128,128
830,start_plus_old_fade,5346,5346
830,end,61,61
830,end_plus_new_fade,189,189
830,cursor,101,101
830,cursor_enabled,False,0
830,start_previous,100,100
830,length_previous,100,100
831,start,359,359
831,length,1280,1280
831,fade,128,128
831,start_plus_old_fade,11861,11861
831,end,939,939
831,end_plus_new_fade,1067,1067
831,cursor,500,500
831,cursor_enabled,True,1
831,start_previous,100,100
831,length_previous,100,100
832,start,378,378
832,length,1280,1280
832,fade,128,128
832,start_plus_old_fade,12365,12365
832,end,741,741
832,end_plus_new_fade,869,869
832,cursor,100,100
832,cursor_enabled,False,0
832,start_previous,100,100
832,length_previous,100,100
833,start,6340417,6340417
833,length,1434175,1434175
833,fade,128,128
833,start_plus_old_fade,6349936,6349936
833,end,7774592,7774592
833,end_plus_new_fade,7774720,7774720
833,cursor,500,500
833,cursor_enabled,True,1
833,start_previous,100,100
833,length_previous,100,100
834,start,44073,44073
834,length,20870,20870
834,fade,2609,2609
834,start_plus_old_fade,48893,48893
834,end,15773,15773
834,end_plus_new_fade,18382,18382
834,cursor,500,500
834,cursor_enabled,True,1
834,start_previous,100,100
834,length_previous,100,100
835,start,4608,4608
835,length,9773,9773
835,fade,128,128
835,start_plus_old_fade,13880,13880
835,end,5740,5740
835,end_plus_new_fade,5868,5868
835,cursor,500,500
835,cursor_enabled,True,1
835,start_previous,100,100
835,length_previous,100,100
836,start,15527635,15527635
836,length,1265477,1265477
836,fade,3073,3073
836,start_plus_old_fade,15528500,15528500
836,end,15893,15893
836,end_plus_new_fade,18966,18966
836,cursor,200,200
836,cursor_enabled,True,1
836,start_previous,100,100
836,length_previous,100,100
837,start,8886119,8886119
837,length,17714408,17714408
837,fade,512,512
837,start_plus_old_fade,8897975,8897975
837,end,29263408,29263408
837,end_plus_new_fade,29263920,29263920
837,cursor,101,101
837,cursor_enabled,False,0
837,start_previous,100,100
837,length_previous,100,100
838,start,16614527,16614527
838,length,96580,96580
838,fade,128,128
838,start_plus_old_fade,16623902,16623902
838,end,16711107,16711107
838,end_plus_new_fade,16711235,16711235
838,cursor,101,101
838,cursor_enabled,False,0
838,start_previous,100,100
838,length_previous,100,100
839,start,20597,20597
839,length,47680,47680
839,fade,128,128
839,start_plus_old_fade,32339,32339
839,end,47040,47040
839,end_plus_new_fade,47168,47168
839,cursor,501,501
839,cursor_enabled,True,1
839,start_previous,100,100
839,length_previous,100,100
840,start,2683768,2683768
840,length,12448619,12448619
840,fade,128,128
840,start_plus_old_fade,2689350,2689350
840,end,15132387,15132387
840,end_plus_new_fade,15132515,15132515
840,cursor,500,500
840,cursor_enabled,True,1
840,start_previous,100,100
840,length_previous,100,100
841,start,1671,1671
841,length,45,45
841,fade,128,128
841,start_plus_old_fade,5452,5452
841,end,1766,1766
841,end_plus_new_fade,1894,1894
841,cursor,400,400
841,cursor_enabled,True,1
841,start_previous,100,100
841,length_previous,100,100
842,start,6096,6096
842,length,54,54
842,fade,128,128
842,start_plus_old_fade,15584,15584
842,end,100,100
842,end_plus_new_fade,228,228
842,cursor,200,200
842,cursor_enabled,False,0
842,start_previous,100,100
842,length_previous,100,100
843,start,18599,18599
843,length,4661,4661
843,fade,128,128
843,start_plus_old_fade,29181,29181
843,end,1151,1151
843,end_plus_new_fade,1279,1279
843,cursor,100,100
843,cursor_enabled,True,1
843,start_previous,100,100
843,length_previous,100,100
844,start,2094,2094
844,length,504,504
844,fade,128,128
844,start_plus_old_fade,4288,4288
844,end,2227,2227
844,end_plus_new_fade,2355,2355
844,cursor,499,499
844,cursor_enabled,False,0
844,start_previous,100,100
844,length_previous,100,100
845,start,12606473,12606473
845,length,5506369,5506369
845,fade,128,128
845,start_plus_old_fade,12612475,12612475
845,end,11666789,11666789
845,end_plus_new_fade,11666917,11666917
845,cursor,499,499
845,cursor_enabled,False,0
845,start_previous,100,100
845,length_previous,100,100
846,start,3224340,3224340
846,length,2761378,2761378
846,fade,6147,6147
846,start_plus_old_fade,3228811,3228811
846,end,10281030,10281030
846,end_plus_new_fade,10287177,10287177
846,cursor,500,500
846,cursor_enabled,False,0
846,start_previous,100,100
846,length_previous,100,100
847,start,12292,12292
847,length,9590,9590
847,fade,1324,1324
847,start_plus_old_fade,24100,24100
847,end,10589,10589
847,end_plus_new_fade,11913,11913
847,cursor,200,200
847,cursor_enabled,True,1
847,start_previous,100,100
847,length_previous,100,100
848,start,33,33
848,length,30,30
848,fade,128,128
848,start_plus_old_fade,5502,5502
848,end,51,51
848,end_plus_new_fade,179,179
848,cursor,499,499
848,cursor_enabled,False,0
848,start_previous,100,100
848,length_previous,100,100
849,start,4358303,4358303
849,length,16777218,16777218
849,fade,12292,12292
849,start_plus_old_fade,4360156,4360156
849,end,7834822,7834822
849,end_plus_new_fade,7847114,7847114
849,cursor,200,200
849,cursor_enabled,False,0
849,start_previous,100,100
849,length_previous,100,100
850,start,853,853
850,length,614,614
850,fade,128,128
850,start_plus_old_fade,9260,9260
850,end,1467,1467
850,end_plus_new_fade,1595,1595
850,cursor,501,501
850,cursor_enabled,False,0
850,start_previous,100,100
850,length_previous,100,100
851,start,1026,1026
851,length,10481,10481
851,fade,128,128
851,start_plus_old_fade,2445,2445
851,end,2369,2369
851,end_plus_new_fade,2497,2497
851,cursor,500,500
851,cursor_enabled,True,1
851,start_previous,100,100
851,length_previous,100,100
852,start,0,0
852,length,24320392,24320392
852,fade,128,128
852,start_plus_old_fade,1471,1471
852,end,23732133,23732133
852,end_plus_new_fade,23732261,23732261
852,cursor,499,499
852,cursor_enabled,False,0
852,start_previous,100,100
852,length_previous,100,100
853,start,92,92
853,length,126,126
853,fade,128,128
853,start_plus_old_fade,2027,2027
853,end,58,58
853,end_plus_new_fade,186,186
853,cursor,101,101
853,cursor_enabled,True,1
853,start_previous,100,100
853,length_previous,100,100
854,start,17266271,17266271
854,length,24906334,24906334
854,fade,128,128
854,start_plus_old_fade,17269487,17269487
854,end,12672605,12672605
854,end_plus_new_fade,12672733,12672733
854,cursor,101,101
854,cursor_enabled,False,0
854,start_previous,100,100
854,length_previous,100,100
855,start,53,53
855,length,16,16
855,fade,128,128
855,start_plus_old_fade,4280,4280
855,end,69,69
855,end_plus_new_fade,197,197
855,cursor,499,499
855,cursor_enabled,True,1
855,start_previous,100,100
855,length_previous,100,100
856,start,0,0
856,length,27364,27364
856,fade,128,128
856,start_plus_old_fade,10978,10978
856,end,10524,10524
856,end_plus_new_fade,10652,10652
856,cursor,501,501
856,cursor_enabled,False,0
856,start_previous,100,100
856,length_previous,100,100
857,start,2537902,2537902
857,length,11631385,11631385
857,fade,128,128
857,start_plus_old_fade,2539632,2539632
857,end,3075938,3075938
857,end_plus_new_fade,3076066,3076066
857,cursor,99,99
857,cursor_enabled,False,0
857,start_previous,100,100
857,length_previous,100,100
858,start,548,548
858,length,128,128
858,fade,128,128
858,start_plus_old_fade,2489,2489
858,end,622,622
858,end_plus_new_fade,750,750
858,cursor,500,500
858,cursor_enabled,False,0
858,start_previous,100,100
858,length_previous,100,100
859,start,0,0
859,length,4097,4097
859,fade,128,128
859,start_plus_old_fade,7089,7089
859,end,8455,8455
859,end_plus_new_fade,8583,8583
859,cursor,101,101
859,cursor_enabled,False,0
859,start_previous,100,100
859,length_previous,100,100
860,start,7374996,7374996
860,length,17937730,17937730
860,fade,6147,6147
860,start_plus_old_fade,7381041,7381041
860,end,8394614,8394614
860,end_plus_new_fade,8400761,8400761
860,cursor,499,499
860,cursor_enabled,False,0
860,start_previous,100,100
860,length_previous,100,100
861,start,89,89
861,length,1280,1280
861,fade,128,128
861,start_plus_old_fade,8188,8188
861,end,179,179
861,end_plus_new_fade,307,307
861,cursor,200,200
861,cursor_enabled,False,0
861,start_previous,100,100
861,length_previous,100,100
862,start,5606975,5606975
862,length,3335409,3335409
862,fade,6147,6147
862,start_plus_old_fade,5609004,5609004
862,end,1718770,1718770
862,end_plus_new_fade,1724917,1724917
862,cursor,100,100
862,cursor_enabled,True,1
862,start_previous,100,100
862,length_previous,100,100
863,start,0,0
863,length,16777218,16777218
863,fade,128,128
863,start_plus_old_fade,1160,1160
863,end,2759639,2759639
863,end_plus_new_fade,2759767,2759767
863,cursor,99,99
863,cursor_enabled,False,0
863,start_previous,100,100
863,length_previous,100,100
864,start,8505,8505
864,length,1280,1280
864,fade,128,128
864,start_plus_old_fade,18396,18396
864,end,20,20
864,end_plus_new_fade,148,148
864,cursor,101,101
864,cursor_enabled,False,0
864,start_previous,100,100
864,length_previous,100,100
865,start,9619759,9619759
865,length,5592406,5592406
865,fade,128,128
865,start_plus_old_fade,9625921,9625921
865,end,9278170,9278170
865,end_plus_new_fade,9278298,9278298
865,cursor,501,501
865,cursor_enabled,False,0
865,start_previous,100,100
865,length_previous,100,100
866,start,50940,50940
866,length,1753,1753
866,fade,256,256
866,start_plus_old_fade,56369,56369
866,end,41522,41522
866,end_plus_new_fade,41778,41778
866,cursor,499,499
866,cursor_enabled,False,0
866,start_previous,100,100
866,length_previous,100,100
867,start,12922045,12922045
867,length,9982129,9982129
867,fade,6147,6147
867,start_plus_old_fade,12930042,12930042
867,end,6126955,6126955
867,end_plus_new_fade,6133102,6133102
867,cursor,100,100
867,cursor_enabled,True,1
867,start_previous,100,100
867,length_previous,100,100
868,start,8983,8983
868,length,11715,11715
868,fade,128,128
868,start_plus_old_fade,14398,14398
868,end,8405,8405
868,end_plus_new_fade,8533,8533
868,cursor,500,500
868,cursor_enabled,False,0
868,start_previous,100,100
868,length_previous,100,100
869,start,119,119
869,length,124,124
869,fade,128,128
869,start_plus_old_fade,7415,7415
869,end,115,115
869,end_plus_new_fade,243,243
869,cursor,100,100
869,cursor_enabled,False,0
869,start_previous,100,100
869,length_previous,100,100
870,start,3453,3453
870,length,5059,5059
870,fade,128,128
870,start_plus_old_fade,13648,13648
870,end,8512,8512
870,end_plus_new_fade,8640,8640
870,cursor,101,101
870,cursor_enabled,True,1
870,start_previous,100,100
870,length_previous,100,100
871,start,1199,1199
871,length,1936,1936
871,fade,128,128
871,start_plus_old_fade,7834,7834
871,end,3135,3135
871,end_plus_new_fade,3263,3263
871,cursor,200,200
871,cursor_enabled,True,1
871,start_previous,100,100
871,length_previous,100,100
872,start,9044671,9044671
872,length,14749999,14749999
872,fade,512,512
872,start_plus_old_fade,9056647,9056647
872,end,26392155,26392155
872,end_plus_new_fade,26392667,26392667
872,cursor,99,99
872,cursor_enabled,True,1
872,start_previous,100,100
872,length_previous,100,100
873,start,2335,2335
873,length,12129,12129
873,fade,128,128
873,start_plus_old_fade,9211,9211
873,end,11124,11124
873,end_plus_new_fade,11252,11252
873,cursor,101,101
873,cursor_enabled,True,1
873,start_previous,100,100
873,length_previous,100,100
874,start,6965,6965
874,length,1716,1716
874,fade,708,708
874,start_plus_old_fade,10158,10158
874,end,12633,12633
874,end_plus_new_fade,13341,13341
874,cursor,500,500
874,cursor_enabled,True,1
874,start_previous,100,100
874,length_previous,100,100
875,start,14680064,14680064
875,length,10135980,10135980
875,fade,256,256
875,start_plus_old_fade,14683379,14683379
875,end,8448956,8448956
875,end_plus_new_fade,8449212,8449212
875,cursor,100,100
875,cursor_enabled,False,0
875,start_previous,100,100
875,length_previous,100,100
876,start,54,54
876,length,1280,1280
876,fade,128,128
876,start_plus_old_fade,936,936
876,end,6,6
876,end_plus_new_fade,134,134
876,cursor,99,99
876,cursor_enabled,False,0
876,start_previous,100,100
876,length_previous,100,100
877,start,44781,44781
877,length,49169,49169
877,fade,128,128
877,start_plus_old_fade,55646,55646
877,end,47717,47717
877,end_plus_new_fade,47845,47845
877,cursor,99,99
877,cursor_enabled,False,0
877,start_previous,100,100
877,length_previous,100,100
878,start,2960,2960
878,length,33,33
878,fade,128,128
878,start_plus_old_fade,7827,7827
878,end,49,49
878,end_plus_new_fade,177,177
878,cursor,100,100
878,cursor_enabled,True,1
878,start_previous,100,100
878,length_previous,100,100
879,start,5207,5207
879,length,1280,1280
879,fade,128,128
879,start_plus_old_fade,16533,16533
879,end,92,92
879,end_plus_new_fade,220,220
879,cursor,500,500
879,cursor_enabled,False,0
879,start_previous,100,100
879,length_previous,100,100
880,start,12569600,12569600
880,length,11455214,11455214
880,fade,512,512
880,start_plus_old_fade,12581545,12581545
880,end,12812200,12812200
880,end_plus_new_fade,12812712,12812712
880,cursor,499,499
880,cursor_enabled,False,0
880,start_previous,100,100
880,length_previous,100,100
881,start,38875,38875
881,length,29646,29646
881,fade,128,128
881,start_plus_old_fade,44843,44843
881,end,19351,19351
881,end_plus_new_fade,19479,19479
881,cursor,100,100
881,cursor_enabled,True,1
881,start_previous,100,100
881,length_previous,100,100
882,start,6506705,6506705
882,length,16777218,16777218
882,fade,256,256
882,start_plus_old_fade,6509110,6509110
882,end,16588618,16588618
882,end_plus_new_fade,16588874,16588874
882,cursor,200,200
882,cursor_enabled,False,0
882,start_previous,100,100
882,length_previous,100,100
883,start,29079878,29079878
883,length,5705494,5705494
883,fade,256,256
883,start_plus_old_fade,29080798,29080798
883,end,16357033,16357033
883,end_plus_new_fade,16357289,16357289
883,cursor,200,200
883,cursor_enabled,False,0
883,start_previous,100,100
883,length_previous,100,100
884,start,0,0
884,length,16777218,16777218
884,fade,128,128
884,start_plus_old_fade,6739,6739
884,end,9493623,9493623
884,end_plus_new_fade,9493751,9493751
884,cursor,100,100
884,cursor_enabled,True,1
884,start_previous,100,100
884,length_previous,100,100
885,start,2394401,2394401
885,length,16682987,16682987
885,fade,128,128
885,start_plus_old_fade,2406547,2406547
885,end,13929330,13929330
885,end_plus_new_fade,13929458,13929458
885,cursor,101,101
885,cursor_enabled,False,0
885,start_previous,100,100
885,length_previous,100,100
886,start,973,973
886,length,823,823
886,fade,205,205
886,start_plus_old_fade,12895,12895
886,end,772,772
886,end_plus_new_fade,977,977
886,cursor,500,500
886,cursor_enabled,False,0
886,start_previous,100,100
886,length_previous,100,100
887,start,1615401,1615401
887,length,7972763,7972763
887,fade,128,128
887,start_plus_old_fade,1627173,1627173
887,end,8059761,8059761
887,end_plus_new_fade,8059889,8059889
887,cursor,101,101
887,cursor_enabled,False,0
887,start_previous,100,100
887,length_previous,100,100
888,start,10127787,10127787
888,length,6337141,6337141
888,fade,128,128
888,start_plus_old_fade,10133509,10133509
888,end,16464928,16464928
888,end_plus_new_fade,16465056,16465056
888,cursor,100,100
888,cursor_enabled,False,0
888,start_previous,100,100
888,length_previous,100,100
889,start,11080,11080
889,length,8539,8539
889,fade,128,128
889,start_plus_old_fade,17568,17568
889,end,11640,11640
889,end_plus_new_fade,11768,11768
889,cursor,200,200
889,cursor_enabled,False,0
889,start_previous,100,100
889,length_previous,100,100
890,start,12007,12007
890,length,23701,23701
890,fade,512,512
890,start_plus_old_fade,14036,14036
890,end,16324,16324
890,end_plus_new_fade,16836,16836
890,cursor,101,101
890,cursor_enabled,True,1
890,start_previous,100,100
890,length_previous,100,100
891,start,5991,5991
891,length,35190,35190
891,fade,128,128
891,start_plus_old_fade,6654,6654
891,end,41181,41181
891,end_plus_new_fade,41309,41309
891,cursor,499,499
891,cursor_enabled,True,1
891,start_previous,100,100
891,length_previous,100,100
892,start,5242880,5242880
892,length,4621417,4621417
892,fade,128,128
892,start_plus_old_fade,5251489,5251489
892,end,1080574,1080574
892,end_plus_new_fade,1080702,1080702
892,cursor,100,100
892,cursor_enabled,False,0
892,start_previous,100,100
892,length_previous,100,100
893,start,21568498,21568498
893,length,27158730,27158730
893,fade,6147,6147
893,start_plus_old_fade,21572882,21572882
893,end,18965556,18965556
893,end_plus_new_fade,18971703,18971703
893,cursor,400,400
893,cursor_enabled,True,1
893,start_previous,100,100
893,length_previous,100,100
894,start,6138,6138
894,length,682,682
894,fade,128,128
894,start_plus_old_fade,8054,8054
894,end,244,244
894,end_plus_new_fade,372,372
894,cursor,500,500
894,cursor_enabled,False,0
894,start_previous,100,100
894,length_previous,100,100
895,start,565,565
895,length,552,552
895,fade,128,128
895,start_plus_old_fade,3667,3667
895,end,93,93
895,end_plus_new_fade,221,221
895,cursor,200,200
895,cursor_enabled,False,0
895,start_previous,100,100
895,length_previous,100,100
896,start,35385,35385
896,length,3385,3385
896,fade,128,128
896,start_plus_old_fade,41789,41789
896,end,28140,28140
896,end_plus_new_fade,28268,28268
896,cursor,101,101
896,cursor_enabled,False,0
896,start_previous,100,100
896,length_previous,100,100
897,start,6448,6448
897,length,12291,12291
897,fade,512,512
897,start_plus_old_fade,10313,10313
897,end,457,457
897,end_plus_new_fade,969,969
897,cursor,100,100
897,cursor_enabled,True,1
897,start_previous,100,100
897,length_previous,100,100
898,start,3879,3879
898,length,892,892
898,fade,128,128
898,start_plus_old_fade,15150,15150
898,end,571,571
898,end_plus_new_fade,699,699
898,cursor,99,99
898,cursor_enabled,False,0
898,start_previous,100,100
898,length_previous,100,100
899,start,3938,3938
899,length,5589,5589
899,fade,128,128
899,start_plus_old_fade,5364,5364
899,end,11529,11529
899,end_plus_new_fade,11657,11657
899,cursor,200,200
899,cursor_enabled,False,0
899,start_previous,100,100
899,length_previous,100,100
900,start,13159816,13159816
900,length,18437495,18437495
900,fade,3073,3073
900,start_plus_old_fade,13167060,13167060
900,end,23650336,23650336
900,end_plus_new_fade,23653409,23653409
900,cursor,101,101
900,cursor_enabled,False,0
900,start_previous,100,100
900,length_previous,100,100
901,start,10266408,10266408
901,length,9742668,9742668
901,fade,6147,6147
901,start_plus_old_fade,10267540,10267540
901,end,3895839,3895839
901,end_plus_new_fade,3901986,3901986
901,cursor,501,501
901,cursor_enabled,True,1
901,start_previous,100,100
901,length_previous,100,100
902,start,12100400,12100400
902,length,11173260,11173260
902,fade,128,128
902,start_plus_old_fade,12108731,12108731
902,end,26009649,26009649
902,end_plus_new_fade,26009777,26009777
902,cursor,501,501
902,cursor_enabled,True,1
902,start_previous,100,100
902,length_previous,100,100
903,start,0,0
903,length,15772108,15772108
903,fade,128,128
903,start_plus_old_fade,11114,11114
903,end,15772108,15772108
903,end_plus_new_fade,15772236,15772236
903,cursor,501,501
903,cursor_enabled,True,1
903,start_previous,100,100
903,length_previous,100,100
904,start,11660779,11660779
904,length,2759096,2759096
904,fade,128,128
904,start_plus_old_fade,11671319,11671319
904,end,15867782,15867782
904,end_plus_new_fade,15867910,15867910
904,cursor,500,500
904,cursor_enabled,True,1
904,start_previous,100,100
904,length_previous,100,100
905,start,11547,11547
905,length,1280,1280
905,fade,128,128
905,start_plus_old_fade,17792,17792
905,end,530,530
905,end_plus_new_fade,658,658
905,cursor,100,100
905,cursor_enabled,True,1
905,start_previous,100,100
905,length_previous,100,100
906,start,3126,3126
906,length,1280,1280
906,fade,128,128
906,start_plus_old_fade,15142,15142
906,end,44,44
906,end_plus_new_fade,172,172
906,cursor,99,99
906,cursor_enabled,False,0
906,start_previous,100,100
906,length_previous,100,100
907,start,0,0
907,length,1280,1280
907,fade,128,128
907,start_plus_old_fade,2482,2482
907,end,115,115
907,end_plus_new_fade,243,243
907,cursor,101,101
907,cursor_enabled,True,1
907,start_previous,100,100
907,length_previous,100,100
908,start,13311161,13311161
908,length,16230404,16230404
908,fade,128,128
908,start_plus_old_fade,13314555,13314555
908,end,8355229,8355229
908,end_plus_new_fade,8355357,8355357
908,cursor,100,100
908,cursor_enabled,True,1
908,start_previous,100,100
908,length_previous,100,100
909,start,27905,27905
909,length,49168,49168
909,fade,128,128
909,start_plus_old_fade,36578,36578
909,end,14941,14941
909,end_plus_new_fade,15069,15069
909,cursor,100,100
909,cursor_enabled,False,0
909,start_previous,100,100
909,length_previous,100,100
910,start,26936690,26936690
910,length,28632424,28632424
910,fade,12292,12292
910,start_plus_old_fade,26938151,26938151
910,end,26069114,26069114
910,end_plus_new_fade,26081406,26081406
910,cursor,500,500
910,cursor_enabled,False,0
910,start_previous,100,100
910,length_previous,100,100
911,start,10821,10821
911,length,40262,40262
911,fade,3073,3073
911,start_plus_old_fade,20357,20357
911,end,1913,1913
911,end_plus_new_fade,4986,4986
911,cursor,499,499
911,cursor_enabled,False,0
911,start_previous,100,100
911,length_previous,100,100
912,start,10948,10948
912,length,1716,1716
912,fade,128,128
912,start_plus_old_fade,13435,13435
912,end,12664,12664
912,end_plus_new_fade,12792,12792
912,cursor,501,501
912,cursor_enabled,True,1
912,start_previous,100,100
912,length_previous,100,100
913,start,1,1
913,length,128,128
913,fade,128,128
913,start_plus_old_fade,3480,3480
913,end,59,59
913,end_plus_new_fade,187,187
913,cursor,500,500
913,cursor_enabled,True,1
913,start_previous,100,100
913,length_previous,100,100
914,start,7,7
914,length,30,30
914,fade,128,128
914,start_plus_old_fade,5470,5470
914,end,15,15
914,end_plus_new_fade,143,143
914,cursor,499,499
914,cursor_enabled,False,0
914,start_previous,100,100
914,length_previous,100,100
915,start,440,440
915,length,814,814
915,fade,407,407
915,start_plus_old_fade,9353,9353
915,end,1254,1254
915,end_plus_new_fade,1661,1661
915,cursor,500,500
915,cursor_enabled,True,1
915,start_previous,100,100
915,length_previous,100,100
916,start,1782,1782
916,length,10834,10834
916,fade,128,128
916,start_plus_old_fade,2308,2308
916,end,12616,12616
916,end_plus_new_fade,12744,12744
916,cursor,100,100
916,cursor_enabled,True,1
916,start_previous,100,100
916,length_previous,100,100
917,start,12088,12088
917,length,717,717
917,fade,128,128
917,start_plus_old_fade,20982,20982
917,end,2962,2962
917,end_plus_new_fade,3090,3090
917,cursor,499,499
917,cursor_enabled,False,0
917,start_previous,100,100
917,length_previous,100,100
918,start,13880,13880
918,length,9146,9146
918,fade,128,128
918,start_plus_old_fade,21846,21846
918,end,8947,8947
918,end_plus_new_fade,9075,9075
918,cursor,501,501
918,cursor_enabled,False,0
918,start_previous,100,100
918,length_previous,100,100
919,start,43090,43090
919,length,41412,41412
919,fade,12292,12292
919,start_plus_old_fade,47305,47305
919,end,34533,34533
919,end_plus_new_fade,46825,46825
919,cursor,99,99
919,cursor_enabled,True,1
919,start_previous,100,100
919,length_previous,100,100
920,start,70,70
920,length,53,53
920,fade,128,128
920,start_plus_old_fade,1297,1297
920,end,112,112
920,end_plus_new_fade,240,240
920,cursor,501,501
920,cursor_enabled,False,0
920,start_previous,100,100
920,length_previous,100,100
921,start,406,406
921,length,945,945
921,fade,128,128
921,start_plus_old_fade,7536,7536
921,end,633,633
921,end_plus_new_fade,761,761
921,cursor,101,101
921,cursor_enabled,True,1
921,start_previous,100,100
921,length_previous,100,100
922,start,26452,26452
922,length,49167,49167
922,fade,128,128
922,start_plus_old_fade,35724,35724
922,end,10694,10694
922,end_plus_new_fade,10822,10822
922,cursor,101,101
922,cursor_enabled,True,1
922,start_previous,100,100
922,length_previous,100,100
923,start,7,7
923,length,2,2
923,fade,128,128
923,start_plus_old_fade,9540,9540
923,end,9,9
923,end_plus_new_fade,137,137
923,cursor,499,499
923,cursor_enabled,False,0
923,start_previous,100,100
923,length_previous,100,100
924,start,32778,32778
924,length,18695,18695
924,fade,447,447
924,start_plus_old_fade,43513,43513
924,end,33672,33672
924,end_plus_new_fade,34119,34119
924,cursor,500,500
924,cursor_enabled,True,1
924,start_previous,100,100
924,length_previous,100,100
925,start,13962580,13962580
925,length,11938660,11938660
925,fade,128,128
925,start_plus_old_fade,13971188,13971188
925,end,2256406,2256406
925,end_plus_new_fade,2256534,2256534
925,cursor,500,500
925,cursor_enabled,False,0
925,start_previous,100,100
925,length_previous,100,100
926,start,669,669
926,length,1280,1280
926,fade,128,128
926,start_plus_old_fade,10304,10304
926,end,690,690
926,end_plus_new_fade,818,818
926,cursor,499,499
926,cursor_enabled,False,0
926,start_previous,100,100
926,length_previous,100,100
927,start,23420103,23420103
927,length,17642370,17642370
927,fade,256,256
927,start_plus_old_fade,23425565,23425565
927,end,4768422,4768422
927,end_plus_new_fade,4768678,4768678
927,cursor,500,500
927,cursor_enabled,True,1
927,start_previous,100,100
927,length_previous,100,100
928,start,119,119
928,length,743,743
928,fade,128,128
928,start_plus_old_fade,1906,1906
928,end,862,862
928,end_plus_new_fade,990,990
928,cursor,499,499
928,cursor_enabled,False,0
928,start_previous,100,100
928,length_previous,100,100
929,start,5124112,5124112
929,length,14919293,14919293
929,fade,3073,3073
929,start_plus_old_fade,5133912,5133912
929,end,16898301,16898301
929,end_plus_new_fade,16901374,16901374
929,cursor,101,101
929,cursor_enabled,True,1
929,start_previous,100,100
929,length_previous,100,100
930,start,12776,12776
930,length,134,134
930,fade,128,128
930,start_plus_old_fade,18690,18690
930,end,389,389
930,end_plus_new_fade,517,517
930,cursor,499,499
930,cursor_enabled,True,1
930,start_previous,100,100
930,length_previous,100,100
931,start,11900855,11900855
931,length,12397924,12397924
931,fade,128,128
931,start_plus_old_fade,11901808,11901808
931,end,16638669,16638669
931,end_plus_new_fade,16638797,16638797
931,cursor,99,99
931,cursor_enabled,True,1
931,start_previous,100,100
931,length_previous,100,100
932,start,15581,15581
932,length,15033,15033
932,fade,128,128
932,start_plus_old_fade,21561,21561
932,end,30614,30614
932,end_plus_new_fade,30742,30742
932,cursor,500,500
932,cursor_enabled,False,0
932,start_previous,100,100
932,length_previous,100,100
933,start,584,584
933,length,128,128
933,fade,128,128
933,start_plus_old_fade,5246,5246
933,end,627,627
933,end_plus_new_fade,755,755
933,cursor,99,99
933,cursor_enabled,False,0
933,start_previous,100,100
933,length_previous,100,100
934,start,6304,6304
934,length,6444,6444
934,fade,128,128
934,start_plus_old_fade,18270,18270
934,end,10821,10821
934,end_plus_new_fade,10949,10949
934,cursor,499,499
934,cursor_enabled,True,1
934,start_previous,100,100
934,length_previous,100,100
935,start,8970807,8970807
935,length,15732483,15732483
935,fade,128,128
935,start_plus_old_fade,8977713,8977713
935,end,12485719,12485719
935,end_plus_new_fade,12485847,12485847
935,cursor,400,400
935,cursor_enabled,True,1
935,start_previous,100,100
935,length_previous,100,100
936,start,0,0
936,length,29499999,29499999
936,fade,6147,6147
936,start_plus_old_fade,9900,9900
936,end,6868154,6868154
936,end_plus_new_fade,6874301,6874301
936,cursor,200,200
936,cursor_enabled,False,0
936,start_previous,100,100
936,length_previous,100,100
937,start,9030,9030
937,length,128,128
937,fade,128,128
937,start_plus_old_fade,10136,10136
937,end,114,114
937,end_plus_new_fade,242,242
937,cursor,99,99
937,cursor_enabled,True,1
937,start_previous,100,100
937,length_previous,100,100
938,start,23597544,23597544
938,length,3670271,3670271
938,fade,128,128
938,start_plus_old_fade,23609050,23609050
938,end,27267815,27267815
938,end_plus_new_fade,27267943,27267943
938,cursor,501,501
938,cursor_enabled,False,0
938,start_previous,100,100
938,length_previous,100,100
939,start,4185,4185
939,length,4393,4393
939,fade,256,256
939,start_plus_old_fade,11085,11085
939,end,8578,8578
939,end_plus_new_fade,8834,8834
939,cursor,500,500
939,cursor_enabled,True,1
939,start_previous,100,100
939,length_previous,100,100
940,start,9216,9216
940,length,4608,4608
940,fade,3455,3455
940,start_plus_old_fade,20244,20244
940,end,3834,3834
940,end_plus_new_fade,7289,7289
940,cursor,100,100
940,cursor_enabled,False,0
940,start_previous,100,100
940,length_previous,100,100
941,start,8388609,8388609
941,length,3494741,3494741
941,fade,3073,3073
941,start_plus_old_fade,8395117,8395117
941,end,11967926,11967926
941,end_plus_new_fade,11970999,11970999
941,cursor,499,499
941,cursor_enabled,False,0
941,start_previous,100,100
941,length_previous,100,100
942,start,39949,39949
942,length,26778,26778
942,fade,128,128
942,start_plus_old_fade,51703,51703
942,end,17557,17557
942,end_plus_new_fade,17685,17685
942,cursor,499,499
942,cursor_enabled,False,0
942,start_previous,100,100
942,length_previous,100,100
943,start,11719,11719
943,length,128,128
943,fade,128,128
943,start_plus_old_fade,19112,19112
943,end,4,4
943,end_plus_new_fade,132,132
943,cursor,499,499
943,cursor_enabled,True,1
943,start_previous,100,100
943,length_previous,100,100
944,start,100,100
944,length,6,6
944,fade,128,128
944,start_plus_old_fade,1472,1472
944,end,106,106
944,end_plus_new_fade,234,234
944,cursor,500,500
944,cursor_enabled,True,1
944,start_previous,100,100
944,length_previous,100,100
945,start,1446,1446
945,length,86,86
945,fade,128,128
945,start_plus_old_fade,12234,12234
945,end,120,120
945,end_plus_new_fade,248,248
945,cursor,500,500
945,cursor_enabled,True,1
945,start_previous,100,100
945,length_previous,100,100
946,start,1665,1665
946,length,1280,1280
946,fade,128,128
946,start_plus_old_fade,5551,5551
946,end,95,95
946,end_plus_new_fade,223,223
946,cursor,200,200
946,cursor_enabled,False,0
946,start_previous,100,100
946,length_previous,100,100
947,start,8955,8955
947,length,128,128
947,fade,128,128
947,start_plus_old_fade,12084,12084
947,end,46,46
947,end_plus_new_fade,174,174
947,cursor,501,501
947,cursor_enabled,False,0
947,start_previous,100,100
947,length_previous,100,100
948,start,39275,39275
948,length,36126,36126
948,fade,128,128
948,start_plus_old_fade,41445,41445
948,end,26231,26231
948,end_plus_new_fade,26359,26359
948,cursor,99,99
948,cursor_enabled,False,0
948,start_previous,100,100
948,length_previous,100,100
949,start,693,693
949,length,252,252
949,fade,271,271
949,start_plus_old_fade,7977,7977
949,end,1236,1236
949,end_plus_new_fade,1507,1507
949,cursor,100,100
949,cursor_enabled,True,1
949,start_previous,100,100
949,length_previous,100,100
950,start,7136976,7136976
950,length,5502272,5502272
950,fade,512,512
950,start_plus_old_fade,7137480,7137480
950,end,5802199,5802199
950,end_plus_new_fade,5802711,5802711
950,cursor,499,499
950,cursor_enabled,False,0
950,start_previous,100,100
950,length_previous,100,100
951,start,5131319,5131319
951,length,10582540,10582540
951,fade,128,128
951,start_plus_old_fade,5139045,5139045
951,end,2429466,2429466
951,end_plus_new_fade,2429594,2429594
951,cursor,200,200
951,cursor_enabled,True,1
951,start_previous,100,100
951,length_previous,100,100
952,start,9369842,9369842
952,length,6174180,6174180
952,fade,3073,3073
952,start_plus_old_fade,9380028,9380028
952,end,14241490,14241490
952,end_plus_new_fade,14244563,14244563
952,cursor,100,100
952,cursor_enabled,True,1
952,start_previous,100,100
952,length_previous,100,100
953,start,14144404,14144404
953,length,8185807,8185807
953,fade,128,128
953,start_plus_old_fade,14156051,14156051
953,end,5032490,5032490
953,end_plus_new_fade,5032618,5032618
953,cursor,99,99
953,cursor_enabled,False,0
953,start_previous,100,100
953,length_previous,100,100
954,start,3216,3216
954,length,1280,1280
954,fade,128,128
954,start_plus_old_fade,6230,6230
954,end,112,112
954,end_plus_new_fade,240,240
954,cursor,500,500
954,cursor_enabled,False,0
954,start_previous,100,100
954,length_previous,100,100
955,start,11572583,11572583
955,length,13668952,13668952
955,fade,128,128
955,start_plus_old_fade,11576010,11576010
955,end,8464316,8464316
955,end_plus_new_fade,8464444,8464444
955,cursor,500,500
955,cursor_enabled,True,1
955,start_previous,100,100
955,length_previous,100,100
956,start,4251,4251
956,length,46491,46491
956,fade,128,128
956,start_plus_old_fade,16067,16067
956,end,1572,1572
956,end_plus_new_fade,1700,1700
956,cursor,100,100
956,cursor_enabled,True,1
956,start_previous,100,100
956,length_previous,100,100
957,start,0,0
957,length,68,68
957,fade,128,128
957,start_plus_old_fade,8979,8979
957,end,70,70
957,end_plus_new_fade,198,198
957,cursor,499,499
957,cursor_enabled,False,0
957,start_previous,100,100
957,length_previous,100,100
958,start,5397,5397
958,length,10779,10779
958,fade,128,128
958,start_plus_old_fade,6607,6607
958,end,5410,5410
958,end_plus_new_fade,5538,5538
958,cursor,500,500
958,cursor_enabled,True,1
958,start_previous,100,100
958,length_previous,100,100
959,start,2866,2866
959,length,128,128
959,fade,128,128
959,start_plus_old_fade,3260,3260
959,end,38,38
959,end_plus_new_fade,166,166
959,cursor,501,501
959,cursor_enabled,True,1
959,start_previous,100,100
959,length_previous,100,100
960,start,24945,24945
960,length,9209,9209
960,fade,128,128
960,start_plus_old_fade,26720,26720
960,end,13635,13635
960,end_plus_new_fade,13763,13763
960,cursor,200,200
960,cursor_enabled,True,1
960,start_previous,100,100
960,length_previous,100,100
961,start,83,83
961,length,90,90
961,fade,128,128
961,start_plus_old_fade,8617,8617
961,end,45,45
961,end_plus_new_fade,173,173
961,cursor,200,200
961,cursor_enabled,False,0
961,start_previous,100,100
961,length_previous,100,100
962,start,2714,2714
962,length,128,128
962,fade,128,128
962,start_plus_old_fade,5614,5614
962,end,5,5
962,end_plus_new_fade,133,133
962,cursor,200,200
962,cursor_enabled,False,0
962,start_previous,100,100
962,length_previous,100,100
963,start,32778,32778
963,length,16389,16389
963,fade,128,128
963,start_plus_old_fade,35282,35282
963,end,48513,48513
963,end_plus_new_fade,48641,48641
963,cursor,100,100
963,cursor_enabled,True,1
963,start_previous,100,100
963,length_previous,100,100
964,start,594,594
964,length,518,518
964,fade,128,128
964,start_plus_old_fade,4366,4366
964,end,460,460
964,end_plus_new_fade,588,588
964,cursor,200,200
964,cursor_enabled,True,1
964,start_previous,100,100
964,length_previous,100,100
965,start,14006175,14006175
965,length,12899486,12899486
965,fade,256,256
965,start_plus_old_fade,14010398,14010398
965,end,26905661,26905661
965,end_plus_new_fade,26905917,26905917
965,cursor,501,501
965,cursor_enabled,False,0
965,start_previous,100,100
965,length_previous,100,100
966,start,827594,827594
966,length,1630606,1630606
966,fade,256,256
966,start_plus_old_fade,833042,833042
966,end,7054879,7054879
966,end_plus_new_fade,7055135,7055135
966,cursor,99,99
966,cursor_enabled,False,0
966,start_previous,100,100
966,length_previous,100,100
967,start,8361979,8361979
967,length,16777218,16777218
967,fade,128,128
967,start_plus_old_fade,8362913,8362913
967,end,7081636,7081636
967,end_plus_new_fade,7081764,7081764
967,cursor,99,99
967,cursor_enabled,True,1
967,start_previous,100,100
967,length_previous,100,100
968,start,11180,11180
968,length,3505,3505
968,fade,6120,6120
968,start_plus_old_fade,15056,15056
968,end,11128,11128
968,end_plus_new_fade,17248,17248
968,cursor,200,200
968,cursor_enabled,False,0
968,start_previous,100,100
968,length_previous,100,100
969,start,40272,40272
969,length,27208,27208
969,fade,128,128
969,start_plus_old_fade,50677,50677
969,end,15099,15099
969,end_plus_new_fade,15227,15227
969,cursor,501,501
969,cursor_enabled,True,1
969,start_previous,100,100
969,length_previous,100,100
970,start,8554,8554
970,length,23800,23800
970,fade,5951,5951
970,start_plus_old_fade,12924,12924
970,end,32354,32354
970,end_plus_new_fade,38305,38305
970,cursor,499,499
970,cursor_enabled,False,0
970,start_previous,100,100
970,length_previous,100,100
971,start,27472736,27472736
971,length,28549084,28549084
971,fade,128,128
971,start_plus_old_fade,27473678,27473678
971,end,10107611,10107611
971,end_plus_new_fade,10107739,10107739
971,cursor,99,99
971,cursor_enabled,True,1
971,start_previous,100,100
971,length_previous,100,100
972,start,79,79
972,length,127,127
972,fade,128,128
972,start_plus_old_fade,5875,5875
972,end,82,82
972,end_plus_new_fade,210,210
972,cursor,400,400
972,cursor_enabled,True,1
972,start_previous,100,100
972,length_previous,100,100
973,start,40776,40776
973,length,46618,46618
973,fade,128,128
973,start_plus_old_fade,51358,51358
973,end,38224,38224
973,end_plus_new_fade,38352,38352
973,cursor,200,200
973,cursor_enabled,False,0
973,start_previous,100,100
973,length_previous,100,100
974,start,9327,9327
974,length,11706,11706
974,fade,128,128
974,start_plus_old_fade,13705,13705
974,end,11963,11963
974,end_plus_new_fade,12091,12091
974,cursor,501,501
974,cursor_enabled,False,0
974,start_previous,100,100
974,length_previous,100,100
975,start,3103,3103
975,length,6404,6404
975,fade,256,256
975,start_plus_old_fade,15167,15167
975,end,9507,9507
975,end_plus_new_fade,9763,9763
975,cursor,101,101
975,cursor_enabled,False,0
975,start_previous,100,100
975,length_previous,100,100
976,start,21865762,21865762
976,length,7218315,7218315
976,fade,128,128
976,start_plus_old_fade,21871733,21871733
976,end,2534811,2534811
976,end_plus_new_fade,2534939,2534939
976,cursor,100,100
976,cursor_enabled,False,0
976,start_previous,100,100
976,length_previous,100,100
977,start,126,126
977,length,126,126
977,fade,128,128
977,start_plus_old_fade,10261,10261
977,end,110,110
977,end_plus_new_fade,238,238
977,cursor,499,499
977,cursor_enabled,False,0
977,start_previous,100,100
977,length_previous,100,100
978,start,23,23
978,length,86,86
978,fade,128,128
978,start_plus_old_fade,11313,11313
978,end,109,109
978,end_plus_new_fade,237,237
978,cursor,501,501
978,cursor_enabled,True,1
978,start_previous,100,100
978,length_previous,100,100
979,start,45,45
979,length,30786,30786
979,fade,6147,6147
979,start_plus_old_fade,11691,11691
979,end,38963,38963
979,end_plus_new_fade,45110,45110
979,cursor,99,99
979,cursor_enabled,False,0
979,start_previous,100,100
979,length_previous,100,100
980,start,709,709
980,length,6608,6608
980,fade,128,128
980,start_plus_old_fade,6762,6762
980,end,7317,7317
980,end_plus_new_fade,7445,7445
980,cursor,99,99
980,cursor_enabled,True,1
980,start_previous,100,100
980,length_previous,100,100
981,start,6146,6146
981,length,14192,14192
981,fade,128,128
981,start_plus_old_fade,16701,16701
981,end,7220,7220
981,end_plus_new_fade,7348,7348
981,cursor,400,400
981,cursor_enabled,True,1
981,start_previous,100,100
981,length_previous,100,100
982,start,37306,37306
982,length,23113,23113
982,fade,128,128
982,start_plus_old_fade,48862,48862
982,end,38133,38133
982,end_plus_new_fade,38261,38261
982,cursor,99,99
982,cursor_enabled,True,1
982,start_previous,100,100
982,length_previous,100,100
983,start,47788,47788
983,length,38590,38590
983,fade,128,128
983,start_plus_old_fade,59486,59486
983,end,10962,10962
983,end_plus_new_fade,11090,11090
983,cursor,499,499
983,cursor_enabled,True,1
983,start_previous,100,100
983,length_previous,100,100
984,start,5115,5115
984,length,616,616
984,fade,128,128
984,start_plus_old_fade,13274,13274
984,end,402,402
984,end_plus_new_fade,530,530
984,cursor,499,499
984,cursor_enabled,True,1
984,start_previous,100,100
984,length_previous,100,100
985,start,113,113
985,length,128,128
985,fade,128,128
985,start_plus_old_fade,3889,3889
985,end,47,47
985,end_plus_new_fade,175,175
985,cursor,501,501
985,cursor_enabled,False,0
985,start_previous,100,100
985,length_previous,100,100
986,start,3026901,3026901
986,length,25127228,25127228
986,fade,512,512
986,start_plus_old_fade,3035903,3035903
986,end,13725207,13725207
986,end_plus_new_fade,13725719,13725719
986,cursor,100,100
986,cursor_enabled,True,1
986,start_previous,100,100
986,length_previous,100,100
987,start,4783394,4783394
987,length,28196092,28196092
987,fade,128,128
987,start_plus_old_fade,4783997,4783997
987,end,1556244,1556244
987,end_plus_new_fade,1556372,1556372
987,cursor,101,101
987,cursor_enabled,False,0
987,start_previous,100,100
987,length_previous,100,100
988,start,93,93
988,length,79,79
988,fade,128,128
988,start_plus_old_fade,449,449
988,end,172,172
988,end_plus_new_fade,300,300
988,cursor,501,501
988,cursor_enabled,False,0
988,start_previous,100,100
988,length_previous,100,100
989,start,2767,2767
989,length,10587,10587
989,fade,128,128
989,start_plus_old_fade,3882,3882
989,end,2144,2144
989,end_plus_new_fade,2272,2272
989,cursor,499,499
989,cursor_enabled,True,1
989,start_previous,100,100
989,length_previous,100,100
990,start,425,425
990,length,113,113
990,fade,264,264
990,start_plus_old_fade,5046,5046
990,end,953,953
990,end_plus_new_fade,1217,1217
990,cursor,101,101
990,cursor_enabled,False,0
990,start_previous,100,100
990,length_previous,100,100
991,start,21988,21988
991,length,16389,16389
991,fade,128,128
991,start_plus_old_fade,24509,24509
991,end,5647,5647
991,end_plus_new_fade,5775,5775
991,cursor,200,200
991,cursor_enabled,False,0
991,start_previous,100,100
991,length_previous,100,100
992,start,9144,9144
992,length,1280,1280
992,fade,128,128
992,start_plus_old_fade,14233,14233
992,end,1021,1021
992,end_plus_new_fade,1149,1149
992,cursor,100,100
992,cursor_enabled,False,0
992,start_previous,100,100
992,length_previous,100,100
993,start,64,64
993,length,74,74
993,fade,128,128
993,start_plus_old_fade,12112,12112
993,end,118,118
993,end_plus_new_fade,246,246
993,cursor,100,100
993,cursor_enabled,True,1
993,start_previous,100,100
993,length_previous,100,100
994,start,22861,22861
994,length,4898,4898
994,fade,256,256
994,start_plus_old_fade,24952,24952
994,end,6540,6540
994,end_plus_new_fade,6796,6796
994,cursor,501,501
994,cursor_enabled,False,0
994,start_previous,100,100
994,length_previous,100,100
995,start,4127839,4127839
995,length,12037729,12037729
995,fade,12292,12292
995,start_plus_old_fade,4135431,4135431
995,end,18188772,18188772
995,end_plus_new_fade,18201064,18201064
995,cursor,100,100
995,cursor_enabled,False,0
995,start_previous,100,100
995,length_previous,100,100
996,start,4779,4779
996,length,114,114
996,fade,128,128
996,start_plus_old_fade,12103,12103
996,end,29,29
996,end_plus_new_fade,157,157
996,cursor,101,101
996,cursor_enabled,True,1
996,start_previous,100,100
996,length_previous,100,100
997,start,11184812,11184812
997,length,11184812,11184812
997,fade,3073,3073
997,start_plus_old_fade,11190433,11190433
997,end,7805408,7805408
997,end_plus_new_fade,7808481,7808481
997,cursor,500,500
997,cursor_enabled,False,0
997,start_previous,100,100
997,length_previous,100,100
998,start,1999336,1999336
998,length,16326548,16326548
998,fade,512,512
998,start_plus_old_fade,2008839,2008839
998,end,13078471,13078471
998,end_plus_new_fade,13078983,13078983
998,cursor,101,101
998,cursor_enabled,True,1
998,start_previous,100,100
998,length_previous,100,100
999,start,15360,15360
999,length,9216,9216
999,fade,128,128
999,start_plus_old_fade,21701,21701
999,end,53,53
999,end_plus_new_fade,181,181
999,cursor,499,499
999,cursor_enabled,True,1
999,start_previous,100,100
999,length_previous,100,100
1000,start,58,58
1000,length,55,55
1000,fade,128,128
1000,start_plus_old_fade,3864,3864
1000,end,5,5
1000,end_plus_new_fade,133,133
1000,cursor,99,99
1000,cursor_enabled,True,1
1000,start_previous,100,100
1000,length_previous,100,100
1001,start,4579,4579
1001,length,128,128
1001,fade,128,128
1001,start_plus_old_fade,11120,11120
1001,end,3,3
1001,end_plus_new_fade,131,131
1001,cursor,500,500
1001,cursor_enabled,True,1
1001,start_previous,100,100
1001,length_previous,100,100
1002,start,26668,26668
1002,length,9893,9893
1002,fade,3073,3073
1002,start_plus_old_fade,33600,33600
1002,end,19821,19821
1002,end_plus_new_fade,22894,22894
1002,cursor,100,100
1002,cursor_enabled,True,1
1002,start_previous,100,100
1002,length_previous,100,100
1003,start,24816,24816
1003,length,35769,35769
1003,fade,6147,6147
1003,start_plus_old_fade,27779,27779
1003,end,13574,13574
1003,end_plus_new_fade,19721,19721
1003,cursor,100,100
1003,cursor_enabled,True,1
1003,start_previous,100,100
1003,length_previous,100,100
1004,start,7881075,7881075
1004,length,14559096,14559096
1004,fade,512,512
1004,start_plus_old_fade,7889820,7889820
1004,end,19823806,19823806
1004,end_plus_new_fade,19824318,19824318
1004,cursor,501,501
1004,cursor_enabled,False,0
1004,start_previous,100,100
1004,length_previous,100,100
1005,start,109,109
1005,length,40,40
1005,fade,128,128
1005,start_plus_old_fade,9212,9212
1005,end,21,21
1005,end_plus_new_fade,149,149
1005,cursor,200,200
1005,cursor_enabled,True,1
1005,start_previous,100,100
1005,length_previous,100,100
1006,start,9,9
1006,length,86,86
1006,fade,128,128
1006,start_plus_old_fade,2928,2928
1006,end,95,95
1006,end_plus_new_fade,223,223
1006,cursor,101,101
1006,cursor_enabled,False,0
1006,start_previous,100,100
1006,length_previous,100,100
1007,start,26270242,26270242
1007,length,15362005,15362005
1007,fade,12292,12292
1007,start_plus_old_fade,26280237,26280237
1007,end,12132247,12132247
1007,end_plus_new_fade,12144539,12144539
1007,cursor,200,200
1007,cursor_enabled,False,0
1007,start_previous,100,100
1007,length_previous,100,100
1008,start,7828,7828
1008,length,11946,11946
1008,fade,128,128
1008,start_plus_old_fade,12717,12717
1008,end,1457,1457
1008,end_plus_new_fade,1585,1585
1008,cursor,400,400
1008,cursor_enabled,True,1
1008,start_previous,100,100
1008,length_previous,100,100
1009,start,18,18
1009,length,1280,1280
1009,fade,128,128
1009,start_plus_old_fade,4471,4471
1009,end,16,16
1009,end_plus_new_fade,144,144
1009,cursor,99,99
1009,cursor_enabled,False,0
1009,start_previous,100,100
1009,length_previous,100,100
1010,start,13078,13078
1010,length,912,912
1010,fade,128,128
1010,start_plus_old_fade,21441,21441
1010,end,763,763
1010,end_plus_new_fade,891,891
1010,cursor,400,400
1010,cursor_enabled,True,1
1010,start_previous,100,100
1010,length_previous,100,100
1011,start,0,0
1011,length,11429,11429
1011,fade,128,128
1011,start_plus_old_fade,10826,10826
1011,end,11429,11429
1011,end_plus_new_fade,11557,11557
1011,cursor,499,499
1011,cursor_enabled,True,1
1011,start_previous,100,100
1011,length_previous,100,100
1012,start,3145728,3145728
1012,length,10697269,10697269
1012,fade,128,128
1012,start_plus_old_fade,3153631,3153631
1012,end,4812673,4812673
1012,end_plus_new_fade,4812801,4812801
1012,cursor,200,200
1012,cursor_enabled,True,1
1012,start_previous,100,100
1012,length_previous,100,100
1013,start,120,120
1013,length,128,128
1013,fade,128,128
1013,start_plus_old_fade,5531,5531
1013,end,78,78
1013,end_plus_new_fade,206,206
1013,cursor,500,500
1013,cursor_enabled,False,0
1013,start_previous,100,100
1013,length_previous,100,100
1014,start,7684,7684
1014,length,28973,28973
1014,fade,128,128
1014,start_plus_old_fade,14881,14881
1014,end,23944,23944
1014,end_plus_new_fade,24072,24072
1014,cursor,101,101
1014,cursor_enabled,False,0
1014,start_previous,100,100
1014,length_previous,100,100
1015,start,17938213,17938213
1015,length,1671872,1671872
1015,fade,128,128
1015,start_plus_old_fade,17950147,17950147
1015,end,19610085,19610085
1015,end_plus_new_fade,19610213,19610213
1015,cursor,100,100
1015,cursor_enabled,True,1
1015,start_previous,100,100
1015,length_previous,100,100
1016,start,14745108,14745108
1016,length,778430,778430
1016,fade,128,128
1016,start_plus_old_fade,14754213,14754213
1016,end,15678933,15678933
1016,end_plus_new_fade,15679061,15679061
1016,cursor,499,499
1016,cursor_enabled,True,1
1016,start_previous,100,100
1016,length_previous,100,100
1017,start,3684,3684
1017,length,686,686
1017,fade,128,128
1017,start_plus_old_fade,7626,7626
1017,end,663,663
1017,end_plus_new_fade,791,791
1017,cursor,400,400
1017,cursor_enabled,True,1
1017,start_previous,100,100
1017,length_previous,100,100
1018,start,1662,1662
1018,length,9327,9327
1018,fade,128,128
1018,start_plus_old_fade,3228,3228
1018,end,10989,10989
1018,end_plus_new_fade,11117,11117
1018,cursor,501,501
1018,cursor_enabled,False,0
1018,start_previous,100,100
1018,length_previous,100,100
1019,start,21212,21212
1019,length,26962,26962
1019,fade,256,256
1019,start_plus_old_fade,28721,28721
1019,end,48174,48174
1019,end_plus_new_fade,48430,48430
1019,cursor,501,501
1019,cursor_enabled,False,0
1019,start_previous,100,100
1019,length_previous,100,100
1020,start,19453,19453
1020,length,38527,38527
1020,fade,256,256
1020,start_plus_old_fade,28932,28932
1020,end,8810,8810
1020,end_plus_new_fade,9066,9066
1020,cursor,100,100
1020,cursor_enabled,True,1
1020,start_previous,100,100
1020,length_previous,100,100
1021,start,2787315,2787315
1021,length,26793508,26793508
1021,fade,128,128
1021,start_plus_old_fade,2799227,2799227
1021,end,80823,80823
1021,end_plus_new_fade,80951,80951
1021,cursor,100,100
1021,cursor_enabled,True,1
1021,start_previous,100,100
1021,length_previous,100,100
1022,start,3958,3958
1022,length,1689,1689
1022,fade,211,211
1022,start_plus_old_fade,7799,7799
1022,end,5647,5647
1022,end_plus_new_fade,5858,5858
1022,cursor,499,499
1022,cursor_enabled,True,1
1022,start_previous,100,100
1022,length_previous,100,100
1023,start,2097152,2097152
1023,length,15773453,15773453
1023,fade,128,128
1023,start_plus_old_fade,2100249,2100249
1023,end,4884779,4884779
1023,end_plus_new_fade,4884907,4884907
1023,cursor,200,200
1023,cursor_enabled,False,0
1023,start_previous,100,100
1023,length_previous,100,100
1024,start,9723,9723
1024,length,126,126
1024,fade,128,128
1024,start_plus_old_fade,14055,14055
1024,end,18,18
1024,end_plus_new_fade,146,146
1024,cursor,500,500
1024,cursor_enabled,True,1
1024,start_previous,100,100
1024,length_previous,100,100
1025,start,28268132,28268132
1025,length,29499992,29499992
1025,fade,128,128
1025,start_plus_old_fade,28269342,28269342
1025,end,9321871,9321871
1025,end_plus_new_fade,9321999,9321999
1025,cursor,501,501
1025,cursor_enabled,True,1
1025,start_previous,100,100
1025,length_previous,100,100
1026,start,878876,878876
1026,length,17779244,17779244
1026,fade,6147,6147
1026,start_plus_old_fade,885543,885543
1026,end,19627475,19627475
1026,end_plus_new_fade,19633622,19633622
1026,cursor,101,101
1026,cursor_enabled,True,1
1026,start_previous,100,100
1026,length_previous,100,100
1027,start,9924,9924
1027,length,14,14
1027,fade,128,128
1027,start_plus_old_fade,15730,15730
1027,end,685,685
1027,end_plus_new_fade,813,813
1027,cursor,500,500
1027,cursor_enabled,False,0
1027,start_previous,100,100
1027,length_previous,100,100
1028,start,10389995,10389995
1028,length,16777218,16777218
1028,fade,128,128
1028,start_plus_old_fade,10396922,10396922
1028,end,4344081,4344081
1028,end_plus_new_fade,4344209,4344209
1028,cursor,100,100
1028,cursor_enabled,True,1
1028,start_previous,100,100
1028,length_previous,100,100
1029,start,26581,26581
1029,length,32142,32142
1029,fade,128,128
1029,start_plus_old_fade,35122,35122
1029,end,37069,37069
1029,end_plus_new_fade,37197,37197
1029,cursor,501,501
1029,cursor_enabled,True,1
1029,start_previous,100,100
1029,length_previous,100,100
1030,start,12582912,12582912
1030,length,14638584,14638584
1030,fade,128,128
1030,start_plus_old_fade,12586883,12586883
1030,end,9245539,9245539
1030,end_plus_new_fade,9245667,9245667
1030,cursor,500,500
1030,cursor_enabled,False,0
1030,start_previous,100,100
1030,length_previous,100,100
1031,start,22598658,22598658
1031,length,20927350,20927350
1031,fade,128,128
1031,start_plus_old_fade,22605259,22605259
1031,end,21942934,21942934
1031,end_plus_new_fade,21943062,21943062
1031,cursor,101,101
1031,cursor_enabled,False,0
1031,start_previous,100,100
1031,length_previous,100,100
1032,start,6458714,6458714
1032,length,8147506,8147506
1032,fade,128,128
1032,start_plus_old_fade,6462652,6462652
1032,end,14606220,14606220
1032,end_plus_new_fade,14606348,14606348
1032,cursor,100,100
1032,cursor_enabled,False,0
1032,start_previous,100,100
1032,length_previous,100,100
1033,start,37033,37033
1033,length,44450,44450
1033,fade,128,128
1033,start_plus_old_fade,39333,39333
1033,end,14061,14061
1033,end_plus_new_fade,14189,14189
1033,cursor,501,501
1033,cursor_enabled,True,1
1033,start_previous,100,100
1033,length_previous,100,100
1034,start,9996,9996
1034,length,2905,2905
1034,fade,128,128
1034,start_plus_old_fade,16348,16348
1034,end,12186,12186
1034,end_plus_new_fade,12314,12314
1034,cursor,400,400
1034,cursor_enabled,True,1
1034,start_previous,100,100
1034,length_previous,100,100
1035,start,0,0
1035,length,4097,4097
1035,fade,256,256
1035,start_plus_old_fade,497,497
1035,end,4828,4828
1035,end_plus_new_fade,5084,5084
1035,cursor,500,500
1035,cursor_enabled,True,1
1035,start_previous,100,100
1035,length_previous,100,100
1036,start,4523570,4523570
1036,length,13695607,13695607
1036,fade,128,128
1036,start_plus_old_fade,4532354,4532354
1036,end,18219177,18219177
1036,end_plus_new_fade,18219305,18219305
1036,cursor,99,99
1036,cursor_enabled,True,1
1036,start_previous,100,100
1036,length_previous,100,100
1037,start,16115,16115
1037,length,11508,11508
1037,fade,128,128
1037,start_plus_old_fade,22533,22533
1037,end,27623,27623
1037,end_plus_new_fade,27751,27751
1037,cursor,100,100
1037,cursor_enabled,False,0
1037,start_previous,100,100
1037,length_previous,100,100
1038,start,7556305,7556305
1038,length,8415240,8415240
1038,fade,6147,6147
1038,start_plus_old_fade,7557897,7557897
1038,end,10097916,10097916
1038,end_plus_new_fade,10104063,10104063
1038,cursor,101,101
1038,cursor_enabled,False,0
1038,start_previous,100,100
1038,length_previous,100,100
1039,start,5943539,5943539
1039,length,14984089,14984089
1039,fade,128,128
1039,start_plus_old_fade,5950225,5950225
1039,end,20927628,20927628
1039,end_plus_new_fade,20927756,20927756
1039,cursor,99,99
1039,cursor_enabled,True,1
1039,start_previous,100,100
1039,length_previous,100,100
1040,start,21546886,21546886
1040,length,9249817,9249817
1040,fade,256,256
1040,start_plus_old_fade,21550844,21550844
1040,end,22761427,22761427
1040,end_plus_new_fade,22761683,22761683
1040,cursor,500,500
1040,cursor_enabled,True,1
1040,start_previous,100,100
1040,length_previous,100,100
1041,start,4185,4185
1041,length,78,78
1041,fade,128,128
1041,start_plus_old_fade,13168,13168
1041,end,167,167
1041,end_plus_new_fade,295,295
1041,cursor,100,100
1041,cursor_enabled,False,0
1041,start_previous,100,100
1041,length_previous,100,100
1042,start,24820594,24820594
1042,length,25271306,25271306
1042,fade,256,256
1042,start_plus_old_fade,24825074,24825074
1042,end,24643137,24643137
1042,end_plus_new_fade,24643393,24643393
1042,cursor,101,101
1042,cursor_enabled,False,0
1042,start_previous,100,100
1042,length_previous,100,100
1043,start,2088,2088
1043,length,26571,26571
1043,fade,128,128
1043,start_plus_old_fade,10977,10977
1043,end,20102,20102
1043,end_plus_new_fade,20230,20230
1043,cursor,101,101
1043,cursor_enabled,True,1
1043,start_previous,100,100
1043,length_previous,100,100
1044,start,114,114
1044,length,85,85
1044,fade,128,128
1044,start_plus_old_fade,919,919
1044,end,199,199
1044,end_plus_new_fade,327,327
1044,cursor,100,100
1044,cursor_enabled,True,1
1044,start_previous,100,100
1044,length_previous,100,100
1045,start,15738,15738
1045,length,38218,38218
1045,fade,128,128
1045,start_plus_old_fade,27737,27737
1045,end,1511,1511
1045,end_plus_new_fade,1639,1639
1045,cursor,500,500
1045,cursor_enabled,False,0
1045,start_previous,100,100
1045,length_previous,100,100
1046,start,7042,7042
1046,length,5138,5138
1046,fade,128,128
1046,start_plus_old_fade,17762,17762
1046,end,13829,13829
1046,end_plus_new_fade,13957,13957
1046,cursor,500,500
1046,cursor_enabled,True,1
1046,start_previous,100,100
1046,length_previous,100,100
1047,start,14427910,14427910
1047,length,3658621,3658621
1047,fade,512,512
1047,start_plus_old_fade,14428148,14428148
1047,end,12557433,12557433
1047,end_plus_new_fade,12557945,12557945
1047,cursor,499,499
1047,cursor_enabled,False,0
1047,start_previous,100,100
1047,length_previous,100,100
1048,start,4556,4556
1048,length,6640,6640
1048,fade,1660,1660
1048,start_plus_old_fade,5795,5795
1048,end,11196,11196
1048,end_plus_new_fade,12856,12856
1048,cursor,200,200
1048,cursor_enabled,False,0
1048,start_previous,100,100
1048,length_previous,100,100
1049,start,12626505,12626505
1049,length,29499998,29499998
1049,fade,3073,3073
1049,start_plus_old_fade,12630765,12630765
1049,end,1265876,1265876
1049,end_plus_new_fade,1268949,1268949
1049,cursor,99,99
1049,cursor_enabled,False,0
1049,start_previous,100,100
1049,length_previous,100,100
1050,start,62,62
1050,length,1280,1280
1050,fade,128,128
1050,start_plus_old_fade,8945,8945
1050,end,80,80
1050,end_plus_new_fade,208,208
1050,cursor,400,400
1050,cursor_enabled,True,1
1050,start_previous,100,100
1050,length_previous,100,100
1051,start,5285132,5285132
1051,length,8398852,8398852
1051,fade,128,128
1051,start_plus_old_fade,5285310,5285310
1051,end,4494851,4494851
1051,end_plus_new_fade,4494979,4494979
1051,cursor,501,501
1051,cursor_enabled,False,0
1051,start_previous,100,100
1051,length_previous,100,100
1052,start,857,857
1052,length,1280,1280
1052,fade,128,128
1052,start_plus_old_fade,10872,10872
1052,end,1786,1786
1052,end_plus_new_fade,1914,1914
1052,cursor,500,500
1052,cursor_enabled,False,0
1052,start_previous,100,100
1052,length_previous,100,100
1053,start,25812486,25812486
1053,length,1843749,1843749
1053,fade,128,128
1053,start_plus_old_fade,25816881,25816881
1053,end,3683145,3683145
1053,end_plus_new_fade,3683273,3683273
1053,cursor,99,99
1053,cursor_enabled,True,1
1053,start_previous,100,100
1053,length_previous,100,100
1054,start,2980702,2980702
1054,length,4194304,4194304
1054,fade,12292,12292
1054,start_plus_old_fade,2991318,2991318
1054,end,5061466,5061466
1054,end_plus_new_fade,5073758,5073758
1054,cursor,100,100
1054,cursor_enabled,True,1
1054,start_previous,100,100
1054,length_previous,100,100
1055,start,803600,803600
1055,length,16187250,16187250
1055,fade,128,128
1055,start_plus_old_fade,815390,815390
1055,end,2318327,2318327
1055,end_plus_new_fade,2318455,2318455
1055,cursor,101,101
1055,cursor_enabled,True,1
1055,start_previous,100,100
1055,length_previous,100,100
1056,start,12871,12871
1056,length,4097,4097
1056,fade,128,128
1056,start_plus_old_fade,18124,18124
1056,end,5228,5228
1056,end_plus_new_fade,5356,5356
1056,cursor,99,99
1056,cursor_enabled,True,1
1056,start_previous,100,100
1056,length_previous,100,100
1057,start,19666666,19666666
1057,length,19666666,19666666
1057,fade,128,128
1057,start_plus_old_fade,19675341,19675341
1057,end,5032312,5032312
1057,end_plus_new_fade,5032440,5032440
1057,cursor,100,100
1057,cursor_enabled,False,0
1057,start_previous,100,100
1057,length_previous,100,100
1058,start,22,22
1058,length,3,3
1058,fade,128,128
1058,start_plus_old_fade,3543,3543
1058,end,72,72
1058,end_plus_new_fade,200,200
1058,cursor,100,100
1058,cursor_enabled,False,0
1058,start_previous,100,100
1058,length_previous,100,100
1059,start,106,106
1059,length,36,36
1059,fade,128,128
1059,start_plus_old_fade,3243,3243
1059,end,142,142
1059,end_plus_new_fade,270,270
1059,cursor,500,500
1059,cursor_enabled,True,1
1059,start_previous,100,100
1059,length_previous,100,100
1060,start,8086,8086
1060,length,3507,3507
1060,fade,128,128
1060,start_plus_old_fade,11300,11300
1060,end,11593,11593
1060,end_plus_new_fade,11721,11721
1060,cursor,100,100
1060,cursor_enabled,True,1
1060,start_previous,100,100
1060,length_previous,100,100
1061,start,6396,6396
1061,length,1280,1280
1061,fade,128,128
1061,start_plus_old_fade,13609,13609
1061,end,24,24
1061,end_plus_new_fade,152,152
1061,cursor,499,499
1061,cursor_enabled,False,0
1061,start_previous,100,100
1061,length_previous,100,100
1062,start,17124133,17124133
1062,length,314186,314186
1062,fade,128,128
1062,start_plus_old_fade,17125365,17125365
1062,end,17438319,17438319
1062,end_plus_new_fade,17438447,17438447
1062,cursor,101,101
1062,cursor_enabled,True,1
1062,start_previous,100,100
1062,length_previous,100,100
1063,start,32,32
1063,length,1280,1280
1063,fade,128,128
1063,start_plus_old_fade,792,792
1063,end,8,8
1063,end_plus_new_fade,136,136
1063,cursor,499,499
1063,cursor_enabled,False,0
1063,start_previous,100,100
1063,length_previous,100,100
1064,start,14421361,14421361
1064,length,5963774,5963774
1064,fade,12292,12292
1064,start_plus_old_fade,14427243,14427243
1064,end,20385135,20385135
1064,end_plus_new_fade,20397427,20397427
1064,cursor,200,200
1064,cursor_enabled,True,1
1064,start_previous,100,100
1064,length_previous,100,100
1065,start,53972,53972
1065,length,8440,8440
1065,fade,128,128
1065,start_plus_old_fade,58390,58390
1065,end,44970,44970
1065,end_plus_new_fade,45098,45098
1065,cursor,101,101
1065,cursor_enabled,False,0
1065,start_previous,100,100
1065,length_previous,100,100
1066,start,8388609,8388609
1066,length,7673682,7673682
1066,fade,128,128
1066,start_plus_old_fade,8400692,8400692
1066,end,3153295,3153295
1066,end_plus_new_fade,3153423,3153423
1066,cursor,500,500
1066,cursor_enabled,True,1
1066,start_previous,100,100
1066,length_previous,100,100
1067,start,6487,6487
1067,length,9230,9230
1067,fade,128,128
1067,start_plus_old_fade,7622,7622
1067,end,3424,3424
1067,end_plus_new_fade,3552,3552
1067,cursor,200,200
1067,cursor_enabled,True,1
1067,start_previous,100,100
1067,length_previous,100,100
1068,start,912,912
1068,length,865,865
1068,fade,128,128
1068,start_plus_old_fade,8273,8273
1068,end,1777,1777
1068,end_plus_new_fade,1905,1905
1068,cursor,500,500
1068,cursor_enabled,True,1
1068,start_previous,100,100
1068,length_previous,100,100
1069,start,7317244,7317244
1069,length,1483114,1483114
1069,fade,128,128
1069,start_plus_old_fade,7321149,7321149
1069,end,8760105,8760105
1069,end_plus_new_fade,8760233,8760233
1069,cursor,200,200
1069,cursor_enabled,False,0
1069,start_previous,100,100
1069,length_previous,100,100
1070,start,15170787,15170787
1070,length,1250113,1250113
1070,fade,128,128
1070,start_plus_old_fade,15171138,15171138
1070,end,16420900,16420900
1070,end_plus_new_fade,16421028,16421028
1070,cursor,99,99
1070,cursor_enabled,False,0
1070,start_previous,100,100
1070,length_previous,100,100
1071,start,29402,29402
1071,length,21456,21456
1071,fade,1120,1120
1071,start_plus_old_fade,38883,38883
1071,end,38362,38362
1071,end_plus_new_fade,39482,39482
1071,cursor,101,101
1071,cursor_enabled,True,1
1071,start_previous,100,100
1071,length_previous,100,100
1072,start,11719,11719
1072,length,12292,12292
1072,fade,256,256
1072,start_plus_old_fade,18221,18221
1072,end,3004,3004
1072,end_plus_new_fade,3260,3260
1072,cursor,101,101
1072,cursor_enabled,True,1
1072,start_previous,100,100
1072,length_previous,100,100
1073,start,0,0
1073,length,26079,26079
1073,fade,256,256
1073,start_plus_old_fade,863,863
1073,end,10282,10282
1073,end_plus_new_fade,10538,10538
1073,cursor,200,200
1073,cursor_enabled,True,1
1073,start_previous,100,100
1073,length_previous,100,100
1074,start,12,12
1074,length,1280,1280
1074,fade,216,216
1074,start_plus_old_fade,7806,7806
1074,end,879,879
1074,end_plus_new_fade,1095,1095
1074,cursor,500,500
1074,cursor_enabled,False,0
1074,start_previous,100,100
1074,length_previous,100,100
1075,start,14124510,14124510
1075,length,9054372,9054372
1075,fade,128,128
1075,start_plus_old_fade,14136736,14136736
1075,end,8660787,8660787
1075,end_plus_new_fade,8660915,8660915
1075,cursor,499,499
1075,cursor_enabled,False,0
1075,start_previous,100,100
1075,length_previous,100,100
1076,start,5805,5805
1076,length,90,90
1076,fade,128,128
1076,start_plus_old_fade,12019,12019
1076,end,9,9
1076,end_plus_new_fade,137,137
1076,cursor,101,101
1076,cursor_enabled,True,1
1076,start_previous,100,100
1076,length_previous,100,100
1077,start,12247,12247
1077,length,53,53
1077,fade,128,128
1077,start_plus_old_fade,16143,16143
1077,end,49,49
1077,end_plus_new_fade,177,177
1077,cursor,100,100
1077,cursor_enabled,True,1
1077,start_previous,100,100
1077,length_previous,100,100
1078,start,25,25
1078,length,126,126
1078,fade,128,128
1078,start_plus_old_fade,2131,2131
1078,end,23,23
1078,end_plus_new_fade,151,151
1078,cursor,501,501
1078,cursor_enabled,False,0
1078,start_previous,100,100
1078,length_previous,100,100
1079,start,0,0
1079,length,29499999,29499999
1079,fade,128,128
1079,start_plus_old_fade,10628,10628
1079,end,7221298,7221298
1079,end_plus_new_fade,7221426,7221426
1079,cursor,500,500
1079,cursor_enabled,True,1
1079,start_previous,100,100
1079,length_previous,100,100
1080,start,402,402
1080,length,1280,1280
1080,fade,128,128
1080,start_plus_old_fade,4415,4415
1080,end,1185,1185
1080,end_plus_new_fade,1313,1313
1080,cursor,101,101
1080,cursor_enabled,True,1
1080,start_previous,100,100
1080,length_previous,100,100
1081,start,11434454,11434454
1081,length,13887360,13887360
1081,fade,128,128
1081,start_plus_old_fade,11437834,11437834
1081,end,8544595,8544595
1081,end_plus_new_fade,8544723,8544723
1081,cursor,500,500
1081,cursor_enabled,False,0
1081,start_previous,100,100
1081,length_previous,100,100
1082,start,13480010,13480010
1082,length,13188624,13188624
1082,fade,128,128
1082,start_plus_old_fade,13491558,13491558
1082,end,9891415,9891415
1082,end_plus_new_fade,9891543,9891543
1082,cursor,400,400
1082,cursor_enabled,True,1
1082,start_previous,100,100
1082,length_previous,100,100
1083,start,713,713
1083,length,411,411
1083,fade,128,128
1083,start_plus_old_fade,4096,4096
1083,end,1124,1124
1083,end_plus_new_fade,1252,1252
1083,cursor,400,400
1083,cursor_enabled,True,1
1083,start_previous,100,100
1083,length_previous,100,100
1084,start,21507,21507
1084,length,49169,49169
1084,fade,517,517
1084,start_plus_old_fade,27082,27082
1084,end,25649,25649
1084,end_plus_new_fade,26166,26166
1084,cursor,101,101
1084,cursor_enabled,False,0
1084,start_previous,100,100
1084,length_previous,100,100
1085,start,5706,5706
1085,length,2314,2314
1085,fade,128,128
1085,start_plus_old_fade,11556,11556
1085,end,6223,6223
1085,end_plus_new_fade,6351,6351
1085,cursor,200,200
1085,cursor_enabled,False,0
1085,start_previous,100,100
1085,length_previous,100,100
1086,start,32778,32778
1086,length,44077,44077
1086,fade,512,512
1086,start_plus_old_fade,41243,41243
1086,end,42079,42079
1086,end_plus_new_fade,42591,42591
1086,cursor,200,200
1086,cursor_enabled,True,1
1086,start_previous,100,100
1086,length_previous,100,100
1087,start,12368507,12368507
1087,length,7916175,7916175
1087,fade,256,256
1087,start_plus_old_fade,12379014,12379014
1087,end,20284682,20284682
1087,end_plus_new_fade,20284938,20284938
1087,cursor,400,400
1087,cursor_enabled,True,1
1087,start_previous,100,100
1087,length_previous,100,100
1088,start,2976326,2976326
1088,length,20473777,20473777
1088,fade,3073,3073
1088,start_plus_old_fade,2980063,2980063
1088,end,23450103,23450103
1088,end_plus_new_fade,23453176,23453176
1088,cursor,99,99
1088,cursor_enabled,False,0
1088,start_previous,100,100
1088,length_previous,100,100
1089,start,19189,19189
1089,length,49169,49169
1089,fade,128,128
1089,start_plus_old_fade,20680,20680
1089,end,9384,9384
1089,end_plus_new_fade,9512,9512
1089,cursor,99,99
1089,cursor_enabled,False,0
1089,start_previous,100,100
1089,length_previous,100,100
1090,start,6146,6146
1090,length,10256,10256
1090,fade,1470,1470
1090,start_plus_old_fade,10388,10388
1090,end,12027,12027
1090,end_plus_new_fade,13497,13497
1090,cursor,100,100
1090,cursor_enabled,True,1
1090,start_previous,100,100
1090,length_previous,100,100
1091,start,218,218
1091,length,395,395
1091,fade,128,128
1091,start_plus_old_fade,7379,7379
1091,end,613,613
1091,end_plus_new_fade,741,741
1091,cursor,101,101
1091,cursor_enabled,False,0
1091,start_previous,100,100
1091,length_previous,100,100
1092,start,11088,11088
1092,length,1280,1280
1092,fade,128,128
1092,start_plus_old_fade,23134,23134
1092,end,11,11
1092,end_plus_new_fade,139,139
1092,cursor,500,500
1092,cursor_enabled,False,0
1092,start_previous,100,100
1092,length_previous,100,100
1093,start,8388608,8388608
1093,length,6149598,6149598
1093,fade,3073,3073
1093,start_plus_old_fade,8390647,8390647
1093,end,13094179,13094179
1093,end_plus_new_fade,13097252,13097252
1093,cursor,99,99
1093,cursor_enabled,False,0
1093,start_previous,100,100
1093,length_previous,100,100
1094,start,14346125,14346125
1094,length,23062170,23062170
1094,fade,128,128
1094,start_plus_old_fade,14352467,14352467
1094,end,7908295,7908295
1094,end_plus_new_fade,7908423,7908423
1094,cursor,99,99
1094,cursor_enabled,True,1
1094,start_previous,100,100
1094,length_previous,100,100
1095,start,14598209,14598209
1095,length,15989783,15989783
1095,fade,128,128
1095,start_plus_old_fade,14601916,14601916
1095,end,13810773,13810773
1095,end_plus_new_fade,13810901,13810901
1095,cursor,499,499
1095,cursor_enabled,True,1
1095,start_previous,100,100
1095,length_previous,100,100
1096,start,4981,4981
1096,length,30475,30475
1096,fade,12292,12292
1096,start_plus_old_fade,9000,9000
1096,end,35456,35456
1096,end_plus_new_fade,47748,47748
1096,cursor,200,200
1096,cursor_enabled,True,1
1096,start_previous,100,100
1096,length_previous,100,100
1097,start,3687499,3687499
1097,length,17563126,17563126
1097,fade,128,128
1097,start_plus_old_fade,3691033,3691033
1097,end,3480663,3480663
1097,end_plus_new_fade,3480791,3480791
1097,cursor,499,499
1097,cursor_enabled,False,0
1097,start_previous,100,100
1097,length_previous,100,100
1098,start,9926,9926
1098,length,1280,1280
1098,fade,128,128
1098,start_plus_old_fade,17352,17352
1098,end,2,2
1098,end_plus_new_fade,130,130
1098,cursor,501,501
1098,cursor_enabled,True,1
1098,start_previous,100,100
1098,length_previous,100,100
1099,start,30276,30276
1099,length,13487,13487
1099,fade,128,128
1099,start_plus_old_fade,32919,32919
1099,end,43763,43763
1099,end_plus_new_fade,43891,43891
1099,cursor,99,99
1099,cursor_enabled,False,0
1099,start_previous,100,100
1099,length_previous,100,100
1100,start,654,654
1100,length,11928,11928
1100,fade,1691,1691
1100,start_plus_old_fade,7297,7297
1100,end,7419,7419
1100,end_plus_new_fade,9110,9110
1100,cursor,499,499
1100,cursor_enabled,True,1
1100,start_previous,100,100
1100,length_previous,100,100
1101,start,5801504,5801504
1101,length,3797919,3797919
1101,fade,256,256
1101,start_plus_old_fade,5803804,5803804
1101,end,5558838,5558838
1101,end_plus_new_fade,5559094,5559094
1101,cursor,100,100
1101,cursor_enabled,False,0
1101,start_previous,100,100
1101,length_previous,100,100
1102,start,11586609,11586609
1102,length,16777218,16777218
1102,fade,512,512
1102,start_plus_old_fade,11588411,11588411
1102,end,14419002,14419002
1102,end_plus_new_fade,14419514,14419514
1102,cursor,200,200
1102,cursor_enabled,False,0
1102,start_previous,100,100
1102,length_previous,100,100
1103,start,6753,6753
1103,length,323,323
1103,fade,128,128
1103,start_plus_old_fade,14853,14853
1103,end,778,778
1103,end_plus_new_fade,906,906
1103,cursor,100,100
1103,cursor_enabled,False,0
1103,start_previous,100,100
1103,length_previous,100,100
1104,start,767,767
1104,length,737,737
1104,fade,128,128
1104,start_plus_old_fade,8331,8331
1104,end,1504,1504
1104,end_plus_new_fade,1632,1632
1104,cursor,99,99
1104,cursor_enabled,False,0
1104,start_previous,100,100
1104,length_previous,100,100
1105,start,48103,48103
1105,length,11022,11022
1105,fade,128,128
1105,start_plus_old_fade,51818,51818
1105,end,9793,9793
1105,end_plus_new_fade,9921,9921
1105,cursor,500,500
1105,cursor_enabled,True,1
1105,start_previous,100,100
1105,length_previous,100,100
1106,start,54317,54317
1106,length,40595,40595
1106,fade,128,128
1106,start_plus_old_fade,54535,54535
1106,end,44883,44883
1106,end_plus_new_fade,45011,45011
1106,cursor,200,200
1106,cursor_enabled,True,1
1106,start_previous,100,100
1106,length_previous,100,100
1107,start,11046507,11046507
1107,length,1586643,1586643
1107,fade,128,128
1107,start_plus_old_fade,11058647,11058647
1107,end,12633150,12633150
1107,end_plus_new_fade,12633278,12633278
1107,cursor,200,200
1107,cursor_enabled,True,1
1107,start_previous,100,100
1107,length_previous,100,100
1108,start,10207,10207
1108,length,1280,1280
1108,fade,128,128
1108,start_plus_old_fade,12330,12330
1108,end,450,450
1108,end_plus_new_fade,578,578
1108,cursor,501,501
1108,cursor_enabled,False,0
1108,start_previous,100,100
1108,length_previous,100,100
1109,start,24482,24482
1109,length,1684,1684
1109,fade,210,210
1109,start_plus_old_fade,33951,33951
1109,end,1580,1580
1109,end_plus_new_fade,1790,1790
1109,cursor,101,101
1109,cursor_enabled,False,0
1109,start_previous,100,100
1109,length_previous,100,100
1110,start,3419,3419
1110,length,2077,2077
1110,fade,128,128
1110,start_plus_old_fade,12057,12057
1110,end,10328,10328
1110,end_plus_new_fade,10456,10456
1110,cursor,101,101
1110,cursor_enabled,False,0
1110,start_previous,100,100
1110,length_previous,100,100
1111,start,24148,24148
1111,length,15436,15436
1111,fade,128,128
1111,start_plus_old_fade,25858,25858
1111,end,39584,39584
1111,end_plus_new_fade,39712,39712
1111,cursor,99,99
1111,cursor_enabled,False,0
1111,start_previous,100,100
1111,length_previous,100,100
1112,start,3069,3069
1112,length,1023,1023
1112,fade,128,128
1112,start_plus_old_fade,4803,4803
1112,end,3107,3107
1112,end_plus_new_fade,3235,3235
1112,cursor,99,99
1112,cursor_enabled,False,0
1112,start_previous,100,100
1112,length_previous,100,100
1113,start,30,30
1113,length,84,84
1113,fade,128,128
1113,start_plus_old_fade,6786,6786
1113,end,140,140
1113,end_plus_new_fade,268,268
1113,cursor,100,100
1113,cursor_enabled,False,0
1113,start_previous,100,100
1113,length_previous,100,100
1114,start,112,112
1114,length,1280,1280
1114,fade,128,128
1114,start_plus_old_fade,464,464
1114,end,101,101
1114,end_plus_new_fade,229,229
1114,cursor,100,100
1114,cursor_enabled,True,1
1114,start_previous,100,100
1114,length_previous,100,100
1115,start,12532,12532
1115,length,9269,9269
1115,fade,128,128
1115,start_plus_old_fade,12729,12729
1115,end,16366,16366
1115,end_plus_new_fade,16494,16494
1115,cursor,100,100
1115,cursor_enabled,False,0
1115,start_previous,100,100
1115,length_previous,100,100
1116,start,9,9
1116,length,4,4
1116,fade,128,128
1116,start_plus_old_fade,4603,4603
1116,end,13,13
1116,end_plus_new_fade,141,141
1116,cursor,101,101
1116,cursor_enabled,False,0
1116,start_previous,100,100
1116,length_previous,100,100
1117,start,4262,4262
1117,length,7668,7668
1117,fade,128,128
1117,start_plus_old_fade,14534,14534
1117,end,11930,11930
1117,end_plus_new_fade,12058,12058
1117,cursor,501,501
1117,cursor_enabled,False,0
1117,start_previous,100,100
1117,length_previous,100,100
1118,start,27317216,27317216
1118,length,2153968,2153968
1118,fade,6147,6147
1118,start_plus_old_fade,27325660,27325660
1118,end,6036876,6036876
1118,end_plus_new_fade,6043023,6043023
1118,cursor,501,501
1118,cursor_enabled,False,0
1118,start_previous,100,100
1118,length_previous,100,100
1119,start,43706,43706
1119,length,16289,16289
1119,fade,128,128
1119,start_plus_old_fade,55315,55315
1119,end,10825,10825
1119,end_plus_new_fade,10953,10953
1119,cursor,101,101
1119,cursor_enabled,False,0
1119,start_previous,100,100
1119,length_previous,100,100
1120,start,569,569
1120,length,953,953
1120,fade,238,238
1120,start_plus_old_fade,8670,8670
1120,end,498,498
1120,end_plus_new_fade,736,736
1120,cursor,99,99
1120,cursor_enabled,False,0
1120,start_previous,100,100
1120,length_previous,100,100
1121,start,6121304,6121304
1121,length,6051270,6051270
1121,fade,128,128
1121,start_plus_old_fade,6131272,6131272
1121,end,8326569,8326569
1121,end_plus_new_fade,8326697,8326697
1121,cursor,200,200
1121,cursor_enabled,False,0
1121,start_previous,100,100
1121,length_previous,100,100
1122,start,3580779,3580779
1122,length,16777218,16777218
1122,fade,128,128
1122,start_plus_old_fade,3589242,3589242
1122,end,13429585,13429585
1122,end_plus_new_fade,13429713,13429713
1122,cursor,400,400
1122,cursor_enabled,True,1
1122,start_previous,100,100
1122,length_previous,100,100
1123,start,0,0
1123,length,3072,3072
1123,fade,256,256
1123,start_plus_old_fade,9336,9336
1123,end,1620,1620
1123,end_plus_new_fade,1876,1876
1123,cursor,100,100
1123,cursor_enabled,True,1
1123,start_previous,100,100
1123,length_previous,100,100
1124,start,9833333,9833333
1124,length,19666666,19666666
1124,fade,12292,12292
1124,start_plus_old_fade,9842529,9842529
1124,end,10214183,10214183
1124,end_plus_new_fade,10226475,10226475
1124,cursor,499,499
1124,cursor_enabled,False,0
1124,start_previous,100,100
1124,length_previous,100,100
1125,start,32778,32778
1125,length,47402,47402
1125,fade,128,128
1125,start_plus_old_fade,44243,44243
1125,end,31010,31010
1125,end_plus_new_fade,31138,31138
1125,cursor,400,400
1125,cursor_enabled,True,1
1125,start_previous,100,100
1125,length_previous,100,100
1126,start,13279910,13279910
1126,length,3150593,3150593
1126,fade,128,128
1126,start_plus_old_fade,13291764,13291764
1126,end,3352854,3352854
1126,end_plus_new_fade,3352982,3352982
1126,cursor,501,501
1126,cursor_enabled,True,1
1126,start_previous,100,100
1126,length_previous,100,100
1127,start,4232202,4232202
1127,length,6022591,6022591
1127,fade,12292,12292
1127,start_plus_old_fade,4236438,4236438
1127,end,8514693,8514693
1127,end_plus_new_fade,8526985,8526985
1127,cursor,100,100
1127,cursor_enabled,False,0
1127,start_previous,100,100
1127,length_previous,100,100
1128,start,0,0
1128,length,46791,46791
1128,fade,128,128
1128,start_plus_old_fade,5601,5601
1128,end,25765,25765
1128,end_plus_new_fade,25893,25893
1128,cursor,499,499
1128,cursor_enabled,False,0
1128,start_previous,100,100
1128,length_previous,100,100
1129,start,39,39
1129,length,128,128
1129,fade,128,128
1129,start_plus_old_fade,9884,9884
1129,end,10,10
1129,end_plus_new_fade,138,138
1129,cursor,500,500
1129,cursor_enabled,True,1
1129,start_previous,100,100
1129,length_previous,100,100
1130,start,32778,32778
1130,length,15176,15176
1130,fade,128,128
1130,start_plus_old_fade,36491,36491
1130,end,37692,37692
1130,end_plus_new_fade,37820,37820
1130,cursor,200,200
1130,cursor_enabled,False,0
1130,start_previous,100,100
1130,length_previous,100,100
1131,start,7990223,7990223
1131,length,1437787,1437787
1131,fade,512,512
1131,start_plus_old_fade,8000200,8000200
1131,end,9428010,9428010
1131,end_plus_new_fade,9428522,9428522
1131,cursor,200,200
1131,cursor_enabled,False,0
1131,start_previous,100,100
1131,length_previous,100,100
1132,start,61,61
1132,length,1280,1280
1132,fade,128,128
1132,start_plus_old_fade,11337,11337
1132,end,137,137
1132,end_plus_new_fade,265,265
1132,cursor,200,200
1132,cursor_enabled,False,0
1132,start_previous,100,100
1132,length_previous,100,100
1133,start,9469,9469
1133,length,628,628
1133,fade,221,221
1133,start_plus_old_fade,10998,10998
1133,end,113,113
1133,end_plus_new_fade,334,334
1133,cursor,100,100
1133,cursor_enabled,True,1
1133,start_previous,100,100
1133,length_previous,100,100
1134,start,14130063,14130063
1134,length,12391799,12391799
1134,fade,128,128
1134,start_plus_old_fade,14139753,14139753
1134,end,26521862,26521862
1134,end_plus_new_fade,26521990,26521990
1134,cursor,100,100
1134,cursor_enabled,True,1
1134,start_previous,100,100
1134,length_previous,100,100
1135,start,7996337,7996337
1135,length,10798657,10798657
1135,fade,128,128
1135,start_plus_old_fade,7997709,7997709
1135,end,22205201,22205201
1135,end_plus_new_fade,22205329,22205329
1135,cursor,501,501
1135,cursor_enabled,True,1
1135,start_previous,100,100
1135,length_previous,100,100
1136,start,32611,32611
1136,length,16353,16353
1136,fade,128,128
1136,start_plus_old_fade,40352,40352
1136,end,8667,8667
1136,end_plus_new_fade,8795,8795
1136,cursor,101,101
1136,cursor_enabled,True,1
1136,start_previous,100,100
1136,length_previous,100,100
1137,start,9443,9443
1137,length,606,606
1137,fade,128,128
1137,start_plus_old_fade,16091,16091
1137,end,139,139
1137,end_plus_new_fade,267,267
1137,cursor,101,101
1137,cursor_enabled,True,1
1137,start_previous,100,100
1137,length_previous,100,100
1138,start,8747098,8747098
1138,length,102425,102425
1138,fade,128,128
1138,start_plus_old_fade,8756417,8756417
1138,end,13629886,13629886
1138,end_plus_new_fade,13630014,13630014
1138,cursor,100,100
1138,cursor_enabled,False,0
1138,start_previous,100,100
1138,length_previous,100,100
1139,start,10759,10759
1139,length,3166,3166
1139,fade,558,558
1139,start_plus_old_fade,16169,16169
1139,end,12991,12991
1139,end_plus_new_fade,13549,13549
1139,cursor,499,499
1139,cursor_enabled,True,1
1139,start_previous,100,100
1139,length_previous,100,100
1140,start,458864,458864
1140,length,4981953,4981953
1140,fade,128,128
1140,start_plus_old_fade,467398,467398
1140,end,9394964,9394964
1140,end_plus_new_fade,9395092,9395092
1140,cursor,100,100
1140,cursor_enabled,False,0
1140,start_previous,100,100
1140,length_previous,100,100
1141,start,1440,1440
1141,length,1280,1280
1141,fade,128,128
1141,start_plus_old_fade,10151,10151
1141,end,682,682
1141,end_plus_new_fade,810,810
1141,cursor,499,499
1141,cursor_enabled,False,0
1141,start_previous,100,100
1141,length_previous,100,100
1142,start,13221023,13221023
1142,length,10152368,10152368
1142,fade,128,128
1142,start_plus_old_fade,13230348,13230348
1142,end,15901265,15901265
1142,end_plus_new_fade,15901393,15901393
1142,cursor,100,100
1142,cursor_enabled,True,1
1142,start_previous,100,100
1142,length_previous,100,100
1143,start,8675,8675
1143,length,2330,2330
1143,fade,128,128
1143,start_plus_old_fade,19538,19538
1143,end,11005,11005
1143,end_plus_new_fade,11133,11133
1143,cursor,200,200
1143,cursor_enabled,False,0
1143,start_previous,100,100
1143,length_previous,100,100
1144,start,4576387,4576387
1144,length,3176923,3176923
1144,fade,128,128
1144,start_plus_old_fade,4583124,4583124
1144,end,4826567,4826567
1144,end_plus_new_fade,4826695,4826695
1144,cursor,100,100
1144,cursor_enabled,True,1
1144,start_previous,100,100
1144,length_previous,100,100
1145,start,17645046,17645046
1145,length,7314282,7314282
1145,fade,256,256
1145,start_plus_old_fade,17650151,17650151
1145,end,24959328,24959328
1145,end_plus_new_fade,24959584,24959584
1145,cursor,501,501
1145,cursor_enabled,True,1
1145,start_previous,100,100
1145,length_previous,100,100
1146,start,26413322,26413322
1146,length,13645981,13645981
1146,fade,128,128
1146,start_plus_old_fade,26422704,26422704
1146,end,10559303,10559303
1146,end_plus_new_fade,10559431,10559431
1146,cursor,99,99
1146,cursor_enabled,False,0
1146,start_previous,100,100
1146,length_previous,100,100
1147,start,794,794
1147,length,128,128
1147,fade,128,128
1147,start_plus_old_fade,1701,1701
1147,end,1659,1659
1147,end_plus_new_fade,1787,1787
1147,cursor,100,100
1147,cursor_enabled,True,1
1147,start_previous,100,100
1147,length_previous,100,100
1148,start,2513,2513
1148,length,246,246
1148,fade,128,128
1148,start_plus_old_fade,5770,5770
1148,end,685,685
1148,end_plus_new_fade,813,813
1148,cursor,100,100
1148,cursor_enabled,False,0
1148,start_previous,100,100
1148,length_previous,100,100
1149,start,0,0
1149,length,504,504
1149,fade,252,252
1149,start_plus_old_fade,4438,4438
1149,end,504,504
1149,end_plus_new_fade,756,756
1149,cursor,400,400
1149,cursor_enabled,True,1
1149,start_previous,100,100
1149,length_previous,100,100
1150,start,5043,5043
1150,length,10215,10215
1150,fade,128,128
1150,start_plus_old_fade,13516,13516
1150,end,2965,2965
1150,end_plus_new_fade,3093,3093
1150,cursor,499,499
1150,cursor_enabled,True,1
1150,start_previous,100,100
1150,length_previous,100,100
1151,start,7,7
1151,length,1280,1280
1151,fade,128,128
1151,start_plus_old_fade,5265,5265
1151,end,15,15
1151,end_plus_new_fade,143,143
1151,cursor,100,100
1151,cursor_enabled,True,1
1151,start_previous,100,100
1151,length_previous,100,100
1152,start,20934,20934
1152,length,2749,2749
1152,fade,128,128
1152,start_plus_old_fade,29164,29164
1152,end,3920,3920
1152,end_plus_new_fade,4048,4048
1152,cursor,501,501
1152,cursor_enabled,False,0
1152,start_previous,100,100
1152,length_previous,100,100
1153,start,40,40
1153,length,250,250
1153,fade,128,128
1153,start_plus_old_fade,1355,1355
1153,end,63,63
1153,end_plus_new_fade,191,191
1153,cursor,100,100
1153,cursor_enabled,True,1
1153,start_previous,100,100
1153,length_previous,100,100
1154,start,8913407,8913407
1154,length,16547786,16547786
1154,fade,128,128
1154,start_plus_old_fade,8914374,8914374
1154,end,4665753,4665753
1154,end_plus_new_fade,4665881,4665881
1154,cursor,501,501
1154,cursor_enabled,True,1
1154,start_previous,100,100
1154,length_previous,100,100
1155,start,4912,4912
1155,length,8357,8357
1155,fade,512,512
1155,start_plus_old_fade,14194,14194
1155,end,976,976
1155,end_plus_new_fade,1488,1488
1155,cursor,500,500
1155,cursor_enabled,True,1
1155,start_previous,100,100
1155,length_previous,100,100
1156,start,7239,7239
1156,length,1280,1280
1156,fade,128,128
1156,start_plus_old_fade,11223,11223
1156,end,280,280
1156,end_plus_new_fade,408,408
1156,cursor,101,101
1156,cursor_enabled,True,1
1156,start_previous,100,100
1156,length_previous,100,100
1157,start,11062494,11062494
1157,length,12462760,12462760
1157,fade,128,128
1157,start_plus_old_fade,11073597,11073597
1157,end,27269015,27269015
1157,end_plus_new_fade,27269143,27269143
1157,cursor,101,101
1157,cursor_enabled,True,1
1157,start_previous,100,100
1157,length_previous,100,100
1158,start,9456,9456
1158,length,11531,11531
1158,fade,128,128
1158,start_plus_old_fade,15146,15146
1158,end,8694,8694
1158,end_plus_new_fade,8822,8822
1158,cursor,99,99
1158,cursor_enabled,False,0
1158,start_previous,100,100
1158,length_previous,100,100
1159,start,1023,1023
1159,length,1023,1023
1159,fade,128,128
1159,start_plus_old_fade,10503,10503
1159,end,642,642
1159,end_plus_new_fade,770,770
1159,cursor,101,101
1159,cursor_enabled,False,0
1159,start_previous,100,100
1159,length_previous,100,100
1160,start,4907,4907
1160,length,17926,17926
1160,fade,3073,3073
1160,start_plus_old_fade,10887,10887
1160,end,31777,31777
1160,end_plus_new_fade,34850,34850
1160,cursor,100,100
1160,cursor_enabled,True,1
1160,start_previous,100,100
1160,length_previous,100,100
1161,start,41101,41101
1161,length,17061,17061
1161,fade,4266,4266
1161,start_plus_old_fade,47584,47584
1161,end,8992,8992
1161,end_plus_new_fade,13258,13258
1161,cursor,99,99
1161,cursor_enabled,True,1
1161,start_previous,100,100
1161,length_previous,100,100
1162,start,14329510,14329510
1162,length,8288232,8288232
1162,fade,128,128
1162,start_plus_old_fade,14330569,14330569
1162,end,10076957,10076957
1162,end_plus_new_fade,10077085,10077085
1162,cursor,100,100
1162,cursor_enabled,True,1
1162,start_previous,100,100
1162,length_previous,100,100
1163,start,12730509,12730509
1163,length,2888385,2888385
1163,fade,128,128
1163,start_plus_old_fade,12735467,12735467
1163,end,1639563,1639563
1163,end_plus_new_fade,1639691,1639691
1163,cursor,500,500
1163,cursor_enabled,True,1
1163,start_previous,100,100
1163,length_previous,100,100
1164,start,9332969,9332969
1164,length,16777218,16777218
1164,fade,128,128
1164,start_plus_old_fade,9340088,9340088
1164,end,9214458,9214458
1164,end_plus_new_fade,9214586,9214586
1164,cursor,200,200
1164,cursor_enabled,True,1
1164,start_previous,100,100
1164,length_previous,100,100
1165,start,4,4
1165,length,154,154
1165,fade,128,128
1165,start_plus_old_fade,7834,7834
1165,end,158,158
1165,end_plus_new_fade,286,286
1165,cursor,99,99
1165,cursor_enabled,True,1
1165,start_previous,100,100
1165,length_previous,100,100
1166,start,20372650,20372650
1166,length,17936801,17936801
1166,fade,128,128
1166,start_plus_old_fade,20375481,20375481
1166,end,8809451,8809451
1166,end_plus_new_fade,8809579,8809579
1166,cursor,499,499
1166,cursor_enabled,True,1
1166,start_previous,100,100
1166,length_previous,100,100
1167,start,295582,295582
1167,length,10465813,10465813
1167,fade,128,128
1167,start_plus_old_fade,307578,307578
1167,end,10761395,10761395
1167,end_plus_new_fade,10761523,10761523
1167,cursor,500,500
1167,cursor_enabled,False,0
1167,start_previous,100,100
1167,length_previous,100,100
1168,start,45792,45792
1168,length,8825,8825
1168,fade,3073,3073
1168,start_plus_old_fade,57396,57396
1168,end,32666,32666
1168,end_plus_new_fade,35739,35739
1168,cursor,500,500
1168,cursor_enabled,False,0
1168,start_previous,100,100
1168,length_previous,100,100
1169,start,303,303
1169,length,10217,10217
1169,fade,128,128
1169,start_plus_old_fade,11881,11881
1169,end,8814,8814
1169,end_plus_new_fade,8942,8942
1169,cursor,499,499
1169,cursor_enabled,True,1
1169,start_previous,100,100
1169,length_previous,100,100
1170,start,5793160,5793160
1170,length,14765591,14765591
1170,fade,128,128
1170,start_plus_old_fade,5803840,5803840
1170,end,11575477,11575477
1170,end_plus_new_fade,11575605,11575605
1170,cursor,499,499
1170,cursor_enabled,False,0
1170,start_previous,100,100
1170,length_previous,100,100
1171,start,4308,4308
1171,length,1280,1280
1171,fade,128,128
1171,start_plus_old_fade,12401,12401
1171,end,453,453
1171,end_plus_new_fade,581,581
1171,cursor,500,500
1171,cursor_enabled,False,0
1171,start_previous,100,100
1171,length_previous,100,100
1172,start,23722466,23722466
1172,length,14400611,14400611
1172,fade,128,128
1172,start_plus_old_fade,23724028,23724028
1172,end,27273574,27273574
1172,end_plus_new_fade,27273702,27273702
1172,cursor,200,200
1172,cursor_enabled,True,1
1172,start_previous,100,100
1172,length_previous,100,100
1173,start,3123,3123
1173,length,11361,11361
1173,fade,128,128
1173,start_plus_old_fade,13458,13458
1173,end,14484,14484
1173,end_plus_new_fade,14612,14612
1173,cursor,400,400
1173,cursor_enabled,True,1
1173,start_previous,100,100
1173,length_previous,100,100
1174,start,630,630
1174,length,889,889
1174,fade,444,444
1174,start_plus_old_fade,7167,7167
1174,end,495,495
1174,end_plus_new_fade,939,939
1174,cursor,99,99
1174,cursor_enabled,True,1
1174,start_previous,100,100
1174,length_previous,100,100
1175,start,15690111,15690111
1175,length,8471795,8471795
1175,fade,128,128
1175,start_plus_old_fade,15693101,15693101
1175,end,5010394,5010394
1175,end_plus_new_fade,5010522,5010522
1175,cursor,400,400
1175,cursor_enabled,True,1
1175,start_previous,100,100
1175,length_previous,100,100
1176,start,13363248,13363248
1176,length,5734310,5734310
1176,fade,128,128
1176,start_plus_old_fade,13367292,13367292
1176,end,28809439,28809439
1176,end_plus_new_fade,28809567,28809567
1176,cursor,499,499
1176,cursor_enabled,False,0
1176,start_previous,100,100
1176,length_previous,100,100
1177,start,22528,22528
1177,length,27712,27712
1177,fade,256,256
1177,start_plus_old_fade,23563,23563
1177,end,45823,45823
1177,end_plus_new_fade,46079,46079
1177,cursor,500,500
1177,cursor_enabled,False,0
1177,start_previous,100,100
1177,length_previous,100,100
1178,start,11680203,11680203
1178,length,23378125,23378125
1178,fade,128,128
1178,start_plus_old_fade,11685971,11685971
1178,end,5558328,5558328
1178,end_plus_new_fade,5558456,5558456
1178,cursor,500,500
1178,cursor_enabled,False,0
1178,start_previous,100,100
1178,length_previous,100,100
1179,start,37,37
1179,length,59,59
1179,fade,128,128
1179,start_plus_old_fade,7960,7960
1179,end,96,96
1179,end_plus_new_fade,224,224
1179,cursor,99,99
1179,cursor_enabled,True,1
1179,start_previous,100,100
1179,length_previous,100,100
1180,start,1682,1682
1180,length,1852,1852
1180,fade,512,512
1180,start_plus_old_fade,11031,11031
1180,end,3534,3534
1180,end_plus_new_fade,4046,4046
1180,cursor,200,200
1180,cursor_enabled,True,1
1180,start_previous,100,100
1180,length_previous,100,100
1181,start,0,0
1181,length,12292,12292
1181,fade,128,128
1181,start_plus_old_fade,10161,10161
1181,end,7849,7849
1181,end_plus_new_fade,7977,7977
1181,cursor,101,101
1181,cursor_enabled,True,1
1181,start_previous,100,100
1181,length_previous,100,100
1182,start,165,165
1182,length,880,880
1182,fade,128,128
1182,start_plus_old_fade,1144,1144
1182,end,21,21
1182,end_plus_new_fade,149,149
1182,cursor,100,100
1182,cursor_enabled,True,1
1182,start_previous,100,100
1182,length_previous,100,100
1183,start,13319351,13319351
1183,length,1491308,1491308
1183,fade,512,512
1183,start_plus_old_fade,13330512,13330512
1183,end,4134951,4134951
1183,end_plus_new_fade,4135463,4135463
1183,cursor,500,500
1183,cursor_enabled,False,0
1183,start_previous,100,100
1183,length_previous,100,100
1184,start,1737,1737
1184,length,42154,42154
1184,fade,128,128
1184,start_plus_old_fade,7732,7732
1184,end,43891,43891
1184,end_plus_new_fade,44019,44019
1184,cursor,200,200
1184,cursor_enabled,False,0
1184,start_previous,100,100
1184,length_previous,100,100
1185,start,22,22
1185,length,82,82
1185,fade,128,128
1185,start_plus_old_fade,540,540
1185,end,66,66
1185,end_plus_new_fade,194,194
1185,cursor,200,200
1185,cursor_enabled,True,1
1185,start_previous,100,100
1185,length_previous,100,100
1186,start,4113389,4113389
1186,length,16777218,16777218
1186,fade,128,128
1186,start_plus_old_fade,4115153,4115153
1186,end,8736722,8736722
1186,end_plus_new_fade,8736850,8736850
1186,cursor,200,200
1186,cursor_enabled,True,1
1186,start_previous,100,100
1186,length_previous,100,100
1187,start,12415,12415
1187,length,1023,1023
1187,fade,302,302
1187,start_plus_old_fade,20624,20624
1187,end,732,732
1187,end_plus_new_fade,1034,1034
1187,cursor,101,101
1187,cursor_enabled,True,1
1187,start_previous,100,100
1187,length_previous,100,100
1188,start,26658685,26658685
1188,length,22707206,22707206
1188,fade,128,128
1188,start_plus_old_fade,26668663,26668663
1188,end,19865891,19865891
1188,end_plus_new_fade,19866019,19866019
1188,cursor,500,500
1188,cursor_enabled,True,1
1188,start_previous,100,100
1188,length_previous,100,100
1189,start,54,54
1189,length,128,128
1189,fade,128,128
1189,start_plus_old_fade,9518,9518
1189,end,4,4
1189,end_plus_new_fade,132,132
1189,cursor,101,101
1189,cursor_enabled,True,1
1189,start_previous,100,100
1189,length_previous,100,100
1190,start,815,815
1190,length,798,798
1190,fade,199,199
1190,start_plus_old_fade,1816,1816
1190,end,1613,1613
1190,end_plus_new_fade,1812,1812
1190,cursor,500,500
1190,cursor_enabled,True,1
1190,start_previous,100,100
1190,length_previous,100,100
1191,start,9775445,9775445
1191,length,15163000,15163000
1191,fade,3073,3073
1191,start_plus_old_fade,9781150,9781150
1191,end,10247925,10247925
1191,end_plus_new_fade,10250998,10250998
1191,cursor,500,500
1191,cursor_enabled,True,1
1191,start_previous,100,100
1191,length_previous,100,100
1192,start,7186,7186
1192,length,5426,5426
1192,fade,128,128
1192,start_plus_old_fade,13014,13014
1192,end,319,319
1192,end_plus_new_fade,447,447
1192,cursor,100,100
1192,cursor_enabled,False,0
1192,start_previous,100,100
1192,length_previous,100,100
1193,start,650,650
1193,length,868,868
1193,fade,128,128
1193,start_plus_old_fade,2174,2174
1193,end,1169,1169
1193,end_plus_new_fade,1297,1297
1193,cursor,99,99
1193,cursor_enabled,False,0
1193,start_previous,100,100
1193,length_previous,100,100
1194,start,11160208,11160208
1194,length,15929139,15929139
1194,fade,256,256
1194,start_plus_old_fade,11172435,11172435
1194,end,9764761,9764761
1194,end_plus_new_fade,9765017,9765017
1194,cursor,501,501
1194,cursor_enabled,False,0
1194,start_previous,100,100
1194,length_previous,100,100
1195,start,25343346,25343346
1195,length,22144812,22144812
1195,fade,128,128
1195,start_plus_old_fade,25355449,25355449
1195,end,11672486,11672486
1195,end_plus_new_fade,11672614,11672614
1195,cursor,200,200
1195,cursor_enabled,False,0
1195,start_previous,100,100
1195,length_previous,100,100
1196,start,6260,6260
1196,length,10799,10799
1196,fade,128,128
1196,start_plus_old_fade,6991,6991
1196,end,4766,4766
1196,end_plus_new_fade,4894,4894
1196,cursor,99,99
1196,cursor_enabled,True,1
1196,start_previous,100,100
1196,length_previous,100,100
1197,start,7452445,7452445
1197,length,8591411,8591411
1197,fade,128,128
1197,start_plus_old_fade,7454225,7454225
1197,end,16463656,16463656
1197,end_plus_new_fade,16463784,16463784
1197,cursor,500,500
1197,cursor_enabled,True,1
1197,start_previous,100,100
1197,length_previous,100,100
1198,start,12766981,12766981
1198,length,18213305,18213305
1198,fade,128,128
1198,start_plus_old_fade,12778704,12778704
1198,end,1480286,1480286
1198,end_plus_new_fade,1480414,1480414
1198,cursor,101,101
1198,cursor_enabled,False,0
1198,start_previous,100,100
1198,length_previous,100,100
1199,start,14258,14258
1199,length,16389,16389
1199,fade,128,128
1199,start_plus_old_fade,19692,19692
1199,end,36544,36544
1199,end_plus_new_fade,36672,36672
1199,cursor,99,99
1199,cursor_enabled,False,0
1199,start_previous,100,100
1199,length_previous,100,100
1200,start,39607,39607
1200,length,8402,8402
1200,fade,128,128
1200,start_plus_old_fade,40769,40769
1200,end,48009,48009
1200,end_plus_new_fade,48137,48137
1200,cursor,500,500
1200,cursor_enabled,True,1
1200,start_previous,100,100
1200,length_previous,100,100
1201,start,10752,10752
1201,length,1280,1280
1201,fade,128,128
1201,start_plus_old_fade,17254,17254
1201,end,1339,1339
1201,end_plus_new_fade,1467,1467
1201,cursor,101,101
1201,cursor_enabled,True,1
1201,start_previous,100,100
1201,length_previous,100,100
1202,start,197,197
1202,length,398,398
1202,fade,128,128
1202,start_plus_old_fade,5992,5992
1202,end,659,659
1202,end_plus_new_fade,787,787
1202,cursor,500,500
1202,cursor_enabled,True,1
1202,start_previous,100,100
1202,length_previous,100,100
1203,start,0,0
1203,length,12292,12292
1203,fade,128,128
1203,start_plus_old_fade,548,548
1203,end,2938,2938
1203,end_plus_new_fade,3066,3066
1203,cursor,400,400
1203,cursor_enabled,True,1
1203,start_previous,100,100
1203,length_previous,100,100
1204,start,5150794,5150794
1204,length,29499999,29499999
1204,fade,128,128
1204,start_plus_old_fade,5158399,5158399
1204,end,26371716,26371716
1204,end_plus_new_fade,26371844,26371844
1204,cursor,501,501
1204,cursor_enabled,True,1
1204,start_previous,100,100
1204,length_previous,100,100
1205,start,29067,29067
1205,length,40221,40221
1205,fade,128,128
1205,start_plus_old_fade,37897,37897
1205,end,20118,20118
1205,end_plus_new_fade,20246,20246
1205,cursor,101,101
1205,cursor_enabled,False,0
1205,start_previous,100,100
1205,length_previous,100,100
1206,start,11557482,11557482
1206,length,1701688,1701688
1206,fade,12292,12292
1206,start_plus_old_fade,11569292,11569292
1206,end,13259170,13259170
1206,end_plus_new_fade,13271462,13271462
1206,cursor,501,501
1206,cursor_enabled,False,0
1206,start_previous,100,100
1206,length_previous,100,100
1207,start,9095343,9095343
1207,length,3453771,3453771
1207,fade,6147,6147
1207,start_plus_old_fade,9106677,9106677
1207,end,1407352,1407352
1207,end_plus_new_fade,1413499,1413499
1207,cursor,500,500
1207,cursor_enabled,False,0
1207,start_previous,100,100
1207,length_previous,100,100
1208,start,45,45
1208,length,30,30
1208,fade,128,128
1208,start_plus_old_fade,5984,5984
1208,end,75,75
1208,end_plus_new_fade,203,203
1208,cursor,101,101
1208,cursor_enabled,False,0
1208,start_previous,100,100
1208,length_previous,100,100
1209,start,8388608,8388608
1209,length,12582912,12582912
1209,fade,128,128
1209,start_plus_old_fade,8390009,8390009
1209,end,12617576,12617576
1209,end_plus_new_fade,12617704,12617704
1209,cursor,100,100
1209,cursor_enabled,False,0
1209,start_previous,100,100
1209,length_previous,100,100
1210,start,6565,6565
1210,length,3025,3025
1210,fade,128,128
1210,start_plus_old_fade,11584,11584
1210,end,6152,6152
1210,end_plus_new_fade,6280,6280
1210,cursor,99,99
1210,cursor_enabled,True,1
1210,start_previous,100,100
1210,length_previous,100,100
1211,start,5325904,5325904
1211,length,1442489,1442489
1211,fade,128,128
1211,start_plus_old_fade,5332347,5332347
1211,end,6768393,6768393
1211,end_plus_new_fade,6768521,6768521
1211,cursor,101,101
1211,cursor_enabled,False,0
1211,start_previous,100,100
1211,length_previous,100,100
1212,start,11471604,11471604
1212,length,12200868,12200868
1212,fade,128,128
1212,start_plus_old_fade,11471775,11471775
1212,end,4336064,4336064
1212,end_plus_new_fade,4336192,4336192
1212,cursor,200,200
1212,cursor_enabled,False,0
1212,start_previous,100,100
1212,length_previous,100,100
1213,start,1022,1022
1213,length,511,511
1213,fade,128,128
1213,start_plus_old_fade,3095,3095
1213,end,519,519
1213,end_plus_new_fade,647,647
1213,cursor,500,500
1213,cursor_enabled,True,1
1213,start_previous,100,100
1213,length_previous,100,100
1214,start,2649,2649
1214,length,3789,3789
1214,fade,1894,1894
1214,start_plus_old_fade,2845,2845
1214,end,6438,6438
1214,end_plus_new_fade,8332,8332
1214,cursor,501,501
1214,cursor_enabled,True,1
1214,start_previous,100,100
1214,length_previous,100,100
1215,start,78,78
1215,length,14,14
1215,fade,128,128
1215,start_plus_old_fade,4384,4384
1215,end,92,92
1215,end_plus_new_fade,220,220
1215,cursor,500,500
1215,cursor_enabled,False,0
1215,start_previous,100,100
1215,length_previous,100,100
1216,start,847,847
1216,length,971,971
1216,fade,128,128
1216,start_plus_old_fade,7413,7413
1216,end,822,822
1216,end_plus_new_fade,950,950
1216,cursor,501,501
1216,cursor_enabled,False,0
1216,start_previous,100,100
1216,length_previous,100,100
1217,start,25959,25959
1217,length,11226,11226
1217,fade,128,128
1217,start_plus_old_fade,37261,37261
1217,end,3536,3536
1217,end_plus_new_fade,3664,3664
1217,cursor,101,101
1217,cursor_enabled,False,0
1217,start_previous,100,100
1217,length_previous,100,100
1218,start,32778,32778
1218,length,22741,22741
1218,fade,128,128
1218,start_plus_old_fade,33679,33679
1218,end,28673,28673
1218,end_plus_new_fade,28801,28801
1218,cursor,200,200
1218,cursor_enabled,True,1
1218,start_previous,100,100
1218,length_previous,100,100
1219,start,86,86
1219,length,1280,1280
1219,fade,128,128
1219,start_plus_old_fade,9319,9319
1219,end,4,4
1219,end_plus_new_fade,132,132
1219,cursor,99,99
1219,cursor_enabled,False,0
1219,start_previous,100,100
1219,length_previous,100,100
1220,start,28613,28613
1220,length,46239,46239
1220,fade,128,128
1220,start_plus_old_fade,31536,31536
1220,end,32380,32380
1220,end_plus_new_fade,32508,32508
1220,cursor,499,499
1220,cursor_enabled,True,1
1220,start_previous,100,100
1220,length_previous,100,100
1221,start,12675,12675
1221,length,727,727
1221,fade,128,128
1221,start_plus_old_fade,15203,15203
1221,end,632,632
1221,end_plus_new_fade,760,760
1221,cursor,501,501
1221,cursor_enabled,False,0
1221,start_previous,100,100
1221,length_previous,100,100
1222,start,8383,8383
1222,length,128,128
1222,fade,128,128
1222,start_plus_old_fade,9955,9955
1222,end,116,116
1222,end_plus_new_fade,244,244
1222,cursor,101,101
1222,cursor_enabled,True,1
1222,start_previous,100,100
1222,length_previous,100,100
1223,start,8194002,8194002
1223,length,16777218,16777218
1223,fade,128,128
1223,start_plus_old_fade,8205513,8205513
1223,end,2131200,2131200
1223,end_plus_new_fade,2131328,2131328
1223,cursor,101,101
1223,cursor_enabled,True,1
1223,start_previous,100,100
1223,length_previous,100,100
1224,start,3517802,3517802
1224,length,7579451,7579451
1224,fade,128,128
1224,start_plus_old_fade,3520003,3520003
1224,end,14709659,14709659
1224,end_plus_new_fade,14709787,14709787
1224,cursor,500,500
1224,cursor_enabled,True,1
1224,start_previous,100,100
1224,length_previous,100,100
1225,start,16442769,16442769
1225,length,258159,258159
1225,fade,12292,12292
1225,start_plus_old_fade,16450469,16450469
1225,end,16700928,16700928
1225,end_plus_new_fade,16713220,16713220
1225,cursor,200,200
1225,cursor_enabled,False,0
1225,start_previous,100,100
1225,length_previous,100,100
1226,start,17698,17698
1226,length,1680,1680
1226,fade,128,128
1226,start_plus_old_fade,21175,21175
1226,end,5689,5689
1226,end_plus_new_fade,5817,5817
1226,cursor,499,499
1226,cursor_enabled,True,1
1226,start_previous,100,100
1226,length_previous,100,100
1227,start,28937,28937
1227,length,26127,26127
1227,fade,128,128
1227,start_plus_old_fade,37250,37250
1227,end,19045,19045
1227,end_plus_new_fade,19173,19173
1227,cursor,499,499
1227,cursor_enabled,True,1
1227,start_previous,100,100
1227,length_previous,100,100
1228,start,13996397,13996397
1228,length,22528564,22528564
1228,fade,6147,6147
1228,start_plus_old_fade,14006248,14006248
1228,end,7024961,7024961
1228,end_plus_new_fade,7031108,7031108
1228,cursor,500,500
1228,cursor_enabled,False,0
1228,start_previous,100,100
1228,length_previous,100,100
1229,start,9833333,9833333
1229,length,9833333,9833333
1229,fade,128,128
1229,start_plus_old_fade,9837588,9837588
1229,end,7434873,7434873
1229,end_plus_new_fade,7435001,7435001
1229,cursor,500,500
1229,cursor_enabled,True,1
1229,start_previous,100,100
1229,length_previous,100,100
1230,start,48,48
1230,length,63,63
1230,fade,128,128
1230,start_plus_old_fade,976,976
1230,end,111,111
1230,end_plus_new_fade,239,239
1230,cursor,499,499
1230,cursor_enabled,False,0
1230,start_previous,100,100
1230,length_previous,100,100
1231,start,0,0
1231,length,1280,1280
1231,fade,128,128
1231,start_plus_old_fade,2745,2745
1231,end,79,79
1231,end_plus_new_fade,207,207
1231,cursor,100,100
1231,cursor_enabled,False,0
1231,start_previous,100,100
1231,length_previous,100,100
1232,start,5482,5482
1232,length,263,263
1232,fade,128,128
1232,start_plus_old_fade,17632,17632
1232,end,5745,5745
1232,end_plus_new_fade,5873,5873
1232,cursor,100,100
1232,cursor_enabled,True,1
1232,start_previous,100,100
1232,length_previous,100,100
1233,start,570,570
1233,length,7,7
1233,fade,128,128
1233,start_plus_old_fade,12138,12138
1233,end,577,577
1233,end_plus_new_fade,705,705
1233,cursor,500,500
1233,cursor_enabled,False,0
1233,start_previous,100,100
1233,length_previous,100,100
1234,start,4257509,4257509
1234,length,14749999,14749999
1234,fade,512,512
1234,start_plus_old_fade,4262842,4262842
1234,end,8702515,8702515
1234,end_plus_new_fade,8703027,8703027
1234,cursor,101,101
1234,cursor_enabled,False,0
1234,start_previous,100,100
1234,length_previous,100,100
1235,start,830,830
1235,length,766,766
1235,fade,128,128
1235,start_plus_old_fade,10932,10932
1235,end,165,165
1235,end_plus_new_fade,293,293
1235,cursor,101,101
1235,cursor_enabled,False,0
1235,start_previous,100,100
1235,length_previous,100,100
1236,start,596,596
1236,length,610,610
1236,fade,192,192
1236,start_plus_old_fade,6433,6433
1236,end,1364,1364
1236,end_plus_new_fade,1556,1556
1236,cursor,99,99
1236,cursor_enabled,False,0
1236,start_previous,100,100
1236,length_previous,100,100
1237,start,7992,7992
1237,length,1280,1280
1237,fade,128,128
1237,start_plus_old_fade,14493,14493
1237,end,907,907
1237,end_plus_new_fade,1035,1035
1237,cursor,200,200
1237,cursor_enabled,False,0
1237,start_previous,100,100
1237,length_previous,100,100
1238,start,1963,1963
1238,length,3220,3220
1238,fade,128,128
1238,start_plus_old_fade,5723,5723
1238,end,3770,3770
1238,end_plus_new_fade,3898,3898
1238,cursor,99,99
1238,cursor_enabled,True,1
1238,start_previous,100,100
1238,length_previous,100,100
1239,start,2704,2704
1239,length,19235,19235
1239,fade,128,128
1239,start_plus_old_fade,3440,3440
1239,end,39964,39964
1239,end_plus_new_fade,40092,40092
1239,cursor,200,200
1239,cursor_enabled,False,0
1239,start_previous,100,100
1239,length_previous,100,100
1240,start,9709,9709
1240,length,124,124
1240,fade,128,128
1240,start_plus_old_fade,20592,20592
1240,end,617,617
1240,end_plus_new_fade,745,745
1240,cursor,501,501
1240,cursor_enabled,False,0
1240,start_previous,100,100
1240,length_previous,100,100
1241,start,185,185
1241,length,1280,1280
1241,fade,128,128
1241,start_plus_old_fade,10104,10104
1241,end,898,898
1241,end_plus_new_fade,1026,1026
1241,cursor,100,100
1241,cursor_enabled,True,1
1241,start_previous,100,100
1241,length_previous,100,100
1242,start,744,744
1242,length,1280,1280
1242,fade,128,128
1242,start_plus_old_fade,6891,6891
1242,end,1446,1446
1242,end_plus_new_fade,1574,1574
1242,cursor,200,200
1242,cursor_enabled,False,0
1242,start_previous,100,100
1242,length_previous,100,100
1243,start,43691,43691
1243,length,39287,39287
1243,fade,128,128
1243,start_plus_old_fade,49062,49062
1243,end,24361,24361
1243,end_plus_new_fade,24489,24489
1243,cursor,101,101
1243,cursor_enabled,False,0
1243,start_previous,100,100
1243,length_previous,100,100
1244,start,168,168
1244,length,303,303
1244,fade,128,128
1244,start_plus_old_fade,5878,5878
1244,end,471,471
1244,end_plus_new_fade,599,599
1244,cursor,499,499
1244,cursor_enabled,False,0
1244,start_previous,100,100
1244,length_previous,100,100
1245,start,19170,19170
1245,length,5762,5762
1245,fade,1440,1440
1245,start_plus_old_fade,24158,24158
1245,end,24932,24932
1245,end_plus_new_fade,26372,26372
1245,cursor,200,200
1245,cursor_enabled,False,0
1245,start_previous,100,100
1245,length_previous,100,100
1246,start,6375458,6375458
1246,length,10647375,10647375
1246,fade,128,128
1246,start_plus_old_fade,6386009,6386009
1246,end,14092741,14092741
1246,end_plus_new_fade,14092869,14092869
1246,cursor,499,499
1246,cursor_enabled,False,0
1246,start_previous,100,100
1246,length_previous,100,100
1247,start,980,980
1247,length,9733,9733
1247,fade,256,256
1247,start_plus_old_fade,8378,8378
1247,end,10713,10713
1247,end_plus_new_fade,10969,10969
1247,cursor,99,99
1247,cursor_enabled,False,0
1247,start_previous,100,100
1247,length_previous,100,100
1248,start,6997678,6997678
1248,length,53261,53261
1248,fade,3073,3073
1248,start_plus_old_fade,7005408,7005408
1248,end,10764808,10764808
1248,end_plus_new_fade,10767881,10767881
1248,cursor,501,501
1248,cursor_enabled,True,1
1248,start_previous,100,100
1248,length_previous,100,100
1249,start,26710842,26710842
1249,length,29499998,29499998
1249,fade,128,128
1249,start_plus_old_fade,26721556,26721556
1249,end,7402758,7402758
1249,end_plus_new_fade,7402886,7402886
1249,cursor,100,100
1249,cursor_enabled,False,0
1249,start_previous,100,100
1249,length_previous,100,100
1250,start,9214156,9214156
1250,length,15589088,15589088
1250,fade,3073,3073
1250,start_plus_old_fade,9215457,9215457
1250,end,2714070,2714070
1250,end_plus_new_fade,2717143,2717143
1250,cursor,101,101
1250,cursor_enabled,False,0
1250,start_previous,100,100
1250,length_previous,100,100
1251,start,43058,43058
1251,length,3458,3458
1251,fade,128,128
1251,start_plus_old_fade,44171,44171
1251,end,14176,14176
1251,end_plus_new_fade,14304,14304
1251,cursor,200,200
1251,cursor_enabled,False,0
1251,start_previous,100,100
1251,length_previous,100,100
1252,start,0,0
1252,length,16777218,16777218
1252,fade,128,128
1252,start_plus_old_fade,6410,6410
1252,end,10350090,10350090
1252,end_plus_new_fade,10350218,10350218
1252,cursor,100,100
1252,cursor_enabled,True,1
1252,start_previous,100,100
1252,length_previous,100,100
1253,start,1402201,1402201
1253,length,15568603,15568603
1253,fade,128,128
1253,start_plus_old_fade,1412294,1412294
1253,end,4523246,4523246
1253,end_plus_new_fade,4523374,4523374
1253,cursor,500,500
1253,cursor_enabled,False,0
1253,start_previous,100,100
1253,length_previous,100,100
1254,start,10067,10067
1254,length,984,984
1254,fade,128,128
1254,start_plus_old_fade,22131,22131
1254,end,741,741
1254,end_plus_new_fade,869,869
1254,cursor,99,99
1254,cursor_enabled,True,1
1254,start_previous,100,100
1254,length_previous,100,100
1255,start,48689,48689
1255,length,2125,2125
1255,fade,128,128
1255,start_plus_old_fade,52290,52290
1255,end,23489,23489
1255,end_plus_new_fade,23617,23617
1255,cursor,500,500
1255,cursor_enabled,False,0
1255,start_previous,100,100
1255,length_previous,100,100
1256,start,15847201,15847201
1256,length,8087479,8087479
1256,fade,3073,3073
1256,start_plus_old_fade,15855761,15855761
1256,end,4047224,4047224
1256,end_plus_new_fade,4050297,4050297
1256,cursor,100,100
1256,cursor_enabled,True,1
1256,start_previous,100,100
1256,length_previous,100,100
1257,start,24422,24422
1257,length,47175,47175
1257,fade,128,128
1257,start_plus_old_fade,26158,26158
1257,end,34372,34372
1257,end_plus_new_fade,34500,34500
1257,cursor,501,501
1257,cursor_enabled,True,1
1257,start_previous,100,100
1257,length_previous,100,100
1258,start,36876,36876
1258,length,47680,47680
1258,fade,128,128
1258,start_plus_old_fade,41311,41311
1258,end,30837,30837
1258,end_plus_new_fade,30965,30965
1258,cursor,501,501
1258,cursor_enabled,True,1
1258,start_previous,100,100
1258,length_previous,100,100
1259,start,39336,39336
1259,length,40783,40783
1259,fade,12292,12292
1259,start_plus_old_fade,44757,44757
1259,end,30949,30949
1259,end_plus_new_fade,43241,43241
1259,cursor,400,400
1259,cursor_enabled,True,1
1259,start_previous,100,100
1259,length_previous,100,100
1260,start,3954156,3954156
1260,length,53261,53261
1260,fade,128,128
1260,start_plus_old_fade,3958922,3958922
1260,end,11310549,11310549
1260,end_plus_new_fade,11310677,11310677
1260,cursor,501,501
1260,cursor_enabled,False,0
1260,start_previous,100,100
1260,length_previous,100,100
1261,start,1969,1969
1261,length,9032,9032
1261,fade,4032,4032
1261,start_plus_old_fade,10871,10871
1261,end,10034,10034
1261,end_plus_new_fade,14066,14066
1261,cursor,500,500
1261,cursor_enabled,True,1
1261,start_previous,100,100
1261,length_previous,100,100
1262,start,6253,6253
1262,length,12292,12292
1262,fade,128,128
1262,start_plus_old_fade,15977,15977
1262,end,250,250
1262,end_plus_new_fade,378,378
1262,cursor,100,100
1262,cursor_enabled,False,0
1262,start_previous,100,100
1262,length_previous,100,100
1263,start,7609,7609
1263,length,1280,1280
1263,fade,128,128
1263,start_plus_old_fade,8105,8105
1263,end,27,27
1263,end_plus_new_fade,155,155
1263,cursor,500,500
1263,cursor_enabled,False,0
1263,start_previous,100,100
1263,length_previous,100,100
1264,start,5275,5275
1264,length,6033,6033
1264,fade,128,128
1264,start_plus_old_fade,8289,8289
1264,end,11308,11308
1264,end_plus_new_fade,11436,11436
1264,cursor,501,501
1264,cursor_enabled,False,0
1264,start_previous,100,100
1264,length_previous,100,100
1265,start,6146,6146
1265,length,35637,35637
1265,fade,128,128
1265,start_plus_old_fade,17905,17905
1265,end,24737,24737
1265,end_plus_new_fade,24865,24865
1265,cursor,100,100
1265,cursor_enabled,False,0
1265,start_previous,100,100
1265,length_previous,100,100
1266,start,0,0
1266,length,12292,12292
1266,fade,128,128
1266,start_plus_old_fade,9443,9443
1266,end,4397,4397
1266,end_plus_new_fade,4525,4525
1266,cursor,100,100
1266,cursor_enabled,True,1
1266,start_previous,100,100
1266,length_previous,100,100
1267,start,10324,10324
1267,length,1280,1280
1267,fade,128,128
1267,start_plus_old_fade,12598,12598
1267,end,87,87
1267,end_plus_new_fade,215,215
1267,cursor,501,501
1267,cursor_enabled,True,1
1267,start_previous,100,100
1267,length_previous,100,100
1268,start,11567,11567
1268,length,8379,8379
1268,fade,128,128
1268,start_plus_old_fade,15326,15326
1268,end,19946,19946
1268,end_plus_new_fade,20074,20074
1268,cursor,100,100
1268,cursor_enabled,False,0
1268,start_previous,100,100
1268,length_previous,100,100
1269,start,12910909,12910909
1269,length,8079285,8079285
1269,fade,256,256
1269,start_plus_old_fade,12916577,12916577
1269,end,12629914,12629914
1269,end_plus_new_fade,12630170,12630170
1269,cursor,101,101
1269,cursor_enabled,False,0
1269,start_previous,100,100
1269,length_previous,100,100
1270,start,300,300
1270,length,197,197
1270,fade,128,128
1270,start_plus_old_fade,11152,11152
1270,end,1166,1166
1270,end_plus_new_fade,1294,1294
1270,cursor,500,500
1270,cursor_enabled,False,0
1270,start_previous,100,100
1270,length_previous,100,100
1271,start,110,110
1271,length,903,903
1271,fade,128,128
1271,start_plus_old_fade,5193,5193
1271,end,914,914
1271,end_plus_new_fade,1042,1042
1271,cursor,101,101
1271,cursor_enabled,False,0
1271,start_previous,100,100
1271,length_previous,100,100
1272,start,3821106,3821106
1272,length,15189656,15189656
1272,fade,128,128
1272,start_plus_old_fade,3832496,3832496
1272,end,2233543,2233543
1272,end_plus_new_fade,2233671,2233671
1272,cursor,100,100
1272,cursor_enabled,True,1
1272,start_previous,100,100
1272,length_previous,100,100
1273,start,694,694
1273,length,1280,1280
1273,fade,128,128
1273,start_plus_old_fade,1148,1148
1273,end,1353,1353
1273,end_plus_new_fade,1481,1481
1273,cursor,200,200
1273,cursor_enabled,False,0
1273,start_previous,100,100
1273,length_previous,100,100
1274,start,31770,31770
1274,length,24281,24281
1274,fade,512,512
1274,start_plus_old_fade,38815,38815
1274,end,6881,6881
1274,end_plus_new_fade,7393,7393
1274,cursor,101,101
1274,cursor_enabled,False,0
1274,start_previous,100,100
1274,length_previous,100,100
1275,start,48419,48419
1275,length,6976,6976
1275,fade,3073,3073
1275,start_plus_old_fade,49710,49710
1275,end,43774,43774
1275,end_plus_new_fade,46847,46847
1275,cursor,101,101
1275,cursor_enabled,False,0
1275,start_previous,100,100
1275,length_previous,100,100
1276,start,16093529,16093529
1276,length,24896704,24896704
1276,fade,128,128
1276,start_plus_old_fade,16094226,16094226
1276,end,25963177,25963177
1276,end_plus_new_fade,25963305,25963305
1276,cursor,200,200
1276,cursor_enabled,False,0
1276,start_previous,100,100
1276,length_previous,100,100
1277,start,11721909,11721909
1277,length,1093369,1093369
1277,fade,128,128
1277,start_plus_old_fade,11730716,11730716
1277,end,12815278,12815278
1277,end_plus_new_fade,12815406,12815406
1277,cursor,100,100
1277,cursor_enabled,True,1
1277,start_previous,100,100
1277,length_previous,100,100
1278,start,4770,4770
1278,length,1023,1023
1278,fade,228,228
1278,start_plus_old_fade,6381,6381
1278,end,562,562
1278,end_plus_new_fade,790,790
1278,cursor,200,200
1278,cursor_enabled,False,0
1278,start_previous,100,100
1278,length_previous,100,100
1279,start,10160,10160
1279,length,1012,1012
1279,fade,128,128
1279,start_plus_old_fade,16412,16412
1279,end,670,670
1279,end_plus_new_fade,798,798
1279,cursor,200,200
1279,cursor_enabled,True,1
1279,start_previous,100,100
1279,length_previous,100,100
1280,start,12047,12047
1280,length,423,423
1280,fade,210,210
1280,start_plus_old_fade,20682,20682
1280,end,601,601
1280,end_plus_new_fade,811,811
1280,cursor,501,501
1280,cursor_enabled,False,0
1280,start_previous,100,100
1280,length_previous,100,100
1281,start,42,42
1281,length,48,48
1281,fade,128,128
1281,start_plus_old_fade,6419,6419
1281,end,90,90
1281,end_plus_new_fade,218,218
1281,cursor,501,501
1281,cursor_enabled,False,0
1281,start_previous,100,100
1281,length_previous,100,100
1282,start,696,696
1282,length,7948,7948
1282,fade,12292,12292
1282,start_plus_old_fade,947,947
1282,end,35433,35433
1282,end_plus_new_fade,47725,47725
1282,cursor,100,100
1282,cursor_enabled,True,1
1282,start_previous,100,100
1282,length_previous,100,100
1283,start,83,83
1283,length,25,25
1283,fade,128,128
1283,start_plus_old_fade,7528,7528
1283,end,108,108
1283,end_plus_new_fade,236,236
1283,cursor,99,99
1283,cursor_enabled,True,1
1283,start_previous,100,100
1283,length_previous,100,100
1284,start,7365,7365
1284,length,687,687
1284,fade,128,128
1284,start_plus_old_fade,8161,8161
1284,end,941,941
1284,end_plus_new_fade,1069,1069
1284,cursor,99,99
1284,cursor_enabled,True,1
1284,start_previous,100,100
1284,length_previous,100,100
1285,start,10233,10233
1285,length,128,128
1285,fade,128,128
1285,start_plus_old_fade,15819,15819
1285,end,97,97
1285,end_plus_new_fade,225,225
1285,cursor,100,100
1285,cursor_enabled,True,1
1285,start_previous,100,100
1285,length_previous,100,100
1286,start,8689740,8689740
1286,length,7067326,7067326
1286,fade,128,128
1286,start_plus_old_fade,8696595,8696595
1286,end,14709061,14709061
1286,end_plus_new_fade,14709189,14709189
1286,cursor,200,200
1286,cursor_enabled,False,0
1286,start_previous,100,100
1286,length_previous,100,100
1287,start,11340,11340
1287,length,1280,1280
1287,fade,128,128
1287,start_plus_old_fade,15146,15146
1287,end,108,108
1287,end_plus_new_fade,236,236
1287,cursor,101,101
1287,cursor_enabled,False,0
1287,start_previous,100,100
1287,length_previous,100,100
1288,start,8503407,8503407
1288,length,5592406,5592406
1288,fade,12292,12292
1288,start_plus_old_fade,8504046,8504046
1288,end,3045052,3045052
1288,end_plus_new_fade,3057344,3057344
1288,cursor,101,101
1288,cursor_enabled,True,1
1288,start_previous,100,100
1288,length_previous,100,100
1289,start,6146,6146
1289,length,11181,11181
1289,fade,128,128
1289,start_plus_old_fade,10678,10678
1289,end,4666,4666
1289,end_plus_new_fade,4794,4794
1289,cursor,499,499
1289,cursor_enabled,True,1
1289,start_previous,100,100
1289,length_previous,100,100
1290,start,0,0
1290,length,16777218,16777218
1290,fade,6147,6147
1290,start_plus_old_fade,10056,10056
1290,end,5793958,5793958
1290,end_plus_new_fade,5800105,5800105
1290,cursor,500,500
1290,cursor_enabled,True,1
1290,start_previous,100,100
1290,length_previous,100,100
1291,start,41783,41783
1291,length,47155,47155
1291,fade,128,128
1291,start_plus_old_fade,49468,49468
1291,end,39768,39768
1291,end_plus_new_fade,39896,39896
1291,cursor,99,99
1291,cursor_enabled,False,0
1291,start_previous,100,100
1291,length_previous,100,100
1292,start,90,90
1292,length,10,10
1292,fade,128,128
1292,start_plus_old_fade,9254,9254
1292,end,100,100
1292,end_plus_new_fade,228,228
1292,cursor,101,101
1292,cursor_enabled,True,1
1292,start_previous,100,100
1292,length_previous,100,100
1293,start,34485,34485
1293,length,12292,12292
1293,fade,128,128
1293,start_plus_old_fade,41635,41635
1293,end,20741,20741
1293,end_plus_new_fade,20869,20869
1293,cursor,100,100
1293,cursor_enabled,False,0
1293,start_previous,100,100
1293,length_previous,100,100
1294,start,33803,33803
1294,length,15365,15365
1294,fade,128,128
1294,start_plus_old_fade,43451,43451
1294,end,3252,3252
1294,end_plus_new_fade,3380,3380
1294,cursor,500,500
1294,cursor_enabled,True,1
1294,start_previous,100,100
1294,length_previous,100,100
1295,start,49,49
1295,length,70,70
1295,fade,128,128
1295,start_plus_old_fade,1534,1534
1295,end,119,119
1295,end_plus_new_fade,247,247
1295,cursor,501,501
1295,cursor_enabled,False,0
1295,start_previous,100,100
1295,length_previous,100,100
1296,start,20218868,20218868
1296,length,18729377,18729377
1296,fade,128,128
1296,start_plus_old_fade,20222005,20222005
1296,end,9448245,9448245
1296,end_plus_new_fade,9448373,9448373
1296,cursor,499,499
1296,cursor_enabled,False,0
1296,start_previous,100,100
1296,length_previous,100,100
1297,start,1000037,1000037
1297,length,16777218,16777218
1297,fade,128,128
1297,start_plus_old_fade,1003771,1003771
1297,end,12858035,12858035
1297,end_plus_new_fade,12858163,12858163
1297,cursor,500,500
1297,cursor_enabled,False,0
1297,start_previous,100,100
1297,length_previous,100,100
1298,start,10825,10825
1298,length,892,892
1298,fade,128,128
1298,start_plus_old_fade,18251,18251
1298,end,812,812
1298,end_plus_new_fade,940,940
1298,cursor,100,100
1298,cursor_enabled,False,0
1298,start_previous,100,100
1298,length_previous,100,100
1299,start,10480,10480
1299,length,919,919
1299,fade,128,128
1299,start_plus_old_fade,12074,12074
1299,end,694,694
1299,end_plus_new_fade,822,822
1299,cursor,100,100
1299,cursor_enabled,True,1
1299,start_previous,100,100
1299,length_previous,100,100
1300,start,20963370,20963370
1300,length,18593286,18593286
1300,fade,128,128
1300,start_plus_old_fade,20970536,20970536
1300,end,15981261,15981261
1300,end_plus_new_fade,15981389,15981389
1300,cursor,99,99
1300,cursor_enabled,False,0
1300,start_previous,100,100
1300,length_previous,100,100
1301,start,0,0
1301,length,42240,42240
1301,fade,128,128
1301,start_plus_old_fade,3315,3315
1301,end,49019,49019
1301,end_plus_new_fade,49147,49147
1301,cursor,99,99
1301,cursor_enabled,False,0
1301,start_previous,100,100
1301,length_previous,100,100
1302,start,48479,48479
1302,length,21192,21192
1302,fade,512,512
1302,start_plus_old_fade,52042,52042
1302,end,10006,10006
1302,end_plus_new_fade,10518,10518
1302,cursor,99,99
1302,cursor_enabled,True,1
1302,start_previous,100,100
1302,length_previous,100,100
1303,start,6637563,6637563
1303,length,12592430,12592430
1303,fade,128,128
1303,start_plus_old_fade,6640826,6640826
1303,end,22941075,22941075
1303,end_plus_new_fade,22941203,22941203
1303,cursor,500,500
1303,cursor_enabled,True,1
1303,start_previous,100,100
1303,length_previous,100,100
1304,start,14749999,14749999
1304,length,29499998,29499998
1304,fade,128,128
1304,start_plus_old_fade,14755099,14755099
1304,end,17399063,17399063
1304,end_plus_new_fade,17399191,17399191
1304,cursor,101,101
1304,cursor_enabled,True,1
1304,start_previous,100,100
1304,length_previous,100,100
1305,start,14680064,14680064
1305,length,2097152,2097152
1305,fade,6147,6147
1305,start_plus_old_fade,14680876,14680876
1305,end,7582857,7582857
1305,end_plus_new_fade,7589004,7589004
1305,cursor,500,500
1305,cursor_enabled,False,0
1305,start_previous,100,100
1305,length_previous,100,100
1306,start,518,518
1306,length,257,257
1306,fade,128,128
1306,start_plus_old_fade,10924,10924
1306,end,775,775
1306,end_plus_new_fade,903,903
1306,cursor,101,101
1306,cursor_enabled,True,1
1306,start_previous,100,100
1306,length_previous,100,100
1307,start,5592406,5592406
1307,length,12041085,12041085
1307,fade,256,256
1307,start_plus_old_fade,5595513,5595513
1307,end,11568822,11568822
1307,end_plus_new_fade,11569078,11569078
1307,cursor,500,500
1307,cursor_enabled,False,0
1307,start_previous,100,100
1307,length_previous,100,100
1308,start,13412058,13412058
1308,length,24759830,24759830
1308,fade,256,256
1308,start_plus_old_fade,13417613,13417613
1308,end,7274864,7274864
1308,end_plus_new_fade,7275120,7275120
1308,cursor,400,400
1308,cursor_enabled,True,1
1308,start_previous,100,100
1308,length_previous,100,100
1309,start,4220,4220
1309,length,2470,2470
1309,fade,256,256
1309,start_plus_old_fade,6206,6206
1309,end,5410,5410
1309,end_plus_new_fade,5666,5666
1309,cursor,101,101
1309,cursor_enabled,True,1
1309,start_previous,100,100
1309,length_previous,100,100
1310,start,12213,12213
1310,length,824,824
1310,fade,403,403
1310,start_plus_old_fade,17568,17568
1310,end,732,732
1310,end_plus_new_fade,1135,1135
1310,cursor,100,100
1310,cursor_enabled,True,1
1310,start_previous,100,100
1310,length_previous,100,100
1311,start,12222109,12222109
1311,length,10172853,10172853
1311,fade,12292,12292
1311,start_plus_old_fade,12231704,12231704
1311,end,9143843,9143843
1311,end_plus_new_fade,9156135,9156135
1311,cursor,500,500
1311,cursor_enabled,True,1
1311,start_previous,100,100
1311,length_previous,100,100
1312,start,20460414,20460414
1312,length,6144933,6144933
1312,fade,128,128
1312,start_plus_old_fade,20469205,20469205
1312,end,9126943,9126943
1312,end_plus_new_fade,9127071,9127071
1312,cursor,500,500
1312,cursor_enabled,False,0
1312,start_previous,100,100
1312,length_previous,100,100
1313,start,20485,20485
1313,length,1041,1041
1313,fade,128,128
1313,start_plus_old_fade,22782,22782
1313,end,1186,1186
1313,end_plus_new_fade,1314,1314
1313,cursor,101,101
1313,cursor_enabled,False,0
1313,start_previous,100,100
1313,length_previous,100,100
1314,start,21703,21703
1314,length,33463,33463
1314,fade,128,128
1314,start_plus_old_fade,24535,24535
1314,end,5588,5588
1314,end_plus_new_fade,5716,5716
1314,cursor,100,100
1314,cursor_enabled,False,0
1314,start_previous,100,100
1314,length_previous,100,100
1315,start,5220,5220
1315,length,1658,1658
1315,fade,128,128
1315,start_plus_old_fade,11487,11487
1315,end,6878,6878
1315,end_plus_new_fade,7006,7006
1315,cursor,99,99
1315,cursor_enabled,False,0
1315,start_previous,100,100
1315,length_previous,100,100
1316,start,7309,7309
1316,length,8951,8951
1316,fade,128,128
1316,start_plus_old_fade,19479,19479
1316,end,6746,6746
1316,end_plus_new_fade,6874,6874
1316,cursor,500,500
1316,cursor_enabled,True,1
1316,start_previous,100,100
1316,length_previous,100,100
1317,start,5592406,5592406
1317,length,1616740,1616740
1317,fade,128,128
1317,start_plus_old_fade,5595029,5595029
1317,end,7209146,7209146
1317,end_plus_new_fade,7209274,7209274
1317,cursor,500,500
1317,cursor_enabled,True,1
1317,start_previous,100,100
1317,length_previous,100,100
1318,start,10594408,10594408
1318,length,12749867,12749867
1318,fade,256,256
1318,start_plus_old_fade,10597237,10597237
1318,end,6304092,6304092
1318,end_plus_new_fade,6304348,6304348
1318,cursor,501,501
1318,cursor_enabled,True,1
1318,start_previous,100,100
1318,length_previous,100,100
1319,start,73,73
1319,length,94,94
1319,fade,128,128
1319,start_plus_old_fade,9070,9070
1319,end,132,132
1319,end_plus_new_fade,260,260
1319,cursor,101,101
1319,cursor_enabled,False,0
1319,start_previous,100,100
1319,length_previous,100,100
1320,start,10812366,10812366
1320,length,16011079,16011079
1320,fade,128,128
1320,start_plus_old_fade,10823500,10823500
1320,end,11128369,11128369
1320,end_plus_new_fade,11128497,11128497
1320,cursor,100,100
1320,cursor_enabled,True,1
1320,start_previous,100,100
1320,length_previous,100,100
1321,start,43223,43223
1321,length,29499992,29499992
1321,fade,128,128
1321,start_plus_old_fade,53109,53109
1321,end,13108615,13108615
1321,end_plus_new_fade,13108743,13108743
1321,cursor,500,500
1321,cursor_enabled,True,1
1321,start_previous,100,100
1321,length_previous,100,100
1322,start,618,618
1322,length,128,128
1322,fade,128,128
1322,start_plus_old_fade,3130,3130
1322,end,656,656
1322,end_plus_new_fade,784,784
1322,cursor,100,100
1322,cursor_enabled,True,1
1322,start_previous,100,100
1322,length_previous,100,100
1323,start,2011,2011
1323,length,19139,19139
1323,fade,512,512
1323,start_plus_old_fade,7635,7635
1323,end,43117,43117
1323,end_plus_new_fade,43629,43629
1323,cursor,100,100
1323,cursor_enabled,True,1
1323,start_previous,100,100
1323,length_previous,100,100
1324,start,6171,6171
1324,length,8593,8593
1324,fade,128,128
1324,start_plus_old_fade,15163,15163
1324,end,10246,10246
1324,end_plus_new_fade,10374,10374
1324,cursor,99,99
1324,cursor_enabled,False,0
1324,start_previous,100,100
1324,length_previous,100,100
1325,start,7954,7954
1325,length,1795,1795
1325,fade,128,128
1325,start_plus_old_fade,14988,14988
1325,end,9749,9749
1325,end_plus_new_fade,9877,9877
1325,cursor,400,400
1325,cursor_enabled,True,1
1325,start_previous,100,100
1325,length_previous,100,100
1326,start,573,573
1326,length,1395,1395
1326,fade,128,128
1326,start_plus_old_fade,7639,7639
1326,end,9708,9708
1326,end_plus_new_fade,9836,9836
1326,cursor,100,100
1326,cursor_enabled,True,1
1326,start_previous,100,100
1326,length_previous,100,100
1327,start,8134406,8134406
1327,length,3089138,3089138
1327,fade,128,128
1327,start_plus_old_fade,8142090,8142090
1327,end,842727,842727
1327,end_plus_new_fade,842855,842855
1327,cursor,101,101
1327,cursor_enabled,False,0
1327,start_previous,100,100
1327,length_previous,100,100
1328,start,52,52
1328,length,43,43
1328,fade,128,128
1328,start_plus_old_fade,9703,9703
1328,end,95,95
1328,end_plus_new_fade,223,223
1328,cursor,99,99
1328,cursor_enabled,True,1
1328,start_previous,100,100
1328,length_previous,100,100
1329,start,3688,3688
1329,length,37,37
1329,fade,128,128
1329,start_plus_old_fade,13209,13209
1329,end,119,119
1329,end_plus_new_fade,247,247
1329,cursor,100,100
1329,cursor_enabled,True,1
1329,start_previous,100,100
1329,length_previous,100,100
1330,start,1992,1992
1330,length,56,56
1330,fade,128,128
1330,start_plus_old_fade,4795,4795
1330,end,0,0
1330,end_plus_new_fade,128,128
1330,cursor,100,100
1330,cursor_enabled,True,1
1330,start_previous,100,100
1330,length_previous,100,100
1331,start,16392102,16392102
1331,length,7071423,7071423
1331,fade,512,512
1331,start_plus_old_fade,16398948,16398948
1331,end,9944988,9944988
1331,end_plus_new_fade,9945500,9945500
1331,cursor,499,499
1331,cursor_enabled,True,1
1331,start_previous,100,100
1331,length_previous,100,100
1332,start,6,6
1332,length,1280,1280
1332,fade,128,128
1332,start_plus_old_fade,5208,5208
1332,end,120,120
1332,end_plus_new_fade,248,248
1332,cursor,99,99
1332,cursor_enabled,False,0
1332,start_previous,100,100
1332,length_previous,100,100
1333,start,107,107
1333,length,1280,1280
1333,fade,128,128
1333,start_plus_old_fade,9882,9882
1333,end,184,184
1333,end_plus_new_fade,312,312
1333,cursor,501,501
1333,cursor_enabled,False,0
1333,start_previous,100,100
1333,length_previous,100,100
1334,start,54,54
1334,length,1280,1280
1334,fade,128,128
1334,start_plus_old_fade,1966,1966
1334,end,108,108
1334,end_plus_new_fade,236,236
1334,cursor,499,499
1334,cursor_enabled,False,0
1334,start_previous,100,100
1334,length_previous,100,100
1335,start,19451,19451
1335,length,49167,49167
1335,fade,128,128
1335,start_plus_old_fade,23416,23416
1335,end,45239,45239
1335,end_plus_new_fade,45367,45367
1335,cursor,200,200
1335,cursor_enabled,False,0
1335,start_previous,100,100
1335,length_previous,100,100
1336,start,27209158,27209158
1336,length,12808547,12808547
1336,fade,128,128
1336,start_plus_old_fade,27211576,27211576
1336,end,8777666,8777666
1336,end_plus_new_fade,8777794,8777794
1336,cursor,501,501
1336,cursor_enabled,False,0
1336,start_previous,100,100
1336,length_previous,100,100
1337,start,12,12
1337,length,41,41
1337,fade,128,128
1337,start_plus_old_fade,4586,4586
1337,end,53,53
1337,end_plus_new_fade,181,181
1337,cursor,100,100
1337,cursor_enabled,True,1
1337,start_previous,100,100
1337,length_previous,100,100
1338,start,13105,13105
1338,length,4608,4608
1338,fade,128,128
1338,start_plus_old_fade,22085,22085
1338,end,7300,7300
1338,end_plus_new_fade,7428,7428
1338,cursor,100,100
1338,cursor_enabled,True,1
1338,start_previous,100,100
1338,length_previous,100,100
1339,start,36642,36642
1339,length,12217,12217
1339,fade,3054,3054
1339,start_plus_old_fade,40607,40607
1339,end,48859,48859
1339,end_plus_new_fade,51913,51913
1339,cursor,501,501
1339,cursor_enabled,False,0
1339,start_previous,100,100
1339,length_previous,100,100
1340,start,31339,31339
1340,length,37053,37053
1340,fade,512,512
1340,start_plus_old_fade,32373,32373
1340,end,41191,41191
1340,end_plus_new_fade,41703,41703
1340,cursor,101,101
1340,cursor_enabled,False,0
1340,start_previous,100,100
1340,length_previous,100,100
1341,start,21276,21276
1341,length,8023,8023
1341,fade,128,128
1341,start_plus_old_fade,24145,24145
1341,end,9800,9800
1341,end_plus_new_fade,9928,9928
1341,cursor,501,501
1341,cursor_enabled,True,1
1341,start_previous,100,100
1341,length_previous,100,100
1342,start,10143,10143
1342,length,128,128
1342,fade,128,128
1342,start_plus_old_fade,17376,17376
1342,end,25,25
1342,end_plus_new_fade,153,153
1342,cursor,501,501
1342,cursor_enabled,True,1
1342,start_previous,100,100
1342,length_previous,100,100
1343,start,14818438,14818438
1343,length,2406105,2406105
1343,fade,128,128
1343,start_plus_old_fade,14824096,14824096
1343,end,28958239,28958239
1343,end_plus_new_fade,28958367,28958367
1343,cursor,499,499
1343,cursor_enabled,True,1
1343,start_previous,100,100
1343,length_previous,100,100
1344,start,63,63
1344,length,128,128
1344,fade,128,128
1344,start_plus_old_fade,10041,10041
1344,end,40,40
1344,end_plus_new_fade,168,168
1344,cursor,400,400
1344,cursor_enabled,True,1
1344,start_previous,100,100
1344,length_previous,100,100
1345,start,6230,6230
1345,length,1893,1893
1345,fade,128,128
1345,start_plus_old_fade,12886,12886
1345,end,8123,8123
1345,end_plus_new_fade,8251,8251
1345,cursor,99,99
1345,cursor_enabled,False,0
1345,start_previous,100,100
1345,length_previous,100,100
1346,start,11017,11017
1346,length,22357,22357
1346,fade,128,128
1346,start_plus_old_fade,18987,18987
1346,end,21787,21787
1346,end_plus_new_fade,21915,21915
1346,cursor,200,200
1346,cursor_enabled,False,0
1346,start_previous,100,100
1346,length_previous,100,100
1347,start,15,15
1347,length,45,45
1347,fade,128,128
1347,start_plus_old_fade,4482,4482
1347,end,60,60
1347,end_plus_new_fade,188,188
1347,cursor,99,99
1347,cursor_enabled,True,1
1347,start_previous,100,100
1347,length_previous,100,100
1348,start,1139800,1139800
1348,length,13790505,13790505
1348,fade,128,128
1348,start_plus_old_fade,1148314,1148314
1348,end,9383498,9383498
1348,end_plus_new_fade,9383626,9383626
1348,cursor,99,99
1348,cursor_enabled,False,0
1348,start_previous,100,100
1348,length_previous,100,100
1349,start,10032,10032
1349,length,9161,9161
1349,fade,512,512
1349,start_plus_old_fade,15279,15279
1349,end,6900,6900
1349,end_plus_new_fade,7412,7412
1349,cursor,400,400
1349,cursor_enabled,True,1
1349,start_previous,100,100
1349,length_previous,100,100
1350,start,104,104
1350,length,91,91
1350,fade,128,128
1350,start_plus_old_fade,4396,4396
1350,end,231,231
1350,end_plus_new_fade,359,359
1350,cursor,200,200
1350,cursor_enabled,False,0
1350,start_previous,100,100
1350,length_previous,100,100
1351,start,15039,15039
1351,length,17650,17650
1351,fade,12292,12292
1351,start_plus_old_fade,18262,18262
1351,end,4136,4136
1351,end_plus_new_fade,16428,16428
1351,cursor,100,100
1351,cursor_enabled,True,1
1351,start_previous,100,100
1351,length_previous,100,100
1352,start,4176429,4176429
1352,length,15785147,15785147
1352,fade,128,128
1352,start_plus_old_fade,4188281,4188281
1352,end,3184357,3184357
1352,end_plus_new_fade,3184485,3184485
1352,cursor,100,100
1352,cursor_enabled,True,1
1352,start_previous,100,100
1352,length_previous,100,100
1353,start,16,16
1353,length,2,2
1353,fade,128,128
1353,start_plus_old_fade,5689,5689
1353,end,18,18
1353,end_plus_new_fade,146,146
1353,cursor,500,500
1353,cursor_enabled,False,0
1353,start_previous,100,100
1353,length_previous,100,100
1354,start,15375011,15375011
1354,length,12582912,12582912
1354,fade,3073,3073
1354,start_plus_old_fade,15378845,15378845
1354,end,11337913,11337913
1354,end_plus_new_fade,11340986,11340986
1354,cursor,500,500
1354,cursor_enabled,True,1
1354,start_previous,100,100
1354,length_previous,100,100
1355,start,28517,28517
1355,length,804,804
1355,fade,128,128
1355,start_plus_old_fade,28910,28910
1355,end,5559,5559
1355,end_plus_new_fade,5687,5687
1355,cursor,200,200
1355,cursor_enabled,True,1
1355,start_previous,100,100
1355,length_previous,100,100
1356,start,21775,21775
1356,length,12292,12292
1356,fade,128,128
1356,start_plus_old_fade,32244,32244
1356,end,2632,2632
1356,end_plus_new_fade,2760,2760
1356,cursor,500,500
1356,cursor_enabled,False,0
1356,start_previous,100,100
1356,length_previous,100,100
1357,start,3259,3259
1357,length,4472,4472
1357,fade,128,128
1357,start_plus_old_fade,9894,9894
1357,end,8504,8504
1357,end_plus_new_fade,8632,8632
1357,cursor,499,499
1357,cursor_enabled,False,0
1357,start_previous,100,100
1357,length_previous,100,100
1358,start,5543,5543
1358,length,36069,36069
1358,fade,128,128
1358,start_plus_old_fade,6121,6121
1358,end,41612,41612
1358,end_plus_new_fade,41740,41740
1358,cursor,200,200
1358,cursor_enabled,True,1
1358,start_previous,100,100
1358,length_previous,100,100
1359,start,3764,3764
1359,length,7828,7828
1359,fade,128,128
1359,start_plus_old_fade,7026,7026
1359,end,1162,1162
1359,end_plus_new_fade,1290,1290
1359,cursor,501,501
1359,cursor_enabled,False,0
1359,start_previous,100,100
1359,length_previous,100,100
1360,start,43,43
1360,length,17,17
1360,fade,128,128
1360,start_plus_old_fade,5297,5297
1360,end,48,48
1360,end_plus_new_fade,176,176
1360,cursor,500,500
1360,cursor_enabled,False,0
1360,start_previous,100,100
1360,length_previous,100,100
1361,start,10668,10668
1361,length,8,8
1361,fade,128,128
1361,start_plus_old_fade,20840,20840
1361,end,460,460
1361,end_plus_new_fade,588,588
1361,cursor,499,499
1361,cursor_enabled,True,1
1361,start_previous,100,100
1361,length_previous,100,100
1362,start,11185225,11185225
1362,length,3547132,3547132
1362,fade,128,128
1362,start_plus_old_fade,11195127,11195127
1362,end,14732357,14732357
1362,end_plus_new_fade,14732485,14732485
1362,cursor,501,501
1362,cursor_enabled,True,1
1362,start_previous,100,100
1362,length_previous,100,100
1363,start,22868435,22868435
1363,length,1030158,1030158
1363,fade,128,128
1363,start_plus_old_fade,22868628,22868628
1363,end,18152581,18152581
1363,end_plus_new_fade,18152709,18152709
1363,cursor,499,499
1363,cursor_enabled,False,0
1363,start_previous,100,100
1363,length_previous,100,100
1364,start,3073,3073
1364,length,18438,18438
1364,fade,128,128
1364,start_plus_old_fade,13992,13992
1364,end,2882,2882
1364,end_plus_new_fade,3010,3010
1364,cursor,99,99
1364,cursor_enabled,True,1
1364,start_previous,100,100
1364,length_previous,100,100
1365,start,7995,7995
1365,length,4916,4916
1365,fade,614,614
1365,start_plus_old_fade,17935,17935
1365,end,618,618
1365,end_plus_new_fade,1232,1232
1365,cursor,100,100
1365,cursor_enabled,True,1
1365,start_previous,100,100
1365,length_previous,100,100
1366,start,7132,7132
1366,length,5739,5739
1366,fade,128,128
1366,start_plus_old_fade,17809,17809
1366,end,3251,3251
1366,end_plus_new_fade,3379,3379
1366,cursor,499,499
1366,cursor_enabled,False,0
1366,start_previous,100,100
1366,length_previous,100,100
1367,start,28462638,28462638
1367,length,11062494,11062494
1367,fade,512,512
1367,start_plus_old_fade,28465789,28465789
1367,end,23057201,23057201
1367,end_plus_new_fade,23057713,23057713
1367,cursor,499,499
1367,cursor_enabled,False,0
1367,start_previous,100,100
1367,length_previous,100,100
1368,start,23296659,23296659
1368,length,13848815,13848815
1368,fade,128,128
1368,start_plus_old_fade,23308788,23308788
1368,end,7645474,7645474
1368,end_plus_new_fade,7645602,7645602
1368,cursor,500,500
1368,cursor_enabled,True,1
1368,start_previous,100,100
1368,length_previous,100,100
1369,start,52876,52876
1369,length,3109,3109
1369,fade,9823,9823
1369,start_plus_old_fade,58033,58033
1369,end,23353,23353
1369,end_plus_new_fade,33176,33176
1369,cursor,101,101
1369,cursor_enabled,False,0
1369,start_previous,100,100
1369,length_previous,100,100
1370,start,12217459,12217459
1370,length,4442851,4442851
1370,fade,128,128
1370,start_plus_old_fade,12226556,12226556
1370,end,16660310,16660310
1370,end_plus_new_fade,16660438,16660438
1370,cursor,500,500
1370,cursor_enabled,True,1
1370,start_previous,100,100
1370,length_previous,100,100
1371,start,17808060,17808060
1371,length,5121978,5121978
1371,fade,128,128
1371,start_plus_old_fade,17813013,17813013
1371,end,21213093,21213093
1371,end_plus_new_fade,21213221,21213221
1371,cursor,499,499
1371,cursor_enabled,False,0
1371,start_previous,100,100
1371,length_previous,100,100
1372,start,11520,11520
1372,length,5069,5069
1372,fade,128,128
1372,start_plus_old_fade,20631,20631
1372,end,889,889
1372,end_plus_new_fade,1017,1017
1372,cursor,99,99
1372,cursor_enabled,True,1
1372,start_previous,100,100
1372,length_previous,100,100
1373,start,29,29
1373,length,128,128
1373,fade,128,128
1373,start_plus_old_fade,7126,7126
1373,end,10,10
1373,end_plus_new_fade,138,138
1373,cursor,500,500
1373,cursor_enabled,True,1
1373,start_previous,100,100
1373,length_previous,100,100
1374,start,20787,20787
1374,length,4490,4490
1374,fade,256,256
1374,start_plus_old_fade,32966,32966
1374,end,31421,31421
1374,end_plus_new_fade,31677,31677
1374,cursor,99,99
1374,cursor_enabled,False,0
1374,start_previous,100,100
1374,length_previous,100,100
1375,start,56,56
1375,length,2,2
1375,fade,128,128
1375,start_plus_old_fade,8622,8622
1375,end,96,96
1375,end_plus_new_fade,224,224
1375,cursor,200,200
1375,cursor_enabled,False,0
1375,start_previous,100,100
1375,length_previous,100,100
1376,start,44,44
1376,length,5,5
1376,fade,128,128
1376,start_plus_old_fade,429,429
1376,end,49,49
1376,end_plus_new_fade,177,177
1376,cursor,501,501
1376,cursor_enabled,False,0
1376,start_previous,100,100
1376,length_previous,100,100
1377,start,3687499,3687499
1377,length,4790343,4790343
1377,fade,256,256
1377,start_plus_old_fade,3696096,3696096
1377,end,8477842,8477842
1377,end_plus_new_fade,8478098,8478098
1377,cursor,200,200
1377,cursor_enabled,True,1
1377,start_previous,100,100
1377,length_previous,100,100
1378,start,37,37
1378,length,1280,1280
1378,fade,128,128
1378,start_plus_old_fade,7005,7005
1378,end,36,36
1378,end_plus_new_fade,164,164
1378,cursor,501,501
1378,cursor_enabled,False,0
1378,start_previous,100,100
1378,length_previous,100,100
1379,start,1920,1920
1379,length,1159,1159
1379,fade,128,128
1379,start_plus_old_fade,7623,7623
1379,end,3079,3079
1379,end_plus_new_fade,3207,3207
1379,cursor,501,501
1379,cursor_enabled,False,0
1379,start_previous,100,100
1379,length_previous,100,100
1380,start,16277012,16277012
1380,length,5592406,5592406
1380,fade,128,128
1380,start_plus_old_fade,16278345,16278345
1380,end,431473,431473
1380,end_plus_new_fade,431601,431601
1380,cursor,100,100
1380,cursor_enabled,True,1
1380,start_previous,100,100
1380,length_previous,100,100
1381,start,7938,7938
1381,length,765,765
1381,fade,128,128
1381,start_plus_old_fade,11952,11952
1381,end,389,389
1381,end_plus_new_fade,517,517
1381,cursor,100,100
1381,cursor_enabled,False,0
1381,start_previous,100,100
1381,length_previous,100,100
1382,start,3360656,3360656
1382,length,4822293,4822293
1382,fade,128,128
1382,start_plus_old_fade,3362372,3362372
1382,end,8182949,8182949
1382,end_plus_new_fade,8183077,8183077
1382,cursor,99,99
1382,cursor_enabled,True,1
1382,start_previous,100,100
1382,length_previous,100,100
1383,start,19926008,19926008
1383,length,14749999,14749999
1383,fade,512,512
1383,start_plus_old_fade,19935461,19935461
1383,end,26026297,26026297
1383,end_plus_new_fade,26026809,26026809
1383,cursor,101,101
1383,cursor_enabled,False,0
1383,start_previous,100,100
1383,length_previous,100,100
1384,start,46780,46780
1384,length,49169,49169
1384,fade,6147,6147
1384,start_plus_old_fade,47705,47705
1384,end,36138,36138
1384,end_plus_new_fade,42285,42285
1384,cursor,101,101
1384,cursor_enabled,True,1
1384,start_previous,100,100
1384,length_previous,100,100
1385,start,67,67
1385,length,24,24
1385,fade,128,128
1385,start_plus_old_fade,5682,5682
1385,end,91,91
1385,end_plus_new_fade,219,219
1385,cursor,500,500
1385,cursor_enabled,False,0
1385,start_previous,100,100
1385,length_previous,100,100
1386,start,16389,16389
1386,length,25022,25022
1386,fade,128,128
1386,start_plus_old_fade,20779,20779
1386,end,8286,8286
1386,end_plus_new_fade,8414,8414
1386,cursor,400,400
1386,cursor_enabled,True,1
1386,start_previous,100,100
1386,length_previous,100,100
1387,start,13189710,13189710
1387,length,12979299,12979299
1387,fade,128,128
1387,start_plus_old_fade,13198680,13198680
1387,end,5481470,5481470
1387,end_plus_new_fade,5481598,5481598
1387,cursor,101,101
1387,cursor_enabled,True,1
1387,start_previous,100,100
1387,length_previous,100,100
1388,start,6129504,6129504
1388,length,13229216,13229216
1388,fade,128,128
1388,start_plus_old_fade,6137465,6137465
1388,end,12260916,12260916
1388,end_plus_new_fade,12261044,12261044
1388,cursor,500,500
1388,cursor_enabled,True,1
1388,start_previous,100,100
1388,length_previous,100,100
1389,start,0,0
1389,length,16777218,16777218
1389,fade,128,128
1389,start_plus_old_fade,2247,2247
1389,end,9022209,9022209
1389,end_plus_new_fade,9022337,9022337
1389,cursor,99,99
1389,cursor_enabled,False,0
1389,start_previous,100,100
1389,length_previous,100,100
1390,start,27155,27155
1390,length,49169,49169
1390,fade,128,128
1390,start_plus_old_fade,32069,32069
1390,end,12144,12144
1390,end_plus_new_fade,12272,12272
1390,cursor,100,100
1390,cursor_enabled,True,1
1390,start_previous,100,100
1390,length_previous,100,100
1391,start,5413799,5413799
1391,length,6640436,6640436
1391,fade,6147,6147
1391,start_plus_old_fade,5422990,5422990
1391,end,12054235,12054235
1391,end_plus_new_fade,12060382,12060382
1391,cursor,500,500
1391,cursor_enabled,True,1
1391,start_previous,100,100
1391,length_previous,100,100
1392,start,9446,9446
1392,length,1280,1280
1392,fade,128,128
1392,start_plus_old_fade,15765,15765
1392,end,904,904
1392,end_plus_new_fade,1032,1032
1392,cursor,100,100
1392,cursor_enabled,True,1
1392,start_previous,100,100
1392,length_previous,100,100
1393,start,24122,24122
1393,length,17938,17938
1393,fade,128,128
1393,start_plus_old_fade,26736,26736
1393,end,6918,6918
1393,end_plus_new_fade,7046,7046
1393,cursor,200,200
1393,cursor_enabled,True,1
1393,start_previous,100,100
1393,length_previous,100,100
1394,start,4651,4651
1394,length,1893,1893
1394,fade,128,128
1394,start_plus_old_fade,6304,6304
1394,end,6544,6544
1394,end_plus_new_fade,6672,6672
1394,cursor,500,500
1394,cursor_enabled,False,0
1394,start_previous,100,100
1394,length_previous,100,100
1395,start,9107634,9107634
1395,length,6292993,6292993
1395,fade,128,128
1395,start_plus_old_fade,9116711,9116711
1395,end,15319839,15319839
1395,end_plus_new_fade,15319967,15319967
1395,cursor,100,100
1395,cursor_enabled,True,1
1395,start_previous,100,100
1395,length_previous,100,100
1396,start,2039,2039
1396,length,9056,9056
1396,fade,128,128
1396,start_plus_old_fade,9621,9621
1396,end,2425,2425
1396,end_plus_new_fade,2553,2553
1396,cursor,99,99
1396,cursor_enabled,False,0
1396,start_previous,100,100
1396,length_previous,100,100
1397,start,962,962
1397,length,369,369
1397,fade,128,128
1397,start_plus_old_fade,11651,11651
1397,end,1331,1331
1397,end_plus_new_fade,1459,1459
1397,cursor,500,500
1397,cursor_enabled,True,1
1397,start_previous,100,100
1397,length_previous,100,100
1398,start,13708813,13708813
1398,length,6403019,6403019
1398,fade,512,512
1398,start_plus_old_fade,13718620,13718620
1398,end,3334613,3334613
1398,end_plus_new_fade,3335125,3335125
1398,cursor,101,101
1398,cursor_enabled,False,0
1398,start_previous,100,100
1398,length_previous,100,100
1399,start,11551,11551
1399,length,6146,6146
1399,fade,128,128
1399,start_plus_old_fade,14646,14646
1399,end,50522,50522
1399,end_plus_new_fade,50650,50650
1399,cursor,200,200
1399,cursor_enabled,True,1
1399,start_previous,100,100
1399,length_previous,100,100
1400,start,60981,60981
1400,length,42613,42613
1400,fade,256,256
1400,start_plus_old_fade,61614,61614
1400,end,41773,41773
1400,end_plus_new_fade,42029,42029
1400,cursor,501,501
1400,cursor_enabled,False,0
1400,start_previous,100,100
1400,length_previous,100,100
1401,start,9285837,9285837
1401,length,27165934,27165934
1401,fade,512,512
1401,start_plus_old_fade,9292608,9292608
1401,end,21369135,21369135
1401,end_plus_new_fade,21369647,21369647
1401,cursor,501,501
1401,cursor_enabled,False,0
1401,start_previous,100,100
1401,length_previous,100,100
1402,start,4403,4403
1402,length,10217,10217
1402,fade,787,787
1402,start_plus_old_fade,12472,12472
1402,end,5977,5977
1402,end_plus_new_fade,6764,6764
1402,cursor,501,501
1402,cursor_enabled,False,0
1402,start_previous,100,100
1402,length_previous,100,100
1403,start,420,420
1403,length,584,584
1403,fade,128,128
1403,start_plus_old_fade,4363,4363
1403,end,228,228
1403,end_plus_new_fade,356,356
1403,cursor,200,200
1403,cursor_enabled,True,1
1403,start_previous,100,100
1403,length_previous,100,100
1404,start,79,79
1404,length,72,72
1404,fade,128,128
1404,start_plus_old_fade,9171,9171
1404,end,100,100
1404,end_plus_new_fade,228,228
1404,cursor,100,100
1404,cursor_enabled,True,1
1404,start_previous,100,100
1404,length_previous,100,100
1405,start,26668,26668
1405,length,41004,41004
1405,fade,128,128
1405,start_plus_old_fade,36111,36111
1405,end,3067,3067
1405,end_plus_new_fade,3195,3195
1405,cursor,501,501
1405,cursor_enabled,True,1
1405,start_previous,100,100
1405,length_previous,100,100
1406,start,12851771,12851771
1406,length,19140782,19140782
1406,fade,12292,12292
1406,start_plus_old_fade,12852750,12852750
1406,end,23097928,23097928
1406,end_plus_new_fade,23110220,23110220
1406,cursor,501,501
1406,cursor_enabled,False,0
1406,start_previous,100,100
1406,length_previous,100,100
1407,start,0,0
1407,length,49168,49168
1407,fade,128,128
1407,start_plus_old_fade,8485,8485
1407,end,24202,24202
1407,end_plus_new_fade,24330,24330
1407,cursor,500,500
1407,cursor_enabled,False,0
1407,start_previous,100,100
1407,length_previous,100,100
1408,start,2097152,2097152
1408,length,14937665,14937665
1408,fade,128,128
1408,start_plus_old_fade,2099053,2099053
1408,end,7467668,7467668
1408,end_plus_new_fade,7467796,7467796
1408,cursor,500,500
1408,cursor_enabled,False,0
1408,start_previous,100,100
1408,length_previous,100,100
1409,start,682,682
1409,length,33,33
1409,fade,128,128
1409,start_plus_old_fade,6138,6138
1409,end,1531,1531
1409,end_plus_new_fade,1659,1659
1409,cursor,200,200
1409,cursor_enabled,True,1
1409,start_previous,100,100
1409,length_previous,100,100
1410,start,4097,4097
1410,length,4097,4097
1410,fade,512,512
1410,start_plus_old_fade,5233,5233
1410,end,12683,12683
1410,end_plus_new_fade,13195,13195
1410,cursor,100,100
1410,cursor_enabled,True,1
1410,start_previous,100,100
1410,length_previous,100,100
1411,start,16028166,16028166
1411,length,14749999,14749999
1411,fade,128,128
1411,start_plus_old_fade,16035410,16035410
1411,end,8991255,8991255
1411,end_plus_new_fade,8991383,8991383
1411,cursor,101,101
1411,cursor_enabled,True,1
1411,start_previous,100,100
1411,length_previous,100,100
1412,start,7268080,7268080
1412,length,10485760,10485760
1412,fade,12292,12292
1412,start_plus_old_fade,7269066,7269066
1412,end,9525469,9525469
1412,end_plus_new_fade,9537761,9537761
1412,cursor,100,100
1412,cursor_enabled,True,1
1412,start_previous,100,100
1412,length_previous,100,100
1413,start,4516,4516
1413,length,23,23
1413,fade,128,128
1413,start_plus_old_fade,11146,11146
1413,end,23,23
1413,end_plus_new_fade,151,151
1413,cursor,200,200
1413,cursor_enabled,False,0
1413,start_previous,100,100
1413,length_previous,100,100
1414,start,9996,9996
1414,length,15164,15164
1414,fade,561,561
1414,start_plus_old_fade,21484,21484
1414,end,14484,14484
1414,end_plus_new_fade,15045,15045
1414,cursor,499,499
1414,cursor_enabled,False,0
1414,start_previous,100,100
1414,length_previous,100,100
1415,start,55314,55314
1415,length,25803,25803
1415,fade,128,128
1415,start_plus_old_fade,67151,67151
1415,end,20671,20671
1415,end_plus_new_fade,20799,20799
1415,cursor,99,99
1415,cursor_enabled,True,1
1415,start_previous,100,100
1415,length_previous,100,100
1416,start,10798657,10798657
1416,length,6533944,6533944
1416,fade,128,128
1416,start_plus_old_fade,10802507,10802507
1416,end,28155168,28155168
1416,end_plus_new_fade,28155296,28155296
1416,cursor,501,501
1416,cursor_enabled,False,0
1416,start_previous,100,100
1416,length_previous,100,100
1417,start,24584,24584
1417,length,24584,24584
1417,fade,128,128
1417,start_plus_old_fade,36689,36689
1417,end,24134,24134
1417,end_plus_new_fade,24262,24262
1417,cursor,500,500
1417,cursor_enabled,False,0
1417,start_previous,100,100
1417,length_previous,100,100
1418,start,3742,3742
1418,length,3,3
1418,fade,128,128
1418,start_plus_old_fade,6074,6074
1418,end,79,79
1418,end_plus_new_fade,207,207
1418,cursor,200,200
1418,cursor_enabled,False,0
1418,start_previous,100,100
1418,length_previous,100,100
1419,start,27691,27691
1419,length,8681,8681
1419,fade,256,256
1419,start_plus_old_fade,35698,35698
1419,end,48652,48652
1419,end_plus_new_fade,48908,48908
1419,cursor,100,100
1419,cursor_enabled,False,0
1419,start_previous,100,100
1419,length_previous,100,100
1420,start,21454968,21454968
1420,length,22124988,22124988
1420,fade,128,128
1420,start_plus_old_fade,21462979,21462979
1420,end,1624191,1624191
1420,end_plus_new_fade,1624319,1624319
1420,cursor,400,400
1420,cursor_enabled,True,1
1420,start_previous,100,100
1420,length_previous,100,100
1421,start,3626,3626
1421,length,5334,5334
1421,fade,128,128
1421,start_plus_old_fade,8885,8885
1421,end,6959,6959
1421,end_plus_new_fade,7087,7087
1421,cursor,100,100
1421,cursor_enabled,False,0
1421,start_previous,100,100
1421,length_previous,100,100
1422,start,30186,30186
1422,length,49169,49169
1422,fade,128,128
1422,start_plus_old_fade,35438,35438
1422,end,35542,35542
1422,end_plus_new_fade,35670,35670
1422,cursor,99,99
1422,cursor_enabled,False,0
1422,start_previous,100,100
1422,length_previous,100,100
1423,start,511,511
1423,length,95,95
1423,fade,128,128
1423,start_plus_old_fade,11231,11231
1423,end,133,133
1423,end_plus_new_fade,261,261
1423,cursor,100,100
1423,cursor_enabled,True,1
1423,start_previous,100,100
1423,length_previous,100,100
1424,start,15521743,15521743
1424,length,17497427,17497427
1424,fade,128,128
1424,start_plus_old_fade,15531838,15531838
1424,end,3519170,3519170
1424,end_plus_new_fade,3519298,3519298
1424,cursor,99,99
1424,cursor_enabled,False,0
1424,start_previous,100,100
1424,length_previous,100,100
1425,start,8785,8785
1425,length,12469,12469
1425,fade,128,128
1425,start_plus_old_fade,11069,11069
1425,end,21254,21254
1425,end_plus_new_fade,21382,21382
1425,cursor,499,499
1425,cursor_enabled,True,1
1425,start_previous,100,100
1425,length_previous,100,100
1426,start,8585,8585
1426,length,11598,11598
1426,fade,128,128
1426,start_plus_old_fade,19422,19422
1426,end,4771,4771
1426,end_plus_new_fade,4899,4899
1426,cursor,500,500
1426,cursor_enabled,False,0
1426,start_previous,100,100
1426,length_previous,100,100
1427,start,31,31
1427,length,1280,1280
1427,fade,128,128
1427,start_plus_old_fade,7890,7890
1427,end,147,147
1427,end_plus_new_fade,275,275
1427,cursor,100,100
1427,cursor_enabled,True,1
1427,start_previous,100,100
1427,length_previous,100,100
1428,start,14342,14342
1428,length,6534,6534
1428,fade,128,128
1428,start_plus_old_fade,16428,16428
1428,end,4280,4280
1428,end_plus_new_fade,4408,4408
1428,cursor,101,101
1428,cursor_enabled,False,0
1428,start_previous,100,100
1428,length_previous,100,100
1429,start,84,84
1429,length,28,28
1429,fade,128,128
1429,start_plus_old_fade,6885,6885
1429,end,103,103
1429,end_plus_new_fade,231,231
1429,cursor,501,501
1429,cursor_enabled,True,1
1429,start_previous,100,100
1429,length_previous,100,100
1430,start,15556377,15556377
1430,length,5060141,5060141
1430,fade,12292,12292
1430,start_plus_old_fade,15559081,15559081
1430,end,3839299,3839299
1430,end_plus_new_fade,3851591,3851591
1430,cursor,101,101
1430,cursor_enabled,True,1
1430,start_previous,100,100
1430,length_previous,100,100
1431,start,2474,2474
1431,length,955,955
1431,fade,128,128
1431,start_plus_old_fade,9882,9882
1431,end,2660,2660
1431,end_plus_new_fade,2788,2788
1431,cursor,501,501
1431,cursor_enabled,False,0
1431,start_previous,100,100
1431,length_previous,100,100
1432,start,34905,34905
1432,length,13567,13567
1432,fade,1696,1696
1432,start_plus_old_fade,36663,36663
1432,end,48472,48472
1432,end_plus_new_fade,50168,50168
1432,cursor,501,501
1432,cursor_enabled,False,0
1432,start_previous,100,100
1432,length_previous,100,100
1433,start,11030,11030
1433,length,86,86
1433,fade,128,128
1433,start_plus_old_fade,19933,19933
1433,end,103,103
1433,end_plus_new_fade,231,231
1433,cursor,101,101
1433,cursor_enabled,True,1
1433,start_previous,100,100
1433,length_previous,100,100
1434,start,20251414,20251414
1434,length,7374998,7374998
1434,fade,128,128
1434,start_plus_old_fade,20260146,20260146
1434,end,6350255,6350255
1434,end_plus_new_fade,6350383,6350383
1434,cursor,100,100
1434,cursor_enabled,False,0
1434,start_previous,100,100
1434,length_previous,100,100
1435,start,18437495,18437495
1435,length,12959829,12959829
1435,fade,128,128
1435,start_plus_old_fade,18440021,18440021
1435,end,6770149,6770149
1435,end_plus_new_fade,6770277,6770277
1435,cursor,99,99
1435,cursor_enabled,True,1
1435,start_previous,100,100
1435,length_previous,100,100
1436,start,19666666,19666666
1436,length,9833333,9833333
1436,fade,256,256
1436,start_plus_old_fade,19667562,19667562
1436,end,20100475,20100475
1436,end_plus_new_fade,20100731,20100731
1436,cursor,499,499
1436,cursor_enabled,True,1
1436,start_previous,100,100
1436,length_previous,100,100
1437,start,10314,10314
1437,length,27208,27208
1437,fade,128,128
1437,start_plus_old_fade,18081,18081
1437,end,11155,11155
1437,end_plus_new_fade,11283,11283
1437,cursor,100,100
1437,cursor_enabled,False,0
1437,start_previous,100,100
1437,length_previous,100,100
1438,start,4870803,4870803
1438,length,2736796,2736796
1438,fade,512,512
1438,start_plus_old_fade,4875929,4875929
1438,end,9676891,9676891
1438,end_plus_new_fade,9677403,9677403
1438,cursor,100,100
1438,cursor_enabled,False,0
1438,start_previous,100,100
1438,length_previous,100,100
1439,start,0,0
1439,length,24584,24584
1439,fade,128,128
1439,start_plus_old_fade,8546,8546
1439,end,32201,32201
1439,end_plus_new_fade,32329,32329
1439,cursor,499,499
1439,cursor_enabled,True,1
1439,start_previous,100,100
1439,length_previous,100,100
1440,start,0,0
1440,length,49169,49169
1440,fade,256,256
1440,start_plus_old_fade,5233,5233
1440,end,3220,3220
1440,end_plus_new_fade,3476,3476
1440,cursor,500,500
1440,cursor_enabled,False,0
1440,start_previous,100,100
1440,length_previous,100,100
1441,start,0,0
1441,length,16777218,16777218
1441,fade,128,128
1441,start_plus_old_fade,2199,2199
1441,end,13538164,13538164
1441,end_plus_new_fade,13538292,13538292
1441,cursor,500,500
1441,cursor_enabled,True,1
1441,start_previous,100,100
1441,length_previous,100,100
1442,start,11811,11811
1442,length,128,128
1442,fade,128,128
1442,start_plus_old_fade,15760,15760
1442,end,53,53
1442,end_plus_new_fade,181,181
1442,cursor,100,100
1442,cursor_enabled,True,1
1442,start_previous,100,100
1442,length_previous,100,100
1443,start,10369,10369
1443,length,1280,1280
1443,fade,128,128
1443,start_plus_old_fade,19739,19739
1443,end,143,143
1443,end_plus_new_fade,271,271
1443,cursor,101,101
1443,cursor_enabled,True,1
1443,start_previous,100,100
1443,length_previous,100,100
1444,start,1015750,1015750
1444,length,16885960,16885960
1444,fade,128,128
1444,start_plus_old_fade,1027633,1027633
1444,end,15762602,15762602
1444,end_plus_new_fade,15762730,15762730
1444,cursor,501,501
1444,cursor_enabled,True,1
1444,start_previous,100,100
1444,length_previous,100,100
1445,start,9051949,9051949
1445,length,13665326,13665326
1445,fade,512,512
1445,start_plus_old_fade,9062323,9062323
1445,end,5940056,5940056
1445,end_plus_new_fade,5940568,5940568
1445,cursor,100,100
1445,cursor_enabled,True,1
1445,start_previous,100,100
1445,length_previous,100,100
1446,start,273862,273862
1446,length,26848962,26848962
1446,fade,128,128
1446,start_plus_old_fade,275931,275931
1446,end,11954627,11954627
1446,end_plus_new_fade,11954755,11954755
1446,cursor,100,100
1446,cursor_enabled,False,0
1446,start_previous,100,100
1446,length_previous,100,100
1447,start,24,24
1447,length,73,73
1447,fade,128,128
1447,start_plus_old_fade,7275,7275
1447,end,63,63
1447,end_plus_new_fade,191,191
1447,cursor,99,99
1447,cursor_enabled,True,1
1447,start_previous,100,100
1447,length_previous,100,100
1448,start,5092204,5092204
1448,length,15105642,15105642
1448,fade,128,128
1448,start_plus_old_fade,5103751,5103751
1448,end,873653,873653
1448,end_plus_new_fade,873781,873781
1448,cursor,200,200
1448,cursor_enabled,False,0
1448,start_previous,100,100
1448,length_previous,100,100
1449,start,14312921,14312921
1449,length,7374998,7374998
1449,fade,128,128
1449,start_plus_old_fade,14321010,14321010
1449,end,5079590,5079590
1449,end_plus_new_fade,5079718,5079718
1449,cursor,99,99
1449,cursor_enabled,False,0
1449,start_previous,100,100
1449,length_previous,100,100
1450,start,45100,45100
1450,length,11971,11971
1450,fade,128,128
1450,start_plus_old_fade,51397,51397
1450,end,7901,7901
1450,end_plus_new_fade,8029,8029
1450,cursor,499,499
1450,cursor_enabled,True,1
1450,start_previous,100,100
1450,length_previous,100,100
1451,start,22124994,22124994
1451,length,18437495,18437495
1451,fade,3073,3073
1451,start_plus_old_fade,22132521,22132521
1451,end,1548766,1548766
1451,end_plus_new_fade,1551839,1551839
1451,cursor,99,99
1451,cursor_enabled,False,0
1451,start_previous,100,100
1451,length_previous,100,100
1452,start,72,72
1452,length,117,117
1452,fade,128,128
1452,start_plus_old_fade,1208,1208
1452,end,189,189
1452,end_plus_new_fade,317,317
1452,cursor,101,101
1452,cursor_enabled,False,0
1452,start_previous,100,100
1452,length_previous,100,100
1453,start,75,75
1453,length,128,128
1453,fade,128,128
1453,start_plus_old_fade,9062,9062
1453,end,148,148
1453,end_plus_new_fade,276,276
1453,cursor,499,499
1453,cursor_enabled,True,1
1453,start_previous,100,100
1453,length_previous,100,100
1454,start,851,851
1454,length,502,502
1454,fade,251,251
1454,start_plus_old_fade,1910,1910
1454,end,329,329
1454,end_plus_new_fade,580,580
1454,cursor,99,99
1454,cursor_enabled,False,0
1454,start_previous,100,100
1454,length_previous,100,100
1455,start,276,276
1455,length,889,889
1455,fade,128,128
1455,start_plus_old_fade,7187,7187
1455,end,699,699
1455,end_plus_new_fade,827,827
1455,cursor,400,400
1455,cursor_enabled,True,1
1455,start_previous,100,100
1455,length_previous,100,100
1456,start,9243,9243
1456,length,7771,7771
1456,fade,128,128
1456,start_plus_old_fade,16699,16699
1456,end,13431,13431
1456,end_plus_new_fade,13559,13559
1456,cursor,500,500
1456,cursor_enabled,True,1
1456,start_previous,100,100
1456,length_previous,100,100
1457,start,5691,5691
1457,length,10884,10884
1457,fade,128,128
1457,start_plus_old_fade,13917,13917
1457,end,7456,7456
1457,end_plus_new_fade,7584,7584
1457,cursor,501,501
1457,cursor_enabled,True,1
1457,start_previous,100,100
1457,length_previous,100,100
1458,start,861388,861388
1458,length,16777218,16777218
1458,fade,128,128
1458,start_plus_old_fade,864908,864908
1458,end,10425794,10425794
1458,end_plus_new_fade,10425922,10425922
1458,cursor,99,99
1458,cursor_enabled,False,0
1458,start_previous,100,100
1458,length_previous,100,100
1459,start,683,683
1459,length,295,295
1459,fade,128,128
1459,start_plus_old_fade,6297,6297
1459,end,891,891
1459,end_plus_new_fade,1019,1019
1459,cursor,101,101
1459,cursor_enabled,False,0
1459,start_previous,100,100
1459,length_previous,100,100
1460,start,24584,24584
1460,length,49168,49168
1460,fade,128,128
1460,start_plus_old_fade,31145,31145
1460,end,17683,17683
1460,end_plus_new_fade,17811,17811
1460,cursor,499,499
1460,cursor_enabled,False,0
1460,start_previous,100,100
1460,length_previous,100,100
1461,start,5316483,5316483
1461,length,2305250,2305250
1461,fade,6147,6147
1461,start_plus_old_fade,5322495,5322495
1461,end,23617208,23617208
1461,end_plus_new_fade,23623355,23623355
1461,cursor,500,500
1461,cursor_enabled,False,0
1461,start_previous,100,100
1461,length_previous,100,100
1462,start,12664469,12664469
1462,length,14749999,14749999
1462,fade,128,128
1462,start_plus_old_fade,12676734,12676734
1462,end,14247209,14247209
1462,end_plus_new_fade,14247337,14247337
1462,cursor,500,500
1462,cursor_enabled,False,0
1462,start_previous,100,100
1462,length_previous,100,100
1463,start,26449356,26449356
1463,length,8010745,8010745
1463,fade,3073,3073
1463,start_plus_old_fade,26460582,26460582
1463,end,7520190,7520190
1463,end_plus_new_fade,7523263,7523263
1463,cursor,101,101
1463,cursor_enabled,True,1
1463,start_previous,100,100
1463,length_previous,100,100
1464,start,14749999,14749999
1464,length,22980464,22980464
1464,fade,6147,6147
1464,start_plus_old_fade,14750891,14750891
1464,end,4371818,4371818
1464,end_plus_new_fade,4377965,4377965
1464,cursor,499,499
1464,cursor_enabled,False,0
1464,start_previous,100,100
1464,length_previous,100,100
1465,start,756,756
1465,length,1280,1280
1465,fade,219,219
1465,start_plus_old_fade,11295,11295
1465,end,171,171
1465,end_plus_new_fade,390,390
1465,cursor,99,99
1465,cursor_enabled,True,1
1465,start_previous,100,100
1465,length_previous,100,100
1466,start,804946,804946
1466,length,8388609,8388609
1466,fade,128,128
1466,start_plus_old_fade,808860,808860
1466,end,11930093,11930093
1466,end_plus_new_fade,11930221,11930221
1466,cursor,200,200
1466,cursor_enabled,False,0
1466,start_previous,100,100
1466,length_previous,100,100
1467,start,45927,45927
1467,length,36876,36876
1467,fade,128,128
1467,start_plus_old_fade,47278,47278
1467,end,46330,46330
1467,end_plus_new_fade,46458,46458
1467,cursor,499,499
1467,cursor_enabled,True,1
1467,start_previous,100,100
1467,length_previous,100,100
1468,start,10386,10386
1468,length,150,150
1468,fade,256,256
1468,start_plus_old_fade,20186,20186
1468,end,13094,13094
1468,end_plus_new_fade,13350,13350
1468,cursor,100,100
1468,cursor_enabled,False,0
1468,start_previous,100,100
1468,length_previous,100,100
1469,start,11712,11712
1469,length,229,229
1469,fade,128,128
1469,start_plus_old_fade,20221,20221
1469,end,600,600
1469,end_plus_new_fade,728,728
1469,cursor,101,101
1469,cursor_enabled,False,0
1469,start_previous,100,100
1469,length_previous,100,100
1470,start,11994506,11994506
1470,length,8017949,8017949
1470,fade,128,128
1470,start_plus_old_fade,12005906,12005906
1470,end,19917143,19917143
1470,end_plus_new_fade,19917271,19917271
1470,cursor,400,400
1470,cursor_enabled,True,1
1470,start_previous,100,100
1470,length_previous,100,100
1471,start,1464,1464
1471,length,8981,8981
1471,fade,128,128
1471,start_plus_old_fade,8913,8913
1471,end,19436,19436
1471,end_plus_new_fade,19564,19564
1471,cursor,200,200
1471,cursor_enabled,False,0
1471,start_previous,100,100
1471,length_previous,100,100
1472,start,18168618,18168618
1472,length,27554946,27554946
1472,fade,128,128
1472,start_plus_old_fade,18176267,18176267
1472,end,833950,833950
1472,end_plus_new_fade,834078,834078
1472,cursor,101,101
1472,cursor_enabled,True,1
1472,start_previous,100,100
1472,length_previous,100,100
1473,start,22699512,22699512
1473,length,1383150,1383150
1473,fade,256,256
1473,start_plus_old_fade,22700856,22700856
1473,end,7903870,7903870
1473,end_plus_new_fade,7904126,7904126
1473,cursor,200,200
1473,cursor_enabled,True,1
1473,start_previous,100,100
1473,length_previous,100,100
1474,start,24584,24584
1474,length,23689,23689
1474,fade,9078,9078
1474,start_plus_old_fade,26637,26637
1474,end,42741,42741
1474,end_plus_new_fade,51819,51819
1474,cursor,100,100
1474,cursor_enabled,False,0
1474,start_previous,100,100
1474,length_previous,100,100
1475,start,49057,49057
1475,length,8508,8508
1475,fade,128,128
1475,start_plus_old_fade,59818,59818
1475,end,8395,8395
1475,end_plus_new_fade,8523,8523
1475,cursor,100,100
1475,cursor_enabled,True,1
1475,start_previous,100,100
1475,length_previous,100,100
1476,start,16846,16846
1476,length,30413,30413
1476,fade,128,128
1476,start_plus_old_fade,28474,28474
1476,end,29367,29367
1476,end_plus_new_fade,29495,29495
1476,cursor,400,400
1476,cursor_enabled,True,1
1476,start_previous,100,100
1476,length_previous,100,100
1477,start,6075,6075
1477,length,7414,7414
1477,fade,128,128
1477,start_plus_old_fade,18025,18025
1477,end,7566,7566
1477,end_plus_new_fade,7694,7694
1477,cursor,500,500
1477,cursor_enabled,True,1
1477,start_previous,100,100
1477,length_previous,100,100
1478,start,0,0
1478,length,16777218,16777218
1478,fade,128,128
1478,start_plus_old_fade,10780,10780
1478,end,2148930,2148930
1478,end_plus_new_fade,2149058,2149058
1478,cursor,499,499
1478,cursor_enabled,True,1
1478,start_previous,100,100
1478,length_previous,100,100
1479,start,10290,10290
1479,length,8559,8559
1479,fade,2140,2140
1479,start_plus_old_fade,14581,14581
1479,end,6556,6556
1479,end_plus_new_fade,8696,8696
1479,cursor,99,99
1479,cursor_enabled,True,1
1479,start_previous,100,100
1479,length_previous,100,100
1480,start,765,765
1480,length,11192,11192
1480,fade,128,128
1480,start_plus_old_fade,12834,12834
1480,end,11957,11957
1480,end_plus_new_fade,12085,12085
1480,cursor,499,499
1480,cursor_enabled,True,1
1480,start_previous,100,100
1480,length_previous,100,100
1481,start,36303,36303
1481,length,49169,49169
1481,fade,128,128
1481,start_plus_old_fade,38031,38031
1481,end,30408,30408
1481,end_plus_new_fade,30536,30536
1481,cursor,100,100
1481,cursor_enabled,False,0
1481,start_previous,100,100
1481,length_previous,100,100
1482,start,508,508
1482,length,1016,1016
1482,fade,128,128
1482,start_plus_old_fade,7142,7142
1482,end,1021,1021
1482,end_plus_new_fade,1149,1149
1482,cursor,100,100
1482,cursor_enabled,True,1
1482,start_previous,100,100
1482,length_previous,100,100
1483,start,1629,1629
1483,length,1280,1280
1483,fade,128,128
1483,start_plus_old_fade,1840,1840
1483,end,188,188
1483,end_plus_new_fade,316,316
1483,cursor,101,101
1483,cursor_enabled,False,0
1483,start_previous,100,100
1483,length_previous,100,100
1484,start,7174,7174
1484,length,5919,5919
1484,fade,128,128
1484,start_plus_old_fade,17182,17182
1484,end,24954,24954
1484,end_plus_new_fade,25082,25082
1484,cursor,499,499
1484,cursor_enabled,False,0
1484,start_previous,100,100
1484,length_previous,100,100
1485,start,13158232,13158232
1485,length,9906548,9906548
1485,fade,128,128
1485,start_plus_old_fade,13163880,13163880
1485,end,5221059,5221059
1485,end_plus_new_fade,5221187,5221187
1485,cursor,499,499
1485,cursor_enabled,True,1
1485,start_previous,100,100
1485,length_previous,100,100
1486,start,657,657
1486,length,295,295
1486,fade,128,128
1486,start_plus_old_fade,8172,8172
1486,end,952,952
1486,end_plus_new_fade,1080,1080
1486,cursor,100,100
1486,cursor_enabled,False,0
1486,start_previous,100,100
1486,length_previous,100,100
1487,start,2204395,2204395
1487,length,18146642,18146642
1487,fade,128,128
1487,start_plus_old_fade,2208583,2208583
1487,end,9555286,9555286
1487,end_plus_new_fade,9555414,9555414
1487,cursor,501,501
1487,cursor_enabled,True,1
1487,start_previous,100,100
1487,length_previous,100,100
1488,start,5691,5691
1488,length,49168,49168
1488,fade,4820,4820
1488,start_plus_old_fade,13135,13135
1488,end,15332,15332
1488,end_plus_new_fade,20152,20152
1488,cursor,500,500
1488,cursor_enabled,False,0
1488,start_previous,100,100
1488,length_previous,100,100
1489,start,6235636,6235636
1489,length,2753184,2753184
1489,fade,128,128
1489,start_plus_old_fade,6241483,6241483
1489,end,250943,250943
1489,end_plus_new_fade,251071,251071
1489,cursor,499,499
1489,cursor_enabled,False,0
1489,start_previous,100,100
1489,length_previous,100,100
1490,start,11250,11250
1490,length,3839,3839
1490,fade,128,128
1490,start_plus_old_fade,14452,14452
1490,end,2796,2796
1490,end_plus_new_fade,2924,2924
1490,cursor,499,499
1490,cursor_enabled,True,1
1490,start_previous,100,100
1490,length_previous,100,100
1491,start,7161,7161
1491,length,1280,1280
1491,fade,241,241
1491,start_plus_old_fade,16160,16160
1491,end,476,476
1491,end_plus_new_fade,717,717
1491,cursor,100,100
1491,cursor_enabled,True,1
1491,start_previous,100,100
1491,length_previous,100,100
1492,start,17,17
1492,length,1280,1280
1492,fade,128,128
1492,start_plus_old_fade,5067,5067
1492,end,29,29
1492,end_plus_new_fade,157,157
1492,cursor,500,500
1492,cursor_enabled,True,1
1492,start_previous,100,100
1492,length_previous,100,100
1493,start,13552880,13552880
1493,length,1980252,1980252
1493,fade,3073,3073
1493,start_plus_old_fade,13557961,13557961
1493,end,15533132,15533132
1493,end_plus_new_fade,15536205,15536205
1493,cursor,500,500
1493,cursor_enabled,False,0
1493,start_previous,100,100
1493,length_previous,100,100
1494,start,62,62
1494,length,68,68
1494,fade,128,128
1494,start_plus_old_fade,10291,10291
1494,end,130,130
1494,end_plus_new_fade,258,258
1494,cursor,200,200
1494,cursor_enabled,False,0
1494,start_previous,100,100
1494,length_previous,100,100
1495,start,5756,5756
1495,length,31,31
1495,fade,128,128
1495,start_plus_old_fade,17516,17516
1495,end,68,68
1495,end_plus_new_fade,196,196
1495,cursor,501,501
1495,cursor_enabled,True,1
1495,start_previous,100,100
1495,length_previous,100,100
1496,start,921,921
1496,length,43,43
1496,fade,128,128
1496,start_plus_old_fade,11355,11355
1496,end,964,964
1496,end_plus_new_fade,1092,1092
1496,cursor,99,99
1496,cursor_enabled,True,1
1496,start_previous,100,100
1496,length_previous,100,100
1497,start,42480,42480
1497,length,15312,15312
1497,fade,128,128
1497,start_plus_old_fade,45550,45550
1497,end,8622,8622
1497,end_plus_new_fade,8750,8750
1497,cursor,100,100
1497,cursor_enabled,False,0
1497,start_previous,100,100
1497,length_previous,100,100
1498,start,9396581,9396581
1498,length,8827967,8827967
1498,fade,128,128
1498,start_plus_old_fade,9403319,9403319
1498,end,1447329,1447329
1498,end_plus_new_fade,1447457,1447457
1498,cursor,200,200
1498,cursor_enabled,False,0
1498,start_previous,100,100
1498,length_previous,100,100
1499,start,8715,8715
1499,length,7418,7418
1499,fade,927,927
1499,start_plus_old_fade,14470,14470
1499,end,16133,16133
1499,end_plus_new_fade,17060,17060
1499,cursor,200,200
1499,cursor_enabled,False,0
1499,start_previous,100,100
1499,length_previous,100,100
1500,start,33830,33830
1500,length,42721,42721
1500,fade,128,128
1500,start_plus_old_fade,39418,39418
1500,end,41863,41863
1500,end_plus_new_fade,41991,41991
1500,cursor,200,200
1500,cursor_enabled,True,1
1500,start_previous,100,100
1500,length_previous,100,100
1501,start,3620389,3620389
1501,length,23117338,23117338
1501,fade,256,256
1501,start_plus_old_fade,3631621,3631621
1501,end,22135673,22135673
1501,end_plus_new_fade,22135929,22135929
1501,cursor,400,400
1501,cursor_enabled,True,1
1501,start_previous,100,100
1501,length_previous,100,100
1502,start,16128,16128
1502,length,8843,8843
1502,fade,128,128
1502,start_plus_old_fade,25647,25647
1502,end,3873,3873
1502,end_plus_new_fade,4001,4001
1502,cursor,99,99
1502,cursor_enabled,False,0
1502,start_previous,100,100
1502,length_previous,100,100
1503,start,42409,42409
1503,length,33439,33439
1503,fade,128,128
1503,start_plus_old_fade,51702,51702
1503,end,39756,39756
1503,end_plus_new_fade,39884,39884
1503,cursor,500,500
1503,cursor_enabled,False,0
1503,start_previous,100,100
1503,length_previous,100,100
1504,start,712,712
1504,length,473,473
1504,fade,128,128
1504,start_plus_old_fade,9004,9004
1504,end,872,872
1504,end_plus_new_fade,1000,1000
1504,cursor,200,200
1504,cursor_enabled,False,0
1504,start_previous,100,100
1504,length_previous,100,100
1505,start,340,340
1505,length,135,135
1505,fade,128,128
1505,start_plus_old_fade,3798,3798
1505,end,475,475
1505,end_plus_new_fade,603,603
1505,cursor,500,500
1505,cursor_enabled,True,1
1505,start_previous,100,100
1505,length_previous,100,100
1506,start,65623,65623
1506,length,28594752,28594752
1506,fade,512,512
1506,start_plus_old_fade,73581,73581
1506,end,28660375,28660375
1506,end_plus_new_fade,28660887,28660887
1506,cursor,499,499
1506,cursor_enabled,False,0
1506,start_previous,100,100
1506,length_previous,100,100
1507,start,8351706,8351706
1507,length,16777218,16777218
1507,fade,128,128
1507,start_plus_old_fade,8356355,8356355
1507,end,11278,11278
1507,end_plus_new_fade,11406,11406
1507,cursor,99,99
1507,cursor_enabled,False,0
1507,start_previous,100,100
1507,length_previous,100,100
1508,start,9162,9162
1508,length,1280,1280
1508,fade,128,128
1508,start_plus_old_fade,18245,18245
1508,end,87,87
1508,end_plus_new_fade,215,215
1508,cursor,501,501
1508,cursor_enabled,False,0
1508,start_previous,100,100
1508,length_previous,100,100
1509,start,5281035,5281035
1509,length,11950951,11950951
1509,fade,128,128
1509,start_plus_old_fade,5292973,5292973
1509,end,7245227,7245227
1509,end_plus_new_fade,7245355,7245355
1509,cursor,100,100
1509,cursor_enabled,False,0
1509,start_previous,100,100
1509,length_previous,100,100
1510,start,5108960,5108960
1510,length,2536043,2536043
1510,fade,128,128
1510,start_plus_old_fade,5119957,5119957
1510,end,3884285,3884285
1510,end_plus_new_fade,3884413,3884413
1510,cursor,200,200
1510,cursor_enabled,True,1
1510,start_previous,100,100
1510,length_previous,100,100
1511,start,34004,34004
1511,length,34184,34184
1511,fade,128,128
1511,start_plus_old_fade,37336,37336
1511,end,46457,46457
1511,end_plus_new_fade,46585,46585
1511,cursor,499,499
1511,cursor_enabled,False,0
1511,start_previous,100,100
1511,length_previous,100,100
1512,start,3411202,3411202
1512,length,14073198,14073198
1512,fade,128,128
1512,start_plus_old_fade,3423136,3423136
1512,end,9706303,9706303
1512,end_plus_new_fade,9706431,9706431
1512,cursor,501,501
1512,cursor_enabled,False,0
1512,start_previous,100,100
1512,length_previous,100,100
1513,start,4724,4724
1513,length,8317,8317
1513,fade,2614,2614
1513,start_plus_old_fade,11613,11613
1513,end,2888,2888
1513,end_plus_new_fade,5502,5502
1513,cursor,400,400
1513,cursor_enabled,True,1
1513,start_previous,100,100
1513,length_previous,100,100
1514,start,36697,36697
1514,length,32383,32383
1514,fade,128,128
1514,start_plus_old_fade,37408,37408
1514,end,3589,3589
1514,end_plus_new_fade,3717,3717
1514,cursor,99,99
1514,cursor_enabled,True,1
1514,start_previous,100,100
1514,length_previous,100,100
1515,start,6477,6477
1515,length,1280,1280
1515,fade,128,128
1515,start_plus_old_fade,7996,7996
1515,end,368,368
1515,end_plus_new_fade,496,496
1515,cursor,499,499
1515,cursor_enabled,True,1
1515,start_previous,100,100
1515,length_previous,100,100
1516,start,117,117
1516,length,9,9
1516,fade,128,128
1516,start_plus_old_fade,9593,9593
1516,end,126,126
1516,end_plus_new_fade,254,254
1516,cursor,200,200
1516,cursor_enabled,False,0
1516,start_previous,100,100
1516,length_previous,100,100
1517,start,270402,270402
1517,length,1925590,1925590
1517,fade,6147,6147
1517,start_plus_old_fade,279302,279302
1517,end,13411002,13411002
1517,end_plus_new_fade,13417149,13417149
1517,cursor,99,99
1517,cursor_enabled,False,0
1517,start_previous,100,100
1517,length_previous,100,100
1518,start,0,0
1518,length,1280,1280
1518,fade,128,128
1518,start_plus_old_fade,11159,11159
1518,end,939,939
1518,end_plus_new_fade,1067,1067
1518,cursor,499,499
1518,cursor_enabled,True,1
1518,start_previous,100,100
1518,length_previous,100,100
1519,start,1016,1016
1519,length,128,128
1519,fade,128,128
1519,start_plus_old_fade,5283,5283
1519,end,23,23
1519,end_plus_new_fade,151,151
1519,cursor,200,200
1519,cursor_enabled,False,0
1519,start_previous,100,100
1519,length_previous,100,100
1520,start,3050402,3050402
1520,length,5231870,5231870
1520,fade,256,256
1520,start_plus_old_fade,3060533,3060533
1520,end,43561,43561
1520,end_plus_new_fade,43817,43817
1520,cursor,200,200
1520,cursor_enabled,True,1
1520,start_previous,100,100
1520,length_previous,100,100
1521,start,78,78
1521,length,97,97
1521,fade,128,128
1521,start_plus_old_fade,9478,9478
1521,end,175,175
1521,end_plus_new_fade,303,303
1521,cursor,200,200
1521,cursor_enabled,True,1
1521,start_previous,100,100
1521,length_previous,100,100
1522,start,3430488,3430488
1522,length,8327717,8327717
1522,fade,128,128
1522,start_plus_old_fade,3439740,3439740
1522,end,3598901,3598901
1522,end_plus_new_fade,3599029,3599029
1522,cursor,500,500
1522,cursor_enabled,False,0
1522,start_previous,100,100
1522,length_previous,100,100
1523,start,26193,26193
1523,length,27400,27400
1523,fade,12292,12292
1523,start_plus_old_fade,32107,32107
1523,end,4423,4423
1523,end_plus_new_fade,16715,16715
1523,cursor,100,100
1523,cursor_enabled,False,0
1523,start_previous,100,100
1523,length_previous,100,100
1524,start,12660809,12660809
1524,length,4945080,4945080
1524,fade,128,128
1524,start_plus_old_fade,12664230,12664230
1524,end,16584546,16584546
1524,end_plus_new_fade,16584674,16584674
1524,cursor,101,101
1524,cursor_enabled,False,0
1524,start_previous,100,100
1524,length_previous,100,100
1525,start,5110,5110
1525,length,1022,1022
1525,fade,128,128
1525,start_plus_old_fade,16850,16850
1525,end,355,355
1525,end_plus_new_fade,483,483
1525,cursor,100,100
1525,cursor_enabled,True,1
1525,start_previous,100,100
1525,length_previous,100,100
1526,start,90134,90134
1526,length,12585987,12585987
1526,fade,128,128
1526,start_plus_old_fade,100771,100771
1526,end,15218185,15218185
1526,end_plus_new_fade,15218313,15218313
1526,cursor,100,100
1526,cursor_enabled,True,1
1526,start_previous,100,100
1526,length_previous,100,100
1527,start,0,0
1527,length,5100366,5100366
1527,fade,512,512
1527,start_plus_old_fade,9569,9569
1527,end,8278672,8278672
1527,end_plus_new_fade,8279184,8279184
1527,cursor,101,101
1527,cursor_enabled,False,0
1527,start_previous,100,100
1527,length_previous,100,100
1528,start,10017,10017
1528,length,128,128
1528,fade,128,128
1528,start_plus_old_fade,14209,14209
1528,end,42,42
1528,end_plus_new_fade,170,170
1528,cursor,501,501
1528,cursor_enabled,False,0
1528,start_previous,100,100
1528,length_previous,100,100
1529,start,523,523
1529,length,496,496
1529,fade,128,128
1529,start_plus_old_fade,5093,5093
1529,end,1019,1019
1529,end_plus_new_fade,1147,1147
1529,cursor,101,101
1529,cursor_enabled,False,0
1529,start_previous,100,100
1529,length_previous,100,100
1530,start,1499,1499
1530,length,128,128
1530,fade,128,128
1530,start_plus_old_fade,11459,11459
1530,end,1687,1687
1530,end_plus_new_fade,1815,1815
1530,cursor,200,200
1530,cursor_enabled,False,0
1530,start_previous,100,100
1530,length_previous,100,100
1531,start,13463969,13463969
1531,length,12816720,12816720
1531,fade,128,128
1531,start_plus_old_fade,13470947,13470947
1531,end,9503470,9503470
1531,end_plus_new_fade,9503598,9503598
1531,cursor,99,99
1531,cursor_enabled,True,1
1531,start_previous,100,100
1531,length_previous,100,100
1532,start,32419,32419
1532,length,29693,29693
1532,fade,128,128
1532,start_plus_old_fade,33521,33521
1532,end,13413,13413
1532,end_plus_new_fade,13541,13541
1532,cursor,101,101
1532,cursor_enabled,True,1
1532,start_previous,100,100
1532,length_previous,100,100
1533,start,5529,5529
1533,length,31901,31901
1533,fade,128,128
1533,start_plus_old_fade,11914,11914
1533,end,37430,37430
1533,end_plus_new_fade,37558,37558
1533,cursor,200,200
1533,cursor_enabled,True,1
1533,start_previous,100,100
1533,length_previous,100,100
1534,start,7098,7098
1534,length,866,866
1534,fade,128,128
1534,start_plus_old_fade,11707,11707
1534,end,765,765
1534,end_plus_new_fade,893,893
1534,cursor,400,400
1534,cursor_enabled,True,1
1534,start_previous,100,100
1534,length_previous,100,100
1535,start,0,0
1535,length,403,403
1535,fade,128,128
1535,start_plus_old_fade,3150,3150
1535,end,397,397
1535,end_plus_new_fade,525,525
1535,cursor,499,499
1535,cursor_enabled,False,0
1535,start_previous,100,100
1535,length_previous,100,100
1536,start,9296096,9296096
1536,length,10553874,10553874
1536,fade,12292,12292
1536,start_plus_old_fade,9307446,9307446
1536,end,8955983,8955983
1536,end_plus_new_fade,8968275,8968275
1536,cursor,500,500
1536,cursor_enabled,True,1
1536,start_previous,100,100
1536,length_previous,100,100
1537,start,10221,10221
1537,length,49167,49167
1537,fade,128,128
1537,start_plus_old_fade,13381,13381
1537,end,36612,36612
1537,end_plus_new_fade,36740,36740
1537,cursor,400,400
1537,cursor_enabled,True,1
1537,start_previous,100,100
1537,length_previous,100,100
1538,start,1311657,1311657
1538,length,18333944,18333944
1538,fade,128,128
1538,start_plus_old_fade,1318588,1318588
1538,end,2185643,2185643
1538,end_plus_new_fade,2185771,2185771
1538,cursor,499,499
1538,cursor_enabled,True,1
1538,start_previous,100,100
1538,length_previous,100,100
1539,start,40432,40432
1539,length,25691,25691
1539,fade,128,128
1539,start_plus_old_fade,47643,47643
1539,end,16953,16953
1539,end_plus_new_fade,17081,17081
1539,cursor,500,500
1539,cursor_enabled,False,0
1539,start_previous,100,100
1539,length_previous,100,100
1540,start,47008,47008
1540,length,43572,43572
1540,fade,128,128
1540,start_plus_old_fade,49620,49620
1540,end,41410,41410
1540,end_plus_new_fade,41538,41538
1540,cursor,400,400
1540,cursor_enabled,True,1
1540,start_previous,100,100
1540,length_previous,100,100
1541,start,511,511
1541,length,1280,1280
1541,fade,128,128
1541,start_plus_old_fade,9728,9728
1541,end,408,408
1541,end_plus_new_fade,536,536
1541,cursor,100,100
1541,cursor_enabled,False,0
1541,start_previous,100,100
1541,length_previous,100,100
1542,start,0,0
1542,length,16777218,16777218
1542,fade,128,128
1542,start_plus_old_fade,2870,2870
1542,end,8113968,8113968
1542,end_plus_new_fade,8114096,8114096
1542,cursor,500,500
1542,cursor_enabled,True,1
1542,start_previous,100,100
1542,length_previous,100,100
1543,start,9736534,9736534
1543,length,7297558,7297558
1543,fade,128,128
1543,start_plus_old_fade,9742180,9742180
1543,end,20190933,20190933
1543,end_plus_new_fade,20191061,20191061
1543,cursor,101,101
1543,cursor_enabled,False,0
1543,start_previous,100,100
1543,length_previous,100,100
1544,start,7384005,7384005
1544,length,16698658,16698658
1544,fade,128,128
1544,start_plus_old_fade,7390249,7390249
1544,end,21319143,21319143
1544,end_plus_new_fade,21319271,21319271
1544,cursor,100,100
1544,cursor_enabled,True,1
1544,start_previous,100,100
1544,length_previous,100,100
1545,start,16334412,16334412
1545,length,2220574,2220574
1545,fade,128,128
1545,start_plus_old_fade,16346553,16346553
1545,end,524257,524257
1545,end_plus_new_fade,524385,524385
1545,cursor,500,500
1545,cursor_enabled,True,1
1545,start_previous,100,100
1545,length_previous,100,100
1546,start,6920,6920
1546,length,2633,2633
1546,fade,256,256
1546,start_plus_old_fade,18079,18079
1546,end,9553,9553
1546,end_plus_new_fade,9809,9809
1546,cursor,500,500
1546,cursor_enabled,True,1
1546,start_previous,100,100
1546,length_previous,100,100
1547,start,14774164,14774164
1547,length,27086692,27086692
1547,fade,6147,6147
1547,start_plus_old_fade,14783696,14783696
1547,end,6704116,6704116
1547,end_plus_new_fade,6710263,6710263
1547,cursor,501,501
1547,cursor_enabled,False,0
1547,start_previous,100,100
1547,length_previous,100,100
1548,start,12060,12060
1548,length,1280,1280
1548,fade,128,128
1548,start_plus_old_fade,20537,20537
1548,end,134,134
1548,end_plus_new_fade,262,262
1548,cursor,101,101
1548,cursor_enabled,False,0
1548,start_previous,100,100
1548,length_previous,100,100
1549,start,8334,8334
1549,length,945,945
1549,fade,128,128
1549,start_plus_old_fade,11852,11852
1549,end,85,85
1549,end_plus_new_fade,213,213
1549,cursor,500,500
1549,cursor_enabled,False,0
1549,start_previous,100,100
1549,length_previous,100,100
1550,start,21,21
1550,length,32,32
1550,fade,128,128
1550,start_plus_old_fade,11304,11304
1550,end,53,53
1550,end_plus_new_fade,181,181
1550,cursor,499,499
1550,cursor_enabled,False,0
1550,start_previous,100,100
1550,length_previous,100,100
1551,start,8515019,8515019
1551,length,7650550,7650550
1551,fade,512,512
1551,start_plus_old_fade,8520914,8520914
1551,end,3563522,3563522
1551,end_plus_new_fade,3564034,3564034
1551,cursor,499,499
1551,cursor_enabled,False,0
1551,start_previous,100,100
1551,length_previous,100,100
1552,start,432,432
1552,length,7756,7756
1552,fade,128,128
1552,start_plus_old_fade,2446,2446
1552,end,7965,7965
1552,end_plus_new_fade,8093,8093
1552,cursor,200,200
1552,cursor_enabled,True,1
1552,start_previous,100,100
1552,length_previous,100,100
1553,start,9220863,9220863
1553,length,305004,305004
1553,fade,128,128
1553,start_plus_old_fade,9225928,9225928
1553,end,9525867,9525867
1553,end_plus_new_fade,9525995,9525995
1553,cursor,499,499
1553,cursor_enabled,False,0
1553,start_previous,100,100
1553,length_previous,100,100
1554,start,360,360
1554,length,360,360
1554,fade,128,128
1554,start_plus_old_fade,7793,7793
1554,end,720,720
1554,end_plus_new_fade,848,848
1554,cursor,101,101
1554,cursor_enabled,True,1
1554,start_previous,100,100
1554,length_previous,100,100
1555,start,9323407,9323407
1555,length,16236414,16236414
1555,fade,128,128
1555,start_plus_old_fade,9326700,9326700
1555,end,5306300,5306300
1555,end_plus_new_fade,5306428,5306428
1555,cursor,101,101
1555,cursor_enabled,False,0
1555,start_previous,100,100
1555,length_previous,100,100
1556,start,980867,980867
1556,length,6033072,6033072
1556,fade,128,128
1556,start_plus_old_fade,992948,992948
1556,end,7013939,7013939
1556,end_plus_new_fade,7014067,7014067
1556,cursor,99,99
1556,cursor_enabled,False,0
1556,start_previous,100,100
1556,length_previous,100,100
1557,start,12283609,12283609
1557,length,7968666,7968666
1557,fade,128,128
1557,start_plus_old_fade,12284907,12284907
1557,end,5991023,5991023
1557,end_plus_new_fade,5991151,5991151
1557,cursor,400,400
1557,cursor_enabled,True,1
1557,start_previous,100,100
1557,length_previous,100,100
1558,start,31519,31519
1558,length,32611,32611
1558,fade,128,128
1558,start_plus_old_fade,40256,40256
1558,end,3481,3481
1558,end_plus_new_fade,3609,3609
1558,cursor,99,99
1558,cursor_enabled,True,1
1558,start_previous,100,100
1558,length_previous,100,100
1559,start,945,945
1559,length,1280,1280
1559,fade,128,128
1559,start_plus_old_fade,10740,10740
1559,end,987,987
1559,end_plus_new_fade,1115,1115
1559,cursor,200,200
1559,cursor_enabled,True,1
1559,start_previous,100,100
1559,length_previous,100,100
1560,start,0,0
1560,length,45,45
1560,fade,128,128
1560,start_plus_old_fade,9593,9593
1560,end,7,7
1560,end_plus_new_fade,135,135
1560,cursor,499,499
1560,cursor_enabled,False,0
1560,start_previous,100,100
1560,length_previous,100,100
1561,start,21692796,21692796
1561,length,17347010,17347010
1561,fade,128,128
1561,start_plus_old_fade,21695359,21695359
1561,end,23720447,23720447
1561,end_plus_new_fade,23720575,23720575
1561,cursor,500,500
1561,cursor_enabled,True,1
1561,start_previous,100,100
1561,length_previous,100,100
1562,start,6869162,6869162
1562,length,8388609,8388609
1562,fade,128,128
1562,start_plus_old_fade,6870399,6870399
1562,end,15909599,15909599
1562,end_plus_new_fade,15909727,15909727
1562,cursor,99,99
1562,cursor_enabled,False,0
1562,start_previous,100,100
1562,length_previous,100,100
1563,start,0,0
1563,length,38062,38062
1563,fade,128,128
1563,start_plus_old_fade,5152,5152
1563,end,4657,4657
1563,end_plus_new_fade,4785,4785
1563,cursor,101,101
1563,cursor_enabled,True,1
1563,start_previous,100,100
1563,length_previous,100,100
1564,start,6291456,6291456
1564,length,6256120,6256120
1564,fade,128,128
1564,start_plus_old_fade,6299456,6299456
1564,end,13113856,13113856
1564,end_plus_new_fade,13113984,13113984
1564,cursor,99,99
1564,cursor_enabled,False,0
1564,start_previous,100,100
1564,length_previous,100,100
1565,start,5596504,5596504
1565,length,8435725,8435725
1565,fade,128,128
1565,start_plus_old_fade,5605743,5605743
1565,end,8571094,8571094
1565,end_plus_new_fade,8571222,8571222
1565,cursor,500,500
1565,cursor_enabled,False,0
1565,start_previous,100,100
1565,length_previous,100,100
1566,start,3373,3373
1566,length,3072,3072
1566,fade,128,128
1566,start_plus_old_fade,6059,6059
1566,end,12010,12010
1566,end_plus_new_fade,12138,12138
1566,cursor,500,500
1566,cursor_enabled,False,0
1566,start_previous,100,100
1566,length_previous,100,100
1567,start,87,87
1567,length,880,880
1567,fade,128,128
1567,start_plus_old_fade,7458,7458
1567,end,548,548
1567,end_plus_new_fade,676,676
1567,cursor,101,101
1567,cursor_enabled,False,0
1567,start_previous,100,100
1567,length_previous,100,100
1568,start,7297,7297
1568,length,12292,12292
1568,fade,128,128
1568,start_plus_old_fade,8453,8453
1568,end,3155,3155
1568,end_plus_new_fade,3283,3283
1568,cursor,200,200
1568,cursor_enabled,False,0
1568,start_previous,100,100
1568,length_previous,100,100
1569,start,29922,29922
1569,length,2653,2653
1569,fade,128,128
1569,start_plus_old_fade,36023,36023
1569,end,14855,14855
1569,end_plus_new_fade,14983,14983
1569,cursor,100,100
1569,cursor_enabled,True,1
1569,start_previous,100,100
1569,length_previous,100,100
1570,start,3292302,3292302
1570,length,3207951,3207951
1570,fade,128,128
1570,start_plus_old_fade,3299388,3299388
1570,end,3805783,3805783
1570,end_plus_new_fade,3805911,3805911
1570,cursor,499,499
1570,cursor_enabled,False,0
1570,start_previous,100,100
1570,length_previous,100,100
1571,start,16442704,16442704
1571,length,7093555,7093555
1571,fade,128,128
1571,start_plus_old_fade,16450913,16450913
1571,end,6759040,6759040
1571,end_plus_new_fade,6759168,6759168
1571,cursor,101,101
1571,cursor_enabled,True,1
1571,start_previous,100,100
1571,length_previous,100,100
1572,start,31,31
1572,length,1,1
1572,fade,128,128
1572,start_plus_old_fade,7414,7414
1572,end,79,79
1572,end_plus_new_fade,207,207
1572,cursor,499,499
1572,cursor_enabled,False,0
1572,start_previous,100,100
1572,length_previous,100,100
1573,start,113,113
1573,length,25,25
1573,fade,128,128
1573,start_plus_old_fade,7559,7559
1573,end,138,138
1573,end_plus_new_fade,266,266
1573,cursor,501,501
1573,cursor_enabled,True,1
1573,start_previous,100,100
1573,length_previous,100,100
1574,start,19177277,19177277
1574,length,10274337,10274337
1574,fade,128,128
1574,start_plus_old_fade,19183040,19183040
1574,end,29451614,29451614
1574,end_plus_new_fade,29451742,29451742
1574,cursor,500,500
1574,cursor_enabled,True,1
1574,start_previous,100,100
1574,length_previous,100,100
1575,start,10361347,10361347
1575,length,12023379,12023379
1575,fade,512,512
1575,start_plus_old_fade,10367451,10367451
1575,end,22384726,22384726
1575,end_plus_new_fade,22385238,22385238
1575,cursor,100,100
1575,cursor_enabled,False,0
1575,start_previous,100,100
1575,length_previous,100,100
1576,start,10039224,10039224
1576,length,28779610,28779610
1576,fade,128,128
1576,start_plus_old_fade,10050822,10050822
1576,end,18091429,18091429
1576,end_plus_new_fade,18091557,18091557
1576,cursor,101,101
1576,cursor_enabled,False,0
1576,start_previous,100,100
1576,length_previous,100,100
1577,start,46215,46215
1577,length,19943,19943
1577,fade,128,128
1577,start_plus_old_fade,53028,53028
1577,end,16988,16988
1577,end_plus_new_fade,17116,17116
1577,cursor,499,499
1577,cursor_enabled,True,1
1577,start_previous,100,100
1577,length_previous,100,100
1578,start,28652,28652
1578,length,24818,24818
1578,fade,128,128
1578,start_plus_old_fade,40745,40745
1578,end,7229,7229
1578,end_plus_new_fade,7357,7357
1578,cursor,500,500
1578,cursor_enabled,True,1
1578,start_previous,100,100
1578,length_previous,100,100
1579,start,6965,6965
1579,length,127,127
1579,fade,128,128
1579,start_plus_old_fade,13173,13173
1579,end,165,165
1579,end_plus_new_fade,293,293
1579,cursor,200,200
1579,cursor_enabled,True,1
1579,start_previous,100,100
1579,length_previous,100,100
1580,start,4995,4995
1580,length,10391,10391
1580,fade,128,128
1580,start_plus_old_fade,10695,10695
1580,end,11166,11166
1580,end_plus_new_fade,11294,11294
1580,cursor,500,500
1580,cursor_enabled,False,0
1580,start_previous,100,100
1580,length_previous,100,100
1581,start,11062494,11062494
1581,length,14749992,14749992
1581,fade,128,128
1581,start_plus_old_fade,11070859,11070859
1581,end,5438281,5438281
1581,end_plus_new_fade,5438409,5438409
1581,cursor,101,101
1581,cursor_enabled,False,0
1581,start_previous,100,100
1581,length_previous,100,100
1582,start,42,42
1582,length,1280,1280
1582,fade,128,128
1582,start_plus_old_fade,7659,7659
1582,end,129,129
1582,end_plus_new_fade,257,257
1582,cursor,200,200
1582,cursor_enabled,True,1
1582,start_previous,100,100
1582,length_previous,100,100
1583,start,8519,8519
1583,length,8613,8613
1583,fade,128,128
1583,start_plus_old_fade,11185,11185
1583,end,4839,4839
1583,end_plus_new_fade,4967,4967
1583,cursor,99,99
1583,cursor_enabled,True,1
1583,start_previous,100,100
1583,length_previous,100,100
1584,start,0,0
1584,length,23600000,23600000
1584,fade,128,128
1584,start_plus_old_fade,5874,5874
1584,end,9855563,9855563
1584,end_plus_new_fade,9855691,9855691
1584,cursor,200,200
1584,cursor_enabled,True,1
1584,start_previous,100,100
1584,length_previous,100,100
1585,start,5566770,5566770
1585,length,12057926,12057926
1585,fade,6147,6147
1585,start_plus_old_fade,5578677,5578677
1585,end,847477,847477
1585,end_plus_new_fade,853624,853624
1585,cursor,200,200
1585,cursor_enabled,False,0
1585,start_previous,100,100
1585,length_previous,100,100
1586,start,111,111
1586,length,377,377
1586,fade,128,128
1586,start_plus_old_fade,11462,11462
1586,end,488,488
1586,end_plus_new_fade,616,616
1586,cursor,99,99
1586,cursor_enabled,False,0
1586,start_previous,100,100
1586,length_previous,100,100
1587,start,25858390,25858390
1587,length,22054872,22054872
1587,fade,256,256
1587,start_plus_old_fade,25870613,25870613
1587,end,18413262,18413262
1587,end_plus_new_fade,18413518,18413518
1587,cursor,100,100
1587,cursor_enabled,True,1
1587,start_previous,100,100
1587,length_previous,100,100
1588,start,0,0
1588,length,2410,2410
1588,fade,128,128
1588,start_plus_old_fade,9628,9628
1588,end,2262,2262
1588,end_plus_new_fade,2390,2390
1588,cursor,100,100
1588,cursor_enabled,True,1
1588,start_previous,100,100
1588,length_previous,100,100
1589,start,19989831,19989831
1589,length,10317081,10317081
1589,fade,128,128
1589,start_plus_old_fade,19994711,19994711
1589,end,806912,806912
1589,end_plus_new_fade,807040,807040
1589,cursor,501,501
1589,cursor_enabled,False,0
1589,start_previous,100,100
1589,length_previous,100,100
1590,start,3162885,3162885
1590,length,5592406,5592406
1590,fade,128,128
1590,start_plus_old_fade,3165504,3165504
1590,end,6008578,6008578
1590,end_plus_new_fade,6008706,6008706
1590,cursor,500,500
1590,cursor_enabled,True,1
1590,start_previous,100,100
1590,length_previous,100,100
1591,start,5410,5410
1591,length,1280,1280
1591,fade,128,128
1591,start_plus_old_fade,7969,7969
1591,end,212,212
1591,end_plus_new_fade,340,340
1591,cursor,100,100
1591,cursor_enabled,True,1
1591,start_previous,100,100
1591,length_previous,100,100
1592,start,1364,1364
1592,length,147,147
1592,fade,128,128
1592,start_plus_old_fade,7632,7632
1592,end,401,401
1592,end_plus_new_fade,529,529
1592,cursor,501,501
1592,cursor_enabled,True,1
1592,start_previous,100,100
1592,length_previous,100,100
1593,start,8824787,8824787
1593,length,10243956,10243956
1593,fade,128,128
1593,start_plus_old_fade,8834215,8834215
1593,end,23458575,23458575
1593,end_plus_new_fade,23458703,23458703
1593,cursor,99,99
1593,cursor_enabled,True,1
1593,start_previous,100,100
1593,length_previous,100,100
1594,start,3797920,3797920
1594,length,8341493,8341493
1594,fade,128,128
1594,start_plus_old_fade,3802858,3802858
1594,end,2912128,2912128
1594,end_plus_new_fade,2912256,2912256
1594,cursor,99,99
1594,cursor_enabled,False,0
1594,start_previous,100,100
1594,length_previous,100,100
1595,start,26142608,26142608
1595,length,4617704,4617704
1595,fade,128,128
1595,start_plus_old_fade,26145620,26145620
1595,end,7736112,7736112
1595,end_plus_new_fade,7736240,7736240
1595,cursor,400,400
1595,cursor_enabled,True,1
1595,start_previous,100,100
1595,length_previous,100,100
1596,start,17664,17664
1596,length,6912,6912
1596,fade,128,128
1596,start_plus_old_fade,24552,24552
1596,end,8597,8597
1596,end_plus_new_fade,8725,8725
1596,cursor,101,101
1596,cursor_enabled,False,0
1596,start_previous,100,100
1596,length_previous,100,100
1597,start,8388609,8388609
1597,length,454687,454687
1597,fade,6147,6147
1597,start_plus_old_fade,8397502,8397502
1597,end,8843296,8843296
1597,end_plus_new_fade,8849443,8849443
1597,cursor,499,499
1597,cursor_enabled,True,1
1597,start_previous,100,100
1597,length_previous,100,100
1598,start,9519,9519
1598,length,7390,7390
1598,fade,128,128
1598,start_plus_old_fade,16526,16526
1598,end,4517,4517
1598,end_plus_new_fade,4645,4645
1598,cursor,200,200
1598,cursor_enabled,True,1
1598,start_previous,100,100
1598,length_previous,100,100
1599,start,5592406,5592406
1599,length,2245156,2245156
1599,fade,128,128
1599,start_plus_old_fade,5594219,5594219
1599,end,13680023,13680023
1599,end_plus_new_fade,13680151,13680151
1599,cursor,500,500
1599,cursor_enabled,False,0
1599,start_previous,100,100
1599,length_previous,100,100
1600,start,23530558,23530558
1600,length,5531247,5531247
1600,fade,12292,12292
1600,start_plus_old_fade,23536211,23536211
1600,end,20197014,20197014
1600,end_plus_new_fade,20209306,20209306
1600,cursor,100,100
1600,cursor_enabled,True,1
1600,start_previous,100,100
1600,length_previous,100,100
1601,start,12134,12134
1601,length,36,36
1601,fade,128,128
1601,start_plus_old_fade,14340,14340
1601,end,68,68
1601,end_plus_new_fade,196,196
1601,cursor,500,500
1601,cursor_enabled,False,0
1601,start_previous,100,100
1601,length_previous,100,100
1602,start,6940,6940
1602,length,657,657
1602,fade,164,164
1602,start_plus_old_fade,13719,13719
1602,end,7597,7597
1602,end_plus_new_fade,7761,7761
1602,cursor,99,99
1602,cursor_enabled,False,0
1602,start_previous,100,100
1602,length_previous,100,100
1603,start,77,77
1603,length,20,20
1603,fade,128,128
1603,start_plus_old_fade,3791,3791
1603,end,97,97
1603,end_plus_new_fade,225,225
1603,cursor,101,101
1603,cursor_enabled,True,1
1603,start_previous,100,100
1603,length_previous,100,100
1604,start,78,78
1604,length,1280,1280
1604,fade,128,128
1604,start_plus_old_fade,8667,8667
1604,end,336,336
1604,end_plus_new_fade,464,464
1604,cursor,99,99
1604,cursor_enabled,False,0
1604,start_previous,100,100
1604,length_previous,100,100
1605,start,0,0
1605,length,21518072,21518072
1605,fade,128,128
1605,start_plus_old_fade,4260,4260
1605,end,21541741,21541741
1605,end_plus_new_fade,21541869,21541869
1605,cursor,200,200
1605,cursor_enabled,True,1
1605,start_previous,100,100
1605,length_previous,100,100
1606,start,735,735
1606,length,45167,45167
1606,fade,3073,3073
1606,start_plus_old_fade,1796,1796
1606,end,45902,45902
1606,end_plus_new_fade,48975,48975
1606,cursor,99,99
1606,cursor_enabled,True,1
1606,start_previous,100,100
1606,length_previous,100,100
1607,start,16114416,16114416
1607,length,4517863,4517863
1607,fade,6147,6147
1607,start_plus_old_fade,16120468,16120468
1607,end,3855060,3855060
1607,end_plus_new_fade,3861207,3861207
1607,cursor,100,100
1607,cursor_enabled,False,0
1607,start_previous,100,100
1607,length_previous,100,100
1608,start,13970,13970
1608,length,9626,9626
1608,fade,128,128
1608,start_plus_old_fade,16777,16777
1608,end,2635,2635
1608,end_plus_new_fade,2763,2763
1608,cursor,499,499
1608,cursor_enabled,False,0
1608,start_previous,100,100
1608,length_previous,100,100
1609,start,16897,16897
1609,length,43741,43741
1609,fade,128,128
1609,start_plus_old_fade,18860,18860
1609,end,30979,30979
1609,end_plus_new_fade,31107,31107
1609,cursor,200,200
1609,cursor_enabled,False,0
1609,start_previous,100,100
1609,length_previous,100,100
1610,start,189,189
1610,length,1280,1280
1610,fade,128,128
1610,start_plus_old_fade,7531,7531
1610,end,777,777
1610,end_plus_new_fade,905,905
1610,cursor,499,499
1610,cursor_enabled,True,1
1610,start_previous,100,100
1610,length_previous,100,100
1611,start,109,109
1611,length,9,9
1611,fade,128,128
1611,start_plus_old_fade,5098,5098
1611,end,118,118
1611,end_plus_new_fade,246,246
1611,cursor,501,501
1611,cursor_enabled,True,1
1611,start_previous,100,100
1611,length_previous,100,100
1612,start,13868349,13868349
1612,length,7325437,7325437
1612,fade,3073,3073
1612,start_plus_old_fade,13868940,13868940
1612,end,6470233,6470233
1612,end_plus_new_fade,6473306,6473306
1612,cursor,101,101
1612,cursor_enabled,False,0
1612,start_previous,100,100
1612,length_previous,100,100
1613,start,857,857
1613,length,1280,1280
1613,fade,186,186
1613,start_plus_old_fade,4749,4749
1613,end,579,579
1613,end_plus_new_fade,765,765
1613,cursor,501,501
1613,cursor_enabled,False,0
1613,start_previous,100,100
1613,length_previous,100,100
1614,start,6536,6536
1614,length,1280,1280
1614,fade,128,128
1614,start_plus_old_fade,18291,18291
1614,end,898,898
1614,end_plus_new_fade,1026,1026
1614,cursor,101,101
1614,cursor_enabled,False,0
1614,start_previous,100,100
1614,length_previous,100,100
1615,start,5865,5865
1615,length,11097,11097
1615,fade,128,128
1615,start_plus_old_fade,12481,12481
1615,end,3485,3485
1615,end_plus_new_fade,3613,3613
1615,cursor,500,500
1615,cursor_enabled,False,0
1615,start_previous,100,100
1615,length_previous,100,100
1616,start,7075521,7075521
1616,length,16777218,16777218
1616,fade,128,128
1616,start_plus_old_fade,7079986,7079986
1616,end,2726104,2726104
1616,end_plus_new_fade,2726232,2726232
1616,cursor,100,100
1616,cursor_enabled,False,0
1616,start_previous,100,100
1616,length_previous,100,100
1617,start,2695,2695
1617,length,12292,12292
1617,fade,512,512
1617,start_plus_old_fade,14288,14288
1617,end,7467,7467
1617,end_plus_new_fade,7979,7979
1617,cursor,101,101
1617,cursor_enabled,True,1
1617,start_previous,100,100
1617,length_previous,100,100
1618,start,27158730,27158730
1618,length,27799878,27799878
1618,fade,128,128
1618,start_plus_old_fade,27160726,27160726
1618,end,19888634,19888634
1618,end_plus_new_fade,19888762,19888762
1618,cursor,200,200
1618,cursor_enabled,True,1
1618,start_previous,100,100
1618,length_previous,100,100
1619,start,0,0
1619,length,8030121,8030121
1619,fade,128,128
1619,start_plus_old_fade,6888,6888
1619,end,14062788,14062788
1619,end_plus_new_fade,14062916,14062916
1619,cursor,499,499
1619,cursor_enabled,False,0
1619,start_previous,100,100
1619,length_previous,100,100
1620,start,24119,24119
1620,length,11850,11850
1620,fade,128,128
1620,start_plus_old_fade,34687,34687
1620,end,32359,32359
1620,end_plus_new_fade,32487,32487
1620,cursor,500,500
1620,cursor_enabled,True,1
1620,start_previous,100,100
1620,length_previous,100,100
1621,start,10467,10467
1621,length,2956,2956
1621,fade,206,206
1621,start_plus_old_fade,14752,14752
1621,end,11294,11294
1621,end_plus_new_fade,11500,11500
1621,cursor,501,501
1621,cursor_enabled,False,0
1621,start_previous,100,100
1621,length_previous,100,100
1622,start,1512,1512
1622,length,1280,1280
1622,fade,128,128
1622,start_plus_old_fade,12140,12140
1622,end,1526,1526
1622,end_plus_new_fade,1654,1654
1622,cursor,101,101
1622,cursor_enabled,True,1
1622,start_previous,100,100
1622,length_previous,100,100
1623,start,96,96
1623,length,65,65
1623,fade,128,128
1623,start_plus_old_fade,3826,3826
1623,end,161,161
1623,end_plus_new_fade,289,289
1623,cursor,501,501
1623,cursor_enabled,False,0
1623,start_previous,100,100
1623,length_previous,100,100
1624,start,1536,1536
1624,length,7111,7111
1624,fade,256,256
1624,start_plus_old_fade,11119,11119
1624,end,10601,10601
1624,end_plus_new_fade,10857,10857
1624,cursor,100,100
1624,cursor_enabled,True,1
1624,start_previous,100,100
1624,length_previous,100,100
1625,start,11026614,11026614
1625,length,16777216,16777216
1625,fade,3073,3073
1625,start_plus_old_fade,11027874,11027874
1625,end,9692547,9692547
1625,end_plus_new_fade,9695620,9695620
1625,cursor,99,99
1625,cursor_enabled,False,0
1625,start_previous,100,100
1625,length_previous,100,100
1626,start,532,532
1626,length,854,854
1626,fade,128,128
1626,start_plus_old_fade,1625,1625
1626,end,362,362
1626,end_plus_new_fade,490,490
1626,cursor,499,499
1626,cursor_enabled,True,1
1626,start_previous,100,100
1626,length_previous,100,100
1627,start,0,0
1627,length,5076184,5076184
1627,fade,3073,3073
1627,start_plus_old_fade,8723,8723
1627,end,7084492,7084492
1627,end_plus_new_fade,7087565,7087565
1627,cursor,100,100
1627,cursor_enabled,True,1
1627,start_previous,100,100
1627,length_previous,100,100
1628,start,14749996,14749996
1628,length,7670653,7670653
1628,fade,128,128
1628,start_plus_old_fade,14760180,14760180
1628,end,22420649,22420649
1628,end_plus_new_fade,22420777,22420777
1628,cursor,499,499
1628,cursor_enabled,True,1
1628,start_previous,100,100
1628,length_previous,100,100
1629,start,69,69
1629,length,51,51
1629,fade,128,128
1629,start_plus_old_fade,11785,11785
1629,end,55,55
1629,end_plus_new_fade,183,183
1629,cursor,100,100
1629,cursor_enabled,True,1
1629,start_previous,100,100
1629,length_previous,100,100
1630,start,2239,2239
1630,length,7291,7291
1630,fade,128,128
1630,start_plus_old_fade,6185,6185
1630,end,9530,9530
1630,end_plus_new_fade,9658,9658
1630,cursor,500,500
1630,cursor_enabled,False,0
1630,start_previous,100,100
1630,length_previous,100,100
1631,start,1110,1110
1631,length,95,95
1631,fade,128,128
1631,start_plus_old_fade,10392,10392
1631,end,1,1
1631,end_plus_new_fade,129,129
1631,cursor,100,100
1631,cursor_enabled,False,0
1631,start_previous,100,100
1631,length_previous,100,100
1632,start,6568,6568
1632,length,1005,1005
1632,fade,128,128
1632,start_plus_old_fade,11187,11187
1632,end,5388,5388
1632,end_plus_new_fade,5516,5516
1632,cursor,99,99
1632,cursor_enabled,True,1
1632,start_previous,100,100
1632,length_previous,100,100
1633,start,0,0
1633,length,3998,3998
1633,fade,128,128
1633,start_plus_old_fade,9002,9002
1633,end,21353,21353
1633,end_plus_new_fade,21481,21481
1633,cursor,99,99
1633,cursor_enabled,False,0
1633,start_previous,100,100
1633,length_previous,100,100
1634,start,27841474,27841474
1634,length,852797,852797
1634,fade,512,512
1634,start_plus_old_fade,27841813,27841813
1634,end,28694271,28694271
1634,end_plus_new_fade,28694783,28694783
1634,cursor,100,100
1634,cursor_enabled,False,0
1634,start_previous,100,100
1634,length_previous,100,100
1635,start,4780603,4780603
1635,length,4002769,4002769
1635,fade,6147,6147
1635,start_plus_old_fade,4788138,4788138
1635,end,316086,316086
1635,end_plus_new_fade,322233,322233
1635,cursor,499,499
1635,cursor_enabled,True,1
1635,start_previous,100,100
1635,length_previous,100,100
1636,start,5217802,5217802
1636,length,22677900,22677900
1636,fade,128,128
1636,start_plus_old_fade,5227179,5227179
1636,end,19685920,19685920
1636,end_plus_new_fade,19686048,19686048
1636,cursor,99,99
1636,cursor_enabled,True,1
1636,start_previous,100,100
1636,length_previous,100,100
1637,start,18919,18919
1637,length,7324,7324
1637,fade,1831,1831
1637,start_plus_old_fade,28636,28636
1637,end,26243,26243
1637,end_plus_new_fade,28074,28074
1637,cursor,499,499
1637,cursor_enabled,False,0
1637,start_previous,100,100
1637,length_previous,100,100
1638,start,4608,4608
1638,length,8951,8951
1638,fade,128,128
1638,start_plus_old_fade,10569,10569
1638,end,13559,13559
1638,end_plus_new_fade,13687,13687
1638,cursor,200,200
1638,cursor_enabled,False,0
1638,start_previous,100,100
1638,length_previous,100,100
1639,start,33452,33452
1639,length,32778,32778
1639,fade,512,512
1639,start_plus_old_fade,36425,36425
1639,end,5618,5618
1639,end_plus_new_fade,6130,6130
1639,cursor,200,200
1639,cursor_enabled,False,0
1639,start_previous,100,100
1639,length_previous,100,100
1640,start,8194,8194
1640,length,8194,8194
1640,fade,128,128
1640,start_plus_old_fade,18956,18956
1640,end,10222,10222
1640,end_plus_new_fade,10350,10350
1640,cursor,501,501
1640,cursor_enabled,False,0
1640,start_previous,100,100
1640,length_previous,100,100
1641,start,13393097,13393097
1641,length,5117154,5117154
1641,fade,128,128
1641,start_plus_old_fade,13403450,13403450
1641,end,12242851,12242851
1641,end_plus_new_fade,12242979,12242979
1641,cursor,501,501
1641,cursor_enabled,True,1
1641,start_previous,100,100
1641,length_previous,100,100
1642,start,11555,11555
1642,length,1280,1280
1642,fade,128,128
1642,start_plus_old_fade,17357,17357
1642,end,10,10
1642,end_plus_new_fade,138,138
1642,cursor,499,499
1642,cursor_enabled,False,0
1642,start_previous,100,100
1642,length_previous,100,100
1643,start,9570,9570
1643,length,6549,6549
1643,fade,818,818
1643,start_plus_old_fade,13568,13568
1643,end,3826,3826
1643,end_plus_new_fade,4644,4644
1643,cursor,499,499
1643,cursor_enabled,False,0
1643,start_previous,100,100
1643,length_previous,100,100
1644,start,3704,3704
1644,length,3300,3300
1644,fade,128,128
1644,start_plus_old_fade,9083,9083
1644,end,7004,7004
1644,end_plus_new_fade,7132,7132
1644,cursor,99,99
1644,cursor_enabled,True,1
1644,start_previous,100,100
1644,length_previous,100,100
1645,start,0,0
1645,length,12292,12292
1645,fade,128,128
1645,start_plus_old_fade,5973,5973
1645,end,632,632
1645,end_plus_new_fade,760,760
1645,cursor,500,500
1645,cursor_enabled,True,1
1645,start_previous,100,100
1645,length_previous,100,100
1646,start,13718,13718
1646,length,8623,8623
1646,fade,128,128
1646,start_plus_old_fade,20438,20438
1646,end,3688,3688
1646,end_plus_new_fade,3816,3816
1646,cursor,501,501
1646,cursor_enabled,False,0
1646,start_previous,100,100
1646,length_previous,100,100
1647,start,8990,8990
1647,length,2383,2383
1647,fade,2302,2302
1647,start_plus_old_fade,21019,21019
1647,end,13594,13594
1647,end_plus_new_fade,15896,15896
1647,cursor,101,101
1647,cursor_enabled,True,1
1647,start_previous,100,100
1647,length_previous,100,100
1648,start,115,115
1648,length,4,4
1648,fade,128,128
1648,start_plus_old_fade,5308,5308
1648,end,119,119
1648,end_plus_new_fade,247,247
1648,cursor,500,500
1648,cursor_enabled,True,1
1648,start_previous,100,100
1648,length_previous,100,100
1649,start,39309,39309
1649,length,43558,43558
1649,fade,3073,3073
1649,start_plus_old_fade,45836,45836
1649,end,33697,33697
1649,end_plus_new_fade,36770,36770
1649,cursor,500,500
1649,cursor_enabled,True,1
1649,start_previous,100,100
1649,length_previous,100,100
1650,start,16958188,16958188
1650,length,18574096,18574096
1650,fade,128,128
1650,start_plus_old_fade,16960304,16960304
1650,end,6032284,6032284
1650,end_plus_new_fade,6032412,6032412
1650,cursor,101,101
1650,cursor_enabled,False,0
1650,start_previous,100,100
1650,length_previous,100,100
1651,start,6589,6589
1651,length,9554,9554
1651,fade,128,128
1651,start_plus_old_fade,11455,11455
1651,end,6941,6941
1651,end_plus_new_fade,7069,7069
1651,cursor,499,499
1651,cursor_enabled,True,1
1651,start_previous,100,100
1651,length_previous,100,100
1652,start,5846,5846
1652,length,6283,6283
1652,fade,785,785
1652,start_plus_old_fade,7983,7983
1652,end,12129,12129
1652,end_plus_new_fade,12914,12914
1652,cursor,500,500
1652,cursor_enabled,True,1
1652,start_previous,100,100
1652,length_previous,100,100
1653,start,20184,20184
1653,length,49169,49169
1653,fade,3838,3838
1653,start_plus_old_fade,27379,27379
1653,end,35535,35535
1653,end_plus_new_fade,39373,39373
1653,cursor,500,500
1653,cursor_enabled,False,0
1653,start_previous,100,100
1653,length_previous,100,100
1654,start,16145812,16145812
1654,length,36873,36873
1654,fade,512,512
1654,start_plus_old_fade,16157672,16157672
1654,end,9623155,9623155
1654,end_plus_new_fade,9623667,9623667
1654,cursor,499,499
1654,cursor_enabled,False,0
1654,start_previous,100,100
1654,length_previous,100,100
1655,start,9647,9647
1655,length,4097,4097
1655,fade,256,256
1655,start_plus_old_fade,19304,19304
1655,end,9372,9372
1655,end_plus_new_fade,9628,9628
1655,cursor,100,100
1655,cursor_enabled,True,1
1655,start_previous,100,100
1655,length_previous,100,100
1656,start,20262,20262
1656,length,37601,37601
1656,fade,3073,3073
1656,start_plus_old_fade,30911,30911
1656,end,8693,8693
1656,end_plus_new_fade,11766,11766
1656,cursor,499,499
1656,cursor_enabled,True,1
1656,start_previous,100,100
1656,length_previous,100,100
1657,start,23750,23750
1657,length,40031,40031
1657,fade,3073,3073
1657,start_plus_old_fade,28183,28183
1657,end,11252,11252
1657,end_plus_new_fade,14325,14325
1657,cursor,100,100
1657,cursor_enabled,False,0
1657,start_previous,100,100
1657,length_previous,100,100
1658,start,76,76
1658,length,49,49
1658,fade,128,128
1658,start_plus_old_fade,11981,11981
1658,end,125,125
1658,end_plus_new_fade,253,253
1658,cursor,499,499
1658,cursor_enabled,True,1
1658,start_previous,100,100
1658,length_previous,100,100
1659,start,996,996
1659,length,553,553
1659,fade,128,128
1659,start_plus_old_fade,2699,2699
1659,end,92,92
1659,end_plus_new_fade,220,220
1659,cursor,101,101
1659,cursor_enabled,True,1
1659,start_previous,100,100
1659,length_previous,100,100
1660,start,7441505,7441505
1660,length,5485884,5485884
1660,fade,512,512
1660,start_plus_old_fade,7444292,7444292
1660,end,10198256,10198256
1660,end_plus_new_fade,10198768,10198768
1660,cursor,101,101
1660,cursor_enabled,True,1
1660,start_previous,100,100
1660,length_previous,100,100
1661,start,17884,17884
1661,length,7030,7030
1661,fade,128,128
1661,start_plus_old_fade,22703,22703
1661,end,5594,5594
1661,end_plus_new_fade,5722,5722
1661,cursor,499,499
1661,cursor_enabled,True,1
1661,start_previous,100,100
1661,length_previous,100,100
1662,start,0,0
1662,length,14749999,14749999
1662,fade,6147,6147
1662,start_plus_old_fade,747,747
1662,end,2366709,2366709
1662,end_plus_new_fade,2372856,2372856
1662,cursor,100,100
1662,cursor_enabled,False,0
1662,start_previous,100,100
1662,length_previous,100,100
1663,start,14969720,14969720
1663,length,25812493,25812493
1663,fade,128,128
1663,start_plus_old_fade,14972877,14972877
1663,end,26779224,26779224
1663,end_plus_new_fade,26779352,26779352
1663,cursor,499,499
1663,cursor_enabled,False,0
1663,start_previous,100,100
1663,length_previous,100,100
1664,start,1913,1913
1664,length,49,49
1664,fade,128,128
1664,start_plus_old_fade,11159,11159
1664,end,1941,1941
1664,end_plus_new_fade,2069,2069
1664,cursor,101,101
1664,cursor_enabled,False,0
1664,start_previous,100,100
1664,length_previous,100,100
1665,start,1128338,1128338
1665,length,23463126,23463126
1665,fade,128,128
1665,start_plus_old_fade,1133539,1133539
1665,end,17259728,17259728
1665,end_plus_new_fade,17259856,17259856
1665,cursor,200,200
1665,cursor_enabled,False,0
1665,start_previous,100,100
1665,length_previous,100,100
1666,start,49167,49167
1666,length,17074,17074
1666,fade,128,128
1666,start_plus_old_fade,49559,49559
1666,end,41849,41849
1666,end_plus_new_fade,41977,41977
1666,cursor,500,500
1666,cursor_enabled,True,1
1666,start_previous,100,100
1666,length_previous,100,100
1667,start,19,19
1667,length,107,107
1667,fade,128,128
1667,start_plus_old_fade,2186,2186
1667,end,126,126
1667,end_plus_new_fade,254,254
1667,cursor,100,100
1667,cursor_enabled,True,1
1667,start_previous,100,100
1667,length_previous,100,100
1668,start,6907016,6907016
1668,length,9414908,9414908
1668,fade,256,256
1668,start_plus_old_fade,6907915,6907915
1668,end,15626141,15626141
1668,end_plus_new_fade,15626397,15626397
1668,cursor,499,499
1668,cursor_enabled,True,1
1668,start_previous,100,100
1668,length_previous,100,100
1669,start,7854,7854
1669,length,1280,1280
1669,fade,128,128
1669,start_plus_old_fade,8059,8059
1669,end,48,48
1669,end_plus_new_fade,176,176
1669,cursor,200,200
1669,cursor_enabled,False,0
1669,start_previous,100,100
1669,length_previous,100,100
1670,start,5954,5954
1670,length,6693,6693
1670,fade,128,128
1670,start_plus_old_fade,12874,12874
1670,end,9755,9755
1670,end_plus_new_fade,9883,9883
1670,cursor,100,100
1670,cursor_enabled,False,0
1670,start_previous,100,100
1670,length_previous,100,100
1671,start,837,837
1671,length,128,128
1671,fade,128,128
1671,start_plus_old_fade,5809,5809
1671,end,651,651
1671,end_plus_new_fade,779,779
1671,cursor,101,101
1671,cursor_enabled,False,0
1671,start_previous,100,100
1671,length_previous,100,100
1672,start,43,43
1672,length,513,513
1672,fade,180,180
1672,start_plus_old_fade,1160,1160
1672,end,404,404
1672,end_plus_new_fade,584,584
1672,cursor,200,200
1672,cursor_enabled,False,0
1672,start_previous,100,100
1672,length_previous,100,100
1673,start,0,0
1673,length,14552547,14552547
1673,fade,128,128
1673,start_plus_old_fade,2082,2082
1673,end,13016564,13016564
1673,end_plus_new_fade,13016692,13016692
1673,cursor,100,100
1673,cursor_enabled,False,0
1673,start_previous,100,100
1673,length_previous,100,100
1674,start,26898,26898
1674,length,11370,11370
1674,fade,128,128
1674,start_plus_old_fade,35553,35553
1674,end,38268,38268
1674,end_plus_new_fade,38396,38396
1674,cursor,200,200
1674,cursor_enabled,False,0
1674,start_previous,100,100
1674,length_previous,100,100
1675,start,15956803,15956803
1675,length,3207387,3207387
1675,fade,128,128
1675,start_plus_old_fade,15965354,15965354
1675,end,19164190,19164190
1675,end_plus_new_fade,19164318,19164318
1675,cursor,200,200
1675,cursor_enabled,False,0
1675,start_previous,100,100
1675,length_previous,100,100
1676,start,1487,1487
1676,length,4920,4920
1676,fade,2460,2460
1676,start_plus_old_fade,13678,13678
1676,end,6407,6407
1676,end_plus_new_fade,8867,8867
1676,cursor,501,501
1676,cursor_enabled,False,0
1676,start_previous,100,100
1676,length_previous,100,100
1677,start,23,23
1677,length,884,884
1677,fade,128,128
1677,start_plus_old_fade,6343,6343
1677,end,907,907
1677,end_plus_new_fade,1035,1035
1677,cursor,101,101
1677,cursor_enabled,False,0
1677,start_previous,100,100
1677,length_previous,100,100
1678,start,2603074,2603074
1678,length,12539936,12539936
1678,fade,128,128
1678,start_plus_old_fade,2605503,2605503
1678,end,15143010,15143010
1678,end_plus_new_fade,15143138,15143138
1678,cursor,501,501
1678,cursor_enabled,True,1
1678,start_previous,100,100
1678,length_previous,100,100
1679,start,20544,20544
1679,length,11358,11358
1679,fade,128,128
1679,start_plus_old_fade,31690,31690
1679,end,11480,11480
1679,end_plus_new_fade,11608,11608
1679,cursor,101,101
1679,cursor_enabled,True,1
1679,start_previous,100,100
1679,length_previous,100,100
1680,start,28899704,28899704
1680,length,29110990,29110990
1680,fade,6147,6147
1680,start_plus_old_fade,28900778,28900778
1680,end,24156728,24156728
1680,end_plus_new_fade,24162875,24162875
1680,cursor,200,200
1680,cursor_enabled,True,1
1680,start_previous,100,100
1680,length_previous,100,100
1681,start,580,580
1681,length,292,292
1681,fade,128,128
1681,start_plus_old_fade,1289,1289
1681,end,525,525
1681,end_plus_new_fade,653,653
1681,cursor,499,499
1681,cursor_enabled,False,0
1681,start_previous,100,100
1681,length_previous,100,100
1682,start,7027,7027
1682,length,61,61
1682,fade,128,128
1682,start_plus_old_fade,8745,8745
1682,end,122,122
1682,end_plus_new_fade,250,250
1682,cursor,501,501
1682,cursor_enabled,True,1
1682,start_previous,100,100
1682,length_previous,100,100
1683,start,12422,12422
1683,length,24684,24684
1683,fade,128,128
1683,start_plus_old_fade,15525,15525
1683,end,37106,37106
1683,end_plus_new_fade,37234,37234
1683,cursor,499,499
1683,cursor_enabled,False,0
1683,start_previous,100,100
1683,length_previous,100,100
1684,start,6551080,6551080
1684,length,14749999,14749999
1684,fade,128,128
1684,start_plus_old_fade,6563146,6563146
1684,end,13178028,13178028
1684,end_plus_new_fade,13178156,13178156
1684,cursor,501,501
1684,cursor_enabled,False,0
1684,start_previous,100,100
1684,length_previous,100,100
1685,start,12292,12292
1685,length,12273,12273
1685,fade,128,128
1685,start_plus_old_fade,17917,17917
1685,end,14355,14355
1685,end_plus_new_fade,14483,14483
1685,cursor,99,99
1685,cursor_enabled,True,1
1685,start_previous,100,100
1685,length_previous,100,100
1686,start,0,0
1686,length,176,176
1686,fade,225,225
1686,start_plus_old_fade,10413,10413
1686,end,451,451
1686,end_plus_new_fade,676,676
1686,cursor,200,200
1686,cursor_enabled,False,0
1686,start_previous,100,100
1686,length_previous,100,100
1687,start,10509,10509
1687,length,502,502
1687,fade,137,137
1687,start_plus_old_fade,17350,17350
1687,end,817,817
1687,end_plus_new_fade,954,954
1687,cursor,501,501
1687,cursor_enabled,False,0
1687,start_previous,100,100
1687,length_previous,100,100
1688,start,3505,3505
1688,length,1023,1023
1688,fade,128,128
1688,start_plus_old_fade,8531,8531
1688,end,754,754
1688,end_plus_new_fade,882,882
1688,cursor,500,500
1688,cursor_enabled,False,0
1688,start_previous,100,100
1688,length_previous,100,100
1689,start,11,11
1689,length,828,828
1689,fade,128,128
1689,start_plus_old_fade,2221,2221
1689,end,839,839
1689,end_plus_new_fade,967,967
1689,cursor,501,501
1689,cursor_enabled,True,1
1689,start_previous,100,100
1689,length_previous,100,100
1690,start,11753,11753
1690,length,511,511
1690,fade,128,128
1690,start_plus_old_fade,19716,19716
1690,end,4,4
1690,end_plus_new_fade,132,132
1690,cursor,499,499
1690,cursor_enabled,False,0
1690,start_previous,100,100
1690,length_previous,100,100
1691,start,57259,57259
1691,length,18118,18118
1691,fade,128,128
1691,start_plus_old_fade,64245,64245
1691,end,19838,19838
1691,end_plus_new_fade,19966,19966
1691,cursor,400,400
1691,cursor_enabled,True,1
1691,start_previous,100,100
1691,length_previous,100,100
1692,start,0,0
1692,length,43393,43393
1692,fade,128,128
1692,start_plus_old_fade,1704,1704
1692,end,32267,32267
1692,end_plus_new_fade,32395,32395
1692,cursor,101,101
1692,cursor_enabled,True,1
1692,start_previous,100,100
1692,length_previous,100,100
1693,start,12956009,12956009
1693,length,6813709,6813709
1693,fade,128,128
1693,start_plus_old_fade,12966347,12966347
1693,end,2992499,2992499
1693,end_plus_new_fade,2992627,2992627
1693,cursor,100,100
1693,cursor_enabled,True,1
1693,start_previous,100,100
1693,length_previous,100,100
1694,start,531000,531000
1694,length,21884790,21884790
1694,fade,128,128
1694,start_plus_old_fade,533219,533219
1694,end,22415790,22415790
1694,end_plus_new_fade,22415918,22415918
1694,cursor,99,99
1694,cursor_enabled,False,0
1694,start_previous,100,100
1694,length_previous,100,100
1695,start,5845,5845
1695,length,5402,5402
1695,fade,128,128
1695,start_plus_old_fade,9699,9699
1695,end,11247,11247
1695,end_plus_new_fade,11375,11375
1695,cursor,500,500
1695,cursor_enabled,False,0
1695,start_previous,100,100
1695,length_previous,100,100
1696,start,43481,43481
1696,length,36201,36201
1696,fade,128,128
1696,start_plus_old_fade,51140,51140
1696,end,30055,30055
1696,end_plus_new_fade,30183,30183
1696,cursor,101,101
1696,cursor_enabled,False,0
1696,start_previous,100,100
1696,length_previous,100,100
1697,start,2777475,2777475
1697,length,4853438,4853438
1697,fade,128,128
1697,start_plus_old_fade,2789445,2789445
1697,end,7630913,7630913
1697,end_plus_new_fade,7631041,7631041
1697,cursor,500,500
1697,cursor_enabled,False,0
1697,start_previous,100,100
1697,length_previous,100,100
1698,start,15232651,15232651
1698,length,3117817,3117817
1698,fade,128,128
1698,start_plus_old_fade,15234200,15234200
1698,end,2255711,2255711
1698,end_plus_new_fade,2255839,2255839
1698,cursor,200,200
1698,cursor_enabled,False,0
1698,start_previous,100,100
1698,length_previous,100,100
1699,start,7226,7226
1699,length,3268,3268
1699,fade,1634,1634
1699,start_plus_old_fade,8646,8646
1699,end,10494,10494
1699,end_plus_new_fade,12128,12128
1699,cursor,200,200
1699,cursor_enabled,False,0
1699,start_previous,100,100
1699,length_previous,100,100
1700,start,24669250,24669250
1700,length,4163858,4163858
1700,fade,3073,3073
1700,start_plus_old_fade,24680687,24680687
1700,end,6442075,6442075
1700,end_plus_new_fade,6445148,6445148
1700,cursor,101,101
1700,cursor_enabled,True,1
1700,start_previous,100,100
1700,length_previous,100,100
1701,start,9086,9086
1701,length,125,125
1701,fade,128,128
1701,start_plus_old_fade,13978,13978
1701,end,67,67
1701,end_plus_new_fade,195,195
1701,cursor,200,200
1701,cursor_enabled,True,1
1701,start_previous,100,100
1701,length_previous,100,100
1702,start,49167,49167
1702,length,25851,25851
1702,fade,128,128
1702,start_plus_old_fade,57132,57132
1702,end,3618,3618
1702,end_plus_new_fade,3746,3746
1702,cursor,500,500
1702,cursor_enabled,True,1
1702,start_previous,100,100
1702,length_previous,100,100
1703,start,4526,4526
1703,length,2983,2983
1703,fade,128,128
1703,start_plus_old_fade,9146,9146
1703,end,10552,10552
1703,end_plus_new_fade,10680,10680
1703,cursor,99,99
1703,cursor_enabled,False,0
1703,start_previous,100,100
1703,length_previous,100,100
1704,start,6988,6988
1704,length,47896,47896
1704,fade,128,128
1704,start_plus_old_fade,11316,11316
1704,end,7840,7840
1704,end_plus_new_fade,7968,7968
1704,cursor,99,99
1704,cursor_enabled,False,0
1704,start_previous,100,100
1704,length_previous,100,100
1705,start,18,18
1705,length,1280,1280
1705,fade,128,128
1705,start_plus_old_fade,8814,8814
1705,end,6,6
1705,end_plus_new_fade,134,134
1705,cursor,99,99
1705,cursor_enabled,False,0
1705,start_previous,100,100
1705,length_previous,100,100
1706,start,16579733,16579733
1706,length,4184953,4184953
1706,fade,6147,6147
1706,start_plus_old_fade,16579912,16579912
1706,end,3987467,3987467
1706,end_plus_new_fade,3993614,3993614
1706,cursor,100,100
1706,cursor_enabled,False,0
1706,start_previous,100,100
1706,length_previous,100,100
1707,start,1778,1778
1707,length,1280,1280
1707,fade,128,128
1707,start_plus_old_fade,12444,12444
1707,end,24,24
1707,end_plus_new_fade,152,152
1707,cursor,499,499
1707,cursor_enabled,False,0
1707,start_previous,100,100
1707,length_previous,100,100
1708,start,4,4
1708,length,94,94
1708,fade,128,128
1708,start_plus_old_fade,10626,10626
1708,end,98,98
1708,end_plus_new_fade,226,226
1708,cursor,500,500
1708,cursor_enabled,True,1
1708,start_previous,100,100
1708,length_previous,100,100
1709,start,1917873,1917873
1709,length,8036539,8036539
1709,fade,128,128
1709,start_plus_old_fade,1922280,1922280
1709,end,9954412,9954412
1709,end_plus_new_fade,9954540,9954540
1709,cursor,99,99
1709,cursor_enabled,False,0
1709,start_previous,100,100
1709,length_previous,100,100
1710,start,18311,18311
1710,length,20364,20364
1710,fade,128,128
1710,start_plus_old_fade,19056,19056
1710,end,46363,46363
1710,end_plus_new_fade,46491,46491
1710,cursor,500,500
1710,cursor_enabled,False,0
1710,start_previous,100,100
1710,length_previous,100,100
1711,start,84,84
1711,length,475,475
1711,fade,128,128
1711,start_plus_old_fade,9890,9890
1711,end,559,559
1711,end_plus_new_fade,687,687
1711,cursor,499,499
1711,cursor_enabled,False,0
1711,start_previous,100,100
1711,length_previous,100,100
1712,start,1536,1536
1712,length,11553,11553
1712,fade,128,128
1712,start_plus_old_fade,4903,4903
1712,end,1543,1543
1712,end_plus_new_fade,1671,1671
1712,cursor,400,400
1712,cursor_enabled,True,1
1712,start_previous,100,100
1712,length_previous,100,100
1713,start,3214402,3214402
1713,length,3769240,3769240
1713,fade,128,128
1713,start_plus_old_fade,3220718,3220718
1713,end,14286644,14286644
1713,end_plus_new_fade,14286772,14286772
1713,cursor,99,99
1713,cursor_enabled,False,0
1713,start_previous,100,100
1713,length_previous,100,100
1714,start,14536160,14536160
1714,length,16777218,16777218
1714,fade,128,128
1714,start_plus_old_fade,14536886,14536886
1714,end,13965956,13965956
1714,end_plus_new_fade,13966084,13966084
1714,cursor,200,200
1714,cursor_enabled,False,0
1714,start_previous,100,100
1714,length_previous,100,100
1715,start,110,110
1715,length,72,72
1715,fade,128,128
1715,start_plus_old_fade,2107,2107
1715,end,182,182
1715,end_plus_new_fade,310,310
1715,cursor,200,200
1715,cursor_enabled,False,0
1715,start_previous,100,100
1715,length_previous,100,100
1716,start,1215753,1215753
1716,length,14438500,14438500
1716,fade,256,256
1716,start_plus_old_fade,1216152,1216152
1716,end,15654253,15654253
1716,end_plus_new_fade,15654509,15654509
1716,cursor,500,500
1716,cursor_enabled,False,0
1716,start_previous,100,100
1716,length_previous,100,100
1717,start,41,41
1717,length,108,108
1717,fade,128,128
1717,start_plus_old_fade,7358,7358
1717,end,21,21
1717,end_plus_new_fade,149,149
1717,cursor,499,499
1717,cursor_enabled,True,1
1717,start_previous,100,100
1717,length_previous,100,100
1718,start,25599,25599
1718,length,25238,25238
1718,fade,128,128
1718,start_plus_old_fade,31882,31882
1718,end,1326,1326
1718,end_plus_new_fade,1454,1454
1718,cursor,501,501
1718,cursor_enabled,False,0
1718,start_previous,100,100
1718,length_previous,100,100
1719,start,13312710,13312710
1719,length,10656299,10656299
1719,fade,128,128
1719,start_plus_old_fade,13324679,13324679
1719,end,9484459,9484459
1719,end_plus_new_fade,9484587,9484587
1719,cursor,400,400
1719,cursor_enabled,True,1
1719,start_previous,100,100
1719,length_previous,100,100
1720,start,51,51
1720,length,21,21
1720,fade,128,128
1720,start_plus_old_fade,1288,1288
1720,end,72,72
1720,end_plus_new_fade,200,200
1720,cursor,100,100
1720,cursor_enabled,False,0
1720,start_previous,100,100
1720,length_previous,100,100
1721,start,8,8
1721,length,11,11
1721,fade,128,128
1721,start_plus_old_fade,1949,1949
1721,end,19,19
1721,end_plus_new_fade,147,147
1721,cursor,500,500
1721,cursor_enabled,False,0
1721,start_previous,100,100
1721,length_previous,100,100
1722,start,0,0
1722,length,1023,1023
1722,fade,128,128
1722,start_plus_old_fade,359,359
1722,end,73,73
1722,end_plus_new_fade,201,201
1722,cursor,99,99
1722,cursor_enabled,True,1
1722,start_previous,100,100
1722,length_previous,100,100
1723,start,20772,20772
1723,length,22273,22273
1723,fade,128,128
1723,start_plus_old_fade,25639,25639
1723,end,11982,11982
1723,end_plus_new_fade,12110,12110
1723,cursor,200,200
1723,cursor_enabled,True,1
1723,start_previous,100,100
1723,length_previous,100,100
1724,start,241,241
1724,length,863,863
1724,fade,128,128
1724,start_plus_old_fade,10406,10406
1724,end,1104,1104
1724,end_plus_new_fade,1232,1232
1724,cursor,100,100
1724,cursor_enabled,True,1
1724,start_previous,100,100
1724,length_previous,100,100
1725,start,31338,31338
1725,length,48520,48520
1725,fade,128,128
1725,start_plus_old_fade,37823,37823
1725,end,33151,33151
1725,end_plus_new_fade,33279,33279
1725,cursor,200,200
1725,cursor_enabled,False,0
1725,start_previous,100,100
1725,length_previous,100,100
1726,start,736,736
1726,length,567,567
1726,fade,407,407
1726,start_plus_old_fade,12398,12398
1726,end,526,526
1726,end_plus_new_fade,933,933
1726,cursor,200,200
1726,cursor_enabled,False,0
1726,start_previous,100,100
1726,length_previous,100,100
1727,start,15555739,15555739
1727,length,6454808,6454808
1727,fade,256,256
1727,start_plus_old_fade,15564449,15564449
1727,end,5233328,5233328
1727,end_plus_new_fade,5233584,5233584
1727,cursor,500,500
1727,cursor_enabled,False,0
1727,start_previous,100,100
1727,length_previous,100,100
1728,start,91,91
1728,length,877,877
1728,fade,128,128
1728,start_plus_old_fade,1868,1868
1728,end,328,328
1728,end_plus_new_fade,456,456
1728,cursor,500,500
1728,cursor_enabled,True,1
1728,start_previous,100,100
1728,length_previous,100,100
1729,start,10962,10962
1729,length,128,128
1729,fade,128,128
1729,start_plus_old_fade,15628,15628
1729,end,57,57
1729,end_plus_new_fade,185,185
1729,cursor,100,100
1729,cursor_enabled,False,0
1729,start_previous,100,100
1729,length_previous,100,100
1730,start,5981,5981
1730,length,1280,1280
1730,fade,128,128
1730,start_plus_old_fade,13187,13187
1730,end,31,31
1730,end_plus_new_fade,159,159
1730,cursor,99,99
1730,cursor_enabled,False,0
1730,start_previous,100,100
1730,length_previous,100,100
1731,start,6408,6408
1731,length,61,61
1731,fade,128,128
1731,start_plus_old_fade,12269,12269
1731,end,92,92
1731,end_plus_new_fade,220,220
1731,cursor,100,100
1731,cursor_enabled,True,1
1731,start_previous,100,100
1731,length_previous,100,100
1732,start,21757,21757
1732,length,1407,1407
1732,fade,128,128
1732,start_plus_old_fade,24324,24324
1732,end,4049,4049
1732,end_plus_new_fade,4177,4177
1732,cursor,501,501
1732,cursor_enabled,True,1
1732,start_previous,100,100
1732,length_previous,100,100
1733,start,15543772,15543772
1733,length,8624727,8624727
1733,fade,3073,3073
1733,start_plus_old_fade,15552328,15552328
1733,end,7391280,7391280
1733,end_plus_new_fade,7394353,7394353
1733,cursor,499,499
1733,cursor_enabled,False,0
1733,start_previous,100,100
1733,length_previous,100,100
1734,start,34025,34025
1734,length,672,672
1734,fade,128,128
1734,start_plus_old_fade,44750,44750
1734,end,424,424
1734,end_plus_new_fade,552,552
1734,cursor,99,99
1734,cursor_enabled,True,1
1734,start_previous,100,100
1734,length_previous,100,100
1735,start,38,38
1735,length,1280,1280
1735,fade,128,128
1735,start_plus_old_fade,9637,9637
1735,end,110,110
1735,end_plus_new_fade,238,238
1735,cursor,400,400
1735,cursor_enabled,True,1
1735,start_previous,100,100
1735,length_previous,100,100
1736,start,13271710,13271710
1736,length,3330861,3330861
1736,fade,128,128
1736,start_plus_old_fade,13275105,13275105
1736,end,6853577,6853577
1736,end_plus_new_fade,6853705,6853705
1736,cursor,99,99
1736,cursor_enabled,True,1
1736,start_previous,100,100
1736,length_previous,100,100
1737,start,0,0
1737,length,24584,24584
1737,fade,128,128
1737,start_plus_old_fade,7529,7529
1737,end,47862,47862
1737,end_plus_new_fade,47990,47990
1737,cursor,501,501
1737,cursor_enabled,False,0
1737,start_previous,100,100
1737,length_previous,100,100
1738,start,3098519,3098519
1738,length,11104414,11104414
1738,fade,128,128
1738,start_plus_old_fade,3102865,3102865
1738,end,14202933,14202933
1738,end_plus_new_fade,14203061,14203061
1738,cursor,500,500
1738,cursor_enabled,False,0
1738,start_previous,100,100
1738,length_previous,100,100
1739,start,319,319
1739,length,134,134
1739,fade,128,128
1739,start_plus_old_fade,3954,3954
1739,end,453,453
1739,end_plus_new_fade,581,581
1739,cursor,501,501
1739,cursor_enabled,True,1
1739,start_previous,100,100
1739,length_previous,100,100
1740,start,919,919
1740,length,800,800
1740,fade,128,128
1740,start_plus_old_fade,3194,3194
1740,end,95,95
1740,end_plus_new_fade,223,223
1740,cursor,200,200
1740,cursor_enabled,False,0
1740,start_previous,100,100
1740,length_previous,100,100
1741,start,127,127
1741,length,30,30
1741,fade,128,128
1741,start_plus_old_fade,9529,9529
1741,end,29,29
1741,end_plus_new_fade,157,157
1741,cursor,501,501
1741,cursor_enabled,True,1
1741,start_previous,100,100
1741,length_previous,100,100
1742,start,8858862,8858862
1742,length,15275379,15275379
1742,fade,12292,12292
1742,start_plus_old_fade,8865839,8865839
1742,end,7357022,7357022
1742,end_plus_new_fade,7369314,7369314
1742,cursor,100,100
1742,cursor_enabled,True,1
1742,start_previous,100,100
1742,length_previous,100,100
1743,start,238,238
1743,length,320,320
1743,fade,128,128
1743,start_plus_old_fade,1251,1251
1743,end,558,558
1743,end_plus_new_fade,686,686
1743,cursor,500,500
1743,cursor_enabled,True,1
1743,start_previous,100,100
1743,length_previous,100,100
1744,start,1959801,1959801
1744,length,6321672,6321672
1744,fade,3073,3073
1744,start_plus_old_fade,1967510,1967510
1744,end,10411951,10411951
1744,end_plus_new_fade,10415024,10415024
1744,cursor,200,200
1744,cursor_enabled,True,1
1744,start_previous,100,100
1744,length_previous,100,100
1745,start,961,961
1745,length,883,883
1745,fade,128,128
1745,start_plus_old_fade,2922,2922
1745,end,820,820
1745,end_plus_new_fade,948,948
1745,cursor,100,100
1745,cursor_enabled,True,1
1745,start_previous,100,100
1745,length_previous,100,100
1746,start,44998,44998
1746,length,42634,42634
1746,fade,128,128
1746,start_plus_old_fade,48939,48939
1746,end,38462,38462
1746,end_plus_new_fade,38590,38590
1746,cursor,200,200
1746,cursor_enabled,True,1
1746,start_previous,100,100
1746,length_previous,100,100
1747,start,312,312
1747,length,49168,49168
1747,fade,128,128
1747,start_plus_old_fade,2380,2380
1747,end,22271,22271
1747,end_plus_new_fade,22399,22399
1747,cursor,200,200
1747,cursor_enabled,True,1
1747,start_previous,100,100
1747,length_previous,100,100
1748,start,3824,3824
1748,length,12292,12292
1748,fade,128,128
1748,start_plus_old_fade,8070,8070
1748,end,13733,13733
1748,end_plus_new_fade,13861,13861
1748,cursor,499,499
1748,cursor_enabled,True,1
1748,start_previous,100,100
1748,length_previous,100,100
1749,start,18132584,18132584
1749,length,3407448,3407448
1749,fade,512,512
1749,start_plus_old_fade,18141587,18141587
1749,end,16718033,16718033
1749,end_plus_new_fade,16718545,16718545
1749,cursor,200,200
1749,cursor_enabled,True,1
1749,start_previous,100,100
1749,length_previous,100,100
1750,start,26049328,26049328
1750,length,7607326,7607326
1750,fade,128,128
1750,start_plus_old_fade,26054916,26054916
1750,end,8357918,8357918
1750,end_plus_new_fade,8358046,8358046
1750,cursor,501,501
1750,cursor_enabled,False,0
1750,start_previous,100,100
1750,length_previous,100,100
1751,start,26655959,26655959
1751,length,18038300,18038300
1751,fade,128,128
1751,start_plus_old_fade,26667704,26667704
1751,end,15194259,15194259
1751,end_plus_new_fade,15194387,15194387
1751,cursor,501,501
1751,cursor_enabled,False,0
1751,start_previous,100,100
1751,length_previous,100,100
1752,start,9833333,9833333
1752,length,29499999,29499999
1752,fade,6147,6147
1752,start_plus_old_fade,9842254,9842254
1752,end,17009638,17009638
1752,end_plus_new_fade,17015785,17015785
1752,cursor,501,501
1752,cursor_enabled,True,1
1752,start_previous,100,100
1752,length_previous,100,100
1753,start,38723,38723
1753,length,15365,15365
1753,fade,128,128
1753,start_plus_old_fade,50521,50521
1753,end,44728,44728
1753,end_plus_new_fade,44856,44856
1753,cursor,99,99
1753,cursor_enabled,True,1
1753,start_previous,100,100
1753,length_previous,100,100
1754,start,29476258,29476258
1754,length,21568498,21568498
1754,fade,128,128
1754,start_plus_old_fade,29479965,29479965
1754,end,19257446,19257446
1754,end_plus_new_fade,19257574,19257574
1754,cursor,101,101
1754,cursor_enabled,True,1
1754,start_previous,100,100
1754,length_previous,100,100
1755,start,882,882
1755,length,1280,1280
1755,fade,128,128
1755,start_plus_old_fade,3391,3391
1755,end,886,886
1755,end_plus_new_fade,1014,1014
1755,cursor,100,100
1755,cursor_enabled,False,0
1755,start_previous,100,100
1755,length_previous,100,100
1756,start,21,21
1756,length,108,108
1756,fade,128,128
1756,start_plus_old_fade,9696,9696
1756,end,1,1
1756,end_plus_new_fade,129,129
1756,cursor,100,100
1756,cursor_enabled,True,1
1756,start_previous,100,100
1756,length_previous,100,100
1757,start,2753,2753
1757,length,9664,9664
1757,fade,128,128
1757,start_plus_old_fade,9131,9131
1757,end,12417,12417
1757,end_plus_new_fade,12545,12545
1757,cursor,501,501
1757,cursor_enabled,False,0
1757,start_previous,100,100
1757,length_previous,100,100
1758,start,14078,14078
1758,length,13568,13568
1758,fade,128,128
1758,start_plus_old_fade,17445,17445
1758,end,15131,15131
1758,end_plus_new_fade,15259,15259
1758,cursor,101,101
1758,cursor_enabled,False,0
1758,start_previous,100,100
1758,length_previous,100,100
1759,start,11283208,11283208
1759,length,12426203,12426203
1759,fade,6147,6147
1759,start_plus_old_fade,11285944,11285944
1759,end,11567605,11567605
1759,end_plus_new_fade,11573752,11573752
1759,cursor,501,501
1759,cursor_enabled,False,0
1759,start_previous,100,100
1759,length_previous,100,100
1760,start,340300,340300
1760,length,3145728,3145728
1760,fade,128,128
1760,start_plus_old_fade,351443,351443
1760,end,7853510,7853510
1760,end_plus_new_fade,7853638,7853638
1760,cursor,101,101
1760,cursor_enabled,False,0
1760,start_previous,100,100
1760,length_previous,100,100
1761,start,15855801,15855801
1761,length,115262,115262
1761,fade,128,128
1761,start_plus_old_fade,15864435,15864435
1761,end,5351176,5351176
1761,end_plus_new_fade,5351304,5351304
1761,cursor,501,501
1761,cursor_enabled,True,1
1761,start_previous,100,100
1761,length_previous,100,100
1762,start,26114164,26114164
1762,length,7463248,7463248
1762,fade,128,128
1762,start_plus_old_fade,26125625,26125625
1762,end,5138412,5138412
1762,end_plus_new_fade,5138540,5138540
1762,cursor,100,100
1762,cursor_enabled,True,1
1762,start_previous,100,100
1762,length_previous,100,100
1763,start,181,181
1763,length,1021,1021
1763,fade,178,178
1763,start_plus_old_fade,11927,11927
1763,end,893,893
1763,end_plus_new_fade,1071,1071
1763,cursor,100,100
1763,cursor_enabled,True,1
1763,start_previous,100,100
1763,length_previous,100,100
1764,start,196,196
1764,length,1280,1280
1764,fade,128,128
1764,start_plus_old_fade,416,416
1764,end,227,227
1764,end_plus_new_fade,355,355
1764,cursor,101,101
1764,cursor_enabled,True,1
1764,start_previous,100,100
1764,length_previous,100,100
1765,start,10901,10901
1765,length,1734,1734
1765,fade,128,128
1765,start_plus_old_fade,21016,21016
1765,end,342,342
1765,end_plus_new_fade,470,470
1765,cursor,499,499
1765,cursor_enabled,False,0
1765,start_previous,100,100
1765,length_previous,100,100
1766,start,6322,6322
1766,length,22923,22923
1766,fade,256,256
1766,start_plus_old_fade,7620,7620
1766,end,29245,29245
1766,end_plus_new_fade,29501,29501
1766,cursor,99,99
1766,cursor_enabled,False,0
1766,start_previous,100,100
1766,length_previous,100,100
1767,start,322,322
1767,length,1280,1280
1767,fade,164,164
1767,start_plus_old_fade,7764,7764
1767,end,979,979
1767,end_plus_new_fade,1143,1143
1767,cursor,501,501
1767,cursor_enabled,False,0
1767,start_previous,100,100
1767,length_previous,100,100
1768,start,56,56
1768,length,83,83
1768,fade,128,128
1768,start_plus_old_fade,10182,10182
1768,end,139,139
1768,end_plus_new_fade,267,267
1768,cursor,499,499
1768,cursor_enabled,False,0
1768,start_previous,100,100
1768,length_previous,100,100
1769,start,49169,49169
1769,length,49169,49169
1769,fade,128,128
1769,start_plus_old_fade,58827,58827
1769,end,48341,48341
1769,end_plus_new_fade,48469,48469
1769,cursor,100,100
1769,cursor_enabled,True,1
1769,start_previous,100,100
1769,length_previous,100,100
1770,start,25719,25719
1770,length,46587,46587
1770,fade,128,128
1770,start_plus_old_fade,29095,29095
1770,end,5856,5856
1770,end_plus_new_fade,5984,5984
1770,cursor,101,101
1770,cursor_enabled,False,0
1770,start_previous,100,100
1770,length_previous,100,100
1771,start,47,47
1771,length,49,49
1771,fade,128,128
1771,start_plus_old_fade,2988,2988
1771,end,96,96
1771,end_plus_new_fade,224,224
1771,cursor,500,500
1771,cursor_enabled,True,1
1771,start_previous,100,100
1771,length_previous,100,100
1772,start,24719698,24719698
1772,length,1843749,1843749
1772,fade,6147,6147
1772,start_plus_old_fade,24730022,24730022
1772,end,19422399,19422399
1772,end_plus_new_fade,19428546,19428546
1772,cursor,100,100
1772,cursor_enabled,False,0
1772,start_previous,100,100
1772,length_previous,100,100
1773,start,4646,4646
1773,length,7188,7188
1773,fade,1797,1797
1773,start_plus_old_fade,9370,9370
1773,end,11834,11834
1773,end_plus_new_fade,13631,13631
1773,cursor,99,99
1773,cursor_enabled,False,0
1773,start_previous,100,100
1773,length_previous,100,100
1774,start,8436346,8436346
1774,length,15778615,15778615
1774,fade,128,128
1774,start_plus_old_fade,8438868,8438868
1774,end,24214961,24214961
1774,end_plus_new_fade,24215089,24215089
1774,cursor,501,501
1774,cursor_enabled,False,0
1774,start_previous,100,100
1774,length_previous,100,100
1775,start,8441,8441
1775,length,4766,4766
1775,fade,128,128
1775,start_plus_old_fade,12145,12145
1775,end,14093,14093
1775,end_plus_new_fade,14221,14221
1775,cursor,200,200
1775,cursor_enabled,False,0
1775,start_previous,100,100
1775,length_previous,100,100
1776,start,18781206,18781206
1776,length,26524786,26524786
1776,fade,256,256
1776,start_plus_old_fade,18786842,18786842
1776,end,4454046,4454046
1776,end_plus_new_fade,4454302,4454302
1776,cursor,400,400
1776,cursor_enabled,True,1
1776,start_previous,100,100
1776,length_previous,100,100
1777,start,4467,4467
1777,length,1280,1280
1777,fade,128,128
1777,start_plus_old_fade,16438,16438
1777,end,926,926
1777,end_plus_new_fade,1054,1054
1777,cursor,101,101
1777,cursor_enabled,True,1
1777,start_previous,100,100
1777,length_previous,100,100
1778,start,10459644,10459644
1778,length,1028347,1028347
1778,fade,128,128
1778,start_plus_old_fade,10462727,10462727
1778,end,6808963,6808963
1778,end_plus_new_fade,6809091,6809091
1778,cursor,99,99
1778,cursor_enabled,False,0
1778,start_previous,100,100
1778,length_previous,100,100
1779,start,2746,2746
1779,length,1280,1280
1779,fade,128,128
1779,start_plus_old_fade,11076,11076
1779,end,3106,3106
1779,end_plus_new_fade,3234,3234
1779,cursor,500,500
1779,cursor_enabled,True,1
1779,start_previous,100,100
1779,length_previous,100,100
1780,start,0,0
1780,length,29499999,29499999
1780,fade,128,128
1780,start_plus_old_fade,4278,4278
1780,end,8578008,8578008
1780,end_plus_new_fade,8578136,8578136
1780,cursor,100,100
1780,cursor_enabled,True,1
1780,start_previous,100,100
1780,length_previous,100,100
1781,start,3196,3196
1781,length,60,60
1781,fade,128,128
1781,start_plus_old_fade,13468,13468
1781,end,56,56
1781,end_plus_new_fade,184,184
1781,cursor,100,100
1781,cursor_enabled,False,0
1781,start_previous,100,100
1781,length_previous,100,100
1782,start,9620,9620
1782,length,1280,1280
1782,fade,128,128
1782,start_plus_old_fade,21262,21262
1782,end,46,46
1782,end_plus_new_fade,174,174
1782,cursor,501,501
1782,cursor_enabled,False,0
1782,start_previous,100,100
1782,length_previous,100,100
1783,start,13410,13410
1783,length,45734,45734
1783,fade,256,256
1783,start_plus_old_fade,23952,23952
1783,end,9974,9974
1783,end_plus_new_fade,10230,10230
1783,cursor,501,501
1783,cursor_enabled,True,1
1783,start_previous,100,100
1783,length_previous,100,100
1784,start,69,69
1784,length,1280,1280
1784,fade,128,128
1784,start_plus_old_fade,7925,7925
1784,end,181,181
1784,end_plus_new_fade,309,309
1784,cursor,200,200
1784,cursor_enabled,True,1
1784,start_previous,100,100
1784,length_previous,100,100
1785,start,4800,4800
1785,length,3133,3133
1785,fade,128,128
1785,start_plus_old_fade,5497,5497
1785,end,479,479
1785,end_plus_new_fade,607,607
1785,cursor,100,100
1785,cursor_enabled,False,0
1785,start_previous,100,100
1785,length_previous,100,100
1786,start,13281349,13281349
1786,length,13881635,13881635
1786,fade,256,256
1786,start_plus_old_fade,13286232,13286232
1786,end,27162984,27162984
1786,end_plus_new_fade,27163240,27163240
1786,cursor,99,99
1786,cursor_enabled,True,1
1786,start_previous,100,100
1786,length_previous,100,100
1787,start,25803,25803
1787,length,5163,5163
1787,fade,512,512
1787,start_plus_old_fade,33627,33627
1787,end,43958,43958
1787,end_plus_new_fade,44470,44470
1787,cursor,100,100
1787,cursor_enabled,False,0
1787,start_previous,100,100
1787,length_previous,100,100
1788,start,18550584,18550584
1788,length,20281239,20281239
1788,fade,128,128
1788,start_plus_old_fade,18562640,18562640
1788,end,10893931,10893931
1788,end_plus_new_fade,10894059,10894059
1788,cursor,100,100
1788,cursor_enabled,False,0
1788,start_previous,100,100
1788,length_previous,100,100
1789,start,11402341,11402341
1789,length,13390577,13390577
1789,fade,3073,3073
1789,start_plus_old_fade,11412212,11412212
1789,end,8015699,8015699
1789,end_plus_new_fade,8018772,8018772
1789,cursor,501,501
1789,cursor_enabled,False,0
1789,start_previous,100,100
1789,length_previous,100,100
1790,start,11779309,11779309
1790,length,6751857,6751857
1790,fade,256,256
1790,start_plus_old_fade,11783180,11783180
1790,end,13871104,13871104
1790,end_plus_new_fade,13871360,13871360
1790,cursor,99,99
1790,cursor_enabled,True,1
1790,start_previous,100,100
1790,length_previous,100,100
1791,start,840,840
1791,length,1280,1280
1791,fade,128,128
1791,start_plus_old_fade,1536,1536
1791,end,97,97
1791,end_plus_new_fade,225,225
1791,cursor,200,200
1791,cursor_enabled,False,0
1791,start_previous,100,100
1791,length_previous,100,100
1792,start,13844,13844
1792,length,42637,42637
1792,fade,6147,6147
1792,start_plus_old_fade,19446,19446
1792,end,4624,4624
1792,end_plus_new_fade,10771,10771
1792,cursor,499,499
1792,cursor_enabled,False,0
1792,start_previous,100,100
1792,length_previous,100,100
1793,start,8386,8386
1793,length,110,110
1793,fade,128,128
1793,start_plus_old_fade,11824,11824
1793,end,88,88
1793,end_plus_new_fade,216,216
1793,cursor,501,501
1793,cursor_enabled,False,0
1793,start_previous,100,100
1793,length_previous,100,100
1794,start,382,382
1794,length,547,547
1794,fade,128,128
1794,start_plus_old_fade,5270,5270
1794,end,405,405
1794,end_plus_new_fade,533,533
1794,cursor,100,100
1794,cursor_enabled,False,0
1794,start_previous,100,100
1794,length_previous,100,100
1795,start,15365,15365
1795,length,3073,3073
1795,fade,128,128
1795,start_plus_old_fade,22008,22008
1795,end,35609,35609
1795,end_plus_new_fade,35737,35737
1795,cursor,500,500
1795,cursor_enabled,True,1
1795,start_previous,100,100
1795,length_previous,100,100
1796,start,13049,13049
1796,length,706,706
1796,fade,128,128
1796,start_plus_old_fade,23263,23263
1796,end,455,455
1796,end_plus_new_fade,583,583
1796,cursor,101,101
1796,cursor_enabled,False,0
1796,start_previous,100,100
1796,length_previous,100,100
1797,start,11200,11200
1797,length,126,126
1797,fade,128,128
1797,start_plus_old_fade,17943,17943
1797,end,11,11
1797,end_plus_new_fade,139,139
1797,cursor,100,100
1797,cursor_enabled,False,0
1797,start_previous,100,100
1797,length_previous,100,100
1798,start,720690,720690
1798,length,28289744,28289744
1798,fade,256,256
1798,start_plus_old_fade,729949,729949
1798,end,14280492,14280492
1798,end_plus_new_fade,14280748,14280748
1798,cursor,501,501
1798,cursor_enabled,True,1
1798,start_previous,100,100
1798,length_previous,100,100
1799,start,275397,275397
1799,length,8594983,8594983
1799,fade,12292,12292
1799,start_plus_old_fade,275995,275995
1799,end,8870380,8870380
1799,end_plus_new_fade,8882672,8882672
1799,cursor,501,501
1799,cursor_enabled,False,0
1799,start_previous,100,100
1799,length_previous,100,100
1800,start,5053,5053
1800,length,1280,1280
1800,fade,128,128
1800,start_plus_old_fade,7563,7563
1800,end,535,535
1800,end_plus_new_fade,663,663
1800,cursor,499,499
1800,cursor_enabled,True,1
1800,start_previous,100,100
1800,length_previous,100,100
1801,start,37859,37859
1801,length,13952,13952
1801,fade,128,128
1801,start_plus_old_fade,41545,41545
1801,end,22310,22310
1801,end_plus_new_fade,22438,22438
1801,cursor,499,499
1801,cursor_enabled,True,1
1801,start_previous,100,100
1801,length_previous,100,100
1802,start,3308,3308
1802,length,4868,4868
1802,fade,512,512
1802,start_plus_old_fade,4105,4105
1802,end,14523,14523
1802,end_plus_new_fade,15035,15035
1802,cursor,200,200
1802,cursor_enabled,True,1
1802,start_previous,100,100
1802,length_previous,100,100
1803,start,23501730,23501730
1803,length,25726142,25726142
1803,fade,128,128
1803,start_plus_old_fade,23513491,23513491
1803,end,19727872,19727872
1803,end_plus_new_fade,19728000,19728000
1803,cursor,99,99
1803,cursor_enabled,False,0
1803,start_previous,100,100
1803,length_previous,100,100
1804,start,12386109,12386109
1804,length,2445909,2445909
1804,fade,128,128
1804,start_plus_old_fade,12387361,12387361
1804,end,20979,20979
1804,end_plus_new_fade,21107,21107
1804,cursor,499,499
1804,cursor_enabled,True,1
1804,start_previous,100,100
1804,length_previous,100,100
1805,start,27818668,27818668
1805,length,29499984,29499984
1805,fade,128,128
1805,start_plus_old_fade,27819521,27819521
1805,end,16595699,16595699
1805,end_plus_new_fade,16595827,16595827
1805,cursor,99,99
1805,cursor_enabled,False,0
1805,start_previous,100,100
1805,length_previous,100,100
1806,start,43454,43454
1806,length,15321,15321
1806,fade,128,128
1806,start_plus_old_fade,46436,46436
1806,end,50591,50591
1806,end_plus_new_fade,50719,50719
1806,cursor,501,501
1806,cursor_enabled,False,0
1806,start_previous,100,100
1806,length_previous,100,100
1807,start,63,63
1807,length,20,20
1807,fade,128,128
1807,start_plus_old_fade,11877,11877
1807,end,83,83
1807,end_plus_new_fade,211,211
1807,cursor,499,499
1807,cursor_enabled,False,0
1807,start_previous,100,100
1807,length_previous,100,100
1808,start,26190,26190
1808,length,40187,40187
1808,fade,128,128
1808,start_plus_old_fade,32004,32004
1808,end,42423,42423
1808,end_plus_new_fade,42551,42551
1808,cursor,501,501
1808,cursor_enabled,True,1
1808,start_previous,100,100
1808,length_previous,100,100
1809,start,5909518,5909518
1809,length,11015410,11015410
1809,fade,128,128
1809,start_plus_old_fade,5919240,5919240
1809,end,147709,147709
1809,end_plus_new_fade,147837,147837
1809,cursor,99,99
1809,cursor_enabled,True,1
1809,start_previous,100,100
1809,length_previous,100,100
1810,start,11302,11302
1810,length,10752,10752
1810,fade,128,128
1810,start_plus_old_fade,23101,23101
1810,end,10953,10953
1810,end_plus_new_fade,11081,11081
1810,cursor,500,500
1810,cursor_enabled,True,1
1810,start_previous,100,100
1810,length_previous,100,100
1811,start,11153,11153
1811,length,189,189
1811,fade,128,128
1811,start_plus_old_fade,20977,20977
1811,end,348,348
1811,end_plus_new_fade,476,476
1811,cursor,400,400
1811,cursor_enabled,True,1
1811,start_previous,100,100
1811,length_previous,100,100
1812,start,44,44
1812,length,137,137
1812,fade,246,246
1812,start_plus_old_fade,4002,4002
1812,end,1028,1028
1812,end_plus_new_fade,1274,1274
1812,cursor,200,200
1812,cursor_enabled,False,0
1812,start_previous,100,100
1812,length_previous,100,100
1813,start,11811,11811
1813,length,881,881
1813,fade,173,173
1813,start_plus_old_fade,15491,15491
1813,end,216,216
1813,end_plus_new_fade,389,389
1813,cursor,99,99
1813,cursor_enabled,True,1
1813,start_previous,100,100
1813,length_previous,100,100
1814,start,7486,7486
1814,length,10701,10701
1814,fade,128,128
1814,start_plus_old_fade,12204,12204
1814,end,10890,10890
1814,end_plus_new_fade,11018,11018
1814,cursor,200,200
1814,cursor_enabled,True,1
1814,start_previous,100,100
1814,length_previous,100,100
1815,start,48396,48396
1815,length,27835,27835
1815,fade,512,512
1815,start_plus_old_fade,57029,57029
1815,end,27061,27061
1815,end_plus_new_fade,27573,27573
1815,cursor,499,499
1815,cursor_enabled,False,0
1815,start_previous,100,100
1815,length_previous,100,100
1816,start,2243406,2243406
1816,length,125453,125453
1816,fade,128,128
1816,start_plus_old_fade,2248636,2248636
1816,end,2368859,2368859
1816,end_plus_new_fade,2368987,2368987
1816,cursor,400,400
1816,cursor_enabled,True,1
1816,start_previous,100,100
1816,length_previous,100,100
1817,start,32984,32984
1817,length,25731,25731
1817,fade,512,512
1817,start_plus_old_fade,39397,39397
1817,end,35024,35024
1817,end_plus_new_fade,35536,35536
1817,cursor,400,400
1817,cursor_enabled,True,1
1817,start_previous,100,100
1817,length_previous,100,100
1818,start,25482511,25482511
1818,length,341490,341490
1818,fade,128,128
1818,start_plus_old_fade,25482850,25482850
1818,end,25824001,25824001
1818,end_plus_new_fade,25824129,25824129
1818,cursor,200,200
1818,cursor_enabled,False,0
1818,start_previous,100,100
1818,length_previous,100,100
1819,start,3687498,3687498
1819,length,5021123,5021123
1819,fade,128,128
1819,start_plus_old_fade,3689671,3689671
1819,end,15402207,15402207
1819,end_plus_new_fade,15402335,15402335
1819,cursor,100,100
1819,cursor_enabled,False,0
1819,start_previous,100,100
1819,length_previous,100,100
1820,start,7843,7843
1820,length,82,82
1820,fade,128,128
1820,start_plus_old_fade,16413,16413
1820,end,92,92
1820,end_plus_new_fade,220,220
1820,cursor,100,100
1820,cursor_enabled,False,0
1820,start_previous,100,100
1820,length_previous,100,100
1821,start,7882,7882
1821,length,8194,8194
1821,fade,128,128
1821,start_plus_old_fade,12481,12481
1821,end,639,639
1821,end_plus_new_fade,767,767
1821,cursor,100,100
1821,cursor_enabled,True,1
1821,start_previous,100,100
1821,length_previous,100,100
1822,start,50955,50955
1822,length,2029,2029
1822,fade,128,128
1822,start_plus_old_fade,61001,61001
1822,end,16407,16407
1822,end_plus_new_fade,16535,16535
1822,cursor,500,500
1822,cursor_enabled,True,1
1822,start_previous,100,100
1822,length_previous,100,100
1823,start,1612,1612
1823,length,927,927
1823,fade,537,537
1823,start_plus_old_fade,11844,11844
1823,end,3763,3763
1823,end_plus_new_fade,4300,4300
1823,cursor,501,501
1823,cursor_enabled,False,0
1823,start_previous,100,100
1823,length_previous,100,100
1824,start,23519,23519
1824,length,24163,24163
1824,fade,128,128
1824,start_plus_old_fade,32645,32645
1824,end,47682,47682
1824,end_plus_new_fade,47810,47810
1824,cursor,101,101
1824,cursor_enabled,True,1
1824,start_previous,100,100
1824,length_previous,100,100
1825,start,82,82
1825,length,43,43
1825,fade,128,128
1825,start_plus_old_fade,5079,5079
1825,end,125,125
1825,end_plus_new_fade,253,253
1825,cursor,100,100
1825,cursor_enabled,True,1
1825,start_previous,100,100
1825,length_previous,100,100
1826,start,5235,5235
1826,length,1280,1280
1826,fade,128,128
1826,start_plus_old_fade,8559,8559
1826,end,124,124
1826,end_plus_new_fade,252,252
1826,cursor,101,101
1826,cursor_enabled,False,0
1826,start_previous,100,100
1826,length_previous,100,100
1827,start,17664,17664
1827,length,4751,4751
1827,fade,128,128
1827,start_plus_old_fade,23017,23017
1827,end,8723,8723
1827,end_plus_new_fade,8851,8851
1827,cursor,499,499
1827,cursor_enabled,True,1
1827,start_previous,100,100
1827,length_previous,100,100
1828,start,19666666,19666666
1828,length,9833333,9833333
1828,fade,12292,12292
1828,start_plus_old_fade,19675869,19675869
1828,end,26594697,26594697
1828,end_plus_new_fade,26606989,26606989
1828,cursor,499,499
1828,cursor_enabled,False,0
1828,start_previous,100,100
1828,length_previous,100,100
1829,start,34100,34100
1829,length,28599,28599
1829,fade,128,128
1829,start_plus_old_fade,45487,45487
1829,end,13529,13529
1829,end_plus_new_fade,13657,13657
1829,cursor,501,501
1829,cursor_enabled,True,1
1829,start_previous,100,100
1829,length_previous,100,100
1830,start,22557626,22557626
1830,length,29499984,29499984
1830,fade,128,128
1830,start_plus_old_fade,22563073,22563073
1830,end,4578615,4578615
1830,end_plus_new_fade,4578743,4578743
1830,cursor,200,200
1830,cursor_enabled,False,0
1830,start_previous,100,100
1830,length_previous,100,100
1831,start,4860378,4860378
1831,length,14582024,14582024
1831,fade,128,128
1831,start_plus_old_fade,4869804,4869804
1831,end,19442402,19442402
1831,end_plus_new_fade,19442530,19442530
1831,cursor,500,500
1831,cursor_enabled,True,1
1831,start_previous,100,100
1831,length_previous,100,100
1832,start,239,239
1832,length,1280,1280
1832,fade,128,128
1832,start_plus_old_fade,8026,8026
1832,end,359,359
1832,end_plus_new_fade,487,487
1832,cursor,99,99
1832,cursor_enabled,False,0
1832,start_previous,100,100
1832,length_previous,100,100
1833,start,10596,10596
1833,length,28672,28672
1833,fade,128,128
1833,start_plus_old_fade,16053,16053
1833,end,50364,50364
1833,end_plus_new_fade,50492,50492
1833,cursor,101,101
1833,cursor_enabled,False,0
1833,start_previous,100,100
1833,length_previous,100,100
1834,start,526,526
1834,length,186,186
1834,fade,128,128
1834,start_plus_old_fade,6341,6341
1834,end,712,712
1834,end_plus_new_fade,840,840
1834,cursor,501,501
1834,cursor_enabled,True,1
1834,start_previous,100,100
1834,length_previous,100,100
1835,start,14075310,14075310
1835,length,5457205,5457205
1835,fade,128,128
1835,start_plus_old_fade,14081627,14081627
1835,end,13561718,13561718
1835,end_plus_new_fade,13561846,13561846
1835,cursor,99,99
1835,cursor_enabled,True,1
1835,start_previous,100,100
1835,length_previous,100,100
1836,start,11062497,11062497
1836,length,22124994,22124994
1836,fade,128,128
1836,start_plus_old_fade,11065170,11065170
1836,end,18370043,18370043
1836,end_plus_new_fade,18370171,18370171
1836,cursor,500,500
1836,cursor_enabled,False,0
1836,start_previous,100,100
1836,length_previous,100,100
1837,start,7896341,7896341
1837,length,6141404,6141404
1837,fade,512,512
1837,start_plus_old_fade,7903341,7903341
1837,end,5408875,5408875
1837,end_plus_new_fade,5409387,5409387
1837,cursor,101,101
1837,cursor_enabled,True,1
1837,start_previous,100,100
1837,length_previous,100,100
1838,start,125,125
1838,length,117,117
1838,fade,128,128
1838,start_plus_old_fade,3465,3465
1838,end,242,242
1838,end_plus_new_fade,370,370
1838,cursor,101,101
1838,cursor_enabled,True,1
1838,start_previous,100,100
1838,length_previous,100,100
1839,start,805,805
1839,length,595,595
1839,fade,128,128
1839,start_plus_old_fade,12385,12385
1839,end,1616,1616
1839,end_plus_new_fade,1744,1744
1839,cursor,501,501
1839,cursor_enabled,False,0
1839,start_previous,100,100
1839,length_previous,100,100
1840,start,368,368
1840,length,184,184
1840,fade,128,128
1840,start_plus_old_fade,3355,3355
1840,end,412,412
1840,end_plus_new_fade,540,540
1840,cursor,100,100
1840,cursor_enabled,True,1
1840,start_previous,100,100
1840,length_previous,100,100
1841,start,11121,11121
1841,length,70,70
1841,fade,128,128
1841,start_plus_old_fade,11568,11568
1841,end,55,55
1841,end_plus_new_fade,183,183
1841,cursor,100,100
1841,cursor_enabled,True,1
1841,start_previous,100,100
1841,length_previous,100,100
1842,start,28253724,28253724
1842,length,50427,50427
1842,fade,128,128
1842,start_plus_old_fade,28256116,28256116
1842,end,21877139,21877139
1842,end_plus_new_fade,21877267,21877267
1842,cursor,499,499
1842,cursor_enabled,False,0
1842,start_previous,100,100
1842,length_previous,100,100
1843,start,328,328
1843,length,345,345
1843,fade,128,128
1843,start_plus_old_fade,6426,6426
1843,end,374,374
1843,end_plus_new_fade,502,502
1843,cursor,101,101
1843,cursor_enabled,True,1
1843,start_previous,100,100
1843,length_previous,100,100
1844,start,9008636,9008636
1844,length,662759,662759
1844,fade,3073,3073
1844,start_plus_old_fade,9010189,9010189
1844,end,5454379,5454379
1844,end_plus_new_fade,5457452,5457452
1844,cursor,400,400
1844,cursor_enabled,True,1
1844,start_previous,100,100
1844,length_previous,100,100
1845,start,404,404
1845,length,541,541
1845,fade,135,135
1845,start_plus_old_fade,9613,9613
1845,end,945,945
1845,end_plus_new_fade,1080,1080
1845,cursor,99,99
1845,cursor_enabled,True,1
1845,start_previous,100,100
1845,length_previous,100,100
1846,start,25303458,25303458
1846,length,14749999,14749999
1846,fade,512,512
1846,start_plus_old_fade,25314367,25314367
1846,end,10398837,10398837
1846,end_plus_new_fade,10399349,10399349
1846,cursor,100,100
1846,cursor_enabled,True,1
1846,start_previous,100,100
1846,length_previous,100,100
1847,start,8914159,8914159
1847,length,5465399,5465399
1847,fade,128,128
1847,start_plus_old_fade,8920308,8920308
1847,end,3633483,3633483
1847,end_plus_new_fade,3633611,3633611
1847,cursor,100,100
1847,cursor_enabled,False,0
1847,start_previous,100,100
1847,length_previous,100,100
1848,start,560,560
1848,length,121,121
1848,fade,128,128
1848,start_plus_old_fade,6941,6941
1848,end,1386,1386
1848,end_plus_new_fade,1514,1514
1848,cursor,99,99
1848,cursor_enabled,False,0
1848,start_previous,100,100
1848,length_previous,100,100
1849,start,4289,4289
1849,length,1280,1280
1849,fade,128,128
1849,start_plus_old_fade,6180,6180
1849,end,97,97
1849,end_plus_new_fade,225,225
1849,cursor,100,100
1849,cursor_enabled,False,0
1849,start_previous,100,100
1849,length_previous,100,100
1850,start,9947620,9947620
1850,length,3695666,3695666
1850,fade,512,512
1850,start_plus_old_fade,9948338,9948338
1850,end,13643286,13643286
1850,end_plus_new_fade,13643798,13643798
1850,cursor,501,501
1850,cursor_enabled,False,0
1850,start_previous,100,100
1850,length_previous,100,100
1851,start,90,90
1851,length,59,59
1851,fade,128,128
1851,start_plus_old_fade,9006,9006
1851,end,29,29
1851,end_plus_new_fade,157,157
1851,cursor,99,99
1851,cursor_enabled,True,1
1851,start_previous,100,100
1851,length_previous,100,100
1852,start,14854458,14854458
1852,length,29499998,29499998
1852,fade,3073,3073
1852,start_plus_old_fade,14865666,14865666
1852,end,25231142,25231142
1852,end_plus_new_fade,25234215,25234215
1852,cursor,200,200
1852,cursor_enabled,False,0
1852,start_previous,100,100
1852,length_previous,100,100
1853,start,19645056,19645056
1853,length,20508061,20508061
1853,fade,12292,12292
1853,start_plus_old_fade,19650638,19650638
1853,end,10653117,10653117
1853,end_plus_new_fade,10665409,10665409
1853,cursor,501,501
1853,cursor_enabled,True,1
1853,start_previous,100,100
1853,length_previous,100,100
1854,start,19963,19963
1854,length,13426,13426
1854,fade,128,128
1854,start_plus_old_fade,28511,28511
1854,end,33389,33389
1854,end_plus_new_fade,33517,33517
1854,cursor,99,99
1854,cursor_enabled,False,0
1854,start_previous,100,100
1854,length_previous,100,100
1855,start,3116623,3116623
1855,length,13240193,13240193
1855,fade,128,128
1855,start_plus_old_fade,3126826,3126826
1855,end,16356816,16356816
1855,end_plus_new_fade,16356944,16356944
1855,cursor,501,501
1855,cursor_enabled,False,0
1855,start_previous,100,100
1855,length_previous,100,100
1856,start,3687499,3687499
1856,length,7374998,7374998
1856,fade,128,128
1856,start_plus_old_fade,3691292,3691292
1856,end,5311532,5311532
1856,end_plus_new_fade,5311660,5311660
1856,cursor,400,400
1856,cursor_enabled,True,1
1856,start_previous,100,100
1856,length_previous,100,100
1857,start,9466361,9466361
1857,length,2032605,2032605
1857,fade,256,256
1857,start_plus_old_fade,9475412,9475412
1857,end,11498966,11498966
1857,end_plus_new_fade,11499222,11499222
1857,cursor,101,101
1857,cursor_enabled,True,1
1857,start_previous,100,100
1857,length_previous,100,100
1858,start,15884074,15884074
1858,length,15507148,15507148
1858,fade,3073,3073
1858,start_plus_old_fade,15892836,15892836
1858,end,3805825,3805825
1858,end_plus_new_fade,3808898,3808898
1858,cursor,200,200
1858,cursor_enabled,False,0
1858,start_previous,100,100
1858,length_previous,100,100
1859,start,37,37
1859,length,146,146
1859,fade,128,128
1859,start_plus_old_fade,5025,5025
1859,end,183,183
1859,end_plus_new_fade,311,311
1859,cursor,499,499
1859,cursor_enabled,True,1
1859,start_previous,100,100
1859,length_previous,100,100
1860,start,15707111,15707111
1860,length,16777218,16777218
1860,fade,128,128
1860,start_plus_old_fade,15716047,15716047
1860,end,2611331,2611331
1860,end_plus_new_fade,2611459,2611459
1860,cursor,200,200
1860,cursor_enabled,False,0
1860,start_previous,100,100
1860,length_previous,100,100
1861,start,5389,5389
1861,length,44,44
1861,fade,128,128
1861,start_plus_old_fade,13415,13415
1861,end,47,47
1861,end_plus_new_fade,175,175
1861,cursor,400,400
1861,cursor_enabled,True,1
1861,start_previous,100,100
1861,length_previous,100,100
1862,start,552,552
1862,length,518,518
1862,fade,128,128
1862,start_plus_old_fade,5405,5405
1862,end,890,890
1862,end_plus_new_fade,1018,1018
1862,cursor,499,499
1862,cursor_enabled,True,1
1862,start_previous,100,100
1862,length_previous,100,100
1863,start,1,1
1863,length,30,30
1863,fade,128,128
1863,start_plus_old_fade,11411,11411
1863,end,25,25
1863,end_plus_new_fade,153,153
1863,cursor,100,100
1863,cursor_enabled,True,1
1863,start_previous,100,100
1863,length_previous,100,100
1864,start,40,40
1864,length,103,103
1864,fade,128,128
1864,start_plus_old_fade,11310,11310
1864,end,143,143
1864,end_plus_new_fade,271,271
1864,cursor,200,200
1864,cursor_enabled,False,0
1864,start_previous,100,100
1864,length_previous,100,100
1865,start,2081929,2081929
1865,length,21827840,21827840
1865,fade,128,128
1865,start_plus_old_fade,2082094,2082094
1865,end,19692798,19692798
1865,end_plus_new_fade,19692926,19692926
1865,cursor,200,200
1865,cursor_enabled,False,0
1865,start_previous,100,100
1865,length_previous,100,100
1866,start,2450349,2450349
1866,length,22124994,22124994
1866,fade,128,128
1866,start_plus_old_fade,2460000,2460000
1866,end,9549502,9549502
1866,end_plus_new_fade,9549630,9549630
1866,cursor,499,499
1866,cursor_enabled,False,0
1866,start_previous,100,100
1866,length_previous,100,100
1867,start,3121,3121
1867,length,49169,49169
1867,fade,128,128
1867,start_plus_old_fade,10503,10503
1867,end,1860,1860
1867,end_plus_new_fade,1988,1988
1867,cursor,99,99
1867,cursor_enabled,True,1
1867,start_previous,100,100
1867,length_previous,100,100
1868,start,0,0
1868,length,1023,1023
1868,fade,128,128
1868,start_plus_old_fade,10402,10402
1868,end,793,793
1868,end_plus_new_fade,921,921
1868,cursor,501,501
1868,cursor_enabled,True,1
1868,start_previous,100,100
1868,length_previous,100,100
1869,start,25,25
1869,length,52,52
1869,fade,128,128
1869,start_plus_old_fade,10674,10674
1869,end,77,77
1869,end_plus_new_fade,205,205
1869,cursor,500,500
1869,cursor_enabled,False,0
1869,start_previous,100,100
1869,length_previous,100,100
1870,start,9153,9153
1870,length,793,793
1870,fade,128,128
1870,start_plus_old_fade,19355,19355
1870,end,1018,1018
1870,end_plus_new_fade,1146,1146
1870,cursor,200,200
1870,cursor_enabled,False,0
1870,start_previous,100,100
1870,length_previous,100,100
1871,start,4496,4496
1871,length,11104,11104
1871,fade,128,128
1871,start_plus_old_fade,5166,5166
1871,end,3307,3307
1871,end_plus_new_fade,3435,3435
1871,cursor,99,99
1871,cursor_enabled,False,0
1871,start_previous,100,100
1871,length_previous,100,100
1872,start,2584,2584
1872,length,30,30
1872,fade,128,128
1872,start_plus_old_fade,3763,3763
1872,end,35,35
1872,end_plus_new_fade,163,163
1872,cursor,499,499
1872,cursor_enabled,True,1
1872,start_previous,100,100
1872,length_previous,100,100
1873,start,9755,9755
1873,length,46095,46095
1873,fade,256,256
1873,start_plus_old_fade,19338,19338
1873,end,30342,30342
1873,end_plus_new_fade,30598,30598
1873,cursor,100,100
1873,cursor_enabled,False,0
1873,start_previous,100,100
1873,length_previous,100,100
1874,start,228,228
1874,length,562,562
1874,fade,128,128
1874,start_plus_old_fade,3969,3969
1874,end,790,790
1874,end_plus_new_fade,918,918
1874,cursor,499,499
1874,cursor_enabled,True,1
1874,start_previous,100,100
1874,length_previous,100,100
1875,start,0,0
1875,length,12292,12292
1875,fade,128,128
1875,start_plus_old_fade,3305,3305
1875,end,7644,7644
1875,end_plus_new_fade,7772,7772
1875,cursor,101,101
1875,cursor_enabled,False,0
1875,start_previous,100,100
1875,length_previous,100,100
1876,start,44516,44516
1876,length,37077,37077
1876,fade,128,128
1876,start_plus_old_fade,54623,54623
1876,end,13134,13134
1876,end_plus_new_fade,13262,13262
1876,cursor,501,501
1876,cursor_enabled,True,1
1876,start_previous,100,100
1876,length_previous,100,100
1877,start,392,392
1877,length,1280,1280
1877,fade,128,128
1877,start_plus_old_fade,11870,11870
1877,end,627,627
1877,end_plus_new_fade,755,755
1877,cursor,400,400
1877,cursor_enabled,True,1
1877,start_previous,100,100
1877,length_previous,100,100
1878,start,6479,6479
1878,length,317,317
1878,fade,128,128
1878,start_plus_old_fade,11660,11660
1878,end,782,782
1878,end_plus_new_fade,910,910
1878,cursor,200,200
1878,cursor_enabled,False,0
1878,start_previous,100,100
1878,length_previous,100,100
1879,start,25541286,25541286
1879,length,24340895,24340895
1879,fade,128,128
1879,start_plus_old_fade,25547474,25547474
1879,end,20382181,20382181
1879,end_plus_new_fade,20382309,20382309
1879,cursor,100,100
1879,cursor_enabled,False,0
1879,start_previous,100,100
1879,length_previous,100,100
1880,start,14680064,14680064
1880,length,14680064,14680064
1880,fade,128,128
1880,start_plus_old_fade,14680270,14680270
1880,end,15060495,15060495
1880,end_plus_new_fade,15060623,15060623
1880,cursor,101,101
1880,cursor_enabled,False,0
1880,start_previous,100,100
1880,length_previous,100,100
1881,start,45777,45777
1881,length,6147,6147
1881,fade,3073,3073
1881,start_plus_old_fade,54679,54679
1881,end,43832,43832
1881,end_plus_new_fade,46905,46905
1881,cursor,200,200
1881,cursor_enabled,False,0
1881,start_previous,100,100
1881,length_previous,100,100
1882,start,7683,7683
1882,length,889,889
1882,fade,128,128
1882,start_plus_old_fade,17005,17005
1882,end,902,902
1882,end_plus_new_fade,1030,1030
1882,cursor,499,499
1882,cursor_enabled,False,0
1882,start_previous,100,100
1882,length_previous,100,100
1883,start,10945,10945
1883,length,128,128
1883,fade,128,128
1883,start_plus_old_fade,22613,22613
1883,end,106,106
1883,end_plus_new_fade,234,234
1883,cursor,101,101
1883,cursor_enabled,False,0
1883,start_previous,100,100
1883,length_previous,100,100
1884,start,24591,24591
1884,length,12295,12295
1884,fade,5001,5001
1884,start_plus_old_fade,25103,25103
1884,end,44591,44591
1884,end_plus_new_fade,49592,49592
1884,cursor,200,200
1884,cursor_enabled,False,0
1884,start_previous,100,100
1884,length_previous,100,100
1885,start,24591,24591
1885,length,12295,12295
1885,fade,3074,3074
1885,start_plus_old_fade,29592,29592
1885,end,36886,36886
1885,end_plus_new_fade,39960,39960
1885,cursor,200,200
1885,cursor_enabled,False,0
1885,start_previous,100,100
1885,length_previous,100,100
1886,start,24591,24591
1886,length,12295,12295
1886,fade,3074,3074
1886,start_plus_old_fade,27665,27665
1886,end,36886,36886
1886,end_plus_new_fade,39960,39960
1886,cursor,200,200
1886,cursor_enabled,False,0
1886,start_previous,100,100
1886,length_previous,100,100
1887,start,24591,24591
1887,length,12295,12295
1887,fade,3074,3074
1887,start_plus_old_fade,27665,27665
1887,end,36886,36886
1887,end_plus_new_fade,39960,39960
1887,cursor,200,200
1887,cursor_enabled,False,0
1887,start_previous,100,100
1887,length_previous,100,100
