:10080000DEEF08F0FF00FF004E82E1CF08F0E2CFFC
:1008100009F0D9CF0AF0DACF0BF0F3CF0CF0F4CF18
:100820000DF0F6CF0EF0F7CF0FF0F8CF10F0F5CFB8
:1008300011F09EA2C8EF08F09E9204013CA102D0E4
:100840008A8A01D08A9A04013DA102D08A8601D009
:100850008A9604013EA102D08A8201D08A920401C4
:100860003FA102D08A8401D08A94040140A102D021
:100870008A8801D08A98040141A102D08A8001D0DF
:100880008A90000E80B8010E0401856F85511AE030
:10089000865118E146C486F547C487F548C488F5F3
:1008A00049C489F549C042F44AC043F44BC044F4FA
:1008B0004CC045F47EC480F4466B476B486B496B73
:1008C000010E816F85C486F4FF0E49064A224B2231
:1008D0004C224CBE06D04C504B104A102FE149041C
:1008E0002DE2010E7E1B7E515627000E572341C07C
:1008F00049F042C04AF043C04BF044C04CF045C000
:1009000041F046C042F047C043F048C044F0050102
:10091000F7510401565D0501F851040157590EE3E2
:1009200056C401F057C402F0F7C503F0F8C504F04F
:100930007FEC4AF001C056F402C057F49EAA11D0D1
:10094000600E4E25D96E0A0E4F21DA6EAECFDFFF54
:100950004E4B4F2BCC0E4E1904E14F0502E14E6B6E
:100960004F6B000E80B0010EF66FF051010ED8A44F
:10097000000EF615F51BF6C4F0F450C4D9FF51C4AF
:10098000DAFFDF50976F9751010A966F84519719DC
:1009900069E085510CE049BF07D049514811471122
:1009A00006E1650E465D03E220EE45F002D020EE42
:1009B00049F03F500C0D080EF324E16E070EF420B1
:1009C000E26EDECFE6FFDECFE6FFDECFE6FFDECF74
:1009D000E6FF20EE45F03F500C0D040EF324E16ECF
:1009E000070EF420E26EDECFE6FFDECFE6FFDECFBD
:1009F000E6FFDECFE6FF3F500C0D000EF324D96E6C
:100A0000070EF420DA6E41C0DEFF42C0DEFF43C0B5
:100A1000DEFF44C0DEFF8E0E3F24D96EDA6A060E7A
:100A2000DA227EC4DFFF3F50020D480EF324D96E58
:100A3000060EF420DA6EF7C5DEFFF8C5DDFF3F5085
:100A4000020DB80EF324D96E070EF420DA6E56C4E8
:100A5000DEFF57C4DDFF3FC083F43F2A0A0E3F1874
:100A600001E13F6A97C484F430C0D9FF31C0DAFF96
:100A7000DF5020E04D0E066E0650301801E1315275
:100A800019E005015E5116E183C4D6F50401A06B9F
:100A9000A16BA26BA36B050120512111221123111F
:100AA00003E10401366B03D0010E0401366F010E21
:100AB0000501E86F30C0D9FF31C0DAFFDF50050112
:100AC0005E6FFF0E0401A007A123A223A323A3BFEF
:100AD00006D0A351A211A11114E1A00512E2010E4A
:100AE000361B98C4A0F499C4A1F49AC4A2F49BC480
:100AF000A3F49CC498F49DC499F49EC49AF49FC432
:100B00009BF430C0D9FF31C0DAFFDF50E01505019A
:100B1000E815040136153C6F32C0D9FF33C0DAFF47
:100B2000DF5020E04D0E066E0650321801E13352C0
:100B300019E005015F5116E183C4D7F50401AC6BE0
:100B4000AD6BAE6BAF6B050124512511261127113A
:100B500003E10401376B03D0010E0401376F010E6E
:100B60000501E96F32C0D9FF33C0DAFFDF5005015C
:100B70005F6FFF0E0401AC07AD23AE23AF23AFBF01
:100B800006D0AF51AE11AD1114E1AC0512E2010E69
:100B9000371BA4C4ACF4A5C4ADF4A6C4AEF4A7C47A
:100BA000AFF4A8C4A4F4A9C4A5F4AAC4A6F4ABC421
:100BB000A7F432C0D9FF33C0DAFFDF50066EE1512F
:100BC0000501E9150401371506143D6F34C0D9FF3E
:100BD00035C0DAFFDF5020E04D0E066E06503418A7
:100BE00001E1355219E00501605116E183C4D8F5E1
:100BF0000401B86BB96BBA6BBB6B050128512911A5
:100C00002A112B1103E10401386B03D0010E0401FA
:100C1000386F010E0501EA6F34C0D9FF35C0DAFF25
:100C2000DF500501606FFF0E0401B807B923BA2336
:100C3000BB23BBBF06D0BB51BA11B91114E1B80533
:100C400012E2010E381BB0C4B8F4B1C4B9F4B2C496
:100C5000BAF4B3C4BBF4B4C4B0F4B5C4B1F4B6C40C
:100C6000B2F4B7C4B3F434C0D9FF35C0DAFFDF50F3
:100C7000066EE2510501EA150401381506143E6FAF
:100C800036C0D9FF37C0DAFFDF5020E04D0E066EC8
:100C90000650361801E1375219E00501615116E19D
:100CA00083C4D9F50401C46BC56BC66BC76B050162
:100CB0002C512D112E112F1103E10401396B03D09A
:100CC000010E0401396F010E0501EB6F36C0D9FF2B
:100CD00037C0DAFFDF500501616FFF0E0401C40762
:100CE000C523C623C723C7BF06D0C751C611C51128
:100CF00014E1C40512E2010E391BBCC4C4F4BDC426
:100D0000C5F4BEC4C6F4BFC4C7F4C0C4BCF4C1C4F7
:100D1000BDF4C2C4BEF4C3C4BFF436C0D9FF37C0EB
:100D2000DAFFDF50066EE3510501EB1504013915BA
:100D300006143F6F38C0D9FF39C0DAFFDF5020E01A
:100D40004D0E066E0650381801E1395219E00501C2
:100D5000625116E183C4DAF50401D06BD16BD26B1A
:100D6000D36B0501305131113211331103E104010C
:100D70003A6B03D0010E04013A6F010E0501EC6FCE
:100D800038C0D9FF39C0DAFFDF500501626FFF0EAE
:100D90000401D007D123D223D323D3BF06D0D3510C
:100DA000D211D11114E1D00512E2010E3A1BC8C4D0
:100DB000D0F4C9C4D1F4CAC4D2F4CBC4D3F4CCC4E3
:100DC000C8F4CDC4C9F4CEC4CAF4CFC4CBF438C07F
:100DD000D9FF39C0DAFFDF50066EE4510501EC158A
:100DE00004013A150614406F3AC0D9FF3BC0DAFF40
:100DF000DF5020E04D0E066E06503A1801E13B52DE
:100E000019E00501635116E183C4DBF50401DC6BD5
:100E1000DD6BDE6BDF6B0501345135113611371197
:100E200003E104013B6B03D0010E04013B6F010E93
:100E30000501ED6F3AC0D9FF3BC0DAFFDF50050175
:100E4000636FFF0E0401DC07DD23DE23DF23DFBF3A
:100E500006D0DF51DE11DD1114E1DC0512E2010ED6
:100E60003B1BD4C4DCF4D5C4DDF4D6C4DEF4D7C453
:100E7000DFF4D8C4D4F4D9C4D5F4DAC4D6F4DBC4CE
:100E8000D7F43AC0D9FF3BC0DAFFDF50066EE55118
:100E90000501ED1504013B150614416F3CC09DF59D
:100EA0003DC09EF583CF54F4556B5451556F546B30
:100EB00082505413FF0E541B551B660E5417C00E60
:100EC0005517E85154153C6EE95155153D6E3C508F
:100ED0003D1001E132D105019D513C1804E19E51C4
:100EE0003D1801E12AD120EE49F00401F451040D2E
:100EF000780EF324E16E070EF420E26EDECFE6FFFB
:100F0000DECFE6FFDECFE6FFDECFE6FF840EF42580
:100F1000D96EDA6A060EDA227EC4DFFFF4070D0E00
:100F2000F66EFE0EF76E3C500900F514526F3D5000
:100F30000900F514536F5251531124E000C418F402
:100F400001C419F402C41AF403C41BF449C08AF59D
:100F50004AC08BF54BC08CF54CC08DF5F4290501CA
:100F60006A6F010E0401306F0D0EF66EFE0EF76E05
:100F70000900F5CF06F00900F5CF07F00650E81B91
:100F80000750E91B0F0EF66EFE0EF76E3C5009007F
:100F9000F514526F3D500900F514536F525153111F
:100FA0001CE004C41CF405C41DF406C41EF407C4EC
:100FB0001FF4F42905016B6F010E0401316F0F0E50
:100FC000F66EFE0EF76E0900F5CF06F00900F5CFBC
:100FD00007F00650E81B0750E91B110EF66EFE0ED7
:100FE000F76E3C500900F514526F3D500900F5149E
:100FF000536F525153111CE008C420F409C421F46A
:101000000AC422F40BC423F4F42905016C6F010E09
:101010000401326F110EF66EFE0EF76E0900F5CF69
:1010200006F00900F5CF07F00650E81B0750E91B52
:10103000130EF66EFE0EF76E3C500900F514526F5B
:101040003D500900F514536F525153111CE00CC46C
:1010500024F40DC425F40EC426F40FC427F4F42997
:1010600005016D6F010E0401336F130EF66EFE0E57
:10107000F76E0900F5CF06F00900F5CF07F006502E
:10108000E81B0750E91B150EF66EFE0EF76E3C507E
:101090000900F514526F3D500900F514536F525179
:1010A00053111CE010C428F411C429F412C42AF40A
:1010B00013C42BF4F42905016E6F010E0401346F83
:1010C000150EF66EFE0EF76E0900F5CF06F009005C
:1010D000F5CF07F00650E81B0750E91B170EF66E18
:1010E000FE0EF76E3C500900F514526F3D5009009A
:1010F000F514536F525153111CE014C42CF415C451
:101100002DF416C42EF417C42FF4F42905016F6FC3
:10111000010E0401356F170EF66EFE0EF76E090014
:10112000F5CF06F00900F5CF07F00650E81B075091
:10113000E91BF45102E1090EF46F040181514627C5
:10114000000E47234823492330510027000E012376
:101150000223032331510427000E0523062307230E
:1011600032510827000E09230A230B2333510C2781
:10117000000E0D230E230F2334511027000E1123D0
:101180001223132335511427000E1523162317237A
:1011900011C0F5FF10C0F8FF0FC0F7FF0EC0F6FF3B
:1011A0000DC0F4FF0CC0F3FF0BC0DAFF0AC0D9FF7B
:1011B00009C0E2FF08C0E1FF4E921100CDEF3BF005
:1011C000896B8A6B8B6B8C6B8D6B8E6B8F6B906B63
:1011D000926B010EAC6F846FA76B20EE7CF0050E56
:1011E000DE6AE806FDE2856B866B140E826F836F04
:1011F000000E82B4010E896F000E82BA010E8A6F52
:10120000000E83BE010E8B6F000E82B2010E8C6F3A
:10121000000E82BC010E8D6F000E83BC010E8E6F1E
:10122000000E82B0010E8F6F000E84B4010E906F1D
:10123000B46B080EB41901E1C5D0B451020D5C0EB7
:10124000F324D96E060EF420DA6EDE50DE1031E0A3
:10125000980EB425D96EDA6A060EDA22B451890FD7
:10126000E16EE26ADFCFE7FFB451020D5C0EF324BA
:10127000D96E060EF420DA6EDE2A000EDD228351CE
:10128000776F786BB451020D5C0EF324D96E060EA5
:10129000F420DA6E7751DE5C7851DE580AE3B451FF
:1012A000020D5C0EF324D96E060EF420DA6EDE6AAF
:1012B000DD6AB451890FD96EDA6ADF5013E1980EF6
:1012C000B425D96EDA6A060EDA22DF500BE0B4518B
:1012D000020D5C0EF324D96E060EF420DA6E010EB8
:1012E000DE6EDD6A060EB46129D0B451890FD96E65
:1012F000DA6ADF5002E1AC51A713060168516911A7
:101300000FE16A516B110CE100018F5103E0010EF6
:101310000401746F0001905103E0010E0401736F2A
:10132000040174510BE0735109E0BA0E0001B425B9
:10133000D96EDA6A060EDA22010EDF6E050E0001A2
:10134000B4650AD0B451890FD96EDA6ADF5002E170
:1013500084519213D8908437B451890FD96EDA6AC8
:10136000980EB425E16EE26A060EE222DFCFE7FFB7
:10137000D890AC37060EB46123D07C0EB425D96E5C
:10138000DA6A050EDA22DF501BE0B451040D000EBC
:10139000F324D96E040EF420DA6EDE50DE10DE1077
:1013A000DE100EE0300EB425D96EDA6A040EDA22B1
:1013B000DF5006E0B4517C0FD96EDA6A010EDF6EA1
:1013C000B42B37D78E5106E006016651671102E152
:1013D0000401716B0001A75104016E150001AD6F8E
:1013E000A751AD1BA7C06EF4060E916FAA6B030E3A
:1013F000AA194BE09107AA51890FD96EDA6ADF501A
:101400000EE0AA517C0FD96EDA6ADF5008E1520E65
:10141000AA25D96EDA6A050EDA22DF5009E0640ED9
:10142000AA25D96EDA6A050EDA22010EDF6E07D020
:10143000640EAA25D96EDA6A050EDA22DF6A9151A6
:10144000890FD96EDA6ADF500EE091517C0FD96EA8
:10145000DA6ADF5008E1520E9125D96EDA6A050E7C
:10146000DA22DF5009E0670EAA25D96EDA6A050E86
:10147000DA22010EDF6E07D0670EAA25D96EDA6A6E
:10148000050EDA22DF6AAA2BB2D70501975198110F
:1014900009E1A7C012F000019251C3EC29F000014C
:1014A000876F04D079C487F0974B982B0001825145
:1014B000776F786B050197510001775D05019851B1
:1014C0000001785903E20501976B986B0401906B5A
:1014D0008C6B916B926B896B8F6B8E6B010EF26FC5
:1014E0000001AB6B946B060E941901E1BFD39451CC
:1014F000890FD96EDA6ADF5008E04C0E9425D96E58
:10150000DA6A050EDA22010EDF6E942BECD7010E9B
:101510000401706F18D0010E0401926F010E0401D6
:101520006F6F11D0040179510001776F786B78519A
:10153000EEE17751030AEFE0060AF0E0120AEBE071
:101540000F0AECE0E4D7766B776B786B8B6B755199
:1015500001E1D9D3756BD7D3010E0401906F04015B
:10156000F26BD1D3010E7FD3010E0401926FF7D736
:10157000010E0401896FF3D7010E04018F6FEFD7BD
:10158000010E04018E6F0001886B060E881901E1BF
:10159000BAD34C0E8825D96EDA6A050EDA22010E0E
:1015A000DF6E882BF2D70501A26B010EA16FD7D792
:1015B0000501A06B010E9F6FD2D7030E9219CFE1E8
:1015C000010E0401916FCBD7030EAB27AB2B3E501E
:1015D0008BEC45F00001AE6B060EAE1901E17FD039
:1015E000AE51890FD96EDA6ADF5076E14C0EAE2526
:1015F000D96EDA6A050EDA22DF506EE0700EAE2583
:10160000D96EDA6A050EDA22AB51DE5C09E3700EA0
:10161000AE25D96EDA6A050EDA22AB51DF5E12D042
:10162000700EAE25D96EDA6A050EDA22700EAE257E
:10163000E16EE26A050EE222E750776FAB51775D0B
:10164000600FDF6EE20EAE25D96EDA6A050EDA2281
:10165000010EDF6E4C0EAE25D96EDA6A050EDA2267
:10166000DF6A126A040E84EC3EF0000935E00001E6
:10167000956B966B400E951996112EE095C012F061
:10168000020E84EC3EF0000923E0700E0001AE254E
:10169000D96EDA6A050EDA22060E9503F3CF77F0DB
:1016A000F4CF78F09603F3507827AC0E796F0D0ED7
:1016B0007A6F7751792778517A23AE517925E16E87
:1016C000000E7A21E26EDFCFE7FF95518BEC45F0FB
:1016D0000001954B962BCED70001AE2B7DD705018F
:1016E000A26B010EA16F9ED0030EAB27AB2B3E5019
:1016F0008BEC45F00001AF6B060EAF1901E18ED007
:10170000AF51890FD96EDA6ADF5001E084D04C0EF8
:10171000AF25D96EDA6A050EDA22DF507CE0600E62
:10172000776F786BAB51775F000E785B700EAF25EB
:10173000D96EDA6A050EDA22DF50796F7A6B77514B
:10174000795D7A51800A7B6F7851800A7B5909E272
:10175000700EAF25D96EDA6A050EDA22AB51DF269C
:1017600010D0700EAF25D96EDA6A050EDA22700E2F
:10177000AF25E16EE26A050EE222E750AB25A00F2D
:10178000DF6EE20EAF25D96EDA6A050EDA22010E9F
:10179000DF6E4C0EAF25D96EDA6A050EDA22DF6AEB
:1017A000126A040E84EC3EF0000935E00001976BEC
:1017B000986B400E971998112EE097C012F0020E08
:1017C00084EC3EF0000923E0700E0001AF25D96ED5
:1017D000DA6A050EDA22060E9703F3CF77F0F4CF1C
:1017E00078F09803F3507827AC0E796F0D0E7A6F6E
:1017F0007751792778517A23AF517925E16E000E20
:101800007A21E26EDFCFE7FF97518BEC45F00001C4
:10181000974B982BCED70001AF2B6ED70501A06B4D
:10182000010E9F6F04018E6F6ED23E508BEC45F01F
:101830000001B06B060EB01901E1A2D0B051890FC2
:10184000D96EDA6ADF5001E098D0BA0EB025D96EB1
:10185000DA6A060EDA22DF5001E18FD0B051020DB4
:10186000380EF324D96E050EF420DA6E010EDBBEBD
:1018700005D0DB500EE17C0EDE5C0BE2B051020DB8
:10188000380EF324D96E050EF420DA6EDE2A000E2F
:10189000DD22B051040D000EF324D96E040EF420A5
:1018A000DA6EDE6ADE6ADE6ADD6A300EB025D96E77
:1018B000DA6A040EDA22DF6AB051040D180EF3243E
:1018C000D96E040EF420DA6EDE6ADE6ADE6ADD6A44
:1018D0007C0EB025D96EDA6A050EDA22DF6AE20ED6
:1018E000B025D96EDA6A050EDA22010EDF6EBA0E65
:1018F000B025D96EDA6A060EDA22DF6A0401736B4C
:10190000126A040E84EC3EF0000937E00001996B86
:101910009A6B400E99199A1130E099C012F0020E9C
:1019200084EC3EF0000925E00001B051020D380EB4
:10193000F324D96E050EF420DA6E060E9903F3CF68
:1019400077F0F4CF78F09A03F35078272C0E796F64
:101950000C0E7A6F7751792778517A23B051792517
:10196000E16E000E7A21E26EDFCFE7FF99518BEC3A
:1019700045F00001994B9A2BCCD70001B02B5AD7D8
:101980000501A06B010E9F6FBED13E508BEC45F060
:101990000001B16B060EB11901E1A2D0B151890F5E
:1019A000D96EDA6ADF5001E098D0BA0EB125D96E4F
:1019B000DA6A060EDA22DF5001E18FD0B151020D52
:1019C000380EF324D96E050EF420DA6E010EDBAE6C
:1019D00005D0850EDE5CFF0EDE580BE3B151020D23
:1019E000380EF324D96E050EF420DA6EDE06000EF2
:1019F000DD5AB151040D000EF324D96E040EF4200B
:101A0000DA6EDE6ADE6ADE6ADD6A300EB125D96E14
:101A1000DA6A040EDA22DF6AB151040D180EF324DB
:101A2000D96E040EF420DA6EDE6ADE6ADE6ADD6AE2
:101A30007C0EB125D96EDA6A050EDA22DF6AE20E73
:101A4000B125D96EDA6A050EDA22010EDF6EBA0E02
:101A5000B125D96EDA6A060EDA22DF6A0401746BE8
:101A6000126A040E84EC3EF0000937E000019B6B23
:101A70009C6B400E9B199C1130E09BC012F0020E33
:101A800084EC3EF0000925E00001B151020D380E52
:101A9000F324D96E050EF420DA6E060E9B03F3CF05
:101AA00077F0F4CF78F09C03F35078272C0E796F01
:101AB0000C0E7A6F7751792778517A23B1517925B5
:101AC000E16E000E7A21E26EDFCFE7FF9B518BECD7
:101AD00045F000019B4B9C2BCCD70001B12B5AD772
:101AE0000501A26B010EA16F0ED1020EBCD0010E3A
:101AF0000401916F0001A86B060EA81928E0A851F7
:101B0000040D000EF324D96E040EF420DA6EDE6AA2
:101B1000DE6ADE6ADD6A300EA825D96EDA6A040E46
:101B2000DA22DF6AA851040D180EF324D96E040ED0
:101B3000F420DA6EDE6ADE6ADE6ADD6A7C0EA825D3
:101B4000D96EDA6A050EDA22DF6AA82BD5D7A7513B
:101B500050E10401766B8B6B786B776B4AD0040194
:101B60008B5101E0D0D03E50FDEC43F0A0EC42F0B0
:101B7000010E8B6F7F6FC7D004018B5101E0C3D082
:101B80003E50B8EC47F0010E04018B6FBCD004014D
:101B90008B5101E0B8D07AEC4BF0E8D704017851D2
:101BA00001E0B1D0000E03EC38F0010E0401786FB3
:101BB000776B766BA8D00401775101E0A4D0000EBA
:101BC00000016A6BFDEC35F0010E0401776F766B56
:101BD000786B99D00401765101E095D0010E000197
:101BE0006A6F000EFDEC35F0010E0401766F776B25
:101BF000EFD70001A751776F786B785101E083D060
:101C00007751010AACE0030AB7E0060AC0E00C0A0B
:101C1000C5E0180AD0E0300ADDE075D00401735148
:101C200001E1C1D4030E0001921901E0BCD404010A
:101C3000D8907037100E706501D0706F736BB3D48D
:101C40000401745101E1B4D4030E0001921901E0C2
:101C5000AFD40401D8907037100E706501D0706F4A
:101C6000746BA6D4030E04018C6F79D48751776FFF
:101C7000786B785148E1775101E154D4010A01E1D0
:101C80006BD4030A01E16ED4010A01E16DD4070AA5
:101C900001E16ED4010A01E16FD4030A01E170D4BD
:101CA000010A01E159D40F0A01E17DD4010A01E1E1
:101CB0007FD4030A01E181D4010A01E17ED4070A3D
:101CC00001E182D4010A01E10FD5020A01E1ADD59B
:101CD0001F0A01E15AD6010A01E152D4030A01E1C7
:101CE00075D4010A01E102D5070A01E141D4010AD4
:101CF00001E1FBD6030A01E1FAD6010A8FE00F0ADF
:101D00009FE0010AAFE0000187510401791905E065
:101D1000000E0501986F010E976F87C079F40401DA
:101D20006F5101E1E0D10001B36B060EB31901E17F
:101D3000E9D0520EB325D96EDA6A050EDA22DF50E9
:101D400001E1DED03E508BEC45F0520E0001B32590
:101D5000D96EDA6A050EDA22DF5004017003F3CF80
:101D600077F0F4CF78F00001D89077377837D890B3
:101D700077377837FC0E7725856FFF0E7821866FD1
:101D800086BF09D0865103E17D0E855D04E3000E18
:101D9000866F7C0E856F0401925105E00001856D10
:101DA000861FD8B0862B85C077F00001786B77BF8F
:101DB0007807B351020D380EF324D96E050EF420C6
:101DC000DA6E77C0DEFF78C0DDFF126A040E84ECA5
:101DD0003EF0000950E00001A56BA66B400EA5196E
:101DE000A61149E0A5C012F0020E84EC3EF00009F5
:101DF0003EE00001A5518BEC45F00001B351020D0E
:101E0000380EF324D96E050EF420DA6E060EA50303
:101E1000F3CF77F0F4CF78F0A603F35078272C0EA9
:101E2000796F0C0E7A6F7751792778517A23B351F5
:101E30007925E16E000E7A21E26EDFCFE7FF060E14
:101E4000A503F3CF77F0F4CF78F0A603F35078270B
:101E5000AC0E796F0D0E7A6F7751792778517A230E
:101E6000B3517925D96E000E7A21DA6EDF6A00014E
:101E7000A54BA62BB3D7520E0001B325D96EDA6A53
:101E8000050EDA22DF6AB351040D000EF324D96E79
:101E9000040EF420DA6EDE6ADE6ADE6ADD6A300E77
:101EA000B325D96EDA6A040EDA22DF6AB351040D63
:101EB000180EF324D96E040EF420DA6EDE6ADE6AA0
:101EC000DE6ADD6A7C0EB325D96EDA6A050EDA2287
:101ED000DF6AE20EB325D96EDA6A050EDA22010E48
:101EE000DF6E700EB325D96EDA6A050EDA22DF6A6C
:101EF000CC0EB325D96EDA6A060EDA22010EDF6E39
:101F0000B32B13D7010E0401706F926B6F6BEBD084
:101F1000010E0401756F21D00401952B030E956508
:101F20002FD0956B2DD08DEC43F004018A6F28D013
:101F30000401932B010E936523D0936B21D0010EE6
:101F400003EC38F01DD06A6B010EFDEC35F018D0B3
:101F5000010E6A6FFDEC35F013D00001AD51776FC3
:101F6000786B78510DE17751010AD6E0030ADBE086
:101F7000060ADEE00C0AE3E0180AE5E0300AE8E0D1
:101F80000001AD6BC0D0400EB26F010E0401756F41
:101F900003D0ADC0F3F40DD00001AD51776F786B75
:101FA000785107E17751010AF4E0030AF2E0060AEA
:101FB000F0E0ADAB13D00401715110E1F60E5019F1
:101FC00007E1040E511904E1F50E506F040E03D021
:101FD000F60E506F040E516F010E716F0001ADA728
:101FE0002CD0B251D96EDA6ADF50380B936FB251F0
:101FF000D96EDA6A070EDF16B251D96EDA6AD89056
:10200000DF36B251D96EDA6ADF5008E0B251D96ECC
:10201000DA6A080EDE1807E1935105E1B251D96E74
:10202000DA6A010EDF6EB251D96EDA6A070EDF1678
:10203000B251D96EDA6A9351DF12ADA92CD0B251E8
:10204000D96EDA6ADF50070B936FB251D96EDA6A34
:10205000380EDF16B251D96EDA6ADF5008E0B2519D
:10206000D96EDA6A200EDE1807E1935105E1B2510C
:10207000D96EDA6A000EDB84B251D96EDA6AD89072
:10208000DF36B251D96EDA6A380EDF16B251D96E28
:10209000DA6A9351DF1240C077F0380E771707E005
:1020A00040C077F0070E771702E0408E69D73F0EE9
:1020B000401666D7010E0401756F0001AD5103E0B3
:1020C000AD510401F11B0401F1B172A107D0722BD3
:1020D000010E726503D0400EF11B726BF1A172B15B
:1020E0004FD7722B4DD78C510001776F786B785199
:1020F0000AE1775108E0010A01E10AD7030A01E188
:1021000042D7010AD7E00401F25103E08E51D8B45E
:1021100012000001AD51D8B41200010EAB6FAC6FCC
:10212000090E916FA96B060EA91901E11200AC51BD
:10213000AD1501E105D10401895179E0DC0E000102
:10214000A925D96EDA6A050EDA22010EDF1ADC0E35
:10215000A925D96EDA6A050EDA22DF5030E03E504A
:102160008BEC45F0000E3E24D96EDA6A080EDA22B6
:102170000001AC51DF12126A040E84EC3EF000093B
:1021800052E000019D6B9E6B400E9D199E114BE02D
:102190009DC012F0020E84EC3EF000090CE0000E2F
:1021A00000019D25D96E080E9E21DA6EAC51DF121A
:1021B0009D518BEC45F000019D4B9E2BE5D73E5089
:1021C0008BEC45F00001AC1D776F000E3E24D96EFC
:1021D000DA6A080EDA227751DF16126A040E84ECEE
:1021E0003EF0000920E000019F6BA06B400E9F199C
:1021F000A01119E09FC012F0020E84EC3EF000091D
:102200000EE00001AC1D776F000E9F25D96E080E01
:10221000A021DA6E7751DF169F518BEC45F000015B
:102220009F4BA02BE3D70001AB513FEC48F00401DA
:10223000905179E0E00E0001A925D96EDA6A040E0A
:10224000DA22010EDF1AE00EA925D96EDA6A040E31
:10225000DA22DF5030E03E508BEC45F0400E3E2459
:10226000D96EDA6A080EDA220001AC51DF12126A66
:10227000040E84EC3EF0000952E00001A16BA26B59
:10228000400EA119A2114BE0A1C012F0020E84EC85
:102290003EF000090CE0400E0001A125D96E080EA9
:1022A000A221DA6EAC51DF12A1518BEC45F0000196
:1022B000A14BA22BE5D73E508BEC45F00001AC1DA5
:1022C000776F400E3E24D96EDA6A080EDA22775113
:1022D000DF16126A040E84EC3EF0000920E00001D3
:1022E000A36BA46B400EA319A41119E0A3C012F0B4
:1022F000020E84EC3EF000090EE00001AC1D776F89
:10230000400EA325D96E080EA421DA6E7751DF1690
:10231000A3518BEC45F00001A34BA42BE3D70001A4
:10232000AB513FEC48F004018F5102E1925108E0BB
:10233000520E0001A925D96EDA6A050EDA22DF2ACB
:102340000001D890AC37A92BEED60001B86BE00E97
:10235000B825D96EDA6A040EDA22DF5010E0B851DF
:10236000020DF350300FD96EDA6ADECF85F0DDCF83
:1023700086F085C0D9FF86C0DAFFDF5008E1C00EC5
:10238000B825D96EDA6A060EDA22010EDF6EB40EB7
:10239000B825D96EDA6A060EDA22360EB825E16E55
:1023A000E26A040EE222DE50E61807E0760EB82557
:1023B000D96EDA6A050EDA22DF6A360EB825D96ED2
:1023C000DA6A040EDA22B40EB825E16EE26A060E6D
:1023D000E222DFCFE7FFD60EB825D96EDA6A050E06
:1023E000DA22DF50A96FD60EB825D96EDA6A050E4B
:1023F000DA22DF6840C085F0380E851750E0A92941
:102400004EE0A951D0EC2BF0B851040D180EF32476
:10241000D96E060EF420DA6E68C0DEFF69C0DEFFFA
:102420006AC0DEFF6BC0DEFFCC0EB825D96EDA6A5B
:10243000060EDA22DF6A760EB825D96EDA6A050E44
:10244000DA22DF6AB36BD60EB325D96EDA6A050ECF
:10245000DA22A951DE181FE1B851040D180EF32439
:10246000D96E060EF420DA6EB351040D180EF32463
:10247000E16E060EF420E26EDECFE6FFDECFE6FF71
:10248000DECFE6FFDECFE6FFD60EB325D96EDA6AE1
:10249000050EDA22DF68B32B060EB319D4E1CC0E99
:1024A000B825D96EDA6A060EDA22DF500CE17C0E0E
:1024B000B825D96EDA6A050EDA22DF5004E13E5003
:1024C0000401EA191CE0CC0E0001B825D96EDA6AC5
:1024D000060EDA22DF6AB851040D180EF324D96E05
:1024E000060EF420DA6EDE6ADE6ADE6ADD6A760ED9
:1024F000B825D96EDA6A050EDA22000EDF6E040105
:10250000825113E1D80E0001B825D96EDA6A060EA1
:10251000DA22DF500AE1760EB825D96EDA6A050EA6
:10252000DA22DF5002E074EF19F07C0E0001B825CA
:10253000D96EDA6A050EDA22DF5002E074EF19F084
:102540004CBE74EF19F04C504B104A1005E14C0E84
:10255000495C02E274EF19F0B851030DF3CF85F036
:10256000F4CF86F0D89085378637D8908537863770
:10257000A00E8525D96E040E8621DA6E030EDBBE11
:1025800074EF19F0DB500BE1020EDB5008E1010E95
:10259000DB5005E14C0EDE5C02E274EF19F0B8513D
:1025A000030DF3CF85F0F4CF86F0D89085378637CA
:1025B000D890853786379C0E8525D96E040E8621E6
:1025C000DA6EB50EDE24876FFF0EDE20886FFF0EF9
:1025D000DE20896FFF0EDE208A6FB851030DF3CF26
:1025E0008BF0F4CF8CF0D8908B378C37D8908B371A
:1025F0008C37A00E8B25D96E040E8C21DA6E875194
:10260000DE5C8851DE588951DE58DE50800A916FB9
:102610008A51800A915947E3B851030DF3CF85F0F1
:10262000F4CF86F0D89085378637D89085378637AF
:10263000A00E8525D96E040E8621DA6EB851030DE1
:10264000F3CF8BF0F4CF8CF0D8908B378C37D890B9
:102650008B378C379C0E8B25E16E040E8C21E26E3D
:10266000E6CF8DF0E6CF8EF0E6CF8FF0E6CF90F09C
:102670004B0E8D25916F000E8E21926F000E8F21D3
:10268000936F000E9021946FDE50915DDE50925951
:10269000DE5093599451800A956FDE50800A955907
:1026A00002E374EF19F0B851030DF3CF85F0F4CFC6
:1026B00086F0D89085378637D890853786379C0E38
:1026C0008525D96E040E8621DA6EB851040DBE0E32
:1026D000F324E16E050EF420E26EDE50E61809E107
:1026E000DE50E61806E1DE50E61803E1DE50E6189B
:1026F00060E0B851030DF3CF85F0F4CF86F0D890A9
:1027000085378637D890853786379C0E8525D96ED4
:10271000040E8621DA6EB851040D000EF324E16E2A
:10272000060EF420E26EDECFE6FFDECFE6FFDECF60
:10273000E6FFDECFE6FFB851040DBE0EF324D96EDE
:10274000050EF420DA6EB851030DF3CF85F0F4CF07
:1027500086F0D89085378637D89085378637980E9B
:102760008525E16E040E8621E26EDECFE6FFDECF28
:10277000E6FFDECFE6FFDDCFE5FFE552E552B851DB
:10278000030DF3CF87F0F4CF88F0D89087378837E0
:10279000D890873788379C0E8725D96E040E8821FC
:1027A000DA6EE6CFDEFFE6CFDEFFE6CFDEFFE6CF76
:1027B000DEFFAB6BAC6BAD6BAE6BB851040D180E9E
:1027C000F324D96E060EF420DA6EDE50DE10DE1031
:1027D000DE105EE0B851040D180EF324D96E060E1B
:1027E000F420DA6EDECF12F0DECF13F0DECF14F07D
:1027F000DECF15F0B851020D780EF324D96E060E17
:10280000F420DA6EDECF85F0DDCF86F0060ED890AC
:1028100085378637E82EFBD785C016F086C017F0BF
:10282000000E17BEFF0E186E196E2BEC49F012C089
:10283000ABF013C0ACF014C0ADF015C0AEF0ABC03F
:1028400020F0ACC021F0ADC022F0AEC023F0200ECD
:10285000166E176A186A196A45C012F046C013F05E
:1028600047C014F048C015F02DEC45F012C024F01C
:1028700013C025F014C026F015C027F0FCEC47F07B
:1028800020C0ABF021C0ACF022C0ADF023C0AEF050
:1028900056C412F057C413F00001B851020D780E5F
:1028A000F324D96E060EF420DA6EDECF14F0DDCFFD
:1028B00015F060EC4AF012C0A2F013C0A3F00001C2
:1028C000B851020D780EF324D96E060EF420DA6E9C
:1028D000DECF85F0DDCF86F0A251855FA351865B08
:1028E000FF0E8525A26FFF0E8621A36FD890453479
:1028F000856F4634866F4734876F4834886FA2519E
:10290000896FA3518A6F8B6B8C6B89518503F3CFD1
:102910008DF0F4CF8EF08F6B906B8603F3508E2783
:10292000F4508F23000E90238A518503F3508E2795
:10293000F4508F23000E902389518703F3508F2783
:10294000F45090238A518603F3508F27F45090233C
:102950008B518503F3508F27F450902388518903BE
:10296000F35090278A518703F35090278B518603A9
:10297000F35090278C518503F35090278DC0AFF012
:102980008EC0B0F08FC0B1F090C0B2F07EC485F0C0
:10299000866B876B886B85514502F3CF89F0F4CF46
:1029A0008AF08B6B8C6B4602F3508A27F4508B2392
:1029B000000E8C2386514502F3508A27F4508B2356
:1029C000000E8C2385514702F3508B27F4508C2343
:1029D00086514602F3508B27F4508C2387514502D1
:1029E000F3508B27F4508C2348508503F3508C27E9
:1029F00086514702F3508C2787514602F3508C27AB
:102A000088514502F3508C278951AF278A51B02352
:102A10008B51B1238C51B2234550AF5D4650B05914
:102A20004750B159B251800A856F4850800A855984
:102A300010E34150AF274250B0234350B1234450DC
:102A4000B2234550AF5F4650B05B4750B15B485032
:102A5000B25BB851040D200EF324D96E050EF4209C
:102A6000DA6EDECF85F0DECF86F0DECF87F0DECF08
:102A700088F0AB518525896FAC5186218A6FAD51A5
:102A800087218B6FAE5188218C6F8951AF278A5176
:102A9000B0238B51B1238C51B2234950AF274A50F8
:102AA000B0234B50B1234C50B223AFC012F0B0C092
:102AB00013F0B1C014F0B2C015F0B851030DF3CF4C
:102AC00085F0F4CF86F0D89085378637D890853753
:102AD00086379C0E8525D96E040E8621DA6EDECFF0
:102AE00016F0DECF17F0DECF18F0DECF19F02DECA8
:102AF00045F01250010B0001A46FAFC012F0B0C03E
:102B000013F0B1C014F0B2C015F0B851030DF3CFFB
:102B100085F0F4CF86F0D89085378637D890853702
:102B200086379C0E8525D96E040E8621DA6EDECF9F
:102B300016F0DECF17F0DECF18F0DECF19F040EC44
:102B400046F012C0B4F013C0B5F014C0B6F015C012
:102B5000B7F00001B451B511B611B71102E1010E81
:102B6000A41B0401825109E1C00E0001B825D96EF1
:102B7000DA6A060EDA22DF5028E0E00E0001B825FE
:102B8000D96EDA6A040EDA22DF501FE0B851020D66
:102B9000F350300FD96EDA6ADECF85F0DDCF86F0E4
:102BA00085C0D9FF86C0DAFFDF500FE0360EB825AA
:102BB000D96EDA6A040EDA22A4C0DFFFC00EB8258F
:102BC000D96EDA6A060EDA22DF6AAA6B360EB825EB
:102BD000D96EDA6A040EDA22A451DE1802E0010E80
:102BE000AA6FB851030DF3CF85F0F4CF86F0D890DB
:102BF00085378637D89085378637A00E8525D96EDC
:102C0000040E8621DA6EDECF87F0DECF88F0DECFCD
:102C100089F0DECF8AF0B851030DF3CF8BF0F4CFFB
:102C20008CF0D8908B378C37D8908B378C379C0EA4
:102C30008B25D96E040E8C21DA6EDECF8DF0DECFBF
:102C40008EF0DECF8FF0DECF90F087518D5DA56FD7
:102C500088518E59A66F89518F59A76F8A51905903
:102C6000A86FB851030DF3CF85F0F4CF86F0D8905C
:102C700085378637D890853786379C0E8525D96E5F
:102C8000040E8621DA6EDECF87F0DECF88F0DECF4D
:102C900089F0DECF8AF0B451875D9A6FB5518859BB
:102CA0009B6FB65189599C6FB7518A599D6FAA5134
:102CB00001E100D2B851030DF3CF85F0F4CF86F0D7
:102CC000D89085378637D89085378637A00E8525EA
:102CD000D96E040E8621DA6EDE50B45DDE50B55931
:102CE000DE50B659B751800A8B6FDE50800A8B597F
:102CF00001E2E0D1B851030DF3CF85F0F4CF86F0B7
:102D0000D89085378637D89085378637A00E8525A9
:102D1000D96E040E8621DA6EDECF87F0DECF88F022
:102D2000DECF89F0DECF8AF0A55187258B6FA651C3
:102D300088218C6FA75189218D6FA8518A218E6FB0
:102D4000B851030DF3CF8FF0F4CF90F0D8908F37B8
:102D50009037D8908F3790379C0E8F25D96E040E00
:102D60009021DA6EDECF91F0DECF92F0DECF93F0DD
:102D7000DECF94F0D8909135956F9235966F93355C
:102D8000976F9435986F8B51955D8C5196598D51F5
:102D900097599851800A996F8E51800A99592CE35E
:102DA000B851030DF3CF85F0F4CF86F0D890853776
:102DB0008637D890853786379C0E8525D96E040EC8
:102DC0008621DA6EA551DE5CA651DE58A751DE5889
:102DD000DE50800A8B6FA851800A8B590DE3A551F4
:102DE0009A5DA6519B59A7519C599D51800A856FA8
:102DF000A851800A85594BE2B851030DF3CF85F0F5
:102E0000F4CF86F0D89085378637D89085378637C7
:102E1000980E8525D96E040E8621DA6EB4C0DEFFC9
:102E2000B5C0DEFFB6C0DEFFB7C0DEFFB851030D90
:102E3000F3CF85F0F4CF86F0D89085378637D890D9
:102E400085378637A00E8525D96E040E8621DA6E69
:102E5000010EDE6EDE6ADE6ADD6AB851030DF3CF65
:102E600085F0F4CF86F0D89085378637D8908537AF
:102E700086379C0E8525D96E040E8621DA6EB851F0
:102E8000040D000EF324E16E060EF42065D0B85157
:102E9000040D000EF324D96E060EF420DA6EDECF98
:102EA00085F0DECF86F0DECF87F0DECF88F0D890D9
:102EB0008535896F86358A6F87358B6F88358C6F3E
:102EC000B851030DF3CF8DF0F4CF8EF0D8908D373D
:102ED0008E37D8908D378E379C0E8D25D96E040E87
:102EE0008E21DA6EDECF8FF0DECF90F0DECF91F064
:102EF000DECF92F0320E8F25936F000E9021946FEB
:102F0000000E9121956F000E9221966F8951935D6D
:102F10008A5194598B5195599651800A976F8C51CB
:102F2000800A975923E3B851040D000EF324D96E9B
:102F3000060EF420DA6EB851030DF3CF85F0F4CF0E
:102F400086F0D89085378637D89085378637980EA3
:102F50008525E16E040E8621E26EDECFE6FFDECF30
:102F6000E6FFDECFE6FFDECFE6FF06D1B851030D68
:102F7000F3CF85F0F4CF86F0D89085378637D89098
:102F8000853786379C0E8525D96E040E8621DA6E2C
:102F9000DECF87F0DECF88F0DECF89F0DECF8AF09B
:102FA000D89087358B6F88358C6F89358D6F8A35D2
:102FB0008E6FB4518B25126EB5518C21136EB651A4
:102FC0008D21146EB7518E21156E040E166E176A80
:102FD000186A196A2DEC45F00001B851030DF3CFC2
:102FE0008FF0F4CF90F0D8908F379037D8908F37FC
:102FF0009037980E8F25D96E040E9021DA6E12C08C
:10300000DEFF13C0DEFF14C0DEFF15C0DEFFB851C7
:10301000030DF3CF85F0F4CF86F0D890853786374F
:10302000D89085378637980E8525D96E040E86216F
:10303000DA6EDECF87F0DECF88F0DECF89F0DECF2C
:103040008AF0030E8703F3CF8BF0F4CF8CF08D6BF7
:103050008E6B8803F3508C27F4508D23000E8E2343
:103060008703F3508C27F4508D23000E8E23030E1C
:103070008903F3508D27F4508E23000E8803F350FC
:103080008D27F4508E23000E8703F3508D27F450C4
:103090008E23030E8A03F3508E27000E8903F3500C
:1030A0008E27000E8803F3508E27000E8703F350FF
:1030B0008E2747D0AA5160E0B851030DF3CF85F0B9
:1030C000F4CF86F0D89085378637D8908537863705
:1030D000A00E8525D96E040E8621DA6EDE50B45D11
:1030E000DE50B559DE50B659B751800A8B6FDE50AD
:1030F000800A8B5941E2B851030DF3CF85F0F4CF2C
:1031000086F0D89085378637D890853786379C0EDD
:103110008525D96E040E8621DA6EDECF87F0DECFEC
:1031200088F0DECF89F0DECF8AF0B45187258B6F2F
:10313000B55188218C6FB65189218D6FB7518A2185
:103140008E6FB851030DF3CF8FF0F4CF90F0D8907D
:103150008F379037D8908F379037A00E8F25D96E44
:10316000040E9021DA6E8BC0DEFF8CC0DEFF8DC0B6
:10317000DEFF8EC0DEFF71D6AA513CE1B851030DCF
:10318000F3CF85F0F4CF86F0D89085378637D89086
:1031900085378637A00E8525D96E040E8621DA6E16
:1031A000B4C0DEFFB5C0DEFFB6C0DEFFB7C0DEFFD5
:1031B000B851030DF3CF85F0F4CF86F0D890853762
:1031C0008637D890853786379C0E8525D96E040EB4
:1031D0008621DA6EB851040D000EF324E16E060E5E
:1031E000F420E26EDECFE6FFDECFE6FFDECFE6FFC5
:1031F000DECFE6FFB851020D380EF324D96E050E6E
:10320000F420DA6EDE50DE1060E1B851040D200EBD
:10321000F324D96E050EF420DA6EDE50DE10DE10D7
:10322000DE1053E1AB51AC11AD11AE114EE1B8510E
:10323000030DF3CF85F0F4CF86F0D890853786372D
:10324000D89085378637980E8525D96E040E86214D
:10325000DA6E41C0DEFF42C0DEFF43C0DEFF44C085
:10326000DEFF20EE49F0B851030DF3CF85F0F4CF27
:1032700086F0D89085378637D89085378637A00E68
:103280008525E16E040E8621E26EDECFE6FFDECFFD
:10329000E6FFDECFE6FFDECFE6FFB851020DF350CA
:1032A000300FD96EDA6ADECF85F0DDCF86F085C0CB
:1032B000D9FF86C0DAFFDF5008E0360EB825D96E98
:1032C000DA6A040EDA227EC4DFFFD80EB825D96E82
:1032D000DA6A060EDA22DF6A760EB825D96EDA6A65
:1032E000050EDA22010EDF6E9E6B9F6BA06BA16B49
:1032F000B8C085F0010E866F852B02D0D890863736
:10330000852FFCD7000186510401F1153FE1000132
:10331000B851030DF3CF85F0F4CF86F0D890853700
:103320008637D890853786379C0E8525D96E040E52
:103330008621DA6E030EDBBE29D0DB5009E1020ED6
:10334000DB5006E1010EDB5003E1C90EDE5C1EE33B
:10335000B851030DF3CF85F0F4CF86F0D8908537C0
:103360008637D890853786379C0E8525D96E040E12
:103370008621DA6E380EDE249E6FFF0EDE209F6FF0
:10338000FF0EDE20A06FFF0EDE20A16F360E0001C3
:10339000B825D96EDA6A040EDA22DF5023E0B8517C
:1033A000030DF3CF85F0F4CF86F0D89085378637BC
:1033B000D89085378637A00E8525D96E040E8621D4
:1033C000DA6E9E51DE5C9F51DE58A051DE58A1514D
:1033D000DE5808E2E80EB825D96EDA6A050EDA2260
:1033E000DF6A08D0E80EB825D96EDA6A050EDA224F
:1033F000010EDF6EB82B060EB81902E0A7EF11F030
:103400003EC0EAF40401826B12000001FC6BEA6B1F
:10341000EF6BFC6B0401F25102E16AEF1FF0000157
:10342000FC51030DF3CFEAF0FC51040D000EF32420
:10343000D96E040EF420DA6E030EDBBE09D0DB5029
:1034400006E1DE28FF0EDE580F0EDE58D8B082D01F
:103450007C0EFC25D96EDA6A050EDA22DE0401E064
:1034600094D0FC51040D000EF324D96E040EF42008
:10347000DA6EEA51DF6FE06BD890DF37E037D89033
:10348000DF37E0379C0EDF25E16E040EE021E26EAF
:10349000E6CFE1F0E6CFE2F0E6CFE3F0E6CFE4F00E
:1034A000030EE103F3CFE5F0F4CFE6F0E76BE86B52
:1034B000E203F350E627F450E723000EE823E1038C
:1034C000F350E627F450E723000EE823030EE3034E
:1034D000F350E727F450E823000EE203F350E72708
:1034E000F450E823000EE103F350E727F450E823FB
:1034F000030EE403F350E827000EE303F350E8273C
:10350000000EE203F350E827000EE103F350E82732
:10351000DE50E55DDE50E659DE50E759E851800A9D
:10352000E96FDE50800AE95930E2FC51040D000ECB
:10353000F324D96E040EF420DA6E030EDBBE25D020
:10354000DB5008E1020EDB5005E1DD0EDE5C050E0E
:10355000DE581BE3300EFC25D96EDA6A040EDA223F
:10356000DF6AFC51040D000EF324D96E040EF42022
:10357000DA6EDE6ADE6ADE6ADD6A7C0EFC25D96EF2
:10358000DA6A050EDA22000EDF6E04018C5102E1C8
:103590008E5127E00001FC51040D000EF324D96E7A
:1035A000040EF420DA6EDE6ADE6ADE6ADD6A300E50
:1035B000FC25D96EDA6A040EDA22DF6AFC51040DAA
:1035C000180EF324D96E040EF420DA6EDE6ADE6A79
:1035D000DE6ADD6A7C0EFC25D96EDA6A050EDA2217
:1035E000DF6A0001FC51040D180EF324D96E040E9D
:1035F000F420DA6E030EDBBE0AD0DB5014E1020EBB
:10360000DB5011E1DC0EDE5C050EDE580CE2FC51F5
:10361000040D180EF324D96E040EF420DA6EDE6A5F
:10362000DE6ADE6ADD6AFC51040D180EF324D96EE1
:10363000040EF420DA6EDE50DE10DE10DE1001E142
:10364000B9D1FC51040D000EF324D96E040EF42000
:10365000DA6EFC51040D180EF324E16E040EF42012
:10366000E26EDE50E65CDE50E658DE50E658E6508C
:10367000800AE36FDE50800AE35920E2FC51040D1A
:10368000180EF324D96E040EF420DA6EDECFDBF0D0
:10369000DECFDCF0DECFDDF0DECFDEF0FC51040D5E
:1036A000000EF324D96E040EF420DA6EDB51DE5ED8
:1036B000DC51DE5ADD51DE5ADE51DE5AFC5121E189
:1036C0000401F1AD1ED00001FC51040D180EF324CD
:1036D000D96E040EF420DA6EDECF86F5DECF87F5E4
:1036E000DECF88F5DECF89F58AC542F48BC543F479
:1036F0008CC544F48DC545F48BEC25F0010E00011A
:10370000EF6F7C0E0001FC25D96EDA6A050EDA2215
:10371000010EDF6EFC51040D180EF324D96E040E59
:10372000F420DA6EDECF12F0DECF13F0DECF14F02D
:10373000DECF15F0020E166E176A186A196A2DECA4
:1037400045F012C0F6F013C0F7F014C0F8F015C041
:10375000F9F00001FC51040D180EF324D96E040E8B
:10376000F420DA6EDE6ADE6ADE6ADD6AF651455CF6
:10377000F7514658F85147584850800ADB6FF951C5
:10378000800ADB590CE2F6C020F0F7C021F0F8C047
:1037900022F0F9C023F0246A89EC2FF00CD0F6C097
:1037A00020F0F7C021F0F8C022F0F9C023F0010E9C
:1037B000246E89EC2FF00001FC51020D380EF32429
:1037C000D96E050EF420DA6E20C0DEFF21C0DDFFC9
:1037D000E20EFC25D96EDA6A050EDA22010EDF6EE2
:1037E000DE0EFC25D96EDA6A060EDA22010EDF6ED5
:1037F0006A0EFC25D96EDA6A050EDA22DF5035E052
:103800006A0EFC25D96EDA6A050EDA22DF50F06FF7
:103810006A0EFC25D96EDA6A050EDA22DF6AF051EB
:10382000040D780EF324D96E070EF420DA6EFC51E5
:10383000040D300EF324E16E060EF420E26EDECFAE
:10384000E6FFDECFE6FFDECFE6FFDECFE6FF840E4B
:10385000F025D96EDA6A060EDA22EA0EFC25E16E50
:10386000E26A060EE222DFCFE7FF040EFC1925E133
:10387000D89004014C35D96E4D35DA6EBC0ED92680
:10388000080EDA22F6C0DEFFF7C0DDFF0001FC51B2
:10389000040D300EF324D96E060EF420DA6ED890A3
:1038A00004014C35E16E4D35E26E800EE126080EC6
:1038B000E222DECFE6FFDDCFE5FF0001EF517AE047
:1038C000EF6BDE0EFC25D96EDA6A060EDA22DF6AAD
:1038D000FC51030DF3CFDBF0F4CFDCF0D890DB37F5
:1038E000DC37D890DB37DC37980EDB25D96E040E39
:1038F000DC21DA6E41C0DEFF42C0DEFF43C0DEFFE6
:1039000044C0DEFF20EE45F0FC51030DF3CFDBF0A9
:10391000F4CFDCF0D890DB37DC37D890DB37DC37FE
:103920009C0EDB25E16E040EDC21E26EDECFE6FFAD
:10393000DECFE6FFDECFE6FFDECFE6FF20EE49F08A
:10394000FC51030DF3CFDBF0F4CFDCF0D890DB3784
:10395000DC37D890DB37DC37A00EDB25E16E040EB8
:10396000DC21E26EDECFE6FFDECFE6FFDECFE6FF54
:10397000DECFE6FFFC51040DA00EF324D96E070E36
:10398000F420DA6EDE6ADE6ADE6ADD6A700EFC251D
:10399000D96EDA6A050EDA22DF6AFC51020D380EA2
:1039A000F324D96E050EF420DA6EDE6ADD6A020EAB
:1039B0003FEC48F0DE0E0001FC25D96EDA6A060EF7
:1039C000DA22DF5001E1ADD2DE0EFC25D96EDA6AD3
:1039D000060EDA22DF6AFC51020D380EF324D96E8E
:1039E000050EF420DA6EDECF1AF0DDCF1BF0E6EC28
:1039F00045F00001FC51020D780EF324D96E060E3D
:103A0000F420DA6E1AC0DEFF1BC0DDFFFEEC49F0C9
:103A100070C0F7F571C0F8F5FC51020D380EF324B3
:103A2000D96E050EF420DA6EDECF60F0DDCF61F0E6
:103A300045C062F046C063F047C064F048C065F01E
:103A40002AEC3FF0FC51040DBE0EF324D96E050E96
:103A5000F420DA6E60C0DEFF61C0DEFF62C0DEFF10
:103A600063C0DEFF040EFC1916E1FC51040DBE0E0E
:103A7000F324D96E050EF420DA6ED89004014C358B
:103A8000E16E4D35E26E9E0EE126080EE222DECF9B
:103A9000E6FFDDCFE5FF0001FC51040DBE0EF3246F
:103AA000D96E050EF420DA6EFC51030DF3CFDBF076
:103AB000F4CFDCF0D890DB37DC37D890DB37DC375D
:103AC000A00EDB25E16E040EDC21E26EDECFE6FF08
:103AD000DECFE6FFDECFE6FFDDCFE5FFE552E552C4
:103AE000FC51030DF3CFDDF0F4CFDEF0D890DD37DD
:103AF000DE37D890DD37DE37980EDD25D96E040E1F
:103B0000DE21DA6EE6CFDEFFE6CFDEFFE6CFDEFFB8
:103B1000E5CFDDFFDD52DD52FC51030DF3CFDFF0C9
:103B2000F4CFE0F0D890DF37E037D890DF37E037D8
:103B30009C0EDF25E16E040EE021E26EDECFE6FF93
:103B4000DECFE6FFDECFE6FFDECFE6FF760EFC251A
:103B5000D96EDA6A050EDA22DF6A360EFC25D96ED6
:103B6000DA6A040EDA22010EDF6EFC51040DBE0E7D
:103B7000F324D96E050EF420DA6E4550DE5C465013
:103B8000DE584750DE58DE50800ADF6F4850800A0A
:103B9000DF5919E3FC51040DBE0EF324D96E050E56
:103BA000F420DA6EDECFDBF0DECFDCF0DECFDDF04E
:103BB000DECFDEF0D890DB35F66FDC35F76FDD3524
:103BC000F86FDE3508D0D8904534F66F4634F76F7D
:103BD0004734F86F4834F96F56C412F057C413F0E5
:103BE000FC51020D780EF324D96E060EF420DA6E25
:103BF000DECF14F0DDCF15F060EC4AF012C0F2F029
:103C000013C0F3F00001F46BF56BF2C020F0F3C0C9
:103C100021F0F4C022F0F5C023F0D8904534246E92
:103C20004634256E4734266E4834276EFCEC47F048
:103C300020C0F2F021C0F3F022C0F4F023C0F5F070
:103C40000001FC51040D300EF324D96E060EF42051
:103C5000DA6EDECFDBF0DECFDCF0DECFDDF0DECF04
:103C6000DEF0DB51455CDF6FDC514658E06FDD5123
:103C70004758E16FDE514858E26FDF51F227E051BB
:103C8000F323E151F423E251F523EA0EFC25D96E2A
:103C9000DA6A060EDA22DF5008E14550F227465074
:103CA000F3234750F4234850F523FC51030DF3CF81
:103CB000DBF0F4CFDCF0D890DB37DC37D890DB37A3
:103CC000DC379C0EDB25D96E040EDC21DA6E455004
:103CD000DE5C4650DE584750DE58DE50800AE16F09
:103CE0004850800AE1591BE2FC51030DF3CFDBF091
:103CF000F4CFDCF0D890DB37DC37D890DB37DC371B
:103D00009C0EDB25D96E040EDC21DA6EDECFEBF0E3
:103D1000DECFECF0DECFEDF0DECFEEF008D045C028
:103D2000EBF046C0ECF047C0EDF048C0EEF0D890A4
:103D3000EB37EC37ED37EE37F2C012F0F3C013F08B
:103D4000F4C014F0F5C015F0F6C016F0F7C017F087
:103D5000F8C018F0F9C019F040EC46F00001FC5131
:103D6000040DA00EF324D96E070EF420DA6E12C0F3
:103D7000DEFF13C0DEFF14C0DEFF15C0DEFF700ED5
:103D8000FC25D96EDA6A050EDA22EBC020F0ECC011
:103D900021F0EDC022F0EEC023F0FC51040DA00E86
:103DA000F324E16E070EF420E26EE6CF24F0E6CFB6
:103DB00025F0E6CF26F0E6CF27F0296A040E286E1C
:103DC00013EC3BF02050DF6E040EFC1919E1700E6D
:103DD000FC25D96EDA6A050EDA22DF50DB6FDC6B68
:103DE000D89004014C35D96E4D35DA6E600ED92667
:103DF000090EDA22DBC0DEFFDCC0DDFF4C4B4D2BB1
:103E000004014D5103E10F0E4C5D02E34C6B4D6B11
:103E1000020E3FEC48F03E508BEC45F0126A040E67
:103E200084EC3EF000097DE00001FA6BFB6B400E74
:103E3000FA19FB1176E0FAC012F0020E84EC3EF0A3
:103E4000000944E00001FC51020D380EF324D96E44
:103E5000050EF420DA6E060EFA03F3CFDBF0F4CF92
:103E6000DCF0FB03F350DC272C0EDD6F0C0EDE6F55
:103E7000DB51DD27DC51DE23FC51DD25E16E000E38
:103E8000DE21E26EDFCFE7FF700EFC25D96EDA6A25
:103E9000050EDA22060EFA03F3CFDBF0F4CFDCF0E6
:103EA000FB03F350DC27AC0EDD6F0D0EDE6FDB5134
:103EB000DD27DC51DE23FC51DD25E16E000EDE2125
:103EC000E26EDFCFE7FFFA518BEC45F00001FA4BD1
:103ED000FB2BADD70001FC51040D000EF324D96E6D
:103EE000040EF420DA6EDE6ADE6ADE6ADD6A300E07
:103EF000FC25D96EDA6A040EDA22DF6AFC51040D61
:103F0000180EF324D96E040EF420DA6EDE6ADE6A2F
:103F1000DE6ADD6A7C0EFC25D96EDA6A050EDA22CD
:103F2000DF6A0001FC2B060EFC1902E00AEF1AF012
:103F300012006F6B706B000E80BA010E696F87C440
:103F40006CF0686B500E6D6FC80E6E6F200E716F47
:103F50006C510FE00501A85106E1050E406003D049
:103F6000010E04015B6F040E406403D0010E0001DA
:103F7000686F6CC0A8F50401605107E13E5005016F
:103F8000AC1906E004015A5103E1010E5A6F606B4F
:103F90000401F1BD0BD00501AD5108E004015A51F7
:103FA00005E10001D890713104015A6F0501AD6B34
:103FB0000001695105E10501A95102E004015A6BB4
:103FC00069C0A9F53EC0ACF504015A5107E05A2B6F
:103FD0000001715104015A5D01E35A6B582B040E24
:103FE000586501D0586B27EEF8F010EE60F0070E20
:103FF000DBCFE3FFE806FCE20001726B07D00001B3
:104000007251600FD96EDA6ADF6A722B7251040145
:10401000585DF5E20501F95106E1010E0401591B55
:10402000640E0501F96FF907010E04015C1B915143
:1040300001E1F8D18C5101E0F5D1010E8C6FF2D184
:104040000001726B060E721901E1C0D0360E7225A6
:10405000D96EDA6A040EDA22DF50206E7251020D38
:10406000F350300FD96EDA6ADECF21F0DDCF22F0C7
:1040700021C0D9FF22C0DAFFDF50201447E104013C
:10408000895103E1905101E19ED000017251030D6D
:10409000F3CF20F0F4CF21F0D89020362136D890FD
:1040A00020362136A00E2024D96E040E2120DA6E8F
:1040B0007251030DF3CF26F0F4CF27F0D8902636B7
:1040C0002736D890263627369C0E2624E16E040E1D
:1040D0002720E26EE6CF12F0E6CF13F0E6CF14F021
:1040E000E6CF15F0040E166E176A186A196A2DECE1
:1040F00045F0DE50125CDE501358DE501458155057
:10410000800A286EDE50800A28585DE2DC0E00012D
:104110007225D96EDA6A050EDA22DF5030E0E00E41
:104120007225D96EDA6A040EDA22DF5026E05CC40A
:1041300020F0020E20262050600FD96EDA6ADF5080
:104140000C0D250E216EFE0E226EF3502126F4502A
:1041500022227251020DF3502126F450222221C056
:10416000F6FF22C0F7FF0900F5CF23F00900F5CFD5
:1041700024F023506F13245025D0615107D0E00E56
:104180007225D96EDA6A040EDA22DF500C0D250E84
:10419000206EFE0E216EF3502026F4502122725123
:1041A000020DF3502026F450212220C0F6FF21C03A
:1041B000F7FF0900F5CF22F00900F5CF23F02250D8
:1041C0006F13235070130001722B3CD70501936BC2
:1041D000946B04018D6B38D18D5102E0595133E05D
:1041E0003B0EF66EFE0EF76E0900F5CF20F00900CB
:1041F000F5CF21F05C510C0D080EF326000EF422D1
:10420000250EF324F66EFE0EF420F76E0900F5CFAE
:1042100022F00900F5CF23F02B0EF66EFE0EF76E9E
:104220000900F5CF24F00900F5CF25F02250241223
:104230002350251220502412215025122450000111
:104240006F1325507013040159510FE0270EF66EBD
:10425000FE0EF76E0900F5CF20F00900F5CF21F032
:10426000205000016F132150701304018D5101E1A2
:10427000EBD00501934B942B900E935D010E945956
:10428000A5E2E2D0D890F331206E216AD890203692
:1042900021360C0E2026000E2122250E2024F66E3B
:1042A000FE0E2120F76E0900F5CF22F00900F5CFB0
:1042B00023F0225000016F1323507013726B060E0F
:1042C00072194EE072C020F0010E216E202A02D039
:1042D000D8902136202EFCD7215040143EE0030E0A
:1042E000126E0001725167EC4BF000016A6F030E11
:1042F000126E7251F2EC4AF0030F00016B6F020E66
:104300006A610BD06A510C0D250E206EFE0E216ED7
:10431000F3502026F45021220CD004015C510C0DE6
:10432000250E206EFE0E216EF3502026F450212221
:1043300000016B51020DF3502026F450212220C0C1
:10434000F6FF21C0F7FF0900F5CF22F00900F5CFF5
:1043500023F022506F13235070130001722BAFD73C
:10436000F60E0401501970E1040E51196DE12F0E83
:10437000F66EFE0EF76E55D0010E0001726F060E3E
:10438000721928E072C020F0010E216E202A02D09E
:10439000D8902136202EFCD721500401F11517E0CA
:1043A00000017251020D0C0EF326000EF422250EB0
:1043B000F324F66EFE0EF420F76E0900F5CF20F020
:1043C0000900F5CF21F020506F1321507013000128
:1043D000722BD5D70401F151410B410A09E15C511F
:1043E0000C0D250EF324F66EFE0EF420F76E07D0AA
:1043F000F1AD11D0250EF66EFE0EF76E12D009004B
:10440000F5CF20F00900F5CF21F0205000016F1307
:104410002150701319D0F1A117D0310EF66EFE0E97
:10442000A9D7EDD78C51206E216A215001E008D622
:10443000205001E105D6010A01E1CED6030A01E1CF
:1044400021D7010A99E0FCD50401915103E08C05C4
:1044500001E18C6B7E5116E0935105E0210EF66E62
:10446000FE0EF76E04D0230EF66EFE0EF76E0900F8
:10447000F5CF20F00900F5CF21F0205000016F1397
:10448000215070130401895107E18E5105E1010E9D
:104490008C6511D059510FE01F0EF66EFE0EF76EAF
:1044A0000900F5CF20F00900F5CF21F020500001E0
:1044B0006F13215070130401905109E18E5107E1EF
:1044C0008C5114E0020E8C1911E059510FE01D0EB1
:1044D000F66EFE0EF76E0900F5CF20F00900F5CF5D
:1044E00021F0205000016F132150701304015A5124
:1044F00019E026D08C828B9625D0000161A102D0D4
:104500008C8201D08C928B86000160A109D01AD0D8
:104510005CB116D08C9215D08C828B865CB112D097
:104520008C9011D09551206E216A2150E3E12050EA
:10453000E1E0010AE2E0030AEBE0010AEDE0DAD78C
:104540008C828B868C80040188510501AB190FE1A8
:10455000040194510501AA190AE104018B5105E0F7
:104560000501A75104018B1902E18A5104E00501FC
:10457000926B010E916F88C4ABF594C4AAF58BC4FD
:10458000A7F504018A6B05019151921111E08C92FB
:104590008B868C80914B922B00016E51206E216A8C
:1045A00020500501915D2150925902E3916B926B6D
:1045B0000401925104E10501A151A21108E08C927D
:1045C0008B86000165A102D08C8001D08C90040103
:1045D0008F5104E105019F51A01108E08C82000178
:1045E00067A102D08B8601D08B968C900501A151DA
:1045F000A21109E0A14BA22BA25103E1330EA15D50
:1046000002E3A16BA26B9F51A01109E09F4BA02B6D
:10461000A05103E1330E9F5D02E39F6BA06B0C0E74
:1046200000016F1B6FC012F070C013F09EEC4AF0D7
:1046300004015B5101E05B2B5B5103E10001685118
:1046400009E004015C5103E08B988C8601D08B88D3
:104650008C9602D08B888C8604015B5100016D5DC5
:10466000D8B0120004015B6B12000401FA6B0C0E4F
:10467000F96F370EF66EFE0EF76E0900F5CF1AF0E1
:104680000900F5CF1BF01A50F9131B50FA13F9C4A7
:1046900012F0FAC413F09EEC4AF082B482AA0AD057
:1046A00083BE82B207D082BC83AC04D082A002D089
:1046B00084B4F3D78C828C902C680401FC6B2B6A39
:1046C0002D6A276A2E6A800EF76F20EE1EF0080E04
:1046D000DE6AE806FDE2F86BFB6BF5C528F0F6C56F
:1046E00029F021EE00F0FF0EDE6AE806FDE222EE80
:1046F00000F0FF0EDE6AE806FDE223EE00F0FF0E9A
:10470000DE6AE806FDE220EE60F09F0EDE6AE80653
:10471000FDE2FE6BFF6B2F6A090E2F1807E02F508A
:104720001E0FD96EDA6ADF6A2F2AF6D70F01536B94
:104730005185000E80B8010E2A6E02D053CFFBF4D3
:10474000010E80A8000E2A180CE182B482AAF6D7C6
:1047500083BE82B2F3D782BC83ACF0D782B084A48C
:10476000EDD70F01536B2AC02DF0000E80B8010E5B
:104770002A6E7EA003D07E900401FB6982B482AAD7
:10478000F8D083BE82B2F5D082BC83ACF2D082B0C6
:1047900084A4EFD0000C2C500401FB1902E1FC2B87
:1047A00001D0FC6B140EFC65F2D0FC6B272AEFD015
:1047B0002C500401FB5D1FE22E5001E185D12D50EC
:1047C000280FD96EDA6ADE50FB5D07E22D50280F04
:1047D000D96EDA6AFB51EC0FDF6EFC2B180EFC1958
:1047E00001E0D5D0272A2E6AFC6BFE6BFF6B800E92
:1047F000F76FF86BCCD0010E2E6EC9D02C5004018F
:10480000FB5D01E3B1D02E5001E15ED12D50280FA8
:10481000D96EDA6ADE50FB5D06E2F8511E0FD96EE2
:10482000DA6AF751DF12D890F733F75101E0AFD0D1
:10483000800EF76F080EF86108D0F8511E0FD96E80
:10484000DA6ADF50FC27F82BA2D0FC1FFC2BF851B2
:104850001E0FD96EDA6AFC51DE1801E035D1F86B13
:10486000FD6B090EFD197DE0080EFD6172D03FD091
:10487000FD511E0FD96EDA6A000EFE25E16E010EA3
:10488000FF2113D0FD511E0FD96EDA6A1A6A1B6818
:10489000FEC41CF0FFC41DF01A501C261B501D2224
:1048A000000E1C24E16E020E17D0E26EDFCFE7FF90
:1048B0002BD0FD511E0FD96EDA6A1A6AFE0E1B6EDE
:1048C000FEC41CF0FFC41DF01A501C261B501D22F4
:1048D000000E1C24E16E030E1D20E7D7FD511E0FB4
:1048E000D96EDA6AFE51600FE16EE26ADFD7FF51DE
:1048F0001A6E1B6A1B5008E11A50BAE0010AC2E0A6
:10490000030AD7E0010AEAE0FE511A6EFF511B6E5E
:10491000FE4BFF2B1F0E1A161CE1010E2B1A000E68
:10492000FA6F0C0EF96F2B500EE0370EF66EFE0E7E
:10493000F76E0900F5CF1AF00900F5CF1BF01A50F9
:10494000F9131B50FA13F9C412F0FAC413F09EECD9
:104950004AF00401FD511E0FD96EDA6ADF6AFD2BA1
:1049600080D72E6AFC6B13D0800EF71901E143D774
:10497000ABD027501A6E1B6A1B5009E11A5001E197
:104980000AD7010A01E114D7030A01E137D704016C
:10499000FB6BA00EFE5D030EFF5901E2D1D6FE6B4C
:1049A000FF6B0501FC6BFD6BA00EFC1937E1030EDC
:1049B000FD1901E185D032D0000E0501FC25D96E2C
:1049C000010EFD210FD01A6A1B68FCC51CF0FDC545
:1049D0001DF01A501C261B501D22000E1C24D96EDF
:1049E000020E14D0DA6EDF500401FC6F2AD01A6A6E
:1049F000FE0E1B6EFCC51CF0FDC51DF01A501C26DA
:104A00001B501D22000E1C24D96E030E1D20EAD758
:104A10000501FC51600FD96EDA6AE5D7FCC512F0CA
:104A2000FDC513F0010E156E146A7FEC48F01350AB
:104A300008E11250C1E0010AC6E0030AD8E0010A09
:104A4000E7E0840E0501FC1907E1030EFD1904E1FE
:104A50000401FF6B5F0EFE6F0401FE510501FC2592
:104A6000126E0401FF510501FD21136EFCC414F008
:104A7000BBEC4AF0FCC51AF01F0E1A161DE1010E20
:104A80002B1A000E0401FA6F0C0EF96F2B500EE07A
:104A9000370EF66EFE0EF76E0900F5CF1AF009001C
:104AA000F5CF1BF01A50F9131B50FA13F9C412F08A
:104AB000FAC413F09EEC4AF00501FC4BFD2B74D7B1
:104AC0000F015195536B010C8C868B868C808B98D3
:104AD0008C922B0EF66EFE0EF76E0900F5CF1AF0D3
:104AE0000900F5CF1BF00C0E1A10F96F1B50FA6F6E
:104AF000F9C412F0FAC413F09EEC4AF082B482AA10
:104B0000FDD783BE82B2FAD782BC83ACF7D782B01E
:104B100084A4F4D7000C0001CD6BCE6BCF6BD06BAF
:104B2000D16BD26BD76BD86BD96BDA6B0501A65101
:104B30000401931905E0816B466B476B486B496B29
:104B400093C4A6F5F1BD0AD03EEC31F021C0D7F0F8
:104B500022C0D8F023C0D9F024C0DAF00001D7A1D8
:104B600005D0FF0ED707D823D923DA230401F1BDDE
:104B700027D0815125E1050182510001D71912E1A9
:104B8000050183510001D8190DE10501845100018F
:104B9000D91908E1050185510001DA1903E1050180
:104BA000A4510EE00001CE6B010ECD6FD7C082F58F
:104BB000D8C083F5D9C084F5DAC085F50501A56BA9
:104BC000D7C082F5D8C083F5D9C084F5DAC085F5A1
:104BD0000401F151400B0501A46F48BE07D04850B5
:104BE0004710461009E1C80E455C06E2C80E456E46
:104BF000000E466E476E486E48BE0ED0000E455CF5
:104C0000000E4658000E4758010E485805E3456807
:104C100046684768000E486E040149BF08D04951F4
:104C200057E14629FF0E4759FF0E485951E2050149
:104C3000A55155E045C025F046C026F047C027F0F5
:104C400048C028F00F0E2502F3CF29F0F4CF2AF048
:104C50002B6A2C6A2602F3502A26F4502B22000ECF
:104C60002C222502F3502A26F4502B22000E2C224F
:104C70000F0E2702F3502B26F4502C22000E260292
:104C8000F3502B26F4502C22000E2502F3502B2635
:104C9000F4502C220F0E2802F3502C26000E27026F
:104CA000F3502C26000E2602F3502C26000E25026F
:104CB000F3502C2604014651295C47512A5848518B
:104CC0002B582C50800A2D6E4951800A2D5807E22E
:104CD000816B466B476B486B496B0501A56B050102
:104CE00086518711881189112AE086C5D7F087C5BA
:104CF000D8F088C5D9F089C5DAF0866B876B886BE8
:104D0000896B0001DABF08D0DA51D91113E18F0E97
:104D1000D75D010ED8590EE20401816B466B476BDB
:104D2000486B496B0001D76BD86BD96BDA6BCD6BD5
:104D3000CE6B05D0CE6B010ECD6F0501A56F0001C6
:104D4000CD05CE11D8A41200D7C012F0D8C013F0F0
:104D5000D9C014F0DAC015F0020E166E176A186A80
:104D6000196A2DEC45F012C0CFF013C0D0F014C07A
:104D7000D1F015C0D2F00001D2BF06D0D20504E3B5
:104D8000CF69D069D169D26BD2BF07D0D251D111CE
:104D9000D01108E1C80ECF5D05E2C80ECF6FD06B11
:104DA000D16BD26BCF51455CD36FD0514658D46F85
:104DB000D1514758D56FD2514858D66FD351D411DD
:104DC000D511D61101E1C9D0CFC045F0D0C046F011
:104DD000D1C047F0D2C048F045C041F046C042F0D3
:104DE00047C043F048C044F04950455C4A504658DB
:104DF0004B5047584850800A256E4C50800A255821
:104E000008E245C049F046C04AF047C04BF048C0F0
:104E10004CF0010E04017F6F0001D351D411D51164
:104E2000D61107E10401425143114411451101E13A
:104E300094D004014251455C0001D36F04014351F9
:104E400046580001D46F0401445147580001D56F02
:104E50000401455148580001D66F17D0D3C012F055
:104E6000D4C013F0D5C014F0D6C015F0020E166EE3
:104E7000176A186A196A2DEC45F012C0D3F013C0F6
:104E8000D4F014C0D5F015C0D6F045C012F046C01D
:104E900013F047C014F048C015F0020E166E176AE2
:104EA000186A196A2DEC45F00001D351125CD451F7
:104EB0001358D55114581550800A256ED651800AC2
:104EC000255818E2CBD742C412F043C413F044C4AF
:104ED00014F045C415F0020E166E176A186A196AA6
:104EE0002DEC45F012C042F413C043F414C044F456
:104EF00015C045F445C012F046C013F047C014F089
:104F000048C015F0020E166E176A186A196A2DEC61
:104F100045F004014251125C435113584451145856
:104F20001550800A256E4551800A2558CCE38051E2
:104F300009E00001D3514126D4514222D5514322E8
:104F4000D65144220401805108E14251415E43514F
:104F5000425A4451435A4551445A0401426B436BEF
:104F6000446B456B1200665105E0662B640E666566
:104F700001D0666B0001BA6BBB6BD890BA35D96EA5
:104F8000BB35DA6E380ED926050EDA22BA519D0FDE
:104F9000E16EE26ADFCFE7FF700EBA25D96E050E2B
:104FA000BB21DA6EBA51970FE16EE26ADFCFE7FFFD
:104FB000180E6A6F060E6B6FD890BA35D96EBB3576
:104FC000DA6ED890D936DA366A51D9266B51DA22A0
:104FD000BA51040DF3507F0FE16EE26ADECFE6FFB7
:104FE000DECFE6FFDECFE6FFDECFE6FFBA4BBB2B20
:104FF000060EBA19BB11C1E1000E80B0010EAE6FF2
:10500000AEC087F440AE04D0000E80BA010EAE6F81
:1050100040C06AF0070E6A17040E6A6502D0FC0EE3
:1050200008D040C06AF0030E6A17020E6A6502D00B
:10503000FA0E40164050070BBE6FBE5101E15FD122
:105040000401665101E05BD10001AE5101E157D18D
:105050000401655101E053D1F25105E1895103E1A9
:10506000905101E14CD10001D890BE3328EEDAF026
:1050700010EE6DF0110EDBCFE3FFE806FCE23F0E11
:10508000AB6FB36B26EEF0F010EEA3F0050EDBCFA6
:10509000E3FFE806FCE2A96BB66BB76BDC0EB62546
:1050A000D96E050EB721DA6EDF5014E1B651A30FA9
:1050B000D96EDA6AB6C0DFFFB6C06AF0010E6B6F58
:1050C0006A2B02D0D8906B376A2FFCD700016B1D7A
:1050D000AB1706D0A95104E1010EA96FB6C0B3F019
:1050E000B64BB72B060EB619B711D8E1020EBE1992
:1050F00046E13F0EAA6FAF6BB06B31D023EC42F0AC
:105100002AC02CF02BC02DF02F6A060E2E6EF6EC66
:1051100048F02C50AC6FACC06AF0010E6B6F6A2B7C
:1051200002D0D8906B376A2FFCD700016B51AA15BB
:1051300016E0BE51060DF3506D0FAF25D96EDA6A39
:10514000ACC0DFFFACC06AF0010E6B6F6A2B02D0FF
:10515000D8906B376A2FFCD700016B1DAA17BE5180
:10516000060DF3506D0FAF25D96EDA6A0A0EDE1800
:10517000C5E0AF4BB02B060EAF19B011F0E1B46B28
:10518000B56B060EB419B5115EE0B451A30FD96E1C
:10519000DA6A0A0EDE184DE1B16BB26B060EB11978
:1051A000B21147E0BE51060DF3506D0FB125D96E17
:1051B000DA6ADF50B419B5110DE1B129B36FB3C08C
:1051C0002CF02D6A2F6A060E2E6EF6EC48F02C504D
:1051D000B36F2FD0B14BB22BE1D7BE51060DF350B8
:1051E0006D0FB325D96EDA6ADF50AD6FADC06AF0CE
:1051F000010E6B6F6A2B02D0D8906B376A2FFCD7E9
:1052000000016B51AB1513E0B451A30FD96EDA6AEC
:10521000ADC0DFFFADC06AF0010E6B6F6A2B02D02C
:10522000D8906B376A2FFCD700016B1DAB17B32BDF
:10523000C6D7B451A30FD96EDA6A0A0EDE18CDE0D4
:10524000B44BB52B9ED7BC6BBD6B060EBC19BD1104
:1052500053E0BC51A30FD96EDA6ADF506A6F6A510E
:105260009D0FD96EDA6ADF506B6F6C6B6BBF6C078A
:10527000D890BC35D96EBD35DA6E380ED926050EFC
:10528000DA226BC0DEFF6CC0DDFFBC51A30FD96E0C
:10529000DA6ADF506A6F6A51970FD96EDA6A700E58
:1052A000BC25E16E050EBD21E26EDFCFE7FFBC51EC
:1052B000A30FD96EDA6ADF50040DF3507F0FD96E59
:1052C000DA6A180E6A6F060E6B6FD890BC35E16E05
:1052D000BD35E26ED890E136E2366A51E1266B5177
:1052E000E222DECFE6FFDECFE6FFDECFE6FFDECF57
:1052F000E6FFBC4BBD2BA9D7010E04017F6FAEC0EA
:1053000065F44050380B0001BE6FD890BE33D89082
:10531000BE33D890BE33B86BB96B060EB819B9114D
:1053200001E11200BE5122E0DC0EB825D96E050E57
:10533000B921DA6EDF5003E1020EBE190AE1B8515D
:10534000020DF350300FD96EDA6A970EDE6E040E3E
:1053500016D0040EBE190AE1B851020DF350300FF9
:10536000D96EDA6A960EDE6E040E09D0B851020DBF
:10537000F350300FD96EDA6A4D0EDE6E000EDD6E20
:10538000B84BB92BCAD7156E196AC80E186EA7D1BB
:105390007DC41BF0125075E00E0E36D0010E34D0D5
:1053A000020E32D0040E30D01B6A6BD0125002E0D5
:1053B000110E2AD0060E28D01250F0E1070E24D08C
:1053C000070E1B6E05018E6B586B596B5AD0140E6D
:1053D0001B6E010E7C6F05018F6B5A6B5B6B51D09E
:1053E000060E1B6E010E7C6F0501906B5C6B5D6B96
:1053F00048D01B6A1250D0E144D01250D3E1140EB1
:1054000003D0150E01D0190E1B6E3BD004017D5147
:10541000136E146A1450BCE11350BAE0010ABEE0E6
:10542000030ABEE0010AC0E0070ABCE0010ABCE0D2
:10543000030ABCE0010AC0E00F0AC2E0010AC7E0AB
:10544000030ACEE0010AB0E0070AB4E0010AB2E0C4
:10545000030ACFE0010ACDE01F0ACBE0010AA8E071
:10546000030AA8E0010AA6E0070AC7E0010AC9E0AA
:10547000030A9AE0010A98E00F0A96E0010AC3E0E5
:1054800087D7010E04017B6F7A6F3BD17B5102E01D
:105490001B6A02D07DC41BF004010CD07B5104E0D8
:1054A0007A5102E0080E6BD01B6A7C6B2AD17B51CB
:1054B00003E01B6A7B6B25D1020EE5D0030EE3D01F
:1054C000080E1B6E7C6B0501996B9A6B1AD17B5190
:1054D00002E00C0ED8D0060ED6D005018E51D8E1D0
:1054E000020E68D07C5102E00B0ECDD01250E6E1E6
:1054F000080EC9D00A0EC7D07B6BEDD7100EC3D0F3
:105500007B6B9AD0120EBFD0170E1B6E1250C0E1EB
:10551000C3D7190EB8D004017D51136E146A14500C
:10552000B5E11350BBE0020AC2E0010AC7E0070A76
:10553000C7E0020ACCE0010AD0E00F0AD3E0020A79
:10554000D9E0010AD1E0070AC4E0010AD5E0030A64
:10555000D5E01E0AD5E0010AD5E0030ACDE0010A34
:10556000CBE0070AADE0010AABE0020ACDE00E0A8B
:10557000D0E08CD77B5198E07A5196E0090E1B6EF3
:1055800094D7090E9ED7050E7ED07B51A4E00D0E58
:105590007AD07C51A9E11250F6E1090E74D00F0EB9
:1055A00072D0130E70D0060E05D005018F5101E0A8
:1055B0006FD7150E1B6E70D77B5101E07AD7150E91
:1055C00062D0180EA2D704017D51136E146A1450D4
:1055D00001E06FD71350CEE0010AD3E0030AD1E017
:1055E000070AD1E0030AD1E0010ACBE00E0AD1E0BC
:1055F000030A80E0010A01E177D7070A01E17CD7BD
:10560000010AC5E0030ACBE0010A01E179D71E0ACD
:10561000C8E0030A01E170D7010AC5E0070AC5E046
:10562000010ACAE00D0ACDE0010A01E172D741D7B3
:105630007B5102E00A0E45D71B6A63D0170E23D0B8
:10564000180E21D07B5101E146D70501905103E1AD
:10565000190E1B6E01D01B6A04017B6B7A6B51D053
:1056600005019051F5E0F7D77A51E6E00501996B15
:105670009A6B04017C6B3ED77C5101E035D7125008
:1056800001E138D7160E1B6E3CD07B5101E011D7DB
:1056900040D704017D51136E146A145001E009D7FC
:1056A0001350C6E0030ACAE0060ACAE0030ACAE0C9
:1056B0000E0ADAE0010AD8E0030ADEE0010AE2E0BD
:1056C000070ACEE0010ACCE01C0ABCE0070ADAE0D7
:1056D000010AB4E00F0AB4E0010AD7E0EAD6155097
:1056E000136E146A145001E091D6135001E18ED666
:1056F000010A01E110D7030A01E165D7010AC9E0F7
:1057000085D604017C5104E10501994B9A2B03D005
:105710000501996B9A6B280E995D0A0E9A5903E35D
:10572000010E04017C6F1A6A030E1A1835E08E0E02
:105730001A24D96EDA6A050EDA22DF500CE11A500B
:10574000020D580EF324D96E050EF420DA6EDE2A0F
:10575000000EDD220AD01A50020D580EF324D96E25
:10576000050EF420DA6EDE6ADD6A1A50020D580E5C
:10577000F324D96E050EF420DA6E1850DE5C195051
:10578000DE5808E38E0E1A24D96EDA6A050EDA2284
:10579000010EDF6E1A2AC8D71BC07DF41B50120001
:1057A000846F0001806B816B826B836B84510C0D65
:1057B000040EF324D96E070EF420DA6EDECF6CF0FF
:1057C000DECF6DF0DECF6EF0DECF6FF08451020DD4
:1057D000480EF324D96E060EF420DA6EDECF70F098
:1057E000DDCF71F0FF0E7025726FFF0E7121736FA8
:1057F000746B756B72516C03F3CF76F0F4CF77F066
:10580000786B796B6D03F3507727F4507823000E93
:10581000792373516C03F3507727F4507823000EEB
:10582000792372516E03F3507827F4507923735122
:105830006D03F3507827F450792374516C03F350BF
:105840007827F45079236F517203F35079277351FD
:105850006E03F350792774516D03F3507927755116
:105860006C03F3507927D89076357C6F77357D6F50
:1058700078357E6F79357F6F84510C0D000EF324DF
:10588000D96E070EF420DA6EDECF6CF0DECF6DF04D
:10589000DECF6EF0DECF6FF084510C0D040EF324DA
:1058A000D96E070EF420DA6EDECF70F0DECF71F025
:1058B000DECF72F0DECF73F06C517025746F6D51D6
:1058C0007121756F6E517221766F6F517321776FF1
:1058D00074517C2775517D2376517E2377517F2328
:1058E00084510C0D040EF324D96E070EF420DA6EE9
:1058F000DECF6CF0DECF6DF0DECF6EF0DECF6FF07E
:105900008451020DB80EF324D96E070EF420DA6E1E
:10591000DECF70F0DDCF71F08451020D480EF3241C
:10592000D96E060EF420DA6EDECF72F0DDCF73F0A2
:105930007051725F7151735BFF0E7225746FFF0EB1
:105940007321756F766B776B74516C03F3CF78F0BE
:10595000F4CF79F07A6B7B6B6D03F3507927F450B9
:105960007A23000E7B2375516C03F3507927F45092
:105970007A23000E7B2374516E03F3507A27F45080
:105980007B2375516D03F3507A27F4507B237651B6
:105990006C03F3507A27F4507B236F517403F35058
:1059A0007B2775516E03F3507B2776516D03F350BF
:1059B0007B2777516C03F3507B27D8907835806F25
:1059C0007935816F7A35826F7B35836F84510C0D09
:1059D000040EF324D96E070EF420DA6EDECF6CF0DD
:1059E000DECF6DF0DECF6EF0DECF6FF08E0E842551
:1059F000D96EDA6A060EDA22DF50706F70C071F06D
:105A0000726B736B746B71516C03F3CF75F0F4CFE1
:105A100076F0776B786B6D03F3507627F45077232D
:105A2000000E782372516C03F3507627F4507723DD
:105A3000000E782371516E03F3507727F4507823CA
:105A400072516D03F3507727F450782373516C0330
:105A5000F3507727F45078236F517103F350782770
:105A600072516E03F350782773516D03F35078270A
:105A700074516C03F3507827755180277651812338
:105A8000775182237851832384510C0D040EF32423
:105A9000D96E070EF420DA6EDE50805DDE5081593B
:105AA000DE5082598351800A706FDE50800A70592F
:105AB00020E384510C0D040EF324D96E070EF4205C
:105AC000DA6EDE50805FDE50815BDE50825BDD503F
:105AD000835B84510C0D000EF324D96E070EF42065
:105AE000DA6EDE508027DE508123DE508223DD50C7
:105AF000832384510C0D080EF324D96E070EF42075
:105B0000DA6EDE508027DE508123DE508223DD50A6
:105B1000832384510C0D040EF324D96E070EF42058
:105B2000DA6EDECF20F0DECF21F0DECF22F0DECF46
:105B300023F080517C5D246E81517D59256E825108
:105B40007E59266E83517F59276E296A200E286E52
:105B500013EC3BF020C068F021C069F022C06AF06D
:105B600023C06BF01200030E00016D6FE80E6C6F26
:105B7000656B010E646F030E136EE30E126E95ECEF
:105B80004BF0000908E1040E00016C5F000E6D5B34
:105B9000656B020E646F0001676B38D06C29126E62
:105BA000000E6D21136E95EC4BF0196E1A6A000110
:105BB0006751020D000EF324D96E050EF420DA6E43
:105BC00019C0DEFF1AC0DDFF6751020D000EF3247D
:105BD000D96E050EF420DA6EDE50DD6EDF6A675195
:105BE000020D000EF324D96E050EF420DA6E6CC09F
:105BF00012F06DC013F095EC4BF0DE12000EDD12CA
:105C0000020E00016C27000E6D23672B675164198B
:105C10006511C4E16C29126E000E6D21136E95ECB6
:105C20004BF00501066F076B0651076F066B6CC0E2
:105C300012F06DC013F095EC4BF005010613020E47
:105C400000016C27000E6D23696B060E686F636B95
:105C50006C29126E000E6D21136E95EC4BF0196ECF
:105C60001A6AD89000016835D96E6935DA6E000E6F
:105C7000D926050EDA2219C0DEFF1AC0DDFFD89042
:105C80006835D96E6935DA6E000ED926050EDA222E
:105C9000DE50DD6EDF6AD8906835D96E6935DA6E10
:105CA000000ED926050EDA226CC012F06DC013F07A
:105CB00095EC4BF0DE12000EDD12020E00016C2797
:105CC000000E6D23030E6827000E6923632B030E5D
:105CD0006319BEE1030E136EE30E126E95EC4BF0EA
:105CE00000090AE10001696B0E0E686F626B010E1C
:105CF000616F656B020E08D00001696B0F0E686F53
:105D0000616B626B656B010E646F606B3FD06C29D9
:105D1000126E000E6D21136E95EC4BF0196E1A6A1F
:105D2000D89000016835D96E6935DA6E000ED92633
:105D3000050EDA2219C0DEFF1AC0DDFFD8906835E3
:105D4000D96E6935DA6E000ED926050EDA22DE50DC
:105D5000DD6EDF6AD8906835D96E6935DA6E000E6F
:105D6000D926050EDA226CC012F06DC013F095EC46
:105D70004BF0DE12000EDD12020E00016C27000E49
:105D80006D236151682762516923602B605164194A
:105D90006511BDE16E6B6F6B6A6B6B6BB2D0D890A7
:105DA0006E35D96E6F35DA6E000ED926050EDA2201
:105DB000DE50DE1018E0D8906E35D96E6F35DA6E91
:105DC000000ED926050EDA22DE50DE100EE0D89045
:105DD0006E35D96E6F35DA6E020ED926050EDA22CF
:105DE000DE50DE1002E06E4B6F2B6A516E5D6B5120
:105DF0006F5905E36E296A6F000E6F216B6FD890A3
:105E00006A35D96E6B35DA6E000ED926050EDA22A8
:105E1000DE50DE1002E16A4B6B2B6E516A5D196E2B
:105E20006F516B591A6E1A5003E1020E195C69E347
:105E3000D8906E35D96E6F35DA6E000ED926050E04
:105E4000DA22DE50DE105DE0D8906A35D96E6B350F
:105E5000DA6E000ED926050EDA22DE50DE1051E091
:105E60006E29666F4AD06651196E1A6AD890193633
:105E70001A36FE0E1924D96E040E1A20DA6EDECF01
:105E80001BF0DDCF1CF0D8906E35D96E6F35DA6E11
:105E9000000ED926050EDA22DECF1DF0DDCF1EF072
:105EA000D8906A35D96E6B35DA6E000ED926050E9C
:105EB000DA22DECF1FF0DDCF20F01D501F5C126E06
:105EC0001E502058136E6E516A5D146E6F516B59DF
:105ED000156EB4EC49F01B5012261C501322000121
:105EE0006651020D000EF324D96E050EF420DA6E11
:105EF00012C0DEFF13C0DDFF662B66516A196B11FD
:105F0000B2E16F5105E10D0E6E5DD8B0120047D7BA
:105F10001200F3C469F06A6B245001E1BFD069C07C
:105F200025F06AC026F0000E26BEFF0E276E286EF2
:105F300025504502F3CF29F0F4CF2AF02B6A2C6AC2
:105F40004602F3502A26F4502B22000E2C22265013
:105F50004502F3502A26F4502B22000E2C22255005
:105F60004702F3502B26F4502C2226504602F350C1
:105F70002B26F4502C2227504502F3502B26F450A8
:105F80002C2248502502F3502C2626504702F3506D
:105F90002C2627504602F3502C2628504502F35059
:105FA0002C2629C06BF02AC06CF02BC06DF02CC0E1
:105FB0006EF06BC012F06CC013F06DC014F06EC0C8
:105FC00015F020C016F021C017F022C018F023C031
:105FD00019F040EC46F012C060F013C061F014C03C
:105FE00062F015C063F020C012F021C013F022C08F
:105FF00014F023C015F0020E166E176A186A196A9B
:106000002DEC45F012C064F013C065F014C066F0CA
:1060100015C067F000016051645D615165596251BE
:1060200066596751800A256E6351800A255803E23C
:10603000010E686F01D0686B6BC012F06CC013F07A
:106040006DC014F06EC015F020C016F021C017F01E
:1060500022C018F023C019F02DEC45F012C06BF0EF
:1060600013C06CF014C06DF015C06EF000016851E3
:106070006B27000E6C236D236E2369C025F06AC068
:1060800026F026BEFF0E276E286E25506B5F265029
:106090006C5B27506D5B28506E5BA0D069C025F00B
:1060A0006AC026F0000E26BEFF0E276E286E255011
:1060B0002002F3CF29F0F4CF2AF02B6A2C6A2102B8
:1060C000F3502A26F4502B22000E2C2226502002B8
:1060D000F3502A26F4502B22000E2C2225502202A7
:1060E000F3502B26F4502C2226502102F3502B265D
:1060F000F4502C2227502002F3502B26F4502C224F
:1061000023502502F3502C2626502202F3502C2631
:1061100027502102F3502C2628502002F3502C2621
:1061200029C06BF02AC06CF02BC06DF02CC06EF053
:106130006BC012F06CC013F06DC014F06EC015F09F
:1061400045C016F046C017F047C018F048C019F017
:1061500040EC46F012C060F013C061F014C062F071
:1061600015C063F045C012F046C013F047C014F0EC
:1061700048C015F0020E166E176A186A196A2DECDF
:1061800045F012C064F013C065F014C066F015C08D
:1061900067F000016051645D615165596251665953
:1061A0006751800A256E6351800A255803E2010E6B
:1061B000686F01D0686B6BC012F06CC013F06DC0DB
:1061C00014F06EC015F045C016F046C017F047C079
:1061D00018F048C019F02DEC45F040D71F0E6903A8
:1061E000F3CF25F0F4CF26F06A03F3502626000EF5
:1061F00026BEFF0E286E800A276E6B51255C6C51FF
:1062000026586D5128586E51800A275812E21F0EE9
:106210006903F3CF25F0F4CF26F06A03F350262666
:1062200025C06BF026C06CF0000E6CBFFF0E6D6FCA
:106230006E6F6EAF04D06B6B6C6B6D6B6E6B2450BE
:1062400008E16E1F6D1F6C1F6B6D000E6C236D23BC
:106250006E23F3C425F0D890253225500208266E0F
:10626000262805D0D8906B376C376D376E37E82EFF
:10627000F9D76BC020F06CC021F01200050100516D
:10628000011105E11E511F1102E1B3EC2DF08CEC60
:1062900049F012C0CBF013C0CCF04AC412F04BC48A
:1062A00013F0156A320E146EB4EC49F01250020F5E
:1062B0000001C66F0A0EC66501D0C66FC06BC16B08
:1062C000C651706F716B04014A510001705D040189
:1062D0004B51000171590BE2C65104014A5D0001A6
:1062E000C06F04014B51D8A04B050001C16FCB29F1
:1062F00002E1CC2914E0C051CB5DC151CC5919E366
:10630000C65104014A250001706F000E04014B21A3
:106310000001716FCB51705DCC5171590AE3D89077
:106320004534216E4634226E4734236E4834246E41
:106330001200CBC04AF4CCC04BF4010E0501AD6F86
:1063400029EEAEF010EE7CF03F0EDBCFE3FFE80667
:10635000FCE20001C651050100250001706F000E2E
:10636000050101210001716FCB51705DCC51715954
:106370000AE3D8907C35216E7D35226E7E35236E02
:106380007F35246E1200CB5105011E5D0001CC51FA
:1063900005011F5909E2B8C021F0B9C022F0BAC006
:1063A00023F0BBC024F012000001C26BC36BC76BAB
:1063B000C86BC96BCA6BD890C935D96ECA35DA6E4D
:1063C000000ED926050EDA22CB51DE1812E1CC518F
:1063D000DE180FE1C951040DF3507C0FD96EDA6A53
:1063E000DECF21F0DECF22F0DECF23F0DECF24F0AF
:1063F0001200D890C935D96ECA35DA6E000ED9268A
:10640000050EDA22CB51DE5CCC51DE5807E2C751D3
:10641000C81104E1C9C0C2F0CAC0C3F0D890C935E0
:10642000D96ECA35DA6E000ED926050EDA22DE5094
:10643000CB5DDE50CC5907E2C751C81104E1C9C099
:10644000C7F0CAC0C8F0C94BCA2B100EC919CA116F
:10645000B2E1D890C235D96EC335DA6E000ED926B6
:10646000050EDA22DECF70F0DDCF71F0D890C7359F
:10647000D96EC835DA6E000ED926050EDA22DECFC7
:1064800072F0DDCF73F07051725DC46F715173594A
:10649000C56FC751040DF3507C0FD96EDA6ADECF99
:1064A00070F0DECF71F0DECF72F0DECF73F0C2514C
:1064B000040DF3507C0FD96EDA6ADECF74F0DECFB4
:1064C00075F0DECF76F0DECF77F07051745D126E2E
:1064D00071517559136E72517659146E7351775903
:1064E000156EC4C016F0C5C017F0186A196A2DECF5
:1064F00045F012C0BCF013C0BDF014C0BEF015C012
:10650000BFF0D8900001C735D96EC835DA6E000EDD
:10651000D926050EDA22DECF70F0DDCF71F0CB5137
:10652000705DC46FCC517159C56FC751040DF350E4
:106530007C0FD96EDA6ADECF70F0DECF71F0DECF7D
:1065400072F0DECF73F0C451746FC551756F766B06
:10655000776B7451BC03F3CF78F0F4CF79F07A6B9A
:106560007B6BBD03F3507927F4507A23000E7B2315
:106570007551BC03F3507927F4507A23000E7B2326
:106580007451BE03F3507A27F4507B237551BD0339
:10659000F3507A27F4507B237651BC03F3507A27CB
:1065A000F4507B23BF517403F3507B277551BE0316
:1065B000F3507B277651BD03F3507B277751BC0303
:1065C000F3507B2770517825216E71517921226E0D
:1065D00072517A21236E73517B21246E12002E6A30
:1065E0002E6AE20E2E24D96EDA6A050EDA22DF5008
:1065F00004E104017F5101E18FD12E50020D380ECC
:10660000F324D96E050EF420DA6EDECF60F0DDCF14
:1066100061F045C062F046C063F047C064F048C016
:1066200065F02AEC3FF02E50040DBE0EF324D96E17
:10663000050EF420DA6E60C0DEFF61C0DEFF62C0CE
:10664000DEFF63C0DEFF2E50040DBE0EF324D96EB4
:10665000050EF420DA6E030EDBBE0BD0DB5016E124
:10666000020EDB5013E1010EDB5010E1C80EDE5CC0
:106670000DE22E50040DBE0EF324D96E050EF4204B
:10668000DA6EC80EDE6EDE6ADE6ADD6A2E50020D3C
:10669000380EF324D96E050EF420DA6EDECF1AF030
:1066A000DDCF1BF0E6EC45F02E50020D780EF32402
:1066B000D96E060EF420DA6E1AC0DEFF1BC0DDFFB5
:1066C000E20E2E24D96EDA6A050EDA22DF5006E0D9
:1066D000FEEC49F070C0F7F571C0F8F5D80E2E2425
:1066E000D96EDA6A060EDA22010EDF6E2E50020D26
:1066F000380EF324D96E050EF420DA6E010EDBAEEF
:1067000061D0700E2E24D96EDA6A050EDA22DF50BF
:106710000001726F72C073F0746B756B766B73519E
:106720004502F3CF77F0F4CF78F0796B7A6B4602BD
:10673000F3507827F4507923000E7A2374514502E0
:10674000F3507827F4507923000E7A2373514702CF
:10675000F3507927F4507A2374514602F350792785
:10676000F4507A2375514502F3507927F4507A2377
:1067700048507303F3507A2774514702F3507A2735
:1067800075514602F3507A2776514502F3507A2725
:10679000D89077357B6F78357C6F79357D6F7A351A
:1067A0007E6F2E50040D200EF324D96E050EF420BA
:1067B000DA6E7BC0DEFF7CC0DEFF7DC0DEFF7EC008
:1067C000DEFF70D02E50040DBE0EF324D96E050EE0
:1067D000F420DA6EDECF72F0DECF73F0DECF74F02D
:1067E000DECF75F0700E2E24D96EDA6A050EDA222D
:1067F000DF500001766F76C077F0786B796B7A6B3B
:1068000077517203F3CF7BF0F4CF7CF07D6B7E6B1E
:106810007303F3507C27F4507D23000E7E237851C0
:106820007203F3507C27F4507D23000E7E237751B2
:106830007403F3507D27F4507E2378517303F35093
:106840007D27F4507E2379517203F3507D27F45055
:106850007E2375517703F3507E2778517403F350EC
:106860007E2779517303F3507E277A517203F350D8
:106870007E27D8907B357F6F7C35806F7D35816F2B
:106880007E35826F2E50040D200EF324D96E050E36
:10689000F420DA6E7FC0DEFF80C0DEFF81C0DEFF45
:1068A00082C0DEFF2E50040D200EF324D96E050E9B
:1068B000F420DA6EDECF12F0DECF13F0DECF14F06C
:1068C000DECF15F0040E166E176A186A196A2DECE1
:1068D00045F02E50040D200EF324D96E050EF42041
:1068E000DA6E12C0DEFF13C0DEFF14C0DEFF15C07B
:1068F000DEFF04017F5109E1E20E2E24D96EDA6A2F
:10690000050EDA22DF503FEC48F0E20E2E24D96E5D
:10691000DA6A050EDA22DF6A2E2A060E2E1801E048
:1069200060D604017F5106E0FEEC49F070C0F7F537
:1069300071C0F8F504017F6B1200030E136EE30EB5
:10694000126E146ABBEC4AF000016C6B0C0E6B6F9C
:10695000756B766B686B696B136A0C0E126E9EEC2E
:106960004AF00001776B030E726FE40E716F82B014
:106970003AD1766B010E756F36D1606B616B626BCD
:10698000636B646B656B666B676B000E82B0010EA8
:10699000606F000E84B4010E616F000E82B4010EB0
:1069A000626F000E82BA010E636F000E83BE010E8D
:1069B000646F000E82B2010E656F000E82BC010E84
:1069C000666F000E83BC010E676F6F6B706B786B28
:1069D000010E78651DD07751785D1AE378511A6EF3
:1069E0001B6AD8901A361B36080E1A26000E1B2278
:1069F000250E1A24F66EFE0E1B20F76E0900F5CF49
:106A00001CF00900F5CF1DF01C506F131D5034D041
:106A1000010E78651DD0FC0E1A6E1B6878511C6E35
:106A20001D6AD8901C361D361A501C261B501D227C
:106A3000250E1C24F66EFE0E1D20F76E0900F5CF04
:106A40001EF00900F5CF1FF01E506F131F5014D019
:106A50007751785D12E37851020D1D0EF324F66E26
:106A6000FE0EF420F76E0900F5CF1AF00900F5CFFD
:106A70001BF01A506F131B507013782B080E7819E7
:106A8000A7E18B888C82030E126E775167EC4BF076
:106A9000000902E18B988C928C80030E126E00012B
:106AA000775167EC4BF0E80610E18C90210EF66E02
:106AB000FE0EF76E0900F5CF1AF00900F5CF1BF0B6
:106AC0001A5000016F131B5070138C868B86030EB7
:106AD000126E0001775167EC4BF0020A11E18C96BF
:106AE0008B96230EF66EFE0EF76E0900F5CF1AF0A8
:106AF0000900F5CF1BF01A5000016F131B507013E3
:106B000000016B516F1B6C51701B6FC012F070C095
:106B100013F09EEC4AF000017751600FD96EDA6AEB
:106B2000DF5008E17551761105E1696B010E686F60
:106B3000766B756F7551761112E07751600FD96ED3
:106B4000DA6ADF5003E1766B010E756F754B762BB9
:106B5000F10E755D170E765902E3756B766B685111
:106B6000691141E0686B696B6A6B736B746B1AD067
:106B7000EAEC4BF0E7EC4BF00009FCE1C8EC4BF021
:106B800012C06DF013C06EF0000173516D1905E174
:106B900074516E1902E16A2B01D06A6B6DC073F0FB
:106BA0006EC074F0130E6A65E3D7F40E715D030EC8
:106BB000725913E271C012F072C013F073C014F076
:106BC000BBEC4AF0010E00017125126E000E72211D
:106BD000136E74C014F0BBEC4AF0020E0001712772
:106BE000000E7223772B070E7765C7D6030E136E40
:106BF000FE0E126E146ABBEF4AF06F6F0001746BE9
:106C0000756B706B716B726B736B6A5122E023EC66
:106C100042F02AC02CF02BC02DF02F6A070E2E6EEA
:106C2000F6EC48F0FD0E2C24706FFF0E2D20716FD6
:106C300023EC42F02AC02CF02BC02DF02F6A050E59
:106C40002E6EF6EC48F0FE0E2C24726FFF0E2D20F7
:106C5000736F6F5143E104018851D8B41200882B3F
:106C60000001766BAE0E7625D96EDA6A060EDA2250
:106C7000DF506B6F6C6B6BBF6C0770516B27715182
:106C80006C237651020D380EF324D96E050EF420D4
:106C9000DA6E6BC0DEFF6CC0DDFF700E7625D96E3C
:106CA000DA6A050EDA22A80E7625E16EE26A060E91
:106CB000E222E7507225DF6E010E04017F6F62C48D
:106CC00064F461C463F40001762B060E7619CAE100
:106CD0006A5193EC41F03E508BEF45F00401945122
:106CE000D8B41200942B9551100DF3CF74F000011D
:106CF000766B756B6A5122E023EC42F02AC02CF0CF
:106D00002BC02DF02F6A070E2E6EF6EC48F0FD0E0C
:106D10002C24706FFF0E2D20716F23EC42F02AC0DF
:106D20002CF02BC02DF02F6A050E2E6EF6EC48F0DD
:106D3000FE0E2C24726FFF0E2D20736F7451060D02
:106D40002C0E6B6F0C0E6C6FF3506B27F4506C2392
:106D50007651060DF3506B27F4506C2375516B255B
:106D6000D96E000E6C21DA6E7651060D000E6D6F35
:106D70000A0E6E6FF3506D27F4506E2375516D251A
:106D8000E16E000E6E21E26EE7507025DF6E7451E9
:106D9000060DAC0E6B6F0D0E6C6FF3506B27F4503D
:106DA0006C237651060DF3506B27F4506C2375510C
:106DB0006B25D96E000E6C21DA6E7651060D000E31
:106DC0006D6F090E6E6FF3506D27F4506E23755181
:106DD0006D25E16E000E6E21E26EE7507225DF6ECA
:106DE000752B060E751986E1CC0E7625D96EDA6AFA
:106DF000070EDA22000E6B6F080E6C6F74516B2752
:106E0000000E6C2376516B25E16E000E6C21E26E54
:106E1000DFCFE7FFDC0E7625D96EDA6A070EDA22BD
:106E2000400E6B6F080E6C6F74516B27000E6C2355
:106E300076516B25E16E000E6C21E26EDFCFE7FF2D
:106E4000745176258BEC45F00001762B100E7619E7
:106E500001E04FD71200226E8C868B888B868C8047
:106E60008C82136A0C0E126E9EEC4AF0F29E246A1B
:106E7000236A166A24C017F0186A23500CEC4BF0F2
:106E8000166A24C017F0186A2350D9EC49F0232A57
:106E9000060E2318EEE124C016F0176AFF0E53EC1D
:106EA0004BF024C016F0176A030E196E400E186ED0
:106EB000000E88EC4BF0242A400E2418D9E1246AF5
:106EC000236A2450060DAD0E206EFD0E216EF35088
:106ED0002026F450212223502026000E212220C0FB
:106EE000F6FF21C0F7FF0800F5CF16F024C017F019
:106EF000186A23500CEC4BF02450060D4D0E206EFA
:106F0000FD0E216EF3502026F4502122235020261E
:106F1000000E212220C0F6FF21C0F7FF0800F5CFA8
:106F200016F024C017F0186A2350D9EC49F0232A30
:106F3000060E2318C6E1242A100E2418C1E1030E00
:106F4000136EFD0E126E146ABBEC4AF0030E136E44
:106F5000F50E126E146ABBEC4AF0176A166A030E3D
:106F6000196E800E186E000E88EC4BF0176A166AC8
:106F7000030E196E810E186E010E88EC4BF0176A25
:106F8000166A030E196E820E186E010E88EC4BF015
:106F9000176A166A030E196EB10E186E010E88EC90
:106FA0004BF0176A166A030E196E830E186E020EE6
:106FB00088EC4BF0176A166A030E196E840E186E71
:106FC000000E88EC4BF0176A166A030E196EF50E68
:106FD000186E000E88EC4BF0176A400E166E030E0A
:106FE000196EB00E186E3F0E88EC4BF0400E166E08
:106FF0001F0E176E186A196A3CEC4BF02250D8A489
:107000009DEC34F01200166E16503CE10401882B02
:10701000F00E886502D0010E886F196A1950020DB2
:10702000380EF324D96E050EF420DA6EAE0E192454
:10703000E16EE26A060EE222DFCFE7FF700E19244E
:10704000D96EDA6A050EDA22A80E1924E16EE26A18
:10705000060EE222DFCFE7FF192A060E1918DEE13D
:10706000000E3E24D96EDA6A080EDA22DF500401DF
:10707000626F400E3E24D96EDA6A080EDA22DF50C3
:10708000616F12000401942BF00E946502D0010E82
:10709000946F9551100DF3CF17F0196A186A1750B5
:1070A000060D2C0E126E0C0E136EF3501226F450B9
:1070B00013221950060DF3501226F45013221850C3
:1070C0001224D96E000E1320DA6E1950060D000E30
:1070D000146E0A0E156EF3501426F4501522185033
:1070E0001424E16E000E1520E26EDFCFE7FF17508B
:1070F000060DAC0E126E0D0E136EF3501226F450E8
:1071000013221950060DF3501226F4501322185072
:107110001224D96E000E1320DA6E1950060D000EDF
:10712000146E090E156EF3501426F45015221850E3
:107130001424E16E000E1520E26EDFCFE7FF182A5F
:10714000060E1818ACE1000E126E080E136E1750E2
:107150001226000E132219501224D96E000E13208D
:10716000DA6ECC0E1924E16EE26A070EE222DFCF5E
:10717000E7FF400E126E080E136E17501226000E17
:10718000132219501224D96E000E1320DA6EDC0E71
:107190001924E16EE26A070EE222DFCFE7FF192A27
:1071A000100E191801E07AD712000001606904017D
:1071B0004E510501951905E104014F51050196193C
:1071C0000CE0600E9525D96E0A0E9621DA6EDF501E
:1071D0000001606F0501954B962BCC0E951904E1CB
:1071E000960502E1956B966B7F0E0001606519D0E4
:1071F00008D060C05EF4040102D004015E6B5D6BD8
:1072000092D060512E6E2F6A2F5001E08CD02E50FC
:10721000C00AEFE0300AEDE0040AEBE0030AEDE01B
:1072200082D004015E5172E17ED004015E6B7BD09E
:107230005E6B60C0FAF577D00001602909E0400E6E
:10724000606106D0000E296E60516AEC44F008D0EF
:10725000800E606105D0010E296E000E6AEC44F0CC
:10726000126A030E84EC3EF004019351DEE0050146
:10727000A26B010EA16FD9D7030E5D6111D0EE0E86
:107280005D25D96EDA6A050EDA2200016051DE183A
:1072900003E104015D2B32D004015E6B5D6B2ED0E7
:1072A000EE0E5D25D96EDA6A050EDA2260C0DFFFC8
:1072B0005D2B020E0501F1610DD0050E04015D1973
:1072C00009E160C012F00501F15184EC3EF0020EBC
:1072D00004015D5F020E0501F11903E173EC47F053
:1072E0005D07030E0501F11903E125EC4BF05D0785
:1072F000030E0501F16502D004015D6F0401935195
:1073000012E00501A26B010EA16F0DD05E512E6E31
:107310002F6A2F508AE12E50C00A8AE0300AACE072
:10732000040A8AE082D7ABA203D0AB98AB92AB88B9
:107330000501FA511200176A040E166E54C414F0B7
:1073400055C415F0186A196AD8901834F66E1934B5
:10735000F76E0D0EF626FE0EF7220900F5CF12F09D
:107360000900F5CF13F014501216155013161250D1
:10737000131023E1D8901834D96E1934DA6E6C0EDC
:10738000D926060EDA22DE50DE1023E1D89018341A
:10739000F66E1934F76E0D0EF626FE0EF722090072
:1073A000F5CF12F00900F5CF13F00401E8511216E1
:1073B000E9511316125013100CE1D8901834D96EFD
:1073C0001934DA6E6C0ED926060EDA22010EDE6E44
:1073D000DD6AD8901834D96E1934DA6E6C0ED9265D
:1073E000060EDA22DE50DE100CE0D8901834D96E8A
:1073F0001934DA6E6C0ED926060EDA22DE2A000E59
:10740000DD22D8901834D96E1934DA6E6C0ED92674
:10741000060EDA221650DE5C1750DE5842E3D89092
:107420001834D96E1934DA6E6C0ED926060EDA22AB
:1074300016C0DEFF17C0DDFFD8901834F66E193481
:10744000F76E0D0EF626FE0EF7220900F5CF12F0AC
:107450000900F5CF13F014501216155013161250E0
:1074600013101FE1D8901834D96E1934DA6E6C0EEF
:10747000D926060EDA22DE6ADD6AD8901834F66E56
:107480001934F76E0D0EF626FE0EF7220900F5CF21
:1074900012F00900F5CF13F012500401E813135055
:1074A000E913184A192A060E1818191001E04CD7CA
:1074B00012000701EE6BEF6BF16B0C0EF06FF36BCC
:1074C000F46BF56BF66B270EED6F100EEC6F780E0C
:1074D0000F015113030E5113536BD8EC4AF00701FF
:1074E000F26F8C968B988B968C908C920C0EF31B73
:1074F000F3C712F0F4C713F09EEC4AF0D8EC4AF050
:107500000701F215FBE18C868B888B868C808C8240
:10751000310EF66EFE0EF76E0900F5CFF3F70A0096
:10752000F5CFF4F70701F54BF62BF551EC5DF6516D
:10753000ED5904E2010EEF1BF56BF66BEF5112E013
:10754000290EF66EFE0EF76E0900F5CFFEF5090066
:10755000F5CFFFF50501FE510701F3130501FF51BA
:107560000701F413EE510C0D060EF326000EF42263
:10757000250EF324F66EFE0EF420F76E0900F5CF0B
:10758000FEF50900F5CFFFF50501FE510701F313E4
:107590000501FF510701F413010EEE1BF051F31B1F
:1075A000F151F41BF3C712F0F4C713F09EEC4AF04C
:1075B000D8EC4AF00701F26F25D08A9A63EC40F0CC
:1075C00082A482AAA0D783BE82A29DD782BC83ACAC
:1075D0009AD782B084A497D7F3D7000E2BEF37F059
:1075E00035EC23F0000901E0120082B482AA8BD7A7
:1075F00083BE82B288D782BC83AC85D782B084A494
:1076000082D7F3D7F2510501FE6FFF6BFF51D8A46B
:107610001200FE5101E177D7040ACFE0140ADDE041
:10762000300ADEE012002A6A2B6A28C060F029C006
:1076300061F0000E61BFFF0E626F636F6051240244
:10764000F3CF64F0F4CF65F0666B676B2502F350FF
:107650006527F4506623000E672361512402F3501E
:107660006527F4506623000E672360512602F3500D
:107670006627F450672361512502F3506627F450C2
:10768000672362512402F3506627F4506723275082
:107690006003F350672761512602F3506727625158
:1076A0002502F350672763512402F350672764C013
:1076B0002CF065C02DF066C02EF067C02FF020C002
:1076C00012F021C013F022C014F023C015F0020EF6
:1076D000166E176A186A196A2DEC45F012C060F030
:1076E00013C061F014C062F015C063F02CC012F03A
:1076F0002DC013F02EC014F02FC015F020C016F0CE
:1077000021C017F022C018F023C019F040EC46F059
:1077100012500001605D1350615914506259635159
:10772000800A646F1550800A645904E22B6A010EC6
:107730002A6E02D02A6A2B6A2CC012F02DC013F0D8
:107740002EC014F02FC015F020C016F021C017F085
:1077500022C018F023C019F02DEC45F012C02CF017
:1077600013C02DF014C02EF015C02FF02AC060F009
:107770002BC061F0000E000161BFFF0E626F636FEE
:107780002C506025206E2D506121216E2E506221DB
:10779000226E2F506321236E1200420EF66E940E5D
:1077A000F76E000EF86E09EEAEF010EE40F0090034
:1077B000F5CFEEFFE550E150FAE17E0EF66E970E42
:1077C000F76E000EF86E08EEDAF010EE12F0090017
:1077D000F5CFEEFFE550E150FAE1C50EF66E970EDB
:1077E000F76E000EF86E07EEF8F010EE08F00900E4
:1077F000F5CFEEFFE550E150FAE1B90EF66E970EC7
:10780000F76E000EF86E06EEF0F010EE0CF00900C8
:10781000F5CFEEFFE550E150FAE1820EF66E940EE0
:10782000F76E000EF86E05EEBEF010EE3EF00900A9
:10783000F5CFEEFFE550E150FAE1B80EF66E920E8C
:10784000F76E000EF86E04EE98F010EE5FF009008F
:10785000F5CFEEFFE550E150FAE1AC0EF66E970E73
:10786000F76E000EF86E00EE41F010EE0DF009001C
:10787000F5CFEEFFE550E150FAE10AEE60F014EECC
:10788000CCF0EE6AE550E150FCE1E250FAE10AEE9C
:1078900000F0600EEE6AE806FDE109EE00F0AE0EC3
:1078A000EE6AE806FDE108EE00F0DA0EEE6AE806A0
:1078B000FDE107EE00F0EC0EEE6AE806FDE106EEF3
:1078C00000F0F00EEE6AE806FDE105EE00F0BE0EF7
:1078D000EE6AE806FDE104EE00F0980EEE6AE806B6
:1078E000FDE100EE30F0110EEE6AE806FDE14E908B
:1078F0004E92000EF86E0001CCEF44F005010051ED
:10790000011105E11E511F1102E1B3EC2DF08CECC9
:1079100049F012C029F013C02AF0292805E12A28CD
:1079200003E10401E65112002C680F0E2B6E2B5060
:10793000020D000EF324D96E050EF420DA6EDE502F
:10794000295CDE502A5802E22BC02CF02B062BAE0D
:10795000EED70F0E2C6404D00401E76BE66F0F0C1A
:107960002C5004E10401E66BE76B000C2C50216EF7
:10797000226AD89021362236FE0E2124D96E040EBA
:107980002220DA6EDECF23F0DDCF24F02C50020D62
:10799000000EF324D96E050EF420DA6EDECF25F04A
:1079A000DDCF26F02350255C126E24502658136E2E
:1079B000156A030E146EB4EC49F012C027F013C020
:1079C00028F02C500401E619E71119E12C50216E22
:1079D000226AD89021362236FE0E2124D96E040E5A
:1079E0002220DA6EDECF23F0DDCF24F027502326CD
:1079F000285024222950235C2A50245824E221684C
:107A000022682C50236E246A2150232622502422DF
:107A1000E65123181FE1E75124181CE12C50020DF8
:107A2000000EF324D96E050EF420DA6EDECF21F0BD
:107A3000DDCF22F02750215E2850225A2950215CA8
:107A40002A50225807E3FF0E2C24E66FE76BFF0E47
:107A5000E72367D72CC0E6F4E76B63D7D5EC38F0A3
:107A60000001786F3F0E786502D03E3801D078393A
:107A70000F0B706F716B70C073F0726B766B640E6E
:107A80007625D96EDA6A050EDA22DF5002E0010EA1
:107A9000726F762B060E7619F2E1040193511DE008
:107AA000400E0001786119D004016D51931904E171
:107AB000EF510001781911E0000178510F0B04011A
:107AC0006C6F00017351100DF3CF69F473C0EBF4C8
:107AD000EBC495F404016B6B686B78C0EFF493C44E
:107AE0006DF40401EB51951906E09551100DF3CF9B
:107AF00069F46B6B686B95C4EBF4F1AD05D07EEC6B
:107B00003CF00001776F02D0EEC477F00401EE5133
:107B10000001771911E077290FE00401935105E086
:107B2000675103E14E514F1102E1010E686F010EE2
:107B3000676F6B6B77C0ECF4ECC4EEF40401F251A8
:107B400003E18C05D8A412008E51D8A412000001C4
:107B50007251D8A4120040BE05D0000E80BA010EAA
:107B6000746F02D06AC474F0745108E004016A5161
:107B700005E16B2B0F0E6B6501D06B6B74C06AF463
:107B80006BC475F00401685102E0ECC46CF46C51F4
:107B9000000175270F0E7517040169510001752743
:107BA0003E50751904E10401ED51D8B412000401EE
:107BB000ED6B75C03EF0A0EF42F0416A426A436A45
:107BC000446A1D6A43C044F042C043F041C042F0E1
:107BD000416A1D50F808126E000ED8A0E82A03086A
:107BE000136E95EC4BF041121D2A030E1D18EAE1AD
:107BF00044BE07D044504310421007E1C80E415C18
:107C000004E2416842684368446A44BE0DD0000EF5
:107C1000415C000E4258000E4358010E445804E3E4
:107C2000416842684368446A41C049F042C04AF032
:107C300043C04BF044C04CF049C045F04AC046F048
:107C40004BC047F04CC048F0030E136EF50E126E99
:107C500095EC4BF00401936F935102E0010E936F8A
:107C6000030E136E800E126E95EC4BF00401956FAF
:107C7000030E956501D0956F030E136E810E126E83
:107C800095EC4BF0000905E0F60E0401506F040E70
:107C900004D0F50E0401506F040E516F030E136EE5
:107CA000820E126E95EC4BF0406E405002E1010ED8
:107CB000406E030E136E830E126E95EC4BF00401B2
:107CC000F36FF35107E0F30502E0F3B103D0040EC4
:107CD000F36502D0020EF36F030E136EB00E126E38
:107CE00095EC4BF00401F16F030E136EFD0E126E56
:107CF00095EC4BF03E6E3F0E3E6401D03E6EB5EC0F
:107D00004BF08B888C8612001B6E3F0E126401D0E4
:107D1000000C040E1B6401D0000C010E1C6E1D6AC9
:107D20001E6A1F6A206A216A226A236A122809D001
:107D3000D8901C361D361E361F3620362136223688
:107D40002336E82EF5D774D01C1C136E1D1C146E40
:107D50001E1C156E1F1C166E201C176E211C186E23
:107D6000221C196E231C1A6E13500501441714505F
:107D700045171550461716504717175048171850F3
:107D8000491719504A171A504B17010C1C5005017E
:107D900044131D5045131E5046131F5047132050C7
:107DA00048132150491322504A1323504B13010CFE
:107DB00004019351D8B4000C1C5005014415136EF6
:107DC0001D504515146E1E504615156E1F50471553
:107DD000166E20504815176E21504915186E225006
:107DE0004A15196E23504B151A6E135014101510A6
:107DF00016101710181019101A10D8B4000C010C16
:107E00000501446B456B466B476B486B496B4A6B8E
:107E10004B6B010C04019351D8B4000C0501445183
:107E2000451146114711481149114A114B11E5D727
:107E30001B50136E146A1450D8A4000C135084E025
:107E4000010AA4E0030AB4E0010ADAE0070AD8A4B0
:107E5000000CE0D7000161BF3DD0615102E1600537
:107E600039E362C020F063C021F064C022F065C035
:107E700023F0040E246E256A266A276AFCEC47F07C
:107E800020C062F021C063F022C064F023C065F01E
:107E900062C012F063C013F064C014F065C015F046
:107EA000040E000160252C6E000E61212D6E2CC089
:107EB00016F02DC017F0000E17BEFF0E186E196ECB
:107EC0002DEC45F012C062F013C063F014C064F0F2
:107ED00015C065F0000161AF39D062C020F063C009
:107EE00021F064C022F065C023F0040E2C6E2D6AD0
:107EF00060512C5E61512D5A2CC024F02DC025F00C
:107F0000000E25BEFF0E266E276EFCEC47F020C04B
:107F100062F021C063F022C064F023C065F062C04B
:107F200012F063C013F064C014F065C015F0040EC5
:107F3000166E176A186A196A2DEC45F012C062F0C5
:107F400013C063F014C064F015C065F0000165BF94
:107F500006D0650504E3626963696469656B65BFA2
:107F600007D065516411631109E1C80E625D06E234
:107F7000C80E626F000E636B646B656B62C060F06D
:107F800063C061F064C062F065C063F012001FC09E
:107F900068F020C069F000016A6B6B6B21C06CF067
:107FA00022C06DF06E6B6F6B1F50236E2050246EDD
:107FB000256A266A23506C03F3CF27F0F4CF28F00C
:107FC000296A2A6A6D03F3502826F4502922000EEC
:107FD0002A2224506C03F3502826F4502922000E44
:107FE0002A2223506E03F3502926F4502A222450CB
:107FF0006D03F3502926F4502A2225506C03F350C8
:108000002926F4502A226F512302F3502A262450A5
:108010006E03F3502A2625506D03F3502A2626506E
:108020006C03F3502A2627C060F028C061F029C0F5
:1080300062F02AC063F02AD06CC064F06DC065F0B5
:108040006EC066F06FC067F068C012F069C013F0D0
:108050006AC014F06BC015F06CC016F06DC017F05C
:108060006EC018F06FC019F02BEC49F012C06CF024
:1080700013C06DF014C06EF015C06FF064C068F0EE
:1080800065C069F066C06AF067C06BF000016C51B2
:108090006D116E116F11D0E160C012F061C013F06C
:1080A00062C014F063C015F068C016F069C017F024
:1080B0006AC018F06BC019F0BBEC48F012C01FF09A
:1080C00013C020F012008C828B868C9082A482AA2E
:1080D0000AD083BE82A207D082BC83AC04D082A027
:1080E00002D084B4F3D7310EF66EFE0EF76E09009F
:1080F000F5CF1EF00900F5CF1FF00C0E1E10206EFC
:108100001F50216E20C012F021C013F09EEC4AF0E7
:10811000296A0F01536B5185246A256A010E126E7C
:10812000000E92EC46F0244A252A1E0E2418251033
:10813000F5E1000E126E92EC46F0000E126E92EC1B
:1081400046F0000E126E92EC46F0010E126E000E1A
:1081500092EC46F02A6A2B6A236A010E226E45D001
:1081600082A482AA0AD083BE82A207D082BC83AC3A
:1081700004D082B084A401D012002AC012F02BC017
:1081800013F095EC4BF0286E000E126E285092EC16
:1081900046F02850292622501E6E23501F6E224A78
:1081A000232A070E1E1615E1291E292A000E126E1B
:1081B000295092EC46F0296A266A276A010E126E4F
:1081C000000E92EC46F0264A272A030E26182710A6
:1081D000F5E12A4A2B2A840E2A1807E1030E2B18F0
:1081E00004E1030E2B6EE30E2A6E040E2B5CB8E343
:1081F0000F015195536B1200F29ED29CD296D284FD
:10820000FC0ED316700ED312D3A6FED79B8CD2AE23
:10821000FED79268080E0F01386FC00E936EE70EFE
:10822000946EC00E956E040E966E3A6B3B6B3C6B73
:10823000D08E400EF26E9E9CA06AA36A7A6A7D6A16
:108240000C0EC26EC16ABA0EC06EC46AC36AC28026
:108250009D9C200EAF6EAC98AC94B896AB9CAB9640
:10826000AB88AB8EB890B89AB898AC9ABA50870BD6
:108270001009BA6EFC0EBA169D829E929F82BA8435
:10828000A684030E136EFE0E126E95EC4BF00601E3
:10829000FD6FFE6BFF6BE80EFF25126E136A030E77
:1082A000132295EC4BF0FF0A02E10601FE6906017C
:1082B000FF2B020EFF19EFE1F29EFD2906E1FE29D8
:1082C00004E1010E2BEC37F028D084A482A20CD05C
:1082D00083BC82A409D082BA83AE06D082AC82B0BD
:1082E00003D059EC3AF019D082A083BC16D082B2E8
:1082F00083AE13D082B482AA10D0010E82AC000EDD
:1083000084A4000EE8A003D0FC6BFC2B02D0060175
:10831000FC6BFC5102E09DEC34F0DDEC3DF01DEC1B
:1083200043F0F28E1200146E145010E1000E3E2441
:10833000D96EDA6A080EDA2264C4DFFF400E3E24EA
:10834000D96EDA6A080EDA2263C4DFFF010E156EF9
:10835000166A400E3E24D96EDA6A080EDA22DF5021
:10836000151409E0E00E1624D96EDA6A040EDA223A
:10837000010EDF6E0ED0E00E1624D96EDA6A040EFE
:10838000DA22DF6A3C0E1624D96EDA6A040EDA228B
:10839000DF6A000E3E24D96EDA6A080EDA22DF5058
:1083A000151409E0DC0E1624D96EDA6A050EDA22FD
:1083B000010EDF6E07D0DC0E1624D96EDA6A050EC8
:1083C000DA22DF6AD8901536162A060E1618C1E191
:1083D000166A1650020D380EF324D96E050EF420DD
:1083E000DA6E3E50060D2C0E126E0C0E136EF3500C
:1083F0001226F450132216501224E16E000E1320A0
:10840000E26EDFCFE7FF700E1624D96EDA6A050E32
:10841000DA223E50060DAC0E126E0D0E136EF350A6
:108420001226F450132216501224E16E000E13206F
:10843000E26EDFCFE7FF162A060E1618CAE1010E1C
:1084400004018D6F010CB6C512F0B7C513F0B8C5A5
:1084500014F0B9C515F0BAC516F0BBC517F0BCC508
:1084600018F0BDC519F02D0E1A6E7F0E1B6E950EFD
:108470001C6E4C0E1D6E2D0E1E6EF40E1F6E510ED8
:10848000206E580E216E2DEC47F012C060F013C024
:1084900061F014C062F015C063F016C064F017C03C
:1084A00065F018C066F019C067F0010E0001602584
:1084B0000501B66F000E000161210501B76F000EC6
:1084C000000162210501B86F000E00016321050162
:1084D000B96F000E000164210501BA6F000E0001A2
:1084E00065210501BB6F000E000166210501BC6F0F
:1084F000000E000167210501BD6FB6C560F0B7C56C
:1085000061F0B8C562F0B9C563F0BAC564F0BBC527
:1085100065F0BCC566F0BDC567F0320E0AD000013B
:10852000D8906733663365336433633362336133C2
:108530006033E82EF4D760C02AF062C02BF012003E
:10854000176A3E50060D2C0E126E0C0E136EF35071
:108550001226F450132217501224D96E000E132045
:10856000DA6EDF50146E156A14BE15061750020D30
:10857000380EF324D96E050EF420DA6E14C0DEFF37
:1085800015C0DDFF3E50060DAC0E126E0D0E136EC3
:10859000F3501226F450132217501224D96E000EF5
:1085A0001320DA6E700E1724E16EE26A050EE222E5
:1085B000DFCFE7FF172A060E1718C3E1010E166E6C
:1085C000176A400E3E24D96EDA6A080EDA22DF50AE
:1085D000161409E0E00E1724D96EDA6A040EDA22C6
:1085E000010EDF6E07D0E00E1724D96EDA6A040E92
:1085F000DA22DF6A000E3E24D96EDA6A080EDA2229
:10860000DF50161409E0DC0E1724D96EDA6A050E65
:10861000DA22010EDF6E07D0DC0E1724D96EDA6A7B
:10862000050EDA22DF6AD8901636172A060E1718BA
:10863000C8E1010E04017F6F010C246A256A266AD5
:10864000276A216A226A010E1F6E206E8C868B8833
:108650008B868C808C82136A126A9EEC4AF0246AA4
:10866000256A266A276A200E241806E14E0E251870
:108670002610271001E1120024C012F025C013F0CB
:1086800026C014F027C015F0880E166E130E176E54
:10869000186A196A2BEC49F01250131014101510B7
:1086A00004E1010E1F1A216A226A236A20C01BF00E
:1086B000470E1B161EE01F500C0D250E1B6EFE0EE6
:1086C0001C6EF3501B26F4501C222350020DF35055
:1086D0001B26F4501C221BC0F6FF1CC0F7FF09002C
:1086E000F5CF1DF00900F5CF1EF01D5021121E50D0
:1086F0002212D8902036232A060E2318D7E1010E25
:10870000206E21C012F022C013F09EEC4AF0242A01
:10871000000E252226222722A6D7266A276A45C0D0
:1087200016F046C017F047C018F048C019F03CECEE
:108730004BF0E1EC46F0286A28508BEC45F000093C
:1087400054E0266A276A2850060D2C0E246E0C0E63
:10875000256EF3502426F450252226502424D96E69
:1087600027502520DA6EDF50166E28C017F0186AE1
:1087700026500CEC4BF02850060DAC0E246E0D0E5E
:10878000256EF3502426F450252226502424D96E39
:1087900027502520DA6EDF50166E28C017F0186AB1
:1087A0002650D9EC49F0264A272A060E261827100B
:1087B000CAE128C016F0176A400E2824D96EDA6A7A
:1087C000080EDA22DF5053EC4BF028C016F0176A7F
:1087D000030E196E400E186E000E2824D96EDA6A48
:1087E000080EDA22DF5088EC4BF0282A400E2818B9
:1087F000A3E1400E8BEC45F0010C1B6E3F0E1B6499
:1088000001D01B6E1A6A1A50400DF3CF16F0F4CF48
:1088100017F01B50060D2C0E146E0C0E156EF35037
:108820001426F45015221A501424D96E000E152067
:10883000DA6E1B501624126E000E1720136E95EC84
:108840004BF0DF6E1A50400DF3CF14F0F4CF15F05B
:10885000800E1424186E010E1520196E1B50060D83
:10886000AC0E146E0D0E156EF3501426F450152236
:108870001A501424D96E000E1520DA6E1B501824DD
:10888000126E000E1920136E95EC4BF0DF6E1A2A53
:10889000060E1A18B8E1400E1B24D96EDA6A080ECB
:1088A000DA22000E1B24126E136A030E132295ECBB
:1088B0004BF0DF6E000E1B24D96EDA6A080EDA2246
:1088C000400E1B24126E136A030E132295EC4BF01C
:1088D000DF6E12002C6E295057E12D6A2D50020DCB
:1088E000380EF324D96E050EF420DA6E2C50060DE6
:1088F0002C0E2A6E0C0E2B6EF3502A26F4502B22CF
:108900002D502A24E16E000E2B20E26EDFCFE7FF10
:10891000700E2D24D96EDA6A050EDA222C50060D5F
:10892000AC0E2A6E0D0E2B6EF3502A26F4502B221D
:108930002D502A24E16E000E2B20E26EDFCFE7FFE0
:108940002D2A060E2D18CAE1000E3E24D96EDA6AD1
:10895000080EDA22000E2C24E16EE26A080EE222F2
:10896000DFCFE7FF400E3E24D96EDA6A080EDA2226
:10897000400E2C24E16EE26A080EE222DFCFE7FF10
:108980002C508BEC45F004D08DEC43F00401606F6B
:10899000010E0401606F010CFCEC40F004013E6B21
:1089A0003D6B3C6B416B406B3F6B7E6B010E7F6F91
:1089B0000501866B876B886B896B0401816B466B45
:1089C000476B486B496B0701F76BF751040D000EBD
:1089D000F324D96E040EF420DA6EDE6ADE6ADE6AF3
:1089E000DD6A300EF725D96EDA6A040EDA22DF6A04
:1089F000F751040D180EF324D96E040EF420DA6E2C
:108A0000DE6ADE6ADE6ADD6A7C0EF725D96EDA6A16
:108A1000050EDA22DF6AF751020DF350300FD96EDE
:108A2000DA6A4D0EDE6E000EDD6EF72B060EF719BC
:108A3000CCE1F28E2EEC3DF08BEC25F09BEC39F086
:108A400005EC1AF0E0EC08F0EFEC32F0A5EC11F0D8
:108A5000B3EC27F099EC1FF0EDD71B6A19AE0AD0E2
:108A6000191E181E171E166C000E17221822192226
:108A7000010E1B6E15AE0AD0151E141E131E126CAD
:108A8000000E132214221522010E1B1A1C6A1D6AE5
:108A90001E6A1F6A165017101810191029E0010ECF
:108AA0001A6E06D0D89016361736183619361A2A86
:108AB00019AEF8D7D8901C361D361E361F36165004
:108AC000125C17501358185014581950155809E3D0
:108AD0001650125E1750135A1850145A1950155A3E
:108AE0001C80D89019321832173216321A2EE2D75B
:108AF0001B5008E01F1E1E1E1D1E1C6C000E1D229A
:108B00001E221F221CC012F01DC013F01EC014F044
:108B10001FC015F012001B6E010E1C6E1D6A1E6A2E
:108B20001F6A206A216A226A236A3F0E1B640AD0E8
:108B30000601A06BA16BA26BA36BA46BA56BA66BCC
:108B4000A76B000C1B2809D0D8901C361D361E368A
:108B50001F362036213622362336E82EF5D71A6AFC
:108B60001C500601A015126E1D50A115136E1E504B
:108B7000A215146E1F50A315156E2050A415166E65
:108B80002150A515176E2250A615186E2350A71553
:108B9000196E12501310141015101610171018100B
:108BA000191002E0010E1A6E1C50A0131D50A113E3
:108BB0001E50A2131F50A3132050A4132150A5131D
:108BC0002250A6132350A7131A501200040E226E2F
:108BD0001BAE20D01A5004081A6E1B50D8A0E82AE9
:108BE00000081B6E1E6A1F6A1AB00DD01AC012F060
:108BF0001BC013F0156A020E146E7FEC48F012C011
:108C00001AF013C01BF01E4A1F2A020E1E181F1056
:108C100032E0EAD7216A010E206E040E1A26000EF9
:108C20001B2203D0D890203621361AC012F01BC068
:108C300013F0D8902034146E2134156E60EC4AF095
:108C4000125013100BE11A501B1008E022501C6E3A
:108C50001D6A1C50205C1D502158E4E322C012F014
:108C6000136A20C014F021C015F0B4EC49F012C012
:108C70001AF013C01BF01AC01AF01BC01BF0120030
:108C80001B6A15AE0AD0151E141E131E126C000EA0
:108C9000132214221522010E1B6E19AE08D0191EC4
:108CA000181E171E166C000E1722182219221650B5
:108CB00017101810191023E0010E1A6E06D0D89064
:108CC00016361736183619361A2A19AEF8D716502E
:108CD000125C17501358185014581950155808E3BF
:108CE0001650125E1750135A1850145A1950155A2C
:108CF000D89019321832173216321A2EE8D71B5074
:108D000008E0151E141E131E126C000E13221422EE
:108D1000152212C012F013C013F014C014F015C0C5
:108D200015F01200156E190EF66EFE0EF76E0900A4
:108D3000F5CF16F00900F5CF17F00900F5CF18F0C0
:108D40000A00F5CF19F0125016E01D6A10D07EA06F
:108D50000ED01D2A7E901D500AE01DB008D0010ED5
:108D600004015F1B5FA102D08A8A01D08A9A030E98
:108D70001D64EDD7030C800E1C6E20D01C50151402
:108D800005E018C01AF019C01BF004D016C01AF084
:108D900017C01BF00F015351136E146A1A50135C65
:108DA0001B5014580BE3536B010E04015F1B5FA1B2
:108DB00002D08A8A01D08A9AD8901C321C50DEE1F7
:108DC0001200176A166A030E196E800E186E0401DF
:108DD000955188EC4BF0176A166A030E196E810ED6
:108DE000186EF60E0401501905E1040E511902E146
:108DF000010E01D0000E88EC4BF0176A166A030EC4
:108E0000196E820E186E405088EC4BF0176A166A85
:108E1000030E196E830E186E0401F35188EC4BF0AB
:108E2000176A166A030E196EF50E186E0401935137
:108E300088EC4BF0176A166A030E196EB00E186EA6
:108E40000401F15188EC4BF0176A166A030E196E93
:108E5000FD0E186E3E5088EF4BF0226A236A246A9A
:108E6000256A266A276A286A296A12A010D01A5031
:108E700022261B5023221C5024221D5025221E5026
:108E800026221F5027222050282221502922D89004
:108E90001A361B361C361D361E361F362036213636
:108EA000D890193218321732163215321432133262
:108EB000123212501310141015101610171018102B
:108EC0001910D3E122C012F023C013F024C014F013
:108ED00025C015F026C016F027C017F028C018F0DE
:108EE00029C019F01200266A276A3E50060D2C0E82
:108EF000246E0C0E256EF3502426F45025222650A5
:108F00002424D96E27502520DA6EDF6A3E50060DE4
:108F1000AC0E246E0D0E256EF3502426F45025223F
:108F200026502424D96E27502520DA6EDF6ACC0E15
:108F30002624D96E060E2720DA6E010EDF6E264A31
:108F4000272A060E26182710D0E1400E3E24D96E9F
:108F5000DA6A080EDA22DF68000E3E24D96EDA6A79
:108F6000080EDA22DF6A3E508BEC45F0A0EF42F0AB
:108F70001E6E3F0E1E6401D03F0C1F6A1F50020D73
:108F8000380EF324D96E050EF420DA6EDF50166E1B
:108F90001EC017F0186A1F500CEC4BF0700E1F2407
:108FA000D96EDA6A050EDA22DF50166E1EC017F08F
:108FB000186A1F50D9EC49F01F2A060E1F18DEE16F
:108FC0001EC016F0176A400E3E24D96EDA6A080EEB
:108FD000DA22DF5053EC4BF01EC016F0176A030E76
:108FE000196E400E186E000E3E24D96EDA6A080E15
:108FF000DA22DF5088EF4BF020502402F3CF28F024
:10900000F4CF29F02A6A2B6A20502502F350292632
:10901000F4502A22000E2B2221502402F35029263C
:10902000F4502A22000E2B2220502602F3502A262A
:10903000F4502B2221502502F3502A26F4502B22E3
:1090400022502402F3502A26F4502B2227502002CB
:10905000F3502B2621502602F3502B2622502502B6
:10906000F3502B2623502402F3502B2628C020F047
:1090700029C021F02AC022F02BC023F01200146E68
:10908000030E1460030C156A166AD8901534D96E55
:109090001634DA6E380ED926050EDA223E50060D49
:1090A0002C0E126E0C0E136EF3501226F450132277
:1090B00015501224E16E16501320E26EDFCFE7FF49
:1090C000700E1524D96E050E1620DA6E3E50060D70
:1090D000AC0E126E0D0E136EF3501226F4501322C6
:1090E00015501224E16E16501320E26EDFCFE7FF19
:1090F000154A162A060E15181610C7E11200176A2F
:1091000015AE06D0146C151ED8B0152A010E176EB8
:1091100013AE06D0126C131ED8B0132A010E171A04
:10912000186A196A145015101BE0010E166E04D04F
:10913000D89014361536162A15AEFAD7D8901836A8
:1091400019361450125C1550135805E31450125E72
:109150001550135A1880D89015321432162EEED7A7
:10916000175004E0186C191ED8B0192A18C012F054
:1091700019C013F012001B6A1C6A1D6A1E6A165081
:1091800017101810191029E0010E1A6E06D0D89089
:1091900016361736183619361A2A19AEF8D7D89057
:1091A0001B361C361D361E361650125C17501358CF
:1091B000185014581950155809E31650125E1750DC
:1091C000135A1850145A1950155A1B80D890193236
:1091D0001832173216321A2EE2D71BC012F01CC0FA
:1091E00013F01DC014F01EC015F012000001696BD1
:1091F0002DAE06D02C6C2D1ED8B02D2A010E696F15
:109200002FAE04D02E6C2F1ED8B02F2A2E502F1028
:1092100017E0010E686F04D0D8902E362F36682BD9
:109220002FAEFAD72E502C5C2F502D5804E32E5021
:109230002C5E2F502D5AD8902F322E32682FF2D715
:10924000695104E02C6C2D1ED8B02D2A2CC02CF0B6
:109250002DC02DF01200165017101810191023E011
:10926000010E1A6E06D0D8901636173618361936F3
:109270001A2A19AEF8D71650125C17501358185006
:1092800014581950155808E31650125E1750135A07
:109290001850145A1950155AD890193218321732DA
:1092A00016321A2EE8D712C012F013C013F014C0F1
:1092B00014F015C015F01200401F0000401F000000
:1092C000401F0000401F0000401F0000401F000022
:1092D000401F0000401F0000401F0000401F000012
:1092E000401F0000401F0000401F0000401F000002
:1092F000401F0000401F0000401F0000401F0000F2
:10930000010101010101FF0066C063FFFF01FFFFD2
:10931000013F010409010100F3C516F0F4C517F07F
:109320000ED0C282A32B17D0C2B215D0FBD7C45027
:10933000146EC350166E14C017F0A36B0CD0050149
:10934000A351146E156A155006E11450EAE0010AA3
:10935000EBE0030AECE016C0F3F517C0F4F516C015
:1093600012F017C013F01200176A186A1450151083
:109370001BE0010E166E04D0D89014361536162A4E
:1093800015AEFAD7D890173618361450125C15500F
:10939000135805E31450125E1550135A1780D890D5
:1093A00015321432162EEED717C012F018C013F073
:1093B00012001D6E060E1D60060C18501EE1410EB7
:1093C000175CD8B01200800E196E010E1A6E1D5077
:1093D000400DF3CF1BF0F4CF1CF019501B261A5090
:1093E0001C221B5017261C50182217C012F018C040
:1093F00013F016C014F0BBEC4AF012002C6A010EF8
:109400002B6E2D6A2BC01FF02CC020F02D50020DAA
:10941000780EF324D96E060EF420DA6EDECF21F03A
:10942000DDCF22F0C7EC3FF01FC02BF020C02CF0A6
:109430002D2A060E2D18E6E12BC070F02CC071F01D
:109440001200400D030020BF0200D0FB0100803855
:10945000010070110100409C0000E02E0000102768
:109460000000342100007017000088130000AC0DCC
:109470000000C4090000D6060000E8030000FA005E
:109480000000401F0000401F0000401F0000401F60
:109490000000401F0000401F0000FF00000000000F
:1094A00001010101010101010101010101000000AF
:1094B000000000022D0000FFFFFFFF010064FF011C
:1094C0001450151017E0010E166E04D0D890143603
:1094D0001536162A15AEFAD71450125C15501358CB
:1094E00004E31450125E1550135AD89015321432FA
:1094F000162EF2D712C012F013C013F01200035050
:10950000041017E0010E056E04D0D890033604361F
:10951000052A04AEFAD70350015C0450025804E354
:109520000350015E0450025AD89004320332052ED3
:10953000F2D701C001F002C002F01200176A010E5A
:10954000166E186A196A16501214146E17501314F6
:10955000156E141003E0A1EC4BF002D0ABEC4BF015
:10956000D89016361736184A192A100E18181910DE
:10957000EAE1CFEF4BF0000EF2BE010E156E135074
:10958000030BAA6E12C0A9FF14C0A8FFA69EA69C3A
:10959000A684F29E550EA76EAA0EA76EA682A6B24C
:1095A000FED7A69415B002D0F29E01D0F28E120022
:1095B000136A126812D013C012F082A0138084A420
:1095C000138282A4138482AA138683AE138882A294
:1095D000138A82AC138C83AC138E12501318EBE1F8
:1095E00013501200136E156A125014E0010E146E1F
:1095F00003D0D8901236142A12AEFBD7D890153665
:109600001250135C03E31250135E1580D89012328F
:10961000142EF4D715501200196E060E1960060CA0
:10962000185012E1400E175CD8B012001950400DCE
:10963000F3501726F450182217C012F018C013F078
:1096400016C014F0BBEC4AF01200246A256A2450BC
:109650008BEC45F0000903E02450FDEC43F0244A74
:10966000252A400E24182510F2E1400E8BEC45F01F
:10967000A0EC42F0DDEF3DF01A6AF60E1A24126EED
:10968000136A030E132216C014F0BBEC4AF01750F5
:10969000166E1850176E1950186E196A1A2A030E92
:1096A0001A18EBE11200186E175010E1400E165C0C
:1096B000D8B012003F0E1816030E172616C012F06F
:1096C00017C013F018C014F0BBEC4AF01200136E70
:1096D000080E146E156AD89013341534156ED89090
:1096E00013361250155C02E31250155E142EF3D798
:1096F000155012009551100DF3CF1CF01D6A1C502F
:109700001D24FDEC43F01D2A100E1D18F8E1120077
:109710001A6E185016261950172216C012F017C0CC
:1097200013F01AC014F0BBEF4AF01350030BAA6EEB
:1097300012C0A9FFA69CA69EA68000F000F0A8502B
:1097400012008C8A00D000F08C8400D000F08C9441
:1097500000D000F012008C9A00D000F08C8400D071
:1097600000F08C9400D000F012001C6A1C50FDEC3C
:1097700043F01C2A3F0E1C64F9D7A0EF42F003040B
:10978000050201000102050403000A0A0A0A0A0A86
:10979000C450146EC350126E14C013F012008C88A3
:1097A00000D000F08C9800D000F01200FFFF000005
:1097B000FFFF0000FFFF0000010A0A0A0A0A0A016F
:1097C0000101010101010101010101010100C2B218
:1097D000010C000CC2821200FF00FF00FF00FF001E
:10FD4000FF00FF00FF00FF00FF00FF0000000000B9
:10FD500000000000000000000000000000000000A3
:10FD60000000000000000000000000000000000093
:10FD70000000000000000000000000000000000083
:10FD80000000000000000000000000000000000073
:10FD90000000000000000000000000000000000063
:10FDA0000000010203040500000000000000000044
:10FDB00000000000FCF4E4C484FCF8F0E8D8D000B3
:10FDC000FCF8F4F0ECFCF4ECE4DCD4F8F0E8E0D877
:10FDD000D0FCF8F0E4D0B000040C1C3C7C0408100B
:10FDE0001828300004080C1014040C141C242C08CF
:10FDF00010182028300408101C305004080CFCF89F
:10FE0000F4FEFEFEFEFEFEFCFBFAF9F8F70400200D
:10FE1000000080020040000040AF00500040008021
:10FE20000004000800200000200080020000020002
:10FE300008100000100040010000010004600000F4
:020000040020DA
:08000000FFFFFFFFFFFFFFFF00
:020000040030CA
:0E000000FF32193CFFB581FF00800F800F40DA
:00000001FF
